<xml><article id="703934" name="C 2633 Redistribuição de JOSÉ EL" idOficio="4526154" pubName="DO2" artType="Portaria" pubDate="11/12/2017" artClass="00017:00001:00000:00000:00000:00000:00000:00000:00000:00000:00000:00002" artSection="Ministério da Saúde" artCategory="Gabinete do Ministro" artSize="8" artNotes="" numberPage="193" pdfPage="http://pesquisa.in.gov.br/imprensa/jsp/visualiza/index.jsp?data=11/12/2017&amp;jornal=529&amp;pagina=193" editionNumber="236">
  <body>
    <Identifica><![CDATA[PORTARIA Nº 2.633, DE 4 DE OUTUBRO DE 2017]]></Identifica>
    <Data><![CDATA[]]></Data>
    <Ementa />
    <Titulo />
    <SubTitulo />
    <Texto><![CDATA[<p> O MINISTRO DE ESTADO DA SAÚDE, de conformidade com a delegação de competência outorgada pela Portaria/MP nº 57, de 14 de abril de 2000, publicada no Diário Oficial nº 74, de 17 de abril de 2000 e considerando o disposto no artigo 37, da Lei nº 8.112, de 11 de dezembro de 1990, com redação dada pela Lei nº 9.527, de 10 de dezembro de 1997, resolve redistribuir:</p><p>Servidor: JOSÉ ELIESER ALVES</p><p>Matrícula no SIAPE: 6471021</p><p>Cargo: Vigilante, Classe "S", Padrão III</p><p>Código da vaga: 369746</p><p>Da: Fundação Nacional de Saúde</p><p>Para: Ministério da Saúde</p><p>Contrapartida</p><p>Servidor: cargo vago</p><p>Cargo: Agente Administrativo</p><p>Código da vaga: 0106396</p><p>Do: Ministério da Saúde</p><p>Para: Ministério do Planejamento, Desenvolvimento e Gestão</p><p>Processo nº 25170.000767/2017-64</p>]]></Texto>
    <Autores>
      <assina>RICARDO BARROS</assina>
    </Autores>
  </body>
</article></xml>