<xml><article id="697250" name="trt9a233-2017 CODAF 278" idOficio="4561423" pubName="DO2" artType="Portaria" pubDate="11/12/2017" artClass="00037:00048:00001:00001:00017:00000:00000:00000:00000:00000:00025:00001" artSection="Poder Judiciário" artCategory="Tribunal Regional do Trabalho da 9ª Região" artSize="8" artNotes="" numberPage="216" pdfPage="http://pesquisa.in.gov.br/imprensa/jsp/visualiza/index.jsp?data=11/12/2017&amp;jornal=529&amp;pagina=216" editionNumber="236">
  <body>
    <Identifica><![CDATA[PORTARIA Nº 278, DE 8 DE NOVEMBRO DE 2017]]></Identifica>
    <Data><![CDATA[]]></Data>
    <Ementa />
    <Titulo />
    <SubTitulo />
    <Texto><![CDATA[<p>O COORDENADOR DE DADOS FUNCIONAIS DO TRIBUNAL REGIONAL DO TRABALHO DA 9ª REGIÃO, usando de suas atribuições legais, e diante do disposto nos DES ADG 2661/2016 e DES GABSGP 1175/2016, resolve: </p><p>I - Designar RUBIA LIA ARABORI OGATA, Analista Judiciária Área Judiciária, classe C, padrão 12, para EXERCER o Cargo em Comissão de Assessor (c-9396), código TRT 9ª CJ-3, do Gabinete de Desembargador 22, a partir da data da publicação (Documento Eletrônico nº 5/2017); II - dispensar CRISTINA SAYURI YAMADA, Analista Judiciária Área Judiciária, classe C, padrão 13, do Cargo em Comissão de Assessor (c-9396), código TRT 9ª CJ-3, do Gabinete de Desembargador 22, a partir da data de publicação (Documento Eletrônico nº 5/2017).</p>]]></Texto>
    <Autores>
      <assina>FERNANDO CESAR BELINCANTA</assina>
    </Autores>
  </body>
</article></xml>