<xml><article id="642674" name="trt9a230-2017 CODAF 273" idOficio="4557847" pubName="DO2" artType="Portaria" pubDate="01/12/2017" artClass="00037:00048:00001:00001:00017:00000:00000:00000:00000:00000:00025:00000" artSection="Poder Judiciário" artCategory="Tribunal Regional do Trabalho da 9ª Região" artSize="8" artNotes="" numberPage="77" pdfPage="http://pesquisa.in.gov.br/imprensa/jsp/visualiza/index.jsp?data=01/12/2017&amp;jornal=529&amp;pagina=77" editionNumber="230">
  <body>
    <Identifica><![CDATA[PORTARIA Nº 273, DE 31 DE OUTUBRO DE 2017]]></Identifica>
    <Data><![CDATA[]]></Data>
    <Ementa />
    <Titulo />
    <SubTitulo />
    <Texto><![CDATA[<p>O COORDENADOR DE DADOS FUNCIONAIS DO TRIBUNAL REGIONAL DO TRABALHO DA 9ª REGIÃO, usando de suas atribuições legais, e diante do disposto nos DES ADG 2661/2016 e DES GABSGP 1175/2016, resolve:</p><p> I - designar TANIA ORTIZ DE OLIVEIRA, Técnica Judiciária Área Administrativa, classe C, padrão 13, para EXERCER o Cargo em Comissão de Assistente de Diretor de Secretaria (c-9528), código TRT 9ª CJ-1, da Direção de Fórum Trabalhista de Maringá, a partir da data da publicação, dispensando-a da Função Comissionada de Assistente V de Diretor de Secretaria (c-9533), código TRT 9ª FC-5, desta unidade, a partir da mesma data (Memorando nº 2/2017).</p><p> </p>]]></Texto>
    <Autores>
      <assina>FERNANDO CESAR BELINCANTA</assina>
    </Autores>
  </body>
</article></xml>