<xml><article id="642680" name="119.640-17 CLAUDIA FOFFANO DE SO" idOficio="4559717" pubName="DO2" artType="Ato" pubDate="01/12/2017" artClass="00037:00032:00001:00000:00000:00000:00000:00000:00000:00000:00001:0002" artSection="Poder Judiciário" artCategory="Tribunal Regional Eleitoral do Rio de Janeiro" artSize="8" artNotes="" numberPage="74" pdfPage="http://pesquisa.in.gov.br/imprensa/jsp/visualiza/index.jsp?data=01/12/2017&amp;jornal=529&amp;pagina=74" editionNumber="230">
  <body>
    <Identifica><![CDATA[ATO nº 552, de 6 de novembro de 2017]]></Identifica>
    <Data><![CDATA[]]></Data>
    <Ementa />
    <Titulo />
    <SubTitulo />
    <Texto><![CDATA[<p> A PRESIDENTE DO TRIBUNAL REGIONAL ELEITORAL DO RIO DE JANEIRO, no uso de suas atribuições legais e regimentais, considerando o que consta do protocolo nº 119.640/2017, resolve:</p><p>Art. 1º. Ceder a servidora CLAUDIA FOFFANO DE SOUZA, Analista Judiciário, Área Administrativa, Classe C, Padrão 13, do Quadro de Pessoal desta Corte, ao Tribunal Regional Federal da 2ª Região, para exercer Função Comissionada, nos termos do art. 93, inciso I, da Lei nº 8.112/90, ficando, consequentemente, exonerada do Cargo em Comissão de Chefe de Gabinete, Nível CJ-3, do Gabinete da Presidência do Tribunal Regional Eleitoral do Rio de Janeiro, ambos a contar de 01/12/2017.</p><p>Art. 2º Este ato entrará em vigor na data de sua publicação.</p>]]></Texto>
    <Autores>
      <assina>Desa. JACQUELINE LIMA MONTENEGRO</assina>
    </Autores>
  </body>
</article></xml>