<xml><article id="642695" name="PORTARIA DE APOSENTADORIA nº 70-" idOficio="4566143" pubName="DO2" artType="Portaria" pubDate="01/12/2017" artClass="00017:00026:00014:00011:00000:00000:00000:00000:00000:00000:00025:00001" artSection="Ministério da Saúde" artCategory="Secretaria de Atenção à Saúde" artSize="8" artNotes="" numberPage="46" pdfPage="http://pesquisa.in.gov.br/imprensa/jsp/visualiza/index.jsp?data=01/12/2017&amp;jornal=529&amp;pagina=46" editionNumber="230">
  <body>
    <Identifica><![CDATA[PORTARIA n 70, DE 9 DE NOVEMBRO DE 2017]]></Identifica>
    <Data><![CDATA[]]></Data>
    <Ementa />
    <Titulo />
    <SubTitulo />
    <Texto><![CDATA[<p>     </p><p> A Diretora Geral do Hospital Federal do Andaraí em conformidade com os termos da PT/MS nº 2.081 de 21.10.2016, publicada no Diário Oficial da União (DOU) nº 204 de 24.10.2016 e no uso de suas atribuições legais, na forma da PT/CGRH/SAA/SE/MS/ nº 1041, de 30.10.2009, publicada no DOU nº 209, de 03.11.2009, resolve: </p><p>Conceder Aposentadoria voluntária integral a servidora REGINA CELIA DE JESUS SILVA, matrícula SIAPE 0654296, ocupante do cargo de Auxiliar de Enfermagem, Intermediário, Classe S, Padrão III, do Quadro de Pessoal deste Ministério, lotada no Hospital Federal do Andaraí, com fundamento no artigo 3º da Emenda Constitucional nº 47/2005, com proventos correspondentes ao cargo efetivo, acrescido de 12% (doze  por cento) de Adicional por Tempo de Serviço e a Gratificação de Desempenho da Carreira da Previdência da Saúde e do Trabalho (GDPST) conforme Lei nº 11.784/2008. (Processo nº 33367.468536/2017-85).</p><p>Esta Portaria entra em vigor na data de sua publicação.</p><p>           </p><p>              </p>]]></Texto>
    <Autores>
      <assina>MARIA LUCIA FEITOSA G.DA SILVEIRA</assina>
    </Autores>
  </body>
</article></xml>