<xml><article id="773141" name="Portaria 311-2017" idOficio="4562875" pubName="DO2" artType="Portaria" pubDate="19/12/2017" artClass="00037:00036:00001:00000:00000:00000:00000:00000:00000:00000:00025:00001" artSection="Presidência" artCategory="Presidência" artSize="8" artNotes="" numberPage="65" pdfPage="http://pesquisa.in.gov.br/imprensa/jsp/visualiza/index.jsp?data=19/12/2017&amp;jornal=529&amp;pagina=65" editionNumber="242">
  <body>
    <Identifica><![CDATA[PORTARIA Nº 311, DE 27 DE OUTUBRO DE 2017]]></Identifica>
    <Data><![CDATA[]]></Data>
    <Ementa />
    <Titulo />
    <SubTitulo />
    <Texto><![CDATA[<p>O PRESIDENTE DO TRIBUNAL REGIONAL ELEITORAL DE SÃO PAULO, no uso das atribuições regimentais e considerando o que consta do PAD nº 9.379/2017, resolve:</p><p>Art. 1º Conceder aposentadoria voluntária, com proventos integrais, à servidora Eva Cristina Euzebio, ocupante do cargo efetivo de Técnico Judiciário, Área Administrativa, Classe C, Padrão 13, nos termos do artigo 3º da Emenda Constitucional n. 47, de 5 de julho de 2005.</p><p>Art. 2º Esta portaria entrará em vigor na data de sua publicação no Diário Oficial da União.</p>]]></Texto>
    <Autores>
      <assina>MÁRIO DEVIENNE FERRAZ</assina>
    </Autores>
  </body>
</article></xml>