<xml><article id="642683" name="trt9a236-2017 CODAF 280" idOficio="4564777" pubName="DO2" artType="Portaria" pubDate="01/12/2017" artClass="00037:00048:00001:00001:00017:00000:00000:00000:00000:00000:00025:00000" artSection="Poder Judiciário" artCategory="Tribunal Regional do Trabalho da 9ª Região" artSize="8" artNotes="" numberPage="26-78" pdfPage="http://pesquisa.in.gov.br/imprensa/jsp/visualiza/index.jsp?data=01/12/2017&amp;jornal=529&amp;pagina=26,http://pesquisa.in.gov.br/imprensa/jsp/visualiza/index.jsp?data=01/12/2017&amp;jornal=529&amp;pagina=78" editionNumber="230">
  <body>
    <Identifica><![CDATA[PORTARIA Nº 280, DE 9 DE NOVEMBRO DE 2017]]></Identifica>
    <Data><![CDATA[]]></Data>
    <Ementa />
    <Titulo />
    <SubTitulo />
    <Texto><![CDATA[<p>O COORDENADOR DE DADOS FUNCIONAIS DO TRIBUNAL REGIONAL DO TRABALHO DA 9ª REGIÃO, usando de suas atribuições legais, e diante do disposto nos DES ADG 2661/2016 e DES GABSGP 1175/2016, resolve:</p><p> I - designar JOÃO PAULO MALINOWSKI TIZOTI, Analista Judiciário Área Administrativa, classe B, padrão 7, para EXERCER o Cargo em Comissão de Assessor (c-9271), código TRT 9ª CJ-3, do Gabinete de Desembargador 10, a partir da data da publicação, dispensando-o do Cargo em Comissão de Secretário (c-7367), código TRT 9ª CJ-4, da Secretaria Geral Judiciária, a partir da mesma data (Documento Eletrônico nº 2/2017); II - designar WALLACE WOLSKI VERFE, Técnico Judiciário Área Administrativa, classe B, padrão 7, para EXERCER a Função Comissionada de Assistente de Gabinete de Desembargador do Trabalho (c-9265), código TRT 9ª FC-5, do Gabinete de Desembargador 10, a partir da data da publicação, dispensando-o do Cargo em Comissão de Coordenador Jurídico-Operacional (c-9679), código TRT 9ª CJ-2, da Secretaria Geral Judiciária, a partir da mesma data (Documento Eletrônico nº 1/2017).</p><p> </p>]]></Texto>
    <Autores>
      <assina>FERNANDO CESAR BELINCANTA</assina>
    </Autores>
  </body>
</article></xml>