<xml><article id="642698" name="trt9a238-2017 CODAF 281" idOficio="4568959" pubName="DO2" artType="Portaria" pubDate="01/12/2017" artClass="00037:00048:00001:00001:00017:00000:00000:00000:00000:00000:00025:00000" artSection="Poder Judiciário" artCategory="Tribunal Regional do Trabalho da 9ª Região" artSize="8" artNotes="" numberPage="78" pdfPage="http://pesquisa.in.gov.br/imprensa/jsp/visualiza/index.jsp?data=01/12/2017&amp;jornal=529&amp;pagina=78" editionNumber="230">
  <body>
    <Identifica><![CDATA[PORTARIA Nº 281, DE 14 DE NOVEMBRO DE 2017]]></Identifica>
    <Data><![CDATA[]]></Data>
    <Ementa />
    <Titulo />
    <SubTitulo />
    <Texto><![CDATA[<p>O COORDENADOR DE DADOS FUNCIONAIS DO TRIBUNAL REGIONAL DO TRABALHO DA 9ª REGIÃO, usando de suas atribuições legais, e diante do disposto nos DES ADG 2661/2016 e DES GABSGP 1175/2016, resolve:</p><p> I - designar TANIA REGINA HOFFMANN DA SILVA, Técnica Judiciária Área Administrativa, classe C, padrão 13, para EXERCER o Cargo em Comissão de Assessor (c-8555), código TRT 9ª CJ-3, da Assessoria da Escola Judicial, a partir da data da publicação, dispensando-a do Cargo em Comissão de Coordenador (c-9817), código TRT 9ª CJ-2, da Coordenadoria de Conciliação e de Apoio Permanente À Execução de Curitiba, a partir da mesma data (Memorando nº 39/2017); II - designar ROSA MARIA ALVES CHICHORRO, Técnica Judiciária Área Administrativa, classe C, padrão 13, para EXERCER o Cargo em Comissão de Coordenador (c-9113), código TRT 9ª CJ-2, da Coordenadoria de Apoio Pedagógico, a partir da data da publicação, dispensando-a do Cargo em Comissão de Assessor (c-8555), código TRT 9ª CJ-3, da Assessoria da Escola Judicial, a partir da mesma data (Memorando nº 2/2017); III - designar MARCEL FRANCELINO DA SILVA, Analista Judiciário Área Administrativa, classe C, padrão 13, para EXERCER a Função Comissionada de Chefe de Seção (c-8552), código TRT 9ª FC-5, da Seção de Gestão Orçamentária e Financeira, a partir da data da publicação, dispensando-o do Cargo em Comissão de Coordenador (c-9113), código TRT 9ª CJ-2, da Coordenadoria de Apoio Pedagógico, a partir da mesma data (Memorando nº 2/2017); IV - dispensar JOSÉ FERNANDO VARGAS, Servidor(a) do(a) Tribunal Regional do Trabalho da 23ª Região, da Função Comissionada de Chefe de Seção (c-8552), código TRT 9ª FC-5, da Seção de Gestão Orçamentária e Financeira, a partir da data de publicação (Memorando nº 2/2017).</p><p> </p>]]></Texto>
    <Autores>
      <assina>FERNANDO CESAR BELINCANTA</assina>
    </Autores>
  </body>
</article></xml>