<xml><article id="655548" name="PORT 1967 A 1980" idOficio="4569841" pubName="DO2" artType="Portaria" pubDate="04/12/2017" artClass="00017:00002:00001:00000:00000:00000:00000:00000:00000:00000:00025:00001" artSection="Ministério da Saúde" artCategory="Secretaria Executiva" artSize="12" artNotes="Liberada pela SAJ/Casa Civil" numberPage="4-5-40" pdfPage="http://pesquisa.in.gov.br/imprensa/jsp/visualiza/index.jsp?data=04/12/2017&amp;jornal=529&amp;pagina=4,http://pesquisa.in.gov.br/imprensa/jsp/visualiza/index.jsp?data=04/12/2017&amp;jornal=529&amp;pagina=5,http://pesquisa.in.gov.br/imprensa/jsp/visualiza/index.jsp?data=04/12/2017&amp;jornal=529&amp;pagina=40" editionNumber="231">
  <body>
    <Identifica><![CDATA[PORTARIAS DE 14 DE NOVEMBRO DE 2017]]></Identifica>
    <Data><![CDATA[]]></Data>
    <Ementa />
    <Titulo />
    <SubTitulo><![CDATA[ANEXO]]></SubTitulo>
    <Texto><![CDATA[<p> O Subsecretário de Assuntos Administrativos do Ministério da Saúde, considerando o disposto no inciso II do artigo 93 da Lei 8.112 de 12 de dezembro de 1990, no inciso XI do artigo 7º da Lei n.º 8.080 de 19 de setembro de 1990, artigo 20 da Lei n.º 8.270 de 17 de dezembro de 1991, artigo 11 da Lei n.º 9.527 de 10 de dezembro de 1997 e na Portaria GM/MS n.º. 243 de 10 de março de 2015, e no uso da competência que lhe foi subdelegada pela Portaria SE/MS n.º 553, de 5 de maio de 2011, publicada no Diário Oficial da União de 6 de maio de 2011, resolve:       </p><p>Nº 1.967 - Artigo 1º - Colocar à disposição da Secretaria de Municipal de Saúde de Santa Bárbara d''Oeste, no Estado de São Paulo, com ônus para a origem, a servidora do Quadro de Pessoal deste Ministério, constante do anexo, em conformidade com o Convênio SUS n.º 866/2017, com o Extrato publicado no Diário Oficial da União - DOU n.º 116, de 19 de junho de 2008 com Termo Aditivo n.º 1/2013, publicado no DOU n.º 120, de 25 de junho de 2013, firmado entre o Ministério da Saúde e a Prefeitura Municipal de Santa Bárbara d''Oeste, no Estado de São Paulo, representada por sua Secretaria Municipal de Saúde.     </p><p>Artigo 2º - Cumpre à Coordenação de Gestão do Núcleo Estadual do Ministério da Saúde em São Paulo e à Secretaria de Municipal de Saúde de Santa Bárbara d''Oeste, no Estado de São Paulo, a observância dos procedimentos de Gestão de Pessoal cedido para o Sistema Único de Saúde, (SUS), aprovados pela Portaria GM/MS n.º 243/2015, de 10 de março de 2015, publicada no Diário Oficial da União nº 47, de 11 de março de 2015.</p><p>Artigo 3º - Esta Portaria entra em vigor na data de sua publicação. (Proc. SEI nº. 25004.400687/2017-27).</p><p> </p><table><tr /><tr><td><p>SIAPE</p></td><td><p>NOME</p></td><td><p>CARGO</p></td></tr><tr><td><p>0560438</p></td><td><p>Lisette Maria Carvalho e Silva</p></td><td><p>Enfermeiro</p></td></tr></table><p>O Subsecretário de Assuntos Administrativos do Ministério da Saúde, considerando o disposto no inciso II do artigo 93 da Lei 8.112 de 12 de dezembro de 1990, no inciso XI do artigo 7º da Lei n.º 8.080 de 19 de setembro de 1990, artigo 20 da Lei n.º 8.270 de 17 de dezembro de 1991, artigo 11 da Lei n.º 9.527 de 10 de dezembro de 1997 e na Portaria GM/MS n.º. 243 de 10 de março de 2015, e no uso da competência que lhe foi subdelegada pela Portaria SE/MS n.º 553, de 5 de maio de 2011, publicada no Diário Oficial da União de 6 de maio de 2011, resolve:</p><p>Nº 1.968 - Artigo 1º - Colocar à disposição da Secretaria Municipal de Saúde de Barreirinha, no Estado do Amazonas, com ônus para a origem, a servidora do Quadro de Pessoal deste Ministério, constante do anexo, em conformidade com o Convênio SUS nº 1374/2017, cujo Extrato foi publicado no Diário Oficial da União, nº 216, de 10 de novembro de 2017, firmado entre o Ministério da Saúde e a Prefeitura Municipal de Barreirinha, no Estado do Amazonas, representada por sua Secretaria Municipal de Saúde  .</p><p>Artigo 2º - Cumpre à Divisão de Gestão do Núcleo Estadual do Ministério da Saúde no Amazonas e à Secretaria Municipal de Saúde de Barreirinha, no Estado do Amazonas, a observância dos procedimentos de Gestão de Pessoal cedido para o Sistema Único de Saúde, (SUS), aprovados pela Portaria GM/MS n.º 243/2015, de 10 de março de 2015, publicada no Diário Oficial da União nº 47, de 11 de março de 2015.</p><p>Artigo 3º - Esta Portaria entra em vigor na data de sua publicação. (Proc. nº. 25009.400244/2017-96).</p><p> </p><table><tr /><tr><td><p>SIAPE</p></td><td><p>NOME</p></td><td><p>CARGO</p></td></tr><tr><td><p>0531366</p></td><td><p>Maria Cremilda Rodrigues dos Santos</p></td><td><p>Auxiliar de Enfermagem</p></td></tr></table><p>O Subsecretário de Assuntos Administrativos do Ministério da Saúde, considerando o disposto no inciso II do artigo 93 da Lei 8.112 de 12 de dezembro de 1990, no inciso XI do artigo 7º da Lei n.º 8.080 de 19 de setembro de 1990, artigo 20 da Lei n.º 8.270 de 17 de dezembro de 1991, artigo 11 da Lei n.º 9.527 de 10 de dezembro de 1997 e na Portaria GM/MS n.º. 243 de 10 de março de 2015, e no uso da competência que lhe foi subdelegada pela Portaria SE/MS nº 553, de 5 de maio de 2011, publicada no Diário Oficial da União de 6 de maio de 2011, resolve:</p><p>Nº 1.969 - Artigo 1º - Colocar à disposição da Secretaria Municipal de Saúde de Rolim de Moura, no Estado de Rondônia, com ônus para a origem, os servidores do Quadro de Pessoal deste Ministério, constante do anexo, em conformidade com o Convênio SUS n.º 838/2016, cujo Extrato foi publicado no Diário Oficial da União - DOU n.º 222, de 21 de novembro de 2016, firmado entre o Ministério da Saúde e a Prefeitura Municipal de Rolim de Moura, no Estado de Rondônia, representado por sua Secretaria Municipal de Saúde.</p><p>Artigo 2º - Cumpre à Divisão de Gestão do Núcleo Estadual do Ministério da Saúde em Rondônia e à Secretaria Municipal de Saúde de Rolim de Moura, no Estado de Rondônia, a observância dos procedimentos de Gestão de Pessoal cedido para o Sistema Único de Saúde, (SUS), aprovados pela Portaria GM/MS n.º 243/2015, de 10 de março de 2015, publicada no Diário Oficial da União, nº 47, de 11de março de 2015.</p><p>Artigo 3º - Esta Portaria entra em vigor na data de sua publicação. (Proc. SEI nº. 25008.400448/2017-37).</p><p> </p><table><tr /><tr><td><p>Siape</p></td><td><p>Nome</p></td><td><p>Cargo</p></td></tr><tr><td><p>0471343</p></td><td><p>Amarildo Berto de Oliveira</p></td><td><p>Auxiliar de Saneamento</p></td></tr><tr><td><p>0474256</p></td><td><p>Maria Aparecida Sarri</p></td><td><p>Atendente</p></td></tr></table><p>O Subsecretário de Assuntos Administrativos do Ministério da Saúde, considerando o disposto no inciso II do artigo 93 da Lei 8.112 de 12 de dezembro de 1990, no inciso XI do artigo 7º da Lei n.º 8.080 de 19 de setembro de 1990, artigo 20 da Lei n.º 8.270 de 17 de dezembro de 1991, artigo 11 da Lei n.º 9.527 de 10 de dezembro de 1997 e na Portaria GM/MS n.º 243 de 10 de março de 2015, e no uso da competência que lhe foi subdelegada pela Portaria SE/MS nº 553, de 5 de maio de 2011, publicada no Diário Oficial da União de 6 de maio de 2011, resolve:</p><p>Nº 1.970 - Artigo 1º - Colocar à disposição da Secretaria Municipal de Saúde de Petrolina, no Estado de Pernambuco, com ônus para a origem, a servidora do Quadro de Pessoal deste Ministério, constante do anexo, em conformidade com o Convênio SUS nº 514/2016, com o Extrato publicado no Diário Oficial da União, nº 44, de 7 de março de 2016, firmado entre o Ministério da Saúde e a Prefeitura Municipal de Petrolina, no Estado de Pernambuco, representada por sua Secretaria Municipal de Saúde.     </p><p>Artigo 2º - Cumpre à Coordenação de Gestão do Núcleo Estadual do Ministério da Saúde no Estado de Pernambuco e à Secretaria Municipal de Saúde de Petrolina, no Estado de Pernambuco, a observância dos procedimentos de Gestão de Pessoal cedido para o Sistema Único de Saúde, (SUS), aprovados pela Portaria GM/MS n.º 243 de 10 de março de 2015, publicada no Diário Oficial da União nº 47, de 11 de março de 2015.</p><p>Artigo 3º - Esta Portaria entra em vigor na data de sua publicação. (Proc. nº. 25019.002867/2017-88).</p><p> </p><table><tr /><tr><td><p>SIAPE</p></td><td><p>NOME</p></td><td><p>CARGO</p></td></tr><tr><td><p>1038534</p></td><td><p>Maria das Dores dos Santos Silva</p></td><td><p>Agente de Portaria</p></td></tr></table><p>O Subsecretário de Assuntos Administrativos do Ministério da Saúde, considerando o disposto no inciso II do artigo 93 da Lei 8.112 de 12 de dezembro de 1990, no inciso XI do artigo 7º da Lei n.º 8.080 de 19 de setembro de 1990, artigo 20 da Lei n.º 8.270 de 17 de dezembro de 1991, artigo 11 da Lei n.º 9.527 de 10 de dezembro de 1997 e na Portaria GM/MS n.º. 243, de 10 de março de 2015, e no uso da competência que lhe foi subdelegada pela Portaria SE/MS nº 553, de 5 de maio de 2011, publicada no Diário Oficial da União de 6 de maio de 2011, resolve:</p><p>Nº 1.971 - Artigo 1º - Colocar à disposição da Secretaria Municipal de Saúde de Muriaé, no Estado de Minas Gerais, com ônus para a origem, o servidor do Quadro de Pessoal deste Ministério, constante do anexo, em conformidade com o Convênio SUS n.º 859/2016, com Extrato publicado no Diário Oficial da União - DOU n.º 229, de 30 de novembro de 2016, foi firmado entre o Ministério da Saúde e a Prefeitura Municipal de Muriaé, no Estado de Minas Gerais, representada por sua Secretaria Municipal de Saúde.</p><p>Artigo 2º - Cumpre à Coordenação de Gestão do Núcleo Estadual do Ministério da Saúde em Minas Gerais e à Secretaria Municipal de Saúde de Muriaé, no Estado de Minas Gerais, a observância dos procedimentos de Gestão de Pessoal cedido para o Sistema Único de Saúde, (SUS), aprovados pela Portaria GM/MS n.º 243, de 10 de março de 2015, publicada no Diário Oficial da União nº 47, de 11 de março de 2015.</p><p>Artigo 3º - Esta Portaria entra em vigor na data de sua publicação. (Proc. SEI n.º 25003.400365/2017-98).</p><p>ANEXO</p><p> </p><table><tr /><tr><td><p>SIAPE</p></td><td><p>NOME</p></td><td><p>CARGO</p></td></tr><tr><td><p>3298474</p></td><td><p>Flavio Reis Gouvea</p></td><td><p>Médico</p></td></tr></table><p>O Subsecretário de Assuntos Administrativos do Ministério da Saúde, considerando o disposto no inciso II do artigo 93 da Lei 8.112 de 12 de dezembro de 1990, no inciso XI do artigo 7º da Lei n.º 8.080 de 19 de setembro de 1990, artigo 20 da Lei n.º 8.270 de 17 de dezembro de 1991, artigo 11 da Lei n.º 9.527 de 10 de dezembro de 1997 e na Portaria GM/MS n.º. 243, de 10 de março de 2015, e no uso da competência que lhe foi subdelegada pela Portaria SE/MS nº 553, de 5 de maio de 2011, publicada no Diário Oficial da União de 6 de maio de 2011, resolve:</p><p>Nº 1.972 - Artigo 1º - Colocar à disposição da Secretaria Estadual de Saúde, do Governo do Estado do Mato Grosso do Sul, com ônus para a origem, o servidor do Quadro de Pessoal deste Ministério, constante do anexo, em conformidade com o Convênio SUS n.º 000054/2015, com o Extrato publicado no Diário Oficial da União, nº 107, de 9 de junho de 2015, firmado entre o Ministério da Saúde e o Governo do Estado do Mato Grosso do Sul, representado por sua Secretaria de Estadual de Saúde.</p><p>Artigo 2º - Cumpre à Divisão de Gestão do Núcleo Estadual do Ministério da Saúde no Mato Grosso do Sul e à Secretaria Estadual de Saúde do Governo do Estado do Mato Grosso do Sul, a observância dos procedimentos de Gestão de Pessoal cedido para o Sistema Único de Saúde, (SUS), aprovados pela Portaria GM/MS n.º 243, de 10 de março de 2015, publicada no Diário Oficial da União nº 47, de 11 de março de 2015.</p><p>Artigo 3º - Esta Portaria entra em vigor na data de sua publicação. (Proc. SEI nº. 25006.400054/2017-07).</p><p> </p><table><tr /><tr><td><p>SIAPE</p></td><td><p>NOME</p></td><td><p>CARGO</p></td></tr><tr><td><p>1085130</p></td><td><p>Francisco Portes</p></td><td><p>Guarda de Endemias</p></td></tr></table><p>O Subsecretário de Assuntos Administrativos do Ministério da Saúde, considerando o disposto no inciso II do artigo 93 da Lei 8.112 de 12 de dezembro de 1990, no inciso XI do artigo 7º da Lei n.º 8.080 de 19 de setembro de 1990, artigo 20 da Lei n.º 8.270 de 17 de dezembro de 1991, artigo 11 da Lei n.º 9.527 de 10 de dezembro de 1997 e na Portaria GM/MS n.º. 243 de 10 de março de 2015, e no uso da competência que lhe foi subdelegada pela Portaria SE/MS n.º 553, de 5 de maio de 2011, publicada no Diário Oficial da União de 6 de maio de 2011, resolve:       </p><p>Nº 1.973 - Artigo 1º - Colocar à disposição da Secretaria de Estado da Saúde do Governo do Estado do Rio de Janeiro, com ônus para a origem, a servidora do Quadro de Pessoal deste Ministério, anteriormente já cedida ao SUS, constante do anexo, em conformidade com o Convênio SUS n.º 1196/2017, publicado no DOU, nº 135, de 17 de julho de 2017, firmado entre o Ministério da Saúde e o Governo do Estado do Rio de Janeiro, representado por sua Secretaria de Estado de Saúde.    </p><p>Artigo 2º - Cumpre à Coordenação de Gestão do Núcleo Estadual do Ministério da Saúde no Rio de Janeiro e à Secretaria de Estado da Saúde do Governo do Estado do Rio de Janeiro, a observância dos procedimentos de Gestão de Pessoal cedido para o Sistema Único de Saúde, (SUS), aprovados pela Portaria GM/MS n.º 243/2015, de 10 de março de 2015, publicada no Diário Oficial da União nº 47, de 11 de março de 2015.</p><p>Artigo 3º - Esta Portaria entra em vigor na data de sua publicação. (Proc. SEI nº. 25001.402372/2017-44).</p><p> </p><table><tr /><tr><td><p>SIAPE</p></td><td><p>NOME</p></td><td><p>CARGO</p></td></tr><tr><td><p>0631552</p></td><td><p>Márcia Pinto da Silva</p></td><td><p>Agente Administrativo</p></td></tr></table><p>O Subsecretário de Assuntos Administrativos do Ministério da Saúde, considerando o disposto no inciso II do artigo 93 da Lei 8.112 de 12 de dezembro de 1990, no inciso XI do artigo 7º da Lei n.º 8.080 de 19 de setembro de 1990, artigo 20 da Lei n.º 8.270 de 17 de dezembro de 1991, artigo 11 da Lei n.º 9.527 de 10 de dezembro de 1997 e na Portaria GM/MS n.º. 243 de 10 de março de 2015, e no uso da competência que lhe foi subdelegada pela Portaria SE/MS n.º 553, de 5 de maio de 2011, publicada no Diário Oficial da União de 6 de maio de 2011, resolve:       </p><p>Nº 1.974 - Artigo 1º - Colocar à disposição da Secretaria Municipal de Saúde de Barcelos, no Estado do Amazonas, com ônus para a origem, o servidor do Quadro de Pessoal deste Ministério, constante do anexo, em conformidade com o Convênio SUS nº 1373/2017, cujo Extrato foi publicado no Diário Oficial da União, nº 216, de 10 de novembro de 2017, firmado entre o Ministério da Saúde e a Prefeitura Municipal de Barcelos, no Estado do Amazonas, representada por sua Secretaria Municipal de Saúde.     </p><p>Artigo 2º - Cumpre à Divisão de Gestão do Núcleo Estadual do Ministério da Saúde no Amazonas e à Secretaria Municipal de Saúde de Barcelos, no Estado do Amazonas, a observância dos procedimentos de Gestão de Pessoal cedido para o Sistema Único de Saúde, (SUS), aprovados pela Portaria GM/MS n.º 243/2015, de 10 de março de 2015, publicada no Diário Oficial da União nº 47, de 11 de março de 2015.</p><p>Artigo 3º - Esta Portaria entra em vigor na data de sua publicação. (Proc. nº. 25009.400728/2017-35).</p><p> </p><table><tr /><tr><td><p>SIAPE</p></td><td><p>NOME</p></td><td><p>CARGO</p></td></tr><tr><td><p>1225247</p></td><td><p>Amaro Sílvio Tavares Brito</p></td><td><p>Agente de Saúde Pública</p></td></tr></table><p>O Subsecretário de Assuntos Administrativos do Ministério da Saúde, considerando o disposto no inciso II do artigo 93 da Lei 8.112 de 12 de dezembro de 1990, no inciso XI do artigo 7º da Lei n.º 8.080 de 19 de setembro de 1990, artigo 20 da Lei n.º 8.270 de 17 de dezembro de 1991, artigo 11 da Lei n.º 9.527 de 10 de dezembro de 1997 e na Portaria GM/MS n.º. 243 de 10 de março de 2015, e no uso da competência que lhe foi subdelegada pela Portaria SE/MS nº 553, de 5 de maio de 2011, publicada no Diário Oficial da União de 6 de maio de 2011, resolve:</p><p>Nº 1.975 - Artigo 1º - Colocar à disposição da Secretaria Municipal de Saúde de Ji-Paraná, no Estado de Rondônia, com ônus para a origem, os servidores do Quadro de Pessoal deste Ministério, constante do anexo, em conformidade com o Convênio SUS n.º 998/2017, cujo Extrato foi publicado no Diário Oficial da União - DOU n.º 62, de 30 de março de 2017, firmado entre o Ministério da Saúde e a Prefeitura Municipal de Ji-Paraná, no Estado de Rondônia, representado por sua Secretaria Municipal de Saúde.</p><p>Artigo 2º - Cumpre à Divisão de Gestão do Núcleo Estadual do Ministério da Saúde em Rondônia e à Secretaria Municipal de Saúde de Ji-Paraná, no Estado de Rondônia, a observância dos procedimentos de Gestão de Pessoal cedido para o Sistema Único de Saúde, (SUS), aprovados pela Portaria GM/MS n.º 243/2015, de 10 de março de 2015, publicada no Diário Oficial da União, nº 47, de 11de março de 2015.</p><p>Artigo 3º - Esta Portaria entra em vigor na data de sua publicação. (Proc. SEI nº. 25008.400480/2017-12).</p><p>ANEXO</p><p> </p><table><tr /><tr><td><p>Siape</p></td><td><p>Nome</p></td><td><p>Cargo</p></td></tr><tr><td><p>0473352</p></td><td><p>Abidon Roque de Araujo Paz</p></td><td><p>Auxiliar de Saneamento</p></td></tr><tr><td><p>0474900</p></td><td><p>Adelia Maier</p></td><td><p>Atendente</p></td></tr><tr><td><p>0473389</p></td><td><p>Adilson Tiburcio da Silva</p></td><td><p>Auxiliar de Enfermagem</p></td></tr><tr><td><p>0489788</p></td><td><p>Alice Moura Moreira dos Santos</p></td><td><p>Aux Operac de Serv Div de</p></td></tr><tr><td><p>0694309</p></td><td><p>Antonio Pontes Neto</p></td><td><p>Agente Administrativo</p></td></tr><tr><td><p>0474934</p></td><td><p>Arlindo Maier</p></td><td><p>Atendente</p></td></tr><tr><td><p>0473528</p></td><td><p>Cirlene Cardozo da Silva</p></td><td><p>Auxiliar de Enfermagem</p></td></tr><tr><td><p>0474209</p></td><td><p>Claudino Lourenco da Silva</p></td><td><p>Agente de Servicos Gerais</p></td></tr><tr><td><p>0523645</p></td><td><p>Edilson Shockness</p></td><td><p>Aux Operac de Serv Div de Saude</p></td></tr><tr><td><p>0694113</p></td><td><p>Edvaldo Jose da Silva</p></td><td><p>Agente Administrativo</p></td></tr><tr><td><p>0471190</p></td><td><p>Elias Garcia De Lima</p></td><td><p>Atendente</p></td></tr><tr><td><p>0473754</p></td><td><p>Elizabeth Carlos da Cunha Rufino</p></td><td><p>Auxiliar de Enfermagem</p></td></tr><tr><td><p>0473776</p></td><td><p>Florisvaldo Gomes da Silva</p></td><td><p>Atendente</p></td></tr><tr><td><p>0473784</p></td><td><p>Francisca Cilene Felix dos Santos Geraldo</p></td><td><p>Atendente</p></td></tr><tr><td><p>0473889</p></td><td><p>Ireni Ferreira da Silva</p></td><td><p>Auxiliar de Serviços Gerais</p></td></tr><tr><td><p>0503808</p></td><td><p>Ireni Fortunato Andreta</p></td><td><p>Microscopista</p></td></tr><tr><td><p>0521928</p></td><td><p>Irinea Costa Raposo</p></td><td><p>Enfermeiro</p></td></tr><tr><td><p>0473901</p></td><td><p>Izabel Maria Moreira da Silva</p></td><td><p>Auxiliar de Serviços Gerais</p></td></tr><tr><td><p>0473944</p></td><td><p>Joao Lourenco de Souza</p></td><td><p>Atendente</p></td></tr><tr><td><p>0473949</p></td><td><p>Josafa Simplicio da Silva</p></td><td><p>Auxiliar de Serviços Gerais</p></td></tr><tr><td><p>0473968</p></td><td><p>Jose Aurelio Lopes de Souza</p></td><td><p>Atendente</p></td></tr><tr><td><p>0474233</p></td><td><p>Jose Francisco Pereira</p></td><td><p>Auxiliar de Enfermagem</p></td></tr><tr><td><p>0474284</p></td><td><p>Leide Maria Pereira</p></td><td><p>Auxiliar de Serviços Gerais</p></td></tr><tr><td><p>0472038</p></td><td><p>Luiz Bento Pereira</p></td><td><p>Auxiliar de Saneamento</p></td></tr><tr><td><p>6489945</p></td><td><p>Manoel Jose de Oliveira</p></td><td><p>Agente de Saúde Publica</p></td></tr><tr><td><p>0713337</p></td><td><p>Maria Aparecida da Silva Oliveira</p></td><td><p>Agente de Portaria</p></td></tr><tr><td><p>0489350</p></td><td><p>Maria de Fatima Costa Barros</p></td><td><p>Agente Administrativo</p></td></tr><tr><td><p>0474588</p></td><td><p>Maria de Lourdes Moreira Silva</p></td><td><p>Agente de Serviços Gerais</p></td></tr><tr><td><p>0474629</p></td><td><p>Maria Irene Gomes</p></td><td><p>Auxiliar de Serviços Gerais</p></td></tr><tr><td><p>0474715</p></td><td><p>Maria Lindomar da Silva</p></td><td><p>Auxiliar de Serviços Gerais</p></td></tr><tr><td><p>0474764</p></td><td><p>Maria Luiza de Sena Ribeiro</p></td><td><p>Agente de Serviços Gerais</p></td></tr><tr><td><p>0474779</p></td><td><p>Maria Neusineide Rodrigues de Souza</p></td><td><p>Auxiliar de Serviços Gerais</p></td></tr><tr><td><p>0477049</p></td><td><p>Maria Rosa Aparecida da Silva</p></td><td><p>Auxiliar de Enfermagem</p></td></tr><tr><td><p>0472859</p></td><td><p>Marilena Iocca da Silva</p></td><td><p>Auxiliar de Contabilidade</p></td></tr><tr><td><p>0474326</p></td><td><p>Militao Rocha Carvalho</p></td><td><p>Odontologo</p></td></tr><tr><td><p>0474330</p></td><td><p>Miriam dos Santos Silva</p></td><td><p>Atendente</p></td></tr><tr><td><p>0474337</p></td><td><p>Nilton Ribeiro de Araujo</p></td><td><p>Atendente</p></td></tr><tr><td><p>0474338</p></td><td><p>Odiseia Mota de Souza</p></td><td><p>Auxiliar de Enfermagem</p></td></tr><tr><td><p>0474586</p></td><td><p>Paulo Roberto Bezerra Soares</p></td><td><p>Auxiliar Administrativo</p></td></tr><tr><td><p>0693896</p></td><td><p>Rosalina Carneiro de Moura</p></td><td><p>Agente de Portaria</p></td></tr><tr><td><p>0474670</p></td><td><p>Sebastiao Rodrigues Amorim</p></td><td><p>Auxiliar de Serviços Gerais</p></td></tr></table><p>O SUBSECRETÁRIO DE ASSUNTOS ADMINISTRATIVOS DO MINISTÉRIO DA SAÚDE, no uso de suas atribuições legais, resolve:</p><p>Nº 1.976 - Dispensar, a partir de 19/01/2017, MARCOS ANTONIO DA SILVA PÁDUA MARQUES do encargo de substituto eventual de Gerente de Projeto, DAS-101.4, código 39.0016, da Secretaria Especial de Saúde Indígena, em virtude de alteração de exercício para o Distrito Sanitário Especial Indígena - Maranhão.</p><p>Nº 1.977 - Designar ELEM CRISTINA CRUZ SAMPAIO para substituir, no período de 23/10/2017 a 01/11/2017, a Coordenadora-Geral de Saúde do Trabalhador, DAS-101.4, código 38.0053, do Departamento de Vigilância em Saúde Ambiental e Saúde do Trabalhador, da Secretaria de Vigilância em Saúde.</p><p>Nº 1.978 - I - Designar EDUARDO XAVIER DA COSTA para exercer o encargo de substituto eventual do Chefe do Serviço de Gestão de Convênios, FCPE-101.1, código 05.0513, da Coordenação de Gestão do Núcleo Estadual do Rio Grande do Sul, da Secretaria-Executiva, ficando dispensado LUIS CARLOS FERREIRA ARAUJO.</p><p> Nº 1.979 - Designar WALDEMIRO QUEIROZ DA SILVA para exercer o encargo de substituto eventual do Chefe do Serviço de Recursos Logísticos, FCPE-101.1, código 39.0044, do Distrito Sanitário Especial Indígena - Alto Rio Purus, da Secretaria Especial de Saúde Indígena, ficando dispensado ALBERTO ALENCAR DE ALMEIDA.</p><p>Nº 1.980 - Designar ALEX LIMA DE CARVALHO para exercer o encargo de substituto eventual do Diretor, DAS-101.4, código 45.0052, da Coordenação-Geral de Administração, da Fundação Oswaldo Cruz.</p><p>Nº 1.981 - Designar JOSE MIGUEL DE OLIVEIRA para exercer o encargo de substituto eventual do Chefe do Serviço de Orçamento e Finanças, FCPE-101.1, código 39.0204, do Distrito Sanitário Especial Indígena - Xavante, da Secretaria Especial de Saúde Indígena, ficando dispensado EDMILSON CLAUDIO PAES DE CARVALHO</p><p>O Subsecretário de Assuntos Administrativos do Ministério da Saúde, no uso das atribuições conferidas pela Portaria/SGEP/MP n.º 572 de 24 de dezembro de 2013, publicada no Diário Oficial da União n.º 250, de 26 de dezembro de 2013, e o art. 93, da Lei n.º 8.112, de 11 de dezembro de 1990, com redação dada pela Lei n.º 9.527, de 11 de dezembro de 1997 e, ainda, considerando o previsto na Lei n.º 6.999, de 7 de junho de 1982,  Lei n.º 13.328, de 29 de julho de 2016, e ainda no Ofício-Circular n.º 69, de 21 de dezembro de 2001, resolve efetivar por 01 (um) ano, a seguinte requisição:</p><p>Nº 1.982 -</p><p>Nome: MÁRCIA LÚCIA MATTONE</p><p>Matrícula no SIAPE: 0489938</p><p>Cargo: Agente Administrativo</p><p>Origem: Ministério da Saúde</p><p>Para: Tribunal Regional Eleitoral de Rondônia da 4.ª ZE/Vilhena/RO</p><p>Ônus: Órgão cedente (art. 93, da Lei n.º 8.112/1990, Lei n.º 6.999/1982 e Lei n.º 13.328/2016)</p><p>Processo: 25008.000988/2017-14</p><p>Art. 1º Caberá ao órgão cessionário efetivar a apresentação da servidora ao Ministério da Saúde, ao término da cessão.</p><p>Art. 2º Cumpre ao cessionário comunicar a frequência da servidora, mensalmente, ao Ministério Saúde.</p><p>Art. 3º Esta Portaria entra em vigor na data de sua publicação.</p><p>O Subsecretário de Assuntos Administrativos do Ministério da Saúde, considerando o disposto no inciso II do artigo 93 da Lei 8.112 de 12 de dezembro de 1990, no inciso XI do artigo 7º da Lei n.º 8.080 de 19 de setembro de 1990, artigo 20 da Lei n.º 8.270 de 17 de dezembro de 1991, artigo 11 da Lei n.º 9.527 de 10 de dezembro de 1997 e na Portaria GM/MS n.º. 243 de 10 de março de 2015, e no uso da competência que lhe foi subdelegada pela Portaria SE/MS n.º 553, de 5 de maio de 2011, publicada no Diário Oficial da União de 6 de maio de 2011, resolve:</p><p>Nº 1.983 - Artigo 1º - Colocar à disposição do Hospital Universitário da Universidade Federal de Juiz de Fora, no Estado de Minas Gerais, com ônus para a origem, o servidor do Quadro de Pessoal deste Ministério, constante do anexo, em conformidade com o Convênio SUS n.º 1235/2017, com o Extrato publicado no Diário Oficial da União, nº 149, de 04 de agosto de 2017, firmado entre o Ministério da Saúde e a Universidade Federal de Juiz de Fora, no Estado de Minas Gerais.  </p><p>Artigo 2º - Cumpre à Coordenação de Gestão do Núcleo do Ministério da Saúde em Minas Gerais e ao Hospital Universitário da Universidade Federal de Juiz de Fora, no Estado de Minas Gerais, a observância dos procedimentos de Gestão de Pessoal cedido para o Sistema Único de Saúde, (SUS), aprovados pela Portaria GM/MS n.º 243 de 10 de março de 2015, publicada no Diário Oficial da União, nº 47, de 11 de março de 2015.</p><p>Artigo 3º - Esta Portaria entra em vigor na data de sua publicação. (Proc. SEI nº. 25003.000633/2017-75).</p><p> </p><table><tr /><tr><td><p>SIAPE</p></td><td><p>NOME</p></td><td><p>CARGO</p></td></tr><tr><td><p>2562229</p></td><td><p>Luís Gustavo de Barros Tavares Frederico</p></td><td><p>Médico</p></td></tr></table><p>O Subsecretário de Assuntos Administrativos do Ministério da Saúde, considerando o disposto no inciso II do artigo 93 da Lei 8.112 de 12 de dezembro de 1990, no inciso XI do artigo 7º da Lei n.º 8.080 de 19 de setembro de 1990, artigo 20 da Lei n.º 8.270 de 17 de dezembro de 1991, artigo 11 da Lei n.º 9.527 de 10 de dezembro de 1997 e na Portaria GM/MS n.º. 243, de 10 de março de 2015, e no uso da competência que lhe foi subdelegada pela Portaria SE/MS nº 553, de 5 de maio de 2011, publicada no Diário Oficial da União de 6 de maio de 2011, resolve:</p><p>Nº 1.984 - Artigo 1º - Colocar à disposição da Secretaria Municipal de Saúde de Campo Grande, no Estado do Mato Grosso do Sul, com ônus para a origem, os servidores do Quadro de Pessoal deste Ministério, constante do anexo, em conformidade com o Convênio SUS n.º 000182/2015, com o Extrato publicado no Diário Oficial da União, n.º 174, de 11 de setembro de 2015, firmado entre o Ministério da Saúde e a Prefeitura Municipal de Campo Grande, no Estado do Mato Grosso do Sul, representada por sua Secretaria Municipal de Saúde.</p><p>Artigo 2º - Cumpre à Divisão de Gestão do Núcleo Estadual do Ministério da Saúde em Mato Grosso do Sul e à Secretaria Municipal de Saúde de Campo Grande, no Estado do Mato Grosso, a observância dos procedimentos de Gestão de Pessoal cedido para o Sistema Único de Saúde, (SUS), aprovados pela Portaria GM/MS n.º 243, de 10 de março de 2015, publicada no Diário Oficial da União nº 47, de 11 de março de 2015.</p><p>Artigo 3º - Esta Portaria entra em vigor na data de sua publicação. (Proc. SEI n.º 25006.400316/2017-25).</p><p> </p><table><tr /><tr><td><p>SIAPE</p></td><td><p>NOME</p></td><td><p>CARGO</p></td></tr><tr><td><p>1084675</p></td><td><p>Francisco Braga Dorneles</p></td><td><p>Agente de Saúde Pública</p></td></tr><tr><td><p>0471120</p></td><td><p>Gregório Augusto Corrêa</p></td><td><p>Agente de Saúde Pública</p></td></tr></table><p>O Subsecretário de Assuntos Administrativos do Ministério da Saúde, considerando o disposto no inciso II do artigo 93 da Lei 8.112 de 12 de dezembro de 1990, no inciso XI do artigo 7º da Lei n.º 8.080 de 19 de setembro de 1990, artigo 20 da Lei n.º 8.270 de 17 de dezembro de 1991, artigo 11 da Lei n.º 9.527 de 10 de dezembro de 1997 e na Portaria GM/MS n.º. 243 de 10 de março de 2015, e no uso da competência que lhe foi subdelegada pela Portaria SE/MS nº 553, de 5 de maio de 2011, publicada no Diário Oficial da União de 6 de maio de 2011, resolve:</p><p>Nº1.985 - Artigo 1º - Colocar à disposição da Secretaria Municipal de Saúde de Anápolis, no Estado de Goiás, com ônus para a origem, a servidora do Quadro de Pessoal deste Ministério, constante do anexo, em conformidade com o Convênio SUS n.º 866/2016, cujo Extrato foi publicado no Diário Oficial da União - DOU n.º 232, de 05 de dezembro de 2016, firmado entre o Ministério da Saúde e a Prefeitura Municipal de Anápolis, no Estado de Goiás, representada por sua Secretaria Municipal de Saúde.</p><p>Artigo 2º - Cumpre à Divisão de Gestão do Núcleo Estadual do Ministério da Saúde em Goiás e à Secretaria Municipal de Saúde de Anápolis, no Estado de Goiás, a observância dos procedimentos de Gestão de Pessoal cedido para o Sistema Único de Saúde, (SUS), aprovados pela Portaria GM/MS n.º 243/2015, de 10 de março de 2015, publicada no Diário Oficial da União, nº 47, de 11de março de 2015.</p><p>Artigo 3º - Esta Portaria entra em vigor na data de sua publicação. (Proc. SEI nº. 25005.400660/2017-24).</p><p> </p><table><tr /><tr><td><p>SIAPE</p></td><td><p>NOME</p></td><td><p>Cargo</p></td></tr><tr><td><p>0752920</p></td><td><p>Maria Vaglene Silva Mota</p></td><td><p>Recreador</p></td></tr></table><p>O Subsecretário de Assuntos Administrativos do Ministério da Saúde, considerando o disposto no inciso II do artigo 93 da Lei 8.112 de 12 de dezembro de 1990, no inciso XI do artigo 7º da Lei n.º 8.080 de 19 de setembro de 1990, artigo 20 da Lei n.º 8.270 de 17 de dezembro de 1991, artigo 11 da Lei n.º 9.527 de 10 de dezembro de 1997 e na Portaria GM/MS n.º. 243, de 10 de março de 2015, e no uso da competência que lhe foi subdelegada pela Portaria SE/MS nº 553, de 5 de maio de 2011, publicada no Diário Oficial da União de 6 de maio de 2011, resolve:</p><p>Nº 1.986 - Artigo 1º - Colocar à disposição da Secretaria Municipal de Saúde de Carmo do Rio Verde, no Estado de Goiás, com ônus para a origem, o servidor do Quadro de Pessoal deste Ministério, constante do anexo, em conformidade com o Convênio SUS n.º 001363/2017, com Extrato publicado no Diário Oficial da União - DOU n.º 205, de 25 de outubro de 2017, foi firmado entre o Ministério da Saúde e a Prefeitura Municipal de Carmo do Rio Verde, no Estado de Goiás, representada por sua Secretaria Municipal de Saúde.</p><p>Artigo 2º - Cumpre à Divisão de Gestão do Núcleo Estadual do Ministério da Saúde em Goiás e à Secretaria Municipal de Saúde de Carmo do Rio Verde, no Estado de Goiás, a observância dos procedimentos de Gestão de Pessoal cedido para o Sistema Único de Saúde, (SUS), aprovados pela Portaria GM/MS n.º 243, de 10 de março de 2015, publicada no Diário Oficial da União nº 47, de 11 de março de 2015.</p><p>Artigo 3º - Esta Portaria entra em vigor na data de sua publicação. (Proc. SEI n.º 25005.400664/2017-11).</p><p> </p><table><tr /><tr><td><p>SIAPE</p></td><td><p>NOME</p></td><td><p>CARGO</p></td></tr><tr><td><p>0495252</p></td><td><p>Olavo Alves Cardoso</p></td><td><p>Agente de Saúde Pública</p></td></tr></table>]]></Texto>
    <Autores>
      <assina>LEONARDO ROSÁRIO DE ALCÂNTARA</assina>
    </Autores>
  </body>
</article></xml>