<xml><article id="642704" name="Redistribuicao_Giseli_Salete" idOficio="4569250" pubName="DO2" artType="Portaria" pubDate="01/12/2017" artClass="00037:00035:00001:00000:00000:00000:00000:00000:00000:00000:00025:00001" artSection="Poder Judiciário" artCategory="Tribunal Regional Eleitoral de Santa Catarina" artSize="8" artNotes="" numberPage="74" pdfPage="http://pesquisa.in.gov.br/imprensa/jsp/visualiza/index.jsp?data=01/12/2017&amp;jornal=529&amp;pagina=74" editionNumber="230">
  <body>
    <Identifica><![CDATA[PORTARIA N 294, DE 8 DE NOVEMBRO DE 2017]]></Identifica>
    <Data><![CDATA[]]></Data>
    <Ementa />
    <Titulo />
    <SubTitulo />
    <Texto><![CDATA[<p> O Presidente do Tribunal Regional Eleitoral de Santa Catarina, no uso das atribuições que lhe são conferidas pelo art. 22, inciso XXIV, do Regimento Interno deste Tribunal (Resolução TRESC n. 7.847, de 12.12.2011), considerando a decisão proferida nos autos do Processo Administrativo Eletrônico SGP n. 52.261/2017; considerando o disposto no art. 37 da Lei n.º 8.112, de 11 de dezembro de 1990, e no art. 3º da Resolução TSE n.º 23.430, de 12 de agosto de 2014, resolve:</p><p>Art. 1o REDISTRIBUIR o cargo de Técnico Judiciário, Área Administrativa, criado pela Lei nº 8.868/1994, do quadro de pessoal do Tribunal Regional Eleitoral de Santa Catarina, ocupado pela servidora GISELI MARIA SAKAMOTO CARNIERI, em reciprocidade com o cargo de mesma denominação, ocupado pela servidora SALETE TEREZINHA RABUSKE, do quadro de pessoal do Tribunal Regional Eleitoral do Paraná.</p><p>Art. 2o Conceder à servidora SALETE TEREZINHA RABUSKE o período de 30 (trinta) dias de trânsito, nos termos do art. 14, da Resolução TSE n. 23.430/2014.</p><p>Art. 3o Esta Portaria entra em vigor na data de sua publicação no Diário Oficial da União (DOU).</p>]]></Texto>
    <Autores>
      <assina>Des. ANTONIO DO RÊGO MONTEIRO ROCHA</assina>
    </Autores>
  </body>
</article></xml>