<xml><article id="642719" name="TRF2-ATP-2017-00440" idOficio="4573114" pubName="DO2" artType="Ato" pubDate="01/12/2017" artClass="00037:00008:00001:00000:00000:00000:00000:00000:00000:00000:00001:00001" artSection="Poder Judiciário" artCategory="Tribunal Regional Federal da 2ª Região" artSize="8" artNotes="" numberPage="72" pdfPage="http://pesquisa.in.gov.br/imprensa/jsp/visualiza/index.jsp?data=01/12/2017&amp;jornal=529&amp;pagina=72" editionNumber="230">
  <body>
    <Identifica><![CDATA[ATO N 440, de 13 de novembro de 2017]]></Identifica>
    <Data><![CDATA[]]></Data>
    <Ementa />
    <Titulo />
    <SubTitulo />
    <Texto><![CDATA[<p>  </p><p> O PRESIDENTE DO TRIBUNAL REGIONAL FEDERAL DA 2ª REGIÃO, no uso de suas atribuições, e considerando o que consta nos autos do Procedimento Administrativo nº JFRJ-PES-2017/00612, resolve:</p><p>I - REDISTRIBUIR o cargo de Técnico Judiciário, Área Administrativa, Nível Intermediário, ocupado pela servidora RAQUEL DAMIÃO CAMPOS, do Quadro de Pessoal da Justiça Federal de Primeiro Grau - Seção Judiciária do Rio de Janeiro, para o Quadro de Pessoal do Tribunal Superior Eleitoral, em reciprocidade com o cargo de Técnico Judiciário, Área Administrativa, Nível Intermediário, ocupado pela servidora CAROLINA WEBSTER DE FREITAS, daquela Egrégia Corte, com fulcro no art. 37, da Lei nº 8.112-90 e na Resolução nº 146, de 06.03.2012, do Conselho Nacional de Justiça;</p><p>II - Conceder 20 (vinte) dias de trânsito à servidora CAROLINA WEBSTER DE FREITAS, com base no art. 18 da Lei nº 8.112-90 e art. 7º da Resolução nº 146, de 06.03.2012, do Conselho Nacional de Justiça.</p><p> </p>]]></Texto>
    <Autores>
      <assina>Des. ANDRÉ FONTES</assina>
    </Autores>
  </body>
</article></xml>