<xml><article id="642734" name="Portaria Nº177 SPOA" idOficio="4573830" pubName="DO2" artType="Portaria" pubDate="01/12/2017" artClass="00025:00002:00016:00000:00000:00000:00000:00000:00000:00000:00025:00001" artSection="Ministério do Meio Ambiente" artCategory="Secretaria Executiva" artSize="8" artNotes="" numberPage="52" pdfPage="http://pesquisa.in.gov.br/imprensa/jsp/visualiza/index.jsp?data=01/12/2017&amp;jornal=529&amp;pagina=52" editionNumber="230">
  <body>
    <Identifica><![CDATA[PORTARIA Nº 177, DE 14 DE NOVEMBRO DE 2017]]></Identifica>
    <Data><![CDATA[]]></Data>
    <Ementa />
    <Titulo />
    <SubTitulo />
    <Texto><![CDATA[<p> A COORDENADORA-GERAL DE GESTÃO DE PESSOAS DO MINISTÉRIO DO MEIO AMBIENTE, no uso da competência que lhe foi atribuída pela Portaria nº 146, de 19 de agosto de 2010, publicada no Diário Oficial da União do dia 30 de agosto de 2010, resolve:</p><p>Art.1º Conceder aposentadoria voluntária com proventos integrais à servidora HIDELY GRASSI RIZZO, matrícula SIAPE nº 6666542, ocupante do cargo de Analista Ambiental, Classe "S", Padrão "III", pertencente ao quadro de pessoal deste Ministério, com fundamento no art. 3°, incisos I, II, III, e parágrafo único da Emenda Constitucional n° 47/2005, com a vantagem prevista no artigo 62-A da Lei nº 8.112, de 11 de dezembro de 1990. (Processo nº 02000.204590/2017-20).</p><p>Art. 2º Declarar vago o referido cargo, em atendimento ao disposto no art. 33, inciso VII, da Lei nº 8.112/90.</p>]]></Texto>
    <Autores>
      <assina>ADRIANA ALVES XAVIER DURÃO</assina>
    </Autores>
  </body>
</article></xml>