<xml><article id="642725" name="ATO_1014" idOficio="4573607" pubName="DO2" artType="Ato" pubDate="01/12/2017" artClass="00037:00007:00001:00000:00000:00000:00000:00000:00000:00000:00001:00001" artSection="Poder Judiciário" artCategory="Tribunal Regional Federal da 1ª Região" artSize="8" artNotes="" numberPage="72" pdfPage="http://pesquisa.in.gov.br/imprensa/jsp/visualiza/index.jsp?data=01/12/2017&amp;jornal=529&amp;pagina=72" editionNumber="230">
  <body>
    <Identifica><![CDATA[ATO N 1.014, DE 17 DE NOVEMBRO DE 2017]]></Identifica>
    <Data><![CDATA[]]></Data>
    <Ementa />
    <Titulo />
    <SubTitulo />
    <Texto><![CDATA[<p>  </p><p> O PRESIDENTE DO TRIBUNAL REGIONAL FEDERAL DA 1ª REGIÃO, no uso de suas atribuições legais e tendo em vista o constante nos autos do PA. 0007098-16.2017.4.01.8006-TRF, resolve:</p><p>REDISTRIBUIR nos termos do art. 37, da Lei 8.112/1990, com a redação dada pela Lei 9.527/1997, c/c a Resolução n. 146/2012-CNJ, um cargo da categoria funcional de Técnico Judiciário, Área Administrativa, do Quadro de Pessoal da Justiça Federal de 1º Grau, Sede da Seção Judiciária do Estado de Goiás, ocupado pelo servidor JOSÉ AURÉLIO WLADIMIR BAPTISTA BRANDIZZI, para o Quadro de Pessoal do Superior Tribunal de Justiça, em reciprocidade a um cargo de Técnico Judiciário, Área Administrativa, ocupado pelo servidor OSMAR LOPES DO AMARAL SOUZA.</p>]]></Texto>
    <Autores>
      <assina>Des. HILTON QUEIROZ</assina>
    </Autores>
  </body>
</article></xml>