<xml><article id="642707" name="trt9a241-2017 CODAF 283" idOficio="4572397" pubName="DO2" artType="Portaria" pubDate="01/12/2017" artClass="00037:00048:00001:00001:00017:00000:00000:00000:00000:00000:00025:00000" artSection="Poder Judiciário" artCategory="Tribunal Regional do Trabalho da 9ª Região" artSize="8" artNotes="" numberPage="78" pdfPage="http://pesquisa.in.gov.br/imprensa/jsp/visualiza/index.jsp?data=01/12/2017&amp;jornal=529&amp;pagina=78" editionNumber="230">
  <body>
    <Identifica><![CDATA[PORTARIA Nº 283 DE 16 DE NOVEMBRO DE 2017]]></Identifica>
    <Data><![CDATA[]]></Data>
    <Ementa />
    <Titulo />
    <SubTitulo />
    <Texto><![CDATA[<p>O COORDENADOR DE DADOS FUNCIONAIS DO TRIBUNAL REGIONAL DO TRABALHO DA 9ª REGIÃO, usando de suas atribuições legais, e diante do disposto nos DES ADG 2661/2016 e DES GABSGP 1175/2016, resolve:</p><p> I - designar BRUNO EINLOFT PEREIRA, Analista Judiciário Área Judiciária, classe B, padrão 6, para EXERCER o Cargo em Comissão de Assistente de Diretor de Secretaria (c-5112), código TRT 9ª CJ-1,  13ª Vara do Trabalho de Curitiba, a partir da data da publicação até 01/01/2018, dispensando-o da Função Comissionada de Assistente de Juiz (c-5265), código TRT 9ª FC-5, desta unidade, a partir da mesma data (Documento Eletrônico nº 3/2017); II - dispensar DGEANNE DE CARVALHO GRANJA ALENCAR, Técnica Judiciária Área Administrativa, classe B, padrão 7, do Cargo em Comissão de Assistente de Diretor de Secretaria (c-5112), código TRT 9ª CJ-1,  13ª Vara do Trabalho de Curitiba, a partir da data de publicação (Documento Eletrônico nº 3/2017).</p><p> </p>]]></Texto>
    <Autores>
      <assina>FERNANDO CESAR BELINCANTA</assina>
    </Autores>
  </body>
</article></xml>