<xml><article id="642737" name="trt9a242-2017 CODAF 286" idOficio="4574018" pubName="DO2" artType="Portaria" pubDate="01/12/2017" artClass="00037:00048:00001:00001:00017:00000:00000:00000:00000:00000:00025:00000" artSection="Poder Judiciário" artCategory="Tribunal Regional do Trabalho da 9ª Região" artSize="8" artNotes="" numberPage="78" pdfPage="http://pesquisa.in.gov.br/imprensa/jsp/visualiza/index.jsp?data=01/12/2017&amp;jornal=529&amp;pagina=78" editionNumber="230">
  <body>
    <Identifica><![CDATA[PORTARIA Nº 286, DE 17 DE NOVEMBRO DE 2017]]></Identifica>
    <Data><![CDATA[]]></Data>
    <Ementa />
    <Titulo />
    <SubTitulo />
    <Texto><![CDATA[<p>O COORDENADOR DE DADOS FUNCIONAIS DO TRIBUNAL REGIONAL DO TRABALHO DA 9ª REGIÃO, usando de suas atribuições legais, e diante do disposto nos DES ADG 2661/2016 e DES GABSGP 1175/2016, resolve:</p><p> I - designar LUIZ EDUARDO HIRATA, Técnico Judiciário Área Administrativa, classe C, padrão 13, para EXERCER o Cargo em Comissão de Secretário (c-730), código TRT 9ª CJ-4, da Secretaria Geral da Presidência, a partir da data da publicação, dispensando-o do Cargo em Comissão de Assessor (c-9227), código TRT 9ª CJ-3, do Gabinete de Desembargador 6, a partir da mesma data (Ofício nº 1/2017); II - designar EDNO ANTÔNIO GOMES, Técnico Judiciário Área Administrativa, para EXERCER o Cargo em Comissão de Secretário (c-7367), código TRT 9ª CJ-4, da Secretaria Geral Judiciária, a partir da data da publicação, dispensando-o do Cargo em Comissão de Assessor (c-9220), código TRT 9ª CJ-3, do Gabinete de Desembargador 6, a partir da mesma data (Ofício nº 1/2017); III - dispensar BRUNO FELIPE TOLEDO DE ANDRADE, Analista Judiciário Área Judiciária Especialidade Oficial de Justiça Avaliador Federal, classe B, padrão 6, do Cargo em Comissão de Secretário (c-730), código TRT 9ª CJ-4, da Secretaria Geral da Presidência, a partir da data de publicação (Ofício nº 1/2017).</p><p> </p>]]></Texto>
    <Autores>
      <assina>FERNANDO CESAR BELINCANTA</assina>
    </Autores>
  </body>
</article></xml>