<xml><article id="642740" name="trt9a244-2017 ATO 196" idOficio="4575209" pubName="DO2" artType="Ato" pubDate="01/12/2017" artClass="00037:00048:00000:00000:00000:00000:00000:00000:00000:00000:00001:00001" artSection="Poder Judiciário" artCategory="Tribunal Regional do Trabalho da 9ª Região" artSize="8" artNotes="" numberPage="77" pdfPage="http://pesquisa.in.gov.br/imprensa/jsp/visualiza/index.jsp?data=01/12/2017&amp;jornal=529&amp;pagina=77" editionNumber="230">
  <body>
    <Identifica><![CDATA[ATO Nº 196, DE 26 DE OUTUBRO DE 2017]]></Identifica>
    <Data><![CDATA[]]></Data>
    <Ementa />
    <Titulo />
    <SubTitulo />
    <Texto><![CDATA[<p> O DESEMBARGADOR DO TRABALHO, PRESIDENTE DO TRIBUNAL REGIONAL DO TRABALHO DA 9ª REGIÃO, usando de suas atribuições legais, diante do disposto no art. 25, inciso LV-A, do Regimento Interno e do contido no PRP nº 72/2017, resolve:</p><p> Art. 1º Conceder, ad referendum do Órgão Especial, aposentadoria à servidora RAQUEL DO ROCIO GELENSKI, nos termos do art. 3º da EC nº 47/2005, com proventos integrais por tempo de contribuição, no montante de R$ 11.268,49 (onze mil, duzentos e sessenta e oito reais e quarenta e nove centavos), correspondentes à remuneração do cargo efetivo de Técnico Judiciário, Área Administrativa, Especialidade Telefonia, classe C, padrão 13, conforme arts. 12 e 13 da Lei nº 11.416/2006 (Vencimento Servidor Inativo de R$ 4.537,30 e GAJ Cargo Inativo de R$ 5.535,51), acrescidos das seguintes vantagens: a) vantagem pessoal nominalmente identificada - VPNI, equivalente a 2/10 da função comissionada de nível FC-3, no valor de R$ 424,33, conforme disposto nos arts. 3º da Lei nº 8.911/1994, 5º da Lei nº 9.624/1998 e 62-A da Lei nº 8.112/1990; b) 12% da gratificação adicional por tempo de serviço - GATS, equivalente a R$ 544,48, prevista no art. 67 da Lei nº 8.112/1990 e c) adicional de qualificação - AQ, referente a curso de graduação, no importe de 5%, incidente sobre o vencimento básico do cargo efetivo ocupado pela servidora, no valor de R$ 226,87, nos termos dos arts. 14, § 6º, e 15, VI, da Lei nº 11.416/2006. Art. 2º Conceder indenização de férias no valor total de R$ 22.577,06, resultante de: a) pagamento indenizado de 10 dias de férias relativas ao exercício 2016, no valor de R$ 4.515,41, e b) pagamento indenizado de férias proporcionais do período aquisitivo iniciado em 9/12/2016 e computado até 30/11/2017, no valor de R$ 13.546,24, e do respectivo terço indenizado, no valor de R$ 4.515,41, nos termos do artigo 78, §§ 3º e 4º da Lei 8.112/1990, c/c o art. 24, caput e § 4º, da Resolução CSJT nº 162/2016. O pagamento deverá ocorrer sem a incidência do imposto de renda na fonte e de contribuição previdenciária, nos termos do art. 9º, caput, do Ato TRT9 nº 74/2016, resultante da base de cálculo composta por: Vencimento Estatutário (R$ 4.537,30), GAJ (R$ 5.535,51), GATS (R$ 544,48), AQ - Treinamento (R$ 45,37), AQ - Graduação (R$ 226,87), VPNI (R$ 424,33) e Função Comissionada Optante - FC-5 (R$ 2.232,38). Art. 3º Conceder 90 dias de licença-prêmio indenizados, relativo ao quinquênio de 1986/1991, não usufruídos e nem computados em dobro para efeitos de abono de permanência e de aposentadoria, no valor de R$ 33.805,47, nos termos da Lei 8.112/1990 (arts. 87 e 88 - redação original) e da Lei nº 9.527/1997 (art.7º), da Resolução CSJT nº 72/2010, dos Acórdãos TCU nºs 1.342/2011 e 1.980/2009, ambos do Plenário e da Matéria Administrativa TRT9 nº 00984-2009-909-09-00-7, sem a incidência de imposto de renda e do desconto previdenciário para o PSSS (art. 3º da Resolução CSJT nº 72/2010), resultante da base de cálculo composta por: Vencimento Estatutário (R$ 4.537,30), GAJ (R$ 5.535,51), GATS (R$ 544,48), AQ - Graduação (R$ 226,87), VPNI (R$ 424,33). Art. 4º Declarar vago o cargo acima citado, nos termos do inciso VII, art. 33, da Lei n.º 8.112/1990. Art. 5º Transformar o cargo mencionado no art. 1º em Técnico Judiciário, Área Administrativa, tendo em vista o que dispõe à Resolução Administrativa 60/2010, do Órgão Especial deste Regional.</p><p> </p>]]></Texto>
    <Autores>
      <assina>ARNOR LIMA NETO</assina>
    </Autores>
  </body>
</article></xml>