<xml><article id="704322" name="D 3113 E 3114 Designar MARIA DE " idOficio="4578133" pubName="DO2" artType="Portaria" pubDate="11/12/2017" artClass="00017:00001:00000:00000:00000:00000:00000:00000:00000:00000:00001:00005" artSection="Ministério da Saúde" artCategory="Gabinete do Ministro" artSize="8" artNotes="ch gab" numberPage="194" pdfPage="http://pesquisa.in.gov.br/imprensa/jsp/visualiza/index.jsp?data=11/12/2017&amp;jornal=529&amp;pagina=194" editionNumber="236">
  <body>
    <Identifica><![CDATA[PORTARIAS DE 21 DE NOVEMBRO DE 2017]]></Identifica>
    <Data><![CDATA[]]></Data>
    <Ementa />
    <Titulo />
    <SubTitulo />
    <Texto><![CDATA[<p> O CHEFE DE GABINETE DO MINISTRO DE ESTADO DA SAÚDE, no uso da competência que lhe foi delegada pela Portaria nº 761/GM/MS, de 13 de abril de 2011, resolve:</p><p>Nº 3.113 - Dispensar JOSÉ DAS MERCÊS SOUSA DO NASCIMENTO da Função Comissionada Técnica de Auxiliar de Serviços em Saúde V, código FCT-15, nº 05F.0320, do Núcleo Estadual do Maranhão, da Secretaria-Executiva.</p><p>Nº 3.114 -  Designar MARIA DE FATIMA ERICEIRA BARROS, para exercer a Função Comissionada Técnica de Auxiliar de Serviços em Saúde V, código FCT-15, nº 05F.0320, do Núcleo Estadual do Maranhão, da Secretaria-Executiva.</p>]]></Texto>
    <Autores>
      <assina>PAULO ROBERTO REBELLO FILHO</assina>
    </Autores>
  </body>
</article></xml>