<xml><article id="642800" name="Port.ele 646 - ELCIO GOMES +3ª" idOficio="4580472" pubName="DO2" artType="Portaria" pubDate="01/12/2017" artClass="00017:00002:00035:00002:00005:00000:00000:00000:00000:00000:00025:00001" artSection="Ministério da Saúde" artCategory="Secretaria Executiva" artSize="8" artNotes="" numberPage="43" pdfPage="http://pesquisa.in.gov.br/imprensa/jsp/visualiza/index.jsp?data=01/12/2017&amp;jornal=529&amp;pagina=43" editionNumber="230">
  <body>
    <Identifica><![CDATA[Portarias de 25 Novembro de 2017]]></Identifica>
    <Data><![CDATA[]]></Data>
    <Ementa />
    <Titulo />
    <SubTitulo />
    <Texto><![CDATA[<p> O CHEFE DA DIVISÃO DE GESTÃO ADMINISTRATIVA DO NÚCLEO ESTADUAL DO MINISTÉRIO DA SAÚDE NO ESTADO DE SÃO PAULO - no uso da competência que lhe foi subdelegada pela Portaria SAA/SE/MS nº. 1804 de 1/10/2013, publicada no DOU nº. 192, de 03/10/2013, e tendo em vista o que constam nos processos abaixo especificados, resolve:</p><p>Nº 646- Conceder aposentadoria voluntária ao servidor ELCIO GOMES JÚNIOR, matrícula SIAPE nº 602042, ocupante do cargo de Médico, nível superior, classe "S", padrão III, do Quadro de Pessoal deste Ministério, com fundamento no artigo 40, inciso III, alínea "a", da Constituição Federal, combinado com o artigo 3.°, da Emenda Constitucional n.º 47/05. (Processo nº 25004.401085/2017-97).</p><p>Nº 647- Conceder aposentadoria voluntária à servidora MARIA DE FÁTIMA QUEIROGA NEVES, matrícula SIAPE nº 599072, ocupante do cargo de Médico, nível superior, classe "S", padrão III, do Quadro de Pessoal deste Ministério, com fundamento no artigo 40, inciso III, alínea "a", da Constituição Federal, combinado com o artigo 3.°, da Emenda Constitucional n.º 47/05. (Processo nº 25004.401315/2017-18).</p><p>Nº 648- Conceder aposentadoria voluntária à servidora EDNA MAMED AMED, matrícula SIAPE nº 595131, ocupante do cargo de Médico, nível superior, classe "S", padrão III, do Quadro de Pessoal deste Ministério, com fundamento no artigo 40, inciso III, alínea "a", da Constituição Federal, combinado com o artigo 3.°, da Emenda Constitucional n.º 47/05. (Processo nº 25004.400639/2017-39). </p><p>Nº 649- Conceder aposentadoria voluntária ao servidor MARCOS CÍCERO GRACIANO, matrícula SIAPE nº 604602, ocupante do cargo de Médico, nível superior, classe "S", padrão III, do Quadro de Pessoal deste Ministério, com fundamento no artigo 40, inciso III, alínea "a", da Constituição Federal, combinado com o artigo 3.°, da Emenda Constitucional n.º 47/05. (Processo nº 25004.401644/2017-69).                                </p>]]></Texto>
    <Autores>
      <assina>Ronaldo Raymundo</assina>
    </Autores>
  </body>
</article></xml>