<xml><article id="642830" name="trt9a246-2017 ATO 282" idOficio="4581047" pubName="DO2" artType="Ato" pubDate="01/12/2017" artClass="00037:00048:00000:00000:00000:00000:00000:00000:00000:00000:00001:00001" artSection="Poder Judiciário" artCategory="Tribunal Regional do Trabalho da 9ª Região" artSize="8" artNotes="" numberPage="77" pdfPage="http://pesquisa.in.gov.br/imprensa/jsp/visualiza/index.jsp?data=01/12/2017&amp;jornal=529&amp;pagina=77" editionNumber="230">
  <body>
    <Identifica><![CDATA[ATO Nº 282, DE 14 DE NOVEMBRO DE 2017]]></Identifica>
    <Data><![CDATA[]]></Data>
    <Ementa />
    <Titulo />
    <SubTitulo />
    <Texto><![CDATA[<p> O DESEMBARGADOR DO TRABALHO, PRESIDENTE DO TRIBUNAL REGIONAL DO TRABALHO DA 9ª REGIÃO, usando de suas atribuições legais, diante do disposto no art. 25 do Regimento Interno e do contido no expediente "OF Tribunal Regional Do Trabalho Da 18ª Região (TRT18) 140/2017" e na Certidão SADM 280/2017, CONSIDERANDO a manifestação de interesse deste Regional e dos Tribunais Regionais do Trabalho da 12ª e 18ª Regiões na redistribuição por reciprocidade, mediante triangulação: - do cargo de Analista Judiciário, Área Apoio Especializado, Especialidade Tecnologia da Informação, do Quadro de Pessoal desta Corte, ocupado pelo servidor GABRIEL LORENSI LOPES, para o Quadro de Pessoal do TRT da 12ª Região; - do cargo de Analista Judiciário Área Apoio Especializado Especialidade Tecnologia da Informação, do Quadro de Pessoal do TRT da 12ª Região, ocupado pelo servidor THIAGO ROSA VAZ, para o Quadro de Pessoal do TRT da 18ª Região; e - do cargo vago de Analista Judiciário, Área Administrativa, do Quadro de Pessoal do TRT da 18ª Região, para o Quadro de Pessoal desta Corte. resolve:</p><p> Art. 1º Redistribuir, a partir da data da publicação, nos termos do art. 37 da Lei nº 8.112/1990, o cargo efetivo de Analista Judiciário, Área Apoio Especializado, Especialidade Tecnologia da Informação, criado pela Lei nº 12.927/2013, do Quadro de Pessoal Permanente desta Corte, ocupado pelo servidor GABRIEL LORENSI LOPES, para o Quadro de Pessoal Permanente do Tribunal Regional do Trabalho da 12ª Região. Art. 2º Este Ato entra em vigor a partir da data da sua publicação.</p><p> </p>]]></Texto>
    <Autores>
      <assina>ARNOR LIMA NETO</assina>
    </Autores>
  </body>
</article></xml>