<xml><article id="642764" name="Dispensa Designa Mariana e Marth" idOficio="4577578" pubName="DO2" artType="Portaria" pubDate="01/12/2017" artClass="00037:00058:00001:00000:00000:00000:00000:00000:00000:00000:00001:00000" artSection="Poder Judiciário" artCategory="Tribunal Regional do Trabalho da 19ª Região" artSize="8" artNotes="" numberPage="80" pdfPage="http://pesquisa.in.gov.br/imprensa/jsp/visualiza/index.jsp?data=01/12/2017&amp;jornal=529&amp;pagina=80" editionNumber="230">
  <body>
    <Identifica><![CDATA[PORTARIA Nº 563, DE 21 DE NOVEMBRO DE 2017]]></Identifica>
    <Data><![CDATA[]]></Data>
    <Ementa />
    <Titulo />
    <SubTitulo />
    <Texto><![CDATA[<p> O DESEMBARGADOR DO TRIBUNAL REGIONAL DO TRABALHO DA DÉCIMA NONA REGIÃO, NO EXERCÍCIO DA PRESIDÊNCIA, no uso de suas atribuições legais e regimentais estabelecidas no inciso VII do artigo 24 do Regimento Interno, e tendo em vista o contido no PROAD nº 57.662, de 17.11.2017, resolve</p><p>Art. 1º. Dispensar a servidora Mariana Nascimento de Araújo, Analista Judiciária do Quadro de Cargos Permanentes do Tribunal Regional do Trabalho da 20ª Região, removida para este Regional, da função comissionada de Secretário Especializado, de nível FC-2, do Gabinete do Desembargador Laerte Neves de Souza.</p><p>Art. 2º. Designar a servidora para exercer a função comissionada de Assistente Jurídico I, de nível FC-4, do Gabinete acima mencionado.</p><p>Art. 3º. Dispensar a servidora Martha Maria Coutinho Moura Alves, Analista Judiciária, da função comissionada de Assistente Jurídico I, de nível FC-4, do Gabinete do Desembargador Laerte Neves de Souza.</p><p>Art. 4º. Designar a servidora para exercer a função comissionada de Secretário Especializado, de nível FC-2, do Gabinete acima mencionado.</p><p>Art. 5º. Os efeitos da presente Portaria vigoram a partir da publicação.</p><p> </p>]]></Texto>
    <Autores>
      <assina>ANTÔNIO ADRUALDO ALCOFORADO CATÃO</assina>
    </Autores>
  </body>
</article></xml>