<xml><article id="642779" name="729_DG_GR_Designar" idOficio="4577866" pubName="DO2" artType="Portaria" pubDate="01/12/2017" artClass="00006:00019:01211:00000:00000:00000:00000:00000:00000:00000:00025:0002" artSection="Presidência da República" artCategory="Gabinete de Segurança Institucional" artSize="8" artNotes="" numberPage="3" pdfPage="http://pesquisa.in.gov.br/imprensa/jsp/visualiza/index.jsp?data=01/12/2017&amp;jornal=529&amp;pagina=3" editionNumber="230">
  <body>
    <Identifica />
    <Data><![CDATA[]]></Data>
    <Ementa />
    <Titulo />
    <SubTitulo />
    <Texto><![CDATA[<p> <strong>O DIRETOR-GERAL DA AGÊNCIA BRASILEIRA DE INTELIGÊNCIA</strong>, no uso da competência que lhe foi subdelegada pela alínea "d" do inciso I do art. 2° da Portaria n° 74-GSIPR, de 25 de novembro de 2016, publicada no Diário Oficial da União n° 231, de 2 de dezembro de 2016, resolve:</p><p>Nº 728 - Art. 1º Designar o servidor matrícula nº 909991, para a função de Supervisor - GR V.</p><p>Art. 2º - Esta portaria entra em vigor na data de sua publicação.</p>]]></Texto>
    <Autores />
  </body>
</article></xml>