<xml><article id="642785" name="Portaria 609 - SALETE TEREZINHA " idOficio="4579226" pubName="DO2" artType="Portaria" pubDate="01/12/2017" artClass="00037:00027:00001:00000:00000:00000:00000:00000:00000:00000:00025:0001" artSection="Poder Judiciário" artCategory="Tribunal Regional Eleitoral do Paraná" artSize="8" artNotes="" numberPage="73" pdfPage="http://pesquisa.in.gov.br/imprensa/jsp/visualiza/index.jsp?data=01/12/2017&amp;jornal=529&amp;pagina=73" editionNumber="230">
  <body>
    <Identifica><![CDATA[PORTARIA n 609, DE 9 DE NOVEMBRO DE 2017]]></Identifica>
    <Data><![CDATA[]]></Data>
    <Ementa />
    <Titulo />
    <SubTitulo />
    <Texto><![CDATA[<p> O PRESIDENTE DO TRIBUNAL REGIONAL ELEITORAL DO PARANÁ, usando das atribuições que lhe são conferidas pelo artigo 22, inciso XXVII, alínea "d", do Regimento Interno deste Tribunal e com base no art. 37 da Lei n.º 8.112, de 11 de dezembro de 1990, na Resolução TSE n.º 23.430, de 12 de agosto de 2014 e no processo administrativo digital n.º 12285/2017 deste Tribunal, resolve:</p><p>Art. 1.º REDISTRIBUIR, para o Tribunal Regional Eleitoral de Santa Catarina, o cargo de Técnico Judiciário, Área de Atividade Administrativa, ocupado pela servidora SALETE TEREZINHA RABUSKE, pertencente ao quadro permanente deste Tribunal Regional Eleitoral do Paraná, criado pela Lei n.º 8.868, de 14.04.1994, em reciprocidade com um cargo de Técnico Judiciário, Área de Atividade Administrativa, do quadro permanente de pessoal do Tribunal Regional Eleitoral de Santa Catarina, ocupado pela servidora GISELI MARIA SAKAMOTO CARNIERI.</p><p>Art. 2.º A efetivação da redistribuição do cargo ocupado pela servidora SALETE TEREZINHA RABUSKE, deste Regional, dependerá da redistribuição do cargo de Técnico Judiciário, Área Administrativa, ocupado pela servidora GISELI MARIA SAKAMOTO CARNIERI, do quadro permanente de pessoal do Tribunal Regional Eleitoral de Santa Catarina.</p><p>Art. 3.º A servidora GISELI MARIA SAKAMOTO CARNIERI terá 30 (trinta) dias para a retomada do efetivo desempenho das atribuições do cargo, contados a partir da publicação, com fulcro no artigo 18, da Lei n.º 8.112/90, e no parágrafo único do art. 14, da Resolução TSE n.º 23.430/2014.</p><p>Art. 4.º As redistribuições não acarretam concessão de indenizações, uma vez que as servidoras renunciaram expressamente a este direito.</p><p>Art. 5.º Esta portaria entra em vigor a partir da publicação no Diário Oficial da União.</p>]]></Texto>
    <Autores>
      <assina>Des. ADALBERTO JORGE XISTO PEREIRA</assina>
    </Autores>
  </body>
</article></xml>