<xml><article id="642821" name="36 - DISPENSA MARCIO YAMAZATO" idOficio="4580965" pubName="DO2" artType="Portaria" pubDate="01/12/2017" artClass="00037:00064:00001:00003:00004:00004:00000:00000:00000:00000:00025:00004" artSection="Poder Judiciário" artCategory="Tribunal Regional do Trabalho da 24ª Região" artSize="8" artNotes="" numberPage="81" pdfPage="http://pesquisa.in.gov.br/imprensa/jsp/visualiza/index.jsp?data=01/12/2017&amp;jornal=529&amp;pagina=81" editionNumber="230">
  <body>
    <Identifica><![CDATA[PORTARIA Nº 1.063, DE 23 DE NOVEMBRO DE 2017]]></Identifica>
    <Data><![CDATA[]]></Data>
    <Ementa />
    <Titulo />
    <SubTitulo />
    <Texto><![CDATA[<p> A COORDENADORA DE GESTÃO DE PESSOAS EM SUBSTITUIÇÃO DO TRIBUNAL REGIONAL DO TRABALHO DA 24ª REGIÃO, no uso de suas  atribuições  legais  e  regimentais, resolve:</p><p> DISPENSAR o servidor MÁRCIO YAMAZATO, ANALISTA JUDICIÁRIO, da Função Comissionada de ASSISTENTE (KY-10), símbolo FC-2, com efeitos a contar de 01/12/2017.</p>]]></Texto>
    <Autores>
      <assina>MÁRCIA APARECIDA FRANCHI DE SANTI</assina>
    </Autores>
  </body>
</article></xml>