<xml><article id="642773" name="722,723,724,725,726,727_DG_FCPE_" idOficio="4577866" pubName="DO2" artType="Portaria" pubDate="01/12/2017" artClass="00006:00019:01211:00000:00000:00000:00000:00000:00000:00000:00025:0001" artSection="Presidência da República" artCategory="Gabinete de Segurança Institucional" artSize="8" artNotes="" numberPage="3" pdfPage="http://pesquisa.in.gov.br/imprensa/jsp/visualiza/index.jsp?data=01/12/2017&amp;jornal=529&amp;pagina=3" editionNumber="230">
  <body>
    <Identifica><![CDATA[PORTARIAS DE 21 DE NOVEMBRO DE 2017]]></Identifica>
    <Data><![CDATA[]]></Data>
    <Ementa />
    <Titulo />
    <SubTitulo />
    <Texto><![CDATA[<p> <strong>O DIRETOR-GERAL DA AGÊNCIA BRASILEIRA DE INTELIGÊNCIA</strong>, no uso da competência que lhe foi subdelegada pela alínea "e" do inciso I do art. 2° da Portaria n° 74-GSIPR, de 25 de novembro de 2016, publicada no Diário Oficial da União n° 231, de 2 de dezembro de 2016, resolve:</p><p>Nº 722 - Art. 1º Designar a servidora matrícula 909877 para a função comissionada de Superintendente, código FCPE 101.3</p><p>Nº 723 - Art. 1º Dispensar o servidor matrícula 910841 da função de comissionada de Superintendente, código FCPE 101.3.</p><p>Nº 724 - Art. 1º Dispensar o servidor matrícula 909306 da função comissionada de Superintendente, código FCPE 101.3.</p><p>Nº 725 - Art. 1º Designar o servidor matrícula 909321 para a função comissionada de Superintendente, código FCPE 101.3.</p><p>Nº 726 - Art. 1º Dispensar o servidor matrícula 24763 da função comissionada de Superintendente, código FCPE 101.3.</p><p>Nº 727 - Art. 1º Designar o servidor matrícula 910871 para a função comissionada de Superintendente, código FCPE 101.3, dispensando-o do encargo que atualmente ocupa.</p><p>Art. 2º Estas Portarias entram em vigor na data de sua publicação.</p>]]></Texto>
    <Autores />
  </body>
</article></xml>