<xml><article id="650387" name="remocao_DOU_4_12_MARIA_CLARA_INO" idOficio="4579632" pubName="DO2" artType="Portaria" pubDate="04/12/2017" artClass="00037:00040:00001:00001:00000:00000:00000:00000:00000:00000:00025:00001" artSection="Poder Judiciário" artCategory="Tribunal Regional do Trabalho da 1ª Região" artSize="8" artNotes="" numberPage="66" pdfPage="http://pesquisa.in.gov.br/imprensa/jsp/visualiza/index.jsp?data=04/12/2017&amp;jornal=529&amp;pagina=66" editionNumber="231">
  <body>
    <Identifica><![CDATA[PORTARIA Nº 1.857, DE 27 de outubro de 2017]]></Identifica>
    <Data><![CDATA[]]></Data>
    <Ementa />
    <Titulo />
    <SubTitulo />
    <Texto><![CDATA[<p> O PRESIDENTE DO TRIBUNAL REGIONAL DO TRABALHO DA PRIMEIRA REGIÃO, no uso de suas atribuições legais e regimentais, e tendo em vista o contido no Processo PROAD nº 4814/2017, resolve:</p><p>I- Remover, a pedido, o servidor MARIA CLARA INOJOSA MARCOLINI, Técnico Judiciário - Área Administrativa, do Quadro de Pessoal deste Regional, para o Tribunal Regional do Trabalho da Décima Nona Região, mediante permuta com o servidor BÁRBARA ESTANISLAU FIALHO BELTRÃO DE ALBUQUERQUE, Técnico Judiciário - Área Administrativa, do Quadro de Pessoal do Tribunal Regional do Trabalho da Décima Nona Região, nos termos do inc. II do art. 36 da Lei nº 8.112/1990, do art. 20 da Lei nº 11.416/2006 c/c o inciso II do art. 7º e art.13 da Resolução CSJT nº 110/2012;</p><p>II- Conceder licença trânsito de 10 (dez) dias ao servidor MARIA CLARA INOJOSA MARCOLINI, nos termos do art. 18 da Lei nº 8.112/90 em consonância com o art. 27, da Resolução CSJT nº 110/2012;</p><p>III- Esta portaria entra em vigor a partir da publicação.</p><p> </p><p> </p>]]></Texto>
    <Autores>
      <assina>Des.FERNANDO ANTONIO ZORZENON DA SILVA</assina>
    </Autores>
  </body>
</article></xml>