<xml><article id="704313" name="D 3096 e 3097 33401 449904 2017 " idOficio="4578133" pubName="DO2" artType="Portaria" pubDate="11/12/2017" artClass="00017:00001:00000:00000:00000:00000:00000:00000:00000:00000:00001:00002" artSection="Ministério da Saúde" artCategory="Gabinete do Ministro" artSize="8" artNotes="ch gab" numberPage="194" pdfPage="http://pesquisa.in.gov.br/imprensa/jsp/visualiza/index.jsp?data=11/12/2017&amp;jornal=529&amp;pagina=194" editionNumber="236">
  <body>
    <Identifica><![CDATA[PORTARIAS DE 20 DE NOVEMBRO DE 2017]]></Identifica>
    <Data><![CDATA[]]></Data>
    <Ementa />
    <Titulo />
    <SubTitulo />
    <Texto><![CDATA[<p> O CHEFE DE GABINETE DO MINISTRO DE ESTADO DA SAÚDE, no uso da competência que lhe foi delegada pela Portaria nº 761/GM/MS, de 13 de abril de 2011, resolve:</p><p>Nº 3.096 - Dispensar LUIZ ALFREDO LAMY da Função Comissionada Técnica de Assistente em Saúde II, código FCT-06, nº 30F.0046, do Hospital Federal de Ipanema, do Departamento de Gestão Hospitalar no Estado do Rio de Janeiro, da Secretaria de Atenção à Saúde.</p><p>Nº 3.097 - Designar HELEN REGINA DOS SANTOS, para exercer a Função Comissionada Técnica de Assistente em Saúde II, código FCT-06, nº 30F.0046, do Hospital Federal de Ipanema, do Departamento de Gestão Hospitalar no Estado do Rio de Janeiro, da Secretaria de Atenção à Saúde.</p>]]></Texto>
    <Autores>
      <assina>PAULO ROBERTO REBELLO FILHO</assina>
    </Autores>
  </body>
</article></xml>