<xml><article id="704319" name="D 3109 3110 Dispensar CLAUDINE M" idOficio="4578133" pubName="DO2" artType="Portaria" pubDate="11/12/2017" artClass="00017:00001:00000:00000:00000:00000:00000:00000:00000:00000:00001:00004" artSection="Ministério da Saúde" artCategory="Gabinete do Ministro" artSize="8" artNotes="ch gab" numberPage="194" pdfPage="http://pesquisa.in.gov.br/imprensa/jsp/visualiza/index.jsp?data=11/12/2017&amp;jornal=529&amp;pagina=194" editionNumber="236">
  <body>
    <Identifica><![CDATA[PORTARIAS DE 20 DE NOVEMBRO DE 2017]]></Identifica>
    <Data><![CDATA[]]></Data>
    <Ementa />
    <Titulo />
    <SubTitulo />
    <Texto><![CDATA[<p> O CHEFE DE GABINETE DO MINISTRO DE ESTADO DA SAÚDE, no uso da competência que lhe foi delegada pela Portaria nº 761/GM/MS, de 13 de abril de 2011, resolve:</p><p>Nº 3.109 - Dispensar CLAUDINE MAGALHÃES DA CONCEIÇÃO OLIVEIRA da Função Comissionada Técnica de Assistente em Saúde II, código FCT-06, nº 30F.0105, do Hospital Federal Cardoso Fontes, do Departamento de Gestão Hospitalar no Estado do Rio de Janeiro, da Secretaria de Atenção a Saúde.</p><p>Nº 3.110 - Designar MAURÍCIO DE CASTRO BISPO, para exercer a Função Comissionada Técnica de Assistente em Saúde II, código FCT-06, nº 30F.0105, do Departamento de Gestão Hospitalar no Estado do Rio de Janeiro, do Hospital Federal Cardoso Fontes, da Secretaria de Atenção a Saúde.</p>]]></Texto>
    <Autores>
      <assina>PAULO ROBERTO REBELLO FILHO</assina>
    </Autores>
  </body>
</article></xml>