<xml><article id="642794" name="Port.ele 631 - LILIAN Mª + 4ª" idOficio="4580459" pubName="DO2" artType="Portaria" pubDate="01/12/2017" artClass="00017:00002:00035:00002:00005:00000:00000:00000:00000:00000:00025:00001" artSection="Ministério da Saúde" artCategory="Secretaria Executiva" artSize="8" artNotes="" numberPage="43" pdfPage="http://pesquisa.in.gov.br/imprensa/jsp/visualiza/index.jsp?data=01/12/2017&amp;jornal=529&amp;pagina=43" editionNumber="230">
  <body>
    <Identifica><![CDATA[Portarias de 14 Novembro de 2017]]></Identifica>
    <Data><![CDATA[]]></Data>
    <Ementa />
    <Titulo />
    <SubTitulo />
    <Texto><![CDATA[<p> O CHEFE DA DIVISÃO DE GESTÃO ADMINISTRATIVA DO NÚCLEO ESTADUAL DO MINISTÉRIO DA SAÚDE NO ESTADO DE SÃO PAULO - no uso da competência que lhe foi subdelegada pela Portaria SAA/SE/MS nº. 1804 de 1/10/2013, publicada no DOU nº. 192, de 03/10/2013, e tendo em vista o que constam nos processos abaixo especificados, resolve:</p><p>Nº 631 - Conceder aposentadoria voluntária a servidora LILIAN MARIA ANDERSEN MILANI, matrícula SIAPE nº 596093, ocupante do cargo de Técnica de Comunicação Social, nível superior, classe "S", padrão III, do Quadro de Pessoal deste Ministério, com fundamento no artigo 40, inciso III, alínea "a", da Constituição Federal, combinado com o artigo 3º da E.C nº 47/2005. (Processo nº 25004.401339/2017-77).</p><p>Nº 632 - Conceder aposentadoria voluntária ao servidor CARLOS EDUARDO PINTO PACCA, matrícula SIAPE nº 603801, ocupante do cargo de Médico, nível superior, classe "S", padrão III, do Quadro de Pessoal deste Ministério, com fundamento no artigo 40, inciso III, alínea "a", da Constituição Federal, combinado com o artigo 3º da E.C nº 47/2005. (Processo nº 25004.003834/2017-14).</p><p>Nº 633 - Conceder aposentadoria voluntária ao servidor ANDRÉ PEREIRA DA SILVA, matrícula SIAPE nº 602216, ocupante do cargo de Auxiliar Operacional de Serviços Diversos, nível intermediário, classe "S", padrão III, do Quadro de Pessoal deste Ministério, com fundamento no artigo 40, inciso III, alínea "a", da Constituição Federal, combinado com o artigo 3º da E.C nº 47/2005. (Processo nº 25004.401314/2017-73).</p><p>Nº 638 - Conceder aposentadoria voluntária a servidora JURACI APARECIDA ANTONIO TEIXEIRA, matrícula SIAPE nº 656210, ocupante do cargo de Auxiliar Operacional de Serviços Diversos, nível intermediário, classe "S", padrão III, do Quadro de Pessoal deste Ministério, com fundamento no artigo 40, inciso III, alínea "a", da Constituição Federal, combinado com o artigo 3º da E.C nº 47/2005. (Processo nº 25004.400854/2017-30). </p><p>Chefe da Divisão de Gestão Administrativa</p><p>Núcleo Estadual/MS/SP</p>]]></Texto>
    <Autores>
      <assina>Ronaldo Raymundo</assina>
    </Autores>
  </body>
</article></xml>