<xml><article id="642791" name="remocao_DOU_01_12_MILA_ALBERONI" idOficio="4579723" pubName="DO2" artType="Portaria" pubDate="01/12/2017" artClass="00037:00040:00001:00001:00000:00000:00000:00000:00000:00000:00025:00001" artSection="Poder Judiciário" artCategory="Tribunal Regional do Trabalho da 1ª Região" artSize="8" artNotes="" numberPage="75" pdfPage="http://pesquisa.in.gov.br/imprensa/jsp/visualiza/index.jsp?data=01/12/2017&amp;jornal=529&amp;pagina=75" editionNumber="230">
  <body>
    <Identifica><![CDATA[PORTARIA Nº 1.912, DE 13 de novembro de 2017]]></Identifica>
    <Data><![CDATA[]]></Data>
    <Ementa />
    <Titulo />
    <SubTitulo />
    <Texto><![CDATA[<p> O PRESIDENTE DO TRIBUNAL REGIONAL DO TRABALHO DA PRIMEIRA REGIÃO, no uso de suas atribuições legais e regimentais, e tendo em vista o contido no Processo PROAD nº 1585/2017, resolve:</p><p>I-Remover, a pedido, o servidor MILA ALBERONI, Técnico Judiciário - Área Administrativa, do Quadro de Pessoal deste Regional, para o Tribunal Regional do Trabalho da Segunda Região, mediante permuta com o servidor FERNANDA MOREIRA LOPES, Técnico Judiciário - Área Administrativa, do Quadro de Pessoal do Tribunal Regional do Trabalho da Segunda Região, nos termos do inc. II do art. 36 da Lei nº 8.112/1990, do art. 20 da Lei nº 11.416/2006 c/c o inciso II do art. 7º e art.13 da Resolução CSJT nº 110/2012;</p><p>II-Conceder licença trânsito de 10 (dez) dias ao servidor MILA ALBERONI, nos termos do art. 18 da Lei nº 8.112/90 em consonância com o art. 27, da Resolução CSJT nº 110/2012;</p><p>III- Esta portaria entra em vigor a partir de 1º de dezembro de 2017.</p><p> </p>]]></Texto>
    <Autores>
      <assina>Des. FERNANDO ANTONIO ZORZENON DA SILVA</assina>
    </Autores>
  </body>
</article></xml>