<xml><article id="642758" name="trt9a245-2017 CODAF 289" idOficio="4577539" pubName="DO2" artType="Portaria" pubDate="01/12/2017" artClass="00037:00048:00001:00001:00017:00000:00000:00000:00000:00000:00025:00003" artSection="Poder Judiciário" artCategory="Tribunal Regional do Trabalho da 9ª Região" artSize="8" artNotes="" numberPage="78" pdfPage="http://pesquisa.in.gov.br/imprensa/jsp/visualiza/index.jsp?data=01/12/2017&amp;jornal=529&amp;pagina=78" editionNumber="230">
  <body>
    <Identifica><![CDATA[PORTARIA Nº 289, DE 22 DE NOVEMBRO DE 2017]]></Identifica>
    <Data><![CDATA[]]></Data>
    <Ementa />
    <Titulo />
    <SubTitulo />
    <Texto><![CDATA[<p>O COORDENADOR DE DADOS FUNCIONAIS DO TRIBUNAL REGIONAL DO TRABALHO DA 9ª REGIÃO, usando de suas atribuições legais, e diante do disposto nos DES ADG 2661/2016 e DES GABSGP 1175/2016, resolve: </p><p>I - designar ANGELA MENDES VIANA, Analista Judiciária Área Judiciária, classe C, padrão 13, para EXERCER o Cargo em Comissão de Coordenador Jurídico-Operacional (c-9679), código TRT 9ª CJ-2, da Secretaria Geral Judiciária, a partir da data da publicação, dispensando-a da Função Comissionada de Assistente Especializado VI (c-9815), código TRT 9ª FC-6, do Núcleo de Dissídios Coletivos, a partir da mesma data (Documento Eletrônico nº 2/2017).</p><p> </p>]]></Texto>
    <Autores>
      <assina>FERNANDO CESAR BELINCANTA</assina>
    </Autores>
  </body>
</article></xml>