<xml><article id="655554" name="PORT 1999 A 2004" idOficio="4576470" pubName="DO2" artType="Portaria" pubDate="04/12/2017" artClass="00017:00002:00001:00000:00000:00000:00000:00000:00000:00000:00025:00001" artSection="Ministério da Saúde" artCategory="Secretaria Executiva" artSize="12" artNotes="Liberada pela SAJ/Casa Civil" numberPage="40" pdfPage="http://pesquisa.in.gov.br/imprensa/jsp/visualiza/index.jsp?data=04/12/2017&amp;jornal=529&amp;pagina=40" editionNumber="231">
  <body>
    <Identifica><![CDATA[PORTARIAS DE 17 DE NOVEMBRO DE 2017]]></Identifica>
    <Data><![CDATA[]]></Data>
    <Ementa />
    <Titulo />
    <SubTitulo><![CDATA[ANEXO]]></SubTitulo>
    <Texto><![CDATA[<p> O SUBSECRETÁRIO DE ASSUNTOS ADMINISTRATIVOS DO MINISTÉRIO DA SAÚDE, no uso de suas atribuições legais, resolve:</p><p>Nº 1.999 - Designar SOLANGE SIQUEIRA DUARTE DOS SANTOS para exercer o encargo de substituta eventual do Diretor, DAS-101.4, código 45.0700, do Instituto Nacional de Infectologia Evandro Chagas, da Fundação Oswaldo Cruz.</p><p> Nº 2.000 - Designar ALVARO CORDEIRO PRATA para exercer o encargo de substituto eventual do Chefe da Divisão de Contratos e Licitação, DAS-101.2, código nº 30.0223, da Coordenação de Administração, do Hospital Federal dos Servidores do Estado, do Departamento de Gestão Hospitalar no Estado do Rio de Janeiro, da Secretaria de Atenção à Saúde, ficando dispensado MARCOS VINICIUS NUNES CERQUEIRA.</p><p>Nº 2.001 - Designar GABRIEL DOS SANTOS SERPA para exercer o encargo de substituto eventual da Coordenadora de Contabilidade, DAS-101.3, código 05.0262, da Coordenação-Geral de Execução Orçamentária, Financeira e Contábil, da Diretoria-Executiva do Fundo Nacional de Saúde, da Secretaria-Executiva, ficando dispensado JOSÉ EVERALDO MACIEL DE MEDEIROS.</p><p>Nº 2.002 - Designar ANDRÉ LUIS DANTAS DE MENDONÇA, para exercer o encargo de substituto eventual da Coordenadora de Organização Administrativa, DAS-101.3, código 10.0011, da Consultoria Jurídica, ficando dispensada do referido encargo, a pedido, a partir de 14 de novembro de 2017, LUCIENE BATISTA DE SOUSA.</p><p>Nº 2.003 - Designar ANDRÉ LUIS DANTAS DE MENDONÇA, para para substituir, no período de 16 a 28 de novembro de 2017, a Coordenadora de Organização Administrativa, DAS-101.3, código 10.0011, da Consultoria Jurídica, em virtude de férias da titular e da dispensa a pedido da substituta eventual designada.</p><p>O Subsecretário de Assuntos Administrativos do Ministério da Saúde, considerando o disposto no inciso II do artigo 93 da Lei 8.112 de 12 de dezembro de 1990, no inciso XI do artigo 7º da Lei n.º 8.080 de 19 de setembro de 1990, artigo 20 da Lei n.º 8.270 de 17 de dezembro de 1991, artigo 11 da Lei n.º 9.527 de 10 de dezembro de 1997 e na Portaria GM/MS n.º. 243 de 10 de março de 2015, e no uso da competência que lhe foi subdelegada pela Portaria SE/MS nº 553, de 5 de maio de 2011, publicada no Diário Oficial da União de 6 de maio de 2011, resolve:</p><p>Nº 2.004 - Artigo 1º - Colocar à disposição da Secretaria Municipal de Saúde de Vilhena, no Estado de Rondônia, com ônus para a origem, os servidores do Quadro de Pessoal deste Ministério, constante do anexo, em conformidade com o Convênio SUS n.º 676/2016, cujo Extrato foi publicado no Diário Oficial da União - DOU n.º 140, de 22 de julho de 2016, firmado entre o Ministério da Saúde e a Prefeitura Municipal de Vilhena, no Estado de Rondônia, representado por sua Secretaria Municipal de Saúde.</p><p>Artigo 2º - Cumpre à Divisão de Gestão do Núcleo Estadual do Ministério da Saúde em Rondônia e à Secretaria Municipal de Saúde de Vilhena, no Estado de Rondônia, a observância dos procedimentos de Gestão de Pessoal cedido para o Sistema Único de Saúde, (SUS), aprovados pela Portaria GM/MS n.º 243/2015, de 10 de março de 2015, publicada no Diário Oficial da União, nº 47, de 11de março de 2015.</p><p>Artigo 3º - Esta Portaria entra em vigor na data de sua publicação. (Proc. SEI nº. 25008.400460/2017-41).</p><p> </p><table><tr /><tr><td><p>SIAPE</p></td><td><p>NOME</p></td><td><p>CARGO</p></td></tr><tr><td><p>0520124</p></td><td><p>Ademar Bezerra Batista</p></td><td><p>Artif de Carpint e Marcenaria</p></td></tr><tr><td><p>0473577</p></td><td><p>Agripina Borges de Almeida Souza</p></td><td><p>Atendente</p></td></tr><tr><td><p>1044881</p></td><td><p>Ari Aldo da Silva</p></td><td><p>Assistente de Administração</p></td></tr><tr><td><p>0473571</p></td><td><p>Aristeu Brito de Farias Filho</p></td><td><p>Atendente</p></td></tr><tr><td><p>1052848</p></td><td><p>Eli Lopes Nunes Fiuza</p></td><td><p>Atendente</p></td></tr><tr><td><p>0473558</p></td><td><p>Elieuza de Fatima Vieira Nogueira</p></td><td><p>Atendente</p></td></tr><tr><td><p>0471495</p></td><td><p>Eva Maria Gomes</p></td><td><p>Auxiliar de Serviços Gerais</p></td></tr><tr><td><p>0473537</p></td><td><p>Ivanira dos Santos Rocha</p></td><td><p>Auxiliar de Serviços Gerais</p></td></tr><tr><td><p>0471493</p></td><td><p>Juliana Maria Vicente</p></td><td><p>Enfermeiro</p></td></tr><tr><td><p>0475024</p></td><td><p>Julieta Mota Correa</p></td><td><p>Atendente</p></td></tr><tr><td><p>0473520</p></td><td><p>Lucimar Campos Sales Marques</p></td><td><p>Auxiliar de Serviços Gerais</p></td></tr><tr><td><p>0446595</p></td><td><p>Maria Aparecida Simoes da Silva</p></td><td><p>Aux Operac de Serv Div de Saúde</p></td></tr><tr><td><p>0444565</p></td><td><p>Maria de Nazare Pereira Miranda</p></td><td><p>Tecnico Em Enfermagem</p></td></tr><tr><td><p>0473334</p></td><td><p>Maria Lima Siqueira Sato</p></td><td><p>Atendente</p></td></tr><tr><td><p>0473276</p></td><td><p>Maria Rosimari Tavares Roncato</p></td><td><p>Auxiliar de Contabilidade</p></td></tr><tr><td><p>0474182</p></td><td><p>Nair de Lourdes Goncalves da Rocha</p></td><td><p>Atendente</p></td></tr><tr><td><p>0473258</p></td><td><p>Roseli Lopes dos Santos Kuipers</p></td><td><p>Economo</p></td></tr><tr><td><p>0473242</p></td><td><p>Sandra Regina Ribas</p></td><td><p>Auxiliar Administrativo</p></td></tr><tr><td><p>0473174</p></td><td><p>Vania Alcina Cremasco</p></td><td><p>Auxiliar de Higiene Dental</p></td></tr><tr><td><p>0474121</p></td><td><p>Zenilda Souza Santos</p></td><td><p>Auxiliar de Serviços Gerais</p></td></tr><tr><td><p>0444578</p></td><td><p>Zuleide Ribeiro da Silva Souza</p></td><td><p>Tecnico em Enfermagem</p></td></tr></table>]]></Texto>
    <Autores>
      <assina>LEONARDO ROSÁRIO DE ALCÂNTARA</assina>
    </Autores>
  </body>
</article></xml>