<xml><article id="642776" name="730,731 _DG_DAS_Exonerar_Nomear" idOficio="4577866" pubName="DO2" artType="Portaria" pubDate="01/12/2017" artClass="00006:00019:01211:00000:00000:00000:00000:00000:00000:00000:00025:0003" artSection="Presidência da República" artCategory="Gabinete de Segurança Institucional" artSize="8" artNotes="" numberPage="3" pdfPage="http://pesquisa.in.gov.br/imprensa/jsp/visualiza/index.jsp?data=01/12/2017&amp;jornal=529&amp;pagina=3" editionNumber="230">
  <body>
    <Identifica />
    <Data><![CDATA[]]></Data>
    <Ementa />
    <Titulo />
    <SubTitulo />
    <Texto><![CDATA[<p> <strong>O DIRETOR-GERAL DA AGÊNCIA BRASILEIRA DE INTELIGÊNCIA</strong>, no uso da competência que lhe foi subdelegada pela alínea "a" do inciso I do art. 2° da Portaria n° 74-GSIPR, de 25 de novembro de 2016, publicada no Diário Oficial da União n° 231, de 2 de dezembro de 2016, resolve:</p><p>Nº 730 - Art. 1º Exonerar o servidor matrícula nº 909991, do cargo em comissão de Chefe, código DAS 101.2.</p><p>Nº 731 - Art. 1º Nomear a servidora matrícula nº 911471, para o cargo em comissão de Chefe, código DAS 101.2, ficando dispensada do cargo que atualmente ocupa.</p><p>Art. 2º Estas Portarias entram em vigor na data de sua publicação.</p>]]></Texto>
    <Autores>
      <assina>JANÉR TESCH HOSKEN ALVARENGA</assina>
    </Autores>
  </body>
</article></xml>