<xml><article id="642827" name="34 - DISPENSA E DESIGNA REGINA K" idOficio="4580965" pubName="DO2" artType="Portaria" pubDate="01/12/2017" artClass="00037:00064:00001:00003:00004:00004:00000:00000:00000:00000:00025:00002" artSection="Poder Judiciário" artCategory="Tribunal Regional do Trabalho da 24ª Região" artSize="8" artNotes="" numberPage="81" pdfPage="http://pesquisa.in.gov.br/imprensa/jsp/visualiza/index.jsp?data=01/12/2017&amp;jornal=529&amp;pagina=81" editionNumber="230">
  <body>
    <Identifica><![CDATA[PORTARIA Nº 1.061, DE 23 DE NOVEMBRO DE 2017]]></Identifica>
    <Data><![CDATA[]]></Data>
    <Ementa />
    <Titulo />
    <SubTitulo />
    <Texto><![CDATA[<p> A COORDENADORA DE GESTÃO DE PESSOAS EM SUBSTITUIÇÃO DO TRIBUNAL REGIONAL DO TRABALHO DA 24ª REGIÃO, no uso de suas  atribuições  legais  e  regimentais, resolve:</p><p> 1. DISPENSAR a servidora REGINA KERKEBE CANNELLINI, TÉCNICO JUDICIÁRIO, com lotação na 5ª VARA DO TRABALHO DE CAMPO GRANDE, da Função Comissionada de CALCULISTA (135-RA-118), símbolo FC-4, com efeitos a contar de 01/12/2017. 2. DESIGNAR a referida servidora para exercer a Função Comissionada de ASSISTENTE (KY-10), símbolo FC-2, com efeitos a contar de 01/12/2017.</p>]]></Texto>
    <Autores>
      <assina>MÁRCIA APARECIDA FRANCHI DE SANTI</assina>
    </Autores>
  </body>
</article></xml>