<xml><article id="704316" name="D 3098 3099 Designar CLÁUDIA KAR" idOficio="4578133" pubName="DO2" artType="Portaria" pubDate="11/12/2017" artClass="00017:00001:00000:00000:00000:00000:00000:00000:00000:00000:00001:00003" artSection="Ministério da Saúde" artCategory="Gabinete do Ministro" artSize="8" artNotes="ch gab" numberPage="194" pdfPage="http://pesquisa.in.gov.br/imprensa/jsp/visualiza/index.jsp?data=11/12/2017&amp;jornal=529&amp;pagina=194" editionNumber="236">
  <body>
    <Identifica><![CDATA[PORTARIAS DE 20 DE NOVEMBRO DE 2017]]></Identifica>
    <Data><![CDATA[]]></Data>
    <Ementa />
    <Titulo />
    <SubTitulo />
    <Texto><![CDATA[<p> O CHEFE DE GABINETE DO MINISTRO DE ESTADO DA SAÚDE, no uso da competência que lhe foi delegada pela Portaria nº 481/GM/MS, de 18 de março de 2011, resolve:</p><p>Nº 3.098 - Designar CLÁUDIA KAROLINE MACÊDO COSTA, para exercer a Função Gratificada de Assistente I, código FG-01, nº 40.0002, da Secretaria Executiva do Conselho Nacional de Saúde, ficando dispensada da que atualmente ocupa.</p><p>Nº 3.099 - Designar LUCAS BETTI DE VASCONCELLOS, para exercer a Função Gratificada de Assistente III, código FG-03, nº 01.0051, da Coordenação-Geral do Gabinete do Ministro.</p>]]></Texto>
    <Autores>
      <assina>PAULO ROBERTO REBELLO FILHO</assina>
    </Autores>
  </body>
</article></xml>