<xml><article id="642755" name="Port.ele 607 - CARLOS HENRIQUE +" idOficio="4576959" pubName="DO2" artType="Portaria" pubDate="01/12/2017" artClass="00017:00002:00035:00002:00005:00000:00000:00000:00000:00000:00025:00001" artSection="Ministério da Saúde" artCategory="Secretaria Executiva" artSize="8" artNotes="" numberPage="43" pdfPage="http://pesquisa.in.gov.br/imprensa/jsp/visualiza/index.jsp?data=01/12/2017&amp;jornal=529&amp;pagina=43" editionNumber="230">
  <body>
    <Identifica><![CDATA[Portarias de 6 de Novembro de 2017]]></Identifica>
    <Data><![CDATA[]]></Data>
    <Ementa />
    <Titulo />
    <SubTitulo />
    <Texto><![CDATA[<p> </p><p> O CHEFE DA DIVISÃO DE GESTÃO ADMINISTRATIVA DO NÚCLEO ESTADUAL DO MINISTÉRIO DA SAÚDE NO ESTADO DE SÃO PAULO - no uso da competência que lhe foi subdelegada pela Portaria SAA/SE/MS nº. 1804 de 1/10/2013, publicada no DOU nº. 192, de 03/10/2013, e tendo em vista o que constam nos processos abaixo especificados, resolve:</p><p>Nº 607 - Conceder aposentadoria voluntária ao servidor CARLOS HENRIQUE POLLI, matrícula SIAPE nº 604.516, ocupante do cargo de Médico , nível superior, classe "S", padrão III, do Quadro de Pessoal deste Ministério, com fundamento no artigo 40, paragrafo, 1º, inciso III, alínea "a", da Constituição Federal, com a redação dada pela  Emenda Constitucional n.º 41/03, com  proventos  calculados com base no artigo 1º da Lei nº 10887/04. (Processo nº 25004.009052/2016-16).</p><p>Nº 608- Conceder aposentadoria voluntária ao servidor JOÃO BOSCO RAMOS BORGES, matrícula SIAPE nº 603648, ocupante do cargo de Médico, nível superior, classe "S", padrão III, do Quadro de Pessoal deste Ministério, com fundamento no artigo 40, inciso III, alínea "a", da Constituição Federal, combinado com o artigo 3.°, da Emenda Constitucional n.º 47/05. (Processo nº 25004.009734/2016-11).</p><p>Nº 609- Conceder aposentadoria voluntária ao servidor JOSE ARMANDO DE OLIVEIRA VALLADA, matrícula SIAPE nº 603968, ocupante do cargo de Médico, nível superior, classe "S", padrão III, do Quadro de Pessoal deste Ministério, com fundamento no artigo 40, inciso III, alínea "a", da Constituição Federal, combinado com o artigo 3.°, da Emenda Constitucional n.º 47/05. (Processo nº 25004.400778/2017-62).</p><p>Nº 610 - Conceder aposentadoria voluntária à servidora SILVANA LUIZA MIRANDA VALENTE, matrícula SIAPE nº 602976, ocupante do cargo de Enfermeiro , nível superior, classe "S", padrão III, do Quadro de Pessoal deste Ministério, com fundamento no artigo 40, paragrafo, 1º, inciso III, alínea "a", da Constituição Federal, com a redação dada pela  Emenda Constitucional n.º 41/03, com  proventos  calculados com base no artigo 1º da Lei nº 10887/04. (Processo nº 25004.400324/2017-91).</p>]]></Texto>
    <Autores>
      <assina>Ronaldo Raymundo</assina>
    </Autores>
  </body>
</article></xml>