﻿<xml><article id="894381" name="Port.ele 639 -JOSE MANOEL" idOficio="4580476" pubName="DO2" artType="Portaria" pubDate="27/12/2017" artClass="00017:00002:00035:00002:00005:00000:00000:00000:00000:00000:00025:00001" artSection="Serviço de Pessoal Inativo" artCategory="Serviço de Pessoal Inativo" artSize="8" artNotes="" numberPage="45" pdfPage="http://pesquisa.in.gov.br/imprensa/jsp/visualiza/index.jsp?data=27/12/2017&amp;jornal=529&amp;pagina=45" editionNumber="247">
  <body>
    <Identifica><![CDATA[Portaria Nº 639, de 21 Novembro de 2017]]></Identifica>
    <Data><![CDATA[]]></Data>
    <Ementa />
    <Titulo />
    <SubTitulo />
    <Texto><![CDATA[<p> O CHEFE DA DIVISÃO DE GESTÃO ADMINISTRATIVA DO NÚCLEO ESTADUAL DO MINISTÉRIO DA SAÚDE NO ESTADO DE SÃO PAULO - no uso da competência que lhe foi subdelegada pela Portaria SAA/SE/MS nº. 1804 de 1/10/2013, publicada no DOU nº. 192, de 03/10/2013, e tendo em vista o que constam nos processos abaixo especificados, resolve:</p><p> Conceder aposentadoria voluntária ao servidor JOSÉ MANOEL DE SOUZA, matrícula SIAPE nº 605333, ocupante do cargo de Agente Administrativo, nível intermediário, classe "S", padrão III, do Quadro de Pessoal deste Ministério, com fundamento no artigo 40, inciso III, alínea "a", da Constituição Federal, combinado com o artigo 3.°, da Emenda Constitucional n.º 47/05. (Processo nº 25004.401297/2017-74).</p>]]></Texto>
    <Autores>
      <assina>Ronaldo Raymundo</assina>
    </Autores>
  </body>
</article></xml>