<xml><article id="642836" name="Portaria para a imprensa" idOficio="4581094" pubName="DO2" artType="Portaria" pubDate="01/12/2017" artClass="00037:00042:00001:00000:00000:00000:00000:00000:00000:00000:00025:00001" artSection="Poder Judiciário" artCategory="Tribunal Regional do Trabalho da 3ª Região" artSize="8" artNotes="" numberPage="76" pdfPage="http://pesquisa.in.gov.br/imprensa/jsp/visualiza/index.jsp?data=01/12/2017&amp;jornal=529&amp;pagina=76" editionNumber="230">
  <body>
    <Identifica><![CDATA[PORTARIA N 327, DE 28 DE JULHO DE 2017]]></Identifica>
    <Data><![CDATA[]]></Data>
    <Ementa />
    <Titulo />
    <SubTitulo />
    <Texto><![CDATA[<p> O PRESIDENTE DO TRIBUNAL REGIONAL DO TRABALHO DA TERCEIRA REGIÃO, no uso de suas atribuições legais e regimentais, CONSIDERANDO o disposto no art. 37 da Lei n. 8.112, de 11 de dezembro de 1990; CONSIDERANDO os termos da Resolução n. 146, de 6 de março de 2012, do Conselho Nacional de Justiça; e CONSIDERANDO o constante no processo TRT/e-PAD/9442/2017; resolve:</p><p>Art. 1º Redistribuir o cargo de Analista Judiciário, Área Judiciária, Especialidade Oficial de Justiça Avaliador Federal, deste Tribunal, ocupado pelo servidor Thiago Valbão Poleti, em reciprocidade com o cargo de Analista Judiciário, Área Judiciária, Especialidade Oficial de Justiça Avaliador Federal, provido pelo servidor Fernando Amaral Amador dos Santos, do Quadro de Pessoal do Tribunal Regional do Trabalho da 17ª Região.</p><p>Art. 2º Esta portaria entra em vigor na data de sua publicação.</p><p> </p><p> </p>]]></Texto>
    <Autores>
      <assina>Des.JÚLIO BERNARDO DO CARMO</assina>
    </Autores>
  </body>
</article></xml>