<xml><article id="773150" name="MMNF. Gabarito DOU" idOficio="4580562" pubName="DO2" artType="Ato" pubDate="19/12/2017" artClass="00037:00024:00000:00000:00000:00000:00000:00000:00000:00000:00001:00001" artSection="Poder Judiciário" artCategory="Tribunal Regional Eleitoral de Minas Gerais" artSize="8" artNotes="" numberPage="65" pdfPage="http://pesquisa.in.gov.br/imprensa/jsp/visualiza/index.jsp?data=19/12/2017&amp;jornal=529&amp;pagina=65" editionNumber="242">
  <body>
    <Identifica><![CDATA[ATO DE Nº 176, de 23 de novembro de 2017]]></Identifica>
    <Data><![CDATA[]]></Data>
    <Ementa />
    <Titulo />
    <SubTitulo />
    <Texto><![CDATA[<p> O EXCELENTÍSSIMO SENHOR DESEMBARGADOR PRESIDENTE DO TRIBUNAL REGIONAL ELEITORAL DE MINAS GERAIS, no uso de suas atribuições e tendo em vista o Processo nº 1713806/2017, assinou o seguinte Ato:</p><p>concedendo aposentadoria voluntária por tempo de contribuição, com proventos integrais, a MARISTELA MARTINS NEVES DE FREITAS, servidora do Quadro de Pessoal deste Tribunal, ocupante do cargo efetivo de Analista Judiciário, Área Judiciária, Classe C, Padrão 13, lotada na Seção de Registro de Seções - SEREG , em cargo criado pela Lei nº 8.868/1994, nos termos do art. 3º da Emenda Constitucional nº 47/2005.</p>]]></Texto>
    <Autores>
      <assina>EDGARD PENNA AMORIM</assina>
    </Autores>
  </body>
</article></xml>