<xml><article id="648162" name="PORT_538_2017 - CHEFIA - PRORROG" idOficio="4584312" pubName="DO2" artType="Portaria" pubDate="01/12/2017" artClass="00037:00052:00000:00000:00000:00000:00000:00000:00000:00000:00001:0003" artSection="Poder Judiciário" artCategory="Tribunal Regional do Trabalho da 13ª Região" artSize="8" artNotes="" numberPage="79" pdfPage="http://pesquisa.in.gov.br/imprensa/jsp/visualiza/index.jsp?data=01/12/2017&amp;jornal=529&amp;pagina=79" editionNumber="230">
  <body>
    <Identifica><![CDATA[RETIFICAÇÃO]]></Identifica>
    <Data><![CDATA[]]></Data>
    <Ementa />
    <Titulo />
    <SubTitulo />
    <Texto><![CDATA[<p> Na Portaria nº 538, de 28  de  novembro de 2017 publicada no DOU nº 228, de 29-11-2017, Seção 2, pág. 62, no título, exclua-se, por ter saído indevidamente: "TRIBUNAL REGIONAL DO TRABALHO DA 21ª REGIÃO".</p><p>(p/Coejo)</p>]]></Texto>
    <Autores />
  </body>
</article></xml>