<xml><article id="650393" name="Remoção Bárbara e Maria Clara - " idOficio="4581207" pubName="DO2" artType="Ato" pubDate="04/12/2017" artClass="00037:00058:00001:00000:00000:00000:00000:00000:00000:00000:00001:00001" artSection="Poder Judiciário" artCategory="Tribunal Regional do Trabalho da 19ª Região" artSize="8" artNotes="" numberPage="69" pdfPage="http://pesquisa.in.gov.br/imprensa/jsp/visualiza/index.jsp?data=04/12/2017&amp;jornal=529&amp;pagina=69" editionNumber="231">
  <body>
    <Identifica><![CDATA[ATO Nº 109, DE 24 DE NOVEMBRO DE 2017]]></Identifica>
    <Data><![CDATA[]]></Data>
    <Ementa />
    <Titulo />
    <SubTitulo />
    <Texto><![CDATA[<p> O DESEMBARGADOR PRESIDENTE DO TRIBUNAL REGIONAL DO TRABALHO DA DÉCIMA NONA REGIÃO, no uso de suas atribuições legais e regimentais estabelecidas no inciso VII do artigo 24 do Regimento Interno, na forma prevista no artigo 20 da Lei nº 11.416/2006 e pela Resolução CSJT nº 110/2012, que dispõem sobre o instituto de remoção dos servidores integrantes da Justiça do Trabalho, considerando o que consta no Proad TRT 19ª nº 55.668/2017, resolve</p><p>Art. 1°. Remover, a pedido, a servidora Bárbara Estanislau Fialho Beltrão de Albuquerque, Técnico Judiciário, Área Administrativa, Classe B, Padrão 9, do Quadro de Pessoal Permanente deste Tribunal para o Tribunal Regional do Trabalho da 1ª Região, mediante permuta com a servidora Maria Clara Inojosa Marcolini, Técnico Judiciário, Área Administrativa, do TRT da 1ª Região para este Regional, com efeitos a contar da publicação.</p><p> </p><p> </p><p> </p>]]></Texto>
    <Autores>
      <assina>PEDRO INÁCIO DA SILVA</assina>
    </Autores>
  </body>
</article></xml>