<xml><article id="642941" name="CRISPINHO RIBEIRO DA SILVA - 28." idOficio="4584057" pubName="DO2" artType="Portaria" pubDate="01/12/2017" artClass="00015:00003:00124:00163:00000:00000:00000:00000:00000:00000:00025:00001" artSection="Ministério da Justiça e Segurança Pública" artCategory="Secretaria Executiva" artSize="8" artNotes="" numberPage="40" pdfPage="http://pesquisa.in.gov.br/imprensa/jsp/visualiza/index.jsp?data=01/12/2017&amp;jornal=529&amp;pagina=40" editionNumber="230">
  <body>
    <Identifica><![CDATA[Portaria nº 732, de 6 de novembro de 2017]]></Identifica>
    <Data><![CDATA[]]></Data>
    <Ementa />
    <Titulo />
    <SubTitulo />
    <Texto><![CDATA[<p> O COORDENADOR-GERAL DE GESTÃO DE PESSOAS DA SUBSECRETARIA DE ADMINISTRAÇÃO DA SECRETARIA EXECUTIVA DO MINISTÉRIO DA JUSTIÇA E SEGURANÇA PÚBLICA, no uso de suas atribuições subdelegadas pelo inciso X do art. 2º da Portaria SPOA/SE/MJ nº 65, de 4 de junho de 2014, resolve:</p><p>Conceder, com fundamento no art. 3º da Emenda Constitucional nº 47, de 5 de julho de 2005, aposentadoria voluntária a CRISPINHO RIBEIRO DA SILVA, matrícula SIAPE nº 0161502, no cargo de Motorista Oficial, Classe S, Padrão III, do Quadro de Pessoal deste Ministério (Processo nº 08084.001078/2017-27).</p>]]></Texto>
    <Autores>
      <assina>JOSÉ DE ALBUQUERQUE NOGUEIRA FILHO</assina>
    </Autores>
  </body>
</article></xml>