<xml><article id="642965" name="A671_2017" idOficio="4584451" pubName="DO2" artType="Ato" pubDate="01/12/2017" artClass="00037:00051:00001:00000:00000:00000:00000:00000:00000:00000:00001:00001" artSection="Poder Judiciário" artCategory="Tribunal Regional do Trabalho da 12ª Região" artSize="8" artNotes="" numberPage="79" pdfPage="http://pesquisa.in.gov.br/imprensa/jsp/visualiza/index.jsp?data=01/12/2017&amp;jornal=529&amp;pagina=79" editionNumber="230">
  <body>
    <Identifica><![CDATA[ATO nº 671, de 27 de novembro de 2017]]></Identifica>
    <Data><![CDATA[]]></Data>
    <Ementa />
    <Titulo />
    <SubTitulo />
    <Texto><![CDATA[<p> </p><p> O PRESIDENTE   DO TRIBUNAL REGIONAL DO TRABALHO DA 12ª REGIÃO,  no uso de suas atribuições legais, regimentais e tendo em vista o disposto no expediente PROAD  nº 11.043/2017, </p><p>I - REDISTRIBUIR  a partir de 1º-12-2017 o cargo efetivo de Analista Judiciário, Área Apoio Especializado, Especialidade Tecnologia da Informação, ocupado pelo servidor THIAGO ROSA VAZ, do Quadro Permanente de Pessoal da Secretaria deste Tribunal, para o Quadro de Pessoal do Tribunal Regional do Trabalho da 18ª Região, por meio de triangulação, recebendo o cargo de  Analista Judiciário, Área Apoio Especializado, Especialidade Tecnologia da Informação, ocupado pelo servidor GABRIEL LORENSI LOPES, do Quadro de Pessoal do Tribunal Regional do Trabalho da 9ª Região, o qual receberá um cargo vago de Analista Judiciário, Área Administrativa, do Quadro de Pessoal do Tribunal Regional do Trabalho da 18ª Região, com fulcro no artigo 37 da Lei nº 8.112/90 e na Resolução CNJ nº 146/2012. II - LOTAR GABRIEL LORENSI LOPES na Secretaria de Tecnologia da Informação e Comunicação. Publique-se.</p>]]></Texto>
    <Autores>
      <assina>GRACIO RICARDO BARBOZA PETRONE</assina>
    </Autores>
  </body>
</article></xml>