<xml><article id="642875" name="Portaria N° 234 DE 23-11-2017 - " idOficio="4582186" pubName="DO2" artType="Portaria" pubDate="01/12/2017" artClass="00025:00002:00016:00000:00000:00000:00000:00000:00000:00000:00025:00001" artSection="Ministério do Meio Ambiente" artCategory="Secretaria Executiva" artSize="8" artNotes="" numberPage="52" pdfPage="http://pesquisa.in.gov.br/imprensa/jsp/visualiza/index.jsp?data=01/12/2017&amp;jornal=529&amp;pagina=52" editionNumber="230">
  <body>
    <Identifica><![CDATA[PORTARIA Nº 234, DE 23 DE NOVEMBRO DE 2017]]></Identifica>
    <Data><![CDATA[]]></Data>
    <Ementa />
    <Titulo />
    <SubTitulo />
    <Texto><![CDATA[<p> </p><p>  O SUBSECRETÁRIO DE PLANEJAMENTO, ORÇAMENTO E ADMINISTRAÇÃO, no uso da subdelegação de competência conferida pela Portaria no 83, de 14 de setembro de 2009, publicada no Diário Oficial da União de 15 seguinte, e tendo em vista os dispositivos constantes na Lei no 11.356, de 19 de outubro de 2006, no Decreto no 9.058/2017, nas Portarias MP nos 85/2009, 529/2012, 252/2017 e 286/2017, nas Portarias STN/MF nos 276/2013, 708/2017, 481/2014, 493/2017, na Portaria MJ nº 910/2016, resolve:</p><p>Art. 1o Revogar, a partir de 1º de dezembro de 2017, a concessão da Gratificação Temporária das Unidades dos Sistemas Estruturadores da Administração Pública Federal - GSISTE dos servidores ocupantes de cargos efetivos, relacionados abaixo, na forma especificada:</p><p>1.  Sistema de Pessoal Civil da Administração Pública Federal - SIPEC</p><p>1.1 - NS - Ana Flora Cavanda de Rezende Caminha - Analista Ambiental - Matrícula SIAPE nº 1487803</p><p>1.2 - NI - Rosangela Silvana Marchesan da Silva - Agente Administrativo - Matrícula SIAPE nº 1939125.</p><p>1.3 - NI - Maria Cristina Ferreira de Menezes - Agente Administrativo - Matrícula SIAPE nº 1598149.</p><p>Art. 2o Conceder a Gratificação Temporária das Unidades dos Sistemas Estruturadores da Administração Pública Federal - GSISTE aos servidores ocupantes de cargos efetivos, relacionados abaixo, na forma especificada:</p><p>1.  Sistema de Pessoal Civil da Administração Pública Federal - SIPEC</p><p>1.1 - NS - Hilton Rodrigo Ferreira Jordão - Analista Ambiental - Matrícula SIAPE nº 1487823.</p><p>1.2 - NI - Silas Teodoro Marques Silva - Agente Administrativo - Matrícula SIAPE nº 1713327.</p><p>1.3 - NI - Ednai dos Santos Batalha - Agente Administrativo - Matrícula SIAPE nº 1771307.</p><p>Art. 3o Compete à Coordenação-Geral de Gestão de Pessoas adotar os procedimentos necessários à implantação/exclusão da GSISTE, bem como, o adequado acompanhamento de sua utilização junto às respectivas áreas de atuação.</p><p>Art. 4o Esta Portaria entra em vigor na data de sua publicação.</p>]]></Texto>
    <Autores>
      <assina>ROMEU MENDES DO CARMO</assina>
    </Autores>
  </body>
</article></xml>