<xml><article id="704328" name="C 3144 3145 3146 Designar JULIET" idOficio="4584711" pubName="DO2" artType="Portaria" pubDate="11/12/2017" artClass="00017:00001:00000:00000:00000:00000:00000:00000:00000:00000:00001:00008" artSection="Ministério da Saúde" artCategory="Gabinete do Ministro" artSize="8" artNotes="ch gab" numberPage="194" pdfPage="http://pesquisa.in.gov.br/imprensa/jsp/visualiza/index.jsp?data=11/12/2017&amp;jornal=529&amp;pagina=194" editionNumber="236">
  <body>
    <Identifica><![CDATA[PORTARIAS DE 23 DE NOVEMBRO DE 2017]]></Identifica>
    <Data><![CDATA[]]></Data>
    <Ementa />
    <Titulo />
    <SubTitulo />
    <Texto><![CDATA[<p> O CHEFE DE GABINETE DO MINISTRO DE ESTADO DA SAÚDE, no uso da competência que lhe foi delegada pela Portaria nº 761/GM/MS, de 13 de abril de 2011, resolve:</p><p>Nº 3.144 -  Dispensar CECILIA KIYOMI MAEDA HARADA da Função Comissionada Técnica de Auxiliar de Serviços em Saúde I, código FCT-11, nº 05F.0578, do Núcleo Estadual de São Paulo, da Secretaria-Executiva.</p><p>Nº 3.145 - Designar JULIETA KIYAN HIGA, para exercer a Função Comissionada Técnica de Auxiliar de Serviços em Saúde I, FCT-11, código 05F.0578, do Núcleo Estadual de São Paulo, da Secretaria-Executiva, ficando dispensada da que atualmente ocupa.</p><p>Nº 3.146 - Designar LUIZ GUILHERME DE BRITO SOARES, para exercer a Função Comissionada Técnica de Assistente em Saúde V, código FCT-09, nº 05F.0577, do Núcleo Estadual de São Paulo, da Secretaria-Executiva.</p>]]></Texto>
    <Autores>
      <assina>PAULO ROBERTO REBELLO FILHO</assina>
    </Autores>
  </body>
</article></xml>