<xml><article id="642863" name="Portaria Vicente Olir Pilatti pa" idOficio="4582097" pubName="DO2" artType="Portaria" pubDate="01/12/2017" artClass="00037:00031:00000:00000:00000:00000:00000:00000:00000:00000:00025:00001" artSection="Poder Judiciário" artCategory="Tribunal Regional Eleitoral do Rio Grande do Sul" artSize="8" artNotes="" numberPage="74" pdfPage="http://pesquisa.in.gov.br/imprensa/jsp/visualiza/index.jsp?data=01/12/2017&amp;jornal=529&amp;pagina=74" editionNumber="230">
  <body>
    <Identifica><![CDATA[PORTARIA N 371, DE 23 DE NOVEMBRO DE 2017]]></Identifica>
    <Data><![CDATA[]]></Data>
    <Ementa />
    <Titulo />
    <SubTitulo />
    <Texto><![CDATA[<p> </p><p> O DESEMBARGADOR Carlos Cini Marchionatti, Presidente do Tribunal Regional Eleitoral do Rio Grande do Sul, no uso de suas atribuições legais e com fundamento no artigo 16, inciso VIII, do Regimento Interno do Tribunal, resolve:</p><p>APOSENTAR o servidor VICENTE OLIR PILATTI, voluntariamente e com proventos integrais, no cargo de Técnico Judiciário, Área de Atividade Administrativa, Classe C, Padrão 13, do Quadro de Pessoal deste Tribunal, com fundamento no art. 3º da Emenda Constitucional n. 47, de 5 de julho de 2005, combinado com art. 40, §1º, III, alínea "a", da Constituição da República de 1988, com redação dada pela Emenda Constitucional n. 20, de 15 de dezembro de 1998, e art. 7º da Emenda Constitucional n. 41, de 19 de dezembro de 2003, e DECLARAR VAGO o referido cargo com base no art. 33, inciso VII, da Lei n. 8.112/1990.</p>]]></Texto>
    <Autores>
      <assina>CARLOS CINI MARCHIONATTI</assina>
    </Autores>
  </body>
</article></xml>