<xml><article id="642878" name="741_742_DG_FCPE_Designar_Dispens" idOficio="4582209" pubName="DO2" artType="Portaria" pubDate="01/12/2017" artClass="00006:00019:01211:00000:00000:00000:00000:00000:00000:00000:00025:0004" artSection="Presidência da República" artCategory="Gabinete de Segurança Institucional" artSize="8" artNotes="" numberPage="3" pdfPage="http://pesquisa.in.gov.br/imprensa/jsp/visualiza/index.jsp?data=01/12/2017&amp;jornal=529&amp;pagina=3" editionNumber="230">
  <body>
    <Identifica><![CDATA[PORTARIAS DE 23 DE NOVEMBRO DE 2017]]></Identifica>
    <Data><![CDATA[]]></Data>
    <Ementa />
    <Titulo />
    <SubTitulo />
    <Texto><![CDATA[<p> <strong>O DIRETOR-GERAL DA AGÊNCIA BRASILEIRA DE INTELIGÊNCIA</strong>, no uso da competência que lhe foi subdelegada pela alínea "e" do inciso I do art. 2° da Portaria n° 74-GSIPR, de 25 de novembro de 2016, publicada no Diário Oficial da União n° 231, de 2 de dezembro de 2016, resolve:</p><p>Nº 741 - Art. 1º Designar matrícula 909994 para o encargo de substituto eventual do Superintendente, código FCPE 101.4.</p><p>Nº 742 - Art. 1º Dispensar matrícula 910466 do encargo de substituto eventual do Superintendente, código FCPE 101.4.</p><p>Art. 2º Estas Portarias entram em vigor na data de sua publicação.</p>]]></Texto>
    <Autores>
      <assina>JANÉR TESCH HOSKEN ALVARENGA</assina>
    </Autores>
  </body>
</article></xml>