<xml><article id="642908" name="Portaria 303-2017" idOficio="4583180" pubName="DO2" artType="Portaria" pubDate="01/12/2017" artClass="00037:00036:00001:00000:00000:00000:00000:00000:00000:00000:00025:0003" artSection="Poder Judiciário" artCategory="Tribunal Regional Eleitoral de São Paulo" artSize="8" artNotes="" numberPage="74" pdfPage="http://pesquisa.in.gov.br/imprensa/jsp/visualiza/index.jsp?data=01/12/2017&amp;jornal=529&amp;pagina=74" editionNumber="230">
  <body>
    <Identifica><![CDATA[PORTARIA N 303, DE 25 DE OUTUBRO DE 2017]]></Identifica>
    <Data><![CDATA[]]></Data>
    <Ementa />
    <Titulo />
    <SubTitulo />
    <Texto><![CDATA[<p>O PRESIDENTE DO TRIBUNAL REGIONAL ELEITORAL DE SÃO PAULO, no uso das atribuições regimentais e considerando o que consta do PAD n. 8.637/2017, resolve:</p><p>Art. 1º Conceder aposentadoria voluntária, com proventos integrais, à servidora Lina Nakane Ribeiro, ocupante do cargo efetivo de Analista Judiciário, Área Administrativa, Classe C, Padrão 11, nos termos do artigo 6º e seus incisos da Emenda Constitucional 41, de 19 de dezembro de 2003.</p><p>Art. 2º Esta Portaria entrará em vigor na data de sua publicação no Diário Oficial da União.</p>]]></Texto>
    <Autores>
      <assina>MÁRIO DEVIENNE FERRAZ</assina>
    </Autores>
  </body>
</article></xml>