<xml><article id="642983" name="Portaria-6271-2017" idOficio="4584992" pubName="DO2" artType="Portaria" pubDate="01/12/2017" artClass="00037:00043:00001:00000:00000:00000:00000:00000:00000:00000:00025:00001" artSection="Poder Judiciário" artCategory="Tribunal Regional do Trabalho da 4ª Região" artSize="8" artNotes="" numberPage="76" pdfPage="http://pesquisa.in.gov.br/imprensa/jsp/visualiza/index.jsp?data=01/12/2017&amp;jornal=529&amp;pagina=76" editionNumber="230">
  <body>
    <Identifica><![CDATA[PORTARIA Nº 6.271, DE 16 DE NOVEMBRO DE 2017]]></Identifica>
    <Data><![CDATA[]]></Data>
    <Ementa />
    <Titulo />
    <SubTitulo />
    <Texto><![CDATA[<p> A PRESIDENTE DO TRIBUNAL REGIONAL DO TRABALHO DA 4ª REGIÃO, no uso de suas atribuições legais e regimentais estabelecidas no inciso XIV do art. 39 do Regimento Interno, com fundamento art. 37 da Lei nº 8.112/90, com redação dada pela Lei nº 9.527/97, e considerando o que consta no Processo Administrativo nº 0004898-30.2017.5.04.0000, resolve: </p><p>1. CESSAR, a contar de 01-12-2017, os efeitos da Portaria nº 1.449/2017, quanto à remoção, a pedido, do servidor HENRIQUE DE MELO COELHO DE MACEDO, do Quadro de Pessoal deste Tribunal para o Tribunal Regional do Trabalho da 3ª Região, POR PERMUTA com o servidor IVAN JORDANO BARROS VALE, pertencente ao Quadro de Pessoal daquele Tribunal. 2. REDISTRIBUIR, a contar de 01-12-2017, o cargo efetivo de Analista Judiciário, Área Judiciária, Especialidade Oficial de Justiça Avaliador Federal, do Quadro Permanente de Pessoal deste Tribunal, ocupado pelo servidor HENRIQUE DE MELO COELHO DE MACEDO, enquadrado na Classe B, Padrão 06, para o Quadro Permanente de Pessoal do Tribunal Regional do Trabalho da 3ª Região, em reciprocidade com o cargo efetivo de Analista Judiciário, Área Judiciária, Especialidade Oficial de Justiça Avaliador Federal, do Quadro Permanente de Pessoal daquele Regional, ocupado pelo servidor IVAN JORDANO BARROS VALE, enquadrado na Classe B, Padrão 06.</p>]]></Texto>
    <Autores>
      <assina>BEATRIZ RENCK</assina>
    </Autores>
  </body>
</article></xml>