<xml><article id="642998" name="Portaria-6400-2017" idOficio="4585109" pubName="DO2" artType="Portaria" pubDate="01/12/2017" artClass="00037:00043:00001:00000:00000:00000:00000:00000:00000:00000:00025:00001" artSection="Poder Judiciário" artCategory="Tribunal Regional do Trabalho da 4ª Região" artSize="8" artNotes="" numberPage="76" pdfPage="http://pesquisa.in.gov.br/imprensa/jsp/visualiza/index.jsp?data=01/12/2017&amp;jornal=529&amp;pagina=76" editionNumber="230">
  <body>
    <Identifica><![CDATA[PORTARIA Nº 6.400, DE 24 DE NOVEMBRO DE 2017]]></Identifica>
    <Data><![CDATA[]]></Data>
    <Ementa />
    <Titulo />
    <SubTitulo />
    <Texto><![CDATA[<p> A PRESIDENTE DO TRIBUNAL REGIONAL DO TRABALHO DA 4ª REGIÃO, no uso de suas atribuições legais e regulamentares, tendo em vista o disposto no artigo 36 da Lei nº 8.112/90, no artigo 20 da Lei nº 11.416/06, no anexo IV da Portaria Conjunta nº 03/07 e na Resolução CSJT nº 110/2012, e considerando o que consta no Processo Administrativo nº  0006329-02.2017.5.04.0000, resolve: </p><p>1. REMOVER, a pedido, a contar de 1º-12-2017, a servidora CAMILA MUSSUPAPO CUNHA, Analista Judiciário, Área Judiciária, do Quadro de Pessoal deste Tribunal, para o Tribunal Regional do Trabalho da 2ª Região, POR PERMUTA com o servidor TAUFF GANEM DE ABREU, Analista Judiciário, Área Administrativa, pertencente ao Quadro de Pessoal daquele Tribunal. 2. CONCEDER, à servidora CAMILA MUSSUPAPO CUNHA, o prazo de 20 (vinte) dias para deslocamento, no período de 1º a 20-12-2017. 3. LOTAR o servidor TAUFF GANEM DE ABREU na 8ª Vara do Trabalho de Porto Alegre, a contar de 1º-12-2017.</p>]]></Texto>
    <Autores>
      <assina>BEATRIZ RENCK</assina>
    </Autores>
  </body>
</article></xml>