<xml><article id="642884" name="PORTARIA Nº 143 DE 16 DE NOVEMBR" idOficio="4582299" pubName="DO2" artType="Portaria" pubDate="01/12/2017" artClass="00025:00023:00000:00000:00000:00000:00000:00000:00000:00000:00025:00001" artSection="Ministério do Meio Ambiente" artCategory="Instituto de Pesquisas Jardim Botânico do Rio de Janeiro" artSize="8" artNotes="" numberPage="54" pdfPage="http://pesquisa.in.gov.br/imprensa/jsp/visualiza/index.jsp?data=01/12/2017&amp;jornal=529&amp;pagina=54" editionNumber="230">
  <body>
    <Identifica><![CDATA[PORTARIA Nº 143, DE 16 DE NOVEMBRO DE 2017]]></Identifica>
    <Data><![CDATA[]]></Data>
    <Ementa />
    <Titulo />
    <SubTitulo />
    <Texto><![CDATA[<p>O PRESIDENTE DO INSTITUTO DE PESQUISAS JARDIM BOTÂNICO DO RIO DE JANEIRO, nomeado pelo Decreto de 06 de julho de 2016, publicado no Diário Oficial da União de 07 de julho de 2016, e no uso das atribuições que lhe conferem a Lei nº 10.316, de 06 de dezembro de 2001, publicada no DOU de 07 de dezembro de 2001, o Decreto nº 8.841, de 25 de agosto de 2016, publicado no DOU de 26 de agosto de 2016 e o disposto na Portaria MMA nº 278, de 04 de julho de 2003, publicada no Diário Oficial da União de 07 de julho de 2003, resolve:</p><p>Art. 1º Conceder Aposentadoria Voluntaria Integral, com proventos integrais e paridade total com os ativos à servidora RENATA PERPÉTUO REIS, ocupante do cargo de Pesquisador, NS, Classe U, Padrão III, matrícula SIAPE nº 0686288, integrante do Quadro de Pessoal deste Instituto de Pesquisas Jardim Botânico do Rio de Janeiro, com fundamento no art. 40, § 1°, inciso III, alínea "a" da CF/88, com a redação dada pelo art. 3º, incisos I, II e III da EC n° 47/2005, e no art. 186, inciso III, alínea "a", da Lei n° 8.112/90.</p><p>Art. 2º  Declarar vago o referido cargo.</p><p>Art. 3º  Esta Portaria entra em vigor na data de sua publicação.</p><p> </p>]]></Texto>
    <Autores>
      <assina>SERGIO BESSERMAN VIANNA</assina>
    </Autores>
  </body>
</article></xml>