<xml><article id="704325" name="C 3131 3132 3133 3134 Dispensar " idOficio="4584711" pubName="DO2" artType="Portaria" pubDate="11/12/2017" artClass="00017:00001:00000:00000:00000:00000:00000:00000:00000:00000:00001:00006" artSection="Ministério da Saúde" artCategory="Gabinete do Ministro" artSize="8" artNotes="ch gab" numberPage="194" pdfPage="http://pesquisa.in.gov.br/imprensa/jsp/visualiza/index.jsp?data=11/12/2017&amp;jornal=529&amp;pagina=194" editionNumber="236">
  <body>
    <Identifica><![CDATA[PORTARIAS DE 22 DE NOVEMBRO DE 2017]]></Identifica>
    <Data><![CDATA[]]></Data>
    <Ementa />
    <Titulo />
    <SubTitulo />
    <Texto><![CDATA[<p> O CHEFE DE GABINETE DO MINISTRO DE ESTADO DA SAÚDE, no uso da competência que lhe foi delegada pela Portaria nº 761/GM/MS, de 13 de abril de 2011, resolve:</p><p>Nº 3.131 - Dispensar FERNANDA AMORIM HORA da Função Comissionada Técnica de Assistente em Saúde IV, código FCT-08, nº 05F.0244, do Núcleo Estadual da Bahia, da Secretaria Executiva.</p><p>Nº 3.132 - Designar ANTÔNIO MÁRIO DE MELO, para exercer a Função Comissionada Técnica de Assistente em Saúde IV, código FCT-08, nº 05F.0244, do Núcleo Estadual da Bahia, da Secretaria-Executiva.</p><p>Nº 3.133 - Dispensar MARIA DA GLÓRIA GONÇALVES DA SILVA DOURADO da Função Comissionada Técnica de Técnico em Organização Administrativa III, FCT-10, código 37F.0024, do Núcleo Estadual da Bahia, do Departamento Nacional de Auditoria do SUS, da Secretaria de Gestão Estratégica e Participativa.</p><p>Nº 3.134 - Designar MARIA DAS GRAÇAS SILVA VIEIRA, para exercer a Função Comissionada Técnica de Técnico em Organização Administrativa III, FCT-10, código 37F.0024, do Núcleo Estadual da Bahia, do Departamento Nacional de Auditoria do SUS, da Secretaria de Gestão Estratégica e Participativa.</p>]]></Texto>
    <Autores>
      <assina>PAULO ROBERTO REBELLO FILHO</assina>
    </Autores>
  </body>
</article></xml>