<xml><article id="650399" name="246 - Exonera, a pedido, Rafael " idOficio="4582096" pubName="DO2" artType="Portaria" pubDate="04/12/2017" artClass="00037:00001:00002:00000:00000:00000:00000:00000:00000:00000:00025:00001" artSection="Poder Judiciário" artCategory="Supremo Tribunal Federal" artSize="8" artNotes="" numberPage="63" pdfPage="http://pesquisa.in.gov.br/imprensa/jsp/visualiza/index.jsp?data=04/12/2017&amp;jornal=529&amp;pagina=63" editionNumber="231">
  <body>
    <Identifica><![CDATA[PORTARIA Nº 246, DE 24 DE NOVEMBRO DE 2017]]></Identifica>
    <Data><![CDATA[]]></Data>
    <Ementa />
    <Titulo />
    <SubTitulo />
    <Texto><![CDATA[<p> A PRESIDENTE DO SUPREMO TRIBUNAL FEDERAL, no uso de suas atribuições e com base no inc. II do art. 35 da Lei nº 8.112/1990, resolve, por solicitação do Ministro Roberto Barroso:</p><p>Exonerar, a pedido, RAFAEL GAIA EDAIS PEPE do cargo em comissão de Assessor de Ministro, nível CJ-3, a partir de 4 de dezembro de 2017.</p>]]></Texto>
    <Autores>
      <assina>Min. CÁRMEN LÚCIA</assina>
    </Autores>
  </body>
</article></xml>