<xml><article id="650405" name="814 - Remove, OTAVIANO LANDI - T" idOficio="4582530" pubName="DO2" artType="Portaria" pubDate="04/12/2017" artClass="00037:00050:00003:00000:00000:00000:00000:00000:00000:00000:00025:00001" artSection="Poder Judiciário" artCategory="Tribunal Regional do Trabalho da 11ª Região" artSize="8" artNotes="" numberPage="67" pdfPage="http://pesquisa.in.gov.br/imprensa/jsp/visualiza/index.jsp?data=04/12/2017&amp;jornal=529&amp;pagina=67" editionNumber="231">
  <body>
    <Identifica><![CDATA[PORTARIA N° 814, DE 27 de novembro de 2017]]></Identifica>
    <Data><![CDATA[]]></Data>
    <Ementa />
    <Titulo />
    <SubTitulo />
    <Texto><![CDATA[<p> </p><p> </p><p>   A PRESIDENTE DO TRIBUNAL REGIONAL DO TRABALHO DA 11ª REGIÃO, Desembargadora do Trabalho ELEONORA SAUNIER GONÇALVES, no uso de suas atribuições legais e regimentais, CONSIDERANDO o que consta do Parecer nº 525/2017 da Assessoria Jurídico-Administrativa, da Resolução Administrativa 148/2017 e as demais informações constantes nos autos do Processo E-SAP MA-3407/2017, CONSIDERANDO, ainda, o disposto nos artigos 18 e 36 da lei 8.112/1990, c/c os artigos 7º, II, 12 e 13 da Resolução nº 110/2012 do Conselho Superior da Justiça do Trabalho,resolve:</p><p>Art. 1º Remover, a pedido, o servidor OTAVIANO LANDI, Analista Judiciário, Área Judiciária, do Quadro de Pessoal deste Tribunal, para o TRT da 15ª Região, mediante permuta com a servidora GABRIELA FRADE MAGALHÃES GIRARDIN PIMENTEL, Analista Judiciária, Área Judiciária, do Quadro de Pessoal do Tribunal Regional do Trabalho da 15ª Região.</p><p>Art. 2º Conceder trinta dias de prazo, contados a partir de 4-12-2017, para a retomada do efetivo desempenho das atribuições do cargo, incluindo nesse prazo o tempo necessário para o deslocamento à nova sede, conforme art. 18 da Lei 8.112/1990, c/c o art. 27 da Resolução CSJT 110/2012.</p><p>Art. 3º Esta portaria entra em vigor a partir de 4-12-2017.</p>]]></Texto>
    <Autores>
      <assina>ELEONORA SAUNIER GONÇALVES</assina>
    </Autores>
  </body>
</article></xml>