<xml><article id="642842" name="Redistribuição - FERNANDO JANINE" idOficio="4581166" pubName="DO2" artType="Ato" pubDate="01/12/2017" artClass="00037:00058:00001:00000:00000:00000:00000:00000:00000:00000:00001:00001" artSection="Poder Judiciário" artCategory="Tribunal Regional do Trabalho da 19ª Região" artSize="8" artNotes="" numberPage="81" pdfPage="http://pesquisa.in.gov.br/imprensa/jsp/visualiza/index.jsp?data=01/12/2017&amp;jornal=529&amp;pagina=81" editionNumber="230">
  <body>
    <Identifica><![CDATA[ATO Nº 108, DE 24 DE NOVEMBRO DE 2017]]></Identifica>
    <Data><![CDATA[]]></Data>
    <Ementa />
    <Titulo />
    <SubTitulo />
    <Texto><![CDATA[<p> O DESEMBARGADOR PRESIDENTE DO TRIBUNAL REGIONAL DO TRABALHO DA DÉCIMA NONA REGIÃO,  usando de suas atribuições legais e regimentais estabelecidas no inciso VII do artigo 24 do Regimento Interno,</p><p>Considerando a Decisão, por unanimidade, do Egrégio Tribunal Pleno desta Corte, em Sessão Administrativa de 09 de novembro de 2017, referente ao contido no expediente PROAD nº 56243/2017, resolve:</p><p>Art. 1º. Redistribuir, a partir da publicação, para o Quadro Permanente de Pessoal do Tribunal Regional do Trabalho da 6ª Região, ante a concordância manifestada pela respectiva Presidência, o cargo efetivo de Técnico Judiciário, Área Administrativa, Classe A, padrão 4, ocupado pelo servidor FERNANDO MACEDO ROSA PONTES, tendo por reciprocidade a redistribuição simultânea do cargo efetivo de Técnico Judiciário, Área Administrativa, do Tribunal Regional do Trabalho da 6ª Região, ocupado pela servidora JANINE BRAGA QUIRINO LIMA, para o Quadro de Pessoal Permanente desta Corte, na forma prevista no art. 37 da Lei nº. 8.112/90, com redação dada pela Lei nº. 9.527/97, em consonância com a Resolução nº. 146/2012, do Conselho Nacional de Justiça - CNJ.</p><p>Art.2º. Cessar, a partir da publicação, os efeitos da ATO TRT 19ª  GP nº 43, de 05/04/2016, publicado no Diário Oficial da União de 06/04/2016, Seção 2, página 74, que removeu, a pedido, para o Tribunal Regional do Trabalho da 6ª Região, o servidor Fernando Macedo Rosa Pontes, ocupante do cargo efetivo de Técnico Judiciário, Área Administrativa, em permuta com a servidora Janine Braga Quirino Lima, ocupante de cargo idêntico.</p><p> </p><p> </p>]]></Texto>
    <Autores>
      <assina>PEDRO INÁCIO DA SILVA</assina>
    </Autores>
  </body>
</article></xml>