<xml><article id="642917" name="741" idOficio="4583687" pubName="DO2" artType="Portaria" pubDate="01/12/2017" artClass="00037:00003:00001:00000:00000:00000:00000:00000:00000:00000:00025:00001" artSection="Poder Judiciário" artCategory="Tribunal Superior Eleitoral" artSize="8" artNotes="" numberPage="70" pdfPage="http://pesquisa.in.gov.br/imprensa/jsp/visualiza/index.jsp?data=01/12/2017&amp;jornal=529&amp;pagina=70" editionNumber="230">
  <body>
    <Identifica><![CDATA[Portaria n 741, DE 9 DE OUTUBRO DE 2017]]></Identifica>
    <Data><![CDATA[]]></Data>
    <Ementa />
    <Titulo />
    <SubTitulo />
    <Texto><![CDATA[<p>  </p><p> O PRESIDENTE DO TRIBUNAL SUPERIOR ELEITORAL, no uso de suas atribuições e tendo em vista o disposto no artigo 37 da Lei nº 8.112/90; no artigo 3º da Resolução TSE nº 23.430/2014; no artigo 4º da Resolução CNJ nº 146/2012; e no Procedimento Administrativo nº 2017.00.000010365-7, resolve:</p><p>Art. 1º Redistribuir o cargo de Técnico Judiciário, Área Administrativa, do Quadro de Pessoal do Tribunal Superior Eleitoral, ocupado pela servidora CAROLINA WEBSTER DE FREITAS, em reciprocidade com cargo idêntico do Quadro de Pessoal do Tribunal Regional Federal da 2ª Região, ocupado pela servidora RAQUEL DAMIÃO CAMPOS.</p><p>Art. 2º A servidora RAQUEL DAMIÃO CAMPOS tem o prazo de vinte dias para o trânsito, a contar da publicação desta portaria.</p>]]></Texto>
    <Autores>
      <assina>Min. GILMAR MENDES</assina>
    </Autores>
  </body>
</article></xml>