<xml><article id="642950" name="PT DE CHONG" idOficio="4584040" pubName="DO2" artType="Portaria" pubDate="01/12/2017" artClass="00017:00002:00026:00026:00000:00000:00000:00000:00000:00000:00025:00001" artSection="Ministério da Saúde" artCategory="Secretaria Executiva" artSize="8" artNotes="" numberPage="42" pdfPage="http://pesquisa.in.gov.br/imprensa/jsp/visualiza/index.jsp?data=01/12/2017&amp;jornal=529&amp;pagina=42" editionNumber="230">
  <body>
    <Identifica><![CDATA[PORTARIA Nº 428, DE 28 DE NOVEMBRO DE 2017]]></Identifica>
    <Data><![CDATA[]]></Data>
    <Ementa />
    <Titulo />
    <SubTitulo />
    <Texto><![CDATA[<p> A CHEFE DO SERVIÇO DE GESTÃO ADMINISTRATIVA DO NÚCLEO ESTADUAL DO MINISTÉRIO DA SAÚDE DO PARANÁ, no uso de suas atribuições que lhe são conferidas pela Portaria, SE/SAA/MS nº 1.804, de 01/10/2013, publicada no DOU nº 192 de 03/10/2013, Seção 1 e Portaria GM/MS nº 2.225 de 01/10/2013, publicada no DOU 191 de 02/10/2013, Seção 2, e em conformidade com o Decreto nº. 8.901, de 10/11/2016, publicado no DOU 217, Seção 1, de 11/11/2016 e Portaria nº 1.419, de 08/06/2017, publicada no DOU nº 110, Seção 1, de 09/06/2017, resolve:</p><p>Conceder Aposentadoria Voluntária ao Tempo de Contribuição ao servidor HEBERTO JOSÉ CHONG ARBUROLA, matrícula 567977, ocupante do cargo de Médico, Nível Superior, Classe S, Padrão III, do quadro do Ministério da Saúde do Paraná, com fundamento no Art. 3º, Incisos I, II e III, e parágrafo único da Emenda Constitucional nº 47/2005, acrescido de 18% de Adicional de Tempo de Serviço e demais vantagens inerentes ao cargo.</p><p>(Processo nº 25023.400783/2017-47).</p>]]></Texto>
    <Autores>
      <assina>GISLANE MARI FRANÇA DE OLIVEIRA</assina>
    </Autores>
  </body>
</article></xml>