<xml><article id="642977" name="471-ÍSIS E SILMARA - EXO-NOM" idOficio="4584695" pubName="DO2" artType="Portaria" pubDate="01/12/2017" artClass="00037:00004:00000:00000:00000:00000:00000:00000:00000:00000:00000:00003" artSection="Poder Judiciário" artCategory="Superior Tribunal de Justiça" artSize="8" artNotes="" numberPage="70" pdfPage="http://pesquisa.in.gov.br/imprensa/jsp/visualiza/index.jsp?data=01/12/2017&amp;jornal=529&amp;pagina=70" editionNumber="230">
  <body>
    <Identifica><![CDATA[PORTARIA N 471, DE 28 DE NOVEMBRO DE 2017]]></Identifica>
    <Data><![CDATA[]]></Data>
    <Ementa />
    <Titulo />
    <SubTitulo />
    <Texto><![CDATA[<p> </p><p> A PRESIDENTE DO SUPERIOR TRIBUNAL DE JUSTIÇA, no uso da atribuição conferida pelo art. 21, XXV, do Regimento Interno e considerando o disposto nos arts. 9°, II, e 35, I, da Lei n. 8.112, de 11 de dezembro de 1990, resolve:</p><p>Art. 1º Efetuar as seguintes alterações no Gabinete do Ministro Ribeiro Dantas:</p><p>I - Exonerar de cargo em comissão: </p><p>ÍSIS RIBEIRO MARQUES FERNANDES, matrícula S067606, Assessora de Ministro, código CJ-3;</p><p>SILMARA GUIMARÃES DE OLIVEIRA, matrícula S049802, Assessora A, código CJ-2.</p><p>II - Nomear para cargo em comissão:</p><p>SILMARA GUIMARÃES DE OLIVEIRA, matrícula S049802, Assessora de Ministro, código CJ-3, na vaga decorrente da exoneração de Ísis Ribeiro Marques Fernandes;</p><p>ÍSIS RIBEIRO MARQUES FERNANDES, matrícula S067606, Assessora A, código CJ-2, na vaga decorrente da exoneração de Silmara Guimarães de Oliveira.</p><p>Art. 2° Esta portaria entra em vigor na data de sua publicação.</p>]]></Texto>
    <Autores>
      <assina>Min. LAURITA VAZ</assina>
    </Autores>
  </body>
</article></xml>