<xml><article id="657789" name="imp520 - Portaria 3.528 e 3.529" idOficio="4581266" pubName="DO2" artType="Portaria" pubDate="05/12/2017" artClass="00011:00059:00000:00000:00000:00000:00000:00000:00000:00000:00025:00001" artSection="Ministério da Educação" artCategory="Instituto Federal de Educação, Ciência e Tecnologia Catarinense" artSize="8" artNotes="" numberPage="17" pdfPage="http://pesquisa.in.gov.br/imprensa/jsp/visualiza/index.jsp?data=05/12/2017&amp;jornal=529&amp;pagina=17" editionNumber="232">
  <body>
    <Identifica><![CDATA[PORTARIA Nº 3.528, DE 24 DE NOVEMBRO DE 2017]]></Identifica>
    <Data><![CDATA[]]></Data>
    <Ementa />
    <Titulo />
    <SubTitulo />
    <Texto><![CDATA[<p> O REITOR SUBSTITUTO DO INSTITUTO FEDERAL CATARINENSE, no uso da competência que lhe foi subdelegada pela Portaria nº 3.301/2017, de 07/11/2017, publicada no Diário Oficial da União em 10/11/2017, considerando o que consta no memorando nº 228/2017 - PROEX/REIT (11.01.18.04): resolve: </p><p>Art. 1º - EXONERAR, a partir de 05/12/2017, o(a) servidor(a) ROBERT LENOCH, Professor do Ensino Básico, Técnico e Tecnológico, Matrícula SIAPE 1159697, do Cargo Comissionado de PRÓ-REITOR DE DESENVOLVIMENTO INSTITUCIONAL, código CD-02, do Instituto Federal Catarinense. Art. 2º - Esta Portaria entra em vigor na data de sua publicação.</p><p>O REITOR SUBSTITUTO DO INSTITUTO FEDERAL CATARINENSE, no uso da competência que lhe foi subdelegada pela Portaria nº 3.301/2017, de 07/11/2017, publicada no Diário Oficial da União em 10/11/2017, considerando o que consta no memorando nº 227/2017 - PROEX/REIT (11.01.18.04): resolve:</p><p> Art. 1º - NOMEAR, a partir de 05/12/2017, o(a) servidor(a) JOSE LUIZ UNGERICHT JUNIOR, Professor do Ensino Básico, Técnico e Tecnológico, Matrícula SIAPE 1331436, para o Cargo Comissionado de PRÓ-REITOR DE DESENVOLVIMENTO INSTITUCIONAL, código CD-02, do Instituto Federal Catarinense. Art. 2º - Esta Portaria entra em vigor na data de sua publicação.</p>]]></Texto>
    <Autores>
      <assina>FERNANDO JOSÉ GARBUIO</assina>
      <cargo>Em exercício</cargo>
      <assina>FERNANDO JOSÉ GARBUIO</assina>
      <cargo>Em exercício</cargo>
    </Autores>
  </body>
</article></xml>