<xml><article id="642920" name="Portaria para a imprensa__081611" idOficio="4583735" pubName="DO2" artType="Portaria" pubDate="01/12/2017" artClass="00037:00042:00001:00000:00000:00000:00000:00000:00000:00000:00025:00000" artSection="Poder Judiciário" artCategory="Tribunal Regional do Trabalho da 3ª Região" artSize="8" artNotes="" numberPage="76" pdfPage="http://pesquisa.in.gov.br/imprensa/jsp/visualiza/index.jsp?data=01/12/2017&amp;jornal=529&amp;pagina=76" editionNumber="230">
  <body>
    <Identifica><![CDATA[PORTARIA N 385, DE 30 DE AGOSTO DE 2017]]></Identifica>
    <Data><![CDATA[]]></Data>
    <Ementa />
    <Titulo />
    <SubTitulo />
    <Texto><![CDATA[<p> O PRESIDENTE DO TRIBUNAL REGIONAL DO TRABALHO DA TERCEIRA REGIÃO, no uso de suas atribuições legais e regimentais, CONSIDERANDO o disposto no art. 37 da Lei n. 8.112, de 11 de dezembro de 1990; CONSIDERANDO os termos da Resolução n. 146, de 6 de março de 2012, do Conselho Nacional de Justiça; e CONSIDERANDO o constante no processo TRT/e-PAD/8921/2017;  resolve:</p><p>Art. 1º Exaurir os efeitos da Portaria N. 54, publicada no Diário Oficial da União em 28 de outubro de 2013, que removeu a servidora Fabyolla Vanessa Tavares e Silva Machado para o Tribunal Regional do Trabalho da 13ª Região.</p><p>Art. 2º Redistribuir o cargo de Analista Judiciário, Área Judiciária, deste Tribunal, ocupado pela servidora Fabyolla Vanessa Tavares e Silva Machado, em reciprocidade com o cargo de Analista Judiciário, Área Judiciária, provido pelo servidor Otávio Azevedo Faria, do Quadro de Pessoal do Tribunal Regional do Trabalho da 13ª Região.</p><p> Art. 3º Esta portaria entra em vigor na data de sua publicação.</p><p> </p><p> </p>]]></Texto>
    <Autores>
      <assina>Des.JÚLIO BERNARDO DO CARMO</assina>
    </Autores>
  </body>
</article></xml>