<xml><article id="671004" name="799-DIOGO ROCHA-DIS-DES" idOficio="4581159" pubName="DO2" artType="Portaria" pubDate="07/12/2017" artClass="00037:00004:00001:00002:00000:00000:00000:00000:00000:00000:00025:00001" artSection="Poder Judiciário" artCategory="Superior Tribunal de Justiça" artSize="8" artNotes="" numberPage="57" pdfPage="http://pesquisa.in.gov.br/imprensa/jsp/visualiza/index.jsp?data=07/12/2017&amp;jornal=529&amp;pagina=57" editionNumber="234">
  <body>
    <Identifica><![CDATA[PORTARIA Nº 799, DE 24 DE NOVEMBRO DE 2017]]></Identifica>
    <Data><![CDATA[]]></Data>
    <Ementa />
    <Titulo />
    <SubTitulo />
    <Texto><![CDATA[<p> A DIRETORA-GERAL DA SECRETARIA DO SUPERIOR TRIBUNAL DE JUSTIÇA, com base no item 16.2, XI, b, do Manual de Organização e no disposto no art. 35, I, da Lei n. 8.112, de 11 de dezembro de 1990, resolve:</p><p>Art. 1º Dispensar DIOGO ROCHA DE MORAIS, matrícula S063783, da função de confiança de Assistente II, código FC-2, da Coordenadoria de Triagem e Autuação de Processos Recursais, da Secretaria Judiciária.</p><p>Art. 2º Designar o servidor para a função de confiança de Assistente II, código FC-2, do Gabinete da Ministra Regina Helena Costa, na vaga decorrente da dispensa de Guilherme Corrêa Rasi.</p><p>Art. 3º Esta portaria entra em vigor na data de sua publicação.</p>]]></Texto>
    <Autores>
      <assina>Sulamita Avelino Cardoso Marques</assina>
    </Autores>
  </body>
</article></xml>