<xml><article id="642905" name="portaria 855 a 862 novembro" idOficio="4582710" pubName="DO2" artType="Portaria" pubDate="01/12/2017" artClass="00026:00034:00187:00423:00000:00000:00000:00000:00000:00000:00025:00001" artSection="Ministério do Planejamento, Desenvolvimento e Gestão" artCategory="Secretaria de Gestão de Pessoas" artSize="8" artNotes="" numberPage="57" pdfPage="http://pesquisa.in.gov.br/imprensa/jsp/visualiza/index.jsp?data=01/12/2017&amp;jornal=529&amp;pagina=57" editionNumber="230">
  <body>
    <Identifica><![CDATA[Portarias 27 de novembro de 2017]]></Identifica>
    <Data><![CDATA[]]></Data>
    <Ementa />
    <Titulo />
    <SubTitulo />
    <Texto><![CDATA[<p> A SUPERINTENDENTE DE ADMINISTRAÇÃO DO MINISTÉRIO DO PLANEJAMENTO, DESENVOLVIMENTO E GESTÃO EM RONDONIA, no uso das atribuições que lhe foram conferidas pela Portaria nº 69 de 27/01/2017 publicada no Diário Oficial da União em 30/01/2017, e tendo em vista o disposto na Portaria nº 124, da Secretaria Executiva/DEPEX de 26/02/2015, publicada no Diário Oficial da União de 27/02/2015 e considerando o contido na Portaria nº 34 de 12 de janeiro de 2017, publicada no DOU de 13 de janeiro de 2017, resolve:</p><p>Nº 855 - Conceder Aposentadoria Voluntária Integral ao servidor: HAILTON CORDEIRO MUNIS, Cargo de Motorista Oficial do Ex-Território-RO, Tabela: 480, Nível: NI, Classe: "S", Padrão: III, matricula SIAPE: 0703446, com fundamento na CF/88, Art. 3º da EC nº 047/2005, Processo nº 03125.010663/2017/71.</p><p>Nº 856 - Conceder Aposentadoria Voluntária Integral a servidora: FRANCISCA PAZ DE CASTRO, Auxiliar Operacional de Serviço Diversos do Ex-Território-RO, Tabela: 194, Nível: NI, Classe: " S ", Padrão: III, matricula SIAPE: 2265060, com fundamento na CF/88, Art. 3º da EC nº 047/2005, Processo nº 03125.013245/2017-35.</p><p>Nº 857 - Conceder Aposentadoria Voluntária Integral ao servidor: FRANCISCO XAVIER PARENTE, Cargo de Medico do Ex-Território-RO, Tabela: 480, Nível: NS, Classe: " S ", Padrão: III, matricula SIAPE: 0702661, com fundamento na CF/88, Art. 3º da EC nº 047/05, Processo nº 03125.014768/2017-07.</p><p>Nº 858 - Conceder Aposentadoria Voluntária Integral a servidora: IZOLDA MARIA VON RONDOW, Cargo de Auxiliar Operacional Serviço Diversos do Ex-Território-RO, Tabela: 194, Nível: NA, Classe: "S", Padrão: III,matricula SIAPE: 2281862, com fundamento na CF/88, Art. 3º da EC nº 047/2005, Processo nº 03125.006422/2017-27.</p><p>Nº 859 - Conceder Aposentadoria Voluntária Integral a servidora: IZAURA PEREIRA DE LIMA, Cargo de Auxiliar Operacional Serviço Diversos do Ex-Território-RO, Tabela: 194, Nível: NA, Classe: "S", Padrão: III, matricula SIAPE: 2280957, com fundamento na CF/88, Art. 3º da EC nº 047/2005, Processo nº 03125.007337/2017-86.</p><p>Nº 860 - Conceder Aposentadoria Voluntária Integral a servidora: MARIA DE NAZARE DANTAS FREITAS, Cargo de Auxiliar Operacional Serviço Diversos do Ex-Território-RO, matricula SIAPE: 2394573, com fundamento na CF/88, Art. 3º da EC nº 047/2005, Processo nº 03125.015284/2017-77.</p><p>Nº 861 - Conceder Aposentadoria Voluntária Integral a servidora: EURIDES BARRETO DE FARIAS, Cargo de Agente de Portaria do Ex-Território-RO, Tabela: 481, Nível: NI, Classe: " S ", Padrão: III, matricula SIAPE: 0704163, com fundamento na CF/88, Art. 3º da EC nº 047/2005, Processo nº 03125.015185/2017-95.</p><p>Nº 862 - Retificar a Portaria nº 796 de 26/10/2017, publicada no DOU nº 209, seção 02, pagina 52 do dia31/10/2017, ONDE SE LÊ: WALDA FERREIRA BARBOSA, LEIA SE: VALDA FERREIRA BARBOSA, Processo nº 03125.014173/2017-43.</p>]]></Texto>
    <Autores>
      <assina>WALNEYA COSTA BEZERRA</assina>
    </Autores>
  </body>
</article></xml>