<xml><article id="648147" name="ATO TRT GP 634 2017 - APOSTILAR " idOficio="4585248" pubName="DO2" artType="Ato" pubDate="01/12/2017" artClass="00037:00060:00000:00000:00000:00000:00000:00000:00000:00000:00001:00001" artSection="Poder Judiciário" artCategory="Tribunal Regional do Trabalho da 21ª Região" artSize="8" artNotes="" numberPage="81" pdfPage="http://pesquisa.in.gov.br/imprensa/jsp/visualiza/index.jsp?data=01/12/2017&amp;jornal=529&amp;pagina=81" editionNumber="230">
  <body>
    <Identifica><![CDATA[RETIFICAÇÃO]]></Identifica>
    <Data><![CDATA[]]></Data>
    <Ementa />
    <Titulo />
    <SubTitulo />
    <Texto><![CDATA[<p> No Ato nº 634, de 27  de  novembro de 2017 publicado no DOU nº 228, de 29-11-2017, Seção 2, pág. 62, no título, aponha-se, por ter sido omitido: "TRIBUNAL REGIONAL DO TRABALHO DA 21ª REGIÃO".</p><p>(p/Coejo)</p>]]></Texto>
    <Autores />
  </body>
</article></xml>