<xml><article id="650420" name="120.928-17 - VALERIO NOGUEIRA SO" idOficio="4585340" pubName="DO2" artType="Ato" pubDate="04/12/2017" artClass="00037:00032:00001:00000:00000:00000:00000:00000:00000:00000:00001:00001" artSection="Poder Judiciário" artCategory="Tribunal Regional Eleitoral do Rio de Janeiro" artSize="8" artNotes="" numberPage="65" pdfPage="http://pesquisa.in.gov.br/imprensa/jsp/visualiza/index.jsp?data=04/12/2017&amp;jornal=529&amp;pagina=65" editionNumber="231">
  <body>
    <Identifica><![CDATA[ATO nº 551, de 6 de novembro de 2017]]></Identifica>
    <Data><![CDATA[]]></Data>
    <Ementa />
    <Titulo />
    <SubTitulo />
    <Texto><![CDATA[<p> A PRESIDENTE DO TRIBUNAL REGIONAL ELEITORAL DO RIO DE JANEIRO, no uso de suas atribuições legais e regimentais, </p><p>Considerando o que consta do protocolo nº 120.928/2017, resolve: </p><p>Art. 1º Designar o servidor VALERIO NOGUEIRA SOARES, Técnico Judiciário do Quadro de Pessoal deste Tribunal, para exercer a Função Comissionada de Chefe de Cartório, Nível FC-6, da 112ª Zona Eleitoral/Miracema do Tribunal Regional Eleitoral do Rio de Janeiro.</p><p>Art. 2º. Este ato entra em vigor na data de sua publicação.</p>]]></Texto>
    <Autores>
      <assina>Desª JACQUELINE LIMA MONTENEGRO</assina>
    </Autores>
  </body>
</article></xml>