<xml><article id="642995" name="Portaria 295_2017 apos FRANCISCO" idOficio="4585003" pubName="DO2" artType="Portaria" pubDate="01/12/2017" artClass="00012:00002:00012:00016:00000:00000:00000:00000:00000:00000:00025:00001" artSection="Ministério da Fazenda" artCategory="Secretaria Executiva" artSize="8" artNotes="" numberPage="34" pdfPage="http://pesquisa.in.gov.br/imprensa/jsp/visualiza/index.jsp?data=01/12/2017&amp;jornal=529&amp;pagina=34" editionNumber="230">
  <body>
    <Identifica><![CDATA[PORTARIA nº 295, de 27 de novembro de 2017]]></Identifica>
    <Data><![CDATA[]]></Data>
    <Ementa />
    <Titulo />
    <SubTitulo />
    <Texto><![CDATA[<p> O SUPERINTENDENTE SUBSTITUTO DE ADMINISTRAÇÃO DO MINISTÉRIO DA FAZENDA NO ESTADO DO CEARÁ, no uso de suas atribuições conferidas pelo inciso XI, art. 86, da Portaria nº 144, do Gabinete do Ministro da Fazenda, de 27.4.2016, publicada no DOU de 29.4.2016, resolve:</p><p>CONCEDER aposentadoria voluntária com proventos integrais ao servidor FRANCISCO ASSUNÇÃO SIMÕES, ocupante do cargo Administrador, matrícula Siape nº 0135916, Classe S, Padrão III, lotado e em exercício na SAMF/SINPE/CE, com fundamento legal no artigo 3º, EC Nº 47/2005, do Quadro Permanente do Ministério da Fazenda. (Processo nº 10380.001533/2017-91)</p>]]></Texto>
    <Autores>
      <assina>ISAÍAS BEZERRA NETO</assina>
    </Autores>
  </body>
</article></xml>