<xml><article id="642971" name="745 e 746_DAS_DADJ_Exonerar_Nome" idOficio="4584643" pubName="DO2" artType="Portaria" pubDate="01/12/2017" artClass="00006:00019:01211:00000:00000:00000:00000:00000:00000:00000:00025:0006" artSection="Presidência da República" artCategory="Gabinete de Segurança Institucional" artSize="8" artNotes="" numberPage="4" pdfPage="http://pesquisa.in.gov.br/imprensa/jsp/visualiza/index.jsp?data=01/12/2017&amp;jornal=529&amp;pagina=4" editionNumber="230">
  <body>
    <Identifica />
    <Data><![CDATA[]]></Data>
    <Ementa />
    <Titulo />
    <SubTitulo />
    <Texto><![CDATA[<p> <strong>O DIRETOR-ADJUNTO DA AGÊNCIA BRASILEIRA DE INTELIGÊNCIA DO GABINETE DE SEGURANÇA INSTITUCIONAL DA PRESIDÊNCIA DA REPÚBLICA</strong>, no uso da competência que lhe foi subdelegada pela alínea "a" do inciso I do art. 2° da Portaria n° 74-GSIPR, de 25 de novembro de 2016, publicada no Diário Oficial da União n° 231, de 2 de dezembro de 2016, resolve:</p><p>Nº 745 - Art. 1º Exonerar matrícula nº 910913 do cargo em comissão de Assistente Técnico, código DAS 102.1.</p><p>Nº 746 - Art. 1º Nomear matrícula nº 7389 para o cargo em comissão de Assistente Técnico, código DAS 102.1.</p><p>Art. 2º Estas Portarias entram em vigor na data de sua publicação.</p>]]></Texto>
    <Autores>
      <assina>FRANK MÁRCIO DE OLIVEIRA</assina>
    </Autores>
  </body>
</article></xml>