<xml><article id="642974" name="470-OSMAR E JOSÉ AURELIO-20 dias" idOficio="4584695" pubName="DO2" artType="Portaria" pubDate="01/12/2017" artClass="00037:00004:00000:00000:00000:00000:00000:00000:00000:00000:00000:00002" artSection="Poder Judiciário" artCategory="Superior Tribunal de Justiça" artSize="8" artNotes="" numberPage="70" pdfPage="http://pesquisa.in.gov.br/imprensa/jsp/visualiza/index.jsp?data=01/12/2017&amp;jornal=529&amp;pagina=70" editionNumber="230">
  <body>
    <Identifica><![CDATA[PORTARIA N 470, DE 28 DE NOVEMBRO DE 2017]]></Identifica>
    <Data><![CDATA[]]></Data>
    <Ementa />
    <Titulo />
    <SubTitulo />
    <Texto><![CDATA[<p> </p><p> A PRESIDENTE DO SUPERIOR TRIBUNAL DE JUSTIÇA, no uso da atribuição conferida pelo art. 21, XXVI, do Regimento Interno e considerando o contido no Processo STJ n. 024790/2017, resolve:</p><p>Art. 1º Redistribuir o cargo efetivo de Técnico Judiciário, Área Administrativa, do quadro de pessoal deste Tribunal ocupado pelo servidor OSMAR LOPES DO AMARAL SOUZA, matrícula S064135, classe A, padrão 4, para o quadro de pessoal da Seção Judiciária de Goiás, vinculada ao Tribunal Regional Federal da 1ª Região, em reciprocidade com o cargo de mesma denominação, ocupado pelo servidor JOSÉ AURÉLIO WLADIMIR BAPTISTA BRANDIZZI.</p><p>Art. 2º Conceder 20 (vinte) dias de trânsito ao servidor José Aurélio Wladimir Baptista Brandizzi, nos termos do art. 18 da Lei n. 8.112/1990.</p><p>Art. 3º Esta portaria entra em vigor na data de sua publicação.</p>]]></Texto>
    <Autores>
      <assina>Min. LAURITA VAZ</assina>
    </Autores>
  </body>
</article></xml>