<xml><article id="642893" name="ATO 320.2017 Flavia e Juliana" idOficio="4582619" pubName="DO2" artType="Ato" pubDate="01/12/2017" artClass="00037:00045:00000:00000:00000:00000:00000:00000:00000:00000:00000:00001" artSection="Poder Judiciário" artCategory="Tribunal Regional do Trabalho da 6ª Região" artSize="8" artNotes="" numberPage="76" pdfPage="http://pesquisa.in.gov.br/imprensa/jsp/visualiza/index.jsp?data=01/12/2017&amp;jornal=529&amp;pagina=76" editionNumber="230">
  <body>
    <Identifica><![CDATA[ATO Nº 320, de 13 de novembro de 2017]]></Identifica>
    <Data><![CDATA[]]></Data>
    <Ementa />
    <Titulo />
    <SubTitulo />
    <Texto><![CDATA[<p> O DESEMBARGADOR PRESIDENTE DO TRIBUNAL REGIONAL DO TRABALHO DA SEXTA REGIÃO, no uso de suas atribuições legais e regimentais, tendo em vista o decidido no PROAD n.º 11095/2017, e CONSIDERANDO o disposto no art. 37 da Lei n.º 8.112/90 e na Resolução n.º 146/2012 do Conselho Nacional de Justiça, resolve: </p><p>I. REDISTRIBUIR o cargo de Analista Judiciário, Área Judiciária, sem especialidade, do Quadro de Pessoal efetivo deste Tribunal, ocupado pela servidora FLÁVIA MARIA DE MORAIS ALVES VILELA, para o Tribunal Regional do Trabalho da 2ª Região, em reciprocidade com o cargo de Analista Judiciário, Área Administrativa, sem especialidade, ocupado pela servidora JULIANA CARLA ARAÚJO VIEIRA DE FREITAS, daquela Corte. II. CONCEDER 20 (vinte) dias de trânsito à servidora JULIANA CARLA ARAÚJO VIEIRA DE FREITAS. III. LOTAR a servidora JULIANA CARLA ARAÚJO VIEIRA DE FREITAS na 2ª Vara do Trabalho do Recife. Este Ato tem efeitos a partir da publicação. Publique-se no Diário Oficial da União.</p><p> </p>]]></Texto>
    <Autores>
      <assina>IVAN DE SOUZA VALENÇA ALVES</assina>
    </Autores>
  </body>
</article></xml>