<xml><article id="671010" name="Portaria nº. 041_17 - Função Gra" idOficio="4583910" pubName="DO2" artType="Portaria" pubDate="07/12/2017" artClass="00038:00416:00000:00000:00000:00000:00000:00000:00000:00000:00025:00001" artSection="Entidades de Fiscalização do Exercício das Profissões Liberais" artCategory="Conselho Regional de Psicologia da 2ª Região" artSize="8" artNotes="" numberPage="63" pdfPage="http://pesquisa.in.gov.br/imprensa/jsp/visualiza/index.jsp?data=07/12/2017&amp;jornal=529&amp;pagina=63" editionNumber="234">
  <body>
    <Identifica><![CDATA[PORTARIA Nº 41, DE 17 de novembro de 2017]]></Identifica>
    <Data><![CDATA[]]></Data>
    <Ementa />
    <Titulo />
    <SubTitulo />
    <Texto><![CDATA[<p> O Presidente do Conselho Regional de Psicologia 2a Região - CRP-02, no uso de suas atribuições legais e regimentais e, por deliberação do XV Plenário em reunião de Diretoria, realizada em 13 de novembro de 2017, resolve:</p><p>Art. 1º - Designar a servidora Ana Carolina Cabral Gusmão, CPF/MF 089.683.554-52, matrícula nº 0131, ocupante de cargo em provimento efetivo de Assistente Administrativo 30 horas, para exercer a Função Gratificada de Assessora Jurídica, cumulativamente com o seu cargo, percebendo a gratificação equivalente ao valor de R$ 2.400,00 (dois mil e quatrocentos reais).</p><p>Art. 2º - Esta Portaria entrará em vigor a partir da data de sua assinatura.   </p><p> </p>]]></Texto>
    <Autores>
      <assina>José Hermes de Azevedo Júnior</assina>
    </Autores>
  </body>
</article></xml>