<xml><article id="642929" name="PortariaSEIAposentadoriaDezembro" idOficio="4583977" pubName="DO2" artType="Portaria" pubDate="01/12/2017" artClass="00011:00140:00001:00026:00000:00000:00000:00000:00000:00000:00025:00001" artSection="Ministério da Educação" artCategory="Universidade Federal de Uberlândia" artSize="8" artNotes="" numberPage="29-34" pdfPage="http://pesquisa.in.gov.br/imprensa/jsp/visualiza/index.jsp?data=01/12/2017&amp;jornal=529&amp;pagina=29,http://pesquisa.in.gov.br/imprensa/jsp/visualiza/index.jsp?data=01/12/2017&amp;jornal=529&amp;pagina=34" editionNumber="230">
  <body>
    <Identifica><![CDATA[Portarias de 27 de Novembro de 2017]]></Identifica>
    <Data><![CDATA[]]></Data>
    <Ementa />
    <Titulo />
    <SubTitulo />
    <Texto><![CDATA[<p> </p><p> O Pró-Reitor de Gestão de Pessoas da Universidade Federal de Uberlândia, no uso de suas atribuições legais conferidas pela Portaria nº 068, de 04 de Janeiro de 2017, publicada no Diário Oficial da União de 05 de Janeiro de 2017, resolve:</p><p>Nº 822 - Art. 1º - Conceder a Elizabeth Maria Crosara, matrícula SIAPE nº 1123542, código de vaga nº 708832, ocupante do cargo de Médico-Área, Nível de Classificação E, Nível de Capacitação 3, Padrão de Vencimento 14, do Quadro Permanente desta Universidade, aposentadoria voluntária com proventos integrais, conforme o art. 6º, incisos I, II, III e IV da Emenda Constitucional 41/2003. (processo nº 23117.022012/2017-30)</p><p>Nº 823 - Art. 1º - Conceder a José Oscar dos Reis, matrícula SIAPE nº 0411358, código de vaga nº 321239, ocupante do cargo de Lancheiro, Nível de Classificação B, Nível de Capacitação 4, Padrão de Vencimento 16, do Quadro Permanente desta Universidade, aposentadoria voluntária com proventos integrais, conforme o art. 3º da Emenda Constitucional 47/2005. (processo nº 23117.023051/2017-54)</p><p>Nº 824 - Art. 1º - Conceder a Madeli Freitas Borges, matrícula SIAPE nº 1035133, código de vaga nº 323560, ocupante do cargo de Técnico em Enfermagem, Nível de Classificação D, Nível de Capacitação 4, Padrão de Vencimento 15, do Quadro Permanente desta Universidade, aposentadoria voluntária com proventos integrais, conforme o art. 6º, incisos I, II, III e IV da Emenda Constitucional 41/2003. (processo nº 23117.023054/2017-98)</p><p>Nº 825 - Art. 1º - Conceder a Maria do Nazaré Lima Alves, matrícula SIAPE nº 1035104, código de vaga nº 323531, ocupante do cargo de Técnico em Enfermagem, Nível de Classificação D, Nível de Capacitação 4, Padrão de Vencimento 14, do Quadro Permanente desta Universidade, aposentadoria voluntária com proventos integrais, conforme o art. 3º da Emenda Constitucional 47/2005. (processo nº 23117.023058/2017-76)</p><p>Nº 826 - Art. 1º - Conceder a Lúcia Rodrigues da Silva Borges, matrícula SIAPE nº 0412391, código de vaga nº 322171, ocupante do cargo de Auxiliar de Enfermagem, Nível de Classificação C, Nível de Capacitação 3, Padrão de Vencimento 16, do Quadro Permanente desta Universidade, aposentadoria voluntária com proventos integrais, conforme o art. 3º da Emenda Constitucional 47/2005. (processo nº 23117.023057/2017-21)</p><p>Nº 827 - Art. 1º - Conceder a Luiz Augusto Silva Marroni, matrícula SIAPE nº 1897379, código de vaga nº 319751, ocupante do cargo de Técnico em Estatística, Nível de Classificação D, Nível de Capacitação 3, Padrão de Vencimento 04, do Quadro Permanente desta Universidade, aposentadoria por invalidez com proventos proporcionais por tempo de contribuição, com base no art. 40, § 1º, inciso I da CF, com redação dada pela EC nº 41/03. Os proventos serão calculados com base no art. 1º da Lei nº 10887/04. (processo nº 23117.022283/2017-95)</p><p>Nº 828 - Art. 1º - Conceder a Edson Carlos Kovacs, matrícula SIAPE nº 1434780, código de vaga nº 774562, ocupante do cargo de Técnico em Enfermagem, Nível de Classificação D, Nível de Capacitação 4, Padrão de Vencimento 09, do Quadro Permanente desta Universidade, aposentadoria por invalidez com proventos proporcionais por tempo de contribuição, com base no art. 40, § 1º, inciso I da CF, com redação dada pela EC nº 41/03, combinado com o art. 6-A da EC 41 incluído pela EC 70/2012. (processo nº 23117.022326/2017-32)</p><p>Nº 829 - Art. 1º - Conceder a Efigênia Amorim, matrícula SIAPE nº 0412529, código de vaga nº 322306, ocupante do cargo de Professor Titular - Doutorado - Dedicação Exclusiva, do Quadro Permanente desta Universidade, aposentadoria voluntária com proventos integrais, conforme o art. 3º da Emenda Constitucional 47/2005, vantagem do art. 62-A, alterado pela Lei 9.527/97 e computado para fins de aposentadoria o saldo de 150 dias de Licença Prêmio.</p><p>Nº 830 - Art. 1º - Conceder a José Carlos de Oliveira, matrícula SIAPE nº 6411581, código de vaga nº 708966, ocupante do cargo de Professor Titular - Doutorado - Dedicação Exclusiva, do Quadro Permanente desta Universidade, aposentadoria voluntária com base no Art. 40, § 1º, inciso III, alínea "B" da CF, com redação dada pela EC nº 41/03. Com proventos calculados com base no Art. 1º da Lei nº 10887/04. (processo nº 23117.023662/2017-01)</p><p>Nº 831 - Art. 1º - Alterar a Portaria nº 2285 de 27/11/2012, publicada no Diário Oficial da União de 06 de dezembro de 2012, seção 2, página 44, de Carmo Rodrigues Gomes. Onde se-lê: Conceder Aposentadoria voluntária proporcional a Carmo Rodrigues Gomes, matricula SIAPE nº 0410478, com fundamento no artigo 40, inciso § 1º, CF 88, inciso I e § 18, c/c Art. 6-A da EC nº 41/03, incluído pela EC nº 70/2012, sendo os efeitos financeiros retroativos a 30/03/2012. Leia-se: Conceder Aposentadoria por invalidez integral a Carmo Rodrigues Gomes, matricula SIAPE nº 0410478, ocupante do cargo de Recepcionista - Nível Intermediário, Classe C, Padrão 112, do Quadro Permanente desta Universidade, com fundamento no artigo 40, § 1º, inciso I da Constituição Federal, com redação dada pela Emenda Constitucional nº 41/03, combinado com o art. 6-A da EC 41/03, incluído pela EC 70/2012. (processo nº 23117.000366/2006-71)</p><p>Art. 2º - Em cumprimento à decisão judicial prolatada no processo   0011717-03.2008.4.01.3803.</p><p>Art. 3º - Esta portaria entra em vigor na data de 07/06/2017, revogadas as disposições em contrário.</p><p>Nº 832 - Art. 1º - Retificar a Portaria nº 216 de 27/03/1998, publicada no Diário Oficial da União de 07 de abril de 1998, seção 2, página 18, de Marli Machado Valentini. Onde se-lê: Conceder Aposentadoria voluntária proporcional a Marli Machado Valentini matricula SIAPE nº 0409790, ocupante do cargo de Assistente em Administração NI - A - III, do quadro permanente desta Universidade, com fundamento no artigo 40, inciso III, alínea "c" da Constituição Federal, combinado com o artigo 186, inciso III, alínea "c" da Lei 8.112/, de 11 de dezembro de 1990. Leia-se: Conceder Aposentadoria voluntária proporcional 28/30 avos a Marli Machado Valentini matricula SIAPE nº 0409790, ocupante do cargo de Assistente em Administração NI - D - 113, do quadro permanente desta Universidade, com fundamento no artigo 40, inciso III, alínea "c" da Constituição Federal, combinado com o artigo 186, inciso III, alínea "c" da Lei 8.112/, de 11 de dezembro de 1990. (processo n° 23117.003853/97-15)</p><p>Art. 2º - Esta portaria entra em vigor na data de 08/11/2017, revogadas as disposições em contrário.</p><p>Nº 833 - Art. 1º - Conceder pensão vitalícia a Maria Faria da Silva Fernandes, com fundamento nos artigos 215 e 217, inciso I, 218 e 222, inciso VII, alínea "b"  item 6 da  Lei 8.112/90, com alteração dada pela Lei nº 13.135 de 2015, viúva  de Reginaldo Fernandes, falecido  em  13 de novembro de 2017, aposentado no cargo de Bombeiro Hidráulico - B - 110. (processo nº 23117.024736/2017-18)</p><p>Art. 2º - Determinar que o pagamento da referida pensão retroaja a 13 de novembro de 2017.</p><p>Art. 3º - Esta portaria entra em vigor na data de 13 de novembro de 2017, revogando-se as disposições em contrário. </p><p>Nº 840 - Considerando previsão legal no Art. 9ª da Lei nº 9.527, de 10 de dezembro de 1997, Decreto nº 7.862, de 8 de dezembro de 2012, Portaria MP nº 8, de 7 de janeiro de 2013 e Orientação Normativa SEGEP nº 1 publicada no DOU de janeiro de 2013; e </p><p>Em atendimento ao que dispõe o artigo 11º da Orientação Normativa nº 001/SEGEP/MPOG, datada de 02/01/2017, informa que os aposentados abaixo relacionados terão seus vencimentos suspensos a partir da folha de pagamento referente a Novembro de 2017:</p><p>              171876       275.833.681-20      ELEONORA SALLES KRAEMER                  APOSENTADA               412638       085.631.601-68      VALDIVINO BATISTA LOPES                      APOSENTADO</p>]]></Texto>
    <Autores>
      <assina>Marcio Magno Costa</assina>
    </Autores>
  </body>
</article></xml>