<xml><article id="712694" name="Portaria Rita Regina Piazza para" idOficio="4582100" pubName="DO2" artType="Portaria" pubDate="13/12/2017" artClass="00037:00031:00000:00000:00000:00000:00000:00000:00000:00000:00025:00001" artSection="Poder Judiciário" artCategory="Tribunal Regional Eleitoral do Rio Grande do Sul" artSize="8" artNotes="" numberPage="54" pdfPage="http://pesquisa.in.gov.br/imprensa/jsp/visualiza/index.jsp?data=13/12/2017&amp;jornal=529&amp;pagina=54" editionNumber="238">
  <body>
    <Identifica><![CDATA[PORTARIA Nº 368, DE 21 DE NOVEMBRO DE 2017]]></Identifica>
    <Data><![CDATA[]]></Data>
    <Ementa />
    <Titulo />
    <SubTitulo />
    <Texto><![CDATA[<p> </p><p> O DESEMBARGADOR Carlos Cini Marchionatti, Presidente do Tribunal Regional Eleitoral do Rio Grande do Sul, no uso de suas atribuições legais e com fundamento no artigo 16, inciso VIII, do Regimento Interno do Tribunal, resolve:</p><p>APOSENTAR a servidora RITA REGINA PIAZZA, voluntariamente e com proventos integrais, no cargo de Técnico Judiciário, Área de Atividade Administrativa, Classe C, Padrão 13, do Quadro de Pessoal deste Tribunal, com fundamento no artigo 40, §1º, III, alínea "a", da Constituição da República de 1988, com redação dada pela Emenda Constitucional n. 41/2003, c/c artigo 1º da Lei n. 10.887/2004 e DECLARAR VAGO o referido cargo com base no art. 33, inciso VII, da Lei n. 8.112/1990.</p>]]></Texto>
    <Autores>
      <assina>CARLOS CINI MARCHIONATTI</assina>
    </Autores>
  </body>
</article></xml>