<xml><article id="642959" name="Portarias - 01 dezembro" idOficio="4584144" pubName="DO2" artType="Portaria" pubDate="01/12/2017" artClass="00007:00003:00064:00000:00000:00000:00000:00000:00000:00000:00025:00001" artSection="Ministério da Agricultura, Pecuária e Abastecimento" artCategory="Secretaria Executiva" artSize="8" artNotes="" numberPage="4" pdfPage="http://pesquisa.in.gov.br/imprensa/jsp/visualiza/index.jsp?data=01/12/2017&amp;jornal=529&amp;pagina=4" editionNumber="230">
  <body>
    <Identifica><![CDATA[PORTARIAS DE 27 DE NOVEMBRO DE 2017]]></Identifica>
    <Data><![CDATA[]]></Data>
    <Ementa />
    <Titulo />
    <SubTitulo />
    <Texto><![CDATA[<p> O Superintendente Federal de Agricultura, Pecuária e Abastecimento em Minas Gerais, no uso das atribuições que lhe confere o inciso XVIII, artigo 44, do Regimento Interno das Superintendências Federais de Agricultura, Pecuária e Abastecimento, aprovado pela Portaria Ministerial nº 428, de 09/06/2010, publicada no Diário Oficial da União de 14/06/2010, resolve:</p><p>N 2.858 - Conceder aposentadoria voluntária com proventos integrais ao servidor CLEOMAR FERREIRA COSTA, ocupante do cargo de Auditor Fiscal Federal Agropecuário, código NS 409010, classe S, padrão IV, do Quadro de Pessoal deste Ministério, com fundamento no artigo 3º da EC. 47/2005. (Processo: 21028.009438/2017-71). </p><p>N 2.859 - Conceder aposentadoria voluntária com proventos integrais a servidora FATIMA ALVES DA SILVA, ocupante do cargo de Agente de Inspeção Sanitária e Industrial de Produtos de Origem Animal, código NI 104001, classe C, padrão III, do Quadro de Pessoal deste Ministério, com fundamento no artigo 40, §1°, III-a da CF/1988. (Processo: 21028.010534/2017-62). </p><p>N 2.860 - Conceder aposentadoria voluntária com proventos integrais ao servidor JOSÉ DE PAULO LEMOS DE MORAIS, ocupante do cargo de Agente de Inspeção Sanitária e Industrial de Produtos de Origem Animal, código NI 104001, classe S, padrão IV, do Quadro de Pessoal deste Ministério, com fundamento no artigo 3º da EC. 47/2005. (Processo: 21028.012572/2017-50).</p>]]></Texto>
    <Autores>
      <assina>MARCIO LUIZ MURTA KANGUSSU</assina>
    </Autores>
  </body>
</article></xml>