<xml><article id="645557" name="DOU 2-PGR-PT-1259-UNI-486398_CRI" idOficio="4588645" pubName="DO2" artType="Portaria" pubDate="01/12/2017" artClass="00033:00001:00000:00000:00000:00000:00000:00000:00000:00000:00025:00004" artSection="Ministério Público da União" artCategory="Atos do Procurador-Geral da República" artSize="8" artNotes="" numberPage="63" pdfPage="http://pesquisa.in.gov.br/imprensa/jsp/visualiza/index.jsp?data=01/12/2017&amp;jornal=529&amp;pagina=63" editionNumber="230">
  <body>
    <Identifica><![CDATA[Portaria nº 1.259, de 28 de novembro de 2017]]></Identifica>
    <Data><![CDATA[]]></Data>
    <Ementa />
    <Titulo />
    <SubTitulo />
    <Texto><![CDATA[<p> </p><p> A PROCURADORA-GERAL DA REPÚBLICA, no uso de suas atribuições, com fundamento no art. 18, parágrafo único, da Lei Complementar nº 75, de 20 de maio de 1993, e tendo em vista o contido no Ofício nº 57/2017-BCC-PRR1, de 11 de outubro de 2017, da Procuradoria Regional da República da 1ª Região, resolve:</p><p>Designar o Procurador Regional da República BRUNO FREIRE DE CARVALHO CALABRICH, lotado na Procuradoria Regional da República da 1ª Região, para atuar na Notícia de Fato nº 1.01.000.000430/2017-95, bem como nos feitos dela decorrentes.</p>]]></Texto>
    <Autores>
      <assina>Raquel Elias Ferreira Dodge</assina>
    </Autores>
  </body>
</article></xml>