<xml><article id="643058" name="2050.CAROLINA CAMMAROSANO - 17" idOficio="4586081" pubName="DO2" artType="Portaria" pubDate="01/12/2017" artClass="00033:00008:00001:00004:00000:00000:00000:00000:00000:00000:00025:00001" artSection="Ministério Público da União" artCategory="Ministério Público do Trabalho" artSize="8" artNotes="" numberPage="66" pdfPage="http://pesquisa.in.gov.br/imprensa/jsp/visualiza/index.jsp?data=01/12/2017&amp;jornal=529&amp;pagina=66" editionNumber="230">
  <body>
    <Identifica><![CDATA[PORTARIA Nº 2.050, DE 27 DE NOVEMBRO DE 2017]]></Identifica>
    <Data><![CDATA[]]></Data>
    <Ementa />
    <Titulo />
    <SubTitulo />
    <Texto><![CDATA[<p> A DIRETORA-GERAL ADJUNTA DO MINISTÉRIO PÚBLICO DO TRABALHO, no uso da competência que lhe foi delegada pela Portaria MPT-PGT nº 86, de 30 de março de 2016 e o que consta no PGEA nº 004192.2017.02.900/9, resolve:</p><p>Art. 1º Exonerar, a pedido, a contar de 1.12.2017, a servidora CAROLINA CAMMAROSANO SEGNINI, matrícula nº 6007314, do cargo em comissão de Assessora Jurídica do 12º Ofício Geral da Procuradoria Regional do Trabalho da 2ª Região/SP, código CC-4.</p>]]></Texto>
    <Autores>
      <assina>SANDRA CRISTINA DE ARAÚJO</assina>
    </Autores>
  </body>
</article></xml>