<xml><article id="644831" name="Portarias 30 de 2017" idOficio="4588401" pubName="DO2" artType="Portaria" pubDate="01/12/2017" artClass="00006:00019:01211:00000:00000:00000:00000:00000:00000:00000:00025:0007" artSection="Presidência da República" artCategory="Gabinete de Segurança Institucional" artSize="8" artNotes="" numberPage="4" pdfPage="http://pesquisa.in.gov.br/imprensa/jsp/visualiza/index.jsp?data=01/12/2017&amp;jornal=529&amp;pagina=4" editionNumber="230">
  <body>
    <Identifica><![CDATA[PORTARIAS DE 30 DE NOVEMBRO DE 2017]]></Identifica>
    <Data><![CDATA[]]></Data>
    <Ementa />
    <Titulo />
    <SubTitulo><![CDATA[SECRETARIA DE PLANEJAMENTO E GESTÃO]]></SubTitulo>
    <Texto><![CDATA[<p> A DIRETORA DO DEPARTAMENTO DE GESTÃO DE PESSOAL DA SECRETARIA DE PLANEJAMENTO E GESTÃO DA AGÊNCIA BRASILEIRA DE INTELIGÊNCIA DO GABINETE DE SEGURANÇA INSTITUCIONAL DA PRESIDÊNCIA DA REPÚBLICA, nos termos do inciso II do artigo 1º da Portaria nº 378/ABIN/GSIPR, de 27 de abril de 2017, resolve:</p><p> Nº 156 - Art. 1º Conceder aposentadoria voluntária com proventos integrais ao servidor matrícula ABIN nº 011203, detentor do cargo de Agente de Seguranca, Nível Intermediário, Classe "E", Padrão III, do Quadro de Pessoal da Agência Brasileira de Inteligência (ABIN), com fundamento no artigo 3º, incisos I, II e III, parágrafo único, da Emenda Constitucional nº 47/2005, c/c o § 18 do art. 40 da CF/88 e art. 5° da Lei n° 10.887/2004, acrescida das vantagens previstas na Lei nº 11.776/2008, alterada pelas Leis nºs 12.277/2010 e 12.702/2012. (Processo nº 00091.001885/2017-49)</p><p>Art. 2º Declarar extinto o referido cargo.</p><p> Nº 157 - Art. 1º Conceder aposentadoria voluntária com proventos integrais ao servidor matrícula ABIN nº 022191, detentor do cargo de Oficial de Inteligência, Nível Superior, Classe "E", Padrão III, do Quadro de Pessoal da Agência Brasileira de Inteligência (ABIN), com fundamento no artigo 3º incisos I, II e III, parágrafo único da Emenda Constitucional nº 47/2005, c/c o § 18 do art. 40 da CF/88 e art. 5º da Lei nº 10.887/2004, acrescida das vantagens previstas na Lei nº 11.776/2008, alterada pela Lei nº 12.277/2010. (Processo nº 00091.001685/2017-96)</p><p> Art. 2º Declarar vago o referido cargo.</p><p> Nº 158 - Art. 1º Conceder aposentadoria voluntária com proventos integrais ao servidor matrícula ABIN nº 015454, detentor do cargo de Oficial de Inteligência, Nível Superior, Classe "E", Padrão III, do Quadro de Pessoal da Agência Brasileira de Inteligência (ABIN), com fundamento no artigo 3º, incisos I, II e III, parágrafo único, da Emenda Constitucional nº 47/2005, c/c o § 18, do art. 40, da CF/88 e art. 5º, da Lei nº 10.887/2004, acrescida das vantagens previstas na Lei nº 11.776/2008, alterada pela Lei nº 12.277/2010. (Processo nº 00091.001637/2017-06)</p><p> Art. 2º Declarar vago o referido cargo.</p><p> Publicadas de acordo com o Art. 9º da Lei 9.883/99.</p>]]></Texto>
    <Autores>
      <assina>MARIA INEZ CARNEIRO DE SOUZA</assina>
    </Autores>
  </body>
</article></xml>