<xml><article id="658206" name="EXTRATO DOU PORTARIA 294A-2017 -" idOficio="4587774" pubName="DO2" artType="Portaria" pubDate="05/12/2017" artClass="00038:00183:00000:00000:00000:00000:00000:00000:00000:00000:00025:00007" artSection="Entidades de Fiscalização do Exercício das Profissões Liberais" artCategory="Conselho Regional de Educação Física da 12ª Região" artSize="8" artNotes="" numberPage="55" pdfPage="http://pesquisa.in.gov.br/imprensa/jsp/visualiza/index.jsp?data=05/12/2017&amp;jornal=529&amp;pagina=55" editionNumber="232">
  <body>
    <Identifica><![CDATA[PORTARIA Nº 294A, de 2 DE MAIO DE 2017]]></Identifica>
    <Data><![CDATA[]]></Data>
    <Ementa />
    <Titulo />
    <SubTitulo />
    <Texto><![CDATA[<p> A Presidente, no uso de suas atribuições que são conferidas pela Lei 9.696/1998, e por seu Estatuto, resolve:</p><p> Art. 1º-Alterar a composição da Comissão Permanente de Licitação - CPL do Conselho Regional de Educação Física da 12ª Região / Pernambuco, passando a ser composta dos seguintes funcionários: NOME CARGO RG Eduardo Marques Braga de Faria Presidente 7.299.539 SDS/PE Arthur Fellipe de Holanda Firmo Membro 7.523.307 SDS/PE Rosenilda do Vale Membro 6.080.102 SDS/PE Rousycarla Pessoa Moraes Suplente 4.339.501 SDS/PE Art. 2º - A presente Portaria retroage seus efeitos a partir de 01 de maio de 2017.Art. 3º - Revogam-se as disposições em contrário</p>]]></Texto>
    <Autores>
      <assina>Nadja Regueira Harrop</assina>
    </Autores>
  </body>
</article></xml>