<xml><article id="643862" name="PORT DGP-DCIPAS - 2017 - Nº 248 " idOficio="4588001" pubName="DO2" artType="Portaria" pubDate="01/12/2017" artClass="00010:00008:00024:00000:00000:00000:00000:00000:00000:00000:00025:00012" artSection="Ministério da Defesa" artCategory="Comando do Exército" artSize="8" artNotes="" numberPage="11" pdfPage="http://pesquisa.in.gov.br/imprensa/jsp/visualiza/index.jsp?data=01/12/2017&amp;jornal=529&amp;pagina=11" editionNumber="230">
  <body>
    <Identifica><![CDATA[PORTARIA Nº 248-DGP/DCIPAS, DE 20 DE NOVEMBRO DE 2017]]></Identifica>
    <Data><![CDATA[]]></Data>
    <Ementa />
    <Titulo />
    <SubTitulo />
    <Texto><![CDATA[<p> O CHEFE DO DEPARTAMENTO-GERAL DO PESSOAL, no uso da competência que lhe foi conferida pela Portaria nº 218-Comandante Exército, de 20 de março de 2017, resolve</p><p>NOMEAR, por proposta do Diretor de Avaliação e Promoções, o Capitão da Reserva Remunerada (Idt 042131673-8) CARLOS ALBERTO DE AGUIAR FILGUEIRAS, Prec-CP: 34 0673137, na Diretoria de Avaliação e Promoções (BRASÍLIA-DF), para Prestador de Tarefa por Tempo Certo, para exercer a tarefas Administrativas de Auditoria em Mapas de Indicadores, Assessoramento nas Reuniões para Concessão de Medalhas, Preparação de Documentos de Apoio aos Trabalhos das Comissões de Avaliação e do Conselho de Revisão, a cargo do DGP, e nos trabalhos Relativos ao Processo de Seleção para 1º e 2º Comando, Chefia ou Direção de OM, a cargo da DA Prom, na Subseção de Seleção/4ª Seção/DA Prom, pelo prazo de 24 (vinte e quatro) meses, a partir de 1º de dezembro de 2017.</p><p> </p>]]></Texto>
    <Autores>
      <assina>Gen Ex MANOEL LUIZ NARVAZ PAFIADACHE</assina>
    </Autores>
  </body>
</article></xml>