<xml><article id="645110" name="PORT 60.282" idOficio="4588519" pubName="DO2" artType="Portaria" pubDate="01/12/2017" artClass="00011:00112:00000:00000:00000:00000:00000:00000:00000:00000:00019:0001" artSection="Ministério da Educação" artCategory="Universidade Federal Fluminense" artSize="8" artNotes="" numberPage="27" pdfPage="http://pesquisa.in.gov.br/imprensa/jsp/visualiza/index.jsp?data=01/12/2017&amp;jornal=529&amp;pagina=27" editionNumber="230">
  <body>
    <Identifica><![CDATA[PORTARIA Nº 60.282, de 29 DE NOVEMBRO DE 2017]]></Identifica>
    <Data><![CDATA[]]></Data>
    <Ementa />
    <Titulo />
    <SubTitulo />
    <Texto><![CDATA[<p> O VICE-REITOR, no exercício da Reitoria da Universidade Federal Fluminense, no uso de suas atribuições legais, estatutárias e regimentais; considerando o constante no Processo nº 23069.024928/2017-47, resolve: </p><p>Art. 1º - Dispensar MARIA LIVIA DO NASCIMENTO, Professor do Magistério Superior, matrícula SIAPE nº 6310290, pertencente ao Quadro Permanente desta Universidade, na qualidade de Decana, da função de Coordenadora pro tempore do Programa de Pós-Graduação, Mestrado Profissional em Justiça Administrativa, da Faculdade de Direito, designada pela Portaria nº. 59.820 de 15/09/2017, publicada no D.O.U. de 18/09/2017. FCC.</p>]]></Texto>
    <Autores>
      <assina>ANTONIO CLAUDIO LUCAS DA NOBREGA</assina>
    </Autores>
  </body>
</article></xml>