<xml><article id="644702" name="Portaria.MF.518.2017 Prorrogação" idOficio="4588329" pubName="DO2" artType="Portaria" pubDate="01/12/2017" artClass="00012:00001:00644:00102:00000:00000:00000:00000:00000:00000:00025:0004" artSection="Ministério da Fazenda" artCategory="Gabinete do Ministro" artSize="8" artNotes="" numberPage="34" pdfPage="http://pesquisa.in.gov.br/imprensa/jsp/visualiza/index.jsp?data=01/12/2017&amp;jornal=529&amp;pagina=34" editionNumber="230">
  <body>
    <Identifica><![CDATA[PORTARIA Nº 518, DE 30 DE NOVEMBRO DE 2017]]></Identifica>
    <Data><![CDATA[]]></Data>
    <Ementa />
    <Titulo />
    <SubTitulo />
    <Texto><![CDATA[<p> O MINISTRO DE ESTADO DA FAZENDA, no uso de suas atribuições previstas no art. 143, da Lei nº 8.112, de 11 de dezembro de 1990, e Decreto-Lei n° 200, de 25 de fevereiro de 1967, e tendo em vista as justificativas constantes nos autos do Processo nº 12100.000097/2016-87 deste Ministério, resolve:</p><p>Art. 1º PRORROGAR por 60 (sessenta) dias, contados do término do período anterior, o prazo para conclusão dos trabalhos da Comissão de Inquérito do Processo Administrativo Disciplinar nº 12100.000097/2016-87, designada pela Portaria da Corregedoria-Geral do Ministério da Fazenda nº 421, de 29 de setembro de 2017, publicada no DOU de 3 de outubro de 2017, em face das razões apresentadas pelo Presidente da Comissão.</p><p>Art. 2º Esta Portaria entra em vigor na data da sua publicação.</p>]]></Texto>
    <Autores>
      <assina>HENRIQUE DE CAMPOS MEIRELLES</assina>
    </Autores>
  </body>
</article></xml>