<xml><article id="644321" name="Port 26 2017 pregoeiro pregao de" idOficio="4588204" pubName="DO2" artType="Portaria" pubDate="01/12/2017" artClass="00025:00021:00066:00000:00000:00000:00000:00000:00000:00000:00025:00001" artSection="Ministério do Meio Ambiente" artCategory="Instituto Brasileiro do Meio Ambiente e dos Recursos Naturais Renováveis" artSize="8" artNotes="" numberPage="53" pdfPage="http://pesquisa.in.gov.br/imprensa/jsp/visualiza/index.jsp?data=01/12/2017&amp;jornal=529&amp;pagina=53" editionNumber="230">
  <body>
    <Identifica><![CDATA[PORTARIA Nº 26, DE 29 DE NOVEMBRO DE 2017]]></Identifica>
    <Data><![CDATA[]]></Data>
    <Ementa />
    <Titulo />
    <SubTitulo />
    <Texto><![CDATA[<p> </p><p> A SUPERINTENDENTE DO INSTITUTO BRASILEIRO DO MEIO AMBIENTE E DOS RECURSOS NATURAIS RENOVÁVEIS, NO ESTADO DE MATO GROSSO, nomeada pela Portaria nº 32-MMA, publicada no D.O.U., de 01 de fevereiro de 2016, no uso das atribuições que lhe são conferidas pela Portaria nº. 262/08, publicada no Diário Oficial da União, de 14 de abril de 2008 e Art. 122 c/c o Art. 146, do Regimento Interno aprovado pela Portaria IBAMA nº. 14, de 29 de junho de 2017, publicada no D.O.U., de 30 de junho de 2017, Resolve:</p><p>Art. 1º - Designar como Pregoeiros para atuação junto ao Pregão Eletrônico nº 0006/2017 - UASG 193113 os servidores: LEI SHU RANG, Analista Ambiental, Matrícula SIAPE nº 1422880; LUIZ FERREIRA DA SILVA, Técnico Administrativo, Matrícula SIAPE nº 2038290 e MARIA ROSA GONÇALVES, Analista Ambiental, Matrícula SIAPE nº 2174911, de acordo com o Decreto nº 3.555, de 08 de agosto de 2000, Decreto nº 5.450, de 31 de maio de 2005 e Lei nº 10.520, de 17 de julho de 2002.</p><p>Art. 2º - Delegar competência aos Pregoeiros para assinar e divulgar os Editais de Pregão, observando o disposto no Artigo 40 da Lei nº 8.666/93.</p><p>Art. 3º - Designar como Equipe de Apoio os seguintes servidores: JOSÉ VESPASIANO LISBOA ASSUMPÇÃO, Analista Ambiental, Matrícula SIAPE nº 2748925; JOÃO CARLOS DE SOUZA, Técnico Administrativo, Matrícula SIAPE nº 1106231 e MÔNICA ELAINE BECKER, Técnico Administrativo, Matrícula SIAPE nº 2123018.</p><p>Art. 4º - Determinar que a Equipe de Apoio, de acordo com a necessidade da licitação, subsidie os trabalhos dos Pregoeiros.</p><p>Art. 5º - Os Pregoeiros poderão convidar servidores especializados para assessorá-las nos certames de caráter específico.</p><p>Art. 6º - Para os fins previstos na Lei nº 10.520, de 17 de julho de 2002, publicada no D.O.U. de 18 de julho de 2002, a autoridade imediatamente superior aos Pregoeiros é a Superintendente do IBAMA/ MT.</p><p>Art. 7º - Esta Portaria entra em vigor na data de sua publicação.</p>]]></Texto>
    <Autores>
      <assina>LÍVIA KARINA PASSOS MARTINS</assina>
    </Autores>
  </body>
</article></xml>