<xml><article id="645494" name="DOU 2-SGP-PT-1178-UNI-486805_Yur" idOficio="4588645" pubName="DO2" artType="Portaria" pubDate="01/12/2017" artClass="00033:00007:00015:00000:00000:00000:00000:00000:00000:00000:00025:00023" artSection="Ministério Público da União" artCategory="Ministério Público Federal" artSize="8" artNotes="" numberPage="64" pdfPage="http://pesquisa.in.gov.br/imprensa/jsp/visualiza/index.jsp?data=01/12/2017&amp;jornal=529&amp;pagina=64" editionNumber="230">
  <body>
    <Identifica><![CDATA[PORTARIA Nº 1.178, DE 29 DE NOVEMBRO DE 2017]]></Identifica>
    <Data><![CDATA[]]></Data>
    <Ementa />
    <Titulo />
    <SubTitulo />
    <Texto><![CDATA[<p> A SECRETÁRIA DE GESTÃO DE PESSOAS DO MINISTÉRIO PÚBLICO FEDERAL, no uso da competência que lhe foi atribuída pela Portaria SG/MPF nº 497, de 3 de junho de 2015, e tendo em vista o disposto no artigo 38 da Lei nº 8.112, de 11 de dezembro de 1990, e no PGR-00476294/2017, resolve:</p><p>1. Dispensar ARY CLOVIS DE ARAUJO FILHO, ocupante do cargo de Técnico do  MPU/Administração, matrícula nº 25461, do encargo de substituto eventual do Assessor-Chefe Nível V, CC-5, do Gabinete do Subprocurador-Geral da República Domingos Savio Dresch da Silveira.</p><p>2. Designar JOAO BAPTISTA ALVARES ROSITO, Bacharel em Ciências Jurídicas e Sociais, matrícula nº 29688, para exercer o encargo de substituto eventual do Assessor-Chefe Nível V, CC-5, do Gabinete do Subprocurador-Geral da República Domingos Savio Dresch da Silveira.</p>]]></Texto>
    <Autores>
      <assina>ELOÁ TODARELLI JUNQUEIRA</assina>
    </Autores>
  </body>
</article></xml>