<xml><article id="657795" name="Portaria para a imprensa" idOficio="4587586" pubName="DO2" artType="Portaria" pubDate="05/12/2017" artClass="00037:00042:00001:00000:00000:00000:00000:00000:00000:00000:00025:00001" artSection="Poder Judiciário" artCategory="Tribunal Regional do Trabalho da 3ª Região" artSize="8" artNotes="" numberPage="53" pdfPage="http://pesquisa.in.gov.br/imprensa/jsp/visualiza/index.jsp?data=05/12/2017&amp;jornal=529&amp;pagina=53" editionNumber="232">
  <body>
    <Identifica><![CDATA[PORTARIA nº 357, DE 18 DE AGOSTO DE 2017]]></Identifica>
    <Data><![CDATA[]]></Data>
    <Ementa />
    <Titulo />
    <SubTitulo />
    <Texto><![CDATA[<p> O PRESIDENTE DO TRIBUNAL REGIONAL DO TRABALHO DA TERCEIRA REGIÃO, no uso de suas atribuições legais e regimentais,</p><p>CONSIDERANDO o disposto no art. 37 da Lei n. 8.112, de 11 de dezembro de 1990; </p><p>CONSIDERANDO os termos da Resolução n. 146, de 6 de março de 2012, do Conselho Nacional de Justiça; e </p><p>CONSIDERANDO o constante no processo TRT/e-PAD/16559/2017, resolve:</p><p>Art. 1ºExaurir os efeitos da Portaria N. 47, publicada no Diário Oficial da União em 14/10/2013, que removeu a servidora Neli Anne Silva Pimenta para o Tribunal Regional do Trabalho da 15ª Região.</p><p>Art. 2ºRedistribuir o cargo de Técnico Judiciário, Área Administrativa, do Quadro de Pessoal deste Tribunal, ocupado pela servidora Neli Anne Silva Pimenta, em reciprocidade com o cargo de Técnico Judiciário, Área Administrativa, provido pelo servidor Gilberto Mauro de Sousa, do Quadro de Pessoal do Tribunal Regional do Trabalho da 15ª Região.</p><p>Art. 3º Esta portaria entra em vigor na data de sua publicação.</p>]]></Texto>
    <Autores>
      <assina>Des. JÚLIO BERNARDO DO CARMO</assina>
    </Autores>
  </body>
</article></xml>