<xml><article id="644147" name="PT445REGIONALSUL" idOficio="4588067" pubName="DO2" artType="Portaria" pubDate="01/12/2017" artClass="00022:00029:00241:00000:00000:00000:00000:00000:00000:00000:00025:00006" artSection="Ministério do Desenvolvimento Social" artCategory="Instituto Nacional do Seguro Social" artSize="8" artNotes="" numberPage="50" pdfPage="http://pesquisa.in.gov.br/imprensa/jsp/visualiza/index.jsp?data=01/12/2017&amp;jornal=529&amp;pagina=50" editionNumber="230">
  <body>
    <Identifica><![CDATA[PORTARIA N 445, de 29 de novembro de 2017]]></Identifica>
    <Data><![CDATA[]]></Data>
    <Ementa />
    <Titulo />
    <SubTitulo />
    <Texto><![CDATA[<p> </p><p> </p><p> A SUPERINTENDENTE REGIONAL SUL, no uso de suas atribuições, que lhe foram conferidas pelo Decreto 9.104, de 24/07/2017, e pelo inciso II do artigo 2º da Portaria nº 800, de 06 de setembro de 2011, publicada no DOU Nº 173, de 08 de setembro de 2011, Seção 1 pág. 95, resolve:</p><p>  Dispensar a pedido CÉSAR CARNEIRO DE OLIVEIRA, Técnico do Seguro Social, matrícula n° 1.525.466, CPF n° 027.554.189-40, do encargo de substituto do Gerente da Agência da Previdência Social em Ponta Grossa/PR, código FCPE- 101.2, vinculada à Gerência Executiva de Ponta Grossa/PR.</p><p> </p>]]></Texto>
    <Autores>
      <assina>KATHIA MARIA MOREIRA BRAGA</assina>
    </Autores>
  </body>
</article></xml>