<xml><article id="644984" name="PORTARIA GPR 2672" idOficio="4588458" pubName="DO2" artType="Portaria" pubDate="01/12/2017" artClass="00037:00039:00002:00000:00000:00000:00000:00000:00000:00000:00025:00008" artSection="Poder Judiciário" artCategory="Tribunal de Justiça do Distrito Federal e dos Territórios" artSize="8" artNotes="" numberPage="75" pdfPage="http://pesquisa.in.gov.br/imprensa/jsp/visualiza/index.jsp?data=01/12/2017&amp;jornal=529&amp;pagina=75" editionNumber="230">
  <body>
    <Identifica><![CDATA[PORTARIA N 2.672, DE 29 DE NOVEMBRO DE 2017]]></Identifica>
    <Data><![CDATA[]]></Data>
    <Ementa />
    <Titulo />
    <SubTitulo />
    <Texto><![CDATA[<p> O PRESIDENTE DO TRIBUNAL DE JUSTIÇA DO DISTRITO FEDERAL E DOS TERRITÓRIOS, no uso de sua competência legal e tendo em vista o contido no PA N. 1001783/2017, resolve:</p><p>Art. 1º Dispensar AURELIA BARRETTO MOTOYAMA, matrícula N. 316.983, Analista Judiciário, Área Judiciária, do Quadro de Pessoal deste Tribunal, da Função Comissionada, FC-04, de Assistente de Gabinete, do Gabinete da Excelentíssima Senhora Desembargadora Simone Costa Lucindo Ferreira.</p><p>Art. 2º Dispensar, a partir do dia 13 de novembro de 2017, RAFAEL FERREIRA MAXIMO, matrícula N. 319.464, Analista Judiciário, Área Judiciária, do Quadro de Pessoal deste Tribunal, da Função Comissionada, FC-05, de Oficial de Gabinete, do Gabinete da Excelentíssima Senhora Desembargadora Simone Costa Lucindo Ferreira.</p><p>Art. 3º Esta Portaria entra em vigor na data de sua publicação.</p><p> </p>]]></Texto>
    <Autores>
      <assina>Des. MARIO MACHADO</assina>
    </Autores>
  </body>
</article></xml>