<xml><article id="643925" name="Port-5-2017-Com8DN-LSAM-OF-RM2-S" idOficio="4588013" pubName="DO2" artType="Portaria" pubDate="01/12/2017" artClass="00010:00007:00009:00047:00000:00000:00000:00000:00000:00000:00025:00001" artSection="Ministério da Defesa" artCategory="Comando da Marinha" artSize="8" artNotes="" numberPage="4-9" pdfPage="http://pesquisa.in.gov.br/imprensa/jsp/visualiza/index.jsp?data=01/12/2017&amp;jornal=529&amp;pagina=4,http://pesquisa.in.gov.br/imprensa/jsp/visualiza/index.jsp?data=01/12/2017&amp;jornal=529&amp;pagina=9" editionNumber="230">
  <body>
    <Identifica><![CDATA[PORTARIA N 5/COM8DN, 18 DE JANEIRO DE 2017]]></Identifica>
    <Data><![CDATA[]]></Data>
    <Ementa />
    <Titulo />
    <SubTitulo />
    <Texto><![CDATA[<p> </p><p> O COMANDANTE DO 8 DISTRITO NAVAL, no uso das atribuicoes que lhe sao conferidas pela Portaria n 122/2016, do ComOpNav e de acordo com a alinea c, inciso II, paragrafo 1, e paragrafo 2, do art. 48 do Decreto n 4.780 de 15JUL2003, e de acordo com o disposto na alinea a, inciso II, do art. 121, paragrafo 3 e paragrafo 4, da Lei n 6.880 de 09DEZ1980, resolve:</p><p>Art. 1 - Licenciar do Servico Ativo da Marinha, ex-officio, e incluir na Reserva Nao Remunerada, os Oficiais da Reserva de 2a Classe da Marinha abaixo mencionados, a partir das datas declaradas acima dos seus respectivos nomes, por terem concluido o Estagio de Instrucao e Servico (EIS):</p><p>I - CIRURGIA DENTISTA</p><p>A partir de 12 de janeiro de 2017:</p><p>1Ten (RM2-CD) 09.0047.51 GIOVANA ALICCHIO CANOVA COUTINHO.</p><p>II - ENGENHARIA MECANICA</p><p>A partir de 12 de janeiro de 2017:</p><p>1Ten (RM2-EN) 09.0046.11 MARCELO AMILCAR FERREIRA PENA;</p><p>1Ten (RM2-EN) 09.0047.00 DANIEL HENRIQUE DUO RICARDO;</p><p>1Ten (RM2-EN) 09.0046.29 TANIA APARECIDA ARAUJO DE CASTRO; e</p><p>1Ten (RM2-EN) 03.8788. JOCYR SANCHEZ DE ALMEIDA.</p><p>III - VETERINARIO</p><p>A partir de 9 de fevereiro de 2017:</p><p>1Ten (RM2-V) 09.0048.23 EVANDER BUENO DE LIMA.</p><p>IV - FARMACIA</p><p>A partir de 12 de janeiro de 2017:</p><p>1Ten (RM2-F) 09.0046.96 FABIANA CAMPITELI MOREIRA.</p><p>V - DIREITO</p><p>A partir de 12 de janeiro de 2017:</p><p>1Ten (RM2-T) 09.0046.61 ANDREIA LEAL FERRO.</p><p>A partir de 1 de fevereiro de 2017</p><p>1Ten (RM2-T) 12.0449.62 FRANCIENE RODRIGUES NUNES.</p><p>VI - ENGENHARIA MECANICA</p><p>A partir de 26 de janeiro de 2017:</p><p>1Ten (RM2-EN)10.0302.21 JOAO HENRIQUE SILVEIRA ALVES OLIVEIRA.</p><p>VII - ENGENHARIA DE TELECOMUNICACAO</p><p>A partir de 12 de janeiro de 2017:</p><p>1Ten (RM2-EN) 07.2058.30 THIAGO AUGUSTO MACEDO LOBO.</p><p>VIII - ENGENHARIA ELETRONICA</p><p>A partir de 12 de janeiro de 2017:</p><p>1Ten (RM2-EN) 09.0054.64 SAMUEL COUTINHO DANTAS.</p><p>X - ENGENHARIA CIVIL</p><p>A partir de 26 de janeiro de 2017:</p><p>1Ten (RM2-EN) 10.0300.93 TYCIANE CRISTINA BRANCO.</p><p>A partir de 17 de fevereiro de 2017</p><p>1Ten (RM2-EN) 14.0630.00 MARILIN DANTAS BORJA SANTOS.</p><p>XI - ENGENHARIA QUIMICA</p><p>A partir de 26 de janeiro de 2017:</p><p>1Ten (RM2-EN) 10.0304.25 RODRIGO CYRIACO.</p><p>A partir de 17 de fevereiro de 2017</p><p>1Ten (RM2-EN) 14.0620.54 ANDREIA DE SOUZA MARTINS CARDOSO.</p><p>XII - ENGENHARIA DE PRODUCAO</p><p>A partir de 31 de janeiro de 2017:</p><p>1Ten (RM2-EN) 11.0260.06 JEFFERSON LUIS CANDIDO.</p><p>XIII - MEDICOS</p><p>A partir de 17 de janeiro de 2017:</p><p>1Ten (RM2-Md) 11.0257.35 FELIPE MORAES TOLEDO PEREIRA.</p><p>A partir de 30 de janeiro de 2017:</p><p>1Ten (RM2-Md) 12.0274.30 WELLINGTON TADEU SPERANDIO.</p><p>A partir de 4 de fevereiro de 2017:</p><p>1Ten (RM2-Md) 13.0385.83 CLAUDIA FERNANDA BESERRA.</p><p>A partir de 1 de fevereiro de 2017:</p><p>2Ten(RM2-Md) 16.0250.67 ALLAN PARK;</p><p>2Ten(RM2-Md) 16.0249.07 VINICIUS ANDRIGHETTO HARDOIM;</p><p>2Ten(RM2-Md) 16.0250.83 ISADORA ROSAN;</p><p>2Ten(RM2-Md) 16.0250.24 JULIANA JUNQUEIRA DAVILLA RIBEIRO;</p><p>2Ten(RM2-Md) 16.0250.91 RAFAELA AUGUSTO NEMAN DOS SANTOS;</p><p>2Ten(RM2-Md) 16.0249.58 LEANDRO RAMOS E SILVA;</p><p>2Ten(RM2-Md) 16.0249.23 MATHEUS GERHARD ROSENFELD;</p><p>2Ten(RM2-Md) 16.0249.40 PEDRO HERNRIQUE DELLA LEBERA;</p><p>2Ten(RM2-Md) 16.0250.32 ALLYNE MOTA KALAF;</p><p>2Ten(RM2-Md) 16.0249.91 FELIPE KFOURI;</p><p>2Ten(RM2-Md) 16.0249.15 GABRIEL DE SOUZA BRUM MARQUES DE</p><p>ALMEIDA;</p><p>2Ten(RM2-Md) 16.0249.31 RAFAEL RICHARD CLORADO DE SA;</p><p>2Ten(RM2-Md) 16.0250.41 MARCELLO MELARAGNO LODI;</p><p>2Ten(RM2-Md) 16.0250.75 NATALIA CAROLINA ORTIZ POBLETE;</p><p>2Ten(RM2-Md) 16.0259.97 RENAN TAIKI ONISHI; e</p><p>2Ten(RM2-Md) 86.5238.05 VICTOR SOARES DE OLIVEIRA VAZ.</p><p>XIV - ENGENHARIA DE MATERIAL</p><p>A partir de 4 de fevereiro de 2017:</p><p>1Ten (RM2-EN) 13.0389.31 CAMILA YUKIE IGUCHI.</p><p>XV - ENGENHARIA ELETRICA</p><p>A partir de 17 de fevereiro de 2017:</p><p>1Ten (RM2-EN) 14.0621.27 CAIO SIMON DE SOUZA.</p><p>A partir de 31 de janeiro de 2017:</p><p>1Ten (RM2-EN) 11.0259.81 LUCAS GOMES LOPES.</p><p>Art. 2 Licenciar do Servico Ativo da Marinha, ex-officio, e incluir na Reserva Nao Remunerada, os Oficiais da Reserva de 2 Classe da Marinha abaixo mencionados, a partir das datas declaradas acima dos seus respectivos nomes, por conveniencia do servico os seguintes militares:</p><p>I - ENGENHARIA DE MATERIAL</p><p>A partir de 17 de fevereiro de 2017:</p><p>1Ten (RM2-EN) 14.0620.71 LUIZ FERNANDO DE OLIVEIRA RODRIGUES.</p><p>II - ENGENHARIA CIVIL</p><p>A partir de 31 de janeiro de 2017:</p><p>1Ten (RM2-EN)11.0259.21FLAVIA MIURA EMILIA FERNANDES.</p><p>Art. 3 Esta Portaria entra em vigor na presente data.</p>]]></Texto>
    <Autores>
      <assina>Vice-Almirante GLAUCO CASTILHO DALLANTONIA</assina>
    </Autores>
  </body>
</article></xml>