<xml><article id="645638" name="DOU 2-PGR-EDITAL-56-UNI-486108_R" idOficio="4588683" pubName="DO2" artType="Edital" pubDate="01/12/2017" artClass="00099:00033:00001:00000:00000:00000:00000:00000:00000:00000:00000:00021:00001" artSection="Editais e Avisos" artCategory="Editais e Avisos" artSize="24" artNotes="" numberPage="33-85" pdfPage="http://pesquisa.in.gov.br/imprensa/jsp/visualiza/index.jsp?data=01/12/2017&amp;jornal=529&amp;pagina=33,http://pesquisa.in.gov.br/imprensa/jsp/visualiza/index.jsp?data=01/12/2017&amp;jornal=529&amp;pagina=85" editionNumber="230">
  <body>
    <Identifica><![CDATA[Edital nº 56, de 28 de novembro de 2017resultado do processo de opção]]></Identifica>
    <Data><![CDATA[]]></Data>
    <Ementa />
    <Titulo />
    <SubTitulo><![CDATA[ANEXO]]></SubTitulo>
    <Texto><![CDATA[<p> A PROCURADORA-GERAL DA REPÚBLICA, no uso de suas atribuições, tendo em vista as disposições do Edital PGR/MPF nº 50, de 8 de novembro de 2017, e o contido no Procedimento de Gestão Administrativa nº 1.00.000.010980/2017-50, resolve:</p><p>Divulgar o resultado do processo de opção para escolha de assentos dos Subprocuradores-Gerais da República junto aos órgãos julgadores do Superior Tribunal de Justiça, conforme anexo.</p><p> </p><table><tr><td><p>EDITAL PGR/MPF Nº 56/2017 - ANEXO</p></td></tr><tr><td><p>RESULTADO DA ESCOLHA DE ASSENTOS DOS SUBPROCURADORES-GERAIS DA REPÚBLICA JUNTO AO STJ</p><p>(Procedimento de Gestão Administrativa nº 1.00.000.010980/2017-50 )</p></td></tr><tr><td><p>Nº</p></td><td><p>Vaga</p></td><td><p>Antiguidade</p></td><td><p>Subprocurador-Geral da República</p></td><td><p>Opção Contemplada</p></td></tr><tr><td><p>1</p></td><td><p>CORTE ESPECIAL</p></td><td><p>1</p></td><td><p>GERALDO BRINDEIRO</p></td><td /></tr><tr><td><p>2</p></td><td><p>CORTE ESPECIAL</p></td><td><p>4</p></td><td><p>WAGNER NATAL BATISTA</p></td><td /></tr><tr><td><p>1</p></td><td><p>DIREITO PÚBLICO - 1ª SEÇÃO</p></td><td><p>5</p></td><td><p>FLAVIO GIRON</p></td><td /></tr><tr><td><p>2</p></td><td><p>DIREITO PÚBLICO - 1ª SEÇÃO</p></td><td /><td><p>WAGNER DE CASTRO MATHIAS NETTO</p></td><td /></tr><tr><td><p>3</p></td><td><p>DIREITO PÚBLICO - 1ª SEÇÃO</p></td><td><p>7</p></td><td><p>MOACIR GUIMARAES MORAIS FILHO</p></td><td /></tr><tr><td><p>1</p></td><td><p>DIREITO PÚBLICO - 1ª SEÇÃO, 1ª TURMA</p></td><td><p>25</p></td><td><p>MARIO JOSE GISI</p></td><td /></tr><tr><td><p>2</p></td><td><p>DIREITO PÚBLICO - 1ª SEÇÃO, 1ª TURMA</p></td><td><p>28</p></td><td><p>ANTONIO CARLOS FONSECA DA SILVA</p></td><td /></tr><tr><td><p>3</p></td><td><p>DIREITO PÚBLICO - 1ª SEÇÃO, 1ª TURMA</p></td><td><p>18</p></td><td><p>BRASILINO PEREIRA DOS SANTOS</p></td><td /></tr><tr><td><p>4</p></td><td><p>DIREITO PÚBLICO - 1ª SEÇÃO, 1ª TURMA</p></td><td><p>24</p></td><td><p>AURELIO VIRGILIO VEIGA RIOS</p></td><td /></tr><tr><td><p>5</p></td><td><p>DIREITO PÚBLICO - 1ª SEÇÃO, 1ª TURMA</p></td><td><p>38</p></td><td><p>DARCY SANTANA VITOBELLO</p></td><td /></tr><tr><td><p>6</p></td><td><p>DIREITO PÚBLICO - 1ª SEÇÃO, 1ª TURMA</p></td><td><p>42</p></td><td><p>FRANCISCO RODRIGUES DOS SANTOS SOBRINHO</p></td><td /></tr><tr><td><p>7</p></td><td><p>DIREITO PÚBLICO - 1ª SEÇÃO, 1ª TURMA</p></td><td><p>51</p></td><td><p>DILTON CARLOS EDUARDO FRANCA</p></td><td /></tr><tr><td><p>8</p></td><td><p>DIREITO PÚBLICO - 1ª SEÇÃO, 1ª TURMA</p></td><td><p>62</p></td><td><p>MARIA HILDA MARSIAJ PINTO</p></td><td /></tr><tr><td><p>1</p></td><td><p>DIREITO PÚBLICO - 1ª SEÇÃO, 2ª TURMA</p></td><td><p>9</p></td><td><p>SANDRA VERONICA CUREAU</p></td><td /></tr><tr><td><p>2</p></td><td><p>DIREITO PÚBLICO - 1ª SEÇÃO, 2ª TURMA</p></td><td><p>13</p></td><td><p>MARIA CAETANA CINTRA SANTOS</p></td><td /></tr><tr><td><p>3</p></td><td><p>DIREITO PÚBLICO - 1ª SEÇÃO, 2ª TURMA</p></td><td><p>33</p></td><td><p>DENISE VINCI TULIO</p></td><td /></tr><tr><td><p>4</p></td><td><p>DIREITO PÚBLICO - 1ª SEÇÃO, 2ª TURMA</p></td><td><p>26</p></td><td><p>JOSE FLAUBERT MACHADO ARAUJO</p></td><td /></tr><tr><td><p>5</p></td><td><p>DIREITO PÚBLICO - 1ª SEÇÃO, 2ª TURMA</p></td><td><p>55</p></td><td><p>MARIO LUIZ BONSAGLIA</p></td><td /></tr><tr><td><p>6</p></td><td><p>DIREITO PÚBLICO - 1ª SEÇÃO, 2ª TURMA (*)</p></td><td><p>34</p></td><td><p>JOSE BONIFACIO BORGES DE ANDRADA</p></td><td><p>3</p></td></tr><tr><td><p>7</p></td><td><p>DIREITO PÚBLICO - 1ª SEÇÃO, 2ª TURMA</p></td><td><p>58</p></td><td><p>JOSE ELAERES MARQUES TEIXEIRA</p></td><td /></tr><tr><td><p>8</p></td><td><p>DIREITO PÚBLICO - 1ª SEÇÃO, 2ª TURMA</p></td><td><p>57</p></td><td><p>NIVIO DE FREITAS SILVA FILHO</p></td><td /></tr><tr><td><p>1</p></td><td><p>DIREITO PRIVADO - 2ª SEÇÃO</p></td><td><p>30</p></td><td><p>ANA MARIA GUERRERO GUIMARAES</p></td><td /></tr><tr><td><p>2</p></td><td><p>DIREITO PRIVADO - 2ª SEÇÃO</p></td><td><p>31</p></td><td><p>MAURICIO VIEIRA BRACKS</p></td><td /></tr><tr><td><p>3</p></td><td><p>DIREITO PRIVADO - 2ª SEÇÃO</p></td><td><p>52</p></td><td><p>SADY D''ASSUMPCAO TORRES FILHO</p></td><td /></tr><tr><td><p>1</p></td><td><p>DIREITO PRIVADO - 2ª SEÇÃO, 3ª TURMA</p></td><td><p>16</p></td><td><p>DURVAL TADEU GUIMARAES</p></td><td /></tr><tr><td><p>2</p></td><td><p>DIREITO PRIVADO - 2ª SEÇÃO, 3ª TURMA</p></td><td><p>19</p></td><td><p>LINDORA MARIA ARAUJO</p></td><td /></tr><tr><td><p>3</p></td><td><p>DIREITO PRIVADO - 2ª SEÇÃO, 3ª TURMA</p></td><td><p>66</p></td><td><p>ROGERIO DE PAIVA NAVARRO</p></td><td /></tr><tr><td><p>4</p></td><td><p>DIREITO PRIVADO - 2ª SEÇÃO, 3ª TURMA</p></td><td><p>45</p></td><td><p>MARIO PIMENTEL ALBUQUERQUE</p></td><td /></tr><tr><td><p>5</p></td><td><p>DIREITO PRIVADO - 2ª SEÇÃO, 3ª TURMA (*)</p></td><td><p>46</p></td><td><p>ODIM BRANDAO FERREIRA</p></td><td><p>5</p></td></tr><tr><td><p>6</p></td><td><p>DIREITO PRIVADO - 2ª SEÇÃO, 3ª TURMA</p></td><td><p>63</p></td><td><p>CARLOS ALBERTO CARVALHO DE VILHENA COELHO</p></td><td /></tr><tr><td><p>7</p></td><td><p>DIREITO PRIVADO - 2ª SEÇÃO, 3ª TURMA</p></td><td><p>65</p></td><td><p>ANTONIO CARLOS ALPINO BIGONHA</p></td><td /></tr><tr><td><p>8</p></td><td><p>DIREITO PRIVADO - 2ª SEÇÃO, 3ª TURMA (*)</p></td><td><p>71</p></td><td><p>MARIA IRANEIDE OLINDA SANTORO FACCHINI</p></td><td><p>5</p></td></tr><tr><td><p>1</p></td><td><p>DIREITO PRIVADO - 2ª SEÇÃO, 4ª TURMA</p></td><td><p>22</p></td><td><p>ANTONIO CARLOS PESSOA LINS</p></td><td /></tr><tr><td><p>2</p></td><td><p>DIREITO PRIVADO - 2ª SEÇÃO, 4ª TURMA</p></td><td><p>68</p></td><td><p>ANTONIO CARLOS SIMOES MARTINS SOARES</p></td><td /></tr><tr><td><p>3</p></td><td><p>DIREITO PRIVADO - 2ª SEÇÃO, 4ª TURMA</p></td><td><p>69</p></td><td><p>RENATO BRILL DE GOES</p></td><td /></tr><tr><td><p>4</p></td><td><p>DIREITO PRIVADO - 2ª SEÇÃO, 4ª TURMA</p></td><td><p>70</p></td><td><p>MARIA SOARES CAMELO CORDIOLI</p></td><td /></tr><tr><td><p>5</p></td><td><p>DIREITO PRIVADO - 2ª SEÇÃO, 4ª TURMA (*)</p></td><td><p>61</p></td><td><p>NICOLAO DINO DE CASTRO E COSTA NETO</p></td><td><p>3</p></td></tr><tr><td><p>6</p></td><td><p>DIREITO PRIVADO - 2ª SEÇÃO, 4ª TURMA</p></td><td><p>64</p></td><td><p>MARCELO ANTONIO MUSCOGLIATI</p></td><td /></tr><tr><td><p>7</p></td><td><p>DIREITO PRIVADO - 2ª SEÇÃO, 4ª TURMA (*)</p></td><td><p>72</p></td><td><p>DOMINGOS SAVIO DRESCH DA SILVEIRA</p></td><td><p>1</p></td></tr><tr><td><p>8</p></td><td><p>DIREITO PRIVADO - 2ª SEÇÃO, 4ª TURMA (*)</p></td><td><p>47</p></td><td><p>HINDEMBURGO CHATEAUBRIAND PEREIRA DINIZ FILHO</p></td><td><p>2</p></td></tr><tr><td><p>1</p></td><td><p>DIREITO CRIMINAL - 3ª SEÇÃO</p></td><td><p>2</p></td><td><p>HAROLDO FERRAZ DA NOBREGA</p></td><td /></tr><tr><td><p>2</p></td><td><p>DIREITO CRIMINAL - 3ª SEÇÃO</p></td><td><p>6</p></td><td><p>JULIETA ELIZABETH FAJARDO CAVALCANTI DE ALBUQUERQUE</p></td><td /></tr><tr><td><p>3</p></td><td><p>DIREITO CRIMINAL - 3ª SEÇÃO</p></td><td><p>12</p></td><td><p>MARIA DAS MERCES DE CASTRO GORDILHO ARAS</p></td><td /></tr><tr><td><p>4</p></td><td><p>DIREITO CRIMINAL - 3ª SEÇÃO (*)</p></td><td><p>14</p></td><td><p>ALCIDES MARTINS</p></td><td><p>1</p></td></tr><tr><td><p>1</p></td><td><p>DIREITO CRIMINAL - 3ª SEÇÃO, 5ª TURMA (*)</p></td><td><p>48</p></td><td><p>MARIO FERREIRA LEITE</p></td><td><p>1</p></td></tr><tr><td><p>2</p></td><td><p>DIREITO CRIMINAL - 3ª SEÇÃO, 5ª TURMA (*)</p></td><td><p>56</p></td><td><p>MONICA NICIDA GARCIA</p></td><td><p>1</p></td></tr><tr><td><p>3</p></td><td><p>DIREITO CRIMINAL - 3ª SEÇÃO, 5ª TURMA</p></td><td><p>17</p></td><td><p>AUREA MARIA ETELVINA NOGUEIRA LUSTOSA PIERRE</p></td><td /></tr><tr><td><p>4</p></td><td><p>DIREITO CRIMINAL - 3ª SEÇÃO, 5ª TURMA</p></td><td><p>20</p></td><td><p>FRANCISCO XAVIER PINHEIRO FILHO</p></td><td /></tr><tr><td><p>5</p></td><td><p>DIREITO CRIMINAL - 3ª SEÇÃO, 5ª TURMA</p></td><td><p>27</p></td><td><p>CELIA REGINA SOUZA DELGADO</p></td><td /></tr><tr><td><p>6</p></td><td><p>DIREITO CRIMINAL - 3ª SEÇÃO, 5ª TURMA</p></td><td><p>29</p></td><td><p>JOAO PEDRO DE SABOIA BANDEIRA DE MELLO FILHO</p></td><td /></tr><tr><td><p>7</p></td><td><p>DIREITO CRIMINAL - 3ª SEÇÃO, 5ª TURMA</p></td><td><p>35</p></td><td><p>ELIZETA MARIA DE PAIVA RAMOS</p></td><td /></tr><tr><td><p>8</p></td><td><p>DIREITO CRIMINAL - 3ª SEÇÃO, 5ª TURMA</p></td><td><p>36</p></td><td><p>FRANCISCO DE ASSIS VIEIRA SANSEVERINO</p></td><td /></tr><tr><td><p>9</p></td><td><p>DIREITO CRIMINAL - 3ª SEÇÃO, 5ª TURMA</p></td><td><p>37</p></td><td><p>HUGO GUEIROS BERNARDES FILHO</p></td><td /></tr><tr><td><p>10</p></td><td><p>DIREITO CRIMINAL - 3ª SEÇÃO, 5ª TURMA</p></td><td><p>39</p></td><td><p>ANTONIO AUGUSTO BRANDAO DE ARAS</p></td><td /></tr><tr><td><p>1</p></td><td><p>DIREITO CRIMINAL - 3ª SEÇÃO, 6ª TURMA</p></td><td><p>8</p></td><td><p>MARIA ELIANE MENEZES DE FARIAS</p></td><td /></tr><tr><td><p>2</p></td><td><p>DIREITO CRIMINAL - 3ª SEÇÃO, 6ª TURMA</p></td><td><p>21</p></td><td><p>MOACIR MENDES SOUSA</p></td><td /></tr><tr><td><p>3</p></td><td><p>DIREITO CRIMINAL - 3ª SEÇÃO, 6ª TURMA (*)</p></td><td><p>15</p></td><td><p>RODRIGO JANOT MONTEIRO DE BARROS</p></td><td><p>2</p></td></tr><tr><td><p>4</p></td><td><p>DIREITO CRIMINAL - 3ª SEÇÃO, 6ª TURMA (*)</p></td><td><p>67</p></td><td><p>LUIZA CRISTINA FONSECA FRISCHEISEN</p></td><td><p>2</p></td></tr><tr><td><p>5</p></td><td><p>DIREITO CRIMINAL - 3ª SEÇÃO, 6ª TURMA</p></td><td><p>44</p></td><td><p>ANA BORGES COELHO SANTOS</p></td><td /></tr><tr><td><p>6</p></td><td><p>DIREITO CRIMINAL - 3ª SEÇÃO, 6ª TURMA (*)</p></td><td><p>59</p></td><td><p>JOSE ADONIS CALLOU DE ARAUJO SA</p></td><td><p>2</p></td></tr><tr><td><p>7</p></td><td><p>DIREITO CRIMINAL - 3ª SEÇÃO, 6ª TURMA</p></td><td><p>49</p></td><td><p>CARLOS FREDERICO SANTOS</p></td><td /></tr><tr><td><p>8</p></td><td><p>DIREITO CRIMINAL - 3ª SEÇÃO, 6ª TURMA</p></td><td><p>54</p></td><td><p>FRANKLIN RODRIGUES DA COSTA</p></td><td /></tr><tr><td><p>9</p></td><td><p>DIREITO CRIMINAL - 3ª SEÇÃO, 6ª TURMA</p></td><td><p>50</p></td><td><p>ROBERTO LUIS OPPERMANN THOME</p></td><td /></tr><tr><td><p>10</p></td><td><p>DIREITO CRIMINAL - 3ª SEÇÃO, 6ª TURMA</p></td><td><p>53</p></td><td><p>JULIANO BAIOCCHI VILLA-VERDE DE CARVALHO</p></td><td /></tr><tr><td><p>(*) Vagas que tiveram a sua ocupação alterada.</p></td></tr></table>]]></Texto>
    <Autores>
      <assina>RAQUEL ELIAS FERREIRA DODGE</assina>
    </Autores>
  </body>
</article></xml>