<xml><article id="645158" name="PORTARIA ALTERAR 1.642 WALTER CR" idOficio="4588533" pubName="DO2" artType="Portaria" pubDate="01/12/2017" artClass="00011:00106:00001:00041:00000:00000:00000:00000:00000:00000:00025:00001" artSection="Ministério da Educação" artCategory="Universidade Federal da Bahia" artSize="8" artNotes="" numberPage="26" pdfPage="http://pesquisa.in.gov.br/imprensa/jsp/visualiza/index.jsp?data=01/12/2017&amp;jornal=529&amp;pagina=26" editionNumber="230">
  <body>
    <Identifica><![CDATA[PORTARIA Nº 1.642, DE 17 DE NOVEMBRO DE 2017]]></Identifica>
    <Data><![CDATA[]]></Data>
    <Ementa />
    <Titulo />
    <SubTitulo />
    <Texto><![CDATA[<p>  A COORDENADORA DE GESTÃO DE PESSOAS DA UNIVERSIDADE FEDERAL DA BAHIA, no uso de suas atribuições que lhe foram delegadas pela Portaria PRODEP nº 10/2011, e, tendo em vista o que consta do Processo n.º 23066.047435/2017-13, resolve:</p><p>ALTERAR o fundamento legal da Portaria n.º 2267, publicada no Diário Oficial da União de 23/12/2004,e retificada quanto à vigência no Diário Oficial da União de 13/12/2005,referente à aposentadoria de WALTER CRISPIM DA SILVA, no cargo de Professor Adjunto, Nível 04, a fim de incluir o artigo 190 da Lei 8.112, de 11 de dezembro de 1990, com vistas à revisão e integralização de proventos a partir de 01/02/2015.</p>]]></Texto>
    <Autores>
      <assina>CATIA CRISTINA PEREIRA SANTANA DE CARDOSO MELO</assina>
    </Autores>
  </body>
</article></xml>