<xml><article id="644471" name="11_Nov_Port_4279 a 4294" idOficio="4588228" pubName="DO2" artType="Portaria" pubDate="01/12/2017" artClass="00011:00082:00001:00001:00000:00000:00000:00000:00000:00000:00025:0004" artSection="Ministério da Educação" artCategory="Instituto Federal de Educação, Ciência e Tecnologia de São Paulo" artSize="8" artNotes="" numberPage="25" pdfPage="http://pesquisa.in.gov.br/imprensa/jsp/visualiza/index.jsp?data=01/12/2017&amp;jornal=529&amp;pagina=25" editionNumber="230">
  <body>
    <Identifica><![CDATA[PORTARIAS DE 30 DE NOVEMBRO DE 2017]]></Identifica>
    <Data><![CDATA[]]></Data>
    <Ementa />
    <Titulo />
    <SubTitulo />
    <Texto><![CDATA[<p> O REITOR DO IFSP, no uso de suas atribuições legais, conferidas pelo Decreto de 5 de abril de 2017, publicado no Diário Oficial da União de 6 de abril de 2017, seção 2, página 1, resolve:</p><p>Nº 4.279 - DISPENSAR, a pedido, KEROLLAINE LAUTO DE OLIVEIRA da função de Coordenadora de Sistemas (FG-2) do Câmpus Araraquara, a partir de 30/11/2017.</p><p>Nº 4.280 - DISPENSAR, a pedido, ANDREA TAKAYAMA da função de Coordenadora de Apoio à Direção (FG-2) do Câmpus Guarulhos.</p><p>Nº 4.281 - DESIGNAR NAYARA BONATI PIRES como Coordenadora de Apoio à Direção (FG-2) do Câmpus Guarulhos. </p><p>Nº 4.282 - DISPENSAR LUCIANO NUNES SANCHES CORES da função de Coordenador de Curso Técnico em Administração Integrado, Concomitante e Subsequente (FCC) do Câmpus Jacareí.</p><p>Nº 4.283 - DESIGNAR HECTOR LUIS ROEFERO BAZ REYES como Coordenador de Curso Técnico em Administração Integrado, Concomitante e Subsequente (FCC) do Câmpus Jacareí.</p><p>Nº 4.284 - DISPENSAR, a pedido, VALERIA CURAC da função de Coordenadora de Registros Acadêmicos (FG-2) do Câmpus Pirituba.</p><p>Nº 4.285 - DESIGNAR ALAN MARQUES DA SILVA como Coordenador de Registros Acadêmicos (FG-2) do Câmpus Pirituba.</p><p>Nº 4.286 - DISPENSAR, a pedido, ERIKA HAZOME HAYASHI da função de Coordenadora de Biblioteca (FG-2) do Câmpus Pirituba.</p><p>Nº 4.287 - DESIGNAR ROGERIO APARECIDO PEREIRA como Coordenador de Biblioteca (FG-2) do Câmpus Pirituba.</p><p>Nº 4.288 - DISPENSAR, a pedido, MARLI ZAVALA BOGONA INCAU da função de Coordenadora de Licitações e Contratos (FG-1) do Câmpus Salto, a partir de 27/11/2017.</p><p>Nº 4.289 - DESIGNAR FERNANDA DE MORAES NOGUEIRA PEZZOTTA  como Coordenadora de Licitações e Contratos (FG-1) do Câmpus Salto.</p><p>Nº 4.290 - DISPENSAR, a pedido, EDER APARECIDO DE CARVALHO da função de Coordenador Sociopedagógico (FG-2) do Câmpus Votuporanga, a partir de 20/11/2017.</p><p>Nº 4.291 - DESIGNAR ALEXANDRE DA SILVA DE PAULA como Coordenador Sociopedagógico (FG-2) do Câmpus Votuporanga.</p><p>Nº 4.292 - DISPENSAR, a pedido, ANESIO FELIPE ZEITUNE da função de Coordenador de Curso Bacharelado em Engenharia Elétrica (FCC) do Câmpus Votuporanga, a partir de 17/11/2017.</p><p>Nº 4.293 - DESIGNAR ANDREA CRISTIANE SANCHES como Coordenadora de Curso Bacharelado em Engenharia Elétrica (FCC) do Câmpus Votuporanga.</p><p>Nº 4.294 - DESIGNAR ELAINE CRISTINA DE ARAUJO como Coordenadora de Cursos Técnicos Integrados ao Ensino Médio (FCC) do Câmpus Cubatão, ficando dispensada da função (FCC) que ocupa atualmente no mesmo câmpus.</p>]]></Texto>
    <Autores>
      <assina>EDUARDO ANTONIO MODENA</assina>
    </Autores>
  </body>
</article></xml>