<xml><article id="644051" name="PRT 81_DIMOP_DOU_301117" idOficio="4588043" pubName="DO2" artType="Portaria" pubDate="01/12/2017" artClass="00026:00034:00000:00000:00000:00000:00000:00000:00000:00000:00025:0002" artSection="Ministério do Planejamento, Desenvolvimento e Gestão" artCategory="Secretaria de Gestão de Pessoas" artSize="8" artNotes="" numberPage="56" pdfPage="http://pesquisa.in.gov.br/imprensa/jsp/visualiza/index.jsp?data=01/12/2017&amp;jornal=529&amp;pagina=56" editionNumber="230">
  <body>
    <Identifica><![CDATA[PORTARIA Nº 81, DE 29 DE NOVEMBRO DE 2017]]></Identifica>
    <Data><![CDATA[]]></Data>
    <Ementa />
    <Titulo />
    <SubTitulo><![CDATA[ANEXO]]></SubTitulo>
    <Texto><![CDATA[<p> O SECRETÁRIO DE GESTÃO DE PESSOAS DO MINISTÉRIO DO PLANEJAMENTO, DESENVOLVIMENTO E GESTÃO, no uso da competência delegada pela Portaria GM nº 145, de 18 de maio de 2015, tendo em vista o disposto no § 7º do art. 93 da Lei nº 8.112, de 11 de dezembro de 1990, e considerando o que consta do processo nº 03100.000727/2017-11, resolve:</p><p>Art. 1° Autorizar o exercício dos empregados relacionados no Anexo, pertencentes ao quadro de pessoal da Empresa Brasileira de Infraestrutura Aeroportuária - INFRAERO, para compor força de trabalho no Centro de Desenvolvimento da Tecnologia Nuclear - CDTN, da Comissão Nacional de Energia Nuclear - CNEN, do Ministério da Ciência, Tecnologia, Inovações e Comunicações - MCTIC, em Belo Horizonte/MG.</p><p>Art. 2º O retorno dos empregados à entidade de origem poderá ocorrer a qualquer tempo, por ato formal dos Órgãos envolvidos e/ou por contingenciamento orçamentário.</p><p>Art. 3º Cabe ao Centro de Desenvolvimento da Tecnologia Nuclear - CDTN, assegurar que os empregados colocados à sua disposição não exercerão atividades que não correspondam às suas atribuições na entidade de origem, de forma a não ocorrer desvio de função.</p><p>Art. 4º Esta Portaria entra em vigor na data de sua publicação.</p><p /><p> </p><table><tr /><tr><td><p>MATRÍCULA</p></td><td><p>NOME</p></td></tr><tr><td><p>1773707</p></td><td><p>Alexandre Henrique Oliveira</p></td></tr><tr><td><p>1718912</p></td><td><p>Alexandre Pompeia Andrade Bento</p></td></tr><tr><td><p>1656711</p></td><td><p>Andre Luiz Silva</p></td></tr><tr><td><p>1826027</p></td><td><p>Bruna Fernanda Azevedo Cabral</p></td></tr><tr><td><p>1833424</p></td><td><p>Eder da Conceição Martins</p></td></tr><tr><td><p>1319929</p></td><td><p>Flavia Govas Lago Pimenta Jiquirica</p></td></tr><tr><td><p>1360642</p></td><td><p>Fulvia Soares Coelho</p></td></tr><tr><td><p>1310466</p></td><td><p>Giane Gariglio Teixeira</p></td></tr><tr><td><p>1441250</p></td><td><p>João Cantarutti</p></td></tr><tr><td><p>1588993</p></td><td><p>João Vitor Martins Rodrigues Pereira</p></td></tr><tr><td><p>6011546</p></td><td><p>Jose Basilio Candido</p></td></tr><tr><td><p>1435536</p></td><td><p>Juscelino Bento Penido dos Santos</p></td></tr><tr><td><p>9810492</p></td><td><p>Katia Suzana Barbosa Cunha Cota</p></td></tr><tr><td><p>9420409</p></td><td><p>Leandro Labarrere de Souza</p></td></tr><tr><td><p>1387907</p></td><td><p>Maira Helena de Souza</p></td></tr><tr><td><p>1829312</p></td><td><p>Maricelia Souza Costa</p></td></tr><tr><td><p>6024043</p></td><td><p>Otavio Dada Junior</p></td></tr><tr><td><p>1729709</p></td><td><p>Pedro Henrique Araujo de Matos</p></td></tr><tr><td><p>9901194</p></td><td><p>Peterson Marden de Oliveira e Souza</p></td></tr><tr><td><p>1575907</p></td><td><p>Rafael Soares Souza Pimenta de Almeida</p></td></tr><tr><td><p>1523247</p></td><td><p>Ricardo Gomes Passos</p></td></tr><tr><td><p>9922281</p></td><td><p>Vanderleia Fernandes Neves</p></td></tr></table>]]></Texto>
    <Autores>
      <assina>AUGUSTO AKIRA CHIBA</assina>
    </Autores>
  </body>
</article></xml>