<xml><article id="644504" name="30.11.2017 CGGP-Subst 3" idOficio="4588249" pubName="DO2" artType="Portaria" pubDate="01/12/2017" artClass="00015:00034:00242:00053:00000:00000:00000:00000:00000:00000:00025:00003" artSection="Ministério da Justiça e Segurança Pública" artCategory="Fundação Nacional do Índio" artSize="8" artNotes="" numberPage="40" pdfPage="http://pesquisa.in.gov.br/imprensa/jsp/visualiza/index.jsp?data=01/12/2017&amp;jornal=529&amp;pagina=40" editionNumber="230">
  <body>
    <Identifica><![CDATA[PORTARIA Nº 403, DE 29 DE NOVEMBRO DE 2017]]></Identifica>
    <Data><![CDATA[]]></Data>
    <Ementa />
    <Titulo />
    <SubTitulo />
    <Texto><![CDATA[<p> O COORDENADOR-GERAL DE GESTÃO DE PESSOAS SUBSTITUTO DA FUNDAÇÃO NACIONAL DO ÍNDIO - FUNAI, no uso das atribuições que lhe são conferidas pela Portaria nº 972/PRES, de 15 de agosto de 2013, publicada no Diário Oficial da União nº 159, de 19 de agosto de 2013, e tendo em vista o que consta no Processo nº 08620.009978/2017-06, resolve:</p><p>Art. 1º Aposentar a servidora MARGARITA AZEVEDO MAGALHÃES, matrícula nº 0002017, no cargo de Agente Administrativo, NI-S-III, do Quadro de Pessoal da Fundação Nacional do Índio - Funai, lotada na Coordenação de Registros de Terras Indígenas da Coordenação-Geral de Assuntos Fundiários da Diretoria de Proteção Territorial desta Fundação, com fundamento no artigo 40, § 1º, inciso III, alínea "a" da Constituição Federal/1988, com redação dada pelo artigo 3º da Emenda Constitucional nº 47/05, acrescidos da vantagem do artigo 62-A da Lei nº 8.112/90.</p><p>Art. 2º Declarar vago o cargo ocupado pela servidora, nos termos do artigo 33, inciso VII da Lei nº 8.112/90.</p><p>Art. 3º Esta portaria entra em vigor na data de sua publicação.</p>]]></Texto>
    <Autores>
      <assina>HAROLDO NIEMEYER RESENDE</assina>
    </Autores>
  </body>
</article></xml>