<xml><article id="645644" name="Portaria publ3" idOficio="4588686" pubName="DO2" artType="Portaria" pubDate="01/12/2017" artClass="00007:00003:00054:00000:00000:00000:00000:00000:00000:00000:00025:00001" artSection="Ministério da Agricultura, Pecuária e Abastecimento" artCategory="Secretaria Executiva" artSize="8" artNotes="" numberPage="4" pdfPage="http://pesquisa.in.gov.br/imprensa/jsp/visualiza/index.jsp?data=01/12/2017&amp;jornal=529&amp;pagina=4" editionNumber="230">
  <body>
    <Identifica><![CDATA[Portaria nº 166, de 29 de novembro de 2017]]></Identifica>
    <Data><![CDATA[]]></Data>
    <Ementa />
    <Titulo />
    <SubTitulo />
    <Texto><![CDATA[<p> A SUPERINTENDENTE FEDERAL DE AGRICULTURA NO ESTADO DO AMAPÁ, usando das atribuições que lhe é subdelegada pelo inciso XXII, art. 44 do Regimento Interno das Superintendências Federais de Agricultura, Pecuária e Abastecimento, aprovado pela Portaria Ministerial nº. 428, de 09 de junho de 2010, publicada no Diário Oficial da União de 14 de junho de 2010, resolve:</p><p> Art. 1º - Divulgar Suspensão, por falta de recadastramento, conforme determinação contida no art. 9° da lei nº 9.527, de 10 de dezembro de 1997, Decreto nº 7.862, de 08 de dezembro de 2012, MP nº 8, de 07 de janeiro de 2013 e Orientação Normativa SEGEP/MP N º 1, publicado no DOU de 14 de janeiro 2013, o pagamento do Aposentado PEDRO DA CRUZ MACIEL, CPF nº 758.971.211-68, Matrícula Siape nº1012904, Processo nº 21008.002734/2017- 80. </p>]]></Texto>
    <Autores>
      <assina>Lilia Suely Amoras Collares de Souza</assina>
    </Autores>
  </body>
</article></xml>