<xml><article id="643550" name="Nomeia em caráter definitivo Edu" idOficio="4587930" pubName="DO2" artType="Portaria" pubDate="01/12/2017" artClass="00015:00033:00000:00000:00000:00000:00000:00000:00000:00000:00025:00000" artSection="Ministério da Justiça e Segurança Pública" artCategory="Departamento de Polícia Rodoviária Federal" artSize="8" artNotes="" numberPage="40" pdfPage="http://pesquisa.in.gov.br/imprensa/jsp/visualiza/index.jsp?data=01/12/2017&amp;jornal=529&amp;pagina=40" editionNumber="230">
  <body>
    <Identifica><![CDATA[PORTARIA Nº 385, DE 21 DE NOVEMBRO DE 2017]]></Identifica>
    <Data><![CDATA[]]></Data>
    <Ementa />
    <Titulo />
    <SubTitulo />
    <Texto><![CDATA[<p> </p><p> O DIRETOR-GERAL DA POLÍCIA RODOVIÁRIA FEDERAL, no uso das atribuições que lhe confere o Art. 101, inciso VII, do Regimento Interno da Polícia Rodoviária Federal, instituído pela Portaria nº 1.375, de 2 de agosto de 2007, do Senhor Ministro de Estado da Justiça, publicada no Diário Oficial da União de 6 de agosto de 2007,</p><p> CONSIDERANDO a decisão judicial proferida nos autos da Ação Ordinária nº 75666-70.2013.4.01.3400 - 15ª Vara Federal/DF que declarou nulo o ato que eliminou o candidato Eduardo Morais de Moura Leite do certame regido pelo Edital nº 01/2013-PRF; e</p><p> CONSIDERANDO que o referido candidato foi nomeado de forma precária por meio da Portaria nº 107, de 31 de março de 2015, da Diretora-Geral da Polícia Rodoviária Federal, publicada no DOU nº 62, de 01 de abril de 2015, Seção 2, página 59 em atenção à sentença mandamental e que a Ação Ordinária acima transitou em julgado no dia 03 de agosto de 2017, resolve:</p><p>  Art. 1º  Tornar definitiva a nomeação do servidor Eduardo Morais de Moura Leite, a partir do dia 03 de agosto de 2017, data do trânsito em julgado da Ação Ordinária nº 75666-70.2013.4.01.3400 - 15ª Vara Federal/DF.</p><p>  Art. 2º  Esta Portaria entra em vigor na data de sua publicação com efeitos a partir de 03 de agosto de 2017.</p>]]></Texto>
    <Autores>
      <assina>RENATO ANTÔNIO BORGES DIAS</assina>
    </Autores>
  </body>
</article></xml>