<xml><article id="645344" name="Ps_1669_1670_1671_1672_2017" idOficio="4588597" pubName="DO2" artType="Portaria" pubDate="01/12/2017" artClass="00017:00022:00000:00000:00000:00000:00000:00000:00000:00000:00025:0003" artSection="Ministério da Saúde" artCategory="Fundação Oswaldo Cruz" artSize="8" artNotes="" numberPage="46" pdfPage="http://pesquisa.in.gov.br/imprensa/jsp/visualiza/index.jsp?data=01/12/2017&amp;jornal=529&amp;pagina=46" editionNumber="230">
  <body>
    <Identifica><![CDATA[Portaria de 30 de novembro de 2017]]></Identifica>
    <Data><![CDATA[]]></Data>
    <Ementa />
    <Titulo />
    <SubTitulo />
    <Texto><![CDATA[<p> A Presidente da Fundação Oswaldo Cruz, ÓRGÃO VINCULADO AO MINISTÉRIO DA SAÚDE /MS, no uso da competência que lhe foi subdelegada pela Portaria n° 1.339, publicada no Diário Oficial da União n° 125, de 29 de junho de 2012, Seção 1, página 60, e na forma do disposto no Decreto nº 1.387, de 7 de fevereiro de 1995, resolve:</p><p>Nº 1.669 - JORGE ANTONIO ZEPEDA BERMUDEZ, Pesquisador em Saúde Pública da Escola Nacional de Saúde Pública Sérgio Arouca, SIAPE nº 0464957, com a finalidade de participar de reunião do Conselho de Drogas para Doenças Negligenciadas, em Genebra, Suíça, no período de 08/12 a 13/12/2017, inclusive trânsito, com ônus limitado, vencimentos mantidos (Processo n° 25388.000464/2017-04).</p><p>Nº 1.670 - MARIZA MIRANDA THEME FILHA, Pesquisadora em Saúde Pública da Escola Nacional de Saúde Pública Sérgio Arouca, SIAPE nº 00803669, com a finalidade de participar de reunião para discussão de formação em Epidemiologia no marco do Programa de Formação em Saúde Pública para área de fronteira BRASIL-URUGUAI, em Montevidéu, Uruguai, no período de 05/12 a 07/12/2017, inclusive trânsito, com ônus limitado, vencimentos mantidos (Processo nº 25388.000514/2017-45).</p><p>Nº 1.671 - HERMANO ALBUQUERQUE DE CASTRO, Diretor e Pesquisador em Saúde Pública da Escola Nacional de Saúde Pública Sérgio Arouca, SIAPE nº 0463868, com a finalidade de participar da Jornada Acadêmica e Oficina de encerramento do Programa de Formação em Saúde Pública para área de Fronteira Brasil - Uruguai, em Montevidéu, Uruguai, no período de 06/12 a 09/12/2017, inclusive trânsito, com ônus limitado, vencimentos mantidos (Processo n° 25388.000515/2017-90).</p><p>Nº 1.672 - JOSÉ FERNANDO DE SOUZA VERANI, Pesquisador em Saúde Pública da Escola Nacional de Saúde Pública Sérgio Arouca, SIAPE nº 004651, com a finalidade de participar do último módulo, assim como da avaliação final da formação em Saúde Pública para Área de Fronteira Brasil - Uruguai, em Montevidéu, Uruguai, no período de 05/12 a 09/12/2017, inclusive trânsito, com ônus limitado, vencimentos mantidos (Processo n° 25388.000518/2017-23). </p>]]></Texto>
    <Autores>
      <assina>NÍSIA TRINDADE LIMA</assina>
    </Autores>
  </body>
</article></xml>