<xml><article id="703986" name="D 3213 Designar SANDRO GERARDI 2" idOficio="4587333" pubName="DO2" artType="Portaria" pubDate="11/12/2017" artClass="00017:00001:00000:00000:00000:00000:00000:00000:00000:00000:00000:00012" artSection="Ministério da Saúde" artCategory="Gabinete do Ministro" artSize="8" artNotes="" numberPage="193" pdfPage="http://pesquisa.in.gov.br/imprensa/jsp/visualiza/index.jsp?data=11/12/2017&amp;jornal=529&amp;pagina=193" editionNumber="236">
  <body>
    <Identifica><![CDATA[PORTARIA Nº 3.213, DE 28 DE NOVEMBRO DE 2017]]></Identifica>
    <Data><![CDATA[]]></Data>
    <Ementa />
    <Titulo />
    <SubTitulo />
    <Texto><![CDATA[<p> O MINISTRO DE ESTADO DA SAÚDE, no uso da competência que lhe foi delegada pelo art. 3º, do Decreto nº 8.821, de 26 de julho de 2016, resolve:</p><p>Designar SANDRO GERARDI, para exercer a Função Comissionada do Poder Executivo de Coordenador de Sistemas de Auditoria, código FCPE-101.3, nº 37.0039, do Departamento Nacional de Auditoria do SUS, da Secretaria de Gestão Estratégica e Participativa.</p>]]></Texto>
    <Autores>
      <assina>RICARDO BARROS</assina>
    </Autores>
  </body>
</article></xml>