<xml><article id="644270" name="PORTARIA Nº 4143SEÇ IN PENS HFAM" idOficio="4588171" pubName="DO2" artType="Portaria" pubDate="01/12/2017" artClass="00010:00028:00118:00000:00000:00000:00000:00000:00000:00000:00025:00001" artSection="Ministério da Defesa" artCategory="Hospital das Forças Armadas" artSize="8" artNotes="" numberPage="12" pdfPage="http://pesquisa.in.gov.br/imprensa/jsp/visualiza/index.jsp?data=01/12/2017&amp;jornal=529&amp;pagina=12" editionNumber="230">
  <body>
    <Identifica><![CDATA[PORTARIA Nº 4.143/SEÇ IN PENS HFA/MD, DE 28 DE NOVEMBRO DE 2017]]></Identifica>
    <Data><![CDATA[]]></Data>
    <Ementa />
    <Titulo />
    <SubTitulo />
    <Texto><![CDATA[<p> O COMANDANTE LOGÍSTICO DO HOSPITAL DAS FORÇAS ARMADAS, no uso das atribuições que lhe são conferidas pelo art. 2º, inciso V, alínea "c" da Portaria nº 1.839/MD, de 9 de dezembro de 2010, publicada no Diário Oficial da União de 10 de dezembro de 2010, resolve:</p><p>Conceder aposentadoria voluntária, com proventos proporcionais, a IETE MARIA SANTOS MOURA FÉ, matrícula SIAPE nº 0886128, ocupante do cargo de Especialista em Atividade Hospitalares - Assistente Social, classe "A", padrão NS-I, do Quadro de Pessoal do Hospital das Forças Armadas, com fundamento no art. 2º, incisos I, II e III, alíneas "a" e "b", § 1º, inciso II, da EC nº 41/03, com redação dada pelo art. 1º da Lei 10.887/04. (Processo nº 60550.032175/2017-38).</p>]]></Texto>
    <Autores>
      <assina>Gen Div PAULO SÉRGIO NOGUEIRA DE OLIVEIRA</assina>
    </Autores>
  </body>
</article></xml>