<xml><article id="645008" name="10601" idOficio="4588465" pubName="DO2" artType="Portaria" pubDate="01/12/2017" artClass="00011:00130:00001:00017:00000:00000:00000:00000:00000:00000:00025:00000" artSection="Ministério da Educação" artCategory="Universidade Federal do Rio de Janeiro" artSize="8" artNotes="" numberPage="30" pdfPage="http://pesquisa.in.gov.br/imprensa/jsp/visualiza/index.jsp?data=01/12/2017&amp;jornal=529&amp;pagina=30" editionNumber="230">
  <body>
    <Identifica><![CDATA[PORTARIA Nº 10.601, DE 30 DE novembro DE 2017]]></Identifica>
    <Data><![CDATA[]]></Data>
    <Ementa />
    <Titulo />
    <SubTitulo />
    <Texto><![CDATA[<p> O Pró-Reitor de Pessoal, no uso da competência delegada pelo Reitor da Universidade Federal do Rio de Janeiro, através da Portaria nº 956 de 10 de fevereiro de 2017, publicada no Diário Oficial da União de 13 de fevereiro de 2017, resolve:</p><p> Exonerar, a pedido, a partir de 18-dezembro-2017, nos termos do inciso I do artigo 33, da Lei nº 8.112 de 11 de dezembro de 1990, o(a) servidor(a) DIDIER JACQUES FRANCOIS PILOD, Matrícula SIAPE nº1571039, ocupante do cargo de Professor do Magistério Superior, do Quadro de Pessoal desta Universidade, processo nº  23079.060610/17-19.</p><p> </p>]]></Texto>
    <Autores>
      <assina>AGNALDO FERNANDES</assina>
    </Autores>
  </body>
</article></xml>