<xml><article id="643859" name="PORT DGP-DCIPAS - 2017 - Nº 249 " idOficio="4588001" pubName="DO2" artType="Portaria" pubDate="01/12/2017" artClass="00010:00008:00024:00000:00000:00000:00000:00000:00000:00000:00025:00013" artSection="Ministério da Defesa" artCategory="Comando do Exército" artSize="8" artNotes="" numberPage="11" pdfPage="http://pesquisa.in.gov.br/imprensa/jsp/visualiza/index.jsp?data=01/12/2017&amp;jornal=529&amp;pagina=11" editionNumber="230">
  <body>
    <Identifica><![CDATA[PORTARIA Nº 249-DGP/DCIPAS, DE 20 DE NOVEMBRO DE 2017]]></Identifica>
    <Data><![CDATA[]]></Data>
    <Ementa />
    <Titulo />
    <SubTitulo />
    <Texto><![CDATA[<p> O CHEFE DO DEPARTAMENTO-GERAL DO PESSOAL, no uso da competência que lhe foi conferida pela Portaria nº 218-Comandante Exército, de 20 de março de 2017, resolve</p><p>NOMEAR, por proposta do Diretor de Avaliação e Promoções, o Segundo-Sargento da Reserva Remunerada (Idt 118066463-1) WILSON GOMES DO NASCIMENTO, Prec-CP: 96 1792399, na Diretoria de Avaliação e Promoções (BRASÍLIA-DF), para Prestador de Tarefa por Tempo Certo, para exercer a tarefa de Auxiliar de Secretário na 2ª Seção/DA Prom, Competindo-lhe Confeccionar Documentos Pertinentes ao Serviço de Rotina, Controle de Publicação dos Atos Referentes a Nomeação e Exoneração dos Relatores e Sub-Relatores da CPQAO/CPS e Responsável pelo Encaminhamento das Publicações das Portaria de Limites, Quadros de Acesso e Portarias de Promoções em Boletim do Exército (BE) e Diário Oficial da União (DOU), pelo prazo de 24 (vinte e quatro) meses, a partir de 1º de dezembro de 2017.</p><p> </p>]]></Texto>
    <Autores>
      <assina>Gen Ex MANOEL LUIZ NARVAZ PAFIADACHE</assina>
    </Autores>
  </body>
</article></xml>