<xml><article id="643436" name="Portaria Maria Alixandrina" idOficio="4587837" pubName="DO2" artType="Portaria" pubDate="01/12/2017" artClass="00031:00002:00658:04233:00000:00000:00000:00000:00000:00000:00025:0009" artSection="Ministério dos Transportes, Portos e Aviação Civil" artCategory="Secretaria Executiva" artSize="8" artNotes="" numberPage="62" pdfPage="http://pesquisa.in.gov.br/imprensa/jsp/visualiza/index.jsp?data=01/12/2017&amp;jornal=529&amp;pagina=62" editionNumber="230">
  <body>
    <Identifica><![CDATA[Portaria Nº 4.504, DE 27 DE novembro DE 2017]]></Identifica>
    <Data><![CDATA[]]></Data>
    <Ementa />
    <Titulo />
    <SubTitulo />
    <Texto><![CDATA[<p> O COORDENADOR-GERAL DE GESTÃO DE PESSOAS DO MINISTÉRIO DOS TRANSPORTES, PORTOS E AVIAÇÃO CIVIL, no uso das atribuições que lhe foram subdelegadas pela Portaria/SAAD nº. 202, art. 1°, inciso VII, de 08 de outubro de 2010, publicada no Diário Oficial da União, de 11 de outubro de 2010, resolve:</p><p>Retificar a Portaria COGEP-MT nº 3394, de 30 de novembro de 2016, publicada no Diário Oficial da União, Seção 2, página 55, de 13 de dezembro de 2016, referente à MARIA ALIXANDRINA COSTA REIS. Onde se lê "MARIA AUXILIADORA COSTA REIS"; Leia-se "MARIA ALIXANDRINA COSTA REIS.(Processo SEI: 50000.124582/2016-62) BA.</p>]]></Texto>
    <Autores>
      <assina>ROBSON DE SOUZA ANDRADE</assina>
    </Autores>
  </body>
</article></xml>