<xml><article id="644276" name="Despacho-49-17" idOficio="4588078" pubName="DO2" artType="Despacho" pubDate="01/12/2017" artClass="00011:00060:00001:00000:00000:00000:00000:00000:00000:00000:00019:00001" artSection="Ministério da Educação" artCategory="Instituto Federal de Educação, Ciência e Tecnologia do Ceará" artSize="8" artNotes="" numberPage="19" pdfPage="http://pesquisa.in.gov.br/imprensa/jsp/visualiza/index.jsp?data=01/12/2017&amp;jornal=529&amp;pagina=19" editionNumber="230">
  <body>
    <Identifica><![CDATA[DESPACHOS do Reitor]]></Identifica>
    <Data><![CDATA[]]></Data>
    <Ementa />
    <Titulo />
    <SubTitulo><![CDATA[Em 24 de novembro de 2017]]></SubTitulo>
    <Texto><![CDATA[<p> </p><p>  N   49  - O REITOR EM EXERCÍCIO DO INSTITUTO FEDERAL DE EDUCAÇÃO, CIÊNCIA E TECNOLOGIA DO CEARÁ, no uso da competência que lhe foi subdelegada mediante a Portaria MEC n° 404, de 23/04/2009 (Republicada DOU 07/05/2009) autoriza o afastamento do país da servidora ALCIONE ALVES DA SILVA MAINAR, ocupante do cargo de Professor de Ensino Básico, Técnico e  Tecnológico, Matrícula SIAPE nº 1211342, pertencente ao Quadro Permanente deste Instituto Federal, campus Acopiara, no período de 29/11 a 09/12/2017, com ônus limitado, para participar do XXXI Congresso de La Asociación Latino Americana de Sociologia, apresentar trabalho científico de pesquisa do curso de Doutorado em Montivideo - Uruguai. (Processo nº 23266.045233.2017-72).</p>]]></Texto>
    <Autores>
      <assina>Ivam Holanda de Souza</assina>
      <cargo>Em exercício</cargo>
    </Autores>
  </body>
</article></xml>