<xml><article id="645047" name="RET GPR 2484-2017" idOficio="4588476" pubName="DO2" artType="Retificação" pubDate="01/12/2017" artClass="00037:00039:00002:00000:00000:00000:00000:00000:00000:00000:00025:00019" artSection="Poder Judiciário" artCategory="Tribunal de Justiça do Distrito Federal e dos Territórios" artSize="8" artNotes="" numberPage="75" pdfPage="http://pesquisa.in.gov.br/imprensa/jsp/visualiza/index.jsp?data=01/12/2017&amp;jornal=529&amp;pagina=75" editionNumber="230">
  <body>
    <Identifica><![CDATA[RETIFICAÇÃO]]></Identifica>
    <Data><![CDATA[]]></Data>
    <Ementa />
    <Titulo />
    <SubTitulo />
    <Texto><![CDATA[<p> Nos artigos 1º e 2º da Portaria GPR Nº 2484, de 03 de novembro de 2017, publicada no Diário Oficial da União, Seção 2, do dia 07 de novembro de 2017, à fl. 45, onde se lê: " , FC-05, de Oficial de Gabinete, destinada ao Secretário do Juiz da 4ª Vara de Família da Circunscrição Judiciária de Brasília.", leia-se: ", FC-05, de Oficial de Gabinete, destinada ao Substituto do Diretor da 4ª Vara de Família da Circunscrição Judiciária de Brasília."</p><p> </p>]]></Texto>
    <Autores />
  </body>
</article></xml>