<xml><article id="643154" name="810-EURILENE E SIMONE- DIS-DES" idOficio="4587535" pubName="DO2" artType="Portaria" pubDate="01/12/2017" artClass="00037:00004:00001:00002:00000:00000:00000:00000:00000:00000:00025:00007" artSection="Poder Judiciário" artCategory="Superior Tribunal de Justiça" artSize="8" artNotes="" numberPage="71" pdfPage="http://pesquisa.in.gov.br/imprensa/jsp/visualiza/index.jsp?data=01/12/2017&amp;jornal=529&amp;pagina=71" editionNumber="230">
  <body>
    <Identifica><![CDATA[PORTARIA N 810, DE 29 DE NOVEMBRO DE 2017]]></Identifica>
    <Data><![CDATA[]]></Data>
    <Ementa />
    <Titulo />
    <SubTitulo />
    <Texto><![CDATA[<p> </p><p> DIRETORA-GERAL DA SECRETARIA DO SUPERIOR TRIBUNAL DE JUSTIÇA, com base no item 16.2, XI, b, do Manual de Organização e no disposto no art. 35, I, da Lei n. 8.112, de 11 de dezembro de 1990, resolve:</p><p>Art. 1º Efetuar as seguintes alterações no Gabinete do Ministro Reynaldo Soares da Fonseca:</p><p>I - Dispensar EURILENE MIGUEL DE JESUS MANSO, matrícula S054610, da função de confiança de Assistente II, código FC-2, em decorrência de sua posse em outro cargo público, inacumulável;</p><p>II - Designar SIMONE SOARES DE OLIVEIRA, matrícula S042581, para a função de confiança de Assistente II, código FC-2, na vaga decorrente da dispensa de Eurilene Miguel de Jesus Manso.</p><p>Art. 2º Esta portaria entra em vigor na data de sua publicação.</p>]]></Texto>
    <Autores>
      <assina>Sulamita Avelino Cardoso Marques</assina>
    </Autores>
  </body>
</article></xml>