<xml><article id="644789" name="9995" idOficio="4588365" pubName="DO2" artType="Portaria" pubDate="01/12/2017" artClass="00011:00130:00000:00000:00000:00000:00000:00000:00000:00000:00025:00001" artSection="Ministério da Educação" artCategory="Universidade Federal do Rio de Janeiro" artSize="8" artNotes="" numberPage="30" pdfPage="http://pesquisa.in.gov.br/imprensa/jsp/visualiza/index.jsp?data=01/12/2017&amp;jornal=529&amp;pagina=30" editionNumber="230">
  <body>
    <Identifica><![CDATA[PORTARIA Nº 9.995, DE 7 DE novembro DE 2017]]></Identifica>
    <Data><![CDATA[]]></Data>
    <Ementa />
    <Titulo />
    <SubTitulo />
    <Texto><![CDATA[<p> O Reitor da Universidade Federal do Rio de Janeiro, no uso de suas atribuições conferidas pelo Decreto de 01 de julho de 2015, publicado no Diário Oficial da União de 02 de julho de 2015 e tendo em vista o constante do processo nº 23079.005479/2017-19, resolve:</p><p> Retificar a Portaria nº 8992 de 06-outrubro-2017, publicada no DOU nº 211 de 03-novembro-2017. Onde se lê: "PAULO CESAR DE CASTRO PAIVA, Enfermeiro, Matrícula Siape 0366116", leia-se "RENATO AUGUSTO DE OLIVEIRA DA COSTA, Assistente em Administração, matrícula Siape 0363873.</p><p> </p>]]></Texto>
    <Autores>
      <assina>ROBERTO LEHER</assina>
    </Autores>
  </body>
</article></xml>