<xml><article id="650432" name="Designação - Veralice" idOficio="4586025" pubName="DO2" artType="Ato" pubDate="04/12/2017" artClass="00037:00061:00004:00000:00000:00000:00000:00000:00000:00000:00001:00001" artSection="Poder Judiciário" artCategory="Serviço Notarial e de Registro" artSize="8" artNotes="" numberPage="69" pdfPage="http://pesquisa.in.gov.br/imprensa/jsp/visualiza/index.jsp?data=04/12/2017&amp;jornal=529&amp;pagina=69" editionNumber="231">
  <body>
    <Identifica><![CDATA[ATO n 1, de 29 de novembro de 2017]]></Identifica>
    <Data><![CDATA[]]></Data>
    <Ementa />
    <Titulo />
    <SubTitulo />
    <Texto><![CDATA[<p> </p><p> JESSÉ PEREIRA ALVES, oficial do Cartório do 2º Ofício de Registro Civil Títulos e Documentos e Pessoas Jurídicas de Brasília, no uso de suas atribuições legais e com fundamento no Artigo 20, da Lei 8.935, de 18/11/1994, resolve:</p><p> Designar MARIA VERALICE NUNES DA SILVA SANTOS, CPF nº 042.004.391-82, para exercer a função de Escrevente Autorizada, a partir de 05/10/2017, podendo para tanto exercer todos os atos referentes ao Registro Civil de Pessoas Naturais.</p><p> </p>]]></Texto>
    <Autores>
      <assina>Jessé Pereira Alves</assina>
      <cargo>Oficial Titular</cargo>
    </Autores>
  </body>
</article></xml>