<xml><article id="643529" name="Portaria 398 e 399" idOficio="4587893" pubName="DO2" artType="Portaria" pubDate="01/12/2017" artClass="00014:00040:00000:00000:00000:00000:00000:00000:00000:00000:00025:00001" artSection="Ministério da Integração Nacional" artCategory="Superintendência do Desenvolvimento da Amazônia" artSize="8" artNotes="" numberPage="39" pdfPage="http://pesquisa.in.gov.br/imprensa/jsp/visualiza/index.jsp?data=01/12/2017&amp;jornal=529&amp;pagina=39" editionNumber="230">
  <body>
    <Identifica><![CDATA[PORTARIA N° 398, DE 28 DE NOVEMBRO DE 2017]]></Identifica>
    <Data><![CDATA[]]></Data>
    <Ementa />
    <Titulo />
    <SubTitulo />
    <Texto><![CDATA[<p> O SUPERINTENDENTE DA SUPERINTENDÊNCIA DO DESENVOLVIMENTO DA AMAZÔNIA - SUDAM, no uso das atribuições que lhe confere o Decreto nº 8.275, de 27/06/2014, publicado no DOU de 30/06/2014 e alterações, bem como o Decreto Presidencial de 17/08/2015, publicado no DOU de 18/08/2015, resolve:</p><p>Art. 1º Dispensar o servidor MADSON COSTA CARVALHO, matrícula SIAPE 2280562, do encargo de substituto eventual do Coordenador, código DAS 101.3, da Coordenação de Gestão e Tecnologia da Informação, da Diretoria de Administração, desta Autarquia.</p><p>Art. 2º Designar o servidor LUZIO SANTANA DA SILVA FILHO, matrícula SIAPE 2173663, para exercer o encargo de substituto eventual do Coordenador, código DAS 101.3, da Coordenação de Gestão e Tecnologia da Informação, da Diretoria de Administração, desta Autarquia, nas ausências e eventuais impedimentos do titular do cargo, sem prejuízo de suas atribuições, a contar de 27/11/2017.</p><p> </p><p> O SUPERINTENDENTE DA SUPERINTENDÊNCIA DO DESENVOLVIMENTO DA AMAZÔNIA - SUDAM, no uso das atribuições que lhe confere o Decreto nº 8.275, de 27/06/2014, publicado no DOU de 30/06/2014 e alterações, bem como o Decreto Presidencial de 17/08/2015, publicado no DOU de 18/08/2015, resolve:</p><p>Art. 1º Dispensar a servidora MARIA JOSÉ CORREA ALVES, matrícula SIAPE 0677381, do encargo de substituto eventual do Coordenador-Geral, código DAS 101.4, da Coordenação-Geral de Fundos de Desenvolvimento e Financiamento, da Diretoria de Gestão de Fundos e Incentivos e de Atração de Investimentos, desta Autarquia.</p><p>Art. 2º Designar a servidora Alda Francy Teixeira Freitas da Costa Nunes, matrícula SIAPE 2273506, para exercer o encargo de substituto eventual do Coordenador-Geral, código DAS 101.4, da Coordenação-Geral de Fundos de Desenvolvimento e Financiamento, da Diretoria de Gestão de Fundos e Incentivos e de Atração de Investimentos, desta Autarquia, nas ausências e eventuais impedimentos do titular do cargo, sem prejuízo de suas atribuições.</p><p> </p>]]></Texto>
    <Autores>
      <assina>PAULO ROBERTO CORREIA DA SILVA</assina>
      <assina>PAULO ROBERTO CORREIA DA SILVA</assina>
    </Autores>
  </body>
</article></xml>