<xml><article id="645371" name="aut 682 - LAURA MARIA FOGLIATTO" idOficio="4588607" pubName="DO2" artType="Autorização" pubDate="01/12/2017" artClass="00011:00050:00000:00000:00000:00000:00000:00000:00000:00000:00011:00001" artSection="Ministério da Educação" artCategory="Hospital de Clínicas de Porto Alegre" artSize="8" artNotes="" numberPage="18" pdfPage="http://pesquisa.in.gov.br/imprensa/jsp/visualiza/index.jsp?data=01/12/2017&amp;jornal=529&amp;pagina=18" editionNumber="230">
  <body>
    <Identifica><![CDATA[Despacho dA Presidente]]></Identifica>
    <Data><![CDATA[]]></Data>
    <Ementa />
    <Titulo />
    <SubTitulo><![CDATA[Em 30 de novembro de 2017]]></SubTitulo>
    <Texto><![CDATA[<p> </p><p> </p><p> A Presidente do Hospital de Clínicas de Porto Alegre, no uso da competência que lhe foi delegada pela Portaria n. º 188 de 06.03.95 do Ministério da Educação autoriza o afastamento do país do(s) seguinte(s) empregado(s):</p><p>BEATRIZ D''AGORD SCHAAN, Assessora, de 03/12/2017 a 08/12/2017 a fim de participar do IDF 2017 Congress em Abu Dhabi, Emirados Árabes. Com ônus limitado.  (Processo nº 23092.201186/2017-92).</p><p>LAURA MARIA FOGLIATTO, Médica, de 06/12/2017 a 13/12/2017 a fim de participar do 59th ASH Annual Meeting and Exposition em Atlanta, USA. Com ônus limitado.  (Processo nº 23092.200987/2017-31).</p><p> </p><p> </p>]]></Texto>
    <Autores>
      <assina>NADINE OLIVEIRA CLAUSELL</assina>
    </Autores>
  </body>
</article></xml>