<xml><article id="644222" name="(Port. nº 2308-SEI-SE) DANIELA F" idOficio="4588110" pubName="DO2" artType="Portaria" pubDate="01/12/2017" artClass="00013:00002:00000:00000:00000:00000:00000:00000:00000:00000:00025:00001" artSection="Ministério da Indústria, Comércio Exterior e Serviços" artCategory="Secretaria Executiva" artSize="8" artNotes="" numberPage="38" pdfPage="http://pesquisa.in.gov.br/imprensa/jsp/visualiza/index.jsp?data=01/12/2017&amp;jornal=529&amp;pagina=38" editionNumber="230">
  <body>
    <Identifica><![CDATA[PORTARIA Nº2.308-SEI, DE 27 DE NOVEMBRO DE 2017]]></Identifica>
    <Data><![CDATA[]]></Data>
    <Ementa />
    <Titulo />
    <SubTitulo />
    <Texto><![CDATA[<p> O SECRETÁRIO-EXECUTIVO DO MINISTÉRIO DA INDÚSTRIA, COMÉRCIO EXTERIOR E SERVIÇOS, no uso da competência que lhe foi subdelegada pela Portaria GM/MDIC no  305, de 1o de novembro de 2016, e tendo em vista o disposto no Decreto no 8.917, de 29 de novembro de 2016, com suas alterações, e na Lei no 8.112, de 11 de dezembro de 1990, resolve:</p><p>Designar DANIELA FERREIRA DE MATOS para, no período de 1º de dezembro de 2017, exercer o encargo de substituta da Função Comissionada de Coordenador-Geral de Temas  Multilaterais, código FCPE 101.4, do Departamento de Negociações Internacionais da Secretaria de Comércio Exterior deste Ministério, em virtude do afastamento do titular e do substituto eventual.</p><p> </p>]]></Texto>
    <Autores>
      <assina>MARCOS JORGE DE LIMA</assina>
    </Autores>
  </body>
</article></xml>