<xml><article id="643082" name="01.12.2017 - Aposentadoria - Osv" idOficio="4586580" pubName="DO2" artType="Portaria" pubDate="01/12/2017" artClass="00007:00003:00802:00406:00000:00000:00000:00000:00000:00000:00025:0002" artSection="Ministério da Agricultura, Pecuária e Abastecimento" artCategory="Secretaria Executiva" artSize="8" artNotes="" numberPage="4" pdfPage="http://pesquisa.in.gov.br/imprensa/jsp/visualiza/index.jsp?data=01/12/2017&amp;jornal=529&amp;pagina=4" editionNumber="230">
  <body>
    <Identifica><![CDATA[PORTARIA Nº 2.884, DE 28 DE NOVEMBRO DE 2017]]></Identifica>
    <Data><![CDATA[]]></Data>
    <Ementa />
    <Titulo />
    <SubTitulo />
    <Texto><![CDATA[<p> COORDENADOR-GERAL DE ADMINISTRAÇÃO DE PESSOAS, DO MINISTÉRIO DA AGRICULTURA, PECUÁRIA E ABASTECIMENTO, no uso da competência que lhe foi atribuída pelo inciso VI, do § 6º, do artigo 141, da Portaria Ministerial nº 944, de 23 de setembro de 2014, publicada no Diário Oficial do dia seguinte, resolve:</p><p>Conceder aposentadoria com proventos integrais ao servidor OSVALDO PEREIRA DE ARRUDA, matrícula SIAPE nº 1111702, ocupante do cargo efetivo de Artífice de Artes Gráficas, Classe S, Padrão III,  do Quadro de Pessoal desse Ministério, com fundamento no artigo 3º da Emenda Constitucional nº 47/2005 (Processo 21000.047262/2017-64).</p>]]></Texto>
    <Autores>
      <assina>GENILSON ANTONIO SECCHI DE AVILA</assina>
    </Autores>
  </body>
</article></xml>