<xml><article id="643988" name="REITORIA 333.2017" idOficio="4587910" pubName="DO2" artType="Retificação" pubDate="01/12/2017" artClass="00011:00110:00001:00000:00000:00000:00000:00000:00000:00000:00025:00003" artSection="Ministério da Educação" artCategory="Universidade Federal do Espírito Santo" artSize="8" artNotes="" numberPage="27" pdfPage="http://pesquisa.in.gov.br/imprensa/jsp/visualiza/index.jsp?data=01/12/2017&amp;jornal=529&amp;pagina=27" editionNumber="230">
  <body>
    <Identifica><![CDATA[Retificação]]></Identifica>
    <Data><![CDATA[]]></Data>
    <Ementa />
    <Titulo />
    <SubTitulo />
    <Texto><![CDATA[<p> </p><p> Na Portaria nº 2312/2017-R, publicada no DOU de 30/11/2017, seção 2, pág. 41, onde se lê: "...no período de 29/11/2017 a 10/01/2018...", leia-se: "...a partir da publicação até 18/01/2018..." e incluir: "Art. 2º Ficam convalidados os atos praticados a partir de 29/11/2017.".</p>]]></Texto>
    <Autores />
  </body>
</article></xml>