<xml><article id="644363" name="P9CURITIBA106e107" idOficio="4588209" pubName="DO2" artType="Portaria" pubDate="01/12/2017" artClass="00012:00055:00101:00005:00000:00000:00000:00000:00000:00000:00025:00003" artSection="Ministério da Fazenda" artCategory="Secretaria da Receita Federal do Brasil" artSize="8" artNotes="" numberPage="37" pdfPage="http://pesquisa.in.gov.br/imprensa/jsp/visualiza/index.jsp?data=01/12/2017&amp;jornal=529&amp;pagina=37" editionNumber="230">
  <body>
    <Identifica><![CDATA[PORTARIAS DE 28 DE NOVEMBRO DE 2017]]></Identifica>
    <Data><![CDATA[]]></Data>
    <Ementa />
    <Titulo />
    <SubTitulo />
    <Texto><![CDATA[<p> O DELEGADO DA RECEITA FEDERAL DO BRASIL EM CURITIBA, no uso da competência que lhe foi subdelegada pela Portaria RFB nº 4.338, de 9 de setembro de 2005, publicada no DOU de 12 de setembro de 2005, e tendo em vista o disposto na Portaria RFB nº 4.071, de 2 de maio de 2007,  resolve:</p><p>Nº 106 - DISPENSAR o servidor DIRLEO SANCHES KUHNEN, ocupante do cargo efetivo de Analista Tributário da Receita Federal do Brasil, matrícula SIAPECAD Nº 1291666, da Função Gratificada de Chefe do Setor de Arrecadação e Cobrança - SORAC, da Agência da Receita Federal do Brasil em Colombo, jurisdicionada à Delegacia da Receita Federal do Brasil em Curitiba-PR, código FG-2. </p><p>Nº 107 - DESIGNAR o servidor LUCIANO MASASHIRO YAGUI, ocupante do cargo  efetivo de Analista Tributário da Receita Federal do Brasil, matrícula SIAPECAD Nº 01291961, para exercer a Função Gratificada de Chefe do Setor de Arrecadação e Cobrança - SORAC, da Agência da Receita Federal do Brasil em Colombo, jurisdicionada à Delegacia da Receita Federal do Brasil em Curitiba-PR, código FG-2.</p>]]></Texto>
    <Autores>
      <assina>EDAIR RIBEIRO DA SILVA</assina>
    </Autores>
  </body>
</article></xml>