<xml><article id="645560" name="DOU 2-MG-1PT-507-UNI-62038_CRIP0" idOficio="4588645" pubName="DO2" artType="Portaria" pubDate="01/12/2017" artClass="00033:00007:00034:00000:00000:00000:00000:00000:00000:00000:00025:00003" artSection="Ministério Público da União" artCategory="Ministério Público Federal" artSize="8" artNotes="" numberPage="65" pdfPage="http://pesquisa.in.gov.br/imprensa/jsp/visualiza/index.jsp?data=01/12/2017&amp;jornal=529&amp;pagina=65" editionNumber="230">
  <body>
    <Identifica><![CDATA[PORTARIA Nº 507, de 29 de novembro de 2017]]></Identifica>
    <Data><![CDATA[]]></Data>
    <Ementa />
    <Titulo />
    <SubTitulo />
    <Texto><![CDATA[<p> A PROCURADORA-CHEFE DA PROCURADORIA DA REPÚBLICA NO ESTADO DE MINAS GERAIS, no uso da competência prevista pela Portaria PGR/MPF nº 357, de 05 de maio de 2015, resolve:</p><p>1 - Dispensar AUGUSTO CÉSAR ALVES DO NASCIMENTO, matrícula 25479-7, ocupante do cargo de Técnico do MPU/Apoio-Técnico Administrativo/Administração, da função de confiança de Assistente - Nível II, Código FC-2, do Gabinete da Dra. Silmara Cristina Goulart, da Procuradoria da República no Estado de Minas Gerais.</p><p>2 - Designar JOSÉ ALBERTO CERQUEIRA CALDAS, matrícula 26445-8, ocupante do cargo de Técnico do MPU/Apoio-Técnico Administrativo/Administração, para exercer a função de confiança de Assistente - Nível II, Código FC-2, do Gabinete da Dra. Silmara Cristina Goulart, da Procuradoria da República no Estado de Minas Gerais.</p><p> </p>]]></Texto>
    <Autores>
      <assina>Isabela de Holanda Cavalcanti</assina>
    </Autores>
  </body>
</article></xml>