<xml><article id="644354" name="P4CAMPINAGRANDE41" idOficio="4588209" pubName="DO2" artType="Portaria" pubDate="01/12/2017" artClass="00012:00055:00096:00005:00000:00000:00000:00000:00000:00000:00025:00002" artSection="Ministério da Fazenda" artCategory="Secretaria da Receita Federal do Brasil" artSize="8" artNotes="" numberPage="37" pdfPage="http://pesquisa.in.gov.br/imprensa/jsp/visualiza/index.jsp?data=01/12/2017&amp;jornal=529&amp;pagina=37" editionNumber="230">
  <body>
    <Identifica><![CDATA[PORTARIA Nº 41, DE 29 DE NOVEMBRO DE 2017]]></Identifica>
    <Data><![CDATA[]]></Data>
    <Ementa />
    <Titulo />
    <SubTitulo />
    <Texto><![CDATA[<p> O DELEGADO-ADJUNTO  DA RECEITA FEDERAL DO BRASIL EM CAMPINA GRANDE/PB, no uso de suas atribuições, e tendo em vista o disposto nos artigos 11 e 12 do Decreto-Lei nº 200, de 25 de fevereiro de 1967, regulamentados pelo Decreto nº 83.937, de 06 de setembro de 1979, resolve:</p><p>Art. 1º Delegar competência ao Analista Tributário da Receita Federal do Brasil RÔMULO LEONARDO DE AZEVEDO, matrícula SIAPEcad nº 0148587, matrícula SIAPE nº 2718661, para praticar, concorrentemente ao Chefe Titular da Seção de Tecnologia da Informação e Logística desta Delegacia, os atos previstos no art. 252 do Regimento Interno da Secretaria da Receita Federal do Brasil, aprovado pela Portaria MF nº 203, de 14 de maio de 2012, publicada no DOU de 17 de maio de 2012 e em outros diplomas legais e normativos que tratem de atribuições, originárias ou delegadas, do Chefe de Seção de Tecnologia da Infomação e Logística desta unidade.</p><p>Art. 2º Em todos os atos praticados em função das competências ora delegadas. serão mencionados, após a respectiva assinatura, o número e a data desta portaria.</p>]]></Texto>
    <Autores>
      <assina>GUSTAVO MEDEIROS DE MACEDO</assina>
    </Autores>
  </body>
</article></xml>