<xml><article id="644078" name="Ato 1076 - 2017" idOficio="4588050" pubName="DO2" artType="Ato" pubDate="01/12/2017" artClass="00037:00007:00001:00000:00000:00000:00000:00000:00000:00000:00001:00003" artSection="Poder Judiciário" artCategory="Tribunal Regional Federal da 1ª Região" artSize="8" artNotes="" numberPage="72" pdfPage="http://pesquisa.in.gov.br/imprensa/jsp/visualiza/index.jsp?data=01/12/2017&amp;jornal=529&amp;pagina=72" editionNumber="230">
  <body>
    <Identifica><![CDATA[Ato n 1.076, de 29 de novembro de 2017]]></Identifica>
    <Data><![CDATA[]]></Data>
    <Ementa />
    <Titulo />
    <SubTitulo />
    <Texto><![CDATA[<p> </p><p> O PRESIDENTE DO TRIBUNAL REGIONAL FEDERAL DA 1ª REGIÃO, no uso de suas atribuições legais e regimentais e tendo em vista o constante nos autos do PAe 0005564-31.2017.4.01.8008, resolve:</p><p>CONCEDER APOSENTADORIA ESPECIAL ao servidor LUIZ CARLOS DE OLIVEIRA VAZ, Técnico Judiciário, Área Administrativa, Nível Intermediário, Classe "C", Padrão 13, do Quadro de Pessoal da Justiça Federal de Primeira Instância, Seção Judiciária do Estado de Minas Gerais, Subseção Judiciária de Uberaba, por ordem concedida no Mandado de Injunção nº 4.625-DF, com fundamento no art. 40, § 4º, inciso I, da Constituição Federal, com a redação dada pelas Emendas 41/2003 e 47/2005, c/c a Lei Complementar nº 142/2013 e Instrução Normativa nº 2/2014, do Ministério da Previdência Social, com proventos integrais, calculados pela remuneração do cargo efetivo, com as vantagens previstas no art. 15, § 1º, da Lei 9.527/97, art. 62-A da Lei 8.112/90 e no art. 193 da Lei 8.112/90 (redação original).</p>]]></Texto>
    <Autores>
      <assina>Des. HILTON QUEIROZ</assina>
    </Autores>
  </body>
</article></xml>