<xml><article id="645566" name="PORTARIA 2028" idOficio="4588657" pubName="DO2" artType="Portaria" pubDate="01/12/2017" artClass="00033:00008:00001:00000:00000:00000:00000:00000:00000:00000:00025:00002" artSection="Ministério Público da União" artCategory="Ministério Público do Trabalho" artSize="8" artNotes="" numberPage="66" pdfPage="http://pesquisa.in.gov.br/imprensa/jsp/visualiza/index.jsp?data=01/12/2017&amp;jornal=529&amp;pagina=66" editionNumber="230">
  <body>
    <Identifica><![CDATA[PORTARIA Nº 2.028, DE 29 DE NOVEMBRO 2017]]></Identifica>
    <Data><![CDATA[]]></Data>
    <Ementa />
    <Titulo />
    <SubTitulo />
    <Texto><![CDATA[<p> O PROCURADOR-GERAL DO TRABALHO em exercício, no uso de suas atribuições conferidas pela Lei Complementar nº 75, de 20 de maio de 1993, e considerando o que consta no PGEA nº 01476.2017.21.900/5, resolve: </p><p>Art. 1º Exonerar a servidora MICHELINE CACHINA CAVALCANTI, matrícula 6001906, ocupante do cargo de Técnica do MPU/Apoio Técnico-Administrativo/Administração, do cargo em comissão de Diretora da Divisão Processual, código CC-1, da Procuradoria Regional do Trabalho da 21ª Região/RN.</p><p>Art. 2º Nomear a servidora MICHELINE CACHINA CAVALCANTI, matrícula 6001906, ocupante do cargo de Técnica do MPU/Apoio Técnico-Administrativo/Administração, para o cargo em comissão de Chefe de Gabinete do Procurador-Chefe, código CC-2, da Procuradoria Regional do Trabalho da 21ª Região/RN.</p><p>Art. 3º Exonerar o servidor FRANKLIN MARCOLINO DE SOUZA, matrícula 6001634, ocupante do cargo de Técnico do MPU/Apoio Técnico-Administrativo/Administração, do cargo em comissão de Diretor da Coordenadoria de Defesa dos Interesses Difusos e Coletivos - CODIN, código CC-2, da Procuradoria Regional do Trabalho da 21ª Região/RN.</p><p>Art.4º Nomear o servidor FRANKLIN MARCOLINO DE SOUZA matrícula 6001634, ocupante do cargo de Técnico do MPU/Apoio Técnico-Administrativo/Administração, para o cargo em comissão de Diretor da Divisão da Coordenadoria de Defesa dos Interesses Difusos e Coletivos, código CC-3, da Procuradoria Regional do Trabalho da 21ª Região/RN.</p>]]></Texto>
    <Autores>
      <assina>LUIZ EDUARDO GUIMARÃES BOJART</assina>
    </Autores>
  </body>
</article></xml>