<xml><article id="703974" name="D 3178 e 3179 Exonerar EDNA MARI" idOficio="4587333" pubName="DO2" artType="Portaria" pubDate="11/12/2017" artClass="00017:00001:00000:00000:00000:00000:00000:00000:00000:00000:00000:00010" artSection="Ministério da Saúde" artCategory="Gabinete do Ministro" artSize="8" artNotes="" numberPage="193" pdfPage="http://pesquisa.in.gov.br/imprensa/jsp/visualiza/index.jsp?data=11/12/2017&amp;jornal=529&amp;pagina=193" editionNumber="236">
  <body>
    <Identifica><![CDATA[PORTARIAS DE 24 DE NOVEMBRO DE 2017]]></Identifica>
    <Data><![CDATA[]]></Data>
    <Ementa />
    <Titulo />
    <SubTitulo />
    <Texto><![CDATA[<p> O MINISTRO DE ESTADO DA SAÚDE, no uso da competência que lhe foi delegada pelo art. 3º do Decreto nº 8.821, de 26 de julho de 2016, resolve:</p><p>Nº 3.178 - Exonerar EDNA MARIZA NUNES GUIMARAES DA SILVA do cargo de Assessora Técnica, código DAS-102.3, nº 30.0069, do Departamento de Ações Programáticas Estratégicas, da Secretaria de Atenção à Saúde.</p><p>Nº 3.179 - Nomear LEILANE DAAMECHE ROCHA, para exercer o cargo de Assessora Técnica, código DAS-102.3, nº 30.0069, do Departamento de Ações Programáticas Estratégicas, da Secretaria de Atenção à Saúde.</p>]]></Texto>
    <Autores>
      <assina>RICARDO BARROS</assina>
    </Autores>
  </body>
</article></xml>