<xml><article id="650495" name="Lourdes Maria Josefina dos Santo" idOficio="4588563" pubName="DO2" artType="Portaria" pubDate="04/12/2017" artClass="00012:00002:00012:00024:00000:00000:00000:00000:00000:00000:00025:00001" artSection="Ministério da Fazenda" artCategory="Secretaria Executiva" artSize="8" artNotes="" numberPage="31" pdfPage="http://pesquisa.in.gov.br/imprensa/jsp/visualiza/index.jsp?data=04/12/2017&amp;jornal=529&amp;pagina=31" editionNumber="231">
  <body>
    <Identifica><![CDATA[PORTARIA Nº 344, DE 30 DE NOVEMBRO DE 2017]]></Identifica>
    <Data><![CDATA[]]></Data>
    <Ementa />
    <Titulo />
    <SubTitulo />
    <Texto><![CDATA[<p> </p><p> O SUPERINTENDENTE DE ADMINISTRAÇÃO DO MINISTÉRIO DA FAZENDA EM MINAS GERAIS, usando da delegação de competência que lhe foi conferida pelo inciso XI, do artigo 86, da Portaria MF nº 144, de 27/04/2016, do Ministro de Estado da Fazenda, publicada no DOU de 29/04/2016, e da delegação de competência que lhe foi conferida pela Portaria SRF nº 1.671, de 16/06/2005, publicada no Diário Oficial da União, de 20/06/2005, resolve:</p><p>Conceder aposentadoria voluntária a LOURDES MARIA JOSEFINA DOS SANTOS, matrículas SIAPEcad nº 91506 / SIAPE nº 1336540, ocupante do cargo de Analista Tributário da Receita Federal do Brasil, código 237010, Classe S, Padrão III, do Quadro de Pessoal do Ministério da Fazenda em Minas Gerais, com fundamento no art. 6º, da Emenda Constitucional nº 41/2003, com proventos integrais (código do fundamento 041054), tendo em vista o que consta do Processo nº 19821.000043/2017-14.</p><p> </p>]]></Texto>
    <Autores>
      <assina>ACÁCIO CÂNDIDO DA SILVEIRA SANTOS</assina>
    </Autores>
  </body>
</article></xml>