<xml><article id="644084" name="Ato 1093 - 2017" idOficio="4588050" pubName="DO2" artType="Ato" pubDate="01/12/2017" artClass="00037:00007:00001:00000:00000:00000:00000:00000:00000:00000:00001:00009" artSection="Poder Judiciário" artCategory="Tribunal Regional Federal da 1ª Região" artSize="8" artNotes="" numberPage="72" pdfPage="http://pesquisa.in.gov.br/imprensa/jsp/visualiza/index.jsp?data=01/12/2017&amp;jornal=529&amp;pagina=72" editionNumber="230">
  <body>
    <Identifica><![CDATA[Ato n 1.093, de 29 de novembro de 2017]]></Identifica>
    <Data><![CDATA[]]></Data>
    <Ementa />
    <Titulo />
    <SubTitulo />
    <Texto><![CDATA[<p> </p><p> O PRESIDENTE DO TRIBUNAL REGIONAL FEDERAL DA 1ª REGIÃO, no uso de suas atribuições legais e regimentais e tendo em vista o constante nos autos do PAe 0026435-82.2017.4.01.8008, resolve:</p><p>CONCEDER APOSENTADORIA ao servidor GERSON APPENZELLER, Analista Judiciário, Área Judiciária, Especialidade Oficial de Justiça Avaliador Federal, Nível Superior, Classe "C", Padrão 13, do Quadro de Pessoal da Justiça Federal de Primeira Instância, Seção Judiciária do Estado de Minas Gerais, Subseção Judiciária de São João Del Rei, com fundamento no art. 3º da EC 47/2005, com as vantagens previstas no art. 15, § 1º, da Lei 9.527/97, art. 62-A da Lei 8.112/90 e art. 16 da Lei 11.416/2006.</p>]]></Texto>
    <Autores>
      <assina>Des. HILTON QUEIROZ</assina>
    </Autores>
  </body>
</article></xml>