<xml><article id="643259" name="ports 2718-2017" idOficio="4587748" pubName="DO2" artType="Portaria" pubDate="01/12/2017" artClass="00011:00053:00001:00000:00000:00000:00000:00000:00000:00000:00025:00001" artSection="Ministério da Educação" artCategory="Instituto Federal de Educação, Ciência e Tecnologia de Alagoas" artSize="8" artNotes="" numberPage="18" pdfPage="http://pesquisa.in.gov.br/imprensa/jsp/visualiza/index.jsp?data=01/12/2017&amp;jornal=529&amp;pagina=18" editionNumber="230">
  <body>
    <Identifica><![CDATA[PORTARIA N 2718, DE 29 DE NOVEMBRO DE 2017]]></Identifica>
    <Data><![CDATA[]]></Data>
    <Ementa />
    <Titulo />
    <SubTitulo />
    <Texto><![CDATA[<p> </p><p> </p><p> O REITOR DO INSTITUTO FEDERAL DE ALAGOAS, no uso das atribuições que lhe conferem os Artigos 11 e 14 da Lei nº 11.892, de 29.12.2008, nomeado pelo Decreto de 22 de abril de 2015, publicado no DOU de 23/04/2015, e tendo em vista o que consta no Processo nº 23041.043572/2017-59, de 23/11/2017 resolve:</p><p>Declarar vago, a partir de 23 de novembro de 2017, o cargo de Engenheiro de Segurança do Trabalho, Reitoria, Classe E, Nível 404, código de vaga nº 828527, anteriormente ocupado por ALEXSANDRO SILVA DE AGUIAR, matrícula SIAPE nº 1993759, em decorrência de posse em outro cargo público inacumulável, conforme dispõe o VIII, do art. 33 da Lei 8.112/1990.</p><p> </p>]]></Texto>
    <Autores>
      <assina>SÉRGIO TEIXEIRA COSTA</assina>
    </Autores>
  </body>
</article></xml>