<xml><article id="644774" name="PORTARIA DE APOSENTADORIA DIA 30" idOficio="4588380" pubName="DO2" artType="Portaria" pubDate="01/12/2017" artClass="00026:00034:00187:00424:00000:00000:00000:00000:00000:00000:00025:00001" artSection="Ministério do Planejamento, Desenvolvimento e Gestão" artCategory="Secretaria de Gestão de Pessoas" artSize="8" artNotes="" numberPage="58" pdfPage="http://pesquisa.in.gov.br/imprensa/jsp/visualiza/index.jsp?data=01/12/2017&amp;jornal=529&amp;pagina=58" editionNumber="230">
  <body>
    <Identifica><![CDATA[Portarias de 30 de novembro de 2017.]]></Identifica>
    <Data><![CDATA[]]></Data>
    <Ementa />
    <Titulo />
    <SubTitulo />
    <Texto><![CDATA[<p> A SUPERINTENDENTE DE ADMINISTRAÇÃO DO MINISTÉRIO DO PLANEJAMENTO, DESENVOLVIMENTO E GESTÃO  NO ESTADO DE RORAIMA, no uso de suas atribuições que lhe conferem a Portaria nº 587, de 23.06.2016, publicada no Diário Oficial da União nº 120, de 24 de junho de 2016, e competência delegada pela Portaria nº 124, de 26 de fevereiro de 2015,  artigo 1º, inciso I, alínea K, publicada no Diário Oficial da União nº 39, de 27.02.2015 do Departamento de Órgãos Extintos, a Diretora de Administração e o Diretor de Planejamento e Gestão da Secretaria-Executiva do Ministério do Planejamento, Desenvolvimento e Gestão, resolve:</p><p>N  3.660 - Conceder Aposentadoria voluntária a servidora Erondina Maria Leão Peres, matrícula SIAPE nº 0713482, ocupante do cargo de Professor do Ensino Básico Técnico Tecnológico , Classe D, Nível 301, do Quadro de Pessoal do ex-Território Federal de Roraima, de acordo com o artigo 6º, da EC nº 41/2003, c/c o § 5º do artigo 40 da Constituição Federal. Processo nº 05502.009228/2017-84.</p><p>N  3.661 - Conceder Aposentadoria voluntária a servidora Alcileny Ferreira de Souza, matrícula SIAPE nº 0709501, ocupante do cargo de Professor do Ensino Básico Ex-Territorio, Classe D, Nível 301, do Quadro de Pessoal do ex-Território Federal de Roraima, de acordo com o artigo 6º, da EC nº 41/2003, c/c o § 5º do artigo 40 da Constituição Federal. Processo nº 05502.009259/2017-35.</p><p>N  3.662- Conceder Aposentadoria voluntária a servidora Rosa Rodrigues, matrícula SIAPE nº 0709364, ocupante do cargo de Agente de Portaria, Classe S, Padrão III-NI, do Quadro de Pessoal do ex-Território Federal de Roraima, de acordo com o artigo 6º, incisos I, II, III e IV da EC nº 41/2003. Processo nº 05502.009368/2017-52.</p><p>N  3.663 - Conceder Aposentadoria voluntária ao servidor José Romão de Pinho, matrícula SIAPE nº 0716848, ocupante do cargo de Auxiliar Operacional de Serviços Diversos, Classe S, Padrão III-NI, do Quadro de Pessoal do ex-Território Federal de Roraima, de acordo com o artigo 6º, incisos I, II, III e IV  da EC nº 41/2003. Processo nº 05502.009258/2017-91.</p><p>N  3.664 - Conceder Aposentadoria voluntária ao servidor Wellington Antonio de Paiva, matrícula SIAPE nº 1036448, ocupante do cargo de Odontólogo, Classe S, Padrão III-NS, do Quadro de Pessoal do ex-Território Federal de Roraima, de acordo com o artigo 6º, incisos I, II, III e IV da EC nº 41/2003. Processo nº 05502.009325/2017-77.</p><p>N.º 3665 - Conceder Aposentadoria voluntária a servidora Vera Lucia da Cruz Pereira, matrícula SIAPE nº 0707950, ocupante do cargo de Administrador, Classe S, Padrão III-NS, do Quadro de Pessoal do ex-Território Federal de Roraima, de acordo com o artigo 6º, incisos I, II, III e IV da EC nº 41/2003. Processo nº 05502.009575/2017-15.</p><p>N  3.666 - Retificar na Portaria nº 227, de 20.02.2008, publicada no DOU de 21.02.2008, matrícula SIAPE  nº 0712576, do servidor Aurino dos Santos Araújo, onde se le: De acordo com a CF/88, artigo 40, §1º, inciso II, com a redação dada pela EMC nº 20/98, c/c o art.3º da EMC nº 41/03, com proventos correspondentes a (17/35)avos. Leia-se: Com base no art.40, § 1º, inciso II da Constituição Federal, com redação dada pela EC nº 20/98, com proventos proporcionais ao tempo de contribuição. Processo nº 16419.003915/2007-80.</p><p>N  3.667 - Retificar na Portaria nº 958, de 30.06.1999, publicada no DOU de 14.07.1999, matrícula SIAPE nº 0709614, da servidora Izanete Mendes de Almeida, onde se lê: Artigo 186, inciso III, alínea "a" da Lei nº 8.112/90. Leia-se: Com base no art.40, inciso III, alínea "a" da Constituição Federal de 1988 na sua redação original, c/c o art.3º da EC nº 20/98. Processo nº 28850.011086/98-28.</p>]]></Texto>
    <Autores>
      <assina>MARIA KATIA CABRAL DA SILVA</assina>
    </Autores>
  </body>
</article></xml>