<xml><article id="643451" name="2017_11_27_Publicação_2017_12_01" idOficio="4587852" pubName="DO2" artType="Portaria" pubDate="01/12/2017" artClass="00011:00136:00001:00000:00000:00000:00000:00000:00000:00000:00025:00001" artSection="Ministério da Educação" artCategory="Universidade Federal de São Paulo" artSize="8" artNotes="" numberPage="27-32" pdfPage="http://pesquisa.in.gov.br/imprensa/jsp/visualiza/index.jsp?data=01/12/2017&amp;jornal=529&amp;pagina=27,http://pesquisa.in.gov.br/imprensa/jsp/visualiza/index.jsp?data=01/12/2017&amp;jornal=529&amp;pagina=32" editionNumber="230">
  <body>
    <Identifica><![CDATA[PORTARIAS DE 27 DE NOVEMBRO DE 2017]]></Identifica>
    <Data><![CDATA[]]></Data>
    <Ementa />
    <Titulo />
    <SubTitulo />
    <Texto><![CDATA[<p> </p><p> A Reitora da Universidade Federal de São Paulo, no uso de suas atribuições legais e estatutárias, resolve: </p><p>Nº 4.639 - Conceder o afastamento do país a LUIZ EDUARDO COELHO ANDRADE, Professor Associado e Médico do Departamento de Medicina do Campus São Paulo, no período de 30.11.2017 a 03.12.2017, para participar no "IUIS 66th Council Meeting", na Tunísia, com ônus limitado (Processo nº 23089.036383/2017-83). </p><p>Nº 4.640 - Conceder o afastamento do país a CYNTHIA ANDERSEN SARTI, Professor Titular do Campus Guarulhos, no período de 04.12.2017 a 07.12.2017, para participar na "XII Reunión de Antropología del Mercosur - RAM 2017", na Argentina, com ônus limitado (Processo nº 23089.015625/2017-03). </p><p>Nº 4.641 - Conceder o afastamento do país a CRISTIANO FELDENS SCHWERTNER, Professor Adjunto do Campus Diadema, no período de 04.12.2017 a 10.12.2017, para participar no "III Workshop Sudamericano de Heteroptera", na Colômbia, com ônus limitado (Processo nº 23089.020707/2017-61). </p><p>Nº 4.642 - Conceder o afastamento do país a JOSE LUIZ GOMES DO AMARAL, Professor Titular do Departamento de Cirurgia do Campus São Paulo, no período de 06.12.2017 a 10.12.2017, para participar no Congresso Internacional "Lusofonia e Francofonia: Duas potências Mundiais", na França, com ônus limitado (Processo nº 23089.036267/2017-64).</p>]]></Texto>
    <Autores>
      <assina>SORAYA SOUBHI SMAILI</assina>
    </Autores>
  </body>
</article></xml>