<xml><article id="650882" name="Extrato Concurso Publico 03" idOficio="4588032" pubName="DO2" artType="Portaria" pubDate="04/12/2017" artClass="00038:00446:00000:00000:00000:00000:00000:00000:00000:00000:00025:00001" artSection="Entidades de Fiscalização do Exercício das Profissões Liberais" artCategory="Conselho Regional de Química da 5ª Região" artSize="8" artNotes="" numberPage="69" pdfPage="http://pesquisa.in.gov.br/imprensa/jsp/visualiza/index.jsp?data=04/12/2017&amp;jornal=529&amp;pagina=69" editionNumber="231">
  <body>
    <Identifica><![CDATA[PORTARIA nº 22, de 30 de novembro de 2017]]></Identifica>
    <Data><![CDATA[]]></Data>
    <Ementa />
    <Titulo />
    <SubTitulo />
    <Texto><![CDATA[<p> </p><p> O PRESIDENTE DO CONSELHO REGIONAL DE QUÍMICA DA 5ª REGIÃO, usando das atribuições que lhe confere a Lei Federal n.º 2800 de 18/06/1956 e o Regimento Interno, e de acordo com o Edital nº 06/2017- Homologação Final e em conformidade com o Edital de Abertura nº 01/2017 e suas alterações, referente ao concurso público nº01/2017, Estabelece:</p><p>1 - Fica nomeada Deisi Silveira Delgado para assumir o cargo de Auxiliar Administrativo - 2.</p><p>2 - Fica nomeado Vinícius Dalla Lana Moreira para assumir o cargo de Auxiliar Administrativo - 3.</p><p>3 - Fica nomeado Carlos Alexandre Avila Cruz Neto para assumir o cargo de Auxiliar Administrativo - 3.</p><p>4 - Fica nomeada Carolina Rossato Crasoves para assumir o cargo de Auxiliar Administrativo - 3.</p><p>5 - Fica nomeado Cesar Augusto de Quadros Longhi para assumir o cargo de Auxiliar Administrativo - 3.</p><p>Todos os cargos previstos na Portaria n.º 003/2016 - GAB-PRES.</p><p> </p><p> </p>]]></Texto>
    <Autores>
      <assina>Paulo Roberto Bello Fallavena</assina>
    </Autores>
  </body>
</article></xml>