<xml><article id="643277" name="DESPACHO - Marcos" idOficio="4587763" pubName="DO2" artType="Despacho" pubDate="01/12/2017" artClass="00006:00012:00000:00000:00000:00000:00000:00000:00000:00000:00019:0002" artSection="Presidência da República" artCategory="Advocacia-Geral da União" artSize="8" artNotes="" numberPage="3" pdfPage="http://pesquisa.in.gov.br/imprensa/jsp/visualiza/index.jsp?data=01/12/2017&amp;jornal=529&amp;pagina=3" editionNumber="230">
  <body>
    <Identifica><![CDATA[DESPACHOS DA ADVOGADA-GERAL DA UNIÃO]]></Identifica>
    <Data><![CDATA[]]></Data>
    <Ementa />
    <Titulo />
    <SubTitulo><![CDATA[Em 29 de novembro de 2017]]></SubTitulo>
    <Texto><![CDATA[<p> REFERÊNCIA: Processo nº 00426.044719/2017-16. Afastamento do país, em razão de gozo de licença capacitação, do Procurador Federal MARCOS JOSÉ DE JESUS, matrícula Siape nº 1553197, lotado e em exercício na Procuradoria Federal no Estado do Espírito Santo, para realizar curso de Língua Inglesa, promovido pelo <em>Kaplan International Colleges</em>, em <em>Miami</em>, EUA, no período de 04 de dezembro de 2017 a 02 de março de 2018, com ônus limitado para a Advocacia-Geral da União. Autorizo. </p>]]></Texto>
    <Autores />
  </body>
</article></xml>