<xml><article id="643886" name="PORT DGP-DCIPAS - 2017 - Nº 239 " idOficio="4588001" pubName="DO2" artType="Portaria" pubDate="01/12/2017" artClass="00010:00008:00024:00000:00000:00000:00000:00000:00000:00000:00025:00004" artSection="Ministério da Defesa" artCategory="Comando do Exército" artSize="8" artNotes="" numberPage="11" pdfPage="http://pesquisa.in.gov.br/imprensa/jsp/visualiza/index.jsp?data=01/12/2017&amp;jornal=529&amp;pagina=11" editionNumber="230">
  <body>
    <Identifica><![CDATA[PORTARIA Nº 239-DGP/DCIPAS, DE 8 DE NOVEMBRO DE 2017]]></Identifica>
    <Data><![CDATA[]]></Data>
    <Ementa />
    <Titulo />
    <SubTitulo />
    <Texto><![CDATA[<p> O CHEFE DO DEPARTAMENTO-GERAL DO PESSOAL, no uso da competência que lhe foi conferida pela Portaria nº 218-Comandante Exército, de 20 de março de 2017, resolve</p><p>NOMEAR, por proposta do Chefe do Departamento de Ciência e Tecnologia, o Capitão da Reserva Remunerada (Idt 042090403-9) ÁLVARO JOSÉ BOARETO MENDES, Prec-CP: 96 1758747, no Instituto Militar de Engenharia (RIO DE JANEIRO-RJ), para Prestador de Tarefa por Tempo Certo, para exercer a tarefa de ministrar aulas na graduação e pós-graduação da Seção de Engenharia Química, coordenar atividades de pesquisa no Laboratório de Processos Biotecnológicos e orientar dissertações de mestrado e teses de doutorado, pelo prazo de 24 (vinte e quatro) meses, a contar de 1º de agosto de 2017.</p><p> </p>]]></Texto>
    <Autores>
      <assina>Gen Ex MANOEL LUIZ NARVAZ PAFIADACHE</assina>
    </Autores>
  </body>
</article></xml>