<xml><article id="643766" name="RETIFICA AFASTAMENTO DO PAÍS DE " idOficio="4587962" pubName="DO2" artType="Retificação" pubDate="01/12/2017" artClass="00030:00001:00000:00000:00000:00000:00000:00000:00000:00000:00032:00001" artSection="Ministério dos Direitos Humanos" artCategory="Gabinete da Ministra" artSize="8" artNotes="" numberPage="60" pdfPage="http://pesquisa.in.gov.br/imprensa/jsp/visualiza/index.jsp?data=01/12/2017&amp;jornal=529&amp;pagina=60" editionNumber="230">
  <body>
    <Identifica><![CDATA[RETIFICAÇÃO]]></Identifica>
    <Data><![CDATA[]]></Data>
    <Ementa />
    <Titulo />
    <SubTitulo />
    <Texto><![CDATA[<p> </p><p> No Despacho da Ministra, de 30 de novembro de 2017, publicado no Diário Oficial da União nº 229, Seção 2, página 73, referente ao afastamento do país de Victor Chaves Quilici, onde se lê: "com ônus limitado", leia-se: "com ônus". (Processo: 00135.202290/2017-55).</p>]]></Texto>
    <Autores />
  </body>
</article></xml>