<xml><article id="645170" name="ATO PORTARIA Nº 685" idOficio="4588536" pubName="DO2" artType="Portaria" pubDate="01/12/2017" artClass="00009:00002:00000:00000:00000:00000:00000:00000:00000:00000:00000:00005" artSection="Ministério da Cultura" artCategory="Secretaria Executiva" artSize="8" artNotes="" numberPage="6" pdfPage="http://pesquisa.in.gov.br/imprensa/jsp/visualiza/index.jsp?data=01/12/2017&amp;jornal=529&amp;pagina=6" editionNumber="230">
  <body>
    <Identifica><![CDATA[PORTARIA N 685, DE 29 DE NOVEMBRO DE 2017]]></Identifica>
    <Data><![CDATA[]]></Data>
    <Ementa />
    <Titulo />
    <SubTitulo />
    <Texto><![CDATA[<p>  </p><p> A SECRETÁRIA-EXECUTIVA DO MINISTÉRIO DA CULTURA, no uso da competência que lhe foi delegada pela Portaria MinC nº 300, de 10 de outubro de 2016, e tendo em vista o Decreto nº 8.837, de 17 de agosto de 2016, resolve:</p><p>Designar RAQUEL MARIA DE CARVALHO LOUREIRO, para exercer o encargo de substituta eventual do cargo de Coordenador, UORG 946, código DAS 101.3, da Coordenação-Geral de Sistema Nacional de Bibliotecas Públicas, do Departamento de Livro, Leitura, Literatura e Bibliotecas, da Secretaria da Cidadania e da Diversidade Cultural, no período de 02 a 12 de janeiro de 2018.</p>]]></Texto>
    <Autores>
      <assina>MARIANA RIBAS DA SILVA</assina>
    </Autores>
  </body>
</article></xml>