<xml><article id="645062" name="14-Redistibuição de cargo ocupad" idOficio="4588477" pubName="DO2" artType="Portaria" pubDate="01/12/2017" artClass="00037:00053:00001:00001:00003:00000:00000:00000:00000:00000:00025:00001" artSection="Poder Judiciário" artCategory="Tribunal Regional do Trabalho da 14ª Região" artSize="8" artNotes="" numberPage="80" pdfPage="http://pesquisa.in.gov.br/imprensa/jsp/visualiza/index.jsp?data=01/12/2017&amp;jornal=529&amp;pagina=80" editionNumber="230">
  <body>
    <Identifica><![CDATA[Portaria n 2.419, de 29 de novembro de 2017]]></Identifica>
    <Data><![CDATA[]]></Data>
    <Ementa />
    <Titulo />
    <SubTitulo />
    <Texto><![CDATA[<p> O PRESIDENTE DO TRIBUNAL REGIONAL DO TRABALHO DA 14ª REGIÃO, no uso de suas atribuições legais,</p><p>CONSIDERANDO os termos contidos na Resolução Administrativa n. 084, de 31-10-2017, por meio da qual foi deferida a redistribuição do cargo de Técnico Judiciário - Área Administrativa, do Quadro de Pessoal deste TRT da 14ª Região, ocupado pelo servidor Caio Rômulo Diniz Saldanha, em reciprocidade, com o recebimento do cargo de idêntica natureza, ocupado pelo servidor Remi Amorim Ferreira, pertencente ao Quadro de Pessoal do Tribunal Regional do Trabalho da 8ª Região; CONSIDERANDO o que consta nos autos do Proad n. 21376/2017; CONSIDERANDO o Ofício/TRT-8ª/PRESI/COAPP n. 146, de 20-11-2017, que encaminhou cópia do Ato PRESI n. 616/2017, referente à redistribuição do cargo de Técnico Judiciário, Área Administrativa, pertence ao quadro de pessoal permanente do Tribunal Regional do Trabalho da 8ª Região, ocupado pelo servidor Remi Amorim Ferreira, em reciprocidade com o cargo de Técnico Judiciário, Área Administrativa, pertencente ao quadro de pessoal permanente deste Tribunal, ocupado pelo servidor Caio Rômulo Diniz Saldanha, bem como informa estar de acordo com a data de 1º-12-2017 para publicação concomitante no Diário Oficial da União dos atos de redistribuição, resolve:</p><p>REDISTRIBUIR o cargo de Técnico Judiciário - Área Administrativa do Quadro de Pessoal Permanente deste Regional ocupado pelo servidor CAIO RÔMULO DINIZ SALDANHA, em reciprocidade com um cargo de Técnico Judiciário - Área Administrativa ocupado pelo servidor REMI AMORIM FERREIRA, pertencente ao Quadro de Pessoal do Tribunal Regional do Trabalho da 8ª Região, com base no disposto no art. 37 da Lei nº 8.112/90, bem ainda nos termos da Resolução CNJ n. 146/2012, que regulamenta o instituto no âmbito do Poder Judiciário da União, com efeitos a partir da data da publicação.</p><p> </p><p> </p>]]></Texto>
    <Autores>
      <assina>Des. SHIKOU SADAHIRO</assina>
    </Autores>
  </body>
</article></xml>