<xml><article id="643985" name="REITORIA 332.2017" idOficio="4587910" pubName="DO2" artType="Portaria" pubDate="01/12/2017" artClass="00011:00110:00001:00000:00000:00000:00000:00000:00000:00000:00025:00001" artSection="Ministério da Educação" artCategory="Universidade Federal do Espírito Santo" artSize="8" artNotes="" numberPage="26" pdfPage="http://pesquisa.in.gov.br/imprensa/jsp/visualiza/index.jsp?data=01/12/2017&amp;jornal=529&amp;pagina=26" editionNumber="230">
  <body>
    <Identifica><![CDATA[PORTARIAS DE 30 DE NOVEMBRO DE 2017]]></Identifica>
    <Data><![CDATA[]]></Data>
    <Ementa />
    <Titulo />
    <SubTitulo />
    <Texto><![CDATA[<p> O Reitor da Universidade Federal do Espírito Santo, usando de suas atribuições legais e estatutárias, resolve:</p><p>Nº 2.319 - Conceder aposentadoria voluntária a ELTON DE MOURA JUNIOR, SIAPE 6298217, Analista de Tecnologia da Informação, E-II, Padrão de Vencimento 16, na forma do artigo 3º da Emenda Constitucional nº 47/05, com proventos integrais, acrescidos de 17% (dezessete por cento) de adicional por tempo de serviço.</p><p>Cessar os efeitos dos atos vinculados ao exercício do cargo. (Processo nº 23068.021180/2017-31).</p><p>Nº 2.320 - Conceder aposentadoria voluntária a CARLOS ALBERTO PARAISO AGUIAR, SIAPE 296283, Auxiliar em Administração, C-III, Padrão de Vencimento 16, na forma do artigo 3º da Emenda Constitucional nº 47/05, com proventos integrais, acrescidos de 17% (dezessete por cento) de adicional por tempo de serviço.</p><p>Cessar os efeitos dos atos vinculados ao exercício do cargo. (Processo nº 23068.020877/2017-94).</p><p>Nº 2.321 - Conceder aposentadoria voluntária a ANGELA MARIA GRANDO BEZERRA, SIAPE 295474, Professor do Magistério Superior, com doutorado, DE, na forma do artigo 3º da Emenda Constitucional nº 47/05, com proventos integrais, acrescidos de 22% (vinte e dois por cento) de adicional por tempo de serviço.</p><p>Cessar os efeitos dos atos vinculados ao exercício do cargo. (Processo nº 23068.021859/2017-20).</p><p>Nº 2.322 - Conceder aposentadoria voluntária a LENIR CARDOSO PORFIRIO, SIAPE 1144754, Professor do Magistério Superior, com doutorado, DE, na forma do artigo 40, §1º, inciso III, alínea "a" da Constituição Federal, com redação dada pela Emenda Constitucional nº 41/03, com proventos proporcionais a 18/30 (dezoito trinta avos), observando-se a média aritmética prevista no artigo 1º, §1º da Lei nº 10.887/04.</p><p>Cessar os efeitos dos atos vinculados ao exercício do cargo. (Processo nº 23068.022045/2017-11).</p><p>Nº 2.323 - Conceder aposentadoria voluntária a SERGIO ALEXANDRE HATAB, SIAPE 295130, Professor do Magistério Superior, com mestrado, 40 (quarenta) horas, na forma do artigo 3º da Emenda Constitucional nº 47/05, com proventos integrais, acrescidos de 21% (vinte e um por cento) de adicional por tempo de serviço.</p><p>Cessar os efeitos dos atos vinculados ao exercício do cargo. (Processo nº 23068.022058/2017-81).</p><p>Nº 2.2324 - Conceder aposentadoria voluntária a VANIA REGINA DA CONCEICAO GREGORIO, SIAPE 41525, Técnico em Assuntos Educacionais, E-IV, Padrão de Vencimento 16, na forma do artigo 3º da Emenda Constitucional nº 47/05, com proventos integrais, acrescidos de 13% (treze por cento) de adicional por tempo de serviço e da Vantagem Pessoal Nominalmente Identificada - VPNI de 4/5 (quatro quintos) de DAS-101.1 e de 1/5 (um quinto) de DAS-101.3 de acordo com a Lei nº 8.911/94.</p><p>Cessar os efeitos dos atos vinculados ao exercício do cargo. (Processo nº 23068.022035/2017-77).</p><p>Nº 2.325 - Conceder aposentadoria voluntária a LUIS CLAUDIUS CORADINE, SIAPE 297142, Professor do Magistério Superior, com doutorado, DE, na forma do artigo 3º da Emenda Constitucional nº 47/05, com proventos integrais, acrescidos de 16% (dezesseis por cento) de adicional por tempo de serviço.</p><p>Cessar os efeitos dos atos vinculados ao exercício do cargo. (Processo nº 23068.022000/2017-38).</p><p>Nº 2.326 - Conceder aposentadoria voluntária a ORIOVALDO BERALDI XAVIER, SIAPE 295306, Professor do Magistério Superior, com especialização, 40 (quarenta) horas, na forma do artigo 3º da Emenda Constitucional nº 47/05, com proventos integrais, acrescidos de 16% (dezesseis por cento) de adicional por tempo de serviço e da Vantagem Pessoal Nominalmente Identificada - VPNI de 4/5 (quatro quintos) de CD-04 de acordo com a Lei nº 8.911/94.</p><p>Cessar os efeitos dos atos vinculados ao exercício do cargo. (Processo nº 23068.021897/2017-82).</p>]]></Texto>
    <Autores>
      <assina>Reinaldo Centoducatte</assina>
    </Autores>
  </body>
</article></xml>