<xml><article id="643253" name="DANIEL CARNEIRO MACHADO - altera" idOficio="4587746" pubName="DO2" artType="Ato" pubDate="01/12/2017" artClass="00037:00007:00001:00000:00000:00000:00000:00000:00000:00000:00001:00010" artSection="Poder Judiciário" artCategory="Tribunal Regional Federal da 1ª Região" artSize="8" artNotes="" numberPage="72" pdfPage="http://pesquisa.in.gov.br/imprensa/jsp/visualiza/index.jsp?data=01/12/2017&amp;jornal=529&amp;pagina=72" editionNumber="230">
  <body>
    <Identifica><![CDATA[ATO n 1.095, DE 29 DE NOVEMBRO DE 2017]]></Identifica>
    <Data><![CDATA[]]></Data>
    <Ementa />
    <Titulo />
    <SubTitulo />
    <Texto><![CDATA[<p> </p><p> O PRESIDENTE DO TRIBUNAL REGIONAL FEDERAL DA 1ª REGIÃO, no uso de suas atribuições legais e regimentais e tendo em vista o decidido no PAe 0028507-42.2017.4.01.8008, resolve:</p><p>ALTERAR, em parte, o art. 3º da Resolução Presi 48, de 25/10/2016, para que o auxílio do Juiz Federal Substituto DANIEL CARNEIRO MACHADO à 3ª Turma Recursal da Seção Judiciária de Minas Gerais ocorra, a partir da publicação, sem prejuízo da sua jurisdição na 21ª Vara Federal daquela Seccional.</p>]]></Texto>
    <Autores>
      <assina>Des. HILTON QUEIROZ</assina>
    </Autores>
  </body>
</article></xml>