<xml><article id="643373" name="CGGPPORT Nº 255E 256__091023" idOficio="4587822" pubName="DO2" artType="Portaria" pubDate="01/12/2017" artClass="00011:00002:00016:00025:00000:00000:00000:00000:00000:00000:00025:00001" artSection="Ministério da Educação" artCategory="Secretaria Executiva" artSize="8" artNotes="" numberPage="14" pdfPage="http://pesquisa.in.gov.br/imprensa/jsp/visualiza/index.jsp?data=01/12/2017&amp;jornal=529&amp;pagina=14" editionNumber="230">
  <body>
    <Identifica><![CDATA[PORTARIA N 255, DE 28 DE NOVEMBRO DE 2017]]></Identifica>
    <Data><![CDATA[]]></Data>
    <Ementa />
    <Titulo />
    <SubTitulo />
    <Texto><![CDATA[<p> </p><p> </p><p> A COORDENADORA-GERAL DE GESTÃO DE PESSOAS DA SUBSECRETARIA DE ASSUNTOS ADMINISTRATIVOS DO MINISTÉRIO DA EDUCAÇÃO, usando da competência que lhe foi subdelegada pela Portaria nº 96, de 30 de abril de 2003, publicada no Diário Oficial de 02 de maio de 2003, e tendo em vista o que consta do processo nº 23000.043421/2017-87, resolve:</p><p>Conceder aposentadoria à servidora BEATRIZ SZABÓ, matrícula nº 0040887, ocupante do cargo de Agente Administrativo, classe S, padrão III, do Quadro de Pessoal deste Ministério, fundamentada no artigo 3º da Emenda Constitucional nº 47/2005, acrescida da vantagem do artigo 62-A da Lei nº 8.112/1990.</p><p> </p><p> A COORDENADORA-GERAL DE GESTÃO DE PESSOAS DA SUBSECRETARIA DE ASSUNTOS ADMINISTRATIVOS DO MINISTÉRIO DA EDUCAÇÃO, usando da competência que lhe foi subdelegada pela Portaria nº 96, de 30 de abril de 2003, publicada no Diário Oficial de 02 de maio de 2003, e tendo em vista o que consta do processo nº 23000.041333/2017-41, resolve:</p><p>Aposentar por invalidez permanente o servidor JOSÉ LUIZ MAZZARO, matrícula nº 6045848, ocupante do cargo de Técnico em Assuntos Educacionais, classe S, padrão III, do Quadro de Pessoal deste Ministério, fundamentada no artigo 40, § 1º, inciso I, da Constituição da República Federativa do Brasil, com redação dada pela Emenda Constitucional nº 41/2003, em seu artigo 6º-A, observado a Emenda Constitucional nº 70/2012, acrescida da vantagem do artigo 62-A da Lei nº 8.112/1990.</p><p> </p>]]></Texto>
    <Autores>
      <assina>MARIEDEN MARTINS TOSTA</assina>
      <assina>MARIEDEN MARTINS TOSTA</assina>
    </Autores>
  </body>
</article></xml>