<xml><article id="643904" name="PORTARIA DE CANCELAMENTO DE PENS" idOficio="4588008" pubName="DO2" artType="Portaria" pubDate="01/12/2017" artClass="00017:00021:00035:00000:00000:00000:00000:00000:00000:00000:00025:00001" artSection="Ministério da Saúde" artCategory="Fundação Nacional de Saúde" artSize="8" artNotes="" numberPage="45" pdfPage="http://pesquisa.in.gov.br/imprensa/jsp/visualiza/index.jsp?data=01/12/2017&amp;jornal=529&amp;pagina=45" editionNumber="230">
  <body>
    <Identifica><![CDATA[PORTARIAs DE 29 DE NOVEMBRO DE 2017]]></Identifica>
    <Data><![CDATA[]]></Data>
    <Ementa />
    <Titulo />
    <SubTitulo />
    <Texto><![CDATA[<p> A SUBSTITUTA EVENTUAL DO SUPERINTENDENTE ESTADUAL DA FUNDAÇÃO NACIONAL DE SAÚDE no Estado do RIO GRANDE DO NORTE, nomeada pela Portaria nº 214 de 06.01.2013, publicada no DOU de 08.02.2013, no uso das atribuições que lhe confere o Art. 13 do Estatuto da Fundação Nacional de Saúde, aprovado pelo Decreto nº 8.867 de 03.10.2016, publicado no DOU de 04.10.2016, tendo em vista o que consta no Processo nº 25255.001.384/2017-73, resolve:</p><p>Nº 373 - Art.1º - CANCELAR a pensão temporária concedida a CLEONICE FÉLIX DA SILVA, matrícula SIAPE nº 099066, beneficiária do instituidor SEBASTIÃO FÉLIX DA SILVA, matrícula SIAPE nº 521235 com base no parágrafo único do Art. 5º da Lei nº 3.373/58 combinada com a Lei nº 6782/80, por motivo de percepção de outra fonte de rendimentos, considerando os termos do Acórdão nº 2.780/2016 - TCU - Plenário, e o disposto nos Arts. 8º, inciso IV e 9º, § 1º da ON/SEGEP nº 13/2013.</p><p>Art.2º-Esta Portaria entra em vigor na data de sua publicação. </p>]]></Texto>
    <Autores />
  </body>
</article></xml>