<xml><article id="658227" name="PORTARIA 292-EXONERAR ADRIANA AL" idOficio="4587774" pubName="DO2" artType="Portaria" pubDate="05/12/2017" artClass="00038:00183:00000:00000:00000:00000:00000:00000:00000:00000:00025:00005" artSection="Entidades de Fiscalização do Exercício das Profissões Liberais" artCategory="Conselho Regional de Educação Física da 12ª Região" artSize="8" artNotes="" numberPage="55" pdfPage="http://pesquisa.in.gov.br/imprensa/jsp/visualiza/index.jsp?data=05/12/2017&amp;jornal=529&amp;pagina=55" editionNumber="232">
  <body>
    <Identifica><![CDATA[PORTARIA Nº 292, de 28 DE ABRIL DE 2017]]></Identifica>
    <Data><![CDATA[]]></Data>
    <Ementa />
    <Titulo />
    <SubTitulo />
    <Texto><![CDATA[<p> A Presidente, no uso de suas atribuições que são conferidas pela Lei 9.696/1998, e por seu Estatuto, resolve: </p><p>Exonerar, por este ato, do cargo de Gerente Administrativo, Adriana Oliveira Lopes, portadora do RG n° 1.222.732 SSP/AL e inscrita no CPF sob o n° 956.518.704-82, a partir de 28 de abril de 2017. A presente Portaria retroage seus efeitos a partir de 28 de abril de 2017.</p>]]></Texto>
    <Autores>
      <assina>Nadja Regueira Harrop</assina>
    </Autores>
  </body>
</article></xml>