<xml><article id="643943" name="Edital 10_2017 Supensão" idOficio="4588016" pubName="DO2" artType="Edital" pubDate="01/12/2017" artClass="00099:00017:00002:00035:00000:00000:00000:00000:00000:00000:00000:00021:00001" artSection="Editais e Avisos" artCategory="Editais e Avisos" artSize="8" artNotes="" numberPage="83" pdfPage="http://pesquisa.in.gov.br/imprensa/jsp/visualiza/index.jsp?data=01/12/2017&amp;jornal=529&amp;pagina=83" editionNumber="230">
  <body>
    <Identifica><![CDATA[EDITAL Nº 10, de 13 DE NOVEMBRO DE 2017SUSPENSÃO DE PAGAMENTO]]></Identifica>
    <Data><![CDATA[]]></Data>
    <Ementa />
    <Titulo />
    <SubTitulo />
    <Texto><![CDATA[<p> </p><p> O CHEFE DA DIVISÃO DE GESTÃO ADMINISTRATIVA DO NÚCLEO ESTADUAL DO MINISTÉRIO DA SAÚDE EM SÃO PAULO - no uso da atribuição conferida pela Portaria SE/SAA/MS nº 1.804/2013, publicada no DOU nº 192 de 03/10/2013, em conformidade com as disposições estabelecidas pelo Decreto nº 7.862/2012, de 08 de dezembro de 2012, Portaria nº 08 - GM/MP, de 07 de janeiro de 2013, e pela Orientação Normativa nº 1 - SEGEP/MP, de 10 de janeiro de 2013, resolve: 1. Tornar pública a suspensão de pagamento dos aposentados e pensionistas, aniversariantes do mês de JULHO de 2017, UPAG-SP que não atenderam à convocação e notificação para realizar o recadastramento anual, conforme estabelecido no inciso "a" do artigo 11 da Orientação Normativa nº 01 - SEGEP/MP, de 10 de janeiro de 2013:</p><p> </p><table><tr /><tr><td><p>Nome</p></td><td><p>CPF</p></td><td><p>Matricula</p></td><td><p>Tipo/Benefício</p></td></tr><tr><td><p>Ângelo do Carmo Silva Matthes</p></td><td><p>498.586.028-04</p></td><td><p>603397</p></td><td><p>Aposentado</p></td></tr><tr><td><p>Assisele Vasconcelos de Oliveira</p></td><td><p>038.197.288-72</p></td><td><p>589126</p></td><td><p>Aposentada</p></td></tr><tr><td><p>Assisele Vasconcelos de Oliveira</p></td><td><p>038.197.288-72</p></td><td><p>6589126</p></td><td><p>Aposentada</p></td></tr><tr><td><p>Cecília Arantes Correia de Oliveira</p></td><td><p>028.897.068-34</p></td><td><p>589075</p></td><td><p>Aposentada</p></td></tr><tr><td><p>Celso Haick</p></td><td><p>913.455.028-34</p></td><td><p>595116</p></td><td><p>Aposentado</p></td></tr><tr><td><p>Claudia Toshie Takahashi</p></td><td><p>165.187.988-58</p></td><td><p>1142569</p></td><td><p>Pensionista</p></td></tr><tr><td><p>Genha Migdal</p></td><td><p>039.317.498-00</p></td><td><p>4745302</p></td><td><p>Pensionista</p></td></tr><tr><td><p>Helena Indau Franca</p></td><td><p>546.153.058-34</p></td><td><p>600782</p></td><td><p>Aposentada</p></td></tr><tr><td><p>Helena Maria de Lima</p></td><td><p>574.203.358-34</p></td><td><p>594265</p></td><td><p>Aposentada</p></td></tr><tr><td><p>Helena Turon Balbino</p></td><td><p>051.695.578-09</p></td><td><p>5960614</p></td><td><p>Pensionista</p></td></tr><tr><td><p>Ivete Sampaio de Freitas</p></td><td><p>784.369.158-87</p></td><td><p>1169564</p></td><td><p>Pensionista</p></td></tr><tr><td><p>Lea Beltrão de Medeiros Speranzini</p></td><td><p>150.198.886-72</p></td><td><p>601661</p></td><td><p>Aposentada</p></td></tr><tr><td><p>Lutécia Accioli</p></td><td><p>733.540.318-91</p></td><td><p>594798</p></td><td><p>Aposentada</p></td></tr><tr><td><p>Luzia Souza de Oliveira</p></td><td><p>776.072.605-87</p></td><td><p>3196143</p></td><td><p>Pensionista</p></td></tr><tr><td><p>Manoel Gilberto Dommarco</p></td><td><p>040.219.908-10</p></td><td><p>594541</p></td><td><p>Aposentado</p></td></tr><tr><td><p>Manoel José de Paula</p></td><td><p>163.184.638-87</p></td><td><p>592788</p></td><td><p>Aposentado</p></td></tr><tr><td><p>Margarida dos Santos  Souza</p></td><td><p>040.584.178-70</p></td><td><p>597149</p></td><td><p>Aposentada</p></td></tr><tr><td><p>Maria aparecida Leite</p></td><td><p>598.195.888-04</p></td><td><p>598324</p></td><td><p>Aposentada</p></td></tr><tr><td><p>Orelita Dias Baptista</p></td><td><p>119.953.528-10</p></td><td><p>5786606</p></td><td><p>Pensionista</p></td></tr><tr><td><p>Oscar Pereira de Araujo Filho</p></td><td><p>153.352.788-11</p></td><td><p>3625338</p></td><td><p>Pensionista</p></td></tr><tr><td><p>Paulo Pereira Leite</p></td><td><p>008.496.858-34</p></td><td><p>589944</p></td><td><p>Aposentado</p></td></tr><tr><td><p>Paulo Ramires Sant Anna Filho</p></td><td><p>830.143.498-87</p></td><td><p>595317</p></td><td><p>Aposentado</p></td></tr><tr><td><p>Paulo Roberto Pierre Motta</p></td><td><p>186.844.328-00</p></td><td><p>601546</p></td><td><p>Aposentado</p></td></tr><tr><td><p>Thereza Apparecida Sposato</p></td><td><p>480.251.948-68</p></td><td><p>1405241</p></td><td><p>Pensionista</p></td></tr><tr><td><p>Therezinha Apparecida Estaphoque</p></td><td><p>005.993.198-10</p></td><td><p>596107</p></td><td><p>Aposentada</p></td></tr><tr><td><p>Therezinha Clara Marchesan Libutti</p></td><td><p>006.325.768-80</p></td><td><p>589885</p></td><td><p>Aposentada</p></td></tr><tr><td><p>Tupanema da Gloria Bello Madrid</p></td><td><p>027.676.788-87</p></td><td><p>5509904</p></td><td><p>Pensionista</p></td></tr><tr><td><p>Zeferino Carlos Solera</p></td><td><p>816.682.878-20</p></td><td><p>593914</p></td><td><p>Aposentado</p></td></tr></table><p>2. A suspensão do pagamento do provento e/ou benefício de pensão será efetivada na folha de pagamento do mês de novembro de 2017.</p><p>3. O restabelecimento do pagamento do provento e/ou da pensão fica condicionado ao recadastramento mediante comparecimento pessoal dos interessados na área de gestão de pessoas no Ministério da Saúde, sito a Av. Nove de Julho, 611 - 8º andar - Bela Vista - São Paulo - SP, munido da documentação estabelecida nos art. 5º e 6º da ON nº 1/2013-SEGEP/MP. </p><p>3.1. O crédito do(s) pagamento(s) restabelecido(s) será (ao) efetivado(s) na primeira folha de pagamento disponível para inclusão.</p><p>4. Na hipótese de impossibilidade de comparecer por motivo de moléstia grave e/ou de incapacidade de locomoção, do aposentado e/ou pensionista, deverá solicitar agendamento de visita técnica, para fins de regularização do benefício, por meio do telefone (11) 3291-8871,  será realizada a visita técnica, observado o disposto no item 3.1 do presente Edital.</p>]]></Texto>
    <Autores>
      <assina>Ronaldo Raymundo</assina>
    </Autores>
  </body>
</article></xml>