<xml><article id="644303" name="Portaria Nº 1059-2017 Rescisão -" idOficio="4588201" pubName="DO2" artType="Portaria" pubDate="01/12/2017" artClass="00011:00127:00001:00001:00000:00000:00000:00000:00000:00000:00025:00001" artSection="Ministério da Educação" artCategory="Universidade Federal do Recôncavo da Bahia" artSize="8" artNotes="" numberPage="29" pdfPage="http://pesquisa.in.gov.br/imprensa/jsp/visualiza/index.jsp?data=01/12/2017&amp;jornal=529&amp;pagina=29" editionNumber="230">
  <body>
    <Identifica><![CDATA[PORTARIA Nº 1.059, DE 28 DE NOVEMBRO DE 2017]]></Identifica>
    <Data><![CDATA[]]></Data>
    <Ementa />
    <Titulo />
    <SubTitulo />
    <Texto><![CDATA[<p> O REITOR DA UNIVERSIDADE FEDERAL DO RECÔNCAVO DA BAHIA, no uso de suas atribuições legais e estatutárias, com fundamento no inciso II do art. 12 da Lei n° 8.745, de 09/12/1993, resolve:</p><p>Rescindir, a pedido, a partir de 16 de novembro de 2017, o Contrato Temporário de Trabalho nº 06/2017 de DANÍVIO BATISTA CARVALHO DE VASCONCELLOS, Matrícula SIAPE n° 2361885, na condição de Professor Substituto, com remuneração equivalente à Classe A, Assistente A, Nível 1, em regime de 40 (quarenta) horas semanais, do Centro de Ciências Exatas e Tecnológicas desta Universidade, cujo pagamento de parcelas remanescentes, porventura existentes, serão objeto do Processo nº 23007.030661/2016-71.</p><p> </p>]]></Texto>
    <Autores>
      <assina>Silvio Luiz de Oliveira Soglia</assina>
    </Autores>
  </body>
</article></xml>