<xml><article id="644630" name="Portaria 4529" idOficio="4588317" pubName="DO2" artType="Portaria" pubDate="01/12/2017" artClass="00031:00002:00000:00000:00000:00000:00000:00000:00000:00000:00025:0001" artSection="Ministério dos Transportes, Portos e Aviação Civil" artCategory="Secretaria Executiva" artSize="8" artNotes="" numberPage="60" pdfPage="http://pesquisa.in.gov.br/imprensa/jsp/visualiza/index.jsp?data=01/12/2017&amp;jornal=529&amp;pagina=60" editionNumber="230">
  <body>
    <Identifica><![CDATA[PORTARIA Nº 4.529, DE 28 DE NOVEMBRO DE 2017]]></Identifica>
    <Data><![CDATA[]]></Data>
    <Ementa />
    <Titulo />
    <SubTitulo />
    <Texto><![CDATA[<p> O SECRETÁRIO-EXECUTIVO DO MINISTÉRIO DOS TRANSPORTES, PORTOS E AVIAÇÃO CIVIL, no uso das atribuições que lhe foram subdelegadas pelo art. 1º, inciso III, da Portaria nº 498, de 12 de junho de 2017, publicada no Diário Oficial da União de 13 de junho de 2017, resolve:</p><p>Designar LUIS TOMAZ NETO, matrícula SIAPE nº 0172551, CPF nº 334.029.301-53, para exercer a Função Gratificada, código FG-03, na Coordenação-Geral de Gestão de Pessoas, da Subsecretaria de Assuntos Administrativos da Secretaria Executiva deste Ministério dos Transportes, Portos e Aviação Civil.</p>]]></Texto>
    <Autores>
      <assina>FERNANDO FORTES MELRO FILHO</assina>
    </Autores>
  </body>
</article></xml>