<xml><article id="644939" name="PORT APOS VOL 651 de 30 novembro" idOficio="4588445" pubName="DO2" artType="Portaria" pubDate="01/12/2017" artClass="00010:00008:00024:06902:00000:00000:00000:00000:00000:00000:00025:00000" artSection="Ministério da Defesa" artCategory="Comando do Exército" artSize="8" artNotes="" numberPage="12" pdfPage="http://pesquisa.in.gov.br/imprensa/jsp/visualiza/index.jsp?data=01/12/2017&amp;jornal=529&amp;pagina=12" editionNumber="230">
  <body>
    <Identifica><![CDATA[PORTARIA Nº 651- DCIPAS/SPC, DE 30 DE NOVEMBRO DE 2017]]></Identifica>
    <Data><![CDATA[]]></Data>
    <Ementa />
    <Titulo />
    <SubTitulo />
    <Texto><![CDATA[<p> </p><p> O DIRETOR DE CIVIS, INATIVOS, PENSIONISTAS E ASSISTÊNCIA SOCIAL, no uso da competência que lhe foi subdelegada pelo Comandante do Exército, por meio da Portaria nº 102, de 10 de fevereiro de 2017, resolve</p><p> CONCEDER APOSENTADORIA,  à servidora LENICE MIRANDOLA DA ROCHA, Matrícula SIAPE no 1.098.126, lotada no Colégio Militar de Porto Alegre, ocupante do cargo de Professor de Ensino Básico, Técnico e Tecnológico, classe "D-IV", Nível 4 (NS), - MAG, regime de dedicação exclusiva, vinculada ao Comando da 3ª Região Militar (SSIP/3), com proventos integrais, acrescido da RT-Retribuição por Titulação de Doutorado com base no artigo 17, Anexo IV da Lei nº 12.772, de 28 de dezembro de 2012, fundamentados no Artigo 6o, incisos I, a IV, da Emenda Constitucional no 41, de 19 de dezembro de 2003.</p>]]></Texto>
    <Autores>
      <assina>Cel.GÉDER TÁVORA SAID</assina>
      <cargo>Resp/pelo Diretor de Civis, Inativos, Pensionistas e Assistência Social</cargo>
    </Autores>
  </body>
</article></xml>