<xml><article id="703953" name="D 3071 Dispensar RAIMUNDO JORGE " idOficio="4587333" pubName="DO2" artType="Portaria" pubDate="11/12/2017" artClass="00017:00001:00000:00000:00000:00000:00000:00000:00000:00000:00000:00004" artSection="Ministério da Saúde" artCategory="Gabinete do Ministro" artSize="8" artNotes="" numberPage="193" pdfPage="http://pesquisa.in.gov.br/imprensa/jsp/visualiza/index.jsp?data=11/12/2017&amp;jornal=529&amp;pagina=193" editionNumber="236">
  <body>
    <Identifica><![CDATA[PORTARIA Nº 3.071, DE 20 DE NOVEMBRO DE 2017]]></Identifica>
    <Data><![CDATA[]]></Data>
    <Ementa />
    <Titulo />
    <SubTitulo />
    <Texto><![CDATA[<p> O MINISTRO DE ESTADO DA SAÚDE, no uso da competência que lhe foi delegada pelo art. 3º, do Decreto nº 8.821, de 26 de julho de 2016, resolve:</p><p>Dispensar RAIMUNDO JORGE PINTO FREIRE da Função Comissionada do Poder Executivo de Chefe do Serviço de Edificações e Saneamento Ambiental Indígena, código FCPE-101.1, nº 39.0264, do Distrito Sanitário Especial Indígena - Guamá-Tocantins, da Secretaria Especial de Saúde Indígena.</p>]]></Texto>
    <Autores>
      <assina>RICARDO BARROS</assina>
    </Autores>
  </body>
</article></xml>