<xml><article id="644387" name="PT. N491" idOficio="4588234" pubName="DO2" artType="Portaria" pubDate="01/12/2017" artClass="00010:00007:00009:00046:00000:00000:00000:00000:00000:00000:00025:00001" artSection="Ministério da Defesa" artCategory="Comando da Marinha" artSize="8" artNotes="" numberPage="8" pdfPage="http://pesquisa.in.gov.br/imprensa/jsp/visualiza/index.jsp?data=01/12/2017&amp;jornal=529&amp;pagina=8" editionNumber="230">
  <body>
    <Identifica><![CDATA[PORTARIA Nº 491/Com7ºDN, DE 27 DE NOVEMBRO DE 2017]]></Identifica>
    <Data><![CDATA[]]></Data>
    <Ementa />
    <Titulo />
    <SubTitulo />
    <Texto><![CDATA[<p> O COMANDANTE DO 7º DISTRITO NAVAL, no uso da atribuição que lhe confere o art. 48, § 1º do Decreto nº 4.780, de 15 de julho de 2003, e de acordo com o art. 121, inciso II, § 3º, alínea a e § 4º da Lei nº 6.880, de 9 de dezembro de 1980, resolve:</p><p> Art.1º Licenciar do Serviço Ativo da Marinha, ex officio, por conclusão de Estágio, ao término da 7ª prorrogação e incluir na Reserva Não Remunerada, as Oficiais da Reserva de 2ª Classe da Marinha, abaixo mencionadas, a partir de 11 de janeiro de 2018.</p><p>1ºTen (RM2-S) 10.0051.45 MARCELLE CRAVEIRO DA SILVA; e</p><p>1ºTen (RM2-S) 01.0858.41 ANA PAULA STILBEN SUGANUMA.</p><p> Art.2º Tornar adidas ao Hospital Naval de Brasília, enquanto aguardam conclusão de Inspeção de Saúde.</p><p> Art.3º Esta Portaria entra em vigor na presente data.</p><p> </p>]]></Texto>
    <Autores>
      <assina>Vice-Almirante SÉRGIO NATHAN MARINHO GOLDSTEIN</assina>
    </Autores>
  </body>
</article></xml>