<xml><article id="645569" name="PORTARIA 2029" idOficio="4588657" pubName="DO2" artType="Portaria" pubDate="01/12/2017" artClass="00033:00008:00001:00000:00000:00000:00000:00000:00000:00000:00025:00003" artSection="Ministério Público da União" artCategory="Ministério Público do Trabalho" artSize="8" artNotes="" numberPage="66" pdfPage="http://pesquisa.in.gov.br/imprensa/jsp/visualiza/index.jsp?data=01/12/2017&amp;jornal=529&amp;pagina=66" editionNumber="230">
  <body>
    <Identifica><![CDATA[PORTARIA Nº 2.029, DE 29 DE NOVEMBRO DE 2017]]></Identifica>
    <Data><![CDATA[]]></Data>
    <Ementa />
    <Titulo />
    <SubTitulo />
    <Texto><![CDATA[<p> O PROCURADOR-GERAL DO TRABALHO em exercício, no uso de suas atribuições conferidas pela Lei Complementar nº 75, de 20 de maio de 1993, e considerando o que consta no PGEA nº 01476.2017.21.900/5, resolve: </p><p>Art. 1º Dispensar o servidor JOSÉ MARIA FERNANDES, matrícula 6003585, ocupante do cargo de Analista do MPU/Apoio Jurídico/Direito, da função de confiança de Chefe de Gabinete, código FC-3, da Procuradoria Regional do Trabalho da 21ª Região/RN.</p><p>Art.2º Dispensar, a contar de 16.10.2017, o servidor JOSE GONÇALVES DA SILVA, matrícula 6002734, da função de confiança de Chefe do Setor de Transporte, código FC-2, da Procuradoria Regional do Trabalho da 21ª Região/RN.</p><p>Art. 3º Designar o servidor SERGIO FRANÇA DO NASCIMENTO, matrícula 6002492, ocupante do cargo de Técnico do MPU/Apoio Técnico-Administrativo/Administração, para a função de confiança de Chefe da Seção de Autuação, Análise e Distribuição, código FC-3, da Procuradoria Regional do Trabalho da 21ª Região/RN.</p><p>Art.4º Designar o servidor LAELSON DE MELO AZEDO FILHO, matrícula 6006810, ocupante do cargo de Técnico do MPU/Apoio Técnico-Administrativo/ Segurança Institucional e Transporte, para a função de confiança de Chefe da Secretaria Regional de Segurança Institucional, código FC-2, da Procuradoria Regional do Trabalho da 21ª Região/RN.</p>]]></Texto>
    <Autores>
      <assina>LUIZ EDUARDO GUIMARÃES BOJART</assina>
    </Autores>
  </body>
</article></xml>