<xml><article id="645422" name="PTS230E231RECIFE" idOficio="4588636" pubName="DO2" artType="Portaria" pubDate="01/12/2017" artClass="00022:00029:00237:00009:00003:00001:00000:00000:00000:00000:00025:00001" artSection="Ministério do Desenvolvimento Social" artCategory="Instituto Nacional do Seguro Social" artSize="8" artNotes="" numberPage="48" pdfPage="http://pesquisa.in.gov.br/imprensa/jsp/visualiza/index.jsp?data=01/12/2017&amp;jornal=529&amp;pagina=48" editionNumber="230">
  <body>
    <Identifica><![CDATA[PORTARIAS DE 28 DE NOVEMBRO DE 2017]]></Identifica>
    <Data><![CDATA[]]></Data>
    <Ementa />
    <Titulo />
    <SubTitulo />
    <Texto><![CDATA[<p> </p><p> </p><p> A CHEFE DA SEÇÃO OPERACIONAL DA GESTÃO DE PESSOAS DA GERÊNCIA EXECUTIVA DO INSS EM RECIFE NO ESTADO DE PERNAMBUCO, no uso das atribuições estabelecidas no Inciso I do Artigo 235 do Regimento Interno, aprovada pela PT/MDS/SE nº 414, de 28.09.2017, publicada no Diário Oficial da União nº 188-A, de 29.09.2017, Seção 2, resolve:</p><p>N  230 - Conceder aposentadoria voluntária à servidora MARIA DO SOCORRO FERNANDES, mat. Siape nº 0.903.870, ocupante do cargo de Técnico do Seguro Social, Classe "S", Padrão IV, do quadro de pessoal do INSS, com fundamentação na Alínea "a", Inciso III, § 1º do Artigo 40 da Constituição Federal de 05.10.1988, com redação dada pelo Artigo 1º da Emenda Constitucional nº 41, de 31.12.2003, com proventos calculados na forma do Artigo 1º da Lei nº 10.887, de 2004. Declarar vago, em consequência , o cargo acima citado, e tendo em vista o que consta do Processo nº 35204.008963/2017-04.</p><p>N  231 - Conceder aposentadoria voluntária à servidora MARIA INÊS PEREZ DIAZ, mat. Siape nº 0.903.957, ocupante do cargo de Técnico do Seguro Social, Classe "S", Padrão IV, do quadro de pessoal do INSS, com fundamentação na Alínea "a", Inciso III, § 1º do Artigo 40 da Constituição Federal de 05.10.1988, com redação dada pelo Artigo 1º da Emenda Constitucional nº 41, de 31.12.2003, com proventos calculados na forma do Artigo 1º da Lei nº 10.887, de 2004. Declarar vago, em consequência , o cargo acima citado, e tendo em vista o que consta do Processo nº 35204.009194/2017-53.</p>]]></Texto>
    <Autores>
      <assina>CLARICE BASTOS BARBOSA</assina>
    </Autores>
  </body>
</article></xml>