<xml><article id="644927" name="Ps_1663_1664_1666_1667_1668_2017" idOficio="4588440" pubName="DO2" artType="Portaria" pubDate="01/12/2017" artClass="00017:00022:00000:00000:00000:00000:00000:00000:00000:00000:00025:0002" artSection="Ministério da Saúde" artCategory="Fundação Oswaldo Cruz" artSize="8" artNotes="" numberPage="41-46" pdfPage="http://pesquisa.in.gov.br/imprensa/jsp/visualiza/index.jsp?data=01/12/2017&amp;jornal=529&amp;pagina=41,http://pesquisa.in.gov.br/imprensa/jsp/visualiza/index.jsp?data=01/12/2017&amp;jornal=529&amp;pagina=46" editionNumber="230">
  <body>
    <Identifica><![CDATA[Portaria de 30 de novembro de 2017]]></Identifica>
    <Data><![CDATA[]]></Data>
    <Ementa />
    <Titulo />
    <SubTitulo />
    <Texto><![CDATA[<p> A Presidente da Fundação Oswaldo Cruz, ÓRGÃO VINCULADO AO MINISTÉRIO DA SAÚDE /MS, no uso da competência que lhe foi subdelegada pela Portaria n° 1.339, publicada no Diário Oficial da União n° 125, de 29 de junho de 2012, Seção 1, página 60, e na forma do disposto no Decreto nº 1.387, de 7 de fevereiro de 1995, resolve:</p><p>Nº 1.663 - FATIMA CECCHETTO, Tecnologista em Saúde Pública do Instituto Oswaldo Cruz, SIAPE nº 002423995, com a finalidade de participar da 12º Reunião de Antropologia do Mercosul, em Posadas, Argentina, no período de 03/12 a 08/12/2017, inclusive trânsito, com ônus limitado, vencimentos mantidos (Processo nº 25030.000898/2017-46).</p><p>Nº 1664 - ALINE DA ROCHA MATOS, Tecnologista em Saúde Pública do Instituto Oswaldo Cruz, SIAPE nº 1473953, com a finalidade de participar e apresentar trabalho na 9º Reunião Cientifica G.A.B.R.I.E.L., organizado pela Fundação MERRIEUX, em Annecy, França, no período de 11/12 a 15/12/2017, inclusive trânsito, com ônus limitado, vencimentos mantidos (Processo n° 25030.000892/2017-79).</p><p>Nº 1.666 - PAOLA CRISTINA RESENDE SILVA, Pesquisadora em Saúde Pública do Instituto Oswaldo Cruz, SIAPE nº 2236677, com a finalidade de participar do Curso de Bioinformática, em Lyon, em seguida, a servidora irá participar como finalista no Prêmio de Jovem Cientista, na Reunião Cientifica GABRIEL, ambos organizados pela Fundação MERRIEUX, em Annecy, França, no período de 02/12 a 17/12/2017, inclusive trânsito, com ônus limitado, vencimentos mantidos (Processo n° 25030.000890/2017-80).</p><p>Nº 1.667 - BRAULIA COSTA CAETANO, Tecnologista em Saúde Pública do Instituto Oswaldo Cruz, SIAPE nº 2002919, com a finalidade de participar de Reunião semestral da Organização Mundial de Saúde para examinar o sistema de vigilância de influenza e VSR na sede da OPAS, em Washington D.C., Estados Unidos, no período de 17/12 a 21/12/2017, inclusive trânsito, com ônus limitado, vencimentos mantidos (Processo n° 25030.000882/2017-33). </p><p>Nº 1.668 - NILDIMAR HONÓRIO ROCHA, Pesquisador em Saúde Pública do Instituto Oswaldo Cruz, SIAPE nº 15556922, com a finalidade de participar e ministrar palestra na reunião de trabalho sobre Ecologia e Evolução de Mosquitos, na Florida, Estados Unidos, no período de 07/12 a 12/12/2017, inclusive trânsito, com ônus limitado, vencimentos mantidos (Processo nº 25030.000871/2017-53).            </p>]]></Texto>
    <Autores>
      <assina>NÍSIA TRINDADE LIMA</assina>
    </Autores>
  </body>
</article></xml>