<xml><article id="650477" name="PT70SÃOPAULONORTE" idOficio="4588006" pubName="DO2" artType="Portaria" pubDate="04/12/2017" artClass="00022:00029:00239:00024:00013:00000:00000:00000:00000:00000:00025:00001" artSection="Ministério do Desenvolvimento Social" artCategory="Instituto Nacional do Seguro Social" artSize="8" artNotes="" numberPage="50" pdfPage="http://pesquisa.in.gov.br/imprensa/jsp/visualiza/index.jsp?data=04/12/2017&amp;jornal=529&amp;pagina=50" editionNumber="231">
  <body>
    <Identifica><![CDATA[PORTARIA Nº 70, DE 29 DE NOVEMBRO DE 2017]]></Identifica>
    <Data><![CDATA[]]></Data>
    <Ementa />
    <Titulo />
    <SubTitulo />
    <Texto><![CDATA[<p> </p><p> </p><p> O CHEFE DA SEÇÃO OPERACIONAL DA GESTÃO DE PESSOAS DA GERÊNCIA EXECUTIVA SÃO PAULO NORTE/SP, no uso das atribuições que lhe confere o art. 235 do Regimento Interno do INSS, aprovado pela Portaria/MDS nº 414, de 28.09.2017, publicada no DOU Edição Extra nº 188-A, de 29.09.2017, que aprova o Regimento Interno do INSS, resolve:</p><p> Conceder aposentadoria voluntária integral a servidora SONIA REGINA BATISTA matrícula n° 0.604.434 CPF nº 088.898.858-31, ocupante do cargo de Técnico do Seguro Social, classe S, padrão IV, do quadro de pessoal do INSS, com fundamento no  Artigo 3º da Emenda Constitucional nº 47, de 05 de Julho de 2005, observado o contido no Processo nº 35460.000582/2017-48. Em conseqüência, declarar vago o referido cargo.</p><p> </p>]]></Texto>
    <Autores>
      <assina>RAIMUNDO NONATO ALVES FAGUNDES</assina>
    </Autores>
  </body>
</article></xml>