<xml><article id="645572" name="PORTARIA 2031" idOficio="4588657" pubName="DO2" artType="Portaria" pubDate="01/12/2017" artClass="00033:00008:00001:00000:00000:00000:00000:00000:00000:00000:00025:00004" artSection="Ministério Público da União" artCategory="Ministério Público do Trabalho" artSize="8" artNotes="" numberPage="66" pdfPage="http://pesquisa.in.gov.br/imprensa/jsp/visualiza/index.jsp?data=01/12/2017&amp;jornal=529&amp;pagina=66" editionNumber="230">
  <body>
    <Identifica><![CDATA[PORTARIA Nº 2.031, DE 29 DE NOVEMBRO DE 2017]]></Identifica>
    <Data><![CDATA[]]></Data>
    <Ementa />
    <Titulo />
    <SubTitulo />
    <Texto><![CDATA[<p> O PROCURADOR-GERAL DO TRABALHO em exercício, no uso de suas atribuições conferidas pela Lei Complementar nº 75, de 20 de maio de 1993, e considerando o que consta no PGEA nº 01476.2017.21.900/5, resolve: </p><p>Art. 1º Designar o servidor LEANDRO ALVES DA SILVA, matrícula 6004022, ocupante do cargo de Técnico do MPU/Apoio Técnico-Administrativo/ Administração,  para o encargo de substituto eventual do  Diretor da Divisão da Coordenadoria de Defesa dos Interesses Difusos e Coletivos, código CC-3, da Procuradoria Regional do Trabalho da 21ª Região/RN, dispensando-o do encargo de substituto eventual  do Diretor da Coordenadoria de Defesa dos Interesses Difusos e Coletivos - CODIN, código CC-2, da Procuradoria Regional do Trabalho da 21ª Região/RN, que atualmente ocupa. </p><p>Art. 2º Dispensar o servidor SERGIO FRANCA DO NASCIMENTO, matrícula 6002492, ocupante do cargo de Técnico do MPU/Apoio Técnico-Administrativo/Administração, do encargo de substituto eventual do Diretor da Divisão Processual, código CC-1, da Procuradoria Regional do Trabalho da 21ª Região/RN.</p><p>Art.4º Dispensar o servidor NADJARD BARROS FILHO, matrícula 6001725, ocupante do cargo de Analista do MPU/ Apoio Técnico Especializado/ Gestão Pública, do encargo de substituto eventual do Diretor da Divisão Processual, código CC-1, da Procuradoria Regional do Trabalho da 21ª Região/RN, nos afastamentos e impedimentos legais ou regulamentares da Titular e do Substituto. </p><p>Art. 5º Designar o servidor DIOGO AGUILAR NUNES DA SILVA, matrícula 6005973, ocupante do cargo de Analista do MPU/Apoio Jurídico/Direito, para o encargo de substituto eventual do Chefe de Gabinete do Procurador-Chefe, código CC-2, da Procuradoria Regional do Trabalho da 21ª Região/RN, dispensando-o do encargo de substituto eventual do Chefe de Gabinete, código FC-3, da Procuradoria Regional do Trabalho da 21ª Região/RN, que atualmente ocupa. </p>]]></Texto>
    <Autores>
      <assina>LUIZ EDUARDO GUIMARÃES BOJART</assina>
    </Autores>
  </body>
</article></xml>