<xml><article id="645095" name="PTS374A383SUDESTEI" idOficio="4588490" pubName="DO2" artType="Portaria" pubDate="01/12/2017" artClass="00022:00029:00239:00000:00000:00000:00000:00000:00000:00000:00025:00002" artSection="Ministério do Desenvolvimento Social" artCategory="Instituto Nacional do Seguro Social" artSize="8" artNotes="" numberPage="45-50" pdfPage="http://pesquisa.in.gov.br/imprensa/jsp/visualiza/index.jsp?data=01/12/2017&amp;jornal=529&amp;pagina=45,http://pesquisa.in.gov.br/imprensa/jsp/visualiza/index.jsp?data=01/12/2017&amp;jornal=529&amp;pagina=50" editionNumber="230">
  <body>
    <Identifica><![CDATA[PORTARIAS de 28 de Novembro de 2017]]></Identifica>
    <Data><![CDATA[]]></Data>
    <Ementa />
    <Titulo />
    <SubTitulo />
    <Texto><![CDATA[<p> </p><p> </p><p> O SUPERINTENDENTE REGIONAL SUDESTE I DO INSTITUTO NACIONAL DO SEGURO SOCIAL - INSS, no uso das atribuições que lhe confere o Decreto nº 9.104, de 24 de julho de 2017, que aprova a Estrutura Regimental e o Quadro Demonstrativo dos Cargos em Comissão, das Funções Gratificadas e das Funções Comissionadas do INSS, considerando a subdelegação de competência de que trata a Portaria nº 800/PRES/INSS, de 6 de setembro de 2011, resolve:</p><p>N  374 - Dispensar SILMARA PEDROSO DE MORAES, matrícula 1.450.825, CPF 258.728.078-80, do encargo de substituto eventual do Gerente da Agência da Previdência Social Campinas, código FCPE - 101.2, subordinada a Gerência Executiva Campinas/SP. A contar de 22/11/2017.  </p><p>N  375 - Designar WILLIAN VATANABE, matrícula 1.375.438, CPF 798.608.696-34, do encargo de substituto eventual do Gerente da Agência da Previdência Social Guaianazes, código FCPE - 101.1, subordinada a Gerência Executiva São Paulo Leste/SP, nos impedimentos, afastamentos legais ou regulamentares do titular e na vacância do cargo. </p><p>N  376 - Designar ROGÉRIO YUJI ENDO HAYAKAWA, matrícula 1.427.932, CPF 205.413.458-93, do encargo de substituto eventual do Gerente da Agência da Previdência Social Biritiba - Mirim, código FCPE - 101.1, subordinada a Gerência Executiva Guarulhos/SP, nos impedimentos, afastamentos legais ou regulamentares do titular e na vacância do cargo. </p><p>N 378 - Dispensar ÁTILA MARTINS TESTA, matrícula 1.452.376, CPF 053.582.048-81, do encargo de substituto eventual do Gerente da Agência da Previdência Social Guarujá, código FCPE - 101.1, subordinada a Gerência Executiva Santos/SP. </p><p>N  379 - Designar THIAGO LUIZ DOS SANTOS, matrícula 1.638.632, CPF 315.197.458-93, do encargo de substituto eventual do Gerente da Agência da Previdência Social Guarujá, código FCPE - 101.1, subordinada a Gerência Executiva Santos/SP, nos impedimentos, afastamentos legais ou regulamentares do titular e na vacância do cargo. </p><p>N  380 - Dispensar A PEDIDO, VLADIMIR DOS SANTOS STEIN, matrícula 1.106.171, CPF 156.044.448-71, do encargo de substituto eventual do Gerente da Agência da Previdência Social São Paulo Vila Prudente, código FCPE - 101.1, subordinada à Gerência Executiva São Paulo Centro/SP.</p><p>N  381 - Designar SHEILA CRISTINA MATIAS DE JESUS, matrícula 1.419.751, CPF 192.317.958-64, para o encargo de substituto eventual do Gerente da Agência da Previdência Social São Paulo Vila Prudente, código FCPE - 101.1, subordinada a Gerência Executiva São Paulo Centro/SP, nos impedimentos, afastamentos legais ou regulamentares do titular e na vacância do cargo.</p><p>N  382 - Dispensar A PEDIDO, MARIA IRINÉIA DE FREITAS GOTHARDO, matrícula 1.450.977, CPF 068.518.658-07, do encargo de substituto eventual do Gerente da Agência da Previdência Social ADJ Jundiaí, código FCPE - 101.1, subordinada a Gerência Executiva Jundiaí/SP.</p><p> </p>]]></Texto>
    <Autores>
      <assina>JOSÉ CARLOS OLIVEIRA</assina>
    </Autores>
  </body>
</article></xml>