<xml><article id="645614" name="Portaria nº 2347 - SUFRAMA" idOficio="4588659" pubName="DO2" artType="Portaria" pubDate="01/12/2017" artClass="00013:00002:00000:00000:00000:00000:00000:00000:00000:00000:00025:00001" artSection="Ministério da Indústria, Comércio Exterior e Serviços" artCategory="Secretaria Executiva" artSize="8" artNotes="" numberPage="38" pdfPage="http://pesquisa.in.gov.br/imprensa/jsp/visualiza/index.jsp?data=01/12/2017&amp;jornal=529&amp;pagina=38" editionNumber="230">
  <body>
    <Identifica><![CDATA[PORTARIA Nº 2.347-SEI, DE 30 DE NOVEMBRO DE 2017]]></Identifica>
    <Data><![CDATA[]]></Data>
    <Ementa />
    <Titulo />
    <SubTitulo />
    <Texto><![CDATA[<p> O SECRETÁRIO-EXECUTIVO DO MINISTÉRIO DA INDÚSTRIA, COMÉRCIO EXTERIOR E SERVIÇOS, no uso da competência que lhe foi subdelegada pela Portaria GM/MDIC nº 305, de 1º de novembro de 2016, e considerando o disposto no Decreto nº 7.139, de 29 de março de 2010, com suas alterações, e na Lei nº 8.112, de 11 de dezembro de 1990, resolve:</p><p>Designar ROGÉRIO ROMAM MESQUITA DE ASCUÍ para, no período de 11 a 15 de dezembro de 2017, exercer o encargo de substituto do cargo de Coordenador, código DAS 101.3, da Coordenação-Geral de Recursos Logísticos da Superintendência da Zona Franca de Manaus - SUFRAMA, atualmente ocupado por JOÃO MÁRCIO BEMFICA FERREIRA, em virtude de afastamento do titular e do eventual substituto. </p>]]></Texto>
    <Autores>
      <assina>MARCOS JORGE DE LIMA</assina>
    </Autores>
  </body>
</article></xml>