<xml><article id="643268" name="Portaria VALDETE SILVA SOUZA" idOficio="4587751" pubName="DO2" artType="Portaria" pubDate="01/12/2017" artClass="00010:00008:00011:00008:00000:00000:00000:00000:00000:00000:00025:00001" artSection="Ministério da Defesa" artCategory="Comando do Exército" artSize="8" artNotes="" numberPage="9" pdfPage="http://pesquisa.in.gov.br/imprensa/jsp/visualiza/index.jsp?data=01/12/2017&amp;jornal=529&amp;pagina=9" editionNumber="230">
  <body>
    <Identifica><![CDATA[PORTARIA Nº 16.120 -SC CMT 11ª RM, DE 22 DE NOVEMBRO DE 2017]]></Identifica>
    <Data><![CDATA[]]></Data>
    <Ementa />
    <Titulo />
    <SubTitulo />
    <Texto><![CDATA[<p> O COMANDANTE DA 11ª REGIÃO MILITAR, no uso da competência que lhe foi subdelegada pelo Comandante do Exército na Portaria nº 1.495, de 11 de dezembro de 2014, publicada no Boletim do Exército nº 51, de 19 de dezembro de 2014, em conformidade com o inciso I, alínea ''a'', do artigo 217, da Lei 8.112/90, conforme a nova redação dada pela Lei nº 13.135/15, resolve:</p><p>CONCEDER PENSÃO, A Senhora VALDETE SILVA SOUZA, na condição de viúva do ex-servidor SEBASTIÃO DE OLIVEIRA SOUZA, no percentual de 100% (cem por cento), cujo amparo é o seguinte: inciso I, Alínea ''a'' do artigo 217, da Lei nº 8.112/90, em conformidade com a nova redação dada pela Lei nº 13.135/15, de 17 de junho de 2015. A beneficiária é viúva do ex-servidor civil SEBASTIÃO DE OLIVEIRA SOUZA, matrícula SIAPE nº 0084.045, vinculado ao Comando da 11ª Região Militar, falecido em inatividade, em 08 de outubro de 2017, tendo como referência atual o cargo de Artífice de Mecânica - Classe ''B'' Padrão NI VI.</p><p>A pensão ora concedida terá efeito financeiro a partir da data do óbito do instituidor.</p><p> </p>]]></Texto>
    <Autores>
      <assina>Gen Bda JOÃO DENISON MAIA CORREIA -</assina>
    </Autores>
  </body>
</article></xml>