<xml><article id="644327" name="PORTARIA INCA 1153" idOficio="4588089" pubName="DO2" artType="Portaria" pubDate="01/12/2017" artClass="00017:00026:00024:00000:00000:00000:00000:00000:00000:00000:00025:00001" artSection="Ministério da Saúde" artCategory="Secretaria de Atenção à Saúde" artSize="8" artNotes="" numberPage="46" pdfPage="http://pesquisa.in.gov.br/imprensa/jsp/visualiza/index.jsp?data=01/12/2017&amp;jornal=529&amp;pagina=46" editionNumber="230">
  <body>
    <Identifica><![CDATA[PORTARIA Nº 1.153, DE 28 DE NOVEMBRO DE 2017]]></Identifica>
    <Data><![CDATA[]]></Data>
    <Ementa />
    <Titulo />
    <SubTitulo />
    <Texto><![CDATA[<p> A Diretora-Geral do Instituto Nacional de Câncer José Alencar Gomes da Silva, do Ministro da Saúde, no uso de suas atribuições, subdelegadas pela Portaria/CRGH/MS nº 1.041, de 30/10/2009, publicada no D.O.U. de 03/11/2009, resolve:</p><p>Exonerar a pedido, a partir de 31/10/2017, o servidor LIANE STSOHSCHOEN NETO, matrícula SIAPE nº 2247157, ocupante do cargo de TÉCNICO, NI, Classe O, Padrão III, do quadro de pessoal do Ministério da Saúde, lotado no Instituto Nacional do Câncer José Alencar Gomes da Silva, nos termos do inciso I do art. 33 Lei nº 8.112/1990, atualizada pela Lei nº 9.257/1997, e declarar vago o cargo ocupado código de vaga nº 1005291. Processo nº 25410.401824/2017-59.</p>]]></Texto>
    <Autores>
      <assina>ANA CRISTINA PINHO MENDES PEREIRA</assina>
    </Autores>
  </body>
</article></xml>