<xml><article id="643958" name="RETIFICAÇÃO - Rafael Rodrigues d" idOficio="4588019" pubName="DO2" artType="Retificação" pubDate="01/12/2017" artClass="00011:00056:00000:00000:00000:00000:00000:00000:00000:00000:00032:00001" artSection="Ministério da Educação" artCategory="Instituto Federal de Educação, Ciência e Tecnologia da Bahia" artSize="8" artNotes="" numberPage="19" pdfPage="http://pesquisa.in.gov.br/imprensa/jsp/visualiza/index.jsp?data=01/12/2017&amp;jornal=529&amp;pagina=19" editionNumber="230">
  <body>
    <Identifica><![CDATA[RETIFICAÇÃO]]></Identifica>
    <Data><![CDATA[]]></Data>
    <Ementa />
    <Titulo />
    <SubTitulo />
    <Texto><![CDATA[<p> </p><p> </p><p> Na Portaria nº. 3.115, de 27/11/2017, publicada no D.O.U. nº. 227, de 28/11/2017, seção 2, página 15 onde se lê: "Exonerar, a pedido, a contar do dia 08 de novembro de 2017, o servidor RAFAEL RODRIGUES DE MELO, Matrícula SIAPE nº. 2171916, ocupante do cargo de Professor do Ensino Básico, Técnico e Tecnológico, Classe C, Nível 202, em vaga identificada pelo código nº. 0630089", leia-se: "Exonerar, a pedido, a contar do dia 08 de novembro de 2017, o servidor RAFAEL RODRIGUES DE MELO, Matrícula SIAPE nº. 2171916, ocupante do cargo de Auxiliar em Administração, Classe C, Nível 202, em vaga identificada pelo código nº. 0630089".</p><p> </p>]]></Texto>
    <Autores />
  </body>
</article></xml>