<xml><article id="643493" name="retorno- RICARDO DE OLIVEIRA FRA" idOficio="4587862" pubName="DO2" artType="Portaria" pubDate="01/12/2017" artClass="00015:00033:00000:00000:00000:00000:00000:00000:00000:00000:00025:00004" artSection="Ministério da Justiça e Segurança Pública" artCategory="Departamento de Polícia Rodoviária Federal" artSize="8" artNotes="" numberPage="40" pdfPage="http://pesquisa.in.gov.br/imprensa/jsp/visualiza/index.jsp?data=01/12/2017&amp;jornal=529&amp;pagina=40" editionNumber="230">
  <body>
    <Identifica><![CDATA[PORTARIA Nº 401, DE 29 DE NOVEMBRO DE 2017]]></Identifica>
    <Data><![CDATA[]]></Data>
    <Ementa />
    <Titulo />
    <SubTitulo />
    <Texto><![CDATA[<p> </p><p> </p><p> O DIRETOR-GERAL DA POLÍCIA RODOVIÁRIA FEDERAL, no uso da competência que lhe confere o artigo 101, VII, do Regimento Interno da Polícia Rodoviária Federal, aprovado pela Portaria n.º 1.375, de 2 de agosto de 2007, do Senhor Ministro de Estado da Justiça, publicada no Diário Oficial da União, de 6 de agosto de 2007; </p><p> CONSIDERANDO o contido no Parecer de Força Executória nº 00389/2017/PGU/AGU, oriundo da Procuradoria Geral da União, que determina o imediato cumprimento da decisão judicial exarada nos autos da Ação Ordinária nº 0016133-94.2013.4.02.5101, por meio da qual confirmou a imediata suspensão dos efeitos do acórdão proferido no julgamento do recurso de apelação, declarando a nulidade do ato  que revogou a portaria nº 230, de 22 de agosto de 2014, publicada no DOU no dia 25 de agosto de 2014, que tornou inválidos a nomeação e posse do candidato Ricardo de Oliveira Franco, determinando o imediato restabelecimento ao cargo de Policial Rodoviário Federal, e, consequentemente, o retorno da situação funcional do recorrente ao status quo vigente anteriormente à decisão ora reconsiderada, resolve:</p><p> Art. 1º  Tornar sem efeito a Portaria nº 53, de 12 de fevereiro de 2016, publicada no DOU, de 17 de fevereiro de 2016, página 31, Seção 2, restabelecendo os efeitos funcionais da Portaria nº 230, de 22 de agosto de 2014, publicado no DOU, de 25 de agosto de 2014, página 50, Seção 2. </p><p> Art. 2º  Determinar sua lotação na Superintendência Regional de Polícia Rodoviária Federal no Mato Grosso - DEL. 2/4 - Diamantina.</p><p> Art. 3º  Esta Portaria entra em vigor na data de sua publicação.</p>]]></Texto>
    <Autores>
      <assina>RENATO ANTÔNIO BORGES DIAS</assina>
    </Autores>
  </body>
</article></xml>