<xml><article id="645994" name="2017-11-30/4588181/TCUWS_1035533" idOficio="4588181" pubName="DO2" artType="Portaria" pubDate="01/12/2017" artClass="00034:00001:00000:00000:00000:00000:00000:00000:00000:00000:00025:00007" artSection="Tribunal de Contas da União" artCategory="Gabinete do Presidente" artSize="8" artNotes="" numberPage="68" pdfPage="http://pesquisa.in.gov.br/imprensa/jsp/visualiza/index.jsp?data=01/12/2017&amp;jornal=529&amp;pagina=68" editionNumber="230">
  <body>
    <Identifica><![CDATA[PORTARIA N 526, DE 30 DE NOVEMBRO DE 2017]]></Identifica>
    <Data><![CDATA[]]></Data>
    <Ementa />
    <Titulo />
    <SubTitulo />
    <Texto><![CDATA[<p> O PRESIDENTE DO TRIBUNAL DE CONTAS DA UNIÃO, no uso da atribuição que lhe confere o art. 70, inciso III, da Lei nº 8.443, de 16 de julho de 1992, e tendo em vista as informações constantes do processo TC 027.386/2017-1, resolve: </p><p>Conceder aposentadoria voluntária, com proventos integrais, ao servidor OSVALDO OTÁVIO FILHO, CPF nº 183.205.383-00, matrícula 2057-5, no cargo de Técnico Federal de Controle Externo, Área Apoio Técnico e Administrativo, Especialidade Técnica Administrativa, Classe Especial, Padrão 13, do Quadro de Pessoal da Secretaria deste Tribunal, com fundamento no art. 3º da Emenda Constitucional nº 47, de 5 de julho de 2005, acrescidos da vantagem prevista no art. 67 da Lei nº 8.112/90, assegurada pelo art. 13 da Lei nº 9.624, de 2 de abril de 1998, e da vantagem prevista no art. 62-A da Lei 8.112/1990, acrescido da Medida Provisória nº 2.225-45, de 4 de setembro de 2001, c/c o art. 3º da Lei 8.911 de 11 de julho de 1994, em cumprimento ao Mandado de Segurança nº 2005.34.00.018471-2 da 16ª Vara da Seção Judiciária do Distrito Federal.</p>]]></Texto>
    <Autores>
      <assina>RAIMUNDO CARREIRO</assina>
    </Autores>
  </body>
</article></xml>