<xml><article id="643913" name="PORTARIA DE CANCELAMENTO DE PENS" idOficio="4588008" pubName="DO2" artType="Portaria" pubDate="01/12/2017" artClass="00017:00021:00035:00000:00000:00000:00000:00000:00000:00000:00025:00002" artSection="Ministério da Saúde" artCategory="Fundação Nacional de Saúde" artSize="8" artNotes="" numberPage="45" pdfPage="http://pesquisa.in.gov.br/imprensa/jsp/visualiza/index.jsp?data=01/12/2017&amp;jornal=529&amp;pagina=45" editionNumber="230">
  <body>
    <Identifica />
    <Data><![CDATA[]]></Data>
    <Ementa />
    <Titulo />
    <SubTitulo />
    <Texto><![CDATA[<p> A SUBSTITUTA EVENTUAL DO SUPERINTENDENTE ESTADUAL DA FUNDAÇÃO NACIONAL DE SAÚDE no Estado do RIO GRANDE DO NORTE, nomeada pela Portaria nº 214 de 06.01.2013, publicada no DOU de 08.02.2013, no uso das atribuições que lhe confere o Art. 13 do Estatuto da Fundação Nacional de Saúde, aprovado pelo Decreto nº 8.867 de 03.10.2016, publicado no DOU de 04.10.2016, tendo em vista o que consta no Processo nº 25255.001.366/2017-91, resolve:</p><p>Nº 374 - Art.1º - CANCELAR a cota parte da pensão temporária concedida a MARIA MARGARIDA SIMPLÍCIO DE SOUZA, matrícula SIAPE nº 0113905, beneficiária do instituidor AGAPITO JERONIMO DE SOUZA, matrícula SIAPE nº 521281 com base no parágrafo único do Art. 5º da Lei nº 3.373/58, por motivo de percepção de outra fonte de rendimentos, considerando os termos do Acórdão nº 2.780/2016 - TCU - Plenário, e o disposto nos Arts. 8º, inciso IV e 9º, § 1º da ON/SEGEP nº 13/2013, e revertê-la em favor da beneficiária MÔNICA MARIA SIMPLÍCIO DE SOUZA, matrícula SIAPE nº 0113972 de acordo com o disposto no artigo 7º, inciso II, da Lei nº 3.373/58.</p><p>Art.2º-Esta Portaria entra em vigor na data de sua publicação. </p>]]></Texto>
    <Autores />
  </body>
</article></xml>