<xml><article id="644180" name="PTS186E187DF" idOficio="4588067" pubName="DO2" artType="Portaria" pubDate="01/12/2017" artClass="00022:00029:00238:00005:00028:00003:00000:00000:00000:00000:00025:00009" artSection="Ministério do Desenvolvimento Social" artCategory="Instituto Nacional do Seguro Social" artSize="8" artNotes="" numberPage="49" pdfPage="http://pesquisa.in.gov.br/imprensa/jsp/visualiza/index.jsp?data=01/12/2017&amp;jornal=529&amp;pagina=49" editionNumber="230">
  <body>
    <Identifica><![CDATA[Portarias de 30 de novembro de 2017]]></Identifica>
    <Data><![CDATA[]]></Data>
    <Ementa />
    <Titulo />
    <SubTitulo />
    <Texto><![CDATA[<p> </p><p> </p><p> A CHEFE SUBSTITUTA DA SEÇÃO OPERACIONAL DA GESTÃO DE PESSOAS DA GERÊNCIA EXECUTIVA NO DISTRITO FEDERAL, no uso das atribuições que lhe confere o art. 171, inciso III, alínea "b", do Regimento Interno do INSS, aprovado pela PT/MPS nº 296 de 09.11.2009, publicada no DOU nº 214 de 10.11.2009, e tendo em vista o que consta do processo nº 37284.001413/2017-39 e 37284.000598/2016-83.RESOLVE:</p><p>N  186 - Aposentar por invalidez o servidor JOSÉ RONALDO SPADETO matrícula 1.097.030, ocupante do cargo de Perito Médico Previdenciário, classe S, padrão IV, do Quadro de Pessoal do Instituto Nacional do Seguro Social, com fundamento no inciso I do art. 40, da Constituição Federal de 05/10/1988, com a redação dada pela da Emenda Constitucional nº 41/2003, acrescida do art. 6-A pela EC 70 de 29/03/2012, com proventos integrais por está acometido de doença especificada em no § 1º do art. 186 da Lei 8.112/90. Declarar vago o referido cargo.</p><p>N  187 - Conceder aposentadoria voluntária a servidora MARIA DIOLINA MORAES BARBOZA matrícula 879.208, ocupante do cargo de Datilógrafo, classe S, padrão IV, do Quadro de Pessoal do Instituto Nacional do Seguro Social, com fundamento no art. 3º da Emenda Constitucional nº 47, de 05 de julho de 2005, com proventos integrais e demais vantagens que faz jus. Declarar vago o referido cargo.</p><p> </p>]]></Texto>
    <Autores>
      <assina>LÁZARA MARIA DA CRUZ</assina>
    </Autores>
  </body>
</article></xml>