<xml><article id="643817" name="portaria RESTOS A PAGAR n06 2017" idOficio="4587990" pubName="DO2" artType="Portaria" pubDate="01/12/2017" artClass="00017:00032:00020:00003:00000:00000:00000:00000:00000:00000:00025:00001" artSection="Ministério da Saúde" artCategory="Secretaria Especial de Saúde Indígena" artSize="8" artNotes="" numberPage="47" pdfPage="http://pesquisa.in.gov.br/imprensa/jsp/visualiza/index.jsp?data=01/12/2017&amp;jornal=529&amp;pagina=47" editionNumber="230">
  <body>
    <Identifica><![CDATA[PORTARIA N 6, DE 30 DE NOVEMBRO DE 2017]]></Identifica>
    <Data><![CDATA[]]></Data>
    <Ementa />
    <Titulo />
    <SubTitulo />
    <Texto><![CDATA[<p> O COORDENADOR DISTRITAL DE SAÚDE INDÍGENA DO DISTRITO SANITÁRIO ESPECIAL INDÍGENA KAIAPÓ DO PARÁ no uso de suas atribuições conferidas pela Portaria nº 2.870 de 27 de outubro de 2017, publicada no DOU nº 211 de 03 de novembro 2017, resolve:</p><p>               Art. 1º - Designar para realizar atualização de Notas de Empenho para inscrição de despesas de Restos a Pagar do Exercício de 2017 para 2018, em nome do Ordenador de Despesas o Servidor ADEVALDO PEREIRA DE SOUZA matrícula SIAPE: 504634 e como substituto eventual o Servidor FAOSTINO COSTA DE ARAÚJO matrícula SIAPE: 505080.</p><p>            Art. 2º Tornar sem efeito a Portaria nº 05 de 05 de dezembro de 2016.</p><p>            Art. 3º Esta portaria entra em vigor na data de sua publicação.</p>]]></Texto>
    <Autores>
      <assina>LÁZARO MARINHO AGUIAR</assina>
    </Autores>
  </body>
</article></xml>