<xml><article id="644246" name="Port.susp.Rosilene" idOficio="4588165" pubName="DO2" artType="Portaria" pubDate="01/12/2017" artClass="00012:00002:00012:00022:00000:00000:00000:00000:00000:00000:00025:00001" artSection="Ministério da Fazenda" artCategory="Secretaria Executiva" artSize="8" artNotes="" numberPage="35" pdfPage="http://pesquisa.in.gov.br/imprensa/jsp/visualiza/index.jsp?data=01/12/2017&amp;jornal=529&amp;pagina=35" editionNumber="230">
  <body>
    <Identifica><![CDATA[Portaria nº 128, de 29 de novembro de 2017]]></Identifica>
    <Data><![CDATA[]]></Data>
    <Ementa />
    <Titulo />
    <SubTitulo />
    <Texto><![CDATA[<p> O Superintendente de Administração do Ministério da Fazenda no Estado de Mato Grosso, em conformidade com as disposições estabelecidas pelo Decreto n° 7.862/2012, pela Portaria GM/MPOG n° 08/2013 e pela Orientação Normativa SEGEP n° 01/2013, resolve:</p><p>I - Tornar pública a relação de aposentado e  pensionistas que terão o pagamento dos proventos e benefício de pensão suspensos por motivo de não atendimento à convocação e respectiva notificação para realizar o recadastramento anual no mês de Agosto de 2017:</p><p>Rosilene Lacerda Costa Leal, matrículas SIAPE nº 890047 e SIAPEcad nº 826789 - Processo nº 10183.100336/2017-81 (aposentado).</p><p>II- O restabelecimento do pagamento do provento e/ou benefício de pensão fica condicionado ao recadastramento mediante comparecimento pessoal do interessado ou, quando cabível, do representante legal ou do procurador à Superintendência de Administração do Ministério da Fazenda em Mato Grosso, portando a documentação estabelecida nos artigos 5º e 6º da ON SEGEP nº 01/2013, publicada no Diário Oficial da União de 14 de janeiro de 2013.</p>]]></Texto>
    <Autores>
      <assina>Mauro de Brito Sousa</assina>
    </Autores>
  </body>
</article></xml>