<xml><article id="643055" name="2048.ADRIANA CHRISTINA - 17" idOficio="4586081" pubName="DO2" artType="Portaria" pubDate="01/12/2017" artClass="00033:00008:00001:00004:00000:00000:00000:00000:00000:00000:00025:00002" artSection="Ministério Público da União" artCategory="Ministério Público do Trabalho" artSize="8" artNotes="" numberPage="66" pdfPage="http://pesquisa.in.gov.br/imprensa/jsp/visualiza/index.jsp?data=01/12/2017&amp;jornal=529&amp;pagina=66" editionNumber="230">
  <body>
    <Identifica><![CDATA[PORTARIA Nº 2.048, DE 27 DE NOVEMBRO DE 2017]]></Identifica>
    <Data><![CDATA[]]></Data>
    <Ementa />
    <Titulo />
    <SubTitulo />
    <Texto><![CDATA[<p> A DIRETORA-GERAL ADJUNTA DO MINISTÉRIO PÚBLICO DO TRABALHO, no uso da competência que lhe foi delegada pela Portaria MPT-PGT nº 86, de 30 de março de 2016, e o que consta no PGEA nº 018534.2017.00.900/4, resolve:</p><p>Art. 1º Exonerar, a contar de 1.12.2017, a servidora ADRIANA CHRISTINA PINTO RODRIGUES, matrícula nº 6007000, do cargo em comissão de Chefe da Assessoria de Planejamento e Gestão Estratégica, código CC-5, da Procuradoria Geral do Trabalho.</p>]]></Texto>
    <Autores>
      <assina>SANDRA CRISTINA DE ARAÚJO</assina>
    </Autores>
  </body>
</article></xml>