<xml><article id="644123" name="PT165SANTOS" idOficio="4588067" pubName="DO2" artType="Portaria" pubDate="01/12/2017" artClass="00022:00029:00239:00019:00108:00000:00000:00000:00000:00000:00025:00003" artSection="Ministério do Desenvolvimento Social" artCategory="Instituto Nacional do Seguro Social" artSize="8" artNotes="" numberPage="50" pdfPage="http://pesquisa.in.gov.br/imprensa/jsp/visualiza/index.jsp?data=01/12/2017&amp;jornal=529&amp;pagina=50" editionNumber="230">
  <body>
    <Identifica><![CDATA[Portaria n 165, de 28 de novembro de 2017]]></Identifica>
    <Data><![CDATA[]]></Data>
    <Ementa />
    <Titulo />
    <SubTitulo />
    <Texto><![CDATA[<p> </p><p> </p><p> O CHEFE DA SEÇÃO OPERACIONAL DA GESTÃO DE PESSOAS DA GERÊNCIA EXECUTIVA DO INSS EM SANTOS/SP, no uso das atribuições que lhe foram delegadas pelo artigo 235 da Portaria/MDS nº 414, de 28/09/2017, publicada no DOU nº 188-A, de 29/09/2017, e tendo em vista o que consta no processo nº 35432.000999/2017-48, resolve:</p><p>Conceder aposentadoria voluntária à servidora MARIA APARECIDA BUENO PEREIRA, matrícula SIAPE 1425260, ocupante do cargo de Técnico do Seguro Social, Classe "S", Padrão "I", do quadro de Pessoal do Instituto Nacional do Seguro Social, com fundamento no Art. 40, § 1º, Inc. III, alínea "a" da Constituição Federal de 05/10/1988, com redação dada pela Emenda Constitucional nº 41/2003, e os proventos calculados na forma do Art. 1º da Lei nº 10.887/2004.</p><p>Em consequência, declarar vago o referido cargo.</p><p> </p>]]></Texto>
    <Autores>
      <assina>IDEL PROFETA RIBEIRO</assina>
    </Autores>
  </body>
</article></xml>