<xml><article id="644165" name="PTS163A165VITORIA" idOficio="4588067" pubName="DO2" artType="Portaria" pubDate="01/12/2017" artClass="00022:00029:00240:00005:00035:00003:00000:00000:00000:00000:00025:00008" artSection="Ministério do Desenvolvimento Social" artCategory="Instituto Nacional do Seguro Social" artSize="8" artNotes="" numberPage="50" pdfPage="http://pesquisa.in.gov.br/imprensa/jsp/visualiza/index.jsp?data=01/12/2017&amp;jornal=529&amp;pagina=50" editionNumber="230">
  <body>
    <Identifica><![CDATA[PORTARIAS DE 30 DE NOVEMBRO DE 2017]]></Identifica>
    <Data><![CDATA[]]></Data>
    <Ementa />
    <Titulo />
    <SubTitulo />
    <Texto><![CDATA[<p> </p><p> </p><p> O Chefe Substituto da Seção Operacional da Gestão de Pessoas da Gerência Executiva em Vitória/ES, da Superintendência Regional Sudeste II, no uso das atribuições conferidas pelo Art. 235, Inciso "I", alínea "b", do Regimento Interno do INSS, aprovado pela Portaria MDS/GM nº 414, de 28/09/2017, publicada no DOU Edição Extra nº 188-A, de 29/09/2017, Resolve:</p><p>N  163 - Conceder Aposentadoria por Invalidez a servidora Elisabeth da Silva Sanches de Oliveira, matricula Siape nº 1058016, ocupante do cargo de Técnico do Seguro Social, código 434.550, nível "NI", classe "S", padrão IV, do quadro de Pessoal do Instituto Nacional do Seguro Social, com fundamento no artigo 40, § 1º, inciso I da Constituição Federal, Redação dada pela Emenda Constitucional nº 41/03, combinada com o Art. 6-A da EC 41/03, incluído pela EC 70/2012, com proventos integrais, acrescido das demais vantagens a que faz jus. Processo nº 35059.000522/2017-77</p><p>N 164 - Conceder Pensão Vitalícia à Neide Mendes dos Santos, em face do falecimento do conjugue, Sebastião Santos, matrícula Siape nº 0955473, cargo de Técnico de Contabilidade, Classe "S", Padrão IV, falecido em 05/10/2017, que será a 100% do limite máximo estabelecido para os benefícios do regime geral de Previdência Social, acrescido de setenta por cento da parcela excedente dos proventos do servidor no cargo efetivo. Fundamentação: Art. 217, inciso II, alínea da Lei nº 8.112/90 c/c CF, Art. 40, § 7º, I, redação dada pela Lei nº 13.135/2015. Processo nº 35894.002457/2017-72.</p><p>N 165 - Conceder Pensão Vitalícia a Adilson Ferreira Peixoto, em face do falecimento da companheira, Hilda Alves de Matos, matrícula Siape nº 0631327, cargo de Técnico do Seguro Social, Classe "S", Padrão IV, falecido em 16/11/2017, que será a 100% do limite máximo estabelecido para os benefícios do regime geral de Previdência Social, acrescido de setenta por cento da parcela excedente dos proventos do servidor no cargo efetivo. Fundamentação: Art. 217, inciso II, alínea da Lei nº 8.112/90 c/c CF, Art. 40, § 7º, I, redação dada pela Lei nº 13.135/2015. ''Processo nº 35059.000573/2017-07</p><p> </p>]]></Texto>
    <Autores>
      <assina>TELMA ELITA SIQUEIRA COUTINHO</assina>
    </Autores>
  </body>
</article></xml>