<xml><article id="643793" name="4405 - PORTARIA MARIA ALICE" idOficio="4587979" pubName="DO2" artType="Portaria" pubDate="01/12/2017" artClass="00031:00002:00658:04233:00000:00000:00000:00000:00000:00000:00025:0002" artSection="Ministério dos Transportes, Portos e Aviação Civil" artCategory="Secretaria Executiva" artSize="8" artNotes="" numberPage="61" pdfPage="http://pesquisa.in.gov.br/imprensa/jsp/visualiza/index.jsp?data=01/12/2017&amp;jornal=529&amp;pagina=61" editionNumber="230">
  <body>
    <Identifica><![CDATA[PORTARIA Nº 4.405, DE 20 DE NOVEMBRO DE 2017]]></Identifica>
    <Data><![CDATA[]]></Data>
    <Ementa />
    <Titulo />
    <SubTitulo />
    <Texto><![CDATA[<p> O COORDENADOR-GERAL DE GESTÃO DE PESSOAS DO MINISTÉRIO DOS TRANSPORTES, PORTOS E AVIAÇÃO CIVIL, no uso das atribuições que lhe foram subdelegadas pela Portaria/SAAD nº. 202, art. 1°, inciso VII, de 08 de outubro de 2010, publicada no Diário Oficial da União, de 11 de outubro de 2010, resolve:</p><p>Conceder Pensão, nos termos do artigo 217, inciso I, e do artigo 222, inciso VII, alínea b, item 6 da Lei 8.112/1990, com as alterações feitas pela Lei nº 13.135/2015 e do artigo 40, § 7º da C.F. de 1988, com redação dada pela EC nº. 41/2003, bem como os artigos 2° e 15º da Lei nº. 10.887/2004, à  MARIA ALICE ALVES DA SILVA, viúva do ex-servidor ANGÉLICO PAULO DA SILVA, matrícula SIAPE Nº. 847764, originário do Extinto Departamento Nacional de Estradas de Rodagem, falecido na inatividade em 19 de setembro de 2017, cuja cota parte equivale a 100% (cem por cento) do valor correspondente à remuneração decorrente do cargo de Agente de Serviços de Engenharia (NI) Classe "S", Padrão III, com vigência a partir da Data da Publicação do Ato e efeitos financeiros a partir de 19 de setembro de 2017, data do óbito do ex-servidor. (Processo SEI nº 50000.044861/2017-24) PA.</p>]]></Texto>
    <Autores>
      <assina>ROBSON DE SOUZA ANDRADE</assina>
    </Autores>
  </body>
</article></xml>