<xml><article id="657804" name="pts 143 a 151" idOficio="4587872" pubName="DO2" artType="Portaria" pubDate="05/12/2017" artClass="00012:00054:00002:00000:00000:00000:00000:00000:00000:00000:00025:00001" artSection="Ministério da Fazenda" artCategory="Secretaria de Previdência" artSize="8" artNotes="" numberPage="29" pdfPage="http://pesquisa.in.gov.br/imprensa/jsp/visualiza/index.jsp?data=05/12/2017&amp;jornal=529&amp;pagina=29" editionNumber="232">
  <body>
    <Identifica><![CDATA[PORTARIAS DE 4 DE DEZEMBRO DE 2017]]></Identifica>
    <Data><![CDATA[]]></Data>
    <Ementa />
    <Titulo />
    <SubTitulo />
    <Texto><![CDATA[<p> A SUBSECRETÁRIA DE GESTÃO DA PREVIDÊNCIA DA SECRETARIA DE PREVIDÊNCIA, no uso da competência que lhe foi subdelegada pela Portaria SPREV nº 1, de 31 de março de 2017, publicada na seção 1, página 38 do Diário Oficial da União de 3 de abril de 2017, resolve</p><p>No 143 - Designar a servidora MARLUCE DO SOCORRO GUIMARÃES DA SILVA SOARES, matrícula no 897000, para exercer a Função Gratificada - FG-3, da Secretaria de Previdência.</p><p>No 144 - Designar a servidora THAÍS REGINA DE SANTANA, matrícula no 1732155, para exercer a Função Gratificada - FG-3, da Secretaria de Previdência.</p><p>No 145 - Designar o servidor RICARDO CARRILHO SIMÕES, matrícula no 881666, para exercer a Função Gratificada - FG-3, da Secretaria de Previdência.</p><p>No 146 - Designar o servidor JOEL DAMIÃO DOS SANTOS, matrícula no 943529, para exercer a Função Gratificada - FG-3, da Secretaria de Previdência.</p><p>No 147 - Designar o servidor THIAGO WANDERLEY FERNANDES MONTEIRO, matrícula no 1526132, para exercer a Função Gratificada - FG-3, da Secretaria de Previdência.</p><p>No 148 - Designar o servidor GUILHERME AUGUSTO CALAZANS DE AZEVEDO, matrícula no 420106, para exercer a Função Gratificada - FG-3, da Secretaria de Previdência.</p><p>No 149 - Designar a servidora MARISTELA CARVALHO PORTO TRINDADE, matrícula no 333225, para exercer a Função Gratificada - FG-3, da Secretaria de Previdência.</p><p>No 150 - Designar o servidor MARCELO KULBIEJ, matrícula no 1368656, para exercer a Função Gratificada - FG-3, da Secretaria de Previdência.</p><p>No 151 - Designar o servidor ARNÓBIO FURTADO DE LIMA, matrícula no 880828, para exercer a Função Gratificada - FG-3, da Secretaria de Previdência.</p>]]></Texto>
    <Autores>
      <assina>CINARA WAGNER FREDO</assina>
    </Autores>
  </body>
</article></xml>