<xml><article id="645479" name="DOU 2-SP-1PT-1170-UNI-109501_ter" idOficio="4588645" pubName="DO2" artType="Portaria" pubDate="01/12/2017" artClass="00033:00007:00046:00000:00000:00000:00000:00000:00000:00000:00025:00027" artSection="Ministério Público da União" artCategory="Ministério Público Federal" artSize="8" artNotes="" numberPage="66" pdfPage="http://pesquisa.in.gov.br/imprensa/jsp/visualiza/index.jsp?data=01/12/2017&amp;jornal=529&amp;pagina=66" editionNumber="230">
  <body>
    <Identifica><![CDATA[PORTARIA Nº 1.170, DE 29 DE NOVEMBRO DE 2017]]></Identifica>
    <Data><![CDATA[]]></Data>
    <Ementa />
    <Titulo />
    <SubTitulo />
    <Texto><![CDATA[<p> O PROCURADOR-CHEFE DA PROCURADORIA DA REPÚBLICA NO ESTADO DE SÃO PAULO, no uso de suas atribuições previstas no inciso II, artigo 50 da Lei Complementar nº 75, de 20 de maio de 1993, e no Regimento Interno Administrativo do MPF, aprovado pela Portaria n.º SG/MPF n.º 382, de 05 de maio de 2015, resolve:</p><p>Nomear, no período de 30/11/17 a 01/12/17, o servidor ROGERIO DE ASSIS, Matrícula nº 3273, ocupante do cargo de Técnico do MPU/Apoio Técnico-Administrativo/Téc. da Informação, para o encargo de substituto da Coordenadoria de Tecnologia da Informação e Comunicação, CC-3, da Procuradoria da República no Estado de São Paulo, por férias do titular e ausência de substituto eventual.</p>]]></Texto>
    <Autores>
      <assina>THIAGO LACERDA NOBRE</assina>
    </Autores>
  </body>
</article></xml>