<xml><article id="645488" name="DOU 2-SGP-PT-1182-UNI-486795_Yur" idOficio="4588645" pubName="DO2" artType="Portaria" pubDate="01/12/2017" artClass="00033:00007:00015:00000:00000:00000:00000:00000:00000:00000:00025:00025" artSection="Ministério Público da União" artCategory="Ministério Público Federal" artSize="8" artNotes="" numberPage="13-65" pdfPage="http://pesquisa.in.gov.br/imprensa/jsp/visualiza/index.jsp?data=01/12/2017&amp;jornal=529&amp;pagina=13,http://pesquisa.in.gov.br/imprensa/jsp/visualiza/index.jsp?data=01/12/2017&amp;jornal=529&amp;pagina=65" editionNumber="230">
  <body>
    <Identifica><![CDATA[PORTARIA Nº 1.182, DE 29 DE NOVEMBRO DE 2017]]></Identifica>
    <Data><![CDATA[]]></Data>
    <Ementa />
    <Titulo />
    <SubTitulo />
    <Texto><![CDATA[<p>  A SECRETÁRIA DE GESTÃO DE PESSOAS DO MINISTÉRIO PÚBLICO FEDERAL, no uso da competência que lhe foi atribuída pela Portaria SG/MPF nº 497, de 3 de junho de 2015, e tendo em vista o disposto no artigo 38 da Lei nº 8.112, de 11 de dezembro de 1990, e no expediente PGR-00434455/2017, resolve:</p><p>1. Dispensar REGIANNE DOS SANTOS LITO, matrícula nº 28599, do encargo de substituto eventual do Assessor-Chefe Nível V, CC-5, do Gabinete do Subprocurador-Geral da República Moacir Guimarães Morais Filho.</p><p>2. Designar ALDENIERE JACOME COSTA, Bacharel em Ciências Contábeis, requisitado do Ministério da Fazenda, matrícula nº 7285, para exercer o encargo de substituto eventual do Assessor-Chefe Nível V, CC-5, do Gabinete do Subprocurador-Geral da República Moacir Guimarães Morais Filho.</p><p>3. Designar ALDENIERE JACOME COSTA, Bacharel em Ciências Contábeis, requisitado do Ministério da Fazenda, matrícula nº 7285, para substituir, no período de 30 de novembro a 9 de dezembro de 2017, o Assessor-Chefe Nível V, CC-5, do Gabinete do Subprocurador-Geral da República Moacir Guimarães Morais Filho, por motivo de férias do titular.</p>]]></Texto>
    <Autores>
      <assina>ELOÁ TODARELLI JUNQUEIRA</assina>
    </Autores>
  </body>
</article></xml>