<xml><article id="658248" name="EXTRATO DOU PORTARIA 283B-2017 -" idOficio="4587774" pubName="DO2" artType="Portaria" pubDate="05/12/2017" artClass="00038:00183:00000:00000:00000:00000:00000:00000:00000:00000:00025:00002" artSection="Entidades de Fiscalização do Exercício das Profissões Liberais" artCategory="Conselho Regional de Educação Física da 12ª Região" artSize="8" artNotes="" numberPage="55" pdfPage="http://pesquisa.in.gov.br/imprensa/jsp/visualiza/index.jsp?data=05/12/2017&amp;jornal=529&amp;pagina=55" editionNumber="232">
  <body>
    <Identifica><![CDATA[PORTARIA nº 283, de 20 de janeiro de 2017]]></Identifica>
    <Data><![CDATA[]]></Data>
    <Ementa />
    <Titulo />
    <SubTitulo />
    <Texto><![CDATA[<p> A Presidente, no uso de suas atribuições que são conferidas pela Lei 9.696/1998, e por seu Estatuto, resolve: </p><p>Art. 1º - Exonerar, por este ato, do cargo de Pregoeiro, Antonio do Amaral Fontan Neto, portador do RG n° 2002001302854 - SSP/AL e inscrito no CPF sob o n° 014.502.854-22, a partir de 18 de janeiro de 2017.Art.2º - A presente Portaria retroage seus efeitos a partir de 18 de janeiro de 2017.Art.3° - Revogam-se as disposições em contrário.</p>]]></Texto>
    <Autores>
      <assina>Nadja Regueira Harrop</assina>
    </Autores>
  </body>
</article></xml>