<xml><article id="644783" name="PORTARIA 2474 a 2476 P 01.12.17" idOficio="4588364" pubName="DO2" artType="Portaria" pubDate="01/12/2017" artClass="00011:00111:00000:00000:00000:00000:00000:00000:00000:00000:00025:0001" artSection="Ministério da Educação" artCategory="Universidade Federal do Estado do Rio de Janeiro" artSize="8" artNotes="" numberPage="27" pdfPage="http://pesquisa.in.gov.br/imprensa/jsp/visualiza/index.jsp?data=01/12/2017&amp;jornal=529&amp;pagina=27" editionNumber="230">
  <body>
    <Identifica><![CDATA[PORTARIAS DE 24 DE NOVEMBRO DE 2017]]></Identifica>
    <Data><![CDATA[]]></Data>
    <Ementa />
    <Titulo />
    <SubTitulo><![CDATA[Pró-Reitoria de Gestão de Pessoas]]></SubTitulo>
    <Texto><![CDATA[<p> O Pró-Reitor de Gestão de Pessoas da Universidade Federal do Estado do Rio de Janeiro (UNIRIO), usando da competência que lhe foi delegada pela Portaria nº 276, de 15 de abril de 2016, resolve:</p><p>Nº 2.474 - Conceder  pensão vitalícia a SANDRA MARIA DOS SANTOS LOPES, na condição de cônjuge do  ex-servidor  Ubirajara Antonio Lopes,  matrícula SIAPE nº 398252,   Montador Soldador  B  I  12,    do Quadro de Pessoal Inativo desta Universidade, com  fundamento  nos artigos 217,  inciso I e 222, inciso VII, alínea "b", item nº 6, da Lei n° 8.112/1990, com as alterações dadas  pelo artigo 3º da Lei nº 13.135/2015,  e no que dispõe a Emenda Constitucional nº 41/2003, c/c art. 2º, inciso I, da Lei nº 10.887/2004, a partir de  8 de novembro de 2017,  data do óbito. (PROCESSO nº 23102.007619/2017-59)</p><p>Nº 2475 Conceder  pensão às beneficiárias do instituidor Jorge Luiz Teles Vieira,  matrícula SIAPE nº 397898,  Assistente em Administração - D  IV  16,  do Quadro de Pessoal Ativo desta Universidade, conforme abaixo relacionadas, com base nos fundamentos legais da Lei nº 8.1112/1990, com as alterações estabelecidas pelo artigo 3º da lei nº 13.135/2015, e no que dispõe a Emenda Constitucional nº 41/2003,  c/c art. 2º, inciso II, da Lei nº 10.887/2004, a partir de   8 de novembro de 2017,  data do óbito:</p><p> </p><table><tr /><tr><td><p>Beneficiários</p></td><td><p>Fundamento Legal -  Lei nº 8.112/1990 (nova redação)</p></td></tr><tr><td><p>Rosali Souza da Costa</p></td><td><p>Arts.217, Inc. III e 222, Inc. VII , alínea "b", item nº 6</p></td></tr><tr><td><p>Andreza da Costa Teles Vieira</p></td><td><p>Art. 217, inciso  IV, alínea "a"</p></td></tr></table><p> (PROCESSO nº 23102.007576/2017-10)</p><p>Nº 2.476 - Retificar, em parte, a Portaria nº 2.338, de 07.11.2017, publicada no D.O.U. de  10.11.2017, que trata da pensão vitalícia concedida a Maria Angélica da Silva, na qualidade de companheira do ex-servidor Bonfim José Marques , onde se lê: a partir de  04 de janeiro de 2008,  data do óbito, leia-se: a partir de  29 de agosto de 2008,  data do óbito. (PROCESSO nº 23102.006686/2017-56)</p>]]></Texto>
    <Autores>
      <assina>CARLOS ANTONIO GUILHON LOPES</assina>
    </Autores>
  </body>
</article></xml>