<xml><article id="643403" name="PLUZIAB" idOficio="4587832" pubName="DO2" artType="Portaria" pubDate="01/12/2017" artClass="00014:00018:00017:00012:00000:00000:00000:00000:00000:00000:00025:00001" artSection="Ministério da Integração Nacional" artCategory="Departamento Nacional de Obras Contra as Secas" artSize="8" artNotes="" numberPage="39" pdfPage="http://pesquisa.in.gov.br/imprensa/jsp/visualiza/index.jsp?data=01/12/2017&amp;jornal=529&amp;pagina=39" editionNumber="230">
  <body>
    <Identifica><![CDATA[PORTARIA Nº 7, DE 30 DE NOVEMBRO DE 2017]]></Identifica>
    <Data><![CDATA[]]></Data>
    <Ementa />
    <Titulo />
    <SubTitulo />
    <Texto><![CDATA[<p> O COORDENADOR ESTADUAL  DO DEPARTAMENTO NACIONAL DE OBRAS CONTRA AS SECAS EM MINAS GERAIS, usando da competência que lhe foi delegada através da Portaria nº 402/DG/DA/CRH, de 30 de agosto de 2013, publicada no Boletim Administrativo, Edição Extra, de mesma data, e tendo em vista o que consta do Processo no 59415.000403/2014-33, resolve:</p><p>CONCEDER pensão a Luzia Gonzaga Barbosa, cônjuge do ex-servidor Alberto Soares Barbosa, aposentado no cargo de Auxiliar Operacional em Agropecuária, código 482076, Classe S, Padrão I, SIAPE 736023, do Quadro de Pessoal do DNOCS, pertencente a esta Coordenadoria Estadual, com fundamento nos artigos 215, 217, inciso l, alínea "a", da lei nº 8.112/1990,e artigo 40, § 7º, inciso I da Constituição Federal de 1988, com a redação dada pela Emenda Constitucional 41/2003, calculada com base no artigo 2º, inciso I, da Lei nº 10.887/2004, com vigência a partir de 26de Julho de 2014, data do falecimento do ex-servidor.</p>]]></Texto>
    <Autores>
      <assina>Guilherme Dias Ramos</assina>
    </Autores>
  </body>
</article></xml>