<xml><article id="644582" name="EDITAL 31 e 40" idOficio="4588266" pubName="DO2" artType="Edital" pubDate="01/12/2017" artClass="00099:00017:00002:00018:00004:00000:00000:00000:00000:00000:00000:00021:00001" artSection="Editais e Avisos" artCategory="Editais e Avisos" artSize="8" artNotes="" numberPage="83" pdfPage="http://pesquisa.in.gov.br/imprensa/jsp/visualiza/index.jsp?data=01/12/2017&amp;jornal=529&amp;pagina=83" editionNumber="230">
  <body>
    <Identifica><![CDATA[EDITAL Nº 31, DE 1 DE AGOSTO DE 2017RESTABELECIMENTO DE PAGAMENTO]]></Identifica>
    <Data><![CDATA[]]></Data>
    <Ementa />
    <Titulo />
    <SubTitulo />
    <Texto><![CDATA[<p> O CHEFE DO SERVIÇO DE GESTÃO ADMINISTRATIVA DO NÚCLEO ESTADUAL DO MINISTÉRIO DA SAÚDE NO ESTADO DO ESPÍRITO SANTO, no uso de sua competência subdelegada pela Portaria n.º 1.804/SAA/SE/MS de 01.10.2013, publicada no DOU n. 192, de 03.10.2013, em conformidade com as disposições estabelecidas pelo Decreto nº 7.862/2012, de 08 de dezembro de 2012, pela Portaria nº 08 - GM/MP, de 07 de janeiro de 2013, e pela Orientação Normativa nº 01, SEGEP/MP de 10 de janeiro de 2013, resolve:</p><p>I - Tornar pública a relação de Aposentado/Pensionista que tendo realizado sua atualização cadastral terá o pagamento do provento restabelecido nos termos do art.12, da ON 1/2013/SEGEP/MP.</p><p> </p><table><tr /><tr><td><p>CPF</p></td><td><p>APOSENATO/PENSIONISTA</p></td></tr><tr><td><p>047.855.007-35</p></td><td><p>OZIETE GUIMARÃES</p></td></tr></table><p>II - O crédito do pagamento restabelecido será efetivado na 1ª folha de pagamento disponível para inclusão. </p><p>O CHEFE DO SERVIÇO DE GESTÃO ADMINISTRATIVA DO NÚCLEO ESTADUAL DO MINISTÉRIO DA SAÚDE NO ESTADO DO ESPÍRITO SANTO, no uso de sua competência subdelegada pela Portaria n.º 1.804/SAA/SE/MS de 01.10.2013, publicada no DOU n. 192, de 03.10.2013, em conformidade com as disposições estabelecidas pelo Decreto nº 7.862/2012, de 08 de dezembro de 2012, pela Portaria nº 08 - GM/MP, de 07 de janeiro de 2013, e pela Orientação Normativa nº 1 - SEGEP/MP, de 10 de janeiro de 2013, resolve:</p><p>I - Tornar pública a relação dos aposentados e/ou pensionistas que terão o pagamento do provento e/ou benefício de pensão suspenso por motivo de não atendimento à convocação e respectiva notificação para  realizar  o recadastramento anual no mês do aniversário, referente a AGOSTO/2017:</p><p> </p><table><tr /><tr><td><p>CPF</p></td><td><p>PENSIONISTA</p></td></tr><tr><td><p>086.505.607-25</p></td><td><p>SEBASTIANA SILVA DOS SANTOS</p></td></tr></table><p>II - O restabelecimento do pagamento do provento e/ou do benefício de pensão fica condicionado ao recadastramento mediante comparecimento pessoal do interessado na Unidade de Recursos Humanos, sito à Rua Moacyr Strauch, n.º 85, Bairro Santa Luiza, Vitória/ES, CEP 29.045-220, portando a documentação estabelecida nos arts. 5º e 6º da ON SEGEP Nº 1, publicada no Diário Oficial da União de 14 de janeiro de 2013.</p><p>III- Na hipótese de moléstia grave ou de impossibilidade de locomoção do aposentado e/ou pensionista deverá ser solicitada visita técnica, por meio de telefone (27) 3145-2709, para comprovação de vida titular do benefício, ficando o pagamento restabelecido provisoriamente até que seja realizada a visita.</p>]]></Texto>
    <Autores>
      <assina>RAULINO PEREIRA GOUVEIA</assina>
      <assina>RAULINO PEREIRA GOUVEIA</assina>
    </Autores>
  </body>
</article></xml>