<xml><article id="644465" name="Portaria n 191 Altera Portaria d" idOficio="4588227" pubName="DO2" artType="Ato" pubDate="01/12/2017" artClass="00017:00021:00025:00000:00000:00000:00000:00000:00000:00000:00001:00001" artSection="Ministério da Saúde" artCategory="Fundação Nacional de Saúde" artSize="8" artNotes="" numberPage="45" pdfPage="http://pesquisa.in.gov.br/imprensa/jsp/visualiza/index.jsp?data=01/12/2017&amp;jornal=529&amp;pagina=45" editionNumber="230">
  <body>
    <Identifica><![CDATA[PORTARIA N 191, DE 28 DE NOVEMBRO DE 2017.]]></Identifica>
    <Data><![CDATA[]]></Data>
    <Ementa />
    <Titulo />
    <SubTitulo />
    <Texto><![CDATA[<p>            A SUPERINTENDENTE ESTADUAL SUBSTUTUTA DA FUNDAÇÃO NACIONAL DE SAÚDE NO ESTADO DE GOIÁS, usando das atribuições que lhe confere o artigo 13º do Estatuto aprovado pelo Decreto nº 7.335, publicado no DOU de 20/10/2010 e de acordo com a competência que lhe foi subdelegada através da Portaria nº 692 de 20/08/2012, publicada no DOU nº 162, de 21 subsequente e tendo em vista o que consta do processo nº 25160.002.179/2017-84,      resolve:</p><p>           Art.1º ALTERAR a Portaria nº 185, de 21/11/2017, publicada no DOU nº 226 de 27/11/2017, na parte que concedeu pensão vitalícia à CILIA AMADO DE SOUSA, para excluir o Inciso I, do Art. 2º da Lei 10.887/04, e incluir o Art. 7º da EC 41/2003. </p>]]></Texto>
    <Autores>
      <assina>MARIA CONCEIÇÂO MACHADO DOS ANJOS</assina>
    </Autores>
  </body>
</article></xml>