<xml><article id="644960" name="91 - Licideia Almeida da Silva" idOficio="4588449" pubName="DO2" artType="Portaria" pubDate="01/12/2017" artClass="00010:00008:00007:00008:00000:00000:00000:00000:00000:00000:00025:00002" artSection="Ministério da Defesa" artCategory="Comando do Exército" artSize="8" artNotes="" numberPage="9" pdfPage="http://pesquisa.in.gov.br/imprensa/jsp/visualiza/index.jsp?data=01/12/2017&amp;jornal=529&amp;pagina=9" editionNumber="230">
  <body>
    <Identifica><![CDATA[PORTARIA Nº 91 - SAP/1, RIO DE JANEIRO, DE 24 DE NOVEMBRO DE 2017]]></Identifica>
    <Data><![CDATA[]]></Data>
    <Ementa />
    <Titulo />
    <SubTitulo />
    <Texto><![CDATA[<p> O COMANDANTE DA 1ª REGIÃO MILITAR, no uso da competência que lhe foi subdelegada pelo inciso IX, artigo 2º da Portaria nº 192-DGP, de 1º de outubro de 2015, publicada no Boletim do Exército nº 41, de 9 de outubro de 2015, resolve:</p><p>  CONCEDER PENSÃO vitalícia à LICIDEIA ALMEIDA DA SILVA, CPF nº 024.231.947-57, viúva do ex-servidor WALTER RODRIGUES DA SILVA, enquadrado na Carreira de Tecnologia Militar, matrícula n° 0063294, falecido em 08 de novembro de 2017, tendo como referência atual o cargo de Artífice de Mecânica, com o percentual de 100% (cem por cento), de acordo com o inciso I, do artigo 217, combinado com o item 6, alínea "b", inciso VII, do artigo 222, ambos da Lei 8112/1990, de 11 de dezembro de 1990, em conformidade com a nova redação dada pela Lei nº 13.135/15, de 17 de junho de 2015, com vigência da pensão a contar da data do óbito do ex-servidor (1ª RM - SAP/1-Rio).</p><p> </p>]]></Texto>
    <Autores>
      <assina>Gen Div LAERTE DE SOUZA SANTOS</assina>
    </Autores>
  </body>
</article></xml>