<xml><article id="643799" name="srh3788" idOficio="4587985" pubName="DO2" artType="Portaria" pubDate="01/12/2017" artClass="00011:00107:00000:00000:00000:00000:00000:00000:00000:00000:00025:00001" artSection="Ministério da Educação" artCategory="Universidade Federal de Campina Grande" artSize="8" artNotes="" numberPage="26" pdfPage="http://pesquisa.in.gov.br/imprensa/jsp/visualiza/index.jsp?data=01/12/2017&amp;jornal=529&amp;pagina=26" editionNumber="230">
  <body>
    <Identifica><![CDATA[PORTARIA Nº 3.788, DE 24 DE NOVEMBRO DE 2017]]></Identifica>
    <Data><![CDATA[]]></Data>
    <Ementa />
    <Titulo />
    <SubTitulo />
    <Texto><![CDATA[<p> O REITOR DA UNIVERSIDADE FEDERAL DE CAMPINA GRANDE, no uso das atribuições que lhe confere o Estatuto e, tendo em vista o disposto na Lei 8.112/90, resolve,</p><p> Conceder aposentadoria voluntária com proventos integrais ao servidor EDMILSON CHAGAS DE OLIVEIRA, matrícula SIAPE nº0333662, ocupante do cargo de Vigilante, Classe D-II-16, lotado na Subprefeitura Universitária -CCJS, código de vaga 257431 , com fundamento no Art. 3º da Emenda Constitucional nº 47/2005. (Processo nº 23096.039070/17-10).</p><p>Art. 2º - Esta portaria entra em vigor na data de sua publicação.</p>]]></Texto>
    <Autores>
      <assina>VICEMÁRIO SIMÕES</assina>
    </Autores>
  </body>
</article></xml>