<xml><article id="645434" name="PT92CURITIBA" idOficio="4588636" pubName="DO2" artType="Portaria" pubDate="01/12/2017" artClass="00022:00029:00241:00004:00025:00002:00000:00000:00000:00000:00025:00004" artSection="Ministério do Desenvolvimento Social" artCategory="Instituto Nacional do Seguro Social" artSize="8" artNotes="" numberPage="50" pdfPage="http://pesquisa.in.gov.br/imprensa/jsp/visualiza/index.jsp?data=01/12/2017&amp;jornal=529&amp;pagina=50" editionNumber="230">
  <body>
    <Identifica><![CDATA[PORTARIA N 92, DE 30 DE NOVEMBRO DE 2017]]></Identifica>
    <Data><![CDATA[]]></Data>
    <Ementa />
    <Titulo />
    <SubTitulo />
    <Texto><![CDATA[<p> </p><p> </p><p> O CHEFE DA SEÇÃO OPERACIONAL DA SEÇÃO DE PESSOAS, DA GERÊNCIA EXECUTIVA DO INSS EM CURITIBA, NO ESTADO DO PARANÁ, no uso da competência conferida pelo artigo 235 do Regimento Interno, aprovado pela Portaria/MDS/GM nº 414, de 28/09/2017, publicada no DOU nº 188-A, de 29/09/2017, e tendo em vista o que consta do processo nº 35183.002330/2017-70, resolve:</p><p>Conceder aposentadoria voluntária a servidora ROSY DIVANIR DE MELO, matrícula SIAPE 0.901.833, ocupante do cargo de Agente de Serviços Diversos, NI-434550, Classe S, Padrão IV, do Quadro de Pessoal do Instituto Nacional do Seguro Social, com fundamento no artigo 3º da Emenda Constitucional nº 47/2005, com proventos integrais, com base na remuneração do cargo e demais vantagens a que faz jus. Em conseqüência declaro vago o referido cargo.</p>]]></Texto>
    <Autores>
      <assina>JAIME LUIZ PAIANO</assina>
    </Autores>
  </body>
</article></xml>