<xml><article id="644498" name="30.11.2017 CGGP-Subst 1" idOficio="4588249" pubName="DO2" artType="Portaria" pubDate="01/12/2017" artClass="00015:00034:00242:00053:00000:00000:00000:00000:00000:00000:00025:00004" artSection="Ministério da Justiça e Segurança Pública" artCategory="Fundação Nacional do Índio" artSize="8" artNotes="" numberPage="41" pdfPage="http://pesquisa.in.gov.br/imprensa/jsp/visualiza/index.jsp?data=01/12/2017&amp;jornal=529&amp;pagina=41" editionNumber="230">
  <body>
    <Identifica><![CDATA[PORTARIA Nº 405, DE 29 DE NOVEMBRO DE 2017]]></Identifica>
    <Data><![CDATA[]]></Data>
    <Ementa />
    <Titulo />
    <SubTitulo />
    <Texto><![CDATA[<p> O COORDENADOR-GERAL DE GESTÃO DE PESSOAS SUBSTITUTO DA FUNDAÇÃO NACIONAL DO ÍNDIO - FUNAI, no uso das atribuições que lhe são conferidas pela Portaria nº 972/PRES, de 15 de agosto de 2013, publicada no Diário Oficial da União nº 159, de 19 de agosto de 2013, e tendo em vista o que consta no Processo nº 08770.000017/2017-12, resolve:</p><p>Art. 1º Aposentar a servidora LENISE NAZARÉ SILVA DE SOUSA, matrícula nº 0445403, no cargo de Assistente Administrativo, NI-S-III, do Quadro de Pessoal da Fundação Nacional do Índio - Funai, lotada na Coordenação Técnica Local de Belém-PA, subordinada à Coordenação Regional do Baixo Tocantins-PA, com fundamento no artigo 40, § 1º, inciso III, alínea "a" da Constituição Federal/1988, com redação dada pelo artigo 3º da Emenda Constitucional nº 47/05, acrescidos da vantagem do artigo 62-A da Lei nº 8.112/90. </p><p>Art. 2º Declarar vago o cargo ocupado pela servidora, nos termos do artigo 33, inciso VII da Lei nº 8.112/90.</p><p>Art. 3º Esta portaria entra em vigor na data de sua publicação.</p>]]></Texto>
    <Autores>
      <assina>HAROLDO NIEMEYER RESENDE</assina>
    </Autores>
  </body>
</article></xml>