<xml><article id="644726" name="DESPACHO_PRORROGA_JOSÉ VALENTE D" idOficio="4588356" pubName="DO2" artType="Despacho" pubDate="01/12/2017" artClass="00012:00015:00000:00000:00000:00000:00000:00000:00000:00000:00019:00001" artSection="Ministério da Fazenda" artCategory="Banco do Nordeste do Brasil S/A" artSize="8" artNotes="" numberPage="36" pdfPage="http://pesquisa.in.gov.br/imprensa/jsp/visualiza/index.jsp?data=01/12/2017&amp;jornal=529&amp;pagina=36" editionNumber="230">
  <body>
    <Identifica><![CDATA[DESPACHO DO PRESIDENTE]]></Identifica>
    <Data><![CDATA[]]></Data>
    <Ementa />
    <Titulo />
    <SubTitulo />
    <Texto><![CDATA[<p> O Presidente do Banco do Nordeste do Brasil S.A., no uso de suas atribuições legais, autoriza o empregado JOSÉ VALENTE DE LIMA FILHO a afastar-se do país no período de outubro de 2017 a outubro de 2019, trânsito incluído, na forma da Portaria GMF nº 530, de 11 de novembro de 2009, e suas alterações, a fim de dar continuidade ao Doutorado em Gestão de Empresas, que está sendo realizado na Universidade de Coimbra, em Portugal, com ônus.  </p>]]></Texto>
    <Autores>
      <assina>MARCOS COSTA HOLANDA</assina>
    </Autores>
  </body>
</article></xml>