<xml><article id="644063" name="Ports__110425" idOficio="4588045" pubName="DO2" artType="Portaria" pubDate="01/12/2017" artClass="00011:00032:00001:00000:00000:00000:00000:00000:00000:00000:00025:00001" artSection="Ministério da Educação" artCategory="Fundação Universidade Federal do Mato Grosso do Sul" artSize="8" artNotes="" numberPage="16" pdfPage="http://pesquisa.in.gov.br/imprensa/jsp/visualiza/index.jsp?data=01/12/2017&amp;jornal=529&amp;pagina=16" editionNumber="230">
  <body>
    <Identifica><![CDATA[PORTARIAS de 23 de novembro de 2017]]></Identifica>
    <Data><![CDATA[]]></Data>
    <Ementa />
    <Titulo />
    <SubTitulo />
    <Texto><![CDATA[<p> </p><p>O REITOR DA FUNDAÇÃO UNIVERSIDADE FEDERAL DE MATO GROSSO DO SUL, no uso de suas atribuições legais e tendo em vista o que consta do Processo n.º 23104.008976/2010-48, resolve:</p><p> N  1.441 -  Conceder aposentadoria voluntária a Marcionílio Ferreira da Silva, matrícula Siape nº 0433911, integrante da Carreira Técnico-Administrativa, do quadro de pessoal desta Universidade, ocupante do cargo de Auxiliar de Laboratório, Classe B, Nível de Capacitação 4, Padrão 16, nos termos do artigo 3º, incisos I a III, da Emenda Constitucional nº 47/05, com proventos integrais e vinte e dois por cento de anuênio.</p><p>O REITOR DA FUNDAÇÃO UNIVERSIDADE FEDERAL DE MATO GROSSO DO SUL, no uso de suas atribuições legais e tendo em vista o que consta do Processo n.º 23104.005995/2017-99, resolve:</p><p> N  1.442 - Conceder aposentadoria voluntária a Arlete Terezinha Delalibera, matrícula Siape nº 0431751, código de vaga 340071, integrante da Carreira Técnico-Administrativa, do quadro de pessoal desta Universidade, ocupante do cargo de Assistente em Administração, Classe D, Nível de Capacitação 4, Padrão 16, nos termos do artigo 3º, incisos I a III, da Emenda Constitucional nº 47/05, com proventos integrais e vinte e cinco por cento de anuênio.</p><p> </p>]]></Texto>
    <Autores>
      <assina>MARCELO AUGUSTO SANTOS TURINE</assina>
    </Autores>
  </body>
</article></xml>