<xml><article id="645218" name="FNDE2_PORTARIA Nº 845, DE 27 DE " idOficio="4588564" pubName="DO2" artType="Portaria" pubDate="01/12/2017" artClass="00011:00046:00000:00000:00000:00000:00000:00000:00000:00000:00025:00001" artSection="Ministério da Educação" artCategory="Fundo Nacional de Desenvolvimento da Educação" artSize="8" artNotes="" numberPage="18" pdfPage="http://pesquisa.in.gov.br/imprensa/jsp/visualiza/index.jsp?data=01/12/2017&amp;jornal=529&amp;pagina=18" editionNumber="230">
  <body>
    <Identifica><![CDATA[PORTARIA N 845, DE 27 DE NOVEMBRO DE 2017]]></Identifica>
    <Data><![CDATA[]]></Data>
    <Ementa />
    <Titulo />
    <SubTitulo />
    <Texto><![CDATA[<p> </p><p> O DIRETOR DE ADMINISTRAÇÃO do FUNDO NACIONAL DE DESENVOLVIMENTO DA EDUCAÇÃO - FNDE, nomeado por meio da Portaria n° 471, publicada no Diário Oficial da União, de 08 de maio de 2017, no uso da atribuição que lhe confere a alínea a, do inciso I, do art. 1º, da Portaria nº 224-FNDE, de 19 de maio de 2016, publicado no Diário Oficial da União de 20 de maio de 2016, e tendo em vista o que consta no processo nº 23034.052173/2017-78, resolve:</p><p>Art. 1º Conceder aposentadoria voluntária integral ao servidor ANTÔNIO DE FARIA DUTRA FILHO, matrícula SIAPE nº 0046731, ocupante do cargo de Administrador, Classe D, Padrão IV, do Quadro de Pessoal Permanente desta Autarquia, com fundamento no Artigo 3º, Incisos I, II, III e parágrafo único, da Emenda Constitucional nº 047/2005 e a Vantagem Pessoal Nominalmente Identificada - VPNI, art. 62-A, Lei nº 8112/90.</p><p>Art. 2º Declarar, em decorrência, a vacância do cargo acima mencionado.</p><p>Art. 3º Esta portaria entra em vigor na data de sua publicação.</p>]]></Texto>
    <Autores>
      <assina>DERNIVAL NETO</assina>
    </Autores>
  </body>
</article></xml>