<xml><article id="644885" name="RETIFICAÇÃO Port617" idOficio="4588418" pubName="DO2" artType="Retificação" pubDate="01/12/2017" artClass="00033:00008:00002:00000:00000:00000:00000:00000:00000:00000:00032:00001" artSection="Ministério Público da União" artCategory="Ministério Público do Trabalho" artSize="8" artNotes="" numberPage="67" pdfPage="http://pesquisa.in.gov.br/imprensa/jsp/visualiza/index.jsp?data=01/12/2017&amp;jornal=529&amp;pagina=67" editionNumber="230">
  <body>
    <Identifica><![CDATA[RETIFICAÇÃO]]></Identifica>
    <Data><![CDATA[]]></Data>
    <Ementa />
    <Titulo />
    <SubTitulo />
    <Texto><![CDATA[<p> No artigo 1º da Portaria nº 617.2017, de 16 de novembro de 2017, publicado no Diário Oficial da União nº 221, Seção 2, página 52, com circulação em 20 de novembro de 2017;</p><p>Onde se lê: "Art. 1º Tornar sem efeito a Portaria nº 578.2017, de 20 de outubro de 2017, publicada no Diário Oficial da União nº 204, seção 2, página 43, com circulação em 24 de outubro de 2017."</p><p>Leia-se: "Art. 1º Tornar sem efeito o artigo 2º da Portaria nº 578.2017, de 20 de outubro de 2017, publicada no Diário Oficial da União nº 204, seção 2, página 43, com circulação em 24 de outubro de 2017."</p>]]></Texto>
    <Autores />
  </body>
</article></xml>