<xml><article id="644231" name="Of. 506 - NOMEAÇÃO - CARGO DE PR" idOficio="4588135" pubName="DO2" artType="Portaria" pubDate="01/12/2017" artClass="00011:00038:00000:00000:00000:00000:00000:00000:00000:00000:00025:00001" artSection="Ministério da Educação" artCategory="Fundação Universidade Federal de Rondônia" artSize="24" artNotes="" numberPage="12-17" pdfPage="http://pesquisa.in.gov.br/imprensa/jsp/visualiza/index.jsp?data=01/12/2017&amp;jornal=529&amp;pagina=12,http://pesquisa.in.gov.br/imprensa/jsp/visualiza/index.jsp?data=01/12/2017&amp;jornal=529&amp;pagina=17" editionNumber="230">
  <body>
    <Identifica><![CDATA[PORTARIA Nº 1.047, DE 29 DE NOVEMBRO DE 2017]]></Identifica>
    <Data><![CDATA[]]></Data>
    <Ementa />
    <Titulo />
    <SubTitulo />
    <Texto><![CDATA[<p> O REITOR DA FUNDAÇÃO UNIVERSIDADE FEDERAL DE RONDÔNIA (UNIR), no uso das atribuições que lhe são conferidas mediante o artigo 7º da Lei n° 7.011, de 08 de julho de 1982; o artigo 11 do Estatuto da UNIR; o Decreto Presidencial publicado no DOU nº 222, de 21 de novembro de 2016, seção 2, p.1; e considerando o que consta nos Processos abaixo relacionados, resolve:</p><p>Art. 1º Nomear para o Cargo Efetivo de Professor do Magistério Superior de acordo com o Edital nº 03/2017/GR/UNIR, de 11 de julho de 2017, publicado no DOU nº 136, de 18 de julho de 2017, seção 3, páginas 34-38; E edital de homologação do Resultado Final publicado no DOU nº 197 de 13 de outubro de 2017, seção 3, pagina 40 , os seguintes candidatos:</p><p /><p> </p><table><tr /><tr><td><p>Departamento / Área</p></td><td><p>SUBÁREA</p></td><td><p>NÍVEL / DENOMINAÇÃO</p></td><td><p>REGIME</p></td><td><p>CÓD. VAGA</p></td><td><p>CLASSIFICAÇÃO / CANDIDATO</p></td><td><p>PROCESSO</p></td></tr><tr><td><p>PORTO VELHO</p></td></tr><tr><td><p>Administração - Administração</p></td><td><p>******</p></td><td><p>Adjunto A</p></td><td><p>DE</p></td><td><p>307481</p></td><td><p>1º Lugar - Fabio Rogério de Morais </p></td><td><p>23118.003500/2017-38</p></td></tr><tr><td><p>Biologia - Ensino</p></td><td><p>Ensino de Ciências e Matemática</p></td><td><p>Adjunto A</p></td><td><p>DE</p></td><td><p>307508</p></td><td><p>1º Lugar - Lorena Candice de Araujo Andrade</p></td><td><p>23118.003497/2017-52</p></td></tr><tr><td><p>ARIQUEMES</p></td></tr><tr><td><p>Departamento de Engenharia de Alimentos - Engenharia Química</p></td><td><p>******</p></td><td><p>Auxiliar</p></td><td><p>DE</p></td><td><p>261515</p></td><td><p>1º Lugar - German Ayala Valencia</p></td><td><p>23118.003432/2017-15</p></td></tr><tr><td><p>Departamento de Engenharia de Alimentos - Ciência e Tecnologia de Alimentos</p></td><td><p>Engenharia de Alimentos</p></td><td><p>Auxiliar</p></td><td><p>DE</p></td><td><p>856883</p></td><td><p>1º Lugar -  Ladyslene Christhyns de Paula</p></td><td><p>23118.003430/2017-18</p></td></tr><tr><td><p>Departamento de Educação - Educação</p></td><td><p>******</p></td><td><p>Assistente A</p></td><td><p>DE</p></td><td><p>307542</p></td><td><p>1º Lugar - Josué José de Carvalho Filho</p></td><td><p>23118.003501/2017-82</p></td></tr><tr><td><p>JI-PARANÁ</p></td></tr><tr><td><p>Matemática e Estatística - Probabilidade e Estatística</p></td><td><p>Estatística; Probabilidade e Estatística Aplicada</p></td><td><p>Assistente A</p></td><td><p>DE</p></td><td><p>916597</p></td><td><p>1º Lugar - Laís Mayara Azevedo Barroso</p></td><td><p>23118.003435/2017-41</p></td></tr><tr><td><p>Ciências Humanas e Sociais - Educação</p></td><td><p>Tópicos Específicos de Educação</p></td><td><p>Adjunto A</p></td><td><p>DE</p></td><td><p>253983</p></td><td><p>1º Lugar - Isaura Isabel Conte </p></td><td><p>23118.003434/2017-04</p></td></tr><tr><td><p>ROLIM DE MOURA</p></td></tr><tr><td><p>Departamento de História - História</p></td><td><p>História Moderna e Contemporânea </p></td><td><p>Adjunto A</p></td><td><p>DE</p></td><td><p>896981</p></td><td><p>1º Lugar - Daniela Paiva Yabeta de Moraes</p></td><td><p>23118.003574/2017-74</p></td></tr><tr><td /><td><p>Ensino de História</p></td><td><p>Adjunto A</p></td><td><p>DE</p></td><td><p>307426</p></td><td><p>1º Lugar - Tadeu Pereira dos Santos </p></td><td><p>23118.003573/2017-20</p></td></tr><tr><td><p>Educação - Educação</p></td><td><p>Ensino, Aprendizagem, Métodos e Técnicas de Ensino</p></td><td><p>Assistente A</p></td><td><p>DE</p></td><td><p>307676</p></td><td><p>1º Lugar - Pâmela Vicentini Faeti</p></td><td><p>23118.003572/2017-85</p></td></tr><tr><td><p>Educação - Lingüística, Letras e Artes</p></td><td><p>Língua Portuguesa</p></td><td><p>Assistente A</p></td><td><p>DE</p></td><td><p>856929</p></td><td><p>1º Lugar - Marina Silva Ruivo </p></td><td><p>23118.003502/2017-27</p></td></tr><tr><td><p>Educação - Ensino</p></td><td><p>Ensino de Ciências e Matemática</p></td><td><p>Adjunto A</p></td><td><p>DE</p></td><td><p>929580</p></td><td><p>1º Lugar - Andriele Ferreira Muri Leite </p></td><td><p>23118.003498/2017-05</p></td></tr></table><p>Art. 2º Nos termos do art. 13, § 1º, da Lei nº 8.112, de 11 de dezembro de 1990, fixar o prazo máximo de 30 (trinta) dias para a posse, contados da publicação desta portaria.</p><p>§ 1º A presente nomeação será tornada sem efeito se o candidato nomeado não tomar posse no prazo fixado no caput deste artigo (art. 13, § 6º, da Lei nº 8.112, de 1990).</p><p>Art. 3º Esta portaria entrará em vigor a partir de sua publicação no Diário Oficial da União.</p>]]></Texto>
    <Autores>
      <assina>Ari Miguel Teixeira Ott</assina>
    </Autores>
  </body>
</article></xml>