<xml><article id="645563" name="DOU 2-MG-1PT-504-UNI-62031_CRIP0" idOficio="4588645" pubName="DO2" artType="Portaria" pubDate="01/12/2017" artClass="00033:00007:00034:00000:00000:00000:00000:00000:00000:00000:00025:00002" artSection="Ministério Público da União" artCategory="Ministério Público Federal" artSize="8" artNotes="" numberPage="65" pdfPage="http://pesquisa.in.gov.br/imprensa/jsp/visualiza/index.jsp?data=01/12/2017&amp;jornal=529&amp;pagina=65" editionNumber="230">
  <body>
    <Identifica><![CDATA[PORTARIA Nº 504, de 29 de Novembro de 2017]]></Identifica>
    <Data><![CDATA[]]></Data>
    <Ementa />
    <Titulo />
    <SubTitulo />
    <Texto><![CDATA[<p> A PROCURADORA-CHEFE DA PROCURADORIA DA REPÚBLICA NO ESTADO DE MINAS GERAIS, no uso da competência prevista pela Portaria PGR/MPF nº 357, de 05 de maio de 2015, resolve:</p><p>1 - Dispensar, a partir de 23/11/2017, FLÁVIA CRISTINA SANT''ANNA DE MELO, matrícula 28521-8, ocupante do cargo de Técnico do MPU /Apoio Técnico- Administrativo / Administração, da função de confiança de Chefe do Setor Jurídico, código FC-01, da Procuradoria da República no Município de Paracatu no Estado de Minas Gerais;</p><p>2 - Designar CLÁUDIA PEREIRA DE FRANÇA, matrícula 28688-5, ocupante do cargo de Técnico do MPU / Apoio Técnico-Administrativo / Administração, para exercer a função de confiança de Chefe do Setor Jurídico, Código FC-01, da Procuradoria da República no Município de Paracatu no Estado de Minas Gerais.</p><p> </p>]]></Texto>
    <Autores>
      <assina>Isabela De Holanda Cavalcanti</assina>
    </Autores>
  </body>
</article></xml>