<xml><article id="644678" name="PT 152 SOGP JOÃO PESSOA" idOficio="4588312" pubName="DO2" artType="Portaria" pubDate="01/12/2017" artClass="00022:00029:00237:00022:00029:00000:00000:00000:00000:00000:00025:00003" artSection="Ministério do Desenvolvimento Social" artCategory="Instituto Nacional do Seguro Social" artSize="8" artNotes="" numberPage="48" pdfPage="http://pesquisa.in.gov.br/imprensa/jsp/visualiza/index.jsp?data=01/12/2017&amp;jornal=529&amp;pagina=48" editionNumber="230">
  <body>
    <Identifica><![CDATA[PORTARIA N 152, DE 30 DE NOVEMBRO DE 2017]]></Identifica>
    <Data><![CDATA[]]></Data>
    <Ementa />
    <Titulo />
    <SubTitulo />
    <Texto><![CDATA[<p> </p><p> </p><p> A CHEFE DA SEÇÃO OPERACIONAL DA GESTÃO DE PESSOAS SUBSTITUTA, DA GERÊNCIA EXECUTIVA DO INSS EM JOÃO PESSOA-PB, no uso das atribuições conferidas no art. 235, do Regimento Interno do INSS, aprovado pela Portaria/MDS/GM/Nº 414, de 28.09.2017, publicada no DOU/Nº 188, de 29.09.2017, que aprova o Regimento Interno do INSS, resolve:</p><p>Conceder aposentadoria voluntária integral a servidora TÂNIA MARIA DA CUNHA DONATO, mat. SIAPE nº 1.106.183, ocupante do cargo de Técnico do Seguro Social, Classe "S", Padrão "IV", do Quadro de Pessoal do Instituto Nacional do Seguro Social, com fundamento no art. 3º, da Emenda Constitucional nº 47/2005, com proventos integrais, observando o contido no Processo nº 35172.000912/2017-41, declarando, em consequência, o referido cargo vago. </p><p> </p>]]></Texto>
    <Autores>
      <assina>FRANCISCA PINAGÉ ALVES DE LIMA</assina>
    </Autores>
  </body>
</article></xml>