<xml><article id="645503" name="DOU 2-PRR1-1PT-246-UNI-34654_CRI" idOficio="4588645" pubName="DO2" artType="Portaria" pubDate="01/12/2017" artClass="00033:00007:00017:00000:00000:00000:00000:00000:00000:00000:00025:00021" artSection="Ministério Público da União" artCategory="Ministério Público Federal" artSize="8" artNotes="" numberPage="65" pdfPage="http://pesquisa.in.gov.br/imprensa/jsp/visualiza/index.jsp?data=01/12/2017&amp;jornal=529&amp;pagina=65" editionNumber="230">
  <body>
    <Identifica><![CDATA[PORTARIA Nº 246, DE 28 DE NOVEMBRO DE 2017]]></Identifica>
    <Data><![CDATA[]]></Data>
    <Ementa />
    <Titulo />
    <SubTitulo />
    <Texto><![CDATA[<p> A PROCURADORA-CHEFE REGIONAL DA PROCURADORIA REGIONAL DA REPÚBLICA DA 1ª REGIÃO, no uso das atribuições legais conferidas pela Portaria PGR nº 1.036, de 27 de setembro de 2017, e pelo inc. VI do art. 33 do Regimento Interno Administrativo do Ministério Público Federal, aprovado pela Portaria PGR n° 382, de 05 de maio de 2015, e tendo em vista o disposto no artigo 9º, inciso II, da Lei nº 8.112, de 11/12/90, e na Portaria PGR/MPU nº 287, de 12 de junho de 2007, resolve:</p><p>Art. 1º Exonerar a servidora RENATA MAIA PINHEIRO FLECHA, matrícula MPF nº 18938, ocupante do cargo efetivo de Técnico do MPU/ Apoio Técnico-administrativo/ Administração, do cargo em comissão de Assessor, Nível II, CC-2, da Chefia de Gabinete da PRR 1ª Região - CG/PRR1.</p><p>Art. 2º. Exonerar a servidora ISLENE VIEIRA GUEDES DOS SANTOS, matrícula MPF nº 18732, ocupante do cargo efetivo de Técnico do MPU/ Apoio Técnico-administrativo/ Administração, do cargo em comissão de Supervisor, CC-1, da Secretaria Regional da PRR 1ª Região - SECREG/PRR1.</p><p>Art. 3º. Dispensar a servidora PRISCILA LOMBARDI DA CRUZ, matrícula MPF nº 29128, ocupante do cargo efetivo de Analista do MPU/ Apoio Técnico-especializado/ Gestão Pública, da função de Secretário, Nível I, FC-01, da Secretaria Regional da PRR 1ª Região - SECREG/PRR1.</p><p>Art. 4º. Nomear a servidora PRISCILA LOMBARDI DA CRUZ, matrícula MPF nº 29128, ocupante do cargo efetivo de Analista do MPU/ Apoio Técnico-especializado/ Gestão Pública, para o cargo em comissão de Supervisor, CC-1, da Secretaria Regional da PRR 1ª Região - SECREG/PRR1.</p><p>Art. 5º. Nomear a servidora ISLENE VIEIRA GUEDES DOS SANTOS, matrícula MPF nº 18732, ocupante do cargo efetivo de Técnico do MPU/ Apoio Técnico-administrativo/ Administração, para o cargo em comissão de Assessor, Nível II, CC-2, da Chefia de Gabinete da PRR 1ª Região - CG/PRR1.</p><p>Art. 6º. Esta portaria entra em vigor na data de sua publicação.</p><p> </p>]]></Texto>
    <Autores>
      <assina>Valquíria Oliveira Quixadá Nunes</assina>
    </Autores>
  </body>
</article></xml>