<xml><article id="644261" name="Portaria Aposentadoria - Maria L" idOficio="4588075" pubName="DO2" artType="Portaria" pubDate="01/12/2017" artClass="00012:00002:00012:00026:00000:00000:00000:00000:00000:00000:00025:00001" artSection="Ministério da Fazenda" artCategory="Secretaria Executiva" artSize="8" artNotes="" numberPage="35" pdfPage="http://pesquisa.in.gov.br/imprensa/jsp/visualiza/index.jsp?data=01/12/2017&amp;jornal=529&amp;pagina=35" editionNumber="230">
  <body>
    <Identifica><![CDATA[Portaria nº 97, de 30 de novembro de 2017]]></Identifica>
    <Data><![CDATA[]]></Data>
    <Ementa />
    <Titulo />
    <SubTitulo />
    <Texto><![CDATA[<p> O SUPERINTENDENTE DE ADMINISTRAÇÃO DO MINISTÉRIO DA FAZENDA NO ESTADO DA PARAÍBA, no uso das atribuições que lhe confere a Portaria SRF nº 1.671, de 16 de junho de 2005, publicada na Seção 2 do DOU de 20/06/2005, convalidada pela Portaria SRFB nº 4.071, de 02 de maio de 2007, publicada na Seção 2 do DOU de 02 de maio de 2007, Edição Extra, por delegação de competência, resolve: </p><p>Conceder aposentadoria voluntária com proventos integrais à servidora MARIA LUCI DE ARAÚJO SOUSA, no cargo de Auditor-Fiscal da Receita Federal do Brasil, código 236/010, Classe "S", Padrão III, matrícula Siape nº 0898206, com lotação e exercício no Quadro de Pessoal Permanente da Delegacia da Receita Federal do Brasil em João Pessoa/PB, de acordo com o art. 3º, incisos I e II, parágrafo único da Emenda Constitucional nº 47/2005, c/c o § 18 do art. 40 da CF/1988, (redação atual) Processo nº 11925.000019/2017-05. </p>]]></Texto>
    <Autores>
      <assina>ANTONIO WELLINGTON DE ALENCAR LEITE</assina>
    </Autores>
  </body>
</article></xml>