<xml><article id="644048" name="PRT 82_DIMOP_DOU_301117" idOficio="4588043" pubName="DO2" artType="Portaria" pubDate="01/12/2017" artClass="00026:00034:00000:00000:00000:00000:00000:00000:00000:00000:00025:0003" artSection="Ministério do Planejamento, Desenvolvimento e Gestão" artCategory="Secretaria de Gestão de Pessoas" artSize="8" artNotes="" numberPage="56" pdfPage="http://pesquisa.in.gov.br/imprensa/jsp/visualiza/index.jsp?data=01/12/2017&amp;jornal=529&amp;pagina=56" editionNumber="230">
  <body>
    <Identifica><![CDATA[PORTARIA Nº 82, DE 29 DE NOVEMBRO DE 2017]]></Identifica>
    <Data><![CDATA[]]></Data>
    <Ementa />
    <Titulo />
    <SubTitulo><![CDATA[ANEXO]]></SubTitulo>
    <Texto><![CDATA[<p> O SECRETÁRIO DE GESTÃO DE PESSOAS DO MINISTÉRIO DO PLANEJAMENTO, DESENVOLVIMENTO E GESTÃO, no uso da competência delegada pela Portaria GM nº 145, de 18 de maio de 2015, tendo em vista o disposto no § 7º do art. 93 da Lei nº 8.112, de 11 de dezembro de 1990, e considerando o que consta do processo nº 03100.000745/2017-95, resolve:</p><p>Art. 1° Autorizar o exercício dos empregados relacionados no Anexo, pertencentes ao quadro de pessoal da Empresa Brasileira de Infraestrutura Aeroportuária - INFRAERO, para compor força de trabalho no Museu Paraense Emílio Goeldi, vinculado ao Ministério da Ciência, Tecnologia, Inovações e Comunicações - MCTIC, em Belém/PA.</p><p>Art. 2º O retorno dos empregados à entidade de origem poderá ocorrer a qualquer tempo, por ato formal dos Órgãos envolvidos e/ou por contingenciamento orçamentário.</p><p>Art. 3º Cabe ao Museu Paraense Emílio Goeldi, assegurar que os empregados colocados à sua disposição não exercerão atividades que não correspondam às suas atribuições na entidade de origem, de forma a não ocorrer desvio de função.</p><p>Art. 4º Esta Portaria entra em vigor na data de sua publicação.</p><p /><p> </p><table><tr /><tr><td><p>MATRÍCULA</p></td><td><p>NOME</p></td></tr><tr><td><p>1794108</p></td><td><p>Antônio Marcos Mamore Fernandes</p></td></tr><tr><td><p>1452439</p></td><td><p>Cynthia Brasil Rosa</p></td></tr><tr><td><p>9645965</p></td><td><p>Edvan da Silva Costa</p></td></tr><tr><td><p>9637179</p></td><td><p>Jose Antônio Ferreira de Sousa</p></td></tr><tr><td><p>1395713</p></td><td><p>Rejania Lucia Abreu Saraiva</p></td></tr><tr><td><p>1420555</p></td><td><p>Renata Bastos Santiago</p></td></tr></table>]]></Texto>
    <Autores>
      <assina>AUGUSTO AKIRA CHIBA</assina>
    </Autores>
  </body>
</article></xml>