<xml><article id="644567" name="PUBLICAÇÃO HOJE" idOficio="4588292" pubName="DO2" artType="Portaria" pubDate="01/12/2017" artClass="00011:00136:00001:00000:00000:00000:00000:00000:00000:00000:00025:00000" artSection="Ministério da Educação" artCategory="Universidade Federal de São Paulo" artSize="8" artNotes="" numberPage="31" pdfPage="http://pesquisa.in.gov.br/imprensa/jsp/visualiza/index.jsp?data=01/12/2017&amp;jornal=529&amp;pagina=31" editionNumber="230">
  <body>
    <Identifica><![CDATA[PORTARIA Nº 4.585, DE 17 DE NOVEMBRO DE 2017]]></Identifica>
    <Data><![CDATA[]]></Data>
    <Ementa />
    <Titulo />
    <SubTitulo />
    <Texto><![CDATA[<p> A Reitora da Universidade Federal de São Paulo, no uso de suas atribuições legais e estatutárias, resolve:</p><p> Conceder o afastamento do país a Orlando Graziani Povoas Barsottini, Médico lotada no Hospital Universitário-HSP /-Ambulatório de Neurologia, no período de 22.11.2017 a 24.11.2017, para apresentar uma aula com titulo "Lessons from my patients: clinical cases", que será realizado em Dublin Irlanda, com ônus limitado, (Processo nº 23089.046524/2017-76).</p><p> A Reitora da Universidade Federal de São Paulo, no uso de suas atribuições legais e estatutárias, resolve:</p><p>Nº 4.616- Conceder o afastamento do país a Claudia Rossi, Médica lotada no Hospital Universitário-HSP /-UTI Neonatal, no período de 08.12.2017 a 15.12.2017, para participar do evento Hot Topics in Neonatalogy/Neonatal Quality at Hot Topics,que será realizado em Washington EUA, com ônus limitado, (Processo nº 23089.046593/2017-80).</p><p>Nº 4.617- Conceder o afastamento do país a Suely Dornellas do Nascimento, Médica lotada no Hospital Universitário-HSP /-UTI Neonatal, no período de 08.12.2017 a 15.12.2017, para participar do evento Hot Topics in Neonatalogy/Neonatal Quality at Hot Topics,que será realizado em Washington EUA, com ônus limitado, (Processo nº 23089.046592/2017-35).</p>]]></Texto>
    <Autores>
      <assina>SORAYA SOUBHI SMAILI</assina>
      <assina>SORAYA SOUBHI SMAILI</assina>
    </Autores>
  </body>
</article></xml>