<xml><article id="643112" name="Portarias CGGP - Helena - TITULA" idOficio="4586767" pubName="DO2" artType="Portaria" pubDate="01/12/2017" artClass="00025:00022:04993:03029:00000:00000:00000:00000:00000:00000:00025:00001" artSection="Ministério do Meio Ambiente" artCategory="Instituto Chico Mendes de Conservação da Biodiversidade" artSize="8" artNotes="" numberPage="2-54" pdfPage="http://pesquisa.in.gov.br/imprensa/jsp/visualiza/index.jsp?data=01/12/2017&amp;jornal=529&amp;pagina=2,http://pesquisa.in.gov.br/imprensa/jsp/visualiza/index.jsp?data=01/12/2017&amp;jornal=529&amp;pagina=54" editionNumber="230">
  <body>
    <Identifica><![CDATA[PORTARIAS DE 27 DE NOVEMBRO DE 2017]]></Identifica>
    <Data><![CDATA[]]></Data>
    <Ementa />
    <Titulo />
    <SubTitulo />
    <Texto><![CDATA[<p> A COORDENADORA GERAL DE GESTÃO DE PESSOAS DO INSTITUTO CHICO MENDES DE CONSERVAÇÃO DA BIODIVERSIDADE, usando da competência atribuída pela Portaria nº 217/MMA, publicada no Diário Oficial da União de 10 de junho de 2016 e Portaria nº 474/ICMBio, publicada no Diário Oficial da União de 10 de novembro de 2017, resolve:</p><p>Nº 284 I - Conceder aposentadoria voluntária com proventos integrais à servidora MARLI PENTEADO, ocupante do cargo de Analista Ambiental, classe "S", padrão III, matrícula SIAPE n° 1105744, lotada na Estação Ecológica de Tupinambás/SP, pertencente ao Quadro de Pessoal deste Instituto, com fundamento no art. 3º, incisos I, II e III, e parágrafo único da Emenda Constitucional n° 47/2005.</p><p>II - Declarar vacância da vaga nº 552101, do referido cargo.</p><p>Nº 285 I - Conceder aposentadoria voluntária com proventos integrais à servidora LIDIA AUGUSTA GALO DE ARAUJO, ocupante do cargo de Técnico Administrativo, classe "S", padrão III, matrícula SIAPE n° 679206, lotada na Divisão de Licitação e Compras - DLIC/COADM/CGATI/DIPLAN, pertencente ao Quadro de Pessoal deste Instituto, com fundamento no art. 3º, incisos I, II e III, e parágrafo único da Emenda Constitucional n° 47/2005.</p><p>II - Declarar vacância da vaga nº 426880, do referido cargo.</p><p>Nº 286 I - Conceder aposentadoria voluntária com proventos integrais ao servidor LUIZ ROBERTO BEZERRA, ocupante do cargo de Analista Ambiental, classe "S", padrão III, matrícula SIAPE n° 679694, lotado na Coordenação de Concessões e Negócios - CONCES/CGEUP/DIMAN, pertencente ao Quadro de Pessoal deste Instituto, com fundamento no art. 3º, incisos I, II e III, e parágrafo único da Emenda Constitucional n° 47/2005.</p><p>II - Declarar vacância da vaga nº 427270, do referido cargo.</p><p>Nº 287 I - Conceder aposentadoria voluntária com proventos integrais ao servidor AUGUSTO CESAR COELHO DIAS DA SILVA, ocupante do cargo de Analista Ambiental, classe "S", padrão III, matrícula SIAPE n° 686382, lotado na Base Avançada do Centro Nacional de Pesquisa e Conservação de Tartarugas Marinhas e da Biodiversidade Marinha do leste em Aracaju/SE, pertencente ao Quadro de Pessoal deste Instituto, com fundamento no art. 3º, incisos I, II e III, e parágrafo único da Emenda Constitucional n° 47/2005.</p><p>II - Declarar vacância da vaga nº 431354, do referido cargo.</p><p>Nº 288 I - Conceder aposentadoria voluntária com proventos integrais ao servidor EDILSON NOGUEIRA DOS SANTOS, ocupante do cargo de Técnico Administrativo, classe "S", padrão III, matrícula SIAPE n° 679944, lotado na Unidade Avançada de Administração e Finanças 4 - Salvador/BA, pertencente ao Quadro de Pessoal deste Instituto, com fundamento no art. 3º, incisos I, II e III, e parágrafo único da Emenda Constitucional n° 47/2005.</p><p>II - Declarar vacância da vaga nº 427473, do referido cargo.</p><p>Nº 289 Conceder, em virtude do falecimento do servidor, PAULO GOMES CARDOSO, matrícula SIAPE nº 678845, Técnico Ambiental, Classe "S", Padrão III, a contar de 15 de novembro de 2017, data do óbito:</p><p>I - Pensão VITALÍCIA à esposa, LUISA DO NASCIMENTO COSTA CARDOSO, com previsão na Emenda Constitucional nº 41, de 19 de dezembro de 2003, publicada no DOU de 31 de dezembro de 2003; Lei nº 10.887, de 18 de junho de 2004, publicada no DOU de 21 de junho de 2004; art.217, inciso I da Lei nº 8.112, de 11 de dezembro de 1990, publicada no DOU de 12 dezembro de 1990, com redação dada pela Lei nº 13.135, de 17 de junho de 2015, Art. 77, inciso V, Alínea "c", item 6.</p><p>II - Pensão VITALÍCIA ao filho, FRANCISCO CLEITON COSTA CARDOSO, com previsão na Emenda Constitucional nº 41, de 19 de dezembro de 2003, publicada no DOU de 31 de dezembro de 2003; Lei nº 10.887, de 18 de junho de 2004, publicada no DOU de 21 de junho de 2004; art.217, inciso IV, aliena "b" da Lei nº 8.112, de 11 de dezembro de 1990, publicada no Diário Oficial da União de 12 de dezembro de 1990, com redação dada pela Lei nº 13.135, de 17 de junho de 2015, Art. 77,  parágrafo 2º, inciso IV.</p><p>Nº 290 Conceder, em virtude do falecimento do servidor aposentado, JOAO EVANGELISTA FERREIRA NEGRAO, matrícula SIAPE nº 684826, Técnico Administrativo, Classe "S", Padrão III, a contar de 21 de outubro de 2017, data do óbito:</p><p>Pensão VITALÍCIA à esposa DORIVALDA SOARES NEGRÃO, com fundamento na Emenda Constitucional nº 41, de 19 de dezembro de 2003, publicada no DOU de 31 de dezembro de 2003; Lei nº 10.887, de 18 de junho de 2004, publicada no DOU de 21 de junho de 2004; art.217, inciso I da Lei nº 8.112, de 11 de dezembro de 1990, publicada no DOU de 12 dezembro de 1990, com redação dada pela Lei nº 13.135, de 17 de junho de 2015, Art. 77, inciso V, Alínea "c", item 6.</p><p>Nº 291 Conceder, em virtude do falecimento do ex-servidor, PAULO HENRIQUE BORGES DE OLIVEIRA JUNIOR, matrícula SIAPE nº 2466825, Classe B, Padrão III, ocupante do cargo de Analista Ambiental, a contar de 25 de outubro de 2017, data do óbito:</p><p>Pensão VITALÍCIA à companheira MARIA ANTONIA SANTOS DO NASCIMENTO, com fundamento na Emenda Constitucional nº 41, de 19 de dezembro de 2003, publicada no DOU de 31 de dezembro de 2003; Lei nº 10.887, de 18 de junho de 2004, publicada no DOU de 21 de junho de 2004, combinado com artigo 217, inciso III, da Lei nº 8.112, de 11 de dezembro de 1990, publicada no DOU de 12 de dezembro de 1990, com redação dada pela Lei n° 13.135, de 17 de junho de 2015.</p><p>Nº 292 Conceder, em virtude do falecimento do servidor aposentado LENILCE MIRANDA FRANCO, matrícula SIAPE nº 679019, Técnico Administrativo, Classe "S", Padrão III, a contar de 31 de outubro de 2017, data do óbito: </p><p>Pensão VITALÍCIA à esposa MARIA DAS GRAÇAS VASCO FRANCO, com fundamento na Emenda Constitucional nº 41, de 19 de dezembro de 2003, publicada no DOU de 31 de dezembro de 2003; Lei nº 10.887, de 18 de junho de 2004, publicada no DOU de 21 de junho de 2004; art.217, inciso I da Lei nº 8.112, de 11 de dezembro de 1990, publicada no DOU de 12 dezembro de 1990, com redação dada pela Lei nº 13.135, de 17 de junho de 2015, Art. 77, inciso V, Alínea "c", item 6.</p>]]></Texto>
    <Autores>
      <assina>HELENA MACHADO CABRAL COIMBRA ARAUJO</assina>
    </Autores>
  </body>
</article></xml>