<xml><article id="643247" name="124.954-17 - JOSE ROBERTO DA SIL" idOficio="4587744" pubName="DO2" artType="Ato" pubDate="01/12/2017" artClass="00037:00032:00001:00000:00000:00000:00000:00000:00000:00000:00001:0001" artSection="Poder Judiciário" artCategory="Tribunal Regional Eleitoral do Rio de Janeiro" artSize="8" artNotes="" numberPage="74" pdfPage="http://pesquisa.in.gov.br/imprensa/jsp/visualiza/index.jsp?data=01/12/2017&amp;jornal=529&amp;pagina=74" editionNumber="230">
  <body>
    <Identifica><![CDATA[ATO nº 573, de 27 de novembro de 2017(*)]]></Identifica>
    <Data><![CDATA[]]></Data>
    <Ementa />
    <Titulo />
    <SubTitulo />
    <Texto><![CDATA[<p> A PRESIDENTE DO TRIBUNAL REGIONAL ELEITORAL DO RIO DE JANEIRO, no uso de suas atribuições legais e regimentais, considerando o que consta do protocolo nº 124.954/2017, resolve: </p><p>Art. 1º Dispensar, a pedido, o servidor JOSE ROBERTO DA SILVA DOS SANTOS, servidor requisitado ao Tribunal de Justiça do Estado do Rio de Janeiro, da Função Comissionada de Assistente III, Nível FC-3, da Assessoria de Segurança, da Presidência do Tribunal Regional Eleitoral do Rio de Janeiro.</p><p>Art. 2º   Este ato entra em vigor na data de sua publicação.</p><p>Republicado por ter saído  no DOU de 29/11/2017 Seção 2, pág. 60, com incorreções no original.</p>]]></Texto>
    <Autores>
      <assina>Desa. JACQUELINE LIMA MONTENEGRO</assina>
    </Autores>
  </body>
</article></xml>