<xml><article id="658236" name="EXTRATO DOU PORTARIA 288-2017 - " idOficio="4587774" pubName="DO2" artType="Portaria" pubDate="05/12/2017" artClass="00038:00183:00000:00000:00000:00000:00000:00000:00000:00000:00025:00003" artSection="Entidades de Fiscalização do Exercício das Profissões Liberais" artCategory="Conselho Regional de Educação Física da 12ª Região" artSize="8" artNotes="" numberPage="55" pdfPage="http://pesquisa.in.gov.br/imprensa/jsp/visualiza/index.jsp?data=05/12/2017&amp;jornal=529&amp;pagina=55" editionNumber="232">
  <body>
    <Identifica><![CDATA[PORTARIA nº 288, de 3 de março de 2017]]></Identifica>
    <Data><![CDATA[]]></Data>
    <Ementa />
    <Titulo />
    <SubTitulo />
    <Texto><![CDATA[<p> A Presidente, no uso de suas atribuições que são conferidas pela Lei 9.696/1998, e por seu Estatuto, resolve: </p><p>Nomear ao cargo em comissão de Coordenador Administrativo das Comissões de Assessoramento da Presidência do Conselho Regional de Educação Física da 12ª Região - Pernambuco, Lidiana Lira de Macedo Silva, inscrita no RG nº 102895824-5 MEX/CE e CPF sob o nº 892.819.773-20, com remuneração mensal de R$ 2.420,00 (dois mil, quatrocentos e vinte reais). Esta Portaria tem seus efeitos a partir de 03 de março de 2017.</p>]]></Texto>
    <Autores>
      <assina>Nadja Regueira Harrop</assina>
    </Autores>
  </body>
</article></xml>