<xml><article id="645446" name="PORT656NOV17TORNASEMEFEITODESIFG" idOficio="4588513" pubName="DO2" artType="Portaria" pubDate="01/12/2017" artClass="00010:00008:00024:06902:00000:00000:00000:00000:00000:00000:00025:00003" artSection="Ministério da Defesa" artCategory="Comando do Exército" artSize="8" artNotes="" numberPage="12" pdfPage="http://pesquisa.in.gov.br/imprensa/jsp/visualiza/index.jsp?data=01/12/2017&amp;jornal=529&amp;pagina=12" editionNumber="230">
  <body>
    <Identifica><![CDATA[Portaria n 656-DCIPAS/SPC, de 30 de novembro de 2017]]></Identifica>
    <Data><![CDATA[]]></Data>
    <Ementa />
    <Titulo />
    <SubTitulo />
    <Texto><![CDATA[<p>O DIRETOR DE CIVIS, INATIVOS, PENSIONISTAS E ASSISTÊNCIA SOCIAL, no uso da competência que lhe foi subdelegada pelo Comandante do Exército, por meio da Portaria no 1495-Cmt Ex, de 11 de dezembro de 2014, resolve</p><p>TORNAR SEM EFEITO as designações dos docentes LYSELENNE DE ÁVILA LENCINA, matrícula SIAPE no 1284783 e ORILDO LUIS BATTISTEL, matrícula SIAPE no 1586602, para exercerem as Funções Gratificadas, FG.4, do Colégio Militar de Santa Maria, de que trata a Portaria no 523-DCIPAS/SPC, de 22 de setembro de 2017, publicada no Diário Oficial da União no 184, de 25 de setembro de 2017, tendo em vista que os mesmos não entraram em exercício nas funções no prazo estabelecido no Artigo 15 da Lei no 8.112/90, com a redação dada pela Lei no 9.527/97, por se encontrarem em Licença para Capacitação.</p>]]></Texto>
    <Autores>
      <assina>Cel.GÉDER TÁVORA SAID</assina>
      <cargo>Resp/pelo Diretor de Civis, Inativos, Pensionistas e Assistência Social</cargo>
    </Autores>
  </body>
</article></xml>