<xml><article id="645167" name="Portaria PGJ 1.422" idOficio="4588535" pubName="DO2" artType="Portaria" pubDate="01/12/2017" artClass="00033:00010:00002:00000:00000:00000:00000:00000:00000:00000:00025:00001" artSection="Ministério Público da União" artCategory="Ministério Público do Distrito Federal e Territórios" artSize="8" artNotes="" numberPage="67" pdfPage="http://pesquisa.in.gov.br/imprensa/jsp/visualiza/index.jsp?data=01/12/2017&amp;jornal=529&amp;pagina=67" editionNumber="230">
  <body>
    <Identifica><![CDATA[PORTARIA Nº 1.422, DE 21 DE NOVEMBRO DE 2017]]></Identifica>
    <Data><![CDATA[]]></Data>
    <Ementa />
    <Titulo />
    <SubTitulo />
    <Texto><![CDATA[<p> </p><p> O PROCURADOR-GERAL DE JUSTIÇA DO DISTRITO FEDERAL E TERRITÓRIOS, no uso das atribuições previstas na Lei Complementar n.º 75, de 20 de maio 1993, e tendo em vista o que consta do Procedimento de Gestão Administrativa n.º 08191.118308/2017-79, resolve:</p><p>Art. 1º Conceder aposentadoria voluntária, com proventos integrais, à Procuradora de Justiça deste Ministério Público TANIA MARIA NAVA MARCHEWKA, matrícula 318, nos termos do art. 3º da Emenda Constitucional n.º 47/2005, assegurando-se a paridade e a integralidade em seus proventos de aposentadoria.</p>]]></Texto>
    <Autores>
      <assina>LEONARDO ROSCOE BESSA</assina>
    </Autores>
  </body>
</article></xml>