<xml><article id="644198" name="RETMACEIO__111506" idOficio="4588067" pubName="DO2" artType="Retificação" pubDate="01/12/2017" artClass="00022:00029:00237:00025:00092:00000:00000:00000:00000:00000:00032:00011" artSection="Ministério do Desenvolvimento Social" artCategory="Instituto Nacional do Seguro Social" artSize="8" artNotes="" numberPage="49" pdfPage="http://pesquisa.in.gov.br/imprensa/jsp/visualiza/index.jsp?data=01/12/2017&amp;jornal=529&amp;pagina=49" editionNumber="230">
  <body>
    <Identifica><![CDATA[RETIFICAÇÃO]]></Identifica>
    <Data><![CDATA[]]></Data>
    <Ementa />
    <Titulo />
    <SubTitulo />
    <Texto><![CDATA[<p> </p><p> </p><p> A Portaria INSS/GEXMCO/SOGP nº 166, de 16 de outubro de 2013, publicada no DOU nº 203, de 18 de outubro de 2013,  Seção 2, fls. 53. Onde se lê:  Combinado com o art.2º, inciso I da Lei nº 10.887, de 18 de junho de 2004. Leia-se:  Combinado com o art. 6º - A da EC 70/2012.</p><p> </p>]]></Texto>
    <Autores />
  </body>
</article></xml>