<xml><article id="703962" name="D 3127 Dispensar Gregório Bitten" idOficio="4587333" pubName="DO2" artType="Portaria" pubDate="11/12/2017" artClass="00017:00001:00000:00000:00000:00000:00000:00000:00000:00000:00000:00007" artSection="Ministério da Saúde" artCategory="Gabinete do Ministro" artSize="8" artNotes="" numberPage="193" pdfPage="http://pesquisa.in.gov.br/imprensa/jsp/visualiza/index.jsp?data=11/12/2017&amp;jornal=529&amp;pagina=193" editionNumber="236">
  <body>
    <Identifica><![CDATA[PORTARIA Nº 3.127, DE 22 DE NOVEMBRO DE 2017]]></Identifica>
    <Data><![CDATA[]]></Data>
    <Ementa />
    <Titulo />
    <SubTitulo />
    <Texto><![CDATA[<p> O MINISTRO DE ESTADO DA SAÚDE, no uso da competência que lhe foi delegada pelo art. 3º do Decreto nº 8.821, de 26 de julho de 2016, resolve:</p><p>Dispensar, a partir de 21 de novembro de 2017, GREGÓRIO BITTENCOURT FERREIRA SANTOS, da Função Comissionada Técnica do Poder Executivo, de Assessor Técnico, código FCPE 102.3, nº 35.0010, do Gabinete, da Secretaria de Ciência, Tecnologia e Insumos Estratégicos.</p>]]></Texto>
    <Autores>
      <assina>RICARDO BARROS</assina>
    </Autores>
  </body>
</article></xml>