<xml><article id="703950" name="C 2961 Designar MICHELLE MAEL DA" idOficio="4587333" pubName="DO2" artType="Portaria" pubDate="11/12/2017" artClass="00017:00001:00000:00000:00000:00000:00000:00000:00000:00000:00000:00003" artSection="Ministério da Saúde" artCategory="Gabinete do Ministro" artSize="8" artNotes="" numberPage="193" pdfPage="http://pesquisa.in.gov.br/imprensa/jsp/visualiza/index.jsp?data=11/12/2017&amp;jornal=529&amp;pagina=193" editionNumber="236">
  <body>
    <Identifica><![CDATA[PORTARIA Nº 2.961, DE 22 DE NOVEMBRO DE 2017]]></Identifica>
    <Data><![CDATA[]]></Data>
    <Ementa />
    <Titulo />
    <SubTitulo />
    <Texto><![CDATA[<p> O MINISTRO DE ESTADO DA SAÚDE, no uso da competência que lhe foi delegada pelo art. 3º do Decreto nº 8.821, de 26 de julho de 2016, resolve:</p><p>Designar MICHELLE MAEL DA COSTA RODRIGUES MARTINS, para exercer a Função Comissionada do Poder Executivo de Coordenadora, código FCPE-101.3, nº 30.0245, da Coordenação de Gestão de Pessoas, do Hospital Federal de Bonsucesso, do Departamento de Gestão Hospitalar, no Estado do Rio de Janeiro, da Secretaria de Atenção à Saúde.</p>]]></Texto>
    <Autores>
      <assina>RICARDO BARROS</assina>
    </Autores>
  </body>
</article></xml>