<xml><article id="643196" name="Portaria nº 1719 de 29 de novemb" idOficio="4587696" pubName="DO2" artType="Portaria" pubDate="01/12/2017" artClass="00011:00063:00001:00000:00000:00000:00000:00000:00000:00000:00025:00001" artSection="Ministério da Educação" artCategory="Instituto Federal de Educação, Ciência e Tecnologia Fluminense" artSize="8" artNotes="" numberPage="20" pdfPage="http://pesquisa.in.gov.br/imprensa/jsp/visualiza/index.jsp?data=01/12/2017&amp;jornal=529&amp;pagina=20" editionNumber="230">
  <body>
    <Identifica><![CDATA[PORTARIA N 1.719, DE 29 DE NOVEMBRO DE 2017]]></Identifica>
    <Data><![CDATA[]]></Data>
    <Ementa />
    <Titulo />
    <SubTitulo />
    <Texto><![CDATA[<p> O REITOR SUBSTITUTO DO INSTITUTO FEDERAL DE EDUCAÇÃO, CIÊNCIA E TECNOLOGIA FLUMINENSE - IFFLUMINENSE, no uso das atribuições legais conferidas pela Portaria N.º 1092, de 14 de agosto de 2017, publicada no D.O.U. de 31 de agosto de 2017, seção 2, página 25, resolve:</p><p>Art. 1.º Conceder APOSENTADORIA VOLUNTÁRIA COM PROVENTOS PROPORCIONAIS, de acordo o Artigo 40, parágrafo 1.º, inciso III, alínea "b", da CF/88 com redação dada pela Emenda Constitucional N.º 41 de 19/12/2003, publicada no D.O.U. de 31/12/2003 e combinado com o Artigo 1.º da Lei 10.887, de 18/06/2004, ao servidor SALVADOR FERREIRA MANHÃES, Matrícula SIAPE 6269137, ocupante do cargo de Professor do Ensino Básico, Técnico e Tecnológico, Classe D IV, Nível 4, no regime de trabalho de Dedicação Exclusiva, código de vaga N.º 207614, do Quadro Permanente deste Instituto, assegurando-se as seguintes incorporações: 4% (quatro por cento) a título de Adicional por Tempo de Serviço e o Reconhecimento de Saberes e Competências Nível II (RSC II) equivalente à Retribuição por Titulação de Pós-Graduação, instituído pela Lei 12.772 de 28/12/2012, publicada no D.O.U. de 31/12/2012, tendo em vista o que consta no Processo N.º 23318.002670.2017-49.</p><p>Art. 2.º Declarar vago o respectivo cargo.</p><p>Art. 3.º Esta portaria entra em vigor na data de sua publicação no Diário Oficial da União.</p>]]></Texto>
    <Autores>
      <assina>JOSÉ LUIZ SANGUEDO BOYNARD</assina>
    </Autores>
  </body>
</article></xml>