<xml><article id="645362" name="PorCGGPDOU30nov2017" idOficio="4588504" pubName="DO2" artType="Portaria" pubDate="01/12/2017" artClass="00025:00021:00031:06645:00000:00000:00000:00000:00000:00000:00025:00001" artSection="Ministério do Meio Ambiente" artCategory="Instituto Brasileiro do Meio Ambiente e dos Recursos Naturais Renováveis" artSize="8" artNotes="" numberPage="1-53" pdfPage="http://pesquisa.in.gov.br/imprensa/jsp/visualiza/index.jsp?data=01/12/2017&amp;jornal=529&amp;pagina=1,http://pesquisa.in.gov.br/imprensa/jsp/visualiza/index.jsp?data=01/12/2017&amp;jornal=529&amp;pagina=53" editionNumber="230">
  <body>
    <Identifica><![CDATA[PORTARIAS DE 28 DE NOVEMBRO DE 2017]]></Identifica>
    <Data><![CDATA[]]></Data>
    <Ementa />
    <Titulo />
    <SubTitulo />
    <Texto><![CDATA[<p> A COORDENADORA-GERAL DE GESTÃO DE PESSOAS SUBSTITUTA DO INSTITUTO BRASILEIRO DO MEIO AMBIENTE E DOS RECURSOS NATURAIS RENOVÁVEIS - IBAMA, designada pela Portaria nº 1.535, publicada no Diário Oficial da União de 01/08/2017, usando da competência que lhe foi atribuída pelo Decreto nº 8.973, de 24 de janeiro de 2017, que aprovou a Estrutura Regimental do IBAMA, publicado no Diário Oficial da União do dia subsequente, pelo art.55 do Regimento Interno aprovado pela Portaria nº 14-IBAMA, de 29 de junho de 2017, publicado no Diário Oficial da União do dia subsequente, pela Portaria nº 2.432/2017- DIPLAN/IBAMA, de 22 de novembro de 2017, publicada no Boletim de Serviço nº 11-C de 24 de novembro de 2017,resolve:</p><p>Nº 2.479. Conceder aposentadoria voluntária ao servidor JOSIVAL DE BARROS PINO, matrícula SIAPE nº 683697, ocupante do cargo de Técnico Administrativo, Classe S, Padrão III, código da vaga nº 429573, lotado na Divisão de Administração e Finanças na Superintendência do IBAMA no Estado de Alagoas, com fundamento no artigo 3º, incisos I, II e III, parágrafo único, da Emenda Constitucional nº 47, de 05 de julho de 2005, declarando, em decorrência, a vacância do cargo. (Processo 02003.000493/2014-97).</p><p>Nº 2.480. Conceder aposentadoria voluntária à servidora REJANE MARIA CORREIA DE VASCONCELOS, matrícula SIAPE nº 1163837, ocupante do cargo de Técnico Administrativo, Classe S, Padrão III, código da vaga nº 431593, lotada na Divisão de Administração e Finanças da Superintendência do IBAMA em Rondônia, com fundamento no artigo 3º, incisos I, II e III, parágrafo único, da Emenda Constitucional nº 47, de 05 de julho de 2005, com a vantagem prevista no artigo 62-A da Lei nº 8.112, de 11 de dezembro de 1990, declarando, em decorrência, a vacância do cargo. (Processo nº 02024.103453/2017-09)</p><p>Nº 2.481. Conceder aposentadoria voluntária à servidora MARIA DO SOCORRO RODRIGUES DE SOUZA, matrícula SIAPE nº 687066, ocupante do cargo de Técnico Ambiental, Classe S, Padrão III, código da vaga nº 431863, lotada na Unidade Técnica 1º Nível do IBAMA em Ji-paraná no Estado de Rondônia, com fundamento no artigo 3º, incisos I, II e III, parágrafo único, da Emenda Constitucional nº 47, de 05 de julho de 2005, declarando, em decorrência, a vacância do cargo. (Processo nº 02502.100605/2017-21)</p><p>Nº 2.482. Conceder aposentadoria voluntária ao servidor ADRIANO GARCIA DE SOUZA, matrícula SIAPE nº 686690, ocupante do cargo de Técnico Ambiental, Classe S, Padrão III, código da vaga nº 431534, lotado na Unidade Técnica 2º Nível do IBAMA em Lavras no Estado de Minas Gerais, com fundamento no artigo 3º, incisos I, II e III, parágrafo único, da Emenda Constitucional nº 47, de 05 de julho de 2005, declarando, em decorrência, a vacância do cargo. (Processo nº 02554.100002/2017-13).</p><p>Nº 2.483. Conceder aposentadoria voluntária ao servidor JOSÉ KLEBER DA FONSECA RODRIGUES, matrícula SIAPE nº 679447, ocupante do cargo de Técnico Ambiental, Classe S, Padrão III, código da vaga nº 427080, lotado na Superintendência do IBAMA no Estado de Alagoas, com fundamento no artigo 3º, incisos I, II e III, parágrafo único, da Emenda Constitucional nº 47, de 05 de julho de 2005, declarando, em decorrência, a vacância do cargo. (Processo nº 02003.102323/2017-99)</p><p>Nº 2.484. Conceder aposentadoria voluntária à servidora JUCELEY MARIA DE BORBA, matrícula SIAPE nº 686752, ocupante do cargo de Técnico Administrativo, Classe S, Padrão III, código da vaga nº 431588, lotada na Unidade Técnica 1º Nível do IBAMA em Vilhena no Estado de Rondônia com fundamento no artigo 3º, incisos I, II e III, parágrafo único, da Emenda Constitucional nº 47, de 05 de julho de 2005, declarando, em decorrência, a vacância do cargo. (Processo nº 02049.100176/2017-96).</p><p>Nº 2.485. Conceder aposentadoria voluntária ao servidor GUTEMBERG DE PADUA MELO, matrícula SIAPE nº 686843, ocupante do cargo de Analista Ambiental, Classe S, Padrão III, código da vaga nº 431673, lotado na Superintendência do IBAMA no Estado da Paraíba, com fundamento no artigo 3º, incisos I, II e III, parágrafo único, da Emenda Constitucional nº 47, de 05 de julho de 2005, declarando, em decorrência, a vacância do cargo. (Processo nº 02016.101003/2017-72).</p><p>Nº 2.486. Conceder aposentadoria voluntária à servidora GESSI JUSTEN MACHADO, matrícula SIAPE nº 686398, ocupante do cargo de Auxiliar Administrativo, Classe S, Padrão III, código da vaga nº 431370, lotada na Unidade Técnica 1º Nível do IBAMA no Estado de Rondônia, com fundamento no artigo 3º, incisos I, II e III, parágrafo único, da Emenda Constitucional nº 47, de 05 de julho de 2005, declarando, em decorrência, a vacância do cargo. (Processo nº 02049.100186/2017-21).</p><p>Nº 2.487.Conceder aposentadoria voluntária ao servidor JOÃO BORGES DOS SANTOS, matrícula SIAPE nº 679590, ocupante do cargo de Técnico Ambiental, Classe S, Padrão III, código da vaga nº 427189, lotado na Unidade Avançada do IBAMA em Gurupi, no Estado de Tocantins, com fundamento no artigo 3º, incisos I, II e III, parágrafo único, da Emenda Constitucional nº 47, de 05 de julho de 2005, com a vantagem prevista no artigo 62-A da Lei nº 8.112, de 11 de dezembro de 1990, declarando, em decorrência, a vacância do cargo. (Processo nº 02029.100840/2017-35)</p><p>Nº 2.488.Conceder aposentadoria voluntária ao servidor WEBER RODRIGUES ALVES, matrícula SIAPE nº 7455664, ocupante do cargo de Técnico Administrativo, Classe S, Padrão III, código da vaga nº 426171, lotado na Divisão Técnico-Ambiental da Superintendência do IBAMA no Estado de Goiás, com fundamento no artigo 3º, incisos I, II e III, parágrafo único, da Emenda Constitucional nº 47, de 05 de julho de 2005, com a vantagem prevista no artigo 62-A da Lei nº 8.112, de 11 de dezembro de 1990, declarando, em decorrência, a vacância do cargo. (Processo nº 02010.000359/2016-69)</p><p>PORTARIA DE 29 DE NOVEMBRO DE 2017</p><p>Nº 2.558. Declarar vacância do cargo de Analista Ambiental, Classe B, Padrão IV, código da vaga nº 763723, ocupado pelo ex-servidor, André Santos Neves, matrícula SIAPE nº 1718737, lotado na Superintendência do IBAMA no Estado de Minas Gerais, a partir de 16/11/2017, em virtude de falecimento, nos termos do artigo 33, inciso IX da Lei nº 8.112/90. (Processo 02555.100402/2017-19).</p>]]></Texto>
    <Autores>
      <assina>TÂNIA MARA DE LIMA MOURA</assina>
    </Autores>
  </body>
</article></xml>