<xml><article id="645497" name="DOU 2-SGP-PT-1177-UNI-486136_ter" idOficio="4588645" pubName="DO2" artType="Portaria" pubDate="01/12/2017" artClass="00033:00007:00015:00000:00000:00000:00000:00000:00000:00000:00025:00022" artSection="Ministério Público da União" artCategory="Ministério Público Federal" artSize="8" artNotes="" numberPage="64" pdfPage="http://pesquisa.in.gov.br/imprensa/jsp/visualiza/index.jsp?data=01/12/2017&amp;jornal=529&amp;pagina=64" editionNumber="230">
  <body>
    <Identifica><![CDATA[PORTARIA Nº 1.177, DE 29 DE NOVEMBRO DE 2017]]></Identifica>
    <Data><![CDATA[]]></Data>
    <Ementa />
    <Titulo />
    <SubTitulo />
    <Texto><![CDATA[<p> A SECRETÁRIA DE GESTÃO DE PESSOAS DO MINISTÉRIO PÚBLICO FEDERAL, no uso da competência que lhe foi atribuída pelo art. 1º, da Portaria SG/MPF nº 497, de 3/6/2015, e tendo em vista o constante no Processo Administrativo nº 1.00.000.021286/2017-68, resolve:</p><p>Declarar vago, por motivo de posse em outro cargo público inacumulável, a partir de 29 de novembro de 2017, o cargo de Analista do MPU/Perícia/Contabilidade, classe B, padrão 4, da carreira de Analista do Ministério Público da União, ocupado pelo servidor DANILO COSTA MACEDO, matrícula nº 25752, nos termos do art. 33, inciso VIII, da Lei nº 8.112, de 11/12/1990.</p>]]></Texto>
    <Autores>
      <assina>ELOÁ TODARELLI JUNQUEIRA</assina>
    </Autores>
  </body>
</article></xml>