<xml><article id="643445" name="Port 0112 2017" idOficio="4587844" pubName="DO2" artType="Portaria" pubDate="01/12/2017" artClass="00011:00134:00001:00001:00000:00000:00000:00000:00000:00000:00025:00001" artSection="Ministério da Educação" artCategory="Universidade Federal de Santa Catarina" artSize="8" artNotes="" numberPage="31" pdfPage="http://pesquisa.in.gov.br/imprensa/jsp/visualiza/index.jsp?data=01/12/2017&amp;jornal=529&amp;pagina=31" editionNumber="230">
  <body>
    <Identifica><![CDATA[PORTARIAS DE 29 DE NOVEMBRO DE 2017]]></Identifica>
    <Data><![CDATA[]]></Data>
    <Ementa />
    <Titulo />
    <SubTitulo />
    <Texto><![CDATA[<p> O REITOR PRO TEMPORE DA UNIVERSIDADE FEDERAL DE SANTA CATARINA, no uso de suas atribuições estatutárias e regimentais, resolve:</p><p>Nº2.672 - Dispensar, a partir de 27 de novembro de 2017, EMILIO PIZZICHINI, professor do magistério superior, MASIS nº 85043, SIAPE nº 2158004, do exercício da função de Chefe do Serviço de Pneumologia da Divisão de Clínica Médica da Diretoria de Medicina do Hospital Universitário, código FG-4, para a qual foi designado pela Portaria nº 600/GR/2004, de 16 de julho de 2004, tendo em vista sua aposentadoria.(Ref. solicitação 79808/2017).</p><p>Nº2.673 - Art. 1º Designar, a partir de 6 de janeiro de 2018, RENATA COELHO SCHARLACH, professora do magistério superior, MASIS nº 191013, SIAPE nº 1527256, classe C, nível 1, para exercer, a função de coordenadora do Curso de Graduação em Fonoaudiologia do Centro de Ciências da Saúde, para um mandato de dois anos.</p><p>Art. 2º Atribuir à servidora a Função Comissionada de Coordenação de Curso, código FCC.(Ref. solicitação 79176/2017).</p><p>Nº2.675 - Dispensar, a partir de 1º de janeiro de 2018, PAULO MARCOS BORGES RIZZO, professor do magistério superior, MASIS nº 60946, SIAPE nº 1157767, classe D, nível 2, do exercício da função coordenador do Curso de Graduação em Arquitetura e Urbanismo do Centro Tecnológico, código FCC, para a qual foi designado pela Portaria nº 1931/2016/GR, de 19 de agosto de 2016, tendo em vista seu pedido de aposentadoria.(Ref. Correspondência 235/SEXP/CCGARQ/2017).</p><p>Nº2.677 - Art. 1º Designar, a partir de 1º de janeiro de 2018, CARLOS EDUARDO VERZOLA VAZ, professor do magistério superior, MASIS nº 201779, SIAPE nº 1896220, classe C, nível 2, para exercer, em caráter excepcional, a função de coordenador do Curso de Graduação em Arquitetura e Urbanismo do Centro Tecnológico, para completar mandato a expirar-se em 22 de agosto de 2018.</p><p>Art. 2º Atribuir ao servidor a Função Comissionada de Coordenação de Curso, código FCC.(Ref. Correspondência 235/SEXP/CCGARQ/2017).</p><p> </p>]]></Texto>
    <Autores>
      <assina>Ubaldo Cesar Balthazar</assina>
    </Autores>
  </body>
</article></xml>