<xml><article id="643790" name="Portaria de Pensão IDA JÚLIA SIL" idOficio="4587976" pubName="DO2" artType="Portaria" pubDate="01/12/2017" artClass="00031:00024:00088:00008:00002:00000:00000:00000:00000:00000:00025:00001" artSection="Ministério dos Transportes, Portos e Aviação Civil" artCategory="Departamento Nacional de Infraestrutura de Transportes" artSize="8" artNotes="" numberPage="63" pdfPage="http://pesquisa.in.gov.br/imprensa/jsp/visualiza/index.jsp?data=01/12/2017&amp;jornal=529&amp;pagina=63" editionNumber="230">
  <body>
    <Identifica><![CDATA[PORTARIA N 69, de 28 de novembro de 2017]]></Identifica>
    <Data><![CDATA[]]></Data>
    <Ementa />
    <Titulo />
    <SubTitulo />
    <Texto><![CDATA[<p> O Superintendente Regional no Estado do Amazonas, do Departamento Nacional de Infraestrutura de Transportes-DNIT, usando das atribuições que foram delegadas através da Portaria nº 931 de 30 de maio de 2016, publicada no D.O.U. de 01 de junho de 2016, do Diretor Geral do Departamento Nacional de Infraestrutura de Transportes - DNIT e tendo em vista o que consta do Processo nº 50601.000222//2017-88 resolve: </p><p>CONCEDER pensão por morte à IDA JÚLIA SILVA DOS SANTOS, companheira do ex-servidor PEDRO PEREIRA DA SILVA, matrículas DNIT nº 0943 e SIAPE nº 0847114, falecido na inatividade em 22 de junho de 2017, ocupante do cargo de Motorista Oficial, Classe "Especial", Padrão III, do Quadro de Pessoal desta Autarquia, com fundamento nos artigos 215 e 217, inciso IV. alínea "a" da Lei nº 8.112/90, com a redação da Lei nº 13.135/2015, no valor equivalente a 25% (vinte e cinco por cento) dos proventos do instituidor, calculados na forma do artigo 2º, inciso I, da Lei nº 10.887/2004, com vigência e efeitos financeiros a partir da data do óbito do ex-servidor. </p>]]></Texto>
    <Autores>
      <assina>JOSÉ FÁBIO PORTO GALVÃO</assina>
    </Autores>
  </body>
</article></xml>