<xml><article id="643541" name="PORT2448-2017-DPMM-TRRM" idOficio="4587916" pubName="DO2" artType="Portaria" pubDate="01/12/2017" artClass="00010:00007:00014:00006:00000:00000:00000:00000:00000:00000:00025:0003" artSection="Ministério da Defesa" artCategory="Comando da Marinha" artSize="8" artNotes="" numberPage="9" pdfPage="http://pesquisa.in.gov.br/imprensa/jsp/visualiza/index.jsp?data=01/12/2017&amp;jornal=529&amp;pagina=9" editionNumber="230">
  <body>
    <Identifica><![CDATA[PORTARIA N 2448/DPMM, DE 30 DE NOVEMBRO DE 2017.]]></Identifica>
    <Data><![CDATA[]]></Data>
    <Ementa />
    <Titulo />
    <SubTitulo />
    <Texto><![CDATA[<p> O DIRETOR DO PESSOAL MILITAR DA MARINHA, no uso da subdelegação de competência que lhe confere o contido na alínea a, do inciso V, do art. 1o, do Anexo B, da Portaria no 24, de 9 de março de 2017, do Diretor-Geral do Pessoal da Marinha, e de acordo com o disposto nos art. 50, inciso II; 94, inciso I; 96, inciso I; e 97, da Lei no 6.880, de 9 de dezembro de 1980, alterada pela Medida Provisória no 2.215-10, de 31 de agosto de 2001, e combinado com o previsto no inciso I, art. 4o, do Anexo I, do Decreto no 4.780, de 15 de julho de 2003, resolve:</p><p>Art. 1o Transferir para a Reserva Remunerada (RM1) o SO-MT 85.9747.49 VENCESLAU SILVA PEREIRA, com a remuneração a que faz jus, observado o contido nos art. 10, incisos I, II, III, IV, VI; e 30 da referida Medida Provisória.</p><p>Art. 2o Esta Portaria entra em vigor na presente data.</p>]]></Texto>
    <Autores>
      <assina>Vice.Alte ANTONIO REGINALDO PONTES LIMA JUNIOR</assina>
    </Autores>
  </body>
</article></xml>