<xml><article id="703989" name="D 3214 25000 449143 2017 01 Exon" idOficio="4587333" pubName="DO2" artType="Portaria" pubDate="11/12/2017" artClass="00017:00001:00000:00000:00000:00000:00000:00000:00000:00000:00000:00013" artSection="Ministério da Saúde" artCategory="Gabinete do Ministro" artSize="8" artNotes="" numberPage="194" pdfPage="http://pesquisa.in.gov.br/imprensa/jsp/visualiza/index.jsp?data=11/12/2017&amp;jornal=529&amp;pagina=194" editionNumber="236">
  <body>
    <Identifica><![CDATA[PORTARIA Nº 3.214, DE 28 DE NOVEMBRO DE 2017]]></Identifica>
    <Data><![CDATA[]]></Data>
    <Ementa />
    <Titulo />
    <SubTitulo />
    <Texto><![CDATA[<p> O MINISTRO DE ESTADO DA SAÚDE, no uso da competência que lhe foi delegada pelo art. 3º do Decreto nº 8.821, de 26 de julho de 2016, resolve:</p><p>Nomear LUCIA ROLIM SANTANA DE FREITAS, para exercer o cargo de Coordenadora de Divulgação da Epidemiologia nos Serviços de Saúde, código DAS-101.3, nº 38.0043, da Coordenação-Geral de Desenvolvimento da Epidemiologia em Serviços, do Departamento de Gestão da Vigilância em Saúde, da Secretaria de Vigilância em Saúde.</p>]]></Texto>
    <Autores>
      <assina>RICARDO BARROS</assina>
    </Autores>
  </body>
</article></xml>