<xml><article id="643394" name="PORTARIA DIRAP 6061 2PC 29112017" idOficio="4587830" pubName="DO2" artType="Portaria" pubDate="01/12/2017" artClass="00010:00006:00005:00046:00000:00000:00000:00000:00000:00000:00025:00003" artSection="Ministério da Defesa" artCategory="Comando da Aeronáutica" artSize="8" artNotes="" numberPage="7" pdfPage="http://pesquisa.in.gov.br/imprensa/jsp/visualiza/index.jsp?data=01/12/2017&amp;jornal=529&amp;pagina=7" editionNumber="230">
  <body>
    <Identifica><![CDATA[PORTARIA DIRAP N 6.061/2PC, DE 29 DE NOVEMBRO DE 2017]]></Identifica>
    <Data><![CDATA[]]></Data>
    <Ementa />
    <Titulo />
    <SubTitulo />
    <Texto><![CDATA[<p>  </p><p>O DIRETOR DE ADMINISTRAÇÃO DO PESSOAL, no uso da competência que lhe foi subdelegada pelo art. 1º, inciso I, da Portaria nº 377/GC3, de 7 de julho de 2011, publicada no DOU nº 130, Seção 1, de 8 de julho de 2011, e considerando o Processo nº 67619.006393/2017-24, do GAP-CT, resolve:</p><p> Exonerar, por não ter sido aprovado no Estágio Probatório, conforme § 2º do art. 20, da Lei nº 8.112/90, o servidor ELTON FERNANDO DOEHNERT, código de vaga 0084954, Matrícula SIAPE nº 2169426, no cargo de Controlador de Tráfego Aéreo, DACTA-1303, lotado no CINDACTA II (DTCEA-CT), em Curitiba - PR.</p><p> </p><p> </p><p>O DIRETOR DE ADMINISTRAÇÃO DO PESSOAL, no uso da competência que lhe foi subdelegada pela Portaria nº 377/GC3, de 7 de julho de 2011, art. 1º, inciso VI, publicada no DOU nº 130, Seção 1, de 8 de julho de 2011, e considerando o Processo nº 67285.001285/2017-84, resolve:</p><p> Conceder aposentadoria a JOSÉ DE OLIVEIRA FERREIRA (Nr Ord 4507940), SIAPE nº 0208448, no cargo de Artífice de Eletricidade e Comunicações, código 444018, classe "S", padrão III, NI, de acordo com o art. 3º da  Emenda Constitucional nº 47, de 5 de julho de 2005, com Gratificação de Qualificação de Nível III (GQ-III). Código de vaga nº 88514.</p><p> </p>]]></Texto>
    <Autores>
      <assina>Maj Brig Ar LEONIDAS DE ARAÚJO MEDEIROS JÚNIOR</assina>
      <assina>Maj Brig Ar LEONIDAS DE ARAÚJO MEDEIROS JÚNIOR</assina>
    </Autores>
  </body>
</article></xml>