<xml><article id="703983" name="D 3197 e 3198 Dispensar ELISABET" idOficio="4587333" pubName="DO2" artType="Portaria" pubDate="11/12/2017" artClass="00017:00001:00000:00000:00000:00000:00000:00000:00000:00000:00000:00011" artSection="Ministério da Saúde" artCategory="Gabinete do Ministro" artSize="8" artNotes="" numberPage="193" pdfPage="http://pesquisa.in.gov.br/imprensa/jsp/visualiza/index.jsp?data=11/12/2017&amp;jornal=529&amp;pagina=193" editionNumber="236">
  <body>
    <Identifica><![CDATA[PORTARIAS DE 28 DE NOVEMBRO DE 2017]]></Identifica>
    <Data><![CDATA[]]></Data>
    <Ementa />
    <Titulo />
    <SubTitulo />
    <Texto><![CDATA[<p> O MINISTRO DE ESTADO DA SAÚDE, no uso da competência que lhe foi delegada pelo art. 3º do Decreto nº 8.821, de 26 de julho de 2016, resolve:</p><p>Nº 3.197 - Dispensar ELISABETE HARUMI MORIKAWA da Função Comissionada do Poder Executivo de Chefe do Serviço de Gestão de Convênios, código FCPE-101.1, nº 05.0482, da Coordenação de Gestão do Núcleo Estadual do Paraná, da Secretaria-Executiva.</p><p>Nº 3.198 - Designar PEDRO GUILHERME SANTOS NOGUEIRA, para exercer a Função Comissionada do Poder Executivo de Chefe do Serviço de Gestão de Convênios, código FCPE-101.1, nº 05.0482, da Coordenação de Gestão do Núcleo Estadual do Paraná, da Secretaria-Executiva.</p>]]></Texto>
    <Autores>
      <assina>RICARDO BARROS</assina>
    </Autores>
  </body>
</article></xml>