<xml><article id="643844" name="GERSON DOS SANTOS BORGES" idOficio="4588004" pubName="DO2" artType="Portaria" pubDate="01/12/2017" artClass="00017:00002:00031:00133:00136:00000:00000:00000:00000:00000:00025:00001" artSection="Ministério da Saúde" artCategory="Secretaria Executiva" artSize="8" artNotes="" numberPage="42" pdfPage="http://pesquisa.in.gov.br/imprensa/jsp/visualiza/index.jsp?data=01/12/2017&amp;jornal=529&amp;pagina=42" editionNumber="230">
  <body>
    <Identifica />
    <Data><![CDATA[]]></Data>
    <Ementa />
    <Titulo />
    <SubTitulo />
    <Texto><![CDATA[<p>        </p><p>          A CHEFE SUBSTITUTA DO SERVIÇO DE GESTÃO ADMINISTRATIVA DO MINISTÉRIO DA SAÚDE NO ESTADO DO RIO GRANDE DO SUL, no uso da competência que lhe foi subdelegada pela PT/SAA/SE/MS Nº 1.681, de 09/12/2016, publicada no DOU Nº 237, de 12/12/2016, resolve:</p><p>Nº 300 -Conceder aposentadoria ao servidor GERSON DOS SANTOS BORGES, matrícula 506503, ocupante do cargo de Agente de Saúde Pública, classe "S", Padrão III (NI), do Quadro Permanente deste Ministério, com fundamento no atrigo 3º da Emenda Constitucional nº 47/2005. (Processo nº 25025.401955/2017-80).</p>]]></Texto>
    <Autores />
  </body>
</article></xml>