<xml><article id="646815" name="2017-11-30/4589155/TCUWS_1035533" idOficio="4589155" pubName="DO2" artType="Portaria" pubDate="01/12/2017" artClass="00034:00001:00000:00000:00000:00000:00000:00000:00000:00000:00025:00009" artSection="Tribunal de Contas da União" artCategory="Gabinete do Presidente" artSize="8" artNotes="" numberPage="68" pdfPage="http://pesquisa.in.gov.br/imprensa/jsp/visualiza/index.jsp?data=01/12/2017&amp;jornal=529&amp;pagina=68" editionNumber="230">
  <body>
    <Identifica><![CDATA[PORTARIA N 531, DE 30 DE NOVEMBRO DE 2017]]></Identifica>
    <Data><![CDATA[]]></Data>
    <Ementa />
    <Titulo />
    <SubTitulo />
    <Texto><![CDATA[<p> </p><p> O PRESIDENTE DO TRIBUNAL DE CONTAS DA UNIÃO, no uso da atribuição que lhe confere o art. 70, inciso III, da Lei nº 8.443, de 16 de julho de 1992, e tendo em vista as informações constantes do Processo TC 029.785/2017-0, resolve: </p><p>APOSENTAR, com proventos proporcionais ao tempo de serviço, a servidora ADRIANA DE PENNAFORT CALDAS, CPF nº 472.915.591-20, matrícula 2835-5, no cargo de Auditor Federal de Controle Externo, Área Controle Externo, Especialidade Controle Externo, Classe Especial, Padrão 13, do Quadro de Pessoal da Secretaria deste Tribunal, com fundamento no art. 40, § 1º, inciso I, primeira parte, da Constituição da República Federativa do Brasil, na forma da redação dada pela Emenda Constitucional nº 41, de 19 de dezembro de 2003, c/c a Emenda Constitucional nº 70/2012, com as vantagens previstas no art. 15, § 1º, da Lei nº 9.527, de 10 de dezembro de 1997, e no art. 67 da Lei nº 8.112, de 11 de dezembro de 1990, asseguradas pelo art. 13 da Lei nº 9.624, de 2 de abril de 1998.</p>]]></Texto>
    <Autores>
      <assina>RAIMUNDO CARREIRO</assina>
    </Autores>
  </body>
</article></xml>