<xml><article id="644894" name="PORTARIA 728 de 28-11-2017 - HEL" idOficio="4588430" pubName="DO2" artType="Portaria" pubDate="01/12/2017" artClass="00012:00002:00012:00036:00000:00000:00000:00000:00000:00000:00025:00001" artSection="Ministério da Fazenda" artCategory="Secretaria Executiva" artSize="8" artNotes="" numberPage="35" pdfPage="http://pesquisa.in.gov.br/imprensa/jsp/visualiza/index.jsp?data=01/12/2017&amp;jornal=529&amp;pagina=35" editionNumber="230">
  <body>
    <Identifica><![CDATA[PORTARIA Nº 728, DE 28 de novembro de 2017]]></Identifica>
    <Data><![CDATA[]]></Data>
    <Ementa />
    <Titulo />
    <SubTitulo />
    <Texto><![CDATA[<p>  O  SUPERINTENDENTE  DE  ADMINISTRAÇÃO  DO  MINISTÉRIO  DA  FAZENDA  NO  ESTADO  DE  SÃO  PAULO,  no  uso  de  suas  atribuições  que  lhe  confere  o  artigo  65,  inciso  XV  da  Portaria  MF  nº  144  de  27/04/2016,  publicado  no  Diário  Oficial  da  União  de  29/04/2016  e  tendo  em  vista  o  que  consta  no  Processo  nº  10830.000386/2017-97,  resolve:</p><p>Conceder  pensão  ,  na  forma  dos  artigos  215  e  217,  inciso  I  da  Lei  nº  8.112/90,  com  a  redação  dada  pela  Lei  n° 13.135, publicada  no  DOU de  18/06/2015  c/c  a  Emenda  Constitucional  nº  41  de  31/12/2003  e  artigo  2º,  incisos  I  e  II  da  Lei  nº  10.887  de  18/06/2004  à  Sra.  HELEN  BOMER  GALVÃO,  a  qual  mediante  documentação  comprobatória  apresentada,  é  viúva  do  ex-servidor  inativo  Sr.  JOÃO  BAPTISTA  DOS  SANTOS  GALVÃO,  matrícula  Siapecad  20827,  Siape  96611,  ocupante  do  cargo  de  Auditor  Fiscal  da  Receita  Federal  do  Brasil, Classe  "S",  Padrão  "III"  do  Quadro  de  Pessoal  do  Ministério  da  Fazenda,  falecido  em  07/11/2017.    </p>]]></Texto>
    <Autores>
      <assina>DONIZETI DE CARVALHO ROSA</assina>
    </Autores>
  </body>
</article></xml>