<xml><article id="643808" name="Portaria nº 2451 - DESIGNAR Coor" idOficio="4587989" pubName="DO2" artType="Portaria" pubDate="01/12/2017" artClass="00011:00079:00001:00001:00000:00000:00000:00000:00000:00000:00025:00001" artSection="Ministério da Educação" artCategory="Instituto Federal de Educação, Ciência e Tecnologia de Rondônia" artSize="8" artNotes="" numberPage="24" pdfPage="http://pesquisa.in.gov.br/imprensa/jsp/visualiza/index.jsp?data=01/12/2017&amp;jornal=529&amp;pagina=24" editionNumber="230">
  <body>
    <Identifica><![CDATA[PORTARIA Nº 2.451, DE 29 DE NOVEMBRO DE 2017]]></Identifica>
    <Data><![CDATA[]]></Data>
    <Ementa />
    <Titulo />
    <SubTitulo />
    <Texto><![CDATA[<p> O REITOR DO INSTITUTO FEDERAL DE EDUCAÇÃO, CIÊNCIA E TECNOLOGIA DE RONDÔNIA, no uso de suas atribuições legais que lhe foram conferidas pelo Decreto de 24 de Fevereiro de 2015 do Ministério da Educação, bem como pelo art. 67 do Regimento Geral do IFRO, e considerando o Memorando nº 237/2017/PVCAL - CGAB/PVCAL - DG/PVCAL, de 27/11/2017, resolve:</p><p>Art. 1º DESIGNAR o Professor de Ensino Básico, Técnico e Tecnológico EWERTON RODRIGUES ANDRADE, matrícula SIAPE nº 2377659, para exercer a função de Coordenador de Pós-Graduação do Departamento de Pesquisa, Inovação e Pós-Graduação do Campus Porto Velho Calama, código FG-2.</p><p>Art. 2º Esta Portaria entra em vigor na data de sua publicação.</p>]]></Texto>
    <Autores>
      <assina>UBERLANDO TIBURTINO LEITE</assina>
    </Autores>
  </body>
</article></xml>