<xml><article id="645419" name="PT55GOVERNADORVALADARES" idOficio="4588636" pubName="DO2" artType="Portaria" pubDate="01/12/2017" artClass="00022:00029:00240:00014:00027:00000:00000:00000:00000:00000:00025:00002" artSection="Ministério do Desenvolvimento Social" artCategory="Instituto Nacional do Seguro Social" artSize="8" artNotes="" numberPage="50" pdfPage="http://pesquisa.in.gov.br/imprensa/jsp/visualiza/index.jsp?data=01/12/2017&amp;jornal=529&amp;pagina=50" editionNumber="230">
  <body>
    <Identifica><![CDATA[PORTARIA N 55, DE 30 DE NOVEMBRO DE 2017]]></Identifica>
    <Data><![CDATA[]]></Data>
    <Ementa />
    <Titulo />
    <SubTitulo />
    <Texto><![CDATA[<p> </p><p> </p><p> A CHEFE DA SEÇÃO OPERACIONAL DA GESTÃO DE PESSOAS DA GERÊNCIA EXECUTIVA DO INSS EM GOVERNADOR VALADARES - MINAS GERAIS, designada pela Portaria nº 28, de 31 de julho de 2017, publicada no DOU nº 146, de 01 de agosto de 2017, retificada no DOU nº 149, de 04 de agosto de 2017, no uso das atribuições conferidas pelo art. 235, inciso I, alínea "a" e "b" do Regimento Interno do INSS, aprovado pela PT/MPS nº 414 de 28/09/2017, publicada no DOU - Edição Extra nº 188-A de 29/09/2017. resolve:</p><p>Conceder pensão civil à JOSÉ FLÁVIO LAGE DE ANDRADE, de natureza vitalícia, na condição de cônjuge da ex-servidora aposentada LÚCIA MARIA MORAIS ANDRADE, matrícula SIAPE nº 0892250, Técnico do Seguro Social, Classe "S", Padrão "IV", do quadro de pessoal do Instituto Nacional do Seguro Social, com fundamento no art. 40, §7º, inciso I, da Constituição Federal/88 com redação dada pela Emenda Constitucional nº 41/2003, combinado com o art. 215 e art. 217, inciso I, da Lei 8.112/90, alterada pela Lei 13.135/2015, com proventos reajustados na forma do art. 15 da Lei 10.887/2004, a contar de 07 de novembro de 2017, data do óbito, tendo em vista o que consta do processo nº 35121.000280/2017-11.</p><p> </p>]]></Texto>
    <Autores>
      <assina>KENIA REGINA SILVA DE PAULA</assina>
    </Autores>
  </body>
</article></xml>