<xml><article id="645044" name="30.11 - PORTARIA COREN 1042-2017" idOficio="4588495" pubName="DO2" artType="Portaria" pubDate="01/12/2017" artClass="00038:00219:00000:00000:00000:00000:00000:00000:00000:00000:00025:00002" artSection="Entidades de Fiscalização do Exercício das Profissões Liberais" artCategory="Conselho Regional de Enfermagem do Rio de Janeiro" artSize="8" artNotes="" numberPage="82" pdfPage="http://pesquisa.in.gov.br/imprensa/jsp/visualiza/index.jsp?data=01/12/2017&amp;jornal=529&amp;pagina=82" editionNumber="230">
  <body>
    <Identifica><![CDATA[PORTARIA Nº 1.042, DE 17 de novembro de 2017]]></Identifica>
    <Data><![CDATA[]]></Data>
    <Ementa />
    <Titulo />
    <SubTitulo />
    <Texto><![CDATA[<p> </p><p> A Presidente do Conselho Regional de Enfermagem do Rio de Janeiro, juntamente com a primeira Secretária da Autarquia, no uso de suas atribuições legais e regimentais conferidas na Resolução Cofen nº 242/2000, que aprova o Regimento Interno da Autarquia; CONSIDERANDO: 1. Os termos do artigo 37, II da Constituição Federal que prevê a livre nomeação e exoneração de servidores para cargos em comissão no âmbito da Administração Pública; 2. O memorando nº163/2017 da Presidência, encaminhado ao Departamento de Gestão de Pessoas; resolve: </p><p>Nomear interinamente a funcionária Demarie Amaral Gonçalves, para o cargo de Chefe de Gabinete da Presidência, a partir de 01/11/2017. Art. 2º - Esta portaria entrará em vigor na data de sua publicação, produzindo efeitos administrativos e financeiros a partir das datas supracitadas, revogando as disposições em contrário. </p><p> </p>]]></Texto>
    <Autores>
      <assina>Maria Antonieta Rubio Tyrrell</assina>
      <cargo>Presidente do Conselho</cargo>
      <assina>ANA TERESA FERREIRA DE SOUZA</assina>
      <cargo>1ª Secretária</cargo>
    </Autores>
  </body>
</article></xml>