<xml><article id="645383" name="presatjf0112a" idOficio="4588610" pubName="DO2" artType="Ato" pubDate="01/12/2017" artClass="00037:00009:00001:00000:00000:00000:00000:00000:00000:00000:00001:00001" artSection="Poder Judiciário" artCategory="Tribunal Regional Federal da 3ª Região" artSize="8" artNotes="" numberPage="72" pdfPage="http://pesquisa.in.gov.br/imprensa/jsp/visualiza/index.jsp?data=01/12/2017&amp;jornal=529&amp;pagina=72" editionNumber="230">
  <body>
    <Identifica><![CDATA[ATO N 1.052, DE 20 DE NOVEMBRO DE 2017]]></Identifica>
    <Data><![CDATA[]]></Data>
    <Ementa />
    <Titulo />
    <SubTitulo />
    <Texto><![CDATA[<p> </p><p> A PRESIDENTE DO TRIBUNAL REGIONAL FEDERAL DA TERCEIRA REGIÃO, no uso das atribuições que lhe confere o artigo 96, item I, letra "b", da Constituição da República, e tendo em vista o que consta do Processo Administrativo nº 0043911-03.2017.4.03.8001 - SEI, resolve:</p><p>Conceder APOSENTADORIA VOLUNTÁRIA POR TEMPO DE CONTRIBUIÇÃO, com proventos integrais, nos termos do artigo 6º da Emenda Constitucional nº 41/2003, observado o artigo 2º da Emenda Constitucional nº 47/2005, à servidora SANDRA MARIA BATTISTUZZO VALENTIM, ocupante do cargo de Técnico Judiciário, Área Administrativa, Classe C, Padrão 13, do Quadro Permanente de Pessoal da Justiça Federal de 1º Grau - Seção Judiciária do Estado de São Paulo, com a vantagem pessoal nominalmente identificada prevista no artigo 62-A da Lei nº 8112/90, com redação dada pela Medida Provisória nº 2225-45/2001, incorporada nos critérios da redação original do artigo 62, § 2º, da Lei nº 8112/90, combinado com o artigo 3º da Lei nº 8911/94, e nos termos do artigo 3º da Lei nº 9624/98.</p><p> </p><p> </p>]]></Texto>
    <Autores>
      <assina>Desª. CECILIA MARIA PIEDRA MARCONDES</assina>
    </Autores>
  </body>
</article></xml>