<xml><article id="645203" name="LYSLIAN JOELMA ALVES MOREIRA - F" idOficio="4588549" pubName="DO2" artType="Portaria" pubDate="01/12/2017" artClass="00011:00073:00001:00009:00000:00000:00000:00000:00000:00000:00025:00001" artSection="Ministério da Educação" artCategory="Instituto Federal de Educação, Ciência e Tecnologia do Paraná" artSize="8" artNotes="" numberPage="23" pdfPage="http://pesquisa.in.gov.br/imprensa/jsp/visualiza/index.jsp?data=01/12/2017&amp;jornal=529&amp;pagina=23" editionNumber="230">
  <body>
    <Identifica><![CDATA[PORTARIA Nº 2.723, DE 30 DE NOVEMBRO DE 2017]]></Identifica>
    <Data><![CDATA[]]></Data>
    <Ementa />
    <Titulo />
    <SubTitulo />
    <Texto><![CDATA[<p> A Pró-Reitora de Gestão de Pessoas do Instituto Federal do Paraná, no uso da competência que lhe confere a Portaria nº 889, de 18 de julho de 2016 e o que com consta no processo nº 23397.000752/2017-16, resolve: </p><p>Autorizar, de acordo com a Lei nº 8745/93, a partir de 02/12/2017 até 27/05/2018, a prorrogação do contrato de LYSLIAN JOELMA ALVES MOREIRA HAMASAKI contrato 112/2017, como Professora Substituta, com salário correspondente à classe DI, Nível 1, acrescido de Retribuição pela Especialização em Enfermagem centro cirúrgico e central de material esterilizado, conforme arts. 16 e 17 da Lei 12.772/12, no regime de trabalho de 40 (quarenta) horas semanais, área: Enfermagem, para o Campus Curitiba.</p>]]></Texto>
    <Autores>
      <assina>Eliane Aparecida Mesquita</assina>
    </Autores>
  </body>
</article></xml>