<xml><article id="643334" name="180 - Manoel Leopoldo Carneiro N" idOficio="4587795" pubName="DO2" artType="Portaria" pubDate="01/12/2017" artClass="00012:00002:00012:00027:00000:00000:00000:00000:00000:00000:00025:00001" artSection="Ministério da Fazenda" artCategory="Secretaria Executiva" artSize="8" artNotes="" numberPage="35" pdfPage="http://pesquisa.in.gov.br/imprensa/jsp/visualiza/index.jsp?data=01/12/2017&amp;jornal=529&amp;pagina=35" editionNumber="230">
  <body>
    <Identifica><![CDATA[Portaria n 180, de 27 de novembro de 2017]]></Identifica>
    <Data><![CDATA[]]></Data>
    <Ementa />
    <Titulo />
    <SubTitulo />
    <Texto><![CDATA[<p> O SUPERINTENDENTE DE ADMINISTRAÇÃO DO MINISTERIO DA FAZENDA NO ESTADO DO PARANÁ, no uso da competência que lhe foi atribuída pelo art. 86, inciso XI, da Portaria nº. 144, de 27 de abril de 2016, DOU de 29.04.2016, do Ministro de Estado da Fazenda, e tendo em vista o que consta do Processo nº 16450.000364/2017-88, resolve:</p><p>Conceder aposentadoria voluntária integral a MANOEL LEOPOLDO CARNEIRO NETO, matrícula SIAPECAD nº 1196, matrícula SIAPE nº 120770, ocupante do cargo de Agente Administrativo - 489202, Classe S, Padrão III, lotado na Superintendência de Administração do Ministério da Fazenda no Paraná, com fundamento no Art. 3º, incisos I, II, III e § único da Emenda Constitucional 47/2005. </p><p>                           </p>]]></Texto>
    <Autores>
      <assina>REALINO PAULINO DE ARAUJO FILHO</assina>
    </Autores>
  </body>
</article></xml>