<xml><article id="645626" name="Portaria nº 246.2017 JNA" idOficio="4588652" pubName="DO2" artType="Portaria" pubDate="01/12/2017" artClass="00011:00067:00008:00000:00000:00000:00000:00000:00000:00000:00025:00001" artSection="Ministério da Educação" artCategory="Instituto Federal de Educação, Ciência e Tecnologia de Mato Grosso" artSize="8" artNotes="" numberPage="21" pdfPage="http://pesquisa.in.gov.br/imprensa/jsp/visualiza/index.jsp?data=01/12/2017&amp;jornal=529&amp;pagina=21" editionNumber="230">
  <body>
    <Identifica><![CDATA[PORTARIA Nº 246, DE 23 DE NOVEMBRO DE 2017]]></Identifica>
    <Data><![CDATA[]]></Data>
    <Ementa />
    <Titulo />
    <SubTitulo />
    <Texto><![CDATA[<p> O DIRETOR-GERAL SUBSTITUTO DO INSTITUTO FEDERAL DE EDUCAÇÃO, CIÊNCIA E TECNOLOGIA DE MATO GROSSO - CAMPUS JUÍNA, no uso de suas atribuições legais, conferidas pela Portaria IFMT Nº 842, de 13/04/2017, considerando a Portaria IFMT Nº 1.729, de 09.09.2014, que trata da Delegação de Competências aos Diretores Gerais de Designação e Dispensa de Função; e a Portaria IFMT - Juína Nº 52, de 03 de abril de 2017, publicada no D.O.U de 07 de abril de 2017, resolve:</p><p>I - Dispensar a Servidora ANDRÉIA DOS SANTOS SACHETE, ocupante do cargo de Professora do Ensino Básico, Técnico e Tecnológico, Matrícula Nº 1628930, pertencente ao Quadro Permanente de Servidores deste Instituto, da Função Comissionada de Coordenador do Curso Técnico Integrado ao Ensino Médio de Meio Ambiente, deste IFMT - Campus Juína, Código FCC.</p><p>II - Designar o Servidor JONES WILLIAN SOARES DE QUEIROZ, ocupante do cargo de Professor do Ensino Básico, Técnico e Tecnológico, Matrícula Nº 1897370, pertencente ao Quadro Permanente de Servidores deste Instituto, para exercer a Função Comissionada de Coordenador do Curso Técnico Integrado ao Ensino Médio de Meio Ambiente, deste IFMT - Campus Juína, Código FCC.</p><p>III - Esta portaria entra em vigor na data de sua publicação.</p>]]></Texto>
    <Autores>
      <assina>Wagner Mendes da Silva</assina>
    </Autores>
  </body>
</article></xml>