<xml><article id="644528" name="PT 199 47001 ANTONIO SERGIO FERR" idOficio="4588256" pubName="DO2" artType="Portaria" pubDate="01/12/2017" artClass="00017:00002:00034:00001:00002:00000:00000:00000:00000:00000:00025:00003" artSection="Ministério da Saúde" artCategory="Secretaria Executiva" artSize="8" artNotes="" numberPage="42" pdfPage="http://pesquisa.in.gov.br/imprensa/jsp/visualiza/index.jsp?data=01/12/2017&amp;jornal=529&amp;pagina=42" editionNumber="230">
  <body>
    <Identifica><![CDATA[PORTARIA N 199, de 29 de novembro de 2017]]></Identifica>
    <Data><![CDATA[]]></Data>
    <Ementa />
    <Titulo />
    <SubTitulo />
    <Texto><![CDATA[<p> O CHEFE DO SERVIÇO DE GESTÃO ADMINISTRATIVA DO NÚCLEO ESTADUAL DO MINISTÉRIO DA SAÚDE EM SANTA CATARINA, no uso da competência que lhe foi subdelegada pela Portaria SAA/SE/MS n.º 1.804, de 01/10/13, publicada no DOU n.º 192 de 03/10/13, resolve:</p><p>Conceder Aposentadoria Voluntária Integral, por Tempo de Contribuição, de acordo com o artigo 3.º, incisos I, II e III da Emenda Constitucional n.º 47/2005, ao servidor ANTONIO SERGIO FERREIRA BAPTISTA, matrícula SIAPE 062978-4, no cargo de Médico, Classe S, Padrão NS-III, pertencente ao Quadro Permanente deste Ministério, com proventos, correspondentes ao valor do cargo acima citado, acrescidos de 14% (quatorze por cento) de Adicional por Tempo de Serviço e demais vantagens do cargo.</p><p>(Processo n.º (25024.400399/2017-34).</p>]]></Texto>
    <Autores>
      <assina>CARLOS MAGNO VALVERDE</assina>
    </Autores>
  </body>
</article></xml>