<xml><article id="644540" name="Portaria 2802 de 21.11.17 CEPLAC" idOficio="4588274" pubName="DO2" artType="Portaria" pubDate="01/12/2017" artClass="00007:00003:00802:00406:00000:00000:00000:00000:00000:00000:00025:0001" artSection="Ministério da Agricultura, Pecuária e Abastecimento" artCategory="Secretaria Executiva" artSize="8" artNotes="" numberPage="4" pdfPage="http://pesquisa.in.gov.br/imprensa/jsp/visualiza/index.jsp?data=01/12/2017&amp;jornal=529&amp;pagina=4" editionNumber="230">
  <body>
    <Identifica><![CDATA[Portaria Nº 2.802, DE 21 DE novembro DE 2017]]></Identifica>
    <Data><![CDATA[]]></Data>
    <Ementa />
    <Titulo />
    <SubTitulo />
    <Texto><![CDATA[<p> O COORDENADOR-GERAL DE ADMINISTRAÇÃO DE PESSOAS, DO MINISTÉRIO DA AGRICULTURA, PECUÁRIA E ABASTECIMENTO, no uso da competência que lhe foi atribuída pelo inciso VI, do § 6º, do artigo 141, da Portaria Ministerial nº 944, de 23 de setembro de 2014, publicada no Diário Oficial do dia seguinte e tendo em vista o constante no Processo 21084.000595/2017-47, resolve:</p><p>Conceder pensão à MARIA DOS SANTOS ARGOLO, na qualidade de viúva do ex-servidor aposentado, PAULO PINTO DOS SANTOS, lotado no Departamento da Comissão Executiva do Plano da Lavoura Cacaueira-CEPLAC, do Quadro deste Ministério, em virtude do falecimento ocorrido  em 03/09/2017, com fundamento no Art. 217, Item I da Lei n° 8.112/90, com redação dada pela Lei n° 13.135/2015 e no artigo 40, parágrafo 7, inciso I, da Constituição Federal, com redação dada pela Emenda Constitucional 41/2003, combinado com o artigo 2°, inciso I, da Lei n° 10887/2004.</p>]]></Texto>
    <Autores>
      <assina>GENILSON ANTONIO SECCHI DE AVILA</assina>
    </Autores>
  </body>
</article></xml>