<xml><article id="643208" name="Portaria cessão Andrea Gouvea" idOficio="4587697" pubName="DO2" artType="Portaria" pubDate="01/12/2017" artClass="00037:00026:00001:00000:00000:00000:00000:00000:00000:00000:00025:00001" artSection="Poder Judiciário" artCategory="Tribunal Regional Eleitoral da Paraíba" artSize="8" artNotes="" numberPage="73" pdfPage="http://pesquisa.in.gov.br/imprensa/jsp/visualiza/index.jsp?data=01/12/2017&amp;jornal=529&amp;pagina=73" editionNumber="230">
  <body>
    <Identifica><![CDATA[PORTARIA N 985, de 20 de novembro de 2017]]></Identifica>
    <Data><![CDATA[]]></Data>
    <Ementa />
    <Titulo />
    <SubTitulo />
    <Texto><![CDATA[<p> A PRESIDENTE DO TRIBUNAL REGIONAL ELEITORAL DA PARAÍBA, no uso de suas atribuições legais e regimentais, considerando o decidido no SEI nº 0007154-79.2017.6.15.8107, resolve:</p><p>Autorizar a cessão, pelo prazo de um ano, da servidora Andréa Ribeiro Gouvêa para o exercício de cargo comissionado junto à Procuradoria da República no Estado da Paraíba, a partir de 14 de dezembro de 2017.</p>]]></Texto>
    <Autores>
      <assina>Desa. MARIA DAS GRAÇAS MORAIS GUEDES</assina>
    </Autores>
  </body>
</article></xml>