<xml><article id="644225" name="PORT 2262 A 2265" idOficio="4588127" pubName="DO2" artType="Portaria" pubDate="01/12/2017" artClass="00011:00002:00000:00000:00000:00000:00000:00000:00000:00000:00025:00001" artSection="Ministério da Educação" artCategory="Secretaria Executiva" artSize="8" artNotes="" numberPage="13" pdfPage="http://pesquisa.in.gov.br/imprensa/jsp/visualiza/index.jsp?data=01/12/2017&amp;jornal=529&amp;pagina=13" editionNumber="230">
  <body>
    <Identifica><![CDATA[PORTARIAS DE 29 DE NOVEMBRO DE 2017]]></Identifica>
    <Data><![CDATA[]]></Data>
    <Ementa />
    <Titulo />
    <SubTitulo />
    <Texto><![CDATA[<p> </p><p> O Secretário-Executivo Adjunto do Ministério da Educação, no uso das atribuições subdelegadas pelo art. 2º, da Portaria nº 1.212, de 20 de setembro de 2017, em conformidade com a delegação de competência outorgada pela Portaria MP nº 79, de 28 de fevereiro de 2002, e considerando o disposto no art. 37 da Lei nº 8.112, de 11 de dezembro de 1990, com redação dada pela Lei nº 9.527, de 10 de dezembro de 1997, resolve redistribuir:</p><p>N 2.262 - Servidor(a): ALCIDES RICARDO GOMES DE OLIVEIRA</p><p>Mat. SIAPE: 1808688</p><p>Cargo: Professor do Ensino Básico, Técnico e Tecnológico, Classe D, Nível 303</p><p>Código da vaga: 844283</p><p>Do(a): Instituto Federal de Educação, Ciência e Tecnologia do Norte de Minas Gerais</p><p>Para: Instituto Federal de Educação, Ciência e Tecnologia Fluminense</p><p>Contrapartida</p><p>Servidor(a): Cargo vago</p><p>Cargo: Professor do Ensino Básico, Técnico e Tecnológico</p><p>Código da vaga: 0952159</p><p>Do(a): Instituto Federal de Educação, Ciência e Tecnologia Fluminense</p><p>Para: Instituto Federal de Educação, Ciência e Tecnologia do Norte de Minas Gerais</p><p>Processo: 23323.002263/2017-62</p><p>N 2.263 - Servidor(a): ANA GABRIELA SANTOS DE MOURA PACHECO</p><p>Mat. SIAPE: 2357897</p><p>Cargo: Auxiliar em Assuntos Educacionais</p><p>Nível de Classificação: C</p><p>Nível de Capacitação: I</p><p>Padrão de Vencimento: 01</p><p>Código da vaga: 962124</p><p>Do(a): Instituto Federal de Educação, Ciência e Tecnologia de São Paulo</p><p>Para: Instituto Federal de Educação, Ciência e Tecnologia do Ceará</p><p>Contrapartida</p><p>Servidor(a): Cargo vago</p><p>Cargo: Auxiliar em Assuntos Educacionais</p><p>Código da vaga: 0962111</p><p>Do(a): Instituto Federal de Educação, Ciência e Tecnologia do Ceará</p><p>Para: Instituto Federal de Educação, Ciência e Tecnologia de São Paulo</p><p>Processo: 23305.005839/2017-61</p><p>N 2.264 - Servidor(a): BRUNO BORGES NASCIMENTO</p><p>Mat. SIAPE: 2318382</p><p>Cargo: Assistente em Administração</p><p>Nível de Classificação: D</p><p>Nível de Capacitação: I</p><p>Padrão de Vencimento: 01</p><p>Código da vaga: 964767</p><p>Do(a): Instituto Federal de Educação, Ciência e Tecnologia do Espírito Santo</p><p>Para: Universidade Federal do Espírito Santo</p><p>Contrapartida</p><p>Servidor(a): LEANDRO DALLA BERNARDINA SANTOS</p><p>Mat. SIAPE: 1952226</p><p>Cargo: Assistente em Administração</p><p>Nível de Classificação: D</p><p>Nível de Capacitação: IV</p><p>Padrão de Vencimento: 04</p><p>Código da vaga: 220228</p><p>Do(a): Universidade Federal do Espírito Santo</p><p>Para: Instituto Federal de Educação, Ciência e Tecnologia do Espírito Santo</p><p>Processo: 23123.006548/2017-29</p><p>N 2.265 - Servidor(a): MARCUS ALEXANDRE NORONHA DE BRITO</p><p>Mat. SIAPE: 1805785</p><p>Cargo: Professor do Ensino Básico, Técnico e Tecnológico, Classe D, Nível 304</p><p>Código da vaga: 840825</p><p>Do(a): Instituto Federal de Educação, Ciência e Tecnologia de Brasília</p><p>Para: Instituto Federal de Educação, Ciência e Tecnologia de Sergipe</p><p>Contrapartida</p><p>Servidor(a): Cargo vago</p><p>Cargo: Professor do Ensino Básico, Técnico e Tecnológico</p><p>Código da vaga: 0215678</p><p>Do(a): Instituto Federal de Educação, Ciência e Tecnologia de Sergipe</p><p>Para: Instituto Federal de Educação, Ciência e Tecnologia de Brasília</p><p>Processo: 23288.000108/2017-85</p>]]></Texto>
    <Autores>
      <assina>FELIPE SARTORI SIGOLLO</assina>
    </Autores>
  </body>
</article></xml>