<xml><article id="644852" name="PORT653 - MPT DIG - desig" idOficio="4588408" pubName="DO2" artType="Portaria" pubDate="01/12/2017" artClass="00033:00008:00002:00000:00000:00000:00000:00000:00000:00000:00025:00003" artSection="Ministério Público da União" artCategory="Ministério Público do Trabalho" artSize="8" artNotes="" numberPage="67" pdfPage="http://pesquisa.in.gov.br/imprensa/jsp/visualiza/index.jsp?data=01/12/2017&amp;jornal=529&amp;pagina=67" editionNumber="230">
  <body>
    <Identifica><![CDATA[PORTARIA N 653, DE 28 DE NOVEMBRO DE 2017]]></Identifica>
    <Data><![CDATA[]]></Data>
    <Ementa />
    <Titulo />
    <SubTitulo />
    <Texto><![CDATA[<p> </p><p>O PROCURADOR-CHEFE DA PROCURADORIA REGIONAL DO TRABALHO DA 1ª REGIÃO, no uso das suas atribuições legais, considerando o disposto na Portaria PGT nº 673, de 24 de outubro de 2014, e Portaria PRT-1 nº 85, de 17 de março de 2015, resolve:</p><p>Art. 1º Designar a Procuradora do Trabalho Luciene Rezende Vasconcelos para atuar, com acúmulo de atribuições, em substituição à Procuradora do Trabalho Virgínia Leite Henrique, titular do 54º Ofício Especializado na Defesa do Meio Ambiente do Trabalho da Procuradoria Regional do Trabalho da 1ª Região, pelo período de 11 de dezembro de 2017 a 14 de dezembro de 2017, em razão do gozo de férias pela titular.</p>]]></Texto>
    <Autores>
      <assina>FABIO GOULART VILLELA</assina>
    </Autores>
  </body>
</article></xml>