<xml><article id="645329" name="MODELO_dispensas_designações_rem" idOficio="4588581" pubName="DO2" artType="Portaria" pubDate="01/12/2017" artClass="00037:00056:00000:00000:00000:00000:00000:00000:00000:00000:00025:00001" artSection="Poder Judiciário" artCategory="Tribunal Regional do Trabalho da 17ª Região" artSize="8" artNotes="" numberPage="80" pdfPage="http://pesquisa.in.gov.br/imprensa/jsp/visualiza/index.jsp?data=01/12/2017&amp;jornal=529&amp;pagina=80" editionNumber="230">
  <body>
    <Identifica><![CDATA[PORTARIAS DE 16 DE NOVEMBRO DE 2017]]></Identifica>
    <Data><![CDATA[]]></Data>
    <Ementa />
    <Titulo />
    <SubTitulo />
    <Texto><![CDATA[<p> </p><p> O DESEMBARGADOR-PRESIDENTE DO TRIBUNAL REGIONAL DO TRABALHO DA DÉCIMA SÉTIMA REGIÃO, no uso de suas atribuições legais e regimentais, resolve:</p><p>Nº 703 - DISPENSAR Juliano Del Santo de Oliveira, Técnico Judiciário, Área Administrativa, Ativo com Vínculo, da função comissionada de Calculista - FC-04 do (a) Vara do Trabalho de Nova Venécia, a partir de 01/12/2017.</p><p>Nº 704 - DESIGNAR Juliana Mantovanelli de Oliveira, Técnico Judiciário, Área Administrativa, Ativo com Vínculo, para exercer a função comissionada de Calculista - FC-04, da Vara do Trabalho de Nova Venécia, a partir de 01/12/2017.</p><p> </p><p> O DESEMBARGADOR-PRESIDENTE DO TRIBUNAL REGIONAL DO TRABALHO DA DÉCIMA SÉTIMA REGIÃO, no uso de suas atribuições legais e regimentais, à vista do disposto no art.37 da Lei nº 8.112/90 e à vista do constante do Processo Administrativo Eletrônico nº 0001619-28.2017.5.17.0500, resolve:</p><p>Nº 689 - Art. 1º Redistribuir um cargo de Analista Judiciário, Área Judiciária, Esp. Oficial de Justiça Avaliador do quadro permanente de pessoal deste Tribunal Regional do Trabalho da 17ª Região, criado pela Lei nº 11.778/2008, ocupado pelo(a) servidor(a) Fernando Amaral Amador dos Santos, para o quadro de pessoal do Tribunal Regional do Trabalho da 3ª Região, em reciprocidade com o cargo de Analista Judiciário, Área Judiciária, Esp. Oficial de Justiça Avaliador Federal, criado pela Lei nº 12.616/2012, ocupado pelo(a) servidor(a) Thiago Valbão Poleti, a partir de 01/12/2017;</p><p>Art. 2º Acrescer ao Quadro Permanente de Pessoal deste Tribunal um cargo de Analista Judiciário, Área Judiciária, Esp. Oficial de Justiça Avaliador Federal ocupado pelo(a) servidor(a) Thiago Valbão Poleti, criado pela Lei nº 12.616/2012, originário do Tribunal Regional do Trabalho da 3ª Região e redistribuído a partir de 01/12/2017.</p><p>Art.3º Lotar o servidor Thiago Valbão Poleti, no Fórum Trabalhista de Guarapari, a partir de 01/12/2017, concedendo 10 (dez) dias de período de trânsito ao servidor, a contar dessa data.</p><p> </p><p> O DESEMBARGADOR-PRESIDENTE DO TRIBUNAL REGIONAL DO TRABALHO DA DÉCIMA SÉTIMA REGIÃO, no uso de suas atribuições legais e regimentais, à vista disposto no art. 37 da Lei nº 8.112/90 e à vista do constante do Processo Administrativo nº 0002246-32.2017.5.17.0500, resolve:</p><p>Nº 710 - Art. 1º Cessar os efeitos da PORTARIA TRT.17.ª SGP/PRESI.Nº 1058/2013, publicada no DJE de 15/08/2013, a partir de 01/12/2017;</p><p>Art. 2º Redistribuir um cargo de Analista Judiciário, Área Judiciária, do quadro permanente de pessoal deste Tribunal Regional do Trabalho da 17ª Região, criado pela Lei nº 11.986/2009, ocupado pelo(a) servidor(a) Glayce Anne de Araújo Aguiar, para o quadro de pessoal do Tribunal Regional do Trabalho da 7ª Região, em reciprocidade com o cargo de Analista Judiciário, Área Administrativa, criado pela Lei nº 5.794/1972, ocupado pelo(a) servidor(a) Bianca Checon Caprini, a partir de 01/12/2017;</p><p>Art. 3º Acrescer ao Quadro Permanente de Pessoal deste Tribunal um cargo de Analista Judiciário, Área Administrativa ocupado pelo(a) servidor(a) Bianca Checon Caprini, criado pela Lei nº 5.794/1972, originário do Tribunal Regional do Trabalho da 7ª Região e redistribuído a partir de 01/12/2017;</p><p>Art. 4º Convalidar a PORTARIA TRT.17.ª SGP/PRESI Nº 1212/2015, publicada no DEJT de23/09/2015, alterando-a quanto a situação funcional do(a) servidor(a) Bianca Checon Caprini, para fazer constar que o cargo de Analista Judiciário, Área Administrativa, pertence ao quadro permanente de pessoal deste Tribunal, a partir de 01/12/2017.</p><p>  O DESEMBARGADOR-PRESIDENTE DO TRIBUNAL REGIONAL DO TRABALHO DA DÉCIMA SÉTIMA REGIÃO, no uso de suas atribuições legais e regimentais, resolve:</p><p>Nº 708 - DISPENSAR Renata Cancelieri de Freitas Rosa, Técnico Judiciário, Área Administrativa, Ativo com Vínculo, da função comissionada de Assistente de Coordenador - FC-05, do(a) Coordenadoria de Apoio às Varas do Trabalho, e, ao mesmo tempo, designá-lo(a) para exercer a função comissionada de Assistente de Coordenador - FC-05, da Coordenadoria de Material e Logística, a partir de 01/12/2017.</p><p> </p><p> O DESEMBARGADOR-PRESIDENTE DO TRIBUNAL REGIONAL DO TRABALHO DA DÉCIMA SÉTIMA REGIÃO, no uso de suas atribuições legais e regimentais, resolve:</p><p>Nº 717 - DISPENSAR Maria Eugênia Rezende Vieira, Técnico Judiciário, Área Administrativa, Ativo com Vínculo, da função comissionada de Chefe de Posto - FC-05, do (a) Posto de Atendimento da Casa do Cidadão (COAP).</p><p>Nº 718 - DESIGNAR Maria Eugênia Rezende Vieira, Técnico Judiciário, Área Administrativa, Ativo com Vínculo, para exercer a função comissionada de Assistente de Coordenador - FC-05, da Coordenadoria de Apoio às Varas do Trabalho.</p><p>Nº 719 - DESIGNAR Denismar de Oliveira Marques, Técnico Judiciário, Área Administrativa, Ativo com Vínculo, para exercer a função comissionada de Chefe do Posto da Casa do Cidadão, do Posto de Atendimento da Casa do Cidadão (COAP).</p><p> </p>]]></Texto>
    <Autores>
      <assina>MARIO RIBEIRO CANTARINO NETO</assina>
      <assina>MARIO RIBEIRO CANTARINO NETO</assina>
      <assina>MARIO RIBEIRO CANTARINO NETO</assina>
    </Autores>
  </body>
</article></xml>