<xml><article id="643796" name="Nº 4488.docx 4488" idOficio="4587979" pubName="DO2" artType="Portaria" pubDate="01/12/2017" artClass="00031:00002:00658:04233:00000:00000:00000:00000:00000:00000:00025:0006" artSection="Ministério dos Transportes, Portos e Aviação Civil" artCategory="Secretaria Executiva" artSize="8" artNotes="" numberPage="62" pdfPage="http://pesquisa.in.gov.br/imprensa/jsp/visualiza/index.jsp?data=01/12/2017&amp;jornal=529&amp;pagina=62" editionNumber="230">
  <body>
    <Identifica><![CDATA[PORTARIA Nº 4.488, DE 24 DE NOVEMBRO DE 2017]]></Identifica>
    <Data><![CDATA[]]></Data>
    <Ementa />
    <Titulo />
    <SubTitulo />
    <Texto><![CDATA[<p> O COORDENADOR-GERAL DE GESTÃO DE PESSOAS DO MINISTÉRIO DOS TRANSPORTES, PORTOS E AVIAÇÃO CIVIL, no uso das suas atribuições que lhe foram subdelegadas pela Portaria/SAAD n.º 202, art. 1º, inciso VII, de 08 de outubro de 2010, publicada no Diário Oficial da União de 11 de outubro de 2010, resolve:</p><p>Retificar Portaria COGEP - MT nº 296 de 3 de fevereiro de 2017, publicada no Diário Oficial da União em 16 de fevereiro de 2017, Seção 2, página 52, referente à MARLENE FERREIRA ALMEIDA. Onde se lê, " com vigência na Publicação do Ato e efeitos financeiros a partir de 28 de dezembro de 2016, data do falecimento do ex-servidor, " leia-se " com vigência na Publicação do Ato e efeitos financeiros a partir de 26 de dezembro de 2016, data do falecimento do ex-servidor. (Processo SEI n.º 50000.003549/2017-81) BA.</p>]]></Texto>
    <Autores>
      <assina>ROBSON DE SOUZA ANDRADE</assina>
    </Autores>
  </body>
</article></xml>