<xml><article id="643898" name="DOU02_PORTARIA_CGP_PR_358_DISPEN" idOficio="4588007" pubName="DO2" artType="Portaria" pubDate="01/12/2017" artClass="00037:00059:00001:00000:00000:00000:00000:00000:00000:00000:00025:00001" artSection="Poder Judiciário" artCategory="Tribunal Regional do Trabalho da 20ª Região" artSize="8" artNotes="" numberPage="81" pdfPage="http://pesquisa.in.gov.br/imprensa/jsp/visualiza/index.jsp?data=01/12/2017&amp;jornal=529&amp;pagina=81" editionNumber="230">
  <body>
    <Identifica><![CDATA[PORTARIA Nº 358, DE 24 DE NOVEMBRO DE 2017]]></Identifica>
    <Data><![CDATA[]]></Data>
    <Ementa />
    <Titulo />
    <SubTitulo />
    <Texto><![CDATA[<p> O DESEMBARGADOR PRESIDENTE DO TRIBUNAL REGIONAL DO TRABALHO DA 20ª REGIÃO, no uso de suas atribuições legais e regimentais e considerando o contido no PROAD nº 35038/2017, resolve:</p><p>  Dispensar a servidora BÁRBARA TORRIANI BRODT, Analista Judiciário - Área Judiciária do TRT da 18ª Região, em exercício provisório neste Tribunal, da Função Comissionada de ASSISTENTE DE GABINETE (FC-5) do Gabinete da Exma. Desembargadora RITA DE CÁSSIA PINHEIRO DE OLIVEIRA, com efeitos a contar de 1º/12/2017.</p>]]></Texto>
    <Autores>
      <assina>THENISSON SANTANA DÓRIA</assina>
    </Autores>
  </body>
</article></xml>