<xml><article id="644294" name="Portaria.MF.513.2017" idOficio="4588196" pubName="DO2" artType="Portaria" pubDate="01/12/2017" artClass="00012:00001:00644:00102:00000:00000:00000:00000:00000:00000:00025:0001" artSection="Ministério da Fazenda" artCategory="Gabinete do Ministro" artSize="8" artNotes="" numberPage="34" pdfPage="http://pesquisa.in.gov.br/imprensa/jsp/visualiza/index.jsp?data=01/12/2017&amp;jornal=529&amp;pagina=34" editionNumber="230">
  <body>
    <Identifica><![CDATA[PORTARIA Nº 513, DE 29 DE DEZEMBRO DE 2017]]></Identifica>
    <Data><![CDATA[]]></Data>
    <Ementa />
    <Titulo />
    <SubTitulo />
    <Texto><![CDATA[<p> O MINISTRO DE ESTADO DA FAZENDA, no uso da competência delegada pelo inciso II do art. 1º do Decreto nº 3.035, de 27 de abril de 1999, publicado no DOU de 28 de abril de 1999, e</p><p>Considerando a decisão transitada em julgado proferida pelo Tribunal Regional Federal da 2ª Região nos autos nº 0110068-53.1997.4.02.5101 e 0041358-44.1998.4.02.5101; e</p><p>Considerando o que consta dos autos do Processo Administrativo nº 12142.720160/2017-90, resolve:</p><p>Art. 1º Exonerar o servidor CARLO RAMPINI MAURICIO, matrícula Siape nº 1283279, nomeado pela Portaria INSS nº 371, de 05 de junho de 1998, publicada no Diário Oficial da União nº 108, de 09 de junho de 1998, Seção 02, p. 29, do cargo de Auditor-Fiscal da Receita Federal do Brasil, do Quadro de Pessoal deste Ministério.</p><p>Art. 2º Esta Portaria entra em vigor na data de sua publicação.</p>]]></Texto>
    <Autores>
      <assina>HENRIQUE DE CAMPOS MEIRELLES</assina>
    </Autores>
  </body>
</article></xml>