<xml><article id="644132" name="PT311NITEROI" idOficio="4588067" pubName="DO2" artType="Portaria" pubDate="01/12/2017" artClass="00022:00029:00240:00017:00022:00000:00000:00000:00000:00000:00025:00004" artSection="Ministério do Desenvolvimento Social" artCategory="Instituto Nacional do Seguro Social" artSize="8" artNotes="" numberPage="50" pdfPage="http://pesquisa.in.gov.br/imprensa/jsp/visualiza/index.jsp?data=01/12/2017&amp;jornal=529&amp;pagina=50" editionNumber="230">
  <body>
    <Identifica><![CDATA[Portaria N 311, de 27 de Novembro de 2017]]></Identifica>
    <Data><![CDATA[]]></Data>
    <Ementa />
    <Titulo />
    <SubTitulo />
    <Texto><![CDATA[<p> </p><p> </p><p> A CHEFE DA SEÇÃO OPERACIONAL DA GESTÃO DE PESSOAS DA GERÊNCIA-EXECUTIVA DO INSTITUTO NACIONAL DO SEGURO SOCIAL (INSS) NITERÓI, no uso das competências que lhe foram atribuídas na forma do artigo 235, I, "b" da Portaria/MDS n° 414, de 28 de setembro de 2017, publicada no Diário Oficial da União n° 188, de 29 de setembro de 2017, que aprova o Regimento Interno do INSS, resolve:</p><p> Conceder pensão a  IVONE SADDY MARTINS, CPF nº 900.902.927-15, com fundamento no inciso I, § 7º do art. 40 da CF/1988, com redação dada pela EC nº 41/2003, regulamentada pelo inciso I do art. 2º da Lei nº 10.887/2004, combinado com os arts. 215; 217, inciso I; e 222, inciso VII, alínea "b", item 6 da Lei 8.112/1990, com redação dada pela Lei nº 13.135/2015, em razão do falecimento ocorrido em  11/11/2017, do ex-servidor aposentado JAIR MARTINS, matrícula SIAPE nº 0917301, Sociólogo, Classe "S", Padrão IV, do Quadro de Pessoal do Instituto Nacional do Seguro Social-INSS (Processo nº 35318.001187/2017-26 e apensos).</p><p> </p>]]></Texto>
    <Autores>
      <assina>FERNANDA REGINA SANTOS MATEUS CAMPOS LEITE</assina>
    </Autores>
  </body>
</article></xml>