<xml><article id="644888" name="2081.THIAGO-BRUNO-ELIANE-17" idOficio="4588423" pubName="DO2" artType="Portaria" pubDate="01/12/2017" artClass="00033:00008:00001:00004:00000:00000:00000:00000:00000:00000:00025:00004" artSection="Ministério Público da União" artCategory="Ministério Público do Trabalho" artSize="8" artNotes="" numberPage="15-67" pdfPage="http://pesquisa.in.gov.br/imprensa/jsp/visualiza/index.jsp?data=01/12/2017&amp;jornal=529&amp;pagina=15,http://pesquisa.in.gov.br/imprensa/jsp/visualiza/index.jsp?data=01/12/2017&amp;jornal=529&amp;pagina=67" editionNumber="230">
  <body>
    <Identifica><![CDATA[PORTARIA Nº2.081, DE 29 DE NOVEMBRO DE 2017]]></Identifica>
    <Data><![CDATA[]]></Data>
    <Ementa />
    <Titulo />
    <SubTitulo />
    <Texto><![CDATA[<p> A DIRETORA-GERAL ADJUNTA DO MINISTÉRIO PÚBLICO DO TRABALHO, no uso das atribuições que lhe foram delegadas pela Portaria MPT-DG nº 86, de 30 de março de 2016 e o que consta no PGEA/MPT nº 001632.2017.10.900/3, resolve:</p><p>Art.1º Nomear o servidor THIAGO DE OLIVEIRA LIMA, matrícula 6005821-8, ocupante do cargo de Analista do MPU/Apoio Jurídico/Direito, para o cargo em comissão de Assessor Jurídico do 17º Ofício Geral da Procuradoria Regional do Trabalho da 10ª Região/DF-TO, código CC-2, exonerando-o do cargo em comissão de Chefe da Assessoria Jurídica do Procurador-Chefe, código CC-3, da Procuradoria Regional do Trabalho da 10ª Região/DF-TO, que atualmente ocupa.</p><p>Art.2º Nomear o servidor BRUNO NOGUEIRA DE CARVALHO, matrícula 6005664-9, ocupante do cargo de Analista do MPU/Apoio Jurídico/Direito, para o cargo em comissão de Chefe da Assessoria Jurídica do Procurador-Chefe, código CC-3, da Procuradoria Regional do Trabalho da 10ª Região/DF-TO, exonerando-o do cargo em comissão de Chefe do Gabinete do Procurador-Chefe, código CC-3, que atualmente ocupa.</p><p>Art.3º Nomear a servidora ELIANE RODRIGUES DE SALES, matrícula 6008455-3, para o cargo em comissão de Chefe de Gabinete do Procurador-Chefe, código CC-3, da Procuradoria Regional do Trabalho da 10ª Região/DF-TO. </p>]]></Texto>
    <Autores>
      <assina>SANDRA CRISTINA DE ARAÚJO</assina>
    </Autores>
  </body>
</article></xml>