<xml><article id="645101" name="PT46NORTECENTROOESTE" idOficio="4588490" pubName="DO2" artType="Portaria" pubDate="01/12/2017" artClass="00022:00029:00238:00022:00000:00000:00000:00000:00000:00000:00025:00003" artSection="Ministério do Desenvolvimento Social" artCategory="Instituto Nacional do Seguro Social" artSize="8" artNotes="" numberPage="49" pdfPage="http://pesquisa.in.gov.br/imprensa/jsp/visualiza/index.jsp?data=01/12/2017&amp;jornal=529&amp;pagina=49" editionNumber="230">
  <body>
    <Identifica><![CDATA[PORTARIA N 46, de 30 de novembro de 2017]]></Identifica>
    <Data><![CDATA[]]></Data>
    <Ementa />
    <Titulo />
    <SubTitulo />
    <Texto><![CDATA[<p> </p><p> </p><p> A CHEFE DO SERVIÇO DE GESTÃO DE PESSOAS DA SUPERINTENDÊNCIA REGIONAL NORTE/CENTRO-OESTE DO INSS, no uso das atribuições que lhe confere o artigo 216, I, "b" da Portaria nº 414/MDS, de 28 setembro de 2017, publicada no Diário Oficial da União nº 188-A, Edição Extra, de 29 de setembro de 2017, resolve:</p><p>1. Conceder Aposentadoria Voluntária à servidora Edna Alves da Silva, matrícula 0944812, ocupante do cargo de Agente de Serviços Diversos, Classe "S", Padrão "IV", do quadro de pessoal do Instituto Nacional do Seguro Social, com fundamento no artigo 3º da Emenda Constitucional nº 47, de 5 de julho de 2005, observado o processo nº 35667.001402/2017-29, declarando, por consequência, o referido cargo vago. </p><p> </p>]]></Texto>
    <Autores>
      <assina>Raquel Lopes de Oliveira</assina>
    </Autores>
  </body>
</article></xml>