<xml><article id="644945" name="PORT APOS VOL 654 de 30 novembro" idOficio="4588445" pubName="DO2" artType="Portaria" pubDate="01/12/2017" artClass="00010:00008:00024:06902:00000:00000:00000:00000:00000:00000:00025:00000" artSection="Ministério da Defesa" artCategory="Comando do Exército" artSize="8" artNotes="" numberPage="12" pdfPage="http://pesquisa.in.gov.br/imprensa/jsp/visualiza/index.jsp?data=01/12/2017&amp;jornal=529&amp;pagina=12" editionNumber="230">
  <body>
    <Identifica><![CDATA[PORTARIA Nº 654- DCIPAS/SPC, DE 30 DE NOVEMBRO DE 2017]]></Identifica>
    <Data><![CDATA[]]></Data>
    <Ementa />
    <Titulo />
    <SubTitulo />
    <Texto><![CDATA[<p> </p><p> O DIRETOR DE CIVIS, INATIVOS, PENSIONISTAS E ASSISTÊNCIA SOCIAL, no uso da competência que lhe foi subdelegada pelo Comandante do Exército, por meio da Portaria nº 102, de 10 de fevereiro de 2017, resolve</p><p> CONCEDER APOSENTADORIA,  à Servidora ELIAME DA SILVA COELHO, Matrícula SIAPE no 0.086.164, lotada no 8º Batalhão de Engenharia de Construção, ocupante do cargo de Agente Administrativo, classe "S", Padrão III (NI), do PGPE, regime de trabalho de 40 horas, vinculada ao Comando do 8º Batalhão de Engenharia de Construção (SSIP/8), com proventos integrais, fundamentados no artigo 3o, incisos I, II e III da Emenda Constitucional no 47, de 5 de julho de 2005.</p>]]></Texto>
    <Autores>
      <assina>Cel.GÉDER TÁVORA SAID</assina>
      <cargo>Resp/pelo Diretor de Civis, Inativos, Pensionistas e Assistência Social</cargo>
    </Autores>
  </body>
</article></xml>