<xml><article id="645035" name="PT 84 GEX CANOAS" idOficio="4588473" pubName="DO2" artType="Portaria" pubDate="01/12/2017" artClass="00022:00029:00241:00008:00000:00000:00000:00000:00000:00000:00025:00004" artSection="Ministério do Desenvolvimento Social" artCategory="Instituto Nacional do Seguro Social" artSize="8" artNotes="" numberPage="51" pdfPage="http://pesquisa.in.gov.br/imprensa/jsp/visualiza/index.jsp?data=01/12/2017&amp;jornal=529&amp;pagina=51" editionNumber="230">
  <body>
    <Identifica><![CDATA[PORTARIA N 84, DE 20 DE NOVEMBRO DE 2017]]></Identifica>
    <Data><![CDATA[]]></Data>
    <Ementa />
    <Titulo />
    <SubTitulo />
    <Texto><![CDATA[<p> </p><p> </p><p> O GERENTE EXECUTIVO DO INSS EM CANOAS NO RIO GRANDE DO SUL , no uso das atribuições e considerando a competência subdelegada de que trata o art. 3.º, inciso I da Portaria n.º 800/PRES/INSS de 06/09/2011, publicada no D.O.U. n.º 173 de 08/09/2011, resolve: </p><p>Designar o servidor MAURÍCIO COELHO MACIEL, matrícula SIAPE 2017904, CPF 026.842.190-01, para a função de Chefe de Seção de Administração de Informações de Segurados - 19.521.15 - FGR 0001, da estrutura da Gerência Executiva de Canoas. </p>]]></Texto>
    <Autores>
      <assina>LUIZ ANTONIO ROCHA</assina>
    </Autores>
  </body>
</article></xml>