<xml><article id="645179" name="Port. IN Concessao Pensao 301120" idOficio="4588542" pubName="DO2" artType="Portaria" pubDate="01/12/2017" artClass="00012:00002:00012:00031:00000:00000:00000:00000:00000:00000:00025:00001" artSection="Ministério da Fazenda" artCategory="Secretaria Executiva" artSize="8" artNotes="" numberPage="35" pdfPage="http://pesquisa.in.gov.br/imprensa/jsp/visualiza/index.jsp?data=01/12/2017&amp;jornal=529&amp;pagina=35" editionNumber="230">
  <body>
    <Identifica><![CDATA[PORTARIA Nº 6, DE 30 DE NOVEMBRO DE 2017]]></Identifica>
    <Data><![CDATA[]]></Data>
    <Ementa />
    <Titulo />
    <SubTitulo />
    <Texto><![CDATA[<p> O SUPERINTENDENTE DE ADMINISTRAÇÃO DO MINISTÉRIO DA FAZENDA NO ESTADO DO RIO GRANDE DO SUL, no uso das atribuições regimentais que lhe são conferidas pelo artigo 86, inciso X, da Portaria nº 144, do Sr. Ministro de Estado da Fazenda, de 27 de abril de 2016, publicada no DOU de 29 de abril de 2016, resolve:</p><p>Conceder pensão vitalícia a CELI LOURDES PANZENHAGEN (companheira), correspondente à cota integral, relativa ao ex-servidor aposentado Antônio Roberto Jorge, Técnico do Seguro Social, Classe S, Padrão IV, a partir de 04/09/2017, data do óbito, de acordo com o artigo 217, item III da Lei nº 8.112/90, alterada pela Lei nº 13.135/2015, c/c art. 40, § 7° da CF/88, com redação dada pela EC nº 41/2003, regulamentada pelo art. 2° da Lei nº 10.887/2004 e Art. 6º-A incluído pela EC nº 70/2012. (Processo nº 11080.100076/2017-64).</p>]]></Texto>
    <Autores>
      <assina>HERNANI MARCHIORETTO DA SILVA</assina>
    </Autores>
  </body>
</article></xml>