<xml><article id="643850" name="PORT DGP-DCIPAS - 2017 - Nº 237 " idOficio="4588001" pubName="DO2" artType="Portaria" pubDate="01/12/2017" artClass="00010:00008:00024:00000:00000:00000:00000:00000:00000:00000:00025:00001" artSection="Ministério da Defesa" artCategory="Comando do Exército" artSize="8" artNotes="" numberPage="11" pdfPage="http://pesquisa.in.gov.br/imprensa/jsp/visualiza/index.jsp?data=01/12/2017&amp;jornal=529&amp;pagina=11" editionNumber="230">
  <body>
    <Identifica><![CDATA[PORTARIA Nº 237-DGP/DCIPAS, DE 1 DE NOVEMBRO DE 2017]]></Identifica>
    <Data><![CDATA[]]></Data>
    <Ementa />
    <Titulo />
    <SubTitulo />
    <Texto><![CDATA[<p> O CHEFE DO DEPARTAMENTO-GERAL DO PESSOAL, no uso da competência que lhe foi conferida pela Portaria nº 218-Comandante Exército, de 20 de março de 2017, resolve</p><p>NOMEAR, por proposta do Chefe do Departamento de Ciência e Tecnologia, o Coronel da Reserva Remunerada (Idt 019622793-8) RONALDO MOREIRA SALLES, Prec-CP: 96 1774975, no Instituto Militar de Engenharia (RIO DE JANEIRO-RJ), para Prestador de Tarefa por Tempo Certo, para exercer a tarefa de Professor e Pesquisador do Curso de Pós-graduação em Engenharia de Defesa (PGED), pelo prazo de 24 (vinte e quatro) meses, a contar de 1º de novembro de 2017.</p><p> </p>]]></Texto>
    <Autores>
      <assina>Gen Ex MANOEL LUIZ NARVAZ PAFIADACHE</assina>
    </Autores>
  </body>
</article></xml>