<xml><article id="645323" name="250 - Cessão Pedro Henrique Mont" idOficio="4588573" pubName="DO2" artType="Portaria" pubDate="01/12/2017" artClass="00037:00001:00002:00000:00000:00000:00000:00000:00000:00000:00025:00001" artSection="Poder Judiciário" artCategory="Supremo Tribunal Federal" artSize="8" artNotes="" numberPage="69" pdfPage="http://pesquisa.in.gov.br/imprensa/jsp/visualiza/index.jsp?data=01/12/2017&amp;jornal=529&amp;pagina=69" editionNumber="230">
  <body>
    <Identifica><![CDATA[PORTARIA N 250, DE 30 DE NOVEMBRO DE 2017]]></Identifica>
    <Data><![CDATA[]]></Data>
    <Ementa />
    <Titulo />
    <SubTitulo />
    <Texto><![CDATA[<p> </p><p> A PRESIDENTE DO SUPREMO TRIBUNAL FEDERAL, no uso de suas atribuições e com base no inc. I do art. 93 da Lei nº 8.112/1990, resolve:</p><p>Autorizar a cessão ao Tribunal Superior Eleitoral, até 15 de setembro de 2018, do servidor PEDRO HENRIQUE MONTENEGRO COELHO, Técnico Judiciário, Área Administrativa, do Quadro de Pessoal deste Tribunal, para exercer o cargo em comissão de Coordenador, Nível CJ-2, da Corregedoria-Geral Eleitoral. </p>]]></Texto>
    <Autores>
      <assina>Min. CÁRMEN LÚCIA</assina>
    </Autores>
  </body>
</article></xml>