<xml><article id="644297" name="Portaria.MF.514.2017" idOficio="4588196" pubName="DO2" artType="Portaria" pubDate="01/12/2017" artClass="00012:00001:00644:00102:00000:00000:00000:00000:00000:00000:00025:0002" artSection="Ministério da Fazenda" artCategory="Gabinete do Ministro" artSize="8" artNotes="" numberPage="34" pdfPage="http://pesquisa.in.gov.br/imprensa/jsp/visualiza/index.jsp?data=01/12/2017&amp;jornal=529&amp;pagina=34" editionNumber="230">
  <body>
    <Identifica><![CDATA[PORTARIA Nº 514, DE 29 DE NOVEMBRO DE 2017]]></Identifica>
    <Data><![CDATA[]]></Data>
    <Ementa />
    <Titulo />
    <SubTitulo />
    <Texto><![CDATA[<p> O MINISTRO DE ESTADO DA FAZENDA, no uso da atribuição que lhe confere o inciso II do parágrafo único do art. 87 da Constituição Federal, e tendo em vista o disposto no § 2º do art. 2º da Portaria Interministerial CC-PR/MF/MDIC nº 984, de 11 de outubro de 2017, resolve:</p><p>Art. 1º Designar os seguintes membros para compor o Comitê Gestor a que se refere o art. 2º da Portaria Interministerial CC-PR/MF/MDIC nº 984, de 11 de outubro de 2017:</p><p>I - Titulares:</p><p>a) Marcelo Sampaio Cunha Filho, representante da Casa Civil da Presidência da República;</p><p>b) Conrado Vitor Lopes Fernandes, representante da Secretaria Especial da Micro e Pequena Empresa do Ministério da Indústria, Comércio Exterior e Serviços;</p><p>c) Marcelo de Melo Souza, representante da Secretaria da Receita Federal do Brasil do Ministério da Fazenda;</p><p>d) João Paulo Ramos Fachada Martins da Silva, representante da Secretaria da Receita Federal do Brasil do Ministério da Fazenda;</p><p>e) José Constantino de Bastos Júnior, representante do Serviço Brasileiro de Apoio às Micro e Pequenas Empresas;</p><p>f) Inês Schwingel, representante do Serviço Brasileiro de Apoio às Micro e Pequenas Empresas.</p><p>II - Suplentes:</p><p>a) Sylvio Cezar Koury Musolino Filho, representante da Casa Civil da Presidência da República;</p><p>b) Fábio Santos Pereira Silva, representante da Secretaria Especial da Micro e Pequena Empresa do Ministério da Indústria, Comércio Exterior e Serviços;</p><p>c) Frederico Igor Leite Faber, representante da Secretaria da Receita Federal do Brasil do Ministério da Fazenda;</p><p>d) Juliano Brito da Justa Neves, representante da Secretaria da Receita Federal do Brasil do Ministério da Fazenda;</p><p>e) Silvia Almeida, representante do Serviço Brasileiro de Apoio às Micro e Pequenas Empresas;</p><p>f) Layla Caldas da Silva, representante do Serviço Brasileiro de Apoio às Micro e Pequenas Empresas.</p><p>Parágrafo único. A Presidência do Comitê Gestor será exercida pelo representante da Secretaria da Receita Federal do Brasil Marcelo de Melo Souza, em observância ao § 1º do inciso IV do art. 2º da Portaria Interministerial CC-PR/MF/MDIC nº 984, de 2017.</p><p>Art. 2º A participação no Comitê Gestor, a que se refere o art. 2º da Portaria Interministerial CC-PR/MF/MDIC nº 984, de 2017, não enseja remuneração de qualquer espécie, sendo considerada serviço público relevante.</p><p>Art. 3º Esta Portaria entra em vigor na data de sua publicação do Diário Oficial da União.</p>]]></Texto>
    <Autores>
      <assina>HENRIQUE DE CAMPOS MEIRELLES</assina>
    </Autores>
  </body>
</article></xml>