<xml><article id="643976" name="AFA SEC_8537_Viviane_P" idOficio="4587908" pubName="DO2" artType="Despacho" pubDate="01/12/2017" artClass="00012:00007:00006:00000:00000:00000:00000:00000:00000:00000:00019:00004" artSection="Ministério da Fazenda" artCategory="Banco do Brasil S/A" artSize="8" artNotes="" numberPage="36" pdfPage="http://pesquisa.in.gov.br/imprensa/jsp/visualiza/index.jsp?data=01/12/2017&amp;jornal=529&amp;pagina=36" editionNumber="230">
  <body>
    <Identifica><![CDATA[DESPACHO DO PRESIDENTE]]></Identifica>
    <Data><![CDATA[]]></Data>
    <Ementa />
    <Titulo />
    <SubTitulo><![CDATA[Em 30 de dezembro de 2017]]></SubTitulo>
    <Texto><![CDATA[<p> O PRESIDENTE DO BANCO DO BRASIL, no uso da competência prevista no art. 2º do Decreto nº 1.387, de 07 de fevereiro de 1995, que lhe foi delegada no art. 12 da Portaria MF nº 160, de 06 de maio de 2016, autoriza o afastamento do País de VIVIANE RODRIGUES FERRO, Assessora Empresarial, no período de 05 a 12 de dezembro de 2017, inclusive trânsito, com ônus, na forma do disposto no inciso IV do art. 1º do citado Decreto, a fim participar de reuniões com investidores, em Nova Iorque, Boston e Chicago, Estados Unidos da América. As passagens e hospedam serão pagas pela BB Securities LLC e serão posteriormente ressarcidas integralmente pela Companhia, conforme mandato.</p>]]></Texto>
    <Autores>
      <assina>PAULO ROGÉRIO CAFFARELLI</assina>
    </Autores>
  </body>
</article></xml>