<xml><article id="646226" name="2017-11-30/4588182/TCUWS_1035533" idOficio="4588182" pubName="DO2" artType="Portaria" pubDate="01/12/2017" artClass="00034:00008:00002:00000:00000:00000:00000:00000:00000:00000:00025:00001" artSection="Tribunal de Contas da União" artCategory="Secretaria-Geral de Administração" artSize="8" artNotes="" numberPage="68" pdfPage="http://pesquisa.in.gov.br/imprensa/jsp/visualiza/index.jsp?data=01/12/2017&amp;jornal=529&amp;pagina=68" editionNumber="230">
  <body>
    <Identifica><![CDATA[PORTARIA N 200, DE 17 DE NOVEMBRO DE 2017]]></Identifica>
    <Data><![CDATA[]]></Data>
    <Ementa />
    <Titulo />
    <SubTitulo />
    <Texto><![CDATA[<p> O SECRETÁRIO DE GESTÃO DE PESSOAS DO TRIBUNAL DE CONTAS DA UNIÃO, no uso da atribuição que lhe confere o art. 1º, inciso XV, alínea "m", da Portaria-Segedam nº 3, de 2 de janeiro de 2017, e tendo em vista as informações constantes do Processo TC nº 030.071/2017-8, resolve: </p><p>CONCEDER PENSÃO vitalícia, a partir de 10 de janeiro de 2017, na proporção de 100%, a NARA RÚBIA DE PAIVA, companheira, CPF nº 584.341.511-20, nascida em 6/5/1972, por motivo de falecimento do servidor ANTONIO DA SILVA FERREIRA, matrícula nº 334-4, ocorrido em 10/1/2017, com fundamento no artigo 40, § 7º, inciso I, da Constituição Federal de 1988, e em conformidade com o artigo 217, inciso III e o artigo 222, inciso VII, alínea "b", item 6, da Lei nº 8.112, publicada em 12 de dezembro de 1990, alterada pela Lei nº 13.135, publicada em 18 de junho de 2015 e artigo 2º da Lei nº 10.887, publicada em 21 de junho de 2004.</p><p> </p>]]></Texto>
    <Autores>
      <assina>FERNANDO LUIZ SOUZA DA EIRA</assina>
    </Autores>
  </body>
</article></xml>