<xml><article id="643235" name="PORT. NR 866 a 873 - REFORMA" idOficio="4587715" pubName="DO2" artType="Portaria" pubDate="01/12/2017" artClass="00026:00034:00187:00423:00000:00000:00000:00000:00000:00000:00025:00001" artSection="Ministério do Planejamento, Desenvolvimento e Gestão" artCategory="Secretaria de Gestão de Pessoas" artSize="8" artNotes="" numberPage="6-58" pdfPage="http://pesquisa.in.gov.br/imprensa/jsp/visualiza/index.jsp?data=01/12/2017&amp;jornal=529&amp;pagina=6,http://pesquisa.in.gov.br/imprensa/jsp/visualiza/index.jsp?data=01/12/2017&amp;jornal=529&amp;pagina=58" editionNumber="230">
  <body>
    <Identifica><![CDATA[Portaria 28 de novembro de 2017]]></Identifica>
    <Data><![CDATA[]]></Data>
    <Ementa />
    <Titulo />
    <SubTitulo />
    <Texto><![CDATA[<p> </p><p> A SUPERINTENDENTE DE ADMINISTRAÇÃO DO MINISTÉRIO DO PLANEJAMENTO, DESEVOLVIMENTO E GESTÃO NO ESTADO DE RONDÔNIA, no uso das atribuições que lhe foram conferidas  pela Portaria n° 69, de 27/01/2017, publicada no Diário Oficial da União de 30/01/2017, e tendo em vista o disposto na Portaria nº 124, da Secretaria Executiva/DEPES de 26/02/2015, publicado no DOU  de 27/02/2015. RESOLVE:</p><p>Nº 866 - Reformar o 2º TEN PM  AFONSO COSTA SOBRINHO, matrícula SIAPE nº 1454383, do Quadro de Pessoal em Extinção do Ex-Território Federal de Rondônia, de acordo com o art. 42, § 1º, da Constituição Federal, combinado com o Art. 96, II e Art. 99, V do Decreto-Lei nº 09-A, de 09 de março de 1982, em conformidade com o Art. 6º, XIV da Lei nº 7.713/1988, a partir de 21.11.2017. Processo nº 03125.016071/2017-62.</p><p>Nº 867- Reformar o 2º SGT PM  VENICIO VIEIRA DE SOUZA, matrícula SIAPE nº 2062980, do Quadro de Pessoal em Extinção do Ex-Território Federal de Rondônia, de acordo com o art. 42, § 1º, da Constituição Federal, combinado com o Art. 96, II e Art. 99, V do Decreto-Lei nº 09-A, de 09 de março de 1982, a partir de 07.11.2017. Processo nº 03125.016061/2017-27.</p><p>Nº 868 - Reformar o 2º SGT PM  FRANCISCO DE OLIVEIRA, matrícula SIAPE nº 2062708, do Quadro de Pessoal em Extinção do Ex-Território Federal de Rondônia, de acordo com o art. 42, § 1º, da Constituição Federal, combinado com o Art. 96, II e Art. 99, V do Decreto-Lei nº 09-A, de 09 de março de 1982, a partir de 07.11.2017. Processo nº 03125.016069/2017-93.</p><p>Nº 869 - Reformar o 2º ST PM  VALDECI JOSE DA SILVA, matrícula SIAPE nº 2149954, do Quadro de Pessoal em Extinção do Ex-Território Federal de Rondônia, de acordo com o art. 42, § 1º, da Constituição Federal, combinado com o Art. 96, II e Art. 99, V do Decreto-Lei nº 09-A, de 09 de março de 1982, a partir de 07.11.2017. Processo nº 03125.016058/2017-11.</p><p>Nº 870- Reformar o 3º ST PM VALDIR SALES DE OLIVEIRA, matrícula SIAPE nº 1457915, do Quadro de Pessoal em Extinção de Ex-Território Federal de Rondônia, por ter atingido o limite de permanência  na Reserva Remunerada, de acordo com o art. 42 § 1º, da constituição Federal, combinado com letra c, do inciso I do Art. 96, do Decreto Lei nº 09-A, de 09 de março de 1982, a partir de 24.08.2017. Processo nº 03125.015971/2017-92.</p><p>Nº 871- Reformar o 3º SGT PM  ERMIVONE FERREIRA, matrícula SIAPE nº 2062694, do Quadro de Pessoal em Extinção de Ex-Território Federal de Rondônia, por ter atingido o limite de permanência  na Reserva Remunerada, de acordo com o art. 42 § 1º, da constituição Federal, combinado com letra c, do inciso I do Art. 96, do Decreto Lei nº 09-A, de 09 de março de 1982, a partir de 24.08.2017. Processo nº 03125.015969/2017-13.</p><p>Nº 872 - Reformar o 2º SGT PM GILBERTO PEREIRA DA MATA, matrícula SIAPE nº 1455222, do Quadro de Pessoal em Extinção de Ex-Território Federal de Rondônia, por ter atingido o limite de permanência  na Reserva Remunerada, de acordo com o art. 42 § 1º, da constituição Federal, combinado com letra c, do inciso I do Art. 96, do Decreto Lei nº 09-A, de 09 de março de 1982, a partir de 10.11.2017. Processo nº 03125.016056/2017-14.</p><p>Nº 873- Reformar o CB PM MANOEL SILVANA ALVES DE MOURA, matrícula SIAPE nº 2062847, do Quadro de Pessoal em Extinção de Ex-Território Federal de Rondônia, por ter atingido o limite de permanência  na Reserva Remunerada, de acordo com o art. 42 § 1º, da constituição Federal, combinado com letra c, do inciso I do Art. 96, do Decreto Lei nº 09-A, de 09 de março de 1982, a partir de 24.08.2017. Processo nº 03125.016065/2017-13.</p>]]></Texto>
    <Autores>
      <assina>WALNEYA COSTA BEZERRA</assina>
    </Autores>
  </body>
</article></xml>