<xml><article id="644075" name="Ato 1070 - 2017" idOficio="4588050" pubName="DO2" artType="Ato" pubDate="01/12/2017" artClass="00037:00007:00001:00000:00000:00000:00000:00000:00000:00000:00001:00002" artSection="Poder Judiciário" artCategory="Tribunal Regional Federal da 1ª Região" artSize="8" artNotes="" numberPage="72" pdfPage="http://pesquisa.in.gov.br/imprensa/jsp/visualiza/index.jsp?data=01/12/2017&amp;jornal=529&amp;pagina=72" editionNumber="230">
  <body>
    <Identifica><![CDATA[Ato n 1.070, de 29 de novembro de 2017]]></Identifica>
    <Data><![CDATA[]]></Data>
    <Ementa />
    <Titulo />
    <SubTitulo />
    <Texto><![CDATA[<p> </p><p> O PRESIDENTE DO TRIBUNAL REGIONAL FEDERAL DA 1ª REGIÃO, no uso de suas atribuições legais e regimentais e tendo em vista o constante nos autos do PAe 0026101-48.2017.4.01.8008, resolve,</p><p>CONCEDER APOSENTADORIA ao servidor JOSÉ LUIZ MOSIMANN DA SILVA, Analista Judiciário, Área Judiciária, Nível Superior, Classe "C", Padrão 13, do Quadro de Pessoal da Justiça Federal de Primeira Instância, Seção Judiciária do Estado de Minas Gerais, com fundamento no art. 3º da Emenda Constitucional 47/2005, com a vantagem prevista no art. 15, § 1º, da Lei 9.527/97 e art. 62-A da Lei 8.112/90.</p><p> </p>]]></Texto>
    <Autores>
      <assina>Des. HILTON QUEIROZ</assina>
    </Autores>
  </body>
</article></xml>