<xml><article id="644744" name="3269 raimundo lazaro" idOficio="4588346" pubName="DO2" artType="Portaria" pubDate="01/12/2017" artClass="00011:00131:00001:00000:00000:00000:00000:00000:00000:00000:00025:00002" artSection="Ministério da Educação" artCategory="Universidade Federal Rural da Amazônia" artSize="8" artNotes="" numberPage="30" pdfPage="http://pesquisa.in.gov.br/imprensa/jsp/visualiza/index.jsp?data=01/12/2017&amp;jornal=529&amp;pagina=30" editionNumber="230">
  <body>
    <Identifica><![CDATA[PORTARIA Nº 3.269, DE 30 DE NOVEMBRO DE 2017]]></Identifica>
    <Data><![CDATA[]]></Data>
    <Ementa />
    <Titulo />
    <SubTitulo />
    <Texto><![CDATA[<p> </p><p> O Reitor da UNIVERSIDADE FEDERAL RURAL DA AMAZÔNIA, no uso de suas atribuições conferidas pelo Decreto Presidencial, publicado no DOU nº 132, de 12/07/2017, página 01, Seção 02, e tendo em vista o que consta no processo nº 23084.024822/2017-55, resolve:</p><p>Art. 1º. DESIGNAR o Professor do Magistério Superior RAIMUNDO LAZARO MORAES DA CUNHA, matrícula SIAPE nº 388511, na Função de Vice-Diretor Pró-Tempore do instituto de Ciências Agrárias, CD-04.</p><p>Art. 2º. Esta portaria entra em vigor a partir da data de sua publicação.</p><p> </p>]]></Texto>
    <Autores>
      <assina>Marcel Do Nascimento Botelho</assina>
    </Autores>
  </body>
</article></xml>