<xml><article id="645632" name="Atos de 30.11" idOficio="4588665" pubName="DO2" artType="Ato" pubDate="01/12/2017" artClass="00011:00043:00000:00000:00000:00000:00000:00000:00000:00000:00001:00001" artSection="Ministério da Educação" artCategory="Fundação Universidade Federal do Tocantins" artSize="8" artNotes="" numberPage="17" pdfPage="http://pesquisa.in.gov.br/imprensa/jsp/visualiza/index.jsp?data=01/12/2017&amp;jornal=529&amp;pagina=17" editionNumber="230">
  <body>
    <Identifica><![CDATA[ATOS DE 30 DE NOVEMBRO DE 2017]]></Identifica>
    <Data><![CDATA[]]></Data>
    <Ementa />
    <Titulo />
    <SubTitulo />
    <Texto><![CDATA[<p> </p><p> </p><p> O REITOR DA FUNDAÇÃO UNIVERSIDADE FEDERAL DO TOCANTINS, designado pelo Decreto Presidencial de 08 de setembro de 2017, publicado no DOU Nº 174, de 11 de setembro de 2017, seção 2, pág. 01, resolve:</p><p>N  360 - Art. 1º- Autorizar a contratação de LINVALDA RODRIGUES HENRIQUE DE ARAÚJO, para exercer a função de Professor Substituto, Mestre, em regime de 20 (vinte) horas semanais de trabalho, a ser lotada no Câmpus de Palmas, no curso de Medicina, conforme o Edital N° 31/2017, Resultado Final e Homologação do Resultado Final, de 04/09/2017, publicado no DOU de 06/09/2017, objeto do Edital de Abertura N° 26/2017, de 04/08/2017, publicado no DOU de 08/08/2017, em substituição a titular do cargo Maria Sortênia Alves Guimarães, que se encontra afastada para qualificação, constante no Processo de Seleção N° 23101.003681/2017-81.</p><p>Art. 2º - A candidata terá 30 (trinta) dias improrrogáveis para efetivar sua contratação, contados a partir da data de publicação deste Ato no DOU.</p><p>N  361 - AUTORIZAR a prorrogação do contrato da senhora ELIZABETH HERNANDEZ ZUBELDIA, até 01/06/2018, como professora substituta, lotada no Curso de Engenharia Civil, no Câmpus de Palmas, no regime de trabalho de 40 (quarenta) horas semanais. (Processo: 23101.002804/2017-67).</p><p>N  362 - Retificar o Ato da Reitoria nº 309, de 22/11/2017, publicado no DOU nº 225 de 24/11/2017, página 16, onde se lê: "Mestre" leia-se: "Especialista".</p><p>N  363 - Retificar o  Ato da Reitoria nº 183, de 14/08/2017, publicado no DOU nº 157, de 16/08/2017, seção 02, pág. 16. Onde-se-lê: "717128 - Vaga proveniente da Portaria MEC nº 342 de 14/03/2008", leia-se: "717128 - Vaga proveniente da Portaria MEC nº 343 de 14/03/2008."</p><p> </p>]]></Texto>
    <Autores>
      <assina>LUIS EDUARDO BOVOLATO</assina>
    </Autores>
  </body>
</article></xml>