<xml><article id="643067" name="ANGELA NASCIMENTO DOS SANTOS PAN" idOficio="4586125" pubName="DO2" artType="Portaria" pubDate="01/12/2017" artClass="00008:00053:00000:00000:00000:00000:00000:00000:00000:00000:00025:00001" artSection="Ministério da Ciência, Tecnologia, Inovações e Comunicações" artCategory="Instituto Nacional de Pesquisas da Amazônia" artSize="8" artNotes="" numberPage="6" pdfPage="http://pesquisa.in.gov.br/imprensa/jsp/visualiza/index.jsp?data=01/12/2017&amp;jornal=529&amp;pagina=6" editionNumber="230">
  <body>
    <Identifica><![CDATA[PORTARIAS DE 22 DE NOVEMBRO DE 2017]]></Identifica>
    <Data><![CDATA[]]></Data>
    <Ementa />
    <Titulo />
    <SubTitulo />
    <Texto><![CDATA[<p> O Diretor do Instituto Nacional de Pesquisas da Amazônia do Ministério da Ciência, Tecnologia, Inovações e Comunicações, usando da competência que lhe foi delegada pelo inciso XXIV do artigo 1º da Portaria nº 407-MCT, de 29 de junho de 2006, publicada no Diário Oficial da União do dia 30 subseqüente, resolve:</p><p>Nº 279 - Conceder aposentadoria a ÂNGELA NASCIMENTO DOS SANTOS PANZU, matrícula SIAPE 1362445, no cargo de Analista em Ciência e Tecnologia, Classe H, Padrão I, do Quadro de Pessoal deste Instituto, com fundamento no artigo 6.º da Emenda Constitucional n.º 41, de 19 de dezembro de 2003, com a opção da gratificação de desempenho aos proventos de aposentadoria nos termos dos artigos 88 a 92 da Lei n.º 13.324, de 29  de julho de 2016, ao mesmo tempo em que declara a vacância do cargo, código de vaga n.º 421689.(Processo 01280.000768/2017-01 INPA/SEI).</p><p>Nº 280 - Conceder aposentadoria a LUIZ RUBENS PIEDADE, matrícula SIAPE 0663668, no cargo de Pesquisador, Padrão III, do Quadro de Pessoal deste Instituto, com fundamento no artigo 3.º da Emenda Constitucional n.º 47, de 5 de julho de 2005, com a opção da gratificação de desempenho aos proventos de aposentadoria nos termos dos artigos 88 a 92 da Lei n.º 13.324, de 29  de julho de 2016, ao mesmo tempo em que declara a vacância do cargo, código de vaga n.º 414970.(Processo 01280.000771/2017-17 INPA/SEI).</p>]]></Texto>
    <Autores>
      <assina>LUIZ RENATO DE FRANÇA</assina>
    </Autores>
  </body>
</article></xml>