<xml><article id="644963" name="PORTARIA Nº 226 , DE 30 DE NOVEM" idOficio="4588452" pubName="DO2" artType="Portaria" pubDate="01/12/2017" artClass="00027:00002:00024:00005:00000:00000:00000:00000:00000:00000:00025:00001" artSection="Ministério do Trabalho" artCategory="Secretaria Executiva" artSize="8" artNotes="" numberPage="59" pdfPage="http://pesquisa.in.gov.br/imprensa/jsp/visualiza/index.jsp?data=01/12/2017&amp;jornal=529&amp;pagina=59" editionNumber="230">
  <body>
    <Identifica><![CDATA[PORTARIA Nº 226, DE 30 DE NOVEMBRO DE 2017]]></Identifica>
    <Data><![CDATA[]]></Data>
    <Ementa />
    <Titulo />
    <SubTitulo />
    <Texto><![CDATA[<p> O COORDENADOR-GERAL DE GESTÃO DE PESSOAS, no uso da competência que lhe foi delegada pela Portaria/GM/MTE nº 292, de 09 de fevereiro de 2012, publicada no Diário Oficial da União de 10 de fevereiro de 2012, e tendo em vista o que consta do processo nº 47748.000001/2017-31, resolve:</p><p>Art. 1º Declarar vago, com fundamento no inciso VIII do artigo 33, da Lei nº 8.112, de 11 de dezembro de 1990, a partir de 06 de novembro de 2017, em virtude de posse em outro cargo inacumulável, o cargo de Agente Administrativo, Classe "A", Padrão III, código de vaga nº 821925, ocupado pela servidora NATALIA NASCIMENTO ROSARIO, matrícula SIAPE nº 2167913, do quadro permanente deste Ministério, lotada na Superintendência Regional do Trabalho no Estado de Minas Gerais.</p><p>Art. 2º Esta Portaria entra em vigor na data de sua publicação.</p>]]></Texto>
    <Autores>
      <assina>PAULO RICARDO FERRONATO</assina>
    </Autores>
  </body>
</article></xml>