<xml><article id="645005" name="PORTARIAS DE 30 DE NOVEMBRO DE 2" idOficio="4588463" pubName="DO2" artType="Portaria" pubDate="01/12/2017" artClass="00026:00002:00000:00000:00000:00000:00000:00000:00000:00000:00025:00001" artSection="Ministério do Planejamento, Desenvolvimento e Gestão" artCategory="Secretaria Executiva" artSize="8" artNotes="alti" numberPage="3-55" pdfPage="http://pesquisa.in.gov.br/imprensa/jsp/visualiza/index.jsp?data=01/12/2017&amp;jornal=529&amp;pagina=3,http://pesquisa.in.gov.br/imprensa/jsp/visualiza/index.jsp?data=01/12/2017&amp;jornal=529&amp;pagina=55" editionNumber="230">
  <body>
    <Identifica><![CDATA[PORTARIAS DE 30 DE NOVEMBRO DE 2017]]></Identifica>
    <Data><![CDATA[]]></Data>
    <Ementa />
    <Titulo />
    <SubTitulo />
    <Texto><![CDATA[<p> O SECRETÁRIO EXECUTIVO ADJUNTO DO MINISTÉRIO DO PLANEJAMENTO, DESENVOLVIMENTO E GESTÃO, no uso da competência que lhe foi subdelegada pelas Portarias SE nº 134 e 135, de 4 de março de 2004, publicadas no Diário Oficial da União de 5 de março de 2004, resolve:</p><p>Nº 1.001 - Designar VALÉRIA CRISTINA DE LAIA, matrícula SIAPE nº 0686204, para exercer a função comissionada de Chefe de Divisão, código FCPE 101.2, da Coordenação-Geral de Gestão e Acervos do Departamento de Órgãos Extintos e de Gestão de Folha de Pagamento da Secretaria de Gestão de Pessoas deste Ministério, ficando dispensada da função que atualmente ocupa.</p><p>Nº 1.002 - Designar ANDERSON KLEBER DA COSTA ANDRADE, matrícula SIAPE nº 2272802, para exercer a função comissionada de Assistente Técnico, código FCPE 102.1, da Coordenação-Geral de Gestão de Estatutários do Departamento de Órgãos Extintos e de Gestão de Folha de Pagamento da Secretaria de Gestão de Pessoas deste Ministério.</p><p>Nº 1.003 - Designar MARCELO FLORENCIO DO NASCIMENTO, matrícula SIAPE nº 1509003, para exercer a função comissionada de Assistente, código FCPE 102.2, da Coordenação-Geral de Tecnologia da Informação da Secretaria do Patrimônio da União deste Ministério.</p><p>Nº 1.004 - Nomear JÉSSICA LACERDA DE SOUSA, matrícula SIAPE nº 2335284, para exercer o cargo em comissão de Chefe de Divisão de Infraestrutura em Tecnologia da Informação, código DAS 101.2, da Coordenação de Gestão da Informação, Infraestrutura e Sistemas da Coordenação-Geral de Tecnologia da Informação da Secretaria do Patrimônio da União deste Ministério, ficando exonerada do cargo que atualmente ocupa.</p><p>Nº 1.005 - Nomear LUIZ HENRIQUE CAVALCANTE WURLITZER, matrícula SIAPE nº 2376377, para exercer o cargo em comissão de Assistente Técnico, código DAS 102.1, da Divisão de Infraestrutura em Tecnologia da Informação da Coordenação de Gestão da Informação, Infraestrutura e Sistemas da Coordenação-Geral de Tecnologia da Informação da Secretaria do Patrimônio da União deste Ministério.</p><p>Nº 1.006 - Dispensar PEDRO PAULO BARTHOLO GHIRALDINI, matrícula SIAPE nº 2271309, da função comissionada de Assistente, código FCPE 102.2, da Coordenação-Geral de Orientação a Conselheiros e Apoio à CGPAR do Departamento de Governança e Avaliação de Estatais da Secretaria de Coordenação e Governança das Empresas Estatais deste Ministério.</p><p>Nº 1.007 -  Designar FRANCISCO CARLOS DE SENA JUNIOR, matrícula SIAPE nº 2404514, para exercer a função comissionada de Assistente, código FCPE 102.2, da Coordenação-Geral de Orientação a Conselheiros e Apoio à CGPAR do Departamento de Governança e Avaliação de Estatais da Secretaria de Coordenação e Governança das Empresas Estatais deste Ministério.</p><p>Nº 1.008 -  Designar MYCHELLE CELESTE RABELO DE SÁ, matricula SIAPE nº 1478304, para exercer a função comissionada de Coordenador-Geral de Despesas com Pessoal e Sentenças, código FCPE-101.4, da Secretaria de Orçamento Federal deste Ministério.</p><p>Nº 1.009 - Dispensar, a pedido, IGOR PARENTE PINTO, matrícula SIAPE nº 1581917, da função comissionada de Coordenador, código FCPE 101.3, da Coordenação-Geral de Políticas Sociais do Departamento de Planejamento, Avaliação e Assuntos Sociais da Secretaria de Planejamento e Assuntos Econômicos deste Ministério.</p><p>Nº 1.010 -  Designar REJANE RODRIGUES DE CARVALHO, matrícula SIAPE nº 1283690, para exercer a função comissionada de Coordenador, código FCPE 101.3, da Coordenação-Geral de Políticas Sociais do Departamento de Planejamento, Avaliação e Assuntos Sociais da Secretaria de Planejamento e Assuntos Econômicos deste Ministério.</p><p>Nº 1.011 -  Designar RICARDO DISLICH, matrícula SIAPE nº 1360577, para exercer a função comissionada de Coordenador-Geral do Plano Plurianual, código FCPE101.4, do Departamento de Planejamento, Avaliação e Assuntos Sociais da Secretaria de Planejamento e Assuntos Econômicos deste Ministério.</p><p>Nº 1.012 -  Designar CÍCERO PADILHA DE ALMEIDA, matrícula SIAPE nº 1709545, para exercer a função comissionada de Coordenador, código FCPE 101.3, da Coordenação-Geral de Aquisições de Tecnologia da Informação e Comunicação do Departamento de Estruturação de Soluções e Serviços de Tecnologia da Informação e Comunicação da Secretaria de Tecnologia da Informação e Comunicação deste Ministério.</p><p>Nº 1.013 - Nomear CÍCERO RIBEIRO DE SOUZA JÚNIOR, matrícula SIAPE nº 1478267, para exercer o cargo em comissão de Assistente, código DAS 102.2, da Secretaria do Patrimônio da União deste Ministério, ficando dispensado da função comissionada que atualmente ocupa.</p><p>Nº 1.014 -  Designar MARIA MARÍLIA FERNANDES MONTEIRO, matrícula SIAPE nº 2274144, para exercer a função comissionada de Assistente Técnico, código FCPE 102.1, da Coordenação-Geral de Gestão de Bens de Uso da Administração Pública do Departamento de Destinação Patrimonial da Secretaria do Patrimônio da União deste Ministério.</p><p>Nº 1.015 - Exonerar CLAUDIANA SOARES BRITO, matrícula SIAPE nº 2272878, do cargo em comissão de Assistente, código DAS 102.2,  da Coordenação-Geral de Governança Corporativa das Estatais do Departamento de Governança e Avaliação de Estatais da Secretaria de Coordenação e Governança das Empresas Estatais deste Ministério.</p><p>Nº 1.016 - Nomear FERNANDA PAIM GOMES, matrícula SIAPE nº 1181396, para exercer o cargo em comissão de Assistente, código DAS 102.2, da Coordenação-Geral de Governança Corporativa das Estatais do Departamento de Governança e Avaliação de Estatais da Secretaria de Coordenação e Governança das Empresas Estatais deste Ministério.</p><p>Nº 1.017 - Nomear ALANA ALICE DA CRUZ SILVA, matrícula SIAPE nº 2272864, para exercer o cargo em comissão de Chefe de Divisão de Acompanhamento Contábil, código DAS 101.2, da Coordenação de Contabilidade da Coordenação-Geral de Orçamento e Finanças da Diretoria de Planejamento e Gestão da Secretaria-Executiva deste Ministério.</p><p>Nº 1.1018 Exonerar LEONARDO VIEIRA NUNES, matrícula SIAPE nº 1482802, do cargo em comissão de Coordenador de Planejamento e Suporte Normativo, código DAS 101.3, da Coordenação-Geral de Normas e Processos do Departamento de Transferência Voluntárias da Secretaria de Gestão deste Ministério.</p><p>Nº 1.019 - Nomear KATHYANA DANTAS MACHADO BUONAFINA, matrícula SIAPE nº 1842308, para exercer o cargo em comissão de Coordenador de Planejamento e Suporte Normativo, código DAS 101.3, da Coordenação-Geral de Normas e Processos do Departamento de Transferência Voluntárias da Secretaria de Gestão deste Ministério.</p><p>Nº 1.020 - Exonerar WAGNEIDE RODRIGUES, matrícula SIAPE nº 1439042, do cargo em comissão de Chefe de Divisão, código DAS 101.2, da Coordenação-Geral de Gestão de Cadastro e Informação Geoespacial da Secretaria do Patrimônio da União deste Ministério, a contar de 31 de outubro de 2017.</p><p>Nº 1.021 - Nomear NATÁLIA GUIMARÃES LEITE, matrícula SIAPE nº 1138806, para exercer o cargo em comissão de Chefe de Divisão, código DAS 101.2, da Coordenação-Geral de Gestão de Cadastro e Informação Geoespacial da Secretaria do Patrimônio da União deste Ministério.</p><p>Nº 1.022 - Exonerar, a pedido, ANA CAROLINA PALHARES MIRO, matrícula SIAPE nº 2163143, do cargo em comissão de Chefe de Divisão, código DAS 101.2, da Coordenação-Geral de Serviços Compartilhados da Central de Compras da Secretaria de Gestão deste Ministério, a contar de 20 de novembro de 2017.</p><p>Nº 1.023 - Nomear ANALI LÁZARA ASSIS COSTA, matrícula SIAPE nº 1689033, para exercer o cargo em comissão de Chefe de Divisão, código DAS 101.2, da Coordenação-Geral de Serviços Compartilhados da Central de Compras da Secretaria de Gestão deste Ministério.</p><p>Nº 1.024 - Nomear WALMIR LIMA COSTA JÚNIOR, matrícula SIAPE nº 2354054, para exercer o cargo em comissão de Chefe de Divisão, código DAS 101.2, da Coordenação-Geral de Gestão Econômica de Ativos do Departamento de Destinação Patrimonial da Secretaria do Patrimônio da União deste Ministério, ficando exonerado do cargo que atualmente ocupa.</p><p>Nº 1.025 - Nomear TÚLIO EUFRÁZIO MARQUES JUNIOR, CPF nº 281.827.821-04, para exercer o cargo em comissão de Coordenador-Geral de Gestão Econômica de Ativos, código DAS 101.4, do Departamento de Destinação Patrimonial da Secretaria do Patrimônio da União deste Ministério.</p>]]></Texto>
    <Autores>
      <assina>RODRIGO TOLEDO CABRAL COTA</assina>
    </Autores>
  </body>
</article></xml>