<xml><article id="644699" name="Portaria.MF.517.2017" idOficio="4588329" pubName="DO2" artType="Portaria" pubDate="01/12/2017" artClass="00012:00001:00644:00102:00000:00000:00000:00000:00000:00000:00025:0003" artSection="Ministério da Fazenda" artCategory="Gabinete do Ministro" artSize="8" artNotes="" numberPage="34" pdfPage="http://pesquisa.in.gov.br/imprensa/jsp/visualiza/index.jsp?data=01/12/2017&amp;jornal=529&amp;pagina=34" editionNumber="230">
  <body>
    <Identifica><![CDATA[PORTARIA Nº 517, DE 29 DE NOVEMBRO DE 2017]]></Identifica>
    <Data><![CDATA[]]></Data>
    <Ementa />
    <Titulo />
    <SubTitulo />
    <Texto><![CDATA[<p> O MINISTRO DE ESTADO DA FAZENDA, no uso de suas atribuições, e tendo em vista o disposto na Lei nº 11.941, de 27 de maio de 2009, no Decreto nº 7.482, de 16 de maio de 2011, alterado pelo Decreto nº 8.391, de 16 de janeiro de 2015, e no Regimento Interno do Conselho Administrativo de Recursos Fiscais, aprovado pela Portaria MF nº 343, de 09 de junho de 2015, e conforme consta no processo nº 15169.000141/2017-33, resolve:</p><p>Dispensar, a pedido, CHARLES PEREIRA NUNES, matrícula SIAPE nº 0118447, do mandato de Conselheiro, representante da Fazenda Nacional, junto a Segunda Turma Ordinária da Terceira Câmara da Terceira Seção de Julgamento do Conselho Administrativo de Recursos Fiscais deste Ministério.</p>]]></Texto>
    <Autores>
      <assina>HENRIQUE DE CAMPOS MEIRELLES</assina>
    </Autores>
  </body>
</article></xml>