<xml><article id="644549" name="2PORT Nº 1.503 - NOMEAÇÃO DE OLÍ" idOficio="4588286" pubName="DO2" artType="Portaria" pubDate="01/12/2017" artClass="00011:00001:00000:00000:00000:00000:00000:00000:00000:00000:00025:00001" artSection="Ministério da Educação" artCategory="Gabinete do Ministro" artSize="8" artNotes="" numberPage="13" pdfPage="http://pesquisa.in.gov.br/imprensa/jsp/visualiza/index.jsp?data=01/12/2017&amp;jornal=529&amp;pagina=13" editionNumber="230">
  <body>
    <Identifica><![CDATA[PORTARIA N 1.503, DE 30 DE NOVEMBRO DE 2017]]></Identifica>
    <Data><![CDATA[]]></Data>
    <Ementa />
    <Titulo />
    <SubTitulo />
    <Texto><![CDATA[<p> </p><p>O MINISTRO DE ESTADO DA EDUCAÇÃO, no uso da atribuição que lhe confere o art. 87, parágrafo único, inciso IV, da Constituição, e em observância ao disposto na Lei nº 8.112, de 11 de dezembro de 1990; no art. 3º do Decreto nº 8.821, de 26 de julho de 2016, bem como no Decreto nº 9.007, de 20 de março de 2017, resolve:</p><p> Nomear OLÍMPIO DURÃES SOARES, CPF nº.: 035.107.076-13, para exercer o cargo de Coordenador-Geral, código DAS 101.4, da Coordenação-Geral de Implementação e Monitoramento de Projetos Educacionais da Diretoria de Gestão, Articulação e Projetos Educacionais do Fundo Nacional de Desenvolvimento da Educação - FNDE.</p>]]></Texto>
    <Autores>
      <assina>MENDONÇA FILHO</assina>
    </Autores>
  </body>
</article></xml>