<xml><article id="643949" name="DOU PT2401 DPMM" idOficio="4588018" pubName="DO2" artType="Portaria" pubDate="01/12/2017" artClass="00010:00007:00014:00006:00000:00000:00000:00000:00000:00000:00025:0001" artSection="Ministério da Defesa" artCategory="Comando da Marinha" artSize="8" artNotes="" numberPage="9" pdfPage="http://pesquisa.in.gov.br/imprensa/jsp/visualiza/index.jsp?data=01/12/2017&amp;jornal=529&amp;pagina=9" editionNumber="230">
  <body>
    <Identifica><![CDATA[PORTARIA Nº 2.401/DPMM, DE 24 DE NOVEMBRO DE 2017]]></Identifica>
    <Data><![CDATA[]]></Data>
    <Ementa />
    <Titulo />
    <SubTitulo />
    <Texto><![CDATA[<p> O DIRETOR DO PESSOAL MILITAR DA MARINHA, no uso da subdelegação de competência que lhe confere o contido na alínea i, do inciso V, do art. 1º, do Anexo B, da Portaria nº 24, de 9 de março de 2017 do Diretor-Geral do Pessoal da Marinha, e de acordo com o disposto no inciso 3.3.2, das Normas Sobre Tarefa por Tempo Certo e Designação para o Serviço Ativo da Marinha (DGPM-314 - 6ª Revisão - Mod 1), resolve:</p><p>Art. 1º Designar para o Serviço Ativo da Marinha, no período de 17 de novembro de 2017 a 24 de outubro de 2019, o SO-RM1-ES  82.7735.99 ODAIR DA COSTA.</p><p>Art. 2º Esta Portaria entra em vigor na presente data, produzindo efeitos financeiros a partir de 17 de novembro de 2017.</p>]]></Texto>
    <Autores>
      <assina>V. Alte ANTONIO REGINALDO PONTES LIMA JUNIOR</assina>
    </Autores>
  </body>
</article></xml>