<xml><article id="643283" name="30NOV17 Portaria nº 212017 - Ind" idOficio="4587767" pubName="DO2" artType="Portaria" pubDate="01/12/2017" artClass="00017:00032:00015:00000:00000:00000:00000:00000:00000:00000:00025:00001" artSection="Ministério da Saúde" artCategory="Secretaria Especial de Saúde Indígena" artSize="8" artNotes="" numberPage="46" pdfPage="http://pesquisa.in.gov.br/imprensa/jsp/visualiza/index.jsp?data=01/12/2017&amp;jornal=529&amp;pagina=46" editionNumber="230">
  <body>
    <Identifica><![CDATA[PORTARIA N 21, de 30 de novembro de 2017]]></Identifica>
    <Data><![CDATA[]]></Data>
    <Ementa />
    <Titulo />
    <SubTitulo />
    <Texto><![CDATA[<p> A Coordenadora Distrital do Distrito Sanitário Especial Indígena - Ceará, no uso de suas atribuições e de acordo com a delegação de competência outorgada pela Portaria nº. 1.351 de 09 de novembro de 2016, publicada no Diário Oficial da União nº. 141, de 25 de  julho de 2016, resolve:</p><p>Art. 1º Indicar os servidores MARIA ZÉLIA DE LIMA, CPF 089.907.603-30, SIAPE 0480661; e ALBERTO SALES BARBOSA, CPF 310.413.703-00, SIAPE 0469430, respectivamente, Titular e Substituto, como os responsáveis pelos procedimentos para inscrição de Notas de Empenho em Restos a Pagar Não Processados a Liquidar, relativas ao exercício de 2017.</p><p>Art. 2º Esta Portaria entra em vigor na data de sua publicação.</p>]]></Texto>
    <Autores>
      <assina>MEIRE DE SOUZA SOARES FONTES</assina>
    </Autores>
  </body>
</article></xml>