<xml><article id="643292" name="DISPENSA LUIZ GUSTAVO E DESIGNA " idOficio="4587781" pubName="DO2" artType="Portaria" pubDate="01/12/2017" artClass="00011:00088:00014:00000:00000:00000:00000:00000:00000:00000:00025:00001" artSection="Ministério da Educação" artCategory="Instituto Federal de Educação, Ciência e Tecnologia do Tocantins" artSize="8" artNotes="" numberPage="25" pdfPage="http://pesquisa.in.gov.br/imprensa/jsp/visualiza/index.jsp?data=01/12/2017&amp;jornal=529&amp;pagina=25" editionNumber="230">
  <body>
    <Identifica><![CDATA[PORTARIA N 479, DE 21 DE NOVEMBRO DE 2017]]></Identifica>
    <Data><![CDATA[]]></Data>
    <Ementa />
    <Titulo />
    <SubTitulo />
    <Texto><![CDATA[<p> A DIRETORA GERAL EM EXERCÍCIO DO INSTITUTO FEDERAL DE EDUCAÇÃO, CIÊNCIA E TECNOLOGIA DO TOCANTINS (IFTO) CAMPUS PALMAS, nomeado pela Portaria n° 475/2017/CAMPUS PALMAS/,  DE 20 NOVEMBRO DE 2017, no uso de suas atribuições legais e regimentais, resolve:</p><p>Art. 1º  Dispensar, o servidor Luiz Gustavo Ramos de Arruda, Matrícula SIAPE n.º 1823536, da função de Coordenador de Extensão, código FG-01, do Instituto Federal de Educação, Ciência e Tecnologia do Tocantins  Campus Palmas.</p><p>Art. 2º  Designar a servidora Itamara Milhomem, Matrícula SIAPE n.º 1164263, para exercer a função de Coordenadora de Extensão, código FG-01, do Instituto Federal de Educação, Ciência e Tecnologia do Tocantins  Campus Palmas.</p><p>Art. 3° - Esta portaria entra em vigor na data de sua assinatura.</p>]]></Texto>
    <Autores>
      <assina>Noemi Barreto Sales Zukowski</assina>
    </Autores>
  </body>
</article></xml>