<xml><article id="645449" name="PORT660NOV17EXONERAÇÃOCARGONANCY" idOficio="4588513" pubName="DO2" artType="Portaria" pubDate="01/12/2017" artClass="00010:00008:00024:06902:00000:00000:00000:00000:00000:00000:00025:00001" artSection="Ministério da Defesa" artCategory="Comando do Exército" artSize="8" artNotes="" numberPage="12" pdfPage="http://pesquisa.in.gov.br/imprensa/jsp/visualiza/index.jsp?data=01/12/2017&amp;jornal=529&amp;pagina=12" editionNumber="230">
  <body>
    <Identifica><![CDATA[Portaria n 660-DCIPAS/SPC, de 30 de novembro de 2017]]></Identifica>
    <Data><![CDATA[]]></Data>
    <Ementa />
    <Titulo />
    <SubTitulo />
    <Texto><![CDATA[<p>O DIRETOR DE CIVIS, INATIVOS, PENSIONISTAS E ASSISTÊNCIA SOCIAL, no uso da competência que lhe foi subdelegada pelo Chefe do Departamento-Geral do Pessoal, por meio da Portaria no 192-DGP, de 1o de outubro de 2015, e de acordo com o inciso I do artigo 33 e artigo 34 da Lei no 8.112, de 11 de dezembro de 1990, resolve</p><p>EXONERAR, a pedido, a contar de 7 de novembro de 2017, a Servidora NANCY LINO DE OLIVEIRA DE SOUZA, matrícula SIAPE no 81830, do cargo de Auxiliar Operacional de Serviços Diversos, classe "S", padrão III - NA, do PGPE, lotada no Hospital Central do Exército, ficando vago o respectivo cargo.</p>]]></Texto>
    <Autores>
      <assina>Cel.GÉDER TÁVORA SAID</assina>
      <cargo>Resp/pelo Diretor de Civis, Inativos, Pensionistas e Assistência Social</cargo>
    </Autores>
  </body>
</article></xml>