<xml><article id="644510" name="Portaria de Pensão VISTORIA DO S" idOficio="4588255" pubName="DO2" artType="Retificação" pubDate="01/12/2017" artClass="00031:00024:00088:00008:00002:00000:00000:00000:00000:00000:00032:00001" artSection="Ministério dos Transportes, Portos e Aviação Civil" artCategory="Departamento Nacional de Infraestrutura de Transportes" artSize="8" artNotes="" numberPage="63" pdfPage="http://pesquisa.in.gov.br/imprensa/jsp/visualiza/index.jsp?data=01/12/2017&amp;jornal=529&amp;pagina=63" editionNumber="230">
  <body>
    <Identifica />
    <Data><![CDATA[]]></Data>
    <Ementa />
    <Titulo />
    <SubTitulo />
    <Texto><![CDATA[<p> Na Portaria nº 066, de 23.10.2017, publicada no DOU nº 210, de 01.11.2017, seção 2, página 90.</p><p>       Onde se lê: "33,33% (trinta e três virgula trinta e três por cento), dos proventos do instituidor, calculados na forma do artigo 2º, inciso II, da Lei nº 10.887/2004". </p><p>        Leia-se "25% (vinte e cinco por cento), dos proventos do instituidor, calculados na forma do artigo 2º, inciso I, da Lei nº 10.887/2004".  </p>]]></Texto>
    <Autores />
  </body>
</article></xml>