<xml><article id="644714" name="DOU EXONERAÇÃO 2017 (1)" idOficio="4588332" pubName="DO2" artType="Portaria" pubDate="01/12/2017" artClass="00011:00008:00000:00000:00000:00000:00000:00000:00000:00000:00025:00001" artSection="Ministério da Educação" artCategory="Colégio Pedro II" artSize="8" artNotes="" numberPage="14" pdfPage="http://pesquisa.in.gov.br/imprensa/jsp/visualiza/index.jsp?data=01/12/2017&amp;jornal=529&amp;pagina=14" editionNumber="230">
  <body>
    <Identifica><![CDATA[PORTARIAS DE 30 DE NOVEMBRO DE 2017]]></Identifica>
    <Data><![CDATA[]]></Data>
    <Ementa />
    <Titulo />
    <SubTitulo />
    <Texto><![CDATA[<p> </p><p> O REITOR pro tempore DO COLÉGIO PEDRO II, designado pela Portaria/MEC nº 1280 de 04 de outubro de 2017, publicada no Diário Oficial da União de 05 de outubro de 2017, Seção 2, página 12, no uso de suas atribuições legais, resolve:</p><p>  N 3.720 Art. 1º - Dispensar CAROLINA MARY MEDEIROS, matrícula Siape nº 1488295, lotada no Campus Engenho Novo II da função de Adjunta da Chefe de Departamento de História, FCC-01. </p><p>  N  3.721 Art. 1º - Exonerar por término de Mandato ANDRÉA BANDEIRA RIBEIRO, matrícula Siape nº 266127, do cargo de Diretora-Geral pro-tempore do Campus Centro, código CD-2, a partir desta data.</p><p>  N 3.722 Art. 1º - Exonerar por término de Mandato ARTUR NOGUEIRA GOMES, matrícula Siape nº 1673857, do cargo de Diretor-Geral pro tempore do Campus Duque de Caxias, código CD-2, a partir desta data.</p><p>  N 3.723 Art. 1º - Exonerar por término de Mandato SANDRA MARIA TEIXEIRA PINHEIRO TARANTO, matrícula Siape nº 265835, do cargo de Diretora-Geral pro-tempore do Campus Engenho Novo I, código CD-2, a partir desta data.</p><p>  N 3.724 Art. 1º - Exonerar por término de Mandato DAISY LÚCIA GOMES DE OLIVEIRA, matrícula Siape nº 263000, do cargo de Diretora-Geral pro-tempore do Campus Engenho Novo II, código CD-2, a partir desta data.</p><p>  N 3.725 Art. 1º - Exonerar por término de Mandato ANA PAULA GIRAUX LEITÃO, matrícula Siape nº 266129, do cargo de Diretora-Geral pro-tempore do Campus Humaitá I, código CD-2, a partir desta data.</p><p>  N 3.726 Art. 1º - Exonerar por término de Mandato SORAYA SABAH DA COSTA, matrícula Siape nº 1100086, do cargo de Diretora-Geral pro tempore do Campus Humaitá II, código CD-2, a partir desta data.</p><p>  N 3.727 Art. 1º - Exonerar por término de Mandato MARCELOS DE CARVALHO CALDEIRA, matrícula Siape nº 3046177, do cargo de Diretor-Geral pro-tempore do Campus Niterói, código CD-2, a partir desta data.</p><p>  N 3.728 Art. 1º - Exonerar por término de Mandato ANA LÚCIA SENOS DE MELLO, matrícula Siape nº 265348, do cargo de Diretora-Geral pro-tempore do Campus Realengo I, código CD-2, a partir desta data.</p><p>  N 3.729 Art. 1º - Exonerar por término de mandato MIGUEL ÂNGELO VILLARDI, matrícula Siape nº 265161, do cargo de Diretor-Geral pro-tempore do Campus Realengo II, código CD-2, a partir desta data.</p><p>  N 3.730 Art. 1º - Exonerar por término de Mandato CRISTIANE GOMES DE OLIVEIRA, matrícula Siape nº 1643357, do cargo de Coordenadora Setorial pro tempore do Centro de Referência em Educação Infantil Realengo, código CD-4, a partir desta data.</p><p>  N 3.731 Art. 1º - Exonerar por término de Mandato BERNARDINO PAIVA MATOS, matrícula Siape nº 2052548, do cargo de Diretor-Geral pro-tempore do Campus São Cristóvão II, código CD-2, a partir desta data.</p><p>  N 3.732 Art. 1º - Exonerar por término de Mandato FERNANDA BRACK BUNGNER matrícula Siape nº 1099135, do cargo de Diretora-Geral pro-tempore do Campus São Cristóvão III, código CD-2, a partir desta data.</p><p>  N 3.733 Art. 1º - Exonerar por término de Mandato CRISTINA FERREIRA BRANCO, matrícula Siape nº 1100049, do cargo de Diretora-Geral pro-tempore do Campus Tijuca I, código CD-2, a partir desta data.</p><p>  N 3.734 Art. 1º - Exonerar por término de Mandato JESEN BAPTISTA DOS SANTOS JÚNIOR, matrícula Siape nº 2052887, do cargo de Diretor-Geral pro-tempore do Campus Tijuca II, código CD-2, a partir desta data.</p><p>  N 3.735 - Art. 1º - Exonerar MARCUS VINICIUS PINHEIRO COSTA, matrícula Siape nº 1488319, do cargo de Diretor Administrativo do Campus Realengo II, código CD-4, a partir desta data.</p><p>  N 3.753 Art. 1º - Exonerar JACQUELINE BATHOMARCO CORREA, matrícula Siape nº 225091, do cargo de Pró-Reitora de Administração pro-tempore do Colégio Pedro II, código CD-2.</p><p>  N 3.754 Art. 1º - Exonerar ELIANA MYRA DE MORAES SOARES, matrícula Siape nº 6263526, do cargo de Pró-Reitora de Ensino pro-tempore do Colégio Pedro II, código CD-2.</p><p>  N 3.755 Art. 1º - Exonerar VIRGÍLIA AUGUSTA DA COSTA NUNES, matrícula Siape nº 265399, do cargo de Pró-Reitora de Gestão de Pessoas pro tempore do Colégio Pedro II, código CD-2.</p><p>  N 3.756 Art. 1º - Exonerar VERA LÚCIA LOPES MEDALHA, matrícula Siape nº 1051837, do cargo de Pró-Reitora de Planejamento e Desenvolvimento Institucional pro tempore do Colégio Pedro II, código CD-2.</p><p>  N 3.757 Art. 1º - Exonerar MÁRCIA MARTINS DE OLIVEIRA, matrícula Siape nº 1203298, do cargo de Pró-Reitora de Pós-Graduação, Pesquisa, Extensão e Cultura pro-tempore do Colégio Pedro II, código CD-2.</p><p> O REITOR PRO TEMPORE DO COLÉGIO PEDRO II, designado pela Portaria/MEC nº 1280 de 4 de outubro de 2017, publicada no Diário Oficial da União de 5 de outubro de 2017, Seção 2, página 12, o uso de suas atribuições legais e conforme autorização MEC nº 20170823.3760, , resolve:</p><p> Autorizar o afastamento do país da servidora TANIA MITTELMAN, ocupantes do cargo de Professor do Ensino Básico, Técnico e Tecnológico, para participar do Grupo de Trabalho "Políticas Educativas y Desigualdad Social" durante o XXXI Congreso Alas Uruguay 2017, Montevidéu/Uruguai, no período de 2 a 9 de dezembro de 2017, trânsito incluso, com ônus limitado para o Colégio Pedro II. (23040.007026/2017-64)</p>]]></Texto>
    <Autores>
      <assina>OSCAR HALAC</assina>
      <assina>OSCAR HALAC</assina>
    </Autores>
  </body>
</article></xml>