<xml><article id="644819" name="NOV_PORT_4269_DEMISSÃO - INCOMPA" idOficio="4588394" pubName="DO2" artType="Portaria" pubDate="01/12/2017" artClass="00011:00082:00001:00001:00000:00000:00000:00000:00000:00000:00025:0003" artSection="Ministério da Educação" artCategory="Instituto Federal de Educação, Ciência e Tecnologia de São Paulo" artSize="8" artNotes="" numberPage="25" pdfPage="http://pesquisa.in.gov.br/imprensa/jsp/visualiza/index.jsp?data=01/12/2017&amp;jornal=529&amp;pagina=25" editionNumber="230">
  <body>
    <Identifica><![CDATA[Portaria nº 4.269, de 29 de novembro de 2017]]></Identifica>
    <Data><![CDATA[]]></Data>
    <Ementa />
    <Titulo />
    <SubTitulo />
    <Texto><![CDATA[<p> O REITOR DO INSTITUTO FEDERAL DE EDUCAÇÃO, CIÊNCIA E TECNOLOGIA DE SÃO PAULO, no uso de suas atribuições legais, e tendo em vista o disposto no artigo 127, III, da Lei nº 8.112/90, e no Mem. 10/2017 - Secretaria dos Colegiados, resolve:</p><p> DEMITIR: EVERTON DE ANDRADE SANTOS, Assistente de Aluno, matrícula SIAPE nº 2175237, lotado no Câmpus Sertãozinho, de acordo com o constante do Processo nº 23309.001660.2016-14, com fundamento nos arts. 117, IX c/c 132, XIII; art. 132, V; e nos incisos II, lll e IX do art. 116, todos da Lei nº 8.112/90, tornando-se impedido de retornar ao serviço público federal pelo prazo de 5 (cinco) anos, consoante o disposto no caput do art. 137 da Lei nº 8.112/90.</p>]]></Texto>
    <Autores>
      <assina>EDUARDO ANTONIO MODENA</assina>
    </Autores>
  </body>
</article></xml>