<xml><article id="645650" name="409 PORTARIA AFASTAMENTO ORG. IN" idOficio="4588689" pubName="DO2" artType="Portaria" pubDate="01/12/2017" artClass="00026:00001:00000:00000:00000:00000:00000:00000:00000:00000:00025:00001" artSection="Ministério do Planejamento, Desenvolvimento e Gestão" artCategory="Gabinete do Ministro" artSize="8" artNotes="" numberPage="54" pdfPage="http://pesquisa.in.gov.br/imprensa/jsp/visualiza/index.jsp?data=01/12/2017&amp;jornal=529&amp;pagina=54" editionNumber="230">
  <body>
    <Identifica><![CDATA[PORTARIA Nº 409, DE 29 DE NOVEMBRO DE 2017]]></Identifica>
    <Data><![CDATA[]]></Data>
    <Ementa />
    <Titulo />
    <SubTitulo />
    <Texto><![CDATA[<p> O MINISTRO DE ESTADO DO PLANEJAMENTO, DESENVOLVIMENTO E GESTÃO, no uso da competência que lhe foi delegada pelo art. 1º do Decreto nº 3.456, de 10 de maio de 2000, em conformidade com o disposto no art. 96 da Lei nº 8.112, de 11 de dezembro de 1990, regulamentado pelo Decreto nº 201, de 26 de agosto de 1991, e com o que consta no processo nº 25030.000684/2015-16, resolve:</p><p> Art. 1º  Autorizar a prorrogação do afastamento para servir em Organismo Internacional da servidora JULIANA DE ALMEIDA LEITE, matrícula SIAPE nº 1556601, ocupante do cargo de Pesquisador em Saúde Pública do Instituto Oswaldo Cruz - IOC, unidade vinculada a Fundação Oswaldo Cruz - FIOCRUZ, Ministério da Saúde - MS, para dar continuidade as suas atividades na Assessoria da Unidade de Regulamento Sanitário Internacional, Alerta e Resposta a Epidemias e Doenças Transmitidas por Água da Organização Pan Americana da Saúde - OPAS/OMS,  em Washington, D.C. - EUA ,  a contar de 1º de janeiro de 2018,  por tempo indeterminado e com perda total da remuneração.</p><p> Art. 2º  Esta Portaria entra em vigor na data de sua publicação.</p>]]></Texto>
    <Autores>
      <assina>DYOGO HENRIQUE DE OLIVEIRA</assina>
    </Autores>
  </body>
</article></xml>