<xml><article id="643853" name="PORT DGP-DCIPAS - 2017 - Nº 251 " idOficio="4588001" pubName="DO2" artType="Portaria" pubDate="01/12/2017" artClass="00010:00008:00024:00000:00000:00000:00000:00000:00000:00000:00025:00015" artSection="Ministério da Defesa" artCategory="Comando do Exército" artSize="8" artNotes="" numberPage="11" pdfPage="http://pesquisa.in.gov.br/imprensa/jsp/visualiza/index.jsp?data=01/12/2017&amp;jornal=529&amp;pagina=11" editionNumber="230">
  <body>
    <Identifica><![CDATA[PORTARIA Nº 251-DGP/DCIPAS, DE 22 DE NOVEMBRO DE 2017]]></Identifica>
    <Data><![CDATA[]]></Data>
    <Ementa />
    <Titulo />
    <SubTitulo />
    <Texto><![CDATA[<p> O CHEFE DO DEPARTAMENTO-GERAL DO PESSOAL, no uso da competência que lhe foi conferida pela Portaria nº 218-Comandante Exército, de 20 de março de 2017, resolve</p><p>NOMEAR, por proposta do Comandante da 2ª Região Militar, o Coronel da Reserva Remunerada (Idt 085785693-4) FERNANDO MOREIRA MESQUITA, Prec-CP: 96 1793470, no Hospital Militar de Área de São Paulo (SÃO PAULO-SP), para Prestador de Tarefa por Tempo Certo, para exercer a tarefa de Assessoria e Apoio Técnico à Clínica de Cardiologia, pelo prazo de 24 (vinte e quatro) meses, a partir de 1º de dezembro de 2017.</p><p> </p>]]></Texto>
    <Autores>
      <assina>Gen Ex MANOEL LUIZ NARVAZ PAFIADACHE</assina>
    </Autores>
  </body>
</article></xml>