<xml><article id="644552" name="2PORT Nº 1.504 - Designação de r" idOficio="4588286" pubName="DO2" artType="Portaria" pubDate="01/12/2017" artClass="00011:00001:00000:00000:00000:00000:00000:00000:00000:00000:00025:00002" artSection="Ministério da Educação" artCategory="Gabinete do Ministro" artSize="8" artNotes="" numberPage="13" pdfPage="http://pesquisa.in.gov.br/imprensa/jsp/visualiza/index.jsp?data=01/12/2017&amp;jornal=529&amp;pagina=13" editionNumber="230">
  <body>
    <Identifica><![CDATA[PORTARIA N 1.504, DE 30 DE NOVEMBRO DE 2017]]></Identifica>
    <Data><![CDATA[]]></Data>
    <Ementa><![CDATA[Designa os representantes, titulares e suplentes, que compõem o Comitê Gestor do Fundo de Financiamento Estudantil - CG Fies e o Grupo Técnico de Assessoramento.]]></Ementa>
    <Titulo />
    <SubTitulo />
    <Texto><![CDATA[<p> </p><p> O MINISTRO DE ESTADO DA EDUCAÇÃO, no uso das atribuições que lhe confere o art. 87, parágrafo único, inciso II, da Constituição Federal, e em cumprimento ao disposto na Lei nº 10.260, de 12 de julho de 2001, com as alterações introduzidas pela Medida Provisória nº 785, de 6 de julho de 2017, bem como no § 1º do art. 1º e no art. 9º do Decreto de 19 de setembro de 2017, publicado no Diário Oficial da União nº 181, de 20 de setembro de 2017, Seção 1, páginas 1 e 2, resolve:</p><p>Art. 1º Ficam designados, para compor o Comitê Gestor do Fundo de Financiamento Estudantil - CG-Fies, os seguintes membros:</p><p>I - representantes do Ministério da Educação - MEC:</p><p>a) titulares: Felipe Sartori Sigollo, que presidirá o CG-Fies, Paulo Monteiro Vieira Braga Barone, que substituirá o presidente em suas ausências e seus impedimentos eventuais, e Henrique Sartori de Almeida Prado; e</p><p>b) suplentes: Ektor Luiz Passini, Vicente de Paula Almeida Júnior e Michel Zanoni Camargo, respectivamente;</p><p>II - representantes do Ministério da Fazenda - MF:</p><p>a) titulares: Mansueto Facundo de Almeida Junior e Ana Paula Vitali Janes Vescovi; e</p><p>b) suplentes: Alexandre Manoel Ângelo da Silva e Pedro Jucá Maciel, respectivamente;</p><p>III - representantes do Ministério do Planejamento, Desenvolvimento e Gestão - MP:</p><p>a) titulares: George Alberto de Aguiar Soares e Marcos Adolfo Ribeiro Ferrari; e</p><p>b) suplentes: Arnaldo Barbosa de Lima Júnior e Clayton Luiz Montes, respectivamente;</p><p>IV - representante da Casa Civil da Presidência da República:</p><p>a) titular: Marcelo Pacheco dos Guaranys; e</p><p>b) suplente: Fabiana Magalhães Almeida Rodopoulos.</p><p>Art. 2º Ficam designados como representantes do Grupo Técnico:</p><p>I - representantes do MEC:</p><p>a) titulares: Luciano Oliva Patrício, Fernando Augusto Rodrigues Bueno e Filipe Guedes de Oliveira; e</p><p>b) suplentes: Cesar Claudio Moreira Giraldes, Daniela Helena Oliveira Godoy e Amarilis Bush Tavares, respectivamente;</p><p>II - representantes do MF:</p><p>a) titulares: Aumara Bastos Feu Alvim de Souza e Felipe Palmeira Bardella; e</p><p>b) suplentes: Jossifram Almeida Soares e Alex Pereira Benicio, respectivamente;</p><p>III - representantes do MP:</p><p>a) titulares: Wilsimara Maciel Rocha e Augusta Aiko Umeda Kuhn; e</p><p>b) suplentes: Diego Cota Pacheco e Ana Marta Godinho dos Anjos, respectivamente;</p><p>IV - representante da Casa Civil da Presidência da República:</p><p>a) titular: Fabiana Cardoso Martins de Souza; e</p><p>b) suplente: Rebeca Regina Regatieri.</p><p>Art. 3º As reuniões do CG-Fies serão secretariadas pelo Fundo Nacional de Desenvolvimento da Educação - FNDE.</p><p>Art. 4º Esta Portaria entra em vigor na data de sua publicação.</p>]]></Texto>
    <Autores>
      <assina>MENDONÇA FILHO</assina>
    </Autores>
  </body>
</article></xml>