<xml><article id="655564" name="PORTARIAS DE 30 DE NOVEMBRO DE 2" idOficio="4588463" pubName="DO2" artType="Portaria" pubDate="04/12/2017" artClass="00026:00002:00000:00000:00000:00000:00000:00000:00000:00000:00025:00003" artSection="Ministério do Planejamento, Desenvolvimento e Gestão" artCategory="Secretaria Executiva" artSize="8" artNotes="" numberPage="51" pdfPage="http://pesquisa.in.gov.br/imprensa/jsp/visualiza/index.jsp?data=04/12/2017&amp;jornal=529&amp;pagina=51" editionNumber="231">
  <body>
    <Identifica><![CDATA[RETIFICAÇÃO]]></Identifica>
    <Data><![CDATA[]]></Data>
    <Ementa />
    <Titulo />
    <SubTitulo />
    <Texto><![CDATA[<p> Na Portaria de 30 de novembro de 2017, referente a exoneração de LEONARDO VIEIRA NUNES, publicada no DOU nº 230, de 1º-12-2017, Seção 2, pág. 54, onde se lê: "Nº 1.1018 -...", leia-se: "Nº 1.018 -..."</p><p>(p/Coejo)</p>]]></Texto>
    <Autores />
  </body>
</article></xml>