<xml><article id="643043" name="PORTARIA_063_CMA_E1.7_Exoneracao" idOficio="4586078" pubName="DO2" artType="Portaria" pubDate="01/12/2017" artClass="00010:00008:00006:00003:00000:00000:00000:00000:00000:00000:00025:00001" artSection="Ministério da Defesa" artCategory="Comando do Exército" artSize="8" artNotes="" numberPage="9" pdfPage="http://pesquisa.in.gov.br/imprensa/jsp/visualiza/index.jsp?data=01/12/2017&amp;jornal=529&amp;pagina=9" editionNumber="230">
  <body>
    <Identifica><![CDATA[PORTARIA Nº 63-CMA/E1.7, DE 16 DE NOVEMBRO DE 2017]]></Identifica>
    <Data><![CDATA[]]></Data>
    <Ementa />
    <Titulo />
    <SubTitulo />
    <Texto><![CDATA[<p> O COMANDANTE MILITAR DA AMAZÔNIA, no uso da competência que lhe foi conferida pelo prescrito no inciso III do § 1º do artigo 6º da Portaria nº 218/Cmt Ex, de 20 de março de 2017, resolve:</p><p>EXONERAR, a pedido, o Capitão da Reserva Remunerada (031258713-2) GILMAR SOARES, Prec-CP 34 0427112, do Hospital de Guarnição de Tabatinga (Tabatinga/AM), a partir de 1º de dezembro de 2017, de acordo com o inciso I, do art. 11, da Portaria nº 218-Cmt Ex, de 20 de março de 2017, de Prestador de Tarefa por Tempo Certo. </p><p> </p>]]></Texto>
    <Autores>
      <assina>General de Exército GERALDO ANTONIO MIOTTO</assina>
    </Autores>
  </body>
</article></xml>