<xml><article id="645029" name="PT 409-410 SUP REG NORTE CENTRO " idOficio="4588473" pubName="DO2" artType="Portaria" pubDate="01/12/2017" artClass="00022:00029:00238:00000:00000:00000:00000:00000:00000:00000:00025:00002" artSection="Ministério do Desenvolvimento Social" artCategory="Instituto Nacional do Seguro Social" artSize="8" artNotes="" numberPage="49" pdfPage="http://pesquisa.in.gov.br/imprensa/jsp/visualiza/index.jsp?data=01/12/2017&amp;jornal=529&amp;pagina=49" editionNumber="230">
  <body>
    <Identifica><![CDATA[PORTARIAS DE 29 DE NOVEMBRO DE 2017]]></Identifica>
    <Data><![CDATA[]]></Data>
    <Ementa />
    <Titulo />
    <SubTitulo />
    <Texto><![CDATA[<p> </p><p> </p><p> O SUPERINTENDENTE REGIONAL NORTE/CENTRO-OESTE DO INSTITUTO NACIONAL DO SEGURO SOCIAL-INSS,  no uso das atribuições que lhe confere o Decreto nº 9.104, de 24 de julho de 2017, que aprova a Estrutura Regimental e o Quadro Demonstrativo dos Cargos em Comissão e das Funções de Confiança do  INSS, considerando a subdelegação de competência de que trata a Portaria nº 800/PRES/INSS, de 06 de setembro de 2011, resolve:</p><p>N   409 - Designar KLEYDSSON OLIVEIRA DE AGUIAR, matrícula 2358051, CPF nº 001.672.013-01, para o encargo eventual de Substituto de Gerente da Agência da Previdência Social   Capanema, código FCPE-101.1, vinculada à Gerência Executiva Belém/PA, nos seus impedimentos, afastamentos legais ou regulamentares e na vacância do cargo.</p><p>N 410 - Designar ADRIANA CRISTINA BARBOSA, matrícula 2115077, CPF nº 990.880.451-00, para o encargo eventual de Substituto de Gerente da Agência da Previdência Social   Brasília - Asa Sul, código FCPE-101.2, vinculada à Gerência Executiva Distrito Federal/DF, nos seus impedimentos, afastamentos legais ou regulamentares e na vacância do cargo.</p><p> </p>]]></Texto>
    <Autores>
      <assina>ANDRÉ PAULO FÉLIX FIDELIS</assina>
    </Autores>
  </body>
</article></xml>