<xml><article id="697256" name="ATO_1071" idOficio="4588625" pubName="DO2" artType="Ato" pubDate="11/12/2017" artClass="00037:00007:00001:00000:00000:00000:00000:00000:00000:00000:00001:00001" artSection="Poder Judiciário" artCategory="Tribunal Regional Federal da 1ª Região" artSize="8" artNotes="" numberPage="212" pdfPage="http://pesquisa.in.gov.br/imprensa/jsp/visualiza/index.jsp?data=11/12/2017&amp;jornal=529&amp;pagina=212" editionNumber="236">
  <body>
    <Identifica><![CDATA[ATO Nº 1.071, DE 29 DE NOVEMBRO DE 2017]]></Identifica>
    <Data><![CDATA[]]></Data>
    <Ementa />
    <Titulo />
    <SubTitulo />
    <Texto><![CDATA[<p> O PRESIDENTE DO TRIBUNAL REGIONAL FEDERAL DA 1ª REGIÃO, no uso de suas atribuições legais e regimentais e tendo em vista o constante nos autos do PAe 0014249-36.2017.4.01.8005, resolve:</p><p>EXONERAR a servidora CARLENE LIMA RANIERI, Técnica Judiciária, Área Administrativa, do Quadro de Pessoal da Justiça Federal de Primeiro Grau, Seção Judiciária do Estado de Minas Gerais, à disposição da Seção Judiciária do Distrito Federal, do Cargo em Comissão, Código CJ-3, de Diretor de Secretaria da 17ª Vara Federal daquela Seccional, a partir de 11/12/2017.</p>]]></Texto>
    <Autores>
      <assina>Des. HILTON QUEIROZ</assina>
    </Autores>
  </body>
</article></xml>