<xml><article id="644333" name="Portaria nº 783.2017" idOficio="4588207" pubName="DO2" artType="Portaria" pubDate="01/12/2017" artClass="00011:00044:00000:00000:00000:00000:00000:00000:00000:00000:00025:00001" artSection="Ministério da Educação" artCategory="Fundação Universidade Federal do Vale do São Francisco" artSize="8" artNotes="" numberPage="18" pdfPage="http://pesquisa.in.gov.br/imprensa/jsp/visualiza/index.jsp?data=01/12/2017&amp;jornal=529&amp;pagina=18" editionNumber="230">
  <body>
    <Identifica><![CDATA[PORTARIA N 783, DE 28 DE NOVEMBRO DE 2017]]></Identifica>
    <Data><![CDATA[]]></Data>
    <Ementa />
    <Titulo />
    <SubTitulo />
    <Texto><![CDATA[<p> </p><p> O Reitor da Fundação Universidade Federal do Vale do São Francisco - UNIVASF, no uso das suas atribuições conferidas pelo Decreto de 28 de março de 2016, publicado no Diário Oficial da União nº 59, de 29 de março de 2016, e tendo em vista o memorando nº 110/2017-CPPD, resolve:</p><p>DESIGNAR a servidora ELENICE ANDRADE MORAES, CPF 990.982.106-00, Professora da Carreira de Magistério Superior, matrícula SIAPE nº 1716619, para exercer a função de Presidente da Comissão Permanente de Pessoal Docente - GR-CPPD, código FG-01, convalidando seus atos praticados no exercício da função a contar de 22.11.2017. </p>]]></Texto>
    <Autores>
      <assina>TELIO NOBRE LEITE</assina>
      <cargo>Em Exercício</cargo>
    </Autores>
  </body>
</article></xml>