<xml><article id="645068" name="GM_PORT-1223-1224" idOficio="4588497" pubName="DO2" artType="Portaria" pubDate="01/12/2017" artClass="00027:00001:00000:00000:00000:00000:00000:00000:00000:00000:00025:00001" artSection="Ministério do Trabalho" artCategory="Gabinete do Ministro" artSize="8" artNotes="" numberPage="58" pdfPage="http://pesquisa.in.gov.br/imprensa/jsp/visualiza/index.jsp?data=01/12/2017&amp;jornal=529&amp;pagina=58" editionNumber="230">
  <body>
    <Identifica><![CDATA[PORTARIAS DE 30 DE NOVEMBRO DE 2017]]></Identifica>
    <Data><![CDATA[]]></Data>
    <Ementa />
    <Titulo />
    <SubTitulo />
    <Texto><![CDATA[<p> O MINISTRO DE ESTADO DO TRABALHO, no uso da competência que lhe foi delegada nos termos do inciso II, art. 3º, do Decreto nº 8.821, de 26 de julho de 2016, publicado no Diário Oficial da União, Edição Extra, de 26 de julho de 2016, e tendo em vista o disposto no Decreto nº 8.894, de 3 de novembro de 2016, publicado no Diário Oficial da União de 4 de novembro de 2016, resolve:</p><p>Nº 1.223 - Exonerar DAVI VERNON CARLOS DE OLIVEIRA, CPF nº ***.763.261-**, matrícula Siape nº 2351523, do cargo em comissão de Diretor-Adjunto, do Departamento de Tecnologia da Informação, da Secretaria Executiva, código DAS 101.4, deste Ministério, ficando dispensado do encargo que atualmente ocupa.</p><p>Nº 1.224 - Exonerar ELISÂNGELA MACHADO DOS SANTOS DE FREITAS, CPF nº ***.546.409-**, matrícula Siape nº 2354881, do cargo em comissão de Coordenadora de Planejamento da Comunicação, da Assessoria de Comunicação Social, do Gabinete do Ministro, código DAS 101.3, deste Ministério, ficando dispensada do encargo que atualmente ocupa.</p>]]></Texto>
    <Autores>
      <assina>RONALDO NOGUEIRA DE OLIVEIRA</assina>
    </Autores>
  </body>
</article></xml>