<xml><article id="644522" name="PT 197 pensão ROSINA CARGNIN BOA" idOficio="4588256" pubName="DO2" artType="Portaria" pubDate="01/12/2017" artClass="00017:00002:00034:00001:00002:00000:00000:00000:00000:00000:00025:00001" artSection="Ministério da Saúde" artCategory="Secretaria Executiva" artSize="8" artNotes="" numberPage="42" pdfPage="http://pesquisa.in.gov.br/imprensa/jsp/visualiza/index.jsp?data=01/12/2017&amp;jornal=529&amp;pagina=42" editionNumber="230">
  <body>
    <Identifica><![CDATA[PORTARIA N 197, de 29 de novembro de 2017]]></Identifica>
    <Data><![CDATA[]]></Data>
    <Ementa />
    <Titulo />
    <SubTitulo />
    <Texto><![CDATA[<p> O CHEFE DO SERVIÇO DE GESTÃO ADMINISTRATIVA DO NÚCLEO ESTADUAL DO MINISTÉRIO DA SAÚDE EM SANTA CATARINA, no uso da competência que lhe foi subdelegada pela Portaria SAA/SE/MS n.º 1.804, de 01/10/13, publicada no DOU n.º 192 de 03/10/13, resolve:</p><p>Conceder benefício de pensão à  ROSINA CARGNIN BOABAID, na qualidade de viúva, a contar de 24/10/2017, referente ao ex-servidor STÉLIO CASCAIS BOABAID, matrícula SIAPE nº 057344-1, Médico, Classe "S", Padrão NS-III, do Quadro Permanente deste Ministério, correspondente à totalidade dos proventos percebidos pelo aposentado na data anterior à data do óbito até o limite máximo estabelecido pelo Regime Geral de Previdência Social (RGPS), acrescido de 70% (setenta por cento) da parcela excedente a este limite, com fundamento nos artigos 217, inciso I, e 222, inciso VII, alínea b, item 6 da Lei n.º 8112/90 , com redação dada pela Lei nº 13.135/2015 e no artigo 2.º, inciso I, da Lei nº 10.887/04.</p><p>(Processo n.º 25024.400454/2017-96).</p>]]></Texto>
    <Autores>
      <assina>CARLOS MAGNO VALVERDE</assina>
    </Autores>
  </body>
</article></xml>