<xml><article id="644933" name="Portarias 221-2017-PGJM" idOficio="4588444" pubName="DO2" artType="Portaria" pubDate="01/12/2017" artClass="00033:00009:00001:00000:00000:00000:00000:00000:00000:00000:00025:00001" artSection="Ministério Público da União" artCategory="Ministério Público Militar" artSize="8" artNotes="" numberPage="67" pdfPage="http://pesquisa.in.gov.br/imprensa/jsp/visualiza/index.jsp?data=01/12/2017&amp;jornal=529&amp;pagina=67" editionNumber="230">
  <body>
    <Identifica><![CDATA[Portaria nº 221 , de 29 de novembro de 2017]]></Identifica>
    <Data><![CDATA[]]></Data>
    <Ementa />
    <Titulo />
    <SubTitulo />
    <Texto><![CDATA[<p> O PROCURADOR-GERAL DE JUSTIÇA MILITAR, no uso de suas atribuições legais, e tendo em vista o disposto no artigo 140 da Lei Complementar 75, de 20 de maio de 1993, e na Resolução 56/CSMPM, de 6 de maio de 2008, resolve:</p><p>Art. 1º Revogar o artigo 19 da Portaria 142/PGJM, de 31 de julho de 2017, publicada no Diário Oficial da União 147, de 02 de agosto de 2017, Seção 2, páginas 72-73.</p><p>Art. 2º Designar o Doutor JOSÉ GARCIA DE FREITAS JUNIOR, Subprocurador-Geral de Justiça Militar, para oficiar na Sessão de Julgamento do Egrégio Superior Tribunal Militar, a realizar-se no dia 05 de dezembro de 2017, em substituição à Doutora ARILMA CUNHA DA SILVA, Subprocuradora-Geral de Justiça Militar.</p><p>Art. 3º Esta Portaria entra em vigor nesta data.</p>]]></Texto>
    <Autores>
      <assina>JAIME DE CASSIO MIRANDA</assina>
    </Autores>
  </body>
</article></xml>