<xml><article id="643514" name="portaria 17444 SGP" idOficio="4587888" pubName="DO2" artType="Portaria" pubDate="01/12/2017" artClass="00037:00025:00000:00000:00000:00000:00000:00000:00000:00000:00025:00001" artSection="Poder Judiciário" artCategory="Tribunal Regional Eleitoral do Pará" artSize="8" artNotes="" numberPage="73" pdfPage="http://pesquisa.in.gov.br/imprensa/jsp/visualiza/index.jsp?data=01/12/2017&amp;jornal=529&amp;pagina=73" editionNumber="230">
  <body>
    <Identifica><![CDATA[Portaria Nº 17.444, de 24 de novembro de 2017]]></Identifica>
    <Data><![CDATA[]]></Data>
    <Ementa />
    <Titulo />
    <SubTitulo />
    <Texto><![CDATA[<p> O  PRESIDENTE DO TRIBUNAL REGIONAL ELEITORAL DO PARÁ, no uso de suas atribuições legais e regimentais, e à vista do contido no Processo Administrativo Eletrônico nº 0012562-68.2017.6.14.8078, resolve:</p><p>Art. 1º DESIGNAR a servidora MARLENE VASCONCELOS DA SILVA, Técnico Judiciário da Área Administrativa do Quadro de Pessoal Permanente deste Tribunal, para exercer a Função Comissionada de Assistente I, nível FC-1, da 78ª Zona Eleitoral, com sede no município de Marituba, com fulcro na Lei nº 13.150/2015, § 1º, do art. 4º, da Resolução TSE nº 23.448/2015 e art. 12 da Resolução TRE/PA nº 5.413/2017.</p><p>Art. 2º Esta portaria entra em vigor na data de sua publicação.</p>]]></Texto>
    <Autores>
      <assina>ROBERTO GONÇALVES DE MOURA</assina>
      <cargo>Em exercício</cargo>
    </Autores>
  </body>
</article></xml>