<xml><article id="643232" name="Portaria apos Guilhermina" idOficio="4587708" pubName="DO2" artType="Portaria" pubDate="01/12/2017" artClass="00017:00021:00020:00000:00000:00000:00000:00000:00000:00000:00025:00001" artSection="Ministério da Saúde" artCategory="Fundação Nacional de Saúde" artSize="8" artNotes="" numberPage="45" pdfPage="http://pesquisa.in.gov.br/imprensa/jsp/visualiza/index.jsp?data=01/12/2017&amp;jornal=529&amp;pagina=45" editionNumber="230">
  <body>
    <Identifica><![CDATA[PORTARIA Nº 181, de 27 DE NOVEMBRO DE 2017]]></Identifica>
    <Data><![CDATA[]]></Data>
    <Ementa />
    <Titulo />
    <SubTitulo />
    <Texto><![CDATA[<p>                A Superintendente Estadual Substituta da Fundação Nacional de Saúde no Estado do Amapá, designada pela Portaria nº 930, de 29.06.2017,  publicada no DOU de 30 de junho de 2017 e, no uso das atribuições que lhe confere o art. 13 do Estatuto aprovado pelo Decreto nº 8.867, de 03 de outubro de 2016, publicado no DOU de 04 subsequente e art. 83 do Regimento Interno da Funasa aprovado pela Portaria 270/GM/MS de 27/02/2014, publicado no DOU de 05 de março de 2014, e tendo em vista o que consta do Processo nº 25115.001.820/2017-17, resolve:</p><p>              Art.1º - Aposentar voluntariamente, com proventos integrais, a servidora GUILHERMINA MARIA LAY DE CARVALHO, médico, matrícula SIAPE nº 0479331, classe "S", padrão III, do quadro de pessoal da Fundação Nacional de Saúde, com fundamento no artigo 3º, incisos I, II, III e § único da Emenda Constitucional nº 47/2005. </p><p>              Art. 2º - Declarar vago o cargo referido no artigo 1º.</p><p>              Art. 3º - Esta Portaria entra em vigor na data de sua publicação.</p><p>  </p>]]></Texto>
    <Autores>
      <assina>ANA DALVA DE ANDRADE FERREIRA</assina>
    </Autores>
  </body>
</article></xml>