<xml><article id="645659" name="DIPAP__150936" idOficio="4588692" pubName="DO2" artType="Portaria" pubDate="01/12/2017" artClass="00011:00109:00001:00029:00000:00000:00000:00000:00000:00000:00025:00001" artSection="Ministério da Educação" artCategory="Universidade Federal do Ceará" artSize="8" artNotes="" numberPage="26" pdfPage="http://pesquisa.in.gov.br/imprensa/jsp/visualiza/index.jsp?data=01/12/2017&amp;jornal=529&amp;pagina=26" editionNumber="230">
  <body>
    <Identifica><![CDATA[PORTARIA Nº 5.183, DE 30 DE NOVEMBRO DE 2017]]></Identifica>
    <Data><![CDATA[]]></Data>
    <Ementa />
    <Titulo />
    <SubTitulo />
    <Texto><![CDATA[<p> A Pró-Reitora de Gestão de Pessoas da Universidade Federal do Ceará, no uso de suas atribuições legais, conferidas por meio da Portaria nº. 1831, de 12 de maio de 2017, do Magnífico Reitor, resolve:</p><p> Conceder aposentadoria voluntária por tempo de serviço, com paridade, nos termos do art. 40, da Constituição Federal de 1988, combinado com o art. 3º, da Emenda Constitucional nº 47, de 05.07.2005, publicada no DOU de 06.07.2005, a FRANCISCO HEINE FERREIRA MACHADO, matrícula SIAPE - 293376, SIAPECAD - 376059, CPF - 121.403.503-59, ocupante do cargo efetivo de Médico-Área, Nível de Classificação "E", Classe de Capacitação 2, Padrão de Vencimento 16, do quadro desta Universidade, em regime de 40 horas semanais, com proventos integrais, assegurando o percentual de 16% (dezesseis por cento) de gratificação adicional por tempo de serviço, e o Incentivo à Qualificação, amparado pela Lei N° 12.772/2012, de 28.12.2012, no percentual de 75% (setenta e cinco por cento) (Processo nº. 23067.023144/2017-11).</p>]]></Texto>
    <Autores>
      <assina>Marilene Feitosa Soares</assina>
    </Autores>
  </body>
</article></xml>