<xml><article id="643190" name="912" idOficio="4587695" pubName="DO2" artType="Portaria" pubDate="01/12/2017" artClass="00037:00003:00005:00001:00000:00000:00000:00000:00000:00000:00025:00004" artSection="Poder Judiciário" artCategory="Tribunal Superior Eleitoral" artSize="8" artNotes="" numberPage="70" pdfPage="http://pesquisa.in.gov.br/imprensa/jsp/visualiza/index.jsp?data=01/12/2017&amp;jornal=529&amp;pagina=70" editionNumber="230">
  <body>
    <Identifica><![CDATA[Portaria n 912, de 29 de novembro de 2017]]></Identifica>
    <Data><![CDATA[]]></Data>
    <Ementa />
    <Titulo />
    <SubTitulo />
    <Texto><![CDATA[<p> </p><p> O DIRETOR-GERAL DA SECRETARIA DO TRIBUNAL SUPERIOR ELEITORAL, com base no inciso XV do art. 116 do Regulamento Interno e no art. 4º da Portaria nº 204, de 26.09.2002, resolve:</p><p>Dispensar FERNANDA GONZALEZ PINTO COELHO da função comissionada de Assistente VI, Nível FC-6, do Gabinete do Ministro Napoleão Nunes Maia Filho.</p><p> </p>]]></Texto>
    <Autores>
      <assina>MAURICIO CALDAS DE MELO</assina>
    </Autores>
  </body>
</article></xml>