<xml><article id="643481" name="4475 - Maria Lima" idOficio="4587861" pubName="DO2" artType="Portaria" pubDate="01/12/2017" artClass="00031:00002:00658:04233:00000:00000:00000:00000:00000:00000:00025:0004" artSection="Ministério dos Transportes, Portos e Aviação Civil" artCategory="Secretaria Executiva" artSize="8" artNotes="" numberPage="61" pdfPage="http://pesquisa.in.gov.br/imprensa/jsp/visualiza/index.jsp?data=01/12/2017&amp;jornal=529&amp;pagina=61" editionNumber="230">
  <body>
    <Identifica><![CDATA[Portaria Nº 4.475, DE 23 DE novembro DE 2017]]></Identifica>
    <Data><![CDATA[]]></Data>
    <Ementa />
    <Titulo />
    <SubTitulo />
    <Texto><![CDATA[<p> O COORDENADOR-GERAL DE GESTÃO DE PESSOAS DO MINISTÉRIO DOS TRANSPORTES, PORTOS E AVIAÇÃO CIVIL, no uso das atribuições que lhe foram subdelegadas pela Portaria/SAAD nº. 202, art. 1°, inciso VII, de 08 de outubro de 2010, publicada no Diário Oficial da União, de 11 de outubro de 2010, resolve:</p><p>Conceder Pensão, nos termos do artigo 217, inciso III, e do artigo 222, inciso VII, alínea b, item 6 da Lei 8.112/1990, com as alterações feitas pela Lei nº 13.135/2015 e do artigo 40, § 7º da C.F. de 1988, com redação dada pela EC nº. 41/2003, bem como os artigos 2° e 15º da Lei nº. 10.887/2004, à MARIA LIMA MOTA, companheira do ex-servidor LUCAS OLIVEIRA ARAÚJO, matrícula SIAPE Nº. 0788971, do Quadro Permanente deste Ministério, falecido na inatividade em 29 de setembro de 2016, cuja cota parte equivale a 100% (cem por cento) do valor correspondente à remuneração decorrente do cargo de Auxiliar Operacional de Serviços Diversos (NI) Classe "A", Padrão V, com vigência a partir da Data da Publicação do Ato e efeitos financeiros a partir de 29 de setembro de 2016, data do óbito do ex-servidor. (Processo SEI nº 50000.129530/2016-82) PA.</p>]]></Texto>
    <Autores>
      <assina>ROBSON DE SOUZA ANDRADE</assina>
    </Autores>
  </body>
</article></xml>