<xml><article id="644621" name="2017-11-30/4588315/TCUWS_1035547" idOficio="4588315" pubName="DO2" artType="Portaria" pubDate="01/12/2017" artClass="00034:00008:00002:00000:00000:00000:00000:00000:00000:00000:00025:00002" artSection="Tribunal de Contas da União" artCategory="Secretaria-Geral de Administração" artSize="8" artNotes="" numberPage="68" pdfPage="http://pesquisa.in.gov.br/imprensa/jsp/visualiza/index.jsp?data=01/12/2017&amp;jornal=529&amp;pagina=68" editionNumber="230">
  <body>
    <Identifica><![CDATA[PORTARIA N 205, DE 30 DE NOVEMBRO DE 2017]]></Identifica>
    <Data><![CDATA[]]></Data>
    <Ementa />
    <Titulo />
    <SubTitulo />
    <Texto><![CDATA[<p> </p><p> O SECRETÁRIO DE GESTÃO DE PESSOAS DO TRIBUNAL DE CONTAS DA UNIÃO, no uso das atribuições que lhe confere o disposto no inciso II do art. 1° da Portaria n° 3, de 2 de janeiro de 2017, do Secretário-Geral de Administração deste Tribunal e tendo em vista o que consta da Portaria-SEGECEX nº 28, de 31 de outubro de 2017, resolve: </p><p>Art. 1º Designar FREDERICO MANUEL GUILHERME STRAUCH, Matrícula 4595-0, AUFC, para exercer, na Secretaria de Controle Externo da Administração Indireta no Rio de Janeiro/Segecex, a função de confiança de Especialista Sênior II, código FC-4 (Direção), no período compreendido entre a data de publicação desta Portaria e 31 de dezembro de 2017.</p><p>Art. 2º Esta Portaria entra em vigor na data de sua publicação.</p>]]></Texto>
    <Autores>
      <assina>FERNANDO LUIZ SOUZA DA EIRA</assina>
    </Autores>
  </body>
</article></xml>