<xml><article id="644282" name="PT88DIRSAT" idOficio="4588081" pubName="DO2" artType="Portaria" pubDate="01/12/2017" artClass="00022:00029:00234:00000:00000:00000:00000:00000:00000:00000:00025:00001" artSection="Ministério do Desenvolvimento Social" artCategory="Instituto Nacional do Seguro Social" artSize="8" artNotes="" numberPage="48" pdfPage="http://pesquisa.in.gov.br/imprensa/jsp/visualiza/index.jsp?data=01/12/2017&amp;jornal=529&amp;pagina=48" editionNumber="230">
  <body>
    <Identifica><![CDATA[PORTARIA N 88, DE 29 DE NOVEMBRO DE 2017]]></Identifica>
    <Data><![CDATA[]]></Data>
    <Ementa />
    <Titulo />
    <SubTitulo />
    <Texto><![CDATA[<p> </p><p> </p><p> A DIRETORA DE SAÚDE DO TRABALHADOR DO INSTITUTO NACIONAL DO SEGURO SOCIAL - INSS, no uso das atribuições que lhe confere o Decreto nº 9.104, de 24 de julho de 2017 e considerando o art. 170 do Regimento Interno, aprovado pela Portaria nº 414/MDS, de 28 de setembro de 2017 e a subdelegação de competência de que trata a Portaria 800/PRES/INSS, de 06 de setembro de 2011, resolve: </p><p>Art. 1º - Designar a servidora SIMONE GONÇALVES DONATO BARBOSA, matrícula nº 1.949.249, CPF nº 020.007.324-96, ocupante do cargo de Perito Médico Previdenciário, para a Função Gratificada de Chefe da Seção de Saúde do Trabalhador, código FG1, na Gerência Executiva Juazeiro/BA.</p><p>Art. 2º   -  Esta Portaria entra em vigor na data de sua publicação.</p><p> </p>]]></Texto>
    <Autores>
      <assina>KARINA BRAIDO SANTURBANO DE TEIVE E ARGOLO</assina>
    </Autores>
  </body>
</article></xml>