<xml><article id="645443" name="PORT643NOV17FALECIMENTONEISALUCI" idOficio="4588513" pubName="DO2" artType="Portaria" pubDate="01/12/2017" artClass="00010:00008:00024:06902:00000:00000:00000:00000:00000:00000:00025:00002" artSection="Ministério da Defesa" artCategory="Comando do Exército" artSize="8" artNotes="" numberPage="12" pdfPage="http://pesquisa.in.gov.br/imprensa/jsp/visualiza/index.jsp?data=01/12/2017&amp;jornal=529&amp;pagina=12" editionNumber="230">
  <body>
    <Identifica><![CDATA[Portaria n 643-DCIPAS/SPC, de 30 de novembro de 2017]]></Identifica>
    <Data><![CDATA[]]></Data>
    <Ementa />
    <Titulo />
    <SubTitulo />
    <Texto><![CDATA[<p>O DIRETOR DE CIVIS, INATIVOS, PENSIONISTAS E ASSISTÊNCIA SOCIAL, no uso da competência que lhe foi subdelegada pelo Chefe do Departamento-Geral do Pessoal, por meio da Portaria no 192-DGP, de 1o de outubro de 2015, com base no artigo 33, inciso IX, da Lei no 8.112, de 11 de dezembro de 1990, resolve</p><p>DECLARAR VAGO o cargo de Agente Administrativo, classe "S", padrão III - NI, do PGPE, ocupado pela Servidora NEISA LUCI DE ALMEIDA, matrícula SIAPE no 198020, lotada na 7a Circunscrição de Serviço Militar, em virtude de seu falecimento, ocorrido em 2 de agosto de 2017.</p>]]></Texto>
    <Autores>
      <assina>Cel.GÉDER TÁVORA SAID</assina>
      <cargo>Resp/pelo Diretor de Civis, Inativos, Pensionistas e Assistência Social</cargo>
    </Autores>
  </body>
</article></xml>