<xml><article id="643160" name="811-MOEMA MONTEIRO" idOficio="4587535" pubName="DO2" artType="Portaria" pubDate="01/12/2017" artClass="00037:00004:00001:00002:00000:00000:00000:00000:00000:00000:00025:00008" artSection="Poder Judiciário" artCategory="Superior Tribunal de Justiça" artSize="8" artNotes="" numberPage="71" pdfPage="http://pesquisa.in.gov.br/imprensa/jsp/visualiza/index.jsp?data=01/12/2017&amp;jornal=529&amp;pagina=71" editionNumber="230">
  <body>
    <Identifica><![CDATA[PORTARIA N 811, DE 29 DE NOVEMBRO DE 2017]]></Identifica>
    <Data><![CDATA[]]></Data>
    <Ementa />
    <Titulo />
    <SubTitulo />
    <Texto><![CDATA[<p> </p><p> A DIRETORA-GERAL DA SECRETARIA DO SUPERIOR TRIBUNAL DE JUSTIÇA, com base no item 16.2, XI, b, do Manual de Organização e no disposto no art. 35, II, da Lei n. 8.112, de 11 de dezembro de 1990, resolve:</p><p>Art. 1º Dispensar, a pedido, com efeitos a partir de 1º de dezembro de 2017, MOEMA MONTEIRO COELHO PÓVOAS, matrícula S036174, da função de confiança de Assistente II, código FC-2, do Gabinete do Ministro Joel Ilan Paciornik.</p><p>Art. 2º Esta portaria entra em vigor na data de sua publicação.</p>]]></Texto>
    <Autores>
      <assina>Sulamita Avelino Cardoso Marques</assina>
    </Autores>
  </body>
</article></xml>