<xml><article id="658203" name="EXTRATO DOU PORTARIA 302-2017 - " idOficio="4587774" pubName="DO2" artType="Portaria" pubDate="05/12/2017" artClass="00038:00183:00000:00000:00000:00000:00000:00000:00000:00000:00025:00014" artSection="Entidades de Fiscalização do Exercício das Profissões Liberais" artCategory="Conselho Regional de Educação Física da 12ª Região" artSize="8" artNotes="" numberPage="56" pdfPage="http://pesquisa.in.gov.br/imprensa/jsp/visualiza/index.jsp?data=05/12/2017&amp;jornal=529&amp;pagina=56" editionNumber="232">
  <body>
    <Identifica><![CDATA[PORTARIA Nº 302, de 28 DE NOVEMBRO DE 2017]]></Identifica>
    <Data><![CDATA[]]></Data>
    <Ementa />
    <Titulo />
    <SubTitulo />
    <Texto><![CDATA[<p> A Presidente, no uso de suas atribuições que são conferidas pela Lei 9.696/1998, e por seu Estatuto, resolve: </p><p>Art. 1º - Exonerar, por este ato, do cargo de Agente de Fiscalização, Alexsandro Arruda Vieira, portador do RG n° 7.754.367 SDS/PE e inscrito no CPF sob o n° 074.919.444-85, a partir de 27 de setembro de 2017. Art.2º - A presente Portaria retroage seus efeitos a partir de 27 de setembro de 2017. Art.3° - Revogam-se as disposições em contrário</p>]]></Texto>
    <Autores>
      <assina>Nadja Regueira Harrop</assina>
    </Autores>
  </body>
</article></xml>