<xml><article id="645053" name="10615" idOficio="4588496" pubName="DO2" artType="Portaria" pubDate="01/12/2017" artClass="00011:00130:00001:00017:00000:00000:00000:00000:00000:00000:00025:00002" artSection="Ministério da Educação" artCategory="Universidade Federal do Rio de Janeiro" artSize="8" artNotes="" numberPage="30" pdfPage="http://pesquisa.in.gov.br/imprensa/jsp/visualiza/index.jsp?data=01/12/2017&amp;jornal=529&amp;pagina=30" editionNumber="230">
  <body>
    <Identifica><![CDATA[PORTARIA Nº 10.615, DE 30 DE novembro DE 2017]]></Identifica>
    <Data><![CDATA[]]></Data>
    <Ementa />
    <Titulo />
    <SubTitulo />
    <Texto><![CDATA[<p> O Pró-Reitor de Pessoal, no uso da competência delegada pelo Reitor da Universidade Federal do Rio de Janeiro, através da Portaria nº 956 de 10 de fevereiro de 2017, publicada no Diário Oficial da União de 13 de fevereiro de 2017, resolve:</p><p>Nomear, nos termos do artigo 9º, inciso I, da Lei 8.112, de 11 de dezembro de 1990, o candidato PRISCILLA PASSARELLI TOSTES, habilitado em Concurso Público homologado pela Portaria nº 498, de 16 de agosto de 2017 - DOU 159, de 18 de agosto de 2017, para o cargo de Enfermeiro - Geral, do Quadro Único de Pessoal desta IFE, no regime de 40 horas semanais de trabalho na vaga 291708, conforme processo 23079.057094/17-37.</p><p>A posse do(a) nomeado(a) dar-se-á no prazo de 30 (trinta) dias contados da publicação desta no DOU. </p><p> </p>]]></Texto>
    <Autores>
      <assina>AGNALDO FERNANDES</assina>
    </Autores>
  </body>
</article></xml>