<xml><article id="645973" name="2017-11-30/4588180/TCUWS_1035533" idOficio="4588180" pubName="DO2" artType="Portaria" pubDate="01/12/2017" artClass="00034:00001:00000:00000:00000:00000:00000:00000:00000:00000:00025:00008" artSection="Tribunal de Contas da União" artCategory="Gabinete do Presidente" artSize="8" artNotes="" numberPage="68" pdfPage="http://pesquisa.in.gov.br/imprensa/jsp/visualiza/index.jsp?data=01/12/2017&amp;jornal=529&amp;pagina=68" editionNumber="230">
  <body>
    <Identifica><![CDATA[PORTARIA N 527, DE 30 DE NOVEMBRO DE 2017]]></Identifica>
    <Data><![CDATA[]]></Data>
    <Ementa />
    <Titulo />
    <SubTitulo />
    <Texto><![CDATA[<p> O PRESIDENTE DO TRIBUNAL DE CONTAS DA UNIÃO, no uso das atribuições que lhe confere o disposto no art. 28, inciso XXXIII, do Regimento Interno do TCU, e tendo em vista as informações constantes do processo TC 032.855/2017-6, resolve: </p><p>Art. 1º Designar o Auditor Federal de Controle Externo (Área Controle Externo) PEDRO JOSÉ SUFFREDINI, Matrícula 5056-3, para exercer, na Secretaria de Controle Externo no Estado da Bahia, a função de confiança de Secretário, Código FC-5, ficando, em consequência, dispensado da função de confiança de Diretor, código FC-4, exercida na mesma Secretaria.</p><p>Art. 2º Esta Portaria entra em vigor na data de sua publicação.</p>]]></Texto>
    <Autores>
      <assina>RAIMUNDO CARREIRO</assina>
    </Autores>
  </body>
</article></xml>