<xml><article id="643202" name="Portaria nº 1720 de 29 de novemb" idOficio="4587696" pubName="DO2" artType="Portaria" pubDate="01/12/2017" artClass="00011:00063:00001:00000:00000:00000:00000:00000:00000:00000:00025:00002" artSection="Ministério da Educação" artCategory="Instituto Federal de Educação, Ciência e Tecnologia Fluminense" artSize="8" artNotes="" numberPage="20" pdfPage="http://pesquisa.in.gov.br/imprensa/jsp/visualiza/index.jsp?data=01/12/2017&amp;jornal=529&amp;pagina=20" editionNumber="230">
  <body>
    <Identifica><![CDATA[PORTARIA N 1.720, DE 29 DE NOVEMBRO DE 2017]]></Identifica>
    <Data><![CDATA[]]></Data>
    <Ementa />
    <Titulo />
    <SubTitulo />
    <Texto><![CDATA[<p> O REITOR SUBSTITUTO DO INSTITUTO FEDERAL DE EDUCAÇÃO, CIÊNCIA E TECNOLOGIA FLUMINENSE - IFFLUMINENSE, no uso das atribuições legais conferidas pela Portaria N.º 1092, de 14 de agosto de 2017, publicada no D.O.U. de 31 de agosto de 2017, seção 2, página 25, resolve:</p><p>Art. 1.º Conceder APOSENTADORIA VOLUNTÁRIA COM PROVENTOS INTEGRAIS, de acordo o Artigo 6.º da Emenda Constitucional N.º 41 de 19/12/2003, publicada no D.O.U. de 31/12/2003 e com o artigo 2.º da Emenda Constitucional N.º 47 de 05/07/05, publicada no D.O.U. de 06/07/05, combinado com o Artigo 186, inciso III, alínea "b" da Lei 8.112/90 e do § 5.º do Artigo 40 da Constituição Federal com redação dada pela Emenda Constitucional N.º 41/2003, à servidora MARGARIDA MARIA MUSSA TAVARES GOMES, Matrícula SIAPE 268925, ocupante do cargo de Professor do Ensino Básico, Técnico e Tecnológico, Classe Titular (D V, Nível 1), no regime de trabalho de Dedicação Exclusiva, código de vaga N.º 207052, do Quadro Permanente deste Instituto, assegurando-se as seguintes incorporações: 17% (dezessete por cento) a título de Adicional por Tempo de Serviço, a VPNI do art. 62-A da Lei 8.112/90 correspondente a 2/10 de FG-04 e a Retribuição por Titulação - RT, correspondente à Titulação de Doutorado, instituída pela Lei 11.784 de 22/09/2008, publicada no D.O.U. de 23/09/2008, alterada pela Lei 12.772, de 28/12/2012, publicada no D.O.U. de 31/12/2012, tendo em vista o que consta no Processo N.º 23317.004102.2017-92.</p><p>Art. 2.º Declarar vago o respectivo cargo.</p><p>Art. 3.º Esta portaria entra em vigor na data de sua publicação no Diário Oficial da União.</p>]]></Texto>
    <Autores>
      <assina>JOSÉ LUIZ SANGUEDO BOYNARD</assina>
    </Autores>
  </body>
</article></xml>