<xml><article id="643802" name="PORTARIA 6023 1HI2 29112017" idOficio="4587987" pubName="DO2" artType="Portaria" pubDate="01/12/2017" artClass="00010:00006:00005:00046:00000:00000:00000:00000:00000:00000:00025:00001" artSection="Ministério da Defesa" artCategory="Comando da Aeronáutica" artSize="8" artNotes="" numberPage="7" pdfPage="http://pesquisa.in.gov.br/imprensa/jsp/visualiza/index.jsp?data=01/12/2017&amp;jornal=529&amp;pagina=7" editionNumber="230">
  <body>
    <Identifica><![CDATA[PORTARIA DIRAP N 6.023/1HI2, DE 29 DE NOVEMBRO DE 2017]]></Identifica>
    <Data><![CDATA[]]></Data>
    <Ementa />
    <Titulo />
    <SubTitulo />
    <Texto><![CDATA[<p> </p><p>O DIRETOR DE ADMINISTRAÇÃO DO PESSOAL,no uso da subdelegação de competência estabelecida no art. 4º, inciso II, da Portaria COMGEP nº 1.395/DLE, de 08 de julho de 2016, e considerando o Processo nº 67564.017209/2017-54, resolve:</p><p> Conceder transferência para a reserva remunerada ao Ten Cel Esp Av SERGIO CARLOS ESTEVES KUBRAK (Nr Ord 1590294), do efetivo do Parque de Material Aeronáutico dos Afonsos, de acordo com o art. 96, inciso I, e art. 97, ambos da Lei nº 6.880, de 9 de dezembro de 1980, com a remuneração a que faz jus, observando o art. 50, inciso II, da mencionada Lei, alterado pelo art. 28 da Medida Provisória n° 2.215-10, de 31 de agosto de 2001, regulamentada pelo Decreto n° 4.307, de 18 de julho de 2002.  </p><p> </p>]]></Texto>
    <Autores>
      <assina>Maj Brig Ar LEONIDAS DE ARAÚJO MEDEIROS JÚNIOR</assina>
    </Autores>
  </body>
</article></xml>