<xml><article id="643952" name="Port2403-DPMM" idOficio="4588018" pubName="DO2" artType="Portaria" pubDate="01/12/2017" artClass="00010:00007:00014:00006:00000:00000:00000:00000:00000:00000:00025:0002" artSection="Ministério da Defesa" artCategory="Comando da Marinha" artSize="8" artNotes="" numberPage="9" pdfPage="http://pesquisa.in.gov.br/imprensa/jsp/visualiza/index.jsp?data=01/12/2017&amp;jornal=529&amp;pagina=9" editionNumber="230">
  <body>
    <Identifica><![CDATA[PORTARIA Nº 2.403/DPMM, DE 27 DE NOVEMBRO DE 2017]]></Identifica>
    <Data><![CDATA[]]></Data>
    <Ementa />
    <Titulo />
    <SubTitulo />
    <Texto><![CDATA[<p> O DIRETOR DO PESSOAL MILITAR DA MARINHA, no uso da atribuição que lhe confere o disposto no inciso I do art. 19 do Decreto nº 4.034, de 26 de novembro de 2001 - Regulamento de Promoções de Praças da Marinha (RPPM), combinado com o art. 60 da Lei nº 6.880, de 9 de dezembro de 1980 (Estatuto dos Militares), resolve:</p><p>Art. 1º Promover Post Mortem à graduação de Suboficial, o 1ºSG-MR 96.0079.15 FRANCISCO RIBEIRO CELEDONIO, a partir de 17 de abril de 2017, por falecimento considerado como acidente em serviço, de acordo com o art. 1º da Lei nº 5.195, de 24 de dezembro de 1966, combinado com o previsto no art. 1º, alínea b, do Decreto nº 57.272, de 16 de novembro de 1965, ficando assegurada aos seus beneficiários a pensão militar correspondente à graduação de Suboficial a partir da data do seu falecimento, nos termos dos arts. 15 e 21 da Lei nº 3.765, de 4 de maio de 1960.</p><p>Art. 2º Esta Portaria entra em vigor na presente data.</p>]]></Texto>
    <Autores>
      <assina>V Alte ANTONIO REGINALDO PONTES LIMA JUNIOR</assina>
    </Autores>
  </body>
</article></xml>