<xml><article id="645143" name="Publicações 30 de novembro de 20" idOficio="4588529" pubName="DO2" artType="Portaria" pubDate="01/12/2017" artClass="00011:00077:00014:00004:00000:00000:00000:00000:00000:00000:00025:00001" artSection="Ministério da Educação" artCategory="Instituto Federal de Educação, Ciência e Tecnologia do Rio Grande do Sul" artSize="8" artNotes="" numberPage="24" pdfPage="http://pesquisa.in.gov.br/imprensa/jsp/visualiza/index.jsp?data=01/12/2017&amp;jornal=529&amp;pagina=24" editionNumber="230">
  <body>
    <Identifica><![CDATA[PORTARIAS DE 30 DE NOVEMBRO DE 2017]]></Identifica>
    <Data><![CDATA[]]></Data>
    <Ementa />
    <Titulo />
    <SubTitulo />
    <Texto><![CDATA[<p> O DIRETOR-GERAL DO INSTITUTO FEDERAL DE EDUCAÇÃO, CIÊNCIA E TECNOLOGIA DO RIO GRANDE DO SUL - CAMPUS SERTÃO, no uso de suas atribuições legais e considerando a Lei n° 11.892, de 29 de dezembro de 2008, publicada no DOU de 30 subsequente, e Resolução do IFRS n° 07, de 20 de agosto de 2009, publicada no DOU de 24 subsequente, RESOLVE:</p><p>Nº 522 - DISPENSAR o servidor NEIVO ANTONIO KIRCHOFF, Servente de Obras, Matrícula SIAPE n° 1105086, da função gratificada da Coordenadoria de Infraestrutura, código FG-01, deste Campus.</p><p>Nº 523 - DESIGNAR o servidor Luiz Carlos de Oliveira, Marceneiro, Matrícula SIAPE n° 1104474, para a função gratificada da Coordenadoria de Infraestrutura, código FG-01, deste Campus.</p>]]></Texto>
    <Autores>
      <assina>Odair José Spenthof</assina>
    </Autores>
  </body>
</article></xml>