<xml><article id="644654" name="PT 84 SOGP TERESINA" idOficio="4588312" pubName="DO2" artType="Portaria" pubDate="01/12/2017" artClass="00022:00029:00237:00034:00038:00000:00000:00000:00000:00000:00025:00004" artSection="Ministério do Desenvolvimento Social" artCategory="Instituto Nacional do Seguro Social" artSize="8" artNotes="" numberPage="49" pdfPage="http://pesquisa.in.gov.br/imprensa/jsp/visualiza/index.jsp?data=01/12/2017&amp;jornal=529&amp;pagina=49" editionNumber="230">
  <body>
    <Identifica><![CDATA[PORTARIA N 84, DE 30 DE NOVEMBRO DE 2017]]></Identifica>
    <Data><![CDATA[]]></Data>
    <Ementa />
    <Titulo />
    <SubTitulo />
    <Texto><![CDATA[<p> </p><p> </p><p> A CHEFE DA SEÇÃO OPRACIONAL DA GESTÃO DE PESSOAS, DO INSTITUTO NACIONAL DO SEGURO SOCIAL, SUBSTITUTA, no Estado do Piauí, no uso das atribuições que lhe são conferidas pelo art. 235, inciso III, alínea a, do Regimento Interno do INSS, aprovado pela Portaria nº 414 emitida pelo Ministério do Desenvolvimento Social, de 28 de setembro de 2017, DOU Edição Extra nº 188-A, de 29 de setembro de 2017, que aprova o Regimento Interno do INSS, resolve: </p><p>Conceder Pensão Vitalícia a  MARIA DE JESUS MELO CASTELO BRANCO, na qualidade de cônjuge, cota parte correspondente a 100% (cem por cento) dos proventos do instituidor, com fundamento no art. 40, § 7º, I, cuja redação foi dada pela Emenda Constitucional nº 41, de 19 de dezembro de 2003, combinado com os art. 2º, I e 15 da Lei nº 10.887, de 18 de junho de 2004, e Arts. 215, 217, I e 222,  inciso VII alínea "b", item 6,  da Lei nº 8.112 de 1990, com redação dada pela Lei nº 13.135 de 2015, beneficiária do ex-servidor ANTONIO DE MELO CASTELO BRANCO, matrícula nº 0905174, Técnico do Seguro Social, Classe S, Padrão NI-IV da Carreira do Seguro Social, do quadro de pessoal do INSS, a contar de 10 de novembro de 2017, data do óbito do ex-servidor, (Processo nº 35226.002607/2017-11).</p>]]></Texto>
    <Autores>
      <assina>MARIA DE FATIMA DA SILVA MAGALHÃES</assina>
    </Autores>
  </body>
</article></xml>