<xml><article id="644099" name="PT36BARBACENA" idOficio="4588067" pubName="DO2" artType="Portaria" pubDate="01/12/2017" artClass="00022:00029:00240:00008:00019:00000:00000:00000:00000:00000:00025:00001" artSection="Ministério do Desenvolvimento Social" artCategory="Instituto Nacional do Seguro Social" artSize="8" artNotes="" numberPage="50" pdfPage="http://pesquisa.in.gov.br/imprensa/jsp/visualiza/index.jsp?data=01/12/2017&amp;jornal=529&amp;pagina=50" editionNumber="230">
  <body>
    <Identifica><![CDATA[PORTARIA N 36, DE 30 DE NOVEMBRO DE 2017]]></Identifica>
    <Data><![CDATA[]]></Data>
    <Ementa />
    <Titulo />
    <SubTitulo />
    <Texto><![CDATA[<p>  </p><p> </p><p> O Chefe da Seção Operacional da Gestão de Pessoas da Gerência Executiva do INSS em Barbacena/MG, no uso de suas atribuições conferidas pelo art. 171, inciso III, alínea "b" do Regimento Interno do INSS, aprovado pela PT/MPS Nº 296, de 09/11/2009, publicada no DOU Nº 214 de 10/11/2009, resolve: </p><p>  Conceder aposentadoria voluntária ao servidor MILTON RODRIGUES LIMA, matrícula SIAPE 0892637, ocupante do cargo de Técnico do Seguro Social, classe S, padrão IV, do quadro de pessoal do Instituto Nacional do Seguro Social, com fundamento no artigo 3º, incisos I, II, III e parágrafo único da Emenda Constitucional nº 47/2005, com proventos integrais, acrescido das demais vantagens a que faz jus, tendo em vista o que consta do processo de aposentadoria Nº 37015.010614/2017-05, declarando vago o referido cargo.</p><p> </p>]]></Texto>
    <Autores>
      <assina>GERALDO ROBERTO DE SOUZA LIMA</assina>
    </Autores>
  </body>
</article></xml>