<xml><article id="658215" name="PORTARIA 297-EXONERAÇÃO RUTH" idOficio="4587774" pubName="DO2" artType="Portaria" pubDate="05/12/2017" artClass="00038:00183:00000:00000:00000:00000:00000:00000:00000:00000:00025:00010" artSection="Entidades de Fiscalização do Exercício das Profissões Liberais" artCategory="Conselho Regional de Educação Física da 12ª Região" artSize="8" artNotes="" numberPage="55" pdfPage="http://pesquisa.in.gov.br/imprensa/jsp/visualiza/index.jsp?data=05/12/2017&amp;jornal=529&amp;pagina=55" editionNumber="232">
  <body>
    <Identifica><![CDATA[PORTARIA Nº 297, de 18 DE JULHO DE 2017]]></Identifica>
    <Data><![CDATA[]]></Data>
    <Ementa />
    <Titulo />
    <SubTitulo />
    <Texto><![CDATA[<p> A Presidente, no uso de suas atribuições que são conferidas pela Lei 9.696/1998, e por seu Estatuto, resolve:</p><p> Exonerar a pedido, por este ato, do cargo de Auxiliar Administrativo, Ruth da Silva Pereira, portadora do RG n° 8.278.914 SDS/PE e inscrita no CPF sob o n° 089.002.424-31, a partir de 18 de julho de 2017.A presente Portaria retroage seus efeitos a partir de 18 de julho de 2017.</p>]]></Texto>
    <Autores>
      <assina>Nadja Regueira Harrop</assina>
    </Autores>
  </body>
</article></xml>