<xml><article id="644798" name="2083.FABIOLA-17" idOficio="4588385" pubName="DO2" artType="Portaria" pubDate="01/12/2017" artClass="00033:00008:00001:00004:00000:00000:00000:00000:00000:00000:00025:00005" artSection="Ministério Público da União" artCategory="Ministério Público do Trabalho" artSize="8" artNotes="" numberPage="67" pdfPage="http://pesquisa.in.gov.br/imprensa/jsp/visualiza/index.jsp?data=01/12/2017&amp;jornal=529&amp;pagina=67" editionNumber="230">
  <body>
    <Identifica><![CDATA[PORTARIA Nº 2.083, DE 29 DE NOVEMBRO DE 2017]]></Identifica>
    <Data><![CDATA[]]></Data>
    <Ementa />
    <Titulo />
    <SubTitulo />
    <Texto><![CDATA[<p> A DIRETORA-GERAL ADJUNTA DO MINISTÉRIO PÚBLICO DO TRABALHO, no uso da competência que lhe foi delegada pela Portaria DG-MPT nº 86, de 30 de março de 2016, e o que consta no PGEA/MPT nº 02777.2017.15.900/2, resolve:</p><p>Art. 1º Nomear a servidora FABIOLA BASSET FIGUEIREDO, matrícula 6003171-9, ocupante do cargo de Analista do MPU/Apoio Técnico Especializado/Gestão Pública, para o cargo em comissão de Assessora Jurídica do 10º Ofício Geral da Procuradoria Regional do Trabalho da 15ª Região/Campinas, código CC-4, criado pela Lei 12.321/2010.</p>]]></Texto>
    <Autores>
      <assina>SANDRA CRISTINA DE ARAÚJO</assina>
    </Autores>
  </body>
</article></xml>