<xml><article id="645182" name="PORTARIA Nº399-2017 - DG, DE 29 " idOficio="4588546" pubName="DO2" artType="Portaria" pubDate="01/12/2017" artClass="00015:00033:00000:00000:00000:00000:00000:00000:00000:00000:00025:00001" artSection="Ministério da Justiça e Segurança Pública" artCategory="Departamento de Polícia Rodoviária Federal" artSize="8" artNotes="" numberPage="40" pdfPage="http://pesquisa.in.gov.br/imprensa/jsp/visualiza/index.jsp?data=01/12/2017&amp;jornal=529&amp;pagina=40" editionNumber="230">
  <body>
    <Identifica><![CDATA[PORTARIA Nº 399, DE 29 DE NOVEMBRO DE 2017]]></Identifica>
    <Data><![CDATA[]]></Data>
    <Ementa />
    <Titulo />
    <SubTitulo />
    <Texto><![CDATA[<p> </p><p> </p><p> O DIRETOR-GERAL DA POLÍCIA RODOVIÁRIA FEDERAL, no uso das atribuições que lhe confere o Art. 101, inciso VII, do Regimento Interno da Polícia Rodoviária Federal, instituído pela Portaria nº 1.375, de 2 de agosto de 2007, do Senhor Ministro de Estado de Justiça, publicada no Diário Oficial da União de 6 de agosto de 2007;</p><p>CONSIDERANDO a decisão judicial proferida nos autos da Ação Ordinária nº 0002620-50.2013.4.02.5104 - 03ª Vara Federal da Subseção Judiciária de Volta Redonda/RJ que declarou nulo o ato que eliminou a candidata Daffiny Souza Estevam do certame regido pelo Edital nº 01/2013-PRF; e</p><p>CONSIDERANDO que a referida candidata foi nomeada de forma precária por meio da Portaria nº 264, de 11 de julho de 2016, do Diretor-Geral da Polícia Rodoviária Federal, publicada no DOU nº 134, de 14 de julho de 2016, Seção 2, página 39 em atenção à sentença mandamental e que a Ação Ordinária acima transitou em julgado no dia 06 de outubro de 2017, resolve:</p><p>Art. 1º  Tornar definitiva a nomeação da servidora DAFFINY SOUZA ESTEVAM, a partir do dia 06 de outubro de 2017, data do trânsito em julgado da Ação Ordinária nº 0002620-50.2013.4.02.5104 - 03ª Vara Federal da Subseção Judiciária de Volta Redonda/RJ.</p><p>Art. 2º  Esta Portaria entra em vigor na data de sua publicação com efeitos a partir de 06 de outubro de 2017.</p>]]></Texto>
    <Autores>
      <assina>RENATO ANTÔNIO BORGES DIAS</assina>
    </Autores>
  </body>
</article></xml>