<xml><article id="644111" name="PT59CANOAS" idOficio="4588067" pubName="DO2" artType="Portaria" pubDate="01/12/2017" artClass="00022:00029:00241:00008:00003:00000:00000:00000:00000:00000:00025:00002" artSection="Ministério do Desenvolvimento Social" artCategory="Instituto Nacional do Seguro Social" artSize="8" artNotes="" numberPage="51" pdfPage="http://pesquisa.in.gov.br/imprensa/jsp/visualiza/index.jsp?data=01/12/2017&amp;jornal=529&amp;pagina=51" editionNumber="230">
  <body>
    <Identifica><![CDATA[PORTARIA N 59, DE 30 DE NOVEMBRO DE 2017]]></Identifica>
    <Data><![CDATA[]]></Data>
    <Ementa />
    <Titulo />
    <SubTitulo />
    <Texto><![CDATA[<p> </p><p> </p><p> O Chefe SUBSTITUTO da Seção OPERACIONAL DA GESTÃO DE PESSOAS  da Gerência Executiva do INSS em Canoas no Rio Grande do Sul, no uso das atribuições estabelecidas pelo artigo 171 do Regimento Interno do INSS, aprovado pela PT/MPS Nº 296, de 09/11/2009, publicada no DOU nº 214 de 10/11/2009, e tendo em vista o que consta do processo nº 35247.000323/2017-41; resolve:</p><p>1.º- Conceder aposentadoria voluntária à servidora MARIA ANETE FRAPORTI RIBEIRO, matrícula SIAPE 0927746, ocupante do cargo de Técnico do Seguro Social, classe S,  padrão IV, do quadro de pessoal do Instituto Nacional do Seguro Social, com fundamento no Art. 3.º da  Emenda Constitucional N.º 47/2005, com proventos integrais, acrescido das demais vantagens a que faz jus e gratificação de desempenho calculada na forma da lei.</p><p>2.º-  Declarar vago o referido cargo. </p>]]></Texto>
    <Autores>
      <assina>EVERSON WALCZAK</assina>
    </Autores>
  </body>
</article></xml>