<xml><article id="644882" name="PT 44 A 46 SANTA MARIA" idOficio="4588417" pubName="DO2" artType="Portaria" pubDate="01/12/2017" artClass="00022:00029:00241:00021:00000:00000:00000:00000:00000:00000:00025:00001" artSection="Ministério do Desenvolvimento Social" artCategory="Instituto Nacional do Seguro Social" artSize="8" artNotes="" numberPage="51" pdfPage="http://pesquisa.in.gov.br/imprensa/jsp/visualiza/index.jsp?data=01/12/2017&amp;jornal=529&amp;pagina=51" editionNumber="230">
  <body>
    <Identifica><![CDATA[PORTARIA DE 30 DE NOVEMBRO DE 2017]]></Identifica>
    <Data><![CDATA[]]></Data>
    <Ementa />
    <Titulo />
    <SubTitulo />
    <Texto><![CDATA[<p> </p><p> </p><p> O GERENTE-EXECUTIVO DO INSTITUTO NACIONAL DO SEGURO SOCIAL - INSS SANTA MARIA, no uso de suas atribuições que lhe foram conferidas pelo DECRETO 9104/2017 , que aprovou a Estrutura Regimental do INSTITUTO NACIONAL DO SEGURO SOCIAL-INSS e pelo Artigo nº 230 do Regimento Interno do INSS pela Portaria nº 800/INSS/PRES/2011, e tendo em vista a nomeação por meio da Portaria do Ministério do Desenvolvimento Social, nº 634, de 05 de junho de 2017, publicada no Diário Oficial da União, edição nº 106, de 05/06/2017, resolve:</p><p>N 44 - DISPENSAR a servidora DAMIANA MORO DE MATTOS, matrícula SIAPE 1960444 , CPF 00527269085 , da Função Comissionada de Chefe da Seção de Atendimento da Gerência-Executiva do INSS em Santa Maria.</p><p>N 45 - DISPENSAR a servidora LISA BONATO GOMES, matrícula SIAPE 1706274 , CPF 00413455092 , da Função de Responsável Técnica da Reabilitação Profissional (FCT 0014) da Gerência-Executiva do INSS de Santa Maria.</p><p>N 46 - NOMEAR o servidor ADELAR VICENTE RODRIGUES ESBOCAR, matricula SIAPE 1098625 , CPF 46952691049 como Chefe da Seção de Atendimento (FGR 1) da Gerência-Executiva do INSS em Santa Maria.</p>]]></Texto>
    <Autores>
      <assina>RODRIGO SCHNEIDERS BRASILENSE DA SILVA</assina>
    </Autores>
  </body>
</article></xml>