<xml><article id="644876" name="PORTARIAAPOSENTADORIAEDSONRIBEIR" idOficio="4588416" pubName="DO2" artType="Portaria" pubDate="01/12/2017" artClass="00007:00003:00072:00000:00000:00000:00000:00000:00000:00000:00025:00001" artSection="Ministério da Agricultura, Pecuária e Abastecimento" artCategory="Secretaria Executiva" artSize="8" artNotes="" numberPage="4" pdfPage="http://pesquisa.in.gov.br/imprensa/jsp/visualiza/index.jsp?data=01/12/2017&amp;jornal=529&amp;pagina=4" editionNumber="230">
  <body>
    <Identifica><![CDATA[PORTARIA N 395, DE 28 DE NOVEMBRO DE 2017]]></Identifica>
    <Data><![CDATA[]]></Data>
    <Ementa />
    <Titulo />
    <SubTitulo />
    <Texto><![CDATA[<p> SUPERINTENDENTE FEDERAL DE AGRICULTURA NO ESTADO DO RIO DE JANEIRO, no uso da competência que lhe confere o inciso XVIII, artigo 44 do Regimento Interno, das SFAS, aprovado pela Portaria Ministerial nº 428, de 09 de junho de 2010, publicada no DOU de 14 de junho de 2010, resolve:</p><p>Artigo 1º - Conceder aposentadoria voluntária ao servidor EDSON RIBEIRO AMORIM, matrícula SIAPE n.º 17908, ocupante do cargo de Auditor Fiscal Federal Agropecuário, Código 409001, Nível Superior, classe S, padrão IV, do Quadro de Pessoal deste Ministério da Agricultura, Pecuária e Abastecimento, com proventos integrais, com fundamento no artigo 3º da Emenda Constitucional n.º 47, 06/07/2005. (Processo (SEI) nº 21044.000601/2017-32). </p><p> Artigo 2º - Esta Portaria entra em vigor na data de sua publicação</p>]]></Texto>
    <Autores>
      <assina>JOSE ESSIOMAR GOMES DA SILVA</assina>
    </Autores>
  </body>
</article></xml>