<xml><article id="645092" name="PT32ARACAJU" idOficio="4588490" pubName="DO2" artType="Portaria" pubDate="01/12/2017" artClass="00022:00029:00237:00011:00026:00000:00000:00000:00000:00000:00025:00001" artSection="Ministério do Desenvolvimento Social" artCategory="Instituto Nacional do Seguro Social" artSize="8" artNotes="" numberPage="48" pdfPage="http://pesquisa.in.gov.br/imprensa/jsp/visualiza/index.jsp?data=01/12/2017&amp;jornal=529&amp;pagina=48" editionNumber="230">
  <body>
    <Identifica><![CDATA[PORTARIA N 32, de 29 de novembro de 2017]]></Identifica>
    <Data><![CDATA[]]></Data>
    <Ementa />
    <Titulo />
    <SubTitulo />
    <Texto><![CDATA[<p> </p><p> </p><p> O CHEFE DA SEÇÃO OPERACIONAL DA GESTÃO DE PESSOAS, DA GERÊNCIA EXECUTIVA DO INSTITUTO NACIONAL DO SEGURO SOCIAL - INSS EM ARACAJU, no Estado de Sergipe, no uso das atribuições que lhe foram conferidas pelo artigo 171, inciso III, alínea "b" do Regimento Interno do INSS, aprovado pela Portaria nº 296 MPS/GM, de 09 de novembro de 2009, publicada no DOU nº 214, de 10 de novembro de 2009, e tendo em vista o que consta do processo nº 35448.000583/2017-51, resolve:</p><p>Conceder Aposentadoria Voluntária ao servidor OSMUNDO VIEIRA SANTOS SILVA, Matrícula SIAPE nº 0943453, ocupante do cargo de Técnico do Seguro Social, Classe "S", Padrão IV, do Quadro de Pessoal do Instituto Nacional do Seguro Social, com fundamento no artigo 3º,  da Emenda Constitucional nº 47/2005, com os proventos mensais integrais, acrescido das demais vantagens a que faz jus. 2. Em decorrência do ato,  declarar vago o referido cargo.</p>]]></Texto>
    <Autores>
      <assina>MONIQUE NOGUEIRA GALVÃO</assina>
    </Autores>
  </body>
</article></xml>