<xml><article id="643274" name="PORTARIA Nº 397" idOficio="4587760" pubName="DO2" artType="Portaria" pubDate="01/12/2017" artClass="00006:00012:00000:00000:00000:00000:00000:00000:00000:00000:00019:0001" artSection="Presidência da República" artCategory="Advocacia-Geral da União" artSize="8" artNotes="" numberPage="2-3" pdfPage="http://pesquisa.in.gov.br/imprensa/jsp/visualiza/index.jsp?data=01/12/2017&amp;jornal=529&amp;pagina=2,http://pesquisa.in.gov.br/imprensa/jsp/visualiza/index.jsp?data=01/12/2017&amp;jornal=529&amp;pagina=3" editionNumber="230">
  <body>
    <Identifica><![CDATA[PORTARIA Nº 397, DE 29 DE NOVEMBRO DE 2017]]></Identifica>
    <Data><![CDATA[]]></Data>
    <Ementa />
    <Titulo />
    <SubTitulo />
    <Texto><![CDATA[<p> A <strong>ADVOGADA-GERAL DA UNIÃO</strong>, no uso das atribuições que lhe conferem os incisos I e XVIII do art. 4o da Lei Complementar no 73, de 10 de fevereiro de 1993, e considerando o que consta no Processo Administrativo no 00410.041717/2017-36, resolve:</p><p>Art. 1º Tornar sem efeito a Portaria/AGU no 212, de 1o de junho de 2017, publicada no Diário Oficial da União no 105, de 2 de junho de 2017, Seção 2, p. 6.</p><p>Art. 2º Tornar sem efeito a Portaria/AGU no 336, de 28 de setembro de 2017, publicada no Diário Oficial da União no 189, de 2 de outubro de 2017, Seção 2, p. 2.</p><p>Art. 3º Esta Portaria entra em vigor na data de sua publicação.</p>]]></Texto>
    <Autores>
      <assina>GRACE MARIA FERNANDES MENDONÇA</assina>
    </Autores>
  </body>
</article></xml>