<xml><article id="643754" name="ATO PORTARIA Nº 678" idOficio="4587955" pubName="DO2" artType="Portaria" pubDate="01/12/2017" artClass="00009:00002:00000:00000:00000:00000:00000:00000:00000:00000:00000:00001" artSection="Ministério da Cultura" artCategory="Secretaria Executiva" artSize="8" artNotes="" numberPage="6" pdfPage="http://pesquisa.in.gov.br/imprensa/jsp/visualiza/index.jsp?data=01/12/2017&amp;jornal=529&amp;pagina=6" editionNumber="230">
  <body>
    <Identifica><![CDATA[PORTARIA N 678, DE 28 DE NOVEMBRO DE 2017]]></Identifica>
    <Data><![CDATA[]]></Data>
    <Ementa />
    <Titulo />
    <SubTitulo />
    <Texto><![CDATA[<p> </p><p> A SECRETÁRIA EXECUTIVA DO MINISTÉRIO DA CULTURA, no uso da competência que lhe foi delegada pela Portaria MinC nº 300, de 10 de outubro de 2016, e considerando o disposto no Art. 93 da Lei nº 8.112, de 11 de dezembro de 1990, regulamentado pelo Decreto nº 9.144, de 22 de agosto de 2017, e pelo disposto na Resolução nº 23.523, de 27 de junho de 2017, resolve:</p><p>Art. 1º efetivar a requisição, pelo prazo de 3 (três) anos, da servidora HELENICE TEIXEIRA DA SILVA, matrícula nº 0456975, pertencente ao Quadro de Pessoal do Ministério da Cultura, para ter exercício no Tribunal Regional Eleitoral do Distrito Federal.</p><p>Art. 2° O ônus pela remuneração é do órgão cedente.</p><p>Art. 3° A requisição não pode ser encerrada por ato unilateral do cedente.</p><p>Art. 4° Esta Portaria entra em vigor na data de sua publicação.</p>]]></Texto>
    <Autores>
      <assina>MARIANA RIBAS DA SILVA</assina>
    </Autores>
  </body>
</article></xml>