<xml><article id="643151" name="Portarias CGGP - Helena - TITULA" idOficio="4587495" pubName="DO2" artType="Portaria" pubDate="01/12/2017" artClass="00025:00022:04993:03029:00000:00000:00000:00000:00000:00000:00025:00001" artSection="Ministério do Meio Ambiente" artCategory="Instituto Chico Mendes de Conservação da Biodiversidade" artSize="8" artNotes="" numberPage="54" pdfPage="http://pesquisa.in.gov.br/imprensa/jsp/visualiza/index.jsp?data=01/12/2017&amp;jornal=529&amp;pagina=54" editionNumber="230">
  <body>
    <Identifica><![CDATA[PORTARIA Nº 297, DE 29 DE NOVEMBRO DE 2017]]></Identifica>
    <Data><![CDATA[]]></Data>
    <Ementa />
    <Titulo />
    <SubTitulo />
    <Texto><![CDATA[<p> A COORDENADORA GERAL DE GESTÃO DE PESSOAS DO INSTITUTO CHICO MENDES DE CONSERVAÇÃO DA BIODIVERSIDADE, usando da competência atribuída pela Portaria nº 217/MMA, publicada no Diário Oficial da União de 10 de junho de 2016 e Portaria nº 474/ICMBio, publicada no Diário Oficial da União de 10 de novembro de 2017, resolve:</p><p>I - Conceder aposentadoria voluntária com proventos integrais à servidora LOURDES TEREZINHA TOMAZI, ocupante do cargo de Técnico Ambiental, classe "S", padrão III, matrícula SIAPE n° 679975, lotada na Floresta Nacional de Canela/RS, pertencente ao Quadro de Pessoal deste Instituto, com fundamento no art. 3º, incisos I, II e III, e parágrafo único da Emenda Constitucional n° 47/2005.</p><p>II - Declarar vacância da vaga nº 429583, do referido cargo.</p>]]></Texto>
    <Autores>
      <assina>HELENA MACHADO CABRAL COIMBRA ARAUJO</assina>
    </Autores>
  </body>
</article></xml>