<xml><article id="644633" name="Portaria 4554" idOficio="4588317" pubName="DO2" artType="Portaria" pubDate="01/12/2017" artClass="00031:00002:00000:00000:00000:00000:00000:00000:00000:00000:00025:0002" artSection="Ministério dos Transportes, Portos e Aviação Civil" artCategory="Secretaria Executiva" artSize="8" artNotes="" numberPage="9-61" pdfPage="http://pesquisa.in.gov.br/imprensa/jsp/visualiza/index.jsp?data=01/12/2017&amp;jornal=529&amp;pagina=9,http://pesquisa.in.gov.br/imprensa/jsp/visualiza/index.jsp?data=01/12/2017&amp;jornal=529&amp;pagina=61" editionNumber="230">
  <body>
    <Identifica><![CDATA[PORTARIA Nº 4.554, DE 29 DE NOVEMBRO DE 2017]]></Identifica>
    <Data><![CDATA[]]></Data>
    <Ementa />
    <Titulo />
    <SubTitulo />
    <Texto><![CDATA[<p> O SECRETÁRIO-EXECUTIVO DO MINISTÉRIO DOS TRANSPORTES, PORTOS E AVIAÇÃO CIVIL, no uso da competência que lhe foi delegada pelo art. 2º da Portaria Ministerial nº 498, de 12 de junho de 2017, publicada no Diário Oficial da União de 13 de junho de 2017, e considerando o disposto no art. 93 da Lei nº 8.112, de 11 de dezembro de 1990, com a redação conferida pelo art. 22 da Lei nº 8.270, de 17 de dezembro de 1991, no Decreto nº 9.144, de 22 de agosto de 2017, no art. 47 da Lei Complementar nº 73, de 10 de fevereiro de 1993, na Orientação Normativa SEGEP/MP nº 4, de 12 de junho de 2015, e demais informações que constam do processo SEI nº 00422.014286/2017-04, resolve:</p><p>Art. 1º Efetivar, por tempo indeterminado, a requisição da empregada pública ANATÁLIA ALBUQUERQUE DO NASCIMENTO, matrícula nº 9602696, pertencente ao quadro de pessoal da Empresa Brasileira de Infraestrutura Aeroportuária - INFRAERO, para a Advocacia-Geral da União, com exercício na Procuradoria Federal no Estado do Ceará.</p><p>Art. 2º O ônus pela remuneração é do órgão cessionário.</p><p>Art. 3º Cumpre ao cessionário comunicar a frequência do empregado público, mensalmente, ao órgão ou entidade cedente.</p><p>Art. 4º A empregada pública deverá apresentar-se imediatamente ao órgão cedente, quando do seu retorno, observado o disposto nos arts. 4º e 6º da Orientação Normativa SEGEP/MP nº 4, de 12 de junho de 2015.</p><p>Art. 5º Esta Portaria entra em vigor na data de sua publicação.</p>]]></Texto>
    <Autores>
      <assina>FERNANDO FORTES MELRO FILHO</assina>
    </Autores>
  </body>
</article></xml>