<xml><article id="643484" name="4485 - Maria de Fátima" idOficio="4587861" pubName="DO2" artType="Portaria" pubDate="01/12/2017" artClass="00031:00002:00658:04233:00000:00000:00000:00000:00000:00000:00025:0005" artSection="Ministério dos Transportes, Portos e Aviação Civil" artCategory="Secretaria Executiva" artSize="8" artNotes="" numberPage="61" pdfPage="http://pesquisa.in.gov.br/imprensa/jsp/visualiza/index.jsp?data=01/12/2017&amp;jornal=529&amp;pagina=61" editionNumber="230">
  <body>
    <Identifica><![CDATA[Portaria Nº 4.485, DE 24 DE novembro DE 2017]]></Identifica>
    <Data><![CDATA[]]></Data>
    <Ementa />
    <Titulo />
    <SubTitulo />
    <Texto><![CDATA[<p> O COORDENADOR-GERAL DE GESTÃO DE PESSOAS DO MINISTÉRIO DOS TRANSPORTES, PORTOS E AVIAÇÃO CIVIL, no uso das suas atribuições que lhe foram subdelegadas pela Portaria/SAAD n.º 202, art. 1º, inciso VII, de 08 de outubro de 2010, publicada no Diário Oficial da União de 11 de outubro de 2010, resolve:</p><p>Retificar a portaria/COGEP - MT nº 1.303 de 20 de abril de 2017, publicada no Diário Oficial da União em 16 de maio de 2017, Seção 2, página 53, referente à MARIA DE FATIMA DOS SANTOS DE ABREU. Onde se lê "falecido na inatividade em 17 de fevereiro de 2017", leia-se "falecido na inatividade em 14 de fevereiro de 2017". (Processo SEI n.º 50000.013400/2017-18) - CE.</p>]]></Texto>
    <Autores>
      <assina>ROBSON DE SOUZA ANDRADE</assina>
    </Autores>
  </body>
</article></xml>