<xml><article id="644600" name="2017-11-30/4588270/TCUWS_1035547" idOficio="4588270" pubName="DO2" artType="Portaria" pubDate="01/12/2017" artClass="00034:00008:00002:00003:00000:00000:00000:00000:00000:00000:00025:00001" artSection="Tribunal de Contas da União" artCategory="Secretaria-Geral de Administração" artSize="8" artNotes="" numberPage="68" pdfPage="http://pesquisa.in.gov.br/imprensa/jsp/visualiza/index.jsp?data=01/12/2017&amp;jornal=529&amp;pagina=68" editionNumber="230">
  <body>
    <Identifica><![CDATA[PORTARIA N 565, DE 30 DE NOVEMBRO DE 2017]]></Identifica>
    <Data><![CDATA[]]></Data>
    <Ementa />
    <Titulo />
    <SubTitulo />
    <Texto><![CDATA[<p> </p><p> O DIRETOR DE PAGAMENTO DE PESSOAL DO TRIBUNAL DE CONTAS DA UNIÃO, no uso das atribuições que lhe confere o disposto nos incisos IV, V e VI do art. 1° da Portaria n° 2, de 2 de janeiro de 2017, do Secretário de Gestão de Pessoas deste Tribunal, resolve:</p><p>Dispensar, a pedido, a contar de 30 de novembro de 2017, ÁTILA VARELA FERREIRA M. DE OLIVEIRA, Matrícula 10615-1, TEFC, da função de confiança de Assistente Administrativo, código FC-1, exercida na Secretaria de Controle Externo no Estado do Maranhão/SEGECEX.</p>]]></Texto>
    <Autores>
      <assina>LUIZ EDUARDO RODRIGUES PEREIRA DA COSTA</assina>
    </Autores>
  </body>
</article></xml>