<xml><article id="643172" name="800-SÉRGIO E WILSON - DIS-DES (D" idOficio="4587662" pubName="DO2" artType="Portaria" pubDate="01/12/2017" artClass="00037:00004:00001:00002:00000:00000:00000:00000:00000:00000:00025:00005" artSection="Poder Judiciário" artCategory="Superior Tribunal de Justiça" artSize="8" artNotes="" numberPage="71" pdfPage="http://pesquisa.in.gov.br/imprensa/jsp/visualiza/index.jsp?data=01/12/2017&amp;jornal=529&amp;pagina=71" editionNumber="230">
  <body>
    <Identifica><![CDATA[PORTARIA N 800, DE 24 DE NOVEMBRO DE 2017]]></Identifica>
    <Data><![CDATA[]]></Data>
    <Ementa />
    <Titulo />
    <SubTitulo />
    <Texto><![CDATA[<p> </p><p> A DIRETORA-GERAL DA SECRETARIA DO SUPERIOR TRIBUNAL DE JUSTIÇA, com base no item 16.2, XI, b, do Manual de Organização e considerando o disposto no art. 35, I, da Lei n. 8.112, de 11 de dezembro de 1990, resolve:</p><p>Art. 1º Efetuar as seguintes alterações na Coordenadoria de Análise e Classificação de Temas Jurídicos e Distribuição de Feitos, da Secretaria Judiciária:</p><p>I - Dispensar SÉRGIO AUGUSTO LOPES DE PÁRSIA, matrícula S046218, da função de confiança de Assistente IV, código FC-4;</p><p>II - Designar WILSON DICKMANN, matrícula S060903, para a função de confiança de Assistente IV, código FC-4, na vaga decorrente da dispensa de Sérgio Augusto Lopes de Pársia.</p><p>Art. 2º Esta portaria entra em vigor na data de sua publicação.</p>]]></Texto>
    <Autores>
      <assina>Sulamita Avelino Cardoso Marques</assina>
    </Autores>
  </body>
</article></xml>