<xml><article id="645377" name="PORTARIA COLETIVA DE DEZEMBRO 20" idOficio="4588609" pubName="DO2" artType="Portaria" pubDate="01/12/2017" artClass="00012:00002:00012:00017:00000:00000:00000:00000:00000:00000:00025:00001" artSection="Ministério da Fazenda" artCategory="Secretaria Executiva" artSize="8" artNotes="" numberPage="35" pdfPage="http://pesquisa.in.gov.br/imprensa/jsp/visualiza/index.jsp?data=01/12/2017&amp;jornal=529&amp;pagina=35" editionNumber="230">
  <body>
    <Identifica><![CDATA[PORTARIAS DE 28 DE NOVEMBRO DE 2017]]></Identifica>
    <Data><![CDATA[]]></Data>
    <Ementa />
    <Titulo />
    <SubTitulo />
    <Texto><![CDATA[<p> </p><p> O SUPERINTENDENTE DE ADMINISTRAÇÃO DO MINISTÉRIO DA FAZENDA NO DISTRITO FEDERAL, no uso das atribuições que lhe confere a Portaria Regimental nº 144, de 27/04/2016, publicada no DOU de 29/04/2016, resolve:</p><p>Nº 749 Conceder aposentadoria voluntária ao servidor MOACIR RIBEIRO LEMOS, matrícula SIAPE nº 1030079, ocupante do cargo de Técnico Federal de Finanças e Controle, Classe "S", Padrão IV, do Quadro de Pessoal deste Ministério, de acordo com o art. 6º, incisos I, II, III e IV da Emenda Constitucional nº 41/2003, conforme Processo nº 10167.106582/2017-44.</p><p>Nº 750 Conceder aposentadoria voluntária à servidora LEDA MARIA SILVA DUDECK, matrícula SIAPE nº 221397, ocupante do cargo de Agente Administrativo, Classe "S", Padrão III, do Quadro de Pessoal deste Ministério, de acordo com o art. 3º, incisos I, II e III da Emenda Constitucional nº 47/2005,  com a vantagem do art. 62-A da Lei n° 8.112/90, conforme Processo nº 10167.104062/2017-05.</p><p>Nº 751 Conceder aposentadoria voluntária à servidora MARIA GORETH DE FARIAS VASCONCELOS, matrícula SIAPE nº 753054, ocupante do cargo de Auxiliar de Recreação, Classe "S", Padrão III, do Quadro de Pessoal deste Ministério, de acordo com o art. 3º da Emenda Constitucional nº 47/2005, conforme Processo nº 10167.105652/2017-47.</p><p>Nº 752 Conceder aposentadoria voluntária à servidora MARIA PAULA ROCHA DE SOUZA, matrícula SIAPE nº 93664, ocupante do cargo de Técnico Federal de Finanças e Controle, Classe "S", Padrão IV, do Quadro de Pessoal deste Ministério, de acordo com o art. 3º, incisos I, II e III da Emenda Constitucional nº 47/2005, conforme Processo nº 10167.103786/2017-23.</p>]]></Texto>
    <Autores>
      <assina>HELDER CALADO DE ARAÚJO</assina>
    </Autores>
  </body>
</article></xml>