<xml><article id="655557" name="PORT 2058 A 2067" idOficio="4587706" pubName="DO2" artType="Portaria" pubDate="04/12/2017" artClass="00017:00002:00001:00000:00000:00000:00000:00000:00000:00000:00025:00001" artSection="Ministério da Saúde" artCategory="Secretaria Executiva" artSize="12" artNotes="Liberada pela SAJ/Casa Civil" numberPage="41" pdfPage="http://pesquisa.in.gov.br/imprensa/jsp/visualiza/index.jsp?data=04/12/2017&amp;jornal=529&amp;pagina=41" editionNumber="231">
  <body>
    <Identifica><![CDATA[PORTARIAS DE 29 DE NOVEMBRO DE 2017]]></Identifica>
    <Data><![CDATA[]]></Data>
    <Ementa />
    <Titulo />
    <SubTitulo><![CDATA[ANEXO]]></SubTitulo>
    <Texto><![CDATA[<p> O Subsecretário de Assuntos Administrativos do Ministério da Saúde, considerando o disposto no inciso II do artigo 93 da Lei 8.112 de 12 de dezembro de 1990, no inciso XI do artigo 7º da Lei n.º 8.080 de 19 de setembro de 1990, artigo 20 da Lei n.º 8.270 de 17 de dezembro de 1991, artigo 11 da Lei n.º 9.527 de 10 de dezembro de 1997 e na Portaria GM/MS n.º. 243, de 10 de março de 2015, e no uso da competência que lhe foi subdelegada pela Portaria SE/MS nº 553, de 5 de maio de 2011, publicada no Diário Oficial da União de 6 de maio de 2011, resolve:</p><p>Nº 2.058 - Artigo 1º - Colocar à disposição da Secretaria Municipal de Saúde de Mundo Novo, no Estado do Mato Grosso do Sul, com ônus para a origem, o servidor do Quadro de Pessoal deste Ministério, constantes do anexo, em conformidade com o Convênio SUS n.º 1371/2017, com Extrato publicado no Diário Oficial da União - DOU n.º 213 de 07 de novembro de 2017, firmado entre o Ministério da Saúde e a Prefeitura Municipal de Mundo Novo, no Estado do Mato Grosso do Sul, representada por sua Secretaria Municipal de Saúde.</p><p>Artigo 2º - Cumpre à Divisão de Gestão do Núcleo Estadual do Ministério da Saúde em Mato Grosso do Sul e à Secretaria Municipal de Saúde de Mundo novo, no Estado do Mato Grosso, a observância dos procedimentos de Gestão de Pessoal cedido para o Sistema Único de Saúde, (SUS), aprovados pela Portaria GM/MS n.º 243, de 10 de março de 2015, publicada no Diário Oficial da União nº 47, de 11 de março de 2015.</p><p>Artigo 3º - Esta Portaria entra em vigor na data de sua publicação. (Proc. SEI n.º 25006.400505/2017-06).</p><p> </p><table><tr /><tr><td><p>SIAPE</p></td><td><p>NOME</p></td><td><p>CARGO</p></td></tr><tr><td><p>0475009</p></td><td><p>Aparecido Santana</p></td><td><p>Auxiliar de Saneamento</p></td></tr></table><p>O Subsecretário de Assuntos Administrativos do Ministério da Saúde, no uso da competência que lhe foi subdelegada pela Portaria SE/MS n.º 553, de 5 de maio de 2011, publicada no Diário Oficial da União de 6 de maio de 2011 e considerando o disposto no inciso II do artigo 93 da Lei 8.112 de 12 de dezembro de 1990, no inciso XI do artigo 7º da Lei n.º 8.080 de 19 de setembro de 1990, artigo 20 da Lei n.º 8.270 de 17 de dezembro de 1991, artigo 11 da Lei n.º 9.527 de 10 de dezembro de 1997 e na Portaria GM/MS n.º. 243 de 10 de março de 2015, resolve:</p><p>Nº 2.059 - Artigo 1º - Colocar à disposição da Secretaria Municipal de Saúde de Belo Horizonte, no Estado de Minas Gerais, com ônus para a origem, a servidora do Quadro de Pessoal deste Ministério, constante do anexo, em conformidade com o Convênio SUS nº 315/2015, com o Extrato publicado no Diário Oficial da União, nº 212, de 6 de novembro de 2015, firmado entre o Ministério da Saúde e a Prefeitura Municipal de Belo Horizonte, no Estado de Minas Gerais, representada por sua Secretaria Municipal de Saúde.     </p><p>Artigo 2º - Cumpre à Coordenação de Gestão do Núcleo Estadual do Ministério da Saúde em Minas Gerais e à Secretaria Municipal de Saúde de Belo Horizonte, no Estado de Minas Gerais, a observância dos procedimentos de Gestão de Pessoal cedido para o Sistema Único de Saúde, (SUS), aprovados pela Portaria GM/MS n.º 243 de 10 de março de 2015, publicada no Diário Oficial da União nº 47, de 11 de março de 2015.</p><p>Artigo 3º - Esta Portaria entra em vigor na data de sua publicação. (Proc. nº. 25003.401622/2017-17).</p><p> </p><table><tr /><tr><td><p>SIAPE</p></td><td><p>NOME</p></td><td><p>CARGO</p></td></tr><tr><td><p>0753395</p></td><td><p>Maria da Conceição Rodrigues</p></td><td><p>Agente de Saúde Pública</p></td></tr></table><p>O Subsecretário de Assuntos Administrativos do Ministério da Saúde, considerando o disposto no inciso II do artigo 93 da Lei 8.112 de 12 de dezembro de 1990, no inciso XI do artigo 7º da Lei n.º 8.080 de 19 de setembro de 1990, artigo 20 da Lei n.º 8.270 de 17 de dezembro de 1991, artigo 11 da Lei n.º 9.527 de 10 de dezembro de 1997 e na Portaria GM/MS n.º. 243, de 10 de março de 2015, e no uso da competência que lhe foi subdelegada pela Portaria SE/MS nº 553, de 5 de maio de 2011, publicada no Diário Oficial da União de 6 de maio de 2011, resolve:</p><p>Nº 2.060 - Artigo 1º - Colocar à disposição da Secretaria de Estado de Saúde do Ceará, com ônus para a origem, o servidor do Quadro de Pessoal deste Ministério, constante do anexo, em conformidade com o Convênio SUS n.º 558/2016, com o Extrato publicado no Diário Oficial da União, nº 68, de 11 de abril de 2016, firmado entre o Ministério da Saúde e o Governo do Estado do Ceará, representado por sua Secretaria de Estado de Saúde.</p><p>Artigo 2º - Cumpre à Coordenação de Gestão do Núcleo Estadual do Ministério da Saúde no Ceará e à Secretaria de Estado de Saúde do Ceará, a observância dos procedimentos de Gestão de Pessoal cedido para o Sistema Único de Saúde, (SUS), aprovados pela Portaria GM/MS n.º 243, de 10 de março de 2015, publicada no Diário Oficial da União nº 47, de 11 de março de 2015.</p><p>Artigo 3º - Esta Portaria entra em vigor na data de sua publicação. (Proc. n.º 25016.005672/2017-10).</p><p> </p><table><tr /><tr><td><p>SIAPE</p></td><td><p>NOME</p></td><td><p>CARGO</p></td></tr><tr><td><p>1082420</p></td><td><p>Antônio Givaldo da Silva Oliveira</p></td><td><p>Guarda de Endemias</p></td></tr></table><p>O Subsecretário de Assuntos Administrativos do Ministério da Saúde, no uso da competência que lhe foi subdelegada pela Portaria SE/MS n.º 553, de 5 de maio de 2011, publicada no Diário Oficial da União de 6 de maio de 2011 e considerando o disposto no inciso II do artigo 93 da Lei 8.112 de 12 de dezembro de 1990, no inciso XI do artigo 7º da Lei n.º 8.080 de 19 de setembro de 1990, artigo 20 da Lei n.º 8.270 de 17 de dezembro de 1991, artigo 11 da Lei n.º 9.527 de 10 de dezembro de 1997 e na Portaria GM/MS n.º. 243 de 10 de março de 2015,  resolve:     </p><p>Nº 2.061 - Artigo 1º - Colocar à disposição da Secretaria Municipal de Saúde de Iranduba, no Estado do Amazonas, com ônus para a origem, a servidora do Quadro de Pessoal deste Ministério, constante do anexo, em conformidade com o Convênio SUS nº n.º 205, de 25 de outubro de 2017, que foi firmado entre o Ministério da Saúde e a Prefeitura Municipal de Iranduba, no Estado do Amazonas, representada por sua Secretaria Municipal de Saúde.     </p><p>Artigo 2º - Cumpre à Divisão de Gestão do Núcleo Estadual do Ministério da Saúde no Amazonas e à Secretaria Municipal de Saúde de Iranduba, no Estado do Amazonas, a observância dos procedimentos de Gestão de Pessoal cedido para o Sistema Único de Saúde, (SUS), aprovados pela Portaria GM/MS n.º 243/2015, de 10 de março de 2015, publicada no Diário Oficial da União nº 47, de 11 de março de 2015.</p><p>Artigo 3º - Esta Portaria entra em vigor na data de sua publicação. (Proc. nº. 25009.400435/2017-58).</p><p> </p><table><tr /><tr><td><p>SIAPE</p></td><td><p>NOME</p></td><td><p>CARGO</p></td></tr><tr><td><p>0530726</p></td><td><p>Deuseline Lopes da Silva</p></td><td><p>Desenhista</p></td></tr></table><p>O Subsecretário de Assuntos Administrativos do Ministério da Saúde, considerando o disposto no inciso II do artigo 93 da Lei 8.112 de 12 de dezembro de 1990, no inciso XI do artigo 7º da Lei n.º 8.080 de 19 de setembro de 1990, artigo 20 da Lei n.º 8.270 de 17 de dezembro de 1991, artigo 11 da Lei n.º 9.527 de 10 de dezembro de 1997 e na Portaria GM/MS n.º. 243 de 10 de março de 2015, e no uso da competência que lhe foi subdelegada pela Portaria SE/MS n.º 553, de 5 de maio de 2011, publicada no Diário Oficial da União de 6 de maio de 2011, resolve:       </p><p>Nº 2.062 - Artigo 1º - Colocar à disposição da Secretaria Municipal de Saúde de Atalaia, no Estado de Alagoas, com ônus para a origem, o servidor do Quadro de Pessoal deste Ministério, constante do anexo, em conformidade com o Convênio SUS nº 1398/2017, cujo Extrato foi publicado no Diário Oficial da União, nº 225, de 24 de novembro de 2017, firmado entre o Ministério da Saúde e a Prefeitura Municipal de Atalaia, no Estado de Alagoas, representada por sua Secretaria Municipal de Saúde.     </p><p>Artigo 2º - Cumpre à Divisão de Gestão do Núcleo Estadual do Ministério da Saúde em Alagoas e à Secretaria Municipal de Saúde de Atalaia, no Estado de Alagoas, a observância dos procedimentos de Gestão de Pessoal cedido para o Sistema Único de Saúde, (SUS), aprovados pela Portaria GM/MS n.º 243/2015, de 10 de março de 2015, publicada no Diário Oficial da União nº 47, de 11 de março de 2015.</p><p>Artigo 3º - Esta Portaria entra em vigor na data de sua publicação. (Proc. nº. 25020.400687/2017-29).</p><p> </p><table><tr /><tr><td><p><strong>SIAPE</strong></p></td><td><p><strong>NOME</strong></p></td><td><p><strong>CARGO</strong></p></td></tr><tr><td><p>0518622</p></td><td><p>Wilson Teixeira da Silva</p></td><td><p>Guarda de Endemias</p></td></tr></table><p> O Subsecretário de Assuntos Administrativos do Ministério da Saúde, no uso da competência que lhe foi subdelegada pela Portaria SE/MS n.º 553, de 5 de maio de 2011, publicada no Diário Oficial da União de 6 de maio de 2011 e considerando o disposto no inciso II do artigo 93 da Lei 8.112 de 12 de dezembro de 1990, no inciso XI do artigo 7º da Lei n.º 8.080 de 19 de setembro de 1990, artigo 20 da Lei n.º 8.270 de 17 de dezembro de 1991, artigo 11 da Lei n.º 9.527 de 10 de dezembro de 1997 e na Portaria GM/MS n.º. 243 de 10 de março de 2015, resolve:      </p><p>Nº 2.063 - Artigo 1º - Colocar à disposição da Secretaria Municipal de Saúde de Chapadinha, no Estado do Maranhão, com ônus para a origem, a servidora do Quadro de Pessoal deste Ministério, anteriormente já cedida ao SUS, constante do anexo, em conformidade com o Convênio SUS n.º 960/2017, publicado no Diário Oficial da União - DOU nº 40, de 24 de fevereiro de 2017, firmado entre o Ministério da Saúde e a Prefeitura Municipal de Chapadinha, no estado do Maranhão, representado por sua Secretaria Municipal de Saúde.    </p><p>Artigo 2º - Cumpre à Divisão de Gestão do Núcleo Estadual do Ministério da Saúde no Maranhão e à Secretaria Municipal de Saúde de Chapadinha, no Estado do Maranhão, a observância dos procedimentos de Gestão de Pessoal cedido para o Sistema Único de Saúde, (SUS), aprovados pela Portaria GM/MS n.º 243/2015, de 10 de março de 2015, publicada no Diário Oficial da União nº 47, de 11 de março de 2015.</p><p>Artigo 3º - Esta Portaria entra em vigor na data de sua publicação. (Proc. SEI nº. 25014.400624/2017-51).</p><p> </p><table><tr /><tr><td><p>SIAPE</p></td><td><p>NOME</p></td><td><p>CARGO</p></td></tr><tr><td><p>0550053</p></td><td><p>Maria das Dores Pereira Lemos</p></td><td><p>Agente Administrativo</p></td></tr></table><p>O SUBSECRETÁRIO DE ASSUNTOS ADMINISTRATIVOS DO MINISTÉRIO DA SAÚDE, no uso de suas atribuições legais, resolve:</p><p>Nº 2.064 - Designar ANA JULIA RODRIGUES LIMA para exercer o encargo de substituta eventual da Coordenadora de Legislação de Pessoal, FCPE-101.3, código 05.0145, da Coordenação-Geral de Gestão de Pessoas, da Subsecretaria de Assuntos Administrativos, da Secretaria Executiva, ficando dispensada, a contar de 03/11/2017, MARIA APARECIDA VÂNIA MELO BARBALHO, por ter designada titular da função.</p><p> Nº 2.065 - Designar VÂNIA CRISTINA CANUTO SANTOS para exercer o encargo de substituta eventual da Chefe de Gabinete, DAS-101.4, código 35.0002, da Secretaria de Ciência, Tecnologia e Insumos Estratégicos, ficando dispensada FERNANDA MARTINS TORRES MATSUMOTO.</p><p>Nº 2.066 - Designar ANDREA DA COSTA AITA para exercer o encargo de substituta eventual da Coordenadora de Saúde da Pessoa Idosa, FCPE-101.3, código nº 30.0071, do Departamento de Ações Programáticas Estratégicas, da Secretaria de Atenção à Saúde.</p><p>Nº 2.067 - Designar JACKSON SILVEIRA CAIAFA para exercer o encargo de substituto eventual do Diretor do Hospital Federal dos Servidores do Estado, DAS-101.4, código nº 30.0218, do Departamento de Gestão Hospitalar no Estado do Rio de Janeiro, da Secretaria de Atenção à Saúde, ficando dispensada ILDENE GUIMARÃES LOULA.</p>]]></Texto>
    <Autores>
      <assina>LEONARDO ROSÁRIO DE ALCANTARA</assina>
    </Autores>
  </body>
</article></xml>