<xml><article id="658212" name="PORTARIA 298-EMPOSSAR ADRIANA DO" idOficio="4587774" pubName="DO2" artType="Portaria" pubDate="05/12/2017" artClass="00038:00183:00000:00000:00000:00000:00000:00000:00000:00000:00025:00011" artSection="Entidades de Fiscalização do Exercício das Profissões Liberais" artCategory="Conselho Regional de Educação Física da 12ª Região" artSize="8" artNotes="" numberPage="56" pdfPage="http://pesquisa.in.gov.br/imprensa/jsp/visualiza/index.jsp?data=05/12/2017&amp;jornal=529&amp;pagina=56" editionNumber="232">
  <body>
    <Identifica><![CDATA[PORTARIA Nº 298, de 7 DE AGOSTO DE 2017]]></Identifica>
    <Data><![CDATA[]]></Data>
    <Ementa />
    <Titulo />
    <SubTitulo />
    <Texto><![CDATA[<p> A Presidente, no uso de suas atribuições que são conferidas pela Lei 9.696/1998, e por seu Estatuto, resolve: </p><p>Nomear e empossar, com base no item 14 e seus subitens do Edital do Concurso Público nº 01/2013-CREF12/PE-AL, ADRIANA DOLORES DA SILVA PINTO, portadora do RG nº 6.020.979 SDS/PE e inscrita no CPF sob o nº 039.477.714-01, 24º colocada no citado concurso - inscrição nº 234.00581835/0, para o cargo de Auxiliar Administrativo do CREF12/PE, a partir de 07 de agosto de 2017,com remuneração mensal de R$ 1.262,60 (hum mil, duzentos e sessenta e dois reais e sessenta centavos).A presente Portaria retroage seus efeitos a partir de 07 de agosto de 2017.</p>]]></Texto>
    <Autores>
      <assina>Nadja Regueira Harrop</assina>
    </Autores>
  </body>
</article></xml>