<xml><article id="643412" name="Portaria aposentadoria - EDILEUZ" idOficio="4587838" pubName="DO2" artType="Portaria" pubDate="01/12/2017" artClass="00017:00021:00021:00002:00003:00000:00000:00000:00000:00000:00025:00001" artSection="Ministério da Saúde" artCategory="Fundação Nacional de Saúde" artSize="8" artNotes="" numberPage="45" pdfPage="http://pesquisa.in.gov.br/imprensa/jsp/visualiza/index.jsp?data=01/12/2017&amp;jornal=529&amp;pagina=45" editionNumber="230">
  <body>
    <Identifica><![CDATA[PORTARIA Nº 202, DE 24 DE NOVEMBRO DE 2017]]></Identifica>
    <Data><![CDATA[]]></Data>
    <Ementa />
    <Titulo />
    <SubTitulo />
    <Texto><![CDATA[<p> O SUPERINTENDENTE ESTADUAL DA FUNDAÇÃO NACIONAL DE SAÚDE NO ESTADO DO AMAZONAS,  no uso da competência que lhe confere o Art. 13 do Estatuto aprovado pelo Decreto nº 8.867, de 3.10.2016, publicado no DOU nº 191, de 4.10.2016 e tendo em vista o que consta no processo nº 25120.001.879/2017-28, resolve:</p><p>Art. 1º- Conceder aposentadoria voluntária com proventos integrais a servidora EDILEUZA PEREIRA DE SOUZA, Nível Intermediário, matrícula SIAPE nº 0447019, ocupante do cargo de Agente Administrativo, Classe "S", Padrão III, do Quadro de Pessoal da Fundação Nacional de Saúde/Suest-AM, com base no Art. 40, § 1º, inciso III, Alínea "A" da Constituição Federal, com redação dada pela Emenda Constitucional nº 41/03, os proventos serão calculados com base no Art. 1º da Lei nº 10.887/04. </p><p>Art. 2º - Declarar vago o cargo referido no Art. 1º.</p><p>Art. 3º - Esta Portaria entra em vigor na data de sua publicação.</p>]]></Texto>
    <Autores>
      <assina>WENDERSON DE SOUZA MONTEIRO</assina>
    </Autores>
  </body>
</article></xml>