<xml><article id="643871" name="PORT DGP-DCIPAS - 2017 - Nº 245 " idOficio="4588001" pubName="DO2" artType="Portaria" pubDate="01/12/2017" artClass="00010:00008:00024:00000:00000:00000:00000:00000:00000:00000:00025:00009" artSection="Ministério da Defesa" artCategory="Comando do Exército" artSize="8" artNotes="" numberPage="11" pdfPage="http://pesquisa.in.gov.br/imprensa/jsp/visualiza/index.jsp?data=01/12/2017&amp;jornal=529&amp;pagina=11" editionNumber="230">
  <body>
    <Identifica><![CDATA[PORTARIA Nº 245-DGP/DCIPAS, DE 20 DE NOVEMBRO DE 2017]]></Identifica>
    <Data><![CDATA[]]></Data>
    <Ementa />
    <Titulo />
    <SubTitulo />
    <Texto><![CDATA[<p> O CHEFE DO DEPARTAMENTO-GERAL DO PESSOAL, no uso da competência que lhe foi conferida pela Portaria nº 218-Comandante Exército, de 20 de março de 2017, resolve</p><p>EXONERAR, a pedido, o Subtenente Reformado (Idt 031358142-3) GLAUTHER DOUGLASS LOPES CAVALCANTI, Prec-CP: 96 1485200, da diretoria de Saúde (BRASÍLIA-DF), a partir de 11 de dezembro de 2017, de acordo com o inciso I, do art. 11, da Portaria nº 218-Comandante do Exército, de 20 de março de 2017, de Prestador de Tarefa por Tempo Certo.</p><p> </p>]]></Texto>
    <Autores>
      <assina>Gen Ex MANOEL LUIZ NARVAZ PAFIADACHE</assina>
    </Autores>
  </body>
</article></xml>