<xml><article id="644804" name="Pensão SUELI SAPIA" idOficio="4588389" pubName="DO2" artType="Ato" pubDate="01/12/2017" artClass="00037:00054:00000:00000:00000:00000:00000:00000:00000:00000:00001:00001" artSection="Poder Judiciário" artCategory="Tribunal Regional do Trabalho da 15ª Região" artSize="8" artNotes="" numberPage="80" pdfPage="http://pesquisa.in.gov.br/imprensa/jsp/visualiza/index.jsp?data=01/12/2017&amp;jornal=529&amp;pagina=80" editionNumber="230">
  <body>
    <Identifica><![CDATA[ATO Nº 132, SLP DE 29 DE NOVEMBRO DE 2017]]></Identifica>
    <Data><![CDATA[]]></Data>
    <Ementa />
    <Titulo />
    <SubTitulo />
    <Texto><![CDATA[<p> O DESEMBARGADOR PRESIDENTE DO TRIBUNAL REGIONAL DO TRABALHO DA 15ª REGIÃO, no uso de suas atribuições legais, tendo em vista o que consta do PROAD nº 7779/2017, resolve:</p><p>  Conceder, a partir de 10/11/2017, Pensão Estatutária Vitalícia à Sra. SUELI APARECIDA FERNANDES DE LIMA SAPIA, viúva do servidor Gelson Antonio Sapia, aposentado em 26/2/2015, e falecido em 10/11/2017, com fundamento no artigo 40, § 7º, inciso I, da Constituição Federal, artigo 2º, inciso I, da Lei nº 10.887/2004 e artigos 217, inciso I, e 222, inciso VII, alínea b, item 6, ambos da Lei nº 8.112/1990 (com a redação dada pela Lei nº 13.135, de 17/6/2015, publicada no DOU - Seção 1 em 18/6/2015).</p>]]></Texto>
    <Autores>
      <assina>Fernando da Silva Borges</assina>
    </Autores>
  </body>
</article></xml>