<xml><article id="644870" name="APOSENTADORIA 2017 ISAAC KATZ" idOficio="4588414" pubName="DO2" artType="Portaria" pubDate="01/12/2017" artClass="00012:00002:00012:00032:00003:00000:00000:00000:00000:00000:00025:00001" artSection="Ministério da Fazenda" artCategory="Secretaria Executiva" artSize="8" artNotes="" numberPage="35" pdfPage="http://pesquisa.in.gov.br/imprensa/jsp/visualiza/index.jsp?data=01/12/2017&amp;jornal=529&amp;pagina=35" editionNumber="230">
  <body>
    <Identifica><![CDATA[PORTARIA N 294, DE 30 DE NOVEMBRO DE 2017]]></Identifica>
    <Data><![CDATA[]]></Data>
    <Ementa />
    <Titulo />
    <SubTitulo />
    <Texto><![CDATA[<p> A GERENTE DE GESTÃO DE PESSOAS DA SUPERINTENDÊNCIA DE ADMINISTRAÇÃO DO MINISTÉRIO DA FAZENDA NO ESTADO DO RIO DE JANEIRO, no uso da competência que lhe foi atribuída, por subdelegação pela Portaria GRA/RJ nº 1.085, 02.10.2008, Diário Oficial da União de 17.10.2008, face os termos da Portaria/SRF nº 1.671, de 16.06.2005, publicado no Diário Oficial da União de 20.06.2005, resolve:</p><p> Aposentar voluntariamente o servidor ISAAC KATZ, matrícula SIAPE nº 102301 SIAPECAD nº 17775, ocupante do cargo de Auditor Fiscal da Receita Federal do Brasil, Classe S, Padrão III, do quadro de pessoal da Secretaria da Receita Federal do Brasil, com fundamento no Art. 3º da Emenda Constitucional nº 47, publicado no DOU de 06/07/2005. (Processo 12142.000267/2017-18).</p>]]></Texto>
    <Autores>
      <assina>KATIA DE CAMARGO NUNES</assina>
    </Autores>
  </body>
</article></xml>