<xml><article id="644459" name="PORTARIA TRT 18ª GP.SGPE Nº 3354" idOficio="4588243" pubName="DO2" artType="Portaria" pubDate="01/12/2017" artClass="00037:00057:00000:00000:00000:00000:00000:00000:00000:00000:00025:00002" artSection="Poder Judiciário" artCategory="Tribunal Regional do Trabalho da 18ª Região" artSize="8" artNotes="" numberPage="80" pdfPage="http://pesquisa.in.gov.br/imprensa/jsp/visualiza/index.jsp?data=01/12/2017&amp;jornal=529&amp;pagina=80" editionNumber="230">
  <body>
    <Identifica><![CDATA[PORTARIA Nº 3.354, DE 23 de novembro de 2017]]></Identifica>
    <Data><![CDATA[]]></Data>
    <Ementa />
    <Titulo />
    <SubTitulo />
    <Texto><![CDATA[<p> O DESEMBARGADOR - PRESIDENTE DO TRIBUNAL REGIONAL DO TRABALHO DA 18ª REGIÃO, no uso de suas atribuições legais e regimentais e, tendo em vista o que consta no Processo Administrativo TRT 18ª Região nº 23.691/2017, resolve:</p><p>Art. 1º. Redistribuir o CARGO VAGO da carreira de Técnico Judiciário, Área Administrativa, do Quadro de Pessoal do Tribunal Regional do Trabalho da 6ª Região, com o cargo da carreira de Técnico Judiciário, Área Administrativa, do Quadro de Pessoal deste Tribunal Regional do Trabalho da 18ª Região, ocupado pelo servidor DIOGO PINHEIRO JUCÁ, com fundamento no art. 37 da Lei nº 8.112, de 11 de dezembro de 1990, e na Resolução nº 146, de 6 de março de 2012, do Conselho Nacional de Justiça.</p><p>Art. 2º. Dispensar o servidor DIOGO PINHEIRO JUCÁ da função comissionada de Assistente de Conciliação, código TRT 18ª FC-04, do Centro Judiciário de Métodos Consensuais de Solução de Disputas (CEJUSC - Goiânia), a partir da data de publicação desta portaria.</p><p>Art. 3º.  Esta portaria entra em vigor na data de sua publicação.</p><p>Publique-se no Diário Oficial da União e no Diário Eletrônico da Justiça do Trabalho. </p><p> </p>]]></Texto>
    <Autores>
      <assina>PLATON TEIXEIRA DE AZEVEDO FILHO</assina>
    </Autores>
  </body>
</article></xml>