<xml><article id="658230" name="PORTARIA 291-NOMEAR ASSES. JUR. " idOficio="4587774" pubName="DO2" artType="Portaria" pubDate="05/12/2017" artClass="00038:00183:00000:00000:00000:00000:00000:00000:00000:00000:00025:00004" artSection="Entidades de Fiscalização do Exercício das Profissões Liberais" artCategory="Conselho Regional de Educação Física da 12ª Região" artSize="8" artNotes="" numberPage="55" pdfPage="http://pesquisa.in.gov.br/imprensa/jsp/visualiza/index.jsp?data=05/12/2017&amp;jornal=529&amp;pagina=55" editionNumber="232">
  <body>
    <Identifica><![CDATA[PORTARIA Nº 291, de 17 DE ABRIL DE 2017]]></Identifica>
    <Data><![CDATA[]]></Data>
    <Ementa />
    <Titulo />
    <SubTitulo />
    <Texto><![CDATA[<p> A Presidente, no uso de suas atribuições que são conferidas pela Lei 9.696/1998, e por seu Estatuto, resolve: </p><p>Nomear ao cargo em comissão de Assessor Jurídico do Conselho Regional de Educação Física da 12ª Região - Pernambuco, Isabela Alencar de Acioli Lins, inscrita no RG nº 6.308.328 SDS/PE e CPF sob o nº 047.616.664-04, com remuneração mensal de R$ 3.000,00 (três mil reais). A presente Portaria retroage seus efeitos a partir de 17 de abril de 2017.</p>]]></Texto>
    <Autores>
      <assina>Nadja Regueira Harrop</assina>
    </Autores>
  </body>
</article></xml>