<xml><article id="658221" name="PORTARIA 295- NOMEAÇÃO AG. FISC." idOficio="4587774" pubName="DO2" artType="Portaria" pubDate="05/12/2017" artClass="00038:00183:00000:00000:00000:00000:00000:00000:00000:00000:00025:00008" artSection="Entidades de Fiscalização do Exercício das Profissões Liberais" artCategory="Conselho Regional de Educação Física da 12ª Região" artSize="8" artNotes="" numberPage="55" pdfPage="http://pesquisa.in.gov.br/imprensa/jsp/visualiza/index.jsp?data=05/12/2017&amp;jornal=529&amp;pagina=55" editionNumber="232">
  <body>
    <Identifica><![CDATA[PORTARIA Nº 295, de 26 DE JUNHO DE 2017]]></Identifica>
    <Data><![CDATA[]]></Data>
    <Ementa />
    <Titulo />
    <SubTitulo />
    <Texto><![CDATA[<p> A Presidente, no uso de suas atribuições que são conferidas pela Lei 9.696/1998, e por seu Estatuto, resolve:</p><p> Nomear e empossar, com base no item 14 e seus subitens do Edital do Concurso Público nº 01/2013 - CREF12/PE, DANIELA AMORIM DOS SANTOS, portadora do RG nº 7.751.936 SDS/PE e inscrita no CPF sob o nº 088.012.834-82, 11º colocada no citado concurso - inscrição nº 234.00583506/3, para o cargo de Agente de Fiscalização do CREF12/PE, a partir de 26 de junho de 2017, com remuneração mensal de R$ 3.584,50 (três mil, quinhentos e oitenta e quatro reais e cinquenta centavos).  Esta Portaria tem seus efeitos a partir de 26 de junho de 2017.</p>]]></Texto>
    <Autores>
      <assina>Nadja Regueira Harrop</assina>
    </Autores>
  </body>
</article></xml>