<xml><article id="645545" name="DOU 2-PGR-PT-1264-UNI-486129_CRI" idOficio="4588645" pubName="DO2" artType="Portaria" pubDate="01/12/2017" artClass="00033:00001:00000:00000:00000:00000:00000:00000:00000:00000:00025:00008" artSection="Ministério Público da União" artCategory="Atos do Procurador-Geral da República" artSize="8" artNotes="" numberPage="63" pdfPage="http://pesquisa.in.gov.br/imprensa/jsp/visualiza/index.jsp?data=01/12/2017&amp;jornal=529&amp;pagina=63" editionNumber="230">
  <body>
    <Identifica><![CDATA[Portaria nº 1.264, de 28 de novembro de 2017]]></Identifica>
    <Data><![CDATA[]]></Data>
    <Ementa />
    <Titulo />
    <SubTitulo />
    <Texto><![CDATA[<p> A PROCURADORA-GERAL DA REPÚBLICA, no uso de suas atribuições, com fundamento no art. 66 da Lei Complementar nº 75, de 20 de maio de 1993, tendo em vista o disposto na Resolução nº 153, de 3 de junho de 2014, do Conselho Superior do Ministério Público Federal, considerando a Portaria PGR/MPF nº 174, de 5 de março de 2015, e tendo em vista o contido no Procedimento de Gestão Administrativa nº 1.00.000.010980/2017-50, resolve:</p><p>Art. 1º Designar o Subprocurador-Geral da República NICOLAO DINO DE CASTRO E COSTA NETO para representar o Ministério Público Federal perante a Quarta Turma do Superior Tribunal de Justiça (Direito Privado), ficando, assim, incluído na Portaria PGR/MPF nº 573, de 4 de julho de 2017, publicada no D.O.U., Seção 2, pág. 53, de 6 de julho de 2017.</p><p>Art. 2º Esta portaria produz efeitos a partir da data de sua publicação.</p>]]></Texto>
    <Autores>
      <assina>Raquel Elias Ferreira Dodge</assina>
    </Autores>
  </body>
</article></xml>