<xml><article id="644573" name="Portaria 29 30-11-2017" idOficio="4588293" pubName="DO2" artType="Portaria" pubDate="01/12/2017" artClass="00017:00005:00026:00324:00007:00000:00000:00000:00000:00000:00025:00001" artSection="Ministério da Saúde" artCategory="Agência Nacional de Vigilância Sanitária" artSize="8" artNotes="" numberPage="44" pdfPage="http://pesquisa.in.gov.br/imprensa/jsp/visualiza/index.jsp?data=01/12/2017&amp;jornal=529&amp;pagina=44" editionNumber="230">
  <body>
    <Identifica><![CDATA[PORTARIA Nº 29, DE 30 DE NOVEMBRO DE 2017]]></Identifica>
    <Data><![CDATA[]]></Data>
    <Ementa />
    <Titulo />
    <SubTitulo />
    <Texto><![CDATA[<p> A COORDENADORA DE VIGILÂNCIA SANITÁRIA DE PORTOS, AEROPORTOS, FRONTEIRAS E RECINTOS ALFANDEGADOS DO ESTADO DO CEARÁ, no uso da atribuição que lhe conferem o art. 2º e o art. 4º, da Portaria nº 1.744, de 18 de novembro de 2011, publicada no DOU nº. 223, de 22/11/2011 - seção 2 - páginas 38/39, resolve:</p><p>Art. 1º. Exonerar a servidora MELISSA LUCIELE KARLISNKI, Matrícula SIAPE 1749185 da atribuição de CO-RESPONSÁVEL FINANCEIRO - SUBSTITUTO </p><p>Art. 2º. Esta Portaria entrará em vigor na data de sua publicação.</p>]]></Texto>
    <Autores>
      <assina>LILIANNE BRITO DA SILVA ROCHA</assina>
    </Autores>
  </body>
</article></xml>