<xml><article id="643013" name="766-GLEICE PRINSCILA E TIAGO- NO" idOficio="4585797" pubName="DO2" artType="Portaria" pubDate="01/12/2017" artClass="00037:00004:00001:00002:00000:00000:00000:00000:00000:00000:00025:00001" artSection="Poder Judiciário" artCategory="Superior Tribunal de Justiça" artSize="8" artNotes="" numberPage="19-71" pdfPage="http://pesquisa.in.gov.br/imprensa/jsp/visualiza/index.jsp?data=01/12/2017&amp;jornal=529&amp;pagina=19,http://pesquisa.in.gov.br/imprensa/jsp/visualiza/index.jsp?data=01/12/2017&amp;jornal=529&amp;pagina=71" editionNumber="230">
  <body>
    <Identifica><![CDATA[PORTARIA N 766, DE 13 DE NOVEMBRO DE 2017]]></Identifica>
    <Data><![CDATA[]]></Data>
    <Ementa />
    <Titulo />
    <SubTitulo />
    <Texto><![CDATA[<p> </p><p> A DIRETORA-GERAL DA SECRETARIA DO SUPERIOR TRIBUNAL DE JUSTIÇA, com base no item 16.2, XI, b, do Manual de Organização e no disposto nos arts. 9º, II, e 35, I e II, da Lei n. 8.112, de 11 de dezembro de 1990, resolve:</p><p>Art. 1º Efetuar as seguintes alterações no Núcleo de Admissibilidade e Recursos Repetitivos:</p><p>I - Exonerar, a pedido, GLEICE GOLDNER VENDRAMINI PERINI, matrícula S044711, do cargo em comissão de Assessor "A", código CJ-2;</p><p>II - Dispensar PRINSCILA DE PÁDUA MOURÃO, matrícula S031032, da função de confiança de Assistente IV, código FC-4;</p><p>III - Nomear TIAGO IRBER, matrícula S049616, para o cargo em comissão de Assessor "A", código CJ-2, na vaga decorrente da exoneração de Gleice Goldner Vendramini Perini;</p><p>IV - Designar para função de confiança:</p><p>GLEICE GOLDNER VENDRAMINI PERINI, matrícula S044711, Assistente IV, código FC-4, na vaga decorrente da dispensa de Prinscila de Pádua Mourão;</p><p>PRINSCILA DE PÁDUA MOURÃO, matrícula S031032, Assistente II, código FC-2, na vaga decorrente da dispensa de Luana Caséca Ruffo.</p><p>Art. 2º Esta portaria entra em vigor na data de sua publicação.</p>]]></Texto>
    <Autores>
      <assina>Sulamita Avelino Cardoso Marques</assina>
    </Autores>
  </body>
</article></xml>