<xml><article id="643127" name="PORTARIAS- DE 29 DE NOVEMBRO DE " idOficio="4586980" pubName="DO2" artType="Ato" pubDate="01/12/2017" artClass="00017:00005:00026:00324:00021:00000:00000:00000:00000:00000:00001:00001" artSection="Ministério da Saúde" artCategory="Agência Nacional de Vigilância Sanitária" artSize="8" artNotes="" numberPage="44" pdfPage="http://pesquisa.in.gov.br/imprensa/jsp/visualiza/index.jsp?data=01/12/2017&amp;jornal=529&amp;pagina=44" editionNumber="230">
  <body>
    <Identifica><![CDATA[PORTARIAS DE 29 DE NOVEMBRO DE 2017]]></Identifica>
    <Data><![CDATA[]]></Data>
    <Ementa />
    <Titulo />
    <SubTitulo />
    <Texto><![CDATA[<p> O Coordenador de Vigilância Sanitária de Portos, Aeroportos, Fronteiras e Recintos Alfandegados no Estado de Rondônia, nomeado pela Portaria n.º 2.051 de 08 de novembro de 2016, publicada no DOU nº. 215 de 09 de novembro de 2016 no uso das atribuições que lhe confere a Portaria nº. 1.744 de 18 de novembro de 2011, publicada no DOU nº. 223 de 22/11/2011, resolve:</p><p> Nº. 05 - Art. 1º Instituir Comissão Permanente de Licitação nos Termos da Lei nº. 8.666, de 21 de junho de 1993, com a finalidade de elaborarem editais e convites, bem como, receber, examinar e julgar todos os procedimentos licitatórios, relativos à Coordenação de Vigilância Sanitária de Portos, Aeroportos, Fronteiras e Recintos Alfandegados no Estado de Rondônia.</p><p> Art. 2º Designar para constituir a referida Comissão os seguintes servidores:</p><p> HÉLIO LUCIANO DE PAULA, matrícula SIAPE nº. 7693838 - Presidente.</p><p>MOACYR DOS SANTOS MELO, matrícula SIAPE nº. 0694833 - Membro.</p><p>FRANCISCO LOURENÇO JOFRE MENDES, matrícula SIAPE nº. 0694605- Membro.</p><p> Art. 3º. O Presidente será substituído em seus impedimentos legais, pelos Membros designados, obedecida à ordem seqüencial. </p><p> Nº. 06 - Art. 1º Designar MOACYR DOS SANTOS MELO, matrícula SIAPE nº. 694833, para exercer o encargo de Pregoeiro, com a finalidade de proceder aos trabalhos relacionados com o processamento e julgamento das licitações nesta CVPAF-RO/ANVISA, na modalidade pregão, considerando o disposto no art. 3º, inciso IV, da Lei nº. 10.520, 17 de julho de 2002.</p><p> Art. 2º Designar a equipe de apoio ao Pregoeiro, composta pelos seguintes membros:</p><p>HÉLIO LUCIANO DE PAULA, matrícula SIAPE nº. 7693838, FRANCISCO LOURENÇO JOFRE MENDES - matrícula SIAPE nº. 0694605.</p><p> Art. 3º Esta Portaria entra em vigor na data de sua publicação.</p>]]></Texto>
    <Autores>
      <assina>WALDIR ROCHA LIMA</assina>
    </Autores>
  </body>
</article></xml>