<xml><article id="643328" name="trt234401" idOficio="4587793" pubName="DO2" artType="Ato" pubDate="01/12/2017" artClass="00037:00063:00000:00000:00000:00000:00000:00000:00000:00000:00001:00001" artSection="Poder Judiciário" artCategory="Tribunal Regional do Trabalho da 23ª Região" artSize="8" artNotes="" numberPage="81" pdfPage="http://pesquisa.in.gov.br/imprensa/jsp/visualiza/index.jsp?data=01/12/2017&amp;jornal=529&amp;pagina=81" editionNumber="230">
  <body>
    <Identifica><![CDATA[ATO N 93, DE 29 de novembro de 2017]]></Identifica>
    <Data><![CDATA[]]></Data>
    <Ementa />
    <Titulo />
    <SubTitulo />
    <Texto><![CDATA[<p> </p><p> A DESEMBARGADORA VICE-PRESIDENTE ELINEY BEZERRA VELOSO, NO EXERCÍCIO DA PRESIDÊNCIA DO TRIBUNAL REGIONAL DO TRABALHO DA 23ª REGIÃO, no uso de suas atribuições contidas no Regimento Interno, Considerando o contido no PROAD 10530/2017, documento nº 04, Resolve: </p><p>Retificar o ATO TRT/DG/GP-091/2017 para onde se lê "I- ...no período de 1º/dezembro/2017 a 31/dezembro/2017..." "II- Cessar, a partir de 1º/dezembro/2017, os efeitos da PORTARIA TRT/DG - 1530/2017", leia-se: "I-...no período de 1º/dezembro/2017 a 07/janeiro/2018..." e "II - Cessar, a partir de 29/novembro/2017, os efeitos da PORTARIA TRT/DG - 1530/2017".</p><p> A DESEMBARGADORA VICE-PRESIDENTE ELINEY BEZERRA VELOSO, NO EXERCÍCIO DA PRESIDÊNCIA DO TRIBUNAL REGIONAL DO TRABALHO DA 23ª REGIÃO, no uso de suas atribuições contidas no Regimento Interno, Considerando o contido no PROAD 10533/2017, documento nº 5, Resolve:</p><p> Retificar o ATO TRT/DG/GP-090/2017 para onde se lê "...no período de 1º/dezembro/2017 a 31/dezembro/2017..." leia-se: "...no período de 1º/dezembro/2017 a 07/janeiro/2018...".</p>]]></Texto>
    <Autores>
      <assina>ELINEY BEZERRA VELOSO</assina>
      <assina>ELINEY BEZERRA VELOSO</assina>
    </Autores>
  </body>
</article></xml>