<xml><article id="643025" name="PUBLICAÇÃO PORT.APOS.INVAL.EDUAR" idOficio="4585824" pubName="DO2" artType="Portaria" pubDate="01/12/2017" artClass="00031:00024:00106:00000:00000:00000:00000:00000:00000:00000:00025:00001" artSection="Ministério dos Transportes, Portos e Aviação Civil" artCategory="Departamento Nacional de Infraestrutura de Transportes" artSize="8" artNotes="" numberPage="63" pdfPage="http://pesquisa.in.gov.br/imprensa/jsp/visualiza/index.jsp?data=01/12/2017&amp;jornal=529&amp;pagina=63" editionNumber="230">
  <body>
    <Identifica><![CDATA[PORTARIA N 86, DE 28 DE NOVEMBRO DE 2017]]></Identifica>
    <Data><![CDATA[]]></Data>
    <Ementa />
    <Titulo />
    <SubTitulo />
    <Texto><![CDATA[<p>O SUPERINTENDENTE REGIONAL NO ESTADO DO RIO DE JANEIRO DO DEPARTAMENTO NACIONAL DE INFRAESTRUTURA DE TRANSPORTES- DNIT, no uso das suas atribuições regimentais e da competência delegada pela Portaria nº 931 de 30 de maio de 2016, publicada no Diário Oficial da União de 01 de junho de 2016, e tendo em vista o que consta do processo nº 50607.002296/2017-07, resolve:</p><p>            Art. 1º Conceder aposentadoria por invalidez ao servidor EDUARDO DE PAULA SILVA, matrículas DNIT nº 986-5 e SIAPE nº 748285, ocupante do cargo de Técnico de Nível Médio, Classe "Especial", Padrão III, Nível Intermediário, pertencente ao Quadro de Pessoal Específico desta Autarquia, lotado na Superintendência Regional no Estado do Rio de Janeiro, com fundamento no artigo 40,§ 1º, inciso I da Constituição Federal/1988, com a redação dada pela Emenda constitucional 41/2003, com proventos integrais, calculados na forma do artigo 6ºA da Emenda Constitucional 41/2003, com a redação dada pela Emenda Constitucional nº 70/2012.</p><p>           Art. 2º Esta Portaria entra em vigor na data de sua publicação</p><p>    </p>]]></Texto>
    <Autores>
      <assina>CARLOS ANTONIO MARCOS PASCOAL</assina>
    </Autores>
  </body>
</article></xml>