<xml><article id="645149" name="Portaria227 mlrs exon nom Glauco" idOficio="4588531" pubName="DO2" artType="Portaria" pubDate="01/12/2017" artClass="00031:00001:00000:00000:00000:00000:00000:00000:00000:00000:00025:00001" artSection="Ministério dos Transportes, Portos e Aviação Civil" artCategory="Gabinete do Ministro" artSize="8" artNotes="" numberPage="60" pdfPage="http://pesquisa.in.gov.br/imprensa/jsp/visualiza/index.jsp?data=01/12/2017&amp;jornal=529&amp;pagina=60" editionNumber="230">
  <body>
    <Identifica><![CDATA[PORTARIAS DE 30 DE NOVEMBRO DE 2017]]></Identifica>
    <Data><![CDATA[]]></Data>
    <Ementa />
    <Titulo />
    <SubTitulo />
    <Texto><![CDATA[<p>A CHEFE DE GABINETE DO MINISTRO DE ESTADO DOS TRANSPORTES, PORTOS E AVIAÇÃO CIVIL, no uso da competência que lhe foi subdelegada nos termos do inciso I, do art. 4º, da Portaria Ministerial nº 498, de 12 de junho de 2017, publicada no Diário Oficial da União de 13 de junho de 2017, e considerando a Mensagem nº 02306/2017, de 21 de novembro de 2017, da Secretaria de Gestão do Ministério do Planejamento, Desenvolvimento e Gestão, resolve:</p><p>Nº 967 Exonerar GLAUCO GOMES DIAS, CPF nº 017.037.011-94, do cargo de Assistente, código DAS 102.2, do Gabinete do Ministro dos Transportes, Portos e Aviação Civil.</p><p>Nº 968 Nomear SONIA MARIA DO NASCIMENTO, CPF nº 704.027.877-49, para exercer o cargo de Assistente, código DAS 102.2, do Gabinete do Ministro dos Transportes, Portos e Aviação Civil.</p>]]></Texto>
    <Autores>
      <assina>ANA PATRIZIA GONÇALVES LIRA</assina>
    </Autores>
  </body>
</article></xml>