<xml><article id="650444" name="2068.GUILHERME BERSE - PRT18GO-1" idOficio="4586260" pubName="DO2" artType="Portaria" pubDate="04/12/2017" artClass="00033:00008:00001:00004:00000:00000:00000:00000:00000:00000:00025:00001" artSection="Ministério Público da União" artCategory="Ministério Público do Trabalho" artSize="8" artNotes="" numberPage="60" pdfPage="http://pesquisa.in.gov.br/imprensa/jsp/visualiza/index.jsp?data=04/12/2017&amp;jornal=529&amp;pagina=60" editionNumber="231">
  <body>
    <Identifica><![CDATA[PORTARIA Nº 2.068, DE 28 DE NOVEMBRO DE 2017]]></Identifica>
    <Data><![CDATA[]]></Data>
    <Ementa />
    <Titulo />
    <SubTitulo />
    <Texto><![CDATA[<p> A DIRETORA-GERAL ADJUNTA DO MINISTÉRIO PÚBLICO DO TRABALHO, no uso da competência que lhe foi delegada pela Portaria DG-MPT nº 86, de 30 de março de 2016, e o que consta no PGEA/MPT nº 000086.2017.18.903/0, resolve:</p><p>Art.1º Nomear GUILHERME BERSE RODRIGUES LAMBAIS, bacharel em Ciências Econômicas, para o cargo em comissão de Assessor Nível IV da Procuradoria Geral do Trabalho, código CC-4.</p><p>Art. 2º O servidor terá exercício na Procuradoria Regional do Trabalho da 18ª Região/GO.</p>]]></Texto>
    <Autores>
      <assina>SANDRA CRISTINA DE ARAÚJO</assina>
    </Autores>
  </body>
</article></xml>