<xml><article id="643439" name="Portaria Dirap 3PC2, 6.059 e 6.0" idOficio="4587840" pubName="DO2" artType="Portaria" pubDate="01/12/2017" artClass="00010:00006:00005:00046:00000:00000:00000:00000:00000:00000:00025:00002" artSection="Ministério da Defesa" artCategory="Comando da Aeronáutica" artSize="8" artNotes="" numberPage="7" pdfPage="http://pesquisa.in.gov.br/imprensa/jsp/visualiza/index.jsp?data=01/12/2017&amp;jornal=529&amp;pagina=7" editionNumber="230">
  <body>
    <Identifica><![CDATA[PORTARIA DIRAP N 6.059/3PC2, DE 29 DE NOVEMBRO DE 2017]]></Identifica>
    <Data><![CDATA[]]></Data>
    <Ementa />
    <Titulo />
    <SubTitulo />
    <Texto><![CDATA[<p> </p><p>O DIRETOR DE ADMINISTRAÇÃO DO PESSOAL, no uso da competência que lhe foi subdelegada pela Portaria nº 377/GC3, de 7 de julho de 2011, art. 1º, inciso VI, publicada no DOU nº 130, Seção 1, de 8 de julho de 2011, e considerando o Processo nº 67280.040306/2016-46, resolve:</p><p> Conceder aposentadoria a OZENI CANDIDA MARIA DA CONCEIÇÃO (Nr Ord 4501330), SIAPE nº 0213539, no cargo de Assistente em Ciência e Tecnologia, código 407002, classe "Assistente 1", padrão IV, NI, de acordo com o art. 3º da  Emenda Constitucional nº 47, de 5 de julho de 2005, acrescida da Vantagem Pessoal Nominalmente Identificada - VPNI, correspondente a 6/10 (seis décimos) de FG-3, prevista no art. 3º da Medida Provisória nº 2.225-45, de 4 de setembro de 2001. Código de vaga nº 91130.</p><p> </p>]]></Texto>
    <Autores>
      <assina>Maj Brig Ar LEONIDAS DE ARAÚJO MEDEIROS JÚNIOR</assina>
    </Autores>
  </body>
</article></xml>