<xml><article id="658251" name="EXTRATO DOU PORTARIA 256A-2016 -" idOficio="4587774" pubName="DO2" artType="Portaria" pubDate="05/12/2017" artClass="00038:00183:00000:00000:00000:00000:00000:00000:00000:00000:00025:00001" artSection="Entidades de Fiscalização do Exercício das Profissões Liberais" artCategory="Conselho Regional de Educação Física da 12ª Região" artSize="8" artNotes="" numberPage="55" pdfPage="http://pesquisa.in.gov.br/imprensa/jsp/visualiza/index.jsp?data=05/12/2017&amp;jornal=529&amp;pagina=55" editionNumber="232">
  <body>
    <Identifica><![CDATA[PORTARIA nº 256A, de 5 de julho de /2016]]></Identifica>
    <Data><![CDATA[]]></Data>
    <Ementa />
    <Titulo />
    <SubTitulo />
    <Texto><![CDATA[<p> A Presidente, no uso de suas atribuições que são conferidas pela Lei 9.696/1998, e por seu Estatuto, resolve: </p><p>Art. 1º-Alterar a composição da Comissão Permanente de Licitação - CPL do Conselho Regional de Educação Física da 12ª Região / Pernambuco - Alagoas, passando a ser composta dos seguintes funcionários: NOME CARGO RG Antônio do Amaral Fontan Neto Presidente 2002001302854 SEDS/AL Ângelo Sebastião Ferreira Carvalho Júnior Membro 2.929.128 SSP/PI Arthur Fellipe de Holanda Firmo Membro 7.523.307 SDS/PE Wellington Nogueira Lima Suplente 6.317.804 SSP/PE Art. 2º - A presente Portaria retroage seus efeitos a partir de 01 de julho de 2016. Art. 3º - Revogam-se as disposições em contrário</p>]]></Texto>
    <Autores>
      <assina>Nadja Regueira Harrop</assina>
    </Autores>
  </body>
</article></xml>