<xml><article id="645958" name="2017-11-30/4588179/TCUWS_1035533" idOficio="4588179" pubName="DO2" artType="Portaria" pubDate="01/12/2017" artClass="00034:00001:00000:00000:00000:00000:00000:00000:00000:00000:00025:00004" artSection="Tribunal de Contas da União" artCategory="Gabinete do Presidente" artSize="8" artNotes="" numberPage="67" pdfPage="http://pesquisa.in.gov.br/imprensa/jsp/visualiza/index.jsp?data=01/12/2017&amp;jornal=529&amp;pagina=67" editionNumber="230">
  <body>
    <Identifica><![CDATA[PORTARIA N 523, DE 30 DE NOVEMBRO DE 2017]]></Identifica>
    <Data><![CDATA[]]></Data>
    <Ementa />
    <Titulo />
    <SubTitulo />
    <Texto><![CDATA[<p> O PRESIDENTE DO TRIBUNAL DE CONTAS DA UNIÃO, no uso da atribuição que lhe confere o art. 70, inciso III, da Lei nº 8.443, de 16 de julho de 1992, e tendo em vista as informações constantes do processo TC 000.067/2017-2, resolve:</p><p>Conceder aposentadoria voluntária, com proventos integrais, à servidora ERENIDES MARIA DE SOUZA, CPF nº 323.584.401-59, matrícula 2367-1, no cargo de Técnico Federal de Controle Externo, Área Apoio Técnico e Administrativo, Especialidade Técnica Administrativa, Classe Especial, Padrão 13, do Quadro de Pessoal da Secretaria deste Tribunal, com fundamento no art. 3º da Emenda Constitucional nº 47, de 5 de julho de 2005, acrescidos das vantagens previstas no art. 15, § 1º, da Lei nº 9.527, de 10 de dezembro de 1997, e no art. 67 da Lei nº 8.112, de 11 de dezembro de 1990, asseguradas pelo art. 13 da Lei nº 9.624, de 2 de abril de 1998</p>]]></Texto>
    <Autores>
      <assina>RAIMUNDO CARREIRO</assina>
    </Autores>
  </body>
</article></xml>