<xml><article id="644828" name="DouRTFDelegacao30112017" idOficio="4588395" pubName="DO2" artType="Portaria" pubDate="01/12/2017" artClass="00011:00130:00001:00017:00000:00000:00000:00000:00000:00000:00025:00001" artSection="Ministério da Educação" artCategory="Universidade Federal do Rio de Janeiro" artSize="8" artNotes="" numberPage="30" pdfPage="http://pesquisa.in.gov.br/imprensa/jsp/visualiza/index.jsp?data=01/12/2017&amp;jornal=529&amp;pagina=30" editionNumber="230">
  <body>
    <Identifica><![CDATA[PORTARIAS DE 30 de Novembro de 2017]]></Identifica>
    <Data><![CDATA[]]></Data>
    <Ementa />
    <Titulo />
    <SubTitulo />
    <Texto><![CDATA[<p> O Pró-Reitor de Pessoal - PR-4, no uso de suas atribuições delegadas pelo Reitor da Universidade Federal do Rio de Janeiro, através da Portaria nº 944  de 09 de Fevereiro  de 2017, publicada no Diário Oficial da União nº 30 de 10/02/2017, resolve:</p><p>Nº 10.603, Dispensar, a pedido,  NADIR DE BRITO SANCHES, Matrícula Siape nº 0265308, Engenheiro/área, da Função Gratificada de Assessor da Direção, do(a) Instituto de Macromoléculas, FG-2, a partir de 22/10/2017, processo nº  23079.000171/17-87.</p><p>Nº 10.604, Dispensar, a pedido,  PAULO CEZAR MARTINS RIBEIRO, Matrícula Siape nº 0361140, Professor do Magistério Superior, da Função Gratificada de Coord de Pós-Grad do Curso de Engenharia de Transporte, do(a) Coordenação de Programas de Pos Graduação em Engenharia, FUC-1, a partir de 05/11/2017, processo nº  23079.000171/17-87.</p><p> </p>]]></Texto>
    <Autores>
      <assina>AGNALDO FERNANDES SILVA</assina>
    </Autores>
  </body>
</article></xml>