<xml><article id="643010" name="Gabarito DOU - Leslie e Rogério" idOficio="4585772" pubName="DO2" artType="Portaria" pubDate="01/12/2017" artClass="00037:00024:00000:00000:00000:00000:00000:00000:00000:00000:00025:00001" artSection="Poder Judiciário" artCategory="Tribunal Regional Eleitoral de Minas Gerais" artSize="8" artNotes="" numberPage="73" pdfPage="http://pesquisa.in.gov.br/imprensa/jsp/visualiza/index.jsp?data=01/12/2017&amp;jornal=529&amp;pagina=73" editionNumber="230">
  <body>
    <Identifica><![CDATA[PORTARIA Nº 201, DE 2 DE AGOSTO DE 2017]]></Identifica>
    <Data><![CDATA[]]></Data>
    <Ementa />
    <Titulo />
    <SubTitulo />
    <Texto><![CDATA[<p> O DESEMBARGADOR PRESIDENTE DO TRIBUNAL REGIONAL ELEITORAL DE MINAS GERAIS, no uso de suas atribuições e tendo em vista o disposto no art. 37 da Lei n.º 8.112, de 11 de dezembro de 1990, na Resolução TSE n.º 23.430, de 12 de agosto de 2014, na Portaria TRE/MG n.º 46, de 18 de março de 2015, e no Processo Administrativo Digital n.º 1706386/2017, resolve:</p><p> Art. 1º - REDISTRIBUIR o cargo de Analista Judiciário - Área Judiciária, criado pela Lei n.º 10.842/2004, ocupado pela servidora LÉSLIE CAROLINE TRINDADE FRANCISCO, pertencente ao Quadro de Pessoal deste Tribunal Regional Eleitoral de Minas Gerais, em reciprocidade com o cargo de mesma denominação ocupado pelo servidor ROGÉRIO GONÇALVES RESENDE, pertencente ao Quadro de Pessoal do Tribunal Regional Eleitoral de Goiás.</p><p>Art. 2º Esta portaria entrará em vigor na data de sua publicação.</p>]]></Texto>
    <Autores>
      <assina>EDGARD PENNA AMORIM</assina>
    </Autores>
  </body>
</article></xml>