<xml><article id="644906" name="PORTARIA Nº 225, DE 30 DE NOVEMB" idOficio="4588432" pubName="DO2" artType="Portaria" pubDate="01/12/2017" artClass="00027:00002:00024:00005:00000:00000:00000:00000:00000:00000:00025:00001" artSection="Ministério do Trabalho" artCategory="Secretaria Executiva" artSize="8" artNotes="" numberPage="59" pdfPage="http://pesquisa.in.gov.br/imprensa/jsp/visualiza/index.jsp?data=01/12/2017&amp;jornal=529&amp;pagina=59" editionNumber="230">
  <body>
    <Identifica><![CDATA[PORTARIA Nº 225, DE 30 DE NOVEMBRO DE 2017]]></Identifica>
    <Data><![CDATA[]]></Data>
    <Ementa />
    <Titulo />
    <SubTitulo />
    <Texto><![CDATA[<p> O COORDENADOR-GERAL DE GESTÃO DE PESSOAS, no uso da competência que lhe foi delegada pela Portaria/GM/MTE nº 292, de 09 de fevereiro de 2012, publicada no Diário Oficial da União de 10 de fevereiro de 2012 e tendo em vista o que consta do processo nº 46222.009235/2017-18, resolve: </p><p>Art. 1º Declarar vago, com fundamento no inciso IX do artigo 33, da Lei nº 8.112, de 11 de dezembro de 1990, a partir de 1º de outubro de 2017, em virtude de falecimento, o cargo de Agente de Vigilância, Classe "S", Padrão III, código de vaga nº 196971, ocupado pelo servidor SEBASTIÃO DIAS DOS SANTOS, matricula SIAPE nº 250561, do quadro permanente deste Ministério, da Agência Regional do Trabalho em Barbarena no Estado do Pará.</p><p>Art. 2º Esta Portaria entra em vigor na data de sua publicação.</p>]]></Texto>
    <Autores>
      <assina>PAULO RICARDO FERRONATO</assina>
    </Autores>
  </body>
</article></xml>