<xml><article id="645473" name="DOU 2-TO-1PT-184-UNI-19830_terc7" idOficio="4588645" pubName="DO2" artType="Portaria" pubDate="01/12/2017" artClass="00033:00007:00049:00000:00000:00000:00000:00000:00000:00000:00025:00028" artSection="Ministério Público da União" artCategory="Ministério Público Federal" artSize="8" artNotes="" numberPage="66" pdfPage="http://pesquisa.in.gov.br/imprensa/jsp/visualiza/index.jsp?data=01/12/2017&amp;jornal=529&amp;pagina=66" editionNumber="230">
  <body>
    <Identifica><![CDATA[PORTARIA nº 184, de 29 de novembro de 2017]]></Identifica>
    <Data><![CDATA[]]></Data>
    <Ementa />
    <Titulo />
    <SubTitulo />
    <Texto><![CDATA[<p>   O PROCURADOR-CHEFE DA PROCURADORIA DA REPÚBLICA NO ESTADO DO TOCANTINS, no uso das atribuições que lhe foram conferidas pelo Regimento Interno Administrativo do MPF, aprovado pela Portaria PGR nº 382, de 05 de maio de 2015, resolve:</p><p>  Art. 1º. DISPENSAR, a partir de 04 de dezembro de 2017, a servidora requisitada MYKAELLA SALES SOUSA, matrícula nº 27708, da função de confiança de Secretário Nível I - FC-1, da Chefia de Gabinete, da Procuradoria da República no Estado do Tocantins.</p><p>  </p><p> </p>]]></Texto>
    <Autores>
      <assina>DANIEL LUZ MARTINS DE CARVALHO</assina>
    </Autores>
  </body>
</article></xml>