<xml><article id="643148" name="SGP171" idOficio="4587255" pubName="DO2" artType="Portaria" pubDate="01/12/2017" artClass="00037:00028:00001:00000:00000:00000:00000:00000:00000:00000:00025:00001" artSection="Poder Judiciário" artCategory="Tribunal Regional Eleitoral de Pernambuco" artSize="8" artNotes="" numberPage="74" pdfPage="http://pesquisa.in.gov.br/imprensa/jsp/visualiza/index.jsp?data=01/12/2017&amp;jornal=529&amp;pagina=74" editionNumber="230">
  <body>
    <Identifica><![CDATA[PORTARIA Nº 1.188, DE 29 DE NOVEMBRO DE 2017]]></Identifica>
    <Data><![CDATA[]]></Data>
    <Ementa />
    <Titulo />
    <SubTitulo />
    <Texto><![CDATA[<p> O DESEMBARGADOR PRESIDENTE DO TRIBUNAL REGIONAL ELEITORAL DE PERNAMBUCO, no uso de suas atribuições legais, tendo em vista o contido no Processo SEI nº 0038045-59.2017.6.17.8000, resolve </p><p>conceder a ANA CRISTINA FERREIRA CAVALCANTE, ocupante do cargo efetivo de Técnico Judiciário, Área Administrativa, Classe C, Padrão 13, do quadro de pessoal permanente do Tribunal Regional Eleitoral de Pernambuco, APOSENTADORIA VOLUNTÁRIA, nos termos do art. 3º da Emenda Constitucional nº 47/05, com proventos integrais compostos pelas seguintes rubricas: VENCIMENTO DO CARGO DE TÉCNICO JUDICIÁRIO, Classe C, Padrão 13 - Art. 12 e Anexo II da Lei nº 11.416/2006, com a redação dada pela Lei 13.317/2016; GRATIFICAÇÃO DE ATIVIDADE JUDICIÁRIA - art. 13 da Lei 11.416/06, com a redação dada pela Lei 13.317/2016; ADICIONAL POR TEMPO DE SERVIÇO - art. 6º da Lei nº 9.624/98, c/c a Medida Provisória nº 1.815/99; VANTAGEM PESSOAL NOMINALMENTE IDENTIFICADA (VPNI), decorrente dos quintos incorporados - art. 15 da Lei 9.527/97; ADICIONAL DE QUALIFICAÇÃO - arts. 14 e 15, inciso III, ambos da Lei 11.416/2006, c/c o art. 18 da Resolução TSE 23.380/2012; e REMUNERAÇÃO (ANTIGA OPÇÃO) da Função Comissionada do nível FC-6 - Acórdão nº 2076/2005-TCU-Plenário.</p>]]></Texto>
    <Autores>
      <assina>LUIZ CARLOS DE BARROS FIGUEIRÊDO</assina>
    </Autores>
  </body>
</article></xml>