<xml><article id="644606" name="PTS62E63PORTOVELHO" idOficio="4588271" pubName="DO2" artType="Portaria" pubDate="01/12/2017" artClass="00022:00029:00238:00014:00000:00000:00000:00000:00000:00000:00025:00001" artSection="Ministério do Desenvolvimento Social" artCategory="Instituto Nacional do Seguro Social" artSize="8" artNotes="" numberPage="49" pdfPage="http://pesquisa.in.gov.br/imprensa/jsp/visualiza/index.jsp?data=01/12/2017&amp;jornal=529&amp;pagina=49" editionNumber="230">
  <body>
    <Identifica><![CDATA[PORTARIAS DE 30 DE NOVEMBRO DE 2017]]></Identifica>
    <Data><![CDATA[]]></Data>
    <Ementa />
    <Titulo />
    <SubTitulo />
    <Texto><![CDATA[<p> </p><p> </p><p> O GERENTE-EXECUTIVO SUBSTITUTO DO INSTITUTO NACIONAL DO SEGURO SOCIAL, em Porto Velho - RO, no uso das atribuições que lhe confere o Decreto n° 9.104, de 24 de julho de 2017, que aprova a Estrutura Regimental e o Quadro Demonstrativo dos Cargos em Comissão, das Funções Gratificadas e das Funções Comissionadas do INSS, considerando a subdelegação de competência de que trata a Portaria nº. 800/PRES/INSS de 06.09.2011, publicada no DOU nº. 173, de 08.09.2011, resolve:</p><p>N  62 - DISPENSAR MARIA REGINA FONTINELLI MOURA COUTO, Técnico do Seguro Social, Matrícula 0700349, CPF n° 139.141.382-20,  da Função Gratificada de Supervisor Operacional de Benefícios, FG-3, da Agência de Previdência Social de Ji-Paraná, Código 26.001.04.0, vinculada à Gerência Executiva de Porto Velho - RO.</p><p>N  63 - DESIGNAR DORACI DE FÁTIMA MALINI FRANCO, Técnico do Seguro Social, Matrícula 0995188, CPF n° 247.152.768-01, para exercer a Função Gratificada de Supervisor Operacional de Benefícios, FG-3, da Agência de Previdência Social de Ji-Paraná, Código 26.001.04.0, vinculada à Gerência Executiva de Porto Velho - RO.</p>]]></Texto>
    <Autores>
      <assina>FRANCIOMAR MENEGUETTI LOPES</assina>
    </Autores>
  </body>
</article></xml>