<xml><article id="643760" name="ATO PORTARIA Nº 680" idOficio="4587955" pubName="DO2" artType="Portaria" pubDate="01/12/2017" artClass="00009:00002:00000:00000:00000:00000:00000:00000:00000:00000:00000:00003" artSection="Ministério da Cultura" artCategory="Secretaria Executiva" artSize="8" artNotes="" numberPage="6" pdfPage="http://pesquisa.in.gov.br/imprensa/jsp/visualiza/index.jsp?data=01/12/2017&amp;jornal=529&amp;pagina=6" editionNumber="230">
  <body>
    <Identifica><![CDATA[PORTARIA N 680, DE 27 DE NOVEMBRO DE 2017]]></Identifica>
    <Data><![CDATA[]]></Data>
    <Ementa />
    <Titulo />
    <SubTitulo />
    <Texto><![CDATA[<p>  </p><p> A SECRETÁRIA-EXECUTIVA DO MINISTÉRIO DA CULTURA, no uso da competência que lhe foi delegada pela Portaria MinC nº 300, de 10 de outubro de 2016, e tendo em vista o Decreto nº 8.837, de 17 de agosto de 2016, resolve:</p><p>Nomear MILENA PEREIRA DE OLIVEIRA para exercer o cargo de Chefe de Serviço, UORG 844, código DAS 101.1, da Coordenação-Geral de Execução Orçamentária e Financeira, da Subsecretaria de Planejamento, Orçamento e Administração, da Secretaria-Executiva.</p>]]></Texto>
    <Autores>
      <assina>MARIANA RIBAS DA SILVA</assina>
    </Autores>
  </body>
</article></xml>