<xml><article id="644612" name="2017-11-30/4588272/TCUWS_1035547" idOficio="4588272" pubName="DO2" artType="Portaria" pubDate="01/12/2017" artClass="00034:00008:00002:00003:00000:00000:00000:00000:00000:00000:00025:00001" artSection="Tribunal de Contas da União" artCategory="Secretaria-Geral de Administração" artSize="8" artNotes="" numberPage="68" pdfPage="http://pesquisa.in.gov.br/imprensa/jsp/visualiza/index.jsp?data=01/12/2017&amp;jornal=529&amp;pagina=68" editionNumber="230">
  <body>
    <Identifica><![CDATA[PORTARIA N 566, DE 30 DE NOVEMBRO DE 2017]]></Identifica>
    <Data><![CDATA[]]></Data>
    <Ementa />
    <Titulo />
    <SubTitulo />
    <Texto><![CDATA[<p> </p><p> O DIRETOR DE PAGAMENTO DE PESSOAL DO TRIBUNAL DE CONTAS DA UNIÃO, no uso das atribuições que lhe confere o disposto nos incisos IV, V e VI do art. 1° da Portaria n° 2, de 2 de janeiro de 2017, do Secretário de Gestão de Pessoas deste Tribunal, e tendo em vista o que consta da Portaria-SECECEX nº 28, de 31 de outubro de 2017, resolve: </p><p>Art. 1º Designar MARCELO MORAES RODRIGUES, Matrícula 4577-2, AUFC, para exercer, na Secretaria de Controle Externo da Administração Indireta no Rio de Janeiro/Segecex, a função de confiança de Especialista Sênior I, código FC-3 (Direção), no período compreendido entre a data de publicação desta Portaria e 31 de dezembro de 2017. </p><p>Art. 2º Esta Portaria entra em vigor na data de sua publicação.</p>]]></Texto>
    <Autores>
      <assina>LUIZ EDUARDO RODRIGUES PEREIRA DA COSTA</assina>
    </Autores>
  </body>
</article></xml>