<xml><article id="644975" name="DOU_Portaria_302_Carla Rici" idOficio="4588459" pubName="DO2" artType="Portaria" pubDate="01/12/2017" artClass="00037:00036:00001:00000:00000:00000:00000:00000:00000:00000:00025:0002" artSection="Poder Judiciário" artCategory="Tribunal Regional Eleitoral de São Paulo" artSize="8" artNotes="" numberPage="74" pdfPage="http://pesquisa.in.gov.br/imprensa/jsp/visualiza/index.jsp?data=01/12/2017&amp;jornal=529&amp;pagina=74" editionNumber="230">
  <body>
    <Identifica><![CDATA[PORTARIA n 302, de 17 de novembro de 2017]]></Identifica>
    <Data><![CDATA[]]></Data>
    <Ementa />
    <Titulo />
    <SubTitulo />
    <Texto><![CDATA[<p> O DESEMBARGADOR PRESIDENTE DO TRIBUNAL REGIONAL ELEITORAL DE SÃO PAULO, no uso de suas atribuições,</p><p>considerando o disposto no art. 36, inciso III, alínea "a" da Lei n. 8.112, de 11 de dezembro de 1990, e no art. 20, inciso I, da Resolução TSE n. 23.092, de 03 de agosto de 2009; e </p><p>considerando a decisão proferida no procedimento administrativo PAD n. 5802/2016, deste Tribunal, , resolve:</p><p>Art. 1º DETERMINAR O RETORNO da servidora Carla Gonçalves Rici Gomes, Analista Judiciária - Área Judiciária, do Quadro de Pessoal deste Tribunal, ora removida para acompanhamento de cônjuge para o Tribunal Regional Eleitoral de Minas Gerais, removendo-a para a 312ª Zona Eleitoral - São José do Rio Preto.</p><p>Art. 2º CONCEDER 10 (dez) dias de trânsito à servidora, com base nos artigos 18 da Lei n. 8.112/1990 e 22 da Resolução TSE n. 23.092/2009 a partir de 8.1.2018. </p><p> </p>]]></Texto>
    <Autores>
      <assina>MÁRIO DEVIENNE FERRAZ</assina>
    </Autores>
  </body>
</article></xml>