<xml><article id="643511" name="Ato 140.2017 Redistribuição Livi" idOficio="4587885" pubName="DO2" artType="Ato" pubDate="01/12/2017" artClass="00037:00046:00000:00000:00000:00000:00000:00000:00000:00000:00001:00001" artSection="Poder Judiciário" artCategory="Tribunal Regional do Trabalho da 7ª Região" artSize="8" artNotes="" numberPage="77" pdfPage="http://pesquisa.in.gov.br/imprensa/jsp/visualiza/index.jsp?data=01/12/2017&amp;jornal=529&amp;pagina=77" editionNumber="230">
  <body>
    <Identifica><![CDATA[ATO Nº 140, DE 27 de novembro de 2017]]></Identifica>
    <Data><![CDATA[]]></Data>
    <Ementa />
    <Titulo />
    <SubTitulo />
    <Texto><![CDATA[<p>A PRESIDENTE DO TRIBUNAL REGIONAL DO TRABALHO DA 7ª REGIÃO, no uso de suas atribuiões legais, com fulcro no artigo 37 da Lei nº 8.112/90, artigo 20 da Lei nº 11.416/2006, e na forma regulamentada pela Resolução nº 146/2012, do Conselho Nacional de Justiça - CNJ e dando cumprimento ao contido na Resolução Administrativa TRT7ª nº 393/2017, de 17 de outubro de 2017 (Processo TRT Nº 737/2017 e PROAD 3259/2017), resolve</p><p>I - CESSAR, a contar de 1º.12.2017, os efeitos da Portaria TRT7. Nº 62/2017, publicada no Diário Oficial da União em 13 de fevereiro de 2017, referente à remoção da servidora TERESA LUISA RODRIGUES DE ALENCAR, Técnica Judiciária - Área Administrativa do Quadro Permanente de Pessoal deste Regional, mediante permuta com a servidora do Tribunal Regional do Trabalho da 19ª Região, LÍVIA ROLIM SANTIAGO.</p><p>II - REDISTRIBUIR, a contar de 1º.12.2017, o cargo efetivo de Técnico Judiciário - Área Administrativa do Quadro Permanente de Pessoal deste Tribunal, ocupado pela servidora TERESA LUÍSA RODRIGUES DE ALENCAR, enquadrado na Classe "B", Padrão "8", em reciprocidade com o cargo de Técnico Judiciário - Área Administrativa, Classe "C", Padrão "11", pertencente ao Tribunal Regional do Trabalho da 19ª Região, ocupado pela servidora LÍVIA ROLIM SANTIAGO.</p><p> </p><p> </p>]]></Texto>
    <Autores>
      <assina>MARIA JOSÉ GIRÃO</assina>
    </Autores>
  </body>
</article></xml>