<xml><article id="697259" name="ATO_1072" idOficio="4588625" pubName="DO2" artType="Ato" pubDate="11/12/2017" artClass="00037:00007:00001:00000:00000:00000:00000:00000:00000:00000:00001:00002" artSection="Poder Judiciário" artCategory="Tribunal Regional Federal da 1ª Região" artSize="8" artNotes="" numberPage="212" pdfPage="http://pesquisa.in.gov.br/imprensa/jsp/visualiza/index.jsp?data=11/12/2017&amp;jornal=529&amp;pagina=212" editionNumber="236">
  <body>
    <Identifica><![CDATA[ATO Nº 1.072, DE 29 DE NOVEMBRO DE 2017]]></Identifica>
    <Data><![CDATA[]]></Data>
    <Ementa />
    <Titulo />
    <SubTitulo />
    <Texto><![CDATA[<p> O PRESIDENTE DO TRIBUNAL REGIONAL FEDERAL DA 1ª REGIÃO, no uso de suas atribuições legais e regimentais e tendo em vista o constante nos autos do PAe 0014249-36.2017.4.01.8005, resolve:</p><p>NOMEAR, nos termos do art. 9º, II, da Lei 8.112/1990, c/c a Lei 8.647/1993, a bacharela em direito LILIANE SILVA SOUZA, para exercer o Cargo em Comissão, Código CJ-3, de Diretor de Secretaria da 17ª Vara Federal da Seção Judiciária do Distrito Federal, em decorrência da exoneração de Carlene Lima Ranieri.</p>]]></Texto>
    <Autores>
      <assina>Des. HILTON QUEIROZ</assina>
    </Autores>
  </body>
</article></xml>