<xml><article id="703971" name="D 3147 E 3148 Nomear OCTAVIO MOR" idOficio="4587333" pubName="DO2" artType="Portaria" pubDate="11/12/2017" artClass="00017:00001:00000:00000:00000:00000:00000:00000:00000:00000:00000:00009" artSection="Ministério da Saúde" artCategory="Gabinete do Ministro" artSize="8" artNotes="" numberPage="193" pdfPage="http://pesquisa.in.gov.br/imprensa/jsp/visualiza/index.jsp?data=11/12/2017&amp;jornal=529&amp;pagina=193" editionNumber="236">
  <body>
    <Identifica><![CDATA[PORTARIAS DE 23 DE NOVEMBRO DE 2017]]></Identifica>
    <Data><![CDATA[]]></Data>
    <Ementa />
    <Titulo />
    <SubTitulo />
    <Texto><![CDATA[<p> O MINISTRO DE ESTADO DA SAÚDE, no uso da competência que lhe foi delegada pelo art. 3º, do Decreto nº 8.821, de 26 de julho de 2016, resolve:</p><p>Nº 3.147 - Exonerar GABRIEL DOS SANTOS SERPA do cargo de Chefe da Divisão de Tomada de Contas Especial, código DAS-101.2, nº 05.0264, da Coordenação de Contabilidade, da Coordenação-Geral de Execução Orçamentária, Financeira e Contábil, da Diretoria-Executiva do Fundo Nacional de Saúde, da Secretaria-Executiva</p><p>Nº 3.148 - Nomear OCTAVIO MOREIRA GOUVEIA BARBOSA, para exercer o cargo de Chefe da Divisão de Tomada de Contas Especial, código DAS-101.2, nº 05.0264, da Coordenação de Contabilidade, da Coordenação-Geral de Execução Orçamentária, Financeira e Contábil, da Diretoria-Executiva do Fundo Nacional de Saúde, da Secretaria-Executiva.</p>]]></Texto>
    <Autores>
      <assina>RICARDO BARROS</assina>
    </Autores>
  </body>
</article></xml>