<xml><article id="643031" name="CORREIO ELETRONICO GR - 29.11.17" idOficio="4585895" pubName="DO2" artType="Portaria" pubDate="01/12/2017" artClass="00011:00104:00001:00000:00000:00000:00000:00000:00000:00000:00025:00001" artSection="Ministério da Educação" artCategory="Universidade Federal de Alagoas" artSize="8" artNotes="" numberPage="26" pdfPage="http://pesquisa.in.gov.br/imprensa/jsp/visualiza/index.jsp?data=01/12/2017&amp;jornal=529&amp;pagina=26" editionNumber="230">
  <body>
    <Identifica><![CDATA[PORTARIA Nº 2.113 DE 29 DE NOVEMBRO DE 2017]]></Identifica>
    <Data><![CDATA[]]></Data>
    <Ementa />
    <Titulo />
    <SubTitulo />
    <Texto><![CDATA[<p> A REITORA DA UNIVERSIDADE FEDERAL DE ALAGOAS, no uso das atribuições que lhe confere o §1º do art. 15, do Estatuto da UFAL, aprovado pela Port. nº 4067/MEC, de 29.12.03, e tendo em vista o que consta no Proc. nº 23065.040895/17-12, resolve:</p><p>Conceder aposentadoria voluntária, com proventos proporcionais à servidora MARA REJANE ALVES NUNES RIBEIRO, mat./SIAPE nº 1358810, ocupante do cargo de Professor do Magistério Superior, Classe Associado, Nível 04, do quadro de pessoal da UFAL, com fundamento no art. 40, §1º, inciso III, alínea "b" da CF, com redação dada pela EC nº 41/03.</p>]]></Texto>
    <Autores>
      <assina>MARIA VALÉRIA COSTA CORREIA</assina>
    </Autores>
  </body>
</article></xml>