<xml><article id="643667" name="srh3790" idOficio="4587951" pubName="DO2" artType="Portaria" pubDate="01/12/2017" artClass="00011:00107:00000:00000:00000:00000:00000:00000:00000:00000:00025:00001" artSection="Ministério da Educação" artCategory="Universidade Federal de Campina Grande" artSize="8" artNotes="" numberPage="26" pdfPage="http://pesquisa.in.gov.br/imprensa/jsp/visualiza/index.jsp?data=01/12/2017&amp;jornal=529&amp;pagina=26" editionNumber="230">
  <body>
    <Identifica><![CDATA[PORTARIA Nº 3.790, DE 27 DE NOVEMBRO DE 2017]]></Identifica>
    <Data><![CDATA[]]></Data>
    <Ementa />
    <Titulo />
    <SubTitulo />
    <Texto><![CDATA[<p> O REITOR DA UNIVERSIDADE FEDERAL DE CAMPINA GRANDE, no uso da competência que lhe foi delegada pelo Decreto de 8 de fevereiro de 2017 do Ministério da Educação (D.O.U de 09/02/2017), tendo em vista o disposto na Lei 8.112/90, resolve,</p><p> Nomear Janaine Sibelle Freires Aires, em virtude de habilitação em concurso público instituído pelo Edital/CH nº 22/2017, com resultado homologado por meio do Edital/CH nº 29/2017, publicado no D.O.U. de 23/11/2017, com provimento autorizado pelo Decreto 7.485, de 18 de maio de 2011, para o cargo de Professor do Magistério Superior, Classe A - Adjunto, Nível 1, em regime de trabalho T-40 com dedicação exclusiva, com lotação na Unidade Acadêmica de Arte e Mídia do Centro de Humanidade, Campus de Campina Grande, código de vaga nº 0873213, em virtude da aposentadoria da professora Afonsina Maria Guersoni Rezende. (Processo nº 23096.019758/17-87).</p>]]></Texto>
    <Autores>
      <assina>VICEMÁRIO SIMÕES</assina>
    </Autores>
  </body>
</article></xml>