<xml><article id="644909" name="PORTARIA PENSASO29929NOVEMBRO201" idOficio="4588433" pubName="DO2" artType="Portaria" pubDate="01/12/2017" artClass="00007:00003:00072:00000:00000:00000:00000:00000:00000:00000:00025:00001" artSection="Ministério da Agricultura, Pecuária e Abastecimento" artCategory="Secretaria Executiva" artSize="8" artNotes="" numberPage="4" pdfPage="http://pesquisa.in.gov.br/imprensa/jsp/visualiza/index.jsp?data=01/12/2017&amp;jornal=529&amp;pagina=4" editionNumber="230">
  <body>
    <Identifica><![CDATA[PORTARIA Nº 399, DE 29 DE NOVEMBRO DE 2017]]></Identifica>
    <Data><![CDATA[]]></Data>
    <Ementa />
    <Titulo />
    <SubTitulo />
    <Texto><![CDATA[<p> SUPERINTENDENTE FEDERAL DE AGRICULTURA NO ESTADO DO RIO DE JANEIRO, no uso da competência que lhe confere o inciso XVIII, artigo 44 do Regimento Interno, das SFAS, aprovado pela Portaria Ministerial nº 428, de 09 de junho de 2010, publicada no DOU de 14 de junho de 2010, e tendo em vista o disposto nos processos eletrônicos, resolve:</p><p>  Art 1º - CONCEDER pensão de natureza vitalícia à NORMA BARBUTTI DA SILVA, na qualidade de cônjuge, a partir  da data do óbito do ex-servidor DANILLO SAMPAIO DOS SANTOS, falecido na inatividade em 07/11/2017, com fundamento na lei nº 8.112/90, artigo 215 e 217, alínea "a", com nova redação dada pela Lei nº 13.135/2015, item I e artigo 40, parágrafo 7º, inciso I, da Constituição Federal, cota parte 1/1(100), com redação dada pela Emenda Constitucional nº 41, de 19/12/2003.(Sei) 21044.007572/2017-30.</p><p> Art. 2º - Esta Portaria entra em vigor na data de sua publicação</p>]]></Texto>
    <Autores>
      <assina>JOSE ESSIOMAR GOMES DA SILVA</assina>
    </Autores>
  </body>
</article></xml>