<xml><article id="643178" name="SAMFMA0602017" idOficio="4587691" pubName="DO2" artType="Portaria" pubDate="01/12/2017" artClass="00012:00002:00012:00021:00000:00000:00000:00000:00000:00000:00025:00001" artSection="Ministério da Fazenda" artCategory="Secretaria Executiva" artSize="8" artNotes="" numberPage="35" pdfPage="http://pesquisa.in.gov.br/imprensa/jsp/visualiza/index.jsp?data=01/12/2017&amp;jornal=529&amp;pagina=35" editionNumber="230">
  <body>
    <Identifica><![CDATA[PORTARIA Nº 60, DE 29 DE NOVEMBRO DE 2017]]></Identifica>
    <Data><![CDATA[]]></Data>
    <Ementa />
    <Titulo />
    <SubTitulo />
    <Texto><![CDATA[<p> O SUPERINTENDENTE DE ADMINISTRAÇÃO DO MINISTÉRIO DA FAZENDA NO MARANHÃO, no uso de suas atribuições, conferidas pela Portaria Nº.144, de 27/04/2016, do Ministro de Estado da Fazenda, publicada no DOU de 29/04/2016  e tendo em vista o que consta do processo nº 10388.000144/2017-79, resolve:</p><p>Conceder Aposentadoria Voluntária com proventos integrais a servidora ISABEL CRISTINA DA CUNHA RODRIGUES, ocupante do cargo de Datilografo, Classe S, padrão III, Matrícula SIAPEcad nº 00004497, Matrícula SIAPE nº 109362, pertencente ao Quadro Permanente do Ministério da Fazenda, lotada na Procuradoria da Fazenda Nacional no Maranhão, com fundamento no Artigo 3º da Emenda Constitucional nº 47/2005.</p>]]></Texto>
    <Autores>
      <assina>Lauro Luiz Araújo Carvalhal</assina>
    </Autores>
  </body>
</article></xml>