<xml><article id="645011" name="2080.EXONERA VINÍCIUS-17" idOficio="4588467" pubName="DO2" artType="Portaria" pubDate="01/12/2017" artClass="00033:00008:00001:00004:00000:00000:00000:00000:00000:00000:00025:00003" artSection="Ministério Público da União" artCategory="Ministério Público do Trabalho" artSize="8" artNotes="" numberPage="66" pdfPage="http://pesquisa.in.gov.br/imprensa/jsp/visualiza/index.jsp?data=01/12/2017&amp;jornal=529&amp;pagina=66" editionNumber="230">
  <body>
    <Identifica><![CDATA[PORTARIA Nº 2080, DE 29 DE NOVEMBRO DE 2017]]></Identifica>
    <Data><![CDATA[]]></Data>
    <Ementa />
    <Titulo />
    <SubTitulo />
    <Texto><![CDATA[<p> A DIRETORA-GERAL ADJUNTA DO MINISTÉRIO PÚBLICO DO TRABALHO, no uso da competência que lhe foi delegada pela Portaria MPT-PGT nº 86, de 30 de março de 2016 e o que consta no PGEA nº 000431.2017.24.900/6, resolve:</p><p>Art. 1º Exonerar, a contar de 27.11.2017, o servidor VINÍCIUS AVILLA MATSUNAGA, matrícula 6008134-1, do cargo em comissão de Assessor Jurídico do 7º Ofício Geral da Procuradoria Regional do Trabalho da 24ª Região/MS, código CC-2.</p>]]></Texto>
    <Autores>
      <assina>SANDRA CRISTINA DE ARAÚJO</assina>
    </Autores>
  </body>
</article></xml>