<xml><article id="644618" name="Portarias de 29 de novembro de 2" idOficio="4588304" pubName="DO2" artType="Portaria" pubDate="01/12/2017" artClass="00031:00003:00000:00000:00000:00000:00000:00000:00000:00000:00025:0002" artSection="Ministério dos Transportes, Portos e Aviação Civil" artCategory="Agência Nacional de Aviação Civil" artSize="8" artNotes="" numberPage="62" pdfPage="http://pesquisa.in.gov.br/imprensa/jsp/visualiza/index.jsp?data=01/12/2017&amp;jornal=529&amp;pagina=62" editionNumber="230">
  <body>
    <Identifica><![CDATA[PORTARIAS DE 29 DE NOVEMBRO DE 2017]]></Identifica>
    <Data><![CDATA[]]></Data>
    <Ementa />
    <Titulo />
    <SubTitulo />
    <Texto><![CDATA[<p> O DIRETOR-PRESIDENTE DA AGÊNCIA NACIONAL DE AVIAÇÃO CIVIL - ANAC, no uso das atribuições que lhe conferem os arts. 16 da Lei nº 11.182, de 27 de setembro de 2005, e 35, inciso II, do Anexo I do Decreto nº 5.731, de 20 de março de 2006, tendo em vista o Regimento Interno aprovado pela Resolução nº 381, de 14 de junho de 2016, e o disposto nos arts. 38 da Lei nº 8.112, de 11 de dezembro de 1990, e 17, § 3º, do Anexo I do mencionado Decreto, considerando o deliberado e aprovado na 23ª Reunião Administrativa da Diretoria, realizada em 27 de novembro de 2017, e o que consta do Processo nº 00058.539703/2017-14, resolve:</p><p>Nº 3.954 - Designar O DIRETOR HÉLIO PAES DE BARROS JÚNIOR, matrícula SIAPE nº 2304932, para assumir a presidência da Agência, no período de 1º a 2 de dezembro de 2017, em virtude de afastamento do Diretor-Presidente e férias do substituto previamente designado.</p><p>Nº 3.955 - Designar O DIRETOR RICARDO FENELON DAS NEVES JÚNIOR, matrícula SIAPE nº 2695873, para assumir a presidência da Agência, no período de 3 a 5 de dezembro de 2017, em virtude de afastamento do Diretor-Presidente e férias do substituto previamente designado.</p>]]></Texto>
    <Autores>
      <assina>JOSÉ RICARDO PATARO BOTELHO DE QUEIROZ</assina>
    </Autores>
  </body>
</article></xml>