<xml><article id="644057" name="Portaria 243 SAMF-BA Envio Maria" idOficio="4588044" pubName="DO2" artType="Portaria" pubDate="01/12/2017" artClass="00012:00002:00012:00015:00000:00000:00000:00000:00000:00000:00025:00001" artSection="Ministério da Fazenda" artCategory="Secretaria Executiva" artSize="8" artNotes="" numberPage="34" pdfPage="http://pesquisa.in.gov.br/imprensa/jsp/visualiza/index.jsp?data=01/12/2017&amp;jornal=529&amp;pagina=34" editionNumber="230">
  <body>
    <Identifica><![CDATA[Portaria nº 243, de 20 de novembro de 2017]]></Identifica>
    <Data><![CDATA[]]></Data>
    <Ementa />
    <Titulo />
    <SubTitulo />
    <Texto><![CDATA[<p>                     O SUPERINTENDENTE DE ADMINISTRAÇÃO DO MINISTÉRIO DA FAZENDA NO ESTADO DA BAHIA, no uso de suas atribuições, conferidas pelo art. 86, da Portaria Ministerial n° 144, de 27/04/2016, publicada no Diário Oficial da União de 29/04/2016, e por Delegação de Competência, delegada através da Portaria SRF nº 1.671, de 16/06/2005, publicada no DOU de 20/06/2005, resolve:</p><p>                   Conceder aposentadoria voluntária integral à servidora Maria Rita Magalhães de Oliveira, ocupante do cargo de Agente de Portaria, Classe S, Padrão III, matrícula SIAPE nº 0124721, e SIAPECAD nº 00009632, do Quadro Permanente do Ministério da Fazenda, com fundamento legal no artigo 3º da Emenda Constitucional nº 47/2005. Processo nº 16301.720.038/2017-02.</p><p>                                                     </p>]]></Texto>
    <Autores>
      <assina>Etevaldo Inácio Oliveira Carneiro</assina>
    </Autores>
  </body>
</article></xml>