<xml><article id="644072" name="PORT_540_2017 - CHEFIA - CESSA E" idOficio="4588048" pubName="DO2" artType="Portaria" pubDate="01/12/2017" artClass="00037:00052:00000:00000:00000:00000:00000:00000:00000:00000:00001:0002" artSection="Poder Judiciário" artCategory="Tribunal Regional do Trabalho da 13ª Região" artSize="8" artNotes="" numberPage="79" pdfPage="http://pesquisa.in.gov.br/imprensa/jsp/visualiza/index.jsp?data=01/12/2017&amp;jornal=529&amp;pagina=79" editionNumber="230">
  <body>
    <Identifica><![CDATA[PORTARIA Nº 540, DE 29 de novembro de 2017]]></Identifica>
    <Data><![CDATA[]]></Data>
    <Ementa />
    <Titulo />
    <SubTitulo />
    <Texto><![CDATA[<p> O DESEMBARGADOR VICE-PRESIDENTE NO EXERCICIO DA PRESIDRNCIA DO TRIBUNAL REGIONAL DO TRABALHO DA DÉCIMA TERCEIRA REGIÃO, no uso de suas atribuições legais, regimentais e de acordo com o Processo Administrativo: 1329900-57.2017.5.13.0000, resolve  </p><p>I - Fazer cessar os efeitos do Item I da PORTARIA TRT GP N. 504/2013, de 08.10.2013, que removeu, a pedido, o servidor OTÁVIO AZEVEDO FARIA, Analista Judiciário, Área Judiciária, Sem Especialidade, Classe "C", Padrão 12, do Quadro Permanente de Pessoal deste Tribunal para o Quadro Permanente de Pessoal do Tribunal Regional do Trabalho da 3ª Região, mediante permuta com a servidora FABYOLLA VANESSA TAVARES E SILVA MACHADO, Analista Judiciário, daquele Egrégio Tribunal. </p><p> </p>]]></Texto>
    <Autores>
      <assina>WOLNEY DE MACEDO CORDEIRO</assina>
    </Autores>
  </body>
</article></xml>