<xml><article id="644915" name="portaria-R DOU 29.11.17 envio em" idOficio="4588437" pubName="DO2" artType="Portaria" pubDate="01/12/2017" artClass="00011:00128:00000:00000:00000:00000:00000:00000:00000:00000:00025:00001" artSection="Ministério da Educação" artCategory="Universidade Federal do Rio Grande do Norte" artSize="8" artNotes="" numberPage="30" pdfPage="http://pesquisa.in.gov.br/imprensa/jsp/visualiza/index.jsp?data=01/12/2017&amp;jornal=529&amp;pagina=30" editionNumber="230">
  <body>
    <Identifica><![CDATA[PORTARIA Nº 2.608, DE 29 DE NOVEMBRO DE 2017]]></Identifica>
    <Data><![CDATA[]]></Data>
    <Ementa />
    <Titulo />
    <SubTitulo />
    <Texto><![CDATA[<p> O REITOR EM EXERCÍCIO DA UNIVERSIDADE FEDERAL DO RIO GRANDE DO NORTE, usando da atribuição que lhe confere o artigo 23, do Estatuto da UFRN, e considerando o que consta do processo nº. 23077.064263/2016-24, resolve:</p><p>Alterar a Portaria n.º 2430/2017-R, de 04 de novembro de 2016, publicada no DOU nº 214, de 08/11/2016, e retificada conforme publicação no DOU nº 238, de 13/12/2017, para incluir a contar de 23 de outubro de 2017, a Função Comissionada de Coordenação de Curso - FCC, ocupada pelo servidor ANDRÉ LUIS SANTOS DE PINHO, matrícula nº 1217007.</p>]]></Texto>
    <Autores>
      <assina>JOSÉ DANIEL DINIZ MELO</assina>
    </Autores>
  </body>
</article></xml>