<xml><article id="644816" name="NOV_PORT_4267_DEMISSÃO_DAPAD_GAB" idOficio="4588394" pubName="DO2" artType="Portaria" pubDate="01/12/2017" artClass="00011:00082:00001:00001:00000:00000:00000:00000:00000:00000:00025:0001" artSection="Ministério da Educação" artCategory="Instituto Federal de Educação, Ciência e Tecnologia de São Paulo" artSize="8" artNotes="" numberPage="25" pdfPage="http://pesquisa.in.gov.br/imprensa/jsp/visualiza/index.jsp?data=01/12/2017&amp;jornal=529&amp;pagina=25" editionNumber="230">
  <body>
    <Identifica><![CDATA[Portaria nº 4.267, de 29 de novembro de 2017]]></Identifica>
    <Data><![CDATA[]]></Data>
    <Ementa />
    <Titulo />
    <SubTitulo />
    <Texto><![CDATA[<p> O REITOR DO INSTITUTO FEDERAL DE EDUCAÇÃO, CIÊNCIA E TECNOLOGIA DE SÃO PAULO, no uso de suas atribuições legais, e tendo em vista o disposto no artigo 127, III, da Lei nº 8.112/90, e no Mem. 08/2017 - Secretaria dos Colegiados, resolve:</p><p> DEMITIR: REGINALDO TADEU SOEIRO DE FARIA, Professor do Ensino Básico, Técnico e Tecnológico, matrícula SIAPE nº 1578226, lotado no Câmpus Guarulhos, de acordo com o constante do Processo nº 23305.003760.2014-53, com fundamento no art. 132, XIII, da Lei nº 8.112/90, em razão do mesmo ter infringido a proibição contida no art. 117, XV, da citada lei.</p>]]></Texto>
    <Autores>
      <assina>EDUARDO ANTONIO MODENA</assina>
    </Autores>
  </body>
</article></xml>