<xml><article id="643142" name="Portaria SEFA nº 111_AJUR 29.11." idOficio="4587231" pubName="DO2" artType="Portaria" pubDate="01/12/2017" artClass="00010:00006:00006:00000:00000:00000:00000:00000:00000:00000:00000:00000" artSection="Ministério da Defesa" artCategory="Comando da Aeronáutica" artSize="8" artNotes="TIT" numberPage="7" pdfPage="http://pesquisa.in.gov.br/imprensa/jsp/visualiza/index.jsp?data=01/12/2017&amp;jornal=529&amp;pagina=7" editionNumber="230">
  <body>
    <Identifica><![CDATA[PORTARIA SEFA N 111/AJUR, DE 29 DE NOVEMBRO DE 2017]]></Identifica>
    <Data><![CDATA[]]></Data>
    <Ementa />
    <Titulo />
    <SubTitulo><![CDATA[SECRETARIA DE ECONOMIA, FINANÇAS E ADMINISTRAÇÃO DA AERONÁUTICA]]></SubTitulo>
    <Texto><![CDATA[<p>O SECRETÁRIO DE ECONOMIA, FINANÇAS E ADMINISTRAÇÃO DA AERONÁUTICA, no uso das atribuições que lhe conferem os artigos 22, 22-A, 22-B e 22-C, do Decreto nº 8.909, de 22 de novembro de 2016, publicado no Diário Oficial da União (DOU) n° 224, de 23 de novembro de 2016; art. 1º, art. 4º; e, art. 8°; todos do Regulamento da Secretaria de Economia, Finanças e Administração da Aeronáutica (ROCA 20-8), aprovado pela Portaria nº 1.559/GC3, de 29 de novembro de 2016, bem como a Delegação de Competência prevista na Portaria nº 188/GC3, de 30 de janeiro de 2017, publicada no DOU nº 22, de 31 de janeiro de 2017, resolve:</p><p>Art. 1º Designar o Cap Eng RENATO BARRETO DOS SANTOS, da Secretaria de Economia, Finanças e Administração da Aeronáutica (SEFA), como preposto da Comissão Aeronáutica Brasileira em Washington (CABW), Organização Militar do Comando da Aeronáutica, registrada sob o CNPJ nº 00.394.429/0041-06, com poderes para obtenção de certificados digitais para a CABW perante as Autoridades Certificadoras, dentro da Infraestrutura de Chaves Públicas Brasileiras (ICP-BRASIL), responsabilizando-se por todos os atos praticados no cumprimento desta Portaria.</p><p>Art. 2º Esta Portaria entrará em vigor na data de sua publicação.</p><p> </p>]]></Texto>
    <Autores>
      <assina>Ten Brig Ar JOSÉ MAGNO RESENDE DE ARAUJO</assina>
    </Autores>
  </body>
</article></xml>