<xml><article id="645350" name="ProReitoria Aposent HU 01-DEZ-17" idOficio="4588599" pubName="DO2" artType="Portaria" pubDate="01/12/2017" artClass="00011:00136:00051:00000:00000:00000:00000:00000:00000:00000:00025:00002" artSection="Ministério da Educação" artCategory="Universidade Federal de São Paulo" artSize="8" artNotes="" numberPage="32" pdfPage="http://pesquisa.in.gov.br/imprensa/jsp/visualiza/index.jsp?data=01/12/2017&amp;jornal=529&amp;pagina=32" editionNumber="230">
  <body>
    <Identifica><![CDATA[PORTARIAS DE 30 DE NOVEMBRO DE 2017]]></Identifica>
    <Data><![CDATA[]]></Data>
    <Ementa />
    <Titulo />
    <SubTitulo />
    <Texto><![CDATA[<p> </p><p> </p><p> O Pró-Reitor de Gestão com Pessoas da Universidade Federal de São Paulo, no uso da competência que lhe foi delegada pela Portaria nº 3.474, publicada no D.O.U. de 12/09/17, resolve:</p><p>Nº 4.702 - Conceder aposentadoria voluntária a servidora CARMEN ROSA NIEVES PUJOL Matrícula SIAPE nº 1151228, ocupante do cargo de Assistente Social, Nível E, Classe IV, Padrão de Vencimento 16, do Quadro de Pessoal da Universidade Federal de São Paulo, com base no artigo 3°, incisos I a III e parágrafo único da EC n° 47/2005, com proventos integrais (Processo nº 23089.046531/2017-78).</p><p>Nº 4.703 - Conceder aposentadoria voluntária a servidora EUNICE MOURA DA SILVA Matrícula SIAPE nº 1136346, ocupante do cargo de Auxiliar de Enfermagem, Nível C, Classe IV, Padrão de Vencimento 16, do Quadro de Pessoal da Universidade Federal de São Paulo, com base no artigo 3°, incisos I a III e parágrafo único da EC n° 47/2005, com proventos integrais (Processo nº 23089.046600/2017-43).</p><p>Nº 4.704 - Conceder aposentadoria voluntária a servidora REGINA CELIA DE MENEZES SUCCI, Matrícula SIAPE nº 6594622, ocupante do cargo de Médico-Área, Nível E, Classe IV, Padrão de Vencimento 16, do Quadro de Pessoal da Universidade Federal de São Paulo, com base no artigo 3°, incisos I a III e parágrafo único da EC n° 47/2005, com proventos integrais (Processo nº 23089.046599/2017-57).</p>]]></Texto>
    <Autores>
      <assina>MURCHED OMAR TAHA</assina>
    </Autores>
  </body>
</article></xml>