<xml><article id="703977" name="D 3180, 3181, 3182 e 3183 Dispen" idOficio="4587333" pubName="DO2" artType="Portaria" pubDate="11/12/2017" artClass="00017:00001:00000:00000:00000:00000:00000:00000:00000:00000:00001:00009" artSection="Ministério da Saúde" artCategory="Gabinete do Ministro" artSize="8" artNotes="ch gab" numberPage="171-195" pdfPage="http://pesquisa.in.gov.br/imprensa/jsp/visualiza/index.jsp?data=11/12/2017&amp;jornal=529&amp;pagina=171,http://pesquisa.in.gov.br/imprensa/jsp/visualiza/index.jsp?data=11/12/2017&amp;jornal=529&amp;pagina=195" editionNumber="236">
  <body>
    <Identifica><![CDATA[PORTARIAS DE 27 DE NOVEMBRO DE 2017]]></Identifica>
    <Data><![CDATA[]]></Data>
    <Ementa />
    <Titulo />
    <SubTitulo />
    <Texto><![CDATA[<p> O CHEFE DE GABINETE DO MINISTRO DE ESTADO DA SAÚDE, no uso da competência que lhe foi delegada pela Portaria nº 761/GM/MS, de 13 de abril de 2011, resolve:</p><p>Nº 3.180 - Dispensar LEILANE DAAMECHE ROCHA da Função Comissionada Técnica de Analista de Organização Administrativa III, código FCT-03, nº 30F.0004, da Secretaria de Atenção à Saúde.</p><p>Nº 3.181 - Designar ALESSANDRO FERNANDES DE LIMA, para exercer a Função Comissionada Técnica de Analista de Organização Administrativa III, código FCT-03, nº 30F.0004, da Secretaria de Atenção à Saúde.</p><p>Nº 3.182 - Dispensar MARIO NOGUEIRA ISRAEL da Função Comissionada Técnica de Analista em Gestão Hospitalar IV, código FCT-04, nº 30F.0060, do Hospital Federal da Lagoa, do Departamento de Gestão Hospitalar no Estado do Rio de Janeiro, da Secretaria de Atenção à Saúde.</p><p>Nº 3.183 - Designar ANDRÉ MARIANO NETO GONÇALVES, para exercer a Função Comissionada Técnica de Analista em Gestão Hospitalar IV, código FCT-04, nº 30F.0060, do Hospital Federal da Lagoa, do Departamento de Gestão Hospitalar no Estado do Rio de Janeiro, da Secretaria de Atenção à Saúde.</p>]]></Texto>
    <Autores>
      <assina>PAULO ROBERTO REBELLO FILHO</assina>
    </Autores>
  </body>
</article></xml>