<xml><article id="643562" name="Portaria nº 2860.2017 RTR" idOficio="4587942" pubName="DO2" artType="Portaria" pubDate="01/12/2017" artClass="00011:00067:00001:00000:00000:00000:00000:00000:00000:00000:00025:0001" artSection="Ministério da Educação" artCategory="Instituto Federal de Educação, Ciência e Tecnologia de Mato Grosso" artSize="8" artNotes="" numberPage="21" pdfPage="http://pesquisa.in.gov.br/imprensa/jsp/visualiza/index.jsp?data=01/12/2017&amp;jornal=529&amp;pagina=21" editionNumber="230">
  <body>
    <Identifica><![CDATA[PORTARIA Nº 2.860, DE 28 DE NOVEMBRO DE 2017]]></Identifica>
    <Data><![CDATA[]]></Data>
    <Ementa />
    <Titulo />
    <SubTitulo />
    <Texto><![CDATA[<p> O REITOR DO INSTITUTO FEDERAL DE EDUCAÇÃO, CIÊNCIA E TECNOLOGIA DE MATO GROSSO, no uso de suas atribuições legais, conferidas pelo Decreto Presidencial de 11.04.2017, publicado no D.O.U de 12.04.2017 e considerando o Processo nº 23195.030500.2017-98, resolve:</p><p>I - Conceder Aposentadoria por Invalidez a servidora MARIA ESTER GODOY PEREIRA MAEKAWA, Matrícula SIAPE Nº 1476052, ocupante do cargo de Professor do Ensino Básico, Técnico e Tecnológico, Classe "D-IV", Nível "01", pertencente ao Quadro de Pessoal Permanente deste Instituto Federal de Educação, Ciência e Tecnologia, com proventos integrais com base no Art. 40, § 1°, Inciso I da Constituição Federal/88, com redação dada pela Emenda Constitucional 41/03. Os proventos serão calculados com base no art. 1º da Lei n° 10.887/2004.</p><p>II - Declarar vago o cargo.</p>]]></Texto>
    <Autores>
      <assina>WILLIAN SILVA DE PAULA</assina>
    </Autores>
  </body>
</article></xml>