<xml><article id="645113" name="PORT 60.283" idOficio="4588519" pubName="DO2" artType="Portaria" pubDate="01/12/2017" artClass="00011:00112:00000:00000:00000:00000:00000:00000:00000:00000:00019:0002" artSection="Ministério da Educação" artCategory="Universidade Federal Fluminense" artSize="8" artNotes="" numberPage="27" pdfPage="http://pesquisa.in.gov.br/imprensa/jsp/visualiza/index.jsp?data=01/12/2017&amp;jornal=529&amp;pagina=27" editionNumber="230">
  <body>
    <Identifica><![CDATA[PORTARIA Nº 60.283, de 29 DE NOVEMBRO DE 2017]]></Identifica>
    <Data><![CDATA[]]></Data>
    <Ementa />
    <Titulo />
    <SubTitulo />
    <Texto><![CDATA[<p> O VICE-REITOR, no exercício da Reitoria da Universidade Federal Fluminense, no uso de suas atribuições legais, estatutárias e regimentais; Considerando o que prescreve o Regulamento dos Programas de Pós-Graduação "Stricto Sensu", aprovado pela Resolução nº 498 de 30/11/2016, do Conselho de Ensino, Pesquisa e Extensão; e considerando o que consta do Processo nº 23069.024928/2017-47, resolve: </p><p>Art. 1º - Designar, dentre os membros do Colegiado, HELENA ELIAS PINTO, Professor do Magistério Superior, matrícula SIAPE nº. 1667159, do Quadro Permanente da Universidade, para exercer, com mandato de 04 (quatro) anos, a função de Coordenadora do Programa de Pós-Graduação, Mestrado Profissional em Justiça Administrativa, da Faculdade de Direito.</p><p>Art. 2º - Esta designação corresponde a Função Comissionada de Coordenação de Curso - código FCC, a partir de sua publicação no Diário Oficial da União.</p>]]></Texto>
    <Autores>
      <assina>ANTONIO CLAUDIO LUCAS DA NOBREGA</assina>
    </Autores>
  </body>
</article></xml>