<xml><article id="643502" name="Port. 837 - ATI INVALIDEZ INTEGR" idOficio="4587865" pubName="DO2" artType="Portaria" pubDate="01/12/2017" artClass="00011:00134:00001:00012:00007:00000:00000:00000:00000:00000:00025:00001" artSection="Ministério da Educação" artCategory="Universidade Federal de Santa Catarina" artSize="8" artNotes="" numberPage="31" pdfPage="http://pesquisa.in.gov.br/imprensa/jsp/visualiza/index.jsp?data=01/12/2017&amp;jornal=529&amp;pagina=31" editionNumber="230">
  <body>
    <Identifica><![CDATA[PORTARIA Nº 837, DE 29 DE NOVEMBRO DE 2017]]></Identifica>
    <Data><![CDATA[]]></Data>
    <Ementa />
    <Titulo />
    <SubTitulo />
    <Texto><![CDATA[<p> A Diretora do Departamento de Administração de Pessoal da Universidade Federal de Santa Catarina, no uso de suas atribuições, resolve:</p><p>Aposentar ANTONIO CARLOS BRASIL PINTO, matrícula SIAPE 2425566, código de vaga 687849, ocupante do cargo de Professor Magistério Superior, Classe Adjunto, com Doutorado, em regime de trabalho de 20 horas semanais, da carreira do magistério superior da Universidade Federal de Santa Catarina, nos termos do Art. 40, parágrafo 1º, Inciso I, da Constituição Federal, na forma disposta no art. 1º da Emenda Constitucional nº 41, de 19 de dezembro de 2003, alterada pela Emenda Constitucional n° 70, de 29 de março de 2012, com proventos integrais. (Processo nº 23080.046056/2017-10)</p><p> </p><p> </p>]]></Texto>
    <Autores>
      <assina>Rita de Cassia Knabben</assina>
    </Autores>
  </body>
</article></xml>