<xml><article id="644372" name="PRFB3220a3221" idOficio="4588209" pubName="DO2" artType="Portaria" pubDate="01/12/2017" artClass="00012:00055:00000:00000:00000:00000:00000:00000:00000:00000:00025:00005" artSection="Ministério da Fazenda" artCategory="Secretaria da Receita Federal do Brasil" artSize="8" artNotes="" numberPage="36" pdfPage="http://pesquisa.in.gov.br/imprensa/jsp/visualiza/index.jsp?data=01/12/2017&amp;jornal=529&amp;pagina=36" editionNumber="230">
  <body>
    <Identifica><![CDATA[PORTARIAS DE 30 DE NOVEMBRO DE 2017]]></Identifica>
    <Data><![CDATA[]]></Data>
    <Ementa />
    <Titulo />
    <SubTitulo />
    <Texto><![CDATA[<p> O SECRETÁRIO DA RECEITA FEDERAL DO BRASIL, no uso das competências que lhe foram delegada e subdelegada, respectivamente, pelas Portarias MF nºs 392 e 393, de 14 de julho de 2009, alteradas pela Portaria MF nº 100, de 28 de março de 2017, e tendo em vista o disposto no § 4º do art. 2º da Portaria MF nº 341, de 12 de julho de 2011, alterada pelas Portarias MF Nº 571, de 04 de dezembro de 2013, Nº 510, 16 de dezembro de 2014, e Nº 17, de 21 de janeiro de 2016, resolve:</p><p>Nº 3.220 Dispensar o Auditor-Fiscal da Receita Federal do Brasil ILSON ROBERTO LIBRENZA, matrícula Siapecad nº 13431, do encargo de Substituto Eventual do Presidente da Quinta Turma da Delegacia da Receita Federal do Brasil de Julgamento em Porto Alegre (RS), código FCPE-101.2..</p><p>Nº 3.221 Designar o Auditor-Fiscal da Receita Federal do Brasil ORLANDO JORGE BELMONTE WENDER, matrícula Siapecad nº 63977, para exercer o encargo de Substituto Eventual do Presidente da Quinta Turma da Delegacia da Receita Federal do Brasil de Julgamento em Porto Alegre (RS), código FCPE-101.2.</p>]]></Texto>
    <Autores>
      <assina>JORGE ANTONIO DEHER RACHID</assina>
    </Autores>
  </body>
</article></xml>