<xml><article id="643295" name="EXONERA LUCIANE E NOMEIA MARIANO" idOficio="4587782" pubName="DO2" artType="Portaria" pubDate="01/12/2017" artClass="00011:00088:00014:00000:00000:00000:00000:00000:00000:00000:00025:00001" artSection="Ministério da Educação" artCategory="Instituto Federal de Educação, Ciência e Tecnologia do Tocantins" artSize="8" artNotes="" numberPage="25" pdfPage="http://pesquisa.in.gov.br/imprensa/jsp/visualiza/index.jsp?data=01/12/2017&amp;jornal=529&amp;pagina=25" editionNumber="230">
  <body>
    <Identifica><![CDATA[PORTARIA N 498, DE 28 DE NOVEMBRO DE 2017]]></Identifica>
    <Data><![CDATA[]]></Data>
    <Ementa />
    <Titulo />
    <SubTitulo />
    <Texto><![CDATA[<p> O DIRETOR GERAL DO INSTITUTO FEDERAL DE EDUCAÇÃO, CIÊNCIA E TECNOLOGIA DO TOCANTINS (IFTO) CAMPUS PALMAS, nomeado pela Portaria n° 183/2014/REITORIA/,  DE 11 ABRIL DE 2014, no uso de suas atribuições legais e regimentais, resolve:</p><p>Art. 1º  Exonerar a servidora Luciane de Paula Machado, Matrícula SIAPE n.º 2658718, do cargo de Gerente Educacional das Áreas Tecnológicas I, código CD-04, do Instituto Federal de Educação, Ciência e Tecnologia do Tocantins  Campus Palmas.</p><p>Art. 2º  Nomear o servidor Mariano Felipe Oster, Matrícula SIAPE n.º 1823879, para exercer o cargo de Gerente Educacional das Áreas Tecnológicas I, código CD-04, do Instituto Federal de Educação, Ciência e Tecnologia do Tocantins  Campus Palmas.</p><p>Art. 3° - Esta portaria entra em vigor a partir  de 01 de dezembro de 2017.</p>]]></Texto>
    <Autores>
      <assina>Octaviano Sidnei Furtado</assina>
    </Autores>
  </body>
</article></xml>