<xml><article id="644153" name="PT91PORTOALEGRE" idOficio="4588067" pubName="DO2" artType="Portaria" pubDate="01/12/2017" artClass="00022:00029:00241:00005:00000:00000:00000:00000:00000:00000:00025:00007" artSection="Ministério do Desenvolvimento Social" artCategory="Instituto Nacional do Seguro Social" artSize="8" artNotes="" numberPage="51" pdfPage="http://pesquisa.in.gov.br/imprensa/jsp/visualiza/index.jsp?data=01/12/2017&amp;jornal=529&amp;pagina=51" editionNumber="230">
  <body>
    <Identifica><![CDATA[PORTARIA N 91, DE 16 DE NOVEMBRO DE 2017]]></Identifica>
    <Data><![CDATA[]]></Data>
    <Ementa />
    <Titulo />
    <SubTitulo />
    <Texto><![CDATA[<p> </p><p> </p><p> O GERENTE-EXECUTIVO DO INSS EM PORTO ALEGRE, no uso das atribuições que lhe foram conferidas pelo Regulamento da Previdência Social, aprovado pelo Decreto nº 3.048, de 06 de maio de 1999, na redação dada pelo Decreto nº 6.722, de 30 de dezembro de 2008, e pela Resolução nº 1.304 do Conselho Nacional de Previdência Social - CNPS, de 13 de fevereiro de 2009, resolve:</p><p>Dispensar Paulo Renato Silva da Paz  da função de membro titular do Conselho de Previdência Social desta Gerência-Executiva, representando a Receita Federal do Brasil, para representar o governo.</p><p>Designar  Alexandre Rampelotto   à função de membro titular do Conselho de Previdência Social desta Gerência-Executiva, representando a Receita Federal do Brasil, para representar o governo.</p><p>Reconduzir Ângelo Rigoni  da função de membro titular à função de membro suplente do Conselho de Previdência Social desta Gerência-Executiva, representando a Receita Federal do Brasil, para representar o governo, por mais 2 ( dois ) anos de mandato, a contar de 28/11/2017.</p><p>Dispensar Carlos Pinheiro, da função de membro titular do Conselho de Previdência Social desta Gerência-Executiva, representando a Federação dos Aposentados e Pensionistas do Rio Grande do Sul - FETAPERGS.</p><p>Dispensar Adão Figueiró, da função de membro suplente do Conselho de Previdência Social desta Gerência-Executiva, representando a Federação dos Aposentados e Pensionistas do Rio Grande do Sul - FETAPERGS.</p><p>Designar Gilmar Campos, à função de membro titular do Conselho de Previdência Social desta Gerência-Executiva, representando a Federação dos Aposentados e Pensionistas do Rio Grande do Sul - FETAPERGS, para representar os aposentados.</p><p>Designar Maria Helena Plucani Ferreira, à função de membro suplente do Conselho de Previdência Social desta Gerência-Executiva, representando a Federação dos Aposentados e Pensionistas do Rio Grande do Sul - FETAPERGS, para representar os aposentados.</p><p>Reconduzir Franklin Castronovo de Carvalho, da função de membro titular à função de membro suplente do Conselho de Previdência Social desta Gerência- Executiva, representando a Associação dos Ferroviários do Rio Grande do Sul, para representar os aposentados.</p><p>Designar Valmor Pedroso Arruda, à função de membro titular do Conselho de Previdência Social desta Gerência-Executiva, representando a Associação dos Ferroviários do Rio Grande do Sul, para representar os aposentados.</p><p>Reconduzir Eunice da Cunha Luz, do Sindicado Nacional dos Aposentados - SINDNAPI, da função de suplente à função de membro titular do Conselho de Previdência Social desta Gerência-Executiva, representando os aposentados,  por mais 2 ( dois ) anos de mandato, a contar de 28/11/2017.</p><p>Designar Valci Paulo Hass, do Sindicado Nacional dos Aposentados - SINDNAPI, à função de membro de suplente do Conselho de Previdência Social desta Gerência- Executiva, representando os aposentados.</p><p>Designar Paulo Rodolfo Pacheco, da Central Única dos Trabalhadores - CUT, à função de membro titular do Conselho de Previdência Social desta Gerência-Executiva, representando os trabalhadores.</p><p>Reconduzir Alfredo Elenar Gonçalves, da Central Única dos Trabalhadores - CUT, da função de membro titular à função de membro suplente do Conselho de Previdência Social desta Gerência-Executiva, representando os trabalhadores, por mais 2 ( dois ) anos de mandato, a contar de 28/11/2017..</p><p>Reconduzir Dionisio Neuleraldo Mazui, da Força Sindical, à função de membro titular do Conselho de Previdência Social desta Gerência-Executiva, representando os trabalhadores, por mais 2 ( dois ) anos de mandato, a contar de 28/11/2017.</p><p>Designar Élvio Gelin dos Santos Zanetti, da Força Sindical, à função de membro Suplente do Conselho de Previdência Social desta Gerência-Executiva, representando os trabalhadores.</p><p>Reconduzir Débora Raymundo Melechi, da Central dos Trabalhadores e Trabalhadoras do Brasil, da função de membro suplente à função de membro titular do Conselho de Previdência Social desta Gerência-Executiva, representando os trabalhadores, por mais 2 ( dois ) anos de mandato, a contar de 28/11/2017..</p><p>Designar Denilson de Aguiar Rodrigues, da Central dos Trabalhadores e Trabalhadoras do Brasil, à função de membro suplente do Conselho de Previdência Social desta Gerência-Executiva, representando os trabalhadores.</p><p>Reconduzir Joni Alberto Matte, da Federação da Indústria do Estado do Rio Grande do Sul - FIERGS, à função de membro titular do Conselho de Previdência Social desta Gerência Executiva, representando os empregadores, por mais 2 ( dois ) anos de mandato, a contar de 28/11/2017.</p><p>Reconduzir Luiz Francisdo Bossle da Costa, do Sindicato da Indústria da Construção Civil no Estado do Rio Grande do Sul - SINDUSCON-RS, à função de membro suplente do Conselho de Previdência Social desta Gerência-Executiva, representando os empregadores, por mais 2 ( dois ) anos de mandato, a contar de 28/11/2017.</p><p> </p>]]></Texto>
    <Autores>
      <assina>CLAITON PEREIRA SOARES</assina>
    </Autores>
  </body>
</article></xml>