<xml><article id="644381" name="Port. 1119 a 1120 e 1.122 a 1.12" idOficio="4588217" pubName="DO2" artType="Portaria" pubDate="01/12/2017" artClass="00012:00052:00008:00000:00000:00000:00000:00000:00000:00000:00025:00001" artSection="Ministério da Fazenda" artCategory="Procuradoria-Geral da Fazenda Nacional" artSize="8" artNotes="" numberPage="36" pdfPage="http://pesquisa.in.gov.br/imprensa/jsp/visualiza/index.jsp?data=01/12/2017&amp;jornal=529&amp;pagina=36" editionNumber="230">
  <body>
    <Identifica><![CDATA[PORTARIAS DE 30 DE NOVEMBRO DE 2017]]></Identifica>
    <Data><![CDATA[]]></Data>
    <Ementa />
    <Titulo />
    <SubTitulo />
    <Texto><![CDATA[<p> O PROCURADOR-GERAL DA FAZENDA NACIONAL, no uso das competências que lhe foram subdelegadas pelo inciso IX do art. 1º da Portaria GMF no 392, de 14 de julho de 2009, publicada no D.O.U. de 16 de julho de 2009, alterada pela Portaria GMF no 100, de 28 de março de 2017, publicada no D.O.U de 29 de março de 2017, resolve:</p><p>N° 1.119 - Designar CRISTIANE BITTENCOURT DOS SANTOS, Procuradora da Fazenda Nacional, matrícula SIAPE nº 1794062, para substituir, nos afastamentos e impedimentos simultâneos, o Procurador-Seccional, Código FCPE-101.2, da Procuradoria-Seccional da Fazenda Nacional em Mogi das Cruzes, no Estado de São Paulo, e seu substituto eventual.</p><p>Nº 1.120 - Dispensar EDGAR FRANCISCO ABADIE JUNIOR, Procurador da Fazenda Nacional, matrícula SIAPE nº 2041582, do encargo de substituto simultâneo do Procurador-Seccional, Código FCPE-101.2 da Procuradoria-Seccional da Fazenda Nacional em Cascavel, no Estado do Paraná, e de seu substituto eventual.</p><p>Nº 1.122 - Designar ADOLFO JOSE FRANCIOLI CELINSKI, Procurador da Fazenda Nacional, matrícula SIAPE nº 2346855, para substituir, nos afastamentos e impedimentos simultâneos, o Procurador-Seccional, Código FCPE-101.2 da Procuradoria-Seccional da Fazenda Nacional em Cascavel, no Estado do Paraná, e seu substituto eventual.</p><p>Nº 1.123 - Designar LUIZ MATHIAS ROCHA BRANDÃO, Procurador da Fazenda Nacional, matrícula SIAPE nº 1546495, para substituir, nos afastamentos e impedimentos eventuais, o Procurador-Seccional, Código FCPE-101.2 da Procuradoria-Seccional da Fazenda Nacional em Campina Grande, no Estado da Paraíba.</p><p>Nº 1.124 -  Designar LUIZ MARIO MAMEDE PINHEIRO NETO, matrícula SIAPE nº 1436419 e ARTHUR CESAR DE MOURA PEREIRA, matrícula SIAPE nº 1376590, Procuradores da Fazenda Nacional, para, nesta ordem, substituírem, nos afastamentos e impedimentos simultâneos, o Procurador-Seccional, Código FCPE-101.2 da Procuradoria-Seccional da Fazenda Nacional em Campina Grande, no Estado da Paraíba, e seu substituto eventual, ficando ambos, em consequência, dispensados dos encargos que atualmente ocupam.</p>]]></Texto>
    <Autores>
      <assina>FABRÍCIO DA SOLLER</assina>
    </Autores>
  </body>
</article></xml>