<xml><article id="643322" name="408.2017 - EXONERAÇÃO DE CARGO -" idOficio="4587791" pubName="DO2" artType="Portaria" pubDate="01/12/2017" artClass="00017:00026:00013:00016:00000:00000:00000:00000:00000:00000:00025:00001" artSection="Ministério da Saúde" artCategory="Secretaria de Atenção à Saúde" artSize="8" artNotes="" numberPage="46" pdfPage="http://pesquisa.in.gov.br/imprensa/jsp/visualiza/index.jsp?data=01/12/2017&amp;jornal=529&amp;pagina=46" editionNumber="230">
  <body>
    <Identifica><![CDATA[PORTARIA N 408, DE 22 DE NOVEMBRO DE 2017]]></Identifica>
    <Data><![CDATA[]]></Data>
    <Ementa />
    <Titulo />
    <SubTitulo />
    <Texto><![CDATA[<p> O Diretor do Instituto Nacional de Traumatologia e Ortopedia Jamil Haddad, no uso das atribuições que lhe conferem a Portaria nº. 2.359/GM/MS, de 15 de Setembro de 2017, publicada no Diário Oficial da União - DOU nº. 179, de 18 de Setembro de 2017 e Portaria/CGRH/MS nº. 1041, de 30 de outubro de 2009, publicada no Diário Oficial da União - DOU nº. 209, de 03 de novembro de 2009, resolve:</p><p>I - Conceder aposentadoria voluntária com proventos proporcionais à servidora MARIA CRISTINA NOVO NUNES, matrícula SIAPE nº 158.455-9, ocupante do cargo de Engenheira, código 309168, Classe B, Padrão IV, do Quadro de Pessoal do Ministério da Saúde, com fundamento no artigo 40, parágrafo 1º, inciso I e II, alínea "B" da Constituição Federal, com redação dada pela Emenda Constitucional nº 41/2003 com proventos calculados com base no Art. 1º da Lei nº 10887/04 e as demais vantagens a que fizer jus.</p><p>II - Declarar vago o cargo referido no item I.</p>]]></Texto>
    <Autores>
      <assina>FLAVIO DOS SANTOS CERQUEIRA</assina>
    </Autores>
  </body>
</article></xml>