<xml><article id="645227" name="PT 1781 GC1 17" idOficio="4588565" pubName="DO2" artType="Portaria" pubDate="01/12/2017" artClass="00010:00006:00001:00006:00000:00000:00000:00000:00000:00000:00025:00001" artSection="Ministério da Defesa" artCategory="Comando da Aeronáutica" artSize="8" artNotes="" numberPage="7" pdfPage="http://pesquisa.in.gov.br/imprensa/jsp/visualiza/index.jsp?data=01/12/2017&amp;jornal=529&amp;pagina=7" editionNumber="230">
  <body>
    <Identifica><![CDATA[PORTARIA N 1.781/GC1, DE 30 DE NOVEMBRO DE 2017]]></Identifica>
    <Data><![CDATA[]]></Data>
    <Ementa />
    <Titulo />
    <SubTitulo />
    <Texto><![CDATA[<p> </p><p> O COMANDANTE DA AERONÁUTICA, de acordo com o art. 23, inciso VI, letra "g", da Estrutura Regimental do Comando da Aeronáutica, aprovada pelo Decreto no 6.834, de 30 de abril de 2009, resolve:</p><p>DESIGNAR, por necessidade do serviço, ex officio, o Major Aviador GUSTAVO FERREIRA RIZZUTI (NO 3257622/GTE), para exercer cargo de Oficial do seu Gabinete.</p>]]></Texto>
    <Autores>
      <assina>Ten Brig Ar NIVALDO LUIZ ROSSATO</assina>
    </Autores>
  </body>
</article></xml>