<xml><article id="703705" name="PT_1225_DENASUS" idOficio="4587636" pubName="DO2" artType="Portaria" pubDate="11/12/2017" artClass="00017:00002:00000:00000:00000:00000:00000:00000:00000:00000:00025:00003" artSection="Ministério da Saúde" artCategory="Secretaria Executiva" artSize="8" artNotes="" numberPage="195" pdfPage="http://pesquisa.in.gov.br/imprensa/jsp/visualiza/index.jsp?data=11/12/2017&amp;jornal=529&amp;pagina=195" editionNumber="236">
  <body>
    <Identifica><![CDATA[PORTARIA Nº 1.225, DE 28 DE NOVEMBRO DE 2017]]></Identifica>
    <Data><![CDATA[]]></Data>
    <Ementa />
    <Titulo />
    <SubTitulo />
    <Texto><![CDATA[<p>O SECRETÁRIO-EXECUTIVO DO MINISTÉRIO DA SAÚDE, no uso da competência que lhe foi delegada pelo Ministro de Estado da Saúde, por meio da Portaria nº 474, publicada no Diário Oficial da União de 17 de março de 2011, resolve:</p><p>Designar JOSE ANTONIO BOMFIM MANGUEIRA para exercer o encargo de substituto eventual do Diretor do Departamento Nacional de Auditoria do SUS, DAS-101.5, código 37.0033, da Secretaria de Gestão Estratégica e Participativa, ficando dispensada do referido encargo FLÁVIA DE CASTRO AMARAL.</p>]]></Texto>
    <Autores>
      <assina>ANTONIO CARLOS FIGUEIREDO NARDI</assina>
    </Autores>
  </body>
</article></xml>