<xml><article id="644996" name="PORTARIA GPR 2659" idOficio="4588458" pubName="DO2" artType="Portaria" pubDate="01/12/2017" artClass="00037:00039:00002:00000:00000:00000:00000:00000:00000:00000:00025:00003" artSection="Poder Judiciário" artCategory="Tribunal de Justiça do Distrito Federal e dos Territórios" artSize="8" artNotes="" numberPage="74" pdfPage="http://pesquisa.in.gov.br/imprensa/jsp/visualiza/index.jsp?data=01/12/2017&amp;jornal=529&amp;pagina=74" editionNumber="230">
  <body>
    <Identifica><![CDATA[PORTARIA N 2.659, DE 29 DE NOVEMBRO DE 2017]]></Identifica>
    <Data><![CDATA[]]></Data>
    <Ementa />
    <Titulo />
    <SubTitulo />
    <Texto><![CDATA[<p> O PRESIDENTE DO TRIBUNAL DE JUSTIÇA DO DISTRITO FEDERAL E DOS TERRITÓRIOS, no uso de sua competência legal e tendo em vista o contido no PA N. 1001779/2017, resolve:</p><p>Art. 1º Designar a Bacharela em Direito SOLANGE PLA PUJADES DE AVILA, matrícula N. 312.027, Técnico Judiciário, Área Administrativa, do Quadro de Pessoal deste Tribunal, para exercer a Função Comissionada, FC-05, de Oficial de Gabinete, destinada ao Secretário do Juiz da 3ª Vara da Fazenda Pública do Distrito Federal.</p><p>Art. 2º Esta Portaria entra em vigor na data de sua publicação.</p><p> </p>]]></Texto>
    <Autores>
      <assina>Des. MARIO MACHADO</assina>
    </Autores>
  </body>
</article></xml>