<xml><article id="644666" name="PT 116 PONTA GROSSA" idOficio="4588312" pubName="DO2" artType="Portaria" pubDate="01/12/2017" artClass="00022:00029:00241:00020:00000:00000:00000:00000:00000:00000:00025:00001" artSection="Ministério do Desenvolvimento Social" artCategory="Instituto Nacional do Seguro Social" artSize="8" artNotes="" numberPage="51" pdfPage="http://pesquisa.in.gov.br/imprensa/jsp/visualiza/index.jsp?data=01/12/2017&amp;jornal=529&amp;pagina=51" editionNumber="230">
  <body>
    <Identifica><![CDATA[PORTARIA N 116, DE 28 DE NOVEMBRO DE 2017]]></Identifica>
    <Data><![CDATA[]]></Data>
    <Ementa />
    <Titulo />
    <SubTitulo />
    <Texto><![CDATA[<p> </p><p> </p><p> A GERENTE-EXECUTIVA DA GERÊNCIA EXECUTIVA DO INSS EM PONTA GROSSA, Estado do Paraná, usando das atribuições conferidas pelo art. 230, alínea XXII, Portaria no 414/MDS, de 28 de setembro de 2017, publicada no DOU Edição Extra no 188-A, de 29 de setembro de 2017, que aprovou o Regimento Interno do INSS, e pela Portaria nº 800/PRES/INSS, de 6 de setembro de 2011, publicada no DOU nº 173, de 8 de setembro de 2011, resolve:</p><p>   Dispensar, a pedido, a contar do dia 1º/12/17, o servidor César Carneiro de Oliveira, matrícula no 1.525.466, CPF no 027.554.189-40, do exercício da Função Gratificada de Chefe da Seção de Benefícios, código FG - 1, na 14.024.050 - Agência da Previdência Social em Ponta Grossa, da 14.024 - Gerência Executiva do INSS em Ponta Grossa.</p>]]></Texto>
    <Autores>
      <assina>NILZETE AP DE PAULA PECHNICKI</assina>
    </Autores>
  </body>
</article></xml>