<xml><article id="703980" name="D 3196 Dispensar AFFONSO HENRIQU" idOficio="4587333" pubName="DO2" artType="Portaria" pubDate="11/12/2017" artClass="00017:00001:00000:00000:00000:00000:00000:00000:00000:00000:00001:00011" artSection="Ministério da Saúde" artCategory="Gabinete do Ministro" artSize="8" artNotes="ch gab" numberPage="195" pdfPage="http://pesquisa.in.gov.br/imprensa/jsp/visualiza/index.jsp?data=11/12/2017&amp;jornal=529&amp;pagina=195" editionNumber="236">
  <body>
    <Identifica><![CDATA[PORTARIA Nº 3.196, DE 27 DE NOVEMBRO DE 2017]]></Identifica>
    <Data><![CDATA[]]></Data>
    <Ementa />
    <Titulo />
    <SubTitulo />
    <Texto><![CDATA[<p> O CHEFE DE GABINETE DO MINISTRO DE ESTADO DA SAÚDE, no uso da competência que lhe foi delegada pela Portaria nº 761/GM/MS, de 13 de abril de 2011, resolve:</p><p>Dispensar AFFONSO HENRIQUE DE VASCONCELLOS ZUGLIANI da Função Comissionada Técnica de Espec. Médico em Ativ. de Alta Compl. em Tráum.Ortopedia, código FCT-04, nº 30F.0283, do Instituto Nacional de Traumatologia e Ortopedia Jamil Haddad, da Secretaria de Atenção à Saúde.</p>]]></Texto>
    <Autores>
      <assina>PAULO ROBERTO REBELLO FILHO</assina>
    </Autores>
  </body>
</article></xml>