<xml><article id="645353" name="trt9a248-2017 ATO 289" idOficio="4588503" pubName="DO2" artType="Ato" pubDate="01/12/2017" artClass="00037:00048:00000:00000:00000:00000:00000:00000:00000:00000:00001:00001" artSection="Poder Judiciário" artCategory="Tribunal Regional do Trabalho da 9ª Região" artSize="8" artNotes="" numberPage="77" pdfPage="http://pesquisa.in.gov.br/imprensa/jsp/visualiza/index.jsp?data=01/12/2017&amp;jornal=529&amp;pagina=77" editionNumber="230">
  <body>
    <Identifica><![CDATA[ATO Nº 289, DE 24 DE NOVEMBRO DE 2017]]></Identifica>
    <Data><![CDATA[]]></Data>
    <Ementa />
    <Titulo />
    <SubTitulo />
    <Texto><![CDATA[<p> O DESEMBARGADOR DO TRABALHO, PRESIDENTE DO TRIBUNAL REGIONAL DO TRABALHO DA 9ª REGIÃO, usando de suas atribuições legais, diante do disposto no art. 25 do Regimento Interno, e do contido no expediente "Redistribuição Funcionário Fora De Sede 025/2017" e na Certidão SADM no 289/2017, resolve:</p><p> Art. 1º Redistribuir, a partir da data da publicação, nos termos do art. 37 da Lei nº 8.112/1990, o cargo efetivo de Analista Judiciário, Área Judiciária, criado pela Lei nº 12.617/2012, do Quadro de Pessoal Permanente desta Corte, ocupado pela servidora LAIANE OLIVEIRA SILVA, para o Quadro de Pessoal Permanente do Tribunal Regional do Trabalho da 24ª Região, em reciprocidade com o cargo de Analista Judiciário, Área Administrativa, ocupado pelo servidor ADILSON BIZZETTO. Art. 2º Lotar, em virtude do disposto no art. 1°, o servidor ADILSON BIZZETTO na 2ª Vara do Trabalho de Cornélio Procópio. Art. 3º Revogar, a partir da data de publicação, o Ato no 292/2013, publicado no Diário Oficial da União - Seção 2, de 04/11/2013.</p><p> </p>]]></Texto>
    <Autores>
      <assina>ARNOR LIMA NETO</assina>
    </Autores>
  </body>
</article></xml>