<xml><article id="644081" name="Ato 1080 - 2017" idOficio="4588050" pubName="DO2" artType="Ato" pubDate="01/12/2017" artClass="00037:00007:00001:00000:00000:00000:00000:00000:00000:00000:00001:00007" artSection="Poder Judiciário" artCategory="Tribunal Regional Federal da 1ª Região" artSize="8" artNotes="" numberPage="72" pdfPage="http://pesquisa.in.gov.br/imprensa/jsp/visualiza/index.jsp?data=01/12/2017&amp;jornal=529&amp;pagina=72" editionNumber="230">
  <body>
    <Identifica><![CDATA[Ato n 1.080, de 29 de novembro de 2017]]></Identifica>
    <Data><![CDATA[]]></Data>
    <Ementa />
    <Titulo />
    <SubTitulo />
    <Texto><![CDATA[<p> </p><p> O PRESIDENTE DO TRIBUNAL REGIONAL FEDERAL DA 1ª REGIÃO, no uso de suas atribuições legais e regimentais e tendo em vista o constante nos autos do PAe 0015368-35.2017.4.01.8004, resolve:</p><p>CONCEDER APOSENTADORIA à servidora DORIS FERNANDES, Analista Judiciária, Área Administrativa, Nível Superior, Classe "C", Padrão 13, do Quadro de Pessoal da Justiça Federal de Primeira Instância, Seção Judiciária do Estado da Bahia, com fundamento no art. 3º da Emenda Constitucional 47/2005, com a vantagem prevista no art. 15, § 1º, da Lei 9.527/97 e art. 62-A da Lei 8.112/90.</p>]]></Texto>
    <Autores>
      <assina>Des. HILTON QUEIROZ</assina>
    </Autores>
  </body>
</article></xml>