<xml><article id="643361" name="Ato 139.2017 Redistribuição Bian" idOficio="4587815" pubName="DO2" artType="Ato" pubDate="01/12/2017" artClass="00037:00046:00000:00000:00000:00000:00000:00000:00000:00000:00001:00001" artSection="Poder Judiciário" artCategory="Tribunal Regional do Trabalho da 7ª Região" artSize="8" artNotes="" numberPage="77" pdfPage="http://pesquisa.in.gov.br/imprensa/jsp/visualiza/index.jsp?data=01/12/2017&amp;jornal=529&amp;pagina=77" editionNumber="230">
  <body>
    <Identifica><![CDATA[ATO Nº 139, DE 23 de novembro de 2017]]></Identifica>
    <Data><![CDATA[]]></Data>
    <Ementa />
    <Titulo />
    <SubTitulo />
    <Texto><![CDATA[<p>O VICE - PRESIDENTE DO TRIBUNAL REGIONAL DO TRABALHO DA 7ª REGIÃO, no exercício da Presidência, com fulcro no artigo 37 da Lei nº 8.112/90, artigo 20 da Lei nº 11.416/2006, e na forma regulamentada pela Resolução nº 146/2012, do Conselho Nacional de Justiça - CNJ e dando cumprimento ao contido na Resolução Administrativa TRT7ª nº 382/2017, de 17 de outubro de 2017 (Processo TRT Nº 729/2017 e PROAD 2683/2017), resolve</p><p>I - CESSAR, a contar de 1º.12.2017, os efeitos da Portaria TRT7. Nº 570/2013, publicada no Diário Oficial da União em 15 de agosto de 2013, referente à remoção da servidora BIANCA CHECON CAPRINI, Analista Judiciário - Área Administrativa do Quadro Permanente deste Regional mediante permuta com a servidora do Tribunal Regional do Trabalho da 17ª Região, GLAYCE ANNE DE ARAÚJO AGUIAR.</p><p>II - REDISTRIBUIR, a contar de 1º.12.2017, o cargo efetivo de Analista Judiciário - Área Administrativa do Quadro Permanente de Pessoal deste Tribunal ocupado pela servidora BIANCA CHECON CAPRINI, enquadrado na Classe "B", Padrão "6", em reciprocidade com o cargo de Analista Judiciário - Área Judiciária, Classe "B", Padrão "6", pertencente ao Tribunal Regional do Trabalho da 17ª Região, ocupado pela servidora GLAYCE ANNE DE ARAÚJO AGUIAR.</p><p> </p><p> </p>]]></Texto>
    <Autores>
      <assina>JEFFERSON QUESADO JÚNIOR</assina>
    </Autores>
  </body>
</article></xml>