<xml><article id="646782" name="2017-11-30/4589154/TCUWS_1035533" idOficio="4589154" pubName="DO2" artType="Portaria" pubDate="01/12/2017" artClass="00034:00001:00000:00000:00000:00000:00000:00000:00000:00000:00025:00010" artSection="Tribunal de Contas da União" artCategory="Gabinete do Presidente" artSize="8" artNotes="" numberPage="68" pdfPage="http://pesquisa.in.gov.br/imprensa/jsp/visualiza/index.jsp?data=01/12/2017&amp;jornal=529&amp;pagina=68" editionNumber="230">
  <body>
    <Identifica><![CDATA[PORTARIA N 532, DE 30 DE NOVEMBRO DE 2017]]></Identifica>
    <Data><![CDATA[]]></Data>
    <Ementa />
    <Titulo />
    <SubTitulo />
    <Texto><![CDATA[<p> </p><p> O PRESIDENTE DO TRIBUNAL DE CONTAS DA UNIÃO, no uso das atribuições que lhe confere o disposto no art. 28, inciso XXXIII, do Regimento Interno do TCU, e tendo e vista as informações constantes do processo TC 032.556/2017-9, resolve: </p><p>Art. 1º Designar a Auditora Federal de Controle Externo (Área Controle Externo) IVELIZE BARBOSA CAIXETA, Matrícula 8160-4, para exercer a função de confiança de Assessor de Procurador, Código FC-5, no Gabinete do Procurador Rodrigo Medeiros de Lima.</p><p>Art. 2º Esta Portaria entra em vigor na data de sua publicação. </p>]]></Texto>
    <Autores>
      <assina>RAIMUNDO CARREIRO</assina>
    </Autores>
  </body>
</article></xml>