<xml><article id="644543" name="PT2064INSS" idOficio="4588260" pubName="DO2" artType="Portaria" pubDate="01/12/2017" artClass="00022:00029:00017:00000:00000:00000:00000:00000:00000:00000:00025:00001" artSection="Ministério do Desenvolvimento Social" artCategory="Instituto Nacional do Seguro Social" artSize="8" artNotes="" numberPage="48" pdfPage="http://pesquisa.in.gov.br/imprensa/jsp/visualiza/index.jsp?data=01/12/2017&amp;jornal=529&amp;pagina=48" editionNumber="230">
  <body>
    <Identifica><![CDATA[PORTARIA N 2.064, DE 30 DE NOVEMBRO DE 2017]]></Identifica>
    <Data><![CDATA[]]></Data>
    <Ementa />
    <Titulo />
    <SubTitulo />
    <Texto><![CDATA[<p> </p><p> </p><p> O PRESIDENTE SUBSTITUTO DO INSTITUTO NACIONAL DO SEGURO SOCIAL - INSS, no uso das atribuições que lhe confere o Decreto n° 9.104, de 24 de julho de 2017, que aprova a Estrutura Regimental e o Quadro Demonstrativo dos Cargos em Comissão e das Funções Confiança do INSS, considerando o disposto no inciso II do Art. 5º da Portaria nº 414/MDS, de 28 de setembro de 2017, publicada no Diário Oficial da União nº 188-A, de 29 de setembro de 2017, resolve:</p><p>Designar GILVANEIRE CAVALCANTI BELTRÃO, matrícula nº 1.442.820, CPF nº 886.946.824-00, Coordenadora-Geral de Licitações e Contratos, para o encargo de substituto eventual do Diretor de Orçamento, Finanças e Logística, código DAS-101.5, nos afastamentos e impedimentos legais do titular e na vacância do cargo, dispensando, em consequência, Manuella Andrade Pereira de Souza Silva, matrícula nº 1.663.412, CPF nº 021.416.724-06, do referido encargo.</p><p> </p>]]></Texto>
    <Autores>
      <assina>JOSÉ ORLANDO RIBEIRO CARDOSO</assina>
    </Autores>
  </body>
</article></xml>