<xml><article id="643772" name="portaria nº 399.2017 CBA" idOficio="4587966" pubName="DO2" artType="Portaria" pubDate="01/12/2017" artClass="00011:00067:00007:00000:00000:00000:00000:00000:00000:00000:00025:00001" artSection="Ministério da Educação" artCategory="Instituto Federal de Educação, Ciência e Tecnologia de Mato Grosso" artSize="8" artNotes="" numberPage="21" pdfPage="http://pesquisa.in.gov.br/imprensa/jsp/visualiza/index.jsp?data=01/12/2017&amp;jornal=529&amp;pagina=21" editionNumber="230">
  <body>
    <Identifica><![CDATA[PORTARIA Nº 399, DE 3 DE NOVEMBRO DE 2017]]></Identifica>
    <Data><![CDATA[]]></Data>
    <Ementa />
    <Titulo />
    <SubTitulo />
    <Texto><![CDATA[<p> O DIRETOR GERAL DO INSTITUTO FEDERAL DE EDUCAÇÃO, CIÊNCIA E TECNOLOGIA DE MATO GROSSO DO CAMPUS CUIABÁ - OCTAYDE JORGE DA SILVA, no uso de suas atribuições legais, conferidas pela Portaria IFMT nº. 860, de 19.04.2017, publicada no D.O.U. de 20.04.2017 e considerando a Portaria nº 1.729, de 09.09.2014 de delegação de competências aos Diretores Gerais de designação e dispensa de função, resolve:</p><p>I - Designar o servidor VINICIUS PAES DE BARROS, matrícula SIAPE nº 2240682, ocupante do cargo de Professor do Ensino Básico, Técnico e Tecnológico, para o exercício da função de Coordenador de Extensão, código FG - 02, deste IFMT- Campus Cuiabá Octayde Jorge da Silva;</p><p>II - Esta portaria entra em vigor a partir de sua publicação;</p>]]></Texto>
    <Autores>
      <assina>Cristovam Albano da Silva Júnior</assina>
    </Autores>
  </body>
</article></xml>