<xml><article id="643835" name="DOU02_PORTARIA_CGP_PR_354_355_35" idOficio="4587995" pubName="DO2" artType="Portaria" pubDate="01/12/2017" artClass="00037:00059:00001:00000:00000:00000:00000:00000:00000:00000:00025:00001" artSection="Poder Judiciário" artCategory="Tribunal Regional do Trabalho da 20ª Região" artSize="8" artNotes="" numberPage="81" pdfPage="http://pesquisa.in.gov.br/imprensa/jsp/visualiza/index.jsp?data=01/12/2017&amp;jornal=529&amp;pagina=81" editionNumber="230">
  <body>
    <Identifica><![CDATA[PORTARIAS DE 22 DE NOVEMBRO DE 2017]]></Identifica>
    <Data><![CDATA[]]></Data>
    <Ementa />
    <Titulo />
    <SubTitulo />
    <Texto><![CDATA[<p> O DESEMBARGADOR JOSENILDO DOS SANTOS CARVALHO, NO EXERCÍCIO REGIMENTAL DA PRESIDÊNCIA DO TRIBUNAL REGIONAL DO TRABALHO DA 20ª REGIÃO, no uso de suas atribuições legais e considerando o contido no PROAD nº 35038/2017, resolve:</p><p>  Nº 354  - Designar a servidora MIRIAM DA SILVA OLIVEIRA SANTANA, Técnico Judiciário - Área Administrativa do Quadro Permanente de Pessoal da Secretaria deste Tribunal, da Função Comissionada de ASSISTENTE DE GABINETE (FC-05) do Gabinete da Exma. Desembargadora RITA DE CÁSSIA PINHEIRO DE OLIVEIRA, com efeitos a contar de 1º/12/2017.</p><p>   O DESEMBARGADOR JOSENILDO DOS SANTOS CARVALHO, NO EXERCÍCIO REGIMENTAL DA PRESIDÊNCIA DO TRIBUNAL REGIONAL DO TRABALHO DA 20ª REGIÃO, no uso de suas atribuições legais e considerando o contido no PROAD nº 35038/2017, resolve:</p><p> Nº 355  - Designar a servidora KÁTIA BEZERRA CHIARELLI LEONEL, Analista Judiciário - Área Judiciária do Quadro Permanente de Pessoal da Secretaria deste Tribunal, para exercer a Função Comissionada de ASSISTENTE DE GABINETE (FC-5), ficando dispensada da Função Comissionada de ASSISTENTE ADMINISTRATIVO (FC-3), ambas do Gabinete da Exma. Desembargadora RITA DE CÁSSIA PINHEIRO DE OLIVEIRA, com efeitos a contar de 1/12/2017.</p><p>   O DESEMBARGADOR JOSENILDO DOS SANTOS CARVALHO, NO EXERCÍCIO REGIMENTAL DA PRESIDÊNCIA DO TRIBUNAL REGIONAL DO TRABALHO DA 20ª REGIÃO, no uso de suas atribuições legais e considerando o contido no PROAD nº 35038/2017, resolve:</p><p>  Nº 356  - Designar a servidora MÔNICA CRISTINA SANTOS LEITE, Analista Judiciário - Área Judiciária do Quadro Permanente de Pessoal da Secretaria deste Tribunal, para exercer a Função Comissionada de ASSISTENTE ADMINISTRATIVO (FC-3), ficando dispensada da Função Comissionada de ASSISTENTE DE GABINETE (FC-5), ambas do Gabinete da Exma. Desembargadora RITA DE CÁSSIA PINHEIRO DE OLIVEIRA, com efeitos a contar de 1/12/2017.</p>]]></Texto>
    <Autores>
      <assina>JOSENILDO DOS SANTOS CARVALHO</assina>
    </Autores>
  </body>
</article></xml>