<xml><article id="644609" name="PTS2065A2070INSS" idOficio="4588271" pubName="DO2" artType="Portaria" pubDate="01/12/2017" artClass="00022:00029:00017:00000:00000:00000:00000:00000:00000:00000:00025:00002" artSection="Ministério do Desenvolvimento Social" artCategory="Instituto Nacional do Seguro Social" artSize="8" artNotes="" numberPage="48" pdfPage="http://pesquisa.in.gov.br/imprensa/jsp/visualiza/index.jsp?data=01/12/2017&amp;jornal=529&amp;pagina=48" editionNumber="230">
  <body>
    <Identifica><![CDATA[PORTARIAS DE 30 DE NOVEMBRO DE 2017]]></Identifica>
    <Data><![CDATA[]]></Data>
    <Ementa />
    <Titulo />
    <SubTitulo />
    <Texto><![CDATA[<p> </p><p> </p><p> O PRESIDENTE SUBSTITUTO DO INSTITUTO NACIONAL DO SEGURO SOCIAL - INSS, no uso das atribuições que lhe confere o Decreto n° 9.104, de 24 de julho de 2017, que aprova a Estrutura Regimental e o Quadro Demonstrativo dos Cargos em Comissão e das  Funções de Confiança do INSS, considerando a subdelegação de competência de que trata a Portaria nº 191/GM/MPS, de 7 de abril de 2011, publicada no Diário Oficial da União nº 68, de 8 de abril de 2011, resolve:</p><p>N  2.065 - Dispensar, a pedido, PAULO ERNANI DE TADEU CORREA, matrícula nº 1.979.063, CPF nº 971.712.556-20, da função comissionada de Chefe de Serviço de Perícias Médicas da Divisão de Saúde do Trabalhador, código FCPE 101.1, da Superintendência-Regional Sudeste II.</p><p>N  2.066 -   Exonerar LUCIANA PAULA MAIA ESPINDOLA ANTUNES, matrícula nº 0.892.701, CPF nº 555.540.086-15, do cargo em comissão de Chefe da Divisão de Gestão de Pessoas, código DAS-101.2, da Superintendência-Regional Sudeste II.</p><p>N  2.067 - Nomear JOAO PAULO DE SOUZA ANDRADE, matrícula nº 2.377.274, CPF nº 063.866.766-61, para exercer o cargo em comissão de Chefe da Divisão de Gestão de Pessoas, código DAS-101.2, da Superintendência-Regional Sudeste II.</p><p>N  2.068 - Nomear FLÁVIA MARA GOMES DA TRINDADE, matrícula nº 1.636.409, CPF nº 039.865.416-67, para exercer o cargo em comissão de  Chefe de Serviço, código DAS-101.1, vinculado à Divisão de Gestão de Pessoas da Superintendência-Regional Sudeste II.</p><p>N  2.069 - Exonerar, a contar de 17 de novembro de 2017, CARLOS EDUARDO SIMÃO, matrícula nº 1.636.823, CPF nº 912.579.059-53, do cargo em comissão de Chefe do Serviço de Benefícios da Gerência-Executiva Ponta Grossa/PR, código DAS-101.1, em virtude de sua nomeação para outro cargo.</p><p>N  2.070 - Nomear JORGE SLOBODA JÚNIOR,  matrícula  nº 1.780.174,  CPF  nº 047.911.119-74, para exercer o cargo em comissão de Chefe do Serviço de Benefícios da Gerência-Executiva Ponta Grossa/PR, código DAS-101.1.</p><p> </p>]]></Texto>
    <Autores>
      <assina>JOSÉ ORLANDO RIBEIRO CARDOSO</assina>
    </Autores>
  </body>
</article></xml>