<xml><article id="643199" name="Portaria nº 1721 de 29 de novemb" idOficio="4587696" pubName="DO2" artType="Portaria" pubDate="01/12/2017" artClass="00011:00063:00001:00000:00000:00000:00000:00000:00000:00000:00025:00003" artSection="Ministério da Educação" artCategory="Instituto Federal de Educação, Ciência e Tecnologia Fluminense" artSize="8" artNotes="" numberPage="20" pdfPage="http://pesquisa.in.gov.br/imprensa/jsp/visualiza/index.jsp?data=01/12/2017&amp;jornal=529&amp;pagina=20" editionNumber="230">
  <body>
    <Identifica><![CDATA[PORTARIA N 1.721, DE 29 DE NOVEMBRO DE 2017]]></Identifica>
    <Data><![CDATA[]]></Data>
    <Ementa />
    <Titulo />
    <SubTitulo />
    <Texto><![CDATA[<p> O REITOR SUBSTITUTO DO INSTITUTO FEDERAL DE EDUCAÇÃO, CIÊNCIA E TECNOLOGIA FLUMINENSE - IFFLUMINENSE, no uso das atribuições legais conferidas pela Portaria N.º 1092, de 14 de agosto de 2017, publicada no D.O.U. de 31 de agosto de 2017, seção 2, página 25, resolve:</p><p>Art. 1.º Conceder APOSENTADORIA VOLUNTÁRIA COM PROVENTOS INTEGRAIS, de acordo o Artigo 6.º da Emenda Constitucional N.º 41 de 19/12/2003, publicada no D.O.U. de 31/12/2003 e com o artigo 2.º da Emenda Constitucional N.º 47 de 05/07/2005, publicada no D.O.U. de 06/07/2005, combinado com o Artigo 186, inciso III, alínea "a" da Lei 8.112/90, à servidora LENISE LOBO, Matrícula SIAPE 467610, ocupante do cargo de Enfermeiro/Área, Nível de Classificação E, Nível de Capacitação IV, Padrão de Vencimento 16, no regime de trabalho de 40 horas semanais, código de vaga N.º 366974, do Quadro Permanente deste Instituto, assegurando-se as seguintes incorporações: 8% (oito por cento) a título de Adicional por Tempo de Serviço, Vencimento Básico Complementar do Art. 15 da Lei 11.091/2005 e o Incentivo à Qualificação no percentual de 52% (cinquenta e dois por cento), correspondente à titulação de Mestrado, de acordo com o previsto na Lei 11.091 de 12/01/2005, com a alteração dada pela Lei 12.772 de 28/12/2012, publicada no D.O.U. de 31/12/2012, tendo em vista o que consta no Processo N.º 23317.002459.2017-36.</p><p>Art. 2.º Declarar vago o respectivo cargo.</p><p>Art. 3.º Esta portaria entra em vigor na data de sua publicação no Diário Oficial da União.</p>]]></Texto>
    <Autores>
      <assina>JOSÉ LUIZ SANGUEDO BOYNARD</assina>
    </Autores>
  </body>
</article></xml>