<xml><article id="650483" name="Portaria 819 - DG" idOficio="4588528" pubName="DO2" artType="Portaria" pubDate="04/12/2017" artClass="00033:00009:00000:00000:00000:00000:00000:00000:00000:00000:00025:00001" artSection="Ministério Público da União" artCategory="Ministério Público Militar" artSize="8" artNotes="" numberPage="61" pdfPage="http://pesquisa.in.gov.br/imprensa/jsp/visualiza/index.jsp?data=04/12/2017&amp;jornal=529&amp;pagina=61" editionNumber="231">
  <body>
    <Identifica><![CDATA[Portaria nº 819, de 29 de novembro de 2017]]></Identifica>
    <Data><![CDATA[]]></Data>
    <Ementa />
    <Titulo />
    <SubTitulo><![CDATA[SECRETARIA]]></SubTitulo>
    <Texto><![CDATA[<p> O DIRETOR-GERAL DA SECRETARIA, no uso das atribuições que lhe são conferidas pelo artigo 124, inciso XX, da Lei Complementar nº 75, de 20 de maio de 1993, e pelo artigo 1º, inciso I, da Portaria nº 290/PGJM, de 5 de dezembro de 2013, resolve:</p><p>Nomear KALLYTA CRISTINA SILVA GOMES, matrícula nº 1691-8, para exercer o Cargo em Comissão de Chefe da Seção de Acervo Bibliográfico, Código CC-1 (67556), da Coordenadoria de Gestão de Acervos e Memória Institucional, da Secretaria da Direção-Geral, da Procuradoria-Geral de Justiça Militar.</p>]]></Texto>
    <Autores>
      <assina>GILBERTO BARROS SANTOS</assina>
    </Autores>
  </body>
</article></xml>