<xml><article id="645512" name="DOU 2-PGR-PT-1276-UNI-486500_CRI" idOficio="4588645" pubName="DO2" artType="Portaria" pubDate="01/12/2017" artClass="00033:00001:00000:00000:00000:00000:00000:00000:00000:00000:00025:00019" artSection="Ministério Público da União" artCategory="Atos do Procurador-Geral da República" artSize="8" artNotes="" numberPage="64" pdfPage="http://pesquisa.in.gov.br/imprensa/jsp/visualiza/index.jsp?data=01/12/2017&amp;jornal=529&amp;pagina=64" editionNumber="230">
  <body>
    <Identifica><![CDATA[Portaria nº 1.276, de 29 de novembro de 2017]]></Identifica>
    <Data><![CDATA[]]></Data>
    <Ementa />
    <Titulo />
    <SubTitulo />
    <Texto><![CDATA[<p> </p><p> A PROCURADORA-GERAL DA REPÚBLICA, no uso de suas atribuições e tendo em vista o que consta no Processo CSMPF nº 1.00.001.000235/2017-92, no que concerne aos pedidos de alteração da Portaria PGR nº 1229, de 17 de novembro de 2017, publicada no DOU, Seção 2, p. 49, de 20 subsequente, resolve:</p><p>1.Designar o Procurador da República DAVI MARCUCCI PRACUCHO para compor a Mesa Receptora na Procuradoria da República no Mato Grosso do Sul, em substituição ao Procurador da República SILVIO PEREIRA AMORIM.</p><p>2.Designar o Procurador da República VICTOR CARVALHO VEGGI para compor a mesa Receptora na Procuradoria da República na Paraíba, em substituição ao Procurador da República RODRIGO GOMES TEIXEIRA.</p><p>3.Designar o Procurador Regional da República ELTON GHERSEL para compor a mesa Receptora na Procuradoria Regional da República na 1ª Região, em substituição ao Procurador Regional da República LUIZ FERNANDO BEZERRA VIANA.</p><p>4.Designar os Procuradores da República EDSON VIRGINIO CAVALCANTE JUNIOR, LUCIANO SAMPAIO GOMES ROLIM e RAFAEL RIBEIRO NOGUEIRA FILHO para compor a mesa Receptora na Procuradoria da República em Pernambuco, em substituição aos Procuradores da República MARIA MARILIA OLIVEIRA CALADO, JOAO PAULO HOLANDA ALBUQUERQUE e FABIO HOLANDA ALBUQUERQUE.</p>]]></Texto>
    <Autores>
      <assina>Raquel Elias Ferreira Dodge</assina>
    </Autores>
  </body>
</article></xml>