<xml><article id="650462" name="806-ISE E LUCIANA- DIS-DES" idOficio="4587755" pubName="DO2" artType="Portaria" pubDate="04/12/2017" artClass="00037:00004:00000:00000:00000:00000:00000:00000:00000:00000:00000:00009" artSection="Poder Judiciário" artCategory="Superior Tribunal de Justiça" artSize="8" artNotes="" numberPage="64" pdfPage="http://pesquisa.in.gov.br/imprensa/jsp/visualiza/index.jsp?data=04/12/2017&amp;jornal=529&amp;pagina=64" editionNumber="231">
  <body>
    <Identifica><![CDATA[PORTARIA Nº 806, DE 29 DE NOVEMBRO DE 2017]]></Identifica>
    <Data><![CDATA[]]></Data>
    <Ementa />
    <Titulo />
    <SubTitulo />
    <Texto><![CDATA[<p> </p><p> A DIRETORA-GERAL DA SECRETARIA DO SUPERIOR TRIBUNAL DE JUSTIÇA, com base no item 16.2, XI, b, do Manual de Organização e considerando o disposto no art. 35, I, da Lei n. 8.112, de 11 de dezembro de 1990, resolve:</p><p>Art. 1º Efetuar as seguintes alterações na Coordenadoria de Triagem e Autuação de Processos Recursais, da Secretaria Judiciária:</p><p>I - Dispensar ISE MARTINS DE OLIVEIRA, matrícula S065590, da função de confiança de Assistente II, código FC-2;</p><p>II - Designar LUCIANA GONTIJO ALVES MARTINS, matrícula S053141, para a função de confiança de Assistente II, código FC-2, na vaga decorrente da dispensa de Ise Martins de Oliveira.</p><p>Art. 2º Esta portaria entra em vigor na data de sua publicação.</p>]]></Texto>
    <Autores>
      <assina>Sulamita Avelino Cardoso Marques</assina>
    </Autores>
  </body>
</article></xml>