<xml><article id="644588" name="Portarias 2225 a 2230" idOficio="4588299" pubName="DO2" artType="Portaria" pubDate="01/12/2017" artClass="00011:00057:00001:00006:00000:00000:00000:00000:00000:00000:00025:00001" artSection="Ministério da Educação" artCategory="Instituto Federal de Educação, Ciência e Tecnologia Baiano" artSize="8" artNotes="" numberPage="19" pdfPage="http://pesquisa.in.gov.br/imprensa/jsp/visualiza/index.jsp?data=01/12/2017&amp;jornal=529&amp;pagina=19" editionNumber="230">
  <body>
    <Identifica><![CDATA[PORTARIAS DE 29 DE NOVEMBRO DE 2017]]></Identifica>
    <Data><![CDATA[]]></Data>
    <Ementa />
    <Titulo />
    <SubTitulo />
    <Texto><![CDATA[<p> </p><p> </p><p> O REITOR SUBSTITUTO DO INSTITUTO FEDERAL DE EDUCAÇÃO, CIÊNCIA E TECNOLOGIA BAIANO, no uso das suas atribuições delegadas pelo Decreto de 13/03/2014, publicado no D.O.U. de 14/03/2014, Seção 2, página 1, resolve:</p><p>N 2.225 - Autorizar o afastamento do servidor GILVAN MARTINS DURÃES, Professor do Ensino Básico, Técnico e Tecnológico, Matrícula SIAPE nº 1876997, lotado no Campus Catu, no período de 13/12/2017 a 23/12/2017, para apresentação do artigo "Avaliando a aplicabilidade dos modelos de alocação de largura de banda para a atribuição de slots em redes EON", no International Conference on Advanced Networks and Telecommunications Systems - IEEE ANTS 2017, na cidade de Bhubaneswar - Índia, com ônus para o campus Catu  (Processo 23329.000916/2017-19).</p><p>N 2.226 - Exonerar, a pedido, a servidora MIRIAM BATISTA DA SILVA, Administradora, matrícula SIAPE 1529495, do cargo de Coordenadora Financeira e Contábil substituta, código CD-04, Campus Senhor do Bonfim.</p><p>N 2.227 - Nomear o servidor EDSON CARLOS ARAÚJO MEDRADO, Assistente em Administração, matrícula SIAPE 1529378, para exercer o cargo de Coordenador Financeiro e Contábil substituto, nas ausências e impedimentos legais do titular, código CD-04, Campus Senhor do Bonfim.</p><p>N 2.228 - Dispensar o servidor LEANDRO SAMPAIO OLIVEIRA RIBEIRO, Professor do Ensino Básico, Técnico e Tecnológico, Matrícula SIAPE 1799873, da função de Coordenador de Pesquisa de Inovação, Código FG-02, Campus Uruçuca.</p><p>N 2.229 - Designar a servidora ARIANA REIS MESSIAS FERNANDES DE OLIVEIRA, Professora do Ensino Básico, Técnico e Tecnológico, Matrícula SIAPE 1999914, para exercer a função de Coordenador de Pesquisa de Inovação, Código FG-02, Campus Uruçuca.</p><p>N 2.230 - Nomear o servidor ADILSON SILVA DE SOUZA, Técnico em Assuntos Educacionais, Matrícula SIAPE 2679510, para exercer o cargo de Assessor Especial substituto, no período de 01/12 a 16/12/2017, Código CD-04, Reitoria.</p>]]></Texto>
    <Autores>
      <assina>DENILSON SANTANA SODRE DOS SANTOS</assina>
    </Autores>
  </body>
</article></xml>