<xml><article id="650453" name="PORTARIA GPR 2654" idOficio="4587283" pubName="DO2" artType="Portaria" pubDate="04/12/2017" artClass="00037:00039:00002:00000:00000:00000:00000:00000:00000:00000:00025:0003" artSection="Poder Judiciário" artCategory="Tribunal de Justiça do Distrito Federal e dos Territórios" artSize="8" artNotes="" numberPage="65" pdfPage="http://pesquisa.in.gov.br/imprensa/jsp/visualiza/index.jsp?data=04/12/2017&amp;jornal=529&amp;pagina=65" editionNumber="231">
  <body>
    <Identifica><![CDATA[PORTARIA Nº2.654, DE 27 DE NOVEMBRO DE 2017]]></Identifica>
    <Data><![CDATA[]]></Data>
    <Ementa />
    <Titulo />
    <SubTitulo />
    <Texto><![CDATA[<p> O PRESIDENTE DO TRIBUNAL DE JUSTIÇA DO DISTRITO FEDERAL E DOS TERRITÓRIOS, no uso de sua competência legal e tendo em vista o contido no PA N. 1001776/2017, resolve:</p><p>Art. 1º Exonerar BIANCA BECALE GODOY, matrícula N. 313.816, Analista Judiciário, Área Judiciária, do Quadro de Pessoal deste Tribunal, do Cargo em Comissão, CJ-02, de Assessor de Desembargador, do Gabinete do Exmo. Sr. Desembargador Sebastião Coelho da Silva.</p><p>Art. 2º Nomear a Bacharela em Direito CACIA REGIA COSTA GOMES, matrícula N. 309.489, Técnico Judiciário, Área Administrativa, do Quadro de Pessoal deste Tribunal, para exercer o Cargo em Comissão, CJ-02, de de Assessor de Desembargador, do Gabinete do Exmo. Sr. Desembargador Sebastião Coelho da Silva, ficando dispensada da Função Comissionada, FC-05, de Oficial de Gabinete, do referido Gabinete.</p><p>Art. 3º Designar a Bacharela em Direito BIANCA BECALE GODOY, matrícula N. 313.816, Analista Judiciário, Área Judiciária, do Quadro de Pessoal deste Tribunal, para exercer a Função Comissionada, FC-05, de Oficial de Gabinete, do Gabinete do Exmo. Sr. Desembargador Sebastião Coelho da Silva.</p><p>Art. 4º Dispensar CACIA REGIA COSTA GOMES, matrícula N. 309.489, Técnico Judiciário, Área Administrativa, do Quadro de Pessoal deste Tribunal, da substituição do titular do Cargo em Comissão, CJ-03, de Assessor de Desembargador, do Gabinete do Exmo. Sr. Desembargador Sebastião Coelho da Silva, nos seus impedimentos legais e eventuais</p><p>Art. 5º Designar a Bacharela em Direito CAROLINE DE MOURA XAVIER EVARISTO, matrícula N. 313.809, Analista Judiciário, Área Judiciária, do Quadro de Pessoal deste Tribunal, para substituir o titular do Cargo em Comissão, CJ-03, de Assessor de Desembargador, do Gabinete do Exmo. Sr. Desembargador Sebastião Coelho da Silva, nos seus impedimentos legais e eventuais, ficando dispensada da substituição do titular do Cargo em Comissão, CJ-02, de Assessor de Desembargador, do referido Gabinete.</p><p>Art. 6º Designar a Bacharela em Direito BIANCA BECALE GODOY, matrícula N. 313.816, Analista Judiciário, Área Judiciária, do Quadro de Pessoal deste Tribunal, para substituir o titular do Cargo em Comissão, CJ-02, de Assessor de Desembargador, do Gabinete do Exmo. Sr. Desembargador Sebastião Coelho da Silva, nos seus impedimentos legais e eventuais.</p><p>Art. 7º Esta Portaria entra em vigor na data de sua publicação.</p><p> </p>]]></Texto>
    <Autores>
      <assina>Des. MARIO MACHADO</assina>
    </Autores>
  </body>
</article></xml>