<xml><article id="645515" name="DOU 2-PGR-PT-1275-UNI-485950_CRI" idOficio="4588645" pubName="DO2" artType="Portaria" pubDate="01/12/2017" artClass="00033:00001:00000:00000:00000:00000:00000:00000:00000:00000:00025:00018" artSection="Ministério Público da União" artCategory="Atos do Procurador-Geral da República" artSize="8" artNotes="" numberPage="64" pdfPage="http://pesquisa.in.gov.br/imprensa/jsp/visualiza/index.jsp?data=01/12/2017&amp;jornal=529&amp;pagina=64" editionNumber="230">
  <body>
    <Identifica><![CDATA[Portaria nº 1.275, de 29 de novembro de 2017]]></Identifica>
    <Data><![CDATA[]]></Data>
    <Ementa />
    <Titulo />
    <SubTitulo />
    <Texto><![CDATA[<p> </p><p> A PROCURADORA-GERAL DA REPÚBLICA, no uso de suas atribuições, tendo em vista o constante do Procedimento de Gestão Administrativa nº 1.00.000.021228/2017-34, resolve:</p><p>Art. 1º Autorizar o afastamento do país, com ônus limitado, da Assessora Técnica do Núcleo de Combate aos Crimes Cibernéticos da Procuradoria da República em São Paulo, ADRIANA SHIMABUKURO, no período de 4 a 8 de dezembro de 2017, inclusive trânsito, para, assessorar a procuradora da República, JAQUELINE ANA BUFFON, durante o Foro hemisférico sobre cooperação internacional em cibercrime para América Latina e Caribe, a realizar-se entre os dias 5 e 7 de dezembro de 2017, em Santo Domingo, República Dominicana.</p><p>Parágrafo único. O Conselho da Europa e a Organização dos Estados Americanos - OEA se responsabilizarão por todos os custos da missão.</p>]]></Texto>
    <Autores>
      <assina>Raquel Elias Ferreira Dodge</assina>
    </Autores>
  </body>
</article></xml>