<xml><article id="643778" name="Portaria 820 publicada em 01.12." idOficio="4587971" pubName="DO2" artType="Portaria" pubDate="01/12/2017" artClass="00011:00033:00001:00001:00000:00000:00000:00000:00000:00000:00025:00001" artSection="Ministério da Educação" artCategory="Fundação Universidade Federal de Ouro Preto" artSize="8" artNotes="" numberPage="16" pdfPage="http://pesquisa.in.gov.br/imprensa/jsp/visualiza/index.jsp?data=01/12/2017&amp;jornal=529&amp;pagina=16" editionNumber="230">
  <body>
    <Identifica><![CDATA[PORTARIA N 820, DE 27 DE NOVEMBRO DE 2017]]></Identifica>
    <Data><![CDATA[]]></Data>
    <Ementa />
    <Titulo />
    <SubTitulo />
    <Texto><![CDATA[<p> </p><p> </p><p> A Reitora da Universidade Federal de Ouro Preto, no uso de suas atribuições legais, conferidas pelo Decreto de 08 de fevereiro de 2017, publicado no Diário Oficial da União de 09 de fevereiro de 2017,</p><p>Considerando o Processo UFOP Nº 23109.006020/2017-38, resolve</p><p>Art. 1º - Conceder aposentadoria voluntária ao servidor JESU GOMES MOREIRA, matrícula SIAPE nº. 0.418.197, código de vaga nº. 327866, ocupante do cargo de Marceneiro, Classe B, Nível de Capacitação 4, Padrão de Vencimento 16, do quadro de pessoal  permanente desta Instituição, com proventos integrais, com fundamento no Artigo 3º da Emenda Constitucional nº 47, de 05 de julho de 2005. </p><p> Art. 2º - Declarar vago o cargo ocupado pelo servidor. </p><p> </p>]]></Texto>
    <Autores>
      <assina>Cláudia Aparecida Marliére de Lima</assina>
    </Autores>
  </body>
</article></xml>