<xml><article id="645620" name="RETIFICAÇÃO DA PORTARIA Nº 09972" idOficio="4588660" pubName="DO2" artType="Portaria" pubDate="01/12/2017" artClass="00011:00003:00000:00000:00000:00000:00000:00000:00000:00000:00025:00001" artSection="Ministério da Educação" artCategory="Centro Federal de Educação Tecnológica Celso Suckow da Fonseca" artSize="8" artNotes="" numberPage="14" pdfPage="http://pesquisa.in.gov.br/imprensa/jsp/visualiza/index.jsp?data=01/12/2017&amp;jornal=529&amp;pagina=14" editionNumber="230">
  <body>
    <Identifica><![CDATA[RETIFICAÇÃO]]></Identifica>
    <Data><![CDATA[]]></Data>
    <Ementa />
    <Titulo />
    <SubTitulo />
    <Texto><![CDATA[<p> </p><p> </p><p> Na Portaria nº 997, de 12 de setembro de 2017, publicada no D.O.U. de 15 de setembro de 2017, Nº 178, Seção 02, Página 14, que trata da aposentadoria voluntária do servidor SERGIO SIMOES MENEZES, matrícula SIAPE 6390739,</p><p>Onde se lê: "...acrescidos da Retribuição por Titulação de que trata o art. 17 da Lei nº 12.772/2012."</p><p>Leia-se: "... acrescidos da Retribuição por Titulação de que trata o art. 18 da Lei nº 12.772/2012."</p><p> </p>]]></Texto>
    <Autores />
  </body>
</article></xml>