<xml><article id="645317" name="DOU_SP_01122017" idOficio="4588295" pubName="DO2" artType="Portaria" pubDate="01/12/2017" artClass="00036:00001:00002:00008:00001:00001:00000:00000:00000:00000:00025:00001" artSection="Poder Legislativo" artCategory="Câmara dos Deputados" artSize="8" artNotes="" numberPage="17-69" pdfPage="http://pesquisa.in.gov.br/imprensa/jsp/visualiza/index.jsp?data=01/12/2017&amp;jornal=529&amp;pagina=17,http://pesquisa.in.gov.br/imprensa/jsp/visualiza/index.jsp?data=01/12/2017&amp;jornal=529&amp;pagina=69" editionNumber="230">
  <body>
    <Identifica><![CDATA[Portarias de 29 de novembro de 2017]]></Identifica>
    <Data><![CDATA[]]></Data>
    <Ementa />
    <Titulo />
    <SubTitulo />
    <Texto><![CDATA[<p> O Diretor em exercício da Coordenação de Secretariado Parlamentar, no uso das atribuições que lhe foram delegadas pelo artigo 1º da Portaria n.º 53, de 2002, do Senhor Diretor Administrativo, resolve: </p><p>Nº 8.685 - Exonerar, de acordo com o artigo 35 da Lei n.º 8.112, de 11 de dezembro de 1990, a partir de 29 de novembro de 2017, HÉLIO GOMES DE ABREU, ponto n.º 158797, do cargo em comissão de Secretário Parlamentar, SP23, do Quadro de Pessoal da Câmara dos Deputados, que exerce no gabinete do(a) Deputado(a) HIRAN GONCALVES.</p><p>Nº 8.686 - Exonerar, de acordo com o artigo 35 da Lei n.º 8.112, de 11 de dezembro de 1990, a partir de 29 de novembro de 2017, MARIA SEBASTIANA DE BARROS TAQUES, ponto n.º 162846, do cargo em comissão de Secretário Parlamentar, SP21, do Quadro de Pessoal da Câmara dos Deputados, que exerce no gabinete do(a) Deputado(a) DR JORGE SILVA.</p><p>Nº 8.687 - Exonerar, de acordo com o artigo 35 da Lei n.º 8.112, de 11 de dezembro de 1990, a partir de 29 de novembro de 2017, FLAVIA CRISTINA DA SILVA BARROZO, ponto n.º 206574, do cargo em comissão de Secretário Parlamentar, SP17, do Quadro de Pessoal da Câmara dos Deputados, que exerce no gabinete do(a) Deputado(a) FRANCISCO FLORIANO.</p><p>Nº 8.688 - Exonerar, de acordo com o artigo 35 da Lei n.º 8.112, de 11 de dezembro de 1990, a partir de 29 de novembro de 2017, CLAUDIA DA SILVA MOFATO, ponto n.º 229528, do cargo em comissão de Secretário Parlamentar, SP03, do Quadro de Pessoal da Câmara dos Deputados, que exerce no gabinete do(a) Deputado(a) JAIR BOLSONARO.</p><p>Nº 8.689 - Exonerar, de acordo com o artigo 35 da Lei n.º 8.112, de 11 de dezembro de 1990, a partir de 29 de novembro de 2017, MIRIAN MELO LESSA GLYCÉRIO DE CASTRO, ponto n.º 231174, do cargo em comissão de Secretário Parlamentar, SP02, do Quadro de Pessoal da Câmara dos Deputados, que exerce no gabinete do(a) Deputado(a) JAIR BOLSONARO.</p><p>Nº 8.690 - Exonerar, de acordo com o artigo 35 da Lei n.º 8.112, de 11 de dezembro de 1990, a partir de 29 de novembro de 2017, JEANNY GRAZIELLY GARCIA, ponto n.º 233506, do cargo em comissão de Secretário Parlamentar, SP21, do Quadro de Pessoal da Câmara dos Deputados, que exerce no gabinete do(a) Deputado(a) DR JORGE SILVA.</p><p>Nº 8.691 - Exonerar, de acordo com o artigo 35 da Lei n.º 8.112, de 11 de dezembro de 1990, a partir de 29 de novembro de 2017, LÍGIA MARIA BARROS AMORIM, ponto n.º 234888, do cargo em comissão de Secretário Parlamentar, SP20, do Quadro de Pessoal da Câmara dos Deputados, que exerce no gabinete do(a) Deputado(a) RONALDO LESSA.</p><p>Nº 8.692 - Exonerar, de acordo com o artigo 35 da Lei n.º 8.112, de 11 de dezembro de 1990, a partir de 29 de novembro de 2017, ANTONIA MARLI DE FARIAS, ponto n.º 237005, do cargo em comissão de Secretário Parlamentar, SP20, do Quadro de Pessoal da Câmara dos Deputados, que exerce no gabinete do(a) Deputado(a) STEFANO AGUIAR.</p><p>Nº 8.693 - Exonerar, de acordo com o artigo 35 da Lei n.º 8.112, de 11 de dezembro de 1990, a partir de 29 de novembro de 2017, JOSE DANIEL RIBEIRO DA SILVA, ponto n.º 246539, do cargo em comissão de Secretário Parlamentar, SP14, do Quadro de Pessoal da Câmara dos Deputados, que exerce no gabinete do(a) Deputado(a) RONALDO MARTINS.</p><p>Nº 8.694 - Exonerar, de acordo com o artigo 35 da Lei n.º 8.112, de 11 de dezembro de 1990, a partir de 29 de novembro de 2017, NAYARA AUGUSTA DOS SANTOS PIRES, ponto n.º 250713, do cargo em comissão de Secretário Parlamentar, SP15, do Quadro de Pessoal da Câmara dos Deputados, que exerce no gabinete do(a) Deputado(a) ALBERTO FILHO.</p><p>Nº 8.695 - Exonerar, de acordo com o artigo 35 da Lei n.º 8.112, de 11 de dezembro de 1990, a partir de 29 de novembro de 2017, JOÃO DAVID ANDRADE DE CARVALHO, ponto n.º 251550, do cargo em comissão de Secretário Parlamentar, SP14, do Quadro de Pessoal da Câmara dos Deputados, que exerce no gabinete do(a) Deputado(a) LAURA CARNEIRO.</p><p>Nº 8.696 - Exonerar, de acordo com o artigo 35 da Lei n.º 8.112, de 11 de dezembro de 1990, a partir de 29 de novembro de 2017, BARBARA FERNANDES VIDAL, ponto n.º 253668, do cargo em comissão de Secretário Parlamentar, SP14, do Quadro de Pessoal da Câmara dos Deputados, que exerce no gabinete do(a) Deputado(a) GABRIEL GUIMARAES.</p><p>Nº 8697- Declarar Vago, na forma do artigo 33, inciso IX da Lei n.º 8112, de 11 de dezembro de 1990, o cargo em comissão de Secretário Parlamentar, SP19, do gabinete do(a)  Deputado(a) DEOCLIDES MACEDO,  exercido pelo servidor(a) VILSON SANTOS DA SILVA, ponto n.º 255372, em virtude de seu falecimento ocorrido em 24 de novembro de 2017.</p><p>Nº 8.698 - Exonerar, de acordo com o artigo 35 da Lei n.º 8.112, de 11 de dezembro de 1990, a partir de 29 de novembro de 2017, MAYARA LIMA FAZIO, ponto n.º 255524, do cargo em comissão de Secretário Parlamentar, SP13, do Quadro de Pessoal da Câmara dos Deputados, que exerce no gabinete do(a) Deputado(a) JOAO RODRIGUES.</p><p>Nº 8.699 - Exonerar, de acordo com o artigo 35 da Lei n.º 8.112, de 11 de dezembro de 1990, a partir de 29 de novembro de 2017, ANA CAROLINA SINISCALCHI, ponto n.º 255656, do cargo em comissão de Secretário Parlamentar, SP13, do Quadro de Pessoal da Câmara dos Deputados, que exerce no gabinete do(a) Deputado(a) MARCELO AGUIAR.</p><p>Nº 8.700 - Nomear, na forma do artigo 9º, inciso II, da Lei nº 8.112, de 11 de dezembro de 1990, ANDRÉ ANTONIO DE MORAIS SEPULVEDA para exercer, no gabinete do(a) Deputado(a) ANTONIO BRITO, o cargo em comissão de Secretário Parlamentar, SP02, do Quadro de Pessoal da Câmara dos Deputados. </p><p>Nº 8.701 - Nomear, na forma do artigo 9º, inciso II, da Lei nº 8.112, de 11 de dezembro de 1990, ANTONIO SANTOS MENEZES JUNIOR para exercer, no gabinete do(a) Deputado(a) MARCELO AGUIAR, o cargo em comissão de Secretário Parlamentar, SP13, do Quadro de Pessoal da Câmara dos Deputados. </p><p>Nº 8.702 - Nomear, na forma do artigo 9º, inciso II, da Lei nº 8.112, de 11 de dezembro de 1990, CASTILHO SILVANO VIEIRA para exercer, no gabinete do(a) Deputado(a) JOAO RODRIGUES, o cargo em comissão de Secretário Parlamentar, SP17, do Quadro de Pessoal da Câmara dos Deputados. </p><p>Nº 8.703 - Nomear, na forma do artigo 9º, inciso II, da Lei nº 8.112, de 11 de dezembro de 1990, DIEGO TAQUES RODRIGUES DA SILVA para exercer, no gabinete do(a) Deputado(a) DR JORGE SILVA, o cargo em comissão de Secretário Parlamentar, SP21, do Quadro de Pessoal da Câmara dos Deputados. </p><p>Nº 8.704 - Nomear, na forma do artigo 9º, inciso II, da Lei nº 8.112, de 11 de dezembro de 1990, DOUGLAS LOPES FERREIRA DOS SANTOS JÚNIOR para exercer, no gabinete do(a) Deputado(a) RONALDO LESSA, o cargo em comissão de Secretário Parlamentar, SP18, do Quadro de Pessoal da Câmara dos Deputados. </p><p>Nº 8.705 - Nomear, na forma do artigo 9º, inciso II, da Lei nº 8.112, de 11 de dezembro de 1990, GISLAINE SOUZA DE QUEIROZ para exercer, no gabinete do(a) Deputado(a) FRANCISCO FLORIANO, o cargo em comissão de Secretário Parlamentar, SP17, do Quadro de Pessoal da Câmara dos Deputados. </p><p>Nº 8.706 - Nomear, na forma do artigo 9º, inciso II, da Lei nº 8.112, de 11 de dezembro de 1990, IRENALVA SOUSA TEIXEIRA para exercer, no gabinete do(a) Deputado(a) HILDO ROCHA, o cargo em comissão de Secretário Parlamentar, SP06, do Quadro de Pessoal da Câmara dos Deputados. </p><p>Nº 8.707 - Nomear, na forma do artigo 9º, inciso II, da Lei nº 8.112, de 11 de dezembro de 1990, JORGE DE ANDRADE para exercer, no gabinete do(a) Deputado(a) LUIZ CARLOS RAMOS, o cargo em comissão de Secretário Parlamentar, SP02, do Quadro de Pessoal da Câmara dos Deputados. </p><p>Nº 8.708 - Nomear, na forma do artigo 9º, inciso II, da Lei nº 8.112, de 11 de dezembro de 1990, LUCIANA SILVA PEDROSA DRUMOND para exercer, no gabinete do(a) Deputado(a) GABRIEL GUIMARAES, o cargo em comissão de Secretário Parlamentar, SP02, do Quadro de Pessoal da Câmara dos Deputados. </p><p>Nº 8.709 - Nomear, na forma do artigo 9º, inciso II, da Lei nº 8.112, de 11 de dezembro de 1990, MARCELO TAVARES BORGES para exercer, no gabinete do(a) Deputado(a) PEPE VARGAS, o cargo em comissão de Secretário Parlamentar, SP06, do Quadro de Pessoal da Câmara dos Deputados. </p><p>Nº 8.710 - Nomear, na forma do artigo 9º, inciso II, da Lei nº 8.112, de 11 de dezembro de 1990, MARIA DAS GRAÇAS GARCIA para exercer, no gabinete do(a) Deputado(a) DR JORGE SILVA, o cargo em comissão de Secretário Parlamentar, SP21, do Quadro de Pessoal da Câmara dos Deputados. </p><p>Nº 8.711 - Nomear, na forma do artigo 9º, inciso II, da Lei nº 8.112, de 11 de dezembro de 1990, MARIA DE LOURDES BAUERMANN para exercer, no gabinete do(a) Deputado(a) RENATO MOLLING, o cargo em comissão de Secretário Parlamentar, SP16, do Quadro de Pessoal da Câmara dos Deputados. </p><p>Nº 8.712 - Nomear, na forma do artigo 9º, inciso II, da Lei nº 8.112, de 11 de dezembro de 1990, MARIA HELENA ARAUJO DE LACERDA para exercer, no gabinete do(a) Deputado(a) STEFANO AGUIAR, o cargo em comissão de Secretário Parlamentar, SP20, do Quadro de Pessoal da Câmara dos Deputados. </p><p>Nº 8.713 - Nomear, na forma do artigo 9º, inciso II, da Lei nº 8.112, de 11 de dezembro de 1990, MARIA VASCO DA SILVA para exercer, no gabinete do(a) Deputado(a) ALBERTO FILHO, o cargo em comissão de Secretário Parlamentar, SP02, do Quadro de Pessoal da Câmara dos Deputados. </p><p>Nº 8.714 - Nomear, na forma do artigo 9º, inciso II, da Lei nº 8.112, de 11 de dezembro de 1990, MARISE GONÇALVES DOS SANTOS FREITAS para exercer, no gabinete do(a) Deputado(a) LUIZ CARLOS RAMOS, o cargo em comissão de Secretário Parlamentar, SP03, do Quadro de Pessoal da Câmara dos Deputados. </p><p>Nº 8.715 - Nomear, na forma do artigo 9º, inciso II, da Lei nº 8.112, de 11 de dezembro de 1990, PAULO ANDRE DA SILVA NASCIMENTO para exercer, no gabinete do(a) Deputado(a) RONALDO MARTINS, o cargo em comissão de Secretário Parlamentar, SP14, do Quadro de Pessoal da Câmara dos Deputados. </p><p>Nº 8.716 - Nomear, na forma do artigo 9º, inciso II, da Lei nº 8.112, de 11 de dezembro de 1990, PEDRO ANDRE BRAZ SILVA SANTANA para exercer, no gabinete do(a) Deputado(a) PAULO MAGALHAES, o cargo em comissão de Secretário Parlamentar, SP14, do Quadro de Pessoal da Câmara dos Deputados. </p><p>Nº 8.717 - Nomear, na forma do artigo 9º, inciso II, da Lei nº 8.112, de 11 de dezembro de 1990, RICARDO KICH para exercer, no gabinete do(a) Deputado(a) CAJAR NARDES, o cargo em comissão de Secretário Parlamentar, SP10, do Quadro de Pessoal da Câmara dos Deputados. </p>]]></Texto>
    <Autores>
      <assina>Carlos Augusto Lima de Azevedo</assina>
    </Autores>
  </body>
</article></xml>