<xml><article id="645365" name="PorDOUEnq2017" idOficio="4588504" pubName="DO2" artType="Portaria" pubDate="01/12/2017" artClass="00025:00021:00031:06645:00000:00000:00000:00000:00000:00000:00025:00002" artSection="Ministério do Meio Ambiente" artCategory="Instituto Brasileiro do Meio Ambiente e dos Recursos Naturais Renováveis" artSize="8" artNotes="" numberPage="53" pdfPage="http://pesquisa.in.gov.br/imprensa/jsp/visualiza/index.jsp?data=01/12/2017&amp;jornal=529&amp;pagina=53" editionNumber="230">
  <body>
    <Identifica><![CDATA[PORTARIA Nº 2.493, E 29 DE NOVEMBRO DE 2017]]></Identifica>
    <Data><![CDATA[]]></Data>
    <Ementa />
    <Titulo />
    <SubTitulo />
    <Texto><![CDATA[<p> A COORDENADORA-GERAL DE GESTÃO DE PESSOAS SUBSTITUTA DO INSTITUTO BRASILEIRO DO MEIO AMBIENTE E DOS RECURSOS NATURAIS RENOVÁVEIS - IBAMA, designada pela Portaria nº 1.535, publicada no Diário Oficial da União de 01/08/2017, usando da competência que lhe foi atribuída pelo Decreto nº 8.973, de 24 de janeiro de 2017, que aprovou a Estrutura Regimental do IBAMA, publicado no Diário Oficial da União do dia subsequente, pelo art.55 do Regimento Interno aprovado pela Portaria nº 14-IBAMA, de 29 de junho de 2017, publicado no Diário Oficial da União do dia subsequente, pela Portaria nº 2.432/2017- DIPLAN/IBAMA, de 22 de novembro de 2017, publicada no Boletim de Serviço nº 11-C de 24 de novembro de 2017,</p><p>Considerando a Decisão Judicial prolatada nos autos nº 0087019-13.2016.4.02.5102 e o Parecer de Força Executória nº 06/16/PRF2/CMA/MXF, acostados ao processo administrativo nº 02001.118129/2017-45, Resolve:</p><p>  Enquadrar, na Carreira de Especialista em Meio Ambiente, o servidor aposentado OSMAR COUTINHO, matrícula SIAPE nº 0683106, no cargo de Técnico Administrativo, Classe "S", Padrão III.</p>]]></Texto>
    <Autores>
      <assina>TÂNIA MARA DE LIMA MOURA</assina>
    </Autores>
  </body>
</article></xml>