<xml><article id="643310" name="Portaria 2087 - responder PGT cr" idOficio="4587787" pubName="DO2" artType="Portaria" pubDate="01/12/2017" artClass="00033:00008:00001:00000:00000:00000:00000:00000:00000:00000:00025:00008" artSection="Ministério Público da União" artCategory="Ministério Público do Trabalho" artSize="8" artNotes="" numberPage="66" pdfPage="http://pesquisa.in.gov.br/imprensa/jsp/visualiza/index.jsp?data=01/12/2017&amp;jornal=529&amp;pagina=66" editionNumber="230">
  <body>
    <Identifica><![CDATA[Portaria nº 2.087, de 29 de novembro de 2017]]></Identifica>
    <Data><![CDATA[]]></Data>
    <Ementa />
    <Titulo />
    <SubTitulo />
    <Texto><![CDATA[<p> O PROCURADOR-GERAL DO TRABALHO, no uso de suas atribuições, nos termos do artigo 91, XIV, c, e XXI, da Lei Complementar nº 75, de20 de maio de 1993, resolve:</p><p>Art. 1º Designar a Subprocuradora-Geral do Trabalho CRISTINA APARECIDA RIBEIRO BRASILIANO para, na ausência do Procurador-Geral do Trabalho e do Vice-Procurador-Geral do Trabalho, responder pela Procuradoria-Geral do Trabalho no período de 30 de novembro a 1ºde dezembro de 2017.</p>]]></Texto>
    <Autores>
      <assina>RONALDO CURADO FLEURY</assina>
    </Autores>
  </body>
</article></xml>