<xml><article id="704343" name="D 3246 Exonerar ALESSANDRO MAGNO" idOficio="4587530" pubName="DO2" artType="Portaria" pubDate="11/12/2017" artClass="00017:00001:00000:00000:00000:00000:00000:00000:00000:00000:00000:00017" artSection="Ministério da Saúde" artCategory="Gabinete do Ministro" artSize="8" artNotes="" numberPage="194" pdfPage="http://pesquisa.in.gov.br/imprensa/jsp/visualiza/index.jsp?data=11/12/2017&amp;jornal=529&amp;pagina=194" editionNumber="236">
  <body>
    <Identifica><![CDATA[PORTARIA Nº 3.246, DE 29 DE NOVEMBRO DE 2017]]></Identifica>
    <Data><![CDATA[]]></Data>
    <Ementa />
    <Titulo />
    <SubTitulo />
    <Texto><![CDATA[<p> O MINISTRO DE ESTADO DA SAÚDE, no uso da competência que lhe foi delegada pelo art. 3º do Decreto nº 8.821, de 26 de julho de 2016, resolve:</p><p>Exonerar, a partir de 28 de novembro de 2017, ALESSANDRO MAGNO COUTINHO do cargo de Coordenador de Gestão do Núcleo Estadual do Rio de Janeiro, código DAS 101.3, nº 05.0485, da Secretaria-Executiva, tendo em vista ter sido nomeado para outro cargo em comissão.</p>]]></Texto>
    <Autores>
      <assina>RICARDO BARROS</assina>
    </Autores>
  </body>
</article></xml>