<xml><article id="644369" name="PDRJ RIBPRETO81" idOficio="4588209" pubName="DO2" artType="Portaria" pubDate="01/12/2017" artClass="00012:00055:00033:00000:00000:00000:00000:00000:00000:00000:00025:00004" artSection="Ministério da Fazenda" artCategory="Secretaria da Receita Federal do Brasil" artSize="8" artNotes="" numberPage="37" pdfPage="http://pesquisa.in.gov.br/imprensa/jsp/visualiza/index.jsp?data=01/12/2017&amp;jornal=529&amp;pagina=37" editionNumber="230">
  <body>
    <Identifica><![CDATA[PORTARIA Nº 81, DE 29 DE NOVEMBRO DE 2017]]></Identifica>
    <Data><![CDATA[]]></Data>
    <Ementa />
    <Titulo />
    <SubTitulo />
    <Texto><![CDATA[<p> A DELEGADA DA RECEITA FEDERAL DO BRASIL DE JULGAMENTO EM RIBEIRÃO PRETO, no uso da atribuição que lhe confere o art.  308, V, do Regimento Interno da Secretaria da Receita Federal do Brasil, aprovado pela Portaria MF nº 203, de 14 de maio de 2012, publicada no DOU em 17 de maio de 2012, e alterações posteriores, resolve: </p><p>Designar a Auditora Fiscal da Receita Federal do Brasil MARIA LUCIA AGUILERA, matrícula Siapecad Nº 26449, julgadora da Décima Terceira Turma de Julgamento, para participar da sessão do dia 29/11/2017, como ad hoc, na Décima Quinta Turma desta Delegacia.</p>]]></Texto>
    <Autores>
      <assina>ANA PAULA GERVÁSIO SILVIERA</assina>
    </Autores>
  </body>
</article></xml>