<xml><article id="658209" name="PORTARIA 299-EMPOSSAR ADRIANA MA" idOficio="4587774" pubName="DO2" artType="Portaria" pubDate="05/12/2017" artClass="00038:00183:00000:00000:00000:00000:00000:00000:00000:00000:00025:00012" artSection="Entidades de Fiscalização do Exercício das Profissões Liberais" artCategory="Conselho Regional de Educação Física da 12ª Região" artSize="8" artNotes="" numberPage="56" pdfPage="http://pesquisa.in.gov.br/imprensa/jsp/visualiza/index.jsp?data=05/12/2017&amp;jornal=529&amp;pagina=56" editionNumber="232">
  <body>
    <Identifica><![CDATA[PORTARIA Nº 299, de 7 DE AGOSTO DE 2017]]></Identifica>
    <Data><![CDATA[]]></Data>
    <Ementa />
    <Titulo />
    <SubTitulo />
    <Texto><![CDATA[<p> A Presidente, no uso de suas atribuições que são conferidas pela Lei 9.696/1998, e por seu Estatuto, resolve:</p><p> Nomear e empossar, com base no item 14 e seus subitens do Edital do Concurso Público nº 01/2013 - CREF12/PE-AL, ADRIANA MARIA DOS SANTOS, portadora do RG nº 5.733.048 SDS/PE e inscrita no CPF sob o nº 039.242.234-40, 25º colocada no citado concurso - inscrição nº 234.00581817/1, para o cargo de Auxiliar Administrativo do CREF12/PE, a partir de 07 de agosto de 2017, com remuneração mensal de R$ 1.262,60 (hum mil, duzentos e sessenta e dois reais e sessenta centavos). Esta Portaria tem seus efeitos a partir de 07 de agosto de 2017.</p>]]></Texto>
    <Autores>
      <assina>Nadja Regueira Harrop</assina>
    </Autores>
  </body>
</article></xml>