<xml><article id="703702" name="DESIGNA FG-1 - CRISTIANNE" idOficio="4587046" pubName="DO2" artType="Portaria" pubDate="11/12/2017" artClass="00017:00002:00000:00000:00000:00000:00000:00000:00000:00000:00025:00004" artSection="Ministério da Saúde" artCategory="Secretaria Executiva" artSize="8" artNotes="" numberPage="195" pdfPage="http://pesquisa.in.gov.br/imprensa/jsp/visualiza/index.jsp?data=11/12/2017&amp;jornal=529&amp;pagina=195" editionNumber="236">
  <body>
    <Identifica><![CDATA[PORTARIA Nº 1.232, DE 29 DE NOVEMBRO DE 2017]]></Identifica>
    <Data><![CDATA[]]></Data>
    <Ementa />
    <Titulo />
    <SubTitulo />
    <Texto><![CDATA[<p>O SECRETÁRIO-EXECUTIVO DO MINISTÉRIO DA SAÚDE, no uso da competência que lhe foi subdelegada pela Portaria MS/GM nº 481, de 18 de março de 2011, resolve:</p><p>Designar CRISTIANNE APARECIDA COSTA HARAKI para exercer a Função Gratificada de Assistente I, FG-01, código nº 05.0013, da Secretaria-Executiva.</p>]]></Texto>
    <Autores>
      <assina>ANTONIO CARLOS FIGUEIREDO NARDI</assina>
    </Autores>
  </body>
</article></xml>