<xml><article id="703968" name="D 3139 3140 3141 3142 Dispensar " idOficio="4587333" pubName="DO2" artType="Portaria" pubDate="11/12/2017" artClass="00017:00001:00000:00000:00000:00000:00000:00000:00000:00000:00001:00007" artSection="Ministério da Saúde" artCategory="Gabinete do Ministro" artSize="8" artNotes="ch gab" numberPage="194" pdfPage="http://pesquisa.in.gov.br/imprensa/jsp/visualiza/index.jsp?data=11/12/2017&amp;jornal=529&amp;pagina=194" editionNumber="236">
  <body>
    <Identifica><![CDATA[PORTARIAS DE 22 DE NOVEMBRO DE 2017]]></Identifica>
    <Data><![CDATA[]]></Data>
    <Ementa />
    <Titulo />
    <SubTitulo />
    <Texto><![CDATA[<p> O CHEFE DE GABINETE DO MINISTRO DE ESTADO DA SAÚDE, no uso da competência que lhe foi delegada pela Portaria nº 761/GM/MS, de 13 de abril de 2011, resolve:</p><p>Nº 3.139 - Dispensar MAX JARDIM PRINZ da Função Comissionada Técnica de Assistente em Saúde III, código FCT-07, nº 05F.0523, do Núcleo Estadual do Rio Grande do Sul, da Secretaria-Executiva.</p><p>Nº 3.140 - Designar ROSANGELA MACHADO MARQUES DA SILVA, para exercer a Função Comissionada Técnica de Assistente em Saúde III, código FCT-07, nº 05F.0523, do Núcleo Estadual do Rio Grande do Sul, da Secretaria-Executiva.</p><p>Nº 3.141 - Dispensar JANILSON SANTOS DOS SANTOS da Função Comissionada Técnica de Auxiliar de Serviços em Saúde III, código FCT-13, nº 05F.0528, do Núcleo Estadual do Rio Grande do Sul, da Secretaria-Executiva.</p><p>Nº 3.142 - Designar MARIA CRISTINA DE OLIVEIRA, para exercer a Função Comissionada Técnica de Auxiliar de Serviços em Saúde III, código FCT-13, nº 05F.0528, do Núcleo Estadual do Rio Grande do Sul, da Secretaria-Executiva.</p>]]></Texto>
    <Autores>
      <assina>PAULO ROBERTO REBELLO FILHO</assina>
    </Autores>
  </body>
</article></xml>