<xml><article id="643250" name="JOSÉ GERALDO AMARAL FONSECA JÚNI" idOficio="4587746" pubName="DO2" artType="Ato" pubDate="01/12/2017" artClass="00037:00007:00001:00000:00000:00000:00000:00000:00000:00000:00001:00011" artSection="Poder Judiciário" artCategory="Tribunal Regional Federal da 1ª Região" artSize="8" artNotes="" numberPage="72" pdfPage="http://pesquisa.in.gov.br/imprensa/jsp/visualiza/index.jsp?data=01/12/2017&amp;jornal=529&amp;pagina=72" editionNumber="230">
  <body>
    <Identifica><![CDATA[ATO n 1.096, DE 29 DE NOVEMBRO DE 2017]]></Identifica>
    <Data><![CDATA[]]></Data>
    <Ementa />
    <Titulo />
    <SubTitulo />
    <Texto><![CDATA[<p> </p><p> O PRESIDENTE DO TRIBUNAL REGIONAL FEDERAL DA PRIMEIRA REGIÃO, no uso das suas atribuições legais, e considerando a informação contida no PAe 0012603-40.2016.4.01.8000, resolve:</p><p>ALTERAR o Ato Presi 1088, de 28/11/2017, a fim de que a convocação do Juiz Federal JOSÉ GERALDO AMARAL FONSECA JÚNIOR para substituir o Desembargador Federal FRANCISCO NEVES DA CUNHA, ocorra no período de 22/01 a 20/02/2018, por motivo de férias.</p>]]></Texto>
    <Autores>
      <assina>Des. HILTON QUEIROZ</assina>
    </Autores>
  </body>
</article></xml>