<xml><article id="644144" name="PT349JUAZEIRODONORTE" idOficio="4588067" pubName="DO2" artType="Portaria" pubDate="01/12/2017" artClass="00022:00029:00237:00024:04613:00000:00000:00000:00000:00000:00025:00005" artSection="Ministério do Desenvolvimento Social" artCategory="Instituto Nacional do Seguro Social" artSize="8" artNotes="" numberPage="49" pdfPage="http://pesquisa.in.gov.br/imprensa/jsp/visualiza/index.jsp?data=01/12/2017&amp;jornal=529&amp;pagina=49" editionNumber="230">
  <body>
    <Identifica><![CDATA[PORTARIA N 349, DE 30 DE NOVEMBRO DE 2017]]></Identifica>
    <Data><![CDATA[]]></Data>
    <Ementa />
    <Titulo />
    <SubTitulo />
    <Texto><![CDATA[<p> </p><p> </p><p> O CHEFE DA SEÇÃO OPERACIONAL DE GESTÃO DE PESSOAS DA GERÊNCIA EXECUTIVA DO INSS EM JUAZEIRO DO NORTE, no uso das suas atribuições conforme Portaria nº 123 /INSS/GEXJZN/GAB, de 30 de outubro de 2012, no uso de suas atribuições estabelecidas no Artigo 235, Inciso I, Alínea "a" da PT/MDSA/SE nº 414, de 28.09.2017, publicada no Diário Oficial da União - Edição Extra nº 188-A, de 29.09.2017, Seção 2, que aprova o Regimento Interno do INSS, resolve:</p><p>Conceder Aposentadoria Voluntária Integral por Tempo de Contribuição/Serviço, a servidora DENISE MARTINS PALMEIRA SAMPAIO, matrícula nº 0885556, ocupante do cargo de Datilógrafo, NI, Classe "S", Padrão "IV", do Quadro de Pessoal do INSS, com fundamento no artigo 3º, da Emenda Constitucional nº 47, de 05/07/2005, com proventos mensais integrais e demais vantagens da remuneração da citada Classe e Padrão. Declarar vago o referido cargo. </p><p>(Processo Adm. nº 37303.008883/2017-58). </p>]]></Texto>
    <Autores>
      <assina>JAIRO EVERTON MAGALHÃES</assina>
    </Autores>
  </body>
</article></xml>