<xml><article id="644456" name="PORTARIA TRT 18ª GP.SGPE Nº 3347" idOficio="4588243" pubName="DO2" artType="Portaria" pubDate="01/12/2017" artClass="00037:00057:00000:00000:00000:00000:00000:00000:00000:00000:00025:00001" artSection="Poder Judiciário" artCategory="Tribunal Regional do Trabalho da 18ª Região" artSize="8" artNotes="" numberPage="80" pdfPage="http://pesquisa.in.gov.br/imprensa/jsp/visualiza/index.jsp?data=01/12/2017&amp;jornal=529&amp;pagina=80" editionNumber="230">
  <body>
    <Identifica><![CDATA[PORTARIA Nº 3.347, DE 23 de novembro de 2017]]></Identifica>
    <Data><![CDATA[]]></Data>
    <Ementa />
    <Titulo />
    <SubTitulo />
    <Texto><![CDATA[<p> O DESEMBARGADOR - PRESIDENTE DO TRIBUNAL REGIONAL DO TRABALHO DA 18ª REGIÃO, no uso de suas atribuições legais e regimentais e, tendo em vista o contido no Processo Administrativo TRT 18ª Região nº 22.652/2017, resolve:</p><p>Art. 1º. Redistribuir o CARGO VAGO de Analista Judiciário, Área Administrativa, do Quadro de Pessoal deste Tribunal Regional do Trabalho da 18ª Região, por reciprocidade, mediante triangulação, com o cargo de Analista Judiciário, Área Apoio Especializado, Especialidade Tecnologia da Informação, do Quadro de Pessoal do Tribunal Regional do Trabalho da 12ª Região, ocupado pelo servidor THIAGO ROSA VAZ, e o cargo da carreira de Analista Judiciário, Área Apoio Especializado, Especialidade Tecnologia da Informação, do Quadro de Pessoal do Tribunal Regional do Trabalho da 9ª Região, ocupado pelo servidor GABRIEL LORENSI LOPES, com fundamento no art. 37 da Lei nº 8.112, de 11 de dezembro de 1990, e na Resolução nº 146, de 6 de março de 2012, do Conselho Nacional de Justiça.</p><p>Art. 2º. Lotar o servidor THIAGO ROSA VAZ no Núcleo de Processos Operacionais de Apoio, a partir da data de publicação desta portaria.</p><p>Art. 3º. Conceder 15 (quinze) dias de período de trânsito ao servidor THIAGO ROSA VAZ, a partir da publicação desta portaria.</p><p>Art. 4º. Esta portaria entra em vigor na data de sua publicação.</p><p>Publique-se no Diário Oficial da União e no Diário Eletrônico da Justiça do Trabalho. </p><p> </p>]]></Texto>
    <Autores>
      <assina>PLATON TEIXEIRA DE AZEVEDO FILHO</assina>
    </Autores>
  </body>
</article></xml>