<xml><article id="643454" name="2017_11_28_Publicação_2017_12_01" idOficio="4587852" pubName="DO2" artType="Portaria" pubDate="01/12/2017" artClass="00011:00136:00001:00000:00000:00000:00000:00000:00000:00000:00025:00002" artSection="Ministério da Educação" artCategory="Universidade Federal de São Paulo" artSize="8" artNotes="" numberPage="32" pdfPage="http://pesquisa.in.gov.br/imprensa/jsp/visualiza/index.jsp?data=01/12/2017&amp;jornal=529&amp;pagina=32" editionNumber="230">
  <body>
    <Identifica><![CDATA[PORTARIAS DE 28 DE NOVEMBRO DE 2017]]></Identifica>
    <Data><![CDATA[]]></Data>
    <Ementa />
    <Titulo />
    <SubTitulo />
    <Texto><![CDATA[<p> </p><p> A Reitora da Universidade Federal de São Paulo, no uso de suas atribuições legais e estatutárias, resolve: </p><p>Nº 4.666 - Conceder o afastamento do país a RUBENS BELFORT MATTOS JUNIOR, Professor Titular do Departamento de Oftalmologia do Campus São Paulo, no período de 07.12.2017 a 08.12.2017, para participar no 60º Congresso Português de Oftalmologia, em Portugal, com ônus limitado (Processo nº 23089.036339/2017-73). </p><p>Nº 4.667 - Conceder o afastamento do país a MARIA FERNANDA BRANCO DE ALMEIDA, Professor Associado do Departamento de Pediatria do Campus São Paulo, no período de 07.12.2017 a 14.12.2017, para participar no "Neonatal ILCOR Meeting" e do "Hot Topics in Neonatology/Neonatal Quality at Hot Topics", ambos nos Estados Unidos da América, com ônus limitado (Processo nº 23089.036343/2017-31). </p><p>Nº 4.668 - Conceder o afastamento do país a RUTH GUINSBURG, Professor Titular do Departamento de Pediatria do Campus São Paulo, no período de 07.12.2017 a 14.12.2017, para participar no "Neonatal ILCOR Meeting" e do "Hot Topics in Neonatology/Neonatal Quality at Hot Topics", ambos nos Estados Unidos da América, com ônus limitado (Processo nº 23089.036344/2017-86). </p><p>Nº 4.669 - Conceder o afastamento do país a MIGUEL ANGEL MALUF, Professor Titular do Departamento de Cirurgia do Campus São Paulo, no período de 09.12.2017 a 18.12.2017, para participar na "Jornada Cirúrgica para pacientes portadores de Cardiopatias Congênitas Complexas", no Peru, com ônus limitado (Processo nº 23089.035996/2017-01).</p>]]></Texto>
    <Autores>
      <assina>SORAYA SOUBHI SMAILI</assina>
    </Autores>
  </body>
</article></xml>