<xml><article id="645485" name="DOU 2-SGP-PT-1183-UNI-486789_Yur" idOficio="4588645" pubName="DO2" artType="Portaria" pubDate="01/12/2017" artClass="00033:00007:00015:00000:00000:00000:00000:00000:00000:00000:00025:00026" artSection="Ministério Público da União" artCategory="Ministério Público Federal" artSize="8" artNotes="" numberPage="65" pdfPage="http://pesquisa.in.gov.br/imprensa/jsp/visualiza/index.jsp?data=01/12/2017&amp;jornal=529&amp;pagina=65" editionNumber="230">
  <body>
    <Identifica><![CDATA[PORTARIA Nº 1.183, DE 29 DE NOVEMBRO DE 2017]]></Identifica>
    <Data><![CDATA[]]></Data>
    <Ementa />
    <Titulo />
    <SubTitulo />
    <Texto><![CDATA[<p>  A SECRETÁRIA DE GESTÃO DE PESSOAS DO MINISTÉRIO PÚBLICO FEDERAL, no uso da competência que lhe foi atribuída pela Portaria SG/MPF nº 497, de 3 de junho de 2015, e tendo em vista o disposto no artigo 38 da Lei nº 8.112, de 11 de dezembro de 1990, resolve:</p><p>1. Dispensar ELISA BRITO NAHAS, ocupante do cargo de Analisa do MPU/Direito, matrícula nº 26168, do encargo de substituto eventual do Assessor-Chefe Nível V, CC-5, do Gabinete do Subprocurador-Geral da República Nicolao Dino de Castro e Costa Neto.</p><p>2. Designar DIANA MARIA NUNES, Bacharela em Direito, ocupante do cargo de Técnico do MPU/Administração, matrícula nº 5873, para exercer o encargo de substituto eventual do Assessor-Chefe Nível V, CC-5, do Gabinete do Subprocurador-Geral da República Nicolao Dino de Castro e Costa Neto.</p>]]></Texto>
    <Autores>
      <assina>ELOÁ TODARELLI JUNQUEIRA</assina>
    </Autores>
  </body>
</article></xml>