<xml><article id="645491" name="DOU 2-SGP-PT-1180-UNI-486804_Yur" idOficio="4588645" pubName="DO2" artType="Portaria" pubDate="01/12/2017" artClass="00033:00007:00015:00000:00000:00000:00000:00000:00000:00000:00025:00024" artSection="Ministério Público da União" artCategory="Ministério Público Federal" artSize="8" artNotes="" numberPage="64" pdfPage="http://pesquisa.in.gov.br/imprensa/jsp/visualiza/index.jsp?data=01/12/2017&amp;jornal=529&amp;pagina=64" editionNumber="230">
  <body>
    <Identifica><![CDATA[PORTARIA Nº 1.180, DE 29 DE NOVEMBRO DE 2017]]></Identifica>
    <Data><![CDATA[]]></Data>
    <Ementa />
    <Titulo />
    <SubTitulo />
    <Texto><![CDATA[<p> A SECRETÁRIA DE GESTÃO DE PESSOAS DO MINISTÉRIO PÚBLICO FEDERAL, no uso da competência que lhe foi atribuída pela Portaria SG/MPF nº 497, de 3 de junho de 2015, e tendo em vista o disposto no artigo 38 da Lei nº 8.112, de 11 de dezembro de 1990, e no PGR-00470787/2017, resolve:</p><p>1. Dispensar, a partir de 14 de novembro de 2017, ANDERSON CAVICHIOLI, ocupante do cargo de Técnico do MPU/Administração, matrícula nº 3222, do encargo de substituto eventual do Assessor-Chefe Nível V, CC-5, do Gabinete da Subprocuradora-Geral da República Ana Maria Guerrero Guimarães.</p><p>2. Designar SOCORRO LITANIA FINGER CALVO, Bacharela em Direito, matrícula nº 13365, para exercer o encargo de substituto eventual do Assessor-Chefe Nível V, CC-5, do Gabinete da Subprocuradora-Geral da República Ana Maria Guerrero Guimarães.</p>]]></Texto>
    <Autores>
      <assina>ELOÁ TODARELLI JUNQUEIRA</assina>
    </Autores>
  </body>
</article></xml>