<xml><article id="643355" name="PORT SAA Nº 402" idOficio="4587814" pubName="DO2" artType="Portaria" pubDate="01/12/2017" artClass="00011:00002:00016:00000:00000:00000:00000:00000:00000:00000:00025:00001" artSection="Ministério da Educação" artCategory="Secretaria Executiva" artSize="8" artNotes="" numberPage="14" pdfPage="http://pesquisa.in.gov.br/imprensa/jsp/visualiza/index.jsp?data=01/12/2017&amp;jornal=529&amp;pagina=14" editionNumber="230">
  <body>
    <Identifica><![CDATA[PORTARIA N 402, DE 29 DE NOVEMBRO DE 2017]]></Identifica>
    <Data><![CDATA[]]></Data>
    <Ementa />
    <Titulo />
    <SubTitulo />
    <Texto><![CDATA[<p> </p><p> </p><p> O SUBSECRETÁRIO DE ASSUNTOS ADMINISTRATIVOS DO MINISTÉRIO DA EDUCAÇÃO, de conformidade com a delegação de competência outorgada pelo art. 1º da Portaria SEGEP/MP nº 1.166, publicada no DOU de 12 de julho de 2012, e considerando o disposto no §2º do art. 84 da Lei nº 8.112, de 11 de dezembro de 1990, resolve efetivar o seguinte exercício provisório, a partir de 18 de dezembro de 2017:</p><p>Servidor(a): NADIA OLIVEIRA DA ROSA</p><p>Mat. SIAPE: 2240771</p><p>Cargo: Assistente Social</p><p>Origem: Instituto Federal de Educação, Ciência e Tecnologia de Mato Grosso do Sul - IFMS</p><p>Para: Instituto Federal de Educação, Ciência e Tecnologia do Sul de Minas Gerais - IFSULMG</p><p>Processo: 23000.042226/2017-30</p><p>Art. 1º Caberá ao órgão de destino apresentar o(a) servidor(a) ao seu órgão de origem ao término do exercício provisório.</p><p>Art. 2º O exercício provisório objeto desta Portaria cessará caso sobrevenha a desconstituição da entidade familiar cuja unidade se pretende assegurar ou na hipótese de novo deslocamento do cônjuge.</p><p>Art. 3º Esta Portaria entra em vigor na data de sua publicação.</p>]]></Texto>
    <Autores>
      <assina>JOSEMIR MARTINS DA SILVA</assina>
    </Autores>
  </body>
</article></xml>