<xml><article id="643307" name="Portaria 2069 - lotação provisor" idOficio="4587787" pubName="DO2" artType="Portaria" pubDate="01/12/2017" artClass="00033:00008:00001:00000:00000:00000:00000:00000:00000:00000:00025:00005" artSection="Ministério Público da União" artCategory="Ministério Público do Trabalho" artSize="8" artNotes="" numberPage="66" pdfPage="http://pesquisa.in.gov.br/imprensa/jsp/visualiza/index.jsp?data=01/12/2017&amp;jornal=529&amp;pagina=66" editionNumber="230">
  <body>
    <Identifica><![CDATA[Portaria nº 2.069, de 29 de novembro de 2017]]></Identifica>
    <Data><![CDATA[]]></Data>
    <Ementa />
    <Titulo />
    <SubTitulo />
    <Texto><![CDATA[<p> O PROCURADOR-GERAL DO TRABALHO EM EXERCÍCIO, no uso das atribuições que lhe confere o inciso XXI do artigo 91 da Lei Complementar nº 75/93,</p><p>CONSIDERANDO O acórdão proferido pela Segunda Turma do Tribunal Regional Federal da 5ª Região, em sede de Embargos de Declaração, com efeitos infringentes, no bojo dos autos de nº 0801212-23.2016.4.05.8201, que deu provimento ao aclaratório oposto pelo Procurador do Trabalho Raulino Maracajá Coutinho Filho deferindo sua remoção para a Procuradoria do Trabalho no Município de Campina Grande/PB, resolve:</p><p>Art. 1º Determinar a lotação provisória do Procurador do Trabalho Raulino Maracajá Coutinho Filho na Procuradoria do Trabalho no Município de Campina Grande/PB, com período de trânsito de 15 (quinze) dias, a partir de 04/12/2017.</p>]]></Texto>
    <Autores>
      <assina>LUIZ EDUARDO GUIMARÃES BOJAR</assina>
    </Autores>
  </body>
</article></xml>