<xml><article id="645026" name="EDITAL 03 SOGP GARANHUNS" idOficio="4588473" pubName="DO2" artType="Edital" pubDate="01/12/2017" artClass="00099:00022:00029:00237:00018:00292:00000:00000:00000:00000:00000:00021:00001" artSection="Editais e Avisos" artCategory="Editais e Avisos" artSize="12" artNotes="" numberPage="83" pdfPage="http://pesquisa.in.gov.br/imprensa/jsp/visualiza/index.jsp?data=01/12/2017&amp;jornal=529&amp;pagina=83" editionNumber="230">
  <body>
    <Identifica><![CDATA[EDITAL n 3, DE 30 DE NOVEMBRO DE 2017SUSPENSÃO de pagamento]]></Identifica>
    <Data><![CDATA[]]></Data>
    <Ementa />
    <Titulo />
    <SubTitulo />
    <Texto><![CDATA[<p> A CHEFE DA SEÇÃO OPERACIONAL DA GESTÃO DE PESSOAS, em conformidade com as disposições estabelecidas pelo Decreto nº 7.862/2012, de 08 de dezembro de 2012, Portaria nº 08 - GM/MP, de 07 de janeiro de 2013, e pela Orientação Normativa nº 1 - SEGEP/MP, de 10 de janeiro de 2013, resolve:</p><p>Art. 1º - Tornar pública a relação dos aposentados e pensionistas, aniversariantes do(s) mês(es) de AGOSTO/2017 que não atenderam à convocação e notificação para realizar o recadastramento anual referente ao presente ano, conforme estabelecido no inciso "a" do artigo 11 da Orientação Normativa nº 01 - SEGEP/MP, de 10 de janeiro de 2013. </p><p>Art. 2º - A suspensão do pagamento do provento e/ou benefício de pensão será efetivada na folha de pagamento do mês de NOVEMBRO/2017.</p><p /><p> </p><table><tr /><tr><td><p>Nome</p></td><td><p>CPF</p></td><td><p>Matrícula/Upag</p></td><td><p>Tipo de Benefício</p></td></tr><tr><td><p>Josefa Fagundes Rodrigues de Moraes</p></td><td><p>046.088.284-87</p></td><td><p>0583601 / 8850</p></td><td><p>Aposentadoria</p></td></tr></table><p>Art. 3º. O restabelecimento do pagamento do provento e/ou da pensão fica condicionado ao recadastramento mediante comparecimento pessoal dos interessados na Unidade de Gestão de Pessoas, </p><p>à Praça Dom Moura, s/n - São José, Garanhuns-PE, portando a documentação estabelecida nos arts. 5º e 6º da ON nº 1/2013-SEGEP/MP. </p><p>Art. 4º - O crédito do(s) pagamento(s) restabelecido(s) será(ao) efetivado(s) na primeira folha de pagamento disponível para inclusão. </p><p>Art. 5º - Na hipótese de moléstia grave ou de impossibilidade de locomoção do aposentado e/ou pensionista deverá ser solicitado o agendamento de visita técnica, por meio do telefone (87) 3762-8902, para comprovação de vida do titular do benefício, ficando o pagamento restabelecido provisoriamente até que seja realizada a visita técnica, observado o disposto no art. 4º do presente Edital.</p>]]></Texto>
    <Autores>
      <assina>EVA LORENA ALVES FERREIRA</assina>
    </Autores>
  </body>
</article></xml>