<xml><article id="643088" name="Atos de aposentadoria e Dispensa" idOficio="4586690" pubName="DO2" artType="Ato" pubDate="01/12/2017" artClass="00036:00001:00000:00000:00000:00000:00000:00000:00000:00000:00001:00001" artSection="Poder Legislativo" artCategory="Câmara dos Deputados" artSize="8" artNotes="" numberPage="68" pdfPage="http://pesquisa.in.gov.br/imprensa/jsp/visualiza/index.jsp?data=01/12/2017&amp;jornal=529&amp;pagina=68" editionNumber="230">
  <body>
    <Identifica><![CDATA[ATOS De 29 de novembro de 2017]]></Identifica>
    <Data><![CDATA[]]></Data>
    <Ementa />
    <Titulo />
    <SubTitulo />
    <Texto><![CDATA[<p> O PRESIDENTE DA CÂMARA DOS DEPUTADOS, no uso das atribuições que lhe confere a alínea "b" do inciso I do artigo 1º do Ato da Mesa n. 205, de 28 de junho de 1990, resolve:</p><p>Conceder aposentadoria voluntária, com proventos integrais, à servidora ANA HELOIZA BRAGA LIMA ALBANO, ponto n. 6039, no cargo efetivo de Analista Legislativo, atribuição Enfermeiro, Classe Especial, Padrão 10, nos termos do artigo 3º da Emenda Constitucional n. 47, de 5 de julho de 2005, com a vantagem prevista no artigo 62-A da Lei n. 8.112, de 11 de dezembro de 1990.</p><p>O PRESIDENTE DA CÂMARA DOS DEPUTADOS, no uso das atribuições que lhe confere o artigo 1º, inciso I, alínea "a", do Ato da Mesa nº 205, de 28 de junho de 1990, resolve:</p><p>Dispensar, a pedido, de acordo com o artigo 35, inciso II, da Lei nº 8.112, de 11 de dezembro de 1990, ANA HELOIZA BRAGA LIMA ALBANO, ponto nº 6039, ocupante de cargo da Categoria Funcional de Analista Legislativo - atribuição Enfermeiro, Classe Especial, Padrão 10, da função comissionada de Chefe da Seção de Ambulatório, FC-1, da Coordenação de Enfermagem, do Departamento Médico, do Quadro de Pessoal da Câmara dos Deputados. </p>]]></Texto>
    <Autores>
      <assina>RODRIGO MAIA</assina>
    </Autores>
  </body>
</article></xml>