<xml><article id="645335" name="Portarias 30.11.2017" idOficio="4588594" pubName="DO2" artType="Portaria" pubDate="01/12/2017" artClass="00011:00132:00001:00000:00000:00000:00000:00000:00000:00000:00019:00000" artSection="Ministério da Educação" artCategory="Universidade Federal Rural do Rio de Janeiro" artSize="8" artNotes="" numberPage="30" pdfPage="http://pesquisa.in.gov.br/imprensa/jsp/visualiza/index.jsp?data=01/12/2017&amp;jornal=529&amp;pagina=30" editionNumber="230">
  <body>
    <Identifica><![CDATA[PORTARIAS DE 30 DE NOVEMBRO DE 2017]]></Identifica>
    <Data><![CDATA[]]></Data>
    <Ementa />
    <Titulo />
    <SubTitulo />
    <Texto><![CDATA[<p> O REITOR DA UNIVERSIDADE FEDERAL RURAL DO RIO DE JANEIRO, no uso das atribuições que lhe confere o Artigo 9º, inciso XVII, do Regimento Geral da UFRRJ, resolve:</p><p>        Nº 1.428  I - dispensar SABRINA LUZIA GREGIO DE SOUSA Professora do Magistério Superior, matrícula SIAPE n.º 2078607, da função de Chefe do Departamento de Produção Animal do Instituto de Zootecnia, para a qual foi designada através da Portaria GR nº 0846/2015, FG-0001.</p><p>                      II - reconduzir SABRINA LUZIA GREGIO DE SOUSA Professora do Magistério Superior, matrícula SIAPE n.º 2078607, para exercer por 2 (dois) anos o mandato de Chefe do Departamento de Produção Animal do Instituto de Zootecnia, FG-0001.</p><p>                  Processo: 23083.030488/2017-89.</p><p>       Nº 1.431 - designar DENYS MANOEL DE SOUZA GONÇALVES Assistente em Administração, matrícula SIAPE nº 0386786 para exercer a função de Diretor da Divisão de Serviços Gerais/PROAF, FG-0001.</p><p>                  Processo: 23083.031814/2017-75.</p><p>       Nº 1.435 I - dispensar LUIZ CLAUDIO VALENTE WALKER DE MEDEIROS Professor do Magistério Superior, matrícula SIAPE n.º 1450550, da função de Chefe do Departamento de Letras do Instituto Multidisciplinar, para a qual foi designado através da Portaria pró-tempore GR nº 0790/2015, FG-0001.</p><p>                 II - reconduzir LUIZ CLAUDIO VALENTE WALKER DE MEDEIROS Professor do Magistério Superior, matrícula SIAPE n.º 1450550, para exercer por 2 (dois) anos o mandato de Chefe do Departamento de Letras do Instituto Multidisciplinar, FG-0001.                 </p><p>                   Processo: 23267.001674/2017-52.</p><p>      Nº 1.437 I - dispensar CAMILA FERREIRA DE PINHO Professora do Magistério Superior, matrícula SIAPE n.º 2466219, da função de Coordenadora do Programa de Pós-Graduação em Mestrado em Engenharia Agrícola e Ambiental do Instituto de Florestas, para a qual foi designada através da Portaria GR nº 0931/2015, FUC-0001.</p><p>                 II - reconduzir CAMILA FERREIRA DE PINHO Professora do Magistério Superior, matrícula SIAPE n.º 2466219, para exercer por 2 (dois) anos o mandato de Coordenadora do Programa de Pós-Graduação em Mestrado em Engenharia Agrícola e Ambiental do Instituto de Florestas, FUC-0001.                 </p><p>                   Processo: 23083.031712/2017-50.</p>]]></Texto>
    <Autores>
      <assina>RICARDO LUIZ LOURO BERBARA.</assina>
    </Autores>
  </body>
</article></xml>