<xml><article id="643004" name="PORTARIA REDISTRIBUIÇÃO ROGÉRIO " idOficio="4585717" pubName="DO2" artType="Portaria" pubDate="01/12/2017" artClass="00037:00020:00000:00000:00000:00000:00000:00000:00000:00000:00025:00001" artSection="Poder Judiciário" artCategory="Tribunal Regional Eleitoral de Goiás" artSize="8" artNotes="" numberPage="73" pdfPage="http://pesquisa.in.gov.br/imprensa/jsp/visualiza/index.jsp?data=01/12/2017&amp;jornal=529&amp;pagina=73" editionNumber="230">
  <body>
    <Identifica><![CDATA[PORTARIA Nº 377, de 28 DE NOVEMBRO DE 2017]]></Identifica>
    <Data><![CDATA[]]></Data>
    <Ementa />
    <Titulo />
    <SubTitulo />
    <Texto><![CDATA[<p>O PRESIDENTE DO TRIBUNAL REGIONAL ELEITORAL DE GOIÁS, no uso de suas atribuições legais e, tendo em vista a decisão proferida no Processo Administrativo Digital n. 004671/2017, com fundamento no art. 37 da Lei n. 8.112/90, na Resolução CNJ n. 146/2012, no Acórdão TCU n. 3.447/2012 - Plenário e na Resolução TSE n. 23.430/2014, resolve:</p><p>Art. 1º REDISTRIBUIR o cargo efetivo de Analista Judiciário - Área Judiciária, Classe "C", Padrão "13", do Quadro Permanente de Pessoal do Tribunal Regional Eleitoral de Goiás, ocupado por ROGÉRIO GONÇALVES DE RESENDE, para o Quadro Permanente de Pessoal do Tribunal Regional Eleitoral de Minas Gerais, nos termos do art. 37 da Lei n. 8.112/90, com redação dada pela Lei n. 9.527/97, tendo, por reciprocidade, a redistribuição simultânea com um cargo de igual denominação, ocupado pela servidora LESLIE CAROLINE TRINDADE FRANCISCO.</p><p>Art. 2º Esta portaria entrará em vigor na data de sua publicação.</p>]]></Texto>
    <Autores>
      <assina>Des. KISLEU DIAS MACIEL FILHO</assina>
    </Autores>
  </body>
</article></xml>