<xml><article id="645410" name="PT235RECIFE" idOficio="4588636" pubName="DO2" artType="Portaria" pubDate="01/12/2017" artClass="00022:00029:00237:00009:00003:00001:00000:00000:00000:00000:00025:00003" artSection="Ministério do Desenvolvimento Social" artCategory="Instituto Nacional do Seguro Social" artSize="8" artNotes="" numberPage="48" pdfPage="http://pesquisa.in.gov.br/imprensa/jsp/visualiza/index.jsp?data=01/12/2017&amp;jornal=529&amp;pagina=48" editionNumber="230">
  <body>
    <Identifica><![CDATA[PORTARIA N 235, DE 30 DE NOVEMBRO DE 2017]]></Identifica>
    <Data><![CDATA[]]></Data>
    <Ementa />
    <Titulo />
    <SubTitulo />
    <Texto><![CDATA[<p> </p><p> </p><p> A CHEFE DA SEÇÃO OPERACIONAL DA GESTÃO DE PESSOAS DA GERÊNCIA EXECUTIVA DO INSS EM RECIFE NO ESTADO DE PERNAMBUCO, no uso das atribuições estabelecidas no Inciso I do Artigo 235 do Regimento Interno, aprovada pela PT/MDS/SE nº 414, de 28.09.2017, publicada no Diário Oficial da União nº 188-A, de 29.09.2017, Seção 2, e tendo em vista contido no Processo nº 35204.015651/1998-89, resolve:</p><p>Alterar ma PT/INSS/DRH/PE nº 241, de 06.11.1998, publicada no Diário Oficial da União nº 219, de 16.11.1998, Seção 2, referente à aposentadoria da servidora ADENILZA VIEIRA DA SILVA, mat. Siape nº 0.904.634, ocupante do cargo de Técnico do Seguro Social, Classe "S", Padrão IV, do quadro de pessoal do INSS, para constar que os proventos mensais correspondentes a 27/30 (vinte e sete vírgula trinta avos), passam a ser percebidos integrais a partir de 22.09.2010, ao serem acrescidos da vantagem do Artigo 190 da Lei nº 8.112, de 11.12.1990, com a redação dada pela Lei nº 11.907, de 2009, calculado com base no fundamento legal de concessão da aposentadoria, face o parecer da Junta Médica Oficial que constatou estar a servidora acometida de doença especificada no Artigo 186, § 1º da Lei nº 8.112, de 11.12.1990.</p>]]></Texto>
    <Autores>
      <assina>CLARICE BASTOS BARBOSA</assina>
    </Autores>
  </body>
</article></xml>