<xml><article id="644669" name="PT 117 PONTA GROSSA" idOficio="4588312" pubName="DO2" artType="Portaria" pubDate="01/12/2017" artClass="00022:00029:00241:00020:00000:00000:00000:00000:00000:00000:00025:00002" artSection="Ministério do Desenvolvimento Social" artCategory="Instituto Nacional do Seguro Social" artSize="8" artNotes="" numberPage="51" pdfPage="http://pesquisa.in.gov.br/imprensa/jsp/visualiza/index.jsp?data=01/12/2017&amp;jornal=529&amp;pagina=51" editionNumber="230">
  <body>
    <Identifica><![CDATA[PORTARIA N 117, DE 30 DE NOVEMBRO DE 2017]]></Identifica>
    <Data><![CDATA[]]></Data>
    <Ementa />
    <Titulo />
    <SubTitulo />
    <Texto><![CDATA[<p> </p><p> </p><p> A GERENTE-EXECUTIVA DA GERÊNCIA EXECUTIVA DO INSS EM PONTA GROSSA, Estado do Paraná, usando das atribuições conferidas pelo art. 230, alínea XXII, Portaria no 414/MDS, de 28 de setembro de 2017, publicada no DOU Edição Extra no 188-A, de 29 de setembro de 2017, que aprovou o Regimento Interno do INSS, e pela Portaria nº 800/PRES/INSS, de 6 de setembro de 2011, publicada no DOU nº 173, de 8 de setembro de 2011, resolve:</p><p>   Designar a servidora Andréia Krupek Fabris, matrícula no 2.027.905, CPF no 035.903.879-47, para exercer a Função Gratificada de Supervisor Operacional de Benefícios, código FGR - 0003, na 14.024.050 - Agência da Previdência Social em Ponta Grossa, da 14.024 - Gerência Executiva do INSS em Ponta Grossa.</p>]]></Texto>
    <Autores>
      <assina>NILZETE AP DE PAULA PECHNICKI</assina>
    </Autores>
  </body>
</article></xml>