<xml><article id="650450" name="PORTARIA GPR 2629" idOficio="4586385" pubName="DO2" artType="Portaria" pubDate="04/12/2017" artClass="00037:00039:00002:00000:00000:00000:00000:00000:00000:00000:00025:0001" artSection="Poder Judiciário" artCategory="Tribunal de Justiça do Distrito Federal e dos Territórios" artSize="8" artNotes="" numberPage="65" pdfPage="http://pesquisa.in.gov.br/imprensa/jsp/visualiza/index.jsp?data=04/12/2017&amp;jornal=529&amp;pagina=65" editionNumber="231">
  <body>
    <Identifica><![CDATA[Portaria Nº 2.629, de 23 de novembro de 2017]]></Identifica>
    <Data><![CDATA[]]></Data>
    <Ementa />
    <Titulo />
    <SubTitulo />
    <Texto><![CDATA[<p> O PRESIDENTE DO TRIBUNAL DE JUSTIÇA DO DISTRITO FEDERAL E DOS TERRITÓRIOS, no uso de sua competência legal e tendo em vista o disposto no PA. nº 0022939/2017, resolve:</p><p>Conceder aposentadoria voluntária integral, com fundamento no art. 6º da Emenda Constitucional 41, de 19 de dezembro de 2003, à servidora DENISE DE TEVES MEDRADO, matrícula 311.175, ocupante do cargo de Técnico Judiciário, Área Apoio Especializado, Especialidade Taquigrafia, Classe "C", Padrão 13, Nível Intermediário, do Quadro de Pessoal deste Tribunal, com as vantagens previstas no art. 67 da Lei 8.112/1990 c/c o art. 6º da Lei 9.624/1998 e com o inciso II do art. 15 da Medida Provisória 2.225-45/2001.</p><p> </p>]]></Texto>
    <Autores>
      <assina>Des. MARIO MACHADO</assina>
    </Autores>
  </body>
</article></xml>