<xml><article id="703956" name="D 3115 Designar DEBORA APARECIDA" idOficio="4587333" pubName="DO2" artType="Portaria" pubDate="11/12/2017" artClass="00017:00001:00000:00000:00000:00000:00000:00000:00000:00000:00000:00005" artSection="Ministério da Saúde" artCategory="Gabinete do Ministro" artSize="8" artNotes="" numberPage="193" pdfPage="http://pesquisa.in.gov.br/imprensa/jsp/visualiza/index.jsp?data=11/12/2017&amp;jornal=529&amp;pagina=193" editionNumber="236">
  <body>
    <Identifica><![CDATA[PORTARIA Nº 3.115, DE 21 DE NOVEMBRO DE 2017]]></Identifica>
    <Data><![CDATA[]]></Data>
    <Ementa />
    <Titulo />
    <SubTitulo />
    <Texto><![CDATA[<p> O MINISTRO DE ESTADO DA SAÚDE, no uso das atribuições que lhe conferem os incisos I e II do parágrafo único do art. 87 da Constituição, e tendo em vista o disposto no parágrafo único do art. 8º do Decreto nº 4.915, de 12 de dezembro de 2003, e nos §§ 1º e 2º do art. 4º da Portaria nº 1.631/GM/MS, de 26 de julho de 2012, resolve:</p><p>Art. 1º Designar DEBORA APARECIDA DE LIMA, ocupante do cargo de Arquivista, do Quadro de Pessoal do Ministério da Saúde, matrícula no SIAPE nº 1786290, como representante suplente da  Coordenação de Arquivo e Gestão de Documentos na Subcomissão do Sistema de Gestão de Documentos de Arquivo (SIGA) no âmbito do Ministério da Saúde e seus órgãos seccionais.</p><p>Art. 2º Esta Portaria entra em vigor na data de sua publicação.</p>]]></Texto>
    <Autores>
      <assina>RICARDO BARROS</assina>
    </Autores>
  </body>
</article></xml>