<xml><article id="644918" name="2017-11-30; PORTARIA; 01-12-2017" idOficio="4588439" pubName="DO2" artType="Portaria" pubDate="01/12/2017" artClass="00011:00072:00000:00000:00000:00000:00000:00000:00000:00000:00025:0001" artSection="Ministério da Educação" artCategory="Instituto Federal de Educação, Ciência e Tecnologia da Paraíba" artSize="8" artNotes="" numberPage="23" pdfPage="http://pesquisa.in.gov.br/imprensa/jsp/visualiza/index.jsp?data=01/12/2017&amp;jornal=529&amp;pagina=23" editionNumber="230">
  <body>
    <Identifica><![CDATA[PORTARIA Nº 2.915, DE 30 DE NOVEMBRO DE 2017.]]></Identifica>
    <Data><![CDATA[]]></Data>
    <Ementa />
    <Titulo />
    <SubTitulo />
    <Texto><![CDATA[<p> O Reitor do Instituto Federal do Instituto Federal de Educação, Ciência e Tecnologia da Paraíba, nomeado pelo Decreto Presidencial de 12-08-14, publicado no Diário Oficial da União em 13-08-14, no uso de suas atribuições legais e considerando o que consta no Processo nº 23000.002900.2017-43 e no Laudo Médico Pericial nº 0.207.671/2017, resolve:</p><p>I - conceder aposentadoria por invalidez permanente, com proventos integrais, ao servidor FRANK WAGNER ALVES DE CARVALHO, matrícula Siape nº 47383, no cargo de Professor do Ensino Básico, Técnico e Tecnológico, Classe D V Nível 01, do Quadro Permanente de Pessoal deste Instituto, Campus Sousa, com fundamento no inciso I, § 1º e 3º, do artigo 186 da Lei nº 8.112/90, inciso I, do § 1º, do artigo 40 da Constituição Federal, combinado com o artigo 6º-A da Emenda Constitucional nº 41/2003, incluído pela Emenda Constitucional nº 70/2012, acrescida das demais vantagens e gratificações adquiridas;</p><p>II - declarar vago o referido cargo.</p>]]></Texto>
    <Autores>
      <assina>CÍCERO NICÁCIO DO NASCIMENTO LOPES</assina>
    </Autores>
  </body>
</article></xml>