<xml><article id="643517" name="ATO Portaria Nº 4400" idOficio="4587892" pubName="DO2" artType="Portaria" pubDate="01/12/2017" artClass="00031:00002:00658:04233:00000:00000:00000:00000:00000:00000:00025:0001" artSection="Ministério dos Transportes, Portos e Aviação Civil" artCategory="Secretaria Executiva" artSize="8" artNotes="" numberPage="61" pdfPage="http://pesquisa.in.gov.br/imprensa/jsp/visualiza/index.jsp?data=01/12/2017&amp;jornal=529&amp;pagina=61" editionNumber="230">
  <body>
    <Identifica><![CDATA[Portaria Nº 4.400, DE 20 DE novembro DE 2017]]></Identifica>
    <Data><![CDATA[]]></Data>
    <Ementa />
    <Titulo />
    <SubTitulo />
    <Texto><![CDATA[<p> O COORDENADOR-GERAL DE GESTÃO DE PESSOAS DO MINISTÉRIO DOS TRANSPORTES, PORTOS E AVIAÇÃO CIVIL, no uso das atribuições que lhe foram subdelegadas pela Portaria/SAAD nº. 202, art. 1°, inciso VII, de 08 de outubro de 2010, publicada no Diário Oficial da União, de 11 de outubro de 2010, resolve:</p><p>Conceder Pensão, nos termos do artigo 217, inciso IV, alínea b, da Lei 8.112/1990, com as alterações feitas pela Lei nº 13.135/2015 e do artigo 40, § 7º da C.F. de 1988, com redação dada pela EC nº. 41/2003, bem como os artigos 2° e 15º da Lei nº. 10.887/2004, à DEODETE MACHADO GODINHO, filha invalida do ex-servidor CECILIO ORLANDO GODINHO, matrícula SIAPE Nº. 0862121, originário do Extinto Departamento Nacional de Estradas de Rodagem, falecido na inatividade em 14 de fevereiro de 2017, cuja cota parte equivale a 100% (cem por cento) do valor correspondente à remuneração decorrente do cargo de Agente de Serviços de Engenharia (NI) Classe "C", Padrão IV, com vigência a partir da Data da Publicação do Ato e efeitos financeiros a partir de 14 de fevereiro de 2017, data do óbito do ex-servidor. (Processo SEI nº 50000.015264/2017-92) SC.</p>]]></Texto>
    <Autores>
      <assina>ROBSON DE SOUZA ANDRADE</assina>
    </Autores>
  </body>
</article></xml>