<xml><article id="644780" name="PORTARIA 2488 e 2489 P01.12.17" idOficio="4588364" pubName="DO2" artType="Portaria" pubDate="01/12/2017" artClass="00011:00111:00000:00000:00000:00000:00000:00000:00000:00000:00025:0002" artSection="Ministério da Educação" artCategory="Universidade Federal do Estado do Rio de Janeiro" artSize="8" artNotes="" numberPage="27" pdfPage="http://pesquisa.in.gov.br/imprensa/jsp/visualiza/index.jsp?data=01/12/2017&amp;jornal=529&amp;pagina=27" editionNumber="230">
  <body>
    <Identifica><![CDATA[PORTARIAS DE 27 DE NOVEMBRO DE 2017]]></Identifica>
    <Data><![CDATA[]]></Data>
    <Ementa />
    <Titulo />
    <SubTitulo />
    <Texto><![CDATA[<p> O Pró-Reitor de Gestão de Pessoas da Universidade Federal do Estado do Rio de Janeiro (UNIRIO), usando da competência que lhe foi delegada pela Portaria nº 276, de 15 de abril de 2016, resolve:</p><p>Nº 2.488 - Retificar, em parte, a Portaria nº 2.037, de 22.09.2017, publicada no D.O.U. de  25.09.2017, onde se lê: HILDA  AZEVEDO DA SILVA NOGUEIRA, leia-se: HILDA AZEVEDO DA SILVA. (PROCESSO nº 23102.002882/2017-51)</p><p>Nº 2.489 - Retificar, em parte, o artigo 1º da Portaria nº 2.039, de 22 de setembro de 2017, publicada no Diário Oficial da União de 25  de setembro de 2017, que trata da aposentadoria por invalidez permanente, decorrente de doença especificada em lei, da servidora SUZETE MOEDA MATTOS, matrícula SIAPE nº 305527. Onde se lê: com proventos proporcionais ao tempo de contribuição, leia-se: com proventos integrais, sendo os mesmos calculados com base no art. 1º da Lei n° 10.887/2004, mantendo-se inalterados os demais termos. (PROCESSO nº 23102.005424/2017-74)</p>]]></Texto>
    <Autores>
      <assina>CARLOS ANTONIO GUILHON LOPES</assina>
    </Autores>
  </body>
</article></xml>