<xml><article id="644045" name="PRT 80_DIMOP_DOU_301117" idOficio="4588043" pubName="DO2" artType="Portaria" pubDate="01/12/2017" artClass="00026:00034:00000:00000:00000:00000:00000:00000:00000:00000:00025:0001" artSection="Ministério do Planejamento, Desenvolvimento e Gestão" artCategory="Secretaria de Gestão de Pessoas" artSize="8" artNotes="" numberPage="56" pdfPage="http://pesquisa.in.gov.br/imprensa/jsp/visualiza/index.jsp?data=01/12/2017&amp;jornal=529&amp;pagina=56" editionNumber="230">
  <body>
    <Identifica><![CDATA[PORTARIA Nº 80, DE 29 DE NOVEMBRO DE 2017]]></Identifica>
    <Data><![CDATA[]]></Data>
    <Ementa />
    <Titulo />
    <SubTitulo><![CDATA[ANEXO]]></SubTitulo>
    <Texto><![CDATA[<p> O SECRETÁRIO DE GESTÃO DE PESSOAS DO MINISTÉRIO DO PLANEJAMENTO, DESENVOLVIMENTO E GESTÃO, no uso da competência delegada pela Portaria GM nº 145, de 18 de maio de 2015, tendo em vista o disposto no § 7º do art. 93 da Lei nº 8.112, de 11 de dezembro de 1990, e considerando o que consta do processo nº 03100.000752/2017-97, resolve:</p><p>Art. 1° Autorizar o exercício dos empregados relacionados no Anexo, pertencentes ao quadro de pessoal da Empresa Brasileira de Infraestrutura Aeroportuária - INFRAERO, para compor força de trabalho no Ministério da Fazenda em Belo Horizonte/MG, Natal/RN e Porto Alegre/RS.</p><p>Art. 2º O retorno dos empregados à entidade de origem poderá ocorrer a qualquer tempo, por ato formal dos Órgãos envolvidos e/ou por contingenciamento orçamentário.</p><p>Art. 3º Cabe Ministério da Fazenda assegurar que os empregados colocados à sua disposição não exercerão atividades que não correspondam às suas atribuições na entidade de origem, de forma a não ocorrer desvio de função.</p><p>Art. 4º Esta Portaria entra em vigor na data de sua publicação.</p><p>PORTO ALEGRE/RS</p><p /><p> </p><table><tr /><tr><td><p>Matrícula</p></td><td><p>Empregado</p></td></tr><tr><td><p>1566418</p></td><td><p>Ana Maria Oissa</p></td></tr><tr><td><p>1093990</p></td><td><p>André Dutra da Rosa</p></td></tr><tr><td><p>1410657</p></td><td><p>Diego Jose Krummenauer da Silva</p></td></tr><tr><td><p>9762177</p></td><td><p>Elita Maria Menezes Salvi</p></td></tr><tr><td><p>1796789</p></td><td><p>Evandro Otavio Machado</p></td></tr><tr><td><p>3947686</p></td><td><p>Everton Finardi</p></td></tr><tr><td><p>1483522</p></td><td><p>Gustavo Nascimento da Cunha</p></td></tr><tr><td><p>3943698</p></td><td><p>Ivan dos Santos Silva</p></td></tr><tr><td><p>9777256</p></td><td><p>Joao Antonio Pinhatti Jardim</p></td></tr><tr><td><p>1283826</p></td><td><p>Juliana Ferreira dos Santos</p></td></tr><tr><td><p>1240557</p></td><td><p>Luiz Gustavo Moretto dos Santos</p></td></tr><tr><td><p>1564522</p></td><td><p>Luiza Portinho Vlasak</p></td></tr><tr><td><p>9771960</p></td><td><p>Nelson Weiss Madeira</p></td></tr><tr><td><p>1410559</p></td><td><p>Renato Ribeiro Filho</p></td></tr><tr><td><p>1651530</p></td><td><p>Simone Doro dos Santos</p></td></tr></table><p>NATAL/RN </p><p> </p><table><tr /><tr><td><p>Matrícula</p></td><td><p>Empregado</p></td></tr><tr><td><p>1304164</p></td><td><p>Leanderson Vieira da Silva</p></td></tr><tr><td><p>1304360</p></td><td><p>Lenyedna Farias Dantas</p></td></tr><tr><td><p>1244937</p></td><td><p>Luciano de Lima Rodrigues</p></td></tr><tr><td><p>1311757</p></td><td><p>Luciano Paulo do Nascimento</p></td></tr></table><p>BELO HORIZONTE/MG </p><p> </p><table><tr /><tr><td><p>Matrícula</p></td><td><p>Empregado</p></td></tr><tr><td><p>9488068</p></td><td><p>Glaucia Junia Martins Carneiro</p></td></tr></table>]]></Texto>
    <Autores>
      <assina>AUGUSTO AKIRA CHIBA</assina>
    </Autores>
  </body>
</article></xml>