<xml><article id="643304" name="PORTARIA PENSÃO LIVIA CORNELIA" idOficio="4587786" pubName="DO2" artType="Portaria" pubDate="01/12/2017" artClass="00011:00064:00005:00000:00000:00000:00000:00000:00000:00000:00025:00001" artSection="Ministério da Educação" artCategory="Instituto Federal de Educação, Ciência e Tecnologia Goiano" artSize="8" artNotes="" numberPage="20" pdfPage="http://pesquisa.in.gov.br/imprensa/jsp/visualiza/index.jsp?data=01/12/2017&amp;jornal=529&amp;pagina=20" editionNumber="230">
  <body>
    <Identifica><![CDATA[Portaria nº 507, de 30 de novembro de 2017]]></Identifica>
    <Data><![CDATA[]]></Data>
    <Ementa />
    <Titulo />
    <SubTitulo />
    <Texto><![CDATA[<p> O DIRETOR-GERAL EM EXERCÍCIO DO CAMPUS RIO VERDE - GO DO INSTITUTO FEDERAL DE EDUCAÇÃO, CIÊNCIA E TECNOLOGIA GOIANO, no uso das atribuições que lhe são conferidas pela Portaria/IF Goiano nº 28 de 18.01.2012, DOU de 20.01.2012, e tendo em vista o que consta do Processo nº 23218.001129/2017-41, resolve:</p><p>Conceder PENSÃO a LIVIA CORNELIA MAFFEI GAGLIARDI, com fundamento nos artigos 215, 217 inciso I, da Lei nº 8.112/90, em decorrência do óbito de SEBASTIÃO GAGLIARDI NETO, Aposentado, matrícula 0047565, Professor do Ensino Básico, Técnico e Tecnológico, Classe D-IV, Nível 01, do Quadro de Pessoal do Instituto Federal de Educação, Ciência e Tecnologia Goiano - Campus Rio Verde.</p>]]></Texto>
    <Autores>
      <assina>EDSON LUIZ SOUCHIÉ</assina>
    </Autores>
  </body>
</article></xml>