<xml><article id="643073" name="Aposentadoria Jeovande Pereira L" idOficio="4586304" pubName="DO2" artType="Portaria" pubDate="01/12/2017" artClass="00012:00002:00012:00012:00000:00000:00000:00000:00000:00000:00025:00001" artSection="Ministério da Fazenda" artCategory="Secretaria Executiva" artSize="8" artNotes="" numberPage="34" pdfPage="http://pesquisa.in.gov.br/imprensa/jsp/visualiza/index.jsp?data=01/12/2017&amp;jornal=529&amp;pagina=34" editionNumber="230">
  <body>
    <Identifica><![CDATA[PORTARIA Nº 199, DE 29 DE NOVEMBRO DE 2017]]></Identifica>
    <Data><![CDATA[]]></Data>
    <Ementa />
    <Titulo />
    <SubTitulo />
    <Texto><![CDATA[<p> O SUPERINTENDENTE DE ADMINISTRAÇÃO DO MINISTÉRIO DA FAZENDA EM ALAGOAS, no uso de suas atribuições, e tendo em vista a competência que lhe confere o artigo 86, inciso X e XI, da Portaria GM/MF nº 144 de 27 de abril de 2016, publicada no Diário Oficial da União de 29 de abril de 2016, resolve:</p><p>Conceder aposentadoria voluntária ao servidor Jeovande Pereira Lira, matrícula SIAPE n.º 0119829, ocupante do cargo de Agente Administrativo, Classe S, Padrão III, lotado na Superintendência de Administração do Ministério da Fazenda em Alagoas, do Quadro de Pessoal do Ministério da Fazenda, com fundamento no artigo 3º da EC n.º 47/2005, com a vantagem do artigo 62-A, da Lei 8.112/1990.  (Processo n.º 10465.000460/2017-81).</p>]]></Texto>
    <Autores>
      <assina>MARCO AURÉLIO NEIVA MARTINS</assina>
    </Autores>
  </body>
</article></xml>