<xml><article id="643244" name="pt 142" idOficio="4587723" pubName="DO2" artType="Portaria" pubDate="01/12/2017" artClass="00012:00054:00002:00000:00000:00000:00000:00000:00000:00000:00025:00001" artSection="Ministério da Fazenda" artCategory="Secretaria de Previdência" artSize="8" artNotes="" numberPage="36" pdfPage="http://pesquisa.in.gov.br/imprensa/jsp/visualiza/index.jsp?data=01/12/2017&amp;jornal=529&amp;pagina=36" editionNumber="230">
  <body>
    <Identifica><![CDATA[PORTARIA No 142, DE 29 DE NOVEMBRO DE 2017]]></Identifica>
    <Data><![CDATA[]]></Data>
    <Ementa />
    <Titulo />
    <SubTitulo />
    <Texto><![CDATA[<p> A SUBSECRETÁRIA DE GESTÃO DA PREVIDÊNCIA DA SECRETARIA DE PREVIDÊNCIA, no uso da competência que lhe foi subdelegada pela Portaria SPREV nº 1, de 31 de março de 2017, publicada na seção 1, página 38 do Diário Oficial da União de 3 de abril de 2017, resolve:</p><p>Designar a servidora RENATA GERALDA PAIXÃO GRACINDO, matrícula no 1803005, para exercer o encargo de substituta eventual de Nicir Maria Gomes Chaves, matrícula no 900798, titular do cargo em comissão de Coordenador, código DAS 101.3, da Coordenação-Geral de Desenvolvimento Institucional da Subsecretaria de Gestão da Previdência, nos seus afastamento e impedimentos legais.</p>]]></Texto>
    <Autores>
      <assina>CINARA WAGNER FREDO</assina>
    </Autores>
  </body>
</article></xml>