<xml><article id="645131" name="2086.ROGERIO-17" idOficio="4588527" pubName="DO2" artType="Portaria" pubDate="01/12/2017" artClass="00033:00008:00001:00004:00000:00000:00000:00000:00000:00000:00025:00006" artSection="Ministério Público da União" artCategory="Ministério Público do Trabalho" artSize="8" artNotes="" numberPage="67" pdfPage="http://pesquisa.in.gov.br/imprensa/jsp/visualiza/index.jsp?data=01/12/2017&amp;jornal=529&amp;pagina=67" editionNumber="230">
  <body>
    <Identifica><![CDATA[PORTARIA Nº 2.086, DE 29 DE NOVEMBRO DE 2017]]></Identifica>
    <Data><![CDATA[]]></Data>
    <Ementa />
    <Titulo />
    <SubTitulo />
    <Texto><![CDATA[<p> A DIRETORA-GERAL ADJUNTA DO MINISTÉRIO PÚBLICO DO TRABALHO, no uso da competência que lhe foi delegada pela Portaria MPT-PGT nº 86, de 30 de março de 2016, e o que consta no PGEA nº 018535.2017.00.900/9, resolve:</p><p>Art. 1º Nomear o servidor ROGÉRIO VEIGA LIMA, matrícula nº 6002612-X, ocupante do cargo de Técnico do MPU/Apoio Técnico Administrativo-Administração, para o cargo em comissão de Chefe da Assessoria de Planejamento e Gestão Estratégica do Gabinete do Procurador-Geral do Trabalho, código CC-5, da Procuradoria Geral do Trabalho, exonerando-o do cargo em comissão de Assessor Jurídico do 10º Ofício Geral do Trabalho da 15ª Região/Campinas, código CC-4, que atualmente ocupa. </p>]]></Texto>
    <Autores>
      <assina>SANDRA CRISTINA DE ARAÚJO</assina>
    </Autores>
  </body>
</article></xml>