<xml><article id="643472" name="Portaria nº 447-DGI - 27.11.2017" idOficio="4587855" pubName="DO2" artType="Portaria" pubDate="01/12/2017" artClass="00014:00002:03041:00000:00000:00000:00000:00000:00000:00000:00025:00001" artSection="Ministério da Integração Nacional" artCategory="Secretaria Executiva" artSize="8" artNotes="" numberPage="34-39" pdfPage="http://pesquisa.in.gov.br/imprensa/jsp/visualiza/index.jsp?data=01/12/2017&amp;jornal=529&amp;pagina=34,http://pesquisa.in.gov.br/imprensa/jsp/visualiza/index.jsp?data=01/12/2017&amp;jornal=529&amp;pagina=39" editionNumber="230">
  <body>
    <Identifica><![CDATA[PORTARIA Nº 447, DE 27 DE NOVEMBRO DE 2017]]></Identifica>
    <Data><![CDATA[]]></Data>
    <Ementa />
    <Titulo />
    <SubTitulo />
    <Texto><![CDATA[<p> O DIRETOR DO DEPARTAMENTO DE GESTÃO INTERNA DA SECRETARIA EXECUTIVA DO MINISTÉRIO DA INTEGRAÇÃO NACIONAL, no uso da competência que lhe foi delegada pela Portaria SEGEP/MP nº 572, de 24 de dezembro de 2013, publicada no Diário Oficial da União de 26 de dezembro de 2013, tendo em vista o disposto no art. 93 da Lei nº 8.112, de 11 de dezembro de 1990, com a redação conferida pelo art. 22 da Lei nº 8.270, de 17 de dezembro de 1991, pelo Decreto nº 9.144, de 22 de agosto de 2017, alterado pelo Decreto nº 9.162, de 27 de setembro de 2017, na Portaria nº 342, de 31 de outubro de 2017, na Lei nº 4.737, de 15 de julho de 1965, na Lei nº 6.999, de 7 de junho de 1982, na Resolução TSE nº 23.523, de 27 de junho de 2017, na Orientação Normativa SEGEP/MP nº 4, de 12 de junho de 2015 e demais informações constantes do Processo nº 59400.002968/2017-67, resolve:</p><p>Art. 1º Prorrogar, pelo prazo de 1 (um) ano, a requisição do servidor ALANIÊ ALEX MATOS, matrícula SIAPE nº 1846620, ocupante do cargo de Agente Administrativo, pertencente ao Quadro de Pessoal do Departamento Nacional de Obras Contra as Secas - DNOCS, autarquia vinculada a este Ministério, a fim de continuar prestando seus serviços junto ao Cartório da 47º Zona Eleitoral, em Morada Nova, do Tribunal Regional Eleitoral do Ceará.</p><p>Art. 2º Considerar a requisição do servidor, para efeito de controle de frequência e/ou reembolso, no período compreendido entre 18 de novembro de 2017 até a data da publicação desta Portaria.</p><p>Art. 3º O ônus pela remuneração ou salário é do órgão requisitado.</p><p>Art. 4º Cumpre ao requisitante comunicar, mensalmente, ao órgão ou entidade requisitada a frequência do servidor.</p><p>Art. 5º O servidor deverá apresentar-se imediatamente ao órgão requisitado ao término da requisição, observado o disposto nos arts. 4º e 6º da Orientação Normativa SEGEP/MP nº 4, de 12 de junho de 2015.</p><p>Art. 6º Esta Portaria entra em vigor na data de sua publicação.</p>]]></Texto>
    <Autores>
      <assina>REYNALDO ABEN-ATHAR</assina>
    </Autores>
  </body>
</article></xml>