<xml><article id="644345" name="P1CUIABA160E161" idOficio="4588209" pubName="DO2" artType="Portaria" pubDate="01/12/2017" artClass="00012:00055:00093:00005:00000:00000:00000:00000:00000:00000:00025:00001" artSection="Ministério da Fazenda" artCategory="Secretaria da Receita Federal do Brasil" artSize="8" artNotes="" numberPage="37" pdfPage="http://pesquisa.in.gov.br/imprensa/jsp/visualiza/index.jsp?data=01/12/2017&amp;jornal=529&amp;pagina=37" editionNumber="230">
  <body>
    <Identifica><![CDATA[PORTARIA Nº 160, DE 27 DE NOVEMBRO DE 2017]]></Identifica>
    <Data><![CDATA[]]></Data>
    <Ementa />
    <Titulo />
    <SubTitulo />
    <Texto><![CDATA[<p> O DELEGADO DA RECEITA FEDERAL DO BRASIL EM CUIABÁ-MT, no uso da sub-delegação de competência que lhe confere o artigo 3º da Portaria SRF nº 4.338 de 09/09/2005, publicada no DOU de 12/09/2005, convalidada pela Portaria RFB nº 4.071 de 02/05/2007, publicada no DOU - Edição Extra de 02/05/2007, resolve:</p><p>Dispensar o servidor CARLOS ALBERTO GOMES DE FIGUEIREDO JUNIOR, Assistente Técnico-Administrativo, matrícula SIAPECAD nº 1489186, da Função Gratificada de Chefe de Equipe de Atendimento ao Contribuinte - EAT/1 da Delegacia da Receita Federal do Brasil em Cuiabá-MT, código FG-2.</p><p> O DELEGADO DA RECEITA FEDERAL DO BRASIL EM CUIABÁ-MT, no uso da sub-delegação de competência que lhe confere o artigo 3º da Portaria SRF nº 4.338 de 09/09/2005, publicada no DOU de 12/09/2005, convalidada pela Portaria RFB nº 4.071 de 02/05/2007, publicada no DOU - Edição Extra de 02/05/2007, resolve:</p><p>Designar o servidor ODIRLEY DIAS DE SOUSA, Analista Tributário da Receita Federal do Brasil, matrícula SIAPECAD nº 1885761, para exercer a Função Gratificada de Chefe de Equipe de Atendimento ao Contribuinte - EAT/1 da Delegacia da Receita Federal do Brasil em Cuiabá-MT, código FG-2.</p>]]></Texto>
    <Autores>
      <assina>OLDESIO SILVA ANHESINI</assina>
      <assina>OLDESIO SILVA ANHESINI</assina>
    </Autores>
  </body>
</article></xml>