<xml><article id="643100" name="PAPOS 45 DE 28.11.2017" idOficio="4586746" pubName="DO2" artType="Portaria" pubDate="01/12/2017" artClass="00014:00018:00021:00083:00000:00000:00000:00000:00000:00000:00025:00001" artSection="Ministério da Integração Nacional" artCategory="Departamento Nacional de Obras Contra as Secas" artSize="8" artNotes="" numberPage="39" pdfPage="http://pesquisa.in.gov.br/imprensa/jsp/visualiza/index.jsp?data=01/12/2017&amp;jornal=529&amp;pagina=39" editionNumber="230">
  <body>
    <Identifica><![CDATA[PORTARIA Nº 45, DE 28 DE NOVEMBRO DE 2017]]></Identifica>
    <Data><![CDATA[]]></Data>
    <Ementa />
    <Titulo />
    <SubTitulo />
    <Texto><![CDATA[<p> O COORDENADOR ESTADUAL DO DEPARTAMENTO NACIONAL DE OBRAS CONTRA AS SECAS NA PARAÍBA, usando da competência que lhe foi delegada através da Portaria nº 402/DG/DA/CRH, de 30 de agosto de 2013, publicada no Boletim Administrativo, Edição Extra, de mesma data, e tendo em vista o que consta do Processo no 59412.000376/2017-71, resolve:</p><p> Art. 1º Aposentar, nos termos do Art. 40, § 1°, inciso III, alínea "a", da Constituição Federal de 1988, combinado com o Art. 3º da Emenda Constitucional nº 47/2005, o servidor Antonio Alves da Rocha, matrícula SIAPE nº 737761, ocupante do cargo de Artífice de Mecânica, Código 481060, Classe S, Padrão NI-III, pertencente ao Quadro de Pessoal desta Coordenadoria Estadual.</p>]]></Texto>
    <Autores>
      <assina>Alberto Gomes Batista</assina>
    </Autores>
  </body>
</article></xml>