<xml><article id="644189" name="PTS248E249GOIANIA" idOficio="4588067" pubName="DO2" artType="Portaria" pubDate="01/12/2017" artClass="00022:00029:00238:00009:04351:00000:00000:00000:00000:00000:00025:00010" artSection="Ministério do Desenvolvimento Social" artCategory="Instituto Nacional do Seguro Social" artSize="8" artNotes="" numberPage="49" pdfPage="http://pesquisa.in.gov.br/imprensa/jsp/visualiza/index.jsp?data=01/12/2017&amp;jornal=529&amp;pagina=49" editionNumber="230">
  <body>
    <Identifica><![CDATA[PORTARIA N 248, DE 29 DE NOVEMBRO DE 2017]]></Identifica>
    <Data><![CDATA[]]></Data>
    <Ementa />
    <Titulo />
    <SubTitulo />
    <Texto><![CDATA[<p> </p><p> </p><p> O CHEFE DA SECÃO OPERACIONAL DE GESTÃO DE PESSOAS/GEXGOI, no uso da competência conferida pela PT/MDS nº 414, de 28/09/2017, Artigo 235, Item I, Alínea "e", publicada no DOU 188-A, de 29/09/2017, Decreto nº 9.104 de 24/07/2017 e PT/INSS/GEXGOI nº 23, de 22/03/2017, publicada no DOU nº 57, de 23/03/2017 e  tendo em vista o disposto no Processo nº 35069.001137/2017-28, resolve:</p><p>Conceder aposentadoria voluntária à servidora Elenice Carvalho Matos Rondon, Matrícula Siape nº 0888.813, ocupante do cargo de Técnico do Seguro Social, Classe "S", Padrão IV, do Quadro de Pessoal do Instituto Nacional do Seguro Social, com fundamento no Artigo 3º da Emenda Constitucional nº 47/2005, com proventos integrais, acrescida das demais vantagens a que faz jus. Tornar vago o referido cargo.</p><p> O CHEFE DA SECÃO OPERACIONAL De GESTÃO DE PESSOAS/GEXGOI, no uso da competência conferida pela PT/MDS nº 414, de 28/09/2017, Artigo 235, Item I Alínea "e", publicada no DOU 188-A, de 29/09/2017, Decreto nº 9.104 de 24/07/2017 e PT/INSS/GEXGOI nº 23, de 22/03/2017, publicada no DOU nº 57, de 23/03/2017 e  tendo em vista o disposto no Processo nº 35069.001143/2017-85; resolve:</p><p>Conceder aposentadoria voluntária à servidora Annete Akemi Koike Saita, Matrícula Siape nº 0940.965, ocupante do cargo de Administrador, Classe "S", Padrão IV, do Quadro de Pessoal do Instituto Nacional do Seguro Social, com fundamento no Artigo 3º da Emenda Constitucional nº 47/2005, com proventos integrais, acrescida das demais vantagens a que faz jus. Tornar vago o referido cargo.</p>]]></Texto>
    <Autores>
      <assina>CLAUDINOR ROMAGNOLI JÚNIOR</assina>
      <assina>CLAUDINOR ROMAGNOLI JÚNIOR</assina>
    </Autores>
  </body>
</article></xml>