<xml><article id="645389" name="5533,5534,5549,5561,5562,5563" idOficio="4588613" pubName="DO2" artType="Portaria" pubDate="01/12/2017" artClass="00011:00122:00001:00000:00000:00000:00000:00000:00000:00000:00025:00001" artSection="Ministério da Educação" artCategory="Universidade Federal do Pará" artSize="8" artNotes="" numberPage="28" pdfPage="http://pesquisa.in.gov.br/imprensa/jsp/visualiza/index.jsp?data=01/12/2017&amp;jornal=529&amp;pagina=28" editionNumber="230">
  <body>
    <Identifica><![CDATA[PORTARIA 28 DE NOVEMBRO DE 2017]]></Identifica>
    <Data><![CDATA[]]></Data>
    <Ementa />
    <Titulo />
    <SubTitulo />
    <Texto><![CDATA[<p> O REITOR DA UNIVERSIDADE FEDERAL DO PARÁ, no uso de suas atribuições legais e estatutárias, resolve:</p><p>Nº5.533 - Revogar a Portaria nº 5058/2017, publicada no DOU nº 210, de 01/11/2017, que autorizou o afastamento do servidor HORACIO SCHNEIDER, ocupante do cargo de Professor do Magistério Superior, do Quadro de Pessoal desta Universidade, investido no Cargo de Direção de Pró-Reitor de Relações Internacionais, no período de 04 a 09 de dezembro de 2017, para participar da Reunião Final do Projeto SMARTCITIES do Programa Erasmus Mundus2 da Comunidade Européia, realizada em Paris, na França.</p><p>Nº5.534 - I - Declarar vago, o cargo de Auxiliar em Administração, código de vaga nº 251857, ocupado pelo servidor MARCOS DIAS LEÃO, lotado na Pró-Reitoria de Desenvolvimento e Gestão de Pessoal, por motivo de posse em outro cargo inacumulável, a contar de 22 de novembro de 2017, nos termos do art. 33, inciso VIII, da Lei nº 8.112/90. II - Considerando que o servidor não adquiriu a estabilidade prevista no art. 21 da Lei nº 8.112, de 1990, a presente vacância não gera direito à recondução estabelecida no art. 29 da mesma lei.</p><p> O REITOR DA UNIVERSIDADE FEDERAL DO PARÁ, no uso de suas atribuições legais e estatutárias, resolve:</p><p>Nº5.549 - Considerar revogada, a pedido do interessado, com vigência a partir de 07 de outubro de 2017, a Portaria n. 5500/2017, desta Reitoria, de 24/11/2017, publicada no Diário Oficial da União, Seção 2, de 28/11/2017, que autorizou desde 02 de maio de 2017, o afastamento do servidor CALILO JORGE KZAM NETO, ocupante do cargo efetivo de Professor do Magistério Superior do quadro de pessoal desta Universidade, lotado no INSTITUTO DE CIÊNCIAS JURÍDICAS (ICJ).</p><p>Nº5.561 - Considerar autorizado o afastamento do servidor CARLOS ALDEMIR FARIAS DA SILVA, ocupante do cargo de Professor do Magistério Superior, lotado no Instituto de Educação Matemática e Científica, no período de 07 a 18 de novembro 2017, para participar do I Encontro Luso-brasileiro do TEAR-Territórios Artísticos com a Matemática e IV Congresso Ibero-Americano de História da Educação Matemática, realizado, respectivamente, na Universidade Aberta de Lisboa, em Portugal e na Universidade de Múrcia, na Espanha, com ônus limitado.</p><p>Nº5.562 - Considerar autorizado o afastamento do servidor IRAN ABREU MENDES, ocupante do cargo de Professor do Magistério Superior, lotado no Instituto de Educação Matemática e Científica, no período de 07 a 18 de novembro 2017, para participar do I Encontro Luso-brasileiro do TEAR-Territórios Artísticos com a Matemática e IV Congresso Ibero-Americano de História da Educação Matemática, realizado, respectivamente, na Universidade Aberta de Lisboa, em Portugal e na Universidade de Múrcia, na Espanha, com ônus limitado.</p><p>Nº5.563 - Nomear a Professora do Magistério Superior MARÍLIA DE NAZARÉ DE OLIVEIRA FERREIRA, do Quadro de Pessoal desta Universidade, lotada no Instituto de Letras e Comunicação, para exercer o cargo de Diretor de Mobilidade Internacional, CD-4, da Pró-Reitoria de Relações Internacionais, a partir da publicação desta Portaria no Diário Oficial da União.</p><p>        </p>]]></Texto>
    <Autores>
      <assina>Gilmar Pereira da Silva</assina>
      <cargo>Em exercício</cargo>
      <assina>Emmanuel Zagury Tourinho</assina>
    </Autores>
  </body>
</article></xml>