<xml><article id="643994" name="06 ___SEÇÃO 2 _________ CONSELHO" idOficio="4588038" pubName="DO2" artType="Portaria" pubDate="01/12/2017" artClass="00038:00490:00000:00000:00000:00000:00000:00000:00000:00000:00025:00001" artSection="Entidades de Fiscalização do Exercício das Profissões Liberais" artCategory="CONSELHO REGIONAL DE TÉCNICOS EM RADIOLOGIA DA 8ª REGIÃO" artSize="8" artNotes="" numberPage="82" pdfPage="http://pesquisa.in.gov.br/imprensa/jsp/visualiza/index.jsp?data=01/12/2017&amp;jornal=529&amp;pagina=82" editionNumber="230">
  <body>
    <Identifica><![CDATA[PORTARIA N 14, DE 1 de novembro de 2017]]></Identifica>
    <Data><![CDATA[]]></Data>
    <Ementa />
    <Titulo />
    <SubTitulo />
    <Texto><![CDATA[<p> A Presidente do Conselho Regional de Técnicos em Radiologia do Estado da Bahia - 8.ª Região, no uso de suas atribuições legais que lhe confere o art.19, alínea "a" do Regimento Interno do CRTR/BA, com fulcro na Lei 7.394, de 28 de outubro de 1985, na Lei 8.666, de 21 de junho de 1993, considerando a Portaria nº. 007/2015; e em cumprimento as Decisões de Plenária do dia 28 de outubro de 2017 e de Diretoria Executiva, de 30 de outubro de 2017, todas do CRTR - 8ª Região. resolve:</p><p>Art. 1.º. Substituir o nome de TR. Marcelo Mendes de Jesus por TNR. Naiara Fontes Marques na Portaria nº. 007/2015, de 18 de dezembro de 2015, que nomeia a Comissão de Licitação deste CRTR-BA e designa seus membros. </p><p>Parágrafo Único: A Comissão de Licitação do CRTR-BA, então, ficará composta pelos membros: TNR. Naiara Fontes Marques, TR. Luciano Jorge Alves de Souza e a funcionária Sra. Ana Acácia D. Ferreira, sob a Presidência do primeiro.</p><p>Art. 2.º - Esta Portaria entra em vigor nesta data revogando-se as disposições em contrário. </p>]]></Texto>
    <Autores>
      <assina>Maria do Amparo Rodrigues de Sousa</assina>
    </Autores>
  </body>
</article></xml>