<xml><article id="643856" name="PORT DGP-DCIPAS - 2017 - Nº 250 " idOficio="4588001" pubName="DO2" artType="Portaria" pubDate="01/12/2017" artClass="00010:00008:00024:00000:00000:00000:00000:00000:00000:00000:00025:00014" artSection="Ministério da Defesa" artCategory="Comando do Exército" artSize="8" artNotes="" numberPage="11" pdfPage="http://pesquisa.in.gov.br/imprensa/jsp/visualiza/index.jsp?data=01/12/2017&amp;jornal=529&amp;pagina=11" editionNumber="230">
  <body>
    <Identifica><![CDATA[PORTARIA Nº 250-DGP/DCIPAS, DE 22 DE NOVEMBRO DE 2017]]></Identifica>
    <Data><![CDATA[]]></Data>
    <Ementa />
    <Titulo />
    <SubTitulo />
    <Texto><![CDATA[<p> O CHEFE DO DEPARTAMENTO-GERAL DO PESSOAL, no uso da competência que lhe foi conferida pela Portaria nº 218-Comandante Exército, de 20 de março de 2017, resolve</p><p>NOMEAR, por proposta do Diretor de Serviço Militar, o Segundo-Sargento da Reserva Remunerada (Idt 118238593-8) CESAR MURILO CARVALHO ARCÊNCIO, Prec-CP: 96 1793959, na Diretoria de Serviço Militar (BRASÍLIA-DF), para Prestador de Tarefa por Tempo Certo, para exercer a tarefa de Auxiliar de Design Gráfico, pelo prazo de 24 (vinte e quatro) meses, a partir de 1º de dezembro de 2017.</p><p> </p>]]></Texto>
    <Autores>
      <assina>Gen Ex MANOEL LUIZ NARVAZ PAFIADACHE</assina>
    </Autores>
  </body>
</article></xml>