<xml><article id="644684" name="Portaria nr 401_2017" idOficio="4588323" pubName="DO2" artType="Portaria" pubDate="01/12/2017" artClass="00011:00072:00000:00000:00000:00000:00000:00000:00000:00000:00025:0002" artSection="Ministério da Educação" artCategory="Instituto Federal de Educação, Ciência e Tecnologia da Paraíba" artSize="8" artNotes="" numberPage="23" pdfPage="http://pesquisa.in.gov.br/imprensa/jsp/visualiza/index.jsp?data=01/12/2017&amp;jornal=529&amp;pagina=23" editionNumber="230">
  <body>
    <Identifica><![CDATA[Portaria Nº 401, de 30 de novembro de 2017]]></Identifica>
    <Data><![CDATA[]]></Data>
    <Ementa />
    <Titulo />
    <SubTitulo><![CDATA[Campus João Pessoa]]></SubTitulo>
    <Texto><![CDATA[<p> O Diretor Geral em Exercício do Campus João Pessoa do Instituto Federal de Educação, Ciência e Tecnologia da Paraíba, nomeado pela Portaria nº 247- DG/JP, de 25 de agosto de 2014, e tendo em vista o que consta do Memo nº 114/2017/DDE-JP, de 30/11/2017, resolve:</p><p>I - Designar o servidor ARILDE FRANCO ALVES, Matrícula nº 1171215, CPF nº 333.384.000-63, Professor do Ensino Básico, Técnico e Tecnológico, do Quadro Permanente de Pessoal deste Instituto, para desempenhar a função de Coordenador do Curso Superior de Tecnologia em Gestão Ambiental, Campus João Pessoa, Código FUC - 01, para o período de 01/12/2017 a 02/05/2018.</p><p>II - Esta portaria entra em vigor na data de sua publicação.</p>]]></Texto>
    <Autores>
      <assina>WASHINGTON CESAR DE ALMEIDA COSTA</assina>
    </Autores>
  </body>
</article></xml>