<xml><article id="644240" name="Mat 139-17 Portaria" idOficio="4588156" pubName="DO2" artType="Portaria" pubDate="01/12/2017" artClass="00011:00039:00000:00000:00000:00000:00000:00000:00000:00000:00025:00001" artSection="Ministério da Educação" artCategory="Fundação Universidade Federal de Roraima" artSize="8" artNotes="" numberPage="17" pdfPage="http://pesquisa.in.gov.br/imprensa/jsp/visualiza/index.jsp?data=01/12/2017&amp;jornal=529&amp;pagina=17" editionNumber="230">
  <body>
    <Identifica><![CDATA[PORTARIA N 771, DE 29 DE NOVEMBRO DE 2017]]></Identifica>
    <Data><![CDATA[]]></Data>
    <Ementa />
    <Titulo />
    <SubTitulo />
    <Texto><![CDATA[<p> </p><p> </p><p> O REITOR DA UNIVERSIDADE FEDERAL DE RORAIMA, nomeado pelo Decreto Presidencial, publicado na Seção 02, do D.O.U de 03/03/2016, no uso de suas atribuições legais e estatutárias, considerando o que consta no processo nº 23129.014701/2017-31, resolve: </p><p>Art. 1º. Conceder Aposentadoria Voluntária com proventos integrais à servidora MARIA GORETTI LEITE DE LIMA, matrícula SIAPE nº 388090, código de vaga nº 300030, ocupante do cargo Professor do Magistério Superior, Classe: D, Associado com Doutorado, Nível 1, regime de 40 horas semanais com dedicação exclusiva do quadro de pessoal desta Instituição de Ensino Superior,  com fundamento no art. 3º, da Emenda Constitucional 47/2005, com proventos integrais  e vantagem de Retribuição por Titulação - RT de que trata a Lei 11.784/2008(DOU de 23/09/2008), incorporando 7% (sete por cento) de Anuênio, de acordo com o art. 244 da Lei 8.112/90 e Oficio-Circular nº 036/SRH/MP, de 29/06/2001.</p><p>Art. 2º. Declaro vago o referido cargo. </p><p>Art. 3º. Esta Portaria entra em vigor a partir da data de sua publicação no DOU. </p><p> </p>]]></Texto>
    <Autores>
      <assina>Jefferson Fernandes do Nascimento</assina>
    </Autores>
  </body>
</article></xml>