<xml><article id="645032" name="PT 70 SOGP SUP REG SUD I" idOficio="4588473" pubName="DO2" artType="Portaria" pubDate="01/12/2017" artClass="00022:00029:00239:00000:00000:00000:00000:00000:00000:00000:00025:00003" artSection="Ministério do Desenvolvimento Social" artCategory="Instituto Nacional do Seguro Social" artSize="8" artNotes="TIT" numberPage="50" pdfPage="http://pesquisa.in.gov.br/imprensa/jsp/visualiza/index.jsp?data=01/12/2017&amp;jornal=529&amp;pagina=50" editionNumber="230">
  <body>
    <Identifica><![CDATA[PORTARIA N 70, DE 30 DE NOVEMBRO DE 2017]]></Identifica>
    <Data><![CDATA[]]></Data>
    <Ementa />
    <Titulo />
    <SubTitulo><![CDATA[SERVIÇO DE GESTÃO DE PESSOAS]]></SubTitulo>
    <Texto><![CDATA[<p>  </p><p> </p><p> A CHEFE DO SERVIÇO DE GESTÃO DE PESSOAS DA SUPERINTENDÊNCIA REGIONAL SUDESTE I/INSS, em São Paulo, no uso das atribuições que lhe confere o art. 216, I, "e" da Portaria nº 414/MDS, de 28.09.2017, publicada no DOU nº 188-A, Edição Extra, de 29.09.2017, que aprova o Regimento Interno do INSS, resolve:</p><p>Conceder Aposentadoria Voluntária integral à servidora SUELI APARECIDA XAVIER, matrícula 0936411, ocupante do cargo de Técnico do Seguro Social, Classe S, Padrão IV, do Quadro de Pessoal do Instituto Nacional do Seguro Social, com fundamento no Artigo 3º da EC nº 47, de 05 de julho de 2005, observado o contido no Processo nº 35664.000302/2017-13, declarando, em consequência, o referido cargo vago.</p><p> </p>]]></Texto>
    <Autores>
      <assina>ÉRICA HELENA NAVARRO MOREIRA BOCCIA</assina>
    </Autores>
  </body>
</article></xml>