<xml><article id="643352" name="Portaria 77 - Implantação Profip" idOficio="4587811" pubName="DO2" artType="Portaria" pubDate="01/12/2017" artClass="00008:00011:00000:00000:00000:00000:00000:00000:00000:00000:00025:00001" artSection="Ministério da Ciência, Tecnologia, Inovações e Comunicações" artCategory="Centro Nacional de Tecnologia Eletrônica Avançada S/A" artSize="8" artNotes="" numberPage="5" pdfPage="http://pesquisa.in.gov.br/imprensa/jsp/visualiza/index.jsp?data=01/12/2017&amp;jornal=529&amp;pagina=5" editionNumber="230">
  <body>
    <Identifica><![CDATA[PORTARIA Nº 77, DE 22 dE novembro DE 2017]]></Identifica>
    <Data><![CDATA[]]></Data>
    <Ementa />
    <Titulo />
    <SubTitulo />
    <Texto><![CDATA[<p> O Presidente do Centro Nacional de Tecnologia Eletrônica Avançada S.A - CEITEC, no uso das competências que lhe foram atribuídas pelo Estatuto Social - Decreto 6.638, de 7 de novembro de 2008, resolve:</p><p>Art. 1º Instituir Grupo de Trabalho - GT para elaboração e implementação do Programa de Fomento a Integridade Pública - Profip, instituído nos termos da Portaria nº 1.827, de 23 de agosto de 2017 do Ministério da Transparência e Controladoria Geral da União (CGU), no âmbito da CEITEC S.A.</p><p>Art. 2º Compete ao GT apresentar cronograma de trabalho a Diretoria Executiva para aprovação e posterior publicação conforme item I "b" do Termo de Adesão ao Programa de Fomento à Integridade Pública - Profip.</p><p> Art. 3º Designar, para compor o GT, os seguintes membros:</p><p>I - Ibanez Ferreira Filter - Diretoria de Governança, Riscos e Conformidade - DGRC - que presidirá o grupo;</p><p>II - Elisa Brod Oliveira da Rosa - Comissão de Ética </p><p>III - Júlio Eduardo Silveira Pereira - Recursos Humanos;</p><p>IV -  Fábio Benevenuti - Escritório de Projetos/DGRC;</p><p>V - Mateus Santini - Qualidade/DGRC;</p><p>VI - Michelle Grubert dos Santos Hannecker - AUDIN;</p><p>VII - Lucas Tedesco - Comunicação.</p><p>§ 1 º O GT poderá convidar para participar das reuniões outros empregados e diretores da CEITEC S.A.</p><p>§ 2º - Os membros do grupo:</p><p>I - Desempenharão suas atividades concomitantemente com atribuições pertinentes aos seus cargos;</p><p>II - Atuarão de forma voluntária, sem receber qualquer remuneração pelos serviços prestados e sua função será considerada serviço público de caráter relevante.</p><p>Art. 4º As reuniões do GT serão realizadas, preferencialmente, semanalmente.</p><p>Art. 5º O GT terá o prazo de 180 (cento e oitenta) dias, contados da publicação desta portaria, podendo ser prorrogado, para conclusão e apresentação dos trabalhos finais à diretoria desta companhia.</p><p>Art. 6º Esta Portaria entra em vigor na data de sua publicação.</p>]]></Texto>
    <Autores>
      <assina>PAULO DE TARSO MENDES LUNA</assina>
    </Autores>
  </body>
</article></xml>