﻿<xml><article id="3532195" name="PT Nº 2 2017 pregoeiros" idOficio="4583901" pubName="DO2" artType="Portaria" pubDate="06/06/2018" artClass="00017:00032:00023:00000:00000:00000:00000:00000:00000:00000:00025:00001" artCategory="Ministério da Saúde/Secretaria Especial de Saúde Indígena/Distrito Sanitário Especial Indígena - Manaus" artSize="8" artNotes="" numberPage="44" pdfPage="http://pesquisa.in.gov.br/imprensa/jsp/visualiza/index.jsp?data=06/06/2018&amp;jornal=529&amp;pagina=44" editionNumber="107" highlightType="" highlightPriority="" highlight="" idMateria="10346339">
  <body>
    <Identifica><![CDATA[ PORTARIA Nº 2, DE 27 DE NOVEMBRO DE 2017]]></Identifica>
    <Data><![CDATA[]]></Data>
    <Ementa />
    <Titulo />
    <SubTitulo />
    <Texto><![CDATA[<p></p><p class="identifica">PORTARIA Nº 2, DE 27 DE NOVEMBRO DE 2017</p><p>A Coordenadora Distrital de Saúde Indígena do Distrito Sanitário Especial Indígena Manaus, no uso de suas atribuições e de acordo com a delegação de competência outorgada pela Portaria n° 2.018, de 4 de agosto de 2017, publicada no DOU 7 de agosto de 2017 resolve:</p><p>Art. 1° Designar os servidores PAULO SÉRGIO NASCIMENTO DE LIMA, Matrícula Siape 0443874; NILTON GONÇALVES BRAVO, Matrícula Siape n° 0516831, para atuarem como pregoeiros do Distrito Sanitário Especial Indígena de Manaus.</p><p>Art. 2° Designar os servidores DORIVAL ALBERTO MAGALHÃES BANDEIRA, Mat. Siape 531.272 ; SYLVIO DE SOUSA CARVALHO, Mat. Siape 1228608; JOCILENE MONTANHO DELMIRO, CPF N° 679.762.472-04; NOEMI MARFISE DA SILVA ROCHA, CPF N° 971.030.982-04; JORGE JHONNY BILBÃO ADAD CPF N° 439.817.800-78 ,para atuarem como equipe de apoio aos pregoeiros.</p><p class="assina">VERA LÚCIA DA SILVA CASTELO BRANCO MAUÉS</p>]]></Texto>
  </body>
</article></xml>