﻿<xml><article id="3459185" name="A169_2018" idOficio="4743625" pubName="DO2" artType="Ato" pubDate="01/06/2018" artClass="00038:00051:00001:00001:00000:00000:00000:00000:00000:00000:00001:00001" artCategory="Poder Judiciário/Tribunal Regional do Trabalho da 12ª Região/Presidência/Secretaria" artSize="8" artNotes="" numberPage="102" pdfPage="http://pesquisa.in.gov.br/imprensa/jsp/visualiza/index.jsp?data=01/06/2018&amp;jornal=529&amp;pagina=102" editionNumber="104" highlightType="" highlightPriority="" highlight="" idMateria="10663611">
  <body>
    <Identifica><![CDATA[ ATO Nº 169, DE 06 DE ABRIL DE 2018]]></Identifica>
    <Data><![CDATA[]]></Data>
    <Ementa />
    <Titulo />
    <SubTitulo />
    <Texto><![CDATA[<p class="identifica">ATO Nº 169, DE 06 DE ABRIL DE 2018</p><p>A PRESIDENTE DO TRIBUNAL REGIONAL DO TRABALHO DA 12ª REGIÃO, no uso de suas atribuições legais e regimentais, tendo em vista o disposto no expediente PROAD nº 5467/2017, I - REDISTRIBUI a partir de 1º-06-2018, o cargo efetivo de Técnico Judiciário, Área Administrativa, ocupado pela servidora ELENICE DOS PASSOS RAMOS LEÃO, do Quadro Permanente de Pessoal da Secretaria deste Tribunal, para o Quadro de Pessoal do Tribunal Regional do Trabalho da 1ª Região, em reciprocidade com o cargo de Técnico Judiciário, Área Administrativa, ocupado por ERASMO DUQUE VALLE, do Quadro de Pessoal do Tribunal Regional do Trabalho da 1ª Região, com fulcro no artigo 37 da Lei nº 8.112/90 e na Resolução CNJ nº 146/2012. II - LOTA ERASMO DUQUE VALLE no Serviço de Licitações e Compras. III - FAZ CESSAR os efeitos da Portaria nº PRESI 47, de 03-03-2015, publicada no Diário Oficial da União, Seção 2, em 09-03-2015. Publique-se.</p><p class="assina">MARI ELEDA MIGLIORINI</p>]]></Texto>
  </body>
</article></xml>