﻿<xml><article id="3459131" name="CESSAR_EFEITOS_DOU_AGENDAR_01_06" idOficio="4766664" pubName="DO2" artType="Portaria" pubDate="01/06/2018" artClass="00038:00040:00001:00001:00000:00000:00000:00000:00000:00000:00025:00001" artCategory="Poder Judiciário/Tribunal Regional do Trabalho da 1ª Região/Presidência/Gabinete da Presidência" artSize="8" artNotes="" numberPage="100" pdfPage="http://pesquisa.in.gov.br/imprensa/jsp/visualiza/index.jsp?data=01/06/2018&amp;jornal=529&amp;pagina=100" editionNumber="104" highlightType="" highlightPriority="" highlight="" idMateria="10707240">
  <body>
    <Identifica><![CDATA[ PORTARIA Nº 473, DE 18 DE ABRIL DE 2018]]></Identifica>
    <Data><![CDATA[]]></Data>
    <Ementa />
    <Titulo />
    <SubTitulo />
    <Texto><![CDATA[<p class="identifica">PORTARIA Nº 473, DE 18 DE ABRIL DE 2018</p><p>O PRESIDENTE DO TRIBUNAL REGIONAL DO TRABALHO DA PRIMEIRA REGIÃO, no uso de suas atribuições legais e regimentais, e tendo em vista o contido no Processo Administrativo PROAD nº 3421/2017, resolve:</p><p>I-Cessar os efeitos da Portaria nº 1869/2014-SEP, publicada no.DOU, Seção 2, de 7/1/2015, que removeu para o Tribunal Regional do Trabalho da Terceira Região o Analista Judiciário - Área Apoio Especializado - Especialidade: Tecnologia da Informação, CLAUDIO LUIZ FRAGA SENA, do Quadro de Pessoal deste Tribunal, em permuta com o servidor VINICIUS ANTUNES DE CARVALHO;</p><p>II-Redistribuir, com fundamento no art. 37 da Lei nº 8.112, de 11 de dezembro de 1990, o cargo da Carreira de Analista Judiciário - Área Apoio Especializado - Especialidade: Tecnologia da Informação, do Quadro de Pessoal deste Tribunal, ocupado pelo servidor CLAUDIO LUIZ FRAGA SENA, para o Quadro de Pessoal do Tribunal Regional do Trabalho da Terceira Região, em reciprocidade com o cargo da Carreira de Analista Judiciário - Área Apoio Especializado - Especialidade: Tecnologia da Informação, do Quadro de Pessoal do Tribunal da Terceira Região ocupado pelo servidor VINICIUS ANTUNES DE CARVALHO;</p><p>II- Esta portaria entra em vigor a partir de 1º de junho de 2018</p><p class="assina">Des. FERNANDO ANTONIO ZORZENON DA SILVA</p>]]></Texto>
  </body>
</article></xml>