﻿<xml><article id="3519555" name="Portarias_afastamento do país_23" idOficio="4763219" pubName="DO2" artType="Portaria" pubDate="05/06/2018" artClass="00011:00133:00001:00002:00000:00000:00000:00000:00000:00000:00025:00001" artCategory="Ministério da Educação/Universidade Federal Rural do Semi-Árido/Reitoria/Gabinete da Reitoria" artSize="8" artNotes="" numberPage="36" pdfPage="http://pesquisa.in.gov.br/imprensa/jsp/visualiza/index.jsp?data=05/06/2018&amp;jornal=529&amp;pagina=36" editionNumber="106" highlightType="" highlightPriority="" highlight="" idMateria="10701296">
  <body>
    <Identifica><![CDATA[ RETIFICAÇÃO]]></Identifica>
    <Data><![CDATA[]]></Data>
    <Ementa />
    <Titulo />
    <SubTitulo />
    <Texto><![CDATA[<p class="identifica">RETIFICAÇÃO</p><p>Na Portaria que autoriza o afastamento do país do servidor docente Jairo Rocha Ximenes Ponte, publicada no DOU nº 78, de 24-4-2018, Seção 2, pág. 26, na identificação, onde se lê: "PORTARIA N] 247, DE 23 DE ABRIL DE 2018", leia-se: "PORTARIA Nº 247, DE 23 DE ABRIL DE 2018".</p><p>(p/Coejo)</p>]]></Texto>
  </body>
</article></xml>