﻿<xml><article id="3459044" name="CESSAR_EFEITOS_DOU_08_05_ERASMO_" idOficio="4782804" pubName="DO2" artType="Portaria" pubDate="01/06/2018" artClass="00038:00040:00001:00001:00000:00000:00000:00000:00000:00000:00025:00001" artCategory="Poder Judiciário/Tribunal Regional do Trabalho da 1ª Região/Presidência/Gabinete da Presidência" artSize="8" artNotes="" numberPage="100" pdfPage="http://pesquisa.in.gov.br/imprensa/jsp/visualiza/index.jsp?data=01/06/2018&amp;jornal=529&amp;pagina=100" editionNumber="104" highlightType="" highlightPriority="" highlight="" idMateria="10738833">
  <body>
    <Identifica><![CDATA[ PORTARIA Nº 377, DE 3 DE ABRIL DE 2018]]></Identifica>
    <Data><![CDATA[]]></Data>
    <Ementa />
    <Titulo />
    <SubTitulo />
    <Texto><![CDATA[<p class="identifica">PORTARIA Nº 377, DE 3 DE ABRIL DE 2018</p><p>O PRESIDENTE DO TRIBUNAL REGIONAL DO TRABALHO DA PRIMEIRA REGIÃO, no uso de suas atribuições legais e regimentais, e tendo em vista o contido no PROAD nº 1465/2017, resolve:</p><p>I-Cessar os efeitos da Portaria nº 354/2015-SEP, publicada no DOU, Seção 2, de 9/3/2015, que removeu para o Tribunal Regional do Trabalho da Décima Segunda Região, o Técnico Judiciário - Área Administrativa, ERASMO DUQUE VALLE do Quadro de Pessoal deste Tribunal;</p><p>II-Redistribuir, com fundamento no art. 37 da Lei nº 8.112, de 11 de dezembro de 1990, o cargo da Carreira de Técnico Judiciário - Área Administrativa, Classe B, Padrão 06, do Quadro de Pessoal deste Tribunal, ocupado pelo servidor, ERASMO DUQUE VALLE, para o Quadro de Pessoal do Tribunal Regional do Trabalho da Décima Segunda Região, em reciprocidade com o cargo da Carreira de Técnico Judiciário - Área Administrativa, do Quadro de Pessoal do Tribunal Regional do Trabalho da Décima Segunda Região, ocupado pela servidora ELENICE DOS PASSOS RAMOS LEÃO;</p><p>III-Esta portaria entra em vigor a partir de 1º de junho de 2018.</p><p class="assina">Des. FERNANDO ANTONIO ZORZENON DA SILVA</p>]]></Texto>
  </body>
</article></xml>