﻿<xml><article id="3487582" name="ATO_6046659" idOficio="4787732" pubName="DO2" artType="Ato" pubDate="04/06/2018" artClass="00038:00007:00001:00000:00000:00000:00000:00000:00000:00000:00001:00001" artCategory="Poder Judiciário/Tribunal Regional Federal da 1ª Região/Presidência" artSize="8" artNotes="" numberPage="51" pdfPage="http://pesquisa.in.gov.br/imprensa/jsp/visualiza/index.jsp?data=04/06/2018&amp;jornal=529&amp;pagina=51" editionNumber="105" highlightType="" highlightPriority="" highlight="" idMateria="10747975">
  <body>
    <Identifica><![CDATA[ ATO Nº 6046659, DE 11 DE MAIO DE 2018]]></Identifica>
    <Data><![CDATA[]]></Data>
    <Ementa />
    <Titulo />
    <SubTitulo />
    <Texto><![CDATA[<p class="identifica">ATO Nº 6046659, DE 11 DE MAIO DE 2018</p><p>O PRESIDENTE DO TRIBUNAL REGIONAL FEDERAL DA 1ª REGIÃO, no uso de suas atribuições legais e regimentais e tendo em vista o constante nos autos do PAe 0004716-22.2018.4.01.8004, resolve:</p><p>EXONERAR, a partir de 04/06/2018, a servidora LUCIANA FIGUEIREDO AMARAL RIBEIRO, Técnica Judiciária, Área Administrativa, do Quadro de Pessoal da Justiça Federal de Primeiro Grau, Seção Judiciária do Estado da Bahia, Subseção Judiciária de Campo Formoso, do Cargo em Comissão, Código CJ-3, de Diretor de Secretaria da Vara Única Federal daquela Subseção Judiciária.</p><p class="assina">Desembargador Federal CARLOS MOREIRA ALVES</p>]]></Texto>
  </body>
</article></xml>