﻿<xml><article id="3459047" name="ATO_6021574" idOficio="4787574" pubName="DO2" artType="Ato" pubDate="01/06/2018" artClass="00038:00007:00001:00000:00000:00000:00000:00000:00000:00000:00001:00003" artCategory="Poder Judiciário/Tribunal Regional Federal da 1ª Região/Presidência" artSize="8" artNotes="" numberPage="95" pdfPage="http://pesquisa.in.gov.br/imprensa/jsp/visualiza/index.jsp?data=01/06/2018&amp;jornal=529&amp;pagina=95" editionNumber="104" highlightType="" highlightPriority="" highlight="" idMateria="10747755">
  <body>
    <Identifica><![CDATA[ ATO Nº 6.021.574, DE 10 DE MAIO DE 2015]]></Identifica>
    <Data><![CDATA[]]></Data>
    <Ementa />
    <Titulo />
    <SubTitulo />
    <Texto><![CDATA[<p class="identifica">ATO Nº 6.021.574, DE 10 DE MAIO DE 2015</p><p>O PRESIDENTE DO TRIBUNAL REGIONAL FEDERAL DA 1ª REGIÃO, no uso de suas atribuições legais e regimentais e tendo em vista o constante nos autos do PAe 0005243-71.2018.4.01.8004, resolve:</p><p>Nomear a servidora MANUELA AFFONSO FERREIRA MACIEL, Analista Judiciária, Área Judiciária, do Quadro de Pessoal da Justiça Federal de Primeiro Grau, Sede da Seção Judiciária do Estado da Bahia, para exercer o Cargo em Comissão, Código CJ-3, de Diretor de Secretaria da 4ª Vara Federal daquela Seccional, em decorrência da exoneração de Micheline Bacelar Pereira.</p><p class="assina">Des. Fed. CARLOS MOREIRA ALVES</p>]]></Texto>
  </body>
</article></xml>