﻿<xml><article id="3487525" name="ATO_6048147" idOficio="4785727" pubName="DO2" artType="Ato" pubDate="04/06/2018" artClass="00038:00007:00001:00000:00000:00000:00000:00000:00000:00000:00001:00001" artCategory="Poder Judiciário/Tribunal Regional Federal da 1ª Região/Presidência" artSize="8" artNotes="" numberPage="51" pdfPage="http://pesquisa.in.gov.br/imprensa/jsp/visualiza/index.jsp?data=04/06/2018&amp;jornal=529&amp;pagina=51" editionNumber="105" highlightType="" highlightPriority="" highlight="" idMateria="10744401">
  <body>
    <Identifica><![CDATA[ ATO Nº 6.048.147, DE 10 DE MAIO DE 2018]]></Identifica>
    <Data><![CDATA[]]></Data>
    <Ementa />
    <Titulo />
    <SubTitulo />
    <Texto><![CDATA[<p class="identifica">ATO Nº 6.048.147, DE 10 DE MAIO DE 2018</p><p>O PRESIDENTE DO TRIBUNAL REGIONAL FEDERAL DA 1ª REGIÃO, no uso de suas atribuições legais e regimentais e tendo em vista o constante nos autos do PA. 0005087-95.2018.4.01.8000-TRF, resolve:</p><p>REDISTRIBUIR nos termos do art. 37, da Lei 8.112/1990, com a redação dada pela Lei 9.527/1997, c/c a Resolução n. 146/2012-CNJ, um cargo da categoria funcional de Analista Judiciário, Área Judiciária, do Quadro de Pessoal da Justiça Federal de Primeiro Grau, Seção Judiciária do Estado de Minas Gerais, Subseção Judiciária de Contagem, ocupado pela servidora RENATA ABIJAUDI GOULART, para o Quadro de Pessoal da Justiça Federal da 3ª Região, Seção Judiciária do Estado de São Paulo, em reciprocidade a um cargo de Analista Judiciário, Área Judiciária, ocupado pela servidora ALESSANDRA PEREZ HUADA.</p><p class="assina">Desembargador Federal CARLOS MOREIRA ALVES</p>]]></Texto>
  </body>
</article></xml>