﻿<xml><article id="3487480" name="PT 139 DE 08MAIO18 - VACANCIA PE" idOficio="4787003" pubName="DO2" artType="Portaria" pubDate="04/06/2018" artClass="00017:00002:00026:00026:00000:00000:00000:00000:00000:00000:00025:00001" artCategory="Ministério da Saúde/Secretaria Executiva/Núcleo Estadual no Paraná/Serviço de Gestão Administrativa" artSize="8" artNotes="" numberPage="28" pdfPage="http://pesquisa.in.gov.br/imprensa/jsp/visualiza/index.jsp?data=04/06/2018&amp;jornal=529&amp;pagina=28" editionNumber="105" highlightType="" highlightPriority="" highlight="" idMateria="10746873">
  <body>
    <Identifica><![CDATA[ PORTARIA Nº 139, DE  8 DE MAIO DE 2018 ]]></Identifica>
    <Data><![CDATA[]]></Data>
    <Ementa />
    <Titulo />
    <SubTitulo />
    <Texto><![CDATA[<p></p><p class="identifica">PORTARIA Nº 139, DE 8 DE MAIO DE 2018</p><p>A CHEFE DO SERVIÇO DE GESTÃO ADMINISTRATIVA DO NÚCLEO ESTADUAL DO MINISTÉRIO DA SAÚDE DO PARANÁ, no uso de suas atribuições que lhe são conferidas pela Portaria, SE/SAA/MS nº 1.804, de 01/10/2013, publicada no DOU nº 192 de 03/10/2013, Seção 1 e Portaria GM/MS nº 2.225 de 01/10/2013, publicada no DOU 191 de 02/10/2013, Seção 2, e em conformidade com o Decreto nº. 8.901, de 10/11/2016, publicado no DOU 217, Seção 1, de 11/11/2016 e Portaria nº 1.419, de 08/06/2017, publicada no DOU nº 110, Seção 1, de 09/06/2017, resolve:</p><p>Art. 1º Declarar vago, a partir de 04/06/2018, o cargo de Engenheiro, Nível Superior, Classe "A", Padrão III, ocupado por PEDRO GUILHERME SANTOS NOGUEIRA matrícula SIAPE n.º 2145121, do Quadro de Pessoal deste Ministério da Saúde, em decorrência de posse em outro cargo inacumulável.</p><p>Art. 2º Considerando o art. 29 da Lei 8812/90 e a NOTA TÉCNICA 236/2009/COGES/DENOP/SRH/MP, de 21/09/2009, e NOTA INFORMATIVA Nº 305/2010/COGES/DENOP/SRH/MP, a presente vacância gera direito a recondução ao cargo.</p><p>(Processo-SEI nº 25023.001238/2018-52)</p><p class="assina">GISLANE MARI FRANÇA DE OLIVEIRA</p>]]></Texto>
  </body>
</article></xml>