﻿<xml><article id="3458984" name="Ato 184-2018" idOficio="4785304" pubName="DO2" artType="Ato" pubDate="01/06/2018" artClass="00038:00047:00001:00008:00001:00000:00000:00000:00000:00000:00001:00001" artCategory="Poder Judiciário/Tribunal Regional do Trabalho da 8ª Região/Gabinete da Presidência/Secretaria/Coordenação de Recursos Humanos" artSize="8" artNotes="" numberPage="101" pdfPage="http://pesquisa.in.gov.br/imprensa/jsp/visualiza/index.jsp?data=01/06/2018&amp;jornal=529&amp;pagina=101" editionNumber="104" highlightType="" highlightPriority="" highlight="" idMateria="10743776">
  <body>
    <Identifica><![CDATA[ ATO  Nº 184, DE 30 DE ABRIL DE 2018]]></Identifica>
    <Data><![CDATA[]]></Data>
    <Ementa />
    <Titulo />
    <SubTitulo />
    <Texto><![CDATA[<p class="identifica">ATO Nº 184, DE 30 DE ABRIL DE 2018</p><p>A DESEMBARGADORA PRESIDENTE DO TRIBUNAL REGIONAL DO TRABALHO DA OITAVA REGIÃO, no uso de suas atribuições legais e regimentais, e</p><p>CONSIDERANDO o interesse deste Egrégio Tribunal e do Egrégio Tribunal Regional do Trabalho da 16ª Região na redistribuição do cargo de carreira da categoria funcional de Analista Judiciário, Área Apoio Especializado, Especialidade Tecnologia da Informação, pertencente ao quadro de pessoal permanente deste Regional, ocupado pelo servidor RONNY PATERSON CRUZ DA SILVA, mediante reciprocidade com cargo idêntico, pertencente ao quadro de pessoal permanente daquela Corte, ocupado pelo servidor LINDALVO GONZAGA DE ALCANTARA NETO, nos termos do artigo 37 da Lei nº 8.112/1990, bem como das Resoluções CNJ nº 146/2012 e TRT8 n° 70/2017;</p><p>CONSIDERANDO que, por meio da Portaria PRESI nº 407/2015, os supracitados servidores foram removidos mediante permuta, condicionada à futura redistribuição de seus cargos quando preenchidos os requisitos previstos na legislação;</p><p>CONSIDERANDO a necessidade de ajustamento da lotação e da força de trabalho dos Tribunais envolvidos, com respaldo no disposto no art. 37 da Lei nº 8.112/1990, bem como das Resoluções CNJ nº 146/2012 e TRT8 n° 70/2017;</p><p>CONSIDERANDO o constante dos autos do Processo Administrativo Eletrônico TRT8ª nº 1222/2018, e, ainda, o interesse do serviço, resolve:</p><p>I - Cessar os efeitos do item I da Portaria PRESI nº 407/2018, que removeu, a pedido, o servidor RONNY PATERSON CRUZ DA SILVA, Analista Judiciário, Área Apoio Especializado, Especialidade Tecnologia da Informação, código Mentorh nº 2491, para o Egrégio Tribunal Regional do Trabalho da 16ª Região, mediante permuta com o servidor LINDALVO GONZAGA DE ALCANTARA NETO, Analista Judiciário, Área Apoio Especializado, Especialidade Tecnologia da Informação, código Mentorh nº 2971;</p><p>II - Redistribuir o cargo de carreira da categoria funcional de Analista Judiciário, Área Apoio Especializado, Especialidade Tecnologia da Informação, pertencente ao quadro de pessoal permanente deste Egrégio Tribunal (vaga 1017), ocupado pelo servidor RONNY PATERSON CRUZ DA SILVA, código Mentorh nº 2491, enquadrado na Classe B, Padrão 7, para o quadro de pessoal permanente do Egrégio Tribunal Regional do Trabalho da 16ª Região, mediante reciprocidade com cargo de Analista Judiciário, Área Apoio Especializado, Especialidade Tecnologia da Informação, pertencente ao quadro de pessoal permanente daquela Corte, ocupado pelo servidor LINDALVO GONZAGA DE ALCANTARA NETO;</p><p>III - Lotar o servidor LINDALVO GONZAGA DE ALCANTARA NETO, Analista Judiciário, Área Apoio Especializado, Especialidade Tecnologia da Informação, na Seção de Infraestrutura e Redes;</p><p>IV - Este Ato entrará em vigor a partir da data de sua publicação.</p><p class="assina">SUZY ELIZABETH CAVALCANTE KOURY</p>]]></Texto>
  </body>
</article></xml>