﻿<xml><article id="3459212" name="ATO_6057566" idOficio="4792032" pubName="DO2" artType="Ato" pubDate="01/06/2018" artClass="00038:00007:00001:00000:00000:00000:00000:00000:00000:00000:00001:00004" artCategory="Poder Judiciário/Tribunal Regional Federal da 1ª Região/Presidência" artSize="8" artNotes="" numberPage="95" pdfPage="http://pesquisa.in.gov.br/imprensa/jsp/visualiza/index.jsp?data=01/06/2018&amp;jornal=529&amp;pagina=95" editionNumber="104" highlightType="" highlightPriority="" highlight="" idMateria="10756039">
  <body>
    <Identifica><![CDATA[ ATO Nº 6.057.566, DE 11 DE MAIO DE 2018]]></Identifica>
    <Data><![CDATA[]]></Data>
    <Ementa />
    <Titulo />
    <SubTitulo />
    <Texto><![CDATA[<p class="identifica">ATO Nº 6.057.566, DE 11 DE MAIO DE 2018</p><p>O PRESIDENTE DO TRIBUNAL REGIONAL FEDERAL DA 1ª REGIÃO, no uso de suas atribuições legais e regimentais e tendo em vista o constante nos autos do PAe 0004756-84.2016.4.01.8000, resolve:</p><p>Redistribuir nos termos do art. 37, da Lei 8.112/1990, com a redação dada pela Lei 9.527/1997, c/c a Resolução n. 146/2012-CNJ, um cargo da categoria funcional de Técnico Judiciário, Área Administrativa, Nível Médio, Classe "C", Padrão 13, ocupado pela servidora CLAUDIA DIREITO PASSOS, do Quadro de Pessoal do Tribunal Regional Federal da 1ª Região, para o Quadro de Pessoal do Tribunal Superior do Trabalho, em reciprocidade com um cargo vago de Técnico Judiciário, Área Administrativa, Especialidade Apoio de Serviços Diversos.</p><p class="assina">Des. Fed. CARLOS MOREIRA ALVES</p>]]></Texto>
  </body>
</article></xml>