﻿<xml><article id="3459191" name="WILSON BRANDÃO MARTINS" idOficio="4791300" pubName="DO2" artType="Portaria" pubDate="01/06/2018" artClass="00011:00131:00001:00000:00000:00000:00000:00000:00000:00000:00025:00001" artCategory="Ministério da Educação/Universidade Federal Rural da Amazônia/Reitoria" artSize="8" artNotes="" numberPage="40" pdfPage="http://pesquisa.in.gov.br/imprensa/jsp/visualiza/index.jsp?data=01/06/2018&amp;jornal=529&amp;pagina=40" editionNumber="104" highlightType="" highlightPriority="" highlight="" idMateria="10754865">
  <body>
    <Identifica><![CDATA[ PORTARIA  Nº  1.178  DE  10  DE  MAIO  DE  2018]]></Identifica>
    <Data><![CDATA[]]></Data>
    <Ementa />
    <Titulo />
    <SubTitulo />
    <Texto><![CDATA[<p class="identifica">PORTARIA Nº 1.178 DE 10 DE MAIO DE 2018</p><p>A Vice-Reitora da Universidade Federal Rural da Amazônia, no uso de suas atribuições conferidas pela portaria nº 2308 de 09/08/2017, publicada no DOU nº 153, de 10/08/2017, página 31, seção 2, de 12/07/2017, e tendo em vista o que consta no Processo nº 23084.009817/2018-01, resolve:</p><p>Art. 1º. CONCEDER: Aposentadoria voluntária integral por Tempo de Contribuição, ao servidor Sr. WILSON BRANDÃO MARTINS, ocupante do cargo de Vigilante, matrícula SIAPE n.º 0388639, Nível "NI", Classe "D", Padrão "116" do Quadro de Pessoal desta Universidade, com fundamento legal no art. 3º, da EMC n°47/2005.</p><p>Art. 2º. Declarar vago o respectivo cargo.</p><p>Art. 3º. Esta Portaria entra em vigor na data de sua publicação.</p><p class="assina">JANAE GONÇALVES</p><p class="cargo">Em exercício</p>]]></Texto>
  </body>
</article></xml>