﻿<xml><article id="3459053" name="Paulo Fukuhara de Carvalho-porta" idOficio="4791665" pubName="DO2" artType="Portaria" pubDate="01/06/2018" artClass="00020:00246:00050:00000:00000:00000:00000:00000:00000:00000:00025:00001" artCategory="Ministério das Relações Exteriores/Secretaria-Geral das Relações Exteriores/Subsecretaria-Geral do Serviço Exterior" artSize="8" artNotes="" numberPage="60" pdfPage="http://pesquisa.in.gov.br/imprensa/jsp/visualiza/index.jsp?data=01/06/2018&amp;jornal=529&amp;pagina=60" editionNumber="104" highlightType="" highlightPriority="" highlight="" idMateria="10755397">
  <body>
    <Identifica><![CDATA[ PORTARIA Nº 308, DE 8 DE MAIO DE 2018]]></Identifica>
    <Data><![CDATA[]]></Data>
    <Ementa />
    <Titulo />
    <SubTitulo />
    <Texto><![CDATA[<p class="identifica">PORTARIA Nº 308, DE 8 DE MAIO DE 2018</p><p>O SUBSECRETÁRIO-GERAL DO SERVIÇO EXTERIOR, no uso das atribuições conferidas pela Portaria de 21 de junho de 1996, publicada no Diário Oficial da União de 26 de junho, resolve:</p><p>Art. 1º - Conceder aposentadoria voluntária a PAULO FUKUHARA DE CARVALHO, matrícula SIAPE nº 1054115, matrícula SIAPECAD nº 675109, ocupante do cargo de Oficial de Chancelaria, Classe S, Padrão IV, do Quadro de Pessoal do Ministério das Relações Exteriores, com fundamento no artigo 6° da Emenda Constitucional n° 41, de 19 de dezembro de 2003.</p><p>Art. 2º - Esta Portaria entra em vigor a partir de sua publicação no Diário Oficial da União.</p><p class="assina">JOÃO PEDRO CORRÊA COSTA</p>]]></Texto>
  </body>
</article></xml>