﻿<xml><article id="3459113" name="198_DADJ_Rescindir" idOficio="4791107" pubName="DO2" artType="Portaria" pubDate="01/06/2018" artClass="00006:00019:00000:00000:00000:00000:00000:00000:00000:00000:00000:00013" artCategory="Presidência da República/Gabinete de Segurança Institucional/Agência Brasileira de Inteligência" artSize="8" artNotes="tit" numberPage="3" pdfPage="http://pesquisa.in.gov.br/imprensa/jsp/visualiza/index.jsp?data=01/06/2018&amp;jornal=529&amp;pagina=3" editionNumber="104" highlightType="" highlightPriority="" highlight="" idMateria="10754636">
  <body>
    <Identifica><![CDATA[ PORTARIA Nº 198, DE 10 DE MAIO DE 2018]]></Identifica>
    <Data><![CDATA[]]></Data>
    <Ementa />
    <Titulo />
    <SubTitulo><![CDATA[DIRETORIA-ADJUNTA]]></SubTitulo>
    <Texto><![CDATA[<p class="subtitulo">DIRETORIA-ADJUNTA</p><p class="identifica">PORTARIA Nº 198, DE 10 DE MAIO DE 2018</p><p><strong>O DIRETOR-ADJUNTO DA AGÊNCIA BRASILEIRA DE INTELIGÊNCIA DO GABINETE DE SEGURANÇA INSTITUCIONAL DA PRESIDÊNCIA DA REPÚBLICA</strong>, considerando o contrato de trabalho que foi constituído em conformidade ao disposto na Portaria nº 395, de 27 de setembro de 2011, do Ministério do Planejamento, Orçamento e Gestão, publicada no DOU de 28/09/2011, Seção 2, e na Portaria nº 379-ABIN/GSIPR, de 19 de outubro de 2011, publicada no DOU de 20/10/2011, Seção 2, resolve:</p><p>Art. 1º Rescindir, a pedido do empregado, a contar de 31 de maio de 2018, o contrato de trabalho, matrícula SIAPE nº 1898804, do emprego público de Arquivista Datilógrafo, do Quadro de Especial em extinção da Agência Brasileira de Inteligência, sob o regime celetista.</p><p class="assina">FRANK MÁRCIO DE OLIVEIRA</p>]]></Texto>
  </body>
</article></xml>