﻿<xml><article id="3459119" name="AntoninoMarquesPorto e Santos-Po" idOficio="4793659" pubName="DO2" artType="Portaria" pubDate="01/06/2018" artClass="00020:00001:00000:00000:00000:00000:00000:00000:00000:00000:00025:00001" artCategory="Ministério das Relações Exteriores/Gabinete do Ministro" artSize="8" artNotes="" numberPage="60" pdfPage="http://pesquisa.in.gov.br/imprensa/jsp/visualiza/index.jsp?data=01/06/2018&amp;jornal=529&amp;pagina=60" editionNumber="104" highlightType="" highlightPriority="" highlight="" idMateria="10759309">
  <body>
    <Identifica><![CDATA[ PORTARIA Nº 315, DE 14 DE MAIO DE 2018]]></Identifica>
    <Data><![CDATA[]]></Data>
    <Ementa />
    <Titulo />
    <SubTitulo />
    <Texto><![CDATA[<p class="identifica">PORTARIA Nº 315, DE 14 DE MAIO DE 2018</p><p>O MINISTRO DE ESTADO, INTERINO, DAS RELAÇÕES EXTERIORES, no uso das atribuições que lhe confere o Decreto nº 83.840, de 14 de agosto de 1979, resolve:</p><p>Art. 1º - Conceder aposentadoria voluntária a ANTONINO MARQUES PORTO E SANTOS, matrícula SIAPE nº 1003038, matrícula SIAPECAD nº 674957, Ministro de Primeira Classe da carreira de diplomata, do Quadro Especial do Ministério das Relações Exteriores, com fundamento no artigo 3° da Emenda Constitucional n° 47, de 5 de julho de 2005.</p><p>Art. 2º - Esta Portaria entra em vigor a partir de sua publicação no Diário Oficial da União.</p><p class="assina">MARCOS BEZERRA ABBOTT GALVÃO</p>]]></Texto>
  </body>
</article></xml>