﻿<xml><article id="3459137" name="9 Portaria para a imprensa" idOficio="4789095" pubName="DO2" artType="Portaria" pubDate="01/06/2018" artClass="00038:00042:00001:00000:00000:00000:00000:00000:00000:00000:00025:00001" artCategory="Poder Judiciário/Tribunal Regional do Trabalho da 3ª Região/Presidência" artSize="8" artNotes="" numberPage="100" pdfPage="http://pesquisa.in.gov.br/imprensa/jsp/visualiza/index.jsp?data=01/06/2018&amp;jornal=529&amp;pagina=100" editionNumber="104" highlightType="" highlightPriority="" highlight="" idMateria="10750687">
  <body>
    <Identifica><![CDATA[ PORTARIA  Nº 124, DE 2 DE ABRIL DE 2018]]></Identifica>
    <Data><![CDATA[]]></Data>
    <Ementa />
    <Titulo />
    <SubTitulo />
    <Texto><![CDATA[<p class="identifica">PORTARIA Nº 124, DE 2 DE ABRIL DE 2018</p><p>O PRESIDENTE DO TRIBUNAL REGIONAL DO TRABALHO DA TERCEIRA REGIÃO, no uso de suas atribuições legais e regimentais,</p><p>CONSIDERANDO o disposto no art. 37 da Lei n. 8.112, de 11 de dezembro de 1990;</p><p>CONSIDERANDO os termos da Resolução n. 146, de 6 de março de 2012, do Conselho Nacional de Justiça; e</p><p>CONSIDERANDO o constante no processo TRT/e-PAD/26917/2017; resolve:</p><p>Art. 1º Exaurir os efeitos da Portaria N. 36/2014, publicada no Diário Oficial da União em 7 de janeiro de 2015, que removeu o servidor Vinícius Antunes de Carvalho, para o Tribunal Regional do Trabalho da 1ª Região.</p><p>Art. 2º Redistribuir o cargo de Analista Judiciário, Área Apoio Especializado, Tecnologia da Informação, do quadro de pessoal deste Tribunal, ocupado pelo servidor Vinícius Antunes de Carvalho, em reciprocidade com o cargo idêntico, provido pelo servidor Cláudio Luiz Fraga Sena, do quadro do Tribunal Regional do Trabalho da 1ª Região.</p><p>Art. 3º Esta portaria entra em vigor na data de sua publicação.</p><p class="assina">Des. MARCUS MOURA FERREIRA</p>]]></Texto>
  </body>
</article></xml>