﻿<xml><article id="3459149" name="PORT_6057730" idOficio="4792032" pubName="DO2" artType="Portaria" pubDate="01/06/2018" artClass="00038:00007:00001:00000:00000:00000:00000:00000:00000:00000:00001:00015" artCategory="Poder Judiciário/Tribunal Regional Federal da 1ª Região/Presidência" artSize="8" artNotes="" numberPage="96" pdfPage="http://pesquisa.in.gov.br/imprensa/jsp/visualiza/index.jsp?data=01/06/2018&amp;jornal=529&amp;pagina=96" editionNumber="104" highlightType="" highlightPriority="" highlight="" idMateria="10756041">
  <body>
    <Identifica><![CDATA[ PORTARIA Nº 6.057.730, DE 11 DE MAIO DE 2018]]></Identifica>
    <Data><![CDATA[]]></Data>
    <Ementa />
    <Titulo />
    <SubTitulo />
    <Texto><![CDATA[<p class="identifica">PORTARIA Nº 6.057.730, DE 11 DE MAIO DE 2018</p><p>O PRESIDENTE DO TRIBUNAL REGIONAL FEDERAL DA 1ª REGIÃO, no uso de suas atribuições legais e regimentais e tendo em vista o constante nos autos do PAe 0004756-84.2016.4.01.8000, resolve:</p><p>Revogar a cessão para o Tribunal Superior do Trabalho da servidora CLAUDIA DIREITO PASSOS, Técnica Judiciária, Área Administrativa, do Quadro de Pessoal do Tribunal Regional Federal da 1ª Região, autorizada pela Portaria PRESI 5478085, de 25/01/2018, publicada no Diário Oficial da União de 29/01/2018, Seção 2.</p><p class="assina">Desembargador Federal CARLOS MOREIRA ALVES</p>]]></Texto>
  </body>
</article></xml>