﻿<xml><article id="3487534" name="trt9a98-2018 ATO 119" idOficio="4793183" pubName="DO2" artType="Ato" pubDate="04/06/2018" artClass="00038:00048:00000:00000:00000:00000:00000:00000:00000:00000:00001:00001" artCategory="Poder Judiciário/Tribunal Regional do Trabalho da 9ª Região" artSize="8" artNotes="" numberPage="54" pdfPage="http://pesquisa.in.gov.br/imprensa/jsp/visualiza/index.jsp?data=04/06/2018&amp;jornal=529&amp;pagina=54" editionNumber="105" highlightType="" highlightPriority="" highlight="" idMateria="10758634">
  <body>
    <Identifica><![CDATA[ ATO Nº 119, DE 10 DE MAIO DE 2018]]></Identifica>
    <Data><![CDATA[]]></Data>
    <Ementa />
    <Titulo />
    <SubTitulo />
    <Texto><![CDATA[<p class="identifica">ATO Nº 119, DE 10 DE MAIO DE 2018</p><p>A DESEMBARGADORA DO TRABALHO, PRESIDENTE DO TRIBUNAL REGIONAL DO TRABALHO DA 9ª REGIÃO, usando de suas atribuições legais, diante do disposto no art. 25, LV-A, do Regimento Interno e do contido no PRP nº 44/2018, resolve:</p><p>Art. 1º Conceder, ad referendum do Órgão Especial, aposentadoria à servidora SUSANE RIBAS QUADROS, nos termos do art. 3º da EC nº 47/2005, com proventos integrais por tempo de contribuição, no montante de R$ 17.938,79 (dezessete mil novecentos e trinta e oito reais e setenta e nove centavos), correspondentes à remuneração do cargo efetivo de Técnico Judiciário, Área Administrativa, classe C, padrão 13, conforme arts. 12 e 13, da Lei nº 11.416/2006, (Vencimento Servidor Inativo de R$ 4.579,71 e GAJ Cargo Inativo de R$ 5.724,64), acrescidos as seguintes vantagens: a) vantagem pessoal nominalmente identificada - VPNI, equivalente a 10/10 do cargo em comissão de nível CJ-3, no valor de R$ 6.901,68, conforme disposto nos arts. 3º da Lei nº 8.911/1994, 5º da Lei nº 9.624/1998 e 62-A da Lei nº 8.112/1990; b) 11% da gratificação adicional por tempo de serviço - GATS, no valor de R$ 503,77, prevista no art. 67 da Lei nº 8.112/1990; e c) adicional de qualificação - AQ, referente a curso de graduação, no importe de 5%, incidente sobre o vencimento básico do cargo efetivo ocupado pela servidora, no valor de R$ 228,99, nos termos dos arts. 14, § 6º, e 15, VI, da Lei nº 11.416/2006. Faz jus, ainda, à paridade de vencimentos com o pessoal da ativa, nos termos do art. 3º, parágrafo único, da EC nº 47/2005, estendendo-se tal paridade a eventuais pensionistas. Art. 2º Conceder indenização de férias no valor total de R$ 30.993,64, resultante do pagamento indenizado de: a) 30 dias relativos ao exercício de 2018, no valor de R$ 19.924,48, e respectivo terço no valor de R$ 6.641,49; b) 2/12 (dois doze avos) de férias proporcionais referentes ao período aquisitivo de 30/03 a 03/06/2018, no valor de R$ 3.320,75, e respectivo terço no valor de R$ 1.106,92, nos termos do artigo 78, §§ 3º e 4º, da Lei 8.112/1990, c/c o art. 24, caput e § 4º, da Resolução CSJT nº 162/2016. O pagamento, que deverá ocorrer sem a incidência do imposto de renda na fonte e de contribuição previdenciária, nos termos do art. 9º, caput, do Ato TRT9 nº 74/2016, é resultante da base de cálculo composta por: Vencimento Estatutário (R$ 4.579,71), GAJ (R$ 5.724,64), AQ - Especialização (R$ 228,99), AQ - Treinamento (R$ 45,80), GATS (R$ 503,77), Função Comissionada Optante - FC-4 (R$ 1.939,89) e VPNI (R$ 6.901,68). Art. 3º Declarar vago o cargo acima citado, nos termos do inciso VII, art. 33, da Lei n.º 8.112/1990.</p><p class="assina">Des. MARLENE T. FUVERKI SUGUIMATSU</p>]]></Texto>
  </body>
</article></xml>