﻿<xml><article id="3458951" name="Ato 192-2018" idOficio="4791673" pubName="DO2" artType="Ato Concessório" pubDate="01/06/2018" artClass="00038:00047:00001:00000:00000:00000:00000:00000:00000:00000:00003:00001" artCategory="Poder Judiciário/Tribunal Regional do Trabalho da 8ª Região/Gabinete da Presidência" artSize="8" artNotes="" numberPage="101" pdfPage="http://pesquisa.in.gov.br/imprensa/jsp/visualiza/index.jsp?data=01/06/2018&amp;jornal=529&amp;pagina=101" editionNumber="104" highlightType="" highlightPriority="" highlight="" idMateria="10755406">
  <body>
    <Identifica><![CDATA[ ATO  Nº 192, DE 4 DE MAIO DE 2018]]></Identifica>
    <Data><![CDATA[]]></Data>
    <Ementa />
    <Titulo />
    <SubTitulo />
    <Texto><![CDATA[<p class="identifica">ATO Nº 192, DE 4 DE MAIO DE 2018</p><p>A DESEMBARGADORA VICE-PRESIDENTE, NO EXERCÍCIO DA PRESIDÊNCIA DO TRIBUNAL REGIONAL DO TRABALHO DA OITAVA REGIÃO, no uso de suas atribuições legais, e CONSIDERANDO o que consta do Processo Administrativo Eletrônico TRT8ª n° 2177/2018, resolve:</p><p>Conceder aposentadoria à servidora ELENA HIROMI ENDO TAKADA BARROS, com fundamento no artigo 3º, da Emenda Constitucional nº 47/2005, no cargo de Analista Judiciário, Área Administrativa, Classe C, Padrão 13, do Quadro Permanente do Tribunal Regional do Trabalho da Oitava Região, com PROVENTOS INTEGRAIS correspondentes à remuneração da servidora no cargo efetivo, qual seja, a estabelecida nos artigos 12 e 13 da Lei nº 11.416/2006, com as alterações decorrentes da Lei nº 13.317/2016, acrescida do adicional por tempo de serviço de 18% (dezoito por cento) adquirido antes de 8 de março de 1999, anteriormente previsto nos artigos 61, inciso III, e 67 da Lei nº 8.112/1990, com a observância das alterações introduzidas pela Medida Provisória nº 2.225-45/2001, bem como da Vantagem Pessoal Nominalmente Identificada de 04 (quatro) décimos de Função Comissionada FC-5, conforme art. 62-A da Lei nº 8.112/1990, com a observância da Medida Provisória nº 2.225-45/2001, além do adicional de qualificação de 7,5% (sete e meio por cento) previsto nos artigos 14 e 15, VI, da Lei nº 11.416/2006.</p><p class="assina">SUZY ELIZABETH CAVALCANTE KOURY</p>]]></Texto>
  </body>
</article></xml>