﻿<xml><article id="3459002" name="Portaria 163.2018 - Redistribuiç" idOficio="4792153" pubName="DO2" artType="Portaria" pubDate="01/06/2018" artClass="00038:00022:00001:00000:00000:00000:00000:00000:00000:00000:00025:00001" artCategory="Poder Judiciário/Tribunal Regional Eleitoral de Mato Grosso/Presidência" artSize="8" artNotes="" numberPage="97" pdfPage="http://pesquisa.in.gov.br/imprensa/jsp/visualiza/index.jsp?data=01/06/2018&amp;jornal=529&amp;pagina=97" editionNumber="104" highlightType="" highlightPriority="" highlight="" idMateria="10756164">
  <body>
    <Identifica><![CDATA[ PORTARIA Nº 163, DE 3 DE MAIO DE 2018]]></Identifica>
    <Data><![CDATA[]]></Data>
    <Ementa />
    <Titulo />
    <SubTitulo />
    <Texto><![CDATA[<p class="identifica">PORTARIA Nº 163, DE 3 DE MAIO DE 2018</p><p>O PRESIDENTE DO TRIBUNAL REGIONAL ELEITORAL DE MATO GROSSO, no uso das atribuições conferidas pelo art. 19, XLII, do Regimento Interno deste Tribunal,</p><p>CONSIDERANDO o disposto no art. 37 da Lei nº 8.112/1990, a Resolução CNJ nº 146/2012 e a Resolução TSE nº 23.563/2018;</p><p>CONSIDERANDO o que consta do Processo Administrativo Eletrônico nº 4795/2017, resolve:</p><p>Art. 1º Redistribuir, para o Tribunal Regional Federal da 1ª Região, o cargo de Técnico Judiciário, Área Administrativa, ocupado pelo servidor COSME BEZERRA DA SILVA, pertencente ao quadro permanente deste Tribunal Regional Eleitoral, criado pela Lei nº 7.141, de 23/11/1983, recebendo, por reciprocidade, o cargo de Técnico Judiciário, Área Administrativa, ocupado pelo servidor CARLOS ALBERTO ACOSTA, do Tribunal Regional Federal da 1ª Região - 4ª Vara da Seção Judiciária do Estado de Mato Grosso, criado pela Lei nº 8.251, de 24/10/1991.</p><p>Art. 2º A redistribuição de que trata esta portaria não gera direito à concessão de período de trânsito e ao pagamento de ajuda de custo aos servidores, em razão de já se encontrarem em exercício na localidade de destino, nos termos dos artigos 33 e 36, § 2º da Resolução TSE nº 23.563/2018.</p><p>Art. 3º Esta portaria entrará em vigor na data de sua publicação no Diário Oficial da União.</p><p class="assina">Des. MÁRCIO VIDAL</p>]]></Texto>
  </body>
</article></xml>