﻿<xml><article id="3458957" name="ATO_6066749" idOficio="4792032" pubName="DO2" artType="Ato" pubDate="01/06/2018" artClass="00038:00007:00001:00000:00000:00000:00000:00000:00000:00000:00001:00005" artCategory="Poder Judiciário/Tribunal Regional Federal da 1ª Região/Presidência" artSize="8" artNotes="" numberPage="95" pdfPage="http://pesquisa.in.gov.br/imprensa/jsp/visualiza/index.jsp?data=01/06/2018&amp;jornal=529&amp;pagina=95" editionNumber="104" highlightType="" highlightPriority="" highlight="" idMateria="10756040">
  <body>
    <Identifica><![CDATA[ ATO Nº 6.066.749, DE 15 DE MAIO DE 2018]]></Identifica>
    <Data><![CDATA[]]></Data>
    <Ementa />
    <Titulo />
    <SubTitulo />
    <Texto><![CDATA[<p class="identifica">ATO Nº 6.066.749, DE 15 DE MAIO DE 2018</p><p>O PRESIDENTE DO TRIBUNAL REGIONAL FEDERAL DA 1ª REGIÃO, no uso de suas atribuições legais e regimentais e tendo em vista o constante nos autos do PAe 0004977-06.2017.4.01.8009, resolve:</p><p>Redistribuir nos termos do art. 37, da Lei 8.112/1990, com a redação dada pela Lei 9.527/1997, c/c a Resolução n. 146/2012-CNJ, um cargo da categoria funcional de Técnico Judiciário, Área Administrativa, do Quadro de Pessoal da Justiça Federal de Primeiro Grau, Sede da Seção Judiciária do Estado de Mato Grosso, ocupado pelo servidor CARLOS ALBERTO ACOSTA, para o Quadro de Pessoal do Tribunal Regional Eleitoral de Mato Grosso, em reciprocidade a um cargo de Técnico Judiciário,Área Administrativa, ocupado pelo servidor COSME BEZERRA DA SILVA.</p><p class="assina">Des. Fed. CARLOS MOREIRA ALVES</p>]]></Texto>
  </body>
</article></xml>