﻿<xml><article id="3487636" name="Port 188 e 189-2018 FCC Designaç" idOficio="4789245" pubName="DO2" artType="Portaria" pubDate="04/06/2018" artClass="00011:00076:00013:00000:00000:00000:00000:00000:00000:00000:00025:00001" artCategory="Ministério da Educação/Instituto Federal de Educação, Ciência e Tecnologia do Rio Grande do Norte/Campus Natal-Cidade Alta" artSize="12" artNotes="" numberPage="14" pdfPage="http://pesquisa.in.gov.br/imprensa/jsp/visualiza/index.jsp?data=04/06/2018&amp;jornal=529&amp;pagina=14" editionNumber="105" highlightType="" highlightPriority="" highlight="" idMateria="10751017">
  <body>
    <Identifica><![CDATA[ PORTARIA Nº 188, DE 11 DE MAIO DE 2018]]></Identifica>
    <Data><![CDATA[]]></Data>
    <Ementa />
    <Titulo />
    <SubTitulo />
    <Texto><![CDATA[<p></p><p class="identifica">PORTARIA Nº 188, DE 11 DE MAIO DE 2018</p><p>O DIRETOR-GERAL DO CAMPUS NATAL-CIDADE ALTA DO INSTITUTO FEDERAL DE EDUCAÇÃO, CIÊNCIA E TECNOLOGIA DO RIO GRANDE DO NORTE, no uso de suas atribuições, delegadas através da Portaria nº. 590/2016-Reitoria/IFRN, de 20 de abril de 2016, publicada no Diário Oficial da União, de 22 de abril de 2016; e Considerando o que consta no Processo nº 23466.000895.2018-48, de 08 de maio de 2018, resolve:</p><p>I - DISPENSAR, em 04 de junho de 2018, o servidor abaixo relacionado, pertencente ao Quadro Permanente deste Instituto Federal, da Função integrante da Estrutura Administrativa deste Campus conforme segue, o qual foi designado através da Portaria nº 263/2016-DG/CAL/IFRN, de 14 de novembro de 2016.</p><p></p><table><tr /><tr><td><p>SERVIDOR</p></td><td><p>CARGO DE CONFIANÇA</p></td></tr><tr><td><p>Matrícula SIAPE</p></td><td><p>NOME</p></td><td><p>CÓDIGO</p></td><td><p>DENOMINAÇÃO</p></td><td><p>CADEIA HIERÁRQUICA</p></td></tr><tr><td><p>1827420</p></td><td><p>Paulo Andre Holanda Savir</p></td><td><p>FG.2</p></td><td><p>Coordenador de Material e Patrimônio</p></td><td><p>DIAD/CAL</p></td></tr></table><p>II -DETERMINAR que seja realizada a transferência da carga patrimonial sob a responsabilidade do cargo de confiança acima mencionado, no prazo máximo de cinco dias úteis.</p><p class="assina">CARLOS EDUARDO CAMPOS FREIRE</p><p></p><p class="identifica">PORTARIA Nº 189, DE 11 DE MAIO DE 2018</p><p>O DIRETOR-GERAL DO CAMPUS NATAL-CIDADE ALTA DO INSTITUTO FEDERAL DE EDUCAÇÃO, CIÊNCIA E TECNOLOGIA DO RIO GRANDE DO NORTE, no uso de suas atribuições, delegadas através da Portaria nº. 590/2016-Reitoria/IFRN, de 20 de abril de 2016, publicada no Diário Oficial da União, de 22 de abril de 2016; e Considerando o que consta no Processo nº 23466.000895.2018-48, de 08 de maio de 2018, resolve:</p><p>I - DESIGNAR, com efeitos a partir de 05 de junho do corrente ano, o servidor abaixo relacionado, pertencente ao Quadro Permanente deste Instituto Federal, para exercer o respectivo cargo de confiança, integrante da Estrutura Administrativa do Campus Natal-Cidade Alta, conforme especificado a seguir.</p><p></p><table><tr /><tr><td><p>SERVIDOR</p></td><td><p>CARGO DE CONFIANÇA</p></td></tr><tr><td><p>Matrícula SIAPE</p></td><td><p>NOME</p></td><td><p>CÓDIGO</p></td><td><p>DENOMINAÇÃO</p></td><td><p>CADEIA HIERÁRQUICA</p></td></tr><tr><td><p>1851359</p></td><td><p>Cesar Faria Melo</p></td><td><p>FG.2</p></td><td><p>Coordenador de Material e Patrimônio</p></td><td><p>DIAD/CAL</p></td></tr></table><p>II -DETERMINAR que seja realizada a transferência da carga patrimonial sob a responsabilidade do cargo de confiança acima mencionado, no prazo máximo de cinco dias úteis.</p><p class="assina">CARLOS EDUARDO CAMPOS FREIRE</p>]]></Texto>
  </body>
</article></xml>