﻿<xml><article id="3459110" name="PORTARIA GPR 590" idOficio="4790029" pubName="DO2" artType="Portaria" pubDate="01/06/2018" artClass="00038:00039:00002:00000:00000:00000:00000:00000:00000:00000:00025:00025" artCategory="Poder Judiciário/Tribunal de Justiça do Distrito Federal e dos Territórios/Presidência" artSize="8" artNotes="" numberPage="100" pdfPage="http://pesquisa.in.gov.br/imprensa/jsp/visualiza/index.jsp?data=01/06/2018&amp;jornal=529&amp;pagina=100" editionNumber="104" highlightType="" highlightPriority="" highlight="" idMateria="10752239">
  <body>
    <Identifica><![CDATA[ PORTARIA nº 590, DE 4 DE ABRIL DE 2018]]></Identifica>
    <Data><![CDATA[]]></Data>
    <Ementa />
    <Titulo />
    <SubTitulo />
    <Texto><![CDATA[<p class="identifica">PORTARIA nº 590, DE 4 DE ABRIL DE 2018</p><p>O PRESIDENTE DO TRIBUNAL DE JUSTIÇA DO DISTRITO FEDERAL E DOS TERRITÓRIOS, no uso de sua competência legal, com base no disposto no art. 37 da Lei 8.112/1990, na Resolução CNJ 146/2012 e no Acórdão TCU 3.447/2012 - Plenário, bem como no PA 0022672/2017, resolve:</p><p>Redistribuir o cargo de Técnico Judiciário, Área Administrativa, sem especialidade, Nível Intermediário, ocupado pela servidora MÔNICA MARIA ARAÚJO LIMA, matrícula 311.649, do Quadro de Pessoal deste Tribunal, em reciprocidade com um cargo vago, de igual denominação, do Quadro de Pessoal do Tribunal Regional do Trabalho da 10ª Região.</p><p class="assina">Des. MARIO MACHADO</p>]]></Texto>
  </body>
</article></xml>