﻿<xml><article id="3459074" name="_PORTARIA DE EXONERAÇÃO MODELO n" idOficio="4795766" pubName="DO2" artType="Portaria" pubDate="01/06/2018" artClass="00017:00026:00014:00011:00000:00000:00000:00000:00000:00000:00025:00001" artCategory="Ministério da Saúde/Secretaria de Atenção à Saúde/Departamento de Gestão Hospitalar no Estado do Rio de Janeiro/Hospital Federal do Andaraí" artSize="8" artNotes="" numberPage="58" pdfPage="http://pesquisa.in.gov.br/imprensa/jsp/visualiza/index.jsp?data=01/06/2018&amp;jornal=529&amp;pagina=58" editionNumber="104" highlightType="" highlightPriority="" highlight="" idMateria="10763310">
  <body>
    <Identifica><![CDATA[       PORTARIA Nº 92, DE 16 DE MAIO DE 2018]]></Identifica>
    <Data><![CDATA[]]></Data>
    <Ementa />
    <Titulo />
    <SubTitulo />
    <Texto><![CDATA[<p class="identifica">PORTARIA Nº 92, DE 16 DE MAIO DE 2018</p><p>A Diretora Geral do Hospital Federal do Andaraí em conformidade com os termos da PT/MS nº 2.081 de 21.10.2016, publicada no Diário Oficial da União (DOU) nº 204 de 24.10.2016 e no uso de suas atribuições legais, na forma da PT/CGRH/SAA/SE/MS/ nº 1041, de 30.10.2009, publicada no DOU nº 209, de 03.11.2009: Resolve:</p><p>Exonerar, a pedido, a partir de 31.05.2018, o servidor JULIANO CARVALHO GOMES DE ALMEIDA, Matricula 3488487, ocupante do cargo de Médico, Código da vaga nº 105154 do Quadro de Pessoal deste Ministério.</p><p>Esta portaria entra em vigor na data de sua publicação.</p><p class="assina">MARIA LUCIA FEITOSA G.DA SILVEIRA</p>]]></Texto>
  </body>
</article></xml>