﻿<xml><article id="3459233" name="tania - portaria maio . 2018" idOficio="4800483" pubName="DO2" artType="Portaria" pubDate="01/06/2018" artClass="00026:00002:00013:01475:00423:00000:00000:00000:00000:00000:00025:00001" artCategory="Ministério do Planejamento, Desenvolvimento e Gestão/Secretaria de Gestão de Pessoas/Departamento de Órgãos Extintos e de Gestão de Folha de Pagamento/Superintendência de Administração em Rondônia" artSize="8" artNotes="" numberPage="71" pdfPage="http://pesquisa.in.gov.br/imprensa/jsp/visualiza/index.jsp?data=01/06/2018&amp;jornal=529&amp;pagina=71" editionNumber="104" highlightType="" highlightPriority="" highlight="" idMateria="10772141">
  <body>
    <Identifica><![CDATA[ PORTARIAS DE 21  DE MAIO DE 2018]]></Identifica>
    <Data><![CDATA[]]></Data>
    <Ementa />
    <Titulo />
    <SubTitulo />
    <Texto><![CDATA[<p class="identifica">PORTARIAS DE 21 DE MAIO DE 2018</p><p>A SUPERINTENDENTE DE ADMINISTRAÇÃO DO MINISTÉRIO DO PLANEJAMENTO, DESENVOLVIMENTO E GESTÃO EM RONDONIA, no uso das atribuições que lhe foram conferidas pela Portaria nº 69 de 27/01/2017 publicada no Diário Oficial da União em 30/01/2017, e tendo em vista o disposto na Portaria nº 124, da Secretaria Executiva/DEPEX de 26//02/2015, publicada no Diário Oficial da União de 27/02/2015, resolve:</p><p>Nº 4.896 - Conceder Aposentadoria Voluntária Integral ao servidor: ANASTACIO LIMA E SILVA , Cargo de Auxiliar Operacional de Serviços Diversos do Ex-Território-RO, Tabela: 481, Nível: NI, Classe: " S ", Padrão: III, matricula SIAPE: 0699181, com fundamento na CF/88, Art. 3º da EC nº 047/2005, Processo nº 03125.003965/2018-73.</p><p>Nº 4.897 - Conceder Aposentadoria Voluntária Integral ao servidor: PEDRO SOARES DA SILVA FILHO, Cargo de Guarda de Presídio Civil Especial do Ex-Território-RO, Tabela:192, Grupo: 192, Cargo: 037 , matricula SIAPE: 2286972, com fundamento no Art. 1º , Inciso: II da LC Nº 5.1/85, com redada pela LC nº 144/14, Processo nº 03125.005247/2018-31</p><p>Nº 4.905 - Conceder Aposentadoria Voluntária Integral a servidora:, MARIA LUCILINDA PINHEIRO DE CASTRO Cargo de Professor do Ex-Território-RO, Tabela: 196, Nível: NM, Classe: " D ", Nível: 404, matricula SIAPE: 3002832, com fundamento na CF/88, Art. 6ª da EC nº 041/2003 c/c Art. 40 § 5º, Processo nº 03125.005329/2018-86</p><p>Nº 4.906 - Conceder Aposentadoria Voluntária Integral ao servidor: LUIZ DE SOUZA BARROS, Cargo de Professor do Ensino Básico do Ex-Território-RO, Tabela: 709, Nível NS :Classe: " D ", Nivel 402, matricula SIAPE: 0701055 com fundamento na CF/88, Art. 6º da EC nº 041/2003 c/c Art. 40 § 5º, Processo nº 03125.006768/2018-14</p><p>Nº 4.907 - Conceder Aposentadoria Voluntária Integral ao servidor: CIRO CARLOS DE MOURA, Cargo de Escrivão de Policia Civil Especial do Ex-Território-RO, Tabela: 192 Grupo: 192 Cargo: 021, matricula SIAPE: 2398033, com fundamento no Art. 1º, Inciso: II da LC Nº 5.1/85 , com redação dada pela LC nº 144/14, Processo Nº 03125.004814/2018-32.</p><p>Nº 4.908 - Conceder Aposentadoria Voluntária Integral a servidora IVANIR BIAVATTI GEROLA , Cargo de Agente Administrativo do Ex-Território-RO, Tabela: 194, Nível: NI, Classe: " S ", Padrão: III, matricula SIAPE: 2993352, com fundamento na CF/88, Art. 3º da EC nº 047/2005, Processo nº 03125.005739/2018-27.</p><p>Nº 4.910 - Conceder Aposentadoria Voluntária Integral a servidora: FRANCISCA DAS CHAGAS BRITO, Cargo de Auxiliar Operacional de Serviços Diversos do Ex-Território-RO, Tabela: 194, Nível: NA, Classe: " S ", Padrão: III, matricula SIAPE: 2325233, com fundamento na CF/88, Art. 3º da EC nº 047/2005, Processo nº 03125.002570/2018-53</p><p>Nº 4.911 - Conceder Aposentadoria Voluntária Integral a servidora: ROZILDA ASSUNÇÃO EVANGELISTA, Cargo de Auxiliar Operacional de Serviços Diversos do Ex-Território-RO, Tabela: 194, Nível: NA, Classe: " S ", Padrão: III, matricula SIAPE: 2330057, com fundamento na CF/88, Art. 3º da EC nº 047/2005, Processo nº 03125.008030/2017-01.</p><p>Nº 4.978 - Conceder Aposentadoria Voluntária Integral ao servidor: FRANCISCO BARBOSA DOS SANTOS, Cargo Guarda de Presídio Civil Especial do Ex-Território-RO, Tabela: 192, Grupo: 192 Cargo: 037 , matricula SIAPE: 2286741, com fundamento no , Art. 1º , Inciso: II da LC Nº 5.1/85 com redação dada pela LC nº 144/2014, Processo nº 03125.009908/2018-06.</p><p>Nº 4.979 - Conceder Aposentadoria Voluntária Integral a servidora: JOVENIL FRANCISCA DA CRUZ Cargo de Auxiliar Operacional de Serviços Diversos do Ex-Território-RO, Tabela: 194, Nível: NA, Classe: " S ", Padrão: III, matricula SIAPE: 6704229, com fundamento na CF/88, Art. 3º da EC nº 047/2005, Processo nº 03125.003336/201843.</p><p>Nº 4.980 - Conceder Aposentadoria Voluntária Integral ao servidor: DIVINO TOMAZ DA SILVA, Cargo de Professor do Ex-Território-RO, Tabela: 196, Nível: NM, Classe: " D ", Nível: 404, matricula SIAPE: 2394550, com fundamento na CF/88, Art. 6º da EC nº 041/2003 c/c Art. 40 § 5º. Processo nº 03125.012071/2017-93.</p><p>Nº 4.981 - Conceder Aposentadoria Voluntária Integral a servidora: MARIA DE LOURDES RIBEIRO Cargo Professor do Ex-Território-RO, Tabela: 196, Nível: NM, Classe: " D ", Nível: 404, matricula SIAPE: 2392004, com fundamento na CF/88, Art. 6º da EC nº 41/2003 c/c Art. 40 § 5º., Processo nº 03125.003666/2018-39</p><p>Nº 4.982 - Conceder Aposentadoria Voluntária Integral a servidora: MARIA ESTER CHAGAS FILHA, Cargo de Auxiliar Operacional de Serviços Diversos do Ex-Território-RO, Tabela: 196, Nível: NA, Classe: " S ", Padrão: III, matricula SIAPE: 2374611, com fundamento na CF/88, Art. 3º da EC nº 047/2005, Processo nº 03125.007026/2017-17.</p><p>Nº 4.993 - Conceder Aposentadoria Voluntária Integral ao servidor: MARIA NANCY VIEIRA LIMA, Cargo de Auxiliar Operacional de Serviços Diversos do Ex-Território-RO, Tabela: 194, Nível: NA, Classe: " S ", Padrão: III, matricula SIAPE: 2305062, com fundamento na CF/88, Art. 3º da EC nº 047/2005, Processo nº 03125.004127/2018-17.</p><p>Nº 4.995 - Conceder Aposentadoria Voluntária Integral a servidora:, MARIA CLEONIDEA DO NASCIMENTO Cargo de Auxiliar Operacional de Serviços Diversos do Ex-Território-RO, Tabela: 194, Nível: NA, Classe: " S ", Padrão: III, matricula SIAPE: 2360136, com fundamento na CF/88, Art. 3º da EC nº 047/2005, Processo nº 03125005824/2018-95..</p><p>Nº 4.999 - Conceder Aposentadoria Voluntária Integral a servidora: INES MARGARETE BALTHAZAR Cargo de Professor Ex-Território-RO, Tabela: 196 Nível: NM, Classe: " D ", Nível: 404, matricula SIAPE: 2342302 com fundamento na CF/88, Art. 6º da EC nº 041/03 c / Art. 40 § 5º , Processo nº 03125.004846/2018-38.</p><p>Nº 5.000 - Conceder Aposentadoria Voluntária Integral ao servidor: LUIZ AUGUSTO BOTELHO BARROS, Cargo de Guarda de Presídio Civil Especial do Ex-Território-RO, Tabela: 192, Grupo: 192, Cargo: 037 , matricula SIAPE: 2286831, com fundamento no Art. 1º, Inciso: II da LC nº51/85, com nova redação dada pela LC nº 144/14, Processo nº 03125.009774/2018-15.</p><p>Nº 5.117 - Conceder Aposentadoria por Invalidez Permanente com Proventos Proporcionais ao Tempo de Contribuição ao servidor: GILMAR LEMOS DE OLIVEIRA, Cargo de Auxiliar Operacional de Serviços Diversos do Ex-Território-RO, Tabela: 194, Nível: NA, Classe: " S ", Padrão: III, matricula SIAPE: 2257090, com fundamento no ART. 40 § I, Inciso I ,da CF/88, com redação dada pela EC nº41/03, combinado com o Art. 6-A da EC nº 41/03, incluído pela EC nº 70/2012, Processo nº 03125.009212/2017-91.</p><p>Nº 5.119 - Conceder Aposentadoria Voluntária Integral a servidora: MARIA DO SOCORRO PAULINO CARNEIRO, Cargo de Auxiliar Operacional de Serviços Diversos do Ex-Território-RO, Tabela: 194, Nível: NA, Classe: " S ", Padrão: III, matricula SIAPE: 2315007, com fundamento na CF/88, Art. 3º da EC nº 047/2005, Processo nº 03125.002532/2018-09.</p><p>Nº 5.124 - Conceder Aposentadoria Voluntária Integral ao servidor: FRANCISCO EVILASIO FERNANDES PICANÇO, Cargo de Auxiliar Operacional de Serviços Diversos do Ex-Território-RO, Tabela: 482, Nível: NA, Classe: " S ", Padrão: III, matricula SIAPE: 0703743, com fundamento na CF/88, Art. 3º da EC nº 047/2005, Processo nº 03125.005452/2018-05.</p><p>Nº 5.127 - Conceder Aposentadoria Voluntária Integral ao servidor: RONALDO LUIZ REIS DOS SANTOS, Cargo de Auxiliar Operacional de Serviços Diversos do Ex-Território-RO, Tabela: 194 Nível: NA, Classe: " S ", Padrão: III, matricula SIAPE: 2256474, com fundamento na CF/88, Art. 3º da EC nº 047/2005, Processo nº 03125.000500/2018-61.</p><p>Nº 5.129 - Conceder Aposentadoria Voluntária Integral ao servidor: VALTER ROBERTO SCHMITT, Cargo de Agente Administrativo do Ex-Território-RO, Tabela: 481, Nível: NI, Classe: " S ", Padrão: III, matricula SIAPE: 0703440, com fundamento na CF/88, Art. 3º da EC nº 047/2005, Processo nº 03125.017267/2017-74.</p><p class="assina">WALNEYA COSTA BEZERRA</p>]]></Texto>
  </body>
</article></xml>