﻿<xml><article id="3459155" name="Portaria 101_2018 apos ROBERTO L" idOficio="4803304" pubName="DO2" artType="Portaria" pubDate="01/06/2018" artClass="00012:00002:00012:00016:00000:00000:00000:00000:00000:00000:00025:00002" artCategory="Ministério da Fazenda/Secretaria Executiva/Subsecretaria de Planejamento, Orçamento e Administração/Superintendência de Administração no Ceará" artSize="8" artNotes="" numberPage="44" pdfPage="http://pesquisa.in.gov.br/imprensa/jsp/visualiza/index.jsp?data=01/06/2018&amp;jornal=529&amp;pagina=44" editionNumber="104" highlightType="" highlightPriority="" highlight="" idMateria="10778002">
  <body>
    <Identifica><![CDATA[ PORTARIA Nº 101, de 22 de maio de 2018]]></Identifica>
    <Data><![CDATA[]]></Data>
    <Ementa />
    <Titulo />
    <SubTitulo />
    <Texto><![CDATA[<p class="identifica">PORTARIA Nº 101, de 22 de maio de 2018</p><p>O SUPERINTENDENTE DE ADMINISTRAÇÃO DO MINISTÉRIO DA FAZENDA NO ESTADO DO CEARÁ, no uso de suas atribuições conferidas pelo inciso XI, art. 86, da Portaria nº 144, do Gabinete do Ministro da Fazenda, de 27/4/2016, publicada no DOU de 29/4/2016, resolve:</p><p>Conceder aposentadoria voluntária com proventos integrais ao servidor ROBERTO LINCOLN DE SOUSA GOMES, ocupante do cargo Auditor Fiscal da Receita Federal do Brasil, matrícula Siape nº 0118363, Classe S, Padrão III, lotado e em exercício na SRRF03/DIREP, com fundamento legal no artigo 3º da EC 47/2005 do Quadro Permanente do Ministério da Fazenda. (Processo nº 10380.100231/2018-86)</p><p class="assina">RAIMUNDO MARCILIO DE AMORIM</p>]]></Texto>
  </body>
</article></xml>