﻿<xml><article id="3458969" name="PORTARIAS 150-151-152-153 DE 22M" idOficio="4803225" pubName="DO2" artType="Portaria" pubDate="01/06/2018" artClass="00017:00002:00026:00026:00000:00000:00000:00000:00000:00000:00025:00002" artCategory="Ministério da Saúde/Secretaria Executiva/Núcleo Estadual no Paraná/Serviço de Gestão Administrativa" artSize="8" artNotes="" numberPage="54" pdfPage="http://pesquisa.in.gov.br/imprensa/jsp/visualiza/index.jsp?data=01/06/2018&amp;jornal=529&amp;pagina=54" editionNumber="104" highlightType="" highlightPriority="" highlight="" idMateria="10777849">
  <body>
    <Identifica><![CDATA[ PORTARIAS DE  22 DE MAIO DE 2018]]></Identifica>
    <Data><![CDATA[]]></Data>
    <Ementa />
    <Titulo />
    <SubTitulo />
    <Texto><![CDATA[<p class="identifica">PORTARIAS DE 22 DE MAIO DE 2018</p><p>A CHEFE DO SERVIÇO DE GESTÃO ADMINISTRATIVA DO NÚCLEO ESTADUAL DO MINISTÉRIO DA SAÚDE DO PARANÁ, no uso de suas atribuições que lhe são conferidas pela Portaria, SE/SAA/MS nº 1.804, de 01/10/2013, publicada no DOU nº 192 de 03/10/2013, Seção 1 e Portaria GM/MS nº 2.225 de 01/10/2013, publicada no DOU 191 de 02/10/2013, Seção 2, e em conformidade com o Decreto nº. 8.901, de 10/11/2016, publicado no DOU 217, Seção 1, de 11/11/2016 e Portaria nº 1.419, de 08/06/2017, publicada no DOU nº 110, Seção 1, de 09/06/2017, resolve:</p><p>Nº 150 Conceder Aposentadoria Voluntária ao Tempo de Contribuição ao servidor NERCINO RODRIGUES NOVAIS, matrícula 490487, ocupante do cargo de Agente de Saúde Pública, Nível Intermediário, Classe S, Padrão III, do quadro do Ministério da Saúde do Paraná, com fundamento no Art. 3º, Incisos I, II e III, e parágrafo único da Emenda Constitucional nº 47/2005, com a opção da incorporação da gratificação aos proventos de acordo com a Lei 13.324 de 29/07/2016, acrescido de 21% de Adicional de Tempo de Serviço e demais vantagens inerentes ao cargo.</p><p>(Processo n.º 25023.001163/2018-18)</p><p>Nº 151 Conceder Aposentadoria Voluntária ao Tempo de Contribuição à servidora ELISA ELEONORA GRECO NOVELLO, matrícula 1192559, ocupante do cargo de Médico, Nível Superior, Classe C, Padrão VI, do quadro do Ministério da Saúde do Paraná, com fundamento no Art. 3º, Incisos I, II e III, e parágrafo único da Emenda Constitucional nº 47/2005, com a opção da incorporação da gratificação aos proventos de acordo com a Lei 13.324 de 29/07/2016, acrescido de 9% de Adicional de Tempo de Serviço e demais vantagens inerentes ao cargo.</p><p>(Processo n.º 25023.001254/2018-45)</p><p>Nº 152 Conceder Aposentadoria Voluntária ao Tempo de Contribuição à servidora MARIALBA LOVATO, matrícula 567575, ocupante do cargo de Auxiliar de Enfermagem, Nível Intermediário, Classe S, Padrão III, do quadro do Ministério da Saúde do Paraná, com fundamento no Art. 3º, Incisos I, II e III, e parágrafo único da Emenda Constitucional nº 47/2005, com a opção da incorporação da gratificação aos proventos de acordo com a Lei 13.324 de 29/07/2016, acrescido de 20% de Adicional de Tempo de Serviço e demais vantagens inerentes ao cargo.</p><p>(Processo n.º 25023.001298/2018-75)</p><p>Nº 153 Conceder Aposentadoria Voluntária ao Tempo de Contribuição ao servidor CICERO CANDIDO DO NASCIMENTO, matrícula 490252, ocupante do cargo de Agente de Saúde Pública, Nível Intermediário, Classe C, Padrão VI, do quadro do Ministério da Saúde do Paraná, com fundamento no Art. 3º, Incisos I, II e III, e parágrafo único da Emenda Constitucional nº 47/2005, com a opção da incorporação da gratificação aos proventos de acordo com a Lei 13.324 de 29/07/2016, acrescido de 21% de Adicional de Tempo de Serviço e demais vantagens inerentes ao cargo.</p><p>(Processo n.º 25023.000795/2018-56)</p><p class="assina">GISLANE MARI FRANÇA DE OLIVEIRA</p>]]></Texto>
  </body>
</article></xml>