﻿<xml><article id="3459239" name="PORTARIA JBRJ Nº 82, DE 17 DE MA" idOficio="4802006" pubName="DO2" artType="Portaria" pubDate="01/06/2018" artClass="00025:00023:00000:00000:00000:00000:00000:00000:00000:00000:00025:00001" artCategory="Ministério do Meio Ambiente/Instituto de Pesquisas Jardim Botânico do Rio de Janeiro" artSize="8" artNotes="" numberPage="70" pdfPage="http://pesquisa.in.gov.br/imprensa/jsp/visualiza/index.jsp?data=01/06/2018&amp;jornal=529&amp;pagina=70" editionNumber="104" highlightType="" highlightPriority="" highlight="" idMateria="10775246">
  <body>
    <Identifica><![CDATA[PORTARIA  Nº 82, DE 17 DE MAIO DE 2018]]></Identifica>
    <Data><![CDATA[]]></Data>
    <Ementa />
    <Titulo />
    <SubTitulo />
    <Texto><![CDATA[<p class="identifica">PORTARIA Nº 82, DE 17 DE MAIO DE 2018</p><p>O PRESIDENTE DO INSTITUTO DE PESQUISAS JARDIM BOTÂNICO DO RIO DE JANEIRO, nomeado pelo Decreto de 06 de julho de 2016, publicado no Diário Oficial da União de 07 de julho de 2016, e no uso das atribuições que lhe conferem a Lei nº 10.316, de 06 de dezembro de 2001, publicada no Diário Oficial da União de 07 de dezembro de 2001, e no Decreto nº 8.841, de 25 de agosto de 2016, publicado no Diário Oficial da União de 26 de agosto de 2016, e</p><p>CONSIDERANDO os autos do Processo JBRJ nº 02011.000159/2018-68, resolve:</p><p>Art. 1º Conceder aposentadoria voluntária integral, com proventos integrais e paridade total com os ativos, ao servidor PAULO SERGIO DE MATTOS, ocupante do cargo de Assistente em C&amp;T, NM, Classe R, Padrão III, matrícula SIAPE nº 0680940, integrante do Quadro de Pessoal deste Instituto de Pesquisas Jardim Botânico do Rio de Janeiro, com fundamento no art. 40, § 1°, inciso III, alínea "a" da CF/88, com a redação dada pelo art. 3º, incisos I, II e III da EC n° 47/2005, e no art. 186, inciso III, alínea "a", da Lei n° 8.112/90.</p><p>Art. 2º Declarar vago o referido cargo.</p><p>Art. 3º Esta Portaria entra em vigor na data de sua publicação.</p><p class="assina">SERGIO BESSERMAN VIANNA</p>]]></Texto>
  </body>
</article></xml>