﻿<xml><article id="3459152" name="Portarias 291, 292, 296 e 297- p" idOficio="4802345" pubName="DO2" artType="Portaria" pubDate="01/06/2018" artClass="00011:00033:00001:00001:00000:00000:00000:00000:00000:00000:00025:00001" artCategory="Ministério da Educação/Fundação Universidade Federal de Ouro Preto/Reitoria/Gabinete do Reitor" artSize="8" artNotes="" numberPage="20" pdfPage="http://pesquisa.in.gov.br/imprensa/jsp/visualiza/index.jsp?data=01/06/2018&amp;jornal=529&amp;pagina=20" editionNumber="104" highlightType="" highlightPriority="" highlight="" idMateria="10775783">
  <body>
    <Identifica><![CDATA[ PORTARIA   Nº 291, DE 22 DE MAIO DE 2018]]></Identifica>
    <Data><![CDATA[]]></Data>
    <Ementa />
    <Titulo />
    <SubTitulo />
    <Texto><![CDATA[<p></p><p></p><p class="identifica">PORTARIA Nº 291, DE 22 DE MAIO DE 2018</p><p>O Vice-Reitor, no exercício do cargo de Reitor da Universidade Federal de Ouro Preto, no uso de suas atribuições legais, conferidas pela Portaria nº 158 de 21 de fevereiro de 2017, publicada no Diário Oficial da União nº 43, de 03 de março de 2017,</p><p>Considerando o Processo UFOP Nº 23109.002620/2018-16, resolve:</p><p>Art. 1º - Conceder aposentadoria voluntária ao servidor IRENO ANATOLIO DE ASSIS, matrícula SIAPE nº. 0.418.281, código de vaga nº. 327939, ocupante do cargo de Jardineiro, Classe B, Nível de Capacitação 04, Padrão de Vencimento 16, do quadro de pessoal permanente desta Instituição, com proventos integrais, com fundamento no Artigo 3º da Emenda Constitucional nº 47, de 05 de julho de 2005.</p><p>Art. 2º - Declarar vago o cargo ocupado pelo servidor.</p><p class="assina">Hermínio Arias Nalini Júnior</p><p></p><p class="identifica">PORTARIA Nº 292, DE 22 DE MAIO DE 2018</p><p>O Vice-Reitor, no exercício do cargo de Reitor da Universidade Federal de Ouro Preto, no uso de suas atribuições legais, conferidas pela Portaria nº 158 de 21 de fevereiro de 2017, publicada no Diário Oficial da União nº 43, de 03 de março de 2017,</p><p>Considerando o Processo UFOP Nº 23109.002681/2018-75, resolve:</p><p>Art. 1º - Conceder aposentadoria voluntária ao servidor ANTONIO VENANCIO FILHO, matrícula SIAPE nº. 0.418.306, código de vaga nº. 327962, ocupante do cargo de Vigilante, Classe D, Nível de Capacitação 04, Padrão de Vencimento 16, do quadro de pessoal permanente desta Instituição, com proventos integrais, com fundamento no Artigo 3º da Emenda Constitucional nº 47, de 05 de julho de 2005.</p><p>Art. 2º - Declarar vago o cargo ocupado pelo servidor.</p><p class="assina">Hermínio Arias Nalini Júnior</p><p></p><p class="identifica">PORTARIA REITORIA Nº 296, DE 22 DE MAIO DE 2018</p><p>O Vice-Reitor, no exercício do cargo de Reitor da Universidade Federal de Ouro Preto, no uso de suas atribuições legais, conferidas pela Portaria nº 158 de 21 de fevereiro de 2017, publicada no Diário Oficial da União nº 43, de 03 de março de 2017,</p><p>Considerando o Processo UFOP Nº 23109.002621/2018-52, resolve</p><p>Art. 1º - Conceder aposentadoria voluntária ao servidor JOAO DAPARECIDA RODRIGUES, matrícula SIAPE nº. 0.418.214, código de vaga nº. 327880, ocupante do cargo de Técnico em Móveis e Esquadrias, Classe D, Nível de Capacitação 04, Padrão de Vencimento 16, do quadro de pessoal permanente desta Instituição, com proventos integrais, com fundamento no Artigo 3º da Emenda Constitucional nº 47, de 05 de julho de 2005.</p><p>Art. 2º - Declarar vago o cargo ocupado pelo servidor.</p><p class="assina">Hermínio Arias Nalini Júnior</p><p></p><p class="identifica">PORTARIA Nº 297, DE 22 DE MAIO DE 2018</p><p>O Vice-Reitor, no exercício do cargo de Reitor da Universidade Federal de Ouro Preto, no uso de suas atribuições legais, conferidas pela Portaria nº 158 de 21 de fevereiro de 2017, publicada no Diário Oficial da União nº 43, de 03 de março de 2017,</p><p>Considerando o Processo UFOP Nº 23109.002680/2018-21, resolve</p><p>Art. 1º - Conceder aposentadoria voluntária ao servidor ALUIZIO NICOLAU DOS REIS, matrícula SIAPE nº. 0.418.290, código de vaga nº. 327948, ocupante do cargo de Auxiliar em Administração, Classe C, Nível de Capacitação 04, Padrão de Vencimento 16, do quadro de pessoal permanente desta Instituição, com proventos integrais, com fundamento no Artigo 3º da Emenda Constitucional nº 47, de 05 de julho de 2005.</p><p>Art. 2º - Declarar vago o cargo ocupado pelo servidor.</p><p class="assina">Hermínio Arias Nalini Júnior</p><p></p>]]></Texto>
  </body>
</article></xml>