﻿<xml><article id="3487540" name="imp192 - Portaria 435" idOficio="4802165" pubName="DO2" artType="Portaria" pubDate="04/06/2018" artClass="00011:00059:00000:00000:00000:00000:00000:00000:00000:00000:00025:00001" artCategory="Ministério da Educação/Instituto Federal de Educação, Ciência e Tecnologia Catarinense" artSize="8" artNotes="" numberPage="13" pdfPage="http://pesquisa.in.gov.br/imprensa/jsp/visualiza/index.jsp?data=04/06/2018&amp;jornal=529&amp;pagina=13" editionNumber="105" highlightType="" highlightPriority="" highlight="" idMateria="10775525">
  <body>
    <Identifica><![CDATA[   PORTARIA   Nº 435,  DE  2 DE MAIO DE 2018 ]]></Identifica>
    <Data><![CDATA[]]></Data>
    <Ementa />
    <Titulo />
    <SubTitulo />
    <Texto><![CDATA[<p class="identifica">PORTARIA Nº 435, DE 2 DE MAIO DE 2018</p><p>O REITOR SUBSTITUTO DO INSTITUTO FEDERAL CATARINENSE, no uso da competência que lhe foi subdelegada pela Portaria nº 424/2018 de 27/04/2018, publicado no Diário Oficial da União, seção 2, pág. 17, em 02/05/2018,, considerando o que consta no Memorando nº 7/2018- ASSEG/ GABI (11.04), resolve:</p><p>Art. 1º - EXONERAR a pedido, a partir do dia 04/06/2018, o(a) servidor(a) IVANIA MARINI PITON, Professor(a) do Ensino Básico, Técnico e Tecnológico, Matrícula SIAPE 1792260, do Cargo Comissionado de Diretor(a), código CD-3, do Instituto Federal Catarinense - Campus Avançado Abelardo Luz.Art. 2º - Esta Portaria entra em vigor na data de sua publicação..</p><p class="assina">CLADECIR ALBERTO SCHENKEL</p><p></p>]]></Texto>
  </body>
</article></xml>