﻿<xml><article id="3459026" name="281-VALDIVINA E MARCEL-DIS-DES" idOficio="4803974" pubName="DO2" artType="Portaria" pubDate="01/06/2018" artClass="00038:00004:00001:00002:00000:00000:00000:00000:00000:00000:00025:00001" artCategory="Poder Judiciário/Superior Tribunal de Justiça/Presidência/Secretaria" artSize="8" artNotes="" numberPage="94" pdfPage="http://pesquisa.in.gov.br/imprensa/jsp/visualiza/index.jsp?data=01/06/2018&amp;jornal=529&amp;pagina=94" editionNumber="104" highlightType="" highlightPriority="" highlight="" idMateria="10779002">
  <body>
    <Identifica><![CDATA[ PORTARIA Nº 281, DE 17 DE MAIO DE 2018 ]]></Identifica>
    <Data><![CDATA[]]></Data>
    <Ementa />
    <Titulo />
    <SubTitulo />
    <Texto><![CDATA[<p class="identifica">PORTARIA Nº 281, DE 17 DE MAIO DE 2018</p><p>A DIRETORA-GERAL DA SECRETARIA DO SUPERIOR TRIBUNAL DE JUSTIÇA, com base no item 16.2, XI, b, do Manual de Organização e no disposto no art. 35, I, da Lei n. 8.112, de 11 de dezembro de 1990, resolve:</p><p>Art. 1º Efetuar as seguintes alterações no Gabinete do Ministro Reynaldo Soares da Fonseca:</p><p>I - Dispensar de função de confiança:</p><p>VALDIVINA FARIAS DE JESUS, matrícula S067444, da função de confiança de Assistente IV, código FC-4;</p><p>MARCEL FORTES DE OLIVEIRA PORTELA, matrícula S067150, da função de confiança de Assistente II, código FC-2;</p><p>II - Designar para função de confiança:</p><p>MARCEL FORTES DE OLIVEIRA PORTELA, matrícula S067150, para a função de confiança de Assistente IV, código FC4, na vaga decorrente da dispensa de Valdivina Farias de Jesus;</p><p>VALDIVINA FARIAS DE JESUS, matrícula S067444, para a função de confiança de Assistente II, código FC-2, na vaga decorrente da dispensa de Marcel Fortes de Oliveira Portela.</p><p>Art. 2º Esta portaria entra em vigor na data de sua publicação.</p><p class="assina">Sulamita Avelino Cardoso Marques</p>]]></Texto>
  </body>
</article></xml>