﻿<xml><article id="3459161" name="Portaria nº 1294 - DESIGNAR, KAR" idOficio="4803879" pubName="DO2" artType="Portaria" pubDate="01/06/2018" artClass="00011:00079:00001:00001:00000:00000:00000:00000:00000:00000:00025:00001" artCategory="Ministério da Educação/Instituto Federal de Educação, Ciência e Tecnologia de Rondônia/Reitoria/Chefia de Gabinete" artSize="8" artNotes="" numberPage="30" pdfPage="http://pesquisa.in.gov.br/imprensa/jsp/visualiza/index.jsp?data=01/06/2018&amp;jornal=529&amp;pagina=30" editionNumber="104" highlightType="" highlightPriority="" highlight="" idMateria="10778838">
  <body>
    <Identifica><![CDATA[ PORTARIA Nº 1.294, DE 22 DE MAIO DE 2018]]></Identifica>
    <Data><![CDATA[]]></Data>
    <Ementa />
    <Titulo />
    <SubTitulo />
    <Texto><![CDATA[<p class="identifica">PORTARIA Nº 1.294, DE 22 DE MAIO DE 2018</p><p>O REITOR SUBSTITUTO DO INSTITUTO FEDERAL DE EDUCAÇÃO, CIÊNCIA E TECNOLOGIA DE RONDÔNIA, no uso de suas atribuições legais que lhe foram conferidas pelo Art. 67 do Regimento Geral do IFRO, considerando a PORTARIA Nº 1082/REIT - CGAB/IFRO, DE 03 DE MAIO DE 2018 e considerando o Memorando nº 102/2018/PVCAL - CGAB/PVCAL - DG/PVCAL(SEI 0249998), resolve:</p><p>Art. 1º Designar, a partir de 01/06/2018, o Professor do Ensino Básico, Técnico e Tecnológico, KARISTON DIAS ALVES, matrícula SIAPE nº 2299111, para exercer a Função de Coordenador do Curso Técnico em Eletrotécnica do Campus Porto Velho Calama/IFRO, código FCC.</p><p>Art. 2º Esta Portaria entra em vigor na data de sua publicação.</p><p class="assina">Carlos Henrique dos Santos</p>]]></Texto>
  </body>
</article></xml>