﻿<xml><article id="3590649" name="PORTARIA APOSENTADORIA.147.2018" idOficio="4801826" pubName="DO2" artType="Portaria" pubDate="08/06/2018" artClass="00017:00026:00024:00000:00000:00000:00000:00000:00000:00000:00025:00001" artCategory="Ministério da Saúde/Secretaria de Atenção à Saúde/Instituto Nacional de Câncer José Alencar Gomes da Silva" artSize="8" artNotes="" numberPage="153" pdfPage="http://pesquisa.in.gov.br/imprensa/jsp/visualiza/index.jsp?data=08/06/2018&amp;jornal=529&amp;pagina=153" editionNumber="109" highlightType="" highlightPriority="" highlight="" idMateria="10774975">
  <body>
    <Identifica><![CDATA[ PORTARIA Nº 147,  DE 21 DE FEVEREIRO 2018]]></Identifica>
    <Data><![CDATA[]]></Data>
    <Ementa />
    <Titulo />
    <SubTitulo />
    <Texto><![CDATA[<p class="identifica">PORTARIA Nº 147, DE 21 DE FEVEREIRO 2018</p><p>A Diretora-Geral do Instituto Nacional de Câncer José Alencar Gomes da Silva, do Ministério da Saúde, no uso de suas atribuições subdelegadas pela Portaria/CGRH/MS nº 1.041 de 30/10/2009, publicada no DOU nº 209, de 03/11/2009, resolve:</p><p>Conceder aposentadoria voluntária, com proventos integrais, a PATRÍCIA WIRZ, matrícula SIAPE nº 241606, ocupante do cargo de Assistente em C&amp;T, NI, classe R, padrão III, do quadro de pessoal do Ministério da Saúde, com fundamento no art. 3º da Emenda Constitucional nº 47/2005. (Processo nº 25410.000005/2018-88).</p><p class="assina">ANA CRISTINA PINHO MENDES PEREIRA</p>]]></Texto>
  </body>
</article></xml>