﻿<xml><article id="3459218" name="ATO PORTARIA Nº 133" idOficio="4799871" pubName="DO2" artType="Portaria" pubDate="01/06/2018" artClass="00038:00049:00001:00000:00000:00000:00000:00000:00000:00000:00025:00001" artCategory="Poder Judiciário/Tribunal Regional do Trabalho da 10ª Região/Presidência" artSize="8" artNotes="" numberPage="101" pdfPage="http://pesquisa.in.gov.br/imprensa/jsp/visualiza/index.jsp?data=01/06/2018&amp;jornal=529&amp;pagina=101" editionNumber="104" highlightType="" highlightPriority="" highlight="" idMateria="10771191">
  <body>
    <Identifica><![CDATA[ PORTARIA Nº 133, DE 21 DE MAIO DE 2018]]></Identifica>
    <Data><![CDATA[]]></Data>
    <Ementa />
    <Titulo />
    <SubTitulo />
    <Texto><![CDATA[<p class="identifica">PORTARIA Nº 133, DE 21 DE MAIO DE 2018</p><p>A DESEMBARGADORA PRESIDENTE DO TRIBUNAL REGIONAL DO TRABALHO DA DÉCIMA REGIÃO, no uso de suas atribuições legais e regimentais, tendo em vista o contido no Processo Administrativo SEI n.º 15.0.000002514-0, resolve:</p><p>Redistribuir, a partir de 1º/6/2018, para o Quadro de Pessoal do Tribunal de Justiça do Distrito Federal e dos Territórios, ante a concordância manifestada por aquela Corte, o cargo vago efetivo de Técnico Judiciário, Área Administrativa, do Quadro de Pessoal do TRT da 10ª Região, oriundo de vacância ocorrida em 24/1/2018, com fundamento no art. 37, da Lei n.º 8.112/1990, na redação dada pela Lei n.º 9.527/1997, e na Resolução Administrativa n.º 084/2010, do TRT da 10ª Região, em reciprocidade com o cargo de Técnico Judiciário, Área Administrativa, daquele Tribunal, ocupado pela servidora Mônica Maria Araújo Lima.</p><p class="assina">MARIA REGINA MACHADO GUIMARÃES</p>]]></Texto>
  </body>
</article></xml>