﻿<xml><article id="3459017" name="Port.ele 242 + 2" idOficio="4799522" pubName="DO2" artType="Portaria" pubDate="01/06/2018" artClass="00017:00002:00035:00002:00005:00000:00000:00000:00000:00000:00025:00003" artCategory="Ministério da Saúde/Secretaria Executiva/Núcleo Estadual em São Paulo/Divisão de Gestão Administrativa/Serviço de Pessoal Inativo" artSize="8" artNotes="" numberPage="55" pdfPage="http://pesquisa.in.gov.br/imprensa/jsp/visualiza/index.jsp?data=01/06/2018&amp;jornal=529&amp;pagina=55" editionNumber="104" highlightType="" highlightPriority="" highlight="" idMateria="10770689">
  <body>
    <Identifica><![CDATA[ Portarias  18 de Maio de 2018]]></Identifica>
    <Data><![CDATA[]]></Data>
    <Ementa />
    <Titulo />
    <SubTitulo />
    <Texto><![CDATA[<p class="identifica">Portarias 18 de Maio de 2018</p><p>O CHEFE DA DIVISÃO DE GESTÃO ADMINISTRATIVA DA COORDENAÇAO GERAL DO NÚCLEO ESTADUAL DO MINISTÉRIO DA SAÚDE NO ESTADO DE SÃO PAULO - no uso da competência que lhe foi subdelegada pela Portaria SAA/SE/MS nº. 1804 de 1/10/2013, publicada no DOU nº. 192, de 03/10/2013, e tendo em vista o que consta nos processos abaixo especificados, resolve:</p><p>Nº 242 - Conceder aposentadoria voluntária ao servidor PAULO ANASTÁCIO, matrícula SIAPE nº 480638, ocupante do cargo de Digitador, nível intermediário, classe "S", padrão III, do Quadro de Pessoal deste Ministério, com fundamento no artigo 40, inciso III, alínea "a", da Constituição Federal, combinado com o artigo 3.°, da Emenda Constitucional n.º 47/05. (Processo nº 25004.001516/2018-08).</p><p>Nº 243- Conceder aposentadoria voluntária ao servidor SAUL SCHAF, matrícula SIAPE nº 595261, ocupante do cargo de Médico, nível superior, classe "S", padrão III, do Quadro de Pessoal deste Ministério, com fundamento no artigo 40, paragrafo, 1º, inciso III, alínea "a", da Constituição Federal, com a redação dada pela Emenda Constitucional n.º 41/03, com proventos calculados com base no artigo 1º da Lei nº 10887/04. (Processo nº 25004.001618/2018-15).</p><p>Nº 244 - Conceder aposentadoria voluntária ao servidor MARIO ROBERTO PICCOLO, matrícula SIAPE nº 594785, ocupante do cargo de Médico, nível superior, classe "S", padrão III, do Quadro de Pessoal deste Ministério, com fundamento no artigo 40, inciso III, alínea "a", da Constituição Federal, combinado com o artigo 3.°, da Emenda Constitucional n.º 47/05. (Processo nº 25004.001011/2018-35).</p><p class="assina">Antônio Afonso Scarpelini</p><p class="identifica">RETIFICAÇÃO</p><p>Na Portaria Nº 215 de 04/05/2018, publicada no DOU nº 86 de 07/07/2018, onde se lê "MARCIA TAKEZAWA OGAWA, leia-se MARCIA TAKEZAWA OGAWA HASHIMOTO" (Processo nº 25004.000971/2018-88).</p>]]></Texto>
  </body>
</article></xml>