﻿<xml><article id="3459125" name="Portaria 372 - LARISSA UCHIDA DE" idOficio="4802864" pubName="DO2" artType="Portaria" pubDate="01/06/2018" artClass="00038:00027:00001:00000:00000:00000:00000:00000:00000:00000:00025:00001" artCategory="Poder Judiciário/Tribunal Regional Eleitoral do Paraná/Presidência" artSize="8" artNotes="" numberPage="97" pdfPage="http://pesquisa.in.gov.br/imprensa/jsp/visualiza/index.jsp?data=01/06/2018&amp;jornal=529&amp;pagina=97" editionNumber="104" highlightType="" highlightPriority="" highlight="" idMateria="10777280">
  <body>
    <Identifica><![CDATA[ PORTARIA Nº 372, DE 24 DE ABRIL DE 2018]]></Identifica>
    <Data><![CDATA[]]></Data>
    <Ementa />
    <Titulo />
    <SubTitulo />
    <Texto><![CDATA[<p class="identifica">PORTARIA Nº 372, DE 24 DE ABRIL DE 2018</p><p>O PRESIDENTE DO TRIBUNAL REGIONAL ELEITORAL DO PARANÁ, usando das atribuições que lhe são conferidas pelo artigo 23, inciso XXV, do Regimento Interno deste Tribunal e com base no art. 37 da Lei n.º 8.112, de 11 de dezembro de 1990, na Resolução TSE n.º 23.563, de 16 de abril de 2018, e no processo administrativo digital n.º 13661/2017, deste Tribunal, resolve:</p><p>Art. 1.º Redistribuir, para o Tribunal Regional do Trabalho da 2.ª Região, o cargo de Analista Judiciário, Área de Atividade Judiciária, ocupado pela servidora LARISSA UCHIDA DE OLIVEIRA, pertencente ao quadro permanente deste Tribunal Regional Eleitoral do Paraná, criado pela Lei n.º 10.842, de 20.02.2004, em reciprocidade com um cargo de Analista Judiciário, Área de Atividade Judiciária, do quadro permanente de pessoal do Tribunal Regional do Trabalho da 2.ª Região, ocupado pela servidora MÁRCIA SAYURI WATANABE CARNELLÓS.</p><p>Art. 2.º A efetivação da redistribuição do cargo ocupado pela servidora LARISSA UCHIDA DE OLIVEIRA, deste Regional, dependerá da redistribuição do cargo de Analista Judiciário, Área Judiciária, ocupado pela servidora MÁRCIA SAYURI WATANABE CARNELLÓS, do quadro permanente de pessoal do Tribunal Regional do Trabalho da 2.ª Região.</p><p>Art. 3.º A servidora MÁRCIA SAYURI WATANABE CARNELLÓS terá até 20 (vinte) dias para a retomada do efetivo desempenho das atribuições do cargo, contados a partir da publicação, com fulcro no artigo 18, da Lei n.º 8.112/90.</p><p>Art. 4.º Não será devida qualquer indenização decorrente do deslocamento da servidora MÁRCIA SAYURI WATANABE CARNELLÓS, nos termos do disposto no art. 36, § 2.º, da Resolução TSE n.º 23.563/2018.</p><p>Art. 5.º Esta portaria entra em vigor a partir da publicação no Diário Oficial da União.</p><p class="assina">Des. LUIZ TARO OYAMA</p>]]></Texto>
  </body>
</article></xml>