﻿<xml><article id="3459695" name="ATO_6164706" idOficio="4809307" pubName="DO2" artType="Ato" pubDate="01/06/2018" artClass="00038:00007:00001:00000:00000:00000:00000:00000:00000:00000:00001:00010" artCategory="Poder Judiciário/Tribunal Regional Federal da 1ª Região/Presidência" artSize="8" artNotes="" numberPage="96" pdfPage="http://pesquisa.in.gov.br/imprensa/jsp/visualiza/index.jsp?data=01/06/2018&amp;jornal=529&amp;pagina=96" editionNumber="104" highlightType="" highlightPriority="" highlight="" idMateria="10789465">
  <body>
    <Identifica><![CDATA[ ATO Nº 6.164.706, DE 25 DE MAIO DE 2018]]></Identifica>
    <Data><![CDATA[]]></Data>
    <Ementa />
    <Titulo />
    <SubTitulo />
    <Texto><![CDATA[<p class="identifica">ATO Nº 6.164.706, DE 25 DE MAIO DE 2018</p><p>O PRESIDENTE DO TRIBUNAL REGIONAL FEDERAL DA 1ª REGIÃO, no uso de suas atribuições legais e tendo em vista o que consta no PAe 0006402-49.2018.4.01.8004, resolve:</p><p>Nomear, nos termos do art. 9º, II, da Lei 8.112/1990, c/c a Lei 8.647/1993, o bacharel em direito AUGUSTO ACIOLY DA CUNHA BARROS, para exercer o Cargo em Comissão, Código CJ-3, de Diretor de Secretaria Administrativa da Sede da Seção Judiciária do Estado da Bahia, em decorrência da exoneração de Manuela Affonso Ferreira Maciel.</p><p class="assina">Des. Fed. CARLOS MOREIRA ALVES</p>]]></Texto>
  </body>
</article></xml>