﻿<xml><article id="3487402" name="Ato de Aposentadoria NILCÉA ROSA" idOficio="4808306" pubName="DO2" artType="Ato" pubDate="04/06/2018" artClass="00038:00056:00000:00000:00000:00000:00000:00000:00000:00000:00001:00001" artCategory="Poder Judiciário/Tribunal Regional do Trabalho da 17ª Região" artSize="8" artNotes="" numberPage="54" pdfPage="http://pesquisa.in.gov.br/imprensa/jsp/visualiza/index.jsp?data=04/06/2018&amp;jornal=529&amp;pagina=54" editionNumber="105" highlightType="" highlightPriority="" highlight="" idMateria="10786973">
  <body>
    <Identifica><![CDATA[ ATO Nº 20 DE 24 DE MAIO DE 2018]]></Identifica>
    <Data><![CDATA[]]></Data>
    <Ementa />
    <Titulo />
    <SubTitulo />
    <Texto><![CDATA[<p class="identifica">ATO Nº 20 DE 24 DE MAIO DE 2018</p><p>O DESEMBARGADOR PRESIDENTE DO TRIBUNAL REGIONAL DO TRABALHO DA DÉCIMA SÉTIMA REGIÃO no uso de suas atribuições legais e regimentais, estabelecidas pelo artigo 42, inciso XXII do Regimento Interno, e à vista do constante do processo TRT-17.ª PAe nº 0003479-64.2017.5.17.0500, resolve:</p><p>Conceder aposentadoria voluntária, com efeitos a contar da publicação deste Ato, à servidora NILCÉA ROSA DE SOUZA BASTIANELLE, no cargo efetivo de Analista Judiciária, Área Administrativa, Classe "C", padrão 13 (último da carreira - Lei n.º 12.774/2012), do quadro permanente de pessoal do Tribunal Regional do Trabalho da 17.ª Região, com fundamento no art. 6.º da Emenda Constitucional n.º 41/2003, c/c artigo 68 da ON MPS/SPS nº 02, de 31.03.2009 - D.O.U. de 02.04.2009, com proventos integrais correspondentes à remuneração do cargo efetivo, formados pelo vencimento básico (art. 40 da Lei n.º 8.112/1990, c/c o artigo 11 da Lei n.º 11.416/2006, com a redação dada pela Lei nº 12.774/2012 e artigo 12 da Lei nº 11.416/2006, com a redação dada pela Lei nº 13.317/2016) e Gratificação Judiciária-GAJ (art. 11 da Lei n.º 11.416/2006, com a redação dada pelo artigo 1.º da Lei n.º 12.774/2012, e art. 13 da Lei n.º 11.416/2006, com a redação dada pela Lei n.º 13.317/2016) acrescidos de 13% (treze por cento) de Adicional por Tempo de Serviço (art. 67 da Lei n.º 8.112/1990, na redação dada pelo art. 1.º da Lei n.º 9.527/1997, combinado com o art. 6.º da Lei n.º 9.624/1998) e VPNI/Quintos-vantagem pessoal nominalmente identificada, decorrente da incorporação de 4/10 (quatro décimos) da função comissionada de Supervisor II, 2/10 (dois décimos) da função comissionada de Supervisor I e 4/10 (quatro décimos) do cargo de Chefe de Serviço, com base no art. 62-A da Lei 8112/90 - adquiridos anteriormente ao ingresso neste Tribunal, quando a interessada era servidora do INSS, no valor já determinado de R$ 492,92; Adicional de Qualificação - Especialização: de 7,5 % (sete vírgula cinco por cento) nos termos dos artigos 14, § 5º e 15, III, da Lei 11.416/2006 e OPÇÃO-vantagem referente a incorporação da função comissionada de Auxiliar Especializado (FC-01), decorrente da opção prevista no artigo 2º da Lei nº 8.911/1994, aos servidores que, até a data de 18 de janeiro de 1995, tenham satisfeito os pressupostos temporais estabelecidos no artigo 193, da Lei 8.112/1990, ainda que sem os requisitos para aposentação em qualquer modalidade, conforme Resolução Administrativa nº 1390, de 12/04/2010 do Egrégio Órgão Especial do Tribunal Superior do Trabalho, assegurada a paridade de vencimentos, nos termos do artigo 2º da Emenda Constitucional n.º 47/2005.</p><p class="assina">MARIO RIBEIRO CANTARINO NETO</p><p></p>]]></Texto>
  </body>
</article></xml>