﻿<xml><article id="3560840" name="Port. NCC - 3333" idOficio="4807980" pubName="DO2" artType="Portaria" pubDate="07/06/2018" artClass="00011:00119:00001:00001:00000:00000:00000:00000:00000:00000:00025:00002" artCategory="Ministério da Educação/Universidade Federal de Minas Gerais/Reitoria/Gabinete" artSize="8" artNotes="" numberPage="28" pdfPage="http://pesquisa.in.gov.br/imprensa/jsp/visualiza/index.jsp?data=07/06/2018&amp;jornal=529&amp;pagina=28" editionNumber="108" highlightType="" highlightPriority="" highlight="" idMateria="10786507">
  <body>
    <Identifica><![CDATA[ PORTARIA Nº 3.333, DE 16 DE MAIO DE 2018]]></Identifica>
    <Data><![CDATA[]]></Data>
    <Ementa />
    <Titulo />
    <SubTitulo />
    <Texto><![CDATA[<p></p><p class="identifica">PORTARIA Nº 3.333, DE 16 DE MAIO DE 2018</p><p>A Reitora da Universidade Federal de Minas Gerais, no uso de atribuição conferida pelo artigo 3º, inciso II do Decreto nº 228, de 11/10/91 e tendo em vista o disposto no artigo 28, inciso V do Estatuto da UFMG, resolve:</p><p>Nomear o servidor ROBERTO MAURÍCIO CARVALHO GUEDES, inscrição UFMG nº 137006, matrícula SIAPE nº 2172613, CPF nº 912.337.556-68, ocupante do cargo de Professor Associado, da carreira de Magistério Superior, lotado na Escola de Veterinária, para exercer o cargo em comissão de Vice-Diretor da Escola de Veterinária, código CD-04, com mandato de 04 (quatro) anos.</p><p class="assina">SANDRA REGINA GOULART ALMEIDA</p>]]></Texto>
  </body>
</article></xml>