﻿<xml><article id="3459209" name="RAIMUNDO NOATO PORTARIA" idOficio="4806903" pubName="DO2" artType="Portaria" pubDate="01/06/2018" artClass="00017:00021:00034:00000:00000:00000:00000:00000:00000:00000:00025:00001" artCategory="Ministério da Saúde/Fundação Nacional de Saúde/Superintendência Estadual no Piauí" artSize="8" artNotes="" numberPage="57" pdfPage="http://pesquisa.in.gov.br/imprensa/jsp/visualiza/index.jsp?data=01/06/2018&amp;jornal=529&amp;pagina=57" editionNumber="104" highlightType="" highlightPriority="" highlight="" idMateria="10784836">
  <body>
    <Identifica><![CDATA[ PORTARIA Nº 3.102, DE 22 DE MAIO DE 2018]]></Identifica>
    <Data><![CDATA[]]></Data>
    <Ementa />
    <Titulo />
    <SubTitulo />
    <Texto><![CDATA[<p class="identifica">PORTARIA Nº 3.102, DE 22 DE MAIO DE 2018</p><p>O SUPERINTENDENTE ESTADUAL DA FUNDAÇÃO NACIONAL DE SAÚDE NO ESTADO DO PIAUÍ, no uso das atribuições que lhe conferem o Artigo 13 do Estatuto da Funasa, aprovado pelo Decreto nº 8.867, de 03/10/2016, publicada no DOU de 04/10/2016, e Portaria de Nomeação nº 566, de 22/07/2016, publicada no DOU 141, de 25/07/2016, e tendo em vista o que consta do processo nº 25235.001.169/2018-91, resolve:</p><p>Art.1º - Aposentar voluntariamente, o servidor RAIMUNDO NONATO DA SILVA, Matrícula SIAPE 0467870, ocupante do cargo de Auxiliar de Serviços Gerais, NI, Classe "S" Padrão III, do Quadro de Pessoal da Fundação Nacional de Saúde, com base no Art. 3º da Emenda Constitucional n° 47/2005.</p><p>Art. 2º - Essa Portaria entra em vigor na data da sua publicação</p><p class="assina">GILBERTO ANTONIO NEVES PEREIRA DA SILVA</p>]]></Texto>
  </body>
</article></xml>