﻿<xml><article id="3459785" name="Dispensa Erika Barradas e Design" idOficio="4809438" pubName="DO2" artType="Portaria" pubDate="01/06/2018" artClass="00038:00058:00001:00000:00000:00000:00000:00000:00000:00000:00001:00002" artCategory="Poder Judiciário/Tribunal Regional do Trabalho da 19ª Região/Presidência" artSize="8" artNotes="" numberPage="102" pdfPage="http://pesquisa.in.gov.br/imprensa/jsp/visualiza/index.jsp?data=01/06/2018&amp;jornal=529&amp;pagina=102" editionNumber="104" highlightType="" highlightPriority="" highlight="" idMateria="10789591">
  <body>
    <Identifica><![CDATA[ PORTARIA Nº 259, DE 21 DE MAIO DE 2018]]></Identifica>
    <Data><![CDATA[]]></Data>
    <Ementa />
    <Titulo />
    <SubTitulo />
    <Texto><![CDATA[<p class="identifica">PORTARIA Nº 259, DE 21 DE MAIO DE 2018</p><p>O DESEMBARGADOR PRESIDENTE DO TRIBUNAL REGIONAL DO TRABALHO DA DÉCIMA NONA REGIÃO, no uso de suas atribuições legais e regimentais estabelecidas no inciso VII do art. 24 do Regimento Interno, e tendo em vista o contido no PROAD nº 3.982, de 21.05.2018, resolve:</p><p>Art. 1º. Dispensar a servidora Erika Barradas Leão, Analista Judiciária, da função comissionada de Assistente de Serviço, de nível FC-3, do Setor de Distribuição de Mandados Judiciais da Coordenadoria de Apoio às Execuções.</p><p>Art. 2º. Designar o servidor Roberto Tenório Cavalcante, Analista Judiciário, para exercer a função comissionada de Assistente de Serviço, de nível FC-3, do Setor de Distribuição de Mandados Judiciais da Coordenadoria de Apoio às Execuções.</p><p>Art. 3º. Os efeitos da presente Portaria vigoram a partir da publicação.</p><p class="assina">PEDRO INÁCIO DA SILVA</p>]]></Texto>
  </body>
</article></xml>