﻿<xml><article id="3459878" name="PortariaSEIASuspensãoPagamentoJu" idOficio="4809354" pubName="DO2" artType="Portaria" pubDate="01/06/2018" artClass="00011:00140:00001:00026:00000:00000:00000:00000:00000:00000:00025:00003" artCategory="Ministério da Educação/Universidade Federal de Uberlândia/Reitoria/Pró-Reitoria de Gestão de Pessoas" artSize="8" artNotes="" numberPage="42" pdfPage="http://pesquisa.in.gov.br/imprensa/jsp/visualiza/index.jsp?data=01/06/2018&amp;jornal=529&amp;pagina=42" editionNumber="104" highlightType="" highlightPriority="" highlight="" idMateria="10789555">
  <body>
    <Identifica><![CDATA[ Portaria Nº 1.250, de 25 de Maio de 2018]]></Identifica>
    <Data><![CDATA[]]></Data>
    <Ementa />
    <Titulo />
    <SubTitulo />
    <Texto><![CDATA[<p class="identifica">Portaria Nº 1.250, de 25 de Maio de 2018</p><p>O Pró-Reitor de Gestão de Pessoas em exercício da Universidade Federal de Uberlândia, no uso de suas atribuições legais conferidas pela Portaria n° 209, de 13 de janeiro de 2017, publicada no Diário Oficial da União de 19 de janeiro de 2017, e resolve:</p><p>Considerando previsão legal no Art. 9ª da Lei nº 9.527, de 10 de dezembro de 1997, Decreto nº 7.862, de 8 de dezembro de 2012, Portaria MP nº 8, de 7 de janeiro de 2013 e Orientação Normativa SEGEP nº 1 publicada no DOU de janeiro de 2013; e</p><p>Em atendimento ao que dispõe o artigo 11º da Orientação Normativa nº 001/SEGEP/MPOG, datada de 02/01/2017, informa que os aposentados abaixo relacionados terão seus vencimentos suspensos a partir da folha de pagamento referente a Maio de 2018</p><p>SIAPE CPF NOME SITUAÇÃO</p><p>5339839 016.169.636-89 RENATA RODRIGUES MATOS PENSIONISTA</p><p class="assina">Renan Billa</p>]]></Texto>
  </body>
</article></xml>