﻿<xml><article id="3459038" name="PORTARIA IN SRFB - 1junho2018" idOficio="4807611" pubName="DO2" artType="Portaria" pubDate="01/06/2018" artClass="00012:00002:00012:00031:00000:00000:00000:00000:00000:00000:00025:00001" artCategory="Ministério da Fazenda/Secretaria Executiva/Subsecretaria de Planejamento, Orçamento e Administração/Superintendência de Administração no Rio Grande do Sul" artSize="8" artNotes="" numberPage="45" pdfPage="http://pesquisa.in.gov.br/imprensa/jsp/visualiza/index.jsp?data=01/06/2018&amp;jornal=529&amp;pagina=45" editionNumber="104" highlightType="" highlightPriority="" highlight="" idMateria="10786105">
  <body>
    <Identifica><![CDATA[ PORTARIAS  DE 24 DE MAIO DE 2018]]></Identifica>
    <Data><![CDATA[]]></Data>
    <Ementa />
    <Titulo />
    <SubTitulo />
    <Texto><![CDATA[<p></p><p class="identifica">PORTARIAS DE 24 DE MAIO DE 2018</p><p>O SUPERINTENDENTE DE ADMINISTRAÇÃO DO MINISTÉRIO DA FAZENDA NO ESTADO DO RIO GRANDE DO SUL, no uso das atribuições delegadas pelo Secretário da Receita Federal, através da Portaria SRF/MF nº 1.671, de 16 de junho de 2005, DOU de 20 de junho de 2005, convalidada pela Portaria SRFB/MF nº 4.071, de 30 de abril de 2007, DOU de 02 de maio de 2007, resolve:</p><p>Nº 215 - Conceder aposentadoria voluntária à servidora Gladis Terezinha Petry Klock, matrículas SIAPECAD nº 8415 e SIAPE nº 148686, ocupante do cargo de Analista Tributário da Receita Federal do Brasil, código 237010, Classe Especial, Padrão III, do Quadro de Pessoal do MF/RS, lotada na Delegacia da Receita Federal do Brasil em Santa Cruz do Sul/RS, com fundamento no art. 3º da Emenda Constitucional nº 47/2005. (Processo 13052.000003/2018-17)</p><p>Nº 216 - Conceder aposentadoria voluntária ao servidor Lauro Thomas, matrículas SIAPECAD nº 805783 e SIAPE nº 539991, ocupante do cargo de TÉcnico do Seguro Social, código 434550, Classe Especial, Padrão IV, do Quadro de Pessoal do MF/RS, lotado na Delegacia da Receita Federal do Brasil em Santa Cruz do Sul/RS, com fundamento no art. 3º da Emenda Constitucional nº 47/2005. (Processo 13052.000004/2018-61)</p><p class="assina">HERNANI MARCHIORETTO DA SILVA</p>]]></Texto>
  </body>
</article></xml>