﻿<xml><article id="3459770" name="TEXTO PUBLICAÇÃO DOU. PORT SAMFP" idOficio="4809401" pubName="DO2" artType="Portaria" pubDate="01/06/2018" artClass="00012:00002:00012:00029:00000:00000:00000:00000:00000:00000:00025:00001" artCategory="Ministério da Fazenda/Secretaria Executiva/Subsecretaria de Planejamento, Orçamento e Administração/Superintendência de Administração no Piauí" artSize="8" artNotes="" numberPage="45" pdfPage="http://pesquisa.in.gov.br/imprensa/jsp/visualiza/index.jsp?data=01/06/2018&amp;jornal=529&amp;pagina=45" editionNumber="104" highlightType="" highlightPriority="" highlight="" idMateria="10789574">
  <body>
    <Identifica><![CDATA[ PORTARIA Nº 28, de 24 de maio de 2018]]></Identifica>
    <Data><![CDATA[]]></Data>
    <Ementa />
    <Titulo />
    <SubTitulo />
    <Texto><![CDATA[<p></p><p class="identifica">PORTARIA Nº 28, de 24 de maio de 2018</p><p>O SUPERINTENDENTE DE ADMINISTRAÇÃO DO MINISTÉRIO DA FAZENDA NO PIAUÍ -SUBSTITUTO no uso de suas atribuições conferidas pelo Artigo 86 da Portaria nº 144 de 27 de abril de 2016, do Ministro de Estado da Fazenda, publicada no D.O.U de 29 de abril de 2016, e considerando o disposto no Artigo 1º da Portaria nº 1671 de 16 de junho de 2005, do Secretário da Receita Federal, e o que consta no processo SEI nº 10384.100302/2018-19, resolve:</p><p>Conceder aposentadoria voluntária com proventos integrais ao servidor PAULO ROBERTO DE LIMA FAGUNDES, matrícula SIAPEcad nº 00880245 - SIAPE nº 1167755, ocupante do cargo de Auditor-Fiscal da Receita Federal do Brasil, código NS - 236010, Classe S, Padrão III, do quadro de pessoal permanente do Ministério da Fazenda, lotado na Delegacia da Receita Federal do Brasil em Teresina-PI, com fundamento no Artigo 3º da Emenda Constitucional nº 47/2005.</p><p class="assina">Sergio Augusto Rodrigues de Oliveira</p>]]></Texto>
  </body>
</article></xml>