﻿<xml><article id="3487648" name="NOMEAÇÕES MAI 5" idOficio="4809507" pubName="DO2" artType="Portaria" pubDate="04/06/2018" artClass="00011:00136:00051:00000:00000:00000:00000:00000:00000:00000:00025:00001" artCategory="Ministério da Educação/Universidade Federal de São Paulo/Pró-Reitoria de Gestão com Pessoas" artSize="8" artNotes="" numberPage="22" pdfPage="http://pesquisa.in.gov.br/imprensa/jsp/visualiza/index.jsp?data=04/06/2018&amp;jornal=529&amp;pagina=22" editionNumber="105" highlightType="" highlightPriority="" highlight="" idMateria="10789705">
  <body>
    <Identifica><![CDATA[ PORTARIA Nº 1.657,  DE 25 DE MAIO DE 2018]]></Identifica>
    <Data><![CDATA[]]></Data>
    <Ementa />
    <Titulo />
    <SubTitulo />
    <Texto><![CDATA[<p></p><p class="identifica">PORTARIA Nº 1.657, DE 25 DE MAIO DE 2018</p><p>O PRÓ-REITOR DE GESTÃO COM PESSOAS DA UNIVERSIDADE FEDERAL DE SÃO PAULO, no uso da competência que lhe foi delegada pela Portaria n° 3.474/2017, publicada no D.O.U. de 12/09/2017, usando das atribuições legais e estatutárias e nos termos do Artigo 9º, Inciso I, combinado com o Artigo 10, da Lei 8.112, de 11/12/90, em conformidade com a Lei nº 11.091, de 12/01/2005 e, Decreto nº 7.232, de 19 de julho de 2010, resolve:</p><p>Nomear CRISTINA MIYAMOTO, em caráter efetivo, em virtude da habilitação em Concurso Público para o Pessoal Técnico Administrativo em Educação, homologado pelo Edital nº 403, de 20/06/2016, publicado no D.O.U. de 23/06/2016, para o cargo de MÉDICO - ÁREA OFTALMOLOGIA, Nível de Classificação E, Nível de Capacitação I, Padrão de Vencimento P31, em regime de 20 (vinte) horas semanais, código da vaga nº 0771006. Origem da vaga: Exoneração de Camila Viana Arrais Gois Sales. D.O.U. de 07/12/2017. A posse deverá ocorrer no prazo de 30 (trinta) dias a partir da publicação deste ato.</p><p class="assina">MURCHED OMAR TAHA</p>]]></Texto>
  </body>
</article></xml>