﻿<xml><article id="3590607" name="Ato 212-2018" idOficio="4809413" pubName="DO2" artType="Ato Concessório" pubDate="08/06/2018" artClass="00038:00047:00001:00000:00000:00000:00000:00000:00000:00000:00001:00001" artCategory="Poder Judiciário/Tribunal Regional do Trabalho da 8ª Região/Gabinete da Presidência" artSize="8" artNotes="" numberPage="177" pdfPage="http://pesquisa.in.gov.br/imprensa/jsp/visualiza/index.jsp?data=08/06/2018&amp;jornal=529&amp;pagina=177" editionNumber="109" highlightType="" highlightPriority="" highlight="" idMateria="10789586">
  <body>
    <Identifica><![CDATA[ ATO Nº 212, DE 16 DE MAIO DE 2018]]></Identifica>
    <Data><![CDATA[]]></Data>
    <Ementa />
    <Titulo />
    <SubTitulo />
    <Texto><![CDATA[<p class="identifica">ATO Nº 212, DE 16 DE MAIO DE 2018</p><p>A DESEMBARGADORA PRESIDENTE DO TRIBUNAL REGIONAL DO TRABALHO DA OITAVA REGIÃO, no uso de suas atribuições legais, e CONSIDERANDO o que consta do Processo Administrativo Eletrônico TRT8ª n° 1765/2018, resolve:</p><p>CONCEDER APOSENTADORIA ao servidor PAULO SÉRGIO DE SOUZA com fundamento no artigo 3º, da Emenda Constitucional nº 47/2005, no cargo de Técnico Judiciário, Área Administrativa, Classe C, Padrão 13, do Quadro Permanente do Tribunal Regional do Trabalho da Oitava Região, com PROVENTOS INTEGRAIS correspondentes à remuneração do servidor no cargo efetivo, qual seja, a estabelecida nos artigos 12 e 13 da Lei nº 11.416/2006, com as alterações decorrentes da Lei nº 13.317/2016, acrescida do adicional por tempo de serviço de 19% (dezenove por cento) adquirido antes de 8 de março de 1999, anteriormente previsto nos artigos 61, inciso III, e 67 da Lei nº 8.112/1990, com a observância das alterações introduzidas pela Medida Provisória nº 2.225-45/2001, bem como do Adicional de Qualificação de 7,5% (sete e meio por cento) previsto nos artigos 14 e 15, III da Lei nº 11.416/2006, com as alterações decorrentes da Lei nº 13.317/2016, além da Vantagem Pessoal Nominalmente Identificada de 10 (dez) décimos de Função Comissionada FC-5, conforme art. 62-A da Lei nº 8.112/1990, com a observância da Medida Provisória nº 2.225-45/2001.</p><p class="assina">SUZY ELIZABETH CAVALCANTE KOURY</p>]]></Texto>
  </body>
</article></xml>