﻿<xml><article id="3590655" name="DOU02_ATO_050_051_2018_GDJA" idOficio="4805776" pubName="DO2" artType="Ato" pubDate="08/06/2018" artClass="00038:00059:00001:00000:00000:00000:00000:00000:00000:00000:00001:00001" artCategory="Poder Judiciário/Tribunal Regional do Trabalho da 20ª Região/Presidência" artSize="8" artNotes="" numberPage="178" pdfPage="http://pesquisa.in.gov.br/imprensa/jsp/visualiza/index.jsp?data=08/06/2018&amp;jornal=529&amp;pagina=178" editionNumber="109" highlightType="" highlightPriority="" highlight="" idMateria="10782391">
  <body>
    <Identifica><![CDATA[ ATOS DE 23 DE MAIO DE 2018]]></Identifica>
    <Data><![CDATA[]]></Data>
    <Ementa />
    <Titulo />
    <SubTitulo />
    <Texto><![CDATA[<p class="identifica">ATOS DE 23 DE MAIO DE 2018</p><p>A DESEMBARGADORA MARIA DAS GRAÇAS MONTEIRO MELO, NO EXERCÍCIO REGIMENTAL DA PRESIDÊNCIA DO TRIBUNAL REGIONAL DO TRABALHO DA 20ª REGIÃO, e de suas atribuições legais e regimentais, considerando o contido no PROAD nº 32010/2018, resolve:</p><p>Nº 50 - Exonerar, com efeitos a contar de 8/6/2018, o Bacharel em Direito JORGE LUIZ INÁCIO OLIVEIRA, Técnico Judiciário - Área Administrativa do Quadro Permanente de Pessoal da Secretaria deste Tribunal, do cargo em comissão de ASSESSOR DE DESEMBARGADOR (CJ-3) do Gabinete do Exmo. Desembargador Jorge Antônio Andrade Cardoso.</p><p>A DESEMBARGADORA MARIA DAS GRAÇAS MONTEIRO MELO, NO EXERCÍCIO REGIMENTAL DA PRESIDÊNCIA DO TRIBUNAL REGIONAL DO TRABALHO DA 20ª REGIÃO, e de suas atribuições legais e regimentais, considerando o contido no PROAD nº 32010/2018, resolve:</p><p>Nº 51 - Nomear, com efeitos a contar de 8/6/2018, a Bacharela em Direito KEISE DENISE FREITAS DE OLIVEIRA BONITO, Técnico Judiciário - Área Administrativa do Quadro Permanente de Pessoal da Secretaria deste Tribunal, para exercer o cargo em comissão de ASSESSOR DE DESEMBARGADOR (CJ-3) do Gabinete do Exmo. Desembargador Jorge Antônio Andrade Cardoso.</p><p class="assina">MARIA DAS GRAÇAS MONTEIRO MELO</p>]]></Texto>
  </body>
</article></xml>