﻿<xml><article id="3459089" name="Portarias 298 - publicada em 01-" idOficio="4805825" pubName="DO2" artType="Portaria" pubDate="01/06/2018" artClass="00011:00033:00001:00001:00000:00000:00000:00000:00000:00000:00025:00002" artCategory="Ministério da Educação/Fundação Universidade Federal de Ouro Preto/Reitoria/Gabinete do Reitor" artSize="8" artNotes="" numberPage="21" pdfPage="http://pesquisa.in.gov.br/imprensa/jsp/visualiza/index.jsp?data=01/06/2018&amp;jornal=529&amp;pagina=21" editionNumber="104" highlightType="" highlightPriority="" highlight="" idMateria="10782497">
  <body>
    <Identifica><![CDATA[ PORTARIA   Nº 298, DE 23 DE MAIO DE 2018]]></Identifica>
    <Data><![CDATA[]]></Data>
    <Ementa />
    <Titulo />
    <SubTitulo />
    <Texto><![CDATA[<p></p><p></p><p class="identifica">PORTARIA Nº 298, DE 23 DE MAIO DE 2018</p><p>O Vice-Reitor, no exercício do cargo de Reitor da Universidade Federal de Ouro Preto, no uso de suas atribuições legais, conferidas pela Portaria nº 158 de 21 de fevereiro de 2017, publicada no Diário Oficial da União nº 43, de 03 de março de 2017,</p><p>Considerando o Processo UFOP Nº 23109.002825/2018-93, resolve:</p><p>Art. 1º - Conceder aposentadoria voluntária ao servidor GERALDO VITOR HONORATO, matrícula SIAPE nº. 0.418.190, código de vaga nº. 327859, ocupante do cargo de Pedreiro, Classe B, Nível de Capacitação 04, Padrão de Vencimento 16, do quadro de pessoal permanente desta Instituição, com proventos integrais, com fundamento no Artigo 3º da Emenda Constitucional nº 47, de 05 de julho de 2005.</p><p>Art. 2º - Declarar vago o cargo ocupado pelo servidor.</p><p class="assina">Hermínio Arias Nalini Júnior</p><p></p>]]></Texto>
  </body>
</article></xml>