﻿<xml><article id="3532201" name="CESSAR_EFEITOS_DOU_24_05_18_AMEL" idOficio="4809175" pubName="DO2" artType="Portaria" pubDate="06/06/2018" artClass="00038:00040:00001:00001:00000:00000:00000:00000:00000:00000:00025:00001" artCategory="Poder Judiciário/Tribunal Regional do Trabalho da 1ª Região/Presidência/Gabinete da Presidência" artSize="8" artNotes="" numberPage="59" pdfPage="http://pesquisa.in.gov.br/imprensa/jsp/visualiza/index.jsp?data=06/06/2018&amp;jornal=529&amp;pagina=59" editionNumber="107" highlightType="" highlightPriority="" highlight="" idMateria="10789173">
  <body>
    <Identifica><![CDATA[ PORTARIA Nº 559, de 9 de maio de 2018 ]]></Identifica>
    <Data><![CDATA[]]></Data>
    <Ementa />
    <Titulo />
    <SubTitulo />
    <Texto><![CDATA[<p class="identifica">PORTARIA Nº 559, de 9 de maio de 2018</p><p>O PRESIDENTE DO TRIBUNAL REGIONAL DO TRABALHO DA PRIMEIRA REGIÃO, no uso de suas atribuições legais e regimentais, e tendo em vista o contido no PROAD nº 1425/2017, resolve:</p><p>I-Cessar os efeitos da Portaria nº 851/2014-SEP, publicada no DOU, Seção 2, de 2/6/2014, que removeu para o Tribunal Regional do Trabalho da Segunda Região, o Técnico Judiciário - Área Administrativa, AMÉLIO CORDIER DOS SANTOS NETO, do Quadro de Pessoal deste Tribunal;</p><p>II-Redistribuir, com fundamento no art. 37 da Lei nº 8.112, de 11 de dezembro de 1990, o cargo da Carreira de Técnico Judiciário - Área Administrativa, Classe A, Padrão 5, do Quadro de Pessoal deste Tribunal, ocupado pelo servidor, AMÉLIO CORDIER DOS SANTOS NETO, para o Quadro de Pessoal do Tribunal Regional do Trabalho da Segunda Região, em reciprocidade com o cargo da Carreira de Técnico Judiciário - Área Administrativa, do Quadro de Pessoal do Tribunal Regional do Trabalho da Segunda Região, ocupado pelo servidor MARIANNE COELHO LOPES DA SILVA PINTO;</p><p>III-Esta portaria entra em vigor a partir de 6 de junho de 2018.</p><p class="assina">Des. FERNANDO ANTONIO ZORZENON DA SILVA</p>]]></Texto>
  </body>
</article></xml>