﻿<xml><article id="3459167" name="Portaria Myrian Falkenbach Olint" idOficio="4806110" pubName="DO2" artType="Portaria" pubDate="01/06/2018" artClass="00038:00031:00000:00000:00000:00000:00000:00000:00000:00000:00025:00001" artCategory="Poder Judiciário/Tribunal Regional Eleitoral do Rio Grande do Sul" artSize="8" artNotes="" numberPage="98" pdfPage="http://pesquisa.in.gov.br/imprensa/jsp/visualiza/index.jsp?data=01/06/2018&amp;jornal=529&amp;pagina=98" editionNumber="104" highlightType="" highlightPriority="" highlight="" idMateria="10782848">
  <body>
    <Identifica><![CDATA[ PORTARIA  Nº 133, DE 23 DE MAIO DE 2018]]></Identifica>
    <Data><![CDATA[]]></Data>
    <Ementa />
    <Titulo />
    <SubTitulo />
    <Texto><![CDATA[<p class="identifica">PORTARIA Nº 133, DE 23 DE MAIO DE 2018</p><p>O DESEMBARGADOR Carlos Cini Marchionatti, Presidente do Tribunal Regional Eleitoral do Rio Grande do Sul, no uso de suas atribuições legais e com fundamento no artigo 16, inciso VIII, do Regimento Interno do Tribunal, resolve:</p><p>Aposentar a servidora MYRIAN FALKENBACH OLINTO, voluntariamente e com proventos integrais, no cargo de Analista Judiciário, Área de Atividade Administrativa, Classe C, Padrão 13, do Quadro de Pessoal deste Tribunal, com fundamento nos artigos 6º e 7º da Emenda Constitucional n. 41, de 19 de dezembro de 2003, combinado com o artigo 2º da Emenda Constitucional n. 47, de 5 de julho de 2005, e DECLARAR VAGO o referido cargo com base no artigo 33, inciso VII, da Lei n. 8.112/1990.</p><p class="assina">CARLOS CINI MARCHIONATTI</p>]]></Texto>
  </body>
</article></xml>