﻿<xml><article id="3459176" name="PTs 215 - APOSENTADORIA JOSÉ ANT" idOficio="4807593" pubName="DO2" artType="Portaria" pubDate="01/06/2018" artClass="00017:00002:00019:00008:00000:00000:00000:00000:00000:00000:00025:00001" artCategory="Ministério da Saúde/Secretaria Executiva/Núcleo Estadual em Goiás/Serviço de Gestão Administrativa" artSize="8" artNotes="" numberPage="53" pdfPage="http://pesquisa.in.gov.br/imprensa/jsp/visualiza/index.jsp?data=01/06/2018&amp;jornal=529&amp;pagina=53" editionNumber="104" highlightType="" highlightPriority="" highlight="" idMateria="10786115">
  <body>
    <Identifica><![CDATA[ PORTARIA Nº 213, DE 10 DE MAIO DE 2018]]></Identifica>
    <Data><![CDATA[]]></Data>
    <Ementa />
    <Titulo />
    <SubTitulo />
    <Texto><![CDATA[<p class="identifica">PORTARIA Nº 213, DE 10 DE MAIO DE 2018</p><p>A CHEFE DO SERVIÇO DE GESTÃO ADMINISTRATIVA DO NÚCLEO ESTADUAL DO MINISTÉRIO DA SAÚDE EM GOIÁS, no uso de suas atribuições conferidas pela Portaria n.º 2.216/GM/MS de 01.10.2013, publicada no DOU nº 191 de 02.10.2013 e Portaria nº 1.804/SAA/SE/MS, de 01.10.2013, publicada no DOU nº 192 de 03.10.2013, resolve:</p><p>Conceder Pensão à LUZELITA DIMAS DE ANDRADE - cônjuge do ex-servidor DIVINO CARVALHO DE ANDRADE, matrícula no SIAPE nº 0494662, Agente de Saúde Pública, Classe "S", Padrão III do Nível Intermediário - falecido em 05.05.2018, a contar da data do óbito, com fundamento no Artigo 215 combinado com o Art. 217, incisos I da Lei 8.112/90, alterado pela Lei 13.135/15, combinado com a EC-41/03 e Lei 10.887/04. (Processo 25005.001527/2018-70).</p><p class="assina">MARLI SOREL DE ARAÚJO GONÇALVES</p><p class="identifica">PORTARIA Nº 215, DE 11 DE MAIO DE 2018</p><p>A CHEFE DO SERVIÇO DE GESTÃO ADMINISTRATIVA DO NÚCLEO ESTADUAL DO MINISTÉRIO DA SAÚDE EM GOIÁS, no uso de suas atribuições conferidas pela Portaria n.º 2.216/GM/MS de 01.10.2013, publicada no DOU nº 191 de 02.10.2013 e Portaria nº 1.804/SAA/SE/MS, de 01.10.2013, publicada no DOU nº 192 de 03.10.2013, resolve:</p><p>Conceder aposentadoria voluntária integral a JOSÉ ANTÔNIO MARQUES, matrícula no SIAPE nº 0494929, Agente de Saúde Pública, Classe S, Padrão III, do Nível Intermediário, na forma do Artigo 3º da Emenda Constitucional nº 47/05, com proventos mensais integrais e demais vantagens inerentes ao cargo, (Processo n.º 25005.001229/2018-80).</p><p class="assina">MARLI SOREL DE ARAÚJO GONÇALVES</p>]]></Texto>
  </body>
</article></xml>