﻿<xml><article id="3459200" name="PUBLICAR-1-JUNHO---DOU 2-PR-1PT-" idOficio="4806574" pubName="DO2" artType="Portaria" pubDate="01/06/2018" artClass="00034:00007:00037:00000:00000:00000:00000:00000:00000:00000:00025:00001" artCategory="Ministério Público da União/Ministério Público Federal/Procuradoria da República no Estado do Paraná" artSize="8" artNotes="" numberPage="83" pdfPage="http://pesquisa.in.gov.br/imprensa/jsp/visualiza/index.jsp?data=01/06/2018&amp;jornal=529&amp;pagina=83" editionNumber="104" highlightType="" highlightPriority="" highlight="" idMateria="10783650">
  <body>
    <Identifica><![CDATA[ PORTARIA Nº 359, DE 9 DE MAIO DE 2018]]></Identifica>
    <Data><![CDATA[]]></Data>
    <Ementa />
    <Titulo />
    <SubTitulo />
    <Texto><![CDATA[<p class="identifica">PORTARIA Nº 359, DE 9 DE MAIO DE 2018</p><p>A PROCURADORA-CHEFE DA PROCURADORIA DA REPÚBLICA NO ESTADO DO PARANÁ, no uso das atribuições conferidas pelo art. 33 e incisos do Regimento Interno do Ministério Público Federal (aprovado pela Portaria SG/MPF Nº 382, de 05 de maio de 2015), resolve:</p><p>1-Dispensar ROGERIO ADAMI, matrícula 6753-9, Técnico do MPU/Administração, da função de Chefe do Núcleo de Manutenção e Serviços Gerais, FC-3, da Procuradoria da República no Estado do Paraná.</p><p>2-Designar EDSON CANDIDO DO ROSARIO, matrícula 6307-0, Técnico do MPU/Administração, para exercer a função de Chefe do Núcleo de Manutenção e Serviços Gerais, FC-3, da Procuradoria da República no Estado do Paraná.</p><p class="assina">PAULA CRISTINA CONTI THA</p>]]></Texto>
  </body>
</article></xml>