﻿<xml><article id="3459722" name="PortariaSEIAposentadoriaNeirton" idOficio="4809547" pubName="DO2" artType="Portaria" pubDate="01/06/2018" artClass="00011:00140:00001:00026:00000:00000:00000:00000:00000:00000:00025:00002" artCategory="Ministério da Educação/Universidade Federal de Uberlândia/Reitoria/Pró-Reitoria de Gestão de Pessoas" artSize="8" artNotes="" numberPage="42" pdfPage="http://pesquisa.in.gov.br/imprensa/jsp/visualiza/index.jsp?data=01/06/2018&amp;jornal=529&amp;pagina=42" editionNumber="104" highlightType="" highlightPriority="" highlight="" idMateria="10789766">
  <body>
    <Identifica><![CDATA[ Portaria Nº 1.234, de 25 de Maio de 2018]]></Identifica>
    <Data><![CDATA[]]></Data>
    <Ementa />
    <Titulo />
    <SubTitulo />
    <Texto><![CDATA[<p class="identifica">Portaria Nº 1.234, de 25 de Maio de 2018</p><p>O Pró-Reitor de Gestão de Pessoas em exercício da Universidade Federal de Uberlândia, no uso de suas atribuições legais conferidas pela Portaria n° 209, de 13 de janeiro de 2017, publicada no Diário Oficial da União de 19 de janeiro de 2017, e resolve:</p><p>Art. 1º - Conceder a Neirton Ângelo da Silva, matrícula SIAPE nº 1123570, código de vaga nº 708860, ocupante do cargo de Médico-Área, Nível de Classificação E, Nível de Capacitação 1, Padrão de Vencimento 14, do Quadro Permanente desta Universidade, aposentadoria voluntária com base no art. 40, § 1º, inciso III, alínea "B" da CF, com redação dada pela EC nº 41/03. Os proventos serão calculados com base no art. 1º da Lei 10.887/04.</p><p>Art. 2º - Esta portaria entra em vigor na data de sua publicação, revogadas as disposições em contrário.</p><p class="assina">Renan Billa</p>]]></Texto>
  </body>
</article></xml>