﻿<xml><article id="3458975" name="2018-05-24; PORTARIA; 01-06-2018" idOficio="4805960" pubName="DO2" artType="Portaria" pubDate="01/06/2018" artClass="00011:00072:00001:00000:00000:00000:00000:00000:00000:00000:00025:00001" artCategory="Ministério da Educação/Instituto Federal de Educação, Ciência e Tecnologia da Paraíba/Reitoria" artSize="8" artNotes="" numberPage="28" pdfPage="http://pesquisa.in.gov.br/imprensa/jsp/visualiza/index.jsp?data=01/06/2018&amp;jornal=529&amp;pagina=28" editionNumber="104" highlightType="" highlightPriority="" highlight="" idMateria="10782660">
  <body>
    <Identifica><![CDATA[ PORTARIA Nº 1.201, DE 22 DE MAIO 2018]]></Identifica>
    <Data><![CDATA[]]></Data>
    <Ementa />
    <Titulo />
    <SubTitulo />
    <Texto><![CDATA[<p class="identifica">PORTARIA Nº 1.201, DE 22 DE MAIO 2018</p><p>O Reitor do Instituto Federal de Educação, Ciência e Tecnologia da Paraíba, nomeado pelo Decreto Presidencial de 12-08-2014, publicado no Diário Oficial da União em 13-08-2014 no uso de suas atribuições legais, e considerando o que consta do Processo nº 23326.005888.2018-37, resolve,</p><p>I - conceder aposentadoria voluntária, com proventos integrais, a servidora MARINALVA FIRMINO FERREIRA, matrícula 1096740, no cargo de Professor do Ensino Básico, Técnico e Tecnológico, na Classe D IV 2, do Quadro Permanente deste Instituto, Campus João Pessoa, com fundamento no artigo 6º da Emenda Constitucional nº 41/2003, c/c o art. 40, § 5º da CF/1988,(Redação dada pela EC 20/1998), acrescidos do Adicional de Tempo de Serviço no percentual de 4% (quatro por cento) e demais vantagens e gratificações adquiridas;</p><p>II - declarar vago o referido cargo.</p><p class="assina">CÍCERO NICÁCIO DO NASCIMENTO LOPES</p>]]></Texto>
  </body>
</article></xml>