﻿<xml><article id="3487606" name="PORTARIA APOSENTADORIA.362.2018" idOficio="4807842" pubName="DO2" artType="Portaria" pubDate="04/06/2018" artClass="00017:00026:00024:00000:00000:00000:00000:00000:00000:00000:00025:00001" artCategory="Ministério da Saúde/Secretaria de Atenção à Saúde/Instituto Nacional de Câncer José Alencar Gomes da Silva" artSize="8" artNotes="" numberPage="31" pdfPage="http://pesquisa.in.gov.br/imprensa/jsp/visualiza/index.jsp?data=04/06/2018&amp;jornal=529&amp;pagina=31" editionNumber="105" highlightType="" highlightPriority="" highlight="" idMateria="10786347">
  <body>
    <Identifica><![CDATA[ PORTARIA   Nº 362, de DE 23 DE MAIO 2018]]></Identifica>
    <Data><![CDATA[]]></Data>
    <Ementa />
    <Titulo />
    <SubTitulo />
    <Texto><![CDATA[<p class="identifica">PORTARIA Nº 362, de DE 23 DE MAIO 2018</p><p>A Diretora-Geral do Instituto Nacional de Câncer José Alencar Gomes da Silva, do Ministério da Saúde, no uso de suas atribuições subdelegadas pela Portaria/CGRH/MS nº 1.041 de 30/10/2009, publicada no DOU nº 209, de 03/11/2009, resolve:</p><p>Conceder aposentadoria voluntária, com proventos integrais, a MARIA TEREZA DE BARROS FERREIRA, matrícula SIAPE nº 241374, ocupante do cargo de Técnico, NI, classe M, padrão III, do quadro de pessoal do Ministério da Saúde, com fundamento no art. 3º da Emenda Constitucional nº 47/2005. (Processo nº 25410.004756/2018-64).</p><p></p><p class="assina">ANA CRISTINA PINHO MENDES PEREIRA</p><p></p>]]></Texto>
  </body>
</article></xml>