﻿<xml><article id="3459833" name="PORTARIAS CENTRO 2017 - II - DOU" idOficio="4809371" pubName="DO2" artType="Portaria" pubDate="01/06/2018" artClass="00011:00135:00006:00000:00000:00000:00000:00000:00000:00000:00025:00001" artCategory="Ministério da Educação/Universidade Federal de Santa Maria/Centro de Ciências Sociais e Humanas" artSize="8" artNotes="" numberPage="41" pdfPage="http://pesquisa.in.gov.br/imprensa/jsp/visualiza/index.jsp?data=01/06/2018&amp;jornal=529&amp;pagina=41" editionNumber="104" highlightType="" highlightPriority="" highlight="" idMateria="10789543">
  <body>
    <Identifica><![CDATA[ PORTARIA Nº 130, DE 28 DE MAIO DE 2018]]></Identifica>
    <Data><![CDATA[]]></Data>
    <Ementa />
    <Titulo />
    <SubTitulo />
    <Texto><![CDATA[<p class="identifica">PORTARIA Nº 130, DE 28 DE MAIO DE 2018</p><p>O DIRETOR DO CENTRO DE CIÊNCIAS SOCIAIS E HUMANAS, da Universidade Federal de Santa Maria, no uso de suas atribuições legais e estatutárias e competência delegada pelo Magnífico Reitor desta Universidade, através da Portaria n. 55.927, de 29 de setembro de 2009, resolve:</p><p>DESIGNAR DANILO RIBAS BARBIERO, SIAPE 3620777, ocupante do cargo de Professor de 3º Grau, do Quadro Único de Pessoal da UFSM, para exercer a Função de Coordenador do Curso de Arquivologia, Código FCC.053 (FUC-0001), para um mandato de dois anos, a partir da publicação no Diário Oficial.</p><p class="assina">MAURI LEODIR LÖBLER.</p>]]></Texto>
  </body>
</article></xml>