﻿<xml><article id="3459098" name="trt9a105-2018 DIDAF 71" idOficio="4805171" pubName="DO2" artType="Portaria" pubDate="01/06/2018" artClass="00038:00048:00001:00001:00017:00000:00000:00000:00000:00000:00025:00001" artCategory="Poder Judiciário/Tribunal Regional do Trabalho da 9ª Região/Tribunal Pleno/Presidência/Coordenadoria de Dados Funcionais" artSize="8" artNotes="" numberPage="101" pdfPage="http://pesquisa.in.gov.br/imprensa/jsp/visualiza/index.jsp?data=01/06/2018&amp;jornal=529&amp;pagina=101" editionNumber="104" highlightType="" highlightPriority="" highlight="" idMateria="10781560">
  <body>
    <Identifica><![CDATA[ PORTARIA Nº 71, DE 23 DE MAIO DE 2018]]></Identifica>
    <Data><![CDATA[]]></Data>
    <Ementa />
    <Titulo />
    <SubTitulo />
    <Texto><![CDATA[<p class="identifica">PORTARIA Nº 71, DE 23 DE MAIO DE 2018</p><p>O CHEFE DA DIVISÃO DE DADOS FUNCIONAIS DO TRIBUNAL REGIONAL DO TRABALHO DA 9ª REGIÃO, usando de suas atribuições legais, e diante do disposto nos DES ADG 2661/2016 e DES GABSGP 1175/2016, resolve:</p><p>I - designar JOSÉ LUIZ CARTOLARI, Técnico Judiciário Área Administrativa Especialidade Segurança, classe C, padrão 13, para EXERCER o Cargo em Comissão de Chefe de Divisão (c-10072), código TRT 9ª CJ-1, da Divisão de Projetos e Planejamento, a partir da data da publicação (Documento Eletrônico nº 1/2018);</p><p>II - dispensar ARNALDO NASCIMENTO DE SOUZA, Analista Judiciário Área Apoio Especializado Especialidade Engenharia (Civil), classe C, padrão 11, do Cargo em Comissão de Chefe de Divisão (c-10072), código TRT 9ª CJ-1, da Divisão de Projetos e Planejamento, a partir da data de publicação (Documento Eletrônico nº 1/2018).</p><p class="assina">FERNANDO CESAR BELINCANTA</p>]]></Texto>
  </body>
</article></xml>