﻿<xml><article id="3459860" name="Portarias nº 90 e 91" idOficio="4808538" pubName="DO2" artType="Portaria" pubDate="01/06/2018" artClass="00012:00002:00012:00015:00000:00000:00000:00000:00000:00000:00025:00001" artCategory="Ministério da Fazenda/Secretaria Executiva/Subsecretaria de Planejamento, Orçamento e Administração/Superintendência de Administração na Bahia" artSize="8" artNotes="" numberPage="43" pdfPage="http://pesquisa.in.gov.br/imprensa/jsp/visualiza/index.jsp?data=01/06/2018&amp;jornal=529&amp;pagina=43" editionNumber="104" highlightType="" highlightPriority="" highlight="" idMateria="10787407">
  <body>
    <Identifica><![CDATA[ PORTARIA Nº 90, DE 21 DE MAIO DE 2018]]></Identifica>
    <Data><![CDATA[]]></Data>
    <Ementa />
    <Titulo />
    <SubTitulo />
    <Texto><![CDATA[<p></p><p class="identifica">PORTARIA Nº 90, DE 21 DE MAIO DE 2018</p><p>O SUPERINTENDENTE DE ADMINISTRAÇÃO DO MINISTÉRIO DA FAZENDA NO ESTADO DA BAHIA, no uso de suas atribuições, conferidas pelo art. 86, da Portaria Ministerial n° 144, de 27/04/2016, publicada no Diário Oficial da União de 29/04/2016, resolve:</p><p>Conceder aposentadoria voluntária integral a servidora CARLA RANGEL DE FARIA, ocupante do cargo de Auditor-Fiscal da Receita Federal do Brasil, Classe S, Padrão III, matrícula SIAPE nº 0913860, e SIAPECAD nº 00847073 do Quadro Permanente do Ministério da Fazenda, com fundamento legal no artigo 3º da Emenda Constitucional nº 47/2005 . Processo nº 10507.720159/2018-34</p><p></p><p class="assina">Etevaldo Inácio Oliveira Carneiro</p><p class="identifica">PORTARIA Nº 91, DE 21 DE MAIO DE 2018</p><p>O SUPERINTENDENTE DE ADMINISTRAÇÃO DO MINISTÉRIO DA FAZENDA NO ESTADO DA BAHIA, no uso de suas atribuições, conferidas pelo art. 86, da Portaria Ministerial n° 144, de 27/04/2016, publicada no Diário Oficial da União de 29/04/2016, e por Delegação de Competência, delegada através da Portaria SRF nº 1.671, de 16/06/2005, publicada no DOU de 20/06/2005, resolve:</p><p>Conceder aposentadoria voluntária integral a servidora ERLY MOREIRA, ocupante do cargo de Auditor-Fiscal da Receita Federal do Brasil, Classe S, Padrão III, matrícula SIAPE nº 01228378, e SIAPECAD nº 0633929, do Quadro Permanente do Ministério da Fazenda, com fundamento legal no artigo 6º inciso I, II, III e IV da Emenda Constitucional nº 41/2003. - Processo nº 10507.720164/2018-47.</p><p class="assina">Etevaldo Inácio Oliveira Carneiro</p>]]></Texto>
  </body>
</article></xml>