﻿<xml><article id="3459776" name="ATO_6164622" idOficio="4809307" pubName="DO2" artType="Ato" pubDate="01/06/2018" artClass="00038:00007:00001:00000:00000:00000:00000:00000:00000:00000:00001:00008" artCategory="Poder Judiciário/Tribunal Regional Federal da 1ª Região/Presidência" artSize="8" artNotes="" numberPage="96" pdfPage="http://pesquisa.in.gov.br/imprensa/jsp/visualiza/index.jsp?data=01/06/2018&amp;jornal=529&amp;pagina=96" editionNumber="104" highlightType="" highlightPriority="" highlight="" idMateria="10789463">
  <body>
    <Identifica><![CDATA[ ATO Nº 6.164.622, DE 25 DE MAIO DE 2018]]></Identifica>
    <Data><![CDATA[]]></Data>
    <Ementa />
    <Titulo />
    <SubTitulo />
    <Texto><![CDATA[<p class="identifica">ATO Nº 6.164.622, DE 25 DE MAIO DE 2018</p><p>O PRESIDENTE DO TRIBUNAL REGIONAL FEDERAL DA 1ª REGIÃO, no uso de suas atribuições legais e regimentais e tendo em vista o constante nos autos do PAe 0006402-49.2018.4.01.8004, resolve:</p><p>Exonerar, a partir de 1º/06/2018, nos termos do artigo 35, inciso I, da Lei n° 8.112/90, o bacharel em Direito AUGUSTO ACIOLY DA CUNHA BARROS, do cargo em comissão, Código CJ-03, de Diretor de Secretaria da 5ª Vara Federal da Sede da Seção Judiciária do Estado da Bahia.</p><p class="assina">Des. Fed. CARLOS MOREIRA ALVES</p>]]></Texto>
  </body>
</article></xml>