﻿<xml><article id="3487495" name="849.2018 - Marisa Marcondes Mont" idOficio="4805194" pubName="DO2" artType="Portaria" pubDate="04/06/2018" artClass="00034:00008:00001:00000:00000:00000:00000:00000:00000:00000:00025:00001" artCategory="Ministério Público da União/Ministério Público do Trabalho/Procuradoria-Geral/Gabinete do Procurador Geral" artSize="8" artNotes="" numberPage="46" pdfPage="http://pesquisa.in.gov.br/imprensa/jsp/visualiza/index.jsp?data=04/06/2018&amp;jornal=529&amp;pagina=46" editionNumber="105" highlightType="" highlightPriority="" highlight="" idMateria="10781585">
  <body>
    <Identifica><![CDATA[ PORTARIA Nº 849, DE 21 DE MAIO DE 2018]]></Identifica>
    <Data><![CDATA[]]></Data>
    <Ementa />
    <Titulo />
    <SubTitulo />
    <Texto><![CDATA[<p class="identifica">PORTARIA Nº 849, DE 21 DE MAIO DE 2018</p><p>O PROCURADOR-GERAL DO TRABALHO, no uso da competência que lhe foi delegada pela Portaria PGR nº 308, de 28 de maio de 1996, e tendo em vista o que consta do PGEA/MPT nº 001608.2018.02.900/8, resolve:</p><p>Art. 1º Conceder aposentadoria, com proventos integrais, à Doutora Marisa Marcondes Monteiro, matrícula nº 132-5, com fundamento nos artigos 6º e 7º da Emenda Constitucional nº 41/03, de 19/12/2003, combinado com o artigo 2º da Emenda Constitucional nº 47, de 05.07.2005, com a vantagem do artigo 3º da Lei nº 8.911/94, alterado pela Lei nº 9.527/97, observado o que dispõe o artigo 62-A da Lei nº 8.112/90, no cargo de Procurador Regional do Trabalho.</p><p class="assina">RONALDO CURADO FLEURY</p>]]></Texto>
  </body>
</article></xml>