﻿<xml><article id="3459083" name="Port.ele 251" idOficio="4805054" pubName="DO2" artType="Portaria" pubDate="01/06/2018" artClass="00017:00002:00035:00002:00005:00000:00000:00000:00000:00000:00025:00004" artCategory="Ministério da Saúde/Secretaria Executiva/Núcleo Estadual em São Paulo/Divisão de Gestão Administrativa/Serviço de Pessoal Inativo" artSize="8" artNotes="" numberPage="55" pdfPage="http://pesquisa.in.gov.br/imprensa/jsp/visualiza/index.jsp?data=01/06/2018&amp;jornal=529&amp;pagina=55" editionNumber="104" highlightType="" highlightPriority="" highlight="" idMateria="10781396">
  <body>
    <Identifica><![CDATA[ Portaria Nº 251, de 23 de Maio de 2018]]></Identifica>
    <Data><![CDATA[]]></Data>
    <Ementa />
    <Titulo />
    <SubTitulo />
    <Texto><![CDATA[<p class="identifica">Portaria Nº 251, de 23 de Maio de 2018</p><p>O CHEFE DA DIVISÃO DE GESTÃO ADMINISTRATIVA DA COORDENAÇAO GERAL DO NÚCLEO ESTADUAL DO MINISTÉRIO DA SAÚDE NO ESTADO DE SÃO PAULO - no uso da competência que lhe foi subdelegada pela Portaria SAA/SE/MS nº. 1804 de 1/10/2013, publicada no DOU nº. 192, de 03/10/2013, e tendo em vista o que consta no processo abaixo especificado, resolve:</p><p>Conceder aposentadoria voluntária ao servidor FARID HUSSNI, matrícula SIAPE nº 594983, ocupante do cargo de Agente Administrativo, nível intermediário, classe "S", padrão III, do Quadro de Pessoal deste Ministério, com fundamento no artigo 40, inciso III, alínea "a", da Constituição Federal, combinado com o artigo 3.°, da Emenda Constitucional n.º 47/05. (Processo nº 25004.001692/2018-31).</p><p class="assina">Antônio Afonso Scarpelini</p>]]></Texto>
  </body>
</article></xml>