﻿<xml><article id="3459812" name="129-JOSEMAR E PALOMA -20 dias de" idOficio="4809329" pubName="DO2" artType="Portaria" pubDate="01/06/2018" artClass="00038:00004:00000:00000:00000:00000:00000:00000:00000:00000:00025:00001" artCategory="Poder Judiciário/Superior Tribunal de Justiça/Presidência" artSize="8" artNotes="" numberPage="94" pdfPage="http://pesquisa.in.gov.br/imprensa/jsp/visualiza/index.jsp?data=01/06/2018&amp;jornal=529&amp;pagina=94" editionNumber="104" highlightType="" highlightPriority="" highlight="" idMateria="10789481">
  <body>
    <Identifica><![CDATA[ PORTARIA Nº 129 DE 25 DE MAIO DE 2018]]></Identifica>
    <Data><![CDATA[]]></Data>
    <Ementa />
    <Titulo />
    <SubTitulo />
    <Texto><![CDATA[<p class="identifica">PORTARIA Nº 129 DE 25 DE MAIO DE 2018</p><p>A PRESIDENTE DO SUPERIOR TRIBUNAL DE JUSTIÇA, no uso da atribuição conferida pelo art. 21, XXVI, do Regimento Interno e considerando o contido no Processo STJ n. 010402/2018, resolve:</p><p>Art. 1º Redistribuir o cargo efetivo de Técnico Judiciário, Área Administrativa, do quadro de pessoal deste Tribunal, ocupado pelo servidor JOSEMAR MENDES DE SOUSA, matrícula S064496, classe A, padrão 4, para o quadro de pessoal da Seção Judiciária do Maranhão, vinculada ao Tribunal Regional Federal da 1ª Região, em reciprocidade com o cargo de mesma denominação ocupado pela servidora PALOMA MARIA NASCIMENTO LUSTOSA.</p><p>Art. 2º Conceder 20 (vinte) dias de trânsito à servidora Paloma Maria Nascimento Lustosa, nos termos do art. 18 da Lei n. 8.112/1990.</p><p>Art. 3º Esta portaria entra em vigor na data de sua publicação.</p><p class="assina">Ministra LAURITA VAZ</p>]]></Texto>
  </body>
</article></xml>