﻿<xml><article id="3487639" name="Port. 387 - ATQINTECTA 47 - VILM" idOficio="4809385" pubName="DO2" artType="Portaria" pubDate="04/06/2018" artClass="00011:00134:00012:00007:00000:00000:00000:00000:00000:00000:00025:00002" artCategory="Ministério da Educação/Universidade Federal de Santa Catarina/Reitoria/Pró-Reitoria de Desenvolvimento e Gestão de Pessoas/Departamento de Administração de Pessoal" artSize="8" artNotes="" numberPage="22" pdfPage="http://pesquisa.in.gov.br/imprensa/jsp/visualiza/index.jsp?data=04/06/2018&amp;jornal=529&amp;pagina=22" editionNumber="105" highlightType="" highlightPriority="" highlight="" idMateria="10789570">
  <body>
    <Identifica><![CDATA[ PORTARIA Nº 387, DE 28 DE MAIO DE 2018 ]]></Identifica>
    <Data><![CDATA[]]></Data>
    <Ementa />
    <Titulo />
    <SubTitulo />
    <Texto><![CDATA[<p class="identifica">PORTARIA Nº 387, DE 28 DE MAIO DE 2018</p><p>A Diretora do Departamento de Administração de Pessoal da Universidade Federal de Santa Catarina, no uso de suas atribuições, resolve:</p><p>Aposentar VILMA NATALICIA SAGAS, matrícula SIAPE 1156151, código de vaga 688087, ocupante do cargo de Auxiliar de Laboratório, nível de classificação B, nível de capacitação I, padrão de vencimento 16, no regime de trabalho de 40 (quarenta) horas semanais, da carreira técnico-administrativa da Universidade Federal de Santa Catarina, nos termos do art. 3º, incisos I a III e parágrafo único da Emenda Constitucional nº 47 de 05 de julho de 2005, com proventos integrais, incorporando 22 % (vinte e dois por cento) de adicional por tempo de serviço. (Processo nº 23080.018900/2018-01)</p><p class="assina">Rita de Cássia Knabben</p>]]></Texto>
  </body>
</article></xml>