﻿<xml><article id="3459713" name="PORTARIAS91A98" idOficio="4809386" pubName="DO2" artType="Portaria" pubDate="01/06/2018" artClass="00017:00002:00037:00008:00000:00000:00000:00000:00000:00000:00025:00001" artCategory="Ministério da Saúde/Secretaria Executiva/Divisão de Gestão do Núcleo Estadual do Tocantins/Serviço de Gestão Administrativa" artSize="8" artNotes="" numberPage="55" pdfPage="http://pesquisa.in.gov.br/imprensa/jsp/visualiza/index.jsp?data=01/06/2018&amp;jornal=529&amp;pagina=55" editionNumber="104" highlightType="" highlightPriority="" highlight="" idMateria="10789571">
  <body>
    <Identifica><![CDATA[ PORTARIAS DE 21 DE MAIO DE 2018]]></Identifica>
    <Data><![CDATA[]]></Data>
    <Ementa />
    <Titulo />
    <SubTitulo />
    <Texto><![CDATA[<p class="identifica">PORTARIAS DE 21 DE MAIO DE 2018</p><p>O CHEFE DO SERVIÇO DE GESTÃO ADMINISTRATIVA DO NÚCLEO ESTADUAL DO MINISTÉRIO DA SAÚDE NO TOCANTINS, no uso das atribuições que lhe confere o Art. 182 do Anexo III da Portaria MS nº 1419, de 08/06/2017, publicada no DOU-1 nº 110, de 09/06/2017, e a Portaria GM nº 2.232, de 01/10/2013, publicada no DOU-2 nº 191, de 02/10/2013, resolve:</p><p>Nº 91 - Art. 1º - Conceder Aposentadoria Voluntária a JOÃO PEREIRA DA SILVA, matrícula SIAPE 0468020, cargo de Laboratorista, Nível Intermediário, Classe S, Padrão III, do Quadro Permanente do Ministério da Saúde, com fundamento no Artigo 3º, da Emenda Constitucional nº 47/2005.</p><p>Art. 2º - Declarar vago o cargo.</p><p>Nº 92 - Art. 1º - Conceder Aposentadoria Voluntária a DOMIVAL OLIVEIRA DOS SANTOS, matrícula SIAPE 0495792, cargo de Agente de Saúde Publica, Nível Intermediário, Classe S, Padrão III, do Quadro Permanente do Ministério da Saúde, com fundamento no Artigo 3º, da Emenda Constitucional nº 47/2005.</p><p>Art. 2º - Declarar vago o cargo.</p><p>Nº 93 - Art. 1º - Conceder Aposentadoria Voluntária a CARLOS AUGUSTO PAIXÃO RÊGO, matrícula SIAPE 0469066, Médico, Nível Superior, Classe S, Padrão III, do Quadro Permanente do Ministério da Saúde, com fundamento no Artigo 3º, da Emenda Constitucional nº 47/2005.</p><p>Art. 2º - Declarar vago o cargo.</p><p>Nº 94 - Art. 1º - Conceder Aposentadoria Voluntária a EUFLOZINA DOS SANTOS SENRA, matrícula SIAPE 0548583, cargo de Técnica de Laboratorio, Nível Intermediário, Classe S, Padrão III, do Quadro Permanente do Ministério da Saúde, com fundamento no Artigo 3º, da Emenda Constitucional nº 47/2005.</p><p>Art. 2º - Declarar vago o cargo.</p><p>Nº 95 - Art. 1º - Conceder Aposentadoria Voluntária a ROSA DALVA VAZ DA SILVA, matrícula SIAPE 0468264, cargo de Visitador Sanitário, Nível Intermediário, Classe S, Padrão III, do Quadro Permanente do Ministério da Saúde, com fundamento no Artigo 3º, da Emenda Constitucional nº 47/2005.</p><p>Art. 2º - Declarar vago o cargo.</p><p>Nº 96 - Art. 1º - Conceder Aposentadoria Voluntária a ELVIRA RODRIGUES DOS SANTOS, matrícula SIAPE 0546604, cargo de Enfermeira, Nível Superior, Classe S, Padrão III, do Quadro Permanente do Ministério da Saúde, com fundamento no Artigo 3º, da Emenda Constitucional nº 47/2005.</p><p>Art. 2º - Declarar vago o cargo.</p><p>Nº 97 - Art. 1º - Conceder Aposentadoria Voluntária a EDIVARDES ANTONIO DE CARVALHO, matrícula SIAPE 0495661, cargo de Agente de Saúde Publica, Nível Intermediário, Classe S, Padrão III, do Quadro Permanente do Ministério da Saúde, com fundamento no Artigo 3º, da Emenda Constitucional nº 47/2005.</p><p>Art. 2º - Declarar vago o cargo.</p><p>N° 98 - Art. 1º - Conceder Aposentadoria Voluntária a PEDRO MARTINS DA COSTA , matrícula SIAPE 0494990, cargo de Agente de Saúde Publica, Nível Intermediário, Classe S, Padrão III, do Quadro Permanente do Ministério da Saúde, com fundamento no Artigo 3º, da Emenda Constitucional nº 47/2005.</p><p>Art. 2º - Declarar vago o cargo.</p><p class="assina">WANTEILDO ANTUNES AYRES DE LIMA</p>]]></Texto>
  </body>
</article></xml>