﻿<xml><article id="3459815" name="PortariaSEIAposentadoriaJunho18" idOficio="4809378" pubName="DO2" artType="Portaria" pubDate="01/06/2018" artClass="00011:00140:00001:00026:00000:00000:00000:00000:00000:00000:00025:00001" artCategory="Ministério da Educação/Universidade Federal de Uberlândia/Reitoria/Pró-Reitoria de Gestão de Pessoas" artSize="8" artNotes="" numberPage="42" pdfPage="http://pesquisa.in.gov.br/imprensa/jsp/visualiza/index.jsp?data=01/06/2018&amp;jornal=529&amp;pagina=42" editionNumber="104" highlightType="" highlightPriority="" highlight="" idMateria="10789560">
  <body>
    <Identifica><![CDATA[ Portarias de 25 de Maio de 2018]]></Identifica>
    <Data><![CDATA[]]></Data>
    <Ementa />
    <Titulo />
    <SubTitulo />
    <Texto><![CDATA[<p class="identifica">Portarias de 25 de Maio de 2018</p><p>O Pró-Reitor de Gestão de Pessoas em exercício da Universidade Federal de Uberlândia, no uso de suas atribuições legais conferidas pela Portaria n° 209, de 13 de janeiro de 2017, publicada no Diário Oficial da União de 19 de janeiro de 2017, e resolve:</p><p>Nº 1229 - Art. 1º - Conceder a Vera Lúcia Gomes Borges, matrícula SIAPE nº 0412421, código de vaga nº 322199, ocupante do cargo de Técnico em Enfermagem, Nível de Classificação D, Nível de Capacitação 4, Padrão de Vencimento 16, do Quadro Permanente desta Universidade, aposentadoria voluntária com proventos integrais, conforme o art. 3º da Emenda Constitucional 47/2005. (processo nº 23117.032452/2018-86)</p><p>Nº 1.230 - Art. 1º - Conceder a Valéria Barros, matrícula SIAPE nº 0412313, código de vaga nº 322096, ocupante do cargo de Assistente em Administração, Nível de Classificação D, Nível de Capacitação 4, Padrão de Vencimento 16, do Quadro Permanente desta Universidade, aposentadoria voluntária com proventos integrais, conforme o art. 3º da Emenda Constitucional 47/2005, considerando o saldo de 150 dias de Licença Prêmio e vantagem do art. 62-A, alterado pela Lei 9.527/97. (processo nº 23117.029199/2018-83)</p><p>Nº 1.231 - Art. 1º - Conceder a Sandra Terezinha de Farias Furtado, matrícula SIAPE nº 1035151, código de vaga nº 323577, ocupante do cargo de Professor Titular, Doutorado, Dedicação Exclusiva, do Quadro Permanente desta Universidade, aposentadoria voluntária com proventos integrais, conforme o art. 3º da Emenda Constitucional 47/2005. (processo nº 23117.031254/2018-03)</p><p>Nº 1.232 - Art. 1º - Conceder a Paulo de Tarso Leão, matrícula SIAPE nº 0412283, código de vaga nº 322067, ocupante do cargo de Assistente em Administração, Nível de Classificação D, Nível de Capacitação 4, Padrão de Vencimento 16, do Quadro Permanente desta Universidade, aposentadoria voluntária com proventos integrais, conforme o art. 3º da Emenda Constitucional 47/2005, considerando o saldo de 180 dias de Licença Prêmio e vantagem do art. 62-A, alterado pela Lei 9.527/97. (processo nº 23117.031902/2018-13)</p><p>Nº 1.233 - Art. 1º - Conceder a Neuza Francisca Machado, matrícula SIAPE nº 0410874, código de vaga nº 320801, ocupante do cargo de Lancheiro, Nível de Classificação B, Nível de Capacitação 4, Padrão de Vencimento 16, do Quadro Permanente desta Universidade, aposentadoria voluntária com proventos integrais, conforme o art. 3º da Emenda Constitucional 47/2005. (processo nº 23117.034519/2018-17)</p><p>Nº 1.238 - Art. 1º - Conceder a Mirtes Regina de Araújo, matrícula SIAPE nº 1123578, código de vaga nº 708868, ocupante do cargo de Técnico de Enfermagem, Nível de Classificação D, Nível de Capacitação 4, Padrão de Vencimento 14, do Quadro Permanente desta Universidade, aposentadoria voluntária com proventos integrais, conforme o art. 3º da Emenda Constitucional 47/2005. (processo nº 23117.031955/2018-34)</p><p>Nº 1.239 - Art. 1º - Conceder a Messias Antônio de Araújo, matrícula SIAPE nº 0412235, código de vaga nº 322021, ocupante do cargo de Professor Associado 04 - Doutorado - 40 horas, do Quadro Permanente desta Universidade, aposentadoria voluntária com proventos integrais, conforme o art. 3º, da Emenda Constitucional 47/2005. (processo nº 23117.031482/2018-75)</p><p>Nº 1.240 - Art. 1º - Conceder a Marinho Monteiro dos Santos, matrícula SIAPE nº 0413673, código de vaga nº 323390, ocupante do cargo de Técnico de Laboratório-Área, Nível de Classificação D, Nível de Capacitação 4, Padrão de Vencimento 16, do Quadro Permanente desta Universidade, aposentadoria voluntária com proventos integrais, conforme o art. 3º da Emenda Constitucional 47/2005. (processo nº 23117.033776/2018-31)</p><p>Nº 1.241 - Art. 1º - Conceder a Maria Dilva Alves, matrícula SIAPE nº 1123580, código de vaga nº 708870, ocupante do cargo de Operador de Máquina de Lavanderia, Nível de Classificação A, Nível de Capacitação 4, Padrão de Vencimento 14, do Quadro Permanente desta Universidade, aposentadoria voluntária com base no art. 40, § 1º, inciso I, II, alínea "B" da CF, com redação dada pela EC nº 41/03, com proventos calculados com base no art. 1º da Lei 10.887/04. (processo nº 23117.031130/2018-10)</p><p>Nº 1.242 - Art. 1º - Conceder a Luiz Roberto Brigato, matrícula SIAPE nº 0409746, código de vaga nº 319710, ocupante do cargo de Médico-Área, Nível de Classificação E, Nível de Capacitação 4, Padrão de Vencimento 16, do Quadro Permanente desta Universidade, aposentadoria voluntária com proventos integrais, conforme o art. 3º da Emenda Constitucional 47/2005. (processo nº 23117.030640/2018-70)</p><p>Nº 1.243 - Art. 1º - Conceder a Leila Bitar Moukachar Ramos, matrícula SIAPE nº 0412578, código de vaga nº 322352, ocupante do cargo de Professor Associado 01 - Doutorado - Dedicação Exclusiva, do Quadro Permanente desta Universidade, aposentadoria voluntária com proventos integrais, conforme o art. 3º da Emenda Constitucional 47/2005 e considerando o saldo de 180 dias de Licença Prêmio. (processo nº 23117.031470/2018-47)</p><p>Nº 1.244 - Art. 1º - Conceder a Denise Alves de Lima, matrícula SIAPE nº 1123346, código de vaga nº 708637, ocupante do cargo de Técnico em Enfermagem, Nível de Classificação D, Nível de Capacitação 4, Padrão de Vencimento 14, do Quadro Permanente desta Universidade, aposentadoria voluntária com proventos integrais, conforme o art. 6º, incisos I, II, III e IV da Emenda Constitucional 41/2003. (processo nº 23117.0033761/2018-73)</p><p>Nº 1.245 - Art. 1º - Conceder a Claucymar Guerra Rocha, matrícula SIAPE nº 1123435, código de vaga nº 708726, ocupante do cargo de Médico-Área, Nível de Classificação E, Nível de Capacitação 4, Padrão de Vencimento 14, do Quadro Permanente desta Universidade, aposentadoria voluntária com proventos integrais, conforme o art. 3º da Emenda Constitucional 47/2005. (processo nº 23117.031316/2018-79)</p><p>Art. 2º - Esta portaria entra em vigor na data de sua publicação, revogadas as disposições em contrário.</p><p>Nº 1.249 - Art. 1º - Alterar a Portaria nº 766 de 14/08/2003, publicada no Diário Oficial da União de 20 de agosto de 2003, seção 2, página 14, de Irene Gonçalves de Araújo. Onde se lê: Conceder Aposentadoria voluntária proporcional a Irene Gonçalves de Araújo, matricula SIAPE nº 0410045, ocupante de cargo de Técnico em Enfermagem, Nível Intermediário, Classe S, Padrão III, do Quadro Permanente desta Universidade, com fundamento no artigo 8º, inciso II, do § 1º, da Emenda Constitucional nº 20/98, com 80% do valor máximo que o servidor poderia obter, combinado com artigo 186, inciso III, alínea "c" da Lei 8.112, de 11 de dezembro de 1990. Leia-se: Conceder Aposentadoria voluntária proporcional a Irene Gonçalves de Araújo, matricula SIAPE nº 0410045, ocupante de cargo de Técnico em Enfermagem, Nível Intermediário, Classe S, Padrão III, do Quadro Permanente desta Universidade, com fundamento no artigo 8º, inciso II, do § 1º, da Emenda Constitucional nº 20/98, com 95% do valor máximo que o servidor poderia obter, combinado com artigo 186, inciso III, alínea "c" da Lei 8.112, de 11 de dezembro de 1990. (processo n° 23117.006014/97-11)</p><p>Art. 2º - Tornar sem efeito a Portaria nº 1355 PROREH 02/07/2013 e DOU de 05/07/2013.</p><p>Art. 3º - Esta portaria entra em vigor na data de 20/08/2003, revogadas as disposições em contrário.</p><p class="assina">Renan Billa</p>]]></Texto>
  </body>
</article></xml>