﻿<xml><article id="3459104" name="PO 17 ALLEGRA" idOficio="4807520" pubName="DO2" artType="Portaria" pubDate="01/06/2018" artClass="00008:00013:00000:00000:00000:00000:00000:00000:00000:00000:00025:00001" artCategory="Ministério da Ciência, Tecnologia, Inovações e Comunicações/Centro de Tecnologia Mineral" artSize="8" artNotes="" numberPage="8" pdfPage="http://pesquisa.in.gov.br/imprensa/jsp/visualiza/index.jsp?data=01/06/2018&amp;jornal=529&amp;pagina=8" editionNumber="104" highlightType="" highlightPriority="" highlight="" idMateria="10785949">
  <body>
    <Identifica><![CDATA[ PORTARIA Nº 17,  de 23 de MAIO de 2018]]></Identifica>
    <Data><![CDATA[]]></Data>
    <Ementa />
    <Titulo />
    <SubTitulo />
    <Texto><![CDATA[<p></p><p class="identifica">PORTARIA Nº 17, de 23 de MAIO de 2018</p><p>O DIRETOR DO CENTRO DE TECNOLOGIA MINERAL DO MINISTÉRIO DA CIÊNCIA, TECNOLOGIA, INOVAÇÕES E COMUNICAÇÕES, no uso da delegação de competência que lhe foi conferida pelo item XXIV, do artigo 1º, da Portaria nº 407 de 29 de junho de 2006, resolve:</p><p>Conceder aposentadoria voluntária a ALLEGRA VIVIANE YALLOUZ, matrícula Siape nº 1354823, TECNOLOGISTA, Classe H, Padrão III, pela regra geral com fundamento no Artigo 40 da Constituição Federal de 05 de outubro de 1988, redação dada pela Emenda Constitucional nº 41 de 19 de dezembro de 2003, inciso III, alínea "a", com proventos calculados com base no art. 1º da Lei nº 10887/04. Processo SEI: 01207.000110/2018-55.</p><p class="assina">FERNANDO ANTONIO FREITAS LINS</p>]]></Texto>
  </body>
</article></xml>