﻿<xml><article id="3532264" name="PORTARIAS CENTRO 2017 I - DOU__0" idOficio="4809372" pubName="DO2" artType="Portaria" pubDate="06/06/2018" artClass="00011:00135:00006:00000:00000:00000:00000:00000:00000:00000:00025:00001" artCategory="Ministério da Educação/Universidade Federal de Santa Maria/Centro de Ciências Sociais e Humanas" artSize="8" artNotes="" numberPage="36" pdfPage="http://pesquisa.in.gov.br/imprensa/jsp/visualiza/index.jsp?data=06/06/2018&amp;jornal=529&amp;pagina=36" editionNumber="107" highlightType="" highlightPriority="" highlight="" idMateria="10789544">
  <body>
    <Identifica><![CDATA[ PORTARIA Nº 131, DE 28 DE MAIO DE 2018]]></Identifica>
    <Data><![CDATA[]]></Data>
    <Ementa />
    <Titulo />
    <SubTitulo />
    <Texto><![CDATA[<p></p><p class="identifica">PORTARIA Nº 131, DE 28 DE MAIO DE 2018</p><p>O DIRETOR DO CENTRO DE CIÊNCIAS SOCIAIS E HUMANAS, da Universidade Federal de Santa Maria, no uso de suas atribuições legais e estatutárias e competência delegada pelo Magnífico Reitor desta Universidade, através da Portaria n. 55.927, de 29 de setembro de 2009, resolve:</p><p>Designar ARTHUR COELHO DORNELLES JUNIOR, SIAPE 2082790, ocupante do cargo de Professor de 3º Grau, do Quadro Único de Pessoal da UFSM, para exercer a Função Gratificada de Coordenador do Curso de Relações Internacionais, Código FCC.066 (FUC-0001), para um mandato de dois anos, a partir da publicação no Diário Oficial da União.</p><p class="assina">MAURI LEODIR LÖBLER</p>]]></Texto>
  </body>
</article></xml>