﻿<xml><article id="3459704" name="PORTARIAS Nº 3046" idOficio="4809361" pubName="DO2" artType="Portaria" pubDate="01/06/2018" artClass="00017:00021:00026:00000:00000:00000:00000:00000:00000:00000:00025:00003" artCategory="Ministério da Saúde/Fundação Nacional de Saúde/Superintendência Estadual no Maranhão" artSize="8" artNotes="" numberPage="57" pdfPage="http://pesquisa.in.gov.br/imprensa/jsp/visualiza/index.jsp?data=01/06/2018&amp;jornal=529&amp;pagina=57" editionNumber="104" highlightType="" highlightPriority="" highlight="" idMateria="10789528">
  <body>
    <Identifica><![CDATA[PORTARIA Nº 3.046, DE 19 DE MAIO DE 2018]]></Identifica>
    <Data><![CDATA[]]></Data>
    <Ementa />
    <Titulo />
    <SubTitulo />
    <Texto><![CDATA[<p class="identifica">PORTARIA Nº 3.046, DE 19 DE MAIO DE 2018</p><p>A SUPERINTENDENTE ESTADUAL SUBSTITUTA DA FUNDAÇÃO NACIONAL DE SAÚDE, no Estado do Maranhão,nomeado pela Portaria nº 270, de 11 de março de 2015, publicada no DOU de 13 de março de 2008, e no uso das atribuições que lhe confere o art.13, aprovado pelo Decreto nº. 7.335, publicado no DOU. de 20 de outubro de 2010, e pela subdelegação de competência de que trata a Portaria nº. 348, de 27 de novembro de 2017, publicada no DOU. Nº. 228, de 29 de novembro de 2017, Seção 1, em conformidade com o processo nº. 25170.000.773/2018-01. Resolve:</p><p>ART. 1º -Conceder aposentadoria voluntária, ao servidor PAULO AFONSO ALVES DE SOUSA, Matricula Siape nº.0474313 ocupante do cargo de Auxiliar de Serviços Gerais, Classe "S", Padrão III, do Quadro de Pessoal da Fundação Nacional de Saúde,com proventos integrais de acordo com o artigo 3º, §§ I, II e III da EC-47/2005, c/c o Art. 7º da Emenda Constitucional nº. 41/2003; e as demais vantagens inerentes ao cargo efetivo do servidor.</p><p>ART. 2º - Declara Vago o cargo relativo ao Art. 1º.</p><p>ART. 3º - Esta Portaria entra em vigor na data de sua publicação.</p><p class="assina">MARIA DE FATIMA OLIVEIRA CHAVES</p>]]></Texto>
  </body>
</article></xml>