﻿<xml><article id="3487549" name="PORTARIA APOSENTADORIA.363.2018" idOficio="4807906" pubName="DO2" artType="Portaria" pubDate="04/06/2018" artClass="00017:00026:00024:00000:00000:00000:00000:00000:00000:00000:00025:00002" artCategory="Ministério da Saúde/Secretaria de Atenção à Saúde/Instituto Nacional de Câncer José Alencar Gomes da Silva" artSize="8" artNotes="" numberPage="31" pdfPage="http://pesquisa.in.gov.br/imprensa/jsp/visualiza/index.jsp?data=04/06/2018&amp;jornal=529&amp;pagina=31" editionNumber="105" highlightType="" highlightPriority="" highlight="" idMateria="10786454">
  <body>
    <Identifica><![CDATA[ PORTARIA  Nº 363, de DE 23 DE MAIO 2018]]></Identifica>
    <Data><![CDATA[]]></Data>
    <Ementa />
    <Titulo />
    <SubTitulo />
    <Texto><![CDATA[<p class="identifica">PORTARIA Nº 363, de DE 23 DE MAIO 2018</p><p>A Diretora-Geral do Instituto Nacional de Câncer José Alencar Gomes da Silva, do Ministério da Saúde, no uso de suas atribuições subdelegadas pela Portaria/CGRH/MS nº 1.041 de 30/10/2009, publicada no DOU nº 209, de 03/11/2009, resolve:</p><p>Conceder aposentadoria voluntária, com proventos integrais, a EMANUEL SÉRGIO DE ASSUNÇÃO, matrícula SIAPE nº 236051, ocupante do cargo de Assistente em C&amp;T, NI, classe R, padrão III, do quadro de pessoal do Ministério da Saúde, com fundamento no art. 3º da Emenda Constitucional nº 47/2005. (Processo nº 25410.002280/2016-65).</p><p></p><p class="assina">ANA CRISTINA PINHO MENDES PEREIRA</p><p></p>]]></Texto>
  </body>
</article></xml>