﻿<xml><article id="3463458" name="PTS81E82BH" idOficio="4813984" pubName="DO2" artType="Portaria" pubDate="01/06/2018" artClass="00022:00029:00240:00004:00024:00003:00000:00000:00000:00000:00025:00006" artCategory="Ministério do Desenvolvimento Social/Instituto Nacional do Seguro Social/Superintendência Regional Sudeste II em Belo Horizonte/Gerência Executiva - A - Belo Horizonte/Serviço de Administração/Seção Operacional da Gestão de Pessoas" artSize="8" artNotes="OK" numberPage="66" pdfPage="http://pesquisa.in.gov.br/imprensa/jsp/visualiza/index.jsp?data=01/06/2018&amp;jornal=529&amp;pagina=66" editionNumber="104" highlightType="" highlightPriority="" highlight="" idMateria="10797813">
  <body>
    <Identifica><![CDATA[ PORTARIAS DE 30 DE MAIO DE 2018]]></Identifica>
    <Data><![CDATA[]]></Data>
    <Ementa />
    <Titulo />
    <SubTitulo />
    <Texto><![CDATA[<p></p><p class="identifica">PORTARIAS DE 30 DE MAIO DE 2018</p><p>O CHEFE DA SEÇÃO OPERACIONAL DA GESTÃO DE PESSOAS DA GERENCIA EXECUTIVA DO INSS EM BELO HORIZONTE/MG, no uso das atribuições de competência conferidas pelo artigo 235, inciso I, alínea "a", do Regimento Interno do Instituto Nacional do Seguro Social - INSS, aprovado pela Portaria nº 414, emitida pelo Ministério do Desenvolvimento Social, DOU Edição Extra nº 188-A, de 29/09/2017, resolve:</p><p>Nº 81 - Conceder aposentadoria voluntária por tempo de contribuição a servidora IOLANDA BENEDITA GOMES, matrícula 1106923, ocupante do cargo de Datilógrafo, Nível I, Classe S, Padrão IV, do Quadro Permanente deste Instituto, com fundamento no artigo 3º da Emenda Constitucional nº 47/2005, com proventos correspondentes ao citado padrão e demais vantagens previstas na legislação vigente. Processo nº 35097.000607/2018-80.Declarar vago o cargo.</p><p>Nº 82 - Conceder aposentadoria voluntária por tempo de contribuição a servidora JANE MARIA MONTEIRO RIBEIRO DE REZENDE, matrícula 0753201, ocupante do cargo de Técnico em Comunicação Social, Nível S, Classe S, Padrão IV, do Quadro Permanente deste Instituto, com fundamento no artigo 3º da Emenda Constitucional nº 47/2005, com proventos correspondentes ao citado padrão e demais vantagens previstas na legislação vigente. Processo nº 35097.000629/2018-40.Declarar vago o cargo.</p><p class="assina">ROBSON MACIEL DELARETI</p>]]></Texto>
  </body>
</article></xml>