﻿<xml><article id="3460043" name="Portarias 1731 e 1732 concede ap" idOficio="4812539" pubName="DO2" artType="Portaria" pubDate="01/06/2018" artClass="00007:00003:00802:00406:00000:00000:00000:00000:00000:00000:00025:00001" artCategory="Ministério da Agricultura, Pecuária e Abastecimento/Secretaria Executiva/Departamento de Administração/Coordenação-Geral de Administração de Pessoas" artSize="8" artNotes="" numberPage="5" pdfPage="http://pesquisa.in.gov.br/imprensa/jsp/visualiza/index.jsp?data=01/06/2018&amp;jornal=529&amp;pagina=5" editionNumber="104" highlightType="" highlightPriority="" highlight="" idMateria="10794813">
  <body>
    <Identifica><![CDATA[ PORTARIAS DE 28 DE MAIO DE 2018]]></Identifica>
    <Data><![CDATA[]]></Data>
    <Ementa />
    <Titulo />
    <SubTitulo />
    <Texto><![CDATA[<p class="identifica">PORTARIAS DE 28 DE MAIO DE 2018</p><p>O COORDENADOR-GERAL DE ADMINISTRAÇÃO DE PESSOAS, DO MINISTÉRIO DA AGRICULTURA, PECUÁRIA E ABASTECIMENTO, no uso da competência que lhe foi atribuída pelo inciso IV, alínea "b", do artigo 292, da Portaria Ministerial nº 561, de 11 de abril de 2018, publicada no Diário Oficial do dia 13 seguinte, resolve:</p><p>Nº 1.731 - Conceder aposentadoria, com proventos integrais, ao servidor RUBIM ALMEIDA GONCZAROWSKA, matrícula SIAPE nº 1939, ocupante do cargo de Auditor Fiscal Federal Agropecuário, classe S, padrão IV, do Quadro de Pessoal deste Ministério, com fundamento no artigo 3º, da Emenda Constitucional nº 47/2005 (Processo 21000.052906/2017-36).</p><p>Nº 1.732 - Aposentar por invalidez, com os proventos proporcionais, o servidor EDMILSON RODRIGUES LOPES, matrícula SIAPE nº 1608, ocupante do cargo de Agente Administrativo, classe S, padrão III, do Quadro de Pessoal deste Ministério, com fundamento no artigo 40, § 1º, item I, da Constituição Federal e no artigo 6-A da Emenda Constitucional nº 41/2003, incluído pela Emenda Constitucional nº 70/2012, acrescido da vantagem prevista no artigo 62-A, da Lei nº 8.112/90 (Processo 21000.017403/2018-03).</p><p class="assina">GENILSON ANTONIO SECCHI DE AVILA</p>]]></Texto>
  </body>
</article></xml>