﻿<xml><article id="3462942" name="2 GABMI PORTARIA 2787" idOficio="4813940" pubName="DO2" artType="Portaria" pubDate="01/06/2018" artClass="00008:00001:00000:00000:00000:00000:00000:00000:00000:00000:00019:00014" artCategory="Ministério da Ciência, Tecnologia, Inovações e Comunicações/Gabinete do Ministro" artSize="8" artNotes="" numberPage="6" pdfPage="http://pesquisa.in.gov.br/imprensa/jsp/visualiza/index.jsp?data=01/06/2018&amp;jornal=529&amp;pagina=6" editionNumber="104" highlightType="" highlightPriority="" highlight="" idMateria="10797750">
  <body>
    <Identifica><![CDATA[ PORTARIA Nº 2.787, DE 29 DE MAIO DE 2018]]></Identifica>
    <Data><![CDATA[]]></Data>
    <Ementa />
    <Titulo />
    <SubTitulo />
    <Texto><![CDATA[<p class="identifica">PORTARIA Nº 2.787, DE 29 DE MAIO DE 2018</p><p>O MINISTRO DE ESTADO DA CIÊNCIA, TECNOLOGIA, INOVAÇÕES E COMUNICAÇÕES, no uso da competência que lhe foi delegada pelo art. 3º do Decreto nº 8.821, de 26 de julho de 2016, tendo em vista o disposto no Parecer nº 00268/2018/CONJURMCTIC/CGU/AGU e o que consta do Processo nº 01280.000063/2017-86, resolve:</p><p>Art. 1º Anular a nomeação do servidor JEAN CARLOS ANDRADE DA SILVA, no cargo de Técnico em Telecomunicações, Classe Técnico 1, Padrão 1 (código TE1 - TELECOM) da Carreira de Desenvolvimento Tecnológico, levada a efeito pela Portaria MCTI nº 748, de 31 de julho de 2013, publicada no DOU de 5 de agosto de 2013, Seção 2, p. 7.</p><p>Art. 2º Esta portaria entra em vigor na data de sua publicação.</p><p class="assina">GILBERTO KASSAB</p>]]></Texto>
  </body>
</article></xml>