﻿<xml><article id="3465770" name="PORT 8452 - wtk" idOficio="4814346" pubName="DO2" artType="Portaria" pubDate="01/06/2018" artClass="00032:00011:00015:00000:00000:00000:00000:00000:00000:00000:00025:00003" artCategory="Ministério Extraordinário da Segurança Pública/Departamento de Polícia Federal/Diretoria de Gestão de Pessoal" artSize="8" artNotes="" numberPage="81" pdfPage="http://pesquisa.in.gov.br/imprensa/jsp/visualiza/index.jsp?data=01/06/2018&amp;jornal=529&amp;pagina=81" editionNumber="104" highlightType="" highlightPriority="" highlight="" idMateria="10798321">
  <body>
    <Identifica><![CDATA[ PORTARIA Nº 8.452, DE 24 DE MAIO DE 2018]]></Identifica>
    <Data><![CDATA[]]></Data>
    <Ementa />
    <Titulo />
    <SubTitulo />
    <Texto><![CDATA[<p class="identifica">PORTARIA Nº 8.452, DE 24 DE MAIO DE 2018</p><p>O DIRETOR DE GESTÃO DE PESSOAL DA POLÍCIA FEDERAL no uso das atribuições que lhe confere o inciso VI do art. 42 do Regimento Interno da Polícia Federal, aprovado pela Portaria MJSP nº 1.252, de 29/12/2017, publicada no DOU nº 01, de 02/01/2018, e tendo em vista o que consta no protocolo nº 08410.003507/2018-32, resolve:</p><p>Dispensar o Agente de Polícia Federal EDUARDO MESQUITA DA SILVA da função de Chefe do Setor de Administração e Logística Policial/SR/PF/PI, código FG-02.</p><p>Designar o Agente Administrativo CAMILO MAGALHAES DA TRINDADE para a função de Chefe do Setor de Administração e Logística Policial/SR/PF/PI, código FG-02.</p><p class="assina">DELANO CERQUEIRA BUNN</p>]]></Texto>
  </body>
</article></xml>