﻿<xml><article id="3459842" name="2018-438 PORTARIA DE APOSENTADOR" idOficio="4811445" pubName="DO2" artType="Portaria" pubDate="01/06/2018" artClass="00011:00139:00000:00000:00000:00000:00000:00000:00000:00000:00025:00002" artCategory="Ministério da Educação/Universidade Federal do Triângulo Mineiro" artSize="8" artNotes="" numberPage="42" pdfPage="http://pesquisa.in.gov.br/imprensa/jsp/visualiza/index.jsp?data=01/06/2018&amp;jornal=529&amp;pagina=42" editionNumber="104" highlightType="" highlightPriority="" highlight="" idMateria="10793228">
  <body>
    <Identifica><![CDATA[ PORTARIA Nº 438, DE 29 DE MAIO DE 2018]]></Identifica>
    <Data><![CDATA[]]></Data>
    <Ementa />
    <Titulo />
    <SubTitulo />
    <Texto><![CDATA[<p class="identifica">PORTARIA Nº 438, DE 29 DE MAIO DE 2018</p><p>A REITORA da UNIVERSIDADE FEDERAL DO TRIÂNGULO MINEIRO, nomeada pela Presidente da República por Decreto de 12 de agosto de 2014, publicado no DOU do dia 13 subsequente, no uso de suas atribuições regimentais e considerando o Processo nº 23085.003976/2018-84, resolve:</p><p>Art. 1º - Conceder aposentadoria voluntária ao servidor ILÍDIO ANTUNES DE OLIVEIRA JÚNIOR, SIAPE 0389288, ocupante do cargo de Médico-Área, Classe/Padrão E-416, carga horária de 40 horas semanais, código de vaga nº 301208, do Quadro de Pessoal desta Universidade, com proventos integrais e com fulcro no artigo 3º da Emenda Constitucional nº 47/2005.</p><p>Art. 2º - Em consequência, declarar vago o referido cargo.</p><p class="assina">ANA LÚCIA DE ASSIS SIMÕES</p>]]></Texto>
  </body>
</article></xml>