﻿<xml><article id="3464433" name="79 - Portaria - Designar WELDER " idOficio="4814159" pubName="DO2" artType="Portaria" pubDate="01/06/2018" artClass="00028:00002:00000:00000:00000:00000:00000:00000:00000:00000:00025:00001" artCategory="Ministério do Turismo/Secretaria Executiva" artSize="8" artNotes="" numberPage="78" pdfPage="http://pesquisa.in.gov.br/imprensa/jsp/visualiza/index.jsp?data=01/06/2018&amp;jornal=529&amp;pagina=78" editionNumber="104" highlightType="" highlightPriority="" highlight="" idMateria="10798010">
  <body>
    <Identifica><![CDATA[ PORTARIA Nº 79, DE 30 DE MAIO DE 2018]]></Identifica>
    <Data><![CDATA[]]></Data>
    <Ementa />
    <Titulo />
    <SubTitulo />
    <Texto><![CDATA[<p class="identifica">PORTARIA Nº 79, DE 30 DE MAIO DE 2018</p><p>O SECRETÁRIO-EXECUTIVO DO MINISTÉRIO DO TURISMO, no uso de suas atribuições e tendo em vista o disposto no art. 1º da Portaria GM/MTur nº 105, de 11 de março de 2016, publicada no DOU de 14 de março de 2016, e no art. 38 da Lei nº 8.112, de 11 de dezembro de 1990, resolve:</p><p>Art. 1º Designar WELDER ALMEIDA DE OLIVEIRA, matrícula SIAPE nº 1743211, para exercer o encargo de substituto eventual do Coordenador de Documentação, da Coordenação-Geral de Recursos Logísticos, da Diretoria de Administração da Secretaria-Executiva deste Ministério, código FCPE 101.3, em seus afastamentos e impedimentos legais ou regulamentares.</p><p>Art. 2º Esta Portaria entra em vigor na data de sua publicação.</p><p class="assina">ALBERTO ALVES</p>]]></Texto>
  </body>
</article></xml>