﻿<xml><article id="3462479" name="Portarias Dirap 3PC2, 3.147 e 3." idOficio="4813846" pubName="DO2" artType="Portaria" pubDate="01/06/2018" artClass="00010:00006:00005:00046:00000:00000:00000:00000:00000:00000:00025:00002" artCategory="Ministério da Defesa/Comando da Aeronáutica/Comando-Geral do Pessoal/Diretoria de Administração do Pessoal" artSize="8" artNotes="" numberPage="10" pdfPage="http://pesquisa.in.gov.br/imprensa/jsp/visualiza/index.jsp?data=01/06/2018&amp;jornal=529&amp;pagina=10" editionNumber="104" highlightType="" highlightPriority="" highlight="" idMateria="10797657">
  <body>
    <Identifica><![CDATA[ PORTARIA DIRAP Nº 3.147/3PC2, DE 29 DE MAIO DE 2018.]]></Identifica>
    <Data><![CDATA[]]></Data>
    <Ementa />
    <Titulo />
    <SubTitulo />
    <Texto><![CDATA[<p class="identifica">PORTARIA DIRAP Nº 3.147/3PC2, DE 29 DE MAIO DE 2018.</p><p>O DIRETOR DE ADMINISTRAÇÃO DO PESSOAL, no uso da competência que lhe foi subdelegada pela Portaria nº 377/GC3, de 7 de julho de 2011, art. 1º, inciso VI, publicada no DOU nº 130, Seção 1, de 8 de julho de 2011, e considerando o Processo nº 67246.004061/2018-71, resolve:</p><p>Conceder aposentadoria a ROSANE DE PAULA STADLINGER (Nr Ord 4568095), SIAPE nº 0194663, no cargo de Agente Administrativo, código 481004, classe "S", padrão III, NI, de acordo com o art. 3º da Emenda Constitucional nº 47, de 5 de julho de 2005. Código de vaga nº 84184.</p><p class="assina">Maj Brig Ar MAURO MARTINS MACHADO</p><p></p><p class="identifica">PORTARIA DIRAP Nº 3.148/3PC2, DE 29 DE MAIO DE 2018.</p><p>O DIRETOR DE ADMINISTRAÇÃO DO PESSOAL, no uso da competência que lhe foi subdelegada pela Portaria nº 377/GC3, de 7 de julho de 2011, art. 1º, inciso VI, publicada no DOU nº 130, Seção 1, de 8 de julho de 2011, e considerando o Processo nº 67246.004008/2018-71, resolve:</p><p>Conceder aposentadoria a KATHIA PEREIRA DA SILVA (Nr Ord 4513088), SIAPE nº 0216115, no cargo de Técnico de Contabilidade, código 481334, classe "S", padrão III, NI, de acordo com o art. 3º da Emenda Constitucional nº 47, de 5 de julho de 2005. Código de vaga nº 91701.</p><p class="assina">Maj Brig Ar MAURO MARTINS MACHADO</p><p></p>]]></Texto>
  </body>
</article></xml>