﻿<xml><article id="3459674" name="trt9a107-2018 DIDAF 72" idOficio="4811128" pubName="DO2" artType="Portaria" pubDate="01/06/2018" artClass="00038:00048:00001:00001:00017:00000:00000:00000:00000:00000:00025:00001" artCategory="Poder Judiciário/Tribunal Regional do Trabalho da 9ª Região/Tribunal Pleno/Presidência/Coordenadoria de Dados Funcionais" artSize="8" artNotes="" numberPage="101" pdfPage="http://pesquisa.in.gov.br/imprensa/jsp/visualiza/index.jsp?data=01/06/2018&amp;jornal=529&amp;pagina=101" editionNumber="104" highlightType="" highlightPriority="" highlight="" idMateria="10792740">
  <body>
    <Identifica><![CDATA[ PORTARIA  Nº 72, DE 28 DE MAIO DE 2018]]></Identifica>
    <Data><![CDATA[]]></Data>
    <Ementa />
    <Titulo />
    <SubTitulo />
    <Texto><![CDATA[<p class="identifica">PORTARIA Nº 72, DE 28 DE MAIO DE 2018</p><p>O CHEFE DA DIVISÃO DE DADOS FUNCIONAIS DO TRIBUNAL REGIONAL DO TRABALHO DA 9ª REGIÃO, usando de suas atribuições legais, e diante do disposto nos DES ADG 2661/2016 e DES GABSGP 1175/2016, resolve:</p><p>I - designar CLAUDIA CARRAZEDO, Analista Judiciária Área Judiciária, classe C, padrão 13, para EXERCER o Cargo em Comissão de Assistente de Diretor de Secretaria (c-9877), código TRT 9ª CJ-1, 02ª Vara do Trabalho de Toledo, a partir da data da publicação, dispensando-a da Função Comissionada de Assistente de Juiz (c-8673), código TRT 9ª FC-5, desta unidade, a partir da mesma data (Documento Eletrônico nº 1/2018);</p><p>II - dispensar GISELE DANIEL, Analista Judiciária Área Judiciária, classe C, padrão 12, do Cargo em Comissão de Assistente de Diretor de Secretaria (c-9877), código TRT 9ª CJ-1, 02ª Vara do Trabalho de Toledo, a partir da data de publicação (Documento Eletrônico nº 1/2018).</p><p class="assina">FERNANDO CESAR BELINCANTA</p>]]></Texto>
  </body>
</article></xml>