﻿<xml><article id="3509579" name="Portaria 99 2018 Designa Patrici" idOficio="4813522" pubName="DO2" artType="Portaria" pubDate="05/06/2018" artClass="00039:00227:00000:00000:00000:00000:00000:00000:00000:00000:00025:00001" artCategory="Entidades de Fiscalização do Exercício das Profissões Liberais/Conselho Regional de Enfermagem de Mato Grosso" artSize="8" artNotes="ok" numberPage="69" pdfPage="http://pesquisa.in.gov.br/imprensa/jsp/visualiza/index.jsp?data=05/06/2018&amp;jornal=529&amp;pagina=69" editionNumber="106" highlightType="" highlightPriority="" highlight="" idMateria="10797148">
  <body>
    <Identifica><![CDATA[ PORTARIA  Nº 99, DE 10 DE ABRIL DE 2018]]></Identifica>
    <Data><![CDATA[]]></Data>
    <Ementa />
    <Titulo />
    <SubTitulo />
    <Texto><![CDATA[<p class="identifica">PORTARIA Nº 99, DE 10 DE ABRIL DE 2018</p><p>O Presidente do Conselho Regional de Enfermagem de Mato Grosso - Coren - MT, no exercício de suas atribuições legais e regimentais, asseguradas no artigo 15 da Lei Nº. 5.905/73 e no artigo 42 do Regimento Interno do Coren - MT. Considerando o disposto no art. 37, II e V, da Constituição Federal de 1988, que, respectivamente, excepciona a regra da prévia aprovação em concurso público para a investidura em emprego público em comissão, de livre nomeação e exoneração, e estabelece que parte destes deva ser preenchida por servidores de carreira nos casos, condições e percentuais mínimos previstos em lei; Considerando as DECISÕES COREN-MT Nº 46/2016 e Nº 04/2018, que dispõem sobre a regulamentação dos empregos em comissão no Coren-MT, tendo reestruturado empregos, funções, atribuições de emprego e salários dos empregados em comissão e dá outras providências; resolve:</p><p>Art. 1º. - Designar a Empregada Pública, Patrícia Costa Oliveira Vilela, Matrícula Funcional Coren-MT nº 069/2006, para exercer, cumulativamente, a função de ouvidor, sem prejuízo das atribuições do cargo que atualmente ocupa. Art. 2º. - Atribuir a remuneração mensal de R$ 1.039,87 (um mil e trinta e nove reais e oitenta e sete centavos) equivalentes a 50% do valor da Tabela descrita do Anexo II da Decisão Coren-MT N.º 04/2018, sendo que se houver mais de uma cumulação em comissão, a servidora deverá optar formalmente por uma das remunerações. Art. 3º. - A função será desempenhada vinculada ao órgão da Ouvidoria, nos termos do art. 77, I do Regimento Interno do Coren/MT. Art. 4º. - Esta Portaria revoga as disposições em contrário.</p><p class="assina">Antônio César Ribeiro</p>]]></Texto>
  </body>
</article></xml>