﻿<xml><article id="3490099" name="Portaria Exoneração nº 014" idOficio="4812419" pubName="DO2" artType="Portaria" pubDate="04/06/2018" artClass="00039:00226:00000:00000:00000:00000:00000:00000:00000:00000:00025:00012" artCategory="Entidades de Fiscalização do Exercício das Profissões Liberais/CONSELHO REGIONAL DE ENFERMAGEM DO MARANHÃO" artSize="8" artNotes="" numberPage="57" pdfPage="http://pesquisa.in.gov.br/imprensa/jsp/visualiza/index.jsp?data=04/06/2018&amp;jornal=529&amp;pagina=57" editionNumber="105" highlightType="" highlightPriority="" highlight="" idMateria="10794644">
  <body>
    <Identifica><![CDATA[               PORTARIA Nº 14, DE 2 DE JANEIRO DE 2018]]></Identifica>
    <Data><![CDATA[]]></Data>
    <Ementa />
    <Titulo />
    <SubTitulo />
    <Texto><![CDATA[<p class="identifica">PORTARIA Nº 14, DE 2 DE JANEIRO DE 2018</p><p>O Presidente do Conselho Regional de Enfermagem do Maranhão - COREN/MA, no uso de suas atribuições legais e regimentais, resolve:</p><p>Art. 1º - Revogar a Portaria COREN-MA n.º 0199, de 19 de setembro de 2016, para exonerar CARLOS EDUARDO DE ARAUJO GUEDES da função gratificada de Coordenador de Gestão de Pessoas do COREN-MA.</p><p>Art. 2º - Esta Portaria entra em vigor a partir de sua assinatura</p><p class="assina">Patrick Jonatha Costa Gomes</p><p></p>]]></Texto>
  </body>
</article></xml>