﻿<xml><article id="3465340" name="30.05.2018 CGGP 4" idOficio="4814302" pubName="DO2" artType="Portaria" pubDate="01/06/2018" artClass="00015:00034:00242:00053:00000:00000:00000:00000:00000:00000:00025:00004" artCategory="Ministério da Justiça/Fundação Nacional do Índio/Diretoria de Administração e Gestão/Coordenação-Geral de Gestão de Pessoas" artSize="8" artNotes="" numberPage="50" pdfPage="http://pesquisa.in.gov.br/imprensa/jsp/visualiza/index.jsp?data=01/06/2018&amp;jornal=529&amp;pagina=50" editionNumber="104" highlightType="" highlightPriority="" highlight="" idMateria="10798257">
  <body>
    <Identifica><![CDATA[ PORTARIA Nº 201, DE 29 DE MAIO DE 2018]]></Identifica>
    <Data><![CDATA[]]></Data>
    <Ementa />
    <Titulo />
    <SubTitulo />
    <Texto><![CDATA[<p class="identifica">PORTARIA Nº 201, DE 29 DE MAIO DE 2018</p><p>A COORDENADORA-GERAL DE GESTÃO DE PESSOAS SUBSTITUTA DA FUNDAÇÃO NACIONAL DO ÍNDIO - FUNAI, no uso das atribuições que lhe são conferidas pela Portaria nº 972/PRES, de 15 de agosto de 2013, publicada no Diário Oficial da União nº 159, de 19 de agosto de 2013, e tendo em vista o que consta no Processo nº 08755.000579/2017-46, resolve:</p><p>Art. 1º Aposentar a servidora a NERLI POLLI, matrícula nº 0447002, no cargo de Técnico de Contabilidade, NI-S-III, do Quadro de Pessoal da Fundação Nacional do Índio - Funai, lotada na Coordenação Técnica Local em Vilhena-RO, subordinada à Coordenação Regional Cuiabá-MT, com fundamento no artigo 40, § 1º, inciso III, alínea "a" da Constituição Federal/1988, com redação dada pelo artigo 3º da Emenda Constitucional nº 47/05, acrescidos da vantagem do artigo 62-A da Lei nº 8.112/90.</p><p>Art. 2º Declarar vago o cargo ocupado pela servidora, nos termos do artigo 33, inciso VII da Lei nº 8.112/90.</p><p>Art. 3º Esta portaria entra em vigor na data de sua publicação.</p><p class="assina">ANGELA DA SILVA SOUSA</p>]]></Texto>
  </body>
</article></xml>