﻿<xml><article id="3460160" name="Port. NCC - 3639 e 3647" idOficio="4812546" pubName="DO2" artType="Portaria" pubDate="01/06/2018" artClass="00011:00119:00001:00001:00000:00000:00000:00000:00000:00000:00025:00001" artCategory="Ministério da Educação/Universidade Federal de Minas Gerais/Reitoria/Gabinete" artSize="8" artNotes="" numberPage="35" pdfPage="http://pesquisa.in.gov.br/imprensa/jsp/visualiza/index.jsp?data=01/06/2018&amp;jornal=529&amp;pagina=35" editionNumber="104" highlightType="" highlightPriority="" highlight="" idMateria="10794822">
  <body>
    <Identifica><![CDATA[ PORTARIAS DE 25 DE MAIO DE 2018]]></Identifica>
    <Data><![CDATA[]]></Data>
    <Ementa />
    <Titulo />
    <SubTitulo />
    <Texto><![CDATA[<p></p><p class="identifica">PORTARIAS DE 25 DE MAIO DE 2018</p><p>A Reitora da Universidade Federal de Minas Gerais, no uso de atribuição conferida pelo artigo 3º, inciso II do Decreto nº 228, de 11/10/91e tendo em vista o disposto no artigo 28, inciso V do Estatuto da UFMG, resolve:</p><p>Nº 3.639 - Nomear o servidor FLÁVIO DE FREITAS MATTOS, inscrição UFMG nº 164984, matrícula SIAPE nº 1300050, CPF nº 927.336.896-49, ocupante do cargo de Professor Associado, lotado na Pró-Reitoria de Extensão, para exercer o cargo em comissão de Diretor da Diretoria de Fomento e Avaliação da Extensão, código CD-04.</p><p>Nº 3.647 - Nomear o servidor ELIZIO MARCOS DOS REIS, inscrição UFMG nº 266264, matrícula SIAPE nº 2652686, CPF nº 028.474.026-83, ocupante de cargo de Contador, Nível de Classificação E, Nível de Capacitação III, Padrão de Vencimento 03, lotado no Departamento de Contabilidade, para exercer o cargo em comissão de Diretor do Departamento de Contabilidade e Finanças, código CD-04.</p><p class="assina">SANDRA REGINA GOULART ALMEIDA</p>]]></Texto>
  </body>
</article></xml>