﻿<xml><article id="3463197" name="PORT057 a 060-2018-Maracanau" idOficio="4813978" pubName="DO2" artType="Portaria" pubDate="01/06/2018" artClass="00011:00060:00016:00000:00000:00000:00000:00000:00000:00000:00025:00001" artCategory="Ministério da Educação/Instituto Federal de Educação, Ciência e Tecnologia do Ceará/Campus Maracanaú" artSize="8" artNotes="" numberPage="26" pdfPage="http://pesquisa.in.gov.br/imprensa/jsp/visualiza/index.jsp?data=01/06/2018&amp;jornal=529&amp;pagina=26" editionNumber="104" highlightType="" highlightPriority="" highlight="" idMateria="10797802">
  <body>
    <Identifica><![CDATA[ PORTARIAS DE 30 DE MAIO DE 2018]]></Identifica>
    <Data><![CDATA[]]></Data>
    <Ementa />
    <Titulo />
    <SubTitulo />
    <Texto><![CDATA[<p></p><p class="identifica">PORTARIAS DE 30 DE MAIO DE 2018</p><p>A DIRETORA GERAL EM EXERCÍCIO DO INSTITUTO FEDERAL DE EDUCAÇÃO, CIÊNCIA E TECNOLOGIA DO CEARÁ - CAMPUS MARACANAÚ, no uso de suas atribuições e considerando o que dispõe na portaria 252/GR, de 20 de março de 2017, da Reitoria do IFCE, resolve:</p><p>Nº 57 - Art. 1º - Dispensar o servidor SAMUEL VIEIRA DIAS, Professor do Ensino Básico, Técnico e Tecnológico, matrícula SIAPE 1544450, da Função de Coordenador do Curso de Engenharia de Controle e Automação, código FCC, para o qual foi designado mediante Portaria nº 135/GDG, de 23 de outubro de 2017 (DOU de 24/10/17).</p><p>Art. 2º - Esta portaria entrará em vigor na data de sua publicação no Diário Oficial da União.</p><p>Nº 58 - Art. 1º - Designar o servidor CELSO ROGÉRIO SCHMIDLIN JÚNIOR, Professor do Ensino Básico, Técnico e Tecnológico, matrícula SIAPE 1575034, para exercer a Função Comissionada de Coordenador do Curso de Engenharia de Controle e Automação, código FCC, considerando a dispensa do servidor SAMUEL VIEIRA DIAS, conforme portaria Nº 57/GDG, de 30/05/18.</p><p>Art. 2º - Esta portaria entrará em vigor na data de sua publicação no Diário Oficial da União.</p><p>Nº 59 - Art. 1º - Dispensar o servidor FRANCISCO FREDERICO DOS SANTOS MATOS, Professor do Ensino Básico, Técnico e Tecnológico, matrícula SIAPE 1666797, da Função de Coordenador do Curso de Engenharia Mecânica, código FCC, para o qual foi designado mediante Portaria Nº 53/GDG, de 25 de junho de 2014 (DOU de 14/07/14).</p><p>Art. 2º - Esta portaria entrará em vigor na data de sua publicação no Diário Oficial da União.</p><p>Nº 60 - Art. 1º - Designar o servidor WEBER CHAVES FONTOURA, Professor do Ensino Básico, Técnico e Tecnológico, matrícula SIAPE 2274041, para exercer a Função Comissionada de Coordenador do Curso de Engenharia Mecânica, código FCC, considerando a dispensa do servidor FRANCISCO FREDERICO DOS SANTOS MATOS, conforme portaria Nº 59/GDG, de 30/05/18.</p><p>Art. 2º - Esta portaria entrará em vigor na data de sua publicação no Diário Oficial da União.</p><p class="assina">Rosângela Campos dos Anjos</p><p></p>]]></Texto>
  </body>
</article></xml>