﻿<xml><article id="3464917" name="P8DEINF42" idOficio="4814209" pubName="DO2" artType="Portaria" pubDate="01/06/2018" artClass="00012:00055:00100:00044:00000:00000:00000:00000:00000:00000:00025:00004" artCategory="Ministério da Fazenda/Secretaria da Receita Federal do Brasil/Superintendência Regional da 8ª Região Fiscal/Delegacia Especial da Receita Federal do Brasil de Instituições Financeiras em São Paulo" artSize="8" artNotes="" numberPage="48" pdfPage="http://pesquisa.in.gov.br/imprensa/jsp/visualiza/index.jsp?data=01/06/2018&amp;jornal=529&amp;pagina=48" editionNumber="104" highlightType="" highlightPriority="" highlight="" idMateria="10798128">
  <body>
    <Identifica><![CDATA[ PORTARIA Nº 42, DE 21 DE MAIO DE 2018]]></Identifica>
    <Data><![CDATA[]]></Data>
    <Ementa />
    <Titulo />
    <SubTitulo />
    <Texto><![CDATA[<p class="identifica">PORTARIA Nº 42, DE 21 DE MAIO DE 2018</p><p>O DELEGADO SUBSTITUTO DA DELEGACIA ESPECIAL DA RECEITA FEDERAL DO BRASIL DE INSTITUIÇÕES FINANCEIRAS, EM SÃO PAULO(SP), no uso da competência que lhe foi subdelegada pela portaria RFB nº 4338, de 09 de setembro de 2005, publicada no DOU de 12 de setembro de 2005, e tendo em vista a Portaria RFB nº 4071, de 02 de maio de 2007, publicada no DOU de 02 de maio de 2007,Edição Extra, resolve:</p><p>Designar, Maurício Ferrari Cei, Auditor-Fiscal da Receita Federal do Brasil, matrícula SIAPECAD nº 1294325, para exercer a Função Comissionada do Poder Executivo de Chefe da Divisão de Fiscalização 2 - Difis 2, da Delegacia Especial da Receita Federal do Brasil de Instituições Financeiras em São Paulo (SP), código FCPE -101.2.</p><p class="assina">FABIANO MOUTINHO CARDOSO</p>]]></Texto>
  </body>
</article></xml>