﻿<xml><article id="3464400" name="Cessa efeitos dispensa remove He" idOficio="4814130" pubName="DO2" artType="Portaria" pubDate="01/06/2018" artClass="00038:00058:00001:00000:00000:00000:00000:00000:00000:00000:00001:00005" artCategory="Poder Judiciário/Tribunal Regional do Trabalho da 19ª Região/Presidência" artSize="8" artNotes="" numberPage="102" pdfPage="http://pesquisa.in.gov.br/imprensa/jsp/visualiza/index.jsp?data=01/06/2018&amp;jornal=529&amp;pagina=102" editionNumber="104" highlightType="" highlightPriority="" highlight="" idMateria="10797989">
  <body>
    <Identifica><![CDATA[ PORTARIA Nº 271, DE 28 DE MAIO DE 2018]]></Identifica>
    <Data><![CDATA[]]></Data>
    <Ementa />
    <Titulo />
    <SubTitulo />
    <Texto><![CDATA[<p class="identifica">PORTARIA Nº 271, DE 28 DE MAIO DE 2018</p><p>O DESEMBARGADOR PRESIDENTE DO TRIBUNAL REGIONAL DO TRABALHO DA DÉCIMA NONA REGIÃO, no uso de suas atribuições legais e regimentais estabelecidas no inciso VII do art. 24 do Regimento Interno, resolve:</p><p>Art. 1º. Cessar os efeitos do art. 3º daa Portaria nº 86-A/GP/TRT 19ª, de 1º.03.2018, publicada no Boletim Interno nº 03, de 1º.03.2018, que colocou a servidora Helena Beatriz Osório Westphalen, Analista Judiciária, à disposição da Secretaria de Gestão de Pessoas.</p><p>Art. 2º. Dispensar a servidora da função comissionada de Secretário Especializado, de nível FC-2, do Gabinete da Desembargadora Anne Helena Fischer Inojosa.</p><p>Art. 3º. Remover a servidora do Gabinete acima mencionado para o Setor de Informações Funcionais da Secretaria de Gestão de Pessoas.</p><p>Art.4º. Os efeitos da presente Portaria vigoram a partir da publicação.</p><p class="assina">PEDRO INÁCIO DA SILVA</p>]]></Texto>
  </body>
</article></xml>