﻿<xml><article id="3487561" name="23 - PORTARIA 76 EXON NOMEAC DE " idOficio="4814021" pubName="DO2" artType="Portaria" pubDate="04/06/2018" artClass="00010:00008:00022:00000:00000:00000:00000:00000:00000:00000:00025:00002" artCategory="Ministério da Defesa/Comando do Exército/Comando Logístico" artSize="8" artNotes="" numberPage="7" pdfPage="http://pesquisa.in.gov.br/imprensa/jsp/visualiza/index.jsp?data=04/06/2018&amp;jornal=529&amp;pagina=7" editionNumber="105" highlightType="" highlightPriority="" highlight="" idMateria="10797869">
  <body>
    <Identifica><![CDATA[ PORTARIA Nº 76-COLOG/SG1, DE 29 DE MAIO DE 2018]]></Identifica>
    <Data><![CDATA[]]></Data>
    <Ementa />
    <Titulo />
    <SubTitulo />
    <Texto><![CDATA[<p class="identifica">PORTARIA Nº 76-COLOG/SG1, DE 29 DE MAIO DE 2018</p><p>O COMANDANTE LOGÍSTICO, no uso da competência que lhe foi conferida pela Portaria nº 218-Comandante do Exército, de 20 de março de 2017, resolve</p><p>Exonerar ex officio, o Coronel da Reserva Remunerada (039765351-0) ROBERTO PEREIRA DUARTE, Prec-CP 96 1677970, do Comando Logístico (BRASÍLIA-DF), a partir de 1º de agosto de 2018, de acordo com a alínea a), do inciso II, do art. 11, da Portaria nº 218-Cmt Ex, de 20 de março de 2017, de Prestador de Tarefa por Tempo Certo.</p><p>Nomear o Coronel da Reserva Remunerada (039765351-0) ROBERTO PEREIRA DUARTE, Prec-CP 96 1677970, no Comando Logístico (BRASÍLIA-DF), para Prestador de Tarefa por Tempo Certo, para exercer a tarefa de Assessoramento Técnico na Assessoria de Planejamento, Programação e Controle Orçamentário do Colog, junto à 3ª Região Militar (Porto Alegre), pelo prazo de 24 (vinte e quatro) meses, a partir de 1º de agosto de 2018.</p><p class="assina">Gen Ex CARLOS ALBERTO NEIVA BARCELLOS</p>]]></Texto>
  </body>
</article></xml>