﻿<xml><article id="3465761" name="PTS80E81SOROCABA" idOficio="4814383" pubName="DO2" artType="Portaria" pubDate="01/06/2018" artClass="00022:00029:00239:00025:00050:00000:00000:00000:00000:00000:00025:00001" artCategory="Ministério do Desenvolvimento Social/Instituto Nacional do Seguro Social/Superintendência-Regional Sudeste I em São Paulo/Gerência Executiva - B - Sorocaba/Seção Operacional da Gestão de Pessoas" artSize="8" artNotes="OK" numberPage="66" pdfPage="http://pesquisa.in.gov.br/imprensa/jsp/visualiza/index.jsp?data=01/06/2018&amp;jornal=529&amp;pagina=66" editionNumber="104" highlightType="" highlightPriority="" highlight="" idMateria="10798383">
  <body>
    <Identifica><![CDATA[ PORTARIAS DE 30 DE MAIO DE 2018]]></Identifica>
    <Data><![CDATA[]]></Data>
    <Ementa />
    <Titulo />
    <SubTitulo />
    <Texto><![CDATA[<p class="identifica">PORTARIAS DE 30 DE MAIO DE 2018</p><p>O CHEFE DA SEÇÃO OPERACIONAL DA GESTÃO DE PESSOAS DA GERÊNCIA EXECUTIVA DO INSS EM SOROCABA/SP, no uso das atribuições que lhe foram conferidas na forma do artigo 235, I, "e" do Regimento Interno, aprovado pela PORTARIA/MDS n.º 414 de 28/09/17, publicada no DOU n.º 188-A de 29/09/17, Seção 1, resolve:</p><p>Nº 80 - Conceder aposentadoria voluntária integral ao servidor EDVALDO GOMES DA DILVA, matrícula SIAPE 0.945.771, ocupante do cargo de Técnico de Serviços Diversos, Classe S, Padrão IV, do Quadro de Pessoal do INSS, com fundamento no artigo 3° da EC n.° 47/05, acrescido das demais vantagens a que faz jus, observado o contido no Processo n.º 37299.006711/2018-37, declarando, em consequência, o referido cargo vago.</p><p>Nº 81- Conceder aposentadoria voluntária integral a servidora MÁRCIA APARECIDA DE OLIVEIRA, matrícula SIAPE 0.937.798, ocupante do cargo de Técnico do Seguro Social, Classe S, Padrão IV, do Quadro de Pessoal do INSS, com fundamento no artigo 3° da EC n.° 47/05, acrescido das demais vantagens a que faz jus, observado o contido no Processo n.º 35443.000163/2018-03, declarando, em consequência, o referido cargo vago.</p><p class="assina">ELIANE GOMES ROCHA</p>]]></Texto>
  </body>
</article></xml>