﻿<xml><article id="3466236" name="DOU 2-SGP-PT-905-UNI-287735_CRIP" idOficio="4814391" pubName="DO2" artType="Portaria" pubDate="01/06/2018" artClass="00034:00007:00015:00000:00000:00000:00000:00000:00000:00000:00025:00010" artCategory="Ministério Público da União/Ministério Público Federal/Secretaria de Gestão de Pessoas" artSize="8" artNotes="" numberPage="83" pdfPage="http://pesquisa.in.gov.br/imprensa/jsp/visualiza/index.jsp?data=01/06/2018&amp;jornal=529&amp;pagina=83" editionNumber="104" highlightType="" highlightPriority="" highlight="" idMateria="10798506">
  <body>
    <Identifica><![CDATA[ PORTARIA Nº 905, DE 29 DE MAIO DE 2018]]></Identifica>
    <Data><![CDATA[]]></Data>
    <Ementa />
    <Titulo />
    <SubTitulo />
    <Texto><![CDATA[<p class="identifica">PORTARIA Nº 905, DE 29 DE MAIO DE 2018</p><p>A SECRETÁRIA DE GESTÃO DE PESSOAS DO MINISTÉRIO PÚBLICO FEDERAL, no uso da competência que lhe foi atribuída pela Portaria SG/MPF nº 291, de 10 de maio de 2018, e tendo em vista o disposto no artigo 35 - inciso II da Lei nº 8.112, de 11 de dezembro de 1990, e no expediente PGR-00282829/2018, resolve:</p><p>Exonerar, a pedido, a partir de 31 de maio de 2018, GEANE BATISTA DE VASCONCELOS, ocupante do cargo de Analista do MPU/Apoio Técnico-Administrativo/ Biblioteconomia, matrícula nº 6045, do cargo em comissão de Chefe da Central de Atendimento ao Usuário, CC-2, da Secretaria Jurídica e de Documentação do Ministério Público Federal.</p><p class="assina">ELOÁ TODARELLI JUNQUEIRA</p>]]></Texto>
  </body>
</article></xml>