﻿<xml><article id="3461878" name="PT-APOS-114-2018" idOficio="4813771" pubName="DO2" artType="Portaria" pubDate="01/06/2018" artClass="00017:00002:00032:00007:00000:00000:00000:00000:00000:00000:00025:00001" artCategory="Ministério da Saúde/Secretaria Executiva/Coordenação-Geral do Núcleo Estadual de Rondônia/Serviço de Gestão Administrativa" artSize="8" artNotes="" numberPage="54" pdfPage="http://pesquisa.in.gov.br/imprensa/jsp/visualiza/index.jsp?data=01/06/2018&amp;jornal=529&amp;pagina=54" editionNumber="104" highlightType="" highlightPriority="" highlight="" idMateria="10797536">
  <body>
    <Identifica><![CDATA[ PORTARIA Nº 114, de 28 DE MAIO DE 2018]]></Identifica>
    <Data><![CDATA[]]></Data>
    <Ementa />
    <Titulo />
    <SubTitulo />
    <Texto><![CDATA[<p class="identifica">PORTARIA Nº 114, de 28 DE MAIO DE 2018</p><p>O Chefe do Serviço de Gestão Administrativa da Divisão de Gestão do Núcleo Estadual de Rondônia, da Secretaria Executiva do Ministério da Saúde no uso das atribuições que lhe confere a PT/SE/SAA/MS n.º 1.804, de 01.10.2013, publicada no DOU n.º 192, de 03.10.2013 e da Portaria n.º 952/GM/MS, de 07/04/2017, publicada no DOU n.º 69, de 10/04/2017, resolve:</p><p>Conceder aposentadoria voluntária ao servidor JOSÉ MAURO DE ARAÚJO, matrícula SIAPE n.º 0489993, ocupante do cargo de Agente de Saúde Pública - NI, Classe "S", Padrão III, do Quadro Permanente deste Ministério, com fundamento no artigo 6.º da Emenda Constitucional n.º 41/2003. (Processo n.º 25008.000756/2018-47).</p><p class="assina">IVAN FREITAS DE OLIVEIRA FILHO</p>]]></Texto>
  </body>
</article></xml>