﻿<xml><article id="3460184" name="PT13ANAPOLIS" idOficio="4812322" pubName="DO2" artType="Portaria" pubDate="01/06/2018" artClass="00022:00029:00238:00020:00027:00000:00000:00000:00000:00000:00025:00001" artCategory="Ministério do Desenvolvimento Social/Instituto Nacional do Seguro Social/Superintendência Regional Norte/Centro-Oeste em Brasília/Gerência-Executiva  - B - em Anápolis/Seção Operacional da Gestão de Pessoas" artSize="8" artNotes="OK" numberPage="64" pdfPage="http://pesquisa.in.gov.br/imprensa/jsp/visualiza/index.jsp?data=01/06/2018&amp;jornal=529&amp;pagina=64" editionNumber="104" highlightType="" highlightPriority="" highlight="" idMateria="10794483">
  <body>
    <Identifica><![CDATA[ PORTARIA Nº 13, de 29 de maio de 2018]]></Identifica>
    <Data><![CDATA[]]></Data>
    <Ementa />
    <Titulo />
    <SubTitulo />
    <Texto><![CDATA[<p class="identifica">PORTARIA Nº 13, de 29 de maio de 2018</p><p>A Chefe da Seção Operacional de Gestão de Pessoas da Gerência Executiva do INSS em Anápolis-GO, na forma da competência atribuída através da PT/INSS/DC n° 3.185 de 24.09.2003, publicada no DOU nº186, Seção 2, página 23 de 25.09.2003 e PT Nº 414/MDS, publicada no DOU - Edição Extra nº 188-A, de 29/9/2017, Seção 1, pág. 1/23 - Regimento Interno, Art. 235, inciso I, alíneas "a", "b" e "e" e o que consta no Processo nº 35070.000212/2018-85, resolve:</p><p>Conceder aposentadoria voluntária integral ao servidor WELINGTON PEREIRA DA SILVA, matrícula 6888254, ocupante do cargo de Datilógrafo, Nível Intermediário, Classe "S", Padrão IV, do quadro de pessoal do Instituto Nacional do Seguro Social, com fundamento no Artigo 3º da Emenda Constitucional Nº 47/2005, com proventos integrais e paridade. Declarando vago o cargo acima mencionado.</p><p class="assina">FRANCISCA ELVERENE DE CASTRO SILVA</p>]]></Texto>
  </body>
</article></xml>