﻿<xml><article id="3460568" name="PORTARIAAPOSENTADORIAALFREDOHENR" idOficio="4813737" pubName="DO2" artType="Portaria" pubDate="01/06/2018" artClass="00007:00003:00072:00000:00000:00000:00000:00000:00000:00000:00025:00001" artCategory="Ministério da Agricultura, Pecuária e Abastecimento/Secretaria Executiva/Superintendência Federal no Estado do Rio de Janeiro" artSize="8" artNotes="" numberPage="4" pdfPage="http://pesquisa.in.gov.br/imprensa/jsp/visualiza/index.jsp?data=01/06/2018&amp;jornal=529&amp;pagina=4" editionNumber="104" highlightType="" highlightPriority="" highlight="" idMateria="10797427">
  <body>
    <Identifica><![CDATA[  PORTARIAs DE 29 DE MAIO DE 2018]]></Identifica>
    <Data><![CDATA[]]></Data>
    <Ementa />
    <Titulo />
    <SubTitulo />
    <Texto><![CDATA[<p class="identifica">PORTARIAs DE 29 DE MAIO DE 2018</p><p>O SUPERINTENDENTE FEDERAL DE AGRICULTURA NO ESTADO DO RIO DE JANEIRO, no uso da competência que lhe confere o inciso VII, artigo 292, do Regimento Interno, da Secretaria Executiva, aprovado pela Portaria Ministerial nº 561, de 11 de abril de 2018, publicado na seção 1 do Diário Oficial da União de 13 de abril de 2018, e tendo em vista o disposto no Memorando-Circular nº 25/2018/SE-MAPA, de 25 de abril de 2018, resolve:</p><p>Nº 144 - Art. 1º - CONCEDER, aposentadoria voluntária ao servidor CARLITO DE CAMPOS CRUZ, Matrícula SIAPE nº 139898, ocupante do cargo de Auditor Fiscal Federal Agropecuário, Código 409010, Nível Superior, Classe S, padrão IV, pertencente ao Quadro de Pessoal deste Ministério da Agricultura, Pecuária e Abastecimento, com proventos integrais, embasada no fundamento legal do art. 3º da Emenda Constitucional nº 47, de 06/07/2005. Processo (Sei) nº 21044.001952/2018-41</p><p>Artigo 2º - Esta Portaria entra em vigor na data de sua publicação</p><p>Nº 145 - Art. 1º - CONCEDER, aposentadoria voluntária ao servidor ALFREDO HENRIQUE MAGER, Matrícula SIAPE nº 988066, ocupante do cargo de Auditor Fiscal Federal Agropecuário, Código 409010, Nível Superior, Classe S, padrão IV, pertencente ao Quadro de Pessoal deste Ministério da Agricultura, Pecuária e Abastecimento, com proventos integrais, embasada no fundamento legal do art. 3º da Emenda Constitucional nº 47, de 06/07/2005. Processo (Sei) nº 21044.000984/2018-20</p><p>Artigo 2º - Esta Portaria entra em vigor na data de sua publicação</p><p>Nº 146 - Art. 1º -. CONCEDER, aposentadoria voluntária ao servidor SEBASTIAO JOSE MARREIROS matrícula SIAPE Nº 18253, ocupante do cargo de Agente de Inspeção Sanitária e Industrial de Produtos de Origem Animal, Código 104001, Nível Intermediário, Classe S, padrão IV, pertencente ao Quadro de Pessoal deste Ministério da Agricultura, Pecuária e Abastecimento, com proventos integrais, embasada no fundamento do art. 3º da Emenda Constitucional nº 47, de 06/07/2005. Processo (Sei) nº 21044.001724/2018-71</p><p>Art. 2º - Esta Portaria entra em vigor na data de sua publicação.</p><p>Nº 147 - Art. 1º -. CONCEDER, aposentadoria voluntária ao servidor PAULO CELSO DA COSTA matrícula SIAPE Nº 18239, ocupante do cargo de Agente de Inspeção Sanitária e Industrial de Produtos de Origem Animal, Código 104001, Nível Intermediário, Classe S, padrão IV, pertencente ao Quadro de Pessoal deste Ministério da Agricultura, Pecuária e Abastecimento, com proventos integrais, embasada no fundamento do art. 3º da Emenda Constitucional nº 47, de 06/07/2005. Processo (Sei) nº 21044.001895/2018-09</p><p>Artigo 2º - Esta Portaria entra em vigor na data de sua publicação</p><p class="assina">GILBERTO ALENCAR BELO</p><p></p>]]></Texto>
  </body>
</article></xml>