﻿<xml><article id="3487507" name="Port. APO - 3299" idOficio="4812992" pubName="DO2" artType="Portaria" pubDate="04/06/2018" artClass="00011:00119:00001:00001:00000:00000:00000:00000:00000:00000:00025:00001" artCategory="Ministério da Educação/Universidade Federal de Minas Gerais/Reitoria/Gabinete" artSize="8" artNotes="" numberPage="18" pdfPage="http://pesquisa.in.gov.br/imprensa/jsp/visualiza/index.jsp?data=04/06/2018&amp;jornal=529&amp;pagina=18" editionNumber="105" highlightType="" highlightPriority="" highlight="" idMateria="10796186">
  <body>
    <Identifica><![CDATA[ PORTARIA Nº 3.299, DE 14 DE MAIO DE 2018]]></Identifica>
    <Data><![CDATA[]]></Data>
    <Ementa />
    <Titulo />
    <SubTitulo />
    <Texto><![CDATA[<p class="identifica">PORTARIA Nº 3.299, DE 14 DE MAIO DE 2018</p><p>A Reitora da Universidade Federal de Minas Gerais, no uso de suas atribuições, resolve:</p><p>Nos termos do art. 3º, da EC nº 47/2005, aposentar FRANCISCO DE ASSIS FERNANDES, inscrição UFMG nº 085812, matrícula SIAPE nº 0317641, ocupante do cargo de Assistente em Administração, Nível de Classificação D, Nível de Capacitação IV, Padrão de Vencimento 16, lotado na Faculdade de Educação, com proventos integrais, por ter provado contar 37 (trinta e sete) anos de contribuição.</p><p class="assina">SANDRA REGINA GOULART ALMEIDA</p>]]></Texto>
  </body>
</article></xml>