﻿<xml><article id="3460637" name="PT70CAMPINAS" idOficio="4813740" pubName="DO2" artType="Portaria" pubDate="01/06/2018" artClass="00022:00029:00239:00010:00021:00000:00000:00000:00000:00000:00025:00009" artCategory="Ministério do Desenvolvimento Social/Instituto Nacional do Seguro Social/Superintendência-Regional Sudeste I em São Paulo/Gerência Executiva - B - Campinas/Seção Operacional da Gestão de Pessoas" artSize="8" artNotes="OK" numberPage="64" pdfPage="http://pesquisa.in.gov.br/imprensa/jsp/visualiza/index.jsp?data=01/06/2018&amp;jornal=529&amp;pagina=64" editionNumber="104" highlightType="" highlightPriority="" highlight="" idMateria="10797498">
  <body>
    <Identifica><![CDATA[ PORTARIA Nº 70,  DE 30 DE MAIO DE 2018]]></Identifica>
    <Data><![CDATA[]]></Data>
    <Ementa />
    <Titulo />
    <SubTitulo />
    <Texto><![CDATA[<p></p><p class="identifica">PORTARIA Nº 70, DE 30 DE MAIO DE 2018</p><p>O CHEFE DA SEÇÃO OPERACIONAL DA GESTÃO DE PESSOAS DA GERÊNCIA EXECUTIVA DO INSS EM CAMPINAS, no Estado de São Paulo, no uso das atribuições conferidas pelo artigo 235 do Regimento Interno aprovado pela PORTARIA MDS Nº 414, DE 29/09/2017 e publicada no DOU nº 188 de 29/09/2017, RESOLVE :</p><p>Conceder, aposentadoria voluntária a servidora MARIA INES LARGUESA, matrícula SIAPE 0.934.968 código de vaga nº 0540953, ocupante do cargo de Técnico do Seguro Social, Classe S, Padrão IV, do Quadro de Pessoal Permanente do Instituto Nacional do Seguro Social, com fundamento no artigo 3º, da Emenda Constitucional nº 47, de 05 de julho de 2005, com proventos integrais e demais vantagens a que faz jus, observado o contido no Processo nº 35429.000572/2018-80, declarando, em consequência, a vacância do referido cargo.</p><p class="assina">PRISCILA ARIANE VIEIRA DE MELLO</p>]]></Texto>
  </body>
</article></xml>