﻿<xml><article id="3463227" name="DISPENSAR A PEDIDO_28_05 - REITO" idOficio="4813980" pubName="DO2" artType="Portaria" pubDate="01/06/2018" artClass="00011:00109:00001:00001:00000:00000:00000:00000:00000:00000:00025:00001" artCategory="Ministério da Educação/Universidade Federal do Ceará/Reitoria/Gabinete do Reitor" artSize="8" artNotes="" numberPage="33" pdfPage="http://pesquisa.in.gov.br/imprensa/jsp/visualiza/index.jsp?data=01/06/2018&amp;jornal=529&amp;pagina=33" editionNumber="104" highlightType="" highlightPriority="" highlight="" idMateria="10797804">
  <body>
    <Identifica><![CDATA[ PORTARIAS DE 28 DE MAIO DE 2018]]></Identifica>
    <Data><![CDATA[]]></Data>
    <Ementa />
    <Titulo />
    <SubTitulo />
    <Texto><![CDATA[<p></p><p class="identifica">PORTARIAS DE 28 DE MAIO DE 2018</p><p>O Reitor da Universidade Federal do Ceará, no uso de suas atribuições legais e estatutárias, resolve:</p><p>Nº 2.198 - Dispensar, a pedido, ROMEU DUARTE JUNIOR, matrícula SIAPE nº 289822, da função/cargo de Chefe, código: FG-01, do Departamento de Arquitetura e Urbanismo do Centro de Tecnologia desta Universidade. (Processo n.° 23067.031932/2018-62).</p><p>Esta portaria entra em vigor na data de sua publicação.</p><p>Nº 2.199 - Dispensar, a pedido, CLOVIS RAMIRO JUCA NETO, matrícula SIAPE nº 2223272, da função/cargo de Subchefe, do Departamento de Arquitetura e Urbanismo do Centro de Tecnologia desta Universidade. (Processo n.° 23067.031932/2018-62).</p><p>Esta portaria entra em vigor na data de sua publicação.</p><p>Nº 2.200 - Art. 1º Designar RENAN CID VARELA LEITE, matrícula SIAPE nº 3060142, para exercer a função Chefe, código: FG-01, do Departamento de Arquitetura e Urbanismo do Centro de Tecnologia desta Universidade, por um período de 02 (dois) anos.</p><p>Art. 2º Designar ROBERTO CESAR CAVALCANTE VIEIRA, matrícula SIAPE nº 2974287, como Subchefe e substituto(a) do servidor indicado no Art. 1º, nos casos de seus afastamentos, impedimentos legais ou regulamentares e na vacância do cargo. (Processo n.° 23067.031932/2018-62).</p><p>Esta portaria entra em vigor na data de sua publicação.</p><p class="assina">Henry de Holanda Campos</p>]]></Texto>
  </body>
</article></xml>