﻿<xml><article id="3464556" name="01.06.18 - Portarias 202 a 204" idOficio="4814165" pubName="DO2" artType="Portaria" pubDate="01/06/2018" artClass="00009:00014:00000:00000:00000:00000:00000:00000:00000:00000:00025:00001" artCategory="Ministério da Cultura/Instituto Brasileiro de Museus" artSize="8" artNotes="" numberPage="9" pdfPage="http://pesquisa.in.gov.br/imprensa/jsp/visualiza/index.jsp?data=01/06/2018&amp;jornal=529&amp;pagina=9" editionNumber="104" highlightType="" highlightPriority="" highlight="" idMateria="10798057">
  <body>
    <Identifica><![CDATA[ PORTARIA Nº 202, DE 29 DE MAIO DE 2018]]></Identifica>
    <Data><![CDATA[]]></Data>
    <Ementa />
    <Titulo />
    <SubTitulo />
    <Texto><![CDATA[<p class="identifica">PORTARIA Nº 202, DE 29 DE MAIO DE 2018</p><p>O PRESIDENTE DO INSTITUTO BRASILEIRO DE MUSEUS - IBRAM, no uso da atribuição que lhe confere o art. 20, inciso IV, do Decreto nº 6.845/2009, CONSIDERANDO o constante dos autos do processo nº 01443.000052/2018-77, resolve:</p><p>Art. 1º Conceder aposentadoria voluntária com proventos integrais à servidora Lucia Maria Carvalho Neves, matrícula SIAPE nº 223687, detentora do cargo de Técnico III, Classe "S", Padrão III, Nível Superior, do quadro de pessoal deste Instituto, com fundamento nos incisos I a III e parágrafo único do Art. 3º da Emenda Constitucional nº 47/2005.</p><p>Art. 2º Declarar o cargo acima vago.</p><p>Art. 3º Esta Portaria entra em vigor na data de sua publicação.</p><p class="assina">Marcelo Mattos Araujo</p><p class="identifica">PORTARIA Nº 203, DE 29 DE MAIO DE 2018</p><p>O PRESIDENTE DO INSTITUTO BRASILEIRO DE MUSEUS - IBRAM, no uso da atribuição que lhe confere o art. 20, inciso IV, do Decreto nº 6.845/2009, CONSIDERANDO o constante dos autos do processo nº 01415.001481/2018-07, resolve:</p><p>Art. 1º Conceder aposentadoria voluntária com proventos integrais ao servidor Evilásio Patrocínio, matrícula SIAPE nº 223508, detentor do cargo de Artífice de Manutenção, Classe "S", Padrão III, Nível Intermediário, do quadro de pessoal deste Instituto, com fundamento nos incisos I a III e parágrafo único do Art. 3º da Emenda Constitucional nº 47/2005.</p><p>Art. 2º Declarar o cargo acima vago.</p><p>Art. 3º Esta Portaria entra em vigor na data de sua publicação.</p><p class="assina">Marcelo Mattos Araujo</p><p class="identifica">PORTARIA Nº 204, DE 29 DE MAIO DE 2018</p><p>O PRESIDENTE DO INSTITUTO BRASILEIRO DE MUSEUS - IBRAM, no uso da atribuição que lhe confere o art. 20, inciso IV, do Decreto nº 6.845/2009, CONSIDERANDO o constante dos autos do processo nº 01415.001902/2018-91, resolve:</p><p>Art. 1º Conceder aposentadoria voluntária com proventos integrais ao servidor Roberto de Almeida Bispo, matrícula SIAPE nº 223909, detentor do cargo de Assistente Técnico Administrativo III, Classe "S", Padrão III, Nível Superior, do quadro de pessoal deste Instituto, com fundamento nos incisos I a III e parágrafo único do Art. 3º da Emenda Constitucional nº 47/2005.</p><p>Art. 2º Declarar o cargo acima vago.</p><p>Art. 3º Esta Portaria entra em vigor na data de sua publicação.</p><p class="assina">Marcelo Mattos Araujo</p>]]></Texto>
  </body>
</article></xml>