﻿<xml><article id="3461983" name="Portaria nº 65 -2018 - Nomear He" idOficio="4813803" pubName="DO2" artType="Portaria" pubDate="01/06/2018" artClass="00028:00008:00009:00000:00000:00000:00000:00000:00000:00000:00025:00001" artCategory="Ministério do Turismo/Instituto Brasileiro de Turismo/Presidência" artSize="8" artNotes="" numberPage="78" pdfPage="http://pesquisa.in.gov.br/imprensa/jsp/visualiza/index.jsp?data=01/06/2018&amp;jornal=529&amp;pagina=78" editionNumber="104" highlightType="" highlightPriority="" highlight="" idMateria="10797548">
  <body>
    <Identifica><![CDATA[ Portaria nº 65, de 30 de maio de 2018]]></Identifica>
    <Data><![CDATA[]]></Data>
    <Ementa />
    <Titulo />
    <SubTitulo />
    <Texto><![CDATA[<p class="identifica">Portaria nº 65, de 30 de maio de 2018</p><p>A Presidente da EMBRATUR - Instituto Brasileiro de Turismo, no uso de suas atribuições conferidas pela Portaria do Ministério do Turismo nº 209, de 28 de maio de 2012, pelo art. 4º da Lei n.º 8.181, de 28 de março de 1991 e art. 13 da Estrutura Regimental, aprovada pelo Decreto n° 8.644, de 21 de janeiro de 2016, resolve:</p><p>Nomear HERCY AYRES RODRIGUES FILHO, para exercer o cargo em comissão de Chefe de Gabinete, código DAS 101.4, da Presidência da EMBRATUR - Instituto Brasileiro de Turismo.</p><p class="assina">APARECIDA BEZERRA</p>]]></Texto>
  </body>
</article></xml>