﻿<xml><article id="3466071" name="2018_05_29_Publicação_2018_06_01" idOficio="4814414" pubName="DO2" artType="Portaria" pubDate="01/06/2018" artClass="00011:00136:00001:00000:00000:00000:00000:00000:00000:00000:00025:00001" artCategory="Ministério da Educação/Universidade Federal de São Paulo/Reitoria" artSize="8" artNotes="" numberPage="41" pdfPage="http://pesquisa.in.gov.br/imprensa/jsp/visualiza/index.jsp?data=01/06/2018&amp;jornal=529&amp;pagina=41" editionNumber="104" highlightType="" highlightPriority="" highlight="" idMateria="10798456">
  <body>
    <Identifica><![CDATA[ PORTARIAS DE 29 DE MAIO DE 2018]]></Identifica>
    <Data><![CDATA[]]></Data>
    <Ementa />
    <Titulo />
    <SubTitulo />
    <Texto><![CDATA[<p class="identifica">PORTARIAS DE 29 DE MAIO DE 2018</p><p>A Reitora da Universidade Federal de São Paulo, no uso de suas atribuições legais e estatutárias, resolve:</p><p>Nº 1.696 - Conceder o afastamento do país a ARNALDO LOPES COLOMBO, Professor Titular e Médico do Departamento de Medicina do Campus São Paulo, no período de 04.06.2018 a 06.06.2018, para participar no "Preceptorship de Micología", no Chile, com ônus limitado (Processo nº 23089.035553/2018-93).</p><p>Nº 1.697 - Conceder o afastamento do país a PAULO ROBERTO MIRANDA MEIRELLES, Professor Adjunto do Departamento de Informática em Saúde do Campus São Paulo, no período de 06.06.2018 a 12.06.2018, para participar na "14th International Conference on Open Source Systems", na Grécia, com ônus CDT/UnB (diárias e passagens aéreas) (Processo nº 23089.035561/2018-30).</p><p>Nº 1.698 - Conceder o afastamento do país a AUGUSTO PARANHOS JUNIOR, Professor Adjunto do Departamento de Oftalmologia do Campus São Paulo, no período de 09.06.2018 a 17.06.2018, para participar em encontro médico filantrópico, no Líbano, com ônus limitado (Processo nº 23089.035558/2018-16).</p><p>Nº 1.699 - Conceder o afastamento do país a NELCI ZANON COLLANGE, Médico do Departamento de Neurologia e Neurocirurgia do Campus São Paulo, no período de 10.06.2018 a 17.06.2018, para participar no Curso Anual de Pós-graduação da Sociedade Europeia de Neurocirurgia Pediátrica, na Itália, com ônus limitado (Processo nº 23089.035565/2018-18).</p><p class="assina">SORAYA SOUBHI SMAILI</p>]]></Texto>
  </body>
</article></xml>