﻿<xml><article id="3465109" name="DESPACHO nº 533-2018 - ANAILDO B" idOficio="4814173" pubName="DO2" artType="Despacho" pubDate="01/06/2018" artClass="00009:00002:00000:00000:00000:00000:00000:00000:00000:00000:00019:00007" artCategory="Ministério da Cultura/Secretaria Executiva" artSize="8" artNotes="" numberPage="9" pdfPage="http://pesquisa.in.gov.br/imprensa/jsp/visualiza/index.jsp?data=01/06/2018&amp;jornal=529&amp;pagina=9" editionNumber="104" highlightType="" highlightPriority="" highlight="" idMateria="10798067">
  <body>
    <Identifica><![CDATA[ DESPACHO De 28 DE MAIO DE 2018]]></Identifica>
    <Data><![CDATA[]]></Data>
    <Ementa />
    <Titulo />
    <SubTitulo />
    <Texto><![CDATA[<p class="identifica">DESPACHO De 28 DE MAIO DE 2018</p><p>A SECRETÁRIA-EXECUTIVA DO MINISTÉRIO DA CULTURA, no uso da competência que lhe foi delegado pela Portaria nº 46, de 11 de abril de 2018, e tendo em vista o disposto no art. 2º do Decreto nº 1.387, de 7 de fevereiro de 1995, resolve AUTORIZAR o afastamento do país de ANAILDO BERNARDO BARAÇAL, Técnico III Classe A Nível III do Museu Nacional de Belas Artes/IBRAM , para realizar acompanhamento técnico do empréstimo internacional temporário da obra "Vista da enseada de Trouville", de Eugène-Louis Boudin, em Madri, Espanha no período de 20 a 25 de junho de 2018, incluindo trânsito, com ônus limitado/IBRAM (Processo nº 01441.000463/2018-82).</p><p class="assina">MARIANA RIBAS DA SILVA</p>]]></Texto>
  </body>
</article></xml>