﻿<xml><article id="3459854" name="PT 114 47001 JOSE ROBERTO DOS SA" idOficio="4811637" pubName="DO2" artType="Portaria" pubDate="01/06/2018" artClass="00017:00002:00034:00004:00000:00000:00000:00000:00000:00000:00025:00003" artCategory="Ministério da Saúde/Secretaria Executiva/Divisão de Gestão do Núcleo Estadual de Santa Catarina/Serviço de Gestão Administrativa" artSize="8" artNotes="" numberPage="55" pdfPage="http://pesquisa.in.gov.br/imprensa/jsp/visualiza/index.jsp?data=01/06/2018&amp;jornal=529&amp;pagina=55" editionNumber="104" highlightType="" highlightPriority="" highlight="" idMateria="10793490">
  <body>
    <Identifica><![CDATA[ PORTARIA Nº 114, de 29 de maio de 2018]]></Identifica>
    <Data><![CDATA[]]></Data>
    <Ementa />
    <Titulo />
    <SubTitulo />
    <Texto><![CDATA[<p class="identifica">PORTARIA Nº 114, de 29 de maio de 2018</p><p>A CHEFE SUBSTITUTA DO SERVIÇO DE GESTÃO ADMINISTRATIVA DO NÚCLEO ESTADUAL DO MINISTÉRIO DA SAÚDE EM SANTA CATARINA, no uso da competência que lhe foi subdelegada pela Portaria SAA/SE/MS n.º 1.804, de 01/10/13, publicada no DOU n.º 192 de 03/10/13, resolve:</p><p>Conceder Aposentadoria Voluntária Integral, por Tempo de Contribuição, de acordo com o artigo 3.º, incisos I, II e III da Emenda Constitucional n.º 47/2005, ao servidor JOSÉ ROBERTO DOS SANTOS, matrícula SIAPE n.º 057458-1, no cargo de Auxiliar Operacional de Serviços Diversos, Classe S, Padrão NI-III, pertencente ao Quadro Permanente deste Ministério, com proventos, correspondentes ao valor do cargo acima citado, acrescidos de 16% (dezesseis por cento) de Adicional por Tempo de Serviço e demais vantagens do cargo.</p><p>(Processo n.º 25024.000503/2018-75).</p><p class="assina">FLAVIA DA SILVEIRA</p>]]></Texto>
  </body>
</article></xml>