﻿<xml><article id="3460118" name="Portaria nº 620 de 29 de maio de" idOficio="4812484" pubName="DO2" artType="Portaria" pubDate="01/06/2018" artClass="00011:00063:00001:00000:00000:00000:00000:00000:00000:00000:00025:00004" artCategory="Ministério da Educação/Instituto Federal de Educação, Ciência e Tecnologia Fluminense/Reitoria" artSize="8" artNotes="" numberPage="27" pdfPage="http://pesquisa.in.gov.br/imprensa/jsp/visualiza/index.jsp?data=01/06/2018&amp;jornal=529&amp;pagina=27" editionNumber="104" highlightType="" highlightPriority="" highlight="" idMateria="10794706">
  <body>
    <Identifica><![CDATA[ Portaria Nº 620, de 29 de maio de 2018]]></Identifica>
    <Data><![CDATA[]]></Data>
    <Ementa />
    <Titulo />
    <SubTitulo />
    <Texto><![CDATA[<p class="identifica">Portaria Nº 620, de 29 de maio de 2018</p><p>O REITOR DO INSTITUTO FEDERAL DE EDUCAÇÃO, CIÊNCIA E TECNOLOGIA FLUMINENSE - IFFLUMINENSE, no uso das atribuições legais que lhe confere a Lei 11.892 de 29/12/2008, publicada no D.O.U. de 30/12/2008; a Portaria MEC N.º 378, de 09/05/2016, publicada no D.O.U. de 10/05/2016, seção 1, páginas 19 a 27 e o Decreto Presidencial de 05 de abril de 2016, publicado no D.O.U. de 06 de abril de 2016, resolve:</p><p>Art. 1.º Conceder APOSENTADORIA VOLUNTÁRIA COM PROVENTOS PROPORCIONAIS a 27/30 (vinte e sete trinta avos), de acordo com o § 1º, inciso III, alínea "b" do Artigo 40 da Constituição Federal/88, com redação dada pela Emenda Constitucional N.º 41/2003,combinado com o Artigo 186, inciso III, alínea "d" da Lei 8.112/90, à servidora ELIZABETH DA SILVA GAMA, Matrícula SIAPE1786297, ocupante do cargo de Médico-Área, Nível de Classificação E, Nível de Capacitação III, Padrão de Vencimento VI, no regime de trabalho de 40 horas semanais, código de vaga 206937, do Quadro Permanente deste Instituto, assegurando-se a seguinte incorporação: oIncentivo à Qualificação no percentual de 52% (cinquenta e dois por cento), correspondente à Titulação de Mestrado, de acordo com o previsto na Lei 11.091 de 12/01/2005, com a alteração dada pela Lei 12.772 de 28/12/2012, publicada no D.O.U. de 31/12/2012, tendo em vista o que consta no Processo N.º 23317.004558.2018-33.</p><p>Art. 2.º Declarar vago o respectivo cargo.</p><p>Art. 3.º Esta portaria entra em vigor na data de sua publicação no Diário Oficial da União.</p><p class="assina">JEFFERSON MANHÃES DE AZEVEDO</p><p></p>]]></Texto>
  </body>
</article></xml>