﻿<xml><article id="3465019" name="afastDOpais_30052018" idOficio="4814257" pubName="DO2" artType="Despacho" pubDate="01/06/2018" artClass="00011:00130:00000:00000:00000:00000:00000:00000:00000:00000:00019:00001" artCategory="Ministério da Educação/Universidade Federal do Rio de Janeiro" artSize="8" artNotes="" numberPage="39" pdfPage="http://pesquisa.in.gov.br/imprensa/jsp/visualiza/index.jsp?data=01/06/2018&amp;jornal=529&amp;pagina=39" editionNumber="104" highlightType="" highlightPriority="" highlight="" idMateria="10798148">
  <body>
    <Identifica><![CDATA[ DESPACHOS De 30 de maio de 2018]]></Identifica>
    <Data><![CDATA[]]></Data>
    <Ementa />
    <Titulo />
    <SubTitulo />
    <Texto><![CDATA[<p class="identifica">DESPACHOS De 30 de maio de 2018</p><p>O Reitor da Universidade Federal do Rio de Janeiro, no uso da competência que lhe foi subdelegada pela Portaria nº 404/MEC de 23 de abril de 2009, resolve autorizar o afastamento do país do(s) seguinte(s) servidor(es):</p><p>MARIA LUIZA ROCCO DUARTE PEREIRA, Matrícula SIAPE nº 1153995, ocupante do cargo de Professor do Magistério Superior, lotado(a) no(a) Instituto de Química, no período de 31/05/2018 a 09/06/2018, para ministrar palestras na VI San Luis Conference on Surfaces, Interfaces and Catalysis, no INTEC, em Santa Fé - Argentina - com ônus limitado (Processo 23079.017136/2018-88).</p><p>ALBERTO SCHANAIDER, Matrícula SIAPE nº 7650585, ocupante do cargo de Professor do Magistério Superior, lotado(a) no(a) Faculdade de Medicina, no período de 31/05/2018 a 07/06/2018, para apresentar trabalho científico na Digestive Disease Week (DDW), em Whashington - EUA - com ônus limitado (Processo 23079.016205/2018-36).</p><p>RUBEM RAPHAEL DOS SANTOS CAETANO, Matrícula SIAPE nº 1714145, ocupante do cargo de Professor do Magistério Superior, lotado(a) no(a) Campus Macaé, no período de 31/05/2018 a 10/06/2018, para apresentar trabalho científico na VI San Luis Conference on Surfaces, Interfaces and Catalysis, no INTEC, em Santa Fé - Argentina - com ônus limitado (Processo 23079.020081/2018-93).</p><p>JOSE ORLANDO GOMES , Matrícula SIAPE nº 1285314, ocupante do cargo de Professor do Magistério Superior, lotado(a) no(a) Escola Politécnica, no período de 31/05/2018 a 03/06/2018, para participar de Seminário de Ergonomia, na SOPERGO, em Lima - Peru - com ônus limitado (Processo 23079.023924/2018-11).</p><p>PRISCILA BRIGOLINI PORFIRIO FERREIRA, Matrícula SIAPE nº 1807808, ocupante do cargo de Professor do Magistério Superior, lotado(a) no(a) Escola de Enfermagem Anna Nery, no período de 31/05/2018 a 07/06/2018, para participar da WOCN Society's 50th Annual Conference, no WOCN - Wound Ostomy and Continence Nurses Society , em Filadélfia - EUA - com ônus limitado (Processo 23079.023113/2018-11).</p><p class="assina">ROBERTO LEHER</p>]]></Texto>
  </body>
</article></xml>