﻿<xml><article id="3465797" name="PORTARIA de 29.05.2018" idOficio="4814374" pubName="DO2" artType="Portaria" pubDate="01/06/2018" artClass="00011:00060:00010:00000:00000:00000:00000:00000:00000:00000:00025:00001" artCategory="Ministério da Educação/Instituto Federal de Educação, Ciência e Tecnologia do Ceará/Campus Crateús" artSize="8" artNotes="" numberPage="25" pdfPage="http://pesquisa.in.gov.br/imprensa/jsp/visualiza/index.jsp?data=01/06/2018&amp;jornal=529&amp;pagina=25" editionNumber="104" highlightType="" highlightPriority="" highlight="" idMateria="10798396">
  <body>
    <Identifica><![CDATA[ PORTARIAS Nº 74,  DE 29 DE MAIO DE 2018]]></Identifica>
    <Data><![CDATA[]]></Data>
    <Ementa />
    <Titulo />
    <SubTitulo />
    <Texto><![CDATA[<p></p><p class="identifica">PORTARIAS Nº 74, DE 29 DE MAIO DE 2018</p><p>O DIRETOR GERAL EM EXERCÍCIO DO INSTITUTO FEDERAL DE EDUCAÇÃO, CIÊNCIA E TECNOLOGIA DO CEARÁ/CAMPUS DE CRATEÚS, Considerando o uso da competência que lhe foi delegada pela Portaria n.º 252/GR da Reitoria do IFCE, de 20/03/2017; Considerando a competência que lhe foi delegada pela Portaria n.º402/GABR/REITORIA, de 18/05/2018; Considerando o processo 23293.010523.2018-59; resolve:</p><p>Art. 1º - Designar o servidor CÉSAR AUGUSTUS DINIZ SILVA, Professor do Ensino Básico, Técnico e Tecnológico, matrícula SIAPE 1224194, para assumir a função de titular da Coordenadoria do Curso de Licenciatura em Música, código FCC, vinculada à Diretoria de Ensino do campus Crateús.</p><p>Art. 2º - Esta Portaria entrará em vigor na data de sua publicação no Diário Oficial da União.</p><p class="assina">Antonio Marcos de Sousa Lima</p><p></p>]]></Texto>
  </body>
</article></xml>