﻿<xml><article id="3487603" name="396.2018 - APOSENTADORIA VOLUNTÁ" idOficio="4814338" pubName="DO2" artType="Portaria" pubDate="04/06/2018" artClass="00017:00026:00013:00000:00000:00000:00000:00000:00000:00000:00025:00002" artCategory="Ministério da Saúde/Secretaria de Atenção à Saúde/Instituto Nacional de Traumatologia e Ortopedia Jamil Haddad" artSize="8" artNotes="" numberPage="31" pdfPage="http://pesquisa.in.gov.br/imprensa/jsp/visualiza/index.jsp?data=04/06/2018&amp;jornal=529&amp;pagina=31" editionNumber="105" highlightType="" highlightPriority="" highlight="" idMateria="10798310">
  <body>
    <Identifica><![CDATA[ PORTARIA Nº  396, DE 21 DE MAIO DE 2018]]></Identifica>
    <Data><![CDATA[]]></Data>
    <Ementa />
    <Titulo />
    <SubTitulo />
    <Texto><![CDATA[<p class="identifica">PORTARIA Nº 396, DE 21 DE MAIO DE 2018</p><p>O Diretor do Instituto Nacional de Traumatologia e Ortopedia Jamil Haddad, no uso das atribuições que lhe conferem a Portaria nº. 717/GM/MS, de 22 de Março de 2018, publicada no Diário Oficial da União - DOU nº. 57, de 23 de Março de 2018 e Portaria/CGRH/MS nº. 1041, de 30 de outubro de 2009, publicada no Diário Oficial da União - DOU nº. 209, de 03 de novembro de 2009, resolve:</p><p>I - Conceder aposentadoria voluntária com proventos integrais à servidora MONICA LOURIVAL, matrícula SIAPE nº 153.005-6, ocupante do cargo de Médica, código NS 309010, Classe C, Padrão I, do Quadro de Pessoal do Ministério da Saúde, com fundamento no Artigo 40, Parágrafo 1º, Inciso III, alínea "A" da Constituição Federal de 1988, com redação dada pela Emenda Constitucional nº. 41/2003, com os proventos calculados com base no artigo 1º da lei nº 10887/04 e as demais vantagens a que fizer jus.</p><p>II - Declarar vago o cargo referido no item I.</p><p class="assina">ANDRÉ LUIZ LOYELO BARCELLOS</p><p></p>]]></Texto>
  </body>
</article></xml>