﻿<xml><article id="3465115" name="DESPACHO nº 521-2018 - LAIO VELO" idOficio="4814173" pubName="DO2" artType="Despacho" pubDate="01/06/2018" artClass="00009:00002:00000:00000:00000:00000:00000:00000:00000:00000:00019:00005" artCategory="Ministério da Cultura/Secretaria Executiva" artSize="8" artNotes="" numberPage="9" pdfPage="http://pesquisa.in.gov.br/imprensa/jsp/visualiza/index.jsp?data=01/06/2018&amp;jornal=529&amp;pagina=9" editionNumber="104" highlightType="" highlightPriority="" highlight="" idMateria="10798066">
  <body>
    <Identifica><![CDATA[ DESPACHO De 25 DE MAIO DE 2018]]></Identifica>
    <Data><![CDATA[]]></Data>
    <Ementa />
    <Titulo />
    <SubTitulo />
    <Texto><![CDATA[<p class="identifica">DESPACHO De 25 DE MAIO DE 2018</p><p>A SECRETÁRIA-EXECUTIVA DO MINISTÉRIO DA CULTURA, no uso da competência que lhe foi delegada pela Portaria nº 46, de 11 de abril de 2018, e tendo em vista o disposto no art. 2º, do Decreto nº 1.387, de 7 de fevereiro de 1995, resolve AUTORIZAR o afastamento do país de LAIO VELOSO DE OLIVEIRA, Coordenador do Departamento de Promoção Internacional, da Secretaria de Articulação e Desenvolvimento Institucional, para participar XLVI Reunião do Comitê Coordenador Regional e da XLIII Reunião de Ministros da Cultura do Mercosul, em Assunção, Paraguai, no período de 05 a 09 de junho de 2018, incluindo trânsito, com ônus/MINC (Processo nº 01400.008350/2018-10).</p><p class="assina">MARIANA RIBAS DA SILVA</p>]]></Texto>
  </body>
</article></xml>