﻿<xml><article id="3464550" name="Despacho Sefel - afastamento Wal" idOficio="4814164" pubName="DO2" artType="Despacho" pubDate="01/06/2018" artClass="00012:00056:00000:00000:00000:00000:00000:00000:00000:00000:00019:00001" artCategory="Ministério da Fazenda/Secretaria de Acompanhamento Econômico" artSize="8" artNotes="" numberPage="48" pdfPage="http://pesquisa.in.gov.br/imprensa/jsp/visualiza/index.jsp?data=01/06/2018&amp;jornal=529&amp;pagina=48" editionNumber="104" highlightType="" highlightPriority="" highlight="" idMateria="10798056">
  <body>
    <Identifica><![CDATA[ DESPACHO de 29 de maio de 2018]]></Identifica>
    <Data><![CDATA[]]></Data>
    <Ementa />
    <Titulo />
    <SubTitulo />
    <Texto><![CDATA[<p class="identifica">DESPACHO de 29 de maio de 2018</p><p>O SECRETÁRIO DE ACOMPANHAMENTO FISCAL, ENERGIA E LOTERIA, DO MINISTÉRIO DA FAZENDA, tendo em vista o Decreto nº 1.387, de 07 de fevereiro de 1995, com nova redação dada pelo Decreto nº 3.025, de 12 de abril de 1999, e no uso das competências que lhe foram delegadas pelo artigo 8º da Portaria MF nº 122, de 31 de março de 2016, e pelo artigo 11 da Portaria MF nº 160, de 6 de maio de 2016, alterada pela Portaria MF nº 124, de 10 de abril de 2018, autoriza o afastamento do País dos servidores WALDIR EUSTÁQUIO MARQUES JÚNIOR, Coordenador-Geral e ITAMAR DE CARVALHO PEREIRA, Técnico da Secretaria de Acompanhamento Fiscal, Energia e Loteria, no período de 17 a 23 de junho de 2018, inclusive trânsito, com ônus limitado, na forma do disposto no inciso IV do art. 1º do Decreto nº 1.387, de 07 de fevereiro de 1995, a fim de participar da Reunião do Comitê de Segurança da WLA (World Lottery Association Security and Risk Management Committee - WLA SRMC), que se realizará em Madri, Espanha, cabendo ao Fundo Nacional de Loterias da Caixa Econômica Federal as despesas decorrentes do afastamento (Processo SEI nº 18101.100478/2018-01).</p><p class="assina">ALEXANDRE MANOEL ANGELO DA SILVA</p>]]></Texto>
  </body>
</article></xml>