﻿<xml><article id="3460169" name="GM_DECISÃO-47909.000115.2014.48-" idOficio="4813526" pubName="DO2" artType="Decisão" pubDate="01/06/2018" artClass="00027:00001:00000:00000:00000:00000:00000:00000:00000:00000:00017:00009" artCategory="Ministério do Trabalho/Gabinete do Ministro" artSize="8" artNotes="" numberPage="76" pdfPage="http://pesquisa.in.gov.br/imprensa/jsp/visualiza/index.jsp?data=01/06/2018&amp;jornal=529&amp;pagina=76" editionNumber="104" highlightType="" highlightPriority="" highlight="" idMateria="10797159">
  <body>
    <Identifica><![CDATA[ DECISÃO DE 29 de maio de 2018]]></Identifica>
    <Data><![CDATA[]]></Data>
    <Ementa />
    <Titulo />
    <SubTitulo />
    <Texto><![CDATA[<p class="identifica">DECISÃO DE 29 de maio de 2018</p><p>Processo nº 47909.000115/2014-48</p><p>Acolho a manifestação da Consultoria Jurídica, consubstanciada no PARECER Nº 00008/2018/CONJUR-MTB/CGU/AGU, aprovado pelo DESPACHO Nº 000026/2018/CONJUR-MTE/CGU/AGU e, com fundamento no que consta no Processo nº 47909.000115/2014-48, decido:</p><p>Reconhecer a ocorrência da prescrição da penalidade de a que estaria sujeita a servidora PAULA SILVA DE VASCONDELOS, ocupante do cargo de Auditor-Fiscal do Trabalho, matrícula SIAPE nº 1802576, lotada à época dos fatos na Gerência Regional do Trabalho e Emprego em Teófilo Otoni, no Estado de Minas Gerais, por descumprimento dos deveres de exercer com zelo e dedicação as atribuições do cargo, deixar de observar as normas legais e regulamentares e de manter conduta compatível com a moralidade administrativa, previstos no artigo 116, incisos I, III e IX, da Lei nº 8.112, de 11 de dezembro de 1990.</p><p>Determinar o envio de cópias do processo à Superintendência Regional do Trabalho em Minas Gerais, para instauração de processo administrativo ordinário com objetivo de apurar eventuais valores indevidamente recebidos pela servidora, para instrução de processo administrativo de ressarcimento ao erário.</p><p>Restituir os autos à Corregedoria Seccional deste Ministério para adoção das providências de sua competência, inclusive ciência da Interessada e posterior arquivamento.</p><p class="assina">HELTON YOMURA</p><p class="cargo">Ministro</p>]]></Texto>
  </body>
</article></xml>