﻿<xml><article id="3463251" name="PORTARIA Nº 178 DE 2 DE ABRIL DE" idOficio="4813997" pubName="DO2" artType="Portaria" pubDate="01/06/2018" artClass="00030:00001:00142:00000:00000:00000:00000:00000:00000:00000:00025:00001" artCategory="Ministério dos Direitos Humanos/Gabinete do Ministro/Corregedoria" artSize="8" artNotes="" numberPage="78" pdfPage="http://pesquisa.in.gov.br/imprensa/jsp/visualiza/index.jsp?data=01/06/2018&amp;jornal=529&amp;pagina=78" editionNumber="104" highlightType="" highlightPriority="" highlight="" idMateria="10797769">
  <body>
    <Identifica><![CDATA[ PORTARIA Nº 5, DE 29 DE MAIO DE 2018]]></Identifica>
    <Data><![CDATA[]]></Data>
    <Ementa />
    <Titulo />
    <SubTitulo />
    <Texto><![CDATA[<p class="identifica">PORTARIA Nº 5, DE 29 DE MAIO DE 2018</p><p>O CORREGEDOR DO MINISTÉRIO DOS DIREITOS HUMANOS, no uso das atribuições previstas no art. 5º, inc. IV do Decreto Federal nº 5.480, de 30 de junho de 2005, e tendo em vista o disposto nos arts. 143, 148 e 152 da Lei nº 8.112, de 11 de dezembro de 1990, resolve:</p><p>Art. 1º - Prorrogar, por 60 (sessenta) dias, o prazo de conclusão dos trabalhos da Comissão de Processo Administrativo Disciplinar, designada pela Portaria nº 2, de 3 de abril de 2018, publicada no Diário Oficial da União nº 64, pag. 46, do dia 4 de abril de 2018, referente ao Processo nº 00135.203696/2017-55, em face das razões apresentas pela Presidente da Comissão Processante, constantes do Memorando nº 64/2018/COR.MDH/MDH, de 28 de maio de 2018.</p><p>Art. 2º - Esta Portaria entra em vigor na data de sua publicação.</p><p class="assina">MOISÉS LOPES GUTIERREZ</p>]]></Texto>
  </body>
</article></xml>