﻿<xml><article id="3459848" name="Portaria nº 3296-2018 - Aposenta" idOficio="4811529" pubName="DO2" artType="Portaria" pubDate="01/06/2018" artClass="00017:00021:00042:00000:00000:00000:00000:00000:00000:00000:00025:00001" artCategory="Ministério da Saúde/Fundação Nacional de Saúde/Superintendência Estadual em Sergipe" artSize="8" artNotes="" numberPage="57" pdfPage="http://pesquisa.in.gov.br/imprensa/jsp/visualiza/index.jsp?data=01/06/2018&amp;jornal=529&amp;pagina=57" editionNumber="104" highlightType="" highlightPriority="" highlight="" idMateria="10793338">
  <body>
    <Identifica><![CDATA[ PORTARIA Nº 3.296, de 28 de maio de 2018]]></Identifica>
    <Data><![CDATA[]]></Data>
    <Ementa />
    <Titulo />
    <SubTitulo />
    <Texto><![CDATA[<p class="identifica">PORTARIA Nº 3.296, de 28 de maio de 2018</p><p>O SUPERINTENDENTE ESTADUAL SUBSTITUTO DA FUNDAÇÃO NACIONAL DE SAÚDE EM SERGIPE, designado pela Portaria nº 674, de 08 de maio de 2017, publicada no DOU nº 87, Seção 2, de 09 de maio de 2017, no uso de suas atribuições que lhe confere o Estatuto aprovado pelo Decreto nº 8.867 de 03 de outubro de 2016, publicado no DOU de 04 de outubro de 2016 e CONSIDERANDO o constante dos autos do processo nº 25280.000791/2018-37, resolve:</p><p>Art. 1º Conceder aposentadoria voluntária integral à servidora ZAIRA PEREIRA SANTOS, ocupante do cargo de Auxiliar Operacional Serviços Diversos, Classe "S", Padrão III, matrícula SIAPE 0.492.170, do quadro de pessoal da Fundação Nacional de Saúde, com fundamento no Art. 3º, incisos I, II e III da Emenda Constitucional Nº 47/2005, com proventos integrais e demais vantagens a que fizer jus.</p><p>Art. 2º Declarar vago o cargo referido no art. 1º.</p><p>Art. 3º Esta Portaria entra em vigor na data de sua publicação.</p><p class="assina">ESDRAS MACHADO DE SOUZA</p>]]></Texto>
  </body>
</article></xml>