﻿<xml><article id="3462250" name="PT23ARARAQUARA" idOficio="4813838" pubName="DO2" artType="Portaria" pubDate="01/06/2018" artClass="00022:00029:00239:00008:00000:00000:00000:00000:00000:00000:00025:00001" artCategory="Ministério do Desenvolvimento Social/Instituto Nacional do Seguro Social/Superintendência-Regional Sudeste I em São Paulo/Gerência Executiva - B - Araraquara" artSize="8" artNotes="OK" numberPage="64" pdfPage="http://pesquisa.in.gov.br/imprensa/jsp/visualiza/index.jsp?data=01/06/2018&amp;jornal=529&amp;pagina=64" editionNumber="104" highlightType="" highlightPriority="" highlight="" idMateria="10797483">
  <body>
    <Identifica><![CDATA[ PORTARIA Nº 23, DE 24 MAIO DE 2018]]></Identifica>
    <Data><![CDATA[]]></Data>
    <Ementa />
    <Titulo />
    <SubTitulo />
    <Texto><![CDATA[<p class="identifica">PORTARIA Nº 23, DE 24 MAIO DE 2018</p><p>O GERENTE EXECUTIVO DO INSTITUTO NACIONAL DO SEGURO SOCIAL EM ARARAQUARA-SP, no uso das atribuições que lhe foram conferidas pelo artigo 230 do Regimento Interno do INSS, aprovado pela Portaria MDS/GM nº 414 de 28/09/2017, publicado no DOU nº 188-A, SEÇÃO 1 de 29/09/2017, e tendo em vista o que consta do processo nº 37298.000617/2018-84, resolve:</p><p>Declarar vago, a contar do dia 01 de Junho de 2018, o cargo de Técnico do Seguro Social, ocupado pela servidora JESSICA BROIO PINHEIRO - SIAPE 2.409.908, CPF 362.910.598-00, Classe A, Padrão I, do quadro de pessoal deste Instituto, em decorrência de exoneração a pedido, conforme disposto no Artigo 34 da Lei 8.112/1990.</p><p class="assina">Arquibaldo Delfino Silva</p>]]></Texto>
  </body>
</article></xml>