﻿<xml><article id="3487444" name="Port. APO - 3608" idOficio="4812992" pubName="DO2" artType="Portaria" pubDate="04/06/2018" artClass="00011:00119:00001:00001:00000:00000:00000:00000:00000:00000:00025:00003" artCategory="Ministério da Educação/Universidade Federal de Minas Gerais/Reitoria/Gabinete" artSize="8" artNotes="" numberPage="18" pdfPage="http://pesquisa.in.gov.br/imprensa/jsp/visualiza/index.jsp?data=04/06/2018&amp;jornal=529&amp;pagina=18" editionNumber="105" highlightType="" highlightPriority="" highlight="" idMateria="10796187">
  <body>
    <Identifica><![CDATA[ PORTARIA Nº 3.608, DE 23 DE MAIO DE 2018]]></Identifica>
    <Data><![CDATA[]]></Data>
    <Ementa />
    <Titulo />
    <SubTitulo />
    <Texto><![CDATA[<p class="identifica">PORTARIA Nº 3.608, DE 23 DE MAIO DE 2018</p><p>A Reitora da Universidade Federal de Minas Gerais, no uso de suas atribuições, resolve:</p><p>Nos termos do art. 3º, da EC nº 47/2005, aposentar JACQUELINE CONCEIÇÃO ROSA, inscrição UFMG nº 012289, matrícula SIAPE nº 0315871, ocupante do cargo de Telefonista, Nível de Classificação C, Nível de Capacitação IV, Padrão de Vencimento 16, lotada na Coordenadoria de Comunicação Social, com proventos integrais, por ter provado contar 33 (trinta e três) anos de contribuição.</p><p class="assina">SANDRA REGINA GOULART ALMEIDA</p>]]></Texto>
  </body>
</article></xml>