﻿<xml><article id="3463014" name="Portarias 693_694" idOficio="4813948" pubName="DO2" artType="Portaria" pubDate="01/06/2018" artClass="00011:00032:00001:00000:00000:00000:00000:00000:00000:00000:00025:00001" artCategory="Ministério da Educação/Fundação Universidade Federal do Mato Grosso do Sul/Reitoria" artSize="8" artNotes="" numberPage="20" pdfPage="http://pesquisa.in.gov.br/imprensa/jsp/visualiza/index.jsp?data=01/06/2018&amp;jornal=529&amp;pagina=20" editionNumber="104" highlightType="" highlightPriority="" highlight="" idMateria="10797760">
  <body>
    <Identifica><![CDATA[                PORTARIAS DE 29 DE MAIO DE 2018]]></Identifica>
    <Data><![CDATA[]]></Data>
    <Ementa />
    <Titulo />
    <SubTitulo />
    <Texto><![CDATA[<p></p><p class="identifica">PORTARIAS DE 29 DE MAIO DE 2018</p><p>A VICE-REITORA DA FUNDAÇÃO UNIVERSIDADE FEDERAL DE MATO GROSSO DO SUL, NO EXERCÍCIO DO CARGO DE REITORA, no uso de suas atribuições legais, de acordo com o Edital Progep nº 56/2017, publicado no DOU, de 6 de setembro de 2017; Edital de Homologação nº 39/2018-Progep, publicado no DOU, de 5 de março de 2018; e considerando o que consta dos Processos nº 23104.013772/2017-03 e nº 23104.008601/2018-35, resolve:</p><p>Nº 693 - Tornar sem efeito as nomeações abaixo, para o cargo de Assistente em Administração, por meio da Portaria nº 549, RTR, de 4 de maio de 2018, publicada no DOU nº 86, de 7 de maio de 2018, objeto do Edital Progep nº 56/2017, publicado no DOU, de 6 de setembro de 2017; e do Edital de Homologação nº 39/2018-Progep, publicado no DOU, de 5 de março de 2018:</p><p>- ELIDA APARECIDA BORGES (vaga 868252), lotação: Campo Grande; e</p><p>- THALIS SALVADOR (vaga 815131), lotação: Campo Grande.</p><p>Nº 694 - Nomear, para o cargo de Assistente em Administração, Classe D, Nível de Capacitação I, Padrão 01, do Plano de Carreira dos Cargos Técnico-Administrativos em Educação, para Campo Grande:</p><p>EVANDRO GOUVÊA DA COSTA, na vaga nº 868252, decorrente da Portaria nº 623, RTR, de 12 de maio de 2017, publicado no DOU, de 15 de maio de 2017 (18ª vaga: PPP); e</p><p>THAIS CAREGNATTO THOMÉ, na vaga nº 815131, decorrente da demissão de Luciano Washington de Oliveira, Portaria n° 427, RTR, de 10 de abril de 2018, publicada no DOU, de 12 de abril de 2018 (27ª vaga: ampla).</p><p class="assina">CAMILA CELESTE BRANDÃO FERREIRA ÍTAVO</p><p></p>]]></Texto>
  </body>
</article></xml>