﻿<xml><article id="3462857" name="ATO EDITAL DE SUSPENSÃO DE PAGAM" idOficio="4813917" pubName="DO2" artType="Edital" pubDate="01/06/2018" artClass="00099:00017:00002:00031:00133:00136:00000:00000:00000:00000:00000:00021:00001" artCategory="Editais e Avisos" artSize="8" artNotes="" numberPage="105" pdfPage="http://pesquisa.in.gov.br/imprensa/jsp/visualiza/index.jsp?data=01/06/2018&amp;jornal=529&amp;pagina=105" editionNumber="104" highlightType="" highlightPriority="" highlight="" idMateria="10797679">
  <body>
    <Identifica><![CDATA[ EDITAL Nº 13, de 29 de maio de 2018 SUSPENSÃO DE PAGAMENTO ]]></Identifica>
    <Data><![CDATA[]]></Data>
    <Ementa />
    <Titulo />
    <SubTitulo />
    <Texto><![CDATA[<p></p><p class="identifica">EDITAL Nº 13, de 29 de maio de 2018 SUSPENSÃO DE PAGAMENTO</p><p>A chefe Substituta do Serviço de Gestão Administrativa da Coordenação Geral do Núcleo Estadual do Ministério da Saúde no Estado do Rio Grande do Sul, no uso da competência que lhe foi subdelegada pela PT/SE/SAA/MS N.º 1681, de 09/12/2016, publicada no DOU N.º 237 de 12/12/2016, resolve:</p><p>1 - Tornar pública a relação de aposentados, aniversariantes do mês de fevereiro, que não atenderam às convocações e notificações para realizar o recadastramento anual/2018, conforme estabelecido na Portaria MP nº 8 de 7 de janeiro de 2013 e da Orientação Normativa SEGEP nº 01 de 2 de janeiro de 2017.</p><p>2 - A suspensão do pagamento do provento e/ou benefício de pensão foi efetivado na folha de pagamentos do mês de maio/2018.</p><p /><p></p><table><tr /><tr><td><p>Nome</p></td><td><p>CPF</p></td><td><p>Matricula</p></td><td><p>Tipo Benefício</p></td></tr><tr><td><p>Cezar Mauricio Pretto</p></td><td><p>141.465.920-20</p></td><td><p>568878</p></td><td><p>Aposentado</p></td></tr><tr><td><p>Diva da Silva Nascimento</p></td><td><p>286.274.660-68</p></td><td><p>578730</p></td><td><p>Aposentado</p></td></tr><tr><td><p>Maria Madalena Tessaro</p></td><td><p>311.279.750-72</p></td><td><p>543271</p></td><td><p>Aposentada</p></td></tr><tr><td><p>Maria do Carmo Nocchi Kalil</p></td><td><p>404.191.000-59</p></td><td><p>4888715</p></td><td><p>Pensionista</p></td></tr></table><p>3 - O restabelecimento do pagamento do provento e/ou da pensão fica condicionado ao recadastramento mediante comparecimento pessoal dos interessados no Serviço de Gestão de Pessoas, sito à Av. Borges de Medeiros, 536 / sala 509 - Centro / Porto Alegre/RS, portando a documentação estabelecida nos Arts. 5º e 6º da ON SEGEP nº 01/ 2017.</p><p>4 - Na hipótese de moléstia grave ou de impossibilidade de locomoção do aposentado e/ou pensionista, deverá ser solicitado o agendamento de visita técnica, por meio do telefone (51)3213-2139 ou (51)3213-2074, para comprovação de vida do titular do benefício, ficando o pagamento restabelecido provisoriamente até que seja realizada a visita técnica.</p><p class="assina">MAGDA ELISA DE ASSIS</p>]]></Texto>
  </body>
</article></xml>