﻿<xml><article id="3509591" name="Portaria 109 2018 Designa funcio" idOficio="4813522" pubName="DO2" artType="Portaria" pubDate="05/06/2018" artClass="00039:00227:00000:00000:00000:00000:00000:00000:00000:00000:00025:00002" artCategory="Entidades de Fiscalização do Exercício das Profissões Liberais/Conselho Regional de Enfermagem de Mato Grosso" artSize="8" artNotes="ok" numberPage="69" pdfPage="http://pesquisa.in.gov.br/imprensa/jsp/visualiza/index.jsp?data=05/06/2018&amp;jornal=529&amp;pagina=69" editionNumber="106" highlightType="" highlightPriority="" highlight="" idMateria="10797149">
  <body>
    <Identifica><![CDATA[ PORTARIA  Nº 109, DE 23 DE ABRIL DE 2018]]></Identifica>
    <Data><![CDATA[]]></Data>
    <Ementa />
    <Titulo />
    <SubTitulo />
    <Texto><![CDATA[<p class="identifica">PORTARIA Nº 109, DE 23 DE ABRIL DE 2018</p><p>O Presidente do Conselho Regional de Enfermagem de Mato Grosso - COREN/MT no exercício de suas atribuições legais e regimentais asseguradas na lei nº. 5.905/73 e art. 42 do Regimento Interno do Coren/MT, resolve:</p><p>Art. 1º - Designar o empregado público Miguel Souza Ferri Junior para exercer a função de responsável pelo Setor de Tesouraria do Coren/MT, a partir de 04 de abril de 2018. Art. 2º - Atribuir ao funcionário o pagamento do incentivo mensal de gratificação correspondente à função de Responsável do Setor, definido em R$ 623,92 (seiscentos e vinte e três reais e noventa e dois centavos). Art. 3º - Revogar a Portaria COREN-MT Nº 22/2014. Art. 4º - Esta Portaria entrará em vigor, a partir de 04 de abril de 2018.</p><p class="assina">Antônio César Ribeiro</p>]]></Texto>
  </body>
</article></xml>