﻿<xml><article id="3465656" name="PORTARIA Nº 575 - VICENTE MARCIO" idOficio="4814325" pubName="DO2" artType="Portaria" pubDate="01/06/2018" artClass="00006:00012:00012:00000:00000:00000:00000:00000:00000:00000:00025:00001" artCategory="Presidência da República/Advocacia-Geral da União/Secretaria-Geral de Administração" artSize="8" artNotes="" numberPage="2" pdfPage="http://pesquisa.in.gov.br/imprensa/jsp/visualiza/index.jsp?data=01/06/2018&amp;jornal=529&amp;pagina=2" editionNumber="104" highlightType="" highlightPriority="" highlight="" idMateria="10798231">
  <body>
    <Identifica><![CDATA[ PORTARIA Nº 575,  DE 28 DE MAIO DE 2018]]></Identifica>
    <Data><![CDATA[]]></Data>
    <Ementa />
    <Titulo />
    <SubTitulo />
    <Texto><![CDATA[<p class="identifica">PORTARIA Nº 575, DE 28 DE MAIO DE 2018</p><p><strong>A SECRETÁRIA-GERAL DE ADMINISTRAÇÃO</strong>, no uso da competência que lhe foi delegada pelo artigo 44, inciso XV, do Anexo da Portaria nº 51, de 21 de fevereiro de 2013, do Advogado-Geral da União, publicada no Diário Oficial da União de 22 de fevereiro de 2013, e considerando o que consta no Processo Administrativo nº 00547.014122/2017-62, resolve:</p><p>Art. 1º Conceder, em virtude do falecimento de VICENTE MARCIO PROENÇA PEREIRA, matrícula SIAPE nº 6844118, aposentado no cargo de Programador, Classe S, Padrão III, pensão vitalícia a ADRIANA PEREIRA LIMA DE OLIVEIRA, companheira, a contar de 21 de maio de 2017, no valor correspondente aos proventos do ex-servidor, com fundamento no art. 40, § 7º, inciso I, e § 18, e art. 37, inciso XI, da Constituição Federal, com a redação dada pela Emenda Constitucional nº 41, de 19 de dezembro de 2003, c/c o art. 2º, inciso I, e arts. 5º e 15 da Lei nº 10.887, de 18 de junho de 2004; e parágrafo único do art. 3º da Emenda Constitucional nº 47, de 5 de julho de 2005; e art. 215; art. 217, inciso III, e art. 218, e art. 222, inciso VII, alínea "b", item 6, c/c o art. 219, parágrafo único, da Lei nº 8.112, de 11 de dezembro de 1990, redação da Lei nº 13.135, de 17 de junho de 2015.</p><p>Art. 2º Os efeitos financeiros decorrentes desta Portaria vigoram a partir de 10 de abril de 2017.</p><p class="assina">ISABELLA MARIA DE LEMOS</p>]]></Texto>
  </body>
</article></xml>