﻿<xml><article id="3463407" name="PTS79E80JOÃOPESSOA" idOficio="4813984" pubName="DO2" artType="Portaria" pubDate="01/06/2018" artClass="00022:00029:00237:00022:00029:00000:00000:00000:00000:00000:00025:00003" artCategory="Ministério do Desenvolvimento Social/Instituto Nacional do Seguro Social/Superintendência Regional Nordeste em Recife/Gerência Executiva - B - em João Pessoa/Seção Operacional  de Gestão de Pessoas" artSize="8" artNotes="OK" numberPage="63" pdfPage="http://pesquisa.in.gov.br/imprensa/jsp/visualiza/index.jsp?data=01/06/2018&amp;jornal=529&amp;pagina=63" editionNumber="104" highlightType="" highlightPriority="" highlight="" idMateria="10797810">
  <body>
    <Identifica><![CDATA[ PORTARIAS DE 29 DE MAIO DE 2018]]></Identifica>
    <Data><![CDATA[]]></Data>
    <Ementa />
    <Titulo />
    <SubTitulo />
    <Texto><![CDATA[<p class="identifica">PORTARIAS DE 29 DE MAIO DE 2018</p><p>O CHEFE DA SEÇÃO OPERACIONAL DA GESTÃO DE PESSOAS DA GERÊNCIA EXECUTIVA DO INSS EM JOÃO PESSOA-PB, no uso das atribuições conferidas no art. 235, do Regimento Interno, aprovado pela PT/MDS/GM/Nº 414, de 28.09.2017, publicada no DOU/Nº 188, de 29.09.2017, resolve:</p><p>Nº 79 - Conceder aposentadoria voluntária integral a servidora CLAUDIA PEREIRA BORGES, mat. SIAPE nº 0948.513, ocupante do cargo Técnico de Serviço Diversos, Classe "S", Padrão "IV", do Quadro de Pessoal do Instituto Nacional do Seguro Social, com fundamento no art. 40,III, "a", na redação da Emenda Constitucional nº 41/2003, observado o contido no Proc. nº 35172.000540/2018-33, declarando, em consequência, o referido cargo vago.</p><p>Nº 80 - Conceder aposentadoria voluntária integral ao servidor JOSÉ MOTA SILVEIRA JÚNIOR, mat. SIAPE nº 0899.167, ocupante do cargo Administrador "S", Padrão "IV", do Quadro de Pessoal do Instituto Nacional do Seguro Social, com fundamento no art. 3º, da Emenda Constitucional nº 47/2005, com proventos integrais observado o contido no Proc. nº 35172.000535/2018-21, declarando, em consequência, o referido cargo vago.</p><p class="assina">GILBERTO FIRMINO DE SOUZA JÚNIOR</p>]]></Texto>
  </body>
</article></xml>