﻿<xml><article id="3465695" name="Portaria 543-3" idOficio="4814357" pubName="DO2" artType="Portaria" pubDate="01/06/2018" artClass="00011:00031:00001:00000:00000:00000:00000:00000:00000:00000:00025:00001" artCategory="Ministério da Educação/Fundação Universidade Federal de Mato Grosso/Reitoria" artSize="8" artNotes="" numberPage="20" pdfPage="http://pesquisa.in.gov.br/imprensa/jsp/visualiza/index.jsp?data=01/06/2018&amp;jornal=529&amp;pagina=20" editionNumber="104" highlightType="" highlightPriority="" highlight="" idMateria="10798285">
  <body>
    <Identifica><![CDATA[ PORTARIAS DE 29 DE MAIO DE 2018]]></Identifica>
    <Data><![CDATA[]]></Data>
    <Ementa />
    <Titulo />
    <SubTitulo />
    <Texto><![CDATA[<p></p><p class="identifica">PORTARIAS DE 29 DE MAIO DE 2018</p><p>A Reitora da Universidade Federal de Mato Grosso, no uso de suas atribuições legais, resolve:</p><p>Nº 543 - Autorizar o afastamento do país do servidor, CARLOS UESLEI RODRIGUES DE OLIVEIRA matrícula SIAPE nº 2495802, CPF nº 814.153.621-49, no período de 23/09 a 27/09/2018, para participar do GX28 Encontro GeneXus, promovido pela Artech Inc., em Montevidéu - Uruguai, com ônus limitado para a UFMT. (Processo SEI n.º 23108.939236/2018-72).</p><p>Nº 544 - Nomear em caráter efetivo, ANA CAROLINA DA SILVA BORGES, habilitada em Concurso Público de Provas e Títulos, com homologações do resultado final, publicadas no Diário Oficial da União de 14 de agosto de 2017, e de 04 de setembro de 2017, para o cargo de Professor de 3º Grau da carreira do Magistério Superior desta Universidade, na Classe Adjunto - A, Nível I, em regime de trabalho de 40 horas semanais, com dedicação exclusiva, com lotação no Instituto de Ciências Humanas e Sociais/Departamento de História, Campus Universitário de Rondonópolis, com autorização das Portarias Interministeriais MPOG-MEC N. 22 e N. 316, publicadas no Diário Oficial da União, respectivamente, em 02.05.2007 e 19.10.2017, na vaga decorrente da aposentadoria do docente Ivanildo Jose Ferreira, publicada no DOU em 30.04.2018, sob o código de vaga n.709603. Esta Portaria conta seus efeitos a partir da data de sua publicação no Diário Oficial da União. (Processo SEI n.º 23108.935931/2018-65).</p><p>Nº 546 - Nomear em caráter efetivo, CELINA ARRUDA E SILVA, habilitada em Concurso Público para provimento de cargos efetivos da carreira de Técnico Administrativo em Educação desta Universidade, com homologação e reclassificação publicadas no Diário Oficial da União em 27.03.2018 e 21.05.2018, respectivamente, para o cargo de ASSISTENTE EM ADMINISTRAÇÃO, Classe D, Nível de Capacitação I, Padrão de Vencimento 1, em regime de trabalho de 40 horas semanais, Campus Universitário de VÁRZEA GRANDE, com autorização do Decreto n. 7.232, de 19.07.2010, publicado no DOU de 20.07.2010, e da Portaria Interministerial MPOG/MEC n. 316, de 09.10.2017, publicada no DOU de 19.10.2017, na vaga decorrente do banco de referência do quadro de pessoal técnico-administrativo, sob o código de vaga n. 1003005. Esta Portaria conta seus efeitos a partir da data de sua publicação no Diário Oficial da União. (Processo nº 23108.942261/2018-33).</p><p>Nº 549 - Autorizar o afastamento do país da servidora docente MARCIA ROMERO MARÇAL, matrícula SIAPE nº 2074525, CPF nº 188.637.708-16, no período de 08/06 à 17/06/2018, para participação e apresentação de trabalho científico no Congresso Internacional na Pontificia Universidad Javeriana, em Bogotá - Colombia, com ônus limitado para a UFMT. (Processo n.º 23108.936665/2018-98).</p><p class="assina">MYRIAN THEREZA DE MOURA SERRA</p><p></p>]]></Texto>
  </body>
</article></xml>