﻿<xml><article id="3487504" name="Port. 396 - ATQINTECTA 47 - ELIZ" idOficio="4811733" pubName="DO2" artType="Portaria" pubDate="04/06/2018" artClass="00011:00134:00012:00007:00000:00000:00000:00000:00000:00000:00025:00006" artCategory="Ministério da Educação/Universidade Federal de Santa Catarina/Reitoria/Pró-Reitoria de Desenvolvimento e Gestão de Pessoas/Departamento de Administração de Pessoal" artSize="8" artNotes="" numberPage="22" pdfPage="http://pesquisa.in.gov.br/imprensa/jsp/visualiza/index.jsp?data=04/06/2018&amp;jornal=529&amp;pagina=22" editionNumber="105" highlightType="" highlightPriority="" highlight="" idMateria="10793613">
  <body>
    <Identifica><![CDATA[ PORTARIA Nº 396, DE 29 DE MAIO DE 2018 ]]></Identifica>
    <Data><![CDATA[]]></Data>
    <Ementa />
    <Titulo />
    <SubTitulo />
    <Texto><![CDATA[<p class="identifica">PORTARIA Nº 396, DE 29 DE MAIO DE 2018</p><p>A Diretora do Departamento de Administração de Pessoal da Universidade Federal de Santa Catarina, no uso de suas atribuições, resolve:</p><p>Aposentar ELIZABETH COELHO ROSA E SILVA, matrícula SIAPE 1169702, código de vaga nº 744575, ocupante do cargo de Assistente em Administração, nível de classificação D, nível de capacitação 4, padrão de vencimento 16, no regime de trabalho de 40 (quarenta) horas semanais, da carreira técnico-administrativa da Universidade Federal de Santa Catarina, nos termos do art. 3º, incisos I a III e parágrafo único da Emenda Constitucional nº 47 de 05 de julho de 2005, com proventos integrais, incorporando 13% (treze por cento) de adicional por tempo de serviço. (Processo nº 23080.082296/2017-88</p><p class="assina">Rita de Cássia Knabben</p>]]></Texto>
  </body>
</article></xml>