﻿<xml><article id="3466212" name="DOU 2-TO-1PT-39-UNI-11207_terc81" idOficio="4814391" pubName="DO2" artType="Portaria" pubDate="01/06/2018" artClass="00034:00007:00049:00000:00000:00000:00000:00000:00000:00000:00025:00011" artCategory="Ministério Público da União/Ministério Público Federal/Procuradoria da República no Estado do Tocantins" artSize="8" artNotes="" numberPage="84" pdfPage="http://pesquisa.in.gov.br/imprensa/jsp/visualiza/index.jsp?data=01/06/2018&amp;jornal=529&amp;pagina=84" editionNumber="104" highlightType="" highlightPriority="" highlight="" idMateria="10798507">
  <body>
    <Identifica><![CDATA[ PORTARIA nº 39, DE 28 DE MAIO DE 2018 ]]></Identifica>
    <Data><![CDATA[]]></Data>
    <Ementa />
    <Titulo />
    <SubTitulo />
    <Texto><![CDATA[<p class="identifica">PORTARIA nº 39, DE 28 DE MAIO DE 2018</p><p>O PROCURADOR-CHEFE EM EXERCÍCIO DA PROCURADORIA DA REPÚBLICA NO ESTADO DO TOCANTINS, no uso das atribuições que lhes foram conferidas pelo Regimento Interno Administrativo do MPF, aprovado pela Portaria PGR nº 382, de 05 de maio de 2015, resolve:</p><p>Art. 1º. DESIGNAR a servidora CRISTINA RIBEIRO COELHO DA SILVA DE MEDEIROS, matrícula nº 29934, ocupante do cargo de Técnico do MPU/Apoio Técnico Administrativo/Administração, para a função de confiança de Secretário Nível I, FC-1, do Gabinete do Procurador Regional dos Direitos do Cidadão, da Procuradoria da República no Estado do Tocantins.</p><p></p><p class="assina">GEORGE NEVES LODDER</p>]]></Texto>
  </body>
</article></xml>