﻿<xml><article id="3464106" name="PORTARIA 79 SEI" idOficio="4814099" pubName="DO2" artType="Portaria" pubDate="01/06/2018" artClass="00008:00014:00000:00000:00000:00000:00000:00000:00000:00000:00025:00001" artCategory="Ministério da Ciência, Tecnologia, Inovações e Comunicações/Centro de Tecnologia da Informação Renato Archer" artSize="8" artNotes="" numberPage="8" pdfPage="http://pesquisa.in.gov.br/imprensa/jsp/visualiza/index.jsp?data=01/06/2018&amp;jornal=529&amp;pagina=8" editionNumber="104" highlightType="" highlightPriority="" highlight="" idMateria="10797827">
  <body>
    <Identifica><![CDATA[ PORTARIA Nº 79, DE 30 DE MAIO DE 2018]]></Identifica>
    <Data><![CDATA[]]></Data>
    <Ementa />
    <Titulo />
    <SubTitulo />
    <Texto><![CDATA[<p class="identifica">PORTARIA Nº 79, DE 30 DE MAIO DE 2018</p><p>O DIRETOR DO CENTRO DE TECNOLOGIA DA INFORMAÇÃO RENATO ARCHER - CTI, Unidade de Pesquisa do Ministério da Ciência, Tecnologia, Inovações e Comunicações - MCTIC, nomeado por meio da Portaria da Casa Civil nº 992/2011, publicada no DOU de 18/05/2011, seção 2, página 1 e reconduzido pela Portaria MCTIC nº 468/2016, publicada no DOU de 27/06/2016, seção 2, página 6, em conformidade com as competências delegadas pela Portaria MCT nº 407/2006, e considerando as peças do Processo Administrativo nº 01241.000723/2018-76, resolve:</p><p>Art. 1º Conceder aposentadoria voluntária a servidora EDNA APARECIDA DOS SANTOS HENZE PIRES, integrante do Quadro de Pessoal do Ministério da Ciência, Tecnologia, Inovações e Comunicações, lotada neste Centro, matrícula SIAPE nº 673713, ocupante do cargo efetivo de Assistente em Ciência e Tecnologia, Classe "R", Padrão "III", da carreira de Gestão, Planejamento e Infraestrutura em Ciência e Tecnologia do Plano de Carreiras para área de Ciência e Tecnologia, aprovado pela Lei nº 8.691/1993, com fundamento nos incisos I, II e III do artigo 3º da Emenda Constitucional nº 47, de 2005, combinado com o §18 do artigo 40 da Constituição Federal de 1988.</p><p>Art. 2º Declarar o cargo vago, conforme código de vaga nº 422814.</p><p>Art. 3º Esta Portaria entra em vigor na data de sua publicação.</p><p class="assina">VICTOR PELLEGRINI MAMMANA</p>]]></Texto>
  </body>
</article></xml>