﻿<xml><article id="3464694" name="SGP58" idOficio="4814151" pubName="DO2" artType="Portaria" pubDate="01/06/2018" artClass="00038:00028:00001:00000:00000:00000:00000:00000:00000:00000:00025:00001" artCategory="Poder Judiciário/Tribunal Regional Eleitoral de Pernambuco/Presidência" artSize="8" artNotes="" numberPage="97" pdfPage="http://pesquisa.in.gov.br/imprensa/jsp/visualiza/index.jsp?data=01/06/2018&amp;jornal=529&amp;pagina=97" editionNumber="104" highlightType="" highlightPriority="" highlight="" idMateria="10798098">
  <body>
    <Identifica><![CDATA[ PORTARIA Nº 489, DE 22 DE MAIO DE 2018]]></Identifica>
    <Data><![CDATA[]]></Data>
    <Ementa />
    <Titulo />
    <SubTitulo />
    <Texto><![CDATA[<p class="identifica">PORTARIA Nº 489, DE 22 DE MAIO DE 2018</p><p>O DESEMBARGADOR PRESIDENTE DO TRIBUNAL REGIONAL ELEITORAL DE PERNAMBUCO, no uso de suas atribuições legais, tendo em vista o contido no Processo SEI nº 0010379-49.2018.6.17.8000, resolve:</p><p>a) conceder a CARLOS ANTÔNIO DACONTI, ocupante do cargo efetivo de Técnico Judiciário, Área Administrativa, Classe C, Padrão 13, do quadro permanente de pessoal do Tribunal Regional Eleitoral de Pernambuco, aposentadoria por invalidez, nos termos do art. 40, § 1º, inciso I, da Constituição Federal, c/c o art. 6º-A da Emenda Constitucional nº 41/2003, com a redação dada pela EC nº 70/2012, com proventos integrais, compostos pelas seguintes rubricas: vencimento do cargo de técnico judiciário, Classe C, Padrão 13 - Art. 12 e Anexo II da Lei nº 11.416/2006, com a redação dada pela Lei nº 13.317/2016; gratificação judiciária - art. 13 da Lei nº 11.416/06, com a redação dada pela Lei nº 13.317/2016; adicional por tempo de serviço - art. 6º da Lei nº 9.624/98, c/c a Medida Provisória nº 1.815/99; e adicional de qualificação (formação acadêmica) - art. 14, §§ 5º e 6º, c/c o art. 15, inciso VI, da Lei nº 11.416/2006, com a redação dada pela Lei nº 13.317/2016. b) os proventos da aposentadoria ora concedida serão isentos da incidência do Imposto de Renda (art. 6º, inciso XIV, da Lei nº 7.713/88) e isentos do desconto de contribuição para o Plano de Seguridade Social do Servidor, até o valor equivalente ao dobro do limite máximo fixado para os benefícios do Regime Geral de Previdência Social (Art. 40, §§ 18 e 21, da CF).</p><p class="assina">LUIZ CARLOS DE BARROS FIGUEIRÊDO</p>]]></Texto>
  </body>
</article></xml>