﻿<xml><article id="3465575" name="port reitoria1702 2018" idOficio="4814337" pubName="DO2" artType="Portaria" pubDate="01/06/2018" artClass="00011:00136:00001:00000:00000:00000:00000:00000:00000:00000:00025:00002" artCategory="Ministério da Educação/Universidade Federal de São Paulo/Reitoria" artSize="8" artNotes="" numberPage="41" pdfPage="http://pesquisa.in.gov.br/imprensa/jsp/visualiza/index.jsp?data=01/06/2018&amp;jornal=529&amp;pagina=41" editionNumber="104" highlightType="" highlightPriority="" highlight="" idMateria="10798309">
  <body>
    <Identifica><![CDATA[ PORTARIA Nº 1.702, DE 29 DE MAIO DE 2018]]></Identifica>
    <Data><![CDATA[]]></Data>
    <Ementa />
    <Titulo />
    <SubTitulo />
    <Texto><![CDATA[<p class="identifica">PORTARIA Nº 1.702, DE 29 DE MAIO DE 2018</p><p>A Reitora da Universidade Federal de São Paulo, no uso de suas atribuições legais e estatutárias, resolve:</p><p>Exonerar a servidora CONCEIÇÃO VIEIRA DA SILVA OHARA, Matrícula SIAPE nº 1137581, do cargo de Diretora Pró-Tempore do Núcleo de Educação Infantil - Escola Paulistinha de Educação, a partir de 01/06/2018 (CD-04).</p><p class="assina">SORAYA SOUBHI SMAILI</p>]]></Texto>
  </body>
</article></xml>