﻿<xml><article id="3509588" name="Portaria 127 2018 Designa Comiss" idOficio="4813522" pubName="DO2" artType="Portaria" pubDate="05/06/2018" artClass="00039:00227:00000:00000:00000:00000:00000:00000:00000:00000:00025:00005" artCategory="Entidades de Fiscalização do Exercício das Profissões Liberais/Conselho Regional de Enfermagem de Mato Grosso" artSize="8" artNotes="ok" numberPage="69" pdfPage="http://pesquisa.in.gov.br/imprensa/jsp/visualiza/index.jsp?data=05/06/2018&amp;jornal=529&amp;pagina=69" editionNumber="106" highlightType="" highlightPriority="" highlight="" idMateria="10797152">
  <body>
    <Identifica><![CDATA[ PORTARIA  Nº 127,  DE 25 DE ABRIL DE 2018 ]]></Identifica>
    <Data><![CDATA[]]></Data>
    <Ementa />
    <Titulo />
    <SubTitulo />
    <Texto><![CDATA[<p class="identifica">PORTARIA Nº 127, DE 25 DE ABRIL DE 2018</p><p>O Presidente do Conselho Regional de Enfermagem de Mato Grosso - Coren/MT no exercício de suas atribuições legais e regimentais asseguradas na lei nº. 5.905/73 e art. 42 do Regimento Interno do Coren/MT. Considerando a Lei Federal n.º 8.666, de 21 de junho de 1993 - artigos 6º, 9º e 51. Considerando que o Conselho Regional de Enfermagem de Mato Grosso é uma Autarquia Federal e todos os seus atos administrativos deverão estar regidos pelos princípios da administração pública; resolve:</p><p>Art. 1º - Designar Comissão Permanente de Licitação do Conselho Regional de Enfermagem de Mato Grosso - Coren/MT composta pelos membros: Presidente: Kennder Higo de Arruda, Empregado Público em Comissão de Assessor Assistente I, Matrícula n° 076/2006. Secretária: Elisângela Silvério da Silva Teles - Assistente Administrativo, Matrícula nº. 16/1994. Membros: Felipe Augusto Rodrigues de Oliveira, Técnico de Informática, Matrícula nº 61/2006 e Geisiane Balduino Guimarães, Secretária Executiva, Matrícula nº 56/2004. Vogal: Elemarcia Paiva Moreira Rezer, Assistente Técnico, Matrícula nº 23/1999. Art. 2º - Esta Portaria entrará em vigor na data de sua assinatura devendo ser publicada na Imprensa Oficial. Art. 3º - Revogam-se as disposições em contrário.</p><p class="assina">Antônio César Ribeiro</p>]]></Texto>
  </body>
</article></xml>