﻿<xml><article id="3487423" name="084 - Subst designa Luiz - FC-06" idOficio="4811286" pubName="DO2" artType="Portaria" pubDate="04/06/2018" artClass="00038:00001:00008:00001:00000:00000:00000:00000:00000:00000:00025:00002" artCategory="Poder Judiciário/Supremo Tribunal Federal/Secretaria do Tribunal/Gabinete" artSize="8" artNotes="" numberPage="50" pdfPage="http://pesquisa.in.gov.br/imprensa/jsp/visualiza/index.jsp?data=04/06/2018&amp;jornal=529&amp;pagina=50" editionNumber="105" highlightType="" highlightPriority="" highlight="" idMateria="10793079">
  <body>
    <Identifica><![CDATA[ PORTARIA Nº 84, DE 28 DE MAIO DE 2018]]></Identifica>
    <Data><![CDATA[]]></Data>
    <Ementa />
    <Titulo />
    <SubTitulo />
    <Texto><![CDATA[<p class="identifica">PORTARIA Nº 84, DE 28 DE MAIO DE 2018</p><p>O DIRETOR-GERAL DA SECRETARIA DO SUPREMO TRIBUNAL FEDERAL, no uso de suas atribuições e com base no caput do artigo 38 da Lei nº 8.112/1990 e no artigo 123 do Regulamento da Secretaria, resolve:</p><p>Art. 1° Dispensar LUIZ PAULO FERNANDES MOTTA, Técnico Judiciário, Área Administrativa, do encargo de substituto do Chefe da Seção de Cadastro e Atendimento aos Beneficiários, nível FC-06.</p><p>Art. 2° Designar LUIZ PAULO FERNANDES MOTTA, Técnico Judiciário, Área Administrativa, como substituto da Chefe da Seção de Reembolsos, nível FC-06.</p><p class="assina">Eduardo S. Toledo</p>]]></Texto>
  </body>
</article></xml>