﻿<xml><article id="3460397" name="Portaria n 1555 Aposenta Jussien" idOficio="4813721" pubName="DO2" artType="Ato" pubDate="01/06/2018" artClass="00017:00021:00025:00000:00000:00000:00000:00000:00000:00000:00001:00001" artCategory="Ministério da Saúde/Fundação Nacional de Saúde/Superintendência Estadual em Goiás" artSize="8" artNotes="" numberPage="57" pdfPage="http://pesquisa.in.gov.br/imprensa/jsp/visualiza/index.jsp?data=01/06/2018&amp;jornal=529&amp;pagina=57" editionNumber="104" highlightType="" highlightPriority="" highlight="" idMateria="10797412">
  <body>
    <Identifica><![CDATA[ PORTARIA Nº 1.555, DE 19 DE MARÇO DE 2018]]></Identifica>
    <Data><![CDATA[]]></Data>
    <Ementa />
    <Titulo />
    <SubTitulo />
    <Texto><![CDATA[<p class="identifica">PORTARIA Nº 1.555, DE 19 DE MARÇO DE 2018</p><p>A SUPERINTENDENTE SUSTUUTA ESTADUAL DA FUNDAÇÃO NACIONAL DE SAÚDE NO ESTADO DE GOIÁS, usando das atribuições que lhe confere o artigo 13º do Estatuto aprovado pelo Decreto nº 8.867, de 03/10/2016, publicado no DOU de 04/10/2016 e de acordo com a competência que lhe foi subdelegada através da Portaria nº 692 de 20/08/2012, publicada no DOU nº 162, de 21 subsequente, e tendo em vista o que consta do processo n. º 25160.000.426/2018-99. Resolve:</p><p>Art.1º CONCEDER aposentadoria voluntária com proventos integrais a servidora JUSSIENE AYRES TEIXEIRA, matrícula SIAPE n. º 1084754, Classe S, Padrão III, ocupante do cargo de Auxiliar de Administração, do quadro de pessoal permanente da Fundação Nacional de Saúde - FUNASA/SUEST-GO, com fundamento no artigo 3º da Emenda Constitucional nº 47/2005.</p><p>Art.2º Declarar vago o cargo referido no artigo 1º.</p><p class="assina">Maria Conceição Machado dos Anjos</p>]]></Texto>
  </body>
</article></xml>