﻿<xml><article id="3487654" name="PT 771 - 30.05.18 - SEI Nº DIGAD" idOficio="4814366" pubName="DO2" artType="Portaria" pubDate="04/06/2018" artClass="00017:00002:00029:00108:00000:00000:00000:00000:00000:00000:00025:00004" artCategory="Ministério da Saúde/Secretaria Executiva/Núcleo Estadual no Rio de Janeiro/Divisão de Gestão Administrativa" artSize="8" artNotes="" numberPage="29" pdfPage="http://pesquisa.in.gov.br/imprensa/jsp/visualiza/index.jsp?data=04/06/2018&amp;jornal=529&amp;pagina=29" editionNumber="105" highlightType="" highlightPriority="" highlight="" idMateria="10798363">
  <body>
    <Identifica><![CDATA[ PORTARIA  Nº 771, DE 30 DE MAIO DE 2018 ]]></Identifica>
    <Data><![CDATA[]]></Data>
    <Ementa />
    <Titulo />
    <SubTitulo />
    <Texto><![CDATA[<p class="identifica">PORTARIA Nº 771, DE 30 DE MAIO DE 2018</p><p>A CHEFE DA DIVISÃO DE GESTÃO ADMINISTRATIVA DA COORDENAÇÃO-GERAL DO NÚCLEO ESTADUAL DO MINISTÉRIO DA SAÚDE NO ESTADO DO RIO DE JANEIRO, no uso das atribuições conferidas pela PT/CGRH/SAA/MS nº 1804 de 01.10.2013, publicada no Diário Oficial da União (DOU) nº 192 de 03.10.2013 e à vista das informações constantes no Processo nº 25001.001912/2018-57, tendo como relacionado o Processo nº 25001.037240/2017-37, resolve:</p><p>Retificar a PORTARIA/DIGAD Nº 385, de 23.03.2018, publicada no DOU Nº 61, de 29.03.2018, Seção 2, página 61, que concedeu aposentadoria à servidora MARIA DO CARMO DA ASSUNÇÃO MACIEL PEREIRA, matrícula SIAPE nº 0.648.112, Médico, Nível Superior, Classe S, Padrão III, - Onde se lê: "MARIA DO CARMO DA ASSUNÇÃO MACIEL" - Leia-se: "MARIA DO CARMO DA ASSUNÇÃO MACIEL PEREIRA".</p><p>KARINA ORNELAS DOS SANTOS LATORRACA</p>]]></Texto>
  </body>
</article></xml>