﻿<xml><article id="3462659" name="PTS77E78VITORIA" idOficio="4813898" pubName="DO2" artType="Portaria" pubDate="01/06/2018" artClass="00022:00029:00240:00005:00035:00003:00000:00000:00000:00000:00025:00002" artCategory="Ministério do Desenvolvimento Social/Instituto Nacional do Seguro Social/Superintendência Regional Sudeste II em Belo Horizonte/Gerência Executiva - A - Vitória/Serviço de Administração/Seção Operacional da Gestão de Pessoas" artSize="8" artNotes="OK" numberPage="66" pdfPage="http://pesquisa.in.gov.br/imprensa/jsp/visualiza/index.jsp?data=01/06/2018&amp;jornal=529&amp;pagina=66" editionNumber="104" highlightType="" highlightPriority="" highlight="" idMateria="10797716">
  <body>
    <Identifica><![CDATA[ PORTARIAS DE 1º DE JUNHO DE 2018]]></Identifica>
    <Data><![CDATA[]]></Data>
    <Ementa />
    <Titulo />
    <SubTitulo />
    <Texto><![CDATA[<p></p><p class="identifica">PORTARIAS DE 1º DE JUNHO DE 2018</p><p>O CHEFE DA SEÇÃO OPERACIONAL DE GESTÃO DE PESSOAS DA GERENCIA-EXECUTIVA DO INSTITUTO NACIONAL DO SEGURO SOCIAL (INSS) EM VITORIA/ES, no uso das atribuições conferidas pelo Art. 235, Inciso "I", alínea "b", do Regimento Interno do INSS, aprovado pela Portaria MDS/GM nº 414, de 28/09/2017, publicada no DOU Edição Extra nº 188-A, de 29/09/2017, e por competência delegada pela PT/INSS/GEXVIT nº 1.867, DOU nº 89 de 10/05/2018, resolve:</p><p>Nº 77 - Conceder Aposentadoria Voluntária a servidora Luciene Barreto Mota Ledo, matricula Siape nº 562320, ocupante do cargo de Perito Médico Previdenciário, código 811.001, nível "NS", classe "D", padrão III, do quadro de Pessoal do Instituto Nacional do Seguro Social, com fundamento no Artigo 40, § 1º, inciso III, Alínea "a" da CF, com redação dada pela Emenda Constitucional nº 41/03, com proventos calculados com base no Art. 1º da Lei nº 10.887/2004. Processo nº 35059.000138/2018-55</p><p>Nº 78 - Conceder Aposentadoria Voluntária a servidora Claudia Helena Erler Tonini, matricula Siape nº 0046000, ocupante do cargo de Técnico do Seguro Social, código 434.550, nível "NI", classe "S", padrão IV, do quadro de Pessoal do Instituto Nacional do Seguro Social, com fundamento no artigo 3º da Emenda Constitucional nº 47/2005, com proventos integrais, acrescido das demais vantagens a que faz. Processo nº 35059.000076/2018-81.</p><p class="assina">TELMA ELITA SIQUEIRA COUTINHO</p>]]></Texto>
  </body>
</article></xml>