﻿<xml><article id="3459773" name="214_DG_GM_Designar" idOficio="4810367" pubName="DO2" artType="Portaria" pubDate="01/06/2018" artClass="00006:00019:00000:00000:00000:00000:00000:00000:00000:00000:00000:00007" artCategory="Presidência da República/Gabinete de Segurança Institucional/Agência Brasileira de Inteligência" artSize="8" artNotes="" numberPage="3" pdfPage="http://pesquisa.in.gov.br/imprensa/jsp/visualiza/index.jsp?data=01/06/2018&amp;jornal=529&amp;pagina=3" editionNumber="104" highlightType="" highlightPriority="" highlight="" idMateria="10790936">
  <body>
    <Identifica><![CDATA[ PORTARIA Nº 214, DE 24 DE MAIO DE 2018]]></Identifica>
    <Data><![CDATA[]]></Data>
    <Ementa />
    <Titulo />
    <SubTitulo />
    <Texto><![CDATA[<p class="identifica">PORTARIA Nº 214, DE 24 DE MAIO DE 2018</p><p><strong>O DIRETOR-GERAL DA AGÊNCIA BRASILEIRA DE INTELIGÊNCIA DO GABINETE DE SEGURANÇA INSTITUCIONAL DA PRESIDÊNCIA DA REPÚBLICA</strong>, no uso da competência que lhe foi subdelegada pela alínea "c" do inciso I do art. 2° da Portaria n° 74-GSIPR, de 25 de novembro de 2016, publicada no Diário Oficial da União n° 231, de 2 de dezembro de 2016, resolve:</p><p>Art. 1º Designar matrícula nº 912104 para a função de Assistente Técnico Militar - Grupo "5-E".</p><p>Art. 2° Esta Portaria entra em vigor na data de sua publicação.</p><p class="assina">JANER TESCH HOSKEN ALVARENGA</p>]]></Texto>
  </body>
</article></xml>