﻿<xml><article id="3487555" name="086 - Designa Stella Cristina Câ" idOficio="4812595" pubName="DO2" artType="Portaria" pubDate="04/06/2018" artClass="00038:00001:00008:00005:00000:00000:00000:00000:00000:00000:00025:00001" artCategory="Poder Judiciário/Supremo Tribunal Federal/Secretaria do Tribunal/Secretaria de Gestão de Pessoas" artSize="8" artNotes="" numberPage="50" pdfPage="http://pesquisa.in.gov.br/imprensa/jsp/visualiza/index.jsp?data=04/06/2018&amp;jornal=529&amp;pagina=50" editionNumber="105" highlightType="" highlightPriority="" highlight="" idMateria="10794911">
  <body>
    <Identifica><![CDATA[ PORTARIA Nº 86, DE 29 DE MAIO DE 2018]]></Identifica>
    <Data><![CDATA[]]></Data>
    <Ementa />
    <Titulo />
    <SubTitulo />
    <Texto><![CDATA[<p class="identifica">PORTARIA Nº 86, DE 29 DE MAIO DE 2018</p><p>O SECRETÁRIO DE GESTÃO DE PESSOAS DO SUPREMO TRIBUNAL FEDERAL, no uso das atribuições conferidas pela Portaria DG nº 233/2013, com base no inc. II do art. 9º da Lei nº 8.112/1990,</p><p>RESOLVE, por solicitação do Ministro Gilmar Mendes:</p><p>Designar STELLA CRISTINA CÂMARA GALVÃO, Técnico Judiciário, Área Administrativa, para exercer a função comissionada de Assistente III, nível FC-03, em seu Gabinete.</p><p class="assina">Cícero Rodrigues de Oliveira Gomes</p>]]></Texto>
  </body>
</article></xml>