﻿<xml><article id="3463665" name="Modelo DOU portaria_- Jarbas - E" idOficio="4814032" pubName="DO2" artType="Portaria" pubDate="01/06/2018" artClass="00011:00060:00022:00001:00000:00000:00000:00000:00000:00000:00025:00001" artCategory="Ministério da Educação/Instituto Federal de Educação, Ciência e Tecnologia do Ceará/Campus Caucaia/Gabinete" artSize="8" artNotes="" numberPage="26" pdfPage="http://pesquisa.in.gov.br/imprensa/jsp/visualiza/index.jsp?data=01/06/2018&amp;jornal=529&amp;pagina=26" editionNumber="104" highlightType="" highlightPriority="" highlight="" idMateria="10797920">
  <body>
    <Identifica><![CDATA[ PORTARIA Nº  73, DE 30 DE MAIO DE 2018]]></Identifica>
    <Data><![CDATA[]]></Data>
    <Ementa />
    <Titulo />
    <SubTitulo />
    <Texto><![CDATA[<p></p><p class="identifica">PORTARIA Nº 73, DE 30 DE MAIO DE 2018</p><p>O DIRETOR GERAL DO INSTITUTO FEDERAL DE EDUCAÇÃO, CIÊNCIA E TECNOLOGIA DO CEARÁ - CAMPUS CAUCAIA, no uso de suas atribuições e considerando o que dispõe na Portaria nº 252/GR, de 20 de Março de 2017; resolve:</p><p>Art. 1º - Dispensar JARBAS ROCHA MARTINS, Professor do Ensino Básico, Técnico e Tecnológico, Matrícula SIAPE nº 1813280, pertencente ao quadro Permanente do IFCE - campus Caucaia da Função Gratificada da Coordenadoria de Pesquisa e Extensão do campus de Caucaia, Código FG-01.</p><p>Art. 2º - Designar EUGENIO EDUARDO PIMENTEL MOREIRA, Professor do Ensino Básico, Técnico e Tecnológico, Matrícula SIAPE nº 1062781, pertencente ao Quadro Permanente do IFCE - campus Caucaia, para exercer a Função Gratificada da Coordenadoria de Pesquisa e Extensão do campus de Caucaia, Código FG-01.</p><p>Art. 3º - Esta Portaria entra em vigor na data de sua publicação no Diário Oficial da União.</p><p class="assina">Jefferson Queiroz Lima</p><p></p>]]></Texto>
  </body>
</article></xml>