﻿<xml><article id="3460283" name="Portarias 1213" idOficio="4813691" pubName="DO2" artType="Portaria" pubDate="01/06/2018" artClass="00011:00065:00001:00001:00000:00000:00000:00000:00000:00000:00025:00001" artCategory="Ministério da Educação/Instituto Federal de Educação, Ciência e Tecnologia de Goiás/Reitoria/Gabinete" artSize="8" artNotes="" numberPage="27" pdfPage="http://pesquisa.in.gov.br/imprensa/jsp/visualiza/index.jsp?data=01/06/2018&amp;jornal=529&amp;pagina=27" editionNumber="104" highlightType="" highlightPriority="" highlight="" idMateria="10797398">
  <body>
    <Identifica><![CDATA[ PORTARIA N° 1.213,  DE 23 DE MAIO DE 2018.]]></Identifica>
    <Data><![CDATA[]]></Data>
    <Ementa />
    <Titulo />
    <SubTitulo />
    <Texto><![CDATA[<p class="identifica">PORTARIA N° 1.213, DE 23 DE MAIO DE 2018.</p><p>A REITORA SUBSTITUTA DO INSTITUTO FEDERAL DE EDUCAÇÃO, CIÊNCIA E TECNOLOGIA DE GOIÁS - IFG, nomeada pela Portaria nº 467, de 19 de fevereiro de 2018, publicada no Diário Oficial da União de 21.02.2018, no uso de suas atribuições legais e regimentais, resolve:</p><p>Considerando o que consta no Processo nº 23373.002772/2018-81 e a delegação de competência estabelecida pela Portaria MEC nº 404, de 23 de abril de 2009, autorizar o afastamento do país do servidor DAYWES PINHEIRO NETO, ocupante do cargo de Professor EBTT, Matrícula SIAPE n° 1662229, lotado no Câmpus Goiânia do IFG, para participar de reunião da equipe do Projeto LAPASSION (Latin-America Practices and Soft Skills for Innovation Oriented Network), a se realizar em Santiago, Chile, no período de 04 a 08 de junho de 2018, com trânsito incluso e ônus para a Comissão Europeia, nos termos da Portaria IFG nº 1541, de 08 de julho de 2016.</p><p class="assina">ADRIANA DOS REIS FERREIRA</p><p></p>]]></Texto>
  </body>
</article></xml>