﻿<xml><article id="3464971" name="Despacho_PER_FernandoLuchese" idOficio="4814214" pubName="DO2" artType="Despacho" pubDate="01/06/2018" artClass="00012:00022:00001:03498:00000:00000:00000:00000:00000:00000:00019:00001" artCategory="Ministério da Fazenda/Comissão de Valores Mobiliários/Gabinete/Secretaria-Executiva" artSize="8" artNotes="" numberPage="47" pdfPage="http://pesquisa.in.gov.br/imprensa/jsp/visualiza/index.jsp?data=01/06/2018&amp;jornal=529&amp;pagina=47" editionNumber="104" highlightType="" highlightPriority="" highlight="" idMateria="10798133">
  <body>
    <Identifica><![CDATA[  DESPACHO de 29 de maio de 2018]]></Identifica>
    <Data><![CDATA[]]></Data>
    <Ementa />
    <Titulo />
    <SubTitulo />
    <Texto><![CDATA[<p></p><p class="identifica">DESPACHO de 29 de maio de 2018</p><p>O PRESIDENTE DA COMISSÃO DE VALORES MOBILIÁRIOS, no uso da competência prevista no art. 2º do Decreto nº 1.387, de 7 de fevereiro de 1995, que lhe foi delegada no artigo 11 da Portaria MF nº 160, de 6 de maio de 2016, autoriza o afastamento do País de FERNANDO D'AMBROS LUCCHESI, Inspetor da Gerência de Acompanhamento de Empresas 2, no período de 25 de agosto de 2018 a 21 de dezembro de 2019, inclusive trânsito, com ônus limitado, na forma do disposto no inciso IV do art. 1º do citado Decreto, a fim de cursar o Mestrado em Finanças (Master of Sciences in Finance), ministrado pela Universidade de Illinois (University of Illinois Urbana-Champaign) em Illinois, Estados Unidos. (Processo SEI 19957.004458/2018-02).</p><p class="assina">MARCELO BARBOSA</p>]]></Texto>
  </body>
</article></xml>