﻿<xml><article id="3465404" name="PT131OUROPRETO" idOficio="4814306" pubName="DO2" artType="Portaria" pubDate="01/06/2018" artClass="00022:00029:00240:00018:00000:00000:00000:00000:00000:00000:00025:00003" artCategory="Ministério do Desenvolvimento Social/Instituto Nacional do Seguro Social/Superintendência Regional Sudeste II em Belo Horizonte/Gerência Executiva - B - Ouro Preto" artSize="8" artNotes="OK" numberPage="67" pdfPage="http://pesquisa.in.gov.br/imprensa/jsp/visualiza/index.jsp?data=01/06/2018&amp;jornal=529&amp;pagina=67" editionNumber="104" highlightType="" highlightPriority="" highlight="" idMateria="10798273">
  <body>
    <Identifica><![CDATA[ PORTARIA Nº 131, de 29 de Maio de 2018 ]]></Identifica>
    <Data><![CDATA[]]></Data>
    <Ementa />
    <Titulo />
    <SubTitulo />
    <Texto><![CDATA[<p class="identifica">PORTARIA Nº 131, de 29 de Maio de 2018</p><p>O GERENTE EXECUTIVO DO INSTITUTO NACIONAL DO SEGURO SOCIAL - INSS OURO PRETO, no uso das atribuições que lhe confere o artigo 19 do Decreto nº 9.104, de 24 de julho de 2017 e o artigo 7º, do Regimento Interno do INSS, aprovado pela Portaria/MDS nº 414 de 28 de Setembro de 2017, publicada no DOU nº 188-A de 29 de Setembro de 2017 e tendo em vista o que consta do processo nº 35140.000952/2018-41, resolve:</p><p>Conceder pensão vitalícia, a viúva MARIA DAS GRAÇAS VICTOR SILVEIRA, a partir de 06/04/2018, cuja cota parte equivale a 100% dos proventos do ex-servidor Francisco de Assis Silveira, matrícula 0.894.671, ocupante do cargo de Agente de Serviços Diversos, Classe B, Padrão IV, do quadro de Pessoal do Instituto Nacional do Seguro Social, em decorrência do óbito ocorrido em 06/04/2018, com fundamento no Art. 217, alínea "a", do inciso I da Lei 8.112/90, com redação da Lei 13.135/2015 e o artigo 40, § 7º, inciso I da Constituição Federal, com redação dada pelo art. 1º da Emenda Constitucional nº 41/2003, regulamentada pelo art. 2º, inciso I da Lei 10.887/2004.</p><p class="assina">ANTÔNIO VIEIRA DE SOUZA NETO</p>]]></Texto>
  </body>
</article></xml>