﻿<xml><article id="3464781" name="portarias_para_DOU (1)" idOficio="4814219" pubName="DO2" artType="Portaria" pubDate="01/06/2018" artClass="00011:00122:00001:00000:00000:00000:00000:00000:00000:00000:00025:00001" artCategory="Ministério da Educação/Universidade Federal do Pará/Reitoria" artSize="8" artNotes="" numberPage="36" pdfPage="http://pesquisa.in.gov.br/imprensa/jsp/visualiza/index.jsp?data=01/06/2018&amp;jornal=529&amp;pagina=36" editionNumber="104" highlightType="" highlightPriority="" highlight="" idMateria="10798108">
  <body>
    <Identifica><![CDATA[ PORTARIA Nº 2.451, de 23 DE MAIO DE 2018]]></Identifica>
    <Data><![CDATA[]]></Data>
    <Ementa />
    <Titulo />
    <SubTitulo />
    <Texto><![CDATA[<p></p><p class="identifica">PORTARIA Nº 2.451, de 23 DE MAIO DE 2018</p><p>O REITOR DA UNIVERSIDADE FEDERAL DO PARÁ, no uso de suas atribuições legais e estatutárias, resolve:</p><p>Conceder aposentadoria voluntária por tempo de contribuição com proventos integrais a JOAO TAVARES PINHO, matrícula SIAPE nº 0326157, ocupante de cargo de PROFESSOR DO MAGISTÉRIO SUPERIOR, Classe E, com denominação de Titular, Nível 01, em regime de Dedicação Exclusiva, com Doutorado, pertencente ao Quadro de Pessoal desta Universidade, com fundamento no artigo 3º da Emenda Constitucional nº 47/2005, publicada no DOU de 06.07.2005, com a vantagem do art. 62-a da lei 8.112/90.</p><p class="assina">GILMAR PEREIRA DA SILVA</p><p class="cargo">Em exercício</p><p class="identifica">PORTARIAs 25 DE MAIO DE 2018</p><p>O REITOR DA UNIVERSIDADE FEDERAL DO PARÁ, no uso de suas atribuições legais e estatutárias, resolve:</p><p>Nº 2.572 - Conceder aposentadoria voluntária por tempo de contribuição com proventos integrais a GUTEMBERG ARMANDO DINIZ GUERRA, matrícula SIAPE nº 1351652, ocupante de cargo de PROFESSOR DO MAGISTÉRIO SUPERIOR, Classe D, com denominação de Associado, Nível 04, em regime de Dedicação Exclusiva, com Doutorado, pertencente ao Quadro de Pessoal desta Universidade, com fundamento no artigo 3º da Emenda Constitucional nº 47/2005, publicada no DOU de 06.07.2005.</p><p>Nº 2.573 - Conceder aposentadoria voluntária por tempo de contribuição com proventos integrais a MARINILCE OLIVEIRA COELHO, matrícula SIAPE nº 2214543, ocupante do cargo de PROFESSOR DO ENSINO BÁSICO, TÉCNICO E TECNOLÓGICO, Classe Titular, Nível 1, em regime de Dedicação Exclusiva, com Doutorado, pertencente ao Quadro de Pessoal desta Universidade, com fundamento no Art. 6º, Incisos I, II, III e IV, §5º do Art. 40º da Constituição Federal, com redação dada pela EC. 41/2003.</p><p>Nº 2.574 - Conceder aposentadoria voluntária por tempo de contribuição com proventos integrais a EDNA SA E SOUZA NEIVA, matrícula SIAPE nº 1152725, ocupante do cargo de ASSISTENTE DE ALUNO, Classe C, Nível de Capacitação 4, Padrão de Vencimento 15, em regime de 40 (quarenta) horas semanais, com Especialização, pertencente ao quadro de pessoal desta Universidade, com fundamento no artigo 3º da Emenda Constitucional nº 47/2005, publicada no DOU de 06.07.2005.</p><p class="assina">GILMAR PEREIRA DA SILVA</p><p class="cargo">Em exercício</p><p class="identifica">PORTARIAS 30 DE MAIO DE 2018</p><p>O REITOR DA UNIVERSIDADE FEDERAL DO PARÁ, no uso de suas atribuições legais e estatutárias, resolve:</p><p>Nº 2.689 - Conceder aposentadoria voluntária por tempo de contribuição com proventos integrais a MARIA DO SOCORRO RODRIGUES GOMES, matrícula SIAPE nº 0327335, ocupante de cargo de AUXILIAR EM ADMINISTRAÇÃO, Classe C, Nível de Capacitação 3, Padrão de Vencimento 16, em regime de 40 (quarenta) horas semanais, pertencente ao Quadro de Pessoal desta Universidade, com fundamento no artigo 3º da Emenda Constitucional nº 47/2005, publicada no DOU de 06.07.2005.</p><p>Nº 2.694 - Conceder aposentadoria voluntária por tempo de contribuição com proventos integrais a JULIA SOCORRO DE SOUZA REIS, matrícula SIAPE nº 0563236, ocupante do cargo de Farmacêutico, Classe E, Nível de Capacitação 4, Padrão de Vencimento 16, em regime de 40 (quarenta) horas semanais, com Mestrado, pertencente ao quadro de pessoal desta Universidade, com fundamento no artigo 3º da Emenda Constitucional nº 47/2005, publicada no DOU de 06.07.2005.</p><p class="assina">GILMAR PEREIRA DA SILVA</p><p class="cargo">Em exercício</p>]]></Texto>
  </body>
</article></xml>