﻿<xml><article id="3465169" name="port 29.05.2018" idOficio="4814277" pubName="DO2" artType="Portaria" pubDate="01/06/2018" artClass="00011:00132:00001:00000:00000:00000:00000:00000:00000:00000:00025:00001" artCategory="Ministério da Educação/Universidade Federal Rural do Rio de Janeiro/Reitoria" artSize="8" artNotes="" numberPage="40" pdfPage="http://pesquisa.in.gov.br/imprensa/jsp/visualiza/index.jsp?data=01/06/2018&amp;jornal=529&amp;pagina=40" editionNumber="104" highlightType="" highlightPriority="" highlight="" idMateria="10798073">
  <body>
    <Identifica><![CDATA[ PORTARIA Nº 396, DE 29 DE MAIO DE 2018]]></Identifica>
    <Data><![CDATA[]]></Data>
    <Ementa />
    <Titulo />
    <SubTitulo />
    <Texto><![CDATA[<p class="identifica">PORTARIA Nº 396, DE 29 DE MAIO DE 2018</p><p>O REITOR DA UNIVERSIDADE FEDERAL RURAL DO RIO DE JANEIRO, no uso das atribuições legais que lhe confere o artigo 9º, inciso XVII, do Regimento Geral desta Universidade, resolve:</p><p>dispensar, SANDRA REGINA CASTRO DA SILVA PINHEIRO, Porteiro, matrícula SIAPE nº 0984575, da função de Pregoeiro, para a qual foi designada através da Portaria nº 676/GR/2017, FG-0001.</p><p>II- reconduzir SANDRA REGINA CASTRO DA SILVA PINHEIRO, Porteiro, matrícula SIAPE nº0984675, para exercer a função de Pregoeiro da UFRRJ, FG-0001.</p><p>III- Esta portaria entra em vigor, a partir da data de sua publicação por um período de 01 (um) ano.</p><p>Processo: 23083.014456/2018-17</p><p class="assina">Ricardo Luiz Louro Berbara</p>]]></Texto>
  </body>
</article></xml>