﻿<xml><article id="3465410" name="PT92RECIFE" idOficio="4814306" pubName="DO2" artType="Portaria" pubDate="01/06/2018" artClass="00022:00029:00237:00009:00003:00001:00000:00000:00000:00000:00025:00002" artCategory="Ministério do Desenvolvimento Social/Instituto Nacional do Seguro Social/Superintendência Regional Nordeste em Recife/Gerência Executiva - A - em Recife/Serviço de Gestão de Pessoas/Seção Operacional  de Gestão de Pessoas" artSize="8" artNotes="OK" numberPage="62" pdfPage="http://pesquisa.in.gov.br/imprensa/jsp/visualiza/index.jsp?data=01/06/2018&amp;jornal=529&amp;pagina=62" editionNumber="104" highlightType="" highlightPriority="" highlight="" idMateria="10798268">
  <body>
    <Identifica><![CDATA[ PORTARIA Nº 92, DE 28 DE MAIO DE 2018]]></Identifica>
    <Data><![CDATA[]]></Data>
    <Ementa />
    <Titulo />
    <SubTitulo />
    <Texto><![CDATA[<p></p><p class="identifica">PORTARIA Nº 92, DE 28 DE MAIO DE 2018</p><p>A CHEFE SUBSTITUTA DA SEÇÃO OPERACIONAL DA GESTÃO DE PESSOAS DA GERÊNCIA EXECUTIVA DO INSS EM RECIFE NO ESTADO DE PERNAMBUCO, no uso de suas atribuições estabelecidas no Inciso I do Artigo 235, do Regimento Interno, aprovada pela PT/MDS/SE nº 414, de 28.09.2017, publicada no Diário Oficial da União nº 188-A, de 29.09.2017, Seção 1, páginas 1 a 23 - Edição Extra, e tendo em vista o que consta do Processo nº 35204.003503/2018-62, resolve:</p><p>Conceder aposentadoria voluntária ao servidor ÂNGELO DE SOUSA, mat. Siape nº 0.902.703, ocupante do cargo de Técnico do Seguro Social, Classe "S", Padrão IV, do quadro de pessoal do INSS, com fundamento no Artigo 3º da Emenda Constitucional nº 47, de 05.07.2005. Declarar vago, em consequência, o cargo acima citado.</p><p class="assina">ELANE FERNANDES DA SILVA ANTUNES</p>]]></Texto>
  </body>
</article></xml>