﻿<xml><article id="3460649" name="PTS92A97SALVADOR" idOficio="4813740" pubName="DO2" artType="Portaria" pubDate="01/06/2018" artClass="00022:00029:00237:00010:00051:00001:00000:00000:00000:00000:00025:00005" artCategory="Ministério do Desenvolvimento Social/Instituto Nacional do Seguro Social/Superintendência Regional Nordeste em Recife/Gerência Executiva - A - em Salvador/Serviço de Administração/Seção Operacional da Gestão de Pessoas" artSize="8" artNotes="OK" numberPage="62" pdfPage="http://pesquisa.in.gov.br/imprensa/jsp/visualiza/index.jsp?data=01/06/2018&amp;jornal=529&amp;pagina=62" editionNumber="104" highlightType="" highlightPriority="" highlight="" idMateria="10797494">
  <body>
    <Identifica><![CDATA[ PORTARIAS DE 30 DE MAIO DE 2018]]></Identifica>
    <Data><![CDATA[]]></Data>
    <Ementa />
    <Titulo />
    <SubTitulo />
    <Texto><![CDATA[<p></p><p class="identifica">PORTARIAS DE 30 DE MAIO DE 2018</p><p>A CHEFE DA SEÇÃO OPERACIONAL DA GESTÃO DE PESSOAS DA GERÊNCIA EXECUTIVA DO INSS EM SALVADOR-BA, no uso das atribuições conferidas no artigo 235, Inciso I, alínea "b" do Regimento Interno do INSS, aprovado pela Portaria/MDS nº 414 de 28/09/2017, publicada no DOU - extra nº 188-A de 29/09/2017, resolve:</p><p>No92 - Conceder Aposentadoria Voluntária à servidora ANA MARIA ALVES DE CERQUEIRA E SILVA, matrícula SIAPE nº 0883478, ocupante do cargo de Técnico do Seguro Social, Classe "S", Padrão "IV", do quadro de pessoal do Instituto Nacional do Seguro Social - INSS, com fundamento no Artigo 3º da Emenda Constitucional nº 47/2005, com proventos mensais integrais com base na remuneração do cargo e demais vantagens a que faz jus na forma da lei, observando o contido no Processo nº 35013.002003/2018-51, em consequência, declarar vago o referido cargo.</p><p>No93 - Conceder Aposentadoria Voluntária ao servidor ERNANDE JERONIMO DA SILVA, matrícula SIAPE nº 923951, ocupante do cargo de Agente de Serviços Diversos Classe "S", Padrão "IV", do quadro de pessoal do Instituto Nacional do Seguro Social - INSS, com fundamento no Artigo 3º da Emenda Constitucional nº 47/2005, com proventos mensais integrais com base na remuneração do cargo e demais vantagens a que faz jus na forma da lei, observando o contido no Processo nº 36506.000223/2018-61, em consequência, declarar vago o referido cargo.</p><p>No94 - Conceder Aposentadoria Voluntária à servidora IVANE SOUZA DOS SANTOS, matrícula SIAPE nº 0882948, ocupante do cargo de Agente de Serviços Diversos, Classe "S", Padrão "IV", do quadro de pessoal do Instituto Nacional do Seguro Social - INSS, com fundamento no Artigo 3º da Emenda Constitucional nº 47/2005, com proventos mensais integrais com base na remuneração do cargo e demais vantagens a que faz jus na forma da lei, observando o contido no Processo nº 35013.001883/2018-48, em consequência, declarar vago o referido cargo.</p><p>No95 - Conceder Aposentadoria Voluntária ao servidor JOSÉ JORGE PASSOS DE SOUZA, matrícula SIAPE nº 0883564, ocupante do cargo de Agente de Vigilância, Classe "S", Padrão "IV", do quadro de pessoal do Instituto Nacional do Seguro Social - INSS, com fundamento no Artigo 3º da Emenda Constitucional nº 47/2005, com proventos mensais integrais com base na remuneração do cargo e demais vantagens a que faz jus na forma da lei, observando o contido no Processo nº 35013.001916/2018-50, em consequência, declarar vago o referido cargo.</p><p>No96 - Conceder Aposentadoria Voluntária à servidora TANIRA DE CARVALHO OLIVEIRA, matrícula SIAPE nº 1052975, ocupante do cargo de Técnico do Seguro Social, Classe "S", Padrão "IV", do quadro de pessoal do Instituto Nacional do Seguro Social - INSS, com fundamento no Artigo 3º da Emenda Constitucional nº 47/2005, com proventos mensais integrais com base na remuneração do cargo e demais vantagens a que faz jus na forma da lei, observando o contido no Processo nº 35013.001964/2018-48, em consequência, declarar vago o referido cargo.</p><p>No97 - Conceder Aposentadoria Voluntária à servidora YONE PEREIRA DE SANTANA, matrícula SIAPE nº 0881575, ocupante do cargo de Técnico do Seguro Social, Classe "S", Padrão "IV", do quadro de pessoal do Instituto Nacional do Seguro Social - INSS, com fundamento no Artigo 3º da Emenda Constitucional nº 47/2005, com proventos mensais integrais com base na remuneração do cargo e demais vantagens a que faz jus na forma da lei, observando o contido no Processo nº 35013.002146/2018-62, em consequência, declarar vago o referido cargo.</p><p class="assina">FLÁVIA MACIEL DANTAS</p>]]></Texto>
  </body>
</article></xml>