﻿<xml><article id="3488195" name="PORTARIAS DE 29 DE MAIO - WEA - " idOficio="4814518" pubName="DO2" artType="Portaria" pubDate="04/06/2018" artClass="00032:00011:00001:00000:00000:00000:00000:00000:00000:00000:00025:00001" artCategory="Ministério Extraordinário da Segurança Pública/Departamento de Polícia Federal/Gabinete" artSize="8" artNotes="" numberPage="43" pdfPage="http://pesquisa.in.gov.br/imprensa/jsp/visualiza/index.jsp?data=04/06/2018&amp;jornal=529&amp;pagina=43" editionNumber="105" highlightType="" highlightPriority="" highlight="" idMateria="10798553">
  <body>
    <Identifica><![CDATA[ PORTARIAS DE 29 DE MAIO DE 2018]]></Identifica>
    <Data><![CDATA[]]></Data>
    <Ementa />
    <Titulo />
    <SubTitulo />
    <Texto><![CDATA[<p class="identifica">PORTARIAS DE 29 DE MAIO DE 2018</p><p>O DIRETOR-GERAL DA POLÍCIA FEDERAL, no uso das competências que lhe foram atribuídas nos incisos IV e X do art. 35 do Regimento Interno da Polícia Federal, aprovado pela Portaria nº 1.252, de 29 de dezembro de 2017, do Excelentíssimo Senhor Ministro de Estado da Justiça e Segurança Pública, publicada no DOU nº 01, de 02 de janeiro de 2018, e na Portaria nº 499, de 29 de maio de 2014, da Secretaria Executiva do Ministério da Justiça, publicada no DOU nº 106, de 5 de junho de 2014, resolve:</p><p>Nº 8.527 EXONERAR o Delegado de Polícia Federal DECIO PEREIRA DE MOURA do cargo de Chefe do Serviço de Mobilização de Pessoal da Coordenação de Recursos Humanos da Diretoria de Gestão de Pessoal, código DAS 101.1.</p><p>Nº 8.528 NOMEAR o Delegado de Polícia Federal CARLOS JOSE OLIVEIRA RIBEIRO para o cargo de Chefe do Serviço de Mobilização de Pessoal da Coordenação de Recursos Humanos da Diretoria de Gestão de Pessoal, código DAS 101.1.</p><p>Nº 8.529 EXONERAR o Delegado de Polícia Federal CARLOS JOSE OLIVEIRA RIBEIRO do cargo de Chefe da Divisão de Administração de Recursos Humanos da Coordenação de Recursos Humanos da Diretoria de Gestão de Pessoal, código DAS 101.2.</p><p>Nº 8.530 NOMEAR o Delegado de Polícia Federal RODRIGO DE SOUZA CARVALHO para o cargo de Chefe da Divisão de Administração de Recursos Humanos da Coordenação de Recursos Humanos da Diretoria de Gestão de Pessoal, código DAS 101.2.</p><p>Nº 8.531 DISPENSAR o Delegado de Polícia Federal RODRIGO DE SOUZA CARVALHO do encargo de Substituto Eventual do Chefe do Serviço de Mobilização de Pessoal da Coordenação de Recursos Humanos da Diretoria de Gestão de Pessoal, código DAS 101.1.</p><p class="assina">ROGÉRIO AUGUSTO VIANA GALLORO</p>]]></Texto>
  </body>
</article></xml>