﻿<xml><article id="3462365" name="FNDE2_PORTARIA Nº 317, DE 23 DE " idOficio="4813825" pubName="DO2" artType="Portaria" pubDate="01/06/2018" artClass="00011:00046:00000:00000:00000:00000:00000:00000:00000:00000:00025:00001" artCategory="Ministério da Educação/Fundo Nacional de Desenvolvimento da Educação" artSize="8" artNotes="" numberPage="23" pdfPage="http://pesquisa.in.gov.br/imprensa/jsp/visualiza/index.jsp?data=01/06/2018&amp;jornal=529&amp;pagina=23" editionNumber="104" highlightType="" highlightPriority="" highlight="" idMateria="10797634">
  <body>
    <Identifica><![CDATA[ PORTARIA Nº 317, DE 23 DE MAIO DE 2018 ]]></Identifica>
    <Data><![CDATA[]]></Data>
    <Ementa />
    <Titulo />
    <SubTitulo />
    <Texto><![CDATA[<p class="identifica">PORTARIA Nº 317, DE 23 DE MAIO DE 2018</p><p>O DIRETOR DE ADMINISTRAÇÃO do FUNDO NACIONAL DE DESENVOLVIMENTO DA EDUCAÇÃO - FNDE, nomeado por meio da Portaria n° 471, publicada no Diário Oficial da União de 08 de maio de 2017, no uso da atribuição que lhe confere a alínea a, do inciso I, do Art. 1º, da Portaria nº 224-FNDE, de 19 de maio de 2016, publicado no Diário Oficial da União de 20/05/2016, e tendo em vista o que consta no processo nº 23034.015841/2018-67, resolve:</p><p>Art. 1º Conceder aposentadoria voluntária integral à servidora MARINEY DIAS DOS SANTOS, matrícula SIAPE nº 0080420, ocupante do cargo de Técnico de Nível Médio, Classe D, Padrão IV, do Quadro de Pessoal Permanente desta Autarquia, com fundamento no Artigo 3º, Incisos I, II, III e parágrafo único, da Emenda Constitucional nº 047/2005 e a Vantagem Pessoal Nominalmente Identificada - VPNI, art. 62-A, Lei nº 8.112/1990.</p><p>Art. 2º Declarar, em decorrência, a vacância do cargo acima mencionado.</p><p>Art. 3º Esta portaria entra em vigor na data de sua publicação.</p><p class="assina">Dernival Neto</p>]]></Texto>
  </body>
</article></xml>