﻿<xml><article id="3463989" name="PORTARIA 3144 1HI2 29052018" idOficio="4814051" pubName="DO2" artType="Portaria" pubDate="01/06/2018" artClass="00010:00006:00005:00046:00000:00000:00000:00000:00000:00000:00025:00003" artCategory="Ministério da Defesa/Comando da Aeronáutica/Comando-Geral do Pessoal/Diretoria de Administração do Pessoal" artSize="8" artNotes="" numberPage="10" pdfPage="http://pesquisa.in.gov.br/imprensa/jsp/visualiza/index.jsp?data=01/06/2018&amp;jornal=529&amp;pagina=10" editionNumber="104" highlightType="" highlightPriority="" highlight="" idMateria="10797910">
  <body>
    <Identifica><![CDATA[ PORTARIA DIRAP Nº 3.144/1HI2, DE 29 MAIO DE 2018 ]]></Identifica>
    <Data><![CDATA[]]></Data>
    <Ementa />
    <Titulo />
    <SubTitulo />
    <Texto><![CDATA[<p class="identifica">PORTARIA DIRAP Nº 3.144/1HI2, DE 29 MAIO DE 2018</p><p>O DIRETOR DE ADMINISTRAÇÃO DO PESSOAL, no uso da subdelegação de competência estabelecida no art. 4º, inciso II, da Portaria COMGEP nº 1.395/DLE, de 08 de julho de 2016, e considerando o Processo nº 67612.014783/2018-19, resolve:</p><p>Conceder transferência para a reserva remunerada ao Cap QOEA SVA MANOEL MENDES DE ARAÚJO (Nr Ord 1392085), do efetivo do Primeiro Centro Integrado de Defesa Aérea e Controle de Tráfego Aéreo, de acordo com o art. 96, inciso I, e art. 97, ambos da Lei nº 6.880, de 9 de dezembro de 1980, com a remuneração a que faz jus, observando o art. 50, inciso II, da mencionada Lei, alterado pelo art. 28 da Medida Provisória n° 2.215-10, de 31 de agosto de 2001, regulamentada pelo Decreto n° 4.307, de 18 de julho de 2002.</p><p class="assina">Maj Brig Ar MAURO MARTINS MACHADO</p><p></p>]]></Texto>
  </body>
</article></xml>