﻿<xml><article id="3459890" name="Portaria nº 65 de 28.05.2018" idOficio="4810243" pubName="DO2" artType="Portaria" pubDate="01/06/2018" artClass="00014:00042:00009:00000:00000:00000:00000:00000:00000:00000:00025:00001" artCategory="Ministério da Integração Nacional/Superintendência do Desenvolvimento do Nordeste/Diretoria de Administração" artSize="8" artNotes="" numberPage="50" pdfPage="http://pesquisa.in.gov.br/imprensa/jsp/visualiza/index.jsp?data=01/06/2018&amp;jornal=529&amp;pagina=50" editionNumber="104" highlightType="" highlightPriority="" highlight="" idMateria="10790736">
  <body>
    <Identifica><![CDATA[ PORTARIA   Nº   65,   DE    28   DE   MAIO  DE  2018]]></Identifica>
    <Data><![CDATA[]]></Data>
    <Ementa />
    <Titulo />
    <SubTitulo />
    <Texto><![CDATA[<p class="identifica">PORTARIA Nº 65, DE 28 DE MAIO DE 2018</p><p>O DIRETOR DE ADMINISTRAÇÃO DA SUPERINTENDÊNCIA DO DESENVOLVIMENTO DO NORDESTE - SUDENE, no uso das atribuições que lhe foram delegadas pela Portaria nº 118, de 3 de setembro de 2015, publicada no Diário Oficial da União nº 171, Seção 1, de 8 de setembro de 2015, e considerando o contido no Processo nº 59335000094/2018-15, resolve:</p><p>Art. 1º Conceder aposentadoria voluntária com provento integral ao servidor LUIZ CARLOS DE BARROS E SILVA, Matrícula SIAPE nº 0675693, ocupante do cargo efetivo de Agente de Atividades Agropecuárias, código 481/014, Nível Intermediário, Classe S, Padrão III, integrante do quadro de pessoal permanente desta Superintendência do Desenvolvimento do Nordeste - SUDENE, com fundamento no art. 3º da Emenda Constitucional nº 47/2005.</p><p>Art. 2º Declarar vago o referido cargo (código da vaga 423432).</p><p>Art. 3º Esta Portaria entra em vigor na data de sua publicação no Diário Oficial da União.</p><p class="assina">ANTONIO SILVA MAGALHÃES RIBEIRO</p>]]></Texto>
  </body>
</article></xml>