﻿<xml><article id="3460082" name="Port. DIF - 3661" idOficio="4812836" pubName="DO2" artType="Portaria" pubDate="01/06/2018" artClass="00011:00119:00001:00017:00000:00000:00000:00000:00000:00000:00025:00001" artCategory="Ministério da Educação/Universidade Federal de Minas Gerais/Reitoria/Pró-Reitoria de Recursos Humanos" artSize="8" artNotes="" numberPage="35" pdfPage="http://pesquisa.in.gov.br/imprensa/jsp/visualiza/index.jsp?data=01/06/2018&amp;jornal=529&amp;pagina=35" editionNumber="104" highlightType="" highlightPriority="" highlight="" idMateria="10795292">
  <body>
    <Identifica><![CDATA[ PORTARIA Nº 3.661, DE 29 DE MAIO DE 2018 ]]></Identifica>
    <Data><![CDATA[]]></Data>
    <Ementa />
    <Titulo />
    <SubTitulo />
    <Texto><![CDATA[<p class="identifica">PORTARIA Nº 3.661, DE 29 DE MAIO DE 2018</p><p>A Pró-Reitora de Recursos Humanos da Universidade Federal de Minas Gerais, no uso da atribuição que lhe confere a Portaria de Delegação de Competências nº 071, de 21/03/2018, da Magnífica Reitora, resolve:</p><p>Dispensar o servidor KILDREI ALCÂNTARA NERI, matrícula SIAPE nº 1737402, inscrição UFMG nº 215570, CPF nº 995.519.696-34, ocupante do cargo de Pedagogo, da função de Diretor da Divisão de Acompanhamento Funcional do Departamento de Desenvolvimento de Recursos Humanos, código FG-1, a partir de 01/06/2018.</p><p class="assina">MARIA MÁRCIA MAGELA MACHADO</p>]]></Texto>
  </body>
</article></xml>