﻿<xml><article id="3465446" name="PT15VARGINHA" idOficio="4814306" pubName="DO2" artType="Portaria" pubDate="01/06/2018" artClass="00022:00029:00240:00024:00021:00000:00000:00000:00000:00000:00025:00007" artCategory="Ministério do Desenvolvimento Social/Instituto Nacional do Seguro Social/Superintendência Regional Sudeste II em Belo Horizonte/Gerência Executiva - B - Varginha/Seção Operacional da Gestão de Pessoas" artSize="8" artNotes="OK" numberPage="67" pdfPage="http://pesquisa.in.gov.br/imprensa/jsp/visualiza/index.jsp?data=01/06/2018&amp;jornal=529&amp;pagina=67" editionNumber="104" highlightType="" highlightPriority="" highlight="" idMateria="10798272">
  <body>
    <Identifica><![CDATA[ Portaria nº 15, de 30 de maio de 2018]]></Identifica>
    <Data><![CDATA[]]></Data>
    <Ementa />
    <Titulo />
    <SubTitulo />
    <Texto><![CDATA[<p class="identifica">Portaria nº 15, de 30 de maio de 2018</p><p>A CHEFE DA SEÇÃO OPERACIONAL DA GESTÃO DE PESSOAS DA GERÊNCIA EXECUTIVA DO INSS EM VARGINHA/MG - no uso das atribuições que foram conferidas pela PT/MPS/N° 414 de 28/09/2017 art. 235 do Regimento Interno do INSS, publicada no DOU 188-A de 29/09/2017 e tendo em vista o que consta do processo 35163.000190/2018-14, resolve:</p><p>Conceder Pensão, a BRIGIDA ANDRADE GUIMARÃES, na qualidade de filha maior inválida, cuja cota parte equivale a 50% (cinquenta por cento) dos proventos do ex-servidor aposentado ERNANI SILVA GUIMARÃES, matrícula 0947270, ocupante do cargo de Técnico do Seguro Social, Classe S, Padrão IV, do quadro de pessoal deste Instituto, em decorrência do óbito ocorrido em 13/11/2017, com fundamento no art. 217, inciso IV, alíneas "b" e "d" da Lei 8.112/90, combinado com o art. 2º, inciso I da lei 10.887/04.</p><p class="assina">ANDREISA MARA VASCONCELOS FALEIRO</p>]]></Texto>
  </body>
</article></xml>