﻿<xml><article id="3487414" name="Port. 390 - ATQINTECTA 47 - JULI" idOficio="4809895" pubName="DO2" artType="Portaria" pubDate="04/06/2018" artClass="00011:00134:00012:00007:00000:00000:00000:00000:00000:00000:00025:00003" artCategory="Ministério da Educação/Universidade Federal de Santa Catarina/Reitoria/Pró-Reitoria de Desenvolvimento e Gestão de Pessoas/Departamento de Administração de Pessoal" artSize="8" artNotes="" numberPage="22" pdfPage="http://pesquisa.in.gov.br/imprensa/jsp/visualiza/index.jsp?data=04/06/2018&amp;jornal=529&amp;pagina=22" editionNumber="105" highlightType="" highlightPriority="" highlight="" idMateria="10790257">
  <body>
    <Identifica><![CDATA[ PORTARIA Nº 390, DE 28 DE MAIO DE 2018 ]]></Identifica>
    <Data><![CDATA[]]></Data>
    <Ementa />
    <Titulo />
    <SubTitulo />
    <Texto><![CDATA[<p class="identifica">PORTARIA Nº 390, DE 28 DE MAIO DE 2018</p><p>A Diretora do Departamento de Administração de Pessoal da Universidade Federal de Santa Catarina, no uso de suas atribuições, resolve:</p><p>Aposentar JULIO FRANCISCO BORGES DE OLIVEIRA, matrícula SIAPE 1157408, código de vaga 689189, ocupante do cargo de Contador, nível de classificação E, nível de capacitação IV, padrão de vencimento 16, no regime de trabalho de 40 (quarenta) horas semanais, da carreira técnico-administrativa da Universidade Federal de Santa Catarina, nos termos do art. 3º, incisos I a III e parágrafo único da Emenda Constitucional nº 47 de 05 de julho de 2005, com proventos integrais, incorporando 18 % (dezoito por cento) de adicional por tempo de serviço e incorporação de 04/10 (quatro décimos) de FG-04, transformados em vantagem pessoal nominalmente identificada de que trata o artigo 62-A da Lei n° 8.112/90, com redação dada pela Medida Provisória nº 2.225-45 de 04 de setembro de 2001. (Processo nº 23080.083069/2017-70)</p><p></p><p class="assina">Rita de Cássia Knabben</p><p></p>]]></Texto>
  </body>
</article></xml>