﻿<xml><article id="3462175" name="Portaria.COGER 308" idOficio="4813813" pubName="DO2" artType="Portaria" pubDate="01/06/2018" artClass="00012:00045:00000:00000:00000:00000:00000:00000:00000:00000:00025:00001" artCategory="Ministério da Fazenda/Corregedoria-Geral" artSize="8" artNotes="" numberPage="47" pdfPage="http://pesquisa.in.gov.br/imprensa/jsp/visualiza/index.jsp?data=01/06/2018&amp;jornal=529&amp;pagina=47" editionNumber="104" highlightType="" highlightPriority="" highlight="" idMateria="10797607">
  <body>
    <Identifica><![CDATA[ PORTARIA Nº 308, DE 30 DE MAIO DE 2018]]></Identifica>
    <Data><![CDATA[]]></Data>
    <Ementa />
    <Titulo />
    <SubTitulo />
    <Texto><![CDATA[<p></p><p class="identifica">PORTARIA Nº 308, DE 30 DE MAIO DE 2018</p><p>A CORREGEDORA-GERAL DO MINISTÉRIO DA FAZENDA, no uso das atribuições conferidas pelo Decreto n° 9.003, de 13 de março de 2017, e considerando ainda o disposto na Lei nº 12.846/2013, de 01 de agosto de 2013, no Decreto nº 8.420, de 18 de março de 2015, na Portaria CGU nº 910, de 07 de abril de 2015 e na Portaria MF nº 167, de 25 de março de 2015, resolve:</p><p>Art. 1º Designar os servidores CELSO BARBOSA DE ALMEIDA, Auditor Federal de Finanças e Controle, matrícula SIAPE nº 1096864, MARIA LAURA DE RESENDE PAIVA, Auditor Federal de Finanças e Controle, matrícula SIAPE nº 2029397, e RENATO NOGUEIRA STARLING, Auditor Federal de Finanças e Controle, matrícula SIAPE nº 1699209, para, sob a presidência do primeiro, constituírem a Comissão de Processo Administrativo de Responsabilização, incumbida de apurar, no prazo de 180 (cento e oitenta dias), as possíveis irregularidades referentes aos atos e fatos que constam do processo administrativo nº 17316.100104/2018-08, bem como as demais infrações conexas que emergirem no curso da apuração.</p><p>Art. 2º Esta Portaria entra em vigor na data da sua publicação.</p><p class="assina">FABIANA VIEIRA LIMA</p>]]></Texto>
  </body>
</article></xml>