﻿<xml><article id="3462347" name="Aposentadoria Celso Picharsky" idOficio="4813862" pubName="DO2" artType="Portaria" pubDate="01/06/2018" artClass="00031:00024:00100:00000:00000:00000:00000:00000:00000:00000:00025:00001" artCategory="Ministério dos Transportes, Portos e Aviação Civil/Departamento Nacional de Infraestrutura de Transportes/Superintendência Regional no Paraná" artSize="8" artNotes="" numberPage="80" pdfPage="http://pesquisa.in.gov.br/imprensa/jsp/visualiza/index.jsp?data=01/06/2018&amp;jornal=529&amp;pagina=80" editionNumber="104" highlightType="" highlightPriority="" highlight="" idMateria="10797621">
  <body>
    <Identifica><![CDATA[ PORTARIA 2.771M DE 29 DE MAIO DE 2018.]]></Identifica>
    <Data><![CDATA[]]></Data>
    <Ementa />
    <Titulo />
    <SubTitulo />
    <Texto><![CDATA[<p class="identifica">PORTARIA 2.771M DE 29 DE MAIO DE 2018.</p><p>O SUPERINTENDENTE REGIONAL NO ESTADO DO PARANÁ DO DEPARTAMENTO NACIONAL DE INFRAESTRUTURA DE TRANSPORTES - DNIT, usando da competência que lhe foi delegada pela Portaria DG nº 931, de 30 de maio de 2016, publicada no Diário Oficial da União de 01 de junho de 2016 e tendo em vista o constante do processo nº 50609.001448/2018-15, resolve:</p><p>Conceder aposentadoria voluntária ao servidor CELSO PICHARSKY, matrícula DNIT nº 1238.6 e SIAPE nº 0865352, ocupante do cargo de Datilógrafo, código 460012, classe Especial, padrão III, Nível Intermediário, pertencente ao Quadro de Pessoal Específico desta Autarquia, lotado na Superintendência Regional no Estado do Paraná, com fundamento no artigo 3º da Emenda Constitucional nº 47/2005, e do artigo 186, III, "a" da Lei 8.112/90, com paridade e proventos integrais e a opção pela incorporação da gratificação de desempenho consoante o art. 5º da Lei nº 13.371, de 14 de dezembro de 2016.</p><p class="assina">JOSÉ DA SILVA TIAGO</p>]]></Texto>
  </body>
</article></xml>