﻿<xml><article id="3460199" name="P_1559_1560_DISPENSAR NÁDIA DE M" idOficio="4813684" pubName="DO2" artType="Portaria" pubDate="01/06/2018" artClass="00011:00058:00001:00000:00000:00000:00000:00000:00000:00000:00025:00012" artCategory="Ministério da Educação/Instituto Federal de Educação, Ciência e Tecnologia de Brasília/Reitoria/Chefia de Gabinete da Reitoria" artSize="8" artNotes="" numberPage="25" pdfPage="http://pesquisa.in.gov.br/imprensa/jsp/visualiza/index.jsp?data=01/06/2018&amp;jornal=529&amp;pagina=25" editionNumber="104" highlightType="" highlightPriority="" highlight="" idMateria="10797356">
  <body>
    <Identifica><![CDATA[ PORTARIAS DE 29 DE MAIO DE 2018]]></Identifica>
    <Data><![CDATA[]]></Data>
    <Ementa />
    <Titulo />
    <SubTitulo />
    <Texto><![CDATA[<p></p><p class="identifica">PORTARIAS DE 29 DE MAIO DE 2018</p><p>O REITOR DO INSTITUTO FEDERAL DE BRASÍLIA, nomeado pelo Decreto de 05 de maio de 2015, publicado no Diário Oficial da União em 06 de maio de 2015, no uso de suas atribuições legais e regimentais, resolve:</p><p>Nº 1.559 - DISPENSAR, a pedido, a servidora NÁDIA DE MATOS FRANCO, matrícula SIAPE Nº 0160775, ocupante do cargo efetivo de Técnico em Assuntos Educacionais, lotada no Campus Estrutural, do Instituto Federal de Brasília, da função de Coordenadora Pedagógica, código FG-02, do Campus Estrutural, do Instituto Federal de Brasília, a contar do dia 01/06/2018.</p><p>Nº 1.560 - DESIGNAR a servidora ÁUREA SOUSA OLIVEIRA, matrícula SIAPE Nº 1164534, ocupante do cargo efetivo de Professor Ensino Básico, Técnico e Tecnológico, lotada no Campus Estrutural, do Instituto Federal de Brasília, para exercer a função Coordenadora Pedagógica, código FG-02, do Campus Estrutural, do Instituto Federal de Brasília.</p><p>Art. 1º Estas Portarias entram em vigor na data de sua publicação.</p><p class="assina">WILSON CONCIANI</p>]]></Texto>
  </body>
</article></xml>