﻿<xml><article id="3460067" name="ProReitoria Aposent HU 01JUNHO18" idOficio="4812130" pubName="DO2" artType="Portaria" pubDate="01/06/2018" artClass="00011:00136:00051:00000:00000:00000:00000:00000:00000:00000:00025:00001" artCategory="Ministério da Educação/Universidade Federal de São Paulo/Pró-Reitoria de Gestão com Pessoas" artSize="8" artNotes="" numberPage="41" pdfPage="http://pesquisa.in.gov.br/imprensa/jsp/visualiza/index.jsp?data=01/06/2018&amp;jornal=529&amp;pagina=41" editionNumber="104" highlightType="" highlightPriority="" highlight="" idMateria="10794137">
  <body>
    <Identifica><![CDATA[ PORTARIAS DE 28 DE MAIO DE 2018]]></Identifica>
    <Data><![CDATA[]]></Data>
    <Ementa />
    <Titulo />
    <SubTitulo />
    <Texto><![CDATA[<p class="identifica">PORTARIAS DE 28 DE MAIO DE 2018</p><p>O Pró-Reitor de Gestão com Pessoas da Universidade Federal de São Paulo, no uso da competência que lhe foi delegada pela Portaria nº 1.312, publicada no D.O.U. de 24/04/17, resolve:</p><p>Nº 1.682 - Conceder aposentadoria voluntária ao servidor AFONSO CARLOS NEVES, Matrícula SIAPE nº 1139411, ocupante do cargo de Médico/Área, Nível E, Classe IV, Padrão de Vencimento 16, do Quadro de Pessoal da Universidade Federal de São Paulo, com base no artigo 3°, incisos I a III e parágrafo único da EC n° 47/2005, com proventos integrais (Processo nº 23089.046643/2017-29).</p><p>Nº 1.683 - Conceder aposentadoria a servidora CRISTIANE VASCONCELOS GONÇALVES, Matrícula SIAPE nº 1447674, ocupante do cargo de Auxiliar de Enfermagem, Nível C, Classe IV, Padrão de Vencimento 09, do Quadro de Pessoal da Universidade Federal de São Paulo, com base na segunda parte do inciso I do artigo 186 e parágrafos 1º e 2º do artigo 188 da Lei 8.112/90, c.c. primeira parte do inciso I, parágrafo 1º do artigo 40 da Constituição Federal com redação dada pela Emenda Constitucional nº 41/2003, de 19/12/2003, com proventos Proporcionais calculados pelo Art. 1º da Lei 10.887/04 (Processo nº 23089.045545/2018-55).</p><p>Nº 1.684 - Conceder aposentadoria a servidora DAIANE AMARINS DA ROCHA, Matrícula SIAPE nº 1942265, ocupante do cargo de Assistente em Administração, Nível D, Classe III, Padrão de Vencimento 05, do Quadro de Pessoal da Universidade Federal de São Paulo, com base na segunda parte do inciso I do artigo 186 e parágrafos 1º e 2º do artigo 188 da Lei 8.112/90, c.c. primeira parte do inciso I, parágrafo 1º do artigo 40 da Constituição Federal com redação dada pela Emenda Constitucional nº 41/2003, de 19/12/2003, com proventos Proporcionais calculados pelo Art. 1º da Lei 10.887/04 (Processo nº 23089.045535/2018-10).</p><p>Nº 1.685 - Conceder aposentadoria voluntária ao servidor FRANCISCO DA COSTA VERAS, Matrícula SIAPE nº 1138998, ocupante do cargo de Técnico em Enfermagem, Nível D, Classe IV, Padrão de Vencimento 16, do Quadro de Pessoal da Universidade Federal de São Paulo, com base no artigo 3°, incisos I a III e parágrafo único da EC n° 47/2005, com proventos integrais (Processo nº 23089.045536/2018-64).</p><p>Nº 1.686 - Conceder aposentadoria a servidora HELIDA BARBOSA DOS SANTOS, Matrícula SIAPE nº 1447135, ocupante do cargo de Auxiliar de Enfermagem, Nível C, Classe II, Padrão de Vencimento 09, do Quadro de Pessoal da Universidade Federal de São Paulo, com base na segunda parte do inciso I do artigo 186 e parágrafos 1º e 2º do artigo 188 da Lei 8.112/90, c.c. primeira parte do inciso I, parágrafo 1º do artigo 40 da Constituição Federal com redação dada pela Emenda Constitucional nº 41/2003, de 19/12/2003, com proventos Proporcionais calculados pelo Art. 1º da Lei 10.887/04 (Processo nº 23089.045534/2018-75).</p><p>Nº 1.687 - Conceder aposentadoria voluntária a servidora MARIA HELENA FERREIRA DE LIMA, Matrícula SIAPE nº 1137357, ocupante do cargo de Auxiliar de Enfermagem, Nível C, Classe IV, Padrão de Vencimento 14, do Quadro de Pessoal da Universidade Federal de São Paulo, com base no artigo 6°, incisos I a IV, da Emenda Constitucional nº 41/2003, com proventos integrais (Processo nº 23089.045538/2018-53).</p><p>Nº 1.688 - Conceder aposentadoria voluntária ao servidor NIVALDO DE SOUZA, Matrícula SIAPE nº 1139728, ocupante do cargo de Médico/Área, Nível E, Classe IV, Padrão de Vencimento 16, do Quadro de Pessoal da Universidade Federal de São Paulo, com base no artigo 3°, incisos I a III e parágrafo único da EC n° 47/2005, com proventos integrais (Processo nº 23089.045162/2018-87).</p><p>Nº 1.689 - Conceder aposentadoria voluntária ao servidor RENATO NABAS VENTURA, Matrícula SIAPE nº 1136230, ocupante do cargo de Médico/Área, Nível E, Classe IV, Padrão de Vencimento 16, do Quadro de Pessoal da Universidade Federal de São Paulo, com base no artigo 3°, incisos I a III e parágrafo único da EC n° 47/2005, com proventos integrais (Processo nº 23089.045537/2018-17).</p><p>Nº 1.690 - Conceder aposentadoria a servidora SALETE MOURA DA SILVA, Matrícula SIAPE nº 1466912, ocupante do cargo de Técnica de Enfermagem, Nível D, Classe III, Padrão de Vencimento 09, do Quadro de Pessoal da Universidade Federal de São Paulo, com base na segunda parte do inciso I do artigo 186 e parágrafos 1º e 2º do artigo 188 da Lei 8.112/90, c.c. primeira parte do inciso I, parágrafo 1º do artigo 40 da Constituição Federal com redação dada pela Emenda Constitucional nº 41/2003, de 19/12/2003, com proventos Proporcionais calculados pelo Art. 1º da Lei 10.887/04 (Processo nº 23089.045551/2018-11).</p><p class="assina">MURCHED OMAR TAHA</p>]]></Texto>
  </body>
</article></xml>