﻿<xml><article id="3464923" name="P8BAURU35" idOficio="4814209" pubName="DO2" artType="Portaria" pubDate="01/06/2018" artClass="00012:00055:00100:00015:00000:00000:00000:00000:00000:00000:00025:00003" artCategory="Ministério da Fazenda/Secretaria da Receita Federal do Brasil/Superintendência Regional da 8ª Região Fiscal/Delegacia da Receita Federal do Brasil em Bauru" artSize="8" artNotes="" numberPage="48" pdfPage="http://pesquisa.in.gov.br/imprensa/jsp/visualiza/index.jsp?data=01/06/2018&amp;jornal=529&amp;pagina=48" editionNumber="104" highlightType="" highlightPriority="" highlight="" idMateria="10798127">
  <body>
    <Identifica><![CDATA[ PORTARIA Nº 35, DE 29 DE MAIO DE 2018]]></Identifica>
    <Data><![CDATA[]]></Data>
    <Ementa />
    <Titulo />
    <SubTitulo />
    <Texto><![CDATA[<p class="identifica">PORTARIA Nº 35, DE 29 DE MAIO DE 2018</p><p>O DELEGADO DA RECEITA FEDERAL DO BRASIL EM BAURU/SP, no uso de suas atribuições que lhe confere o Regimento Interno da Secretaria da Receita Federal do Brasil, aprovado pela Portaria MF nº 430, de 09 de outubro de 2017, publicada no DOU de 11/10/2017; e considerando o que dispõe os artigos 11 e 12 do Decreto-lei nº 200, de 25 de fevereiro de 1967, regulamentados pelo Decreto nº 83.937, de 06 de setembro de 1979 e suas alterações, resolve:</p><p>Art. 1º Delegar competência ao servidor PAULO SERGIO FARINI, Auditor-Fiscal da Receita Federal do Brasil, matrícula SIAPECAD nº 00028050, para, no dia 29/05/2018, praticar os atos de que trata o artigo 340, do Regimento Interno da Secretaria da Receita Federal do Brasil.</p><p>Art. 2° Em todos os atos praticados em função das competências ora delegadas, serão mencionados, após a respectiva assinatura, o número e a data desta portaria.</p><p>Art. 3° Esta portaria entra em vigor na data de sua publicação, ficando convalidado os atos praticados nesse período.</p><p class="assina">LUIZ CARLOS APARECIDO ANEZIO</p>]]></Texto>
  </body>
</article></xml>