﻿<xml><article id="3460100" name="RET-PORT-135-GP-2018 MÁRIO ELESB" idOficio="4813676" pubName="DO2" artType="Retificação" pubDate="01/06/2018" artClass="00038:00004:00000:00000:00000:00000:00000:00000:00000:00000:00025:00006" artCategory="Poder Judiciário/Superior Tribunal de Justiça/Presidência" artSize="8" artNotes="" numberPage="94" pdfPage="http://pesquisa.in.gov.br/imprensa/jsp/visualiza/index.jsp?data=01/06/2018&amp;jornal=529&amp;pagina=94" editionNumber="104" highlightType="" highlightPriority="" highlight="" idMateria="10797235">
  <body>
    <Identifica><![CDATA[ RETIFICAÇÃO]]></Identifica>
    <Data><![CDATA[]]></Data>
    <Ementa />
    <Titulo />
    <SubTitulo />
    <Texto><![CDATA[<p class="identifica">RETIFICAÇÃO</p><p>Retificar a Portaria STJ/GP n. 165 de 25 de maio de 2018, publicada no Diário Oficial da União no dia 29 de maio de 2018, seção 2, página 42, de forma que onde se lê "PORTARIA STJ/GP N. 165 DE 25 DE MAIO DE 2018", leia-se "PORTARIA STJ/GP N. 135 DE 25 DE MAIO DE 2018".</p>]]></Texto>
  </body>
</article></xml>