﻿<xml><article id="3465530" name="DOU-01-06-2018" idOficio="4814312" pubName="DO2" artType="Portaria" pubDate="01/06/2018" artClass="00011:00081:00000:00000:00000:00000:00000:00000:00000:00000:00025:00001" artCategory="Ministério da Educação/Instituto Federal de Educação, Ciência e Tecnologia de Santa Catarina" artSize="8" artNotes="" numberPage="31" pdfPage="http://pesquisa.in.gov.br/imprensa/jsp/visualiza/index.jsp?data=01/06/2018&amp;jornal=529&amp;pagina=31" editionNumber="104" highlightType="" highlightPriority="" highlight="" idMateria="10798280">
  <body>
    <Identifica><![CDATA[ PORTARIAS DE 30 DE MAIO DE 2018]]></Identifica>
    <Data><![CDATA[]]></Data>
    <Ementa />
    <Titulo />
    <SubTitulo />
    <Texto><![CDATA[<p></p><p class="identifica">PORTARIAS DE 30 DE MAIO DE 2018</p><p>A REITORA DO INSTITUTO FEDERAL DE EDUCAÇÃO, CIÊNCIA E TECNOLOGIA DE SANTA CATARINA, no uso de suas atribuições legais, resolve:</p><p>Nº1.431 - Dispensar o servidor ALEX RESTELLI, Docente, Siape nº2360667, da função de Coordenador do Curso Técnico em Logística do Câmpus Avançado São Lourenço do Oeste - FCC, a partir de 23/07/2018.</p><p>Nº1.432 - Dispensar a servidora SANDRA JOSEANE FERNANDES GARCIA, Siape nº2162229, da função de Coordenadora Pedagógica do Câmpus Joinville a partir de 30/06/2018. FG2</p><p>Nº 1.433 - Conceder à servidora GABRIELA DALSASSO RICARDO, matrícula SIAPE nº 1715350, ocupante do cargo de Professor do Ensino Básico, Técnico e Tecnológico, lotada no IFSC Câmpus São Carlos, licença por motivo de acompanhamento de cônjuge, sem remuneração, por tempo indeterminado, a partir de 01/08/2018. Processo Eletrônico nº 23292.019022/2018-61.</p><p>Nº1.434 - Designar a servidora VALERIA MATILDE DOS SANTOS, matrícula SIAPE nº 2032843, para a função de Coordenadora de Orçamento e Finanças do Câmpus Florianópolis-Continente - FG2.</p><p>Nº 1.436 - Dispensar a servidora ISABELLA RAMOS DA SILVA, matrícula SIAPE nº 1886164, da função de Coordenadora de Eventos da Pró-Reitoria de Extensão e Relações Externas - PROEX - Código FG1.</p><p>Nº 1.437 - Dispensar a servidora BRUNA DORABIALLO OLIVEIRA, matrícula SIAPE nº 1905709, da função de Coordenadora de Articulação de Políticas Sociais vinculada a Diretoria de Extensão da Pro-Reitoria de Extensão e Relações Externas - PROEX - Código FG4.</p><p>Nº1.439 - Designar a servidora BRUNA DORABIALLO OLIVEIRA, matrícula SIAPE nº 1905709, para a função de Coordenadora de Eventos vinculada a Pro-Reitoria de Extensão e Relações Externas - PROEX - Código FG1.</p><p>Nº 1.444 - Dispensar o servidor GEÓVIO KROTH, Docente, Siape nº1905598, da função de Coordenador de Estágio do Câmpus Criciúma- FG2, a partir de 06/07/2018.</p><p>Nº 1.445 - Dispensar o servidor JOÃO HENRIQUE QUOOS, Docente, Siape nº 1962829, da função de Coordenador do Curso Superior de Tecnologia em Gestão Ambiental do Campus Garopaba, a partir de 10/07/2018- FCC.</p><p>Nº 1.447 - Autorizar o afastamento do país, com ônus limitado, do servidor GUILHERME AMORIM SCHMIDT, lotado no Câmpus Criciúma, para participação e apresentação de trabalho no evento denominado ROBOCUP na cidade de Montreal, Quebec - Canadá, pelo período de 10/06/2018 a 25/06/2018, com trânsito incluso. Processo no. 23292.016862/2018-84.</p><p>Nº 1.451 - Autorizar o afastamento do país, com ônus limitado, do servidor FERNANDO SANTANA PACHECO, lotado no Câmpus Florianópolis, para Missão Institucional no evento 2º Workshop do Joint Lab on Big Data for Industry 4.0 na cidade de Bolonha - Itália, pelo período de 03/06/2018 a 09/06/2018,com trânsito incluso. Processo no. 23292.019820/2018-49.</p><p class="assina">MARIA CLARA KASCHNY SCHNEIDER</p>]]></Texto>
  </body>
</article></xml>