﻿<xml><article id="3466567" name="8500-18ALAIM LOPES RODRIGUES EC4" idOficio="4814479" pubName="DO2" artType="Portaria" pubDate="01/06/2018" artClass="00032:00011:00015:00000:00000:00000:00000:00000:00000:00000:00025:00009" artCategory="Ministério Extraordinário da Segurança Pública/Departamento de Polícia Federal/Diretoria de Gestão de Pessoal/Coordenação de Recursos Humanos/Divisão de Administração de Recursos Humanos/Serviço de Cadastro" artSize="8" artNotes="" numberPage="81" pdfPage="http://pesquisa.in.gov.br/imprensa/jsp/visualiza/index.jsp?data=01/06/2018&amp;jornal=529&amp;pagina=81" editionNumber="104" highlightType="" highlightPriority="" highlight="" idMateria="10798556">
  <body>
    <Identifica><![CDATA[  PORTARIA Nº 8.500, DE 29 DE MAIO DE 2018]]></Identifica>
    <Data><![CDATA[]]></Data>
    <Ementa />
    <Titulo />
    <SubTitulo />
    <Texto><![CDATA[<p class="identifica">PORTARIA Nº 8.500, DE 29 DE MAIO DE 2018</p><p>O DIRETOR DE GESTÃO DE PESSOAL DA POLÍCIA FEDERAL, no uso das atribuições que lhe são conferidas pelos incisos XIV e XIX do art. 42 do Regimento Interno da Polícia Federal, aprovado pela Portaria MJ nº 1.252, de 29/12/2017, publicada no Diário Oficial da União nº 1, de 2/1/2018, Seção I, pp. 65/70, e tendo em vista o que consta do Processo nº 08410.000264/2018-81, resolve:</p><p>Conceder aposentadoria voluntária com proventos integrais a ALAIM LOPES RODRIGUES, matrícula SIAPE nº 183914, ocupante do cargo de Agente de Polícia Federal, Classe Especial, do Quadro de Pessoal da Polícia Federal, com fundamento no artigo 3º da Emenda Constitucional nº 47/2005, declarando, em decorrência, a vacância do cargo.</p><p class="assina">DELANO CERQUEIRA BUNN</p>]]></Texto>
  </body>
</article></xml>