﻿<xml><article id="3488255" name="MODELO_dispensas_designações_nom" idOficio="4814382" pubName="DO2" artType="Portaria" pubDate="04/06/2018" artClass="00038:00056:00000:00000:00000:00000:00000:00000:00000:00000:00025:00001" artCategory="Poder Judiciário/Tribunal Regional do Trabalho da 17ª Região" artSize="8" artNotes="" numberPage="55" pdfPage="http://pesquisa.in.gov.br/imprensa/jsp/visualiza/index.jsp?data=04/06/2018&amp;jornal=529&amp;pagina=55" editionNumber="105" highlightType="" highlightPriority="" highlight="" idMateria="10798382">
  <body>
    <Identifica><![CDATA[ PORTARIAS DE 23 DE MAIO DE 2018]]></Identifica>
    <Data><![CDATA[]]></Data>
    <Ementa />
    <Titulo />
    <SubTitulo />
    <Texto><![CDATA[<p class="identifica">PORTARIAS DE 23 DE MAIO DE 2018</p><p>O DESEMBARGADOR VICE-PRESIDENTE NO EXERCÍCIO DA PRESIDÊNCIA DO TRIBUNAL REGIONAL DO TRABALHO DA DÉCIMA SÉTIMA REGIÃO, no uso de suas atribuições legais e regimentais, resolve:</p><p>Nº 536 - DESIGNAR Naor Antonio da Silva, Técnico Judiciário, Área Administrativa, Ativo com Vínculo, para exercer a função comissionada de Auxiliar Especializado - FC-01 da 8ª Vara do Trabalho de Vitória.</p><p>Nº 537 - DISPENSAR Vinicius Rodrigues Carneiro Cavalcante, Analista Judiciário, Área Administrativa, Ativo com Vínculo, da função comissionada de Auxiliar Especializado - FC-01 do (a) 8ª Vara do Trabalho de Vitória.</p><p></p><p>O DESEMBARGADOR VICE-PRESIDENTE NO EXERCÍCIO DA PRESIDÊNCIA DO TRIBUNAL REGIONAL DO TRABALHO DA DÉCIMA SÉTIMA REGIÃO, no uso de suas atribuições legais e regimentais e à vista do constante do Processo Administrativo Eletrônico nº 0001395-56.2018.5.17.0500, resolve:</p><p>Nº 538 - Art.1º Remover, a pedido, Eduardo Alexandre Carvalho de Andrade, Analista Judiciário, Área Judiciária, Esp. Oficial de Justiça Avaliador Federal, Ativo com Vínculo, do quadro permanente de pessoal deste Tribunal, para o Tribunal Regional do Trabalho da 15ª Região, em permuta com o(a) servidor (a) Gianfranco Leskewscz Nunes de Castro, Analista Judiciário, Área Judiciária, Esp. Oficial de Justiça Avaliador Federal, do quadro de pessoal da mencionada Corte, tendo sido concedido 10 (dez) dias de trânsito ao(a) servidor(a) deste Regional, a partir de 04/06/2018.</p><p>Art.2º Lotar Gianfranco Leskewscz Nunes de Castro, Analista Judiciário, Área Judiciária, Esp. Oficial de Justiça Avaliador Federal, no(a) Vara de Trabalho de São Mateus, a partir de 04/06/2018.</p><p></p><p>O DESEMBARGADOR VICE-PRESIDENTE NO EXERCÍCIO DA PRESIDÊNCIA DO TRIBUNAL REGIONAL DO TRABALHO DA DÉCIMA SÉTIMA REGIÃO, no uso de suas atribuições legais e regimentais, à vista do disposto no art. 37 da Lei nº 8.112/90 e à vista do constante do Processo Administrativo Eletrônico nº 0004718-06.2017.5.17.0500, resolve:</p><p>Nº 539 - Art. 1º Cessar os efeitos da PORTARIA TRT.17.ª SGP/PRESI.Nº 775/2015, publicada no DOU de 29/06/2015, a partir de 04/06/2018;</p><p>Art. 2º Redistribuir um cargo de Analista Judiciário, Área Administrativa, do quadro permanente de pessoal deste Tribunal Regional do Trabalho da 17ª Região, criado pela Lei nº 11.778/2008, ocupado pelo(a) servidor(a) Leonardo Machado Guimarães, para o quadro de pessoal do Tribunal Superior do Trabalho, em reciprocidade com o cargo de Analista Judiciário, Área Apoio Especializado, Especialidade Suporte em Tecnologia da Informação, criado pela Lei nº 12.923/2013, ocupado pelo(a) servidor(a) Otto Carreira Coutinho Silva, a partir de 04/06/2018;</p><p>Art. 3º Acrescer ao Quadro Permanente de Pessoal deste Tribunal um cargo de Analista Judiciário, Área Apoio Especializado, Especialidade Suporte em Tecnologia da Informação, ocupado pelo(a) servidor(a) Otto Carreira Coutinho Silva, criado pela Lei nº 12.923/2013, originário do Tribunal Superior do Trabalho e redistribuído a partir de 04/06/2018.</p><p class="assina">JOSÉ LUIZ SERAFINI</p><p></p><p class="identifica">PORTARIAS DE 29 DE MAIO DE 2018</p><p>O DESEMBARGADOR VICE-PRESIDENTE NO EXERCÍCIO DA PRESIDÊNCIA DO TRIBUNAL REGIONAL DO TRABALHO DA DÉCIMA SÉTIMA REGIÃO, no uso de suas atribuições legais e regimentais, resolve:</p><p>Nº 546 - DISPENSAR Flávia Bergamin Ferrari, Técnico Judiciário, Área Administrativa, Ativo com Vínculo, da função comissionada de Chefe de Setor - FC-04 do(a) Setor de Gerenciamento de Precedentes.</p><p>Nº 547 - DESIGNAR Flávia Bergamin Ferrari, Técnico Judiciário, Área Administrativa, Ativo com Vínculo, para exercer a função comissionada de Secretário de Sessão - FC-04 da Divisão do Tribunal Pleno.</p><p>Nº 548 - DISPENSAR Leandro Moreira Ferreira, Técnico Judiciário, Área Administrativa, Ativo com Vínculo, da função comissionada de Secretário de Sessão - FC-04 do (a) Divisão do Tribunal Pleno.</p><p class="assina">JOSÉ LUIZ SERAFINI</p><p></p>]]></Texto>
  </body>
</article></xml>