﻿<xml><article id="3465836" name="ATO PORTARIA HELCIO GOMES 22" idOficio="4814397" pubName="DO2" artType="Portaria" pubDate="01/06/2018" artClass="00032:00011:00015:00000:00000:00000:00000:00000:00000:00000:00025:00005" artCategory="Ministério Extraordinário da Segurança Pública/Departamento de Polícia Federal/Diretoria de Gestão de Pessoal/Coordenação de Recursos Humanos/Divisão de Administração de Recursos Humanos/Serviço de Aposentadorias e Pensões" artSize="8" artNotes="" numberPage="81" pdfPage="http://pesquisa.in.gov.br/imprensa/jsp/visualiza/index.jsp?data=01/06/2018&amp;jornal=529&amp;pagina=81" editionNumber="104" highlightType="" highlightPriority="" highlight="" idMateria="10798400">
  <body>
    <Identifica><![CDATA[ PORTARIA Nº 8.494, DE 29 DE MAIO DE 2018]]></Identifica>
    <Data><![CDATA[]]></Data>
    <Ementa />
    <Titulo />
    <SubTitulo />
    <Texto><![CDATA[<p class="identifica">PORTARIA Nº 8.494, DE 29 DE MAIO DE 2018</p><p>O DIRETOR DE GESTÃO DE PESSOAL DA POLÍCIA FEDERAL, no uso das atribuições que lhe são conferidas pelos incisos XIV e XIX do art. 42 do Regimento Interno da Polícia Federal, aprovado pela Portaria MJ nº 1.252, de 29/12/2017, publicada no Diário Oficial da União nº 1, de 2/1/2018, Seção I, pp. 65/70, e tendo em vista o que consta do Processo nº 08455.010884/2018-10, resolve:</p><p>Conceder pensão por morte à REGINA OLIVEIRA MORAES, viúva do ex-servidor aposentado HELCIO GOMES MORAES, Agente de Polícia Federal, 1ª Classe, matrícula SIAPE nº 179609, a partir de 13 de maio 2018 (data do óbito), nos termos dos artigos 217, inciso I, e 222, inciso VII, alínea "b", item 5, da Lei nº 8.112/1990, combinados com o artigo 40, § 7º, I, da Constituição Federal, com a redação dada pela Emenda Constitucional nº 41/2003, e com o artigo 2º, I, da Lei nº 10.887/2004.</p><p class="assina">DELANO CERQUEIRA BUNN</p>]]></Texto>
  </body>
</article></xml>