﻿<xml><article id="3460151" name="P_1558_EXONERAR A PEDIDO ALMIR H" idOficio="4813528" pubName="DO2" artType="Portaria" pubDate="01/06/2018" artClass="00011:00058:00001:00000:00000:00000:00000:00000:00000:00000:00025:00011" artCategory="Ministério da Educação/Instituto Federal de Educação, Ciência e Tecnologia de Brasília/Reitoria/Chefia de Gabinete da Reitoria" artSize="8" artNotes="" numberPage="25" pdfPage="http://pesquisa.in.gov.br/imprensa/jsp/visualiza/index.jsp?data=01/06/2018&amp;jornal=529&amp;pagina=25" editionNumber="104" highlightType="" highlightPriority="" highlight="" idMateria="10797163">
  <body>
    <Identifica><![CDATA[ PORTARIA Nº 1.558, DE 29 DE MAIO DE 2018]]></Identifica>
    <Data><![CDATA[]]></Data>
    <Ementa />
    <Titulo />
    <SubTitulo />
    <Texto><![CDATA[<p></p><p class="identifica">PORTARIA Nº 1.558, DE 29 DE MAIO DE 2018</p><p>O REITOR DO INSTITUTO FEDERAL DE BRASÍLIA, nomeado pelo Decreto de 05 de maio de 2015, publicado no Diário Oficial da União em 06 de maio de 2015, no uso de suas atribuições legais e regimentais, e considerando o que consta nos autos do Processo IFB nº 23512.005239.2018-39, resolve:</p><p>Art. 1º EXONERAR, a pedido, o servidor ALMIR HRUBA, Matrícula SIAPE Nº 3004474, ocupante do cargo efetivo de Auxiliar em Administração, Classe "C", Padrão 101, Código de Vaga nº 0336369, do Quadro de Pessoal deste Instituto, não estável, nos termos do art. 34 da Lei nº 8.112/90, a contar de 13 de março de 2018.</p><p>Art. 2º Esta Portaria entra em vigor na data de sua publicação.</p><p class="assina">WILSON CONCIANI</p>]]></Texto>
  </body>
</article></xml>