﻿<xml><article id="3487576" name="3872 3873 3874 3875 2018" idOficio="4814174" pubName="DO2" artType="Portaria" pubDate="04/06/2018" artClass="00011:00129:00005:00973:00000:00000:00000:00000:00000:00000:00025:00001" artCategory="Ministério da Educação/Universidade Federal do Rio Grande do Sul/Reitoria/Pró-Reitoria de Gestão de Pessoas/Departamento de Administração de Recursos Humanos" artSize="8" artNotes="" numberPage="21" pdfPage="http://pesquisa.in.gov.br/imprensa/jsp/visualiza/index.jsp?data=04/06/2018&amp;jornal=529&amp;pagina=21" editionNumber="105" highlightType="" highlightPriority="" highlight="" idMateria="10798069">
  <body>
    <Identifica><![CDATA[ PORTARIAS 25 DE MAIO DE 2018]]></Identifica>
    <Data><![CDATA[]]></Data>
    <Ementa />
    <Titulo />
    <SubTitulo />
    <Texto><![CDATA[<p class="identifica">PORTARIAS 25 DE MAIO DE 2018</p><p>O Reitor DA UNIVERSIDADE FEDERAL DO RIO GRANDE DO SUL, no uso de suas atribuições legais e estatutárias, resolve:</p><p>N° 3.872 - Nomear, em caráter efetivo, ENÉAS RICARDO KONZEN, em virtude de habilitação em Concurso Público de Provas e Títulos, conforme Edital Nº 23/2018 de 20 de Abril de 2018 homologado em 25 de abril de 2018 e de acordo com os artigos 9º, item I e X da Lei nº 8.112, de 11 de dezembro de 1990 e Lei 12.772, de 28 de dezembro de 2012, com redação dada pela Lei 12.863, de 24 de setembro de 2013, publicada no Diário Oficial da União de 25 de setembro de 2013, para o cargo de PROFESSOR DO MAGISTÉRIO SUPERIOR do Plano de Carreiras e Cargos do Magistério Federal, na Classe "A" de Professor Adjunto A, Nível I, do Quadro de Pessoal desta Universidade, em regime de trabalho de DE (Dedicação Exclusiva), junto ao Departamento Interdisciplinar do Campus Litoral Norte, em vaga decorrente de Criação de Cargos, código nº 928858, ocorrida em 10/04/2014,conformePORTARIA Nº 321/2014 de 09/04/2014, publicada no Diário Oficial da União de 10/04/2014. Processo nº. 23078.506297/2017-71.</p><p>N° 3.873 - Nomear, em caráter efetivo, RAFAEL REAL GUERRA, em virtude de habilitação em Concurso Público de Provas e Títulos, conforme Edital Nº 20/2018 de 6 de Abril de 2018 homologado em 10 de abril de 2018 e de acordo com os artigos 9º, item I e X da Lei nº 8.112, de 11 de dezembro de 1990 e Lei 12.772, de 28 de dezembro de 2012, com redação dada pela Lei 12.863, de 24 de setembro de 2013, publicada no Diário Oficial da União de 25 de setembro de 2013, para o cargo de PROFESSOR DO MAGISTÉRIO SUPERIOR do Plano de Carreiras e Cargos do Magistério Federal, na Classe "A" de Professor Adjunto A, Nível I, do Quadro de Pessoal desta Universidade, em regime de trabalho de DE (Dedicação Exclusiva), junto ao Departamento Interdisciplinar do Campus Litoral Norte, em vaga decorrente de Criação de Cargos, código nº 928830, ocorrida em 10/04/2014,conformePORTARIA Nº 321/2014 de 09/04/2014, publicada no Diário Oficial da União de 10/04/2014. Processo nº. 23078.506736/2017-45.</p><p>N° 3.874 - Nomear, em caráter efetivo, FABIO LAMEIRO RODRIGUES, em virtude de habilitação em Concurso Público de Provas e Títulos, conforme Edital Nº 26/2018 de 27 de Abril de 2018 homologado em 02 de maio de 2018 e de acordo com os artigos 9º, item I e X da Lei nº 8.112, de 11 de dezembro de 1990 e Lei 12.772, de 28 de dezembro de 2012, com redação dada pela Lei 12.863, de 24 de setembro de 2013, publicada no Diário Oficial da União de 25 de setembro de 2013, para o cargo de PROFESSOR DO MAGISTÉRIO SUPERIOR do Plano de Carreiras e Cargos do Magistério Federal, na Classe "A" de Professor Adjunto A, Nível I, do Quadro de Pessoal desta Universidade, em regime de trabalho de DE (Dedicação Exclusiva), junto ao Departamento Interdisciplinar do Campus Litoral Norte, em vaga decorrente de Criação de Cargos, código nº 928855, ocorrida em 10/04/2014,conformePORTARIA Nº 321/2014 de 09/04/2014, publicada no Diário Oficial da União de 10/04/2014. Processo nº. 23078.506294/2017-37.</p><p>N° 3.875 - Nomear, em caráter efetivo, DIEGO ECKHARD, em virtude de habilitação em Concurso Público de Provas e Títulos, conforme Edital Nº 13/2018 de 20 de Março de 2018, homologado em 22 de março de 2018 e de acordo com os artigos 9º, item I e X da Lei nº 8.112, de 11 de dezembro de 1990 e Lei 12.772, de 28 de dezembro de 2012, com redação dada pela Lei 12.863, de 24 de setembro de 2013, publicada no Diário Oficial da União de 25 de setembro de 2013, para o cargo de PROFESSOR DO MAGISTÉRIO SUPERIOR do Plano de Carreiras e Cargos do Magistério Federal, na Classe "A" de Professor Adjunto A, Nível I, do Quadro de Pessoal desta Universidade, em regime de trabalho de DE (Dedicação Exclusiva), junto ao Departamento de Sistemas Elétricos de Automação e Energia da Escola de Engenharia, em vaga decorrente da aposentadoria do Professor Luis Fernando Alves Pereira, código nº 851286, ocorrida em 18 de Julho de 2017, conforme Portaria nº. 6377/2017 de 17 de julho de 2017, publicada no Diário Oficial da União de 18/07/2017.Processo nº. 23078.515216/2017-23.</p><p class="assina">RUI VICENTE OPPERMANN</p>]]></Texto>
  </body>
</article></xml>