﻿<xml><article id="3508364" name="LAUDA DOU 04-06-2018" idOficio="4813663" pubName="DO2" artType="Portaria" pubDate="05/06/2018" artClass="00038:00054:00003:00000:00000:00000:00000:00000:00000:00000:00025:00001" artCategory="Poder Judiciário/Tribunal Regional do Trabalho da 15ª Região/Presidência" artSize="8" artNotes="" numberPage="66" pdfPage="http://pesquisa.in.gov.br/imprensa/jsp/visualiza/index.jsp?data=05/06/2018&amp;jornal=529&amp;pagina=66" editionNumber="106" highlightType="" highlightPriority="" highlight="" idMateria="10797192">
  <body>
    <Identifica><![CDATA[ PORTARIAS DE 24 DE MAIO DE 2018]]></Identifica>
    <Data><![CDATA[]]></Data>
    <Ementa />
    <Titulo />
    <SubTitulo />
    <Texto><![CDATA[<p class="identifica">PORTARIAS DE 24 DE MAIO DE 2018</p><p>O DESEMBARGADOR PRESIDENTE DO TRIBUNAL REGIONAL DO TRABALHO DA 15ª REGIÃO, no uso de suas atribuições legais e regimentais, tendo em vista o disposto nas Portarias GP nº 20/2018 e nº 26/2018, bem como na Resolução Administrativa nº 29/2017, resolve:</p><p>Nº 356 - Dispensar, a partir de 05 de junho de 2018, ADRIANA MARIA CAVAGGIONI, Técnico Judiciário, área Administrativa, do Quadro Permanente da Secretaria deste Tribunal, da função comissionada de Coordenador de Central de Mandados FC-03, na Coordenadoria Integrada de Atividades Administrativas, Judiciais e Central de Mandados de Americana.</p><p>Nº 357 - Dispensar, a partir de 05 de junho de 2018, MARGARETE DELTREGGIA REIS, Técnico Judiciário, área Administrativa, do Quadro Permanente da Secretaria deste Tribunal, da função comissionada de Assistente de Diretor de Distribuição FC-05, bem como da substituição do Diretor de Serviço de Distribuição de Feitos CJ-02, na Coordenadoria Integrada de Atividades Administrativas, Judiciais e Central de Mandados de Americana.</p><p>Nº 359 - Designar, a partir de 05 de junho de 2018, SIMONE MAYUMI MINAKI, Técnico Judiciário, área Administrativa, do Quadro Permanente da Secretaria deste Tribunal, para ter exercício na Divisão de Execução de Araçatuba, dispensando-a da função comissionada de Assistente de Diretor de Distribuição FC-05, bem como da substituição Diretor de Serviço de Distribuição de Feitos CJ-02, na Coordenadoria de Gestão Compartilhada de Processos Judiciais e Administração Interna de Araçatuba.</p><p>Nº 360 - Designar RITA DE CASSIA LEITE MOTOOKA KOZIMA, Técnico Judiciário, área Administrativa, do Quadro Permanente da Secretaria deste Tribunal, para:</p><p>I - ter exercício, a partir de 05 de junho de 2018, no Gabinete do Juiz Substituto Clóvis Victório Júnior;</p><p>II - exercer, a partir da publicação desta portaria, a função comissionada de Assistente de Juiz FC-05, constante da Tabela de Funções Comissionadas, dispensado JULIANA COVOLO DE SOUZA.</p><p>Nº 364 - Designar, a partir de 05 de junho de 2018, CLAUDIO LUIS ROMA, Técnico Judiciário, área Administrativa, do Quadro Permanente da Secretaria deste Tribunal, para ter exercício no Centro Judiciário de Métodos Consensuais de Solução de Disputas (CEJUSC-JT) de Araraquara, dispensando-o da função comissionada de Assistente de Diretor de Distribuição FC-05, bem como da substituição do Diretor de Serviço de Distribuição de Feitos CJ-02, na Coordenadoria Integrada de Atividades Administrativas, Judiciais e Central de Mandados de Araraquara.</p><p>Nº 365 - Designar, a partir de 05 de junho de 2018, FLAVIO PONTE DE GOUVEIA VIEIRA, Técnico Judiciário, área Administrativa, do Quadro Permanente da Secretaria deste Tribunal, para ter exercício na Divisão de Execução de Araraquara, dispensando-o da função comissionada de Assistente FC-02, na 1ª Vara do Trabalho de Araraquara.</p><p>Nº 366 - Designar, a partir de 05 de junho de 2018, MARLY TOLINO, Técnico Judiciário, área Administrativa, do Quadro Permanente da Secretaria deste Tribunal, para ter exercício na Divisão de Execução de Araraquara, dispensando-a da função comissionada de Coordenador de Central de Mandados FC-03, na Coordenadoria Integrada de Atividades Administrativas, Judiciais e Central de Mandados de Araraquara.</p><p>Nº 369 - Designar, a partir de 05 de junho de 2018, GINA CLAUDIA BERTOLUCCI DE LIMA, Técnico Judiciário, área Administrativa, do Quadro Permanente da Secretaria deste Tribunal, para ter exercício na 2ª Vara do Trabalho de Assis, dispensando-a da função comissionada de Assistente FC-02, na Coordenadoria Integrada de Atividades Administrativas, Judiciais e Central de Mandados de Assis.</p><p>Nº 370 - Designar ALFREDO JOSE MACHADO DIAS, Servidor Público da Prefeitura Municipal de Assis, à disposição deste Tribunal, para:</p><p>I - ter exercício, a partir de 05 de junho de 2018, na 1ª Vara do Trabalho de Assis, cessando os efeitos da Portaria CPV/SCEP nº 128, de 17/05/2017, publicada no DEJT, em 22/05/2017, pág. 02;</p><p>II - exercer, a partir da publicação desta portaria, a função comissionada de Assistente-Chefe de Seção FC-05, constante da Tabela de Funções Comissionadas, dispensando-o da função comissionada de Assistente de Diretor de Distribuição FC-05, bem como da substituição do Diretor de Serviço de Distribuição de Feitos CJ-02, na Coordenadoria Integrada de Atividades Administrativas, Judiciais e Central de Mandados de Assis.</p><p>Nº 372 - Designar, a partir de 05 de junho de 2018, os servidores abaixo, Técnicos Judiciários, área Administrativa, do Quadro Permanente da Secretaria deste Tribunal, para ter exercício na Divisão de Execução de Bauru:</p><p>- JOSE PAULO DELCI;</p><p>-CARLOS EDUARDO CORREA DE GODOY, dispensando-o da função comissionada de Assistente FC-02, na Coordenadoria de Gestão Compartilhada de Processos Judiciais e Administração Interna de Bauru.</p><p>Nº 373 - Designar, a partir de 05 de maio de 2018, os servidores abaixo, para ter exercício no Centro Judiciário de Métodos Consensuais de Solução de Disputas - CEJUSC-JT de Bauru:</p><p>- EDSON DE SOUSA, Técnico Judiciário, área Administrativa, do Quadro Permanente da Secretaria deste Tribunal;</p><p>- MARCIA DI DONATTO FERREIRA, Servidora Pública Federal, do Quadro Permanente da Secretaria do Tribunal Regional do Trabalho da 2ª Região, à disposição deste Tribunal, dispensando-a da função comissionada de Assistente de Diretor de Distribuição FC-05, bem como da substituição do Diretor de Serviço de Distribuição de Feitos CJ-02, na Coordenadoria de Gestão Compartilhada de Processos Judiciais e Administração Interna de Bauru.</p><p>Nº 374 - Dispensar, a partir de 05 de junho de 2018, ERIBERTO LOTHAR LEAL, Técnico Judiciário, área Administrativa, do Quadro Permanente da Secretaria deste Tribunal, da função comissionada de Assistente FC-02, na Coordenadoria de Gestão Compartilhada de Processos Judiciais e Administração Interna de Bauru.</p><p>Nº 376 - Designar OZENIR APARECIDA DUTRA SANTORO, Técnico Judiciário, área Administrativa, do Quadro Permanente da Secretaria deste Tribunal, para:</p><p>I - ter exercício, a partir de 05 de junho de 2018, na 2ª Vara do Trabalho de Americana;</p><p>II - exercer, a partir da publicação desta portaria, a função comissionada de Assistente-Chefe de Seção FC-05, constante da Tabela de Funções Comissionadas.</p><p>Nº 378 - Designar, a partir de 05 de junho de 2018, os servidores abaixo, do Quadro Permanente da Secretaria deste Tribunal, para ter exercício na Divisão de Execução de Campinas:</p><p>- ANDREA AZEVEDO, Analista Judiciário, área Judiciária, dispensando-a da função comissionada de Assistente de Diretor de Distribuição FC-05, bem como da substituição do Diretor de Serviço de Distribuição de Feitos CJ-02, na Coordenadoria de Gestão Compartilhada de Processos Judiciais e Administração Interna de Campinas;</p><p>- CLAUDIO JOSE MORELLO, Técnico Judiciário, área Administrativa;</p><p>- EDNA MARIA DE FARIA SILVEIRA, Técnico Judiciário, área Administrativa;</p><p>- TATIANA SOARES GOES, Técnico Judiciário, área Administrativa, do Quadro Permanente da Secretaria deste Tribunal, dispensando-a da função comissionada de Assistente FC-02, na Coordenadoria de Gestão Compartilhada de Processos Judiciais e Administração Interna de Campinas;</p><p>-REGINA URBANO, Analista Judiciário, área Judiciária.</p><p>Nº 379 - Designar, a partir de 05 de junho de 2018, os servidores abaixo, para ter exercício no Centro Judiciário de Métodos Consensuais de Solução de Disputas - CEJUSC-JT de Campinas:</p><p>- ALEXANDRE BUCHABQUI REZEK ANDERY, Técnico Judiciário, área Administrativa, do Quadro Permanente da Secretaria deste Tribunal, dispensando-o da função comissionada de Coordenador de Central de Mandados FC-03, Coordenadoria de Gestão Compartilhada de Processos Judiciais e Administração Interna de Campinas;</p><p>- DAVI DE MATOS CARDOSO ARAUJO, Técnico Judiciário, área Administrativa, do Quadro Permanente da Secretaria deste Tribunal, dispensando-o da função comissionada de Assistente FC-02, na Coordenadoria de Gestão Compartilhada de Processos Judiciais e Administração Interna de Campinas;</p><p>- JULIANA PENACHIONI DRUMOND, Técnico Judiciário, área Administrativa, do Quadro Permanente da Secretaria deste Tribunal, dispensando-a da função comissionada de Assistente FC-02, na Coordenadoria de Gestão Compartilhada de Processos Judiciais e Administração Interna de Campinas;</p><p>- MARIA ROBERTA SOARES DO NASCIMENTO, Técnico Judiciário, área Administrativa, do Quadro Permanente da Secretaria deste Tribunal, dispensando-a da função comissionada de Assistente FC-02, na Coordenadoria de Gestão Compartilhada de Processos Judiciais e Administração Interna de Campinas;</p><p>- VANIA DAS GRAÇAS DE CASTRO SARAIVA FERRAZ, Servidora Pública da Prefeitura Municipal de Hortolândia, à disposição deste Tribunal, sem prejuízo da função comissionada que exerce.</p><p>Nº 381 - Designar, a partir de 05 de junho de 2018, os servidores abaixo, do Quadro Permanente da Secretaria deste Tribunal, para ter exercício na 1ª Vara do Trabalho de Catanduva:</p><p>- LUCIENE BOCHINI, Analista Judiciário, área Administrativa, dispensando-a da função comissionada de Assistente FC-02, na Coordenadoria Integrada de Atividades Administrativas, Judiciais e Central de Mandados de Catanduva;</p><p>- MARCELO MELOTTO ROMERO, Técnico Judiciário, área Administrativa, dispensando-o da função comissionada de Assistente de Diretor de Distribuição FC-05, bem como da substituição do Diretor de Serviço de Distribuição de Feitos CJ-02, na Coordenadoria Integrada de Atividades Administrativas, Judiciais e Central de Mandados de Catanduva.</p><p>Nº 382 - Designar VERA LUCIA PANÇA FRANCO, Técnico Judiciário, área Administrativa, do Quadro Permanente da Secretaria deste Tribunal, para:</p><p>I - ter exercício, a partir de 05 de junho de 2018, na 2ª Vara do Trabalho de Catanduva;</p><p>II - exercer, a partir da publicação desta portaria, a função comissionada de Assistente-Chefe de Seção FC-05, constante da Tabela de Funções Comissionadas.</p><p>Nº 383 - Designar, a partir de 05 de junho de 2018, ISABEL HELENA PRADO MOREIRA, Técnico Judiciário, área Administrativa, do Quadro Permanente da Secretaria deste Tribunal, para ter exercício na 2ª Vara do Trabalho de Catanduva, dispensando-a da função comissionada de Coordenador de Central de Mandados FC-03, na Coordenadoria Integrada de Atividades Administrativas, Judiciais e Central de Mandados de Catanduva.</p><p>Nº 386 - Designar, a partir de 05 de junho de 2018, os servidores abaixo, do Quadro Permanente da Secretaria deste Tribunal, para ter exercício na Divisão de Execução de Franca:</p><p>- RITA MARIA COELHO NASCIMENTO NEVES, Analista Judiciário, área Judiciária, especialidade Oficial de Justiça Avaliador Federal;</p><p>- MARCOS ANTONIO DE FARIA, Técnico Judiciário, área Administrativa, dispensando-o da função comissionada de Assistente FC-02, na Coordenadoria Integrada de Atividades Administrativas, Judiciais e Central de Mandados de Franca.</p><p>Nº 387 - Designar JULIANO MORE MIGUEL, Técnico Judiciário, área Administrativa, do Quadro Permanente da Secretaria deste Tribunal, para:</p><p>I - ter exercício, a partir de 05 de junho de 2018, no Gabinete do Juiz Substituto Adriel Pontes de Oliveira, dispensando-o da função comissionada de Assistente de Diretor de Distribuição FC-05, bem como da substituição do Diretor de Serviço de Distribuição de Feitos CJ-02, na Coordenadoria Integrada de Atividades Administrativas, Judiciais e Central de Mandados de Franca;</p><p>II - exercer, a partir da publicação desta portaria, a função comissionada de Assistente de Juiz FC-05, constante da Tabela de Funções Comissionadas.</p><p>Nº 391 - Designar STELLA MARIS BRANDÃO MACHADO, Analista Judiciário, área Administrativa, do Quadro Permanente da Secretaria deste Tribunal, para:</p><p>I - ter exercício, a partir de 05 de junho de 2018, na 1ª Vara do Trabalho de Jaboticabal;</p><p>II - exercer, a partir da publicação desta portaria, a função comissionada de Assistente-Chefe de Seção FC-05, constante da Tabela de Funções Comissionadas.</p><p>Nº 392 - Designar, a partir de 05 de junho de 2018, APARECIDA DE CASSIA LOPES, Técnico Judiciário, área Administrativa, do Quadro Permanente da Secretaria deste Tribunal, para ter exercício na 2ª Vara do Trabalho de Jaboticabal, dispensando-a da função comissionada de Assistente de Diretor de Distribuição FC-05, bem como da substituição do Diretor de Serviço de Distribuição de Feitos CJ-02, na Coordenadoria Integrada de Atividades Administrativas, Judiciais e Central de Mandados de Jaboticabal.</p><p>Nº 394 - Designar, a partir de 05 de maio de 2018, os servidores abaixo, do Quadro Permanente da Secretaria deste Tribunal, para ter exercício na 2ª Vara do Trabalho de Jacareí:</p><p>- AFONSO JOSE GARCIA MOREIRA, Analista Judiciário, área Judiciária;</p><p>- MARIA DO CARMO NORONHA SERPA, Técnico Judiciário, área Administrativa, dispensando-a da função comissionada de Assistente de Diretor de Distribuição FC-05, bem como da substituição do Diretor de Serviço de Distribuição de Feitos CJ-02, na Coordenadoria Integrada de Atividades Administrativas, Judiciais e Central de Mandados de Jacareí.</p><p>Nº 395 - Designar ALEXANDRE MAGNO DE ANDRADE, Servidor Público Federal, do Quadro Permanente da Secretaria do Tribunal Regional do Trabalho da 2ª Região, à disposição deste Tribunal, para:</p><p>I - ter exercício, a partir de 05 de junho de 2018, na 2ª Vara do Trabalho de Jacareí;</p><p>II - exercer, a partir da publicação desta portaria, a função comissionada de Assistente-Chefe de Seção FC-05, constante da Tabela de Funções Comissionadas.</p><p>Nº 397 - Designar ANTONIO CELSO PELIZZON, Técnico Judiciário, área Administrativa, do Quadro Permanente da Secretaria deste Tribunal, para:</p><p>I - ter exercício, a partir de 05 de junho de 2018, na 2ª Vara do Trabalho de Jaú;</p><p>II - exercer, a partir da publicação desta portaria, a função comissionada de Assistente-Chefe de Seção FC-05, constante da tabela de Funções Comissionadas.</p><p>Nº 398 - Designar, a partir de 05 de junho de 2018, RENOALDO FRANCISCO KAZMAREK FILHO, Técnico Judiciário, área Administrativa, do Quadro Permanente da Secretaria deste Tribunal, para ter exercício na 2ª Vara do Trabalho de Jaú, dispensando-o da função comissionada de Coordenador de Central de Mandados FC-03, na Coordenadoria Integrada de Atividades Administrativas, Judiciais e Central de Mandados de Jaú.</p><p>Nº 399 - Designar CESAR EDUARDO GASPAROTTO, Servidor Público da Prefeitura Municipal de Jaú, à disposição deste Tribunal, para:</p><p>I - ter exercício, a partir de 05 de junho de 2018, na 1ª Vara do Trabalho de Jaú;</p><p>II - exercer, a partir da publicação desta portaria, a função comissionada de Executante FC-01, constante da Tabela de Funções Comissionadas, dispensando-o da função comissionada de Assistente FC-02, na Coordenadoria Integrada de Atividades Administrativas, Judiciais e Central de Mandados de Jaú.</p><p>Nº 400 - Designar, a partir de 05 de junho de 2018, MARIA ELISA DE TOLEDO BARROS AULER, Técnico Judiciário, área Administrativa, do Quadro Permanente da Secretaria deste Tribunal, para ter exercício na 1ª Vara do Trabalho de Jaú, dispensando-a da função comissionada de Assistente de Diretor de Distribuição FC-05, bem como da substituição do Diretor de Serviço de Distribuição de Feitos CJ-02, na Coordenadoria Integrada de Atividades Administrativas, Judiciais e Central de Mandados de Jaú.</p><p>Nº 402 - Designar, a partir de 05 de junho de 2018, TALITA INACIO DOS SANTOS SILVA, Técnico Judiciário, área Administrativa, do Quadro Permanente da Secretaria deste Tribunal, para ter exercício no Centro Judiciário de Métodos Consensuais de Solução de Disputas (CEJUSC-JT) de Jundiaí, dispensando-a da função comissionada de Assistente de Diretor de Distribuição FC-05, bem como da substituição do Diretor de Serviço de Distribuição de Feitos CJ-02, na Coordenadoria Integrada de Atividades Administrativas, Judiciais e Central de Mandados de Jundiaí.</p><p>Nº 405 - Designar ALEX RISSE, Técnico Judiciário, área Administrativa, do Quadro Permanente da Secretaria deste Tribunal, para:</p><p>I - ter exercício, a partir de 05 de junho de 2018, na 2ª Vara do Trabalho de Lençóis Paulista;</p><p>II - exercer, a partir da publicação desta portaria, a função comissionada de Assistente-Chefe de Seção FC-05, constante da Tabela de Funções Comissionadas.</p><p>Nº 406 - Designar ANTONIO JOSE RAMPONI, Servidor Público da Prefeitura Municipal de Lençóis Paulista, à disposição deste Tribunal, para:</p><p>I - ter exercício, a partir de 05 de junho de 2018, na 2ª Vara do Trabalho de Lençóis Paulista, dispensando-o da função comissionada de Assistente de Diretor de Distribuição FC-05, bem como da substituição do Diretor de Serviço de Distribuição de Feitos CJ-02, na Coordenadoria Integrada de Atividades Administrativas, Judiciais e Central de Mandados de Lençóis Paulista;</p><p>II - exercer, a partir da publicação desta portaria, a função comissionada de Executante FC-01, constante da Tabela de Funções Comissionadas.</p><p>Nº 409 - Designar SILVIA RAQUEL ALVES DE OLIVEIRA TRENTO, Servidora Pública da Prefeitura Municipal de Limeira, à disposição deste Tribunal, para:</p><p>I - ter exercício, a partir de 05 de junho de 2018, no Centro Judiciário de Métodos Consensuais de Solução de Disputas - CEJUSC-JT de Limeira, dispensando-a da função comissionada de Coordenador de Central de Mandados FC-03, na Coordenadoria Integrada de Atividades Administrativas, Judiciais e Central de Mandados de Limeira;</p><p>II - exercer, a partir da publicação desta portaria, a função comissionada de Executante FC-01, constante da Tabela de Funções Comissionadas.</p><p>Nº 410 - Designar, a partir de 05 de junho de 2018, as servidoras abaixo, para ter exercício na Divisão de Execução de Limeira:</p><p>- DAIANE CARLA SANTOS LEDO MARQUES, Técnico Judiciário, área Administrativa, do Quadro Permanente da Secretaria deste Tribunal, dispensando-a da função comissionada de Calculista FC-04, na 2ª Vara do Trabalho de Limeira;</p><p>- PATRICIA HELENA RABESCO, Servidora Pública da Prefeitura Municipal de Limeira, à disposição deste Tribunal, sem prejuízo da função comissionada que exerce.</p><p>Nº 412 - Designar, a partir de 05 de junho de 2018, os servidores abaixo, Técnicos Judiciários, área Administrativa, do Quadro Permanente da Secretaria deste Tribunal, para ter exercício na 2ª Vara do Trabalho de Marília:</p><p>- EDERSON DOS SANTOS IZELI, dispensando-o da função comissionada de Coordenador de Central de Mandados FC-03, na Coordenadoria Integrada de Atividades Administrativas, Judiciais e Central de Mandados de Marília;</p><p>- ELIANE MASCARO, dispensando-a da função comissionada de. Assistente de Diretor de Distribuição FC-05, bem como da substituição do Diretor de Serviço de Distribuição de Feitos CJ-02, na Coordenadoria Integrada de Atividades Administrativas, Judiciais e Central de Mandados de Marília.</p><p>Nº 413 - Designar SANDRA MARIA MARINS NISHIKITO, Analista Judiciário, área Judiciária, do Quadro Permanente da Secretaria deste Tribunal, para:</p><p>I - ter exercício, a partir de 05 de junho de 2018, na 2ª Vara do Trabalho de Marília;</p><p>II - exercer, a partir da publicação desta portaria, a função comissionada de Assistente-Chefe de Seção FC-05, constante da Tabela de Funções Comissionadas.</p><p>Nº 415 - Designar, a partir de 05 de junho de 2018, CARLOS KAZUO WATANABE, Técnico Judiciário, área Administrativa, do Quadro Permanente da Secretaria deste Tribunal, para ter exercício na 1ª Vara do Trabalho de Paulínia, dispensando-o da função comissionada de Assistente de Diretor de Distribuição FC-05, bem como da substituição do Diretor de Serviço de Distribuição de Feitos CJ-02, na Coordenadoria Integrada de Atividades Administrativas, Judiciais e Central de Mandados de Paulínia.</p><p>Nº 416 - Designar JOÃO SILVA SANTOS, Técnico Judiciário, área Administrativa, especialidade Segurança, do Quadro Permanente da Secretaria deste Tribunal, para:</p><p>I - ter exercício, a partir de 05 de junho de 2018, na 2ª Vara do Trabalho de Paulínia;</p><p>II - exercer, a partir da publicação desta portaria, a função comissionada de Assistente-Chefe de Seção FC-05, constante da Tabela de Funções Comissionadas.</p><p>Nº 419 - Designar, a partir de 05 de junho de 2018, as servidoras abaixo, Técnicos Judiciários, área Administrativa, do Quadro Permanente da Secretaria deste Tribunal, para ter exercício no Centro Judiciário de Métodos Consensuais de Solução de Disputas - CEJUSC-JT de Piracicaba:</p><p>- ELIS MEIRE DA SILVA NEVES; dispensando-a da função comissionada de Assistente FC-02, na Coordenadoria Integrada de Atividades Administrativas, Judiciais e Central de Mandados de Piracicaba;</p><p>- ANA LUISA DE FARIA, dispensando-a da função comissionada de Assistente FC-02, na 3ª Vara do Trabalho de Piracicaba.</p><p>Nº 420 - Designar, a partir de 05 de junho de 2018, os servidores abaixo, Técnicos Judiciários, área Administrativa, do Quadro Permanente da Secretaria deste Tribunal, para ter exercício na Divisão de Execução de Piracicaba:</p><p>- LUIZ PAOLIERI NETO;</p><p>- PEDRO SENDINO ARCE, dispensando-o da função comissionada de Assistente de Diretor de Distribuição FC-05, bem como da substituição do Diretor de Serviço de Distribuição de Feitos CJ-02, na Coordenadoria Integrada de Atividades Administrativas, Judiciais e Central de Mandados de Piracicaba.</p><p class="assina">Fernando da Silva Borges</p><p class="identifica">PORTARIA CPV N º 421, DE 24 DE MAIO DE 2018</p><p>O DESEMBARGADOR PRESIDENTE DO TRIBUNAL REGIONAL DO TRABALHO DA 15ª REGIÃO, no uso de suas atribuições legais e regimentais, resolve:</p><p>Designar, a partir da publicação desta portaria, JOSE LUIS BURATTO, Técnico Judiciário, área Administrativa, do Quadro Permanente da Secretaria deste Tribunal, lotado na 3ª Vara do Trabalho de Piracicaba, para exercer a função comissionada de Assistente FC-02, constante da Tabela de Funções Comissionadas.</p><p class="assina">Fernando da Silva Borges</p><p class="identifica">PORTARIAS CPV DE 24 DE MAIO DE 2018</p><p>O DESEMBARGADOR PRESIDENTE DO TRIBUNAL REGIONAL DO TRABALHO DA 15ª REGIÃO, no uso de suas atribuições legais e regimentais, tendo em vista o disposto nas Portarias GP nº 20/2018 e nº 26/2018, bem como na Resolução Administrativa nº 29/2017, resolve:</p><p>Nº 424 - Designar, a partir de 05 de junho de 2018, GUSTAVO CAMARGO KALOGLIAN, Servidor Público Federal, do Quadro Permanente da Secretaria do Tribunal Regional do Trabalho da 2ª Região, removido para este Tribunal, para ter exercício na Seção de Segurança, da Presidência, bem como prestar serviços na 2ª Vara do Trabalho de Presidente Prudente, dispensando-o da função comissionada de Assistente de Diretor de Distribuição FC-05 e da substituição do Diretor de Serviço de Distribuição de Feitos CJ-02, na Coordenadoria de Gestão Compartilhada de Processos Judiciais e Administração Interna de Presidente Prudente.</p><p>Nº 425 - Designar, a partir de 05 de junho de 2018, GRAZIELLE ZAMPOLI PEREIRA, Técnico Judiciário, área Administrativa, do Quadro Permanente da Secretaria deste Tribunal, para ter exercício no Centro Judiciário de Métodos Consensuais de Solução de Disputas (CEJUSC-JT) de Presidente Prudente, dispensando-a da função comissionada de Assistente de Juiz FC-05, no Gabinete da Juíza Substituta Vanessa Maria Sampaio Villanova Matos.</p><p>Nº 426 - Designar, a partir de 05 de junho de 2018, os servidores abaixo, para ter exercício na Divisão de Execução de Presidente Prudente:</p><p>- JOSE ANTONIO VALENTE BAPTISTA, Técnico Judiciário, área Administrativa, do Quadro Permanente da Secretaria deste Tribunal, dispensando-a da função comissionada de Assistente de Diretor de Secretaria FC-05, bem como da substituição do Diretor de Secretaria de Vara do Trabalho CJ-03, na Vara do Trabalho de Rancharia;</p><p>- MARCOS VINICIUS BOCAL DE OLIVEIRA, Servidor Público Federal, do Quadro Permanente da Secretaria do Tribunal Regional do Trabalho da 9ª Região, removido para este Tribunal.</p><p>Nº 428 - Designar, a partir de 05 de junho de 2018, os servidores abaixo, para ter exercício no Centro Judiciário de Métodos Consensuais de Solução de Disputas - CEJUSC-JT de Ribeirão Preto:</p><p>- HARLEY GONÇALVES DA SILVA MENDES, Técnico Judiciário, área Administrativa, do Quadro Permanente da Secretaria deste Tribunal;</p><p>- DENISE NEGRI PAIVA GABAS, Analista Judiciário, área Judiciária, do Quadro Permanente da Secretaria deste Tribunal, dispensando-a da função comissionada de Coordenador de Central de Mandados FC-03, na Coordenadoria de Gestão Compartilhada de Processos Judiciais e Administração Interna de Ribeirão Preto;</p><p>- MARIENI GALLI CARVALHO, Servidora Pública Federal, do Quadro Permanente da Secretaria do Tribunal Regional do Trabalho da 2ª Região, removida para este Tribunal.</p><p>Nº 429 - Designar, a partir de 05 de junho de 2018, os servidores abaixo, do Quadro Permanente da Secretaria deste Tribunal, para ter exercício na Divisão de Execução de Ribeirão Preto:</p><p>- EDMILSON MERCHAM DOS SANTOS, Analista Judiciário, área Judiciária, dispensando-o da função comissionada de Assistente de Juiz FC-05, no Gabinete da Juíza Substituta Amanda Barbosa;</p><p>- NADIA MORAES SILVA, Técnico Judiciário, área Administrativa, dispensando-a da função comissionada de Assistente de Diretor de Distribuição FC-05, bem como da substituição do Diretor de Serviço de Distribuição de Feitos CJ-02, na Coordenadoria de Gestão Compartilhada de Processos Judiciais e Administração Interna de Ribeirão Preto;</p><p>- MESSIAS ASSIS DO NASCIMENTO, Técnico Judiciário, área Administrativa.</p><p>Nº 431 - Designar, a partir de 05 de junho de 2018, as servidoras abaixo, Técnicos Judiciários, área Administrativa, do Quadro Permanente da Secretaria deste Tribunal, para ter exercício na 1ª Vara do Trabalho de São Carlos:</p><p>- SILMARA HELOISA GORNI;</p><p>- ROSALMA MELLO SOLCI BONUCCI, dispensando-a da função comissionada de Coordenador de Central de Mandados FC-03, na Coordenadoria Integrada de Atividades Administrativas, Judiciais e Central de Mandados de São Carlos.</p><p>Nº 432 - Designar, a partir de 05 de junho de 2018, ELISABETH VIEIRA COSTA, Técnico Judiciário, área Administrativa, do Quadro Permanente da Secretaria deste Tribunal, para ter exercício na 2ª Vara do Trabalho de São Carlos, dispensando-a da função comissionada de Assistente de Diretor de Distribuição FC-05, bem como da substituição do Diretor de Serviço de Distribuição de Feitos CJ-02, na Coordenadoria Integrada de Atividades Administrativas, Judiciais e Central de Mandados de São Carlos.</p><p>Nº 433 - Designar MARCELO TERENZI FONSECA, Técnico Judiciário, área Administrativa, do Quadro Permanente da Secretaria deste Tribunal, para:</p><p>I - ter exercício, a partir de 05 de junho de 2018, na 2ª Vara do Trabalho de São Carlos;</p><p>II - exercer, a partir da publicação desta portaria, a função comissionada de Assistente-Chefe de Seção FC-05, constante da Tabela de Funções Comissionadas.</p><p>Nº 435 - Designar, a partir de 05 de junho de 2018, as servidoras abaixo, do Quadro Permanente da Secretaria deste Tribunal, para ter exercício na Divisão de Execução de São José do Rio Preto:</p><p>- LUCIANA ALVES DA SILVA, Analista Judiciário, área Judiciária, especialidade Oficial de Justiça Avaliador Federal;</p><p>- MARIA JULIA MARASSI CUNALI ROCHA, Técnico Judiciário, área Administrativa, dispensando-a da função comissionada de Assistente FC-02, na Coordenadoria de Gestão Compartilhada de Processos Judiciais e Administração Interna de São José do Rio Preto.</p><p>Nº 436 - Designar, a partir de 05 de junho de 2018, os servidores abaixo, para ter exercício no Centro Judiciário de Métodos Consensuais de Solução de Disputas - CEJUSC-JT de São José do Rio Preto:</p><p>- EDMAR LAURENCIO CARARETO, Analista Judiciário, área Administrativa, do Quadro Permanente da Secretaria deste Tribunal, dispensando-o da função comissionada de Assistente de Diretor de Distribuição FC-05, bem como da substituição do Diretor de Serviço de Distribuição de Feitos CJ-02, na Coordenadoria de Gestão Compartilhada de Processos Judiciais e Administração Interna de São José do Rio Preto;</p><p>- GENESIO DONIZETE DO NASCIMENTO, Servidor Público Federal, do Quadro Permanente da Secretaria do Tribunal Regional do Trabalho da 2ª Região, removido para este Tribunal.</p><p>Nº 439 - Designar, a partir de 05 de junho de 2018, EMILIA VIANA WALTRICK DE SOUZA, Técnico Judiciário, área Administrativa, do Quadro Permanente da Secretaria deste Tribunal, para ter exercício na 3ª Vara do Trabalho de São José dos Campos, dispensando-a da função comissionada de Assistente de Diretor de Distribuição FC-05, bem como da substituição do Diretor de Serviço de Distribuição de Feitos CJ-02, na Coordenadoria de Gestão Compartilhada de Processos Judiciais e Administração Interna de São José dos Campos.</p><p>Nº 440 - Designar, a partir de 05 de junho de 2018, SANDRA REGINA SOELTL, Técnico Judiciário, área Administrativa, do Quadro Permanente da Secretaria deste Tribunal, para ter exercício na 5ª Vara do Trabalho de São José dos Campos, dispensando-a da função comissionada de Coordenador de Central de Mandados FC-03, na Coordenadoria de Gestão Compartilhada de Processos Judiciais e Administração Interna de São José dos Campos.</p><p>Nº 441 - Designar, a partir de 05 de junho de 2018, os servidores abaixo, do Quadro Permanente da Secretaria deste Tribunal, para ter exercício na Divisão de Execução de São José dos Campos:</p><p>- MARCUS CARVALHO, Técnico Judiciário, área Administrativa, dispensando-o da função comissionada de Assistente de Diretor de Secretaria FC-05, bem como da substituição do Diretor de Secretaria de Vara do Trabalho CJ-03, na 3ª Vara do Trabalho de São José dos Campos;</p><p>- ANA MARIA GONÇALVES, Analista Judiciário, área Judiciária, dispensando-a da função comissionada de Assistente FC-02, na Coordenadoria de Gestão Compartilhada de Processos Judiciais e Administração Interna de São José dos Campos.</p><p>Nº 442 - Designar, a partir de 05 de junho de 2018, os servidores abaixo, para ter exercício no Centro Judiciário de Métodos Consensuais de Solução de Disputas - CEJUSC-JT de São José dos Campos:</p><p>- MEIRE FERREIRA FERRO FRANCO KULAIF, Servidora Pública Federal, do Quadro Permanente da Secretaria do Tribunal Regional do Trabalho da 2ª Região, removida para este Tribunal;</p><p>- ANTONIO CESAR BRANDÃO DOS SANTOS, Técnico Judiciário, área Administrativa, do Quadro Permanente da Secretaria deste Tribunal, dispensando-o da função comissionada de Assistente FC-02, na Coordenadoria de Gestão Compartilhada de Processos Judiciais e Administração Interna de São José dos Campos.</p><p>Nº 444 - Dispensar, a partir de 30 de maio de 2018, CLEIDE APARECIDA PEROBON MAZER, Técnico Judiciário, área Administrativa, do Quadro Permanente da Secretaria deste Tribunal, da função comissionada de Coordenador de Central de Mandados FC-03, na Coordenadoria Integrada de Atividades Administrativas, Judiciais e Central de Mandados de Sertãozinho.</p><p>Nº 445 - Designar SIDNEI DA SILVA, Técnico Judiciário, área Administrativa, do Quadro Permanente da Secretaria deste Tribunal, para:</p><p>I - ter exercício, a partir de 05 de junho de 2018, na 2ª Vara do Trabalho de Sertãozinho;</p><p>II - exercer, a partir da publicação desta portaria, a função comissionada de Assistente-Chefe de Seção FC-05, constante da Tabela de Funções Comissionadas.</p><p>Nº 446 - Designar, a partir de 05 de junho de 2018, ELAINE DUARTE, Técnico Judiciário, área Administrativa, do Quadro Permanente da Secretaria deste Tribunal, para ter exercício na 2ª Vara do Trabalho de Sertãozinho, dispensando-a da função comissionada de Assistente de Diretor de Distribuição FC-05, bem como da substituição do Diretor de Serviço de Distribuição de Feitos CJ-02, Coordenadoria Integrada de Atividades Administrativas, Judiciais e Central de Mandados de Sertãozinho.</p><p>Nº 448 - Designar, a partir de 05 de junho de 2018, os servidores abaixo, do Quadro Permanente da Secretaria deste Tribunal, para ter exercício no Centro Judiciário de Métodos Consensuais de Solução de Disputas - CEJUSC-JT de Sorocaba:</p><p>- ANALUCI STACHEWSKI ZAKIA, Técnico Judiciário, área Administrativa;</p><p>- BRUNA DE OLIVEIRA MELO, Técnico Judiciário, área Administrativa, dispensando-a da função comissionada de Assistente de Diretor de Distribuição FC-05, bem como da substituição do Diretor de Serviço de Distribuição de Feitos CJ-02, na Coordenadoria de Gestão Compartilhada de Processos Judiciais e Administração Interna de Sorocaba;</p><p>- JOÃO ANTONIO RODRIGUES, Analista Judiciário, área Judiciária, dispensando-o da função comissionada de Coordenador de Central de Mandados FC-03, na Coordenadoria de Gestão Compartilhada de Processos Judiciais e Administração Interna de Sorocaba.</p><p>Nº 449 - Designar, a partir de 05 de junho de 2018, os servidores abaixo, para ter exercício na Divisão de Execução de Sorocaba:</p><p>- NEUZA BOY ATHAYDE, Técnico Judiciário, área Administrativa, especialidade Segurança, do Quadro Permanente da Secretaria deste Tribunal;</p><p>- FABIANA DE CARVALHO RIOS THOMAZELLA, Técnico Judiciário, área Administrativa, do Quadro Permanente da Secretaria deste Tribunal, dispensando-a da função comissionada de Assistente FC-02, na Coordenadoria de Gestão Compartilhada de Processos Judiciais e Administração Interna de Sorocaba;</p><p>- LEA PRADO ALVES ADAD, Servidora Pública Federal, do Quadro Permanente da Secretaria do Tribunal Regional do Trabalho da 2ª Região, removida para este Tribunal, dispensando-a da função comissionada de Assistente FC-02, na Coordenadoria de Gestão Compartilhada de Processos Judiciais e Administração Interna de Sorocaba.</p><p>Nº 451 - Designar, a partir de 05 de junho de 2018, os servidores abaixo, do Quadro Permanente da Secretaria deste Tribunal, para ter exercício no Centro Judiciário de Métodos Consensuais de Solução de Disputas - CEJUSC-JT de Taubaté:</p><p>- FABIANO NEUBERN DE OLIVEIRA, Técnico Judiciário, área Administrativa, especialidade Segurança;</p><p>- GILBERTO RODRIGUES DOS ANJOS, Técnico Judiciário, área Administrativa, dispensando-a da função comissionada de Assistente FC-02, na Coordenadoria Integrada de Atividades Administrativas, Judiciais e Central de Mandados de Taubaté.</p><p>Nº 452 - Designar, a partir de 05 de junho de 2018, DAVID RIBEIRO E SILVA, Técnico Judiciário, área Administrativa, do Quadro Permanente da Secretaria deste Tribunal, para ter exercício na Divisão de Execução de Taubaté, dispensando-o da função comissionada de Assistente de Diretor de Distribuição FC-05, bem como da substituição do Diretor de Serviço de Distribuição de Feitos CJ-02, na Coordenadoria Integrada de Atividades Administrativas, Judiciais e Central de Mandados de Taubaté.</p><p>Nº 454 - Designar, a partir de 05 de junho de 2018, os servidores abaixo, para ter exercício no Grupo de Apoio, da Corregedoria Regional:</p><p>- ISABEL CRISTINA ANDRETTA PENTEADO DE MOURA, Analista Judiciário, área Judiciária, do Quadro Permanente da Secretaria deste Tribunal, dispensando-a da função comissionada de Assistente Técnico de Vara do Trabalho FC-04, na Seção de Primeira Instância;</p><p>- CLAUDIO YOSHINORI YOEM, Técnico Judiciário, área Administrativa, do Quadro Permanente da Secretaria deste Tribunal, sem prejuízo da função comissionada que exerce.</p><p>Nº 455 - Designar, a partir da publicação desta portaria, ADRIANA CASTELLO BRANCO PANNONI MARICATO DEFFENTE, Técnico Judiciário, área Administrativa, do Quadro Permanente da Secretaria deste Tribunal, lotada na Seção de Primeira Instância, da Corregedoria Regional, para exercer a função comissionada de Assistente Técnico de Vara do Trabalho FC-04, constante da Tabela de Funções Comissionadas, dispensando-a da função comissionada Assistente de Apoio Administrativo FC-03.</p><p>Nº 456 - Designar, a partir da publicação desta portaria, FABIO DE SOUZA ZANELLA, Servidor Público Federal, do Quadro Permanente da Secretaria do Tribunal Regional do Trabalho da 1ª Região, removido para este Tribunal, lotado na Seção de Procedimento Administrativos, da Corregedoria Regional, para exercer a função comissionada de Assistente de Apoio Administrativo FC-03, constante da Tabela de Funções Comissionadas, dispensando-o da função comissionada de Assistente FC-02.</p><p>Nº 457 - Designar SILVIA MANO HACKME ARABE, Analista Judiciário, área Judiciária, do Quadro Permanente da Secretaria deste Tribunal, para:</p><p>I - ter exercício, a partir de 05 de junho de 2018, no Grupo de Apoio, da Corregedoria Regional, dispensando-a da função de Assistente Técnico de Vara do Trabalho FC-04, no Núcleo de Pesquisa Patrimonial;</p><p>II - exercer, a partir da publicação desta portaria, a função comissionada de Assistente Técnico de Apoio Administrativo FC-04, constante da Tabela de Funções Comissionadas.</p><p>Nº 458 - Designar ALEX HENRIQUE DE LIMA E SILVA, Servidor Público Federal, do Quadro Permanente da Secretaria do Tribunal Regional do Trabalho da 3ª Região, removido para este Tribunal, para:</p><p>I - ter exercício, a partir de 05 de junho de 2018, no Grupo de Apoio, da Corregedoria Regional, dispensando-o da função de Assistente Técnico de Vara do Trabalho FC-04, no Núcleo de Pesquisa Patrimonial;</p><p>II - exercer, a partir da publicação desta portaria, a função comissionada de Assistente Técnico de Apoio Administrativo FC-04, constante da Tabela de Funções Comissionadas.</p><p>Nº 459 - Designar, a partir de 05 de junho de 2018, VINICIUS PFLANZER DE OLIVEIRA, Técnico Judiciário, área Administrativa, do Quadro Permanente da Secretaria deste Tribunal, para ter exercício no Núcleo de Pesquisa Patrimonial, da Corregedoria Regional, dispensando-o da função comissionada de Assistente FC-02, no Gabinete da Desembargadora do Trabalho Eleonora Bordini Coca.</p><p>Nº 460 - Designar, a partir da publicação desta portaria, os servidores abaixo, do Quadro Permanente da Secretaria deste Tribunal, para exercer a função comissionada de Assistente de Juiz FC-05, constante da Tabela de Funções Comissionadas:</p><p>- SHARON CLARO DE OLIVEIRA MORAES, Analista Judiciário, área Judiciária, lotada no Gabinete da Juíza Substituta Zilah Ramires Ferreira;</p><p>- GUSTAVO SCHMIDT, Analista Judiciário, área Judiciária, lotado no Gabinete do Juiz Substituto Gothardo Rodrigues Backx Van Buggenhout;</p><p>- TAIS PEIXOTO, Analista Judiciário, área Judiciária, lotada no Gabinete da Juíza Substituta Alessandra Regina Trevisan Lambert;</p><p>- LAURA ESMERALDA NUNES PUCCINELLI ZANQUETTA, Analista Judiciário, área Judiciária, lotada no Gabinete da Juíza Substituta Danielle Guerra Florentino Lopes;</p><p>- JANAINA AZEVEDO DOS SANTOS SILVA, Técnico Judiciário, área Administrativa, lotada no Gabinete do Juiz Substituto Reginaldo Lourenço Pierrotti Junior;</p><p>- FABRICIO FARIA BOTELHO, Analista Judiciário, área Judiciária, lotado no Gabinete do Juiz Substituto Gustavo Triandafelides Balthazar;</p><p>- FABIANA TEIXEIRA MARTINS, Analista Judiciário, área Judiciária, lotada no Gabinete do Juiz Substituto Anderson Relva Rosa;</p><p>- CIBELY SOARES, Analista Judiciário, área Judiciária, lotada no Gabinete do Juiz Substituto Renato Clemente Pereira;</p><p>- NELI ANNE SILVA PIMENTA, Técnico Judiciário, área Administrativa, lotada no Gabinete da Juíza Substituta Veranici Aparecida Ferreira;</p><p>- PRYSCILA MATSUBARA, Analista Judiciário, área Judiciária, lotada no Gabinete da Juíza Substituta Karina Suemi Kashima;</p><p>- CARINE DELLE DONNE GENNARI, Técnico Judiciário, área Administrativa, lotada no Gabinete do Juiz Substituto Gustavo Zabeu Vasen;</p><p>- ILNA LUCIA BERNARDES FERREIRA, Analista Judiciário, área Judiciária, lotada no Gabinete da Juíza Substituta Adriane da Silva Martins;</p><p>- PATRICIA MARIA SANTICIOLI SEGURASSE, Técnico Judiciário, área Administrativa, lotada no Gabinete do Juiz Substituto Christophe Gomes de Oliveira;</p><p>- PATRICIA PIANTAVINI, Analista Judiciário, área Judiciária, lotada no Gabinete do Juiz Substituto César Reinaldo Offa Basile;</p><p>- LEONARDO ORTEGA RIBEIRO, Analista Judiciário, área Judiciária, lotado no Gabinete do Juiz Substituto Guilherme Camurça Filgueira;</p><p>- ANTONIO JOSE BUENOS AIRES ANDRADE, Técnico Judiciário, área Administrativa, lotado no Gabinete do Juiz Substituto Fred Morales Lima;</p><p>- MICHELLE CRISTINA DA SILVA KITZE, Analista Judiciário, área Judiciária, lotada no Gabinete do Juiz Substituto Rodrigo de Mattos Takayassu;</p><p>- THIAGO CESAR COSTA, Técnico Judiciário, área Administrativa, lotado no Gabinete da Juíza Substituta Carolina Popoff Ferreira da Costa;</p><p>- ANA MONICA GORAYB, Analista Judiciário, área Judiciária, lotada no Gabinete do Juiz Substituto José Bispo dos Santos;</p><p>- SILVIA HELENA THOME JOSE, Técnico Judiciário, área Administrativa, lotada no Gabinete da Juíza Substituta Mila Malucelli Araujo;</p><p>- FERNANDA MAIONCHI RIBEIRO, Analista Judiciário, área Judiciária, lotada no Gabinete do Juiz Substituto Maurício Brandão de Andrade.</p><p>Nº 461 - Designar, a partir da publicação desta portaria, os servidores abaixo, para exercer a função comissionada de Assistente de Juiz FC-05, constante da Tabela de Funções Comissionadas:</p><p>- HELIO TEIXEIRA DA ROCHA, Servidor Público Federal, do Quadro Permanente da Secretaria do Tribunal Regional do Trabalho da 2ª Região, removido para este Tribunal, lotado no Gabinete do Juiz Substituto Vinícius de Miranda Taveira;</p><p>- HERICA WANESSA BUZATTO, Servidora Pública Federal, do Quadro Permanente da Secretaria do Tribunal Regional do Trabalho da 5ª Região, removida para este Tribunal, lotada no Gabinete do Juiz Substituto Bernardo Moré Frigeri;</p><p>- MARIA EMILIA SESTITO, Servidora Pública Federal, do Quadro Permanente da Secretaria do Tribunal Regional do Trabalho da 2ª Região, à disposição deste Tribunal, lotada no Gabinete do Juiz Substituto Marcel de Avila Soares Marques.</p><p class="assina">Fernando da Silva Borges</p>]]></Texto>
  </body>
</article></xml>