﻿<xml><article id="3460911" name="D_29052018" idOficio="4813742" pubName="DO2" artType="Despacho" pubDate="01/06/2018" artClass="00021:00001:00000:00000:00000:00000:00000:00000:00000:00000:00019:00001" artCategory="Ministério de Minas e Energia/Gabinete do Ministro" artSize="8" artNotes="" numberPage="60" pdfPage="http://pesquisa.in.gov.br/imprensa/jsp/visualiza/index.jsp?data=01/06/2018&amp;jornal=529&amp;pagina=60" editionNumber="104" highlightType="" highlightPriority="" highlight="" idMateria="10797500">
  <body>
    <Identifica><![CDATA[ DESPACHOS DE  29 de maio de 2018]]></Identifica>
    <Data><![CDATA[]]></Data>
    <Ementa />
    <Titulo />
    <SubTitulo />
    <Texto><![CDATA[<p class="identifica">DESPACHOS DE 29 de maio de 2018</p><p>O MINISTRO DE ESTADO DE MINAS E ENERGIA, tendo em vista o disposto no Decreto nº 1.387, de 7 de fevereiro de 1995, e no art. 7º, inciso IV, do Decreto nº 7.689, de 2 de março de 2012, resolve autorizar os seguintes afastamentos do País:</p><p>NOME: Andrea da Silva Fonseca. CARGO/FUNÇÃO: Analista Administrativo/Coordenadora de Business Intelligence. ÓRGÃO: Agência Nacional do Petróleo, Gás Natural e Biocombustíveis - ANP. PAÍS DE DESTINO: Estados Unidos da América. FINALIDADE: Participação no Real Business Intelligence 2018. PERÍODO: 25/06/2018 a 30/06/2018. TIPO DE AFASTAMENTO: Com ônus. ENQUADRAMENTO DA VIAGEM: art. 1º, inciso IV, do Decreto nº 1.387, de 1995.</p><p>NOME: Gisele Gulias Gomes. CARGO/FUNÇÃO: Analista Administrativo/Coordenadora Geral de Sistemas. ÓRGÃO: Agência Nacional do Petróleo, Gás Natural e Biocombustíveis - ANP. PAÍS DE DESTINO: Estados Unidos da América. FINALIDADE: Participação no Real Business Intelligence 2018. PERÍODO: 25/06/2018 a 30/06/2018. TIPO DE AFASTAMENTO: Com ônus. ENQUADRAMENTO DA VIAGEM: art. 1º, inciso IV, do Decreto nº 1.387, de 1995.</p><p>NOME: Mauro Ricardo da Silva. CARGO/FUNÇÃO: Especialista em Regulação. ÓRGÃO: Agência Nacional do Petróleo, Gás Natural e Biocombustíveis - ANP. PAÍS DE DESTINO: Estados Unidos da América. FINALIDADE: Participação no Real Business Intelligence 2018. PERÍODO: 25/06/2018 a 30/06/2018. TIPO DE AFASTAMENTO: Com ônus. ENQUADRAMENTO DA VIAGEM: art. 1º, inciso IV, do Decreto nº 1.387, de 1995.</p><p class="assina">W. Moreira Franco</p><p></p>]]></Texto>
  </body>
</article></xml>