﻿<xml><article id="3487432" name="136 - LUANA E RUI MOACYR" idOficio="4812154" pubName="DO2" artType="Portaria" pubDate="04/06/2018" artClass="00038:00004:00001:00000:00000:00000:00000:00000:00000:00000:00025:00001" artCategory="Poder Judiciário/Superior Tribunal de Justiça/Presidência" artSize="8" artNotes="" numberPage="50" pdfPage="http://pesquisa.in.gov.br/imprensa/jsp/visualiza/index.jsp?data=04/06/2018&amp;jornal=529&amp;pagina=50" editionNumber="105" highlightType="" highlightPriority="" highlight="" idMateria="10794171">
  <body>
    <Identifica><![CDATA[ PORTARIA Nº 136, DE 28 DE MAIO DE 2018]]></Identifica>
    <Data><![CDATA[]]></Data>
    <Ementa />
    <Titulo />
    <SubTitulo />
    <Texto><![CDATA[<p class="identifica">PORTARIA Nº 136, DE 28 DE MAIO DE 2018</p><p>A PRESIDENTE DO SUPERIOR TRIBUNAL DE JUSTIÇA, no uso da atribuição conferida pelo art. 21, XXVI, do Regimento Interno e considerando o contido no Processo STJ n. 9029/2018, resolve:</p><p>Art. 1º Redistribuir o cargo efetivo de Técnico Judiciário, Área Administrativa, do quadro de pessoal deste Tribunal ocupado pela servidora LUANA VANESSA GOES RODRIGUES SOUZA, matrícula S056400, classe B, padrão 9, para o quadro de pessoal do Tribunal de Justiça do Distrito Federal e dos Territórios, em reciprocidade com o cargo de mesma denominação ocupado pelo servidor Rui Moacyr Vinagre de Brito.</p><p>Art. 2º Esta portaria entra em vigor na data de sua publicação.</p><p class="assina">Min. LAURITA VAZ</p>]]></Texto>
  </body>
</article></xml>