﻿<xml><article id="3462148" name="PORTARIA 01.06.2018 final" idOficio="4813809" pubName="DO2" artType="Portaria" pubDate="01/06/2018" artClass="00011:00122:00001:00000:00000:00000:00000:00000:00000:00000:00025:00002" artCategory="Ministério da Educação/Universidade Federal do Pará/Reitoria" artSize="8" artNotes="" numberPage="36" pdfPage="http://pesquisa.in.gov.br/imprensa/jsp/visualiza/index.jsp?data=01/06/2018&amp;jornal=529&amp;pagina=36" editionNumber="104" highlightType="" highlightPriority="" highlight="" idMateria="10797603">
  <body>
    <Identifica><![CDATA[ PORTARIAS 30 DE MAIO DE 2018]]></Identifica>
    <Data><![CDATA[]]></Data>
    <Ementa />
    <Titulo />
    <SubTitulo />
    <Texto><![CDATA[<p></p><p class="identifica">PORTARIAS 30 DE MAIO DE 2018</p><p>O REITOR DA UNIVERSIDADE FEDERAL DO PARÁ, no uso de suas atribuições legais e estatutárias, resolve:</p><p>Nº 2.679 - Conceder aposentadoria voluntária por tempo de contribuição com proventos integrais a RONALDO JOSE FREITAS DO NASCIMENTO, matrícula SIAPE nº 0327459, ocupante do cargo de TECNICO EM ELETRICIDADE, Classe D, Nível de Capacitação 4, Padrão de Vencimento 16, em regime de 40 Horas Semanais, pertencente ao Quadro de Pessoal desta Universidade, com fundamento no artigo 3º da Emenda Constitucional nº 47/2005, publicada no DOU de 06.07.2005.</p><p>Nº 2.681 - Conceder aposentadoria voluntária por tempo de contribuição com proventos integrais a IRLAND BARRONCAS GONZAGA, matrícula nº 2153548, ocupante do cargo de Professor do Magistério Superior, Classe D, com Denominação de Professor Associado, Nível 01, em regime de Dedicação Exclusiva, com Doutorado, pertencente ao Quadro de Pessoal desta Universidade, com fundamento no artigo 3º da Emenda Constitucional nº 47/2005, publicada no DOU de 06.07.2005.</p><p class="assina">GILMAR PEREIRA DA SILVA</p><p class="cargo">Em exercício</p>]]></Texto>
  </body>
</article></xml>