﻿<xml><article id="3462581" name="PORTARIA N° 2004 e 2025-EMCFA-MD" idOficio="4813859" pubName="DO2" artType="Portaria" pubDate="01/06/2018" artClass="00010:00027:00000:00000:00000:00000:00000:00000:00000:00000:00025:00001" artCategory="Ministério da Defesa/Estado-Maior Conjunto das Forças Armadas" artSize="8" artNotes="" numberPage="15" pdfPage="http://pesquisa.in.gov.br/imprensa/jsp/visualiza/index.jsp?data=01/06/2018&amp;jornal=529&amp;pagina=15" editionNumber="104" highlightType="" highlightPriority="" highlight="" idMateria="10797616">
  <body>
    <Identifica><![CDATA[ PORTARIA N° 2.004/EMCFA-MD, DE 24 DE MAIO DE 2018]]></Identifica>
    <Data><![CDATA[]]></Data>
    <Ementa />
    <Titulo />
    <SubTitulo />
    <Texto><![CDATA[<p class="identifica">PORTARIA N° 2.004/EMCFA-MD, DE 24 DE MAIO DE 2018</p><p>O CHEFE DO ESTADO-MAIOR CONJUNTO DAS FORÇAS ARMADAS, no uso da competência subdelegada pelo inciso I do art. 4oda Portaria no1.839/MD, de 9 de dezembro de 2010, considerando a Portaria Normativa no2.323/MD, de 31 de agosto de 2012, o Decreto no8.978, de 1º de fevereiro de 2017, alterado pelo Decreto nº 9.259, de 29 de dezembro de 2017, e o Processo Administrativo nº 60240.000343/2018-19, resolve:</p><p>EXONERAR o Capitão de Mar e Guerra (FN) ALEXANDRE PERES TEIXEIRA do cargo de Gerente, código Grupo 0002 (B), da Subchefia de Operações da Chefia de Operações Conjuntas do Estado-Maior Conjunto das Forças Armadas, a contar de 7 de maio de 2018.</p><p class="assina">ADEMIR SOBRINHO Almirante de Esquadra</p><p class="identifica">PORTARIA N° 2.025/EMCFA-MD, DE 25 DE MAIO DE 2018</p><p>O CHEFE DO ESTADO-MAIOR CONJUNTO DAS FORÇAS ARMADAS, no uso da competência subdelegada pelo inciso I do art. 4oda Portaria no1.839/MD, de 9 de dezembro de 2010, considerando a Portaria Normativa no2.323/MD, de 31 de agosto de 2012, o Decreto no8.978, de 1º de fevereiro de 2017, alterado pelo Decreto nº 9.259, de 29 de dezembro de 2017, e o Processo Administrativo nº 60240.000343/2018-19, resolve:</p><p>NOMEAR o Capitão de Fragata (FN) CRISTIANO CIPRIANO SOUZA para o cargo de Gerente, código Grupo 0002 (B), da Subchefia de Operações da Chefia de Operações Conjuntas do Estado-Maior Conjunto das Forças Armadas, ficando exonerado do cargo que atualmente ocupa.</p><p class="assina">ADEMIR SOBRINHO Almirante de Esquadra</p>]]></Texto>
  </body>
</article></xml>