﻿<xml><article id="3459749" name="DOU_PR_20180528" idOficio="4809963" pubName="DO2" artType="Portaria" pubDate="01/06/2018" artClass="00026:00030:00000:00000:00000:00000:00000:00000:00000:00000:00019:00001" artCategory="Ministério do Planejamento, Desenvolvimento e Gestão/Fundação Instituto Brasileiro de Geografia e Estatística" artSize="8" artNotes="" numberPage="72" pdfPage="http://pesquisa.in.gov.br/imprensa/jsp/visualiza/index.jsp?data=01/06/2018&amp;jornal=529&amp;pagina=72" editionNumber="104" highlightType="" highlightPriority="" highlight="" idMateria="10790318">
  <body>
    <Identifica><![CDATA[ PORTARIA N° 322, DE 18 DE MAIO DE 2018]]></Identifica>
    <Data><![CDATA[]]></Data>
    <Ementa />
    <Titulo />
    <SubTitulo />
    <Texto><![CDATA[<p class="identifica">PORTARIA N° 322, DE 18 DE MAIO DE 2018</p><p>O PRESIDENTE da FUNDAÇÃO INSTITUTO BRASILEIRO DE GEOGRAFIA E ESTATÍSTICA-IBGE, usando de suas atribuições, resolve:</p><p>Exonerar, a pedido, LUCIANA MARTINS PRAZERES, CPF nº 865.683.707-97, do cargo em comissão de Assistente, do(a) Presidência, DAS - 102.2, desta Fundação, na forma do disposto no artigo 35, inciso II, da Lei nº 8.112/90, com redação dada pela Lei nº 9.527/97, a partir de 01/06/2018.</p><p class="assina">ROBERTO LUIS OLINTO RAMOS</p><p></p>]]></Texto>
  </body>
</article></xml>