﻿<xml><article id="3465467" name="Portaria n. 889" idOficio="4814285" pubName="DO2" artType="Portaria" pubDate="01/06/2018" artClass="00008:00006:00001:00001:00000:00000:00000:00000:00000:00000:00025:00001" artCategory="Ministério da Ciência, Tecnologia, Inovações e Comunicações/Agência Nacional de Telecomunicações/Presidência/Gabinete da Presidência" artSize="8" artNotes="" numberPage="7" pdfPage="http://pesquisa.in.gov.br/imprensa/jsp/visualiza/index.jsp?data=01/06/2018&amp;jornal=529&amp;pagina=7" editionNumber="104" highlightType="" highlightPriority="" highlight="" idMateria="10798202">
  <body>
    <Identifica><![CDATA[ PORTARIA Nº 889, DE 25 DE MAIO DE 2018]]></Identifica>
    <Data><![CDATA[]]></Data>
    <Ementa />
    <Titulo />
    <SubTitulo />
    <Texto><![CDATA[<p></p><p class="identifica">PORTARIA Nº 889, DE 25 DE MAIO DE 2018</p><p>O PRESIDENTE DA AGÊNCIA NACIONAL DE TELECOMUNICAÇÕES, no uso das competências que lhe confere o art. 46, do Regulamento da Anatel, aprovado pelo Decreto nº 2.338, de 7 de outubro de 1997; e</p><p>CONSIDERANDO o constante dos autos do processo nº 53500.007115/2018-98; resolve:</p><p>Art. 1º Conceder aposentadoria ao servidor PAULO ROBERTO SEMEDO DA COSTA, Siape nº 1497076, ocupante do cargo de Especialista em Regulação de Serviços Públicos de Telecomunicações, pertencente ao quadro efetivo da Agência, lotado na Gerência de Controle de Obrigações de Universalização e de Ampliação do Acesso (COUN), com fulcro no art. 40, §1º, inciso III, alínea "a", da Constituição Federal, com efeitos a partir de 1º de março de 2018.</p><p>Art. 2º Declarar vago o referido cargo, nos termos do art. 33, inciso VII, da Lei nº 8.112/1990.</p><p>Art. 3º Esta Portaria entra em vigor na data da publicação.</p><p class="assina">JUAREZ MARTINHO QUADROS DO NASCIMENTO</p>]]></Texto>
  </body>
</article></xml>