﻿<xml><article id="3461956" name="REITORIA.124.2018__093622" idOficio="4813799" pubName="DO2" artType="Portaria" pubDate="01/06/2018" artClass="00011:00110:00000:00000:00000:00000:00000:00000:00000:00000:00025:00001" artCategory="Ministério da Educação/Universidade Federal do Espírito Santo" artSize="8" artNotes="" numberPage="33" pdfPage="http://pesquisa.in.gov.br/imprensa/jsp/visualiza/index.jsp?data=01/06/2018&amp;jornal=529&amp;pagina=33" editionNumber="104" highlightType="" highlightPriority="" highlight="" idMateria="10797544">
  <body>
    <Identifica><![CDATA[ PORTARIAS DE 29 DE MAIO DE 2018]]></Identifica>
    <Data><![CDATA[]]></Data>
    <Ementa />
    <Titulo />
    <SubTitulo />
    <Texto><![CDATA[<p></p><p class="identifica">PORTARIAS DE 29 DE MAIO DE 2018</p><p>O Reitor da Universidade Federal do Espírito Santo, usando de suas atribuições legais e estatutárias, resolve:</p><p>Nº 812 - Conceder aposentadoria por invalidez permanente a MARIA CRISTINA CAMPELLO LAVRADOR, SIAPE 2173294, Professor do Magistério Superior, com Doutorado, DE, na forma do artigo 40, § 1º, inciso I, da Constituição Federal, com redação dada pela EC nº 41/03, combinado com o Art. 6-A da EC nº 41/03, incluído pela EC nº 70/12, com proventos integrais, acrescidos de 01% (um por cento) de adicional por tempo de serviço.</p><p>Cessar os efeitos dos atos vinculados ao exercício do cargo.(Processo nº 23068.029579/2018-41)</p><p>Nº 820 - Revogar a Portaria nº 3011/2016-R, publicada no DOU de 23/12/2016, na Seção 2 , pagina 27, referente à nomeação de JAIME LUIZ VILELA SILVA, SIAPE 1899484, como SUBSTITUTO EVENTUAL do cargo de Gerente de Obras/PU, CD-04, a partir de 28/05/2018.(Processo nº 23068.030988/2018-90)</p><p>Nº 821 - Nomear ROSIRENE ALVES DA SILVA, SIAPE 2033895, para substituir o Gerente de Obras/PU, CD-04, no período de 04/06/2018 a 15/06/2018, por motivo de férias do titular.(Processo nº 23068.020866/2018-95)</p><p class="assina">Reinaldo Centoducatte</p>]]></Texto>
  </body>
</article></xml>