﻿<xml><article id="3462256" name="Port 1355 - Afastamento do País " idOficio="4813839" pubName="DO2" artType="Portaria" pubDate="01/06/2018" artClass="00011:00079:00001:00003:00000:00000:00000:00000:00000:00000:00025:00002" artCategory="Ministério da Educação/Instituto Federal de Educação, Ciência e Tecnologia de Rondônia/Reitoria/Diretoria de Gestão de Pessoas" artSize="8" artNotes="" numberPage="31" pdfPage="http://pesquisa.in.gov.br/imprensa/jsp/visualiza/index.jsp?data=01/06/2018&amp;jornal=529&amp;pagina=31" editionNumber="104" highlightType="" highlightPriority="" highlight="" idMateria="10797487">
  <body>
    <Identifica><![CDATA[ PORTARIA Nº 1.355, DE 29 DE MAIO DE 2018]]></Identifica>
    <Data><![CDATA[]]></Data>
    <Ementa />
    <Titulo />
    <SubTitulo />
    <Texto><![CDATA[<p class="identifica">PORTARIA Nº 1.355, DE 29 DE MAIO DE 2018</p><p>O REITOR SUBSTITUTO DO INSTITUTO FEDERAL DE EDUCAÇÃO, CIÊNCIA E TECNOLOGIA DE RONDÔNIA, no uso de suas atribuições legais e considerando o art. 95 da Lei 8.112/90 e os autos do processo nº 23243.008884/2018-21, resolve:</p><p>Art. 1º Autorizar, o afastamento do país do (a) Professor (a) do Ensino Básico, Técnico e Tecnológico, MÁRCIA LETÍCIA GOMES, Mat. SIAPE nº 1782660, lotado (a) no Campus Porto Velho Calama, para apresentação do artigo intitulado: "Somos muitas Faridas: uma discussão sobre Direitos das Mulheres em Terra Sonâmbula de Mia Couto" no Congresso Internacional Liberdade de Expressão: diálogos e reflexões da lei e da literatura, na cidade de Quito - Equador, no período de 18 a 25/06/2018, sendo o afastamento com ônus limitado para a Administração conforme Inciso II do Art. 1º do Decreto 91.800/95.</p><p>Art. 2º Esta Portaria entra em vigor na data da sua publicação.</p><p class="assina">CARLOS HENRIQUE DOS SANTOS</p>]]></Texto>
  </body>
</article></xml>