﻿<xml><article id="3462494" name="PORT Nº 335" idOficio="4813832" pubName="DO2" artType="Portaria" pubDate="01/06/2018" artClass="00027:00002:00000:00000:00000:00000:00000:00000:00000:00000:00025:00002" artCategory="Ministério do Trabalho/Secretaria Executiva" artSize="8" artNotes="" numberPage="76" pdfPage="http://pesquisa.in.gov.br/imprensa/jsp/visualiza/index.jsp?data=01/06/2018&amp;jornal=529&amp;pagina=76" editionNumber="104" highlightType="" highlightPriority="" highlight="" idMateria="10797646">
  <body>
    <Identifica><![CDATA[ PORTARIA Nº 335,  DE 30 DE MAIO DE 2018]]></Identifica>
    <Data><![CDATA[]]></Data>
    <Ementa />
    <Titulo />
    <SubTitulo />
    <Texto><![CDATA[<p class="identifica">PORTARIA Nº 335, DE 30 DE MAIO DE 2018</p><p>O SECRETÁRIO EXECUTIVO DO MINISTÉRIO DO TRABALHO SUBSTITUTO, no uso das atribuições que lhe foram delegadas pela Portaria nº. 245, de 06 de abril de 2018, Lei nº 13.341, de 29 de setembro de 2016 e o Decreto nº. 8.894, de 3 de novembro de 2016 resolve:</p><p>Art. 1º Designar a servidora JAQUELINE ELIZABETH MARQUES PORTELA, CPF 035.187.071-75, matrícula SIAPE nº 2321526, para atuar como como Gestora Financeira - Titular, responsável pelos atos necessários à execução orçamentária, financeira e patrimonial dos recursos consignados as Unidades Gestoras 380008, 380908 e 400055 - Secretaria de Políticas Públicas de Emprego - SPPE/MTb.</p><p>Art. 2º Dispensar o servidor RICARDO ALVES MONTEIRO, CPF 784.095.781-15, matrícula SIAPE nº 3327333, da mesma função.</p><p>Art 3º. Convalidar os atos praticados pela Gestora Financeira Titular, com base na Portaria nº 51/SPPE/MTb, de 9 de maio de 2018, no período de 11 de maio de 2018 até a data de publicação desta Portaria.</p><p>Art. 3º Esta Portaria entra em vigor na data de sua publicação.</p><p class="assina">TULIO OSTILIO PESSOA DE OLIVEIRA</p>]]></Texto>
  </body>
</article></xml>