﻿<xml><article id="3465512" name="DOU_CRH_20180530" idOficio="4814287" pubName="DO2" artType="Portaria" pubDate="01/06/2018" artClass="00026:00030:00011:00066:00000:00000:00000:00000:00000:00000:00025:00001" artCategory="Ministério do Planejamento, Desenvolvimento e Gestão/Fundação Instituto Brasileiro de Geografia e Estatística/Diretoria Executiva/Coordenação de Recursos Humanos" artSize="8" artNotes="" numberPage="73" pdfPage="http://pesquisa.in.gov.br/imprensa/jsp/visualiza/index.jsp?data=01/06/2018&amp;jornal=529&amp;pagina=73" editionNumber="104" highlightType="" highlightPriority="" highlight="" idMateria="10798204">
  <body>
    <Identifica><![CDATA[ PORTARIAS DE 30 DE MAIO DE 2018]]></Identifica>
    <Data><![CDATA[]]></Data>
    <Ementa />
    <Titulo />
    <SubTitulo />
    <Texto><![CDATA[<p class="identifica">PORTARIAS DE 30 DE MAIO DE 2018</p><p>O COORDENADOR de RECURSOS HUMANOS da FUNDAÇÃO INSTITUTO BRASILEIRO DE GEOGRAFIA E ESTATÍSTICA-IBGE, usando de suas atribuições, resolve:</p><p>N° 997 - Dispensar, VALERIA SA MACHADO, CPF nº 337.361.544-53, da Função Gratificada de Supervisor de Pesquisa I, do(a) Supervisão de Levantamento de Empregos, do(a) Unidade Estadual do IBGE em Pernambuco, FG - 1, desta Fundação.</p><p>N° 999 - Dispensar, ISIS DELMIRO SILVA, CPF nº 060.937.234-37, da Função Gratificada de Supervisor de Pesquisa III, do(a) Unidade Estadual do IBGE em Pernambuco, FG - 3, desta Fundação.</p><p>N° 1.000 - Dispensar, ROSANGELA MARIA NUNES ALVES, CPF nº 167.135.754-04, da Função Gratificada de Supervisor de Pesquisa III, do(a) Unidade Estadual do IBGE em Pernambuco, FG - 3, desta Fundação.</p><p>N° 1.001 - Dispensar, MARIA DA GLORIA DE SANT ANA FARIAS, CPF nº 095.769.754-68, da Função Gratificada de Supervisor de Pesquisa III, do(a) Unidade Estadual do IBGE em Pernambuco, FG - 3, desta Fundação.</p><p>N° 1.004 - Designar VALERIA SA MACHADO, CPF nº 337.361.544-53, para exercer a Função Gratificada de Supervisor de Pesquisa I, do(a) Unidade Estadual do IBGE em Pernambuco, FG - 1, desta Fundação, na forma do disposto no art. 26, da Lei nº 8.216/91.</p><p>N° 1.005 - Designar ISIS DELMIRO SILVA, CPF nº 060.937.234-37, para exercer a Função Gratificada de Supervisor III, do(a) Unidade Estadual do IBGE em Pernambuco, FG - 3, desta Fundação, na forma do disposto no art. 26, da Lei nº 8.216/91.</p><p>N° 1.006 - Designar ROSANGELA MARIA NUNES ALVES, CPF nº 167.135.754-04, para exercer a Função Gratificada de Supervisor III, do(a) Unidade Estadual do IBGE em Pernambuco, FG - 3, desta Fundação, na forma do disposto no art. 26, da Lei nº 8.216/91.</p><p class="assina">BRUNO TARANTO MALHEIROS</p><p></p>]]></Texto>
  </body>
</article></xml>