﻿<xml><article id="3460076" name="Port. ECC - 3659" idOficio="4812546" pubName="DO2" artType="Portaria" pubDate="01/06/2018" artClass="00011:00119:00001:00001:00000:00000:00000:00000:00000:00000:00025:00002" artCategory="Ministério da Educação/Universidade Federal de Minas Gerais/Reitoria/Gabinete" artSize="8" artNotes="" numberPage="35" pdfPage="http://pesquisa.in.gov.br/imprensa/jsp/visualiza/index.jsp?data=01/06/2018&amp;jornal=529&amp;pagina=35" editionNumber="104" highlightType="" highlightPriority="" highlight="" idMateria="10794821">
  <body>
    <Identifica><![CDATA[ PORTARIA Nº 3.659, DE 29 DE MAIO DE 2018]]></Identifica>
    <Data><![CDATA[]]></Data>
    <Ementa />
    <Titulo />
    <SubTitulo />
    <Texto><![CDATA[<p class="identifica">PORTARIA Nº 3.659, DE 29 DE MAIO DE 2018</p><p>A Reitora da Universidade Federal de Minas Gerais, no uso de atribuição conferida pelo artigo 3º, inciso II do Decreto nº 228, de 11/10/91, resolve:</p><p>Exonerar, a partir de 01/06/2018, a servidora CARMEN REGINA MAIA, inscrição UFMG nº 103098, matrícula SIAPE nº 0322767, ocupante do cargo de Pedagogo, Nível de Classificação E, Nível de Capacitação IV, Padrão de Vencimento 16, do cargo em comissão de Diretora-Geral do Departamento de Desenvolvimento de Recursos Humanos, código CD-04.</p><p class="assina">SANDRA REGINA GOULART ALMEIDA</p>]]></Texto>
  </body>
</article></xml>