﻿<xml><article id="3464697" name="SGP59" idOficio="4814151" pubName="DO2" artType="Portaria" pubDate="01/06/2018" artClass="00038:00028:00001:00000:00000:00000:00000:00000:00000:00000:00025:00002" artCategory="Poder Judiciário/Tribunal Regional Eleitoral de Pernambuco/Presidência" artSize="8" artNotes="" numberPage="97" pdfPage="http://pesquisa.in.gov.br/imprensa/jsp/visualiza/index.jsp?data=01/06/2018&amp;jornal=529&amp;pagina=97" editionNumber="104" highlightType="" highlightPriority="" highlight="" idMateria="10798099">
  <body>
    <Identifica><![CDATA[ PORTARIA Nº 490, DE 22 DE MAIO DE 2018]]></Identifica>
    <Data><![CDATA[]]></Data>
    <Ementa />
    <Titulo />
    <SubTitulo />
    <Texto><![CDATA[<p class="identifica">PORTARIA Nº 490, DE 22 DE MAIO DE 2018</p><p>O DESEMBARGADOR PRESIDENTE DO TRIBUNAL REGIONAL ELEITORAL DE PERNAMBUCO, no uso de suas atribuições legais, tendo em vista o contido no Processo SEI nº 0011829-21.2018.6.17.8000, resolve:</p><p>Conceder a ANA MARIA DE OLIVEIRA MARTINS, ocupante do cargo efetivo de Técnico Judiciário, Área Administrativa, Classe C, Padrão 13, do quadro de pessoal permanente do Tribunal Regional Eleitoral de Pernambuco, Aposentadoria Voluntária, nos termos do art. 3º da Emenda Constitucional nº 47/05, com proventos integrais compostos pelas seguintes rubricas: Vencimento do cargo de técnico judiciário, Classe C, Padrão 13 - Art. 12 e Anexo II da Lei nº 11.416/2006, com a redação dada pela Lei 13.317/2016; Gratificação judiciária - art. 13 da Lei 11.416/06, com a redação dada pela Lei 13.317/2016; Adicional por tempo de serviço - art. 6º da Lei nº 9.624/98, c/c a Medida Provisória nº 1.815/99; Vantagem pessoal nominalmente identificada (VPNI), decorrente de quintos incorporados - art. 15 da Lei 9.527/97; e ADICIONAL DE QUALIFICAÇÃO - arts. 14 e 15, inciso III, ambos da Lei 11.416/2006, c/c o art. 18 da Resolução TSE 23.380/2012.</p><p class="assina">LUIZ CARLOS DE BARROS FIGUEIRÊDO</p>]]></Texto>
  </body>
</article></xml>