﻿<xml><article id="3466086" name="PORT. GP 1623.2018" idOficio="4814431" pubName="DO2" artType="Portaria" pubDate="01/06/2018" artClass="00038:00057:00027:00000:00000:00000:00000:00000:00000:00000:00025:00001" artCategory="Poder Judiciário/Tribunal Regional do Trabalho da 18ª Região/Presidência" artSize="8" artNotes="" numberPage="102" pdfPage="http://pesquisa.in.gov.br/imprensa/jsp/visualiza/index.jsp?data=01/06/2018&amp;jornal=529&amp;pagina=102" editionNumber="104" highlightType="" highlightPriority="" highlight="" idMateria="10798475">
  <body>
    <Identifica><![CDATA[ PORTARIA  Nº 1.623, de 30 de maio de 2018]]></Identifica>
    <Data><![CDATA[]]></Data>
    <Ementa />
    <Titulo />
    <SubTitulo />
    <Texto><![CDATA[<p class="identifica">PORTARIA Nº 1.623, de 30 de maio de 2018</p><p>O DESEMBARGADOR-PRESIDENTE DO TRIBUNAL REGIONAL DO TRABALHO DA 18ª REGIÃO, no uso de suas atribuições legais e regimentais, e tendo em vista o teor do Processo Administrativo nº 14710/2017, resolve:</p><p>Prorrogar por mais 60 (sessenta) dias, contados de 02 de junho de 2018, o afastamento preventivo do servidor ESDRAS EMMANUEL SOUSA GÓES, inicialmente aplicado através da Portaria TRT 18ª GP nº 909/2018, publicada no Diário Oficial da União de 03 de abril de 2018, com vistas à finalização da adequada instrução processual e efetiva apuração dos fatos disciplinares tratados no Processo Administrativo nº 14710/2017, com fulcro no parágrafo único, art. 147 da Lei nº 8.112/90.</p><p class="assina">PLATON TEIXEIRA DE AZEVEDO FILHO</p>]]></Texto>
  </body>
</article></xml>