﻿<xml><article id="3463431" name="PT40FORTALEZA" idOficio="4813984" pubName="DO2" artType="Portaria" pubDate="01/06/2018" artClass="00022:00029:00237:00008:00089:00001:00000:00000:00000:00000:00025:00001" artCategory="Ministério do Desenvolvimento Social/Instituto Nacional do Seguro Social/Superintendência Regional Nordeste em Recife/Gerência Executiva - A - em Fortaleza/Serviço de Administração/Seção Operacional da Gestão de Pessoas" artSize="8" artNotes="OK" numberPage="61" pdfPage="http://pesquisa.in.gov.br/imprensa/jsp/visualiza/index.jsp?data=01/06/2018&amp;jornal=529&amp;pagina=61" editionNumber="104" highlightType="" highlightPriority="" highlight="" idMateria="10797874">
  <body>
    <Identifica><![CDATA[ PORTARIA  Nº 40, DE 30 DE MAIO DE 2018]]></Identifica>
    <Data><![CDATA[]]></Data>
    <Ementa />
    <Titulo />
    <SubTitulo />
    <Texto><![CDATA[<p class="identifica">PORTARIA Nº 40, DE 30 DE MAIO DE 2018</p><p>O CHEFE SUBSTITUTO DA SEÇÃO OPERACIONAL DA GESTÃO DE PESSOAS-DA GERÊNCIA EXECUTIVA DO INSTITUTO NACIONAL DO SEGURO SOCIAL (INSS)-FORTALEZA, no uso das atribuições que lhe confere o Artigo nº 235, I, alineas "a" e "b", aprovado pela PT/414/MDS de de 28/09/2017, publicada no Diário Oficial da União nº 188/A Edição Extra de 29/09/2017, Seção 1 pág. 1/23 que aprova o Regimento Interno, resolve:</p><p>Conceder aposentadoria voluntária integral ao servidor LUIZ PEROTE MARTINS, matrícula n° 0884401, ocupante do cargo de Técnico do Seguro Social, classe "S", padrão "IV", do quadro de pessoal do INSS, com fundamento no art. 3º da Emenda Constitucional nº 47, de 05 de julho de 2005, observado o contido no processo nº 35043.000550/2018-44, declarando, em consequência, o referido cargo vago.</p><p class="assina">NYLBERSON VASCONCELOS MOURA</p>]]></Texto>
  </body>
</article></xml>