﻿<xml><article id="3464445" name="Remove designa Everton Filipe" idOficio="4814134" pubName="DO2" artType="Portaria" pubDate="01/06/2018" artClass="00038:00058:00001:00000:00000:00000:00000:00000:00000:00000:00001:00004" artCategory="Poder Judiciário/Tribunal Regional do Trabalho da 19ª Região/Presidência" artSize="8" artNotes="" numberPage="102" pdfPage="http://pesquisa.in.gov.br/imprensa/jsp/visualiza/index.jsp?data=01/06/2018&amp;jornal=529&amp;pagina=102" editionNumber="104" highlightType="" highlightPriority="" highlight="" idMateria="10797993">
  <body>
    <Identifica><![CDATA[ PORTARIA Nº 272, DE 28 DE MAIO DE 2018]]></Identifica>
    <Data><![CDATA[]]></Data>
    <Ementa />
    <Titulo />
    <SubTitulo />
    <Texto><![CDATA[<p class="identifica">PORTARIA Nº 272, DE 28 DE MAIO DE 2018</p><p>O DESEMBARGADOR PRESIDENTE DO TRIBUNAL REGIONAL DO TRABALHO DA DÉCIMA NONA REGIÃO, no uso de suas atribuições legais e regimentais estabelecidas no inciso VII do art. 24 do Regimento Interno, resolve:</p><p>Art. 1º. Remover a servidor Everton Filipe Vieira Rodrigues, Técnico Judiciário do Quadro Permanente de Pessoal do Tribunal Regional do Trabalho da 5ª Região, removido para este Tribunal, da Secretaria de Gestão de Pessoas para o Gabinete da Desembargadora Anne Helena Fischer Inojosa.</p><p>Art. 2º. Designar o servidor para exercer a função comissionada de Secretário Especializado, de nível FC-2, do Gabinete acima mencionado.</p><p>Art. 3º. Colocar o servidor à disposição da Secretaria de Gestão de Pessoas, para funcionar no Setor de Informações.</p><p>Art.4º. Os efeitos da presente Portaria vigoram a partir da publicação.</p><p class="assina">PEDRO INÁCIO DA SILVA</p>]]></Texto>
  </body>
</article></xml>