﻿<xml><article id="3465599" name="PTS56A66NATAL" idOficio="4814321" pubName="DO2" artType="Portaria" pubDate="01/06/2018" artClass="00022:00029:00237:00027:00091:00000:00000:00000:00000:00000:00025:00001" artCategory="Ministério do Desenvolvimento Social/Instituto Nacional do Seguro Social/Superintendência Regional Nordeste em Recife/Gerência Executiva - B - em Natal/Seção Operacional  de Gestão de Pessoas" artSize="8" artNotes="OK" numberPage="63" pdfPage="http://pesquisa.in.gov.br/imprensa/jsp/visualiza/index.jsp?data=01/06/2018&amp;jornal=529&amp;pagina=63" editionNumber="104" highlightType="" highlightPriority="" highlight="" idMateria="10798226">
  <body>
    <Identifica><![CDATA[ PORTARIAS DE 30 DE MAIO DE 2018]]></Identifica>
    <Data><![CDATA[]]></Data>
    <Ementa />
    <Titulo />
    <SubTitulo />
    <Texto><![CDATA[<p></p><p class="identifica">PORTARIAS DE 30 DE MAIO DE 2018</p><p>O Chefe da Seção Operacional de Gestão de Pessoas da Gerência Executiva do Instituto Nacional do Seguro Social (INSS) Natal, no uso da competência constante da letra "b" inciso I, do artigo 235, do Regimento Interno do INSS, aprovado pela Portaria MDS/GM nº 414, de 28/09/2017, publicada no DOU Edição Extra nº 188- A, de 29-09-2017 Seção I, pág. 1/23, resolve:</p><p>Nº 56 - Conceder aposentadoria voluntária ao servidor JOSELIO SILVA DE OLIVEIRA, matrícula 0948471, ocupante do cargo de Agente de Serviços Diversos, código 434552, classe S, padrão IV, do quadro de pessoal do INSS, com fundamento no artigo 3º da Emenda Constitucional nº 47, de 05 de julho de 2005, observando o contido no processo nº 35232.000400/2018-11, declarando, em consequência, o referido cargo vago.</p><p>Nº 57 - Conceder aposentadoria voluntária ao servidor LUIZ FLORENTINO DA SILVA, matrícula 0750707, ocupante do cargo de Técnico do Seguro Social, código 434550, classe S, padrão IV, do quadro de pessoal do INSS, com fundamento no artigo 3º da Emenda Constitucional nº 47, de 05 de julho de 2005, observando o contido no processo nº 36901.001291/2018-84, declarando, em consequência, o referido cargo vago.</p><p>Nº 58 - Conceder aposentadoria voluntária à servidora JOSIVANE MARIA DO NASCIMENTO, matrícula 0750451, ocupante do cargo de Técnico do Seguro Social, código 434550, classe S, padrão IV, do quadro de pessoal do INSS, com fundamento no artigo 3º da Emenda Constitucional nº 47, de 05 de julho de 2005, observando o contido no processo nº 35232.000473/2018-03, declarando, em consequência, o referido cargo vago.</p><p>Nº 59 - Conceder aposentadoria voluntária integral à servidora TELMA LÚCIA DE FARIAS DANTAS, matrícula 0923694, ocupante do cargo de Técnico do Seguro Social, código 434550, classe S, padrão IV, do quadro de pessoal do INSS, com base no art. 40, Inciso III, alínea "a", da Constituição Federal, com redação dada pela Emenda Constitucional nº 41/2003, observando o contido no processo nº 35232.000475/2018-94, declarando, em consequência, o referido cargo vago.</p><p>Nº 60 - Conceder aposentadoria voluntária integral à servidora VERA LÚCIA DA SILVA BERNARDO, matricula: 0923452, ocupante do cargo de Técnico do Seguro Social, código 434550, Classe "S" Padrão IV, do quadro de pessoal do INSS, com base no artigo 40, Inciso III, alinea "a", da Constituição Federal, com redação dada pela Emenda Constitucional nº 41/2003, observando o contido no processo nº 35232.000399/2018-17, declarando em consequência o referido cargo vago.</p><p>Nº 61 - Conceder aposentadoria voluntária integral à servidora DIONE DE OLIVEIRA PEREIRA REGALADO, matrícula 0923468, ocupante do cargo de Técnico do Seguro Social, código 434550, Classe "S" Padrão IV, do quadro de pessoal do INSS, com base no artigo 40, Inciso III, alínea "a", da Constituição Federal, com redação dada pela Emenda Constitucional nº 41/2003, observando o contido no processo nº 35232.000472/2018-51, declarando em consequência o referido cargo vago.</p><p>Nº 62 - Conceder aposentadoria voluntária integral à servidora MARIA NEIDE DIAS, matrícula 0258586, ocupante do cargo de Técnico em Assuntos Educacionais, código 434015, Classe "S" Padrão IV, do quadro de pessoal do INSS, com base no artigo 40, Inciso III, alínea "a", da Constituição Federal, com redação dada pela Emenda Constitucional nº 41/2003, observando o contido no processo nº 35232.000474/2018-40, declarando em consequência o referido cargo vago.</p><p>Nº 63 - Conceder aposentadoria voluntária integral à servidora CLÉBIA VIVIANE GOMES, matricula 0923467, ocupante do cargo de Técnico do Seguro Social, código 434550, Classe "S" Padrão IV, do quadro de pessoal do INSS, com base no artigo 40, Inciso III, alínea "a", da Constituição Federal, com redação dada pela Emenda Constitucional nº 41/2003, observando o contido no processo nº 35232.002223/2018-19, declarando em consequência o referido cargo vago.</p><p>Nº 64 - Conceder aposentadoria voluntária integral à servidora MARIA DAS DORES DA SILVA, matrícula 0923865, ocupante do cargo de Técnico do Seguro Social, código 434550, Classe "S" Padrão IV, do quadro de pessoal do INSS, com base no artigo 40, Inciso III, alínea "a", da Constituição Federal, com redação dada pela Emenda Constitucional nº 41/2003, observando o contido no processo nº 35232.000395/2018-39, declarando em consequência o referido cargo vago.</p><p>Nº 65 - Conceder aposentadoria voluntária integral à servidor VERA LÚCIA DE CARVALHO LEITE, mat. 0923789, ocupante do cargo de Enfermeiro, código 434002, classe S, padrão IV, do quadro de pessoal do INSS, com base no art. 40, Inciso III, alínea ´´a``, da Constituição Federal, com redação dada pela Emenda Constitucional nº 41/2003, observando o contido no processo nº 35232.000401/2018-58, declarando, em consequência, o referido cargo vago.</p><p>Nº 66 - Conceder aposentadoria voluntária integral à servidora MARTA ROSÂNGELA DE ARAÚJO, matricula 0923726, ocupante do cargo de Técnico do Seguro Social, código 434550, Classe "S" Padrão IV, do quadro de pessoal do INSS, com base no artigo 40, Inciso III, alínea "a", da Constituição Federal, com redação dada pela Emenda Constitucional nº 41/2003, observando o contido no processo nº 36901.001348/2018-45, declarando em consequência o referido cargo vago.</p><p class="assina">NORMANDO MARTINS GOMES</p>]]></Texto>
  </body>
</article></xml>