﻿<xml><article id="3462127" name="PTS31A36JUNDIAI" idOficio="4813808" pubName="DO2" artType="Portaria" pubDate="01/06/2018" artClass="00022:00029:00239:00012:02009:00000:00000:00000:00000:00000:00025:00004" artCategory="Ministério do Desenvolvimento Social/Instituto Nacional do Seguro Social/Superintendência-Regional Sudeste I em São Paulo/Gerência Executiva - B - Jundiaí/Seção Operacional da Gestão de Pessoas" artSize="8" artNotes="OK" numberPage="65" pdfPage="http://pesquisa.in.gov.br/imprensa/jsp/visualiza/index.jsp?data=01/06/2018&amp;jornal=529&amp;pagina=65" editionNumber="104" highlightType="" highlightPriority="" highlight="" idMateria="10797596">
  <body>
    <Identifica><![CDATA[ PORTARIAS DE 30 DE MARÇO DE 2018]]></Identifica>
    <Data><![CDATA[]]></Data>
    <Ementa />
    <Titulo />
    <SubTitulo />
    <Texto><![CDATA[<p></p><p class="identifica">PORTARIAS DE 30 DE MARÇO DE 2018</p><p>O CHEFE DA SEÇÃO OPERACIONAL DE GESTÃO DE PESSOAS DA GERÊNCIA EXECUTIVA DO INSS EM JUNDIAÍ, no Estado de São Paulo, no uso das atribuições que lhe confere o Decreto n° 9.104, de 24 de julho de 2.017, que aprova a Estrutura Regimental e o Quadro Demonstrativo dos Cargos em Comissão, das Funções Gratificadas e das Funções Comissionadas do INSS e, no uso das atribuições conferidas no inciso I, alínea "A", do Artigo 235 do Regimento Interno do INSS, aprovado pela Portaria MPS/GM n° 414, de 28/09/2017, publicada no DOU Edição Extra n° 188, de 29/09/2017, considerando a legislação vigente, resolve:</p><p>Nº 31- Conceder aposentadoria voluntária à servidora CARMEN MARIA BRANDÃO VIEIRA TROYSI, matrícula nº 0.940.823, ocupante do cargo de Técnico do Seguro Social, código 434550, classe S, padrão IV, do Quadro Permanente do Instituto Nacional do Seguro Social, tendo em vista o que consta do processo nº 35406.000114/2018-17, com fundamento no Artigo 3º da EC nº 47/2005, com proventos integrais, e com opção pela incorporação da gratificação de desempenho aos proventos, nos termos dos artigos 88 a 91 da Lei nº 13.324, de 29 de julho de 2016 e, em consequência, declarar vago o cargo.</p><p>Nº 32 - Conceder aposentadoria voluntária a servidora CRISTINA RISOVAS, matrícula nº 1.377.097, ocupante do cargo de Técnico do Seguro Social, código 434550, classe S, padrão II, do Quadro Permanente do Instituto Nacional do Seguro Social, tendo em vista o que consta do processo nº 35406.000089/2018-63, com fundamento no Artigo 2º, I, II, III, § 1º, inciso II da EC nº 41/2003 e, em consequência, declarar vago o cargo.</p><p>Nº 33 - Conceder aposentadoria voluntária à servidora EMILIA CATARINA TOFOLO DE SOUZA, matrícula nº 0.604.735, ocupante do cargo de Técnico do Seguro Social, código 434550, classe S, padrão IV, do Quadro Permanente do Instituto Nacional do Seguro Social, tendo em vista o que consta do processo nº 35406.000119/2018-31, com fundamento no Artigo 3º da EC nº 47/2005, com proventos integrais, e com opção pela incorporação da gratificação de desempenho aos proventos, nos termos dos artigos 88 a 91 da Lei nº 13.324, de 29 de julho de 2016 e, em consequência, declarar vago o cargo.</p><p>Nº 34 - Conceder aposentadoria voluntária à servidora ISABEL ZINGANO DO AMARAL, matrícula nº 0.757.005, ocupante do cargo de Agente de Programa Assistencial, código 434128, classe S, padrão IV, do Quadro Permanente do Instituto Nacional do Seguro Social, tendo em vista o que consta do processo nº 35406.000113/2018-64, com fundamento no Artigo 3º da EC nº 47/2005, com proventos integrais, e com opção pela incorporação da gratificação de desempenho aos proventos, nos termos dos artigos 88 a 91 da Lei nº 13.324, de 29 de julho de 2016 e, em consequência, declarar vago o cargo.</p><p>Nº 35 - Conceder aposentadoria voluntária ao servidor LUIZ CARLOS GOMES DE LIMA, matrícula nº 0.938.688, ocupante do cargo de Técnico do Seguro Social, código 434550, classe S, padrão IV, do Quadro Permanente do Instituto Nacional do Seguro Social, tendo em vista o que consta do processo nº 35406.000032/2018-64, com fundamento no Artigo 3º da EC nº 47/2005, com proventos integrais, e com opção pela incorporação da gratificação de desempenho aos proventos, nos termos dos artigos 88 a 91 da Lei nº 13.324, de 29 de julho de 2016 e, em consequência, declarar vago o cargo.</p><p>Nº 36 - Conceder aposentadoria voluntária à servidora REGIANY PICCHI BARUFALDI, matrícula nº 0.602.928, ocupante do cargo de Técnico do Seguro Social, código 434550, classe S, padrão IV, do Quadro Permanente do Instituto Nacional do Seguro Social, tendo em vista o que consta do processo nº 35406.000112/2018-10, com fundamento no Artigo 3º da EC nº 47/2005, com proventos integrais, e com opção pela incorporação da gratificação de desempenho aos proventos, nos termos dos artigos 88 a 91 da Lei nº 13.324, de 29 de julho de 2016 e, em consequência, declarar vago o cargo.</p><p class="assina">BRUNO FELIPE TEIXEIRA</p>]]></Texto>
  </body>
</article></xml>