﻿<xml><article id="3460115" name="PT130OUROPRETO" idOficio="4812322" pubName="DO2" artType="Portaria" pubDate="01/06/2018" artClass="00022:00029:00240:00018:00000:00000:00000:00000:00000:00000:00025:00002" artCategory="Ministério do Desenvolvimento Social/Instituto Nacional do Seguro Social/Superintendência Regional Sudeste II em Belo Horizonte/Gerência Executiva - B - Ouro Preto" artSize="8" artNotes="OK" numberPage="67" pdfPage="http://pesquisa.in.gov.br/imprensa/jsp/visualiza/index.jsp?data=01/06/2018&amp;jornal=529&amp;pagina=67" editionNumber="104" highlightType="" highlightPriority="" highlight="" idMateria="10794484">
  <body>
    <Identifica><![CDATA[ PORTARIA Nº 130, DE 29 DE MAIO DE 2018]]></Identifica>
    <Data><![CDATA[]]></Data>
    <Ementa />
    <Titulo />
    <SubTitulo />
    <Texto><![CDATA[<p></p><p class="identifica">PORTARIA Nº 130, DE 29 DE MAIO DE 2018</p><p>O GERENTE EXECUTIVO DO INSTITUTO NACIONAL DO SEGURO SOCIAL - INSS OURO PRETO, no uso das atribuições que lhe confere o Decreto nº 9.104, de 24 de julho de 2017, que aprova a Estrutura Regimental e o Quadro Demonstrativo dos Cargos em Comissão, das Funções Gratificadas e das Funções Comissionadas do INSS e tendo em vista o que consta do processo nº 35140.000951/2018-04, resolve:</p><p>Conceder Aposentadoria Voluntária a servidora ROSÁLIA ANTÔNIA OLIVEIRA , matrícula 0894367, ocupante do cargo de Agente de Serviços Diversos, Classe "S" , Padrão IV, do quadro de pessoal do Instituto Nacional do Seguro Social, com fundamento no artigo 3º da Emenda Constitucional nº47/2005, com proventos integrais correspondente ao citado padrão e demais vantagens previstas na legislação vigente. Por consequência declarar vago o referido cargo.</p><p class="assina">ANTÔNIO VIEIRA DE SOUZA NETO</p>]]></Texto>
  </body>
</article></xml>