﻿<xml><article id="3463614" name="Portaria nº 059.2018- IFCE campu" idOficio="4814038" pubName="DO2" artType="Portaria" pubDate="01/06/2018" artClass="00011:00060:00031:00020:00000:00000:00000:00000:00000:00000:00025:00001" artCategory="Ministério da Educação/Instituto Federal de Educação, Ciência e Tecnologia do Ceará/Campus Itapipoca/Gabinete" artSize="8" artNotes="" numberPage="26" pdfPage="http://pesquisa.in.gov.br/imprensa/jsp/visualiza/index.jsp?data=01/06/2018&amp;jornal=529&amp;pagina=26" editionNumber="104" highlightType="" highlightPriority="" highlight="" idMateria="10797896">
  <body>
    <Identifica><![CDATA[ PORTARIA Nº  59, DE 30 DE MAIO DE 2018]]></Identifica>
    <Data><![CDATA[]]></Data>
    <Ementa />
    <Titulo />
    <SubTitulo />
    <Texto><![CDATA[<p></p><p class="identifica">PORTARIA Nº 59, DE 30 DE MAIO DE 2018</p><p>O DIRETOR-GERAL DO CAMPUS DE ITAPIPOCA, DO INSTITUTO FEDERAL DE EDUCAÇÃO, CIÊNCIA E TECNOLOGIA DO CEARÁ, no uso de suas atribuições legais, conforme Portaria n° 252/GR/IFCE, de 20 de março de 2017, considerando o que consta nos autos do Processo nº 23264.010366.2018-29, resolve:</p><p>Art. 1º- Designar GERILSON FERREIRA CARLOS, Matricula SIAPE nº 2287615, Assistente em Administração, pertencente ao Quadro Permanente deste Instituto Federal, para exercer a função gratificada, como titular da Coordenadoria de Infraestrutura, Código FG-02.</p><p>Art. 2º- Estabelecer que a presente portaria entre em vigor na data de sua publicação no Diário Oficial da União.</p><p class="assina">Francisco Regis Abreu Gomes</p><p></p>]]></Texto>
  </body>
</article></xml>