﻿<xml><article id="3462082" name="PT31PASSOFUNDO" idOficio="4813808" pubName="DO2" artType="Portaria" pubDate="01/06/2018" artClass="00022:00029:00241:00018:00020:00000:00000:00000:00000:00000:00025:00003" artCategory="Ministério do Desenvolvimento Social/Instituto Nacional do Seguro Social/Superintendência Regional Sul em Florianópolis/Gerência Executiva - B - em Passo Fundo/Seção Operacional da Gestão de Pessoas" artSize="8" artNotes="OK" numberPage="68" pdfPage="http://pesquisa.in.gov.br/imprensa/jsp/visualiza/index.jsp?data=01/06/2018&amp;jornal=529&amp;pagina=68" editionNumber="104" highlightType="" highlightPriority="" highlight="" idMateria="10797595">
  <body>
    <Identifica><![CDATA[ PORTARIA nº 31, de 30 de maio de 2018]]></Identifica>
    <Data><![CDATA[]]></Data>
    <Ementa />
    <Titulo />
    <SubTitulo />
    <Texto><![CDATA[<p class="identifica">PORTARIA nº 31, de 30 de maio de 2018</p><p>O CHEFE SUBSTITUTO DA SEÇÃO OPERACIONAL DA GESTÃO DE PESSOAS DA GERÊNCIA EXECUTIVA DO INSTITUTO NACIONAL DO SEGURO SOCIAL EM PASSO FUNDO/RS, no uso das suas atribuições, que lhe foram conferidas pelo artigo 235 do Regimento Interno do INSS, aprovado pela Portaria MPS n.º 414 de 28/09/2017, publicada no DOU Edição Extra n.º 188-A, de 29/09/2017, resolve:</p><p>1. Conceder aposentadoria voluntária ao servidor ROBERTO JOSÉ HARTMANN, matrícula: 6925792, ocupante do cargo de Técnico do Seguro Social, NI - Classe "S", Padrão "IV", do quadro de pessoal do Instituto Nacional do Seguro Social, com fundamento no artigo 3º da Emenda Constitucional n.º 47, de 05 de julho 2005, observado o contido no processo n.º 35274.000147/2018-00, declarando, em consequência, o referido cargo vago.</p><p class="assina">MARCOS AURÉLIO STEIN DE CONTI</p>]]></Texto>
  </body>
</article></xml>