﻿<xml><article id="3459908" name="134-RICARDO UCHOA- EXO - NOM" idOficio="4810750" pubName="DO2" artType="Portaria" pubDate="01/06/2018" artClass="00038:00004:00000:00000:00000:00000:00000:00000:00000:00000:00025:00002" artCategory="Poder Judiciário/Superior Tribunal de Justiça/Presidência" artSize="8" artNotes="" numberPage="94" pdfPage="http://pesquisa.in.gov.br/imprensa/jsp/visualiza/index.jsp?data=01/06/2018&amp;jornal=529&amp;pagina=94" editionNumber="104" highlightType="" highlightPriority="" highlight="" idMateria="10792090">
  <body>
    <Identifica><![CDATA[ PORTARIA Nº 134, DE 25 DE MAIO DE 2018]]></Identifica>
    <Data><![CDATA[]]></Data>
    <Ementa />
    <Titulo />
    <SubTitulo />
    <Texto><![CDATA[<p class="identifica">PORTARIA Nº 134, DE 25 DE MAIO DE 2018</p><p>A PRESIDENTE DO SUPERIOR TRIBUNAL DE JUSTIÇA, no uso da atribuição conferida pelo art. 21, XXV, do Regimento Interno e considerando o disposto nos arts. 9°, II, e 35, I, da Lei n. 8.112, de 11 de dezembro de 1990, resolve:</p><p>Art. 1º Exonerar RICARDO CASTELLO UCHÔA, matrícula S047370, do cargo em comissão de Assessor de Ministro, código CJ-3, do Gabinete do Ministro Jorge Mussi.</p><p>Art 2º Nomear o servidor para o cargo em comissão de Assessor de Ministro, código CJ-3, do Gabinete do Ministro Moura Ribeiro, na vaga decorrente da exoneração de Patricia Tiraboschi Burin.</p><p>Art. 3º Esta portaria entra em vigor na data de sua publicação.</p><p class="assina">Ministra LAURITA VAZ</p>]]></Texto>
  </body>
</article></xml>