﻿<xml><article id="3460235" name="P_1561_DESIGNAR GABRIEL RIBEIRO " idOficio="4813684" pubName="DO2" artType="Portaria" pubDate="01/06/2018" artClass="00011:00058:00001:00000:00000:00000:00000:00000:00000:00000:00025:00013" artCategory="Ministério da Educação/Instituto Federal de Educação, Ciência e Tecnologia de Brasília/Reitoria/Chefia de Gabinete da Reitoria" artSize="8" artNotes="" numberPage="25" pdfPage="http://pesquisa.in.gov.br/imprensa/jsp/visualiza/index.jsp?data=01/06/2018&amp;jornal=529&amp;pagina=25" editionNumber="104" highlightType="" highlightPriority="" highlight="" idMateria="10797357">
  <body>
    <Identifica><![CDATA[ PORTARIA Nº 1.561, DE 29 DE MAIO DE 2018]]></Identifica>
    <Data><![CDATA[]]></Data>
    <Ementa />
    <Titulo />
    <SubTitulo />
    <Texto><![CDATA[<p></p><p class="identifica">PORTARIA Nº 1.561, DE 29 DE MAIO DE 2018</p><p>O REITOR DO INSTITUTO FEDERAL DE BRASÍLIA, nomeado pelo Decreto de 05 de maio de 2015, publicado no Diário Oficial da União em 06 de maio de 2015, no uso de suas atribuições legais e regimentais, resolve:</p><p>Art. 1º DESIGNAR o servidor GABRIEL RIBEIRO PINTO, matrícula SIAPE Nº 1801166, ocupante do cargo efetivo de Assistente em Administração, lotado no Campus Ceilândia, do Instituto Federal de Brasília, para exercer o encargo de substituto da Diretoria de Administração e Planejamento, código CD-04, do Campus Ceilândia, do Instituto Federal de Brasília, cargo ocupado pelo servidor GILBERTO MORAIS FARIA ALVES , matrícula SIAPE Nº 2999670, no período de 14/06/2018 a 14/07/2018, por motivo de licença capacitação do titular.</p><p>Art. 2º Esta Portaria entra em vigor na data de sua publicação.</p><p class="assina">WILSON CONCIANI</p>]]></Texto>
  </body>
</article></xml>