﻿<xml><article id="3465728" name="AFAST_Rogério Cunha de Andrade_A" idOficio="4814379" pubName="DO2" artType="Despacho" pubDate="01/06/2018" artClass="00026:00030:00000:00000:00000:00000:00000:00000:00000:00000:00019:00005" artCategory="Ministério do Planejamento, Desenvolvimento e Gestão/Fundação Instituto Brasileiro de Geografia e Estatística" artSize="8" artNotes="" numberPage="73" pdfPage="http://pesquisa.in.gov.br/imprensa/jsp/visualiza/index.jsp?data=01/06/2018&amp;jornal=529&amp;pagina=73" editionNumber="104" highlightType="" highlightPriority="" highlight="" idMateria="10798379">
  <body>
    <Identifica><![CDATA[ DESPACHO DE  29 DE MAIO DE 2018]]></Identifica>
    <Data><![CDATA[]]></Data>
    <Ementa />
    <Titulo />
    <SubTitulo />
    <Texto><![CDATA[<p class="identifica">DESPACHO DE 29 DE MAIO DE 2018</p><p>O Presidente da Fundação Instituto Brasileiro de Geografia e Estatística - IBGE, no uso da competência que lhe foi subdelegada pela Portaria MP nº 309 de 26 de agosto de 2011, tendo em vista o disposto no inciso IV do art. 1º do Decreto nº 1.387, de 7 de fevereiro de 1995, e considerando a necessidade da participação no evento, autoriza o afastamento do País de:</p><p>ROGERIO CUNHA DE ANDRADE, Analista de Planejamento, Gestão e Infraestrutura em Informações Geográficas e Estatísticas da Fundação Instituto Brasileiro de Geografia e Estatística - IBGE, entidade vinculada ao Ministério do Planejamento, Desenvolvimento e Gestão, para participar da Primeira Reunião Presencial do Grupo de Coordenação Estatística para a Agenda 2030 na América Latina e Caribe, promovida pela CEPAL, que será realizada em Buenos Aires, Argentina, no período de 10/06/2018 a 13/06/2018, incluindo o trânsito, com ônus limitado para o IBGE. (Processo nº 0000003.00000234/2018-80).</p><p class="assina">ROBERTO LUIS OLINTO RAMOS</p><p></p>]]></Texto>
  </body>
</article></xml>