﻿<xml><article id="3460679" name="PT43GARANHUNS" idOficio="4813740" pubName="DO2" artType="Portaria" pubDate="01/06/2018" artClass="00022:00029:00237:00018:00292:00000:00000:00000:00000:00000:00025:00007" artCategory="Ministério do Desenvolvimento Social/Instituto Nacional do Seguro Social/Superintendência Regional Nordeste em Recife/Gerência Executiva - B - em Garanhuns/Seção Operacional  de Gestão de Pessoas" artSize="8" artNotes="OK" numberPage="62" pdfPage="http://pesquisa.in.gov.br/imprensa/jsp/visualiza/index.jsp?data=01/06/2018&amp;jornal=529&amp;pagina=62" editionNumber="104" highlightType="" highlightPriority="" highlight="" idMateria="10797496">
  <body>
    <Identifica><![CDATA[ PORTARIA Nº 43, DE 29 DE MAIO DE 2018]]></Identifica>
    <Data><![CDATA[]]></Data>
    <Ementa />
    <Titulo />
    <SubTitulo />
    <Texto><![CDATA[<p class="identifica">PORTARIA Nº 43, DE 29 DE MAIO DE 2018</p><p>A CHEFE DA SEÇÃO OPERACIONAL DE GESTÃO DE PESSOAS DA GERÊNCIA EXECUTIVA DO INSS EM GARANHUNS/PE, no uso das atribuições conferidas pelo art. 235 do Regimento Interno do INSS, aprovado pela Portaria MDS nº 414, de 28 de setembro de 2017, que aprova o Regimento Interno do INSS, resolve:</p><p>Conceder aposentadoria voluntária integral a servidora MARIA SOLANGE SANTOS MONTEIRO, SIAPE nº 0902766, ocupante do cargo de Técnico do Seguro Social, Classe "S", Padrão "IV", do quadro de pessoal do INSS, com fundamento no art. 3º da Emenda Constitucional nº 47, de 5 de julho de 2005, combinado com os arts. 88 a 92 da Lei nº 13.324, de 29 de julho de 2016, observado o contido no Processo nº 37345.000260/2018-21, declarando, em consequência, o referido cargo vago.</p><p class="assina">EVA LORENA ALVES FERREIRA</p>]]></Texto>
  </body>
</article></xml>