﻿<xml><article id="3465298" name="DouRTFDelegacao30052018" idOficio="4814255" pubName="DO2" artType="Portaria" pubDate="01/06/2018" artClass="00011:00130:00017:00000:00000:00000:00000:00000:00000:00000:00025:00001" artCategory="Ministério da Educação/Universidade Federal do Rio de Janeiro/Reitoria/Pró-Reitoria de Pessoal" artSize="8" artNotes="" numberPage="40" pdfPage="http://pesquisa.in.gov.br/imprensa/jsp/visualiza/index.jsp?data=01/06/2018&amp;jornal=529&amp;pagina=40" editionNumber="104" highlightType="" highlightPriority="" highlight="" idMateria="10798220">
  <body>
    <Identifica><![CDATA[ PORTARIAS DE 30 de Maio de 2018]]></Identifica>
    <Data><![CDATA[]]></Data>
    <Ementa />
    <Titulo />
    <SubTitulo />
    <Texto><![CDATA[<p class="identifica">PORTARIAS DE 30 de Maio de 2018</p><p>O Pró-Reitor de Pessoal - PR-4, no uso de suas atribuições delegadas pelo Reitor da Universidade Federal do Rio de Janeiro, através da Portaria nº 944 de 09 de Fevereiro de 2017, publicada no Diário Oficial da União nº 30 de 10/02/2017, resolve:</p><p>Nº 4.948 , Designar CLAUDIA CARVALHO LEME NOBREGA, Matrícula Siape nº 1227827, Professor do Magistério Superior, para exercer a Função Gratificada de Coord de Grad do Curso de Arquitetura e Urbanismo, do(a) Faculdade de Arquitetura e Urbanismo, FUC-1, processonº 23079.000463/18-09.</p><p>Nº 4.949 , Dispensar, MARIA DAS GRACAS CHAGAS DE ARRUDA NASCIMENTO, Matrícula Siape nº 1569077, Professor do Magistério Superior, da Função Gratificada de Chefe do Departamento de Didática FE, do(a) Faculdade de Educação, FG-1, processo nº 23079.027058/18-20.</p><p>Nº 4.950 , Designar THIAGO RANNIERY MOREIRA DE OLIVEIRA, Matrícula Siape nº 1894207, Professor do Magistério Superior, para exercer a Função Gratificada de Chefe do Departamento de Didática FE, do(a) Faculdade de Educação, FG-1, processo nº 23079.027058/18-20.</p><p>Nº 4.953 , Dispensar, ERIKA ALCANTARA PINTO, Matrícula Siape nº 1757013, Assistente em Administração, da Função Gratificada de Chefe da Seção de Pessoal /FE, do(a) Faculdade de Educação, FG-5, processo nº 23079.000462/18-56.</p><p>Nº 4.954 , Designar GABRIEL CID DE GARCIA, Matrícula Siape nº 1528854, Produtor Cultural, para exercer a Função Gratificada de Chefe da Seção de Cultura, do(a) Faculdade de Educação, FG-5, processo nº 23079.000462/18-56.</p><p class="assina">AGNALDO FERNANDES SILVA</p>]]></Texto>
  </body>
</article></xml>