﻿<xml><article id="3465422" name="PT188NOVOHAMBURGO" idOficio="4814306" pubName="DO2" artType="Portaria" pubDate="01/06/2018" artClass="00022:00029:00241:00017:00024:00000:00000:00000:00000:00000:00025:00001" artCategory="Ministério do Desenvolvimento Social/Instituto Nacional do Seguro Social/Superintendência Regional Sul em Florianópolis/Gerência Executiva - B - em Novo Hamburgo/Seção Operacional da Gestão de Pessoas" artSize="8" artNotes="OK" numberPage="67" pdfPage="http://pesquisa.in.gov.br/imprensa/jsp/visualiza/index.jsp?data=01/06/2018&amp;jornal=529&amp;pagina=67" editionNumber="104" highlightType="" highlightPriority="" highlight="" idMateria="10798266">
  <body>
    <Identifica><![CDATA[ PORTARIA nº 188, de 30 de maio de 2018]]></Identifica>
    <Data><![CDATA[]]></Data>
    <Ementa />
    <Titulo />
    <SubTitulo />
    <Texto><![CDATA[<p></p><p class="identifica">PORTARIA nº 188, de 30 de maio de 2018</p><p>A CHEFE DA SEÇÃO OPERACIONAL DE GESTÃO DE PESSOAS, no uso das atribuições que me foram conferidas pela Portaria INSS/DCPRESS n.º 2379 - DOU de 17/06/2004 e conforme processo administrativo n.º 35270.000246/2018-13, resolve:</p><p>Conceder aposentadoria voluntária integral à servidora CYNARA BALBINOTT ARENHART, matrícula SIAPE 0926794, ocupante do cargo de técnico do seguro social, classe S, padrão IV, do quadro de pessoal do Instituto Nacional do Seguro Social, com fundamento no artigo 3º da Emenda Constitucional n.º 47/05, proventos integrais, acrescido das vantagens a que faz jus. Declarar o cargo vago.</p><p class="assina">Fabiana Mantovani Hoffmeister</p>]]></Texto>
  </body>
</article></xml>