﻿<xml><article id="3464986" name="Portaria 1.623" idOficio="4814234" pubName="DO2" artType="Portaria" pubDate="01/06/2018" artClass="00011:00026:00000:00000:00000:00000:00000:00000:00000:00000:00025:00001" artCategory="Ministério da Educação/Fundação Universidade Federal do Acre" artSize="8" artNotes="" numberPage="19" pdfPage="http://pesquisa.in.gov.br/imprensa/jsp/visualiza/index.jsp?data=01/06/2018&amp;jornal=529&amp;pagina=19" editionNumber="104" highlightType="" highlightPriority="" highlight="" idMateria="10798145">
  <body>
    <Identifica><![CDATA[ PORTARIA Nº 1.623, DE 29 DE MAIO DE 2018]]></Identifica>
    <Data><![CDATA[]]></Data>
    <Ementa />
    <Titulo />
    <SubTitulo />
    <Texto><![CDATA[<p></p><p class="identifica">PORTARIA Nº 1.623, DE 29 DE MAIO DE 2018</p><p>O REITOR EM EXERCÍCIO DA UNIVERSIDADE FEDERAL DO ACRE, no uso de suas atribuições legais, regimentais e estatutárias; de acordo com o Processo Seletivo Simplificado para Professor Substituto, Edital Prograd nº 02/2018, homologado no D.O.U. nº 69, de 11 de abril de 2018; e considerando o que consta no processo 23107.008617/2018-18, resolve:</p><p>CONTRATAR, em caráter temporário, FERNANDO SILVA DE BRITO, na categoria de Professor Substituto do Magistério Superior, Classe A, Denominação Auxiliar, Nível 1, área de Engenharia Civil - Estruturas, para prestar serviço junto ao Centro de Ciências Exatas e Tecnológicas - CCET, em regime de 40 (quarenta) horas semanais, pelo período de 06 (seis) meses, a contar de 29 de maio de 2018 a 28 de novembro de 2018, com fulcro no art. 37, inciso IX, da Constituição Federal e em conformidade com o art. 2.º, inciso X, da Lei nº 8.745, de 09 de dezembro de 1993, alterada pela de nº 9.849, de 26 de outubro de 1999 e pela de nº 12.425, de 11 de junho de 2011, por meio do Termo de Contrato nº 48/2018.</p><p class="assina">Enock da Silva Pessoa</p><p></p>]]></Texto>
  </body>
</article></xml>