﻿<xml><article id="3487564" name="034 - Ivane da Silva Conceição" idOficio="4814098" pubName="DO2" artType="Portaria" pubDate="04/06/2018" artClass="00010:00008:00007:00008:00000:00000:00000:00000:00000:00000:00025:00002" artCategory="Ministério da Defesa/Comando do Exército/Comando Militar do Leste/1ª Região Militar" artSize="8" artNotes="" numberPage="7" pdfPage="http://pesquisa.in.gov.br/imprensa/jsp/visualiza/index.jsp?data=04/06/2018&amp;jornal=529&amp;pagina=7" editionNumber="105" highlightType="" highlightPriority="" highlight="" idMateria="10797825">
  <body>
    <Identifica><![CDATA[ PORTARIA Nº 34 - SAP/1, de  22 de maio de 2018]]></Identifica>
    <Data><![CDATA[]]></Data>
    <Ementa />
    <Titulo />
    <SubTitulo />
    <Texto><![CDATA[<p class="identifica">PORTARIA Nº 34 - SAP/1, de 22 de maio de 2018</p><p>O COMANDANTE DA 1ª REGIÃO MILITAR, no uso da competência que lhe foi subdelegada pelo inciso IX, artigo 2º da Portaria nº 192-DGP, de 1º de outubro de 2015, publicada no Boletim do Exército nº 41, de 9 de outubro de 2015, resolve:</p><p>CONCEDER PENSÃO vitalícia à IVANE DA SILVA CONCEIÇÃO, CPF nº 834.227.577-91, companheira do ex-servidor JORGE FELIX CAETANO, enquadrado na Carreira do Plano Geral dos Cargos do Poder Executivo, matrícula n° 73968, falecido em 30 de março de 2018, tendo como referência atual o cargo de Artífice de Munição e Pirotecnia, com o percentual de 100% (cem por cento), de acordo com o inciso III, do artigo 217, combinado com o item 6, alínea "b", inciso VII, do artigo 222, ambos da Lei 8112/90, de 11 de dezembro de 1990, em conformidade com a nova redação dada pela Lei nº 13.135/15, de 17 de junho de 2015, com vigência da pensão a contar da data do óbito do ex-servidor (1ª RM - SAP/1-Rio).</p><p class="assina">Gen Div FERNANDO JOSÉ SANT' ANA SOARES E SILVA</p>]]></Texto>
  </body>
</article></xml>