﻿<xml><article id="3466101" name="Afastamento do país - 29.05.2018" idOficio="4814434" pubName="DO2" artType="Despacho" pubDate="01/06/2018" artClass="00013:00002:00000:00000:00000:00000:00000:00000:00000:00000:00019:00005" artCategory="Ministério da Indústria, Comércio Exterior e Serviços/Secretaria Executiva" artSize="8" artNotes="" numberPage="49" pdfPage="http://pesquisa.in.gov.br/imprensa/jsp/visualiza/index.jsp?data=01/06/2018&amp;jornal=529&amp;pagina=49" editionNumber="104" highlightType="" highlightPriority="" highlight="" idMateria="10798478">
  <body>
    <Identifica><![CDATA[ DESPACHOS DE  29 de maio de 2018]]></Identifica>
    <Data><![CDATA[]]></Data>
    <Ementa />
    <Titulo />
    <SubTitulo />
    <Texto><![CDATA[<p class="identifica">DESPACHOS DE 29 de maio de 2018</p><p>A SECRETÁRIA-EXECUTIVA DO MINISTÉRIO DA INDÚSTRIA, COMÉRCIO EXTERIOR E SERVIÇOS, na forma do disposto no art. 2º do Decreto nº 1.387, de 07 de fevereiro de 1995, no Decreto nº 91.800, de 18 de outubro de 1985, e tendo em vista o Decreto nº 7.689, de 02 de março de 2012, e no uso das atribuições que lhe foram delegadas pela Portaria nº 2.259/GM-MDIC, de 17 de novembro de 2017, AUTORIZA:</p><p>CARLOS BIAVASCHI DEGRAZIA, Analista de Comércio Exterior/SECEX, para participar das Reuniões de Negociação do Acordo de Associação Birregional entre Mercosul e União Europeia, em Montevidéu, Uruguai, no período de 02 a 08/06/2018, inclusive trânsito, com ônus.</p><p>PAULO FRANK CLEAVER GUERRERO, Analista de Comércio Exterior/SECEX, para participar de rodada de negociações para o Acordo Comercial entre o Mercosul e a União Europeia, em Montevidéu, Uruguai, no período de 02 a 07/06/2018, inclusive trânsito, com ônus.</p><p>CARLOS HALFELD LIMP JÚNIOR, Assistente/SDCI, para participar de Negociações Birregionais Mercosul - União Europeia, em Montevidéu, Uruguai, no período de 03 a 09/06/2018, inclusive trânsito, com ônus.</p><p>DANIEL FRANÇA DE OLIVEIRA, Pesquisador em Propriedade Industrial/INPI, para participar da Reunião Mercosul-União Europeia (UE) sobre as Negociações Birregionais, em Montevidéu, Uruguai, no período de 03 a 09/06/2018, inclusive trânsito, com ônus.</p><p>UIRÁ RODRIGUES DA SILVEIRA MONTANI, Pesquisador em Propriedade Industrial/INPI, para participar do "CPC Field-Specific Training", em Haia, Holanda, no período de 03 a 08/06/2018, inclusive trânsito, com ônus.</p><p>GUILHERME DE ROSE SANTOS, Chefe de Divisão/SECEX, para participar da CLVIII Reunião Ordinária da Comissão de Comércio do Mercosul - CCM, em Montevidéu, Uruguai, no período de 04 a 07/06/2018, inclusive trânsito, com ônus.</p><p>MARIA CRISTINA DE ALMEIDA COSTA MILANI, Chefe de Divisão/SDCI, para participar como Coordenadora Alterna Nacional do Subgrupo de Trabalho Nº 14 "Integração Produtiva" do Mercosul, da Etapa Final do Projeto ORPIP de Integração Produtiva, a ser realizado no Centro de Formação para a Integração Regional - CEFIR, em Montevidéu, Uruguai, no período de 10 a 13/06/2018, inclusive trânsito, com ônus.</p><p>IVAN JOSÉ GONZALO ZAMBRANO, Coordenador-Geral de Comércio Exterior/SUFRAMA, para participar da reunião do Grupo Mercado Comum - GMC, em Assunção, Paraguai, no período de 14 a 17/06/2018, inclusive trânsito, com ônus.</p><p>IGOR NOGUEIRA CALVET, Secretário de Desenvolvimento e Competitividade Industrial, para participar da audiência de apelação em decorrência dos painéis DS 472 e DS 497, criados no âmbito da OMC por iniciativa da União Europeia e Japão e participar do Fórum Global da Reunião Ministerial sobre Excesso de Capacidade em Aço, em Genebra, Suíça e Paris, França, no período de 17 a 22/06/2018, inclusive trânsito, com ônus.</p><p>A SECRETÁRIA-EXECUTIVA DO MINISTÉRIO DA INDÚSTRIA, COMÉRCIO EXTERIOR E SERVIÇOS, na forma do disposto no art. 2º do Decreto nº 1.387, de 07 de fevereiro de 1995, no Decreto nº 91.800, de 18 de outubro de 1985, e tendo em vista o Decreto nº 7.689, de 02 de março de 2012, no uso das atribuições que lhe foram delegadas pela Portaria nº 2.259/GM-MDIC, de 17 de novembro de 2017, AUTORIZA a alteração de afastamento do país de:</p><p>ALEXANDRE SAMPAIO DE ARROCHELA LOBO, cuja publicação no D.O.U. deu-se em 28 de maio de 2018, Seção 2, página nº 28. Onde se lê "...no período de 03 a 09/06/2018, inclusive trânsito, com ônus..." leia-se "...no período de 02 a 09/06/2018, inclusive trânsito, com ônus...".</p><p>GEOVANA BARBOSA RODRIGUES, cuja publicação no D.O.U. deu-se em 28 de maio de 2018, Seção 2, página nº 28. Onde se lê "...no período de 03 a 08/06/2018, inclusive trânsito, com ônus..." leia-se "...no período de 02 a 08/06/2018, inclusive trânsito, com ônus...".</p><p>A SECRETÁRIA-EXECUTIVA DO MINISTÉRIO DA INDÚSTRIA, COMÉRCIO EXTERIOR E SERVIÇOS, na forma do disposto no art. 2º do Decreto nº 1.387, de 07 de fevereiro de 1995, no Decreto nº 91.800, de 18 de outubro de 1985, no uso das atribuições que lhe foram delegadas pela Portaria nº 2.259/GM-MDIC, de 17 de novembro de 2017, AUTORIZA o cancelamento de afastamento do país de:</p><p>MARGARETE MARIA GANDINI, cuja publicação no D.O.U. deu-se em 24 de maio de 2018, Seção 2, páginas nºs 36 e 37.</p><p class="assina">YANA DUMARESQ SOBRAL ALVES</p>]]></Texto>
  </body>
</article></xml>