﻿<xml><article id="3463557" name="ATO_6176788" idOficio="4813992" pubName="DO2" artType="Ato" pubDate="01/06/2018" artClass="00038:00007:00001:00000:00000:00000:00000:00000:00000:00000:00001:00013" artCategory="Poder Judiciário/Tribunal Regional Federal da 1ª Região/Presidência" artSize="8" artNotes="" numberPage="96" pdfPage="http://pesquisa.in.gov.br/imprensa/jsp/visualiza/index.jsp?data=01/06/2018&amp;jornal=529&amp;pagina=96" editionNumber="104" highlightType="" highlightPriority="" highlight="" idMateria="10797889">
  <body>
    <Identifica><![CDATA[ ATO Nº 6.176.788, DE 30 DE MAIO DE 2018]]></Identifica>
    <Data><![CDATA[]]></Data>
    <Ementa />
    <Titulo />
    <SubTitulo />
    <Texto><![CDATA[<p class="identifica">ATO Nº 6.176.788, DE 30 DE MAIO DE 2018</p><p>O PRESIDENTE DO TRIBUNAL REGIONAL FEDERAL DA 1ª REGIÃO, no uso de suas atribuições legais e regimentais e tendo em vista o constante nos autos do PAe 0000671-81.2018.4.01.8001, resolve:</p><p>NOMEAR o servidor GEORGE KENNETH BARROSO DE CARVALHO, Técnico Judiciário, Área Administrativa, do Quadro de Pessoal da Justiça Federal de Primeiro Grau, Sede da Seção Judiciária do Estado do Acre, para exercer o Cargo em Comissão, Código CJ-3, de Diretor de Secretaria da 4ª Vara Federal daquela Seccional, em decorrência da exoneração de Sebastião Farias da Silva.</p><p class="assina">Des. Fed. CARLOS MOREIRA ALVES</p>]]></Texto>
  </body>
</article></xml>