﻿<xml><article id="3463020" name="Ten Cel MARIA ANGELA COELHO GONÇ" idOficio="4813923" pubName="DO2" artType="Portaria" pubDate="01/06/2018" artClass="00010:00006:00005:00046:00000:00000:00000:00000:00000:00000:00025:00001" artCategory="Ministério da Defesa/Comando da Aeronáutica/Comando-Geral do Pessoal/Diretoria de Administração do Pessoal" artSize="8" artNotes="" numberPage="10" pdfPage="http://pesquisa.in.gov.br/imprensa/jsp/visualiza/index.jsp?data=01/06/2018&amp;jornal=529&amp;pagina=10" editionNumber="104" highlightType="" highlightPriority="" highlight="" idMateria="10797685">
  <body>
    <Identifica><![CDATA[ PORTARIA DIRAP Nº 3.053,/3HI3, DE 25 DE MAIO DE 2018 ]]></Identifica>
    <Data><![CDATA[]]></Data>
    <Ementa />
    <Titulo />
    <SubTitulo />
    <Texto><![CDATA[<p class="identifica">PORTARIA DIRAP Nº 3.053,/3HI3, DE 25 DE MAIO DE 2018</p><p>O DIRETOR DE ADMINISTRAÇÃO DO PESSOAL, no uso da subdelegação de competência estabelecida no art. 4º, inciso III, da Portaria COMGEP nº 1.395 /DLE, de 8 de julho de 2016, e considerando o processo nº 67422.016598/2017-15, resolve:</p><p>Reformar a Ten Cel QFO ENF R/1 MARIA ANGELA COELHO GONÇALVES (Nr Ord 2689065), a contar de 8 de abril de 2015, de acordo com o art. 104, inciso II, art. 106, inciso II, art. 108, inciso V, da Lei nº 6.880, de 09 de dezembro de 1980, alterada pela Lei nº 12.670, de 19 de junho de 2012, por ter sido julgada incapaz definitivamente para o serviço militar, não estando impossibilitada total e permanentemente para qualquer trabalho, conforme parecer da Junta Superior de Saúde do Comando da Aeronáutica, Sessão 0018, realizada em 16 de abril de 2018, observando o disposto no art. 6º, inciso XIV, da Lei nº 7.713, de 22 de</p><p>dezembro de 1988, alterada pela Lei nº 11.052, de 29 de dezembro de 2004.</p><p class="assina">Maj Brig Ar MAURO MARTINS MACHADO</p><p></p>]]></Texto>
  </body>
</article></xml>