﻿<xml><article id="3465488" name="2ª Alteração Junho 6ª turma" idOficio="4814288" pubName="DO2" artType="Portaria" pubDate="01/06/2018" artClass="00034:00008:00001:00006:00000:00000:00000:00000:00000:00000:00025:00001" artCategory="Ministério Público da União/Ministério Público do Trabalho/Procuradoria-Geral/Departamento de Documentação Jurídica" artSize="8" artNotes="" numberPage="91" pdfPage="http://pesquisa.in.gov.br/imprensa/jsp/visualiza/index.jsp?data=01/06/2018&amp;jornal=529&amp;pagina=91" editionNumber="104" highlightType="" highlightPriority="" highlight="" idMateria="10798205">
  <body>
    <Identifica><![CDATA[ PORTARIA Nº 947, DE 30 de maio de 2018]]></Identifica>
    <Data><![CDATA[]]></Data>
    <Ementa />
    <Titulo />
    <SubTitulo />
    <Texto><![CDATA[<p class="identifica">PORTARIA Nº 947, DE 30 de maio de 2018</p><p>O COORDENADOR DA COORDENADORIA DE ÓRGÃO INTERVENIENTE, no uso das atribuições que lhe foram conferidas pela Portaria n° 484, 04 de abril de 2017, resolve:</p><p>Designar a Subprocuradora-Geral do Trabalho Edelamare Barbosa Melo, para funcionar na 6ª turma do C. TST, na primeira quinzena de junho de 2018, em substituição ao Subprocurador-Geral do Trabalho Luiz da Silva Flores.</p><p></p><p class="assina">LUIZ DA SILVA FLORES</p>]]></Texto>
  </body>
</article></xml>