﻿<xml><article id="3459692" name="Portaria DG 54-2018 Aposentadori" idOficio="4812025" pubName="DO2" artType="Portaria" pubDate="01/06/2018" artClass="00038:00032:00004:00000:00000:00000:00000:00000:00000:00000:00025:00001" artCategory="Poder Judiciário/Tribunal Regional Eleitoral do Rio de Janeiro/Diretoria-Geral" artSize="8" artNotes="" numberPage="98" pdfPage="http://pesquisa.in.gov.br/imprensa/jsp/visualiza/index.jsp?data=01/06/2018&amp;jornal=529&amp;pagina=98" editionNumber="104" highlightType="" highlightPriority="" highlight="" idMateria="10793998">
  <body>
    <Identifica><![CDATA[ PORTARIA Nº 54, DE 25 DE MAIO DE 2018]]></Identifica>
    <Data><![CDATA[]]></Data>
    <Ementa />
    <Titulo />
    <SubTitulo />
    <Texto><![CDATA[<p class="identifica">PORTARIA Nº 54, DE 25 DE MAIO DE 2018</p><p>A DIRETORA-GERAL DO TRIBUNAL REGIONAL ELEITORAL DO RIO DE JANEIRO, no uso da competência que lhe foi delegada através do Ato GP nº 592/2017, bem como o que consta do Protocolo nº 18.732/2018, resolve:</p><p>Art. 1º Conceder APOSENTADORIA VOLUNTÁRIA INTEGRAL à servidora SONIA MARIA VIEIRA DE OLIVEIRA, Técnico Judiciário, Área Administrativa, cargo criado por leis anteriores, NI, Classe "C", Padrão 13, matrícula nº 09606026, do Quadro de Pessoal deste Tribunal, com os proventos mensais a que faz jus, nos termos do artigo 3º da Emenda Constitucional nº 47/2005.</p><p>Art. 2º Esta Portaria entrará em vigor na data de sua publicação.</p><p class="assina">ADRIANA FREITAS BRANDÃO CORREIA</p>]]></Texto>
  </body>
</article></xml>