﻿<xml><article id="3487651" name="356.2018 - APOSENTADORIA VOLUNTÁ" idOficio="4814338" pubName="DO2" artType="Portaria" pubDate="04/06/2018" artClass="00017:00026:00013:00000:00000:00000:00000:00000:00000:00000:00025:00001" artCategory="Ministério da Saúde/Secretaria de Atenção à Saúde/Instituto Nacional de Traumatologia e Ortopedia Jamil Haddad" artSize="8" artNotes="" numberPage="30" pdfPage="http://pesquisa.in.gov.br/imprensa/jsp/visualiza/index.jsp?data=04/06/2018&amp;jornal=529&amp;pagina=30" editionNumber="105" highlightType="" highlightPriority="" highlight="" idMateria="10798311">
  <body>
    <Identifica><![CDATA[ PORTARIA Nº  356, DE  8 DE MAIO DE 2018]]></Identifica>
    <Data><![CDATA[]]></Data>
    <Ementa />
    <Titulo />
    <SubTitulo />
    <Texto><![CDATA[<p class="identifica">PORTARIA Nº 356, DE 8 DE MAIO DE 2018</p><p>O Diretor do Instituto Nacional de Traumatologia e Ortopedia Jamil Haddad, no uso das atribuições que lhe conferem a Portaria nº. 717/GM/MS, de 22 de Março de 2018, publicada no Diário Oficial da União - DOU nº. 57, de 23 de Março de 2018 e Portaria/CGRH/MS nº. 1041, de 30 de outubro de 2009, publicada no Diário Oficial da União - DOU nº. 209, de 03 de novembro de 2009, resolve:</p><p>I - Conceder aposentadoria voluntária com proventos integrais a servidora SILVANA ABRANTES VIVACQUA, matrícula SIAPE nº 065.029-6, ocupante do cargo de Enfermeira, código NS 309044, Classe S, Padrão III, do Quadro de Pessoal do Ministério da Saúde, com fundamento no artigo 3º da Emenda Constitucional nº 47/2005 e as demais vantagens a que fizer jus.</p><p>II - Declarar vago o cargo referido no item I.</p><p class="assina">ANDRÉ LUIZ LOYELO BARCELLOS</p><p></p>]]></Texto>
  </body>
</article></xml>