﻿<xml><article id="3490483" name="Portaria nº 16" idOficio="4812696" pubName="DO2" artType="Portaria" pubDate="04/06/2018" artClass="00039:00226:00000:00000:00000:00000:00000:00000:00000:00000:00025:00013" artCategory="Entidades de Fiscalização do Exercício das Profissões Liberais/CONSELHO REGIONAL DE ENFERMAGEM DO MARANHÃO" artSize="8" artNotes="" numberPage="57" pdfPage="http://pesquisa.in.gov.br/imprensa/jsp/visualiza/index.jsp?data=04/06/2018&amp;jornal=529&amp;pagina=57" editionNumber="105" highlightType="" highlightPriority="" highlight="" idMateria="10795019">
  <body>
    <Identifica><![CDATA[                 PORTARIA Nº 16, DE 8 DE JANEIRO DE 2018]]></Identifica>
    <Data><![CDATA[]]></Data>
    <Ementa />
    <Titulo />
    <SubTitulo />
    <Texto><![CDATA[<p class="identifica">PORTARIA Nº 16, DE 8 DE JANEIRO DE 2018</p><p>O Presidente do Conselho Regional de Enfermagem do Maranhão - COREN/MA, no uso de suas atribuições legais e regimentais, decide:</p><p>Art. 1º - Fica decretado, que a partir desta data todos os servidores e colaboradores desta Autarquia deverão utilizar o tratamento respeitoso, utilizando-se do termo "Doutor" para reportar-se a todo e qualquer profissional de enfermagem que ingressar nas dependências do COREN-MA.</p><p>Art. 2º - Esta Portaria entra em vigor imediatamente, com execução por todos os setores do Conselho Regional de Enfermagem do Maranhão.</p><p>Art. 3º - Dê ciência e cumpra-se.</p><p class="assina">Patrick Jonatha Costa Gomes</p><p></p>]]></Texto>
  </body>
</article></xml>