﻿<xml><article id="3465590" name="ATO PORTARIA Nº 8485 ZULMIRO LUI" idOficio="4814320" pubName="DO2" artType="Portaria" pubDate="01/06/2018" artClass="00032:00011:00015:00000:00000:00000:00000:00000:00000:00000:00025:00002" artCategory="Ministério Extraordinário da Segurança Pública/Departamento de Polícia Federal/Diretoria de Gestão de Pessoal/Coordenação de Recursos Humanos/Divisão de Administração de Recursos Humanos/Serviço de Aposentadorias e Pensões" artSize="8" artNotes="" numberPage="81" pdfPage="http://pesquisa.in.gov.br/imprensa/jsp/visualiza/index.jsp?data=01/06/2018&amp;jornal=529&amp;pagina=81" editionNumber="104" highlightType="" highlightPriority="" highlight="" idMateria="10798225">
  <body>
    <Identifica><![CDATA[ PORTARIA Nº 8.485, DE 28 DE MAIO DE 2018]]></Identifica>
    <Data><![CDATA[]]></Data>
    <Ementa />
    <Titulo />
    <SubTitulo />
    <Texto><![CDATA[<p class="identifica">PORTARIA Nº 8.485, DE 28 DE MAIO DE 2018</p><p>O DIRETOR DE GESTÃO DE PESSOAL DA POLÍCIA FEDERAL, no uso das atribuições que lhe são conferidas pelos incisos XIV e XIX do art. 42 do Regimento Interno da Polícia Federal, aprovado pela Portaria MJ nº 1.252, de 29/12/2017, publicada no Diário Oficial da União nº 1, de 2/1/2018, Seção I, pp. 65/70, e tendo em vista o que consta do Processo nº 08350.008639/2018-11, resolve:</p><p>Conceder pensão vitalícia por morte a PABLINA OJEDA MOREL DA MOTA, nascida em 20/06/1962 (56 anos de idade), na condição de pessoa separada, com percepção de pensão alimentícia estabelecida judicialmente, do ex-servidor ZULMIRO LUIZ SANTOS DA MOTA, aposentado no cargo de Escrivão de Polícia Federal, Classe Especial, Matrícula SIAPE nº 183307, a partir de 01 de maio e 2018 (data do óbito), nos termos do artigo 217, II, e 222, VII, "b", item 6, da Lei nº 8.112/1990, com a redação da dada pela Lei nº 13.135/2015, combinados com o art. 40, § 7º, I, da CF/88, com a redação dada pela EC nº 41/2003, e com o art. 2º, I, da Lei nº 10.887/2004 e critério de reajuste previsto no parágrafo único do art. 6º-A, da Emenda Constitucional nº 41/2003 (paridade), acrescentado pelo art. 1º da Emenda Constitucional nº 70/2012.</p><p class="assina">DELANO CERQUEIRA BUNN</p>]]></Texto>
  </body>
</article></xml>