﻿<xml><article id="3466149" name="PORTARIA GPR 1074" idOficio="4814387" pubName="DO2" artType="Portaria" pubDate="01/06/2018" artClass="00038:00039:00002:00000:00000:00000:00000:00000:00000:00000:00025:00001" artCategory="Poder Judiciário/Tribunal de Justiça do Distrito Federal e dos Territórios/Presidência" artSize="8" artNotes="" numberPage="98" pdfPage="http://pesquisa.in.gov.br/imprensa/jsp/visualiza/index.jsp?data=01/06/2018&amp;jornal=529&amp;pagina=98" editionNumber="104" highlightType="" highlightPriority="" highlight="" idMateria="10798389">
  <body>
    <Identifica><![CDATA[ PORTARIA nº 1.074, DE 22 DE MAIO DE 2018]]></Identifica>
    <Data><![CDATA[]]></Data>
    <Ementa />
    <Titulo />
    <SubTitulo />
    <Texto><![CDATA[<p class="identifica">PORTARIA nº 1.074, DE 22 DE MAIO DE 2018</p><p>O PRESIDENTE DO TRIBUNAL DE JUSTIÇA DO DISTRITO FEDERAL E TERRITÓRIOS, no uso de sua competência legal e tendo em vista o contido no PA N. 1000580/2018, resolve:</p><p>Art. 1º Dispensar GERALDO OLIVEIRA DOS SANTOS, matrícula N. 319.134, Técnico Judiciário, Área Administrativa, do Quadro de Pessoal deste Tribunal, da Função Comissionada, FC-03, de Assistente da 1ª Vara de Órfãos e Sucessões da Circunscrição Judiciária de Brasília.</p><p>Art. 2º Designar NOEMI DA SILVA ARAUJO, matrícula N. 320.223, Técnico Judiciário, Área Administrativa, do Quadro de Pessoal deste Tribunal, para exercer a Função Comissionada, FC-03, de Assistente da 1ª Vara de Órfãos e Sucessões da Circunscrição Judiciária de Brasília, ficando dispensada da Função Comissionada, FC-01, da Vara de Execuções Penais do Distrito Federal.</p><p>Art. 3º Esta Portaria entra em vigor na data de sua publicação.</p><p class="assina">Des. ROMÃO C. OLIVEIRA</p>]]></Texto>
  </body>
</article></xml>