﻿<xml><article id="3464463" name="Portaria de concessão de aposent" idOficio="4814161" pubName="DO2" artType="Portaria" pubDate="01/06/2018" artClass="00012:00002:00012:00026:00000:00000:00000:00000:00000:00000:00025:00001" artCategory="Ministério da Fazenda/Secretaria Executiva/Subsecretaria de Planejamento, Orçamento e Administração/Superintendência de Administração na Paraíba" artSize="8" artNotes="" numberPage="45" pdfPage="http://pesquisa.in.gov.br/imprensa/jsp/visualiza/index.jsp?data=01/06/2018&amp;jornal=529&amp;pagina=45" editionNumber="104" highlightType="" highlightPriority="" highlight="" idMateria="10798012">
  <body>
    <Identifica><![CDATA[ Portaria nº 65, de 29 de maio 2018]]></Identifica>
    <Data><![CDATA[]]></Data>
    <Ementa />
    <Titulo />
    <SubTitulo />
    <Texto><![CDATA[<p></p><p class="identifica">Portaria nº 65, de 29 de maio 2018</p><p>O SUPERINTENDENTE DE ADMINISTRAÇÃO DO MINISTÉRIO DA FAZENDA NO ESTADO DA PARAÍBA, no uso das atribuições que lhe confere a Portaria SRF nº 1.671, de 16 de junho de 2005, publicada na Seção 2 do DOU de 20/06/2005, convalidada pela Portaria SRFB nº 4.071, de 02 de maio de 2007, publicada na Seção 2 do DOU de 02 de maio de 2007, Edição Extra, por delegação de competência, resolve:</p><p>Conceder aposentadoria voluntária com proventos integrais à servidora OTANA MARIA ARRUDA DA FONSECA, no cargo de Analista Tributário da Receita Federal do Brasil, código 237/010, Classe "S", Padrão III, matrícula Siape nº 0109084, com lotação e exercício no Quadro de Pessoal Permanente da Delegacia da Receita Federal do Brasil em João Pessoa/PB, de acordo com o art. 3º, inciso I e II, parágrafo único da Emenda Constitucional nº 47/2005, c/c o § 18 do art. 40 da CF/1988, (redação atual) Processo nº 11925.000008/2018-06.</p><p class="assina">HERALDO JOSÉ SANTIAGO DE SOUSA</p>]]></Texto>
  </body>
</article></xml>