﻿<xml><article id="3462452" name="DESPACHO - DANIEL DE ARAUJO EM" idOficio="4813845" pubName="DO2" artType="Despacho" pubDate="01/06/2018" artClass="00012:00002:00000:00000:00000:00000:00000:00000:00000:00000:00019:00009" artCategory="Ministério da Fazenda/Secretaria Executiva" artSize="8" artNotes="" numberPage="43" pdfPage="http://pesquisa.in.gov.br/imprensa/jsp/visualiza/index.jsp?data=01/06/2018&amp;jornal=529&amp;pagina=43" editionNumber="104" highlightType="" highlightPriority="" highlight="" idMateria="10797654">
  <body>
    <Identifica><![CDATA[ DESPACHO DE 30 de Maio de 2018]]></Identifica>
    <Data><![CDATA[]]></Data>
    <Ementa />
    <Titulo />
    <SubTitulo />
    <Texto><![CDATA[<p class="identifica">DESPACHO DE 30 de Maio de 2018</p><p>A SECRETÁRIA EXECUTIVA DO MINISTÉRIO DA FAZENDA, tendo em vista o Decreto nº 1.387, de 07 de fevereiro de 1995, e o Decreto nº 7.689, de 2 de março de 2012, e no uso das competências que lhe foram delegadas pelo artigo 10 da Portaria MF nº 160, de 6 de maio de 2016, alterada pela Portaria MF nº 294, de 12 de junho de 2017, e pelo artigo 10 da Portaria MF nº 40, de 31 de janeiro de 2018, autoriza o afastamento do País de DANIEL DE ARAÚJO E BORGES, Coordenador-Geral de Planejamento e Riscos Fiscais da Secretaria do Tesouro Nacional, no período de 3 a 9 de junho de 2018, inclusive trânsito, com ônus, a fim de participar da 39th Annual Meeting of OECD Senior Budget Officials, promovido pela Organização para a Cooperação e Desenvolvimento Econômico (OCDE), que se realizará na cidade de Jerusalém, Israel. (Processo SEI nº 17944.104342/2018-88).</p><p class="assina">ANA PAULA VITALI JANES VESCOVI</p>]]></Texto>
  </body>
</article></xml>