﻿<xml><article id="3460628" name="PTS103E104NITEROI" idOficio="4813740" pubName="DO2" artType="Portaria" pubDate="01/06/2018" artClass="00022:00029:00240:00017:00022:00000:00000:00000:00000:00000:00025:00003" artCategory="Ministério do Desenvolvimento Social/Instituto Nacional do Seguro Social/Superintendência Regional Sudeste II em Belo Horizonte/Gerência Executiva - B - Niterói/Seção Operacional de Gestão de Pessoas" artSize="8" artNotes="OK" numberPage="67" pdfPage="http://pesquisa.in.gov.br/imprensa/jsp/visualiza/index.jsp?data=01/06/2018&amp;jornal=529&amp;pagina=67" editionNumber="104" highlightType="" highlightPriority="" highlight="" idMateria="10797432">
  <body>
    <Identifica><![CDATA[ PortariaS de 30 de maio de 2018]]></Identifica>
    <Data><![CDATA[]]></Data>
    <Ementa />
    <Titulo />
    <SubTitulo />
    <Texto><![CDATA[<p></p><p class="identifica">PortariaS de 30 de maio de 2018</p><p>A CHEFIA DA SEÇÃO OPERACIONAL DA GESTÃO DE PESSOAS DA GERÊNCIA-EXECUTIVA DO INSTITUTO NACIONAL DO SEGURO SOCIAL (INSS) NITERÓI, no uso das competências que lhe foram atribuídas na forma do artigo 235, I, "b" da Portaria/MDS nº 414, de 28 de setembro de 2017, publicada no Diário Oficial da União nº 188, de 29 de setembro de 2017, que aprova o Regimento Interno do INSS, resolve:</p><p>Nº 103 - Conceder aposentadoria voluntária integral à servidora TERESINHA DE JESUS SARMET MOREIRA UCHOA, matrícula nº 0922520, ocupante do cargo de Técnico do Seguro Social, código 434550, Classe S, Padrão IV, do quadro de pessoal do INSS, com fundamento no artigo 3º da Emenda Constitucional nº 47, de 05 de julho de 2005, observado o contido no Processo nº 35307.000104/2018-91 , declarando, em consequência, o referido cargo vago.</p><p>Nº 104 - Conceder aposentadoria voluntária integral à servidora CARMEN TEREZA DA SILVA SIQUEIRA, matrícula nº 0632785, ocupante do cargo de Técnico do Seguro Social, código 434550, Classe S, Padrão IV, do quadro de pessoal do INSS, com fundamento no artigo 3º da Emenda Constitucional nº 47, de 05 de julho de 2005, observado o contido no Processo nº 35307.000191/2018-87 , declarando, em consequência, o referido cargo vago</p><p class="assina">CARLOS EDUARDO HIRAKAWA</p><p class="cargo">Substituto</p>]]></Texto>
  </body>
</article></xml>