﻿<xml><article id="3460058" name="P_1563_DESIGNAR RODNEY LAWSON MA" idOficio="4813684" pubName="DO2" artType="Portaria" pubDate="01/06/2018" artClass="00011:00058:00001:00000:00000:00000:00000:00000:00000:00000:00025:00015" artCategory="Ministério da Educação/Instituto Federal de Educação, Ciência e Tecnologia de Brasília/Reitoria/Chefia de Gabinete da Reitoria" artSize="8" artNotes="" numberPage="25" pdfPage="http://pesquisa.in.gov.br/imprensa/jsp/visualiza/index.jsp?data=01/06/2018&amp;jornal=529&amp;pagina=25" editionNumber="104" highlightType="" highlightPriority="" highlight="" idMateria="10797359">
  <body>
    <Identifica><![CDATA[ PORTARIA Nº 1.563, DE 29 DE MAIO DE 2018]]></Identifica>
    <Data><![CDATA[]]></Data>
    <Ementa />
    <Titulo />
    <SubTitulo />
    <Texto><![CDATA[<p></p><p class="identifica">PORTARIA Nº 1.563, DE 29 DE MAIO DE 2018</p><p>O REITOR DO INSTITUTO FEDERAL DE BRASÍLIA, nomeado pelo Decreto de 05 de maio de 2015, publicado no Diário Oficial da União em 06 de maio de 2015, no uso de suas atribuições legais e regimentais, resolve:</p><p>Art.1º DESIGNAR o servidor RODNEY LAWSON MARQUES ZICA, matrícula SIAPE Nº 2262723, ocupante do cargo efetivo de Técnico de Tecnologia da Informação, lotado no Campus São Sebastião, do Instituto Federal de Brasília, para exercer o encargo de substituto da Diretoria de Administração e Planejamento, do Campus São Sebastião, do Instituto Federal de Brasília, código CD-04, cargo ocupado pela servidora FABIANA TELES CONCEIÇÃO, matrícula SIAPE Nº 2358768, no período de 18/06/2018 a 29/06/2018, por motivo de férias da titular.</p><p>Art. 2º Esta Portaria entra em vigor na data de sua publicação.</p><p class="assina">WILSON CONCIANI</p>]]></Texto>
  </body>
</article></xml>