﻿<xml><article id="3460145" name="PT1352018 - suspensão pgto apose" idOficio="4812901" pubName="DO2" artType="Portaria" pubDate="01/06/2018" artClass="00017:00026:00011:00000:00000:00000:00000:00000:00000:00000:00025:00001" artCategory="Ministério da Saúde/Secretaria de Atenção à Saúde/Instituto Nacional de Cardiologia" artSize="8" artNotes="" numberPage="58" pdfPage="http://pesquisa.in.gov.br/imprensa/jsp/visualiza/index.jsp?data=01/06/2018&amp;jornal=529&amp;pagina=58" editionNumber="104" highlightType="" highlightPriority="" highlight="" idMateria="10796066">
  <body>
    <Identifica><![CDATA[ PORTARIA Nº 135, DE 28 DE MAIO DE 2018]]></Identifica>
    <Data><![CDATA[]]></Data>
    <Ementa />
    <Titulo />
    <SubTitulo />
    <Texto><![CDATA[<p class="identifica">PORTARIA Nº 135, DE 28 DE MAIO DE 2018</p><p>O Diretor Geral do Instituto Nacional de Cardiologia do Ministério da Saúde, no uso das atribuições legais conferidas pela Portaria Ministerial nº 3.047, de 16/11/2017, publicada no DOU nº 220, de 17/11/2017, e a subdelegação de competência conferida pela PT/CGRH/SAA/MS nº 1.041, de 30/10/2009, publicada no DOU nº. 209, de 03/11/2009, em conformidade com as disposições estabelecidas pelo Decreto nº 7.862/2012, de 08 de dezembro de 2012, Portaria nº 08 - GM/MP de 07 de janeiro de 2013, e pela Orientação Normativa nº 1 - Secretaria de Gestão de Pessoas e Relações do Trabalho no Serviço Público/MP, de 02 de janeiro de 2017, resolve:</p><p>Art. 1º Tornar público que os servidores aposentados e pensionistas, abaixo identificados, por não atenderam à convocação e notificação para realizar o recadastramento anual de 2018, conforme estabelecido no inciso "a" do art. 11, da Orientação Normativa nº 01, da Secretaria de Gestão de Pessoas e Relações do Trabalho no Serviço Público/MP, de 02 de janeiro de 2017, tiveram seus benefícios suspensos.</p><p>Art. 2º. A suspensão do pagamento dos proventos e de pensão civil foi efetivada na folha de pagamento do mês de maio de 2018.</p><p></p><table><tr /><tr><td><p>Nome</p></td><td><p>CPF</p></td><td><p>Órgão / Matrícula</p></td><td><p>Espécie de Benefício</p></td></tr><tr><td><p>Cleunice Cordeiro de Oliveira Vinagre</p></td><td><p>401.853.117-68</p></td><td><p>25000-0655106</p></td><td><p>Aposentadoria</p></td></tr><tr><td><p>Elena Paiva</p></td><td><p>023.614.697-15</p></td><td><p>25000-0614435</p></td><td><p>Aposentadoria</p></td></tr><tr><td><p>Andre da Silva Barbosa</p></td><td><p>065.950.147-34</p></td><td><p>25000-5777097</p></td><td><p>Pensão Civil</p></td></tr></table><p>Art. 3º. O restabelecimento dos pagamentos de proventos e de pensão civil fica condicionado ao recadastramento mediante comparecimento pessoal dos interessados no Setor de Pessoal Inativo e Pensionista da Área de Gestão de Pessoas do Instituto Nacional de Cardiologia, sito à Rua das Laranjeiras, nº 374, Laranjeiras, Rio de Janeiro - RJ, portando documentação estabelecida nos art. 5º e 6º da ON nº 1/2013-SEGEP/MP. O(s) crédito(s) do(s) pagamento(s) restabelecido(s) será(ão) efetivado(s) na primeira folha de pagamento disponível para inclusão.</p><p>Art. 4º. Na hipótese de impossibilidade de comparecer, por motivo de moléstia grave ou de incapacidade de locomoção, os servidores aposentados, deverão por meio dos telefones (21) 3037 2091/2092, solicitar visita técnica, para fins de regularização dos benefícios.</p><p class="assina">JOÃO MANOEL DE ALMEIDA PEDROSO</p>]]></Texto>
  </body>
</article></xml>