﻿<xml><article id="3461953" name="Gessi Rodrigues de Almeida" idOficio="4813781" pubName="DO2" artType="Portaria" pubDate="01/06/2018" artClass="00012:00002:00012:00024:00000:00000:00000:00000:00000:00000:00025:00001" artCategory="Ministério da Fazenda/Secretaria Executiva/Subsecretaria de Planejamento, Orçamento e Administração/Superintendência de Administração em Minas Gerais" artSize="8" artNotes="" numberPage="45" pdfPage="http://pesquisa.in.gov.br/imprensa/jsp/visualiza/index.jsp?data=01/06/2018&amp;jornal=529&amp;pagina=45" editionNumber="104" highlightType="" highlightPriority="" highlight="" idMateria="10797560">
  <body>
    <Identifica><![CDATA[ PORTARIA Nº 186, DE 29 DE MAIO DE 2018]]></Identifica>
    <Data><![CDATA[]]></Data>
    <Ementa />
    <Titulo />
    <SubTitulo />
    <Texto><![CDATA[<p class="identifica">PORTARIA Nº 186, DE 29 DE MAIO DE 2018</p><p>A SUPERINTENDENTE SUBSTITUTA DE ADMINISTRAÇÃO DO MINISTÉRIO DA FAZENDA EM MINAS GERAIS, usando da delegação de competência que lhe foi conferida pelo inciso XI, do artigo 86, da Portaria MF nº 144, de 27/04/2016, do Ministro de Estado da Fazenda, publicada no DOU de 29/04/2016, e da delegação de competência que lhe foi conferida pela Portaria SRF nº 1.671, de 16/06/2005, publicada no Diário Oficial da União, de 20/06/2005, resolve:</p><p>Conceder aposentadoria voluntária a GESSI RODRIGUES DE ALMEIDA, matrículas SIAPEcad nº 803788 / SIAPE nº 6130376, ocupante do cargo de Auditor-Fiscal da Receita Federal do Brasil, código 236010, Classe S, Padrão III, do Quadro de Pessoal do Ministério da Fazenda em Minas Gerais, com fundamento no art. 3º, da Emenda Constitucional nº 47/2005, com proventos integrais (código do fundamento 047001), tendo em vista o que consta do Processo SEI nº 10675.000005/2018-91.</p><p class="assina">MARIA INÊZ SOARES DE SOUZA</p>]]></Texto>
  </body>
</article></xml>