﻿<xml><article id="3462509" name="05 - PORTARIAS DE 29 DE MAIO DE " idOficio="4813850" pubName="DO2" artType="Portaria" pubDate="01/06/2018" artClass="00032:00012:00035:00015:00000:00000:00000:00000:00000:00000:00025:00001" artCategory="Ministério Extraordinário da Segurança Pública/Departamento de Polícia Rodoviária Federal/Coordenação-Geral de Recursos Humanos" artSize="8" artNotes="" numberPage="82" pdfPage="http://pesquisa.in.gov.br/imprensa/jsp/visualiza/index.jsp?data=01/06/2018&amp;jornal=529&amp;pagina=82" editionNumber="104" highlightType="" highlightPriority="" highlight="" idMateria="10797661">
  <body>
    <Identifica><![CDATA[ PORTARIA Nº 2.701, DE 29 DE MAIO DE 2018]]></Identifica>
    <Data><![CDATA[]]></Data>
    <Ementa />
    <Titulo />
    <SubTitulo />
    <Texto><![CDATA[<p class="identifica">PORTARIA Nº 2.701, DE 29 DE MAIO DE 2018</p><p>O COORDENADOR-GERAL DE RECURSOS HUMANOS DO DEPARTAMENTO DE POLÍCIA RODOVIÁRIA FEDERAL, usando da competência que lhe foi atribuída pela Portaria n° 63, de 24 de fevereiro de 2005, publicada no DOU n° 46, de 9 de março de 2005, e Portaria nº 219, de 27 de fevereiro de 2018, publicada no DOU nº 40, de 28 de fevereiro de 2018 do Ministério da Justiça e Segurança Pública, resolve:</p><p>Dispensar, a pedido, com data retroativa a 01/04/2018, WILLIAM THOMAS, Matrícula: 1534871, Policial Rodoviário Federal do quadro permanente deste Órgão, da função de Chefe do Núcleo de Apoio Técnico, código FG-3, da Superintendência Regional no Rio Grande do Sul.</p><p class="assina">JESUS CASTRO CAAMAÑO</p>]]></Texto>
  </body>
</article></xml>