﻿<xml><article id="3466200" name="DOU 2-SGP-PT-895-UNI-287741_CRIP" idOficio="4814391" pubName="DO2" artType="Portaria" pubDate="01/06/2018" artClass="00034:00007:00015:00000:00000:00000:00000:00000:00000:00000:00025:00008" artCategory="Ministério Público da União/Ministério Público Federal/Secretaria de Gestão de Pessoas" artSize="8" artNotes="" numberPage="83" pdfPage="http://pesquisa.in.gov.br/imprensa/jsp/visualiza/index.jsp?data=01/06/2018&amp;jornal=529&amp;pagina=83" editionNumber="104" highlightType="" highlightPriority="" highlight="" idMateria="10798504">
  <body>
    <Identifica><![CDATA[ PORTARIA Nº 895, DE 29 DE MAIO DE 2018]]></Identifica>
    <Data><![CDATA[]]></Data>
    <Ementa />
    <Titulo />
    <SubTitulo />
    <Texto><![CDATA[<p class="identifica">PORTARIA Nº 895, DE 29 DE MAIO DE 2018</p><p>A SECRETÁRIA DE GESTÃO DE PESSOAS DO MINISTÉRIO PÚBLICO FEDERAL, no uso da competência que lhe foi atribuída pelo art. 1º, da Portaria SG/MPF nº 291, de 10/5/2018, e tendo em vista o constante no Processo Administrativo nº 1.01.000.000219/2018-53, resolve:</p><p>Declarar vago, por motivo de posse em outro cargo público inacumulável, a partir de 22 de maio de 2018, o cargo de Analista do MPU/Direito, classe B, padrão 5, da carreira de Analista do Ministério Público da União, ocupado pelo servidor EDUARDO SANTOS SALES, matrícula nº 24783, nos termos do art. 33, inciso VIII, da Lei nº 8.112, de 11/12/1990.</p><p class="assina">ELOÁ TODARELLI JUNQUEIRA</p>]]></Texto>
  </body>
</article></xml>