﻿<xml><article id="3462052" name="PT36CASCAVEL" idOficio="4813808" pubName="DO2" artType="Portaria" pubDate="04/06/2018" artClass="00022:00029:00241:00009:00024:00000:00000:00000:00000:00000:00025:00009" artCategory="Ministério do Desenvolvimento Social/Instituto Nacional do Seguro Social/Superintendência Regional Sul em Florianópolis/Gerência Executiva - B - em Cascavel/Seção Operacional da Gestão de Pessoas" artSize="8" artNotes="" numberPage="35" pdfPage="http://pesquisa.in.gov.br/imprensa/jsp/visualiza/index.jsp?data=04/06/2018&amp;jornal=529&amp;pagina=35" editionNumber="105" highlightType="" highlightPriority="" highlight="" idMateria="10797601">
  <body>
    <Identifica><![CDATA[ Portaria nº 36, de 30 de maio de 2018]]></Identifica>
    <Data><![CDATA[]]></Data>
    <Ementa />
    <Titulo />
    <SubTitulo />
    <Texto><![CDATA[<p class="identifica">Portaria nº 36, de 30 de maio de 2018</p><p>A CHEFE DA SEÇÃO OPERACIONAL DA GESTÃO DE PESSOAS DO INSS EM CASCAVEL - PR, no uso das atribuições que lhe confere o contido no art. 235 do Regimento Interno do INSS, aprovado pela Portaria MDS nº 414, de 28/09/2017, publicada no DOU Edição Extra nº 188-A, de 29/09/2017, e considerando Processo n.º 35187.000459/2018-94, resolve:</p><p>Conceder aposentadoria voluntária integral à servidora ANA MARIA INÁCIO DE ALMEIDA, matrícula nº 0901297, ocupante do cargo efetivo de Técnico do Seguro Social, NI-434550, Classe "S", Padrão "IV", pertencente ao Quadro Permanente desta Autarquia Federal, com fundamento no artigo 3º da Emenda Constitucional nº 47, de 05/07/2005, declarando vago o referido cargo.</p><p class="assina">Zilda Pellá</p>]]></Texto>
  </body>
</article></xml>