﻿<xml><article id="3465229" name="PORTARIA_EXONERACAO_RONY DE PAUL" idOficio="4814250" pubName="DO2" artType="Portaria" pubDate="01/06/2018" artClass="00017:00026:00014:00010:00002:00001:00000:00000:00000:00000:00025:00002" artCategory="Ministério da Saúde/Secretaria de Atenção à Saúde/Departamento de Gestão Hospitalar no Estado do Rio de Janeiro/Hospital Federal de Ipanema/Coordenação de Administração/Divisão de Gestão de Pessoas" artSize="8" artNotes="" numberPage="58" pdfPage="http://pesquisa.in.gov.br/imprensa/jsp/visualiza/index.jsp?data=01/06/2018&amp;jornal=529&amp;pagina=58" editionNumber="104" highlightType="" highlightPriority="" highlight="" idMateria="10798214">
  <body>
    <Identifica><![CDATA[ PORTARIA Nº 100, DE 25 DE MAIO DE 2018]]></Identifica>
    <Data><![CDATA[]]></Data>
    <Ementa />
    <Titulo />
    <SubTitulo />
    <Texto><![CDATA[<p class="identifica">PORTARIA Nº 100, DE 25 DE MAIO DE 2018</p><p>O DIRETOR DO HOSPITAL FEDERAL DE IPANEMA, no uso das atribuições conferidas pelo artigo 1º, inciso X, alínea "a" da PT/GM/MS nº. 1041, de 30.10.2009, publicada no Diário Oficial da União (DOU) nº 209, de 03.11.2009, resolve:</p><p>Exonerar, a pedido, a contar de 23/12/2017, nos termos do artigo 34, da Lei nº. 8.112, de 11/12/1990, o servidor RONY DE PAULA FREITAS, matrícula 1737178, ocupante do cargo de Auxiliar de Enfermagem, código de vaga nº 139754, do Quadro Permanente do Ministério da Saúde.</p><p>Declarar, em decorrência, a vacância de cargo acima mencionado.</p><p>(Processo nº 33401.034064/2018-88)</p><p class="assina">BENITO ACCETTA</p>]]></Texto>
  </body>
</article></xml>