﻿<xml><article id="3465401" name="PT17SÃOBERNARDODOCAMPO" idOficio="4814306" pubName="DO2" artType="Portaria" pubDate="01/06/2018" artClass="00022:00029:00239:00020:00011:00000:00000:00000:00000:00000:00025:00002" artCategory="Ministério do Desenvolvimento Social/Instituto Nacional do Seguro Social/Superintendência-Regional Sudeste I em São Paulo/Gerência Executiva - B - São Bernardo do Campo/Seção Operacional da Gestão de Pessoas" artSize="8" artNotes="OK" numberPage="65" pdfPage="http://pesquisa.in.gov.br/imprensa/jsp/visualiza/index.jsp?data=01/06/2018&amp;jornal=529&amp;pagina=65" editionNumber="104" highlightType="" highlightPriority="" highlight="" idMateria="10798267">
  <body>
    <Identifica><![CDATA[ PORTARIA Nº 17, DE 27 DE MAIO DE 2018]]></Identifica>
    <Data><![CDATA[]]></Data>
    <Ementa />
    <Titulo />
    <SubTitulo />
    <Texto><![CDATA[<p class="identifica">PORTARIA Nº 17, DE 27 DE MAIO DE 2018</p><p>A CHEFE DA SEÇÃO OPERACIONAL DA GESTÃO DE PESSOAS DA GERÊNCIA EXECUTIVA SÃO BERNARDO DO CAMPO/SP, no uso das atribuições estabelecidas no artigo 235, inciso I, alínea "b" do Regimento Interno aprovado pela Portaria MDS nº 414, de 28/09/2017, publicado no Diário Oficial da União nº 188-A, de 29 de setembro de 2017, e tendo em vista o que consta do processo nº 35433.000133/2018-16, resolve:</p><p>Conceder aposentadoria voluntária ao servidor AMILTON ANTONIO PEREIRA, matrícula siape 0.602.961, CPF: 051.162.848-08, ocupante do cargo de Técnico do Seguro Social, código 434550, classe S, padrão IV do Quadro de Pessoal do Instituto Nacional do Seguro Social, com fundamento no artigo 3º, incisos I, II e III da Emenda Constitucional 47/2005, com proventos mensais integrais, acrescido das demais vantagens a que faz jus. Em decorrência do ato, declarar vago o referido cargo.</p><p class="assina">CÉLIA REGINA MENEGUELO</p>]]></Texto>
  </body>
</article></xml>