﻿<xml><article id="3462584" name="MARCELO ALBERNAZ - ALTERAR subst" idOficio="4813879" pubName="DO2" artType="Ato" pubDate="01/06/2018" artClass="00038:00007:00001:00000:00000:00000:00000:00000:00000:00000:00001:00014" artCategory="Poder Judiciário/Tribunal Regional Federal da 1ª Região/Presidência" artSize="8" artNotes="" numberPage="96" pdfPage="http://pesquisa.in.gov.br/imprensa/jsp/visualiza/index.jsp?data=01/06/2018&amp;jornal=529&amp;pagina=96" editionNumber="104" highlightType="" highlightPriority="" highlight="" idMateria="10797653">
  <body>
    <Identifica><![CDATA[ ATO nº 6.180.910, DE 30 DE MAIO DE 2018]]></Identifica>
    <Data><![CDATA[]]></Data>
    <Ementa />
    <Titulo />
    <SubTitulo />
    <Texto><![CDATA[<p class="identifica">ATO nº 6.180.910, DE 30 DE MAIO DE 2018</p><p>O PRESIDENTE DO TRIBUNAL REGIONAL FEDERAL DA PRIMEIRA REGIÃO, no uso das suas atribuições legais, e considerando o decidido pela Corte Especial Administrativa no PAe 0009952-35.2016.4.01.8000, resolve:</p><p>Alterar, em parte, o Ato Presi 6099669, de 15/05/2018, publicado no DOU2 de 16/05/2018, para que a convocação do Juiz Federal MARCELO VELASCO NASCIMENTO ALBERNAZ para substituir o Desembargador Federal NEY BELLO, na 2ª Seção e 3ª Turma, ocorra no período de 11/06 a 13/07/2018, por motivo de afastamento para participar da inspeção ordinária no TRF da 2ª Região e de férias.</p><p class="assina">Desembargador Federal CARLOS MOREIRA ALVES</p>]]></Texto>
  </body>
</article></xml>