﻿<xml><article id="3462061" name="PTS45E46CAMPOSDOSGOYTACAZES" idOficio="4813808" pubName="DO2" artType="Portaria" pubDate="01/06/2018" artClass="00022:00029:00240:00009:02299:00000:00000:00000:00000:00000:00025:00010" artCategory="Ministério do Desenvolvimento Social/Instituto Nacional do Seguro Social/Superintendência Regional Sudeste II em Belo Horizonte/Gerência Executiva - B - Campos dos Goytacazes/Seção Operacional  de Gestão de Pessoas" artSize="8" artNotes="OK" numberPage="66" pdfPage="http://pesquisa.in.gov.br/imprensa/jsp/visualiza/index.jsp?data=01/06/2018&amp;jornal=529&amp;pagina=66" editionNumber="104" highlightType="" highlightPriority="" highlight="" idMateria="10797602">
  <body>
    <Identifica><![CDATA[ Portarias de 29 de maio de 2018]]></Identifica>
    <Data><![CDATA[]]></Data>
    <Ementa />
    <Titulo />
    <SubTitulo />
    <Texto><![CDATA[<p></p><p class="identifica">Portarias de 29 de maio de 2018</p><p>O CHEFE DA SEÇÃO OPERACIONAL DE GESTÃO DE PESSOAS DA GERÊNCIA EXECUTIVA DO INSS EM CAMPOS DOS GOYTACAZES/RJ, no uso das atribuições que lhe confere o artigo 235 do Regimento Interno aprovado pela Portaria/MDS/GM nº 414 de 28/09/2017, publicada no DOU nº 188-A, de 29 de setembro de 2017, resolve:</p><p>Nº 45 - Conceder aposentadoria voluntária a servidora DEUSIMAR PEIXOTO MOTA BARRETO, matrícula 0911909, ocupante do cargo de Técnico do Seguro Social, classe S, padrão IV, do quadro de pessoal do Instituto Nacional do Seguro Social, com fundamento no artigo 3º da Emenda Constitucional nº 47/05. Em consequência declarar vago o referido cargo. (Processo nº 35308.000138/2018-76).</p><p>Nº 46 - Conceder aposentadoria voluntária a servidora IVONETE ALVES FARIAS, matrícula 0917638, ocupante do cargo de Técnico do Seguro Social, classe S, padrão IV, do quadro de pessoal do Instituto Nacional do Seguro Social, com fundamento no artigo 3º da Emenda Constitucional nº 47/05. Em consequência declarar vago o referido cargo. (Processo nº 35313.002284/2017-86).</p><p class="assina">GILBERTO ROCHA</p>]]></Texto>
  </body>
</article></xml>