﻿<xml><article id="3460211" name="PortariaGP558_2018" idOficio="4812533" pubName="DO2" artType="Portaria" pubDate="01/06/2018" artClass="00038:00055:00000:00000:00000:00000:00000:00000:00000:00000:00025:00001" artCategory="Poder Judiciário/Tribunal Regional do Trabalho da 16ª Região" artSize="8" artNotes="" numberPage="102" pdfPage="http://pesquisa.in.gov.br/imprensa/jsp/visualiza/index.jsp?data=01/06/2018&amp;jornal=529&amp;pagina=102" editionNumber="104" highlightType="" highlightPriority="" highlight="" idMateria="10794807">
  <body>
    <Identifica><![CDATA[ PORTARIA  Nº 558, DE 28 DE MAIO DE 2018                              ]]></Identifica>
    <Data><![CDATA[]]></Data>
    <Ementa />
    <Titulo />
    <SubTitulo />
    <Texto><![CDATA[<p class="identifica">PORTARIA Nº 558, DE 28 DE MAIO DE 2018</p><p>A Desembargadora Presidente do Tribunal Regional do Trabalho da 16ª Região, no uso de suas atribuições legais e regimentais, tendo em vista o que consta no PA-1399/2018 e na Resolução Administrativa nº 87, de 14/5/2018, publicada no Diário Eletrônico da Justiça do Trabalho de 15/5/2018, resolve:</p><p>1- Conceder Aposentadoria Voluntária, com proventos integrais e paridade, ao servidor Hildeberto Leal Azevedo, Analista Judiciário, Área Administrativa, Classe "C", Padrão 13, do Quadro Permanente de Pessoal deste Tribunal, matrícula nº 30816264, com fulcro no art. 40, §1º, inciso III, alínea "a", da Constituição Federal, no art. 7º da Emenda Constitucional nº 41/03 c/c art. 3º da Emenda Constitucional nº 47/05, com as vantagens de adicional por tempo de serviço no percentual de 16% (dezesseis por cento), com fundamento no art. 67 da Lei nº 8.112/90 (redação original), com a permissão do art. 6º da Lei nº 9.624/98 e art. 15, inciso II, da Medida Provisória nº 2.225-45/01; 5/5(cinco quintos) da função comissionada FC-03, a título de vantagem pessoal nominalmente identificada, com fulcro no art. 62 da Lei nº 8.112/90 (redação original) e nos arts. 3º e 10 da Lei nº 8.911/94 (redação original), com a permissão do art. 3º da Medida Provisória nº 2.225-45/01 e 7,5% (sete vírgula cinco por cento) a título de adicional de qualificação pela conclusão de curso de Pós-Graduação, com base nos arts. 14 e 15, inciso III, da Lei nº 11.416/06 c/c arts. 6º, inciso III, 18, Anexo I, Seção III, da Portaria Conjunta STF.CNJ nº 1, de 07/03/07 e art. 11 da Resolução CSJT nº 196/2017;</p><p>2-Esta Portaria produzirá efeitos a contar da data de sua publicação.</p><p class="assina">Solange Cristina Passos de Castro Cordeiro</p>]]></Texto>
  </body>
</article></xml>