﻿<xml><article id="3459794" name="06 - JUNHO - 2018 - 19" idOficio="4810859" pubName="DO2" artType="Portaria" pubDate="01/06/2018" artClass="00017:00022:00022:00000:00000:00000:00000:00000:00000:00000:00025:00001" artCategory="Ministério da Saúde/Fundação Oswaldo Cruz/Coordenação-Geral de Gestão de Pessoas" artSize="8" artNotes="" numberPage="57" pdfPage="http://pesquisa.in.gov.br/imprensa/jsp/visualiza/index.jsp?data=01/06/2018&amp;jornal=529&amp;pagina=57" editionNumber="104" highlightType="" highlightPriority="" highlight="" idMateria="10792226">
  <body>
    <Identifica><![CDATA[ PORTARIA DE 28 DE MAIO DE 2018]]></Identifica>
    <Data><![CDATA[]]></Data>
    <Ementa />
    <Titulo />
    <SubTitulo />
    <Texto><![CDATA[<p class="identifica">PORTARIA DE 28 DE MAIO DE 2018</p><p>A Coordenação-Geral de Gestão de Pessoas da Fundação Oswaldo Cruz, no uso das suas atribuições, estabelecidas pelo Decreto n.º 8.932, de 14 de dezembro de 2016, resolve:</p><p>Nº 526 - Conceder Aposentadoria Voluntária Integral à servidora ANA OLIMPIA MAIA DOS SANTOS CAMBOIM matrícula Siape 463822, ocupante do cargo de Médico, NS-S-III, do Quadro de Pessoal Permanente desta Instituição, com fundamento no Artigo 3.º da Emenda Constitucional n.º 47/2005, com proventos calculados na forma do Parágrafo Único deste mesmo Artigo (Processo n.º 25384.100321/2018-12).</p><p>Nº 527 - Conceder Aposentadoria Voluntária Integral ao servidor CARLOS ALBERTO MULLER matrícula Siape 462256, ocupante do cargo de Tecnologista em Saúde Pública, NS-S-III, do Quadro de Pessoal Permanente desta Instituição, com fundamento no Artigo 3.º da Emenda Constitucional n.º 47/2005, com proventos calculados na forma do Parágrafo Único deste mesmo Artigo (Processo n.º 25030.100221/2018-98).</p><p>Nº 528 - Conceder Aposentadoria Voluntária Integral à servidora DARCY AKEMI HOKAMA matrícula Siape 0462523, ocupante do cargo de Tecnologista em Saúde Pública, NS-S-III, do Quadro de Pessoal Permanente desta Instituição, com fundamento no Artigo 3.º da Emenda Constitucional n.º 47/2005, com proventos calculados na forma do Parágrafo Único deste mesmo Artigo (Processo n.º 25386.100445/2018-70).</p><p>Nº 529 - Conceder Aposentadoria Voluntária Integral ao servidor EDUARDO NAVARRO STOTZ matrícula Siape 304861, ocupante do cargo de Pesquisador em Saúde Pública, NS-U-III, do Quadro de Pessoal Permanente desta Instituição, com fundamento no Artigo 3.º da Emenda Constitucional n.º 47/2005, com proventos calculados na forma do Parágrafo Único deste mesmo Artigo (Processo n.º 25388.010221/2018-57).</p><p>Nº 530 - Conceder Aposentadoria Voluntária Integral à servidora ELIENE CABRAL RAPOSO matrícula Siape 462036, ocupante do cargo de Tecnologista em Saúde Pública, NS-S-III, do Quadro de Pessoal Permanente desta Instituição, com fundamento no Artigo 3.º da Emenda Constitucional n.º 47/2005, com proventos calculados na forma do Parágrafo Único deste mesmo Artigo (Processo n.º 25386.100444/2018-25).</p><p>Nº 531 - Conceder Aposentadoria Voluntária Integral à servidora FLAVIA MARIA LEAL NIOBEY matrícula Siape 463698, ocupante do cargo de Pesquisador, NS-V-I, do Quadro de Pessoal Permanente desta Instituição, com fundamento no Artigo 3.º da Emenda Constitucional n.º 47/2005, com proventos calculados na forma do Parágrafo Único deste mesmo Artigo (Processo n.º 25388.010220/2018-11).</p><p>Nº 532 - Conceder Aposentadoria Voluntária Integral ao servidor JOÃO GANDARA matrícula Siape 0461913, ocupante do cargo de Técnico em Saúde Pública, NI-3-III, do Quadro de Pessoal Permanente desta Instituição, com fundamento no Artigo 3.º da Emenda Constitucional n.º 47/2005, com proventos calculados na forma do Parágrafo Único deste mesmo Artigo (Processo n.º 25030.100222/2018-32).</p><p>Nº 533 - Conceder Aposentadoria Voluntária Integral à servidora MARIA CRISTINA VIDAL PESSOLANI matrícula Siape 463720, ocupante do cargo de Pesquisador em Saúde Pública, NS-U-III, do Quadro de Pessoal Permanente desta Instituição, com fundamento no Artigo 3.º da Emenda Constitucional n.º 47/2005, com proventos calculados na forma do Parágrafo Único deste mesmo Artigo (Processo n.º 25030.100224/2018-21).</p><p>Nº 534 - Conceder Aposentadoria Voluntária Integral à servidora MARIA DA PENHA MORAES DE OLIVEIRA matrícula Siape 463021, ocupante do cargo de Técnico em Saúde Pública, NI-3-III, do Quadro de Pessoal Permanente desta Instituição, com fundamento no Artigo 3.º da Emenda Constitucional n.º 47/2005, com proventos calculados na forma do Parágrafo Único deste mesmo Artigo (Processo n.º 25386.100241/2018-39).</p><p>Nº 535 - Art. 1.º Conceder Aposentadoria Voluntária Integral ao servidor MILTON FERREIRA FILHO matrícula Siape 462876, ocupante do cargo de Técnico em Saúde Pública, NI-3-III, do Quadro de Pessoal Permanente desta Instituição, com fundamento no Artigo 3.º da Emenda Constitucional n.º 47/2005, com proventos calculados na forma do Parágrafo Único deste mesmo Artigo (Processo n.º 25380.100743/2018-10).</p><p>Nº 536 - Conceder Aposentadoria Voluntária Integral à servidora MARCIA VERONICA SANTOS PINTO matrícula Siape 1555992, ocupante do cargo de Analista de Gestão em Saúde NS-P-III, do Quadro de Pessoal Permanente desta Instituição, com fundamento no Artigo. 6.º da Emenda Constitucional n.º 41/2003, com base de cálculo na última remuneração (Processo n.º 25030.100223/2018-87).</p><p>Nº 537 - Conceder aposentadoria por invalidez com proventos integrais ao servidor CARLOS ADELSON DE OLIVEIRA, Matrícula Siape 0464338, ocupante do cargo de Assistente Técnico de Gestão em Saúde, NI-2-V, do Quadro de Pessoal Permanente desta Instituição, com fundamento no Artigo 40, § 1.º, Inciso I, da Constituição Federal de 1988, com redação dada pelo Artigo 1.º da Emenda Constitucional n.º 41/2003, combinado com o Artigo 6-A da Emenda Constitucional n.º 41/2003, incluído pela Emenda Constitucional n.º 70/2012 (Processo n.º 25384.000162/2018-49).</p><p>Nº 538 - Conceder aposentadoria por invalidez com proventos integrais à servidora CATIA SILENE DA SILVA BRANDAO, Matrícula Siape 0464203, ocupante do cargo de Técnico Enfermagem, NI-S-III, do Quadro de Pessoal Permanente desta Instituição, com fundamento no Artigo 40, § 1.º, Inciso I, da Constituição Federal de 1988, com redação dada pelo Artigo 1.º da Emenda Constitucional n.º 41/2003, combinado com o Artigo 6-A da Emenda Constitucional n.º 41/2003, incluído pela Emenda Constitucional n.º 70/2012 (Processo n.º 25384.000234/2018-58).</p><p class="assina">JULIANO DE CARVALHO LIMA</p>]]></Texto>
  </body>
</article></xml>