﻿<xml><article id="3462578" name="PORTARIA N° 2039-EMCFA-MD" idOficio="4813859" pubName="DO2" artType="Portaria" pubDate="01/06/2018" artClass="00010:00027:00000:00000:00000:00000:00000:00000:00000:00000:00025:00002" artCategory="Ministério da Defesa/Estado-Maior Conjunto das Forças Armadas" artSize="8" artNotes="" numberPage="15" pdfPage="http://pesquisa.in.gov.br/imprensa/jsp/visualiza/index.jsp?data=01/06/2018&amp;jornal=529&amp;pagina=15" editionNumber="104" highlightType="" highlightPriority="" highlight="" idMateria="10797617">
  <body>
    <Identifica><![CDATA[ PORTARIA N° 2.039/EMCFA-MD, DE 28 DE MAIO DE 2018]]></Identifica>
    <Data><![CDATA[]]></Data>
    <Ementa />
    <Titulo />
    <SubTitulo />
    <Texto><![CDATA[<p class="identifica">PORTARIA N° 2.039/EMCFA-MD, DE 28 DE MAIO DE 2018</p><p>O CHEFE DO ESTADO-MAIOR CONJUNTO DAS FORÇAS ARMADAS, no uso da competência subdelegada pelo inciso I do art. 4º da Portaria nº 1.839/MD, de 9 de dezembro de 2010, considerando a Portaria Normativa/MD nº 2.323, de 31 de agosto de 2012, o Decreto nº 8.978, de 1º de fevereiro de 2017, alterado pelo Decreto nº 9.259, de 29 de dezembro de 2017, e o Processo Administrativo no60583.001281/2018-73, resolve:</p><p>EXONERAR a Primeiro-Tenente (MB) VERA FAVILA RIBEIRO DE MORAIS do cargo de Assistente Técnico Militar, código Grupo 0005 (E), da Chefia de Logística e Mobilização do Estado-Maior Conjunto das Forças Armadas, a contar de 09 de março de 2018.</p><p class="assina">ADEMIR SOBRINHO Almirante de Esquadra</p>]]></Texto>
  </body>
</article></xml>