﻿<xml><article id="3460670" name="PTS56A58PORTOALEGRE" idOficio="4813740" pubName="DO2" artType="Portaria" pubDate="01/06/2018" artClass="00022:00029:00241:00005:00023:00003:00000:00000:00000:00000:00025:00006" artCategory="Ministério do Desenvolvimento Social/Instituto Nacional do Seguro Social/Superintendência Regional Sul em Florianópolis/Gerência Executiva - A - em Porto Alegre/Serviço de Administração/Seção Operacional da Gestão de Pessoas" artSize="8" artNotes="OK" numberPage="67" pdfPage="http://pesquisa.in.gov.br/imprensa/jsp/visualiza/index.jsp?data=01/06/2018&amp;jornal=529&amp;pagina=67" editionNumber="104" highlightType="" highlightPriority="" highlight="" idMateria="10797495">
  <body>
    <Identifica><![CDATA[ PORTARIAS  DE  30 DE MAIO DE 2018]]></Identifica>
    <Data><![CDATA[]]></Data>
    <Ementa />
    <Titulo />
    <SubTitulo />
    <Texto><![CDATA[<p></p><p class="identifica">PORTARIAS DE 30 DE MAIO DE 2018</p><p>A CHEFE DA SEÇÃO OPERACIONAL DE GESTÃO DE PESSOAS DA GERÊNCIA-EXECUTIVA DO INSTITUTO NACIONAL DO SEGURO SOCIAL DO INSS EM PORTO ALEGRE/RS, no uso das atribuições que lhe confere o art. 235 do Regimento Interno do INSS aprovado pela PT nº 414/MDS de 28/09/2017, publicada no D.O.U. nº 188-A de 29/09/2017, resolve:</p><p>Nº 56 - Conceder Aposentadoria Voluntária Integral ao servidor ITABORACEMA DE MELLO DEVES, matrícula SIAPE 0927700, ocupante do cargo de Técnico do Seguro Social, Classe S, Padrão IV, do Quadro de Pessoal do Instituto Nacional do Seguro Social, com fundamento no art. 3º, da Emenda Constitucional nº 47/2005, observado o contido no Processo nº 35239.000367/2018-51 declarando, em consequência, vago o referido cargo.</p><p>Nº 57 - Conceder Aposentadoria Voluntária Integral ao servidor PEDRO DA COSTA CARVALHO FILHO, matrícula SIAPE 0928165, ocupante do cargo de Técnico do Seguro Social, Classe S, Padrão IV, do Quadro de Pessoal do Instituto Nacional do Seguro Social, com fundamento no art. 3º, da Emenda Constitucional nº 47/2005, observado o contido no Processo nº 35239.000419/2018-90 declarando, em consequência, vago o referido cargo.</p><p>Nº 58 - Conceder Aposentadoria Voluntária Integral ao servidor VALI SCHMIDT, matrícula SIAPE 0551339, ocupante do cargo de Técnico do Seguro Social, Classe S, Padrão IV, do Quadro de Pessoal do Instituto Nacional do Seguro Social, com fundamento no art. 3º, da Emenda Constitucional nº 47/2005, observado o contido no Processo nº 35239.000437/2018-71 declarando, em consequência, vago o referido cargo.</p><p class="assina">MAGDA DE LIMA HIPPLER</p>]]></Texto>
  </body>
</article></xml>