﻿<xml><article id="3461848" name="Portaria_124_Altera Portaria 39 " idOficio="4813768" pubName="DO2" artType="Portaria" pubDate="01/06/2018" artClass="00011:00015:00001:00000:00000:00000:00000:00000:00000:00000:00025:00001" artCategory="Ministério da Educação/Fundação Coordenação de Aperfeiçoamento de Pessoal de Nível Superior/Gabinete" artSize="8" artNotes="" numberPage="18" pdfPage="http://pesquisa.in.gov.br/imprensa/jsp/visualiza/index.jsp?data=01/06/2018&amp;jornal=529&amp;pagina=18" editionNumber="104" highlightType="" highlightPriority="" highlight="" idMateria="10797533">
  <body>
    <Identifica><![CDATA[ PORTARIA Nº 124, DE 29 DE MAIO DE 2018]]></Identifica>
    <Data><![CDATA[]]></Data>
    <Ementa />
    <Titulo />
    <SubTitulo />
    <Texto><![CDATA[<p></p><p class="identifica">PORTARIA Nº 124, DE 29 DE MAIO DE 2018</p><p>O PRESIDENTE DA COORDENAÇÃO DE APERFEIÇOAMENTO DE PESSOAL DE NÍVEL SUPERIOR - CAPES, no uso das atribuições que lhe foram conferidas pelas normas dos incisos IX e X, do art. 26 do Estatuto aprovado pelo Decreto nº 8.977, de 30 de janeiro de 2017, bem como aquela prevista no art. 5º da Portaria nº 246, de 19 de dezembro de 2017, publicada no DOU no dia 22 de dezembro de 2017, e</p><p>CONSIDERANDO o disposto nos autos do processo SEI nº 23038.003966/2017-23, resolve:</p><p>Art. 1º Alterar o artigo 1º da Portaria nº 39, de 28 de fevereiro de 2018, publicada no DOU de 1º de março de 2018, seção 2, página 20, que designou membros da Comissão Assessora de que trata o art. 5º da Portaria nº 246/2017, para incluir como membros os professores abaixo, mantendo os demais anteriormente designados:</p><p>I. Maria Abádia da Silva;</p><p>II. Ney de Barros Bello Filho;</p><p>Parágrafo único. Caso necessário, outros membros poderão ser designados para colaborar com os trabalhos da Comissão.</p><p>Art. 2º Esta Portaria entra em vigor na data de sua publicação.</p><p class="assina">ABILIO A. BAETA NEVES</p><p></p>]]></Texto>
  </body>
</article></xml>