﻿<xml><article id="3460097" name="Portaria nº 632 de 29 de maio de" idOficio="4813506" pubName="DO2" artType="Portaria" pubDate="01/06/2018" artClass="00011:00063:00001:00000:00000:00000:00000:00000:00000:00000:00025:00006" artCategory="Ministério da Educação/Instituto Federal de Educação, Ciência e Tecnologia Fluminense/Reitoria" artSize="8" artNotes="" numberPage="27" pdfPage="http://pesquisa.in.gov.br/imprensa/jsp/visualiza/index.jsp?data=01/06/2018&amp;jornal=529&amp;pagina=27" editionNumber="104" highlightType="" highlightPriority="" highlight="" idMateria="10797132">
  <body>
    <Identifica><![CDATA[ Portaria Nº 632, de 29 de maio de 2018]]></Identifica>
    <Data><![CDATA[]]></Data>
    <Ementa />
    <Titulo />
    <SubTitulo />
    <Texto><![CDATA[<p class="identifica">Portaria Nº 632, de 29 de maio de 2018</p><p>O REITOR DO INSTITUTO FEDERAL DE EDUCAÇÃO, CIÊNCIA E TECNOLOGIA FLUMINENSE - IFFLUMINENSE, no uso das atribuições legais que lhe confere a Lei 11.892 de 29/12/2008, publicada no D.O.U. de 30/12/2008; a Portaria MEC N.º 378, de 09/05/2016, publicada no D.O.U. de 10/05/2016, seção 1, páginas 19 a 27 e o Decreto Presidencial de 05 de abril de 2016, publicado no D.O.U. de 06 de abril de 2016.</p><p>CONSIDERANDO: O Memorando N.º 210/2018 - DGACC/DGCCENTRO/REIT/IFFLU, de 11 de maio de 2018;- O Memorando N.º 213/2018 - DGACC/DGCCENTRO/REIT/IFFLU, de 11 de maio de 2018;O Constante no Processo N.º 23318.002493.2018-81, resolve:</p><p>Art. 1.º DISPENSAR o servidor MARCELO PORTAL DE ALMEIDA AZEVEDO, Matrícula SIAPE 1650494, do quadro permanente deste IFFluminense, ocupante do cargo de Assistente em Administração, lotado no campus Campos Centro, da função de Coordenador de Registro Acadêmico Ensino Superior, código FG-1.</p><p>Art. 2.º DISPENSAR a servidora FLORENCIA MARCIA DE ALMEIDA NEVES, Matrícula SIAPE 1882861, do quadro permanente deste IFFluminense, ocupante do cargo de Assistente em Administração, lotada no campus Campos Centro, da função de Coordenadora de Registro Acadêmico Ensino Técnico, código FG-1.</p><p>Art. 3.º Esta portaria entra em vigor na data de sua publicação no Diário Oficial de União.</p><p class="assina">JEFFERSON MANHÃES DE AZEVEDO</p><p></p>]]></Texto>
  </body>
</article></xml>