﻿<xml><article id="3463491" name="Port433-2018-DPCvM-ConcedePensão" idOficio="4813987" pubName="DO2" artType="Portaria" pubDate="01/06/2018" artClass="00010:00007:00014:00005:00000:00000:00000:00000:00000:00000:00025:00001" artCategory="Ministério da Defesa/Comando da Marinha/Diretoria-Geral do Pessoal/Diretoria do Pessoal Civil" artSize="8" artNotes="" numberPage="10" pdfPage="http://pesquisa.in.gov.br/imprensa/jsp/visualiza/index.jsp?data=01/06/2018&amp;jornal=529&amp;pagina=10" editionNumber="104" highlightType="" highlightPriority="" highlight="" idMateria="10797878">
  <body>
    <Identifica><![CDATA[ PORTARIA Nº 433/DPCvM ,  DE 21 DE MAIO DE 2018.]]></Identifica>
    <Data><![CDATA[]]></Data>
    <Ementa />
    <Titulo />
    <SubTitulo />
    <Texto><![CDATA[<p></p><p class="identifica">PORTARIA Nº 433/DPCvM , DE 21 DE MAIO DE 2018.</p><p>O DIRETOR DO PESSOAL CIVIL DA MARINHA, usando da atribuição que lhe confere a Portaria no 24/2017, da Diretoria-Geral do Pessoal da Marinha, resolve:</p><p>Art. 1o Conceder pensão temporária, na cota parte integral, a DANIELE FERREIRA DA SILVA SANTOS, 18.0797.84, CPF 103.225.897-70, viúva do Motorista Oficial, NI-C-II, 21.6211.79 JADIEL CARDOSO DOS SANTOS FERREIRA, Matrícula SIAPE 0955089, de acordo com o art. 215 c/c o inciso I, art. 217, da Lei no 8.112, de 11 de dezembro de 1990, alterada pelo art. 3o, da Lei no 13.135, de 17 de junho de 2015, observando a Emenda Constitucional no 41, de 19 de dezembro de 2003 c/c o inciso I, art. 2o, da Lei no 10.887, de 18 de junho de 2004, com vigência a partir de 3 de janeiro de 2018, data do falecimento do instituidor, até 3 de janeiro de 2033, em observância ao item 4, alínea b, inciso VII, art. 222, da citada Lei no 8.112/1990, com a redação dada pela Lei no 13.135/2015, no valor correspondente à totalidade dos seus proventos, até o limite máximo estabelecido para os benefícios do Regime Geral de Previdência Social de que trata o art. 201, da Constituição Federal, acrescido de setenta por cento da parcela excedente a esse limite (Processo no 63056.001751/2018-55, da BAeNSPA/DPCvM).</p><p>Art. 2o Esta Portaria entra em vigor na data de sua publicação.</p><p class="assina">CA SERGIO RICARDO SEGOVIA BARBOSA</p>]]></Texto>
  </body>
</article></xml>