﻿<xml><article id="3464868" name="20180530 - PORTARIAS DOU" idOficio="4814207" pubName="DO2" artType="Portaria" pubDate="01/06/2018" artClass="00011:00115:00000:00000:00000:00000:00000:00000:00000:00000:00025:00001" artCategory="Ministério da Educação/Universidade Federal da Integração Latino-Americana" artSize="8" artNotes="" numberPage="35" pdfPage="http://pesquisa.in.gov.br/imprensa/jsp/visualiza/index.jsp?data=01/06/2018&amp;jornal=529&amp;pagina=35" editionNumber="104" highlightType="" highlightPriority="" highlight="" idMateria="10798123">
  <body>
    <Identifica><![CDATA[ PORTARIA Nº 331, DE 25 DE MAIO DE 2018]]></Identifica>
    <Data><![CDATA[]]></Data>
    <Ementa />
    <Titulo />
    <SubTitulo />
    <Texto><![CDATA[<p></p><p class="identifica">PORTARIA Nº 331, DE 25 DE MAIO DE 2018</p><p>O REITOR PRO TEMPORE DA UNIVERSIDADE FEDERAL DA INTEGRAÇÃO LATINO-AMERICANA - UNILA, nomeado pela Portaria MEC nº 722/17, no uso de suas atribuições legais e considerando o inciso II do art. 1º do Decreto nº 91.800/85; Decreto nº 1.387/95 alterado pelos Decretos nº 2.349/99 e nº 3.025/99; art. 95 da Lei 8.112/90; IN PROGEPE nº 1/17; e o proc. 23422.006283/2018-51, resolve:</p><p>Art. 1º Autorizar o afastamento do país, com ônus limitado, da servidora LIVIA SANTOS DE SOUZA, Professora do Magistério Superior, SIAPE 1118082, pelo período de 16 a 24 de junho de 2018, para participação no "I Congreso Internacional de Literatura Mexicana", em Cidade de México, México.</p><p>Art. 2º Esta Portaria entra em vigor na data de sua publicação.</p><p class="assina">GUSTAVO OLIVEIRA VIEIRA</p><p class="identifica">PORTARIAS DE 29 DE MAIO DE 2018</p><p>O REITOR PRO TEMPORE DA UNIVERSIDADE FEDERAL DA INTEGRAÇÃO LATINO-AMERICANA, nomeado pela Portaria MEC nº 722/17, no uso de suas atribuições legais, de acordo com o inciso II do art. 9º da Lei nº 8.112/90, resolve:</p><p>Nº 352 - Art. 1º Designar, a servidora NOEMI FERREIRA FELISBERTO PEREIRA, Tecnica em Assuntos Educacionais, SIAPE 1837310, para exercer a função de Chefe da Divisão de Acompanhamento das Ações de Extensão, código FG-2 (Processo 23422.006441/2018-53).</p><p>Art. 2º Esta Portaria entra em vigor na data de sua publicação.</p><p>N° 353 - Art. 1º Designar, a servidora KELLY APARECIDA COSTA, Assistente em Administração, SIAPE 2149019, para exercer a função de Chefe da Divisão de Apoio Administrativo da PROEX, código FG-2 (Proc. 23422.006540/2018-96).</p><p>Art. 2º Esta Portaria entra em vigor na data de sua publicação.</p><p>Nº 355 - Art. 1º Nomear o servidor JOSE FERREIRA DA SILVA JUNIOR, Professor do Magistério Superior, SIAPE 1978042, para exercer o cargo de Coordenador do Centro Interdisciplinar de Tecnologia e Infraestrutura, código CD-4 (Proc. 23422.006705/2018-06).</p><p>Art. 2º Esta Portaria entra em vigor na data de sua publicação.</p><p class="assina">GUSTAVO OLIVEIRA VIEIRA</p>]]></Texto>
  </body>
</article></xml>