﻿<xml><article id="3462455" name="DESPACHO - JOÃO MANOEL PINHO DE " idOficio="4813845" pubName="DO2" artType="Despacho" pubDate="01/06/2018" artClass="00012:00002:00000:00000:00000:00000:00000:00000:00000:00000:00019:00010" artCategory="Ministério da Fazenda/Secretaria Executiva" artSize="8" artNotes="" numberPage="43" pdfPage="http://pesquisa.in.gov.br/imprensa/jsp/visualiza/index.jsp?data=01/06/2018&amp;jornal=529&amp;pagina=43" editionNumber="104" highlightType="" highlightPriority="" highlight="" idMateria="10797655">
  <body>
    <Identifica><![CDATA[ DESPACHO DE 30 de Maio de 2018]]></Identifica>
    <Data><![CDATA[]]></Data>
    <Ementa />
    <Titulo />
    <SubTitulo />
    <Texto><![CDATA[<p class="identifica">DESPACHO DE 30 de Maio de 2018</p><p>A SECRETÁRIA EXECUTIVA DO MINISTÉRIO DA FAZENDA, tendo em vista o Decreto nº 1.387, de 07 de fevereiro de 1995, e o Decreto nº 7.689, de 2 de março de 2012, e no uso das competências que lhe foram delegadas pelo artigo 9º da Portaria MF nº 160, de 6 de maio de 2016, alterada pela Portaria MF nº 124, de 10 de abril de 2018, e pelo artigo 10 da Portaria MF nº 40, de 31 de janeiro de 2018, autoriza o afastamento do País de JOÃO MANOEL PINHO DE MELLO, Secretário de Promoção da Produtividade e Advocacia da Concorrência, da Secretaria de Promoção da Produtividade e Advocacia da Concorrência, no período de 10 a 12 de junho de 2018, inclusive trânsito, com ônus, a fim de participar da Reunião Força-Tarefa Mesa Redonda sobre o Desenvolvimento do Mercado de Ações da América Latina da OCDE, em Buenos Aires, Argentina (Processo SEI nº 18101.100477/2018-59).</p><p class="assina">ANA PAULA VITALI JANES VESCOVI</p>]]></Texto>
  </body>
</article></xml>