﻿<xml><article id="3462196" name="PORTARIAS 90 e 91 SECEX" idOficio="4813818" pubName="DO2" artType="Portaria" pubDate="01/06/2018" artClass="00025:00002:00000:00000:00000:00000:00000:00000:00000:00000:00025:00002" artCategory="Ministério do Meio Ambiente/Secretaria Executiva" artSize="8" artNotes="" numberPage="68" pdfPage="http://pesquisa.in.gov.br/imprensa/jsp/visualiza/index.jsp?data=01/06/2018&amp;jornal=529&amp;pagina=68" editionNumber="104" highlightType="" highlightPriority="" highlight="" idMateria="10797586">
  <body>
    <Identifica><![CDATA[ PORTARIAS  DE 29 DE MAIO DE 2018]]></Identifica>
    <Data><![CDATA[]]></Data>
    <Ementa />
    <Titulo />
    <SubTitulo />
    <Texto><![CDATA[<p></p><p class="identifica">PORTARIAS DE 29 DE MAIO DE 2018</p><p>O SECRETÁRIO EXECUTIVO DO MINISTÉRIO DO MEIO AMBIENTE, SUBSTITUTO, no uso das atribuições que lhe confere o art. 38 da Lei no8.112, de 11 de dezembro de 1990, com a nova redação dada pela Lei no9.527, de 10 de dezembro de 1997, publicada no Diário Oficial da União de 11 de dezembro de 1997, e a Portaria no282, de 20 de agosto de 2009, publicada no D.O.U de 21 seguinte, resolve:</p><p>Nº 90 - Dispensar LUCIO COSTA PROENÇA, matrícula SIAPE nº 1907499, do encargo de substituto eventual da Função Comissionada do Poder Executivo de Coordenador, código FCPE 101.3, da Coordenação de Resíduos Solídos, da Secretaria de Recursos Hídricos e Qualidade Ambiental.</p><p>Nº 91 - Designar EDUARDO COSTA CARVALHO, matrícula SIAPE nº 2226302, para exercer o encargo de substituto eventual da Função Comissionada do Poder Executivo de Coordenador, código FCPE 101.3, da Coordenação de Resíduos Solídos, da Secretaria de Recursos Hídricos e Qualidade Ambiental, durante os afastamentos, impedimentos legais ou regulamentares do titular e na vacância do cargo.</p><p class="assina">ROMEU MENDES DO CARMO</p>]]></Texto>
  </body>
</article></xml>