﻿<xml><article id="3462302" name="SAA PORT 179 180" idOficio="4813843" pubName="DO2" artType="Portaria" pubDate="01/06/2018" artClass="00011:00002:00016:00000:00000:00000:00000:00000:00000:00000:00025:00001" artCategory="Ministério da Educação/Secretaria Executiva/Subsecretaria de Assuntos Administrativos" artSize="8" artNotes="" numberPage="18" pdfPage="http://pesquisa.in.gov.br/imprensa/jsp/visualiza/index.jsp?data=01/06/2018&amp;jornal=529&amp;pagina=18" editionNumber="104" highlightType="" highlightPriority="" highlight="" idMateria="10797491">
  <body>
    <Identifica><![CDATA[ PORTARIA Nº 179, DE 28 DE MAIO DE 2018]]></Identifica>
    <Data><![CDATA[]]></Data>
    <Ementa />
    <Titulo />
    <SubTitulo />
    <Texto><![CDATA[<p></p><p></p><p class="identifica">PORTARIA Nº 179, DE 28 DE MAIO DE 2018</p><p>O SUBSECRETÁRIO DE ASSUNTOS ADMINISTRATIVOS, DO MINISTÉRIO DA EDUCAÇÃO, de conformidade com a delegação de competência outorgada pelo art. 1oda Portaria SEGEP/MP no1.166, publicada no DOU de 12 de julho de 2012, e considerando o disposto no §2odo art. 84 da Lei no8.112, de 11 de dezembro de 1990, resolve efetivar o seguinte exercício provisório:</p><p>Servidor(a): CLAUDIA MARCIA BORITZA REIS</p><p>Mat. SIAPE: 2759896</p><p>Cargo: Assistente em Administração</p><p>Origem: Instituto Federal de Educação, Ciência e Tecnologia de Rondônia - IFRO</p><p>Para: Instituto Federal de Educação, Ciência e Tecnologia do Paraná - IFPR</p><p>Processo: 23000.017286/2018-03</p><p>Art. 1oCaberá ao órgão de destino apresentar o(a) servidor(a) ao seu órgão de origem ao término do exercício provisório.</p><p>Art. 2oO exercício provisório objeto desta Portaria cessará caso sobrevenha a desconstituição da entidade familiar cuja unidade se pretende assegurar ou na hipótese de novo deslocamento do cônjuge.</p><p>Art. 3oEsta Portaria entra em vigor na data de sua publicação.</p><p class="assina">JOSEMIR MARTINS DA SILVA</p><p class="identifica">PORTARIA Nº 180, DE 29 DE MAIO DE 2018</p><p>O SUBSECRETÁRIO DE ASSUNTOS ADMINISTRATIVOS, DO MINISTÉRIO DA EDUCAÇÃO, em conformidade com a delegação de competência outorgada pelo art. 1º da Portaria SEGEP/MP nº 1.166, publicada no DOU de 12 de julho de 2012, e considerando o disposto no §2º do art. 84 da Lei nº 8.112, de 11 de dezembro de 1990, resolve efetivar o seguinte exercício provisório:</p><p>Servidor(a): FRANCISCO IVONILDO DE OLIVEIRA FILHO</p><p>Mat. Siape: 1611655</p><p>Cargo: Analista de Tecnologia da Informação</p><p>Origem: Universidade Federal do Sul e Sudeste do Pará - UNIFESSPA</p><p>Para: Universidade Federal do Oeste do Pará- UFOPA</p><p>Processo: 23479.007818/2018-70</p><p>Art. 1º Caberá ao órgão de destino apresentar o(a) servidor(a) ao seu órgão de origem ao término do exercício provisório.</p><p>Art. 2º O exercício provisório objeto desta Portaria cessará caso sobrevenha a desconstituição da entidade familiar cuja unidade se pretende assegurar ou na hipótese de novo deslocamento do cônjuge.</p><p>Art. 3º Esta Portaria entra em vigor na data de sua publicação.</p><p class="assina">JOSEMIR MARTINS DA SILVA</p><p></p>]]></Texto>
  </body>
</article></xml>