﻿<xml><article id="3487675" name="3876 2018" idOficio="4814174" pubName="DO2" artType="Portaria" pubDate="04/06/2018" artClass="00011:00129:00005:00973:00000:00000:00000:00000:00000:00000:00025:00002" artCategory="Ministério da Educação/Universidade Federal do Rio Grande do Sul/Reitoria/Pró-Reitoria de Gestão de Pessoas/Departamento de Administração de Recursos Humanos" artSize="8" artNotes="" numberPage="21" pdfPage="http://pesquisa.in.gov.br/imprensa/jsp/visualiza/index.jsp?data=04/06/2018&amp;jornal=529&amp;pagina=21" editionNumber="105" highlightType="" highlightPriority="" highlight="" idMateria="10798070">
  <body>
    <Identifica><![CDATA[ PORTARIA N° 3.876, DE  26 DE MAIO DE 2018]]></Identifica>
    <Data><![CDATA[]]></Data>
    <Ementa />
    <Titulo />
    <SubTitulo />
    <Texto><![CDATA[<p class="identifica">PORTARIA N° 3.876, DE 26 DE MAIO DE 2018</p><p>o Pró-Reitor de Gestão de Pessoas DA UNIVERSIDADE FEDERAL DO RIO GRANDE DO SUL, no uso de suas atribuições, considerando o disposto na Portaria nº 7684, de 03 de outubro de 2016, resolve:</p><p>Nomear, em caráter efetivo, no cargo abaixo, na vaga referente ao respectivo código, em virtude de habilitação em Concurso Público, conforme Edital Nº 29/2017 de 12 de Maio de 2017, homologado em 15 de maio de 2017 e de acordo com o artigo 9º, item I, da Lei nº. 8.112, de 11 de dezembro de 1990, com as alterações dadas pela Lei nº. 11.091, de 12 de janeiro de 2005, publicada no Diário Oficial da União de 13 de janeiro de 2005, Decreto nº. 7.232, de 19 de julho de 2010, publicado no Diário Oficial da União de 20 de julho de 2010, Lei 12.772, de 28 de dezembro de 2012, publicada no Diário Oficial da União de 31 de dezembro de 2012. Processo nº. 23078.025182/2016-07.</p><p>Cargo 701079 - TÉCNICO EM ASSUNTOS EDUCACIONAIS - Classe E Padrão I</p><p>MATEUS BALLARDIN - Vaga SIAPE 272033</p><p class="assina">MAURICIO VIEGAS DA SILVA</p>]]></Texto>
  </body>
</article></xml>