﻿<xml><article id="3462542" name="Portaria Aposent 78 e 79 de 29 M" idOficio="4813876" pubName="DO2" artType="Portaria" pubDate="01/06/2018" artClass="00006:00019:00000:00000:00000:00000:00000:00000:00000:00000:00000:00015" artCategory="Presidência da República/Gabinete de Segurança Institucional/Agência Brasileira de Inteligência" artSize="8" artNotes="tit" numberPage="3" pdfPage="http://pesquisa.in.gov.br/imprensa/jsp/visualiza/index.jsp?data=01/06/2018&amp;jornal=529&amp;pagina=3" editionNumber="104" highlightType="" highlightPriority="" highlight="" idMateria="10797650">
  <body>
    <Identifica><![CDATA[PORTARIAS DE 29 DE MAIO DE 2018]]></Identifica>
    <Data><![CDATA[]]></Data>
    <Ementa />
    <Titulo />
    <SubTitulo><![CDATA[SECRETARIA DE PLANEJAMENTO E GESTÃO]]></SubTitulo>
    <Texto><![CDATA[<p class="subtitulo">SECRETARIA DE PLANEJAMENTO E GESTÃO</p><p class="subtitulo">DEPARTAMENTO DE GESTÃO DE PESSOAL</p><p class="identifica">PORTARIAS DE 29 DE MAIO DE 2018</p><p><strong>O DIRETOR DO DEPARTAMENTO DE GESTÃO DE PESSOAL SUBSTITUTO DA SECRETARIA DE PLANEJAMENTO E GESTÃO DA AGÊNCIA BRASILEIRA DE INTELIGÊNCIA DO GABINETE DE SEGURANÇA INSTITUCIONAL DA PRESIDÊNCIA DA REPÚBLICA</strong>nos termos do inciso II do artigo 1º da Portaria nº 378/ABIN/GSI/PR, de 27 de abril de 2017, resolve:</p><p>Nº 78 - Art. 1º Conceder aposentadoria voluntária com proventos integrais à servidora matrícula ABIN nº 909002, detentora do cargo de Analistas de Sistemas, Nível Superior, Classe "E", Padrão III, do Quadro de Pessoal da Agência Brasileira de Inteligência (ABIN), com fundamento no artigo 3º, incisos I, II e III, parágrafo único, da Emenda Constitucional nº 47/2005, c/c o § 18, do art. 40, da CF/88 e art. 5°, da Lei n° 10.887/2004, acrescida das vantagens previstas na Lei nº 11.776/2008, alterada pelas Leis nºs 12.277/2010 e 12.702/2012, e no artigo 15 da Lei n° 9.527/1997. (Processo nº 00091.000722/2018-20)</p><p>Art. 2º Declarar vago o referido cargo.</p><p>Nº 79 - Art. 1º Conceder aposentadoria voluntária com proventos integrais ao servidor matrícula ABIN nº 020792, detentor do cargo de Agente de Segurança, Nível Intermediário, Classe "E", Padrão III, do Quadro de Pessoal da Agência Brasileira de Inteligência (ABIN), com fundamento no artigo 3º, incisos I, II e III, parágrafo único, da Emenda Constitucional nº 47/2005, c/c o § 18, do art. 40, da CF/88 e art. 5°, da Lei n° 10.887/2004, acrescida das vantagens previstas na Lei nº 11.776/2008, alterada pelas Leis nºs 12.277/2010 e 12.702/2012. (Processo nº 00091.000526/2018-55)</p><p>Art. 2º Declarar extinto o referido cargo.</p><p>Publicado de acordo com o artigo 9º, da lei 9.883/99.</p><p class="assina">OSVALDO ANTÔNIO PINHEIRO SILVA</p>]]></Texto>
  </body>
</article></xml>