﻿<xml><article id="3462103" name="PTS27E32BLUMENAU__094941" idOficio="4813808" pubName="DO2" artType="Portaria" pubDate="01/06/2018" artClass="00022:00029:00241:00007:00086:00000:00000:00000:00000:00000:00025:00002" artCategory="Ministério do Desenvolvimento Social/Instituto Nacional do Seguro Social/Superintendência Regional Sul em Florianópolis/Gerência Executiva - B - em Blumenau/Seção Operacional da Gestão de Pessoas" artSize="8" artNotes="OK" numberPage="67" pdfPage="http://pesquisa.in.gov.br/imprensa/jsp/visualiza/index.jsp?data=01/06/2018&amp;jornal=529&amp;pagina=67" editionNumber="104" highlightType="" highlightPriority="" highlight="" idMateria="10797594">
  <body>
    <Identifica><![CDATA[ PORTARIA Nº 27, DE 14 DE MAIO  DE 2018]]></Identifica>
    <Data><![CDATA[]]></Data>
    <Ementa />
    <Titulo />
    <SubTitulo />
    <Texto><![CDATA[<p class="identifica">PORTARIA Nº 27, DE 14 DE MAIO DE 2018</p><p>A CHEFE DA SEÇÃO OPERACIONAL DA GESTÃO DE PESSOAS DA GERÊNCIA EXECUTIVA DO INSTITUTO NACIONAL DO SEGURO SOCIAL - INSS EM BLUMENAU, no uso da competência que lhe foi conferida pelo Art. 235, inciso I, alínea 'a' do Regimento Interno do INSS , aprovado pela Portaria Nº 414, de 28 de setembro de 2017, publicada no DOU - Edição Extra nº 188-A, de 29/9/2017 e Portaria nº 68 INSS/GEXBLU, de 19/07/2012, publicada no DOU nº 140, de 20/07/2012, considerando o contido no Processo Nº 35338.000080/2018-11, resolve:</p><p>Art. 1º Conceder Aposentadoria por Invalidez à servidora LUDIMILA CARVALHO, matrícula nº 1555952, ocupante do cargo de Técnico do Seguro Social, Classe C, Padrão III, do Quadro de Pessoal Ativo Permanente do Instituto Nacional do Seguro Social, com fundamento no Inciso I, Parágrafo 1º, do Artigo 40 da Constituição Federal, com proventos proporcionais ao tempo de contribuição.</p><p>Art. 2º Em consequência da Aposentadoria, declarar vago o referido cargo.</p><p>Art. 3º Esta Portaria entre em vigor na data de sua publicação.</p><p class="identifica">PORTARIA Nº 32, DE 29 DE MAIO DE 2018</p><p>A CHEFE DA SEÇÃO OPERACIONAL DA GESTÃO DE PESSOAS DA GERÊNCIA EXECUTIVA DO INSTITUTO NACIONAL DO SEGURO SOCIAL - INSS EM BLUMENAU, no uso da competência que lhe foi conferida pelo Art. 235, inciso I, alínea 'a' do Regimento Interno do INSS , aprovado pela Portaria Nº 414, de 28 de setembro de 2017, publicada no DOU - Edição Extra nº 188-A, de 29/9/2017 e Portaria nº 68 INSS/GEXBLU, de 19/07/2012, publicada no DOU nº 140, de 20/07/2012, considerando o contido no Processo Nº 35338.000089/2018-14, resolve:</p><p>Art. 1º Conceder Aposentadoria Voluntária por Tempo de Contribuição ao servidor JOSE LUIZ SOUZA CARDOSO, matrícula nº 0929093, ocupante do cargo de Agente de Vigilância, Classe S, Padrão IV, do Quadro de Pessoal Ativo Permanente do Instituto Nacional do Seguro Social, com fundamento no Artigo 3º da Emenda Constitucional nº 47, de 05 de julho de 2005, com 15% (quinze por cento), de Gratificação de Tempo de Serviço e demais vantagens a que faz jus.</p><p>Art. 2º Em consequência da Aposentadoria, declarar vago o referido cargo.</p><p>Art. 3º Esta Portaria entre em vigor na data de sua publicação.</p><p class="assina">ELIANE DOS SANTOS OLIVEIRA</p>]]></Texto>
  </body>
</article></xml>