﻿<xml><article id="3460232" name="P_1553_1554_DISPENSAR WENDES FER" idOficio="4813669" pubName="DO2" artType="Portaria" pubDate="01/06/2018" artClass="00011:00058:00001:00000:00000:00000:00000:00000:00000:00000:00025:00008" artCategory="Ministério da Educação/Instituto Federal de Educação, Ciência e Tecnologia de Brasília/Reitoria/Chefia de Gabinete da Reitoria" artSize="8" artNotes="" numberPage="25" pdfPage="http://pesquisa.in.gov.br/imprensa/jsp/visualiza/index.jsp?data=01/06/2018&amp;jornal=529&amp;pagina=25" editionNumber="104" highlightType="" highlightPriority="" highlight="" idMateria="10797274">
  <body>
    <Identifica><![CDATA[ PORTARIAS DE 29 DE MAIO DE 2018]]></Identifica>
    <Data><![CDATA[]]></Data>
    <Ementa />
    <Titulo />
    <SubTitulo />
    <Texto><![CDATA[<p></p><p class="identifica">PORTARIAS DE 29 DE MAIO DE 2018</p><p>O REITOR DO INSTITUTO FEDERAL DE BRASÍLIA, nomeado pelo Decreto de 05 de maio de 2015, publicado no Diário Oficial da União em 06 de maio de 2015, no uso de suas atribuições legais e regimentais, resolve:</p><p>Nº 1.553 - DISPENSAR, a pedido, o servidor WENDES FERNANDES RIBEIRO, matrícula SIAPE Nº 2194494, ocupante do cargo efetivo de Assistente em Administração, lotado no Campus Estrutural, da função de Coordenador de Registro Acadêmico, código FG-01, do Campus Estrutural, do Instituto Federal de Brasília, a contar de 14/05/2018.</p><p>Nº 1.554 - DESIGNAR o servidor IGO COSTA, matrícula SIAPE Nº 2008800, ocupante do cargo efetivo de Técnico de Tecnologia da Informação, lotado no Campus Estrutural, para exercer a função de Coordenador do Registro Acadêmico, código FG-01, do Campus Estrutural, do Instituto Federal de Brasília.</p><p>Art. 1º Estas Portarias entram em vigor na data de sua publicação.</p><p class="assina">WILSON CONCIANI</p>]]></Texto>
  </body>
</article></xml>