﻿<xml><article id="3465118" name="DESPACHO nº 512-2018 - LIA CALAB" idOficio="4814173" pubName="DO2" artType="Despacho" pubDate="01/06/2018" artClass="00009:00002:00000:00000:00000:00000:00000:00000:00000:00000:00019:00004" artCategory="Ministério da Cultura/Secretaria Executiva" artSize="8" artNotes="" numberPage="9" pdfPage="http://pesquisa.in.gov.br/imprensa/jsp/visualiza/index.jsp?data=01/06/2018&amp;jornal=529&amp;pagina=9" editionNumber="104" highlightType="" highlightPriority="" highlight="" idMateria="10798065">
  <body>
    <Identifica><![CDATA[ DESPACHO De 23 DE MAIO DE 2018]]></Identifica>
    <Data><![CDATA[]]></Data>
    <Ementa />
    <Titulo />
    <SubTitulo />
    <Texto><![CDATA[<p class="identifica">DESPACHO De 23 DE MAIO DE 2018</p><p>A SECRETÁRIA-EXECUTIVA DO MINISTÉRIO DA CULTURA, no uso da competência que lhe foi delegada pela Portaria nº 46, de 11 de abril de 2018, e tendo em vista o disposto no art. 2º, do Decreto nº 1.387, de 7 de fevereiro de 1995, resolve AUTORIZAR o afastamento do país de LIA CALABRE DE AZEVEDO FÉLIX, Pesquisadora do Centro de Pesquisa da Fundação Casa de Rui Barbosa, para participar do 56° Congresso Internacional de Americanistas, em Salamanca, Espanha, no período de 14 a 20 de julho de 2018, incluindo trânsito, com ônus/FCRB (Processo nº 01550.000110/2018-45).</p><p class="assina">MARIANA RIBAS DA SILVA</p>]]></Texto>
  </body>
</article></xml>