﻿<xml><article id="3466570" name="8499-18IVAN DE ARAUJO LIFSITCH E" idOficio="4814479" pubName="DO2" artType="Portaria" pubDate="01/06/2018" artClass="00032:00011:00015:00000:00000:00000:00000:00000:00000:00000:00025:00008" artCategory="Ministério Extraordinário da Segurança Pública/Departamento de Polícia Federal/Diretoria de Gestão de Pessoal/Coordenação de Recursos Humanos/Divisão de Administração de Recursos Humanos/Serviço de Cadastro" artSize="8" artNotes="" numberPage="81" pdfPage="http://pesquisa.in.gov.br/imprensa/jsp/visualiza/index.jsp?data=01/06/2018&amp;jornal=529&amp;pagina=81" editionNumber="104" highlightType="" highlightPriority="" highlight="" idMateria="10798555">
  <body>
    <Identifica><![CDATA[ PORTARIA Nº 8.499, DE 29 DE MAIO DE 2018]]></Identifica>
    <Data><![CDATA[]]></Data>
    <Ementa />
    <Titulo />
    <SubTitulo />
    <Texto><![CDATA[<p class="identifica">PORTARIA Nº 8.499, DE 29 DE MAIO DE 2018</p><p>O DIRETOR DE GESTÃO DE PESSOAL DA POLÍCIA FEDERAL, no uso das atribuições que lhe são conferidas pelos incisos XIV e XIX do art. 42 do Regimento Interno da Polícia Federal, aprovado pela Portaria MJ nº 1.252, de 29/12/2017, publicada no Diário Oficial da União nº 1, de 2/1/2018, Seção I, pp. 65/70, e tendo em vista o que consta do Processo nº 08240.007843/2018-53, resolve:</p><p>Conceder aposentadoria voluntária com proventos integrais a IVAN DE ARAÚJO LIFSITCH, matrícula SIAPE nº 184647, ocupante do cargo de Agente Administrativo, Classe S, Padrão III, do Quadro de Pessoal da Polícia Federal, com fundamento no artigo 3º da Emenda Constitucional nº 47/2005, declarando, em decorrência, a vacância do cargo.</p><p class="assina">DELANO CERQUEIRA BUNN</p>]]></Texto>
  </body>
</article></xml>