﻿<xml><article id="3461794" name="P395518" idOficio="4813763" pubName="DO2" artType="Portaria" pubDate="01/06/2018" artClass="00011:00129:00001:00000:00000:00000:00000:00000:00000:00000:00025:00001" artCategory="Ministério da Educação/Universidade Federal do Rio Grande do Sul/Reitoria" artSize="8" artNotes="" numberPage="39" pdfPage="http://pesquisa.in.gov.br/imprensa/jsp/visualiza/index.jsp?data=01/06/2018&amp;jornal=529&amp;pagina=39" editionNumber="104" highlightType="" highlightPriority="" highlight="" idMateria="10797528">
  <body>
    <Identifica><![CDATA[ PORTARIA Nº 3.955, de 29 DE MAIO DE 2018]]></Identifica>
    <Data><![CDATA[]]></Data>
    <Ementa />
    <Titulo />
    <SubTitulo />
    <Texto><![CDATA[<p class="identifica">PORTARIA Nº 3.955, de 29 DE MAIO DE 2018</p><p>O REITOR DA UNIVERSIDADE FEDERAL DO RIO GRANDE DO SUL, no uso de suas atribuições legais e estatutárias resolve:</p><p>Conceder aposentadoria, nos termos do artigo 3º, incisos I, II, III, da Emenda Constitucional nº 47, de 5 de julho de 2005, publicada no Diário Oficial da União do dia 6 subsequente, a MAURÍCIO VIÉGAS DA SILVA, matrícula SIAPE nº 0354315, no cargo de Administrador, nível de classificação E, nível de capacitação IV, padrão 16, do Quadro desta Universidade, no regime de quarenta horas semanais de trabalho, com exercício na Pró-Reitoria de Gestão de Pessoas, com proventos integrais e incorporando a vantagem pessoal de que trata a Lei nº 9.624, de 2 de abril de 1998, que assegurou o disposto no artigo 3º da Lei nº 8.911, de 11 de julho de 1994. Processo 23078.511700/2018-64.</p><p class="assina">RUI VICENTE OPPERMANN</p>]]></Texto>
  </body>
</article></xml>