﻿<xml><article id="3463554" name="RET_ATO_6034737" idOficio="4813992" pubName="DO2" artType="Retificação" pubDate="01/06/2018" artClass="00038:00007:00001:00000:00000:00000:00000:00000:00000:00000:00001:00016" artCategory="Poder Judiciário/Tribunal Regional Federal da 1ª Região/Presidência" artSize="8" artNotes="" numberPage="96" pdfPage="http://pesquisa.in.gov.br/imprensa/jsp/visualiza/index.jsp?data=01/06/2018&amp;jornal=529&amp;pagina=96" editionNumber="104" highlightType="" highlightPriority="" highlight="" idMateria="10797890">
  <body>
    <Identifica><![CDATA[ Retificação]]></Identifica>
    <Data><![CDATA[]]></Data>
    <Ementa />
    <Titulo />
    <SubTitulo />
    <Texto><![CDATA[<p class="identifica">Retificação</p><p>No ATO PRESI 6034737, de 25/05/2018, publicado no Diário Oficial da União de 28/05/2018, Seção 2, página 49, referente à nomeação da candidata REBECA CAMPOS MONTEIRO DE SOUZA para exercer o cargo efetivo de Analista Judiciário, Área Judiciária, Nível Superior, Classe "A", padrão 01, pertencente ao Quadro de Pessoal da Justiça Federal de Primeiro Grau, Seção Judiciária do Estado do Pará, Subseção Judiciária de Itaituba. Onde se lê: "...em decorrência da posse em outro cargo inacumulável de Fernando Henrique Silva Brito"; Leia-se: "... em cargo vago criado pela Lei 13.252/2016."</p>]]></Texto>
  </body>
</article></xml>