﻿<xml><article id="3464905" name="P2RF259" idOficio="4814209" pubName="DO2" artType="Portaria" pubDate="01/06/2018" artClass="00012:00055:00094:00000:00000:00000:00000:00000:00000:00000:00025:00002" artCategory="Ministério da Fazenda/Secretaria da Receita Federal do Brasil/Superintendência Regional da 2ª Região Fiscal" artSize="8" artNotes="" numberPage="48" pdfPage="http://pesquisa.in.gov.br/imprensa/jsp/visualiza/index.jsp?data=01/06/2018&amp;jornal=529&amp;pagina=48" editionNumber="104" highlightType="" highlightPriority="" highlight="" idMateria="10798126">
  <body>
    <Identifica><![CDATA[ PORTARIA Nº 259, DE 25 DE MAIO DE 2018]]></Identifica>
    <Data><![CDATA[]]></Data>
    <Ementa />
    <Titulo />
    <SubTitulo />
    <Texto><![CDATA[<p class="identifica">PORTARIA Nº 259, DE 25 DE MAIO DE 2018</p><p>O SUPERINTENDENTE SUBSTITUTO DA RECEITA FEDERAL DO BRASIL NA 2ª REGIÃO FISCAL, no uso das suas atribuições e da competência que lhe foi subdelegada pela Portaria RFB nº 4.338, de 09/09/2005, publicada no DOU de 12/09/2005, e tendo em vista a Portaria RFB nº 4.071, de 02/05/2007, publicada na edição extra do DOU de 02/05/2007, resolve:</p><p>Dispensar, a pedido, MARCELO RAMOS DE ARAUJO, Auditor-Fiscal da Receita Federal do Brasil, matrícula SIAPEcad nº 01221286, da função gratificada de chefe da Seção de Conferência de Bagagem - SABAG, da Alfandega da Receita Federal do Brasil no Aeroporto Internacional Eduardo Gomes (AM), código FG-1.</p><p class="assina">MARCUS AURÉLIO CALDEIRA ANTUNES</p>]]></Texto>
  </body>
</article></xml>