﻿<xml><article id="3462515" name="CGGP PORT 120" idOficio="4813835" pubName="DO2" artType="Portaria" pubDate="01/06/2018" artClass="00011:00002:00016:00025:00000:00000:00000:00000:00000:00000:00025:00001" artCategory="Ministério da Educação/Secretaria Executiva/Subsecretaria de Assuntos Administrativos/Coordenação-Geral de Gestão de Pessoas" artSize="8" artNotes="" numberPage="18" pdfPage="http://pesquisa.in.gov.br/imprensa/jsp/visualiza/index.jsp?data=01/06/2018&amp;jornal=529&amp;pagina=18" editionNumber="104" highlightType="" highlightPriority="" highlight="" idMateria="10797649">
  <body>
    <Identifica><![CDATA[ PORTARIA Nº 120, DE 29 DE MAIO DE 2018]]></Identifica>
    <Data><![CDATA[]]></Data>
    <Ementa />
    <Titulo />
    <SubTitulo />
    <Texto><![CDATA[<p></p><p class="identifica">PORTARIA Nº 120, DE 29 DE MAIO DE 2018</p><p>A COORDENADORA-GERAL DE GESTÃO DE PESSOAS DA SUBSECRETARIA DE ASSUNTOS ADMINISTRATIVOS DO MINISTÉRIO DA EDUCAÇÃO, usando da competência que lhe foi subdelegada pela Portaria nº 96, de 30 de abril de 2003, publicada no Diário Oficial de 02 de maio de 2003, e tendo em vista o que consta do processo nº 23000.017792/2018-94, resolve:</p><p>Conceder, a partir de 03/03/2018, pensão vitalícia a ELZA FARO GUIMARÃES, esposa do ex-servidor ALBERTO PINTO DANTAS GUIMARÃES, matrícula nº 0042520, Técnico em Assuntos Educacionais, classe S, padrão III, do Quadro de Pessoal deste Ministério, com fundamento no artigo 217, inciso I, e no artigo 222, inciso VII, alínea b, item 6 da Lei nº 8.112/90, alterada pela Lei nº 13.135/2015, e do artigo 40, § 7º, inciso I, da Constituição da República Federativa do Brasil, com a nova redação trazida pela Emenda Constitucional nº 41/2003, combinado com o artigo 2º, inciso I, da Lei nº 10.887/04.</p><p class="assina">MARIEDEN MARTINS TOSTA</p><p></p>]]></Texto>
  </body>
</article></xml>