﻿<xml><article id="3462040" name="EDITALPORTOALEGRE" idOficio="4813808" pubName="DO2" artType="Edital" pubDate="01/06/2018" artClass="00099:00022:00029:00241:00005:00023:00003:00000:00000:00000:00000:00021:00005" artCategory="Editais e Avisos" artSize="12" artNotes="" numberPage="105" pdfPage="http://pesquisa.in.gov.br/imprensa/jsp/visualiza/index.jsp?data=01/06/2018&amp;jornal=529&amp;pagina=105" editionNumber="104" highlightType="" highlightPriority="" highlight="" idMateria="10797597">
  <body>
    <Identifica><![CDATA[ EDITAL  Nº 7,  DE 30 de Maio de 2018 SUSPENSAO DE PAGAMENTO]]></Identifica>
    <Data><![CDATA[]]></Data>
    <Ementa />
    <Titulo />
    <SubTitulo />
    <Texto><![CDATA[<p></p><p class="identifica">EDITAL Nº 7, DE 30 de Maio de 2018 SUSPENSAO DE PAGAMENTO</p><p>A CHEFE DA SEÇÃO OPERACIONAL DA GESTÃO DE PESSOAS DA GEXPOA/INSS, em conformidade com as disposições estabelecidas pelo Decreto nº 7.862/2012, de 08 de dezembro de 2012, Portaria MP nº 363, de 28 de novembro de 2016 e pela Orientação Normativa SEGRT/MP Nº 1, de 02 de janeiro de 2017, resolve,</p><p>1. Tornar pública a relação dos aposentados e/ou pensionistas que terão o pagamento do provento e/ou benefício de pensão suspenso no mês de MAIO/2018, por motivo de não atendimento à convocação e respectiva notificação para realizar o recadastramento anual, do mês de Fevereiro/2018:</p><p /><p></p><table><tr /><tr><td><p>Matrícula</p></td><td><p>CPF</p></td><td><p>Nomes</p></td></tr><tr><td><p>0753349</p></td><td><p>157.210.430-91</p></td><td><p>Jorge da Silva Avila</p></td></tr></table><p>2. O restabelecimento do pagamento do provento e/ou do benefício de pensão fica condicionado ao recadastramento mediante comparecimento pessoal do interessado na Unidade de Recursos Humanos, sito à Rua Jerônimo Coelho, nº 127, sala 1415,</p><p>Centro, em Porto Alegre/RS, portando a documentação estabelecida nos artigos 5º e 6º da ON SEGRT/MP Nº 1, publicada no Diário Oficial da União de 05 de janeiro de 2017.</p><p>3. Na hipótese de moléstia grave ou de impossibilidade de locomoção do aposentado e/ou pensionista deverá ser solicitada visita técnica, por meio do telefone (51) 32085203, para comprovação de vida do titular do benefício, ficando o pagamento restabelecido provisoriamente até que seja realizada a visita.</p><p class="assina">Magda de Lima Hippler</p>]]></Texto>
  </body>
</article></xml>