﻿<xml><article id="3466221" name="DOU 2-CE-1PT-363-UNI-28928_terc7" idOficio="4814391" pubName="DO2" artType="Portaria" pubDate="01/06/2018" artClass="00034:00007:00027:00000:00000:00000:00000:00000:00000:00000:00025:00001" artCategory="Ministério Público da União/Ministério Público Federal/Procuradoria da República no Estado do Ceará" artSize="8" artNotes="" numberPage="83" pdfPage="http://pesquisa.in.gov.br/imprensa/jsp/visualiza/index.jsp?data=01/06/2018&amp;jornal=529&amp;pagina=83" editionNumber="104" highlightType="" highlightPriority="" highlight="" idMateria="10798497">
  <body>
    <Identifica><![CDATA[ PORTARIA N° 363, DE 22 DE MAIO DE 2018]]></Identifica>
    <Data><![CDATA[]]></Data>
    <Ementa />
    <Titulo />
    <SubTitulo />
    <Texto><![CDATA[<p class="identifica">PORTARIA N° 363, DE 22 DE MAIO DE 2018</p><p>O PROCURADOR-CHEFE DA PROCURADORIA DA REPÚBLICA NO ESTADO DO CEARÁ, no uso da competência que lhe foi delegada pelo artigo 56, inciso VI, do Regimento Interno do Ministério Público Federal, aprovado pela Portaria PGR nº 357, de 05 de maio de 2015, resolve:</p><p>Exonerar o servidor NILTON OLIVEIRA SILVA, matrícula 28168, ocupante do cargo de Técnico do MPU/Administração, bacharel em Direito, do cargo em comissão de Assessor - Nível II, CC-02, do GABPR7-LCOJ, da Procuradoria da República no Estado do Ceará.</p><p>Nomear o servidor JONAS CUNHA TEMPORAL, matrícula 24851, ocupante do cargo de Analista do MPU/Direito, para o cargo em comissão de Assessor - Nível II, CC-02, do GABPR7-LCOJ, da Procuradoria da República no Estado do Ceará.</p><p class="assina">RÔMULO MOREIRA CONRADO</p><p></p>]]></Texto>
  </body>
</article></xml>