﻿<xml><article id="3463563" name="ato de APOSENTADORIAMARLENE" idOficio="4813994" pubName="DO2" artType="Portaria" pubDate="01/06/2018" artClass="00012:00002:00012:00023:00000:00000:00000:00000:00000:00000:00025:00003" artCategory="Ministério da Fazenda/Secretaria Executiva/Subsecretaria de Planejamento, Orçamento e Administração/Superintendência de Administração no Mato Grosso do Sul" artSize="8" artNotes="" numberPage="45" pdfPage="http://pesquisa.in.gov.br/imprensa/jsp/visualiza/index.jsp?data=01/06/2018&amp;jornal=529&amp;pagina=45" editionNumber="104" highlightType="" highlightPriority="" highlight="" idMateria="10797892">
  <body>
    <Identifica><![CDATA[                          PORTARIA Nº 18, DE 29 DE MAIO DE 2018]]></Identifica>
    <Data><![CDATA[]]></Data>
    <Ementa />
    <Titulo />
    <SubTitulo />
    <Texto><![CDATA[<p></p><p class="identifica">PORTARIA Nº 18, DE 29 DE MAIO DE 2018</p><p>O SUPERINTENDENTE DE ADMINISTRAÇÃO DO MINISTÉRIO DA FAZENDA NO MATO GROSSO DO SUL, no uso das atribuições que lhe confere o artigo 86, inciso XI, da Portaria nº. 144, de 27/04/2016, publicada no D.O.U de 29/04/2016, e tendo em vista o que consta no processo nº 11597.100255/2018-62, resolve:</p><p>Conceder aposentadoria voluntária com proventos integrais, à servidora Marlene Porto Alcantara Matos, Matrícula SIAPE nº 0154577 e SIAPECAD nº 00027811, ocupante do Cargo de Odontólogo, código 489040, Classe S, Padrão III, lotada na Superintendência de Administração do Ministério da Fazenda /MS, com fundamento legal no artigo 3º da Emenda Constitucional 47/2005 (código do fundamento: 047001).</p><p class="assina">MAURÍCIO BENÍCIO DOS SANTOS</p>]]></Texto>
  </body>
</article></xml>