﻿<xml><article id="3462199" name="PORTARIAS Nº 88 E 89 SECEX" idOficio="4813818" pubName="DO2" artType="Portaria" pubDate="01/06/2018" artClass="00025:00002:00000:00000:00000:00000:00000:00000:00000:00000:00025:00001" artCategory="Ministério do Meio Ambiente/Secretaria Executiva" artSize="8" artNotes="" numberPage="68" pdfPage="http://pesquisa.in.gov.br/imprensa/jsp/visualiza/index.jsp?data=01/06/2018&amp;jornal=529&amp;pagina=68" editionNumber="104" highlightType="" highlightPriority="" highlight="" idMateria="10797585">
  <body>
    <Identifica><![CDATA[ PORTARIAS DE 29 DE MAIO DE 2018]]></Identifica>
    <Data><![CDATA[]]></Data>
    <Ementa />
    <Titulo />
    <SubTitulo />
    <Texto><![CDATA[<p class="identifica">PORTARIAS DE 29 DE MAIO DE 2018</p><p>O SECRETÁRIO EXECUTIVO DO MINISTÉRIO DO MEIO AMBIENTE, SUBSTITUTO no uso das atribuições que lhe confere o art. 38 da Lei no8.112, de 11 de dezembro de 1990, com a nova redação dada pela Lei no9.527, de 10 de dezembro de 1997, publicada no Diário Oficial da União de 11 de dezembro de 1997, e a Portaria no282, de 20 de agosto de 2009, publicada no D.O.U de 21 seguinte, resolve:</p><p>Nº 88 - Dispensar, a partir de 03 de abril de 2018, THAÍS REGIS COSTA, matrícula SIAPE nº 2002589, do encargo de substituta eventual da Função Comissionada do Poder Executivo de Chefe de Serviço, código FCPE 101.1, de Serviço de Execução Orçamentária e Financeira da Secretaria de Biodiversidade.</p><p>Nº 89 - Designar MARCELO MOURÃO MOTTA GROSSI, matrícula SIAPE nº 1425837, o encargo de substituto eventual da Função Comissionada do Poder Executivo de Chefe de Serviço, código FCPE 101.1, de Serviço de Execução Orçamentária e Financeira da Secretaria de Biodiversidade.</p><p class="assina">ROMEU MENDES DO CARMO</p>]]></Texto>
  </body>
</article></xml>