﻿<xml><article id="3463398" name="PT66GOIANIA" idOficio="4813984" pubName="DO2" artType="Portaria" pubDate="01/06/2018" artClass="00022:00029:00238:00009:04351:00000:00000:00000:00000:00000:00025:00004" artCategory="Ministério do Desenvolvimento Social/Instituto Nacional do Seguro Social/Superintendência Regional Norte/Centro-Oeste em Brasília/Gerência Executiva - B - em Goiânia/Seção Operacional da Gestão de Pessoas" artSize="8" artNotes="OK" numberPage="64" pdfPage="http://pesquisa.in.gov.br/imprensa/jsp/visualiza/index.jsp?data=01/06/2018&amp;jornal=529&amp;pagina=64" editionNumber="104" highlightType="" highlightPriority="" highlight="" idMateria="10797811">
  <body>
    <Identifica><![CDATA[ PORTARIA Nº 66, DE 30 DE MAIO DE 2018]]></Identifica>
    <Data><![CDATA[]]></Data>
    <Ementa />
    <Titulo />
    <SubTitulo />
    <Texto><![CDATA[<p class="identifica">PORTARIA Nº 66, DE 30 DE MAIO DE 2018</p><p>O Chefe da Seção Operacional da Gestão de Pessoas da Gerência Executiva do INSS em Goiânia, no uso da competência conferida pela PT/MDS n.º 414, de 28/09/2017, Art. 235, item I alínea "e", publicada no DOU-188-A, de 29/09/2017, Decreto nº 9.104 de 24/07/2017 e PT/INSS/GEXGOI nº 23, de 22/03/2017, publicada no DOU nº 57, de 23/03/2017 e tendo em vista o disposto no Processo nº 35069.000452/2018-19, resolve:</p><p>Conceder aposentadoria voluntária a servidora Maria Neiva Neves Perillo, matrícula SIAPE nº 0887955, ocupante do cargo de Técnico do Seguro Social, Classe "S", Padrão IV, do quadro de pessoal do Instituto Nacional do Seguro Social, com fundamento no artigo 3º da Emenda Constitucional nº 47/2005, com proventos integrais, acrescida das demais vantagens a que faz jus. Tornar vago o referido cargo.</p><p class="assina">CLAUDINOR ROMAGNOLI JÚNIOR</p>]]></Texto>
  </body>
</article></xml>