﻿<xml><article id="3459659" name="209_210_DG_Substitutos_Designar_" idOficio="4810474" pubName="DO2" artType="Portaria" pubDate="01/06/2018" artClass="00006:00019:00000:00000:00000:00000:00000:00000:00000:00000:00000:00005" artCategory="Presidência da República/Gabinete de Segurança Institucional/Agência Brasileira de Inteligência" artSize="8" artNotes="" numberPage="3" pdfPage="http://pesquisa.in.gov.br/imprensa/jsp/visualiza/index.jsp?data=01/06/2018&amp;jornal=529&amp;pagina=3" editionNumber="104" highlightType="" highlightPriority="" highlight="" idMateria="10791099">
  <body>
    <Identifica><![CDATA[ PORTARIAS DE 24 DE MAIO DE 2018]]></Identifica>
    <Data><![CDATA[]]></Data>
    <Ementa />
    <Titulo />
    <SubTitulo />
    <Texto><![CDATA[<p class="identifica">PORTARIAS DE 24 DE MAIO DE 2018</p><p><strong>O DIRETOR-GERAL DA AGÊNCIA BRASILEIRA DE INTELIGÊNCIA DO GABINETE DE SEGURANÇA INSTITUCIONAL DA PRESIDÊNCIA DA REPÚBLICA</strong>, no uso de suas atribuições e tendo em vista o disposto no art. 38 da Lei nº 8.112, de 11 de dezembro de 1990, resolve:</p><p>Nº 209 - Art. 1º Designar matrícula nº 910467 para o encargo de substituta eventual do Superintendente, código FCPE 101.4.</p><p>Nº 210 - Art. 1º Dispensar, a partir de 1º de junho de 2018, matrícula nº 909002, do encargo de substituta eventual do Superintendente, código FCPE 101.4.</p><p>Art. 2° Estas Portarias entram em vigor na data de sua publicação.</p><p class="assina">JANER TESCH HOSKEN ALVARENGA</p>]]></Texto>
  </body>
</article></xml>