﻿<xml><article id="3464535" name="Portaria 222" idOficio="4814162" pubName="DO2" artType="Portaria" pubDate="01/06/2018" artClass="00031:00005:00001:00000:00000:00000:00000:00000:00000:00000:00025:00002" artCategory="Ministério dos Transportes, Portos e Aviação Civil/Agência Nacional de Transportes Terrestres/Gabinete do Diretor-Geral" artSize="8" artNotes="" numberPage="80" pdfPage="http://pesquisa.in.gov.br/imprensa/jsp/visualiza/index.jsp?data=01/06/2018&amp;jornal=529&amp;pagina=80" editionNumber="104" highlightType="" highlightPriority="" highlight="" idMateria="10798054">
  <body>
    <Identifica><![CDATA[ PORTARIA Nº 222, DE 30 DE MAIO DE 2018]]></Identifica>
    <Data><![CDATA[]]></Data>
    <Ementa />
    <Titulo />
    <SubTitulo />
    <Texto><![CDATA[<p class="identifica">PORTARIA Nº 222, DE 30 DE MAIO DE 2018</p><p>O DIRETOR-GERAL DA AGÊNCIA NACIONAL DE TRANSPORTES TERRESTRES - ANTT, no uso das atribuições que lhe confere no art. 12 do Regimento Interno aprovado pela Resolução nº 5.810, de 03 de maio de 2018, publicada no DOU de 10 de maio de 2018, e tendo em vista o disposto do inciso I, do art. 35, da Lei nº 8.112, de 11 de dezembro de 1990, resolve:</p><p>Art. 1º Exonerar NARA KOHLSDORF, matrícula SIAPE nº 1567037, do Cargo Comissionado de Gerente de Política Regulatória e Regulação Econômica, Código CGE II, desta Agência, a partir de 30 de maio de 2018.</p><p>Art. 2º Esta Portaria entra em vigor na data de sua publicação.</p><p class="assina">MARIO RODRIGUES JUNIOR</p>]]></Texto>
  </body>
</article></xml>