﻿<xml><article id="3463959" name="Portarias 1251 1252 1253" idOficio="4814060" pubName="DO2" artType="Portaria" pubDate="01/06/2018" artClass="00011:00065:00001:00001:00000:00000:00000:00000:00000:00000:00025:00001" artCategory="Ministério da Educação/Instituto Federal de Educação, Ciência e Tecnologia de Goiás/Reitoria/Gabinete" artSize="8" artNotes="" numberPage="27" pdfPage="http://pesquisa.in.gov.br/imprensa/jsp/visualiza/index.jsp?data=01/06/2018&amp;jornal=529&amp;pagina=27" editionNumber="104" highlightType="" highlightPriority="" highlight="" idMateria="10797928">
  <body>
    <Identifica><![CDATA[ PORTARIAS  DE 30 DE MAIO DE 2018 ]]></Identifica>
    <Data><![CDATA[]]></Data>
    <Ementa />
    <Titulo />
    <SubTitulo />
    <Texto><![CDATA[<p class="identifica">PORTARIAS DE 30 DE MAIO DE 2018</p><p>O REITOR DO INSTITUTO FEDERAL DE EDUCAÇÃO, CIÊNCIA E TECNOLOGIA DE GOIÁS - IFG, nomeado por Decreto Presidencial de 04 de outubro de 2017, publicado no Diário Oficial da União de 05.10.2017, no uso de suas atribuições legais e regimentais, resolve:</p><p>N° 1.251 - Considerando o que consta no Processo nº 23744.000576/2018-14 e a delegação de competência estabelecida pela Portaria MEC nº 404, de 23 de abril de 2009, autorizar o afastamento do país do servidor RUBERLEY RODRIGUES DE SOUZA, ocupante do cargo de Professor EBTT, Matrícula SIAPE n° 1164690, lotado no Câmpus Jataí do IFG, para participar da reunião de treinamento/controle de qualidade do Projeto Latin-America Practices and Soft Skills for Innovation Oriented Network (LAPASSION), a se realizar em Santiago, Chile, no período de 02 a 09 de junho de 2018, com trânsito incluso e ônus para o IFG, nos termos da Portaria IFG nº 1541, de 08 de julho de 2016.</p><p>N° 1.252 - Considerando o que consta no Memorando nº 098/2018/PROPPG/IFG, retificar a Portaria nº 1.213, de 23 de maio de 2018, que autorizou o afastamento do país do servidor DAYWES PINHEIRO NETO, ocupante do cargo de Professor EBTT, Matrícula SIAPE n° 1662229, lotado no Câmpus Goiânia do IFG, para participar de reunião da equipe do Projeto LAPASSION (Latin-America Practices and Soft Skills for Innovation Oriented Network), a se realizar em Santiago, Chile, com trânsito incluso e ônus para a Comissão Europeia, nos termos da Portaria IFG nº 1541, de 08 de julho de 2016, conforme detalhamento a seguir:</p><p>Onde se lê:</p><p>"no período de 04 a 08 de junho de 2018";</p><p>Leia-se:</p><p>"no período de 02 a 09 de junho de 2018".</p><p>N° 1.253 - Considerando o que consta no Memorando nº 098/2018/PROPPG/IFG, retificar a Portaria nº 1.242, de 29 de maio de 2018, que autorizou o afastamento do país do servidor MARCELO ESCOBAR DE OLIVEIRA, ocupante do cargo de Professor EBTT, Matrícula SIAPE n° 1757804, lotado no Câmpus Itumbiara do IFG, para participar da reunião de treinamento do Projeto Latin-America Practices and Soft Skills for Innovation Oriented Network (LAPASSION), a se realizar em Santiago, Chile, com trânsito incluso e ônus para a Comissão Europeia, nos termos da Portaria IFG nº 1541, de 08 de julho de 2016, conforme detalhamento a seguir:</p><p>Onde se lê:</p><p>"no período de 04 a 08 de junho de 2018";</p><p>Leia-se:</p><p>"no período de 02 a 09 de junho de 2018".</p><p class="assina">JERÔNIMO RODRIGUES DA SILVA</p><p></p>]]></Texto>
  </body>
</article></xml>