﻿<xml><article id="3460205" name="PORTARIA 438-2018 - Redistribuiç" idOficio="4812195" pubName="DO2" artType="Portaria" pubDate="01/06/2018" artClass="00038:00021:00001:00000:00000:00000:00000:00000:00000:00000:00025:00001" artCategory="Poder Judiciário/Tribunal Regional Eleitoral do Maranhão/Presidência" artSize="8" artNotes="" numberPage="96" pdfPage="http://pesquisa.in.gov.br/imprensa/jsp/visualiza/index.jsp?data=01/06/2018&amp;jornal=529&amp;pagina=96" editionNumber="104" highlightType="" highlightPriority="" highlight="" idMateria="10794280">
  <body>
    <Identifica><![CDATA[ PORTARIA Nº 438, DE 17 DE MAIO DE 2018]]></Identifica>
    <Data><![CDATA[]]></Data>
    <Ementa />
    <Titulo />
    <SubTitulo />
    <Texto><![CDATA[<p class="identifica">PORTARIA Nº 438, DE 17 DE MAIO DE 2018</p><p>O PRESIDENTE DO TRIBUNAL REGIONAL ELEITORAL DO MARANHÃO, no uso das atribuições legais e tendo em vista a Resolução nº 23.563/2018/TSE, a Instrução Normativa 02/2014/TRE-MA e o PAD nº 3.241/2017, resolve:</p><p>Art. 1º Redistribuir, com fundamento no art. 37 da Lei nº 8.112, de 11/12/1990 c/c Resolução nº 146, de 06/03/2012, do Conselho Nacional de Justiça, o cargo ocupado pela servidora FRANCISCA VERÔNICA DA SILVA MAIA SALES, de Analista Judiciário, Área Administrativa, n. 67, criado pela Lei n. 10.842/2004, do quadro de pessoal deste Tribunal, em reciprocidade com cargo vago de idêntica denominação, do quadro de pessoal do Tribunal Regional Eleitoral do Ceará.</p><p>Art. 2º Esta Portaria entra em vigor na data de sua publicação, com efeitos a partir de 1º/06/2018.</p><p class="assina">Des. RICARDO DUAILIBE</p>]]></Texto>
  </body>
</article></xml>