﻿<xml><article id="3487438" name="LAUDA SCCN DOU 29 de maio" idOficio="4812683" pubName="DO2" artType="Ato" pubDate="04/06/2018" artClass="00038:00054:00003:00000:00000:00000:00000:00000:00000:00000:00001:00001" artCategory="Poder Judiciário/Tribunal Regional do Trabalho da 15ª Região/Presidência" artSize="8" artNotes="" numberPage="54" pdfPage="http://pesquisa.in.gov.br/imprensa/jsp/visualiza/index.jsp?data=04/06/2018&amp;jornal=529&amp;pagina=54" editionNumber="105" highlightType="" highlightPriority="" highlight="" idMateria="10795053">
  <body>
    <Identifica><![CDATA[ ATO CPV Nº 86, DE 21 DE MAIO DE 2018]]></Identifica>
    <Data><![CDATA[]]></Data>
    <Ementa />
    <Titulo />
    <SubTitulo />
    <Texto><![CDATA[<p class="identifica">ATO CPV Nº 86, DE 21 DE MAIO DE 2018</p><p>O DESEMBARGADOR PRESIDENTE DO TRIBUNAL REGIONAL DO TRABALHO DA 15ª REGIÃO, no uso de suas atribuições legais e regimentais, de acordo com os artigos 1º e 2º da Resolução Administrativa nº 147/2012, do CNJ, bem como o previsto no artigo 22, inciso XI, do Regimento Interno deste Regional, e ainda o que consta do Processo PROAD nº 5572/2018, resolve:</p><p>Nomear, nos termos do artigo 5º, da Lei nº 11.416/2006, SIMONE REGINA FANTIN, Técnico Judiciário, área Administrativa, do Quadro Permanente da Secretaria deste Tribunal, para exercer o cargo em comissão de Diretor de Secretaria de Vara do Trabalho CJ-3, do mesmo Quadro, em vaga decorrente da exoneração de Gilberto Zen.</p><p class="assina">Fernando da Silva Borges</p>]]></Texto>
  </body>
</article></xml>