﻿<xml><article id="3464862" name="Portaria 212.2018" idOficio="4814224" pubName="DO2" artType="Portaria" pubDate="01/06/2018" artClass="00025:00003:00002:00000:00000:00000:00000:00000:00000:00000:00025:00001" artCategory="Ministério do Meio Ambiente/Agência Nacional de Águas/Diretor-Presidente" artSize="8" artNotes="" numberPage="69" pdfPage="http://pesquisa.in.gov.br/imprensa/jsp/visualiza/index.jsp?data=01/06/2018&amp;jornal=529&amp;pagina=69" editionNumber="104" highlightType="" highlightPriority="" highlight="" idMateria="10798113">
  <body>
    <Identifica><![CDATA[ PORTARIA Nº 212, DE 28 DE MAIO DE 2018]]></Identifica>
    <Data><![CDATA[]]></Data>
    <Ementa />
    <Titulo />
    <SubTitulo />
    <Texto><![CDATA[<p class="identifica">PORTARIA Nº 212, DE 28 DE MAIO DE 2018</p><p>A DIRETORA-PRESIDENTE DA AGÊNCIA NACIONAL DE ÁGUAS - ANA, no uso da atribuição que lhe confere o art. 112, inciso VI, do Anexo I da Resolução nº 32, de 23 de abril de 2018, publicada no DOU de 7 de maio de 2018, que aprovou o Regimento Interno da ANA, e tendo em vista o disposto no art. 38 da Lei nº 8.112, de 11 de dezembro de 1990, resolve:</p><p>Art. 1º Designar RAYLTON ALVES BATISTA para substituir a Assessora de Comunicação Social, código CA II, em seus afastamentos e impedimentos legais, no período de 4 a 13 de junho de 2018.</p><p>Art. 2º Esta Portaria entra em vigor na data de sua publicação.</p><p class="assina">CHRISTIANNE DIAS FERREIRA</p>]]></Texto>
  </body>
</article></xml>