﻿<xml><article id="3464676" name="PORTARIA 671 JOSE BARBOSA FILHO " idOficio="4814190" pubName="DO2" artType="Portaria" pubDate="01/06/2018" artClass="00011:00106:00001:00041:00000:00000:00000:00000:00000:00000:00025:00001" artCategory="Ministério da Educação/Universidade Federal da Bahia/Reitoria/Coordenação de Gestão de Pessoas" artSize="8" artNotes="" numberPage="32" pdfPage="http://pesquisa.in.gov.br/imprensa/jsp/visualiza/index.jsp?data=01/06/2018&amp;jornal=529&amp;pagina=32" editionNumber="104" highlightType="" highlightPriority="" highlight="" idMateria="10798079">
  <body>
    <Identifica><![CDATA[ PORTARIA Nº 671, DE 30 DE MAIO DE 2018]]></Identifica>
    <Data><![CDATA[]]></Data>
    <Ementa />
    <Titulo />
    <SubTitulo />
    <Texto><![CDATA[<p class="identifica">PORTARIA Nº 671, DE 30 DE MAIO DE 2018</p><p>A COORDENADORA DE GESTÃO DE PESSOAS DA UNIVERSIDADE FEDERAL DA BAHIA, no uso de suas atribuições que lhe foram delegadas pela Portaria PRODEP nº 10/2011, e, tendo em vista o que consta do Processo n.º 23066.028112/2018-01, resolve:</p><p>Conceder aposentadoria voluntária com proventos integrais a JOSE BARBOSA FILHO, matrícula SIAPE nº 0285086, ocupante do cargo de Professor do Magistério Superior, Classe C, Denominação Adjunto, Nível 2, Titulação Especialização, em regime de trabalho de Dedicação Exclusiva, lotado na Escola Politécnica desta Universidade, com fundamento no artigo 3º da Emenda Constitucional nº 47, de 05 de julho de 2005.</p><p>Declarar vago o respectivo cargo.</p><p class="assina">CATIA CRISTINA PEREIRA SANTANA DE CARDOSO MELO</p>]]></Texto>
  </body>
</article></xml>