﻿<xml><article id="3465734" name="AFAST_Aline Visconti Rodrigues_E" idOficio="4814379" pubName="DO2" artType="Despacho" pubDate="01/06/2018" artClass="00026:00030:00000:00000:00000:00000:00000:00000:00000:00000:00019:00003" artCategory="Ministério do Planejamento, Desenvolvimento e Gestão/Fundação Instituto Brasileiro de Geografia e Estatística" artSize="8" artNotes="" numberPage="72" pdfPage="http://pesquisa.in.gov.br/imprensa/jsp/visualiza/index.jsp?data=01/06/2018&amp;jornal=529&amp;pagina=72" editionNumber="104" highlightType="" highlightPriority="" highlight="" idMateria="10798377">
  <body>
    <Identifica><![CDATA[ DESPACHO DE  29 DE MAIO DE 2018]]></Identifica>
    <Data><![CDATA[]]></Data>
    <Ementa />
    <Titulo />
    <SubTitulo />
    <Texto><![CDATA[<p class="identifica">DESPACHO DE 29 DE MAIO DE 2018</p><p>O Presidente da Fundação Instituto Brasileiro de Geografia e Estatística - IBGE, no uso da competência que lhe foi subdelegada pela Portaria MP nº 309 de 26 de agosto de 2011, tendo em vista o disposto no inciso IV do art. 1º do Decreto nº 1.387, de 7 de fevereiro de 1995, e considerando a necessidade da participação no evento, autoriza o afastamento do País de:</p><p>ALINE VISCONTI RODRIGUES, Tecnologista em Informações Geográficas e Estatísticas da Fundação Instituto Brasileiro de Geografia e Estatística - IBGE, entidade vinculada ao Ministério do Planejamento, Desenvolvimento e Gestão, para participar da 5ª Escola de Verão IBEI-CEPAL-CAF Sobre Desafios da Transformação e Inovação Digital na América Latina, promovida por CEPAL - IBEI - CAF, que será realizada em Barcelona, Espanha, no período de 29/06/2018 a 07/07/2018, incluindo o trânsito, com ônus limitado para o IBGE. (Processo nº 0001787.00000186/2018-41).</p><p class="assina">Roberto Luis Olinto Ramos</p><p></p>]]></Texto>
  </body>
</article></xml>