﻿<xml><article id="3466242" name="DOU 2-SGMPF-PT-343-UNI-287881_CR" idOficio="4814391" pubName="DO2" artType="Portaria" pubDate="01/06/2018" artClass="00034:00007:00003:00000:00000:00000:00000:00000:00000:00000:00025:00002" artCategory="Ministério Público da União/Ministério Público Federal/Secretaria-Geral" artSize="8" artNotes="" numberPage="82" pdfPage="http://pesquisa.in.gov.br/imprensa/jsp/visualiza/index.jsp?data=01/06/2018&amp;jornal=529&amp;pagina=82" editionNumber="104" highlightType="" highlightPriority="" highlight="" idMateria="10798502">
  <body>
    <Identifica><![CDATA[ PORTARIA N° 343, DE 28 DE MAIO DE 2018]]></Identifica>
    <Data><![CDATA[]]></Data>
    <Ementa />
    <Titulo />
    <SubTitulo />
    <Texto><![CDATA[<p class="identifica">PORTARIA N° 343, DE 28 DE MAIO DE 2018</p><p>O SECRETÁRIO-GERAL DO MINISTÉRIO PÚBLICO FEDERAL, no uso das atribuições que lhe confere o artigo 6º - inciso XXXII do Regimento Interno Administrativo do Ministério Público Federal, aprovado pela Portaria SG/MPF n.º 382, de 05/05/2015, e tendo em vista o que consta do Procedimento de Gestão Administrativa PGEA n.º 1.00.000.006510/2018-72 resolve:</p><p>Art. 1º Conceder aposentadoria voluntária, com proventos integrais, à servidora EVÁGRIA CRISTINA DE SOUZA, matrícula n.º 4836, Técnico do MPU/Administração, código TC 020101, Classe C, Padrão 13, da Carreira de Técnico do Ministério Público da União, com fundamento no artigo 3º - incisos I - II - III e parágrafo único da Emenda Constitucional nº 47, de 05/07/2005, combinado com o artigo 7º da Emenda Constitucional nº 41, de 19/12/2003, em consonância com o artigo 186 - inciso III - alínea a da Lei nº 8.112, de 11/12/1990, aplicando-se a vantagem do artigo 62-A, da mesma Lei, acrescido pelo artigo 3º da Medida Provisória n.º 2.225-45, de 04/09/2001, publicada no DOU de 05/09/2001.</p><p>Art. 2º Declarar vago o referido cargo.</p><p>Art. 3º Esta portaria entra em vigor na data de sua publicação.</p><p class="assina">ALEXANDRE CAMANHO DE ASSIS</p>]]></Texto>
  </body>
</article></xml>