﻿<xml><article id="3462377" name="(Port. nº 937 SEI-SE ) ANDRE MAR" idOficio="4813865" pubName="DO2" artType="Portaria" pubDate="01/06/2018" artClass="00013:00002:00000:00000:00000:00000:00000:00000:00000:00000:00019:00002" artCategory="Ministério da Indústria, Comércio Exterior e Serviços/Secretaria Executiva" artSize="8" artNotes="" numberPage="49" pdfPage="http://pesquisa.in.gov.br/imprensa/jsp/visualiza/index.jsp?data=01/06/2018&amp;jornal=529&amp;pagina=49" editionNumber="104" highlightType="" highlightPriority="" highlight="" idMateria="10797625">
  <body>
    <Identifica><![CDATA[ PORTARIA Nº 937-SEI, DE 29 DE MAIO DE 2018]]></Identifica>
    <Data><![CDATA[]]></Data>
    <Ementa />
    <Titulo />
    <SubTitulo />
    <Texto><![CDATA[<p class="identifica">PORTARIA Nº 937-SEI, DE 29 DE MAIO DE 2018</p><p>A SECRETÁRIA-EXECUTIVA DO MINISTÉRIO DA INDÚSTRIA, COMÉRCIO EXTERIOR E SERVIÇOS, no uso da competência que lhe foi subdelegada pela Portaria GM/MDIC nº 305, de 1º de novembro de 2016, e tendo em vista o disposto no Decreto nº 9.260, de 29 de dezembro de 2017, e na Lei nº 8.112, de 11 de dezembro de 1990, resolve:</p><p>Designar ANDRÉ MARCOS FAVERO para, no período de 04 a 08 de junho de 2018, exercer o encargo de substituto do cargo em comissão de Diretor do Departamento de Negociações Internacionais, código DAS 101.5, da Secretaria de Comércio Exterior deste Ministério, em virtude do afastamento do titular e do substituto eventual.</p><p class="assina">YANA DUMARESQ SOBRAL ALVES</p><p></p>]]></Texto>
  </body>
</article></xml>