﻿<xml><article id="3462872" name="Port. 29 DE MAIO DE 2018" idOficio="4813918" pubName="DO2" artType="Portaria" pubDate="01/06/2018" artClass="00026:00034:00187:00000:00000:00000:00000:00000:00000:00000:00025:00003" artCategory="Ministério do Planejamento, Desenvolvimento e Gestão/Secretaria de Gestão de Pessoas/Departamento de Órgãos Extintos e de Gestão de Folha de Pagamento" artSize="8" artNotes="" numberPage="75" pdfPage="http://pesquisa.in.gov.br/imprensa/jsp/visualiza/index.jsp?data=01/06/2018&amp;jornal=529&amp;pagina=75" editionNumber="104" highlightType="" highlightPriority="" highlight="" idMateria="10797680">
  <body>
    <Identifica><![CDATA[ Portaria Nº 5.680, de 29 de maio de 2018]]></Identifica>
    <Data><![CDATA[]]></Data>
    <Ementa />
    <Titulo />
    <SubTitulo />
    <Texto><![CDATA[<p class="identifica">Portaria Nº 5.680, de 29 de maio de 2018</p><p>O COORDENADOR-GERAL DE GESTÃO DE FOLHA DE PAGAMENTO,SUBSTITUTO, DO DEPARTAMENTO DE ÓRGÃOS EXTINTOS E DE GESTÃO DE FOLHA DE PAGAMENTO DA SECRETARIA DE GESTÃO DE PESSOAS DO MINISTÉRIO DO PLANEJAMENTO, DESENVOLVIMENTO E GESTAO, uso da competencia que lhe foi delegada pela Portaria nº 4.925/DEPEX, de 10 de maio de 2018, publicada no Diario Oficial da União de 11 de maio de 2018, e de acordo as atribuições conferidas no art. 1, inciso II, alínea f, da Portaria DEPEX SAMP n 124, de 26 de fevereiro de 2015, publicada no Diário Oficial da União n 39 de 27 de fevereiro de 2015, resolve:</p><p>Publicar o ato de Transferência para a Reserva Remunerada, de acordo com o Decreto Estadual n 25.246-E, de 18 de maio de 2018, publicado no DOE n 3541, de 18 de maio de 2018, que transfere para a Reserva Remunerada, a pedido, o 2º Tenente QEO PM AGENARIO BATISTA DA SILVA, matricula Siape n 714883, amparado pelo inciso III do art. 62 da Constituição Estadual; e de conformidade com o que prescreve o art. 31, §2, da Emenda Constitucional n 19, de 04 de junho de 1998, alterada pela Emenda Constitucional n 79, de 27 de maio de 2014; e de acordo com o que dispõem o art. 50, inciso III, alíneas d e h, art. 89, inciso I; art. 92, inciso I, caput do art. 93, da Lei 6.652, de 30/05/1979 (Estatuto dos Policiais Militares dos ex-Territórios Federais do Amapa, Rondônia e de Roraima); bem como os art. 3, 19, 20, 21 e 65, seus paragrafos e incisos, da Lei n 10.486/2002, com efeitos a partir de 18/05/2018, processo n 05502.006537/2018-83.</p><p class="assina">Amado Jose Bueno Neto</p><p></p>]]></Texto>
  </body>
</article></xml>