﻿<xml><article id="3463419" name="PT24JOINVILLE" idOficio="4813984" pubName="DO2" artType="Portaria" pubDate="01/06/2018" artClass="00022:00029:00241:00014:00052:00000:00000:00000:00000:00000:00025:00005" artCategory="Ministério do Desenvolvimento Social/Instituto Nacional do Seguro Social/Superintendência Regional Sul em Florianópolis/Gerência Executiva - B - em Joinville/Seção Operacional da Gestão de Pessoas" artSize="8" artNotes="OK" numberPage="67" pdfPage="http://pesquisa.in.gov.br/imprensa/jsp/visualiza/index.jsp?data=01/06/2018&amp;jornal=529&amp;pagina=67" editionNumber="104" highlightType="" highlightPriority="" highlight="" idMateria="10797812">
  <body>
    <Identifica><![CDATA[ PORTARIA Nº 24, DE 30 DE MAIO DE 2018]]></Identifica>
    <Data><![CDATA[]]></Data>
    <Ementa />
    <Titulo />
    <SubTitulo />
    <Texto><![CDATA[<p></p><p class="identifica">PORTARIA Nº 24, DE 30 DE MAIO DE 2018</p><p>A CHEFE DA SEÇÃO OPERACIONAL DA GESTÃO DE PESSOAS DA GERÊNCIA EXECUTIVA DO INSS EM JOINVILLE, NO ESTADO DE SANTA CATARINA, no uso das atribuições que lhe foram conferidas pelo artigo 235, inciso I, alíneas "b" e "e" do Regimento Interno do INSS, aprovado pela Portaria/MPS nº 414, de 28/09/2017, publicada no DOU- Edição Extra nº 188-A, de 29/09/2017, Seção 1, na forma da legislação vigente e tendo em vista o que consta no processo nº 35351.000081/2018-80, resolve:</p><p>1. Conceder aposentadoria por invalidez proporcional ao tempo de contribuição, na base de 30/30 avos, à servidora LIUDE PEDRO DA SILVA, matrícula SIAPE nº 0900693, ocupante do cargo de Técnico de Seguro Social, NI-434550, Classe S, Padrão IV, do Quadro de Pessoal do Instituto Nacional do Seguro Social, com fundamento no artigo 40, § 1º, inciso I, da Constituição Federal, com redação dada pela Emenda Constitucional nº 41/2003, combinado com o artigo 6º da EC nº 41, incluído pela EC nº 70/2012.</p><p>2. Em conseqüência declarar vago o referido cargo.</p><p class="assina">TANIA SCHLICKMANN BISPO</p>]]></Texto>
  </body>
</article></xml>