﻿<xml><article id="3460055" name="Portaria-2716-2018" idOficio="4813678" pubName="DO2" artType="Portaria" pubDate="01/06/2018" artClass="00038:00043:00001:00000:00000:00000:00000:00000:00000:00000:00025:00001" artCategory="Poder Judiciário/Tribunal Regional do Trabalho da 4ª Região/Presidência" artSize="8" artNotes="" numberPage="100" pdfPage="http://pesquisa.in.gov.br/imprensa/jsp/visualiza/index.jsp?data=01/06/2018&amp;jornal=529&amp;pagina=100" editionNumber="104" highlightType="" highlightPriority="" highlight="" idMateria="10797237">
  <body>
    <Identifica><![CDATA[ PORTARIA Nº 2.716, DE 22 DE MAIO DE 2018]]></Identifica>
    <Data><![CDATA[]]></Data>
    <Ementa />
    <Titulo />
    <SubTitulo />
    <Texto><![CDATA[<p class="identifica">PORTARIA Nº 2.716, DE 22 DE MAIO DE 2018</p><p>A PRESIDENTE DO TRIBUNAL REGIONAL DO TRABALHO DA 4ª REGIÃO, no uso de suas atribuições legais e regulamentares, tendo em vista o disposto no artigo 36 da Lei nº 8.112/90, no artigo 20 da Lei nº 11.416/06, no anexo IV da Portaria Conjunta nº 03/07 e na Resolução CSJT nº 110/2012, e considerando o que consta no Processo Administrativo nº 0003829-60.2017.5.04.0000, resolve:</p><p>Prorrogar, até 29-08-2018, a remoção, de ofício, do servidor ANTONIO LUCAS NERES DE OLIVEIRA BARROS (101320), ocupante do cargo de Analista Judiciário, Área Apoio Especializado, Especialidade Tecnologia da Informação, do Quadro de Pessoal deste Tribunal para o Conselho Superior da Justiça do Trabalho, anteriormente determinada pela Portaria nº 4.131/2017 (no período de 14-08-2017 a 24-02-2018) e prorrogada pela Portaria nº 995/2018 (até 31-05-2018).</p><p class="assina">VANIA CUNHA MATTOS</p>]]></Texto>
  </body>
</article></xml>