﻿<xml><article id="3460223" name="P_1541_1542_DISPENSAR TATIANA SI" idOficio="4813650" pubName="DO2" artType="Portaria" pubDate="01/06/2018" artClass="00011:00058:00001:00000:00000:00000:00000:00000:00000:00000:00025:00002" artCategory="Ministério da Educação/Instituto Federal de Educação, Ciência e Tecnologia de Brasília/Reitoria/Chefia de Gabinete da Reitoria" artSize="8" artNotes="" numberPage="24" pdfPage="http://pesquisa.in.gov.br/imprensa/jsp/visualiza/index.jsp?data=01/06/2018&amp;jornal=529&amp;pagina=24" editionNumber="104" highlightType="" highlightPriority="" highlight="" idMateria="10797207">
  <body>
    <Identifica><![CDATA[ PORTARIAS DE 29 DE MAIO DE 2018]]></Identifica>
    <Data><![CDATA[]]></Data>
    <Ementa />
    <Titulo />
    <SubTitulo />
    <Texto><![CDATA[<p></p><p class="identifica">PORTARIAS DE 29 DE MAIO DE 2018</p><p>O REITOR DO INSTITUTO FEDERAL DE BRASÍLIA, nomeado pelo Decreto de 05 de maio de 2015, publicado no Diário Oficial da União em 06 de maio de 2015, no uso de suas atribuições legais e regimentais, resolve:</p><p>Nº 1.541 - DISPENSAR, a pedido, a servidora TATIANA SILVA PUTTINI RAMOS, matrícula SIAPE Nº 2345728, ocupante do cargo efetivo Técnico em Contabilidade, lotada na Reitoria, da função de Coordenadora da Folha e Pagamento de Benefícios, código FG-01, da Pró-Reitoria de Gestão de Pessoas, da Reitoria, do Instituto Federal de Brasília, a contar de 25/05/2018.</p><p>Nº 1.542 - DESIGNAR o servidor IGOR ALMEIDA BARBALHO, matrícula SIAPE Nº 2251847, ocupante do cargo efetivo de Contador, lotado no Campus São Sebastião, para exercer função de Coordenador da Folha e Pagamento de Benefícios, código FG-01, da Pró-Reitoria de Gestão de Pessoas, da Reitoria, do Instituto Federal de Brasília.</p><p>Art. 1º Estas Portarias entram em vigor na data de sua publicação.</p><p class="assina">WILSON CONCIANI</p>]]></Texto>
  </body>
</article></xml>