﻿<xml><article id="3465112" name="DESPACHO nº 534-2018 - CHRISTIAN" idOficio="4814173" pubName="DO2" artType="Despacho" pubDate="01/06/2018" artClass="00009:00002:00000:00000:00000:00000:00000:00000:00000:00000:00019:00008" artCategory="Ministério da Cultura/Secretaria Executiva" artSize="8" artNotes="" numberPage="9" pdfPage="http://pesquisa.in.gov.br/imprensa/jsp/visualiza/index.jsp?data=01/06/2018&amp;jornal=529&amp;pagina=9" editionNumber="104" highlightType="" highlightPriority="" highlight="" idMateria="10798068">
  <body>
    <Identifica><![CDATA[ DESPACHO De 28 DE MAIO DE 2018]]></Identifica>
    <Data><![CDATA[]]></Data>
    <Ementa />
    <Titulo />
    <SubTitulo />
    <Texto><![CDATA[<p class="identifica">DESPACHO De 28 DE MAIO DE 2018</p><p>A SECRETÁRIA-EXECUTIVA DO MINISTÉRIO DA CULTURA, no uso da competência que lhe foi delegada pela Portaria nº 46, de 11 de abril de 2018, e tendo em vista o disposto no art. 2º, do Decreto nº 1.387, de 7 de fevereiro de 1995, resolve AUTORIZAR o afastamento do país de CHRISTIAN DE CASTRO OLIVEIRA, Diretor-Presidente da Agência Nacional do Cinema, para participar do Festival de Cinema de Animação de Annecy, em Annecy, na França, no período de 9 a 14 de junho de 2018, incluindo trânsito, com ônus/ANCINE (Processo nº 01580.001248/2018-12).</p><p class="assina">MARIANA RIBAS DA SILVA</p>]]></Texto>
  </body>
</article></xml>