﻿<xml><article id="3465926" name="ATO PORTARIA JOSE SARAIVA" idOficio="4814416" pubName="DO2" artType="Portaria" pubDate="01/06/2018" artClass="00032:00011:00015:00000:00000:00000:00000:00000:00000:00000:00025:00004" artCategory="Ministério Extraordinário da Segurança Pública/Departamento de Polícia Federal/Diretoria de Gestão de Pessoal/Coordenação de Recursos Humanos/Divisão de Administração de Recursos Humanos/Serviço de Aposentadorias e Pensões" artSize="8" artNotes="" numberPage="81" pdfPage="http://pesquisa.in.gov.br/imprensa/jsp/visualiza/index.jsp?data=01/06/2018&amp;jornal=529&amp;pagina=81" editionNumber="104" highlightType="" highlightPriority="" highlight="" idMateria="10798331">
  <body>
    <Identifica><![CDATA[ PORTARIA Nº 8.492, DE 28 DE MAIO DE 2018 ]]></Identifica>
    <Data><![CDATA[]]></Data>
    <Ementa />
    <Titulo />
    <SubTitulo />
    <Texto><![CDATA[<p class="identifica">PORTARIA Nº 8.492, DE 28 DE MAIO DE 2018</p><p>O DIRETOR DE GESTÃO DE PESSOAL DA POLÍCIA FEDERAL, no uso das atribuições que lhe são conferidas pelos incisos XIV e XIX, do Artigo 42, do Regimento Interno da Polícia Federal, aprovado pela Portaria MJ nº 1.252, de 29/12/2017, publicada no Diário Oficial da União nº 1, de 2/1/2018, Seção I, pp. 65/70, e, tendo em vista o que consta dos Processos nºs 08400.001290/1997-78, e 08200.001242/2018-11, resolve:</p><p>Tornar sem efeito a Portaria-DGP/DPF nº 212, publicada no Diário Oficial da União nº 45, datado de 07/03/1997, que aposentou o servidor JOSE SARAIVA JACÓ, ocupante do Escrivão de Polícia Federal, Classe Especial, Matrícula SIAPE nº 1.162.490, tendo em vista haver a Controladoria-Geral da União constatado a irregular a averbação do tempo de atividade rural sem o correspondente recolhimento da contribuição previdenciária, referente ao período de 01/06/1966 a 31/12/1972, e</p><p>MANTER na inatividade o nominado servidor, com fundamento no artigo 186, I, § 1º da Lei nº 8.112/1990 (doença especificada em lei), aplicando-se a forma de cálculo e critério de reajuste previstos no artigo 6º-A caput e parágrafo único da Emenda Constitucional nº 41/2003, acrescentado pelo artigo 1º da Emenda Constitucional nº 70/2012.</p><p class="assina">DELANO CERQUEIRA BUNN</p>]]></Texto>
  </body>
</article></xml>