﻿<xml><article id="3487468" name="PT 766 - 30.05.18 - SEI Nº DIGAD" idOficio="4814366" pubName="DO2" artType="Portaria" pubDate="04/06/2018" artClass="00017:00002:00029:00108:00000:00000:00000:00000:00000:00000:00025:00001" artCategory="Ministério da Saúde/Secretaria Executiva/Núcleo Estadual no Rio de Janeiro/Divisão de Gestão Administrativa" artSize="8" artNotes="" numberPage="28" pdfPage="http://pesquisa.in.gov.br/imprensa/jsp/visualiza/index.jsp?data=04/06/2018&amp;jornal=529&amp;pagina=28" editionNumber="105" highlightType="" highlightPriority="" highlight="" idMateria="10798358">
  <body>
    <Identifica><![CDATA[ PORTARIA  Nº 766, DE 30 DE MAIO DE 2018 ]]></Identifica>
    <Data><![CDATA[]]></Data>
    <Ementa />
    <Titulo />
    <SubTitulo />
    <Texto><![CDATA[<p class="identifica">PORTARIA Nº 766, DE 30 DE MAIO DE 2018</p><p>A CHEFE DA DIVISÃO DE GESTÃO ADMINISTRATIVA DA COORDENAÇÃO-GERAL DO NÚCLEO ESTADUAL DO MINISTÉRIO DA SAÚDE NO ESTADO DO RIO DE JANEIRO, no uso das atribuições conferidas pela PT/CGRH/SAA/MS nº 1804, de 01/10/2013, publicada no Diário Oficial da União (DOU) nº 192, de 03/10/2013 e à vista das informações constantes no Processo nº 25001.403334/2017-17, resolve:</p><p>Conceder Pensão à Viúva VANUZA RIBEIRO SOARES e às Filhas menores ANA CLARA RIBEIRO SOARES e ANA CAROLINA RIBEIRO SOARES, com fundamento nos artigos 217, inciso I e IV, alínea "a", 218 e 222, incisos VII , alínea "b", item 5, e inciso IV da Lei nº 8.112/90, na redação dada pela Lei n° 13.135 de 17.06.2015, combinado com o artigo 40, parágrafo 7º, da Constituição Federal de 1988, com redação dada pela Emenda Constitucional nº 41/2003, regulamentada pelo artigo 2º, inciso II, da Lei nº 10.887/2004, em face do falecimento ocorrido em 07.09.2017, do ex-servidor Ativo CLAUDIO BARBOSA SOARES, Matrícula SIAPE nº 1.428.859, Agente de Combate as Endemias, Nível Auxiliar, Classe "S", Padrão IV, do Quadro de Pessoal deste Ministério, correspondendo a 33,33% (trinta e três inteiros e trinta e três centésimos por cento) do benefício destinado a Pensão para cada, a partir da data do óbito.</p><p>KARINA ORNELAS DOS SANTOS LATORRACA</p>]]></Texto>
  </body>
</article></xml>