﻿<xml><article id="3466011" name="DESPACHO DO SECRETÁRIO-EXECUTIVO" idOficio="4814425" pubName="DO2" artType="Despacho" pubDate="01/06/2018" artClass="00030:00002:00000:00000:00000:00000:00000:00000:00000:00000:00019:00011" artCategory="Ministério dos Direitos Humanos/Secretaria Executiva" artSize="8" artNotes="" numberPage="79" pdfPage="http://pesquisa.in.gov.br/imprensa/jsp/visualiza/index.jsp?data=01/06/2018&amp;jornal=529&amp;pagina=79" editionNumber="104" highlightType="" highlightPriority="" highlight="" idMateria="10798442">
  <body>
    <Identifica><![CDATA[ DESPACHO DO SECRETÁRIO-EXECUTIVO]]></Identifica>
    <Data><![CDATA[]]></Data>
    <Ementa />
    <Titulo />
    <SubTitulo />
    <Texto><![CDATA[<p class="identifica">DESPACHO DO SECRETÁRIO-EXECUTIVO</p><p>O SECRETÁRIO-EXECUTIVO DO MINISTÉRIO DOS DIREITOS HUMANOS, no uso da competência que lhe foi subdelegada pelo inciso I, do Art. 3º, da Portaria nº 160, de 7 de março de 2018, autoriza que se afastem do país os servidores MARCO ANTONIO FERREIRA PELLEGRINI, Secretário Nacional dos Direitos da Pessoa com Deficiência; ANDERSON JOSÉ SANT'ANNA DE OLIVEIRA, Coordenador-Geral de Acompanhamento de Programas, Projetos e Convênios da Secretaria Nacional dos Direitos da Pessoa com Deficiência; e RODRIGO ABREU DE FREITAS MACHADO, Coordenador Geral de Acessibilidade da Secretaria Nacional dos Direitos da Pessoa com Deficiência, para participarem da 11.ª Conferência dos Estados Partes signatários da Convenção das Nações Unidas sobre os Direitos da Pessoa com Deficiência - CdEP/CDPD, no período de 10 a 16 de junho de 2018, em Nova Iorque, Estados Unidos da América, incluindo trânsito, com ônus (Processo nº 00135.206409/2018-40).</p><p class="assina">ENGELS AUGUSTO MUNIZ</p>]]></Texto>
  </body>
</article></xml>