﻿<xml><article id="3465689" name="portaria 17855 SGP" idOficio="4814356" pubName="DO2" artType="Portaria" pubDate="01/06/2018" artClass="00038:00025:00000:00000:00000:00000:00000:00000:00000:00000:00025:00001" artCategory="Poder Judiciário/Tribunal Regional Eleitoral do Pará" artSize="8" artNotes="" numberPage="97" pdfPage="http://pesquisa.in.gov.br/imprensa/jsp/visualiza/index.jsp?data=01/06/2018&amp;jornal=529&amp;pagina=97" editionNumber="104" highlightType="" highlightPriority="" highlight="" idMateria="10798284">
  <body>
    <Identifica><![CDATA[ PORTARIA Nº 17.855, DE 25 DE MAIO DE 2018]]></Identifica>
    <Data><![CDATA[]]></Data>
    <Ementa />
    <Titulo />
    <SubTitulo />
    <Texto><![CDATA[<p class="identifica">PORTARIA Nº 17.855, DE 25 DE MAIO DE 2018</p><p>A PRESIDENTE DO TRIBUNAL REGIONAL ELEITORAL DO PARÁ, no uso das atribuições que lhe são conferidas pelo art. 23, inciso XXV, do Regimento Interno, e à vista do processo administrativo eletrônico SEI n. 0005332-78.2018.6.14.8000, resolve:</p><p>Art. 1º Declarar vago o cargo efetivo de Analista Judiciário, Área Administrativa, NS, do Quadro de Pessoal Permanente do Tribunal Regional Eleitoral do Pará, ocupado pelo servidor JOSE ANTONIO RIBEIRO DE PONTES JUNIOR, matricula n. 30905323, nos termos do artigo 33, VIII, da Lei n. 8.112/1990, decorrente de posse em outro cargo inacumulável, com efeitos a partir de 18/05/2018.</p><p>Art. 2º Esta portaria entra em vigor na data de sua publicação.</p><p class="assina">CÉLIA REGINA DE LIMA PINHEIRO</p>]]></Texto>
  </body>
</article></xml>