﻿<xml><article id="3459896" name="EXTRATOPORTARIA DOU 01.06 Sérgio" idOficio="4810603" pubName="DO2" artType="Portaria" pubDate="01/06/2018" artClass="00011:00041:00001:00000:00000:00000:00000:00000:00000:00000:00025:00001" artCategory="Ministério da Educação/Fundação Universidade Federal de São João Del Rei/Reitoria" artSize="8" artNotes="" numberPage="22" pdfPage="http://pesquisa.in.gov.br/imprensa/jsp/visualiza/index.jsp?data=01/06/2018&amp;jornal=529&amp;pagina=22" editionNumber="104" highlightType="" highlightPriority="" highlight="" idMateria="10791301">
  <body>
    <Identifica><![CDATA[ PORTARIAS de  28 DE MAIO DE 2018]]></Identifica>
    <Data><![CDATA[]]></Data>
    <Ementa />
    <Titulo />
    <SubTitulo />
    <Texto><![CDATA[<p></p><p class="identifica">PORTARIAS de 28 DE MAIO DE 2018</p><p>O REITOR DA UNIVERSIDADE FEDERAL DE SÃO JOÃO DEL-REI - UFSJ, no uso de suas atribuições legais e estatutárias, resolve:</p><p>Nº 303 Art. 1º Conceder aposentadoria voluntária à servidora LUCIANETTE FÁTIMA DE RESENDE, matrícula SIAPE nº 434744, ocupante do cargo de Auxiliar em Administração, Classe C, Nível 416, em Regime de 40 (quarenta) horas, do Quadro de Pessoal da Universidade Federal de São João del-Rei, com fundamento no art. 3º da EC nº 47/2005, incisos I, II e II, parágrafo único, de 05.07.2005, DOU de 06.07.2005, combinado com o §18 do art. 40 da CF/88, com proventos integrais, paridade e demais vantagens de natureza pessoal que lhe foram outorgadas no exercício do cargo.</p><p>Art. 2º Declarar vago, para fins de direito, o cargo de Auxiliar em Administração, código de vaga 0342678, referido no artigo 1º da presente Portaria. (Processo nº 23122009119/2018-02).</p><p>Nº 304 Art. 1º Conceder aposentadoria voluntária ao servidor FRANCISCO CARLOS GIAROLA, matrícula SIAPE nº 434692, ocupante do cargo de Vigilante, Classe D, Nível 416, em Regime de 40 (quarenta) horas semanais, do Quadro de Pessoal da Universidade Federal de São João del-Rei, com fundamento no art. 3º da EC nº 47/2005, incisos I e II, parágrafo único, de 05.07.2005, DOU de 06.07.2005, combinado com o §18 do art. 40 da CF/88, com proventos integrais, paridade e demais vantagens de natureza pessoal que lhe foram outorgadas no exercício do cargo. (Processo nº 23122008977/2018-21)</p><p>Nº 305 Art. 1º Autorizar o afastamento do país do professor ANTÔNIO CARLOS PINTO GUIMARÃES, lotado no Campus Centro-Oeste Dona Lindu, para participar do 16º Congresso Mundial sobre Menopausa, em Vancouver, no Canadá, no período de 3 a 10 de junho de 2018, com ônus limitado para a UFSJ. (Processo nº 23122008919/2018-06)</p><p>Art. 2º Autorizar o afastamento do país do professor ADILSON ROBERTO SIQUEIRA, lotado no Departamento de Letras, Artes e Cultura, para participar da Convenção "Teatro na Era da Mudança Climática", em Boston, Massachusetts, nos Estados Unidos, no período de 6 a 13 de junho de 2018, com ônus para HowlRound e ônus limitado para a UFSJ. (Processo nº 23122.006937/2018-45)</p><p>Nº 306 Art. 1º Exonerar, a pedido e a partir de 01.06.2018, a servidora LUCIANETTE FÁTIMA DE RESENDE do cargo de Chefe do Setor de Processo Seletivo da Pró-Reitoria de Ensino de Graduação, FG-1.</p><p>Estas Portarias entram em vigor na data de publicação no Diário Oficial da União.</p><p class="assina">SÉRGIO AUGUSTO ARAÚJO DA GAMA CERQUEIRA</p>]]></Texto>
  </body>
</article></xml>