﻿<xml><article id="3509573" name="Portaria 128 2018 Designa Pregoe" idOficio="4813522" pubName="DO2" artType="Portaria" pubDate="05/06/2018" artClass="00039:00227:00000:00000:00000:00000:00000:00000:00000:00000:00025:00006" artCategory="Entidades de Fiscalização do Exercício das Profissões Liberais/Conselho Regional de Enfermagem de Mato Grosso" artSize="8" artNotes="ok" numberPage="69" pdfPage="http://pesquisa.in.gov.br/imprensa/jsp/visualiza/index.jsp?data=05/06/2018&amp;jornal=529&amp;pagina=69" editionNumber="106" highlightType="" highlightPriority="" highlight="" idMateria="10797153">
  <body>
    <Identifica><![CDATA[ PORTARIA Nº 128, DE 25 DE ABRIL DE 2018]]></Identifica>
    <Data><![CDATA[]]></Data>
    <Ementa />
    <Titulo />
    <SubTitulo />
    <Texto><![CDATA[<p class="identifica">PORTARIA Nº 128, DE 25 DE ABRIL DE 2018</p><p>O Presidente do Conselho Regional de Enfermagem de Mato Grosso - Coren/MT no exercício de suas atribuições legais e regimentais asseguradas na lei nº. 5.905/73 e art. 42 do Regimento Interno do Coren/MT. Considerando a Lei 10.520/2002; Considerando o art. 12 do Decreto nº 5.450/05; resolve:</p><p>Art. 1º - Designar os funcionários do Coren/MT para atuarem como Pregoeiros e equipe de apoio em Processos Licitatórios do Coren/MT: Pregoeiros: Elemarcia Paiva Moreira Rezer, Assistente Técnico, Matrícula nº 23/1999. Felipe Augusto Rodrigues de Oliveira, Técnico de Informática, Matrícula nº 061/2006. Kennder Higo de Arruda, Empregado Público em Comissão de Assessor Assistente I, Matrícula n° 076/2006. Equipe de Apoio: Oterdam Anunciato da Costa, Auxiliar Administrativo, Matrícula nº 92/2006. Geisiane Balduino Guimarães, Secretária Executiva, Matrícula nº 56/2004.</p><p>Art. 2º - Esta Portaria entrará em vigor na data de sua assinatura, devendo ser publicada na Imprensa Oficial.</p><p>Art. 3º - Revogam-se as disposições em contrário.</p><p class="assina">ANTÔNIO CÉSAR RIBEIRO</p>]]></Texto>
  </body>
</article></xml>