﻿<xml><article id="3459737" name="PT29SANTOANTONIODEJESUS" idOficio="4809743" pubName="DO2" artType="Portaria" pubDate="01/06/2018" artClass="00022:00029:00237:00031:00022:00000:00000:00000:00000:00000:00025:00001" artCategory="Ministério do Desenvolvimento Social/Instituto Nacional do Seguro Social/Superintendência Regional Nordeste em Recife/Gerência Executiva - B - em Santo Antônio de Jesus/Seção Operacional da Gestão de Pessoas" artSize="8" artNotes="OK" numberPage="63" pdfPage="http://pesquisa.in.gov.br/imprensa/jsp/visualiza/index.jsp?data=01/06/2018&amp;jornal=529&amp;pagina=63" editionNumber="104" highlightType="" highlightPriority="" highlight="" idMateria="10790004">
  <body>
    <Identifica><![CDATA[ PORTARIA Nº 29, DE 28 DE MAIO DE 2018]]></Identifica>
    <Data><![CDATA[]]></Data>
    <Ementa />
    <Titulo />
    <SubTitulo />
    <Texto><![CDATA[<p></p><p class="identifica">PORTARIA Nº 29, DE 28 DE MAIO DE 2018</p><p>A CHEFE DA SEÇÃO OPERACIONAL DA GESTÃO DE PESSOAS, DA GERÊNCIA EXECUTIVA DO INSS EM SANTO ANTONIO DE JESUS-BA, no uso das atribuições que lhe foram conferidas pelo artigo 235 do Regimento Interno do INSS, aprovado pela Portaria/MPS Nº 414 de 28/09/2017 publicada no DOU nº 188-A de 29/09/2017, e tendo em vista o que consta no Processo: 35536.009207/2018-13, resolve:</p><p>Art. 1 - Conceder aposentadoria voluntária com proventos integrais, a partir de 01 de junho de 2018, à servidora ANGELA MARIA GUIMARAES LUZ, matrícula 0882043, ocupante do cargo de Técnico do Seguro Social, Classe "S", Padrão "IV", do quadro de pessoal do INSS, com fundamento no artigo 3° da Emenda Constitucional n° 47/2005.</p><p>Art. 2 - Declarar vago o referido cargo.</p><p class="assina">JULIANA ANDRADE DE OLIVEIRA</p>]]></Texto>
  </body>
</article></xml>