﻿<xml><article id="3462863" name="Portaria publ3" idOficio="4813936" pubName="DO2" artType="Portaria" pubDate="01/06/2018" artClass="00007:00003:00054:00000:00000:00000:00000:00000:00000:00000:00025:00001" artCategory="Ministério da Agricultura, Pecuária e Abastecimento/Secretaria Executiva/Superintendência Federal no Estado do Amapá" artSize="8" artNotes="" numberPage="4" pdfPage="http://pesquisa.in.gov.br/imprensa/jsp/visualiza/index.jsp?data=01/06/2018&amp;jornal=529&amp;pagina=4" editionNumber="104" highlightType="" highlightPriority="" highlight="" idMateria="10797743">
  <body>
    <Identifica><![CDATA[ PORTARIAS DE 29 DE MAIO DE 2015]]></Identifica>
    <Data><![CDATA[]]></Data>
    <Ementa />
    <Titulo />
    <SubTitulo />
    <Texto><![CDATA[<p class="identifica">PORTARIAS DE 29 DE MAIO DE 2015</p><p>O SUPERINTENDENTE FEDERAL DE AGRICULTURA NO ESTADO DO AMAPÁ, usando das atribuições que lhe é subdelegada 292, do Regimento Interno das Superintendências Federais de Agricultura, Pecuária e Abastecimento, aprovado pela Portaria Ministerial nº. 561, de 13 de abril de 2018, publicada no Diário Oficial da União de 11 de abril de 2018 e pelo Memorando-Circular nº 25/2018/SE-MAPA de 25 de abril de 2018, resolve:</p><p>Nº 76 - Art. 1º - Conceder Aposentadoria Voluntária, com proventos Integrais, a servidora MARGARETE VIEIRA PONTES, ocupante do cargo de Datilografo, Classe S, Padrão III, Matrícula SIAPE nº 1018565, pertencente ao Quadro de Pessoal do Ministério da Agricultura, Pecuária e Abastecimento, lotada na SFA/AP, com Fundamento na Emenda Constitucional nº 47/2005, artigo 3º, itens I e II, combinada com Lei 8.112/90, Processo nº 21008.001012/2018-99.</p><p>Nº 77 - Art. 2º - Conceder Aposentadoria Voluntária, com proventos Integrais, a servidora IRACI DA SILVA CARDOSO, ocupante do cargo de Datilografo, Classe S, Padrão III, Matrícula SIAPE nº 33198, pertencente ao Quadro de Pessoal do Ministério da Agricultura, Pecuária e Abastecimento, lotada na SFA/AP, com Fundamento na Emenda Constitucional nº 47/2005, artigo 3º, itens I e II, combinada com Lei 8.112/90, Processo nº 21008.001011/2018-44.</p><p>Art. 2º - Esta Portaria entra em vigor na data da sua publicação.</p><p></p><p class="assina">José Victor Torres Alves Costa</p><p></p>]]></Texto>
  </body>
</article></xml>