﻿<xml><article id="3464238" name="Delegação de competência - viage" idOficio="4814118" pubName="DO2" artType="Portaria" pubDate="01/06/2018" artClass="00012:00056:00000:00000:00000:00000:00000:00000:00000:00000:00025:00001" artCategory="Ministério da Fazenda/Secretaria de Acompanhamento Econômico" artSize="8" artNotes="" numberPage="48" pdfPage="http://pesquisa.in.gov.br/imprensa/jsp/visualiza/index.jsp?data=01/06/2018&amp;jornal=529&amp;pagina=48" editionNumber="104" highlightType="" highlightPriority="" highlight="" idMateria="10797977">
  <body>
    <Identifica><![CDATA[ PORTARIA Nº 60, DE 29 DE MAIO DE 2018]]></Identifica>
    <Data><![CDATA[]]></Data>
    <Ementa />
    <Titulo />
    <SubTitulo />
    <Texto><![CDATA[<p class="identifica">PORTARIA Nº 60, DE 29 DE MAIO DE 2018</p><p>O SECRETÁRIO DE ACOMPANHAMENTO FISCAL, ENERGIA E LOTERIA, no uso da competência que lhe foi delegada pela Portaria Ministerial nº 88, de 21 de março de 2018, resolve:</p><p>Art. 1º Subdelegar competência a PEDRO CALHMAN DE MIRANDA, Subsecretário de Energia e Estudos Quantitativos e RAFAEL CAVALCANTI DE ARAÚJO, Subsecretário de Governança Fiscal e Regulação de Loteria, desta Secretaria, para:</p><p>I - autorizar viagens a serviço dos servidores no âmbito desta unidade; e</p><p>II - aprovar a programação de treinamento da SEFEL.</p><p>Art. 2º Ficam convalidados os atos praticados anteriormente à vigência desta Portaria.</p><p>Art. 3º Fica revogada a Portaria SEAE nº 45, de 26 de janeiro de 2018.</p><p>Art. 4º Esta Portaria entra em vigor na data de sua publicação.</p><p class="assina">ALEXANDRE MANOEL ANGELO DA SILVA</p>]]></Texto>
  </body>
</article></xml>