﻿<xml><article id="3464310" name="PT-APOS-01-06-2018" idOficio="4814123" pubName="DO2" artType="Portaria" pubDate="01/06/2018" artClass="00017:00002:00032:00007:00000:00000:00000:00000:00000:00000:00025:00001" artCategory="Ministério da Saúde/Secretaria Executiva/Coordenação-Geral do Núcleo Estadual de Rondônia/Serviço de Gestão Administrativa" artSize="8" artNotes="" numberPage="54" pdfPage="http://pesquisa.in.gov.br/imprensa/jsp/visualiza/index.jsp?data=01/06/2018&amp;jornal=529&amp;pagina=54" editionNumber="104" highlightType="" highlightPriority="" highlight="" idMateria="10797982">
  <body>
    <Identifica><![CDATA[ PORTARIAS de 29 DE MAIO DE 2018]]></Identifica>
    <Data><![CDATA[]]></Data>
    <Ementa />
    <Titulo />
    <SubTitulo />
    <Texto><![CDATA[<p class="identifica">PORTARIAS de 29 DE MAIO DE 2018</p><p>O Chefe do Serviço de Gestão Administrativa da Divisão de Gestão do Núcleo Estadual de Rondônia, da Secretaria Executiva do Ministério da Saúde no uso das atribuições que lhe confere a PT/SE/SAA/MS n.º 1.804, de 01.10.2013, publicada no DOU n.º 192, de 03.10.2013 e da Portaria n.º 952/GM/MS, de 07/04/2017, publicada no DOU n.º 69, de 10/04/2017, resolve:</p><p>Nº 115 - Conceder aposentadoria voluntária ao servidor ALFEU FIOROTTE, matrícula SIAPE n.º 0504068, ocupante do cargo de Agente de Saúde Pública - NI, Classe "S", Padrão III, do Quadro Permanente deste Ministério, com fundamento no artigo 3.º da Emenda Constitucional n.º 47/2005. (Processo n.º 25008.000504/2018-18).</p><p>Nº 116 - Conceder aposentadoria voluntária ao servidor SILEIDE DE OLIVEIRA SIMÕES WINTHER, matrícula SIAPE n.º 1042501, ocupante do cargo de Atendente - NI, Classe "S", Padrão III, do Quadro Permanente deste Ministério, com fundamento no artigo 6.º da Emenda Constitucional n.º 41/2003. (Processo n.º 25008.000889/2018-13).</p><p>Nº 117 - Conceder aposentadoria voluntária ao servidor LUIZ CARLOS RODRIGUES DE MENEZES, matrícula SIAPE n.º 0703677, ocupante do cargo de Motorista Oficial - NI, Classe "S", Padrão III, do Quadro Permanente deste Ministério, com fundamento no artigo 6.º da Emenda Constitucional n.º 41/2003. (Processo n.º 25061.000516/2018-06.</p><p>Nº 118 - Conceder aposentadoria voluntária ao servidor FRANCISCO DAS CHAGAS BARROS, matrícula SIAPE n.º 0505090, ocupante do cargo de Motorista Oficial - NI, Classe "S", Padrão III, do Quadro Permanente deste Ministério, com fundamento no artigo 3.º da Emenda Constitucional n.º 47/2005. (Processo n.º 25061.000432/2018-64).</p><p>Nº 119 - Conceder aposentadoria voluntária ao servidor ENOQUE DIAS DA SILVA, matrícula SIAPE n.º 0489529, ocupante do cargo de Agente de Saúde Pública - NI, Classe "S", Padrão III, do Quadro Permanente deste Ministério, com fundamento no artigo 6.º da Emenda Constitucional n.º 41/2003. (Processo n.º 25008.000625/2018-60).</p><p>Nº 120 - Conceder aposentadoria voluntária ao servidor VALCI DE SOUZA, matrícula SIAPE n.º 0489571, ocupante do cargo de Agente de Saúde Pública - NI, Classe "S", Padrão III, do Quadro Permanente deste Ministério, com fundamento no artigo 6.º da Emenda Constitucional n.º 41/2003. (Processo n.º 25008.000715/2018-51).</p><p>Nº 121 - Conceder aposentadoria voluntária ao servidor JOSE FERREIRA BRASIL, matrícula SIAPE n.º 0489506, ocupante do cargo de Agente de Saúde Pública - NI, Classe "S", Padrão III, do Quadro Permanente deste Ministério, com fundamento no artigo 6.º da Emenda Constitucional n.º 41/2003. (Processo n.º 25008.000695/2018-18).</p><p>Nº 122 - Conceder aposentadoria voluntária a servidora ALICE MOURA MOREIRA DOS SANTOS, matrícula SIAPE n.º 0489788, ocupante do cargo de Auxiliar Operacional de Serviços Diversos de Saúde - NI, Classe "S", Padrão III, do Quadro Permanente deste Ministério, com fundamento no artigo 6.º da Emenda Constitucional n.º 41/2003. (Processo n.º 25008.000699/2018-04).</p><p>Nº 124 - Conceder aposentadoria voluntária ao servidor EUSTAQUIO SOARES DOS SANTOS, matrícula SIAPE n.º 1093380, ocupante do cargo de Guarda de Endemias - NI, Classe "S", Padrão III, do Quadro Permanente deste Ministério, com fundamento no artigo 3.º da Emenda Constitucional n.º 47/2005. (Processo n.º 25008.000656/2018-11).</p><p>Nº 125 - Conceder aposentadoria voluntária ao servidor ANTÔNIO ELIZEU DOS SANTOS, matrícula SIAPE n.º 0504070, ocupante do cargo de Agente de Transporte Marítimo e Fluvial - NI, Classe "S", Padrão III, do Quadro Permanente deste Ministério, com fundamento no artigo 3.º da Emenda Constitucional n.º 47/2005. (Processo n.º 25008.000477/2018-83).</p><p>Nº 126 - Conceder aposentadoria voluntária ao servidor WANDI ALVES NAJAR, matrícula SIAPE n.º 0502886, ocupante do cargo de Condutor de Lancha - NI, Classe "S", Padrão III, do Quadro Permanente deste Ministério, com fundamento no artigo 6.º da Emenda Constitucional n.º 41/2003. (Processo n.º 25008.000586/2018-09).</p><p>Nº 127 -Conceder aposentadoria voluntária a servidora ELIZABETH TOMINAGA BOERO, matrícula SIAPE n.º 0578029, ocupante do cargo de Agente Administrativo - NI, Classe "S", Padrão III, do Quadro Permanente deste Ministério, com fundamento no artigo 3.º da Emenda Constitucional n.º 47/2005. (Processo n.º 25008.000698/2018-51).</p><p>Nº 128 - Conceder aposentadoria voluntária ao servidor NILTON RIBEIRO DE ARAUJO, matrícula SIAPE n.º 0474337, ocupante do cargo de Atendente - NI, Classe "S", Padrão III, do Quadro Permanente deste Ministério, com fundamento no artigo 3.º da Emenda Constitucional n.º 47/2005. (Processo n.º 25008.000505/2018-62).</p><p>Nº 129 - Conceder aposentadoria voluntária ao servidor FÁTIMO LACERDA DE CARVALHO, matrícula SIAPE n.º 0489473, ocupante do cargo de Agente de Saúde Pública, Classe "S", Padrão III, do Quadro Permanente deste Ministério, com fundamento no artigo 6.º da Emenda Constitucional n.º 41/2003. (Processo n.º 25008.000542/2018-71).</p><p class="assina">IVAN FREITAS DE OLIVEIRA FILHO</p>]]></Texto>
  </body>
</article></xml>