﻿<xml><article id="3462371" name="(Port. nº 935 SEI-SE ) ANDRE LUI" idOficio="4813865" pubName="DO2" artType="Portaria" pubDate="01/06/2018" artClass="00013:00002:00000:00000:00000:00000:00000:00000:00000:00000:00019:00001" artCategory="Ministério da Indústria, Comércio Exterior e Serviços/Secretaria Executiva" artSize="8" artNotes="" numberPage="49" pdfPage="http://pesquisa.in.gov.br/imprensa/jsp/visualiza/index.jsp?data=01/06/2018&amp;jornal=529&amp;pagina=49" editionNumber="104" highlightType="" highlightPriority="" highlight="" idMateria="10797624">
  <body>
    <Identifica><![CDATA[ PORTARIA Nº 935-SEI, DE 29 DE MAIO DE 2018]]></Identifica>
    <Data><![CDATA[]]></Data>
    <Ementa />
    <Titulo />
    <SubTitulo />
    <Texto><![CDATA[<p class="identifica">PORTARIA Nº 935-SEI, DE 29 DE MAIO DE 2018</p><p>A SECRETÁRIA-EXECUTIVA DO MINISTÉRIO DA INDÚSTRIA, COMÉRCIO EXTERIOR E SERVIÇOS, no uso da competência que lhe foi subdelegada pela Portaria GM/MDIC no305, de 1ode novembro de 2016, e tendo em vista o disposto no Decreto no5.617, de 13 de dezembro de 2005 e na Lei n° 8.112, de 11 de dezembro de 1990, resolve:</p><p>Designar ANDRÉ LUIZ CORTÊS COSTA para exercer a Função Comissionada Técnica de Técnico em Modernização e Informática II código FCT-15, da Coordenação-Geral de Tecnologia da Informação da Subsecretaria de Planejamento, Orçamento e Administração deste Ministério.</p><p class="assina">YANA DUMARESQ SOBRAL ALVES</p><p></p>]]></Texto>
  </body>
</article></xml>