﻿<xml><article id="3460196" name="P_1564_AUTORIZAR O AFASTAMENTO D" idOficio="4813684" pubName="DO2" artType="Portaria" pubDate="01/06/2018" artClass="00011:00058:00001:00000:00000:00000:00000:00000:00000:00000:00025:00016" artCategory="Ministério da Educação/Instituto Federal de Educação, Ciência e Tecnologia de Brasília/Reitoria/Chefia de Gabinete da Reitoria" artSize="8" artNotes="" numberPage="25" pdfPage="http://pesquisa.in.gov.br/imprensa/jsp/visualiza/index.jsp?data=01/06/2018&amp;jornal=529&amp;pagina=25" editionNumber="104" highlightType="" highlightPriority="" highlight="" idMateria="10797360">
  <body>
    <Identifica><![CDATA[ PORTARIA Nº 1.564, DE 29 DE MAIO DE 2018]]></Identifica>
    <Data><![CDATA[]]></Data>
    <Ementa />
    <Titulo />
    <SubTitulo />
    <Texto><![CDATA[<p></p><p class="identifica">PORTARIA Nº 1.564, DE 29 DE MAIO DE 2018</p><p>O REITOR DO INSTITUTO FEDERAL DE BRASÍLIA, nomeado pelo Decreto de 05 de maio de 2015, publicado no Diário Oficial da União em 06 de maio de 2015, no uso de suas atribuições legais e regimentais e com fulcro na Lei nº 8.112/90, resolve:</p><p>Art. 1º AUTORIZAR o afastamento do país do servidor KEVER BRUNO PARADELO GOMES, Matrícula SIAPE Nº 1800100, ocupante do cargo de Professor de Ensino Básico, Técnico e Tecnológico, do Campus Gama, para participar do 38th International Academic Conference - Prague, no International Institute of Social and Economic Sciences, a realizar-se na cidade de Praga, República Tcheca, no período de 09/06/2018 a 16/06/2018, com ônus limitado e trânsito incluído (Processo IFB nº 23161.006968.2018-30).</p><p>Art. 2º Esta Portaria entra em vigor na data de sua publicação.</p><p class="assina">WILSON CONCIANI</p>]]></Texto>
  </body>
</article></xml>