﻿<xml><article id="3460166" name="Portarias -1junho" idOficio="4813322" pubName="DO2" artType="Portaria" pubDate="01/06/2018" artClass="00007:00003:00064:00000:00000:00000:00000:00000:00000:00000:00025:00001" artCategory="Ministério da Agricultura, Pecuária e Abastecimento/Secretaria Executiva/Superintendência Federal no Estado de Minas Gerais" artSize="8" artNotes="" numberPage="4" pdfPage="http://pesquisa.in.gov.br/imprensa/jsp/visualiza/index.jsp?data=01/06/2018&amp;jornal=529&amp;pagina=4" editionNumber="104" highlightType="" highlightPriority="" highlight="" idMateria="10796779">
  <body>
    <Identifica><![CDATA[ PORTARIAS DE 28 DE MAIO DE 2018]]></Identifica>
    <Data><![CDATA[]]></Data>
    <Ementa />
    <Titulo />
    <SubTitulo />
    <Texto><![CDATA[<p></p><p class="identifica">PORTARIAS DE 28 DE MAIO DE 2018</p><p>O SUPERINTENDENTE FEDERAL DE AGRICULTURA, PECUÁRIA E ABASTECIMENTO NO ESTADO DE MINAS GERAIS, no uso das atribuições que lhe conferem o art. 262, inciso VI e o art. 292, inciso VII, do Regimento Interno da Secretaria Executiva-SE/MAPA, aprovado pela Portaria Ministerial nº 561, de 11/04/2018, publicada no Diário Oficial da União de 13/04/2018, resolve:</p><p>Nº 1.740 - Conceder aposentadoria voluntária com proventos integrais ao servidor ADAILTON TOMAZ DA SILVA, ocupante do cargo de Auditor Fiscal Federal Agropecuário, código NS 409010, classe S, padrão IV, do Quadro de Pessoal deste Ministério, com fundamento no artigo 3º da EC. 47/2005. (Processo: 21028.002118/2018-71).</p><p>Nº 1.741 - Conceder aposentadoria voluntária com proventos integrais ao servidor HUMBERTO FERREIRA DE CARVALHO NETO, ocupante do cargo de Auditor Fiscal Federal Agropecuário, código NS 409010, classe S, padrão IV, do Quadro de Pessoal deste Ministério, com fundamento no artigo 3º da EC. 47/2005. (Processo: 21028.001473/2018-23).</p><p>Nº 1.742 - Conceder aposentadoria voluntária com proventos integrais ao servidor MARCELINO RODRIGUES SALGADO, ocupante do cargo de Auditor Fiscal Federal Agropecuário, código NS 409010, classe S, padrão IV, do Quadro de Pessoal deste Ministério, com fundamento no artigo 3º da EC. 47/2005. (Processo: 21028.004490/2018-12).</p><p>Nº 1.743 - Conceder aposentadoria voluntária com proventos integrais ao servidor MOACIR JOSÉ DO NASCIMENTO, ocupante do cargo de Agente Administrativo, código NI 481004, classe S, padrão III, do Quadro de Pessoal deste Ministério, com fundamento no artigo 3º da EC. 47/2005. (Processo: 21028.003997/2018-59).</p><p class="assina">MARCIO LUIZ MURTA KANGUSSU</p>]]></Texto>
  </body>
</article></xml>