﻿<xml><article id="3466227" name="DOU 2-SGP-PT-891-UNI-287746_terc" idOficio="4814391" pubName="DO2" artType="Portaria" pubDate="01/06/2018" artClass="00034:00007:00015:00000:00000:00000:00000:00000:00000:00000:00025:00007" artCategory="Ministério Público da União/Ministério Público Federal/Secretaria de Gestão de Pessoas" artSize="8" artNotes="" numberPage="83" pdfPage="http://pesquisa.in.gov.br/imprensa/jsp/visualiza/index.jsp?data=01/06/2018&amp;jornal=529&amp;pagina=83" editionNumber="104" highlightType="" highlightPriority="" highlight="" idMateria="10798503">
  <body>
    <Identifica><![CDATA[ PORTARIA Nº 891, de 28 de maio de 2018]]></Identifica>
    <Data><![CDATA[]]></Data>
    <Ementa />
    <Titulo />
    <SubTitulo />
    <Texto><![CDATA[<p class="identifica">PORTARIA Nº 891, de 28 de maio de 2018</p><p>A SECRETÁRIA DE GESTÃO DE PESSOAS DO MINISTÉRIO PÚBLICO FEDERAL, no uso da competência que lhe foi atribuída pelo art. 1º, da Portaria SG/MPF nº 291, de 10/5/2018, e tendo em vista o constante no Processo Administrativo nº 1.30.001.002161/2018-71, resolve:</p><p>Declarar vago, por motivo de posse em outro cargo público inacumulável, a partir de 22 de maio de 2018, o cargo de Analista do MPU/Direito, classe C, padrão 11, da carreira de Analista do Ministério Público da União, ocupado pela servidora GEORGINA COSTA DE CASTRO, matrícula nº 16773, nos termos do art. 33, inciso VIII, da Lei nº 8.112, de 11/12/1990.</p><p class="assina">ELOÁ TODARELLI JUNQUEIRA</p>]]></Texto>
  </body>
</article></xml>