﻿<xml><article id="3465731" name="AFAST_Synthia Kariny Silva de Sa" idOficio="4814379" pubName="DO2" artType="Despacho" pubDate="01/06/2018" artClass="00026:00030:00000:00000:00000:00000:00000:00000:00000:00000:00019:00004" artCategory="Ministério do Planejamento, Desenvolvimento e Gestão/Fundação Instituto Brasileiro de Geografia e Estatística" artSize="8" artNotes="" numberPage="73" pdfPage="http://pesquisa.in.gov.br/imprensa/jsp/visualiza/index.jsp?data=01/06/2018&amp;jornal=529&amp;pagina=73" editionNumber="104" highlightType="" highlightPriority="" highlight="" idMateria="10798378">
  <body>
    <Identifica><![CDATA[ DESPACHO DE  29 DE MAIO DE 2018]]></Identifica>
    <Data><![CDATA[]]></Data>
    <Ementa />
    <Titulo />
    <SubTitulo />
    <Texto><![CDATA[<p class="identifica">DESPACHO DE 29 DE MAIO DE 2018</p><p>O Presidente da Fundação Instituto Brasileiro de Geografia e Estatística - IBGE, no uso da competência que lhe foi subdelegada pela Portaria MP nº 309 de 26 de agosto de 2011, tendo em vista o disposto no inciso IV do art. 1º do Decreto nº 1.387, de 7 de fevereiro de 1995, e considerando a necessidade da participação no evento, autoriza o afastamento do País de:</p><p>SYNTHIA KARINY SILVA DE SANTANA, Tecnologista em Informações Geográficas e Estatísticas da Fundação Instituto Brasileiro de Geografia e Estatística - IBGE, entidade vinculada ao Ministério do Planejamento, Desenvolvimento e Gestão, para participar da Conferência Anual da Partnetship for Economic Policy 2018, promovida por PEP - Partnetship for Economic Policy, que será realizada em Bangalore, Índia, no período de 05/06/2018 a 14/06/2018, incluindo o trânsito, com ônus limitado para o IBGE. (Processo nº 0001787.00000181/2018-79).</p><p class="assina">Roberto Luis Olinto Ramos</p><p></p>]]></Texto>
  </body>
</article></xml>