﻿<xml><article id="3462362" name="FNDE2_PORTARIA Nº 318, DE 23 DE " idOficio="4813825" pubName="DO2" artType="Portaria" pubDate="01/06/2018" artClass="00011:00046:00000:00000:00000:00000:00000:00000:00000:00000:00025:00002" artCategory="Ministério da Educação/Fundo Nacional de Desenvolvimento da Educação" artSize="8" artNotes="" numberPage="23" pdfPage="http://pesquisa.in.gov.br/imprensa/jsp/visualiza/index.jsp?data=01/06/2018&amp;jornal=529&amp;pagina=23" editionNumber="104" highlightType="" highlightPriority="" highlight="" idMateria="10797635">
  <body>
    <Identifica><![CDATA[ PORTARIA Nº 318, DE 23 DE MAIO DE 2018 ]]></Identifica>
    <Data><![CDATA[]]></Data>
    <Ementa />
    <Titulo />
    <SubTitulo />
    <Texto><![CDATA[<p class="identifica">PORTARIA Nº 318, DE 23 DE MAIO DE 2018</p><p>O DIRETOR DE ADMINISTRAÇÃO do FUNDO NACIONAL DE DESENVOLVIMENTO DA EDUCAÇÃO - FNDE, nomeado por meio da Portaria n° 471, publicada no Diário Oficial da União de 08 de maio de 2017, no uso da atribuição que lhe confere a alínea a, do inciso I, do Art. 1º, da Portaria nº 224/FNDE, de 19 de maio de 2016, publicado no Diário Oficial da União de 20/05/2016, e tendo em vista o que consta no processo nº 23034.017957/2018-31, resolve:</p><p>Art. 1º Conceder aposentadoria voluntária, por idade, com proventos proporcionais, à servidora MARIA ESTELA MOREIRA RUSSO, matrícula SIAPE nº 1623819, ocupante do cargo de Técnico em Financiamento e Execução de Programas e Projetos Educacionais, Classe "B", Padrão II, do Quadro de Pessoal Permanente desta Autarquia, com fundamento no Artigo 40, § 1º, Inciso III, alínea "b", da Constituição Federal de 1988, com redação dada pela Emenda Constitucional nº 41/2003, combinado com o Artigo 1º da Lei 10.887/2004.</p><p>Art. 2º Declarar, em decorrência, a vacância do cargo acima mencionado.</p><p>Art. 3º Esta portaria entra em vigor na data de sua publicação.</p><p class="assina">Dernival Neto</p>]]></Texto>
  </body>
</article></xml>