﻿<xml><article id="3464190" name="DOU_SP_01062018" idOficio="4814103" pubName="DO2" artType="Portaria" pubDate="01/06/2018" artClass="00037:00001:00002:00008:00001:00001:00000:00000:00000:00000:00025:00001" artCategory="Poder Legislativo/Câmara dos Deputados/Diretoria-Geral/Diretoria de Recursos Humanos/Departamento de Pessoal/Coordenação de Secretariado Parlamentar" artSize="8" artNotes="" numberPage="93" pdfPage="http://pesquisa.in.gov.br/imprensa/jsp/visualiza/index.jsp?data=01/06/2018&amp;jornal=529&amp;pagina=93" editionNumber="104" highlightType="" highlightPriority="" highlight="" idMateria="10797832">
  <body>
    <Identifica><![CDATA[ PORTARIAS DE 29 de maio de 2018]]></Identifica>
    <Data><![CDATA[]]></Data>
    <Ementa />
    <Titulo />
    <SubTitulo />
    <Texto><![CDATA[<p></p><p class="identifica">PORTARIAS DE 29 de maio de 2018</p><p>O Diretor da Coordenação de Secretariado Parlamentar, no uso das atribuições que lhe foram delegadas pelo artigo 1º da Portaria n.º 53, de 2002, do Senhor Diretor Administrativo, resolve:</p><p>Nº 3.213 - Exonerar, de acordo com o artigo 35 da Lei n.º 8.112, de 11 de dezembro de 1990, a partir de 29 de maio de 2018, EDSON GONÇALVES PELAGALO OLIVEIRA SILVA, ponto n.º 201872, do cargo em comissão de Secretário Parlamentar, SP18, do Quadro de Pessoal da Câmara dos Deputados, que exerce no gabinete do(a) Deputado(a) LUIZA ERUNDINA.</p><p>Nº 3.214 - Exonerar, de acordo com o artigo 35 da Lei n.º 8.112, de 11 de dezembro de 1990, a partir de 29 de maio de 2018, ANTONIO BATISTA DANTAS, ponto n.º 206835, do cargo em comissão de Secretário Parlamentar, SP25, do Quadro de Pessoal da Câmara dos Deputados, que exerce no gabinete do(a) Deputado(a) OSMAR BERTOLDI.</p><p>Nº 3.215 - Exonerar, de acordo com o artigo 35 da Lei n.º 8.112, de 11 de dezembro de 1990, a partir de 29 de maio de 2018, MARCEL VALENTE PANTOJA, ponto n.º 246278, do cargo em comissão de Secretário Parlamentar, SP15, do Quadro de Pessoal da Câmara dos Deputados, que exerce no gabinete do(a) Deputado(a) JOAQUIM PASSARINHO.</p><p>Nº 3.216 - Exonerar, de acordo com o artigo 35 da Lei n.º 8.112, de 11 de dezembro de 1990, a partir de 29 de maio de 2018, YAGO DE SANTANA MELLO FERREIRA, ponto n.º 246384, do cargo em comissão de Secretário Parlamentar, SP07, do Quadro de Pessoal da Câmara dos Deputados, que exerce no gabinete do(a) Deputado(a) CACA LEAO.</p><p>Nº 3.217 - Exonerar, de acordo com o artigo 35 da Lei n.º 8.112, de 11 de dezembro de 1990, a partir de 29 de maio de 2018, VALDIR FERREIRA DE CERQUEIRA, ponto n.º 248180, do cargo em comissão de Secretário Parlamentar, SP05, do Quadro de Pessoal da Câmara dos Deputados, que exerce no gabinete do(a) Deputado(a) ADILTON SACHETTI.</p><p>Nº 3.218 - Exonerar, de acordo com o artigo 35 da Lei n.º 8.112, de 11 de dezembro de 1990, a partir de 29 de maio de 2018, NEBSON WAGNER CARDOSO DOS SANTOS, ponto n.º 248456, do cargo em comissão de Secretário Parlamentar, SP02, do Quadro de Pessoal da Câmara dos Deputados, que exerce no gabinete do(a) Deputado(a) CICERO ALMEIDA.</p><p>Nº 3.219 - Exonerar, de acordo com o artigo 35 da Lei n.º 8.112, de 11 de dezembro de 1990, a partir de 29 de maio de 2018, ARNALDO ANGELO DA SILVA, ponto n.º 253755, do cargo em comissão de Secretário Parlamentar, SP15, do Quadro de Pessoal da Câmara dos Deputados, que exerce no gabinete do(a) Deputado(a) LAERTE BESSA.</p><p>Nº 3.220 - Exonerar, de acordo com o artigo 35 da Lei n.º 8.112, de 11 de dezembro de 1990, a partir de 29 de maio de 2018, PABLO ANTÔNIO FERNANDO TATIM DOS SANTOS, ponto n.º 257416, do cargo em comissão de Secretário Parlamentar, SP25, do Quadro de Pessoal da Câmara dos Deputados, que exerce no gabinete do(a) Deputado(a) RONALDO NOGUEIRA.</p><p>Nº 3.221 - Exonerar, de acordo com o artigo 35 da Lei n.º 8.112, de 11 de dezembro de 1990, a partir de 29 de maio de 2018, AYEDA RAJAI NASRI AMA, ponto n.º 257431, do cargo em comissão de Secretário Parlamentar, SP02, do Quadro de Pessoal da Câmara dos Deputados, que exerce no gabinete do(a) Deputado(a) FABIO TRAD.</p><p>Nº 3.222 - Exonerar, de acordo com o artigo 35 da Lei n.º 8.112, de 11 de dezembro de 1990, a partir de 29 de maio de 2018, RODOLFO ALBERTO POZZI DE REZENDE, ponto n.º 257539, do cargo em comissão de Secretário Parlamentar, SP16, do Quadro de Pessoal da Câmara dos Deputados, que exerce no gabinete do(a) Deputado(a) FLAVINHO.</p><p>Nº 3.223 - Nomear, na forma do artigo 9º, inciso II, da Lei nº 8.112, de 11 de dezembro de 1990, ALANNAJESCA ANASTACIO DE OLIVEIRA para exercer, no gabinete do(a) Deputado(a) MARCONDES GADELHA, o cargo em comissão de Secretário Parlamentar, SP19, do Quadro de Pessoal da Câmara dos Deputados.</p><p>Nº 3.224 - Nomear, na forma do artigo 9º, inciso II, da Lei nº 8.112, de 11 de dezembro de 1990, CARLOS CRISTIANO SIMAO para exercer, no gabinete do(a) Deputado(a) VITOR VALIM, o cargo em comissão de Secretário Parlamentar, SP06, do Quadro de Pessoal da Câmara dos Deputados.</p><p>Nº 3.225 - Nomear, na forma do artigo 9º, inciso II, da Lei nº 8.112, de 11 de dezembro de 1990, DÉBORA MARIA DA COSTA CARVALHO para exercer, no gabinete do(a) Deputado(a) VICENTE ARRUDA, o cargo em comissão de Secretário Parlamentar, SP15, do Quadro de Pessoal da Câmara dos Deputados.</p><p>Nº 3.226 - Nomear, na forma do artigo 9º, inciso II, da Lei nº 8.112, de 11 de dezembro de 1990, EDWILSON OLIVEIRA FARIAS para exercer, no gabinete do(a) Deputado(a) TIA ERON, o cargo em comissão de Secretário Parlamentar, SP01, do Quadro de Pessoal da Câmara dos Deputados.</p><p>Nº 3.227 - Nomear, na forma do artigo 9º, inciso II, da Lei nº 8.112, de 11 de dezembro de 1990, FRANCISCO CLAUDINO RODRIGUES NETO para exercer, no gabinete do(a) Deputado(a) HUGO MOTTA, o cargo em comissão de Secretário Parlamentar, SP16, do Quadro de Pessoal da Câmara dos Deputados.</p><p>Nº 3.228 - Nomear, na forma do artigo 9º, inciso II, da Lei nº 8.112, de 11 de dezembro de 1990, HELGA DO NASCIMENTO DE ALMEIDA para exercer, no gabinete do(a) Deputado(a) ADELMO CARNEIRO LEAO, o cargo em comissão de Secretário Parlamentar, SP13, do Quadro de Pessoal da Câmara dos Deputados.</p><p>Nº 3.229 - Nomear, na forma do artigo 9º, inciso II, da Lei nº 8.112, de 11 de dezembro de 1990, HUGO ABRANTES FERNANDES para exercer, no gabinete do(a) Deputado(a) MARCONDES GADELHA, o cargo em comissão de Secretário Parlamentar, SP09, do Quadro de Pessoal da Câmara dos Deputados.</p><p>Nº 3.230 - Nomear, na forma do artigo 9º, inciso II, da Lei nº 8.112, de 11 de dezembro de 1990, JENNIFER CARDOSO CARVALHO DO CARMO para exercer, no gabinete do(a) Deputado(a) ALEXANDRE SERFIOTIS, o cargo em comissão de Secretário Parlamentar, SP01, do Quadro de Pessoal da Câmara dos Deputados.</p><p>Nº 3.231 - Nomear, na forma do artigo 9º, inciso II, da Lei nº 8.112, de 11 de dezembro de 1990, JORDAO REIS CARNEIRO DOS SANTOS para exercer, no gabinete do(a) Deputado(a) PEDRO FERNANDES, o cargo em comissão de Secretário Parlamentar, SP09, do Quadro de Pessoal da Câmara dos Deputados.</p><p>Nº 3.232 - Nomear, na forma do artigo 9º, inciso II, da Lei nº 8.112, de 11 de dezembro de 1990, JOSÉ JAMES SOARES RIOS para exercer, no gabinete do(a) Deputado(a) CICERO ALMEIDA, o cargo em comissão de Secretário Parlamentar, SP02, do Quadro de Pessoal da Câmara dos Deputados.</p><p>Nº 3.233 - Nomear, na forma do artigo 9º, inciso II, da Lei nº 8.112, de 11 de dezembro de 1990, JULIA OTILIA FERNANDES PESTANA para exercer, no gabinete do(a) Deputado(a) PEDRO FERNANDES, o cargo em comissão de Secretário Parlamentar, SP14, do Quadro de Pessoal da Câmara dos Deputados.</p><p>Nº 3.234 - Nomear, na forma do artigo 9º, inciso II, da Lei nº 8.112, de 11 de dezembro de 1990, LÍLIA LIMA BRANDÃO para exercer, no gabinete do(a) Deputado(a) PEDRO FERNANDES, o cargo em comissão de Secretário Parlamentar, SP20, do Quadro de Pessoal da Câmara dos Deputados.</p><p>Nº 3.235 - Nomear, na forma do artigo 9º, inciso II, da Lei nº 8.112, de 11 de dezembro de 1990, MARCELO ROLIM DA SILVA VIEIRA para exercer, no gabinete do(a) Deputado(a) VALMIR PRASCIDELLI, o cargo em comissão de Secretário Parlamentar, SP02, do Quadro de Pessoal da Câmara dos Deputados.</p><p>Nº 3.236 - Nomear, na forma do artigo 9º, inciso II, da Lei nº 8.112, de 11 de dezembro de 1990, MARCO POLO RODRIGUES DA CUNHA para exercer, no gabinete do(a) Deputado(a) LUCAS VERGILIO, o cargo em comissão de Secretário Parlamentar, SP01, do Quadro de Pessoal da Câmara dos Deputados.</p><p>Nº 3.237 - Nomear, na forma do artigo 9º, inciso II, da Lei nº 8.112, de 11 de dezembro de 1990, NATANNY DE CARVALHO E SILVA para exercer, no gabinete do(a) Deputado(a) DELEGADO FRANCISCHINI, o cargo em comissão de Secretário Parlamentar, SP01, do Quadro de Pessoal da Câmara dos Deputados.</p><p>Nº 3.238 - Nomear, na forma do artigo 9º, inciso II, da Lei nº 8.112, de 11 de dezembro de 1990, RENÉE LARIAS BALBO COUTINHO para exercer, no gabinete do(a) Deputado(a) REJANE DIAS, o cargo em comissão de Secretário Parlamentar, SP25, do Quadro de Pessoal da Câmara dos Deputados.</p><p>Nº 3.239 - Nomear, na forma do artigo 9º, inciso II, da Lei nº 8.112, de 11 de dezembro de 1990, SEBASTIAO DOS SANTOS SILVA para exercer, no gabinete do(a) Deputado(a) SARNEY FILHO, o cargo em comissão de Secretário Parlamentar, SP19, do Quadro de Pessoal da Câmara dos Deputados.</p><p>Nº 3.240 - Nomear, na forma do artigo 9º, inciso II, da Lei nº 8.112, de 11 de dezembro de 1990, THAIRYNE THAYSA NASCIMENTO para exercer, no gabinete do(a) Deputado(a) NEWTON CARDOSO JR, o cargo em comissão de Secretário Parlamentar, SP10, do Quadro de Pessoal da Câmara dos Deputados.</p><p>Nº 3.241 - Nomear, na forma do artigo 9º, inciso II, da Lei nº 8.112, de 11 de dezembro de 1990, THALITA DE AQUINO LIMA para exercer, no gabinete do(a) Deputado(a) OSMAR BERTOLDI, o cargo em comissão de Secretário Parlamentar, SP25, do Quadro de Pessoal da Câmara dos Deputados.</p><p class="assina">Emerson Brito de Melo</p>]]></Texto>
  </body>
</article></xml>