﻿<xml><article id="3490135" name="Portaria Exoneração nº 001" idOficio="4812419" pubName="DO2" artType="Portaria" pubDate="04/06/2018" artClass="00039:00226:00000:00000:00000:00000:00000:00000:00000:00000:00025:00001" artCategory="Entidades de Fiscalização do Exercício das Profissões Liberais/CONSELHO REGIONAL DE ENFERMAGEM DO MARANHÃO" artSize="8" artNotes="" numberPage="56" pdfPage="http://pesquisa.in.gov.br/imprensa/jsp/visualiza/index.jsp?data=04/06/2018&amp;jornal=529&amp;pagina=56" editionNumber="105" highlightType="" highlightPriority="" highlight="" idMateria="10794612">
  <body>
    <Identifica><![CDATA[ PORTARIA Nº 1, DE 2 DE JANEIRO DE 2018]]></Identifica>
    <Data><![CDATA[]]></Data>
    <Ementa />
    <Titulo />
    <SubTitulo />
    <Texto><![CDATA[<p class="identifica">PORTARIA Nº 1, DE 2 DE JANEIRO DE 2018</p><p>O Presidente do Conselho Regional de Enfermagem do Maranhão - COREN/MA, no uso de suas atribuições legais e regimentais, resolve:</p><p>Art. 1º - Revogar a Portaria COREN-MA n.º 322, de 21 de novembro de 2017, para exonerar ANGELA MARIA FERREIRA RODRIGUES do cargo comissionado de Assessora Executiva do COREN-MA.</p><p>Art. 2º - Esta Portaria entra em vigor a partir de sua assinatura</p><p class="assina">Patrick Jonatha Costa Gomes</p><p></p>]]></Texto>
  </body>
</article></xml>