﻿<xml><article id="3459926" name="2018-428 PORTARIA DE PENSÃO - AN" idOficio="4811441" pubName="DO2" artType="Portaria" pubDate="01/06/2018" artClass="00011:00139:00000:00000:00000:00000:00000:00000:00000:00000:00025:00001" artCategory="Ministério da Educação/Universidade Federal do Triângulo Mineiro" artSize="8" artNotes="" numberPage="42" pdfPage="http://pesquisa.in.gov.br/imprensa/jsp/visualiza/index.jsp?data=01/06/2018&amp;jornal=529&amp;pagina=42" editionNumber="104" highlightType="" highlightPriority="" highlight="" idMateria="10793221">
  <body>
    <Identifica><![CDATA[ PORTARIA Nº 428, DE 24 DE MAIO DE 2018]]></Identifica>
    <Data><![CDATA[]]></Data>
    <Ementa />
    <Titulo />
    <SubTitulo />
    <Texto><![CDATA[<p class="identifica">PORTARIA Nº 428, DE 24 DE MAIO DE 2018</p><p>A REITORA DA UNIVERSIDADE FEDERAL DO TRIÂNGULO MINEIRO, nomeado pelo Presidente da República por Decreto de 12 de agosto de 2014, publicado no DOU do dia 13 subsequente, no uso das atribuições regimentais, considerando o Processo nº 23085.004497/2018-85 e Ação Ordinária nº 1524-48.2016.4.01.3802, resolve:</p><p>Art. 1º - Conceder à MATEUS DE ARAÚJO LIMA DIAS e MARCOS LÚCIO LIMA DIAS, pensão por morte da servidora inativa ANALICE FÉLIX DE ARAÚJO, Cozinheiro, matrícula SIAPE 0388982, correspondente à cota-parte de 1/2 para cada um, de acordo com os artigos 215 e 217, § 3º, e art. 222, inciso IV, da Lei 8.112/90, com redação dada pela Lei nº 13.135/2015, assegurada pelo artigo 40, §7º, inciso I, da Emenda Constitucional nº 41/2003, com proventos calculados de acordo com o art. 2º, inciso I, da Lei nº 10.887/2004.</p><p>Art. 3º - Os efeitos decorrentes desta Portaria retroagem a 23/04/2018, data da referida sentença.</p><p class="assina">ANA LÚCIA DE ASSIS SIMÕES</p>]]></Texto>
  </body>
</article></xml>