﻿<xml><article id="3460193" name="GM_DECISÃO-47909.000105.2014.11-" idOficio="4813526" pubName="DO2" artType="Decisão" pubDate="01/06/2018" artClass="00027:00001:00000:00000:00000:00000:00000:00000:00000:00000:00017:00008" artCategory="Ministério do Trabalho/Gabinete do Ministro" artSize="8" artNotes="" numberPage="76" pdfPage="http://pesquisa.in.gov.br/imprensa/jsp/visualiza/index.jsp?data=01/06/2018&amp;jornal=529&amp;pagina=76" editionNumber="104" highlightType="" highlightPriority="" highlight="" idMateria="10797158">
  <body>
    <Identifica><![CDATA[ DECISÃO DE 29 de maio de 2018]]></Identifica>
    <Data><![CDATA[]]></Data>
    <Ementa />
    <Titulo />
    <SubTitulo />
    <Texto><![CDATA[<p></p><p class="identifica">DECISÃO DE 29 de maio de 2018</p><p>Processo nº 47909.000105/2014-11</p><p>Acolho a manifestação da Consultoria Jurídica, consubstanciada no PARECER Nº 00178/2018/CONJUR-MTB/CGU/AGU, aprovado pelo DESPACHO Nº 01041/2018/CONJUR-MTB/CGU/AGU e, com fundamento no que consta no Processo nº 47909.000105/2014-11, decido:</p><p>Reconhecer a ocorrência da prescrição da penalidade de Advertência e/ou de Suspensão, eventualmente cabível no caso do presente Processo Administrativo Disciplinar e, em consequência, determinar seu arquivamento.</p><p>Restituir os autos à Corregedoria Seccional deste Ministério para adoção das providências de sua competência, inclusive ciência dos Interessados.</p><p class="assina">HELTON YOMURA</p><p class="cargo">Ministro</p>]]></Texto>
  </body>
</article></xml>