﻿<xml><article id="3462235" name="PTS72E75DF" idOficio="4813838" pubName="DO2" artType="Portaria" pubDate="01/06/2018" artClass="00022:00029:00238:00005:00028:00003:00000:00000:00000:00000:00025:00003" artCategory="Ministério do Desenvolvimento Social/Instituto Nacional do Seguro Social/Superintendência Regional Norte/Centro-Oeste em Brasília/Gerência Executiva - A - no Distrito Federal/Serviço de Administração/Seção Operacional da Gestão de Pessoas" artSize="8" artNotes="OK" numberPage="63" pdfPage="http://pesquisa.in.gov.br/imprensa/jsp/visualiza/index.jsp?data=01/06/2018&amp;jornal=529&amp;pagina=63" editionNumber="104" highlightType="" highlightPriority="" highlight="" idMateria="10797485">
  <body>
    <Identifica><![CDATA[ Portaria de 30 de maio de 2018]]></Identifica>
    <Data><![CDATA[]]></Data>
    <Ementa />
    <Titulo />
    <SubTitulo />
    <Texto><![CDATA[<p></p><p class="identifica">Portaria de 30 de maio de 2018</p><p>A CHEFE SUBSTITUTA DA SEÇÃO OPERACIONAL DA GESTÃO DE PESSOAS DA GERÊNCIA EXECUTIVA NO DISTRITO FEDERAL, no uso das atribuições conferidas no art. 235, inciso I, alínea "e" do Regimento Interno do INSS, aprovado pela PT/MDS/GM nº 414 de 28.09.2017, publicada no DOU Edição Extra Nº 188-A, de 29.09.2017, e na forma da legislação, resolve:</p><p>Nº 72 - Conceder aposentadoria voluntária à servidora JERUSA DE JESUS FERREIRA matrícula 878.867, ocupante do cargo de Datilógrafo, classe S, padrão IV, do Quadro de Pessoal do Instituto Nacional do Seguro Social, com fundamento no art. 3º da Emenda Constitucional nº 47, de 05 de julho de 2005, com proventos integrais e demais vantagens que faz jus. Declarar vago o referido cargo. Processo nº 37284.000253/2018-91</p><p>Nº 73 - Conceder aposentadoria voluntária ao servidor JOSÉ GONÇALVES RODRIGUES matrícula 244.480, ocupante do cargo de Agente de Vigilância, classe S, padrão IV, do Quadro de Pessoal do Instituto Nacional do Seguro Social, com fundamento no art. 3º da Emenda Constitucional nº 47, de 05 de julho de 2005, com proventos integrais e demais vantagens que faz jus. Declarar vago o referido cargo. Processo nº 37284.000278/2018-95</p><p>Nº 74 - Conceder aposentadoria voluntária ao servidor WILTON GOMES SOARES matrícula 878.731, ocupante do cargo de Administrador, classe S, padrão IV, do Quadro de Pessoal do Instituto Nacional do Seguro Social, com fundamento no art. 3º da Emenda Constitucional nº 47, de 05 de julho de 2005, com proventos integrais e demais vantagens que faz jus. Declarar vago o referido cargo. Processo nº 35758.002248/2018-74</p><p>Nº 75 - Conceder aposentadoria por invalidez ao servidor FRANCISCO JOSELY COSTA E SILVA matrícula 878.851, ocupante do cargo de Datilógrafo, classe S, padrão IV, do Quadro de Pessoal do Instituto Nacional do Seguro Social, com fundamento no Inciso I art. 40 da Constituição Federal de 05.10.1988, na forma do art.. 6-A da Emenda Constitucional nº 70/2012, incluído pela Emenda Constitucional nº 41/2003, com proventos proporcionais ao Tempo de contribuição de 34/35 (trinta e quatro trinta e cinco avos). Declarar vago o referido cargo. Processo nº 37284.000323/2018-10</p><p class="assina">LÁZARA MARIA DA CRUZ</p>]]></Texto>
  </body>
</article></xml>