﻿<xml><article id="3460917" name="PORTARIA CREF13BA Nº 021 DE 18 D" idOficio="4811655" pubName="DO2" artType="Portaria" pubDate="01/06/2018" artClass="00039:00201:00000:00000:00000:00000:00000:00000:00000:00000:00025:00001" artCategory="Entidades de Fiscalização do Exercício das Profissões Liberais/Conselho Regional de Educação Física da 13ª Região" artSize="8" artNotes="" numberPage="104" pdfPage="http://pesquisa.in.gov.br/imprensa/jsp/visualiza/index.jsp?data=01/06/2018&amp;jornal=529&amp;pagina=104" editionNumber="104" highlightType="" highlightPriority="" highlight="" idMateria="10793509">
  <body>
    <Identifica><![CDATA[ PORTARIA  Nº  21, DE 18 DE MAIO DE 2018 ]]></Identifica>
    <Data><![CDATA[]]></Data>
    <Ementa />
    <Titulo />
    <SubTitulo />
    <Texto><![CDATA[<p></p><p class="identifica">PORTARIA Nº 21, DE 18 DE MAIO DE 2018</p><p></p><p>O PRESIDENTE DO CONSELHO REGIONAL DE EDUCAÇÃO FÍSICA DA 13ª REGIÃO - CREF13/BA, no uso de suas atribuições legais, observado o disposto no art. 36, IV e XI do seu Estatuto; CONSIDERANDO que o Cargo de Assessora do Departamento Administrativo do CREF13/BA, segundo o Plano de Cargos e Salários, é exclusivo para função gratificada; CONSIDERANDO a necessidade do Conselho Regional de Educação Física da 13ª Região/Bahia, resolve:</p><p>Art. 1º - Exonerar SOLANGE FERREIRA ROCHA, portadora da identidade nº 319703622 SSP-BA e CPF nº 430.546.175-72 do Cargo de Assessora do Departamento Administrativo do CREF13/BA, nomeado através da portaria CREF13/BA nº 09 de 29 de março de 2018. Art. 2º - Nomear SOLANGE FERREIRA ROCHA, portadora de identidade nº 319703622 SSP-BA e CPF nº 430.546.175-72, para ocupar o Cargo de Assessora da Coordenação do CREF13/BA, 40 (quarenta) horas semanais, recebendo a remuneração de R$ 3.500,00 (três mil e quinhentos reais). Art. 3º - Esta portaria entra em vigor na data de sua publicação.</p><p class="assina">PAULO CÉSAR VIEIRA LIMA</p><p></p>]]></Texto>
  </body>
</article></xml>