﻿<xml><article id="3462948" name="2 GABMI PORTARIA 2785" idOficio="4813940" pubName="DO2" artType="Portaria" pubDate="01/06/2018" artClass="00008:00001:00000:00000:00000:00000:00000:00000:00000:00000:00019:00013" artCategory="Ministério da Ciência, Tecnologia, Inovações e Comunicações/Gabinete do Ministro" artSize="8" artNotes="" numberPage="6" pdfPage="http://pesquisa.in.gov.br/imprensa/jsp/visualiza/index.jsp?data=01/06/2018&amp;jornal=529&amp;pagina=6" editionNumber="104" highlightType="" highlightPriority="" highlight="" idMateria="10797749">
  <body>
    <Identifica><![CDATA[ PORTARIA Nº 2.785, DE 29 DE MAIO DE 2018]]></Identifica>
    <Data><![CDATA[]]></Data>
    <Ementa />
    <Titulo />
    <SubTitulo />
    <Texto><![CDATA[<p class="identifica">PORTARIA Nº 2.785, DE 29 DE MAIO DE 2018</p><p>O MINISTRO DE ESTADO DA CIÊNCIA, TECNOLOGIA, INOVAÇÕES E COMUNICAÇÕES, no uso da competência que lhe foi delegada pelo art. 3º do Decreto nº 8.821, de 26 de julho de 2016, tendo em vista o disposto no Parecer nº 00268/2018/CONJURMCTIC/CGU/AGU e o que consta do Processo nº 01280.000063/2017-86, resolve:</p><p>Art. 1º Nomear, em caráter efetivo, o candidato habilitado em concurso público RICARDO QUEIROZ MAGALHÃES, para ocupar o cargo de Técnico em Telecomunicações, Classe Técnico 1, Padrão 1 (código TE1 - TELECOM) da Carreira de Desenvolvimento Tecnológico, na vaga 0908149 (Redist. Portaria SRH/MP nº 2.434, DOU de 13 de setembro de 2010), com exercício no Instituto Nacional de Pesquisas da Amazônia - INPA, nos termos do inciso I do art. 9º da Lei nº 8.112, de 11 de dezembro de 1990.</p><p>Art. 2º Esta portaria entra em vigor na data de sua publicação.</p><p class="assina">GILBERTO KASSAB</p>]]></Texto>
  </body>
</article></xml>