﻿<xml><article id="3466576" name="8505-18MARIA JOSELI TOMAS DA COS" idOficio="4814479" pubName="DO2" artType="Portaria" pubDate="01/06/2018" artClass="00032:00011:00015:00000:00000:00000:00000:00000:00000:00000:00025:00012" artCategory="Ministério Extraordinário da Segurança Pública/Departamento de Polícia Federal/Diretoria de Gestão de Pessoal/Coordenação de Recursos Humanos/Divisão de Administração de Recursos Humanos/Serviço de Cadastro" artSize="8" artNotes="" numberPage="81" pdfPage="http://pesquisa.in.gov.br/imprensa/jsp/visualiza/index.jsp?data=01/06/2018&amp;jornal=529&amp;pagina=81" editionNumber="104" highlightType="" highlightPriority="" highlight="" idMateria="10798558">
  <body>
    <Identifica><![CDATA[ PORTARIA Nº 8.505 DE 30 DE MAIO DE 2018]]></Identifica>
    <Data><![CDATA[]]></Data>
    <Ementa />
    <Titulo />
    <SubTitulo />
    <Texto><![CDATA[<p class="identifica">PORTARIA Nº 8.505 DE 30 DE MAIO DE 2018</p><p>O DIRETOR DE GESTÃO DE PESSOAL DA POLÍCIA FEDERAL, no uso das atribuições que lhe são conferidas pelos incisos XIV e XIX, do Artigo 42, do Regimento Interno da Polícia Federal, aprovado pela Portaria MJ nº 1.252, de 29/12/2017, publicada no Diário Oficial da União nº 1, de 2/1/2018, Seção I, pp. 65/70, e, tendo em vista o que consta do Processo nº 08270.007499/2018-45, resolve:</p><p>Conceder aposentadoria especial voluntária a MARIA JOSELI TOMAS DA COSTA, matrícula SIAPE nº 1205021, ocupante do cargo de Agente de Polícia Federal, Classe Especial, do Quadro de Pessoal da Polícia Federal, com fundamento no artigo 1º, inciso II, alínea "b", da Lei Complementar nº 51, de 20 de dezembro de 1985, com proventos integrais e paridade correspondentes ao subsídio do cargo efetivo, de acordo com o artigo 38, alínea "a", da Lei nº 4.878, de 3 de dezembro de 1965 c/c o artigo 11, da Lei nº 11.358, de 19 de outubro de 2006, declarando, em decorrência, a vacância do cargo.</p><p class="assina">DELANO CERQUEIRA BUNN</p>]]></Texto>
  </body>
</article></xml>