﻿<xml><article id="3464631" name="Publicação PT1765-Ada" idOficio="4814143" pubName="DO2" artType="Portaria" pubDate="01/06/2018" artClass="00011:00056:00000:00000:00000:00000:00000:00000:00000:00000:00025:00001" artCategory="Ministério da Educação/Instituto Federal de Educação, Ciência e Tecnologia da Bahia" artSize="8" artNotes="" numberPage="23" pdfPage="http://pesquisa.in.gov.br/imprensa/jsp/visualiza/index.jsp?data=01/06/2018&amp;jornal=529&amp;pagina=23" editionNumber="104" highlightType="" highlightPriority="" highlight="" idMateria="10798027">
  <body>
    <Identifica><![CDATA[ PORTARIA Nº 1.765, DE 24 DE MAIO DE 2018 ]]></Identifica>
    <Data><![CDATA[]]></Data>
    <Ementa />
    <Titulo />
    <SubTitulo />
    <Texto><![CDATA[<p></p><p class="identifica">PORTARIA Nº 1.765, DE 24 DE MAIO DE 2018</p><p>O REITOR DO INSTITUTO FEDERAL DE EDUCAÇÃO, CIÊNCIA E TECNOLOGIA DA BAHIA, no uso de suas atribuições legais, tendo em vista o disposto no Art. 95 da Lei nº 8.112/90, no Art. 4º da Portaria MEC nº 404, de 23/04/09, publicada no DOU de 07/05/09 e considerando o processo nº 23281.003904/2018-11, resolve:</p><p>Art. 1º. Autorizar o afastamento, com ônus para IFBA-Campus Vitória da Conquista, da servidora ADA RUTH BERTOTI, ocupante do cargo de Professor do Magistério Ensino Superior, Mat. SIAPE nº 1664571, lotado no Campus Vitória da Conquista, no período 21/06/2018 a 02/07/2018, a fim de participar do Programa de Intercâmbio Brasil- Peru com os alunos do Campus, em Cusco-Peru</p><p>Art. 2º. Esta portaria tornar-se-á sem efeito imediatamente após a conclusão do referido evento.</p><p></p><p class="assina">RENATO DA ANUNCIAÇÃO FILHO</p><p></p>]]></Texto>
  </body>
</article></xml>