﻿<xml><article id="3462698" name="PORTARIA 53" idOficio="4813884" pubName="DO2" artType="Portaria" pubDate="01/06/2018" artClass="00012:00002:00012:00030:00000:00000:00000:00000:00000:00000:00025:00001" artCategory="Ministério da Fazenda/Secretaria Executiva/Subsecretaria de Planejamento, Orçamento e Administração/Superintendência de Administração no Rio Grande do Norte" artSize="8" artNotes="" numberPage="45" pdfPage="http://pesquisa.in.gov.br/imprensa/jsp/visualiza/index.jsp?data=01/06/2018&amp;jornal=529&amp;pagina=45" editionNumber="104" highlightType="" highlightPriority="" highlight="" idMateria="10797700">
  <body>
    <Identifica><![CDATA[ PORTARIA Nº 53, de 30 de maio de 2018]]></Identifica>
    <Data><![CDATA[]]></Data>
    <Ementa />
    <Titulo />
    <SubTitulo />
    <Texto><![CDATA[<p class="identifica">PORTARIA Nº 53, de 30 de maio de 2018</p><p>O SUPERINTENDENTE SUBSTITUTO DE ADMINISTRAÇÃO DO MINISTÉRIO DA FAZENDA NO ESTADO DO RIO GRANDE DO NORTE, no uso da competência que lhe foi atribuída pela Portaria nº 144, de 27/04/2016, do Ministro de Estado da Fazenda e tendo em vista o Processo SEI nº 10469.100169/2018-52, resolve:</p><p>Conceder aposentadoria voluntária, com proventos integrais, ao servidor JOSÉ AGNELO CID, ocupante do cargo de Agente Administrativo, código 489202, Classe S, Padrão III, Matrícula SIAPE nº 102801, do quadro de pessoal do Ministério da Fazenda, com fundamento no Artigo 3º, Incisos I, II e III, § único, da EC nº 47/2005 c/c o Artigo 7 º, da EC nº 41/2003.</p><p class="assina">JOÃO MARIA BRITO DE LIMA</p>]]></Texto>
  </body>
</article></xml>