﻿<xml><article id="3487660" name="Port. APO - 3361" idOficio="4812992" pubName="DO2" artType="Portaria" pubDate="04/06/2018" artClass="00011:00119:00001:00001:00000:00000:00000:00000:00000:00000:00025:00002" artCategory="Ministério da Educação/Universidade Federal de Minas Gerais/Reitoria/Gabinete" artSize="8" artNotes="" numberPage="18" pdfPage="http://pesquisa.in.gov.br/imprensa/jsp/visualiza/index.jsp?data=04/06/2018&amp;jornal=529&amp;pagina=18" editionNumber="105" highlightType="" highlightPriority="" highlight="" idMateria="10796185">
  <body>
    <Identifica><![CDATA[ PORTARIA Nº 3.361, DE 16 DE MAIO DE 2018]]></Identifica>
    <Data><![CDATA[]]></Data>
    <Ementa />
    <Titulo />
    <SubTitulo />
    <Texto><![CDATA[<p class="identifica">PORTARIA Nº 3.361, DE 16 DE MAIO DE 2018</p><p>A Reitora da Universidade Federal de Minas Gerais, no uso de suas atribuições, resolve:</p><p>Nos termos do art. 3º, da EC nº 47/2005, aposentar BENÍCIO ALVES DE SOUZA, inscrição UFMG nº 107735, matrícula SIAPE nº 0323109, ocupante do cargo de Técnico de Tecnologia da Informação, Nível de Classificação D, Nível de Capacitação IV, Padrão de Vencimento 16, lotado no Centro de Computação, com proventos integrais, por ter provado contar 38 (trinta e oito) anos de contribuição.</p><p class="assina">SANDRA REGINA GOULART ALMEIDA</p>]]></Texto>
  </body>
</article></xml>