﻿<xml><article id="3460538" name="129 - Designação servidores SETI" idOficio="4813736" pubName="DO2" artType="Ato" pubDate="01/06/2018" artClass="00038:00005:00003:00000:00000:00000:00000:00000:00000:00000:00001:00002" artCategory="Poder Judiciário/Tribunal Superior do Trabalho/Conselho Superior da Justiça do Trabalho" artSize="8" artNotes="" numberPage="95" pdfPage="http://pesquisa.in.gov.br/imprensa/jsp/visualiza/index.jsp?data=01/06/2018&amp;jornal=529&amp;pagina=95" editionNumber="104" highlightType="" highlightPriority="" highlight="" idMateria="10797426">
  <body>
    <Identifica><![CDATA[ ATO  Nº 129, DE 29 DE MAIO DE 2018]]></Identifica>
    <Data><![CDATA[]]></Data>
    <Ementa />
    <Titulo />
    <SubTitulo />
    <Texto><![CDATA[<p class="identifica">ATO Nº 129, DE 29 DE MAIO DE 2018</p><p>O PRESIDENTE DO CONSELHO SUPERIOR DA JUSTIÇA DO TRABALHO, no uso da atribuição prevista no inciso XXVIII do art. 9º do Regimento Interno do CSJT,</p><p>Considerando o constante do Memorando CSJT.SETIC Nº 77, de 24 de maio de 2018; resolve:</p><p>1 - Designar o servidor MATEUS MARQUES NEVES DE SÁ, código 61178, Técnico Judiciário, Área Administrativa, para exercer a função comissionada de Assistente 3, Nível FC-3, da Tabela de Funções Comissionadas da Coordenadoria de Gestão e Governança em Tecnologia da Informação do Conselho Superior da Justiça do Trabalho, em vaga decorrente da dispensa do servidor Sérgio Sodré Pacheco.</p><p>2 - Designar o servidor MARCELO ALVES FINS E LIMA, código 55742, Analista Judiciário, Área Apoio Especializado, Especialidade Análise de Sistemas, para exercer a função comissionada de Assistente 2, Nível FC-2, da Tabela de Funções Comissionadas da Secretaria-Geral do Conselho Superior da Justiça do Trabalho, em vaga decorrente da dispensa do servidor Mateus Marques Neves de Sá.</p><p>3 - Designar o servidor MARCELO ALVES FINS E LIMA, código 55742, Analista Judiciário, Área Apoio Especializado, Especialidade Análise de Sistemas, para substituir o Supervisor da Seção de Governança de Tecnologia da Informação, Nível FC-5, da Tabela de Funções Comissionadas da Coordenadoria de Gestão e Governança em Tecnologia da Informação do Conselho Superior da Justiça do Trabalho, em seus impedimentos e afastamentos legais e/ou eventuais.</p><p class="assina">JOÃO BATISTA BRITO PEREIRA</p>]]></Texto>
  </body>
</article></xml>