﻿<xml><article id="3463965" name="Portaria 2018.159 - Voluntaria i" idOficio="4814057" pubName="DO2" artType="Portaria" pubDate="01/06/2018" artClass="00009:00013:00000:00000:00000:00000:00000:00000:00000:00000:00025:00001" artCategory="Ministério da Cultura/Fundação Nacional de Artes" artSize="8" artNotes="" numberPage="9" pdfPage="http://pesquisa.in.gov.br/imprensa/jsp/visualiza/index.jsp?data=01/06/2018&amp;jornal=529&amp;pagina=9" editionNumber="104" highlightType="" highlightPriority="" highlight="" idMateria="10797925">
  <body>
    <Identifica><![CDATA[ PORTARIA Nº 159, de 30 de maio de 2018]]></Identifica>
    <Data><![CDATA[]]></Data>
    <Ementa />
    <Titulo />
    <SubTitulo />
    <Texto><![CDATA[<p class="identifica">PORTARIA Nº 159, de 30 de maio de 2018</p><p>O Diretor-Executivo da Fundação Nacional de Artes - FUNARTE, no uso das atribuições que lhe foram conferidas pelo Presidente da Funarte, nos termos da Portaria nº. 002 de 05 de janeiro de 2017, publicada no D.O.U. de 06 de janeiro de 2017,</p><p>CONSIDERANDO:</p><p>- os incisos I, II, III e parágrafo único do artigo 3º da Emenda Constitucional n° 47/2005. Resolve:</p><p>Art.1º - Conceder aposentadoria voluntária com proventos integrais ao servidor Francisco Carlos de Souza, matrícula SIAPE nº 222460, ocupante do cargo Técnico Operacional, classe S, padrão III, nível intermediário, do Quadro de Pessoal desta Fundação (processo nº 01530.000493/2018-90).</p><p>Art. 2º - Declarar vago o cargo mencionado acima.</p><p>Art. 3º - Esta Portaria entra em vigor na data de sua publicação.</p><p class="assina">REINALDO DA SILVA VERÍSSIMO</p>]]></Texto>
  </body>
</article></xml>