﻿<xml><article id="3465437" name="PT48BAURU" idOficio="4814306" pubName="DO2" artType="Portaria" pubDate="01/06/2018" artClass="00022:00029:00239:00009:00026:00000:00000:00000:00000:00000:00025:00005" artCategory="Ministério do Desenvolvimento Social/Instituto Nacional do Seguro Social/Superintendência-Regional Sudeste I em São Paulo/Gerência Executiva - B - Bauru/Seção Operacional da Gestão de Pessoas" artSize="8" artNotes="OK" numberPage="64" pdfPage="http://pesquisa.in.gov.br/imprensa/jsp/visualiza/index.jsp?data=01/06/2018&amp;jornal=529&amp;pagina=64" editionNumber="104" highlightType="" highlightPriority="" highlight="" idMateria="10798270">
  <body>
    <Identifica><![CDATA[ PORTARIA Nº 48, de 30 de maio de 2018]]></Identifica>
    <Data><![CDATA[]]></Data>
    <Ementa />
    <Titulo />
    <SubTitulo />
    <Texto><![CDATA[<p class="identifica">PORTARIA Nº 48, de 30 de maio de 2018</p><p>A Chefe da Seção Operacional de Gestão de Pessoas do Instituto Nacional do Seguro Social em Bauru/SP, no uso das atribuições conferidas pelo Art. 235, inciso I, alínea "b" da Portaria MDS Nº 414, publicada no DOU nº 188 de 29/09/2017, que aprovou o Regimento Interno do INSS, resolve:</p><p>Conceder Aposentadoria Voluntária à servidora Fátima Aparecida Tavares de Oliveira Prado, matrícula 0937644, ocupante do cargo de Técnico do Seguro Social, Classe S, Padrão IV, do quadro de servidores do Instituto Nacional do Seguro Social, com fundamento no art. 3º da Emenda Constitucional nº 47/2005. Declarar vago o referido cargo.</p><p class="assina">Cibele Machado Ponce da Silva</p>]]></Texto>
  </body>
</article></xml>