﻿<xml><article id="3464622" name="Publicação PT 1794-Joaquim" idOficio="4814143" pubName="DO2" artType="Portaria" pubDate="01/06/2018" artClass="00011:00056:00000:00000:00000:00000:00000:00000:00000:00000:00025:00004" artCategory="Ministério da Educação/Instituto Federal de Educação, Ciência e Tecnologia da Bahia" artSize="8" artNotes="" numberPage="24" pdfPage="http://pesquisa.in.gov.br/imprensa/jsp/visualiza/index.jsp?data=01/06/2018&amp;jornal=529&amp;pagina=24" editionNumber="104" highlightType="" highlightPriority="" highlight="" idMateria="10798030">
  <body>
    <Identifica><![CDATA[ PORTARIA Nº 1.794, DE 30 DE MAIO DE 2018 ]]></Identifica>
    <Data><![CDATA[]]></Data>
    <Ementa />
    <Titulo />
    <SubTitulo />
    <Texto><![CDATA[<p></p><p class="identifica">PORTARIA Nº 1.794, DE 30 DE MAIO DE 2018</p><p>O REITOR DO INSTITUTO FEDERAL DE EDUCAÇÃO, CIÊNCIA E TECNOLOGIA DA BAHIA, no uso de suas atribuições legais, tendo em vista o disposto no Art. 95 da Lei nº 8.112/90, no Art. 4º da Portaria MEC nº 404, de 23/04/09, publicada no DOU de 07/05/09 e considerando o processo nº 23279.008634/2018-83, resolve:</p><p>Art. 1º. Autorizar o afastamento, com ônus limitado para o IFBA, do servidor JOAQUIM CUSTÓDIO DA SILVA JÚNIOR, ocupante do cargo de Médico, Mat. SIAPE nº 1556458, lotado no Campus Salvador, no período 20/06/2018 a 27/06/2018, a fim de participar do American Diabetes Association`s 78TH Scientific Session, em Orlando, nos Estados Unidos da América.</p><p>Art. 2º. Esta portaria tornar-se-á sem efeito imediatamente após a conclusão do referido evento.</p><p class="assina">RENATO DA ANUNCIAÇÃO FILHO</p>]]></Texto>
  </body>
</article></xml>