﻿<xml><article id="3464628" name="Publicação PT 1782- Mauricio" idOficio="4814143" pubName="DO2" artType="Portaria" pubDate="01/06/2018" artClass="00011:00056:00000:00000:00000:00000:00000:00000:00000:00000:00025:00002" artCategory="Ministério da Educação/Instituto Federal de Educação, Ciência e Tecnologia da Bahia" artSize="8" artNotes="" numberPage="24" pdfPage="http://pesquisa.in.gov.br/imprensa/jsp/visualiza/index.jsp?data=01/06/2018&amp;jornal=529&amp;pagina=24" editionNumber="104" highlightType="" highlightPriority="" highlight="" idMateria="10798028">
  <body>
    <Identifica><![CDATA[ PORTARIA Nº 1.782, DE 25 DE MAIO DE 2018.]]></Identifica>
    <Data><![CDATA[]]></Data>
    <Ementa />
    <Titulo />
    <SubTitulo />
    <Texto><![CDATA[<p></p><p class="identifica">PORTARIA Nº 1.782, DE 25 DE MAIO DE 2018.</p><p>O REITOR DO INSTITUTO FEDERAL DE EDUCAÇÃO, CIÊNCIA E TECNOLOGIA DA BAHIA, no uso de suas atribuições legais, tendo em vista o disposto no Art. 95 da Lei nº 8.112/90, no Art. 4º da Portaria MEC nº 404, de 23/04/09, publicada no DOU de 07/05/09 e considerando o processo nº 23279.008096/2018-27, resolve:</p><p>Art. 1º. Autorizar o afastamento, com ônus limitado para o IFBA, do servidor MAURICIO CAVALCANTE RIOS, ocupante do cargo de Professor do Ensino Básico, Técnico e Tecnológico, Mat. SIAPE nº 2631649, lotado no Campus Salvador , no período 10/06/2018 a 16/06/2018, a fim de apresentar o trabalho: "Uma solução pragmatista para o relativismo epistemológico", no XI Encontro AFHIC- Associação de Filosofia e História da Ciência do Cone Sul, em Buenos Aires-Argentina.</p><p>Art. 2º. Esta portaria tornar-se-á sem efeito imediatamente após a conclusão do referido evento.</p><p></p><p class="assina">RENATO DA ANUNCIAÇÃO FILHO</p><p></p>]]></Texto>
  </body>
</article></xml>