﻿<xml><article id="3465833" name="D.N.Lima e V.S.Costa" idOficio="4814350" pubName="DO2" artType="Portaria" pubDate="01/06/2018" artClass="00012:00022:00000:00000:00000:00000:00000:00000:00000:00000:00025:00001" artCategory="Ministério da Fazenda/Comissão de Valores Mobiliários" artSize="8" artNotes="" numberPage="47" pdfPage="http://pesquisa.in.gov.br/imprensa/jsp/visualiza/index.jsp?data=01/06/2018&amp;jornal=529&amp;pagina=47" editionNumber="104" highlightType="" highlightPriority="" highlight="" idMateria="10798325">
  <body>
    <Identifica><![CDATA[ PORTARIAS DE 29 DE MAIO DE 2018]]></Identifica>
    <Data><![CDATA[]]></Data>
    <Ementa />
    <Titulo />
    <SubTitulo />
    <Texto><![CDATA[<p class="identifica">PORTARIAS DE 29 DE MAIO DE 2018</p><p>O PRESIDENTE DA COMISSÃO DE VALORES MOBILIÁRIOS, no uso das atribuições que lhe são conferidas pelo art. 1º, inciso VIII, da Portaria MF n° 393, de 14 de julho de 2009, publicada no Diário Oficial da União de 16 subsequente, e com base no art. 35, inciso I, da Lei nº 8.112, de 11 de dezembro de 1990, resolve:</p><p>Nº 64 - Dispensar, a partir de 1º de junho de 2018, DIVA DO NASCIMENTO LIMA, CPF nº 879.491.807-49, da função gratificada de Encarregado, FG-2, exercida na Superintendência de Desenvolvimento de Mercado (SDM), na sede desta autarquia, retornando a servidora ao seu cargo efetivo de Agente Executivo.</p><p>O PRESIDENTE DA COMISSÃO DE VALORES MOBILIÁRIOS, no uso das atribuições que lhe são conferidas pelo art. 1º, inciso X, da Portaria MF n° 393, de 14 de julho de 2009, publicada no Diário Oficial da União de 16 subseqüente, e com base no art. 9º, inciso II, da Lei nº 8.112, de 11 de dezembro de 1990, com nova redação dada pela Lei nº 9.527, de 10 de dezembro de 1997, resolve:</p><p>Nº 65 - Designar VERÔNICA SILVA DA COSTA, CPF nº 130.311.487-97, ocupante do cargo efetivo de Agente Executivo, matrícula SIAPE nº 2126386, para exercer a Função Gratificada de Encarregado, FG-2, na Superintendência de Desenvolvimento de Mercado (SDM), na sede desta autarquia, no Rio de Janeiro.</p><p class="assina">MARCELO BARBOSA</p>]]></Texto>
  </body>
</article></xml>