﻿<xml><article id="3462112" name="PT89SANTOS" idOficio="4813808" pubName="DO2" artType="Portaria" pubDate="01/06/2018" artClass="00022:00029:00239:00019:00108:00000:00000:00000:00000:00000:00025:00001" artCategory="Ministério do Desenvolvimento Social/Instituto Nacional do Seguro Social/Superintendência-Regional Sudeste I em São Paulo/Gerência Executiva - B - Santos/Seção Operacional da Gestão de Pessoas" artSize="8" artNotes="OK" numberPage="65" pdfPage="http://pesquisa.in.gov.br/imprensa/jsp/visualiza/index.jsp?data=01/06/2018&amp;jornal=529&amp;pagina=65" editionNumber="104" highlightType="" highlightPriority="" highlight="" idMateria="10797553">
  <body>
    <Identifica><![CDATA[ Portaria nº 89,  de 30 de maio de 2018]]></Identifica>
    <Data><![CDATA[]]></Data>
    <Ementa />
    <Titulo />
    <SubTitulo />
    <Texto><![CDATA[<p class="identifica">Portaria nº 89, de 30 de maio de 2018</p><p>O CHEFE DA SEÇÃO OPERACIONAL DA GESTÃO DE PESSOAS DA GERÊNCIA EXECUTIVA DO INSS EM SANTOS/SP, no uso das atribuições que lhe foram delegadas pelo artigo 235 da Portaria/MDS nº 414, de 28/09/2017, publicada no DOU nº 188-A, de 29/09/2017, e tendo em vista o que consta no processo nº 35432.000788/2018-96, resolve:</p><p>Conceder aposentadoria voluntária ao servidor MARCOS TOLEDO LOPES, matrícula SIAPE 1376212, ocupante do cargo de Analista do Seguro Social, Classe "S", Padrão "II", do quadro de Pessoal do Instituto Nacional do Seguro Social, com fundamento no Art. 40, § 1º, Inc. III, alínea "a" da Constituição Federal de 05/10/1988, com redação dada pela Emenda Constitucional nº 41/2003, e os proventos calculados na forma do Art. 1º da Lei nº 10.887/2004.</p><p>Em consequência, declarar vago o referido cargo.</p><p class="assina">IDEL PROFETA RIBEIRO</p>]]></Texto>
  </body>
</article></xml>