﻿<xml><article id="3464040" name="AFA SEC_8537_Thompson_P" idOficio="4814077" pubName="DO2" artType="Despacho" pubDate="01/06/2018" artClass="00012:00007:00000:00000:00000:00000:00000:00000:00000:00000:00019:00001" artCategory="Ministério da Fazenda/Banco do Brasil S/A" artSize="8" artNotes="" numberPage="47" pdfPage="http://pesquisa.in.gov.br/imprensa/jsp/visualiza/index.jsp?data=01/06/2018&amp;jornal=529&amp;pagina=47" editionNumber="104" highlightType="" highlightPriority="" highlight="" idMateria="10797956">
  <body>
    <Identifica><![CDATA[ DESPACHO de 30 de maio de 2018]]></Identifica>
    <Data><![CDATA[]]></Data>
    <Ementa />
    <Titulo />
    <SubTitulo />
    <Texto><![CDATA[<p class="identifica">DESPACHO de 30 de maio de 2018</p><p>O PRESIDENTE DO BANCO DO BRASIL, no uso da competência prevista no art. 2º do Decreto nº 1.387, de 07 de fevereiro de 1995, que lhe foi delegada no art. 12 da Portaria MF nº 160, de 06 de maio de 2016, autoriza o afastamento do País de THOMPSON SOARES PEREIRA CESAR, Gerente Geral UE, no período de 02 a 10 de junho de 2018, inclusive trânsito, com ônus, na forma do disposto no inciso IV do art. 1º do citado Decreto, a fim de participar em evento denominado Missão Corporativa ao Vale do Silício, em Miami, Estados Unidos da América.</p><p class="assina">PAULO ROGÉRIO CAFFARELLI</p>]]></Texto>
  </body>
</article></xml>