﻿<xml><article id="3462356" name="(919) 15414.614295.2017-68 MITSU" idOficio="4813864" pubName="DO2" artType="Portaria" pubDate="01/06/2018" artClass="00012:00065:00016:00000:00000:00000:00000:00000:00000:00000:00025:00001" artCategory="Ministério da Fazenda/Superintendência de Seguros Privados/Diretoria de Organização do Sistema de Seguros Privados" artSize="8" artNotes="" numberPage="49" pdfPage="http://pesquisa.in.gov.br/imprensa/jsp/visualiza/index.jsp?data=01/06/2018&amp;jornal=529&amp;pagina=49" editionNumber="104" highlightType="" highlightPriority="" highlight="" idMateria="10797623">
  <body>
    <Identifica><![CDATA[ PORTARIA  Nº 919, de 30 de maio de 2018]]></Identifica>
    <Data><![CDATA[]]></Data>
    <Ementa />
    <Titulo />
    <SubTitulo />
    <Texto><![CDATA[<p class="identifica">PORTARIA Nº 919, de 30 de maio de 2018</p><p>O DIRETOR DE ORGANIZAÇÃO DO SISTEMA DE SEGUROS PRIVADOS DA SUPERINTENDÊNCIA DE SEGUROS PRIVADOS - SUSEP, no uso da competência delegada pelo Superintendente da Susep, por meio da Portaria n. 6.523, de 20 de maio de 2016, considerando o disposto no artigo 12 da Lei Complementar n. 126, de 15 de janeiro de 2007, com base no artigo 11 do Anexo I da Resolução CNSP n. 330, de 9 de dezembro de 2015 e o que consta do Processo Susep 15414.614295/2017-68, resolve:</p><p>Art. 1º Aprovar a indicação do Sr. Masayuki Nagano como representante de MITSUI SUMITOMO INSURANCE COMPANY LIMITED no País.</p><p>Art. 2º Esta portaria entra em vigor na data de sua publicação.</p><p class="assina">Marcelo Augusto Camacho Rocha</p>]]></Texto>
  </body>
</article></xml>