﻿<xml><article id="3487501" name="Atos 217 e 218-2018" idOficio="4811658" pubName="DO2" artType="Ato" pubDate="04/06/2018" artClass="00038:00047:00001:00000:00000:00000:00000:00000:00000:00000:00001:00001" artCategory="Poder Judiciário/Tribunal Regional do Trabalho da 8ª Região/Gabinete da Presidência" artSize="8" artNotes="" numberPage="53" pdfPage="http://pesquisa.in.gov.br/imprensa/jsp/visualiza/index.jsp?data=04/06/2018&amp;jornal=529&amp;pagina=53" editionNumber="105" highlightType="" highlightPriority="" highlight="" idMateria="10793512">
  <body>
    <Identifica><![CDATA[ATO Nº 217, DE 18 DE MAIO DE 2018]]></Identifica>
    <Data><![CDATA[]]></Data>
    <Ementa />
    <Titulo />
    <SubTitulo />
    <Texto><![CDATA[<p class="identifica">ATO Nº 217, DE 18 DE MAIO DE 2018</p><p>A DESEMBARGADORA PRESIDENTE DO TRIBUNAL REGIONAL DO TRABALHO DA OITAVA REGIÃO, no uso de suas atribuições legais, e</p><p>CONSIDERANDO a determinação constante na decisão proferida nos autos do Processo nº 0009305-46.2001.4.01.3900, em trâmite no Egrégio Tribunal Regional Federal da 1ª Região, determinando a reintegração do servidor EDUARDO COELHO DE MIRANDA no cargo por ele antes ocupado;</p><p>CONSIDERANDO o teor dos Pareceres de Força Executória nºs 00031/2018/CSPCM/PUPA/PGU/AGU e 00041/2018/CSPCM/PUPA/PGU/AGU;</p><p>CONSIDERANDO o disposto no artigo 41, § 2º, da Constituição Federal de 1988, combinado com o artigo 28 da Lei nº 8.112/1990;</p><p>CONSIDERANDO, ainda, o que consta nos autos do Processo Administrativo Eletrônico nº 2034/2018, resolve:</p><p>REINTEGRAR, a partir da publicação deste Ato no Diário Oficial da União, o servidor EDUARDO COELHO DE MIRANDA, código Mentorh nº 1051, no cargo de provimento efetivo da categoria funcional de Técnico Judiciário, Área Administrativa (vaga 824), do Quadro de Pessoal Permanente deste Egrégio Tribunal, enquadrando-o na Classe C, Padrão 13, nos termos da Lei nº 11.416/2006.</p><p class="assina">Des. SUZY ELIZABETH CAVALCANTE KOURY</p><p class="identifica">ATO Nº 218, DE 18 DE MAIO DE 2018</p><p>A DESEMBARGADORA PRESIDENTE DO TRIBUNAL REGIONAL DO TRABALHO DA OITAVA REGIÃO, no uso de suas atribuições legais, e</p><p>CONSIDERANDO a determinação constante na decisão proferida nos autos do Processo nº 0009305-46.2001.4.01.3900, em trâmite no Egrégio Tribunal Regional Federal da 1ª Região, determinando a reintegração do servidor EDUARDO COELHO DE MIRANDA no cargo por ele antes ocupado;</p><p>CONSIDERANDO o teor dos Pareceres de Força Executória nºs 00031/2018/CSPCM/PUPA/PGU/AGU e 00041/2018/CSPCM/PUPA/PGU/AGU;</p><p>CONSIDERANDO o disposto no artigo 41, § 2º, da Constituição Federal de 1988, combinado com o artigo 28, da Lei nº 8.112/1990;</p><p>CONSIDERANDO que o servidor EDUARDO EDSON CARVALHO FERREIRA ocupa atualmente o cargo de Técnico Judiciário, Área Administrativa, anteriormente provido pelo servidor EDUARDO COELHO DE MIRANDA, o qual teve sua reintegração determinada nos autos do Processo nº 0009305-46.2001.4.01.3900, supracitado;</p><p>CONSIDERANDO a necessidade de reintegrar o servidor EDUARDO COELHO DE MIRANDA no mesmo cargo por ele antes ocupado, nos termos do artigo 28 da Lei nº 8.112/1990;</p><p>CONSIDERANDO o que consta no Ato PRESI nº 217/2018, na Portaria PRESI nº 480/2018 e, ainda, no Processo Administrativo Eletrônico n° 2034/2018, resolve:</p><p>APROVEITAR, nos termos do § 2º do artigo 28 da Lei nº 8.112/1990, o servidor EDUARDO EDSON CARVALHO FERREIRA, código Mentorh nº 2001, no cargo de provimento efetivo da categoria funcional de Técnico Judiciário, Área Administrativa, do Quadro de Pessoal Permanente deste Egrégio Tribunal, em vaga decorrente da aposentadoria do servidor José Augusto do Rego Pereira (código nº 221), enquadrando-o na Classe C, Padrão 13, nos termos da Lei nº 11.416/2006, com efeitos a partir da data da publicação do Ato de Reintegração nº 217/2018 no Diário Oficial da União.</p><p class="assina">Des. SUZY ELIZABETH CAVALCANTE KOURY</p>]]></Texto>
  </body>
</article></xml>