﻿<xml><article id="3490480" name="Portaria Nomeação nº 20" idOficio="4812646" pubName="DO2" artType="Portaria" pubDate="04/06/2018" artClass="00039:00226:00000:00000:00000:00000:00000:00000:00000:00000:00025:00017" artCategory="Entidades de Fiscalização do Exercício das Profissões Liberais/CONSELHO REGIONAL DE ENFERMAGEM DO MARANHÃO" artSize="8" artNotes="" numberPage="57" pdfPage="http://pesquisa.in.gov.br/imprensa/jsp/visualiza/index.jsp?data=04/06/2018&amp;jornal=529&amp;pagina=57" editionNumber="105" highlightType="" highlightPriority="" highlight="" idMateria="10794972">
  <body>
    <Identifica><![CDATA[         PORTARIA Nº 20, DE 2 DE JANEIRO DE 2018]]></Identifica>
    <Data><![CDATA[]]></Data>
    <Ementa />
    <Titulo />
    <SubTitulo />
    <Texto><![CDATA[<p class="identifica">PORTARIA Nº 20, DE 2 DE JANEIRO DE 2018</p><p>O Presidente do CONSELHO REGIONAL DE ENFERMAGEM DO MARANHÃO - COREN/MA, no uso de suas atribuições legais e regimentais, decide:</p><p>Art.1° - NOMEAR o Sr. Magno Luis Mendes da Silva para ocupar o cargo comissionado de GERENTE ADMINISTRATIVO, do COREN-MA.</p><p>Art. 2º - Esta Portaria entra em vigor na data de sua assinatura.</p><p class="assina">Patrick Jonatha Costa Gomes</p><p></p>]]></Texto>
  </body>
</article></xml>