﻿<xml><article id="3466092" name="DG_AFAST PAÍS_909097" idOficio="4814437" pubName="DO2" artType="Despacho" pubDate="01/06/2018" artClass="00006:00019:00000:00000:00000:00000:00000:00000:00000:00000:00000:00010" artCategory="Presidência da República/Gabinete de Segurança Institucional/Agência Brasileira de Inteligência" artSize="8" artNotes="" numberPage="3" pdfPage="http://pesquisa.in.gov.br/imprensa/jsp/visualiza/index.jsp?data=01/06/2018&amp;jornal=529&amp;pagina=3" editionNumber="104" highlightType="" highlightPriority="" highlight="" idMateria="10798460">
  <body>
    <Identifica><![CDATA[ DESPACHO]]></Identifica>
    <Data><![CDATA[]]></Data>
    <Ementa />
    <Titulo />
    <SubTitulo />
    <Texto><![CDATA[<p class="identifica"><strong>DESPACHO</strong></p><p><strong>O DIRETOR-GERAL DA AGÊNCIA BRASILEIRA DE INTELIGÊNCIA DO GABINETE DE SEGURANÇA INSTITUCIONAL DA PRESIDÊNCIA DA REPÚBLICA</strong>, no uso das atribuições que lhe confere a Portaria nº 74-GSIPR, de 25 de novembro de 2016, publicada no DOU nº 231, de 02 de dezembro de 2016, resolve:</p><p>Autorizar o afastamento do País do servidor matrícula nº 909097, com ônus, conforme consta no Memorando nº 0244/94100 de 24 de maio de 2018.</p><p>Publicado de acordo com o art. 9º da Lei nº 9.883/99.</p><p class="assina">JANÉR TESCH HOSKEN ALVARENGA</p>]]></Texto>
  </body>
</article></xml>