﻿<xml><article id="3466648" name="modelo pensao DOU SELDA" idOficio="4814516" pubName="DO2" artType="Portaria" pubDate="01/06/2018" artClass="00017:00002:00025:00000:00000:00000:00000:00000:00000:00000:00025:00001" artCategory="Ministério da Saúde/Secretaria Executiva/Núcleo Estadual na Paraíba" artSize="8" artNotes="" numberPage="53" pdfPage="http://pesquisa.in.gov.br/imprensa/jsp/visualiza/index.jsp?data=01/06/2018&amp;jornal=529&amp;pagina=53" editionNumber="104" highlightType="" highlightPriority="" highlight="" idMateria="10798551">
  <body>
    <Identifica><![CDATA[       PORTARIA Nº 248, de 29 DE MAIO DE 2018]]></Identifica>
    <Data><![CDATA[]]></Data>
    <Ementa />
    <Titulo />
    <SubTitulo />
    <Texto><![CDATA[<p class="identifica">PORTARIA Nº 248, de 29 DE MAIO DE 2018</p><p>A Chefe do Serviço de Gestão Administrativa do Núcleo Estadual do Ministério da Saúde no Estado da Paraíba, no uso da competência atribuída através da Portaria nº. 2.492/GM/MS, de 28/09/2017, publicada no DOU nº 205, de 25/10/2017 e a competência subdelegada pela Portaria nº 1.804/SE/SAA/MS, de 01/10/2013, publicada no DOU nº 192, de 03/10/2013, resolve:</p><p>Conceder Pensão a Sra. SELDA MENDONÇA NEVES, na qualidade de CONJUGE do ex-servidor HORACIO ANTONIO RIBEIRO NEVES, matrícula SIAPE nº 0329224, aposentado no cargo de Médico, Classe "S", Padrão III, pertencente ao Quadro de Pessoal deste Ministério, com fundamento no artigo 217, I, e artigo 219 da Lei nº 8.112/1990, com redação dada pela Lei nº 13.135/2015, observando o contido no artigo 40, § 7º, inciso II e § 8º da Constituição Federal de 05/10/88, com redação dada pela Emenda Constitucional nº 41/2003, regulamentado pelo artigo 2º da Lei nº. 10.887/2004., cabendo ao beneficiário 100% (Cem por cento) do valor do benefício, a partir do falecimento em 25/04/2018. (Processo n.º 25018.001754/2018-56).</p><p class="assina">ANA PAULA PIRES FONSECA GUIMARAES</p>]]></Texto>
  </body>
</article></xml>