﻿<xml><article id="3462945" name="2 GABMI PORTARIA 2872" idOficio="4813940" pubName="DO2" artType="Portaria" pubDate="01/06/2018" artClass="00008:00001:00000:00000:00000:00000:00000:00000:00000:00000:00019:00016" artCategory="Ministério da Ciência, Tecnologia, Inovações e Comunicações/Gabinete do Ministro" artSize="8" artNotes="" numberPage="7" pdfPage="http://pesquisa.in.gov.br/imprensa/jsp/visualiza/index.jsp?data=01/06/2018&amp;jornal=529&amp;pagina=7" editionNumber="104" highlightType="" highlightPriority="" highlight="" idMateria="10797752">
  <body>
    <Identifica><![CDATA[ PORTARIA Nº 2.872, DE 29 DE MAIO DE 2018]]></Identifica>
    <Data><![CDATA[]]></Data>
    <Ementa />
    <Titulo />
    <SubTitulo />
    <Texto><![CDATA[<p class="identifica">PORTARIA Nº 2.872, DE 29 DE MAIO DE 2018</p><p>O MINISTRO DE ESTADO DA CIÊNCIA, TECNOLOGIA, INOVAÇÕES E COMUNICAÇÕES, no uso das atribuições que lhe confere o inciso II do parágrafo único do art. 87 da Constituição Federal, e tendo em vista o disposto no art. 3º, §§ 2º e 3º, do Decreto nº 2.851, de 30 de novembro de 1998, com redação dada pelo Decreto nº 3.318, de 30 de dezembro de 1999, resolve:</p><p>Art. 1º Alterar o art. 1º, inciso I, da Portaria nº 1.794, de 29 de março de 2018, publicada no Diário Oficial da União de 3 de abril de 2018, que designa os membros para o Comitê Gestor do Fundo Setorial de Recursos Minerais - CT - MINERAL, que passa a vigorar com a seguinte redação:</p><p>Art.1º.....................................................................................</p><p>I - MAXIMILIANO SALVADORI MARTINHÃO, representante do Ministério da Ciência, Tecnologia, Inovações e Comunicações - MCTIC, que o presidirá;</p><p>Art. 2º Esta Portaria entra em vigor na data de sua publicação.</p><p class="assina">GILBERTO KASSAB</p>]]></Texto>
  </body>
</article></xml>