﻿<xml><article id="3464935" name="Portaria nº 1356 - NOMEAR Reitor" idOficio="4814230" pubName="DO2" artType="Portaria" pubDate="01/06/2018" artClass="00011:00079:00001:00001:00000:00000:00000:00000:00000:00000:00025:00001" artCategory="Ministério da Educação/Instituto Federal de Educação, Ciência e Tecnologia de Rondônia/Reitoria/Chefia de Gabinete" artSize="8" artNotes="" numberPage="30" pdfPage="http://pesquisa.in.gov.br/imprensa/jsp/visualiza/index.jsp?data=01/06/2018&amp;jornal=529&amp;pagina=30" editionNumber="104" highlightType="" highlightPriority="" highlight="" idMateria="10798141">
  <body>
    <Identifica><![CDATA[ PORTARIA Nº 1.356, DE 29 DE MAIO DE 2018]]></Identifica>
    <Data><![CDATA[]]></Data>
    <Ementa />
    <Titulo />
    <SubTitulo />
    <Texto><![CDATA[<p class="identifica">PORTARIA Nº 1.356, DE 29 DE MAIO DE 2018</p><p>O REITOR SUBSTITUTO DO INSTITUTO FEDERAL DE EDUCAÇÃO, CIÊNCIA E TECNOLOGIA DE RONDÔNIA, no uso de suas atribuições legais que lhe foram conferidas pelo Art. 67 do Regimento Geral do IFRO, resolve:</p><p>Art. 1º Nomear o Professor do Ensino Básico, Técnico e Tecnológico CARLOS HENRIQUE DOS SANTOS, matrícula SIAPE nº 1102187, para exercer o Cargo Comissionado de Reitor Substituto do IFRO, no período de 31/05 a 05/06/2018, código CD-1.</p><p>Art. 2º Esta Portaria entra em vigor na data de sua publicação.</p><p class="assina">Carlos Henrique dos Santos</p>]]></Texto>
  </body>
</article></xml>