﻿<xml><article id="3462458" name="DESPACHO - SERGIO LUIZ MESSIAS D" idOficio="4813845" pubName="DO2" artType="Despacho" pubDate="01/06/2018" artClass="00012:00002:00000:00000:00000:00000:00000:00000:00000:00000:00019:00011" artCategory="Ministério da Fazenda/Secretaria Executiva" artSize="8" artNotes="" numberPage="43" pdfPage="http://pesquisa.in.gov.br/imprensa/jsp/visualiza/index.jsp?data=01/06/2018&amp;jornal=529&amp;pagina=43" editionNumber="104" highlightType="" highlightPriority="" highlight="" idMateria="10797656">
  <body>
    <Identifica><![CDATA[ DESPACHO DE 30 de Maio de 2018]]></Identifica>
    <Data><![CDATA[]]></Data>
    <Ementa />
    <Titulo />
    <SubTitulo />
    <Texto><![CDATA[<p class="identifica">DESPACHO DE 30 de Maio de 2018</p><p>A SECRETÁRIA EXECUTIVA DO MINISTÉRIO DA FAZENDA, tendo em vista o Decreto nº 1.387, de 07 de fevereiro de 1995, e o Decreto nº 7.689, de 2 de março de 2012, e no uso das competências que lhe foram delegadas pelo artigo 10 da Portaria MF nº 160, de 6 de maio de 2016, alterada pela Portaria MF nº 294, de 12 de junho de 2017, e pelo artigo 10 da Portaria MF nº 40, de 31 de janeiro de 2018, autoriza o deslocamento dentro do País Sede de SÉRGIO LUIZ MESSIAS DE LIMA, Adido Tributário e Aduaneiro junto à Embaixada do Brasil em Assunção/Paraguai, no período de 4 a 8 de junho de 2018, inclusive trânsito, com ônus, para participar de reuniões com autoridades tributárias e aduaneiras nos municípios de Ciudad del Este, Puerto Indio, Salto del Gauiá e Pedro Juan Caballero, Paraguai. (Processo SEI nº 10168.000078/2018-11).</p><p class="assina">ANA PAULA VITALI JANES VESCOVI</p>]]></Texto>
  </body>
</article></xml>