﻿<xml><article id="3464388" name="Edital 6_ Reativação DOU 2018" idOficio="4814114" pubName="DO2" artType="Edital" pubDate="01/06/2018" artClass="00099:00011:00056:00001:00038:00000:00000:00000:00000:00000:00000:00021:00001" artCategory="Editais e Avisos" artSize="8" artNotes="" numberPage="104" pdfPage="http://pesquisa.in.gov.br/imprensa/jsp/visualiza/index.jsp?data=01/06/2018&amp;jornal=529&amp;pagina=104" editionNumber="104" highlightType="" highlightPriority="" highlight="" idMateria="10798005">
  <body>
    <Identifica><![CDATA[ EDITAL N° 6, DE 22 DE MAIO DE 2018REATIVAÇAO DE PAGAMENTO]]></Identifica>
    <Data><![CDATA[]]></Data>
    <Ementa />
    <Titulo />
    <SubTitulo />
    <Texto><![CDATA[<p></p><p class="identifica">EDITAL N° 6, DE 22 DE MAIO DE 2018REATIVAÇAO DE PAGAMENTO</p><p>O DIRETOR DE GESTÃO DE PESSOAS DO INSTITUTO FEDERAL DE EDUCAÇÃO, CIÊNCIA E TECNOLOGIA DA BAHIA, em conformidade com as disposições estabelecidas pelo Decreto n° 7.862/2012, Portaria GM/MPOG n° 08/2013 e pela Orientação Normativa SEGEP n° 01/2013, resolve:</p><p>I - Tornar pública a reativação de pagamento do(s) aposentado(s) e/ou pensionista(s) abaixo citado(s), que cumpriu os termos do artigo 12 da Orientação Normativa SEGEP n° 01/2013:</p><p /><p></p><table><tr /><tr><td><p>Nome</p></td><td><p>Matrícula</p></td><td><p>Benefício</p></td></tr><tr><td><p>MARIA APARECIDA GOMES BARBOSA</p></td><td><p>1097429</p></td><td><p>Aposentadoria</p></td></tr></table><p>II - O crédito do pagamento restabelecido será efetivado na 1ª folha de pagamento disponível para inclusão.</p><p class="assina">RICARDO DOS SANTOS ANDRADE</p>]]></Texto>
  </body>
</article></xml>