﻿<xml><article id="3462259" name="Port 1354 - Afastamento do País " idOficio="4813839" pubName="DO2" artType="Portaria" pubDate="01/06/2018" artClass="00011:00079:00001:00003:00000:00000:00000:00000:00000:00000:00025:00001" artCategory="Ministério da Educação/Instituto Federal de Educação, Ciência e Tecnologia de Rondônia/Reitoria/Diretoria de Gestão de Pessoas" artSize="8" artNotes="" numberPage="30" pdfPage="http://pesquisa.in.gov.br/imprensa/jsp/visualiza/index.jsp?data=01/06/2018&amp;jornal=529&amp;pagina=30" editionNumber="104" highlightType="" highlightPriority="" highlight="" idMateria="10797486">
  <body>
    <Identifica><![CDATA[ PORTARIA Nº 1.354, DE 29 DE MAIO DE 2018]]></Identifica>
    <Data><![CDATA[]]></Data>
    <Ementa />
    <Titulo />
    <SubTitulo />
    <Texto><![CDATA[<p class="identifica">PORTARIA Nº 1.354, DE 29 DE MAIO DE 2018</p><p>O REITOR SUBSTITUTO DO INSTITUTO FEDERAL DE EDUCAÇÃO, CIÊNCIA E TECNOLOGIA DE RONDÔNIA, no uso de suas atribuições legais e considerando o art. 95 da Lei 8.112/90 e os autos do processo nº 23243.008769/2018-56, resolve:</p><p>Art. 1º Autorizar, o afastamento do país do (a) Professor (a) do Ensino Básico, Técnico e Tecnológico, MARIA DA ROCHA RAMOS, Mat. Siape 2730928, lotado (a) no Campus Ji-Paraná, para finalizar a análise dos dados e redação da generalização dos resultados, encontro com orientadora e revisão do texto para a entrega de Tese à Banca de Defesa do Doutorado em Ciências da Educação, na Universidade Trás-os-Montes e Alto Douro - UTAD, na cidade de Vila Real - Portugal, nos períodos de 26 a 29/06/2018 e 16 a 20/07/2018, sendo o afastamento com ônus limitado para a Administração conforme Inciso II do Art. 1º do Decreto 91.800/95.</p><p>Art. 2º Esta Portaria entra em vigor na data da sua publicação.</p><p class="assina">CARLOS HENRIQUE DOS SANTOS</p>]]></Texto>
  </body>
</article></xml>