﻿<xml><article id="3460073" name="Port. NCC - 3662" idOficio="4812546" pubName="DO2" artType="Portaria" pubDate="01/06/2018" artClass="00011:00119:00001:00001:00000:00000:00000:00000:00000:00000:00025:00003" artCategory="Ministério da Educação/Universidade Federal de Minas Gerais/Reitoria/Gabinete" artSize="8" artNotes="" numberPage="35" pdfPage="http://pesquisa.in.gov.br/imprensa/jsp/visualiza/index.jsp?data=01/06/2018&amp;jornal=529&amp;pagina=35" editionNumber="104" highlightType="" highlightPriority="" highlight="" idMateria="10794823">
  <body>
    <Identifica><![CDATA[ PORTARIA Nº 3.662, DE 29 DE MAIO DE 2018]]></Identifica>
    <Data><![CDATA[]]></Data>
    <Ementa />
    <Titulo />
    <SubTitulo />
    <Texto><![CDATA[<p></p><p class="identifica">PORTARIA Nº 3.662, DE 29 DE MAIO DE 2018</p><p>A Reitora da Universidade Federal de Minas Gerais, no uso de atribuição conferida pelo artigo 3º, inciso II do Decreto nº 228, de 11/10/91 e tendo em vista o disposto no artigo 28, inciso V do Estatuto da UFMG, resolve:</p><p>Nomear o servidor KILDREI ALCÂNTARA NERI, inscrição UFMG nº 215570, matrícula SIAPE nº 1737402, CPF nº 995.519.696-34, ocupante de cargo de Pedagogo-Área, Nível de Classificação E, Nível de Capacitação IV, Padrão de Vencimento 06, lotado no Departamento de Desenvolvimento de Recursos Humanos, para exercer o cargo em comissão de Diretor-Geral do Departamento de Desenvolvimento de Recursos Humanos, código CD-04.</p><p class="assina">SANDRA REGINA GOULART ALMEIDA</p>]]></Texto>
  </body>
</article></xml>