﻿<xml><article id="3466660" name="914.EXONERAÇÃOCC-DISPENSAFC-PRT" idOficio="4814482" pubName="DO2" artType="Portaria" pubDate="01/06/2018" artClass="00034:00008:00001:00001:00000:00000:00000:00000:00000:00000:00025:00001" artCategory="Ministério Público da União/Ministério Público do Trabalho/Procuradoria-Geral/Gabinete do Procurador Geral" artSize="24" artNotes="" numberPage="84" pdfPage="http://pesquisa.in.gov.br/imprensa/jsp/visualiza/index.jsp?data=01/06/2018&amp;jornal=529&amp;pagina=84" editionNumber="104" highlightType="" highlightPriority="" highlight="" idMateria="10798562">
  <body>
    <Identifica><![CDATA[ PORTARIA Nº 914, DE 28 DE MAIO DE 2018.]]></Identifica>
    <Data><![CDATA[]]></Data>
    <Ementa />
    <Titulo />
    <SubTitulo />
    <Texto><![CDATA[<p class="identifica">PORTARIA Nº 914, DE 28 DE MAIO DE 2018.</p><p>O PROCURADOR-GERAL DO TRABALHO, em exercício, no uso das atribuições previstas no art. 91, inciso XXI da Lei Complementar nº 75 de 20 de maio de 1993, e o que consta no PGEA nº 001195.2017.21.900/0, resolve:</p><p>Art. 1º Exonerar, no âmbito do Procuradoria Regional do Trabalho da 21ª Região, os servidores abaixo relacionados dos cargos em comissão indicados.</p><p></p><table><tr /><tr><td><p>NOME/MATRÍCULA</p></td><td><p>CARGO EM COMISSÃO</p></td><td><p>ÁREA</p></td></tr><tr><td><p>1</p></td><td><p>NADJARD BARROS FILHO</p></td><td><p>6001725</p></td><td><p>ASSESSOR JURÍDICO DO 3º OFÍCIO GERAL DA PROCURADORIA REGIONAL DO TRABALHO DA 21ª REGIÃO</p></td><td><p>CC-4</p></td><td><p>3º OFÍCIO GERAL DA PROCURADORIA REGIONAL DO TRABALHO DA 21ª REGIÃO</p></td></tr><tr><td><p>2</p></td><td><p>MARIA DAS GRACAS BEZERRA SANTOS</p></td><td><p>6001784</p></td><td><p>ASSESSOR JURÍDICO DO 2º OFÍCIO GERAL DA PROCURADORIA REGIONAL DO TRABALHO DA 21ª REGIÃO</p></td><td><p>CC-4</p></td><td><p>2º OFÍCIO GERAL DA PROCURADORIA REGIONAL DO TRABALHO DA 21ª REGIÃO</p></td></tr><tr><td><p>3</p></td><td><p>ZENAIDE DE MORAIS RODRIGUES</p></td><td><p>6003849</p></td><td><p>ASSESSOR JURÍDICO DO GABINETE DO PROCURADOR XISTO TIAGO DE MEDEIROS NETO</p></td><td><p>CC-2</p></td><td><p>GABINETE DO PROCURADOR XISTO TIAGO DE MEDEIROS NETO</p></td></tr><tr><td><p>4</p></td><td><p>ANA CRISTINA DIOGENES REGO</p></td><td><p>6007149</p></td><td><p>ASSESSOR JURÍDICO DO 7º OFÍCIO GERAL DA PROCURADORIA REGIONAL DO TRABALHO DA 21ª REGIÃO</p></td><td><p>CC-2</p></td><td><p>7º OFÍCIO GERAL DA PROCURADORIA REGIONAL DO TRABALHO DA 21ª REGIÃO</p></td></tr><tr><td><p>5</p></td><td><p>FRANCISCO JOSE DA COSTA JUNIOR</p></td><td><p>6002608</p></td><td><p>ASSESSOR JURÍDICO DO 8º OFÍCIO GERAL DA PROCURADORIA REGIONAL DO TRABALHO DA 21ª REGIÃO</p></td><td><p>CC-2</p></td><td><p>8º OFÍCIO GERAL DA PROCURADORIA REGIONAL DO TRABALHO DA 21ª REGIÃO</p></td></tr><tr><td><p>6</p></td><td><p>DIOGO AGUILAR NUNES DA SILVA</p></td><td><p>6005973</p></td><td><p>ASSESSOR JURÍDICO DO 9º OFÍCIO GERAL DA PROCURADORIA REGIONAL DO TRABALHO DA 21ª REGIÃO</p></td><td><p>CC-2</p></td><td><p>9º OFÍCIO GERAL DA PROCURADORIA REGIONAL DO TRABALHO DA 21ª REGIÃO</p></td></tr><tr><td><p>7</p></td><td><p>FRANKLIN MARCOLINO DE SOUZA</p></td><td><p>6001634</p></td><td><p>DIRETOR DA DIVISÃO DA COORDENADORIA DE DEFESA DOS INTERESSES DIFUSOS E COLETIVOS</p></td><td><p>CC-3</p></td><td><p>DIVISÃO DA COORDENADORIA DE DEFESA DOS INTERESSES DIFUSOS E COLETIVOS</p></td></tr><tr><td><p>8</p></td><td><p>ADENOR ROCHA DA SILVEIRA</p></td><td><p>6002111</p></td><td><p>DIRETOR DA DIVISÃO ADMINISTRATIVA</p></td><td><p>CC-2</p></td><td><p>DIVISÃO ADMINISTRATIVA</p></td></tr></table><p>Art. 2º Dispensar, no âmbito do Procuradoria Regional do Trabalho da 21ª Região, os servidores abaixo relacionados das funções de confiança indicadas.</p><p></p><table><tr /><tr><td><p>NOME/MATRÍCULA</p></td><td><p>FUNÇÃO DE CONFIANÇA</p></td><td><p>ÁREA</p></td></tr><tr><td><p>1</p></td><td><p>LAELSON DE MELO AZEDO FILHO</p></td><td><p>6006810</p></td><td><p>CHEFE DA SECRETARIA REGIONAL DE SEGURANÇA INSTITUCIONAL</p></td><td><p>FC-2</p></td><td><p>PROCURADORIA REGIONAL DA 21ª REGIÃO</p></td></tr><tr><td><p>2</p></td><td><p>LEANDRO ALVES DA SILVA</p></td><td><p>6004022</p></td><td><p>CHEFE DA SECRETARIA DA CODIN</p></td><td><p>FC-2</p></td><td><p>DIVISÃO DA COORDENADORIA DE DEFESA DOS INTERESSES DIFUSOS E COLETIVOS</p></td></tr><tr><td><p>3</p></td><td><p>WILDSON AMARAL DE SOUZA</p></td><td><p>6001082</p></td><td><p>CHEFE DO SETOR DE ATENDIMENTO E DENÚNCIAS</p></td><td><p>FC-1</p></td><td><p>DIVISÃO DA COORDENADORIA DE DEFESA DOS INTERESSES DIFUSOS E COLETIVOS</p></td></tr><tr><td><p>4</p></td><td><p>ALESSANDRO ALEXANDRE GONÇALVES</p></td><td><p>6006714</p></td><td><p>CHEFE DO SETOR DE GESTÃO DE CONTRATOS</p></td><td><p>FC-2</p></td><td><p>DIVISÃO ADMINISTRATIVA</p></td></tr><tr><td><p>5</p></td><td><p>MAX DANTAS DE AZEVEDO</p></td><td><p>6002520</p></td><td><p>CHEFE DO SETOR DE ORÇAMENTO, FINANÇAS E PERÍCIAS</p></td><td><p>FC-3</p></td><td><p>DIVISÃO ADMINISTRATIVA</p></td></tr><tr><td><p>6</p></td><td><p>ROMILSON SAMPAIO ALMEIDA</p></td><td><p>6002584</p></td><td><p>CHEFE DO SETOR DE PREGÃO E LICITAÇÃO</p></td><td><p>FC-2</p></td><td><p>DIVISÃO ADMINISTRATIVA</p></td></tr><tr><td><p>7</p></td><td><p>MARIA DAS GRAÇAS DE MORAIS</p></td><td><p>6000993</p></td><td><p>CHEFE DO SETOR DE GESTÃO DE PESSOAS</p></td><td><p>FC-2</p></td><td><p>DIVISÃO ADMINISTRATIVA</p></td></tr></table><p class="assina">LUIZ EDUARDO GUIMARAES BOJART</p>]]></Texto>
  </body>
</article></xml>