﻿<xml><article id="3464205" name="srh1347" idOficio="4814116" pubName="DO2" artType="Portaria" pubDate="01/06/2018" artClass="00011:00107:00000:00000:00000:00000:00000:00000:00000:00000:00025:00001" artCategory="Ministério da Educação/Universidade Federal de Campina Grande" artSize="8" artNotes="" numberPage="32" pdfPage="http://pesquisa.in.gov.br/imprensa/jsp/visualiza/index.jsp?data=01/06/2018&amp;jornal=529&amp;pagina=32" editionNumber="104" highlightType="" highlightPriority="" highlight="" idMateria="10797975">
  <body>
    <Identifica><![CDATA[ PORTARIA Nº 1.347, DE 24 DE MAIO DE 2018 ]]></Identifica>
    <Data><![CDATA[]]></Data>
    <Ementa />
    <Titulo />
    <SubTitulo />
    <Texto><![CDATA[<p></p><p class="identifica">PORTARIA Nº 1.347, DE 24 DE MAIO DE 2018</p><p>O REITOR DA UNIVERSIDADE FEDERAL DE CAMPINA GRANDE, no uso da competência que lhe foi delegada pelo Decreto de 08 de fevereiro de 2017 do Ministério da Educação (D.O.U de 09/02/2017), tendo em vista o disposto na Lei 8.112/90, resolve:</p><p>Declarar vago o cargo de Assistente de Administração, ocupado por MARCELO ANDRADE BEZERRA, matrícula SIAPE nº 1833200-3, código de vaga nº 0867447, lotada na Unidade Acadêmica de Engenharia Civil do Centro de Tecnologia e Recursos Naturais, Campus Campina Grande, em virtude de posse em outro cargo inacumulável, com fundamento no Art. 33, inciso VIII, Lei Nº 8.112/90, com vigência a partir de 30 de maio de 2018. (Processo nº 23096.016696/18-09)</p><p class="assina">VICEMÁRIO SIMÕES</p>]]></Texto>
  </body>
</article></xml>