﻿<xml><article id="3460103" name="P_1555_1556_DISPENSAR ALESSANDRA" idOficio="4813669" pubName="DO2" artType="Portaria" pubDate="01/06/2018" artClass="00011:00058:00001:00000:00000:00000:00000:00000:00000:00000:00025:00009" artCategory="Ministério da Educação/Instituto Federal de Educação, Ciência e Tecnologia de Brasília/Reitoria/Chefia de Gabinete da Reitoria" artSize="8" artNotes="" numberPage="25" pdfPage="http://pesquisa.in.gov.br/imprensa/jsp/visualiza/index.jsp?data=01/06/2018&amp;jornal=529&amp;pagina=25" editionNumber="104" highlightType="" highlightPriority="" highlight="" idMateria="10797275">
  <body>
    <Identifica><![CDATA[ PORTARIAS DE 29 DE MAIO DE 2018]]></Identifica>
    <Data><![CDATA[]]></Data>
    <Ementa />
    <Titulo />
    <SubTitulo />
    <Texto><![CDATA[<p></p><p class="identifica">PORTARIAS DE 29 DE MAIO DE 2018</p><p>O REITOR DO INSTITUTO FEDERAL DE BRASÍLIA, nomeado pelo Decreto de 05 de maio de 2015, publicado no Diário Oficial da União em 06 de maio de 2015, no uso de suas atribuições legais e regimentais, resolve:</p><p>Nº 1.555 - DISPENSAR, a pedido, a servidora ALESSANDRA SILVA DE SOUSA NEVES, matrícula SIAPE Nº 1797819, ocupante do cargo efetivo Professor do Ensino Básico, Técnico e Tecnológico, lotada no Campus Riacho Fundo, da função de Coordenador do Curso Técnico em Hospedagem Integrado ao Ensino Médio, código FCC, do Campus Riacho Fundo, do Instituto Federal de Brasília.</p><p>Nº 1.556 - DESIGNAR o servidor WALLACE BEZERRA FARIAS, matrícula SIAPE Nº 1941935, ocupante do cargo efetivo de Professor do Ensino Básico, Técnico e Tecnológico, lotado no Campus Riacho Fundo, para exercer a função de Coordenador do Curso Técnico em Hospedagem Integrado ao Ensino Médio, código FCC, do Campus Riacho Fundo, do Instituto Federal de Brasília.</p><p>Art. 1º Estas Portarias entram em vigor na data de sua publicação.</p><p class="assina">WILSON CONCIANI</p>]]></Texto>
  </body>
</article></xml>