﻿<xml><article id="3465572" name="EXTRATO DE PORTARIA PARA APOSENT" idOficio="4814336" pubName="DO2" artType="Portaria" pubDate="01/06/2018" artClass="00007:00003:00052:00000:00000:00000:00000:00000:00000:00000:00025:00001" artCategory="Ministério da Agricultura, Pecuária e Abastecimento/Secretaria Executiva/Superintendência Federal no Estado do Acre" artSize="8" artNotes="" numberPage="4" pdfPage="http://pesquisa.in.gov.br/imprensa/jsp/visualiza/index.jsp?data=01/06/2018&amp;jornal=529&amp;pagina=4" editionNumber="104" highlightType="" highlightPriority="" highlight="" idMateria="10798308">
  <body>
    <Identifica><![CDATA[ PORTARIA Nº  31, DE 25 DE MAIO DE 2018]]></Identifica>
    <Data><![CDATA[]]></Data>
    <Ementa />
    <Titulo />
    <SubTitulo />
    <Texto><![CDATA[<p></p><p class="identifica">PORTARIA Nº 31, DE 25 DE MAIO DE 2018</p><p>O SUPERINTENDENTE FEDERAL DE AGRICULTURA, PECUÁRIA E ABASTECIMENTO NO ACRE, no uso da competência que lhe foi delegada pela Portaria nº 561, de 11.04.18, publicada no D.O.U. de 13.04.18, art. 262, VI, Regimento Interno da Secretaria-Executiva do Ministério da Agricultura, Pecuária e Abastecimento e o que consta do Processo SEI nº 21004.000281/2018-70, resolve:</p><p>Conceder aposentadoria voluntária, com proventos integrais, ao servidor JOÃO LIMA DE FREITAS, mat. SIAPE nº 258486, ocupante do cargo efetivo de Agente de Atividades Agropecuárias, NI, Classe S, Padrão IV, pertencente ao quadro do Ministério da Agricultura, Pecuária e Abastecimento, com fundamento na E. C. nº 47/2005, art. 3º.</p><p class="assina">FRANCISCO LUZIEL CUNHA DE CARVALHO</p>]]></Texto>
  </body>
</article></xml>