﻿<xml><article id="3463590" name="PT 787 GC1 18" idOficio="4813995" pubName="DO2" artType="Portaria" pubDate="01/06/2018" artClass="00010:00006:00001:00006:00000:00000:00000:00000:00000:00000:00025:00001" artCategory="Ministério da Defesa/Comando da Aeronáutica/Gabinete do Comandante/Assessoria de Recursos Humanos" artSize="8" artNotes="" numberPage="10" pdfPage="http://pesquisa.in.gov.br/imprensa/jsp/visualiza/index.jsp?data=01/06/2018&amp;jornal=529&amp;pagina=10" editionNumber="104" highlightType="" highlightPriority="" highlight="" idMateria="10797893">
  <body>
    <Identifica><![CDATA[ PORTARIA No 787/GC1, DE 30 DE MAIO DE 2018 ]]></Identifica>
    <Data><![CDATA[]]></Data>
    <Ementa />
    <Titulo />
    <SubTitulo />
    <Texto><![CDATA[<p class="identifica">PORTARIA No 787/GC1, DE 30 DE MAIO DE 2018</p><p>O COMANDANTE DA AERONÁUTICA, de acordo com o art. 23, inciso VI, letra "g", da Estrutura Regimental do Comando da Aeronáutica, aprovada pelo Decreto no6.834, de 30 de abril de 2009, resolve:</p><p>COLOCAR, por necessidade do serviço, ex officio, o Aspirante a Oficial QOCon SJU MATEUS SCHAEFFER BRANDÃO (Nr Ord 6952712/SEREP-BR) à disposição do Superior Tribunal Militar, a fim de prestar serviço naquele órgão, sem prejuízo da remuneração a que faz jus por este Comando.</p><p class="assina">Ten Brig Ar NIVALDO LUIZ ROSSATO</p>]]></Texto>
  </body>
</article></xml>