﻿<xml><article id="3509585" name="Portaria 129 2018 Designa Coorde" idOficio="4813522" pubName="DO2" artType="Portaria" pubDate="05/06/2018" artClass="00039:00227:00000:00000:00000:00000:00000:00000:00000:00000:00025:00007" artCategory="Entidades de Fiscalização do Exercício das Profissões Liberais/Conselho Regional de Enfermagem de Mato Grosso" artSize="8" artNotes="ok" numberPage="69" pdfPage="http://pesquisa.in.gov.br/imprensa/jsp/visualiza/index.jsp?data=05/06/2018&amp;jornal=529&amp;pagina=69" editionNumber="106" highlightType="" highlightPriority="" highlight="" idMateria="10797154">
  <body>
    <Identifica><![CDATA[ PORTARIA  Nº 129, DE 25 DE ABRIL DE 2018]]></Identifica>
    <Data><![CDATA[]]></Data>
    <Ementa />
    <Titulo />
    <SubTitulo />
    <Texto><![CDATA[<p class="identifica">PORTARIA Nº 129, DE 25 DE ABRIL DE 2018</p><p>O Presidente do Conselho Regional de Enfermagem de Mato Grosso - Coren/MT no exercício de suas atribuições legais e regimentais asseguradas na lei nº. 5.905/73 e art. 42 do Regimento Interno do Coren/MT. Considerando a adesão do Conselho Regional de Enfermagem com o Projeto Anjos da Enfermagem; resolve:</p><p>Art. 1º - Designar a Enfermeira Dra. Marilza Helena Rodrigues Viana, para coordenar o Projeto Anjos da Enfermagem no Estado de Mato Grosso.</p><p>Art. 2º - Esta Portaria terá seus efeitos retroativos a partir de 01 de abril de 2018, devendo ser publicada na Imprensa Oficial para que surta os efeitos legais necessários.</p><p class="assina">Antônio César Ribeiro</p>]]></Texto>
  </body>
</article></xml>