﻿<xml><article id="3462070" name="PT171RIOCENTRO" idOficio="4813808" pubName="DO2" artType="Portaria" pubDate="01/06/2018" artClass="00022:00029:00240:00006:00034:00003:00000:00000:00000:00000:00025:00007" artCategory="Ministério do Desenvolvimento Social/Instituto Nacional do Seguro Social/Superintendência Regional Sudeste II em Belo Horizonte/Gerência Executiva - A - Rio de Janeiro - Centro/Serviço de Administração/Seção Operacional  de Gestão de Pessoas" artSize="8" artNotes="OK" numberPage="66" pdfPage="http://pesquisa.in.gov.br/imprensa/jsp/visualiza/index.jsp?data=01/06/2018&amp;jornal=529&amp;pagina=66" editionNumber="104" highlightType="" highlightPriority="" highlight="" idMateria="10797599">
  <body>
    <Identifica><![CDATA[ PORTARIA Nº 171, DE 30 DE MAIO DE 2018]]></Identifica>
    <Data><![CDATA[]]></Data>
    <Ementa />
    <Titulo />
    <SubTitulo />
    <Texto><![CDATA[<p class="identifica">PORTARIA Nº 171, DE 30 DE MAIO DE 2018</p><p>A CHEFE DA SEÇÃO OPERACIONAL DA GESTÃO DE PESSOAS DA GERÊNCIA EXECUTIVA CENTRO, no Estado do Rio de Janeiro, no uso das atribuições estabelecidas no artigo 235 do Regimento Interno, aprovado pela PT/MDS nº 414, de 28/09/2017, publicada no DOU nº 188-A, Seção I de 29/09/2017, e tendo em vista o processo nº 35301.002019/2018-18, resolve:</p><p>Conceder aposentadoria voluntária a servidora MONICA PINHEIRO DA LUZ, matrícula SIAPE 913.479, lotada no Serviço de Atendimento (17.901), ocupante do cargo de Técnico do Seguro Social, classe "S", padrão IV, (NI), do Quadro de Pessoal do Instituto Nacional do Seguro Social, com fundamento no artigo 3º, incisos I, II, III e parágrafo único da Emenda Constitucional nº 47, de 05 de julho de 2005.</p><p>Em consequência declarar vago o referido cargo.</p><p class="assina">CONSUELO LOPES PADRÃO</p>]]></Texto>
  </body>
</article></xml>