﻿<xml><article id="3460325" name="Aposentadoria Vera Lúcia Gama de" idOficio="4813704" pubName="DO2" artType="Ato" pubDate="01/06/2018" artClass="00038:00058:00001:00000:00000:00000:00000:00000:00000:00000:00001:00001" artCategory="Poder Judiciário/Tribunal Regional do Trabalho da 19ª Região/Presidência" artSize="8" artNotes="" numberPage="102" pdfPage="http://pesquisa.in.gov.br/imprensa/jsp/visualiza/index.jsp?data=01/06/2018&amp;jornal=529&amp;pagina=102" editionNumber="104" highlightType="" highlightPriority="" highlight="" idMateria="10797436">
  <body>
    <Identifica><![CDATA[ ATO Nº 49, DE 29 DE MAIO DE 2018]]></Identifica>
    <Data><![CDATA[]]></Data>
    <Ementa />
    <Titulo />
    <SubTitulo />
    <Texto><![CDATA[<p class="identifica">ATO Nº 49, DE 29 DE MAIO DE 2018</p><p>O DESEMBARGADOR PRESIDENTE DO TRIBUNAL REGIONAL DO TRABALHO DA DÉCIMA NONA REGIÃO, no uso de suas atribuições legais e regimentais, tendo em vista o que consta do PROAD TRT 19ª nº. 2090/2018, resolve:</p><p>Conceder aposentadoria voluntária, com fundamento legal no art. 3º da Emenda Constitucional nº. 47/2005, c/c o art. 7º da Emenda Constitucional nº. 41/2003 e art. 186, inciso III, alínea "a", da Lei nº. 8.112/90, a VERA LÚCIA GAMA DE MENDONÇA, no cargo efetivo de Analista Judiciário, Área de Apoio Especializado, Especialidade: Medicina, Nível Superior, Classe "C", Padrão 13, decorrente do enquadramento pela Lei nº. 12.774/2012, integrante do Quadro Permanente de Pessoal deste Tribunal, com proventos integrais e com paridade, com a incidência da Gratificação de Atividade Judiciária - GAJ, estabelecida pelo art. 11 da Lei 11.416/2006, calculada com o percentual de 122% (cento e vinte e dois por cento) sobre o valor do vencimento básico do cargo, estabelecido no Anexo II da Lei 11.416/2006, observado o contido no art. 13, § 1º, inciso V, da Lei 11.416/2006, alterada pela Lei nº. 13.317/2016, acrescidos de 1/5 (um quinto) de FC-2, de acordo com o art. 62 da Lei nº 8.112/90, c/c as Leis nº. 8.911/94 e 9.624/98, com a MP nº. 2225-45/2001 e com o Acórdão nº. 2248/2005 - TCU, transformados em VPNI ( art. 15, § 1º da Lei 9.527/97); de 5% (cinco por cento) de GATS (anuênios), de acordo com o art. 67 da Lei nº. 8.112/90, RA nº. 04/97-TRT 19ª e RA nº. 20/98-TRT 19ª, Ofício Circular nº.36/SRH-MP e Decisões do TCU; Adicional de Qualificação, no percentual de 10% (dez por cento), referente ao título de Mestre, em conformidade com os artigos 14 e 15, item II, da Lei nº 11.416/2006.</p><p>Os efeitos desta aposentadoria vigoram a partir da publicação deste Ato, conforme dispõe o art. 188, da Lei nº. 8112/90.</p><p class="assina">PEDRO INÁCIO DA SILVA</p>]]></Texto>
  </body>
</article></xml>