﻿<xml><article id="3465956" name="PORTARIA 896 2018 - CONFIGURADO " idOficio="4814419" pubName="DO2" artType="Portaria" pubDate="01/06/2018" artClass="00039:00341:00000:00000:00000:00000:00000:00000:00000:00000:00025:00001" artCategory="Entidades de Fiscalização do Exercício das Profissões Liberais/Conselho Regional de Medicina do Estado do Espirito Santo" artSize="8" artNotes="" numberPage="104" pdfPage="http://pesquisa.in.gov.br/imprensa/jsp/visualiza/index.jsp?data=01/06/2018&amp;jornal=529&amp;pagina=104" editionNumber="104" highlightType="" highlightPriority="" highlight="" idMateria="10798435">
  <body>
    <Identifica><![CDATA[ PORTARIA  Nº 896, de 1º de junho de 2018]]></Identifica>
    <Data><![CDATA[]]></Data>
    <Ementa />
    <Titulo />
    <SubTitulo />
    <Texto><![CDATA[<p></p><p class="identifica">PORTARIA Nº 896, de 1º de junho de 2018</p><p>O CONSELHO REGIONAL DE MEDICINA DO ESTADO DO ESPÍRITO SANTO - CRM-ES, no uso de suas atribuições legais, que lhe confere a Lei nº 3.268/57, regulamentada pelo Decreto Lei n. º 44.045/58 de 19 de julho de 1958;</p><p>CONSIDERANDO a decisão da Diretoria, em reunião realizada no dia 24/04/2018; resolve:</p><p>Art. 1º - Nomear GUILHERME LUCIANO MARQUES, portador do RG n.º 1.473.014 SPTC/ES, CPF n.º CPF 100.750.537-05, Matrícula n.º 2135, para exercer o Cargo de Chefe de Setor III do CRM-ES.</p><p>Art. 2º - A presente Portaria entra em vigor na data abaixo subscrita.</p><p></p><p></p><p class="assina">CARLOS MAGNO PRETTI DALAPICOLA</p><p class="cargo">Presidente do Conselho</p><p class="assina">Dr. JOSÉ RENATO HARB</p><p class="cargo">1º Secretário do CRM-ES</p>]]></Texto>
  </body>
</article></xml>