﻿<xml><article id="3462602" name="PORTARIA Nº 98.207" idOficio="4813855" pubName="DO2" artType="Portaria" pubDate="01/06/2018" artClass="00012:00005:00011:00000:00000:00000:00000:00000:00000:00000:00025:00001" artCategory="Ministério da Fazenda/Banco Central do Brasil/Área de Administração" artSize="8" artNotes="" numberPage="46" pdfPage="http://pesquisa.in.gov.br/imprensa/jsp/visualiza/index.jsp?data=01/06/2018&amp;jornal=529&amp;pagina=46" editionNumber="104" highlightType="" highlightPriority="" highlight="" idMateria="10797670">
  <body>
    <Identifica><![CDATA[ PORTARIA Nº 98.207, DE 30 DE MAIO DE 2018]]></Identifica>
    <Data><![CDATA[]]></Data>
    <Ementa />
    <Titulo />
    <SubTitulo />
    <Texto><![CDATA[<p></p><p class="identifica">PORTARIA Nº 98.207, DE 30 DE MAIO DE 2018</p><p>A Chefe de Gabinete da Diretora de Administração do Banco Central do Brasil, no uso da atribuição que lhe confere o art. 24, inciso XXIX, do Regimento Interno, anexo à Portaria nº 84.287, de 27 de fevereiro de 2015, resolve:</p><p>Art. 1º Fica dispensado o servidor CLÁUDIO MISSAGLIA ALARCON, matrícula nº 2.082.156-5, da função comissionada de Assessor Sênior, sigla FCA-3, na Secre/Dirad.</p><p>Art. 2º Fica designada a servidora ANA MÁRCIA DE OLIVEIRA FONSECA, matrícula nº 0.722.394-3, para exercer a função comissionada de Assessor Sênior, sigla FCA-3, na Secre/Dirad.</p><p>Art. 3º Esta Portaria entra em vigor na data de sua publicação.</p><p class="assina">ADRIANA TEIXEIRA DE TOLEDO</p>]]></Texto>
  </body>
</article></xml>