﻿<xml><article id="3460229" name="P_1551_1552_DISPENSAR CÁSSIA REG" idOficio="4813667" pubName="DO2" artType="Portaria" pubDate="01/06/2018" artClass="00011:00058:00001:00000:00000:00000:00000:00000:00000:00000:00025:00007" artCategory="Ministério da Educação/Instituto Federal de Educação, Ciência e Tecnologia de Brasília/Reitoria/Chefia de Gabinete da Reitoria" artSize="8" artNotes="" numberPage="24" pdfPage="http://pesquisa.in.gov.br/imprensa/jsp/visualiza/index.jsp?data=01/06/2018&amp;jornal=529&amp;pagina=24" editionNumber="104" highlightType="" highlightPriority="" highlight="" idMateria="10797219">
  <body>
    <Identifica><![CDATA[ PORTARIAS DE 29 DE MAIO DE 2018]]></Identifica>
    <Data><![CDATA[]]></Data>
    <Ementa />
    <Titulo />
    <SubTitulo />
    <Texto><![CDATA[<p></p><p class="identifica">PORTARIAS DE 29 DE MAIO DE 2018</p><p>O REITOR DO INSTITUTO FEDERAL DE BRASÍLIA, nomeado pelo Decreto de 05 de maio de 2015, publicado no Diário Oficial da União em 06 de maio de 2015, no uso de suas atribuições legais e regimentais, resolve:</p><p>Nº 1.551 - DISPENSAR, a pedido, a servidora CÁSSIA REGINA MIGLIORANÇA BRANDÃO, matrícula SIAPE Nº 1611804, ocupante do cargo efetivo de Professor Ensino Básico, Técnico e Tecnológico, lotada no Campus Ceilândia, da função de Coordenadora de Assistência Estudantil e Inclusão Social, código FG-01, do Campus Ceilândia, do Instituto Federal de Brasília.</p><p>Nº 1.552 - DESIGNAR o servidor SÉRGIO MAGNO CARVALHO DE SOUZA, matrícula SIAPE Nº 1066865, ocupante do cargo efetivo de Professor Ensino Básico, Técnico e Tecnológico, lotado no Campus Ceilândia, para exercer a função de Coordenador de Assistência Estudantil e Inclusão Social, código FG-01, do Campus Ceilândia, do Instituto Federal de Brasília.</p><p>Art. 1º Estas Portarias entram em vigor na data de sua publicação.</p><p class="assina">WILSON CONCIANI</p>]]></Texto>
  </body>
</article></xml>