﻿<xml><article id="3464766" name="Retificação CID II" idOficio="4814217" pubName="DO2" artType="Retificação" pubDate="01/06/2018" artClass="00011:00132:00001:00000:00000:00000:00000:00000:00000:00000:00032:00001" artCategory="Ministério da Educação/Universidade Federal Rural do Rio de Janeiro/Reitoria" artSize="8" artNotes="" numberPage="41" pdfPage="http://pesquisa.in.gov.br/imprensa/jsp/visualiza/index.jsp?data=01/06/2018&amp;jornal=529&amp;pagina=41" editionNumber="104" highlightType="" highlightPriority="" highlight="" idMateria="10798106">
  <body>
    <Identifica><![CDATA[ RETIFICAÇÃO ]]></Identifica>
    <Data><![CDATA[]]></Data>
    <Ementa />
    <Titulo />
    <SubTitulo />
    <Texto><![CDATA[<p class="identifica">RETIFICAÇÃO</p><p>Retificar Despacho, publicado no D.O.U. de 25/05/2018, Seção 2, pág. 40, CID DE OLIVA BOTELHO JUNIOR, para participar do I Congresso Internacional em Planejamento Sustentável e Ordenamento Territorial em Portugal , onde se lê:" no período de 04 a 06 de junho de 2018", leia-se "no período de 01 a 07 de junho de 2018".</p><p>Processo: 23083.23268.000167/2018-68</p>]]></Texto>
  </body>
</article></xml>