﻿<xml><article id="3460190" name="PortariaGP562_2018" idOficio="4812809" pubName="DO2" artType="Portaria" pubDate="01/06/2018" artClass="00038:00055:00000:00000:00000:00000:00000:00000:00000:00000:00025:00002" artCategory="Poder Judiciário/Tribunal Regional do Trabalho da 16ª Região" artSize="8" artNotes="" numberPage="102" pdfPage="http://pesquisa.in.gov.br/imprensa/jsp/visualiza/index.jsp?data=01/06/2018&amp;jornal=529&amp;pagina=102" editionNumber="104" highlightType="" highlightPriority="" highlight="" idMateria="10795270">
  <body>
    <Identifica><![CDATA[ PORTARIA  Nº 562, DE 29 DE MAIO DE 2018                            ]]></Identifica>
    <Data><![CDATA[]]></Data>
    <Ementa />
    <Titulo />
    <SubTitulo />
    <Texto><![CDATA[<p class="identifica">PORTARIA Nº 562, DE 29 DE MAIO DE 2018</p><p>A Desembargadora Presidente do Tribunal Regional do Trabalho da 16ª Região, no uso de suas atribuições legais e regimentais, tendo em vista o que consta no PA-1583/2015, considerando o art. 37 da Lei nº 8.112/90, com redação dada pela Lei nº 9.527/97; considerando o preenchimento dos requisitos elencados no art. 6º da Resolução do Conselho Nacional de Justiça nº 146, de 6/3/2012, resolve redistribuir, com fundamento no art. 37 da Lei nº 8.112, de 11 de dezembro de 1990, o cargo de Analista Judiciário, Área Apoio Especializado, Especialidade Tecnologia da Informação, do Quadro Permanente de Pessoal deste Regional, ocupado pelo servidor Lindalvo Gonzaga de Alcantara Neto, ora removido para o TRT da 3ª Região, para o Quadro de Permanente de Pessoal do Tribunal Regional do Trabalho da 8ª Região, em reciprocidade com o cargo de Analista Judiciário, Área Apoio Especializado, Especialidade Tecnologia da Informação, do Quadro Permanente de Pessoal daquele Tribunal, ocupado por Ronny Paterson Cruz da Silva, ora removido para este Tribunal, com efeitos a contar de 1º de junho de 2018.</p><p class="assina">Solange Cristina Passos de Castro Cordeiro</p>]]></Texto>
  </body>
</article></xml>