﻿<xml><article id="3487456" name="EDITAL_DE_SUSPENSÃO_DE_PAGAMENTO" idOficio="4814182" pubName="DO2" artType="Ato" pubDate="04/06/2018" artClass="00010:00006:00007:00012:00000:00000:00000:00000:00000:00000:00001:00001" artCategory="Ministério da Defesa/Comando da Aeronáutica/Departamento de Ciência e Tecnologia Aeroespacial/Grupamento  Apoio de São José dos Campos" artSize="12" artNotes="" numberPage="7" pdfPage="http://pesquisa.in.gov.br/imprensa/jsp/visualiza/index.jsp?data=04/06/2018&amp;jornal=529&amp;pagina=7" editionNumber="105" highlightType="" highlightPriority="" highlight="" idMateria="10798051">
  <body>
    <Identifica><![CDATA[ ATO Nº 5, DE 23 DE MAIO DE 2018]]></Identifica>
    <Data><![CDATA[]]></Data>
    <Ementa />
    <Titulo />
    <SubTitulo />
    <Texto><![CDATA[<p class="identifica">ATO Nº 5, DE 23 DE MAIO DE 2018</p><p>O CHEFE DO GRUPAMENTO DE APOIO DE SÃO JOSÉ DOS CAMPOS, em conformidade com as disposições estabelecidas pelo Decreto nº 7.862/2012, de 08 de dezembro de 2012, Portaria nº 08 - GM/MP, de 07 de janeiro de 2013, e pela Orientação Normativa SEGEP Nº 1, de 02 de janeiro de 2017, resolve,</p><p>1. Tornar pública os nomes dos aposentados e/ou pensionistas que terão o pagamento do provento e/ou benefício de pensão suspenso por motivo de não atendimento à convocação e respectiva notificação para realizar o recadastramento anual, no mês Fevereiro de 2018:</p><p></p><table><tr /><tr><td><p>CPF</p></td><td><p>NOME</p></td></tr><tr><td><p>004.438.216-23</p></td><td><p>MARIA APARECIDA DA ROCHA</p></td></tr><tr><td><p>158.825.277-91</p></td><td><p>REINALDO RENKE DE GOES</p></td></tr></table><p>2. O restabelecimento do pagamento do provento e/ ou benefício de pensão fica condicionado ao recadastramento mediante comparecimento pessoal do interessado na Subdivisão de Assistência a Inativos e Pensionistas Civis, sito à Praça Marechal Eduardo Gomes, nº 50, Vila das Acácias em São José dos Campos-SP, portando a documentação estabelecida nos arts. 5º e 6º da ON SEGEP Nº 1, publicada no Diário Oficial da União de 5 de janeiro de 2017.</p><p>3. Na hipótese de moléstia grave ou de impossibilidade de locomoção do aposentado e/ou da pensionista deverá ser solicitada visita técnica, por meio do telefone (12) 3947-4092, para comprovação de vida do titular do benefício, ficando o pagamento restabelecido provisoriamente até que seja realizada a visita.</p><p class="assina">MARCELO ANTENUZZI DE ALMEIDA Cel Int</p>]]></Texto>
  </body>
</article></xml>