﻿<xml><article id="3459905" name="8. Publicação de Portarias dispe" idOficio="4810776" pubName="DO2" artType="Portaria" pubDate="01/06/2018" artClass="00011:00060:00018:00001:00000:00000:00000:00000:00000:00000:00025:00001" artCategory="Ministério da Educação/Instituto Federal de Educação, Ciência e Tecnologia do Ceará/Campus Sobral/Gabinete" artSize="8" artNotes="" numberPage="26" pdfPage="http://pesquisa.in.gov.br/imprensa/jsp/visualiza/index.jsp?data=01/06/2018&amp;jornal=529&amp;pagina=26" editionNumber="104" highlightType="" highlightPriority="" highlight="" idMateria="10791926">
  <body>
    <Identifica><![CDATA[ PORTARIAS DE 28 DE MAIO DE 2018]]></Identifica>
    <Data><![CDATA[]]></Data>
    <Ementa />
    <Titulo />
    <SubTitulo />
    <Texto><![CDATA[<p></p><p class="identifica">PORTARIAS DE 28 DE MAIO DE 2018</p><p>O DIRETOR GERAL DO CAMPUS DE SOBRAL DO INSTITUTO FEDERAL DE EDUCAÇÃO, CIÊNCIA E TECNOLOGIA DO CEARÁ, no uso de suas atribuições que lhe são conferidas pelo disposto no inciso XIII, Art. 2º da Portaria nº 252/GR de 20 de março de 2017,</p><p>Nº 75 - Art. 1º - Dispensar GERALDO EUFRÁSIO MARTINS JÚNIOR,, Técnico em Eletrotécnica, Matrícula SIAPE nº 2283645, integrante do Quadro Permanente do IFCE - Campus de Sobral, do exercício da Função Gratificada - Cód. FG-01 da Coordenadoria de Infraestrutura, conforme PORTARIA Nº 40/GDG, de 27/04/2016, DOU 02/05/2016.</p><p>Art. 2º - Estabelecer que a presente Portaria entre em vigor na data da sua publicação no Diário Oficial da União.</p><p>Nº 76 - Art. 1º - Dispensar JOÃO MENDES DE CARVALHO FILHO, Assistente em Administração, Matrícula SIAPE nº 1750174, integrante do Quadro Permanente do IFCE - Campus de Sobral, do exercício da Função Gratificada Cód. FG-02 da Coordenadoria de Almoxarifado e Patrimônio, conforme PORTARIA Nº 153/GR, de 24/02/2015, DOU 27/02/2015.</p><p>Art. 2º - Estabelecer que a presente Portaria entre em vigor na data da sua publicação no Diário Oficial da União.</p><p>Nº 77 - Art. 1º - Designar JOÃO MENDES DE CARVALHO FILHO, Assistente em Administração, SIAPE nº 1750174, integrante do Quadro Permanente do IFCE - Campus de Sobral, para o exercício da Função Gratificada Cód. FG-01 da Coordenadoria de Infraestrutura, considerando a dispensa do servidor GERALDO EUFRÁSIO MARTINS JÚNIOR, conforme Portaria Nº 75/GDG, de 28/05/2018.</p><p>Art. 2º - Estabelecer que a presente Portaria entre em vigor na data da sua publicação no Diário Oficial da União.</p><p>Nº 78 - Art. 1º - Designar MARIA LIZIANE TEIXEIRA DE SOUSA, Administradora, SIAPE nº 2165809, integrante do Quadro Permanente do IFCE - Campus de Sobral, para o exercício da Função Gratificada Cód. FG-02 da Coordenadoria de Almoxarifado e Patrimônio, considerando a dispensa do servidor JOÃO MENDES DE CARVALHO FILHO, conforme Portaria Nº 76/GDG, de 28/05/2018.</p><p>Art. 2º - Estabelecer que a presente Portaria entre em vigor na data da sua publicação no Diário Oficial da União.</p><p class="assina">ELIANO VIEIRA PESSOA</p><p></p>]]></Texto>
  </body>
</article></xml>