﻿<xml><article id="3463185" name="ato de APOSENTADORIA GORETE" idOficio="4813950" pubName="DO2" artType="Portaria" pubDate="01/06/2018" artClass="00012:00002:00012:00023:00000:00000:00000:00000:00000:00000:00025:00001" artCategory="Ministério da Fazenda/Secretaria Executiva/Subsecretaria de Planejamento, Orçamento e Administração/Superintendência de Administração no Mato Grosso do Sul" artSize="8" artNotes="" numberPage="45" pdfPage="http://pesquisa.in.gov.br/imprensa/jsp/visualiza/index.jsp?data=01/06/2018&amp;jornal=529&amp;pagina=45" editionNumber="104" highlightType="" highlightPriority="" highlight="" idMateria="10797762">
  <body>
    <Identifica><![CDATA[                           PORTARIA  Nº 16, DE 28 DE MAIO DE 2018]]></Identifica>
    <Data><![CDATA[]]></Data>
    <Ementa />
    <Titulo />
    <SubTitulo />
    <Texto><![CDATA[<p></p><p class="identifica">PORTARIA Nº 16, DE 28 DE MAIO DE 2018</p><p>O SUPERINTENDENTE DE ADMINISTRAÇÃO DO MINISTÉRIO DA FAZENDA NO MATO GROSSO DO SUL, no uso das atribuições que lhe confere artigo 86, inciso XI, da Portaria nº. 144, de 27/04/2016, publicada no D.O.U de 29 de abril de 2016 e da delegação de competência atribuída pela Portaria SRF/MF nº 1.671 de 14/06/2005, publicada no D.O.U de 20 de junho de 2005 e tendo em vista o que consta no processo nº SEI 11597.100256/2018-15, resolve:</p><p>Conceder aposentaria voluntária com proventos integrais, ao servidor José Brito dos Santos, Matrícula SIAPE nº 0115486, SIAPECAD nº. 003149, ocupante do cargo de Motorista Oficial da Receita Federal do Brasil, código: 489270, Classe S, Padrão III, lotado na Delegacia da Receita Federal do Brasil em Campo Grande/MS, com fundamento legal no artigo 3° Emenda Constitucional 47/2005 (código: 47001).</p><p class="assina">MAURÍCIO BENÍCIO DOS SANTOS</p>]]></Texto>
  </body>
</article></xml>