﻿<xml><article id="3465455" name="RETSÃOLUIS" idOficio="4814306" pubName="DO2" artType="Retificação" pubDate="01/06/2018" artClass="00022:00029:00237:00032:00039:00000:00000:00000:00000:00000:00032:00009" artCategory="Ministério do Desenvolvimento Social/Instituto Nacional do Seguro Social/Superintendência Regional Nordeste em Recife/Gerência Executiva - B - em São Luís/Seção Operacional  de Gestão de Pessoas" artSize="8" artNotes="OK" numberPage="63" pdfPage="http://pesquisa.in.gov.br/imprensa/jsp/visualiza/index.jsp?data=01/06/2018&amp;jornal=529&amp;pagina=63" editionNumber="104" highlightType="" highlightPriority="" highlight="" idMateria="10798274">
  <body>
    <Identifica><![CDATA[ RETIFICAÇÃO]]></Identifica>
    <Data><![CDATA[]]></Data>
    <Ementa />
    <Titulo />
    <SubTitulo />
    <Texto><![CDATA[<p></p><p class="identifica">RETIFICAÇÃO</p><p>Na PORTARIA/GEXSLS Nº 114 de 29 de maio de 2018, publicada na Seção 2, página 74, do Diário Oficial da União nº 103, de 30/05/2018, que concedeu aposentadoria voluntária integral ao servidor Gilberto Wildemam de Almeida Ramos, matrícula SIAPE 0889653, onde se lê: do cargo de Agente Administrativo, leia-se: do cargo de Técnico do Seguro Social.</p>]]></Texto>
  </body>
</article></xml>