﻿<xml><article id="3487597" name="ATO_6187877" idOficio="4814281" pubName="DO2" artType="Ato" pubDate="04/06/2018" artClass="00038:00007:00001:00000:00000:00000:00000:00000:00000:00000:00001:00001" artCategory="Poder Judiciário/Tribunal Regional Federal da 1ª Região/Presidência" artSize="8" artNotes="" numberPage="51" pdfPage="http://pesquisa.in.gov.br/imprensa/jsp/visualiza/index.jsp?data=04/06/2018&amp;jornal=529&amp;pagina=51" editionNumber="105" highlightType="" highlightPriority="" highlight="" idMateria="10798197">
  <body>
    <Identifica><![CDATA[ ATO Nº 6.187.877, DE 30 DE MAIO DE 2018]]></Identifica>
    <Data><![CDATA[]]></Data>
    <Ementa />
    <Titulo />
    <SubTitulo />
    <Texto><![CDATA[<p class="identifica">ATO Nº 6.187.877, DE 30 DE MAIO DE 2018</p><p>O PRESIDENTE DO TRIBUNAL REGIONAL FEDERAL DA 1ª REGIÃO, no uso de suas atribuições legais e regimentais e tendo em vista o constante nos autos do PAe 0029218-47.2017.4.01.8008, resolve:</p><p>REDISTRIBUIR nos termos do art. 37, da Lei 8.112/1990, com a redação dada pela Lei 9.527/1997, c/c a Resolução n. 146/2012-CNJ, um cargo da categoria funcional de Técnico Judiciário, Área Administrativa, do Quadro de Pessoal da Seção Judiciária do Estado de Minas Gerais, Subseção Judiciária de São João Del Rei, ocupado pelo servidor SEBASTIÃO FABIANO PINTO MARQUES, para o Quadro de Pessoal da Seção Judiciária do Estado de São Paulo, Subseção Judiciária de Campinas, em reciprocidade a um cargo de Técnico Judiciário,Área Administrativa, ocupado pela servidora FABÍOLA PICOLI.</p><p class="assina">Desembargador Federal CARLOS MOREIRA ALVES</p>]]></Texto>
  </body>
</article></xml>