﻿<xml><article id="3466233" name="DOU 2-SC-1PT-361-UNI-23578_terc7" idOficio="4814391" pubName="DO2" artType="Portaria" pubDate="01/06/2018" artClass="00034:00007:00045:00000:00000:00000:00000:00000:00000:00000:00025:00003" artCategory="Ministério Público da União/Ministério Público Federal/Procuradoria da República no Estado de Santa Catarina" artSize="8" artNotes="" numberPage="84" pdfPage="http://pesquisa.in.gov.br/imprensa/jsp/visualiza/index.jsp?data=01/06/2018&amp;jornal=529&amp;pagina=84" editionNumber="104" highlightType="" highlightPriority="" highlight="" idMateria="10798499">
  <body>
    <Identifica><![CDATA[ PORTARIA Nº 361, de 28 de maio de 2018]]></Identifica>
    <Data><![CDATA[]]></Data>
    <Ementa />
    <Titulo />
    <SubTitulo />
    <Texto><![CDATA[<p class="identifica">PORTARIA Nº 361, de 28 de maio de 2018</p><p>O PROCURADOR-CHEFE DA PROCURADORIA DA REPÚBLICA NO ESTADO DE SANTA CATARINA, no uso das atribuições conferidas pelo art. 33, inciso VI, do Regimento Interno Administrativo do Ministério Público Federal, aprovado pela Portaria SG/MPF nº 382, de 05 de maio de 2015, resolve:</p><p>Art. 1º - Exonerar a servidora SONIA TELLES DA CRUZ, matrícula 9546, ocupante do cargo de Técnico do MPU/Administração, do cargo em comissão de Chefe da Divisão de Contratações e Gestão Contratual, CC-2, da Procuradoria da República no Estado de Santa Catarina.</p><p>Art. 2º - Nomear o servidor DANIEL CARLOS WEINGARTNER, matrícula 23126, ocupante do cargo de Técnico do MPU/Administração, para o cargo em comissão de Chefe da Divisão de Contratações e Gestão Contratual, CC-2, da Procuradoria da República no Estado de Santa Catarina.</p><p class="assina">DARLAN AIRTON DIAS</p>]]></Texto>
  </body>
</article></xml>