﻿<xml><article id="3460220" name="PORTARIA 679-2018" idOficio="4813343" pubName="DO2" artType="Portaria" pubDate="01/06/2018" artClass="00011:00074:00000:00000:00000:00000:00000:00000:00000:00000:00025:00001" artCategory="Ministério da Educação/Instituto Federal de Educação, Ciência e Tecnologia de Pernambuco" artSize="8" artNotes="" numberPage="29" pdfPage="http://pesquisa.in.gov.br/imprensa/jsp/visualiza/index.jsp?data=01/06/2018&amp;jornal=529&amp;pagina=29" editionNumber="104" highlightType="" highlightPriority="" highlight="" idMateria="10796808">
  <body>
    <Identifica><![CDATA[ PORTARIA Nº 679,  DE 23 DE MAIO DE 2018]]></Identifica>
    <Data><![CDATA[]]></Data>
    <Ementa />
    <Titulo />
    <SubTitulo />
    <Texto><![CDATA[<p class="identifica">PORTARIA Nº 679, DE 23 DE MAIO DE 2018</p><p>A REITORA DO INSTITUTO FEDERAL DE EDUCAÇÃO, CIÊNCIA E TECNOLOGIA DE PERNAMBUCO, em conformidade com a Lei nº 11.892, de 29/12/2008, publicada no DOU de 30/12/2008, seção 1, páginas 1 a 3, nomeada pelo Decreto de 12/04/2016, publicado no DOU de 13/04/2016, seção 2, página 1, no uso de suas atribuições legais e estatutárias, resolve:</p><p>Autorizar o afastamento do país, para fins de Licença Capacitação, da servidora AIDA ARAÚJO FERREIRA, matrícula SIAPE nº 1459718, ocupante do cargo de Professora do Ensino Básico, Técnico e Tecnológico, lotada no Campus Recife desta Instituição Federal de Ensino, no período de 04/06/2018 a 02/08/2018, para realização de visita acadêmica à Universidade de Bath, em Bath-Reino Unido.</p><p class="assina">ANÁLIA KEILA RODRIGUES RIBEIRO</p>]]></Texto>
  </body>
</article></xml>