﻿<xml><article id="3460403" name="Portaria_RUI VICENTE OPPERMANN_2" idOficio="4813722" pubName="DO2" artType="Portaria" pubDate="01/06/2018" artClass="00011:00129:00001:00000:00000:00000:00000:00000:00000:00000:00025:00002" artCategory="Ministério da Educação/Universidade Federal do Rio Grande do Sul/Reitoria" artSize="8" artNotes="" numberPage="39" pdfPage="http://pesquisa.in.gov.br/imprensa/jsp/visualiza/index.jsp?data=01/06/2018&amp;jornal=529&amp;pagina=39" editionNumber="104" highlightType="" highlightPriority="" highlight="" idMateria="10797413">
  <body>
    <Identifica><![CDATA[ PORTARIAS DE 29 DE MAIO DE 2018]]></Identifica>
    <Data><![CDATA[]]></Data>
    <Ementa />
    <Titulo />
    <SubTitulo />
    <Texto><![CDATA[<p class="identifica">PORTARIAS DE 29 DE MAIO DE 2018</p><p>O REITOR DA UNIVERSIDADE FEDERAL DO RIO GRANDE DO SUL, no uso de suas atribuições legais e estatutárias, resolve:</p><p>N° 3.957 - Declarar vago, a partir de da publicação no Diário Oficial da União, o cargo de Pró-Reitor de Gestão de Pessoas, Código SRH 3, Código CD-2, desta Universidade, tendo em vista a aposentadoria do servidor MAURÍCIO VIÉGAS DA SILVA, matrícula SIAPE n° 0354315, conforme Processo nº 23078.511700/2018-64. Processo nº 23078.511984/2018-99.</p><p>N° 3.958 - Nomear o Senhor MAURÍCIO VIÉGAS DA SILVA, para exercer o cargo de Pró-Reitor de Gestão de Pessoas, código SRH3, código CD-2, com vigência a partir da data de publicação no Diário Oficial da União. Processo nº 23078.511984/2018-99.</p><p class="assina">RUI VICENTE OPPERMANN</p>]]></Texto>
  </body>
</article></xml>