﻿<xml><article id="3465683" name="PORTARIA N° 119, 29 MAIO 18" idOficio="4814327" pubName="DO2" artType="Portaria" pubDate="01/06/2018" artClass="00010:00008:00020:00000:00000:00000:00000:00000:00000:00000:00025:00001" artCategory="Ministério da Defesa/Comando do Exército/Departamento de Educação e Cultura do Exército" artSize="8" artNotes="" numberPage="12" pdfPage="http://pesquisa.in.gov.br/imprensa/jsp/visualiza/index.jsp?data=01/06/2018&amp;jornal=529&amp;pagina=12" editionNumber="104" highlightType="" highlightPriority="" highlight="" idMateria="10798334">
  <body>
    <Identifica><![CDATA[ PORTARIA Nº 119 - DECEx, 29 de MAIO de 2018 ]]></Identifica>
    <Data><![CDATA[]]></Data>
    <Ementa />
    <Titulo />
    <SubTitulo />
    <Texto><![CDATA[<p class="identifica">PORTARIA Nº 119 - DECEx, 29 de MAIO de 2018</p><p>O CHEFE DO DEPARTAMENTO DE EDUCAÇÃO E CULTURA DO EXÉRCITO, no uso da competência que lhe foi conferida pela Portaria nº 218- Comandante do Exército, de 20 de março de 2017, resolve:</p><p>1 - EXONERAR,</p><p>ex-offício, o Coronel Reformado (Idt 015338060-5) ADILSON PEREIRA LEITE, PREC CP 96/1393305, da Diretoria de Educação Superior Militar (Rio de Janeiro-RJ), a partir de 30 de junho de 2018, de acordo com a letra a), do inciso II, do art. 11, da Portaria n° 218-Cmt Ex, de 20 de março de 2017, de Prestador de Tarefa por Tempo Certo;</p><p>ex-offício, o Coronel Reformado (Idt 020136733-1) FÁBIO DA SILVA E OLIVEIRA FILHO, PREC CP 96/1675404, do Colégio Militar de Juiz de Fora (Juiz de Fora-MG), a partir de 30 de junho de 2018, de acordo com a letra a), do inciso II, do art. 11, da Portaria n° 218-Cmt Ex, de 20 de março de 2017, de Prestador de Tarefa por Tempo Certo;</p><p>ex-offício, o Coronel Reformado (Idt 101365883-4) PAULO DE TARSO PASSOS DA COSTA, PREC CP 96/1701663, do Colégio Militar de Fortaleza (Fortaleza-CE), a partir de 30 de junho de 2018, de acordo com a letra a), do inciso II, do art. 11, da Portaria n° 218-Cmt Ex, de 20 de março de 2017, de Prestador de Tarefa por Tempo Certo;</p><p>ex-offício, o Coronel da Reserva Remunerada (Idt 026806782-4) ROBERTO GUIMARÃES BORGES, PREC CP 96/1659929, do Departamento de Educação e Cultura do Exército (Rio de Janeiro-RJ), a partir de 30 de junho de 2018, de acordo com a letra a), do inciso II, do art. 11, da Portaria n° 218-Cmt Ex, de 20 de março de 2017, de Prestador de Tarefa por Tempo Certo;</p><p>ex-offício, o Coronel da Reserva Remunerada (Idt 070652572-2) LUIZ MAURÍCIO DA CÂMARA FRANÇA, PREC CP 96/1569219, do Colégio Militar do Recife (Recife-PE), a partir de 30 de junho de 2018, de acordo com a letra a), do inciso II, do art. 11, da Portaria n° 218-Cmt Ex, de 20 de março de 2017, de Prestador de Tarefa por Tempo Certo;</p><p>ex-offício, o Coronel da Reserva Remunerada (Idt 116037792-3) JOÃO CARLOS SOBRAL DAS CHAGAS, PREC CP 96/1708650, do Centro de Capacitação Física do Exército (Rio de Janeiro-RJ), a partir de 30 de junho de 2018, de acordo com a letra a), do inciso II, do art. 11, da Portaria n° 218-Cmt Ex, de 20 de março de 2017, de Prestador de Tarefa por Tempo Certo;</p><p>ex-offício, o Coronel da Reserva Remunerada (Idt 020137323-0) WASHINGTON SOARES COUTINHO, PREC CP 96/1618438, do Centro de Estudos de Pessoal e Forte Duque de Caxias (Rio de Janeiro-RJ), a partir de 30 de junho de 2018, de acordo com a letra a), do inciso II, do art. 11, da Portaria n° 218-Cmt Ex, de 20 de março de 2017, de Prestador de Tarefa por Tempo Certo;</p><p>ex-offício, o Coronel da Reserva Remunerada (Idt 027582732-7) MARCELO PACHECO DA ROSA, PREC CP 96/1628734, do Centro de Estudos de Pessoal e Forte Duque de Caxias (Rio de Janeiro-RJ), a partir de 30 de junho de 2018, de acordo com a letra a), do inciso II, do art. 11, da Portaria n° 218-Cmt Ex, de 20 de março de 2017, de Prestador de Tarefa por Tempo Certo;</p><p>ex-offício, o Coronel da Reserva Remunerada (Idt 026111741-0) EDSON SILVA DE OLIVEIRA, PREC CP 96/1589381, da Diretoria do Patrimônio Histórico e Cultural do Exército (Rio de Janeiro-RJ), a partir de 30 de junho de 2018, de acordo com a letra a), do inciso II, do art. 11, da Portaria n° 218-Cmt Ex, de 20 de março de 2017, de Prestador de Tarefa por Tempo Certo;</p><p>ex-offício, o Coronel da Reserva Remunerada (Idt 010049912-8) RONALDO PAES LOPES, PREC CP 96/1480565, da Biblioteca do Exército (Rio de Janeiro-RJ), a partir de 30 de junho de 2018, de acordo com a letra a), do inciso II, do art. 11, da Portaria n° 218-Cmt Ex, de 20 de março de 2017, de Prestador de Tarefa por Tempo Certo;</p><p>ex-offício, o Coronel da Reserva Remunerada (Idt 042106293-6) NEI FUTURO ROCHA NETO, PREC CP 96/1713577, do Departamento de Educação e Cultura do Exército (Rio de Janeiro-RJ), a partir de 30 de junho de 2018, de acordo com a letra a), do inciso II, do art. 11, da Portaria n° 218-Cmt Ex, de 20 de março de 2017, de Prestador de Tarefa por Tempo Certo;</p><p>ex-offício, o Coronel da Reserva Remunerada (Idt 019983491-2) IVANHÓE DE OLIVEIRA ROCHA, PREC CP 96/1467372, da Fundação Cultural Exército Brasileiro (Rio de Janeiro-RJ), a partir de 30 de junho de 2018, de acordo com a letra a), do inciso II, do art. 11, da Portaria n° 218-Cmt Ex, de 20 de março de 2017, de Prestador de Tarefa por Tempo Certo;</p><p>ex-offício, o Coronel da Reserva Remunerada (Idt 023137921-5) ANTÔNIO PROCÓPIO DE CASTRO GOUVÊA, PREC CP 96/1650746, da Diretoria de Educação Técnica Militar (Rio de Janeiro-RJ), a partir de 30 de junho de 2018, de acordo com a letra a), do inciso II, do art. 11, da Portaria n° 218-Cmt Ex, de 20 de março de 2017, de Prestador de Tarefa por Tempo Certo;</p><p>ex-offício, o Coronel da Reserva Remunerada (Idt 014869772-5) ARY LINHARES NETO, PREC CP 96/1707793, do Colégio Militar de Curitiba (Curitiba-PR), a partir de 30 de junho de 2018, de acordo com a letra a), do inciso II, do art. 11, da Portaria n° 218-Cmt Ex, de 20 de março de 2017, de Prestador de Tarefa por Tempo Certo;</p><p>a pedido, o Coronel da Reserva Remunerada (Idt 036160332-7) MARCELO DUTRA DE OLIVEIRA, PREC CP 96/1635127, do Colégio Militar de Porto Alegre (Porto Alegre-RS), a partir de 30 de junho de 2018, de acordo com o inciso I, do art. 11, da Portaria n° 218, de 20 de março de 2017, de Prestador de Tarefa por Tempo Certo;</p><p>ex-offício, o Tenente-Coronel da Reserva Remunerada (Idt 025180912-5) ROGÉRIO DE CARVALHO FRANÇA, PREC CP 96/1488402, do Colégio Militar do Rio de Janeiro (Rio de Janeiro-RJ), a partir de 30 de junho de 2018, de acordo com a letra a), do inciso II, do art. 11, da Portaria n° 218-Cmt Ex, de 20 de março de 2017, de Prestador de Tarefa por Tempo Certo;</p><p>ex-offício, o Tenente-Coronel da Reserva Remunerada (Idt 025179682-7) WAGNER VOLPON ORLANDINI, PREC CP 96/1503911, do Colégio Militar de Curitiba (Curitiba-PR), a partir de 30 de junho de 2018, de acordo com a letra a), do inciso II, do art. 11, da Portaria n° 218-Cmt Ex, de 20 de março de 2017, de Prestador de Tarefa por Tempo Certo;</p><p>ex-offício, o Capitão Reformado (Idt 015316101-3) JOÃO CARLOS GONÇALVES BICCA, PREC CP 96/1499722, do Departamento de Educação e Cultura do Exército (Rio de Janeiro-RJ), a partir de 30 de junho de 2018, de acordo com a letra a), do inciso II, do art. 11, da Portaria n° 218-Cmt Ex, de 20 de março de 2017, de Prestador de Tarefa por Tempo Certo;</p><p>ex-offício, o Capitão da Reserva Remunerada (Idt 015505811-8) JOSÉ SANTIAGO CRISTOVÃO, PREC CP 96/1486729, da Escola de Sargentos de Logística (Rio de Janeiro-RJ), a partir de 30 de junho de 2018, de acordo com a letra a), do inciso II, do art. 11, da Portaria n° 218-Cmt Ex, de 20 de março de 2017, de Prestador de Tarefa por Tempo Certo;</p><p>ex-offício, o Capitão da Reserva Remunerada (Idt 011229982-1) JOSÉ ANICETO BOTELHO DE FREITAS, PREC CP 96/1535533, do Colégio Militar do Rio de Janeiro (Rio de Janeiro-RJ), a partir de 30 de junho de 2018, de acordo com a letra a), do inciso II, do art. 11, da Portaria n° 218-Cmt Ex, de 20 de março de 2017, de Prestador de Tarefa por Tempo Certo;</p><p>ex-offício, o 1º Tenente Reformado (Idt 017248621-9) BENEDITO FRANÇA DE SOUZA, PREC CP 96/1566868, do Colégio Militar do Recife (Recife-PE), a partir de 30 de junho de 2018, de acordo com a letra a), do inciso II, do art. 11, da Portaria n° 218-Cmt Ex, de 20 de março de 2017, de Prestador de Tarefa por Tempo Certo;</p><p>ex-offício, o 1º Tenente da Reserva Remunerada (Idt 031841403-4) CARLOS CÉSAR DE AZEVEDO VIEIRA, PREC CP 96/1624311, do Colégio Militar de Porto Alegre (Porto Alegre-RS), a partir de 30 de junho de 2018, de acordo com a letra a), do inciso II, do art. 11, da Portaria n° 218-Cmt Ex, de 20 de março de 2017, de Prestador de Tarefa por Tempo Certo;</p><p>ex-offício, o Subtenente Reformado (Idt 047270091-3) MARCÍLIO CAETANO FERREIRA, PREC CP 96/1420074, da Biblioteca do Exército (Rio de Janeiro-RJ), a partir de 30 de junho de 2018, de acordo com a letra a), do inciso II, do art. 11, da Portaria n° 218-Cmt Ex, de 20 de março de 2017, de Prestador de Tarefa por Tempo Certo;</p><p>ex-offício, o Subtenente Reformado (Idt 014280861-7) RONALDO MACHADO, PREC CP 96/1317916, da Escola de Saúde do Exército (Rio de Janeiro-RJ), a partir de 30 de junho de 2018, de acordo com a letra a), do inciso II, do art. 11, da Portaria n° 218-Cmt Ex, de 20 de março de 2017, de Prestador de Tarefa por Tempo Certo; e</p><p>ex-offício, o Terceiro-Sargento da Reserva Remunerada (Idt 093732524-5) VANDENEI ZACARIAS SOUZA DE OLIVEIRA, PREC CP 96/1669837, do Colégio Militar de Campo Grande (Campo Grande-MS), a partir de 30 de junho de 2018, de acordo com a letra a), do inciso II, do art. 11, da Portaria n° 218-Cmt Ex, de 20 de março de 2017, de Prestador de Tarefa por Tempo Certo.</p><p>2 - RETIFICAR,</p><p>na Portaria nº 14 - DECEx, de 6 de fevereiro de 2018, publicada no Diário Oficial da União nº 28, de 8 de fevereiro de 2018, Seção 2, página 10, referente a nomeação do Capitão Reformado (Idt 015554710-2) NÉDIO GOMES DA SILVA, PREC CP 96/1112085, no Departamento de Educação e Cultura do Exército (Rio de Janeiro-RJ), para Prestador de Tarefa por Tempo Certo, onde se lê: "para exercer a tarefa de Apoio Técnico da Assessoria de Recursos Humanos" leia-se "para exercer a tarefa de Gestão de Projetos na área de recursos humanos, em apoio à educação e cultura do Sistema DECEx", pelo prazo de 10 meses, a contar de 1° de março de 2018.</p><p>3 - NOMEAR,</p><p>o Coronel Reformado (Idt 020136733-1) FÁBIO DA SILVA E OLIVEIRA FILHO, PREC CP 96/1675404, no Colégio Militar de Juiz de Fora (Juiz de Fora-MG), para exercer a tarefa de Docente na Disciplina Matemática, pelo prazo de 24 meses, a partir de 1° de julho de 2018;</p><p>o Coronel Reformado (Idt 101365883-4) PAULO DE TARSO PASSOS DA COSTA, PREC CP 96/1701663, no Colégio Militar de Fortaleza (Fortaleza-CE), para exercer a tarefa de Apoio Técnico na Seção Técnica de Ensino, pelo prazo de 24 meses, a partir de 1° de julho de 2018;</p><p>o Coronel da Reserva Remunerada (Idt 026806782-4) ROBERTO GUIMARÃES BORGES, PREC CP 96/1659929, no Departamento de Educação e Cultura do Exército (Rio de Janeiro-RJ), para exercer a tarefa de Apoio Técnico à Assessoria de Gestão do Ensino, pelo prazo de 24 meses, a partir de 1° de julho de 2018;</p><p>o Coronel da Reserva Remunerada (Idt 070652572-2) LUIZ MAURÍCIO DA CÂMARA FRANÇA, PREC CP 96/1569219, no Colégio Militar do Recife (Recife-PE), para exercer a tarefa de Assessor de Comunicação Social, pelo prazo de 24 meses, a partir de 1° de julho de 2018;</p><p>o Coronel da Reserva Remunerada (Idt 116037792-3) JOÃO CARLOS SOBRAL DAS CHAGAS, PREC CP 96/1708650, no Centro de Capacitação Física do Exército (Rio de Janeiro-RJ), para exercer a tarefa de Prefeito do Centro de Capacitação Física do Exército/ Fortaleza de São João, pelo prazo de 24 meses, a partir de 1° de julho de 2018;</p><p>o Coronel da Reserva Remunerada (Idt 020137323-0) WASHINGTON SOARES COUTINHO, PREC CP 96/1618438, no Centro de Estudos de Pessoal e Forte Duque de Caxias (Rio de Janeiro-RJ), para exercer a tarefa de Assessor do Núcleo de Informática, pelo prazo de 24 meses, a partir de 1° de julho de 2018;</p><p>o Coronel da Reserva Remunerada (Idt 027582732-7) MARCELO PACHECO DA ROSA, PREC CP 96/1628734, no Centro de Estudos de Pessoal e Forte Duque de Caxias (Rio de Janeiro-RJ), para exercer a tarefa de Apoio Técnico à Seção de Planejamento e Gestão, pelo prazo de 24 meses, a partir de 1° de julho de 2018;</p><p>o Coronel da Reserva Remunerada (Idt 010049912-8) RONALDO PAES LOPES, PREC CP 96/1480565, na Biblioteca do Exército (Rio de Janeiro-RJ), para exercer a tarefa de Gerenciamento, Pesquisa e Classificação Documental da Biblioteca do Exército, pelo prazo de 6 meses, a partir de 1° de julho de 2018;</p><p>o Coronel da Reserva Remunerada (Idt 042106293-6) NEI FUTURO ROCHA NETO, PREC CP 96/1713577, no Departamento de Educação e Cultura do Exército (Rio de Janeiro-RJ), para exercer a tarefa de Adjunto do Gerente do Programa Estratégico do Exército Sistema de Educação e Cultura, pelo prazo de 24 meses, a partir de 1° de julho de 2018;</p><p>o Coronel da Reserva Remunerada (Idt 019983491-2) IVANHÓE DE OLIVEIRA ROCHA, PREC CP 96/1467372, na Fundação Cultural Exército Brasileiro (Rio de Janeiro-RJ), para exercer a tarefa de Oficial de ligação entre o DECEx e a FUNCEB, pelo prazo de 6 meses, a partir de 1° de julho de 2018;</p><p>o Coronel da Reserva Remunerada (Idt 023137921-5) ANTÔNIO PROCÓPIO DE CASTRO GOUVÊA, PREC CP 96/1650746, na Diretoria de Educação Técnica Militar (Rio de Janeiro-RJ), para exercer a tarefa de Assessor do Escritório de Gestão e Projeto, pelo prazo de 24 meses, a partir de 1° de julho de 2018;</p><p>o Coronel da Reserva Remunerada (Idt 014869772-5) ARY LINHARES NETO, PREC CP 96/1707793, no Colégio Militar de Curitiba (Curitiba-PR), para exercer a tarefa de Docente na Disciplina História e Sociologia, pelo prazo de 24 meses, a partir de 1° de julho de 2018;</p><p>o Coronel da Reserva Remunerada (Idt 011474163-0) CARLOS ALBERTO SOARES DE OLIVEIRA, PREC CP 96/1769595, no Colégio Militar do Rio de Janeiro (Rio de Janeiro-RJ), para exercer a tarefa de Apoio às Atividades da Secretaria Escolar, pelo prazo de 24 meses, a partir de 1° de julho de 2018;</p><p>o Coronel da Reserva Remunerada (Idt 056402123-6) ANDERSON ANTONIO FONTANA CARARA, PREC CP 96/1741792, no Colégio Militar de Curitiba (Curitiba-PR), para exercer a tarefa de Apoio à Área Administrativa, pelo prazo de 24 meses, a partir de 1° de julho de 2018;</p><p>o Tenente-Coronel da Reserva Remunerada (Idt 025180912-5) ROGÉRIO DE CARVALHO FRANÇA, PREC CP 96/1488402, no Colégio Militar do Rio de Janeiro (Rio de Janeiro-RJ), para exercer a tarefa de Docente na Disciplina História, pelo prazo de 24 meses, a partir de 1° de julho de 2018;</p><p>o Tenente-Coronel da Reserva Remunerada (Idt 025179682-7) WAGNER VOLPON ORLANDINI, PREC CP 96/1503911, no Colégio Militar de Curitiba (Curitiba-PR), para exercer a tarefa de Assessor Técnico à Seção de Informática, pelo prazo de 6 meses, a partir de 1° de julho de 2018;</p><p>o Capitão Reformado (Idt 015316101-3) JOÃO CARLOS GONÇALVES BICCA, PREC CP 96/1499722, no Departamento de Educação e Cultura do Exército (Rio de Janeiro-RJ), para exercer a tarefa de Catalogar e arquivar a documentação atinente aos processos no âmbito do Departamento, pelo prazo de 6 meses, a partir de 1° de julho de 2018;</p><p>o Capitão da Reserva Remunerada (Idt 015505811-8) JOSÉ SANTIAGO CRISTOVÃO, PREC CP 96/1486729, na Escola de Sargentos de Logística (Rio de Janeiro-RJ), para exercer a tarefa de Apoio Técnico ao Curso de Formação de Sargentos Músicos, pelo prazo de 6 meses, a partir de 1° de julho de 2018;</p><p>o Capitão da Reserva Remunerada (Idt 049868142-8) CARLOS ROBERTO RAMOS, PREC CP 96/1769900, no Colégio Militar do Rio de Janeiro (rio de Janeiro-RJ), para exercer a tarefa de Auxiliar Administrativo da Seção de Licitação e Contratos, pelo prazo de 24 meses, a partir de 1° de julho de 2018;</p><p>o 1º Tenente Reformado (Idt 017248621-9) BENEDITO FRANÇA DE SOUZA, PREC CP 96/1566868, no Colégio Militar do Recife (Recife-PE), para exercer a tarefa de Docente na Disciplina Física, pelo prazo de 6 meses, a partir de 1° de julho de 2018;</p><p>o 1º Tenente da Reserva Remunerada (Idt 031841403-4) CARLOS CÉSAR DE AZEVEDO VIEIRA, PREC CP 96/1624311, no Colégio Militar de Porto Alegre (Porto Alegre-RS), para exercer a tarefa de Apoio Técnico à Seção do Pessoal Civil, pelo prazo de 24 meses, a partir de 1° de julho de 2018;</p><p>o Subtenente Reformado (Idt 047270091-3) MARCÍLIO CAETANO FERREIRA, PREC CP 96/1420074, na Biblioteca do Exército (Rio de Janeiro-RJ), para exercer a tarefa de Gerenciamento e Organização da Sistemática de Controle de Assinantes da Biblioteca do Exército, pelo prazo de 6 meses, a partir de 1° de julho de 2018;</p><p>o Subtenente Reformado (Idt 014280861-7) RONALDO MACHADO, PREC CP 96/1317916, na Escola de Saúde do Exército (Rio de Janeiro-RJ), para exercer a tarefa de Coordenador do Programa de Ações Comunitárias Rio-Criança Cidadão, pelo prazo de 6 meses, a partir de 1° de julho de 2018;</p><p>o Segundo-Sargento da Reserva Remunerada (Idt 030922844-3) AROLDO ADRIANO OLIVEIRA DO AMARAL, PREC CP 96/1778109, na Escola de Aperfeiçoamento de Sargentos das Armas (Cruz Alta-RS), para exercer a tarefa de Apoio Técnico na Gestão do Hotel de Trânsito na EASA, pelo prazo de 24 meses, a partir de 1° de julho de 2018; e</p><p>o Terceiro-Sargento da Reserva Remunerada (Idt 093732524-5) VANDENEI ZACARIAS SOUZA DE OLIVEIRA, PREC CP 96/1669837, do Colégio Militar de Campo Grande (Campo Grande-MS), para exercer a tarefa de Apoio Técnico às Atividades de Identificador de Corpo de Tropa, pelo prazo de 24 meses, a partir de 1° de julho de 2018.</p><p class="assina">Gen Ex MAURO CESAR LOURENA CID</p><p></p>]]></Texto>
  </body>
</article></xml>