﻿<xml><article id="3465187" name="467" idOficio="4814271" pubName="DO2" artType="Portaria" pubDate="01/06/2018" artClass="00038:00003:00005:00001:00000:00000:00000:00000:00000:00000:00025:00001" artCategory="Poder Judiciário/Tribunal Superior Eleitoral/Secretaria do Tribunal/Diretoria-Geral" artSize="8" artNotes="" numberPage="94" pdfPage="http://pesquisa.in.gov.br/imprensa/jsp/visualiza/index.jsp?data=01/06/2018&amp;jornal=529&amp;pagina=94" editionNumber="104" highlightType="" highlightPriority="" highlight="" idMateria="10798185">
  <body>
    <Identifica><![CDATA[ Portaria nº 467, de 29 de maio de 2018]]></Identifica>
    <Data><![CDATA[]]></Data>
    <Ementa />
    <Titulo />
    <SubTitulo />
    <Texto><![CDATA[<p class="identifica">Portaria nº 467, de 29 de maio de 2018</p><p>O DIRETOR-GERAL DA SECRETARIA DO TRIBUNAL SUPERIOR ELEITORAL, com base no inciso XV do art. 116 do Regulamento Interno, no inciso I do art. 2º e no art. 4º da Portaria nº 204, de 26.9.2002, resolve:</p><p>Art. 1º Dispensar NATHALIA DOS SANTOS COSTA, Analista Judiciário, Área Administrativa, da função comissionada de Assistente IV, Nível FC-4, da Secretaria de Controle Interno e Auditoria.</p><p>Art. 2º Designar NATHALIA DOS SANTOS COSTA, Analista Judiciário, Área Administrativa, para exercer a função comissionada de Assistente I, Nível FC-1, do Gabinete do Ministro Tarcisio Vieira de Carvalho Neto.</p><p class="assina">RODRIGO CURADO FLEURY</p>]]></Texto>
  </body>
</article></xml>