﻿<xml><article id="3464703" name="Designa Janine Braga FC Calculis" idOficio="4814152" pubName="DO2" artType="Portaria" pubDate="01/06/2018" artClass="00038:00058:00001:00000:00000:00000:00000:00000:00000:00000:00001:00006" artCategory="Poder Judiciário/Tribunal Regional do Trabalho da 19ª Região/Presidência" artSize="8" artNotes="" numberPage="102" pdfPage="http://pesquisa.in.gov.br/imprensa/jsp/visualiza/index.jsp?data=01/06/2018&amp;jornal=529&amp;pagina=102" editionNumber="104" highlightType="" highlightPriority="" highlight="" idMateria="10798100">
  <body>
    <Identifica><![CDATA[ PORTARIA Nº 281, DE 29 DE MAIO DE 2018]]></Identifica>
    <Data><![CDATA[]]></Data>
    <Ementa />
    <Titulo />
    <SubTitulo />
    <Texto><![CDATA[<p class="identifica">PORTARIA Nº 281, DE 29 DE MAIO DE 2018</p><p>O DESEMBARGADOR PRESIDENTE DO TRIBUNAL REGIONAL DO TRABALHO DA DÉCIMA NONA REGIÃO, no uso de suas atribuições legais e regimentais estabelecidas no inciso VII do art. 24 do Regimento Interno e tendo em vista o PROAD nº 4.142/2018, resolve:</p><p>Art. 1º. Designar a servidora Janine Braga Quirino Lima, Técnica Judiciária, para exercer a função comissionada de Calculista, de nível FC-4, da Vara do Trabalho de Porto Calvo.</p><p>Art. 2º. Os efeitos da presente Portaria vigoram a partir da publicação.</p><p class="assina">PEDRO INÁCIO DA SILVA</p>]]></Texto>
  </body>
</article></xml>