﻿<xml><article id="3487672" name="22 - PORTARIA 75 EXON NOMEAC DE " idOficio="4813986" pubName="DO2" artType="Portaria" pubDate="04/06/2018" artClass="00010:00008:00022:00000:00000:00000:00000:00000:00000:00000:00025:00001" artCategory="Ministério da Defesa/Comando do Exército/Comando Logístico" artSize="8" artNotes="" numberPage="7" pdfPage="http://pesquisa.in.gov.br/imprensa/jsp/visualiza/index.jsp?data=04/06/2018&amp;jornal=529&amp;pagina=7" editionNumber="105" highlightType="" highlightPriority="" highlight="" idMateria="10797877">
  <body>
    <Identifica><![CDATA[ PORTARIA Nº 75-COLOG/SG1, DE 29 DE MAIO DE 2018]]></Identifica>
    <Data><![CDATA[]]></Data>
    <Ementa />
    <Titulo />
    <SubTitulo />
    <Texto><![CDATA[<p class="identifica">PORTARIA Nº 75-COLOG/SG1, DE 29 DE MAIO DE 2018</p><p>O COMANDANTE LOGÍSTICO, no uso da competência que lhe foi conferida pela Portaria nº 218-Comandante do Exército, de 20 de março de 2017, resolve</p><p>EXONERAR ex officio, o Coronel da Reserva Remunerada (049358601-0) LEONEL GLYCÉRIO NETO, Prec-CP 96 1581990, do Comando Logístico (BRASÍLIA-DF), a partir de 1º de agosto de 2018, de acordo com a alínea a), do inciso II, do art. 11, da Portaria nº 218-Cmt Ex, de 20 de março de 2017, de Prestador de Tarefa por Tempo Certo.</p><p>NOMEAR o Coronel da Reserva Remunerada (049358601-0) LEONEL GLYCÉRIO NETO, Prec-CP 96 1581990, no Comando Logístico (BRASÍLIA-DF), para Prestador de Tarefa por Tempo Certo, para exercer a tarefa de Apoio Técnico no Estudo e Propostas de Normas e nos Processos Relativos às Atividades Logísticas no Colog, pelo prazo de 24 (vinte e quatro) meses, a partir de 1º de agosto de 2018.</p><p class="assina">Gen Ex CARLOS ALBERTO NEIVA BARCELLOS</p>]]></Texto>
  </body>
</article></xml>