﻿<xml><article id="3466152" name="PORTARIA GPR 1084" idOficio="4814387" pubName="DO2" artType="Portaria" pubDate="01/06/2018" artClass="00038:00039:00002:00000:00000:00000:00000:00000:00000:00000:00025:00002" artCategory="Poder Judiciário/Tribunal de Justiça do Distrito Federal e dos Territórios/Presidência" artSize="8" artNotes="" numberPage="98" pdfPage="http://pesquisa.in.gov.br/imprensa/jsp/visualiza/index.jsp?data=01/06/2018&amp;jornal=529&amp;pagina=98" editionNumber="104" highlightType="" highlightPriority="" highlight="" idMateria="10798388">
  <body>
    <Identifica><![CDATA[ PORTARIA nº 1.084, DE 23 DE MAIO DE 2018]]></Identifica>
    <Data><![CDATA[]]></Data>
    <Ementa />
    <Titulo />
    <SubTitulo />
    <Texto><![CDATA[<p class="identifica">PORTARIA nº 1.084, DE 23 DE MAIO DE 2018</p><p>O PRESIDENTE DO TRIBUNAL DE JUSTIÇA DO DISTRITO FEDERAL E TERRITÓRIOS, no uso de sua competência legal e tendo em vista o contido no PA N. 1000581/2018, resolve:</p><p>Art. 1º Designar PAULA CRISTINA MARGOTTO, matrícula N. 320.228, Técnico Judiciário, Área Administrativa, do Quadro de Pessoal deste Tribunal, para exercer a Função Comissionada, FC-02, da Vara de Execuções das Penas em Regime Aberto do Distrito Federal.</p><p>Art. 2º Esta Portaria entra em vigor na data de sua publicação.</p><p class="assina">Des. ROMÃO C. OLIVEIRA</p>]]></Texto>
  </body>
</article></xml>