﻿<xml><article id="3461932" name="PORTARIA Nº 181 DG DE 28 DE MAIO" idOficio="4813797" pubName="DO2" artType="Portaria" pubDate="01/06/2018" artClass="00032:00012:00035:00013:00000:00000:00000:00000:00000:00000:00025:00001" artCategory="Ministério Extraordinário da Segurança Pública/Departamento de Polícia Rodoviária Federal/Coordenação-Geral de Operações" artSize="8" artNotes="" numberPage="82" pdfPage="http://pesquisa.in.gov.br/imprensa/jsp/visualiza/index.jsp?data=01/06/2018&amp;jornal=529&amp;pagina=82" editionNumber="104" highlightType="" highlightPriority="" highlight="" idMateria="10797542">
  <body>
    <Identifica><![CDATA[ PORTARIA Nº 181, DE 28 DE MAIO DE 2018]]></Identifica>
    <Data><![CDATA[]]></Data>
    <Ementa />
    <Titulo />
    <SubTitulo />
    <Texto><![CDATA[<p class="identifica">PORTARIA Nº 181, DE 28 DE MAIO DE 2018</p><p>O DIRETOR-GERAL DA POLÍCIA RODOVIÁRIA FEDERAL, no uso da competência que lhe confere o art. 110, inciso XXI, do Regimento Interno da Polícia Rodoviária Federal, instituído pela Portaria nº 219, de 27 de fevereiro de 2018, do Senhor Ministro de Estado da Segurança Pública, publicada no Diário Oficial da União de 28 de fevereiro de 2018, e tendo em vista a competência delegada pelo Secretário-Executivo do Ministério da Justiça, por meio da Portaria nº 379, de 16 de março de 2011 e o acostado dos autos de numeração 08662.001955/2017-59, resolve:</p><p>Art.1º Exonerar, a pedido, os membros da JARI-GO abaixo informado:</p><p>I - 2ª JARI-GO: representante com Conhecimento na Área de Trânsito Suplente: Letícia de Araújo Luzini;</p><p>II - Coordenador-Geral Titular: Juscelio Fernando Barbosa.</p><p>Art. 2º Nomear os Coordenadores-Gerais da JARI da JARI-GO abaixo informados:</p><p>I - Coordenador-Geral Titular: Marcelo de Azevedo;</p><p>II - Coordenador-Geral Suplente: Ivan Souza e Silva.</p><p>Art. 3º Criar a 3º JARI-GO, composta pelos seguintes integrantes:</p><p>I - Representante do DPRF:</p><p>a) Titular (Presidente): Juscelio Fernando Barbosa.</p><p>II - Representante com Conhecimento na Área de Trânsito:</p><p>a) Titular: Letícia de Araújo Luzini;</p><p>b) Suplente: Juraci Barbosa Filho.</p><p>III - Representante de Entidade Ligado à Área de Trânsito:</p><p>a) Titular: Cássio Luis da Costa Santos.</p><p>Art. 4º Revoga-se, parcialmente, o disposto no art. 1º, II, "a", no que diz respeito ao Representante com Conhecimento de Trânsito suplente e o art. 2º, I da Portaria nº 110 de 08 de Abril de 2017.</p><p>Art. 5º Esta Portaria entra em vigor na data de sua publicação.</p><p class="assina">RENATO ANTÔNIO BORGES DIAS</p>]]></Texto>
  </body>
</article></xml>