﻿<xml><article id="3460172" name="PTs 234 - APOSENTADORIA JOÃO EVA" idOficio="4812032" pubName="DO2" artType="Portaria" pubDate="01/06/2018" artClass="00017:00002:00019:00008:00000:00000:00000:00000:00000:00000:00025:00001" artCategory="Ministério da Saúde/Secretaria Executiva/Núcleo Estadual em Goiás/Serviço de Gestão Administrativa" artSize="8" artNotes="" numberPage="53" pdfPage="http://pesquisa.in.gov.br/imprensa/jsp/visualiza/index.jsp?data=01/06/2018&amp;jornal=529&amp;pagina=53" editionNumber="104" highlightType="" highlightPriority="" highlight="" idMateria="10794005">
  <body>
    <Identifica><![CDATA[ PORTARIA Nº 234 DE 22 DE MAIO DE 2018]]></Identifica>
    <Data><![CDATA[]]></Data>
    <Ementa />
    <Titulo />
    <SubTitulo />
    <Texto><![CDATA[<p class="identifica">PORTARIA Nº 234 DE 22 DE MAIO DE 2018</p><p>O CHEFE SUBSTITUTO DO SERVIÇO DE GESTÃO ADMINISTRATIVA DO NÚCLEO ESTADUAL DO MINISTÉRIO DA SAÚDE EM GOIÁS, no uso das atribuições conferidas pela Portaria n.º 964 de 20/06/2017, publicada no DOU nº 117 de 21/06/2017 e Portaria nº 1.804/SAA/SE/MS, de 01.10.2013, publicada no DOU nº 192 de 03.10.2013, resolve:</p><p>Conceder aposentadoria voluntária integral a JOÃO EVANGELISTA ROLINS DA SILVA DE MORAIS, matrícula no SIAPE nº 0495627, Agente de Saúde Pública, Classe S, Padrão III, do Nível Intermediário, na forma do Artigo 3º da Emenda Constitucional nº 47/05, com proventos mensais integrais e demais vantagens inerentes ao cargo, (Processo n.º 25005.001489/2018-55).</p><p class="assina">EDUARDO FALEIRO DE ARAÚJO</p>]]></Texto>
  </body>
</article></xml>