﻿<xml><article id="3466657" name="915.NOMEAÇÃOCC-DESIGNAÇÃOFC-PRT " idOficio="4814482" pubName="DO2" artType="Portaria" pubDate="01/06/2018" artClass="00034:00008:00001:00001:00000:00000:00000:00000:00000:00000:00025:00002" artCategory="Ministério Público da União/Ministério Público do Trabalho/Procuradoria-Geral/Gabinete do Procurador Geral" artSize="24" artNotes="" numberPage="85" pdfPage="http://pesquisa.in.gov.br/imprensa/jsp/visualiza/index.jsp?data=01/06/2018&amp;jornal=529&amp;pagina=85" editionNumber="104" highlightType="" highlightPriority="" highlight="" idMateria="10798563">
  <body>
    <Identifica><![CDATA[ PORTARIA Nº 915, DE 29 DE MAIO DE 2018 ]]></Identifica>
    <Data><![CDATA[]]></Data>
    <Ementa />
    <Titulo />
    <SubTitulo />
    <Texto><![CDATA[<p class="identifica">PORTARIA Nº 915, DE 29 DE MAIO DE 2018</p><p>O PROCURADOR-GERAL DO TRABALHO, em exercíco, no uso das atribuições previstas no art. 91, inciso XXI da Lei Complementar nº 75 de 20 de maio de 1993, e o que consta no PGEA nº 001195.2017.21.900/0, resolve:</p><p>Art. 1º Nomear, no âmbito do Procuradoria Regional do Trabalho da 21ª Região, os servidores abaixo relacionados para os cargos em comissão indicados.</p><p></p><table><tr /><tr><td><p>NOME/MATRÍCULA</p></td><td><p>CARGO EM COMISSÃO</p></td><td><p>ÁREA</p></td></tr><tr><td><p>1</p></td><td><p>ZENAIDE DE MORAIS RODRIGUES</p></td><td><p>6003849</p></td><td><p>CHEFE DA ASSESSORIA JURÍDICA DO 1º OFÍCIO GERAL DA PRT DA 21ª REGIÃO</p></td><td><p>CC-2</p></td><td><p>1º OFÍCIO GERAL DA PRT DA 21ª REGIÃO</p></td></tr><tr><td><p>2</p></td><td><p>MARIA DAS GRACAS BEZERRA SANTOS</p></td><td><p>6001784</p></td><td><p>CHEFE DA ASSESSORIA JURÍDICA DO 2º OFÍCIO GERAL DA PRT DA 21ª REGIÃO</p></td><td><p>CC-4</p></td><td><p>2º OFÍCIO GERAL DA PRT DA 21ª REGIÃO</p></td></tr><tr><td><p>3</p></td><td><p>NADJARD BARROS FILHO</p></td><td><p>6001725</p></td><td><p>CHEFE DA ASSESSORIA JURÍDICA DO 3º OFÍCIO GERAL DA PRT DA 21ª REGIÃO</p></td><td><p>CC-4</p></td><td><p>3º OFÍCIO GERAL DA PRT DA 21ª REGIÃO</p></td></tr><tr><td><p>4</p></td><td><p>ANA CRISTINA DIOGENES REGO</p></td><td><p>6007149</p></td><td><p>CHEFE DA ASSESSORIA JURÍDICA DO 7º OFÍCIO GERAL DA PRT DA 21ª REGIÃO</p></td><td><p>CC-2</p></td><td><p>7º OFÍCIO GERAL DA PRT DA 21ª REGIÃO</p></td></tr><tr><td><p>5</p></td><td><p>FRANCISCO JOSE DA COSTA JUNIOR</p></td><td><p>6002608</p></td><td><p>CHEFE DA ASSESSORIA JURÍDICA DO 8º OFÍCIO GERAL DA PRT DA 21ª REGIÃO</p></td><td><p>CC-2</p></td><td><p>DO 8º OFÍCIO GERAL DA PRT DA 21ª REGIÃO</p></td></tr><tr><td><p>6</p></td><td><p>DIOGO AGUILAR NUNES DA SILVA</p></td><td><p>6005973</p></td><td><p>CHEFE DA ASSESSORIA JURÍDICA DO 9º OFÍCIO GERAL DA PRT DA 21ª REGIÃO</p></td><td><p>CC-2</p></td><td><p>9º OFÍCIO GERAL DA PRT DA 21ª REGIÃO</p></td></tr><tr><td><p>7</p></td><td><p>FRANKLIN MARCOLINO DE SOUZA</p></td><td><p>6001634</p></td><td><p>CHEFE DA SECRETARIA PROCESSUAL DA COORDENADORIA DE PRIMEIRO E SEGUNDO GRAUS</p></td><td><p>CC-3</p></td><td><p>COORDENADORIA DE PRIMEIRO E SEGUNDO GRAUS</p></td></tr><tr><td><p>8</p></td><td><p>ADENOR ROCHA DA SILVEIRA</p></td><td><p>6002111</p></td><td><p>CHEFE DA DIVISÃO DE ADMINISTRAÇÃO</p></td><td><p>CC-2</p></td><td><p>DIVISÃO DE ADMINISTRAÇÃO</p></td></tr></table><p>Art. 2º Designar, no âmbito do Procuradoria Regional do Trabalho da 21ª Região, os servidores abaixo relacionados para as funções de confiança indicadas.</p><p></p><table><tr /><tr><td><p>NOME/MATRÍCULA</p></td><td><p>FUNÇÃO DE CONFIANÇA</p></td><td><p>ÁREA</p></td></tr><tr><td><p>1</p></td><td><p>LAELSON DE MELO AZEDO FILHO</p></td><td><p>6006810</p></td><td><p>CHEFE DA SECRETARIA REGIONAL DE SEGURANÇA INSTITUCIONAL DO GABINETE DO PROCURADOR-CHEFE</p></td><td><p>FC-2</p></td><td><p>GABINETE DO PROCURADOR-CHEFE</p></td></tr><tr><td><p>3</p></td><td><p>WILDSON AMARAL DE SOUZA</p></td><td><p>6001082</p></td><td><p>CHEFE DA SEÇÃO DE ACERVO E ATENDIMENTO</p></td><td><p>FC-1</p></td><td><p>COORDENADORIA DE PRIMEIRO E SEGUNDO GRAUS</p></td></tr><tr><td><p>2</p></td><td><p>LEANDRO ALVES DA SILVA</p></td><td><p>6004022</p></td><td><p>CHEFE DA SEÇÃO DE APOIO AOS OFÍCIOS</p></td><td><p>FC-2</p></td><td><p>COORDENADORIA DE PRIMEIRO E SEGUNDO GRAUS</p></td></tr><tr><td><p>4</p></td><td><p>ROMILSON SAMPAIO ALMEIDA</p></td><td><p>6002584</p></td><td><p>CHEFE DA SEÇÃO DE LICITAÇÕES, COMPRAS E CONTRATOS</p></td><td><p>FC-2</p></td><td><p>DIVISÃO DE ADMINISTRAÇÃO</p></td></tr><tr><td><p>5</p></td><td><p>ALESSANDRO ALEXANDRE GONCALVES</p></td><td><p>6006714</p></td><td><p>CHEFE DO SETOR DE CONTRATOS</p></td><td><p>FC-2</p></td><td><p>DIVISÃO DE ADMINISTRAÇÃO</p></td></tr><tr><td><p>6</p></td><td><p>MAX DANTAS DE AZEVEDO</p></td><td><p>6002520</p></td><td><p>CHEFE DA DIVISÃO DE ORÇAMENTO E FINANÇAS</p></td><td><p>FC-3</p></td><td><p>DIVISÃO DE ORÇAMENTO E FINANÇAS</p></td></tr><tr><td><p>7</p></td><td><p>MARIA DAS GRACAS DE MORAIS</p></td><td><p>6000993</p></td><td><p>CHEFE DA DIVISÃO DE GESTÃO DE PESSOAS</p></td><td><p>FC-2</p></td><td><p>DIVISÃO DE GESTÃO DE PESSOAS</p></td></tr></table><p class="assina">LUIZ EDUARDO GUIMARAES BOJART</p>]]></Texto>
  </body>
</article></xml>