﻿<xml><article id="3464577" name="PORTARIA Nº 168, DE 29 DE MAIO D" idOficio="4814181" pubName="DO2" artType="Portaria" pubDate="01/06/2018" artClass="00030:00002:00000:00000:00000:00000:00000:00000:00000:00000:00019:00005" artCategory="Ministério dos Direitos Humanos/Secretaria Executiva" artSize="8" artNotes="" numberPage="78" pdfPage="http://pesquisa.in.gov.br/imprensa/jsp/visualiza/index.jsp?data=01/06/2018&amp;jornal=529&amp;pagina=78" editionNumber="104" highlightType="" highlightPriority="" highlight="" idMateria="10798050">
  <body>
    <Identifica><![CDATA[ PORTARIA Nº 168, DE 29 DE MAIO DE 2018]]></Identifica>
    <Data><![CDATA[]]></Data>
    <Ementa />
    <Titulo />
    <SubTitulo />
    <Texto><![CDATA[<p class="identifica">PORTARIA Nº 168, DE 29 DE MAIO DE 2018</p><p>O SECRETÁRIO-EXECUTIVO DO MINISTÉRIO DOS DIREITOS HUMANOS, no uso de suas atribuições conferidas pelo inciso XXVI, do art. 2°, da Portaria n° 160, de 07 de março de 2018, publicada no Diário Oficial da União de 9 de março de 2018, pelo Decreto de 21 de fevereiro de 2018, publicado no Diário Oficial da União dia 22 de fevereiro de 2018 de 07 de março de 2018 e considerando o disposto no art. 38 da Lei n° 8.112, de 11 de dezembro de 1990, e o Decreto n° 9.122, de 09 de agosto de 2017, resolve:</p><p>Art. 1° Dispensar JULIANA MENDES RODRIGUES do encargo de substituta do cargo de Coordenador-Geral de Acompanhamento dos Sistemas de Proteção Internacional de Direitos Humanos da Secretaria Nacional de Cidadania deste Ministério, código DAS 101.4.</p><p>Art. 2° Designar JULIANA MENDES RODRIGUES para exercer o encargo de substituta do cargo de Chefe de Assessoria de Assuntos Internacionais do Gabinete do Ministro deste Ministério, código DAS 101.4, em seus afastamentos ou impedimentos eventuais, e na vacância do cargo.</p><p class="assina">ENGELS AUGUSTO MUNIZ</p>]]></Texto>
  </body>
</article></xml>