﻿<xml><article id="3464562" name="Despacho Afastamento_Leonardo_Na" idOficio="4814166" pubName="DO2" artType="Despacho" pubDate="01/06/2018" artClass="00012:00059:00000:00000:00000:00000:00000:00000:00000:00000:00019:00001" artCategory="Ministério da Fazenda/Secretaria do Tesouro Nacional" artSize="8" artNotes="" numberPage="48" pdfPage="http://pesquisa.in.gov.br/imprensa/jsp/visualiza/index.jsp?data=01/06/2018&amp;jornal=529&amp;pagina=48" editionNumber="104" highlightType="" highlightPriority="" highlight="" idMateria="10798058">
  <body>
    <Identifica><![CDATA[ DESPACHO DE 30 de maio de 2018]]></Identifica>
    <Data><![CDATA[]]></Data>
    <Ementa />
    <Titulo />
    <SubTitulo />
    <Texto><![CDATA[<p></p><p class="identifica">DESPACHO DE 30 de maio de 2018</p><p>O SECRETÁRIO DO TESOURO NACIONAL, tendo em vista o Decreto nº 1.387, de 07 de fevereiro de 1995, com nova redação dada pelo Decreto nº 3.025, de 12 de abril de 1999, e no uso da competência que lhe foi delegada pelo art. 11, Portaria nº 160, de 6 de maio de 2016, autoriza o afastamento do País de Leonardo Silveira do Nascimento, Auditor Federal de Finanças e Controle da Secretaria do Tesouro Nacional, sob a função de Coordenador-Geral de Normas de Contabilidade Aplicadas à Federação, no período de 16 a 24 de junho de 2018, com ônus limitado, incluído trânsito, na forma do disposto no art. 1º inciso IV do Decreto nº 1.387, de 7 de fevereiro de 1995, a fim de participar da Reunião do IPSASB (International Public Sector Accounting Standards Board) e do CAG (Consultative Advisory Group), que se realizará na cidade de Toronto, Canadá. Os custos relativos à hospedagem, às passagens, à alimentação e ao seguro viagem serão custeados pelo Conselho Federal de Contabilidade (CFC) (Processo nº 17944.104045/2018-32).</p><p class="assina">MANSUETO FACUNDO DE ALMEIDA JUNIOR</p>]]></Texto>
  </body>
</article></xml>