﻿<xml><article id="3462091" name="PT54OSASCO" idOficio="4813808" pubName="DO2" artType="Portaria" pubDate="01/06/2018" artClass="00022:00029:00239:00014:00013:00000:00000:00000:00000:00000:00025:00006" artCategory="Ministério do Desenvolvimento Social/Instituto Nacional do Seguro Social/Superintendência-Regional Sudeste I em São Paulo/Gerência Executiva - B - Osasco/Seção Operacional da Gestão de Pessoas" artSize="8" artNotes="OK" numberPage="65" pdfPage="http://pesquisa.in.gov.br/imprensa/jsp/visualiza/index.jsp?data=01/06/2018&amp;jornal=529&amp;pagina=65" editionNumber="104" highlightType="" highlightPriority="" highlight="" idMateria="10797598">
  <body>
    <Identifica><![CDATA[ PORTARIA Nº  54, DE 30 DE MAIO DE 2018]]></Identifica>
    <Data><![CDATA[]]></Data>
    <Ementa />
    <Titulo />
    <SubTitulo />
    <Texto><![CDATA[<p class="identifica">PORTARIA Nº 54, DE 30 DE MAIO DE 2018</p><p>O CHEFE DA SEÇÃO OPERACIONAL DE GESTÃO DE PESSOAS DO INSS EM OSASCO, no uso das atribuições que lhe foram conferidas na forma do art. 171, inciso III, do Regimento Interno do INSS, aprovado pela PT/MPS nº 296, DE 09/11/2009, publicado no DOU Nº 214 de 10/11/2009 e, mediante o que consta no processo: 35415.000082/2018-32, resolve:</p><p>Conceder Aposentadoria Voluntária à Servidora: ELIANE MOREIRA TARPINIAN- matricula: 0.934.822 - CPF: 047.805.328-25 ocupante do Cargo de TECNICO DO SEGURO SOCIAL, Classe NI-S - IV, do quadro de Pessoal do INSS, com fundamento no Art. 3º da EC 47/2005, proventos calculados pelo Art. 1º da Lei nº 10887//2004 e, declarar vago o referido Cargo</p><p class="assina">CÉSAR DIAS DOS SANTOS</p>]]></Texto>
  </body>
</article></xml>