﻿<xml><article id="3460208" name="trt9a110-2018 DIDAF 73" idOficio="4812306" pubName="DO2" artType="Portaria" pubDate="01/06/2018" artClass="00038:00048:00001:00001:00017:00000:00000:00000:00000:00000:00025:00001" artCategory="Poder Judiciário/Tribunal Regional do Trabalho da 9ª Região/Tribunal Pleno/Presidência/Coordenadoria de Dados Funcionais" artSize="8" artNotes="" numberPage="101" pdfPage="http://pesquisa.in.gov.br/imprensa/jsp/visualiza/index.jsp?data=01/06/2018&amp;jornal=529&amp;pagina=101" editionNumber="104" highlightType="" highlightPriority="" highlight="" idMateria="10794460">
  <body>
    <Identifica><![CDATA[ PORTARIA  Nº 73, DE 29 DE MAIO DE 2018]]></Identifica>
    <Data><![CDATA[]]></Data>
    <Ementa />
    <Titulo />
    <SubTitulo />
    <Texto><![CDATA[<p class="identifica">PORTARIA Nº 73, DE 29 DE MAIO DE 2018</p><p>O CHEFE DA DIVISÃO DE DADOS FUNCIONAIS DO TRIBUNAL REGIONAL DO TRABALHO DA 9ª REGIÃO, usando de suas atribuições legais, e diante do disposto nos DES ADG 2661/2016 e DES GABSGP 1175/2016, resolve:</p><p>I - designar LUIS FELIPE BARIDÓ INDÁ, Analista Judiciário Área Judiciária, classe B, padrão 10, para EXERCER o Cargo em Comissão de Assistente de Diretor de Secretaria (c-5117), código TRT 9ª CJ-1, 18ª Vara do Trabalho de Curitiba, a partir da data da publicação, dispensando-o da Função Comissionada de Calculista (c-5406), código TRT 9ª FC-4, desta unidade, a partir da mesma data (Documento Eletrônico nº 2/2018);</p><p>II - dispensar LEONARDO GRAMKOW, Técnico Judiciário Área Administrativa, classe B, padrão 10, do Cargo em Comissão de Assistente de Diretor de Secretaria (c-5117), código TRT 9ª CJ-1, 18ª Vara do Trabalho de Curitiba, a partir da data de publicação (Documento Eletrônico nº 2/2018).</p><p class="assina">FERNANDO CESAR BELINCANTA</p>]]></Texto>
  </body>
</article></xml>