﻿<xml><article id="3487579" name="PT 772 - 30.05.18 - SEI Nº DIGAD" idOficio="4814366" pubName="DO2" artType="Portaria" pubDate="04/06/2018" artClass="00017:00002:00029:00108:00000:00000:00000:00000:00000:00000:00025:00005" artCategory="Ministério da Saúde/Secretaria Executiva/Núcleo Estadual no Rio de Janeiro/Divisão de Gestão Administrativa" artSize="8" artNotes="" numberPage="29" pdfPage="http://pesquisa.in.gov.br/imprensa/jsp/visualiza/index.jsp?data=04/06/2018&amp;jornal=529&amp;pagina=29" editionNumber="105" highlightType="" highlightPriority="" highlight="" idMateria="10798364">
  <body>
    <Identifica><![CDATA[ PORTARIA Nº 772, DE 30 DE MAIO DE 2018 ]]></Identifica>
    <Data><![CDATA[]]></Data>
    <Ementa />
    <Titulo />
    <SubTitulo />
    <Texto><![CDATA[<p class="identifica">PORTARIA Nº 772, DE 30 DE MAIO DE 2018</p><p>A CHEFE DA DIVISÃO DE GESTÃO ADMINISTRATIVA DA COORDENAÇÃO-GERAL DO NÚCLEO ESTADUAL DO MINISTÉRIO DA SAÚDE NO ESTADO DO RIO DE JANEIRO, no uso das atribuições conferidas pela PT/CGRH/SAA/MS nº 1804 de 01.10.2013, publicada no Diário Oficial da União (DOU) nº 192 de 03.10.2013 e à vista das informações constantes no Processo nº 25001.005109/2018-91, resolve:</p><p>Integralizar o provento da servidora FRANCISCA MARIA ALVES ABREU, matrícula SIAPE 0.638.708, Enfermeira, Nível Superior, Classe "S", Padrão "III", a contar de 05.04.2018, na forma prevista do artigo 190 da Lei nº 8.112/90, com redação dada pela Lei nº 11.907/2009, bem como Isentar do Imposto de Renda Retido na Fonte (IRRF), na forma do inciso XIV, do artigo 6º, da Lei nº 7.713/88, na redação dada pela Lei nº 8541/92, alterada pelo artigo 1º, da Lei 11.052, de 29.12.2004.</p><p>KARINA ORNELAS DOS SANTOS LATORRACA</p>]]></Texto>
  </body>
</article></xml>