﻿<xml><article id="3464049" name="PT64CARUARU" idOficio="4814069" pubName="DO2" artType="Portaria" pubDate="01/06/2018" artClass="00022:00029:00237:00015:00021:00000:00000:00000:00000:00000:00025:00003" artCategory="Ministério do Desenvolvimento Social/Instituto Nacional do Seguro Social/Superintendência Regional Nordeste em Recife/Gerência Executiva - B - em Caruaru/Seção Operacional  de Gestão de Pessoas" artSize="8" artNotes="OK" numberPage="62" pdfPage="http://pesquisa.in.gov.br/imprensa/jsp/visualiza/index.jsp?data=01/06/2018&amp;jornal=529&amp;pagina=62" editionNumber="104" highlightType="" highlightPriority="" highlight="" idMateria="10797943">
  <body>
    <Identifica><![CDATA[ PORTARIA nº 64, DE 30 DE MAIO DE 2018]]></Identifica>
    <Data><![CDATA[]]></Data>
    <Ementa />
    <Titulo />
    <SubTitulo />
    <Texto><![CDATA[<p></p><p class="identifica">PORTARIA nº 64, DE 30 DE MAIO DE 2018</p><p>O CHEFE DA SEÇÃO OPERACIONAL DE GESTÃO DE PESSOAS, DA GERÊNCIA EXECUTIVA DE CARUARU, NO ESTADO DE PERNAMBUCO, no uso das atribuições fixadas na PT/MPS nº 296, de 09 de Novembro de 2009, publicada no Diário Oficial da União nº 214, de 10/11/2009, seção I e Portaria MDS nº 1.114 de 23/03/2018, publicada no Diário Oficial da União nº 58, de 27/03/2018, seção 2, página 48;</p><p>Considerando o disposto na Constituição Federal, com a redação dada pela Emenda Constitucional 41/2003, e demais informações constantes no procedimento administrativo nº 35208.000149/2018-84, resolve:</p><p>Art. 1º Conceder aposentadoria voluntária ao(à) servidor(a) SEVERINO RAMOS FERREIRA, Técnico do Seguro Social NI-S-IV, com matrícula Siape nº 0585875, código de vaga nº 506253, com fundamento na Constituição Federal, art. 40,c1º, III, "a", com a redação dada pela Emenda Constitucional nº 41/2003, em razão do preenchimento dos requisitos constitucionais ínsitos ao benefício pleiteado, com proventos na forma disciplinada pelos §3º e 17º da Constituição da República e pela Lei 10.887/08</p><p>Art. 2º Declarar vago o referido cargo.</p><p>Art. 3º Esta portaria entra em vigor na data de sua publicação.</p><p class="assina">André do Nascimento Lima</p>]]></Texto>
  </body>
</article></xml>