﻿<xml><article id="3459752" name="212_a_218_DG_GR_Designar" idOficio="4810474" pubName="DO2" artType="Portaria" pubDate="01/06/2018" artClass="00006:00019:00000:00000:00000:00000:00000:00000:00000:00000:00000:00006" artCategory="Presidência da República/Gabinete de Segurança Institucional/Agência Brasileira de Inteligência" artSize="8" artNotes="" numberPage="3" pdfPage="http://pesquisa.in.gov.br/imprensa/jsp/visualiza/index.jsp?data=01/06/2018&amp;jornal=529&amp;pagina=3" editionNumber="104" highlightType="" highlightPriority="" highlight="" idMateria="10791100">
  <body>
    <Identifica><![CDATA[ PORTARIAS DE 24 DE MAIO DE 2018]]></Identifica>
    <Data><![CDATA[]]></Data>
    <Ementa />
    <Titulo />
    <SubTitulo />
    <Texto><![CDATA[<p class="identifica">PORTARIAS DE 24 DE MAIO DE 2018</p><p><strong>O DIRETOR-GERAL DA AGÊNCIA BRASILEIRA DE INTELIGÊNCIA DO GABINETE DE SEGURANÇA INSTITUCIONAL DA PRESIDÊNCIA DA REPÚBLICA</strong>, no uso da competência que lhe foi subdelegada pela alínea "d" do inciso I do art. 2° da Portaria n° 74-GSIPR, de 25 de novembro de 2016, publicada no Diário Oficial da União n° 231, de 2 de dezembro de 2016, resolve:</p><p>Nº 212 - Art. 1º Dispensar, a contar de 1º de junho de 2018, matrícula nº 909002, da função de Assistente - GR IV.</p><p>Nº 213 - Art. 1º Dispensar matrícula 20792 da função de Auxiliar - GR I</p><p>Nº 215 - Art. 1º Designar matrícula 912392 para a função de Especialista - GR II, dispensando-o da função que atualmente ocupa.</p><p>Nº 216 - Art. 1º Designar matrícula 910206 para a função de Assistente - GR IV, dispensando-o da função que atualmente ocupa</p><p>Nº 217 - Art. 1º Designar matrícula 910914 para a função de Auxiliar - GR I, dispensando-o da função que atualmente ocupa.</p><p>Nº 218 - Art. 1º Designar matrícula 38560 para a função de Especialista - GR II, dispensando-o da função que atualmente ocupa.</p><p>Art. 2° Estas Portarias entram em vigor na data de sua publicação.</p><p class="assina">JANER TESCH HOSKEN ALVARENGA</p>]]></Texto>
  </body>
</article></xml>