﻿<xml><article id="3464853" name="ATO TRT GP 234-2018 RETIFICAR - " idOficio="4814205" pubName="DO2" artType="Ato" pubDate="01/06/2018" artClass="00038:00060:00001:00000:00000:00000:00000:00000:00000:00000:00001:00001" artCategory="Poder Judiciário/Tribunal Regional do Trabalho da 21ª Região/Presidência" artSize="8" artNotes="" numberPage="102" pdfPage="http://pesquisa.in.gov.br/imprensa/jsp/visualiza/index.jsp?data=01/06/2018&amp;jornal=529&amp;pagina=102" editionNumber="104" highlightType="" highlightPriority="" highlight="" idMateria="10798121">
  <body>
    <Identifica><![CDATA[ ATO Nº 234, DE 29 DE MAIO DE 2018]]></Identifica>
    <Data><![CDATA[]]></Data>
    <Ementa />
    <Titulo />
    <SubTitulo />
    <Texto><![CDATA[<p class="identifica">ATO Nº 234, DE 29 DE MAIO DE 2018</p><p>A DESEMBARGADORA PRESIDENTE DO TRIBUNAL REGIONAL DO TRABALHO DA 21ª REGIÃO, no uso de suas atribuições, e tendo em vista o que consta do Processo TRT Nº 085/2018, resolve:</p><p>RETIFICAR, o ATO TRT21-GP Nº 073/2018, publicado no Diário Oficial da União, número 33, de 19/02/2018, seção 2, página 60, que concedeu pensão por morte a MARIA DAS GRAÇAS MARQUES PEREIRA, companheira do ex-servidor aposentado deste Tribunal MARCELINO SILVA DE MELO, excluindo a expressão "acrescida da vantagem de 11% (onze por cento) de Adicional por Tempo de Serviço, de acordo com o art. 67 da Lei nº 8.112/1990".</p><p class="assina">AUXILIADORA RODRIGUES</p>]]></Texto>
  </body>
</article></xml>