﻿<xml><article id="3463470" name="Ato 15 - fg 6 do Filipe Vieira p" idOficio="4814014" pubName="DO2" artType="Ato" pubDate="01/06/2018" artClass="00008:00011:00000:00000:00000:00000:00000:00000:00000:00000:00001:00001" artCategory="Ministério da Ciência, Tecnologia, Inovações e Comunicações/Centro Nacional de Tecnologia Eletrônica Avançada S/A" artSize="8" artNotes="" numberPage="8" pdfPage="http://pesquisa.in.gov.br/imprensa/jsp/visualiza/index.jsp?data=01/06/2018&amp;jornal=529&amp;pagina=8" editionNumber="104" highlightType="" highlightPriority="" highlight="" idMateria="10797859">
  <body>
    <Identifica><![CDATA[ ATO Nº 15, DE 29 DE MAIO DE 2018]]></Identifica>
    <Data><![CDATA[]]></Data>
    <Ementa />
    <Titulo />
    <SubTitulo />
    <Texto><![CDATA[<p></p><p class="identifica">ATO Nº 15, DE 29 DE MAIO DE 2018</p><p>O PRESIDENTE DO CENTRO NACIONAL DE TECNOLOGIA ELETRÔNICA AVANÇADA S.A- CEITEC, no uso das competências que lhe foram atribuídas pelo Decreto nº 6638, de 07 de novembro de 2008, resolve:</p><p>Designar DIEGO DIAS DE MENEZES, CPF Nº 038.313.844-28, Matrícula SIAPE 1999622, para a Função Gratificada nº VI da tabela de Funções Gratificadas do Centro Nacional de Tecnologia Eletrônica Avançada- CEITEC S.A.</p><p class="assina">Paulo de Tarso Mendes Luna</p>]]></Texto>
  </body>
</article></xml>