﻿<xml><article id="3459671" name="Port. 393- ATQINTECTA 47 - MARIA" idOficio="4810674" pubName="DO2" artType="Portaria" pubDate="01/06/2018" artClass="00011:00134:00012:00007:00000:00000:00000:00000:00000:00000:00025:00001" artCategory="Ministério da Educação/Universidade Federal de Santa Catarina/Reitoria/Pró-Reitoria de Desenvolvimento e Gestão de Pessoas/Departamento de Administração de Pessoal" artSize="8" artNotes="" numberPage="41" pdfPage="http://pesquisa.in.gov.br/imprensa/jsp/visualiza/index.jsp?data=01/06/2018&amp;jornal=529&amp;pagina=41" editionNumber="104" highlightType="" highlightPriority="" highlight="" idMateria="10791381">
  <body>
    <Identifica><![CDATA[ PORTARIA Nº 393, DE 28 DE MAIO DE 2018]]></Identifica>
    <Data><![CDATA[]]></Data>
    <Ementa />
    <Titulo />
    <SubTitulo />
    <Texto><![CDATA[<p class="identifica">PORTARIA Nº 393, DE 28 DE MAIO DE 2018</p><p>A Diretora do Departamento de Administração de Pessoal da Universidade Federal de Santa Catarina, no uso de suas atribuições, resolve:</p><p>Aposentar MARIA ODETE HEFFEL, matrícula SIAPE 277718, código de vaga 214499, ocupante do cargo de Assistente em Administração, nível de classificação D, nível de capacitação IV, padrão de vencimento 16, no regime de trabalho de 40 (quarenta) horas semanais, da carreira técnico-administrativa da Universidade Federal de Santa Catarina, nos termos do art. 3º, incisos I a III e parágrafo único da Emenda Constitucional nº 47 de 05 de julho de 2005, com proventos integrais, incorporando 11 % (onze por cento) de adicional por tempo de serviço.</p><p>(Processo nº 23080.014347/2018-20)</p><p class="assina">Rita de Cássia Knabben</p>]]></Texto>
  </body>
</article></xml>