﻿<xml><article id="3466089" name="DG_AFAST PAÍS_909823, 910630, 91" idOficio="4814437" pubName="DO2" artType="Despacho" pubDate="01/06/2018" artClass="00006:00019:00000:00000:00000:00000:00000:00000:00000:00000:00000:00009" artCategory="Presidência da República/Gabinete de Segurança Institucional/Agência Brasileira de Inteligência" artSize="8" artNotes="" numberPage="3" pdfPage="http://pesquisa.in.gov.br/imprensa/jsp/visualiza/index.jsp?data=01/06/2018&amp;jornal=529&amp;pagina=3" editionNumber="104" highlightType="" highlightPriority="" highlight="" idMateria="10798461">
  <body>
    <Identifica><![CDATA[ DESPACHO]]></Identifica>
    <Data><![CDATA[]]></Data>
    <Ementa />
    <Titulo />
    <SubTitulo />
    <Texto><![CDATA[<p class="identifica">DESPACHO</p><p><strong>O DIRETOR-GERAL DA AGÊNCIA BRASILEIRA DE INTELIGÊNCIA DO GABINETE DE SEGURANÇA INSTITUCIONAL DA PRESIDÊNCIA DA REPÚBLICA</strong>, no uso das atribuições que lhe confere a Portaria nº 74-GSIPR, de 25 de novembro de 2016, publicada no DOU nº 231, de 02 de dezembro de 2016, resolve:</p><p>Autorizar o afastamento do País dos servidores matrícula nº 909823, matrícula nº 910630, matrícula nº 911463, matrícula nº 909924 e matrícula nº 911470, com ônus, conforme consta no Memorando nº 356/91200 de 17 de maio de 2018.</p><p>Publicado de acordo com o art. 9º da Lei nº 9.883/99.</p><p class="assina">JANÉR TESCH HOSKEN ALVARENGA</p>]]></Texto>
  </body>
</article></xml>