﻿<xml><article id="3459923" name="PTS47A53SÃOPAULOCENTRO" idOficio="4810839" pubName="DO2" artType="Portaria" pubDate="01/06/2018" artClass="00022:00029:00239:00004:00024:00012:00000:00000:00000:00000:00025:00001" artCategory="Ministério do Desenvolvimento Social/Instituto Nacional do Seguro Social/Superintendência-Regional Sudeste I em São Paulo/Gerência Executiva - A - em São Paulo - Centro/Serviço de Administração/Seção Operacional da Gestão de Pessoas" artSize="8" artNotes="OK" numberPage="64" pdfPage="http://pesquisa.in.gov.br/imprensa/jsp/visualiza/index.jsp?data=01/06/2018&amp;jornal=529&amp;pagina=64" editionNumber="104" highlightType="" highlightPriority="" highlight="" idMateria="10792185">
  <body>
    <Identifica><![CDATA[ PORTARIA Nº 47, de 28 de maio de 2018]]></Identifica>
    <Data><![CDATA[]]></Data>
    <Ementa />
    <Titulo />
    <SubTitulo />
    <Texto><![CDATA[<p></p><p class="identifica">PORTARIA Nº 47, de 28 de maio de 2018</p><p>O Chefe da Seção Operacional da Gestão de Pessoas da Gerência Executiva do INSS São Paulo - Centro, no uso das atribuições que lhe foram conferidas pelo art. 235, inciso I, alínea "b", do Regime Interno do INSS, aprovado pela Portaria MDS nº 414 de 28.09.2017, publicada no DOU Nº 188-A, de 29.09.2017, e tendo em vista o que consta no processo nº 35366.000271/2018-38, resolve:</p><p>Conceder aposentadoria voluntária a servidora MARCIA REGINA MAIA, matricula SIAPE 0.941.098, ocupante do cargo de TÉCNICO DO SEGURO SOCIAL, NI, Classe S, Padrão IV, do Quadro de Pessoal do Instituto Nacional do Seguro Social, com fundamento no artigo 3º da Emenda Constitucional nº 47 de 05/07/2005, com proventos integrais, acrescido das demais vantagens a que faz jus.</p><p class="assina">ALOÍSIO BARBOSA LEMES</p><p class="identifica">PORTARIA Nº 48, DE 28 DE MAIO DE 2018</p><p>O Chefe da Seção Operacional da Gestão de Pessoas da Gerência Executiva do INSS São Paulo - Centro, no uso das atribuições que lhe foram conferidas pelo art. 235, inciso I, alínea "b", do Regime Interno do INSS, aprovado pela Portaria MDS nº 414 de 28.09.2017, publicada no DOU Nº 188-A, de 29.09.2017, e tendo em vista o que consta no processo nº 35366.000274/2018-71, resolve:</p><p>Conceder aposentadoria voluntária a servidora IVONE PIRES DE CAMPOS, matricula SIAPE 0.936.576, ocupante do cargo de TÉCNICO DE CONTABILIDADE, NI, Classe S, Padrão IV, do Quadro de Pessoal do Instituto Nacional do Seguro Social, com fundamento no artigo 3º da Emenda Constitucional nº 47 de 05/07/2005, com proventos integrais, acrescido das demais vantagens a que faz jus.</p><p class="assina">ALOÍSIO BARBOSA LEMES</p><p class="identifica">PORTARIA Nº 49, DE 28 DE MAIO DE 2018</p><p>O Chefe da Seção Operacional da Gestão de Pessoas da Gerência Executiva do INSS São Paulo - Centro, no uso das atribuições que lhe foram conferidas pelo art. 235, inciso I, alínea "b", do Regime Interno do INSS, aprovado pela Portaria MDS nº 414 de 28.09.2017, publicada no DOU Nº 188-A, de 29.09.2017, e tendo em vista o que consta no processo nº 35366.000262/2018-47, resolve:</p><p>Conceder aposentadoria voluntária ao servidor ANTONIO CARLOS DA SILVA, matricula SIAPE 0.934.770, ocupante do cargo de TÉCNICO DO SEGURO SOCIAL, NI, Classe S, Padrão IV, do Quadro de Pessoal do Instituto Nacional do Seguro Social, com fundamento no artigo 3º da Emenda Constitucional nº 47 de 05/07/2005, com proventos integrais, acrescido das demais vantagens a que faz jus.</p><p class="assina">ALOÍSIO BARBOSA LEMES</p><p class="identifica">PORTARIA Nº 50, DE 28 DE MAIO DE 2018</p><p>O Chefe da Seção Operacional da Gestão de Pessoas da Gerência Executiva do INSS São Paulo - Centro, no uso das atribuições que lhe foram conferidas pelo art. 235, inciso I, alínea "b", do Regime Interno do INSS, aprovado pela Portaria MDS nº 414 de 28.09.2017, publicada no DOU Nº 188-A, de 29.09.2017, e tendo em vista o que consta no processo nº 35366.000288/2018-95, resolve:</p><p>Conceder aposentadoria voluntária a servidora NAIR KONDO HIROSE, matricula SIAPE 1.377.618, ocupante do cargo de ANALISTA DO SEGURO SOCIAL, NS, Classe S, Padrão II, do Quadro de Pessoal do Instituto Nacional do Seguro Social, com fundamento no artigo 40, § 1º, inciso III, alínea "b" da Constituição Federal, com redação dada pela Emenda Constitucional nº 41/03. Os proventos serão calculados com base no artigo 1º da Lei nº 10887/04.</p><p class="assina">ALOÍSIO BARBOSA LEMES</p><p class="identifica">PORTARIA Nº 51, DE 28 DE MAIO DE 2018</p><p>O Chefe da Seção Operacional da Gestão de Pessoas da Gerência Executiva do INSS São Paulo - Centro, no uso das atribuições que lhe foram conferidas pelo art. 235, inciso I, alínea "b", do Regime Interno do INSS, aprovado pela Portaria MDS nº 414 de 28.09.2017, publicada no DOU Nº 188-A, de 29.09.2017, e tendo em vista o que consta no processo nº 35366.000265/2018-81, resolve:</p><p>Conceder aposentadoria por invalidez ao servidor MAURO DOS SANTOS, matricula SIAPE 1.567.457, ocupante do cargo de Técnico do Seguro Social, NI, Classe B, Padrão IV, do Quadro de Pessoal do Instituto Nacional do Seguro Social, com fundamento no artigo 40, § 1º, inciso I da Constituição Federal, com redação dada pela Emenda Constituição 41/03. Os proventos serão calculados com base no artigo 1º da Lei 10.887/04.</p><p class="assina">ALOÍSIO BARBOSA LEMES</p><p class="identifica">PORTARIA Nº 52, DE 28 DE MAIO DE 2018</p><p>O Chefe da Seção Operacional da Gestão de Pessoas da Gerência Executiva do INSS São Paulo - Centro, no uso das atribuições que lhe foram conferidas pelo art. 235, inciso I, alínea "b", do Regime Interno do INSS, aprovado pela Portaria MDS nº 414 de 28.09.2017, publicada no DOU Nº 188-A, de 29.09.2017, e tendo em vista o que consta no processo nº 35366.000280/2018-29, resolve:</p><p>Conceder aposentadoria voluntária a servidora JAQUELINE APARECIDA CORREA RODRIGUES, matricula SIAPE 0.941.765, ocupante do cargo de TÉCNICO DO SEGURO SOCIAL, NI, Classe S, Padrão IV, do Quadro de Pessoal do Instituto Nacional do Seguro Social, com fundamento no artigo 3º da Emenda Constitucional nº 47 de 05/07/2005, com proventos integrais, acrescido das demais vantagens a que faz jus.</p><p class="assina">ALOÍSIO BARBOSA LEMES</p><p class="identifica">PORTARIA Nº 53, DE 28 DE MAIO DE 2018</p><p>O Chefe da Seção Operacional da Gestão de Pessoas da Gerência Executiva do INSS São Paulo - Centro, no uso das atribuições que lhe foram conferidas pelo art. 235, inciso I, alínea "b", do Regime Interno do INSS, aprovado pela Portaria MDS nº 414 de 28.09.2017, publicada no DOU Nº 188-A, de 29.09.2017, e tendo em vista o que consta no processo nº 35366.000272/2018-82, resolve:</p><p>Conceder aposentadoria por invalidez ao servidor FERNANDO TADEU DAS CHAGAS, matricula SIAPE 0.941.284, ocupante do cargo de Técnico do Seguro Social, NI, Classe S, Padrão IV, do Quadro de Pessoal do Instituto Nacional do Seguro Social, com fundamento no artigo 40, § 1º, inciso I da Constituição Federal, de 05/10/1988, com redação dada pela Emenda Constituição 41, de 31/12/2003, combinado com o artigo 6-A da EC 41, incluído pela EC 70/2012.</p><p class="assina">ALOÍSIO BARBOSA LEMES</p>]]></Texto>
  </body>
</article></xml>