﻿<xml><article id="3460541" name="128 - Dispensa Mateus" idOficio="4813736" pubName="DO2" artType="Ato" pubDate="01/06/2018" artClass="00038:00005:00003:00000:00000:00000:00000:00000:00000:00000:00001:00001" artCategory="Poder Judiciário/Tribunal Superior do Trabalho/Conselho Superior da Justiça do Trabalho" artSize="8" artNotes="" numberPage="95" pdfPage="http://pesquisa.in.gov.br/imprensa/jsp/visualiza/index.jsp?data=01/06/2018&amp;jornal=529&amp;pagina=95" editionNumber="104" highlightType="" highlightPriority="" highlight="" idMateria="10797425">
  <body>
    <Identifica><![CDATA[ ATO Nº 128, DE 29 DE MAIO DE 2018]]></Identifica>
    <Data><![CDATA[]]></Data>
    <Ementa />
    <Titulo />
    <SubTitulo />
    <Texto><![CDATA[<p class="identifica">ATO Nº 128, DE 29 DE MAIO DE 2018</p><p>O PRESIDENTE DO CONSELHO SUPERIOR DA JUSTIÇA DO TRABALHO, no uso da atribuição prevista no inciso XXVIII do art. 9º do Regimento Interno do CSJT,</p><p>Considerando o constante do Memorando CSJT.SETIC Nº 77, de 24 de maio de 2018; resolve:</p><p>1 - Dispensar o servidor MATEUS MARQUES NEVES DE SÁ, código 61178, Técnico Judiciário, Área Administrativa do exercício da função comissionada de Assistente 2, Nível FC-2, da Tabela de Funções Comissionadas da Secretaria-Geral do Conselho Superior da Justiça do Trabalho.</p><p>2 - Dispensar o servidor SÉRGIO SODRÉ PACHECO, código 39300, Analista Judiciário, Área de Apoio Especializado, Especialidade Análise de Sistemas, do encargo de substituto de Supervisor da Seção de Governança de Tecnologia da Informação, Nível FC-5, da Tabela de Funções Comissionadas da Coordenadoria de Gestão e Governança em Tecnologia da Informação do Conselho Superior da Justiça do Trabalho, com efeitos a contar de 7 de maio de 2018.</p><p class="assina">JOÃO BATISTA BRITO PEREIRA</p>]]></Texto>
  </body>
</article></xml>