﻿<xml><article id="3465217" name="PORTARIA Nº 205-2018 - MARIA ÂNG" idOficio="4814296" pubName="DO2" artType="Portaria" pubDate="01/06/2018" artClass="00009:00002:00000:00000:00000:00000:00000:00000:00000:00000:00019:00001" artCategory="Ministério da Cultura/Secretaria Executiva" artSize="8" artNotes="" numberPage="8" pdfPage="http://pesquisa.in.gov.br/imprensa/jsp/visualiza/index.jsp?data=01/06/2018&amp;jornal=529&amp;pagina=8" editionNumber="104" highlightType="" highlightPriority="" highlight="" idMateria="10798190">
  <body>
    <Identifica><![CDATA[ PORTARIA Nº 205, DE 29 DE MAIO DE 2018]]></Identifica>
    <Data><![CDATA[]]></Data>
    <Ementa />
    <Titulo />
    <SubTitulo />
    <Texto><![CDATA[<p class="identifica">PORTARIA Nº 205, DE 29 DE MAIO DE 2018</p><p>A SECRETÁRIA-EXECUTIVA DO MINISTÉRIO DA CULTURA, no uso da competência que lhe foi delegada pelo inciso VIII, art. 2º, da Portaria MinC nº 46, de 11 de abril de 2018, e tendo em vista o disposto no Decreto nº 8.837, de 17 de agosto de 2016, no Decreto nº 6.976, de 7 de outubro de 2009, e na Instrução Normativa STN nº 6, de 31 de outubro de 2007, resolve:</p><p>Art. 1º Designar a servidora MARIA ÂNGELA INÁCIO para a prática de atos de Gestão Orçamentária e Financeira dos recursos classificados no agregado de outros custeios e capital, das Unidades Gestoras 420032 e 340032 da Secretaria de Articulação e Desenvolvimento Institucional, como ordenadora de despesas substituta, no período de 04 a 15 de junho de 2018.</p><p class="assina">MARIANA RIBAS DA SILVA</p>]]></Texto>
  </body>
</article></xml>