﻿<xml><article id="3462461" name="DESPACHO - CARLOS ALEXANDRE CABR" idOficio="4813845" pubName="DO2" artType="Despacho" pubDate="01/06/2018" artClass="00012:00002:00000:00000:00000:00000:00000:00000:00000:00000:00019:00008" artCategory="Ministério da Fazenda/Secretaria Executiva" artSize="8" artNotes="" numberPage="43" pdfPage="http://pesquisa.in.gov.br/imprensa/jsp/visualiza/index.jsp?data=01/06/2018&amp;jornal=529&amp;pagina=43" editionNumber="104" highlightType="" highlightPriority="" highlight="" idMateria="10797493">
  <body>
    <Identifica><![CDATA[ DESPACHO DE  30 de Maio de 2018]]></Identifica>
    <Data><![CDATA[]]></Data>
    <Ementa />
    <Titulo />
    <SubTitulo />
    <Texto><![CDATA[<p class="identifica">DESPACHO DE 30 de Maio de 2018</p><p>A SECRETÁRIA EXECUTIVA DO MINISTÉRIO DA FAZENDA, tendo em vista o Decreto nº 1.387, de 07 de fevereiro de 1995, e o Decreto nº 7.689, de 2 de março de 2012, e no uso das competências que lhe foram delegadas pelo artigo 10 da Portaria MF nº 160, de 6 de maio de 2016, alterada pela Portaria nº 294, de 12 de junho de 2017, e pelo artigo 10 da Portaria MF nº 40, de 31 de janeiro de 2018, autoriza o afastamento do País de CARLOS ALEXANDRE CABRAL PEREIRA, Auditor-Fiscal da Receita Federal do Brasil, para participar do Treinamento de Procedimentos de Emergências de Helicóptero EC 135 em Simulador de Voo, no período de 2 a 11 de junho de 2018, inclusive trânsito, com ônus, a se realizar em Cheltenham, Reino Unido. (Processo SEI nº 10168.000064/2018-99)</p><p class="assina">ANA PAULA VITALI JANES VESCOVI</p>]]></Texto>
  </body>
</article></xml>