﻿<xml><article id="3462939" name="2 GABMI PORTARIA 2869" idOficio="4813940" pubName="DO2" artType="Portaria" pubDate="01/06/2018" artClass="00008:00001:00000:00000:00000:00000:00000:00000:00000:00000:00019:00015" artCategory="Ministério da Ciência, Tecnologia, Inovações e Comunicações/Gabinete do Ministro" artSize="8" artNotes="" numberPage="6" pdfPage="http://pesquisa.in.gov.br/imprensa/jsp/visualiza/index.jsp?data=01/06/2018&amp;jornal=529&amp;pagina=6" editionNumber="104" highlightType="" highlightPriority="" highlight="" idMateria="10797751">
  <body>
    <Identifica><![CDATA[ PORTARIA Nº 2.869, DE 29 DE MAIO DE 2018]]></Identifica>
    <Data><![CDATA[]]></Data>
    <Ementa />
    <Titulo />
    <SubTitulo />
    <Texto><![CDATA[<p class="identifica">PORTARIA Nº 2.869, DE 29 DE MAIO DE 2018</p><p>O MINISTRO DE ESTADO DA CIÊNCIA, TECNOLOGIA, INOVAÇÕES E COMUNICAÇÕES, no uso de suas atribuições e considerando o disposto no art. 5º da Lei nº 8.682, de 14 de julho de 1993, no art. 47 da Lei Complementar nº 73, de 10 de fevereiro de 1993, na Lei 8.112/1990, no Decreto n° 9.144, de 22 de agosto de 2017, e demais informações que constam do processo SEI nº 01250.006984/2018-91, resolve:</p><p>Art. 1º Autorizar a requisição, por tempo indeterminado, do servidor DIEGO MEIRELES LOPES, matrícula SIAPE n° 2054641, ocupante do cargo de Tecnologista, pertencente ao quadro de pessoal do Instituto Nacional de Tecnologia - INT, Unidade de Pesquisa deste Ministério, para ficar à disposição da Advocacia-Geral da União, exercendo atividades na Superintendência de Administração no Estado do Rio de Janeiro.</p><p>Art. 2º O ônus pela remuneração é do órgão requisitado.</p><p>Art. 3º O servidor deverá apresentar-se imediatamente ao órgão requisitado ao término da requisição.</p><p>Art. 4º Esta Portaria entra em vigor na data de sua publicação.</p><p class="assina">GILBERTO KASSAB</p>]]></Texto>
  </body>
</article></xml>