﻿<xml><article id="3462596" name="PORTARIA Nº 98.208" idOficio="4813855" pubName="DO2" artType="Portaria" pubDate="01/06/2018" artClass="00012:00005:00019:00000:00000:00000:00000:00000:00000:00000:00025:00002" artCategory="Ministério da Fazenda/Banco Central do Brasil/Assessoria Econômica ao Presidente" artSize="8" artNotes="" numberPage="47" pdfPage="http://pesquisa.in.gov.br/imprensa/jsp/visualiza/index.jsp?data=01/06/2018&amp;jornal=529&amp;pagina=47" editionNumber="104" highlightType="" highlightPriority="" highlight="" idMateria="10797671">
  <body>
    <Identifica><![CDATA[ PORTARIA Nº 98.208, DE 30 DE MAIO DE 2018]]></Identifica>
    <Data><![CDATA[]]></Data>
    <Ementa />
    <Titulo />
    <SubTitulo />
    <Texto><![CDATA[<p class="identifica">PORTARIA Nº 98.208, DE 30 DE MAIO DE 2018</p><p>O Chefe da Assessoria Econômica ao Presidente do Banco Central do Brasil, no uso da atribuição que lhe confere o art. 23, inciso IV, alínea "a", do Regimento Interno, anexo à Portaria nº 84.287, de 27 de fevereiro de 2015, resolve:</p><p>Art. 1º Fica designado o servidor CLAUDIO MISSAGLIA ALARCON, matrícula 2.082.156-5, para exercer a função comissionada de Assessor Pleno, sigla FCA-4, na Secre/Presi/Assec.</p><p>Art. 2º Esta Portaria entra em vigor na data de sua publicação.</p><p class="assina">FÁBIO ARAÚJO</p>]]></Texto>
  </body>
</article></xml>