﻿<xml><article id="3462374" name="(Port. nº 938-939-940-941-942-SE" idOficio="4813865" pubName="DO2" artType="Portaria" pubDate="01/06/2018" artClass="00013:00002:00000:00000:00000:00000:00000:00000:00000:00000:00019:00003" artCategory="Ministério da Indústria, Comércio Exterior e Serviços/Secretaria Executiva" artSize="8" artNotes="" numberPage="49" pdfPage="http://pesquisa.in.gov.br/imprensa/jsp/visualiza/index.jsp?data=01/06/2018&amp;jornal=529&amp;pagina=49" editionNumber="104" highlightType="" highlightPriority="" highlight="" idMateria="10797626">
  <body>
    <Identifica><![CDATA[ PORTARIAS DE 29 DE MAIO DE 2018]]></Identifica>
    <Data><![CDATA[]]></Data>
    <Ementa />
    <Titulo />
    <SubTitulo />
    <Texto><![CDATA[<p class="identifica">PORTARIAS DE 29 DE MAIO DE 2018</p><p>A SECRETÁRIA-EXECUTIVA DO MINISTÉRIO DA INDÚSTRIA, COMÉRCIO EXTERIOR E SERVIÇOS, no uso da competência que lhe foi subdelegada pela Portaria GM/MDIC nº 305, de 1º de novembro de 2016, e tendo em vista o disposto no Decreto nº 9.260, de 29 de dezembro de 2017, e na Lei nº 8.112, de 11 de dezembro de 1990, resolve:</p><p>Nº 938-SEI Exonerar, a pedido, GUSTAVO HENRIQUE ARARUNA CAMPOS do cargo em comissão de Coordenador-Geral de Programas Especiais, código DAS 101.4, do Departamento de Competitividade Industrial da Secretaria de Desenvolvimento e Competitividade Industrial deste Ministério.</p><p>Nº 939-SEI Nomear FABIANY MARIA MADE E VELLASCO para exercer o cargo em comissão de Coordenador-Geral de Programas Especiais, código DAS 101.4, do Departamento de Competitividade Industrial da Secretaria de Desenvolvimento e Competitividade Industrial deste Ministério.</p><p>Nº 940-SEI Designar GUSTAVO HENRIQUE ARARUNA CAMPOS para exercer a Função Comissionada do Poder Executivo de Chefe do Serviço de Programas Especiais, código FCPE 101.1, da Coordenação-Geral de Programas Especiais do Departamento de Competitividade Industrial da Secretaria de Desenvolvimento e Competitividade Industrial deste Ministério.</p><p>Nº 941-SEI Dispensar DANIEL AGUIAR GRABOIS da Função Comissionada do Poder Executivo de Chefe do Serviço de Programas Especiais, código FCPE 101.1, da Coordenação-Geral de Programas Especiais do Departamento de Competitividade Industrial da Secretaria de Desenvolvimento e Competitividade Industrial deste Ministério.</p><p>Nº 942-SEI Designar DANIEL AGUIAR GRABOIS para exercer o encargo de substituto da função comissionada de Chefe do Serviço de Programas Especiais, código FCPE 101.1, da Coordenação-Geral de Programas Especiais do Departamento de Competitividade Industrial da Secretaria de Desenvolvimento e Competitividade Industrial deste Ministério, nos afastamentos e impedimentos legais ou regulamentares do titular da função.</p><p class="assina">YANA DUMARESQ SOBRAL ALVES</p><p></p>]]></Texto>
  </body>
</article></xml>