﻿<xml><article id="3463446" name="PTS61E62VITORIADACONQUISTA" idOficio="4813984" pubName="DO2" artType="Portaria" pubDate="01/06/2018" artClass="00022:00029:00237:00035:00031:00000:00000:00000:00000:00000:00025:00001" artCategory="Ministério do Desenvolvimento Social/Instituto Nacional do Seguro Social/Superintendência Regional Nordeste em Recife/Gerência Executiva - B - em Vitória da Conquista/Seção Operacional da Gestão de Pessoas" artSize="8" artNotes="OK" numberPage="63" pdfPage="http://pesquisa.in.gov.br/imprensa/jsp/visualiza/index.jsp?data=01/06/2018&amp;jornal=529&amp;pagina=63" editionNumber="104" highlightType="" highlightPriority="" highlight="" idMateria="10797808">
  <body>
    <Identifica><![CDATA[ PORTARIA Nº 61, DE 30 DE MAIO DE 2018]]></Identifica>
    <Data><![CDATA[]]></Data>
    <Ementa />
    <Titulo />
    <SubTitulo />
    <Texto><![CDATA[<p></p><p class="identifica">PORTARIA Nº 61, DE 30 DE MAIO DE 2018</p><p>A CHEFE SUBSTITUTA DA SEÇÃO OPERACIONAL DE GESTÃO DE PESSOAS DA GERÊNCIA EXECUTIVA DO INSS EM VITÓRIA DA CONQUISTA/BA, no uso das atribuições que lhe foram conferidas pelo art. 235, inciso I, alínea "b", do Regimento Interno do INSS, aprovado pela PT/MDS nº 414, de 28/9/2017, publicada no DOU - Edição Extra nº 188-A, de 29 de setembro de 2017, resolve:</p><p>Conceder aposentadoria voluntária ao servidor CÂNDIDO PRUDÊNCIO TEIXEIRA, matrícula SIAPE 0883433, ocupante do cargo de Técnico do Seguro Social, Classe "S", Padrão "IV", código de vaga nº 511653, do quadro de pessoal do Instituto Nacional do Seguro Social, com fundamento no art. 3º da Emenda Constitucional nº 47, de 5 de julho de 2005, observado o contido no Processo nº 36708.000062/2018-39, declarando, em consequência, o referido cargo vago.</p><p class="assina">VIVIANE SERVO LEITE</p><p class="identifica">PORTARIA Nº 62, DE 30 DE MAIO DE 2018</p><p>A CHEFE SUBSTITUTA DA SEÇÃO OPERACIONAL DE GESTÃO DE PESSOAS DA GERÊNCIA EXECUTIVA DO INSS EM VITÓRIA DA CONQUISTA/BA, no uso das atribuições que lhe foram conferidas pelo art. 235, inciso I, alínea "b", do Regimento Interno do INSS, aprovado pela PT/MDS nº 414, de 28/9/2017, publicada no DOU - Edição Extra nº 188-A, de 29 de setembro de 2017, resolve:</p><p>Conceder aposentadoria voluntária ao servidor MANOEL MARIA DE ARAÚJO, matrícula SIAPE 0891761, ocupante do cargo de Técnico do Seguro Social, Classe "S", Padrão "IV", código de vaga nº 516852, do quadro de pessoal do Instituto Nacional do Seguro Social, com fundamento no art. 3º da Emenda Constitucional nº 47, de 5 de julho de 2005, observado o contido no Processo nº 36526.004249/2018-40, declarando, em consequência, o referido cargo vago.</p><p class="assina">VIVIANE SERVO LEITE</p>]]></Texto>
  </body>
</article></xml>