﻿<xml><article id="3487618" name="Portarias 29.05.2018" idOficio="4813428" pubName="DO2" artType="Portaria" pubDate="04/06/2018" artClass="00011:00073:00001:00000:00000:00000:00000:00000:00000:00000:00025:00002" artCategory="Ministério da Educação/Instituto Federal de Educação, Ciência e Tecnologia do Paraná/Reitoria/Gabinete" artSize="8" artNotes="" numberPage="13" pdfPage="http://pesquisa.in.gov.br/imprensa/jsp/visualiza/index.jsp?data=04/06/2018&amp;jornal=529&amp;pagina=13" editionNumber="105" highlightType="" highlightPriority="" highlight="" idMateria="10797004">
  <body>
    <Identifica><![CDATA[ Portaria nº 732, de 29 de maio de 2018 ]]></Identifica>
    <Data><![CDATA[]]></Data>
    <Ementa />
    <Titulo />
    <SubTitulo />
    <Texto><![CDATA[<p></p><p class="identifica">Portaria nº 732, de 29 de maio de 2018</p><p>O Reitor em exercício do Instituto Federal do Paraná, no uso da competência que lhe confere a Portaria nº 357 de 27 de março de 2017, publicada no Diário Oficial da União no dia 28 de março de 2017, seção 2, página 26, resolve,</p><p>Art 1º Conceder Aposentadoria Voluntária com base no artigo 40º, § 1º, inciso III, alínea "A", da Constituição Federal, com redação dada pela EC nº 41/03. Os proventos serão calculados com base no Art. 1º da Lei nº 10.887/04, ao servidor ANTONIO RIVAIL DA ROSA, matrícula SIAPE nº 1894911, cargo de Técnico em Contabilidade, classe D, nível IV, padrão de vencimento 05, regime de trabalho de 40 horas semanais, do quadro permanente do Instituto Federal do Paraná, lotado na Pró-Reitoria de Administração - PROAD. Art 2º Declarar vago o cargo referido na presente Portaria. Art 3º Esta Portaria tem efeitos a partir da sua publicação no DOU.</p><p class="assina">PAULO TETUO YAMAMOTO</p>]]></Texto>
  </body>
</article></xml>