﻿<xml><article id="3490471" name="Portaria nº 106" idOficio="4812696" pubName="DO2" artType="Portaria" pubDate="04/06/2018" artClass="00039:00226:00000:00000:00000:00000:00000:00000:00000:00000:00025:00025" artCategory="Entidades de Fiscalização do Exercício das Profissões Liberais/CONSELHO REGIONAL DE ENFERMAGEM DO MARANHÃO" artSize="8" artNotes="" numberPage="57" pdfPage="http://pesquisa.in.gov.br/imprensa/jsp/visualiza/index.jsp?data=04/06/2018&amp;jornal=529&amp;pagina=57" editionNumber="105" highlightType="" highlightPriority="" highlight="" idMateria="10795018">
  <body>
    <Identifica><![CDATA[            PORTARIA Nº 106, DE 2 DE ABRIL DE 2018]]></Identifica>
    <Data><![CDATA[]]></Data>
    <Ementa />
    <Titulo />
    <SubTitulo />
    <Texto><![CDATA[<p class="identifica">PORTARIA Nº 106, DE 2 DE ABRIL DE 2018</p><p>O Presidente, em conjunto com o Secretário, do CONSELHO REGIONAL DE ENFERMAGEM AO MARANHÃO, uso de suas atribuições que lhe são conferidas pela Lei nº 5.905, de 12 julho de1973 e pelo Regimento Interno deste Conselho, aprovado pela decisão COREN-MA nº 012/2012, decidem:</p><p>Art. 1º - Designar funcionários abaixo, sob a Presidência do primeiro, para compor a comissão Permanente de Licitação do Coren-MA, a partir de 02/04/2018;</p><p>-Mauro Henrique Sousa Muniz - Presidente - Primeiro Pregoeiro;</p><p>-Diego Carvalho Dias - Membro - Segundo Pregoeiro;</p><p>-Marcelo Jorge Monteiro de Jesus - Membro.</p><p>Art. 2º - Designar os funcionários Fernanda Karine Oliveira Brandão e Marinete Mendes Ferreira como suplentes da Comissão Permanente de Licitação.</p><p>Art. 3º - Esta Portaria entra em vigor na data de sua assinatura, revogado as disposições em contrario, em especial a Portaria Coren - MA nº 025, de 02 de janeiro de 2018.</p><p>Art. 4º - Dê-se ciência, publique-se e cumpre-se.</p><p class="assina">Patrick Jonatha Costa Gomes</p>]]></Texto>
  </body>
</article></xml>