﻿<xml><article id="3487669" name="PORTARIAS CENTRO 2017 I - DOU" idOficio="4813656" pubName="DO2" artType="Portaria" pubDate="04/06/2018" artClass="00011:00135:00003:00000:00000:00000:00000:00000:00000:00000:00025:00001" artCategory="Ministério da Educação/Universidade Federal de Santa Maria/Centro de Ciências Naturais e Exatas" artSize="8" artNotes="" numberPage="22" pdfPage="http://pesquisa.in.gov.br/imprensa/jsp/visualiza/index.jsp?data=04/06/2018&amp;jornal=529&amp;pagina=22" editionNumber="105" highlightType="" highlightPriority="" highlight="" idMateria="10797187">
  <body>
    <Identifica><![CDATA[ PORTARIA Nº 98, DE 29 DE MAIO DE 2018 ]]></Identifica>
    <Data><![CDATA[]]></Data>
    <Ementa />
    <Titulo />
    <SubTitulo />
    <Texto><![CDATA[<p></p><p class="identifica">PORTARIA Nº 98, DE 29 DE MAIO DE 2018</p><p>A DIRETORA DO CENTRO DE CIÊNCIAS NATURAIS E EXATAS da Universidade Federal de Santa Maria, no uso de suas atribuições legais e estatutárias, resolve:</p><p>DESIGNAR Solange Bosio Tedesco, Matrícula SIAPE 2116601, ocupante do cargo de Professor 3º Grau, do Quadro Único de Pessoal da UFSM, para exercer a Função de Coordenador do Curso de Pós-Graduação em Agrobiologia, FCC (FCC.016).</p><p>II - Esta Portaria entra em vigor na data de sua publicação e tem validade de dois anos.</p><p class="assina">SONIA ZANINI CECHIN.</p><p></p>]]></Texto>
  </body>
</article></xml>