﻿<xml><article id="3462491" name="PORT Nº 334" idOficio="4813832" pubName="DO2" artType="Portaria" pubDate="01/06/2018" artClass="00027:00002:00000:00000:00000:00000:00000:00000:00000:00000:00025:00001" artCategory="Ministério do Trabalho/Secretaria Executiva" artSize="8" artNotes="" numberPage="76" pdfPage="http://pesquisa.in.gov.br/imprensa/jsp/visualiza/index.jsp?data=01/06/2018&amp;jornal=529&amp;pagina=76" editionNumber="104" highlightType="" highlightPriority="" highlight="" idMateria="10797645">
  <body>
    <Identifica><![CDATA[ PORTARIA Nº 334,  DE 30 DE MAIO DE 2018]]></Identifica>
    <Data><![CDATA[]]></Data>
    <Ementa />
    <Titulo />
    <SubTitulo />
    <Texto><![CDATA[<p class="identifica">PORTARIA Nº 334, DE 30 DE MAIO DE 2018</p><p>O SECRETÁRIO EXECUTIVO DO MINISTÉRIO DO TRABALHO SUBSTITUTO, no uso das atribuições que lhe foram delegadas pela Portaria nº. 245, de 06 de abril de 2018, Lei nº 13.341, de 29 de setembro de 2016 e o Decreto nº. 8.894, de 3 de novembro de 2016 resolve:</p><p>Art. 1º Designar a servidora Renata Frias Pimentel, CPF nº 857.568.221 -00, matrícula SIAPE nº 1749173, para atuar como Ordenadora de Despesas - Substituta, responsável pelos atos necessários à execução orçamentária, financeira e patrimonial dos recursos consignados as Unidades Gestoras, 380008, 380908 e 400055 - Secretaria de Políticas Públicas-SPPE/MTb.</p><p>Art. 2º Dispensar a servidora JAQUELINE ELIZABETH MARQUES PORTELA, CPF nº. 035.187.071-75, matrícula SIAPE nº 2321526, da mesma função, a contar de 11 de março de 2018.</p><p>Art. 3º Convalidar os atos praticados pela Ordenadora de Despesas Substituta, com base na portaria SPPE nº 51, de 9 de maio de 2018, no período de 11 de maio de 2018 até a data desta publicação.</p><p>Art. 4º Esta Portaria entra em vigor na data de sua publicação.</p><p class="assina">TULIO OSTILIO PESSOA DE OLIVEIRA</p>]]></Texto>
  </body>
</article></xml>