﻿<xml><article id="3462993" name="ANA MARIA DOS SANTOS PEREIRA" idOficio="4813961" pubName="DO2" artType="Portaria" pubDate="01/06/2018" artClass="00017:00026:00014:00009:00000:00000:00000:00000:00000:00000:00025:00001" artCategory="Ministério da Saúde/Secretaria de Atenção à Saúde/Departamento de Gestão Hospitalar no Estado do Rio de Janeiro/Hospital Federal de Bonsucesso" artSize="8" artNotes="" numberPage="58" pdfPage="http://pesquisa.in.gov.br/imprensa/jsp/visualiza/index.jsp?data=01/06/2018&amp;jornal=529&amp;pagina=58" editionNumber="104" highlightType="" highlightPriority="" highlight="" idMateria="10797777">
  <body>
    <Identifica><![CDATA[PORTARIA Nº 98, DE 17 DE ABRIL DE 2018]]></Identifica>
    <Data><![CDATA[]]></Data>
    <Ementa />
    <Titulo />
    <SubTitulo />
    <Texto><![CDATA[<p class="identifica">PORTARIA Nº 98, DE 17 DE ABRIL DE 2018</p><p>A Diretora-Geral do Hospital Federal de Bonsucesso, no uso de suas atribuições conferidas pela Portaria nº 488, de 06 de março de 2018, publicada no DOU n° 47 de 09 de março de 2018 e Portaria nº 1.041, de 30 de outubro de 2009, publicada no DOU nº 209, de 03 de novembro de 2009, seção 2, página 31, resolve:</p><p>Conceder aposentadoria por invalidez permanente a ANA MARIA DOS SANTOS PEREIRA, matrícula SIAPE nº 3511184, ocupante do cargo de Auxiliar de enfermagem, Nível Intermediário, Classe "B", Padrão "VI", do quadro de servidores deste Ministério, lotada no Hospital Federal de Bonsucesso, com fundamento no artigo 40, §1º, inciso I da Constituição Federal, com redação dada pela Emenda Constitucional n° 41/2003, com proventos proporcionais ao tempo de contribuição 3031/10950, observando o disposto no art. 1º da lei nº 10.887/2004 e as demais vantagens do cargo a que faz jus.</p><p>(Processo nº 25001.408865/2017-98)</p><p class="assina">Luana Camargo da Silva</p>]]></Texto>
  </body>
</article></xml>