﻿<xml><article id="3459758" name="Concessao - Publicar - Jussara C" idOficio="4810429" pubName="DO2" artType="Portaria" pubDate="01/06/2018" artClass="00012:00002:00012:00022:00000:00000:00000:00000:00000:00000:00025:00001" artCategory="Ministério da Fazenda/Secretaria Executiva/Subsecretaria de Planejamento, Orçamento e Administração/Superintendência de Administração em Mato Grosso" artSize="8" artNotes="" numberPage="45" pdfPage="http://pesquisa.in.gov.br/imprensa/jsp/visualiza/index.jsp?data=01/06/2018&amp;jornal=529&amp;pagina=45" editionNumber="104" highlightType="" highlightPriority="" highlight="" idMateria="10791120">
  <body>
    <Identifica><![CDATA[ Portaria nº 44, DE 28 de maio de 2018]]></Identifica>
    <Data><![CDATA[]]></Data>
    <Ementa />
    <Titulo />
    <SubTitulo />
    <Texto><![CDATA[<p class="identifica">Portaria nº 44, DE 28 de maio de 2018</p><p>O Superintendente de Administração do Ministério da Fazenda no Estado de Mato Grosso, no uso de suas atribuições que lhe confere o Artigo 65, inciso XIV, da Portaria nº 144, de 27/04/2016, publicada no DOU de 29/04/2016, do Ministro de Estado da Fazenda, e o artigo 1º da Portaria nº 1.671, de 16/06/2005, publicada no DOU de 20/06/2005, do Secretário da Receita Federal, tendo em vista o constante do processo (10183.100770/2018-41), resolve:</p><p>Conceder aposentadoria voluntária a Jussara Conceição Dias do Carmo, matrículas SIAPE nº 0115321 e SIAPEcad nº 00013220, ocupante do cargo de Agente Administrativo, Código NI 489202, Classe S, Padrão III, do Quadro de Pessoal do Ministério da Fazenda, com fundamento no Art. 3º, incisos I e II da EC nº 47/2005 c/c o artigo 40 parágrafo 18 da CF/88 (redação atual).</p><p>Roberto Sebastião Gonçalves da Silva</p><p class="cargo">Substituto</p>]]></Texto>
  </body>
</article></xml>