﻿<xml><article id="3490105" name="Portaria Exoneração nº 110" idOficio="4812419" pubName="DO2" artType="Portaria" pubDate="04/06/2018" artClass="00039:00226:00000:00000:00000:00000:00000:00000:00000:00000:00025:00028" artCategory="Entidades de Fiscalização do Exercício das Profissões Liberais/CONSELHO REGIONAL DE ENFERMAGEM DO MARANHÃO" artSize="8" artNotes="" numberPage="58" pdfPage="http://pesquisa.in.gov.br/imprensa/jsp/visualiza/index.jsp?data=04/06/2018&amp;jornal=529&amp;pagina=58" editionNumber="105" highlightType="" highlightPriority="" highlight="" idMateria="10794649">
  <body>
    <Identifica><![CDATA[                PORTARIA Nº 110, DE 2 DE ABRIL DE 2018]]></Identifica>
    <Data><![CDATA[]]></Data>
    <Ementa />
    <Titulo />
    <SubTitulo />
    <Texto><![CDATA[<p class="identifica">PORTARIA Nº 110, DE 2 DE ABRIL DE 2018</p><p>O Presidente do Conselho Regional de Enfermagem do Maranhão - COREN/MA, no uso de suas atribuições legais e regimentais, resolve:</p><p>Art. 1º - Revogar a Portaria COREN-MA n.º 031, de 22 de janeiro de 2018 para exonerar a Sra. Lorena Lindoso Cantanhede do cargo comissionado de AÇÕES DE APOIO A FISCALIZAÇÃO, do COREN-MA.</p><p>Art. 2º - Esta Portaria entra em vigor na data de sua assinatura.</p><p class="assina">Patrick Jonatha Costa Gomes</p><p></p>]]></Texto>
  </body>
</article></xml>