﻿<xml><article id="3465232" name="PORTARIA_JOANA LUIZA" idOficio="4814250" pubName="DO2" artType="Portaria" pubDate="01/06/2018" artClass="00017:00026:00014:00010:00002:00001:00000:00000:00000:00000:00025:00001" artCategory="Ministério da Saúde/Secretaria de Atenção à Saúde/Departamento de Gestão Hospitalar no Estado do Rio de Janeiro/Hospital Federal de Ipanema/Coordenação de Administração/Divisão de Gestão de Pessoas" artSize="8" artNotes="" numberPage="58" pdfPage="http://pesquisa.in.gov.br/imprensa/jsp/visualiza/index.jsp?data=01/06/2018&amp;jornal=529&amp;pagina=58" editionNumber="104" highlightType="" highlightPriority="" highlight="" idMateria="10798215">
  <body>
    <Identifica><![CDATA[ PORTARIA Nº 99,  DE 24 DE ABRIL DE 2018]]></Identifica>
    <Data><![CDATA[]]></Data>
    <Ementa />
    <Titulo />
    <SubTitulo />
    <Texto><![CDATA[<p class="identifica">PORTARIA Nº 99, DE 24 DE ABRIL DE 2018</p><p>O DIRETOR DO HOSPITAL FEDERAL DE IPANEMA, no uso das atribuições conferidas pelo artigo 1º, inciso VIII alínea "p", da PT/CGRH/SAA/SE/MS nº 1041, de 30.10.2009, publicada no Diário Oficial da União (DOU), nº 209, de 03.11.2009, resolve</p><p>Conceder Aposentadoria Voluntária a servidora JOANA LUIZA MACHADO, matrícula SIAPE nº. 647882, (Matricula SIAPECAD 01105831), AUXILIAR DE ENFERMAGEM, Nível Superior, Classe S, Padrão III, lotado no Hospital Federal de Ipanema, com fundamento no artigo 3º, incisos I e II da Emenda Constitucional 47/2005 combinado com o artigo 40 § 18 da CF/1988, redação atual, observado o disposto no parágrafo único da citada Emenda, proventos correspondentes ao cargo efetivo, acrescido de 15% (quinze por cento) de Adicional por Tempo de Serviço e a GDPST - LEI 11.784/2008 AT.</p><p>(Processo nº 33401.002738/2017-02).</p><p class="assina">BENITO ACCETTA</p>]]></Texto>
  </body>
</article></xml>