﻿<xml><article id="3487657" name="Lauda - 4JUNHO18" idOficio="4812882" pubName="DO2" artType="Ato" pubDate="04/06/2018" artClass="00038:00054:00003:00000:00000:00000:00000:00000:00000:00000:00001:00002" artCategory="Poder Judiciário/Tribunal Regional do Trabalho da 15ª Região/Presidência" artSize="8" artNotes="" numberPage="54" pdfPage="http://pesquisa.in.gov.br/imprensa/jsp/visualiza/index.jsp?data=04/06/2018&amp;jornal=529&amp;pagina=54" editionNumber="105" highlightType="" highlightPriority="" highlight="" idMateria="10795789">
  <body>
    <Identifica><![CDATA[ ATOS SLP DE 28 DE MAIO DE 2018]]></Identifica>
    <Data><![CDATA[]]></Data>
    <Ementa />
    <Titulo />
    <SubTitulo />
    <Texto><![CDATA[<p class="identifica">ATOS SLP DE 28 DE MAIO DE 2018</p><p>O DESEMBARGADOR PRESIDENTE DO TRIBUNAL REGIONAL DO TRABALHO DA 15ª REGIÃO, no uso de suas atribuições legais e tendo em vista o que consta do PROAD nº 6349/2018, resolve:</p><p>Nº 62 - Conceder aposentadoria à servidora GLAUCIA BRUNINI CARDOSO LOURENÇO, no cargo de Analista Judiciário, área Administrativa, Classe C, Padrão 13, do Quadro Permanente da Secretaria deste Tribunal, com fundamento no artigo 3º da Emenda Constitucional nº 47/2005, artigo 62-A da Lei nº 8.112/1990 e artigo 28 da Lei nº 11.416/2006.</p><p></p><p>O DESEMBARGADOR PRESIDENTE DO TRIBUNAL REGIONAL DO TRABALHO DA 15ª REGIÃO, no uso de suas atribuições legais e tendo em vista o que consta do PROAD nº 4853/2018, resolve:</p><p>Nº 63 - Conceder aposentadoria à servidora SANDRA REGINA NEGRELLO, no cargo de Técnico Judiciário, área Administrativa, Classe C, Padrão 13, do Quadro Permanente da Secretaria deste Tribunal, com fundamento no artigo 3º da Emenda Constitucional nº 47/2005, artigo 62-A da Lei nº 8.112/1990 e artigo 28 da Lei nº 11.416/2006.</p><p class="assina">Fernando da Silva Borges</p>]]></Texto>
  </body>
</article></xml>