﻿<xml><article id="3462677" name="PTS68E69JUIZDEFORA" idOficio="4813898" pubName="DO2" artType="Portaria" pubDate="01/06/2018" artClass="00022:00029:00240:00015:00021:00000:00000:00000:00000:00000:00025:00006" artCategory="Ministério do Desenvolvimento Social/Instituto Nacional do Seguro Social/Superintendência Regional Sudeste II em Belo Horizonte/Gerência Executiva - B - Juiz de Fora/Seção Operacional da Gestão de Pessoas" artSize="8" artNotes="OK" numberPage="66" pdfPage="http://pesquisa.in.gov.br/imprensa/jsp/visualiza/index.jsp?data=01/06/2018&amp;jornal=529&amp;pagina=66" editionNumber="104" highlightType="" highlightPriority="" highlight="" idMateria="10797720">
  <body>
    <Identifica><![CDATA[ PORTARIAS DE 28 DE MAIO DE 2018]]></Identifica>
    <Data><![CDATA[]]></Data>
    <Ementa />
    <Titulo />
    <SubTitulo />
    <Texto><![CDATA[<p class="identifica">PORTARIAS DE 28 DE MAIO DE 2018</p><p>O CHEFE DA SEÇÃO OPERACIONAL DE GESTÃO DE PESSOAS DA GERÊNCIA EXECUTIVA DO INSS EM JUIZ DE FORA/MG, no uso das atribuições que lhe foram conferidas pelo art. 235, do Regimento Interno do INSS, aprovado pela PT/MDS Nº 414, de 28/09/2017, publicada no DOU nº 188-A de 29/09/2017, resolve:</p><p>Nº 68 - Conceder Aposentadoria Voluntária a servidora ROSELI DE ARAÚJO CASTRO PIRONI, matrícula SIAPE - 0895932, ocupante do cargo de Técnico do Seguro Social, classe S, padrão IV, do quadro de pessoal do Instituto Nacional do Seguro Social, com fundamento no artigo 3º da EC nº 47/2005, declarando, em consequência, o cargo vago. Conforme o processo 35131.000122/2018-22.</p><p>Nº 69 - Conceder Aposentadoria Voluntária a servidora MARIA EUGÊNIA FERREIRA FALCI, matrícula SIAPE - 0896437, ocupante do cargo de Técnico do Seguro Social, classe S, padrão IV, do quadro de pessoal do Instituto Nacional do Seguro Social, com fundamento no artigo 3º da EC nº 47/2005, declarando, em consequência, o cargo vago. Conforme o processo 37010.001626/2017-81.</p><p class="assina">Mônica Aparecida Ferreira Braga Almico</p>]]></Texto>
  </body>
</article></xml>