﻿<xml><article id="3462608" name="PORTARIA Nº 98.210" idOficio="4813855" pubName="DO2" artType="Portaria" pubDate="01/06/2018" artClass="00012:00005:00015:00000:00000:00000:00000:00000:00000:00000:00025:00003" artCategory="Ministério da Fazenda/Banco Central do Brasil/Área de Política Econômica" artSize="8" artNotes="" numberPage="47" pdfPage="http://pesquisa.in.gov.br/imprensa/jsp/visualiza/index.jsp?data=01/06/2018&amp;jornal=529&amp;pagina=47" editionNumber="104" highlightType="" highlightPriority="" highlight="" idMateria="10797672">
  <body>
    <Identifica><![CDATA[ PORTARIA Nº 98.210, DE 30 DE MAIO DE 2018]]></Identifica>
    <Data><![CDATA[]]></Data>
    <Ementa />
    <Titulo />
    <SubTitulo />
    <Texto><![CDATA[<p class="identifica">PORTARIA Nº 98.210, DE 30 DE MAIO DE 2018</p><p>O Diretor de Política Econômica do Banco Central do Brasil, no uso da atribuição que lhe confere o art. 13, inciso VI, do Regimento Interno do Banco Central do Brasil, anexo à Portaria nº 84.287, de 27 de fevereiro de 2015, resolve:</p><p>Art. 1º Fica dispensada, a pedido, a servidora KATHERINE HENNINGS, matrícula 6.068.117-9, da função comissionada de Assessor Sênior, sigla FCA-3, na Secre/Dipec/GABRJ.</p><p>Art. 2º Fica designado o servidor ALFREDO DE OLIVEIRA LINGOIST JÚNIOR, matrícula 0.478.348-4, para exercer a função comissionada de Assessor Sênior, sigla FCA-3, na Secre/Dipec/GABSP.</p><p>Art. 3º Esta Portaria entra em vigor na data de sua publicação.</p><p class="assina">CARLOS VIANA DE CARVALHO</p>]]></Texto>
  </body>
</article></xml>