﻿<xml><article id="3463659" name="Resolução nº 4.990 de 22.05.2018" idOficio="4814043" pubName="DO2" artType="Resolução" pubDate="01/06/2018" artClass="00011:00111:00000:00000:00000:00000:00000:00000:00000:00000:00031:00001" artCategory="Ministério da Educação/Universidade Federal do Estado do Rio de Janeiro" artSize="8" artNotes="" numberPage="34" pdfPage="http://pesquisa.in.gov.br/imprensa/jsp/visualiza/index.jsp?data=01/06/2018&amp;jornal=529&amp;pagina=34" editionNumber="104" highlightType="" highlightPriority="" highlight="" idMateria="10797901">
  <body>
    <Identifica><![CDATA[ RESOLUÇÃO N° 4.990, DE 22 DE MAIO DE 2018]]></Identifica>
    <Data><![CDATA[]]></Data>
    <Ementa />
    <Titulo />
    <SubTitulo />
    <Texto><![CDATA[<p></p><p class="identifica">RESOLUÇÃO N° 4.990, DE 22 DE MAIO DE 2018</p><p>O Vice-Reitor no exercício da Reitoria da Universidade Federal do Estado do Rio de Janeiro - UNIRIO -, usando das atribuições que lhe confere o Artigo 21, incisos XIV e XIX do Regimento Geral, e de acordo com o teor do Processo nº 23102.002.641/2018-93, resolve promulgar, ad referendum do Conselho Universitário, a seguinte Resolução:</p><p>Art. 1º Fica aprovado o afastamento do país, com ônus, do Magnífico Reitor, Professor LUIZ PEDRO SAN GIL JUTUCA, para participar da III Conferência Regional de Educação Superior para América Latina e Caribe (CRES 2018), a ser realizada em Córdoba, Argentina, no período de 09 a 16 de junho de 2018, incluído o trânsito.</p><p>Art. 2º Esta Resolução entra em vigor na data de sua publicação no Diário Oficial da União.</p><p class="assina">RICARDO SILVA CARDOSO</p>]]></Texto>
  </body>
</article></xml>