﻿<xml><article id="3464061" name="PT37PETROPOLIS" idOficio="4814069" pubName="DO2" artType="Portaria" pubDate="01/06/2018" artClass="00022:00029:00240:00019:00003:00000:00000:00000:00000:00000:00025:00001" artCategory="Ministério do Desenvolvimento Social/Instituto Nacional do Seguro Social/Superintendência Regional Sudeste II em Belo Horizonte/Gerência Executiva - B - Petrópolis/Seção Operacional  de Gestão de Pessoas" artSize="8" artNotes="OK" numberPage="67" pdfPage="http://pesquisa.in.gov.br/imprensa/jsp/visualiza/index.jsp?data=01/06/2018&amp;jornal=529&amp;pagina=67" editionNumber="104" highlightType="" highlightPriority="" highlight="" idMateria="10797941">
  <body>
    <Identifica><![CDATA[ PORTARIA Nº 37, de 17 de maio de 2018]]></Identifica>
    <Data><![CDATA[]]></Data>
    <Ementa />
    <Titulo />
    <SubTitulo />
    <Texto><![CDATA[<p></p><p class="identifica">PORTARIA Nº 37, de 17 de maio de 2018</p><p>O CHEFE DA SEÇÃO OPERACIONAL DA GESTÃO DE PESSOAS DA GERÊNCIA EXECUTIVA PETRÓPOLIS NO RIO DE JANEIRO, no uso das atribuições delegadas através do artigo 235, inciso I, alinea "b", do Regimento Interno do INSS, aprovado pela PT/MDS/GM n° 414 de 28/09/2017, publicada no DOU-Edição Extra n° 188-A, de 29/09/2017, Seção I, página 1/23 e tendo em vista o que consta no processo nº 35323.000110/2018-41, resolve:</p><p>Conceder aposentadoria voluntária integral à servidora SANDRA VIANA PORTELLA, mtrícula SIAPE n° 0911490, ocupante do cargo de Datilógrafo, classe "S" Padrão "IV", do quadro de pessoal do Instituto Nacional do Seguro Social, com fundamento no art. 3º da Emenda Constitucional 47/2005 e, por consequência, declarar vago o referido cargo.</p><p class="assina">CYRO EDUARDO PINHEIRO GORITO</p>]]></Texto>
  </body>
</article></xml>