﻿<xml><article id="3462981" name="DOU -dispensa e designa servidor" idOficio="4813960" pubName="DO2" artType="Portaria" pubDate="01/06/2018" artClass="00038:00029:00000:00000:00000:00000:00000:00000:00000:00000:00025:00001" artCategory="Poder Judiciário/Tribunal Regional Eleitoral do Piauí" artSize="8" artNotes="" numberPage="97" pdfPage="http://pesquisa.in.gov.br/imprensa/jsp/visualiza/index.jsp?data=01/06/2018&amp;jornal=529&amp;pagina=97" editionNumber="104" highlightType="" highlightPriority="" highlight="" idMateria="10797776">
  <body>
    <Identifica><![CDATA[ PORTARIA nº 544, de 29 de maio de 2018]]></Identifica>
    <Data><![CDATA[]]></Data>
    <Ementa />
    <Titulo />
    <SubTitulo />
    <Texto><![CDATA[<p class="identifica">PORTARIA nº 544, de 29 de maio de 2018</p><p>O DESEMBARGADOR FRANCISCO ANTONIO PAES LANDIM FILHO, PRESIDENTE DO EGRÉGIO TRIBUNAL REGIONAL ELEITORAL DO PIAUÍ, no uso das atribuições legais e,</p><p>Considerando a indicação contida no Memorando da Diretoria Geral datado de 25 de maio de 2018 (SEI nº 3257-55.2018.6.18.8000), resolve:</p><p>Art. 1º Ficam dispensados os servidores, abaixo relacionados, do exercício das seguintes Funções Comissionadas:</p><p>I. FLAVIA RAPHAELA FRANCO MONTEIRO BARRETO, servidora do Quadro de Pessoal deste Regional, Analista Judiciário, Área Administrativa, matrícula nº 429, do exercício da Função Comissionada de Assistente I (FC-1), da Assessoria Jurídica da Presidência;</p><p>II. MARIA MONICA DA SILVA VIVEIROS, servidora do Quadro de Pessoal deste Regional, Técnico Judiciário, Área Administrativa, matrícula nº 40, do exercício da Função Comissionada de Oficial de Gabinete (FC-4), do Gabinete da Diretoria Geral;</p><p>III. OSCAR MOREIRA DE CARVALHO FILHO, servidor do Quadro de Pessoal deste Tribunal, Analista Judiciário, Área Administrativa, matrícula nº 444, do exercício da Função Comissionada de Assistente II (FC-2), do Gabinete da Diretoria Geral;</p><p>Art. 2º Ficam designados os servidores, abaixo relacionados, para o exercício das seguintes Funções Comissionadas:</p><p>I. FLAVIA RAPHAELA FRANCO MONTEIRO BARRETO, servidora do Quadro de Pessoal deste Regional, Analista Judiciário, Área Administrativa, matrícula nº 429, para o exercício da Função Comissionada de Oficial de Gabinete (FC-4), do Gabinete da Diretoria Geral;</p><p>II. MÁRLIA MONTEIRO MARTINS, servidora do Quadro de Pessoal deste Regional, Analista Judiciário, Área Judiciária, matrícula nº 579, para o exercício da Função Comissionada de Assistente II (FC-2), do Gabinete da Diretoria Geral;</p><p>III. ANTONIO ALVES RODRIGUES JUNIOR, servidor removido do Quadro de Pessoal do Tribunal Regional Eleitoral do Pará para este Tribunal, Técnico Judiciário, Área Administrativa, matrícula nº 999959, para o exercício da Função Comissionada de Assistente I (FC-1), da Assessoria de Planejamento e Gestão Estratégica, da Diretoria Geral;</p><p>Art. 3º Esta portaria entra em vigor na data de sua publicação.</p><p class="assina">FRANCISCO ANTONIO PAES LANDIM FILHO</p>]]></Texto>
  </body>
</article></xml>