﻿<xml><article id="3460133" name="P_1545_1546_DISPENSAR RUDIMAR MA" idOficio="4813527" pubName="DO2" artType="Portaria" pubDate="01/06/2018" artClass="00011:00058:00001:00000:00000:00000:00000:00000:00000:00000:00025:00004" artCategory="Ministério da Educação/Instituto Federal de Educação, Ciência e Tecnologia de Brasília/Reitoria/Chefia de Gabinete da Reitoria" artSize="8" artNotes="" numberPage="24" pdfPage="http://pesquisa.in.gov.br/imprensa/jsp/visualiza/index.jsp?data=01/06/2018&amp;jornal=529&amp;pagina=24" editionNumber="104" highlightType="" highlightPriority="" highlight="" idMateria="10797160">
  <body>
    <Identifica><![CDATA[ PORTARIAS DE 29 DE MAIO DE 2018]]></Identifica>
    <Data><![CDATA[]]></Data>
    <Ementa />
    <Titulo />
    <SubTitulo />
    <Texto><![CDATA[<p></p><p class="identifica">PORTARIAS DE 29 DE MAIO DE 2018</p><p>O REITOR DO INSTITUTO FEDERAL DE BRASÍLIA, nomeado pelo Decreto de 05 de maio de 2015, publicado no Diário Oficial da União em 06 de maio de 2015, no uso de suas atribuições legais e regimentais, resolve:</p><p>Nº 1.545 - DISPENSAR, a pedido, o servidor RUDIMAR MACHADO DE SOUSA JÚNIOR, matrícula SIAPE Nº 1759462, ocupante do cargo efetivo de Assistente em Administração, lotado no Campus Samambaia, do encargo de Gestor Financeiro Substituto, no âmbito do Campus Samambaia, do Instituto Federal de Brasília.</p><p>Nº 1.546 - DESIGNAR o servidor DÉLCIO MACIEL SANTOS, matrícula SIAPE Nº 1969605, ocupante do cargo efetivo de Auxiliar em Administração, lotado no Campus Samambaia, para exercer o encargo de Gestor Financeiro Substituto, no âmbito do Campus Samambaia, do Instituto Federal de Brasília.</p><p>Art. 1º Estas Portarias entram em vigor na data de sua publicação.</p><p class="assina">WILSON CONCIANI</p>]]></Texto>
  </body>
</article></xml>