﻿<xml><article id="3464076" name="PTS89A91RECIFE" idOficio="4814069" pubName="DO2" artType="Portaria" pubDate="01/06/2018" artClass="00022:00029:00237:00009:00003:00001:00000:00000:00000:00000:00025:00001" artCategory="Ministério do Desenvolvimento Social/Instituto Nacional do Seguro Social/Superintendência Regional Nordeste em Recife/Gerência Executiva - A - em Recife/Serviço de Gestão de Pessoas/Seção Operacional  de Gestão de Pessoas" artSize="8" artNotes="OK" numberPage="61" pdfPage="http://pesquisa.in.gov.br/imprensa/jsp/visualiza/index.jsp?data=01/06/2018&amp;jornal=529&amp;pagina=61" editionNumber="104" highlightType="" highlightPriority="" highlight="" idMateria="10797945">
  <body>
    <Identifica><![CDATA[ PORTARIAS DE 22 DE MAIO DE 2018]]></Identifica>
    <Data><![CDATA[]]></Data>
    <Ementa />
    <Titulo />
    <SubTitulo />
    <Texto><![CDATA[<p class="identifica">PORTARIAS DE 22 DE MAIO DE 2018</p><p>O CHEFE DA SEÇÃO OPERACIONAL DA GESTÃO DE PESSOAS DA GERÊNCIA EXECUTIVA DO INSS EM RECIFE NO ESTADO DE PERNAMBUCO, no uso de suas atribuições estabelecidas no Inciso I do Artigo 235, do Regimento Interno, aprovada pela PT/MDS/SE nº 414, de 28.09.2017, publicada no Diário Oficial da União nº 188-A, de 29.09.2017, Seção 1, páginas 1 a 23 - Edição Extra, e que aprova o Regimento Interno do INSS, resolve:</p><p>Nº 89 - Conceder aposentadoria voluntária à servidora MARIA DAS GRAÇAS MARQUES, mat. Siape nº 0.904.849, ocupante do cargo de Enfermeira, Classe "S", Padrão IV, do quadro de pessoal do INSS, com fundamento no Artigo 3º da Emenda Constitucional nº 47, de 05.07.2005, e tendo em vista o que consta do Processo nº 35204.003358/2018-10. Declarar vago, em consequência, o cargo acima citado.</p><p>Nº 90 - Conceder aposentadoria voluntária à servidora MARINETE GOMES DA SILVA, mat. Siape nº 0.903.925, ocupante do cargo de Técnico do Seguro Social, Classe "S", Padrão IV, do quadro de pessoal do INSS, com fundamento no Artigo 3º da Emenda Constitucional nº 47, de 05.07.2005, acrescido das demais vantagens do cargo, observado o contido no Processo nº 35204.002921/2018-32, declarando, em consequência, o referido cargo vago.</p><p>Nº 91 - Conceder aposentadoria voluntária à servidora IZETE PETERSEN DA SILVA, mat. Siape nº 0.887.500, ocupante do cargo de Técnico do Seguro Social, Classe "S", Padrão IV, do quadro de pessoal do INSS, com fundamento no Artigo 3º da Emenda Constitucional nº 47, de 05.07.2005, acrescido das demais vantagens do cargo, observado o contido no Processo nº 35204.002920/2018-98, declarando, em consequência, o referido cargo vago.</p><p class="assina">FÁBIO HENRIQUE LIMA DE SIQUEIRA</p>]]></Texto>
  </body>
</article></xml>