﻿<xml><article id="3464109" name="PORTARIA 80 SEI" idOficio="4814099" pubName="DO2" artType="Portaria" pubDate="01/06/2018" artClass="00008:00014:00000:00000:00000:00000:00000:00000:00000:00000:00025:00002" artCategory="Ministério da Ciência, Tecnologia, Inovações e Comunicações/Centro de Tecnologia da Informação Renato Archer" artSize="8" artNotes="" numberPage="8" pdfPage="http://pesquisa.in.gov.br/imprensa/jsp/visualiza/index.jsp?data=01/06/2018&amp;jornal=529&amp;pagina=8" editionNumber="104" highlightType="" highlightPriority="" highlight="" idMateria="10797828">
  <body>
    <Identifica><![CDATA[ PORTARIA Nº 80, de 30 de maio de 2018]]></Identifica>
    <Data><![CDATA[]]></Data>
    <Ementa />
    <Titulo />
    <SubTitulo />
    <Texto><![CDATA[<p></p><p class="identifica">PORTARIA Nº 80, de 30 de maio de 2018</p><p>O DIRETOR DO CENTRO DE TECNOLOGIA DA INFORMAÇÃO RENATO ARCHER - CTI, unidade de pesquisa do Ministério da Ciência, Tecnologia, Inovações e Comunicações - MCTIC, nomeado por meio da Portaria da Casa Civil nº 992/2011, publicada no DOU de 18/05/2011, seção 2, página 1 e reconduzido pela Portaria MCTIC nº 468/2016, publicada no DOU de 27/06/2016, seção 2, página 6, em conformidade com as competências delegadas pela Portaria MCT nº 407/2006, resolve:</p><p>Art. 1º Dispensar a servidora EDNA APARECIDA DOS SANTOS HENZE PIRES, matrícula SIAPE nº 673713, portadora do CPF nº 101.697.358-69, da Função Gratificada, código FG-2.</p><p>Art. 2º Esta Portaria entra em vigor na data de sua publicação.</p><p class="assina">VICTOR PELLEGRINI MAMMANA</p>]]></Texto>
  </body>
</article></xml>