﻿<xml><article id="3487588" name="PORTARIA GPR 957" idOficio="4813095" pubName="DO2" artType="Portaria" pubDate="04/06/2018" artClass="00038:00039:00002:00000:00000:00000:00000:00000:00000:00000:00025:00001" artCategory="Poder Judiciário/Tribunal de Justiça do Distrito Federal e dos Territórios/Presidência" artSize="8" artNotes="" numberPage="52" pdfPage="http://pesquisa.in.gov.br/imprensa/jsp/visualiza/index.jsp?data=04/06/2018&amp;jornal=529&amp;pagina=52" editionNumber="105" highlightType="" highlightPriority="" highlight="" idMateria="10796470">
  <body>
    <Identifica><![CDATA[ PORTARIA  Nº 957,  DE  9 DE MAIO DE 2018]]></Identifica>
    <Data><![CDATA[]]></Data>
    <Ementa />
    <Titulo />
    <SubTitulo />
    <Texto><![CDATA[<p class="identifica">PORTARIA Nº 957, DE 9 DE MAIO DE 2018</p><p>O PRESIDENTE DO TRIBUNAL DE JUSTIÇA DO DISTRITO FEDERAL E DOS TERRITÓRIOS, no uso de sua competência legal, com base no disposto no art. 37 da Lei 8.112/1990, na Resolução CNJ 146/2012 e no Acórdão TCU 3.447/2012 - Plenário, bem como no PA 0005930/2018, resolve:</p><p>Redistribuir o cargo de Técnico Judiciário, Área Administrativa, Sem Especialidade, ocupado pelo servidor RUI MOACYR VINAGRE DE BRITO, matrícula 315.632, do Quadro de Pessoal deste Tribunal, em reciprocidade com o cargo de igual denominação ocupado por LUANA VANESSA GOES RODRIGUES SOUZA, matrícula S056400, do Quadro de Pessoal do SUPERIOR TRIBUNAL DE JUSTIÇA.</p><p class="assina">Desembargador ROMÃO C. OLIVEIRA</p><p></p>]]></Texto>
  </body>
</article></xml>