﻿<xml><article id="3459821" name="ATO_171_2018 - CHEFIA - Redistri" idOficio="4809914" pubName="DO2" artType="Ato" pubDate="01/06/2018" artClass="00038:00052:00000:00000:00000:00000:00000:00000:00000:00000:00001:00001" artCategory="Poder Judiciário/Tribunal Regional do Trabalho da 13ª Região" artSize="8" artNotes="" numberPage="102" pdfPage="http://pesquisa.in.gov.br/imprensa/jsp/visualiza/index.jsp?data=01/06/2018&amp;jornal=529&amp;pagina=102" editionNumber="104" highlightType="" highlightPriority="" highlight="" idMateria="10790286">
  <body>
    <Identifica><![CDATA[  ATO Nº 171, DE 28 DE MAIO DE 2018]]></Identifica>
    <Data><![CDATA[]]></Data>
    <Ementa />
    <Titulo />
    <SubTitulo />
    <Texto><![CDATA[<p class="identifica">ATO Nº 171, DE 28 DE MAIO DE 2018</p><p>O DESEMBARGADOR PRESIDENTE DO TRIBUNAL REGIONAL DO TRABALHO DA DÉCIMA TERCEIRA REGIÃO, no uso de suas atribuições legais e regimentais e tendo em vista o constante da Resolução Administrativa n. 035/2018 (Processo Administrativo: 1333400-97.2018.5.13.0000), resolve:</p><p>Redistribuir, ex officio, um cargo efetivo vago de Técnico Judiciário, Área Administrativa - Especialidade Segurança, do Quadro Permanente de Pessoal deste Regional para o Quadro Permanente de Pessoal do Tribunal Regional do Trabalho da 23ª Região, com respaldo no art. 37 da Lei n. 8.112/90, com redação da Lei n. 9.527/97, na forma regulamentada pela Resolução n. 146/2012, do Conselho Nacional de Justiça - CNJ, tendo por reciprocidade a redistribuição do cargo efetivo ocupado pelo servidor ROBSON BOTELHO PEREIRA, de Técnico Judiciário, Área Administrativa - Especialidade Segurança, do Quadro Permanente de Pessoal do Tribunal Regional do Trabalho da 23ª Região para o Quadro Permanente de Pessoal do Tribunal Regional do Trabalho da 13ª Região, com efeitos a contar de 01.06.2018.</p><p class="assina">EDUARDO SERGIO DE ALMEIDA</p>]]></Texto>
  </body>
</article></xml>