﻿<xml><article id="3465337" name="30.05.2018 CGGP 19" idOficio="4814302" pubName="DO2" artType="Portaria" pubDate="01/06/2018" artClass="00015:00034:00242:00053:00000:00000:00000:00000:00000:00000:00025:00019" artCategory="Ministério da Justiça/Fundação Nacional do Índio/Diretoria de Administração e Gestão/Coordenação-Geral de Gestão de Pessoas" artSize="8" artNotes="" numberPage="51" pdfPage="http://pesquisa.in.gov.br/imprensa/jsp/visualiza/index.jsp?data=01/06/2018&amp;jornal=529&amp;pagina=51" editionNumber="104" highlightType="" highlightPriority="" highlight="" idMateria="10798249">
  <body>
    <Identifica><![CDATA[ PORTARIA Nº 216, DE 29 DE MAIO DE 2018]]></Identifica>
    <Data><![CDATA[]]></Data>
    <Ementa />
    <Titulo />
    <SubTitulo />
    <Texto><![CDATA[<p class="identifica">PORTARIA Nº 216, DE 29 DE MAIO DE 2018</p><p>A COORDENADORA-GERAL DE GESTÃO DE PESSOAS SUBSTITUTA DA FUNDAÇÃO NACIONAL DO ÍNDIO - FUNAI, no uso das atribuições que lhe são conferidas pela Portaria nº 972/PRES, de 15 de agosto de 2013, publicada no Diário Oficial da União nº 159, de 19 de agosto de 2013, e tendo em vista o que consta no Processo nº 08743.000043/2018-41, resolve:</p><p>Art. 1º Conceder pensão civil a TEREZA TONKOY KRAHÔ, na condição de companheira do ex-servidor WALDOMIRO SILVEIRA KRAC KRAHÔ, matrícula nº 0444333, ocupante do cargo de Auxiliar de Serviços Gerais, NI-S-III, do Quadro de Pessoal da Fundação Nacional do Índio - Funai, lotado na Coordenação Técnica Local de Carolina I-MA, subordinada à Coordenação Regional Araguaia Tocantins-TO, com fundamento no artigo 217, inciso III da Lei nº 8.112/90, com redação dada pela Lei nº 13.135/2015, assegurado pela Emenda Constitucional nº 41/03 e artigo 2º, inciso II da Lei nº 10.887/04, a partir de 17/12/2017, data do óbito.</p><p>Art. 2º Esta Portaria entra em vigor na data de sua publicação.</p><p class="assina">ANGELA DA SILVA SOUSA</p>]]></Texto>
  </body>
</article></xml>