﻿<xml><article id="3464625" name="Publicação PT 1793-Marcele" idOficio="4814143" pubName="DO2" artType="Portaria" pubDate="01/06/2018" artClass="00011:00056:00000:00000:00000:00000:00000:00000:00000:00000:00025:00003" artCategory="Ministério da Educação/Instituto Federal de Educação, Ciência e Tecnologia da Bahia" artSize="8" artNotes="" numberPage="24" pdfPage="http://pesquisa.in.gov.br/imprensa/jsp/visualiza/index.jsp?data=01/06/2018&amp;jornal=529&amp;pagina=24" editionNumber="104" highlightType="" highlightPriority="" highlight="" idMateria="10798029">
  <body>
    <Identifica><![CDATA[ PORTARIA Nº 1.793, DE 30 DE MAIO DE 2018 ]]></Identifica>
    <Data><![CDATA[]]></Data>
    <Ementa />
    <Titulo />
    <SubTitulo />
    <Texto><![CDATA[<p></p><p class="identifica">PORTARIA Nº 1.793, DE 30 DE MAIO DE 2018</p><p>O REITOR DO INSTITUTO FEDERAL DE EDUCAÇÃO, CIÊNCIA E TECNOLOGIA DA BAHIA, no uso de suas atribuições legais, tendo em vista o disposto no Art. 95 da Lei nº 8.112/90, no Art. 4º da Portaria MEC nº 404, de 23/04/09, publicada no DOU de 07/05/09 e considerando o processo nº 23284.001135/2018-96, resolve:</p><p>Art. 1º. Autorizar o afastamento, com ônus limitado para o IFBA, da servidora MARCELE ALMEIDA DOS SANTOS, ocupante do cargo de Professor do Ensino Básico, Técnico e Tecnológico, Mat. SIAPE nº 1361699, lotado no Campus Santo Amaro, no período 08/07/2018 a 14/07/2018, a fim de apresentar o trabalho: "Saber-Fazer é fazer -saber Etnomatemática em pauta no Fórum Social Mundial 2018", na Universidad de Antioquia, em Medellin na Colômbia.</p><p>Art. 2º. Esta portaria tornar-se-á sem efeito imediatamente após a conclusão do referido evento.</p><p class="assina">RENATO DA ANUNCIAÇÃO FILHO</p>]]></Texto>
  </body>
</article></xml>