﻿<xml><article id="3462668" name="PTS36A38SÃOJOSEDORIOPRETO" idOficio="4813898" pubName="DO2" artType="Portaria" pubDate="01/06/2018" artClass="00022:00029:00239:00022:00025:00000:00000:00000:00000:00000:00025:00004" artCategory="Ministério do Desenvolvimento Social/Instituto Nacional do Seguro Social/Superintendência-Regional Sudeste I em São Paulo/Gerência Executiva - B - São José do Rio Preto/Seção Operacional da Gestão de Pessoas" artSize="8" artNotes="OK" numberPage="65" pdfPage="http://pesquisa.in.gov.br/imprensa/jsp/visualiza/index.jsp?data=01/06/2018&amp;jornal=529&amp;pagina=65" editionNumber="104" highlightType="" highlightPriority="" highlight="" idMateria="10797718">
  <body>
    <Identifica><![CDATA[ PORTARIAS DE 30 DE MAIO DE 2018]]></Identifica>
    <Data><![CDATA[]]></Data>
    <Ementa />
    <Titulo />
    <SubTitulo />
    <Texto><![CDATA[<p></p><p class="identifica">PORTARIAS DE 30 DE MAIO DE 2018</p><p>O CHEFE DA SEÇÃO OPERACIONAL DA GESTÃO DE PESSOAS DA GERÊNCIA EXECUTIVA DO INSS EM SÃO JOSÉ DO RIO PRETO, no uso das atribuições estabelecidas na alínea "a", do inciso I do artigo 235 do Regimento Interno, aprovado pela Portaria MDS/GM nº 414, de 28/09/2017, publicada no DOU nº 188-A, de 29/09/2017, resolve:</p><p>Nº 36- Conceder Aposentadoria Voluntária ao servidor LUIS ANTONIO HERRERA, matrícula 0948273, ocupante do cargo de Técnico do Seguro Social, Classe S, Padrão IV, do quadro de pessoal do Instituto Nacional do Seguro Social, com fundamento no artigo 3º da Emenda Constitucional nº 47/2005, com proventos integrais, acrescidos das demais vantagens a que faz jus, observado o contido no processo 35389.000113/2018-10. Declarar vago o referido cargo.</p><p>Nº 37 - Conceder Aposentadoria Voluntária à servidora MARIA LÚCIA VILLELA MARTINS, matrícula 0935235, ocupante do cargo de Técnico do Seguro Social, Classe S, Padrão IV, do quadro de pessoal do Instituto Nacional do Seguro Social, com fundamento no artigo 3º da Emenda Constitucional nº 47/2005, com proventos integrais, acrescidos das demais vantagens a que faz jus, observado o contido no processo 35377.002826/2018-57. Declarar vago o referido cargo.</p><p>Nº 38 - Conceder Aposentadoria Voluntária ao servidor ELSON MACHADO SILVEIRA, matrícula 0935256, ocupante do cargo de Técnico do Seguro Social, Classe S, Padrão IV, do quadro de pessoal do Instituto Nacional do Seguro Social, com fundamento no artigo 3º da Emenda Constitucional nº 47/2005, com proventos integrais, acrescidos das demais vantagens a que faz jus, observado o contido no processo 35414.000864/2018-81. Declarar vago o referido cargo.</p><p class="assina">Erasmo Batista de Farias</p>]]></Texto>
  </body>
</article></xml>