﻿<xml><article id="3462617" name="Portaria-2018-075-Designa Chefes" idOficio="4813880" pubName="DO2" artType="Retificação" pubDate="01/06/2018" artClass="00034:00008:00015:00000:00000:00000:00000:00000:00000:00000:00032:00001" artCategory="Ministério Público da União/Ministério Público do Trabalho/Procuradoria Regional do Trabalho da 14ª Região" artSize="8" artNotes="" numberPage="91" pdfPage="http://pesquisa.in.gov.br/imprensa/jsp/visualiza/index.jsp?data=01/06/2018&amp;jornal=529&amp;pagina=91" editionNumber="104" highlightType="" highlightPriority="" highlight="" idMateria="10797694">
  <body>
    <Identifica><![CDATA[ RETIFICAÇÃO]]></Identifica>
    <Data><![CDATA[]]></Data>
    <Ementa />
    <Titulo />
    <SubTitulo />
    <Texto><![CDATA[<p class="identifica">RETIFICAÇÃO</p><p>Na Portaria GPC da PRT-14, nº 75/2018, de 14/05/2018, publicada no DOU n° 92, p. 66, do dia 15/05/2018, que designa os Substitutos dos Chefes das Assessorias Jurídicas de Ofícios das PTMs de Rio Branco e Ji-Paraná, no Art. 1º, onde se lê : "código CC-2", leia-se "código CC-4".</p>]]></Texto>
  </body>
</article></xml>