﻿<xml><article id="3460022" name="REITORIA,125.2018" idOficio="4812449" pubName="DO2" artType="Portaria" pubDate="01/06/2018" artClass="00011:00110:00000:00000:00000:00000:00000:00000:00000:00000:00025:00002" artCategory="Ministério da Educação/Universidade Federal do Espírito Santo" artSize="8" artNotes="" numberPage="34" pdfPage="http://pesquisa.in.gov.br/imprensa/jsp/visualiza/index.jsp?data=01/06/2018&amp;jornal=529&amp;pagina=34" editionNumber="104" highlightType="" highlightPriority="" highlight="" idMateria="10794666">
  <body>
    <Identifica><![CDATA[ PORTARIAS DE 29 DE MAIO DE 2018]]></Identifica>
    <Data><![CDATA[]]></Data>
    <Ementa />
    <Titulo />
    <SubTitulo />
    <Texto><![CDATA[<p class="identifica">PORTARIAS DE 29 DE MAIO DE 2018</p><p>O Reitor da Universidade Federal do Espírito Santo, usando de suas atribuições legais e estatutárias, resolve:</p><p>Nº 813 - Conceder aposentadoria voluntária a SUELI FALCAO, SIAPE 296518, Auxiliar de Enfermagem, C-IV, Padrão de Vencimento 16, na forma do artigo 3º da Emenda Constitucional nº 47/05, com proventos integrais, acrescidos de 17% (dezessete por cento) de adicional por tempo de serviço.</p><p>Cessar os efeitos dos atos vinculados ao exercício do cargo.(Processo nº 23068.025988/2018-78)</p><p>Nº 814 - Conceder aposentadoria voluntária a SILVANA LYRA VICENTINI MOURRAHY, SIAPE 296792, Bibliotecário-Documentalista, E-IV, Padrão de Vencimento 16, na forma do artigo 3º da Emenda Constitucional nº 47/05, com proventos integrais, acrescidos de 16% (dezesseis por cento) de adicional por tempo de serviço e da Vantagem Pessoal Nominalmente Identificada - VPNI de 2/5 (dois quintos) de FG-04 de acordo com a Lei nº 8.911/94.</p><p>Cessar os efeitos dos atos vinculados ao exercício do cargo.(Processo nº 23068.027786/2018-61)</p><p>Nº 815 - Conceder aposentadoria voluntária a ROSINEA SOUSA MARIANO FRAGA, SIAPE 296951, Auxiliar de Enfermagem, C-IV, Padrão de Vencimento 16, na forma do artigo 3º da Emenda Constitucional nº 47/05, com proventos integrais, acrescidos de 15% (quinze por cento) de adicional por tempo de serviço.</p><p>Cessar os efeitos dos atos vinculados ao exercício do cargo.(Processo nº 23068.024119/2018-26)</p><p>Nº 816 - Conceder aposentadoria voluntária a MARILZA NEGRELI MARTINS, SIAPE 1174923, Servente de Limpeza, A-IV, Padrão de Vencimento 10, na forma do artigo 40, § 1º, inciso III, alínea "a" da Constituição Federal, com redação dada pela Emenda Constitucional nº 41/03, observando-se a média aritmética prevista no art. 1º, § 1º da Lei nº 10.887/04.</p><p>Cessar os efeitos dos atos vinculados ao exercício do cargo.(Processo nº 23068.026143/2018-08)</p><p>Nº 817 - Conceder aposentadoria voluntária a CICERO MORAES NETO, SIAPE 294587, Assistente em Administração, D-II, Padrão de Vencimento 16, na forma do artigo 3º da Emenda Constitucional nº 47/05, com proventos integrais, acrescidos de 18% (dezoito por cento) de adicional por tempo de serviço.</p><p>Cessar os efeitos dos atos vinculados ao exercício do cargo.(Processo nº 23068.027760/2018-12)</p><p>Nº 818 - Conceder aposentadoria voluntária a FERNANDO JOSE DE SOUSA, SIAPE 297745, Técnico de Laboratório Área, D-IV, Padrão de Vencimento 16, na forma do artigo 3º da Emenda Constitucional nº 47/05, com proventos integrais, acrescidos de 11% (onze por cento) de adicional por tempo de serviço.</p><p>Cessar os efeitos dos atos vinculados ao exercício do cargo.(Processo nº 23068.027353/2018-13)</p><p class="assina">Reinaldo Centoducatte</p>]]></Texto>
  </body>
</article></xml>