﻿<xml><article id="3460154" name="Portaria nº 616 de 28 de maio de" idOficio="4812484" pubName="DO2" artType="Portaria" pubDate="01/06/2018" artClass="00011:00063:00001:00000:00000:00000:00000:00000:00000:00000:00025:00001" artCategory="Ministério da Educação/Instituto Federal de Educação, Ciência e Tecnologia Fluminense/Reitoria" artSize="8" artNotes="" numberPage="26" pdfPage="http://pesquisa.in.gov.br/imprensa/jsp/visualiza/index.jsp?data=01/06/2018&amp;jornal=529&amp;pagina=26" editionNumber="104" highlightType="" highlightPriority="" highlight="" idMateria="10794703">
  <body>
    <Identifica><![CDATA[ Portaria Nº 616, de 28 de maio de 2018]]></Identifica>
    <Data><![CDATA[]]></Data>
    <Ementa />
    <Titulo />
    <SubTitulo />
    <Texto><![CDATA[<p class="identifica">Portaria Nº 616, de 28 de maio de 2018</p><p>O REITOR DO INSTITUTO FEDERAL DE EDUCAÇÃO, CIÊNCIA E TECNOLOGIA FLUMINENSE - IFFLUMINENSE, no uso das atribuições legais que lhe confere a Lei 11.892 de 29/12/2008, publicada no D.O.U. de 30/12/2008; a Portaria MEC N.º 378, de 09/05/2016, publicada no D.O.U. de 10/05/2016, seção 1, páginas 19 a 27 e o Decreto Presidencial de 05 de abril de 2016, publicado no D.O.U. de 06 de abril de 2016, resolve:</p><p>Art. 1.º Conceder APOSENTADORIA VOLUNTÁRIA COM PROVENTOS INTEGRAIS, de acordo o Artigo 6.º da Emenda Constitucional N.º 41 de 19/12/2003, publicada no D.O.U. de 31/12/2003 e com o artigo 2.º da Emenda Constitucional N.º 47 de 05/07/2005, publicada no D.O.U. de 06/07/2005, combinado com o Artigo 186, inciso III, alínea "b" da Lei 8.112/90 e com o § 5.º do Artigo 40 da Constituição Federal com redação dada pela Emenda Constitucional N.º 41/2003, à servidora MARIA AMELIA AYD CORREA, Matrícula SIAPE 1000631, ocupante do cargo de Professor do Ensino Básico, Técnico e Tecnológico, Classe D IV, Nível 4, no regime de trabalho de Dedicação Exclusiva, código de vaga 207428, do Quadro Permanente deste Instituto, assegurando-se as seguintes incorporações: 5% (cinco por cento) a título de Adicional por Tempo de Serviço e o Reconhecimento de Saberes e Competências Nível III (RSC III) equivalente à Retribuição por Titulação de Doutorado, instituído pela Lei 12.772 de 28/12/2012, publicada no D.O.U. de 31/12/2012, tendo em vista o que consta no Processo N.º 23318.000408.2018-41.</p><p>Art. 2.º Declarar vago o respectivo cargo.</p><p>Art. 3.º Esta portaria entra em vigor na data de sua publicação no Diário Oficial da União.</p><p class="assina">JEFFERSON MANHÃES DE AZEVEDO</p><p></p>]]></Texto>
  </body>
</article></xml>