﻿<xml><article id="3460124" name="648_contrata_Eduardo de Lima Pin" idOficio="4812434" pubName="DO2" artType="Portaria" pubDate="01/06/2018" artClass="00011:00003:00000:00000:00000:00000:00000:00000:00000:00000:00025:00002" artCategory="Ministério da Educação/Centro Federal de Educação Tecnológica Celso Suckow da Fonseca" artSize="8" artNotes="" numberPage="18" pdfPage="http://pesquisa.in.gov.br/imprensa/jsp/visualiza/index.jsp?data=01/06/2018&amp;jornal=529&amp;pagina=18" editionNumber="104" highlightType="" highlightPriority="" highlight="" idMateria="10794884">
  <body>
    <Identifica><![CDATA[ PORTARIA N° 648,  DE 22 DE MAIO DE 2018]]></Identifica>
    <Data><![CDATA[]]></Data>
    <Ementa />
    <Titulo />
    <SubTitulo />
    <Texto><![CDATA[<p></p><p></p><p class="identifica">PORTARIA N° 648, DE 22 DE MAIO DE 2018</p><p>O DIRETOR-GERAL DO CENTRO FEDERAL DE EDUCAÇÃO TECNOLÓGICA CELSO SUCKOW DA FONSECA, no uso de suas atribuições, nos termos das Leis n°. 8.745/93, nº. 9.849/99; na Orientação Normativa SRH/MP n°. 5, de 28/10/2009; no Edital nº. 001/2017 e classificação final homologada através da Portaria nº. 103, publicada no DOU de 07/02/2017 e conforme consta do Processo n°. 23063.000061/2017-17, resolve:</p><p>Art. 1º. Contratar, a partir de 01 de junho de 2018, EDUARDO DE LIMA PINTO CARREIRO, habilitado (a) em Processo Seletivo, com base no Artigo 2º, Inciso X § 1º da Lei nº. 8.745/93, na condição de Professor do Ensino Básico, Técnico e Tecnológico - Substituto, na disciplina de Administração, Classe "D I", Nível 1, regime de trabalho de 40 horas semanais.</p><p class="assina">CARLOS HENRIQUE FIGUEIREDO ALVES</p><p></p>]]></Texto>
  </body>
</article></xml>