﻿<xml><article id="3464859" name="Portaria 214.2018" idOficio="4814224" pubName="DO2" artType="Portaria" pubDate="01/06/2018" artClass="00025:00003:00002:00000:00000:00000:00000:00000:00000:00000:00025:00002" artCategory="Ministério do Meio Ambiente/Agência Nacional de Águas/Diretor-Presidente" artSize="8" artNotes="" numberPage="69" pdfPage="http://pesquisa.in.gov.br/imprensa/jsp/visualiza/index.jsp?data=01/06/2018&amp;jornal=529&amp;pagina=69" editionNumber="104" highlightType="" highlightPriority="" highlight="" idMateria="10798134">
  <body>
    <Identifica><![CDATA[ PORTARIA Nº 214, DE 28 DE MAIO DE 2018]]></Identifica>
    <Data><![CDATA[]]></Data>
    <Ementa />
    <Titulo />
    <SubTitulo />
    <Texto><![CDATA[<p class="identifica">PORTARIA Nº 214, DE 28 DE MAIO DE 2018</p><p>A DIRETORA-PRESIDENTE DA AGÊNCIA NACIONAL DE ÁGUAS-ANA, no uso da atribuição que lhe confere o art. 112, inciso XIII, do Regimento Interno aprovado pela Resolução nº 32, de 23 de abril de 2018, publicada no DOU de 7 de maio de 2018, que aprovou o Regimento Interno da ANA, e com base nos elementos constantes do processo nº 02501.002128/2014-04, resolve:</p><p>Art. 1º Alterar os representantes da ANA na Comissão de Avaliação do Termo de Parceria nº 001/2015/ANA, de 1º de julho de 2015 - CavTP, constituída por meio da Portaria nº 156, de 7 de abril de 2016, publicada no Diário Oficial da União de 11 de abril de 2016, seção 2, pág. 53, que passa a ter a seguinte composição:</p><p>"Art. 1º ...</p><p>I - Da ANA:</p><p>a) Wagner Martins da Cunha Vilella; e</p><p>b) Lucas Braga Ribeiro.</p><p>..."</p><p>Art. 2º Esta Portaria entra em vigor na data de sua publicação, ficando revogada a Portaria nº 169, de 26 de abril de 2016, publicada no DOU de 28 de abril, Seção 2, pág. 43.</p><p class="assina">CHRISTIANNE DIAS FERREIRA</p>]]></Texto>
  </body>
</article></xml>