﻿<xml><article id="3460298" name="Portarias 1214 1224" idOficio="4813695" pubName="DO2" artType="Portaria" pubDate="01/06/2018" artClass="00011:00065:00001:00001:00000:00000:00000:00000:00000:00000:00025:00001" artCategory="Ministério da Educação/Instituto Federal de Educação, Ciência e Tecnologia de Goiás/Reitoria/Gabinete" artSize="8" artNotes="" numberPage="27" pdfPage="http://pesquisa.in.gov.br/imprensa/jsp/visualiza/index.jsp?data=01/06/2018&amp;jornal=529&amp;pagina=27" editionNumber="104" highlightType="" highlightPriority="" highlight="" idMateria="10797402">
  <body>
    <Identifica><![CDATA[ PORTARIAS  DE 25 DE MAIO DE 2018 ]]></Identifica>
    <Data><![CDATA[]]></Data>
    <Ementa />
    <Titulo />
    <SubTitulo />
    <Texto><![CDATA[<p class="identifica">PORTARIAS DE 25 DE MAIO DE 2018</p><p>O REITOR DO INSTITUTO FEDERAL DE EDUCAÇÃO, CIÊNCIA E TECNOLOGIA DE GOIÁS - IFG, nomeado por Decreto Presidencial de 04 de outubro de 2017, publicado no Diário Oficial da União de 05.10.2017, no uso de suas atribuições legais e regimentais, resolve:</p><p>N° 1.214 - I - Considerando o que consta no Memorando nº 097/2018/PRODI/IFG, exonerar a servidora CRISTIANE ALVARENGA ROCHA SANTOS, ocupante do cargo efetivo de Professor EBTT, Matrícula SIAPE n° 1535710, do cargo de Gerente da Gerência de Pesquisa, Pós-Graduação e Extensão do Câmpus Uruaçu do IFG, Código CD-04, UORG-042, ficando seu exercício vinculado à UORG-041.</p><p>II - Designar o servidor GUSTAVO LOUIS HENRIQUE PINTO, ocupante do cargo efetivo de Professor EBTT, Matrícula SIAPE n° 1208361, para exercer o cargo de Gerente da Gerência de Pesquisa, Pós-Graduação e Extensão do Câmpus Uruaçu do IFG, Código CD-04, UORG-042.</p><p>III - Esta Portaria entra em vigor na data de sua publicação.</p><p>N° 1.224 - Nomear a servidora ONEIDA CRISTINA GOMES BARCELOS IRIGON, ocupante do cargo de Professor EBTT, Pró-Reitora de Ensino do IFG, Matrícula SIAPE nº 1769015, para, em substituição, exercer o cargo de Reitora do IFG, Código CD-01, UORG-002, no período de 11 a 14 de junho de 2018, em virtude de afastamento do titular.</p><p class="assina">JERÔNIMO RODRIGUES DA SILVA</p><p></p>]]></Texto>
  </body>
</article></xml>