﻿<xml><article id="3465533" name="224_225_226_DG_GR_Dispensar" idOficio="4814291" pubName="DO2" artType="Portaria" pubDate="01/06/2018" artClass="00006:00019:00000:00000:00000:00000:00000:00000:00000:00000:00000:00008" artCategory="Presidência da República/Gabinete de Segurança Institucional/Agência Brasileira de Inteligência" artSize="8" artNotes="" numberPage="3" pdfPage="http://pesquisa.in.gov.br/imprensa/jsp/visualiza/index.jsp?data=01/06/2018&amp;jornal=529&amp;pagina=3" editionNumber="104" highlightType="" highlightPriority="" highlight="" idMateria="10798208">
  <body>
    <Identifica><![CDATA[ PORTARIAS DE 29 DE MAIO DE 2018]]></Identifica>
    <Data><![CDATA[]]></Data>
    <Ementa />
    <Titulo />
    <SubTitulo />
    <Texto><![CDATA[<p class="identifica">PORTARIAS DE 29 DE MAIO DE 2018</p><p><strong>O DIRETOR-GERAL DA AGÊNCIA BRASILEIRA DE INTELIGÊNCIA DO GABINETE DE SEGURANÇA INSTITUCIONAL DA PRESIDÊNCIA DA REPÚBLICA</strong>, no uso da competência que lhe foi subdelegada pela alínea "d" do inciso I do art. 2° da Portaria n° 74-GSIPR, de 25 de novembro de 2016, publicada no Diário Oficial da União n° 231, de 2 de dezembro de 2016, resolve:</p><p>Nº 224 - Art. 1º Dispensar, a partir do dia 1º de junho de 2018, matrícula nº 911258, da função de Auxiliar - GR I, por retorno à Força.</p><p>Nº 225 - Art. 1º Dispensar, a partir do dia 1º de junho de 2018, matrícula nº 907805, da função de Especialista - GR II, por retorno à Força.</p><p>Nº 226 - Art. 1º Dispensar, a partir do dia 1º de junho de 2018, matrícula nº 912104, da função de Auxiliar - GR I, por retorno à Força.</p><p class="assina">JANER TESCH HOSKEN ALVARENGA</p>]]></Texto>
  </body>
</article></xml>