﻿<xml><article id="3460658" name="PTS67E68TAUBATE" idOficio="4813740" pubName="DO2" artType="Portaria" pubDate="01/06/2018" artClass="00022:00029:00239:00026:00016:00000:00000:00000:00000:00000:00025:00004" artCategory="Ministério do Desenvolvimento Social/Instituto Nacional do Seguro Social/Superintendência-Regional Sudeste I em São Paulo/Gerência Executiva - B - Taubaté/Seção Operacional da Gestão de Pessoas" artSize="8" artNotes="OK" numberPage="66" pdfPage="http://pesquisa.in.gov.br/imprensa/jsp/visualiza/index.jsp?data=01/06/2018&amp;jornal=529&amp;pagina=66" editionNumber="104" highlightType="" highlightPriority="" highlight="" idMateria="10797433">
  <body>
    <Identifica><![CDATA[ PORTARIAS DE 29 DE MAIO DE 2018]]></Identifica>
    <Data><![CDATA[]]></Data>
    <Ementa />
    <Titulo />
    <SubTitulo />
    <Texto><![CDATA[<p></p><p class="identifica">PORTARIAS DE 29 DE MAIO DE 2018</p><p>O Chefe da Seção Operacional da Gestão de Pessoas do INSS em Taubaté/SP, no uso das atribuições conferidas pelo Art. 235 do Regimento Interno do INSS, aprovado pela Portaria MDS nº 414, de 28/09/2017, publicada no DOU nº 188, de 29/09/2017, resolve:</p><p>Nº 67 - Conceder Aposentadoria Voluntária integral à servidora Celina Candida da Silva, matrícula 0.759.204, ocupante do cargo de Técnico do Seguro Social, Classe S, Padrão IV, do Quadro de Pessoal do Instituto Nacional do Seguro Social, com fundamento no artigo 3º da Emenda Constitucional nº 47, de 05 de julho de 2005, observado o contido no Processo nº 35446.000306/2018-49, declarando em consequência, o referido cargo vago.</p><p>Nº 68 - Conceder Aposentadoria Voluntária integral à servidora Vitoria Regina Vettoretti Leite, matrícula 0937920, ocupante do cargo de Técnico do Seguro Social, Classe S, Padrão IV, do Quadro de Pessoal do Instituto Nacional do Seguro Social, com fundamento no artigo 3º da Emenda Constitucional nº 47, de 05 de julho de 2005, observado o contido no Processo nº 35446.000073/2018-84, declarando em consequência, o referido cargo vago.</p><p class="assina">CRISTIANO SANTOS DA SILVA</p>]]></Texto>
  </body>
</article></xml>