﻿<xml><article id="3465647" name="trt234465__130712" idOficio="4814342" pubName="DO2" artType="Ato" pubDate="01/06/2018" artClass="00038:00063:00000:00000:00000:00000:00000:00000:00000:00000:00001:00001" artCategory="Poder Judiciário/Tribunal Regional do Trabalho da 23ª Região" artSize="8" artNotes="" numberPage="103" pdfPage="http://pesquisa.in.gov.br/imprensa/jsp/visualiza/index.jsp?data=01/06/2018&amp;jornal=529&amp;pagina=103" editionNumber="104" highlightType="" highlightPriority="" highlight="" idMateria="10798317">
  <body>
    <Identifica><![CDATA[ ATO nº 44, de 25 de maio de 2018]]></Identifica>
    <Data><![CDATA[]]></Data>
    <Ementa />
    <Titulo />
    <SubTitulo />
    <Texto><![CDATA[<p class="identifica">ATO nº 44, de 25 de maio de 2018</p><p>O EXCELENTÍSSIMO DESEMBARGADOR DO TRABALHO ROBERTO BENATAR, no exercício regimental da Presidência do TRIBUNAL REGIONAL DO TRABALHO DA 23ª REGIÃO, no uso de suas atribuições legais, Considerando os termos do Proad n. 2147/2018; resolve:</p><p>Redistribuir, a partir de 1º.06.2018, o cargo de Técnico Judiciário, Área Administrativa, Especialidade Segurança, do quadro de pessoal permanente deste Tribunal, ocupado pelo servidor ROBSON BOTELHO PEREIRA, matrícula 308.23.079, em reciprocidade com o cargo vago de Técnico Judiciário, Área Administrativa, Especialidade Segurança, do quadro de pessoal permanente do TRT da 13ª Região.</p><p class="assina">ROBERTO BENATAR</p><p class="identifica">ATO nº 46, 29 de maio de 2018</p><p>A DESEMBARGADORA DO TRABALHO ELINEY BEZERRA VELOSO, PRESIDENTE DO TRIBUNAL REGIONAL DO TRABALHO DA 23ª REGIÃO, no uso de suas atribuições contidas no Regimento Interno, Considerando os termos do Proad n. 3023/2018; resolve:</p><p>Tornar sem efeito, por decurso de prazo legal para a posse, com base no §6º do artigo 13 da Lei n. 8.112/1990, a nomeação da candidata CARINE CRISTHEL RUFINO PREISIGHE, aprovada em concurso público realizado por este Tribunal, para exercer de Técnico Judiciário, Área Administrativa, Sem Especialidade, Classe A, Padrão 1, do Quadro de Pessoal Permanente deste Tribunal, criado pela Lei nº 10.770/2003, constante do Ato TRT/SGH/DG/GP n. 26/2018, publicado no Diário Oficial da União n. 74/2018, Seção 2, página 77, do dia 18.04.2018.</p><p class="assina">ELINEY BEZERRA VELOSO</p><p class="identifica">ATO nº 47, de 29 DE MAIO DE 2018</p><p>A DESEMBARGADORA DO TRABALHO ELINEY BEZERRA VELOSO, PRESIDENTE DO TRIBUNAL REGIONAL DO TRABALHO DA 23ª REGIÃO, no uso de suas atribuições contidas no Regimento Interno, Considerando os termos do Proad n. 3024/2018; resolve:</p><p>Tornar sem efeito, por decurso de prazo legal para a posse, com base no §6º do artigo 13 da Lei n. 8.112/1990, a nomeação da candidata FERNANDA COUTINHO NUNES, aprovada em concurso público realizado por este Tribunal, para exercer de Técnico Judiciário, Área Administrativa, Sem Especialidade, Classe A, Padrão 1, do Quadro de Pessoal Permanente deste Tribunal, criado pela Lei nº 8.432/1992, constante do Ato TRT/SGH/DG/GP n. 27/2018, publicado no Diário Oficial da União n. 74/2018, Seção 2, página 77, do dia 18.04.2018.</p><p class="assina">ELINEY BEZERRA VELOSO</p><p class="identifica">ATO nº 48, DE 30 DE MAIO DE 2018</p><p>A DESEMBARGADORA DO TRABALHO ELINEY BEZERRA VELOSO, PRESIDENTE DO TRIBUNAL REGIONAL DO TRABALHO DA 23ª REGIÃO, no uso de suas atribuições contidas no Regimento Interno, Considerando o contido no Processo TRT n. 5.163/2015, na Resolução Administrativa n. 134/2016 e nos artigos 9º, I e 10 da Lei n. 8.112/90; Considerando os termos do Ato TRT/DG/GP n. 013/2017, que concedeu aposentadoria voluntária a servidora Maria Cristina Alécio, no cargo de Técnico Judiciário, Área Administrativa, Sem Especialidade, a partir de 28/03/2017; Considerando os termos do PROAD n. 3024/2018 e do Ato TRT/SGH/DG/GP n. 47/2018; Considerando os termos do PROAD n. 5082/2018; resolve:</p><p>Nomear o candidato VINICIUS NUNES TEIXEIRA, para exercer o cargo efetivo de Técnico Judiciário, Área Administrativa, Sem Especialidade, Classe A, Padrão 1, do Quadro de Pessoal Permanente deste Tribunal, criado pela Lei nº 8.432/1992.</p><p class="assina">ELINEY BEZERRA VELOSO</p><p class="identifica">ATO nº 49, de 30 de maio de 2018</p><p>A DESEMBARGADORA DO TRABALHO ELINEY BEZERRA VELOSO, PRESIDENTE DO TRIBUNAL REGIONAL DO TRABALHO DA 23ª REGIÃO, no uso de suas atribuições contidas no Regimento Interno, Considerando o contido no Processo TRT n. 5.163/2015, na Resolução Administrativa n. 134/2016 e nos artigos 9º, I e 10 da Lei n. 8.112/90; Considerando os termos do Ato TRT/DG/GP n. 031/2018, que exonerou a servidora Renata Starling Jorge Dutra, do cargo de Técnico Judiciário, Área Administrativa, Sem Especialidade, a partir de 18/04/2018; Considerando os termos do PROAD n. 5086/2018; resolve:</p><p>Nomear a candidata Ana Clara Cavalli, para exercer o cargo efetivo de Técnico Judiciário, Área Administrativa, Sem Especialidade, Classe A, Padrão 1, do Quadro de Pessoal Permanente deste Tribunal, criado pela Lei nº 12.660/2012.</p><p class="assina">ELINEY BEZERRA VELOSO</p><p class="identifica">ATO nº 50, 30 de maio de 2018</p><p>A DESEMBARGADORA DO TRABALHO ELINEY BEZERRA VELOSO, PRESIDENTE DO TRIBUNAL REGIONAL DO TRABALHO DA 23ª REGIÃO, no uso de suas atribuições contidas no Regimento Interno, Considerando o contido no Processo TRT n. 5.163/2015, na Resolução Administrativa n. 134/2016 e nos artigos 9º, I e 10 da Lei n. 8.112/90; Considerando os termos do Ato TRT/DG/GP n. 035/2018, que declarou vago o cargo de Técnico Judiciário, Área Administrativa, Sem Especialidade, do Quadro de Pessoal Permanente deste Tribunal, da servidora LEYZA CRUZ VIEIRA, por motivo de posse em outro Cargo Público Inacumulável, nos termos do art. 33, inciso VIII, da Lei n. 8.112/90, a contar de 02.05.2018; Considerando os termos do PROAD n. 5089/2018; resolve:</p><p>Nomear a candidata Joyce Veloso Maia Lemos, para exercer o cargo efetivo de Técnico Judiciário, Área Administrativa, Sem Especialidade, Classe A, Padrão 1, do Quadro de Pessoal Permanente deste Tribunal, criado pela Lei nº 8.432/92.</p><p class="assina">ELINEY BEZERRA VELOSO</p>]]></Texto>
  </body>
</article></xml>