﻿<xml><article id="3462737" name="PTS37E38SGPADM" idOficio="4813887" pubName="DO2" artType="Portaria" pubDate="04/06/2018" artClass="00022:00029:00233:00003:00066:00000:00000:00000:00000:00000:00025:00001" artCategory="Ministério do Desenvolvimento Social/Instituto Nacional do Seguro Social/Diretoria de Gestão de Pessoas/Coordenação-Geral de Gestão de Pessoas/Serviço de Gestão de Pessoas da Administração Central" artSize="8" artNotes="" numberPage="34" pdfPage="http://pesquisa.in.gov.br/imprensa/jsp/visualiza/index.jsp?data=04/06/2018&amp;jornal=529&amp;pagina=34" editionNumber="105" highlightType="" highlightPriority="" highlight="" idMateria="10797703">
  <body>
    <Identifica><![CDATA[ PORTARIAS de 30 de maio de 2018]]></Identifica>
    <Data><![CDATA[]]></Data>
    <Ementa />
    <Titulo />
    <SubTitulo />
    <Texto><![CDATA[<p class="identifica">PORTARIAS de 30 de maio de 2018</p><p>A CHEFE DO SERVIÇO DE GESTÃO DE PESSOAS DA ADMINISTRAÇÃO CENTRAL DO INSTITUTO NACIONAL DO SEGURO SOCIAL, no uso das atribuições conferidas pelo artigo 119 do Regimento Interno do INSS, aprovado pela Portaria MDS nº 414, de 28.09.2017, publicada no DOU nº 188-A, Seção I, de 24.07.2017, Seção I, resolve:</p><p>Nº 37. Conceder aposentadoria voluntária por tempo de contribuição ao servidor ANTÔNIO FERNANDES BARBOSA, matrícula 0.130.080, ocupante do cargo de Agente de Serviços Diversos, Classe "S", Padrão IV, do quadro de pessoal do Instituto Nacional do Seguro Social, com fundamento no artigo 3º da Emenda Constitucional nº 47/2005, com proventos integrais, com base na remuneração do cargo e demais vantagens a que faz jus, na forma da lei. (Processo nº 35000.000588/2018-13), em consequência, declarar vago o referido cargo.</p><p>Nº 38. Conceder aposentadoria voluntária por tempo de contribuição a servidora DENISE APARECIDA BENEDITO BRANDÃO, matrícula 0.878.963, ocupante do cargo de Técnico do Seguro Social, Classe "S", Padrão IV, do quadro de pessoal do Instituto Nacional do Seguro Social, com fundamento no artigo 3º da Emenda Constitucional nº 47/2005, com proventos integrais, com base na remuneração do cargo e demais vantagens a que faz jus, na forma da lei. (Processo nº 35000.000600/2018-90), em consequência, declarar vago o referido cargo.</p><p class="assina">ANA PAULA PROCACI ERVILHA</p>]]></Texto>
  </body>
</article></xml>