﻿<xml><article id="3465830" name="(Port. nº 946-SEI-CGEP) DARLY PO" idOficio="4814349" pubName="DO2" artType="Portaria" pubDate="01/06/2018" artClass="00013:00002:00016:00016:00000:00000:00000:00000:00000:00000:00025:00001" artCategory="Ministério da Indústria, Comércio Exterior e Serviços/Secretaria Executiva/Subsecretaria de Planejamento, Orçamento e Administração/Coordenação-Geral de Gestão de Pessoas" artSize="8" artNotes="" numberPage="49" pdfPage="http://pesquisa.in.gov.br/imprensa/jsp/visualiza/index.jsp?data=01/06/2018&amp;jornal=529&amp;pagina=49" editionNumber="104" highlightType="" highlightPriority="" highlight="" idMateria="10798324">
  <body>
    <Identifica><![CDATA[ PORTARIA Nº 946-SEI, DE 30 DE MAIO DE 2018]]></Identifica>
    <Data><![CDATA[]]></Data>
    <Ementa />
    <Titulo />
    <SubTitulo />
    <Texto><![CDATA[<p class="identifica">PORTARIA Nº 946-SEI, DE 30 DE MAIO DE 2018</p><p>A COORDENADORA-GERAL DE GESTÃO DE PESSOAS, SUBSTITUTA, DO MINISTÉRIO DA INDÚSTRIA, COMÉRCIO EXTERIOR E SERVIÇOS, no uso da competência que lhe foi subdelegada pela Portaria SPOA/SE-MDIC nº 26, de 13 de julho de 2016, e considerando as informações constantes dos autos do processo SEI nº 52001.101245/2017-01, resolve:</p><p>Conceder aposentadoria voluntária, com proventos integrais, à servidora DARLY PONCE DE SOUZA, matrícula Siape nº 0131162, ocupante do cargo efetivo de Agente Administrativo, Classe "S", Padrão III, do Quadro de Pessoal deste Ministério, com fundamento no art. 3º da Emenda Constitucional nº 47, de 5 de julho de 2005, declarando, em decorrência, a vacância do cargo.</p><p class="assina">GERALDA RAMOS DA ROCHA</p><p></p>]]></Texto>
  </body>
</article></xml>