﻿<xml><article id="3463029" name="PORTARIA N° 118, 29 MAIO 18" idOficio="4813966" pubName="DO2" artType="Portaria" pubDate="01/06/2018" artClass="00010:00008:00020:00000:00000:00000:00000:00000:00000:00000:00025:00001" artCategory="Ministério da Defesa/Comando do Exército/Departamento de Educação e Cultura do Exército" artSize="8" artNotes="" numberPage="12" pdfPage="http://pesquisa.in.gov.br/imprensa/jsp/visualiza/index.jsp?data=01/06/2018&amp;jornal=529&amp;pagina=12" editionNumber="104" highlightType="" highlightPriority="" highlight="" idMateria="10797786">
  <body>
    <Identifica><![CDATA[ PORTARIA Nº 118 - DECEx, 29 de MAIO de 2018 ]]></Identifica>
    <Data><![CDATA[]]></Data>
    <Ementa />
    <Titulo />
    <SubTitulo />
    <Texto><![CDATA[<p class="identifica">PORTARIA Nº 118 - DECEx, 29 de MAIO de 2018</p><p>O CHEFE DO DEPARTAMENTO DE EDUCAÇÃO E CULTURA DO EXÉRCITO, no uso da competência que lhe foi conferida pela Portaria nº 218- Comandante do Exército, de 20 de março de 2017, resolve:</p><p>NOMEAR,</p><p>o Coronel da Reserva Remunerada (Idt 027581582-7) FERNANDO LUIZ VELASCO GOMES, PREC CP 96/1656958, na Escola de Comando e Estado-Maior do Exército (Rio de Janeiro-RJ), para exercer a tarefa de Tutor de História no Curso de Preparação para Escola de Comando e Estado-Maior do Exército, pelo prazo de 24 meses, a partir de 1° de junho de 2018; e</p><p>o Coronel da Reserva Remunerada (Idt 011732963-1) ALEXANDRE CARDOSO NONATO, PREC CP 96/1820703, na Diretoria de Educação Técnica Militar (Rio de Janeiro-RJ), para exercer a tarefa de Assessor de Gestão Educacional, pelo prazo de 24 meses, a partir de 1° de junho de 2018.</p><p class="assina">Gen Ex MAURO CESAR LOURENA CID</p><p></p>]]></Texto>
  </body>
</article></xml>