﻿<xml><article id="3490108" name="Portaria Exoneração nº 085" idOficio="4812419" pubName="DO2" artType="Portaria" pubDate="04/06/2018" artClass="00039:00226:00000:00000:00000:00000:00000:00000:00000:00000:00025:00023" artCategory="Entidades de Fiscalização do Exercício das Profissões Liberais/CONSELHO REGIONAL DE ENFERMAGEM DO MARANHÃO" artSize="8" artNotes="" numberPage="57" pdfPage="http://pesquisa.in.gov.br/imprensa/jsp/visualiza/index.jsp?data=04/06/2018&amp;jornal=529&amp;pagina=57" editionNumber="105" highlightType="" highlightPriority="" highlight="" idMateria="10794646">
  <body>
    <Identifica><![CDATA[               PORTARIA Nº 85, DE 20 DE MARÇO DE 2018]]></Identifica>
    <Data><![CDATA[]]></Data>
    <Ementa />
    <Titulo />
    <SubTitulo />
    <Texto><![CDATA[<p class="identifica">PORTARIA Nº 85, DE 20 DE MARÇO DE 2018</p><p>O Presidente do Conselho Regional de Enfermagem do Maranhão - COREN/MA, no uso de suas atribuições legais e regimentais, resolve:</p><p>Art. 1º - Revogar a portaria COREN-MA nº 18 de 02 de janeiro de 2018, para exonerar a Sra. Carlinda Sousa Pereira do cargo comissionado de CONTROLADOR COREN-MA.</p><p>Art. 2º - Esta Portaria entra em vigor na data de sua assinatura, tendo seus efeitos a partir de 13 de março de 2018.</p><p class="assina">Patrick Jonatha Costa Gomes</p><p></p>]]></Texto>
  </body>
</article></xml>