﻿<xml><article id="3464412" name="Portaria 51" idOficio="4814157" pubName="DO2" artType="Portaria" pubDate="01/06/2018" artClass="00027:00019:00000:00000:00000:00000:00000:00000:00000:00000:00025:00001" artCategory="Ministério do Trabalho/Secretaria de Políticas Públicas de Emprego" artSize="8" artNotes="" numberPage="76" pdfPage="http://pesquisa.in.gov.br/imprensa/jsp/visualiza/index.jsp?data=01/06/2018&amp;jornal=529&amp;pagina=76" editionNumber="104" highlightType="" highlightPriority="" highlight="" idMateria="10798008">
  <body>
    <Identifica><![CDATA[ PORTARIA N° 51, DE 9 DE MAIO DE 2018]]></Identifica>
    <Data><![CDATA[]]></Data>
    <Ementa />
    <Titulo />
    <SubTitulo />
    <Texto><![CDATA[<p></p><p class="identifica">PORTARIA N° 51, DE 9 DE MAIO DE 2018</p><p>O SECRETÁRIO DE POLÍTICAS PÚBLICAS DE EMPREGO, no uso da competência que lhe foi delegada no artigo 4º, da Portaria GM/MTb n° 874, de 07 de julho de 2017, publicada no Diário Oficial da União de 10 de julho de 2017, e tendo em vista o disposto no Decreto n.º 8.894, de 3 de novembro de 2016, publicado no Diário Oficial da União de 4 de novembro de 2016, resolve:</p><p>Art. 1° Designar KAMILA ARAUJO BEZERRA, CPF n° ***.169.661-**, matrícula SIAPE n° 2004165, para exercer o encargo de substituta eventual de Coordenador de Incentivo ao Estágio, do Departamento de Políticas de Empregabilidade da Secretaria de Políticas Públicas de Emprego, código DAS 101.3, deste Ministério, nos seus afastamentos ou impedimentos regulamentares, sem prejuízo das respectivas atribuições.</p><p>Art. 2° Esta Portaria entre em vigor na data de sua publicação</p><p class="assina">MARCOS ORLANDO MENEZES FERREIRA</p>]]></Texto>
  </body>
</article></xml>