﻿<xml><article id="3464667" name="Dispensa Mario Jorge FC Calculis" idOficio="4814149" pubName="DO2" artType="Portaria" pubDate="01/06/2018" artClass="00038:00058:00001:00000:00000:00000:00000:00000:00000:00000:00001:00003" artCategory="Poder Judiciário/Tribunal Regional do Trabalho da 19ª Região/Presidência" artSize="8" artNotes="" numberPage="102" pdfPage="http://pesquisa.in.gov.br/imprensa/jsp/visualiza/index.jsp?data=01/06/2018&amp;jornal=529&amp;pagina=102" editionNumber="104" highlightType="" highlightPriority="" highlight="" idMateria="10798096">
  <body>
    <Identifica><![CDATA[ PORTARIA Nº 269, DE 28 DE MAIO DE 2018]]></Identifica>
    <Data><![CDATA[]]></Data>
    <Ementa />
    <Titulo />
    <SubTitulo />
    <Texto><![CDATA[<p class="identifica">PORTARIA Nº 269, DE 28 DE MAIO DE 2018</p><p>O DESEMBARGADOR PRESIDENTE DO TRIBUNAL REGIONAL DO TRABALHO DA DÉCIMA NONA REGIÃO, no uso de suas atribuições legais e regimentais estabelecidas no inciso VII do art. 24 do Regimento Interno e tendo em vista o PROAD nº 4.082 de 26.05.2018,</p><p>Considerando o retorno ao órgão de origem, resolve:</p><p>Art. 1º. Dispensar o servidor Mário Jorge Lacerda da Silva, requisitado do Poder Executivo de Porto Calvo, da função comissionada de Calculista, de nível FC-4, da Vara do Trabalho de Porto Calvo.</p><p>Art. 2º. Os efeitos da presente Portaria vigoram a partir de 1º.06.2018.</p><p class="assina">PEDRO INÁCIO DA SILVA</p>]]></Texto>
  </body>
</article></xml>