﻿<xml><article id="3488258" name="port propessoas1673a1678 2018" idOficio="4814424" pubName="DO2" artType="Portaria" pubDate="04/06/2018" artClass="00011:00136:00051:00000:00000:00000:00000:00000:00000:00000:00025:00001" artCategory="Ministério da Educação/Universidade Federal de São Paulo/Pró-Reitoria de Gestão com Pessoas" artSize="8" artNotes="" numberPage="23" pdfPage="http://pesquisa.in.gov.br/imprensa/jsp/visualiza/index.jsp?data=04/06/2018&amp;jornal=529&amp;pagina=23" editionNumber="105" highlightType="" highlightPriority="" highlight="" idMateria="10798441">
  <body>
    <Identifica><![CDATA[ PORTARIAS DE 28 DE MAIO DE 2018]]></Identifica>
    <Data><![CDATA[]]></Data>
    <Ementa />
    <Titulo />
    <SubTitulo />
    <Texto><![CDATA[<p></p><p class="identifica">PORTARIAS DE 28 DE MAIO DE 2018</p><p>O Pró-Reitor de Gestão com Pessoas da Universidade Federal de São Paulo, no uso da competência que lhe foi delegada pela Portaria nº 3.474/17, publicada no D.O.U. de 12/09/17, resolve:</p><p>Nº 1.673 - Conceder aposentadoria voluntária a servidora MIRIAN JUNE COSTA, Matrícula SIAPE nº 11360671, ocupante do cargo de Auxiliar em Administração, Classe C, Nível de Capacitação IV, Padrão de Vencimento 16, do Quadro de Pessoal da Universidade Federal de São Paulo, com base no artigo 3°, incisos I a III e parágrafo único da EC n° 47/2005, com proventos integrais. (Processo nº 23089.000257/2018-71).</p><p>Nº 1.674 - Conceder aposentadoria voluntária a servidora ANGELA MARIA DE AZEVEDO DE ALMEIDA, Matrícula SIAPE nº 11387641, ocupante do cargo de Técnico em Contabilidade, Classe D, Nível de Capacitação IV, Padrão de Vencimento 16, do Quadro de Pessoal da Universidade Federal de São Paulo, com base no artigo 3°, incisos I a III e parágrafo único da EC n° 47/2005, com proventos integrais. (Processo nº 23089.000474/2018-61).</p><p>Nº 1.675 - Conceder aposentadoria voluntária ao servidor OSWALDO LAERCIO MENDONÇA CRUZ, Matrícula SIAPE nº 22248265, ocupante do cargo de Médico/Área, Nível E, Classe II, Padrão de Vencimento 9, do Quadro de Pessoal da Universidade Federal de São Paulo, com base no artigo 40, § 1º, inciso III, alínea "b", da CF/88 com a redação dada pela EC nº 41/03, com proventos proporcionais (Processo nº 23089.000513/2018-21).</p><p>Nº 1.676- Conceder aposentadoria voluntária a servidora SILVIA REGINA DA SILVA MOREIRA, Matrícula SIAPE nº 11397817, ocupante do cargo de Biomédico, Classe E, Nível de Capacitação IV, Padrão de Vencimento 16, do Quadro de Pessoal da Universidade Federal de São Paulo, com base no artigo 3°, incisos I a III e parágrafo único da EC n° 47/2005, com proventos integrais. (Processo nº 23089.000595/2018-11).</p><p>Nº 1.677- Conceder aposentadoria voluntária ao servidor NELSON JOSE DE SOUZA, Matrícula SIAPE nº 11395288, ocupante do cargo de Técnico em Móveis e Esquadrias, Classe D, Nível de Capacitação IV, Padrão de Vencimento 16, do Quadro de Pessoal da Universidade Federal de São Paulo, com base no artigo 3°, incisos I a III e parágrafo único da EC n° 47/2005, com proventos integrais. (Processo nº 23089.002103/2017-33).</p><p>Nº 1.678- Conceder Aposentadoria Especial por exercício de atividades sob condições especiais, de que trata o art. 40 § 4º, inciso III, da CF/88, ao servidor IVAN HARITON CORDEIRO, Matrícula SIAPE nº 11398791, ocupante do cargo de Assistente de Laboratório, Nível C, Classe IV, Padrão de Vencimento 16, com base no art. 57 da Lei nº 8.213/1991, aplicável por força da Súmula Vinculante nº 33 ou por ordem concedida em Mandado de Injunção conforme ON SEGEP/MP nº 16/2013 alterada pela ON SEGEP/MP 05/2014, com proventos integrais (Processo nº 23089.000468/2018-12).</p><p class="assina">MURCHED OMAR TAHA</p>]]></Texto>
  </body>
</article></xml>