﻿<xml><article id="3466074" name="2018_05_30_Publicação_2018_06_01" idOficio="4814414" pubName="DO2" artType="Portaria" pubDate="01/06/2018" artClass="00011:00136:00001:00000:00000:00000:00000:00000:00000:00000:00025:00003" artCategory="Ministério da Educação/Universidade Federal de São Paulo/Reitoria" artSize="8" artNotes="" numberPage="41" pdfPage="http://pesquisa.in.gov.br/imprensa/jsp/visualiza/index.jsp?data=01/06/2018&amp;jornal=529&amp;pagina=41" editionNumber="104" highlightType="" highlightPriority="" highlight="" idMateria="10798457">
  <body>
    <Identifica><![CDATA[ PORTARIA Nº 1.729, DE 30 DE MAIO DE 2018]]></Identifica>
    <Data><![CDATA[]]></Data>
    <Ementa />
    <Titulo />
    <SubTitulo />
    <Texto><![CDATA[<p class="identifica">PORTARIA Nº 1.729, DE 30 DE MAIO DE 2018</p><p>A Reitora da Universidade Federal de São Paulo, no uso de suas atribuições legais e estatutárias, resolve:</p><p>Conceder o afastamento do país a DANIEL AUGUSTO FELDMANN, Professor Adjunto do Campus Osasco, no período de 01.08.2018 a 31.01.2019, para realizar pós-doutorado na "Université Paris Nanterre", na França, com ônus limitado (Processo nº 23089.030037/2018-72).</p><p class="assina">SORAYA SOUBHI SMAILI</p>]]></Texto>
  </body>
</article></xml>