﻿<xml><article id="3465752" name="Portarias 30.05.18 rtf" idOficio="4814370" pubName="DO2" artType="Portaria" pubDate="01/06/2018" artClass="00026:00030:00011:00066:00000:00000:00000:00000:00000:00000:00025:00001" artCategory="Ministério do Planejamento, Desenvolvimento e Gestão/Fundação Instituto Brasileiro de Geografia e Estatística/Diretoria Executiva/Coordenação de Recursos Humanos" artSize="8" artNotes="" numberPage="73" pdfPage="http://pesquisa.in.gov.br/imprensa/jsp/visualiza/index.jsp?data=01/06/2018&amp;jornal=529&amp;pagina=73" editionNumber="104" highlightType="" highlightPriority="" highlight="" idMateria="10798369">
  <body>
    <Identifica><![CDATA[ PORTARIAS DE 30 DE MAIO DE 2018]]></Identifica>
    <Data><![CDATA[]]></Data>
    <Ementa />
    <Titulo />
    <SubTitulo />
    <Texto><![CDATA[<p class="identifica">PORTARIAS DE 30 DE MAIO DE 2018</p><p>O COORDENADOR de RECURSOS HUMANOS da FUNDAÇÃO INSTITUTO BRASILEIRO DE GEOGRAFIA E ESTATÍSTICA-IBGE, usando de suas atribuições, resolve:</p><p>N° 1.007 Conceder aposentadoria ao servidor AGNALDO ISRAEL MASCENA PIRES, matrícula nº 771220, ocupante do cargo efetivo de Técnico em Informações Geográficas e Estatísticas, Classe S, Padrão III, do Quadro Permanente desta Fundação, com percepção de proventos integrais, de acordo com o Art. 3º da Emenda Constitucional nº 47/05 e acrescido da Vantagem Pessoal Nominalmente Identificada - VPNI, Art. 62-A da Lei nº 8.112/90. Declarar vago o referido cargo. Código 047001. (Processo n° 0020874.00000039/2018-35).</p><p>N° 1.008 Conceder aposentadoria ao servidor ALEXANDRE JORGE LAGE DE OLIVEIRA, matrícula nº 766709, ocupante do cargo efetivo de Técnico em Informações Geográficas e Estatísticas, Classe S, Padrão III, do Quadro Permanente desta Fundação, com percepção de proventos integrais, de acordo com o Art. 3º da Emenda Constitucional nº 47/05. Declarar vago o referido cargo. Código 047001. (Processo n° 0045142.00000524/2018-51).</p><p>N° 1.009 Conceder aposentadoria ao servidor ALOISIO DA COSTA JOAQUIM, matrícula nº 763373, ocupante do cargo efetivo de Técnico em Informações Geográficas e Estatísticas, Classe S, Padrão III, do Quadro Permanente desta Fundação, com percepção de proventos integrais, de acordo com o Art. 3º da Emenda Constitucional nº 47/05. Declarar vago o referido cargo. Código 047001. (Processo n° 0045142.00000699/2018-79).</p><p>N° 1.010 Conceder aposentadoria ao servidor ANTONIO VICENTE DA SILVA, matrícula nº 774948, ocupante do cargo efetivo de Técnico em Informações Geográficas e Estatísticas, Classe S, Padrão III, do Quadro Permanente desta Fundação, com percepção de proventos integrais, de acordo com o Art. 3º da Emenda Constitucional nº 47/05. Declarar vago o referido cargo. Código 047001. (Processo n° 0023116.00000237/2018-23).</p><p>N° 1.011 Conceder aposentadoria à servidora APARECIDA DA CRUZ RIBEIRO, matrícula nº 767852, ocupante do cargo efetivo de Técnico em Informações Geográficas e Estatísticas, Classe S, Padrão III, do Quadro Permanente desta Fundação, com percepção de proventos integrais, de acordo com o Art. 3º da Emenda Constitucional nº 47/05. Declarar vago o referido cargo. Código 047001. (Processo n° 0023116.00000245/2018-98).</p><p>N° 1.012 Conceder aposentadoria ao servidor BENEDITO ROBERTO DA SILVA, matrícula nº 774256, ocupante do cargo efetivo de Técnico em Informações Geográficas e Estatísticas, Classe S, Padrão III, do Quadro Permanente desta Fundação, com percepção de proventos integrais, de acordo com o Art. 3º da Emenda Constitucional nº 47/05. Declarar vago o referido cargo. Código 047001. (Processo n° 0021309.00001412/2018-49).</p><p>N° 1.013 Conceder aposentadoria ao servidor CARLOS ALBERTO SOARES, matrícula nº 767713, ocupante do cargo efetivo de Técnico em Informações Geográficas e Estatísticas, Classe S, Padrão III, do Quadro Permanente desta Fundação, com percepção de proventos integrais, de acordo com o Art. 3º da Emenda Constitucional nº 47/05. Declarar vago o referido cargo. Código 047001. (Processo n° 0045142.00000518/2018-19).</p><p>N° 1.014 Conceder aposentadoria ao servidor CLOVES JOSE SOUSA DA SILVA, matrícula nº 770999, ocupante do cargo efetivo de Técnico em Planejamento, Gestão e Infraestrutura em Informações Geográficas e Estatísticas, Classe S, Padrão III, do Quadro Permanente desta Fundação, com percepção de proventos integrais, de acordo com o Art. 3º da Emenda Constitucional nº 47/05 e acrescido da Vantagem Pessoal Nominalmente Identificada - VPNI, Art. 62-A da Lei nº 8.112/90. Declarar vago o referido cargo. Código 047001. (Processo n° 0020668.00000218/2018-09).</p><p>N° 1.015 Conceder aposentadoria ao servidor DOUGLAS CABRAL GARCIA, matrícula nº 762264, ocupante do cargo efetivo de Analista de Planejamento, Gestão e Infraestrutura em Informações Geográficas e Estatísticas, Classe S, Padrão III, do Quadro Permanente desta Fundação, com percepção de proventos integrais, de acordo com o Art. 3º da Emenda Constitucional nº 47/05 e acrescido da Vantagem Pessoal Nominalmente Identificada - VPNI, Art. 62-A da Lei nº 8.112/90. Declarar vago o referido cargo. Código 047001. (Processo n° 0045142.00000428/2018-24).</p><p>N° 1.016 Conceder aposentadoria ao servidor EDILSON BRONZEADO QUIRINO, matrícula nº 771395, ocupante do cargo efetivo de Técnico em Informações Geográficas e Estatísticas, Classe S, Padrão III, do Quadro Permanente desta Fundação, com percepção de proventos integrais, de acordo com o Art. 3º da Emenda Constitucional nº 47/05 e acrescido da Vantagem Pessoal Nominalmente Identificada - VPNI, Art. 62-A da Lei nº 8.112/90. Declarar vago o referido cargo. Código 047001. (Processo n° 0020874.00000333/2018-51).</p><p>N° 1.017 Conceder aposentadoria ao servidor EDUARDO ROSA DE MORAES, matrícula nº 763915, ocupante do cargo efetivo de Técnico em Informações Geográficas e Estatísticas, Classe S, Padrão III, do Quadro Permanente desta Fundação, com percepção de proventos integrais, de acordo com o Art. 3º da Emenda Constitucional nº 47/05. Declarar vago o referido cargo. Código 047001. (Processo n° 0020870.00000428/2018-26).</p><p>N° 1.018 Conceder aposentadoria à servidora ELIANE ALVES DA SILVA, matrícula nº 307247, ocupante do cargo efetivo de Tecnologista em Informações Geográficas e Estatísticas, Classe S, Padrão III, do Quadro Permanente desta Fundação, com percepção de proventos integrais, de acordo com o Art. 3º da Emenda Constitucional nº 47/05. Declarar vago o referido cargo. Código 047001. (Processo n° 0045142.00000523/2018-78.</p><p>N° 1.019 Conceder aposentadoria ao servidor ERNESTO DORNELLES SARAIVA, matrícula nº 773041, ocupante do cargo efetivo de Técnico em Planejamento, Gestão e Infraestrutura em Informações Geográficas e Estatísticas, Classe S, Padrão III, do Quadro Permanente desta Fundação, com percepção de proventos integrais, de acordo com o Art. 3º da Emenda Constitucional nº 47/05 e acrescido da Vantagem Pessoal Nominalmente Identificada - VPNI, Art. 62-A da Lei nº 8.112/90. Declarar vago o referido cargo. Código 047001. (Processo n° 0020883.00000758/2018-30).</p><p>N° 1.020 Conceder aposentadoria ao servidor EUVALDO XAVIER NUNES, matrícula nº 767868, ocupante do cargo efetivo de Técnico em Planejamento, Gestão e Infraestrutura em Informações Geográficas e Estatísticas, Classe S, Padrão III, do Quadro Permanente desta Fundação, com percepção de proventos integrais, de acordo com o Art. 3º da Emenda Constitucional nº 47/05. Declarar vago o referido cargo. Código 047001. (Processo n° 0023116.00000300/2018-68).</p><p>N° 1.021 Conceder aposentadoria ao servidor FRANCISCO JOSE DE CARVALHO, matrícula nº 771469, ocupante do cargo efetivo de Técnico em Informações Geográficas e Estatísticas, Classe S, Padrão III, do Quadro Permanente desta Fundação, com percepção de proventos integrais, de acordo com o Art. 3º da Emenda Constitucional nº 47/05 e acrescido da Vantagem Pessoal Nominalmente Identificada - VPNI, Art. 62-A da Lei nº 8.112/90. Declarar vago o referido cargo. Código 047001. (Processo n° 0020874.00000056/2018-61).</p><p>N° 1.022 Conceder aposentadoria ao servidor GEORGE COUTINHO, matrícula nº 761654, ocupante do cargo efetivo de Técnico em Planejamento, Gestão e Infraestrutura em Informações Geográficas e Estatísticas, Classe S, Padrão III, do Quadro Permanente desta Fundação, com percepção de proventos integrais, de acordo com o Art. 3º da Emenda Constitucional nº 47/05 e acrescido da Vantagem Pessoal Nominalmente Identificada - VPNI, Art. 62-A da Lei nº 8.112/90. Declarar vago o referido cargo. Código 047001. (Processo n° 0045142.00000528/2018-40).</p><p>N° 1.023 Conceder aposentadoria ao servidor GILMAR ORSI, matrícula nº 773542, ocupante do cargo efetivo de Técnico em Informações Geográficas e Estatísticas, Classe S, Padrão III, do Quadro Permanente desta Fundação, com percepção de proventos integrais, de acordo com o Art. 3º da Emenda Constitucional nº 47/05 e acrescido da Vantagem Pessoal Nominalmente Identificada - VPNI, Art. 62-A da Lei nº 8.112/90. Declarar vago o referido cargo. Código 047001. (Processo n° 03642.000654/2017-22).</p><p>N° 1.024 Conceder aposentadoria ao servidor GLEBSON BASTOS QUIRINO, matrícula nº 770794, ocupante do cargo efetivo de Técnico em Informações Geográficas e Estatísticas, Classe S, Padrão III, do Quadro Permanente desta Fundação, com percepção de proventos integrais, de acordo com o Art. 3º da Emenda Constitucional nº 47/05 e acrescido da Vantagem Pessoal Nominalmente Identificada - VPNI, Art. 62-A da Lei nº 8.112/90. Declarar vago o referido cargo. Código 047001. (Processo n° 0020874.00000299/2018-96).</p><p>N° 1.025 Conceder aposentadoria ao servidor IVAN PEREIRA JORDAO JUNIOR, matrícula nº 763590, ocupante do cargo efetivo de Técnico em Informações Geográficas e Estatísticas, Classe S, Padrão III, do Quadro Permanente desta Fundação, com percepção de proventos integrais, de acordo com o Art. 3º da Emenda Constitucional nº 47/05 e acrescido da Vantagem Pessoal Nominalmente Identificada - VPNI, Art. 62-A da Lei nº 8.112/90. Declarar vago o referido cargo. Código 047001. (Processo n° 0045142.00000591/2018-85).</p><p>N° 1.026 Conceder aposentadoria ao servidor JOAO PEDRO PERUFO, matrícula nº 773351, ocupante do cargo efetivo de Técnico em Informações Geográficas e Estatísticas, Classe S, Padrão III, do Quadro Permanente desta Fundação, com percepção de proventos integrais, de acordo com o Art. 3º da Emenda Constitucional nº 47/05 e acrescido da Vantagem Pessoal Nominalmente Identificada - VPNI, Art. 62-A da Lei nº 8.112/90. Declarar vago o referido cargo. Código 047001. (Processo n° 0020883.00000451/2018-74).</p><p>N° 1.027 Conceder aposentadoria ao servidor JORGE CASSIO DA COSTA, matrícula nº 762174, ocupante do cargo efetivo de Técnico em Planejamento, Gestão e Infraestrutura em Informações Geográficas e Estatísticas, Classe B, Padrão V, do Quadro Permanente desta Fundação, com percepção de proventos integrais, de acordo com o Art. 3º da Emenda Constitucional nº 47/05. Declarar vago o referido cargo. Código 047001. (Processo n° 0045142.00000506/2018-52).</p><p>N° 1.028 Conceder aposentadoria ao servidor JOSE BALTAZAR SOARES DA SILVA, matrícula nº 771428, ocupante do cargo efetivo de Técnico em Informações Geográficas e Estatísticas, Classe S, Padrão III, do Quadro Permanente desta Fundação, com percepção de proventos integrais, de acordo com o Art. 3º da Emenda Constitucional nº 47/05. Declarar vago o referido cargo. Código 047001. (Processo n° 0020874.00000302/2018-15).</p><p>N° 1.029 Conceder aposentadoria à servidora LEDA MARTINS COELHO, matrícula nº 769242, ocupante do cargo efetivo de Técnico em Planejamento, Gestão e Infraestrutura em Informações Geográficas e Estatísticas, Classe S, Padrão III, do Quadro Permanente desta Fundação, com percepção de proventos integrais, de acordo com o Art. 3º da Emenda Constitucional nº 47/05 e acrescido da Vantagem Pessoal Nominalmente Identificada - VPNI, Art. 62-A da Lei nº 8.112/90. Declarar vago o referido cargo. Código 047001. (Processo n° 0021064.00000228/2018-91).</p><p>N° 1.030 Conceder aposentadoria ao servidor LUIZ CARLOS DUTRA DA SILVA, matrícula nº 1285573, ocupante do cargo efetivo de Tecnologista em Informações Geográficas e Estatísticas, Classe S, Padrão III, do Quadro Permanente desta Fundação, com percepção de proventos integrais, de acordo com o Art. 6º da Emenda Constitucional nº 41/03, com redação dada pelo Art. 2º da Emenda Constitucional nº 47/05, combinado com o Art. 186, Inciso III, Alínea "a" da Lei nº 8.112/90. Código 041054. (Processo n° 0020526.00000590/2018-13).</p><p>N° 1.031 Conceder aposentadoria ao servidor MARCO CICERO NOCE DE PAULO MACIEL, matrícula nº 763789 ocupante do cargo efetivo de Tecnologista em Informações Geográficas e Estatísticas, Classe S, Padrão III, do Quadro Permanente desta Fundação, com percepção de proventos integrais, de acordo com o Art. 3º da Emenda Constitucional nº 47/05. Declarar vago o referido cargo. Código 047001. (Processo n° 0045142.00000584/2018-80).</p><p>N° 1.032 Conceder aposentadoria ao servidor MARIA APARECIDA MOREIRA SANTOS, matrícula nº 771442, ocupante do cargo efetivo de Técnico em Planejamento, Gestão e Infraestrutura em Informações Geográficas e Estatísticas, Classe S, Padrão III, do Quadro Permanente desta Fundação, com percepção de proventos integrais, de acordo com o Art. 3º da Emenda Constitucional nº 47/05 e acrescido da Vantagem Pessoal Nominalmente Identificada - VPNI, Art. 62-A da Lei nº 8.112/90. Declarar vago o referido cargo. Código 047001. (Processo n° 003626.000054/2017-62).</p><p>N° 1.033 Conceder aposentadoria à servidora MARIA LUCIA PEREIRA DO NASCIMENTO, matrícula nº 763333, ocupante do cargo efetivo de Tecnologista em Informações Geográficas e Estatísticas, Classe S, Padrão III, do Quadro Permanente desta Fundação, com percepção de proventos integrais, de acordo com o Art. 3º da Emenda Constitucional nº 47/05. Declarar vago o referido cargo. Código 047001. (Processo n° 0045142.00000592/2018-58).</p><p>N° 1.034 Conceder aposentadoria à servidora MAURICEA DE JESUS MORAIS GUSMAO, matrícula nº 771473, ocupante do cargo efetivo de Técnico em Planejamento, Gestão e Infraestrutura em Informações Geográficas e Estatísticas, Classe S, Padrão III, do Quadro Permanente desta Fundação, com percepção de proventos integrais, de acordo com o Art. 3º da Emenda Constitucional nº 47/05. Declarar vago o referido cargo. Código 047001. (Processo n° 0020874.00000304/2018-58).</p><p>N° 1.035 Conceder aposentadoria ao servidor NEY DA FONSECA MELLO, matrícula nº 765101 ocupante do cargo efetivo de Técnico em Informações Geográficas e Estatísticas, Classe S, Padrão III, do Quadro Permanente desta Fundação, com percepção de proventos integrais, de acordo com o Art. 3º da Emenda Constitucional nº 47/05. Declarar vago o referido cargo. Código 047001. (Processo n° 0021125.00000155/2018-90).</p><p>N° 1.036 Conceder aposentadoria ao servidor NICHOLSON GOMES DOS SANTOS FILHO, matrícula nº 770611 ocupante do cargo efetivo de Técnico em Informações Geográficas e Estatísticas, Classe S, Padrão III, do Quadro Permanente desta Fundação, com percepção de proventos integrais, de acordo com o Art. 3º da Emenda Constitucional nº 47/05. Declarar vago o referido cargo. Código 047001. (Processo n° 0020526.00000651/2018-15).</p><p>N° 1.037 Conceder aposentadoria ao servidor ODIVALDO SALOIO JUNIOR, matrícula nº 774548 ocupante do cargo efetivo de Técnico em Planejamento, Gestão e Infraestrutura em Informações Geográficas e Estatísticas, Classe S, Padrão III, do Quadro Permanente desta Fundação, com percepção de proventos integrais, de acordo com o Art. 3º da Emenda Constitucional nº 47/05. Declarar vago o referido cargo. Código 047001. (Processo n° 0021309.00000967/2018-36).</p><p>N° 1.038 Conceder aposentadoria ao servidor PAULO FREITAS BRITO, matrícula nº 774110, ocupante do cargo efetivo de Técnico em Informações Geográficas e Estatísticas, Classe S, Padrão III, do Quadro Permanente desta Fundação, com percepção de proventos integrais, de acordo com o Art. 3º da Emenda Constitucional nº 47/05. Declarar vago o referido cargo. Código 047001. (Processo n° 0021309.00001447/2018-74).</p><p>N° 1.039 Conceder aposentadoria ao servidor REGINALDO MANCH SARONE, matrícula nº 765628 ocupante do cargo efetivo de Técnico em Planejamento, Gestão e Infraestrutura em Informações Geográficas e Estatísticas, Classe S, Padrão III, do Quadro Permanente desta Fundação, com percepção de proventos integrais, de acordo com o Art. 3º da Emenda Constitucional nº 47/05. Declarar vago o referido cargo. Código 047001. (Processo n° 0045142.00000610/2018-57).</p><p>N° 1.040 Conceder aposentadoria ao servidor RICARDO LAMEIRA ALLGAYER, matrícula nº 773121, ocupante do cargo efetivo de Técnico em Informações Geográficas e Estatísticas, Classe S, Padrão III, do Quadro Permanente desta Fundação, com percepção de proventos integrais, de acordo com o Art. 3º da Emenda Constitucional nº 47/05. Declarar vago o referido cargo. Código 047001. (Processo n° 0020883.00000724/2018-75).</p><p>N° 1.041 Conceder aposentadoria ao servidor ROBERTO APARECIDO DE SOUZA, matrícula nº 774075, ocupante do cargo efetivo de Técnico em Informações Geográficas e Estatísticas, Classe S, Padrão III, do Quadro Permanente desta Fundação, com percepção de proventos integrais, de acordo com o Art. 3º da Emenda Constitucional nº 47/05. Declarar vago o referido cargo. Código 047001. (Processo n° 0021309.00001233/2018-32).</p><p>N° 1.042 Conceder aposentadoria ao servidor RONALDO ALVES, matrícula nº 762366, ocupante do cargo efetivo de Técnico em Informações Geográficas e Estatísticas, Classe S, Padrão III, do Quadro Permanente desta Fundação, com percepção de proventos integrais, de acordo com o Art. 3º da Emenda Constitucional nº 47/05. Declarar vago o referido cargo. Código 047001. (Processo n° 0020870.00000325/2018-91).</p><p>N° 1.043 Conceder aposentadoria à servidora ROSANGELA PASSOS RUFINO, matrícula nº 765892, ocupante do cargo efetivo de Técnico em Informações Geográficas e Estatísticas, Classe S, Padrão III, do Quadro Permanente desta Fundação, com percepção de proventos integrais, de acordo com o Art. 3º da Emenda Constitucional nº 47/05. Declarar vago o referido cargo. Código 047001. (Processo n° 0045142.00000609/2018-84).</p><p>N° 1.044 Conceder aposentadoria à servidora ROSEMEIRE VIEIRA CALASANS, matrícula nº 763194, ocupante do cargo efetivo de Técnico em Informações Geográficas e Estatísticas, Classe S, Padrão III, do Quadro Permanente desta Fundação, com percepção de proventos integrais, de acordo com o Art. 3º da Emenda Constitucional nº 47/05. Declarar vago o referido cargo. Código 047001. (Processo n° 0045142.00000684/2018-96).</p><p>N° 1.045 Conceder aposentadoria à servidora SOLANGE AUXILIADORA FELICIANA ANDRADE, matrícula nº 772562, ocupante do cargo efetivo de Técnico em Informações Geográficas e Estatísticas, Classe S, Padrão III, do Quadro Permanente desta Fundação, com percepção de proventos integrais, de acordo com o Art. 3º da Emenda Constitucional nº 47/05. Declarar vago o referido cargo. Código 047001. (Processo n° 03633.000975/2016-55).</p><p>N° 1.046 Conceder aposentadoria à servidora SONIA REGINA MADEIRA, matrícula nº 766006, ocupante do cargo efetivo de Tecnologista em Informações Geográficas e Estatísticas, Classe S, Padrão III, do Quadro Permanente desta Fundação, com percepção de proventos integrais, de acordo com o Art. 3º da Emenda Constitucional nº 47/05 e acrescido da Vantagem Pessoal Nominalmente Identificada - VPNI, Art. 62-A da Lei nº 8.112/90. Declarar vago o referido cargo. Código 047001. (Processo n° 0045142.00000070/2018-87).</p><p>N° 1.047 Conceder aposentadoria à servidora SUSANA CUPOLILLO GRAVINA, matrícula nº 6775281, ocupante do cargo efetivo de Analista de Planejamento, Gestão e Infraestrutura em Informações Geográficas e Estatísticas, Classe S, Padrão III, do Quadro Permanente desta Fundação, com percepção de proventos integrais, de acordo com o Art. 3º da Emenda Constitucional nº 47/05. Declarar vago o referido cargo. Código 047001. (Processo n° 0045142.00000426/2018-78).</p><p>N° 1.048 Conceder aposentadoria ao servidor VALCI PEREIRA DE OLIVEIRA, matrícula nº 761670, ocupante do cargo efetivo de Técnico em Planejamento, Gestão e Infraestrutura em Informações Geográficas e Estatísticas, Classe S, Padrão III, do Quadro Permanente desta Fundação, com percepção de proventos integrais, de acordo com o Art. 3º da Emenda Constitucional nº 47/05. Declarar vago o referido cargo. Código 047001. (Processo n° 0045142.00000590/2018-15).</p><p>N° 1.049 Conceder aposentadoria ao servidor WAGNER VIEIRA MARTINS, matrícula nº 766711 ocupante do cargo efetivo de Técnico em Informações Geográficas e Estatísticas, Classe S, Padrão III, do Quadro Permanente desta Fundação, com percepção de proventos integrais, de acordo com o Art. 3º da Emenda Constitucional nº 47/05. Declarar vago o referido cargo. Código 047001. (Processo n° 0045142.00000542/2018-50).</p><p>N° 1.050 Conceder aposentadoria ao servidor WALTER FREITAS NUNES FILHO, matrícula nº 765940 ocupante do cargo efetivo de Técnico em Informações Geográficas e Estatísticas, Classe S, Padrão III, do Quadro Permanente desta Fundação, com percepção de proventos integrais, de acordo com o Art. 3º da Emenda Constitucional nº 47/05. Declarar vago o referido cargo. Código 047001. (Processo n° 0045142.00000579/2018-21).</p><p>N° 1.051 Conceder aposentadoria à servidora YVETTE PILEGGI, matrícula nº 774514, ocupante do cargo efetivo de Técnico em Informações Geográficas e Estatísticas, Classe S, Padrão III, do Quadro Permanente desta Fundação, com percepção de proventos integrais, de acordo com o Art. 3º da Emenda Constitucional nº 47/05. Declarar vago o referido cargo. Código 047001. (Processo n° 03635.002571/2017-67).</p><p class="assina">BRUNO TARANTO MALHEIROS</p><p class="identifica">RETIFICAÇÃO</p><p>Na Portaria CRH n° 1.372, de 12/05/2017, publicada na página 66, Seção 2, do D.O.U. nº 91 de 15/05/2017, que concedeu pensão a BRUNO BRITTO DE SOUSA, companheiro da ex-servidora GABRIELA CORREA DA SILVA ALVES, matrícula nº 1675537, onde se lê: "correspondente a 100% da remuneração do cargo de Analista em Planejamento, Gestão e Infraestrutura em Informações Geográficas e Estatísticas, Classe A, Padrão III, e demais vantagens"; leia-se: "correspondente ao teto dos benefícios do RGPS, conforme preconiza o art. 3º da Lei nº 12.618/2012".</p>]]></Texto>
  </body>
</article></xml>