﻿<xml><article id="3487471" name="PT 767 - 30.05.18 - SEI Nº DIGAD" idOficio="4814366" pubName="DO2" artType="Portaria" pubDate="04/06/2018" artClass="00017:00002:00029:00108:00000:00000:00000:00000:00000:00000:00025:00002" artCategory="Ministério da Saúde/Secretaria Executiva/Núcleo Estadual no Rio de Janeiro/Divisão de Gestão Administrativa" artSize="8" artNotes="" numberPage="28" pdfPage="http://pesquisa.in.gov.br/imprensa/jsp/visualiza/index.jsp?data=04/06/2018&amp;jornal=529&amp;pagina=28" editionNumber="105" highlightType="" highlightPriority="" highlight="" idMateria="10798359">
  <body>
    <Identifica><![CDATA[ PORTARIA  Nº 767, DE 30 DE MAIO DE 2018 ]]></Identifica>
    <Data><![CDATA[]]></Data>
    <Ementa />
    <Titulo />
    <SubTitulo />
    <Texto><![CDATA[<p class="identifica">PORTARIA Nº 767, DE 30 DE MAIO DE 2018</p><p>A CHEFE DA DIVISÃO DE GESTÃO ADMINISTRATIVA DA COORDENAÇÃO- GERAL DO NÚCLEO ESTADUAL DO MINISTÉRIO DA SAÚDE NO ESTADO DO RIO DE JANEIRO, no uso das atribuições conferidas pela PT/CGRH/SAA/MS nº 1804, de 01/10/2013, publicada no DOU nº 192, de 03/10/2013 e à vista das informações constantes no Processo nº 25001.409022/2017-17, resolve:</p><p>Conceder duas (02) Pensões à viúva ANTONIA IARA CAVALCANTE STENZEL, com fundamento nos artigos 217, inciso I e 222, inciso VII, alínea b, item 6, da Lei nº 8.112/90, na redação dada pela Lei n° 13.135 de 17.06.2015, combinado com o artigo 40, parágrafo 7º, da Constituição Federal de 1988, com redação dada pela Emenda Constitucional nº 41/2003, regulamentada pelo artigo 2º, inciso I, da Lei nº 10.887/2004, em face do falecimento ocorrido em 03.12.2017, do ex-servidor ROBERTO NUNES STENZEL, Médico, detentor de duas matrículas, sendo que na Matrícula SIAPE nº 0.638.661, Nível Superior, Classe "S", Padrão III, Aposentado do Quadro de Pessoal deste Ministério, correspondendo a 100% (cem por cento) do benefício destinado a Pensão, a partir da data do óbito e na Matrícula SIAPE nº 6.638.661, Nível Superior, Classe "S", Padrão III, Aposentado do Quadro de Pessoal deste Ministério, correspondendo a 100% (cem por cento) do benefício destinado a Pensão, a partir da data do óbito.</p><p>KARINA ORNELAS DOS SANTOS LATORRACA</p>]]></Texto>
  </body>
</article></xml>