﻿<xml><article id="3490138" name="Portaria Exoneração nº 083" idOficio="4812419" pubName="DO2" artType="Portaria" pubDate="04/06/2018" artClass="00039:00226:00000:00000:00000:00000:00000:00000:00000:00000:00025:00021" artCategory="Entidades de Fiscalização do Exercício das Profissões Liberais/CONSELHO REGIONAL DE ENFERMAGEM DO MARANHÃO" artSize="8" artNotes="" numberPage="57" pdfPage="http://pesquisa.in.gov.br/imprensa/jsp/visualiza/index.jsp?data=04/06/2018&amp;jornal=529&amp;pagina=57" editionNumber="105" highlightType="" highlightPriority="" highlight="" idMateria="10794645">
  <body>
    <Identifica><![CDATA[               PORTARIA Nº 83, DE 20 DE MARÇO DE 2018]]></Identifica>
    <Data><![CDATA[]]></Data>
    <Ementa />
    <Titulo />
    <SubTitulo />
    <Texto><![CDATA[<p class="identifica">PORTARIA Nº 83, DE 20 DE MARÇO DE 2018</p><p>O Presidente do Conselho Regional de Enfermagem do Maranhão - COREN/MA, no uso de suas atribuições legais e regimentais, resolve:</p><p>Art. 1º - Revogar a portaria COREN-MA nº 20 de 02 de janeiro de 2018, para exonerar o Senhor Magno Luís Mendes da Silva do cargo comissionado de GERENTE ADMINISTRATIVO do COREN-MA.</p><p>Art. 2º - Esta Portaria entra em vigor a partir de sua assinatura</p><p class="assina">Patrick Jonatha Costa Gomes</p><p></p>]]></Texto>
  </body>
</article></xml>