﻿<xml><article id="3459743" name="portarias presi subst 28.05.18 -" idOficio="4809942" pubName="DO2" artType="Portaria" pubDate="01/06/2018" artClass="00025:00022:00000:00000:00000:00000:00000:00000:00000:00000:00025:00001" artCategory="Ministério do Meio Ambiente/Instituto Chico Mendes de Conservação da Biodiversidade" artSize="8" artNotes="" numberPage="70" pdfPage="http://pesquisa.in.gov.br/imprensa/jsp/visualiza/index.jsp?data=01/06/2018&amp;jornal=529&amp;pagina=70" editionNumber="104" highlightType="" highlightPriority="" highlight="" idMateria="10790245">
  <body>
    <Identifica><![CDATA[ PORTARIAS DE 28 DE MAIO DE 2018]]></Identifica>
    <Data><![CDATA[]]></Data>
    <Ementa />
    <Titulo />
    <SubTitulo />
    <Texto><![CDATA[<p class="identifica">PORTARIAS DE 28 DE MAIO DE 2018</p><p>A PRESIDENTE, SUBSTITUTA, DO INSTITUTO CHICO MENDES DE CONSERVAÇÃO DA BIODIVERSIDADE, no uso das competências atribuídas pelo artigo 24 do Decreto nº. 8.974, de 24 de janeiro de 2017, e pela Portaria nº. 475/MMA, de 27 de outubro de 2016, publicada no Diário Oficial da União de 28 de outubro de 2016, resolve:</p><p>Nº 542 Exonerar FATIMA PIRES DE ALMEIDA OLIVEIRA, CPF 068.670.038-42, do cargo em comissão de Chefe de Divisão, Código DAS-101.2, da Divisão de Gestão de Informações para o Licenciamento Ambiental/CGIMP, do Instituto Chico Mendes de Conservação da Biodiversidade.</p><p>Nº 543 Nomear CAMILLA PAIS FACCIN BOTECCHIA, CPF 036.935.391-97, para exercer o cargo em comissão de Chefe de Divisão, Código DAS-101.2, da Divisão de Gestão de Informações para o Licenciamento Ambiental/CGIMP, do Instituto Chico Mendes de Conservação da Biodiversidade, ficando dispensada do encargo de substituta que atualmente ocupa.</p><p>Nº 544 Designar FATIMA PIRES DE ALMEIDA OLIVEIRA, CPF 068.670.038-42, para exercer os encargos de substituto do Chefe de Divisão, Código DAS-101.2, da Divisão de Gestão de Informações para o Licenciamento Ambiental/CGIMP, do Instituto Chico Mendes de Conservação da Biodiversidade, nos afastamentos, impedimentos legais ou regulamentares do titular e na vacância do cargo.</p><p class="assina">SILVANA CANUTO</p>]]></Texto>
  </body>
</article></xml>