﻿<xml><article id="3460106" name="P_1562_DESIGNAR VALÉRIA RODRIGUE" idOficio="4813684" pubName="DO2" artType="Portaria" pubDate="01/06/2018" artClass="00011:00058:00001:00000:00000:00000:00000:00000:00000:00000:00025:00014" artCategory="Ministério da Educação/Instituto Federal de Educação, Ciência e Tecnologia de Brasília/Reitoria/Chefia de Gabinete da Reitoria" artSize="8" artNotes="" numberPage="25" pdfPage="http://pesquisa.in.gov.br/imprensa/jsp/visualiza/index.jsp?data=01/06/2018&amp;jornal=529&amp;pagina=25" editionNumber="104" highlightType="" highlightPriority="" highlight="" idMateria="10797358">
  <body>
    <Identifica><![CDATA[ PORTARIA Nº 1.562, DE 29 DE MAIO DE 2018]]></Identifica>
    <Data><![CDATA[]]></Data>
    <Ementa />
    <Titulo />
    <SubTitulo />
    <Texto><![CDATA[<p></p><p class="identifica">PORTARIA Nº 1.562, DE 29 DE MAIO DE 2018</p><p>O REITOR DO INSTITUTO FEDERAL DE BRASÍLIA, nomeado pelo Decreto de 05 de maio de 2015, publicado no Diário Oficial da União em 06 de maio de 2015, no uso de suas atribuições legais e regimentais, resolve:</p><p>Art.1º DESIGNAR a servidora VALÉRIA RODRIGUES PACHECO, matrícula SIAPE Nº 2190957, ocupante do cargo efetivo de Psicólogo-Área , lotada no Reitoria, do Instituto Federal de Brasília, para exercer o encargo de substituta da Diretoria de Capacitação e Desenvolvimento de Pessoas, da Reitoria, do Instituto Federal de Brasília, código CD-03, cargo ocupado pela servidora JACKELINE PORTELA FONTENELE CARVALHO, matrícula SIAPE Nº 2259766, no período de 04/06/2018 a 15/06/2018, por motivo de férias da titular.</p><p>Art. 2º Esta Portaria entra em vigor na data de sua publicação.</p><p class="assina">WILSON CONCIANI</p>]]></Texto>
  </body>
</article></xml>