﻿<xml><article id="3464908" name="DESPACHORFB oswaldo e weber" idOficio="4814209" pubName="DO2" artType="Despacho" pubDate="01/06/2018" artClass="00012:00055:00000:00000:00000:00000:00000:00000:00000:00000:00019:00001" artCategory="Ministério da Fazenda/Secretaria da Receita Federal do Brasil" artSize="8" artNotes="" numberPage="48" pdfPage="http://pesquisa.in.gov.br/imprensa/jsp/visualiza/index.jsp?data=01/06/2018&amp;jornal=529&amp;pagina=48" editionNumber="104" highlightType="" highlightPriority="" highlight="" idMateria="10798125">
  <body>
    <Identifica><![CDATA[ DESPACHOs de 29 DE MAIO DE 2018]]></Identifica>
    <Data><![CDATA[]]></Data>
    <Ementa />
    <Titulo />
    <SubTitulo />
    <Texto><![CDATA[<p></p><p class="identifica">DESPACHOs de 29 DE MAIO DE 2018</p><p>O SECRETÁRIO DA RECEITA FEDERAL DO BRASIL, no uso da competência prevista no art. 2º do Decreto nº 1.387, de 7 de fevereiro de 1995, que lhe foi delegada na Portaria GMF n° 530 de 11 de novembro de 2009, autoriza o afastamento do País do Auditor-Fiscal da Receita Federal do Brasil, OSWALDO SOUZA DIAS JÚNIOR, Chefe da Equipe de Vigilância e Repressão do Porto de Santos/SP, no período de 02 a 10 de junho de 2018, incluído trânsito, com ônus limitado, para participar do "Treinamento de Mentores promovido pelo Escritório das Nações Unidas sobre Drogas e Crime (UNODC)", a se realizar em Kingston, Jamaica. (Dossiê nº 10120.003792/0518-13).</p><p>O SECRETÁRIO DA RECEITA FEDERAL DO BRASIL, SUBSTITUTO, no uso da competência prevista no art. 2º do Decreto n 1.387, de 7 de fevereiro de 1995, que lhe foi delegada pelo art. 11 da Portaria MF nº 160, de 6 de maio de 2016, com fulcro no art. 87, da Lei nº 8.112, de 11 de dezembro de 1990, no art. 10, do Decreto nº 5.707, de 23 de fevereiro de 2006 e na Portaria RFB nº 1804, de 30 de dezembro de 2016, autoriza o Analista-Tributário da Receita Federal do Brasil WEBER JOSE LUCAS FADEL, matrícula siapecad nº 08357, lotado e em exercício na Delegacia da Receita Federal do Brasil em Natal/RN (DRF/NAT), a afastar-se do país em virtude de licença capacitação no período de 1º de agosto de 2018 a 31 de agosto de 2018 (31 dias), com trânsito no dia 31 de julho de 2018 e ônus limitado, com objetivo de participar do Curso de língua estrangeira - Francês, promovido por Alliance Française de Lyon, a ser realizado em Lyon/França. As despesas decorrentes do afastamento serão custeadas pelo servidor, que deverá apresentar o comprovante de frequência ou participação, bem como cópia do certificado de conclusão, quando aplicável, no prazo de até 60 (sessenta) dias contados da conclusão do evento. (Processo nº 10469.720714/2017-41).</p><p class="assina">PAULO RICARDO DE SOUZA CARDOSO</p>]]></Texto>
  </body>
</article></xml>