﻿<xml><article id="3487591" name="LAUDA DOU 30-05-2018" idOficio="4813198" pubName="DO2" artType="Portaria" pubDate="04/06/2018" artClass="00038:00054:00003:00000:00000:00000:00000:00000:00000:00000:00001:00003" artCategory="Poder Judiciário/Tribunal Regional do Trabalho da 15ª Região/Presidência" artSize="8" artNotes="" numberPage="54" pdfPage="http://pesquisa.in.gov.br/imprensa/jsp/visualiza/index.jsp?data=04/06/2018&amp;jornal=529&amp;pagina=54" editionNumber="105" highlightType="" highlightPriority="" highlight="" idMateria="10796550">
  <body>
    <Identifica><![CDATA[ PORTARIA CPV Nº 332, DE 16 DE MAIO DE 2018]]></Identifica>
    <Data><![CDATA[]]></Data>
    <Ementa />
    <Titulo />
    <SubTitulo />
    <Texto><![CDATA[<p class="identifica">PORTARIA CPV Nº 332, DE 16 DE MAIO DE 2018</p><p>O DESEMBARGADOR PRESIDENTE DO TRIBUNAL REGIONAL DO TRABALHO DA 15ª REGIÃO, no uso de suas atribuições legais e regimentais, resolve:</p><p>Designar, a partir da publicação desta portaria, DULCIMEIRE GOMES CARVALHO, Servidora Pública da Prefeitura Municipal de Itupeva, à disposição deste Tribunal, para:</p><p>I - ter exercício na 4ª Vara do Trabalho de Jundiaí;</p><p>II - exercer a função comissionada de Executante FC-01, constante da Tabela de Funções Comissionadas.</p><p class="assina">Fernando da Silva Borges</p><p class="identifica">PORTARIAs CPV DE 24 DE MAIO DE 2018</p><p>O DESEMBARGADOR PRESIDENTE DO TRIBUNAL REGIONAL DO TRABALHO DA 15ª REGIÃO, no uso de suas atribuições legais e regimentais, resolve:</p><p>Nº 354 - Designar, a partir da publicação desta portaria, ANA GLAUCIA GUEDES DOURADO, Servidora Pública da Prefeitura Municipal de Pereira Barreto, à disposição deste Tribunal, para:</p><p>I - ter exercício na Vara do Trabalho de Andradina, dispensando-a da função comissionada de Assistente de Juiz FC-05, no Gabinete da Juíza Substituta Eliete Thomazini Pala;</p><p>II - exercer a função comissionada de Executante FC-01, constante da Tabela de Funções Comissionadas.</p><p>Nº 389 - Dispensar, a partir de 04 de junho de 2018, GLAUCIA BRUNINI CARDOSO LOURENÇO, Analista Judiciário, área Administrativa, do Quadro Permanente da Secretaria deste Tribunal, dispensando-a da função comissionada de Coordenador de Central de Mandados FC-03, na Coordenadoria Integrada de Atividades Administrativas, Judiciais e Central de Mandados de Jaboticabal.</p><p>Nº 444 - Dispensar, a partir de 30 de maio de 2018, CLEIDE APARECIDA PEROBON MAZER, Técnico Judiciário, área Administrativa, do Quadro Permanente da Secretaria deste Tribunal, da função comissionada de Coordenador de Central de Mandados FC-03, na Coordenadoria Integrada de Atividades Administrativas, Judiciais e Central de Mandados de Sertãozinho.</p><p class="assina">Fernando da Silva Borges</p>]]></Texto>
  </body>
</article></xml>