﻿<xml><article id="3460136" name="P_1557_DESIGNAR THIAGO DA SILVA " idOficio="4813528" pubName="DO2" artType="Portaria" pubDate="01/06/2018" artClass="00011:00058:00001:00000:00000:00000:00000:00000:00000:00000:00025:00010" artCategory="Ministério da Educação/Instituto Federal de Educação, Ciência e Tecnologia de Brasília/Reitoria/Chefia de Gabinete da Reitoria" artSize="8" artNotes="" numberPage="25" pdfPage="http://pesquisa.in.gov.br/imprensa/jsp/visualiza/index.jsp?data=01/06/2018&amp;jornal=529&amp;pagina=25" editionNumber="104" highlightType="" highlightPriority="" highlight="" idMateria="10797162">
  <body>
    <Identifica><![CDATA[ PORTARIA Nº 1.557, DE 29 DE MAIO DE 2018]]></Identifica>
    <Data><![CDATA[]]></Data>
    <Ementa />
    <Titulo />
    <SubTitulo />
    <Texto><![CDATA[<p></p><p class="identifica">PORTARIA Nº 1.557, DE 29 DE MAIO DE 2018</p><p>O REITOR DO INSTITUTO FEDERAL DE BRASÍLIA, nomeado pelo Decreto de 05 de maio de 2015, publicado no Diário Oficial da União em 06 de maio de 2015, no uso de suas atribuições legais e regimentais, resolve:</p><p>Art. 1º DESIGNAR o servidor THIAGO DA SILVA PASSOS, matrícula SIAPE Nº 1968883, ocupante do cargo efetivo de Auxiliar em Administração, lotado no Campus Planaltina, do Instituto Federal de Brasília, para exercer a encargo de substituto da Diretoria de Administração e Planejamento, código CD-04, do Campus Planaltina, do Instituto Federal de Brasília, cargo ocupado pelo servidor REGINALDO PEREIRA RAMOS, matrícula SIAPE Nº 1812185, nos períodos de 28/05/2018 a 30/05/2018 e de 04/06/2018 a 08/06/2018, por motivo de férias do titular.</p><p>Art. 2º Esta Portaria entra em vigor na data de sua publicação.</p><p class="assina">WILSON CONCIANI</p>]]></Texto>
  </body>
</article></xml>