﻿<xml><article id="3465082" name="Port-1163-2018-DPMM" idOficio="4814261" pubName="DO2" artType="Portaria" pubDate="01/06/2018" artClass="00010:00007:00014:00006:00000:00000:00000:00000:00000:00000:00025:00003" artCategory="Ministério da Defesa/Comando da Marinha/Diretoria-Geral do Pessoal/Diretoria do Pessoal Militar" artSize="8" artNotes="" numberPage="12" pdfPage="http://pesquisa.in.gov.br/imprensa/jsp/visualiza/index.jsp?data=01/06/2018&amp;jornal=529&amp;pagina=12" editionNumber="104" highlightType="" highlightPriority="" highlight="" idMateria="10798174">
  <body>
    <Identifica><![CDATA[ PORTARIA Nº 1.163/DPMM, DE 30 DE MAIO DE 2018 ]]></Identifica>
    <Data><![CDATA[]]></Data>
    <Ementa />
    <Titulo />
    <SubTitulo />
    <Texto><![CDATA[<p class="identifica">PORTARIA Nº 1.163/DPMM, DE 30 DE MAIO DE 2018</p><p>O DIRETOR DO PESSOAL MILITAR DA MARINHA, no uso da subdelegação de competência que lhe confere o contido na alínea a, do inciso V, do art. 1º, do Anexo B, da Portaria nº 24/DGPM, de 9 de março de 2017, e tendo em vista o disposto nos art. 96, inciso I e 97, da Lei nº 6.880, de 9 de dezembro de 1980, resolve:</p><p>Art. 1º Conceder Transferência para a Reserva Remunerada (RM1), com a remuneração a que faz jus, observado o previsto nos art. 50, inciso II, da Lei nº 6.880, de 9 de dezembro de 1980; art. 10, incisos I, II, III, IV e VI; 30 e 33 da Medida Provisória nº 2.215-10, de 31 de agosto de 2001, ao Capitão de Mar e Guerra 82.0142.13 EDNALDO BLUM DE OLIVEIRA SANTOS.</p><p>Art. 2º Esta Portaria entra em vigor na presente data.</p><p>V. Alte. RENATO RODRIGUES DE AGUIAR FREIRE</p><p></p>]]></Texto>
  </body>
</article></xml>