﻿<xml><article id="3463605" name="Portaria CGRH 089-18" idOficio="4814037" pubName="DO2" artType="Portaria" pubDate="01/06/2018" artClass="00013:00012:00000:00000:00000:00000:00000:00000:00000:00000:00025:00001" artCategory="Ministério da Indústria, Comércio Exterior e Serviços/Instituto Nacional da Propriedade Industrial" artSize="8" artNotes="" numberPage="50" pdfPage="http://pesquisa.in.gov.br/imprensa/jsp/visualiza/index.jsp?data=01/06/2018&amp;jornal=529&amp;pagina=50" editionNumber="104" highlightType="" highlightPriority="" highlight="" idMateria="10797895">
  <body>
    <Identifica><![CDATA[ PORTARIA  Nº  89, DE 28 DE MAIO DE 2018]]></Identifica>
    <Data><![CDATA[]]></Data>
    <Ementa />
    <Titulo />
    <SubTitulo />
    <Texto><![CDATA[<p></p><p class="identifica">PORTARIA Nº 89, DE 28 DE MAIO DE 2018</p><p>O COORDENADOR-GERAL DE RECURSOS HUMANOS DO INSTITUTO NACIONAL DA PROPRIEDADE INDUSTRIAL - INPI, no uso de suas atribuições regimentais, e tendo em vista o contido no Processo INPI nº 52400.003349/2018-21, resolve:</p><p>Conceder aposentadoria voluntária, com proventos integrais, ao servidor LUIZ EDUARDO DA COSTA MARTINS, matrícula SIAPE nº 1547163, correspondente ao cargo de Pesquisador em Propriedade Industrial, Classe "C", Padrão III, do Plano de Carreiras e Cargos do INPI, com fundamento no art. 40, §1º, III, "a" da Constituição Federal de 1988, da Emenda Constitucional nº 41, de 2003.</p><p class="assina">MARCELO PETULANTE FERNANDES</p><p></p>]]></Texto>
  </body>
</article></xml>