﻿<xml><article id="1494488" name="Copy Of Copy of P_262_DESIGNAR C" idOficio="" pubName="DO2" artType="" pubDate="08/02/2018" artClass="00011:00058:00001:00001:00000:00000:00000:00000:00000:00000:00025:00002" artSection="Chefia de Gabinete da Reitoria" artCategory="Chefia de Gabinete da Reitoria" artSize="8" artNotes="" numberPage="18" pdfPage="http://pesquisa.in.gov.br/imprensa/jsp/visualiza/index.jsp?data=08/02/2018&amp;jornal=529&amp;pagina=18" editionNumber="28" highlight="">
  <body>
    <Identifica><![CDATA[PORTARIA Nº 262, DE 7 DE FEVEREIRO DE 2018]]></Identifica>
    <Data><![CDATA[]]></Data>
    <Ementa />
    <Titulo />
    <SubTitulo />
    <Texto><![CDATA[<p> O REITOR DO INSTITUTO FEDERAL DE BRASÍLIA, nomeado pelo Decreto de 05 de maio de 2015, publicado no Diário Oficial da União em 06 de maio de 2015, no uso de suas atribuições legais e regimentais, resolve:</p><p>Art. 1º DESIGNAR a servidora CAROLINE ANDERSON CORREA GOMES, matrícula SIAPE Nº 1896808, ocupante do cargo efetivo de Assistente Social, lotada na Reitoria, do Instituto Federal de Brasília, para exercer o encargo de substituta da Diretoria de Políticas Estudantis, da Pró-Reitoria de Ensino, da Reitoria, do Instituto Federal de Brasília, código CD-03, cargo ocupado pela servidora ANA CAROLINA SIMOES LAMOUNIER FIGUEIREDO DOS SANTOS, matrícula SIAPE Nº 1609898, no período de 22/01/2018 a 26/01/2018, por motivo de férias da titular.</p><p>Art. 2º Esta Portaria entra em vigor na data de sua assinatura.</p>]]></Texto>
    <Autores>
      <assina>WILSON CONCIANI</assina>
    </Autores>
  </body>
</article></xml>