﻿<xml><article id="1519096" name="Copy Of Documento" idOficio="" pubName="DO2" artType="" pubDate="09/02/2018" artClass="00010:00007:00014:00006:00013:00000:00000:00000:00000:00000:00025:00001" artSection="Serviço de Inativos e Pensionistas" artCategory="Serviço de Inativos e Pensionistas" artSize="8" artNotes="" numberPage="12" pdfPage="http://pesquisa.in.gov.br/imprensa/jsp/visualiza/index.jsp?data=09/02/2018&amp;jornal=529&amp;pagina=12" editionNumber="29" highlight="">
  <body>
    <Identifica><![CDATA[PORTARIA Nº 58/SVPM DE 5 DE FEVEREIRO DE 2018]]></Identifica>
    <Data><![CDATA[]]></Data>
    <Ementa />
    <Titulo />
    <SubTitulo />
    <Texto><![CDATA[<p> O Diretor do Serviço de Veteranos e Pensionistas da Marinha, no uso das atribuições que lhe são conferidas pelo Decreto nº 7.862, de 8 de dezembro de 2012, pela Portaria MP nº 363, de 28 de novembro de 2016 e pela Orientação Normativa nº 1, de 2 de janeiro de 2017, da SEGRT, resolve:</p><p>  Art. 1º Tornar pública a relação dos aposentados e beneficiários civis, aniversariantes do mês de NOVEMBRO, que não atenderam à convocação e notificação para realizar o recadastramento anual/2017, conforme estabelecido no inciso "a" do Art. 11 da Orientação Normativa nº 1/2017 da SEGRT:</p><p>MÊS;MATRÍCULA;NOME;CPF;UPAG;VÍNCULO</p><p>958323;ALBERTINO JANUARIO DE BRITO;313.056.527-20;296;aposentado</p><p>957880;ANTONIO DA CONCEICAO COSTA;067.924.561-87;296;aposentado</p><p>978548;CARLOS ANTONIO DA MOTA;197.943.637-15;296;aposentado</p><p>976420;CARLOS CESAR GOMES;369.592.437-34;296;aposentado</p><p>978890;CLAUDEMIRO DOS SANTOS;540.362.407-49;296;aposentado</p><p>956909;DORIVAL PEREIRA MONTEIRO;062.634.292-91;296;aposentado</p><p>978734;EDMILSON GOMES SOARES;639.131.277-04;296;aposentado</p><p>970789;EDNO JOSE BOTELHO RODRIGUES;260.292.357-53;296;aposentado</p><p>972311;EDVALDO ALVES DOS SANTOS;095.499.275-04;296;aposentado</p><p>966554;EVANDRO MAGNO DE SOUZA;054.830.935-34;296;aposentado</p><p>968282;HELIO FERNANDO DE OLIVEIRA;345.377.087-00;296;aposentado</p><p>965828;IDELVAN ALVES TEIXEIRA;289.289.977-04;296;aposentado</p><p>1116613;IRAPUAN JOSE DA COSTA;054.411.454-04;296;aposentado</p><p>974838;JAYME LOURENCO DOS SANTOS;348.483.207-04;296;aposentado</p><p>979702;JERSE VICENTE;662.808.937-15;296;aposentado</p><p>956433;JOSE DOS SANTOS;039.369.614-68;296;aposentado</p><p>956966;JOSE VIEIRA DOS SANTOS;003.021.392-49;296;aposentado</p><p>976990;JOSIAS ROMUALDO;368.305.347-04;296;aposentado</p><p>965254;JUDITH MARIA DA SILVA;309.782.387-53;296;aposentado</p><p>1106074;LEA BRAZUNA TORRES CABRAL;073.253.337-65;296;aposentado</p><p>957121;LUIZ JORGE SANTOS COELHO;105.587.642-15;296;aposentado</p><p>967234;MANOEL ANTONIO DE SIQUEIRA;243.104.337-15;296;aposentado</p><p>1046466;MARCOS ROBERTO MENDES;018.011.087-06;296;aposentado</p><p>969803;MARIA SALETE CUSTODIO;371.955.147-49;296;aposentado</p><p>968831;MAURA RIBEIRO DA SILVA;280.492.927-20;296;aposentado</p><p>979235;NELSON XAVIER DOS ANJOS;268.180.867-72;296;aposentado</p><p>963732;OSVALDO BRAGA;303.712.527-68;296;aposentado</p><p>977729;PAULO ROBERTO CURITIBA;586.505.477-53;296;aposentado</p><p>956666;SANDRA MARIA GALVAO DE SANTANA;066.266.454-04;296;aposentado</p><p>974050;SANDRA REGINA VARELA;609.015.357-53;296;aposentado</p><p>969971;SOLANGE DE ARAUJO SOUZA;315.598.917-34;296;aposentado</p><p>3235840;ADALGIZA DIAS LIMA;944.720.177-68;296;beneficiário</p><p>1229613;ALDACI REIS DAS NEVES;375.992.837-49;296;beneficiário</p><p>3483401;ANGELA MARIA DA CONCEICAO DULCE;033.411.157-90;296;beneficiário</p><p>2549182;ANGELICA PEREIRA DOS SANTOS;397.843.635-34;296;beneficiário</p><p>6193889;ANITA EGUEZ DE MENDONCA;776.475.567-20;296;beneficiário</p><p>5280371;ANTONIA DE SOUSA NEVES;178.582.912-20;296;beneficiário</p><p>1005855;BERILDA BORGES E SOUZA;274.986.547-68;296;beneficiário</p><p>4895878;CARMEM CARVALHO DA SILVA;060.056.387-18;296;beneficiário</p><p>4931921;CARMEN CELIA FERRADAIS PEREIRA;144.982.352-15;296;beneficiário</p><p>6160981;CELIA CAVALCANTI DE OLIVEIRA;809.582.144-68;296;beneficiário</p><p>5447151;CLAUDIA TAVARES DE SOUZA;960.316.977-34;296;beneficiário</p><p>5319404;DALVA ATAUALPA PESTANA;670.305.567-04;296;beneficiário</p><p>6139361;DAVI MANOEL DE OLIVEIRA;014.188.224-77;296;beneficiário</p><p>143529;DENANCYR DA SILVA ALMEIDA;305.898.517-72;296;beneficiário</p><p>3860515;DILMA ALVES LIRA CLETO;941.810.638-87;296;beneficiário</p><p>951307;DIVA DOS SANTOS;544.573.197-91;296;beneficiário</p><p>5955165;EDNEA BARAHONA VIANNA;032.322.617-52;296;beneficiário</p><p>3262936;ELMA FERREIRA DAS CHAGAS LUNA;832.593.177-91;296;beneficiário</p><p>3384250;ERICA FERNANDA DA CONCEICAO GOMES;077.948.017-10;296;beneficiário</p><p>1114476;ESTHER LIMA ARIANO;458.352.687-34;296;beneficiário</p><p>5215706;EURIDICE DE AQUINO;561.815.157-04;296;beneficiário</p><p>5872707;EUTALIA MARIA SANTANA DE AMORIM;828.912.147-49;296;beneficiário</p><p>5580773;FRANCILEIDE MEDEIROS DE PAIVA;004.706.147-22;296;beneficiário</p><p>2338769;GEORGINA GARCIA WALTER;354.834.907-20;296;beneficiário</p><p>2228751;GILSON GOMES PINTO COSTA;051.390.927-35;296;beneficiário</p><p>4863615;IRACEMA BATISTA FRANCINI;309.315.337-91;296;beneficiário</p><p>2263050;IRENE CASTRO DOS SANTOS;413.722.807-82;296;beneficiário</p><p>5124069;ISAURA FERREIRA DA SILVA;377.786.334-34;296;beneficiário</p><p>6158404;IVANICE GUIMARAES ARAUJO;544.450.867-20;296;beneficiário</p><p>6172431;JACIARA DA SILVA MANHAES PEREIRA;486.820.557-91;296;beneficiário</p><p>2044641;JAQUELINE GOMES SIQUEIRA;043.213.427-16;296;beneficiário</p><p>890642;JUSSARA LUIZA FIGUEIRA;350.056.887-49;296;beneficiário</p><p>6122213;KARINA SILVA CONCEICAO;188.331.327-90;296;beneficiário</p><p>963054;LINETTE EYER DA COSTA;391.239.447-49;296;beneficiário</p><p>868621;LOURDES DE SOUZA COIMBRA;545.840.277-49;296;beneficiário</p><p>2005701;LOURDES MENDES DA FONSECA;493.286.110-91;296;beneficiário</p><p>5414083;LUSINETE GOMES DOS SANTOS;608.150.007-15;296;beneficiário</p><p>1565214;LUZINETE FRANCISCA DA SILVA;775.570.507-20;296;beneficiário</p><p>5969298;MARIA ANDRELINA PAIXAO RODRIGUES;000.580.497-38;296;beneficiário</p><p>5235901;MARIA BATISTA SILVA;686.033.552-15;296;beneficiário</p><p>956759;MARIA CRISTINA PESSOA DO NASCIMENTO;257.198.902-20;296;beneficiário</p><p>2215985;MARIA DE NAZARE PINHEIRO DE SOUZA;306.839.122-91;296;beneficiário</p><p>6069584;MARIA DO CARMO DE OLIVEIRA SARAIVA;191.312.083-04;296;beneficiário</p><p>1640241;MARIA ESTELA DE SOUZA;186.882.502-78;296;beneficiário</p><p>5964148;MARIA GORETE VANDERLEI SILVA;716.515.197-49;296;beneficiário</p><p>3299261;MARIA JOSE DA SILVA;412.306.984-34;296;beneficiário</p><p>4735234;MARIA NEUZIR NUNES DA SILVA;376.523.464-87;296;beneficiário</p><p>5860601;MARIA RITA SOUSA PIMENTA;480.498.162-49;296;beneficiário</p><p>6103596;MARIANA LOPES DE AMORIM;112.897.913-68;296;beneficiário</p><p>6139060;MARISTELA RIBEIRO DE ANDRADE;640.230.367-49;296;beneficiário</p><p>2285771;NADEJE VENERANDA DA ROCHA;156.112.804-04;296;beneficiário</p><p>5205964;NADIR DA SILVA;091.649.498-50;296;beneficiário</p><p>2136538;NARCISELINA COSTA DE ARAUJO;122.891.165-72;296;beneficiário</p><p>3992802;ODETE DAS NEVES DA SILVA;052.744.807-99;296;beneficiário</p><p>5168627;PATRICIA OLIVEIRA;028.373.007-21;296;beneficiário</p><p>5343381;RAIMUNDA DA SILVA ARAUJO;800.197.652-15;296;beneficiário</p><p>6074898;REGINA DA SILVA;099.013.177-70;296;beneficiário</p><p>5212855;ROSILAINE MARIA JOSEFA DA C. OLIVEIRA;052.740.925-19;296;beneficiário</p><p>1105833;ROSIMAIRY GRACIANO;890.784.547-68;296;beneficiário</p><p>3494357;SOLANGE CAVALCANTE DOS SANTOS;946.398.417-87;296;beneficiário</p><p>1209922;TEREZA ANGELICA SACRAMENTO;272.131.455-68;296;beneficiário</p><p>2724065;VALMIRA OLINDINA MENDES;289.615.369-15;296;beneficiário</p><p>5258103;VERA LUCIA RODRIGUES BAPTISTA;022.460.437-60;296;beneficiário</p><p>5536782;WALDEMAR DE NEIVA MOREIRA;018.132.697-34;296;beneficiário</p><p>764299;YVONNE KESSLER COUTO;005.538.737-33;296;beneficiário</p><p>3215105;ZILDA PEREIRA DA ROSA;063.928.739-53;296;beneficiário</p><p>Art. 2º A suspensão do pagamento do provento e/ou benefício de pensão será efetivada na folha de pagamento do mês de FEVEREIRO/2018.</p><p>Art. 3º O restabelecimento do pagamento do provento e/ou da pensão fica condicionado ao recadastramento mediante comparecimento pessoal dos interessados, portando a documentação estabelecida nos arts. 5º e 6º da ON nº 1/2017, da SEGRT, no Serviço de Veteranos e Pensionistas da Marinha (SVPM), Organização de Apoio e Contato (OMAC) ou Organização Recadastradora (OREC), cujos endereços estão disponíveis na página do SVPM na internet www.svpm.mar.mil.br. </p><p>Art. 4º O crédito do(s) pagamento(s) restabelecido(s) será(ão) efetivado(s) na primeira folha de pagamento disponível para inclusão.</p><p>Art. 5º Na hipótese de moléstia grave ou de impossibilidade de locomoção do aposentado e/ou pensionista deverá ser solicitado o agendamento de visita técnica, por meio do e-mail svpm.domiciliar@marinha.mil.br, para comprovação de vida do titular do benefício, ficando o pagamento restabelecido provisoriamente até que seja realizada a visita técnica, observado o disposto no Art. 4º desta Portaria.</p>]]></Texto>
    <Autores>
      <assina>CMG (IM) RICARDO LUÍS VELOSO MENDES</assina>
    </Autores>
  </body>
</article></xml>