﻿<xml><article id="1467608" name="Copy Of EDITAL 3 SERV PESSOAS SU" idOficio="" pubName="DO2" artType="" pubDate="07/02/2018" artClass="00099:00022:00029:00238:00022:00000:00000:00000:00000:00000:00000:00021:00001" artSection="Editais e Avisos" artCategory="Editais e Avisos" artSize="12" artNotes="" numberPage="68" pdfPage="http://pesquisa.in.gov.br/imprensa/jsp/visualiza/index.jsp?data=07/02/2018&amp;jornal=529&amp;pagina=68" editionNumber="27" highlight="">
  <body>
    <Identifica><![CDATA[EDITAL Nº 3, DE 6 DE FEVEREIRO DE 2018 SUSPENSÃO DE PAGAMENTO]]></Identifica>
    <Data><![CDATA[]]></Data>
    <Ementa />
    <Titulo />
    <SubTitulo />
    <Texto><![CDATA[<p> A CHEFE DO SERVIÇO DE GESTÃO DE PESSOAS DA SUPERINTENDÊNCIA REGIONAL NORTE/ CENTRO-OESTE, em conformidade com as disposições estabelecidas pelo Decreto nº 7.862/2012, de 08 de dezembro de 2012, Portaria nº 08 - GM/MP, de 07 de janeiro de 2013, e pela Orientação Normativa SEGEP Nº 1, de 10 de janeiro de 2013, resolve:</p><p>1. Tornar pública a relação dos aposentados e/ou pensionistas que terão o pagamento do provento e/ou benefício de pensão suspenso por motivo de não atendimento à convocação e respectiva notificação para realizar o recadastramento anual, no mês do aniversário no período de 01/01/2018 a 31/01/2018.</p><p> </p><table><tr /><tr><td><p>CPF</p></td><td><p>NOME</p></td></tr><tr><td><p> 051.975.148-50</p><p>                </p></td><td><p>LÍDIA HATSUKO HIGA (APOSENTADA)</p></td></tr></table><p>2. O restabelecimento do pagamento do provento e/ou do benefício de aposentadoria fica condicionado ao recadastramento mediante comparecimento pessoal do interessado na Seção Operacional da Gestão de Pessoas, sito à SAUS QD.04 BLOCO L 3º ANDAR SALA 303, portando a documentação estabelecida nos arts. 5º e 6º da ON SEGEP Nº 1, publicada no Diário Oficial da União de 14 de janeiro de 2013.</p><p>3. Na hipótese de moléstia grave ou de impossibilidade de locomoção do aposentado e/ou pensionista deverá ser solicitada visita técnica, por meio do telefone (61) 3319-2590, para comprovação de vida do titular do benefício, ficando o pagamento restabelecido provisoriamente até que seja realizada a visita.</p>]]></Texto>
    <Autores>
      <assina>RAQUEL LOPES DE OLIVEIRA</assina>
    </Autores>
  </body>
</article></xml>