﻿<xml><article id="1347533" name="trt9a243-2017 ATO 274" idOficio="4574365" pubName="DO2" artType="Ato" pubDate="01/02/2018" artClass="00037:00048:00000:00000:00000:00000:00000:00000:00000:00000:00001:00001" artSection="Poder Judiciário" artCategory="Tribunal Regional do Trabalho da 9ª Região" artSize="8" artNotes="" numberPage="123" pdfPage="http://pesquisa.in.gov.br/imprensa/jsp/visualiza/index.jsp?data=01/02/2018&amp;jornal=529&amp;pagina=123" editionNumber="23">
  <body>
    <Identifica><![CDATA[ATO Nº 274, DE 13 DE NOVEMBRO DE 2017]]></Identifica>
    <Data><![CDATA[]]></Data>
    <Ementa />
    <Titulo />
    <SubTitulo />
    <Texto><![CDATA[<p> O DESEMBARGADOR DO TRABALHO, PRESIDENTE DO TRIBUNAL REGIONAL DO TRABALHO DA 9ª REGIÃO, usando de suas atribuições legais, diante do disposto no art. 25 do Regimento Interno e do contido no expediente "Redistribuição 17ª Vara Do Trabalho De Curitiba 002/2017" e na Certidão SADM no 269/2017,, resolve:</p><p>  Art. 1º Redistribuir, a partir da data da publicação, nos termos do art. 37 da Lei nº 8.112/1990, o cargo efetivo de Analista Judiciário, Área Judiciária, criado pela Lei nº 11.979/2009, do Quadro de Pessoal Permanente desta Corte, ocupado pela servidora AMANDA TIRAPELLI, para o Quadro de Pessoal Permanente do Tribunal Regional do Trabalho da 15ª Região, em reciprocidade com o cargo de Analista Judiciário, Área Judiciária, ocupado pelo servidor GABRIEL MAZZAROTTO. Art. 2º Lotar, em virtude do disposto no art. 1°, o servidor GABRIEL MAZZAROTTO na 17ª Vara do Trabalho de Curitiba.</p><p> </p>]]></Texto>
    <Autores>
      <assina>Desembargador ARNOR LIMA NETO</assina>
    </Autores>
  </body>
</article></xml>