﻿<xml><article id="1347545" name="trt9a277-2017 CODAF 306" idOficio="4607906" pubName="DO2" artType="Portaria" pubDate="01/02/2018" artClass="00037:00048:00001:00001:00017:00000:00000:00000:00000:00000:00001:00003" artSection="Coordenadoria de Dados Funcionais" artCategory="Coordenadoria de Dados Funcionais" artSize="8" artNotes="" numberPage="123" pdfPage="http://pesquisa.in.gov.br/imprensa/jsp/visualiza/index.jsp?data=01/02/2018&amp;jornal=529&amp;pagina=123" editionNumber="23">
  <body>
    <Identifica><![CDATA[PORTARIA Nº 306, DE 14 DE DEZEMBRO DE 2017]]></Identifica>
    <Data><![CDATA[]]></Data>
    <Ementa />
    <Titulo />
    <SubTitulo />
    <Texto><![CDATA[<p> O COORDENADOR DE DADOS FUNCIONAIS DO TRIBUNAL REGIONAL DO TRABALHO DA 9ª REGIÃO, usando de suas atribuições legais, e diante do disposto nos DES ADG 2661/2016 e DES GABSGP 1175/2016, resolve: </p><p> I - designar CINTHIA EMMANUELLE LIMA SANT'ANA, Analista Judiciária Área Judiciária, classe A, padrão 4, para EXERCER o Cargo em Comissão de Assistente de Diretor de Secretaria (c-5107), código TRT 9ª CJ-1,  08ª Vara do Trabalho de Curitiba, a partir da data da publicação, dispensando-a da Função Comissionada de Assistente de Juiz (c-5260), código TRT 9ª FC-5, desta unidade, a partir da mesma data (Documento Eletrônico nº 002/2017); II - dispensar LUANA POPOLISKI VILACIO PINTO, Analista Judiciária Área Judiciária, classe B, padrão 7, do Cargo em Comissão de Assistente de Diretor de Secretaria (c-5107), código TRT 9ª CJ-1,  08ª Vara do Trabalho de Curitiba, a partir da data de publicação (Documento Eletrônico nº 2/2017).</p><p> </p>]]></Texto>
    <Autores>
      <assina>FERNANDO CESAR BELINCANTA</assina>
    </Autores>
  </body>
</article></xml>