﻿<xml><article id="1347539" name="trt9a269-2017 ATO 265" idOficio="4605109" pubName="DO2" artType="Ato" pubDate="01/02/2018" artClass="00037:00048:00001:00001:00017:00000:00000:00000:00000:00000:00001:00001" artSection="Coordenadoria de Dados Funcionais" artCategory="Coordenadoria de Dados Funcionais" artSize="8" artNotes="" numberPage="123" pdfPage="http://pesquisa.in.gov.br/imprensa/jsp/visualiza/index.jsp?data=01/02/2018&amp;jornal=529&amp;pagina=123" editionNumber="23">
  <body>
    <Identifica><![CDATA[ATO Nº 265, DE 16 DE OUTUBRO DE 2017]]></Identifica>
    <Data><![CDATA[]]></Data>
    <Ementa />
    <Titulo />
    <SubTitulo />
    <Texto><![CDATA[<p> O DESEMBARGADOR DO TRABALHO, PRESIDENTE DO TRIBUNAL REGIONAL DO TRABALHO DA 9ª REGIÃO, usando de suas atribuições legais, diante do disposto no art. 25 do Regimento Interno e do contido no expediente "Redistribuição 02ª Vara Do Trabalho De Francisco Beltrão 001/2017" e na Certidão CAM no 257/2017, resolve:</p><p> Art. 1º Redistribuir, a partir da data da publicação, nos termos do art. 37 da Lei nº 8.112/1990, o cargo efetivo de Técnico Judiciário, Área Administrativa, criado pela Lei nº 6.241/1975, do Quadro de Pessoal Permanente desta Corte, ocupado pelo servidor GUSTAVO LUIZ SAILE SCHERER, para o Quadro de Pessoal Permanente do Tribunal Regional do Trabalho da 4ª Região, em reciprocidade com o cargo de Técnico Judiciário, Área Administrativa, ocupado pelo servidor FABIANO HAMADA. Art. 2º Lotar, em virtude do disposto no art. 1°, o servidor FABIANO HAMADA na 2ª Vara do Trabalho de Francisco Beltrão.</p><p> </p>]]></Texto>
    <Autores>
      <assina>Desembargador ARNOR LIMA NETO</assina>
    </Autores>
  </body>
</article></xml>