﻿<xml><article id="1347542" name="trt9a276-2017 ATO 304" idOficio="4607146" pubName="DO2" artType="Ato" pubDate="01/02/2018" artClass="00037:00048:00001:00001:00017:00000:00000:00000:00000:00000:00001:00002" artSection="Coordenadoria de Dados Funcionais" artCategory="Coordenadoria de Dados Funcionais" artSize="8" artNotes="" numberPage="123" pdfPage="http://pesquisa.in.gov.br/imprensa/jsp/visualiza/index.jsp?data=01/02/2018&amp;jornal=529&amp;pagina=123" editionNumber="23">
  <body>
    <Identifica><![CDATA[ATO Nº 304, DE 5 DE DEZEMBRO DE 2017]]></Identifica>
    <Data><![CDATA[]]></Data>
    <Ementa />
    <Titulo />
    <SubTitulo />
    <Texto><![CDATA[<p> A DESEMBARGADORA DO TRABALHO, PRESIDENTE DO TRIBUNAL REGIONAL DO TRABALHO DA 9ª REGIÃO, usando de suas atribuições legais, diante do disposto no art. 25 do Regimento Interno, e do contido no expediente "Redistribuição Funcionário Fora De Sede 026/2017" e na CER SADM nos 303 e 308/2017, resolve: </p><p>Art. 1º Redistribuir, a partir da data da publicação, nos termos do art. 37 da Lei nº 8.112/1990, o cargo efetivo de Técnico Judiciário, Área Administrativa, criado pela Lei nº 10.770/2003, do Quadro de Pessoal Permanente desta Corte, ocupado pelo servidor RICARDO OLIVEIRA RAVAGNANI, para o Quadro de Pessoal Permanente do Tribunal Regional do Trabalho da 24ª Região, em reciprocidade com o cargo de Técnico Judiciário, Área Administrativa, ocupado pelo servidor DIEGO RODRIGUES. Art. 2º Lotar, em virtude do disposto no art. 1°, o servidor DIEGO RODRIGUES na 19ª Vara do Trabalho de Curitiba, mantendo-o no exercício da Função Comissionada de Secretário de Audiências de Juiz Auxiliar (c-6561), código TRT 9ª FC-4. Art. 3º Revogar, a partir da data de publicação, o Ato no 161/2010, publicado no Diário Oficial da União - Seção 2, de 30/08/2010.</p><p> </p>]]></Texto>
    <Autores>
      <assina>MARLENE T. FUVERKI SUGUIMATSU</assina>
    </Autores>
  </body>
</article></xml>