﻿<xml><article id="1347551" name="618.17 - Sérgio Walana" idOficio="4613477" pubName="DO2" artType="Portaria" pubDate="01/02/2018" artClass="00037:00027:00001:00000:00000:00000:00000:00000:00000:00000:00025:00001" artSection="Presidência" artCategory="Presidência" artSize="8" artNotes="" numberPage="119" pdfPage="http://pesquisa.in.gov.br/imprensa/jsp/visualiza/index.jsp?data=01/02/2018&amp;jornal=529&amp;pagina=119" editionNumber="23">
  <body>
    <Identifica><![CDATA[PORTARIA Nº 618, DE 13 DE NOVEMBRO DE 2017]]></Identifica>
    <Data><![CDATA[]]></Data>
    <Ementa />
    <Titulo />
    <SubTitulo />
    <Texto><![CDATA[<p> O PRESIDENTE DO TRIBUNAL REGIONAL ELEITORAL DO PARANÁ, usando das atribuições que lhe são conferidas pelo artigo 22, inciso XXVII, alínea "d", do Regimento Interno deste Tribunal e com base no art. 37 da Lei n.º 8.112, de 11 de dezembro de 1990, na Resolução TSE n.º 23.430, de 12 de agosto de 2014 e no processo administrativo digital n.º 11803/2017 deste Tribunal, resolve:</p><p>I - REDISTRIBUIR, para o Tribunal Regional Eleitoral de Santa Catarina, o cargo de Técnico Judiciário, Área de Atividade Administrativa, ocupado pelo servidor SÉRGIO MENDES DE OLIVEIRA, pertencente ao quadro permanente deste Tribunal Regional Eleitoral do Paraná, criado pela Lei n.º 10.842, de 20.02.2004, em reciprocidade com um cargo de Técnico Judiciário, Área de Atividade Administrativa, do quadro permanente de pessoal do Tribunal Regional Eleitoral de Santa Catarina, ocupado pela servidora WALANA DE AZEVEDO SOUZA.</p><p>II - A efetivação da redistribuição do cargo ocupado pelo servidor SÉRGIO MENDES DE OLIVEIRA, deste Regional, dependerá da redistribuição do cargo de Técnico Judiciário, Área Administrativa, ocupado pela servidora WALANA DE AZEVEDO SOUZA, do quadro permanente de pessoal do Tribunal Regional Eleitoral de Santa Catarina.</p><p>III - A servidora WALANA DE AZEVEDO SOUZA terá 15 (quinze) dias para a retomada do efetivo desempenho das atribuições do cargo, contados a partir da publicação, com fulcro no artigo 18, da Lei n.º 8.112/90, e no parágrafo único do art. 14, da Resolução TSE n.º 23.430/2014.</p><p>IV - As redistribuições não acarretam concessão de indenizações, uma vez que os servidores renunciaram expressamente a este direito.</p><p>V - Esta portaria entra em vigor a partir da publicação no Diário Oficial da União.</p>]]></Texto>
    <Autores>
      <assina>Des. ADALBERTO JORGE XISTO PEREIRA</assina>
    </Autores>
  </body>
</article></xml>