﻿<xml><article id="1347575" name="Port SEI-INT 20-2017" idOficio="4623755" pubName="DO2" artType="Portaria" pubDate="01/02/2018" artClass="00008:00057:00000:00000:00000:00000:00000:00000:00000:00000:00025:00001" artSection="Ministério da Ciência, Tecnologia, Inovações e Comunicações" artCategory="Instituto Nacional de Tecnologia" artSize="8" artNotes="" numberPage="8" pdfPage="http://pesquisa.in.gov.br/imprensa/jsp/visualiza/index.jsp?data=01/02/2018&amp;jornal=529&amp;pagina=8" editionNumber="23">
  <body>
    <Identifica><![CDATA[PORTARIA Nº 20/SEI-INT de 21 de dezembro de 2017]]></Identifica>
    <Data><![CDATA[]]></Data>
    <Ementa />
    <Titulo />
    <SubTitulo />
    <Texto><![CDATA[<p> O DIRETOR DO INSTITUTO NACIONAL DE TECNOLOGIA, no uso das atribuições que lhe foram conferidas pela Delegação de Competência concedida pela Portaria MCT nº 407, de 29.06.2006, publicada no D.O.U. de 30.06.2006, e pelo Regimento Interno, aprovado pela Portaria MCTIC nº 5.152, de 14.11.2016, publicada no D.O.U. de 16.11.2016, ambas assinadas pelo Exmº Ministro de Estado de Ciência, Tecnologia, Inovações e Comunicações, resolve:</p><p>Art. 1º - Conceder aposentadoria voluntária a servidora Genaldo Lima Rangel, Matrícula SIAPE nº 662513, ocupante do cargo de Tecnologista, Classe H, Padrão III, com fundamento legal na forma dos incisos I a III do art. 3º, da Emenda Constitucional 47, de 05 de julho de 2005, c/c § 18, artigo 40, da Constituição Federal (redação atual). Processo SEI nº 01240.000743/2017-76.</p><p>Art. 2º - Declarar o cargo acima mencionado vago.</p><p>Art. 3º - Esta portaria entra em vigor na data de sua publicação.</p>]]></Texto>
    <Autores>
      <assina>Fernando Cosme Rizzo Assunção</assina>
    </Autores>
  </body>
</article></xml>