﻿<xml><article id="1347584" name="PT1181_17" idOficio="4630563" pubName="DO2" artType="Portaria" pubDate="01/02/2018" artClass="00017:00026:00024:00000:00000:00000:00000:00000:00000:00000:00025:00003" artSection="Instituto Nacional de Câncer José Alencar Gomes da Silva" artCategory="Instituto Nacional de Câncer José Alencar Gomes da Silva" artSize="8" artNotes="" numberPage="77" pdfPage="http://pesquisa.in.gov.br/imprensa/jsp/visualiza/index.jsp?data=01/02/2018&amp;jornal=529&amp;pagina=77" editionNumber="23">
  <body>
    <Identifica><![CDATA[PORTARIA Nº 1.181, DE 8 DE DEZEMBRO DE 2017]]></Identifica>
    <Data><![CDATA[]]></Data>
    <Ementa />
    <Titulo />
    <SubTitulo />
    <Texto><![CDATA[<p> A Diretora-Geral do Instituto Nacional de Câncer José Alencar Gomes da Silva, no uso de suas atribuições subdelegadas pela Portaria CGRH/SAA/SE/MS nº 1.041, de 30/10/2009, publicada no DOU nº 209, de 03/11/2009, resolve:</p><p>Conceder aposentadoria voluntária, com proventos integrais, a CATIA DE SOUZA PEDRO, matrícula SIAPE nº 241479, ocupante do cargo de Técnico, NI, classe M, padrão III, do quadro de pessoal do Ministério da Saúde, com fundamento no Art. 3º da Emenda Constitucional nº 47/05 (Processo nº 25410.402711/2017-71).</p><p> </p>]]></Texto>
    <Autores>
      <assina>ANA CRISTINA PINHO MENDES PEREIRA</assina>
    </Autores>
  </body>
</article></xml>