﻿<xml><article id="1347590" name="PORTARIA GPR 23" idOficio="4631332" pubName="DO2" artType="Portaria" pubDate="01/02/2018" artClass="00037:00039:00002:00000:00000:00000:00000:00000:00000:00000:00025:00003" artSection="Presidência" artCategory="Presidência" artSize="8" artNotes="" numberPage="120" pdfPage="http://pesquisa.in.gov.br/imprensa/jsp/visualiza/index.jsp?data=01/02/2018&amp;jornal=529&amp;pagina=120" editionNumber="23">
  <body>
    <Identifica><![CDATA[PORTARIA Nº 23, DE 4 DE JANEIRO DE 2018]]></Identifica>
    <Data><![CDATA[]]></Data>
    <Ementa />
    <Titulo />
    <SubTitulo />
    <Texto><![CDATA[<p> O PRESIDENTE DO TRIBUNAL DE JUSTIÇA DO DISTRITO FEDERAL E DOS TERRITÓRIOS, no uso de sua competência legal e tendo em vista o disposto no Processo Administrativo 0023531/2017, resolve:</p><p>Conceder aposentadoria voluntária integral, com fundamento no art. 3º da Emenda Constitucional 47, de 5 de julho de 2005, à servidora MARIA VITÓRIA FURTADO DA SILVA, matrícula 308.260, ocupante do cargo de Técnico Judiciário, Área Administrativa, Classe "C", Padrão 13, Nível Intermediário, do Quadro de Pessoal deste Tribunal, com a vantagem prevista no art. 67 da Lei 8.112/1990 c/c o art. 6º da Lei 9.624/1998 e com o inciso II do art. 15 da Medida Provisória 2.225-45/2001.</p>]]></Texto>
    <Autores>
      <assina>Des. MARIO MACHADO</assina>
    </Autores>
  </body>
</article></xml>