﻿<xml><article id="1347602" name="Portaria nº 04 - Jose Nobre de L" idOficio="4632921" pubName="DO2" artType="Portaria" pubDate="01/02/2018" artClass="00012:00002:00012:00016:00000:00000:00000:00000:00000:00000:00025:00001" artSection="Superintendência de Administração no Ceará" artCategory="Superintendência de Administração no Ceará" artSize="8" artNotes="" numberPage="50" pdfPage="http://pesquisa.in.gov.br/imprensa/jsp/visualiza/index.jsp?data=01/02/2018&amp;jornal=529&amp;pagina=50" editionNumber="23">
  <body>
    <Identifica><![CDATA[PORTARIA Nº 04, de 03 de janeiro de 2018]]></Identifica>
    <Data><![CDATA[]]></Data>
    <Ementa />
    <Titulo />
    <SubTitulo />
    <Texto><![CDATA[<p> O SUPERINTENDENTE DE ADMINISTRAÇÃO DO MINISTÉRIO DA FAZENDA NO ESTADO DO CEARÁ, no uso de suas atribuições conferidas pelo Inciso XI, Art.86, da Portaria nº144, do Gabinete do Ministro da Fazenda, de 27.04.2016, publicada no DOU de 29.04.2016, resolve:</p><p>CONCEDER aposentadoria voluntária com proventos integrais ao servidor JOSE NOBRE DE LIMA, ocupante do cargo Agente de Vigilancia, matrícula Siape nº 0120108, Classe S, Padrão III, lotado e em exercício na DRL/SAMF/CE, com fundamento legal no artigo 3º da EC nº47/2007, do Quadro Permanente do Ministério da Fazenda. (Processo nº 10380.000001/2018-18)</p>]]></Texto>
    <Autores>
      <assina>RAIMUNDO MARCILIO DE AMORIM</assina>
    </Autores>
  </body>
</article></xml>