﻿<xml><article id="1353558" name="PT1168_17" idOficio="4630560" pubName="DO2" artType="Portaria" pubDate="01/02/2018" artClass="00017:00026:00024:00000:00000:00000:00000:00000:00000:00000:00025:00001" artSection="Instituto Nacional de Câncer José Alencar Gomes da Silva" artCategory="Instituto Nacional de Câncer José Alencar Gomes da Silva" artSize="8" artNotes="" numberPage="76" pdfPage="http://pesquisa.in.gov.br/imprensa/jsp/visualiza/index.jsp?data=01/02/2018&amp;jornal=529&amp;pagina=76" editionNumber="23">
  <body>
    <Identifica><![CDATA[PORTARIA Nº 1.168, DE 1º DE DEZEMBRO DE 2017]]></Identifica>
    <Data><![CDATA[]]></Data>
    <Ementa />
    <Titulo />
    <SubTitulo />
    <Texto><![CDATA[<p> A Diretora-Geral do Instituto Nacional de Câncer José Alencar Gomes da Silva, no uso de suas atribuições subdelegadas pela Portaria CGRH/SAA/SE/MS nº 1.041, de 30/10/2009, publicada no DOU nº 209, de 03/11/2009, resolve:</p><p>Conceder aposentadoria voluntária, com proventos integrais a RICARDO JOSÉ DE ALMEIDA SOUZA, matrícula SIAPE nº 242352, ocupante do cargo de Tecnologista, NS, Classe H, Padrão III, do Quadro de Pessoal do Ministério da Saúde, com fundamento no Art. 3º da Emenda Constitucional 47/05 (Processo nº 25410.402362/2017-97).</p><p> </p>]]></Texto>
    <Autores>
      <assina>ANA CRISTINA PINHO MENDES PEREIRA</assina>
    </Autores>
  </body>
</article></xml>