﻿<xml><article id="1368789" name="PT1187_17" idOficio="4630654" pubName="DO2" artType="Portaria" pubDate="02/02/2018" artClass="00017:00026:00024:00000:00000:00000:00000:00000:00000:00000:00025:00001" artSection="Instituto Nacional de Câncer José Alencar Gomes da Silva" artCategory="Instituto Nacional de Câncer José Alencar Gomes da Silva" artSize="8" artNotes="" numberPage="50" pdfPage="http://pesquisa.in.gov.br/imprensa/jsp/visualiza/index.jsp?data=02/02/2018&amp;jornal=529&amp;pagina=50" editionNumber="24" highlight="">
  <body>
    <Identifica><![CDATA[PORTARIA Nº 1.187, DE 12 DE DEZEMBRO DE 2017]]></Identifica>
    <Data><![CDATA[]]></Data>
    <Ementa />
    <Titulo />
    <SubTitulo />
    <Texto><![CDATA[<p> A Diretora-Geral do Instituto Nacional de Câncer José Alencar Gomes da Silva, no uso de suas atribuições subdelegadas pela Portaria CGRH/SAA/SE/MS nº 1.041, de 30/10/2009, publicada no DOU nº 209, de 03/11/2009, resolve:</p><p>Conceder aposentadoria voluntária, com proventos integrais a VALDENIR SILVA BARROSO, matrícula SIAPE nº 243097, ocupante do cargo de ASSISTENTE EM C &amp; T, NI, Classe R, Padrão III do Quadro de Pessoal do Ministério da Saúde, com fundamento no Art. 3º da Emenda Constitucional 47/05 (Processo nº 25410.402364/2017-86).</p><p> </p>]]></Texto>
    <Autores>
      <assina>ANA CRISTINA PINHO MENDES PEREIRA</assina>
    </Autores>
  </body>
</article></xml>