﻿<xml><article id="1347611" name="Port designação e dispensa de FG" idOficio="4636373" pubName="DO2" artType="Portaria" pubDate="01/02/2018" artClass="00012:00057:00000:00000:00000:00000:00000:00000:00000:00000:00019:00001" artSection="Ministério da Fazenda" artCategory="Secretaria de Assuntos Internacionais" artSize="8" artNotes="" numberPage="55" pdfPage="http://pesquisa.in.gov.br/imprensa/jsp/visualiza/index.jsp?data=01/02/2018&amp;jornal=529&amp;pagina=55" editionNumber="23">
  <body>
    <Identifica><![CDATA[PORTARIAS DE 9 DE JANEIRO DE 2018]]></Identifica>
    <Data><![CDATA[]]></Data>
    <Ementa />
    <Titulo />
    <SubTitulo />
    <Texto><![CDATA[<p> O SECRETÁRIO DE ASSUNTOS INTERNACIONAIS DO MINISTÉRIO DA FAZENDA, no uso da competência que lhe foi delegada no inciso VI do art. 1º da Portaria GMF nº 392, de 14 de julho de 2009, e subdelegada no inciso V do art. 1o da Portaria GMF no 393, de 14 de julho de 2009, alterada pela Portaria GMF nº 100, de 28 de março de 2017 resolve:</p><p>Nº 3 - Dispensar, a pedido, FERNANDA CORREIA DE CASTRO, matrícula SIAPE no 2049692, do encargo de Substituta Eventual do Chefe da Divisão de Execução Orçamentária e Financeira, código DAS 101.2, da Secretaria de Assuntos Internacionais deste Ministério.</p><p>Nº 4 - Designar NATÁLIA ROBERTA DA SILVA BANDEIRA, matrícula SIAPE no 2138157, para exercer o encargo de Substituta Eventual do Chefe da Divisão de Execução Orçamentária e Financeira, código DAS 101.2, do Gabinete da Secretaria de Assuntos Internacionais deste Ministério, em seus afastamentos, impedimentos legais ou eventuais e na vacância do cargo.</p><p>Nº 5 - Dispensar FERNANDA CORREIA DE CASTRO, matrícula SIAPE no 2049692, da Função Gratificada, código FG-1, do Gabinete da Secretaria de Assuntos Internacionais deste Ministério.</p><p>Nº 6 - Dispensar NATÁLIA ROBERTA DA SILVA BANDEIRA, matrícula SIAPE no 2138157, da Função Gratificada, código FG-3, do Gabinete da Secretaria de Assuntos Internacionais deste Ministério.</p><p>Nº 7 - Designar NATÁLIA ROBERTA DA SILVA BANDEIRA, matrícula SIAPE no 2138157, para exercer a Função Gratificada, código FG-1, do Gabinete da Secretaria de Assuntos Internacionais deste Ministério.</p><p>Nº 8 - Designar FERNANDA CORREIA DE CASTRO, matrícula SIAPE no 2049692, para exercer a Função Gratificada, código FG-3, do Gabinete da Secretaria de Assuntos Internacionais deste Ministério.</p>]]></Texto>
    <Autores>
      <assina>MARCELLO DE MOURA ESTEVÃO FILHO</assina>
    </Autores>
  </body>
</article></xml>