﻿<xml><article id="1565920" name="A 16 17Designar MANUARA APARECID" idOficio="4636992" pubName="DO2" artType="Portaria" pubDate="16/02/2018" artClass="00017:00001:00000:00000:00000:00000:00000:00000:00000:00000:00025:00001" artSection="Ministério da Saúde" artCategory="Gabinete do Ministro" artSize="8" artNotes="" numberPage="42" pdfPage="http://pesquisa.in.gov.br/imprensa/jsp/visualiza/index.jsp?data=16/02/2018&amp;jornal=529&amp;pagina=42" editionNumber="32" highlight="">
  <body>
    <Identifica><![CDATA[PORTARIAS DE 3 DE JANEIRO DE 2018]]></Identifica>
    <Data><![CDATA[]]></Data>
    <Ementa />
    <Titulo />
    <SubTitulo />
    <Texto><![CDATA[<p> O MINISTRO DE ESTADO DA SAÚDE, no uso da competência que lhe foi delegada pelo art. 3º, do Decreto nº 8.821, de 26 de julho de 2016, resolve: </p><p>Nº 16 - Dispensar, a contar de 30 de novembro de 2017, NEUZA SOARES DOS SANTOS da Função Comissionada do Poder Executivo de Assistente, código FCPE-102.2, nº 32.0034, da Coordenação-Geral de Ações Técnicas em Educação na Saúde, do Departamento de Gestão da Educação na Saúde, da Secretaria de Gestão do Trabalho e da Educação na Saúde, em virtude de sua aposentadoria.</p><p>Nº 17 - Designar MANUARA APARECIDA ALVES DE SOUZA, para exercer a Função Comissionada do Poder Executivo de Assistente, código FCPE-102.2, nº 32.0034, da Coordenação-Geral de Ações Técnicas em Educação na Saúde, do Departamento de Gestão da Educação na Saúde, da Secretaria de Gestão do Trabalho e da Educação na Saúde, ficando exonerada da que atualmente ocupa.</p>]]></Texto>
    <Autores>
      <assina>RICARDO BARROS</assina>
    </Autores>
  </body>
</article></xml>