﻿<xml><article id="1347629" name="Port. DGC- 2 e 3, de 12.01.2018 " idOficio="4640057" pubName="DO2" artType="Portaria" pubDate="01/02/2018" artClass="00012:00052:00008:00000:00000:00000:00000:00000:00000:00000:00025:00001" artSection="Departamento de Gestão Corporativa" artCategory="Departamento de Gestão Corporativa" artSize="8" artNotes="" numberPage="54" pdfPage="http://pesquisa.in.gov.br/imprensa/jsp/visualiza/index.jsp?data=01/02/2018&amp;jornal=529&amp;pagina=54" editionNumber="23">
  <body>
    <Identifica><![CDATA[PORTARIAS DE 12 DE JANEIRO DE 2018]]></Identifica>
    <Data><![CDATA[]]></Data>
    <Ementa />
    <Titulo />
    <SubTitulo />
    <Texto><![CDATA[<p> A DIRETORA DO DEPARTAMENTO DE GESTÃO CORPORATIVA, no uso da competência que lhe foi subdelegada pelo inciso I do art. 8° da Portaria PGFN n° 1.178, de 28 de outubro de 2010, publicada no D.O.U. de 1° de novembro de 2010, alterada pela Portaria PGFN nº 387, de 30 de março de 2017, publicada no D.O.U de 31 de março de 2017, resolve:</p><p>Nº 2 - Dispensar RENATO KRAUSE, Técnico de Nível Médio, matrícula SIAPE nº 0749045, da Função Comissionada Técnica de Analista de Gestão Administrativa II, código FCT-6, da Procuradoria-Seccional da Fazenda Nacional em Novo Hamburgo, no Estado do Rio Grande do Sul. </p><p>Nº 3 - Designar KANDA LIVIA SANTOS FRANCA ARAGÃO, Assistente-Técnico Administrativo, matrícula SIAPE nº 1756317, em exercício na Procuradoria da Fazenda Nacional no Estado do Paraná, para exercer a Função Comissionada Técnica de Analista de Gestão Administrativa II, código FCT-6, da Procuradoria-Seccional da Fazenda Nacional em Novo Hamburgo, no Estado do Rio Grande do Sul. </p>]]></Texto>
    <Autores>
      <assina>IÊDA APARECIDA DE MOURA CAGNI</assina>
    </Autores>
  </body>
</article></xml>