﻿<xml><article id="1558445" name="trt9a8-2018 CODAF 6" idOficio="4638503" pubName="DO2" artType="Portaria" pubDate="16/02/2018" artClass="00037:00048:00001:00001:00017:00000:00000:00000:00000:00000:00025:00001" artSection="Coordenadoria de Dados Funcionais" artCategory="Coordenadoria de Dados Funcionais" artSize="8" artNotes="" numberPage="67" pdfPage="http://pesquisa.in.gov.br/imprensa/jsp/visualiza/index.jsp?data=16/02/2018&amp;jornal=529&amp;pagina=67" editionNumber="32" highlight="">
  <body>
    <Identifica><![CDATA[PORTARIA Nº 6, DE 11 DE JANEIRO DE 2018]]></Identifica>
    <Data><![CDATA[]]></Data>
    <Ementa />
    <Titulo />
    <SubTitulo />
    <Texto><![CDATA[<p> O COORDENADOR DE DADOS FUNCIONAIS DO TRIBUNAL REGIONAL DO TRABALHO DA 9ª REGIÃO, usando de suas atribuições legais, e diante do disposto nos DES ADG 2661/2016 e DES GABSGP 1175/2016, resolve: I - designar LUIZ CEZAR DE ARAUJO, Analista Judiciário Área Judiciária, classe B, padrão 9, para EXERCER o Cargo em Comissão de Assessor (c-9308), código TRT 9ª CJ-3, do Gabinete de Desembargador 14, a partir da data da publicação até 19/03/2018, dispensando-o da Função Comissionada de Assistente de Gabinete de Desembargador do Trabalho (c-9311), código TRT 9ª FC-5, desta unidade, a partir da mesma data (Documento Eletrônico nº 2/2018). </p>]]></Texto>
    <Autores>
      <assina>FERNANDO CESAR BELINCANTA</assina>
    </Autores>
  </body>
</article></xml>