﻿<xml><article id="1347617" name="FÁTIMA DA GLÓRIA" idOficio="4638463" pubName="DO2" artType="Portaria" pubDate="01/02/2018" artClass="00017:00026:00014:00009:00000:00000:00000:00000:00000:00000:00025:00001" artSection="Hospital Federal de Bonsucesso" artCategory="Hospital Federal de Bonsucesso" artSize="8" artNotes="" numberPage="76" pdfPage="http://pesquisa.in.gov.br/imprensa/jsp/visualiza/index.jsp?data=01/02/2018&amp;jornal=529&amp;pagina=76" editionNumber="23">
  <body>
    <Identifica><![CDATA[PORTARIA Nº 9, DE 11 DE JANEIRO DE 2018.]]></Identifica>
    <Data><![CDATA[]]></Data>
    <Ementa />
    <Titulo />
    <SubTitulo />
    <Texto><![CDATA[<p> O Diretor-Geral do Hospital Federal de Bonsucesso, no uso de suas atribuições conferidas pela Portaria nº 1.708, de 30 de junho de 2017, publicada no DOU n° 129 de 07 de julho de 2017 e Portaria nº 1.041, de 30 de outubro de 2009, publicada no DOU nº 209, de 03 de novembro de 2009, seção 2, página 31, resolve:</p><p>Conceder aposentadoria voluntária a FÁTIMA DA GLORIA DIAS, matrícula SIAPE nº 1186063, ocupante do cargo de Auxiliar de enfermagem, Nível Intermediário, Classe "S", Padrão "III", do quadro de servidores deste Ministério, lotado no Hospital Federal de Bonsucesso, com fundamento no artigo 3º da Emenda Constitucional nº 47/2005, com proventos integrais, incorporando-se 3% (três por cento) de anuênio e as demais vantagens do cargo a que faz jus. </p><p>(Processo nº 33374.468488/2017-36)</p><p> </p>]]></Texto>
    <Autores>
      <assina>Gilson Max Freitas de Araújo</assina>
    </Autores>
  </body>
</article></xml>