﻿<xml><article id="1352328" name="PORT 33" idOficio="4640045" pubName="DO2" artType="Portaria" pubDate="01/02/2018" artClass="00017:00002:00001:00000:00000:00000:00000:00000:00000:00000:00025:00002" artSection="Subsecretaria de Assuntos Administrativos" artCategory="Subsecretaria de Assuntos Administrativos" artSize="8" artNotes="liberada saj" numberPage="62" pdfPage="http://pesquisa.in.gov.br/imprensa/jsp/visualiza/index.jsp?data=01/02/2018&amp;jornal=529&amp;pagina=62" editionNumber="23">
  <body>
    <Identifica><![CDATA[PORTARIA Nº 33, DE 11 DE JANEIRO DE 2018]]></Identifica>
    <Data><![CDATA[]]></Data>
    <Ementa />
    <Titulo />
    <SubTitulo />
    <Texto><![CDATA[<p> O SUBSECRETÁRIO DE ASSUNTOS ADMINISTRATIVOS SUBSTITUTO DO MINISTÉRIO DA SAÚDE - substituto, no uso de suas atribuições legais, resolve:</p><p>I - Designar ALDERINO CARDOSO SILVA para substituir, no período de 04/12/2017 a 11/12/2017, o Coordenador Distrital de Saúde Indígena, DAS-101.4, código 39.0238, do Distrito Sanitário Especial Indígena - Rio Tapajós, da Secretaria Especial de Saúde Indígena, em virtude de afastamento do titular do cargo e do eventual designado.</p><p>II - Designar BENEDITO DAMIÃO DE CARVALHO MOTA para substituir, no período de 12/12/2017 a 18/12/2017, o Coordenador Distrital de Saúde Indígena, DAS-101.4, código 39.0238, do Distrito Sanitário Especial Indígena - Rio Tapajós, da Secretaria Especial de Saúde Indígena, em virtude de afastamento do titular do cargo e do eventual designado.</p>]]></Texto>
    <Autores>
      <assina>PABLO MARCOS GOMES LEITE</assina>
    </Autores>
  </body>
</article></xml>