﻿<xml><article id="1347620" name="trt9a9-2018 CODAF 7" idOficio="4638673" pubName="DO2" artType="Portaria" pubDate="01/02/2018" artClass="00037:00048:00001:00001:00017:00000:00000:00000:00000:00000:00001:00004" artSection="Coordenadoria de Dados Funcionais" artCategory="Coordenadoria de Dados Funcionais" artSize="8" artNotes="" numberPage="43-124" pdfPage="http://pesquisa.in.gov.br/imprensa/jsp/visualiza/index.jsp?data=01/02/2018&amp;jornal=529&amp;pagina=43,http://pesquisa.in.gov.br/imprensa/jsp/visualiza/index.jsp?data=01/02/2018&amp;jornal=529&amp;pagina=124" editionNumber="23">
  <body>
    <Identifica><![CDATA[PORTARIA Nº 7, DE 11 DE JANEIRO DE 2018]]></Identifica>
    <Data><![CDATA[]]></Data>
    <Ementa />
    <Titulo />
    <SubTitulo />
    <Texto><![CDATA[<p> O COORDENADOR DE DADOS FUNCIONAIS DO TRIBUNAL REGIONAL DO TRABALHO DA 9ª REGIÃO, usando de suas atribuições legais, e diante do disposto nos DES ADG 2661/2016 e DES GABSGP 1175/2016, resolve: </p><p> I - designar SIMONE KEIKO VOIDA ARASAKI, Técnica Judiciária Área Administrativa, classe C, padrão 12, para EXERCER o Cargo em Comissão de Assessor (c-9434), código TRT 9ª CJ-3, do Gabinete de Desembargador 25, a partir da data da publicação, dispensando-a da Função Comissionada de Assistente de Gabinete de Desembargador do Trabalho (c-9428), código TRT 9ª FC-5, desta unidade, a partir da mesma data (Documento Eletrônico nº 001/2018); II - dispensar SIRLEI REGINA PRADELLA, Servidora do Tribunal Regional do Trabalho da 4ª Região, do Cargo em Comissão de Assessor (c-9434), código TRT 9ª CJ-3, do Gabinete de Desembargador 25, a partir da data de publicação (Documento Eletrônico nº 001/2018). </p><p> </p>]]></Texto>
    <Autores>
      <assina>FERNANDO CESAR BELINCANTA</assina>
    </Autores>
  </body>
</article></xml>