﻿<xml><article id="1441801" name="Ato 16-2018" idOficio="4642732" pubName="DO2" artType="Ato Concessório" pubDate="07/02/2018" artClass="00037:00047:00001:00000:00000:00000:00000:00000:00000:00000:00001:00002" artSection="Gabinete da Presidência" artCategory="Gabinete da Presidência" artSize="8" artNotes="" numberPage="64" pdfPage="http://pesquisa.in.gov.br/imprensa/jsp/visualiza/index.jsp?data=07/02/2018&amp;jornal=529&amp;pagina=64" editionNumber="27" highlight="">
  <body>
    <Identifica><![CDATA[ATO Nº 16, DE 12 DE JANEIRO DE 2018]]></Identifica>
    <Data><![CDATA[]]></Data>
    <Ementa />
    <Titulo />
    <SubTitulo />
    <Texto><![CDATA[<p>A DESEMBARGADORA VICE-PRESIDENTE, NO EXERCÍCIO DA PRESIDÊNCIA DO TRIBUNAL REGIONAL DO TRABALHO DA OITAVA REGIÃO, no uso de suas atribuições legais, e</p><p>CONSIDERANDO o que consta do Processo Administrativo Eletrônico TRT8ª n° 3893/2017, resdolve:</p><p> CONCEDER APOSENTADORIA à servidora ELIZABETH GOMES DA SILVA, com fundamento no artigo 3º, da Emenda Constitucional nº 47/2005, no cargo de Técnico Judiciário, Área Administrativa, Classe C, Padrão 13, do Quadro Permanente do Tribunal Regional do Trabalho da Oitava Região, com PROVENTOS INTEGRAIS correspondentes à remuneração da servidora no cargo efetivo, qual seja a estabelecida nos artigos 12 e 13 da Lei nº 11.416/2006, com as alterações decorrentes da Lei nº 13.317/2016, acrescida do adicional por tempo de serviço de 9% (nove por cento) adquirido antes de 8 de março de 1999, anteriormente previsto nos artigos 61, inciso III, e 67 da Lei nº 8.112/1990, com a observância das alterações introduzidas pela Medida Provisória nº 2.225-45/2001, bem como da Vantagem Pessoal Nominalmente Identificada de 04 (quatro) décimos de Função Comissionada - FC-4 e 06 (seis) décimos de Função Comissionada - FC-5, conforme art. 62-A da Lei nº 8.112/1990, com a observância da Medida Provisória nº 2.225-45/2001, além do Adicional de Qualificação de 5% (cinco por cento) previsto nos artigos 14 e 15, VI da Lei nº 11.416/2006, com as alterações decorrentes da Lei nº 13.317/2016. Publique-se e registre-se.</p>]]></Texto>
    <Autores>
      <assina>SULAMIR PALMEIRA MONASSA DE ALMEIDA</assina>
      <cargo>Em exercício</cargo>
    </Autores>
  </body>
</article></xml>