﻿<xml><article id="1351937" name="PORT 38 A 49" idOficio="4642110" pubName="DO2" artType="Portaria" pubDate="01/02/2018" artClass="00017:00002:00001:00000:00000:00000:00000:00000:00000:00000:00025:00003" artSection="Subsecretaria de Assuntos Administrativos" artCategory="Subsecretaria de Assuntos Administrativos" artSize="8" artNotes="liberada saj" numberPage="62" pdfPage="http://pesquisa.in.gov.br/imprensa/jsp/visualiza/index.jsp?data=01/02/2018&amp;jornal=529&amp;pagina=62" editionNumber="23">
  <body>
    <Identifica><![CDATA[PORTARIAS DE 15 DE JANEIRO DE 2018]]></Identifica>
    <Data><![CDATA[]]></Data>
    <Ementa />
    <Titulo />
    <SubTitulo />
    <Texto><![CDATA[<p>O SUBSECRETÁRIO DE ASSUNTOS ADMINISTRATIVOS DO MINISTÉRIO DA SAÚDE, no uso de suas atribuições legais, resolve:</p><p>Nº 38 - Dispensar RODRIGO MURTINHO DE MARTINEZ TORRES do encargo de substituto eventual do Diretor, DAS-101.4, código 45.0729, do Instituto de Comunicação e Informação Científica e Tecnológica em Saúde, da Fundação Oswaldo Cruz, a contar de 02/08/2017, por ter sido nomeado titular do referido cargo.</p><p>Nº 39 - Designar ÉDEN CARLOS BARROS DE MIRANDA para exercer o encargo de substituto eventual do Chefe da Divisão de Gestão do Núcleo Estadual do Acre, DAS-101.2, código 05.0383, da Secretaria Executiva.</p><p>Nº 40 - Dispensar, a pedido, ZACARIAS ARAUJO COSTA do encargo de substituto eventual do Chefe do Serviço de Edificações e Saneamento Ambiental Indígena, FCPE-101.1, código 39.0225, do Distrito Sanitário Especial Indígena - Kaiapó do Mato Grosso, da Secretaria Especial de Saúde Indígena.</p><p>Nº 41- Designar ALINE BRAGA MEDRADO para substituir, no período de 08/01/2018 a 12/01/2018, a Chefe do Serviço de Apoio ao Aleitamento Materno e Desenvolvimento Infantil, DAS-101.1, código 05.0125, da Coordenação de Atenção à Saúde e Atendimento de Pessoas, da Coordenação-Geral de Gestão de Pessoas, da Subsecretaria de Assuntos Administrativos, da Secretaria Executiva, em virtude de afastamento da titular e férias da substituta eventual designada.</p><p>Nº 42 - Designar MARISE MENTZINGEN PAZ para exercer o encargo de substituta eventual da Chefe do Serviço de Comunicação Social, DAS-101.1, código 30.0257, do Gabinete, do Instituto Nacional de Câncer José Alencar Gomes da Silva, da Secretaria de Atenção à Saúde.</p><p>Nº 43 - Designar SANDRO BASTOS DOS SANTOS para exercer o encargo de substituto eventual do Diretor, DAS-101.4, código 45.0559, do Instituto de Tecnologia em Fármacos, da Fundação Oswaldo Cruz.</p><p> LEONARDO ROSÁRIO DE ALCÂNTARA</p><p>PORTARIA Nº 44, DE 15 DE JANEIRO DE 2018</p><p>O SUBSECRETÁRIO DE ASSUNTOS ADMINISTRATIVOS DO MINISTÉRIO DA SAÚDE, no uso de suas atribuições legais, resolve:</p><p>I - Designar DENYS DANTAS DE ALMEIDA para substituir, no período de 26/12/2017 a 12/01/2018, a Chefe do Serviço de Gestão Administrativa, FCPE-101.1, código 05.0393, da Divisão de Gestão do Núcleo Estadual de Alagoas, da Secretaria Executiva, em virtude de afastamento da titular e dispensa do substituto eventual designado.</p><p>II - Designar DENYS DANTAS DE ALMEIDA para exercer o encargo de substituto eventual do Chefe do Serviço de Gestão Administrativa, FCPE-101.1, código 05.0393, da Divisão de Gestão do Núcleo Estadual de Alagoas, da Secretaria Executiva, ficando dispensado, a contar de 26/12/2017, MARCELO NUNES SOARES COSTA.</p><p> LEONARDO ROSÁRIO DE ALCÂNTARA</p><p> PORTARIAS DE 15 DE JANEIRO DE 2018.</p><p>O SUBSECRETÁRIO DE ASSUNTOS ADMINISTRATIVOS  DO MINISTÉRIO DA SAÚDE, no uso de suas atribuições legais, resolve:</p><p>Nº 45 - Designar MARÍLIA TOLENTINO DA SILVA para substituir, no período de 02/01/2018 a 26/01/2018, a Coordenadora-Geral de Ações Técnicas em Educação na Saúde, FCPE-101.4, código 32.0032, da Coordenação-Geral de Ações Técnicas em Educação na Saúde, do Departamento de Gestão da Educação na Saúde, da Secretaria de Gestão do Trabalho e da Educação na Saúde, em virtude de afastamento da titular e da substituta eventual designada.</p><p>Nº 46 - Designar ELIANE LOPES DOS SANTOS para substituir, no período de 08/01/2018 a 17/01/2018, a Coordenadora-Geral de Planejamento e Orçamento, FCPE-101.4, código 39.0019, da Secretaria Especial de Saúde Indígena, em virtude de afastamento da titular e do substituto eventual designado.</p><p>Nº 47 - Designar ROSILANDS SOCORRO LELO SANTIAGO para exercer o encargo de substituta eventual da Chefe da Casa de Saúde Indígena - Humaitá, FCPE-101.1, código 39.0310, da Divisão de Atenção à Saúde Indígena, do Distrito Sanitário Especial Indígena - Porto Velho, da Secretaria Especial de Saúde Indígena.</p><p>Nº 48 - Designar ANTONIO LUIZ GONÇALVES ALBERNAZ para exercer o encargo de substituto eventual do Diretor, DAS-101.4, código 45.0634, do Instituto Nacional de Saúde da Mulher, da Criança e do Adolescente Fernandes Figueira, da Fundação Oswaldo Cruz.</p><p>Nº 49 - Designar RUY BARBOSA DE MOURA FILHO para exercer o encargo de substituto eventual do Chefe da Casa de Saúde Indígena - Mâncio Lima, FCPE-101.1, código 39.0038, da Divisão de Atenção à Saúde Indígena, do Distrito Sanitário Especial Indígena - Alto Rio Juruá, da Secretaria Especial de Saúde Indígena.</p>]]></Texto>
    <Autores>
      <assina>LEONARDO ROSÁRIO DE ALCÂNTARA</assina>
    </Autores>
  </body>
</article></xml>