﻿<xml><article id="1352364" name="PORT 28 A 32 E 34 E 36" idOficio="4640072" pubName="DO2" artType="Portaria" pubDate="01/02/2018" artClass="00017:00002:00001:00000:00000:00000:00000:00000:00000:00000:00025:00001" artSection="Subsecretaria de Assuntos Administrativos" artCategory="Subsecretaria de Assuntos Administrativos" artSize="8" artNotes="liberada saj" numberPage="62" pdfPage="http://pesquisa.in.gov.br/imprensa/jsp/visualiza/index.jsp?data=01/02/2018&amp;jornal=529&amp;pagina=62" editionNumber="23">
  <body>
    <Identifica><![CDATA[PORTARIAS DE 11 DE JANEIRO DE 2018]]></Identifica>
    <Data><![CDATA[]]></Data>
    <Ementa />
    <Titulo />
    <SubTitulo />
    <Texto><![CDATA[<p> O SUBSECRETÁRIO DE ASSUNTOS ADMINISTRATIVOS SUBSTITUTO DO MINISTÉRIO DA SAÚDE - substituto, no uso de suas atribuições legais, resolve:</p><p>Nº 28 - Designar THAÍSE MOREIRA NOGUEIRA PRAXEDES para substituir no período de 15/01/2018 a 26/01/2018, o Coordenador de Programação Financeira, FCPE-101.3, código nº 05.0230, da Coordenação-Geral de Orçamento e Finanças, da Subsecretaria de Planejamento e Orçamento, da Secretaria Executiva, em virtude de afastamento do titular e do substituto eventual designado.</p><p>Nº 29 - Designar HENRIQUE MARCELO DE OLIVEIRA TORRES para exercer o encargo de substituto eventual do Chefe da Divisão de Suprimentos, DAS-101.2, código 30.0267, da Coordenação de Administração Geral, do Instituto Nacional de Câncer José Alencar Gomes da Silva, da Secretaria de Atenção à Saúde.</p><p>Nº 30 - Designar PEDRO GALDINO DE SOUZA para substituir, no período de 29/11/2017 a 03/12/2017, a Chefe da Divisão de Atenção à Saúde Indígena, FCPE-101.2, código 39.0341, do Distrito Sanitário Especial Indígena - Yanomami, da Secretaria Especial de Saúde Indígena, em virtude de afastamento da titular e de não haver substituto eventual designado.</p><p> Nº 31 - Designar RAFAELA REGINA MALDANER para exercer o encargo de substituta eventual da Chefe da Divisão de Atenção à Saúde Indígena, FCPE-101.2, código 39.0207, do Distrito Sanitário Especial Indígena - Xavante, da Secretaria Especial de Saúde Indígena, ficando dispensada ELIZABETH TEIXEIRA DOS ANJOS.</p><p>Nº 32 - Designar PEDRO GALDINO DE SOUZA para exercer o encargo de substituto eventual da Chefe da Divisão de Atenção à Saúde Indígena, FCPE-101.2, código 39.0341, do Distrito Sanitário Especial Indígena - Yanomami, da Secretaria Especial de Saúde Indígena.</p><p>Nº 34 - Designar IARA ANGÉLICA FARNESI COSTA para substituir, no período de 02/01/2018 A 14/01/2018, a Coordenadora de Arquitetura e Engenharia, FCPE-101.3, código 05.0154, da Coordenação-Geral de Administração e Logística, da Subsecretaria de Assuntos Administrativos, da Secretaria Executiva, em virtude de férias da titular e do substituto eventual designado.</p><p> Nº 36 - Designar SABRINA DOS SANTOS LAGES para exercer o encargo de substituta eventual da Chefe do Serviço de Fiscalização de Contratos com Mão de Obra Exclusiva, FCPE-101.1, código 05.0173, da Coordenação de Acompanhamento da Execução de Contratos, da Coordenação-Geral de Administração e Logística, da Subsecretaria de Assuntos Administrativos, da Secretaria Executiva, ficando dispensada GABRIELLA GOMES DE PAULO.</p>]]></Texto>
    <Autores>
      <assina>PABLO MARCOS GOMES LEITE</assina>
    </Autores>
  </body>
</article></xml>