﻿<xml><article id="1347662" name="Port.ele 15 + 1" idOficio="4642290" pubName="DO2" artType="Portaria" pubDate="01/02/2018" artClass="00017:00002:00035:00002:00005:00000:00000:00000:00000:00000:00025:00002" artSection="Serviço de Pessoal Inativo" artCategory="Serviço de Pessoal Inativo" artSize="8" artNotes="" numberPage="70" pdfPage="http://pesquisa.in.gov.br/imprensa/jsp/visualiza/index.jsp?data=01/02/2018&amp;jornal=529&amp;pagina=70" editionNumber="23">
  <body>
    <Identifica><![CDATA[Portaria Nº 15, de 15 Janeiro de 2018]]></Identifica>
    <Data><![CDATA[]]></Data>
    <Ementa />
    <Titulo />
    <SubTitulo />
    <Texto><![CDATA[<p> O CHEFE DA DIVISÃO DE GESTÃO ADMINISTRATIVA DO NÚCLEO ESTADUAL DO MINISTÉRIO DA SAÚDE NO ESTADO DE SÃO PAULO - no uso da competência que lhe foi subdelegada pela Portaria SAA/SE/MS nº. 1804 de 1/10/2013, publicada no DOU nº. 192, de 03/10/2013, e tendo em vista o que constam nos processos abaixo especificados, resolve:                                                                                                 </p><p>  Conceder aposentadoria voluntária ao servidor JORGE ADALBERTO DIB, matrícula SIAPE nº 592804, ocupante do cargo de Médico , nível superior, classe "S", padrão III, do Quadro de Pessoal deste Ministério, com fundamento no artigo 40, paragrafo, 1º, inciso III, alínea "a", da Constituição Federal, com a redação dada pela  Emenda Constitucional n.º 41/03, com  proventos  calculados com base no artigo 1º da Lei nº 10887/04. (Processo nº 25004.002642/2017-91).</p><p>No DOU nº 1 de 02.01.2018 onde constou Portaria 687 de 19.12.2017, leia-se Portaria 696 de 19.12.2017.(Processo nº 25004.401771/2017-68).</p>]]></Texto>
    <Autores>
      <assina>Ronaldo Raymundo</assina>
    </Autores>
  </body>
</article></xml>