﻿<xml><article id="1347635" name="Portaria nº 99 - DESIGNAR MARILE" idOficio="4640374" pubName="DO2" artType="Portaria" pubDate="01/02/2018" artClass="00011:00079:00001:00001:00000:00000:00000:00000:00000:00000:00025:00022" artSection="Chefia de Gabinete" artCategory="Chefia de Gabinete" artSize="8" artNotes="" numberPage="31" pdfPage="http://pesquisa.in.gov.br/imprensa/jsp/visualiza/index.jsp?data=01/02/2018&amp;jornal=529&amp;pagina=31" editionNumber="23">
  <body>
    <Identifica><![CDATA[PORTARIA Nº 99, DE 11 DE JANEIRO DE 2018]]></Identifica>
    <Data><![CDATA[]]></Data>
    <Ementa />
    <Titulo />
    <SubTitulo />
    <Texto><![CDATA[<p> O REITOR DO INSTITUTO FEDERAL DE EDUCAÇÃO, CIÊNCIA E TECNOLOGIA DE RONDÔNIA, no uso de suas atribuições legais e considerando o Memorando nº 17/2018/GJM - CGAB/GJM - DG/GJM, de 11/01/2018, resolve:</p><p>Art. 1º DESIGNAR, a partir de 01/02/2018, a Professora de Ensino Básico Técnico e Tecnológico, MARILEI RODRIGUES, Matrícula SIAPE nº 2425117, para exercer a função de Coordenadora do Curso Técnico em Informática integrado ao Ensino Médio na modalidade de Educação de Jovens e Adultos (EJA), do Campus Guajará-Mirim/IFRO, código FCC.</p><p>Art. 2º ESTABELECER o prazo de 01 (um) ano a contar da data de início das atividades do referido curso (Parágrafo único, do art. 3o), para a realização do Pleito Eleitoral para Eleição dos Coordenadores de Curso, conforme estabelecido pela Portaria nº 551/REIT - CGAB/IFRO, de 22/03/2017.</p><p>Art. 3º Esta Portaria entra em vigor na data de sua publicação.</p>]]></Texto>
    <Autores>
      <assina>Uberlando Tiburtino Leite</assina>
    </Autores>
  </body>
</article></xml>