﻿<xml><article id="1347650" name="Port.ele 3 + 4" idOficio="4640891" pubName="DO2" artType="Portaria" pubDate="01/02/2018" artClass="00017:00002:00035:00002:00005:00000:00000:00000:00000:00000:00025:00001" artSection="Serviço de Pessoal Inativo" artCategory="Serviço de Pessoal Inativo" artSize="8" artNotes="" numberPage="63-70" pdfPage="http://pesquisa.in.gov.br/imprensa/jsp/visualiza/index.jsp?data=01/02/2018&amp;jornal=529&amp;pagina=63,http://pesquisa.in.gov.br/imprensa/jsp/visualiza/index.jsp?data=01/02/2018&amp;jornal=529&amp;pagina=70" editionNumber="23">
  <body>
    <Identifica><![CDATA[Portarias de 12 Janeiro de 2018]]></Identifica>
    <Data><![CDATA[]]></Data>
    <Ementa />
    <Titulo />
    <SubTitulo />
    <Texto><![CDATA[<p> O CHEFE DA DIVISÃO DE GESTÃO ADMINISTRATIVA DO NÚCLEO ESTADUAL DO MINISTÉRIO DA SAÚDE NO ESTADO DE SÃO PAULO - no uso da competência que lhe foi subdelegada pela Portaria SAA/SE/MS nº. 1804 de 1/10/2013, publicada no DOU nº. 192, de 03/10/2013, e tendo em vista o que constam nos processos abaixo especificados, resolve:                                                                                                 </p><p>Nº 3-  Conceder aposentadoria voluntária ao servidor JOSE EUGENIO DE MORAES, matrícula SIAPE nº 596091, ocupante do cargo de Médico, nível superior, classe "S", padrão III, do Quadro de Pessoal deste Ministério, com fundamento no artigo 40, inciso III, alínea "a", da Constituição Federal, combinado com o artigo 3.°, da Emenda Constitucional n.º 47/05. (Processo nº 25004.401739/2017-82).</p><p>Nº 5 - Conceder aposentadoria voluntária ao servidor HUMBERTO LUIZ DELBONI, matrícula SIAPE nº 602121, ocupante do cargo de Médico, nível superior, classe "S", padrão III, do Quadro de Pessoal deste Ministério, com fundamento no artigo 40, inciso III, alínea "a", da Constituição Federal, combinado com o artigo 3.°, da Emenda Constitucional n.º 47/05. (Processo nº 25004.401749/2017-18).</p><p>Nº 6 - Conceder aposentadoria voluntária ao servidor JOÃO LUIS VICENTE LAPA TRANCOSO, matrícula SIAPE nº 604055, ocupante do cargo de Médico, nível superior, classe "S", padrão III, do Quadro de Pessoal deste Ministério, com fundamento no artigo 40, inciso III, alínea "a", da Constituição Federal, combinado com o artigo 3.°, da Emenda Constitucional n.º 47/05. (Processo nº 25004.401988/2017-78).</p><p>Nº 7 - Conceder aposentadoria voluntária à servidora  ANA MARIA COCOZZA, matrícula SIAPE nº 596260, ocupante do cargo de Médico, nível superior, classe "S", padrão III, do Quadro de Pessoal deste Ministério, com fundamento no artigo 40, inciso III, alínea "a", da Constituição Federal, combinado com o artigo 3.°, da Emenda Constitucional n.º 47/05. (Processo nº 25004.402190/2017-43).</p><p> Nº 9 - Conceder aposentadoria voluntária à servidora ROSEMARY DA COSTA OLIVEIRA, matrícula SIAPE nº 604448, ocupante do cargo de Agente de Portaria, nível intermediário, classe "S", padrão III, do Quadro de Pessoal deste Ministério, com fundamento no artigo 40, inciso III, alínea "a", da Constituição Federal, combinado com o artigo 3.°, da Emenda Constitucional n.º 47/05. (Processo nº 25004.401185/2017-13).</p><p>RETIFICAÇões</p><p> No DOU 249 de 29.12.2017 - Pag.91, tornar sem efeito a duplicata  da publicação da portaria nº 697 referente a NEIVA SOLANGE PEREIRA OLIVEIRA matrícula SIAPE 602635.(Processo nº 25004.401783/2017-92).</p><p>No DOU 249 de 29.12.2017 - Pag.91, onde se lê "com fundamento no artigo 40, inciso I da Constituição Federal, combinado com o artigo 186, inciso I parágrafo 1º da Lei nº 8112/90 e art. 6-A da EC 41/2003, com redação da EC nº 70/2012", leia-se com base no art. 40, parágrafo 1º, inciso I da Constituição Federal, com redação dada pela EC 41/03. (Processo nº 25004.401265/2017-79). </p><p>   </p>]]></Texto>
    <Autores>
      <assina>Ronaldo Raymundo</assina>
    </Autores>
  </body>
</article></xml>