﻿<xml><article id="1347659" name="DOU02_PORTARIAS_CGP_PR_014_015_2" idOficio="4641002" pubName="DO2" artType="Portaria" pubDate="01/02/2018" artClass="00037:00059:00001:00000:00000:00000:00000:00000:00000:00000:00001:00006" artSection="Presidência" artCategory="Presidência" artSize="8" artNotes="" numberPage="60-141" pdfPage="http://pesquisa.in.gov.br/imprensa/jsp/visualiza/index.jsp?data=01/02/2018&amp;jornal=529&amp;pagina=60,http://pesquisa.in.gov.br/imprensa/jsp/visualiza/index.jsp?data=01/02/2018&amp;jornal=529&amp;pagina=141" editionNumber="23">
  <body>
    <Identifica><![CDATA[PORTARIA Nº 14, DE 15 DE JANEIRO DE 2018]]></Identifica>
    <Data><![CDATA[]]></Data>
    <Ementa />
    <Titulo />
    <SubTitulo />
    <Texto><![CDATA[<p> O DESEMBARGADOR PRESIDENTE DO TRIBUNAL REGIONAL DO TRABALHO DA 20ª REGIÃO, no uso de suas atribuições legais e regimentais, considerando o que consta do PROAD nº 30058/2018, resolve:</p><p>Dispensar a servidora GLÁUCIA MARIA MECENAS, Técnico Judiciário -  Área Administrativa - Especialidade Apoio de Serviços Diversos do Quadro Permanente de Pessoal da Secretaria deste Tribunal, da Função Comissionada de AUXILIAR ADMINISTRATIVO (FC-1) da Secretaria Geral da Presidência, com efeitos a contar de 1º/2/2018.</p><p> O DESEMBARGADOR PRESIDENTE DO TRIBUNAL REGIONAL DO TRABALHO DA 20ª REGIÃO, no uso de suas atribuições legais e regimentais, considerando o que consta do PROAD nº 30058/2018, resolve:</p><p>Designar o servidor VALDSON CHAVES DIAS, Técnico Judiciário - Área Administrativa do Quadro Permanente de Pessoal da Secretaria deste Tribunal, para exercer a Função Comissionada de AUXILIAR ADMINISTRATIVO (FC-1) da Secretaria Geral da Presidência, com efeitos a contar de 1º/2/2018.</p>]]></Texto>
    <Autores>
      <assina>THENISSON SANTANA DÓRIA</assina>
      <assina>THENISSON SANTANA DÓRIA</assina>
    </Autores>
  </body>
</article></xml>