﻿<xml><article id="1347668" name="portaria 17480 SGP" idOficio="4642781" pubName="DO2" artType="Portaria" pubDate="01/02/2018" artClass="00037:00025:00000:00000:00000:00000:00000:00000:00000:00000:00025:00001" artSection="Poder Judiciário" artCategory="Tribunal Regional Eleitoral do Pará" artSize="8" artNotes="" numberPage="118" pdfPage="http://pesquisa.in.gov.br/imprensa/jsp/visualiza/index.jsp?data=01/02/2018&amp;jornal=529&amp;pagina=118" editionNumber="23">
  <body>
    <Identifica><![CDATA[Portaria Nº 17.480, de 7 de janeiro de 2017]]></Identifica>
    <Data><![CDATA[]]></Data>
    <Ementa />
    <Titulo />
    <SubTitulo />
    <Texto><![CDATA[<p> PRESIDENTE DO TRIBUNAL REGIONAL ELEITORAL DO PARÁ, no uso de suas atribuições legais, e tendo em vista o disposto no processo administrativo eletrônico SEI nº 0000967-15.2017.6.14.8000, resolve:</p><p>Art. 1º. REDISTRIBUIR o cargo efetivo de Técnico Judiciário, Área Administrativa, do Quadro de Pessoal Permanente deste Tribunal, ocupado pelo servidor JANSON RICHARD QUARESMA NEGREIROS para o Tribunal Regional Eleitoral do Piauí, condicionada à redistribuição, por reciprocidade, mediante triangulação, do cargo de Técnico Judiciário, Área Administrativa do Quadro de Pessoal Permanente do Tribunal Regional Eleitoral do Maranhão, ocupado pelo servidor EDUARDO SOUSA DE ARAÚJO, para o Quadro de Pessoal Permanente deste Tribunal, e do cargo de Técnico Judiciário, Área Administrativa do Quadro de Pessoal Permanente do Tribunal Regional Eleitoral do Piauí, ocupado pelo servidor ANTÔNIO CARLOS MACIEL PEIXOTO, para o Tribunal Regional Eleitoral do Maranhão, com fundamento no art. 3º da Resolução TSE nº 23.430/2014 c/c art. 4º da resolução 146/2012 do CNJ.</p><p>Art. 2º. Esta portaria entra em vigor na data de sua publicação.</p>]]></Texto>
    <Autores>
      <assina>CÉLIA REGINA DE LIMA PINHEIRO</assina>
    </Autores>
  </body>
</article></xml>