﻿<xml><article id="1347677" name="PORTARIAS CENTRO 2017 - II - DOU" idOficio="4645966" pubName="DO2" artType="Portaria" pubDate="01/02/2018" artClass="00011:00135:00000:00000:00000:00000:00000:00000:00000:00000:00025:00001" artSection="Ministério da Educação" artCategory="Universidade Federal de Santa Maria" artSize="8" artNotes="" numberPage="45" pdfPage="http://pesquisa.in.gov.br/imprensa/jsp/visualiza/index.jsp?data=01/02/2018&amp;jornal=529&amp;pagina=45" editionNumber="23">
  <body>
    <Identifica><![CDATA[PORTARIA Nº 87.430, DE 15 DE JANEIRO DE 2018]]></Identifica>
    <Data><![CDATA[]]></Data>
    <Ementa />
    <Titulo />
    <SubTitulo />
    <Texto><![CDATA[<p> </p><p> O VICE-REITOR DA UNIVERSIDADE FEDERAL DE SANTA MARIA, no exercício da Reitoria, no uso de suas atribuições legais e estatutárias, resolve:</p><p>CONCEDER Aposentadoria Especial ao servidor Luiz Gustavo Veiga, Matrícula SIAPE 382393, ocupante do cargo de Copeiro, Nível de Classificação B,  Nível de Capacitação II, Padrão de Vencimento 15, do Quadro de Pessoal da Universidade Federal de Santa Maria, com fundamento no Artigo n. 57, da Lei n. 8.213, de 24.07.1991, aplicável por força da Súmula Vinculante n. 33 ou por ordem concedida em mandado de injunção, de acordo com as Orientações Normativas SEGEP/MP n. 16/2013 e n. 05/2014. (Processo n. 048795/2017-36)</p><p> </p>]]></Texto>
    <Autores>
      <assina>LUCIANO SCHUCH.</assina>
    </Autores>
  </body>
</article></xml>