﻿<xml><article id="1347713" name="Port.ele 22" idOficio="4647567" pubName="DO2" artType="Portaria" pubDate="01/02/2018" artClass="00017:00002:00035:00002:00005:00000:00000:00000:00000:00000:00025:00004" artSection="Serviço de Pessoal Inativo" artCategory="Serviço de Pessoal Inativo" artSize="8" artNotes="" numberPage="70" pdfPage="http://pesquisa.in.gov.br/imprensa/jsp/visualiza/index.jsp?data=01/02/2018&amp;jornal=529&amp;pagina=70" editionNumber="23">
  <body>
    <Identifica><![CDATA[Portaria Nº 22, de 19 Janeiro de 2018]]></Identifica>
    <Data><![CDATA[]]></Data>
    <Ementa />
    <Titulo />
    <SubTitulo />
    <Texto><![CDATA[<p> O CHEFE DA DIVISÃO DE GESTÃO ADMINISTRATIVA DO NÚCLEO ESTADUAL DO MINISTÉRIO DA SAÚDE NO ESTADO DE SÃO PAULO - no uso da competência que lhe foi subdelegada pela Portaria SAA/SE/MS nº. 1804 de 1/10/2013, publicada no DOU nº. 192, de 03/10/2013, e tendo em vista o que consta no processo abaixo especificado, resolve:                                                                                                 </p><p>   Conceder aposentadoria voluntária ao servidor FLÁVIO AUGUSTO LEME, matrícula SIAPE nº 604143, ocupante do cargo de Médico, nível superior, classe "S", padrão III, do Quadro de Pessoal deste Ministério, com fundamento no artigo 40, inciso III, alínea "a", da Constituição Federal, combinado com o artigo 3.°, da Emenda Constitucional n.º 47/05. (Processo nº 25004.401355/2017-60).</p>]]></Texto>
    <Autores>
      <assina>Ronaldo Raymundo</assina>
    </Autores>
  </body>
</article></xml>