﻿<xml><article id="1347701" name="012 - Designa Dalcilene Rocha - " idOficio="4646833" pubName="DO2" artType="Portaria" pubDate="01/02/2018" artClass="00037:00001:00008:00005:00000:00000:00000:00000:00000:00000:00025:00001" artSection="Secretaria de Gestão de Pessoas" artCategory="Secretaria de Gestão de Pessoas" artSize="8" artNotes="" numberPage="115" pdfPage="http://pesquisa.in.gov.br/imprensa/jsp/visualiza/index.jsp?data=01/02/2018&amp;jornal=529&amp;pagina=115" editionNumber="23">
  <body>
    <Identifica><![CDATA[PORTARIA Nº 12, DE 16 DE JANEIRO DE 2018]]></Identifica>
    <Data><![CDATA[]]></Data>
    <Ementa />
    <Titulo />
    <SubTitulo />
    <Texto><![CDATA[<p> O SECRETÁRIO DE GESTÃO DE PESSOAS DO SUPREMO TRIBUNAL FEDERAL, no uso das atribuições conferidas pela Portaria DG nº 233/2013, com base no inc. II do art. 9º da Lei nº 8.112/1990, RESOLVE, por solicitação da Ministra Rosa Weber:</p><p>Designar DALCILENE ROCHA DA SILVA FURTADO, Técnico Judiciário, Área Administrativa, para exercer a função comissionada de Assistente III, nível FC-03, em seu Gabinete.</p>]]></Texto>
    <Autores>
      <assina>Cícero Rodrigues de Oliveira Gomes</assina>
    </Autores>
  </body>
</article></xml>