﻿<xml><article id="1347671" name="Port.ele 12" idOficio="4644151" pubName="DO2" artType="Portaria" pubDate="01/02/2018" artClass="00017:00002:00035:00000:00000:00000:00000:00000:00000:00000:00025:00001" artSection="Núcleo Estadual em São Paulo" artCategory="Núcleo Estadual em São Paulo" artSize="8" artNotes="" numberPage="69" pdfPage="http://pesquisa.in.gov.br/imprensa/jsp/visualiza/index.jsp?data=01/02/2018&amp;jornal=529&amp;pagina=69" editionNumber="23">
  <body>
    <Identifica><![CDATA[Portarias de 16 janeiro de 2018]]></Identifica>
    <Data><![CDATA[]]></Data>
    <Ementa />
    <Titulo />
    <SubTitulo />
    <Texto><![CDATA[<p> O CHEFE DA DIVISÃO DE GESTÃO ADMINISTRATIVA DO NÚCLEO ESTADUAL DO MINISTÉRIO DA SAÚDE NO ESTADO DE SÃO PAULO - no uso da competência que lhe foi subdelegada pela Portaria SAA/SE/MS nº. 1804 de 1/10/2013, publicada no DOU nº. 192, de 03/10/2013, e tendo em vista o que constam nos processos abaixo especificados, resolve:                                                                                                 </p><p>Nº 12- Conceder aposentadoria voluntária á servidora SILVANA CRISTINA REGOLAO MOTA, matrícula SIAPE nº 603537, ocupante do cargo de Agente Administrativo, nível intermediário, classe "S", padrão III, do Quadro de Pessoal deste Ministério, com fundamento no artigo 40, inciso III, alínea "a", da Constituição Federal, combinado com o artigo 3. °, da Emenda Constitucional n.º 47/05. (Processo nº 25004.402237/2017-79).</p><p>Nº 13 -Conceder aposentadoria voluntária ao servidor AIRTON ALVES, matrícula SIAPE nº 603696, ocupante do cargo de Agente Administrativo, nível intermediário, classe "S", padrão III, do Quadro de Pessoal deste Ministério, com fundamento no artigo 40, inciso III, alínea "a", da Constituição Federal, combinado com o artigo 3.°, da Emenda Constitucional n.º 47/05. (Processo nº 25004.401659/2017-27).</p><p>Nº 14 Conceder aposentadoria voluntária á servidora SUELI VIEIRA CORTEZ, matrícula SIAPE nº 602381, ocupante do cargo de Técnico de Laboratório, nível intermediário, classe "S", padrão III, do Quadro de Pessoal deste Ministério, com fundamento no artigo 40, inciso III, alínea "a", da Constituição Federal, combinado com o artigo 3.°, da Emenda Constitucional n.º 47/05. (Processo nº 25004.401967/2017-52).</p>]]></Texto>
    <Autores>
      <assina>Ronaldo Raymundo</assina>
    </Autores>
  </body>
</article></xml>