﻿<xml><article id="1347707" name="REDISTRIBUIR_DOU_01_02_18_JOSE_H" idOficio="4647097" pubName="DO2" artType="Portaria" pubDate="01/02/2018" artClass="00037:00040:00001:00001:00000:00000:00000:00000:00000:00000:00025:00001" artSection="Gabinete da Presidência" artCategory="Gabinete da Presidência" artSize="8" artNotes="" numberPage="121" pdfPage="http://pesquisa.in.gov.br/imprensa/jsp/visualiza/index.jsp?data=01/02/2018&amp;jornal=529&amp;pagina=121" editionNumber="23">
  <body>
    <Identifica><![CDATA[PORTARIA Nº 13, de 10 de janeiro de 2018]]></Identifica>
    <Data><![CDATA[]]></Data>
    <Ementa />
    <Titulo />
    <SubTitulo />
    <Texto><![CDATA[<p> O PRESIDENTE DO TRIBUNAL REGIONAL DO TRABALHO DA PRIMEIRA REGIÃO, no uso de suas atribuições legais e regimentais, e tendo em vista o contido no Processo Administrativo PROAD Nº 248/2017(SEP), resolve:</p><p>I-Redistribuir, com fundamento no art. 37 da Lei nº 8.112, de 11 de dezembro de 1990, o cargo da Carreira de Analista Judiciário - Área Judiciária, Classe B, Padrão 8, do Quadro de Pessoal deste Tribunal, ocupado pelo servidor JOSE HUMBERTO MAUAD FILHO, para o Quadro de Pessoal do Tribunal Regional do Trabalho da Terceira Região, em reciprocidade com o cargo da Carreira de Analista Judiciário - Área Judiciária, do Quadro de Pessoal daquela Corte, ocupado pelo servidor ERIKA GONCALVES DE LIMA SODRE;  </p><p>II- Esta portaria entra em vigor a partir da publicação.</p><p> </p><p> </p>]]></Texto>
    <Autores>
      <assina>FERNANDO ANTONIO ZORZENON DA SILVA</assina>
    </Autores>
  </body>
</article></xml>