﻿<xml><article id="1347722" name="PORTARIA APOSENTADORIA.50.2018" idOficio="4647691" pubName="DO2" artType="Portaria" pubDate="01/02/2018" artClass="00017:00026:00024:00000:00000:00000:00000:00000:00000:00000:00025:00004" artSection="Instituto Nacional de Câncer José Alencar Gomes da Silva" artCategory="Instituto Nacional de Câncer José Alencar Gomes da Silva" artSize="8" artNotes="" numberPage="77" pdfPage="http://pesquisa.in.gov.br/imprensa/jsp/visualiza/index.jsp?data=01/02/2018&amp;jornal=529&amp;pagina=77" editionNumber="23">
  <body>
    <Identifica><![CDATA[PORTARIA Nº 50, de DE 17 DE JANEIRO 2018]]></Identifica>
    <Data><![CDATA[]]></Data>
    <Ementa />
    <Titulo />
    <SubTitulo />
    <Texto><![CDATA[<p> A Diretora-Geral do Instituto Nacional de Câncer José Alencar Gomes da Silva, do Ministério da Saúde, no uso de suas atribuições subdelegadas pela Portaria/CGRH/MS nº 1.041 de 30/10/2009, publicada no DOU nº 209, de 03/11/2009, resolve:</p><p>Conceder aposentadoria voluntária, com proventos integrais, a ELIANA TEIXEIRA MARANHÃO, matrícula SIAPE nº 6225320, ocupante do cargo de Tecnologista, NS, classe H, padrão III, do quadro de pessoal do Ministério da Saúde, com fundamento no art. 3º da Emenda Constitucional nº 47/2005. (Processo nº 25410.403417/2017-86).</p><p> </p><p> </p>]]></Texto>
    <Autores>
      <assina>ANA CRISTINA PINHO MENDES PEREIRA</assina>
    </Autores>
  </body>
</article></xml>