﻿<xml><article id="1347680" name="Portaria nº 87 - Designa Coorden" idOficio="4645508" pubName="DO2" artType="Portaria" pubDate="01/02/2018" artClass="00011:00079:00001:00001:00000:00000:00000:00000:00000:00000:00025:00021" artSection="Chefia de Gabinete" artCategory="Chefia de Gabinete" artSize="8" artNotes="" numberPage="31" pdfPage="http://pesquisa.in.gov.br/imprensa/jsp/visualiza/index.jsp?data=01/02/2018&amp;jornal=529&amp;pagina=31" editionNumber="23">
  <body>
    <Identifica><![CDATA[PORTARIA Nº 87, DE 11 DE JANEIRO DE 2018]]></Identifica>
    <Data><![CDATA[]]></Data>
    <Ementa />
    <Titulo />
    <SubTitulo />
    <Texto><![CDATA[<p> O REITOR DO INSTITUTO FEDERAL DE EDUCAÇÃO, CIÊNCIA E TECNOLOGIA DE RONDÔNIA, no uso de suas atribuições legais e considerando o Memorando nº 86/2017/ARI - CGAB/ARI - DG/ARI, de 24/11/2017, resolve:</p><p>Art. 1º DESIGNAR, a partir de 01/02/2018, o Professor do Ensino Básico, Técnico e Tecnológico, LUCIANO DOS REIS VENTUROSO, Mat. SIAPE 1885742, para exercer a função de Coordenador do Curso Superior Bacharelado em Agronomia do Campus Ariquemes/IFRO, código FCC.</p><p>Art. 2º ESTABELECER o prazo de 01 (um) ano para a realização do Pleito Eleitoral para Eleição dos Coordenadores de Curso, conforme estabelecido pela Portaria nº 551/REIT - CGAB/IFRO, de 22/03/2017.</p><p>Art. 3º Esta Portaria entra em vigor na data de sua publicação.</p>]]></Texto>
    <Autores>
      <assina>Uberlando Tiburtino Leite</assina>
    </Autores>
  </body>
</article></xml>