﻿<xml><article id="1581846" name="PORTARIA APOSENTADORIA.56.2018" idOficio="4647717" pubName="DO2" artType="Portaria" pubDate="19/02/2018" artClass="00017:00026:00024:00000:00000:00000:00000:00000:00000:00000:00025:00001" artSection="Instituto Nacional de Câncer José Alencar Gomes da Silva" artCategory="Instituto Nacional de Câncer José Alencar Gomes da Silva" artSize="8" artNotes="" numberPage="44" pdfPage="http://pesquisa.in.gov.br/imprensa/jsp/visualiza/index.jsp?data=19/02/2018&amp;jornal=529&amp;pagina=44" editionNumber="33" highlight="">
  <body>
    <Identifica><![CDATA[PORTARIA Nº 56, DE 18 DE JANEIRO 2018]]></Identifica>
    <Data><![CDATA[]]></Data>
    <Ementa />
    <Titulo />
    <SubTitulo />
    <Texto><![CDATA[<p> A Diretora-Geral do Instituto Nacional de Câncer José Alencar Gomes da Silva, do Ministério da Saúde, no uso de suas atribuições subdelegadas pela Portaria/CGRH/MS nº 1.041 de 30/10/2009, publicada no DOU nº 209, de 03/11/2009, resolve:</p><p>Conceder aposentadoria voluntária, com proventos integrais, a CELITA CÔRTES TAVARES, matrícula SIAPE nº 241585, ocupante do cargo de Assistente em C&amp;T, NI, classe R, padrão III, do quadro de pessoal do Ministério da Saúde, com fundamento no art. 3º da Emenda Constitucional nº 47/2005. (Processo nº 25410.403626/2017-20).</p>]]></Texto>
    <Autores>
      <assina>ANA CRISTINA PINHO MENDES PEREIRA</assina>
    </Autores>
  </body>
</article></xml>