﻿<xml><article id="1347728" name="trt9a15-2018 ATO 1" idOficio="4647722" pubName="DO2" artType="Ato" pubDate="01/02/2018" artClass="00037:00048:00000:00000:00000:00000:00000:00000:00000:00000:00001:00002" artSection="Poder Judiciário" artCategory="Tribunal Regional do Trabalho da 9ª Região" artSize="8" artNotes="" numberPage="123" pdfPage="http://pesquisa.in.gov.br/imprensa/jsp/visualiza/index.jsp?data=01/02/2018&amp;jornal=529&amp;pagina=123" editionNumber="23">
  <body>
    <Identifica><![CDATA[ATO Nº 1, DE 15 DE JANEIRO DE 2018.]]></Identifica>
    <Data><![CDATA[]]></Data>
    <Ementa />
    <Titulo />
    <SubTitulo />
    <Texto><![CDATA[<p> A DESEMBARGADORA DO TRABALHO, PRESIDENTE DO TRIBUNAL REGIONAL DO TRABALHO DA 9ª REGIÃO, usando de suas atribuições legais, diante do disposto no art. 25, LV-A, do Regimento Interno e do contido no PRP nº 130/2017, resolve:</p><p> Art. 1º Conceder, ad referendum do Órgão Especial, aposentadoria ao servidor ADILSON DE SOUZA, nos termos do art. 3º, da EC nº 47/2005, com proventos integrais ao tempo de contribuição, no montante de R$ 14.213,53 (quatorze mil, duzentos e treze reais e cinquenta e três centavos), correspondentes à remuneração do cargo efetivo de Técnico Judiciário, Área Administrativa, classe C, padrão 13, conforme arts. 12 e 13, da Lei nº 11.416/2006 (Vencimento Servidor Inativo de R$ 4.537,30 e GAJ Cargo Inativo de R$ 5.535,51), acrescidos das seguintes vantagens: a) vantagem pessoal nominalmente identificada - VPNI, equivalente a 2/10 da função comissionada de nível FC-5, no valor de R$ 686,89, e 8/10 da função comissionada de nível FC-4, no valor de R$ 2.387,56, conforme disposto nos arts. 3º da Lei nº 8.911/1994, 5º da Lei nº 9.624/1998 e 62-A da Lei nº 8.112/1990; b) 16% da gratificação adicional por tempo de serviço - GATS, equivalente a R$ 725,97, prevista no art. 67 da Lei nº 8.112/1990; c) adicional de qualificação - AQ, referente a curso de especialização (pós-graduação), no importe de 7,5%, incidente sobre o vencimento básico do cargo efetivo ocupado pelo servidor, no valor de R$ 340,30, nos termos dos arts. 14, § 5º, e 15, III, da Lei nº 11.416/2006, e art. 6º, III, do Anexo I, da Portaria Conjunta nº 1/2007. Faz jus, ainda, à paridade de vencimentos com o pessoal da ativa, nos termos do art. 3º, parágrafo único, da EC nº 47/2005, estendendo-se tal paridade a eventuais pensionistas. Art. 2º Conceder indenização de férias na soma total de R$ 46.061,19, resultante do pagamento indenizado de: a) 30 dias de férias relativas ao exercício de 2016/2017, no montante de R$ 16.582,03, e do respectivo terço, equivalente a R$ 5.527,34; b) 30 dias de férias concernentes ao exercício de 2017/2018, no valor de R$ 16.582,03, e do respectivo terço, equivalente a R$ 5.527,34; c) 1/12 (hum doze avos) de férias proporcionais relativas ao período aquisitivo de 8 a 31/01/2018, no valor de R$ 1.381,84, e do respectivo terço, no valor de R$ 460,61, nos termos do artigo 78, §§ 3º e 4º, da Lei 8.112/1990, c/c o art. 24, caput e § 4º, da Resolução CSJT nº 162/2016. O pagamento, que deverá ocorrer sem a incidência do imposto de renda na fonte e de contribuição previdenciária, nos termos do art. 9º, caput, do Ato TRT9 nº 74/2016, é resultante da base de cálculo composta por: Vencimento Estatutário (R$ 4.537,30), GAJ (R$ 5.535,51), GATS (R$ 725,97), AQ - Especialização (R$ 340,30), AQ - Treinamentos (R$ 136,12), Função Comissionada Optante - FC-5 (R$ 2.232,38) e VPNI (R$ 3.074,45). Art. 3º Conceder 60 dias de licença-prêmio indenizados, relativos ao quinquênio de 1990/1995, não usufruídos e não computados em dobro, para efeitos de abono de permanência e de aposentadoria, no valor de R$ 28.427,06, nos termos da Lei 8.112/1990 (arts. 87 e 88 - redação original) e da Lei nº 9.527/1997 (art.7º), da Resolução CSJT nº 72/2010, dos Acórdãos TCU nºs 1.342/2011 e 1.980/2009, ambos do Plenário e da Matéria Administrativa TRT9 nº 00984-2009-909-09-00-7, sem a incidência de imposto de renda e do desconto previdenciário para o PSSS (art. 3º da Resolução CSJT nº 72/2010), resultante da base de cálculo composta por: Vencimento Estatutário (R$ 4.537,30), GAJ (R$ 5.535,51), GATS (R$ 725,97), AQ - Especialização (R$ 340,30) e VPNI (R$ 3.074,45). Art. 4º Declarar vago o cargo acima citado, nos termos do inciso VII, art. 33, da Lei n.º 8.112/1990.</p>]]></Texto>
    <Autores>
      <assina>MARLENE T. FUVERKI SUGUIMATSU</assina>
      <cargo>Desembargadora Presidente</cargo>
    </Autores>
  </body>
</article></xml>