﻿<xml><article id="1347719" name="TEXTO PUBLICAÇÃO DOU.PORTARIA. 2" idOficio="4647702" pubName="DO2" artType="Portaria" pubDate="01/02/2018" artClass="00012:00002:00012:00029:00000:00000:00000:00000:00000:00000:00025:00001" artSection="Superintendência de Administração no Piauí" artCategory="Superintendência de Administração no Piauí" artSize="8" artNotes="" numberPage="52" pdfPage="http://pesquisa.in.gov.br/imprensa/jsp/visualiza/index.jsp?data=01/02/2018&amp;jornal=529&amp;pagina=52" editionNumber="23">
  <body>
    <Identifica><![CDATA[PORTARIAS de 18 de janeiro de 2018]]></Identifica>
    <Data><![CDATA[]]></Data>
    <Ementa />
    <Titulo />
    <SubTitulo />
    <Texto><![CDATA[<p> O SUPERINTENDENTE DE ADMINISTRAÇÃO DO MINISTÉRIO DA FAZENDA NO PIAUÍ - SUBSTITUTO, no uso de suas atribuições conferidas pelo Artigo 86 da Portaria nº 144 de 27 de abril de 2016, do Ministro de Estado da Fazenda, publicada no DOU de 29 de abril de 2016, e considerando o disposto no Artigo 1º da Portaria nº 1671 de 16 de junho de 2005, do Secretário da Receita Federal, e o que consta nos processos nº 10384.000782/2017-20 e 10384.000028/2018-71, resolve:</p><p>Nº 2 - Conceder aposentadoria voluntária a servidora NEREIDA PAULO DE CARVALHO, matrícula SIAPEcad nº 00013116 - SIAPE nº 0094512, ocupante do cargo de Datilógrafo, código NI - 489257, Classe S, Padrão III, do quadro de pessoal permanente do Ministério da Fazenda, lotada na Delegacia da Receita Federal do Brasil em Teresina-PI, com fundamento no Artigo 3º da Emenda Constitucional nº 47/2005.</p><p>Nº 3 - Conceder aposentadoria voluntária a servidora VERA LUCIA NEIVA SOARES VIANA, matrícula SIAPEcad nº 00022391 - SIAPE nº 0117569, ocupante do cargo de Auditor-Fiscal da Receita Federal do Brasil, código NS - 236010, Classe S, Padrão III, do quadro de pessoal permanente do Ministério da Fazenda, lotada na Delegacia da Receita Federal do Brasil em Teresina-PI, com fundamento no Artigo 3º da Emenda Constitucional nº 47/2005.</p>]]></Texto>
    <Autores>
      <assina>Sergio Augusto Rodrigues de Oliveira</assina>
    </Autores>
  </body>
</article></xml>