﻿<xml><article id="1347725" name="trt9a16-2018 ATO 12" idOficio="4647713" pubName="DO2" artType="Ato" pubDate="01/02/2018" artClass="00037:00048:00000:00000:00000:00000:00000:00000:00000:00000:00001:00004" artSection="Poder Judiciário" artCategory="Tribunal Regional do Trabalho da 9ª Região" artSize="8" artNotes="" numberPage="123" pdfPage="http://pesquisa.in.gov.br/imprensa/jsp/visualiza/index.jsp?data=01/02/2018&amp;jornal=529&amp;pagina=123" editionNumber="23">
  <body>
    <Identifica><![CDATA[ATO Nº 12, DE 15 DE JANEIRO DE 2018.]]></Identifica>
    <Data><![CDATA[]]></Data>
    <Ementa />
    <Titulo />
    <SubTitulo />
    <Texto><![CDATA[<p> A DESEMBARGADORA DO TRABALHO, PRESIDENTE DO TRIBUNAL REGIONAL DO TRABALHO DA 9ª REGIÃO, usando de suas atribuições legais, diante do disposto no art. 25, LV-A, do Regimento Interno e do contido no PRP nº 06/2018, resolve:</p><p> Art. 1º Conceder, ad referendum do Órgão Especial, aposentadoria à servidora CLAUDETE PIRES DOS SANTOS, nos termos do art. 6º, da EC nº 41/2003, com proventos integrais ao tempo de contribuição, no montante de R$ 10.413,11 (dez mil, quatrocentos e treze reais e onze centavos), correspondentes à remuneração do cargo efetivo de Técnico Judiciário, Área Administrativa, classe C, padrão 13, conforme arts. 12 e 13, da Lei nº 11.416/2006, (Vencimento Servidor Inativo de R$ 4.537,30 e GAJ Cargo Inativo de R$ 5.535,51), acrescidos da seguinte vantagem: adicional de qualificação - AQ, referente a curso de especialização (pós-graduação), no importe de 7,5%, no valor de R$ 340,30, incidente sobre o vencimento básico do cargo efetivo ocupado pela servidora, nos termos dos arts. 14, § 5º, e 15, III, da Lei nº 11.416/2006, e art. 6º, III, do Anexo I, da Portaria Conjunta nº 1/2007.  Art. 2º Conceder indenização de férias no valor total de R$ 14.065,64, resultante do pagamento indenizado de: a) 10 dias do exercício de 2017, no valor de R$ 3.516,41; b) férias proporcionais equivalentes a 9/12 (nove doze avos), referentes ao período aquisitivo de 09/5/2017 a 31/1/2018, no valor de R$ 7.911,92, e do respectivo terço indenizado, no valor de R$ 2.637,31, nos termos do artigo 78, §§ 3º e 4º da Lei 8.112/1990, c/c o art. 24, caput e § 4º, da Resolução CSJT nº 162/2016. O pagamento, que deverá ocorrer sem a incidência do imposto de renda na fonte e de contribuição previdenciária, nos termos do art. 9º, caput, do Ato TRT9 nº 74/2016, resultante da base de cálculo composta por: Vencimento Estatutário (R$ 4.537,30), GAJ (R$ 5.535,51), AQ - Especialização (R$ 340,30) e AQ - Treinamento (R$ 136,12). Art. 3º Declarar vago o cargo acima citado, nos termos do inciso VII, art. 33, da Lei n.º 8.112/1990.</p>]]></Texto>
    <Autores>
      <assina>MARLENE T. FUVERKI SUGUIMATSU</assina>
      <cargo>Desembargadora Presidente</cargo>
    </Autores>
  </body>
</article></xml>