﻿<xml><article id="1347683" name="trt9a12-2018 ATO 15" idOficio="4646066" pubName="DO2" artType="Ato" pubDate="01/02/2018" artClass="00037:00048:00000:00000:00000:00000:00000:00000:00000:00000:00001:00005" artSection="Poder Judiciário" artCategory="Tribunal Regional do Trabalho da 9ª Região" artSize="8" artNotes="" numberPage="123" pdfPage="http://pesquisa.in.gov.br/imprensa/jsp/visualiza/index.jsp?data=01/02/2018&amp;jornal=529&amp;pagina=123" editionNumber="23">
  <body>
    <Identifica><![CDATA[ATO Nº 15, DE 17 DE JANEIRO DE 2018]]></Identifica>
    <Data><![CDATA[]]></Data>
    <Ementa />
    <Titulo />
    <SubTitulo />
    <Texto><![CDATA[<p> A DESEMBARGADORA DO TRABALHO, PRESIDENTE DO TRIBUNAL REGIONAL DO TRABALHO DA 9ª REGIÃO, usando de suas atribuições legais, diante do disposto no art. 25 do Regimento Interno, e do contido no Processo "Remoção Entre Regionais Por Permuta Funcionário Fora de Sede 001/2016" e na CER SADM 5/2018, resolve:</p><p> Art. 1º Redistribuir, a partir da data da publicação, nos termos do art. 37 da Lei nº 8.112/1990, o cargo efetivo de Analista Judiciário, Área Judiciária, criado pela Lei nº 10.770/2003, do Quadro de Pessoal Permanente desta Corte, ocupado pelo servidor EDUARDO BILLAR RUIZ, para o Quadro de Pessoal Permanente do Tribunal Regional do Trabalho da 12ª Região, em reciprocidade com o cargo de Analista Judiciário, Área Judiciária, ocupado pela servidora JULIANA SMANHOTTO. Art. 2º Lotar, diante do disposto no art. 1°, a servidora JULIANA SMANHOTTO na 3ª Vara do Trabalho de Foz do Iguaçu, mantendo-a no exercício da Função Comissionada de Calculista (c-9568), código TRT 9ª FC-4. Art 3º Revogar, a partir da data da publicação, o Ato nº 202/2016, publicado no Diário Oficial da União - Seção 2, de 1º/09/2016.</p>]]></Texto>
    <Autores>
      <assina>MARLENE T. FUVERKI SUGUIMATSU</assina>
      <cargo>Desembargadora Presidente</cargo>
    </Autores>
  </body>
</article></xml>