﻿<xml><article id="1347686" name="trt9a13-2018 ATO 6" idOficio="4646216" pubName="DO2" artType="Ato" pubDate="01/02/2018" artClass="00037:00048:00000:00000:00000:00000:00000:00000:00000:00000:00001:00003" artSection="Poder Judiciário" artCategory="Tribunal Regional do Trabalho da 9ª Região" artSize="8" artNotes="" numberPage="123" pdfPage="http://pesquisa.in.gov.br/imprensa/jsp/visualiza/index.jsp?data=01/02/2018&amp;jornal=529&amp;pagina=123" editionNumber="23">
  <body>
    <Identifica><![CDATA[ATO Nº 6, DE 15 DE JANEIRO DE 2018.]]></Identifica>
    <Data><![CDATA[]]></Data>
    <Ementa />
    <Titulo />
    <SubTitulo />
    <Texto><![CDATA[<p> A DESEMBARGADORA DO TRABALHO, PRESIDENTE DO TRIBUNAL REGIONAL DO TRABALHO DA 9ª REGIÃO, usando de suas atribuições legais, diante do disposto no art. 25, LV-A, do Regimento Interno e do contido no PRP nº 3/2018,   resolve:</p><p> Art. 1º Conceder, ad referendum do Órgão Especial, aposentadoria à servidora BERNADETE TIBES DE SOUZA FERNANDES, nos termos do art. 3º, da EC nº 47/2005, com proventos integrais ao tempo de contribuição, no montante de R$ 24.919,98 (vinte e quatro mil, novecentos e dezenove reais e noventa e oito centavos), correspondentes à remuneração do cargo efetivo de Analista Judiciário, Área Judiciária, classe C, padrão 13, conforme arts. 12 e 13, da Lei nº 11.416/2006, (Vencimento Servidor Inativo de R$ 7.444,43 e GAJ Cargo Inativo de R$ 9.082,20), acrescidos das seguintes vantagens: a) vantagem pessoal nominalmente identificada - VPNI, equivalente a 4/10 de cargo em comissão de nível CJ-2, no valor de R$ 2.428,47, e 6/10 do cargo em comissão de nível CJ-3, no valor de R$ 4.141,00, conforme disposto nos arts. 3º da Lei nº 8.911/1994, 5º da Lei nº 9.624/1998 e 62-A da Lei nº 8.112/1990; b) 17% da gratificação adicional por tempo de serviço - GATS, equivalente a R$ 1.265,55, prevista no art. 67 da Lei nº 8.112/1990; c) adicional de qualificação - AQ, referente a curso de especialização (pós-graduação), no importe de 7,5%, no valor de R$ 558,33, incidente sobre o vencimento básico do cargo efetivo ocupado pela servidora, nos termos dos arts. 14, § 5º, e 15, III, da Lei nº 11.416/2006, e art. 6º, III, do Anexo I, da Portaria Conjunta nº 1/2007. Faz jus, ainda, à paridade de vencimentos com o pessoal da ativa, nos termos do art. 3º, parágrafo único, da EC nº 47/2005, estendendo-se tal paridade a eventuais pensionistas. Art. 2º Conceder indenização de férias no valor total de R$ 48.467,36, resultante do pagamento indenizado de: a) 20 dias do exercício de 2017, no valor de R$ 22.369,55; b) férias proporcionais equivalentes a 7/12 (sete doze avos), concernentes ao período aquisitivo de 1º/07/2017 a 31/01/2018, no importe de R$ 19.573,36, e do respectivo terço indenizado, no valor de R$ 6.524,45, nos termos do artigo 78, §§ 3º e 4º da Lei 8.112/1990, c/c o art. 24, caput e § 4º, da Resolução CSJT nº 162/2016. O pagamento, que deverá ocorrer sem a incidência do imposto de renda na fonte e de contribuição previdenciária, nos termos do art. 9º, caput, do Ato TRT9 nº 74/2016,  resultante da base de cálculo composta por: Vencimento Estatutário (R$ 7.444,43), GAJ (R$ 9.082,20), AQ - Especialização (R$ 558,33), AQ - Treinamento (R$ 223,33), GATS (R$ 1.265,55), Cargo em Comissão Optante - CJ-3 (R$ 8.411,01) e VPNI (R$ 6.569,47). Art. 3º Conceder 120 dias de licença-prêmio indenizados, relativos aos quinquênios de 1986/1991 e 1991/1996, no valor de R$ 110.742,96, não usufruídos e não computados em dobro, para efeitos de abono de permanência e de aposentadoria, nos termos da Lei 8.112/1990 (arts. 87 e 88 - redação original) e da Lei nº 9.527/1997 (art.7º), da Resolução CSJT nº 72/2010, dos Acórdãos TCU nºs 1.342/2011 e 1.980/2009, ambos do Plenário e da Matéria Administrativa TRT9 nº 00984-2009-909-09-00-7, sem a incidência de imposto de renda e do desconto previdenciário para o PSSS (art. 3º da Resolução CSJT nº 72/2010), resultante da base de cálculo composta por: Vencimento Estatutário (R$ 7.444,43), GAJ (R$ 9.082,20), AQ - Especialização (R$ 558,33), GATS (R$ 1.265,55), Abono de Permanência EC 41/2003 (R$ 2.765,76) e VPNI (R$ 6.569,47). Art. 4º Declarar vago o cargo acima citado, nos termos do inciso VII, art. 33, da Lei n.º 8.112/1990.</p>]]></Texto>
    <Autores>
      <assina>MARLENE T. FUVERKI SUGUIMATSU</assina>
      <cargo>Desembargadora Presidente</cargo>
    </Autores>
  </body>
</article></xml>