﻿<xml><article id="1347734" name="ATO TRT-GP 024-2018 - REDISTRIBU" idOficio="4649037" pubName="DO2" artType="Ato" pubDate="01/02/2018" artClass="00037:00060:00000:00000:00000:00000:00000:00000:00000:00000:00001:00001" artSection="Poder Judiciário" artCategory="Tribunal Regional do Trabalho da 21ª Região" artSize="8" artNotes="" numberPage="141" pdfPage="http://pesquisa.in.gov.br/imprensa/jsp/visualiza/index.jsp?data=01/02/2018&amp;jornal=529&amp;pagina=141" editionNumber="23">
  <body>
    <Identifica><![CDATA[ATO Nº 24, DE 16 DE JANEIRO DE 2018]]></Identifica>
    <Data><![CDATA[]]></Data>
    <Ementa />
    <Titulo />
    <SubTitulo />
    <Texto><![CDATA[<p>  A DESEMBARGADORA PRESIDENTE DO TRIBUNAL REGIONAL DO TRABALHO DA 21ª REGIÃO, no uso de suas atribuições, Considerando os termos do Proad n. 4701/2017, resolve:</p><p>REDISTRIBUIR para o Quadro Permanente de Pessoal do Tribunal Regional do Trabalho da 4ª Região, o cargo efetivo da carreira judiciária de TÉCNICO JUDICIÁRIO, Área Administrativa, Sem Especialidade, nº 396, do Quadro Permanente de Pessoal deste Tribunal, ocupado pela servidora JOSIANE BRANDIELLI SCHUCK, matrícula nº 308211279, tendo por reciprocidade a redistribuição simultânea do cargo da carreira judiciária de Técnico Judiciário, Área Administrativa, Sem Especialidade, ocupado pelo servidor Emmanuel Diogenes de Amorim, do Quadro Permanente de Pessoal daquela Corte, para o deste Regional, com fundamento no art. 37 da Lei nº 8.112/90, observando-se a regulamentação contida na Resolução nº 146/2012, do Conselho Nacional de Justiça.</p><p> </p>]]></Texto>
    <Autores>
      <assina>Des. AUXILIADORA RODRIGUES</assina>
    </Autores>
  </body>
</article></xml>