﻿<xml><article id="1347746" name="57.JULIANA-DANILO-18" idOficio="4649382" pubName="DO2" artType="Portaria" pubDate="01/02/2018" artClass="00033:00008:00001:00004:00000:00000:00000:00000:00000:00000:00025:00001" artSection="Diretoria-Geral" artCategory="Diretoria-Geral" artSize="8" artNotes="" numberPage="113" pdfPage="http://pesquisa.in.gov.br/imprensa/jsp/visualiza/index.jsp?data=01/02/2018&amp;jornal=529&amp;pagina=113" editionNumber="23">
  <body>
    <Identifica><![CDATA[PORTARIA Nº 57, DE 22 DE JANEIRO DE 2018]]></Identifica>
    <Data><![CDATA[]]></Data>
    <Ementa />
    <Titulo />
    <SubTitulo />
    <Texto><![CDATA[<p> A DIRETORA-GERAL ADJUNTA DO MINISTÉRIO PÚBLICO DO TRABALHO, no uso das atribuições que lhe foram delegadas pela Portaria MPT-DG nº 86, de 30 de março de 2016, e o que consta no PGEA nº 000069.2018.18.900/7, resolve:</p><p>Art. 1º Exonerar, a contar de 1º.2.2018, a servidora JULIANA PORTO CARREIRO SOARES, matrícula nº 6008104-X, ocupante do cargo de Analista do MPU/Direito, do cargo em comissão de Assessor Jurídico do 11º Ofício Geral da Procuradoria Regional do Trabalho da 18ª Região/GO, código CC-4.</p><p>Art. 2º Nomear o servidor DANILO VELOSO NASCIMENTO, matrícula 6003189-1, ocupante do cargo de Analista do MPU/Direito, para o cargo em comissão de Assessor Jurídico do 11º Ofício Geral da Procuradoria Regional do Trabalho da 18ª Região/GO, código CC-4, em vaga criada pela Lei 12.321/2010.</p>]]></Texto>
    <Autores>
      <assina>SANDRA CRISTINA DE ARAÚJO</assina>
    </Autores>
  </body>
</article></xml>