﻿<xml><article id="1347779" name="DOU TRF2-ATP-2018-00010" idOficio="4651739" pubName="DO2" artType="Ato" pubDate="01/02/2018" artClass="00037:00008:00001:00000:00000:00000:00000:00000:00000:00000:00001:00002" artSection="Presidência" artCategory="Presidência" artSize="8" artNotes="" numberPage="117" pdfPage="http://pesquisa.in.gov.br/imprensa/jsp/visualiza/index.jsp?data=01/02/2018&amp;jornal=529&amp;pagina=117" editionNumber="23">
  <body>
    <Identifica><![CDATA[ATO Nº 10, de 17 de janeiro de 2018]]></Identifica>
    <Data><![CDATA[]]></Data>
    <Ementa />
    <Titulo />
    <SubTitulo />
    <Texto><![CDATA[<p> O PRESIDENTE DO TRIBUNAL REGIONAL FEDERAL DA 2ª REGIÃO, no uso de suas atribuições, e considerando o que consta do Procedimento Administrativo nº TRF2-PES-2017/00637, resolve:</p><p>CONCEDER aposentadoria voluntária, com proventos proporcionais, à servidora MARCIA MONERÓ MASSON, Técnica Judiciária, Classe "C", Padrão NI-13, do Quadro de Pessoal do Tribunal Regional Federal da 2ª Região, com base no art. 40, § 1º, inciso III, "b", e §§ 2º, 3º, 8º e 17, da Constituição da República, com a redação dada pela Emenda Constitucional nº 41, publicada em 31.12.2003, observando-se, ainda, o disposto no art. 37, inciso XI, da Constituição da República, nos arts. 1º, caput, e §§, e 15, ambos da Lei nº 10.887, de 18.06.2004.</p>]]></Texto>
    <Autores>
      <assina>ANDRÉ FONTES</assina>
    </Autores>
  </body>
</article></xml>