﻿<xml><article id="1348130" name="PORTARIA GPR 2849" idOficio="4652707" pubName="DO2" artType="Portaria" pubDate="01/02/2018" artClass="00037:00039:00002:00000:00000:00000:00000:00000:00000:00000:00025:00002" artSection="Presidência" artCategory="Presidência" artSize="8" artNotes="" numberPage="120" pdfPage="http://pesquisa.in.gov.br/imprensa/jsp/visualiza/index.jsp?data=01/02/2018&amp;jornal=529&amp;pagina=120" editionNumber="23">
  <body>
    <Identifica><![CDATA[Portaria Nº 2.849, de 19 de dezembro de 2017]]></Identifica>
    <Data><![CDATA[]]></Data>
    <Ementa />
    <Titulo />
    <SubTitulo />
    <Texto><![CDATA[<p> O PRESIDENTE DO TRIBUNAL DE JUSTIÇA DO DISTRITO FEDERAL E DOS TERRITÓRIOS, no uso de sua competência legal, com base no disposto no art. 37 da Lei 8.112/1990, na Resolução CNJ 146/2012 e no Acórdão TCU 3.447/2012 - Plenário, bem como no PA 0022162/2017, resolve:</p><p>Redistribuir o cargo de Analista Judiciário, Área Judiciária, Sem Especialidade, ocupado pelo servidor DANIEL ARRAIS DE MOURA CHAVES, matrícula 318.028, do Quadro de Pessoal deste Tribunal, em reciprocidade com cargo de mesma denominação ocupado por TIMÓTEO SOUZA LIBERATO DE MATTOS, do Quadro de Pessoal do Tribunal Regional do Maranhão - TRE/MA.</p>]]></Texto>
    <Autores>
      <assina>Des. MARIO MACHADO</assina>
    </Autores>
  </body>
</article></xml>