﻿<xml><article id="1348127" name="Portarias aposentadorias- public" idOficio="4652701" pubName="DO2" artType="Portaria" pubDate="01/02/2018" artClass="00011:00033:00001:00001:00000:00000:00000:00000:00000:00000:00025:00001" artSection="Gabinete do Reitor" artCategory="Gabinete do Reitor" artSize="8" artNotes="" numberPage="17" pdfPage="http://pesquisa.in.gov.br/imprensa/jsp/visualiza/index.jsp?data=01/02/2018&amp;jornal=529&amp;pagina=17" editionNumber="23">
  <body>
    <Identifica><![CDATA[PORTARIA Nº 10, DE 12 DE JANEIRO DE 2018]]></Identifica>
    <Data><![CDATA[]]></Data>
    <Ementa />
    <Titulo />
    <SubTitulo />
    <Texto><![CDATA[<p> O Vice-Reitor, no exercício do cargo de Reitor da Universidade Federal de Ouro Preto, no uso de suas atribuições legais, conferidas pela Portaria nº 158 de 21 de fevereiro de 2017, publicada no Diário Oficial da União nº 43, de 03 de março de 2017, </p><p>Considerando o Processo UFOP Nº 23109.000130/2018-77, resolve</p><p>Art. 1º - Conceder aposentadoria voluntária ao servidor SIDNEY AUGUSTO VIEIRA FILHO, matrícula SIAPE nº. 0.418.081, código de vaga nº. 327773, ocupante do cargo de Professor de Magistério Superior - Titular 01, do quadro de pessoal permanente desta Instituição, com proventos integrais, com fundamento no Artigo 3º da Emenda Constitucional nº 47, de 05 de julho de 2005.</p><p> Art. 2º - Declarar vago o cargo ocupado pelo servidor. </p><p> O Vice-Reitor, no exercício do cargo de Reitor da Universidade Federal de Ouro Preto, no uso de suas atribuições legais, conferidas pela Portaria nº 158 de 21 de fevereiro de 2017, publicada no Diário Oficial da União nº 43, de 03 de março de 2017, </p><p>Considerando o Processo UFOP Nº 23109.000384/2018-95, resolve</p><p>Art. 1º - Conceder aposentadoria voluntária ao servidor VALTER JERONIMO DA SILVA, matrícula SIAPE nº. 0.418.340, código de vaga nº. 327994, ocupante do cargo de Almoxarife, Classe C, Nível de Capacitação 4, Padrão de Vencimento 16, do quadro de pessoal permanente desta Instituição,  com proventos integrais, com fundamento no Artigo 3º da Emenda Constitucional nº 47, de 05 de julho de 2005.</p><p> Art. 2º - Declarar vago o cargo ocupado pelo servidor. </p><p> O Vice-Reitor, no exercício do cargo de Reitor da Universidade Federal de Ouro Preto, no uso de suas atribuições legais, conferidas pela Portaria nº 158 de 21 de fevereiro de 2017, publicada no Diário Oficial da União nº 43, de 03 de março de 2017, </p><p>Considerando o Processo UFOP Nº 23109.000476/2018-75, resolve</p><p>Art. 1º - Conceder aposentadoria voluntária ao servidor RAIMUNDO DA SILVA FILHO, matrícula SIAPE nº. 0.417.970, código de vaga nº. 327680, ocupante do cargo de Assistente em Administração, Classe D, Nível de Capacitação 04, Padrão de Vencimento 16, do quadro de pessoal permanente desta Instituição, com proventos integrais, com fundamento no Artigo 3º da Emenda Constitucional nº 47, de 05 de julho de 2005.</p><p> Art. 2º - Declarar vago o cargo ocupado pelo servidor. </p><p> O Vice-Reitor, no exercício do cargo de Reitor da Universidade Federal de Ouro Preto, no uso de suas atribuições legais, conferidas pela Portaria nº 158 de 21 de fevereiro de 2017, publicada no Diário Oficial da União nº 43, de 03 de março de 2017, </p><p>Considerando o Processo UFOP Nº 23109.000477/2018-10, resolve</p><p>Art. 1º - Conceder aposentadoria voluntária ao servidor JOSE AUGUSTO NUNES NOGUEIRA, matrícula SIAPE nº. 0.418.206, código de vaga nº. 327873, ocupante do cargo de Engenheiro - Área, Classe E, Nível de Capacitação 04, Padrão de Vencimento 16, do quadro de pessoal permanente desta Instituição, com proventos integrais, com fundamento no Artigo 3º da Emenda Constitucional nº 47, de 05 de julho de 2005.</p><p> Art. 2º - Declarar vago o cargo ocupado pelo servidor. </p><p> O Vice-Reitor, no exercício do cargo de Reitor da Universidade Federal de Ouro Preto, no uso de suas atribuições legais, conferidas pela Portaria nº 158 de 21 de fevereiro de 2017, publicada no Diário Oficial da União nº 43, de 03 de março de 2017, </p><p>Considerando o Processo UFOP Nº 23109.000526/2018-14, resolve</p><p>Art. 1º - Conceder aposentadoria voluntária à servidora ANA MARIA COELHO NEVES, matrícula SIAPE nº. 0.418.810, código de vaga nº. 328385, ocupante do cargo de Assistente em Administração, Classe D, Nível de Capacitação 04, Padrão de Vencimento 16, do quadro de pessoal permanente desta Instituição, com proventos integrais, com fundamento no Artigo 3º da Emenda Constitucional nº 47, de 05 de julho de 2005.</p><p> Art. 2º - Declarar vago o cargo ocupado pelo servidor. </p><p> O Vice-Reitor, no exercício do cargo de Reitor da Universidade Federal de Ouro Preto, no uso de suas atribuições legais, conferidas pela Portaria nº 158 de 21 de fevereiro de 2017, publicada no Diário Oficial da União nº 43, de 03 de março de 2017, </p><p>Considerando o Processo UFOP Nº 23109.000450/2018-27, resolve</p><p>Art. 1º - Conceder aposentadoria voluntária ao servidor JOSE LOURENCO DOS SANTOS, matrícula SIAPE nº. 0.418.135, código de vaga nº. 327818, ocupante do cargo de Contramestre-Ofício, Classe C, Nível de Capacitação 04, Padrão de Vencimento 16, do quadro de pessoal permanente desta Instituição, com proventos integrais, com fundamento no Artigo 3º da Emenda Constitucional nº 47, de 05 de julho de 2005.</p><p> Art. 2º - Declarar vago o cargo ocupado pelo servidor. </p><p> O Vice-Reitor, no exercício do cargo de Reitor da Universidade Federal de Ouro Preto, no uso de suas atribuições legais, conferidas pela Portaria nº 158 de 21 de fevereiro de 2017, publicada no Diário Oficial da União nº 43, de 03 de março de 2017, </p><p>Considerando o Processo UFOP Nº 23109.000577/2018-46, resolve</p><p>Art. 1º - Conceder aposentadoria voluntária ao servidor GERALDO BERALDO MOREIRA, matrícula SIAPE nº. 0.418.349, código de vaga nº. 328002, ocupante do cargo de Desenhista Técnico-Especialidade, Classe D, Nível de Capacitação 04, Padrão de Vencimento 16, do quadro de pessoal permanente desta Instituição, com proventos integrais, com fundamento no Artigo 3º da Emenda Constitucional nº 47, de 05 de julho de 2005.</p><p> Art. 2º - Declarar vago o cargo ocupado pelo servidor. </p><p> PORTARIA  Nº 38, DE 24 DE JANEIRO DE 2018</p><p> O Vice-Reitor, no exercício do cargo de Reitor da Universidade Federal de Ouro Preto, no uso de suas atribuições legais, conferidas pela Portaria nº 158 de 21 de fevereiro de 2017, publicada no Diário Oficial da União nº 43, de 03 de março de 2017, </p><p>Considerando o Processo UFOP Nº 23109.000645/2018-77, resolve</p><p>Art. 1º - Conceder aposentadoria voluntária ao servidor JOSE GERALDO FERNANDES PAPA, matrícula SIAPE nº. 0.418.419, código de vaga nº. 328061, ocupante do cargo de Técnico em Móveis e Esquadrias, Classe D, Nível de Capacitação 04, Padrão de Vencimento 16, do quadro de pessoal permanente desta Instituição, com proventos integrais, com fundamento no Artigo 3º da Emenda Constitucional nº 47, de 05 de julho de 2005.</p><p> Art. 2º - Declarar vago o cargo ocupado pelo servidor. </p><p> O Vice-Reitor, no exercício do cargo de Reitor da Universidade Federal de Ouro Preto, no uso de suas atribuições legais, conferidas pela Portaria nº 158 de 21 de fevereiro de 2017, publicada no Diário Oficial da União nº 43, de 03 de março de 2017, </p><p>Considerando o Processo UFOP Nº 23109.000670/2018-51, resolve</p><p>Art. 1º - Conceder aposentadoria voluntária ao servidor JOSE CIRILO PEREIRA, matrícula SIAPE nº. 0.418.643, código de vaga nº. 328239, ocupante do cargo de Assistente de Laboratório, Classe C, Nível de Capacitação 04, Padrão de Vencimento 16, do quadro de pessoal permanente desta Instituição, com proventos integrais, com fundamento no Artigo 3º da Emenda Constitucional nº 47, de 05 de julho de 2005.</p><p> Art. 2º - Declarar vago o cargo ocupado pelo servidor. </p>]]></Texto>
    <Autores>
      <assina>Hermínio Arias Nalini Júnior</assina>
      <assina>Hermínio Arias Nalini Júnior</assina>
      <assina>Hermínio Arias Nalini Júnior</assina>
      <assina>Hermínio Arias Nalini Júnior</assina>
      <assina>Hermínio Arias Nalini Júnior</assina>
      <assina>Hermínio Arias Nalini Júnior</assina>
      <assina>Hermínio Arias Nalini Júnior</assina>
      <assina>Hermínio Arias Nalini Júnior</assina>
      <assina>Hermínio Arias Nalini Júnior</assina>
    </Autores>
  </body>
</article></xml>