﻿<xml><article id="1348178" name="PORTnº005SEGAD23012018" idOficio="4653100" pubName="DO2" artType="Portaria" pubDate="01/02/2018" artClass="00017:00002:00036:00008:00000:00000:00000:00000:00000:00000:00025:00002" artSection="Serviço de Gestão Administrativa" artCategory="Serviço de Gestão Administrativa" artSize="8" artNotes="" numberPage="70" pdfPage="http://pesquisa.in.gov.br/imprensa/jsp/visualiza/index.jsp?data=01/02/2018&amp;jornal=529&amp;pagina=70" editionNumber="23">
  <body>
    <Identifica><![CDATA[PORTARIA Nº 5, DE 23 de janeiro de 2018]]></Identifica>
    <Data><![CDATA[]]></Data>
    <Ementa />
    <Titulo />
    <SubTitulo />
    <Texto><![CDATA[<p>  A CHEFE DO SERVIÇO DE GESTÃO ADMINISTRATIVA DO NÚCLEO ESTADUAL DO MINISTÉRIO DA SAÚDE EM SERGIPE, nomeada pela PT nº. 2.487/SAA/SE/MS, de 27 de setembro de 2017, publicada no DOU nº. 205, de 25 de outubro de 2017, no uso de suas atribuições legais e de acordo com a competência que lhe foi subdelegada pela PT nº. 1.804/SAA/SE/MS, de 01/10/2013, publicada no DOU n.º 192, de 03/10/2013, resolve:</p><p>Art. 1º Conceder Aposentadoria Voluntária Integral ao servidor JOSÉ ALOÍZIO SOUZA VIEIRA, matrícula SIAPE nº 577.908, ocupante do cargo de Médico, Nível Superior, Classe S, Padrão III, do quadro de pessoal deste Ministério, com fundamento no art. 40, § 1º, inciso III, alínea "a" da Constituição Federal, com proventos calculados de acordo com o art. 1º da Lei nº 10.887/04. (Processo SEI nº 25021.401020/2017-33)</p>]]></Texto>
    <Autores>
      <assina>JISY ANNE PEREIRA SANTOS</assina>
    </Autores>
  </body>
</article></xml>