﻿<xml><article id="1348115" name="imp025 - Portarias 089, 090, 091" idOficio="4652396" pubName="DO2" artType="Portaria" pubDate="01/02/2018" artClass="00011:00059:00000:00000:00000:00000:00000:00000:00000:00000:00025:00001" artSection="Ministério da Educação" artCategory="Instituto Federal de Educação, Ciência e Tecnologia Catarinense" artSize="8" artNotes="" numberPage="22" pdfPage="http://pesquisa.in.gov.br/imprensa/jsp/visualiza/index.jsp?data=01/02/2018&amp;jornal=529&amp;pagina=22" editionNumber="23">
  <body>
    <Identifica><![CDATA[PORTARIA Nº 89, DE 24 DE JANEIRO DE 2018]]></Identifica>
    <Data><![CDATA[]]></Data>
    <Ementa />
    <Titulo />
    <SubTitulo />
    <Texto><![CDATA[<p> O REITOR SUBSTITUTO DO INSTITUTO FEDERAL CATARINENSE, no uso da competência que lhe foi subdelegada pela Portaria nº 3.301/2017, de 07/11/2017, publicada no Diário Oficial da União em 10/11/2017, considerando o que consta no Memorando nº 19/2018 - PROEX/REIT (11.01.18.04): Resolve: </p><p>Art. 1º- DISPENSAR, a partir de 01/02/2018, o(a) servidor(a) BRUNO ALIDO NEGRINI, cargo de Auxiliar em Administração, Matrícula SIAPE 1950814, como TITULAR da função de Assessoria Técnica, código FG-01, do Instituto Federal Catarinense - Reitoria; Art. 2º - Esta Portaria entra em vigor na data de sua publicação.</p><p> O REITOR SUBSTITUTO DO INSTITUTO FEDERAL CATARINENSE, no uso da competência que lhe foi subdelegada pela Portaria nº 3.301/2017, de 07/11/2017, publicada no Diário Oficial da União em 10/11/2017, considerando o que consta no Memorando nº 19/2018 - PROEX/REIT (11.01.18.04): Resolve: </p><p>Art. 1º- DESIGNAR, a partir de 01/02/2018, o(a) servidor(a) VILMAR FRARAO JUNIOR, cargo de Assistente em Administração, Matrícula SIAPE 1754746, como TITULAR da função de Assessoria Técnica, código FG-01, do Instituto Federal Catarinense - Reitoria; Art. 2º - Esta Portaria entra em vigor na data de sua publicação.</p><p> O REITOR SUBSTITUTO DO INSTITUTO FEDERAL CATARINENSE, no uso da competência que lhe foi subdelegada pela Portaria nº 3.301/2017, de 07/11/2017, publicada no Diário Oficial da União em 10/11/2017, considerando o que consta no Memorando nº 10/2018 - PROPI/REIT (11.01.18.05): Resolve: </p><p>Art. 1º- DISPENSAR, a partir de 01/02/2018, o(a) servidor(a) CARLA ZANDAVALLI, cargo de Assistente em Administração, Matrícula SIAPE 1786280, como TITULAR da função de Coordenação do Núcleo de Inovação Tecnológica, código FG-01, do Instituto Federal Catarinense - Reitoria; Art. 2º - Esta Portaria entra em vigor na data de sua publicação.</p><p> O REITOR SUBSTITUTO DO INSTITUTO FEDERAL CATARINENSE, no uso da competência que lhe foi subdelegada pela Portaria nº 3.301/2017, de 07/11/2017, publicada no Diário Oficial da União em 10/11/2017, considerando o que consta no Memorando nº 10/2018 - PROPI/REIT (11.01.18.05): Resolve: </p><p>Art. 1º- DESIGNAR, a partir de 01/02/2018, o(a) servidor(a) RAFAEL PAES DE BARROS, cargo de Tecnólogo-Formação, Matrícula SIAPE 1165246, como TITULAR da função de Coordenação do Núcleo de Inovação Tecnológica, código FG-01, do Instituto Federal Catarinense - Reitoria; Art. 2º - Esta Portaria entra em vigor na data de sua publicação.</p><p> O REITOR SUBSTITUTO DO INSTITUTO FEDERAL CATARINENSE, no uso da competência que lhe foi subdelegada pela Portaria nº 3.301/2017, de 07/11/2017, publicada no Diário Oficial da União em 10/11/2017, considerando o que consta no Processo nº 23353.000435/2017-14: Resolve: </p><p>Art. 1º- CONCEDER APOSENTADORIA VOLUNTÁRIA, com proventos integrais com base no art. 3º da Emenda Constitucional nº 47/05, ao servidor IRINEU MARCHI, ocupante do cargo de Professor do Ensino Básico, Técnico e Tecnológico, Matrícula nº 1103859, Classe DV, Nível 1, código de vaga 350695, lotado no Instituto Federal Catarinense - Campus Rio do Sul. Art. 2º - DECLARAR vago o referido cargo. Art. 3º - Esta Portaria entra em vigor na data de sua publicação.</p>]]></Texto>
    <Autores>
      <assina>FERNANDO JOSÉ GARBUIO</assina>
    </Autores>
  </body>
</article></xml>