﻿<xml><article id="1544106" name="013 - Dispensa Antonio e designa" idOficio="4648397" pubName="DO2" artType="Portaria" pubDate="15/02/2018" artClass="00037:00001:00008:00005:00000:00000:00000:00000:00000:00000:00025:00001" artSection="Secretaria de Gestão de Pessoas" artCategory="Secretaria de Gestão de Pessoas" artSize="8" artNotes="" numberPage="30" pdfPage="http://pesquisa.in.gov.br/imprensa/jsp/visualiza/index.jsp?data=15/02/2018&amp;jornal=529&amp;pagina=30" editionNumber="31" highlight="">
  <body>
    <Identifica><![CDATA[PORTARIA Nº 13, DE 18 DE JANEIRO DE 2018]]></Identifica>
    <Data><![CDATA[]]></Data>
    <Ementa />
    <Titulo />
    <SubTitulo />
    <Texto><![CDATA[<p> O SECRETÁRIO DE GESTÃO DE PESSOAS DO SUPREMO TRIBUNAL FEDERAL, no uso das atribuições conferidas pela Portaria DG nº 233/2013, com base no inc. II do art. 9º e no inc. I do art. 35 da Lei nº 8.112/1990, resolve:</p><p>Art. 1º Dispensar ANTONIO CLÁUDIO DA SILVA, Analista Judiciário, Área Administrativa, Contabilidade, da função comissionada de Assistente II, nível FC-02, da Seção de Programação Orçamentária e Financeira.</p><p>Art. 2º Designar CIBELLE TOGAWA HOLANDA, Técnico Judiciário, Área Administrativa, para exercer a função comissionada de Assistente II, nível FC-02, na Seção de Programação Orçamentária e Financeira.</p>]]></Texto>
    <Autores>
      <assina>Cícero Rodrigues de Oliveira Gomes</assina>
    </Autores>
  </body>
</article></xml>