﻿<xml><article id="1388222" name="PORTARIA GPR 110" idOficio="4652959" pubName="DO2" artType="Portaria" pubDate="05/02/2018" artClass="00037:00039:00002:00000:00000:00000:00000:00000:00000:00000:00025:00001" artSection="Presidência" artCategory="Presidência" artSize="8" artNotes="" numberPage="68" pdfPage="http://pesquisa.in.gov.br/imprensa/jsp/visualiza/index.jsp?data=05/02/2018&amp;jornal=529&amp;pagina=68" editionNumber="25" highlight="">
  <body>
    <Identifica><![CDATA[Portaria N°110, de 23 de janeiro de 2018]]></Identifica>
    <Data><![CDATA[]]></Data>
    <Ementa />
    <Titulo />
    <SubTitulo />
    <Texto><![CDATA[<p> O PRESIDENTE DO TRIBUNAL DE JUSTIÇA DO DISTRITO FEDERAL E DOS TERRITÓRIOS, no uso de sua competência legal e tendo em vista o disposto no Processo Administrativo 0024721/2017, resolve:</p><p>Conceder aposentadoria voluntária integral, com fundamento no art. 3º da Emenda Constitucional 47, de 5 de julho de 2005, ao servidor CRISTOVAM BEZERRA TAVARES, matrícula 307.763, ocupante do cargo de Analista Judiciário, Área Judiciária, Classe "C", Padrão 13, Nível Superior, do Quadro de Pessoal deste Tribunal, com as vantagens previstas no art. 67 da Lei 8.112/1990 c/c o art. 6º da Lei 9.624/1998 e com o inciso II do art. 15 da Medida Provisória 2.225-45/2001; no art. 3º da Lei 8.911/1994 c/c o art. 15 da Lei 9.527/1997; no art. 2º da Lei 8.911/1994 c/c o art. 193 da Lei 8.112/1990 e com os termos do Acórdão 2.076/2005 - TCU/Plenário; e na determinação judicial contida no Mandado de Segurança nº 2003.00.2.008895-7.</p><p> </p>]]></Texto>
    <Autores>
      <assina>Des. MARIO MACHADO</assina>
    </Autores>
  </body>
</article></xml>