﻿<xml><article id="1347770" name="Portaria para a imprensa" idOficio="4651108" pubName="DO2" artType="Portaria" pubDate="01/02/2018" artClass="00037:00042:00001:00000:00000:00000:00000:00000:00000:00000:00025:00001" artSection="Presidência" artCategory="Presidência" artSize="8" artNotes="" numberPage="122" pdfPage="http://pesquisa.in.gov.br/imprensa/jsp/visualiza/index.jsp?data=01/02/2018&amp;jornal=529&amp;pagina=122" editionNumber="23">
  <body>
    <Identifica><![CDATA[PORTARIA Nº 488, DE 31 DE OUTUBRO DE 2017]]></Identifica>
    <Data><![CDATA[]]></Data>
    <Ementa />
    <Titulo />
    <SubTitulo />
    <Texto><![CDATA[<p> O PRESIDENTE DO TRIBUNAL REGIONAL DO TRABALHO DA TERCEIRA REGIÃO, no uso de suas atribuições legais e regimentais,</p><p>CONSIDERANDO o disposto no art. 37 da Lei n. 8.112, de 11 de dezembro de 1990; </p><p>CONSIDERANDO os termos da Resolução n. 146, de 6 de março de 2012, do Conselho Nacional de Justiça; e </p><p>CONSIDERANDO o constante no processo TRT/e-PAD/37773/2016, resolve:</p><p>Art. 1º Exaurir os efeitos da Portaria N. 15R, publicada no Diário Oficial da União em 9 de abril de 2014, que removeu a servidora Érika Gonçalves de Lima Sodré para o Tribunal Regional do Trabalho da 1ª Região.</p><p>Art. 2º Redistribuir o cargo de Analista Judiciário, Área Judiciária, deste Tribunal, ocupado pela servidora Érika Gonçalves de Lima Sodré, em reciprocidade com o cargo de Analista Judiciário, Área Judiciária, provido pelo servidor José Humberto Mauad Filho, do Quadro de Pessoal do Tribunal Regional do Trabalho da 1ª Região.</p><p>Art. 3º Esta portaria entra em vigor na data de sua publicação.</p><p> </p>]]></Texto>
    <Autores>
      <assina>Júlio Bernardo do Carmo</assina>
      <cargo>Desembargador Presidente</cargo>
    </Autores>
  </body>
</article></xml>