﻿<xml><article id="1352292" name="A 167 Exonerar LEANDRO SBANO DE " idOficio="4651683" pubName="DO2" artType="Portaria" pubDate="01/02/2018" artClass="00017:00001:00000:00000:00000:00000:00000:00000:00000:00000:00025:00002" artSection="Ministério da Saúde" artCategory="Gabinete do Ministro" artSize="8" artNotes="liberadas saj" numberPage="61" pdfPage="http://pesquisa.in.gov.br/imprensa/jsp/visualiza/index.jsp?data=01/02/2018&amp;jornal=529&amp;pagina=61" editionNumber="23">
  <body>
    <Identifica><![CDATA[PORTARIA Nº 167, DE 23 DE JANEIRO DE 2018]]></Identifica>
    <Data><![CDATA[]]></Data>
    <Ementa />
    <Titulo />
    <SubTitulo />
    <Texto><![CDATA[<p> O MINISTRO DE ESTADO DA SAÚDE, no uso da competência que lhe foi delegada pelo art. 3º, do Decreto nº 8.821, de 26 de julho de 2016, resolve:</p><p>Exonerar, a pedido, a partir de 15 de janeiro de 2018, LEANDRO SBANO DE OLIVEIRA LEAL do cargo de Chefe do Serviço de Compras, código DAS-101.1, nº 30.0269, da Divisão de Suprimentos, da Coordenação de Administração Geral, do Instituto Nacional De Câncer José Alencar Gomes da Silva, da Secretaria de Atenção à Saúde</p>]]></Texto>
    <Autores>
      <assina>RICARDO BARROS</assina>
    </Autores>
  </body>
</article></xml>