﻿<xml><article id="1348172" name="Ato 24-2018" idOficio="4653006" pubName="DO2" artType="Ato Concessório" pubDate="01/02/2018" artClass="00037:00047:00001:00000:00000:00000:00000:00000:00000:00000:00003:00001" artSection="Gabinete da Presidência" artCategory="Gabinete da Presidência" artSize="8" artNotes="" numberPage="122" pdfPage="http://pesquisa.in.gov.br/imprensa/jsp/visualiza/index.jsp?data=01/02/2018&amp;jornal=529&amp;pagina=122" editionNumber="23">
  <body>
    <Identifica><![CDATA[ATO Nº 24, DE 18 DE JANEIRO DE 2018]]></Identifica>
    <Data><![CDATA[]]></Data>
    <Ementa />
    <Titulo />
    <SubTitulo />
    <Texto><![CDATA[<p> A DESEMBARGADORA VICE-PRESIDENTE, NO EXERCÍCIO DA PRESIDÊNCIA DO TRIBUNAL REGIONAL DO TRABALHO DA OITAVA REGIÃO, no uso de suas atribuições legais, e CONSIDERANDO o que consta do Processo Administrativo Eletrônico TRT8ª n° 4203/2017, resolve:</p><p>  CONCEDER APOSENTADORIA à servidora VANDA DA NÓBREGA ALVES DA SILVA, com fundamento no artigo 3º, da Emenda Constitucional nº 47/2005, no cargo de Técnico Judiciário, Área Administrativa, Apoio de Serviços Diversos, Classe C, Padrão 13, do Quadro Permanente do Tribunal Regional do Trabalho da Oitava Região, com PROVENTOS INTEGRAIS correspondentes à remuneração da servidora no cargo efetivo, qual seja a estabelecida nos artigos 12 e 13 da Lei nº 11.416/2006, com as alterações decorrentes da Lei nº 13.317/2016, acrescida do adicional por tempo de serviço de 6% (seis por cento) adquirido antes de 8 de março de 1999, anteriormente previsto nos artigos 61, inciso III, e 67 da Lei nº 8.112/1990, com a observância das alterações introduzidas pela Medida Provisória nº 2.225-45/2001, bem como do Adicional de Qualificação de 5% (cinco por cento) previsto nos artigos 14 e 15, VI da Lei nº 11.416/2006, com as alterações decorrentes da Lei nº 13.317/2016.</p><p> </p><p> </p>]]></Texto>
    <Autores>
      <assina>SULAMIR PALMEIRA MONASSA DE ALMEIDA</assina>
    </Autores>
  </body>
</article></xml>