﻿<xml><article id="1348142" name="26-ESTEFÂNIA-DES" idOficio="4652619" pubName="DO2" artType="Portaria" pubDate="01/02/2018" artClass="00037:00004:00000:00000:00000:00000:00000:00000:00000:00000:00000:00006" artSection="Secretaria" artCategory="Secretaria" artSize="8" artNotes="" numberPage="115" pdfPage="http://pesquisa.in.gov.br/imprensa/jsp/visualiza/index.jsp?data=01/02/2018&amp;jornal=529&amp;pagina=115" editionNumber="23">
  <body>
    <Identifica><![CDATA[PORTARIA Nº 26, DE 22 DE JANEIRO DE 2018]]></Identifica>
    <Data><![CDATA[]]></Data>
    <Ementa />
    <Titulo />
    <SubTitulo />
    <Texto><![CDATA[<p> A DIRETORA-GERAL DA SECRETARIA DO SUPERIOR TRIBUNAL DE JUSTIÇA, com base no item 16.2, XI, b, do Manual de Organização, resolve:</p><p>Art. 1º Designar ESTEFÂNIA FERRARESI, matrícula S040970, para a função de confiança de Assistente II, código FC-2, do Gabinete do Ministro Jorge Mussi, na vaga decorrente da dispensa de Gerluce Maria Silva Serrano.</p><p>Art. 2º Esta portaria entra em vigor na data de sua publicação.</p>]]></Texto>
    <Autores>
      <assina>Sulamita Avelino Cardoso Marques</assina>
    </Autores>
  </body>
</article></xml>