﻿<xml><article id="1347764" name="DOU02_PORTARIAS_CGP_PR_020_2018_" idOficio="4650638" pubName="DO2" artType="Portaria" pubDate="01/02/2018" artClass="00037:00059:00001:00000:00000:00000:00000:00000:00000:00000:00001:00008" artSection="Presidência" artCategory="Presidência" artSize="8" artNotes="" numberPage="141" pdfPage="http://pesquisa.in.gov.br/imprensa/jsp/visualiza/index.jsp?data=01/02/2018&amp;jornal=529&amp;pagina=141" editionNumber="23">
  <body>
    <Identifica><![CDATA[PORTARIA Nº 20, DE 19 DE JANEIRO DE 2018]]></Identifica>
    <Data><![CDATA[]]></Data>
    <Ementa />
    <Titulo />
    <SubTitulo />
    <Texto><![CDATA[<p> O DESEMBARGADOR PRESIDENTE DO TRIBUNAL REGIONAL DO TRABALHO DA 20ª REGIÃO, no uso de suas atribuições legais e regimentais e considerando o contido nos Processos Administrativos Eletrônicos de Nºs 30140/2018 e 30141/2018, resolve:</p><p>Designar a Bacharela em Direito JUSSARA SANTANA ALMEIDA, Analista Judiciário - Área Judiciária do Quadro Permanente de Pessoal da Secretaria deste Tribunal, para exercer a Função Comissionada de ASSISTENTE JURÍDICO (FC-5) da Secretaria de Recurso de Revista, passando a ter exercício na referida unidade e ficando dispensada da Função Comissionada de ASSISTENTE DE GABINETE (FC-5) do Gabinete do Exmo. Desembargador THENISSON SANTANA DÓRIA, com efeitos a contar de 1º/2/2018.</p>]]></Texto>
    <Autores>
      <assina>THENISSON SANTANA DÓRIA</assina>
    </Autores>
  </body>
</article></xml>