﻿<xml><article id="1348121" name="A034_2018" idOficio="4652656" pubName="DO2" artType="Ato" pubDate="01/02/2018" artClass="00037:00051:00001:00000:00000:00000:00000:00000:00000:00000:00001:00001" artSection="Presidência" artCategory="Presidência" artSize="8" artNotes="" numberPage="125" pdfPage="http://pesquisa.in.gov.br/imprensa/jsp/visualiza/index.jsp?data=01/02/2018&amp;jornal=529&amp;pagina=125" editionNumber="23">
  <body>
    <Identifica><![CDATA[ATO nº 34, de 23 de janeiro de 2018]]></Identifica>
    <Data><![CDATA[]]></Data>
    <Ementa />
    <Titulo />
    <SubTitulo />
    <Texto><![CDATA[<p> </p><p> A PRESIDENTE DO TRIBUNAL REGIONAL DO TRABALHO DA 12ª REGIÃO,  no uso de suas atribuições legais, regimentais e tendo em vista o disposto no expediente PROAD nº 1854/2016, , resolve: </p><p> I - REDISTRIBUI  a partir de 1º-02-2018, o cargo efetivo de Analista Judiciário, Área Judiciária, ocupado pela servidora JULIANA SMANHOTTO, do Quadro Permanente de Pessoal da Secretaria deste Tribunal, para o Quadro de Pessoal do Tribunal Regional do Trabalho da 9ª Região, em reciprocidade com o cargo de Analista Judiciário, Área Judiciária, ocupado por EDUARDO BILLAR RUIZ do Quadro de Pessoal do Tribunal Regional do Trabalho da 9ª Região,  com fulcro no artigo 37 da Lei nº 8.112/90 e na Resolução CNJ nº 146/2012. II - LOTA EDUARDO BILLAR RUIZ na 3ª Vara do Trabalho de Itajaí. III - FAZ CESSAR os efeitos da Portaria nº PRESI 160 de 29-08-2016, publicada no Diário Oficial da União, Seção 2, em 1º-09-2016. Publique-se.</p>]]></Texto>
    <Autores>
      <assina>MARI ELEDA MIGLIORINI</assina>
    </Autores>
  </body>
</article></xml>