﻿<xml><article id="1347755" name="Portaria nº 181 - Dispensa CRA C" idOficio="4650423" pubName="DO2" artType="Portaria" pubDate="01/02/2018" artClass="00011:00079:00001:00001:00000:00000:00000:00000:00000:00000:00025:00001" artSection="Chefia de Gabinete" artCategory="Chefia de Gabinete" artSize="8" artNotes="" numberPage="30" pdfPage="http://pesquisa.in.gov.br/imprensa/jsp/visualiza/index.jsp?data=01/02/2018&amp;jornal=529&amp;pagina=30" editionNumber="23">
  <body>
    <Identifica><![CDATA[PORTARIA Nº 181, DE 22 DE JANEIRO DE 2018]]></Identifica>
    <Data><![CDATA[]]></Data>
    <Ementa />
    <Titulo />
    <SubTitulo />
    <Texto><![CDATA[<p> A REITORA SUBSTITUTA DO INSTITUTO FEDERAL DE EDUCAÇÃO, CIÊNCIA E TECNOLOGIA DE RONDÔNIA, no uso de suas atribuições legais e considerando o Memorando nº 28/2018/COL - CGAB/COL - DG/COL, de 19/01/2018, resolve:</p><p>Art. 1º DISPENSAR, a partir de 01/02/2018, a Assistente em Administração, ROSELI APARECIDA MARTINS, Mat. SIAPE 2147050, da Função Gratificada de Coordenadora de Registros Acadêmicos do Campus Colorado do Oeste/IFRO, código FG-01.</p><p>Art. 2º Esta Portaria entra em vigor na data de sua publicação.</p>]]></Texto>
    <Autores>
      <assina>Maria Fabiola Moraes da Assumpção Santos</assina>
    </Autores>
  </body>
</article></xml>