﻿<xml><article id="1347785" name="Ports. 69, 70 e 71" idOficio="4651742" pubName="DO2" artType="Portaria" pubDate="01/02/2018" artClass="00011:00032:00001:00000:00000:00000:00000:00000:00000:00000:00025:00001" artSection="Reitoria" artCategory="Reitoria" artSize="8" artNotes="" numberPage="16" pdfPage="http://pesquisa.in.gov.br/imprensa/jsp/visualiza/index.jsp?data=01/02/2018&amp;jornal=529&amp;pagina=16" editionNumber="23">
  <body>
    <Identifica><![CDATA[PORTARIAs DE 22 de janeiro de 2018]]></Identifica>
    <Data><![CDATA[]]></Data>
    <Ementa />
    <Titulo />
    <SubTitulo />
    <Texto><![CDATA[<p>O REITOR DA FUNDAÇÃO UNIVERSIDADE FEDERAL DE MATO GROSSO DO SUL, no uso de suas atribuições legais, nos termos da alínea "b" do inciso III do art. 40 da Constituição Federal, e considerando o contido no Processo nº 23104.012996/2017-90, resolve:</p><p>Nº 69 - Conceder aposentadoria voluntária a Jose Oswaldo Soares Machado, matrícula Siape nº 1144884, código de vaga 715633, integrante da Carreira Técnico-Administrativa, do quadro de pessoal desta Universidade, ocupante do cargo de Medico-área 40h, Classe E, Nível de Capacitação 1, Padrão 15, com proventos calculados de acordo com o art. 1º da Lei nº 10.887/04, e do § 18 do art. 40 da Constituição Federal, com redação dada pela Emenda Constitucional nº 41/2003, proporcional ao tempo de contribuição à razão de 26/35 avos e cinco por cento de anuênio.</p><p>O REITOR DA FUNDAÇÃO UNIVERSIDADE FEDERAL DE MATO GROSSO DO SUL, no uso de suas atribuições legais, e tendo em vista o que consta do Processo nº 23104.005720/2017-55, resolve:</p><p>Nº 70 - Conceder aposentadoria voluntária a Rose Mary Uehara, matrícula Siape nº 0433221, código de vaga 341481, integrante da Carreira Técnico-Administrativa, do quadro de pessoal desta Universidade, ocupante do cargo de Enfermeiro-área, Classe E, Nível de Capacitação 4, Padrão 16, e de acordo com os incisos I a III do art. 3º da Emenda Constitucional nº 47, de 5 de julho de 2005, com proventos integrais e doze por cento de anuênio.</p><p>O REITOR DA FUNDAÇÃO UNIVERSIDADE FEDERAL DE MATO GROSSO DO SUL, no uso de suas atribuições legais e tendo em vista o que consta do Processo nº 23104.018706/2017-11, resolve:</p><p>Nº  71 - Conceder aposentadoria voluntária a Rosalina Brites De Assunção, matrícula Siape nº 1303324, código de vaga 340191, integrante da Carreira do Magistério Superior, do quadro de pessoal desta Universidade, ocupante do cargo de Professor, Classe Associado, Nível 1, com Doutorado, em regime de dedicação exclusiva, nos termos do artigo 6º, incisos I a IV, da Emenda Constitucional nº 41/2003, com proventos integrais.</p>]]></Texto>
    <Autores>
      <assina>MARCELO AUGUSTO SANTOS TURINE</assina>
    </Autores>
  </body>
</article></xml>