﻿<xml><article id="1388216" name="110_portaria_23_janeiro_2018_Rég" idOficio="4652771" pubName="DO2" artType="Portaria" pubDate="05/02/2018" artClass="00011:00076:00001:00000:00000:00000:00000:00000:00000:00000:00025:00002" artSection="Reitoria" artCategory="Reitoria" artSize="8" artNotes="" numberPage="20" pdfPage="http://pesquisa.in.gov.br/imprensa/jsp/visualiza/index.jsp?data=05/02/2018&amp;jornal=529&amp;pagina=20" editionNumber="25" highlight="">
  <body>
    <Identifica><![CDATA[PORTARIA Nº 110, DE 23 DE JANEIRO DE 2018]]></Identifica>
    <Data><![CDATA[]]></Data>
    <Ementa />
    <Titulo />
    <SubTitulo />
    <Texto><![CDATA[<p> A REITORA EM EXERCÍCIO DO INSTITUTO FEDERAL DE EDUCAÇÃO, CIÊNCIA E TECNOLOGIA DO RIO GRANDE DO NORTE, no uso de suas atribuições legais e CONSIDERANDO o que consta no Processo nº 23057.053094.2017-16, de 16 de novembro de 2017, resolve:                   </p><p>I - CONCEDER APOSENTADORIA VOLUNTÁRIA, com proventos integrais, a RAIMUNDO ANTONIO GOMES DOURADO, Matrícula SIAPE nº 0053459, ocupante do cargo de Professor do Ensino Básico, Técnico e Tecnológico, Código 707001, Código de Vaga 0210277, Classe D-IV, Nível 04, pertencente ao Quadro Permanente desta Instituição Federal de Ensino, com fundamento no artigo 6º da Emenda Constitucional nº 41/2003, de 19 de dezembro de 2003, combinado com o artigo 40, § 5º da Constituição Federal de 1988, acrescidos de 10% (dez por cento) a título de adicional por tempo de serviço, determinado pelo artigo 67 da Lei nº 8.112/1990, observado o artigo 6º da Lei nº 9.624/98 e o Ofício-Circular nº 36-SRH/MP, de 29 de junho de 2001, além do disposto no artigo 15, inciso II da Medida Provisória nº 2.225-45, de 4 de setembro de 2001; da Retribuição por Titulação (RT), instituída pelo artigo 17 da Lei nº 12.772, de 28 de dezembro de 2012, considerando a equivalência de titulação com o Reconhecimento de Saberes e Competências (RSC), prevista em seu artigo 18;  e mais o que a Lei vier a conceder para os servidores da ativa, nos termos do artigo 7º da Emenda Constitucional nº 41/2003.</p><p>II - DECLARAR VAGO o respectivo cargo.</p>]]></Texto>
    <Autores>
      <assina>RÉGIA LÚCIA LOPES</assina>
    </Autores>
  </body>
</article></xml>