﻿<xml><article id="1348133" name="A035_2018" idOficio="4652706" pubName="DO2" artType="Ato" pubDate="01/02/2018" artClass="00037:00051:00001:00000:00000:00000:00000:00000:00000:00000:00001:00001" artSection="Presidência" artCategory="Presidência" artSize="8" artNotes="" numberPage="125" pdfPage="http://pesquisa.in.gov.br/imprensa/jsp/visualiza/index.jsp?data=01/02/2018&amp;jornal=529&amp;pagina=125" editionNumber="23">
  <body>
    <Identifica><![CDATA[ATO nº 35 de 23 de janeiro de 2018]]></Identifica>
    <Data><![CDATA[]]></Data>
    <Ementa />
    <Titulo />
    <SubTitulo />
    <Texto><![CDATA[<p> </p><p> A PRESIDENTE DO TRIBUNAL REGIONAL DO TRABALHO DA 12ª REGIÃO,  no uso de suas atribuições legais, regimentais e tendo em vista o disposto no expediente PROAD  nº 11943/2017, resolve: </p><p> I - REDISTRIBUI  a partir de 1º-02-2018, o cargo efetivo de Analista Judiciário, Área Judiciária, ocupado pela servidora MARIA CRISTINA HOEPERS, do Quadro Permanente de Pessoal da Secretaria deste Tribunal, para o Quadro de Pessoal do Tribunal Regional do Trabalho da 10ª Região, em reciprocidade com o cargo de Analista Judiciário, Área Judiciária, ocupado por LUIZ FERNANDO DE ANDRADE BLANCO, do Quadro de Pessoal do Tribunal Regional do Trabalho da 10ª Região,  com fulcro no artigo 37 da Lei nº 8.112/90 e na Resolução CNJ nº 146/2012. II - LOTA LUIZ FERNANDO DE ANDRADE BLANCO no Gabinete do Exmo. Desembargador Gilmar Cavalieri. III - FAZ CESSAR os efeitos da Portaria nº PRESI 180, de 21-02-2008, publicada no Diário Oficial da União, Seção 2, em 12-03-2008, em relação à servidora Maria Cristina Hoepers. Publique-se.</p>]]></Texto>
    <Autores>
      <assina>MARI ELEDA MIGLIORINI</assina>
    </Autores>
  </body>
</article></xml>