﻿<xml><article id="1348151" name="PORTARIA GP 21 2018" idOficio="4652783" pubName="DO2" artType="Portaria" pubDate="01/02/2018" artClass="00037:00062:00002:00000:00000:00000:00000:00000:00000:00000:00025:00001" artSection="Diretoria-Geral de Administração" artCategory="Diretoria-Geral de Administração" artSize="8" artNotes="" numberPage="142" pdfPage="http://pesquisa.in.gov.br/imprensa/jsp/visualiza/index.jsp?data=01/02/2018&amp;jornal=529&amp;pagina=142" editionNumber="23">
  <body>
    <Identifica><![CDATA[PORTARIA nº 21, DE 22 DE JANEIRO DE 2018]]></Identifica>
    <Data><![CDATA[]]></Data>
    <Ementa />
    <Titulo />
    <SubTitulo />
    <Texto><![CDATA[<p> O DESEMBARGADOR-PRESIDENTE DO TRIBUNAL REGIONAL DO TRABALHO DA 22ª REGIÃO, no uso de suas atribuições legais e regimentais, com fulcro no artigo 37 da Lei 8.112/90 c/c os arts. 2º e 6º da Resolução nº 146 do CNJ; CONSIDERANDO os Processos Administrativos nºs 818/2017 (Resolução Administrativa nº 101/2017) deste Tribunal e a anuência do Tribunal Regional do Trabalho da 15ª Região (Ofício nº 222/2017-GP/DG); resolve:</p><p>  1- REDISTRIBUIR o cargo efetivo vago da Carreira Judiciária de Analista Judiciário, Área Judiciária, Sem Especialidade, do Quadro Permanente de Pessoal da Secretaria deste Tribunal, criado pela Lei nº 8.221/1991, vago em virtude de aposentadoria da servidora Maria Ruth Gomes, Ato GP nº 106/2017, em reciprocidade à redistribuição  para este Tribunal do cargo efetivo de Analista Judiciário, Área Judiciária, ocupado pela servidora MÁRCIA MARIA RODRIGUES LEITÃO SOUSA,  com efeitos a contar de 1º de fevereiro de 2018. 2 - INCLUIR no Quadro Permanente de Pessoal do Tribunal Regional do Trabalho da 22ª Região, o cargo de Analista Judiciário, Área Judiciária originário do Tribunal Regional do Trabalho da 15ª Região, referenciado acima, com efeitos a contar de 1º de fevereiro de 2018.</p>]]></Texto>
    <Autores>
      <assina>GIORGI ALAN MACHADO ARAÚJO</assina>
    </Autores>
  </body>
</article></xml>