﻿<xml><article id="1388210" name="trt9a18-2018 ATO 25" idOficio="4652575" pubName="DO2" artType="Ato" pubDate="05/02/2018" artClass="00037:00048:00000:00000:00000:00000:00000:00000:00000:00000:00001:00001" artSection="Poder Judiciário" artCategory="Tribunal Regional do Trabalho da 9ª Região" artSize="8" artNotes="" numberPage="70" pdfPage="http://pesquisa.in.gov.br/imprensa/jsp/visualiza/index.jsp?data=05/02/2018&amp;jornal=529&amp;pagina=70" editionNumber="25" highlight="">
  <body>
    <Identifica><![CDATA[ATO Nº 25, DE 22 DE JANEIRO DE 2018]]></Identifica>
    <Data><![CDATA[]]></Data>
    <Ementa />
    <Titulo />
    <SubTitulo />
    <Texto><![CDATA[<p> A DESEMBARGADORA DO TRABALHO, PRESIDENTE DO TRIBUNAL REGIONAL DO TRABALHO DA 9ª REGIÃO, usando de suas atribuições legais, diante do disposto no art. 25, LV-A, do Regimento Interno e do contido no PRP nº 103/2017, resolve:</p><p> Art. 1º Conceder, ad referendum do Órgão Especial, aposentadoria à servidora MARILENE FRANCISCA SOLIGO, nos termos do art. 3º da EC nº 47/2005, com proventos integrais por tempo de contribuição, no montante de R$ 11.421,88 (onze mil, quatrocentos e vinte e um reais e oitenta e oito centavos), correspondentes à remuneração do cargo efetivo de Técnico Judiciário, Área Administrativa, Especialidade Apoio de Serviços Diversos, classe C, padrão 13, conforme arts. 12 e 13 da Lei nº 11.416/2006 (Vencimento Servidor Inativo de R$ 4.537,30 e GAJ Cargo Inativo de R$ 5.535,51), acrescidos das seguintes vantagens: a) vantagem pessoal nominalmente identificada - VPNI, equivalente a 3/10 da função comissionada de nível FC-4, no valor de R$ 895,34, conforme disposto nos arts. 3º da Lei nº 8.911/1994, 5º da Lei nº 9.624/1998 e 62-A da Lei nº 8.112/1990 e b) 10% da gratificação adicional por tempo de serviço - GATS, equivalente a R$ 453,73, prevista no art. 67 da Lei nº 8.112/1990. A servidora faz jus, ainda, à paridade de vencimentos com o pessoal da ativa, nos termos do art. 3º, parágrafo único, da EC nº 47/2005, estendendo-se tal paridade a eventuais pensionistas. Art. 2º Conceder indenização de férias e terço indenizado no valor total de R$ 5.076,39, resultante de 4/12 (quatro doze avos) de férias proporcionais referentes ao período de 12/10/2017 a 04/02/2018, no valor de R$ 3.807,29, e do respectivo terço indenizado, no valor de R$ 1.269,10, nos termos do artigo 78, §§ 3º e 4º da Lei 8.112/1990, c/c o art. 24, caput e § 4º, da Resolução CSJT nº 162/2016. O pagamento, que deverá ocorrer sem a incidência do imposto de renda na fonte e de contribuição previdenciária, nos termos do art. 9º, caput, do Ato TRT9 nº 74/2016, resultante da base de cálculo composta por: Vencimento Estatutário (R$ 4.537,30), GAJ (R$ 5.535,51), GATS (R$ 453,73) e VPNI (R$ 895,34). Art. 3º Conceder 60 dias de licença-prêmio indenizados, quinquênios de 1988/1993, não usufruídos e não computados em dobro, para efeitos de abono de permanência e de aposentadoria, no valor de R$ 22.843,76, nos termos da Lei 8.112/1990 (arts. 87 e 88 - redação original) e da Lei nº 9.527/1997 (art.7º), da Resolução CSJT nº 72/2010, dos Acórdãos TCU nºs 1.342/2011 e 1.980/2009, ambos do Plenário e da Matéria Administrativa TRT9 nº 00984-2009-909-09-00-7, sem a incidência de imposto de renda e do desconto previdenciário para o PSSS (art. 3º da Resolução CSJT nº 72/2010), resultante da base de cálculo composta por: Vencimento Estatutário (R$ 4.537,30), GAJ (R$ 5.535,51), GATS (R$ 453,73) e VPNI (R$ 895,34). Art. 4º Declarar vago o cargo acima citado, nos termos do inciso VII, art. 33, da Lei n.º 8.112/1990. Art. 5º Transformar o cargo mencionado no art. 1º deste Ato em Técnico Judiciário, Área Administrativa, nos termos do artigo 8º, da Resolução nº 47/2008, do Conselho Superior da Justiça do Trabalho, conforme entendimento manifestado pela Assessoria Jurídica deste Tribunal nos Pareceres nºs 146/2014 e 157/2014 (PRP nº 76/2013), então acolhido pela Administração no Despacho ADG nº 1.436/2014.</p><p> </p>]]></Texto>
    <Autores>
      <assina>MARLENE T. FUVERKI SUGUIMATSU</assina>
    </Autores>
  </body>
</article></xml>