﻿<xml><article id="1441828" name="trt9a19-2018 CODAF 12" idOficio="4653197" pubName="DO2" artType="Portaria" pubDate="07/02/2018" artClass="00037:00048:00001:00001:00017:00000:00000:00000:00000:00000:00025:00001" artSection="Coordenadoria de Dados Funcionais" artCategory="Coordenadoria de Dados Funcionais" artSize="8" artNotes="" numberPage="64" pdfPage="http://pesquisa.in.gov.br/imprensa/jsp/visualiza/index.jsp?data=07/02/2018&amp;jornal=529&amp;pagina=64" editionNumber="27" highlight="">
  <body>
    <Identifica><![CDATA[PORTARIA Nº 12, DE 23 DE JANEIRO DE 2018]]></Identifica>
    <Data><![CDATA[]]></Data>
    <Ementa />
    <Titulo />
    <SubTitulo />
    <Texto><![CDATA[<p> O COORDENADOR DE DADOS FUNCIONAIS DO TRIBUNAL REGIONAL DO TRABALHO DA 9ª REGIÃO, usando de suas atribuições legais, e diante do disposto nos DES ADG 2661/2016 e DES GABSGP 1175/2016, resolve: </p><p>I - designar BRUNO EINLOFT PEREIRA, Analista Judiciário Área Judiciária, classe B, padrão 6, para EXERCER o Cargo em Comissão de Assistente de Diretor de Secretaria (c-5112), código TRT 9ª CJ-1,  13ª Vara do Trabalho de Curitiba, a partir da data da publicação (Documento Eletrônico nº 2/2018); II - dispensar DGEANNE DE CARVALHO GRANJA ALENCAR, Técnica Judiciária Área Administrativa, classe B, padrão 8, do Cargo em Comissão de Assistente de Diretor de Secretaria (c-5112), código TRT 9ª CJ-1,  13ª Vara do Trabalho de Curitiba, a partir da data de publicação (Documento Eletrônico nº 2/2018). </p><p> </p>]]></Texto>
    <Autores>
      <assina>FERNANDO CESAR BELINCANTA</assina>
    </Autores>
  </body>
</article></xml>