﻿<xml><article id="1347791" name="2018-49 PORTARIA DE APOSENTADORI" idOficio="4651906" pubName="DO2" artType="Portaria" pubDate="01/02/2018" artClass="00011:00139:00000:00000:00000:00000:00000:00000:00000:00000:00025:00001" artSection="Ministério da Educação" artCategory="Universidade Federal do Triângulo Mineiro" artSize="8" artNotes="" numberPage="48" pdfPage="http://pesquisa.in.gov.br/imprensa/jsp/visualiza/index.jsp?data=01/02/2018&amp;jornal=529&amp;pagina=48" editionNumber="23">
  <body>
    <Identifica><![CDATA[PORTARIA Nº 49, DE 18 DE JANEIRO DE 2018]]></Identifica>
    <Data><![CDATA[]]></Data>
    <Ementa />
    <Titulo />
    <SubTitulo />
    <Texto><![CDATA[<p> O VICE-REITOR, no exercício da Reitoria da UNIVERSIDADE FEDERAL DO TRIÂNGULO MINEIRO, no uso de suas atribuições conferidas pela Portaria nº 830, de 28 de agosto de 2014, publicada no Diário Oficial de 29 de agosto de 2014, e considerando o processo n° 23085.000227/2018-03, resolve:</p><p>Art. 1º - Conceder aposentadoria voluntária à servidora MARLY APARECIDA SPADOTTO BALARIN, SIAPE 0389209, ocupante do cargo de Professor do Magistério Superior, Classe/Padrão 7-704, regime de trabalho de dedicação exclusiva, código de vaga nº 301139, do Quadro de Pessoal desta Universidade, com proventos integrais e com fulcro no artigo 3º da Emenda Constitucional nº 47/2005.</p><p>Art. 2º - Em consequência, declarar vago o referido cargo.</p><p> </p>]]></Texto>
    <Autores>
      <assina>LUIZ FERNANDO RESENDE DOS SANTOS ANJO</assina>
    </Autores>
  </body>
</article></xml>