﻿<xml><article id="1348157" name="Redistribuicao_Walana" idOficio="4652873" pubName="DO2" artType="Portaria" pubDate="01/02/2018" artClass="00037:00035:00001:00000:00000:00000:00000:00000:00000:00000:00025:00001" artSection="Presidência" artCategory="Presidência" artSize="8" artNotes="" numberPage="120" pdfPage="http://pesquisa.in.gov.br/imprensa/jsp/visualiza/index.jsp?data=01/02/2018&amp;jornal=529&amp;pagina=120" editionNumber="23">
  <body>
    <Identifica><![CDATA[PORTARIA Nº 9, DE 18 DE JANEIRO DE 2018]]></Identifica>
    <Data><![CDATA[]]></Data>
    <Ementa />
    <Titulo />
    <SubTitulo />
    <Texto><![CDATA[<p> O Presidente do Tribunal Regional Eleitoral de Santa Catarina, no uso das atribuições que lhe são conferidas pelo art. 22, inciso XXIV, do Regimento Interno deste Tribunal (Resolução TRESC n. 7.847, de 12.12.2011), considerando a decisão proferida nos autos do Processo Administrativo Eletrônico SGP n. 51.286/2017; considerando o disposto no art. 37 da Lei n.º 8.112, de 11 de dezembro de 1990, e no art. 3º da Resolução TSE n.º 23.430, de 12 de agosto de 2014, resolve:</p><p>Art. 1o REDISTRIBUIR o cargo de Técnico Judiciário, Área Administrativa, criado pela Lei nº 10.842/2004, do quadro de pessoal do Tribunal Regional Eleitoral de Santa Catarina, ocupado pela servidora WALANA DE AZEVEDO SOUZA, em reciprocidade com o cargo de mesma denominação, ocupado pelo servidor SÉRGIO MENDES DE OLIVEIRA, do quadro de pessoal do Tribunal Regional Eleitoral do Paraná.</p><p>Art. 2o Conceder ao servidor SÉRGIO MENDES DE OLIVEIRA o período de 15 (quinze) dias de trânsito, nos termos do art. 14, da Resolução TSE n. 23.430/2014.</p><p>Art. 3o Esta Portaria entra em vigor na data de sua publicação no Diário Oficial da União (DOU).</p>]]></Texto>
    <Autores>
      <assina>Des. ANTONIO DO RÊGO MONTEIRO ROCHA</assina>
    </Autores>
  </body>
</article></xml>