﻿<xml><article id="1352295" name="A 156 e 157 Dispensar AURÉLIO MO" idOficio="4649532" pubName="DO2" artType="Portaria" pubDate="01/02/2018" artClass="00017:00001:00000:00000:00000:00000:00000:00000:00000:00000:00025:00001" artSection="Ministério da Saúde" artCategory="Gabinete do Ministro" artSize="8" artNotes="liberadas saj" numberPage="61" pdfPage="http://pesquisa.in.gov.br/imprensa/jsp/visualiza/index.jsp?data=01/02/2018&amp;jornal=529&amp;pagina=61" editionNumber="23">
  <body>
    <Identifica><![CDATA[PORTARIAS de 19 DE JANEIRO DE 2018]]></Identifica>
    <Data><![CDATA[]]></Data>
    <Ementa />
    <Titulo />
    <SubTitulo />
    <Texto><![CDATA[<p> O CHEFE DE GABINETE DO MINISTRO DE ESTADO DA SAÚDE, no uso da competência que lhe foi delegada pela Portaria nº 761/GM/MS, de 13 de abril de 2011, resolve:</p><p>Nº 156 - Dispensar AURÉLIO MOURA CAVALCANTI DE ALBUQUERQUE da Função Comissionada Técnica de Auxiliar de Serviços em Saúde II, código FCT-12, nº 05F.0401, do Núcleo Estadual de Pernambuco, da Secretaria-Executiva.</p><p>Nº 157 - Designar DANIELLA ALMEIDA DE SOUZA, para exercer a Função Comissionada Técnica de Auxiliar de Serviços em Saúde II, código FCT-12, nº 05F.0401, do Núcleo Estadual de Pernambuco, da Secretaria-Executiva.</p>]]></Texto>
    <Autores>
      <assina>PAULO ROBERTO REBELLO FILHO</assina>
    </Autores>
  </body>
</article></xml>