﻿<xml><article id="1347776" name="DOU TRF2-ATP-2018-00007" idOficio="4651739" pubName="DO2" artType="Ato" pubDate="01/02/2018" artClass="00037:00008:00001:00000:00000:00000:00000:00000:00000:00000:00001:00001" artSection="Presidência" artCategory="Presidência" artSize="8" artNotes="" numberPage="117" pdfPage="http://pesquisa.in.gov.br/imprensa/jsp/visualiza/index.jsp?data=01/02/2018&amp;jornal=529&amp;pagina=117" editionNumber="23">
  <body>
    <Identifica><![CDATA[ATO Nº 7, de 15 de janeiro de 2018]]></Identifica>
    <Data><![CDATA[]]></Data>
    <Ementa />
    <Titulo />
    <SubTitulo />
    <Texto><![CDATA[<p> O PRESIDENTE DO TRIBUNAL REGIONAL FEDERAL DA 2ª REGIÃO, no uso de suas atribuições, e considerando o que consta no Ofício nº TRF2-OFI-2017/24869, resolve:</p><p>I - EXONERAR a servidora GLÓRIA DA SILVA RODRIGUES COELHO, Analista Judiciária, Área Administrativa, Nível Superior, Classe "C", Padrão 13, do Quadro de Pessoal da Justiça Federal de Primeiro Grau - Seção Judiciária do Rio de Janeiro, ora à disposição deste Tribunal, do cargo em comissão de Assessora de Gestão de Metas, CJ-1, do Gabinete do Desembargador José Antonio Lisbôa Neiva.</p><p>II - NOMEAR a servidora CARLA GARCIA MARTINS, Técnica Judiciária/Digitação, Área de Apoio Especializado, Nivel Intermediário, Classe "C", Padrão 13, do Quadro de Pessoal do Tribunal Regional Federal da 2ª Região, para exercer o cargo em comissão de Assessora de Gestão de Metas, CJ-1, do referido Gabinete, em vaga decorrente da exoneração de Glória da Silva Rodrigues Coelho.</p>]]></Texto>
    <Autores>
      <assina>ANDRÉ FONTES</assina>
    </Autores>
  </body>
</article></xml>