﻿<xml><article id="1348562" name="PortariaSEIAposentadoriaFevereir" idOficio="4657081" pubName="DO2" artType="Portaria" pubDate="01/02/2018" artClass="00011:00140:00001:00026:00000:00000:00000:00000:00000:00000:00025:00001" artSection="Pró-Reitoria de Gestão de Pessoas" artCategory="Pró-Reitoria de Gestão de Pessoas" artSize="8" artNotes="" numberPage="42-49" pdfPage="http://pesquisa.in.gov.br/imprensa/jsp/visualiza/index.jsp?data=01/02/2018&amp;jornal=529&amp;pagina=42,http://pesquisa.in.gov.br/imprensa/jsp/visualiza/index.jsp?data=01/02/2018&amp;jornal=529&amp;pagina=49" editionNumber="23">
  <body>
    <Identifica><![CDATA[Portarias de 24 de Janeiro de 2018]]></Identifica>
    <Data><![CDATA[]]></Data>
    <Ementa />
    <Titulo />
    <SubTitulo />
    <Texto><![CDATA[<p> O Pró-Reitor de Gestão de Pessoas em exercício da Universidade Federal de Uberlândia, no uso da competência que lhe foi delegada pela Portaria R/UFU/Nº 209, de 13 de janeiro de 2017, publicada no Diário Oficial da União em 19 de janeiro de 2017, resolve:</p><p>Nº 145 -  Art. 1º - Conceder a Aparecido Cândido de Oliveira, matrícula SIAPE nº 0412644, código de vaga nº 322416, ocupante do cargo de Servente de Obras, Nível de Classificação A, Nível de Capacitação 4, Padrão de Vencimento 16, do Quadro Permanente desta Universidade, aposentadoria voluntária com proventos integrais, conforme o art. 3º da Emenda Constitucional 47/2005. (processo nº 23117.003199/2018-53)</p><p>Nº 146 - Art. 1º - Conceder a Zilda Maria de Oliveira, matrícula SIAPE nº 0412571, código de vaga nº 322345, ocupante do cargo de Servente de Limpeza, Nível de Classificação A, Nível de Capacitação 4, Padrão de Vencimento 16, do Quadro Permanente desta Universidade, aposentadoria voluntária com proventos integrais, conforme o art. 3º da Emenda Constitucional 47/2005. (processo nº 23117.001908/2018-66)</p><p>Nº 147 - Art. 1º - Conceder a Maria de Lourdes Cardoso, matrícula SIAPE nº 0409885, código de vaga nº 319845, ocupante do cargo de Técnico de Enfermagem, Nível de Classificação D, Nível de Capacitação 4, Padrão de Vencimento 16, do Quadro Permanente desta Universidade, aposentadoria voluntária com proventos integrais, conforme o art. 3º da Emenda Constitucional 47/2005. (processo nº 23117.001737/2018-75)</p><p>Nº 148 - Art. 1º - Conceder a Helena Kumiko Endo Faleiros, matrícula SIAPE nº 0410444, código de vaga nº 320381, ocupante do cargo de Técnico em Secretariado, Nível de Classificação D, Nível de Capacitação 4, Padrão de Vencimento 16, do Quadro Permanente desta Universidade, aposentadoria voluntária com proventos integrais, conforme o art. 3º da Emenda Constitucional 47/2005. (processo nº 23117.001446/2018-87)</p><p>Nº 151 - Art. 1º - Conceder a Marli Aparecida Auxiliadora, matrícula SIAPE nº 0413428, código de vaga nº 323170, ocupante do cargo de Servente de Limpeza, Nível de Classificação A, Nível de Capacitação 4, Padrão de Vencimento 14, do Quadro Permanente desta Universidade, aposentadoria voluntária com proventos integrais, conforme o art. 3º da Emenda Constitucional 47/2005 e computado para fins de aposentadoria o saldo de 30 dias de Licença Prêmio. (processo nº 23117.001419/2018-12)</p><p>Nº 153 - Art. 1º - Conceder a Domingos Rezende Maia, matrícula SIAPE nº 0409831, código de vaga nº 319792, ocupante do cargo de Assistente em Administração, Nível de Classificação D, Nível de Capacitação 4, Padrão de Vencimento 16, do Quadro Permanente desta Universidade, aposentadoria voluntária com proventos integrais, conforme o art. 3º da Emenda Constitucional 47/2005 e computado para fins de aposentadoria o saldo de 270 dias de Licença Prêmio. (processo nº 23117.001415/2018-26)</p><p>Nº 154 - Art. 1º - Conceder a Ana Maria de Castro, matrícula SIAPE nº 0411386, código de vaga nº 321266, ocupante do cargo de Assistente em Administração, Nível de Classificação D, Nível de Capacitação 4, Padrão de Vencimento 16, do Quadro Permanente desta Universidade, aposentadoria voluntária com proventos integrais, conforme o art. 3º da Emenda Constitucional 47/2005. (processo nº 23117.001136/2018-62)</p><p>Nº 155 - Art. 1º - Conceder a Odete Dan Ribeiro, matrícula SIAPE Nº 1648849, código de vaga nº 319448, ocupante do cargo de Assistente Social, Nível de Classificação E, Nível de Capacitação 4, Padrão de Vencimento 07, do Quadro Permanente desta Universidade, aposentadoria voluntária conforme o art. 40, § 1º, inciso III, alínea "A" da Constituição Federal/88, com redação dada pela EC nº 41/2003, com proventos calculados com base no art. 1º da Lei Nº 10.887/04. (processo nº 23117.000866/2018-46)</p><p>Nº 159 - Art. 1º - Conceder a Maria Aparecida Martins Rodrigues, matrícula SIAPE nº 0412944, código de vaga nº 322704, ocupante do cargo de Professor Associado 02 - Doutorado - Dedicação Exclusiva, do Quadro Permanente desta Universidade, aposentadoria voluntária com proventos integrais, conforme o art. 3º da Emenda Constitucional 47/2005, vantagem do art. 62-A, alterado pela Lei 9.527/97 e computado para fins de aposentadoria o saldo de 90 dias de Licença Prêmio. (processo nº 23117.000762/2018-31)</p><p>Nº 160 - Art. 1º - Conceder a Maria das Graças Monte, matrícula SIAPE Nº 1035011, código de vaga nº 323444, ocupante do cargo de Professor Ensino Básico Tecn. Tecnológico - D - 403 - Doutorado - Dedicação Exclusiva, do Quadro Permanente desta Universidade, aposentadoria voluntária com proventos integrais, conforme o art. 3º da Emenda Constitucional 47/2005. (processo nº 23117.000702/2018-19)</p><p>Nº 161 - Art. 1º - Conceder a Marisa de Oliveira Santos, matrícula SIAPE nº 0412394, código de vaga nº 322173, ocupante do cargo de Servente de Limpeza, Nível de Classificação A, Nível de Capacitação 4, Padrão de Vencimento 16, do Quadro Permanente desta Universidade, aposentadoria voluntária com proventos integrais, conforme o art. 3º da Emenda Constitucional 47/2005 e computado para fins de aposentadoria o saldo de 60 dias de Licença Prêmio. (processo nº 23117.000551/2018-07)</p><p>Nº 162 - Art. 1º - Conceder a João Batista Siqueira Prado, matrícula SIAPE Nº 1099088, código de vaga nº 348603, ocupante do cargo de Auxiliar de Mecânica, Nível de Classificação B, Nível de Capacitação 4, Padrão de Vencimento 14, do Quadro Permanente desta Universidade, aposentadoria voluntária com proventos integrais, conforme o art. 6º, incisos I, II, III e IV  da Emenda Constitucional 41/2003. (processo nº 23117.000504/2018-55)</p><p>Nº 163 - Art. 1º - Conceder a Leonice dos Reis Silva, matrícula SIAPE nº 0413049, código de vaga nº 322804, ocupante do cargo de Servente de Limpeza, Nível de Classificação A, Nível de Capacitação 4, Padrão de Vencimento 16, do Quadro Permanente desta Universidade, aposentadoria voluntária com proventos integrais, conforme o art. 3º da Emenda Constitucional 47/2005. (processo nº 23117.000500/2018-77)</p><p>Nº 164 - Art. 1º - Conceder a José Francisco Ribeiro, matrícula SIAPE nº 0413876, código de vaga nº 323403, ocupante do cargo de Professor Associado 04 - Doutorado - Dedicação Exclusiva, do Quadro Permanente desta Universidade, aposentadoria voluntária com proventos integrais, conforme o art. 3º da Emenda Constitucional 47/2005, vantagem do art. 62-A, alterado pela Lei 9.527/97 e computado para fins de aposentadoria o saldo de 60 dias de Licença Prêmio. (processo nº 23117.000393/2018-87)</p><p>Nº 165 - Art. 1º - Conceder a Scheila Pedrosa Franco Barbosa, matrícula SIAPE nº 0412423, código de vaga nº 322201, ocupante do cargo de Técnico de Laboratório-Área, Nível de Classificação D, Nível de Capacitação 4, Padrão de Vencimento 16, do Quadro Permanente desta Universidade, aposentadoria voluntária com proventos integrais, conforme o art. 3º da Emenda Constitucional 47/2005. (processo nº 23117.000313/2018-93)</p><p>Nº 166 - Art. 1º - Conceder a Maria Lúcia Bento, matrícula SIAPE nº 0413095, código de vaga nº 322848, ocupante do cargo de Professor Titular - Doutorado - Dedicação Exclusiva, do Quadro Permanente desta Universidade, aposentadoria voluntária com proventos integrais, conforme o art. 3º da Emenda Constitucional 47/2005 e computado para fins de aposentadoria o saldo de 180 dias de Licença Prêmio. (processo nº 23117.000271/2018-91)</p><p>Nº 167 - Art. 1º - Conceder a Orosimbo Andrade de Almeida Rego, matrícula SIAPE nº 0411792, código de vaga nº 321613, ocupante do cargo de Professor Titular - Doutorado - Dedicação Exclusiva, do Quadro Permanente desta Universidade, aposentadoria voluntária com proventos integrais, conforme o art. 3º da Emenda Constitucional 47/2005 e vantagem do art. 62-A, alterado pela Lei 9.527/97, vantagem do art. 62-A alterado pela Lei 9.527/97 e computado para fins de aposentadoria o saldo de 360 dias de Licença Prêmio. (processo nº 23117.000015/2018-01)</p><p>Nº 168 - Art. 1º - Conceder a Marlene Marins de Camargos Borges, matrícula SIAPE nº 0412640, código de vaga nº 322412, ocupante do cargo de Economista, Nível de Classificação E, Nível de Capacitação 4, Padrão de Vencimento 16, do Quadro Permanente desta Universidade, aposentadoria voluntária com proventos integrais, conforme o art. 3º da Emenda Constitucional 47/2005 e vantagem do art. 62-A, alterado pela Lei 9.527/97. (processo nº 23117.033622/2017-69)</p><p>Nº 169 - Art. 1º - Conceder a Robson Ribeiro Soares, matrícula SIAPE nº 0410837, código de vaga nº 320765, ocupante do cargo de Auxiliar em Administração, Nível de Classificação C, Nível de Capacitação 4, Padrão de Vencimento 16, do Quadro Permanente desta Universidade, aposentadoria voluntária com proventos integrais, conforme o art. 3º da Emenda Constitucional 47/2005, vantagem do art. 62-A, alterado pela Lei 9.527/97 e computado para fins de aposentadoria o saldo de 30 dias de Licença Prêmio. (processo nº 23117.000257/2018-97)</p><p>Nº 170 - Art. 1º - Conceder a Viviane Moreira Ferreira, matrícula SIAPE nº 0413332, código de vaga nº 323079, ocupante do cargo de Professor Adjunto 04 - Mestrado - Dedicação Exclusiva, do Quadro Permanente desta Universidade, aposentadoria voluntária com proventos integrais, conforme o art. 3º da Emenda Constitucional 47/2005 e computado para fins de aposentadoria o saldo de 90 dias de Licença Prêmio. (processo nº 23117.000184/2018-33)</p><p>Nº 171 - Art. 1º - Conceder a Fabiana Borges Marino, matrícula SIAPE Nº 1123851, código de vaga nº 709412, ocupante do cargo de Auxiliar em Administração, Nível de Classificação C, Nível de Capacitação 4, Padrão de Vencimento 15, do Quadro Permanente desta Universidade, aposentadoria voluntária com proventos integrais, conforme o art. 3º da Emenda Constitucional 47/2005. (processo nº 23117.000113/2018-31)</p><p>Nº 172 - Art. 1º - Conceder a Joana Darc Alves de Castro, matrícula SIAPE nº 0409904, código de vaga nº 319864, ocupante do cargo de Auxiliar de Enfermagem, Nível de Classificação C, Nível de Capacitação 4, Padrão de Vencimento 16, do Quadro Permanente desta Universidade, aposentadoria voluntária com proventos integrais, conforme o art. 3º da Emenda Constitucional 47/2005 e computado para fins de aposentadoria o saldo de 180 dias de Licença Prêmio. (processo nº 23117.000071/2018-38)</p><p>Nº 173 - Art. 1º - Conceder a João Alcides Ferraz de Carvalho, matrícula SIAPE nº 0410981, código de vaga nº 320904, ocupante do cargo de Assistente em Administração, Nível de Classificação D, Nível de Capacitação 4, Padrão de Vencimento 16, do Quadro Permanente desta Universidade, aposentadoria voluntária com proventos integrais, conforme o art. 3º da Emenda Constitucional 47/2005. (processo nº 23117.000027/2018-28)</p><p>Nº 174 - Art. 1º - Conceder a Benice Naves Resende, matrícula SIAPE nº 0413632, código de vaga nº 323354, ocupante do cargo de Professor Associado 04 - Dedicação Exclusiva - Doutorado, do Quadro Permanente desta Universidade, aposentadoria voluntária com proventos integrais, conforme o art. 3º da Emenda Constitucional 47/2005. (processo nº 23117.004740/2018-41)</p><p>Art. 2º - Esta portaria entra em vigor na data de sua publicação, revogadas as disposições em contrário.</p><p>Nº 175 -  Art. 1º - Conceder pensão vitalícia a Ana Maria da Silva Rodrigues, com fundamento nos artigos 215 e 217, inciso I, combinado com artigo 222, inciso VII, alínea "b", item 6 da Lei 8.112/90, com alteração dada pela Lei  Nº 13.135/2015, viúva de Paulo Henrique Rodrigues dos Santos, falecido em 04 de janeiro de 2018 ativo no cargo de Técnico em Eletrotécnica - D - 216. (processo nº 23117.001912/2018-24)</p><p>Art. 2º - Determinar que o pagamento da referida pensão retroaja a 04 de janeiro de 2018.</p><p>Art. 3º - Esta portaria entra em vigor na data de 04 de janeiro de 2018, revogando-se as disposições em contrário.</p><p>Nº 176 - Art. 1º - Conceder pensão vitalícia a Delminda Luiza Vilela Parreira Tannús, com fundamento nos artigos 215 e 217, inciso I, combinado com artigo 222, inciso VII, alínea "b", item 6 da Lei 8.112/90, com alteração dada pela Lei  Nº 13.135/2015, viúva de Amilson Guimarães Tannús, falecido em 25 de dezembro de 2017 aposentado no cargo de Professor Titular - Especialização - 40 horas. (processo nº 23117.002124/2018-55)</p><p>Art. 2º - Determinar que o pagamento da referida pensão retroaja a 25 de dezembro de 2017.</p><p>Art. 3º - Esta portaria entra em vigor na data de 25 de dezembro de 2017, revogando-se as disposições em contrário.</p><p>Nº 177 - Art. 1º - Conceder pensão vitalícia a Iolanda Machado Nascimento, com fundamento nos artigos 217, inciso III e 222, inciso VII, alínea "b", item 6 da Lei 8.112/90, com alteração dada pela Lei  Nº 13.135/2015, companheira de Luiz Felix Marques, falecido em 11 de janeiro de 2018 ativo no cargo Assistente em Administração - D - 416. (processo nº 23117.003070/2018-45)</p><p>Art. 2º - Determinar que o pagamento da referida pensão retroaja a 11 de janeiro de 2018.</p><p>Art. 3º - Esta portaria entra em vigor na data de 11 de janeiro de 2018, revogando-se as disposições em contrário.</p><p>Nº 178 - Art. 1º - Conceder pensão vitalícia a Lucilene Aparecida Rodrigues de Oliveira, com fundamento no artigo 3º EC 47/05, artigos 215 e 217, inciso I e art. 222 inciso VII alínea "b" item 6 da Lei 8.112/90, com alteração dada pela Lei  Nº 13.135 de 2015, viúva de Reis Eurípedes de Oliveira, falecido em 04 de janeiro de 2018 aposentado no cargo de Técnico de Laboratório-Área - D - 116. (processo nº 23117.002095/2018-21)</p><p>Art. 2º - Determinar que o pagamento da referida pensão retroaja a 04 de janeiro de 2018.</p><p>Art. 3º - Esta portaria entra em vigor na data de 04 de janeiro de 2018, revogando-se as disposições em contrário.</p><p>Nº 180 - Art. 1º - Alterar a Portaria nº 2303 de 27/11/2012, publicada no Diário Oficial da União de 06 de dezembro de 2012, seção 2, página 44, de Franciele do Vale Florêncio. Onde se-lê: Conceder Aposentadoria por invalidez proporcional a Franciele do Vale Florêncio, matricula SIAPE Nº 1434792, com fundamento no artigo 40, inciso § 1º, CF 88, inciso I e § 18, c/c Art. 6-A da EC nº 41/03, incluído pela EC nº 70/2012, sendo os efeitos financeiros retroativos a 30/03/2012. Leia-se: Conceder Aposentadoria por invalidez integral a Franciele do Vale Florêncio, matricula SIAPE Nº 1434792, ocupante do cargo de Técnico de Enfermagem - Nível Intermediário, Classe D, Padrão 105, do Quadro Permanente desta Universidade, com fundamento no artigo 40, § 1º, inciso I da Constituição Federal, com redação dada pela Emenda Constitucional nº 41/03, combinado com o art. 6-A da EC 41/03, incluído pela EC 70/2012.(processo nº 23117.0000475/2011-554)</p><p>Art. 2º - Em cumprimento à decisão judicial prolatada no processo judicial nº 4623-96.2011.4.01.3803</p><p>Art. 3º - Esta portaria entra em vigor na data de 01//07/2013, revogadas as disposições em contrário.</p><p>Portaria de 25 de Janeiro de 2018</p><p>Nº 183 - Art. 1º - Conceder a Malaquias José de Souza, matrícula SIAPE nº 0412403, código de vaga nº 322182, ocupante do cargo de Técnico em Agropecuária, Nível de Classificação D, Nível de Capacitação 4, Padrão de Vencimento 16, do Quadro Permanente desta Universidade, aposentadoria voluntária com proventos integrais, conforme o art. 3º da Emenda Constitucional 47/2005. (processo nº 23117.000095/2018-97)</p><p>Art. 2º - Esta portaria entra em vigor na data de sua publicação, revogadas as disposições em contrário.</p><p> O Pró-Reitor de Gestão de Pessoas em exercício da Universidade Federal de Uberlândia, no uso da competência que lhe foi delegada pela Portaria R/UFU/Nº 209, de 13 de janeiro de 2017, publicada no Diário Oficial da União em 19 de janeiro de 2017, resolve:</p><p>Nº 187 - Art. 1º - Conceder pensão vitalícia a Denise Veloso da Silva Martineli, com fundamento nos artigos 215 e 217, inciso I, combinado com artigo 222, inciso VII, alínea "b", item 6 da Lei 8.112/90, com alteração dada pela Lei  Nº 13.135/2015, viúva de Sérgio Martineli, falecido em 19 de janeiro de 2018 aposentado no cargo de Médico-Área - E - 112. (processo nº 23117.005102/2018-47)</p><p>Art. 2º - Determinar que o pagamento da referida pensão retroaja a 19 de janeiro de 2018.</p><p>Art. 3º - Esta portaria entra em vigor na data de 19 de janeiro de 2018, revogando-se as disposições em contrário</p><p>Nº 188 - Art. 1º - Conceder pensão temporária a Fernanda Patricia Palhares da Silva, com fundamento no artigo 3º EC 47/05, artigos 215 e 217, inciso IV, alínea "b" e art. 222 inciso IV da  Lei 8.112/90, com alteração dada pela Lei  Nº 13.135 de 2015, filha de Miguel Arcanjo da Silva, falecido em 30 de outubro de 2016 aposentado no cargo de Motorista - C - 316. (processo nº 23117.004562/2018-58)</p><p>Art. 2º - Determinar que o pagamento da referida pensão retroaja a 30 de outubro de 2016.</p><p>Art. 3º - Esta portaria entra em vigor na data de 30 de outubro de 2016, revogando-se as disposições em contrário.</p>]]></Texto>
    <Autores>
      <assina>Renan Billa</assina>
      <assina>Renan Billa</assina>
    </Autores>
  </body>
</article></xml>