﻿<xml><article id="1348616" name="Portaria nº 215 - Nomear RODRIGO" idOficio="4657903" pubName="DO2" artType="Portaria" pubDate="01/02/2018" artClass="00011:00079:00001:00001:00000:00000:00000:00000:00000:00000:00025:00016" artSection="Chefia de Gabinete" artCategory="Chefia de Gabinete" artSize="8" artNotes="" numberPage="31" pdfPage="http://pesquisa.in.gov.br/imprensa/jsp/visualiza/index.jsp?data=01/02/2018&amp;jornal=529&amp;pagina=31" editionNumber="23">
  <body>
    <Identifica><![CDATA[PORTARIA Nº 215, DE 25 DE JANEIRO DE 2018]]></Identifica>
    <Data><![CDATA[]]></Data>
    <Ementa />
    <Titulo />
    <SubTitulo />
    <Texto><![CDATA[<p> A REITORA SUBSTITUTA DO INSTITUTO FEDERAL DE EDUCAÇÃO, CIÊNCIA E TECNOLOGIA DE RONDÔNIA, no uso de suas atribuições legais e considerando o Despacho nº 25/2018/REIT - PRODIN/REIT, de 25/01/2018, resolve:</p><p>Art. 1º NOMEAR o Professor de Ensino Básico, Técnico e Tecnológico, RODRIGO ALÉCIO STIZ, MAT SIAPE 2007140, para exercer o cargo comissionado de Diretor de Ensino, do Campus Vilhena, a partir de 01/02/2018, código CD-4.</p><p>Art. 2º Esta Portaria entra em vigor na data de sua publicação.</p>]]></Texto>
    <Autores>
      <assina>Maria Fabiola Moraes da Assumpção Santos</assina>
    </Autores>
  </body>
</article></xml>