﻿<xml><article id="1348193" name="INALDA BRUNA JARDIM. PUB" idOficio="4653862" pubName="DO2" artType="Portaria" pubDate="01/02/2018" artClass="00011:00131:00001:00000:00000:00000:00000:00000:00000:00000:00025:00002" artSection="Reitoria" artCategory="Reitoria" artSize="8" artNotes="" numberPage="43" pdfPage="http://pesquisa.in.gov.br/imprensa/jsp/visualiza/index.jsp?data=01/02/2018&amp;jornal=529&amp;pagina=43" editionNumber="23">
  <body>
    <Identifica><![CDATA[PORTARIA Nº 156, DE 16 DE JANEIRO DE 2018]]></Identifica>
    <Data><![CDATA[]]></Data>
    <Ementa />
    <Titulo />
    <SubTitulo />
    <Texto><![CDATA[<p> </p><p> A Vice-Reitora da Universidade Federal Rural da Amazônia, no uso de suas atribuições conferidas pela portaria nº 2308 de 09/08/2017, publicada no DOU nº 153, de 10/08/2017, página 31, seção 2, e tendo em vista o que consta no processo n° 23084.017482/2017-14 de 01/09/2017, resolve:</p><p>Art. 1º: Conceder Pensão a Sra. INALDA BRUNA JARDIM, de acordo com os artigos 215; inciso I, do art. 217, da Lei 8.112/90, c/c da Lei 13.135/15 e § único, inciso I, art. 2º da Lei 10.887/2004, cônjuge do de cujus, Sr. Fernando Cristovam da Silva Jardim, matrícula SIAPE nº. 6663211, Professor do Magistério Superior.</p><p>Art. 2º: Esta Portaria entra em vigor a partir 31/12/2017.</p><p> </p><p> </p>]]></Texto>
    <Autores>
      <assina>Janae Gonçalves</assina>
    </Autores>
  </body>
</article></xml>