﻿<xml><article id="1348268" name="Port 222 Aposen Volunt. Jorge Al" idOficio="4655909" pubName="DO2" artType="Portaria" pubDate="01/02/2018" artClass="00017:00021:00037:00000:00000:00000:00000:00000:00000:00000:00025:00005" artSection="Superintendência Estadual no Rio de Janeiro" artCategory="Superintendência Estadual no Rio de Janeiro" artSize="8" artNotes="" numberPage="73" pdfPage="http://pesquisa.in.gov.br/imprensa/jsp/visualiza/index.jsp?data=01/02/2018&amp;jornal=529&amp;pagina=73" editionNumber="23">
  <body>
    <Identifica><![CDATA[PORTARIA Nº 222, DE 22 DE JANEIRO DE 2018]]></Identifica>
    <Data><![CDATA[]]></Data>
    <Ementa />
    <Titulo />
    <SubTitulo />
    <Texto><![CDATA[<p> O SUPERINTENDENTE ESTADUAL SUBSTITUTO DA FUNDAÇÃO NACIONAL DE SAÚDE NO ESTADO DO RIO DE JANEIRO, nomeado pela Portaria nº. 484 de 29 de março de 2017, publicada no DOU nº. 62,  de 30 de março de 2017, no uso de suas atribuições conforme o  Decreto nº. 8.867, de 03/10/2016, publicado no DOU do dia subsequente, resolve:</p><p> Art. 1º Conceder Aposentadoria Voluntária a (o) servidor (a) JORGE ALVES COELHO, Matrícula SIAPE nº. 473042, ocupante do cargo de Auxiliar de Administração, Classe "S", Padrão III, do Quadro de Pessoal da Fundação Nacional de Saúde, com proventos integrais, com fundamento no Artigo 3º, incisos I, II e III da Emenda Constitucional nº. 47/2005, compreendendo o Vencimento Básico do cargo efetivo, o Adicional por Tempo de Serviço, a Gratificação de Desempenho da Carreira da Previdência, da Saúde e do Trabalho - GDPST e as vantagens do artigo 62-A da Lei 8.112/1990. Processo nº. 25245.007.504/2017-65.</p><p>Art. 2º Declarar vago o cargo referido no artigo 1º.</p><p>Art. 3º Esta Portaria entra em vigor na data de sua publicação.</p>]]></Texto>
    <Autores>
      <assina>TONY JORGE KÜHN</assina>
    </Autores>
  </body>
</article></xml>