﻿<xml><article id="1523643" name="ATO_5479310" idOficio="4656303" pubName="DO2" artType="Ato" pubDate="14/02/2018" artClass="00037:00007:00001:00000:00000:00000:00000:00000:00000:00000:00001:00003" artSection="Presidência" artCategory="Presidência" artSize="8" artNotes="" numberPage="52" pdfPage="http://pesquisa.in.gov.br/imprensa/jsp/visualiza/index.jsp?data=14/02/2018&amp;jornal=529&amp;pagina=52" editionNumber="30" highlight="">
  <body>
    <Identifica><![CDATA[ATO Nº 5479310, DE 25 DE JANEIRO DE 2018]]></Identifica>
    <Data><![CDATA[]]></Data>
    <Ementa />
    <Titulo />
    <SubTitulo />
    <Texto><![CDATA[<p> O PRESIDENTE DO TRIBUNAL REGIONAL FEDERAL DA 1ª REGIÃO, no uso de suas atribuições legais e regimentais e tendo em vista o constante nos autos do PAe 0008449-15.2017.4.01.8009, resolve:</p><p>NOMEAR o servidor DANIEL YAMAMOTO LUCAS, Analista Judiciário, Área Judiciária, do Quadro de Pessoal da Justiça Federal de Primeiro Grau, Seção Judiciária do Estado de Goiás, Subseção Judiciária de Itumbiara, à disposição da Subseção Judiciária de Bom Jesus da Lapa, para exercer o Cargo em Comissão, Código CJ-3, de Diretor de Secretaria da Vara Única Federal daquela Subseção Judiciária, em decorrência da exoneração de Daniela Daltro de Oliveira.</p>]]></Texto>
    <Autores>
      <assina>Desembargador Federal HILTON QUEIROZ</assina>
    </Autores>
  </body>
</article></xml>