﻿<xml><article id="1348625" name="DIPAP_02" idOficio="4657990" pubName="DO2" artType="Portaria" pubDate="01/02/2018" artClass="00011:00109:00001:00043:00000:00000:00000:00000:00000:00000:00025:00001" artSection="Superintendência de Recursos Humanos" artCategory="Superintendência de Recursos Humanos" artSize="8" artNotes="" numberPage="35" pdfPage="http://pesquisa.in.gov.br/imprensa/jsp/visualiza/index.jsp?data=01/02/2018&amp;jornal=529&amp;pagina=35" editionNumber="23">
  <body>
    <Identifica><![CDATA[PORTARIA Nº 318, DE 29 DE JANEIRO DE 2018]]></Identifica>
    <Data><![CDATA[]]></Data>
    <Ementa />
    <Titulo />
    <SubTitulo />
    <Texto><![CDATA[<p> A Pró-Reitora de Gestão de Pessoas da Universidade Federal do Ceará, no uso de suas atribuições legais, conferidas por meio da Portaria nº. 1831, de 12 de maio de 2017, do Magnífico Reitor, e tendo em vista o que consta do Processo nº. 23067.004886/2017-48, resolve:</p><p>Conceder aposentadoria voluntária por tempo de serviço, com paridade, nos termos do art. 40, da Constituição Federal de 1988, combinado com o art. 3º, da Emenda Constitucional nº 47, de 05.07.2005, publicada no DOU de 06.07.2005, a HILDA DE ALMEIDA CAFÉ, matrícula SIAPE - 0292859, SIAPECAD - 0375597, CPF - 122.080.943-87, ocupante do cargo efetivo de Assistente em Administração, Nível de Classificação "D", Classe de Capacitação 4, Padrão de Vencimento 16, do quadro desta Universidade, em regime de 40 horas semanais, com proventos integrais, assegurado o percentual de 11% (onze por cento) de gratificação adicional por tempo de serviço e o Incentivo à Qualificação, amparado pela Lei N° 12.772/2012, de 28.12.2012, no percentual de 25% (vinte e cinco por cento).</p>]]></Texto>
    <Autores>
      <assina>Marilene Feitosa Soares</assina>
    </Autores>
  </body>
</article></xml>