﻿<xml><article id="1441834" name="Portaria Elma Lima Cachoeira par" idOficio="4655376" pubName="DO2" artType="Portaria" pubDate="07/02/2018" artClass="00037:00031:00000:00000:00000:00000:00000:00000:00000:00000:00025:00001" artSection="Poder Judiciário" artCategory="Tribunal Regional Eleitoral do Rio Grande do Sul" artSize="8" artNotes="" numberPage="62" pdfPage="http://pesquisa.in.gov.br/imprensa/jsp/visualiza/index.jsp?data=07/02/2018&amp;jornal=529&amp;pagina=62" editionNumber="27" highlight="">
  <body>
    <Identifica><![CDATA[PORTARIA Nº 19, DE 23 DE JANEIRO DE 2018]]></Identifica>
    <Data><![CDATA[]]></Data>
    <Ementa />
    <Titulo />
    <SubTitulo />
    <Texto><![CDATA[<p> O DESEMBARGADOR Carlos Cini Marchionatti, Presidente do Tribunal Regional Eleitoral do Rio Grande do Sul, no uso de suas atribuições legais e com fundamento no artigo 16, inciso VIII, do Regimento Interno do Tribunal, resolve:</p><p>APOSENTAR a servidora ELMA LIMA CACHOEIRA, voluntariamente e com proventos integrais, no cargo de Técnico Judiciário, Área de Atividade Administrativa, Classe C, Padrão 13, do Quadro de Pessoal deste Tribunal, com fundamento no art. 3º da Emenda Constitucional n. 47, de 5 de julho de 2005, combinado com o art. 40, §1º, III, alínea "a", da Constituição da República de 1988, com redação dada pela Emenda Constitucional n. 20, de 15 de dezembro de 1998, e art. 7º da Emenda Constitucional n. 41, de 19 de dezembro de 2003 e DECLARAR VAGO o referido cargo com base no art. 33, inciso VII, da Lei n. 8.112/1990.</p>]]></Texto>
    <Autores>
      <assina>Des. CARLOS CINI MARCHIONATTI</assina>
    </Autores>
  </body>
</article></xml>