﻿<xml><article id="1388243" name="Port. DFG - 431" idOficio="4656785" pubName="DO2" artType="Portaria" pubDate="05/02/2018" artClass="00011:00119:00001:00017:00000:00000:00000:00000:00000:00000:00025:00001" artSection="Pró-Reitoria de Recursos Humanos" artCategory="Pró-Reitoria de Recursos Humanos" artSize="8" artNotes="" numberPage="25" pdfPage="http://pesquisa.in.gov.br/imprensa/jsp/visualiza/index.jsp?data=05/02/2018&amp;jornal=529&amp;pagina=25" editionNumber="25" highlight="">
  <body>
    <Identifica><![CDATA[PORTARIA Nº 431, DE 22 DE JANEIRO DE 2018]]></Identifica>
    <Data><![CDATA[]]></Data>
    <Ementa />
    <Titulo />
    <SubTitulo />
    <Texto><![CDATA[<p> A Pró-Reitora de Recursos Humanos da Universidade Federal de Minas Gerais, no uso de atribuição que lhe confere a  Portaria de Delegação de Competências nº 095, de 14/05/2014, do Magnífico Reitor, resolve:</p><p>Designar o servidor VASCO ARISTON DE CARVALHO AZEVEDO, matrícula SIAPE nº 2141742, inscrição UFMG n° 20806X, CPF nº 283.171.225.49, ocupante do cargo de Professor do Magistério Superior, para exercer a função de Chefe do Departamento de Biologia Geral do Instituto de Ciências Biológicas, código FG-1. com mandato de 02 (dois) anos. </p>]]></Texto>
    <Autores>
      <assina>MARIA JOSÉ CABRAL GRILLO</assina>
    </Autores>
  </body>
</article></xml>