﻿<xml><article id="1348292" name="PORTARIA IN SRFB - Miriam" idOficio="4656270" pubName="DO2" artType="Portaria" pubDate="01/02/2018" artClass="00012:00002:00012:00031:00000:00000:00000:00000:00000:00000:00025:00001" artSection="Superintendência de Administração no Rio Grande do Sul" artCategory="Superintendência de Administração no Rio Grande do Sul" artSize="8" artNotes="" numberPage="52" pdfPage="http://pesquisa.in.gov.br/imprensa/jsp/visualiza/index.jsp?data=01/02/2018&amp;jornal=529&amp;pagina=52" editionNumber="23">
  <body>
    <Identifica><![CDATA[PORTARIA Nº 21, DE 26 DE JANEIRO DE 2018]]></Identifica>
    <Data><![CDATA[]]></Data>
    <Ementa />
    <Titulo />
    <SubTitulo />
    <Texto><![CDATA[<p> O SUPERINTENDENTE DE ADMINISTRAÇÃO DO MINISTÉRIO DA FAZENDA NO ESTADO DO RIO GRANDE DO SUL, no uso das atribuições delegadas pelo Secretário da Receita Federal, através da Portaria SRF/MF nº 1.671, de 16 de junho de 2005, DOU de 20 de junho de 2005, convalidada pela Portaria SRFB/MF nº 4.071, de 30 de abril de 2007, DOU de 02 de maio de 2007, resolve:</p><p>Conceder aposentadoria voluntária à servidora MIRIAM TERESA TELES FARIAS PAIVA, matrículas SIAPECAD nº 91115, SIAPE nº 1335992, ocupante do cargo de Analista Tributário da Receita Federal do Brasil, código 237010, Classe "S", Padrão III, do Quadro de Pessoal do MF/RS, lotada na Delegacia da Receita Federal do Brasil em Pelotas/RS, com fundamento no art. 6º, incisos I, II, III e IV da Emenda Constitucional nº 41/2003. (Processo 17437.720399/2017-78)</p>]]></Texto>
    <Autores>
      <assina>HERNANI MARCHIORETTO DA SILVA</assina>
    </Autores>
  </body>
</article></xml>