﻿<xml><article id="1348664" name="ATO PORTARIA NR 005-2018" idOficio="4658360" pubName="DO2" artType="Portaria" pubDate="01/02/2018" artClass="00007:00003:00061:00000:00000:00000:00000:00000:00000:00000:00025:00001" artSection="Superintendência Federal no Estado do Maranhão" artCategory="Superintendência Federal no Estado do Maranhão" artSize="8" artNotes="" numberPage="4" pdfPage="http://pesquisa.in.gov.br/imprensa/jsp/visualiza/index.jsp?data=01/02/2018&amp;jornal=529&amp;pagina=4" editionNumber="23">
  <body>
    <Identifica><![CDATA[PORTARIA Nº 5, DE 29 DE JANEIRO DE 2018]]></Identifica>
    <Data><![CDATA[]]></Data>
    <Ementa />
    <Titulo />
    <SubTitulo />
    <Texto><![CDATA[<p> O SUPERINTENDENTE FEDERAL DE AGRICULTURA, PECUÁRIA E ABASTECIMENTO NO ESTADO DO MARANHÃO, no uso das atribuições legais que lhe confere o Art. 44, item XVIII do Regimento Interno das Superintendências Federais de Agricultura, aprovado pela Portaria Ministerial nº 428, de 09 de junho de 2010, publicada no D.O.U. de 14.06.2010, resolve:</p><p>Conceder aposentadoria, com proventos integrais, ao servidor MARCOS DINAN COELHO, ocupante do cargo de Agente de Vigilância, classe S, padrão III, matrícula SIAPE nº 1383, do Quadro de Pessoal deste Ministério, com fundamento no artigo 3º, da Emenda Constitucional nº 47/2005 (Processo nº 21022.029740/2017-04).</p>]]></Texto>
    <Autores>
      <assina>ANTONIO JOSÉ DOS SANTOS</assina>
    </Autores>
  </body>
</article></xml>