﻿<xml><article id="1348592" name="2018-01-29; PORTARIA; 01-02-2018" idOficio="4657645" pubName="DO2" artType="Portaria" pubDate="01/02/2018" artClass="00011:00072:00001:00000:00000:00000:00000:00000:00000:00000:00025:00001" artSection="Reitoria" artCategory="Reitoria" artSize="8" artNotes="" numberPage="27" pdfPage="http://pesquisa.in.gov.br/imprensa/jsp/visualiza/index.jsp?data=01/02/2018&amp;jornal=529&amp;pagina=27" editionNumber="23">
  <body>
    <Identifica><![CDATA[PORTARIAS DE 23 DE JANEIRO DE 2018]]></Identifica>
    <Data><![CDATA[]]></Data>
    <Ementa />
    <Titulo />
    <SubTitulo />
    <Texto><![CDATA[<p> A Reitora Substituta do Instituto Federal de Educação, Ciência e Tecnologia da Paraíba, designada pela Portaria nº 1.683-Reitoria de 22-08-2014, no uso de suas atribuições legais e considerando o que consta no Processo nº 23000.000090.2018-71, resolve:</p><p>Nº 141 - I - conceder aposentadoria voluntária, com proventos integrais ao servidor FRANCISCO SALES DE SOUSA, matrícula 48567, no cargo de Vigilante, Nível de Classificação D, Nível de Capacitação III, Padrão de Vencimento 16, do Quadro Permanente de Pessoal deste Instituto, Campus Cajazeiras, com fundamento no artigo 3º da Emenda Constitucional nº 47/2005, acrescidos do adicional por tempo de serviço no percentual de 11% (por cento) e demais vantagens e gratificações adquiridas; </p><p>II - declarar vago o referido cargo.</p><p> A Reitora Substituta do Instituto Federal de Educação, Ciência e Tecnologia da Paraíba, designada pela Portaria nº 1.683-Reitoria, de 22-08-14, no uso de suas atribuições legais e tendo em vista o que consta do Processo no 23324.000034.2018-84, resolve:</p><p>Nº 148 - I - conceder aposentadoria voluntária, com proventos integrais à servidora FRANCISCA VIEIRA LINS DE ARAÚJO, matrícula 750650, no cargo de Assistente em Administração, Nível de Classificação D, Nível de Capacitação IV, Padrão de Vencimento 16, do Quadro Permanente de Pessoal deste Instituto, Campus Cajazeiras, com fundamento no artigo 6º da Emenda Constitucional nº 41/2003, acrescidos do adicional por tempo de serviço, no percentual de 11% (onze por cento) e demais vantagens e gratificações adquiridas;</p><p>II - declarar vago o referido cargo.</p>]]></Texto>
    <Autores>
      <assina>MARY ROBERTA MEIRA MARINHO</assina>
    </Autores>
  </body>
</article></xml>