﻿<xml><article id="1348274" name="ATO TRT GP 38-2018 REDISTRIBUIÇÃ" idOficio="4656101" pubName="DO2" artType="Ato" pubDate="01/02/2018" artClass="00037:00060:00000:00000:00000:00000:00000:00000:00000:00000:00001:00002" artSection="Presidência" artCategory="Presidência" artSize="8" artNotes="" numberPage="141" pdfPage="http://pesquisa.in.gov.br/imprensa/jsp/visualiza/index.jsp?data=01/02/2018&amp;jornal=529&amp;pagina=141" editionNumber="23">
  <body>
    <Identifica><![CDATA[ATO Nº 38, DE 26 DE JANEIRO DE 2018]]></Identifica>
    <Data><![CDATA[]]></Data>
    <Ementa />
    <Titulo />
    <SubTitulo />
    <Texto><![CDATA[<p>  O VICE PRESIDENTE DO TRIBUNAL REGIONAL           DO TRABALHO DA 21ª REGIÃO, no uso de suas atribuições, e tendo em vista o disposto no PROAD Nº 3774/2017, resolve:</p><p>I - REDISTRIBUIR para o Quadro Permanente de Pessoal do Tribunal Regional do Trabalho da 20ª Região, o cargo efetivo da carreira judiciária de ANALISTA JUDICIÁRIO, Área Judiciária, Sem Especialidade, do Quadro Permanente de Pessoal deste Tribunal, ocupado pelo servidor LEONARDO JOSÉ VELOSOS DA SILVA, matrícula TRT nº 308.21.1050, tendo por reciprocidade a redistribuição triangular simultânea dos cargos de idêntica categoria funcional, do Quadro Permanente de Pessoal daquele Tribunal para o Tribunal do trabalho da Primeira Região, ocupado pela servidora PAULA DO CANTO BRAGA ALT, e do  cargo ocupado pela servidora MURIELLE MORAIS RODRIGUES, pertencente ao Quadro Permanente de Pessoal do Eg.TRT Primeira Região, para esta Corte, com fundamento no art. 37 da Lei nº 8.112/90, observando-se a regulamentação contida na Resolução nº 146/2012, do Conselho Nacional de Justiça.</p><p>II - CONCEDER  15 (quinze) dias de trânsito à servidora    Murielle Morais Rodrigues, período este a contar da publicação.</p><p> </p>]]></Texto>
    <Autores>
      <assina>Des. Bento Herculano Duarte Neto</assina>
      <cargo>Em exercício</cargo>
    </Autores>
  </body>
</article></xml>