﻿<xml><article id="1348220" name="ATO PORTARIA Nº 38" idOficio="4655155" pubName="DO2" artType="Portaria" pubDate="01/02/2018" artClass="00037:00049:00001:00000:00000:00000:00000:00000:00000:00000:00025:00001" artSection="Presidência" artCategory="Presidência" artSize="8" artNotes="" numberPage="125" pdfPage="http://pesquisa.in.gov.br/imprensa/jsp/visualiza/index.jsp?data=01/02/2018&amp;jornal=529&amp;pagina=125" editionNumber="23">
  <body>
    <Identifica><![CDATA[PORTARIA Nº 38, DE 25 DE JANEIRO DE 2018]]></Identifica>
    <Data><![CDATA[]]></Data>
    <Ementa />
    <Titulo />
    <SubTitulo />
    <Texto><![CDATA[<p> O DESEMBARGADOR PRESIDENTE DO TRIBUNAL REGIONAL DO TRABALHO DA DÉCIMA REGIÃO, no uso de suas atribuições legais e regimentais, tendo em vista o contido no Processo Administrativo SEI nº 17.0.000010752-2, resolve:</p><p> I - Revogar a Portaria PRE-SRH nº 263/2003, de 12/8/2003, publicada no Diário da Justiça, Seção 3, de 14/8/2003, com efeitos a partir de 1º/2/2018.</p><p> II - Redistribuir, "ad referendum" do Eg. Tribunal Pleno, a partir de 1º/2/2018, para o quadro de pessoal do Tribunal Regional do Trabalho da 12ª Região, ante a concordância manifestada por aquela Corte, o cargo efetivo de Analista Judiciário, Área Judiciária, do Quadro de Pessoal do TRT da 10ª Região, ocupado pelo servidor LUIZ FERNANDO DE ANDRADE BLANCO, com fundamento no art. 37, da Lei nº 8.112/90, na redação dada pela Lei nº 9.527/97, e na Resolução Administrativa nº 084/2010, do TRT da 10ª Região, em reciprocidade com o cargo de Analista Judiciário, Área Judiciária, daquele Tribunal, ocupado pela servidora MARIA CRISTINA HOEPERS.</p>]]></Texto>
    <Autores>
      <assina>PEDRO LUÍS VICENTIN FOLTRAN</assina>
    </Autores>
  </body>
</article></xml>