﻿<xml><article id="1348538" name="Portaria nº 204 - Exonera Direto" idOficio="4657125" pubName="DO2" artType="Portaria" pubDate="01/02/2018" artClass="00011:00079:00001:00001:00000:00000:00000:00000:00000:00000:00025:00006" artSection="Chefia de Gabinete" artCategory="Chefia de Gabinete" artSize="8" artNotes="" numberPage="30" pdfPage="http://pesquisa.in.gov.br/imprensa/jsp/visualiza/index.jsp?data=01/02/2018&amp;jornal=529&amp;pagina=30" editionNumber="23">
  <body>
    <Identifica><![CDATA[PORTARIA Nº 204, DE 25 DE JANEIRO DE 2018]]></Identifica>
    <Data><![CDATA[]]></Data>
    <Ementa />
    <Titulo />
    <SubTitulo />
    <Texto><![CDATA[<p> O REITOR DO INSTITUTO FEDERAL DE EDUCAÇÃO, CIÊNCIA E TECNOLOGIA DE RONDÔNIA, no uso de suas atribuições legais e considerando o Memorando nº 12/2018/VLH - CGAB/VLH, de 24/01/2018, resolve:</p><p>Art. 1º EXONERAR, a partir de 01/02/2018, o Professor do Ensino Básico, Técnico e Tecnológico, EZEQUIEL FERREIRA BARBOSA, Mat. SIAPE 1884692, do Cargo Comissionado de Diretor de Ensino do Campus Vilhena/IFRO, código CD-4.</p><p>Art. 2º Esta Portaria entra em vigor na data de sua publicação.</p>]]></Texto>
    <Autores>
      <assina>Uberlando Tiburtino Leite</assina>
    </Autores>
  </body>
</article></xml>