﻿<xml><article id="1348217" name="portaria DOU - RICEDLA MARIA FIL" idOficio="4654461" pubName="DO2" artType="Portaria" pubDate="01/02/2018" artClass="00020:00246:00050:00000:00000:00000:00000:00000:00000:00000:00025:00001" artSection="Subsecretaria-Geral do Serviço Exterior" artCategory="Subsecretaria-Geral do Serviço Exterior" artSize="8" artNotes="" numberPage="81" pdfPage="http://pesquisa.in.gov.br/imprensa/jsp/visualiza/index.jsp?data=01/02/2018&amp;jornal=529&amp;pagina=81" editionNumber="23">
  <body>
    <Identifica><![CDATA[PORTARIA Nº 79, DE 24 DE JANEIRO DE 2018]]></Identifica>
    <Data><![CDATA[]]></Data>
    <Ementa />
    <Titulo />
    <SubTitulo />
    <Texto><![CDATA[<p> O SUBSECRETÁRIO-GERAL DO SERVIÇO EXTERIOR, no uso das atribuições conferidas pela Portaria de 21 de junho de 1996, publicada no Diário Oficial da União de 26 de junho, resolve:</p><p>Art. 1º - Conceder aposentadoria voluntária a RICEDLA MARIA FILGUEIRA DIAS, matrícula SIAPE nº 1053888, matrícula SIAPECAD nº 675094, ocupante do cargo de Oficial de Chancelaria, Classe C, Padrão V, do Quadro de Pessoal do Ministério das Relações Exteriores, com fundamento no artigo 3° da Emenda Constitucional n° 47, de 5 de julho de 2005.</p><p>Art. 2º - Esta Portaria entra em vigor a partir de sua publicação no Diário Oficial da União.</p>]]></Texto>
    <Autores>
      <assina>JOÃO PEDRO CORRÊA COSTA</assina>
    </Autores>
  </body>
</article></xml>