﻿<xml><article id="1348304" name="Ports. 84, 85, 86, 87, 88" idOficio="4656610" pubName="DO2" artType="Portaria" pubDate="01/02/2018" artClass="00011:00032:00001:00000:00000:00000:00000:00000:00000:00000:00025:00001" artSection="Reitoria" artCategory="Reitoria" artSize="8" artNotes="" numberPage="16" pdfPage="http://pesquisa.in.gov.br/imprensa/jsp/visualiza/index.jsp?data=01/02/2018&amp;jornal=529&amp;pagina=16" editionNumber="23">
  <body>
    <Identifica><![CDATA[PORTARIA DE 24 de janeiro de 2018]]></Identifica>
    <Data><![CDATA[]]></Data>
    <Ementa />
    <Titulo />
    <SubTitulo />
    <Texto><![CDATA[<p>O REITOR DA FUNDAÇÃO UNIVERSIDADE FEDERAL DE MATO GROSSO DO SUL, no uso de suas atribuições legais, e considerando o contido no Processo nº 23104.020049/2017-72, resolve:</p><p>Nº 84 - Conceder aposentadoria voluntária a JOAQUIM DE LIMA BONFIM, matrícula Siape nº 0432785, código de vaga 341061, integrante da Carreira Técnico-Administrativa, do quadro de pessoal desta Universidade, ocupante do cargo de Auxiliar em Administração, Classe C, Nível de Capacitação 4, Padrão 16, nos termos dos incisos I a III, do art. 3º da Emenda Constitucional nº 47, de 5 de julho de 2005, com proventos integrais e dezessete por cento de anuênio.</p><p>O REITOR DA FUNDAÇÃO UNIVERSIDADE FEDERAL DE MATO GROSSO DO SUL, no uso de suas atribuições legais, e considerando o contido no Processo n.º 23104.020049/2017-72, resolve:</p><p>Nº  85 - Conceder aposentadoria voluntária a ERLINDA MARTINS BATISTA, matrícula Siape nº 0433006, código de vaga 341274, integrante da Carreira Técnico-Administrativa, do quadro de pessoal desta Universidade, ocupante do cargo de Técnico de Tecnologia da Informação, Classe D, Nível de Capacitação 4, Padrão 16, nos termos dos incisos I a III do art.3º da Emenda Constitucional nº 47, de 5 de julho de 2005, com proventos integrais e quinze por cento de anuênio.</p><p>O REITOR DA FUNDAÇÃO UNIVERSIDADE FEDERAL DE MATO GROSSO DO SUL, no uso de suas atribuições legais e tendo em vista o que consta do Processo n.º 23104.009026/2010-31, resolve:</p><p>Nº 86 - Conceder aposentadoria voluntária a ANGELO JOÃO CASTRO, matrícula Siape nº 0050285, código de vaga 19032, integrante da Carreira Técnico-Administrativa, do quadro de pessoal desta Universidade, ocupante do cargo de Assistente em Administração, Classe D, Nível de Capacitação 4, Padrão 16, nos termos dos incisos I a III, do art. 3º da Emenda Constitucional nº 47, de 5 de julho de 2005, com proventos integrais e dezoito por cento de anuênio.</p><p>O REITOR DA FUNDAÇÃO UNIVERSIDADE FEDERAL DE MATO GROSSO DO SUL, no uso de suas atribuições legais e tendo em vista o que consta do Processo n.º 23104.019796/2017-68, resolve:</p><p>Nº 87 - Aposentar a servidora EDILENE DELPHINO RODRIGUES, matrícula Siape nº 1145038, código de vaga 715782, integrante da Carreira Técnico-Administrativa, do quadro de pessoal desta Universidade, ocupante do cargo de Químico, Classe E, Nível de Capacitação 3, Padrão 13, nos termos do inciso I do § 1º do art. 40 da Constituição Federal, com redação dada pelo § 21 da Emenda Constitucional nº 41, de 19 de dezembro de 2003, combinado com o art. 6-A, da Emenda Constitucional nº 41/03, incluído pela Emenda Constitucional nº 70, de 29 de março de 2012; e com o art. 186 da Lei nº 8.112, de 11 de dezembro de 1990, com proventos integrais ao tempo de contribuição e três por cento de anuênio.</p><p>O REITOR DA FUNDAÇÃO UNIVERSIDADE FEDERAL DE MATO GROSSO DO SUL, no uso de suas atribuições legais e tendo em vista o que consta do Processo n.º 23104.009867/2013-91, resolve:</p><p>Conceder aposentadoria voluntária a IVO MAGNUS JACINTO, matrícula Siape nº 0432997, código de vaga 341265, integrante da Carreira Técnico-Administrativa, do quadro de pessoal desta Universidade, ocupante do cargo de Pintor-área, Classe B, Nível de Capacitação 4, Padrão 16, nos termos dos incisos I a III do art. 3º da Emenda Constitucional nº 47, de 5 de julho de 2005, com proventos integrais e quinze por cento de anuênio.</p>]]></Texto>
    <Autores>
      <assina>MARCELO AUGUSTO SANTOS TURINE</assina>
      <assina>MARCELO AUGUSTO SANTOS TURINE</assina>
    </Autores>
  </body>
</article></xml>