﻿<xml><article id="1350229" name="extrato de portaria licitacao 20" idOficio="4655720" pubName="DO2" artType="Portaria" pubDate="01/02/2018" artClass="00038:00022:00000:00000:00000:00000:00000:00000:00000:00000:00025:00001" artSection="Entidades de Fiscalização do Exercício das Profissões Liberais" artCategory="Conselho de Arquitetura e Urbanismo do Piauí" artSize="8" artNotes="" numberPage="142" pdfPage="http://pesquisa.in.gov.br/imprensa/jsp/visualiza/index.jsp?data=01/02/2018&amp;jornal=529&amp;pagina=142" editionNumber="23">
  <body>
    <Identifica><![CDATA[Portaria Nº 3, de 26 de janeiro de 2018]]></Identifica>
    <Data><![CDATA[]]></Data>
    <Ementa />
    <Titulo />
    <SubTitulo />
    <Texto><![CDATA[<p> O PRESIDENTE DO CONSELHO DE ARQUITETURA E URBANISMO DO PAIUÍ (CAU/PI) no uso de suas atribuições constitucionais e legais, resolve:</p><p>Art. Nº 1. A Comissão Permanente de Licitações - CPL, criada pela portaria nº 07, de 13 de novembro de 2012, passara a ser composta pelos servidores: EVELINE CIBELE GOES DE ALENCAR, NADJA PEREIRA CORREA DE ARAÚJO e NÚBIA REGINA RAMOS E SILVA.</p><p>§ 1º. A Presidência e a Secretaria da Comissão Permanente de Licitação serão exercidas, respectivamente, pelos dois primeiros membros mencionados no caput deste artigo.</p><p>Art. 2º. Esta portaria entra em vigor a partir da data de sua assinatura.</p>]]></Texto>
    <Autores>
      <assina>WELLINGTON CAMARÇO</assina>
    </Autores>
  </body>
</article></xml>