﻿<xml><article id="1415617" name="017 - Designa Ali Mazloum - Juiz" idOficio="4655542" pubName="DO2" artType="Portaria" pubDate="06/02/2018" artClass="00037:00001:00002:00000:00000:00000:00000:00000:00000:00000:00025:00001" artSection="Presidência" artCategory="Presidência" artSize="8" artNotes="" numberPage="53" pdfPage="http://pesquisa.in.gov.br/imprensa/jsp/visualiza/index.jsp?data=06/02/2018&amp;jornal=529&amp;pagina=53" editionNumber="26" highlight="">
  <body>
    <Identifica><![CDATA[PORTARIA Nº 17, DE 24 DE JANEIRO DE 2018]]></Identifica>
    <Data><![CDATA[]]></Data>
    <Ementa />
    <Titulo />
    <SubTitulo />
    <Texto><![CDATA[<p> A PRESIDENTE DO SUPREMO TRIBUNAL FEDERAL no uso de suas atribuições e com base na Resolução n° 413, de 1° de outubro de 2009,resolve, </p><p>por solicitação do Ministro Gilmar Mendes:</p><p>Designar o Juiz Federal ALI MAZLOUM, do Tribunal Regional Federal da 3ª Região, para atuar como Juiz Auxiliar em seu Gabinete, a partir de 6 de fevereiro de 2018.</p>]]></Texto>
    <Autores>
      <assina>Min. CÁRMEN LÚCIA</assina>
    </Autores>
  </body>
</article></xml>