﻿<xml><article id="1760982" name="PT77_18" idOficio="4657299" pubName="DO2" artType="Portaria" pubDate="28/02/2018" artClass="00017:00026:00024:00000:00000:00000:00000:00000:00000:00000:00025:00001" artSection="Instituto Nacional de Câncer José Alencar Gomes da Silva" artCategory="Instituto Nacional de Câncer José Alencar Gomes da Silva" artSize="8" artNotes="" numberPage="50" pdfPage="http://pesquisa.in.gov.br/imprensa/jsp/visualiza/index.jsp?data=28/02/2018&amp;jornal=529&amp;pagina=50" editionNumber="40" highlight="">
  <body>
    <Identifica><![CDATA[PORTARIA Nº 77, DE 22 DE JANEIRO DE 2018]]></Identifica>
    <Data><![CDATA[]]></Data>
    <Ementa />
    <Titulo />
    <SubTitulo />
    <Texto><![CDATA[<p> O Diretor-Geral Substituto do Instituto Nacional de Câncer José Alencar Gomes da Silva, no uso de suas atribuições subdelegadas pela Portaria CGRH/SAA/SE/MS nº 1.041, de 30/10/2009, publicada no DOU nº 209, de 03/11/2009, resolve:</p><p>Conceder aposentadoria voluntária, com proventos integrais, a MARISA MARTINS, matrícula SIAPE nº 1205827, ocupante do cargo de Assistente em C&amp;T, NI, classe R, padrão III, do quadro de pessoal do Ministério da Saúde, com fundamento no art. 6º da Emenda Constitucional nº 41/2003 (Processo nº 25410.000159/2018-61).</p>]]></Texto>
    <Autores>
      <assina>Gélcio Luiz Quintella Mendes</assina>
    </Autores>
  </body>
</article></xml>