﻿<xml><article id="1348613" name="Portarias 26.01.2018 - 1" idOficio="4657867" pubName="DO2" artType="Portaria" pubDate="01/02/2018" artClass="00011:00132:00001:00000:00000:00000:00000:00000:00000:00000:00019:00003" artSection="Reitoria" artCategory="Reitoria" artSize="8" artNotes="" numberPage="44" pdfPage="http://pesquisa.in.gov.br/imprensa/jsp/visualiza/index.jsp?data=01/02/2018&amp;jornal=529&amp;pagina=44" editionNumber="23">
  <body>
    <Identifica><![CDATA[PORTARIAS DE 26 DE JANEIRO DE 2018]]></Identifica>
    <Data><![CDATA[]]></Data>
    <Ementa />
    <Titulo />
    <SubTitulo />
    <Texto><![CDATA[<p> O REITOR DA UNIVERSIDADE FEDERAL RURAL DO RIO DE JANEIRO, no uso das atribuições que lhe confere o Artigo 9°, inciso XVII, do Regimento Geral da UFRRJ, resolve:</p><p>          N° 53  I - Conceder aposentadoria voluntária com proventos integrais a LIANE RIBEIRO FILGUEIRAS BRAZÃO, matrícula SIAPE n.º 0984682, código de vaga nº 299812, ocupante do cargo de Desenhista Técnico Especializado, Nível de Classificação "D", Nível de Capacitação "IV", Padrão de vencimento "14", integrante do Quadro de Pessoal desta Universidade, lotada na Coordenação De Logística Sustentável - COLOSSUS, com fundamento no Art. 3º da Emenda Constitucional nº 047/2005.</p><p>                       II - declarar vago o cargo.</p><p>          Processo: 23083.000124/2018-61.</p><p>         N° 54  I - Conceder aposentadoria voluntária, com proventos integrais, à RAQUEL CORTES DA SILVA FIGUEIREDO, matrícula SIAPE n.º 0386870 código de vaga nº 299230, ocupante do cargo de Auxiliar em Administração, Nível de Classificação "C", Nível de Capacitação "IV", Padrão de Vencimento "16", integrante do Quadro de Pessoal desta Universidade, lotada na Secretaria Administrativa do Colégio Técnico/CTUR, com fundamento no Art. 3º, da Emenda Constitucional nº 047/2005.</p><p>                       II - declarar vago o cargo.</p><p>          Processo: 23083.034160/2017-31</p>]]></Texto>
    <Autores>
      <assina>RICARDO LUIZ LOURO BERBARA.</assina>
    </Autores>
  </body>
</article></xml>