﻿<xml><article id="1348679" name="_PORTARIA DE APOSENTADORIA MODEL" idOficio="4658394" pubName="DO2" artType="Portaria" pubDate="01/02/2018" artClass="00017:00026:00014:00011:00000:00000:00000:00000:00000:00000:00025:00004" artSection="Hospital Federal do Andaraí" artCategory="Hospital Federal do Andaraí" artSize="8" artNotes="" numberPage="76" pdfPage="http://pesquisa.in.gov.br/imprensa/jsp/visualiza/index.jsp?data=01/02/2018&amp;jornal=529&amp;pagina=76" editionNumber="23">
  <body>
    <Identifica><![CDATA[PORTARIA nº 12, DE 29 DE JANEIRO DE 2018]]></Identifica>
    <Data><![CDATA[]]></Data>
    <Ementa />
    <Titulo />
    <SubTitulo />
    <Texto><![CDATA[<p>    </p><p> A Diretora Geral do Hospital Federal do Andaraí, em conformidade com os termos da PT/MS nº 2.081 de 21.10.2016, publicada no Diário Oficial da União (DOU) nº 204 de 24.10.2016 e no uso de suas atribuições legais, na forma da PT/CGRH/SAA/SE/MS/ nº 1041, de 30.10.2009, publicada no DOU nº 209, de 03.11.2009, resolve:  </p><p> </p><p> Conceder Aposentadoria voluntária integral a servidora MARILENA PEIXOTO DA SILVA SALDANHA, matrícula SIAPE 0626837, ocupante do cargo de Agente de Serviços Complementares, Intermediário, Classe S, Padrão III, do Quadro de Pessoal deste Ministério, lotada no Hospital Federal do Andaraí, com fundamento no artigo 3º da Emenda Constitucional nº 47/2005, com proventos correspondentes ao cargo efetivo, acrescido de 18% (dezoito por cento) de Adicional por Tempo de Serviço e a Gratificação de Desempenho da Carreira da Previdência da Saúde e do Trabalho (GDPST) conforme Lei nº 11.784/2008. (Processo nº 33367.014240/2018-29).</p><p>Esta portaria entra em vigor na data de sua publicação.</p><p>        </p>]]></Texto>
    <Autores>
      <assina>MARIA LUCIA FEITOSA G.DA SILVEIRA</assina>
    </Autores>
  </body>
</article></xml>