﻿<xml><article id="1348352" name="Aposentadorias" idOficio="4657067" pubName="DO2" artType="Portaria" pubDate="01/02/2018" artClass="00017:00002:00037:00008:00000:00000:00000:00000:00000:00000:00025:00001" artSection="Serviço de Gestão Administrativa" artCategory="Serviço de Gestão Administrativa" artSize="8" artNotes="" numberPage="70" pdfPage="http://pesquisa.in.gov.br/imprensa/jsp/visualiza/index.jsp?data=01/02/2018&amp;jornal=529&amp;pagina=70" editionNumber="23">
  <body>
    <Identifica><![CDATA[PORTARIAS DE 19 DE JANEIRO DE 2018]]></Identifica>
    <Data><![CDATA[]]></Data>
    <Ementa />
    <Titulo />
    <SubTitulo />
    <Texto><![CDATA[<p> </p><p> O CHEFE DO SERVIÇO DE GESTÃO ADMINISTRATIVA DO NÚCLEO ESTADUAL DO MINISTÉRIO DA SAÚDE NO TOCANTINS, no uso das atribuições que lhe confere o Art. 182 do Anexo III da Portaria MS nº 1419, de 08/06/2017, publicada no DOU-1 nº 110, de 09/06/2017, e a Portaria GM nº 2.232, de 01/10/2013, publicada no DOU-2 nº 191, de 02/10/2013, resolve:</p><p>Nº 25 - Art. 1º - Conceder Aposentadoria Voluntária a JULIO ARAUJO FARIAS, matrícula SIAPE 0495041, cargo de Agente de Saúde Pública, Nível Intermediário, Classe S, Padrão III, do Quadro Permanente do Ministério da Saúde, com fundamento no Artigo 3º, da Emenda Constitucional nº 47/2005. (NUP nº 25026.000009/2018-91).</p><p>Art. 2º - Declaro vago o cargo. </p><p>Nº 26 - Art. 1º - Conceder Aposentadoria voluntária a GENESSI DA SILVA ARAUJO, matrícula SIAPE 0495391, cargo de Agente  de Saúde Pública, Nível Intermediário, Classe S, Padrão III, do Quadro Permanente do Ministério da Saúde, com fundamento no 3º, da Emenda Constitucional nº 47/200.5 (NUP nº 25026.000023/2018-94).</p><p>Art. 2º - Declaro vago o cargo. </p><p>Nº 27 - Art. 1º - Conceder Aposentadoria Voluntária a ANTONIO BATISTA DA SILVA, matrícula SIAPE 0495035, cargo de Agente de Saúde Publica, Nível Intermediário, Classe S, Padrão III, do Quadro Permanente do Ministério da Saúde, com fundamento no Artigo 3º, da Emenda Constitucional nº 47/2005. (NUP nº 25026.000046/2018-07).</p><p>Art. 2º - Declaro vago o cargo. </p><p>Nº 29 - Art. 1º - Conceder Aposentadoria Voluntária a DORIVAL ALVES CARVALHO, matrícula SIAPE 0467906, cargo de Auxiliar de Saneamento, Nível Intermediário, Classe S, Padrão III, do Quadro Permanente do Ministério da Saúde, com fundamento no Artigo 3º, da Emenda Constitucional nº 47/2005. (NUP nº 25026.00047/2018-43).</p><p>Art. 2º - Declaro vago o cargo. </p><p>Nº 30 - Art. 1º - Conceder Aposentadoria Voluntária a MARIA MAVIOLENE GONÇALVES DA SILVA, matrícula SIAPE 0446683, cargo de Enfermeira, Nível Superior, Classe S, Padrão III, do Quadro Permanente do Ministério da Saúde, com fundamento no Artigo 3º, da Emenda Constitucional nº 47/2005.  (NUP nº 25026.000051/2018-10).</p><p>Art. 2º - Declaro vago o cargo. </p>]]></Texto>
    <Autores>
      <assina>WANTEILDO ANTUNES AYRES DE LIMA</assina>
    </Autores>
  </body>
</article></xml>