﻿<xml><article id="1443862" name="PORTARIASINDICANCIAELSON03" idOficio="4653463" pubName="DO2" artType="Portaria" pubDate="07/02/2018" artClass="00038:00264:00000:00000:00000:00000:00000:00000:00000:00000:00025:00001" artSection="Entidades de Fiscalização do Exercício das Profissões Liberais" artCategory="Conselho Regional de Farmácia do Estado do Ceará" artSize="8" artNotes="" numberPage="66" pdfPage="http://pesquisa.in.gov.br/imprensa/jsp/visualiza/index.jsp?data=07/02/2018&amp;jornal=529&amp;pagina=66" editionNumber="27" highlight="">
  <body>
    <Identifica><![CDATA[PORTARIA Nº 34, de 24 de janeiro de 2017]]></Identifica>
    <Data><![CDATA[]]></Data>
    <Ementa />
    <Titulo />
    <SubTitulo />
    <Texto><![CDATA[<p> O Presidente do Conselho Regional de Farmácia do Estado do Ceará (CRF/CE), no uso das atribuições legais e regimentais, em especial com amparo na Lei Federal 3.820/60, modificada pela Lei 9.120/95; CONSIDERANDO a instauração de Sindicância Investigativa através da Portaria nº: 351/2017, em face do servidor Luis Davi Alves Lima, onde referido procedimento administrativo recebeu o número de controle interno 01/2018; CONSIDERANDO que o servidor Herryson Cordeiro da Silva, anteriormente designado para compor a Comissão da referida Sindicância, está em gozo de férias no período compreendido entre o dia 02/01/2018 a 02/02/2018; CONSIDERANDO a necessidade de nomeação de outro servidor para compor a Comissão Investigante, para que se iniciem os trabalhos da Comissão, pelo motivo supramencionado, atendendo à solicitação encaminhada pelo Presidente da Comissão, consubstanciada no Expediente nº 01/2018, resolve: Art. 1º - Nomear o servidor a seguir designado para integrar a Comissão Investigante: ELSON BRAGA FERREIRA, CPF nº: 010.109.813-82.Ciência ao Servidor designado.</p>]]></Texto>
    <Autores>
      <assina>Francisco Jandry Barreto do Nascimento</assina>
    </Autores>
  </body>
</article></xml>