﻿<xml><article id="1348595" name="PORTARIA 36 2018 - Redistribuiçã" idOficio="4657656" pubName="DO2" artType="Portaria" pubDate="01/02/2018" artClass="00037:00021:00001:00000:00000:00000:00000:00000:00000:00000:00025:00001" artSection="Presidência" artCategory="Presidência" artSize="8" artNotes="" numberPage="118" pdfPage="http://pesquisa.in.gov.br/imprensa/jsp/visualiza/index.jsp?data=01/02/2018&amp;jornal=529&amp;pagina=118" editionNumber="23">
  <body>
    <Identifica><![CDATA[PORTARIA Nº 36, DE 18 DE JANEIRO DE 2018]]></Identifica>
    <Data><![CDATA[]]></Data>
    <Ementa />
    <Titulo />
    <SubTitulo />
    <Texto><![CDATA[<p> O PRESIDENTE DO TRIBUNAL REGIONAL ELEITORAL DO MARANHÃO, no uso das atribuições legais e tendo em vista a Resolução nº 23.430/2014/TSE, a Instrução Normativa 02/2014/TRE-MA e o PAD nº 754/2017, resolve:</p><p>Art. 1º REDISTRIBUIR, com fundamento no art. 37 da Lei nº 8.112, de 11/12/1990 c/c Resolução nº 146, de 06/03/2012, do Conselho Nacional de Justiça, o cargo ocupado pelo servidor EDUARDO SOUSA DE ARAÚJO, de Técnico Judiciário, Área Administrativa, n. 33, criado pela Lei n. 10.842, de 20.02.2004, do quadro de pessoal deste Tribunal, para o Tribunal Regional Eleitoral do Pará, condicionado às redistribuições dos cargos de mesma denominação ocupados pelos servidores ANTÔNIO CARLOS MACIEL PEIXOTO, pertencente ao quadro do Tribunal Regional Eleitoral do Piauí, para este Tribunal, e JANSON RICHARD QUARESMA NEGREIROS, pertencente ao quadro do Tribunal Regional Eleitoral do Pará, para o Tribunal Regional Eleitoral do Piauí.</p><p>Art. 2º Esta Portaria entra em vigor na data de sua publicação.</p>]]></Texto>
    <Autores>
      <assina>Des. RICARDO DUAILIBE</assina>
    </Autores>
  </body>
</article></xml>