﻿<xml><article id="1348244" name="Portaria Nº 10 SPOA" idOficio="4655484" pubName="DO2" artType="Portaria" pubDate="01/02/2018" artClass="00025:00002:00016:00000:00000:00000:00000:00000:00000:00000:00025:00001" artSection="Subsecretaria de Planejamento, Orçamento e Administração" artCategory="Subsecretaria de Planejamento, Orçamento e Administração" artSize="8" artNotes="" numberPage="98" pdfPage="http://pesquisa.in.gov.br/imprensa/jsp/visualiza/index.jsp?data=01/02/2018&amp;jornal=529&amp;pagina=98" editionNumber="23">
  <body>
    <Identifica><![CDATA[PORTARIA N° 10, DE 26 DE JANEIRO DE 2018]]></Identifica>
    <Data><![CDATA[]]></Data>
    <Ementa />
    <Titulo />
    <SubTitulo />
    <Texto><![CDATA[<p> O SUBSECRETÁRIO DE PLANEJAMENTO, ORÇAMENTO E ADMINISTRAÇÃO, no uso da subdelegação de competência conferida pela Portaria no 83, de 14 de setembro de 2009, publicada no Diário Oficial da União de 15 seguinte, e tendo em vista os dispositivos constantes na Lei no 11.356, de 19 de outubro de 2006, no Decreto no 9.058/2017, nas Portarias MP nos 85/2009, 529/2012, 252/2017 e 286/2017, nas Portarias STN/MF nos 276/2013, 708/2017, 481/2014, 493/2017, na Portaria MJ nº 910/2016, resolve:</p><p>Art. 1o Revogar, a partir de 1º de fevereiro de 2018, a concessão da Gratificação Temporária das Unidades dos Sistemas Estruturadores da Administração Pública Federal - GSISTE dos servidores ocupantes de cargos efetivos, relacionados abaixo, na forma especificada:</p><p>1.  Sistema de Pessoal Civil da Administração Pública Federal - SIPEC</p><p>1.1 - NS - Alfredo Dresch Wendt - Analista Ambiental - Matrícula SIAPE nº 2182114.</p><p>1.2 - NI - Marcilene Peixoto Tezelli - Agente Administrativo - Matrícula SIAPE nº 1719709.</p><p>1.3 - NI - Renata Batista da Silva - Agente Administrativo - Matrícula SIAPE nº 1719652.</p><p>Art. 2o Conceder a Gratificação Temporária das Unidades dos Sistemas Estruturadores da Administração Pública Federal - GSISTE aos servidores ocupantes de cargos efetivos, relacionados abaixo, na forma especificada:</p><p>1.  Sistema de Pessoal Civil da Administração Pública Federal - SIPEC</p><p>1.1 - NS - Neila Cristina de Resende - Analista Ambiental - Matrícula SIAPE nº 1690496</p><p>1.2 - NI -  Lorena Coelho Brito - Agente Administrativo - Matrícula SIAPE nº 1798321.</p><p>1.3 - NI - Wasley Maurício Teles - Agente Administrativo - Matrícula SIAPE nº 2019780.</p><p>Art. 3o Compete à Coordenação-Geral de Gestão de Pessoas adotar os procedimentos necessários à implantação/exclusão da GSISTE, bem como, o adequado acompanhamento de sua utilização junto às respectivas áreas de atuação.</p><p>Art. 4o Esta Portaria entra em vigor na data de sua publicação.</p>]]></Texto>
    <Autores>
      <assina>ROMEU MENDES DO CARMO</assina>
    </Autores>
  </body>
</article></xml>