﻿<xml><article id="1348577" name="PUBLICAÇÃO PORT.APOS. LIEDALVA R" idOficio="4657179" pubName="DO2" artType="Portaria" pubDate="01/02/2018" artClass="00031:00024:00106:00000:00000:00000:00000:00000:00000:00000:00025:00001" artSection="Superintendência Regional no Rio de Janeiro" artCategory="Superintendência Regional no Rio de Janeiro" artSize="8" artNotes="" numberPage="111" pdfPage="http://pesquisa.in.gov.br/imprensa/jsp/visualiza/index.jsp?data=01/02/2018&amp;jornal=529&amp;pagina=111" editionNumber="23">
  <body>
    <Identifica><![CDATA[PORTARIA N° 8, DE 25 DE JANEIRO DE 2018]]></Identifica>
    <Data><![CDATA[]]></Data>
    <Ementa />
    <Titulo />
    <SubTitulo />
    <Texto><![CDATA[<p> O SUPERINTENDENTE REGIONAL NO ESTADO DO RIO DE JANEIRO DO DEPARTAMENTO NACIONAL DE INFRAESTRUTURA DE TRANSPORTES- DNIT, no uso das suas atribuições regimentais e da competência delegada pela Portaria nº 931 de 30 de maio de 2016, publicada no Diário Oficial da União de 01 de junho de 2016, e tendo em vista o que consta do processo nº 50607.002692/2015-64, resolve:</p><p>             Conceder aposentadoria voluntária a servidora LIEDALVA ROCHA PINHEIRO, matrículas DNIT nº 551-7 e SIAPE nº 844122, ocupante do cargo de Tradutor e Intérprete, código NS-938, Classe "Especial", Padrão III, Nível Superior, pertencente ao Quadro de Pessoal Específico desta Autarquia, lotada na Superintendência Regional no Estado do Rio de Janeiro, com fundamento no artigo 3º da Emenda Constitucional nº 47/2005, com paridade e proventos integrais, acrescidos das parcelas de 02/10 (dois décimos) do código DAS.102-1, transformados em Vantagem Pessoal Nominalmente Identificada conforme art.62-A da Lei 8112/90. </p><p>      </p><p> </p>]]></Texto>
    <Autores>
      <assina>CARLOS ANTONIO MARCOS PASCOAL</assina>
    </Autores>
  </body>
</article></xml>