﻿<xml><article id="1348226" name="PORTARIA 56-2018 - Redistribuiçã" idOficio="4655249" pubName="DO2" artType="Portaria" pubDate="01/02/2018" artClass="00037:00021:00001:00000:00000:00000:00000:00000:00000:00000:00025:00002" artSection="Presidência" artCategory="Presidência" artSize="8" artNotes="" numberPage="118" pdfPage="http://pesquisa.in.gov.br/imprensa/jsp/visualiza/index.jsp?data=01/02/2018&amp;jornal=529&amp;pagina=118" editionNumber="23">
  <body>
    <Identifica><![CDATA[PORTARIA Nº 56, DE 18 DE JANEIRO DE 2018]]></Identifica>
    <Data><![CDATA[]]></Data>
    <Ementa />
    <Titulo />
    <SubTitulo />
    <Texto><![CDATA[<p> O PRESIDENTE DO TRIBUNAL REGIONAL ELEITORAL DO MARANHÃO, no uso das atribuições legais e tendo em vista a Resolução nº 23.430/2014/TSE, a Instrução Normativa 02/2014/TRE-MA e o PAD nº 10320/2017, resolve:</p><p>Art. 1º REDISTRIBUIR, com fundamento no art. 37 da Lei nº 8.112, de 11/12/1990 c/c Resolução nº 146, de 06/03/2012, do Conselho Nacional de Justiça, o cargo ocupado pelo servidor TIMÓTEO SOUZA LIBERATO DE MATTOS, de Analista Judiciário, Área Judiciária, n. 13, criado pela Lei n. 10.842/2005, do quadro de pessoal deste Tribunal, em reciprocidade com o cargo de idêntica denominação ocupado pelo servidor DANIEL ARRAIS DE MOURA CHAVES, do quadro de pessoal do Tribunal de Justiça do Distrito Federal e Territórios.</p><p>Art. 2º CONCEDER o prazo de 30 (trinta) dias de trânsito para o servidor DANIEL ARRAIS DE MOURA CHAVES, contados a partir da publicação desta portaria, na forma do artigo 18 da Lei nº 8.112/1990 e conforme previsto no art. 14, Parágrafo único, da Resolução TSE n° 23.430/2014, facultando ao servidor declinar desse prazo.</p>]]></Texto>
    <Autores>
      <assina>Des. RICARDO DUAILIBE</assina>
    </Autores>
  </body>
</article></xml>