﻿<xml><article id="1348688" name="010_DAdj_DAS_Exonerar_Nomear" idOficio="4658407" pubName="DO2" artType="Portaria" pubDate="01/02/2018" artClass="00006:00019:01211:00000:00000:00000:00000:00000:00000:00000:00025:00003" artSection="Agência Brasileira de Inteligência" artCategory="Agência Brasileira de Inteligência" artSize="8" artNotes="" numberPage="4" pdfPage="http://pesquisa.in.gov.br/imprensa/jsp/visualiza/index.jsp?data=01/02/2018&amp;jornal=529&amp;pagina=4" editionNumber="23">
  <body>
    <Identifica><![CDATA[PORTARIA Nº 10, DE 17 DE JANEIRO DE 2018]]></Identifica>
    <Data><![CDATA[]]></Data>
    <Ementa />
    <Titulo />
    <SubTitulo><![CDATA[DIRETORia ADJUNTA]]></SubTitulo>
    <Texto><![CDATA[<p> <strong>O DIRETOR-ADJUNTO DA AGÊNCIA BRASILEIRA DE INTELIGÊNCIA</strong>, no uso da competência que lhe foi subdelegada pela alínea "a" do inciso I do art. 2° da Portaria n° 74-GSIPR, de 25 de novembro de 2016, publicada no Diário Oficial da União n° 231, de 2 de dezembro de 2016, resolve:</p><p>Art. 1° Exonerar matrícula nº 911323 do cargo em comissão de Coordenador, código DAS 101.3.</p><p>Art. 2° Nomear matrícula nº 911323 para o cargo em comissão de Coordenador, código DAS 101.3.</p><p>Art. 3º Esta Portaria entra em vigor na data de sua publicação.</p>]]></Texto>
    <Autores>
      <assina>FRANK MÁRCIO DE OLIVEIRA</assina>
    </Autores>
  </body>
</article></xml>