﻿<xml><article id="1348316" name="Portaria JAN.2018" idOficio="4656695" pubName="DO2" artType="Portaria" pubDate="01/02/2018" artClass="00026:00034:00187:00423:00000:00000:00000:00000:00000:00000:00025:00001" artSection="Superintendência de Administração em Rondônia" artCategory="Superintendência de Administração em Rondônia" artSize="8" artNotes="" numberPage="105" pdfPage="http://pesquisa.in.gov.br/imprensa/jsp/visualiza/index.jsp?data=01/02/2018&amp;jornal=529&amp;pagina=105" editionNumber="23">
  <body>
    <Identifica><![CDATA[Portarias 26 de JANEIRO de 2018]]></Identifica>
    <Data><![CDATA[]]></Data>
    <Ementa />
    <Titulo />
    <SubTitulo />
    <Texto><![CDATA[<p> A SUPERINTENDENTE DE ADMINISTRAÇÃO DO MINISTÉRIO DO PLANEJAMENTO, DESENVOLVIMENTO E GESTÃO EM RONDONIA - SUBSTITUTA no uso das atribuições que lhe foram conferidas pela Portaria nº 1.097 de 28//06/2017, publicada no Diário Oficial da União em 29/01/2017, e tendo em vista o disposto na Portaria nº 124, da Secretaria Executiva/DEPEX de 26/02/017, publicada no Diário Oficial da União de 27/02/2015 e considerando o contido na Portaria nº 34 de 12 de janeiro de 2017, publicada no DOU de 13 de janeiro de 2017, resolve:</p><p>Nº 43 - Conceder Aposentadoria Voluntaria Integral a servidora: CLAUDINA DOS SANTOS RIBEIRO SILVA, Cargo de Professor Ensino Básico Técnico Tecnológico do Ex-Território-RO, Tabela: 707, Nível: NS, Classe: "D", Nível: 402, matricula SIAPE: 0698359, com fundamento na CF/88, Art. 6º da EC nº 41/03 C/C  Art. 40 § 5º. Processo nº 03125.015430/2017-64.</p><p>Nº 44 - Conceder Aposentadoria Voluntaria Integral ao servidor: FERNANDES TIMOTEO MILAGRES, Cargo de Professo Ensino Básico do Ex-Terrtório-RO,Tabela: 709, Nível: NS, Classe: "D", Nível: 401, matricula SIAPE; 0704175, com fundamento na CF/88, Art. 6º  da EC nº 41/03 C/C Art. 40 § 5º. Processo nº 03125.016024/2017-19.</p><p>Nº 45 - Conceder Aposentadoria Voluntaria Integral a servidora: MARIA DO SOCORRO VILARINS CORREIA, Cargo de Professor Ensino Básico Técnico Tecnológico do Ex_Território-RO, Tabela: 707, Nível: NS, Classe: "D", Nível: 402, matricula SIAPE: 0697514, com fundamento na CF/88, Art. 6º da EC nº 41/03 C/C Art. 40 § 5º. Processo nº 03125.015804/2017-41.</p><p>Nº 46 - Conceder Aposentadoria Voluntaria Integral a servidora: IRENE DE OLIVEIRA DOS SANTOS GOMES, Cargo de Auxiliar Operacional de Serviços Diversos do Ex- Território-RO, , Tabela: 481, Nível: NI, Classe: "S", Padrão: III, matricula SIAPE: 0703533, com fundamento na CF/88, Art. 3º da EC nº 47/2005, Processo nº 03125.016469/2017-07.</p><p>Nº 47 - Conceder Aposentadoria Voluntaria Integral a servidora: SONIA MARIA DO NASCIMENTO, Cargo de Auxiliar Operacional Serviços Diversos do Ex-Território-RO, Tabela: 194, Nível: NI, Classe: " S ", Padrão: III, matricula SIAPE: 2265239, com fundamento na CF/88, Art. 3º da EC nº 47/2005, Processo nº 03125.006987/2017-12.</p><p>Nº 48 - Conceder Aposentadoria Voluntaria Integral a servidora: DIONE PEÇANHA, Cargo de Psicólogo do Ex-Território-RO, Tabela: 194 Nível: NS, Classe: "S", Padrão: III, matricula  SIAPE: 2324181, com fundamento na CF/88, Art. 3º da EC nº 47/*2005. Processo nº 03125.013615/2017-34.</p><p>Nº 49 - Conceder Aposentadoria Voluntaria Integral a servidora: MARIA LOURDES DA SILVA SOUZA, Cargo de Agente Administrativo do Ex-Território-RO, Tabela: 194, Nível: NI, Classe: "S", Padrão: III, matricula SIAPE: 2328685, com fundamento na CF/88, Art. 3º da EC nº 47/2005, Processo nº 03125.003845/2017-95.</p><p>Nº 50 - Conceder Aposentadoria Voluntaria Integral a servidora: ROSEMARI CORREIA PINHO, Cargo de Auxiliar Operacional de Serviços Diversos do Ex-Território-RO, Tabela: 194, Nível: NA, Classe: "S", Padrão: III, matricula SIAPE: 2313193, com fundamento na CF/88, Art. 3º da EC nº 47/2005. Processo nº 03125.005155/2017-71.</p><p>Nº 51 - Conceder Aposentadoria Voluntaria Integral a servidora: MARIA DA GRAÇA PONTES, Cargo de Agente Administrativo do Ex-Território-RO, Tabela: 481, Nível: NI, Classe: "S", Padrão: III, matricula SIAPE: 0703186, com fundamento na CF/88, Art. 3º da EC nº 47/2005. Processo nº 03125.000057/2018-28.</p><p>Nº 52 - Conceder Aposentadoria Por Invalidez Permanente com Proventos ao Tempo de Contribuição a servidora: IZENILDA GOMES DE LIMA E SILVA, Cargo de Auxiliar Operacional Serviços Diversos do Ex-Território-RO, Tabela: 194, Nível: NA Classe: "S", Padrão: III, com fundamento na CF/88, Art. 1º , Inciso I, com redação dada pela EC nº 41/03, combinado com o Art. 6-A da EC nº 41/03, incluindo pela EC nº 70/2012, Laudo Médico Pericial nº 0.225.889/2016, Processo nº 03125.000421/2017-79.</p><p>Nº 53 - Conceder Aposentadoria Voluntaria Integral a servidora: MARIA SUELY DE ARAUJO SILVA, Cargo de Auxiliar Operacional Serviços Diversos do Ex-Território-RO, Tabela: 194, Nível: NA, Classe: "S", Padrão: III, matricula SIAPE: 2392816, com fundamento na CF/88, Art. 3º da EC nº 47/05, Processo nº 03125.009349/2017-45.</p>]]></Texto>
    <Autores>
      <assina>ROSANA BOTELHO DOS SANTOS</assina>
    </Autores>
  </body>
</article></xml>