﻿<xml><article id="1348649" name="Ato 5505375 - 2017" idOficio="4658287" pubName="DO2" artType="Ato" pubDate="01/02/2018" artClass="00037:00007:00001:00000:00000:00000:00000:00000:00000:00000:00001:00001" artSection="Presidência" artCategory="Presidência" artSize="8" artNotes="" numberPage="116" pdfPage="http://pesquisa.in.gov.br/imprensa/jsp/visualiza/index.jsp?data=01/02/2018&amp;jornal=529&amp;pagina=116" editionNumber="23">
  <body>
    <Identifica><![CDATA[Ato nº 5.505.375, de 29 de janeiro de 2018]]></Identifica>
    <Data><![CDATA[]]></Data>
    <Ementa />
    <Titulo />
    <SubTitulo />
    <Texto><![CDATA[<p> O PRESIDENTE DO TRIBUNAL REGIONAL FEDERAL DA 1ª REGIÃO, no uso de suas atribuições legais e regimentais e tendo em vista o constante nos autos do PAe 0001359-46.2018.4.01.8000, resolve:</p><p>CONCEDER APOSENTADORIA ao servidor AGNALDO BOCCHINO, Analista Judiciário, Área Judiciária, Nível Superior, Classe "C", Padrão 13, do Quadro de Pessoal deste Tribunal, com fundamento no art. 3º da Emenda Constitucional 47/2005, com a vantagem prevista no art. 15, § 1º, da Lei 9.527/97 e art. 62-A da Lei 8.112/90.</p>]]></Texto>
    <Autores>
      <assina>Des. HILTON QUEIROZ</assina>
    </Autores>
  </body>
</article></xml>