﻿<xml><article id="1348667" name="ATO PORTARIA NR 007-2018" idOficio="4658360" pubName="DO2" artType="Portaria" pubDate="01/02/2018" artClass="00007:00003:00061:00000:00000:00000:00000:00000:00000:00000:00025:00003" artSection="Superintendência Federal no Estado do Maranhão" artCategory="Superintendência Federal no Estado do Maranhão" artSize="8" artNotes="" numberPage="5" pdfPage="http://pesquisa.in.gov.br/imprensa/jsp/visualiza/index.jsp?data=01/02/2018&amp;jornal=529&amp;pagina=5" editionNumber="23">
  <body>
    <Identifica><![CDATA[PORTARIA Nº 7, DE 29 DE JANEIRO DE 2018]]></Identifica>
    <Data><![CDATA[]]></Data>
    <Ementa />
    <Titulo />
    <SubTitulo />
    <Texto><![CDATA[<p> O SUPERINTENDENTE FEDERAL DE AGRICULTURA, PECUÁRIA E ABASTECIMENTO NO ESTADO DO MARANHÃO, no uso das atribuições legais que lhe confere o Art. 44, item XVIII do Regimento Interno das Superintendências Federais de Agricultura, aprovado pela Portaria Ministerial nº 428, de 09 de junho de 2010, publicada no D.O.U. de 14.06.2010, resolve:</p><p>Conceder aposentadoria, com proventos integrais, à servidora RACHEL SHIGUESHI DE BARROS AKASHI, ocupante do cargo de Auditor Fiscal Federal Agropecuário, classe S, padrão IV, matrícula SIAPE nº 19633, do Quadro de Pessoal deste Ministério, com fundamento no artigo 3º, da Emenda Constitucional nº 47/2005 (Processo nº 21022.000005/2018-91).</p>]]></Texto>
    <Autores>
      <assina>ANTONIO JOSÉ DOS SANTOS</assina>
    </Autores>
  </body>
</article></xml>