﻿<xml><article id="1348634" name="Portaria de Aposentadoria nº 102" idOficio="4658037" pubName="DO2" artType="Portaria" pubDate="01/02/2018" artClass="00017:00002:00016:00018:00000:00000:00000:00000:00000:00000:00025:00001" artSection="Serviço de Gestão Administrativa" artCategory="Serviço de Gestão Administrativa" artSize="8" artNotes="" numberPage="64" pdfPage="http://pesquisa.in.gov.br/imprensa/jsp/visualiza/index.jsp?data=01/02/2018&amp;jornal=529&amp;pagina=64" editionNumber="23">
  <body>
    <Identifica><![CDATA[PORTARIA Nº 102, de29 DE JANEIRIO DE 2018]]></Identifica>
    <Data><![CDATA[]]></Data>
    <Ementa />
    <Titulo />
    <SubTitulo />
    <Texto><![CDATA[<p> A CHEFE DO SERVIÇO DE GESTÃO ADMINISTRATIVA DO NÚCLEO ESTADUAL DO MINISTÉRIO DA SAÚDE NO ESTADO DA BAHIA, no uso das atribuições conferidas pela Portaria/SAA/MS/Nº 1.804, de 01 de outubro de 2013, publicada no Diário Oficial da União nº 192, de 03.10.2013, seção 1, página 66, resolve:</p><p> I - Conceder aposentadoria voluntária, à servidora MARIA DAS GRAÇAS CAMPOS DE ARAUJO, matrícula SIAPE 0533701, ocupante do cargo efetivo de Datilografo, Classe 'S', Padrão III (NI), do Quadro de Pessoal deste Ministério, com base no Artigo 40, § 1º,  inciso III, alínea "a", da Constituição Federal/1988, com redação dada pela Emenda Constitucional nº 41/2003, com os proventos calculados com base no Artigo 1º da Lei nº 10887/04. Processo nº 25022.405462/2017-49.</p><p>         II - Declarar vago o cargo citado no item I.</p>]]></Texto>
    <Autores>
      <assina>ANA MARIA MORAES REBOUÇAS</assina>
    </Autores>
  </body>
</article></xml>