﻿<xml><article id="1348721" name="PRT. Nº 11- APOSENTADORIA_PEDROP" idOficio="4658518" pubName="DO2" artType="Portaria" pubDate="01/02/2018" artClass="00007:00030:00002:00003:00005:00000:00000:00000:00000:00000:00025:00004" artSection="Seção de Execução Orçamentária e Financeira" artCategory="Seção de Execução Orçamentária e Financeira" artSize="8" artNotes="" numberPage="6" pdfPage="http://pesquisa.in.gov.br/imprensa/jsp/visualiza/index.jsp?data=01/02/2018&amp;jornal=529&amp;pagina=6" editionNumber="23">
  <body>
    <Identifica><![CDATA[Portaria nº 11, de 29 de janeiro de 2018]]></Identifica>
    <Data><![CDATA[]]></Data>
    <Ementa />
    <Titulo />
    <SubTitulo />
    <Texto><![CDATA[<p> O Diretor do Instituto Nacional de Meteorologia no uso de suas atribuições que lhe são conferidas pelo item I, da Portaria nº 238, de 28 de abril de 1998 da CRH/MAPA, resolve: </p><p> Conceder aposentadoria voluntaria, com proventos integrais, ao servidor Pedro Paulo Gomes Henriques, SIAPE nº 1110905, ocupante do cargo de Técnico de Colonização, NI, classe S, padrão III, do quadro de pessoal deste Órgão, com fundamento no artigo 3º, da Emenda Constitucional nº 47/2005 ( Processo nº 21172.000152/2017-67). </p>]]></Texto>
    <Autores>
      <assina>José Mauro de Rezende</assina>
      <cargo>Substituto</cargo>
    </Autores>
  </body>
</article></xml>