﻿<xml><article id="1348550" name="Portaria nº 208 - Designa Coorde" idOficio="4657125" pubName="DO2" artType="Portaria" pubDate="01/02/2018" artClass="00011:00079:00001:00001:00000:00000:00000:00000:00000:00000:00025:00010" artSection="Chefia de Gabinete" artCategory="Chefia de Gabinete" artSize="8" artNotes="" numberPage="30" pdfPage="http://pesquisa.in.gov.br/imprensa/jsp/visualiza/index.jsp?data=01/02/2018&amp;jornal=529&amp;pagina=30" editionNumber="23">
  <body>
    <Identifica><![CDATA[PORTARIA Nº 208, DE 25 DE JANEIRO DE 2018]]></Identifica>
    <Data><![CDATA[]]></Data>
    <Ementa />
    <Titulo />
    <SubTitulo />
    <Texto><![CDATA[<p> O REITOR DO INSTITUTO FEDERAL DE EDUCAÇÃO, CIÊNCIA E TECNOLOGIA DE RONDÔNIA, no uso de suas atribuições legais e considerando o Memorando nº 17/2018/VLH - CGAB/VLH, de 24/01/2018,resolve:</p><p>Art. 1º DESIGNAR a Assistente de Aluno, ANELIZE IRENE APPELT, Mat. SIAPE 2044065, para exercer a Função Gratificada de Coordenadora de Comunicação e Eventos do Campus Vilhena/IFRO, código FG-2.</p><p>Art. 2º Esta Portaria entra em vigor na data de sua publicação.</p>]]></Texto>
    <Autores>
      <assina>Uberlando Tiburtino Leite</assina>
    </Autores>
  </body>
</article></xml>