﻿<xml><article id="1523640" name="PORT_5479109" idOficio="4656303" pubName="DO2" artType="Portaria" pubDate="14/02/2018" artClass="00037:00007:00001:00000:00000:00000:00000:00000:00000:00000:00001:00007" artSection="Presidência" artCategory="Presidência" artSize="8" artNotes="" numberPage="53" pdfPage="http://pesquisa.in.gov.br/imprensa/jsp/visualiza/index.jsp?data=14/02/2018&amp;jornal=529&amp;pagina=53" editionNumber="30" highlight="">
  <body>
    <Identifica><![CDATA[PORTARIA Nº 5479109, DE 25 DE JANEIRO DE 2018]]></Identifica>
    <Data><![CDATA[]]></Data>
    <Ementa />
    <Titulo />
    <SubTitulo />
    <Texto><![CDATA[<p> O PRESIDENTE DO TRIBUNAL REGIONAL FEDERAL DA 1ª REGIÃO, no uso de suas atribuições legais e regimentais e tendo em vista o constante nos autos do PAe 0001529-18.2018.4.01.8000, resolve:</p><p>COLOCAR À DISPOSIÇÃO, a partir de 14/02/2018, da Subseção Judiciária de Bom Jesus da Lapa, nos termos do art. 93, I, da Lei 8.112/1990, c/c a Resolução nº 05/2008-CJF, o servidor DANIEL YAMAMOTO LUCAS, Analista Judiciário, Área Judiciária, do Quadro de Pessoal da Justiça Federal de Primeiro Grau, Seção Judiciária do Estado de Goiás, Subseção Judiciária de Itumbiara, para ocupar cargo em comissão.</p>]]></Texto>
    <Autores>
      <assina>Desembargador Federal HILTON QUEIROZ</assina>
    </Autores>
  </body>
</article></xml>