﻿<xml><article id="1348325" name="PORTARIAS Nº 014-2018" idOficio="4656730" pubName="DO2" artType="Portaria" pubDate="01/02/2018" artClass="00017:00021:00026:00000:00000:00000:00000:00000:00000:00000:00025:00002" artSection="Superintendência Estadual no Maranhão" artCategory="Superintendência Estadual no Maranhão" artSize="8" artNotes="" numberPage="72" pdfPage="http://pesquisa.in.gov.br/imprensa/jsp/visualiza/index.jsp?data=01/02/2018&amp;jornal=529&amp;pagina=72" editionNumber="23">
  <body>
    <Identifica><![CDATA[PORTARIA Nº 14, DE 23 DE JANEIRO DE 2018]]></Identifica>
    <Data><![CDATA[]]></Data>
    <Ementa />
    <Titulo />
    <SubTitulo />
    <Texto><![CDATA[<p> A SUPERINTENDENTE ESTADUAL SUBSTITUTA DA FUNDAÇÃO NACIONAL DE SAÚDE, no Estado do Maranhão,nomeado pela Portaria nº 270, de 11 de março  de 2015, publicada no DOU de 13 de março de 2008, e no uso das atribuições que lhe confere o art.13, aprovado pelo Decreto nº. 7.335, publicado no DOU. de 20 de outubro de 2010, e pela subdelegação de competência de que trata a Portaria nº. 348, de 27 de novembro de 2017, publicada no DOU. Nº. 228, de 29 de novembro de 2017, Seção 1, em conformidade com o processo nº. 25170.000.058/2018-60. resolve:</p><p>ART. 1º -Conceder aposentadoria voluntária, a servidora LÉA LIMA DA COSTA, Matricula Siape nº.0471067, ocupante do cargo de Auxiliar de Administração, Classe "S", Padrão III, do Quadro de Pessoal da Fundação Nacional de Saúde,com proventos integrais de acordo com o artigo 6º, da Emenda Constitucional nº. 41/2003; e as demais vantagens inerentes ao cargo efetivo do servidor. </p><p>ART. 2º - Declara Vago o cargo relativo ao Art. 1º.</p><p>ART. 3º - Esta Portaria entra em vigor na data de sua publicação.</p>]]></Texto>
    <Autores>
      <assina>MARIA DE FATIMA OLIVEIRA CHAVES</assina>
    </Autores>
  </body>
</article></xml>