﻿<xml><article id="1348202" name="Pub_Port_Luci Elaine de Menezes " idOficio="4654057" pubName="DO2" artType="Portaria" pubDate="01/02/2018" artClass="00012:00002:00012:00035:00000:00000:00000:00000:00000:00000:00025:00002" artSection="Superintendência de Administração em Santa Catarina" artCategory="Superintendência de Administração em Santa Catarina" artSize="8" artNotes="" numberPage="52" pdfPage="http://pesquisa.in.gov.br/imprensa/jsp/visualiza/index.jsp?data=01/02/2018&amp;jornal=529&amp;pagina=52" editionNumber="23">
  <body>
    <Identifica><![CDATA[PORTARIA Nº 13, DE 25 DE JANEIRO DE 2018]]></Identifica>
    <Data><![CDATA[]]></Data>
    <Ementa />
    <Titulo />
    <SubTitulo />
    <Texto><![CDATA[<p>        O SUPERINTENDENTE DE ADMINISTRAÇÃO DO MINISTÉRIO DA FAZENDA NO ESTADO DE SANTA CATARINA, no uso das atribuições que lhe confere o art. 86, inciso XI, da Portaria nº 144, de 27.04.2016, DOU de 29.04.2016 do Ministro de Estado da Fazenda e a Portaria SRF nº 1671 de 16.06.05, DOU de 20.06.05, por delegação de competência resolve:</p><p>         Conceder aposentadoria voluntária, com proventos integrais a LUCI ELAINE DE MENEZES GONÇALVES MORENO, matricula SIAPECAD nº 2833, matricula SIAPE nº 119898, ocupante do cargo de Analista Tributário da Receita Federal do Brasil, NS, Classe S, Padrão III, lotada na Delegacia da Receita Federal em Joinville/SC, com fundamento no Art. 3º, incisos I a III, parágrafo único da Emenda Constitucional nº 47, publicada no DOU 06/07/2005. (Processo SEI-MF nº. 10920.724617/2017-42). Publique-se.</p>]]></Texto>
    <Autores>
      <assina>GABRIEL HELMUTH SPRUNG SASSE</assina>
      <cargo>Substituto</cargo>
    </Autores>
  </body>
</article></xml>