﻿<xml><article id="1441837" name="Portaria Jaime Gomes Martins Fil" idOficio="4655431" pubName="DO2" artType="Portaria" pubDate="07/02/2018" artClass="00037:00031:00000:00000:00000:00000:00000:00000:00000:00000:00025:00001" artSection="Poder Judiciário" artCategory="Tribunal Regional Eleitoral do Rio Grande do Sul" artSize="8" artNotes="" numberPage="62" pdfPage="http://pesquisa.in.gov.br/imprensa/jsp/visualiza/index.jsp?data=07/02/2018&amp;jornal=529&amp;pagina=62" editionNumber="27" highlight="">
  <body>
    <Identifica><![CDATA[PORTARIA Nº 23, DE 24 DE JANEIRO DE 2018]]></Identifica>
    <Data><![CDATA[]]></Data>
    <Ementa />
    <Titulo />
    <SubTitulo />
    <Texto><![CDATA[<p> O DESEMBARGADOR Carlos Cini Marchionatti, Presidente do Tribunal Regional Eleitoral do Rio Grande do Sul, no uso de suas atribuições legais e com fundamento no artigo 16, inciso VIII, do Regimento Interno do Tribunal, resolve:</p><p>APOSENTAR o servidor JAIME GOMES MARTINS FILHO, voluntariamente e com proventos integrais, no cargo de Analista Judiciário, Área de Atividade Apoio Especializado Analista de Sistemas, Classe C, Padrão 12, do Quadro de Pessoal deste Tribunal, com fundamento no artigo 40, §1º, III, alínea "a", da Constituição da República de 1988, com redação dada pela Emenda Constitucional n. 41/2003, c/c artigo 1º da Lei n. 10.887/2004 e DECLARAR VAGO o referido cargo com base no art. 33, inciso VII, da Lei n. 8.112/1990.</p>]]></Texto>
    <Autores>
      <assina>Des. CARLOS CINI MARCHIONATTI</assina>
    </Autores>
  </body>
</article></xml>