﻿<xml><article id="1348184" name="23.2018" idOficio="4653501" pubName="DO2" artType="Portaria" pubDate="01/02/2018" artClass="00037:00049:00001:00000:00000:00000:00000:00000:00000:00000:00025:00001" artSection="Presidência" artCategory="Presidência" artSize="8" artNotes="" numberPage="125" pdfPage="http://pesquisa.in.gov.br/imprensa/jsp/visualiza/index.jsp?data=01/02/2018&amp;jornal=529&amp;pagina=125" editionNumber="23">
  <body>
    <Identifica><![CDATA[Portaria Nº 23, de 8 de janeiro de 2018]]></Identifica>
    <Data><![CDATA[]]></Data>
    <Ementa />
    <Titulo />
    <SubTitulo />
    <Texto><![CDATA[<p> O DESEMBARGADOR PRESIDENTE DO TRIBUNAL REGIONAL DO TRABALHO DA DÉCIMA REGIÃO, no uso de suas atribuições legais e regimentais, tendo em vista o contido no Processo Administrativo SEI n.º 15.0.000002523-0, resolve:</p><p> Redistribuir, a partir de 1º/2/2018, para o quadro de pessoal do Tribunal de Justiça do Distrito Federal e Territórios, ante a concordância manifestada por aquela Corte, o cargo vago efetivo de Analista Judiciário, Área Judiciária, do Quadro de Pessoal do TRT da 10ª Região, decorrente de exoneração ocorrida em 13/9/2017, com fundamento no art. 37, da Lei nº 8.112/90, na redação dada pela Lei nº 9.527/97, e na Resolução Administrativa nº 084/2010, do TRT da 10ª Região, em reciprocidade com o cargo de Analista Judiciário, Área Judiciária, daquele Tribunal, ocupado pelo servidor Marcelo Vieira Chagas. </p>]]></Texto>
    <Autores>
      <assina>PEDRO LUÍS VICENTIN FOLTRAN</assina>
    </Autores>
  </body>
</article></xml>