﻿<xml><article id="1350235" name="Portaria Nº 007 publicação nomea" idOficio="4657644" pubName="DO2" artType="Portaria" pubDate="01/02/2018" artClass="00038:00288:00000:00000:00000:00000:00000:00000:00000:00000:00025:00001" artSection="Entidades de Fiscalização do Exercício das Profissões Liberais" artCategory="Conselho Regional de Fisioterapia e Terapia Ocupacional da 13ª Região" artSize="8" artNotes="" numberPage="143" pdfPage="http://pesquisa.in.gov.br/imprensa/jsp/visualiza/index.jsp?data=01/02/2018&amp;jornal=529&amp;pagina=143" editionNumber="23">
  <body>
    <Identifica><![CDATA[PORTARIA Nº 7, de 24 de janeiro de 2018]]></Identifica>
    <Data><![CDATA[]]></Data>
    <Ementa />
    <Titulo />
    <SubTitulo />
    <Texto><![CDATA[<p> O Presidente do Conselho Regional de Fisioterapia e Terapia Ocupacional da Décima Terceira Região, uso de suas atribuições, resolve: Nomear em caráter efetivo, a nos termos do artigo 9º da Lei 8.112/1990 para o Quadro de Pessoal do Conselho, a candidata Michelli de Queiroz Ferreira, aprovada para o cargo de Agente Administrativo no Concurso Público 001/2015, conforme resultado definitivo publicado na Seção 3, n°42 do Diário Oficial da União em 03 de março de 2016. </p>]]></Texto>
    <Autores>
      <assina>Carlos Alberto Eloy Tavares</assina>
    </Autores>
  </body>
</article></xml>