﻿<xml><article id="1348256" name="Port 207 Aposen Volunt Ana Mende" idOficio="4655705" pubName="DO2" artType="Portaria" pubDate="01/02/2018" artClass="00017:00021:00037:00000:00000:00000:00000:00000:00000:00000:00025:00001" artSection="Superintendência Estadual no Rio de Janeiro" artCategory="Superintendência Estadual no Rio de Janeiro" artSize="8" artNotes="" numberPage="73" pdfPage="http://pesquisa.in.gov.br/imprensa/jsp/visualiza/index.jsp?data=01/02/2018&amp;jornal=529&amp;pagina=73" editionNumber="23">
  <body>
    <Identifica><![CDATA[POrtaria nº 207, de 22 DE janeiro de 2018]]></Identifica>
    <Data><![CDATA[]]></Data>
    <Ementa />
    <Titulo />
    <SubTitulo />
    <Texto><![CDATA[<p> O SUPERINTENDENTE ESTADUAL SUBSTITUTO DA FUNDAÇÃO NACIONAL DE SAÚDE NO ESTADO DO RIO DE JANEIRO, nomeado pela Portaria nº. 484 de 29 de março de 2017, publicada no DOU nº. 62,  de 30 de março de 2017, no uso de suas atribuições conforme o  Decreto nº. 8.867, de 03/10/2016, publicado no DOU do dia subsequente, resolve:                                   </p><p> Art.1º Conceder Aposentadoria Voluntária a (o) servidor (a) ANA LÚCIA MENDES TEIXEIRA, Matrícula SIAPE nº. 757703, ocupante do cargo de Agente Administrativo, Classe "S", Padrão III, do Quadro de Pessoal da Fundação Nacional de Saúde, com proventos integrais, com fundamento no Artigo 3º, incisos I, II e III da Emenda Constitucional nº. 47/2005, compreendendo o Vencimento Básico do cargo efetivo, o Adicional por Tempo de Serviço e  a Gratificação de Desempenho da Carreira da Previdência, da Saúde e do Trabalho - GDPST. Processo nº. 25245.007.502/2017-76.</p><p>Art. 2º Declarar vago o cargo referido no artigo 1º.</p><p>Art. 3º Esta Portaria entra em vigor na data de sua publicação.</p>]]></Texto>
    <Autores>
      <assina>TONY JORGE KÜHN</assina>
    </Autores>
  </body>
</article></xml>