﻿<xml><article id="1348706" name="PTS6E7SÃOPAULONORTE" idOficio="4658416" pubName="DO2" artType="Portaria" pubDate="01/02/2018" artClass="00022:00029:00239:00024:00013:00000:00000:00000:00000:00000:00025:00001" artSection="Seção Operacional da Gestão de Pessoas" artCategory="Seção Operacional da Gestão de Pessoas" artSize="8" artNotes="" numberPage="89" pdfPage="http://pesquisa.in.gov.br/imprensa/jsp/visualiza/index.jsp?data=01/02/2018&amp;jornal=529&amp;pagina=89" editionNumber="23">
  <body>
    <Identifica><![CDATA[PORTARIAS DE 29 DE JANEIRO DE 2018]]></Identifica>
    <Data><![CDATA[]]></Data>
    <Ementa />
    <Titulo />
    <SubTitulo />
    <Texto><![CDATA[<p> O CHEFE DA SEÇÃO OPERACIONAL DA GESTÃO DE PESSOAS DA GERÊNCIA EXECUTIVA SÃO PAULO NORTE/SP, no uso das atribuições que lhe confere o art. 235 do Regimento Interno do INSS, aprovado pela Portaria/MDS nº 414, de 28.09.2017, publicada no DOU Edição Extra nº 188-A, de 29.09.2017, que aprova o Regimento Interno do INSS, resolve:</p><p>Nº 6 Conceder aposentadoria voluntária integral ao servidor JAIR DA SILVA matrícula n° 0.933.286 CPF nº 584.626.608-82, ocupante do cargo de Motorista Oficial, classe S, padrão IV, do quadro de pessoal do INSS, com fundamento no  Artigo 3º da Emenda Constitucional nº 47, de 05 de Julho de 2005, observado o contido no Processo nº 35460.000034/2018-07. Em conseqüência, declarar vago o referido cargo.</p><p>Nº 7 Conceder aposentadoria voluntária integral a servidora MARIA EMILIA CARVALHO GONÇALVES JEREMIAS matrícula n° 0.937.612 CPF nº 842.939.698-53, ocupante do cargo de Terapeuta Ocupacional, classe S, padrão IV, do quadro de pessoal do INSS, com fundamento no  Artigo 3º da Emenda Constitucional nº 47, de 05 de Julho de 2005, observado o contido no Processo nº 35460.000014/2018-28 Em conseqüência, declarar vago o referido cargo.</p>]]></Texto>
    <Autores>
      <assina>RAIMUNDO NONATO ALVES FAGUNDES</assina>
    </Autores>
  </body>
</article></xml>