﻿<xml><article id="1348676" name="_PORTARIA DE APOSENTADORIA MODEL" idOficio="4658401" pubName="DO2" artType="Portaria" pubDate="01/02/2018" artClass="00017:00026:00014:00011:00000:00000:00000:00000:00000:00000:00025:00003" artSection="Hospital Federal do Andaraí" artCategory="Hospital Federal do Andaraí" artSize="8" artNotes="" numberPage="76" pdfPage="http://pesquisa.in.gov.br/imprensa/jsp/visualiza/index.jsp?data=01/02/2018&amp;jornal=529&amp;pagina=76" editionNumber="23">
  <body>
    <Identifica><![CDATA[PORTARIA nº 11, DE 29 DE JANEIRO DE 2018]]></Identifica>
    <Data><![CDATA[]]></Data>
    <Ementa />
    <Titulo />
    <SubTitulo />
    <Texto><![CDATA[<p>   </p><p> A Diretora Geral do Hospital Federal do Andaraí, em conformidade com os termos da PT/MS nº 2.081 de 21.10.2016, publicada no Diário Oficial da União (DOU) nº 204 de 24.10.2016 e no uso de suas atribuições legais, na forma da PT/CGRH/SAA/SE/MS/ nº 1041, de 30.10.2009, publicada no DOU nº 209, de 03.11.2009, resolve:</p><p> </p><p> Conceder Aposentadoria voluntária integral ao servidor JOÃO CARLOS JAZBIK, matrícula SIAPE 0628852, ocupante do cargo de Médico, Nível Superior, Classe S, Padrão III, do Quadro de Pessoal deste Ministério, lotada no Hospital Federal do Andaraí, com fundamento no artigo 3º da Emenda Constitucional nº 47/2005, com proventos correspondentes ao cargo efetivo, acrescido de 16% (dezesseis por cento)  de Adicional por Tempo de Serviço e a Gratificação de Desempenho de Atividades Médicas da Carreira da Previdência, da Saúde e do Trabalho GDM-PST-conforme conforme Lei nº 13.324, de 29.07.2016. (Processo nº 33367.006860/2018-94).</p><p>Esta portaria entra em vigor na data de sua publicação.</p><p>         </p>]]></Texto>
    <Autores>
      <assina>MARIA LUCIA FEITOSA G.DA SILVEIRA</assina>
    </Autores>
  </body>
</article></xml>