﻿<xml><article id="1348568" name="Ato de Aposentadoria EDWALDA AMÉ" idOficio="4657165" pubName="DO2" artType="Ato" pubDate="01/02/2018" artClass="00037:00056:00000:00000:00000:00000:00000:00000:00000:00000:00001:00001" artSection="Poder Judiciário" artCategory="Tribunal Regional do Trabalho da 17ª Região" artSize="8" artNotes="" numberPage="126" pdfPage="http://pesquisa.in.gov.br/imprensa/jsp/visualiza/index.jsp?data=01/02/2018&amp;jornal=529&amp;pagina=126" editionNumber="23">
  <body>
    <Identifica><![CDATA[ATO Nº 8, DE 26 DE JANEIRO DE 2018]]></Identifica>
    <Data><![CDATA[]]></Data>
    <Ementa />
    <Titulo />
    <SubTitulo />
    <Texto><![CDATA[<p> O DESEMBARGADOR PRESIDENTE DO TRIBUNAL REGIONAL DO TRABALHO DA DÉCIMA SÉTIMA REGIÃO no uso de suas atribuições legais e regimentais, estabelecidas pelo artigo 42, inciso XXII do Regimento Interno, e à vista do constante do processo TRT-17.ª PAe 0004027-89.2017.5.17.0500, resolve,</p><p>Conceder aposentadoria voluntária, com efeitos a contar da publicação deste Ato, à servidora EDWALDA AMÉRICA DUBOC FAJARDO VENTURIM, no cargo efetivo de Analista Judiciária, Área Judiciária, Classe "C", padrão 13 (último da carreira - Lei n.º 12.774/12), do quadro permanente de pessoal do Tribunal Regional do Trabalho da 17.ª Região, com fundamento no art. 3.º da Emenda Constitucional n.º 47, de 05.07.2005, c/c art. 69 da Orientação Normativa MPS/SPS n.º 02, de 31.03.2009 - D.O.U. de 02.04.2009, com proventos integrais correspondentes à remuneração do cargo efetivo, formados pelo vencimento básico (art. 40 da Lei n.º 8.112/90, c/c o artigo 11 da Lei n.º 11.416/06, com a redação dada pela Lei nº 12.774/12 e artigo 12 da Lei nº 11.416/06, com a redação dada pela Lei nº 13.317/2016) e Gratificação Judiciária-GAJ (art. 11 da Lei n.º 11.416/06, com a redação dada pelo artigo 1.º da Lei n.º 12.774/12 e art. 13 da Lei n.º 11.416/06, com a redação dada pela Lei n.º 13.317/2016) acrescidos de 11 % (onze por cento) de Adicional por Tempo de Serviço (art. 67 da Lei n.º 8.112/90, na redação dada pelo art. 1.º da Lei n.º 9.527/97, combinado com o art. 6.º da Lei n.º 9.624/98) e VPNI-vantagem pessoal nominalmente identificada, resultante da incorporação de 5/5 (cinco quintos) do cargo em comissão de Diretora de Secretaria (CJ-3), com base no art. 62-A da Lei 8112/90, Lei 8911/94, art. 16 da Lei 9421/96, Leis 9527/97 e 9624/98, Medida Provisória 2225-45/01 e decisão proferida nos autos do Processo nº 2004.34.00.048565-0 do TRF da 1ª Região, de Ação Ordinária da Anajustra, transitada em julgado e  Adicional de Qualificação - Especialização: de 7,5 % (sete vírgula cinco por cento) nos termos dos artigos 14, § 5º e 15, III, da Lei 11.416/2006, assegurada a paridade, conforme parágrafo único, do art. 3.º, da Emenda Constitucional n.º 47/05.</p>]]></Texto>
    <Autores>
      <assina>MARIO RIBEIRO CANTARINO NETO</assina>
      <cargo>Desembargador-Presidente</cargo>
    </Autores>
  </body>
</article></xml>