﻿<xml><article id="1368801" name="PT. N31" idOficio="4654331" pubName="DO2" artType="Portaria" pubDate="02/02/2018" artClass="00010:00007:00009:00046:00000:00000:00000:00000:00000:00000:00025:00001" artSection="7º Distrito Naval" artCategory="7º Distrito Naval" artSize="8" artNotes="" numberPage="9" pdfPage="http://pesquisa.in.gov.br/imprensa/jsp/visualiza/index.jsp?data=02/02/2018&amp;jornal=529&amp;pagina=9" editionNumber="24" highlight="">
  <body>
    <Identifica><![CDATA[PORTARIA Nº 31/Com7ºDN, DE 18 DE JANEIRO DE 2018]]></Identifica>
    <Data><![CDATA[]]></Data>
    <Ementa />
    <Titulo />
    <SubTitulo />
    <Texto><![CDATA[<p> O COMANDANTE DO 7º DISTRITO NAVAL, no uso da atribuição que lhe confere o art. 30, § 1º, nº 1 do Decreto nº 57.654, de 20 de janeiro de 1966 (RLSM), e de acordo com o art. 64, §§ 1º e 2º da Lei nº 5.292, de 8 de junho de 1967, resolve:</p><p> Art.1º Interromper o Estágio de Adaptação e Serviço do 2ºTen (RM2-Md) VAGNER DE MATOS VASCONCELOS CARVALHO, a partir de 4 de fevereiro de 2018, por ter sido aprovado e classificado em processo seletivo para ingresso no Corpo de Saúde da Marinha. </p><p> Art.2º Esta Portaria entra em vigor na presente data.</p>]]></Texto>
    <Autores>
      <assina>Vice-Almirante SÉRGIO NATHAN MARINHO GOLDSTEIN</assina>
    </Autores>
  </body>
</article></xml>