﻿<xml><article id="1348298" name="Portaria-231-2018" idOficio="4656311" pubName="DO2" artType="Portaria" pubDate="01/02/2018" artClass="00037:00043:00001:00000:00000:00000:00000:00000:00000:00000:00025:00001" artSection="Presidência" artCategory="Presidência" artSize="8" artNotes="" numberPage="122" pdfPage="http://pesquisa.in.gov.br/imprensa/jsp/visualiza/index.jsp?data=01/02/2018&amp;jornal=529&amp;pagina=122" editionNumber="23">
  <body>
    <Identifica><![CDATA[PORTARIA Nº 231, DE 18 DE JANEIRO DE 2018]]></Identifica>
    <Data><![CDATA[]]></Data>
    <Ementa />
    <Titulo />
    <SubTitulo />
    <Texto><![CDATA[<p> A PRESIDENTE DO TRIBUNAL REGIONAL DO TRABALHO DA 4ª REGIÃO, no uso de suas atribuições legais e regimentais estabelecidas no inciso XIV do art. 39 do Regimento Interno, com fundamento art. 37 da Lei nº 8.112/90, com redação dada pela Lei nº 9.527/97, e considerando o que consta no Processo Administrativo nº 0005785-14.2017.5.04.0000, resolve:</p><p> 1. REDISTRIBUIR, a contar de 01-02-2018, o cargo efetivo de Técnico Judiciário, Área Administrativa, do Quadro Permanente de Pessoal deste Tribunal, ocupado pelo servidor FABIANO HAMADA, enquadrado na Classe A, Padrão 05, para o Quadro Permanente de Pessoal do Tribunal Regional do Trabalho da 9ª Região, em reciprocidade com o cargo efetivo de Técnico Judiciário, Área Administrativa, do Quadro Permanente de Pessoal daquele Regional, ocupado pelo servidor GUSTAVO LUIZ SAILE SCHERER, enquadrado na Classe A, Padrão 04. 2. LOTAR o servidor GUSTAVO LUIZ SAILE SCHERER na 1ª Vara do Trabalho de Gravataí. 3. CONCEDER ao servidor GUSTAVO LUIZ SAILE SCHERER o prazo de 20 (vinte) dias para deslocamento, no período de 01 a 20-02-2018.</p>]]></Texto>
    <Autores>
      <assina>VANIA CUNHA MATTOS</assina>
    </Autores>
  </body>
</article></xml>