﻿<xml><article id="1388228" name="ATO 17.2018 redistribui renata x" idOficio="4656366" pubName="DO2" artType="Ato" pubDate="05/02/2018" artClass="00037:00045:00001:00000:00000:00000:00000:00000:00000:00000:00001:00001" artSection="Presidência" artCategory="Presidência" artSize="8" artNotes="" numberPage="69" pdfPage="http://pesquisa.in.gov.br/imprensa/jsp/visualiza/index.jsp?data=05/02/2018&amp;jornal=529&amp;pagina=69" editionNumber="25" highlight="">
  <body>
    <Identifica><![CDATA[ATO N°17, DE 23 de janeiro de 2017]]></Identifica>
    <Data><![CDATA[]]></Data>
    <Ementa />
    <Titulo />
    <SubTitulo />
    <Texto><![CDATA[<p> O DESEMBARGADOR PRESIDENTE DO TRIBUNAL REGIONAL DO TRABALHO DA SEXTA REGIÃO, usando de suas atribuições legais e regimentais, considerando o decidido no processo n.º 13579/2017 - Proad, e CONSIDERANDO o disposto no art. 37 da Lei n.º 8.112/90 e na Resolução n.º 146/2012 do Conselho Nacional de Justiça, resolve: </p><p>I - FAZER CESSAR os efeitos do Ato TRT-GP n.º 17/2015, publicado no DOU, seção 2, número 40, página 95, em 02.03.2015, que removeu a servidora RENATA BIZZOTTO BURICHE, ocupante do cargo de Técnico Judiciário, Área Administrativa, sem especialidade, deste Regional para o Tribunal Regional do Trabalho da 1ª Região, em reciprocidade com a servidora SILVANA LEITE TAVARES PALITOT, ocupante de idêntico cargo, daquele Regional. II - REDISTRIBUIR o cargo de Técnico Judiciário, Área Administrativa, sem especialidade, do Quadro de Pessoal efetivo deste Tribunal, ocupado pela servidora RENATA BIZZOTTO BURICHE, para o Tribunal Regional do Trabalho da 1ª Região, em reciprocidade com idêntico cargo, ocupado pela servidora SILVANA LEITE TAVARES PALITOT, daquele Tribunal. III - MANTER a servidora SILVANA LEITE TAVARES PALITOT lotada no Gabinete da Desembargadora Maria Clara Saboya Albuquerque Bernardino, no exercício da função comissionada FC-03 (código 1380) de Assistente Administrativo. Este Ato tem efeitos a partir da publicação. Publique-se no Diário Oficial da União.</p><p> </p>]]></Texto>
    <Autores>
      <assina>IVAN DE SOUZA VALENÇA ALVES</assina>
    </Autores>
  </body>
</article></xml>