﻿<xml><article id="1348343" name="Portarias -Fevereiro" idOficio="4657003" pubName="DO2" artType="Portaria" pubDate="01/02/2018" artClass="00007:00003:00064:00000:00000:00000:00000:00000:00000:00000:00025:00001" artSection="Superintendência Federal no Estado de Minas Gerais" artCategory="Superintendência Federal no Estado de Minas Gerais" artSize="8" artNotes="" numberPage="5" pdfPage="http://pesquisa.in.gov.br/imprensa/jsp/visualiza/index.jsp?data=01/02/2018&amp;jornal=529&amp;pagina=5" editionNumber="23">
  <body>
    <Identifica><![CDATA[PORTARIAS DE 25 DE JANEIRO DE 2018]]></Identifica>
    <Data><![CDATA[]]></Data>
    <Ementa />
    <Titulo />
    <SubTitulo />
    <Texto><![CDATA[<p> O Superintendente Federal de Agricultura, Pecuária e Abastecimento em Minas Gerais, no uso das atribuições que lhe confere o inciso XVIII, artigo 44, do Regimento Interno das Superintendências Federais de Agricultura, Pecuária e Abastecimento, aprovado pela Portaria Ministerial nº 428, de 09/06/2010, publicada no Diário Oficial da União de 14/06/2010, resolve:</p><p>Nº 236 - Conceder aposentadoria voluntária com proventos integrais ao servidor ANTONIO LUIZ SOARES, ocupante do cargo de Auxiliar Operacional em Agropecuária, código NA-104020, classe S, padrão III, do Quadro de Pessoal deste Ministério, com fundamento no artigo 3º da EC. 47/2005. (Processo: 21028.014041/2017-00).</p><p>Nº  237 - Conceder aposentadoria voluntária com proventos integrais ao servidor CELSO RODRIGUES ALVES, ocupante do cargo de Agente de Inspeção Sanitária e Industrial de Produtos de Origem Animal, código NI-104001, classe S, padrão IV do Quadro de Pessoal deste Ministério, com fundamento no artigo 3º a EC. 47/2005. (Processo:21028.013765/2017-28).  </p><p>Nº  238 - Conceder aposentadoria voluntária com proventos integrais ao servidor FRANCISCO DE VILAS BOAS REIS, ocupante do cargo de Agente de Inspeção Sanitária e Industrial de Produtos de Origem Animal, código NI-104001, classe S, padrão IV, do Quadro de Pessoal deste Ministério, com fundamento no artigo 3º da EC. 47/2005. (Processo: 21028.014178/217-56). </p><p>Nº  239 - Conceder aposentadoria voluntária com proventos integrais ao servidor JOÃO LÚCIO DE CASTRO, ocupante do cargo de Agente de Inspeção Sanitária e Industrial de Origem Animal, código NI-104001, classe S, padrão IV, do Quadro de Pessoal deste Ministério, com fundamento no artigo 3º da EC. 47/2005. (Processo: 21028.012651/2017-61).</p><p>Nº  240 - Conceder aposentadoria voluntária com proventos integrais ao servidor JOSINA SOARES, ocupante do cargo de Agente de Portaria, código NI-481026, classe S, padrão III, do Quadro de Pessoal deste Ministério, com fundamento no artigo 3º da EC. 47/2005. (Processo: 21028.013491/2017-77).</p><p>Nº  241 - Conceder aposentadoria voluntária com proventos integrais ao servidor JUVENAL LUCHI JUNIOR, ocupante do cargo de código NS- 409010, classe S, padrão IV, do Quadro de Pessoal deste Ministério, com fundamento no artigo 3º da EC. 47/2005. (Processo: 21028.014014/2017-29).  </p><p>Nº  242 - Conceder aposentadoria voluntária com proventos integrais ao servidor RITA DO CARMO FERREIRA DUTRA, ocupante do cargo de Datilógrafo, código NI-481175, classe S, padrão III, do Quadro de Pessoal deste Ministério, com fundamento no artigo 3º da EC. 47/2005. (Processo: 21028.014102/2017-21). </p>]]></Texto>
    <Autores>
      <assina>MARCIO LUIZ MURTA KANGUSSU</assina>
    </Autores>
  </body>
</article></xml>