﻿<xml><article id="1348601" name="12-MARIA SELMA E SONIA - DIS-DES" idOficio="4657876" pubName="DO2" artType="Portaria" pubDate="01/02/2018" artClass="00037:00004:00000:00000:00000:00000:00000:00000:00000:00000:00000:00005" artSection="Secretaria" artCategory="Secretaria" artSize="8" artNotes="" numberPage="115" pdfPage="http://pesquisa.in.gov.br/imprensa/jsp/visualiza/index.jsp?data=01/02/2018&amp;jornal=529&amp;pagina=115" editionNumber="23">
  <body>
    <Identifica><![CDATA[PORTARIA Nº 12, DE 9 DE JANEIRO DE 2018]]></Identifica>
    <Data><![CDATA[]]></Data>
    <Ementa />
    <Titulo />
    <SubTitulo />
    <Texto><![CDATA[<p> O DIRETOR-GERAL EM EXERCÍCIO DA SECRETARIA DO SUPERIOR TRIBUNAL DE JUSTIÇA, com base no item 16.2, XI, b, do Manual de Organização e considerando o disposto no art. 35, I, da Lei n. 8.112, de 11 de dezembro de 1990, resolve:</p><p>Art. 1º Efetuar as seguintes alterações no Núcleo de Gerenciamento de Precedentes:</p><p>I - Dispensar MARIA SELMA ROSA SANTOS, matrícula S023439, da função de confiança de Assistente II, código FC-2;</p><p>II - Designar SÔNIA ALMEIDA FERREIRA, matrícula S053478, para a função de confiança de Assistente II, código FC-2, na vaga decorrente da dispensa de Maria Selma Rosa Santos.</p><p>Art. 2º Esta portaria entra em vigor na data de sua publicação.</p>]]></Texto>
    <Autores>
      <assina>Walter Disney Noleto Costa</assina>
    </Autores>
  </body>
</article></xml>