﻿<xml><article id="1348199" name="Pub_Port_Hercule Imbrosio Neto" idOficio="4654054" pubName="DO2" artType="Portaria" pubDate="01/02/2018" artClass="00012:00002:00012:00035:00000:00000:00000:00000:00000:00000:00025:00001" artSection="Superintendência de Administração em Santa Catarina" artCategory="Superintendência de Administração em Santa Catarina" artSize="8" artNotes="" numberPage="52" pdfPage="http://pesquisa.in.gov.br/imprensa/jsp/visualiza/index.jsp?data=01/02/2018&amp;jornal=529&amp;pagina=52" editionNumber="23">
  <body>
    <Identifica><![CDATA[PORTARIA Nº 12, DE 25 DE JANEIRO DE 2018]]></Identifica>
    <Data><![CDATA[]]></Data>
    <Ementa />
    <Titulo />
    <SubTitulo />
    <Texto><![CDATA[<p>        O SUPERINTENDENTE DE ADMINISTRAÇÃO DO MINISTÉRIO DA FAZENDA NO ESTADO DE SANTA CATARINA, no uso das atribuições que lhe confere o art. 86, inciso XI, da Portaria nº 144, de 27.04.2016, DOU de 29.04.2016 do Ministro de Estado da Fazenda e a Portaria SRF nº 1671 de 16.06.05, DOU de 20.06.05, por delegação de competência resolve:</p><p>         Conceder aposentadoria voluntária, com proventos integrais a HERCULE IMBROSIO NETO, matricula SIAPECAD nº 17145, matricula SIAPE nº 103310, ocupante do cargo de Auditor Fiscal da Receita Federal do Brasil, NS, Classe S, Padrão III, lotado na Delegacia da Receita Federal em Florianópolis/SC, com fundamento no Art. 3º, incisos I a III, parágrafo único da Emenda Constitucional nº 47, publicada no DOU 06/07/2005. (Processo SEI-MF nº. 11516.724874/2017-19). Publique-se.</p>]]></Texto>
    <Autores>
      <assina>GABRIEL HELMUTH SPRUNG SASSE</assina>
      <cargo>Substituto</cargo>
    </Autores>
  </body>
</article></xml>