﻿<xml><article id="1348235" name="imp001 -2018 - Portarias de 1º d" idOficio="4655428" pubName="DO2" artType="Portaria" pubDate="01/02/2018" artClass="00011:00059:00003:00000:00000:00000:00000:00000:00000:00000:00025:00001" artSection="Campus Ibirama" artCategory="Campus Ibirama" artSize="8" artNotes="" numberPage="23" pdfPage="http://pesquisa.in.gov.br/imprensa/jsp/visualiza/index.jsp?data=01/02/2018&amp;jornal=529&amp;pagina=23" editionNumber="23">
  <body>
    <Identifica><![CDATA[PORTARIAS DE 10 DE JANEIRO DE 2018]]></Identifica>
    <Data><![CDATA[]]></Data>
    <Ementa />
    <Titulo />
    <SubTitulo />
    <Texto><![CDATA[<p>  O DIRETOR GERAL PRÓ TEMPORE DO INSTITUTO FEDERAL DE EDUCAÇÃO, CIÊNCIA E TECNOLOGIA CATARINENSE - CAMPUS IBIRAMA - SC, nomeado pela Portaria nº 1.399/2014 de 24 de Junho de 2014, publicada no Diário Oficial da União em 25/06/2014, no uso de suas atribuições legais, subdelegada pela Portaria n°1.385/2014 de 23/06/2014, resolve:</p><p> Nº 6 - Art 1°- DISPENSAR, o servidor Rodrigo da Rosa Gonçalves, ocupante do Cargo de Assistente em Administração, matrícula SIAPE n°1856278, da Função Gratificada de Chefe de Gabinete, - código FG-01, do Instituto Federal Catarinense - Campus Ibirama, designado pela Portaria n°138/2012 de 20/11/2012;</p><p> Nº 7 - Art 1°- DESIGNAR, o servidor Rodrigo da Rosa Gonçalves, ocupante do Cargo de Assistente em Administração, matrícula SIAPE n°1856278, para a Função Gratificada de Chefe de Gabinete - código FG-02, do Instituto Federal Catarinense - Campus Ibirama;</p><p> Nº 8 - Art 1°- DISPENSAR, o servidor Ademir Krieser, ocupante do Cargo de Auxiliar em Administração, matrícula SIAPE n°2006185, da Função Gratificada de Coordenador de Materiais e Patrimônio - código FG-02, do Instituto Federal Catarinense - Campus Ibirama, designado pela Portaria n°168/2013 de 21/11/2013;</p><p> Nº 9 - Art 1°- DESIGNAR, o servidor Ademir Krieser, ocupante do Cargo de Auxiliar em Administração, matrícula SIAPE n°2006185, para a Função Gratificada de Coordenador de Patrimônio e Almoxarifado - código FG-02, do Instituto Federal Catarinense - Campus Ibirama;</p><p> Nº 10 - Art 1°- DISPENSAR, a servidora Luana Cristina Gonçalves, ocupante do Cargo de Assistente em Administração, matrícula SIAPE n°2083030, da Função Gratificada de Coordenador de Execução Orçamentária e Financeira - código FG-03, do Instituto Federal Catarinense - Campus Ibirama, designada pela Portaria n°078/2014 de 09/04/2014;</p><p> Nº 11 - Art 1°- DESIGNAR, a servidora Luana Cristina Gonçalves, ocupante do Cargo de Assistente em Administração, matrícula SIAPE n°2083030, para a Função Gratificada de Coordenador de Execução Orçamentária e Financeira - código FG-01, do Instituto Federal Catarinense - Campus Ibirama;</p><p> Nº 16 - Art 1°- DISPENSAR, a servidora Elisa Lotici Hennig, ocupante do Cargo de Professor do Ensino Básico, Técnico e Tecnológico, matrícula SIAPE n°1700996, da Função Gratificada de Coordenador Geral de Assistência ao Educando - código FG-02, do Instituto Federal Catarinense - Campus Ibirama, designada pela Portaria n°067/2015 de 18/03/2015;</p><p> Nº 17 - Art 1°- DESIGNAR, a servidora Kathia Mariane Fehsenfeld, ocupante do Cargo de Professor do Ensino Básico, Técnico e Tecnológico, matrícula SIAPE n°2958850, para a Função Gratificada de Coordenador de Serviço Integrado de Suporte e Acompanhamento Educacional - código FG-01, do Instituto Federal Catarinense - Campus Ibirama;</p><p> Nº 20 - Art 1°- DISPENSAR, a servidora Sonia Schappo Imhof, ocupante do Cargo de Professor do Ensino Básico, Técnico e Tecnológico, matrícula SIAPE n°1816600, da Função Gratificada de Coordenador Geral de Ensino, Extensão e Estágios - código FG-01, do Instituto Federal Catarinense - Campus Ibirama, designada pela Portaria n°056/2017 de 02/03/2017;</p><p> Nº 21 - Art 1°- DESIGNAR, a servidora Sonia Schappo Imhof, ocupante do Cargo de Professor do Ensino Básico, Técnico e Tecnológico, matrícula SIAPE n°1816600, para a Função Gratificada de Coordenador Geral de Ensino - código FG-01, do Instituto Federal Catarinense - Campus Ibirama;</p><p> Nº 22 - Art 1°- DESIGNAR, o servidor Adriano Mafra, ocupante do Cargo de Professor do Ensino Básico, Técnico e Tecnológico, matrícula SIAPE n°2338541, para a Função Gratificada de Coordenador de Extensão, Estágios e Egressos - código FG-02, do Instituto Federal Catarinense - Campus Ibirama;</p><p> Nº 23 - Art 1°- DISPENSAR, a servidora Fernanda Tomasi, ocupante do Cargo de Auxiliar em Administração, matrícula SIAPE n°2083580, da Função Gratificada de Coordenador de Pesquisa Institucional e Registros Escolares - código FG-02, do Instituto Federal Catarinense - Campus Ibirama, designada pela Portaria n°357/2017 de 29/11/2017;</p><p> Nº 24 - Art 1°- DESIGNAR, a servidora Fernanda Tomasi, ocupante do Cargo de Auxiliar em Administração, matrícula SIAPE n°2083580, para a Função Gratificada de Coordenador de Registro Acadêmico e Cadastro Institucional - código FG-02, do Instituto Federal Catarinense - Campus Ibirama;</p><p> Nº 25 - Art 1°- DISPENSAR, o servidor Claiton Kolm, ocupante do Cargo de Analista de Tecnologia da Informação, matrícula SIAPE n°2188296, da Função Gratificada de Coordenador de Tecnologia da Informação - código FG-02, do Instituto Federal Catarinense - Campus Ibirama, designado pela Portaria n°058/2015 de 09/03/2015;</p><p> Nº 26 - Art 1°- DESIGNAR, o servidor Claiton Kolm, ocupante do Cargo de Analista de Tecnologia da Informação, matrícula SIAPE n°2188296, para a Função Gratificada de Coordenador de Tecnologia da Informação e Comunicação - código FG-02, do Instituto Federal Catarinense - Campus Ibirama;</p><p>Art 2°- Estas Portarias entram em vigor em 1º de fevereiro de 2018, data de suas publicações.</p>]]></Texto>
    <Autores>
      <assina>FERNANDO JOSÉ TAQUES</assina>
    </Autores>
  </body>
</article></xml>