﻿<xml><article id="1348586" name="PORTARIAS CENTRO 2017 I - DOU__0" idOficio="4657490" pubName="DO2" artType="Portaria" pubDate="01/02/2018" artClass="00011:00135:00000:00000:00000:00000:00000:00000:00000:00000:00025:00003" artSection="Ministério da Educação" artCategory="Universidade Federal de Santa Maria" artSize="8" artNotes="" numberPage="46" pdfPage="http://pesquisa.in.gov.br/imprensa/jsp/visualiza/index.jsp?data=01/02/2018&amp;jornal=529&amp;pagina=46" editionNumber="23">
  <body>
    <Identifica><![CDATA[PORTARIAS DE 29 DE JANEIRO DE 2018]]></Identifica>
    <Data><![CDATA[]]></Data>
    <Ementa />
    <Titulo />
    <SubTitulo />
    <Texto><![CDATA[<p> </p><p> O REITOR DA UNIVERSIDADE FEDERAL DE SANTA MARIA, no uso de suas atribuições legais e estatutárias, resolve:</p><p>Nº 87.573-EXONERAR, a pedido, Luciano Caldeira Vilanova, Matrícula SIAPE 6379593, ocupante do cargo de Professor Ensino Básico, Técnico e Tecnológico, do Quadro Único de Pessoal da UFSM, do Cargo de Direção de Diretor do Colégio Técnico Industrial de Santa Maria - CTISM, Código CD3.39, para o qual foi nomeado pela Portaria N. 69.276, de 31/01/2014.(Processo n. 049308/2017-52)</p><p>Nº 87.574-EXONERAR Rafael Adaime Pinto, Matrícula SIAPE 1736464, ocupante do cargo de Professor Ensino Básico, Técnico e Tecnológico, do Quadro Único de Pessoal da UFSM, do Cargo de Direção de Diretor do Departamento de Ensino do Colégio Técnico Industrial de Santa Maria - CTISM, Código CD4.62, para o qual foi nomeado pela Portaria N. 83.579, de 06/04/2017. (Processo n. 049308/2017-52)</p><p>Nº 87.576-NOMEAR Rafael Adaime Pinto, Matrícula SIAPE 1736464, ocupante do cargo de Professor Ensino Básico, Técnico e Tecnológico, do Quadro Único de Pessoal da UFSM, para exercer o Cargo de Direção de Diretor do Colégio Técnico Industrial de Santa Maria - CTISM, Código CD-3.39, para um mandato de quatro anos. (Processo n. 049308/2017-52)</p><p>II - Esta Portaria entra em vigor na data de sua publicação.</p><p>Nº 87.577-NOMEAR Fabio Teixeira Franciscato, Matrícula SIAPE 1859120, ocupante do cargo de Professor Ensino Básico, Técnico e Tecnológico, do Quadro Único de Pessoal da UFSM, para exercer o Cargo de Direção de Vice-Diretor do Colégio Técnico Industrial de Santa Maria - CTISM, Código CD-4.33, para um mandato de quatro anos. (Processo n. 049308/2017-52)</p><p>II - Esta Portaria entra em vigor na data de sua publicação.</p><p>Nº 87.578-CONCEDER Aposentadoria Voluntária, com proventos integrais, a Roselia Terezinha Gomes Genro, Matrícula SIAPE 378902, ocupante do cargo de Assistente em Administração, Nível de Classificação D, Nível de Capacitação IV, Padrão de Vencimento 16, do Quadro de Pessoal da Universidade Federal de Santa Maria, com fundamento no Artigo 3o, incisos I, II e III, da Emenda Constitucional n. 47, de 05.07.2005. (Processo n. 006821/2017-59)</p><p>Nº 87.579-CONCEDER Aposentadoria Voluntária, com proventos integrais, a Elita Ana Faccin, Matrícula SIAPE 379655, ocupante do cargo de Assistente em Administração, Nível de Classificação D, Nível de Capacitação IV, Padrão de Vencimento 16, do Quadro de Pessoal da Universidade Federal de Santa Maria, com fundamento no Artigo 3o, incisos I, II e III, da Emenda Constitucional n. 47, de 05.07.2005. (Processo n. 019544/2017-44)</p><p>Nº 87.580-CONCEDER Aposentadoria Voluntária, com proventos integrais, a Silvana Ferreira Vaccari, Matrícula SIAPE 378941, ocupante do cargo de Técnico de Laboratório-Área, Nível de Classificação D, Nível de Capacitação IV, Padrão de Vencimento 16, do Quadro de Pessoal da Universidade Federal de Santa Maria, com fundamento no Artigo 3o, incisos I, II e III, da Emenda Constitucional n. 47, de 05.07.2005. (Processo n. 033154/2017-87)</p><p>Nº 87.581-CONCEDER Aposentadoria Voluntária, com proventos integrais, a Luis Fernando Cezimbra Schmidt, Matrícula SIAPE 381617, ocupante do cargo de Técnico em Farmácia, Nível de Classificação D, Nível de Capacitação IV, Padrão de Vencimento 16, do Quadro de Pessoal da Universidade Federal de Santa Maria, com fundamento no Artigo 3o, incisos I, II e III, da Emenda Constitucional n. 47, de 05.07.2005. (Processo n. 034575/2017-25)</p><p>Nº 87.582-CONCEDER Aposentadoria Voluntária, com proventos integrais, a Antonio Renato Sangoi, Matrícula SIAPE 378638, ocupante do cargo de Assistente em Administração, Nível de Classificação D, Nível de Capacitação IV, Padrão de Vencimento 16, do Quadro de Pessoal da Universidade Federal de Santa Maria, com fundamento no Artigo 3o, incisos I, II e III, da Emenda Constitucional n. 47, de 05.07.2005. (Processo n. 040981/2016-46)</p><p>Nº 87.583-CONCEDER Aposentadoria Voluntária, com proventos integrais, a Justo dos Santos Cardoso, Matrícula SIAPE 380155, ocupante do cargo de Mestre de Edificações e Infraestrutura, Nível de Classificação D, Nível de Capacitação I, Padrão de Vencimento 16, do Quadro de Pessoal da Universidade Federal de Santa Maria, com fundamento no Artigo 3o, incisos I, II e III, da Emenda Constitucional n. 47, de 05.07.2005. (Processo n. 043432/2017-12)</p><p>Nº 87.584-CONCEDER Aposentadoria Voluntária, com proventos integrais, a Jane Dalla Corte, Matrícula SIAPE 379258, ocupante do cargo de Técnico em Assuntos Educacionais, Nível de Classificação E, Nível de Capacitação IV, Padrão de Vencimento 16, do Quadro de Pessoal da Universidade Federal de Santa Maria, com fundamento no Artigo 3o, incisos I, II e III, da Emenda Constitucional n. 47, de 05.07.2005. (Processo n. 051403/2017-16)</p><p>Nº 87.585-CONCEDER Aposentadoria Voluntária, com proventos integrais, a Carmen Elisete Perrando, Matrícula SIAPE 1189322, ocupante do cargo de Técnico de Laboratório Área, Nível de Classificação D, Nível de Capacitação IV, Padrão de Vencimento 13, do Quadro de Pessoal da Universidade Federal de Santa Maria, com fundamento no Artigo 6o, incisos I, II, III e IV, da Emenda Constitucional n. 41, de 19.12.2003.  (Processo n. 051776/2017-97)</p><p>Nº 87.586-CONCEDER Aposentadoria Voluntária, com proventos integrais, a João Deroci Lopes de Freitas, Matrícula SIAPE 379157, ocupante do cargo de Vigilante, Nível de Classificação D, Nível de Capacitação IV, Padrão de Vencimento 16, do Quadro de Pessoal da Universidade Federal de Santa Maria, com fundamento no Artigo 3o, incisos I, II e III, da Emenda Constitucional n. 47, de 05.07.2005. (Processo n. 052861/2017-72)</p><p>Nº 87.587-CONCEDER Aposentadoria Voluntária, com proventos integrais, a Ana Ligia da Silva Silveira, Matrícula SIAPE 1101166, ocupante do cargo de Médico-Área, Nível de Classificação E, Nível de Capacitação IV, Padrão de Vencimento 14, do Quadro de Pessoal da Universidade Federal de Santa Maria, com fundamento no Artigo 6o, incisos I, II, III e IV, da Emenda Constitucional n. 41, de 19.12.2003. (Processo n. 052991/2017-13)</p>]]></Texto>
    <Autores>
      <assina>PAULO AFONSO BURMANN</assina>
    </Autores>
  </body>
</article></xml>