﻿<xml><article id="1348355" name="portaria 02" idOficio="4657067" pubName="DO2" artType="Portaria" pubDate="01/02/2018" artClass="00017:00002:00037:00008:00000:00000:00000:00000:00000:00000:00025:00001" artSection="Serviço de Gestão Administrativa" artCategory="Serviço de Gestão Administrativa" artSize="8" artNotes="" numberPage="70" pdfPage="http://pesquisa.in.gov.br/imprensa/jsp/visualiza/index.jsp?data=01/02/2018&amp;jornal=529&amp;pagina=70" editionNumber="23">
  <body>
    <Identifica><![CDATA[PORTARIAS DE 29 DE JANEIRO DE 2018]]></Identifica>
    <Data><![CDATA[]]></Data>
    <Ementa />
    <Titulo />
    <SubTitulo />
    <Texto><![CDATA[<p> O CHEFE DO SERVIÇO DE GESTÃO ADMINISTRATIVA DO NÚCLEO ESTADUAL DO MINISTÉRIO DA SAÚDE NO TOCANTINS, no uso das atribuições que lhe confere o Art. 182 do Anexo III da Portaria MS nº 1419, de 08/06/2017, publicada no DOU-1 nº 110, de 09/06/2017, e a Portaria GM nº 2.232, de 01/10/2013, publicada no DOU-2 nº 191, de 02/10/2013, resolve:</p><p>Nº 33 - Art. 1º - Conceder Aposentadoria Voluntária a SINFRONIO JOAQUIM DOS SANTOS, matrícula SIAPE 0468033, cargo de Laboratorista, Nível Intermediário, Classe S, Padrão III, do Quadro Permanente do Ministério da Saúde, com fundamento no Artigo 3º, da Emenda Constitucional nº 47/2005. (NUP nº 25026.000061/2018-47).</p><p>Art. 2º - Declaro vago o cargo. </p><p>Nº 34 - Art. 1º - Conceder Aposentadoria voluntária a OTAVIANO MIRANDA SOBRINHO, matrícula SIAPE 0467682, cargo de Auxiliar de Saneamento, Nível Intermediário, Classe S, Padrão III, do Quadro Permanente do Ministério da Saúde, com fundamento no 3º, da Emenda Constitucional nº 47/200.5 (NUP nº 25026.000063/2018-36).</p><p>Art. 2º - Declaro vago o cargo. </p><p>Nº 35 - Art. 1º - Conceder Aposentadoria Voluntária MARIA JOSE MARTINS NOLÊTO COELHO, matrícula SIAPE 0446939, cargo de Técnico em Enfermagem, Nível Intermediário, Classe S, Padrão III, do Quadro Permanente do Ministério da Saúde, com fundamento no Artigo 3º, da Emenda Constitucional nº 47/2005. (NUP nº 25026.000067/2018-14).</p><p>Art. 2º - Declaro vago o cargo. </p>]]></Texto>
    <Autores>
      <assina>WANTEILDO ANTUNES AYRES DE LIMA</assina>
    </Autores>
  </body>
</article></xml>