﻿<xml><article id="1348190" name="ALOYSIO ANTONIO CASTELO" idOficio="4653862" pubName="DO2" artType="Portaria" pubDate="01/02/2018" artClass="00011:00131:00001:00000:00000:00000:00000:00000:00000:00000:00025:00001" artSection="Reitoria" artCategory="Reitoria" artSize="8" artNotes="" numberPage="43" pdfPage="http://pesquisa.in.gov.br/imprensa/jsp/visualiza/index.jsp?data=01/02/2018&amp;jornal=529&amp;pagina=43" editionNumber="23">
  <body>
    <Identifica><![CDATA[PORTARIA Nº 138, DE 15 DE JANEIRO DE 2018]]></Identifica>
    <Data><![CDATA[]]></Data>
    <Ementa />
    <Titulo />
    <SubTitulo />
    <Texto><![CDATA[<p> </p><p> A Vice-Reitora da Universidade Federal Rural da Amazônia, no uso de suas atribuições conferidas pela portaria nº 2308 de 09/08/2017, publicada no DOU nº 153, de 10/08/2017, página 31, seção 2, e tendo em vista o que consta no processo n° 23084.017482/2017-14 de 01/09/2017, resolve:</p><p>Art. 1º. CONCEDER: Aposentadoria voluntária integral por Tempo de Contribuição, ao servidor Sr. ALOYSIO ANTONIO CASTELO GUAPINDAIA, ocupante do cargo de Sociólogo, matrícula SIAPE n.º 1122088, Nível "NS", Classe "E", Padrão "214", do Quadro de Pessoal desta Universidade, com fundamento legal nos incisos I, II, III, e IV, art. 6º da Emenda constitucional nº 41/2003.  </p><p>Art. 2º Tornar sem efeito a Portaria nº 3427, de 18/12/2017, publicada em DOU nº 249, de 29/12/2017, seção 2, pagina 68.</p><p>Art. 3º Declarar vago o respectivo cargo.</p><p>Art. 4º. Esta Portaria entra em vigor na data de sua publicação.</p><p> </p><p> </p>]]></Texto>
    <Autores>
      <assina>Janae Gonçalves</assina>
    </Autores>
  </body>
</article></xml>