﻿<xml><article id="1388234" name="VBF. Gabarito DOU" idOficio="4656731" pubName="DO2" artType="Ato" pubDate="05/02/2018" artClass="00037:00024:00000:00000:00000:00000:00000:00000:00000:00000:00001:00001" artSection="Poder Judiciário" artCategory="Tribunal Regional Eleitoral de Minas Gerais" artSize="8" artNotes="" numberPage="67" pdfPage="http://pesquisa.in.gov.br/imprensa/jsp/visualiza/index.jsp?data=05/02/2018&amp;jornal=529&amp;pagina=67" editionNumber="25" highlight="">
  <body>
    <Identifica><![CDATA[ATO DE Nº 1, de 26 de janeiro de 2018]]></Identifica>
    <Data><![CDATA[]]></Data>
    <Ementa />
    <Titulo />
    <SubTitulo />
    <Texto><![CDATA[<p> O EXCELENTÍSSIMO SENHOR DESEMBARGADOR PRESIDENTE DO TRIBUNAL REGIONAL ELEITORAL DE MINAS GERAIS, no uso de suas atribuições e tendo em vista o Processo nº 1800197/2018, assinou o seguinte Ato:</p><p>concedendo aposentadoria voluntária por tempo de contribuição, com proventos integrais, a VÂNIA BORBA FONSECA, servidora do Quadro de Pessoal deste Tribunal, ocupante do cargo efetivo de Técnico Judiciário, Área Administrativa, Classe C, Padrão 13, lotada na 334ª Zona Eleitoral de Belo Horizonte, em cargo criado pela Lei nº 8.868/1994, nos termos do art. 6º da Emenda Constitucional nº 41/2003 c/c art. 2º da Emenda Constitucional nº 47/2005, sem prejuízo da percepção das parcelas incorporadas nos termos da Lei nº 8.911/1994 c/c Resolução nº 14.910/1994/TSE, da Lei nº 9.624/1998, da MP nº 2.225­45/2001 e da Lei nº 11.416/2006.</p>]]></Texto>
    <Autores>
      <assina>Des EDGARD PENNA AMORIM</assina>
    </Autores>
  </body>
</article></xml>