﻿<xml><article id="1348658" name="Portaria aposentadoria - LUZ MAR" idOficio="4658306" pubName="DO2" artType="Portaria" pubDate="01/02/2018" artClass="00017:00021:00021:00002:00003:00000:00000:00000:00000:00000:00025:00001" artSection="Seção de Cadastro" artCategory="Seção de Cadastro" artSize="8" artNotes="" numberPage="71" pdfPage="http://pesquisa.in.gov.br/imprensa/jsp/visualiza/index.jsp?data=01/02/2018&amp;jornal=529&amp;pagina=71" editionNumber="23">
  <body>
    <Identifica><![CDATA[PORTARIA Nº 331, DE 29 DE JANEIRO DE 2018]]></Identifica>
    <Data><![CDATA[]]></Data>
    <Ementa />
    <Titulo />
    <SubTitulo />
    <Texto><![CDATA[<p> O SUBSTITUTO EVENTUAL DO   SUPERINTENDENTE ESTADUAL DA FUNDAÇÃO NACIONAL DE SAÚDE NO ESTADO DO AMAZONAS,  no uso da competência que lhe confere o Art. 13 do Estatuto aprovado pelo Decreto nº 8.867, de 3.10.2016, publicado no DOU nº 191, de 4.10.2016 e tendo em vista o que consta no processo nº 25120.000095/2018-63, resolve:</p><p>Art. 1º- Conceder aposentadoria voluntária com proventos integrais à servidora LUZ MARINA PADILHA ATAIDE, Nível Intermediário, matrícula SIAPE nº 0475782, ocupante do cargo de Atendente, Classe "S", Padrão III, do Quadro de Pessoal da Fundação Nacional de Saúde/SUEST-AM, com base no Art. 40, § 1º, inciso III, Alínea "A" da Constituição Federal, com redação dada pela Emenda Constitucional nº 41/03, os proventos serão calculados com base no Art. 1º da Lei nº 10.887/04. </p><p>Art. 2º - Declarar vago o cargo referido no Art. 1º.</p><p>Art. 3º - Esta Portaria entra em vigor na data de sua publicação.</p>]]></Texto>
    <Autores>
      <assina>PAULO ROBERTO DA SILVA MACHADO</assina>
    </Autores>
  </body>
</article></xml>