﻿<xml><article id="1348208" name="Pub_Port_Rosely de Fatima Mellil" idOficio="4654050" pubName="DO2" artType="Portaria" pubDate="01/02/2018" artClass="00012:00002:00012:00035:00000:00000:00000:00000:00000:00000:00025:00004" artSection="Superintendência de Administração em Santa Catarina" artCategory="Superintendência de Administração em Santa Catarina" artSize="8" artNotes="" numberPage="53" pdfPage="http://pesquisa.in.gov.br/imprensa/jsp/visualiza/index.jsp?data=01/02/2018&amp;jornal=529&amp;pagina=53" editionNumber="23">
  <body>
    <Identifica><![CDATA[PORTARIA Nº 15, DE 25 DE JANEIRO DE 2018]]></Identifica>
    <Data><![CDATA[]]></Data>
    <Ementa />
    <Titulo />
    <SubTitulo />
    <Texto><![CDATA[<p>        O SUPERINTENDENTE DE ADMINISTRAÇÃO DO MINISTÉRIO DA FAZENDA NO ESTADO DE SANTA CATARINA, no uso das atribuições que lhe confere o art. 86, inciso XI, da Portaria nº 144, de 27.04.2016, DOU de 29.04.2016 do Ministro de Estado da Fazenda e a Portaria SRF nº 1671 de 16.06.05, DOU de 20.06.05, por delegação de competência resolve:</p><p>         Conceder aposentadoria voluntária, com proventos integrais a ROSELY DE FÁTIMA MELLILO PIRATH, matricula SIAPECAD nº 859260, matricula SIAPE nº 928580, ocupante do cargo de Técnico do Seguro Social, NI, Classe S, Padrão IV, lotada na Delegacia da Receita Federal em Florianópolis/SC, com fundamento no Art. 3º, incisos I a III, parágrafo único da Emenda Constitucional nº 47, publicada no DOU 06/07/2005. (Processo SEI-MF nº. 11516.000029/2017-54). Publique-se.</p>]]></Texto>
    <Autores>
      <assina>GABRIEL HELMUTH SPRUNG SASSE</assina>
      <cargo>Substituto</cargo>
    </Autores>
  </body>
</article></xml>