﻿<xml><article id="1348643" name="Portaria 6-2018" idOficio="4658231" pubName="DO2" artType="Portaria" pubDate="01/02/2018" artClass="00037:00036:00001:00000:00000:00000:00000:00000:00000:00000:00025:00001" artSection="Presidência" artCategory="Presidência" artSize="8" artNotes="" numberPage="120" pdfPage="http://pesquisa.in.gov.br/imprensa/jsp/visualiza/index.jsp?data=01/02/2018&amp;jornal=529&amp;pagina=120" editionNumber="23">
  <body>
    <Identifica><![CDATA[PORTARIA Nº 6, DE 19 DE JANEIRO DE 2018]]></Identifica>
    <Data><![CDATA[]]></Data>
    <Ementa />
    <Titulo />
    <SubTitulo />
    <Texto><![CDATA[<p>O PRESIDENTE DO TRIBUNAL REGIONAL ELEITORAL DE SÃO PAULO, no uso das atribuições regimentais e considerando o que consta do PAD nº 116/2018; resolve:</p><p>Art. 1º Conceder aposentadoria voluntária, com proventos integrais, à servidora Jade Almeida Prometti, ocupante do cargo efetivo de Analista Judiciário, Área Judiciária, Classe C, Padrão 13, nos termos do artigo 3º da Emenda Constitucional 47, de 5 de julho de 2005.</p><p>Art. 2º Esta portaria entrará em vigor na data de sua publicação no Diário Oficial da União.</p>]]></Texto>
    <Autores>
      <assina>CARLOS EDUARDO CAUDURO PADIN</assina>
    </Autores>
  </body>
</article></xml>