﻿<xml><article id="1348583" name="Disp. e Desig. LSPEE-VA - COEME-" idOficio="4657274" pubName="DO2" artType="Portaria" pubDate="01/02/2018" artClass="00011:00003:00000:00000:00000:00000:00000:00000:00000:00000:00025:00001" artSection="Ministério da Educação" artCategory="Centro Federal de Educação Tecnológica Celso Suckow da Fonseca" artSize="8" artNotes="" numberPage="7-14" pdfPage="http://pesquisa.in.gov.br/imprensa/jsp/visualiza/index.jsp?data=01/02/2018&amp;jornal=529&amp;pagina=7,http://pesquisa.in.gov.br/imprensa/jsp/visualiza/index.jsp?data=01/02/2018&amp;jornal=529&amp;pagina=14" editionNumber="23">
  <body>
    <Identifica><![CDATA[PORTARIAs DE 24 DE JANEIRO DE 2018]]></Identifica>
    <Data><![CDATA[]]></Data>
    <Ementa />
    <Titulo />
    <SubTitulo />
    <Texto><![CDATA[<p> O DIRETOR-GERAL DO CENTRO FEDERAL DE EDUCAÇÃO TECNOLÓGICA CELSO SUCKOW DA FONSECA, no uso de suas atribuições, e de acordo com o disposto no Memorando nº 01/2018, de 08/01/2018, da Coordenadoria dos Cursos de Pós-Graduação Lato Sensu, do Departamento de Pós-Graduação, da Diretoria de Pesquisa e Pós-Graduação, resolve:</p><p>Nº 157 Art. 1º - Dispensar o servidor JEIMIS NOGUEIRA DE CASTRO, ocupante do cargo de Professor do Ensino Básico, Técnico e Tecnológico, matrícula SIAPE nº 1920662, da função de Coordenador do Curso de Pós-Graduação Lato Sensu de Temas e Perspectivas Contemporâneas em Educação e Ensino, da Gerência Acadêmica, do Campus Valença, código FG-04.</p><p>Art. 2º - Esta portaria entra em vigor na data de sua publicação.</p><p>Nº 158 Art. 1º - Designar o servidor GUILHERME ORSOLON DE SOUZA, ocupante do cargo de Professor do Ensino Básico, Técnico e Tecnológico, matrícula SIAPE nº 1982480, para a função de Coordenador do Curso de Pós-Graduação Lato Sensu de Temas e Perspectivas Contemporâneas em Educação e Ensino, da Gerência Acadêmica, do Campus Valença, código FG-04.</p><p>Art. 2º - Esta portaria entra em vigor na data de sua publicação.</p><p> O DIRETOR-GERAL DO CENTRO FEDERAL DE EDUCAÇÃO TECNOLÓGICA CELSO SUCKOW DA FONSECA, no uso de suas atribuições, e de acordo com o Memorando nº 056/2017, de 18/12/2017, da Direção do Campus Maria da Graça, resolve: </p><p>Nº 159 Art. 1º - Dispensar, a pedido, a servidora REBECA CARDOZO COELHO, ocupante do cargo de Professor do Ensino Básico, Técnico e Tecnológico, matrícula SIAPE nº 2097908, da função de Coordenador da Coordenadoria do Curso de Ensino Médio, da Gerência Acadêmica, do Campus Maria da Graça, código FUC-001.</p><p>Art. 2º - Esta portaria entra em vigor na data de sua publicação.</p><p>Nº 160 Art. 1º - Designar o servidor LUCIANO DE MELO DIAS, ocupante do cargo de Professor do Ensino Básico, Técnico e Tecnológico, matrícula SIAPE nº 2466072, para a função de Coordenador da Coordenadoria do Curso de Ensino Médio, da Gerência Acadêmica, do Campus Maria da Graça, código FUC-001.</p><p>Art. 2º - Esta portaria entra em vigor na data de sua publicação.</p><p> O DIRETOR-GERAL DO CENTRO FEDERAL DE EDUCAÇÃO TECNOLÓGICA CELSO SUCKOW DA FONSECA, no uso de suas atribuições, e de acordo com o Memorando nº 117/2017, de 11/12/2017, do Departamento de Educação Superior, da Diretoria de Ensino, resolve: </p><p>Nº 161 Art. 1º - Dispensar o servidor HILARIO ANTONIO RODRIGUES GONÇALVES, ocupante do cargo de Professor do Magistério Superior, matrícula SIAPE nº 1172359, da função de Coordenador do Departamento Acadêmico de Física, do Departamento de Educação Superior, da Diretoria de Ensino, código FUC-001.</p><p>Art. 2º - Esta portaria entra em vigor na data de sua publicação.</p><p>Nº 162 Art. 1º - Designar o servidor RICARDO CARDOSO PASCHOAL, ocupante do cargo de Professor do Magistério Superior, matrícula SIAPE nº 1245790, para a função de Coordenador do Departamento Acadêmico de Física, do Departamento de Educação Superior, da Diretoria de Ensino, código FUC-001.</p><p>Art. 2º - Esta portaria entra em vigor na data de sua publicação.</p><p> O DIRETOR-GERAL DO CENTRO FEDERAL DE EDUCAÇÃO TECNOLÓGICA CELSO SUCKOW DA FONSECA, no uso de suas atribuições, e de acordo com o Memorando nº 02/2018, de 04/01/2018, da Direção do Campus Valença, resolve: </p><p>Nº 163 Art. 1º - Dispensar o servidor PABLO MACHADO AMORIM, ocupante do cargo de Assistente em Administração, matrícula SIAPE nº 1852961, da função de Chefe da Seção de Registros Acadêmicos, da Gerência Acadêmica, do Campus Valença, código FG-01.</p><p>Art. 2º - Esta portaria entra em vigor na data de sua publicação.</p><p>Nº 164 Art. 1º - Designar o servidor GEORGE DE SOUZA SILVA, ocupante do cargo de Assistente em Administração, matrícula SIAPE nº 1816447, para a função de Chefe da Seção de Registros Acadêmicos, da Gerência Acadêmica, do Campus Valença, código FG-01.</p><p>Art. 2º - Esta portaria entra em vigor na data de sua publicação.</p><p>Nº 165 Art. 1º - Exonerar o servidor HÉLIO JORGE GAVINHO, ocupante do cargo de Técnico de Tecnologia da Informação, matrícula SIAPE nº 398631, do cargo de Gerente da Gerência Administrativa, do Campus Valença, código CD-04.</p><p>Art. 2º - Esta portaria entra em vigor na data de sua publicação.</p><p>Nº 166 Art. 1º - Nomear o servidor PABLO MACHADO AMORIM, ocupante do cargo de Assistente em Administração, matrícula SIAPE nº 1852961, para o cargo de Gerente da Gerência Administrativa, do Campus Valença, código CD-04.</p><p>Art. 2º - Esta portaria entra em vigor na data de sua publicação.</p>]]></Texto>
    <Autores>
      <assina>CARLOS HENRIQUE FIGUEIREDO ALVES</assina>
    </Autores>
  </body>
</article></xml>