﻿<xml><article id="1348604" name="30-WILSON E SERGIO - DIS-DES" idOficio="4657876" pubName="DO2" artType="Portaria" pubDate="01/02/2018" artClass="00037:00004:00000:00000:00000:00000:00000:00000:00000:00000:00000:00008" artSection="Secretaria" artCategory="Secretaria" artSize="8" artNotes="" numberPage="116" pdfPage="http://pesquisa.in.gov.br/imprensa/jsp/visualiza/index.jsp?data=01/02/2018&amp;jornal=529&amp;pagina=116" editionNumber="23">
  <body>
    <Identifica><![CDATA[PORTARIA Nº 30, DE 24 DE JANEIRO DE 2018]]></Identifica>
    <Data><![CDATA[]]></Data>
    <Ementa />
    <Titulo />
    <SubTitulo />
    <Texto><![CDATA[<p> A DIRETORA-GERAL DA SECRETARIA DO SUPERIOR TRIBUNAL DE JUSTIÇA, com base no item 16.2, XI, b, do Manual de Organização e no disposto no art. 35, I, da Lei n. 8.112, de 11 de dezembro de 1990, resolve: </p><p>Art. 1º Efetuar as seguintes alterações na Coordenadoria de Análise e Classificação de Temas Jurídicos e Distribuição de Feitos, da Secretaria Judiciária:</p><p>I - Dispensar WILSON DICKMANN, matrícula S060903, da função de confiança de Assistente IV, código FC-4;</p><p>II - Designar SÉRGIO AUGUSTO LOPES DE PÁRSIA, matrícula S046218, para a função de confiança de Assistente IV, código FC-4, na vaga decorrente da dispensa de Wilson Dickmann.</p><p>Art. 2º Esta portaria entra em vigor na data de sua publicação.</p>]]></Texto>
    <Autores>
      <assina>Sulamita Avelino Cardoso Marques</assina>
    </Autores>
  </body>
</article></xml>