﻿<xml><article id="1348610" name="Portaria 08.01.2018 - Leila 1" idOficio="4657883" pubName="DO2" artType="Portaria" pubDate="01/02/2018" artClass="00011:00132:00001:00000:00000:00000:00000:00000:00000:00000:00019:00001" artSection="Reitoria" artCategory="Reitoria" artSize="8" artNotes="" numberPage="44" pdfPage="http://pesquisa.in.gov.br/imprensa/jsp/visualiza/index.jsp?data=01/02/2018&amp;jornal=529&amp;pagina=44" editionNumber="23">
  <body>
    <Identifica><![CDATA[PORTARIA Nº 25, DE 8 DE JANEIRO DE 2018]]></Identifica>
    <Data><![CDATA[]]></Data>
    <Ementa />
    <Titulo />
    <SubTitulo />
    <Texto><![CDATA[<p> O REITOR DA UNIVERSIDADE FEDERAL RURAL DO RIO DE JANEIRO, no uso das atribuições que lhe confere o Artigo 9°, inciso XVII, do Regimento Geral da UFRRJ, resolve:</p><p>           I - Conceder aposentadoria voluntária com proventos integrais à LEILA LINS DA SILVA, matrícula SIAPE n.º 0386884, código de vaga nº 299243, ocupante do cargo de Auxiliar em Administração, Nível de Classificação "C", Nível de Capacitação "IV", Padrão de Vencimento "16", integrante do Quadro de Pessoal desta Universidade, lotada na Seção de Cadastro e Movimentação/COCAD/DP, com fundamento no Art. 3º, da Emenda Constitucional nº 047/2005 c/c Art. 62-A da Lei nº 8.112/1990.</p><p>                       II - declarar vago o cargo.</p><p>          Processo: 23083.030739/2017-25.</p>]]></Texto>
    <Autores>
      <assina>RICARDO LUIZ LOURO BERBARA.</assina>
    </Autores>
  </body>
</article></xml>