﻿<xml><article id="1348598" name="29-JULIO E CYNTHIA - DIS-DES" idOficio="4657876" pubName="DO2" artType="Portaria" pubDate="01/02/2018" artClass="00037:00004:00000:00000:00000:00000:00000:00000:00000:00000:00000:00007" artSection="Secretaria" artCategory="Secretaria" artSize="8" artNotes="" numberPage="35-116" pdfPage="http://pesquisa.in.gov.br/imprensa/jsp/visualiza/index.jsp?data=01/02/2018&amp;jornal=529&amp;pagina=35,http://pesquisa.in.gov.br/imprensa/jsp/visualiza/index.jsp?data=01/02/2018&amp;jornal=529&amp;pagina=116" editionNumber="23">
  <body>
    <Identifica><![CDATA[PORTARIA Nº 29, DE 23 DE JANEIRO DE 2018]]></Identifica>
    <Data><![CDATA[]]></Data>
    <Ementa />
    <Titulo />
    <SubTitulo />
    <Texto><![CDATA[<p> A DIRETORA-GERAL DA SECRETARIA DO SUPERIOR TRIBUNAL DE JUSTIÇA, com base no item 16.2, XI, b, do Manual de Organização e no disposto no art. 35, I, da Lei n. 8.112, de 11 de dezembro de 1990, resolve:</p><p>Art. 1º Efetuar as seguintes alterações na Coordenadoria de Imprensa e Conteúdo, da Secretaria de Comunicação Social:</p><p>I - Dispensar JÚLIO PEPE BARRADAS, matrícula S042743, da função de confiança de Assistente II, código FC-2;</p><p>II - Designar CYNTHIA OLIVEIRA BARROS, matrícula S066464, para a função de confiança de Assistente II, código FC-2, na vaga decorrente da dispensa de Júlio Pepe Barradas.</p><p>Art. 2º Esta portaria entra em vigor na data de sua publicação.</p>]]></Texto>
    <Autores>
      <assina>Sulamita Avelino Cardoso Marques</assina>
    </Autores>
  </body>
</article></xml>