﻿<xml><article id="1558454" name="PT74_18" idOficio="4657275" pubName="DO2" artType="Portaria" pubDate="16/02/2018" artClass="00017:00026:00024:00000:00000:00000:00000:00000:00000:00000:00025:00001" artSection="Instituto Nacional de Câncer José Alencar Gomes da Silva" artCategory="Instituto Nacional de Câncer José Alencar Gomes da Silva" artSize="8" artNotes="" numberPage="45" pdfPage="http://pesquisa.in.gov.br/imprensa/jsp/visualiza/index.jsp?data=16/02/2018&amp;jornal=529&amp;pagina=45" editionNumber="32" highlight="">
  <body>
    <Identifica><![CDATA[PORTARIA Nº 74, DE 22 DE JANEIRO DE 2018]]></Identifica>
    <Data><![CDATA[]]></Data>
    <Ementa />
    <Titulo />
    <SubTitulo />
    <Texto><![CDATA[<p> O Diretor-Geral Substituto do Instituto Nacional de Câncer José Alencar Gomes da Silva, no uso de suas atribuições subdelegadas pela Portaria CGRH/SAA/SE/MS nº 1.041, de 30/10/2009, publicada no DOU nº 209, de 03/11/2009, resolve:</p><p>Conceder aposentadoria voluntária, com proventos integrais, a NADINE RIBEIRO DE OLIVEIRA MELLO, matrícula SIAPE nº 1582844, ocupante do cargo de Analista em C&amp;T, NS, classe H, padrão III do quadro de pessoal do Ministério da Saúde, com fundamento no art. 40, §1º, inciso III, alínea "a", da Constituição Federal, com redação dada pela Emenda Constitucional nº 41/2003. Os proventos serão calculados com base no art. 1º da Lei nº 10.887/2004 (Processo nº 25410.403783/2017-35).</p>]]></Texto>
    <Autores>
      <assina>Gélcio Luiz Quintella Mendes</assina>
    </Autores>
  </body>
</article></xml>