﻿<xml><article id="1348229" name="Port.ele 28" idOficio="4655334" pubName="DO2" artType="Portaria" pubDate="01/02/2018" artClass="00017:00002:00035:00000:00000:00000:00000:00000:00000:00000:00025:00001" artSection="Núcleo Estadual em São Paulo" artCategory="Núcleo Estadual em São Paulo" artSize="8" artNotes="" numberPage="69" pdfPage="http://pesquisa.in.gov.br/imprensa/jsp/visualiza/index.jsp?data=01/02/2018&amp;jornal=529&amp;pagina=69" editionNumber="23">
  <body>
    <Identifica><![CDATA[Portarias de 23 janeiro de 2018]]></Identifica>
    <Data><![CDATA[]]></Data>
    <Ementa />
    <Titulo />
    <SubTitulo />
    <Texto><![CDATA[<p> O CHEFE DA DIVISÃO DE GESTÃO ADMINISTRATIVA DO NÚCLEO ESTADUAL DO MINISTÉRIO DA SAÚDE NO ESTADO DE SÃO PAULO - no uso da competência que lhe foi subdelegada pela Portaria SAA/SE/MS nº. 1804 de 1/10/2013, publicada no DOU nº. 192, de 03/10/2013, e tendo em vista o que constam nos processos abaixo especificados, resolve:                                                                                                         </p><p>Nº 28-Conceder aposentadoria voluntária á servidora MARIA ILMA SANTOS DE OLIVEIRA, matrícula SIAPE nº 656222, ocupante do cargo de Auxiliar de Enfermagem, nível intermediário, classe "S", padrão III, do Quadro de Pessoal deste Ministério, com fundamento no artigo 40, inciso III, alínea "a", da Constituição Federal, combinado com o artigo 3.°, da Emenda Constitucional n.º 47/05. (Processo nº 25004.402281/2017-89).</p><p>Nº 29- Conceder aposentadoria voluntária a servidora TANIA COIMBRA PEREIRA, matrícula SIAPE nº 605498, ocupante do cargo de Médico, nível superior, classe "S", padrão III, do Quadro de Pessoal deste Ministério, com fundamento no artigo 40, inciso III, alínea "a", da Constituição Federal, combinado com o artigo 3.°, da Emenda Constitucional n.º 47/05. (Processo nº 25004.402476/2017-29).</p><p>Nº 30-Conceder aposentadoria voluntária á servidora JACIRA GONÇALVES ARAMAN, matrícula SIAPE nº 595304, ocupante do cargo de Técnico de Laboratório, nível intermediário, classe "S", padrão III, do Quadro de Pessoal deste Ministério, com fundamento no artigo 40, inciso III, alínea "a", da Constituição Federal, combinado com o artigo 3.°, da Emenda Constitucional n.º 47/05. (Processo nº 25004.402423/2017-16).</p><p>Nº 31-Conceder aposentadoria voluntária ao servidor FERNANDO VALENTIM BARNABE, matrícula SIAPE nº 594567, ocupante do cargo de Odontólogo, nível superior, classe "S", padrão III, do Quadro de Pessoal deste Ministério, com fundamento no artigo 40, inciso III, alínea "a", da Constituição Federal, combinado com o artigo 3.°, da Emenda Constitucional n.º 47/05. (Processo nº 25004.402426/2017-41).</p>]]></Texto>
    <Autores>
      <assina>Ronaldo Raymundo</assina>
    </Autores>
  </body>
</article></xml>