﻿<xml><article id="1348334" name="DOU - TRIANGULAÇÃO-ANTONIO CARLO" idOficio="4656952" pubName="DO2" artType="Portaria" pubDate="01/02/2018" artClass="00037:00029:00000:00000:00000:00000:00000:00000:00000:00000:00025:00001" artSection="Poder Judiciário" artCategory="Tribunal Regional Eleitoral do Piauí" artSize="8" artNotes="" numberPage="119" pdfPage="http://pesquisa.in.gov.br/imprensa/jsp/visualiza/index.jsp?data=01/02/2018&amp;jornal=529&amp;pagina=119" editionNumber="23">
  <body>
    <Identifica><![CDATA[PORTARIA Nº 115, de 25 de janeiro de 2018]]></Identifica>
    <Data><![CDATA[]]></Data>
    <Ementa />
    <Titulo />
    <SubTitulo />
    <Texto><![CDATA[<p> O DESEMBARGADOR FRANCISCO ANTONIO PAES LANDIM FILHO, PRESIDENTE DO EGRÉGIO TRIBUNAL REGIONAL ELEITORAL DO PIAUÍ, no uso de suas atribuições legais e, </p><p>Considerando o atendimento dos artigos 2º, I, III, IV e V; 4º, 5º, 28 e 29 da Resolução TRE-PI nº 305 e nos arts. 37, incisos I e V da Lei nº 8112/90; arts. 5º e 7º, §§ 1º e 3º da Resolução TSE nº 23.430/2014,</p><p>Considerando, ainda, as decisões exaradas nos Processos Administrativos Digitais (PAD) nº 178/2017 (TRE/PI), de 30 de janeiro de 2017; nº 754/2017 (TRE/MA), de 21 de agosto de 2017; e, Ofício nº 3694/2017-TRE/PRE/DG/SGP/CODRES/SGD (documento digital nº 65.471/2017, de 18 de dezembro de 2017), que informa o Processo Eletrônico SEI nº 0000967-15.2017.6.14.8000 (TRE/PA),   resolve:</p><p>Art. 1º Redistribuir o cargo de Técnico Judiciário, Área Administrativa, do Quadro de Pessoal deste Tribunal, criado pela Lei n.º 7.645/87, ocupado pelo servidor ANTONIO CARLOS MACIEL PEIXOTO, para o Quadro de Pessoal do Tribunal Regional do Maranhão, em reciprocidade, mediante triangulação, com idênticos cargos ocupados pelos servidores JANSON RICHARD QUARESMA NEGREIROS do Quadro Permanente de Pessoal do Tribunal Regional Eleitoral do Pará, e EDUARDO SOUSA DE ARAUJO do Quadro Permanente de Pessoal do Tribunal Regional Eleitoral do Maranhão, que serão redistribuídos para este Regional e o TRE/PA, respectivamente.  </p><p>Art. 2º Lotar JANSON RICHARD QUARESMA NEGREIROS no Cartório Eleitoral da 59ª Zona Eleitoral, sediada em Cristino Castro/PI. </p><p>Art. 3º. Conceder ao servidor citado no art. 2º, 30 (trinta) dias para trânsito.</p>]]></Texto>
    <Autores>
      <assina>Des. FRANCISCO ANTONIO PAES LANDIM FILHO</assina>
    </Autores>
  </body>
</article></xml>