﻿<xml><article id="1348247" name="PORTARIA GPR 111" idOficio="4655559" pubName="DO2" artType="Portaria" pubDate="01/02/2018" artClass="00037:00039:00002:00000:00000:00000:00000:00000:00000:00000:00025:00006" artSection="Presidência" artCategory="Presidência" artSize="8" artNotes="" numberPage="120" pdfPage="http://pesquisa.in.gov.br/imprensa/jsp/visualiza/index.jsp?data=01/02/2018&amp;jornal=529&amp;pagina=120" editionNumber="23">
  <body>
    <Identifica><![CDATA[Portaria Nº 111, de 23 de janeiro de 2018]]></Identifica>
    <Data><![CDATA[]]></Data>
    <Ementa />
    <Titulo />
    <SubTitulo />
    <Texto><![CDATA[<p> O PRESIDENTE DO TRIBUNAL DE JUSTIÇA DO DISTRITO FEDERAL E DOS TERRITÓRIOS, no uso de sua competência legal e tendo em vista o disposto no Processo Administrativo 0025042/2017, resolve:</p><p>Conceder aposentadoria voluntária integral, com fundamento no art. 3º da Emenda Constitucional 47, de 5 de julho de 2005, à servidora CLÁUDIA TEIXEIRA GOMES DE OLIVEIRA, matrícula 310.388, ocupante do cargo de Técnico Judiciário, Área Administrativa, Classe "C", Padrão 13, Nível Intermediário, do Quadro de Pessoal deste Tribunal, com as vantagens previstas no art. 67 da Lei 8.112/1990 c/c o art. 6º da Lei 9.624/1998 e com o inciso II do art. 15 da Medida Provisória 2.225-45/2001; e na determinação judicial contida no Mandado de Segurança nº 2003.00.2.008895-7.</p>]]></Texto>
    <Autores>
      <assina>Des. MARIO MACHADO</assina>
    </Autores>
  </body>
</article></xml>