﻿<xml><article id="1348637" name="Portaria nº 212 TELMA FERREIRA" idOficio="4658091" pubName="DO2" artType="Portaria" pubDate="01/02/2018" artClass="00011:00079:00001:00001:00000:00000:00000:00000:00000:00000:00025:00014" artSection="Chefia de Gabinete" artCategory="Chefia de Gabinete" artSize="8" artNotes="" numberPage="31" pdfPage="http://pesquisa.in.gov.br/imprensa/jsp/visualiza/index.jsp?data=01/02/2018&amp;jornal=529&amp;pagina=31" editionNumber="23">
  <body>
    <Identifica><![CDATA[PORTARIA Nº 212, DE 25 DE JANEIRO DE 2018]]></Identifica>
    <Data><![CDATA[]]></Data>
    <Ementa />
    <Titulo />
    <SubTitulo />
    <Texto><![CDATA[<p> O REITOR DO INSTITUTO FEDERAL DE EDUCAÇÃO, CIÊNCIA E TECNOLOGIA DE RONDÔNIA, no uso de suas atribuições legais e considerando o Memorando nº 14/2018/VLH - CGAB/VLH, de 25/01/2017, resolve:</p><p>Art. 1º DISPENSAR, a partir de 01/02/2018, a Professora do Ensino Básico Técnico e Tecnológico, Telma Ferreira da Silva Regis, Mat. SIAPE 1914653, da Função Gratificada de Chefe do Departamento de Apoio ao Ensino, Campus Vilhena/IFRO, Código FG-01.</p><p>Art. 2º Esta Portaria entrará em vigor na data de sua publicação.</p>]]></Texto>
    <Autores>
      <assina>Uberlando Tiburtino Leite</assina>
    </Autores>
  </body>
</article></xml>