﻿<xml><article id="1348769" name="15 - DISP E DESIG JESSICA KRISTI" idOficio="4658719" pubName="DO2" artType="Portaria" pubDate="01/02/2018" artClass="00037:00064:00001:00003:00004:00004:00000:00000:00000:00000:00025:00002" artSection="Serviço de Pessoal" artCategory="Serviço de Pessoal" artSize="8" artNotes="" numberPage="142" pdfPage="http://pesquisa.in.gov.br/imprensa/jsp/visualiza/index.jsp?data=01/02/2018&amp;jornal=529&amp;pagina=142" editionNumber="23">
  <body>
    <Identifica><![CDATA[PORTARIA Nº 87, DE 29 DE JANEIRO DE 2018]]></Identifica>
    <Data><![CDATA[]]></Data>
    <Ementa />
    <Titulo />
    <SubTitulo />
    <Texto><![CDATA[<p> O COORDENADOR DE GESTÃO DE PESSOAS DO TRIBUNAL REGIONAL DO TRABALHO DA 24ª REGIÃO, no uso de suas atribuições  legais  e  regimentais, resolve: </p><p>1. DISPENSAR a servidora JESSICA KRISTINA DA SILVA CHIRIATO PINTO, TÉCNICO JUDICIÁRIO, com lotação na 3ª VARA DO TRABALHO DE CAMPO GRANDE, da Função Comissionada de ASSISTENTE DE JUIZ (KE-10), símbolo FC-5, com efeitos a contar de 01/02/2018. 2. DESIGNAR a referida servidora para exercer a Função Comissionada de CALCULISTA (128-RA-118), símbolo FC-4, com efeitos a contar de 01/02/2018.</p>]]></Texto>
    <Autores>
      <assina>FRANCISCO DAS CHAGAS BRANDÃO DA COSTA</assina>
    </Autores>
  </body>
</article></xml>