﻿<xml><article id="1351287" name="PORTARIA 121 - 31.01.18 - Conced" idOficio="4660338" pubName="DO2" artType="Portaria" pubDate="01/02/2018" artClass="00011:00077:00001:00000:00000:00000:00000:00000:00000:00000:00025:00001" artSection="Reitoria" artCategory="Reitoria" artSize="8" artNotes="" numberPage="29" pdfPage="http://pesquisa.in.gov.br/imprensa/jsp/visualiza/index.jsp?data=01/02/2018&amp;jornal=529&amp;pagina=29" editionNumber="23">
  <body>
    <Identifica><![CDATA[PORTARIA Nº 121, DE 30 DE JANEIRO DE 2018]]></Identifica>
    <Data><![CDATA[]]></Data>
    <Ementa />
    <Titulo />
    <SubTitulo />
    <Texto><![CDATA[<p> O REITOR SUBSTITUTO DO INSTITUTO FEDERAL DE EDUCAÇÃO, CIÊNCIA E TECNOLOGIA DO RIO GRANDE DO SUL, no uso das atribuições que lhe são conferidas pela Portaria nº 1128, de 30 de junho de 2017, publicada no D.O.U. de 03/07/2017, e considerando a portaria MEC n° 404, de 23 de abril de 2009, resolve:</p><p>Art. 1º CONCEDER APOSENTADORIA voluntária com proventos integrais ao servidor ALMIR ANTONIO VALENTI, matrícula SIAPE nº 1103094, ocupante do cargo de Almoxarife, Nível: NI, Classe: C, Padrão: 414, do quadro de pessoal do Instituto Federal de Educação, Ciência e Tecnologia do Rio Grande do Sul - Reitoria, com fundamento no art. 6º da EC 41/2003 e no art. 40 da CF de 1988 (processo nº 23419.001586/2017-70);</p><p>Art. 2º Declarar vago o referido cargo.</p>]]></Texto>
    <Autores>
      <assina>José Eli Santos dos Santos</assina>
    </Autores>
  </body>
</article></xml>