﻿<xml><article id="1349174" name="PORTARIA 06" idOficio="4659446" pubName="DO2" artType="Portaria" pubDate="01/02/2018" artClass="00012:00002:00012:00030:00000:00000:00000:00000:00000:00000:00025:00001" artSection="Superintendência de Administração no Rio Grande do Norte" artCategory="Superintendência de Administração no Rio Grande do Norte" artSize="8" artNotes="" numberPage="52" pdfPage="http://pesquisa.in.gov.br/imprensa/jsp/visualiza/index.jsp?data=01/02/2018&amp;jornal=529&amp;pagina=52" editionNumber="23">
  <body>
    <Identifica><![CDATA[PORTARIA Nº 6, de 30 de janeiro de 2018]]></Identifica>
    <Data><![CDATA[]]></Data>
    <Ementa />
    <Titulo />
    <SubTitulo />
    <Texto><![CDATA[<p> A SUPERINTENDENTE DE ADMINISTRAÇÃO DO MINISTÉRIO DA FAZENDA NO ESTADO DO RIO GRANDE DO NORTE, no uso da competência que lhe foi atribuída pela Portaria nº 144, de 27/04/2016, do Ministro de Estado da Fazenda e tendo em vista o Processo nº 10469.000351/2017-23, resolve:</p><p>Conceder aposentadoria voluntária, com proventos integrais, ao servidor CÉLIO FERNANDES MARINHO, ocupante do cargo de Administrador, código 489001, Classe S, Padrão III, Matrícula SIAPE nº 1092754, do quadro de pessoal do Ministério da Fazenda, com fundamento no Artigo 3º, Incisos I, II e III, § único, da EC nº 47/2005 c/c o Artigo 7 º,  da EC nº 41/2003.</p>]]></Texto>
    <Autores>
      <assina>JOSÉLIA CAVALCANTI DAS NEVES</assina>
    </Autores>
  </body>
</article></xml>