﻿<xml><article id="1352051" name="A 204 205 Dispensar ROBERTO BORG" idOficio="4660421" pubName="DO2" artType="Portaria" pubDate="01/02/2018" artClass="00017:00001:00000:00000:00000:00000:00000:00000:00000:00000:00025:00004" artSection="Ministério da Saúde" artCategory="Gabinete do Ministro" artSize="8" artNotes="" numberPage="62" pdfPage="http://pesquisa.in.gov.br/imprensa/jsp/visualiza/index.jsp?data=01/02/2018&amp;jornal=529&amp;pagina=62" editionNumber="23">
  <body>
    <Identifica><![CDATA[PORTARIAS DE 30 DE JANEIRO DE 2018]]></Identifica>
    <Data><![CDATA[]]></Data>
    <Ementa />
    <Titulo />
    <SubTitulo />
    <Texto><![CDATA[<p> O CHEFE DE GABINETE DO MINISTRO DE ESTADO DA SAÚDE, no uso da c GABINETE DO MINISTRO DE ESTADO DA SAÚDE, no uso da competência que lhe foi delegada pela Portaria nº 761/GM/MS, de 13 de abril de 2011, resolve:</p><p>Nº 204 - Designar TATIANE SANTOS DE OLIVEIRA para exercer a Função Comissionada Técnica de Analista de Organização Administrativa I, código FCT-01, nº 05F.0001, da Secretaria-Executiva, ficando dispensada da que atualmente ocupa.</p><p>Nº 205 - Designar ROBERTO BORGES DE LIMA para exercer a Função Comissionada Técnica de Analista de Organização Administrativa IV, código FCT-04, nº 05F.0018, da Secretaria-Executiva, ficando dispensado da que atualmente ocupa.</p>]]></Texto>
    <Autores>
      <assina>PAULO ROBERTO REBELLO FILHO</assina>
    </Autores>
  </body>
</article></xml>