﻿<xml><article id="1350576" name="P8012018__095727" idOficio="4660316" pubName="DO2" artType="Portaria" pubDate="01/02/2018" artClass="00011:00129:00001:00001:00000:00000:00000:00000:00000:00000:00025:00001" artSection="Gabinete do Reitor" artCategory="Gabinete do Reitor" artSize="8" artNotes="" numberPage="41" pdfPage="http://pesquisa.in.gov.br/imprensa/jsp/visualiza/index.jsp?data=01/02/2018&amp;jornal=529&amp;pagina=41" editionNumber="23">
  <body>
    <Identifica><![CDATA[PORTARIAS DE 29 DE JANEIRO DE 2018]]></Identifica>
    <Data><![CDATA[]]></Data>
    <Ementa />
    <Titulo />
    <SubTitulo />
    <Texto><![CDATA[<p> A VICE-REITORA, NO EXERCÍCIO DA REITORIA DA UNIVERSIDADE FEDERAL DO RIO GRANDE DO SUL, no uso de suas atribuições legais e estatutárias, resolve:</p><p> </p><p>N° 801 - Autorizar o afastamento do país de GUILHERME BALDO, Professor do Magistério Superior,  lotado no Departamento de Fisiologia do Instituto de Ciências Básicas da Saúde e com exercício  no Programa de Pós-Graduação em Ciências Biológicas: Fisiologia,  com a finalidade de participar de congressos junto  ao Lysosomal Disease Network, em San Diego, Estados Unidos, no período compreendido entre 04/02/2018 e 09/02/2018, incluído trânsito, com ônus limitado. Solicitação nº  33855.</p><p>N° 802 - Autorizar o afastamento do país de EDISON PIGNATON DE FREITAS, Professor do Magistério Superior, lotado e em exercício no Departamento de Informática Aplicada do Instituto de Informática, com a finalidade de realizar visita junto à Ruhr Universität Bochum, em Bochum, Alemanha, no período compreendido entre 17/02/2018 e 04/03/2018, incluído trânsito, com ônus limitado. Solicitação nº 33854.</p><p>N° 803 - Autorizar o afastamento do país de RONEI SILVEIRA PINTO, Professor do Magistério Superior, lotado e em exercício no Departamento de Educação Física da Escola de Educação Física, Fisioterapia e Dança, com a finalidade de realizar visita junto à Université Blaise Pascal, em Clermont-ferrand, França, no período compreendido entre 24/02/2018 e 10/03/2018, incluído trânsito, com ônus limitado. Solicitação nº 33834.</p>]]></Texto>
    <Autores>
      <assina>JANE FRAGA TUTIKIAN</assina>
    </Autores>
  </body>
</article></xml>