﻿<xml><article id="1351410" name="NOMEAÇÕES JAN 5" idOficio="4660347" pubName="DO2" artType="Portaria" pubDate="01/02/2018" artClass="00011:00136:00051:00000:00000:00000:00000:00000:00000:00000:00025:00002" artSection="Pró-Reitoria de Gestão com Pessoas" artCategory="Pró-Reitoria de Gestão com Pessoas" artSize="8" artNotes="" numberPage="47" pdfPage="http://pesquisa.in.gov.br/imprensa/jsp/visualiza/index.jsp?data=01/02/2018&amp;jornal=529&amp;pagina=47" editionNumber="23">
  <body>
    <Identifica><![CDATA[PORTARIA Nº 260, DE 30 DE JANEIRO DE 2018]]></Identifica>
    <Data><![CDATA[]]></Data>
    <Ementa />
    <Titulo />
    <SubTitulo />
    <Texto><![CDATA[<p> </p><p> O PRÓ-REITOR DE GESTÃO COM PESSOAS DA UNIVERSIDADE FEDERAL DE SÃO PAULO, no uso da competência que lhe foi delegada pela Portaria n° 3.474/2017, publicada no D.O.U. de 12/09/2017, usando das atribuições legais e estatutárias e nos termos do Artigo 9º, Inciso I, combinado com o Artigo 10, da Lei 8.112, de 11/12/90, em conformidade com a Lei nº 12.772, de 28/12/2012 com alterações constantes na Lei nº 12.863, de 24/09/2013 e Lei n° 13.325 de 29/07/2016, resolve:</p><p> Tornar sem efeito a portaria de nomeação nº 192, de PATRICIA LACZYNSKI DE SOUZA, publicada no D.O.U. de 29/01/2018, Seção 2, página nº 24, em virtude de processo judicial n° 5000192-26.2018.4.03.6100, conforme parecer de força executória memo n° 0021/2018/NMA SMA/PRF3R/PGF/AGU, da lavra do procurador federal Fernando M. Dutra Costa.</p>]]></Texto>
    <Autores>
      <assina>MURCHED OMAR TAHA</assina>
    </Autores>
  </body>
</article></xml>