﻿<xml><article id="1352829" name="Portarias 31.01.18 rtf" idOficio="4660543" pubName="DO2" artType="Portaria" pubDate="01/02/2018" artClass="00026:00030:00011:00066:00000:00000:00000:00000:00000:00000:00025:00001" artSection="Coordenação de Recursos Humanos" artCategory="Coordenação de Recursos Humanos" artSize="8" artNotes="" numberPage="22-23-24-105" pdfPage="http://pesquisa.in.gov.br/imprensa/jsp/visualiza/index.jsp?data=01/02/2018&amp;jornal=529&amp;pagina=22,http://pesquisa.in.gov.br/imprensa/jsp/visualiza/index.jsp?data=01/02/2018&amp;jornal=529&amp;pagina=23,http://pesquisa.in.gov.br/imprensa/jsp/visualiza/index.jsp?data=01/02/2018&amp;jornal=529&amp;pagina=24,http://pesquisa.in.gov.br/imprensa/jsp/visualiza/index.jsp?data=01/02/2018&amp;jornal=529&amp;pagina=105" editionNumber="23">
  <body>
    <Identifica><![CDATA[PORTARIAS DE 31 DE JANEIRO DE 2018]]></Identifica>
    <Data><![CDATA[]]></Data>
    <Ementa />
    <Titulo />
    <SubTitulo />
    <Texto><![CDATA[<p> A COORDENADORA de RECURSOS HUMANOS SUBSTITUTA da FUNDAÇÃO INSTITUTO BRASILEIRO DE GEOGRAFIA E ESTATÍSTICA-IBGE, usando de suas atribuições, resolve:</p><p>Nº 114 Conceder aposentadoria ao servidor AGOSTINHO MARTINS DE SOUZA FILHO, matrícula nº 764773, ocupante do cargo efetivo de Técnico em Informações Geográficas e Estatísticas, Classe S, Padrão III, do Quadro Permanente desta Fundação, com percepção de proventos integrais, de acordo com o Art. 3º da Emenda Constitucional nº 47/05, combinado com o Art. 186, Inciso III, Alínea "a" da Lei nº 8.112/90. Declarar vago o referido cargo. Código 047001. (Processo n° 03633.001798/2017-13).</p><p>Nº 115 Conceder aposentadoria ao servidor ALBEMAR MENDES DE FREITAS, matrícula nº 772684, ocupante do cargo efetivo de Técnico em Informações Geográficas e Estatísticas, Classe S, Padrão III, do Quadro Permanente desta Fundação, com percepção de proventos integrais, de acordo com o Art. 3º da Emenda Constitucional nº 47/05, combinado com o Art. 186, Inciso III, Alínea "a" da Lei nº 8.112/90. Declarar vago o referido cargo. Código 047001. (Processo n° 03624.000605/2017-16).</p><p>Nº 116 Conceder aposentadoria ao servidor ALDEMYR RODRIGUES MARQUES, matrícula nº 762268, ocupante do cargo efetivo de Técnico em Planejamento, Gestão e Infraestrutura em Informações Geográficas e Estatísticas, Classe S, Padrão III, do Quadro Permanente desta Fundação, com percepção de proventos integrais, de acordo com o Art. 3º da Emenda Constitucional nº 47/05, combinado com o Art. 186, Inciso III, Alínea "a" da Lei nº 8.112/90. Declarar vago o referido cargo. Código 047001. (Processo n° 03604.004200/2017-87).</p><p>Nº 117 Conceder aposentadoria ao servidor ALTAGNAN ABREU VIANA, matrícula nº 765965, ocupante do cargo efetivo de Técnico em Informações Geográficas e Estatísticas, Classe S, Padrão III, do Quadro Permanente desta Fundação, com percepção de proventos integrais, de acordo com o Art. 3º da Emenda Constitucional nº 47/05, combinado com o Art. 186, Inciso III, Alínea "a" da Lei nº 8.112/90. Declarar vago o referido cargo. Código 047001. (Processo n° 03604.004163/2017-15).</p><p> Nº 118 Conceder aposentadoria ao servidor AMERICO SAAVEDRA BATISTA JUNIOR, matrícula nº 764563, ocupante do cargo efetivo de Técnico em Planejamento, Gestão e Infraestrutura em Informações Geográficas e Estatísticas, Classe S, Padrão III, do Quadro Permanente desta Fundação, com percepção de proventos integrais, de acordo com o Art. 3º da Emenda Constitucional nº 47/05, combinado com o Art. 186, Inciso III, Alínea "a" da Lei nº 8.112/90. Declarar vago o referido cargo. Código 047001. (Processo n° 03604.004124/2017-18).</p><p>Nº 119 Conceder aposentadoria ao servidor ANTONIO BADARO SILVA DE SOUZA, matrícula nº 774095, ocupante do cargo efetivo de Técnico em Informações Geográficas e Estatísticas, Classe S, Padrão III, do Quadro Permanente desta Fundação, com percepção de proventos integrais, de acordo com o Art. 3º da Emenda Constitucional nº 47/05, combinado com o Art. 186, Inciso III, Alínea "a" da Lei nº 8.112/90. Declarar vago o referido cargo. Código 047001. (Processo n° 03635.003761/2017-00).</p><p>Nº 120 Conceder aposentadoria ao servidor ANTONIO DE PONTE JARDIM, matrícula nº 775446, ocupante do cargo efetivo de Pesquisador em Informações Geográficas e Estatísticas, Classe S, Padrão III, do Quadro Permanente desta Fundação, com percepção de proventos integrais, de acordo com o Art. 3º da Emenda Constitucional nº 47/05, combinado com o Art. 186, Inciso III, Alínea "a" da Lei nº 8.112/90. Declarar vago o referido cargo. Código 047001. (Processo n° 03604.004234/2017-71). </p><p>Nº 121 Conceder aposentadoria ao servidor ANTONIO GARCEZ DE MENDONCA, matrícula nº 767603, ocupante do cargo efetivo de Técnico em Planejamento, Gestão e Infraestrutura em Informações Geográficas e Estatísticas, Classe S, Padrão III, do Quadro Permanente desta Fundação, com percepção de proventos integrais, de acordo com o Art. 3º da Emenda Constitucional nº 47/05, combinado com o Art. 186, Inciso III, Alínea "a" da Lei nº 8.112/90. Declarar vago o referido cargo. Código 047001. (Processo n° 03653.000997/2017-68).</p><p>Nº 122 Conceder aposentadoria ao servidor ANTONIO LUCIO BENTES DA FONSECA, matrícula nº 767294, ocupante do cargo efetivo de Pesquisador em Informações Geográficas e Estatísticas, Classe S, Padrão III, do Quadro Permanente desta Fundação, com percepção de proventos integrais, de acordo com o Art. 3º da Emenda Constitucional nº 47/05, combinado com o Art. 186, Inciso III, Alínea "a" da Lei nº 8.112/90. Declarar vago o referido cargo. Código 047001. (Processo n° 03629.002610/2017-13).</p><p>Nº 123 Conceder aposentadoria ao servidor ANTONIO Y MAGNNELLI DEL BRAZIL VASCONCELLOS DI BARROS, matrícula nº 764122, ocupante do cargo efetivo de Técnico em Informações Geográficas e Estatísticas, Classe S, Padrão III, do Quadro Permanente desta Fundação, com percepção de proventos integrais, de acordo com o Art. 3º da Emenda Constitucional nº 47/05, combinado com o Art. 186, Inciso III, Alínea "a" da Lei nº 8.112/90. Declarar vago o referido cargo. Código 047001. (Processo n° 03604.004169/2017-84). </p><p>Nº 124 Conceder aposentadoria ao servidor CARLOS EDUARDO DA SILVA GARCIA, matrícula nº 772437, ocupante do cargo efetivo de Técnico em Informações Geográficas e Estatísticas, Classe S, Padrão III, do Quadro Permanente desta Fundação, com percepção de proventos integrais, de acordo com o Art. 3º da Emenda Constitucional nº 47/05, combinado com o Art. 186, Inciso III, Alínea "a" da Lei nº 8.112/90. Declarar vago o referido cargo. Código 047001. (Processo n° 0020870.00000011/2018-33).</p><p>Nº 125 Conceder aposentadoria ao servidor CARLOS HENRIQUE CUNHA, matrícula nº 766675, ocupante do cargo efetivo de Técnico em Planejamento, Gestão e Infraestrutura em Informações Geográficas e Estatísticas, Classe S, Padrão III, do Quadro Permanente desta Fundação, com percepção de proventos integrais, de acordo com o Art. 3º da Emenda Constitucional nº 47/05, combinado com o Art. 186, Inciso III, Alínea "a" da Lei nº 8.112/90 e acrescido da Vantagem Pessoal Nominalmente Identificada - VPNI, Art. 62-A da Lei nº 8.112/90. Declarar vago o referido cargo. Código 047001. (Processo n° 0020870.00000028/2018-59).</p><p>Nº 126 Conceder aposentadoria ao servidor CARLOS MAGNO ROCHA LEITÃO, matrícula nº 769352, ocupante do cargo efetivo de Técnico em Informações Geográficas e Estatísticas, Classe S, Padrão III, do Quadro Permanente desta Fundação, com percepção de proventos integrais, de acordo com o Art. 3º da Emenda Constitucional nº 47/05, combinado com o Art. 186, Inciso III, Alínea "a" da Lei nº 8.112/90. Declarar vago o referido cargo. Código 047001.  (Processo n° 03631.002753/2017-78).</p><p>Nº 127 Conceder aposentadoria ao servidor CARLOS ROBERTO COSTA DOS SANTOS, matrícula nº 763339, ocupante do cargo efetivo de Técnico em Planejamento, Gestão e Infraestrutura em Informações Geográficas e Estatísticas, Classe S, Padrão III, do Quadro Permanente desta Fundação, com percepção de proventos integrais, de acordo com o Art. 3º da Emenda Constitucional nº 47/05, combinado com o Art. 186, Inciso III, Alínea "a" da Lei nº 8.112/90. Declarar vago o referido cargo. Código 047001. (Processo n° 03604.004146/2017-70).</p><p>Nº 128 Conceder aposentadoria à servidora CARMEN DIVA NOVOA GONCALVES VILLARINHO, matrícula nº 766071, ocupante do cargo efetivo de Tecnologista em Informações Geográficas e Estatísticas, Classe S, Padrão III, do Quadro Permanente desta Fundação, com percepção de proventos integrais, de acordo com o Art. 3º da Emenda Constitucional nº 47/05, combinado com o Art. 186, Inciso III, Alínea "a" da Lei nº 8.112/90 e acrescido da Vantagem Pessoal Nominalmente Identificada - VPNI, Art. 62-A da Lei nº 8.112/90. Declarar vago o referido cargo. Código 047001.  (Processo n° 03604.004080/2017-18).</p><p>Nº 129 Conceder aposentadoria à servidora CARMEN LUCIA DE OLIVEIRA DE ANDRADE, matrícula nº 763140, ocupante do cargo efetivo de Técnico em Informações Geográficas e Estatísticas, Classe S, Padrão III, do Quadro Permanente desta Fundação, com percepção de proventos integrais, de acordo com o Art. 3º da Emenda Constitucional nº 47/05, combinado com o Art. 186, Inciso III, Alínea "a" da Lei nº 8.112/90. Declarar vago o referido cargo.  Código 047001. (Processo n° 03604.004143/2017-36). </p><p>Nº 130 Conceder aposentadoria à servidora CEILA MARIA DA SILVA VERAS DOS SANTOS, matrícula nº 770803, ocupante do cargo efetivo de Técnico em Informações Geográficas e Estatísticas, Classe S, Padrão III, do Quadro Permanente desta Fundação, com percepção de proventos integrais, de acordo com o Art. 3º da Emenda Constitucional nº 47/05, combinado com o Art. 186, Inciso III, Alínea "a" da Lei nº 8.112/90 e acrescido da Vantagem Pessoal Nominalmente Identificada - VPNI, Art. 62-A da Lei nº 8.112/90. Código 047001. (Processo n° 03635.003339/2017-46).</p><p>Nº 131 Conceder aposentadoria ao servidor CESAR AUGUSTO DE LACERDA REBELLATO, matrícula nº 765945, ocupante do cargo efetivo de Técnico em Informações Geográficas e Estatísticas, Classe S, Padrão III, do Quadro Permanente desta Fundação, com percepção de proventos integrais, de acordo com o Art. 3º da Emenda Constitucional nº 47/05, combinado com o Art. 186, Inciso III, Alínea "a" da Lei nº 8.112/90. Declarar vago o referido cargo.  Código 047001. (Processo n° 0020870.00000012/2018-06).</p><p>Nº 132 Conceder aposentadoria ao servidor CLAUDIO MANOEL FIGUEIREDO DE OLIVEIRA, matrícula nº 770615, ocupante do cargo efetivo de Técnico em Planejamento, Gestão e Infraestrutura em Informações Geográficas e Estatísticas, Classe S, Padrão III, do Quadro Permanente desta Fundação, com percepção de proventos integrais, de acordo com o Art. 3º da Emenda Constitucional nº 47/05, combinado com o Art. 186, Inciso III, Alínea "a" da Lei nº 8.112/90. Declarar vago o referido cargo. Código 047001.  (Processo n° 03631.002900/2017-18).</p><p>Nº 133 Conceder aposentadoria à servidora CRISTINA RAMOS CARLOS DE CARVALHO, matrícula nº 766032, ocupante do cargo efetivo de Tecnologista em Informações Geográficas e Estatísticas, Classe S, Padrão III, do Quadro Permanente desta Fundação, com percepção de proventos integrais, de acordo com o Art. 3º da Emenda Constitucional nº 47/05, combinado com o Art. 186, Inciso III, Alínea "a" da Lei nº 8.112/90. Declarar vago o referido cargo. Código 047001. (Processo n° 03604.004099/2017-64). </p><p>Nº 134 Conceder aposentadoria ao servidor DAGNALDO DE ALCANTARA RIOS, matrícula nº 774274, ocupante do cargo efetivo de Técnico em Informações Geográficas e Estatísticas, Classe S, Padrão III, do Quadro Permanente desta Fundação, com percepção de proventos integrais, de acordo com o Art. 3º da Emenda Constitucional nº 47/05, combinado com o Art. 186, Inciso III, Alínea "a" da Lei nº 8.112/90 e acrescido da Vantagem Pessoal Nominalmente Identificada - VPNI, Art. 62-A da Lei nº 8.112/90. Código 047001. (Processo n° 03635.003626/2017-56).</p><p>Nº 135 Conceder aposentadoria à servidora DILMA ALVES BATISTA, matrícula nº 666291, ocupante do cargo efetivo de Técnico em Informações Geográficas e Estatísticas, Classe S, Padrão III, do Quadro Permanente desta Fundação, com percepção de proventos integrais, de acordo com o Art. 3º da Emenda Constitucional nº 47/05, combinado com o Art. 186, Inciso III, Alínea "a" da Lei nº 8.112/90 e acrescido da Vantagem Pessoal Nominalmente Identificada - VPNI, Art. 62-A da Lei nº 8.112/90. Código 047001. (Processo n° 03653.000906/2017-94).</p><p>Nº 136 Conceder aposentadoria ao servidor EDMILSON AGUIAR DA SILVA, matrícula nº 768049, ocupante do cargo efetivo de Técnico em Informações Geográficas e Estatísticas, Classe S, Padrão III, do Quadro Permanente desta Fundação, com percepção de proventos integrais, de acordo com o Art. 3º da Emenda Constitucional nº 47/05, combinado com o Art. 186, Inciso III, Alínea "a" da Lei nº 8.112/90 e acrescido da Vantagem Pessoal Nominalmente Identificada - VPNI, Art. 62-A da Lei nº 8.112/90. Declarar vago o referido cargo. Código 047001. (Processo n° 0020874.00000031/2018-57).</p><p>Nº 137 Conceder aposentadoria à servidora ELIANA FULOP DA SILVA, matrícula nº 774530, ocupante do cargo efetivo de Técnico em Informações Geográficas e Estatísticas, Classe S, Padrão III, do Quadro Permanente desta Fundação, com percepção de proventos integrais, de acordo com o Art. 3º da Emenda Constitucional nº 47/05, combinado com o Art. 186, Inciso III, Alínea "a" da Lei nº 8.112/90. Declarar vago o referido cargo. Código 047001. (Processo n° 03635.003929/2017-79).</p><p>Nº 138 Conceder aposentadoria à servidora ELIZABETH BHERING, matrícula nº 764562, ocupante do cargo efetivo de Técnico em Informações Geográficas e Estatísticas, Classe S, Padrão III, do Quadro Permanente desta Fundação, com percepção de proventos integrais, de acordo com o Art. 3º da Emenda Constitucional nº 47/05, combinado com o Art. 186, Inciso III, Alínea "a" da Lei nº 8.112/90. Declarar vago o referido cargo. Código 047001. (Processo n° 0020870.00000013/2018-76).</p><p>Nº 139 Conceder aposentadoria ao servidor ENNIO LEITE DE MELLO, matrícula nº 763772, ocupante do cargo efetivo de Técnico em Informações Geográficas e Estatísticas, Classe S, Padrão III, do Quadro Permanente desta Fundação, com percepção de proventos integrais, de acordo com o Art. 3º da Emenda Constitucional nº 47/05, combinado com o Art. 186, Inciso III, Alínea "a" da Lei nº 8.112/90. Declarar vago o referido cargo.  Código 047001. (Processo n° 03604.004216/2017-90).</p><p>Nº 140 Conceder aposentadoria ao servidor FERNANDO GARCIA DA SILVA, matrícula nº 762409, ocupante do cargo efetivo de Técnico em Planejamento, Gestão e Infraestrutura em Informações Geográficas e Estatísticas, Classe S, Padrão III, do Quadro Permanente desta Fundação, com percepção de proventos integrais, de acordo com o Art. 3º da Emenda Constitucional nº 47/05, combinado com o Art. 186, Inciso III, Alínea "a" da Lei nº 8.112/90. Declarar vago o referido cargo. Código 047001.  (Processo n° 03604.004170/2017-17).</p><p>Nº 141 Conceder aposentadoria ao servidor FLAVIO BONAMINI, matrícula nº 774364, ocupante do cargo efetivo de Técnico em Informações Geográficas e Estatísticas, Classe S, Padrão III, do Quadro Permanente desta Fundação, com percepção de proventos integrais, de acordo com o Art. 3º da Emenda Constitucional nº 47/05, combinado com o Art. 186, Inciso III, Alínea "a" da Lei nº 8.112/90. Declarar vago o referido cargo. Código 047001. (Processo n° 03635.003406/2017-22).</p><p>Nº 142 Conceder aposentadoria ao servidor FRANCISCO DE ASSIS FERNANDES, matrícula nº 765753, ocupante do cargo efetivo de Técnico em Informações Geográficas e Estatísticas, Classe S, Padrão III, do Quadro Permanente desta Fundação, com percepção de proventos integrais, de acordo com o Art. 3º da Emenda Constitucional nº 47/05, combinado com o Art. 186, Inciso III, Alínea "a" da Lei nº 8.112/90 e acrescido da Vantagem Pessoal Nominalmente Identificada - VPNI, Art. 62-A da Lei nº 8.112/90. Código 047001. (Processo n° 03604.004117/2017-16)</p><p>Nº 143 Conceder aposentadoria à servidora GILDETE ALVES FORMIGA, matrícula nº 771189, ocupante do cargo efetivo de Técnico em Informações Geográficas e Estatísticas, Classe S, Padrão III, do Quadro Permanente desta Fundação, com percepção de proventos integrais, de acordo com o Art. 3º da Emenda Constitucional nº 47/05, combinado com o Art. 186, Inciso III, Alínea "a" da Lei nº 8.112/90. Declarar vago o referido cargo. Código 047001. (Processo n° 03625.000706/2017-79).</p><p>Nº 144 Conceder aposentadoria à servidora HELENA DE MELLO PEREIRA, matrícula nº 766971, ocupante do cargo efetivo de Técnico em Informações Geográficas e Estatísticas, Classe S, Padrão III, do Quadro Permanente desta Fundação, com percepção de proventos integrais, de acordo com o Art. 3º da Emenda Constitucional nº 47/05, combinado com o Art. 186, Inciso III, Alínea "a" da Lei nº 8.112/90. Declarar vago o referido cargo. Código 047001. (Processo n° 03604.004182/2017-33).</p><p>Nº 145 Conceder aposentadoria à servidora HELGE HENRIETTE SOKOLONSKI, matrícula nº 767340, ocupante do cargo efetivo de Pesquisador em Informações Geográficas e Estatísticas, Classe S, Padrão III, do Quadro Permanente desta Fundação, com percepção de proventos integrais, de acordo com o Art. 3º da Emenda Constitucional nº 47/05, combinado com o Art. 186, Inciso III, Alínea "a" da Lei nº 8.112/90 e acrescido da Vantagem Pessoal Nominalmente Identificada - VPNI, Art. 62-A da Lei nº 8.112/90. Declarar vago o referido cargo. Código 047001. (Processo n° 03629.002598/2017-39).</p><p>Nº 146 Conceder aposentadoria ao servidor HELOISA MARIA PACHECO, matrícula nº 763747, ocupante do cargo efetivo de Técnico em Informações Geográficas e Estatísticas, Classe S, Padrão III, do Quadro Permanente desta Fundação, com percepção de proventos integrais, de acordo com o Art. 3º da Emenda Constitucional nº 47/05, combinado com o Art. 186, Inciso III, Alínea "a" da Lei nº 8.112/90 e acrescido da Vantagem Pessoal Nominalmente Identificada - VPNI, Art. 62-A da Lei nº 8.112/90. Código 047001. (Processo n° 0020870.00000014/2018-49).</p><p>Nº 147 Conceder aposentadoria ao servidor HILTON FILARDI RIBEIRO, matrícula nº 768710, ocupante do cargo efetivo de Técnico em Informações Geográficas e Estatísticas, Classe S, Padrão III, do Quadro Permanente desta Fundação, com percepção de proventos integrais, de acordo com o Art. 3º da Emenda Constitucional nº 47/05, combinado com o Art. 186, Inciso III, Alínea "a" da Lei nº 8.112/90. Declarar vago o referido cargo. Código 047001. (Processo n° 03629.002226/2017-11).</p><p>Nº 148 Conceder aposentadoria ao servidor HUMBERTO DE ALMEIDA TORTORELLI, matrícula nº 773159, ocupante do cargo efetivo de Técnico em Informações Geográficas e Estatísticas, Classe S, Padrão III, do Quadro Permanente desta Fundação, com percepção de proventos integrais, de acordo com o Art. 3º da Emenda Constitucional nº 47/05, combinado com o Art. 186, Inciso III, Alínea "a" da Lei nº 8.112/90 e acrescido da Vantagem Pessoal Nominalmente Identificada - VPNI, Art. 62-A da Lei nº 8.112/90. Código 047001. (Processo n° 03643.001832/2017-22).</p><p>Nº 149 Conceder aposentadoria à servidora IVONE VILELA BELLO, matrícula nº 772454, ocupante do cargo efetivo de Técnico em Informações Geográficas e Estatísticas, Classe S, Padrão III, do Quadro Permanente desta Fundação, com percepção de proventos integrais, de acordo com o Art. 3º da Emenda Constitucional nº 47/05, combinado com o Art. 186, Inciso III, Alínea "a" da Lei nº 8.112/90. Declarar vago o referido cargo. Código 047001. (Processo n° 0020870.00000015/2018-22).</p><p>Nº 150 Conceder aposentadoria ao servidor JONAS BARBOSA, matrícula nº 767591, ocupante do cargo efetivo de Técnico em Planejamento, Gestão e Infraestrutura em Informações Geográficas e Estatísticas, Classe S, Padrão III, do Quadro Permanente desta Fundação, com percepção de proventos integrais, de acordo com o Art. 3º da Emenda Constitucional nº 47/05, combinado com o Art. 186, Inciso III, Alínea "a" da Lei nº 8.112/90. Declarar vago o referido cargo. Código 047001. (Processo n° 03653.000994/2017-24).</p><p>Nº 151 Conceder aposentadoria ao servidor JOSE ARAUJO DOS SANTOS, matrícula nº 774941, ocupante do cargo efetivo de Técnico em Informações Geográficas e Estatísticas, Classe S, Padrão III, do Quadro Permanente desta Fundação, com percepção de proventos integrais, de acordo com o Art. 3º da Emenda Constitucional nº 47/05, combinado com o Art. 186, Inciso III, Alínea "a" da Lei nº 8.112/90 e acrescido da Vantagem Pessoal Nominalmente Identificada - VPNI, Art. 62-A da Lei nº 8.112/90. Declarar vago o referido cargo. Código 047001. (Processo n° 0023116.00000012/2018-84).</p><p>Nº 152 Conceder aposentadoria ao servidor JOSE CARLOS FERREIRA DA SILVA, matrícula nº 768050, ocupante do cargo efetivo de Técnico em Informações Geográficas e Estatísticas, Classe S, Padrão III, do Quadro Permanente desta Fundação, com percepção de proventos integrais, de acordo com o Art. 3º da Emenda Constitucional nº 47/05, combinado com o Art. 186, Inciso III, Alínea "a" da Lei nº 8.112/90 e acrescido da Vantagem Pessoal Nominalmente Identificada - VPNI, Art. 62-A da Lei nº 8.112/90. Declarar vago o referido cargo. Código 047001. (Processo n° 03627.000661/2017-12).</p><p>Nº 153 Conceder aposentadoria à servidora JOSE DO ESPIRITO SANTO MATOS GUILHON, matrícula nº 767556, ocupante do cargo efetivo de Técnico em Informações Geográficas e Estatísticas, Classe S, Padrão III, do Quadro Permanente desta Fundação, com percepção de proventos integrais, de acordo com o Art. 3º da Emenda Constitucional nº 47/05, combinado com o Art. 186, Inciso III, Alínea "a" da Lei nº 8.112/90 e acrescido da Vantagem Pessoal Nominalmente Identificada - VPNI, Art. 62-A da Lei nº 8.112/90. Declarar vago o referido cargo. Código 047001.  (Processo n° 03653.000995/2017-79).</p><p>Nº 154 Conceder aposentadoria ao servidor JOSE RENE DE SOUZA, matrícula nº 774387, ocupante do cargo efetivo de Técnico em Planejamento, Gestão e Infraestrutura em Informações Geográficas e Estatísticas, Classe S, Padrão III, do Quadro Permanente desta Fundação, com percepção de proventos integrais, de acordo com o Art. 3º da Emenda Constitucional nº 47/05, combinado com o Art. 186, Inciso III, Alínea "a" da Lei nº 8.112/90. Declarar vago o referido cargo. Código 047001. (Processo n° 03635.003508/2017-48).</p><p>Nº 155 Conceder aposentadoria ao servidor JOSE RICARDO SOUZA DA SILVA, matrícula nº 765092, ocupante do cargo efetivo de Técnico em Informações Geográficas e Estatísticas, Classe S, Padrão III, do Quadro Permanente desta Fundação, com percepção de proventos integrais, de acordo com o Art. 3º da Emenda Constitucional nº 47/05, combinado com o Art. 186, Inciso III, Alínea "a" da Lei nº 8.112/90. Declarar vago o referido cargo. Código 047001.  (Processo n° 0020870.00000055/2018-09).</p><p>Nº 156 Conceder aposentadoria ao servidor JULIO CESAR SCAFFO DE ANDRADE, matrícula nº 762389, ocupante do cargo efetivo de Técnico em Planejamento, Gestão e Infraestrutura em Informações Geográficas e Estatísticas, Classe S, Padrão III, do Quadro Permanente desta Fundação, com percepção de proventos integrais, de acordo com o Art. 3º da Emenda Constitucional nº 47/05, combinado com o Art. 186, Inciso III, Alínea "a" da Lei nº 8.112/90. Declarar vago o referido cargo. Código 047001.  (Processo n° 03604.003294/2016-77).</p><p>Nº 157 Conceder aposentadoria à servidora LENIRA CRISTINA ORIENTE BLANCO, matrícula nº 774020, ocupante do cargo efetivo de Técnico em Informações Geográficas e Estatísticas, Classe S, Padrão III, do Quadro Permanente desta Fundação, com percepção de proventos integrais, de acordo com o Art. 3º da Emenda Constitucional nº 47/05, combinado com o Art. 186, Inciso III, Alínea "a" da Lei nº 8.112/90. Declarar vago o referido cargo. Código 047001. (Processo n° 03635.003627/2017-09). </p><p>Nº 158 Conceder aposentadoria ao servidor LEONARDO TEODORO MOREIRA FALCAO, matrícula nº 773276, ocupante do cargo efetivo de Técnico em Informações Geográficas e Estatísticas, Classe S, Padrão III, do Quadro Permanente desta Fundação, com percepção de proventos integrais, de acordo com o Art. 3º da Emenda Constitucional nº 47/05, combinado com o Art. 186, Inciso III, Alínea "a" da Lei nº 8.112/90. Declarar vago o referido cargo. Código 047001. (Processo n° 03643.001244/2017-99).</p><p>Nº 159 Conceder aposentadoria ao servidor LUCIO GONCALVES DE MATTOS, matrícula nº 765984, ocupante do cargo efetivo de Tecnologista em Informações Geográficas e Estatísticas, Classe S, Padrão III, do Quadro Permanente desta Fundação, com percepção de proventos integrais, de acordo com o Art. 3º da Emenda Constitucional nº 47/05, combinado com o Art. 186, Inciso III, Alínea "a" da Lei nº 8.112/90 e acrescido da Vantagem Pessoal Nominalmente Identificada - VPNI, Art. 62-A da Lei nº 8.112/90. Código 047001. (Processo n° 03604.004303/2017-11).</p><p>Nº 160 Conceder aposentadoria ao servidor LUCIO RUBENS DE BARROS, matrícula nº 774759, ocupante do cargo efetivo de Técnico em Informações Geográficas e Estatísticas, Classe S, Padrão III, do Quadro Permanente desta Fundação, com percepção de proventos integrais, de acordo com o Art. 3º da Emenda Constitucional nº 47/05, combinado com o Art. 186, Inciso III, Alínea "a" da Lei nº 8.112/90 e acrescido da Vantagem Pessoal Nominalmente Identificada - VPNI, Art. 62-A da Lei nº 8.112/90. Declarar vago o referido cargo. Código 047001. (Processo n° 03635.004078/2017-81).</p><p>Nº 161 Conceder aposentadoria ao servidor LUIZ LAERTE SOARES, matrícula nº 774507, ocupante do cargo efetivo de Técnico em Informações Geográficas e Estatísticas, Classe S, Padrão III, do Quadro Permanente desta Fundação, com percepção de proventos integrais, de acordo com o Art. 3º da Emenda Constitucional nº 47/05, combinado com o Art. 186, Inciso III, Alínea "a" da Lei nº 8.112/90. Declarar vago o referido cargo. Código 047001. (Processo n° 03635.003768/2017-13).</p><p>Nº 162 Conceder aposentadoria à servidora MAISA FELIX DE ALMEIDA, matrícula nº 769392, ocupante do cargo efetivo de Técnico em Informações Geográficas e Estatísticas, Classe S, Padrão III, do Quadro Permanente desta Fundação, com percepção de proventos integrais, de acordo com o Art. 3º da Emenda Constitucional nº 47/05, combinado com o Art. 186, Inciso III, Alínea "a" da Lei nº 8.112/90. Declarar vago o referido cargo. Código 047001. (Processo n° 03631.002512/2017-29).</p><p>Nº 163 Conceder aposentadoria ao servidor MARCELO AGUIAR, matrícula nº 673232, ocupante do cargo efetivo de Técnico em Planejamento, Gestão e Infraestrutura em Informações Geográficas e Estatísticas, Classe S, Padrão III, do Quadro Permanente desta Fundação, com percepção de proventos integrais, de acordo com o Art. 3º da Emenda Constitucional nº 47/05, combinado com o Art. 186, Inciso III, Alínea "a" da Lei nº 8.112/90. Declarar vago o referido cargo. Código 047001. (Processo n° 03631.001610/2017-49).</p><p>Nº 164 Conceder aposentadoria ao servidor MARCONDSON FRANCISCO DE MATOS, matrícula nº 770608, ocupante do cargo efetivo de Técnico em Planejamento, Gestão e Infraestrutura em Informações Geográficas e Estatísticas, Classe S, Padrão III, do Quadro Permanente desta Fundação, com percepção de proventos integrais, de acordo com o Art. 3º da Emenda Constitucional nº 47/05, combinado com o Art. 186, Inciso III, Alínea "a" da Lei nº 8.112/90. Declarar vago o referido cargo. Código 047001. (Processo n° 03631.003146/2017-25).</p><p>Nº 165 Conceder aposentadoria ao servidor MARCOS ANTONIO DA SILVA SERRAO, matrícula nº 763740, ocupante do cargo efetivo de Técnico em Informações Geográficas e Estatísticas, Classe S, Padrão III, do Quadro Permanente desta Fundação, com percepção de proventos integrais, de acordo com o Art. 3º da Emenda Constitucional nº 47/05, combinado com o Art. 186, Inciso III, Alínea "a" da Lei nº 8.112/90 e acrescido da Vantagem Pessoal Nominalmente Identificada - VPNI, Art. 62-A da Lei nº 8.112/90. Declarar vago o referido cargo. Código 047001. (Processo n° 0020870.00000016/2018-92).</p><p>Nº 166 Conceder aposentadoria ao servidor MARCOS AURELIO IGNACIO DA SILVA, matrícula nº 762334, ocupante do cargo efetivo de Técnico em Planejamento, Gestão e Infraestrutura em Informações Geográficas e Estatísticas, Classe S, Padrão III, do Quadro Permanente desta Fundação, com percepção de proventos integrais, de acordo com o Art. 3º da Emenda Constitucional nº 47/05, combinado com o Art. 186, Inciso III, Alínea "a" da Lei nº 8.112/90. Declarar vago o referido cargo. Código 047001. (Processo n° 03604.004075/2017-13).</p><p>Nº 167 Conceder aposentadoria à servidora MARGARETE SILVA DO NASCIMENTO, matrícula nº 773690, ocupante do cargo efetivo de Técnico em Informações Geográficas e Estatísticas, Classe S, Padrão III, do Quadro Permanente desta Fundação, com percepção de proventos integrais, de acordo com o Art. 3º da Emenda Constitucional nº 47/05, combinado com o Art. 186, Inciso III, Alínea "a" da Lei nº 8.112/90. Declarar vago o referido cargo. Código 047001. (Processo n° 03628.000934/2017-19).</p><p>Nº 168 Conceder aposentadoria à servidora MARGARETH CARNEIRO DE LIMA, matrícula nº 771441, ocupante do cargo efetivo de Técnico em Informações Geográficas e Estatísticas, Classe S, Padrão III, do Quadro Permanente desta Fundação, com percepção de proventos integrais, de acordo com o Art. 3º da Emenda Constitucional nº 47/05, combinado com o Art. 186, Inciso III, Alínea "a" da Lei nº 8.112/90 e acrescido da Vantagem Pessoal Nominalmente Identificada - VPNI, Art. 62-A da Lei nº 8.112/90. Declarar vago o referido cargo. Código 047001. (Processo n° 0020874.00000006/2018-53).</p><p>Nº 169 Conceder aposentadoria à servidora MARIA AUXILIADORA AFFONSO VIEGAS, matrícula nº 774199, ocupante do cargo efetivo de Técnico em Informações Geográficas e Estatísticas, Classe S, Padrão III, do Quadro Permanente desta Fundação, com percepção de proventos integrais, de acordo com o Art. 3º da Emenda Constitucional nº 47/05, combinado com o Art. 186, Inciso III, Alínea "a" da Lei nº 8.112/90 e acrescido da Vantagem Pessoal Nominalmente Identificada - VPNI, Art. 62-A da Lei nº 8.112/90. Declarar vago o referido cargo. Código 047001. (Processo n° 03635.004086/2017-28).</p><p>Nº 170 Conceder aposentadoria à servidora MARIA DE JESUS OLIVEIRA CARVALHO, matrícula nº 762102, ocupante do cargo efetivo de Técnico em Planejamento, Gestão e Infraestrutura em Informações Geográficas e Estatísticas, Classe S, Padrão III, do Quadro Permanente desta Fundação, com percepção de proventos integrais, de acordo com o Art. 3º da Emenda Constitucional nº 47/05, combinado com o Art. 186, Inciso III, Alínea "a" da Lei nº 8.112/90. Declarar vago o referido cargo. Código 047001. (Processo n° 03604.004083/2017-51).</p><p>Nº 171 Conceder aposentadoria à servidora MARIA DE LOURDES BOTELHO DA SILVA, matrícula nº 765568, ocupante do cargo efetivo de Técnico em Informações Geográficas e Estatísticas, Classe S, Padrão III, do Quadro Permanente desta Fundação, com percepção de proventos integrais, de acordo com o Art. 3º da Emenda Constitucional nº 47/05, combinado com o Art. 186, Inciso III, Alínea "a" da Lei nº 8.112/90. Declarar vago o referido cargo. Código 047001. (Processo n° 03604.004204/2017-65). </p><p>Nº 172 Conceder aposentadoria à servidora MARIA ELIZABETH DE SIQUEIRA LIMA MARCHIONE, matrícula nº 762440, ocupante do cargo efetivo de Analista em Planejamento, Gestão e Infraestrutura em Informações Geográficas e Estatísticas, Classe S, Padrão III, do Quadro Permanente desta Fundação, com percepção de proventos integrais, de acordo com o Art. 3º da Emenda Constitucional nº 47/05, combinado com o Art. 186, Inciso III, Alínea "a" da Lei nº 8.112/90 e acrescido da Vantagem Pessoal Nominalmente Identificada - VPNI, Art. 62-A da Lei nº 8.112/90. Declarar vago o referido cargo. Código 047001. (Processo n° 03604.005690/2016-58).</p><p>Nº 173 Conceder aposentadoria à servidora MARIA EULINA SANTOS PEREIRA DE CARVALHO, matrícula nº 762205, ocupante do cargo efetivo de Analista em Planejamento, Gestão e Infraestrutura em Informações Geográficas e Estatísticas, Classe S, Padrão III, do Quadro Permanente desta Fundação, com percepção de proventos integrais, de acordo com o Art. 3º da Emenda Constitucional nº 47/05, combinado com o Art. 186, Inciso III, Alínea "a" da Lei nº 8.112/90. Declarar vago o referido cargo. Código 047001. (Processo n° 03604.004152/2017-27).</p><p>Nº 174 Conceder aposentadoria à servidora MARIA FELICIA DA SILVA NOGUEIRA, matrícula nº 763704, ocupante do cargo efetivo de Técnico em Informações Geográficas e Estatísticas, Classe S, Padrão III, do Quadro Permanente desta Fundação, com percepção de proventos integrais, de acordo com o Art. 3º da Emenda Constitucional nº 47/05, combinado com o Art. 186, Inciso III, Alínea "a" da Lei nº 8.112/90 e acrescido da Vantagem Pessoal Nominalmente Identificada - VPNI, Art. 62-A da Lei nº 8.112/90. Declarar vago o referido cargo. Código 047001. (Processo n° 0020870.00000017/2018-65).</p><p>Nº 175 Conceder aposentadoria ao servidor MARIO JORGE SEABRA DOS SANTOS, matrícula nº 773637, ocupante do cargo efetivo de Técnico em Informações Geográficas e Estatísticas, Classe S, Padrão II, do Quadro Permanente desta Fundação, com percepção de proventos integrais, de acordo com o Art. 3º da Emenda Constitucional nº 47/05, combinado com o Art. 186, Inciso III, Alínea "a" da Lei nº 8.112/90. Declarar vago o referido cargo. Código 047001. (Processo n° 03628.000946/2017-43).</p><p>Nº 176 Conceder aposentadoria à servidora NADJA SANTANA LUNA, matrícula nº 767034, ocupante do cargo efetivo de Técnico em Informações Geográficas e Estatísticas, Classe S, Padrão III, do Quadro Permanente desta Fundação, com percepção de proventos integrais, de acordo com o Art. 3º da Emenda Constitucional nº 47/05, combinado com o Art. 186, Inciso III, Alínea "a" da Lei nº 8.112/90 e acrescido da Vantagem Pessoal Nominalmente Identificada - VPNI, Art. 62-A da Lei nº 8.112/90. Declarar vago o referido cargo. Código 047001. (Processo n° 03604.004023/2017-39).</p><p>Nº 177 Conceder aposentadoria ao servidor NELSON DE ABREU BRANDÃO, matrícula nº 766118, ocupante do cargo efetivo de Técnico em Planejamento, Gestão e Infraestrutura em Informações Geográficas e Estatísticas, Classe S, Padrão III, do Quadro Permanente desta Fundação, com percepção de proventos integrais, de acordo com o Art. 3º da Emenda Constitucional nº 47/05, combinado com o Art. 186, Inciso III, Alínea "a" da Lei nº 8.112/90. Declarar vago o referido cargo. Código 047001. (Processo n° 03604.003425/2013-92).</p><p>Nº 178 Conceder aposentadoria ao servidor NILTON BRESOLIN, matrícula nº 773172, ocupante do cargo efetivo de Técnico em Informações Geográficas e Estatísticas, Classe S, Padrão III, do Quadro Permanente desta Fundação, com percepção de proventos integrais, de acordo com o Art. 3º da Emenda Constitucional nº 47/05, combinado com o Art. 186, Inciso III, Alínea "a" da Lei nº 8.112/90 e acrescido da Vantagem Pessoal Nominalmente Identificada - VPNI, Art. 62-A da Lei nº 8.112/90. Declarar vago o referido cargo. Código 047001. (Processo n° 03643.000821/2017-25).</p><p>Nº 179 Conceder aposentadoria à servidora NILZA DE OLIVEIRA MARTINS PEREIRA, matrícula nº 763012, ocupante do cargo efetivo de Tecnologista em Informações Geográficas e Estatísticas, Classe S, Padrão III, do Quadro Permanente desta Fundação, com percepção de proventos integrais, de acordo com o Art. 3º da Emenda Constitucional nº 47/05, combinado com o Art. 186, Inciso III, Alínea "a" da Lei nº 8.112/90 e acrescido da Vantagem Pessoal Nominalmente Identificada - VPNI, Art. 62-A da Lei nº 8.112/90. Declarar vago o referido cargo. Código 047001. (Processo n° 03604.004076/2017-50).</p><p>Nº 180 Conceder aposentadoria à servidora NORMA NOGUEIRA RAMOS, matrícula nº 764803, ocupante do cargo efetivo de Técnico em Informações Geográficas e Estatísticas, Classe S, Padrão III, do Quadro Permanente desta Fundação, com percepção de proventos integrais, de acordo com o Art. 3º da Emenda Constitucional nº 47/05, combinado com o Art. 186, Inciso III, Alínea "a" da Lei nº 8.112/90. Declarar vago o referido cargo. Código 047001. (Processo n° 0020870.00000018/2018-38).</p><p>Nº 181 Conceder aposentadoria ao servidor RAUL GONCALVES CUNHA, matrícula nº 773312, ocupante do cargo efetivo de Técnico em Informações Geográficas e Estatísticas, Classe S, Padrão III, do Quadro Permanente desta Fundação, com percepção de proventos integrais, de acordo com o Art. 3º da Emenda Constitucional nº 47/05, combinado com o Art. 186, Inciso III, Alínea "a" da Lei nº 8.112/90. Declarar vago o referido cargo. Código 047001. (Processo n° 03643.001833/2017-77).</p><p>Nº 182 Conceder aposentadoria ao servidor RENATO BARROZO BARRETO, matrícula nº 765191, ocupante do cargo efetivo de Técnico em Planejamento, Gestão e Infraestrutura em Informações Geográficas e Estatísticas, Classe S, Padrão III, do Quadro Permanente desta Fundação, com percepção de proventos integrais, de acordo com o Art. 3º da Emenda Constitucional nº 47/05, combinado com o Art. 186, Inciso III, Alínea "a" da Lei nº 8.112/90. Declarar vago o referido cargo. Código 047001. (Processo n° 03604.001067/2017-15).</p><p>Nº 183 Conceder aposentadoria ao servidor RICARDO FERNANDO DE ARAUJO, matrícula nº 765936, ocupante do cargo efetivo de Técnico em Informações Geográficas e Estatísticas, Classe S, Padrão III, do Quadro Permanente desta Fundação, com percepção de proventos integrais, de acordo com o Art. 3º da Emenda Constitucional nº 47/05, combinado com o Art. 186, Inciso III, Alínea "a" da Lei nº 8.112/90. Declarar vago o referido cargo. Código 047001. (Processo n° 03604.004009/2017-35).</p><p>Nº 184 Conceder aposentadoria ao servidor ROBERTO SOTERO FRAGA SILVA, matrícula nº 773678, ocupante do cargo efetivo de Técnico em Informações Geográficas e Estatísticas, Classe S, Padrão III, do Quadro Permanente desta Fundação, com percepção de proventos integrais, de acordo com o Art. 3º da Emenda Constitucional nº 47/05, combinado com o Art. 186, Inciso III, Alínea "a" da Lei nº 8.112/90. Declarar vago o referido cargo. Código 047001. (Processo n° 03628.000942/2017-65).</p><p>Nº 185 Conceder aposentadoria à servidora ROSANGELA PATRASSO SALGADO, matrícula nº 765980, ocupante do cargo efetivo de Técnico em Informações Geográficas e Estatísticas, Classe S, Padrão III, do Quadro Permanente desta Fundação, com percepção de proventos integrais, de acordo com o Art. 3º da Emenda Constitucional nº 47/05, combinado com o Art. 186, Inciso III, Alínea "a" da Lei nº 8.112/90. Declarar vago o referido cargo. Código 047001. (Processo n° 03604.004045/2017-07). </p><p>Nº 186 Conceder aposentadoria ao servidor SERGIO BARBOSA RAPOSO, matrícula nº 767774, ocupante do cargo efetivo de Técnico em Informações Geográficas e Estatísticas, Classe S, Padrão III, do Quadro Permanente desta Fundação, com percepção de proventos integrais, de acordo com o Art. 3º da Emenda Constitucional nº 47/05, combinado com o Art. 186, Inciso III, Alínea "a" da Lei nº 8.112/90. Declarar vago o referido cargo. Código 047001. (Processo n° 0020870.00000050/2018-47).</p><p>Nº 187 Conceder aposentadoria ao servidor SERGIO LIMA DE ARAUJO, matrícula nº 765949, ocupante do cargo efetivo de Técnico em Planejamento, Gestão e Infraestrutura em Informações Geográficas e Estatísticas, Classe S, Padrão III, do Quadro Permanente desta Fundação, com percepção de proventos integrais, de acordo com o Art. 3º da Emenda Constitucional nº 47/05, combinado com o Art. 186, Inciso III, Alínea "a" da Lei nº 8.112/90 e acrescido da Vantagem Pessoal Nominalmente Identificada - VPNI, Art. 62-A da Lei nº 8.112/90. Declarar vago o referido cargo. Código 047001.  (Processo n° 03604.004194/2017-68).</p><p>Nº 188 Conceder aposentadoria ao servidor SERGIO SANCHES, matrícula nº 774169, ocupante do cargo efetivo de Técnico em Informações Geográficas e Estatísticas, Classe S, Padrão III, do Quadro Permanente desta Fundação, com percepção de proventos integrais, de acordo com o Art. 3º da Emenda Constitucional nº 47/05, combinado com o Art. 186, Inciso III, Alínea "a" da Lei nº 8.112/90 e acrescido da Vantagem Pessoal Nominalmente Identificada - VPNI, Art. 62-A da Lei nº 8.112/90. Declarar vago o referido cargo. Código 047001. (Processo n° 03635.003763/2017-91).</p><p>Nº 189 Conceder aposentadoria ao servidor SINVAL PEREIRA BRAGA, matrícula nº 767610, ocupante do cargo efetivo de Técnico em Planejamento, Gestão e Infraestrutura em Informações Geográficas e Estatísticas, Classe S, Padrão I, do Quadro Permanente desta Fundação, com percepção de proventos integrais, de acordo com o Art. 3º da Emenda Constitucional nº 47/05, combinado com o Art. 186, Inciso III, Alínea "a" da Lei nº 8.112/90. Declarar vago o referido cargo. Código 047001. (Processo n° 0021064.00000011/2018-33).</p><p>Nº 190 Conceder aposentadoria à servidora SUSANA ZOLCSAK, matrícula nº 774406, ocupante do cargo efetivo de Técnico em Informações Geográficas e Estatísticas, Classe S, Padrão III, do Quadro Permanente desta Fundação, com percepção de proventos integrais, de acordo com o Art. 3º da Emenda Constitucional nº 47/05, combinado com o Art. 186, Inciso III, Alínea "a" da Lei nº 8.112/90. Declarar vago o referido cargo. Código 047001. (Processo n° 03635.003767/2017-79).</p><p>Nº 191 Conceder aposentadoria à servidora SUZANA ALIBIO MORAES, matrícula nº 773086, ocupante do cargo efetivo de Técnico em Planejamento, Gestão e Infraestrutura em Informações Geográficas e Estatísticas, Classe S, Padrão III, do Quadro Permanente desta Fundação, com percepção de proventos integrais, de acordo com o Art. 3º da Emenda Constitucional nº 47/05, combinado com o Art. 186, Inciso III, Alínea "a" da Lei nº 8.112/90 e acrescido da Vantagem Pessoal Nominalmente Identificada - VPNI, Art. 62-A da Lei nº 8.112/90. Declarar vago o referido cargo. Código 047001. (Processo n° 03643.000588/2017-81).</p><p>Nº 192 Conceder aposentadoria à servidora TANIA JOST, matrícula nº 767225, ocupante do cargo efetivo de Técnico em Informações Geográficas e Estatísticas, Classe S, Padrão III, do Quadro Permanente desta Fundação, com percepção de proventos integrais, de acordo com o Art. 3º da Emenda Constitucional nº 47/05, combinado com o Art. 186, Inciso III, Alínea "a" da Lei nº 8.112/90. Declarar vago o referido cargo.  Código 047001. (Processo n° 03629.002374/2017-27).</p><p>Nº 193 Conceder aposentadoria à servidora TANIA MARA DE AUGUSTINIS GAMA, matrícula nº 772503, ocupante do cargo efetivo de Técnico em Informações Geográficas e Estatísticas, Classe S, Padrão III, do Quadro Permanente desta Fundação, com percepção de proventos integrais, de acordo com o Art. 3º da Emenda Constitucional nº 47/05, combinado com o Art. 186, Inciso III, Alínea "a" da Lei nº 8.112/90. Declarar vago o referido cargo. Código 047001. (Processo n° 0020870.00000019/2018-11).</p><p>Nº 194 Conceder aposentadoria ao servidor TERCIO ENGELHARDT, matrícula nº 769354, ocupante do cargo efetivo de Técnico em Informações Geográficas e Estatísticas, Classe S, Padrão III, do Quadro Permanente desta Fundação, com percepção de proventos integrais, de acordo com o Art. 3º da Emenda Constitucional nº 47/05, combinado com o Art. 186, Inciso III, Alínea "a" da Lei nº 8.112/90. Declarar vago o referido cargo. Código 047001. (Processo n° 03631.002636/2017-12).</p><p>Nº 195 Conceder aposentadoria à servidora TERESA CRISTINA PADILHA DE SOUZA, matrícula nº 762191, ocupante do cargo efetivo de Analista em Planejamento, Gestão e Infraestrutura em Informações Geográficas e Estatísticas, Classe S, Padrão III, do Quadro Permanente desta Fundação, com percepção de proventos integrais, de acordo com o Art. 3º da Emenda Constitucional nº 47/05, combinado com o Art. 186, Inciso III, Alínea "a" da Lei nº 8.112/90 e acrescido da Vantagem Pessoal Nominalmente Identificada - VPNI, Art. 62-A da Lei nº 8.112/90. Declarar vago o referido cargo. Código 047001. (Processo n° 03604.004046/2017-43).</p><p>Nº 196 Conceder aposentadoria ao servidor UBERLANDE JOSE CORREA, matrícula nº 772251, ocupante do cargo efetivo de Técnico em Informações Geográficas e Estatísticas, Classe S, Padrão III, do Quadro Permanente desta Fundação, com percepção de proventos integrais, de acordo com o Art. 3º da Emenda Constitucional nº 47/05, combinado com o Art. 186, Inciso III, Alínea "a" da Lei nº 8.112/90. Declarar vago o referido cargo. Código 047001. (Processo n° 020870.000000020/2018-81).</p><p>Nº 197 Conceder aposentadoria ao servidor VALMIR LOURENTINO GOUVEIA, matrícula nº 671113, ocupante do cargo efetivo de Técnico em Planejamento, Gestão e Infraestrutura em Informações Geográficas e Estatísticas, Classe S, Padrão III, do Quadro Permanente desta Fundação, com percepção de proventos integrais, de acordo com o Art. 3º da Emenda Constitucional nº 47/05, combinado com o Art. 186, Inciso III, Alínea "a" da Lei nº 8.112/90. Declarar vago o referido cargo. Código 047001. (Processo n° 03653.000996/2017-13).</p><p>Nº 198 Conceder aposentadoria à servidora VANIA MARIA AZEVEDO NACIF, matrícula nº 766573, ocupante do cargo efetivo de Tecnologista em Informações Geográficas e Estatísticas, Classe S, Padrão III, do Quadro Permanente desta Fundação, com percepção de proventos integrais, de acordo com o Art. 3º da Emenda Constitucional nº 47/05, combinado com o Art. 186, Inciso III, Alínea "a" da Lei nº 8.112/90 e acrescido da Vantagem Pessoal Nominalmente Identificada - VPNI, Art. 62-A da Lei nº 8.112/90. Declarar vago o referido cargo. Código 047001. (Processo n° 03604.004077/2017-02).</p><p>Nº 199 Conceder aposentadoria ao servidor VIRLEI ALVARO DE OLIVEIRA, matrícula nº 767927, ocupante do cargo efetivo de Tecnologista em Informações Geográficas e Estatísticas, Classe S, Padrão III, do Quadro Permanente desta Fundação, com percepção de proventos integrais, de acordo com o Art. 3º da Emenda Constitucional nº 47/05, combinado com o Art. 186, Inciso III, Alínea "a" da Lei nº 8.112/90. Declarar vago o referido cargo. Código 047001. (Processo n° 0023116.00000013/2018-57).</p><p>Nº 200 Alterar os termos da Portaria CRH nº 367, de 08/07/2002, publicada na página 28, Seção 2, do D.O.U nº 131 de 10/07/2002, que aposentou compulsoriamente o ex-servidor JOSE BARBOSA DA SILVA, matrícula nº 769462, ocupante do cargo efetivo de Técnico, Classe M, Padrão III, do Quadro Permanente desta Fundação, com percepção de proventos integrais, de acordo com o Art. 40, Inciso II da Constituição Federal de 1988, com a redação dada pelo Art. 1º da Emenda Constitucional nº 20/98, combinado com os Art. 186, Inciso II, Art. 187, Art. 189, Parágrafo Único, da Lei nº 8.112/90, para aposentadoria voluntária, com percepção de proventos integrais, de acordo com o Art. 40, Inciso III, Alínea "a" da Constituição Federal de 1988, combinado com o Art. 186, Inciso III, Alínea "a" da Lei nº 8.112/90. (Processo nº 03652.000017/2002-51).</p><p>Nº 201 Tornar sem efeito, a partir de 01/02/2018, o ato de concessão de pensão temporária de ATAIRCE MAXIMA DA SILVA, filha maior solteira do ex-servidor ATHAYDE DA SILVA, matrícula nº 1272086, que teve início em 10/10/1981, fundamentada na lei 3.373/58, combinada com a lei 6.782/80, conforme Acórdão 2.780/2016-TCU-Plenário e Ofício 11772/2016-TCU/SEFIP, de 25/11/2016. (Processo 03653.001261/2016-26).</p><p> Na Portaria P. CRH n° 44, de 11/01/2018, publicada na página 42, Seção 2, do D.O.U. nº 9 de 12/01/2018, que concedeu pensão a GILVANETE FRANÇA MEIRELES, filha maior inválida do ex-servidor MANOEL MEIRELES, matrícula nº 776535, onde se lê: "Conceder pensão a"; leia-se: "Conceder pensão temporária a" e onde se lê: "Art. 40, § 7º da Constituição Federal de 1988, com redação dada pelo Art. 1º da Emenda Constitucional nº 41/03, combinado com o Art. 215, Art. 217, inciso IV, alínea "b", Art. 218 e Art. 222, inciso III, da Lei nº 8.112/90, com as redações dadas pela Lei nº 13.135, de 17 de Junho de 2015; leia-se: "Art. 5º, inciso II, alínea "a", da Lei 3373/58 c/c Lei 6782/80.</p><p>Na Portaria CRH n° 2524, de 28/12/2017, publicada na página 103, Seção 2, do D.O.U. nº 249 de 29/12/2017, que concedeu aposentadoria ao ex-servidor NILTON LUIZ DE NADAI, matrícula nº 773929, onde se lê: "(Processo nº 03643.001518/2017-58)"; leia-se: "(Processo nº 03626.001518/2017-58)".</p>]]></Texto>
    <Autores>
      <assina>CAMILA RODRIGUES DE SOUZA</assina>
    </Autores>
  </body>
</article></xml>