﻿<xml><article id="1760994" name="P028_2018" idOficio="4659530" pubName="DO2" artType="Portaria" pubDate="28/02/2018" artClass="00037:00051:00001:00000:00000:00000:00000:00000:00000:00000:00025:00001" artSection="Presidência" artCategory="Presidência" artSize="8" artNotes="" numberPage="70" pdfPage="http://pesquisa.in.gov.br/imprensa/jsp/visualiza/index.jsp?data=28/02/2018&amp;jornal=529&amp;pagina=70" editionNumber="40" highlight="">
  <body>
    <Identifica><![CDATA[PORTARIA nº 28, de 29 de janeiro de 2018]]></Identifica>
    <Data><![CDATA[]]></Data>
    <Ementa />
    <Titulo />
    <SubTitulo />
    <Texto><![CDATA[<p> A PRESIDENTE DO TRIBUNAL REGIONAL DO TRABALHO DA 12ª REGIÃO, no uso de suas atribuições legais e regimentais, e considerando o disposto no artigo 12 da Resolução CSJT nº 110/2012 e o que consta no expediente protocolizado sob PROAD nº 12.271/2017, I - REMOVE, a pedido, a partir de 28 de fevereiro de 2018, LUCIANA PISA QUEIROZ DE ALMEIDA, Analista Judiciário, Área Judiciária, Especialidade Oficial de Justiça Avaliador Federal, classe A, padrão 4, matrícula nº 4021, integrante do Quadro Permanente de Pessoal da Secretaria deste Tribunal, para o Tribunal Regional do Trabalho da 9ª Região, mediante permuta com o servidor Lucas Cesar Verçosa Silva, sendo-lhe concedidos 10 (dez) dias de trânsito; II - LOTA, em virtude do disposto no item I, LUCAS CESAR VERÇOSA SILVA, Analista Judiciário, Área Judiciária, Especialidade Oficial de Justiça Avaliador Federal, no Setor de Apoio à Gestão Administrativa do Foro e da Central de Mandados de Joinville, a partir de 28 de fevereiro de 2018. Publique-se.</p>]]></Texto>
    <Autores>
      <assina>MARI ELEDA MIGLIORINI</assina>
    </Autores>
  </body>
</article></xml>