﻿<xml><article id="1352805" name="CANCELAMENTO DE AFASTAMENTO DO P" idOficio="4660454" pubName="DO2" artType="Despacho" pubDate="01/02/2018" artClass="00011:00106:00000:00000:00000:00000:00000:00000:00000:00000:00019:00003" artSection="Ministério da Educação" artCategory="Universidade Federal da Bahia" artSize="8" artNotes="" numberPage="34" pdfPage="http://pesquisa.in.gov.br/imprensa/jsp/visualiza/index.jsp?data=01/02/2018&amp;jornal=529&amp;pagina=34" editionNumber="23">
  <body>
    <Identifica><![CDATA[DESPACHO DE 31 DE JANEIRO DE 2018]]></Identifica>
    <Data><![CDATA[]]></Data>
    <Ementa />
    <Titulo />
    <SubTitulo />
    <Texto><![CDATA[<p>  O REITOR DA UNIVERSIDADE FEDERAL DA BAHIA, no uso da competência subdelegada pela Portaria Ministerial nº 404/MEC, de 23 de abril de 2009, resolve: Cancelar o Afastamento do País do servidor ROBERTO DOS SANTOS ROCHA, requerido e autorizado através do Processo nº 23066.067625/2017-49, para o período de 25 de janeiro a 10 de fevereiro de 2018, publicada no Diário Oficial da União de 30/01/2018, seção 2, pág. 26.</p>]]></Texto>
    <Autores>
      <assina>JOÃO CARLOS SALLES PIRES DA SILVA</assina>
    </Autores>
  </body>
</article></xml>