﻿<xml><article id="1349095" name="Port. nº 0103-2018" idOficio="4658900" pubName="DO2" artType="Portaria" pubDate="01/02/2018" artClass="00038:00038:00000:00000:00000:00000:00000:00000:00000:00000:00025:00004" artSection="Entidades de Fiscalização do Exercício das Profissões Liberais" artCategory="Conselho Federal de Enfermagem" artSize="8" artNotes="" numberPage="143" pdfPage="http://pesquisa.in.gov.br/imprensa/jsp/visualiza/index.jsp?data=01/02/2018&amp;jornal=529&amp;pagina=143" editionNumber="23">
  <body>
    <Identifica><![CDATA[PORTARIA Nº 103, DE 29 DE JANEIRO DE 2018]]></Identifica>
    <Data><![CDATA[]]></Data>
    <Ementa />
    <Titulo />
    <SubTitulo />
    <Texto><![CDATA[<p> O Presidente do Conselho Federal de Enfermagem - Cofen, em conjunto com o Segundo-Secretário da Autarquia, no uso de suas atribuições legais e regimentais conferidas na Lei nº 5.905 de 12 de julho de 1973, bem como pelo Regimento Interno da Autarquia, aprovado pela Resolução Cofen nº. 421, de 15 de fevereiro de 2012; </p><p>CONSIDERANDO a Decisão Cofen nº 40/2015;</p><p>CONSIDERANDO a Resolução Cofen nº 566/2018, assinada em 26 de janeiro de 2018, que atualiza o Organograma do Conselho Federal de Enfermagem;</p><p>CONSIDERANDO demais deliberações da Presidência, baixam a seguinte determinação:</p><p>Art. 1º Nomear a Enfermeira, Dra. Michely Filete, Coren-ES nº 133.846-ENF e CPF nº 094.631.807-70, para ocupar o cargo em comissão de Chefe da Divisão de Fiscalização do Exercício Profissional do Cofen.</p><p>Parágrafo único. A profissional citada no caput desse artigo responderá, temporariamente, também pela Chefia do Departamento de Gestão do Exercício Profissional.</p><p>Art. 2º Esta Portaria entra em vigor na data de 1º de fevereiro de 2018.</p>]]></Texto>
    <Autores>
      <assina>MANOEL CARLOS N. DA SILVA</assina>
      <cargo>Presidente</cargo>
      <assina>MARIA R. F. B. SAMPAIO</assina>
      <cargo>Primeira-Secretária</cargo>
    </Autores>
  </body>
</article></xml>