﻿<xml><article id="1352712" name="Portaria Nº 273" idOficio="4660526" pubName="DO2" artType="Portaria" pubDate="01/02/2018" artClass="00031:00002:00658:04233:00000:00000:00000:00000:00000:00000:00025:00004" artSection="Coordenação-Geral de Gestão de Pessoas" artCategory="Coordenação-Geral de Gestão de Pessoas" artSize="8" artNotes="" numberPage="110" pdfPage="http://pesquisa.in.gov.br/imprensa/jsp/visualiza/index.jsp?data=01/02/2018&amp;jornal=529&amp;pagina=110" editionNumber="23">
  <body>
    <Identifica><![CDATA[Portaria Nº 273, DE 29 DE janeiro DE 2018]]></Identifica>
    <Data><![CDATA[]]></Data>
    <Ementa />
    <Titulo />
    <SubTitulo />
    <Texto><![CDATA[<p> O COORDENADOR-GERAL DE GESTÃO DE PESSOAS DO MINISTÉRIO DOS TRANSPORTES, PORTOS E AVIAÇÃO CIVIL, no uso das atribuições que lhe foram subdelegadas pela Portaria/SAAD nº 202, artigo 1º, inciso VII, de 08 de outubro de 2010, publicada no Diário Oficial de 11 de outubro de 2010, resolve:</p><p>Tornar sem efeito a Portaria COGEP nº 4427, de 21/11/2017, publicada no Diário Oficial da União de 28 de Novembro de  2017, que tornou sem  efeito a Portaria CGRH nº 2417, de 03/09/2007, publicada no Diário Oficial da União de 04/09/2007 que concedeu aposentadoria ao servidor NILSON COSTA PERES, matrícula nº 1319883, uma vez que o servidor interpôs pedido de reexame da decisão constante do Acórdão nº 9376/2012-TCU-2ª Câmara, proferido nos autos do Processo nº TC 019.764/2010-3, por meio da qual o Tribunal de Contas da União manifestou-se pela ilegalidade da aposentadoria, sendo o exame de admissibilidade do recurso interposto pelo servidor  acolhido pelo TCU.  (Processo SEI nº 50000.046384/2017-31).</p>]]></Texto>
    <Autores>
      <assina>ROBSON DE SOUZA ANDRADE</assina>
    </Autores>
  </body>
</article></xml>