﻿<xml><article id="1352433" name="PT1E2SÃOPAULOCENTRO" idOficio="4660496" pubName="DO2" artType="Portaria" pubDate="01/02/2018" artClass="00022:00029:00239:00004:00024:00012:00000:00000:00000:00000:00025:00001" artSection="Seção Operacional da Gestão de Pessoas" artCategory="Seção Operacional da Gestão de Pessoas" artSize="8" artNotes="" numberPage="6-87" pdfPage="http://pesquisa.in.gov.br/imprensa/jsp/visualiza/index.jsp?data=01/02/2018&amp;jornal=529&amp;pagina=6,http://pesquisa.in.gov.br/imprensa/jsp/visualiza/index.jsp?data=01/02/2018&amp;jornal=529&amp;pagina=87" editionNumber="23">
  <body>
    <Identifica><![CDATA[PORTARIA Nº 1, de 31 de Janeiro de 2018]]></Identifica>
    <Data><![CDATA[]]></Data>
    <Ementa />
    <Titulo />
    <SubTitulo />
    <Texto><![CDATA[<p> O Chefe Substituto da Seção Operacional da Gestão de Pessoas da Gerência Executiva do INSS São Paulo - Centro,  no uso das atribuições que lhe foram conferidas pelo art. 235, inciso I, alínea "b", do Regime Interno do INSS, aprovado pela Portaria MDS nº 414 de 28.09.2017, publicada no DOU Nº 188-A, de 29.09.2017, e  tendo em vista o que consta no processo nº 35366.000445/2017-81.resolve:</p><p>Conceder aposentadoria voluntária a servidora SUELI RAFFAELLI TARTARELLI, matricula SIAPE 0941636, ocupante do cargo de TÉCNICO DO SEGURO SOCIAL, NI, classe S, padrão IV, do Quadro de Pessoal do Instituto Nacional do Seguro Social, com fundamento no artigo 3º da Emenda Constitucional nº 47 de 05/07/2005, com proventos integrais, acrescido das demais vantagens a que faz jus.</p><p> O Chefe Substituto da Seção Operacional da Gestão de Pessoas da Gerência Executiva do INSS São Paulo - Centro, no uso das atribuições que lhe foram conferidas pelo art. 235, inciso I, alínea "b", do Regime Interno do INSS, aprovado pela Portaria MDS nº 414 de 28.09.2017, publicada no DOU Nº 188-A, de 29.09.2017, e  tendo em vista o que consta no processo nº 35366.000446/2017-26.resolve:</p><p>Conceder aposentadoria voluntária a servidora CASSIA MATOS CARDOSO, matricula SIAPE 1099643, ocupante do cargo de TÉCNICO DO SEGURO SOCIAL, NI, classe S, padrão IV, do Quadro de Pessoal do Instituto Nacional do Seguro Social, com fundamento no artigo 3º da Emenda Constitucional nº 47 de 05/07/2005, com proventos integrais, acrescido das demais vantagens a que faz jus.</p>]]></Texto>
    <Autores>
      <assina>Atílio Vignini Sobrinho</assina>
      <assina>Atílio Vignini Sobrinho</assina>
    </Autores>
  </body>
</article></xml>