﻿<xml><article id="1349765" name="Nº 6 - Eliezer" idOficio="4660262" pubName="DO2" artType="Portaria" pubDate="01/02/2018" artClass="00031:00002:00658:04233:00000:00000:00000:00000:00000:00000:00025:00002" artSection="Coordenação-Geral de Gestão de Pessoas" artCategory="Coordenação-Geral de Gestão de Pessoas" artSize="8" artNotes="" numberPage="110" pdfPage="http://pesquisa.in.gov.br/imprensa/jsp/visualiza/index.jsp?data=01/02/2018&amp;jornal=529&amp;pagina=110" editionNumber="23">
  <body>
    <Identifica><![CDATA[Portaria Nº 6, DE 2 DE janeiro DE 2018]]></Identifica>
    <Data><![CDATA[]]></Data>
    <Ementa />
    <Titulo />
    <SubTitulo />
    <Texto><![CDATA[<p> A COORDENADORA-GERAL DE GESTÃO DE PESSOAS DO MINISTÉRIO DOS TRANSPORTES, PORTOS E AVIAÇÃO CIVIL - SUBSTITUTA, no uso das atribuições que lhe foram subdelegadas pela Portaria/SAAD nº. 202, art. 1°, inciso VII, de 08 de outubro de 2010, publicada no Diário Oficial da União, de 11 de outubro de 2010, resolve:</p><p>Conceder Pensão Temporária, nos termos dos artigos 215 e 217, inciso II, alínea "a", da Lei nº. 8112/1990, a  ELIEZER BESERRA DE SOUSA, filho menor de 21 anos do ex-servidor  ZACARIAS PEREIRA DE SOUSA, matrícula SIAPE nº. 0789100, do Quadro permanente deste Ministério, falecido na inatividade em 22 de março de 1996, cuja cota parte equivale a 25% (vinte e cinco por cento) do valor correspondente à remuneração decorrente do cargo de Artífice de Carpintaria e Marcenaria (NI) Classe "B", Padrão II, com vigência  e efeitos financeiros a partir de 06 de setembro de 1996, data da inclusão, até 28 de agosto de 2007 maioridade, Habilitação Tardia, alterando-se a partir da presente data a cota do beneficio em nome da Sra. Maria Alaide Bezerra Rodrigues, para 50% (cinquenta por cento), em conformidade com o art. 218 da Lei 8.112/90". (Processo nº. 50000.051339/2015-37) CE.</p>]]></Texto>
    <Autores>
      <assina>LUCIA MARIA DE OLIVEIRA</assina>
    </Autores>
  </body>
</article></xml>