﻿<xml><article id="1349738" name="Portaria 867, 868 e 869 Tornar S" idOficio="4660258" pubName="DO2" artType="Portaria" pubDate="01/02/2018" artClass="00011:00130:00001:00017:00000:00000:00000:00000:00000:00000:00025:00018" artSection="Pró-Reitoria de Pessoal" artCategory="Pró-Reitoria de Pessoal" artSize="8" artNotes="" numberPage="43" pdfPage="http://pesquisa.in.gov.br/imprensa/jsp/visualiza/index.jsp?data=01/02/2018&amp;jornal=529&amp;pagina=43" editionNumber="23">
  <body>
    <Identifica><![CDATA[PORTARIAs de 30 de janeiro de 2018]]></Identifica>
    <Data><![CDATA[]]></Data>
    <Ementa />
    <Titulo />
    <SubTitulo />
    <Texto><![CDATA[<p> O Pró-Reitor de Pessoal, no uso da competência delegada pelo Reitor da Universidade Federal do Rio de Janeiro, através da Portaria nº 956 de 10 de fevereiro de 2017, publicada no Diário Oficial da União de 13 de fevereiro de 2017, amparada pelo § 4º do art. 13 da Lei nº 8.112/90, resolve:</p><p>N° 867 Tornar sem efeito a prorrogação do contrato da Professora Substituta MONIQUE DA SILVA DE QUEIROZ, da Escola de Belas Artes, incluído(a) na portaria nº 60, de 04 de janeiro de 2018, publicada no DOU nº 10 de janeiro de 2018, conforme consta no processo 23079. 036986/16-13.</p><p>N° 868 Tornar sem efeito a contratação da Professora Substituta da Faculdade de Medicina LUCIANA AMARAL DE RETAMAL MARZAN, incluído(a) na portaria nº 769, de 25 de janeiro de 2018, publicada no DOU nº 30 de janeiro de 2018, conforme consta no processo 23079. 062360/17-43.</p><p>N° 869 Tornar sem efeito a contração da Professora Substituta da Faculdade de Medicina TALITA SILVÉRIO DE SOUZA SILVA, incluído(a) na portaria nº 769, de 25 de janeiro de 2018, publicada no DOU nº 30 de janeiro de 2018, conforme consta no processo 23079. 062360/17-43.</p><p> </p>]]></Texto>
    <Autores>
      <assina>AGNALDO FERNANDES</assina>
    </Autores>
  </body>
</article></xml>