﻿<xml><article id="1353108" name="PORTARIAS 30 JANEIRO-mvgs" idOficio="4660591" pubName="DO2" artType="Portaria" pubDate="01/02/2018" artClass="00015:00032:00001:00000:00000:00000:00000:00000:00000:00000:00025:00003" artSection="Gabinete" artCategory="Gabinete" artSize="8" artNotes="" numberPage="58" pdfPage="http://pesquisa.in.gov.br/imprensa/jsp/visualiza/index.jsp?data=01/02/2018&amp;jornal=529&amp;pagina=58" editionNumber="23">
  <body>
    <Identifica><![CDATA[PORTARIAS DE 30 DE JANEIRO DE 2018]]></Identifica>
    <Data><![CDATA[]]></Data>
    <Ementa />
    <Titulo />
    <SubTitulo />
    <Texto><![CDATA[<p> O DIRETOR-GERAL DA POLÍCIA FEDERAL, no uso das competências que lhe foram atribuídas nos incisos IV e X do art. 35 do Regimento Interno da Polícia Federal, aprovado pela Portaria nº 1.252, de 29 de dezembro de 2017, do Excelentíssimo Senhor Ministro de Estado da Justiça e Segurança Pública, publicada no DOU nº 1, de 02 de janeiro de 2018, e na Portaria nº 499, de 29 de maio de 2014, da Secretaria Executiva do Ministério da Justiça, publicada no DOU nº 106, de 5 de junho de 2014, resolve:</p><p>Nº 7.913 EXONERAR o Perito Criminal Federal ROGERIO LAURENTINO DE MESQUITA do cargo de Assistente da Diretoria Técnico-Científica, código DAS 102.2.</p><p>Nº 7.914 NOMEAR a Perita Criminal Federal JOSEANE ILA GRANJA DE SOUZA DE REQUENA para o cargo de Assistente da Diretoria Técnico-Científica, código DAS 102.2.</p>]]></Texto>
    <Autores>
      <assina>FERNANDO QUEIROZ SEGOVIA OLIVEIRA</assina>
    </Autores>
  </body>
</article></xml>