﻿<xml><article id="1351524" name="DOU_SP_01022018" idOficio="4660361" pubName="DO2" artType="Portaria" pubDate="01/02/2018" artClass="00036:00001:00002:00008:00001:00001:00000:00000:00000:00000:00025:00001" artSection="Coordenação de Secretariado Parlamentar" artCategory="Coordenação de Secretariado Parlamentar" artSize="8" artNotes="" numberPage="34-115" pdfPage="http://pesquisa.in.gov.br/imprensa/jsp/visualiza/index.jsp?data=01/02/2018&amp;jornal=529&amp;pagina=34,http://pesquisa.in.gov.br/imprensa/jsp/visualiza/index.jsp?data=01/02/2018&amp;jornal=529&amp;pagina=115" editionNumber="23">
  <body>
    <Identifica><![CDATA[Portarias de 30 de janeiro de 2018]]></Identifica>
    <Data><![CDATA[]]></Data>
    <Ementa />
    <Titulo />
    <SubTitulo />
    <Texto><![CDATA[<p> O Diretor da Coordenação de Secretariado Parlamentar, no uso das atribuições que lhe foram delegadas pelo artigo 1º da Portaria n.º 53, de 2002, do Senhor Diretor Administrativo, resolve: </p><p>Nº 277 - Exonerar, de acordo com o artigo 35 da Lei n.º 8.112, de 11 de dezembro de 1990, a partir de 30 de janeiro de 2018, BONINA BARBOSA, ponto n.º 202948, do cargo em comissão de Secretário Parlamentar, SP21, do Quadro de Pessoal da Câmara dos Deputados, que exerce no gabinete do(a) Deputado(a) JOAO ARRUDA.</p><p>Nº 278 - Exonerar, de acordo com o artigo 35 da Lei n.º 8.112, de 11 de dezembro de 1990, a partir de 30 de janeiro de 2018, WALQUIR CLEUTON DO AMARAL, ponto n.º 225642, do cargo em comissão de Secretário Parlamentar, SP05, do Quadro de Pessoal da Câmara dos Deputados, que exerce no gabinete do(a) Deputado(a) WELITON PRADO.</p><p>Nº 279 - Exonerar, de acordo com o artigo 35 da Lei n.º 8.112, de 11 de dezembro de 1990, a partir de 30 de janeiro de 2018, RAILTON LOURENÇO DA SILVA, ponto n.º 249191, do cargo em comissão de Secretário Parlamentar, SP02, do Quadro de Pessoal da Câmara dos Deputados, que exerce no gabinete do(a) Deputado(a) JHC.</p><p>Nº 280 - Exonerar, de acordo com o artigo 35 da Lei n.º 8.112, de 11 de dezembro de 1990, a partir de 30 de janeiro de 2018, EDIMAR MONTEIRO NEVES, ponto n.º 250787, do cargo em comissão de Secretário Parlamentar, SP07, do Quadro de Pessoal da Câmara dos Deputados, que exerce no gabinete do(a) Deputado(a) SIMONE MORGADO.</p><p>Nº 281 - Exonerar, de acordo com o artigo 35 da Lei n.º 8.112, de 11 de dezembro de 1990, a partir de 30 de janeiro de 2018, IZAIAS LIMA DE ASSIS, ponto n.º 251025, do cargo em comissão de Secretário Parlamentar, SP02, do Quadro de Pessoal da Câmara dos Deputados, que exerce no gabinete do(a) Deputado(a) VICENTE ARRUDA.</p><p>Nº 282 - Exonerar, de acordo com o artigo 35 da Lei n.º 8.112, de 11 de dezembro de 1990, a partir de 30 de janeiro de 2018, LUÍS FABIANO SILVA DE MIRANDA, ponto n.º 253040, do cargo em comissão de Secretário Parlamentar, SP02, do Quadro de Pessoal da Câmara dos Deputados, que exerce no gabinete do(a) Deputado(a) PAULO PIMENTA.</p><p>Nº 283 - Exonerar, de acordo com o artigo 35 da Lei n.º 8.112, de 11 de dezembro de 1990, a partir de 30 de janeiro de 2018, LEONARDO RODY GREGORIO, ponto n.º 254885, do cargo em comissão de Secretário Parlamentar, SP25, do Quadro de Pessoal da Câmara dos Deputados, que exerce no gabinete do(a) Deputado(a) CARLOS MANATO.</p><p>Nº 284 - Exonerar, de acordo com o artigo 35 da Lei n.º 8.112, de 11 de dezembro de 1990, a partir de 30 de janeiro de 2018, ÉRIC ROBSON MELO ARAÚJO DIAS, ponto n.º 255433, do cargo em comissão de Secretário Parlamentar, SP11, do Quadro de Pessoal da Câmara dos Deputados, que exerce no gabinete do(a) Deputado(a) LINDOMAR GARCON.</p><p>Nº 285 - Exonerar, de acordo com o artigo 35 da Lei n.º 8.112, de 11 de dezembro de 1990, a partir de 30 de janeiro de 2018, LUCIANO CLEVER MESQUITA MARTINS, ponto n.º 255576, do cargo em comissão de Secretário Parlamentar, SP11, do Quadro de Pessoal da Câmara dos Deputados, que exerce no gabinete do(a) Deputado(a) JOSE AIRTON CIRILO.</p><p>Nº 286 - Exonerar, de acordo com o artigo 35 da Lei n.º 8.112, de 11 de dezembro de 1990, a partir de 30 de janeiro de 2018, TIAGO CAMERINI CORREA DA SILVA, ponto n.º 255952, do cargo em comissão de Secretário Parlamentar, SP12, do Quadro de Pessoal da Câmara dos Deputados, que exerce no gabinete do(a) Deputado(a) ALCEU MOREIRA.</p><p>Nº 287 - Exonerar, de acordo com o artigo 35 da Lei n.º 8.112, de 11 de dezembro de 1990, a partir de 30 de janeiro de 2018, MAGNO ROMERO RABELO MOTA, ponto n.º 256982, do cargo em comissão de Secretário Parlamentar, SP04, do Quadro de Pessoal da Câmara dos Deputados, que exerce no gabinete do(a) Deputado(a) PAULO PIMENTA.</p><p>Nº 288 - Nomear, na forma do artigo 9º, inciso II, da Lei nº 8.112, de 11 de dezembro de 1990, FRANCISCO AUGUSTO DA COSTA GARCIA para exercer, no gabinete do(a) Deputado(a) DIEGO GARCIA, o cargo em comissão de Secretário Parlamentar, SP25, do Quadro de Pessoal da Câmara dos Deputados. </p><p>Nº 289 - Nomear, na forma do artigo 9º, inciso II, da Lei nº 8.112, de 11 de dezembro de 1990, GIORGIO OLIVEIRA PEREIRA para exercer, no gabinete do(a) Deputado(a) JAIME MARTINS, o cargo em comissão de Secretário Parlamentar, SP06, do Quadro de Pessoal da Câmara dos Deputados. </p><p>Nº 290 - Nomear, na forma do artigo 9º, inciso II, da Lei nº 8.112, de 11 de dezembro de 1990, JOSÉ NILSON ZGODA para exercer, no gabinete do(a) Deputado(a) JOAO ARRUDA, o cargo em comissão de Secretário Parlamentar, SP06, do Quadro de Pessoal da Câmara dos Deputados. </p><p>Nº 291 - Nomear, na forma do artigo 9º, inciso II, da Lei nº 8.112, de 11 de dezembro de 1990, MAURÍLIO DOS SANTOS para exercer, no gabinete do(a) Deputado(a) ENIO VERRI, o cargo em comissão de Secretário Parlamentar, SP02, do Quadro de Pessoal da Câmara dos Deputados. </p><p>Nº 292 - Nomear, na forma do artigo 9º, inciso II, da Lei nº 8.112, de 11 de dezembro de 1990, NELSON ALVES DA SILVA para exercer, no gabinete do(a) Deputado(a) LUIZ CLAUDIO, o cargo em comissão de Secretário Parlamentar, SP01, do Quadro de Pessoal da Câmara dos Deputados. </p><p>Nº 293 - Nomear, na forma do artigo 9º, inciso II, da Lei nº 8.112, de 11 de dezembro de 1990, RAIMUNDO ROBERTO DE QUEIROZ LOBO para exercer, no gabinete do(a) Deputado(a) VICENTE ARRUDA, o cargo em comissão de Secretário Parlamentar, SP02, do Quadro de Pessoal da Câmara dos Deputados. </p><p>Nº 294 - Nomear, na forma do artigo 9º, inciso II, da Lei nº 8.112, de 11 de dezembro de 1990, RUMMENIGGE DE MOURA OMENA para exercer, no gabinete do(a) Deputado(a) JHC, o cargo em comissão de Secretário Parlamentar, SP12, do Quadro de Pessoal da Câmara dos Deputados. </p><p>Nº 295 - Nomear, na forma do artigo 9º, inciso II, da Lei nº 8.112, de 11 de dezembro de 1990, VIVIANE SENA DA COSTA LUZ para exercer, no gabinete do(a) Deputado(a) SIMONE MORGADO, o cargo em comissão de Secretário Parlamentar, SP07, do Quadro de Pessoal da Câmara dos Deputados. </p>]]></Texto>
    <Autores>
      <assina>Emerson Brito de Melo</assina>
    </Autores>
  </body>
</article></xml>