﻿<xml><article id="1352099" name="Port. 079 - ATQINTECTA 47 - KATI" idOficio="4660426" pubName="DO2" artType="Portaria" pubDate="01/02/2018" artClass="00011:00134:00001:00012:00007:00000:00000:00000:00000:00000:00025:00001" artSection="Departamento de Administração de Pessoal" artCategory="Departamento de Administração de Pessoal" artSize="8" artNotes="" numberPage="45" pdfPage="http://pesquisa.in.gov.br/imprensa/jsp/visualiza/index.jsp?data=01/02/2018&amp;jornal=529&amp;pagina=45" editionNumber="23">
  <body>
    <Identifica><![CDATA[PORTARIA Nº 79, DE 31 DE JANEIRO DE 2018]]></Identifica>
    <Data><![CDATA[]]></Data>
    <Ementa />
    <Titulo />
    <SubTitulo />
    <Texto><![CDATA[<p> A Diretora, em exercício, do Departamento de Administração de Pessoal da Universidade Federal de Santa Catarina, no uso de suas atribuições, resolve:</p><p>Aposentar KATIA REGINA BREIGERON, matrícula SIAPE 1159317, código de vaga nº 691005, ocupante do cargo de Auxiliar em Administração, nível de classificação C, nível de capacitação 3, padrão de vencimento 16, no regime de trabalho de 40 (quarenta) horas semanais, da carreira técnico-administrativa da Universidade Federal de Santa Catarina, nos termos do art. 3º, incisos I a III e parágrafo único da Emenda Constitucional nº 47 de 05 de julho de 2005, com proventos integrais, incorporando 11 % (onze por cento) de adicional por tempo de serviço.  (Processo nº 23080.082727/2017-14)</p><p> </p><p> </p>]]></Texto>
    <Autores>
      <assina>Nádia Cristina Zunino Simone</assina>
    </Autores>
  </body>
</article></xml>