﻿<xml><article id="1349408" name="FRANCISCO ANTONIO NETO" idOficio="4660174" pubName="DO2" artType="Portaria" pubDate="01/02/2018" artClass="00015:00032:00015:00003:00001:00000:00000:00000:00000:00000:00025:00005" artSection="Serviço de Cadastro" artCategory="Serviço de Cadastro" artSize="8" artNotes="" numberPage="59" pdfPage="http://pesquisa.in.gov.br/imprensa/jsp/visualiza/index.jsp?data=01/02/2018&amp;jornal=529&amp;pagina=59" editionNumber="23">
  <body>
    <Identifica><![CDATA[PORTARIA Nº 7.517, 29 DE JANEIRO DE 2018]]></Identifica>
    <Data><![CDATA[]]></Data>
    <Ementa />
    <Titulo />
    <SubTitulo />
    <Texto><![CDATA[<p> O DIRETOR DE GESTÃO DE PESSOAL DA POLÍCIA FEDERAL, no uso das atribuições que lhe são conferidas pelos incisos XIV e XIX, do Artigo 42, do Regimento Interno da PF, aprovado pela Portaria MJ nº 1.252, de 29/12/2017, publicada no Diário Oficial da União nº 1, de 2/1/2018, Seção I, pp. 65/70, e tendo em vista o que consta dos Processos nºs 08385.011180/2003-41, 08200.020512/2014-51, 08064.001535/2015-50, 08064.000343/2015-26 e 08385.014643/2016-41, resolve:</p><p>Conceder aposentadoria especial voluntária a FRANCISCO ANTONIO NETO, Matrícula SIAPE nº  0182990, ocupante do cargo de Escrivão de Polícia Federal, Classe Especial, do Quadro de Pessoal da Polícia Federal, com fundamento no artigo no artigo 1º, inciso II, alínea "a", da Lei Complementar nº 51, de 20 de dezembro de 1985, com proventos integrais e paridade correspondentes ao subsídio do cargo efetivo, de acordo com o artigo 38, alínea "a", da Lei nº 4.878, de 3 de dezembro de 1965 c/c o artigo 11, da Lei nº 11.358, de 19 de outubro de 2006, declarando, em decorrência, a vacância do cargo.</p>]]></Texto>
    <Autores>
      <assina>CLYTON EUSTÁQUIO XAVIER</assina>
    </Autores>
  </body>
</article></xml>