﻿<xml><article id="1351778" name="publica DOU" idOficio="4660382" pubName="DO2" artType="Portaria" pubDate="01/02/2018" artClass="00010:00007:00009:00046:00000:00000:00000:00000:00000:00000:00025:00001" artSection="7º Distrito Naval" artCategory="7º Distrito Naval" artSize="8" artNotes="" numberPage="10" pdfPage="http://pesquisa.in.gov.br/imprensa/jsp/visualiza/index.jsp?data=01/02/2018&amp;jornal=529&amp;pagina=10" editionNumber="23">
  <body>
    <Identifica><![CDATA[PORTARIA N° 38/Com7°DN, DE 23 DE JANEIRO DE 2018]]></Identifica>
    <Data><![CDATA[]]></Data>
    <Ementa />
    <Titulo />
    <SubTitulo />
    <Texto><![CDATA[<p>Instaura Processo Administrativo de Responsabilização (PAR).</p><p> Por meio da delegação de competência prevista na Portaria n° 166/Com7°DN, de 08 de julho de 2010, em cumprimento às determinações descritas na Decisão Final, a qual acolheu as razões fáticas e jurídicas apontadas no Parecer nº 193/2017-ELB/CJACM/CGU/AGU do Processo nº 62055.000400/2015-21, resolvo: </p><p>Art. 1º De acordo com o art. 10, da Lei nº 12.846 de 1º de agosto de 2013, designar o Capitão de Corveta (T) PEDRO CARLOS DA SILVA, a Capitão Tenente (QC-IM) DANIELLE DE OLIVEIRA AMORIM BASTOS e o SO-ES 87.2201.99 CRENI ALVES DE JESUS, que também poderá servir como escrivão do procedimento, para compor a comissão de apuração da responsabilidade de pessoa jurídica.</p><p>Art. 2º Os seguintes documentos seguem já devidamente autuados no presente procedimento de NUP 62055.000423/2018-89, junto a esta Portaria; Cópias do Despacho, da Decisão Final e do Parecer nº 193/2017-ELB/CJACM/CGU/AGU do Processo nº 62055.000400/2015-21, bem como a impressão na íntegra da Lei nº 12.846, de 1º de agosto de 2013 e a Portaria nº 166/Com7ºDN, de 08 de julho de 2010.</p><p>Art. 3º Esta Portaria entra em vigor na presente data.</p>]]></Texto>
    <Autores>
      <assina>JUCEMIR RAMOS DE MACEDO SZOCHALEWCZ</assina>
      <cargo>Capitão de Mar e Guerra (IM)</cargo>
      <cargo>Chefe-Geral do Serviço</cargo>
    </Autores>
  </body>
</article></xml>