﻿<xml><article id="1351233" name="PORT 69 M VILANI" idOficio="4660327" pubName="DO2" artType="Portaria" pubDate="01/02/2018" artClass="00006:00012:00012:00000:00000:00000:00000:00000:00000:00000:00025:00001" artSection="Secretaria-Geral de Administração" artCategory="Secretaria-Geral de Administração" artSize="8" artNotes="" numberPage="3" pdfPage="http://pesquisa.in.gov.br/imprensa/jsp/visualiza/index.jsp?data=01/02/2018&amp;jornal=529&amp;pagina=3" editionNumber="23">
  <body>
    <Identifica><![CDATA[PORTARIA Nº 69, DE 29 DE JANEIRO DE 2018]]></Identifica>
    <Data><![CDATA[]]></Data>
    <Ementa />
    <Titulo />
    <SubTitulo />
    <Texto><![CDATA[<p> <strong>A SECRETÁRIA-GERAL DE ADMINISTRAÇÃO SUBSTITUTA</strong>, no uso da competência que lhe foi delegada pelo artigo 44, inciso XV, do Anexo da Portaria AGU nº 51, de 21 de fevereiro de 2013, publicada no DOU de 22 de fevereiro de 2013, e considerando o que consta no Processo Administrativo nº 00404.005597/2017-92, resolve: </p><p>Conceder aposentadoria voluntária a MARIA VILANI NUNES DA SILVA ZOUVI, matrícula Siape nº 6093994, ocupante do cargo de Agente Administrativo, Classe "S", Padrão III, código da vaga nº 37198, com fundamento art. 3º, incisos I, II e III, parágrafo único, da Emenda Constitucional nº 47, de 5 de julho de 2005, combinado com o § 18 do art. 40 da Constituição Federal, com proventos integrais e paridade, correspondentes ao vencimento básico do cargo efetivo, acrescido dos anuênios, de acordo com o art. 67 da Lei nº 8.112, de 11 de dezembro de 1990, combinado com o art. 15 da Medida Provisória nº 2.225-45, de 4 de setembro de 2001, e do Ofício-Circular nº 36/SRH/MP/2001, das Gratificações de Desempenho de Atividade de Apoio Técnico-Administrativo, Lei nº 13.326, de 29 de julho de 2016, e da Específica de Apoio Técnico Administrativo, Lei nº 10.907, de 15 de julho de 2004, e da vantagem prevista no art. 3º da Lei nº 8.911, de 11 de julho de 1994, assegurada pelo art. 15, § 2º, da Lei nº 9.527, de 10 de dezembro de 1997, declarando, em decorrência, a vacância do cargo.</p>]]></Texto>
    <Autores>
      <assina>ISABELLA MARIA DE LEMOS</assina>
    </Autores>
  </body>
</article></xml>