﻿<xml><article id="1350091" name="Portaria nº 77 de 30 de janeiro " idOficio="4660294" pubName="DO2" artType="Portaria" pubDate="01/02/2018" artClass="00011:00063:00001:00000:00000:00000:00000:00000:00000:00000:00025:00006" artSection="Reitoria" artCategory="Reitoria" artSize="8" artNotes="" numberPage="25" pdfPage="http://pesquisa.in.gov.br/imprensa/jsp/visualiza/index.jsp?data=01/02/2018&amp;jornal=529&amp;pagina=25" editionNumber="23">
  <body>
    <Identifica><![CDATA[PORTARIA Nº 77, DE 30 DE JANEIRO DE 2018]]></Identifica>
    <Data><![CDATA[]]></Data>
    <Ementa />
    <Titulo />
    <SubTitulo />
    <Texto><![CDATA[<p> O REITOR DO INSTITUTO FEDERAL DE EDUCAÇÃO, CIÊNCIA E TECNOLOGIA FLUMINENSE - IFFLUMINENSE, no uso das atribuições legais que lhe confere a Lei 11.892 de 29/12/2008, publicada no D.O.U. de 30/12/2008; a Portaria MEC N.º 378, de 09/05/2016, publicada no D.O.U. de 10/05/2016, seção 1, páginas 19 a 27 e o Decreto Presidencial de 05 de abril de 2016, publicado no D.O.U. de 06 de abril de 2016. Resolve:</p><p>Art. 1.º Conceder APOSENTADORIA VOLUNTÁRIA COM PROVENTOS PROPORCIONAIS a 23/30, de acordo com o § 1º, inciso III, alínea "b" do Artigo 40 da Constituição Federal de 05/10/1988, com Redação dada pela Emenda Constitucional N.º 41/2003, combinado com o Artigo 186, inciso III, alínea "d" da Lei 8.112/90, à servidora LUSIA MARIA PEIXOTO MANHÃES, Matrícula SIAPE 1008747, ocupante do cargo de Servente de Limpeza, Nível de Classificação A, Nível de Capacitação IV, Padrão de Vencimento 14, no regime de trabalho de 40 horas semanais, código de vaga 207514, do Quadro Permanente deste Instituto, assegurando-se as seguintes incorporações: 5% (cinco por cento) a título de Adicional por Tempo de Serviço e o Incentivo à Qualificação no percentual de 30% (trinta por cento), correspondente à Especialização em Nível Superior, de acordo com o previsto na Lei 11.091 de 12/01/2005, com a alteração dada pela Lei 12.772 de 28/12/2012, publicada no D.O.U. de 31/12/2012, tendo em vista o que consta no Processo N.º 23318.004850.2017-65.</p><p>Art. 2.º Declarar vago o respectivo cargo.</p><p>Art. 3.º Esta portaria entra em vigor na data de sua publicação no Diário Oficial da União.</p>]]></Texto>
    <Autores>
      <assina>JEFFERSON MANHÃES DE AZEVEDO</assina>
    </Autores>
  </body>
</article></xml>