﻿<xml><article id="1351374" name="portaria 17582 SGP" idOficio="4660343" pubName="DO2" artType="Portaria" pubDate="01/02/2018" artClass="00037:00025:00000:00000:00000:00000:00000:00000:00000:00000:00025:00006" artSection="Poder Judiciário" artCategory="Tribunal Regional Eleitoral do Pará" artSize="8" artNotes="" numberPage="119" pdfPage="http://pesquisa.in.gov.br/imprensa/jsp/visualiza/index.jsp?data=01/02/2018&amp;jornal=529&amp;pagina=119" editionNumber="23">
  <body>
    <Identifica><![CDATA[Portaria Nº 17.582, de 30 de janeiro de 2018]]></Identifica>
    <Data><![CDATA[]]></Data>
    <Ementa />
    <Titulo />
    <SubTitulo />
    <Texto><![CDATA[<p> A PRESIDENTE DO TRIBUNAL REGIONAL ELEITORAL DO PARÁ, no uso de suas atribuições legais e regimentais, e à vista do contido no Processo Administrativo Eletrônico nº 0001071-08.2018.6.14.8053, resolve:</p><p>Art. 1º DESIGNAR o servidor requisitado DARLES DOUGLAS GUIDA RIBEIRO, para exercer a Função Comissionada de Assistente I, nível FC-1, da 53ª Zona Eleitoral, com sede no município de São Félix do Xingu, com fulcro no § 2º do art. 4º da Resolução TSE nº 23.448/2015.</p><p>Art. 2º Esta portaria entra em vigor na data de sua publicação.</p>]]></Texto>
    <Autores>
      <assina>CÉLIA REGINA DE LIMA PINHEIRO</assina>
    </Autores>
  </body>
</article></xml>