﻿<xml><article id="1349850" name="Portaria nº 336-2018 - Aposentad" idOficio="4660249" pubName="DO2" artType="Portaria" pubDate="01/02/2018" artClass="00017:00021:00042:00000:00000:00000:00000:00000:00000:00000:00025:00001" artSection="Superintendência Estadual em Sergipe" artCategory="Superintendência Estadual em Sergipe" artSize="8" artNotes="" numberPage="74" pdfPage="http://pesquisa.in.gov.br/imprensa/jsp/visualiza/index.jsp?data=01/02/2018&amp;jornal=529&amp;pagina=74" editionNumber="23">
  <body>
    <Identifica><![CDATA[PORTARIA Nº 336, de 29 de janeiro de 2018]]></Identifica>
    <Data><![CDATA[]]></Data>
    <Ementa />
    <Titulo />
    <SubTitulo />
    <Texto><![CDATA[<p> A SUPERINTENDENTE ESTADUAL DA FUNDAÇÃO NACIONAL DE SAÚDE EM SERGIPE, nomeada pela Portaria nº 631, de 25 de agosto de 2016, publicada no DOU nº 165, Seção 2, de 26 de agosto de 2016, no uso de suas atribuições que lhe confere o Estatuto aprovado pelo Decreto nº 8.867 de 03 de outubro de 2016, publicado no DOU de 04 de outubro de 2016 e tendo em vista o que consta no Processo nº 25280.000099/2018-17, resolve:</p><p>Art. 1º Conceder aposentadoria voluntária integral ao servidor Carlos Antunes da Silva, ocupante do cargo de Assistente de Administração, Classe "S", Padrão III, matrícula SIAPE 0.469.679, do quadro de pessoal da Fundação Nacional de Saúde, com fundamento no Art. 3º, incisos I, II e III, da Emenda Constitucional Nº 47/2005, com proventos integrais e demais vantagens a que fizer jus.</p><p>Art. 2º Declarar vago o cargo referido no art. 1º.</p><p>Art. 3º Esta Portaria entra em vigor na data de sua publicação. </p>]]></Texto>
    <Autores>
      <assina>KELLY CHRISTINE SATTLER LIMA SILVA</assina>
    </Autores>
  </body>
</article></xml>