﻿<xml><article id="1351748" name="PTS9E10RIONORTE" idOficio="4660380" pubName="DO2" artType="Portaria" pubDate="01/02/2018" artClass="00022:00029:00240:00007:00027:00003:00000:00000:00000:00000:00025:00002" artSection="Seção Operacional  de Gestão de Pessoas" artCategory="Seção Operacional  de Gestão de Pessoas" artSize="8" artNotes="" numberPage="91" pdfPage="http://pesquisa.in.gov.br/imprensa/jsp/visualiza/index.jsp?data=01/02/2018&amp;jornal=529&amp;pagina=91" editionNumber="23">
  <body>
    <Identifica><![CDATA[PORTARIA Nº 9, DE 25 DE JANEIRO DE 2018]]></Identifica>
    <Data><![CDATA[]]></Data>
    <Ementa />
    <Titulo />
    <SubTitulo />
    <Texto><![CDATA[<p> O CHEFE DA SEÇÃO OPERACIONAL DA GESTÃO DE PESSOAS DA GERÊNCIA EXECUTIVA DO INSS/RJ-NORTE. No uso das atribuições conferidas pelo Artigo 235 do Regimento Interno do INSS, aprovado pela Portaria/MDS/GAB nº 414, de 28/09/2017, publicada no DOU nº 188, de 29/09/2017, resolve:</p><p>Conceder Aposentadoria Voluntária Integral a servidora SOLANGE VILLAS BOAS DA SILVA, matrícula SIAPE nº 0756.765, ocupante do cargo de Agente de Programas Assistenciais, Classe "S", Padrão IV, do Quadro de Pessoal do Instituto Nacional do Seguro Social, com fundamento no artigo 3º da Emenda Constitucional nº 47/2005, com base na última remuneração. (Processo Administrativo nº37367.000452/2018-80). Em consequência, declarar vago o referido cargo.</p><p> O CHEFE DA SEÇÃO OPERACIONAL DA GESTÃO DE PESSOAS DA GERÊNCIA EXECUTIVA DO INSS/RIO DE JANEIRO-NORTE, no uso das atribuições que lhe confere o artigo 235 inciso I, alínea "b" do Regimento Interno aprovado pela Portaria nº 414, de 28/09/2017, publicada no DOU nº 188-A, de 29/09/2017 e tendo em vista o que consta do processo nº 37367.000117/2018-81, resolve:</p><p>Conceder Aposentadoria Voluntária Integral a servidora ISA DE SOUZA FERREIRA, matrícula SIAPE nº 0913882, ocupante do cargo de Datilógrafo, Classe "S", Padrão IV, do Quadro de Pessoal do Instituto Nacional do Seguro Social, com fundamento no artigo 3º da Emenda Constitucional nº 47/2005. Em consequência do ato, declarar o referido cargo vago. </p>]]></Texto>
    <Autores>
      <assina>Luiz Andrade Santos</assina>
      <assina>Luiz Andrade Santos</assina>
    </Autores>
  </body>
</article></xml>