﻿<xml><article id="1349402" name="EDUARDO CORREA DE FIGUEREDO" idOficio="4660174" pubName="DO2" artType="Portaria" pubDate="01/02/2018" artClass="00015:00032:00015:00003:00001:00000:00000:00000:00000:00000:00025:00002" artSection="Serviço de Cadastro" artCategory="Serviço de Cadastro" artSize="8" artNotes="" numberPage="58" pdfPage="http://pesquisa.in.gov.br/imprensa/jsp/visualiza/index.jsp?data=01/02/2018&amp;jornal=529&amp;pagina=58" editionNumber="23">
  <body>
    <Identifica><![CDATA[PORTARIA N° 7.510, DE 26 DE JANEIRO DE 2018]]></Identifica>
    <Data><![CDATA[]]></Data>
    <Ementa />
    <Titulo />
    <SubTitulo />
    <Texto><![CDATA[<p> O DIRETOR DE GESTÃO DE PESSOAL DA POLÍCIA FEDERAL, no uso das atribuições que lhe são conferidas pelos incisos XIV e XIX do artigo 42 do Regimento Interno da Polícia Federal, aprovado pela Portaria MJ nº 1.252, de 29/12/2017, publicada no Diário Oficial da União nº 1, de 02/01/2018, Seção I, pp. 65/70, resolve:</p><p>Conceder aposentadoria especial voluntária a EDUARDO CORREA DE FIGUEREDO, ocupante do cargo de Delegado de  Polícia Federal, Classe Especial, matrícula SIAPE nº 01794681, do Quadro de Pessoal da Polícia Federal, com fundamento no artigo 1º, inciso II, alínea "a", da Lei Complementar nº 51, de 20 de dezembro de 1985, com proventos integrais e paridade correspondentes ao subsídio do cargo efetivo, de acordo com o artigo 38, alínea "a", da Lei nº 4.878, de 3 de dezembro de 1965, c/c a Lei nº 11.358, de 19 de outubro de 2006, declarando, em decorrência, a vacância do cargo.</p>]]></Texto>
    <Autores>
      <assina>CLYTON EUSTÁQUIO XAVIER</assina>
    </Autores>
  </body>
</article></xml>