﻿<xml><article id="1349260" name="DOU_Portaria_94_2017_Fernando Ma" idOficio="4660027" pubName="DO2" artType="Portaria" pubDate="01/02/2018" artClass="00037:00036:00001:00000:00000:00000:00000:00000:00000:00000:00025:00001" artSection="Presidência" artCategory="Presidência" artSize="8" artNotes="" numberPage="120" pdfPage="http://pesquisa.in.gov.br/imprensa/jsp/visualiza/index.jsp?data=01/02/2018&amp;jornal=529&amp;pagina=120" editionNumber="23">
  <body>
    <Identifica><![CDATA[PORTARIA nº 94, de 7 de agosto de 2017]]></Identifica>
    <Data><![CDATA[]]></Data>
    <Ementa />
    <Titulo />
    <SubTitulo />
    <Texto><![CDATA[<p> O DESEMBARGADOR PRESIDENTE DO TRIBUNAL REGIONAL ELEITORAL DE SÃO PAULO, no uso de suas atribuições e </p><p>considerando o disposto no art. 37 da Lei n. 8.112, de 11 de dezembro de 1990, e no art. 6º, §1º, inciso IV, da Resolução TSE n. 23.430 de 12 de agosto de 2014;  </p><p>considerando a decisão proferida no procedimento administrativo PAD n. 6118/2017, deste Tribunal, resolve:</p><p>Art. 1º REDISTRIBUIR  o cargo efetivo de Técnico Judiciário - Área Administrativa, criado pela Lei n. 6082 de 10.07.1974, do Quadro de Pessoal do Tribunal Regional Eleitoral de São Paulo, ocupado pelo servidor Fernando Marques Rodrigues, atualmente removido para o Tribunal Regional Eleitoral do Rio de Janeiro, em reciprocidade, com o cargo de Técnico Judiciário - Área Administrativa, ocupado pela servidora Cláudia Machado Soares das Dores, oriundo daquele Tribunal.   </p><p>.</p>]]></Texto>
    <Autores>
      <assina>MARIO DEVIENNE FERRAZ</assina>
    </Autores>
  </body>
</article></xml>