﻿<xml><article id="1348790" name="Designação_eduardoViviandaCunha" idOficio="4658876" pubName="DO2" artType="Portaria" pubDate="01/02/2018" artClass="00011:00108:00000:00000:00000:00000:00000:00000:00000:00000:00025:00001" artSection="Ministério da Educação" artCategory="Universidade Federal do Cariri" artSize="8" artNotes="" numberPage="34" pdfPage="http://pesquisa.in.gov.br/imprensa/jsp/visualiza/index.jsp?data=01/02/2018&amp;jornal=529&amp;pagina=34" editionNumber="23">
  <body>
    <Identifica><![CDATA[PORTARIA Nº 451, DE 18 DE DEZEMBRO DE 2017]]></Identifica>
    <Data><![CDATA[]]></Data>
    <Ementa />
    <Titulo />
    <SubTitulo />
    <Texto><![CDATA[<p> O Reitor Pró-Tempore da Universidade Federal do Cariri, RICARDO LUIZ LANGE NESS, no uso de suas atribuições legais, resolve:</p><p>Art. 1 - Designar EDUARDO VIVIAN DA CUNHA, SIAPE: 1735361, para exercer a função de coordenador, Código FG-01, da coordenação do curso de Especialização latu Sensu em Permacultura, do Instituto Interdisciplinar de Sociedade, Cultura e Artes, ficando, em consequência, dispensado da função de Assessor Técnico, Código Fg-02, do Núcleo dos Programas Institucionais de Extensão da Pró - Reitoria de Extensão, desta mesma Universidade.</p>]]></Texto>
    <Autores>
      <assina>RICARDO LUIZ LANGE NESS</assina>
    </Autores>
  </body>
</article></xml>