﻿<xml><article id="1349747" name="trt234434" idOficio="4660244" pubName="DO2" artType="Ato" pubDate="01/02/2018" artClass="00037:00063:00000:00000:00000:00000:00000:00000:00000:00000:00001:00001" artSection="Poder Judiciário" artCategory="Tribunal Regional do Trabalho da 23ª Região" artSize="8" artNotes="" numberPage="142" pdfPage="http://pesquisa.in.gov.br/imprensa/jsp/visualiza/index.jsp?data=01/02/2018&amp;jornal=529&amp;pagina=142" editionNumber="23">
  <body>
    <Identifica><![CDATA[ATO Nº 6, de 30 de janeiro de 2018]]></Identifica>
    <Data><![CDATA[]]></Data>
    <Ementa />
    <Titulo />
    <SubTitulo />
    <Texto><![CDATA[<p> A DESEMBARGADORA DO TRABALHO ELINEY BEZERRA VELOSO, PRESIDENTE DO TRIBUNAL REGIONAL DO TRABALHO DA 23ª REGIÃO, no uso de suas atribuições contidas no Regimento Interno, Considerando o contido no Processo TRT n. 5.163/2015, na Resolução Administrativa n. 134/2016 e nos artigos 9º, I e 10 da Lei n. 8.112/90; Considerando os termos do Ato TRT/CGF/DG/GP n. 050/2017, que declarou vago o cargo de Técnico Judiciário, Área Administrativa, Sem Especialidade, do Quadro de Pessoal Permanente deste Tribunal, ocupado pelo servidor ANDRÉ BISPO ZEFERINO DE PAULA (A208-3), por motivo de posse em outro Cargo Público Inacumulável, nos termos do art. 33, inciso VIII, da Lei n. 8.112/90, a contar de 18.12.2017; Considerando os termos do PROAD n. 727/2018; resolve: </p><p>Nomear a candidata AMANDA PEGORINI GIMENES, para exercer o cargo efetivo de Técnico Judiciário, Área Administrativa, Sem Especialidade, Classe A, Padrão 1, do Quadro de Pessoal Permanente deste Tribunal, criado pela Lei nº 12.660/2012.</p>]]></Texto>
    <Autores>
      <assina>ELINEY BEZERRA VELOSO</assina>
    </Autores>
  </body>
</article></xml>