﻿<xml><article id="1351629" name="Publicação PT 178- Tania__103010" idOficio="4660304" pubName="DO2" artType="Portaria" pubDate="01/02/2018" artClass="00011:00056:00000:00000:00000:00000:00000:00000:00000:00000:00025:00001" artSection="Ministério da Educação" artCategory="Instituto Federal de Educação, Ciência e Tecnologia da Bahia" artSize="8" artNotes="" numberPage="22" pdfPage="http://pesquisa.in.gov.br/imprensa/jsp/visualiza/index.jsp?data=01/02/2018&amp;jornal=529&amp;pagina=22" editionNumber="23">
  <body>
    <Identifica><![CDATA[PORTARIA Nº 178, DE 19 DE JANEIRO DE 2018]]></Identifica>
    <Data><![CDATA[]]></Data>
    <Ementa />
    <Titulo />
    <SubTitulo />
    <Texto><![CDATA[<p> O REITOR EM EXERCICIO DO INSTITUTO FEDERAL DE EDUCAÇÃO, CIÊNCIA E TECNOLOGIA DA BAHIA, no uso de suas atribuições legais, tendo em vista o disposto no Art. 95 e Art. 96-A da Lei nº 8.112/90, considerando o estabelecido no Art. 9º, Parágrafo único, do Decreto nº 5.707/06 e considerando o processo nº 23284.002271/2017-12, resolve:</p><p>Art. 1º. Autorizar o afastamento, com ônus limitado para o IFBA, da servidora TANIA MARIA DANTAS FLORES, ocupante do cargo de Docente do Ensino Básico, Técnico e Tecnológico, Mat. SIAPE nº 1644908, lotada no Campus Santo Amaro, no período de 14/02/2018 a 14/02/2022, a fim de cursar Doutorado em Educação, na Universidade de Aveiro, em Portugal.</p><p>Art. 2º. Esta portaria tornar-se-á sem efeito imediatamente após a conclusão do referido curso.</p>]]></Texto>
    <Autores>
      <assina>JOSE ROBERTO SILVA DE OLIVEIRA</assina>
    </Autores>
  </body>
</article></xml>