﻿<xml><article id="1351257" name="Portarias 06 e 07 de 30 Jan 2018" idOficio="4660332" pubName="DO2" artType="Portaria" pubDate="01/02/2018" artClass="00006:00019:01211:06408:01137:00000:00000:00000:00000:00000:00025:00001" artSection="Departamento de Administração e Logística" artCategory="Departamento de Administração e Logística" artSize="8" artNotes="" numberPage="4" pdfPage="http://pesquisa.in.gov.br/imprensa/jsp/visualiza/index.jsp?data=01/02/2018&amp;jornal=529&amp;pagina=4" editionNumber="23">
  <body>
    <Identifica><![CDATA[PORTARIAS DE 30 DE JANEIRO DE 2018]]></Identifica>
    <Data><![CDATA[]]></Data>
    <Ementa />
    <Titulo />
    <SubTitulo />
    <Texto><![CDATA[<p> <strong>A DIRETORA DO DEPARTAMENTO DE GESTÃO DE PESSOAL DA SECRETARIA DE PLANEJAMENTO E GESTÃO DA AGÊNCIA BRASILEIRA DE INTELIGÊNCIA DO GABINETE DE SEGURANÇA INSTITUCIONAL DA PRESIDÊNCIA DA REPÚBLICA </strong>nos termos do inciso II do artigo 1º da Portaria nº 378/ABIN/GSI/PR, de 27 de abril de 2017, resolve:</p><p> Nº 6 - Art. 1º Conceder aposentadoria voluntária com proventos integrais ao servidor matrícula ABIN nº 027843, detentor do cargo de Auxiliar Administrativo, Nível Intermediário, Classe "E", Padrão III, do Quadro de Pessoal da Agência Brasileira de Inteligência (ABIN), com fundamento no artigo 3º, incisos I, II e III, parágrafo único, da Emenda Constitucional nº 47/2005, c/c o § 18, do art. 40, da CF/88 e art. 5°, da Lei n° 10.887/2004, acrescida das vantagens previstas na Lei nº 11.776/2008, alterada pelas Leis nºs 12.277/2010 e 12.702/2012. (Processo nº 00091.002338/2017-81)</p><p> Art. 2º Declarar vago o referido cargo.</p><p> Nº 7 - Art. 1º Conceder aposentadoria voluntária com proventos integrais ao servidor matrícula nº 009616, detentor do cargo de Motorista Oficial, Nível Intermediário, Classe "E", Padrão III, do Quadro de Pessoal da Agência Brasileira de Inteligência (ABIN), com fundamento no artigo 3º, incisos I, II, III e parágrafo único, da Emenda Constitucional nº 47/2005, c/c o § 18 do art. 40 da CF/88 e art. 5° da Lei n° 10.887/2004, acrescida das vantagens previstas na Lei nº 11.776/2008, alterada pelas Leis nos 12.277/2010 e 12.702/2012, e no artigo 15 da Lei nº 9.527/1997. (Processo nº 00091.002435/2017-73)</p><p> Art. 2º Declarar vago o referido cargo.</p><p> Publicado de acordo com o artigo 9º, da lei 9.883/99.</p>]]></Texto>
    <Autores>
      <assina>MARIA INEZ CARNEIRO DE SOUZA</assina>
    </Autores>
  </body>
</article></xml>