﻿<xml><article id="1349126" name="Portaria nº 210 - Designa FCC - " idOficio="4658979" pubName="DO2" artType="Portaria" pubDate="01/02/2018" artClass="00011:00079:00001:00001:00000:00000:00000:00000:00000:00000:00025:00012" artSection="Chefia de Gabinete" artCategory="Chefia de Gabinete" artSize="8" artNotes="" numberPage="31" pdfPage="http://pesquisa.in.gov.br/imprensa/jsp/visualiza/index.jsp?data=01/02/2018&amp;jornal=529&amp;pagina=31" editionNumber="23">
  <body>
    <Identifica><![CDATA[PORTARIA Nº 210, DE 25 DE JANEIRO DE 2018]]></Identifica>
    <Data><![CDATA[]]></Data>
    <Ementa />
    <Titulo />
    <SubTitulo />
    <Texto><![CDATA[<p> O REITOR DO INSTITUTO FEDERAL DE EDUCAÇÃO, CIÊNCIA E TECNOLOGIA DE RONDÔNIA, no uso de suas atribuições legais e considerando o Memorando nº 25/2018/VLH - CGAB/VLH, de 24/01/2018, resolve:</p><p>Art. 1º DESIGNAR o Professor do Ensino Básico, Técnico e Tecnológico, WAGNER DA SILVA FERREIRA FILHO, Mat. SIAPE 1243086, para exercer a Função de Coordenador do Curso Técnico em Informática Integrado do Campus Vilhena/IFRO, código FCC.</p><p>Art. 2º ESTABELECER o prazo de 60 (sessenta) dias para a realização do Pleito Eleitoral para Eleição dos Coordenadores de Curso, conforme estabelecido pela Portaria nº 551/REIT - CGAB/IFRO, de 22/03/2017.</p><p>Art. 3º Esta Portaria entra em vigor na data de sua publicação.</p>]]></Texto>
    <Autores>
      <assina>Uberlando Tiburtino Leite</assina>
    </Autores>
  </body>
</article></xml>