﻿<xml><article id="1352676" name="PORT 42 ITALO" idOficio="4660516" pubName="DO2" artType="Portaria" pubDate="01/02/2018" artClass="00006:00012:00000:00000:00000:00000:00000:00000:00000:00000:00019:00001" artSection="Presidência da República" artCategory="Advocacia-Geral da União" artSize="8" artNotes="" numberPage="2" pdfPage="http://pesquisa.in.gov.br/imprensa/jsp/visualiza/index.jsp?data=01/02/2018&amp;jornal=529&amp;pagina=2" editionNumber="23">
  <body>
    <Identifica><![CDATA[PORTARIA Nº 42, DE 31 DE JANEIRO DE 2018]]></Identifica>
    <Data><![CDATA[]]></Data>
    <Ementa />
    <Titulo />
    <SubTitulo />
    <Texto><![CDATA[<p> <strong>A ADVOGADA-GERAL DA UNIÃO</strong>, no uso da competência que lhe foi delegada pelo inciso I do art. 3º do Decreto nº 8.821, de 26 de julho de 2016, considerando o disposto na Lei Complementar nº 73, de 10 de fevereiro de 1993, e no § 6º do art. 13 da Lei nº 8.112, de 11 de dezembro de 1990, e considerando o que consta no Processo Administrativo nº 00404.003693/2016-15, resolve:</p><p>Tornar sem efeito a nomeação de ITALO MEDEIROS CISNEIRO para o cargo efetivo de Advogado da União de 2ª Categoria, da respectiva Carreira da Advocacia-Geral da União, objeto da Portaria AGU nº 418, de 20 de dezembro de 2017, publicada no Diário Oficial da União de 26 de dezembro de 2017, Seção 2, págs. 2 e 3.</p>]]></Texto>
    <Autores>
      <assina>GRACE MARIA FERNANDES MENDONÇA</assina>
    </Autores>
  </body>
</article></xml>