﻿<xml><article id="1351491" name="Publicação__102032" idOficio="4660357" pubName="DO2" artType="Despacho" pubDate="01/02/2018" artClass="00012:00057:00000:00000:00000:00000:00000:00000:00000:00000:00019:00002" artSection="Ministério da Fazenda" artCategory="Secretaria de Assuntos Internacionais" artSize="8" artNotes="" numberPage="55" pdfPage="http://pesquisa.in.gov.br/imprensa/jsp/visualiza/index.jsp?data=01/02/2018&amp;jornal=529&amp;pagina=55" editionNumber="23">
  <body>
    <Identifica><![CDATA[DESPACHO De 30 de janeiro de 2018]]></Identifica>
    <Data><![CDATA[]]></Data>
    <Ementa />
    <Titulo />
    <SubTitulo />
    <Texto><![CDATA[<p> O SECRETÁRIO DE ASSUNTOS INTERNACIONAIS, SUBSTITUTO, no uso da competência prevista no art. 2o do Decreto no 1.387, de 07 de fevereiro de 1995, com  nova redação dada pelo Decreto nº 3.025, de 12 de abril de 1999, que lhe foi delegada pelo artigo 11, da Portaria MF nº 160, de 06 de maio de 2016, autoriza o afastamento do país de JOSÉ HENRIQUE VIEIRA MARTINS, Coordenador-Geral de Políticas Comerciais e Investimentos, da Secretaria de Assuntos Internacionais, no período de 05 a 10 de fevereiro de 2018, inclusive trânsito, com ônus limitado,  na forma do disposto no inciso IV do art. 1º do Decreto nº 1.387, de 07 de fevereiro de 1995, a fim de participar do XI Fórum Anual de Negociadores de Investimentos de Países em Desenvolvimento, que se realizará na cidade de Nairóbi, Quênia. As despesas decorrentes do afastamento serão custeadas integralmente pelo organizador do evento. (Processo n° 12120.100093/2018-21).</p>]]></Texto>
    <Autores>
      <assina>GUILHERME LAUX</assina>
    </Autores>
  </body>
</article></xml>