﻿<xml><article id="1352952" name="ATO PORTARIA Nº 19" idOficio="4660553" pubName="DO2" artType="Portaria" pubDate="01/02/2018" artClass="00009:00015:00000:00000:00000:00000:00000:00000:00000:00000:00025:00002" artSection="Ministério da Cultura" artCategory="Instituto do Patrimônio Histórico e Artístico Nacional" artSize="8" artNotes="" numberPage="9" pdfPage="http://pesquisa.in.gov.br/imprensa/jsp/visualiza/index.jsp?data=01/02/2018&amp;jornal=529&amp;pagina=9" editionNumber="23">
  <body>
    <Identifica><![CDATA[PORTARIA Nº 19, DE 22 DE JANEIRO DE 2018]]></Identifica>
    <Data><![CDATA[]]></Data>
    <Ementa />
    <Titulo />
    <SubTitulo />
    <Texto><![CDATA[<p> A PRESIDENTE DO INSTITUTO DO PATRIMÔNIO HISTÓRICO E ARTÍSTICO NACIONAL, no uso das atribuições que lhe confere o art. 21, Inciso V, anexo I, do Decreto nº 6.844, de 07 de maio de 2009 e Portaria n° 300 de 10 de outubro de 2016, publicada no DOU de 11 de outubro de 2016, considerando o disposto na Portaria nº. 92, de 05 de julho de 2012, publicada no DOU de 09 de julho de 2012, e conforme o Processo nº 01516.000024/2018-59, resolve:</p><p>Designar HELLEN BATISTA CARVALHO, CPF n°532.726.761-04, para o encargo de substituto do Coordenador Técnico, código das 101.3, da Superintendência do Iphan no estado do Goiás, nos afastamentos, impedimentos legais ou regulamentares, sem prejuízos das respectivas atribuições, no período de 22/01/2018 a 30/03/2018, dispensando DAFNE MARQUES DE MENDONÇA no referido período.</p>]]></Texto>
    <Autores>
      <assina>KÁTIA SANTOS BOGÉA</assina>
    </Autores>
  </body>
</article></xml>