﻿<xml><article id="1351306" name="PT16GOIANIA" idOficio="4660340" pubName="DO2" artType="Portaria" pubDate="01/02/2018" artClass="00022:00029:00238:00009:04351:00000:00000:00000:00000:00000:00025:00007" artSection="Seção Operacional da Gestão de Pessoas" artCategory="Seção Operacional da Gestão de Pessoas" artSize="8" artNotes="" numberPage="85" pdfPage="http://pesquisa.in.gov.br/imprensa/jsp/visualiza/index.jsp?data=01/02/2018&amp;jornal=529&amp;pagina=85" editionNumber="23">
  <body>
    <Identifica><![CDATA[PORTARIA Nº 16, DE 31 DE JANEIRO DE 2018]]></Identifica>
    <Data><![CDATA[]]></Data>
    <Ementa />
    <Titulo />
    <SubTitulo />
    <Texto><![CDATA[<p> O Chefe da Seção Operacional da Gestão de Pessoas da Gerência Executiva do INSS em Goiânia, no uso da competência conferida pela PT/MPS/GM n.º 296, de 09/11/2009, Art. 171, item III alínea "b", publicada no DOU-214, de 10/11/2009 e PT/INSS/GEXGOI nº 23, de 22/03/2017, publicada no DOU nº 57, de 23/03/2017, e  tendo em vista o disposto no Processo nº 35069.000008/2018-01, resolve:</p><p>Conceder aposentadoria voluntária ao servidor Donizete Valeriano Arantes, matrícula SIAPE nº 888.961, ocupante do cargo de Técnico do Seguro Social, Classe "S", Padrão IV, do quadro de pessoal do Instituto Nacional do Seguro Social, com fundamento no artigo 3º da Emenda Constitucional nº 47/2005, com proventos integrais, acrescida das demais vantagens a que faz jus. Tornar vago o referido cargo.</p>]]></Texto>
    <Autores>
      <assina>CLAUDINOR ROMAGNOLI JÚNIOR</assina>
    </Autores>
  </body>
</article></xml>