﻿<xml><article id="1349248" name="APOSENTADORIA_DOU_01_02_18_CELIA" idOficio="4659904" pubName="DO2" artType="Portaria" pubDate="01/02/2018" artClass="00037:00040:00001:00001:00000:00000:00000:00000:00000:00000:00025:00001" artSection="Gabinete da Presidência" artCategory="Gabinete da Presidência" artSize="8" artNotes="" numberPage="121" pdfPage="http://pesquisa.in.gov.br/imprensa/jsp/visualiza/index.jsp?data=01/02/2018&amp;jornal=529&amp;pagina=121" editionNumber="23">
  <body>
    <Identifica><![CDATA[PORTARIA Nº 50, de 19 de janeiro de 2018]]></Identifica>
    <Data><![CDATA[]]></Data>
    <Ementa />
    <Titulo />
    <SubTitulo />
    <Texto><![CDATA[<p> O PRESIDENTE DO TRIBUNAL REGIONAL DO TRABALHO DA PRIMEIRA REGIÃO, no uso de suas atribuições legais e regimentais, tendo em vista o que consta do Processo eletrônico nº 9406/2017 - PROAD, resolve:</p><p>Conceder aposentadoria voluntária, com proventos integrais, à servidora CELIA REGINA AMAYA UTIYAMA, no cargo de Técnico Judiciário, Área Administrativa, - Classe C, Padrão 13, com base no art. 3º, da EC nº 47/05, observando-se o acréscimo da vantagem pessoal nominalmente identificada nos termos do art. 62-A da Lei nº 8.112/90, com redação dada pelo art. 3º, da MP nº 2225-45/01, bem como o adicional de qualificação disposto no art. 15, inciso III, da Lei nº 11.416/2006.</p><p> </p>]]></Texto>
    <Autores>
      <assina>FERNANDO ANTONIO ZORZENON DA SILVA</assina>
    </Autores>
  </body>
</article></xml>