﻿<xml><article id="1351611" name="Portaria de Antonio Sinval Junio" idOficio="4660373" pubName="DO2" artType="Portaria" pubDate="01/02/2018" artClass="00011:00060:00009:00000:00000:00000:00000:00000:00000:00000:00025:00001" artSection="Campus Cedro" artCategory="Campus Cedro" artSize="8" artNotes="" numberPage="24" pdfPage="http://pesquisa.in.gov.br/imprensa/jsp/visualiza/index.jsp?data=01/02/2018&amp;jornal=529&amp;pagina=24" editionNumber="23">
  <body>
    <Identifica><![CDATA[PORTARIA Nº 6, DE 30 DE JANEIRO DE 2018]]></Identifica>
    <Data><![CDATA[]]></Data>
    <Ementa />
    <Titulo />
    <SubTitulo />
    <Texto><![CDATA[<p> O DIRETOR-GERAL DO CAMPUS DE CEDRO, DO INSTITUTO FEDERAL DE EDUCAÇÃO, CIÊNCIA E TECNOLOGIA DO CEARÁ, no uso de suas atribuições e considerando o que consta na Portaria nº 252/GR, de 20/03/2017 (B.S. nº 342 de 06/04/2017) , e no memorando 018/2018-DIREN/IFCE/CAMPUSCEDRO, resolve:</p><p>Art. 1º - Designar o servidor, ANTONIO SINVAL BEZERRA JUNIOR, Professor do Ensino Básico Técnico e Tecnológico , matrícula SIAPE nº 2408588,  pertencente ao Quadro Permanente deste Instituto,  para ocupar a função gratificada de Coordenação do Cursos de Licenciatura em Matemática- FCC do campus de Cedro.</p><p>Art. 2º - Estabelecer que a presente  Portaria entre em vigor na data de sua publicação no Diário Oficial da União. </p>]]></Texto>
    <Autores>
      <assina>Fernando Eugênio Lopes Melo</assina>
    </Autores>
  </body>
</article></xml>