﻿<xml><article id="1351871" name="Edital 01 - Reposição ao Erário" idOficio="4660399" pubName="DO2" artType="Edital de Convocação" pubDate="01/02/2018" artClass="00099:00011:00112:00001:00015:00000:00000:00000:00000:00000:00000:00006:00001" artSection="Editais e Avisos" artCategory="Editais e Avisos" artSize="8" artNotes="" numberPage="143" pdfPage="http://pesquisa.in.gov.br/imprensa/jsp/visualiza/index.jsp?data=01/02/2018&amp;jornal=529&amp;pagina=143" editionNumber="23">
  <body>
    <Identifica><![CDATA[EDITAL Nº 1, DE 25 DE FEVEREIRO DE 2018]]></Identifica>
    <Data><![CDATA[]]></Data>
    <Ementa />
    <Titulo />
    <SubTitulo />
    <Texto><![CDATA[<p> O Pró-Reitor de Gestão de Pessoas da Universidade Federal Fluminense, no uso de suas atribuições legais e estatutárias e atendendo ao disposto nos normativos legais referentes à reposição ao erário de valores recebidos indevidamente, convoca os servidores/ex-servidores, abaixo relacionados, para que no prazo de 15 (quinze) dias, a partir da publicação deste Edital, para que compareçam ao Departamento de Administração de Pessoal (DAP/PROGEPE/UFF), com endereço na Rua Miguel de Frias, 09, Icaraí, 4º andar, das 10h00 às 16h00, para tomarem ciência dos procedimentos administrativos instaurados. A falta de comparecimento no prazo supramencionada não prejudicará o andamento processual, conforme consta da Instrução de Serviço N.º 07, da PROGEPE/UFF, publicada no BS/UFF, do dia 20 de dezembro de 2017.</p><p>Alisson Wilson Aguiar Dias                Processo 23069.023008/2014-69</p><p>Brunno Lessa Saldanha Xavier           Processo 23069.024325/2013-11</p><p>Carlos Alberto da Silva Lima              Processo 23069.001337/2007-20    </p><p>Haberlandh Sodré Lima                      Processo 23069.024848/2013-74</p><p>Daniel Girard                                      Processo 23069.072453/2014-52</p><p>Edson Alvisi neves                             Processo 23069.000900/2016-33</p><p>Elias Vitor Lessa Junior                      Processo 23069.003987/2010-13</p><p>Evandro de Souza Bonfim                  Processo 23069.020075/2015-11</p><p>Juliane Almada S. de Souza Carvalho Processo 23069.011072/2016-69</p><p>Marcia dos Santos Silva Correa           Processo 23069.052954/2014-12</p><p>Rodrigo Salles Pereira dos Santos        Processo 23069.020374/2015-47</p><p>Soraya de Mendonça Ochs                  Processo 23069.008070/2008-82</p><p>Vinicius de Bruycher Nogueira            Processo 23069.022345/2015-10</p><p>Regina Celia de Souza Silva                 Processo 23069.058319/2009-81</p>]]></Texto>
    <Autores>
      <assina>PAULO ROBERTO TRALES</assina>
    </Autores>
  </body>
</article></xml>