﻿<xml><article id="1350886" name="Portaria de Nomeação n092.2018 C" idOficio="4660320" pubName="DO2" artType="Portaria" pubDate="01/02/2018" artClass="00011:00142:00000:00000:00000:00000:00000:00000:00000:00000:00025:00001" artSection="Ministério da Educação" artCategory="Universidade da Integração Internacional da Lusofonia Afro-Brasileira" artSize="8" artNotes="" numberPage="50" pdfPage="http://pesquisa.in.gov.br/imprensa/jsp/visualiza/index.jsp?data=01/02/2018&amp;jornal=529&amp;pagina=50" editionNumber="23">
  <body>
    <Identifica><![CDATA[PORTARIA Nº 92, DE 26 DE JANEIRO DE 2018]]></Identifica>
    <Data><![CDATA[]]></Data>
    <Ementa />
    <Titulo />
    <SubTitulo />
    <Texto><![CDATA[<p> </p><p> A VICE-REITORA PRO TEMPORE, NO EXERCÍCIO DA REITORIA DA UNIVERSIDADE DA INTEGRAÇÃO INTERNACIONAL DA LUSOFONIA AFRO-BRASILEIRA, no uso de suas atribuições legais, de acordo com a lei 12.289, de 20.07.2010, publicada no DOU de 21.07.2010, tendo em vista o disposto na Portaria n° 628 do MEC de 16.05.2017, publicado no DOU de 17.05.2017, do Ministério da Educação, em conformidade com o Decreto 7.232, de 19.07.2010, publicado no DOU de 20.07.2010, resolve:</p><p> </p><p>Art. 1.º Nomear, em caráter efetivo, para o quadro permanente de pessoal desta Universidade, em virtude de habilitação em concurso público de provas e títulos, objeto do Edital nº 72/2015, DOU de 29.09.2015 e Edital nº 72/2016, DOU de 18.07.2016, prorrogados pelos Editais nº 11/2017, DOU de 07.02.2017 e nº 67/2017, DOU de 14.12.2017 do Instituto de Humanidades e Letras, cujos resultados foram homologados pelos Editais nº 19/2016, DOU de 10.02.2016 e nº 07/2017, DOU de 18.01.2017, em conformidade com o Decreto 7.485 de 18.05.2011, publicado no DOU de 19.05.2011, nos termos do art. 9º, inciso I e art. 10 da Lei 8.112/90, as candidatas abaixo listadas, em regime de 40 (quarenta) horas semanais de trabalho e dedicação exclusiva, para exercerem os cargos de Professoras da Carreira de Magistério Superior, Classe Adjunto A, com lotação em São Francisco do Conde - BA e códigos de vagas pertencentes a portaria n° 437, de 22 de maio de 2013, DOU de 23 de maio de 2013 e Portaria nº 321, de 09.04.2014, publicada no DOU de 10.04.2014, conforme o quadro abaixo:</p><p> </p><table><tr /><tr><td><p>  Nome</p></td><td><p>  Código de Vaga</p></td><td><p>  Carga Horária</p></td></tr><tr><td><p>  CAROLLINA CARVALHO RAMOS DE LIMA</p></td><td><p>  927135</p></td><td><p>  40 horas/DE</p></td></tr><tr><td><p>  ANA CLÁUDIA GOMES DE SOUZA</p></td><td><p>  930402</p></td><td><p>  40 horas/DE</p></td></tr></table><p>Art. 2º A posse ocorrerá, improrrogavelmente, no prazo de 30 (trinta) dias, nos termos do art. 13, § 1º, da Lei 8.112/90.</p><p> </p>]]></Texto>
    <Autores>
      <assina>Lorita Marlena Freitag Pagliuca</assina>
    </Autores>
  </body>
</article></xml>