﻿<xml><article id="1349141" name="PortariaSEISuspensão de Pagament" idOficio="4659137" pubName="DO2" artType="Portaria" pubDate="01/02/2018" artClass="00011:00140:00001:00026:00000:00000:00000:00000:00000:00000:00025:00001" artSection="Pró-Reitoria de Gestão de Pessoas" artCategory="Pró-Reitoria de Gestão de Pessoas" artSize="12" artNotes="" numberPage="49" pdfPage="http://pesquisa.in.gov.br/imprensa/jsp/visualiza/index.jsp?data=01/02/2018&amp;jornal=529&amp;pagina=49" editionNumber="23">
  <body>
    <Identifica><![CDATA[Portaria Nº 179, de 24 de Janeiro de 2018]]></Identifica>
    <Data><![CDATA[]]></Data>
    <Ementa />
    <Titulo />
    <SubTitulo />
    <Texto><![CDATA[<p> O Pró-Reitor de Gestão de Pessoas em exercício da Universidade Federal de Uberlândia, no uso da competência que lhe foi delegada pela Portaria R/UFU/Nº 209, de 13 de janeiro de 2017, publicada no Diário Oficial da União em 19 de janeiro de 2017, resolve:</p><p>  O Pró-Reitor de Gestão de Pessoas em exercício da Universidade Federal de Uberlândia, no uso da competência que lhe foi delegada pela Portaria R/UFU/Nº 209, de 13 de janeiro de 2017, publicada no Diário Oficial da União em 19 de janeiro de 2017 e, e Considerando previsão legal no Art. 9ª da Lei nº 9.527, de 10 de dezembro de 1997, Decreto nº 7.862, de 8 de dezembro de 2012, Portaria MP nº 8, de 7 de janeiro de 2013 e Orientação Normativa SEGEP nº 1 publicada no DOU de janeiro de 2013; e Em atendimento ao que dispõe o artigo 11º da Orientação Normativa nº 001/SEGEP/MPOG, datada de 02/01/2017, informa que a aposentada abaixo relacionada terá seus vencimentos suspensos a partir da folha de pagamento referente a Janeiro de 2018:</p><p /><p> </p><table><tr><td><p>SIAPE</p></td><td><p>CPF</p></td><td><p>NOME</p></td><td><p>SITUAÇÃO</p></td></tr><tr><td><p>411074        </p></td><td><p>239.793.561-91    </p></td><td><p>ANISIA MARIA DOS SANTOS</p></td><td><p>APOSENTADA</p></td></tr></table><p> </p><p>O Pró-Reitor de Gestão de Pessoas em exercício da Universidade Federal de Uberlândia, no uso da competência que lhe foi delegada pela Portaria R/UFU/Nº 209, de 13 de janeiro de 2017, publicada no Diário Oficial da União em 19 de janeiro de 2017, resolve:</p><p>Nº 200 - Art. 1º - Alterar a partir de 25 de janeiro de 2.018, a Portaria nº 706, de 07 de agosto de 2002, publicada no Diário Oficial da União de 14 de agosto de 2002, seção 2, página 13 referente à aposentadoria proporcional 27/30 avos de Geny de Oliveira Peixoto, matricula SIAPE nº 0410557, para conceder a vantagem do artigo 190, da Lei 8.112 de 11 de dezembro de 1.990. (processo n° 23117.004136/2002-57)</p><p>Art. 2º - Esta portaria entra em vigor na data de 23/01/2018, revogadas as disposições em contrário. </p><p>Nº 203 - Art. 1º - Alterar a partir de 23 de janeiro de 2.018, a Portaria nº 137/94, de 02 de março de 1994, publicada no Diário Oficial da União de 07 de março de 1994, seção 2, página 44 referente à aposentadoria proporcional de Antônio Severino Muniz, matricula SIAPE nº 0409439, para conceder a vantagem do artigo 190, da Lei 8.112 de 11 de dezembro de 1.990. (processo n° 23117.000099/92-39)</p><p>Art. 2º - Esta portaria entra em vigor na data de 25/01/2018, revogadas as disposições em contrário. </p>]]></Texto>
    <Autores>
      <assina>RENAN BILLA</assina>
      <assina>RENAN BILLA</assina>
    </Autores>
  </body>
</article></xml>