﻿<xml><article id="1350591" name="PTS7A9CHAPECO" idOficio="4660319" pubName="DO2" artType="Portaria" pubDate="01/02/2018" artClass="00022:00029:00241:00011:00025:00000:00000:00000:00000:00000:00025:00001" artSection="Seção Operacional da Gestão de Pessoas" artCategory="Seção Operacional da Gestão de Pessoas" artSize="8" artNotes="" numberPage="96" pdfPage="http://pesquisa.in.gov.br/imprensa/jsp/visualiza/index.jsp?data=01/02/2018&amp;jornal=529&amp;pagina=96" editionNumber="23">
  <body>
    <Identifica><![CDATA[PORTARIA Nº 7, DE 31 DE JANEIRO DE 2018]]></Identifica>
    <Data><![CDATA[]]></Data>
    <Ementa />
    <Titulo />
    <SubTitulo />
    <Texto><![CDATA[<p> O CHEFE DA SEÇÃO OPERACIONAL DA GESTÃO DE PESSOAS DA GERÊNCIA EXECUTIVA DO INSS EM CHAPECÓ/SC, no uso das atribuições que lhe foram conferidas pelo inciso III, alínea "b", do artigo 171 do Regimento Interno, aprovado pela Portaria 296, de 9 de novembro de 2009, publicada no DOU Nº 214, de 10/11/2009, e considerando o que consta no processo nº 36796.000050/2018-62.RESOLVE:</p><p>Conceder aposentadoria voluntária ao servidor AYRTON RODRIGUES MARTINS, matrícula SIAPE 6568335, ocupante do cargo de Perito Médico Previdenciário, Classe D, Padrão III, do Quadro de Pessoal do Instituto Nacional do Seguro Social, com fundamento no artigo 40, § 1º, inciso III, alínea "a" da Constituição Federal, com redação dada pela Emenda Constitucional nº 41, de 19 de dezembro de 2003, com proventos calculados com base no artigo 1º da Lei Nº 10.887/2004. Declarar, em decorrência, vago o referido cargo.</p><p> O CHEFE DA SEÇÃO OPERACIONAL DA GESTÃO DE PESSOAS DA GERÊNCIA EXECUTIVA DO INSS EM CHAPECÓ/SC, no uso das atribuições que lhe foram conferidas pelo inciso III, alínea "b", do artigo 171 do Regimento Interno, aprovado pela Portaria 296, de 9 de novembro de 2009, publicada no DOU Nº 214, de 10/11/2009, e considerando o que consta no processo nº 36796.000053/2018-04.RESOLVE:</p><p>Conceder aposentadoria voluntária a servidora RAQUEL GONÇALVES DO NASCIMENTO RIBEIRO, matrícula SIAPE 0900430, ocupante do cargo de Técnico do Seguro Social, Classe "S", Padrão "IV", do quadro de pessoal do Instituto Nacional do Seguro Social, com fundamento no artigo 3º da Emenda Constitucional nº 47/2005, com proventos integrais, acrescido das vantagens a que faz jus. Declarar, em decorrência, vago o referido cargo.</p><p> O CHEFE DA SEÇÃO OPERACIONAL DA GESTÃO DE PESSOAS DA GERÊNCIA EXECUTIVA DO INSS EM CHAPECÓ/SC, no uso das atribuições que lhe foram conferidas pelo inciso III, alínea "b", do artigo 171 do Regimento Interno, aprovado pela Portaria 296, de 9 de novembro de 2009, publicada no DOU Nº 214, de 10/11/2009, e considerando o que consta no processo nº 36796.000054/2018-41.RESOLVE:</p><p>Conceder aposentadoria voluntária a servidora IVETE PICCOLI, matrícula SIAPE 0930437, ocupante do cargo de Agente de Serviços Diversos, Classe "S", Padrão "IV", do quadro de pessoal do Instituto Nacional do Seguro Social, com fundamento no artigo 3º da Emenda Constitucional nº 47/2005, com proventos integrais, acrescido das vantagens a que faz jus. Declarar, em decorrência, vago o referido cargo.</p>]]></Texto>
    <Autores>
      <assina>JOSÉ FRANCISCO PEREIRA</assina>
      <assina>JOSÉ FRANCISCO PEREIRA</assina>
      <assina>JOSÉ FRANCISCO PEREIRA</assina>
    </Autores>
  </body>
</article></xml>