﻿<xml><article id="1349327" name="Port. 7523 - ELIANA SALGADO PETE" idOficio="4660159" pubName="DO2" artType="Portaria" pubDate="01/02/2018" artClass="00015:00032:00015:00003:00001:00000:00000:00000:00000:00000:00025:00006" artSection="Divisão de Administração de Recursos Humanos" artCategory="Divisão de Administração de Recursos Humanos" artSize="8" artNotes="" numberPage="59" pdfPage="http://pesquisa.in.gov.br/imprensa/jsp/visualiza/index.jsp?data=01/02/2018&amp;jornal=529&amp;pagina=59" editionNumber="23">
  <body>
    <Identifica><![CDATA[Portaria nº 7.523, de 29 de janeiro de 2018]]></Identifica>
    <Data><![CDATA[]]></Data>
    <Ementa />
    <Titulo />
    <SubTitulo />
    <Texto><![CDATA[<p> </p><p> O DIRETOR DE GESTÃO DE PESSOAL DA POLÍCIA FEDERAL, no uso das competências que lhe foram atribuídas pelo inciso XVII do art. 42 do Regimento Interno da Polícia Federal, aprovado pela Portaria MJSP nº 1252, de 29/12/2017, publicado no DOU nº 1, de 02/01/2018, e considerando o que consta no Processo Administrativo nº 08500.053709/2017-35, resolve:  </p><p>Reconduzir ELIANA SALGADO PETERS DECARLI, Matrículas PF nº 14.807 e SIAPE nº 1544708, ao cargo anteriormente ocupado de Agente de Polícia Federal, com fundamento no art. 29, I, da Lei nº 8.112, de 11/12/1990.</p>]]></Texto>
    <Autores>
      <assina>CLYTON EUSTÁQUIO XAVIER</assina>
    </Autores>
  </body>
</article></xml>