﻿<xml><article id="1349959" name="Portaria 800 Prorrogar" idOficio="4660280" pubName="DO2" artType="Portaria" pubDate="01/02/2018" artClass="00011:00130:00001:00017:00000:00000:00000:00000:00000:00000:00025:00016" artSection="Pró-Reitoria de Pessoal" artCategory="Pró-Reitoria de Pessoal" artSize="8" artNotes="" numberPage="43" pdfPage="http://pesquisa.in.gov.br/imprensa/jsp/visualiza/index.jsp?data=01/02/2018&amp;jornal=529&amp;pagina=43" editionNumber="23">
  <body>
    <Identifica><![CDATA[PORTARIA Nº 800, de 29 de janeiro de 2018]]></Identifica>
    <Data><![CDATA[]]></Data>
    <Ementa />
    <Titulo />
    <SubTitulo />
    <Texto><![CDATA[<p> O Pró-Reitor de Pessoal, no uso da competência delegada pelo Reitor da Universidade Federal do Rio de Janeiro, através da Portaria nº 956 de 10 de fevereiro de 2017, publicada no Diário Oficial da União de 13 de fevereiro de 2017, resolve:</p><p>Prorrogar até 31-julho-2018 o contrato de CESAR ANTONIO DA COSTA BORGES DE CARVALHO como Professor Temporário do Projeto Mais Médico do(a) Campus Macaé com salário correspondente a classe de Professor Auxiliar com Especialização, conforme processo nº. 23079. 026063/14-91</p><p> </p>]]></Texto>
    <Autores>
      <assina>AGNALDO FERNANDES</assina>
    </Autores>
  </body>
</article></xml>