﻿<xml><article id="1368819" name="PT81_18" idOficio="4659096" pubName="DO2" artType="Portaria" pubDate="02/02/2018" artClass="00017:00026:00024:00000:00000:00000:00000:00000:00000:00000:00025:00002" artSection="Instituto Nacional de Câncer José Alencar Gomes da Silva" artCategory="Instituto Nacional de Câncer José Alencar Gomes da Silva" artSize="8" artNotes="" numberPage="50" pdfPage="http://pesquisa.in.gov.br/imprensa/jsp/visualiza/index.jsp?data=02/02/2018&amp;jornal=529&amp;pagina=50" editionNumber="24" highlight="">
  <body>
    <Identifica><![CDATA[PORTARIA Nº 81, DE 22 DE JANEIRO DE 2018]]></Identifica>
    <Data><![CDATA[]]></Data>
    <Ementa />
    <Titulo />
    <SubTitulo />
    <Texto><![CDATA[<p> O Diretor-Geral Substituto do Instituto Nacional de Câncer José Alencar Gomes da Silva, no uso de suas atribuições subdelegadas pela Portaria CGRH/SAA/SE/MS nº 1.041, de 30/10/2009, publicada no DOU nº 209, de 03/11/2009, resolve:</p><p>Conceder aposentadoria voluntária, com proventos integrais, a CARLA FÁTIMA DE OLIVEIRA CHAGAS, matrícula SIAPE nº 241378, ocupante do cargo de Assistente em C &amp; T, NI, classe R, padrão III, do quadro de pessoal do Ministério da Saúde, com fundamento no Art. 3º da Emenda Constitucional nº 47/05 (Processo nº 25410.404079/2017-08).</p><p> </p>]]></Texto>
    <Autores>
      <assina>Gélcio Luiz Quintella Mendes</assina>
    </Autores>
  </body>
</article></xml>