﻿<xml><article id="1349513" name="Portaria 31-2018" idOficio="4660226" pubName="DO2" artType="Portaria" pubDate="01/02/2018" artClass="00011:00085:00004:00000:00000:00000:00000:00000:00000:00000:00025:00001" artSection="Campus Muriaé" artCategory="Campus Muriaé" artSize="8" artNotes="" numberPage="32" pdfPage="http://pesquisa.in.gov.br/imprensa/jsp/visualiza/index.jsp?data=01/02/2018&amp;jornal=529&amp;pagina=32" editionNumber="23">
  <body>
    <Identifica><![CDATA[PORTARIA Nº 31, DE 29 DE JANEIRO DE 2018]]></Identifica>
    <Data><![CDATA[]]></Data>
    <Ementa />
    <Titulo />
    <SubTitulo />
    <Texto><![CDATA[<p> O Diretor-Geral do Instituto Federal de Educação, Ciência e Tecnologia do Sudeste de Minas Gerais - Campus Muriaé, no uso de suas atribuições legais, tendo em vista a subdelegação de competência prevista na Portaria-R Nº 19/2014, de 13/01/2014, publicada no D.O.U do dia 15/01/2014, seção 2, página 21, coluna 01, e Portaria-R nº 492/2017 de 09/05/2017, publicada no D.O.U em 10/05/2017, resolve:</p><p>Art. 1º - DESIGNAR a servidora Tatiana Machado Resende Guedes, Professor do Ensino Básico, Técnico e Tecnológico, matrícula SIAPE 1880638, para a função de Coordenador do Curso Técnico em Secretariado do Campus Muriaé - código FCC (Função Coordenador de Curso).</p><p>Art. 2º - Esta Portaria entra em vigor a partir de 1º de fevereiro de 2018.</p>]]></Texto>
    <Autores>
      <assina>Fausto de Marttins Netto</assina>
    </Autores>
  </body>
</article></xml>