﻿<xml><article id="1349123" name="PTS2A5ANAPOLIS" idOficio="4658957" pubName="DO2" artType="Portaria" pubDate="01/02/2018" artClass="00022:00029:00238:00020:00027:00000:00000:00000:00000:00000:00025:00002" artSection="Seção Operacional da Gestão de Pessoas" artCategory="Seção Operacional da Gestão de Pessoas" artSize="8" artNotes="" numberPage="86" pdfPage="http://pesquisa.in.gov.br/imprensa/jsp/visualiza/index.jsp?data=01/02/2018&amp;jornal=529&amp;pagina=86" editionNumber="23">
  <body>
    <Identifica><![CDATA[PORTARIA Nº 2, de 29 de janeiro de 2018]]></Identifica>
    <Data><![CDATA[]]></Data>
    <Ementa />
    <Titulo />
    <SubTitulo />
    <Texto><![CDATA[<p> A Chefe Substituta da Seção Operacional de Gestão de Pessoas da Gerência Executiva do INSS em Anápolis-GO, na forma da competência atribuída através da PT Nº 414/MDS, publicada no DOU - Edição Extra nº 188-A, de 29/9/2017, Seção 1, pág. 1/23 - Regimento Interno, Art. 235, inciso I, alíneas "a", "b" e "e" e Portaria N° 71 de 22/11/2017, publicada no BSL Nº 196/2017 de 22/11/2017 e o que consta no Processo nº 35070.000388/2017-56, RESOLVE: </p><p>Conceder aposentadoria voluntária integral, à servidora DALVA LUIZA BOTELHO AVELAR, matrícula 0888232, ocupante do cargo de Agente de Serviços Diversos, Nível Intermediário, Classe "S", Padrão IV, do quadro de pessoal do Instituto Nacional do Seguro Social, com fundamento no Artigo 3º da Emenda Constitucional Nº 47/2005, com proventos integrais e paridade. Declarando vago o cargo acima mencionado. </p><p> A Chefe Substituta da Seção Operacional de Gestão de Pessoas da Gerência Executiva do INSS em Anápolis-GO, na forma da competência atribuída através da PT Nº 414/MDS, publicada no DOU - Edição Extra nº 188-A, de 29/9/2017, Seção 1, pág. 1/23 - Regimento Interno, Art. 235, inciso I, alíneas "a", "b" e "e" e Portaria N° 71 de 22/11/2017, publicada no BSL Nº 196/2017 de 22/11/2017 e o que consta no Processo nº 35070.000333/2017-46, RESOLVE: </p><p>Conceder aposentadoria voluntária integral à servidora MARLENE MARQUES DA COSTA PEREIRA, matrícula 0888547, ocupante do cargo de Técnico do Seguro Social, Nível Intermediário, Classe "S", Padrão IV, do quadro de pessoal do Instituto Nacional do Seguro Social, com fundamento no Artigo 3º da Emenda Constitucional Nº 47/2005, com proventos integrais e paridade. Declarando vago o cargo acima mencionado. </p><p> A Chefe Substituta da Seção Operacional de Gestão de Pessoas da Gerência Executiva do INSS em Anápolis-GO, na forma da competência atribuída através da PT Nº 414/MDS, publicada no DOU - Edição Extra nº 188-A, de 29/9/2017, Seção 1, pág. 1/23 - Regimento Interno, Art. 235, inciso I, alíneas "a", "b" e "e" e Portaria N° 71 de 22/11/2017, publicada no BSL Nº 196/2017 de 22/11/2017 e o que consta no Processo nº 35070.000049/2018-51, RESOLVE: </p><p>Conceder aposentadoria voluntária integral à servidora JUDITE RAMOS BATISTA LOBO, matrícula 0888033, ocupante do cargo de Agente de Serviços Diversos, Nível Intermediário, Classe "S", Padrão IV, do quadro de pessoal do Instituto Nacional do Seguro Social, com fundamento no Artigo 3º da Emenda Constitucional Nº 47/2005, com proventos integrais e paridade. Declarando vago o cargo acima mencionado. </p><p> A Chefe Substituta da Seção Operacional de Gestão de Pessoas da Gerência Executiva do INSS em Anápolis-GO, na forma da competência atribuída através da PT Nº 414/MDS, publicada no DOU - Edição Extra nº 188-A, de 29/9/2017, Seção 1, pág. 1/23 - Regimento Interno, Art. 235, inciso I, alíneas "a", "b" e "e" e Portaria N° 71 de 22/11/2017, publicada no BSL Nº 196/2017 de 22/11/2017 e o que consta no Processo nº 36644.000445/2018-07, RESOLVE: </p><p>Conceder aposentadoria voluntária integral à servidora SANDRA TEREZINHA DE FARIA, matrícula 0528512, ocupante do cargo de Datilógrafo, Nível Intermediário, Classe "S", Padrão IV, do quadro de pessoal do Instituto Nacional do Seguro Social, com fundamento no Artigo 3º da Emenda Constitucional Nº 47/2005, com proventos integrais e paridade. Declarando vago o cargo acima mencionado. </p>]]></Texto>
    <Autores>
      <assina>ANA CLÁUDIA MILANEZ TOLEDO DE BRITO</assina>
    </Autores>
  </body>
</article></xml>