﻿<xml><article id="1349525" name="Edital 2-2018 Suspensão de pagam" idOficio="4660228" pubName="DO2" artType="Edital" pubDate="01/02/2018" artClass="00099:00017:00002:00001:00005:00000:00000:00000:00000:00000:00000:00021:00001" artSection="Editais e Avisos" artCategory="Editais e Avisos" artSize="12" artNotes="" numberPage="63-144" pdfPage="http://pesquisa.in.gov.br/imprensa/jsp/visualiza/index.jsp?data=01/02/2018&amp;jornal=529&amp;pagina=63,http://pesquisa.in.gov.br/imprensa/jsp/visualiza/index.jsp?data=01/02/2018&amp;jornal=529&amp;pagina=144" editionNumber="23">
  <body>
    <Identifica><![CDATA[EDITAL Nº 2, DE 30 DE JANEIRO DE 2018SUSPENSÃO DE PAGAMENTO]]></Identifica>
    <Data><![CDATA[]]></Data>
    <Ementa />
    <Titulo />
    <SubTitulo />
    <Texto><![CDATA[<p> O Coordenador-Geral de Gestão de Pessoas, no uso das atribuições legais, resolve:</p><p>1. Tornar pública a suspensão do pagamento dos aposentados e pensionistas, UPAG-DF, aniversariantes do mês de outubro/2017, que não atenderam à convocação e notificação para realizar o recadastramento anual, conforme estabelecido no inciso "a" do artigo 11 da Orientação Normativa nº 01 - SEGEP/MP, de 02 de janeiro de 2017, na seguinte ordem: nome, CPF, matrícula e tipo/benefício.</p><p> </p><table><tr /><tr><td><p>Nome</p></td><td><p>CPF</p></td><td><p>Matrícula</p></td><td><p>Tipo / Benefício</p></td></tr><tr><td><p>AILTON BECKMAN SFAIR</p></td><td><p>112.654.422-15</p></td><td><p>1019384</p></td><td><p>APOSENTADO</p></td></tr><tr><td><p>BENEDITO SILVA</p></td><td><p>126.723.517-91</p></td><td><p>0227913</p></td><td><p>APOSENTADO</p></td></tr><tr><td><p>BRISDIANA DE MARIA SILVA PINHEIRO</p></td><td><p>462.115.781-72</p></td><td><p>0238315</p></td><td><p>APOSENTADO</p></td></tr><tr><td><p>CECILIA MARIA DA CUNHA</p></td><td><p>185.356.661-68</p></td><td><p>0526239</p></td><td><p>APOSENTADO</p></td></tr><tr><td><p>DAGMAR FONSECA CURVELLO</p></td><td><p>071.986.207-87</p></td><td><p>0232923</p></td><td><p>APOSENTADO</p></td></tr><tr><td><p>FRANCISCO DAS CHAGAS NONATO CARDEAL</p></td><td><p>227.106.631-04</p></td><td><p>0527865</p></td><td><p>APOSENTADO</p></td></tr><tr><td><p>JOSE ITAMAR RODRIGUES PEREIRA</p></td><td><p>023.205.411-87</p></td><td><p>0225312</p></td><td><p>APOSENTADO</p></td></tr><tr><td><p>LAIRSON VILAR RABELO</p></td><td><p>220.551.507-15</p></td><td><p>0525815</p></td><td><p>APOSENTADO</p></td></tr><tr><td><p>ODELMO DE GREGORIO</p></td><td><p>010.247.101-06</p></td><td><p>0527364</p></td><td><p>APOSENTADO</p></td></tr><tr><td><p>SIMPLICIO FERREIRA DA SILVA</p></td><td><p>084.733.151-20</p></td><td><p>0495350</p></td><td><p>APOSENTADO</p></td></tr><tr><td><p>MARIA DOS SANTOS CARDOSO</p></td><td><p>504.425.381-20</p></td><td><p>0525406</p></td><td><p>PENSIONISTA</p></td></tr></table><p>2. A suspensão do pagamento do provento e/ou benefício de pensão foi efetivada na folha de pagamento do mês de janeiro de 2018.</p><p>3. O restabelecimento do pagamento do provento e/ou da pensão fica condicionado ao recadastramento mediante comparecimento pessoal dos interessados na área de gestão de pessoas no Ministério da Saúde, em uma das Unidades de Federação, munido da documentação estabelecida nos art. 5º e 6º da ON nº 1 de 02/01/2017-SEGEP/MP. </p><p>3.1. O crédito do(s) pagamento(s) restabelecido(s) será (ao) efetivado(s) na primeira folha de pagamento disponível para inclusão.</p><p>4. Na hipótese de impossibilidade de comparecer por motivo de moléstia grave e/ou de incapacidade de locomoção, do aposentado e/ou pensionista, deverá solicitar agendamento de visita técnica, para fins de regularização do benefício, por meio do telefone (61) 3315-2612, ficando o pagamento restabelecido provisoriamente até que seja realizada a visita técnica, observado o disposto no item 3.1 do presente Edital.</p>]]></Texto>
    <Autores>
      <assina>PABLO MARCOS GOMES LEITE</assina>
    </Autores>
  </body>
</article></xml>