﻿<xml><article id="1352081" name="PortariaRaimundoRibeiro" idOficio="4660409" pubName="DO2" artType="Portaria" pubDate="01/02/2018" artClass="00017:00002:00037:00008:00000:00000:00000:00000:00000:00000:00025:00002" artSection="Serviço de Gestão Administrativa" artCategory="Serviço de Gestão Administrativa" artSize="8" artNotes="" numberPage="64-71" pdfPage="http://pesquisa.in.gov.br/imprensa/jsp/visualiza/index.jsp?data=01/02/2018&amp;jornal=529&amp;pagina=64,http://pesquisa.in.gov.br/imprensa/jsp/visualiza/index.jsp?data=01/02/2018&amp;jornal=529&amp;pagina=71" editionNumber="23">
  <body>
    <Identifica><![CDATA[PORTARIA Nº 36, DE 31 DE JANEIRO DE 2018]]></Identifica>
    <Data><![CDATA[]]></Data>
    <Ementa />
    <Titulo />
    <SubTitulo />
    <Texto><![CDATA[<p> O CHEFE DO SERVIÇO DE GESTÃO ADMINISTRATIVA DO NÚCLEO ESTADUAL DO MINISTÉRIO DA SAÚDE NO TOCANTINS, no uso das atribuições que lhe confere o Art. 182 do Anexo III da Portaria MS nº 1419, de 08/06/2017, publicada no DOU-1 nº 110, de 09/06/2017, e a Portaria GM nº 2.232, de 01/10/2013, publicada no DOU-2 nº 191, de 02/10/2013, resolve:</p><p>Art. 1º - Conceder Aposentadoria Voluntária a RAIMUNDO RIBEIRO DE SOUSA, matrícula SIAPE 0494356, cargo de Agente de Saúde Publica, Nível Intermediário, Classe S, Padrão III, do Quadro Permanente do Ministério da Saúde, com fundamento no Artigo 3º, da Emenda Constitucional nº 47/2005. (NUP nº 25026.000085/2018-04).</p><p>Art. 2º - Declarar vago o cargo.</p>]]></Texto>
    <Autores>
      <assina>WANTEILDO ANTUNES AYRES DE LIMA</assina>
    </Autores>
  </body>
</article></xml>