﻿<xml><article id="1350238" name="Portaria nº 66 de 30 de janeiro " idOficio="4660294" pubName="DO2" artType="Portaria" pubDate="01/02/2018" artClass="00011:00063:00001:00000:00000:00000:00000:00000:00000:00000:00025:00001" artSection="Reitoria" artCategory="Reitoria" artSize="8" artNotes="" numberPage="24" pdfPage="http://pesquisa.in.gov.br/imprensa/jsp/visualiza/index.jsp?data=01/02/2018&amp;jornal=529&amp;pagina=24" editionNumber="23">
  <body>
    <Identifica><![CDATA[PORTARIA Nº 66, DE 30 DE JANEIRO DE 2018]]></Identifica>
    <Data><![CDATA[]]></Data>
    <Ementa />
    <Titulo />
    <SubTitulo />
    <Texto><![CDATA[<p> O REITOR DO INSTITUTO FEDERAL DE EDUCAÇÃO, CIÊNCIA E TECNOLOGIA FLUMINENSE - IFFLUMINENSE, no uso das atribuições legais que lhe confere a Lei 11.892 de 29/12/2008, publicada no D.O.U. de 30/12/2008; a Portaria MEC N.º 378, de 09/05/2016, publicada no D.O.U. de 10/05/2016, seção 1, páginas 19 a 27 e o Decreto Presidencial de 05 de abril de 2016, publicado no D.O.U. de 06 de abril de 2016. Resolve:</p><p>Art. 1.º Conceder APOSENTADORIA VOLUNTÁRIA COM PROVENTOS INTEGRAIS, de acordo o Artigo 6.º da Emenda Constitucional N.º 41 de 19/12/2003, publicada no D.O.U. de 31/12/2003 e com o artigo 2.º da Emenda Constitucional N.º 47 de 05/07/2005, publicada no D.O.U. de 06/07/2005, combinado com o Artigo 186, inciso III, alínea "b" da Lei 8.112/90 e do § 5.º do Artigo 40 da Constituição Federal de 05/10/1988, com Redação dada pela Emenda Constitucional N.º 41/2003, ao servidor OSÉAS PEREIRA ROCHA, Matrícula SIAPE 269160, ocupante do cargo de Professor do Ensino Básico, Técnico e Tecnológico, Classe Titular (D V, Nível 1), no regime de trabalho de Dedicação Exclusiva, código de vaga 207231, do Quadro Permanente deste Instituto, assegurando-se as seguintes incorporações: 11% (onze por cento) a título de Adicional por Tempo de Serviço e a Retribuição por Titulação - RT, correspondente à Titulação de Doutorado, instituída pela Lei 11.784 de 22/09/2008, publicada no D.O.U. de 23/09/2008, alterada pela Lei 12.772, de 28/12/2012, publicada no D.O.U. de 31/12/2012, tendo em vista o que consta noProcesso N.º 23318.004945.2017-89.</p><p>Art. 2.º Declarar vago o respectivo cargo.</p><p>Art. 3.º Esta portaria entra em vigor na data de sua publicação no Diário Oficial da União.</p>]]></Texto>
    <Autores>
      <assina>JEFFERSON MANHÃES DE AZEVEDO</assina>
    </Autores>
  </body>
</article></xml>