﻿<xml><article id="1349110" name="PTS1E2SUDESTEII" idOficio="4658957" pubName="DO2" artType="Portaria" pubDate="01/02/2018" artClass="00022:00029:00240:00028:00000:00000:00000:00000:00000:00000:00025:00001" artSection="Serviço de Gestão de Pessoas" artCategory="Serviço de Gestão de Pessoas" artSize="8" artNotes="" numberPage="95" pdfPage="http://pesquisa.in.gov.br/imprensa/jsp/visualiza/index.jsp?data=01/02/2018&amp;jornal=529&amp;pagina=95" editionNumber="23">
  <body>
    <Identifica><![CDATA[PORTARIA Nº 1, de 30 de janeiro de 2018]]></Identifica>
    <Data><![CDATA[]]></Data>
    <Ementa />
    <Titulo />
    <SubTitulo />
    <Texto><![CDATA[<p> O CHEFE DO SERVIÇO DE GESTÃO DE PESSOAS DA SUPERINTENDÊNCIA REGIONAL SUDESTE II, por atribuições de competências conferidas pelo artigo 216, inciso I, alínea "b" do Regimento Interno do INSS, aprovado pela PT/MPS nº 414, de 28/09/2017, publicada no DOU 188-A, de 29/09/2017, conjugado com o contido no Decreto nº 9104, art. 18, item IX, de 24/07/2017, publicado no DOU de 25/07/2017 e tendo em vista o que consta no Processo nº 35097.001143/2017-48, resolve:</p><p>1 - Conceder aposentadoria voluntária com proventos integrais, com base no artigo 3º da Emenda Constitucional nº 47/2005, à servidora CILENE MAGDA DE PAULA, matrícula SIAPE 0752500, ocupante do cargo de Técnico do Seguro Social, Classe S, Padrão IV, do Quadro Permanente deste Instituto, com proventos mensais integrais correspondentes ao cargo, VPNI e das demais vantagens previstas na legislação vigente.</p><p>2 - Declarar vago o referido cargo. </p><p> O CHEFE DO SERVIÇO DE GESTÃO DE PESSOAS DA SUPERINTENDÊNCIA REGIONAL SUDESTE II, por atribuições de competências conferidas pelo artigo 216, inciso I, alínea "b" do Regimento Interno do INSS, aprovado pela PT/MPS nº 414, de 28/09/2017, publicada no DOU 188-A, de 29/09/2017, conjugado com o contido no Decreto nº 9104, art. 18, item IX, de 24/07/2017, publicado no DOU de 25/07/2017 e tendo em vista o que consta no Processo nº 35663.000042/2018-69, resolve:</p><p>1 - Conceder aposentadoria voluntária com proventos integrais, com base no artigo 3º da Emenda Constitucional nº 47/2005, à servidora ILZA MARIA CAMPOS DE LIMA SANTOS, matrícula SIAPE 0894188, ocupante do cargo de Técnico do Seguro Social, Classe S, Padrão IV, do Quadro Permanente deste Instituto, com proventos mensais integrais correspondentes ao cargo, VPNI e das demais vantagens previstas na legislação vigente.</p><p>2 - Declarar vago o referido cargo. </p>]]></Texto>
    <Autores>
      <assina>HUMBERTO EUSTAQUIO DE ALMEIDA JÚNIOR</assina>
      <assina>HUMBERTO EUSTAQUIO DE ALMEIDA JÚNIOR</assina>
      <cargo>Chefe do Serviço de Gestão de Pessoas</cargo>
    </Autores>
  </body>
</article></xml>