﻿<xml><article id="1350082" name="Portaria nº 74 de 30 de janeiro " idOficio="4660294" pubName="DO2" artType="Portaria" pubDate="01/02/2018" artClass="00011:00063:00001:00000:00000:00000:00000:00000:00000:00000:00025:00003" artSection="Reitoria" artCategory="Reitoria" artSize="8" artNotes="" numberPage="24" pdfPage="http://pesquisa.in.gov.br/imprensa/jsp/visualiza/index.jsp?data=01/02/2018&amp;jornal=529&amp;pagina=24" editionNumber="23">
  <body>
    <Identifica><![CDATA[PORTARIA Nº 74, DE 30 DE JANEIRO DE 2018]]></Identifica>
    <Data><![CDATA[]]></Data>
    <Ementa />
    <Titulo />
    <SubTitulo />
    <Texto><![CDATA[<p> O REITOR DO INSTITUTO FEDERAL DE EDUCAÇÃO, CIÊNCIA E TECNOLOGIA FLUMINENSE - IFFLUMINENSE, no uso das atribuições legais que lhe confere a Lei 11.892 de 29/12/2008, publicada no D.O.U. de 30/12/2008; a Portaria MEC N.º 378, de 09/05/2016, publicada no D.O.U. de 10/05/2016, seção 1, páginas 19 a 27 e o Decreto Presidencial de 05 de abril de 2016, publicado no D.O.U. de 06 de abril de 2016. Resolve:</p><p>Art. 1.º Conceder APOSENTADORIA VOLUNTÁRIA COM PROVENTOS INTEGRAIS, de acordo o Artigo 6.º da Emenda Constitucional N.º 41 de 19/12/2003, publicada no D.O.U. de 31/12/2003 e com o artigo 2.º da Emenda Constitucional N.º 47 de 05/07/2005, publicada no D.O.U. de 06/07/2005, combinado com o Artigo 186, inciso III, alínea "a" da Lei 8.112/90, ao servidor RICARDO BARCELOS BASTOS, Matrícula SIAPE 268937, ocupante do cargo de Motorista, Nível de Classificação C, Nível de Capacitação II, Padrão de Vencimento 16, no regime de trabalho de 40 horas semanais, código de vaga 207062, do Quadro Permanente deste Instituto, assegurando-se as seguintes incorporações: 26% (vinte e seis por cento) a título de Adicional por Tempo de Serviço, tendo em vista o que consta no Processo N.º 23318.003912.2017-11.</p><p>Art. 2.º Declarar vago o respectivo cargo.</p><p>Art. 3.º Esta portaria entra em vigor na data de sua publicação no Diário Oficial da União.</p>]]></Texto>
    <Autores>
      <assina>JEFFERSON MANHÃES DE AZEVEDO</assina>
    </Autores>
  </body>
</article></xml>