﻿<xml><article id="1388276" name="REMOCAOO_DOU_30_01_18_FERNANDA_L" idOficio="4660098" pubName="DO2" artType="Portaria" pubDate="05/02/2018" artClass="00037:00040:00001:00001:00000:00000:00000:00000:00000:00000:00025:00001" artSection="Gabinete da Presidência" artCategory="Gabinete da Presidência" artSize="8" artNotes="" numberPage="69" pdfPage="http://pesquisa.in.gov.br/imprensa/jsp/visualiza/index.jsp?data=05/02/2018&amp;jornal=529&amp;pagina=69" editionNumber="25" highlight="">
  <body>
    <Identifica><![CDATA[PORTARIA Nº 46, DE 17 de janeiro de 2018]]></Identifica>
    <Data><![CDATA[]]></Data>
    <Ementa />
    <Titulo />
    <SubTitulo />
    <Texto><![CDATA[<p> O PRESIDENTE DO TRIBUNAL REGIONAL DO TRABALHO DA PRIMEIRA REGIÃO, no uso de suas atribuições legais e regimentais, e tendo em vista o contido no Processo PROAD nº 5642/2017, resolve:</p><p>I-Remover, a pedido, o servidor FERNANDA ARAUJO DE LEMOS, Técnico Judiciário - Área Administrativa, do Quadro de Pessoal deste Regional, para o Tribunal Regional do Trabalho da Décima Quinta Região, mediante permuta com o servidor RODRIGO ALVES REGAL DE CASTRO, Técnico Judiciário - Área Administrativa, do Quadro de Pessoal do Tribunal Regional do Trabalho da Décima Quinta Região, nos termos do inc. II do art. 36 da Lei nº 8.112/1990, do art. 20 da Lei nº 11.416/2006 c/c o inciso II do art. 7º e art.13 da Resolução CSJT nº 110/2012; </p><p>II-Conceder licença trânsito de 10 (dez) dias ao servidor FERNANDA ARAUJO DE LEMOS, nos termos do art. 18 da Lei nº 8.112/90 em consonância com o art. 27, da Resolução CSJT nº 110/2012; </p><p>III-Esta portaria entra em vigor a partir da publicação. </p><p> </p>]]></Texto>
    <Autores>
      <assina>Des.FERNANDO ANTONIO ZORZENON DA SILVA</assina>
    </Autores>
  </body>
</article></xml>