﻿<xml><article id="1352397" name="Portaria 052" idOficio="4660476" pubName="DO2" artType="Portaria" pubDate="01/02/2018" artClass="00011:00031:00001:00000:00000:00000:00000:00000:00000:00000:00025:00002" artSection="Reitoria" artCategory="Reitoria" artSize="8" artNotes="" numberPage="15" pdfPage="http://pesquisa.in.gov.br/imprensa/jsp/visualiza/index.jsp?data=01/02/2018&amp;jornal=529&amp;pagina=15" editionNumber="23">
  <body>
    <Identifica><![CDATA[PORTARIA Nº 52, DE 30 DE JANEIRO DE 2018]]></Identifica>
    <Data><![CDATA[]]></Data>
    <Ementa />
    <Titulo />
    <SubTitulo />
    <Texto><![CDATA[<p> A Reitora da Universidade Federal de Mato Grosso, no uso de suas atribuições legais, resolve:</p><p>Tornar sem efeito, a Portaria GR n. 990, de 22 de dezembro de 2017, publicada no Diário Oficial da União em 28.12.2017, seção 2, p. 10, que nomeou ANA CAROLINA MOARES ABOIN, por motivo de não comparecimento no decurso do prazo legal para posse. (Processos n. 23108.235263/2017-91 e 23108.913967/2017-15). </p>]]></Texto>
    <Autores>
      <assina>MYRIAN THEREZA DE MOURA SERRA</assina>
    </Autores>
  </body>
</article></xml>