﻿<xml><article id="1352925" name="ATO PORTARIA Nº 94" idOficio="4660562" pubName="DO2" artType="Portaria" pubDate="01/02/2018" artClass="00011:00117:00057:00000:00000:00000:00000:00000:00000:00000:00025:00002" artSection="Pró-Reitoria de Recursos Humanos" artCategory="Pró-Reitoria de Recursos Humanos" artSize="8" artNotes="" numberPage="37" pdfPage="http://pesquisa.in.gov.br/imprensa/jsp/visualiza/index.jsp?data=01/02/2018&amp;jornal=529&amp;pagina=37" editionNumber="23">
  <body>
    <Identifica><![CDATA[PORTARIA Nº 94, DE 26 DE JANEIRO DE 2018]]></Identifica>
    <Data><![CDATA[]]></Data>
    <Ementa />
    <Titulo />
    <SubTitulo />
    <Texto><![CDATA[<p> O Reitor da Universidade Federal de Juiz de Fora, no uso das suas competências legais, resolve: </p><p>Autorizar o afastamento do servidor Docente DILIP LOUNDO, Matrícula SIAPE nº 1064983, lotado no Instituto de Ciências Humanas, para cursar Pós-doutorado em Filosofia Indiana, na Karnataka Samskrit University, em Bangalore/Índia, no período de 01/03/2018 a 28/02/2019, com ônus limitado para esta IFE, conforme consta do processo nº 23071.025194/2017-74.</p><p> </p>]]></Texto>
    <Autores>
      <assina>Marcus Vinicius David</assina>
    </Autores>
  </body>
</article></xml>