﻿<xml><article id="1351503" name="PORT183-2018-DPMM-ESAM" idOficio="4660359" pubName="DO2" artType="Portaria" pubDate="01/02/2018" artClass="00010:00007:00014:00006:00000:00000:00000:00000:00000:00000:00025:00001" artSection="Diretoria do Pessoal Militar" artCategory="Diretoria do Pessoal Militar" artSize="8" artNotes="" numberPage="12" pdfPage="http://pesquisa.in.gov.br/imprensa/jsp/visualiza/index.jsp?data=01/02/2018&amp;jornal=529&amp;pagina=12" editionNumber="23">
  <body>
    <Identifica><![CDATA[PORTARIA Nº 183/DPMM, DE 30 DE JANEIRO DE 2018]]></Identifica>
    <Data><![CDATA[]]></Data>
    <Ementa />
    <Titulo />
    <SubTitulo />
    <Texto><![CDATA[<p> O DIRETOR DO PESSOAL MILITAR DA MARINHA, no uso das atribuições que lhe confere o contido no art. 3o, inciso VIII, do Regulamento da Diretoria do Pessoal Militar da Marinha, aprovado pela Portaria no 116, de 27 de outubro de 2010, do Diretor-Geral do Pessoal da Marinha, e de acordo com o disposto nos art. 94, inciso VIII; 125, inciso I; 126; e 127, parágrafo único, da Lei no 6.880, de 9 de dezembro de 1980, combinado com o previsto nos art. 102 e 107, do Decreto-Lei no 1.001, de 21 de outubro de 1969, e com a Decisão do STM, proferida nos Autos do Processo no 0000040-44.2014.7.01.0301, que tramitou na 3a Auditoria da 1a CJM, resolve:</p><p>Art. 1o Excluir do Serviço Ativo da Marinha, a bem da disciplina, o SO-CI 86.3020.60 WELLINGTON DUARTE DE SOUZA, a partir de 14 de dezembro de 2017, por ter sido condenado à pena de dois anos e seis meses de detenção, como incurso nos art. 214, por duas vezes, e art. 215, também por duas vezes, ambos do Código Penal Militar, com a pena acessória de Exclusão das Forças Armadas, com fulcro no art. 102 do CPM, tendo o referido acórdão transitado em julgado em 14 de dezembro de 2017.</p><p>Art. 2o Esta Portaria entra em vigor na presente data.</p>]]></Texto>
    <Autores>
      <assina>Vice.Alte ANTONIO REGINALDO PONTES LIMA JUNIOR</assina>
    </Autores>
  </body>
</article></xml>