﻿<xml><article id="1352688" name="DESPACHO LUIZ EDUARDO" idOficio="4660517" pubName="DO2" artType="Despacho" pubDate="01/02/2018" artClass="00006:00012:00000:00000:00000:00000:00000:00000:00000:00000:00019:00009" artSection="Presidência da República" artCategory="Advocacia-Geral da União" artSize="8" artNotes="" numberPage="3" pdfPage="http://pesquisa.in.gov.br/imprensa/jsp/visualiza/index.jsp?data=01/02/2018&amp;jornal=529&amp;pagina=3" editionNumber="23">
  <body>
    <Identifica><![CDATA[DESPACHO de 31 de janeiro de 2018]]></Identifica>
    <Data><![CDATA[]]></Data>
    <Ementa />
    <Titulo />
    <SubTitulo />
    <Texto><![CDATA[<p>REFERÊNCIA: Processo nº 00411.095232/2017-52. Afastamento do País em razão de gozo de licença para capacitação do Procurador Federal LUIZ EDUARDO DINIZ ARAUJO, matrícula Siape nº 1378197, lotado e em exercício na Procuradoria Regional Federal da 5ª Região, para participar do Programa de Doutorado Sanduíche - Pesquisa na Área de Microgeração de Energia Elétrica, promovido pelo Instituto de Direito Mineral e Energia - Universidade de Bochum, Alemanha, no período de 16 de fevereiro a 19 de março de 2018, incluído o trânsito, com ônus limitado para a Advocacia-Geral da União. Autorizo. </p>]]></Texto>
    <Autores>
      <assina>GRACE MARIA FERNANDES MENDONÇA</assina>
      <cargo>Advogada-Geral da União</cargo>
    </Autores>
  </body>
</article></xml>