﻿<xml><article id="1352463" name="PTS10A16SANTOS" idOficio="4660496" pubName="DO2" artType="Portaria" pubDate="01/02/2018" artClass="00022:00029:00239:00019:00108:00000:00000:00000:00000:00000:00025:00004" artSection="Seção Operacional da Gestão de Pessoas" artCategory="Seção Operacional da Gestão de Pessoas" artSize="8" artNotes="" numberPage="88" pdfPage="http://pesquisa.in.gov.br/imprensa/jsp/visualiza/index.jsp?data=01/02/2018&amp;jornal=529&amp;pagina=88" editionNumber="23">
  <body>
    <Identifica><![CDATA[PORTARIAS DE 31 DE JANEIRO DE 2018]]></Identifica>
    <Data><![CDATA[]]></Data>
    <Ementa />
    <Titulo />
    <SubTitulo />
    <Texto><![CDATA[<p> O CHEFE DA SEÇÃO OPERACIONAL DA GESTÃO DE PESSOAS DA GERÊNCIA EXECUTIVA DO INSS EM SANTOS/SP, no uso das atribuições que lhe foram delegadas pelo artigo 235 da Portaria/MDS nº 414, de 28/09/2017, publicada no DOU nº 188-A, de 29/09/2017, resolve:</p><p>Nº 10 - Conceder aposentadoria voluntária à servidora ANA MARIA PEREIRA DE CASTRO, matrícula SIAPE 0941752, ocupante do cargo de Técnico do Seguro Social, Classe "S", Padrão "IV", do quadro de Pessoal do Instituto Nacional do Seguro Social, com fundamento no Art. 3º da Emenda Constitucional nº 47/2005. (Processo 35432.000125/2018-71)</p><p>Em consequência, declarar vago o referido cargo.</p><p>Nº 11 - Conceder aposentadoria voluntária à servidora ANA PAULA PIRES CASTELO, matrícula SIAPE 0940838, ocupante do cargo de Técnico do Seguro Social, Classe "S", Padrão "IV", do quadro de Pessoal do Instituto Nacional do Seguro Social, com fundamento no Art. 3º da Emenda Constitucional nº 47/2005. (Processo 35432.000135/2018-15)</p><p>Em consequência, declarar vago o referido cargo.</p><p>Nº 12 - Conceder aposentadoria voluntária à servidora IVONETE CONCEIÇÃO DA SILVA, matrícula SIAPE 0941236, ocupante do cargo de Datilógrafo, Classe "S", Padrão "IV", do quadro de Pessoal do Instituto Nacional do Seguro Social, com fundamento no Art. 3º da Emenda Constitucional nº 47/2005. (Processo 35432.000124/2018-27)</p><p>Em consequência, declarar vago o referido cargo.</p><p>Nº 13 - Conceder aposentadoria voluntária ao servidor JOÃO JORGE MARTINS, matrícula SIAPE 0948960, ocupante do cargo de Técnico do Seguro Social, Classe "S", Padrão "IV", do quadro de Pessoal do Instituto Nacional do Seguro Social, com fundamento no Art. 3º da Emenda Constitucional nº 47/2005. (Processo 35432.000123/2018-82)</p><p>Em consequência, declarar vago o referido cargo.</p><p>Nº 14 - Conceder aposentadoria voluntária à servidora LUCIA ALVES, matrícula SIAPE 0593506, ocupante do cargo de Técnico do Seguro Social, Classe "S", Padrão "IV", do quadro de Pessoal do Instituto Nacional do Seguro Social, com fundamento no Art. 3º da Emenda Constitucional nº 47/2005. (Processo 35432.000134/2018-62)</p><p>Em consequência, declarar vago o referido cargo.</p><p>Nº 15 - Conceder aposentadoria voluntária à servidora MARIA ROSARIA BARRETO, matrícula SIAPE 0942695, ocupante do cargo de Técnico do Seguro Social, Classe "S", Padrão "IV", do quadro de Pessoal do Instituto Nacional do Seguro Social, com fundamento no Art. 3º da Emenda Constitucional nº 47/2005. (Processo 35432.000150/2018-55)</p><p>Em consequência, declarar vago o referido cargo.</p><p>Nº 16 - Conceder aposentadoria voluntária ao servidor TARCISIO LUIZ VALLE DE ALMEIDA, matrícula SIAPE 0942441, ocupante do cargo de Perito Médico Previdenciário, Classe "S", Padrão "III", do quadro de Pessoal do Instituto Nacional do Seguro Social, com fundamento no Art. 3º da Emenda Constitucional nº 47/2005. (Processo 35432.000136/2018-51)</p><p>Em consequência, declarar vago o referido cargo.</p>]]></Texto>
    <Autores>
      <assina>IDEL PROFETA RIBEIRO</assina>
    </Autores>
  </body>
</article></xml>