﻿<xml><article id="1349632" name="PTS3A8SÃOPAULOSUL" idOficio="4660256" pubName="DO2" artType="Portaria" pubDate="01/02/2018" artClass="00022:00029:00239:00006:00019:00003:00000:00000:00000:00000:00025:00004" artSection="Seção Operacional da Gestão de Pessoas" artCategory="Seção Operacional da Gestão de Pessoas" artSize="8" artNotes="" numberPage="87" pdfPage="http://pesquisa.in.gov.br/imprensa/jsp/visualiza/index.jsp?data=01/02/2018&amp;jornal=529&amp;pagina=87" editionNumber="23">
  <body>
    <Identifica><![CDATA[PORTARIAS DE 29 DE JANEIRO DE 2018]]></Identifica>
    <Data><![CDATA[]]></Data>
    <Ementa />
    <Titulo />
    <SubTitulo />
    <Texto><![CDATA[<p> A CHEFE DA SEÇÃO OPERACIONAL DA GESTÃO DE PESSOAS DA GERÊNCIA EXECUTIVA SÃO PAULO-SUL DO INSS, no uso das atribuições que lhe confere o art. 26, do Decreto n° 9.104, de 24 de julho de 2017, que aprova a Estrutura Regimental e o Quadro Demonstrativo dos Cargos em Comissão e das Funções de Confiança do INSS, considerando o art. 235, I,"e" da Portaria/MDS n.º 414, de 28 de setembro de 2017, publicada no Diário Oficial da União nº 188-A, de 29 de setembro de 2017, que aprova o Regimento Interno do INSS, resolve:</p><p>Nº  3 -Conceder aposentadoria voluntária integral ao servidor AUGUSTO YAMAGUTI, matrícula Siape n.º 0.938.296, ocupante do cargo de Perito Médico Previdenciário, classe S, padrão III, do quadro de pessoal do INSS, com fundamento no art. 6º da Emenda Constitucional n.º 41, de 2003, e proventos integrais calculados com base na remuneração do servidor no cargo efetivo em que se der a aposentadoria e demais vantagens a que faz jus, na forma da lei. Optou pela incorporação da gratificação de desempenho aos proventos de aposentadoria nos termos dos arts. 36 e 37 da Lei nº 13.464, de 2017. Observado o contido no Processo nº 35464.000754/2017-43, declarando, em consequência, o referido cargo vago. </p><p>Nº  4 -Conceder aposentadoria voluntária integral a servidora EMILIA KEIKO ISHIKURA, matrícula Siape n.º 0.941.671, ocupante do cargo de Técnico do Seguro Social, classe S, padrão IV, do quadro de pessoal do INSS, com fundamento no art. 6º da Emenda Constitucional n.º 41, de 2003, e proventos integrais calculados com base na remuneração do servidor no cargo efetivo em que se der a aposentadoria e demais vantagens a que faz jus, na forma da lei. Optou pela incorporação da gratificação de desempenho aos proventos de aposentadoria nos termos dos arts. 88 a 92 da Lei nº 13.324, de 2016. Observado o contido no Processo nº 35464.000014/2018-98, declarando, em consequência, o referido cargo vago. </p><p>Nº  5 -Conceder aposentadoria voluntária integral a servidora LUCIA HELENA PAQUIER, matrícula Siape n.º 0.938.029, ocupante do cargo de Técnico do Seguro Social, classe S, padrão IV, do quadro de pessoal do INSS, com fundamento no art. 6º da Emenda Constitucional n.º 41, de 2003, e proventos integrais calculados com base na remuneração do servidor no cargo efetivo em que se der a aposentadoria e demais vantagens a que faz jus, na forma da lei. Optou pela incorporação da gratificação de desempenho aos proventos de aposentadoria nos termos dos arts. 88 a 92 da Lei nº 13.324, de 2016. Observado o contido no Processo nº 35464.000005/2018-05, declarando, em consequência, o referido cargo vago. </p><p>Nº  6 -Conceder aposentadoria voluntária integral a servidora MARTHA VAZ DA COSTA, matrícula Siape n.º 0.939.914, ocupante do cargo de Técnico do Seguro Social, classe S, padrão IV, do quadro de pessoal do INSS, com fundamento no art. 6º da Emenda Constitucional n.º 41, de 2003, e proventos integrais calculados com base na remuneração do servidor no cargo efetivo em que se der a aposentadoria e demais vantagens a que faz jus, na forma da lei. Optou pela incorporação da gratificação de desempenho aos proventos de aposentadoria nos termos dos arts. 88 a 92 da Lei nº 13.324, de 2016. Observado o contido no Processo nº 35464.000013/2018-43, declarando, em consequência, o referido cargo vago. </p><p>Nº  7 -Conceder aposentadoria voluntária integral ao servidor WILSON VIEIRA DE CAMARGO FILHO matrícula Siape n.º 0.941.735, ocupante do cargo de  Administrador, classe S, padrão IV, do quadro de pessoal do INSS, com fundamento no art. 6º da Emenda Constitucional n.º 41, de 2003, e proventos integrais calculados com base na remuneração do servidor no cargo efetivo em que se der a aposentadoria e demais vantagens a que faz jus, na forma da lei. Optou pela incorporação da gratificação de desempenho aos proventos de aposentadoria nos termos dos arts. 88 a 92 da Lei nº 13.324, de 2016. Observado o contido no Processo nº 35464.000904/2017-19, declarando, em consequência, o referido cargo vago. </p><p>Nº  8 -Conceder aposentadoria voluntária integral a servidora SUZETE NANCI DE BARROS SENA, matrícula Siape n.º 0.935.515, ocupante do cargo de Técnico do Seguro Social, classe S, padrão IV, do quadro de pessoal do INSS, com fundamento no art. 3º da Emenda Constitucional n.º 47, de 2005, e proventos integrais calculados com base na remuneração do servidor no cargo efetivo em que se der a aposentadoria e demais vantagens a que faz jus, na forma da lei. Optou pela incorporação da gratificação de desempenho aos proventos de aposentadoria nos termos dos arts. 88 a 92 da Lei nº 13.324, de 2016. Observado o contido no Processo nº 36215.019457/2017-76, declarando, em consequência, o referido cargo vago. </p>]]></Texto>
    <Autores>
      <assina>KATARY ELIANE MEIRELLES DE CASTRO</assina>
    </Autores>
  </body>
</article></xml>