﻿<xml><article id="1349693" name="PT3JOINVILLE" idOficio="4660256" pubName="DO2" artType="Portaria" pubDate="01/02/2018" artClass="00022:00029:00241:00014:00052:00000:00000:00000:00000:00000:00025:00011" artSection="Seção Operacional da Gestão de Pessoas" artCategory="Seção Operacional da Gestão de Pessoas" artSize="8" artNotes="" numberPage="96" pdfPage="http://pesquisa.in.gov.br/imprensa/jsp/visualiza/index.jsp?data=01/02/2018&amp;jornal=529&amp;pagina=96" editionNumber="23">
  <body>
    <Identifica><![CDATA[PORTARIA Nº 3, DE 31 DE JANEIRO DE 2018]]></Identifica>
    <Data><![CDATA[]]></Data>
    <Ementa />
    <Titulo />
    <SubTitulo />
    <Texto><![CDATA[<p> A CHEFE DA SEÇÃO OPERACIONAL DA GESTÃO DE PESSOAS DA GERÊNCIA EXECUTIVA DO INSS EM JOINVILLE, NO ESTADO DE SANTA CATARINA, no uso das atribuições que lhe foram conferidas pelo artigo 235, inciso I, alíneas "b" e "e" do Regimento Interno do INSS, aprovado pela Portaria/MPS nº 414, de 28/09/2017, publicada no DOU- Edição Extra  nº 188-A, de 29/09/2017, Seção I, na forma da legislação vigente e tendo em vista o que consta no processo nº 35351.000017/2018-07, resolve: </p><p>1. Conceder aposentadoria voluntária integral à servidora ANA MARIA GAZOLA DE FREITAS, matrícula SIAPE nº 0929051, ocupante do cargo de Agente de Serviços Diversos, NI-434552, Classe S, Padrão IV, do Quadro de Pessoal do Instituto Nacional do Seguro Social, com fundamento no artigo 3º da Emenda Constitucional nº 47, de 05 de julho 2005.</p><p>2. Em conseqüência declarar vago o referido cargo. </p>]]></Texto>
    <Autores>
      <assina>TANIA SCHLICKMANN BISPO</assina>
    </Autores>
  </body>
</article></xml>