﻿<xml><article id="1349254" name="Portarias de Aposentadoria - Osm" idOficio="4659924" pubName="DO2" artType="Portaria" pubDate="01/02/2018" artClass="00012:00002:00012:00026:00000:00000:00000:00000:00000:00000:00025:00001" artSection="Superintendência de Administração na Paraíba" artCategory="Superintendência de Administração na Paraíba" artSize="8" artNotes="" numberPage="51" pdfPage="http://pesquisa.in.gov.br/imprensa/jsp/visualiza/index.jsp?data=01/02/2018&amp;jornal=529&amp;pagina=51" editionNumber="23">
  <body>
    <Identifica><![CDATA[Portarias de 30 de janeiro de 2018]]></Identifica>
    <Data><![CDATA[]]></Data>
    <Ementa />
    <Titulo />
    <SubTitulo />
    <Texto><![CDATA[<p> O SUPERINTENDENTE DE ADMINISTRAÇÃO DO MINISTÉRIO DA FAZENDA NO ESTADO DA PARAÍBA, no uso das atribuições que lhe são conferidas pelo artigo 86 da Portaria nº 144, de 27 de abril de 2016, do Ministro de Estado da Fazenda, publicada na Seção 1 do Diário Oficial da União de 29 de abril de 2016, resolve:</p><p>Nº 6 Conceder aposentadoria voluntária com proventos integrais ao servidor OSMAR REINALDO GREGOLDO, no cargo de Técnico Federal de Finanças e Controle, código 403/101, Classe "S", Padrão I, matrícula Siape nº 1098855, com lotação no Quadro de Pessoal Permanente da Secretaria do Tesouro Nacional/MF e exercício na Superintendência de Administração do Ministério da Fazenda no Estado da Paraíba, de acordo com o art. 6º, incisos I, II, III e IV da Emenda Constitucional nº 41/2003, c/c o § 18 do art. 40 da CF/1988, (redação atual) Processo nº 10467.000205/2017-18. </p><p>Nº 7 Conceder aposentadoria voluntária com proventos integrais à servidora ANA LÚCIA NASCIMENTO GONCALVES, no cargo de Agente Administrativo, código 489/202, Classe "S", Padrão III, matrícula Siape nº 0051063, com lotação e exercício no Quadro de Pessoal da Superintendência de Administração do Ministério da Fazenda no Estado da Paraíba, de acordo com o art. 3º, incisos I e II, parágrafo único da Emenda Constitucional nº 47/2005, c/c o § 18 do art. 40 da CF/1988, (redação atual) Processo nº 10467.000219/2017-31. </p>]]></Texto>
    <Autores>
      <assina>HERALDO JOSÉ SANTIAGO DE SOUSA</assina>
    </Autores>
  </body>
</article></xml>