﻿<xml><article id="1351434" name="PORTARIAS 12, 13. e 14rtf" idOficio="4660353" pubName="DO2" artType="Portaria" pubDate="01/02/2018" artClass="00012:00002:00012:00015:00000:00000:00000:00000:00000:00000:00025:00001" artSection="Superintendência de Administração na Bahia" artCategory="Superintendência de Administração na Bahia" artSize="8" artNotes="" numberPage="50" pdfPage="http://pesquisa.in.gov.br/imprensa/jsp/visualiza/index.jsp?data=01/02/2018&amp;jornal=529&amp;pagina=50" editionNumber="23">
  <body>
    <Identifica><![CDATA[Portaria nº 12, de 23 de janeiro de 2018]]></Identifica>
    <Data><![CDATA[]]></Data>
    <Ementa />
    <Titulo />
    <SubTitulo />
    <Texto><![CDATA[<p>   O SUPERINTENDENTE DE ADMINISTRAÇÃO DO MINISTÉRIO DA FAZENDA NO ESTADO DA BAHIA, no uso de suas atribuições, conferidas pelo art. 86, da Portaria Ministerial n° 144, de 27/04/2016, publicada no Diário Oficial da União de 29/04/2016, e por Delegação de Competência, delegada através da Portaria SRF nº 1.671, de 16/06/2005, publicada no DOU de 20/06/2005, resolve: </p><p>                           Conceder aposentadoria voluntária integral à servidora SANDRA MARTINS ALVES FERREIRA, ocupante do cargo de Analista  Tributário da Receita Federal do Brasil, Classe S, Padrão III, matrícula SIAPE nº 0123323, e SIAPECAD nº 00026199, do Quadro Permanente do Ministério da Fazenda, com fundamento legal no artigo 3º da Emenda Constitucional nº 47/2005. Processo nº 10580.000547/2017-31.</p><p>  </p><p>    O SUPERINTENDENTE DE ADMINISTRAÇÃO DO MINISTÉRIO DA FAZENDA NO ESTADO DA BAHIA, no uso de suas atribuições, conferidas pelo art. 86, da Portaria Ministerial n° 144, de 27/04/2016, publicada no Diário Oficial da União de 29/04/2016, e por Delegação de Competência, delegada através da Portaria SRF nº 1.671, de 16/06/2005, publicada no DOU de 20/06/2005, resolve:</p><p>    Conceder aposentadoria voluntária integral ao servidor PAULO ANGELO CARVALHO DE SOUZA, ocupante do cargo de Auditor-Fiscal da Receita Federal do Brasil, Classe S, Padrão III, matrícula SIAPE nº 2257741 e SIAPECAD nº 00065457 do Quadro Permanente do Ministério da Fazenda, com fundamento legal no Artigo 6º da Emenda Constitucional nº 41/2003. Processo nº 10507.000001/2018-44.</p><p>                O SUPERINTENDENTE DE ADMINISTRAÇÃO DO MINISTÉRIO DA FAZENDA NO ESTADO DA BAHIA, no uso de suas atribuições, conferidas pelo art. 86, da Portaria Ministerial n° 144, de 27/04/2016, publicada no Diário Oficial da União de 29/04/2016, e por Delegação de Competência, delegada através da Portaria SRF nº 1.671, de 16/06/2005, publicada no DOU de 20/06/2005, resolve:</p><p>   Conceder aposentadoria voluntária integral à servidora MARIA BERNADETE GOMES LEOCÁDIO DE LIMA, ocupante do cargo de Agente de Portaria, Classe S, Padrão III, matrícula SIAPE nº 0124340 e SIAPECAD nº 00010774, do Quadro Permanente do Ministério da Fazenda, com fundamento legal no artigo 3º da Emenda Constitucional nº 47/2005. Processo nº 10509.000005/2017-21.</p><p> </p>]]></Texto>
    <Autores>
      <assina>Etevaldo Inácio Oliveira Carneiro</assina>
      <assina>Etevaldo Inácio Oliveira Carneiro</assina>
      <assina>Etevaldo Inácio Oliveira Carneiro</assina>
    </Autores>
  </body>
</article></xml>