﻿<xml><article id="1368816" name="PORTARIA N 06 Contrato 39" idOficio="4658857" pubName="DO2" artType="Portaria" pubDate="02/02/2018" artClass="00014:00001:00000:00000:00000:00000:00000:00000:00000:00000:00019:00001" artSection="Ministério da Integração Nacional" artCategory="Gabinete do Ministro" artSize="8" artNotes="" numberPage="41" pdfPage="http://pesquisa.in.gov.br/imprensa/jsp/visualiza/index.jsp?data=02/02/2018&amp;jornal=529&amp;pagina=41" editionNumber="24" highlight="">
  <body>
    <Identifica><![CDATA[PORTARIA N° 6, DE 30 DE JANEIRO DE 2018]]></Identifica>
    <Data><![CDATA[]]></Data>
    <Ementa />
    <Titulo />
    <SubTitulo />
    <Texto><![CDATA[<p> O CORREGEDOR-SECCIONAL DO MINISTÉRIO DA INTEGRAÇÃO NACIONAL, no uso da competência que lhe confere a Portaria nº 329 de 29 de junho de 2017, publicada no Diário Oficial da União nº 129, de 07 de julho de 2017; tendo em vista os artigos art. 16 e 20 do Anexo I, da Portaria n.º 280, de 06 de junho de 2017, publicada no  Diário Oficial da União n.º 109, de 08 de junho de 2017, Seção 1, pág. 59; e conforme disposto nos artigos 143 e 152, da Lei 8.112, de 11 de dezembro de 1990, resolve:</p><p>Art. 1º - Prorrogar, por 60 (sessenta) dias, a Comissão de Processo Administrativo Disciplinar, instaurada nos termos da Portaria n.º 15, de 18 de fevereiro de 2016, publicada no Diário Oficial da União n.º 34, de 22 de fevereiro de 2016, com o objetivo de "apurar os fatos noticiados no Processo MI n.º 59000.000640/2013-95, bem como proceder ao exame de outros fatos, ações e omissões que porventura venham a ser identificados no curso de seus trabalhos e que guardem conexão com o objeto presente", tendo sido reconduzida pela última vez por meio da Portaria nº 82, de 04 de dezembro de 2017, publicada no Diário Oficial da União nº 232, de 5 de dezembro de 2017.</p><p>Art. 2º - Esta Portaria entra em vigor na data de sua publicação.</p>]]></Texto>
    <Autores>
      <assina>DANIEL XAVIER LARA</assina>
    </Autores>
  </body>
</article></xml>