﻿<xml><article id="1352892" name="Portaria 395,96,98,99,401,02,03," idOficio="4660548" pubName="DO2" artType="Portaria" pubDate="01/02/2018" artClass="00011:00066:00000:00000:00000:00000:00000:00000:00000:00000:00025:00001" artSection="Ministério da Educação" artCategory="Instituto Federal de Educação, Ciência e Tecnologia do Maranhão" artSize="8" artNotes="" numberPage="19-26" pdfPage="http://pesquisa.in.gov.br/imprensa/jsp/visualiza/index.jsp?data=01/02/2018&amp;jornal=529&amp;pagina=19,http://pesquisa.in.gov.br/imprensa/jsp/visualiza/index.jsp?data=01/02/2018&amp;jornal=529&amp;pagina=26" editionNumber="23">
  <body>
    <Identifica><![CDATA[PORTARIA Nº 395, DE 30 DE JANEIRO DE 2018]]></Identifica>
    <Data><![CDATA[]]></Data>
    <Ementa />
    <Titulo />
    <SubTitulo />
    <Texto><![CDATA[<p> O REITOR DO INSTITUTO FEDERAL DE EDUCAÇÃO, CIÊNCIA E TECNOLOGIA DO MARANHÃO, nomeado nos termos do Decreto Presidencial de 02 de setembro de 2016, publicado no DOU de 05 de setembro de 2016, no uso de suas atribuições legais; e,</p><p>Considerando o disposto no Art. 62 da Lei 8.112/90, e a solicitação constante no Processo nº 23249.006851/2018-96, resolve:</p><p>Exonerar o servidor Marcio Alves Carneiro, Professor de Ensino Básico, Técnico e Tecnológico, do cargo de Chefe do Departamento de Desenvolvimento Agropecuário e Empreendedorismo (Código CD-04) do Campus São Raimundo das Mangabeiras, a partir da data da publicação desta Portaria no DOU.</p><p> O REITOR DO INSTITUTO FEDERAL DE EDUCAÇÃO, CIÊNCIA E TECNOLOGIA DO MARANHÃO, nomeado nos termos do Decreto Presidencial de 02 de setembro de 2016, publicado no DOU de 05 de setembro de 2016, no uso de suas atribuições legais; e,</p><p>Considerando o disposto no Art. 62 da Lei nº 8.112/90, e a solicitação constante no Processo nº 23249.006851/2018-96, resolve:</p><p>Designar o servidor Marcio Alves Carneiro, Professor de Ensino Básico, Técnico e Tecnológico, Campus São Raimundo das Mangabeiras, para desempenhar a função de Chefe do Departamento de Extensão (Código FG-01) do referido Campus, a partir da data da publicação desta Portaria no DOU.</p><p> O REITOR DO INSTITUTO FEDERAL DE EDUCAÇÃO, CIÊNCIA E TECNOLOGIA DO MARANHÃO, nomeado nos termos do Decreto Presidencial de 02 de setembro de 2016, publicado no DOU de 05 de setembro de 2016, no uso de suas atribuições legais; e,</p><p>Considerando o disposto no Art. 62 da Lei 8.112/90, e a solicitação constante no Processo nº 23249.003106/2018-95, resolve:</p><p>Exonerar a servidora Rayanne Lopes dos Santos Silva, Assistente em Administração, do cargo de Diretora da Diretoria de Planejamento e Gestão (Código CD-03) do Campus São Raimundo das Mangabeiras, a partir da data da publicação desta Portaria no DOU.</p><p> O REITOR DO INSTITUTO FEDERAL DE EDUCAÇÃO, CIÊNCIA E TECNOLOGIA DO MARANHÃO, nomeado nos termos do Decreto Presidencial de 02 de setembro de 2016, publicado no DOU de 05 de setembro de 2016, no uso de suas atribuições legais; e,</p><p>Considerando o disposto no Art. 62 da Lei 8.112/90, e a solicitação constante no Processo nº 23249.003106/2018-95, resolve:</p><p>Nomear a servidora Rayanne Lopes dos Santos Silva, Assistente em Administração, Campus São Raimundo das Mangabeiras, para exercer o cargo de Diretora da Diretoria de Administração e Planejamento (Código CD-04) do Campus São Raimundo das Mangabeiras, a partir da data da publicação desta Portaria no DOU.</p><p> O REITOR DO INSTITUTO FEDERAL DE EDUCAÇÃO, CIÊNCIA E TECNOLOGIA DO MARANHÃO, nomeado nos termos do Decreto Presidencial de 02 de setembro de 2016, publicado no DOU de 05 de setembro de 2016, no uso de suas atribuições legais; e,</p><p>Considerando a solicitação constante no Processo nº 23249.003109/2018-29, resolve:</p><p>Dispensar o servidor Benjamim Cardoso da Silva Neto, Professor de Ensino Básico, Técnico e Tecnológico, Campus São Raimundo das Mangabeiras, da função de Coordenador de Acompanhamento de Formandos, Egressos e de Educação (Código FG-01) do referido Campus, a partir da data da publicação desta Portaria no DOU.</p><p> O REITOR DO INSTITUTO FEDERAL DE EDUCAÇÃO, CIÊNCIA E TECNOLOGIA DO MARANHÃO, nomeado nos termos do Decreto Presidencial de 02 de setembro de 2016, publicado no DOU de 05 de setembro de 2016, no uso de suas atribuições legais; e,</p><p>Considerando o disposto no Art. 62 da Lei 8.112/90, e a solicitação constante no Processo nº 23249.006850/2018-41, resolve:</p><p>Exonerar o servidor Cristovão Colombo de Carvalho Couto Filho, Professor de Ensino Básico, Técnico e Tecnológico, do cargo de Chefe do Departamento de Pesquisa, Extensão e Inovação (Código CD-04) do Campus São Raimundo das Mangabeiras, a partir da data da publicação desta Portaria no DOU.</p><p> O REITOR DO INSTITUTO FEDERAL DE EDUCAÇÃO, CIÊNCIA E TECNOLOGIA DO MARANHÃO, nomeado nos termos do Decreto Presidencial de 02 de setembro de 2016, publicado no DOU de 05 de setembro de 2016, no uso de suas atribuições legais; e,</p><p>Considerando o disposto no Art. 62 da Lei nº 8.112/90, e a solicitação constante no Processo nº 23249.006850/2018-41, resolve:</p><p>Designar o servidor Cristovão Colombo de Carvalho Couto Filho, Professor de Ensino Básico, Técnico e Tecnológico, Campus São Raimundo das Mangabeiras, para desempenhar a função de Chefe do Departamento de Pesquisa, Pós-Graduação e Inovação (Código FG-01) do referido Campus, a partir da data da publicação desta Portaria no DOU.</p><p> O REITOR DO INSTITUTO FEDERAL DE EDUCAÇÃO, CIÊNCIA E TECNOLOGIA DO MARANHÃO, nomeado nos termos do Decreto Presidencial de 02 de setembro de 2016, publicado no DOU de 05 de setembro de 2016, no uso de suas atribuições legais; e,</p><p>Considerando o disposto no Art. 62 da Lei 8.112/90, e a solicitação constante no Processo nº 23249.003107/2018-31, resolve:</p><p>Exonerar o servidor Roberto Kennedy Cardoso, Professor de Ensino Básico, Técnico e Tecnológico, do cargo de Diretor da Diretoria de Desenvolvimento Educacional (Código CD-03) do Campus São Raimundo das Mangabeiras, a partir da data da publicação desta Portaria no DOU.</p><p> O REITOR DO INSTITUTO FEDERAL DE EDUCAÇÃO, CIÊNCIA E TECNOLOGIA DO MARANHÃO, nomeado nos termos do Decreto Presidencial de 02 de setembro de 2016, publicado no DOU de 05 de setembro de 2016, no uso de suas atribuições legais; e,</p><p>Considerando o disposto no Art. 62 da Lei 8.112/90, e a solicitação constante no Processo nº 23249.003107/2018-31, resolve:</p><p>Nomear o servidor Roberto Kennedy Cardoso, Professor de Ensino Básico, Técnico e Tecnológico, Campus São Raimundo das Mangabeiras, para exercer o cargo de Diretora da Diretoria de Desenvolvimento Educacional (Código CD-04) do Campus São Raimundo das Mangabeiras, a partir da data da publicação desta Portaria no DOU.</p><p> O REITOR DO INSTITUTO FEDERAL DE EDUCAÇÃO, CIÊNCIA E TECNOLOGIA DO MARANHÃO, nomeado nos termos do Decreto Presidencial de 02 de setembro de 2016, publicado no DOU de 05 de setembro de 2016, no uso de suas atribuições legais; e,</p><p>Considerando o disposto no Art. 62 da Lei 8.112/90, e a solicitação constante no Processo nº 23249.003108/2018-84, resolve:</p><p>Exonerar o servidor Rosimiro Araújo do Nascimento, Professor de Ensino Básico, Técnico e Tecnológico, do cargo de Chefe do Departamento de Ensino Básico, Técnico e Políticas (Código CD-04) do Campus São Raimundo das Mangabeiras, a partir da data da publicação desta Portaria no DOU.</p><p> O REITOR DO INSTITUTO FEDERAL DE EDUCAÇÃO, CIÊNCIA E TECNOLOGIA DO MARANHÃO, nomeado nos termos do Decreto Presidencial de 02 de setembro de 2016, publicado no DOU de 05 de setembro de 2016, no uso de suas atribuições legais; e,</p><p>Considerando o disposto no Art. 62 da Lei 8.112/90, e a solicitação constante no Processo nº 23249.003108/2018-84, resolve:</p><p>Designar o servidor Rosimiro Araújo do Nascimento, Professor de Ensino Básico, Técnico e Tecnológico, Campus São Raimundo das Mangabeiras, para exercer o cargo de Chefe do Departamento de Ensino (Código FG-01) do Campus São Raimundo das Mangabeiras, a partir da data da publicação desta Portaria no DOU.</p>]]></Texto>
    <Autores>
      <assina>Francisco Roberto Brandão Ferreira</assina>
      <assina>Francisco Roberto Brandão Ferreira</assina>
      <assina>Francisco Roberto Brandão Ferreira</assina>
      <assina>Francisco Roberto Brandão Ferreira</assina>
      <assina>Francisco Roberto Brandão Ferreira</assina>
      <assina>Francisco Roberto Brandão Ferreira</assina>
      <assina>Francisco Roberto Brandão Ferreira</assina>
      <assina>Francisco Roberto Brandão Ferreira</assina>
      <assina>Francisco Roberto Brandão Ferreira</assina>
      <assina>Francisco Roberto Brandão Ferreira</assina>
      <assina>Francisco Roberto Brandão Ferreira</assina>
    </Autores>
  </body>
</article></xml>