﻿<xml><article id="1349656" name="PTS5E6PONTAGROSSA" idOficio="4660256" pubName="DO2" artType="Portaria" pubDate="01/02/2018" artClass="00022:00029:00241:00020:00000:00000:00000:00000:00000:00000:00025:00007" artSection="Gerência Executiva - B - em Ponta Grossa" artCategory="Gerência Executiva - B - em Ponta Grossa" artSize="8" artNotes="" numberPage="97" pdfPage="http://pesquisa.in.gov.br/imprensa/jsp/visualiza/index.jsp?data=01/02/2018&amp;jornal=529&amp;pagina=97" editionNumber="23">
  <body>
    <Identifica><![CDATA[PORTARIAS DE 31 DE JANEIRO DE 2018]]></Identifica>
    <Data><![CDATA[]]></Data>
    <Ementa />
    <Titulo />
    <SubTitulo />
    <Texto><![CDATA[<p> A GERENTE EXECUTIVA DA GERÊNCIA EXECUTIVA DO INSS EM PONTA GROSSA/PR, no uso da delegação de competência conferida pelo art. 230, inciso XXII, da Portaria MDS nº 414, de 28/09/2017, publicada no DOU-Edição Extra nº 188-A, de 29/09/2017, que aprovou o Regimento Interno do INSS, resolve:</p><p>Nº 5 - Conceder aposentadoria voluntária integral à servidora TERESINHA DE JESUS OLIVEIRA, matrícula  SIAPE  nº  568.477,  ocupante  do  cargo  de  Agente de Serviços Diversos - código 434552, classe S, padrão IV, do quadro permanente de pessoal do Instituto Nacional do Seguro Social, com fundamento no art. 3º da Emenda Constitucional nº 47, de 05/07/2005, com proventos integrais, na forma da lei, acrescido das demais vantagens a que faz jus. Em consequência, declarar vago o cargo acima referido.</p><p>Nº 6 - Conceder aposentadoria voluntária integral à servidora SOLANGE CRISTINA COSTA COTLINSKY, matrícula  SIAPE  nº  1.504.717,  ocupante  do  cargo  de  Perito Médico Previdenciário - código 811001, classe D, padrão III, do quadro permanente de pessoal do Instituto Nacional do Seguro Social, com fundamento no art. 40, § 1º, III, a, da Constituição Federal, com redação dada pela Emenda Constitucional nº 41/2003, com proventos calculados pela média das contribuições ao Plano de Seguridade Social, com base no art. 1º da Lei nº 10.887/2004. Em consequência, declarar vago o cargo acima referido.</p>]]></Texto>
    <Autores>
      <assina>Nilzete Aparecida de Paula Pechnicki</assina>
    </Autores>
  </body>
</article></xml>