﻿<xml><article id="1350642" name="PTS4E5JUIDEFORA" idOficio="4660319" pubName="DO2" artType="Portaria" pubDate="01/02/2018" artClass="00022:00029:00240:00015:00021:00000:00000:00000:00000:00000:00025:00007" artSection="Seção Operacional da Gestão de Pessoas" artCategory="Seção Operacional da Gestão de Pessoas" artSize="8" artNotes="" numberPage="93" pdfPage="http://pesquisa.in.gov.br/imprensa/jsp/visualiza/index.jsp?data=01/02/2018&amp;jornal=529&amp;pagina=93" editionNumber="23">
  <body>
    <Identifica><![CDATA[PORTARIAS DE 26 DE JANEIRO DE 2018]]></Identifica>
    <Data><![CDATA[]]></Data>
    <Ementa />
    <Titulo />
    <SubTitulo />
    <Texto><![CDATA[<p> O CHEFE DA SEÇÃO OPERACIONAL DA GESTÃO DE PESSOAS DA GERÊNCIA EXECUTIVA DO INSS EM JUIZ DE FORA/MG, No uso das atribuições estabelecidas no Artigo 235 do Regimento Interno do INSS, aprovado pela PT/MPS Nº 414, de 28/09/2017, publicada no DOU nº 188-A de 29/09/2017 e na forma da legislação vigente, resolve:</p><p>Nº 4  - Conceder Pensão vitalícia, de acordo com o disposto nos artigos 215, 217 Inc. III e 222, inciso VII alínea "b" da Lei 8.112/90, observando o contido no art. 40, parágrafo 7º, inciso II da Constituição Federal de 1988, com redação dada pela EC nº 41/2003, a PAULO SERGIO CARDOSO BENTO, nascido em 07/07/1969, esposo da servidora MARIA DENISE MENEZES MACHADO, matrícula Siape 0915095, Técnico do Seguro Social, classe S, padrão IV, ocupante do quadro de pessoal do INSS, falecido em atividade em 15/01/2018. A cota parte da referida pensão equivale a 50% do valor da totalidade da remuneração do servidor no cargo efetivo em que se deu o falecimento, observada a limitação contida no art. 2º, inciso II da lei 10.887/04. (Processo nº 35131.000054/2018-00).</p><p>Nº 5  - Conceder Pensão vitalícia, de acordo com o disposto nos artigos 215, 217 Inc. III e 222, inciso VII alínea "b" da Lei 8.112/90, observando o contido no art. 40, parágrafo 7º, inciso II da Constituição Federal de 1988, com redação dada pela EC nº 41/2003, a CASSIA WINNE MACHADO BENTO, nascida em 09/06/2000, filha menor (representada pelo seu genitor) da servidora MARIA DENISE MENEZES MACHADO, matrícula Siape 0915095, Técnico do Seguro Social, classe S, padrão IV, ocupante do quadro de pessoal do INSS, falecido em atividade em 15/01/2018. A cota parte da referida pensão equivale a 50% do valor da totalidade da remuneração do servidor no cargo efetivo em que se deu o falecimento, observada a limitação contida no art. 2º, inciso II da lei 10.887/04. (Processo nº 35131.000073/2018-28).</p>]]></Texto>
    <Autores>
      <assina>BRUNO PORTES DE CASTRO</assina>
    </Autores>
  </body>
</article></xml>