﻿<xml><article id="1352706" name="PORTARIAS COLETIVAS-CGGES-310118" idOficio="4660492" pubName="DO2" artType="Portaria" pubDate="01/02/2018" artClass="00026:00034:00187:00475:00000:00000:00000:00000:00000:00000:00025:00005" artSection="Coordenação-Geral de Gestão de Estatutários" artCategory="Coordenação-Geral de Gestão de Estatutários" artSize="8" artNotes="" numberPage="107" pdfPage="http://pesquisa.in.gov.br/imprensa/jsp/visualiza/index.jsp?data=01/02/2018&amp;jornal=529&amp;pagina=107" editionNumber="23">
  <body>
    <Identifica><![CDATA[PORTARIAS DE 29 DE JANEIRO DE 2018]]></Identifica>
    <Data><![CDATA[]]></Data>
    <Ementa />
    <Titulo />
    <SubTitulo />
    <Texto><![CDATA[<p> O COORDENADOR-GERAL DE GESTÃO DE ESTATUTÁRIOS, SUBSTITUTO, DO DEPARTAMENTO DE ÓRGÃOS EXTINTOS E DE GESTÃO DE FOLHA DE PAGAMENTO DA SECRETARIA DE GESTÃO DE PESSOAS DO MINISTÉRIO DO PLANEJAMENTO, DESENVOLVIMENTO E GESTÃO, no uso da competência que lhe foi delegada pela Portaria nº 141/DEPEX, de 16 de março de 2015, resolve:</p><p>Nº 995 Conceder pensão vitalícia à Senhora MARINES DE ARAÚJO RIBEIRO DE ALMEIDA, cônjuge do ex-servidor JOSÉ BENTO DE ALMEIDA NETO, aposentado no cargo de Técnico de Contabilidade, Classe "S", Padrão III, matrícula SIAPE nº 674808, oriundo da extinta Superintendência do Desenvolvimento do Nordeste, com fundamento no § 7º do art. 40 da Constituição Federal de 1988, combinado com o inciso I do art. 2º da Lei nº 10.887, de 2004, e com o inciso I do art. 217 e item 6 da alínea  "b"  do inciso VII do art. 222 da Lei nº 8.112, de 1990,  com vigência a partir de 19 de janeiro de 2018. (Processo nº 04962.000487/2018-41).</p><p>Nº 1.009 Conceder pensão vitalícia à Senhora HELENA DA SILVA SARAIVA, cônjuge do ex-servidor JOSIAS SARAIVA MONTEIRO, aposentado no cargo deProcurador Federal, Classe Especial, matrícula SIAPE nº 674722, oriundo da extinta Superintendência do Desenvolvimento do Nordeste, com fundamento no § 7º do art. 40 da Constituição Federal de 1988, combinado com o inciso I do art. 2º da Lei nº 10.887, de 2004, e com o inciso I do art. 217 e item 6 da alínea  "b"  do inciso VII do art. 222 da Lei nº 8.112, de 1990,  com vigência a partir de 22 de novembro de 2017. (Processo nº 05210.008740/2017-99).</p><p>Nº 1.010 Conceder pensão vitalícia à Senhora MARIA DE FÁTIMA GUIMARÃES, cônjuge do ex-servidor DÉLIO MENDES DA FONSECA E SILVA FILHO, aposentado no cargo de Sociólogo, Classe "S", Padrão III, matrícula SIAPE nº 673999, oriundo da extinta Superintendência do Desenvolvimento do Nordeste, com fundamento no § 7º do art. 40 da Constituição Federal de 1988, combinado com o inciso I do art. 2º da Lei nº 10.887, de 2004, e com o inciso I do art. 217 e item 6 da alínea  "b"  do inciso VII do art. 222 da Lei nº 8.112, de 1990,  com vigência a partir de 18 de janeiro de 2018. (Processo nº 05210.000614/2018-77).</p>]]></Texto>
    <Autores>
      <assina>AMADO JOSÉ BUENO NETTO</assina>
    </Autores>
  </body>
</article></xml>