﻿<xml><article id="1349414" name="Portaria 293 304 305" idOficio="4660199" pubName="DO2" artType="Portaria" pubDate="01/02/2018" artClass="00011:00065:00001:00001:00000:00000:00000:00000:00000:00000:00025:00001" artSection="Gabinete" artCategory="Gabinete" artSize="8" artNotes="" numberPage="25" pdfPage="http://pesquisa.in.gov.br/imprensa/jsp/visualiza/index.jsp?data=01/02/2018&amp;jornal=529&amp;pagina=25" editionNumber="23">
  <body>
    <Identifica><![CDATA[PORTARIAS DE 29 DE JANEIRO DE 2018]]></Identifica>
    <Data><![CDATA[]]></Data>
    <Ementa />
    <Titulo />
    <SubTitulo />
    <Texto><![CDATA[<p> A REITORA SUBSTITUTA DO INSTITUTO FEDERAL DE EDUCAÇÃO, CIÊNCIA E TECNOLOGIA DE GOIÁS - IFG, nomeada pela Portaria nº 175, de 16 de janeiro de 2018, publicada no Diário Oficial da União de 22.01.2018, no uso de suas atribuições legais e regimentais, resolve:</p><p>Nº 293 - I - Considerando o que consta no Memorando nº 014/2018/PRODI/IFG, dispensar o servidor PAULO CÉSAR DE SOUSA SANTOS, ocupante do cargo de Técnico de Laboratório Área, Matrícula SIAPE n° 2309841, da função de Coordenador da Coordenação de Aquisições e Contratos do Câmpus Senador Canedo do IFG, Código FG-04, UORG-373.</p><p>II - Esta Portaria entra em vigor na data da sua publicação.</p><p>Nº 304 - Considerando o que consta no Memorando nº 027/2018/DIRETORIA-GERAL/CÂMPUS GOIÂNIA/IFG, nomear o servidor FILIPE COSTA ALVES, ocupante do cargo efetivo de Assistente em Administração, Matrícula SIAPE nº 1816433, para, em substituição, exercer o cargo de Gerente da Gerência de Administração Acadêmica e Apoio ao Ensino do Câmpus Goiânia do IFG, Código CD-04, UORG-025, no período de 08 a 27 de fevereiro de 2018, em virtude de férias do titular.</p><p>Nº 305 - Considerando o que consta no Memorando nº 013/2018/PROPPG/IFG, nomear a servidora DANIELLY MACIEL BARBOSA, ocupante do cargo efetivo de Técnico em Assuntos Educacionais, Matrícula SIAPE n° 2648490, para, em substituição, exercer o cargo de Diretora da Diretoria de Pós-Graduação da Pró-Reitoria de Pesquisa e Pós-Graduação do IFG, Código CD-03, UORG-101, no período de 22 de janeiro a 02 de março de 2018, em virtude de afastamento da titular.</p>]]></Texto>
    <Autores>
      <assina>ADRIANA DOS REIS FERREIRA</assina>
    </Autores>
  </body>
</article></xml>