﻿<xml><article id="1349183" name="Portarias.2018.08 e 09(30.01)Lic" idOficio="4659466" pubName="DO2" artType="Portaria" pubDate="01/02/2018" artClass="00011:00069:00002:00000:00000:00000:00000:00000:00000:00000:00025:00001" artSection="Campus Bambuí" artCategory="Campus Bambuí" artSize="8" artNotes="" numberPage="27" pdfPage="http://pesquisa.in.gov.br/imprensa/jsp/visualiza/index.jsp?data=01/02/2018&amp;jornal=529&amp;pagina=27" editionNumber="23">
  <body>
    <Identifica><![CDATA[PORTARIAs DE 30 JANEIRO DE 2018]]></Identifica>
    <Data><![CDATA[]]></Data>
    <Ementa />
    <Titulo />
    <SubTitulo />
    <Texto><![CDATA[<p> O DIRETOR-GERAL DO INSTITUTO FEDERAL DE EDUCAÇÃO, CIÊNCIA E TECNOLOGIA DE MINAS GERAIS - CAMPUS BAMBUÍ, nomeado pela Portaria IFMG nº 1.330, de 22/09/2015, publicada no DOU de 23/09/2015, Seção 2, pág. 19, tendo em vista o Termo de Posse do dia 24/09/2015, e no uso das atribuições que lhe são conferidas pela Portaria IFMG nº 475, de 06 de abril de 2016, publicada no DOU de 15 de abril de 2016, Seção 2, pág.17, retificada pela Portaria IFMG nº 805, de 04 de julho de 2016, publicada no DOU de 06 de julho de 2016, Seção 2, pág. 22, e pela Portaria IFMG nº 1078 de 27 de setembro de 2016, publicada no DOU de 04 de outubro de 2016, Seção 2, pág. 20, e considerando o disposto na Lei nº 8.112/90, artigo 20 e na Resolução CONSUP/IFMG n° 018 de 25 de janeiro de 2012, que dispõem sobre a avaliação de estágio probatório do servidor docente do quadro de pessoal permanente do Instituto Federal de Educação, Ciência e Tecnologia de Minas Gerais, resolve:</p><p>Nº 8 Art. 1º CONCEDER, a pedido, conforme Lei 8112/1990, artigo 91, Licença para Tratar de Interesses Particulares - Processo nº 23209.000060/2018-48, pelo período de 03 (três) anos, a partir de 01 de fevereiro de 2018, ao servidor CÁSSIO ROBERTO SILVA NORONHA, matrícula SIAPE nº 1562705, ocupante do cargo de Professor de Ensino Básico, Técnico e Tecnológico, Classe D, Nível 401, pertencente ao quadro de pessoal deste Instituto, lotado no Campus Bambuí. </p><p>Nº 9 Art. 1º CONCEDER, a pedido, conforme Lei 8112/1990, artigo 91, Licença para Tratar de Interesses Particulares - Processo nº 23209.000061/2018-21, pelo período de 03 (três) anos, a partir de 01 de fevereiro de 2018, a servidora CÁSSIA MARIA SILVA NORONHA, matrícula SIAPE nº 1550806, ocupante do cargo de Professor de Ensino Básico, Técnico e Tecnológico, Classe D, Nível 403, pertencente ao quadro de pessoal deste Instituto, lotada no Campus Bambuí.</p><p>Art. 2º Determinar que as presentes portarias sejam devidamente publicadas no Boletim de Serviços do IFMG Campus Bambuí e no Diário Oficial da União.</p><p>Art. 3º Determinar que a Gestão de Pessoas adote as providências cabíveis à aplicação destas portarias.</p><p>Art. 4º Estas portarias entram em vigor na data de sua publicação.</p>]]></Texto>
    <Autores>
      <assina>RAFAEL BASTOS TEIXEIRA</assina>
    </Autores>
  </body>
</article></xml>