﻿<xml><article id="1352577" name="Portaria 878 e 879 Retificar" idOficio="4660505" pubName="DO2" artType="Portaria" pubDate="01/02/2018" artClass="00011:00130:00001:00017:00000:00000:00000:00000:00000:00000:00025:00019" artSection="Pró-Reitoria de Pessoal" artCategory="Pró-Reitoria de Pessoal" artSize="8" artNotes="" numberPage="43" pdfPage="http://pesquisa.in.gov.br/imprensa/jsp/visualiza/index.jsp?data=01/02/2018&amp;jornal=529&amp;pagina=43" editionNumber="23">
  <body>
    <Identifica><![CDATA[PORTARIAs de 31 de janeiro de 2018]]></Identifica>
    <Data><![CDATA[]]></Data>
    <Ementa />
    <Titulo />
    <SubTitulo />
    <Texto><![CDATA[<p> O Pró-Reitor de Pessoal, no uso da competência delegada pelo Reitor da Universidade Federal do Rio de Janeiro, através da Portaria nº 956 de 10 de fevereiro de 2017, publicada no Diário Oficial da União de 13 de fevereiro de 2017, resolve:</p><p>Nº 878 Retifica a portaria nº 8649 de 27 de setembro de 2017, publicada no DOU nº 188, de 29 de setembro de 2017, considerando que a classe correta da Professora Substituta WINNIE BRUNA DE SOUZA PEREIRA, da Faculdade de Arquitetura e Urbanismo é Assistente A, conforme consta no processo nº 23079.050427/17-05</p><p>Nº 879 Retifica a portaria nº 769 de 25 de janeiro de 2018, publicada no DOU nº 21, de 30 de janeiro de 2018, considerando que a classe correta da Professora Substituta IZADORA MARTINS DA SILVA DE SOUZA do Cólegio de Aplicação é Assistente A, conforme consta no processo nº 23079.059779/17-18</p><p> </p>]]></Texto>
    <Autores>
      <assina>AGNALDO FERNANDES</assina>
    </Autores>
  </body>
</article></xml>