﻿<xml><article id="1349135" name="PT65_18" idOficio="4659079" pubName="DO2" artType="Portaria" pubDate="01/02/2018" artClass="00017:00026:00024:00000:00000:00000:00000:00000:00000:00000:00025:00006" artSection="Instituto Nacional de Câncer José Alencar Gomes da Silva" artCategory="Instituto Nacional de Câncer José Alencar Gomes da Silva" artSize="8" artNotes="" numberPage="77" pdfPage="http://pesquisa.in.gov.br/imprensa/jsp/visualiza/index.jsp?data=01/02/2018&amp;jornal=529&amp;pagina=77" editionNumber="23">
  <body>
    <Identifica><![CDATA[PORTARIA Nº 65, DE 22 DE JANEIRO DE 2018]]></Identifica>
    <Data><![CDATA[]]></Data>
    <Ementa />
    <Titulo />
    <SubTitulo />
    <Texto><![CDATA[<p> O Diretor-Geral Substituto do Instituto Nacional de Câncer José Alencar Gomes da Silva, no uso de suas atribuições subdelegadas pela Portaria CGRH/SAA/SE/MS nº 1.041, de 30/10/2009, publicada no DOU nº 209, de 03/11/2009, resolve:</p><p>Conceder aposentadoria voluntária, com proventos integrais, a ROSANA FARINA, matrícula SIAPE nº 670185, ocupante do cargo de Analista em C &amp; T, NS, classe H, padrão III, do quadro de pessoal do Ministério da Saúde, com fundamento no Art. 3º da Emenda Constitucional nº 47/05 (Processo nº 25410.403682/2017-64).</p><p> </p>]]></Texto>
    <Autores>
      <assina>Gélcio Luiz Quintella Mendes</assina>
    </Autores>
  </body>
</article></xml>