﻿<xml><article id="1352090" name="Antonia Aparecida da Silva" idOficio="4660425" pubName="DO2" artType="Portaria" pubDate="01/02/2018" artClass="00012:00002:00012:00027:00000:00000:00000:00000:00000:00000:00025:00001" artSection="Superintendência de Administração no Paraná" artCategory="Superintendência de Administração no Paraná" artSize="8" artNotes="" numberPage="51" pdfPage="http://pesquisa.in.gov.br/imprensa/jsp/visualiza/index.jsp?data=01/02/2018&amp;jornal=529&amp;pagina=51" editionNumber="23">
  <body>
    <Identifica><![CDATA[Portaria nº 23, de 29 de janeiro de 2018]]></Identifica>
    <Data><![CDATA[]]></Data>
    <Ementa />
    <Titulo />
    <SubTitulo />
    <Texto><![CDATA[<p> O SUPERINTENDENTE DE ADMINISTRAÇÃO DO MINISTÉRIO DA FAZENDA NO ESTADO DO PARANA no uso das atribuições que lhe confere o art. 86, inciso X da Portaria nº 144, de 27 de abril de 2016 - DOU de 29 de abril de 2016, do Ministro do Estado da Fazenda, resolve:</p><p>Conceder Pensão por morte a ANTONIA APARECIDA DA SILVA (cota 1/2), companheira do aposentado URIEL DUTRA, matrícula SIAPE nº 141375, NS - 489035, Classe S, Padrão III, com fundamento no art. 40, § 7º, inciso I, da C.F/88, com a nova redação dada pelo art. 1º da Emenda Constitucional nº 41/03, art. 2º, inciso I da Lei 10.887 de 18/06/04 e arts. 215 e 217, inciso III da Lei nº 8.112/90, alterados pelo art. 3º da Lei nº 13.135/15, com vigência a partir de 26 de dezembro de 2017, data do falecimento (Processo nº 10980.100007/2018-25).</p>]]></Texto>
    <Autores>
      <assina>REALINO PAULINO DE ARAUJO FILHO</assina>
    </Autores>
  </body>
</article></xml>