﻿<xml><article id="1349233" name="Portaria nº 213 nomear FLAVIO LI" idOficio="4659698" pubName="DO2" artType="Portaria" pubDate="01/02/2018" artClass="00011:00079:00001:00001:00000:00000:00000:00000:00000:00000:00025:00015" artSection="Chefia de Gabinete" artCategory="Chefia de Gabinete" artSize="8" artNotes="" numberPage="31" pdfPage="http://pesquisa.in.gov.br/imprensa/jsp/visualiza/index.jsp?data=01/02/2018&amp;jornal=529&amp;pagina=31" editionNumber="23">
  <body>
    <Identifica><![CDATA[PORTARIA Nº 213, DE 25 DE JANEIRO DE 2018]]></Identifica>
    <Data><![CDATA[]]></Data>
    <Ementa />
    <Titulo />
    <SubTitulo />
    <Texto><![CDATA[<p> O REITOR DO INSTITUTO FEDERAL DE EDUCAÇÃO, CIÊNCIA E TECNOLOGIA DE RONDÔNIA, no uso de suas atribuições e considerando o Memorando nº 15/2018/VLH - CGAB/VLH de 24/01/2018, resolve:</p><p>Art. 1º DESIGNAR o Professor de Ensino Básico, Técnico e Tecnológico FLÁVIO DE ALMEIDA ANDRADE LICO, matrícula SIAPE nº 2421266, para exercer a função gratificada de Chefe do Departamento de Apoio ao Ensino no Campus Vilhena/IFRO, codigo FG-1.</p><p>Art. 2º Esta Portaria entrará em vigor na data de sua publicação.</p>]]></Texto>
    <Autores>
      <assina>UBERLANDO TIBURTINO LEITE</assina>
    </Autores>
  </body>
</article></xml>