﻿<xml><article id="1351694" name="PTS3A6CRICIUMA" idOficio="4660380" pubName="DO2" artType="Portaria" pubDate="01/02/2018" artClass="00022:00029:00241:00006:00020:00000:00000:00000:00000:00000:00025:00001" artSection="Seção Operacional da Gestão de Pessoas" artCategory="Seção Operacional da Gestão de Pessoas" artSize="8" artNotes="" numberPage="95" pdfPage="http://pesquisa.in.gov.br/imprensa/jsp/visualiza/index.jsp?data=01/02/2018&amp;jornal=529&amp;pagina=95" editionNumber="23">
  <body>
    <Identifica><![CDATA[PORTARIAS DE 30 DE JANEIRO DE 2018]]></Identifica>
    <Data><![CDATA[]]></Data>
    <Ementa />
    <Titulo />
    <SubTitulo />
    <Texto><![CDATA[<p> A CHEFE DA SEÇÃO OPERACIONAL DA GESTÃO DE PESSOAS DA GERÊNCIA EXECUTIVA DO INSS EM CRICIÚMA/SC, no uso das atribuições que lhe confere o artigo 235, do Regimento Interno desta autarquia, aprovado pela Portaria PT/MDS nº 414, de 28 de setembro de 2017, publicada no Diário Oficial da União nº 188-A, de 29 de setembro de 2017, resolve:</p><p>Nº 03 - Conceder aposentadoria voluntária integral a servidora LACY ZUCHINALLI MAESTRELLI matrícula SIAPE nº 929735, ocupante do cargo de Agente de Serviços Diversos, código 434552, nível "NI", classe "S", padrão "IV", do quadro de pessoal do INSS, com fundamento no art. 3º da Emenda Constitucional nº 47, de 5 de julho de 2005, observado o contido no processo nº 35344.000015/2018-07, declarando, em consequência, o referido cargo vago.</p><p>Nº 4 - Conceder aposentadoria voluntária integral a servidora SUZETE DE BRIDA matrícula SIAPE nº 930173, ocupante do cargo de Agente de Serviços Diversos, código 434552, nível "NI", classe "S", padrão "IV", do quadro de pessoal do INSS, com fundamento no art. 3º da Emenda Constitucional nº 47, de 5 de julho de 2005, observado o contido no processo nº 35344.000014/2018-54, declarando, em consequência, o referido cargo vago.</p><p>Nº 5 - Conceder aposentadoria voluntária integral ao servidor VALMIR MEDEIROS FIGUEIREDO matrícula SIAPE nº 944657, ocupante do cargo de Técnico de Serviços Diversos, código 434551, nível "NI", classe "S", padrão "IV", do quadro de pessoal do INSS, com fundamento no art. 3º da Emenda Constitucional nº 47, de 5 de julho de 2005, observado o contido no processo nº 35344.000013/2018-18, declarando, em consequência, o referido cargo vago.</p><p>Nº 6 - Conceder aposentadoria voluntária integral a servidora VERA LUCIA SCHMITZ TRAMONTIN matrícula SIAPE nº 930443, ocupante do cargo de Agente de Serviços Complementares, código 434080, nível "NI", classe "S", padrão "IV", do quadro de pessoal do INSS, com fundamento no art. 3º da Emenda Constitucional nº 47, de 5 de julho de 2005, observado o contido no processo nº 35344.000016/2018-43, declarando, em consequência, o referido cargo vago.</p>]]></Texto>
    <Autores>
      <assina>TEREZINHA DE JESUS MENDONÇA DE MORAES</assina>
    </Autores>
  </body>
</article></xml>