﻿<xml><article id="1349582" name="ALEXANDRE FERREIRA INFANTE - RET" idOficio="4660238" pubName="DO2" artType="Retificação" pubDate="01/02/2018" artClass="00037:00007:00001:00000:00000:00000:00000:00000:00000:00000:00032:00001" artSection="Presidência" artCategory="Presidência" artSize="8" artNotes="" numberPage="117" pdfPage="http://pesquisa.in.gov.br/imprensa/jsp/visualiza/index.jsp?data=01/02/2018&amp;jornal=529&amp;pagina=117" editionNumber="23">
  <body>
    <Identifica><![CDATA[RETIFICAÇÃO]]></Identifica>
    <Data><![CDATA[]]></Data>
    <Ementa />
    <Titulo />
    <SubTitulo />
    <Texto><![CDATA[<p> No dia 31/01/2018, o Ato Presi 5504482, de 29/01/2018, foi publicado no Diário Oficial da União, Seção 2, p. 68, onde se lê: "I - ALTERAR, em parte, o Ato Presi 388, de 02/05/2017 (...)" leia-se: "I - ALTERAR, em parte, a Portaria Presi 403, de 18/11/2015. </p>]]></Texto>
    <Autores />
  </body>
</article></xml>