﻿<xml><article id="1349405" name="SHEILA MARIA TANAKA" idOficio="4660174" pubName="DO2" artType="Portaria" pubDate="01/02/2018" artClass="00015:00032:00015:00003:00001:00000:00000:00000:00000:00000:00025:00003" artSection="Serviço de Cadastro" artCategory="Serviço de Cadastro" artSize="8" artNotes="" numberPage="58" pdfPage="http://pesquisa.in.gov.br/imprensa/jsp/visualiza/index.jsp?data=01/02/2018&amp;jornal=529&amp;pagina=58" editionNumber="23">
  <body>
    <Identifica><![CDATA[PORTARIA Nº 7.515, DE 29 DE JANEIRO DE 2018]]></Identifica>
    <Data><![CDATA[]]></Data>
    <Ementa />
    <Titulo />
    <SubTitulo />
    <Texto><![CDATA[<p> O DIRETOR DE GESTÃO DE PESSOAL DA POLÍCIA FEDERAL, usando das atribuições que lhe são conferidas pelos incisos XIV e XIX do art. 42 do Regimento Interno da PF, aprovado pela Portaria MJ nº 1.252, de 29/12/2017, publicada no Diário Oficial da União nº 1, de 2/1/2018, Seção I, pp. 65/70, e tendo em vista o que consta do Processo nº 08256.001824/2017-63, resolve:</p><p>Aposentar, por invalidez permanente, com proventos integrais, SHEILA MARIA TANAKA, ocupante do cargo de Escrivão de Polícia Federal, Classe Especial, Matrícula SIAPE nº 1517214, do Quadro de Pessoal da Polícia Federal, com fundamento no artigo 186, I, da Lei nº 8.112/1990 (moléstia profissional), com forma de cálculo e reajuste disciplinados nos artigos 1º e 15, da Lei nº 10.887/2004 (Emenda Constitucional nº 41/2003).</p>]]></Texto>
    <Autores>
      <assina>CLYTON EUSTÁQUIO XAVIER</assina>
    </Autores>
  </body>
</article></xml>