﻿<xml><article id="1352249" name="RETIFICAÇÃO DE ERICKA" idOficio="4660463" pubName="DO2" artType="Retificação" pubDate="01/02/2018" artClass="00007:00003:00076:00000:00000:00000:00000:00000:00000:00000:00032:00001" artSection="Superintendência Federal no Estado de São Paulo" artCategory="Superintendência Federal no Estado de São Paulo" artSize="8" artNotes="" numberPage="5" pdfPage="http://pesquisa.in.gov.br/imprensa/jsp/visualiza/index.jsp?data=01/02/2018&amp;jornal=529&amp;pagina=5" editionNumber="23">
  <body>
    <Identifica><![CDATA[RETIFICAÇÃO]]></Identifica>
    <Data><![CDATA[]]></Data>
    <Ementa />
    <Titulo />
    <SubTitulo />
    <Texto><![CDATA[<p>Na Portaria nº 28, publicada no DOU de 31 de janeiro do corrente, pagina 04, Seção 2, onde se Lê: Conceder aposentadoria por invalidez, com proventos integrais a servidora ERICKA EUTROPIO GROTZ MENKE, leia-se Aposentadoria voluntária, com proventos integrais.</p><p>Na Portaria nº 32, publicada no DOU de 31 de janeiro do corrente, pagina 04, Seção 2, onde se Lê: VITORINE PETINE, leia-se VITORINO PETINE.</p>]]></Texto>
    <Autores />
  </body>
</article></xml>