﻿<xml><article id="1349309" name="CESAR AUGUSTO BEARSI - atuar no " idOficio="4660136" pubName="DO2" artType="Ato" pubDate="01/02/2018" artClass="00037:00007:00001:00000:00000:00000:00000:00000:00000:00000:00001:00001" artSection="Presidência" artCategory="Presidência" artSize="8" artNotes="" numberPage="116" pdfPage="http://pesquisa.in.gov.br/imprensa/jsp/visualiza/index.jsp?data=01/02/2018&amp;jornal=529&amp;pagina=116" editionNumber="23">
  <body>
    <Identifica><![CDATA[ATO 5.513.542, DE 30 DE JANEIRO DE 2018]]></Identifica>
    <Data><![CDATA[]]></Data>
    <Ementa />
    <Titulo />
    <SubTitulo />
    <Texto><![CDATA[<p> O PRESIDENTE DO TRIBUNAL REGIONAL FEDERAL DA PRIMEIRA REGIÃO, no uso das suas atribuições legais, e considerando o decidido no PAe 0000041-98.2018.4.01.8009, resolve:</p><p>I - TORNAR SEM EFEITO a designação do Federal FÁBIO HENRIQUE RODRIGUES DE MORAES FIORENZA de que trata o Ato Presi 5502369, de 29/01/2018; e</p><p>II - DESIGNAR o Juiz Federal CESAR AUGUSTO BEARSI para, sem prejuízo na 3ª Vara Federal da Seção Judiciária de Mato Grosso, atuar no Tribunal Regional Eleitoral daquele Estado nos dias 1º e 02/02/2018, por motivo de afastamento dos membros efetivo e suplente.</p>]]></Texto>
    <Autores>
      <assina>Des. Federal HILTON QUEIROZ</assina>
    </Autores>
  </body>
</article></xml>