﻿<xml><article id="1350067" name="(Port. nº 195-SEI-SE ) LÚCIA REG" idOficio="4660292" pubName="DO2" artType="Portaria" pubDate="01/02/2018" artClass="00013:00002:00000:00000:00000:00000:00000:00000:00000:00000:00025:00002" artSection="Ministério da Indústria, Comércio Exterior e Serviços" artCategory="Secretaria Executiva" artSize="8" artNotes="" numberPage="56" pdfPage="http://pesquisa.in.gov.br/imprensa/jsp/visualiza/index.jsp?data=01/02/2018&amp;jornal=529&amp;pagina=56" editionNumber="23">
  <body>
    <Identifica><![CDATA[PORTARIA Nº 195-SEI, DE 29 DE JANEIRO DE 2018]]></Identifica>
    <Data><![CDATA[]]></Data>
    <Ementa />
    <Titulo />
    <SubTitulo />
    <Texto><![CDATA[<p> A SECRETÁRIA-EXECUTIVA SUBSTITUTA DO MINISTÉRIO DA INDÚSTRIA, COMÉRCIO EXTERIOR E SERVIÇOS, no uso da competência que lhe foi subdelegada pela Portaria GM/MDIC nº  305, de 1º de novembro de 2016, e tendo em vista o disposto no Decreto nº 9.260, de 29 de dezembro de 2017, e na Lei nº 8.112, de 11 de dezembro de 1990, resolve:</p><p>Designar LÚCIA REGINA DARÓS para, no período de 29 de janeiro a 08 de fevereiro de 2018, exercer o encargo de substituta da função comissionada de Coordenador-Geral de Negociações Extrarregionais, código FCPE 101.4, do Departamento de Negociações Internacionais da Secretaria de Comércio Exterior deste Ministério, em virtude do afastamento do titular e do substituto eventual.</p>]]></Texto>
    <Autores>
      <assina>YANA DUMARESQ SOBRAL ALVES</assina>
    </Autores>
  </body>
</article></xml>