﻿<xml><article id="1349288" name="Vc CG Roma" idOficio="4660120" pubName="DO2" artType="Portaria" pubDate="01/02/2018" artClass="00020:00064:00000:00000:00000:00000:00000:00000:00000:00000:00025:00003" artSection="Ministério das Relações Exteriores" artCategory="Consulado-Geral do Brasil em Roma" artSize="8" artNotes="" numberPage="81" pdfPage="http://pesquisa.in.gov.br/imprensa/jsp/visualiza/index.jsp?data=01/02/2018&amp;jornal=529&amp;pagina=81" editionNumber="23">
  <body>
    <Identifica><![CDATA[PORTARIA DE 25 DE JANEIRO DE 2018]]></Identifica>
    <Data><![CDATA[]]></Data>
    <Ementa />
    <Titulo />
    <SubTitulo />
    <Texto><![CDATA[<p> O CÔNSUL-GERAL DO BRASIL EM ROMA, no uso de suas atribuições e nos termos da Portaria nº 457, de 02 de agosto de 2010, resolve:</p><p>Nomear, até o término de sua missão no Posto, a oficial de chancelaria MARIA CRISTINA REIS GUELFI, classe B, padrão V, Siape nº 1359230, do Ministério das Relações Exteriores, para exercer a função de Vice-Cônsul nesta Repartição Consular, a partir da data de publicação desta Portaria.</p>]]></Texto>
    <Autores>
      <assina>AFONSO ÁLVARO DE SIQUEIRA CARBONAR</assina>
    </Autores>
  </body>
</article></xml>