﻿<xml><article id="1349224" name="ATO 27.2018 cessão rogeria" idOficio="4659570" pubName="DO2" artType="Ato" pubDate="01/02/2018" artClass="00037:00045:00001:00000:00000:00000:00000:00000:00000:00000:00001:00001" artSection="Presidência" artCategory="Presidência" artSize="8" artNotes="" numberPage="122" pdfPage="http://pesquisa.in.gov.br/imprensa/jsp/visualiza/index.jsp?data=01/02/2018&amp;jornal=529&amp;pagina=122" editionNumber="23">
  <body>
    <Identifica><![CDATA[ATO nº 27, de 30 de janeiro de 2018]]></Identifica>
    <Data><![CDATA[]]></Data>
    <Ementa />
    <Titulo />
    <SubTitulo />
    <Texto><![CDATA[<p> O DESEMBARGADOR PRESIDENTE DO TRIBUNAL REGIONAL DO TRABALHO DA SEXTA REGIÃO, usando de suas atribuições legais e regimentais, e tendo em vista o decidido no Proad n.º 15681/2017,  resolve:</p><p>I - COLOCAR a servidora ROGÉRIA MAGALHÃES DA MOTA SILVEIRA, ocupante do cargo de Técnico Judiciário, Área Administrativa, à disposição do Tribunal Regional Federal da 5ª Região em reciprocidade com a servidora daquela Corte, ANA LUIZA TAVARES SOARES DA SILVA, ocupante do cargo de Analista Judiciário, pelo prazo de um ano, a partir do dia 1º.02.2018, para o exercício de função comissionada de Supervisora, Código FC-5, da Seção de Processamento de Causas Cíveis do Gabinete do Desembargador Federal Leonardo Henrique de Cavalcante Carvalho, com amparo no que dispõe o inciso I do art. 93 da Lei nº. 8.112/90, c/c com o art. 1º, inciso II, alínea c da Resolução Administrativa TRT N.º 11/2016; II - O ônus da presente cessão, será deste Tribunal no tocante ao cargo efetivo e vantagens pessoais, ficando sob a responsabilidade do órgão cessionário o pagamento da função comissionada que será exercida pela mencionada servidora, nos moldes da legislação vigente. Publique-se no Diário Oficial da União.</p><p> </p><p> </p>]]></Texto>
    <Autores>
      <assina>IVAN DE SOUZA VALENÇA ALVES</assina>
    </Autores>
  </body>
</article></xml>