﻿<xml><article id="1349266" name="REST FILHA M SOLTEIRA" idOficio="4660034" pubName="DO2" artType="Portaria" pubDate="01/02/2018" artClass="00017:00021:00030:00000:00000:00000:00000:00000:00000:00000:00025:00009" artSection="Superintendência Estadual do Pará" artCategory="Superintendência Estadual do Pará" artSize="8" artNotes="" numberPage="73" pdfPage="http://pesquisa.in.gov.br/imprensa/jsp/visualiza/index.jsp?data=01/02/2018&amp;jornal=529&amp;pagina=73" editionNumber="23">
  <body>
    <Identifica><![CDATA[PORTARIA Nº 337, DE 29 DE JANEIRO DE 2018]]></Identifica>
    <Data><![CDATA[]]></Data>
    <Ementa />
    <Titulo />
    <SubTitulo />
    <Texto><![CDATA[<p>A SUPERINTENDENTE ESTADUAL SUBSTITUTA DA FUNDAÇAO NACIONAL DE SAUDE no ESTADO DO PARA, nomeada pela Portaria nº 1.032, de 21 de setembro de 2007, publicada no DOU nº 183, Seção 2, de 21 de setembro de 2007, no uso das atribuições que lhe confere o art. 13 do Estatuto aprovado pelo Decreto nº 8.867, de 03 de outubro de 2016, publicado no DOU nº 191, de 04 de outubro de 2016 e tendo em vista o que consta no Processo nº25200.000.958/2017-21, resolve: </p><p> Art. 1º - Anular o nome da pensionista abaixo relacionada, constante na Portaria nº 394, de 21 de novembro de 2017, publicada no DOU nº 229, de 30/11/2017, Seção 2, pagina 20, com fundamento no artigo 5º, da Lei nº 3.373/1958, motivado por MANDADO DE SEGURANÇA nº 120, referente ao Processo nº 1000186-48.2018.4.01.3900/TRF1, o restabelecimento do pagamento do benefício de pensão por morte. </p><p> </p><table><tr /><tr><td><p>SIAPE</p></td><td><p>BENEFICIÁRIA</p></td><td><p>INSTITUIDOR</p></td></tr><tr><td><p>00728039</p></td><td><p>Aiocledes Josina Quadros</p></td><td><p>Antônio de Souza Quadros</p></td></tr></table><p> Art. 2º Esta portaria entra em vigor na data de sua publicação, com efeitos financeiros a partir de 01 janeiro de 2018. </p>]]></Texto>
    <Autores>
      <assina>Maria de Nazaré Alves dos Santos</assina>
    </Autores>
  </body>
</article></xml>