﻿<xml><article id="1349339" name="PORTARIA SEAD 53 de 30012018" idOficio="4660144" pubName="DO2" artType="Portaria" pubDate="01/02/2018" artClass="00006:00004:00033:00063:00000:00000:00000:00000:00000:00000:00025:00001" artSection="Gabinete do Secretário Especial de Agricultura Familiar e do Desenvolvimento Agrário" artCategory="Gabinete do Secretário Especial de Agricultura Familiar e do Desenvolvimento Agrário" artSize="8" artNotes="" numberPage="2" pdfPage="http://pesquisa.in.gov.br/imprensa/jsp/visualiza/index.jsp?data=01/02/2018&amp;jornal=529&amp;pagina=2" editionNumber="23">
  <body>
    <Identifica><![CDATA[PORTARIA Nº 53, DE 30 DE JANEIRO DE 2018]]></Identifica>
    <Data><![CDATA[]]></Data>
    <Ementa />
    <Titulo />
    <SubTitulo />
    <Texto><![CDATA[<p><strong>O SECRETÁRIO ESPECIAL DE AGRICULTURA FAMILIAR E DO DESENVOLVIMENTO AGRÁRIO</strong>, no uso das atribuições conferidas pelo Decreto nº 8.889, de 26 de outubro de 2016, e tendo em vista o disposto na Lei nº 12.527, de 18 de novembro de 2011, resolve:</p><p>Art. 1° Designar STÊNIO GRANGEIRO LOUREIRO, Chefe da Assessoria Especial de Controle Interno, para exercer as atribuições estabelecidas no Art. 40 da Lei nº 12.527, de 18 de novembro de 2011, no âmbito da Secretaria Especial de Agricultura Familiar e do Desenvolvimento Agrário.</p><p>Art. 2° Fica revogada a Portaria SEAD nº 374, de 14 de junho de 2017, publicada no Diário Oficial da União de 16 de junho de 2017.</p><p>Art. 3º Esta Portaria entra em vigor na data da sua publicação.</p>]]></Texto>
    <Autores>
      <assina>JEFFERSON CORITEAC</assina>
    </Autores>
  </body>
</article></xml>