﻿<xml><article id="1349665" name="PTS2E3CANOAS" idOficio="4660256" pubName="DO2" artType="Portaria" pubDate="01/02/2018" artClass="00022:00029:00241:00008:00003:00000:00000:00000:00000:00000:00025:00008" artSection="Seção Operacional da Gestão de Pessoas" artCategory="Seção Operacional da Gestão de Pessoas" artSize="8" artNotes="" numberPage="96" pdfPage="http://pesquisa.in.gov.br/imprensa/jsp/visualiza/index.jsp?data=01/02/2018&amp;jornal=529&amp;pagina=96" editionNumber="23">
  <body>
    <Identifica><![CDATA[PORTARIAS DE 29 DE JANEIRO DE 2018]]></Identifica>
    <Data><![CDATA[]]></Data>
    <Ementa />
    <Titulo />
    <SubTitulo />
    <Texto><![CDATA[<p> A CHEFE DA SEÇÃO OPERACIONAL DA GESTÃO DE PESSOAS DA GERÊNCIA EXECUTIVA DO INSS EM CANOAS NO RIO GRANDE DO SUL,  no uso das atribuições estabelecidas pelo artigo 235 do Regimento Interno do INSS, aprovado pela PT/MDS n º 414, de 28/09/2017, publicado no DOU nº 188-A, de 29/09/2017:</p><p>Nº 2 - Conceder aposentadoria voluntária à servidora MARTA CECILIA CORREA, matrícula SIAPE 0925350, ocupante do cargo de Agente de Serviços Diversos, classe S,  padrão IV, do quadro de pessoal do Instituto Nacional do Seguro Social, com fundamento no Art. 3.º da  Emenda Constitucional N. º 47/2005, com proventos integrais, acrescido das demais vantagens a que faz jus e gratificação de desempenho calculada na forma da lei.  Declarar vago o referido cargo.  Processo 35728.000021/2017-61.</p><p>Nº 3- Declarar vago, a contar de 15/01/2018, o cargo de Contador,  classe S, padrão IV, ocupado pela servidora CLARICE SUZANA MEIRA, matricula SIAPE 0927404, do quadro permanente deste Instituto, em virtude de seu falecimento, de acordo com o art. 33, inciso IX da Lei 8.112/90. </p>]]></Texto>
    <Autores>
      <assina>JOANA NELCI BOCH DA FONSECA</assina>
    </Autores>
  </body>
</article></xml>