﻿<xml><article id="1349165" name="PORTARIAAPOSENTADORIABENARIOF.DA" idOficio="4659376" pubName="DO2" artType="Portaria" pubDate="01/02/2018" artClass="00007:00003:00072:00000:00000:00000:00000:00000:00000:00000:00025:00001" artSection="Superintendência Federal no Estado do Rio de Janeiro" artCategory="Superintendência Federal no Estado do Rio de Janeiro" artSize="8" artNotes="" numberPage="5" pdfPage="http://pesquisa.in.gov.br/imprensa/jsp/visualiza/index.jsp?data=01/02/2018&amp;jornal=529&amp;pagina=5" editionNumber="23">
  <body>
    <Identifica><![CDATA[PORTARIAs DE 29 DE JANEIRO DE 2018]]></Identifica>
    <Data><![CDATA[]]></Data>
    <Ementa />
    <Titulo />
    <SubTitulo />
    <Texto><![CDATA[<p> SUPERINTENDENTE FEDERAL DE AGRICULTURA NO ESTADO DO RIO DE JANEIRO, no uso da competência que lhe confere o inciso XVIII, artigo 44 do Regimento Interno, das SFAS, aprovado pela Portaria Ministerial nº 428, de 09 de junho de 2010, publicada no DOU de 14 de junho de 2010, resolve:</p><p>Nº  23 - Art. 1º - CONCEDER, aposentadoria voluntária a servidora ELIANA GORAYEB, matrícula SIAPE Nº 18295, ocupante do cargo de Agente de Inspeção Sanitária e Industrial de Produtos de Origem Animal, Código 104001, Nível Intermediário, Classe S, padrão IV, do Quadro de Pessoal deste Ministério da Agricultura, Pecuária e Abastecimento, com proventos integrais, com fundamento do art. 3º da Emenda Constitucional nº 47, de 06/07/2005. Processo (Sei) nº 21044.007832/2017-77</p><p> Artigo 2º - Esta Portaria entra em vigor na data de sua publicação</p><p>Nº  24 - Art. 1º - CONCEDER, aposentadoria voluntária ao servidor BENARIO FERNANDES DA SILVA, Matrícula SIAPE nº 27600, ocupante do cargo de Economista, Código 476002, Nível Superior, Classe S, padrão III, do Quadro de Pessoal deste Ministério da Agricultura, Pecuária e Abastecimento, com proventos integrais, com fundamento do art. 3º da Emenda Constitucional nº 47, de 06/07/2005. (Processo (SEI) nº 21044.000083/2018-38</p><p> Artigo 2º - Esta Portaria entra em vigor na data de sua publicação</p><p>Nº  25 Art. 1º - ALTERAR a proporcionalidade da aposentadoria por invalidez do ex-servidor CARLOS RAMYRO BORGES DO NASCIMENTO, concedida através da Portaria 402, de 29 de setembro de 2016, publicada no Diário Oficial da União de 03/10/2016, página 4, Seção 2, de 19/35 para 20/35.</p><p> Art. 2º - Esta Portaria entra em vigor na data de sua publicação.</p>]]></Texto>
    <Autores>
      <assina>JOSE ESSIOMAR GOMES DA SILVA</assina>
    </Autores>
  </body>
</article></xml>