﻿<xml><article id="1349230" name="Portaria Remoção Permuta Márcio " idOficio="4659654" pubName="DO2" artType="Portaria" pubDate="01/02/2018" artClass="00037:00017:00000:00000:00000:00000:00000:00000:00000:00000:00025:00001" artSection="Poder Judiciário" artCategory="Tribunal Regional Eleitoral do Ceará" artSize="8" artNotes="" numberPage="37-118" pdfPage="http://pesquisa.in.gov.br/imprensa/jsp/visualiza/index.jsp?data=01/02/2018&amp;jornal=529&amp;pagina=37,http://pesquisa.in.gov.br/imprensa/jsp/visualiza/index.jsp?data=01/02/2018&amp;jornal=529&amp;pagina=118" editionNumber="23">
  <body>
    <Identifica><![CDATA[PORTARIA Nº 108, de 26 de janeiro de 2018]]></Identifica>
    <Data><![CDATA[]]></Data>
    <Ementa />
    <Titulo />
    <SubTitulo />
    <Texto><![CDATA[<p> A PRESIDENTE DO TRIBUNAL REGIONAL ELEITORAL DO CEARÁ, no uso das atribuições que lhe confere o inciso VIII do artigo 17 do Regimento Interno deste Tribunal,</p><p>CONSIDERANDO o estabelecido na Seção III da Resolução TSE n.º 23.092, de 14 de agosto de 2009,</p><p>CONSIDERANDO, ainda, a decisão proferida no Processo Administrativo Digital n.º 22.495/2017, resolve:</p><p>Art. 1º REMOVER, a pedido, o servidor MÁRCIO ALEXANDRE ARAÚJO FERREIRA, Técnico Judiciário, Área Administrativa, do Quadro Permanente do Tribunal Regional Eleitoral de Pernambuco, removido para este Regional e lotado na Assessoria da Vice-Presidência - ASVIC, mediante permuta com o servidor JOSÉ ROBSON GURGEL LIMA, Técnico Judiciário, Área Administrativa, do Quadro Permanente do Tribunal Regional Eleitoral de Pernambuco, lotado no Cartório da 86ª Zona Eleitoral - Agrestina/PE, passando o primeiro a ser lotado no Cartório da 86ª Zona Eleitoral - Agrestina/PE e, o segundo, na Seção de Contabilidade - SCONT.</p><p>Art. 2º CONCEDER ao servidor removido o prazo de 30 (trinta) dias, contados da publicação da presente Portaria, para a retomada do efetivo desempenho das atribuições de seu cargo na nova sede.</p>]]></Texto>
    <Autores>
      <assina>Desa. MARIA NAILDE PINHEIRO NOGUEIRA</assina>
    </Autores>
  </body>
</article></xml>