﻿<xml><article id="1388261" name="Dispensa Raildo Designa Paulo Th" idOficio="4658765" pubName="DO2" artType="Portaria" pubDate="05/02/2018" artClass="00037:00058:00001:00000:00000:00000:00000:00000:00000:00000:00025:00001" artSection="Presidência" artCategory="Presidência" artSize="8" artNotes="" numberPage="71" pdfPage="http://pesquisa.in.gov.br/imprensa/jsp/visualiza/index.jsp?data=05/02/2018&amp;jornal=529&amp;pagina=71" editionNumber="25" highlight="">
  <body>
    <Identifica><![CDATA[PORTARIA Nº 17, DE 22 DE JANEIRO DE 2017]]></Identifica>
    <Data><![CDATA[]]></Data>
    <Ementa />
    <Titulo />
    <SubTitulo />
    <Texto><![CDATA[<p> O DESEMBARGADOR PRESIDENTE DO TRIBUNAL REGIONAL DO TRABALHO DA DÉCIMA NONA REGIÃO, usando de suas atribuições legais e regimentais estabelecidas no inciso VII do artigo 24 do Regimento Interno, e tendo em vista o contido no PROAD nº 690, de 22.01.2018, resolve</p><p>Art. 1º. Dispensar o servidor Raildo Bandeira Farias Filho, Técnico Judiciário do Quadro de Cargos Permanentes do Tribunal Regional do Trabalho da 6ª Região, removido para este Tribunal, da função comissionada de Assistente de Diretor, de nível FC-5, da Vara do Trabalho de Santana do Ipanema/AL.</p><p>Art. 2º. Desinar o servidor Paulo Theones Costa Temoteo, Analista Judiciário do Quadro de Cargos Permanentes do Tribunal Regional do Trabalho da 6ª Região, removido para este Tribunal, para exercer a função comissionada de Assistente de Diretor, de nível FC-5, da Vara do Trabalho acima mencioanada.</p><p>Art. 3º. Os efeitos da presente Portaria vigoram a partir da publicação.</p><p> </p>]]></Texto>
    <Autores>
      <assina>PEDRO INÁCIO DA SILVA</assina>
    </Autores>
  </body>
</article></xml>