﻿<xml><article id="1352207" name="portaria pregoeiro 2018.2019" idOficio="4660460" pubName="DO2" artType="Portaria" pubDate="01/02/2018" artClass="00017:00021:00040:00000:00000:00000:00000:00000:00000:00000:00025:00001" artSection="Superintendência Estadual em Santa Catarina" artCategory="Superintendência Estadual em Santa Catarina" artSize="8" artNotes="" numberPage="74" pdfPage="http://pesquisa.in.gov.br/imprensa/jsp/visualiza/index.jsp?data=01/02/2018&amp;jornal=529&amp;pagina=74" editionNumber="23">
  <body>
    <Identifica><![CDATA[PORTARIA Nº 315, DE 26 DE JANEIRO DE 2018]]></Identifica>
    <Data><![CDATA[]]></Data>
    <Ementa />
    <Titulo />
    <SubTitulo />
    <Texto><![CDATA[<p>       O SUPERINTENDENTE ESTADUAL SUBSTITUTO DA FUNDAÇÃO NACIONAL DE SAÚDE, no uso das atribuições que lhe foram conferidas pelo Art. 16 do Estatuto da Funasa, aprovado pelo Decreto n.º 8.867, de 03 de outubro de 2016, resolve: </p><p>Art. 1º  Designar os servidores abaixo relacionados para constituírem a Comissão Permanente de Licitação, considerando o disposto na Lei n.º 8.666/1993, na Lei n.º 10.520/2012, no Decreto n.º 3.555/2000 e no Decreto n.º 5.450/2005:</p><p>PREGOEIRO: </p><p>Haroldo Vicente de Paula - Siape n.º 0474552;</p><p>EQUIPE DE APOIO: </p><p>Vera Lúcia Pereira - Siape n.º 7480383;</p><p>Nilo Lemos Loredo - Siape n.º 0476189.</p><p>Art. 2º  Esta Portaria entra em vigor na data de sua publicação, vigorando pelo período de 1 (um) ano.</p>]]></Texto>
    <Autores>
      <assina>ORIVALDO OLIVEIRAFILHO</assina>
    </Autores>
  </body>
</article></xml>