﻿<xml><article id="1350601" name="PTS6A11JUIZDEFORA" idOficio="4660319" pubName="DO2" artType="Portaria" pubDate="01/02/2018" artClass="00022:00029:00240:00015:00021:00000:00000:00000:00000:00000:00025:00002" artSection="Seção Operacional da Gestão de Pessoas" artCategory="Seção Operacional da Gestão de Pessoas" artSize="8" artNotes="" numberPage="93" pdfPage="http://pesquisa.in.gov.br/imprensa/jsp/visualiza/index.jsp?data=01/02/2018&amp;jornal=529&amp;pagina=93" editionNumber="23">
  <body>
    <Identifica><![CDATA[PORTARIAS DE 29 DE JANEIRO DE 2018]]></Identifica>
    <Data><![CDATA[]]></Data>
    <Ementa />
    <Titulo />
    <SubTitulo />
    <Texto><![CDATA[<p> O CHEFE DA SEÇÃO OPERACIONAL DA GESTÃO DE PESSOAS DA GERÊNCIA EXECUTIVA DO INSS EM JUIZ DE FORA/MG, no uso das atribuições que lhe foram conferidas pelo art. 235, do Regimento Interno do INSS, aprovado pela PT/MPS Nº 414, de 28/09/2017, publicada no DOU nº 188-A de 29/09/2017, resolve:</p><p>Nº 6. Conceder Aposentadoria Voluntária a servidora ANA MARIA MUNIZ DE MORAES, matrícula SIAPE - 0892612, ocupante do cargo de Técnico do Seguro Social, classe S, padrão IV, do quadro de pessoal do Instituto Nacional do Seguro Social, com fundamento no artigo 3º da EC nº 47/05., declarando, em consequência, o cargo vago. Conforme o processo 35131.000607/2017-35.</p><p>Nº 7. Conceder Aposentadoria Voluntária ao servidor DEMÉTRIO JOSÉ CUNHA DE AZEVEDO, matrícula SIAPE - 0893038, ocupante do cargo de Técnico do Seguro Social, classe S, padrão IV, do quadro de pessoal do Instituto Nacional do Seguro Social, com fundamento no artigo 3º da EC nº 47/05, declarando, em consequência, o cargo vago. Conforme o processo 37012.003185/2017-31.</p><p>Nº 8. Conceder Aposentadoria Voluntária a servidora GHISLAYNE MARIA PEREIRA FERNANDES, matrícula SIAPE - 0894473, ocupante do cargo de Técnico do Seguro Social, classe S, padrão IV, do quadro de pessoal do Instituto Nacional do Seguro Social, com fundamento no artigo 3º da EC nº 47/05, e, em consequência, declarar vago o cargo. Conforme o processo 35131.000196/2017-88.</p><p>Nº 9. Conceder Aposentadoria Voluntária a servidora MARIA DA GLÓRIA PEREIRA MESQUITA,, matrícula SIAPE - 1501493, ocupante do cargo de Perito Médico Previdenciário, Classe D, padrão III, do quadro de pessoal do Instituto Nacional do Seguro Social, com fundamento no artigo 40 §1º Inc. III "a", com redação dada pela EC 41/2003, com proventos calculados com base no art. 1º da Lei nº 10887/04  e, em consequência, declarar vago o cargo. Conforme o processo 35131.000778/2017-64.</p><p>Nº 10. Conceder Aposentadoria Voluntária a servidora ROSANE DADAZIO VIZEU, matrícula SIAPE - 0919521, ocupante do cargo de Técnico do Seguro Social, classe S, padrão IV, do quadro de pessoal do Instituto Nacional do Seguro Social, com fundamento no artigo 3º da EC nº 47/05, e, em consequência, declarar vago o cargo. Conforme o processo 37005.015132/2017-52.</p><p>Nº 11. Conceder Aposentadoria Voluntária ao servidor MAURICIO GARCIA, matrícula SIAPE - 0878652, ocupante do cargo de Agente de Serviços Complementares, Classe S, padrão IV, do quadro de pessoal do Instituto Nacional do Seguro Social, com fundamento no artigo 3º da EC nº 47/2005, declarando, em consequência, o cargo vago. Conforme o processo 35131.000554/2017-52.</p>]]></Texto>
    <Autores>
      <assina>BRUNO PORTES DE CASTRO</assina>
    </Autores>
  </body>
</article></xml>