﻿<xml><article id="1349215" name="PT Aposentadoria Sergio e Outros" idOficio="4659521" pubName="DO2" artType="Portaria" pubDate="01/02/2018" artClass="00017:00002:00018:00004:00174:00000:00000:00000:00000:00000:00025:00001" artSection="Seção de Gestão de Pessoas" artCategory="Seção de Gestão de Pessoas" artSize="8" artNotes="" numberPage="58-65" pdfPage="http://pesquisa.in.gov.br/imprensa/jsp/visualiza/index.jsp?data=01/02/2018&amp;jornal=529&amp;pagina=58,http://pesquisa.in.gov.br/imprensa/jsp/visualiza/index.jsp?data=01/02/2018&amp;jornal=529&amp;pagina=65" editionNumber="23">
  <body>
    <Identifica><![CDATA[PORTARIAS DE DE 31 DE JANEIRO DE 2018]]></Identifica>
    <Data><![CDATA[]]></Data>
    <Ementa />
    <Titulo />
    <SubTitulo />
    <Texto><![CDATA[<p> O CHEFE DO SERVIÇO DE GESTÃO ADMINISTRATIVA DO NÚCLEO ESTADUAL DO MINISTÉRIO DA SAÚDE NO ESTADO DO ESPÍRITO SANTO, no uso de sua competência subdelegada pela Portaria n.º 1.804/SAA/SE/MS de 01.10.2013, publicada no DOU n. 192, de 03.10.2013, RESOLVE:</p><p>     Nº 10 - Conceder Aposentadoria Voluntária Integral ao servidor SERGIO ZAIO, matrícula SIAPE 602461, ocupante do cargo de Auxiliar de Enfermagem, Classe "S", Padrão  "III", pertencente ao Quadro de Pessoal do Ministério da Saúde - ES, com fundamento no Artigo 3º da Emenda Constitucional nº 47/2005, com vencimento básico integral da referida classe e padrão, acrescido das demais vantagens legais a que fizer jus, e opção por incorporação de gratificação de desempenho à luz do artigo 88 da Lei Federal 13.324/2016.  Declarar vago o Cargo.</p><p>(Processo nº SEI 25002.400771/2017-61)</p><p>Nº 11 - Conceder Aposentadoria Voluntária Integral à servidora, matrícula SIAPE 545628, Agente Administrativo, Classe "S", Padrão "III", pertencente ao Quadro de Pessoal do Ministério da Saúde - ES, com fundamento no Artigo 3º da Emenda Constitucional nº 47/2005, com vencimento básico integral da referida classe e padrão, acrescido das demais vantagens legais a que fizer jus, e opção por incorporação de Gratificação de Desempenho à luz do artigo 88 da Lei Federal 13.324/2016.  Declarar vago o Cargo.</p><p>(Processo nº SEI 25002.401259/2017-31)</p><p>Nº 12 - Conceder Aposentadoria Voluntária Integral ao servidor DJALMA MATOS DO NASCIMENTO, matrícula SIAPE 0544372, Agente Administrativo, Classe "S", Padrão  "III", pertencente ao Quadro de Pessoal do Ministério da Saúde - ES, com fundamento no Artigo 3º da Emenda Constitucional nº 47/2005, com vencimento básico integral da referida classe e padrão, acrescido das demais vantagens legais a que fizer jus, e opção por incorporação de Gratificação de Desempenho à luz do artigo 88 da Lei Federal 13.324/2016.  Declarar vago o Cargo.</p><p>(Processo nº SEI 25002.401070/2017-49)</p><p>Nº 13 - Conceder Aposentadoria Voluntária Integral ao servidor CARLOS RUBENS RODRIGUES, matrícula SIAPE 1091043, Guarda de Endemias, Classe "S", Padrão  "III", pertencente ao Quadro de Pessoal do Ministério da Saúde - ES, com fundamento no Artigo 3º da Emenda Constitucional nº 47/2005, com vencimento básico integral da referida classe e padrão, acrescido das demais vantagens legais a que fizer jus, e opção por incorporação de Gratificação de Desempenho e da GACEN à luz dos artigos 88 e 93 da Lei Federal 13.324/2016.  Declarar vago o Cargo.</p><p>(Processo nº SEI 25002.400776/2017-93)</p><p>Nº 14 - Conceder Aposentadoria Voluntária Integral ao servidor FRANCISCO NEUBER LUPPI, matrícula SIAPE 544686, Agente Administrativo, Classe "S", Padrão  "III", pertencente ao Quadro de Pessoal do Ministério da Saúde - ES, com fundamento no Artigo 3º da Emenda Constitucional nº 47/2005, com vencimento básico integral da referida classe e padrão, acrescido das demais vantagens legais a que fizer jus, e opção por incorporação de gratificação de desempenho à luz do artigo 88 da Lei Federal 13.324/2016.  Declarar vago o Cargo.</p><p>(Processo nº SEI 25002.401524/2017-81)</p><p>Nº 15 - Conceder Aposentadoria Voluntária Integral à servidora RACHEL PEREIRA GOMES FERREIRA, matrícula SIAPE 493686, Agente de Saúde Pública, Classe "S", Padrão  "III", pertencente ao Quadro de Pessoal do Ministério da Saúde - ES, com fundamento no Artigo 3º da Emenda Constitucional nº 47/2005, com vencimento básico integral da referida classe e padrão, acrescido das demais vantagens legais a que fizer jus, e opção por incorporação de Gratificação de Desempenho e da GACEN à luz dos artigos 88 e 93 da Lei Federal 13.324/2016.  Declarar vago o Cargo.</p><p>(Processo nº SEI 25002.401032/2017-96)</p><p>Nº 16 - Conceder Aposentadoria Voluntária Integral à servidora SELMA KOHLER CALDAS CUNHA, matrícula SIAPE 545514, Auxiliar de Enfermagem, Classe "S", Padrão  "III", pertencente ao Quadro de Pessoal do Ministério da Saúde - ES, com fundamento no Artigo 3º da Emenda Constitucional nº 47/2005, com vencimento básico integral da referida classe e padrão, acrescido das demais vantagens legais a que fizer jus, e opção por incorporação de Gratificação de Desempenho à luz do artigo 88 da Lei Federal 13.324/2016.  Declarar vago o Cargo.</p><p>(Processo nº SEI 25002.401269/2017-77)</p><p>Nº 17 - Conceder Aposentadoria Voluntária Integral à servidora VERA MARIA SOARES FERNANDES, matrícula SIAPE 544190, Agente Administrativo, Classe "S", Padrão  "III", pertencente ao Quadro de Pessoal do Ministério da Saúde - ES, com fundamento no Artigo 3º da Emenda Constitucional nº 47/2005, com vencimento básico integral da referida classe e padrão, acrescido das demais vantagens legais a que fizer jus, e opção por incorporação de Gratificação de Desempenho à luz do artigo 88 da Lei Federal 13.324/2016.  Declarar vago o Cargo.</p><p>(Processo nº SEI 25002.401263/2017-08)</p><p>Nº 18 - Conceder Aposentadoria Voluntária Integral à servidora VIRGINIA DE ASSIS GUALBERTO, matrícula SIAPE 545325, Auxiliar Operacional de Serviços Diversos, Classe "S", Padrão  "III", pertencente ao Quadro de Pessoal do Ministério da Saúde - ES, com fundamento no Artigo 3º da Emenda Constitucional nº 47/2005, com vencimento básico integral da referida classe e padrão, acrescido das demais vantagens legais a que fizer jus, e opção por incorporação de gratificação de desempenho à luz do artigo 88 da Lei Federal 13.324/2016. Declarar vago o Cargo. </p><p>(Processo nº SEI 25002.401287/2017-59)</p><p>Nº 19 - Conceder Aposentadoria Voluntária Integral à servidora VIRGINIA NERY CASTRO, matrícula SIAPE 545654, Auxiliar de Enfermagem, Classe "S", Padrão  "III", pertencente ao Quadro de Pessoal do Ministério da Saúde - ES, com fundamento no Artigo 3º da Emenda Constitucional nº 47/2005, com vencimento básico integral da referida classe e padrão, acrescido das demais vantagens legais a que fizer jus, e opção por incorporação de gratificação de desempenho à luz do artigo 88 da Lei Federal 13.324/2016.  Declarar vago o Cargo.</p><p>(Processo nº SEI 25002.401033/2017-31)</p><p>Nº 20 - Conceder Aposentadoria Voluntária Integral à servidora SONIA MARIA SANTANA SANTOS, matrícula SIAPE 544926, Agente Administrativo, Classe "S", Padrão  "III", pertencente ao Quadro de Pessoal do Ministério da Saúde - ES, com fundamento no Artigo 3º da Emenda Constitucional nº 47/2005, com vencimento básico integral da referida classe e padrão, acrescido das demais vantagens legais a que fizer jus, e opção por incorporação de gratificação de desempenho à luz do artigo 88 da Lei Federal 13.324/2016.  Declarar vago o Cargo.</p><p>(Processo nº SEI 25002.401246/2017-62)</p>]]></Texto>
    <Autores>
      <assina>RAULINO PEREIRA GOUVEIA</assina>
      <cargo>Chefe de Serviço de Gestão Administrativa</cargo>
    </Autores>
  </body>
</article></xml>