﻿<xml><article id="1351943" name="P933" idOficio="4660402" pubName="DO2" artType="Portaria" pubDate="01/02/2018" artClass="00011:00129:00001:00001:00000:00000:00000:00000:00000:00000:00025:00004" artSection="Gabinete do Reitor" artCategory="Gabinete do Reitor" artSize="8" artNotes="" numberPage="42" pdfPage="http://pesquisa.in.gov.br/imprensa/jsp/visualiza/index.jsp?data=01/02/2018&amp;jornal=529&amp;pagina=42" editionNumber="23">
  <body>
    <Identifica><![CDATA[PORTARIA N° 933, dE 31 DE JANEIRO DE 2018]]></Identifica>
    <Data><![CDATA[]]></Data>
    <Ementa />
    <Titulo />
    <SubTitulo />
    <Texto><![CDATA[<p> a VICE-REITORA, NO EXERCÍCIO DA REITORIA DA UNIVERSIDADE FEDERAL DO RIO GRANDE DO SUL, no uso de suas atribuições legais e estatutárias, resolve:</p><p>Autorizar o afastamento do país de MARCIA CRISTINA BERNARDES BARBOSA, Professor do Magistério Superior, lotada e em exercício no Departamento de Física do Instituto de Física, com a finalidade de participar de conferência junto à Organização das Nações Unidas, em Nova Iorque, Estados Unidos, no período compreendido entre 06/02/2018 e 11/02/2018, incluído trânsito, com ônus Ministério da Ciência, Tecnologia, Inovações e Comunicações. Solicitação nº 33961.</p>]]></Texto>
    <Autores>
      <assina>JANE FRAGA TUTIKIAN</assina>
    </Autores>
  </body>
</article></xml>