﻿<xml><article id="1350043" name="DOU - LÍVIO ROGÉRIO SOUSA COSTA-" idOficio="4660284" pubName="DO2" artType="Portaria" pubDate="01/02/2018" artClass="00037:00029:00000:00000:00000:00000:00000:00000:00000:00000:00025:00003" artSection="Poder Judiciário" artCategory="Tribunal Regional Eleitoral do Piauí" artSize="8" artNotes="" numberPage="119" pdfPage="http://pesquisa.in.gov.br/imprensa/jsp/visualiza/index.jsp?data=01/02/2018&amp;jornal=529&amp;pagina=119" editionNumber="23">
  <body>
    <Identifica><![CDATA[PORTARIA nº 121, de 26 de janeiro de 2018]]></Identifica>
    <Data><![CDATA[]]></Data>
    <Ementa />
    <Titulo />
    <SubTitulo />
    <Texto><![CDATA[<p> O DESEMBARGADOR FRANCISCO ANTÔNIO PAES LANDIM FILHO, PRESIDENTE DO EGRÉGIO TRIBUNAL REGIONAL ELEITORAL DO PIAUÍ, no uso de suas atribuições legais, resolve:</p><p>Art. 1º Fica lotado o servidor LÍVIO ROGÉRIO SOUSA COSTA, Técnico Judiciário, Área Administrativa, matrícula nº 363, do Quadro de Pessoal deste Regional, na Seção de Almoxarifado e Patrimônio (SEALP), da Coordenadoria de Apoio Administrativo (COAAD), da Secretaria de Administração, Orçamento e Finanças (SAOF). </p><p>Art. 2º Fica designado o servidor citado no artigo 1º, para o exercício da Função Comissionada de Chefe de Seção (FC-6), da Seção de Almoxarifado e Patrimônio.</p><p>Art. 3º Esta portaria entra em vigor na data de sua publicação oficial. </p>]]></Texto>
    <Autores>
      <assina>Des. FRANCISCO ANTÔNIO PAES LANDIM FILHO</assina>
    </Autores>
  </body>
</article></xml>