﻿<xml><article id="1351684" name="Port201-2018-DPMM" idOficio="4660308" pubName="DO2" artType="Portaria" pubDate="01/02/2018" artClass="00010:00007:00014:00006:00000:00000:00000:00000:00000:00000:00025:00002" artSection="Diretoria do Pessoal Militar" artCategory="Diretoria do Pessoal Militar" artSize="8" artNotes="" numberPage="12" pdfPage="http://pesquisa.in.gov.br/imprensa/jsp/visualiza/index.jsp?data=01/02/2018&amp;jornal=529&amp;pagina=12" editionNumber="23">
  <body>
    <Identifica><![CDATA[PORTARIA Nº 201/DPMM, DE 30 DE JANEIRO DE 2018]]></Identifica>
    <Data><![CDATA[]]></Data>
    <Ementa />
    <Titulo />
    <SubTitulo />
    <Texto><![CDATA[<p> O DIRETOR DO PESSOAL MILITAR DA MARINHA, no uso da subdelegação de competência que lhe confere o contido na alínea a, do inciso V, do art. 1º, do Anexo B, da Portaria nº 24, de 9 de março de 2017, do Diretor-Geral do Pessoal da Marinha, e tendo em vista o disposto nos art. 96, inciso I e 97, da Lei nº 6.880, de 9 de dezembro de 1980, resolve:</p><p>Art. 1º Conceder Transferência para a Reserva Remunerada (RM1), com a remuneração a que faz jus, observado o previsto nos art. 50, inciso II, da Lei nº 6.880, de 9 de dezembro de 1980; art. 10, incisos I, II, III e IV; 30 e 37 da Medida Provisória nº 2.215-10, de 31 de agosto de 2001, ao Capitão de Mar e Guerra (IM) 87.0103.05 EDUARDO GASPAR PRZIBILSKI PINTO.</p><p>Art. 2º Esta Portaria entra em vigor na presente data.</p>]]></Texto>
    <Autores>
      <assina>Vice.Alte ANTONIO REGINALDO PONTES LIMA JUNIOR</assina>
    </Autores>
  </body>
</article></xml>