﻿<xml><article id="1349567" name="PORT. 62 Nomeação docente ed 48-" idOficio="4660232" pubName="DO2" artType="Portaria" pubDate="01/02/2018" artClass="00011:00139:00007:00004:00000:00000:00000:00000:00000:00000:00025:00001" artSection="Departamento de Recursos Humanos" artCategory="Departamento de Recursos Humanos" artSize="8" artNotes="" numberPage="48" pdfPage="http://pesquisa.in.gov.br/imprensa/jsp/visualiza/index.jsp?data=01/02/2018&amp;jornal=529&amp;pagina=48" editionNumber="23">
  <body>
    <Identifica><![CDATA[PORTARIA Nº 62, DE 24 DE JANEIRO DE 2018]]></Identifica>
    <Data><![CDATA[]]></Data>
    <Ementa />
    <Titulo />
    <SubTitulo />
    <Texto><![CDATA[<p> O VICE-REITOR, EM EXERCÍCIO DA REITORIA DA UNIVERSIDADE FEDERAL DO TRIÂNGULO MINEIRO, no uso de suas atribuições e tendo em vista o Edital nº. 48/16, publicado no DOU de 30/08/2016, o Edital de Homologação nº. 24/17, publicado no DOU de 06/04/2017, a Lei n. 12.772/12, de 28/12/2012 e suas alterações, e a Portaria Interministerial n. 316/17, publicada no DOU de 19/10/2017, resolve:</p><p>Nomear ARIANE FERNANDES DA CONCEIÇÃO, habilitado(a) no Concurso Público de provas e títulos, para o cargo de Professor da Carreira do Magistério Superior, Classe A, Nível 1, com dedicação exclusiva, código de vaga nº. 0929279, publicado na Portaria MEC nº 321, DOU de 10/04/2014, para o campus de Iturama.</p>]]></Texto>
    <Autores>
      <assina>LUIZ FERNANDO RESENDE DOS SANTOS ANJO</assina>
    </Autores>
  </body>
</article></xml>