﻿<xml><article id="1349504" name="80.2018 - VACÂNCIA - ARTHUR FERN" idOficio="4660224" pubName="DO2" artType="Portaria" pubDate="01/02/2018" artClass="00017:00026:00013:00016:00000:00000:00000:00000:00000:00000:00025:00002" artSection="Serviço de Administração de Recursos Humanos" artCategory="Serviço de Administração de Recursos Humanos" artSize="8" artNotes="" numberPage="76" pdfPage="http://pesquisa.in.gov.br/imprensa/jsp/visualiza/index.jsp?data=01/02/2018&amp;jornal=529&amp;pagina=76" editionNumber="23">
  <body>
    <Identifica><![CDATA[PORTARIA Nº 80, DE 26 DE JANEIRO DE 2018]]></Identifica>
    <Data><![CDATA[]]></Data>
    <Ementa />
    <Titulo />
    <SubTitulo />
    <Texto><![CDATA[<p> O Diretor do Instituto Nacional de Traumatologia e Ortopedia Jamil Haddad, no uso das atribuições que lhe conferem a Portaria nº. 2.359/GM/MS, de 15 de Setembro de 2017, publicada no Diário Oficial da União - DOU nº. 179, de 18 de Setembro de 2017 e Portaria/CGRH/MS nº. 1041, de 30 de outubro de 2009, publicada no Diário Oficial da União - DOU nº. 209, de 03 de novembro de 2009, resolve:</p><p>Declarar vago o cargo efetivo de MÈDICO, classe B, Padrão II, ocupado pelo (a) servidor (a) ARTHUR FERNANDES CORTEZ, matrícula SIAPE nº 160659-4, código da vaga nº 114287, do Quadro de Pessoal Ativo deste Ministério, a partir de 17/10/2017, em virtude de posse em cargo não acumulável nos termos do Art. 33, inciso VIII, da Lei nº 8.122/90 (processo Nº 25057.401056/2017-18).</p>]]></Texto>
    <Autores>
      <assina>FLAVIO DOS SANTOS CERQUEIRA</assina>
    </Autores>
  </body>
</article></xml>