﻿<xml><article id="1349429" name="EDITAL DE SUSPENSÃO DE PAGAMENTO" idOficio="4660200" pubName="DO2" artType="Edital" pubDate="01/02/2018" artClass="00099:00017:00002:00031:00133:00136:00000:00000:00000:00000:00000:00021:00001" artSection="Editais e Avisos" artCategory="Editais e Avisos" artSize="8" artNotes="" numberPage="144" pdfPage="http://pesquisa.in.gov.br/imprensa/jsp/visualiza/index.jsp?data=01/02/2018&amp;jornal=529&amp;pagina=144" editionNumber="23">
  <body>
    <Identifica><![CDATA[EDITAL Nº 2, de 30 de janeiro de 2018]]></Identifica>
    <Data><![CDATA[]]></Data>
    <Ementa />
    <Titulo />
    <SubTitulo />
    <Texto><![CDATA[<p>A chefe Substituta do Serviço de Gestão Administrativa da Coordenação de Gestão do Núcleo Estadual do Ministério da Saúde no Estado do Rio Grande do Sul, no uso da competência que lhe foi subdelegada pela PT/SE/SAA/MS N.º 1681, de 09/12/2016, publicada no DOU N.º 237 de 12/12/2016, resolve:</p><p>1 - Tornar pública a relação de aposentados, aniversariantes do mês de outubro, que não atenderam às convocações e notificações para realizar o recadastramento anual/2017, conforme estabelecido na Portaria MP nº 8 de 7 de janeiro de 2013  e da Orientação Normativa SEGEP nº 01 de 2 de janeiro de 2017.</p><p>2 -  A suspensão do pagamento do provento e/ou benefício de pensão foi efetivado na folha de pagamentos do mês de janeiro/2018. </p><p> </p><table><tr /><tr><td><p>Nome</p></td><td><p>CPF</p></td><td><p>Matricula</p></td><td><p>Tipo Benefício</p></td></tr><tr><td><p>Celita Magali Tesch</p></td><td><p>090.863.740-34</p></td><td><p>3777073</p></td><td><p>Pensão</p></td></tr><tr><td><p>Joao Carlos Duarte Ferreira</p></td><td><p>498.032.120-87</p></td><td><p>3052711</p></td><td><p>Pensão</p></td></tr><tr><td><p>Jorceli Da Silva Marques</p></td><td><p>368.830.420-91</p></td><td><p>1349392</p></td><td><p>Pensão</p></td></tr><tr><td><p>Luiz Airton Da Silva</p></td><td><p>191.082.730-49</p></td><td><p>5614449</p></td><td><p>Pensão</p></td></tr><tr><td><p>Vera Luz Cezimbra</p></td><td><p>220.249.210-00</p></td><td><p>1017420</p></td><td><p>Pensão</p></td></tr><tr><td><p>Yolanda Antunes Luzardo</p></td><td><p>254.745.960-49</p></td><td><p>563523</p></td><td><p>Aposentadoria</p></td></tr></table><p>3 - O restabelecimento do pagamento do provento e/ou da pensão fica condicionado ao recadastramento mediante comparecimento pessoal dos interessados no Serviço de Gestão de Pessoas, sito à Av. Borges de Medeiros, 536 / sala 509 - Centro / Porto Alegre/RS, portando a documentação estabelecida nos Arts. 5º e 6º da ON SEGEP nº 01/ 2017.</p><p>4 - Na hipótese de moléstia grave ou de impossibilidade de locomoção do aposentado e/ou pensionista, deverá ser solicitado o agendamento de visita técnica, por meio do telefone (51)3213-2139 ou (51)3213-2074, para comprovação de vida do titular do benefício, ficando o pagamento restabelecido provisoriamente até que seja realizada a visita técnica.</p>]]></Texto>
    <Autores>
      <assina>MAGDA ELISA DE ASSIS</assina>
    </Autores>
  </body>
</article></xml>