﻿<xml><article id="1352583" name="Afasta ANTONIO GONCALVES DE OLIV" idOficio="4660506" pubName="DO2" artType="Despacho" pubDate="01/02/2018" artClass="00011:00143:00000:00000:00000:00000:00000:00000:00000:00000:00019:00001" artSection="Ministério da Educação" artCategory="Universidade Tecnológica Federal do Paraná" artSize="8" artNotes="" numberPage="50" pdfPage="http://pesquisa.in.gov.br/imprensa/jsp/visualiza/index.jsp?data=01/02/2018&amp;jornal=529&amp;pagina=50" editionNumber="23">
  <body>
    <Identifica><![CDATA[Despacho do reitor]]></Identifica>
    <Data><![CDATA[]]></Data>
    <Ementa />
    <Titulo />
    <SubTitulo />
    <Texto><![CDATA[<p> O Reitor da UNIVERSIDADE TECNOLÓGICA FEDERAL DO PARANÁ, no uso da competência que lhe foi subdelegada pela Portaria n° 404, de 23.04.2009, AUTORIZA o afastamento do país, no período de 10/02/2018 a 18/02/2018, de ANTONIO GONCALVES DE OLIVEIRA, Professor do Magistério Superior, para participar, apresentando trabalho, do Universidad 2018 - 11º Congreso Internacional de Educación Superior, na cidade de Havana, Cuba, com ônus   (Processo n° 23064.000582/2018-12).</p><p> </p>]]></Texto>
    <Autores>
      <assina>LUIZ ALBERTO PILATTI</assina>
    </Autores>
  </body>
</article></xml>