﻿<xml><article id="1349711" name="PT5MARINGA" idOficio="4660256" pubName="DO2" artType="Portaria" pubDate="01/02/2018" artClass="00022:00029:00241:00016:00018:00000:00000:00000:00000:00000:00025:00013" artSection="Seção Operacional da Gestão de Pessoas" artCategory="Seção Operacional da Gestão de Pessoas" artSize="8" artNotes="" numberPage="97" pdfPage="http://pesquisa.in.gov.br/imprensa/jsp/visualiza/index.jsp?data=01/02/2018&amp;jornal=529&amp;pagina=97" editionNumber="23">
  <body>
    <Identifica><![CDATA[PORTARIA Nº 5, DE 31 DE JANEIRO DE 2018]]></Identifica>
    <Data><![CDATA[]]></Data>
    <Ementa />
    <Titulo />
    <SubTitulo />
    <Texto><![CDATA[<p> O Chefe da Seção Operacional da Gestão de Pessoas, da Gerência Executiva do INSS em Maringá - Paraná, no uso das atribuições conferidas pelo Art. 235 do Regimento Interno do INSS, aprovado pela Portaria MPS nº 414, de 28/09/2017, publicada no DOU Edição Extra nº 188-A, de 29/9/2017, Seção 1 c/c o Art. 7º da Orientação Normativa SEGEP/MP nº 04, de 21/02/2013, e tendo em vista o que consta do processo nº 35195.000930/2017-64,resolve:</p><p>Art. 1º Conceder aposentadoria voluntária integral ao servidor HÉLIO KOMATSU matrícula SIAPE 0941713, ocupante do cargo de Técnico do Seguro Social - 434550, NI, Classe S, Padrão IV, do quadro de pessoal do Instituto Nacional do Seguro Social, com fundamento no artigo 3º da Emenda Constitucional nº 47/2005, com proventos mensais correspondentes a citada Classe e Padrão, e demais vantagens que faz jus.</p><p>Art. 2º Por consequência, declarar vago o referido cargo. </p><p>Art. 3º Esta Portaria entra em vigor na data de sua publicação.</p>]]></Texto>
    <Autores>
      <assina>JULIANA CARNIATO DE OLIVEIRA</assina>
      <cargo>Substituta</cargo>
    </Autores>
  </body>
</article></xml>