﻿<xml><article id="1352129" name="Port_0102_2018-8-41" idOficio="4660431" pubName="DO2" artType="Portaria" pubDate="01/02/2018" artClass="00011:00134:00001:00001:00000:00000:00000:00000:00000:00000:00025:00001" artSection="Gabinete do Reitor" artCategory="Gabinete do Reitor" artSize="8" artNotes="" numberPage="44" pdfPage="http://pesquisa.in.gov.br/imprensa/jsp/visualiza/index.jsp?data=01/02/2018&amp;jornal=529&amp;pagina=44" editionNumber="23">
  <body>
    <Identifica><![CDATA[PORTARIAS DE 31 DE Janeiro DE 2018]]></Identifica>
    <Data><![CDATA[]]></Data>
    <Ementa />
    <Titulo />
    <SubTitulo />
    <Texto><![CDATA[<p> O REITOR PRO TEMPORE DA UNIVERSIDADE FEDERAL DE SANTA CATARINA, no uso de suas atribuições, resolve:</p><p>N° 277 - Art. 1º Dispensar SIMONE DUARTE LEONCIO SILVA, assistente em administração, MASIS nº 141768, SIAPE nº 1668746, do exercício da função de coordenadora de compras de material de consumo do Departamento de Compras da Pró-Reitoria de Administração, código FG-1, para a qual foi designada pela Portaria nº 561/2017/GR, de 14 de março de 2017.</p><p>Art. 2º Esta portaria entra em vigor na data de sua publicação no Diário Oficial da União.(Ref. Solicitação 80488/2016).</p><p>N° 278 - Art. 1º Designar SIMONE DUARTE LEONCIO SILVA, assistente em administração, MASIS nº 141768, SIAPE nº 1668746, para exercer a função de coordenador de análise e planejamento de compras do Departamento de Compras da Pró-Reitoria de Administração (CAPL).</p><p>Art. 2º Atribuir à servidora a função FG-1, integrante do Quadro Distributivo de Cargos de Direção e Funções Gratificadas.</p><p>Art. 3º Esta Portaria entra em vigor na data de sua publicação no Diário Oficial da União.(Ref. Solicitação 80488/2016).</p><p>N° 279 - Art. 1º Dispensar LUCIANA RAIMUNDO, assistente em administração, MASIS nº 199871, SIAPE N° 2225697, do exercício da função de chefe do Serviço de Avaliação de Processos de Compras da Coordenadoria de Compras de Material Permanente do Departamento de Compras da Pró-Reitoria de Administração, código FG-4, para a qual foi designada pela Portaria N° 2500 /2017/GR, de 8 de novembro de 2017.</p><p>Art. 2º Esta portaria entra em vigor na data de sua publicação no Diário Oficial da União.(Ref. Solicitação 80488/2016).</p><p>N° 280 - Art. 1º Designar LUCIANA RAIMUNDO, assistente em administração, MASIS nº 199871, SIAPE N° 2225697, para exercer a função de chefe do Serviço de Emissão e Análise de Termos de Referência da Coordenadoria de Acompanhamento e Execução de Compras do Departamento de Compras da Pró-Reitoria de Administração (CAEX).</p><p>Art. 2º Atribuir à servidora a função FG-4, integrante do Quadro Distributivo de Cargos de Direção e Funções Gratificadas.</p><p>Art. 3º Esta Portaria entra em vigor na data de sua publicação no Diário Oficial da União.(Ref. Solicitação 80488/2016).</p><p>N° 281 - Art. 1º Dispensar GUILHERME CARVALHO BATISTA, assistente em administração, MASIS nº 185757, SIAPE nº 1967166, do exercício da função de coordenador de compra de material permanente do Departamento de Compras da Pró-Reitoria de Administração, código FG-1, para a qual foi designado pela Portaria N° 2499/2017/GR, de 8 de novembro de 2017.</p><p>Art. 2º Esta portaria entra em vigor na data de sua publicação no Diário Oficial da União.(Ref. Solicitação 80488/2016).</p><p>N° 282 - Art. 1º Designar GUILHERME CARVALHO BATISTA, assistente em administração, MASIS nº 185757, SIAPE nº 1967166, para exercer a função de coordenador de acompanhamento e execução de compras do Departamento de Compras da Pró-Reitoria de Administração (CAEX).</p><p>Art. 2º Atribuir ao servidor a função FG-1, integrante do Quadro Distributivo de Cargos de Direção e Funções Gratificadas.</p><p>Art. 3º Esta portaria entra em vigor na data de sua publicação no Diário Oficial da União.(Ref. Solicitação 80488/2016).</p>]]></Texto>
    <Autores>
      <assina>UBALDO CESAR BALTHAZAR</assina>
    </Autores>
  </body>
</article></xml>