﻿<xml><article id="1352514" name="AFA SEC_8537_Costa_P4" idOficio="4660498" pubName="DO2" artType="Despacho" pubDate="01/02/2018" artClass="00012:00007:00006:00000:00000:00000:00000:00000:00000:00000:00019:00001" artSection="Diretoria de Logística" artCategory="Diretoria de Logística" artSize="8" artNotes="" numberPage="53" pdfPage="http://pesquisa.in.gov.br/imprensa/jsp/visualiza/index.jsp?data=01/02/2018&amp;jornal=529&amp;pagina=53" editionNumber="23">
  <body>
    <Identifica><![CDATA[DESPACHO de 31 de janeiro de 2018]]></Identifica>
    <Data><![CDATA[]]></Data>
    <Ementa />
    <Titulo />
    <SubTitulo />
    <Texto><![CDATA[<p> O PRESIDENTE DO BANCO DO BRASIL, no uso da competência prevista no art. 2º do Decreto nº 1.387, de 07 de fevereiro de 1995, que lhe foi delegada no art. 12 da Portaria MF nº 160, de 06 de maio de 2016, autoriza o afastamento do País de TEREZA RAQUEL VIEIRA DA COSTA, Gerente Geral UE, no período de 09 a 19 de fevereiro de 2018, inclusive trânsito, com ônus, na forma do disposto no inciso IV do art. 1º do citado Decreto, a fim de  realizar visita prévia em Miami, tendo em vista que a funcionária irá exercer o cargo de Vice-presidente do BB Américas, em Miami, Estados Unidos da América.</p>]]></Texto>
    <Autores>
      <assina>PAULO ROGÉRIO CAFFARELLI</assina>
    </Autores>
  </body>
</article></xml>