﻿<xml><article id="1352724" name="CORREIO ELETRONICO DIRETOR - 31." idOficio="4660528" pubName="DO2" artType="Portaria" pubDate="01/02/2018" artClass="00011:00104:00001:00682:00000:00000:00000:00000:00000:00000:00025:00001" artSection="Departamento de Administração de Pessoal" artCategory="Departamento de Administração de Pessoal" artSize="8" artNotes="" numberPage="33" pdfPage="http://pesquisa.in.gov.br/imprensa/jsp/visualiza/index.jsp?data=01/02/2018&amp;jornal=529&amp;pagina=33" editionNumber="23">
  <body>
    <Identifica><![CDATA[PORTARIAS DE 24 DE JANEIRO DE 2018]]></Identifica>
    <Data><![CDATA[]]></Data>
    <Ementa />
    <Titulo />
    <SubTitulo />
    <Texto><![CDATA[<p> O DIRETOR GERAL SUBSTITUTO DO DEPARTAMENTO DE ADMINISTRAÇÃO DE PESSOAL DA UNIVERSIDADE FEDERAL DE ALAGOAS, no uso das atribuições legais contidas na Delegação de Competência, constante na Port. nº 86/GR, de 25.02.08, resolve:</p><p>Nº 166-Extinguir, a partir de 21.03.17, o contrato de Professor Substituto por prazo determinado, ajustado entre esta Universidade e RAFAEL GOMES DE SOUZA POMPÍLIO, em regime de 40 (quarenta) horas semanais de trabalho, mat./SIAPE nº 2288685, na forma disposta no art. 12, I, da Lei nº 8.745/93. (Proc. nº 23065.000006/18-65).</p><p>Nº 167-Extinguir, a partir de 08.11.16, o contrato de Professor Substituto por prazo determinado, ajustado entre esta Universidade e VICTOR JOSÉ BASTOS DA SILVA, em regime de 40 (quarenta) horas semanais de trabalho, mat./SIAPE nº 2295704, na forma disposta no art. 12, I, da Lei nº 8.745/93. (Proc. nº 23065.043785/17-11).</p><p>Nº 168-Extinguir, a partir de 08.01.18, o contrato de Professor Substituto por prazo determinado, ajustado entre esta Universidade e DENIS RICARDO DA SILVA, em regime de 40 (quarenta) horas semanais de trabalho, mat./SIAPE nº 2997502, na forma disposta no art. 12, II, da Lei nº 8.745/93. (Proc. nº 23065.000537/18-58).</p><p> O DIRETOR GERAL SUBSTITUTO DO DEPARTAMENTO DE ADMINISTRAÇÃO DE PESSOAL DA UNIVERSIDADE FEDERAL DE ALAGOAS, no uso das atribuições legais contidas na Delegação de Competência, constante na Port. nº 86/GR, de 25.02.08, resolve:</p><p>Nº 169-Extinguir, a partir de 01.01.18, o contrato de Professor Substituto por prazo determinado, ajustado entre esta Universidade e JOELMIR JOSÉ ALBUQUERQUE DE FARIAS, em regime de 20 (vinte) horas semanais de trabalho, mat./SIAPE nº 2274277, na forma disposta no art. 12, I, da Lei nº 8.745/93. (Proc. nº 23065.001281/18-04).</p><p>Nº 170-Extinguir, a partir de 13.12.17, o contrato de Professor Substituto por prazo determinado, ajustado entre esta Universidade e JAILSON COSTA DA SILVA, em regime de 40 (quarenta) horas semanais de trabalho, mat./SIAPE nº 2283261, na forma disposta no art. 12, I, da Lei nº 8.745/93. (Proc. nº 23065.043765/17-31).</p><p>Nº 171-Extinguir, a partir de 01.01.18, o contrato de Professor Substituto por prazo determinado, ajustado entre esta Universidade e JUPIRACI BARROS CAVALCANTE, em regime de 40 (quarenta) horas semanais de trabalho, mat./SIAPE nº 2270675, na forma disposta no art. 12, I, da Lei nº 8.745/93. (Proc. nº 23065.000682/18-39).</p><p>Nº 172-Extinguir, a partir de 13.12.17, o contrato de Professor Substituto por prazo determinado, ajustado entre esta Universidade e JOSÉ SENIVALDO LIBERATO, em regime de 40 (quarenta) horas semanais de trabalho, mat./SIAPE nº 2271872, na forma disposta no art. 12, I, da Lei nº 8.745/93. (Proc. nº 23065.000683/18-83).</p><p>Nº 174-Extinguir, a partir de 01.12.17, o contrato por prazo determinado, ajustado entre esta Universidade e MARIA ALCINA TERTO LINS, Professor Substituto, em regime de 40 (quarenta) horas semanais de trabalho, mat./SIAPE n.º 2266917, na forma disposta no art. 12, I, da Lei nº 8.745/93. (Proc. nº 23065. 033295/17-06).</p>]]></Texto>
    <Autores>
      <assina>CAIO CESAR RODRIGUES DA SILVA</assina>
      <assina>CAIO CESAR RODRIGUES DA SILVA</assina>
    </Autores>
  </body>
</article></xml>