﻿<xml><article id="1349853" name="ATO PORTARIA DA REITORA 30-01-20" idOficio="4660268" pubName="DO2" artType="Portaria" pubDate="01/02/2018" artClass="00011:00032:00001:00000:00000:00000:00000:00000:00000:00000:00025:00001" artSection="Reitoria" artCategory="Reitoria" artSize="8" artNotes="" numberPage="16" pdfPage="http://pesquisa.in.gov.br/imprensa/jsp/visualiza/index.jsp?data=01/02/2018&amp;jornal=529&amp;pagina=16" editionNumber="23">
  <body>
    <Identifica><![CDATA[PORTARIAS DE 31 DE JANEIRO DE 2018]]></Identifica>
    <Data><![CDATA[]]></Data>
    <Ementa />
    <Titulo />
    <SubTitulo />
    <Texto><![CDATA[<p>O REITOR DA FUNDAÇÃO UNIVERSIDADE FEDERAL DE MATO GROSSO DO SUL, no uso de suas atribuições legais, considerando o resultado final do Concurso Público de Provas e Títulos Edital Progep nº 29/2016, publicado no DOU, de 12 de maio de 2016, homologado pelo Edital Progep nº 80/2016, publicado no DOU, de 19 de setembro de 2016, e o que consta do Processo nº 23104.003346/2016-72, resolve:</p><p> Nº 115-Nomear para o cargo de provimento efetivo de professor do Grupo de Magistério Superior, Classe de Professor Adjunto A, regime de trabalho de Dedicação Exclusiva, nos termos da Lei nº 8.112/90:</p><p>AILTON RIBEIRO DE OLIVEIRA, na vaga 341248, decorrente da aposentadoria de José Luiz Magalhães de Freitas, Portaria RTR nº 1.172, de 29 de setembro de 2017, publicada no DOU de 03 de outubro de 2017. Lotação: Instituto de Matemática - INMA.</p><p>O REITOR DA FUNDAÇÃO UNIVERSIDADE FEDERAL DE MATO GROSSO DO SUL, no uso de suas atribuições legais, considerando o resultado final do Concurso Público de Provas e Títulos Edital UFMS/Progep nº 105/2016, publicado no DOU, de 30 de dezembro de 2016, homologado pelo Edital UFMS/Progep nº 52/2017, publicado no DOU, de 18 de julho de 2017, e considerando o que consta do Processo nº 23104.006350/2016-92, resolve:</p><p> Nº 114-Nomear para o cargo de provimento efetivo de professor do Grupo de Magistério Superior, Classe de Professor Assistente A, regime de trabalho de Dedicação Exclusiva, nos termos da Lei nº 8.112/90:</p><p>ANA CAROLINE DZULINSKI, na vaga 932454, decorrente da Portaria MEC nº 1.553, de 18 de dezembro de 2017, publicada no DOU de 19 de dezembro de 2017. Lotação: Câmpus de Nova Andradina - CPNA.</p>]]></Texto>
    <Autores>
      <assina>MARCELO AUGUSTO SANTOS TURINE</assina>
    </Autores>
  </body>
</article></xml>