﻿<xml><article id="1349276" name="Vc CG Cobija" idOficio="4660075" pubName="DO2" artType="Portaria" pubDate="01/02/2018" artClass="00020:00153:00004:00000:00000:00000:00000:00000:00000:00000:00025:00001" artSection="Consulado do Brasil em Cobija" artCategory="Consulado do Brasil em Cobija" artSize="8" artNotes="" numberPage="81" pdfPage="http://pesquisa.in.gov.br/imprensa/jsp/visualiza/index.jsp?data=01/02/2018&amp;jornal=529&amp;pagina=81" editionNumber="23">
  <body>
    <Identifica><![CDATA[PORTARIA DE 10 DE JANEIRO DE 2018]]></Identifica>
    <Data><![CDATA[]]></Data>
    <Ementa />
    <Titulo />
    <SubTitulo />
    <Texto><![CDATA[<p> A VICE-CÔNSUL DO CONSULADO DO BRASIL EM COBIJA, no uso de suas atribuições e nos termos da Portaria nº. 457, de 2 de agosto de 2010, resolve:</p><p>Nomear, até o término de sua missão no Posto, ADALARDO NUNCIATO SANTIAGO, oficial de chancelaria, do Serviço Exterior Brasileiro, classe Especial, padrão V, do Ministério das Relações Exteriores, para exercer a função de Vice-Cônsul neste Consulado, a partir da data de publicação desta Portaria. </p>]]></Texto>
    <Autores>
      <assina>ROSEMERE VERAS GROSSMANN</assina>
    </Autores>
  </body>
</article></xml>