﻿<xml><article id="1349098" name="Port. nº 0100-2018" idOficio="4658900" pubName="DO2" artType="Portaria" pubDate="01/02/2018" artClass="00038:00038:00000:00000:00000:00000:00000:00000:00000:00000:00025:00003" artSection="Entidades de Fiscalização do Exercício das Profissões Liberais" artCategory="Conselho Federal de Enfermagem" artSize="8" artNotes="" numberPage="142" pdfPage="http://pesquisa.in.gov.br/imprensa/jsp/visualiza/index.jsp?data=01/02/2018&amp;jornal=529&amp;pagina=142" editionNumber="23">
  <body>
    <Identifica><![CDATA[PORTARIA Nº 100, DE 29 DE JANEIRO DE 2018]]></Identifica>
    <Data><![CDATA[]]></Data>
    <Ementa />
    <Titulo />
    <SubTitulo />
    <Texto><![CDATA[<p> O Presidente do Conselho Federal de Enfermagem - Cofen, em conjunto com o Segundo-Secretário da Autarquia, no uso de suas atribuições legais e regimentais conferidas na Lei nº 5.905 de 12 de julho de 1973, bem como pelo Regimento Interno da Autarquia, aprovado pela Resolução Cofen nº. 421, de 15 de fevereiro de 2012; </p><p>CONSIDERANDO a Decisão Cofen nº 40/2015;</p><p>CONSIDERANDO a Resolução Cofen nº 530/2016, que atualiza o Organograma do Conselho Federal de Enfermagem;</p><p>CONSIDERANDO demais deliberações da Presidência, baixam a seguinte determinação:</p><p>Art. 1º Nomear o Dr. Alberto Jorge Santiago Cabral, OAB/DF 12.105, ao cargo de Assessor Legislativo do Cofen.</p><p>Art. 2º Esta Portaria entra em vigor na data de 1º de fevereiro de 2018.</p>]]></Texto>
    <Autores>
      <assina>MANOEL CARLOS N. DA SILVA</assina>
      <cargo>Presidente</cargo>
      <assina>MARIA R. F. B. SAMPAIO</assina>
      <cargo>Primeira-Secretária</cargo>
    </Autores>
  </body>
</article></xml>