﻿<xml><article id="1352105" name="(DOU) PORTARIAS xx, xx,xx, xx, x" idOficio="4660412" pubName="DO2" artType="Portaria" pubDate="01/02/2018" artClass="00012:00002:00012:00020:00000:00000:00000:00000:00000:00000:00025:00001" artSection="Superintendência de Administração em Goiás" artCategory="Superintendência de Administração em Goiás" artSize="8" artNotes="" numberPage="51" pdfPage="http://pesquisa.in.gov.br/imprensa/jsp/visualiza/index.jsp?data=01/02/2018&amp;jornal=529&amp;pagina=51" editionNumber="23">
  <body>
    <Identifica><![CDATA[Portarias de 30 de janeiro de 2018]]></Identifica>
    <Data><![CDATA[]]></Data>
    <Ementa />
    <Titulo />
    <SubTitulo />
    <Texto><![CDATA[<p> O SUPERINTENDENTE DE ADMINISTRAÇÃO DO MINISTÉRIO DA FAZENDA EM GOIÁS E TOCANTINS, no uso da competência que lhe foi atribuída pelo Artigo 86, inciso XI, da Portaria 144, do Senhor Ministro de Estado da Fazenda, de 27/04/2016, publicada no Diário Oficial da União de 29/04/2016, e Portaria SRF/MF nº 1671/05, publicada no DOU de 20/06/05 resolve:</p><p>Nº 15 - CONCEDER aposentadoria voluntária ao servidor ARNILDO D APARECIDA DUARTE, CPF nº 232.970.691-04, Matrícula SIAPE 92098, no cargo de Analista Tributário da Receita Federal do Brasil, Nível "NS", Classe "S", Padrão "III", lotado na Delegacia da Receita Federal e em exercício na Equipe de Arrecadação e Cobrança em Goiânia-GO, com fundamento no Art. 3º da EC nº 47, de 05/07/2005, publicada no DOU de 06/07/2005. (Processo nº:10120-730.499/2017-27).</p><p>Nº 16 - CONCEDER aposentadoria voluntária ao servidor INACIO DE LOIOLA DA MOTA E SILVA, CPF nº 061.343.601-63, Matrícula SIAPE 888222, no cargo de Técnico do Seguro Social, Nível "NI", Classe "S", Padrão "IV", lotado na Delegacia da Receita Federal do Brasil e em exercício no Centro de Atendimento ao Contribuinte em Goiânia-GO, com fundamento no Art. 3º da EC nº 47, de 05/07/2005, publicada no DOU de 06/07/2005.(Processo nº:10120-720.019/2018-09).</p><p>Nº 17 - CONCEDER aposentadoria voluntária a servidora IONE DE FÁTIMA BLAZUTE BRAGA ROCHA, CPF nº 428.086.776-34, Matrícula SIAPE nº 0147515, no cargo de Analista Tributário da Receita Federal do Brasil, Nível "NS", Classe "S", Padrão "III", lotada na Delegacia da Receita Federal e em exercício na Equipe de Atendimento ao Contribuinte em Goiânia-GO, com fundamento no Art. 3º da EC nº 47, de 05/07/2005, publicada no DOU de 06/07/2005. (Processo nº:10120-720036/2018-38).</p><p>Nº 19 - CONCEDER aposentadoria voluntária a servidora JANET TAUILE YOUSSEF, CPF nº 051.409.928-33, Matrícula SIAPE 1036031, no cargo de Agente Administrativo, Nível "NI", Classe "S", Padrão "III", lotada na Delegacia da Receita Federal do Brasil e em exercício na Sacor em Anápolis-GO, com fundamento no Art. 3º da EC nº 47, de 05/07/2005, publicada no DOU de 06/07/2005. (Processo nº: 13116-000049/2017-63).</p><p>Nº 20 - CONCEDER aposentadoria voluntária ao servidor LAERCIO PEREIRA DE CASTRO, CPF nº 182.026.916-72, Matrícula SIAPE 100720, no cargo de Analista Tributário da Receita Federal do Brasil, Nível "NS", Classe "S", Padrão "III", lotado na Delegacia da Receita Federal e em exercício no Centro de Atendimento ao Contribuinte em Goiânia-GO, com fundamento no Art. 3º da EC nº 47, de 05/07/2005, publicada no DOU de 06/07/2005. (Processo nº: 10120-730.934/2017-13).</p><p>Nº 21 - CONCEDER aposentadoria voluntária a servidora MERCES RODRIGUES SANTIAGO, CPF nº 234.312.371-34, Matrícula SIAPE 888523, no cargo de Técnico do Seguro Social, Nível "NI", Classe "S", Padrão "IV", lotada na Delegacia da Receita Federal do Brasil e em exercício no Centro de Atendimento ao Contribuinte em Goiânia-GO, com fundamento no Art. 3º da EC nº 47, de 05/07/2005, publicada no DOU de 06/07/2005. (Processo nº: 10120-731.140/2017-77).</p><p>        </p>]]></Texto>
    <Autores>
      <assina>Carlos Roberto Neri Matos</assina>
    </Autores>
  </body>
</article></xml>