﻿<xml><article id="1353042" name="PT APOSENTADORIA ADEMIRSON FRUTU" idOficio="4660579" pubName="DO2" artType="Portaria" pubDate="01/02/2018" artClass="00017:00002:00026:00026:00000:00000:00000:00000:00000:00000:00025:00002" artSection="Serviço de Gestão Administrativa" artCategory="Serviço de Gestão Administrativa" artSize="8" artNotes="" numberPage="66" pdfPage="http://pesquisa.in.gov.br/imprensa/jsp/visualiza/index.jsp?data=01/02/2018&amp;jornal=529&amp;pagina=66" editionNumber="23">
  <body>
    <Identifica><![CDATA[PORTARIA Nº 41, DE 31 DE JANEIRO DE 2018]]></Identifica>
    <Data><![CDATA[]]></Data>
    <Ementa />
    <Titulo />
    <SubTitulo />
    <Texto><![CDATA[<p> A CHEFE DO SERVIÇO DE GESTÃO ADMINISTRATIVA DO NÚCLEO ESTADUAL DO MINISTÉRIO DA SAÚDE DO PARANÁ, no uso de suas atribuições que lhe são conferidas pela Portaria, SE/SAA/MS nº 1.804, de 01/10/2013, publicada no DOU nº 192 de 03/10/2013, Seção 1 e Portaria GM/MS nº 2.225 de 01/10/2013, publicada no DOU 191 de 02/10/2013, Seção 2, e em conformidade com o Decreto nº. 8.901, de 10/11/2016, publicado no DOU 217, Seção 1, de 11/11/2016 e Portaria nº 1.419, de 08/06/2017, publicada no DOU nº 110, Seção 1, de 09/06/2017, resolve:</p><p>Conceder Aposentadoria Voluntária ao Tempo de Contribuição ao servidor ADEMIRSON FRUTUOSO matrícula 490129, ocupante do cargo de Motorista Oficial, Nível Intermediário, Classe S, Padrão III, do quadro do Ministério da Saúde do Paraná, com fundamento no Art. 3º, Incisos I, II e III, e parágrafo único da Emenda Constitucional nº 47/2005, com a opção da incorporação da gratificação aos proventos de acordo com a Lei 13.324 de 29/07/2016, acrescido de 21% de Adicional de Tempo de Serviço e demais vantagens inerentes ao cargo.</p><p>(Processo n.º 25023.000188/2018-96)</p>]]></Texto>
    <Autores>
      <assina>GISLANE MARI FRANÇA DE OLIVEIRA</assina>
    </Autores>
  </body>
</article></xml>