﻿<xml><article id="1349218" name="Portaria 016_2018 apos NILZA MAR" idOficio="4659533" pubName="DO2" artType="Portaria" pubDate="01/02/2018" artClass="00012:00002:00012:00016:00000:00000:00000:00000:00000:00000:00025:00001" artSection="Superintendência de Administração no Ceará" artCategory="Superintendência de Administração no Ceará" artSize="8" artNotes="" numberPage="50" pdfPage="http://pesquisa.in.gov.br/imprensa/jsp/visualiza/index.jsp?data=01/02/2018&amp;jornal=529&amp;pagina=50" editionNumber="23">
  <body>
    <Identifica><![CDATA[PORTARIA Nº 16, de 30 de janeiro de 2018]]></Identifica>
    <Data><![CDATA[]]></Data>
    <Ementa />
    <Titulo />
    <SubTitulo />
    <Texto><![CDATA[<p> O SUPERINTENDENTE SUBSTITUTO DE ADMINISTRAÇÃO DO MINISTÉRIO DA FAZENDA NO ESTADO DO CEARÁ, no uso de suas atribuições conferidas pelo inciso XI, art. 86, da Portaria nº 144, do Gabinete do Ministro da Fazenda, de 27.4.2016, publicada no DOU de 29.4.2016, resolve:</p><p>CONCEDER aposentadoria voluntária com proventos integrais a servidora NILZA MARIA BESSA TAJRA, ocupante do cargo Auditor Fiscal da Receita Federal do Brasil, matrícula Siape nº 0144229, Classe S, Padrão III, lotado e em exercício na  SRRF03/DIANA, com fundamento legal no artigo 3º da EC 47/2005,  do Quadro Permanente do Ministério da Fazenda. (Processo nº 10380.000030/2018-80)</p>]]></Texto>
    <Autores>
      <assina>RAIMUNDO MARCILIO DE AMORIM</assina>
    </Autores>
  </body>
</article></xml>