﻿<xml><article id="1352703" name="PORTARIAS COLETIVAS-CGGES-310118" idOficio="4660492" pubName="DO2" artType="Portaria" pubDate="01/02/2018" artClass="00026:00034:00187:00475:00000:00000:00000:00000:00000:00000:00025:00004" artSection="Coordenação-Geral de Gestão de Estatutários" artCategory="Coordenação-Geral de Gestão de Estatutários" artSize="8" artNotes="" numberPage="107" pdfPage="http://pesquisa.in.gov.br/imprensa/jsp/visualiza/index.jsp?data=01/02/2018&amp;jornal=529&amp;pagina=107" editionNumber="23">
  <body>
    <Identifica><![CDATA[PORTARIAS DE 29 DE JANEIRO DE 2018]]></Identifica>
    <Data><![CDATA[]]></Data>
    <Ementa />
    <Titulo />
    <SubTitulo />
    <Texto><![CDATA[<p> O COORDENADOR-GERAL DE GESTÃO DE ESTATUTÁRIOS, SUBSTITUTO, DO DEPARTAMENTO DE ÓRGÃOS EXTINTOS E DE GESTÃO DE FOLHA DE PAGAMENTO DA SECRETARIA DE GESTÃO DE PESSOAS DO MINISTÉRIO DO PLANEJAMENTO, DESENVOLVIMENTO E GESTÃO, no uso da competência que lhe foi delegada pela Portaria nº 1054/DEPEX, de 10 de novembro de 2017, resolve:</p><p>Nº 935 Alterar a Portaria nº 36/SAMP/AC, de 1º de junho de 2016, publicada no Diário Oficial da União do dia 2 seguinte, que concedeu pensão civil a MARIA EUGENIA MOTA, filha maior inválida do ex-servidor JOSE RODRIGUES MOTA, para excluir da fundamentação legal a alínea "a" do inciso II do art. 217 da Lei nº 8.112, de 1990 e incluir a alínea "b" do inciso IV do art. 217 da Lei nº 8.112, de 1990, permanecendo inalterados os demais dispositivos legais. (Processo nº 05503.00235/2016-20).</p><p>Nº 986 Alterar a Portaria nº 23/SAMP/AC, de 20 de maio de 2016, publicada no Diário Oficial da União do dia 23 seguinte, que concedeu pensão civil a Audeida Rodrigues da Mota, cônjuge do ex-servidor Alzier Ventura da Mota, para excluir da fundamentação legal a alínea "a" do inciso II do art. 217 da Lei nº 8.112, de 1990, permanecendo inalterados os demais dispositivos legais. (Processo nº 05503.000172/2016-10).</p><p>Nº 991 Alterar a Portaria nº 18/SAMP/AC, de 20 de maio de 2016, publicada no Diário Oficial da União do dia 23 seguinte, que concedeu pensão civil a FRANCISCO DE OLIVEIRA FILHO, cônjuge da ex-servidora ROSA MARIA RODRIGUES DE OLIVEIRA, para excluir da fundamentação legal a alínea "a" do inciso II do art. 217 da Lei nº 8.112, de 1990 e a EC/03 e incluir a EC 41/2003, permanecendo inalterados os demais dispositivos legais. (Processo nº 05503.000118/2016-66).</p>]]></Texto>
    <Autores>
      <assina>AMADO JOSÉ BUENO NETTO</assina>
    </Autores>
  </body>
</article></xml>