﻿<xml><article id="1349644" name="PTS4A9PONTAGROSSA" idOficio="4660256" pubName="DO2" artType="Portaria" pubDate="01/02/2018" artClass="00022:00029:00241:00020:00022:00000:00000:00000:00000:00000:00025:00005" artSection="Seção Operacional da Gestão de Pessoas" artCategory="Seção Operacional da Gestão de Pessoas" artSize="8" artNotes="" numberPage="97" pdfPage="http://pesquisa.in.gov.br/imprensa/jsp/visualiza/index.jsp?data=01/02/2018&amp;jornal=529&amp;pagina=97" editionNumber="23">
  <body>
    <Identifica><![CDATA[PORTARIAS DE 12 DE JANEIRO DE 2018]]></Identifica>
    <Data><![CDATA[]]></Data>
    <Ementa />
    <Titulo />
    <SubTitulo />
    <Texto><![CDATA[<p> A CHEFE DA SEÇÃO OPERACIONAL DA GESTÃO DE PESSOAS DA GERÊNCIA EXECUTIVA DO INSS EM PONTA GROSSA/PR, no uso da delegação de competência conferida pelo art. 235, inciso I, alínea a, da Portaria MDS nº 414, de 28/09/2017, publicada no DOU-Edição Extra nº 188-A, de 29/09/2017, que aprovou o Regimento Interno do INSS, resolve:</p><p>Nº 4 - Conceder aposentadoria voluntária integral à servidora ELIANE APARECIDA ESCULÁPIO, matrícula  SIAPE  nº  900.065,  ocupante  do  cargo  de  Agente de Serviços Diversos - código 434552, classe S, padrão IV, do quadro permanente de pessoal do Instituto Nacional do Seguro Social, com fundamento no art. 3º da Emenda Constitucional nº 47, de 05/07/2005, com proventos integrais, na forma da lei, acrescido das demais vantagens a que faz jus. Em consequência, declarar vago o cargo acima referido.</p><p>Nº 5 - Conceder aposentadoria voluntária integral ao servidor HILBERTO HENCKEMAIER ROSA, matrícula  SIAPE  nº  570.200,  ocupante  do  cargo  de  Motorista Oficial - código 434061, classe S, padrão IV, do quadro permanente de pessoal do Instituto Nacional do Seguro Social, com fundamento no art. 3º da Emenda Constitucional nº 47, de 05/07/2005, com proventos integrais, na forma da lei, acrescido das demais vantagens a que faz jus. Em consequência, declarar vago o cargo acima referido.</p><p>Nº 6 - Conceder aposentadoria voluntária integral à servidora IVONE DE ANDRADE PEREIRA, matrícula  SIAPE  nº  6.900.741,  ocupante  do  cargo  de  Técnico do Seguro Social - código 434550, classe S, padrão IV, do quadro permanente de pessoal do Instituto Nacional do Seguro Social, com fundamento no art. 3º da Emenda Constitucional nº 47, de 05/07/2005, com proventos integrais, na forma da lei, acrescido das demais vantagens a que faz jus. Em consequência, declarar vago o cargo acima referido.</p><p>Nº 7 - Conceder aposentadoria voluntária integral à servidora MARISTANI DALMAZ DE MORAIS BENAZZI, matrícula  SIAPE  nº  901.776,  ocupante  do  cargo  de  Técnico do Seguro Social - código 434550, classe S, padrão IV, do quadro permanente de pessoal do Instituto Nacional do Seguro Social, com fundamento no art. 3º da Emenda Constitucional nº 47, de 05/07/2005, com proventos integrais, na forma da lei, acrescido das demais vantagens a que faz jus. Em consequência, declarar vago o cargo acima referido.</p><p>Nº 8 - Conceder aposentadoria voluntária integral à servidora MARISTELA FRONCZAK, matrícula  SIAPE  nº  567.717,  ocupante  do  cargo  de  Técnico do Seguro Social - código 434550, classe S, padrão IV, do quadro permanente de pessoal do Instituto Nacional do Seguro Social, com fundamento no art. 3º da Emenda Constitucional nº 47, de 05/07/2005, com proventos integrais, na forma da lei, acrescido das demais vantagens a que faz jus. Em consequência, declarar vago o cargo acima referido.</p><p>Nº 9 - Conceder aposentadoria voluntária integral à servidora ROSANA DO AMARAL, matrícula  SIAPE  nº  568.208,  ocupante  do  cargo  de  Técnico do Seguro Social - código 434550, classe S, padrão IV, do quadro permanente de pessoal do Instituto Nacional do Seguro Social, com fundamento no art. 3º da Emenda Constitucional nº 47, de 05/07/2005, com proventos integrais, na forma da lei, acrescido das demais vantagens a que faz jus. Em consequência, declarar vago o cargo acima referido.</p>]]></Texto>
    <Autores>
      <assina>Marilcélia Auer</assina>
    </Autores>
  </body>
</article></xml>