﻿<xml><article id="1352982" name="APOSENTADORIA 2018 LEILA MARIA C" idOficio="4660577" pubName="DO2" artType="Portaria" pubDate="01/02/2018" artClass="00012:00002:00012:00032:00003:00000:00000:00000:00000:00000:00025:00001" artSection="Gerência de Gestão de Pessoas" artCategory="Gerência de Gestão de Pessoas" artSize="8" artNotes="" numberPage="52" pdfPage="http://pesquisa.in.gov.br/imprensa/jsp/visualiza/index.jsp?data=01/02/2018&amp;jornal=529&amp;pagina=52" editionNumber="23">
  <body>
    <Identifica><![CDATA[PORTARIAS DE 31 DE JANEIRO DE 2018]]></Identifica>
    <Data><![CDATA[]]></Data>
    <Ementa />
    <Titulo />
    <SubTitulo />
    <Texto><![CDATA[<p> </p><p> A GERENTE DE GESTÃO DE PESSOAS DA SUPERINTENDÊNCIA DE ADMINISTRAÇÃO DO MINISTÉRIO DA FAZENDA NO ESTADO DO RIO DE JANEIRO, no uso da competência que lhe foi atribuída, por subdelegação pela Portaria GRA/RJ nº 1.085, 02.10.2008, Diário Oficial da União de 17.10.2008, face os termos da Portaria/SRF nº 1.671, de 16.06.2005, publicado no Diário Oficial da União de 20.06.2005, resolve:</p><p>Nº 11 - Aposentar voluntariamente a servidora LEILA MARIA CARVALHO MANGINI, matrícula SIAPE nº 144322 SIAPECAD nº 19212, ocupante do cargo de Auditor Fiscal da Receita Federal do Brasil, Classe S, Padrão III, do quadro de pessoal da Secretaria da Receita Federal do Brasil, com fundamento no Art. 3º da Emenda Constitucional nº 47, publicado no DOU de 06/07/2005. (Processo 10768.100224/2018-30).</p><p>Nº 12 - Aposentar voluntariamente a servidora NAIR CASTAÑO MARTINEZ BORGES, matrícula SIAPE nº 122565 SIAPECAD nº 2892, ocupante do cargo de Auditor Fiscal da Receita Federal do Brasil, Classe S, Padrão III, do quadro de pessoal da Secretaria da Receita Federal do Brasil, com fundamento no Art. 3º da Emenda Constitucional nº 47, publicado no DOU de 06/07/2005. (Processo 10768.100116/2018-67).</p><p> A GERENTE DE GESTÃO DE PESSOAS DA SUPERINTENDÊNCIA DE ADMINISTRAÇÃO DO MINISTÉRIO DA FAZENDA NO ESTADO DO RIO DE JANEIRO, no uso da competência que lhe foi atribuída, por subdelegação, pela Portaria/GRA/RJ n.º 1.085, 02.10.2008, Diário Oficial da União de 17.10.2008, resolve:</p><p>Nº 13 - Aposentar voluntariamente a servidora ELIANE MACHADO TEIXEIRA PORTUGAL, matrícula SIAPE nº 914055 SIAPECAD nº 847250, ocupante do cargo de Técnico do Seguro Social, Classe S, Padrão IV, do quadro de pessoal do Ministério da Fazenda, com fundamento no Art. 3º da Emenda Constitucional nº 47, publicado no DOU de 06/07/2005.  (Processo 10768.100108/2018-11).</p><p>Nº 14 - Aposentar voluntariamente a servidora REGINA LUCIA GOMES DOS SANTOS REGO, matrícula SIAPE nº 911732 SIAPECAD nº 845228, ocupante do cargo de Técnico do Seguro Social, Classe S, Padrão IV, do quadro de pessoal do Ministério da Fazenda, com fundamento no Art. 3º da Emenda Constitucional nº 47, publicado no DOU de 06/07/2005.  (Processo 10768.100076/2018-53).</p><p>Nº 15 - Aposentar voluntariamente o servidor EDSON TACIANO LOPES, matrícula SIAPE nº 912448 SIAPECAD nº 845846, ocupante do cargo de Técnico do Seguro Social, Classe S, Padrão IV, do quadro de pessoal do Ministério da Fazenda, com fundamento no Art. 3º da Emenda Constitucional nº 47, publicado no DOU de 06/07/2005.  (Processo 10768.100114/2018-78). </p><p>Nº 16 - Aposentar voluntariamente a servidora MARIA IVANIZE DA SILVA FRANÇA, matrícula SIAPE nº 642675 SIAPECAD nº 22057, ocupante do cargo de Médico, Classe S, Padrão III, do quadro de pessoal do Ministério da Fazenda, com fundamento no Art. 3º da Emenda Constitucional nº 47, publicado no DOU de 06/07/2005, com as vantagens do Art. 3º da Lei nº 8911/94. (Processo 10768.100051/2018-50). </p>]]></Texto>
    <Autores>
      <assina>KATIA DE CAMARGO NUNES</assina>
    </Autores>
  </body>
</article></xml>