﻿<xml><article id="1349618" name="PTS2A6SÃOJOÃODABOAVISTA" idOficio="4660256" pubName="DO2" artType="Portaria" pubDate="01/02/2018" artClass="00022:00029:00239:00021:00000:00000:00000:00000:00000:00000:00025:00003" artSection="Gerência Executiva - B - São João da Boa Vista" artCategory="Gerência Executiva - B - São João da Boa Vista" artSize="8" artNotes="" numberPage="8-89" pdfPage="http://pesquisa.in.gov.br/imprensa/jsp/visualiza/index.jsp?data=01/02/2018&amp;jornal=529&amp;pagina=8,http://pesquisa.in.gov.br/imprensa/jsp/visualiza/index.jsp?data=01/02/2018&amp;jornal=529&amp;pagina=89" editionNumber="23">
  <body>
    <Identifica><![CDATA[PORTARIAS DE 26 DE JANEIRO DE 2018]]></Identifica>
    <Data><![CDATA[]]></Data>
    <Ementa />
    <Titulo />
    <SubTitulo />
    <Texto><![CDATA[<p> A GERENTE EXECUTIVA DO INSS EM SÃO JOÃO DA BOA VISTA/SP, no uso das atribuições  que lhe confere o art.26, do Decreto nº 9.104 de 24/07/2017, que aprova a Estrutura Regimental e o Quadro Demonstrativo dos Cargos em Comissão e das Funções de Confiança do INSS, considerando o art. 230, XXII, da Portaria/MDS nº 414, de 28/09/2017, publicada no DOU nº 188-A de 29/09/2017, que aprova o Regimento Interno do INSS, resolve:</p><p>Nº 2 - Conceder  aposentadoria voluntária  integral a servidora  IDA MARIA RODRIGUES BERNARDI, matrícula  SIAPE  0939261, ocupante do cargo de Técnico do Seguro Social, classe "S", padrão IV, Nível Intermediário, do quadro de pessoal do  Instituto Nacional do Seguro Social, com fundamento no artigo 3º da Emenda Constitucional nº 47 de 5 de julho de 2005,  observado o contido no processo n° 35436.014869/2017-52, declarando, em consequência, o  referido cargo vago.</p><p>Nº 3 - Conceder  aposentadoria voluntária  integral a servidora  MARIA CRISTINA MILANELLO MIRANDA, matrícula  SIAPE  0938033, ocupante do cargo de Técnico do Seguro Social, classe "S", padrão IV, Nível Intermediário, do quadro de pessoal do  Instituto Nacional do Seguro Social, com fundamento no artigo 3º da Emenda Constitucional nº 47 de 5 de julho de 2005,  observado o contido no processo n° 35436.014862/2017-31, declarando, em consequência, o  referido cargo vago.</p><p>Nº  4 - Conceder  aposentadoria voluntária  integral a servidora  MÁRCIA CECÍLIA TREVISAN, matrícula  SIAPE  0936346, ocupante do cargo de Técnico do Seguro Social, classe "S", padrão IV, Nível Intermediário, do quadro de pessoal do  Instituto Nacional do Seguro Social, com fundamento no artigo 3º da Emenda Constitucional nº 47 de 5 de julho de 2005,  observado o contido no processo n° 35436.014870/2017-87, declarando, em consequência, o  referido cargo vago.</p><p>Nº  5 - Conceder  aposentadoria voluntária  integral a servidora  MARIA APARECIDA CARMONA ZAMBOIM, matrícula  SIAPE  0934710, ocupante do cargo de Técnico do Seguro Social, classe "S", padrão IV, Nível Intermediário, do quadro de pessoal do  Instituto Nacional do Seguro Social, com fundamento no artigo 3º da Emenda Constitucional nº 47 de 5 de julho de 2005,  observado o contido no processo n° 35397.000068/2017-13, declarando, em consequência, o  referido cargo vago. </p><p>Nº  6 - Conceder aposentadoria voluntária integral a servidora REGINA MARIA COSTA, matrícula SIAPE 0936248, ocupante do cargo de Técnico do Seguro Social, classe "S", padrão IV, Nível Intermediário, do quadro de pessoal do Instituto Nacional do Seguro Social, com fundamento no artigo 3º da Emenda Constitucional nº 47 de 5 de julho de 2005, observado o contido no processo n° 35436.014866/2017-19, declarando em consequência, o referido cargo vago.  </p>]]></Texto>
    <Autores>
      <assina>MELISSA MORGAN RADDI</assina>
    </Autores>
  </body>
</article></xml>