﻿<xml><article id="1352475" name="PTS3A13SGPADM" idOficio="4660496" pubName="DO2" artType="Portaria" pubDate="01/02/2018" artClass="00022:00029:00233:00003:00066:00000:00000:00000:00000:00000:00025:00005" artSection="Serviço de Gestão de Pessoas da Administração Central" artCategory="Serviço de Gestão de Pessoas da Administração Central" artSize="8" artNotes="" numberPage="2-83" pdfPage="http://pesquisa.in.gov.br/imprensa/jsp/visualiza/index.jsp?data=01/02/2018&amp;jornal=529&amp;pagina=2,http://pesquisa.in.gov.br/imprensa/jsp/visualiza/index.jsp?data=01/02/2018&amp;jornal=529&amp;pagina=83" editionNumber="23">
  <body>
    <Identifica><![CDATA[PORTARIAS DE 31 DE JANEIRO DE 2018]]></Identifica>
    <Data><![CDATA[]]></Data>
    <Ementa />
    <Titulo />
    <SubTitulo />
    <Texto><![CDATA[<p> A CHEFE DO SERVIÇO DE GESTÃO DE PESSOAS DA ADMINISTRAÇÃO CENTRAL DO INSTITUTO NACIONAL DO SEGURO SOCIAL, no uso das atribuições conferidas pelo artigo 119 do Regimento Interno do INSS, aprovado pela Portaria MDS nº 414, de 28.09.2017, publicada no DOU nº 188-A, de 24.07.2017, Seção I, resolve:</p><p>Nº  3. Conceder aposentadoria voluntária por tempo de contribuição a servidora KAREN JORGE SALIBA, matrícula 0.222.610, ocupante do cargo de Técnico do Seguro Social, Classe "S", Padrão IV, do Quadro de Pessoal deste Instituto, com fundamento no artigo 3º da Emenda Constitucional nº 47/2005, com proventos integrais, com base na remuneração do cargo e demais vantagens previstas na legislação vigente.(Processo nº 35000.001508/2017-66), em consequência, declarar vago o referido cargo. </p><p>Nº  4.  Conceder aposentadoria voluntária por tempo de contribuição a servidora EDENILDA SOARES DA SILVA, matrícula 0.879.068, ocupante do cargo de Datilografo, Classe "S", Padrão IV, do Quadro de Pessoal deste Instituto, com fundamento no artigo 3º da Emenda Constitucional nº 47/2005, com proventos integrais, com base na remuneração do cargo e demais vantagens previstas na legislação vigente. (Processo nº 35000.001803/2017-12), em consequência, declarar vago o referido cargo. </p><p>Nº  5. Conceder aposentadoria voluntária por tempo de contribuição a servidora VILMA CÉLIA COSTA, matrícula 1.057.664, ocupante do cargo de Técnico do Seguro Social, Classe "S", Padrão IV, do Quadro de Pessoal deste Instituto, com fundamento no artigo 3º da Emenda Constitucional nº 47/2005, com proventos integrais, com base na remuneração do cargo e demais vantagens previstas na legislação vigente. (Processo nº 35000.001859/2017-77), em consequência, declarar vago o referido cargo. </p><p>Nº  6. Conceder aposentadoria voluntária por tempo de contribuição a servidora LEILA SILVA CANNALONGA, matrícula 0.878.829, ocupante do cargo de Assistente Social, Classe "S", Padrão IV, do Quadro de Pessoal deste Instituto, com fundamento no artigo 3º da Emenda Constitucional nº 47/2005, com proventos integrais, com base na remuneração do cargo e demais vantagens previstas na legislação vigente. (Processo nº 35000.001868/2017-68), em consequência, declarar vago o referido cargo. </p><p>Nº  7. Conceder aposentadoria voluntária por tempo de contribuição a servidora MARIA LUÍZA LOPES DOURADO CAMARGOS, matrícula 0.220.635, ocupante do cargo de Técnico do Seguro Social, Classe "S", Padrão IV, do Quadro de Pessoal deste Instituto, com fundamento no artigo 3º da Emenda Constitucional nº 47/2005, com proventos integrais, com base na remuneração do cargo e demais vantagens previstas na legislação vigente. (Processo nº 35000.001808/2017-45), em consequência, declarar vago o referido cargo. </p><p>Nº  8. Conceder aposentadoria voluntária por tempo de contribuição a servidora ISABEL CRISTINA CASTRO DE OLIVEIRA DOMINGUES, matrícula 0.904.284, ocupante do cargo de Técnico do Seguro Social, Classe "S", Padrão IV, do Quadro de Pessoal deste Instituto, com fundamento no artigo 3º da Emenda Constitucional nº 47/2005, com proventos integrais, com base na remuneração do cargo e demais vantagens previstas na legislação vigente. (Processo nº 35000.000005/2018-54), em consequência, declarar vago o referido cargo. </p><p>Nº  9. Conceder aposentadoria voluntária por tempo de contribuição a servidora ROSELENE LEITE DE SOUZA, matrícula 0.917.757, ocupante do cargo de Técnico do Seguro Social, Classe "S", Padrão IV, do Quadro de Pessoal deste Instituto, com fundamento no artigo 3º da Emenda Constitucional nº 47/2005, com proventos integrais, com base na remuneração do cargo e demais vantagens previstas na legislação vigente. (Processo nº 35000.000043/2018-15), em consequência, declarar vago o referido cargo.</p><p>Nº  10. Conceder aposentadoria voluntária por tempo de contribuição ao servidor MOACIR JUSTO DA SILVA, matrícula 0.220.273, ocupante do cargo de Agente de Vigilância, Classe "S", Padrão IV, do Quadro de Pessoal deste Instituto, com fundamento no artigo 3º da Emenda Constitucional nº 47/2005, com proventos integrais, com base na remuneração do cargo e demais vantagens previstas na legislação vigente. (Processo nº 35000.000081/2018-60), em consequência, declarar vago o referido cargo.</p><p>Nº  11. Conceder aposentadoria voluntária por tempo de contribuição ao servidor ODILON TEODORO DA CRUZ, matrícula 0.878.740, ocupante do cargo de Técnico do Seguro Social, Classe "S", Padrão IV, do Quadro de Pessoal deste Instituto, com fundamento no artigo 3º da Emenda Constitucional nº 47/2005, com proventos integrais, com base na remuneração do cargo e demais vantagens previstas na legislação vigente. (Processo nº 35000.000002/2018-11), em consequência, declarar vago o referido cargo.</p><p>Nº  12. Conceder aposentadoria voluntária por tempo de contribuição a servidora MARIA LUCENA DE MELO MOREIRA, matrícula 1.211.005, ocupante do cargo de Técnico de Contabilidade, Classe "S", Padrão IV, do Quadro de Pessoal deste Instituto, com fundamento no artigo 6º, incisos I, II, III e IV da Emenda Constitucional nº 41/2003, com proventos integrais, com base na remuneração do cargo e demais vantagens previstas na legislação vigente. (Processo nº 35000.000066/2018-11), em consequência, declarar vago o referido cargo.</p><p>Nº  13. Conceder aposentadoria voluntária por tempo de contribuição ao servidor JOSIVAL MONTEIRO DA SILVA, matrícula 0.220.655, ocupante do cargo de Datilógrafo, Classe "S", Padrão IV, do Quadro de Pessoal deste Instituto, com fundamento no artigo 3º da Emenda Constitucional nº 47/2005, com proventos integrais, com base na remuneração do cargo e demais vantagens previstas na legislação vigente. (Processo nº 35000.000080/2018-15), em consequência, declarar vago o referido cargo.</p>]]></Texto>
    <Autores>
      <assina>ANA PAULA PROCACI ERVILHA</assina>
    </Autores>
  </body>
</article></xml>