﻿<xml><article id="1351248" name="portaria 17573 SGP" idOficio="4660330" pubName="DO2" artType="Portaria" pubDate="01/02/2018" artClass="00037:00025:00000:00000:00000:00000:00000:00000:00000:00000:00025:00003" artSection="Poder Judiciário" artCategory="Tribunal Regional Eleitoral do Pará" artSize="8" artNotes="" numberPage="118" pdfPage="http://pesquisa.in.gov.br/imprensa/jsp/visualiza/index.jsp?data=01/02/2018&amp;jornal=529&amp;pagina=118" editionNumber="23">
  <body>
    <Identifica><![CDATA[Portaria Nº 17.573, de 26 de janeiro de 2018]]></Identifica>
    <Data><![CDATA[]]></Data>
    <Ementa />
    <Titulo />
    <SubTitulo />
    <Texto><![CDATA[<p> A PRESIDENTE DO TRIBUNAL REGIONAL ELEITORAL DO PARÁ, no uso das atribuições que lhe são conferidas por lei, e à vista do contido no Processo Administrativo Eletrônico nº 0013047-11.2017.6.14.8000, resolve:</p><p>Art. 1º ALTERAR o art. 1º da Portaria nº 17.502, de 21.12.2017, publicada no Diário Oficial da União de 27.12.2017, que passa a ter a seguinte redação:</p><p>"Art. 1º CEDER pelo período de 01 (um) ano, a servidora CLARA REGINA NERY NASCIMENTO, Analista Judiciário da Área Judiciária do Quadro de Pessoal Permanente deste Tribunal, à Câmara dos Deputados para ocupar o Cargo em Comissão de Secretário Parlamentar - CD-CC-SP-01, com efeitos a contar da data de sua entrada em exercício no referido cargo comissionado, com ônus da remuneração do cargo efetivo para este Órgão cedente, recaindo para o Órgão cessionário o pagamento da gratificação comissionada, com fulcro no art. 93, inciso I, § 1º da Lei nº 8.112/1990."</p><p>Art. 2º Esta portaria entra em vigor na data de sua publicação.</p>]]></Texto>
    <Autores>
      <assina>CÉLIA REGINA DE LIMA PINHEIRO</assina>
    </Autores>
  </body>
</article></xml>