﻿<xml><article id="1351506" name="PORTARIA Nº 374-ASSADI-MD" idOficio="4660360" pubName="DO2" artType="Portaria" pubDate="01/02/2018" artClass="00010:00033:01398:00000:00000:00000:00000:00000:00000:00000:00025:00004" artSection="Departamento de Administração Interna" artCategory="Departamento de Administração Interna" artSize="8" artNotes="" numberPage="13" pdfPage="http://pesquisa.in.gov.br/imprensa/jsp/visualiza/index.jsp?data=01/02/2018&amp;jornal=529&amp;pagina=13" editionNumber="23">
  <body>
    <Identifica><![CDATA[PORTARIA Nº 374/ASSADI/MD, DE 30 DE JANEIRO DE 2018]]></Identifica>
    <Data><![CDATA[]]></Data>
    <Ementa />
    <Titulo />
    <SubTitulo />
    <Texto><![CDATA[<p> O DIRETOR DO DEPARTAMENTO DE ADMINISTRAÇÃO INTERNA, SUBSTITUTO, em conformidade com a Portaria nº 77/SEORI/SG-MD, de 4 de março de 2016, no uso de suas atribuições previstas nos incisos I e III do art. 35 do Anexo I do Decreto nº 8.978, de 1º de fevereiro de 2017, e no § 2o do art. 12 da Portaria Normativa no 993/MD, de 30 de abril de 2015, alterada por meio da Portaria Normativa nº 1/MD, de 3 de janeiro de 2018, e considerando o que consta no Processo Administrativo nº 60583.003674/2017-31, resolve:</p><p>Art. 1º Outorgar a Permissão de Uso do Próprio Nacional Residencial situado na SQS 112, Bloco "B", Apartamento 602, Asa Sul, ao Maj Brig (FAB) CARLOS MINELLI DE SÁ, conforme previsto no inciso IV do art. 3o da Portaria Normativa nº 1/MD, de 3 de janeiro de 2018. </p><p>Art. 2º As despesas decorrentes do uso do PNR deverão ser cobradas do permissionário a partir da data da ocupação, conforme §4º do art. 12 da Portaria Normativa nº 1/MD, de 3 de janeiro de 2018.</p>]]></Texto>
    <Autores>
      <assina>JOSÉ ROSALVO LEITÃO DE ALMEIDA</assina>
    </Autores>
  </body>
</article></xml>