﻿<xml><article id="1350037" name="DOU - CELSO PEREIRA PAULO NETO-d" idOficio="4660284" pubName="DO2" artType="Portaria" pubDate="01/02/2018" artClass="00037:00029:00000:00000:00000:00000:00000:00000:00000:00000:00025:00001" artSection="Poder Judiciário" artCategory="Tribunal Regional Eleitoral do Piauí" artSize="8" artNotes="" numberPage="119" pdfPage="http://pesquisa.in.gov.br/imprensa/jsp/visualiza/index.jsp?data=01/02/2018&amp;jornal=529&amp;pagina=119" editionNumber="23">
  <body>
    <Identifica><![CDATA[PORTARIA nº 117, de 26 de janeiro de 2018]]></Identifica>
    <Data><![CDATA[]]></Data>
    <Ementa />
    <Titulo />
    <SubTitulo />
    <Texto><![CDATA[<p> O DESEMBARGADOR FRANCISCO ANTÔNIO PAES LANDIM FILHO, PRESIDENTE DO EGRÉGIO TRIBUNAL REGIONAL ELEITORAL DO PIAUÍ, no uso de suas atribuições legais,</p><p>Considerando a indicação contida no documento digital (PAD) nº 3.290/2018, de 24 de janeiro de 2018 resolve:</p><p>Art. 1º Fica designado CELSO PEREIRA PAULO NETO, servidor do Quadro de Pessoal deste Tribunal, Técnico Judiciário, Área Administrativa, matrícula nº 629, para o exercício da Função Comissionada de Assistente I (FC-1), do Cartório Eleitoral da 83ª Zona, sediada em Paes Landim. </p><p>Art. 2º Esta portaria entra em vigor na data de sua publicação oficial, com efeitos a partir desta data</p>]]></Texto>
    <Autores>
      <assina>Des. FRANCISCO ANTÔNIO PAES LANDIM FILHO</assina>
    </Autores>
  </body>
</article></xml>