﻿<xml><article id="1544121" name="Portaria nº 56, de 30 de janeiro" idOficio="4660490" pubName="DO2" artType="Portaria" pubDate="15/02/2018" artClass="00011:00121:00000:00000:00000:00000:00000:00000:00000:00000:00025:00001" artSection="Ministério da Educação" artCategory="Universidade Federal do Oeste do Pará" artSize="8" artNotes="" numberPage="13" pdfPage="http://pesquisa.in.gov.br/imprensa/jsp/visualiza/index.jsp?data=15/02/2018&amp;jornal=529&amp;pagina=13" editionNumber="31" highlight="">
  <body>
    <Identifica><![CDATA[PORTARIA Nº 56, DE 30 DE JANEIRO DE 2018]]></Identifica>
    <Data><![CDATA[]]></Data>
    <Ementa />
    <Titulo />
    <SubTitulo />
    <Texto><![CDATA[<p>A REITORA DA UNIVERSIDADE FEDERAL DO OESTE DO PARÁ, no uso de suas atribuições conferidas pelo Decreto Presidencial de 28 de março de 2014, publicado no Diário Oficial da União em 31 de março de 2014, Seção 2, pág. 1, e consoante as disposições legais e estatutárias vigentes, resolve:</p><p>Designar ÂNGELA ROCHA DOS SANTOS, Pedagoga, para exercer a função gratificada de Coordenadora de Projetos Educacionais da Pró-Reitoria de Ensino de Graduação desta Universidade, código FG-1, ficando dispensada da referida função ADRIANE CAVALCANTI FLORENCIO DE OLIVEIRA, Assistente em Administração, a contar de 15 de fevereiro de 2018. (Processo nº 23204.001268/2018-80).</p>]]></Texto>
    <Autores>
      <assina>Raimunda Nonata Monteiro</assina>
    </Autores>
  </body>
</article></xml>