﻿<xml><article id="1349159" name="PORTARIA GPR 2787" idOficio="4659359" pubName="DO2" artType="Portaria" pubDate="01/02/2018" artClass="00037:00039:00002:00000:00000:00000:00000:00000:00000:00000:00025:00001" artSection="Presidência" artCategory="Presidência" artSize="8" artNotes="" numberPage="120" pdfPage="http://pesquisa.in.gov.br/imprensa/jsp/visualiza/index.jsp?data=01/02/2018&amp;jornal=529&amp;pagina=120" editionNumber="23">
  <body>
    <Identifica><![CDATA[Portaria Nº 2.787, de 12 de dezembro de 2017]]></Identifica>
    <Data><![CDATA[]]></Data>
    <Ementa />
    <Titulo />
    <SubTitulo />
    <Texto><![CDATA[<p> O PRESIDENTE DO TRIBUNAL DE JUSTIÇA DO DISTRITO FEDERAL E DOS TERRITÓRIOS, no uso de sua competência legal, com base no disposto no art. 37 da Lei 8.112/1990, na Resolução CNJ 146/2012 e no Acórdão TCU 3.447/2012 - Plenário, bem como no PA 0022653/2017,  resolve:</p><p>Redistribuir o cargo de Analista Judiciário, Área Judiciária, sem especialidade, Nível Superior, ocupado pelo servidor MARCELO VIEIRA CHAGAS, matrícula 313.180,  do Quadro de Pessoal deste Tribunal, em reciprocidade com um cargo vago, de igual denominação, do Quadro de Pessoal do Tribunal Regional do Trabalho da 10ª Região.</p>]]></Texto>
    <Autores>
      <assina>Des. MARIO MACHADO</assina>
    </Autores>
  </body>
</article></xml>