﻿<xml><article id="1352832" name="PORTARIA DE CESSÃO NELSON NAELSO" idOficio="4660534" pubName="DO2" artType="Portaria" pubDate="01/02/2018" artClass="00011:00106:00000:00000:00000:00000:00000:00000:00000:00000:00019:00001" artSection="Ministério da Educação" artCategory="Universidade Federal da Bahia" artSize="8" artNotes="" numberPage="34" pdfPage="http://pesquisa.in.gov.br/imprensa/jsp/visualiza/index.jsp?data=01/02/2018&amp;jornal=529&amp;pagina=34" editionNumber="23">
  <body>
    <Identifica><![CDATA[PORTARIAS DE 31 DE JANEIRO DE 2018]]></Identifica>
    <Data><![CDATA[]]></Data>
    <Ementa />
    <Titulo />
    <SubTitulo />
    <Texto><![CDATA[<p>  O REITOR DA UNIVERSIDADE FEDERAL DA BAHIA, no uso de suas atribuições legais e estatutárias, Resolve:</p><p>Nº 17 - Tornar sem efeito a publicação da Cessão do Servidor NELSON NAELSON DE ALMEIDA DAMASCENO, que foi publicada no Diário Oficial da União de 24/11/2017, seção 2, pág. 23, da Portaria nº 195 de 23/11/2017.</p><p>  O REITOR DA UNIVERSIDADE FEDERAL DA BAHIA, no uso de suas atribuições legais e, considerando o disposto no artigo 93 da Lei nº 8.112, de 11 de dezembro de 1990, com a redação dada pelo artigo 22 da Lei nº 8.270, de 17 de dezembro de 1991, e alínea "b", inciso I do item 2 da Instrução Normativa/SAF nº 10, de 30 de novembro de 1993 e Portaria nº 404, de 23 de abril de 2009, conformidade com o Processo nº 23066.059102/2017-29, Resolve:</p><p>Nº 18 - Autorizar a Cessão do servidor, pertencente ao Quadro de Pessoal desta Universidade, na forma abaixo indicada:</p><p>Nome: NELSON NAELSON DE ALMEIDA DAMASCENO.</p><p>Cargo: Desenhista Técnico.</p><p>Matrícula SIAPE: 0282983.</p><p>Para: Universidade Federal do Oeste da Bahia - UFOB</p><p>Cargo: Para Exercer o Cargo de Assessor da Reitoria.</p><p>Amparo legal: art. 93 da Lei nº 8.112/90 e Decreto nº 4.050/2001.</p><p>Responsabilidade do ônus: órgão cedente.</p><p>         Processo nº 23066.059102/2017-29.</p>]]></Texto>
    <Autores>
      <assina>JOÃO CARLOS SALLES PIRES DA SILVA</assina>
    </Autores>
  </body>
</article></xml>