﻿<xml><article id="1350579" name="P8292018" idOficio="4660316" pubName="DO2" artType="Portaria" pubDate="01/02/2018" artClass="00011:00129:00001:00001:00000:00000:00000:00000:00000:00000:00025:00003" artSection="Gabinete do Reitor" artCategory="Gabinete do Reitor" artSize="8" artNotes="" numberPage="42" pdfPage="http://pesquisa.in.gov.br/imprensa/jsp/visualiza/index.jsp?data=01/02/2018&amp;jornal=529&amp;pagina=42" editionNumber="23">
  <body>
    <Identifica><![CDATA[PORTARIAS DE 30 DE JANEIRO DE 2018]]></Identifica>
    <Data><![CDATA[]]></Data>
    <Ementa />
    <Titulo />
    <SubTitulo />
    <Texto><![CDATA[<p> a VICE-REITORA, NO EXERCÍCIO DA REITORIA DA UNIVERSIDADE FEDERAL DO RIO GRANDE DO SUL, no uso de suas atribuições legais e estatutárias, resolve:</p><p> </p><p>N° 829 - Autorizar o afastamento do país de LIANE MARGARIDA ROCKENBACH TAROUCO, Professor do Magistério Superior, lotada no Departamento de Estudos Especializados da Faculdade de Educação e com exercício no Programa de Pós-Graduação em Informática na Educação, com a finalidade de participar de curso junto à Asociación de Universidades Grupo Montevideo, em Bahia Blanca, Argentina, no período compreendido entre 25/02/2018 e 03/03/2018, incluído trânsito, com ônus Secretaria de Relações Internacionais. Solicitação nº 33912.</p><p>N° 844 - Autorizar o afastamento do país de ROBERTO GIUGLIANI, Professor do Magistério Superior,  lotado e em exercício no Departamento de Genética do Instituto de Biociências,  com a finalidade de participar de reunião junto  à Universidad de Buenos Aires, em Buenos Aires, Argentina, no período compreendido entre 14/02/2018 e 16/02/2018, incluído trânsito, com ônus limitado. Solicitação nº  33951.</p><p>N° 845 - Autorizar o afastamento do país de ANIA CHALA, Jornalista, lotada e em exercício na Secretaria de Comunicação Social, com a finalidade de participar de congresso junto à Sociedad Uruguaya de Historia de la Educación, em Montevideu, Uruguai, no período compreendido entre 27/02/2018 e 04/03/2018, incluído trânsito, com ônus Pró-Reitoria de Pesquisa. Solicitação nº 33888.</p><p>N° 846 - Autorizar o afastamento do país de CARLOS EDUARDO SCHONERWALD DA SILVA, Professor do Magistério Superior,  lotado e em exercício no Departamento de Economia e Relações Internacionais da Faculdade de Ciências Econômicas,  com a finalidade de participar de conferência junto  ao Levy Economics Institute of Bard College, em Boston, Estados Unidos, no período compreendido entre 28/02/2018 e 05/03/2018, incluído trânsito, com ônus limitado. Solicitação nº  33776.</p>]]></Texto>
    <Autores>
      <assina>JANE FRAGA TUTIKIAN</assina>
    </Autores>
  </body>
</article></xml>