﻿<xml><article id="1351352" name="PTS5E6GUARULHOS" idOficio="4660340" pubName="DO2" artType="Portaria" pubDate="01/02/2018" artClass="00022:00029:00239:00011:00013:00000:00000:00000:00000:00000:00025:00003" artSection="Seção Operacional da Gestão de Pessoas" artCategory="Seção Operacional da Gestão de Pessoas" artSize="8" artNotes="" numberPage="87" pdfPage="http://pesquisa.in.gov.br/imprensa/jsp/visualiza/index.jsp?data=01/02/2018&amp;jornal=529&amp;pagina=87" editionNumber="23">
  <body>
    <Identifica><![CDATA[PORTARIAS DE 31 DE JANEIRO DE 2018]]></Identifica>
    <Data><![CDATA[]]></Data>
    <Ementa />
    <Titulo />
    <SubTitulo />
    <Texto><![CDATA[<p> A CHEFE DA SEÇÃO OPERACIONAL DA GESTÃO DE PESSOAS(SUBSTITUINDO) DA GERÊNCIA EXECUTIVA DO INSTITUTO NACIONAL DO SEGURO SOCIAL (INSS) EM  GUARULHOS NO ESTADO DE SÃO PAULO, no uso das atribuições que lhe confere o artigo 235, inciso I alínea "e" do Regimento Interno do INSS, aprovado pela Portaria nº 414/MDS, de 28/09/2017, publicada no DOU nº 188-A, de 29/09/2017, resolve:</p><p>Nº 5 -  Conceder Aposentadoria Voluntária Integral a servidora Dirce de Oliveira, matrícula Siape 6595637, ocupante do cargo de Técnico do Seguro Social, Classe "S" Padrão IV, do quadro de pessoal do INSS, com fundamento no Artigo 3º da Emenda Constitucional nº 47/2005, acrescido das demais vantagens a que faz jus, observado o contido no Processo nº 35393.00014/2018-79, declarando, em consequência, o referido cargo vago.</p><p>Nº 6 -  Conceder Aposentadoria Voluntária Integral a servidora Cássia Aparecida Binder Toyoshima, matrícula Siape 0604247, ocupante do cargo de Técnico do Seguro Social, Classe "S" Padrão IV, do quadro de pessoal do INSS, com fundamento no Artigo 3º da Emenda Constitucional nº 47/2005, acrescido das demais vantagens a que faz jus, observado o contido no Processo nº 35393.000311/2017-33, declarando, em consequência, o referido cargo vago.</p>]]></Texto>
    <Autores>
      <assina>Cristiane Aparecida Pinheiro da Silva</assina>
    </Autores>
  </body>
</article></xml>