﻿<xml><article id="1349357" name="Extrato de Portaria N 007_2018 D" idOficio="4660177" pubName="DO2" artType="Portaria" pubDate="01/02/2018" artClass="00011:00060:00023:00001:00000:00000:00000:00000:00000:00000:00025:00001" artSection="Gabinete" artCategory="Gabinete" artSize="8" artNotes="" numberPage="24" pdfPage="http://pesquisa.in.gov.br/imprensa/jsp/visualiza/index.jsp?data=01/02/2018&amp;jornal=529&amp;pagina=24" editionNumber="23">
  <body>
    <Identifica><![CDATA[PORTARIA Nº 7, DE 30 DE JANEIRO DE 2018]]></Identifica>
    <Data><![CDATA[]]></Data>
    <Ementa />
    <Titulo />
    <SubTitulo />
    <Texto><![CDATA[<p> A DIRETORA GERAL DO INSTITUTO FEDERAL DE EDUCAÇÃO, CIÊNCIA E TECNOLOGIA DO CEARÁ - CAMPUS MORADA NOVA, no uso de suas atribuições, e considerando o que dispõe a Portaria Nº 252/GR, de 20 de março de 2017, Resolve:</p><p>Art. 1º- Dispensar a servidora TIBELLE FREITAS MAURICIO, matrícula SIAPE Nº 2164700, enfermeira, pertencente ao Quadro Permanente deste Instituto Federal, da função gratificada como titular da Chefia de Gabinete do IFCE campus de Morada Nova, código FG-02, para a qual fora designada mediante a Portaria Nº 018/GDG, de 21 de fevereiro de 2017.</p><p>Art. 2°- Estabelecer que a presente portaria entre em vigor na data de sua publicação no Diário Oficial da União.</p>]]></Texto>
    <Autores>
      <assina>MARIA BEATRIZ CLAUDINO BRANDÃO</assina>
    </Autores>
  </body>
</article></xml>