﻿<xml><article id="1352955" name="DOU02_PORTARIAS_CGP_PR_025_026_0" idOficio="4660554" pubName="DO2" artType="Portaria" pubDate="01/02/2018" artClass="00037:00059:00001:00000:00000:00000:00000:00000:00000:00000:00001:00009" artSection="Presidência" artCategory="Presidência" artSize="8" artNotes="" numberPage="141" pdfPage="http://pesquisa.in.gov.br/imprensa/jsp/visualiza/index.jsp?data=01/02/2018&amp;jornal=529&amp;pagina=141" editionNumber="23">
  <body>
    <Identifica><![CDATA[PORTARIA nº 25, de 24 DE JANEIRO DE 2018]]></Identifica>
    <Data><![CDATA[]]></Data>
    <Ementa />
    <Titulo />
    <SubTitulo />
    <Texto><![CDATA[<p> O DESEMBARGADOR PRESIDENTE DO TRIBUNAL REGIONAL DO TRABALHO DA 20ª REGIÃO, no uso de suas atribuições legais e regimentais e considerando o contido no PROAD nº 30242/2018, resolve:</p><p> Designar a servidora MÔNICA CRISTINA SANTOS LEITE, Analista Judiciário - Área Judiciária do Quadro Permanente de Pessoal da Secretaria deste Tribunal, para exercer a Função Comissionada de ASSISTENTE ADMINISTRATIVO (FC-3), ficando dispensada da Função Comissionada de CHEFE DE GABINETE (FC-5), ambas do Gabinete da Exma. Desembargadora RITA DE CÁSSIA PINHEIRO DE OLIVEIRA, com efeitos a contar de 1º/2/2018.</p><p> O DESEMBARGADOR PRESIDENTE DO TRIBUNAL REGIONAL DO TRABALHO DA 20ª REGIÃO, no uso de suas atribuições legais e regimentais e considerando o contido no PROAD nº 30242/2018, resolve:</p><p>Designar a servidora BÁRBARA TORRIANI BRODT, Analista Judiciário - Área Judiciária do TRT da 18ª Região, em exercício provisório neste Tribunal, para exercer a Função Comissionada de ASSISTENTE DE GABINETE (FC-5), ficando dispensada da Função Comissionada de ASSISTENTE ADMINISTRATIVO (FC-3), ambas do Gabinete da Exma. Desembargadora RITA DE CÁSSIA PINHEIRO DE OLIVEIRA, com efeitos a contar de 1º/2/2018.</p><p> O DESEMBARGADOR PRESIDENTE DO TRIBUNAL REGIONAL DO TRABALHO DA 20ª REGIÃO, no uso de suas atribuições legais e regimentais e considerando o contido no PROAD nº 30242/2018, resolve:</p><p>Designar a servidora MIRIAM DA SILVA OLIVEIRA SANTANA, Técnico Judiciário - Área Administrativa do Quadro Permanente de Pessoal da Secretaria deste Tribunal, para exercer a Função Comissionada de CHEFE DE GABINETE (FC-5), ficando dispensada da Função Comissionada de ASSISTENTE DE GABINETE (FC-5), ambas do Gabinete da Exma. Desembargadora RITA DE CÁSSIA PINHEIRO DE OLIVEIRA, com efeitos a contar de 1º/2/2018.</p>]]></Texto>
    <Autores>
      <assina>THENISSON SANTANA DÓRIA</assina>
      <assina>THENISSON SANTANA DÓRIA</assina>
      <assina>THENISSON SANTANA DÓRIA</assina>
    </Autores>
  </body>
</article></xml>