﻿<xml><article id="1349956" name="2018.01.30 PORTARIAS Reitora" idOficio="4660272" pubName="DO2" artType="Portaria" pubDate="01/02/2018" artClass="00011:00128:00000:00000:00000:00000:00000:00000:00000:00000:00025:00001" artSection="Ministério da Educação" artCategory="Universidade Federal do Rio Grande do Norte" artSize="8" artNotes="" numberPage="41" pdfPage="http://pesquisa.in.gov.br/imprensa/jsp/visualiza/index.jsp?data=01/02/2018&amp;jornal=529&amp;pagina=41" editionNumber="23">
  <body>
    <Identifica><![CDATA[PORTARIAS DE 30 DE JANEIRO DE 2018]]></Identifica>
    <Data><![CDATA[]]></Data>
    <Ementa />
    <Titulo />
    <SubTitulo />
    <Texto><![CDATA[<p> A REITORA DA UNIVERSIDADE FEDERAL DO RIO GRANDE DO NORTE, no uso das atribuições inerentes ao cargo e da delegação de competência que lhe concede a Portaria MEC nº 404, de 23.04.2009, resolve:</p><p>Nº 114 - Autorizar o afastamento do país de ALVARO CAMPOS CAVALCANTI MACIEL, matrícula n.º 1460020, Professor Associado do Departamento de Fisioterapia - CCS, para realizar visita técnica à "Florida International University" e participar do "ICFSR 2018", na cidade de Miami, nos EUA, no período de 24.02.2018 a 05.03.2018, inclusive trânsito, com ônus para a UFRN, conforme processo n.º 23077.000667/2018-51.</p><p>Nº 115 - Autorizar o afastamento do país de RICARDO OLIVEIRA GUERRA, matrícula n.º 350637, Professor Titular do Departamento de Fisioterapia - CCS, para realizar visita técnica à "Florida International University" e participar do "ICFSR 2018", na cidade de Miami, nos EUA, no período de 24.02.2018 a 05.03.2018, inclusive trânsito, com ônus para a UFRN, conforme processo n.º 23077.080960/2017-11.</p><p>Nº 116 - Autorizar o afastamento do país de ALVARO CAMPOS CAVALCANTI MACIEL, matrícula n.º 1460020, Professor Associado do Departamento de Fisioterapia - CCS, para realizar visita técnica à "Universidad de Granada", na cidade de Granada, na Espanha, no período de 17.03.2018 a 25.03.2018, inclusive trânsito, com ônus limitado, conforme processo n.º 23077.081240/2017-65.</p>]]></Texto>
    <Autores>
      <assina>ÂNGELA MARIA PAIVA CRUZ</assina>
    </Autores>
  </body>
</article></xml>