﻿<xml><article id="1353030" name="85.823-2017 - CLAUDIA MACHADO SO" idOficio="4660578" pubName="DO2" artType="Ato" pubDate="01/02/2018" artClass="00037:00032:00001:00000:00000:00000:00000:00000:00000:00000:00001:00001" artSection="Presidência" artCategory="Presidência" artSize="8" artNotes="" numberPage="119" pdfPage="http://pesquisa.in.gov.br/imprensa/jsp/visualiza/index.jsp?data=01/02/2018&amp;jornal=529&amp;pagina=119" editionNumber="23">
  <body>
    <Identifica><![CDATA[ATO nº 26, de 26 de janeiro de 2018]]></Identifica>
    <Data><![CDATA[]]></Data>
    <Ementa />
    <Titulo />
    <SubTitulo />
    <Texto><![CDATA[<p> O PRESIDENTE DO TRIBUNAL REGIONAL ELEITORAL DO RIO DE JANEIRO, no uso de suas atribuições legais e regimentais, e considerando o constante do protocolo nº 85.823/2017, resolve: </p><p>Art. 1º Redistribuir para o Tribunal Regional Eleitoral de São Paulo o cargo efetivo de Técnico Judiciário - Área Administrativa ocupado pela servidora CLAUDIA MACHADO SOARES DAS DORES, matrícula n° 00106092,  removida para o referido Regional desde 10/03/2011, recebendo em contrapartida o cargo de Técnico Judiciário - Área Administrativa ocupado pelo servidor FERNANDO MARQUES RODRIGUES, matrícula n° 14.098-8, removido para esta Corte desde 13/11/2009, com fulcro no artigo 37 da Lei n° 8.112/1990, na Resolução CNJ nº 146/2012 e na Resolução TSE nº 23.430/2014.</p><p>Art. 2º Este ato entra em vigor na data de sua publicação.</p>]]></Texto>
    <Autores>
      <assina>Des CARLOS EDUARDO DA FONSECA PASSOS</assina>
    </Autores>
  </body>
</article></xml>