﻿<xml><article id="1351736" name="PT7CUIABA" idOficio="4660380" pubName="DO2" artType="Portaria" pubDate="01/02/2018" artClass="00022:00029:00238:00019:00077:00000:00000:00000:00000:00000:00025:00003" artSection="Seção Operacional da Gestão de Pessoas" artCategory="Seção Operacional da Gestão de Pessoas" artSize="8" artNotes="" numberPage="86" pdfPage="http://pesquisa.in.gov.br/imprensa/jsp/visualiza/index.jsp?data=01/02/2018&amp;jornal=529&amp;pagina=86" editionNumber="23">
  <body>
    <Identifica><![CDATA[PORTARIA Nº 7, DE 31 DE JANEIRO DE 2018]]></Identifica>
    <Data><![CDATA[]]></Data>
    <Ementa />
    <Titulo />
    <SubTitulo />
    <Texto><![CDATA[<p> O CHEFE DA SEÇÃO DE GESTÃO DE PESSOAS DA GERÊNCIA EXECUTIVA INSTITUTO NACIONAL DO SEGURO SOCIAL/CUIABÁ/MT, no uso das atribuições que lhe foram conferidas pelo artigo 235 do Regimento Interno do INSS, aprovado pela Portaria MPS nº 414, de 28 de setembro de 2017, publicada no DOU nº 188-A, de 29/9/2017, seção I, pág. 1/23, resolve: </p><p>Conceder aposentadoria voluntária por tempo de contribuição a servidora GLAÚCIA MARIA DE CARVALHO, matrícula 0.890.178, ocupante do cargo de Técnico do Seguro Social, Classe "S", Padrão IV, do Quadro de Pessoal deste Instituto, com fundamento no artigo 3º da Emenda Constitucional nº 47/2005, com proventos integrais, com base na remuneração do cargo e demais vantagens a que faz jus, na forma da lei. (Processo nº 35087.000034/2018-11), em consequência, declarar vago o referido cargo. </p>]]></Texto>
    <Autores>
      <assina>NERIVALDO NOGUEIRA KAISER</assina>
    </Autores>
  </body>
</article></xml>