﻿<xml><article id="1349720" name="PTS14E15CAXIASDOSUL" idOficio="4660256" pubName="DO2" artType="Portaria" pubDate="01/02/2018" artClass="00022:00029:00241:00010:00017:00000:00000:00000:00000:00000:00025:00014" artSection="Seção Operacional da Gestão de Pessoas" artCategory="Seção Operacional da Gestão de Pessoas" artSize="8" artNotes="" numberPage="96" pdfPage="http://pesquisa.in.gov.br/imprensa/jsp/visualiza/index.jsp?data=01/02/2018&amp;jornal=529&amp;pagina=96" editionNumber="23">
  <body>
    <Identifica><![CDATA[PORTARIAS DE 31 DE JANEIRO DE 2018]]></Identifica>
    <Data><![CDATA[]]></Data>
    <Ementa />
    <Titulo />
    <SubTitulo />
    <Texto><![CDATA[<p> A Chefe da Seção Operacional de Gestão de Pessoas da Gerência Executiva do INSS em Caxias do Sul, no Estado do Rio Grande do Sul, no uso das atribuições estabelecidas no artigo 171 do Regimento Interno, aprovado pela Portaria/MPS nº 296, de 09/11/2009, publicada no DOU n 214, de 10/11/2009, resolve: </p><p>Nº 14 - Conceder aposentadoria voluntária à servidora MARGARETH VERZA CATALUNA, matrícula 0926915, ocupante do cargo de Assistente Social, NS-434017, Classe S, Padrão IV, do Quadro de Pessoal do Instituto Nacional do Seguro Social, com fundamento no art. 186, inciso III, alínea "a" da Lei 8.112/90, combinado com o disposto no artigo 3º da Emenda Constitucional nº 47/2005, com proventos integrais, pela paridade, acrescido das demais vantagens a que faz jus, tendo em vista o que consta no processo nº 35249.000036/2018-01. Declarar vago o referido cargo.</p><p>Nº 15 - Conceder aposentadoria voluntária ao servidor LUIS CARLOS FIAMENGHI DA SILVEIRA, matrícula 0925142, ocupante do cargo de Técnico do Seguro Social, NI-434550, Classe S, Padrão IV, do Quadro de Pessoal do Instituto Nacional do Seguro Social, com fundamento no art. 186, inciso III, alínea "a" da Lei 8.112/90, combinado com o disposto no artigo 3º da Emenda Constitucional nº 47/2005, com proventos integrais, pela paridade, acrescido das demais vantagens a que faz jus, tendo em vista o que consta no processo nº 35249.000035/2018-58. Declarar vago o referido cargo.</p>]]></Texto>
    <Autores>
      <assina>MICHELI PASQUALI</assina>
    </Autores>
  </body>
</article></xml>