﻿<xml><article id="1352796" name="AFASTAMENTO DO PAIS 31.01.2018 D" idOficio="4660454" pubName="DO2" artType="Despacho" pubDate="01/02/2018" artClass="00011:00106:00000:00000:00000:00000:00000:00000:00000:00000:00019:00002" artSection="Ministério da Educação" artCategory="Universidade Federal da Bahia" artSize="8" artNotes="" numberPage="34" pdfPage="http://pesquisa.in.gov.br/imprensa/jsp/visualiza/index.jsp?data=01/02/2018&amp;jornal=529&amp;pagina=34" editionNumber="23">
  <body>
    <Identifica><![CDATA[DESPACHOS DE 31 DE JANEIRO DE 2018]]></Identifica>
    <Data><![CDATA[]]></Data>
    <Ementa />
    <Titulo />
    <SubTitulo />
    <Texto><![CDATA[<p>  O REITOR DA UNIVERSIDADE FEDERAL DA BAHIA, usando da competência subdelegada pela Portaria Ministerial nº. 404/MEC, de 23 de abril de 2009, e de acordo com as determinações do decreto nº. 1.387, de 07.02.95, AUTORIZA, o Afastamento do País dos seguintes servidores:</p><p>Nome: ALINE DE FIGUEIROA SILVA</p><p>Matrícula SIAPE: 1791731</p><p>Data/Período: 10 á 16/01/2018</p><p>Evento: Participar de Mesa Redonda com Apresentação Oral no Seminário de Lançamento da Revista "Brésil(s) Sciences humaines ET sociales" (nº 12, dossier Pars ET jardins), em Paris/França.</p><p>Processo: 23066.069960/2017-81</p><p>Bolsa: limitado</p><p>País de Destino: FRANÇA.</p><p>Nome: EDSON ALBERTO COAYLA TERAN</p><p>Matrícula SIAPE: 1321490</p><p>Data/Período: 08 á 10/01/2018</p><p>Evento: Participação no I Seminário Regional em Estatística, Matemática e Aplicações Peruano-Brasileiro, em Cusco/Peru.</p><p>Processo: 23066.063634/2017-61</p><p>Bolsa: limitado</p><p>País de Destino: PERU.</p><p>Nome: LIGIA AMPARO DA SILVA SANTOS</p><p>Matrícula SIAPE: 1095648</p><p>Data/Período: 26/01 á 01/02/2018</p><p>Evento: Participação em banca de Doutorado, em Toulouse, França.</p><p>Processo: 23066.068672/2017-18</p><p>Bolsa: limitado</p><p>País de Destino: FRANÇA.</p><p>Nome: LYNN ROSALINA GAMA ALVES</p><p>Matrícula SIAPE: 2998326</p><p>Data/Período: 03 á 13/02/2018</p><p>Evento: Participar como conferencista do Seminário de Jogos Digitais e Educação no Instituto Tecnológico de Bragança - Campus de Mirandela em Portugal.</p><p>Processo: 23066.069949/2017-11</p><p>Bolsa: limitado</p><p>País de Destino: PORTUGAL.</p><p>Nome: MÔNICA LIMA DE JESUS</p><p>Matrícula SIAPE: 2313663</p><p>Data/Período: 24/01 á 06/02/2018</p><p>Evento: Participação no 12º Congresso da Psicologia de saúde e no Seminário de Investigaciones Laicos, em Portugal e Espanha.</p><p>Processo: 23066.071094/2017-99</p><p>Bolsa: limitado</p><p>País de Destino: ESPANHA.</p>]]></Texto>
    <Autores>
      <assina>JOÃO CARLOS SALLES PIRES DA SILVA</assina>
    </Autores>
  </body>
</article></xml>