﻿<xml><article id="1349723" name="431.2017 - APOSENTADORIA VOLUNTÁ" idOficio="4660257" pubName="DO2" artType="Portaria" pubDate="01/02/2018" artClass="00017:00026:00013:00016:00000:00000:00000:00000:00000:00000:00025:00003" artSection="Serviço de Administração de Recursos Humanos" artCategory="Serviço de Administração de Recursos Humanos" artSize="8" artNotes="" numberPage="76" pdfPage="http://pesquisa.in.gov.br/imprensa/jsp/visualiza/index.jsp?data=01/02/2018&amp;jornal=529&amp;pagina=76" editionNumber="23">
  <body>
    <Identifica><![CDATA[PORTARIA Nº 431, DE 8 DE DEZEMBRO DE 2017]]></Identifica>
    <Data><![CDATA[]]></Data>
    <Ementa />
    <Titulo />
    <SubTitulo />
    <Texto><![CDATA[<p> O Diretor do Instituto Nacional de Traumatologia e Ortopedia Jamil Haddad, no uso das atribuições que lhe conferem a Portaria nº. 2.359/GM/MS, de 15 de Setembro de 2017, publicada no Diário Oficial da União - DOU nº. 179, de 18 de Setembro de 2017 e Portaria/CGRH/MS nº. 1041, de 30 de outubro de 2009, publicada no Diário Oficial da União - DOU nº. 209, de 03 de novembro de 2009, resolve</p><p>I - Conceder aposentadoria voluntária com proventos integrais ao servidor SALO BUKSMAN, matrícula SIAPE nº 062.919-4 ocupante do cargo de Médico, código NS 309010, Classe S, Padrão III, do Quadro de Pessoal do Ministério da Saúde, com fundamento no artigo 3º da Emenda Constitucional nº 47/2005 e as demais vantagens a que fizer jus.</p><p>II - Declarar vago o cargo referido no item I.</p>]]></Texto>
    <Autores>
      <assina>FLAVIO DOS SANTOS CERQUEIRA</assina>
    </Autores>
  </body>
</article></xml>