﻿<xml><article id="1349653" name="PTS5A11SANTAMARIA" idOficio="4660256" pubName="DO2" artType="Portaria" pubDate="01/02/2018" artClass="00022:00029:00241:00021:00022:00000:00000:00000:00000:00000:00025:00006" artSection="Seção Operacional da Gestão de Pessoas" artCategory="Seção Operacional da Gestão de Pessoas" artSize="8" artNotes="" numberPage="97" pdfPage="http://pesquisa.in.gov.br/imprensa/jsp/visualiza/index.jsp?data=01/02/2018&amp;jornal=529&amp;pagina=97" editionNumber="23">
  <body>
    <Identifica><![CDATA[PORTARIAS de 31 de janeiro de 2018]]></Identifica>
    <Data><![CDATA[]]></Data>
    <Ementa />
    <Titulo />
    <SubTitulo />
    <Texto><![CDATA[<p> O Chefe da Seção Operacional da Gestão de Pessoas da Gerência Executiva do INSS em Santa Maria - RS,  no uso das atribuições conferidas pelo Inciso I do Artigo 235 da Portaria MDS Nº 414, de 28-09-2017, publicada no DOU 188-A de 29/9/2017, que aprova o Regimento Interno do INSS e de acordo com a legislação vigente, resolve: </p><p>Nº 5 - CONCEDER Aposentadoria Voluntária integral, à servidora MARIA DA GLORIA RUSSI BARBOSA, matrícula SIAPE n° 1098686, ocupante do cargo de Arquivista, Nível "NS", classe "S", padrão IV, pertencente ao Quadro de Pessoal do Instituto Nacional do Seguro Social e atualmente na situação funcional de CEDIDO à Advocacia-Geral da União - AGU, com base no art.3º da Emenda Constitucional 47/2005. Observando o contido no Processo nº 35280.000374/2017-67 e declarar, em consequência, o referido cargo vago. </p><p>Nº 6 - CONCEDER Aposentadoria Voluntária integral, à servidora ANA MARIA FREITAS DE OLIVEIRA, matrícula SIAPE n° 0928192, ocupante do cargo de Técnico do Seguro Social, Nível "NI", classe "S", padrão IV, pertencente ao Quadro de Pessoal do Instituto Nacional do Seguro Social, com base no art.3º da Emenda Constitucional 47/2005. Observando o contido no Processo nº 35280.000379/2017-90 e declarar, em consequência, o referido cargo vago. </p><p>Nº 7 - CONCEDER Aposentadoria Voluntária integral, à servidora  LISANI PAGEL, matrícula SIAPE n° 6925815, ocupante do cargo de Técnico do Seguro Social, Nível "NI", classe "S", padrão IV, pertencente ao Quadro de Pessoal do Instituto Nacional do Seguro Social, com base no art.3º da Emenda Constitucional 47/2005. Observando o contido no Processo nº 35280.000388/2017-81 e declarar, em consequência, o referido cargo vago.</p><p>Nº 8 - CONCEDER Aposentadoria Voluntária integral, à servidora  LARITA HELENA KIPPER, matrícula SIAPE n° 0927709, ocupante do cargo de Técnico do Seguro Social, Nível "NI", classe "S", padrão IV, pertencente ao Quadro de Pessoal do Instituto Nacional do Seguro Social, com base no art.3º da Emenda Constitucional 47/2005. Observando o contido no Processo nº 35280.000389/2017-25 e declarar, em consequência, o referido cargo vago.</p><p>Nº 9 - CONCEDER Aposentadoria Voluntária integral, à servidora  VERA LUCIA MOLINOS SOUZA, matrícula SIAPE n° 00579574, ocupante do cargo de Agente de Serviços Diversos,  Nível "NI", classe "S", padrão IV, pertencente ao Quadro de Pessoal do Instituto Nacional do Seguro Social, com base no art.3º da Emenda Constitucional 47/2005. Observando o contido no Processo nº 35280.000390/2017-50 e declarar, em consequência, o referido cargo vago.</p><p>Nº 10 - CONCEDER Aposentadoria Voluntária integral, à servidora  MARIA DE LOURDES CERENTINE, matrícula SIAPE n° 0926639, ocupante do cargo de Técnico do Seguro Social, Nível "NI", classe "S", padrão IV, pertencente ao Quadro de Pessoal do Instituto Nacional do Seguro Social, com base no art.3º da Emenda Constitucional 47/2005. Observando o contido no Processo nº 35280.000393/2017-93 e declarar, em consequência, o referido cargo vago.</p><p>Nº 11 - CONCEDER Aposentadoria Voluntária integral, ao servidor  IRINEU PEDRO LIMBERGER, matrícula SIAPE n° 0925798, ocupante do cargo de Técnico do Seguro Social, Nível "NI", classe "S", padrão IV, pertencente ao Quadro de Pessoal do Instituto Nacional do Seguro Social, com base no art.3º da Emenda Constitucional 47/2005. Observando o contido no Processo nº 35280.000392/2017-93 e declarar, em consequência, o referido cargo vago.</p>]]></Texto>
    <Autores>
      <assina>LUIS FELIPE TEIXEIRA CAURIO</assina>
    </Autores>
  </body>
</article></xml>