﻿<xml><article id="1352670" name="Portaria nº 64 2018 - João Ferre" idOficio="4660487" pubName="DO2" artType="Portaria" pubDate="01/02/2018" artClass="00013:00021:00098:00003:00000:00000:00000:00000:00000:00000:00025:00002" artSection="Coordenação-Geral de Recursos Humanos" artCategory="Coordenação-Geral de Recursos Humanos" artSize="8" artNotes="" numberPage="56" pdfPage="http://pesquisa.in.gov.br/imprensa/jsp/visualiza/index.jsp?data=01/02/2018&amp;jornal=529&amp;pagina=56" editionNumber="23">
  <body>
    <Identifica><![CDATA[PORTARIA Nº64, DE 30 DE JANEIRO DE 2018]]></Identifica>
    <Data><![CDATA[]]></Data>
    <Ementa />
    <Titulo />
    <SubTitulo />
    <Texto><![CDATA[<p> A COORDENADORA-GERAL DE RECURSOS HUMANOS, DA SUPERINTENDÊNCIA DA ZONA FRANCA DE MANAUS - SUFRAMA, no uso das atribuições que lhe confere o art. 1º da Portaria n.º 122, de 2/3/2016, publicada no Boletim de Serviço Extra nº 39, circulado em 3/3/2016, e considerando o que consta do Processo n.º 52710.000358/2018-67, resolve:</p><p>Art. 1º CONCEDER Aposentadoria Voluntária ao servidor JOÃO FERREIRA DA COSTA, Agente de Portaria, Classe "S", Padrão III, do Quadro Permanente desta autarquia, Matrícula SIAPE n.º 0677913 e SIAPEcad n.º 90714, com fundamento no art. 3º, da Emenda Constitucional n.º 47, de 5 de julho de 2005, publicada no DOU de 6 seguinte, com percepção de proventos integrais.</p><p>Art. 2º Esta Portaria entra em vigor na data de sua publicação.</p>]]></Texto>
    <Autores>
      <assina>JAQUELINE CARVALHO DE SANTANA</assina>
    </Autores>
  </body>
</article></xml>