﻿<xml><article id="1352862" name="PORTARIA 15-16-17-18" idOficio="4660546" pubName="DO2" artType="Portaria" pubDate="01/02/2018" artClass="00017:00021:00026:00000:00000:00000:00000:00000:00000:00000:00025:00001" artSection="Superintendência Estadual no Maranhão" artCategory="Superintendência Estadual no Maranhão" artSize="8" artNotes="" numberPage="72" pdfPage="http://pesquisa.in.gov.br/imprensa/jsp/visualiza/index.jsp?data=01/02/2018&amp;jornal=529&amp;pagina=72" editionNumber="23">
  <body>
    <Identifica><![CDATA[PORTARIA Nº 15, DE 29 DE JANEIRO DE 2018]]></Identifica>
    <Data><![CDATA[]]></Data>
    <Ementa />
    <Titulo />
    <SubTitulo />
    <Texto><![CDATA[<p> A SUPERINTENDENTE ESTADUAL SUBSTITUTA DA FUNDAÇÃO NACIONAL DE SAÚDE, no Estado do Maranhão,nomeado pela Portaria nº 270, de 11 de março  de 2008 , e no uso das atribuições que lhe confere o art.13, aprovado pelo Decreto nº. 7.335, publicado no DOU. de 20 de outubro de 2010, e pelo que consta no Memorando nº. 06/DIADM-MA/SUEST-MA de 23.01.2018, resolve:</p><p>ART. 1º - Designar os servidores abaixo relacionados para comporem a Comissão Permanente de Licitação da Funasa/Suest/MA, no período de 02.02.2018 a 03.02.2019:</p><p>-Presidente: Arnaldo Reis - Siape nº. 0473552</p><p>-Membro: Célia Tereza Serejo Gonçalves - 0473552</p><p>-Membro : Flávia da Silva Lima Vilarinho - Siape 1750901. </p><p> A SUPERINTENDENTE ESTADUAL SUBSTITUTA DA FUNDAÇÃO NACIONAL DE SAÚDE, no Estado do Maranhão,nomeado pela Portaria nº 270, de 11 de março  de 2008 , e no uso das atribuições que lhe confere o art.13, aprovado pelo Decreto nº. 7.335, publicado no DOU. de 20 de outubro de 2010, e pelo que consta no Memorando nº. 06/DIADM-MA/SUEST-MA de 23.01.2018, resolve:</p><p>ART. 1º - Designar de acordo com a Lei nº. 10.520, de 17 de julho de 2002, os servidores abaixo relacionados para realização dos procedimentos licitatórios, na modalidade de Pregão,  exercício 2018/2019:</p><p>PREGOEIRO</p><p>- Arnaldo Reis - Siape nº.0496842</p><p>EQUIPE DE APOIO</p><p>-Rosilanda Furtado Araújo - Siape nº. 0471880</p><p>-Flavia da Silva Vilarinho - Siape nº. 1750901</p><p>ART. 2º - A autoridade imediatamente superior ao Pregoeiro é o Superintendente Estadual da Funasa/Suest/MA. </p><p> A SUPERINTENDENTE ESTADUAL SUBSTITUTA DA FUNDAÇÃO NACIONAL DE SAÚDE, no Estado do Maranhão,nomeado pela Portaria nº 270, de 11 de março  de 2008 , e no uso das atribuições que lhe confere o art.13, aprovado pelo Decreto nº. 7.335, publicado no DOU. de 20 de outubro de 2010, e pelo que consta no Memorando nº. 06/DIADM-MA/SUEST-MA de 23.01.2018, resolve:</p><p>ART. 1º - Designar de acordo com a Lei nº. 10.520, de 17 de julho de 2002, os servidores abaixo relacionados para realização dos procedimentos licitatórios, na modalidade de Pregão, ,exercício 2018/2019:</p><p>PREGOEIRO</p><p>- Rosilanda Furtado Araújo - Siape nº. 0471880</p><p>EQUIPE DE APOIO</p><p>-Aranaldo Reis - Siape nº. 0496842</p><p>-Flavia da Silva Vilarinho - Siape nº. 1750901</p><p>ART. 2º - A autoridade imediatamente superior ao Pregoeiro é o Superintendente Estadual da Funasa/Suest/MA. </p><p> A SUPERINTENDENTE ESTADUAL SUBSTITUTA DA FUNDAÇÃO NACIONAL DE SAÚDE, no Estado do Maranhão,nomeado pela Portaria nº 270, de 11 de março  de 2008 , e no uso das atribuições que lhe confere o art.13, aprovado pelo Decreto nº. 7.335, publicado no DOU. de 20 de outubro de 2010, e pelo que consta no Memorando nº. 06/DIADM-MA/SUEST-MA de 23.01.2018, RESOLVE:</p><p>ART. 1º - Designar de acordo com a Lei nº. 10.520, de 17 de julho de 2002, os servidores abaixo relacionados para realização dos procedimentos licitatórios, na modalidade de Pregão,  exercício 2018/2019:</p><p>PREGOEIRO</p><p>- Flávia da Silva Vilarinho - Siape nº. 1750901</p><p>EQUIPE DE APOIO</p><p>-Aranaldo Reis - Siape nº. 0496842</p><p>-Rosilanda Furtado Araújo - Siape nº. 0471880</p><p>ART. 2º - A autoridade imediatamente superior ao Pregoeiro é o Superintendente Estadual da Funasa/Suest/MA. </p>]]></Texto>
    <Autores>
      <assina>MARIA DE FÁTIMA OLIVEIRA CHAVES</assina>
      <assina>MARIA DE FÁTIMA OLIVEIRA CHAVES</assina>
      <assina>MARIA DE FÁTIMA OLIVEIRA CHAVES</assina>
      <assina>MARIA DE FÁTIMA OLIVEIRA CHAVES</assina>
    </Autores>
  </body>
</article></xml>