﻿<xml><article id="1352811" name="Port. APO - 422" idOficio="4660542" pubName="DO2" artType="Portaria" pubDate="01/02/2018" artClass="00011:00119:00001:00000:00000:00000:00000:00000:00000:00000:00025:00001" artSection="Gabinete" artCategory="Gabinete" artSize="8" artNotes="" numberPage="38" pdfPage="http://pesquisa.in.gov.br/imprensa/jsp/visualiza/index.jsp?data=01/02/2018&amp;jornal=529&amp;pagina=38" editionNumber="23">
  <body>
    <Identifica><![CDATA[PORTARIA Nº 422, DE 19 DE JANEIRO DE 2018]]></Identifica>
    <Data><![CDATA[]]></Data>
    <Ementa />
    <Titulo />
    <SubTitulo />
    <Texto><![CDATA[<p> O Reitor da Universidade Federal de Minas Gerais, no uso de suas atribuições, resolve:</p><p>Nos termos do art. 3º, da EC nº 47/2005, aposentar MARIA DA CONSOLAÇÃO DE ARAÚJO CARLOS, inscrição UFMG nº 090859, matrícula SIAPE nº 1040283, ocupante do cargo de Ascensorista, Nível de Classificação C, Nível de Capacitação IV, Padrão de Vencimento 15, lotada no Hospital das Clínicas, com proventos integrais, por ter provado contar 33 (trinta e três) anos de contribuição.</p>]]></Texto>
    <Autores>
      <assina>JAIME ARTURO RAMÍREZ</assina>
    </Autores>
  </body>
</article></xml>