﻿<xml><article id="1349342" name="Portaria 7467 nomeação - APF -GE" idOficio="4660162" pubName="DO2" artType="Portaria" pubDate="01/02/2018" artClass="00015:00032:00015:00003:00001:00000:00000:00000:00000:00000:00025:00001" artSection="Divisão de Administração de Recursos Humanos" artCategory="Divisão de Administração de Recursos Humanos" artSize="8" artNotes="" numberPage="58" pdfPage="http://pesquisa.in.gov.br/imprensa/jsp/visualiza/index.jsp?data=01/02/2018&amp;jornal=529&amp;pagina=58" editionNumber="23">
  <body>
    <Identifica><![CDATA[PORTARIA Nº 7.467, DE 30 DE JANEIRO DE 2018]]></Identifica>
    <Data><![CDATA[]]></Data>
    <Ementa />
    <Titulo />
    <SubTitulo />
    <Texto><![CDATA[<p> O DIRETOR DE GESTÃO DE PESSOAL DA POLÍCIA FEDERAL, no uso das competências que lhe foram atribuídas pelo inciso XVII do art. 42 do Regimento Interno da Polícia Federal, aprovado pela Portaria MJSP nº 1252, de 29/12/2017, publicado no DOU nº 1, de 02/01/2018,</p><p>Considerando o trânsito em julgado da decisão judicial proferida no Agravo de Instrumento n° 0032385-74.2016.4.01.0000/AP e</p><p>Tendo em vista o que consta no  Processo Digital nº 08200.010294/2017-90, resolve:</p><p>CONFERIR efeitos retroativos, a contar de 10.10.1996, à nomeação do candidato GEORGE MONTEIRO E SILVA CHAVES, efetivada pela Portaria nº 599, publicada no DOU 128, de 04.07.2001, Seção 2, p. 04.</p><p>CONFERIR efeitos retroativos, a contar de 21.11.1996, à nomeação do candidato AÍRTON NOGUEIRA LAGES, efetivada pela Portaria nº 656, publicada no DOU 139, de 19.07.2001, Seção 2, p. 03.</p>]]></Texto>
    <Autores>
      <assina>CLYTON EUSTÁQUIO XAVIER</assina>
    </Autores>
  </body>
</article></xml>