﻿<xml><article id="1351566" name="D_30012018" idOficio="4660365" pubName="DO2" artType="Despacho" pubDate="01/02/2018" artClass="00021:00001:00000:00000:00000:00000:00000:00000:00000:00000:00019:00001" artSection="Ministério de Minas e Energia" artCategory="Gabinete do Ministro" artSize="8" artNotes="" numberPage="81" pdfPage="http://pesquisa.in.gov.br/imprensa/jsp/visualiza/index.jsp?data=01/02/2018&amp;jornal=529&amp;pagina=81" editionNumber="23">
  <body>
    <Identifica><![CDATA[DESPACHO DE 30 de janeiro de 2018]]></Identifica>
    <Data><![CDATA[]]></Data>
    <Ementa />
    <Titulo />
    <SubTitulo />
    <Texto><![CDATA[<p> O MINISTRO DE ESTADO DE MINAS E ENERGIA, tendo em vista o disposto no Decreto nº 1.387, de 7 de fevereiro de 1995, e no art. 7º, inciso IV, do Decreto nº 7.689, de 2 de março de 2012, resolve autorizar o seguinte afastamento do País:</p><p>NOME: Miguel Ivan Lacerda de Oliveira. CARGO/FUNÇÃO: Diretor do Departamento de Biocombustíveis. ÓRGÃO: SPG/MME. PAÍS DE DESTINO: Índia. FINALIDADE: Participar da Conferência Internacional sobre Biocombustíveis Sustentáveis. PERÍODO: 23/02/2018 a 28/02/2018. TIPO DE AFASTAMENTO: Com ônus. ENQUADRAMENTO DA VIAGEM: art. 1º, inciso IV, do Decreto nº 1.387, de 1995.</p>]]></Texto>
    <Autores>
      <assina>Fernando Coelho Filho</assina>
    </Autores>
  </body>
</article></xml>