﻿<xml><article id="1352931" name="Port-280 -2017-Com9DN-Promocao d" idOficio="4660550" pubName="DO2" artType="Portaria" pubDate="01/02/2018" artClass="00010:00007:00009:00048:00000:00000:00000:00000:00000:00000:00025:00006" artSection="9º Distrito Naval" artCategory="9º Distrito Naval" artSize="8" artNotes="" numberPage="11" pdfPage="http://pesquisa.in.gov.br/imprensa/jsp/visualiza/index.jsp?data=01/02/2018&amp;jornal=529&amp;pagina=11" editionNumber="23">
  <body>
    <Identifica><![CDATA[PORTARIA 280/Com9DN, DE 27 DE NOVEMBRO DE 2017.]]></Identifica>
    <Data><![CDATA[]]></Data>
    <Ementa />
    <Titulo />
    <SubTitulo />
    <Texto><![CDATA[<p>  O COMANDANTE DO NONO DISTRITO NAVAL, no uso das atribuicoes que lhe sao conferidas pelo inciso II do Art. 46, combinado com o Art. 39, parafrafo 1 e 2, do Decreto 4.780, de 15 de julho de 2003 (Regulamento da Reserva da Marinha), e do Art. 25 da Lei 5.292, de 8 de junho de 1967, alterada pela Lei 7.264, de 4 de dezembro 1984, resolve: </p><p>Art. 1 Promover ao posto de Segundo-Tenente da Reserva de Segunda Classe da Marinha, e incluir no Corpo de Oficiais da Reserva da Marinha, a partir de 22 de novembro de 2017, continuando designados e incorporados como Oficiais, para a conclusao do Estagio de Adaptacao e Servico, os seguintes Guardas-Marinha (RM2):</p><p>GM (RM2-Md) 17.0921.32 BRUNO FERNANDES CAVALCANTE;</p><p>GM (RM2-T) 17.0922.48 LUCAS HENRIQUE GOBBI;</p><p>GM (RM2-EN) 17.0920.27 PABLO VICTOR DE SOUZA FERREIRA;</p><p>GM (RM2-T) 17.0921.08 RAINER CUNHA OLIVEIRA;</p><p>GM (RM2-EN) 17.0922.64 RODRIGO LIMA TREVIZAN;</p><p>GM (RM2-EN) 17.0921.59 MIRIAN CARLA PINHEIRO VIANA;</p><p>GM (RM2-EN) 17.0920.94 BREMMER BERNARDO VASCONCELOS DE SENA;</p><p>GM (RM2-T) 05.0019.01 PRISCILA PINHEIRO LAPROVITA;</p><p>GM (RM2-EN) 17.0921.24 JOAO FELIPE BATISTA DA SILVA;</p><p>GM (RM2-S) 17.0922.99 DANIELA DANTAS SANTOS; e</p><p>GM (RM2-T) 17.0920.86 DOUGLAS GALVAO MONTEIRO JUNIOR.</p><p>Art. 2 Esta Portaria entra em vigor, na presente data, com efeitos financeiros e administrativos retroativos ao Art.1.</p><p> </p>]]></Texto>
    <Autores>
      <assina>Vice-Almirante CARLOS ALBERTO MATIAS</assina>
    </Autores>
  </body>
</article></xml>