﻿<xml><article id="1349300" name="2018 - SE - 105 - 30.1" idOficio="4660122" pubName="DO2" artType="Portaria" pubDate="01/02/2018" artClass="00015:00003:00000:00000:00000:00000:00000:00000:00000:00000:00025:00001" artSection="Ministério da Justiça e Segurança Pública" artCategory="Secretaria Executiva" artSize="8" artNotes="" numberPage="57" pdfPage="http://pesquisa.in.gov.br/imprensa/jsp/visualiza/index.jsp?data=01/02/2018&amp;jornal=529&amp;pagina=57" editionNumber="23">
  <body>
    <Identifica><![CDATA[PORTARIA Nº 105, DE 30 DE JANEIRO DE 2018]]></Identifica>
    <Data><![CDATA[]]></Data>
    <Ementa />
    <Titulo />
    <SubTitulo />
    <Texto><![CDATA[<p> O SECRETÁRIO-EXECUTIVO ADJUNTO DO MINISTÉRIO DA JUSTIÇA E SEGURANÇA PÚBLICA, no uso da competência atribuída pelo inciso I, do art. 2º, da Portaria MJ nº 925, de 31 de outubro de 2017, resolve:</p><p>Dispensar MIRIAN DE ABREU RIBEIRO DE VASCONCELLOS da Função Comissionada Técnica, código FCT 11.</p>]]></Texto>
    <Autores>
      <assina>CLAUDENIR BRITO PEREIRA</assina>
    </Autores>
  </body>
</article></xml>