﻿<xml><article id="1352111" name="Publicação de PORTARIAS - Paulo " idOficio="4660430" pubName="DO2" artType="Portaria" pubDate="01/02/2018" artClass="00011:00060:00018:00001:00000:00000:00000:00000:00000:00000:00025:00001" artSection="Gabinete" artCategory="Gabinete" artSize="8" artNotes="" numberPage="24" pdfPage="http://pesquisa.in.gov.br/imprensa/jsp/visualiza/index.jsp?data=01/02/2018&amp;jornal=529&amp;pagina=24" editionNumber="23">
  <body>
    <Identifica><![CDATA[PORTARIAS DE 30 DE JANEIRO DE 2018]]></Identifica>
    <Data><![CDATA[]]></Data>
    <Ementa />
    <Titulo />
    <SubTitulo />
    <Texto><![CDATA[<p> O DIRETOR GERAL DO CAMPUS DE SOBRAL DO INSTITUTO FEDERAL DE EDUCAÇÃO, CIÊNCIA E TECNOLOGIA DO CEARÁ, no uso de suas atribuições que lhe são conferidas pelo disposto no inciso XIII, Art. 2º da Portaria nº 252/GR de 20 de março de 2017,</p><p>Nº 10 - Art. 1º - Dispensar PAULO ERICSON VALENTIM SILVA, Técnico de Tecnologia da Informação, Matrícula SIAPE nº 2152745, integrante do Quadro Permanente do IFCE - Campus de Sobral, do exercício da FG-02 - Função de Coordenadoria de Tecnologia da Informação, conforme PORTARIA Nº 46/GDG, DE 31 DE MARÇO DE 2015, DOU 01/04/2015.</p><p>Art. 2º - Estabelecer que a presente Portaria entre em vigor na data da sua publicação no Diário Oficial da União.</p><p>Nº 11 - Art. 1º - Designar JOAB COSTA RODRIGUES LIMA Técnico de Tecnologia da Informação, Matrícula SIAPE nº 1048447, integrante do Quadro Permanente do IFCE - Campus Sobral, para exercício da FG-02 Função Gratificada de Titular da Coordenadoria de Tecnologia da Informação, considerando a dispensa do servidor PAULO ERICSON VALENTIM SILVA, conforme Portaria N.º 10/GDG, de 30/01/2018.</p><p>Art. 2º - Estabelecer que a presente Portaria entre em vigor na data da sua publicação no Diário Oficial da União.</p>]]></Texto>
    <Autores>
      <assina>ELIANO VIEIRA PESSOA</assina>
    </Autores>
  </body>
</article></xml>