﻿<xml><article id="1368807" name="PT1167_17" idOficio="4658755" pubName="DO2" artType="Portaria" pubDate="02/02/2018" artClass="00017:00026:00024:00000:00000:00000:00000:00000:00000:00000:00025:00001" artSection="Instituto Nacional de Câncer José Alencar Gomes da Silva" artCategory="Instituto Nacional de Câncer José Alencar Gomes da Silva" artSize="8" artNotes="" numberPage="50" pdfPage="http://pesquisa.in.gov.br/imprensa/jsp/visualiza/index.jsp?data=02/02/2018&amp;jornal=529&amp;pagina=50" editionNumber="24" highlight="">
  <body>
    <Identifica><![CDATA[PORTARIA'A Nº 1.167, DE 1º DE DEZEMBRO DE 2017]]></Identifica>
    <Data><![CDATA[]]></Data>
    <Ementa />
    <Titulo />
    <SubTitulo />
    <Texto><![CDATA[<p> A Diretora-Geral do Instituto Nacional de Câncer José Alencar Gomes da Silva, no uso de suas atribuições subdelegadas pela Portaria CGRH/SAA/SE/MS nº 1.041, de 30/10/2009, publicada no DOU nº 209, de 03/11/2009, resolve:</p><p>Conceder aposentadoria voluntária, com proventos integrais a ANTONIO SENA SILVESTRE, matrícula SIAPE nº 6239101, ocupante do cargo de TÉCNICO, NI, Classe M, Padrão III do Quadro de Pessoal do Ministério da Saúde, com fundamento no Art. 3º da Emenda Constitucional 47/2005 (Processo nº 25410.402512/2017-62).</p>]]></Texto>
    <Autores>
      <assina>ANA CRISTINA PINHO MENDES PEREIRA</assina>
    </Autores>
  </body>
</article></xml>