﻿<xml><article id="1349303" name="port eletr. 32 e 33" idOficio="4660111" pubName="DO2" artType="Portaria" pubDate="01/02/2018" artClass="00017:00002:00035:00000:00000:00000:00000:00000:00000:00000:00025:00001" artSection="Núcleo Estadual em São Paulo" artCategory="Núcleo Estadual em São Paulo" artSize="8" artNotes="" numberPage="69" pdfPage="http://pesquisa.in.gov.br/imprensa/jsp/visualiza/index.jsp?data=01/02/2018&amp;jornal=529&amp;pagina=69" editionNumber="23">
  <body>
    <Identifica><![CDATA[Portarias de 26 de Janeiro de 2018]]></Identifica>
    <Data><![CDATA[]]></Data>
    <Ementa />
    <Titulo />
    <SubTitulo />
    <Texto><![CDATA[<p> O CHEFE DA DIVISÃO DE GESTÃO ADMINISTRATIVA DO NÚCLEO ESTADUAL DO MINISTÉRIO DA SAÚDE NO ESTADO DE SÃO PAULO, no uso da competência que lhe foi subdelegada pela Portaria SAA/SE/MS nº 1804 de 1/10/2013, publicada no DOU nº 192, de 03/10/2013, e tendo em vista o que constam nos processos abaixo especificados, resolve: </p><p>Nº 32- Conceder pensão mensal por período vitalício a JULIETA DA SILVA DEMONTE como cônjuge do ex-servidor DIRCEU DEMONTE, Agente Administrativo, SIAPE 588707, a partir da data do óbito em 12 de dezembro de 2017, com fundamento legal nos artigos 215, 217, inciso I, e 222, inciso VII, alínea "b", item 6 da Lei nº 8.112/90, alterada pela Lei  13.135/2015, c/c EC 41/03, e Lei 10.887/04, à vista das informações constantes do processo nº. 25004.000054/2018-01.</p><p>Nº 33 - Conceder pensão mensal por período vitalício a JOÃO BATISTA DE ANDRADE como cônjuge da ex-servidora RUTH LIMA ROSA ANDRADE, Auxiliar Operacional de Serviços Diversos, SIAPE 593272, a partir da data do óbito em 21 de novembro de 2017, com fundamento legal nos artigos 215, 217, inciso I, e 222, inciso VII, alínea "b", item 6 da Lei nº 8.112/90, alterada pela Lei  13.135/2015, c/c EC 41/03, e Lei 10.887/04, à vista das informações constantes do processo nº. 25004.000252/2018-67.</p>]]></Texto>
    <Autores>
      <assina>Ronaldo Raymundo</assina>
    </Autores>
  </body>
</article></xml>