﻿<xml><article id="1351416" name="31-01 dispensa e designação" idOficio="4660348" pubName="DO2" artType="Portaria" pubDate="01/02/2018" artClass="00011:00088:00001:00000:00000:00000:00000:00000:00000:00000:00025:00001" artSection="Reitoria" artCategory="Reitoria" artSize="8" artNotes="" numberPage="33" pdfPage="http://pesquisa.in.gov.br/imprensa/jsp/visualiza/index.jsp?data=01/02/2018&amp;jornal=529&amp;pagina=33" editionNumber="23">
  <body>
    <Identifica><![CDATA[PORTARIAS DE 30 DE JANEIRO DE 2018]]></Identifica>
    <Data><![CDATA[]]></Data>
    <Ementa />
    <Titulo />
    <SubTitulo />
    <Texto><![CDATA[<p> O REITOR DO INSTITUTO FEDERAL DE EDUCAÇÃO, CIÊNCIA E TECNOLOGIA DO TOCANTINS, nomeado pelo Decreto Presidencial de 6 de maio de 2014, publicado no Diário Oficial da União de 7 de maio de 2014, seção 2, no uso de suas atribuições legais e regimentais, resolve:</p><p>Nº 103 - Art. 1º Dispensar o servidor Sergio Silva de Sousa, matrícula Siape n.º 2315362, da função de coordenador de Manutenção e Abastecimento, código FG-2, do Campus Avançado Lagoa da Confusão, do Instituto Federal de Educação, Ciência e Tecnologia do Tocantins.</p><p>Nº 105 - Art. 1º Dispensar o servidor Hélio Sarmento Lopes, matrícula Siape n.º 2321010, da função de coordenador de Administração e Planejamento, código FG-2, do Campus Avançado Lagoa da Confusão, do Instituto Federal de Educação, Ciência e Tecnologia do Tocantins.</p><p>Nº 107 - Art. 1º Dispensar, a partir de 31 de janeiro de 2018, o servidor Plínio Cardoso de Oliveira, matrícula Siape n.º 2323175, da função de coordenador do curso Técnico em Informática, código FCC-1, da Gerência de Ensino, Pesquisa e Extensão do Campus Avançado Lagoa da Confusão, do Instituto Federal de Educação, Ciência e Tecnologia do Tocantins.</p><p>Nº 109 - Art. 1º Dispensar, a partir de 31 de janeiro de 2018, o servidor Uagne Coelho Pereira, matrícula Siape n.º 2324747, da função de coordenador do curso Técnico em Agricultura, código FCC-1, da Gerência de Ensino, Pesquisa e Extensão do Campus Avançado Lagoa da Confusão, do Instituto Federal de Educação, Ciência e Tecnologia do Tocantins.</p>]]></Texto>
    <Autores>
      <assina>Francisco Nairton do Nascimento</assina>
    </Autores>
  </body>
</article></xml>