﻿<xml><article id="1349702" name="PTS21A29NITEROI" idOficio="4660256" pubName="DO2" artType="Portaria" pubDate="01/02/2018" artClass="00022:00029:00240:00017:00022:00000:00000:00000:00000:00000:00025:00012" artSection="Seção Operacional de Gestão de Pessoas" artCategory="Seção Operacional de Gestão de Pessoas" artSize="8" artNotes="" numberPage="93" pdfPage="http://pesquisa.in.gov.br/imprensa/jsp/visualiza/index.jsp?data=01/02/2018&amp;jornal=529&amp;pagina=93" editionNumber="23">
  <body>
    <Identifica><![CDATA[Portarias de 31 de janeiro de 2018]]></Identifica>
    <Data><![CDATA[]]></Data>
    <Ementa />
    <Titulo />
    <SubTitulo />
    <Texto><![CDATA[<p> A CHEFE DA SEÇÃO OPERACIONAL DA GESTÃO DE PESSOAS DA GERÊNCIA-EXECUTIVA DO INSTITUTO NACIONAL DO SEGURO SOCIAL (INSS) NITERÓI, no uso das atribuições que lhe confere o art. 235, I, "b" da Portaria /MDS nº 414, de 28 de setembro de 2017, publicada no Diário Oficial da União nº 188, de 29 de setembro de 2017, que aprova o Regimento Interno do INSS, resolve:</p><p>Nº 21 Conceder aposentadoria voluntária integral à servidora ANA CAROLINA DA COSTA CAMARGO, matrícula nº 0921434, ocupante do cargo de Técnico do Seguro Social, código 434550, Classe S, Padrão IV, do quadro de pessoal do INSS, com fundamento no artigo 3º da Emenda Constitucional nº 47, de 05 de julho de 2005, observado o contido no Processo nº 35318.001215/2017-13 , declarando, em consequência, o referido cargo vago.</p><p>Nº 22 Conceder aposentadoria voluntária integral à servidora ANA PAULA DA SILVA DIAS, matrícula nº 0922736, ocupante do cargo de Técnico do Seguro Social, código 434550, Classe S, Padrão IV, do quadro de pessoal do INSS, com fundamento no artigo 3º da Emenda Constitucional nº 47, de 05 de julho de 2005, observado o contido no Processo nº 35318.001193/2017-83 , declarando, em consequência, o referido cargo vago.</p><p>Nº 23 Conceder aposentadoria voluntária integral à servidora MARIZA DA SILVA COSCARELLA, matrícula nº 1102219, ocupante do cargo de Agente de Serviços Diversos, código 434552, Classe S, Padrão IV, do quadro de pessoal do INSS, com fundamento no artigo 3º da Emenda Constitucional nº 47, de 05 de julho de 2005, observado o contido no Processo nº 36426.005697/2017-16 , declarando, em consequência, o referido cargo vago.</p><p>Nº 24 Conceder aposentadoria voluntária integral à servidora SYLVIA DOS SANTOS ALEGRE, matrícula nº 6632788, ocupante do cargo de Técnico do Seguro Social, código 434550, Classe S, Padrão IV, do quadro de pessoal do INSS, com fundamento no artigo 3º da Emenda Constitucional nº 47, de 05 de julho de 2005, observado o contido no Processo nº 35307.000455/2017-11 , declarando, em consequência, o referido cargo vago.</p><p>Nº 25 Conceder aposentadoria voluntária integral ao servidor MARCELO ROCHA GONÇALVES, matrícula nº 0623840, ocupante do cargo de Perito Médico Previdenciário, código 811001, Classe S, Padrão I, do quadro de pessoal do INSS, com fundamento no artigo 3º da Emenda Constitucional nº 47, de 05 de julho de 2005, observado o contido no Processo nº 35318.001260/2017-60 , declarando, em consequência, o referido cargo vago.</p><p>Nº 26 Conceder aposentadoria voluntária integral ao servidor ZIED COSTA ZAROR FILHO, matrícula nº 0921571, ocupante do cargo de Perito Médico Previdenciário, código 811001, Classe S, Padrão I, do quadro de pessoal do INSS, com fundamento no artigo 3º da Emenda Constitucional nº 47, de 05 de julho de 2005, observado o contido no Processo nº 35318.001258/2017-91 , declarando, em consequência, o referido cargo vago.</p><p>Nº 27 Conceder aposentadoria voluntária integral à servidora NEUSA MARIA DA SILVA, matrícula nº 0913740, ocupante do cargo de Contador, código 434012, Classe S, Padrão IV, do quadro de pessoal do INSS, com fundamento no artigo 3º da Emenda Constitucional nº 47, de 05 de julho de 2005, observado o contido no Processo nº 35318.000327/2017-49 , declarando, em consequência, o referido cargo vago.</p><p>Nº 28 Conceder aposentadoria voluntária integral à servidora CASSIA REGINA RAMOS THURLER, matrícula nº 0922915, ocupante do cargo de Técnico do Seguro Social, código 434550, Classe S, Padrão IV, do quadro de pessoal do INSS, com fundamento no artigo 3º da Emenda Constitucional nº 47, de 05 de julho de 2005, observado o contido no Processo nº 35318.000394/2017-63 , declarando, em consequência, o referido cargo vago.</p><p>Nº 29 Conceder aposentadoria voluntária integral ao servidor WANDERLEY SOARES DOS SANTOS, matrícula nº 0912358, ocupante do cargo de Agente de Serviços Diversos, código 434552, Classe S, Padrão IV, do quadro de pessoal do INSS, com fundamento no artigo 3º da Emenda Constitucional nº 47, de 05 de julho de 2005, observado o contido no Processo nº 35318.000027/2018-41 , declarando, em consequência, o referido cargo vago.</p>]]></Texto>
    <Autores>
      <assina>FERNANDA REGINA SANTOS MATEUS CAMPOS LEITE</assina>
    </Autores>
  </body>
</article></xml>