﻿<xml><article id="1349612" name="PTS2E3PRESIDENTEPRUDENTE" idOficio="4660256" pubName="DO2" artType="Portaria" pubDate="01/02/2018" artClass="00022:00029:00239:00016:00017:00000:00000:00000:00000:00000:00025:00002" artSection="Seção Operacional da Gestão de Pessoas" artCategory="Seção Operacional da Gestão de Pessoas" artSize="8" artNotes="" numberPage="88" pdfPage="http://pesquisa.in.gov.br/imprensa/jsp/visualiza/index.jsp?data=01/02/2018&amp;jornal=529&amp;pagina=88" editionNumber="23">
  <body>
    <Identifica><![CDATA[PORTARIAS DE 30 DE JANEIRO DE 2018]]></Identifica>
    <Data><![CDATA[]]></Data>
    <Ementa />
    <Titulo />
    <SubTitulo />
    <Texto><![CDATA[<p> A CHEFE DA SEÇÃO OPERACIONAL DA GESTÃO DE PESSOAS DA GERÊNCIA EXECUTIVA DO INSS PRESIDENTE PRUDENTE, no Estado de São Paulo, no uso das atribuições que lhe confere o art. 235, inciso I, alínea "b" do Regimento Interno do INSS, aprovado pela Portaria nº 414/MDS, de 28/09/2017, publicada no DOU - Edição Extra nº 188-A, de 29/09/2017, resolve:</p><p>Nº 2 - Conceder aposentadoria voluntária integral ao servidor JESUS DOS SANTOS, matrícula 0.937.896, ocupante do cargo de Técnico do Seguro Social, código 434550, Classe "S" Padrão IV do quadro de pessoal do Instituto Nacional do Seguro Social, com fundamento no art. 3ª da Emenda Constitucional nº 47, de 5 de julho de 2005, observado o contido no Processo nº 35388.000066/2018-14, declarando, em consequência,  o referido cargo vago.</p><p>Nº 3 - Conceder aposentadoria voluntária integral a servidora SANDRA DURAN DE OLIVEIRA, matrícula 0.759.181, ocupante do cargo de Assistente Social, código 434017, Classe "S" Padrão IV do quadro de pessoal do Instituto Nacional do Seguro Social, com fundamento no art. 3ª da Emenda Constitucional nº 47, de 5 de julho de 2005, observado o contido no Processo nº 35423.000058/2018-02, declarando, em consequência,  o referido cargo vago.</p>]]></Texto>
    <Autores>
      <assina>ANDREA SATOMI KUBA NII</assina>
    </Autores>
  </body>
</article></xml>