﻿<xml><article id="1349886" name="Portaria 332 Aposentadoria" idOficio="4660267" pubName="DO2" artType="Portaria" pubDate="01/02/2018" artClass="00011:00130:00001:00017:00000:00000:00000:00000:00000:00000:00025:00011" artSection="Pró-Reitoria de Pessoal" artCategory="Pró-Reitoria de Pessoal" artSize="8" artNotes="" numberPage="42" pdfPage="http://pesquisa.in.gov.br/imprensa/jsp/visualiza/index.jsp?data=01/02/2018&amp;jornal=529&amp;pagina=42" editionNumber="23">
  <body>
    <Identifica><![CDATA[PORTARIA Nº 332, de 11 de janeiro de 2018]]></Identifica>
    <Data><![CDATA[]]></Data>
    <Ementa />
    <Titulo />
    <SubTitulo />
    <Texto><![CDATA[<p> O Pró-Reitor de Pessoal da Universidade Federal do Rio de Janeiro, no uso da competência delegada pela Portaria nº 956, de 10 de fevereiro de 2017, publicada no Diário Oficial da União de 13 de fevereiro de 2017 e tendo em vista o que consta no processo n º 23079.034010/2017-97, resolve:</p><p>Declarar aposentada voluntariamente ILANA DINES, matrícula SIAPE nº. 0375465, ocupante do cargo de Médico/área, Classe: E, Capacitação: 3, Padrão: 16 no regime de 20 horas semanais de trabalho, do Quadro de Pessoal desta Universidade com fundamento nos termos do Artigo 40, parágrafo 1º, inciso III, alínea "b" da Constituição Federal, com redação dada pela Emenda Constitucional nº 41/2003; com proventos calculados com base no Artigo 1º da Lei nº 10.887/2004.</p><p> </p>]]></Texto>
    <Autores>
      <assina>AGNALDO FERNANDES SILVA</assina>
    </Autores>
  </body>
</article></xml>