﻿<xml><article id="1349741" name="Portaria 713, 872 e 873 Nomear," idOficio="4660259" pubName="DO2" artType="Portaria" pubDate="01/02/2018" artClass="00011:00130:00001:00017:00000:00000:00000:00000:00000:00000:00025:00015" artSection="Pró-Reitoria de Pessoal" artCategory="Pró-Reitoria de Pessoal" artSize="8" artNotes="" numberPage="43" pdfPage="http://pesquisa.in.gov.br/imprensa/jsp/visualiza/index.jsp?data=01/02/2018&amp;jornal=529&amp;pagina=43" editionNumber="23">
  <body>
    <Identifica><![CDATA[PORTARIAs de 24 de janeiro de 2018]]></Identifica>
    <Data><![CDATA[]]></Data>
    <Ementa />
    <Titulo />
    <SubTitulo />
    <Texto><![CDATA[<p> O Pró-Reitor de Pessoal, no uso da competência delegada pelo Reitor da Universidade Federal do Rio de Janeiro, através da Portaria nº 956 de 10 de fevereiro de 2017, publicada no Diário Oficial da União de 13 de fevereiro de 2017, resolve:</p><p>Nº 713 Nomear, nos termos do artigo 9º, inciso I, da Lei 8.112, de 11 de dezembro de 1990, o candidato CAMILLA MOREIRA DE SOUSA PINNA, habilitado em Concurso Público homologado pela Portaria nº 498, de 16 de agosto de 2017 - DOU 159, de 18 de agosto de 2017, para o cargo de Médico - Psiquiatria, do Quadro Único de Pessoal desta IFE, no regime de 40 horas semanais de trabalho na vaga 234052, conforme processo 23079.001709/18-51.</p><p>Nº 872 Nomear, nos termos do artigo 9º, inciso I, da Lei 8.112, de 11 de dezembro de 1990, o candidato JOAO CLENILSON DA SILVA PEREIRA, habilitado em Concurso Público homologado pela Portaria nº 74, de 22 de fevereiro de 2017 - DOU 39, de 23 de fevereiro de 2017, para o cargo de Contra-Mestre / Ofício, do Quadro Único de Pessoal desta IFE, no regime de 40 horas semanais de trabalho na vaga 237931, conforme processo 23079.001740/18-92.</p><p>Nº 873 Nomear, nos termos do artigo 9º, inciso I, da Lei 8.112, de 11 de dezembro de 1990, o candidato MARCOS PAULO DA COSTA GABRIEL, habilitado em Concurso Público homologado pela Portaria nº 74, de 22 de fevereiro de 2017 - DOU 39, de 23 de fevereiro de 2017, para o cargo de Contra-Mestre / Ofício, do Quadro Único de Pessoal desta IFE, no regime de 40 horas semanais de trabalho na vaga 238048, conforme processo 23079.001739/18-68.</p><p>A posse do(a) nomeado(a) dar-se-á no prazo de 30 (trinta) dias contados da publicação desta no DOU.</p><p> </p>]]></Texto>
    <Autores>
      <assina>AGNALDO FERNANDES</assina>
    </Autores>
  </body>
</article></xml>