﻿<xml><article id="1349312" name="GABRIEL ZAGO CAPANEMA VIANNA DE " idOficio="4660136" pubName="DO2" artType="Ato" pubDate="01/02/2018" artClass="00037:00007:00001:00000:00000:00000:00000:00000:00000:00000:00001:00002" artSection="Presidência" artCategory="Presidência" artSize="8" artNotes="" numberPage="117" pdfPage="http://pesquisa.in.gov.br/imprensa/jsp/visualiza/index.jsp?data=01/02/2018&amp;jornal=529&amp;pagina=117" editionNumber="23">
  <body>
    <Identifica><![CDATA[ATO PRESI 5.513.626, DE 30 DE JANEIRO DE 2018]]></Identifica>
    <Data><![CDATA[]]></Data>
    <Ementa />
    <Titulo />
    <SubTitulo />
    <Texto><![CDATA[<p> O PRESIDENTE DO TRIBUNAL REGIONAL FEDERAL DA PRIMEIRA REGIÃO, no uso das suas atribuições legais, e considerando o decidido no PAe 0022073-95.2016.4.01.8000, resolve:</p><p>FAZER CESSAR a designação do Juiz Federal Substituto GABRIEL ZAGO CAPANEMA VIANNA DE PAIVA de que trata o Ato Presi 621, de 07/07/2017.</p>]]></Texto>
    <Autores>
      <assina>Des. Federal HILTON QUEIROZ</assina>
    </Autores>
  </body>
</article></xml>