﻿<xml><article id="1352922" name="ATO PORTARIA Nº 93" idOficio="4660562" pubName="DO2" artType="Portaria" pubDate="01/02/2018" artClass="00011:00117:00057:00000:00000:00000:00000:00000:00000:00000:00025:00001" artSection="Pró-Reitoria de Recursos Humanos" artCategory="Pró-Reitoria de Recursos Humanos" artSize="8" artNotes="" numberPage="37" pdfPage="http://pesquisa.in.gov.br/imprensa/jsp/visualiza/index.jsp?data=01/02/2018&amp;jornal=529&amp;pagina=37" editionNumber="23">
  <body>
    <Identifica><![CDATA[PORTARIA Nº 93, DE 26 DE JANEIRO DE 2018]]></Identifica>
    <Data><![CDATA[]]></Data>
    <Ementa />
    <Titulo />
    <SubTitulo />
    <Texto><![CDATA[<p> O Reitor da Universidade Federal de Juiz de Fora, no uso das suas competências legais, resolve: </p><p>Autorizar o afastamento da servidora Docente MARIANA LUÍSA DA COSTA LAGE, Matrícula SIAPE nº 1123276, lotada no Instituto de Ciências Sociais Aplicadas - Campus Governador Valadares, para cursar Doutorado-sanduíche em Administração, na Carnegie School of Education - Leeds Beckett University, no período de 01/07/2018 a 01/03/2019, com ônus limitado para esta IFE, conforme consta do processo nº 23071.000329/2016-16.</p><p> </p>]]></Texto>
    <Autores>
      <assina>Marcus Vinicius David</assina>
    </Autores>
  </body>
</article></xml>