﻿<xml><article id="1351889" name="31.01.2018 -CGGP" idOficio="4660390" pubName="DO2" artType="Portaria" pubDate="01/02/2018" artClass="00015:00034:00242:00053:00000:00000:00000:00000:00000:00000:00025:00001" artSection="Coordenação-Geral de Gestão de Pessoas" artCategory="Coordenação-Geral de Gestão de Pessoas" artSize="8" artNotes="" numberPage="61" pdfPage="http://pesquisa.in.gov.br/imprensa/jsp/visualiza/index.jsp?data=01/02/2018&amp;jornal=529&amp;pagina=61" editionNumber="23">
  <body>
    <Identifica><![CDATA[PORTARIA Nº 31, DE 29 DE JANEIRO DE 2018]]></Identifica>
    <Data><![CDATA[]]></Data>
    <Ementa />
    <Titulo />
    <SubTitulo />
    <Texto><![CDATA[<p> O COORDENADOR-GERAL DE GESTÃO DE PESSOAS SUBSTITUTO DA FUNDAÇÃO NACIONAL DO ÍNDIO - FUNAI, no uso das atribuições que lhe são conferidas pela Portaria nº 972/PRES, de 15 de agosto de 2013, publicada no Diário Oficial da União nº 159, de 19 de agosto de 2013, resolve:</p><p>Declarar vago, a partir de 25 de janeiro de 2018, o cargo de Agente em Indigenismo, Classe B, Padrão I, do Quadro de Pessoal desta Fundação, ocupado por SILVIA ANGELISE SOUZA DE ALMEIDA, matrícula nº 1817937, CPF nº 270.368.858-07, lotada na Coordenação de Acompanhamento da Saúde Indígena da Coordenação-Geral de Promoção dos Direitos Sociais da Diretoria de Promoção ao Desenvolvimento Sustentável desta Fundação, em virtude de posse e exercício em outro cargo público inacumulável.</p>]]></Texto>
    <Autores>
      <assina>HAROLDO NIEMEYER RESENDE</assina>
    </Autores>
  </body>
</article></xml>