﻿<xml><article id="1351706" name="PTS6A16PORTOALEGRE" idOficio="4660380" pubName="DO2" artType="Portaria" pubDate="01/02/2018" artClass="00022:00029:00241:00005:00023:00003:00000:00000:00000:00000:00025:00006" artSection="Seção Operacional da Gestão de Pessoas" artCategory="Seção Operacional da Gestão de Pessoas" artSize="8" artNotes="" numberPage="95" pdfPage="http://pesquisa.in.gov.br/imprensa/jsp/visualiza/index.jsp?data=01/02/2018&amp;jornal=529&amp;pagina=95" editionNumber="23">
  <body>
    <Identifica><![CDATA[PORTARIAS DE 01 DE FEVEREIRO DE 2018]]></Identifica>
    <Data><![CDATA[]]></Data>
    <Ementa />
    <Titulo />
    <SubTitulo />
    <Texto><![CDATA[<p> A CHEFE DA SEÇÃO OPERACIONAL DE GESTÃO DE PESSOAS DA GERÊNCIA-EXECUTIVA DO INSTITUTO NACIONAL DO SEGURO SOCIAL DO INSS EM PORTO ALEGRE/RS, no uso das atribuições que lhe confere o art. 235 do Regimento Interno do INSS aprovado pela PT nº 414/MDS de 28/09/2017, publicada no D.O.U. nº 188-A de 29/09/2017, resolve: </p><p>Nº  6 -  Conceder Aposentadoria Voluntária Integral à servidora ANA RITA CELLA, matrícula SIAPE 0927998, ocupante do cargo de Técnico do Seguro Social, Classe S, Padrão IV, do Quadro de Pessoal do Instituto Nacional do Seguro Social, com fundamento no art. 3º, da Emenda Constitucional nº 47/2005, observado o contido no Processo nº 35239.001311/2017-33 declarando, em consequência, vago o referido cargo. </p><p>Nº 7 - Conceder Aposentadoria Voluntária Integral à servidora FÁTIMA GICELDA PRATES PINTO, matrícula SIAPE 0925760, ocupante do cargo de Técnico do Seguro Social, Classe S, Padrão IV, do Quadro de Pessoal do Instituto Nacional do Seguro Social, com fundamento no art. 3º, da Emenda Constitucional nº 47/2005, observado o contido no Processo nº 35239.001338/2017-26 declarando, em consequência, vago o referido cargo. </p><p>Nº 8 - Conceder Aposentadoria Voluntária Integral à servidora CRISTINA TERESINHA TIMM, matrícula SIAPE 0926801, ocupante do cargo de Técnico do Seguro Social, Classe S, Padrão IV, do Quadro de Pessoal do Instituto Nacional do Seguro Social, com fundamento no art. 3º, da Emenda Constitucional nº 47/2005, observado o contido no Processo nº 35239.001314/2017-77 declarando, em consequência, vago o referido cargo. </p><p>Nº 9 -Conceder Aposentadoria Voluntária Integral à servidora ELIANA RIGON WEISSHEIMER, matrícula SIAPE 0926912, ocupante do cargo de Técnico do Seguro Social, Classe S, Padrão IV, do Quadro de Pessoal do Instituto Nacional do Seguro Social, com fundamento no art. 3º, da Emenda Constitucional nº 47/2005, observado o contido no Processo nº 35239.000013/2018-15 declarando, em consequência, vago o referido cargo. </p><p>Nº 10 - Conceder Aposentadoria Voluntária Integral ao servidor LUIZ FERNANDO DA SILVA WANDERLEY, matrícula SIAPE 0926820, ocupante do cargo de Técnico do Seguro Social, Classe S, Padrão IV, do Quadro de Pessoal do Instituto Nacional do Seguro Social, com fundamento no art. 3º, da Emenda Constitucional nº 47/2005, observado o contido no Processo nº 35239.001341/2017-40 declarando, em consequência, vago o referido cargo. </p><p>Nº 11 - Conceder Aposentadoria Voluntária Integral à servidora MARIA HELENA MONTEIRO, matrícula SIAPE 0926750, ocupante do cargo de Técnico do Seguro Social, Classe S, Padrão IV, do Quadro de Pessoal do Instituto Nacional do Seguro Social, com fundamento no art. 3º, da Emenda Constitucional nº 47/2005, observado o contido no Processo nº 35239.001340/2017-03 declarando, em consequência, vago o referido cargo. </p><p>Nº 12 - Conceder Aposentadoria Voluntária Integral à servidora MARIA LUCIA LUNKES, matrícula SIAPE 0579699, ocupante do cargo de Administrador, Classe S, Padrão IV, do Quadro de Pessoal do Instituto Nacional do Seguro Social, com fundamento no art. 3º, da Emenda Constitucional nº 47/2005, observado o contido no Processo nº 35239.001331/2017-12 declarando, em consequência, vago o referido cargo. </p><p>Nº 13 - Conceder Aposentadoria Voluntária Integral à servidora MARLEY SILVEIRA SOARES, matrícula SIAPE 0927757, ocupante do cargo de Técnico do Seguro Social, Classe S, Padrão IV, do Quadro de Pessoal do Instituto Nacional do Seguro Social, com fundamento no art. 3º, da Emenda Constitucional nº 47/2005, observado o contido no Processo nº 35239.001318/2017-55 declarando, em consequência, vago o referido cargo. </p><p>Nº 14 - Conceder Aposentadoria Voluntária Integral ao servidor RUDNEY DA SILVA PIRES, matrícula SIAPE 0925331, ocupante do cargo de Técnico do Seguro Social, Classe S, Padrão IV, do Quadro de Pessoal do Instituto Nacional do Seguro Social, com fundamento no art. 3º, da Emenda Constitucional nº 47/2005, observado o contido no Processo nº 35239.001301/2017-06 declarando, em consequência, vago o referido cargo. </p><p>Nº 15 - Conceder Aposentadoria Voluntária Integral ao servidor THADEU JOSÉ FONTOURA MENDES, matrícula SIAPE 0925067, ocupante do cargo de Técnico do Seguro Social, Classe S, Padrão IV, do Quadro de Pessoal do Instituto Nacional do Seguro Social, com fundamento no art. 3º, da Emenda Constitucional nº 47/2005, observado o contido no Processo nº 35239.001275/2017-16 declarando, em consequência, vago o referido cargo. </p><p>Nº 16 - Conceder Aposentadoria Voluntária Integral ao servidor CROACI FERNANDO RAMOS DE OLIVEIRA, matrícula SIAPE 0926790, ocupante do cargo de Técnico do Seguro Social, Classe S, Padrão IV, do Quadro de Pessoal do Instituto Nacional do Seguro Social, com fundamento no art. 3º, da Emenda Constitucional nº 47/2005, observado o contido no Processo nº 35239.000042/2018-79 declarando, em consequência, vago o referido cargo. </p>]]></Texto>
    <Autores>
      <assina>Magda de Lima Hippler</assina>
    </Autores>
  </body>
</article></xml>