﻿<xml><article id="1349871" name="Portaria 136 Aposentadoria" idOficio="4660267" pubName="DO2" artType="Portaria" pubDate="01/02/2018" artClass="00011:00130:00001:00017:00000:00000:00000:00000:00000:00000:00025:00001" artSection="Pró-Reitoria de Pessoal" artCategory="Pró-Reitoria de Pessoal" artSize="8" artNotes="" numberPage="42" pdfPage="http://pesquisa.in.gov.br/imprensa/jsp/visualiza/index.jsp?data=01/02/2018&amp;jornal=529&amp;pagina=42" editionNumber="23">
  <body>
    <Identifica><![CDATA[PORTARIA Nº 136, de 8 de janeiro de 2018]]></Identifica>
    <Data><![CDATA[]]></Data>
    <Ementa />
    <Titulo />
    <SubTitulo />
    <Texto><![CDATA[<p> O Pró-Reitor de Pessoal da Universidade Federal do Rio de Janeiro, no uso da competência delegada pela Portaria nº 956, de 10 de fevereiro de 2017, publicada no Diário Oficial da União de 13 de fevereiro de 2017 e tendo em vista o que consta no processo n º 23079.051762/2017-12, resolve:</p><p>Declarar aposentada voluntariamente CATHERINE AMARAL HENRIQUES DA SILVA, matrícula SIAPE nº. 0361568, ocupante do cargo de Músico, Classe: E, Capacitação: 1, Padrão: 16 no regime de 25 horas semanais de trabalho, do Quadro de Pessoal desta Universidade com fundamento nos termos do Artigo 3º, incisos I, II e III da EC 47/2005, com proventos integrais.</p><p> </p>]]></Texto>
    <Autores>
      <assina>AGNALDO FERNANDES SILVA</assina>
    </Autores>
  </body>
</article></xml>