﻿<xml><article id="1352141" name="DOU02_ATO_009_2018_SUBSTITUIÇÃO_" idOficio="4660437" pubName="DO2" artType="Ato" pubDate="01/02/2018" artClass="00037:00059:00001:00000:00000:00000:00000:00000:00000:00000:00001:00003" artSection="Presidência" artCategory="Presidência" artSize="8" artNotes="" numberPage="140" pdfPage="http://pesquisa.in.gov.br/imprensa/jsp/visualiza/index.jsp?data=01/02/2018&amp;jornal=529&amp;pagina=140" editionNumber="23">
  <body>
    <Identifica><![CDATA[PORTARIA Nº 9, DE 30 DE JANEIRO DE 2018]]></Identifica>
    <Data><![CDATA[]]></Data>
    <Ementa />
    <Titulo />
    <SubTitulo />
    <Texto><![CDATA[<p> O DESEMBARGADOR PRESIDENTE DO TRIBUNAL REGIONAL DO TRABALHO DA 20ª REGIÃO, no uso de suas atribuições legais e regimentais, tendo em vista o que consta do Processo Administrativo Eletrônico Nº 30360/2018, resolve:</p><p> Designar o Bacharel em Direito PAULO RODRIGO COUTINHO VIDAL DE LIMA, Analista Judiciário - Área Judiciária do Tribunal Superior do Trabalho, removido de ofício para este Tribunal, para substituir PAULO HENRIQUE CAVALCANTE SILVA no cargo em comissão de DIRETOR DE SECRETARIA (CJ-3), nos dias 1º e 2/2/2018, em virtude de participação do titular na reunião de Revisão Anual do Planejamento Estratégico Participativo do TRT da 20ª Região 2015/2020 (objeto da PORTARIA CGP.PR Nº 029/2018) e férias da substituta legal, nos termos do ATO DG.PR Nº 171/2011.</p>]]></Texto>
    <Autores>
      <assina>THENISSON SANTANA DÓRIA</assina>
    </Autores>
  </body>
</article></xml>