﻿<xml><article id="1349435" name="Portaria nº 136" idOficio="4660217" pubName="DO2" artType="Portaria" pubDate="01/02/2018" artClass="00008:00006:00001:00001:00000:00000:00000:00000:00000:00000:00025:00001" artSection="Gabinete da Presidência" artCategory="Gabinete da Presidência" artSize="8" artNotes="" numberPage="7" pdfPage="http://pesquisa.in.gov.br/imprensa/jsp/visualiza/index.jsp?data=01/02/2018&amp;jornal=529&amp;pagina=7" editionNumber="23">
  <body>
    <Identifica><![CDATA[Portaria nº 136, de 29 de janeiro de 2018]]></Identifica>
    <Data><![CDATA[]]></Data>
    <Ementa />
    <Titulo />
    <SubTitulo />
    <Texto><![CDATA[<p> O  PRESIDENTE DA AGÊNCIA NACIONAL DE TELECOMUNICAÇÕES, no uso das atribuições que lhe foram conferidas pelo art. 136, inciso XI, do Regimento Interno da Anatel, aprovado pela Resolução nº 612, de 29 de abril de 2013; e CONSIDERANDO o constante dos autos do processo nº 53500.001677/2018-28, resolve: </p><p>Declarar a vacância, a partir de 23 de janeiro de 2018, do cargo efetivo de Analista Administrativo, Classe A, Padrão III, ocupado por Marx Gomes Van Der Linden, Siape nº 1630888, em virtude de posse em outro cargo inacumulável, sem direito à recondução.</p>]]></Texto>
    <Autores>
      <assina>Juarez Martinho Quadros do Nascimento</assina>
    </Autores>
  </body>
</article></xml>