﻿<xml><article id="1349483" name="PO MINUTA VICENTE" idOficio="4660222" pubName="DO2" artType="Portaria" pubDate="01/02/2018" artClass="00008:00013:00000:00000:00000:00000:00000:00000:00000:00000:00025:00001" artSection="Ministério da Ciência, Tecnologia, Inovações e Comunicações" artCategory="Centro de Tecnologia Mineral" artSize="8" artNotes="" numberPage="7" pdfPage="http://pesquisa.in.gov.br/imprensa/jsp/visualiza/index.jsp?data=01/02/2018&amp;jornal=529&amp;pagina=7" editionNumber="23">
  <body>
    <Identifica><![CDATA[PORTARIA Nº 7 SEI-CETEM, de 29 de janeiro de 2018]]></Identifica>
    <Data><![CDATA[]]></Data>
    <Ementa />
    <Titulo />
    <SubTitulo />
    <Texto><![CDATA[<p>O DIRETOR DO CENTRO DE TECNOLOGIA MINERAL DO MINISTÉRIO DA CIÊNCIA, TECNOLOGIA, INOVAÇÕES E  COMUNICAÇÕES, no uso da delegação de competência que lhe foi conferida pelo item XXIV, do artigo 1º, da Portaria nº 407 de 29 de junho de 2006, resolve:</p><p>Conceder aposentadoria voluntária, com proventos integrais, a VICENTE PAULO DE SOUZA, matrícula Siape nº 0672080, Pesquisador Titular, Classe U, Padrão III, com fundamento legal dos incisos I, II e III do art. 3º da Emenda Constitucional nº 47, de 05 de julho de 2005, c/c § 18, art. 40 da Constituição Federal (redação atual) Processo SEI: 01207.000002/2018-82</p>]]></Texto>
    <Autores>
      <assina>FERNANDO ANTONIO FREITAS LINS</assina>
    </Autores>
  </body>
</article></xml>