﻿<xml><article id="1353057" name="Portaria42018" idOficio="4660574" pubName="DO2" artType="Portaria" pubDate="01/02/2018" artClass="00038:00281:00000:00000:00000:00000:00000:00000:00000:00000:00025:00001" artSection="Entidades de Fiscalização do Exercício das Profissões Liberais" artCategory="Conselho Regional de Farmácia do Estado de São Paulo" artSize="8" artNotes="" numberPage="143" pdfPage="http://pesquisa.in.gov.br/imprensa/jsp/visualiza/index.jsp?data=01/02/2018&amp;jornal=529&amp;pagina=143" editionNumber="23">
  <body>
    <Identifica><![CDATA[PORTARIA Nº 4, DE 31 DE JANEIRO DE 2018]]></Identifica>
    <Data><![CDATA[]]></Data>
    <Ementa />
    <Titulo />
    <SubTitulo />
    <Texto><![CDATA[<p> O Presidente do Conselho Regional de Farmácia do Estado de São Paulo - CRF/SP, no uso das atribuições que lhe confere o regimento interno desta autarquia federal, resolve:</p><p>Art. 1º - Exonerar PAULO SILAS ALVARENGA DE MELO do o emprego de Assessor, qualificado como de livre provimento e dispensa, nos termos do artigo 37, II, da Constituição Federal, sendo o dia 01/02/2018 considerado como último dia trabalhado.</p><p>Art. 2º - A presente Portaria entre em vigor na data de sua publicação.</p>]]></Texto>
    <Autores>
      <assina>Marcos Machado Ferreira</assina>
    </Autores>
  </body>
</article></xml>