﻿<xml><article id="1352649" name="31-01-18 - DISPENSAR henrique ba" idOficio="4660486" pubName="DO2" artType="Portaria" pubDate="01/02/2018" artClass="00015:00031:00000:00000:00000:00000:00000:00000:00000:00000:00025:00004" artSection="Ministério da Justiça e Segurança Pública" artCategory="Departamento Penitenciário Nacional" artSize="8" artNotes="" numberPage="58" pdfPage="http://pesquisa.in.gov.br/imprensa/jsp/visualiza/index.jsp?data=01/02/2018&amp;jornal=529&amp;pagina=58" editionNumber="23">
  <body>
    <Identifica><![CDATA[PORTARIA Nº 53, DE 30 DE JANEIRO DE 2018]]></Identifica>
    <Data><![CDATA[]]></Data>
    <Ementa />
    <Titulo />
    <SubTitulo />
    <Texto><![CDATA[<p> O DIRETOR-EXECUTIVO DO DEPARTAMENTO PENITENCIÁRIO NACIONAL, no uso das atribuições delegadas pelo inciso XIII do art. 1º da Portaria DEPEN nº 50, de 3 de fevereiro de 2016, resolve:</p><p>DISPENSAR HENRIQUE BATISTA ABREU, Agente Federal de Execução Penal, Matrícula Siape nº 1546085, da Função Gratificada - FG-03,  da Corregedoria-Geral do Departamento Penitenciário Nacional.</p>]]></Texto>
    <Autores>
      <assina>RENATO FERNANDES LIMA</assina>
    </Autores>
  </body>
</article></xml>