﻿<xml><article id="1349257" name="REDISTRIBUICAO_DOU_30_01_18_MURI" idOficio="4659993" pubName="DO2" artType="Portaria" pubDate="01/02/2018" artClass="00037:00040:00001:00001:00000:00000:00000:00000:00000:00000:00025:00001" artSection="Gabinete da Presidência" artCategory="Gabinete da Presidência" artSize="8" artNotes="" numberPage="121" pdfPage="http://pesquisa.in.gov.br/imprensa/jsp/visualiza/index.jsp?data=01/02/2018&amp;jornal=529&amp;pagina=121" editionNumber="23">
  <body>
    <Identifica><![CDATA[PORTARIA Nº 72, de 24 de janeiro de 2018]]></Identifica>
    <Data><![CDATA[]]></Data>
    <Ementa />
    <Titulo />
    <SubTitulo />
    <Texto><![CDATA[<p> O PRESIDENTE DO TRIBUNAL REGIONAL DO TRABALHO DA PRIMEIRA REGIÃO, no uso de suas atribuições legais e regimentais, e tendo em vista o contido no PROAD nº 3625/2017, resolve:</p><p>I-Cessar os efeitos da Portaria nº 345/2017-SEP, publicada no DOU, Seção II, de 13/03/2017, que removeu para o Tribunal Regional do Trabalho da Vigésima Região o Analista Judiciário - Área Judiciária, MURIELLE MORAIS RODRIGUES, do Quadro de Pessoal deste Tribunal, em permuta com PAULA DO CANTO BRAGA ALT;</p><p>II-Redistribuir por triangulação, com fundamento no art. 37 da Lei nº 8.112, de 11 de dezembro de 1990, o cargo da Carreira de Analista Judiciário - Área Judiciária, Classe A, Padrão - 04, do Quadro de Pessoal deste Tribunal, ocupado pelo servidor MURIELLE MORAIS RODRIGUES, para o Quadro de Pessoal do Tribunal Regional do Trabalho da Vigésima Região, em reciprocidade com os cargos da Carreira de Analista Judiciário - Área Judiciária, dos Quadros de Pessoal dos Tribunais da Vigésima Região e da Vigésima Primeira Região, ocupados, respectivamente, pelos servidores PAULA DO CANTO BRAGA ALT  e LEONARDO JOSÉ VELOSO DA SILVA;</p><p>III-Esta portaria entra em vigor a partir da publicação.</p><p> </p>]]></Texto>
    <Autores>
      <assina>FERNANDO ANTONIO ZORZENON DA SILVA</assina>
    </Autores>
  </body>
</article></xml>