﻿<xml><article id="1349195" name="76__081421" idOficio="4659502" pubName="DO2" artType="Portaria" pubDate="01/02/2018" artClass="00037:00003:00005:00001:00000:00000:00000:00000:00000:00000:00025:00001" artSection="Diretoria-Geral" artCategory="Diretoria-Geral" artSize="8" artNotes="" numberPage="115" pdfPage="http://pesquisa.in.gov.br/imprensa/jsp/visualiza/index.jsp?data=01/02/2018&amp;jornal=529&amp;pagina=115" editionNumber="23">
  <body>
    <Identifica><![CDATA[Portaria nº 76, de 30 de janeiro de 2018]]></Identifica>
    <Data><![CDATA[]]></Data>
    <Ementa />
    <Titulo />
    <SubTitulo />
    <Texto><![CDATA[<p> O DIRETOR-GERAL DA SECRETARIA DO TRIBUNAL SUPERIOR ELEITORAL, com base no inciso XV do art. 116 do Regulamento Interno e no inciso I do art. 2º da Portaria nº 204, de 26.9.2002, resolve, por indicação do Senhor Ministro Napoleão Nunes Maia Filho:</p><p>Art. 1º Designar:</p><p>I - LUCAS AUGUSTO BORGES PEREIRA, Técnico Judiciário, Área Administrativa, para exercer a função comissionada de Assistente I, Nível FC-1;</p><p>II - LUANA FARIA FERNANDES para exercer a função comissionada de Assistente I, Nível FC-1.</p>]]></Texto>
    <Autores>
      <assina>MAURICIO CALDAS DE MELO</assina>
    </Autores>
  </body>
</article></xml>