﻿<xml><article id="1349336" name="PORTARIA SEAD 54 de 30012018" idOficio="4660144" pubName="DO2" artType="Portaria" pubDate="01/02/2018" artClass="00006:00004:00033:00063:00000:00000:00000:00000:00000:00000:00025:00002" artSection="Gabinete do Secretário Especial de Agricultura Familiar e do Desenvolvimento Agrário" artCategory="Gabinete do Secretário Especial de Agricultura Familiar e do Desenvolvimento Agrário" artSize="8" artNotes="" numberPage="2" pdfPage="http://pesquisa.in.gov.br/imprensa/jsp/visualiza/index.jsp?data=01/02/2018&amp;jornal=529&amp;pagina=2" editionNumber="23">
  <body>
    <Identifica><![CDATA[PORTARIA Nº 54, DE 30 DE JANEIRO DE 2018]]></Identifica>
    <Data><![CDATA[]]></Data>
    <Ementa />
    <Titulo />
    <SubTitulo />
    <Texto><![CDATA[<p><strong>O SECRETÁRIO ESPECIAL DE AGRICULTURA FAMILIAR E DO DESENVOLVIMENTO AGRÁRIO</strong>, no uso das atribuições e de acordo com o disposto no art. 6º do Decreto nº 5151, de 22 de julho de 2004, e no art. 18 e 19 da Portaria MRE nº 8, de 04 de janeiro de 2017, publicada na Seção I, do Diário Oficial da União, de 20 de janeiro de 2017, resolve:</p><p>Art. 1º Designar<strong> </strong>JULIO BRAGA MANDU, inscrito no CPF/MF sob nº 006.893.171-90, para o cargo de Coordenador dos Projetos de Cooperação Técnica "Nova organização produtiva e social da agricultura familiar brasileira - uma necessidade" (UTF/BRA/083/BRA); "Nova Ruralidade Brasileira: Compreensões e Implicações na Política Pública" (BRA/IICA/13/003) e substituir o Diretor Nacional do Projeto, em seus impedimentos legais e eventuais.</p><p>Art. 2º Esta Portaria entra em vigor na data da sua publicação.</p>]]></Texto>
    <Autores>
      <assina>JEFFERSON CORITEAC</assina>
    </Autores>
  </body>
</article></xml>