﻿<xml><article id="1350629" name="PTS1A3PIRACICABA" idOficio="4660319" pubName="DO2" artType="Portaria" pubDate="01/02/2018" artClass="00022:00029:00239:00015:00020:00000:00000:00000:00000:00000:00025:00005" artSection="Seção Operacional da Gestão de Pessoas" artCategory="Seção Operacional da Gestão de Pessoas" artSize="8" artNotes="" numberPage="88" pdfPage="http://pesquisa.in.gov.br/imprensa/jsp/visualiza/index.jsp?data=01/02/2018&amp;jornal=529&amp;pagina=88" editionNumber="23">
  <body>
    <Identifica><![CDATA[Portaria nº 1, de 31 de janeiro de 2018]]></Identifica>
    <Data><![CDATA[]]></Data>
    <Ementa />
    <Titulo />
    <SubTitulo />
    <Texto><![CDATA[<p> </p><p> A CHEFE DE SEÇÃO OPERACIONAL DA GESTÃO DE PESSOAS DA GERÊNCIA EXECUTIVA EM PIRACICABA/SP, no uso das atribuições estabelecidas no Artigo 235, inciso I, alinea b do Regimento Interno aprovado pela Portaria MDS nº 414 de 28/09/2017, publicado no Diário Oficial da União nº 188-A de 29 de Setembro de 2017, e  tendo em vista o que consta do processo nº. 35418.001017/2017-13. RESOLVE:</p><p>1- Conceder aposentadoria voluntária para a servidora ANA MARIA SANTOS MEIRELLES MAGAGNATO, matrícula 0936005, ocupante do cargo de Técnico do Seguro Social, Classe S, Padrão IV, do quadro de pessoal do Instituto Nacional do Seguro Social, com fundamento no artigo 3º da Emenda Constitucional nº. 47/2005, com os proventos integrais, acrescido das demais vantagens a que faz jus.</p><p>2- Declarar vago o referido cargo. </p><p> A CHEFE DE SEÇÃO OPERACIONAL DA GESTÃO DE PESSOAS DA GERÊNCIA EXECUTIVA EM PIRACICABA/SP, no uso das atribuições estabelecidas no Artigo 235, inciso I, alinea b do Regimento Interno aprovado pela Portaria MDS nº 414 de 28/09/2017, publicado no Diário Oficial da União nº 188-A de 29 de Setembro de 2017, e  tendo em vista o que consta do processo nº. 35418.000053/2018-41. RESOLVE:</p><p>1- Conceder aposentadoria voluntária para a servidora DAVID CARLOS WOIGT, matrícula 0941971, ocupante do cargo de Técnico do Seguro Social, Classe S, Padrão IV, do quadro de pessoal do Instituto Nacional do Seguro Social, com fundamento no artigo 3º da Emenda Constitucional nº. 47/2005, com os proventos integrais, acrescido das demais vantagens a que faz jus.</p><p>2- Declarar vago o referido cargo. </p><p> A CHEFE DE SEÇÃO OPERACIONAL DA GESTÃO DE PESSOAS DA GERÊNCIA EXECUTIVA EM PIRACICABA/SP, no uso das atribuições estabelecidas no Artigo 235, inciso I, alinea b do Regimento Interno aprovado pela Portaria MDS nº 414 de 28/09/2017, publicado no Diário Oficial da União nº 188-A de 29 de Setembro de 2017, e  tendo em vista o que consta do processo nº. 35418.000001/2018-74. RESOLVE:</p><p>1- Conceder aposentadoria voluntária para a servidora SILVIA MARIA GOBETTE NEGRI BRAZ, matrícula 0604715, ocupante do cargo de Técnico do Seguro Social, Classe S, Padrão IV, do quadro de pessoal do Instituto Nacional do Seguro Social, com fundamento no artigo 3º da Emenda Constitucional nº. 47/2005, com os proventos integrais, acrescido das demais vantagens a que faz jus.</p><p>2- Declarar vago o referido cargo. </p>]]></Texto>
    <Autores>
      <assina>Celia Regina Dorante Banchi</assina>
      <assina>Celia Regina Dorante Banchi</assina>
      <assina>Celia Regina Dorante Banchi</assina>
    </Autores>
  </body>
</article></xml>