﻿<xml><article id="1351281" name="portaria 17581 SGP" idOficio="4660337" pubName="DO2" artType="Portaria" pubDate="01/02/2018" artClass="00037:00025:00000:00000:00000:00000:00000:00000:00000:00000:00025:00004" artSection="Poder Judiciário" artCategory="Tribunal Regional Eleitoral do Pará" artSize="8" artNotes="" numberPage="118" pdfPage="http://pesquisa.in.gov.br/imprensa/jsp/visualiza/index.jsp?data=01/02/2018&amp;jornal=529&amp;pagina=118" editionNumber="23">
  <body>
    <Identifica><![CDATA[Portaria Nº 17.581, de 30 de janeiro de 2018]]></Identifica>
    <Data><![CDATA[]]></Data>
    <Ementa />
    <Titulo />
    <SubTitulo />
    <Texto><![CDATA[<p> A PRESIDENTE DO TRIBUNAL REGIONAL ELEITORAL DO PARÁ, no uso de suas atribuições legais e regimentais, e à vista do contido no Processo Administrativo Eletrônico nº 0001144-32.2018.6.14.8068, resolve:</p><p>Art. 1º DISPENSAR a servidora requisitada VIVIANE VIEIRA PINHEIRO, da Função Comissionada de Assistente I, nível FC-1, da 68ª Zona Eleitoral, sediada no município de Rurópolis, com fulcro no art. 35, I, da Lei nº 8.112/1990.</p><p>Art. 2º DESIGNAR a servidora requisitada VIVIANE VIEIRA PINHEIRO, para exercer a Função Comissionada de Chefe de Cartório, nível FC-6, da 68ª Zona Eleitoral, com sede no município de Rurópolis, com fulcro no § 2º do art. 4º da Resolução TSE nº 23.448/2015.</p><p>Art. 3º Esta portaria entra em vigor na data de sua publicação.</p>]]></Texto>
    <Autores>
      <assina>CÉLIA REGINA DE LIMA PINHEIRO</assina>
    </Autores>
  </body>
</article></xml>