﻿<xml><article id="1352403" name="Portaria 054" idOficio="4660476" pubName="DO2" artType="Portaria" pubDate="01/02/2018" artClass="00011:00031:00001:00000:00000:00000:00000:00000:00000:00000:00025:00004" artSection="Reitoria" artCategory="Reitoria" artSize="8" artNotes="" numberPage="16" pdfPage="http://pesquisa.in.gov.br/imprensa/jsp/visualiza/index.jsp?data=01/02/2018&amp;jornal=529&amp;pagina=16" editionNumber="23">
  <body>
    <Identifica><![CDATA[PORTARIA Nº 54, DE 30 DE JANEIRO DE 2018]]></Identifica>
    <Data><![CDATA[]]></Data>
    <Ementa />
    <Titulo />
    <SubTitulo />
    <Texto><![CDATA[<p> A Reitora da Universidade Federal de Mato Grosso, no uso de suas atribuições legais, resolve:</p><p> Tornar sem efeito, a Portaria GR nº 981, de 22 de dezembro de 2017, publicada no Diário Oficial da União em 27.12.2017, seção 2, p. 13, que nomeou MARIO SPEZZAPRIA, por motivo de não cumprimento de requisito exigido em Edital do Certame no decurso do prazo legal para posse. (Processos n. 23108.235299/2017-75 e 23108.905864/2017-73.).</p>]]></Texto>
    <Autores>
      <assina>MYRIAN THEREZA DE MOURA SERRA</assina>
    </Autores>
  </body>
</article></xml>