﻿<xml><article id="1544112" name="trt9a22-2018 ATO 29" idOficio="4658975" pubName="DO2" artType="Ato" pubDate="15/02/2018" artClass="00037:00048:00000:00000:00000:00000:00000:00000:00000:00000:00001:00001" artSection="Poder Judiciário" artCategory="Tribunal Regional do Trabalho da 9ª Região" artSize="8" artNotes="" numberPage="33" pdfPage="http://pesquisa.in.gov.br/imprensa/jsp/visualiza/index.jsp?data=15/02/2018&amp;jornal=529&amp;pagina=33" editionNumber="31" highlight="">
  <body>
    <Identifica><![CDATA[ATO Nº 29, DE 24 DE JANEIRO DE 2018]]></Identifica>
    <Data><![CDATA[]]></Data>
    <Ementa />
    <Titulo />
    <SubTitulo />
    <Texto><![CDATA[<p> A DESEMBARGADORA DO TRABALHO, PRESIDENTE DO TRIBUNAL REGIONAL DO TRABALHO DA 9ª REGIÃO, usando de suas atribuições legais, diante do disposto no art. 25, LV-A, do Regimento Interno e do contido no PRP nº 14/2018, resolve: Art. 1º Conceder, ad referendum do Órgão Especial, aposentadoria ao servidor JOSÉ MILTON DA SILVA, nos termos do art. 3º, da EC nº 47/2005, com proventos integrais ao tempo de contribuição, no montante de R$ 15.633,76 (quinze mil seiscentos e trinta e três reais e setenta e seis centavos), correspondentes à remuneração do cargo efetivo de Técnico Judiciário, Área Administrativa, classe C, padrão 13, conforme arts. 12 e 13, da Lei nº 11.416/2006 (Vencimento Servidor Inativo de R$ 4.537,30 e GAJ Cargo Inativo de R$ 5.535,51), acrescidos das seguintes vantagens: a) vantagem pessoal nominalmente identificada - VPNI, equivalente a 6/10 do cargo em comissão de nível CJ-2, no valor de R$ 3.642,69, e 4/10 da função comissionada de nível FC-5, no valor de R$ 1.373,78, conforme disposto nos arts. 3º da Lei nº 8.911/1994, 5º da Lei nº 9.624/1998 e 62-A da Lei nº 8.112/1990; b) 12% da gratificação adicional por tempo de serviço - GATS, equivalente a R$ 544,48, prevista no art. 67 da Lei nº 8.112/1990. Faz jus, ainda, à paridade de vencimentos com o pessoal da ativa, nos termos do parágrafo único do art. 3º da EC nº 47/2005, estendendo-se tal paridade a eventuais pensionistas. Art. 2º Conceder indenização de férias na soma total de R$ 2.605,63, resultante do pagamento indenizado do saldo de 5 dias de férias proporcionais relativas ao período aquisitivo de 31/08/2017 a 14/02/2018, nos termos do artigo 78, §§ 3º e 4º, da Lei 8.112/1990, c/c o art. 24, caput e § 4º, da Resolução CSJT nº 162/2016. O pagamento, que deverá ocorrer sem a incidência do imposto de renda na fonte e de contribuição previdenciária, nos termos do art. 9º, caput, do Ato TRT9 nº 74/2016, é resultante da base de cálculo composta por: Vencimento Estatutário (R$ 4.537,30), GAJ (R$ 5.535,51), GATS (R$ 544,48), e VPNI (R$ 5.016,47). Art. 3º Declarar vago o cargo acima citado, nos termos do inciso VII, art. 33, da Lei n.º 8.112/1990.</p>]]></Texto>
    <Autores>
      <assina>Des. MARLENE T. FUVERKI SUGUIMATSU</assina>
    </Autores>
  </body>
</article></xml>