﻿<xml><article id="1760988" name="trt9a25-2018 ATO 318" idOficio="4658863" pubName="DO2" artType="Ato" pubDate="28/02/2018" artClass="00037:00048:00000:00000:00000:00000:00000:00000:00000:00000:00001:00001" artSection="Poder Judiciário" artCategory="Tribunal Regional do Trabalho da 9ª Região" artSize="8" artNotes="" numberPage="69" pdfPage="http://pesquisa.in.gov.br/imprensa/jsp/visualiza/index.jsp?data=28/02/2018&amp;jornal=529&amp;pagina=69" editionNumber="40" highlight="">
  <body>
    <Identifica><![CDATA[ATO Nº 318, DE 14 DE DEZEMBRO DE 2017]]></Identifica>
    <Data><![CDATA[]]></Data>
    <Ementa />
    <Titulo />
    <SubTitulo />
    <Texto><![CDATA[<p> A DESEMBARGADORA DO TRABALHO, PRESIDENTE DO TRIBUNAL REGIONAL DO TRABALHO DA 9ª REGIÃO, usando de suas atribuições legais, diante do disposto no art. 25 do Regimento Interno e do contido no expediente eletrônico "Remoção Entre Regionais Por Permuta DIST SJP 001/2017" e na CER CAM no 332/2017, resolve: Art. 1º Remover a pedido, mediante permuta, com fundamento no art. 20, da Lei 11.416/2006, e arts. 7º, II, e 13, da Resolução CSJT nº 110/2012, LUCAS CESAR VERÇOSA SILVA, Analista Judiciário, Área Judiciária, Oficial de Justiça Avaliador Federal, do Quadro de Pessoal Permanente deste Tribunal, para o Tribunal Regional do Trabalho da 12ª Região. Art. 2º Lotar, em virtude do disposto no art. 1º, a servidora LUCIANA PISA QUEIROZ DE ALMEIDA na Unidade de Assistência aos Oficiais de Justiça Avaliadores Federais de São José Dos Pinhais. Art. 3º Este Ato entra em vigor a partir da data de sua publicação.</p>]]></Texto>
    <Autores>
      <assina>Des. MARLENE T. FUVERKI SUGUIMATSU</assina>
    </Autores>
  </body>
</article></xml>