﻿<xml><article id="1351997" name="PTS16A23FLORIANOPOLIS" idOficio="4660405" pubName="DO2" artType="Portaria" pubDate="01/02/2018" artClass="00022:00029:00241:00012:00024:00000:00000:00000:00000:00000:00025:00002" artSection="Seção Operacional da Gestão de Pessoas" artCategory="Seção Operacional da Gestão de Pessoas" artSize="8" artNotes="" numberPage="96" pdfPage="http://pesquisa.in.gov.br/imprensa/jsp/visualiza/index.jsp?data=01/02/2018&amp;jornal=529&amp;pagina=96" editionNumber="23">
  <body>
    <Identifica><![CDATA[PORTARIAS DE 30 DE JANEIRO DE 2018]]></Identifica>
    <Data><![CDATA[]]></Data>
    <Ementa />
    <Titulo />
    <SubTitulo />
    <Texto><![CDATA[<p> O Chefe da Seção  Operacional da Gestão de Pessoas da   Gerência Executiva  do INSS em Florianópolis/SC,  no  uso  das atribuições, conferidas  pelo  artigo  235,  da   Portaria  nº 414   de 28/09/2017, publicado    no   DOU   nº 188-A   de  29/09/2017,  que  aprovou o Regimento Interno do INSS,</p><p>Nº 16 - Conceder aposentadoria voluntária integral a servidora MARY STELLA DE ASSIS COSTA ANDRADE, matrícula 0574579, ocupante do cargo de Técnico do Seguro Social, Classe S, Padrão IV do quadro de pessoal do INSS, com fundamento no art. 3º inciso I, II e III da EC nº 47/2005, observado o contido no Processo nº 35346.000020/2018-91, e demais vantagens a que faz jus. Declarar vago o referido cargo.</p><p>Nº 18 - Conceder aposentadoria voluntária integral a servidora MARIA CELINA PERES GOULART, matrícula 0930320, ocupante do cargo de Técnico do Seguro Social, Classe S, Padrão IV do quadro de pessoal do INSS, com fundamento no art. 3º inciso I, II e III da EC nº 47/2005, observado o contido no Processo nº 35346.000736/2017-16, e demais vantagens a que faz jus. Declarar vago o referido cargo.</p><p>Nº 19 - Conceder aposentadoria voluntária integral a servidora MARIA DE FATIMA DA MAIA, matrícula 0861798, ocupante do cargo de Auxiliar de Enfermagem, Classe S, Padrão IV do quadro de pessoal do INSS, com fundamento no art. 3º inciso I, II e III da EC nº 47/2005, observado o contido no Processo nº 35346.0000019/2018-67, e demais vantagens a que faz jus. Declarar vago o referido cargo.</p><p>Nº 20 - Conceder aposentadoria voluntária integral a servidora VERA LUCIA CABRAL CORREA, matrícula 0930194, ocupante do cargo de Técnico do Seguro Social, Classe S, Padrão IV do quadro de pessoal do INSS, com fundamento no art. 3º inciso I, II e III da EC nº 47/2005, observado o contido no Processo nº 35346.000051/2018-42, e demais vantagens a que faz jus. Declarar vago o referido cargo.</p><p>Nº 21 - Conceder aposentadoria voluntária integral a servidora HELENA MARIA MARTINS, matrícula 0929188, ocupante do cargo de técnico do Seguro Social,  Classe S, Padrão IV do quadro de pessoal do INSS, com fundamento no art. 3º inciso I, II e III da EC nº 47/2005, observado o contido no Processo nº 35346.000084/2018-92, e demais vantagens a que faz jus. Declarar vago o referido cargo.</p><p>Nº 23 - Conceder Aposentadoria Voluntária Proporcional correspondente a 25/30 avos,  a servidora VALMIRETE KOCH DE BONA ,matrícula 1095702, ocupante do cargo de Técnico de Seguro Social, Classe  S Padrão IV, do quadro de pessoal do INSS,  com base no Art. 40,  § 1º, inciso III, alínea "B" da Constituição Federal, com Redação dada pela EC nº 41/2003,  com proventos calculados  com base no Art.1º da Lei nº 10887/2004, observando o contido no processo 35600.010185//2017-32. Declarar vago o referido cargo.</p>]]></Texto>
    <Autores>
      <assina>PAULO DOMINGOS FERREIRA</assina>
    </Autores>
  </body>
</article></xml>