﻿<xml><article id="1351329" name="PTS2A4ITABUNA" idOficio="4660340" pubName="DO2" artType="Portaria" pubDate="01/02/2018" artClass="00022:00029:00237:00020:00031:00000:00000:00000:00000:00000:00025:00005" artSection="Seção Operacional da Gestão de Pessoas" artCategory="Seção Operacional da Gestão de Pessoas" artSize="8" artNotes="" numberPage="84" pdfPage="http://pesquisa.in.gov.br/imprensa/jsp/visualiza/index.jsp?data=01/02/2018&amp;jornal=529&amp;pagina=84" editionNumber="23">
  <body>
    <Identifica><![CDATA[PORTARIAS DE 29 DE JANEIRO DE 2018]]></Identifica>
    <Data><![CDATA[]]></Data>
    <Ementa />
    <Titulo />
    <SubTitulo />
    <Texto><![CDATA[<p> A Chefe da Seção Operacional da Gestão de Pessoas da Gerência Executiva do INSS em Itabuna / Bahia, no uso das atribuições que lhe foram conferidas pela competência delegada através da Portaria MPS nº 296, de 09/11/2009, Artigo 171, publicada no DOU nº 214, de 10 de Novembro de 2009, que aprovou o Regimento Interno do INSS, resolve:</p><p> Nº 2 - Conceder aposentadoria voluntária integral à servidora TÂNIA OLIVEIRA DE QUEIROZ, matrícula SIAPE nº 088.2756, ocupante do cargo de TÉCNICO DO SEGURO SOCIAL, NI, Classe "S" Padrão "IV", do quadro de pessoal do Instituto Nacional do Seguro Social, com fundamento no artigo 3º da Emenda Constitucional nº 47, de 05/07/2005, observando o contido no processo 35027.000009/2018-34, declarando, em consequência, vago o referido cargo. </p><p> Nº 3 - Conceder aposentadoria voluntária integral à servidora TEREZINHA FERRAZ DE SOUZA, matrícula SIAPE nº 053.3456, ocupante do cargo de TÉCNICO DO SEGURO SOCIAL, NI, Classe "S" Padrão "IV", do quadro de pessoal do Instituto Nacional do Seguro Social, com fundamento no artigo 3º da Emenda Constitucional nº 47, de 05/07/2005, observando o contido no processo 35027.000007/2018-45, declarando, em consequência, vago o referido cargo. </p><p> Nº 4 - Conceder aposentadoria por Invalidez Permanente à servidora SULMAYA REGINA AZEVEDO GOMES, matrícula SIAPE nº 088.2023, ocupante do cargo de TÉCNICO DO SEGURO SOCIAL, NI, Classe "S" Padrão "IV", do quadro de pessoal do Instituto Nacional do Seguro Social, com fundamento no artigo 40, § 1º, inciso I da Constituição Federal, com redação dada pela Emenda Constitucional nº 41/03, combinado com o artigo 6-A da EC nº 41 incluído pela EC nº 70/2012, observando o contido no processo 35027.000018/2018-25, declarando, em consequência, vago o referido cargo. </p>]]></Texto>
    <Autores>
      <assina>ANDRÉA LIRA DA SILVA</assina>
    </Autores>
  </body>
</article></xml>