﻿<xml><article id="1352138" name="Ato 5510528 - 2018" idOficio="4660436" pubName="DO2" artType="Ato" pubDate="01/02/2018" artClass="00037:00007:00001:00000:00000:00000:00000:00000:00000:00000:00001:00001" artSection="Presidência" artCategory="Presidência" artSize="8" artNotes="" numberPage="117" pdfPage="http://pesquisa.in.gov.br/imprensa/jsp/visualiza/index.jsp?data=01/02/2018&amp;jornal=529&amp;pagina=117" editionNumber="23">
  <body>
    <Identifica><![CDATA[Ato nº 5.510.528, de 30 de janeiro de 2018]]></Identifica>
    <Data><![CDATA[]]></Data>
    <Ementa />
    <Titulo />
    <SubTitulo />
    <Texto><![CDATA[<p> O PRESIDENTE DO TRIBUNAL REGIONAL FEDERAL DA 1ª REGIÃO, no uso de suas atribuições legais e regimentais e tendo em vista o constante nos autos do PAe 0011343-76.2017.4.01.8004, resolve:</p><p>APOSENTAR o servidor JOSÉ ROSA, Técnico Judiciário, Área Administrativa, Nível Intermediário, Classe "C", Padrão 13, do Quadro de Pessoal da Justiça Federal de Primeira Instância, Seção Judiciária do Estado da Bahia, com fundamento no art. 40, inciso I, da Constituição Federal, com a redação dada pela Emenda Constitucional 41/2003, combinado com o art. 6º-A, parágrafo único, da Emenda Constitucional 41/2003, acrescentado pela Emenda Constitucional 70/2012 e art. 186, inciso I, da Lei 8.112/90, com proventos proporcionais, calculados pela remuneração do cargo efetivo.</p>]]></Texto>
    <Autores>
      <assina>Des. Federal HILTON QUEIROZ</assina>
    </Autores>
  </body>
</article></xml>