﻿<xml><article id="1351297" name="PTS3E4TEOFILOOTONI" idOficio="4660340" pubName="DO2" artType="Portaria" pubDate="01/02/2018" artClass="00022:00029:00240:00021:00019:00000:00000:00000:00000:00000:00025:00001" artSection="Seção Operacional da Gestão de Pessoas" artCategory="Seção Operacional da Gestão de Pessoas" artSize="8" artNotes="" numberPage="94" pdfPage="http://pesquisa.in.gov.br/imprensa/jsp/visualiza/index.jsp?data=01/02/2018&amp;jornal=529&amp;pagina=94" editionNumber="23">
  <body>
    <Identifica><![CDATA[PORTARIA Nº 3, DE 31 DE JANEIRO DE 2018]]></Identifica>
    <Data><![CDATA[]]></Data>
    <Ementa />
    <Titulo />
    <SubTitulo />
    <Texto><![CDATA[<p> A CHEFE DA SEÇÃO OPERACIONAL DA GESTÃO DE PESSOAS DA GERÊNCIA-EXECUTIVA DO INSS EM TEÓFILO OTONI/MG, no uso das atribuições conferidas pelo Art. 235 do Regimento Interno do INSS, aprovado pela Portaria MDS n° 414, de 28/09/2017, publicada no DOU - Edição Extra n° 188-A ,de 29/09/2017, e tendo em vista o que consta no processo n° 35157.000217/2017-77, resolve:</p><p>Conceder aposentadoria voluntária à servidora ELIZABETH FRANCISCA FERREIRA, matrícula SIAPE 0894554, ocupante do cargo de Técnico do Seguro Social, Classe S, Padrão IV, do quadro de pessoal do Instituto Nacional do Seguro Social, com fundamento no art. 3° da Emenda Constitucional n° 47/2005, com proventos integrais e demais vantagens previstas na legislação vigente. Em consequência, declarar vago o referido cargo.</p><p> A CHEFE DA SEÇÃO OPERACIONAL DA GESTÃO DE PESSOAS DA GERÊNCIA-EXECUTIVA DO INSS EM TEÓFILO OTONI/MG, no uso das atribuições conferidas pelo Art. 235 do Regimento Interno do INSS, aprovado pela Portaria MDS n° 414, de 28/09/2017, publicada no DOU - Edição Extra n° 188-A ,de 29/09/2017, e tendo em vista o que consta no processo n° 35157.000218/2017-11, resolve:</p><p>Conceder aposentadoria voluntária à servidora MARIA NÚBIA SOARES LISBOA, matrícula SIAPE 0893105, ocupante do cargo de Técnico do Seguro Social, Classe S, Padrão IV, do quadro de pessoal do Instituto Nacional do Seguro Social, com fundamento no art. 3° da Emenda Constitucional n° 47/2005, com proventos integrais e demais vantagens previstas na legislação vigente. Em consequência, declarar vago o referido cargo.</p>]]></Texto>
    <Autores>
      <assina>EVILYM MIRANDA SILVA</assina>
      <assina>EVILYM MIRANDA SILVA</assina>
    </Autores>
  </body>
</article></xml>