﻿<xml><article id="1351362" name="PTS2A4JUNDIAI" idOficio="4660340" pubName="DO2" artType="Portaria" pubDate="01/02/2018" artClass="00022:00029:00239:00012:00017:00000:00000:00000:00000:00000:00025:00002" artSection="Seção Operacional da Gestão de Pessoas" artCategory="Seção Operacional da Gestão de Pessoas" artSize="8" artNotes="" numberPage="7-88" pdfPage="http://pesquisa.in.gov.br/imprensa/jsp/visualiza/index.jsp?data=01/02/2018&amp;jornal=529&amp;pagina=7,http://pesquisa.in.gov.br/imprensa/jsp/visualiza/index.jsp?data=01/02/2018&amp;jornal=529&amp;pagina=88" editionNumber="23">
  <body>
    <Identifica><![CDATA[PORTARIAS DE 31 de janeiro de 2013]]></Identifica>
    <Data><![CDATA[]]></Data>
    <Ementa />
    <Titulo />
    <SubTitulo />
    <Texto><![CDATA[<p> A CHEFE DA SEÇÃO OPERACIONAL DE GESTÃO DE PESSOAS, DA GERÊNCIA EXECUTIVA DO INSS EM JUNDIAÍ, no Estado de São Paulo, no uso das atribuições que lhe confere o Decreto nº 9.104, de 24 de julho de 2017, que aprova a Estrutura Regimental e o Quadro Demonstrativo dos Cargos em Comissão, das Funções Gratificadas e das Funções Comissionadas do INSS e, no uso das atribuições conferidas no inciso I, alínea "A", do Artigo 235 do Regimento Interno do INSS, aprovado pela Portaria MPS/GM nº 414 de 28/09/2017, publicada no DOU Edição Extra nº 188 de 29/09/2017, e considerando a legislação vigente, resolve:</p><p>Nº 2 -  Conceder aposentadoria voluntária ao servidor ALEXANDRE MERLO, matrícula nº 0.941.319, ocupante do cargo de Técnico do Seguro Social, código 434550, classe S, padrão IV, do Quadro Permanente do Instituto Nacional do Seguro Social, com fundamento no Artigo 3º da EC nº 47/2005, com proventos integrais, e com opção pela incorporação da gratificação de desempenho aos proventos, nos termos dos artigos 88 a 91 da Lei nº 13.324, de 29 de julho de 2016, observado o contido no Processo nº 35369.010539/2017-39 e, em consequência, declarar vago o cargo.</p><p>Nº 3 - Conceder aposentadoria voluntária ao servidor ANTONIO MARCOS BASSOLI, matrícula nº 0.936.144, ocupante do cargo de Técnico do Seguro Social, código 434550, classe S, padrão IV, do Quadro Permanente do Instituto Nacional do Seguro Social, com fundamento no Artigo 3º da EC nº 47/2005, com proventos integrais, e com opção pela incorporação da gratificação de desempenho aos proventos, nos termos dos artigos 88 a 91 da Lei nº 13.324, de 29 de julho de 2016, observado o contido no Processo nº35369.010546/2017/31e, em consequência, declarar vago o cargo.</p><p>Nº 4 -  Conceder aposentadoria voluntária à servidora SANDRA APARECIDA VIRGINI ARMELIN, matrícula nº 0.936.288, ocupante do cargo de Técnico do Seguro Social, código 434550, classe S, padrão IV, do Quadro Permanente do Instituto Nacional do Seguro Social, com fundamento no Artigo 3º da EC nº 47/2005, com proventos integrais, e com opção pela incorporação da gratificação de desempenho aos proventos, nos termos dos artigos 88 a 91 da Lei nº 13.324, de 29 de julho de 2016, observado o contido no Processo nº35406.000313/2017-36 e, em consequência, declarar vago o cargo.</p>]]></Texto>
    <Autores>
      <assina>CATIA CRISTINA DA SILVA BAUM</assina>
    </Autores>
  </body>
</article></xml>