﻿<xml><article id="1349138" name="Portaria nº 240 - Nomeia Chefe d" idOficio="4659106" pubName="DO2" artType="Portaria" pubDate="01/02/2018" artClass="00011:00079:00001:00001:00000:00000:00000:00000:00000:00000:00025:00017" artSection="Chefia de Gabinete" artCategory="Chefia de Gabinete" artSize="8" artNotes="" numberPage="31" pdfPage="http://pesquisa.in.gov.br/imprensa/jsp/visualiza/index.jsp?data=01/02/2018&amp;jornal=529&amp;pagina=31" editionNumber="23">
  <body>
    <Identifica><![CDATA[PORTARIA Nº 240 DE 30 DE JANEIRO DE 2018]]></Identifica>
    <Data><![CDATA[]]></Data>
    <Ementa />
    <Titulo />
    <SubTitulo />
    <Texto><![CDATA[<p> O REITOR DO INSTITUTO FEDERAL DE EDUCAÇÃO, CIÊNCIA E TECNOLOGIA DE RONDÔNIA, no uso de suas atribuições legais e considerando o Memorando nº 17/2018/JIPA - CGAB/JIPA - DG/JIPA, de 26/01/2018, resolve:</p><p>Art. 1º NOMEAR a Professora do Ensino Básico, Técnico e Tecnológico, LORENA DE SOUZA TAVARES, Mat. SIAPE 1938915, para exercer a Função Gratificada de Chefe do Departamento de Pesquisa, Inovação e Pós-Graduação do Campus Ji-Paraná/IFRO, código FG-01.</p><p>Art. 2º Esta Portaria entra em vigor na data de sua publicação.</p>]]></Texto>
    <Autores>
      <assina>Uberlando Tiburtino Leite</assina>
    </Autores>
  </body>
</article></xml>