﻿<xml><article id="1352213" name="Ato Nº 16" idOficio="4660443" pubName="DO2" artType="Ato" pubDate="01/02/2018" artClass="00037:00010:00001:00000:00000:00000:00000:00000:00000:00000:00001:00001" artSection="Presidência" artCategory="Presidência" artSize="8" artNotes="" numberPage="117" pdfPage="http://pesquisa.in.gov.br/imprensa/jsp/visualiza/index.jsp?data=01/02/2018&amp;jornal=529&amp;pagina=117" editionNumber="23">
  <body>
    <Identifica><![CDATA[ATO Nº 16, DE 12 DE JANEIRO DE 2018]]></Identifica>
    <Data><![CDATA[]]></Data>
    <Ementa />
    <Titulo />
    <SubTitulo />
    <Texto><![CDATA[<p> O PRESIDENTE DO TRIBUNAL REGIONAL FEDERAL DA 4ª REGIÃO, no uso de suas atribuições legais e regimentais, tendo em vista o que consta do Processo Administrativo nº 0007144-30.2017.4.04.8003, resolve:</p><p>I - DECLARAR VAGO, a partir de 11/12/2017, o cargo de Técnico Judiciário, Área Administrativa, do Quadro Permanente de Pessoal das Secretarias da Justiça Federal de 1º Grau, Seção Judiciária do Estado do Paraná, ocupado pelo servidor WAGNER SIMIONATO, localizado na Classe "A", Padrão 01, em virtude de posse em outro cargo inacumulável, nos termos do art. 33, inciso VIII, da Lei n° 8.112, de 11/12/1990 e Resolução 3, de 10/03/2008, do Conselho da Justiça Federal.</p><p>II - Este Ato entra em vigor na data de sua publicação e retifica a versão publicada no Diário Oficial da União de 16/01/2018, Seção 2, pág. 46.</p>]]></Texto>
    <Autores>
      <assina>Carlos Eduardo Thompson Flores Lenz</assina>
    </Autores>
  </body>
</article></xml>