﻿<xml><article id="1352631" name="Portaria16 Aposentadoria Elizabe" idOficio="4660484" pubName="DO2" artType="Portaria" pubDate="01/02/2018" artClass="00017:00031:00014:00000:00000:00000:00000:00000:00000:00000:00025:00002" artSection="Instituto Evandro Chagas" artCategory="Instituto Evandro Chagas" artSize="8" artNotes="" numberPage="77" pdfPage="http://pesquisa.in.gov.br/imprensa/jsp/visualiza/index.jsp?data=01/02/2018&amp;jornal=529&amp;pagina=77" editionNumber="23">
  <body>
    <Identifica><![CDATA[Portaria nº 16, de 30 de janeiro de 2018]]></Identifica>
    <Data><![CDATA[]]></Data>
    <Ementa />
    <Titulo />
    <SubTitulo />
    <Texto><![CDATA[<p> O Diretor do Instituto Evandro Chagas da Secretaria de Vigilância em Saúde do Ministério da Saúde, nomeado pela Portaria nº 256, de 23 de fevereiro de 2016, publicada no D.O.U. de 24 de fevereiro de 2016, no uso das competências que foram atribuídas pela Portaria nº 1.041, de 30.10.09, publicada no DOU de 03.11.2009, resolve:</p><p>Art. 1º - Conceder aposentadoria voluntária a servidora ELIZABETH SALBE TRAVASSOS DA ROSA, matrícula SIAPE 477779, Pesquisadora, classe U, padrão III (NS), código de vaga 375135, do Quadro Permanente do Ministério da Saúde, lotada no Instituto Evandro Chagas, com fundamento no Artigo 3° da Emenda Constitucional n° 47/2005, com proventos correspondentes ao cargo efetivo. </p><p>Art. 2º - Declarar vago o cargo referido no artigo 1º. (Processo n° 25209.402.755/2017-96).</p>]]></Texto>
    <Autores>
      <assina>PEDRO FERNANDO DA COSTA VASCONCELOS</assina>
    </Autores>
  </body>
</article></xml>