﻿<xml><article id="1352673" name="DESPACHO ALINE" idOficio="4660516" pubName="DO2" artType="Despacho" pubDate="01/02/2018" artClass="00006:00012:00000:00000:00000:00000:00000:00000:00000:00000:00019:00004" artSection="Presidência da República" artCategory="Advocacia-Geral da União" artSize="8" artNotes="" numberPage="2" pdfPage="http://pesquisa.in.gov.br/imprensa/jsp/visualiza/index.jsp?data=01/02/2018&amp;jornal=529&amp;pagina=2" editionNumber="23">
  <body>
    <Identifica><![CDATA[DESPACHO de 31 de janeiro de 2018]]></Identifica>
    <Data><![CDATA[]]></Data>
    <Ementa />
    <Titulo />
    <SubTitulo />
    <Texto><![CDATA[<p>REFERÊNCIA: Processo nº 00457.049907/2017-65. Afastamento do País, em razão de gozo de licença para capacitação, da Procuradora Federal ALINE AMARAL ALVES, matrícula Siape nº 1553492, lotada e em exercício na Procuradoria Federal no Estado do Pará, para participar de curso no exterior na modalidade presencial, promovido pela OHC - Oxford House College, em Nova Iorque - EUA, no período de 23 de abril a 25 de maio de 2018, com ônus limitado para a Advocacia-Geral da União. Autorizo.</p>]]></Texto>
    <Autores>
      <assina>GRACE MARIA FERNANDES MENDONÇA</assina>
      <cargo>Advogada-Geral da União</cargo>
    </Autores>
  </body>
</article></xml>