﻿<xml><article id="1350619" name="PTS9A14CAMPINAS" idOficio="4660319" pubName="DO2" artType="Portaria" pubDate="01/02/2018" artClass="00022:00029:00239:00010:00021:00000:00000:00000:00000:00000:00025:00004" artSection="Seção Operacional da Gestão de Pessoas" artCategory="Seção Operacional da Gestão de Pessoas" artSize="8" artNotes="" numberPage="87" pdfPage="http://pesquisa.in.gov.br/imprensa/jsp/visualiza/index.jsp?data=01/02/2018&amp;jornal=529&amp;pagina=87" editionNumber="23">
  <body>
    <Identifica><![CDATA[PORTARIAS DE 31 DE JANEIRO DE 2018]]></Identifica>
    <Data><![CDATA[]]></Data>
    <Ementa />
    <Titulo />
    <SubTitulo />
    <Texto><![CDATA[<p> O CHEFE DA SEÇÃO OPERACIONAL DA GESTÃO DE PESSOAS DA GERÊNCIA EXECUTIVA DO INSS EM CAMPINAS, no Estado de São Paulo, no uso das atribuições conferidas pelo artigo 235 do Regimento Interno aprovado pela PORTARIA MDS Nº 414, DE 29/09/2017 e publicada no DOU nº 188 de 29/09/2017, resolve :</p><p>Nº  9 - Conceder, aposentadoria voluntária a servidora ADRIANA FERREIRA CALHAU, matrícula SIAPE 0.941.450 código de vaga nº 0545814, ocupante do cargo de Técnico do Seguro Social, Classe S, Padrão IV, do Quadro de Pessoal Permanente do Instituto Nacional do Seguro Social, com fundamento no artigo 3º, da Emenda Constitucional nº 47, de 05 de julho de 2005,  com proventos integrais e demais vantagens a que faz jus, observado o contido no Processo nº 35383.002006/2017-03, declarando, em consequência,  a vacância do referido cargo.</p><p>Nº 10 - Conceder, aposentadoria voluntária a servidora SONIA BONALDO, matrícula SIAPE 0.932.637 código de vaga nº 0539032, ocupante do cargo de Técnico do Seguro Social, Classe S, Padrão IV, do Quadro de Pessoal Permanente do Instituto Nacional do Seguro Social, com fundamento no artigo 3º, da Emenda Constitucional nº 47, de 05 de julho de 2005,  com proventos integrais e demais vantagens a que faz jus, observado o contido no Processo nº 35383.002110/2017-90, declarando, em consequência,  a vacância do referido cargo.</p><p>Nº 11 - Conceder, aposentadoria voluntária ao servidor PAULO EDUARDO COELHO, matrícula SIAPE 1.536.816 código de vaga nº 0791916, ocupante do cargo de Perito Médico Previdenciário, Classe D, Padrão II, do Quadro de Pessoal Permanente do Instituto Nacional do Seguro Social, com fundamento no artigo 40º, § 1°, inciso III, alínea "A" da Constituição Federal, com redação dada pela Emenda Constitucional nº 41/2003, com proventos integrais e demais vantagens a que faz jus, observado o contido no Processo nº 35383.000046/2018-93, declarando, em consequência, a vacância do referido cargo.</p><p>Nº 12 - Conceder, aposentadoria voluntária ao servidor PEDRO RAUL COLLI, matrícula SIAPE 1.538.759 código de vaga nº 0791890, ocupante do cargo de Perito Médico Previdenciário, Classe D, Padrão II, do Quadro de Pessoal Permanente do Instituto Nacional do Seguro Social, com fundamento no artigo 6º, da Emenda Constitucional nº 41/2003,  com proventos integrais e demais vantagens a que faz jus, observado o contido no Processo nº 35383.000062/2018-86, declarando, em consequência,  a vacância do referido cargo.</p><p>Nº 13 - Conceder, aposentadoria voluntária ao servidor CICERO MANOEL DOS SANTOS, matrícula SIAPE 0.694.622 código de vaga nº 0507244, ocupante do cargo de Agente de Serviços Diversos, Classe S, Padrão IV, do Quadro de Pessoal Permanente do Instituto Nacional do Seguro Social, com fundamento no artigo 3º, da Emenda Constitucional nº 47, de 05 de julho de 2005,  com proventos integrais e demais vantagens a que faz jus, observado o contido no Processo nº 35383.000075/2018-55, declarando, em consequência,  a vacância do referido cargo.</p><p>Nº 14 - Conceder, aposentadoria voluntária a servidora MARIA ARLETE GOMES DE ALMEIDA OLIVEIRA, matrícula SIAPE 0.220.419 código de vaga nº 0475745, ocupante do cargo de Técnico do Seguro Social, Classe S, Padrão IV, do Quadro de Pessoal Permanente do Instituto Nacional do Seguro Social, com fundamento no artigo 3º, da Emenda Constitucional nº 47, de 05 de julho de 2005,  com proventos integrais e demais vantagens a que faz jus, observado o contido no Processo nº 35429.000538/2018-13, declarando, em consequência,  a vacância do referido cargo.</p>]]></Texto>
    <Autores>
      <assina>PRISCILA ARIANE VIEIRA DE MELLO</assina>
    </Autores>
  </body>
</article></xml>