﻿<xml><article id="1349399" name="2018_01_19_Publicação_2018_02_01" idOficio="4660197" pubName="DO2" artType="Portaria" pubDate="01/02/2018" artClass="00011:00136:00001:00000:00000:00000:00000:00000:00000:00000:00025:00001" artSection="Reitoria" artCategory="Reitoria" artSize="8" artNotes="" numberPage="46" pdfPage="http://pesquisa.in.gov.br/imprensa/jsp/visualiza/index.jsp?data=01/02/2018&amp;jornal=529&amp;pagina=46" editionNumber="23">
  <body>
    <Identifica><![CDATA[PORTARIAS DE 19 DE JANEIRO DE 2018]]></Identifica>
    <Data><![CDATA[]]></Data>
    <Ementa />
    <Titulo />
    <SubTitulo />
    <Texto><![CDATA[<p> </p><p> A Reitora da Universidade Federal de São Paulo, no uso de suas atribuições legais e estatutárias, resolve: </p><p>N° 176 - Conceder o afastamento do país a SERGIO CAVALHEIRO, Professor Titular do Departamento de Neurologia e Neurocirurgia do Campus São Paulo, no período de 29.01.2018 a 05.02.2018, para participar na "29th Annual Conference of Indian Society for Pediatric Neurosurgery 2018", na Índia, com ônus limitado (Processo nº 23089.035036/2018-14). </p><p>N° 177 - Conceder o afastamento do país a SAMUEL TAU ZYMBERG, Professor Adjunto do Departamento de Neurologia e Neurocirurgia do Campus São Paulo, no período de 15.02.2018 a 20.02.2018, para participar no "28th Annual North American Skull Base Society Meeting", nos Estados Unidos da América, com ônus limitado (Processo nº 23089.035037/2018-69). </p><p>N° 178 - Conceder o afastamento do país a NORMA ALLEMANN, Professor Adjunto do Departamento de Oftalmologia do Campus São Paulo, no período de 22.02.2018 a 27.02.2018, para participar no "11th Annual Illinois Eye Review", nos Estados Unidos da América, com ônus limitado (Processo nº 23089.035028/2018-78). </p><p>N° 179 - Conceder o afastamento do país a REGINALDO ALBERTO MELONI, Professor Adjunto do Campus Diadema, no período de 26.02.2018 a 04.03.2018, para participar no XIII Congresso Ibero-americano de História da Educação Latino-americana, no Uruguai, com ônus limitado (Processo nº 23089.020758/2017-93). </p><p>N° 180 - Conceder o afastamento do país a FERNANDO RODRIGUES DE OLIVEIRA, Professor Adjunto-A do Campus Guarulhos, no período de 27.02.2018 a 04.03.2018, para participar no XIII Congresso Ibero-americano de História da Educação Latino-americana, no Uruguai, com ônus limitado (Processo nº 23089.015706/2017-03). </p><p>N° 181 - Conceder o afastamento do país a DANIEL REVAH, Professor Associado do Campus Guarulhos, no período de 27.02.2018 a 04.03.2018, para participar no XIII Congresso Ibero-americano de História da Educação Latino-americana, no Uruguai, com ônus limitado (Processo nº 23089.015719/2017-74). </p><p>N° 182 - Conceder o afastamento do país a RENATA MARCILIO CANDIDO, Professor Adjunto do Departamento de Educação do Campus Guarulhos, no período de 28.02.2018 a 03.03.2018, para participar no XIII Congresso Ibero-americano de História da Educação Latino-americana, no Uruguai, com ônus limitado (Processo nº 23089.015701/2017-72). </p><p>N° 183 - Conceder o afastamento do país a MARIA WANY LOUZADA, Professor Adjunto do Departamento de Pediatria do Campus São Paulo, no período de 28.02.2018 a 04.03.2018, para participar na "5th International Conference on Nutrition &amp; Growth", na França, com ônus limitado (Processo nº 23089.035020/2018-10). </p><p>N° 184 - Conceder o afastamento do país a REGINA CÂNDIDA ELLERO GUALTIERI, Professor Adjunto do Campus Guarulhos, no período de 28.02.2018 a 03.03.2018, para participar no XIII Congresso Ibero-americano de História da Educação Latino-americana, no Uruguai, com ônus limitado (Processo nº 23089.015009/2018-25). </p><p>N° 185 - Conceder o afastamento do país a JULLIANA LUIZ RODRIGUES, Psicólogo do Departamento de Medicina Preventiva do Campus São Paulo, no período de 01.03.2018 a 31.08.2018, para realizar doutorado na "Aarhus University", na Dinamarca, com ônus limitado (Processo nº 23089.036345/2017-21). </p><p>N° 186 - Conceder o afastamento do país a SYLVIA MARIA AFFONSO DA SILVA, Biólogo da Pró-Reitoria de Pós Graduação e Pesquisa, no período de 14.02.2018 a 26.02.2018, para realizar visita técnica no "King's College London", na Inglaterra, com ônus limitado (Processo nº 23089.000077/2018-90).</p>]]></Texto>
    <Autores>
      <assina>SORAYA SOUBHI SMAILI</assina>
    </Autores>
  </body>
</article></xml>