﻿<xml><article id="1352628" name="Portaria15 Aposentadoria CarlosB" idOficio="4660484" pubName="DO2" artType="Portaria" pubDate="01/02/2018" artClass="00017:00031:00014:00000:00000:00000:00000:00000:00000:00000:00025:00001" artSection="Instituto Evandro Chagas" artCategory="Instituto Evandro Chagas" artSize="8" artNotes="" numberPage="77" pdfPage="http://pesquisa.in.gov.br/imprensa/jsp/visualiza/index.jsp?data=01/02/2018&amp;jornal=529&amp;pagina=77" editionNumber="23">
  <body>
    <Identifica><![CDATA[Portaria nº 15, de 29 de janeiro de 2018]]></Identifica>
    <Data><![CDATA[]]></Data>
    <Ementa />
    <Titulo />
    <SubTitulo />
    <Texto><![CDATA[<p> O Diretor do Instituto Evandro Chagas da Secretaria de Vigilância em Saúde do Ministério da Saúde, nomeado pela Portaria nº 256, de 23 de fevereiro de 2016, publicada no D.O.U. de 24 de fevereiro de 2016, no uso das competências que foram atribuídas pela Portaria nº 1.041, de 30.10.09, publicada no DOU de 03.11.2009, resolve:</p><p>Art. 1º - Conceder aposentadoria voluntária ao servidor CARLOS EDUARDO DO AMARANTE BRANDÃO, matrícula SIAPE 677509, Economista, classe S, padrão III (NS), código de vaga 424738, do Quadro Permanente do Ministério da Saúde, lotado no Instituto Evandro Chagas, com fundamento no Artigo 3° da Emenda Constitucional n° 47/2005, com proventos correspondentes ao cargo efetivo. </p><p>Art. 2º - Declarar vago o cargo referido no artigo 1º. (Processo n° 25209.000.655/2018-18).</p>]]></Texto>
    <Autores>
      <assina>PEDRO FERNANDO DA COSTA VASCONCELOS</assina>
    </Autores>
  </body>
</article></xml>