﻿<xml><article id="1350040" name="DOU - GIULIANO KID AZANBUJA-desi" idOficio="4660284" pubName="DO2" artType="Portaria" pubDate="01/02/2018" artClass="00037:00029:00000:00000:00000:00000:00000:00000:00000:00000:00025:00002" artSection="Poder Judiciário" artCategory="Tribunal Regional Eleitoral do Piauí" artSize="8" artNotes="" numberPage="119" pdfPage="http://pesquisa.in.gov.br/imprensa/jsp/visualiza/index.jsp?data=01/02/2018&amp;jornal=529&amp;pagina=119" editionNumber="23">
  <body>
    <Identifica><![CDATA[PORTARIA nº 122, de 26 de janeiro de 2018]]></Identifica>
    <Data><![CDATA[]]></Data>
    <Ementa />
    <Titulo />
    <SubTitulo />
    <Texto><![CDATA[<p> O DESEMBARGADOR FRANCISCO ANTONIO PAES LANDIM FILHO, PRESIDENTE DO EGRÉGIO TRIBUNAL REGIONAL ELEITORAL DO PIAUÍ, no uso de suas atribuições legais e, </p><p>Considerando a indicação contida no documento digital administrativo (PAD) nº 3.889/2018, de 26 de janeiro de 2018; resolve: </p><p>Art. 1º Fica designado o servidor GIULIANO KID AZANBUJA, Analista Judiciário, Área Administrativa, matrícula nº 465, do Quadro de Pessoal deste Regional, para o exercício da Função Comissionada de Chefe de Cartório (FC-6), da 84ª Zona Eleitoral, sediada em Angical do Piauí. </p><p>Art. 2º Esta portaria entra em vigor na data de sua publicação oficial, com efeitos a partir desta data.</p>]]></Texto>
    <Autores>
      <assina>Des. FRANCISCO ANTONIO PAES LANDIM FILHO</assina>
    </Autores>
  </body>
</article></xml>