﻿<xml><article id="1349129" name="PRT. Nº 08- APOSENTADORIA_CLEUNI" idOficio="4659029" pubName="DO2" artType="Portaria" pubDate="01/02/2018" artClass="00007:00030:00002:00003:00005:00000:00000:00000:00000:00000:00025:00001" artSection="Seção de Execução Orçamentária e Financeira" artCategory="Seção de Execução Orçamentária e Financeira" artSize="8" artNotes="" numberPage="6" pdfPage="http://pesquisa.in.gov.br/imprensa/jsp/visualiza/index.jsp?data=01/02/2018&amp;jornal=529&amp;pagina=6" editionNumber="23">
  <body>
    <Identifica><![CDATA[Portaria nº 8, de 29 de Janeiro de 2018]]></Identifica>
    <Data><![CDATA[]]></Data>
    <Ementa />
    <Titulo />
    <SubTitulo />
    <Texto><![CDATA[<p> O Diretor do Instituto Nacional de Meteorologia, no uso de suas atribuições que lhe são conferidas pelo item I da Portaria 238 de 28 de abril de 1998 da CRH/MAPA, resolve:</p><p> Conceder aposentadoria voluntaria, com proventos integrais, a servidora CLEUNICE MARIA NUNES, SIAPE nº 005642, ocupante do cargo de Técnico de Contabilidade, NI, classe S, padrão III, do quadro de pessoal deste Órgão, com fundamento no artigo 3º, da Emenda Constitucional nº 47/2005, (Processo nº 21170.000048/2017-92).</p>]]></Texto>
    <Autores>
      <assina>JOSÉ MAURO DE REZENDE</assina>
      <cargo>Substituto</cargo>
    </Autores>
  </body>
</article></xml>