﻿<xml><article id="1352859" name="ATO PORTARIA Nº 17" idOficio="4660544" pubName="DO2" artType="Portaria" pubDate="01/02/2018" artClass="00009:00015:00000:00000:00000:00000:00000:00000:00000:00000:00025:00001" artSection="Ministério da Cultura" artCategory="Instituto do Patrimônio Histórico e Artístico Nacional" artSize="8" artNotes="" numberPage="9" pdfPage="http://pesquisa.in.gov.br/imprensa/jsp/visualiza/index.jsp?data=01/02/2018&amp;jornal=529&amp;pagina=9" editionNumber="23">
  <body>
    <Identifica><![CDATA[PORTARIA Nº 17, DE 22 DE JANEIRO DE 2018]]></Identifica>
    <Data><![CDATA[]]></Data>
    <Ementa />
    <Titulo />
    <SubTitulo />
    <Texto><![CDATA[<p> A PRESIDENTE DO INSTITUTO DO PATRIMÔNIO HISTÓRICO E ARTÍSTICO NACIONAL, no uso das atribuições que lhe confere o art. 21, Inciso V, anexo I, do Decreto nº 6.844, de 07 de maio de 2009 e Portaria n° 300 de 10 de outubro de 2016, publicada no DOU de 11 de outubro de 2016, considerando o disposto na Portaria nº. 92, de 05 de julho de 2012, publicada no DOU de 09 de julho de 2012, e conforme processo SEI n° 01512.900251/2017-35 resolve:</p><p>Tornar sem efeito a Portaria n° 02, de 03 de janeiro de 2018, publicada no Diário Oficial da União n°. 08, Seção 2, página 6, de 11 de janeiro de 2018.</p>]]></Texto>
    <Autores>
      <assina>KÁTIA SANTOS BOGÉA</assina>
    </Autores>
  </body>
</article></xml>