﻿<xml><article id="1349375" name="portaria cggp DUAS OU MAIS" idOficio="4660170" pubName="DO2" artType="Portaria" pubDate="01/02/2018" artClass="00025:00022:04993:03029:00000:00000:00000:00000:00000:00000:00025:00001" artSection="Coordenação-Geral de Gestão de Pessoas" artCategory="Coordenação-Geral de Gestão de Pessoas" artSize="8" artNotes="" numberPage="19-100" pdfPage="http://pesquisa.in.gov.br/imprensa/jsp/visualiza/index.jsp?data=01/02/2018&amp;jornal=529&amp;pagina=19,http://pesquisa.in.gov.br/imprensa/jsp/visualiza/index.jsp?data=01/02/2018&amp;jornal=529&amp;pagina=100" editionNumber="23">
  <body>
    <Identifica><![CDATA[PORTARIAS DE 29 DE JANEIRO DE 2018]]></Identifica>
    <Data><![CDATA[]]></Data>
    <Ementa />
    <Titulo />
    <SubTitulo />
    <Texto><![CDATA[<p> </p><p> A COORDENADORA GERAL DE GESTÃO DE PESSOAS DO INSTITUTO CHICO MENDES DE CONSERVAÇÃO DA BIODIVERSIDADE, usando da competência atribuída pela Portaria nº 217/MMA, publicada no Diário Oficial da União de 10 de junho de 2016, e Portaria nº 474/ICMBio, publicada no Diário Oficial da União de 12 de novembro de 2012, resolve:</p><p>Nº  14 I - Conceder aposentadoria voluntária com proventos integrais ao servidor JOÃO FERRIOLLI, ocupante do cargo de Técnico Administrativo, classe "S", padrão III, Matrícula SIAPE 684766, lotado no Centro Nacional de Pesquisa e Conservação de Biodiversidade Aquática Continental - CEPTA, pertencente ao Quadro de Pessoal deste Instituto, com fundamento no art. 3º, incisos I, II e III, e parágrafo único da Emenda Constitucional n° 47/2005.</p><p>II - Declarar vacância da vaga nº 430569, do referido cargo.</p><p>Nº  15 I - Conceder aposentadoria voluntária com proventos integrais ao servidor ROMILDO PEREIRA LIMA, ocupante do cargo de Técnico Administrativo, classe "S", padrão III, Matrícula SIAPE 679847, lotado na Floresta Nacional Mario Xavier, pertencente ao Quadro de Pessoal deste Instituto, com fundamento no art. 3º, incisos I, II e III, e parágrafo único da Emenda Constitucional n° 47/2005.</p><p>II - Declarar vacância da vaga nº 427398, do referido cargo.</p><p>Nº  16 I - Conceder aposentadoria voluntária com proventos integrais ao servidor PLAUTINO DE OLIVEIRA LAROQUE, ocupante do cargo de Analista Ambiental, classe "S", padrão III, Matrícula SIAPE 710767, lotado no Centro Nacional de Pesquisa e Conservação de Primatas Brasileiros - CPB, pertencente ao Quadro de Pessoal deste Instituto, com fundamento no art. 3º, incisos I, II e III, e parágrafo único da Emenda Constitucional n° 47/2005.</p><p>II - Declarar vacância da vaga nº 458886, do referido cargo.</p><p> A COORDENADORA GERAL DE GESTÃO DE PESSOAS DO INSTITUTO CHICO MENDES DE CONSERVAÇÃO DA BIODIVERSIDADE, usando da competência atribuída pela Portaria nº 217/MMA, publicada no Diário Oficial da União de 10 de junho de 2016, e Portaria nº 474/ICMBio, publicada no Diário Oficial da União de 12 de novembro de 2012, RESOLVE:</p><p>Nº  17 I - Conceder aposentadoria voluntária com proventos integrais ao servidor PEDRO FERREIRA BARBELLI, ocupante do cargo de Técnico Administrativo, classe "S", padrão III, matrícula SIAPE n° 0683979, lotado no Centro Nacional de Pesquisa e Conservação da Biodiversidade Aquática Continental - CEPTA/SP, pertencente ao Quadro de Pessoal deste Instituto, com fundamento no art. 3º, incisos I, II e III, parágrafo único da Emenda Constitucional n° 47/2005.</p><p>II - Declarar vacância da vaga nº 429825, do referido cargo.</p><p>Nº  18 I - Conceder aposentadoria voluntária com proventos integrais ao servidor RICARDO AFONSO TORRES DE OLIVEIRA, ocupante do cargo de Técnico Administrativo, classe "S", padrão III, matrícula SIAPE n° 0683886, lotado no Centro Nacional de Pesquisa e Conservação da Biodiversidade Aquática Continental - CEPTA/SP., pertencente ao Quadro de Pessoal deste Instituto, com fundamento no art. 3º, incisos I, II e III, parágrafo único da Emenda Constitucional n° 47/2005.</p><p>II - Declarar vacância da vaga nº 429739, do referido cargo.</p><p>Nº  19 I - Conceder aposentadoria voluntária com proventos integrais à servidora INÊS DE FATIMA OLIVEIRA DIAS, ocupante do cargo de Analista Ambiental, classe "S", padrão III, matrícula SIAPE n° 0681966, lotada na Coordenação de Elaboração e Revisão de Plano de Manejo/DF, pertencente ao Quadro de Pessoal deste Instituto, com fundamento no art. 3º, incisos I, II e III, parágrafo único da Emenda Constitucional n° 47/2005.</p><p>II - Declarar vacância da vaga nº 429114, do referido cargo.</p><p>Nº  20 I - Conceder aposentadoria voluntária com proventos integrais ao servidor FABIO DE JESUS, ocupante do cargo de Analista Administrativo, classe "S", padrão III, Matrícula SIAPE 0679600, lotado no Parque Nacional de Brasília, pertencente ao Quadro de Pessoal deste Instituto, com fundamento no art. 3º, incisos I, II e III, e parágrafo único da Emenda Constitucional n° 47/2005.</p><p>II - Declarar vacância da vaga nº 427199, do referido cargo.</p><p>Nº  21 I - Conceder aposentadoria voluntária com proventos integrais ao servidor RUDI BREUSTEDT, ocupante do cargo de Técnico Administrativo, classe "S", padrão III, Matrícula SIAPE 684337, lotado no Coordenação Geral de Administração e Tecnologia da Informação - CGATI, pertencente ao Quadro de Pessoal deste Instituto, com fundamento no art. 3º, incisos I, II e III, e parágrafo único da Emenda Constitucional n° 47/2005.</p><p>II - Declarar vacância da vaga nº 430169, do referido cargo.</p><p>Nº  22 I - Conceder aposentadoria voluntária com proventos integrais ao servidor NIFERBAC LEÃO FERNANDES BACELAR, ocupante do cargo de Analista Administrativo, classe "S", padrão III, Matrícula SIAPE 0686454, lotado no Centro Nacional de Pesquisa e Conservação de Cavernas - CECAV, pertencente ao Quadro de Pessoal deste Instituto, com fundamento no art. 3º, incisos I, II e III, e parágrafo único da Emenda Constitucional n° 47/2005.</p><p>II - Declarar vacância da vaga nº 431421, do referido cargo.</p><p>Nº  23 I - Conceder aposentadoria voluntária com proventos integrais ao servidor ANDERSON ANTONIO DA MOTTA, ocupante do cargo de Técnico Ambiental, classe "S", padrão III, Matrícula SIAPE 0680148, lotado no Parque Nacional da Serra da Bocaina, pertencente ao Quadro de Pessoal deste Instituto, com fundamento no art. 3º, incisos I, II e III, e parágrafo único da Emenda Constitucional n° 47/2005.</p><p>II - Declarar vacância da vaga nº 427632, do referido cargo.</p>]]></Texto>
    <Autores>
      <assina>HELENA MACHADO CABRAL COIMBRA ARAUJO</assina>
      <assina>HELENA MACHADO CABRAL COIMBRA ARAUJO</assina>
    </Autores>
  </body>
</article></xml>