﻿<xml><article id="1352634" name="Portaria17 Aposentadoria DirceuL" idOficio="4660484" pubName="DO2" artType="Portaria" pubDate="01/02/2018" artClass="00017:00031:00014:00000:00000:00000:00000:00000:00000:00000:00025:00003" artSection="Instituto Evandro Chagas" artCategory="Instituto Evandro Chagas" artSize="8" artNotes="" numberPage="77" pdfPage="http://pesquisa.in.gov.br/imprensa/jsp/visualiza/index.jsp?data=01/02/2018&amp;jornal=529&amp;pagina=77" editionNumber="23">
  <body>
    <Identifica><![CDATA[Portaria nº 17, de 30 de janeiro de 2018]]></Identifica>
    <Data><![CDATA[]]></Data>
    <Ementa />
    <Titulo />
    <SubTitulo />
    <Texto><![CDATA[<p> O Diretor do Instituto Evandro Chagas da Secretaria de Vigilância em Saúde do Ministério da Saúde, nomeado pela Portaria nº 256, de 23 de fevereiro de 2016, publicada no D.O.U. de 24 de fevereiro de 2016, no uso das competências que foram atribuídas pela Portaria nº 1.041, de 30.10.09, publicada no DOU de 03.11.2009, resolve:</p><p>Art. 1º - Conceder aposentadoria voluntária ao servidor DIRCEU FERREIRA LOURINHO, matrícula SIAPE 477651, Auxiliar Técnico, classe P, padrão VI (NA), código de vaga 375037, do Quadro Permanente do Ministério da Saúde, lotada no Instituto Evandro Chagas, com fundamento no Artigo 3° da Emenda Constitucional n° 47/2005, com proventos correspondentes ao cargo efetivo. </p><p>Art. 2º - Declarar vago o cargo referido no artigo 1º. (Processo n° 25209.000.648/2018-16).</p>]]></Texto>
    <Autores>
      <assina>PEDRO FERNANDO DA COSTA VASCONCELOS</assina>
    </Autores>
  </body>
</article></xml>