﻿<xml><article id="1352817" name="Port. APO - 435 e 436" idOficio="4660542" pubName="DO2" artType="Portaria" pubDate="01/02/2018" artClass="00011:00119:00001:00000:00000:00000:00000:00000:00000:00000:00025:00002" artSection="Gabinete" artCategory="Gabinete" artSize="8" artNotes="" numberPage="38" pdfPage="http://pesquisa.in.gov.br/imprensa/jsp/visualiza/index.jsp?data=01/02/2018&amp;jornal=529&amp;pagina=38" editionNumber="23">
  <body>
    <Identifica><![CDATA[PORTARIAS DE 22 DE JANEIRO DE 2018]]></Identifica>
    <Data><![CDATA[]]></Data>
    <Ementa />
    <Titulo />
    <SubTitulo />
    <Texto><![CDATA[<p> O Reitor da Universidade Federal de Minas Gerais, no uso de suas atribuições, resolve: </p><p>Nº 435 - Nos termos do art. 3º, da EC nº 47/2005, aposentar REGINA JESUINA PEREIRA CARDOSO, inscrição UFMG nº 109606, matrícula SIAPE nº 1143838, ocupante do cargo de Auxiliar de Enfermagem, Nível de Classificação C, Nível de Capacitação IV, Padrão de Vencimento 14, lotada no Hospital das Clínicas, com proventos integrais, por ter provado contar 32 (trinta e dois) anos de contribuição.</p><p>Nº 436 - Nos termos do art. 3º, da EC nº 47/2005, aposentar JÚLIO CÉSAR DOS REIS, inscrição UFMG nº 115401, matrícula SIAPE nº 0323724, ocupante do cargo de Técnico de Laboratório Área, Nível de Classificação D, Nível de Capacitação IV, Padrão de Vencimento 16, lotado no Instituto de Ciências Biológicas, com proventos integrais, por ter provado contar 38 (trinta e oito) anos de contribuição.</p>]]></Texto>
    <Autores>
      <assina>JAIME ARTURO RAMÍREZ</assina>
    </Autores>
  </body>
</article></xml>