﻿<xml><article id="1544115" name="trt9a24-2018 ATO 21" idOficio="4658989" pubName="DO2" artType="Ato" pubDate="15/02/2018" artClass="00037:00048:00000:00000:00000:00000:00000:00000:00000:00000:00001:00001" artSection="Poder Judiciário" artCategory="Tribunal Regional do Trabalho da 9ª Região" artSize="8" artNotes="" numberPage="33" pdfPage="http://pesquisa.in.gov.br/imprensa/jsp/visualiza/index.jsp?data=15/02/2018&amp;jornal=529&amp;pagina=33" editionNumber="31" highlight="">
  <body>
    <Identifica><![CDATA[ATO Nº 21, DE 18 DE JANEIRO DE 2018]]></Identifica>
    <Data><![CDATA[]]></Data>
    <Ementa />
    <Titulo />
    <SubTitulo />
    <Texto><![CDATA[<p> A DESEMBARGADORA DO TRABALHO, PRESIDENTE DO TRIBUNAL REGIONAL DO TRABALHO DA 9ª REGIÃO, usando de suas atribuições legais, diante do disposto no art. 25, LV-A, do Regimento Interno e do contido no PRP nº 8/2018, RESOLVE: Art. 1º Conceder, ad referendum do Órgão Especial, aposentadoria ao servidor ALCEU VENÂNCIO JUNIOR, nos termos do art. 3º, da EC nº 47/2005, com proventos integrais ao tempo de contribuição, no montante de R$ 32.241,62 (trinta e dois mil, duzentos e quarenta e um reais e sessenta e dois centavos), correspondentes à remuneração do cargo efetivo de Analista Judiciário, Área Judiciária, classe C, padrão 13, conforme arts. 12 e 13, da Lei nº 11.416/2006 (Vencimento Servidor Inativo de R$ 7.444,43 e GAJ Cargo Inativo de R$ 9.082,20), acrescidos das seguintes vantagens: a) vantagem pessoal nominalmente identificada - VPNI, equivalente a 10/10 do cargo em comissão de nível CJ-3, no valor de R$ 6.901,68, conforme disposto nos arts. 3º da Lei nº 8.911/1994, 5º da Lei nº 9.624/1998 e 62-A da Lei nº 8.112/1990; b) 19% da gratificação adicional por tempo de serviço - GATS, equivalente a R$ 1.414,44, prevista no art. 67 da Lei nº 8.112/1990 e c) parcela da opção prevista no art. 193 da Lei nº 8.112/1990, na quantia de R$ 7.398,87, nos termos do decidido nos Acórdãos TCU nº 2.076/2005 e nº 964/2006, ambos do Plenário, e Matéria Administrativa TRT-9 nº 32/2001, correspondente ao valor do cargo em comissão de nível CJ-2 (65% do valor nominal). Faz jus, ainda, à paridade de vencimentos com o pessoal da ativa, nos termos do parágrafo único do art. 3º da EC nº 47/2005, estendendo-se tal paridade a eventuais pensionistas. Art. 2º Conceder indenização de férias no valor total de R$ 30.363,36, resultante do pagamento indenizado de 11/12 (onze doze avos) de férias proporcionais referentes ao período aquisitivo de 03/03/2017 a 14/02/2018, no valor de R$ 22.772,52, e do respectivo terço, no valor de R$ 7.590,84, nos termos do artigo 78, §§ 3º e 4º, da Lei 8.112/1990, c/c o art. 24, caput e § 4º, da Resolução CSJT nº 162/2016. O pagamento, que deverá ocorrer sem a incidência do imposto de renda na fonte e de contribuição previdenciária, nos termos do art. 9º, caput, do Ato TRT9 nº 74/2016, é resultante da base de cálculo composta por: Vencimento Estatutário (R$ 7.444,43), GAJ (R$ 9.082,20), GATS (R$ 1.414,44) e VPNI (R$ 6.901,68). Art. 3º Conceder 86 dias de licença-prêmio indenizados, relativos ao quinquênio de 1990/1995, não usufruídos e não computados em dobro, para efeitos de abono de permanência e de aposentadoria, no valor de R$ 71.215,88, nos termos da Lei 8.112/1990 (arts. 87 e 88 - redação original) e da Lei nº 9.527/1997 (art.7º), da Resolução CSJT nº 72/2010, dos Acórdãos TCU nºs 1.342/2011 e 1.980/2009, ambos do Plenário e da Matéria Administrativa TRT9 nº 00984-2009-909-09-00-7, sem a incidência de imposto de renda e do desconto previdenciário para o PSSS (art. 3º da Resolução CSJT nº 72/2010), resultante da base de cálculo composta por: Vencimento Estatutário (R$ 7.444,43), GAJ (R$ 9.082,20), GATS (R$ 1.414,44) e VPNI (R$ 6.901,68). Art. 4º Declarar vago o cargo acima citado, nos termos do inciso VII, art. 33, da Lei n.º 8.112/1990.</p>]]></Texto>
    <Autores>
      <assina>Des. MARLENE T. FUVERKI SUGUIMATSU</assina>
    </Autores>
  </body>
</article></xml>