﻿<xml><article id="1349168" name="DOU02_ATO_CGP_PR_007_2018_REDIST" idOficio="4659411" pubName="DO2" artType="Ato" pubDate="01/02/2018" artClass="00037:00059:00001:00000:00000:00000:00000:00000:00000:00000:00001:00001" artSection="Presidência" artCategory="Presidência" artSize="8" artNotes="" numberPage="140" pdfPage="http://pesquisa.in.gov.br/imprensa/jsp/visualiza/index.jsp?data=01/02/2018&amp;jornal=529&amp;pagina=140" editionNumber="23">
  <body>
    <Identifica><![CDATA[ATO Nº 7, de 26 DE JANEIRO DE 2018]]></Identifica>
    <Data><![CDATA[]]></Data>
    <Ementa />
    <Titulo />
    <SubTitulo />
    <Texto><![CDATA[<p> O DESEMBARGADOR PRESIDENTE DO TRIBUNAL REGIONAL DO TRABALHO DA 20ª REGIÃO, no uso de suas atribuições legais e regimentais, tendo em vista o que consta no PROAD nº 33437/2017, resolve:</p><p>1. Redistribuir, com efeitos a contar de 1º/2/2018, na forma prevista no art. 37 da Lei nº 8.112/90, com redação dada pela Lei nº 9.527/97, e na Resolução nº 146/2012 do Conselho Nacional de Justiça (CNJ), o cargo de provimento efetivo da Carreira de Analista Judiciário - Área Judiciária do Quadro Permanente de Pessoal da Secretaria deste Tribunal ocupado pela servidora PAULA DO CANTO BRAGA ALT tendo por reciprocidade a redistribuição mediante triangulação do cargo de provimento efetivo da Carreira de Analista Judiciário - Área Judiciária, ocupado pelo servidor LEONARDO JOSÉ VELOSO DA SILVA e do cargo de provimento efetivo da Carreira de Analista Judiciário - Área Judiciária ocupado pela servidora MURIELLE MORAIS RODRIGUES, na forma estabelecida a seguir:</p><p> </p><table><tr /><tr><td><p>Servidor</p></td><td><p>Órgão de Origem</p></td><td><p>Órgão de Destino</p></td></tr><tr><td><p>Paula do Canto Braga Alt</p></td><td><p>TRT da 20ª Região</p></td><td><p>TRT da 1ª Região</p></td></tr><tr><td><p>Leonardo José Veloso da Silva</p></td><td><p>TRT da 21ª Região</p></td><td><p>TRT da 20ª Região</p></td></tr><tr><td><p>Murielle Morais Rodrigues</p></td><td><p>TRT da 1ª Região</p></td><td><p>TRT da 21ª Região</p></td></tr></table><p>2.Fazer cessar, em consequência, a remoção da servidora PAULA DO CANTO BRAGA ALT para o Tribunal Regional do Trabalho da 1ª Região, de que trata o ATO CGP.PR Nº 018/2007, publicado no Diário Oficial da União nº 49, Seção 2, página 70, de 13/3/2017.</p><p>3. Conceder ao servidor LEONARDO JOSÉ VELOSO DA SILVA, 15 (quinze) dias para fins de trânsito, nos termos do art. 18 da Lei nº 8.112/90, com redação dada pela Lei nº 9.527/97, c/c art. 27 da Resolução CSJT Nº 110/2012.</p>]]></Texto>
    <Autores>
      <assina>THENISSON SANTANA DÓRIA</assina>
    </Autores>
  </body>
</article></xml>