﻿<xml><article id="1348745" name="LUIZ CARLOS DE MATOS BONATES" idOficio="4658607" pubName="DO2" artType="Portaria" pubDate="01/02/2018" artClass="00008:00053:00000:00000:00000:00000:00000:00000:00000:00000:00025:00001" artSection="Ministério da Ciência, Tecnologia, Inovações e Comunicações" artCategory="Instituto Nacional de Pesquisas da Amazônia" artSize="8" artNotes="" numberPage="8" pdfPage="http://pesquisa.in.gov.br/imprensa/jsp/visualiza/index.jsp?data=01/02/2018&amp;jornal=529&amp;pagina=8" editionNumber="23">
  <body>
    <Identifica><![CDATA[PORTARIA Nº 10, DE 15 DE JANEIRO DE 2018]]></Identifica>
    <Data><![CDATA[]]></Data>
    <Ementa />
    <Titulo />
    <SubTitulo />
    <Texto><![CDATA[<p> A Diretora do Instituto Nacional de Pesquisas da Amazônia do Ministério da Ciência, Tecnologia, Inovações e Comunicações- Substituta, usando da competência que lhe foi delegada pelo inciso XXIV do artigo 1º da Portaria nº 407-MCT, de 29 de junho de 2006, publicada no Diário Oficial da União do dia 30 subseqüente, resolve:</p><p>Conceder aposentadoria a LUIZ CARLOS DE MATOS BONATES, matrícula SIAPE 0663699, no cargo de Pesquisador, Classe Titular, Padrão III, do Quadro de Pessoal deste Instituto, com fundamento no artigo 3.º da Emenda Constitucional n.º 47, de 5 de julho de 2005, com a opção da gratificação de desempenho aos proventos de aposentadoria nos termos dos artigos 88 a 92 da Lei n.º 13.324, de 29  de julho de 2016, ao mesmo tempo em que declara a vacância do cargo, código de vaga n.º 415000.(Processo 01280.000105/2018-60-INPA/SEI).</p>]]></Texto>
    <Autores>
      <assina>HILLANDIA BRANDÃO DA CUNHA</assina>
    </Autores>
  </body>
</article></xml>