﻿<xml><article id="1348778" name="Portarias Aposentaria.227.228.22" idOficio="4658722" pubName="DO2" artType="Portaria" pubDate="01/02/2018" artClass="00007:00003:00802:00406:00000:00000:00000:00000:00000:00000:00025:00001" artSection="Coordenação-Geral de Administração de Pessoas" artCategory="Coordenação-Geral de Administração de Pessoas" artSize="8" artNotes="" numberPage="6" pdfPage="http://pesquisa.in.gov.br/imprensa/jsp/visualiza/index.jsp?data=01/02/2018&amp;jornal=529&amp;pagina=6" editionNumber="23">
  <body>
    <Identifica><![CDATA[PortariaS DE 25 DE janeiro DE 2018]]></Identifica>
    <Data><![CDATA[]]></Data>
    <Ementa />
    <Titulo />
    <SubTitulo />
    <Texto><![CDATA[<p> O COORDENADOR-GERAL DE ADMINISTRAÇÃO DE PESSOAS, DO MINISTÉRIO DA AGRICULTURA, PECUÁRIA E ABASTECIMENTO, no uso da competência que lhe foi atribuída pelo inciso VI, do § 6º, do artigo 141, da Portaria Ministerial nº 944, de 23 de setembro de 2014, publicada no Diário Oficial do dia seguinte, resolve:</p><p>Nº 227 - Conceder aposentadoria, com proventos integrais, à servidora MARILDE AMARAL VIEIRA, matrícula SIAPE nº 582, ocupante do cargo de Agente de Portaria, classe S, padrão III, do Quadro de Pessoal deste Ministério, com fundamento no artigo 3º, da Emenda Constitucional nº 47/2005, acrescido da vantagem prevista no artigo 62-A, da Lei nº 8.112/90 (Processo 21000.052645/2017-54).</p><p>Nº 228 - Conceder aposentadoria, com proventos integrais, à servidora MARIA DAS GRAÇAS MARQUES DOS SANTOS, matrícula SIAPE nº 1052, ocupante do cargo de Agente Administrativo, classe S, padrão III, do Quadro de Pessoal deste Ministério, com fundamento no artigo 3º, da Emenda Constitucional nº 47/2005, acrescido da vantagem prevista no artigo 62-A, da Lei nº 8.112/90 (Processo 21000.000432/2018-28).</p><p>Nº 229 - Conceder aposentadoria, com proventos integrais, ao servidor LUIZ FERNANDO JUCHEM CUNHA, matrícula SIAPE nº 1573, ocupante do cargo de Auditor Fiscal Federal Agropecuário, classe S, padrão IV, do Quadro de Pessoal deste Ministério, com fundamento no artigo 3º, da Emenda Constitucional nº 47/2005 (Processo 21000.001207/2018-17).</p><p>Nº 230 - Conceder aposentadoria, com proventos integrais, ao servidor HELINTON JOSÉ ROCHA, matrícula SIAPE nº 7572, ocupante do cargo de Auditor Fiscal Federal Agropecuário, classe S, padrão IV, do Quadro de Pessoal deste Ministério, com fundamento no artigo 3º, da Emenda Constitucional nº 47/2005 (Processo 21000.002767/2018-81).</p>]]></Texto>
    <Autores>
      <assina>GENILSON ANTONIO SECCHI DE AVILA</assina>
    </Autores>
  </body>
</article></xml>