﻿<xml><article id="1351278" name="PORTARIAS23e24e25" idOficio="4660336" pubName="DO2" artType="Portaria" pubDate="01/02/2018" artClass="00017:00002:00028:00005:00000:00000:00000:00000:00000:00000:00025:00001" artSection="Serviço de Gestão Administrativa" artCategory="Serviço de Gestão Administrativa" artSize="8" artNotes="" numberPage="67" pdfPage="http://pesquisa.in.gov.br/imprensa/jsp/visualiza/index.jsp?data=01/02/2018&amp;jornal=529&amp;pagina=67" editionNumber="23">
  <body>
    <Identifica><![CDATA[PORTARIAS de 30 de janeiro de 2018]]></Identifica>
    <Data><![CDATA[]]></Data>
    <Ementa />
    <Titulo />
    <SubTitulo />
    <Texto><![CDATA[<p> O CHEFE DO SERVIÇO DE GESTÃO ADMINISTRATIVA DO NUCLEO ESTADUAL DO MINISTÉRIO DA SAÚDE NO PIAUÍ, no uso das atribuições legais, na forma da Portaria GM/MP nº 429 de, 10/02/2017, publicada no DOU-31, de 13/02/2017, resolve:</p><p>Nº 23 - 1 - Tornar pública a relação dos aposentados e/ou pensionistas que terão o pagamento do provento e/ou beneficio de pensão suspenso, por motivo de não atendimento a convocação e respectiva notificação para realizar o recadastramento anual no mês do aniversário.</p><p> </p><table><tr /><tr><td><p>MAT</p></td><td><p>CPF</p></td><td><p>NOME</p></td><td><p>TIPO</p></td></tr><tr><td><p>05108004</p></td><td><p>050.146.273-23</p></td><td><p>VALDEMAR OLIVEIRA ROSA NETO</p></td><td><p>PENSIONISTA</p></td></tr></table><p>(Processo Nº 25015.000112/2018-60)</p><p>Nº 24 - 1 - Tornar pública a relação dos aposentados e/ou pensionistas que terão o pagamento do provento e/ou beneficio de pensão suspenso, por motivo de não atendimento a convocação e respectiva notificação para realizar o recadastramento anual no mês do aniversário.</p><p> </p><table><tr /><tr><td><p>MAT</p></td><td><p>CPF</p></td><td><p>NOME</p></td><td><p>TIPO</p></td></tr><tr><td><p>0617431</p></td><td><p>497.324.553-49</p></td><td><p>FRANCISCA DA MATA VAZ</p></td><td><p>PENSIONISTA</p></td></tr></table><p>(Processo Nº 25015.000110/2018-71)</p><p>Nº 25 - 1 - Tornar pública a relação dos aposentados e/ou pensionistas que terão o pagamento do provento e/ou beneficio de pensão suspenso, por motivo de não atendimento a convocação e respectiva notificação para realizar o recadastramento anual no mês do aniversário.</p><p> </p><table><tr /><tr><td><p>MAT</p></td><td><p>CPF</p></td><td><p>NOME</p></td><td><p>TIPO</p></td></tr><tr><td><p>05999421</p></td><td><p>041.177.108-69</p></td><td><p>CLARA LUCIA DE MORAES MONTE</p></td><td><p>PENSIONISTA</p></td></tr></table><p>(Processo Nº 25015.000109/2018-46)</p><p>2 - O restabelecimento do pagamento do provento e/ou da pensão fica condicionado ao recadastramento mediante comparecimento pessoal dos interessados ao Serviço de Gestão de Pessoas situado a Rua Magalhães Filho, 519, esquina com Rua Lisandro Nogueira - Teresina/PI, portando a documentação estabelecida nos arts. 5º e 6º da ON SEGEP/MP nº 01, publicada no DOU de 14/01/2013.</p><p>3 - Na hipótese de doença grave ou de impossibilidade de locomoção do aposentado e/ou pensionista deverá ser solicitada visita técnica, ficando o pagamento restabelecido provisoriamente até que seja realizada a visita.</p>]]></Texto>
    <Autores>
      <assina>NIELTHON DIOGO MACHADO COÊLHO MODESTO</assina>
    </Autores>
  </body>
</article></xml>