﻿<xml><article id="1349387" name="(01) Port José Teófilo da Silva " idOficio="4660171" pubName="DO2" artType="Portaria" pubDate="01/02/2018" artClass="00010:00008:00008:00009:00000:00000:00000:00000:00000:00000:00025:00001" artSection="10ª Região Militar" artCategory="10ª Região Militar" artSize="8" artNotes="" numberPage="12" pdfPage="http://pesquisa.in.gov.br/imprensa/jsp/visualiza/index.jsp?data=01/02/2018&amp;jornal=529&amp;pagina=12" editionNumber="23">
  <body>
    <Identifica><![CDATA[PORTARIA Nº 1-SSIP/10, DE 30 DE JANEIRO DE 2018]]></Identifica>
    <Data><![CDATA[]]></Data>
    <Ementa />
    <Titulo />
    <SubTitulo />
    <Texto><![CDATA[<p> O COMANDANTE DA 10ª REGIÃO MILITAR, no uso da competência que lhe foi subdelegada pelo artigo 2º, item IX, alínea"f", nº 3, da Portaria nº 192-DGP, de 1º de outubro de 2015, publicada no Boletim do Exército nº 41, de 9 de outubro de 2015, resolve:</p><p>CONCEDER PENSÃO de acordo com o inciso I do artigo 217 da Lei nº 8.112/90, com a redação dada pela Lei 13.135/15, no percentual de 100% (cem por cento), à Sra. FRANCISCA LUCIMAR MAIA CARNEIRO, viúva do ex-servidor civil JOSÉ TEÓFILO DA SILVA CARNEIRO, matrícula SIAPE nº 0.082.875, falecido em 13 de dezembro de 2017, aposentado, tendo como referência atual o cargo de Artífice de Estrutura de Obras e Metalurgia (ART-007001), com vigência da pensão a contar de 13 de dezembro de 2017, data do óbito do ex-servidor (3º BeCnst).</p>]]></Texto>
    <Autores>
      <assina>Gen Div ESTEVAM CALS THEOPHILO GASPAR DE OLIVEIRA</assina>
    </Autores>
  </body>
</article></xml>