﻿<xml><article id="1352000" name="PT24FLORIANOPOLIS" idOficio="4660405" pubName="DO2" artType="Portaria" pubDate="01/02/2018" artClass="00022:00029:00241:00012:00024:00000:00000:00000:00000:00000:00025:00003" artSection="Seção Operacional da Gestão de Pessoas" artCategory="Seção Operacional da Gestão de Pessoas" artSize="8" artNotes="" numberPage="96" pdfPage="http://pesquisa.in.gov.br/imprensa/jsp/visualiza/index.jsp?data=01/02/2018&amp;jornal=529&amp;pagina=96" editionNumber="23">
  <body>
    <Identifica><![CDATA[PORTARIA Nº 24, DE 31 DE JANEIRO DE 2018]]></Identifica>
    <Data><![CDATA[]]></Data>
    <Ementa />
    <Titulo />
    <SubTitulo />
    <Texto><![CDATA[<p> O Chefe da Seção Operacional da Gestão de Pessoas da Gerência  Executiva do INSS em Florianópolis/SC, no uso das atribuições,  conferidas pelo artigo 235, da Portaria MDS nº 414 de 28/09/2017,  publicado no DOU nº 188-A de 29/09/2017, que aprovou o  Regimento Interno do INSS, resolve: </p><p>Conceder aposentadoria voluntária integral ao servidor OSVALDO VICENTE, matrícula 0574859, ocupante do cargo de Técnico de Serviços Diversos, Classe S, Padrão IV do quadro de pessoal do INSS, com fundamento no art. 3º inciso I, II e III da EC nº 47/2005, observado o contido no Processo nº 35346.000055/2018-21, e demais vantagens a que faz jus. Declarar vago o referido cargo.</p>]]></Texto>
    <Autores>
      <assina>PAULO DOMINGOS FERREIRA</assina>
    </Autores>
  </body>
</article></xml>