﻿<xml><article id="1349186" name="Ports. 93, 98" idOficio="4659499" pubName="DO2" artType="Portaria" pubDate="01/02/2018" artClass="00011:00032:00001:00000:00000:00000:00000:00000:00000:00000:00025:00002" artSection="Reitoria" artCategory="Reitoria" artSize="8" artNotes="" numberPage="16" pdfPage="http://pesquisa.in.gov.br/imprensa/jsp/visualiza/index.jsp?data=01/02/2018&amp;jornal=529&amp;pagina=16" editionNumber="23">
  <body>
    <Identifica><![CDATA[PORTARIA nº 93, de 26 de janeiro de 2018]]></Identifica>
    <Data><![CDATA[]]></Data>
    <Ementa />
    <Titulo />
    <SubTitulo />
    <Texto><![CDATA[<p>O REITOR DA FUNDAÇÃO UNIVERSIDADE FEDERAL DE MATO GROSSO DO SUL, no uso de suas atribuições legais e tendo em vista o que consta do Processo nº 23104.021710/2017-67, resolve:</p><p>- Conceder aposentadoria voluntária a WILSON ELIAS BASMAGE, matrícula Siape nº 0432749, código de vaga 341025, integrante da Carreira Técnico-Administrativa, do quadro de pessoal desta Universidade, ocupante do cargo de Técnico de Tecnologia da Informação, Classe D, Nível de Capacitação 4, Padrão 16, nos termos dos incisos I a III do art. 3º da Emenda Constitucional nº 47, de 5 de julho de 2005, com proventos integrais e dezessete por cento de anuênio.</p><p>O REITOR DA FUNDAÇÃO UNIVERSIDADE FEDERAL DE MATO GROSSO DO SUL, no uso de suas atribuições legais e tendo em vista o que consta do Processo nº 23104.020399/2017-39, resolve:</p><p> Conceder aposentadoria voluntária a BENEDITO JUBERTO TEIXEIRA, matrícula Siape nº 6432118, código de vaga 339927, integrante da Carreira do Magistério Superior, do quadro de pessoal desta Universidade, ocupante do cargo de Professor, Classe Adjunto, Nível 4, com Mestrado, em regime de Dedicação Exclusiva, nos termos dos incisos I a III do art. 3º da Emenda Constitucional nº 47, de 5 de julho de 2005, com proventos integrais e vinte por cento de anuênio.</p>]]></Texto>
    <Autores>
      <assina>MARCELO AUGUSTO SANTOS TURINE</assina>
      <assina>MARCELO AUGUSTO SANTOS TURINE</assina>
    </Autores>
  </body>
</article></xml>