﻿<xml><article id="1351650" name="RAIMUNDO RUFINO NETO_31_01_2018" idOficio="4660378" pubName="DO2" artType="Portaria" pubDate="01/02/2018" artClass="00015:00003:00124:00163:00000:00000:00000:00000:00000:00000:00025:00001" artSection="Coordenação-Geral de Gestão de Pessoas" artCategory="Coordenação-Geral de Gestão de Pessoas" artSize="8" artNotes="" numberPage="57" pdfPage="http://pesquisa.in.gov.br/imprensa/jsp/visualiza/index.jsp?data=01/02/2018&amp;jornal=529&amp;pagina=57" editionNumber="23">
  <body>
    <Identifica><![CDATA[Portaria nº 40, de 23 de janeiro de 2018]]></Identifica>
    <Data><![CDATA[]]></Data>
    <Ementa />
    <Titulo />
    <SubTitulo />
    <Texto><![CDATA[<p> O COORDENADOR-GERAL DE GESTÃO DE PESSOAS DA SUBSECRETARIA DE ADMINISTRAÇÃO DA SECRETARIA EXECUTIVA DO MINISTÉRIO DA JUSTIÇA E SEGURANÇA PÚBLICA, no uso de suas atribuições subdelegadas pelo inciso X do art. 2º da Portaria SPOA/SE/MJ nº 65, de 4 de junho de 2014, resolve:</p><p>Conceder, com fundamento no art. 3º da Emenda Constitucional nº 47, de 5 de julho de 2005, aposentadoria voluntária integral à RAIMUNDO ROFINO NETO, matrícula Siape nº 0225725, no cargo de Agente de Portaria, Classe S, Padrão III, do Quadro Permanente deste Ministério (Processo nº 08007.006803/2017-76).</p>]]></Texto>
    <Autores>
      <assina>JOSÉ DE ALBUQUERQUE NOGUEIRA FILHO</assina>
    </Autores>
  </body>
</article></xml>