﻿<xml><article id="1352934" name="Port-293-2017-Com9DN-LSAM- 1Ten " idOficio="4660550" pubName="DO2" artType="Portaria" pubDate="01/02/2018" artClass="00010:00007:00009:00048:00000:00000:00000:00000:00000:00000:00025:00007" artSection="9º Distrito Naval" artCategory="9º Distrito Naval" artSize="8" artNotes="" numberPage="11" pdfPage="http://pesquisa.in.gov.br/imprensa/jsp/visualiza/index.jsp?data=01/02/2018&amp;jornal=529&amp;pagina=11" editionNumber="23">
  <body>
    <Identifica><![CDATA[PORTARIA 293/Com9DN, DE 15 DE DEZEMBRO DE 2017]]></Identifica>
    <Data><![CDATA[]]></Data>
    <Ementa />
    <Titulo />
    <SubTitulo />
    <Texto><![CDATA[<p> O COMANDANTE DO NONO DISTRITO NAVAL, no uso das atribuicoes que lhe sao conferidas pela alinea c, inciso II, paragrafo 1, Art. 48 do Decreto 4.780, de 15 de julho de 2003  (Regulamento da Reserva da Marinha) e pela alinea a, paragrafo 3, inciso II, Art. 121 da Lei 6.880, de 9 de dezembro de 1980 (Estatuto dos Militares), resolve:</p><p>Art. 1 Licenciar do Servico Ativo da Marinha, ex officio, por conclusao de Estagio, a 1Ten (RM2-CD) 85.8593.89 ANA CAROLINE BANDEIRA KRAUS, da Reserva de Segunda Classe da Marinha, a partir de 11JAN2018, em razao do termino da Setima Prorrogacao.</p><p>Art. 2 Esta Portaria entra em vigor na presente data.</p><p> </p>]]></Texto>
    <Autores>
      <assina>Vice-Almirante LUIS ANTONIO RODRIGUES HECHT</assina>
    </Autores>
  </body>
</article></xml>