﻿<xml><article id="1349549" name="01.02.18 - Portaria 41 43 e 44" idOficio="4660236" pubName="DO2" artType="Portaria" pubDate="01/02/2018" artClass="00009:00014:00000:00000:00000:00000:00000:00000:00000:00000:00025:00001" artSection="Ministério da Cultura" artCategory="Instituto Brasileiro de Museus" artSize="8" artNotes="" numberPage="9" pdfPage="http://pesquisa.in.gov.br/imprensa/jsp/visualiza/index.jsp?data=01/02/2018&amp;jornal=529&amp;pagina=9" editionNumber="23">
  <body>
    <Identifica><![CDATA[PORTARIA Nº 41, DE 29 DE JANEIRO DE 2018]]></Identifica>
    <Data><![CDATA[]]></Data>
    <Ementa />
    <Titulo />
    <SubTitulo />
    <Texto><![CDATA[<p> O PRESIDENTE DO INSTITUTO BRASILEIRO DE MUSEUS - IBRAM, no uso da atribuição que lhe confere o art. 20, inciso IV, do Decreto nº 6.845/2009, CONSIDERANDO o constante dos autos do processo nº 01457.010349/2017-19,</p><p>resolve:</p><p>Art. 1º Conceder aposentadoria voluntária com proventos integrais à servidora Maria Luiza Candido Silva de Ávila, matrícula SIAPE nº 224802, detentora do cargo de Agente de Serviços Gerais, Classe "S", Padrão III, Nível Intermediário, do quadro de pessoal deste Instituto, com fundamento nos incisos I a III e parágrafo único do Art. 3º da Emenda Constitucional nº 47/2005.</p><p>Art. 2º Declarar o cargo acima vago.</p><p>Art. 3º Esta Portaria entra em vigor na data de sua publicação</p><p> PRESIDENTE DO INSTITUTO BRASILEIRO DE MUSEUS - IBRAM, no uso da atribuição que lhe confere o art. 20, inciso IV, do Decreto nº 6.845/2009, CONSIDERANDO o constante dos autos do processo nº 01415.011148/2017-17,</p><p>resolve:</p><p>Art. 1º Conceder aposentadoria voluntária com proventos integrais à servidora Rosemary Gomes do Nascimento, matrícula SIAPE nº 223887, detentora do cargo de Assistente Técnico Administrativo II, Classe "S", Padrão III, Nível Superior, do quadro de pessoal deste Instituto, com fundamento nos incisos I a III e parágrafo único do Art. 3º da Emenda Constitucional nº 47/2005.</p><p>Art. 2º Declarar o cargo acima vago.</p><p>Art. 3º Esta Portaria entra em vigor na data de sua publicação.</p><p> O PRESIDENTE DO INSTITUTO BRASILEIRO DE MUSEUS - IBRAM, no uso da atribuição que lhe confere o art. 20, inciso IV, do Decreto nº 6.845/2009, CONSIDERANDO o constante dos autos do processo nº 01443.010035/2017-67, resolve:</p><p>Art. 1º Conceder aposentadoria voluntária com proventos integrais à servidora Marta Cristina Clemente, matrícula SIAPE nº 224148, detentora do cargo de Assistente de Secretaria II, Classe "S", Padrão III, Nível Intermediário, do quadro de pessoal deste Instituto, com fundamento nos incisos I a III e parágrafo único do Art. 3º da Emenda Constitucional nº 47/2005.</p><p>Art. 2º Declarar o cargo acima vago.</p><p>Art. 3º Esta Portaria entra em vigor na data de sua publicação.</p>]]></Texto>
    <Autores>
      <assina>Marcelo Mattos Araujo</assina>
      <assina>Marcelo Mattos Araujo</assina>
      <assina>Marcelo Mattos Araujo</assina>
    </Autores>
  </body>
</article></xml>