﻿<xml><article id="1349965" name="Portaria 39.18-Vera Alice Campos" idOficio="4660281" pubName="DO2" artType="Portaria" pubDate="01/02/2018" artClass="00012:00002:00012:00036:00000:00000:00000:00000:00000:00000:00025:00001" artSection="Superintendência de Administração em São Paulo" artCategory="Superintendência de Administração em São Paulo" artSize="8" artNotes="" numberPage="53" pdfPage="http://pesquisa.in.gov.br/imprensa/jsp/visualiza/index.jsp?data=01/02/2018&amp;jornal=529&amp;pagina=53" editionNumber="23">
  <body>
    <Identifica><![CDATA[PORTARIA Nº 39, DE 30 de janeiro de 2018]]></Identifica>
    <Data><![CDATA[]]></Data>
    <Ementa />
    <Titulo />
    <SubTitulo />
    <Texto><![CDATA[<p>  O  SUPERINTENDENTE  DE  ADMINISTRAÇÃO  DO  MINISTÉRIO  DA  FAZENDA  NO  ESTADO  DE  SÃO  PAULO,  no  uso  de  suas  atribuições  que  lhe  confere  o  Artigo  65,  inciso  XV  da  Portaria  MF  nº  144  de  27/04/2016,  publicado  no  Diário  Oficial  da  União  de  29/04/2016,  e  tendo  em  vista  o  que  consta  no  Processo  nº  10880.100169/2018-91,  resolve:</p><p>Conceder  pensão,  na  forma  dos  Artigos  215  e  217,  inciso  I  da  Lei  nº  8.112/90,  com  a  redação  dada  pela  Lei  nº  13.135,  DOU  de  18/06/2015  c/c  a  Emenda  Constitucional  n°  41  de  31/12/03  e  Artigo.  2º,  incisos  "I"  e  "II"  da  Lei  nº  10.887  de  18/06/2004,  à  Sra. VERA  ALICE  CAMPOS  DE  PAULA,  a  qual,  mediante  documentação  comprobatória  apresentada,  é  viúva  do  ex-servidor  ativo  Sr. WALDIR  DE  PAULA  FILHO,  matricula  Siapecad  57616,  Siape   2180550,  ocupante  do  cargo  de  Auditor-Fiscal  da  Receita  Federal  do  Brasil,  Classe  "S",  Padrão  "III"  do  Quadro  de  Pessoal  do  Ministério  da  Fazenda,  falecido  em  06/01/2018. </p>]]></Texto>
    <Autores>
      <assina>DONIZETI DE CARVALHO ROSA</assina>
    </Autores>
  </body>
</article></xml>