﻿<xml><article id="1352394" name="Portaria 049" idOficio="4660476" pubName="DO2" artType="Portaria" pubDate="01/02/2018" artClass="00011:00031:00001:00000:00000:00000:00000:00000:00000:00000:00025:00001" artSection="Reitoria" artCategory="Reitoria" artSize="8" artNotes="" numberPage="15" pdfPage="http://pesquisa.in.gov.br/imprensa/jsp/visualiza/index.jsp?data=01/02/2018&amp;jornal=529&amp;pagina=15" editionNumber="23">
  <body>
    <Identifica><![CDATA[PORTARIA Nº 49, DE 29 DE JANEIRO DE 2018]]></Identifica>
    <Data><![CDATA[]]></Data>
    <Ementa />
    <Titulo />
    <SubTitulo />
    <Texto><![CDATA[<p> A Reitora da Universidade Federal de Mato Grosso, no uso de suas atribuições legais, resolve:</p><p>Autorizar o afastamento do país da servidora OZERINA VICTOR DE OLIVEIRA, matrícula SIAPE nº 1123949, CPF nº 406 219 521-68, no período de 24/02/2018 a 03/03/2018, para participação no VI Seminário de Internacionalização Universitária e VII Workshop de Trabalho do Programa Bolsas Brasil - PAEC OEA-GCUB, na cidade de Washington, D.C, EUA, com ônus para a UFMT. Autorização MEC nº 388714.20180126.4260. (Processo n. 23108.901667/2018-66). </p>]]></Texto>
    <Autores>
      <assina>MYRIAN THEREZA DE MOURA SERRA</assina>
    </Autores>
  </body>
</article></xml>