﻿<xml><article id="1349153" name="PORTARIA IN SAMF - Angela" idOficio="4659209" pubName="DO2" artType="Portaria" pubDate="01/02/2018" artClass="00012:00002:00012:00031:00000:00000:00000:00000:00000:00000:00025:00001" artSection="Superintendência de Administração no Rio Grande do Sul" artCategory="Superintendência de Administração no Rio Grande do Sul" artSize="8" artNotes="" numberPage="52" pdfPage="http://pesquisa.in.gov.br/imprensa/jsp/visualiza/index.jsp?data=01/02/2018&amp;jornal=529&amp;pagina=52" editionNumber="23">
  <body>
    <Identifica><![CDATA[PORTARIA Nº 103, DE 30 DE JANEIRO DE 2018]]></Identifica>
    <Data><![CDATA[]]></Data>
    <Ementa />
    <Titulo />
    <SubTitulo />
    <Texto><![CDATA[<p> O SUPERINTENDENTE DE ADMINISTRAÇÃO DO MINISTÉRIO DA FAZENDA NO ESTADO DO RIO GRANDE DO SUL, no uso das atribuições regimentais que lhe são conferidas pelo artigo 86, inciso XI, da Portaria nº 144, do Sr. Ministro de Estado da Fazenda, de 27 de abril de 2016, publicada no DOU de 29 de abril de 2016, resolve:</p><p>Conceder aposentadoria voluntária à servidora ANGELA CARVALHO LEMOS, a partir de 01/02/2018, matrículas SIAPECAD nº 14793 e SIAPE nº 101245, ocupante do cargo de Agente Administrativo, código 489202, Classe "S", Padrão III, do Quadro de Pessoal do MF/RS, lotada na Superintendência de Administração do Ministério da Fazenda/RS, com fundamento no art. 3º da Emenda Constitucional nº 47/2005 e vantagem do art. 62-A da Lei nº 8.112/1990 (Processo SEI nº 11080.100308/2018-65).</p>]]></Texto>
    <Autores>
      <assina>HERNANI MARCHIORETTO DA SILVA</assina>
    </Autores>
  </body>
</article></xml>