﻿<xml><article id="1350073" name="DIPAP" idOficio="4660293" pubName="DO2" artType="Portaria" pubDate="01/02/2018" artClass="00011:00109:00001:00043:00000:00000:00000:00000:00000:00000:00025:00001" artSection="Superintendência de Recursos Humanos" artCategory="Superintendência de Recursos Humanos" artSize="8" artNotes="" numberPage="35" pdfPage="http://pesquisa.in.gov.br/imprensa/jsp/visualiza/index.jsp?data=01/02/2018&amp;jornal=529&amp;pagina=35" editionNumber="23">
  <body>
    <Identifica><![CDATA[PORTARIA Nº 319, DE 29 DE JANEIRO DE 2018]]></Identifica>
    <Data><![CDATA[]]></Data>
    <Ementa />
    <Titulo />
    <SubTitulo />
    <Texto><![CDATA[<p> A Pró-Reitora de Gestão de Pessoas da Universidade Federal do Ceará, no uso de suas atribuições legais, conferidas por meio da Portaria nº. 1831, de 12 de maio de 2017, do Magnífico Reitor, resolve:</p><p> Conceder aposentadoria voluntária por tempo de serviço, com paridade, nos termos do art. 40, da Constituição Federal de 1988, combinado com o art. 3º, da Emenda Constitucional nº 47, de 05.07.2005, publicada no DOU de 06.07.2005, a CHEILA MARIA DE OLIVEIRA LOPES, matrícula SIAPE - 0400878, SIAPECAD - 0376967, CPF - 275.487.322-87, ocupante do cargo efetivo de Enfermeiro-Área, Nível de Classificação "E", Classe de Capacitação 4, Padrão de Vencimento 16, em regime de 40 horas semanais, com proventos integrais, assegurando o percentual de 7% (sete por cento) de gratificação adicional por tempo de serviço; a vantagem decorrente do Mandado de Segurança - 96.2706-4 da 1ª Vara Federal do Poder Judiciário no Estado do Ceará, relativa a 28,86% (vinte e oito vírgula oitenta e seis por cento); e o Incentivo à Qualificação, amparado pela Lei N° 12.772/2012, de 28.12.2012, no percentual de 30% (trinta por cento) (trinta por cento) (Processo nº. 23067.026956/2017-19).</p>]]></Texto>
    <Autores>
      <assina>Marilene Feitosa Soares</assina>
    </Autores>
  </body>
</article></xml>