﻿<xml><article id="1350250" name="PT 22 47001 ROSANE MARA SANTANA " idOficio="4660295" pubName="DO2" artType="Portaria" pubDate="01/02/2018" artClass="00017:00002:00034:00001:00002:00000:00000:00000:00000:00000:00025:00001" artSection="Seção de Administração" artCategory="Seção de Administração" artSize="8" artNotes="" numberPage="67" pdfPage="http://pesquisa.in.gov.br/imprensa/jsp/visualiza/index.jsp?data=01/02/2018&amp;jornal=529&amp;pagina=67" editionNumber="23">
  <body>
    <Identifica><![CDATA[PORTARIA Nº 22, de 30 de janeiro de 2018]]></Identifica>
    <Data><![CDATA[]]></Data>
    <Ementa />
    <Titulo />
    <SubTitulo />
    <Texto><![CDATA[<p> A CHEFE SUBSTITUTA DO SERVIÇO DE GESTÃO ADMINISTRATIVA DO NÚCLEO ESTADUAL DO MINISTÉRIO DA SAÚDE EM SANTA CATARINA, no uso da competência que lhe foi subdelegada pela Portaria SAA/SE/MS n.º 1.804, de 01/10/13, publicada no DOU n.º 192 de 03/10/13, resolve:</p><p>Conceder Aposentadoria Voluntária Integral, por Tempo de Contribuição, de acordo com o artigo 3.º, incisos I, II e III da Emenda Constitucional n.º 47/2005, a servidora ROSANE MARA SANTANA PACHECO, matrícula SIAPE n.º 057434-4, no cargo de Auxiliar Operacional de Serviços Diversos, Classe S, Padrão NI-III, pertencente ao Quadro Permanente deste Ministério, com proventos, correspondentes ao valor do cargo acima citado, acrescidos de 18% (dezoito por cento) de Adicional por Tempo de Serviço e demais vantagens do cargo.</p><p>(Processo n.º 25024.400506/2017-24).</p>]]></Texto>
    <Autores>
      <assina>FLAVIA DA SILVEIRA</assina>
    </Autores>
  </body>
</article></xml>