﻿<xml><article id="1352048" name="A 203 ROBSON MARINHO 33409 00020" idOficio="4660421" pubName="DO2" artType="Portaria" pubDate="01/02/2018" artClass="00017:00001:00000:00000:00000:00000:00000:00000:00000:00000:00025:00003" artSection="Ministério da Saúde" artCategory="Gabinete do Ministro" artSize="8" artNotes="" numberPage="62" pdfPage="http://pesquisa.in.gov.br/imprensa/jsp/visualiza/index.jsp?data=01/02/2018&amp;jornal=529&amp;pagina=62" editionNumber="23">
  <body>
    <Identifica><![CDATA[PORTARIA Nº 203, DE 30 DE JANEIRO DE 2018]]></Identifica>
    <Data><![CDATA[]]></Data>
    <Ementa />
    <Titulo />
    <SubTitulo />
    <Texto><![CDATA[<p> O CHEFE DE GABINETE DO MINISTRO DE ESTADO DA SAÚDE, no uso da competência que lhe foi delegada pela Portaria nº 761/GM/MS, de 13 de abril de 2011, resolve:</p><p>Dispensar, a partir de 5 de janeiro de 2018, ROBSON MARINHO NOBRE da Função Comissionada Técnica de Auxiliar de Serviços em Saúde II, código FCT-12, nº 30F.0246, do Instituto Nacional de Cardiologia, da Secretaria de Atenção à Saúde.</p>]]></Texto>
    <Autores>
      <assina>PAULO ROBERTO REBELLO FILHO</assina>
    </Autores>
  </body>
</article></xml>