﻿<xml><article id="1351632" name="Retificação Publicação PT178-Tan" idOficio="4660304" pubName="DO2" artType="Portaria" pubDate="01/02/2018" artClass="00011:00056:00000:00000:00000:00000:00000:00000:00000:00000:00025:00002" artSection="Ministério da Educação" artCategory="Instituto Federal de Educação, Ciência e Tecnologia da Bahia" artSize="8" artNotes="" numberPage="22" pdfPage="http://pesquisa.in.gov.br/imprensa/jsp/visualiza/index.jsp?data=01/02/2018&amp;jornal=529&amp;pagina=22" editionNumber="23">
  <body>
    <Identifica><![CDATA[RETIFICAÇÃO]]></Identifica>
    <Data><![CDATA[]]></Data>
    <Ementa />
    <Titulo />
    <SubTitulo />
    <Texto><![CDATA[<p> Na portaria nº 178 de 19 de janeiro de 2018, que trata do afastamento da servidora TANIA MARIA DANTAS FLORES, onde se lê: "14/02/2018 a 14/02/2020", leia-se: "16/02/2018 a 14/02/2022". </p>]]></Texto>
    <Autores />
  </body>
</article></xml>