﻿<xml><article id="1349294" name="Vc CG Miami" idOficio="4660120" pubName="DO2" artType="Portaria" pubDate="01/02/2018" artClass="00020:00052:00000:00000:00000:00000:00000:00000:00000:00000:00025:00002" artSection="Ministério das Relações Exteriores" artCategory="Consulado-Geral do Brasil em Miami" artSize="8" artNotes="" numberPage="81" pdfPage="http://pesquisa.in.gov.br/imprensa/jsp/visualiza/index.jsp?data=01/02/2018&amp;jornal=529&amp;pagina=81" editionNumber="23">
  <body>
    <Identifica><![CDATA[PORTARIA DE 17 DE JANEIRO DE 2018]]></Identifica>
    <Data><![CDATA[]]></Data>
    <Ementa />
    <Titulo />
    <SubTitulo />
    <Texto><![CDATA[<p> O CÔNSUL-GERAL DO BRASIL EM MIAMI, no uso de suas atribuições e nos termos da Portaria nº 457, de 2 de agosto de 2010, resolve:</p><p>Nomear, até o término de sua missão no Posto, CARLOS AUGUSTO LIMA, assistente de chancelaria do Serviço Exterior Brasileiro, classe Especial, padrão V, Siape nº 1055364, do Ministério das Relações Exteriores, para exercer a função de Vice-Cônsul neste Consulado-Geral, a partir da data de publicação desta Portaria.</p>]]></Texto>
    <Autores>
      <assina>ADALNIO SENNA GANEM</assina>
    </Autores>
  </body>
</article></xml>