﻿<xml><article id="1352135" name="Portarias nº 028 a 031.2018" idOficio="4660414" pubName="DO2" artType="Portaria" pubDate="01/02/2018" artClass="00011:00044:00000:00000:00000:00000:00000:00000:00000:00000:00025:00001" artSection="Ministério da Educação" artCategory="Fundação Universidade Federal do Vale do São Francisco" artSize="8" artNotes="" numberPage="20" pdfPage="http://pesquisa.in.gov.br/imprensa/jsp/visualiza/index.jsp?data=01/02/2018&amp;jornal=529&amp;pagina=20" editionNumber="23">
  <body>
    <Identifica><![CDATA[PORTARIAS DE 24 DE JANEIRO DE 2018]]></Identifica>
    <Data><![CDATA[]]></Data>
    <Ementa />
    <Titulo />
    <SubTitulo />
    <Texto><![CDATA[<p> O Reitor da Fundação Universidade Federal do Vale do São Francisco - UNIVASF, no uso das suas atribuições conferidas pelo Decreto de 28 de março de 2016, publicado no Diário Oficial da União nº 59, de 29 de março de 2016, resolve:</p><p>Nº 28 - DISPENSAR, a pedido, a partir de 01.02.2018, a servidora DANIELA CARIAS DE MELO, CPF 025.291.464-38, Assistente em Administração, matrícula SIAPE nº 1538166, da função de Chefe da Secretaria Administrativa da Superintendência de Gestão de Pessoas - SGP-SA, Código FG-01.</p><p>Nº 29 - DISPENSAR, a pedido, a partir de 05.02.2018, a servidora TARCILA VIEIRA GURGEL, CPF 045.543.194-90, Assistente em Administração, matrícula SIAPE nº 1670369, da função de Chefe da Divisão de Cadastro, do Departamento de Administração de Pessoas, da Superintendência de Gestão de Pessoas - SGP-DAP-CAD, código FG-03.</p><p>Nº 30 - DISPENSAR a servidora ISABEL CELESTE VIANA DO NASCIMENTO LIMA, CPF 085.630.568-59, Técnico em Secretariado, matrícula SIAPE nº 50122, da função de Chefe da Divisão de Apoio à Secretaria Administrativa, da Superintendência de Gestão de Pessoas - SGP-SA-APOIO, código FG-04.</p><p>Nº 31 - DESIGNAR a servidora ISABEL CELESTE VIANA DO NASCIMENTO LIMA, CPF 085.630.568-59, Técnico em Secretariado, matrícula SIAPE nº 50122, para exercer a função de Chefe da Secretaria Administrativa da Superintendência de Gestão de Pessoas - SGP-SA, Código FG-01.</p>]]></Texto>
    <Autores>
      <assina>JULIANELI TOLENTINO DE LIMA</assina>
    </Autores>
  </body>
</article></xml>