﻿<xml><article id="1351557" name="Portaria 397 Aposentadoria" idOficio="4660363" pubName="DO2" artType="Portaria" pubDate="01/02/2018" artClass="00011:00130:00001:00017:00000:00000:00000:00000:00000:00000:00025:00013" artSection="Pró-Reitoria de Pessoal" artCategory="Pró-Reitoria de Pessoal" artSize="8" artNotes="" numberPage="43" pdfPage="http://pesquisa.in.gov.br/imprensa/jsp/visualiza/index.jsp?data=01/02/2018&amp;jornal=529&amp;pagina=43" editionNumber="23">
  <body>
    <Identifica><![CDATA[PORTARIA Nº 397, de 16 de janeiro de 2018]]></Identifica>
    <Data><![CDATA[]]></Data>
    <Ementa />
    <Titulo />
    <SubTitulo />
    <Texto><![CDATA[<p> O Pró-Reitor de Pessoal da Universidade Federal do Rio de Janeiro, no uso da competência delegada pela Portaria nº 956, de 10 de fevereiro de 2017, publicada no Diário Oficial da União nº 31 de 13 de fevereiro de 2017 e tendo em vista o que consta no processo n° 23079.021832/2017-16, resolve:</p><p>Declarar aposentada voluntariamente BILA SORJ, matrícula SIAPE nº. 6360326, ocupante do cargo de Professor Titular, Nível 801, no regime de 40 horas semanais de trabalho com Dedicação Exclusiva do Quadro de Pessoal desta Universidade, com fundamento nos termos do Artigo 3º, incisos I, II e III da EC 47/2005 combinado com o Artigo 186, inciso III, alínea "a" da Lei nº 8.112/1990, com proventos integrais.</p><p> </p>]]></Texto>
    <Autores>
      <assina>AGNALDO FERNANDES</assina>
    </Autores>
  </body>
</article></xml>