﻿<xml><article id="1350639" name="PTS5E6SANTOANDRE" idOficio="4660319" pubName="DO2" artType="Portaria" pubDate="01/02/2018" artClass="00022:00029:00239:00018:00003:00000:00000:00000:00000:00000:00025:00006" artSection="Seção Operacional da Gestão de Pessoas" artCategory="Seção Operacional da Gestão de Pessoas" artSize="8" artNotes="" numberPage="88" pdfPage="http://pesquisa.in.gov.br/imprensa/jsp/visualiza/index.jsp?data=01/02/2018&amp;jornal=529&amp;pagina=88" editionNumber="23">
  <body>
    <Identifica><![CDATA[PORTARIA Nº 5, de 29 de janeiro de 2018]]></Identifica>
    <Data><![CDATA[]]></Data>
    <Ementa />
    <Titulo />
    <SubTitulo />
    <Texto><![CDATA[<p> A CHEFE DA SEÇÃO OPERACIONAL DA GESTÃO DE PESSOAS DO INSS EM SANTO ANDRÉ, no uso das atribuições conferidas pelo Regimento Interno aprovado pela Portaria MDS N.º 414, Artigo 235, Inciso I, de 28/09/2017, publicado no DOU Nº 188-A,  de 29/09/2017 e à vista do que consta no processo Nº35431.000591/2017-86,resolve:</p><p>I - Conceder Aposentadoria Voluntária à servidora VALÉRIA CRISTINA PACHECO CHAVES,  matrícula siape n.º 0596.037, ocupante do cargo de Técnico do Seguro Social,  Classe "S", Padrão IV, do Quadro de Pessoal do Instituto Nacional do Seguro Social, com fundamento no artigo 3º da Emenda Constitucional nº 47/2005,  com proventos integrais, acrescidos das vantagens a que faz jus.</p><p>II - Declarar vago o referido cargo.</p><p> A CHEFE DA SEÇÃO OPERACIONAL DA GESTÃO DE PESSOAS DO INSS EM SANTO ANDRÉ, no uso das atribuições conferidas pelo Regimento Interno aprovado pela Portaria MDS N.º 414, Artigo 235, Inciso I, de 28/09/2017, publicado no DOU Nº 188-A,  de 29/09/2017 e à vista do que consta no processo Nº35431.000101/2017-41, resolve:</p><p>I - Conceder Aposentadoria Voluntária à servidora CELINA MARIA RODRIGUES CARVALHO,  matrícula siape n.º 0897.633, ocupante do cargo de Farmacêutico,   Classe "S", Padrão IV, do Quadro de Pessoal do Instituto Nacional do Seguro Social, com fundamento no artigo 3º da Emenda Constitucional nº 47/2005,  com proventos integrais, acrescidos das vantagens a que faz jus.</p><p>II - Declarar vago o referido cargo.</p>]]></Texto>
    <Autores>
      <assina>MAÍSA CRISTINA MENEZES CABRAL</assina>
      <assina>MAÍSA CRISTINA MENEZES CABRAL</assina>
    </Autores>
  </body>
</article></xml>