﻿<xml><article id="1351901" name="DOU 01 DE FEVEREIRO_" idOficio="4660400" pubName="DO2" artType="Portaria" pubDate="01/02/2018" artClass="00008:00027:00011:00000:00000:00000:00000:00000:00000:00000:00025:00001" artSection="Diretoria de Gestão e Tecnologia da Informação" artCategory="Diretoria de Gestão e Tecnologia da Informação" artSize="8" artNotes="" numberPage="7" pdfPage="http://pesquisa.in.gov.br/imprensa/jsp/visualiza/index.jsp?data=01/02/2018&amp;jornal=529&amp;pagina=7" editionNumber="23">
  <body>
    <Identifica><![CDATA[PORTARIAS DE 23 DE JANEIRO DE 2018]]></Identifica>
    <Data><![CDATA[]]></Data>
    <Ementa />
    <Titulo />
    <SubTitulo />
    <Texto><![CDATA[<p> O Presidente Substituto do CONSELHO NACIONAL DE DESENVOLVIMENTO CIENTÍFICO E TECNOLÓGICO-CNPq, no uso de suas atribuições resolve:</p><p>Nº 6 - Conceder aposentadoria voluntária integral a PAULO RICARDO DIMAS LUZ CUNHA, matrícula SIAPE nº 671300, ocupante do cargo de Analista em C&amp;T Senior III, do Quadro permanente do Conselho Nacional de Desenvolvimento Científico e Tecnológico, com fundamento no artigo 3º, incisos I, II, III e parágrafo único da Emenda Constitucional nº 47/2005.(processo nº 01300.000535/2018-04)</p><p>Nº 7 - Conceder aposentadoria voluntária integral a CLAIR DA SILVA CRUZ, matrícula SIAPE nº 671886, ocupante do cargo de Assistente em C&amp;T 3 III, do Quadro permanente do Conselho Nacional de Desenvolvimento Científico e Tecnológico, com fundamento no artigo 3º, incisos I, II, e parágrafo único da Emenda Constitucional nº 47/2005, combinado o artigo 7º da Emenda Constitucional nº 41/2003.(processo nº 01300.000576/2018-92)</p><p>Nº 8 - Conceder aposentadoria voluntária integral a ANTONIO AFONSO PARREIRA, matrícula SIAPE nº 671476, ocupante do cargo de Assistente em C&amp;T 3 III, do Quadro permanente do Conselho Nacional de Desenvolvimento Científico e Tecnológico, com fundamento no artigo 3º, incisos I, II, III e parágrafo único da Emenda Constitucional nº 47/2005.(processo nº 01300.000528/2018-02)</p><p>Nº 9 - Conceder aposentadoria voluntária integral a PAULO JOSÉ PÉRET DE SANT'ANA, matrícula SIAPE nº 671839, ocupante do cargo de Analista em C&amp;T Senior III, do Quadro permanente do Conselho Nacional de Desenvolvimento Científico e Tecnológico, com fundamento no artigo 3º, incisos I, II, III e parágrafo único da Emenda Constitucional nº 47/2005.(processo nº 01300.000534/2018-51)</p><p>Nº 10 - Conceder aposentadoria voluntária integral a CARLOS ALBERTO KAWAMURA, matrícula SIAPE nº 671440, ocupante do cargo de Assistente em C&amp;T 3 III, do Quadro permanente do Conselho Nacional de Desenvolvimento Científico e Tecnológico, com fundamento no artigo 3º, incisos I, II, III e parágrafo único da Emenda Constitucional nº 47/2005, acrescido da vantagem do artigo 62 da lei 8.112/90.(processo nº 01300.000529/2018-49)</p><p>Nº 11 - Conceder aposentadoria voluntária integral a GILSON VILELA DE ASSUNÇÃO, matrícula SIAPE nº 671512, ocupante do cargo de Assistente em C&amp;T 3 III, do Quadro permanente do Conselho Nacional de Desenvolvimento Científico e Tecnológico, com fundamento no artigo 3º, incisos I, II, III e parágrafo único da Emenda Constitucional nº 47/2005.(processo nº 01300.000530/2018-73)</p><p>Nº 12 - Conceder aposentadoria voluntária integral a JOSÉ CARLOS CAVALCANTE, matrícula SIAPE nº 671740, ocupante do cargo de Assistente em C&amp;T 3 III, do Quadro permanente do Conselho Nacional de Desenvolvimento Científico e Tecnológico, com fundamento no artigo 3º, incisos I, II, III e parágrafo único da Emenda Constitucional nº 47/2005.(processo nº 01300.000531/2018-18)</p><p>Nº 13 - Conceder aposentadoria voluntária integral a JOSÉ LUZIO DE JESUS, matrícula SIAPE nº 671272, ocupante do cargo de Assistente em C&amp;T 3 III, do Quadro permanente do Conselho Nacional de Desenvolvimento Científico e Tecnológico, com fundamento no artigo 3º, incisos I, II, e parágrafo único da Emenda Constitucional nº 47/2005, combinado o artigo 7º da Emenda Constitucional nº 41/2003.(processo nº 01300.000532/2018-62)</p><p>Nº 14 - Conceder aposentadoria voluntária integral a MARIA VANDA DE ARAUJO MONTEIRO, matrícula SIAPE nº 671729, ocupante do cargo de Assistente em C&amp;T 3 III, do Quadro permanente do Conselho Nacional de Desenvolvimento Científico e Tecnológico, com fundamento no artigo 3º, incisos I, II, III e parágrafo único da Emenda Constitucional nº 47/2005.(processo nº 01300.000533/2018-15)</p>]]></Texto>
    <Autores>
      <assina>MARCELO MARCOS MORALES</assina>
    </Autores>
  </body>
</article></xml>