﻿<xml><article id="1349306" name="port eletr 37 e 38" idOficio="4660111" pubName="DO2" artType="Portaria" pubDate="01/02/2018" artClass="00017:00002:00035:00000:00000:00000:00000:00000:00000:00000:00025:00002" artSection="Núcleo Estadual em São Paulo" artCategory="Núcleo Estadual em São Paulo" artSize="8" artNotes="" numberPage="69" pdfPage="http://pesquisa.in.gov.br/imprensa/jsp/visualiza/index.jsp?data=01/02/2018&amp;jornal=529&amp;pagina=69" editionNumber="23">
  <body>
    <Identifica><![CDATA[Portarias de 30 de Janeiro de 2018]]></Identifica>
    <Data><![CDATA[]]></Data>
    <Ementa />
    <Titulo />
    <SubTitulo />
    <Texto><![CDATA[<p> O CHEFE DA DIVISÃO DE GESTÃO ADMINISTRATIVA DO NÚCLEO ESTADUAL DO MINISTÉRIO DA SAÚDE NO ESTADO DE SÃO PAULO, no uso da competência que lhe foi subdelegada pela Portaria SAA/SE/MS nº 1804 de 1/10/2013, publicada no DOU nº 192, de 03/10/2013, e tendo em vista o que constam nos processos abaixo especificados, resolve: </p><p>Nº 37 - Conceder pensão mensal por período vitalício à BRANCA THEREZA DE SOUZA CAMARGO, como cônjuge do ex-servidor JOÃO BATISTA DE SOUZA CAMARGO, Médico, SIAPE 598534, a partir da data do óbito em 05 de novembro de 2017, com fundamento legal nos artigos 215, 217, inciso I, e 222, inciso VII, alínea "b", item 6 da Lei nº 8.112/90, alterada pela Lei  13.135/2015, c/c EC 41/03, e Lei 10.887/04, à vista das informações constantes do processo nº. 25004.402288/2017-09.</p><p>Nº 38  - Conceder pensão mensal por período vitalício a HERCULES NAVILLE  como cônjuge da  ex-servidora  THEREZINHA ANDRADE NAVILLE, Auxiliar Operacional de Serviços Diversos, SIAPE 604269, a partir da data do óbito em 30 de dezembro de 2017, com fundamento legal nos artigos 215, 217, inciso I, e 222, inciso VII, alínea "b", item 6 da Lei nº 8.112/90, alterada pela Lei  13.135/2015, c/c EC 41/03, e Lei 10.887/04, à vista das informações constantes do processo nº. 25004.000143/2018-40. </p>]]></Texto>
    <Autores>
      <assina>Ronaldo Raymundo</assina>
    </Autores>
  </body>
</article></xml>