﻿<xml><article id="1349239" name="Dispensa Ariela" idOficio="4659727" pubName="DO2" artType="Ato" pubDate="01/02/2018" artClass="00037:00019:00000:00000:00000:00000:00000:00000:00000:00000:00001:00001" artSection="Poder Judiciário" artCategory="Tribunal Regional Eleitoral do Espírito Santo" artSize="8" artNotes="" numberPage="118" pdfPage="http://pesquisa.in.gov.br/imprensa/jsp/visualiza/index.jsp?data=01/02/2018&amp;jornal=529&amp;pagina=118" editionNumber="23">
  <body>
    <Identifica><![CDATA[ATO Nº 89, de 30 de janeiro de 2018]]></Identifica>
    <Data><![CDATA[]]></Data>
    <Ementa />
    <Titulo />
    <SubTitulo />
    <Texto><![CDATA[<p> O Desembargador Annibal de Rezende Lima,  Presidente do Tribunal Regional Eleitoral do Espírito Santo, no uso de suas atribuições legais, resolve:</p><p> DISPENSAR a pedido a servidora Ariela Lima Andrade da Função Comissionada de Assistente IV - FC.4, com lotação no Gabinete da Presidência deste Tribunal, a partir de 01.02.18.</p>]]></Texto>
    <Autores>
      <assina>Annibal de Rezende Lima</assina>
    </Autores>
  </body>
</article></xml>