﻿<xml><article id="1352709" name="ATO PORTARIA Nº 23" idOficio="4660520" pubName="DO2" artType="Portaria" pubDate="01/02/2018" artClass="00009:00015:00000:00000:00000:00000:00000:00000:00000:00000:00025:00005" artSection="Ministério da Cultura" artCategory="Instituto do Patrimônio Histórico e Artístico Nacional" artSize="8" artNotes="" numberPage="9" pdfPage="http://pesquisa.in.gov.br/imprensa/jsp/visualiza/index.jsp?data=01/02/2018&amp;jornal=529&amp;pagina=9" editionNumber="23">
  <body>
    <Identifica><![CDATA[PORTARIA Nº 23, DE 23 DE JANEIRO DE 2018]]></Identifica>
    <Data><![CDATA[]]></Data>
    <Ementa />
    <Titulo />
    <SubTitulo />
    <Texto><![CDATA[<p> A PRESIDENTE DO INSTITUTO DO PATRIMÔNIO HISTÓRICO E ARTÍSTICO NACIONAL, no uso das atribuições que lhe confere o art. 21, Inciso V, anexo I, do Decreto nº 6.844, de 07 de maio de 2009 e Portaria n° 300 de 10 de outubro de 2016, publicada no DOU de 11 de outubro de 2016, e considerando o disposto na Portaria nº. 92, de 05 de julho de 2012, publicada no DOU de 09 de julho de 2012, e conforme processo nº 01450.901793/2017-05, resolve:</p><p>Designar CELMA DO CARMO SOUZA PINTO, CPF n° 076.214.138-75, para exercer a Função Comissionada do Poder Executivo de Coordenador de Proteção e Conservação de Bens Móveis Integrados, código FCPE 101.3, da Coordenação-Geral de Identificação e Reconhecimento do Departamento do Patrimônio Material e Fiscalização deste Instituto, ficando dispensada do encargo de substituta do referido cargo, e da Função Gratificada que atualmente ocupa.</p>]]></Texto>
    <Autores>
      <assina>KÁTIA SANTOS BOGÉA</assina>
    </Autores>
  </body>
</article></xml>