﻿<xml><article id="1351727" name="PTS8A10TAUBATÉ" idOficio="4660380" pubName="DO2" artType="Portaria" pubDate="01/02/2018" artClass="00022:00029:00239:00026:00016:00000:00000:00000:00000:00000:00025:00004" artSection="Seção Operacional da Gestão de Pessoas" artCategory="Seção Operacional da Gestão de Pessoas" artSize="8" artNotes="" numberPage="90" pdfPage="http://pesquisa.in.gov.br/imprensa/jsp/visualiza/index.jsp?data=01/02/2018&amp;jornal=529&amp;pagina=90" editionNumber="23">
  <body>
    <Identifica><![CDATA[PORTARIAS DE 30 DE JANEIRO DE 2018]]></Identifica>
    <Data><![CDATA[]]></Data>
    <Ementa />
    <Titulo />
    <SubTitulo />
    <Texto><![CDATA[<p> O Chefe da Seção Operacional da Gestão de Pessoas do INSS em Taubaté/SP, no uso das atribuições conferidas pelo Art. 235 do Regimento Interno do INSS, aprovado pela Portaria MPS nº 414, de 28/09/2017, publicada no DOU nº 188, de 29/09/2017, resolve:</p><p>Nº 8 - Conceder Aposentadoria Voluntária integral ao servidor MARCO ANTONIO BRANDÃO, matrícula 0.938.650, ocupante do cargo de Técnico do Seguro Social, Classe S, Padrão IV, do Quadro de Pessoal do Instituto Nacional do Seguro Social, com fundamento no artigo 3º da Emenda Constitucional nº 47 de 05 de julho de 2005, observado o contido no Processo nº 35386.005285/2017-29, declarando em consequência, o referido cargo vago.</p><p>Nº 9 - Conceder Aposentadoria Voluntária integral ao servidor ROSSINI ILDEFONSO ALVES, matrícula 0.942.284, ocupante do cargo de Técnico do Seguro Social, Classe S, Padrão IV, do Quadro de Pessoal do Instituto Nacional do Seguro Social, com fundamento no artigo 3º da Emenda Constitucional nº 47, de 05 de julho de 2005, observado o contido no Processo nº 35386.003904/2017-41, declarando em consequência, o referido cargo vago.</p><p>Nº 10 - Conceder Aposentadoria Voluntária integral ao servidor LUIZ FERNANDO DA SILVA BUENO, matrícula 0.933106, ocupante do cargo de Técnico do Seguro Social, Classe S, Padrão IV, do Quadro de Pessoal do Instituto Nacional do Seguro Social, com fundamento no artigo 3º da Emenda Constitucional nº 47, de 05 de julho de 2005, observado o contido no Processo nº 35386.005299/2017-42, declarando em consequência, o referido cargo vago.</p>]]></Texto>
    <Autores>
      <assina>CRISTIANO SANTOS DA SILVA</assina>
    </Autores>
  </body>
</article></xml>