﻿<xml><article id="1349363" name="Portaria nº 252 - Designar ADRIA" idOficio="4660167" pubName="DO2" artType="Portaria" pubDate="01/02/2018" artClass="00011:00079:00001:00001:00000:00000:00000:00000:00000:00000:00025:00019" artSection="Chefia de Gabinete" artCategory="Chefia de Gabinete" artSize="8" artNotes="" numberPage="31" pdfPage="http://pesquisa.in.gov.br/imprensa/jsp/visualiza/index.jsp?data=01/02/2018&amp;jornal=529&amp;pagina=31" editionNumber="23">
  <body>
    <Identifica><![CDATA[PORTARIA Nº 252, DE 30 DE JANEIRO DE 2018]]></Identifica>
    <Data><![CDATA[]]></Data>
    <Ementa />
    <Titulo />
    <SubTitulo />
    <Texto><![CDATA[<p> O REITOR DO INSTITUTO FEDERAL DE EDUCAÇÃO, CIÊNCIA E TECNOLOGIA DE RONDÔNIA, no uso de suas atribuições legais e considerando o Memorando nº 17/2018/PVCAL - CGAB/PVCAL - DG/PVCAL, de 30/01/2018, resolve:</p><p>Art. 1º DESIGNAR, a partir de 01/02/2018, a Administradora, ADRIANI REBOUÇAS GOMES FERRI,  Matrícula SIAPE nº 2390198  para exercer a Função Gratificada de Coordenadora de Gestão de Pessoas do IFRO, Campus Porto Velho Calama, Código FG-01.</p><p>Art. 2º Esta Portaria entra em vigor na data de sua publicação.</p>]]></Texto>
    <Autores>
      <assina>Uberlando Tiburtino Leite</assina>
    </Autores>
  </body>
</article></xml>