﻿<xml><article id="1350070" name="(Port. nº 196-197-SEI-SE ) RICHA" idOficio="4660292" pubName="DO2" artType="Portaria" pubDate="01/02/2018" artClass="00013:00002:00000:00000:00000:00000:00000:00000:00000:00000:00025:00003" artSection="Ministério da Indústria, Comércio Exterior e Serviços" artCategory="Secretaria Executiva" artSize="8" artNotes="" numberPage="56" pdfPage="http://pesquisa.in.gov.br/imprensa/jsp/visualiza/index.jsp?data=01/02/2018&amp;jornal=529&amp;pagina=56" editionNumber="23">
  <body>
    <Identifica><![CDATA[PORTARIAS DE 29 DE JANEIRO DE 2018]]></Identifica>
    <Data><![CDATA[]]></Data>
    <Ementa />
    <Titulo />
    <SubTitulo />
    <Texto><![CDATA[<p> A SECRETÁRIA-EXECUTIVA SUBSTITUTA DO MINISTÉRIO DA INDÚSTRIA, COMÉRCIO EXTERIOR E SERVIÇOS, no uso da competência que lhe foi subdelegada pela Portaria GM/MDIC nº  305, de 1º de novembro de 2016, e tendo em vista o disposto no Decreto nº 9.260, de 29 de dezembro de 2017, e na Lei nº 8.112, de 11 de dezembro de 1990, resolve:</p><p>Nº 196-SEI Dispensar RICHARDI FONSECA da Função Comissionada do Poder Executivo de Coordenador, código FCPE 101.3, da Coordenação-Geral de Recursos Logísticos da Subsecretaria de Planejamento, Orçamento e Administração deste Ministério.</p><p>Nº 197-SEI Designar ZILBEM NAZARENO RODRIGUES para exercer a Função Comissionada do Poder Executivo de Coordenador, código FCPE 101.3, da Coordenação-Geral de Recursos Logísticos da Subsecretaria de Planejamento, Orçamento e Administração deste Ministério, ficando, em consequência, dispensado da função que atualmente ocupa.</p>]]></Texto>
    <Autores>
      <assina>YANA DUMARESQ SOBRAL ALVES</assina>
    </Autores>
  </body>
</article></xml>