﻿<xml><article id="1351877" name="30.01.2018 PRES 1" idOficio="4660390" pubName="DO2" artType="Portaria" pubDate="01/02/2018" artClass="00015:00034:00000:00000:00000:00000:00000:00000:00000:00000:00025:00001" artSection="Ministério da Justiça e Segurança Pública" artCategory="Fundação Nacional do Índio" artSize="8" artNotes="" numberPage="61" pdfPage="http://pesquisa.in.gov.br/imprensa/jsp/visualiza/index.jsp?data=01/02/2018&amp;jornal=529&amp;pagina=61" editionNumber="23">
  <body>
    <Identifica><![CDATA[PORTARIA Nº 40, DE 16 DE JANEIRO DE 2018]]></Identifica>
    <Data><![CDATA[]]></Data>
    <Ementa />
    <Titulo />
    <SubTitulo />
    <Texto><![CDATA[<p> O PRESIDENTE DA FUNDAÇÃO NACIONAL DO ÍNDIO - FUNAI, no uso das atribuições que lhe são conferidas pelo Estatuto, aprovado pelo Decreto nº 9.010, de 23 de março de 2017, resolve:</p><p>Art. 1º Delegar competência ao servidor FRANCISCO MARTINS TEIXEIRA, matrícula nº 1654826, para, na ausência da Coordenadora Regional Substituta do Maranhão-MA e de acordo com Artigo 206 do Regimento Interno, observadas as disposições legais e regulamentares, bem como as orientações do órgão central do Sistema de Pessoal Civil da Administração Pública Federal, praticar os seguintes atos administrativos:</p><p>I - Assinar Memorandos, Ofícios, Notas Técnicas, Termos de Referência, Termos de Abertura de Processo e Despachos;</p><p>II - Instruir Notas de Empenho e autorizar pagamentos; e</p><p>III - Aprovar e encaminhar Ordens de Serviço.</p><p>Art. 2º Esta portaria entra em vigor na data de sua publicação.</p>]]></Texto>
    <Autores>
      <assina>FRANKLIMBERG RIBEIRO DE FREITAS</assina>
    </Autores>
  </body>
</article></xml>