﻿<xml><article id="1349459" name="Port_311_2018-8-20.rtf alterado" idOficio="4660221" pubName="DO2" artType="Portaria" pubDate="01/02/2018" artClass="00011:00134:00001:00001:00000:00000:00000:00000:00000:00000:00025:00001" artSection="Gabinete do Reitor" artCategory="Gabinete do Reitor" artSize="8" artNotes="" numberPage="44" pdfPage="http://pesquisa.in.gov.br/imprensa/jsp/visualiza/index.jsp?data=01/02/2018&amp;jornal=529&amp;pagina=44" editionNumber="23">
  <body>
    <Identifica><![CDATA[PORTARIAS DE 30 DE Janeiro DE 2018]]></Identifica>
    <Data><![CDATA[]]></Data>
    <Ementa />
    <Titulo />
    <SubTitulo />
    <Texto><![CDATA[<p> O REITOR PRO TEMPORE DA UNIVERSIDADE FEDERAL DE SANTA CATARINA, no uso de suas atribuições, resolve:</p><p>Nº 240 - Dispensar, a partir de 01 de Janeiro de 2018, DEISE DE OLIVEIRA RITA, ASSISTENTE EM ADMINISTRAÇÃO, MASIS nº 119029, SIAPE nº 1049099, do exercício das funções de Chefe do Serviço de Expediente - SE/CPGEGC/CTC, código FG4, para o qual foi designada pela Portaria 121/2016/GR, DE 20 DE JANEIRO DE 2016, tendo em vista aposentadoria.(Ref. Sol. 2935/2018)</p><p>Nº 241 - Dispensar, a partir de 08 de Janeiro de 2018, PEDRO PAULO MACHADO, OPERADOR DE MÁQUINA COPIADORA, MASIS nº 43774, SIAPE nº 1156848, do exercício das funções de Chefe do Serviço de Jardinagem - SJ/DA/HU, código FG4, para o qual foi designado pela Portaria 1919/2016/GR, DE18 DE AGOSTO DE 2016, tendo em vista aposentadoria.(Ref. Sol. 3095/2018)</p>]]></Texto>
    <Autores>
      <assina>UBALDO CESAR BALTHAZAR</assina>
    </Autores>
  </body>
</article></xml>