﻿<xml><article id="1349602" name="PTS6A9SOROCABA" idOficio="4660256" pubName="DO2" artType="Portaria" pubDate="01/02/2018" artClass="00022:00029:00239:00025:00050:00000:00000:00000:00000:00000:00025:00001" artSection="Seção Operacional da Gestão de Pessoas" artCategory="Seção Operacional da Gestão de Pessoas" artSize="8" artNotes="" numberPage="90" pdfPage="http://pesquisa.in.gov.br/imprensa/jsp/visualiza/index.jsp?data=01/02/2018&amp;jornal=529&amp;pagina=90" editionNumber="23">
  <body>
    <Identifica><![CDATA[PORTARIAS DE 29 DE JANEIRO DE 2018]]></Identifica>
    <Data><![CDATA[]]></Data>
    <Ementa />
    <Titulo />
    <SubTitulo />
    <Texto><![CDATA[<p> O CHEFE DA SEÇÃO OPERACIONAL DA GESTÃO DE PESSOAS DA GERÊNCIA EXECUTIVA DO INSS EM SOROCABA/SP, no uso das atribuições que lhe foram conferidas na forma do artigo 235, I, "e" do Regimento Interno, aprovado pela PORTARIA/MDS n.º 414 de 28/09/17, publicada no DOU n.º 188-A de 29/09/17, Seção 1, resolve:</p><p>Nº 6 - Conceder aposentadoria voluntária integral ao servidor JOÃO GERALDO DE LIMA CAMARGO,  matrícula  SIAPE 6.934.306, ocupante do cargo de Técnico do Seguro Social, Classe S, Padrão IV, do Quadro de Pessoal do  INSS, com fundamento no artigo 3° da EC n.° 47/05, acrescido das demais vantagens a que faz jus, observado o contido no Processo n.º 35395.028204/2017-50, declarando, em consequência, o referido cargo vago.</p><p>Nº 7 - Conceder aposentadoria voluntária integral ao servidor SEBASTIÃO ALBERTO  LEITE  ALMEIDA,  matrícula  SIAPE 0.941.739, ocupante do cargo de Técnico do Seguro Social, Classe S, Padrão IV, do Quadro de Pessoal do  INSS, com fundamento no artigo 3° da EC n.° 47/05, acrescido das demais vantagens a que faz jus, observado o contido no Processo n.º 35443.001114/2017-07, declarando, em consequência, o referido cargo vago.</p><p>Nº 8 - Conceder aposentadoria voluntária integral a servidora MARLENE POLES URSO,  matrícula  SIAPE  0.942.008, ocupante do cargo de Técnico do Seguro Social, Classe S, Padrão IV, do Quadro de Pessoal do  INSS, com fundamento no artigo 3° da EC n.° 47/05, acrescido das demais vantagens a que faz jus, observado o contido no Processo n.º 35443.000753/2017-47, declarando, em consequência, o referido cargo vago.</p><p>Nº 9 - Conceder aposentadoria voluntária integral a servidora MARIA CRISTINA MARQUES PAMPLONA PAGNOSSA,  matrícula  SIAPE 0.593.800, ocupante do cargo de Técnico do Seguro Social, Classe S, Padrão IV, do Quadro de Pessoal do  INSS, com fundamento no artigo 3° da EC n.° 47/05, acrescido das demais vantagens a que faz jus, observado o contido no Processo n.º 35443.000001/2018-67, declarando, em consequência, o referido cargo vago.</p>]]></Texto>
    <Autores>
      <assina>JOÃO RODRIGUES DA SILVA FILHO</assina>
    </Autores>
  </body>
</article></xml>