﻿<xml><article id="1349156" name="011_DAdj_DAS_Designar" idOficio="4659238" pubName="DO2" artType="Portaria" pubDate="01/02/2018" artClass="00006:00019:01211:00000:00000:00000:00000:00000:00000:00000:00025:00004" artSection="Agência Brasileira de Inteligência" artCategory="Agência Brasileira de Inteligência" artSize="8" artNotes="" numberPage="4" pdfPage="http://pesquisa.in.gov.br/imprensa/jsp/visualiza/index.jsp?data=01/02/2018&amp;jornal=529&amp;pagina=4" editionNumber="23">
  <body>
    <Identifica><![CDATA[PORTARIA Nº 11, DE 17 DE JANEIRO DE 2018]]></Identifica>
    <Data><![CDATA[]]></Data>
    <Ementa />
    <Titulo />
    <SubTitulo />
    <Texto><![CDATA[<p> <strong>O DIRETOR-ADJUNTO DA AGÊNCIA BRASILEIRA DE INTELIGÊNCIA</strong>, no uso de suas atribuições e tendo em vista o disposto no art. 38 da Lei nº 8.112, de 11 de dezembro de 1990, resolve:</p><p>Art. 1º Designar matrícula nº 911319, para o encargo de substituto da Chefe, código DAS 101.2.</p><p>Art. 2° Esta Portaria entra em vigor na data de sua publicação.</p>]]></Texto>
    <Autores>
      <assina>FRANK MÁRCIO DE OLIVEIRA</assina>
    </Autores>
  </body>
</article></xml>