﻿<xml><article id="1349393" name="31-01-18 - DESIGNAR ANA MARIA BR" idOficio="4660172" pubName="DO2" artType="Portaria" pubDate="01/02/2018" artClass="00015:00031:00000:00000:00000:00000:00000:00000:00000:00000:00025:00003" artSection="Ministério da Justiça e Segurança Pública" artCategory="Departamento Penitenciário Nacional" artSize="8" artNotes="" numberPage="58" pdfPage="http://pesquisa.in.gov.br/imprensa/jsp/visualiza/index.jsp?data=01/02/2018&amp;jornal=529&amp;pagina=58" editionNumber="23">
  <body>
    <Identifica><![CDATA[PORTARIA Nº 50, DE 30 DE JANEIRO DE 2018]]></Identifica>
    <Data><![CDATA[]]></Data>
    <Ementa />
    <Titulo />
    <SubTitulo />
    <Texto><![CDATA[<p> O DIRETOR-EXECUTIVO DO DEPARTAMENTO PENITENCIÁRIO NACIONAL, no uso das atribuições delegadas pelo inciso XIX do art. 1º da Portaria DEPEN nº 50, de 3 de fevereiro de 2016, resolve:</p><p>DESIGNAR ANA MARIA BRAGA DE LIMA, Agente Federal de Execução Penal, Matrícula Siape 1552515, para o encargo de substituta da Chefia do Serviço de Relações Institucionais, Código DAS 101.1.</p>]]></Texto>
    <Autores>
      <assina>RENATO FERNANDES LIMA</assina>
    </Autores>
  </body>
</article></xml>