﻿<xml><article id="1353105" name="ATO PORTARIA Nº 20" idOficio="4660601" pubName="DO2" artType="Portaria" pubDate="01/02/2018" artClass="00009:00015:00000:00000:00000:00000:00000:00000:00000:00000:00025:00003" artSection="Ministério da Cultura" artCategory="Instituto do Patrimônio Histórico e Artístico Nacional" artSize="8" artNotes="" numberPage="9" pdfPage="http://pesquisa.in.gov.br/imprensa/jsp/visualiza/index.jsp?data=01/02/2018&amp;jornal=529&amp;pagina=9" editionNumber="23">
  <body>
    <Identifica><![CDATA[PORTARIA Nº 20, DE 22 DE JANEIRO DE 2018]]></Identifica>
    <Data><![CDATA[]]></Data>
    <Ementa />
    <Titulo />
    <SubTitulo />
    <Texto><![CDATA[<p> A PRESIDENTE DO INSTITUTO DO PATRIMÔNIO HISTÓRICO E ARTÍSTICO NACIONAL, no uso das atribuições que lhe confere o art. 21, Inciso V, anexo I, do Decreto nº 6.844, de 07 de maio de 2009 e Portaria n° 300 de 10 de outubro de 2016, publicada no DOU de 11 de outubro de 2016, considerando o disposto na Portaria nº. 92, de 05 de julho de 2012, publicada no DOU de 09 de julho de 2012, e conforme o Processo nº 01496.900214/2017-72, resolve:</p><p>Nomear ANA RAQUEL FERREIRA DE SOUSA CPF n° 044.809.113-59, para o cargo em comissão de Chefe do Escritório Técnico de Icó, código DAS 101.1, da Superintendência do Iphan no estado do Ceará.</p>]]></Texto>
    <Autores>
      <assina>KÁTIA SANTOS BOGÉA</assina>
    </Autores>
  </body>
</article></xml>