﻿<xml><article id="1352201" name="Port 1" idOficio="4660442" pubName="DO2" artType="Portaria" pubDate="01/02/2018" artClass="00009:00015:00038:00000:00000:00000:00000:00000:00000:00000:00025:00001" artSection="Superintendência no Rio de Janeiro" artCategory="Superintendência no Rio de Janeiro" artSize="8" artNotes="" numberPage="10" pdfPage="http://pesquisa.in.gov.br/imprensa/jsp/visualiza/index.jsp?data=01/02/2018&amp;jornal=529&amp;pagina=10" editionNumber="23">
  <body>
    <Identifica><![CDATA[Portaria Nº 18, DE 30 DE janeiro DE 2018]]></Identifica>
    <Data><![CDATA[]]></Data>
    <Ementa />
    <Titulo />
    <SubTitulo />
    <Texto><![CDATA[<p> A SUPERINTENDENTE SUBSTITUTA DO INSTITUTO DO PATRIMÔNIO HISTÓRICO E ARTÍSTICO NACIONAL - IPHAN NO RIO DE JANEIRO, no uso das suas atribuições, que lhe são conferidas com o art. 2°, da Portaria IPHAN n° 673 de 19 de outubro de 2009 e Portaria nº 307 de 01 de julho de 2014; resolve;</p><p>Art. 1º - Revogar a Portaria nº 045/2016, de 23 de novembro de 2016, publicada no Diário Oficial da União nº 228, de 29 de novembro de 2016, Seção 2, pág. 5, que instituiu o Comitê Gestor Interinstitucional do Plano de Salvaguarda do Ofício das Baianas de Acarajé no Estado do Rio de Janeiro.</p><p>Art. 2º - Esta portaria entra em vigor na data de sua publicação.</p>]]></Texto>
    <Autores>
      <assina>MÔNICA DA COSTA</assina>
    </Autores>
  </body>
</article></xml>