﻿<xml><article id="1351343" name="PTS2A7VITORIA" idOficio="4660340" pubName="DO2" artType="Portaria" pubDate="01/02/2018" artClass="00022:00029:00240:00005:00035:00003:00000:00000:00000:00000:00025:00004" artSection="Seção Operacional da Gestão de Pessoas" artCategory="Seção Operacional da Gestão de Pessoas" artSize="8" artNotes="" numberPage="10-91" pdfPage="http://pesquisa.in.gov.br/imprensa/jsp/visualiza/index.jsp?data=01/02/2018&amp;jornal=529&amp;pagina=10,http://pesquisa.in.gov.br/imprensa/jsp/visualiza/index.jsp?data=01/02/2018&amp;jornal=529&amp;pagina=91" editionNumber="23">
  <body>
    <Identifica><![CDATA[PORTARIAS DE 31 DE JANEIRO DE 2018]]></Identifica>
    <Data><![CDATA[]]></Data>
    <Ementa />
    <Titulo />
    <SubTitulo />
    <Texto><![CDATA[<p> O CHEFE DA SEÇÃO OPERACIONAL DE GESTÃO DE PESSOAS DA GERENCIA-EXECUTIVA DO INSTITUTO NACIONAL DO SEGURO SOCIAL (INSS) EM VITORIA/ES, no uso das atribuições conferidas pelo Art. 235, Inciso "I", alínea "b", do Regimento Interno do INSS, aprovado pela Portaria MDS/GM nº 414, de 28/09/2017, publicada no DOU Edição Extra nº 188-A, de 29/09/2017, e por competência delegada pela PT/INSS/GEXVIT nº 62, de 17/06/2015, BSL nº 113, de 17/06/2015, Resolve: </p><p>Nº 2 - Conceder Aposentadoria ao servidor Claiton Vigna, matricula Siape nº 0887300, ocupante do cargo de Perito Médico Previdenciário, código 811.001, nível "NS", classe "S", padrão I, do quadro de Pessoal do Instituto Nacional do Seguro Social, com fundamento no artigo 3º da Emenda Constitucional nº 47/2005, com proventos integrais, acrescido das demais vantagens a que faz jus. Processo nº 35059.000373/2017-46</p><p>Nº 3 - Conceder Aposentadoria a servidora Dalva Maria Machado de Souza Belisário da Silva, matricula Siape nº 0647023, ocupante do cargo de Técnico do Seguro Social, código 434.550, nível "NI", classe "S", padrão IV, do quadro de Pessoal do Instituto Nacional do Seguro Social, com fundamento no artigo 3º da Emenda Constitucional nº 47/2005, com proventos integrais, acrescido das demais vantagens a que faz jus. Processo nº 35059.000569/2017-31</p><p>Nº 4 - Conceder Aposentadoria a servidora Denise de Assis Correa, matricula Siape nº 0922076, ocupante do cargo de Técnico do Seguro Social, código 434.550, nível "NI", classe "S", padrão IV, do quadro de Pessoal do Instituto Nacional do Seguro Social, com fundamento no artigo 3º da Emenda Constitucional nº 47/2005, com proventos integrais, acrescido das demais vantagens a que faz jus. Processo nº 35059.000536/2017-91</p><p>Nº 6 - Conceder Aposentadoria a servidora Nelia Viana Rodrigues, matricula Siape nº 0887629, ocupante do cargo de Técnico do Seguro Social, código 434.550, nível "NI", classe "S", padrão IV, do quadro de Pessoal do Instituto Nacional do Seguro Social, com fundamento no artigo 3º da Emenda Constitucional nº 47/2005, com proventos integrais, acrescido das demais vantagens a que faz jus. Processo nº 36373.001689/2017-55</p><p>Nº 7 - Conceder Aposentadoria ao servidor Paulo Roberto Penna, matricula Siape nº 0886895, ocupante do cargo de Agente de Vigilância, código 434.093, nível "NI", classe "S", padrão IV, do quadro de Pessoal do Instituto Nacional do Seguro Social, com fundamento no artigo 3º da Emenda Constitucional nº 47/2005, com proventos integrais, acrescido das demais vantagens a que faz jus. Processo nº 35059.000599/2017-47</p><p>Nº 8 - Conceder Aposentadoria a servidora Rosana Santos Metzker, matricula Siape nº 0545635, ocupante do cargo de Agente de Serviços Diversos, código 434.552, nível "NI", classe "S", padrão IV, do quadro de Pessoal do Instituto Nacional do Seguro Social, com fundamento no artigo 3º da Emenda Constitucional nº 47/2005, com proventos integrais, acrescido das demais vantagens a que faz jus. Processo nº 35059.000578/2017-21</p><p>Nº 9 - Conceder Aposentadoria ao servidor Marcos Antonio Evangelista, matricula Siape nº 0947442, ocupante do cargo de Datilografo, código 434.078, nível "NI", classe "S", padrão IV, do quadro de Pessoal do Instituto Nacional do Seguro Social, com fundamento no artigo 3º da Emenda Constitucional nº 47/2005, com proventos integrais, acrescido das demais vantagens a que faz jus. Processo nº 35059.000584/2017-89</p><p>Nº 10 - Conceder Aposentadoria ao servidor José Elias Fernandes Poncio, matricula Siape nº 0886810, ocupante do cargo de Motorista Oficial, código 434.061, nível "NI", classe "S", padrão IV, do quadro de Pessoal do Instituto Nacional do Seguro Social, com fundamento no artigo 3º da Emenda Constitucional nº 47/2005, com proventos integrais, acrescido das demais vantagens a que faz jus. Processo nº 35059.000502/2017-04</p><p>Nº 11 - Conceder Aposentadoria por Invalidez ao servidor Antonio José Loureiro, matricula Siape nº 0886903, ocupante do cargo de Agente de Vigilância, código 434.093, nível "NI", classe "S", padrão IV, do quadro de Pessoal do Instituto Nacional do Seguro Social, com fundamento no artigo 40, § 1º, inciso I da Constituição Federal, Redação dada pela Emenda Constitucional nº 41/03, combinada com o Art. 6-A da EC 41/03, incluído pela EC 70/2012, com proventos integrais, acrescido das demais vantagens a que faz jus. Processo nº 35059.000604/2017-11</p><p>Nº 15 - Conceder Aposentadoria a servidora Cristina Souza Pereira, matricula Siape nº 0751953, ocupante do cargo de Técnico do Seguro Social, código 434.550, nível "NI", classe "S", padrão IV, do quadro de Pessoal do Instituto Nacional do Seguro Social, com fundamento no artigo 3º da Emenda Constitucional nº 47/2005, com proventos integrais, acrescido das demais vantagens a que faz jus. Processo nº 36651.001650/2017-10</p><p>Nº 16 - Conceder Aposentadoria a servidora Liliana Tavares Caversan, matricula Siape nº 0886962, ocupante do cargo de Agente de Serviços Diversos, código 434.552, nível "NI", classe "S", padrão IV, do quadro de Pessoal do Instituto Nacional do Seguro Social, com fundamento no artigo 3º da Emenda Constitucional nº 47/2005, com proventos integrais, acrescido das demais vantagens a que faz jus. Processo nº 35059.000626/2017-81</p><p>Nº 17 - Conceder Aposentadoria a servidora Linda Cristian Lomar Veronez, matricula Siape nº 0751956, ocupante do cargo de Técnico Educação, código 434.043, nível "NS", classe "S", padrão IV, do quadro de Pessoal do Instituto Nacional do Seguro Social, com fundamento no artigo 3º da Emenda Constitucional nº 47/2005, com proventos integrais, acrescido das demais vantagens a que faz jus. Processo nº 35059.000582/2017-90.</p>]]></Texto>
    <Autores>
      <assina>TELMA ELITA SIQUEIRA COUTINHO</assina>
    </Autores>
  </body>
</article></xml>