﻿<xml><article id="1443868" name="PORTARIA 003-2018" idOficio="4660339" pubName="DO2" artType="Portaria" pubDate="07/02/2018" artClass="00038:00312:00000:00000:00000:00000:00000:00000:00000:00000:00025:00001" artSection="Entidades de Fiscalização do Exercício das Profissões Liberais" artCategory="Conselho Regional de Medicina do Estado de Alagoas" artSize="8" artNotes="" numberPage="66" pdfPage="http://pesquisa.in.gov.br/imprensa/jsp/visualiza/index.jsp?data=07/02/2018&amp;jornal=529&amp;pagina=66" editionNumber="27" highlight="">
  <body>
    <Identifica><![CDATA[PORTARIA Nº 3, de 2 de janeiro de 2018]]></Identifica>
    <Data><![CDATA[]]></Data>
    <Ementa />
    <Titulo />
    <SubTitulo />
    <Texto><![CDATA[<p> O Presidente do Conselho Regional de Medicina do Estado de Alagoas, no uso de suas atribuições legais que lhes confere a Lei nº 3.268 de 30 de setembro de 1957, regulamentada pelo Decreto nº 44.045 de 19 de julho de 1958, alterada pela Lei nº 11.000, de 15 de dezembro de 2004, Decreto 6821/2009 de 14 de abril de 2009, e o Regimento Interno deste Regional, resolve:</p><p>Art. 1º. Nomear a Comissão de Patrimônio, a qual será responsável por controlar todos os bens patrimoniais desta Autarquia, incluindo nessa atividade o cadastramento de novos bens, tombamentos, baixas/doações, plaquetamento e termos de responsabilidades; </p><p>Art. 2º. Ficam designados os seguintes membros para compor a Comissão de Patrimônio e, suas respectivas funções, quais sejam:</p><p>Consº José Gonçalo da Silva Filho - Presidente</p><p>Marcia Virginia Gomes Vasconcelos - Secretária</p><p>Melquesedec Candido de Oliveira - Membro</p><p>Maria Vitoria Farias Medeiros - Membro</p><p>Josivan dos Santos Almeida - Membro</p><p>Art. 3º - Revogadas as disposições em contrário;</p>]]></Texto>
    <Autores>
      <assina>Fernando de Araújo Pedrosa</assina>
    </Autores>
  </body>
</article></xml>