﻿<xml><article id="1352526" name="PORTARIA26" idOficio="4660499" pubName="DO2" artType="Portaria" pubDate="01/02/2018" artClass="00017:00002:00028:00005:00000:00000:00000:00000:00000:00000:00025:00001" artSection="Serviço de Gestão Administrativa" artCategory="Serviço de Gestão Administrativa" artSize="8" artNotes="" numberPage="67" pdfPage="http://pesquisa.in.gov.br/imprensa/jsp/visualiza/index.jsp?data=01/02/2018&amp;jornal=529&amp;pagina=67" editionNumber="23">
  <body>
    <Identifica><![CDATA[PORTARIA nº 26, de 31 de janeiro de 2018]]></Identifica>
    <Data><![CDATA[]]></Data>
    <Ementa />
    <Titulo />
    <SubTitulo />
    <Texto><![CDATA[<p> O Chefe do Serviço de Gestão Administrativa do Núcleo Estadual do Ministério da Saúde no Piauí, no uso das atribuições que lhe foram conferidas, na forma da Portaria n.º 429, de 10/02/2017, publicada no DOU nº 31, Seção 2, de 13/02/2017, RESOLVE:</p><p>Conceder aposentadoria voluntária integral a (o) servidor (a) ANA MARIA SIQUEIRA MARTINS DOS SANTOS, matrícula SIAPE nº 1035742, ocupante do cargo de Visitador Sanitário, Classe S, Padrão III, do Quadro de Pessoal deste Ministério, com fundamento no art. 3º da Emenda Constitucional nº 47/2005.</p><p>Este ato entra em vigor na data de publicação de seu extrato no Diário Oficial da União.</p>]]></Texto>
    <Autores>
      <assina>NIELTHON DIOGO MACHADO COELHO MODESTO</assina>
    </Autores>
  </body>
</article></xml>