﻿<xml><article id="1351718" name="PTS5A19SALVADOR" idOficio="4660380" pubName="DO2" artType="Portaria" pubDate="01/02/2018" artClass="00022:00029:00237:00010:00051:00001:00000:00000:00000:00000:00025:00005" artSection="Seção Operacional da Gestão de Pessoas" artCategory="Seção Operacional da Gestão de Pessoas" artSize="8" artNotes="" numberPage="3-84" pdfPage="http://pesquisa.in.gov.br/imprensa/jsp/visualiza/index.jsp?data=01/02/2018&amp;jornal=529&amp;pagina=3,http://pesquisa.in.gov.br/imprensa/jsp/visualiza/index.jsp?data=01/02/2018&amp;jornal=529&amp;pagina=84" editionNumber="23">
  <body>
    <Identifica><![CDATA[PORTARIAS DE 31 DE JANEIRO DE 2018]]></Identifica>
    <Data><![CDATA[]]></Data>
    <Ementa />
    <Titulo />
    <SubTitulo />
    <Texto><![CDATA[<p> A CHEFE DA SEÇÃO OPERACIONAL DA GESTÃO DE PESSOAS DA GERÊNCIA EXECUTIVA DO INSS EM SALVADOR-BA, no uso das atribuições conferidas no artigo 235, Inciso I, alínea "b" do Regimento Interno do INSS, aprovado pela Portaria/MDS nº 414 de 28/09/2017, publicada no DOU - extra nº 414 de 29/09/2017, resolve:</p><p>Nº 5-  Conceder Aposentadoria Voluntária ao servidor ADALBERTO CAIRES MEIRA matrícula SIAPE nº 0882823, ocupante do cargo de Técnico do Seguro Social, Classe "S", Padrão "IV", do quadro de pessoal do Instituto Nacional do Seguro Social - INSS, com fundamento no Artigo 3º da Emenda Constitucional nº 47/2005, com proventos mensais integrais com base na remuneração do cargo e demais vantagens a que faz jus na forma da lei, observando o contido no Processo nº 35013.003520/2017-66.</p><p>No- 6  Conceder Aposentadoria Voluntária à servidora ANA CRISTINA BUARQUE DA SILVA SOUZA matrícula SIAPE nº 0883452, ocupante do cargo de Técnico do Seguro Social, Classe "S", Padrão "IV", do quadro de pessoal do Instituto Nacional do Seguro Social - INSS, com fundamento no Artigo 3º da Emenda Constitucional nº 47/2005, com proventos mensais integrais com base na remuneração do cargo e demais vantagens a que faz jus na forma da lei, observando o contido no Processo nº 35013.003256/2017-61.</p><p>No 7-  Conceder Aposentadoria Voluntária à servidora ANTONIO GENÉSIO DOS SANTOS matrícula SIAPE nº 0881983, ocupante do cargo de Agente de Vigilância, Classe "S", Padrão "IV", do quadro de pessoal do Instituto Nacional do Seguro Social - INSS, com fundamento no Artigo 3º da Emenda Constitucional nº 47/2005, com proventos mensais integrais com base na remuneração do cargo e demais vantagens a que faz jus na forma da lei, observando o contido no Processo nº 35013.003307/2017-54.</p><p>No 08-  Conceder Aposentadoria Voluntária à servidora CLAUDIA COSTA DOS SANTOS matrícula SIAPE nº 6881585, ocupante do cargo de Técnico do Seguro Social, Classe "S", Padrão "IV", do quadro de pessoal do Instituto Nacional do Seguro Social - INSS, com fundamento no Artigo 3º da Emenda Constitucional nº 47/2005, com proventos mensais integrais com base na remuneração do cargo e demais vantagens a que faz jus na forma da lei, observando o contido no Processo nº 35013.003372/2017-80.</p><p>No  09-  Conceder Aposentadoria Voluntária à servidora DINACY BARRETO DELLA CELLA matrícula SIAPE nº 0883450, ocupante do cargo de Técnico do Seguro Social, Classe "S", Padrão "IV", do quadro de pessoal do Instituto Nacional do Seguro Social - INSS, com fundamento no artigo 40, § 1º, inciso III, alínea "a" da Constituição Federal de 1988, com redação dada pela Emenda Constitucional nº 41/2003 com proventos mensais integrais, calculados pela média das contribuições ao Plano de Seguridade Social, conforme artigo 1º da Lei 10.887/2004, observando o contido no Processo nº 35013.003371/2017-35.</p><p> Nº 10-  Conceder Aposentadoria Voluntária ao servidor ISRAEL CAVALCANTE  CARNEIRO matrícula SIAPE nº 0922120, ocupante do cargo de Técnico do Seguro Social, Classe "S", Padrão "IV", do quadro de pessoal do Instituto Nacional do Seguro Social - INSS, com fundamento no Artigo 3º da Emenda Constitucional nº 47/2005, com proventos mensais integrais com base na remuneração do cargo e demais vantagens a que faz jus na forma da lei, observando o contido no Processo nº 36192.016402/2017-10.</p><p>No  11-  Conceder Aposentadoria Voluntária à servidora JOSEFA CARDOSO FREITAS matrícula SIAPE nº 0881980, ocupante do cargo de Agente de Serviços Diversos, Classe "S", Padrão "IV", do quadro de pessoal do Instituto Nacional do Seguro Social - INSS, com fundamento no Artigo 3º da Emenda Constitucional nº 47/2005, com proventos mensais integrais com base na remuneração do cargo e demais vantagens a que faz jus na forma da lei, observando o contido no Processo nº 35013.000071/2018-85.</p><p> Nº 12 - Conceder Aposentadoria Voluntária à servidora JOSENITA DE CASTRO  SOUZA matrícula SIAPE nº 0882804, ocupante do cargo de Técnico do Seguro Social, Classe "S", Padrão "IV", do quadro de pessoal do Instituto Nacional do Seguro Social - INSS, com fundamento no Artigo 3º da Emenda Constitucional nº 47/2005, com proventos mensais integrais com base na remuneração do cargo e demais vantagens a que faz jus na forma da lei, observando o contido no Processo nº 36506.028900/2017-24.</p><p>No  13 - Conceder Aposentadoria Voluntária à servidora MARIA ANA DE JESUS XAVIER matrícula SIAPE nº 0883498, ocupante do cargo de Técnico do Seguro Social, Classe "S", Padrão "IV", do quadro de pessoal do Instituto Nacional do Seguro Social - INSS, com fundamento no Artigo 3º da Emenda Constitucional nº 47/2005, com proventos mensais integrais com base na remuneração do cargo e demais vantagens a que faz jus na forma da lei, observando o contido no Processo nº 35013.003480/2017-52.</p><p>No   14 -  Conceder Aposentadoria Voluntária à servidora MARIA DO CARMO PAIXAO DE SOUZA, matrícula SIAPE nº 0882920, ocupante do cargo de Técnico do Seguro Social, Classe "S", Padrão "IV", do quadro de pessoal do Instituto Nacional do Seguro Social - INSS, com fundamento no Artigo 3º da Emenda Constitucional nº 47/2005, com proventos mensais integrais com base na remuneração do cargo e demais vantagens a que faz jus na forma da lei, observando o contido no Processo nº 35013.003247/2017-70.</p><p>No  15 - Conceder Aposentadoria Voluntária à servidora MARIDETE ARAÚJO DA SILVA matrícula SIAPE nº 0883591, ocupante do cargo de Datilógrafo, Classe "S", Padrão "IV", do quadro de pessoal do Instituto Nacional do Seguro Social - INSS, com fundamento no Artigo 3º da Emenda Constitucional nº 47/2005, com proventos mensais integrais com base na remuneração do cargo e demais vantagens a que faz jus na forma da lei, observando o contido no Processo nº 35013.003252/2017-82.</p><p>No 16 - Conceder Aposentadoria Voluntária à servidora MARINALVA ANTUNES DE OLIVEIRA, matrícula SIAPE nº 0882714, ocupante do cargo de Técnico do Seguro Social, Classe "S", Padrão "VI", do quadro de pessoal do Instituto Nacional do Seguro Social - INSS, com fundamento no Artigo 3º da Emenda Constitucional nº 47/2005, com proventos mensais integrais com base na remuneração do cargo e demais vantagens a que faz jus na forma da lei, observando o contido no Processo nº 36506.028901/2017-79.</p><p> Nº 17 - Conceder Aposentadoria Voluntária à servidora RAIMUNDA CARVALHO CERQUEIRA matrícula SIAPE nº 0882648, ocupante do cargo de Administrador, Classe "S", Padrão "IV", do quadro de pessoal do Instituto Nacional do Seguro Social - INSS, com fundamento no Artigo 3º da Emenda Constitucional nº 47/2005, com proventos mensais integrais com base na remuneração do cargo e demais vantagens a que faz jus na forma da lei, observando o contido no Processo nº 35013.003251/2017-38.</p><p>No   18 -  Conceder Aposentadoria Voluntária à servidora RITA DE CASSIA CARVALHO DE ASSIS matrícula SIAPE nº 0883019, ocupante do cargo de Agente de Serviços Diversos, Classe "S", Padrão "IV", do quadro de pessoal do Instituto Nacional do Seguro Social - INSS, com fundamento no Artigo 3º da Emenda Constitucional nº 47/2005, com proventos mensais integrais com base na remuneração do cargo e demais vantagens a que faz jus na forma da lei, observando o contido no Processo nº 36506.028899/2017-38.</p><p>No  19 -  Conceder Aposentadoria Voluntária à servidora SOLANGE DANTAS DA SILVA matrícula SIAPE nº 0646372, ocupante do cargo de Técnico do Seguro Social, Classe "S", Padrão "IV", do quadro de pessoal do Instituto Nacional do Seguro Social - INSS, com fundamento no Artigo 3º da Emenda Constitucional nº 47/2005, com proventos mensais integrais com base na remuneração do cargo e demais vantagens a que faz jus na forma da lei, observando o contido no Processo nº 35013.003324/2017-91.</p>]]></Texto>
    <Autores>
      <assina>FLÁVIA MACIEL DANTAS</assina>
      <cargo>Chefe da Seção Operacional da Gestão de Pessoas</cargo>
    </Autores>
  </body>
</article></xml>