﻿<xml><article id="1352949" name="Despacho de Afastamento Paulo Ne" idOficio="4660564" pubName="DO2" artType="Despacho" pubDate="01/02/2018" artClass="00028:00008:00009:00000:00000:00000:00000:00000:00000:00000:00019:00004" artSection="Presidência" artCategory="Presidência" artSize="8" artNotes="" numberPage="109" pdfPage="http://pesquisa.in.gov.br/imprensa/jsp/visualiza/index.jsp?data=01/02/2018&amp;jornal=529&amp;pagina=109" editionNumber="23">
  <body>
    <Identifica><![CDATA[DESPACHO DE 31 de janeiro de 2018]]></Identifica>
    <Data><![CDATA[]]></Data>
    <Ementa />
    <Titulo />
    <SubTitulo />
    <Texto><![CDATA[<p> O Presidente da EMBRATUR - INSTITUTO BRASILEIRO DE TURISMO, no uso das atribuições que lhe foram conferidas pela Portaria do Ministério do Turismo n° 128, de 21 de março de 2012, no Decreto nº 1.387, de 7 de fevereiro de 1995, e suas alterações, autoriza o afastamento do país do servidor PAULO ROBERTO NEVES SANTOS, Chefe da Divisão de Promoção e Eventos, DAS 101.2, da Coordenação-Geral de Promoção e Eventos da Diretoria de Inteligência Competitiva e Promoção Turística, para participar da feira  Vitrína Turística - ANATO 2018, em Bogotá/Colômbia, e da feira BTL 2018, em Lisboa/Portugal, com ônus, incluindo trânsito, no período de 17 de fevereiro a 06 de março de 2018.</p>]]></Texto>
    <Autores>
      <assina>VINICIUS LUMMERTZ</assina>
    </Autores>
  </body>
</article></xml>