﻿<xml><article id="1349318" name="Aposentadorias__081509" idOficio="4660139" pubName="DO2" artType="Portaria" pubDate="01/02/2018" artClass="00007:00003:00062:00000:00000:00000:00000:00000:00000:00000:00025:00001" artSection="Superintendência Federal no Estado de Mato Grosso" artCategory="Superintendência Federal no Estado de Mato Grosso" artSize="8" artNotes="" numberPage="5" pdfPage="http://pesquisa.in.gov.br/imprensa/jsp/visualiza/index.jsp?data=01/02/2018&amp;jornal=529&amp;pagina=5" editionNumber="23">
  <body>
    <Identifica><![CDATA[Portaria Nº 298, DE 30 DE janeiro DE 2018]]></Identifica>
    <Data><![CDATA[]]></Data>
    <Ementa />
    <Titulo />
    <SubTitulo />
    <Texto><![CDATA[<p>  O SUPERINTENDENTE FEDERAL DE AGRICULTURA, PECUÁRIA E ABASTECIMENTO NO ESTADO DE MATO GROSSO, no uso das atribuições que lhe confere o artigo 44, item XVIII do Regimento Interno das Superintendências Federais de Agricultura, Pecuária e Abastecimento, aprovado pela Portaria Ministerial nº 428, de 09 de junho de 2010, publicada no Diário Oficial de 14 de junho de 2010, resolve:</p><p>Conceder aposentadoria, com proventos integrais, a servidora VANDA DOMINGAS LEITE BARBOSA, ocupante do cargo de Agente Administrativo, Classe S, Padrão III do Quadro de Pessoal deste Ministério, com fundamento no Art. 6º, da Emenda Constitucional nº 41/2003 c/c Art.2º da Emenda Constitucional nº 47/2005 (Processo MA-21024.000766/2018-23).</p><p> O SUPERINTENDENTE FEDERAL DE AGRICULTURA, PECUÁRIA E ABASTECIMENTO NO ESTADO DE MATO GROSSO, no uso das atribuições que lhe confere o artigo 44, item XVIII do Regimento Interno das Superintendências Federais de Agricultura, Pecuária e Abastecimento, aprovado pela Portaria Ministerial nº 428, de 09 de junho de 2010, publicada no Diário Oficial de 14 de junho de 2010, resolve:</p><p>Conceder aposentadoria, com proventos integrais, a servidora ELIANE PADILHA DA SILVA FIGUEIREDO, ocupante do cargo de AGENTE  DE PORTARIA, Classe S, Padrão III do Quadro de Pessoal deste Ministério, com fundamento no Art. 6º, da Emenda Constitucional nº 41/2003 c/c Art.2º da Emenda Constitucional nº 47/2005 (Processo MA-21024.000767/2018-78).</p><p> O SUPERINTENDENTE FEDERAL DE AGRICULTURA, PECUÁRIA E ABASTECIMENTO NO ESTADO DE MATO GROSSO, no uso das atribuições que lhe confere o artigo 44, item XVIII do Regimento Interno das Superintendências Federais de Agricultura, Pecuária e Abastecimento, aprovado pela Portaria Ministerial nº 428, de 09 de junho de 2010, publicada no Diário Oficial de 14 de junho de 2010, resolve:</p><p>Conceder aposentadoria, com proventos integrais, ao servidor MANOEL CONCEIÇÃO DE ARRUDA, ocupante do cargo de AGENTE ADMINISTRATIVO, Classe S, Padrão III do Quadro de Pessoal deste Ministério, com fundamento no Art. 6º, da Emenda Constitucional nº 41/2003 c/c Art.2º da Emenda Constitucional nº 47/2005 (Processo MA-21024.000797/2018-84).</p>]]></Texto>
    <Autores>
      <assina>JOSÉ DE ASSIS GUARESQUI</assina>
      <assina>JOSÉ DE ASSIS GUARESQUI</assina>
      <assina>JOSÉ DE ASSIS GUARESQUI</assina>
    </Autores>
  </body>
</article></xml>