﻿<xml><article id="1349759" name="Nº 5 - Alaide" idOficio="4660262" pubName="DO2" artType="Portaria" pubDate="01/02/2018" artClass="00031:00002:00658:04233:00000:00000:00000:00000:00000:00000:00025:00001" artSection="Coordenação-Geral de Gestão de Pessoas" artCategory="Coordenação-Geral de Gestão de Pessoas" artSize="8" artNotes="" numberPage="110" pdfPage="http://pesquisa.in.gov.br/imprensa/jsp/visualiza/index.jsp?data=01/02/2018&amp;jornal=529&amp;pagina=110" editionNumber="23">
  <body>
    <Identifica><![CDATA[Portaria Nº 5, DE 2 DE janeiro DE 2018]]></Identifica>
    <Data><![CDATA[]]></Data>
    <Ementa />
    <Titulo />
    <SubTitulo />
    <Texto><![CDATA[<p> A COORDENADORA-GERAL DE GESTÃO DE PESSOAS DO MINISTÉRIO DOS TRANSPORTES, PORTOS E AVIAÇÃO CIVIL - SUBSTITUTA, no uso das atribuições que lhe foram subdelegadas pela Portaria/SAAD nº. 202, art. 1°, inciso VII, de 08 de outubro de 2010, publicada no Diário Oficial da União, de 11 de outubro de 2010, resolve:</p><p>Conceder Pensão Vitalícia, nos termos dos artigos 215 e 217, inciso I, alínea "c", da Lei nº. 8112/1990, a  MARIA ALAIDE BEZERRA RODRIGUES, companheira do ex-servidor  ZACARIAS PEREIRA DE SOUSA, matrícula SIAPE nº. 0789100, do Quadro permanente deste Ministério, falecido na inatividade em 22 de março de 1996, cuja cota parte equivale a 100% (cem por cento) do valor correspondente à remuneração decorrente do cargo de Artífice de Carpintaria e Marcenaria (NI) Classe "B", Padrão II, com vigência a partir de 20 de maio de 1996 e efeitos financeiros a partir 22 de março de 1996, data do falecimento do ex-servidor. (Processo nº. 50000.005023/1996-50) CE.</p>]]></Texto>
    <Autores>
      <assina>LUCIA MARIA DE OLIVEIRA</assina>
    </Autores>
  </body>
</article></xml>