﻿<xml><article id="1348751" name="3454.17 proad- Ato 10.2018 MOACI" idOficio="4658613" pubName="DO2" artType="Ato" pubDate="01/02/2018" artClass="00037:00046:00000:00000:00000:00000:00000:00000:00000:00000:00001:00001" artSection="Poder Judiciário" artCategory="Tribunal Regional do Trabalho da 7ª Região" artSize="8" artNotes="" numberPage="122" pdfPage="http://pesquisa.in.gov.br/imprensa/jsp/visualiza/index.jsp?data=01/02/2018&amp;jornal=529&amp;pagina=122" editionNumber="23">
  <body>
    <Identifica><![CDATA[ATO Nº 10, de 25 de janeiro de 2018]]></Identifica>
    <Data><![CDATA[]]></Data>
    <Ementa />
    <Titulo />
    <SubTitulo />
    <Texto><![CDATA[<p> </p><p>A PRESIDENTE DO TRIBUNAL REGIONAL DO TRABALHO DA 7ª REGIÃO, no uso de suas atribuições legais e regimentais, com fulcro no artigo 37 da Lei nº 8.112/90, artigo 20 da Lei nº 11.416/2006, e na forma regulamentada pela Resolução nº 146/2012, do Conselho Nacional de Justiça - CNJ e dando cumprimento ao contido na Resolução Administrativa TRT7ª nº 435/2017, de 12 de dezembro de 2017 (Processo TRT Nº 849/2017 e PROAD 3454/2017), resolve:</p><p>I - redistribuir o cargo efetivo de Técnico Judiciário, Área Administrativa, pertencente ao Quadro Permanente de Pessoal deste Regional, ocupado pelo servidor MOACIR JOSÉ DE SOUSA, enquadrado na Classe "C", Padrão 12, para o Quadro de Pessoal do Tribunal Regional do Trabalho da 13ª Região, mediante quadrangulação com o cargo de idêntica denominação, pertencente ao Quadro Permanente do Tribunal Regional do Trabalho da 13ª Região, ocupado pela servidora ALICE GAMA BOTELHO para o Tribunal Regional Federal da 5ª Região, com o cargo de idêntica denominação, pertencente ao Quadro Permanente do Tribunal Regional Federal da 5ª Região, ocupado pelo servidor HUGO VENTURA DE LIMA OLIVEIRA para o Tribunal Regional do Trabalho da 5ª Região e o cargo de idêntica denominação do Tribunal Regional do Trabalho da 5ª Região, ocupado pelo servidor GEORGE BRINGEL MOTA para este Regional.</p><p>II- lotar GEORGE BRINGEL MOTA na 2ª Vara do Trabalho da Região do Cariri, concedendo-lhe 10 (dez) dias de trânsito.</p><p> </p><p> </p>]]></Texto>
    <Autores>
      <assina>MARIA JOSÉ GIRÃO</assina>
    </Autores>
  </body>
</article></xml>