﻿<xml><article id="1352478" name="PT14SGPADM" idOficio="4660496" pubName="DO2" artType="Portaria" pubDate="01/02/2018" artClass="00022:00029:00233:00003:00066:00000:00000:00000:00000:00000:00025:00006" artSection="Serviço de Gestão de Pessoas da Administração Central" artCategory="Serviço de Gestão de Pessoas da Administração Central" artSize="8" artNotes="" numberPage="83" pdfPage="http://pesquisa.in.gov.br/imprensa/jsp/visualiza/index.jsp?data=01/02/2018&amp;jornal=529&amp;pagina=83" editionNumber="23">
  <body>
    <Identifica><![CDATA[PORTARIA nº 14, DE 31 DE JANEIRO DE 2018]]></Identifica>
    <Data><![CDATA[]]></Data>
    <Ementa />
    <Titulo />
    <SubTitulo />
    <Texto><![CDATA[<p> A CHEFE DO SERVIÇO DE GESTÃO DE PESSOAS DA ADMINISTRAÇÃO CENTRAL DO INSTITUTO NACIONAL DO SEGURO SOCIAL, no uso das atribuições conferidas pelo artigo 119 do Regimento Interno do INSS, aprovado pela Portaria MDS nº 414, de 28.09.2017, publicada no DOU nº 188-A, de 24.07.2017, Seção I, resolve:</p><p>Conceder aposentadoria voluntária por tempo de contribuição a servidora MARIA IVANI DE ARAÚJO, matrícula 0.878.092, ocupante do cargo de Contador, Classe "S", Padrão IV, do Quadro de Pessoal deste Instituto, com fundamento no artigo 3º da Emenda Constitucional nº 47/2005, com proventos integrais, com base na remuneração do cargo e demais vantagens previstas na legislação vigente. (Processo nº 35000.000056/2018-86), em consequência, declarar vago o referido cargo.</p>]]></Texto>
    <Autores>
      <assina>ANA PAULA PROCACI ERVILHA</assina>
    </Autores>
  </body>
</article></xml>