﻿<xml><article id="1352517" name="AFA SEC_8537_Cruz Filho_P3" idOficio="4660498" pubName="DO2" artType="Despacho" pubDate="01/02/2018" artClass="00012:00007:00006:00000:00000:00000:00000:00000:00000:00000:00019:00002" artSection="Diretoria de Logística" artCategory="Diretoria de Logística" artSize="8" artNotes="" numberPage="53" pdfPage="http://pesquisa.in.gov.br/imprensa/jsp/visualiza/index.jsp?data=01/02/2018&amp;jornal=529&amp;pagina=53" editionNumber="23">
  <body>
    <Identifica><![CDATA[DESPACHO de 31 de janeiro de 2018]]></Identifica>
    <Data><![CDATA[]]></Data>
    <Ementa />
    <Titulo />
    <SubTitulo />
    <Texto><![CDATA[<p> O PRESIDENTE DO BANCO DO BRASIL, no uso da competência prevista no art. 2º do Decreto nº 1.387, de 07 de fevereiro de 1995, que lhe foi delegada no art. 12 da Portaria MF nº 160, de 06 de maio de 2016, autoriza o afastamento do País de JOAQUIM ALFREDO DA CRUZ FILHO, Presidente da BBTur, no período de 05 a 09 de março de 2018, inclusive trânsito, com ônus, na forma do disposto no inciso IV do art. 1º do citado Decreto, a fim de participar do evento Innovation &amp; Technology Advisory Board, em Miami, Estados Unidos da América.</p>]]></Texto>
    <Autores>
      <assina>PAULO ROGÉRIO CAFFARELLI</assina>
    </Autores>
  </body>
</article></xml>