﻿<xml><article id="1368834" name="PT APOSENTADORIA ANTONIO RAIMUND" idOficio="4660587" pubName="DO2" artType="Portaria" pubDate="02/02/2018" artClass="00017:00002:00026:00026:00000:00000:00000:00000:00000:00000:00025:00001" artSection="Serviço de Gestão Administrativa" artCategory="Serviço de Gestão Administrativa" artSize="8" artNotes="" numberPage="45" pdfPage="http://pesquisa.in.gov.br/imprensa/jsp/visualiza/index.jsp?data=02/02/2018&amp;jornal=529&amp;pagina=45" editionNumber="24" highlight="">
  <body>
    <Identifica><![CDATA[PORTARIA Nº 39, DE 30 DE JANEIRO DE 2018]]></Identifica>
    <Data><![CDATA[]]></Data>
    <Ementa />
    <Titulo />
    <SubTitulo />
    <Texto><![CDATA[<p> A CHEFE DO SERVIÇO DE GESTÃO ADMINISTRATIVA DO NÚCLEO ESTADUAL DO MINISTÉRIO DA SAÚDE DO PARANÁ, no uso de suas atribuições que lhe são conferidas pela Portaria, SE/SAA/MS nº 1.804, de 01/10/2013, publicada no DOU nº 192 de 03/10/2013, Seção 1 e Portaria GM/MS nº 2.225 de 01/10/2013, publicada no DOU 191 de 02/10/2013, Seção 2, e em conformidade com o Decreto nº. 8.901, de 10/11/2016, publicado no DOU 217, Seção 1, de 11/11/2016 e Portaria nº 1.419, de 08/06/2017, publicada no DOU nº 110, Seção 1, de 09/06/2017, resolve:</p><p>Conceder Aposentadoria Voluntária ao Tempo de Contribuição ao servidor ANTONIO RAIMUNDO DE SOUZA matrícula 568813, ocupante do cargo de Auxiliar Operacional Serviços Diversos, Nível Intermediário, Classe S, Padrão III, do quadro do Ministério da Saúde do Paraná, com fundamento no Art. 3º, Incisos I, II e III, e parágrafo único da Emenda Constitucional nº 47/2005, com a opção da incorporação da gratificação aos proventos de acordo com a Lei 13.324 de 29/07/2016, acrescido de 14% de Adicional de Tempo de Serviço e demais vantagens inerentes ao cargo.</p><p>(Processo n.º 25023.000039/2018-17)</p>]]></Texto>
    <Autores>
      <assina>GISLANE MARI FRANÇA DE OLIVEIRA</assina>
    </Autores>
  </body>
</article></xml>