﻿<xml><article id="1349495" name="PORTARIA Nº 17, DE 31 DE JANEIRO" idOficio="4660207" pubName="DO2" artType="Portaria" pubDate="01/02/2018" artClass="00027:00002:00024:00005:00000:00000:00000:00000:00000:00000:00025:00001" artSection="Coordenação-Geral de Gestão de Pessoas" artCategory="Coordenação-Geral de Gestão de Pessoas" artSize="8" artNotes="" numberPage="108" pdfPage="http://pesquisa.in.gov.br/imprensa/jsp/visualiza/index.jsp?data=01/02/2018&amp;jornal=529&amp;pagina=108" editionNumber="23">
  <body>
    <Identifica><![CDATA[PORTARIA Nº 17, DE 31 JANEIRO DE 2018]]></Identifica>
    <Data><![CDATA[]]></Data>
    <Ementa />
    <Titulo />
    <SubTitulo />
    <Texto><![CDATA[<p> O COORDENADOR-GERAL DE GESTÃO DE PESSOAS, no uso da competência que lhe foi delegada pela Portaria/GM/MTE nº 292, de 09 de fevereiro de 2012, publicada no Diário Oficial da União de 10 de fevereiro de 2012, e tendo em vista o que consta do processo nº 46148.000012/2018-06, resolve:</p><p>Art. 1º Declarar vago, com fundamento no inciso VIII do artigo 33, da Lei nº 8.112, de 11 de dezembro de 1990, a partir de 09 de janeiro de 2018, em virtude de posse em outro cargo inacumulável, o cargo de Agente Administrativo, Classe "B", Padrão I, código de vaga nº 821752, ocupado pela servidora ADRIANA DE SOUZA MOURA, matrícula SIAPE nº 1917035, do quadro permanente deste Ministério, lotada nesta Administração Central.</p><p>Art. 2º Esta Portaria entra em vigor na data de sua publicação.</p>]]></Texto>
    <Autores>
      <assina>PAULO RICARDO FERRONATO</assina>
    </Autores>
  </body>
</article></xml>