﻿<xml><article id="1350610" name="PTS4A8VARGINHA" idOficio="4660319" pubName="DO2" artType="Portaria" pubDate="01/02/2018" artClass="00022:00029:00240:00024:00021:00000:00000:00000:00000:00000:00025:00003" artSection="Seção Operacional da Gestão de Pessoas" artCategory="Seção Operacional da Gestão de Pessoas" artSize="8" artNotes="" numberPage="94" pdfPage="http://pesquisa.in.gov.br/imprensa/jsp/visualiza/index.jsp?data=01/02/2018&amp;jornal=529&amp;pagina=94" editionNumber="23">
  <body>
    <Identifica><![CDATA[Portaria nº 4, de 26 de janeiro de 2018]]></Identifica>
    <Data><![CDATA[]]></Data>
    <Ementa />
    <Titulo />
    <SubTitulo />
    <Texto><![CDATA[<p> A CHEFE DA SEÇÃO OPERACIONAL DA GESTÃO DE PESSOAS DA GERÊNCIA EXECUTIVA DO INSS EM VARGINHA/MG, no uso das atribuições que foram conferidas pela PT/MPS/N° 414 de 28/09/2017 art. 235 do Regimento Interno do INSS, publicada no DOU 188-A de 29/09/2017 e tendo em vista o que consta do processo 35163.000167/2018-20, resolve:</p><p>Conceder Aposentadoria Voluntária, a servidora EVA IZABEL PEREIRA E COSTA, matrícula SIAPE 0893096, ocupante do cargo de Técnico do Seguro Social, Classe S, Padrão IV, do Quadro de Pessoal do Instituto Nacional do Seguro Social, com fundamento no art.3º da Emenda Constitucional nº47/05.</p><p> A CHEFE DA SEÇÃO OPERACIONAL DA GESTÃO DE PESSOAS DA GERÊNCIA EXECUTIVA DO INSS EM VARGINHA/MG, no uso das atribuições que foram conferidas pela PT/MPS/N° 414 de 28/09/2017 art. 235 do Regimento Interno do INSS, publicada no DOU 188-A de 29/09/2017 e tendo em vista o que consta do processo 35163.000171/2018-98, resolve:</p><p>Conceder Aposentadoria Voluntária, a servidora CLEONICE REZENDE PENHA PINTO, matrícula SIAPE 0892790, ocupante do cargo de Técnico do Seguro Social, Classe S, Padrão IV, do Quadro de Pessoal do Instituto Nacional do Seguro Social, com fundamento no art.3º da Emenda Constitucional nº47/05.</p><p> A CHEFE DA SEÇÃO OPERACIONAL DA GESTÃO DE PESSOAS DA GERÊNCIA EXECUTIVA DO INSS EM VARGINHA/MG, no uso das atribuições que foram conferidas pela PT/MPS/N° 414 de 28/09/2017 art. 235 do Regimento Interno do INSS, publicada no DOU 188-A de 29/09/2017 e tendo em vista o que consta do processo 35163.001103/2017-65, resolve:</p><p>Conceder Aposentadoria Voluntária, a servidora NIRACILZA FERREIRA ROCHA, matrícula SIAPE 6892720, ocupante do cargo de Técnico do Seguro Social, Classe S, Padrão IV, do Quadro de Pessoal do Instituto Nacional do Seguro Social, com fundamento no art.3º da Emenda Constitucional nº47/05.</p><p> A CHEFE DA SEÇÃO OPERACIONAL DA GESTÃO DE PESSOAS DA GERÊNCIA EXECUTIVA DO INSS EM VARGINHA/MG, no uso das atribuições que foram conferidas pela PT/MPS/N° 414 de 28/09/2017 art. 235 do Regimento Interno do INSS, publicada no DOU 188-A de 29/09/2017 e tendo em vista o que consta do processo 35163.000168/2018-74, resolve:</p><p>Conceder Aposentadoria Voluntária, ao servidor RICARDO DE OLIVEIRA, matrícula SIAPE 0892686, ocupante do cargo de Técnico do Seguro Social, Classe S, Padrão IV, do Quadro de Pessoal do Instituto Nacional do Seguro Social, com fundamento no art.3º da Emenda Constitucional nº47/05.</p><p> A CHEFE DA SEÇÃO OPERACIONAL DA GESTÃO DE PESSOAS DA GERÊNCIA EXECUTIVA DO INSS EM VARGINHA/MG, no uso das atribuições que foram conferidas pela PT/MPS/N° 414 de 28/09/2017 art. 235 do Regimento Interno do INSS, publicada no DOU 188-A de 29/09/2017 e tendo em vista o que consta do processo 35163.000172/2018-32, resolve:</p><p>Conceder Aposentadoria Voluntária, ao servidor MARCO ANTÔNIO DE CARVALHO, matrícula SIAPE 0555944, ocupante do cargo de Técnico do Seguro Social, Classe S, Padrão IV, do Quadro de Pessoal do Instituto Nacional do Seguro Social, com fundamento no art.3º da Emenda Constitucional nº47/05.</p>]]></Texto>
    <Autores>
      <assina>ANDREISA MARA VASCONCELOS FALEIRO</assina>
      <assina>ANDREISA MARA VASCONCELOS FALEIRO</assina>
      <assina>ANDREISA MARA VASCONCELOS FALEIRO</assina>
      <assina>ANDREISA MARA VASCONCELOS FALEIRO</assina>
      <assina>ANDREISA MARA VASCONCELOS FALEIRO</assina>
    </Autores>
  </body>
</article></xml>