﻿<xml><article id="1353069" name="Port. 376 Aposen Volunt Jane Lúc" idOficio="4660598" pubName="DO2" artType="Portaria" pubDate="01/02/2018" artClass="00017:00021:00037:00000:00000:00000:00000:00000:00000:00000:00025:00011" artSection="Superintendência Estadual no Rio de Janeiro" artCategory="Superintendência Estadual no Rio de Janeiro" artSize="8" artNotes="" numberPage="74" pdfPage="http://pesquisa.in.gov.br/imprensa/jsp/visualiza/index.jsp?data=01/02/2018&amp;jornal=529&amp;pagina=74" editionNumber="23">
  <body>
    <Identifica><![CDATA[PORTARIA Nº 376, DE 30 DE JANEIRO DE 2018]]></Identifica>
    <Data><![CDATA[]]></Data>
    <Ementa />
    <Titulo />
    <SubTitulo />
    <Texto><![CDATA[<p> O SUPERINTENDENTE ESTADUAL SUBSTITUTO DA FUNDAÇÃO NACIONAL DE SAÚDE NO ESTADO DO RIO DE JANEIRO, nomeado pela Portaria nº. 484 de 29 de março de 2017, publicada no DOU nº. 62,  de 30 de março de 2017, no uso de suas atribuições conforme o Decreto nº. 8.867, de 03/10/2016, publicado no DOU do dia subsequente, resolve:</p><p> Art.1º Conceder Aposentadoria Voluntária a (o) servidor (a) JANE LÚCIA MARTINS VIEIRA, Matrícula SIAPE nº. 1103106, ocupante do cargo de Agente Administrativo, Classe "S", Padrão III, do Quadro de Pessoal da Fundação Nacional de Saúde, com proventos integrais, com fundamento no Artigo 3º, incisos I, II e III da Emenda Constitucional nº. 47/2005, compreendendo o Vencimento Básico do cargo efetivo,  o Adicional por Tempo de Serviço e a Gratificação de Desempenho da Carreira da Previdência, da Saúde e do Trabalho - GDPST. Processo nº. 25245.007.501/2017-21.</p><p>Art. 2º Declarar vago o cargo referido no artigo 1º.</p><p>Art. 3º Esta Portaria entra em vigor na data de sua publicação.</p>]]></Texto>
    <Autores>
      <assina>TONY JORGE KÜHN</assina>
    </Autores>
  </body>
</article></xml>