﻿<xml><article id="1350085" name="Portaria nº 75 de 30 de janeiro " idOficio="4660294" pubName="DO2" artType="Portaria" pubDate="01/02/2018" artClass="00011:00063:00001:00000:00000:00000:00000:00000:00000:00000:00025:00004" artSection="Reitoria" artCategory="Reitoria" artSize="8" artNotes="" numberPage="24" pdfPage="http://pesquisa.in.gov.br/imprensa/jsp/visualiza/index.jsp?data=01/02/2018&amp;jornal=529&amp;pagina=24" editionNumber="23">
  <body>
    <Identifica><![CDATA[PORTARIA Nº 75, DE 30 DE JANEIRO DE 2018]]></Identifica>
    <Data><![CDATA[]]></Data>
    <Ementa />
    <Titulo />
    <SubTitulo />
    <Texto><![CDATA[<p> O REITOR DO INSTITUTO FEDERAL DE EDUCAÇÃO, CIÊNCIA E TECNOLOGIA FLUMINENSE - IFFLUMINENSE, no uso das atribuições legais que lhe confere a Lei 11.892 de 29/12/2008, publicada no D.O.U. de 30/12/2008; a Portaria MEC N.º 378, de 09/05/2016, publicada no D.O.U. de 10/05/2016, seção 1, páginas 19 a 27 e o Decreto Presidencial de 05 de abril de 2016, publicado no D.O.U. de 06 de abril de 2016. Resolve:</p><p>Art. 1.º Conceder APOSENTADORIA VOLUNTÁRIA COM PROVENTOS INTEGRAIS, de acordo com o Artigo 3.º da Emenda Constitucional N.º 47 de 05/07/2005, publicada no D.O.U. de 06/07/2005, à servidora MARIA IMACULADA REIS OSSALA, Matrícula SIAPE 139753, ocupante do cargo de Auxiliar em Administração, Nível de Classificação C, Nível de Capacitação III, Padrão de Vencimento 16, no regime de trabalho de 40 horas semanais, código de vaga 206898, do Quadro Permanente deste Instituto, assegurando-se as seguintes incorporações: 17% (dezessete por cento) a título de Adicional por Tempo de Serviço e o Incentivo à Qualificação no percentual de 30% (trinta por cento), correspondente à Especialização em Nível Superior, de acordo com o previsto na Lei 11.091 de 12/01/2005, com a alteração dada pela Lei 12.772 de 28/12/2012, publicada no D.O.U. De 31/12/2012, tendo em vista o que consta no Processo N.º 23318.004798.2017-47.</p><p>Art. 2.º Declarar vago o respectivo cargo.</p><p>Art. 3.º Esta portaria entra em vigor na data de sua publicação no Diário Oficial da União.</p>]]></Texto>
    <Autores>
      <assina>JEFFERSON MANHÃES DE AZEVEDO</assina>
    </Autores>
  </body>
</article></xml>