﻿<xml><article id="1349774" name="PORTARIA 26 DE 2018" idOficio="4660247" pubName="DO2" artType="Portaria" pubDate="01/02/2018" artClass="00009:00012:00000:00000:00000:00000:00000:00000:00000:00000:00025:00002" artSection="Ministério da Cultura" artCategory="Fundação Cultural Palmares" artSize="8" artNotes="" numberPage="9" pdfPage="http://pesquisa.in.gov.br/imprensa/jsp/visualiza/index.jsp?data=01/02/2018&amp;jornal=529&amp;pagina=9" editionNumber="23">
  <body>
    <Identifica><![CDATA[PORTARIA Nº 26, DE 30 DE JANEIRO DE 2018]]></Identifica>
    <Data><![CDATA[]]></Data>
    <Ementa />
    <Titulo />
    <SubTitulo />
    <Texto><![CDATA[<p> O PRESIDENTE DA FUNDAÇÃO CULTURAL PALMARES, no uso de suas atribuições conferidas pelo Decreto n.º 6.853/2009, de 15 de maio de 2009 e Decreto de 10 de junho de 2016/Presidência da República, publicado no Diário Oficial da União de 13 de junho de 2016, resolve:</p><p>Art. 1º - Nomear, Naiara Fernandes Jaime, CPF nº 794.306.001-68 para o Cargo em Comissão de Coordenadora de Promoção da Cultura Afro- Brasileira do Departamento de Fomento e Promoção da Cultura Afro-Brasileira, código DAS 101.3, da Fundação Cultural Palmares.</p>]]></Texto>
    <Autores>
      <assina>Erivaldo Oliveira da Silva</assina>
    </Autores>
  </body>
</article></xml>