﻿<xml><article id="1352802" name="PORT 80 VIVECA WOLFOVITCH 31.01." idOficio="4660454" pubName="DO2" artType="Portaria" pubDate="01/02/2018" artClass="00011:00106:00001:00041:00000:00000:00000:00000:00000:00000:00025:00003" artSection="Coordenação de Gestão de Pessoas" artCategory="Coordenação de Gestão de Pessoas" artSize="8" artNotes="" numberPage="34" pdfPage="http://pesquisa.in.gov.br/imprensa/jsp/visualiza/index.jsp?data=01/02/2018&amp;jornal=529&amp;pagina=34" editionNumber="23">
  <body>
    <Identifica><![CDATA[PORTARIA Nº 80, DE 30 DE JANEIRO DE 2018]]></Identifica>
    <Data><![CDATA[]]></Data>
    <Ementa />
    <Titulo />
    <SubTitulo />
    <Texto><![CDATA[<p>  A COORDENADORA DE GESTÃO DE PESSOAS DA UNIVERSIDADE FEDERAL DA BAHIA, no uso de suas atribuições que lhe foram delegadas pela Portaria PRODEP nº 10/2011, e, tendo em vista o que consta do Processo nº 23066.001727/2018-82, resolve:</p><p>Conceder aposentadoria voluntária, com proventos integrais, a VIVECA WOLFOVITCH, matrícula SIAPE n.º 0288224, ocupante do cargo de Professor do Magistério Superior, Classe "C", Denominação "Adjunto", Nível "1", Titulação "Mestrado", em regime de 20 horas semanais, lotada no Departamento de Estatística do Instituto de Matemática desta Universidade, com fundamento no artigo 40, § 1º, inciso III, alínea A da Constituição Federal, com redação dada pela Emenda Constitucional nº 41, de 19 de dezembro de 2003, combinada com a Lei nº 10.887, de 18 de junho de 2004.</p><p>     Declarar vago o respectivo cargo.</p>]]></Texto>
    <Autores>
      <assina>CATIA CRISTINA PEREIRA SANTANA DE CARDOSO MELO</assina>
    </Autores>
  </body>
</article></xml>