﻿<xml><article id="1351269" name="portaria 17577 SGP" idOficio="4660335" pubName="DO2" artType="Portaria" pubDate="01/02/2018" artClass="00037:00025:00000:00000:00000:00000:00000:00000:00000:00000:00025:00005" artSection="Poder Judiciário" artCategory="Tribunal Regional Eleitoral do Pará" artSize="8" artNotes="" numberPage="38-119" pdfPage="http://pesquisa.in.gov.br/imprensa/jsp/visualiza/index.jsp?data=01/02/2018&amp;jornal=529&amp;pagina=38,http://pesquisa.in.gov.br/imprensa/jsp/visualiza/index.jsp?data=01/02/2018&amp;jornal=529&amp;pagina=119" editionNumber="23">
  <body>
    <Identifica><![CDATA[Portaria Nº 17.577, de 29 de janeiro de 2018]]></Identifica>
    <Data><![CDATA[]]></Data>
    <Ementa />
    <Titulo />
    <SubTitulo />
    <Texto><![CDATA[<p> A PRESIDENTE DO TRIBUNAL REGIONAL ELEITORAL DO PARÁ, no uso de suas atribuições legais e regimentais, e à vista do teor da Portaria nº 17.558, de 22.01.2018, disponibilizada no DJE/PA de 25.01.2018, e considerada publicada em 26.01.2018, resolve:</p><p>Art. 1º DISPENSAR, com efeitos a contar de 29.01.2018, os servidores do Quadro de Pessoal Permanente deste Tribunal, abaixo elencados, das funções comissionadas indicadas, com fulcro no art. 35, I, da Lei nº 8.112/1990:</p><p>I - SABRINA BITTENCOURT GUIMARÃES CASTRO, Analista Judiciário da Área Judiciária, da Função Comissionada de Assistente II, nível FC-2, da Corregedoria Regional Eleitoral;</p><p>II - PRISCILA CAMPOS FONSECA, Analista Judiciário da Área Judiciária, da Função Comissionada de Assistente I, nível FC-1, da 04ª Zona Eleitoral, sediada no município de Castanhal;</p><p>III - ROSANE DO ROCIO MUNIZ CABRAL, Analista Judiciário da Área Judiciária, da Função Comissionada de Assistente I, nível FC-1, da 61ª Zona Eleitoral, sediada no município de Xinguara;</p><p>IV - FERNANDA FARIAS PORDEUS COELHO CAVALCANTI, Analista Judiciário da Área Judiciária, da Função Comissionada de Chefe de Cartório, nível FC-6, da 68ª Zona Eleitoral, sediada no município de Rurópolis;</p><p>V - LUIZ CARLOS GOMES RODRIGUES, Analista Judiciário da Área Judiciária, da Função Comissionada de Assistente I, nível FC-1, da 103ª Zona Eleitoral, sediada no município de Breu Branco;</p><p>VI - PATRICIA CAMPOS BEVILACQUA, Analista Judiciário da Área Judiciária, da Função Comissionada de Assistente I, nível FC-1, da 74ª Zona Eleitoral, sediada no município de Tucumã;</p><p>VII - ERICA FONTENELE DE SOUZA AZULAY, Analista Judiciário da Área Judiciária, da Função Comissionada de Assistente I, nível FC-1, da 46ª Zona Eleitoral, sediada no município de Santana do Araguaia;</p><p>VIII - THIAGO COSTA GOMES, Analista Judiciário da Área Judiciária, da Função Comissionada de Chefe de Cartório, nível FC-6, da 53ª Zona Eleitoral, sediada no município de São Félix do Xingu;</p><p>IX - TANY LAYSE FERREIRA CAL, Analista Judiciário da Área Judiciária, da Função Comissionada de Chefe de Cartório, nível FC-6, da 57ª Zona Eleitoral, sediada no município de São João do Araguaia;</p><p>X - JEEFSON AMPARO DE MENEZES, Técnico Judiciário da Área Administrativa, da Função Comissionada de Chefe de Posto de Atendimento, nível FC-1, localizado no município de Santa Maria do Pará;</p><p>XI - ALKAYDE ASSAN DE SOUSA FARIAS, Técnico Judiciário da Área Administrativa, da Função Comissionada de Chefe de Posto de Atendimento, nível FC-1, localizado no município de Peixe-Boi;</p><p>XII - LUÍS EDICLÊ SOUSA LIMA, Técnico Judiciário da Área Administrativa, da Função Comissionada de Assistente I, nível FC-1, da 53ª Zona Eleitoral, sediada no município de São Félix do Xingu;</p><p>XIII - VLADIANA SILVA ALVES, Técnico Judiciário da Área Administrativa, da Função Comissionada de Assistente I, nível FC-1, da 45ª Zona Eleitoral, sediada no município de Oeiras do Pará;</p><p>XIV - ANA LÚCIA ALEXANDRE DA SILVA, Técnico Judiciário da Área Administrativa, da Função Comissionada de Chefe de Cartório, nível FC-6, da 54ª Zona Eleitoral, sediada no município de Senador José Porfírio;</p><p>XV - MARCUS VINICIUS AFONSO SANTOS GAMBÔA, Técnico Judiciário da Área Administrativa, da Função Comissionada de Chefe de Cartório, nível FC-6, da 38ª Zona Eleitoral, sediada no município de Oriximiná;</p><p>XVI - ELIEZER ALMEIDA AMARAL, Técnico Judiciário da Área Administrativa, da Função Comissionada de Assistente I, nível FC-1, da 86ª Zona Eleitoral, sediada no município de Curralinho.</p><p>Art. 2º Esta portaria entra em vigor na data de sua publicação.        </p>]]></Texto>
    <Autores>
      <assina>CÉLIA REGINA DE LIMA PINHEIRO</assina>
    </Autores>
  </body>
</article></xml>