﻿<xml><article id="1351316" name="PTS2A5GOVERNADORVALADARES" idOficio="4660340" pubName="DO2" artType="Portaria" pubDate="01/02/2018" artClass="00022:00029:00240:00014:00027:00000:00000:00000:00000:00000:00025:00006" artSection="Seção Operacional da Gestão de Pessoas" artCategory="Seção Operacional da Gestão de Pessoas" artSize="8" artNotes="" numberPage="12-93" pdfPage="http://pesquisa.in.gov.br/imprensa/jsp/visualiza/index.jsp?data=01/02/2018&amp;jornal=529&amp;pagina=12,http://pesquisa.in.gov.br/imprensa/jsp/visualiza/index.jsp?data=01/02/2018&amp;jornal=529&amp;pagina=93" editionNumber="23">
  <body>
    <Identifica><![CDATA[PORTARIAS DE 31 DE JANEIRO DE 2018]]></Identifica>
    <Data><![CDATA[]]></Data>
    <Ementa />
    <Titulo />
    <SubTitulo />
    <Texto><![CDATA[<p> A CHEFE DA SEÇÃO OPERACIONAL DA GESTÃO DE PESSOAS DA GERÊNCIA EXECUTIVA DO INSS EM GOVERNADOR VALADARES/MINAS GERAIS, designada pela Portaria nº 28, de 31 de agosto de 2017, publicada no DOU nº 146, de 01 de agosto de 2017, retificada no DOU nº 149, de 04 de agosto de 2017, e no uso das atribuições que lhe conferem o art. 235, inciso I, alínea "a" e "b" do Regimento Interno do INSS, aprovado pela PT/MPS nº 414, de 28/09/2017, publicada no DOU - Edição Extra nº 188-A de 29/09/2017, resolve:</p><p>Nº 2 - Conceder aposentadoria voluntária ao servidor PAULO EUSTAQUIO DE AMORIM, matrícula SIAPE nº 0555648, ocupante do cargo de Técnico do Seguro Social, Classe "S", Padrão "IV", do quadro de pessoal do Instituto Nacional do Seguro Social, com fundamento no artigo 3º da Emenda Constitucional nº 47/2005, com proventos integrais acrescido das demais vantagens previstas na legislação vigente e, em consequência, declarar vago o referido cargo, tendo em vista o que consta do processo nº 35121.000247/2017-91.</p><p>Nº 3 - Conceder aposentadoria voluntária à servidora NELY MOREIRA ZAN, matrícula SIAPE nº 0694809, ocupante do cargo de Técnico do Seguro Social, Classe "S", Padrão "IV", do quadro de pessoal do Instituto Nacional do Seguro Social, com fundamento no artigo 3º da Emenda Constitucional nº 47/2005, com proventos integrais acrescido das demais vantagens previstas na legislação vigente e, em consequência, declarar vago o referido cargo, tendo em vista o que consta do processo nº 35121.000153/2017-11.</p><p>Nº 4 - Conceder aposentadoria voluntária à servidora ANGELA DE SOUZA SANTOS XAVIER, matrícula SIAPE nº 0933061, ocupante do cargo de Técnico do Seguro Social, Classe "S", Padrão "IV", do quadro de pessoal do Instituto Nacional do Seguro Social, com proventos integrais acrescido da vantagem do artigo 62-A da Lei 8.112/90 e, em consequência, declarar vago o referido cargo, tendo em vista o que consta do processo nº 35121.000174/2017-37.</p><p>Nº 5 - Conceder aposentadoria voluntária à servidora NORMA PINHEIRO PEREIRA DE FREITAS, matrícula SIAPE nº 0891728, ocupante do cargo de Técnico do Seguro Social, Classe "S", Padrão "IV", do quadro de pessoal do Instituto Nacional do Seguro Social, com proventos integrais acrescido da vantagem do artigo 62-A da Lei 8.112/90 e, em consequência, declarar vago o referido cargo, tendo em vista o que consta do processo nº 35121.000157/2017-08.</p>]]></Texto>
    <Autores>
      <assina>KENIA REGINA SILVA DE PAULA</assina>
    </Autores>
  </body>
</article></xml>