﻿<xml><article id="1349201" name="Portaria 382,85,86,89,91 - 01.02" idOficio="4659505" pubName="DO2" artType="Portaria" pubDate="01/02/2018" artClass="00011:00066:00000:00000:00000:00000:00000:00000:00000:00000:00025:00001" artSection="Ministério da Educação" artCategory="Instituto Federal de Educação, Ciência e Tecnologia do Maranhão" artSize="8" artNotes="" numberPage="25" pdfPage="http://pesquisa.in.gov.br/imprensa/jsp/visualiza/index.jsp?data=01/02/2018&amp;jornal=529&amp;pagina=25" editionNumber="23">
  <body>
    <Identifica><![CDATA[PORTARIA Nº 382, DE 30 DE JANEIRO DE 2018]]></Identifica>
    <Data><![CDATA[]]></Data>
    <Ementa />
    <Titulo />
    <SubTitulo />
    <Texto><![CDATA[<p> O REITOR DO INSTITUTO FEDERAL DE EDUCAÇÃO, CIÊNCIA E TECNOLOGIA DO MARANHÃO, nomeado nos termos do Decreto Presidencial de 02 de setembro de 2016, publicado no DOU de 05 de setembro de 2016, no uso de suas atribuições legais; e,</p><p>Considerando o disposto no Art. 62 da Lei 8.112/90, e a solicitação constante no Processo nº 23249.006605/2018-34, resolve:</p><p>Exonerar o servidor José Dioclides Góes Gonçalves, matrícula SIAPE nº 1037727, Professor de Ensino Básico, Técnico e Tecnológico, do cargo de Diretor Geral "Pro Tempore" (Código CD-03) do Campus Avançado de Carolina, a partir da data da publicação desta Portaria no DOU.</p><p> O REITOR DO INSTITUTO FEDERAL DE EDUCAÇÃO, CIÊNCIA E TECNOLOGIA DO MARANHÃO, nomeado nos termos do Decreto Presidencial de 02 de setembro de 2016, publicado no DOU de 05 de setembro de 2016, no uso de suas atribuições legais; e,</p><p>Considerando o disposto no Art. 62 da Lei 8.112/90, e a solicitação constante no Processo nº 23249.006605/2018-34, resolve:</p><p>Nomear o servidor Reinouds Lima Silva, Professor de Ensino Básico, Técnico e Tecnológico, Campus São José de Ribamar, para exercer o cargo de Diretor Geral "Pro Tempore" (Código CD-03) do Campus Avançado de Carolina, a partir da data da publicação desta Portaria no DOU.</p><p> O REITOR DO INSTITUTO FEDERAL DE EDUCAÇÃO, CIÊNCIA E TECNOLOGIA DO MARANHÃO, nomeado nos termos do Decreto Presidencial de 02 de setembro de 2016, publicado no DOU de 05 de setembro de 2016, no uso de suas atribuições legais; e,</p><p>Considerando o disposto no Art. 62 da Lei 8.112/90, e a solicitação constante no Processo nº 23249.006606/2018-89, resolve:</p><p>Exonerar o servidor Humberto Arruda Guimarães, Auxiliar em Administração, do cargo de Diretor de Administração e Finanças (Código CD-03) da Pró-Reitoria de Administração, a partir da data da publicação desta Portaria no DOU.</p><p> PORTARIA Nº 389, DE 30 DE JANEIRO DE 2018</p><p> O REITOR DO INSTITUTO FEDERAL DE EDUCAÇÃO, CIÊNCIA E TECNOLOGIA DO MARANHÃO, nomeado nos termos do Decreto Presidencial de 02 de setembro de 2016, publicado no DOU de 05 de setembro de 2016, no uso de suas atribuições legais; e,</p><p>Considerando o disposto no Art. 62 da Lei 8.112/90, e a solicitação constante no Processo nº 23249.006606/2018-89, resolve:</p><p>Exonerar o servidor Widglan Barbosa de Sousa Nunes, Administrador, do cargo de Diretor da Diretoria de Administração e Planejamento (Código CD-04) do Campus Grajaú, a partir da data da publicação desta Portaria no DOU.</p><p> O REITOR DO INSTITUTO FEDERAL DE EDUCAÇÃO, CIÊNCIA E TECNOLOGIA DO MARANHÃO, nomeado nos termos do Decreto Presidencial de 02 de setembro de 2016, publicado no DOU de 05 de setembro de 2016, no uso de suas atribuições legais; e,</p><p>Considerando o disposto no Art. 62 da Lei 8.112/90, e a solicitação constante no Processo nº 23249.006606/2018-89, resolve:</p><p>Nomear o servidor Widglan Barbosa de Sousa Nunes, Administrador, Campus Açailândia, para exercer o cargo de Diretor de Administração e Finanças (Código CD-03) da Pró-Reitoria de Administração, a partir da data da publicação desta Portaria no DOU.</p>]]></Texto>
    <Autores>
      <assina>Francisco Roberto Brandão Ferreira</assina>
      <assina>Francisco Roberto Brandão Ferreira</assina>
      <assina>Francisco Roberto Brandão Ferreira</assina>
      <assina>Francisco Roberto Brandão Ferreira</assina>
      <assina>Francisco Roberto Brandão Ferreira</assina>
    </Autores>
  </body>
</article></xml>