﻿<xml><article id="1353039" name="PORTARIAS APOSENTADORIAS 2018-02" idOficio="4660579" pubName="DO2" artType="Portaria" pubDate="01/02/2018" artClass="00017:00002:00026:00026:00000:00000:00000:00000:00000:00000:00025:00001" artSection="Serviço de Gestão Administrativa" artCategory="Serviço de Gestão Administrativa" artSize="8" artNotes="" numberPage="66" pdfPage="http://pesquisa.in.gov.br/imprensa/jsp/visualiza/index.jsp?data=01/02/2018&amp;jornal=529&amp;pagina=66" editionNumber="23">
  <body>
    <Identifica><![CDATA[PORTARIAS DE 29 DE JANEIRO DE 2018]]></Identifica>
    <Data><![CDATA[]]></Data>
    <Ementa />
    <Titulo />
    <SubTitulo />
    <Texto><![CDATA[<p> A CHEFE DO SERVIÇO DE GESTÃO ADMINISTRATIVA DO NÚCLEO ESTADUAL DO MINISTÉRIO DA SAÚDE DO PARANÁ, no uso de suas atribuições que lhe são conferidas pela Portaria, SE/SAA/MS nº 1.804, de 01/10/2013, publicada no DOU nº 192 de 03/10/2013, Seção 1 e Portaria GM/MS nº 2.225 de 01/10/2013, publicada no DOU 191 de 02/10/2013, Seção 2, e em conformidade com o Decreto  nº. 8.901, de 10/11/2016, publicado no DOU 217, Seção 1, de 11/11/2016 e Portaria nº 1.419, de 08/06/2017, publicada no DOU nº 110, Seção 1, de 09/06/2017, resolve:</p><p>Nº 22 Conceder Aposentadoria Voluntária ao Tempo de Contribuição ao servidor LUIZ TOZZETI, matrícula 490445, ocupante do cargo de AGENTE DE SAUDE PUBLICA, Nível Intermediário, Classe S, Padrão III, do quadro do Ministério da Saúde do Paraná, com fundamento no Art. 3º, Incisos I, II e III, e parágrafo único da Emenda Constitucional nº 47/2005, com a opção da incorporação da gratificação aos proventos de acordo com a Lei 13.324 de 29/07/2016, acrescido de 26% de Adicional de Tempo de Serviço e demais vantagens inerentes ao cargo.</p><p>(Processo n.º 25023.401642/2017-41)</p><p>Nº 23 Conceder Aposentadoria Voluntária ao Tempo de Contribuição ao servidor APARECIDO CALDERON matrícula 490180, ocupante do cargo de Agente de Saúde Pública, Nível Intermediário, Classe S, Padrão III, do quadro do Ministério da Saúde do Paraná, com fundamento no Art. 3º, Incisos I, II e III, e parágrafo único da Emenda Constitucional nº 47/2005, com a opção da incorporação da gratificação aos proventos de acordo com a Lei 13.324 de 29/07/2016, acrescido de 18% de Adicional de Tempo de Serviço e demais vantagens inerentes ao cargo.</p><p>(Processo n.º 25023.000108/2018-01)</p><p>Nº 26 Conceder Aposentadoria Voluntária ao Tempo de Contribuição ao servidor IZAAC SUBTIL DE OLIVEIRA matrícula 499152, ocupante do cargo de Guarda de Endemias, Nível Intermediário, Classe S, Padrão III, do quadro do Ministério da Saúde do Paraná, com fundamento no Art. 3º, Incisos I, II e III, e parágrafo único da Emenda Constitucional nº 47/2005, com a opção da incorporação da gratificação aos proventos de acordo com a Lei 13.324 de 29/07/2016, acrescido de 10% de Adicional de Tempo de Serviço e demais vantagens inerentes ao cargo.</p><p>(Processo n.º 25023.000126/2018-84)</p><p>Nº 28 Conceder Aposentadoria Voluntária ao Tempo de Contribuição ao servidor LUIZ CARLOS SMITH, matrícula 570009, ocupante do cargo de MEDICO, Nível Superior, Classe S, Padrão III, do quadro do Ministério da Saúde do Paraná, com fundamento no Art. 3º, Incisos I, II e III, e parágrafo único da Emenda Constitucional nº 47/2005, com a opção da incorporação da gratificação aos proventos de acordo com a Lei 13.324 de 29/07/2016, acrescido de 15% de Adicional de Tempo de Serviço e demais vantagens inerentes ao cargo.</p><p>(Processo n.º 25023.401487/2017-63)</p><p>Nº 29 Conceder Aposentadoria Voluntária ao Tempo de Contribuição ao servidor JULIO CEZAR BUDZIAKE matrícula 568540, ocupante do cargo de Auxiliar Operacional Serviços Diversos, Nível Intermediário, Classe S, Padrão III, do quadro do Ministério da Saúde do Paraná, com fundamento no Art. 3º, Incisos I, II e III, e parágrafo único da Emenda Constitucional nº 47/2005, com a opção da incorporação da gratificação aos proventos de acordo com a Lei 13.324 de 29/07/2016, acrescido de 17% de Adicional de Tempo de Serviço e demais vantagens inerentes ao cargo.</p><p>(Processo n.º 25023.000023/2018-14)</p><p>Nº 30 Conceder Aposentadoria Voluntária ao Tempo de Contribuição ao servidor AGOSTINHO FERNANDES, matrícula 498973, ocupante do cargo de GUARDA DE ENDEMIAS, Nível Intermediário, Classe S, Padrão III, do quadro do Ministério da Saúde do Paraná, com fundamento no Art. 3º, Incisos I, II e III, e parágrafo único da Emenda Constitucional nº 47/2005, com a opção da incorporação da gratificação aos proventos de acordo com a Lei 13.324 de 29/07/2016, acrescido de 12% de Adicional de Tempo de Serviço e demais vantagens inerentes ao cargo.</p><p>(Processo n.º 25023.401641/2017-05)</p><p>Nº 31 Conceder Aposentadoria Voluntária ao Tempo de Contribuição ao servidor VALTER MIRANDA OLIVEIRA matrícula 490575, ocupante do cargo de Agente de Saúde Pública, Nível Intermediário, Classe S, Padrão III, do quadro do Ministério da Saúde do Paraná, com fundamento no Art. 3º, Incisos I, II e III, e parágrafo único da Emenda Constitucional nº 47/2005, com a opção da incorporação da gratificação aos proventos de acordo com a Lei 13.324 de 29/07/2016, acrescido de 14% de Adicional de Tempo de Serviço e demais vantagens inerentes ao cargo.</p><p>(Processo n.º 25023.000080/2018-01)</p>]]></Texto>
    <Autores>
      <assina>GISLANE MARI FRANÇA DE OLIVEIRA</assina>
    </Autores>
  </body>
</article></xml>