﻿<xml><article id="1349348" name="30-01-18 - AFASTAMENTO JUDICIAL" idOficio="4660148" pubName="DO2" artType="Portaria" pubDate="01/02/2018" artClass="00015:00031:00000:00000:00000:00000:00000:00000:00000:00000:00025:00001" artSection="Ministério da Justiça e Segurança Pública" artCategory="Departamento Penitenciário Nacional" artSize="8" artNotes="" numberPage="58" pdfPage="http://pesquisa.in.gov.br/imprensa/jsp/visualiza/index.jsp?data=01/02/2018&amp;jornal=529&amp;pagina=58" editionNumber="23">
  <body>
    <Identifica><![CDATA[PORTARIA Nº 48, DE 30 DE JANEIRO DE 2018]]></Identifica>
    <Data><![CDATA[]]></Data>
    <Ementa />
    <Titulo />
    <SubTitulo />
    <Texto><![CDATA[<p>  O DIRETOR-EXECUTIVO DO DEPARTAMENTO PENITENCIÁRIO NACIONAL, em cumprimento a decisão proferida nos autos do processo nº 1000555-87.2018.4.01.3400, em trâmite na 7ª Vara Federal Cível da Seção Judiciária do Distrito Federal - JFDF, no uso das atribuições delegadas pelo art. 1o, inciso XIV da Portaria GAB DEPEN nº 50, de 03 de fevereiro de 2016, resolve: </p><p>AFASTAR LUIS AUGUSTO CARVALHO MOTA E SILVA, Agente Federal de Execução Penal, matrícula SIAPE no 1739618, para participar do Curso de Formação Profissional para o cargo de Agente Penitenciário do estado do Piauí, no período de 08 de janeiro de 2018 a 07 de abril de 2018, com opção por perceber o vencimento e as vantagens do cargo que ocupa, devendo retornar às atividades do cargo de Agente Federal de Execução Penal após o término do Curso de Formação Profissional.</p>]]></Texto>
    <Autores>
      <assina>RENATO FERNANDES LIMA</assina>
    </Autores>
  </body>
</article></xml>