﻿<xml><article id="1348784" name="SGP 003" idOficio="4658855" pubName="DO2" artType="Portaria" pubDate="01/02/2018" artClass="00037:00028:00001:00000:00000:00000:00000:00000:00000:00000:00025:00001" artSection="Presidência" artCategory="Presidência" artSize="8" artNotes="" numberPage="119" pdfPage="http://pesquisa.in.gov.br/imprensa/jsp/visualiza/index.jsp?data=01/02/2018&amp;jornal=529&amp;pagina=119" editionNumber="23">
  <body>
    <Identifica><![CDATA[PORTARIA Nº 52, DE 26 DE JANEIRO DE 2018]]></Identifica>
    <Data><![CDATA[]]></Data>
    <Ementa />
    <Titulo />
    <SubTitulo />
    <Texto><![CDATA[<p> O DESEMBARGADOR PRESIDENTE DO TRIBUNAL REGIONAL ELEITORAL DE PERNAMBUCO, no uso de suas atribuições legais, com fundamento na Lei n.º 8.112/1990, nas Resoluções TSE n.º 23.092/2009 e TRE-PE n.º 297/2017, e em conformidade com a Decisão desta Presidência no processo que tramita no SEI sob n.º 0040784-11.2017.6.17.8095 e com a Decisão do Tribunal Regional Eleitoral do Ceará juntada ao referido expediente, resolve:</p><p>Art. 1º. Remover, com efeitos a contar de 1º de fevereiro de 2018, mediante permuta, JOSÉ ROBSON GURGEL LIMA, Técnico Judiciário - Área Administrativa, Matricula nº 309.16.517, deste Tribunal, do Posto de Atendimento ao Eleitor de Cupira (PAE16-086ZE) para o Tribunal Regional Eleitoral do Ceará.</p><p>Art. 2º Condicionar a permuta à remoção para o Tribunal Regional Eleitoral de Pernambuco de MÁRCIO ALEXANDRE ARAÚJO FERREIRA, ocupante de idêntico cargo do Quadro de Pessoal deste Tribunal, ora em exercício naquele Egrégio Órgão e lotado na lotado na Assessoria daVice-Presidência.</p><p>Art. 3º. Conceder ao servidor mencionado no art. 1º desta Portaria o prazo de 30 (trinta) dias para a retomada de suas atividades na nova unidade de lotação, nos termos do art. 18 da Lei n.º 8.112/1990, contados da data indicada naquele dispositivo.</p><p>Art. 4º. Estabelecer que as despesas com a mudança para a nova sede correm às expensas dos servidores.</p>]]></Texto>
    <Autores>
      <assina>LUIS CARLOS DE BARROS FIGUEIREDO</assina>
    </Autores>
  </body>
</article></xml>