﻿<xml><article id="1349579" name="PORTARIA Nº 015, CGGP" idOficio="4660233" pubName="DO2" artType="Portaria" pubDate="01/02/2018" artClass="00011:00002:00016:00025:00000:00000:00000:00000:00000:00000:00025:00001" artSection="Coordenação-Geral de Gestão de Pessoas" artCategory="Coordenação-Geral de Gestão de Pessoas" artSize="8" artNotes="" numberPage="13" pdfPage="http://pesquisa.in.gov.br/imprensa/jsp/visualiza/index.jsp?data=01/02/2018&amp;jornal=529&amp;pagina=13" editionNumber="23">
  <body>
    <Identifica><![CDATA[PORTARIA Nº 15, DE 30 DE JANEIRO DE 2018]]></Identifica>
    <Data><![CDATA[]]></Data>
    <Ementa />
    <Titulo />
    <SubTitulo />
    <Texto><![CDATA[<p> A COORDENADORA-GERAL DE GESTÃO DE PESSOAS DA SUBSECRETARIA DE ASSUNTOS ADMINISTRATIVOS DO MINISTÉRIO DA EDUCAÇÃO, usando da competência que lhe foi subdelegada pela Portaria nº 96, de 30 de abril de 2003, publicada no Diário Oficial de 02 de maio de 2003, e tendo em vista o que consta do processo nº 23000.045156/2017-71, resolve:</p><p>Conceder aposentadoria à servidora SOLANGE DE FATIMA FRANCISCA CARREIROS, matrícula nº 6220631, ocupante do cargo de Datilografo, classe S, padrão III, do Quadro de Pessoal deste Ministério, fundamentada no artigo 3º da Emenda Constitucional nº 47/2005, acrescida da vantagem do artigo 62-A da Lei nº 8.112/1990.</p>]]></Texto>
    <Autores>
      <assina>MARIEDEN MARTINS TOSTA</assina>
    </Autores>
  </body>
</article></xml>