﻿<xml><article id="1352442" name="PT14MACEIO" idOficio="4660496" pubName="DO2" artType="Portaria" pubDate="01/02/2018" artClass="00022:00029:00237:00025:00092:00000:00000:00000:00000:00000:00025:00002" artSection="Seção Operacional da Gestão de Pessoas" artCategory="Seção Operacional da Gestão de Pessoas" artSize="8" artNotes="" numberPage="84" pdfPage="http://pesquisa.in.gov.br/imprensa/jsp/visualiza/index.jsp?data=01/02/2018&amp;jornal=529&amp;pagina=84" editionNumber="23">
  <body>
    <Identifica><![CDATA[PORTARIA Nº 14, DE 31 DE JANEIRO DE 2018]]></Identifica>
    <Data><![CDATA[]]></Data>
    <Ementa />
    <Titulo />
    <SubTitulo />
    <Texto><![CDATA[<p> A Chefe da Seção Operacional de Gestão de Pessoas da Gerência Executiva do Instituto Nacional do Seguro Social - INSS em  Maceió/AL, no uso das atribuições que lhe  confere o art. 235, do Regimento Interno, aprovado pela Portaria MPS nº 414, de 28 de Setembro de 2017, publicada no DOU, Edição Extra nº 11 - A, de 29 de setembro de 2017 e tendo em vista o que consta no Processo nº 35001.000173/2018-30.RESOLVE:</p><p>Conceder Pensão Vitalícia, à MARIA CLEMENTE DOS SANTOS, na qualidade de conjuge, a partir de  20 de Janeiro de 2018, cuja cota parte equivale a 100% ( cem por cento), da base de cálculo da pensão dos proventos do ex-servidor falecido ROBISON MARTINS DOS SANTOS, matrícula SIAPE 0880218, ocupante do cargo de Agente de Vigilância, classe S, padrão IV, do quadro de pessoal do Instituto Nacional do Seguro Social, em decorrência do óbito ocorrido em 20 de Janeiro de 2018, com fundamento nos artigos 215, 217, inciso I e 222, inciso VII, alínea "b", item 6, da Lei 8.112/90, com redação dada pela lei 13.135/2015, art. 40 §7, inciso I, da Constituição Federal, com redação dada pela EC Nº 41 , de 19/12/2003 e art. 2º, inciso I, da Lei 10.887/04.</p><p>PENSÃO VITALÍCIA      PARENTESCO                COTA-PARTE</p><p>MARIA CLEMENTE DOS SANTOS     CONJUGE           01/01</p>]]></Texto>
    <Autores>
      <assina>Edileide Sales de Oliveira Santos</assina>
    </Autores>
  </body>
</article></xml>