﻿<xml><article id="1352454" name="PTS11A17BH" idOficio="4660496" pubName="DO2" artType="Portaria" pubDate="01/02/2018" artClass="00022:00029:00240:00004:00024:00003:00000:00000:00000:00000:00025:00003" artSection="Seção Operacional da Gestão de Pessoas" artCategory="Seção Operacional da Gestão de Pessoas" artSize="8" artNotes="" numberPage="90" pdfPage="http://pesquisa.in.gov.br/imprensa/jsp/visualiza/index.jsp?data=01/02/2018&amp;jornal=529&amp;pagina=90" editionNumber="23">
  <body>
    <Identifica><![CDATA[PORTARIAS DE 31 DE JANEIRO DE 2018]]></Identifica>
    <Data><![CDATA[]]></Data>
    <Ementa />
    <Titulo />
    <SubTitulo />
    <Texto><![CDATA[<p> O CHEFE DA SEÇÃO OPERACIONAL DA GESTÃO DE PESSOAS  DA GERENCIA EXECUTIVA DO INSS EM BELO HORIZONTE/MG, no uso das atribuições de competência conferidas pelo artigo 235, inciso I, alínea "a", do Regimento Interno do Instituto Nacional do Seguro Social - INSS, aprovado pela Portaria nº 414, emitida pelo Ministério do Desenvolvimento Social, DOU Edição Extra nº 188-A, de 29/09/2017, resolve:</p><p>Nº  11  - Conceder aposentadoria voluntária por tempo de contribuição ao servidor ANÍSIO GONÇALVES DE OLIVEIRA, matrícula 0944229, ocupante do cargo de Técnico de Serviços Diversos, Nível I, Classe S, Padrão IV, do Quadro Permanente deste Instituto, com fundamento no artigo 3º da Emenda Constitucional nº 47/2005, com proventos correspondentes ao citado padrão e demais vantagens previstas na legislação vigente. Processo nº 35097.000163/2018-82.</p><p>Declarar vago o cargo.</p><p>Nº  12 -  Conceder aposentadoria voluntária por tempo de contribuição ao servidor RONALDO DOS SANTOS, matrícula 0891987, ocupante do cargo de Agente de Serviços Diversos, Nível I, Classe S, Padrão IV, do Quadro Permanente deste Instituto, com fundamento no artigo 3º da Emenda Constitucional nº 47/2005, com proventos correspondentes ao citado padrão e demais vantagens previstas na legislação vigente. Processo nº 35097.000018/2018-00.</p><p>Declarar vago o cargo.</p><p>Nº  13 - Conceder aposentadoria voluntária por tempo de contribuição ao servidor VINICIUS MELLO TOM BACK, matrícula 0894216, ocupante do cargo de Técnico do Seguro Social, Nível I, Classe S, Padrão IV, do Quadro Permanente deste Instituto, com fundamento no artigo 3º da Emenda Constitucional nº 47/2005, com proventos correspondentes ao citado padrão e demais vantagens previstas na legislação vigente. Processo nº 35097.000164/2018-27.</p><p>Declarar vago o cargo.</p><p>Nº  14 - Conceder aposentadoria voluntária por tempo de contribuição a servidora RITA DE CÁSSIA NASCIMENTO, matrícula 0894337, ocupante do cargo de Técnico do Seguro Social, Nível I, Classe S, Padrão IV, do Quadro Permanente deste Instituto, com fundamento no artigo 3º da Emenda Constitucional nº 47/2005, com proventos correspondentes ao citado padrão e demais vantagens previstas na legislação vigente. Processo nº 35097.000133/2018-76.</p><p>Declarar vago o cargo.</p><p>Nº  15 - Conceder aposentadoria voluntária por tempo de contribuição a servidora MARTA MARÍLIA LOPES SIMÕES, matrícula 0894107, ocupante do cargo de Técnico do Seguro Social, Nível I, Classe S, Padrão IV, do Quadro Permanente deste Instituto, com fundamento no artigo 3º da Emenda Constitucional nº 47/2005, com proventos correspondentes ao citado padrão e demais vantagens previstas na legislação vigente. Processo nº 35097.000030/2018-14.</p><p>Declarar vago o cargo.</p><p>Nº  16 -  Conceder aposentadoria voluntária por tempo de contribuição a servidora ELIZABETH DIAS FAGUNDES, matrícula 0894267, ocupante do cargo de Técnico do Seguro Social, Nível I, Classe S, Padrão IV, do Quadro Permanente deste Instituto, com fundamento no artigo 3º da Emenda Constitucional nº 47/2005, com proventos correspondentes ao citado padrão e demais vantagens previstas na legislação vigente. Processo nº 35097.000002/2018-99.</p><p>Declarar vago o cargo.</p><p>Nº  17 - Conceder aposentadoria voluntária por tempo de contribuição a servidora DELBA ACHTSCHIN SOUZA, matrícula 0894610, ocupante do cargo de Técnico do Seguro Social, Nível I, Classe S, Padrão IV, do Quadro Permanente deste Instituto, com fundamento no artigo 3º da Emenda Constitucional nº 47/2005, com proventos correspondentes ao citado padrão e demais vantagens previstas na legislação vigente. Processo nº 35097.000149/2018-89.</p><p>Declarar vago o cargo.</p>]]></Texto>
    <Autores>
      <assina>ROBSON MACIEL DELARETI</assina>
    </Autores>
  </body>
</article></xml>