﻿<xml><article id="1352009" name="PTS3A6SÃOJOSEDOSCAMPOS" idOficio="4660405" pubName="DO2" artType="Portaria" pubDate="01/02/2018" artClass="00022:00029:00239:00023:00013:00000:00000:00000:00000:00000:00025:00004" artSection="Seção Operacional da Gestão de Pessoas" artCategory="Seção Operacional da Gestão de Pessoas" artSize="8" artNotes="" numberPage="89" pdfPage="http://pesquisa.in.gov.br/imprensa/jsp/visualiza/index.jsp?data=01/02/2018&amp;jornal=529&amp;pagina=89" editionNumber="23">
  <body>
    <Identifica><![CDATA[PORTARIAS DE 31 DE JANEIRO DE 2018]]></Identifica>
    <Data><![CDATA[]]></Data>
    <Ementa />
    <Titulo />
    <SubTitulo />
    <Texto><![CDATA[<p> A CHEFE DA SEÇÃO OPERACIONAL DA GESTÃO DE PESSOAS DA GERÊNCIA EXECUTIVA DO INSS EM SÃO JOSÉ DOS CAMPOS/SP, designada pela Portaria 17/2017/INSS/GEXSJC/SP, de 15 de março de 2017, publicada no Diário Oficial de União - DOU nº 52, de 16 de março de 2017, no uso das atribuições conferidas pelo artigo 235, inciso I, alínea "b" do Regimento Interno do INSS, aprovado pela Portaria MDS nº 414, de 28 de setembro de 2017, publicada no DOU nº 188-A, de 29 de setembro de 2017, resolve:</p><p>Nº  3 - Conceder Aposentadoria Voluntária ao Servidor EURÍPEDES DE CASTRO JUNIOR, matrícula 1379180, ocupante do cargo de Analista do Seguro Social, Classe S, Padrão II, do Quadro de Pessoal do Instituto Nacional do Seguro Social, com fundamento no artigo 6º, da Emenda Constitucional 41, de 19 de dezembro 2003, com proventos integrais, acrescidos das demais vantagens a que faz jus, observando o contido no processo nº 35437.000344/2017-20, declarando, em consequência, o referido cargo vago. </p><p>Nº  4 - Conceder Aposentadoria Voluntária a Servidora SONIA IZABEL LAMBERT DE MELO, matrícula 0896068, ocupante do cargo de Técnico do Seguro Social, Classe S, Padrão IV, do Quadro de Pessoal do Instituto Nacional do Seguro Social, com fundamento no artigo 3º, da Emenda Constitucional 47, de 5 de julho 2005, com proventos integrais, acrescidos das demais vantagens a que faz jus, observando o contido no processo nº 35437.000415/2017-94, declarando, em consequência, o referido cargo vago. </p><p>Nº  5 - Conceder Aposentadoria Voluntária a Servidora VALDECI HENRIQUES PEREIRA, matrícula 0936761, ocupante do cargo de Técnico do Seguro Social, Classe S, Padrão IV, do Quadro de Pessoal do Instituto Nacional do Seguro Social, com fundamento no artigo 3º, da Emenda Constitucional 47, de 5 de julho 2005, com proventos integrais, acrescidos das demais vantagens a que faz jus, observando o contido no processo nº 35437.000419/2017-72, declarando, em consequência, o referido cargo vago. </p><p>Nº  6 - Conceder Aposentadoria Voluntária a Servidora DEISE JULIANA DA SILVA, matrícula 1378108, ocupante do cargo de Analista do Seguro Social, Classe S, Padrão II, do Quadro de Pessoal do Instituto Nacional do Seguro Social, com fundamento no artigo 40, § 1º, inciso III, alínea "a", da Constituição Federal, de 5 de outubro de 1988, com redação dada pela Emenda Constitucional 41, de 19 de dezembro 2003, com proventos integrais, calculados na forma prevista no artigo 1º, da Lei 10.887, de 18 de junho de 2004, acrescidos das demais vantagens a que faz jus, observando o contido no processo nº 35437.000426/2017-74, declarando, em consequência, o referido cargo vago. </p>]]></Texto>
    <Autores>
      <assina>JAMILA PASTORI</assina>
    </Autores>
  </body>
</article></xml>