﻿<xml><article id="1349150" name="InCom IRD 007-2018__081404" idOficio="4659144" pubName="DO2" artType="Portaria" pubDate="01/02/2018" artClass="00008:00019:00022:00000:00000:00000:00000:00000:00000:00000:00025:00001" artSection="Instituto de Radioproteção e Dosimetria" artCategory="Instituto de Radioproteção e Dosimetria" artSize="8" artNotes="" numberPage="7" pdfPage="http://pesquisa.in.gov.br/imprensa/jsp/visualiza/index.jsp?data=01/02/2018&amp;jornal=529&amp;pagina=7" editionNumber="23">
  <body>
    <Identifica><![CDATA[PORTARIA Nº 7, DE 30 DE JANEIRO DE 2018]]></Identifica>
    <Data><![CDATA[]]></Data>
    <Ementa />
    <Titulo />
    <SubTitulo />
    <Texto><![CDATA[<p>O DIRETOR SUBSTITUTO DO INSTITUTO DE RADIOPROTEÇÃO E DOSIMETRIA (IRD), DA COMISSÃO NACIONAL DE ENERGIA NUCLEAR (CNEN), no uso da atribuição que lhe foi conferida pela Portaria MCTIC nº 3.694, de 06 de julho de 2017, publicada no DOU de 10 de julho de 2017, Seção 2, Página 6, resolve:</p><p>Conceder aposentadoria voluntária, por tempo de contribuição, com proventos integrais a APARECIDA MACIEL SOUZA CAMPOS, CPF nº 344.499.227-00, matrícula SIAPE nº 0669983, ocupante do cargo permanente de Analista em C&amp;T, Classe J, Padrão III, nível superior, vaga nº 0419862, do quadro de pessoal da Comissão Nacional de Energia Nuclear, com fundamento no artigo 3º da Emenda Constitucional nº 47, de 05 de julho de 2005, declarando, em decorrência, a vacância do cargo acima mencionado (Processo CNEN/IRD nº 01343.00484/2017).</p>]]></Texto>
    <Autores>
      <assina>RENATO DI PRINZIO</assina>
    </Autores>
  </body>
</article></xml>