﻿<xml><article id="1353066" name="DESPACHO ANDREA GROTTI" idOficio="4660582" pubName="DO2" artType="Despacho" pubDate="01/02/2018" artClass="00006:00012:00000:00000:00000:00000:00000:00000:00000:00000:00019:00005" artSection="Presidência da República" artCategory="Advocacia-Geral da União" artSize="8" artNotes="" numberPage="3" pdfPage="http://pesquisa.in.gov.br/imprensa/jsp/visualiza/index.jsp?data=01/02/2018&amp;jornal=529&amp;pagina=3" editionNumber="23">
  <body>
    <Identifica><![CDATA[DESPACHO de 31 de janeiro de 2018]]></Identifica>
    <Data><![CDATA[]]></Data>
    <Ementa />
    <Titulo />
    <SubTitulo />
    <Texto><![CDATA[<p>REFERÊNCIA: Processo nº 00731.000469/2017-41. Afastamento do País, em razão de gozo de licença para capacitação, da Advogada da União ANDREA GROTTI CLEMENTE, matrícula SIAPE nº 1507512, lotada e em exercício na Consultoria Jurídica junto ao Ministério da Defesa, para participar de curso no exterior de Curso Intensivo, na modalidade presencial, promovido pela Kaplan Toronto, Canadá, no período de 30 de março a 30 de abril de 2018, incluído o trânsito, com ônus limitado para a Advocacia-Geral da União. Autorizo.</p>]]></Texto>
    <Autores>
      <assina>GRACE MARIA FERNANDES MENDONÇA</assina>
      <cargo>Advogada-Geral da União</cargo>
    </Autores>
  </body>
</article></xml>