﻿<xml><article id="1388270" name="Portaria nº 237 - Exonera DE - L" idOficio="4659131" pubName="DO2" artType="Portaria" pubDate="05/02/2018" artClass="00011:00079:00001:00001:00000:00000:00000:00000:00000:00000:00025:00001" artSection="Chefia de Gabinete" artCategory="Chefia de Gabinete" artSize="8" artNotes="" numberPage="20" pdfPage="http://pesquisa.in.gov.br/imprensa/jsp/visualiza/index.jsp?data=05/02/2018&amp;jornal=529&amp;pagina=20" editionNumber="25" highlight="">
  <body>
    <Identifica><![CDATA[PORTARIA Nº 237, DE 30 DE JANEIRO DE 2018]]></Identifica>
    <Data><![CDATA[]]></Data>
    <Ementa />
    <Titulo />
    <SubTitulo />
    <Texto><![CDATA[<p> O REITOR DO INSTITUTO FEDERAL DE EDUCAÇÃO, CIÊNCIA E TECNOLOGIA DE RONDÔNIA, no uso de suas atribuições legais e considerando o Memorando nº 18/2018/JIPA - CGAB/JIPA - DG/JIPA, de 29/01/2018, RESOLVE:</p><p>Art. 1º EXONERAR, a pedido e a partir de 05/02/2018, o Professor do Ensino Básico, Técnico e Tecnológico, LUIS RIBEIRO MEDEIROS, Mat. SIAPE 2157442, do Cargo Comissionado de Diretor de Ensino do Campus Ji-Paraná/IFRO, código CD-3.</p><p>Art. 2º Esta Portaria entra em vigor na data de sua publicação.</p>]]></Texto>
    <Autores>
      <assina>Uberlando Tiburtino Leite</assina>
    </Autores>
  </body>
</article></xml>