﻿<xml><article id="1349729" name="Antônio Carlos Alves Vasconcelos" idOficio="4660242" pubName="DO2" artType="Portaria" pubDate="01/02/2018" artClass="00012:00002:00012:00024:00000:00000:00000:00000:00000:00000:00025:00001" artSection="Superintendência de Administração em Minas Gerais" artCategory="Superintendência de Administração em Minas Gerais" artSize="8" artNotes="" numberPage="51" pdfPage="http://pesquisa.in.gov.br/imprensa/jsp/visualiza/index.jsp?data=01/02/2018&amp;jornal=529&amp;pagina=51" editionNumber="23">
  <body>
    <Identifica><![CDATA[PORTARIA Nº 42, DE 30 DE JANEIRO DE 2018]]></Identifica>
    <Data><![CDATA[]]></Data>
    <Ementa />
    <Titulo />
    <SubTitulo />
    <Texto><![CDATA[<p> O SUPERINTENDENTE DE ADMINISTRAÇÃO DO MINISTÉRIO DA FAZENDA EM MINAS GERAIS, usando da delegação de competência que lhe foi conferida pelo inciso XI, do artigo 86, da Portaria MF nº 144, de 27/04/2016, do Ministro de Estado da Fazenda, publicada no DOU de 29/04/2016, e da delegação de competência que lhe foi conferida pela Portaria SRF nº 1.671, de 16/06/2005, publicada no Diário Oficial da União, de 20/06/2005, resolve:</p><p>Conceder aposentadoria voluntária a ANTÔNIO CARLOS ALVES VASCONCELOS, matrículas SIAPEcad nº 10788 / SIAPE nº 110806, ocupante do cargo de Auditor-Fiscal da Receita Federal do Brasil, código 236010, Classe S, Padrão III, do Quadro de Pessoal do Ministério da Fazenda em Minas Gerais, com fundamento no art. 3º, da Emenda Constitucional nº 47/2005, com proventos integrais (código do fundamento 047001), tendo em vista o que consta do Processo nº 10611.000009/2017-32.</p>]]></Texto>
    <Autores>
      <assina>ACÁCIO CÂNDIDO DA SILVEIRA SANTOS</assina>
    </Autores>
  </body>
</article></xml>