﻿<xml><article id="1352814" name="Port. APO - 490 e 491" idOficio="4660542" pubName="DO2" artType="Portaria" pubDate="01/02/2018" artClass="00011:00119:00001:00000:00000:00000:00000:00000:00000:00000:00025:00003" artSection="Gabinete" artCategory="Gabinete" artSize="8" artNotes="" numberPage="38" pdfPage="http://pesquisa.in.gov.br/imprensa/jsp/visualiza/index.jsp?data=01/02/2018&amp;jornal=529&amp;pagina=38" editionNumber="23">
  <body>
    <Identifica><![CDATA[PORTARIAS DE 25 DE JANEIRO DE 2018]]></Identifica>
    <Data><![CDATA[]]></Data>
    <Ementa />
    <Titulo />
    <SubTitulo />
    <Texto><![CDATA[<p> O Reitor da Universidade Federal de Minas Gerais, no uso de suas atribuições, resolve: </p><p>Nº 490 - Nos termos do art. 3º, da EC nº 47/2005, aposentar KÁCIA MARIA MORAES MONTEIRO, inscrição UFMG nº 111120, matrícula SIAPE nº 0323379, ocupante do cargo de Técnico em Química, Nível de Classificação D, Nível de Capacitação IV, Padrão de Vencimento 16, lotada no Instituto de Geociências, com proventos integrais, por ter provado contar 36 (trinta e seis) anos de contribuição.</p><p>Nº 491 - Nos termos do art. 6º da EC nº 41/2003, aposentar MARCELO SALVIANO BARRETO, inscrição UFMG nº 003158, matrícula SIAPE nº 0315137, ocupante do cargo de Professor do Ensino Básico, Técnico e Tecnológico Classe D III, Nível 04, lotado no Colégio Técnico, com proventos integrais, por ter provado contar 33 (trinta e três) anos de contribuição.</p>]]></Texto>
    <Autores>
      <assina>JAIME ARTURO RAMÍREZ</assina>
    </Autores>
  </body>
</article></xml>