﻿<xml><article id="1388267" name="Portaria nº 238 - Nomeia DE - Le" idOficio="4659131" pubName="DO2" artType="Portaria" pubDate="05/02/2018" artClass="00011:00079:00001:00001:00000:00000:00000:00000:00000:00000:00025:00002" artSection="Chefia de Gabinete" artCategory="Chefia de Gabinete" artSize="8" artNotes="" numberPage="20" pdfPage="http://pesquisa.in.gov.br/imprensa/jsp/visualiza/index.jsp?data=05/02/2018&amp;jornal=529&amp;pagina=20" editionNumber="25" highlight="">
  <body>
    <Identifica><![CDATA[PORTARIA Nº 238, DE 30 DE JANEIRO DE 2018]]></Identifica>
    <Data><![CDATA[]]></Data>
    <Ementa />
    <Titulo />
    <SubTitulo />
    <Texto><![CDATA[<p> O REITOR DO INSTITUTO FEDERAL DE EDUCAÇÃO, CIÊNCIA E TECNOLOGIA DE RONDÔNIA, no uso de suas atribuições legais e considerando o Memorando nº 19/2018/JIPA - CGAB/JIPA - DG/JIPA, de 29/01/2018, resolve:</p><p>Art. 1º NOMEAR a Professora do Ensino Básico, Técnico e Tecnológico, LETICIA CARVALHO PIVETTA, Mat. SIAPE 1681199, para exercer o Cargo Comissionado de Diretora de Ensino do Campus Ji-Paraná/IFRO, código CD-3.</p><p>Art. 2º Esta Portaria entra em vigor na data de sua publicação.</p>]]></Texto>
    <Autores>
      <assina>Uberlando Tiburtino Leite</assina>
    </Autores>
  </body>
</article></xml>