﻿<xml><article id="1351614" name="PORTARIA Nº 375 e 376-ASSADI-MD" idOficio="4660375" pubName="DO2" artType="Portaria" pubDate="01/02/2018" artClass="00010:00033:01398:00000:00000:00000:00000:00000:00000:00000:00025:00002" artSection="Departamento de Administração Interna" artCategory="Departamento de Administração Interna" artSize="8" artNotes="" numberPage="13" pdfPage="http://pesquisa.in.gov.br/imprensa/jsp/visualiza/index.jsp?data=01/02/2018&amp;jornal=529&amp;pagina=13" editionNumber="23">
  <body>
    <Identifica><![CDATA[PORTARIA Nº 375/ASSADI/MD, DE 30 DE JANEIRO DE 2018]]></Identifica>
    <Data><![CDATA[]]></Data>
    <Ementa />
    <Titulo />
    <SubTitulo />
    <Texto><![CDATA[<p> O DIRETOR DO DEPARTAMENTO DE ADMINISTRAÇÃO INTERNA, SUBSTITUTO, em conformidade com a Portaria nº 77/SEORI/SG-MD, de 4 de março de 2016, no uso de suas atribuições previstas nos incisos I e III do art. 35 do Anexo I do Decreto nº 8.978, de 1º de fevereiro de 2017, e no § 2o do art. 12 da Portaria Normativa no 993/MD, de 30 de abril de 2015, alterada por meio da Portaria Normativa nº 1/MD, de 3 de janeiro de 2018, e considerando o que consta no Processo Administrativo nº 60583.003163/2017-19, resolve:</p><p>Art. 1º Outorgar a Permissão de Uso do Próprio Nacional Residencial situado na SQS 112, Bloco "K", Apartamento 603, Asa Sul, ao CF (MB) CRISTIANO CIPRIANO SOUZA, conforme previsto no inciso IV do art. 3o da Portaria Normativa nº 1/MD, de 3 de janeiro de 2018. </p><p>Art. 2º As despesas decorrentes do uso do PNR deverão ser cobradas do permissionário a partir da data da ocupação, conforme §4º do art. 12 da Portaria Normativa nº 1/MD, de 3 de janeiro de 2018.</p><p> O DIRETOR DO DEPARTAMENTO DE ADMINISTRAÇÃO INTERNA, SUBSTITUTO, em conformidade com a Portaria/SEORI/MD nº 77, de 4 de março de 2016,  no uso de suas atribuições previstas nos incisos I, III e XI do artigo 34, capítulo III, Anexo VIII, da Portaria Normativa/MD nº 564, de 12 de março de 2014, considerando o disposto no Decreto nº 9.058, de 25 de maio de 2017, na Portaria/MTFC nº 1.614, de 1º de setembro de 2016, e o que consta do Processo Administrativo nº 60100.000327/2016-51, resolve:</p><p>CESSAR, os efeitos da Gratificação Temporária das Unidades dos Sistemas Estruturadores da Administração Pública Federal (GSISTE) - Sistema de Controle Interno, concedida ao servidor FELIPE BESERRA DE ARAÚJO, Matrícula Siape nº 1064928, ocupante do cargo de Assistente em Administração, Nível Intermediário (NI), a contar de 30 de janeiro de 2018.</p>]]></Texto>
    <Autores>
      <assina>JOSÉ ROSALVO LEITÃO DE ALMEIDA</assina>
      <assina>JOSÉ ROSALVO LEITÃO DE ALMEIDA</assina>
    </Autores>
  </body>
</article></xml>