﻿<xml><article id="1351751" name="Portaria Pedro Luis Saraiva Barb" idOficio="4660309" pubName="DO2" artType="Portaria" pubDate="01/02/2018" artClass="00011:00060:00009:00000:00000:00000:00000:00000:00000:00000:00025:00001" artSection="Campus Cedro" artCategory="Campus Cedro" artSize="8" artNotes="" numberPage="24" pdfPage="http://pesquisa.in.gov.br/imprensa/jsp/visualiza/index.jsp?data=01/02/2018&amp;jornal=529&amp;pagina=24" editionNumber="23">
  <body>
    <Identifica><![CDATA[PORTARIA Nº 7, DE 30 DE JANEIRO DE 2018]]></Identifica>
    <Data><![CDATA[]]></Data>
    <Ementa />
    <Titulo />
    <SubTitulo />
    <Texto><![CDATA[<p> O DIRETOR-GERAL DO CAMPUS DE CEDRO, DO INSTITUTO FEDERAL DE EDUCAÇÃO, CIÊNCIA  E TECNOLOGIA DO CEARÁ, no uso de suas atribuições, e considerando o que consta na Portaria nº 252/GR, de 20/03/2017 (B.S. nº 342 de 06/04/2017) e no memorando nº 018/2018/DIREN/IFCE/CAMPUS CEDRO, resolve:</p><p>Art. 1º- Dispensar o servidor ELIAS PAULINO MEDEIROS,  Professor do Ensino Básico Técnico e Tecnológico, SIAPE nº 1263698, pertencente ao Quadro Permanente deste Instituto Federal, da  Função Gratificada de Coordenação do Curso Técnico em Informática - FCC, para a qual fora designado, conforme portaria 33/GDG, de 22/05/2017(DOU 25/05/2017). </p><p>Art. 2º- Designar PEDRO LUIS SARAIVA BARBOSA, Professor do Ensino Básico Técnico e Tecnológico, SIAPE nº 2408695, pertencente ao Quadro Permanente deste Instituto Federal, campus de Cedro, para  ocupar a referida função.</p><p>At.3º- Revogar a Portaria nº 33/GDG, de 22de maio de 2017.</p><p>Art.4º - Estabelecer que esta Portaria entre em vigor na data de sua publicação.</p>]]></Texto>
    <Autores>
      <assina>Fernando Eugênio Lopes de Melo</assina>
    </Autores>
  </body>
</article></xml>