﻿<xml><article id="1352523" name="AFA SEC_8537_Sakata_P1" idOficio="4660498" pubName="DO2" artType="Despacho" pubDate="01/02/2018" artClass="00012:00007:00006:00000:00000:00000:00000:00000:00000:00000:00019:00004" artSection="Diretoria de Logística" artCategory="Diretoria de Logística" artSize="8" artNotes="" numberPage="53" pdfPage="http://pesquisa.in.gov.br/imprensa/jsp/visualiza/index.jsp?data=01/02/2018&amp;jornal=529&amp;pagina=53" editionNumber="23">
  <body>
    <Identifica><![CDATA[DESPACHO De 31 de janeiro de 2018]]></Identifica>
    <Data><![CDATA[]]></Data>
    <Ementa />
    <Titulo />
    <SubTitulo />
    <Texto><![CDATA[<p> O PRESIDENTE DO BANCO DO BRASIL, no uso da competência prevista no art. 2º do Decreto nº 1.387, de 07 de fevereiro de 1995, que lhe foi delegada no art. 12 da Portaria MF nº 160, de 06 de maio de 2016, autoriza o afastamento do País de DENISE CRISTINA SANTOS DE QUADROS SAKATA, Auditor Pleno, no período de 26 de fevereiro a 16 de março de 2018, inclusive trânsito, com ônus, na forma do disposto no inciso IV do art. 1º do citado Decreto, a fim de  realizar trabalho de auditoria na agência do Banco do Brasil em Santiago, Chile. </p>]]></Texto>
    <Autores>
      <assina>PAULO ROGÉRIO CAFFARELLI</assina>
    </Autores>
  </body>
</article></xml>