﻿<xml><article id="1349675" name="PTS13E14OUROPRETO" idOficio="4660256" pubName="DO2" artType="Portaria" pubDate="01/02/2018" artClass="00022:00029:00240:00018:00021:00000:00000:00000:00000:00000:00025:00009" artSection="Seção Operacional  de Gestão de Pessoas" artCategory="Seção Operacional  de Gestão de Pessoas" artSize="8" artNotes="" numberPage="93" pdfPage="http://pesquisa.in.gov.br/imprensa/jsp/visualiza/index.jsp?data=01/02/2018&amp;jornal=529&amp;pagina=93" editionNumber="23">
  <body>
    <Identifica><![CDATA[PORTARIAS DE 31 DE JANEIRO DE 2018]]></Identifica>
    <Data><![CDATA[]]></Data>
    <Ementa />
    <Titulo />
    <SubTitulo />
    <Texto><![CDATA[<p> O Chefe da Seção de Operacional da Gestão de Pessoas da Gerência Executiva do INSS em Ouro Preto, no uso das atribuições que lhe confere o art. 235 do Regimento Interno do Instituto Nacional do Seguro Social - INSS, aprovado pela Portaria MDS N.º 414, de 28 de Setembro de 2017, resolve:</p><p>Nº 13- Conceder Aposentadoria Voluntária a servidora Maria Aparecida Furtado Pereira, Matrícula SIAPE 0.935.523, ocupante do cargo de Técnico do Seguro Social, Classe S, Padrão IV, do quadro de pessoal do Instituto Nacional do Seguro Social, com fundamento no artigo 3º da Emenda Constitucional nº 047/2005, com proventos integrais correspondente ao citado padrão e demais vantagens previstas na legislação vigente, de acordo com processo administrativo nº 35140.000502/2017-77. Por consequência declarar vago o referido cargo.</p><p>Nº 14- Conceder Aposentadoria Voluntária a servidora Rita de Cássia Sabino de Paula, Matrícula SIAPE 0.891.757, ocupante do cargo de Técnico do Seguro Social, Classe S, Padrão IV, do quadro de pessoal do Instituto Nacional do Seguro Social, com fundamento no artigo 3º da Emenda Constitucional nº 47/2005, com proventos integrais correspondente ao citado padrão e demais vantagens previstas na legislação vigente, de acordo com processo administrativo nº 35140.000501/2017-22. Por consequência declarar vago o referido cargo.</p>]]></Texto>
    <Autores>
      <assina>MARCELO ALBUQUERQUE SETTE</assina>
    </Autores>
  </body>
</article></xml>