﻿<xml><article id="1351236" name="portaria 17572 SGP" idOficio="4660329" pubName="DO2" artType="Portaria" pubDate="01/02/2018" artClass="00037:00025:00000:00000:00000:00000:00000:00000:00000:00000:00025:00002" artSection="Poder Judiciário" artCategory="Tribunal Regional Eleitoral do Pará" artSize="8" artNotes="" numberPage="118" pdfPage="http://pesquisa.in.gov.br/imprensa/jsp/visualiza/index.jsp?data=01/02/2018&amp;jornal=529&amp;pagina=118" editionNumber="23">
  <body>
    <Identifica><![CDATA[Portaria Nº 17.572, de 26 de janeiro de 2018]]></Identifica>
    <Data><![CDATA[]]></Data>
    <Ementa />
    <Titulo />
    <SubTitulo />
    <Texto><![CDATA[<p> A PRESIDENTE DO TRIBUNAL REGIONAL ELEITORAL DO PARÁ, nos termos do art. 23, XXVII, do Regimento Interno, e à vista da decisão exarada no Processo SEI n. 0012895-60.2017.6.14.8000, resolve:</p><p>Art. 1º Conceder aposentadoria voluntária  ao servidor PEDRO ARMANDO BARRAU DA MOTA FILHO, ocupante do cargo efetivo de Analista Judiciário, Área Administrativa, Classe "C", Padrão 13, matrícula n. 30913213, com fundamento no art. 3º da Emenda Constitucional n. 47/2005, a partir de 07/02/2018.</p><p>Art. 2º Esta Portaria entra em vigor na data de sua publicação.</p>]]></Texto>
    <Autores>
      <assina>CÉLIA REGINA DE LIMA PINHEIRO</assina>
    </Autores>
  </body>
</article></xml>