﻿<xml><article id="1351880" name="30.01.2018 PRES__104212" idOficio="4660390" pubName="DO2" artType="Portaria" pubDate="01/02/2018" artClass="00015:00034:00000:00000:00000:00000:00000:00000:00000:00000:00025:00002" artSection="Ministério da Justiça e Segurança Pública" artCategory="Fundação Nacional do Índio" artSize="8" artNotes="" numberPage="61" pdfPage="http://pesquisa.in.gov.br/imprensa/jsp/visualiza/index.jsp?data=01/02/2018&amp;jornal=529&amp;pagina=61" editionNumber="23">
  <body>
    <Identifica><![CDATA[PORTARIA Nº 57, DE 29 DE JANEIRO DE 2018]]></Identifica>
    <Data><![CDATA[]]></Data>
    <Ementa />
    <Titulo />
    <SubTitulo />
    <Texto><![CDATA[<p> O PRESIDENTE DA FUNDAÇÃO NACIONAL DO ÍNDIO - FUNAI, no uso das atribuições que lhe são conferidas pelo Estatuto, aprovado pelo Decreto nº 9.010, de 23 de março de 2017, resolve:</p><p>Art. 1º Delegar competência ao servidor JOACIR BRAGANTE DE OLIVEIRA, matrícula nº 0444944, para, na vacância do Coordenador Regional de Passo Fundo-RS e nos afastamentos e impedimentos do substituto eventual, de acordo com Artigo 206 do Regimento Interno e observadas as disposições legais e regulamentares, bem como as orientações do órgão central do Sistema de Pessoal Civil da Administração Pública Federal, praticar os seguintes atos administrativos:</p><p>I - Dar Posse e Exercício aos servidores nomeados, com lotação na respectiva Unidade Regional, por meio da Portaria nº 1.349/PRES, de 27 de dezembro de 2017, ficando convalidados os atos praticados a partir de 12 de janeiro de 2018.</p><p>Art. 2º Esta portaria entra em vigor na data de sua publicação.</p>]]></Texto>
    <Autores>
      <assina>FRANKLIMBERG RIBEIRO DE FREITAS</assina>
    </Autores>
  </body>
</article></xml>