﻿<xml><article id="1351994" name="PTS8A15FLORIANOPOLIS" idOficio="4660405" pubName="DO2" artType="Portaria" pubDate="01/02/2018" artClass="00022:00029:00241:00012:00024:00000:00000:00000:00000:00000:00025:00001" artSection="Seção Operacional da Gestão de Pessoas" artCategory="Seção Operacional da Gestão de Pessoas" artSize="8" artNotes="" numberPage="96" pdfPage="http://pesquisa.in.gov.br/imprensa/jsp/visualiza/index.jsp?data=01/02/2018&amp;jornal=529&amp;pagina=96" editionNumber="23">
  <body>
    <Identifica><![CDATA[PORTARIAS DE 29 DE JANEIRO DE 2018]]></Identifica>
    <Data><![CDATA[]]></Data>
    <Ementa />
    <Titulo />
    <SubTitulo />
    <Texto><![CDATA[<p> O Chefe da Seção  Operacional da Gestão de Pessoas da   Gerência Executiva  do INSS em Florianópolis/SC,  no  uso  das atribuições, conferidas  pelo  artigo  235,  da   Portaria  nº 414   de 28/09/2017, publicado    no   DOU   nº 188-A   de  29/09/2017,  que  aprovou o Regimento Interno do INSS,</p><p>Nº 8 - Conceder aposentadoria voluntária integral a servidora AIDA TEREZINHA COSTAL MARTINS, matrícula 0576195, ocupante do cargo de Técnico do Seguro Social,  Classe S, Padrão IV do quadro de pessoal do INSS, com fundamento no art. 3º  inciso I, II e III da EC nº 47/2005, observado o contido no Processo nº 36900.010721/2017-88, e demais vantagens a que faz jus. Declarar vago o referido cargo.</p><p>Nº 9 - Conceder aposentadoria voluntária integral a servidora ANA MARIA BRAGA COLOSSI, matrícula 0929578, ocupante do cargo de Técnico do Seguro Social,  Classe S, Padrão IV do quadro de pessoal do INSS, com fundamento no art. 3º  inciso I, II e III da EC nº 47/2005, observado o contido no Processo nº 35346.000022/2018-81, e demais vantagens a que faz jus. Declarar vago o referido cargo.</p><p>Nº 10 - Conceder aposentadoria voluntária integral ao servidor  ANTONIO CARLOS ESTIMA MARASCIULO, matrícula 1160488, ocupante do cargo de Supervisor Médico pericial,  Classe S, Padrão I do quadro de pessoal do INSS, com fundamento no art. 3º  inciso I, II e III da EC nº 47/2005, observado o contido no Processo nº 35346.000003/2018-54, e demais vantagens a que faz jus. Declarar vago o referido cargo vago.</p><p>Nº 11 - Conceder aposentadoria voluntária integral a servidora CIDERLEI DELELIS BELLAVER DE FARIAS, matrícula 0929420, ocupante do cargo de Técnico do Seguro Social,  Classe S, Padrão IV do quadro de pessoal do INSS, com fundamento no art. 3º  inciso I, II e III da EC nº 47/2005, observado o contido no Processo nº 35346.000065/2018-66, e demais vantagens a que faz jus. Declarar vago o referido cargo.</p><p>Nº 13 - Conceder aposentadoria voluntária integral a servidora CYNTHIA REGINA HAHN COELHO, matrícula 0754817, ocupante do cargo de Bibliotecário, Classe S, Padrão IV do quadro de pessoal do INSS, com fundamento no art. 3º inciso I, II e III da EC nº 47/2005, observado o contido no Processo nº 35346.000052/2018-97, e demais vantagens a que faz jus. Declarar vago o referido cargo.</p><p>Nº 14 - Conceder aposentadoria voluntária integral a servidora DOLORES MARIA ALVES VIEIRA, matrícula 0929089, ocupante do cargo de Datilografo,  Classe S, Padrão IV do quadro de pessoal do INSS, com fundamento no art. 3º  inciso I, II e III da EC nº 47/2005, observado o contido no Processo nº 35346.000056/2018-75, e demais vantagens a que faz jus. Declarar vago o referido cargo.</p><p>Nº 15 - Conceder Aposentadoria Voluntária a servidora LOIVA TERESINHA FERRONATO, matrícula 0926706, ocupante do cargo de Técnico do Seguro Social Classe "S" Padrão IV, do quadro de pessoal do INSS, com base no Art. 40,  § 1º, inciso III, alínea "A" da Constituição Federal, com Redação dada pela Emenda Constitucional nº 41/2003, art. 2ª, com proventos calculados pela média das contribuições com base no art. 1º da lei nº 10.887/2004, observado o contido no processo 35346.000053/2018-31. Declarar vago o referido cargo.</p>]]></Texto>
    <Autores>
      <assina>PAULO DOMINGOS FERREIRA</assina>
    </Autores>
  </body>
</article></xml>