﻿<xml><article id="1349684" name="PTS7E8UBERLANDIA" idOficio="4660256" pubName="DO2" artType="Portaria" pubDate="01/02/2018" artClass="00022:00029:00240:00023:00015:00000:00000:00000:00000:00000:00025:00010" artSection="Seção Operacional  de Gestão de Pessoas" artCategory="Seção Operacional  de Gestão de Pessoas" artSize="8" artNotes="" numberPage="94" pdfPage="http://pesquisa.in.gov.br/imprensa/jsp/visualiza/index.jsp?data=01/02/2018&amp;jornal=529&amp;pagina=94" editionNumber="23">
  <body>
    <Identifica><![CDATA[PORTARIAS de 31 de janeiro de 2018]]></Identifica>
    <Data><![CDATA[]]></Data>
    <Ementa />
    <Titulo />
    <SubTitulo />
    <Texto><![CDATA[<p> O CHEFE DA SEÇÃO OPERACIONAL DE GESTÃO DE PESSOAS DA GERÊNCIA EXECUTIVA DO INSS EM UBERLÂNDIA-MG, por delegação atribuída pelo artigo 235, do Regimento Interno do INSS, aprovado pela Portaria/MDS nº 414 de 28 de setembro de 2017, publicada no DOU nº 188-A de 29 de setembro de 2017, Seção I, resolve:</p><p>Nº 7 - Conceder pensão vitalícia, a partir da data do óbito,  com fundamento no art. 40, § 7º, inciso I da CF/88, com redação dada pela EC nº 41/2003, regulamentada pelo art. 2º, inciso I, da Lei nº 10.887/2004, combinado com os art. 215 e 217, inciso I, da Lei nº 8.112/90, alterados pela Lei nº 13.135/2015, à DENISE VELOSO DA SILVA MARTINELI, cônjuge do ex-servidor aposentado SÉRGIO MARTINELI, matrícula SIAPE 409757, em razão de seu falecimento ocorrido em 19/01/2018. Processo 35162.000091/2018-42.</p><p>Nº 8 - Conceder aposentadoria voluntária à servidora EUNICE MARIA DOS SANTOS,   matrícula SIAPE 0895899, ocupante do cargo de Técnico do Seguro Social, Classe "S", padrão "IV", do Quadro de Pessoal do Instituto Nacional do Seguro Social/INSS, com fundamento no art. 3º da Emenda Constitucional nº 47, de 05/07/2005, com proventos integrais e demais vantagens a que faz jus. Processo 35162.000092/2018-97. Declarar vago o referido cargo.</p>]]></Texto>
    <Autores>
      <assina>VANDEIR FERREIRA DA COSTA</assina>
    </Autores>
  </body>
</article></xml>