﻿<xml><article id="1350582" name="P8282018" idOficio="4660316" pubName="DO2" artType="Portaria" pubDate="01/02/2018" artClass="00011:00129:00001:00001:00000:00000:00000:00000:00000:00000:00025:00002" artSection="Gabinete do Reitor" artCategory="Gabinete do Reitor" artSize="8" artNotes="" numberPage="42" pdfPage="http://pesquisa.in.gov.br/imprensa/jsp/visualiza/index.jsp?data=01/02/2018&amp;jornal=529&amp;pagina=42" editionNumber="23">
  <body>
    <Identifica><![CDATA[PORTARIA N° 828, DE 30 DE JANEIRO DE 2018]]></Identifica>
    <Data><![CDATA[]]></Data>
    <Ementa />
    <Titulo />
    <SubTitulo />
    <Texto><![CDATA[<p> A VICE-REITORA, NO EXERCÍCIO DA REITORIA DA UNIVERSIDADE FEDERAL DO RIO GRANDE DO SUL, no uso de suas atribuições legais e estatutárias, resolve:</p><p> </p><p>Conceder aposentadoria, nos termos do artigo 3º, incisos I, II, III, da Emenda Constitucional nº 47, de 5 de julho de 2005, publicada no Diário Oficial da União do dia 6 subsequente, a JOAO BATISTA VIEGAS DA SILVA, matrícula SIAPE nº 0352983, no cargo de Técnico de Laboratório Área, nível de classificação D, nível de capacitação IV, padrão 16, do Quadro desta Universidade, no regime de quarenta horas semanais de trabalho, com exercício no Departamento de Medicina Veterinária Preventiva da Faculdade de Veterinária, com proventos integrais. Processo 23078.203281/2017-17.</p>]]></Texto>
    <Autores>
      <assina>JANE FRAGA TUTIKIAN</assina>
    </Autores>
  </body>
</article></xml>