﻿<xml><article id="1352715" name="Portaria nr 034_2018" idOficio="4660536" pubName="DO2" artType="Portaria" pubDate="01/02/2018" artClass="00011:00072:00000:00000:00000:00000:00000:00000:00000:00000:00025:00001" artSection="Ministério da Educação" artCategory="Instituto Federal de Educação, Ciência e Tecnologia da Paraíba" artSize="8" artNotes="" numberPage="27" pdfPage="http://pesquisa.in.gov.br/imprensa/jsp/visualiza/index.jsp?data=01/02/2018&amp;jornal=529&amp;pagina=27" editionNumber="23">
  <body>
    <Identifica><![CDATA[Portaria nº 34, de 31 de janeiro de 2018]]></Identifica>
    <Data><![CDATA[]]></Data>
    <Ementa />
    <Titulo />
    <SubTitulo />
    <Texto><![CDATA[<p> O Diretor Geral em Exercício do Campus João Pessoa do Instituto Federal de Educação, Ciência e Tecnologia da Paraíba, nomeado pela Portaria nº 247- DG/JP, de 25 d/e agosto de 2014, e tendo em vista o que consta no Processo nº23326.012025.2017-35, resolve:</p><p> I - Dispensar, a pedido, o servidor DANNILO JOSÉ PEREIRA, Matrícula nº 2229505, CPF nº 073.635.724-61, ocupante do cargo de Técnico em Assuntos Educacionais, do Quadro Permanente de Pessoal deste Instituto, da função de Coordenador Pedagógico, Campus João Pessoa, Código FG-1.</p><p>II - Esta portaria entra em vigor na data de sua publicação.</p>]]></Texto>
    <Autores>
      <assina>WASHINGTON CESAR DE ALMEIDA COSTA</assina>
    </Autores>
  </body>
</article></xml>