﻿<xml><article id="3103119" name="ATO PORTARIA Nº 84" idOficio="4710380" pubName="DO2" artType="Portaria" pubDate="14/05/2018" artClass="00038:00049:00001:00000:00000:00000:00000:00000:00000:00000:00025:00001" artCategory="Poder Judiciário/Tribunal Regional do Trabalho da 10ª Região/Presidência" artSize="8" artNotes="" numberPage="58" pdfPage="http://pesquisa.in.gov.br/imprensa/jsp/visualiza/index.jsp?data=14/05/2018&amp;jornal=529&amp;pagina=58" editionNumber="91" highlightType="" highlightPriority="" highlight="" idMateria="10600545">
  <body>
    <Identifica><![CDATA[ PORTARIA Nº 84, DE 13 DE MARÇO DE 2018]]></Identifica>
    <Data><![CDATA[]]></Data>
    <Ementa />
    <Titulo />
    <SubTitulo />
    <Texto><![CDATA[<p class="identifica">PORTARIA Nº 84, DE 13 DE MARÇO DE 2018</p><p>O DESEMBARGADOR PRESIDENTE DO TRIBUNAL REGIONAL DO TRABALHO DA DÉCIMA REGIÃO, no uso de suas atribuições legais e regimentais, tendo em vista o contido no Processo Administrativo SEI n.º 16.0.000008168-3, resolve:</p><p>I - Revogar a Portaria PRE/CDPES nº 174/2013, de 28/5/2013, publicada no Diário Oficial da União, Seção 2, de 11/6/2013, com efeitos a partir de 14/5/2018.</p><p>II - Redistribuir, "ad referendum" do Eg. Tribunal Pleno, com efeitos a partir de 14/5/2018, para o quadro de pessoal do Tribunal Regional do Trabalho da 3ª Região, ante a concordância manifestada por aquela Corte, o cargo efetivo de Técnico Judiciário, Área Administrativa, Especialidade Segurança, do Quadro de Pessoal do TRT da 10ª Região, ocupado pelo servidor PAULO HENRIQUE NORONHA TORRES, com fundamento no art. 37, da Lei nº 8.112/90, na redação dada pela Lei nº 9.527/97, e na Resolução Administrativa nº 084/2010, do TRT da 10ª Região, em reciprocidade com o cargo de Técnico Judiciário, Área Administrativa, daquele Tribunal, ocupado pela servidora Lilian Marins Cavalieri D´Oro.</p><p class="assina">PEDRO LUÍS VICENTIN FOLTRAN</p>]]></Texto>
  </body>
</article></xml>