﻿<xml><article id="2894753" name="9 Portaria para a imprensa" idOficio="4736801" pubName="DO2" artType="Portaria" pubDate="02/05/2018" artClass="00038:00042:00001:00000:00000:00000:00000:00000:00000:00000:00025:00001" artCategory="Poder Judiciário/Tribunal Regional do Trabalho da 3ª Região/Presidência" artSize="8" artNotes="" numberPage="67" pdfPage="http://pesquisa.in.gov.br/imprensa/jsp/visualiza/index.jsp?data=02/05/2018&amp;jornal=529&amp;pagina=67" editionNumber="83" highlight="" idMateria="10650853">
  <body>
    <Identifica><![CDATA[ PORTARIA   Nº 120, DE 13 DE MARCO DE 2018]]></Identifica>
    <Data><![CDATA[]]></Data>
    <Ementa />
    <Titulo />
    <SubTitulo />
    <Texto><![CDATA[<p></p><p class="identifica">PORTARIA Nº 120, DE 13 DE MARCO DE 2018</p><p>O PRESIDENTE DO TRIBUNAL REGIONAL DO TRABALHO DA TERCEIRA REGIÃO, no uso de suas atribuições legais e regimentais,</p><p>CONSIDERANDO o disposto no art. 37 da Lei n. 8.112, de 11 de dezembro de 1990;</p><p>CONSIDERANDO os termos da Resolução n. 146, de 6 de março de 2012, do Conselho Nacional de Justiça; e</p><p>CONSIDERANDO o constante no processo TRT/e-PAD/38355/2017; resolve:</p><p>Art. 1º Redistribuir o cargo de Analista Judiciário, Área Judiciária, deste Tribunal, ocupado pela servidora Zoraíma Meneses Brandão em reciprocidade com o cargo de Analista Judiciário, Área Judiciária, Especialidade Oficial de Justiça Avaliador Federal, provido pela servidora Paula Grossi Fernandes Gontijo de Oliveira Lage, do Quadro de Pessoal do Tribunal Regional do Trabalho da 22ª Região.</p><p>Art. 2º Conceder o período de trânsito de 15 dias à servidora Paula Grossi Fernandes Gontijo de Oliveira Lage, nos termos do art. 18 da Lei 8.112/90 e do art.27 da Resolução nº 110, de 31 de agosto de 2012 do CSJT.</p><p>Art. 3º Esta portaria entra em vigor na data de sua publicação.</p><p></p><p class="assina">Des. MARCUS MOURA FERREIRA</p><p></p>]]></Texto>
  </body>
</article></xml>