﻿<xml><article id="3024978" name="079 - Dispensa Rodrigo Capez - J" idOficio="4740582" pubName="DO2" artType="Portaria" pubDate="09/05/2018" artClass="00038:00001:00002:00000:00000:00000:00000:00000:00000:00000:00025:00001" artCategory="Poder Judiciário/Supremo Tribunal Federal/Presidência" artSize="8" artNotes="" numberPage="65" pdfPage="http://pesquisa.in.gov.br/imprensa/jsp/visualiza/index.jsp?data=09/05/2018&amp;jornal=529&amp;pagina=65" editionNumber="88" highlight="" idMateria="10658183">
  <body>
    <Identifica><![CDATA[ PORTARIA 79, DE 5 DE ABRIL DE 2018]]></Identifica>
    <Data><![CDATA[]]></Data>
    <Ementa />
    <Titulo />
    <SubTitulo />
    <Texto><![CDATA[<p class="identifica">PORTARIA 79, DE 5 DE ABRIL DE 2018</p><p>A PRESIDENTE DO SUPREMO TRIBUNAL FEDERAL no uso de suas atribuições e com base na Emenda Regimental nº 36, de 2 de dezembro de 2009, resolve:</p><p>Dispensar o Juiz de Direito RODRIGO CAPEZ, do Tribunal de Justiça do Estado de São Paulo, da atuação como Juiz Instrutor do Gabinete do Ministro Dias Toffoli, a partir de 9 de maio de 2018.</p><p class="assina">Ministra CÁRMEN LÚCIA</p>]]></Texto>
  </body>
</article></xml>