﻿<xml><article id="2894954" name="9 Portaria para a imprensa__0601" idOficio="4736666" pubName="DO2" artType="Portaria" pubDate="02/05/2018" artClass="00038:00042:00001:00000:00000:00000:00000:00000:00000:00000:00025:00001" artCategory="Poder Judiciário/Tribunal Regional do Trabalho da 3ª Região/Presidência" artSize="8" artNotes="" numberPage="67" pdfPage="http://pesquisa.in.gov.br/imprensa/jsp/visualiza/index.jsp?data=02/05/2018&amp;jornal=529&amp;pagina=67" editionNumber="83" highlight="" idMateria="10650673">
  <body>
    <Identifica><![CDATA[ PORTARIA   Nº 65, DE 7 DE FEVEREIRO DE 2018]]></Identifica>
    <Data><![CDATA[]]></Data>
    <Ementa />
    <Titulo />
    <SubTitulo />
    <Texto><![CDATA[<p></p><p class="identifica">PORTARIA Nº 65, DE 7 DE FEVEREIRO DE 2018</p><p>O PRESIDENTE DO TRIBUNAL REGIONAL DO TRABALHO DA TERCEIRA REGIÃO, no uso de suas atribuições legais e regimentais,</p><p>CONSIDERANDO o disposto no art. 37 da Lei n. 8.112, de 11 de dezembro de 1990;</p><p>CONSIDERANDO os termos da Resolução n. 146, de 6 de março de 2012, do Conselho Nacional de Justiça; e</p><p>CONSIDERANDO o constante no processo TRT/e-PAD/27257/2017; resolve:</p><p>Art. 1º Exaurir os efeitos da Portaria N. 37/2014, publicada no Diário Oficial da União em 7 de janeiro de 2015, que removeu o servidor Tairony Novais Miranda para o Tribunal Regional do Trabalho da 1ª Região.</p><p>Art. 2º Redistribuir o cargo de Técnico Judiciário, Área Administrativa, deste Tribunal, ocupado pelo servidor Tairony Novais Miranda, em reciprocidade com o cargo de Técnico Judiciário, Área Administrativa, provido pela servidora Cristiane Milhomens Brescia, do Quadro de Pessoal do Tribunal Regional do Trabalho da 1ª Região.</p><p>Art. 3º Esta portaria entra em vigor na data de sua publicação.</p><p></p><p class="assina">Des. MARCUS MOURA FERREIRA</p><p></p>]]></Texto>
  </body>
</article></xml>