﻿<xml><article id="3103227" name="MiguelGustavoPaivaTorres-Portari" idOficio="4737388" pubName="DO2" artType="Portaria" pubDate="14/05/2018" artClass="00020:00001:00000:00000:00000:00000:00000:00000:00000:00000:00025:00001" artCategory="Ministério das Relações Exteriores/Gabinete do Ministro" artSize="8" artNotes="" numberPage="41" pdfPage="http://pesquisa.in.gov.br/imprensa/jsp/visualiza/index.jsp?data=14/05/2018&amp;jornal=529&amp;pagina=41" editionNumber="91" highlightType="" highlightPriority="" highlight="" idMateria="10651665">
  <body>
    <Identifica><![CDATA[ PORTARIA Nº 304, DE 4 DE ABRIL DE 2018]]></Identifica>
    <Data><![CDATA[]]></Data>
    <Ementa />
    <Titulo />
    <SubTitulo />
    <Texto><![CDATA[<p class="identifica">PORTARIA Nº 304, DE 4 DE ABRIL DE 2018</p><p>O MINISTRO DE ESTADO DAS RELAÇÕES EXTERIORES, no uso das atribuições que lhe confere o Decreto nº 83.840, de 14 de agosto de 1979, resolve:</p><p>Art. 1º - Conceder aposentadoria voluntária a MIGUEL GUSTAVO DE PAIVA TORRES, matrícula SIAPE nº 171406, matrícula SIAPECAD nº 671965, Ministro de Primeira Classe da carreira de diplomata, do Quadro Especial do Ministério das Relações Exteriores, com fundamento no artigo 3° da Emenda Constitucional n° 47, de 5 de julho de 2005.</p><p>Art. 2º - Esta Portaria entra em vigor a partir de sua publicação no Diário Oficial da União.</p><p class="assina">ALOYSIO NUNES FERREIRA</p>]]></Texto>
  </body>
</article></xml>