﻿<xml><article id="2945027" name="DOU - PORTARIA 030 - DESIGNAR PR" idOficio="4746751" pubName="DO2" artType="Portaria" pubDate="04/05/2018" artClass="00011:00060:00008:00000:00000:00000:00000:00000:00000:00000:00025:00001" artCategory="Ministério da Educação/Instituto Federal de Educação, Ciência e Tecnologia do Ceará/Campus Canindé" artSize="8" artNotes="" numberPage="23" pdfPage="http://pesquisa.in.gov.br/imprensa/jsp/visualiza/index.jsp?data=04/05/2018&amp;jornal=529&amp;pagina=23" editionNumber="85" highlight="" idMateria="10669619">
  <body>
    <Identifica><![CDATA[ PORTARIA Nº 30, 10 DE ABRIL DE 2018]]></Identifica>
    <Data><![CDATA[]]></Data>
    <Ementa />
    <Titulo />
    <SubTitulo />
    <Texto><![CDATA[<p class="identifica">PORTARIA Nº 30, 10 DE ABRIL DE 2018</p><p>OBJETO: O DIRETOR GERAL DO CAMPUS CANINDÉ, DO INSTITUTO FEDERAL DE EDUCAÇÃO, CIÊNCIA E TECNOLOGIA DO CEARÁ, no uso de suas atribuições, considerando o que dispõe a Portaria nº 252/GR, de 20 de março de 2017, resolve:</p><p>Art. 1º - Dispensar, a pedido, a servidora Thaidys da Conceição Lima do Monte, Matrícula Siape nº 1959125, pertencente ao Quadro Permanente desta Instituição, do exercício da Função Comissionada de Coordenadoria de Curso - FCC, do Curso de Educação Física do campus Canindé, para o qual fora designado mediante a Portaria nº 29/DG de 06/03/2017, publicada no D.O.U em 07/03/2017.</p><p>Art. 2º - Designar a servidora Magna Leilane da Silva, Siape nº 2407760, pertencente ao Quadro Permanente desta Instituição, para o exercício da Função Comissionada de Coordenação de Curso - FCC, do Curso de Educação Física do campus Canindé.</p><p>Art. 3° - Estabelecer que esta Portaria entre em vigor na data de sua publicação.</p><p class="assina">Francisco Antônio Barbosa Vidal</p>]]></Texto>
  </body>
</article></xml>