﻿<xml><article id="2894960" name="Gabarito DOU - Alexandre e Mônic" idOficio="4747548" pubName="DO2" artType="Portaria" pubDate="02/05/2018" artClass="00038:00024:00000:00000:00000:00000:00000:00000:00000:00000:00025:00001" artCategory="Poder Judiciário/Tribunal Regional Eleitoral de Minas Gerais" artSize="8" artNotes="" numberPage="65" pdfPage="http://pesquisa.in.gov.br/imprensa/jsp/visualiza/index.jsp?data=02/05/2018&amp;jornal=529&amp;pagina=65" editionNumber="83" highlight="" idMateria="10670828">
  <body>
    <Identifica><![CDATA[ PORTARIA Nº 37, DE  4 DE ABRIL DE 2018]]></Identifica>
    <Data><![CDATA[]]></Data>
    <Ementa />
    <Titulo />
    <SubTitulo />
    <Texto><![CDATA[<p></p><p></p><p class="identifica">PORTARIA Nº 37, DE 4 DE ABRIL DE 2018</p><p>O DESEMBARGADOR PRESIDENTE DO TRIBUNAL REGIONAL ELEITORAL DE MINAS GERAIS, no uso de suas atribuições e tendo em vista o disposto no art. 37 da Lei n.º 8.112, de 11 de dezembro de 1990, na Resolução TSE n.º 23.430, de 12 de agosto de 2014, na Portaria TRE/MG n.º 46, de 18 de março de 2015, e no Processo Administrativo Digital n.º 1709163/2017, resolve:</p><p>Art. 1º REDISTRIBUIR o cargo de Técnico Judiciário - Área Administrativa -, criado pela Lei n.º 8.868/1994, ocupado pelo servidor ALEXANDRE RODOLFO FALCÃO FERREIRA, pertencente ao Quadro de Pessoal deste Tribunal Regional Eleitoral de Minas Gerais, em reciprocidade com o cargo de mesma denominação ocupado pela servidora MÔNICA RODRIGUES BARBOSA ARAGÃO, pertencente ao Quadro de Pessoal do Tribunal Regional Eleitoral de São Paulo.</p><p></p><p class="assina">Des. EDGARD PENNA AMORIM</p><p></p>]]></Texto>
  </body>
</article></xml>