﻿<xml><article id="2894963" name="CESSAR_EFEITOS_DOU_11_04_18_CRIS" idOficio="4747577" pubName="DO2" artType="Portaria" pubDate="02/05/2018" artClass="00038:00040:00001:00001:00000:00000:00000:00000:00000:00000:00025:00002" artCategory="Poder Judiciário/Tribunal Regional do Trabalho da 1ª Região/Presidência/Gabinete da Presidência" artSize="8" artNotes="" numberPage="66" pdfPage="http://pesquisa.in.gov.br/imprensa/jsp/visualiza/index.jsp?data=02/05/2018&amp;jornal=529&amp;pagina=66" editionNumber="83" highlight="" idMateria="10670844">
  <body>
    <Identifica><![CDATA[ PORTARIA Nº 308, de 15 de março de 2018]]></Identifica>
    <Data><![CDATA[]]></Data>
    <Ementa />
    <Titulo />
    <SubTitulo />
    <Texto><![CDATA[<p></p><p class="identifica">PORTARIA Nº 308, de 15 de março de 2018</p><p>O PRESIDENTE DO TRIBUNAL REGIONAL DO TRABALHO DA PRIMEIRA REGIÃO, no uso de suas atribuições legais e regimentais, e tendo em vista o contido no PROAD nº 5012/2017, resolve:</p><p>I-Cessar os efeitos da Portaria nº 1860/2014-SEP, publicada no DOU, Seção 2, de 7/1/2015, que removeu para o Tribunal Regional do Trabalho da Terceira Região, o Técnico Judiciário - Área Administrativa, CRISTIANE MILHOMENS BRESCIA, do Quadro de Pessoal deste Tribunal;</p><p>II-Redistribuir, com fundamento no art. 37 da Lei nº 8.112, de 11 de dezembro de 1990, o cargo da Carreira de Técnico Judiciário - Área Administrativa, Classe A, Padrão 04, do Quadro de Pessoal deste Tribunal, ocupado pela servidora, CRISTIANE MILHOMENS BRESCIA, para o Quadro de Pessoal do Tribunal Regional do Trabalho da Terceira Região, em reciprocidade com o cargo da Carreira de Técnico Judiciário - Área Administrativa, do Quadro de Pessoal do Tribunal Regional do Trabalho da Terceira Região, ocupado pelo servidor TAIRONY NOVAIS MIRANDA;</p><p>III-Esta portaria entra em vigor a partir de 2 de maio de 2018.</p><p></p><p class="assina">Des. FERNANDO ANTONIO ZORZENON DA SILVA</p><p></p>]]></Texto>
  </body>
</article></xml>