﻿<xml><article id="2895011" name="portaria 17731 SGP" idOficio="4749162" pubName="DO2" artType="Portaria" pubDate="02/05/2018" artClass="00038:00025:00000:00000:00000:00000:00000:00000:00000:00000:00025:00001" artCategory="Poder Judiciário/Tribunal Regional Eleitoral do Pará" artSize="8" artNotes="" numberPage="65" pdfPage="http://pesquisa.in.gov.br/imprensa/jsp/visualiza/index.jsp?data=02/05/2018&amp;jornal=529&amp;pagina=65" editionNumber="83" highlight="" idMateria="10673930">
  <body>
    <Identifica><![CDATA[ Portaria Nº 17.731, de   5 de abril de 2018]]></Identifica>
    <Data><![CDATA[]]></Data>
    <Ementa />
    <Titulo />
    <SubTitulo />
    <Texto><![CDATA[<p></p><p class="identifica">Portaria Nº 17.731, de 5 de abril de 2018</p><p>A PRESIDENTE DO TRIBUNAL REGIONAL ELEITORAL DO PARÁ, no uso de suas atribuições legais, e tendo em vista o disposto no processo administrativo eletrônico SEI nº 0004619-40.2017.6.14.8000, RESOLVE:</p><p>Art. 1º. REDISTRIBUIR o cargo efetivo de Técnico Judiciário, Área Administrativa, do Quadro de Pessoal Permanente deste Tribunal, ocupado pelo servidor FRANCISCO SANTOS SOARES para o Tribunal Regional Eleitoral do Maranhão, condicionado à redistribuição recíproca do cargo de Técnico Judiciário, Área Administrativa, ocupado pelo servidor HUGO HYAGO DE CARVALHO MENDONÇA, daquele Tribunal, com fundamento no art. 37, I, da Lei nº 8.112/1990, c/c o art. 2º, I, da Resolução CNJ nº 146/2012 e art. 2º, I e 6º, I, e 8º da Resolução TSE nº 23.430/2014.</p><p>Art. 2º. Esta portaria entra em vigor na data de sua publicação.</p><p></p><p class="assina">Des. CÉLIA REGINA DE LIMA PINHEIRO</p><p></p>]]></Texto>
  </body>
</article></xml>