﻿<xml><article id="2894972" name="DOU02_ATO_035_2018_REDISTRIBUICA" idOficio="4750487" pubName="DO2" artType="Ato" pubDate="02/05/2018" artClass="00038:00059:00004:00000:00000:00000:00000:00000:00000:00000:00001:00001" artCategory="Poder Judiciário/Tribunal Regional do Trabalho da 20ª Região/Diretoria-Geral" artSize="8" artNotes="" numberPage="70" pdfPage="http://pesquisa.in.gov.br/imprensa/jsp/visualiza/index.jsp?data=02/05/2018&amp;jornal=529&amp;pagina=70" editionNumber="83" highlight="" idMateria="10676747">
  <body>
    <Identifica><![CDATA[ ATO  Nº  35, de  12 DE ABRIL DE 2018]]></Identifica>
    <Data><![CDATA[]]></Data>
    <Ementa />
    <Titulo />
    <SubTitulo />
    <Texto><![CDATA[<p></p><p class="identifica">ATO Nº 35, de 12 DE ABRIL DE 2018</p><p>O DESEMBARGADOR VICE-PRESIDENTE NO EXERCÍCIO DA PRESIDÊNCIA DO TRIBUNAL REGIONAL DO TRABALHO DA 20ª REGIÃO, de suas atribuições legais e regimentais, e considerando o contido no PROAD nº 34968/2017, resolve:</p><p>1. Redistribuir, com efeitos a contar de 2/5/2018, na forma prevista no art. 37 da Lei nº 8.112/90, com redação dada pela Lei nº 9.527/97, e na Resolução nº 146/2012 do Conselho Nacional de Justiça (CNJ), o cargo de provimento efetivo de Analista Judiciário - Área Judiciária do Quadro Permanente de Pessoal da Secretaria deste Tribunal, ocupado pelo servidor JOÃO PAULO BURICHE COUTINHO CUSTÓDIO, para o Quadro Permanente de Pessoal do Tribunal Regional do Trabalho da 1ª Região, tendo por reciprocidade a redistribuição simultânea do cargo de mesma denominação ocupado pelo servidor do TRT da 1ª Região LUCAS FONTES SANTANA.</p><p>2. Fazer cessar, em consequência, a remoção do servidor JOÃO PAULO BURICHE COUTINHO CUSTÓDIO para o Tribunal Regional do Trabalho da 1ª Região, de que trata o ATO DG.PR Nº 069/2015, de 27/3/2015, publicado no Diário Oficial da União nº 64, Seção 2, página 63, de 6/4/2015.</p><p class="assina">Des. JOÃO AURINO MENDES BRITO</p>]]></Texto>
  </body>
</article></xml>