﻿<xml><article id="2894759" name="ports__060020" idOficio="4750648" pubName="DO2" artType="Portaria" pubDate="02/05/2018" artClass="00011:00032:00001:00000:00000:00000:00000:00000:00000:00000:00025:00001" artCategory="Ministério da Educação/Fundação Universidade Federal do Mato Grosso do Sul/Reitoria" artSize="8" artNotes="" numberPage="14" pdfPage="http://pesquisa.in.gov.br/imprensa/jsp/visualiza/index.jsp?data=02/05/2018&amp;jornal=529&amp;pagina=14" editionNumber="83" highlight="" idMateria="10676986">
  <body>
    <Identifica><![CDATA[ PORTARIA Nº 430, De 11 de abril de 2018]]></Identifica>
    <Data><![CDATA[]]></Data>
    <Ementa />
    <Titulo />
    <SubTitulo />
    <Texto><![CDATA[<p class="identifica">PORTARIA Nº 430, De 11 de abril de 2018</p><p>O REITOR DA FUNDAÇÃO UNIVERSIDADE FEDERAL DE MATO GROSSO DO SUL, no uso de suas atribuições legais, e tendo em vista o que consta do Processo nº 23104.022408/2017-26, resolve:</p><p>Conceder aposentadoria voluntária a JOÃO FUZETO, matrícula Siape nº 0433554, código de vaga 341804, integrante da Carreira Técnico-Administrativa, do Quadro de Pessoal desta Universidade, ocupante do cargo de Eletricista, Classe C, Nível de Capacitação 4, Padrão 16, nos termos dos incisos I a III do art. 3º da Emenda Constitucional nº 47, de 5 de julho de 2005, com proventos integrais e onze por cento de anuênio.</p><p class="assina">MARCELO AUGUSTO SANTOS TURINE</p>]]></Texto>
  </body>
</article></xml>