﻿<xml><article id="2894891" name="PORTARIA JBRJ Nº 55, DE 10 DE AB" idOficio="4752185" pubName="DO2" artType="Portaria" pubDate="02/05/2018" artClass="00025:00023:00000:00000:00000:00000:00000:00000:00000:00000:00025:00001" artCategory="Ministério do Meio Ambiente/Instituto de Pesquisas Jardim Botânico do Rio de Janeiro" artSize="8" artNotes="" numberPage="48" pdfPage="http://pesquisa.in.gov.br/imprensa/jsp/visualiza/index.jsp?data=02/05/2018&amp;jornal=529&amp;pagina=48" editionNumber="83" highlight="" idMateria="10680188">
  <body>
    <Identifica><![CDATA[PORTARIA  Nº 55, DE 10 DE ABRIL DE 2018]]></Identifica>
    <Data><![CDATA[]]></Data>
    <Ementa />
    <Titulo />
    <SubTitulo />
    <Texto><![CDATA[<p class="identifica">PORTARIA Nº 55, DE 10 DE ABRIL DE 2018</p><p>O PRESIDENTE DO INSTITUTO DE PESQUISAS JARDIM BOTÂNICO DO RIO DE JANEIRO, nomeado pelo Decreto de 06 de julho de 2016, publicado no Diário Oficial da União de 07 de julho de 2016, e no uso das atribuições que lhe conferem a Lei nº 10.316, de 06 de dezembro de 2001, publicada no Diário Oficial da União de 07 de dezembro de 2001, e no Decreto nº 8.841, de 25 de agosto de 2016, publicado no Diário Oficial da União de 26 de agosto de 2016, e</p><p>CONSIDERANDO os autos do Processo JBRJ nº 02011.000048/2018-51, resolve:</p><p>Art. 1º Conceder Aposentadoria Voluntária Integral, com proventos integrais e paridade total com os ativos à servidora MARIA LÚCIA MOREIRA NOVA DA COSTA, ocupante do cargo de Tecnologista, NS, Classe H, Padrão III, matrícula SIAPE nº 0685769, integrante do Quadro de Pessoal deste Instituto de Pesquisas Jardim Botânico do Rio de Janeiro, com fundamento no art. 40, § 1°, inciso III, alínea "a" da CF/88, com a redação dada pelo art. 3º, incisos I, II e III da EC n° 47/2005, e no art. 186, inciso III, alínea "a", da Lei n° 8.112/90.</p><p>Art. 2º Declarar vago o referido cargo.</p><p>Art. 3º Esta Portaria entra em vigor na data de sua publicação.</p><p class="assina">SERGIO BESSERMAN VIANNA</p>]]></Texto>
  </body>
</article></xml>