﻿<xml><article id="2894801" name="ATO 110.2018 redistribuição Meli" idOficio="4755053" pubName="DO2" artType="Ato" pubDate="02/05/2018" artClass="00038:00045:00001:00000:00000:00000:00000:00000:00000:00000:00001:00001" artCategory="Poder Judiciário/Tribunal Regional do Trabalho da 6ª Região/Presidência" artSize="8" artNotes="" numberPage="67" pdfPage="http://pesquisa.in.gov.br/imprensa/jsp/visualiza/index.jsp?data=02/05/2018&amp;jornal=529&amp;pagina=67" editionNumber="83" highlight="" idMateria="10685138">
  <body>
    <Identifica><![CDATA[ ATO   Nº 110, de  13 de abril de 2018]]></Identifica>
    <Data><![CDATA[]]></Data>
    <Ementa />
    <Titulo />
    <SubTitulo />
    <Texto><![CDATA[<p></p><p class="identifica">ATO Nº 110, de 13 de abril de 2018</p><p>O DESEMBARGADOR PRESIDENTE DO TRIBUNAL REGIONAL DO TRABALHO DA SEXTA REGIÃO, usando de suas atribuições legais e regimentais, considerando o decidido no processo n.º 292/2018 - Proad, e CONSIDERANDO o disposto no art. 37 da Lei n.º 8.112/90 e na Resolução n.º 146/2012 do Conselho Nacional de Justiça, resolve:</p><p>I - FAZER CESSAR os efeitos do Ato TRT-GP n.º 609/2012, publicado no DOU, seção 2, número 237, página 56, em 10.12.2012, que removeu a servidora MELINA ALVES BRASIL, ocupante do cargo de Analista Judiciário, Área Judiciária, sem especialidade, deste Regional para o Tribunal Regional do Trabalho da 5ª Região, em reciprocidade com o servidor THIAGO JOSÉ FEITOSA ONOFRE, ocupante de idêntico cargo, daquele Regional.</p><p>II - REDISTRIBUIR o cargo de Analista Judiciário, Área Judiciária, sem especialidade, do Quadro de Pessoal efetivo deste Tribunal, ocupado pela servidora MELINA ALVES BRASIL ARAÚJO, para o Tribunal Regional do Trabalho da 5ª Região, em reciprocidade com idêntico cargo, ocupado pelo servidor THIAGO JOSÉ FEITOSA ONOFRE, daquele Tribunal.</p><p>III - MANTER o servidor THIAGO JOSÉ FEITOSA ONOFRE lotado na 1ª Vara do Trabalho de Paulista, no exercício da função comissionada FC-04 (código 2355) de Calculista. Este Ato tem efeitos a partir da publicação. Publique-se no Diário Oficial da União.</p><p></p><p class="assina">Des. IVAN DE SOUZA VALENÇA ALVES</p><p></p>]]></Texto>
  </body>
</article></xml>