﻿<xml><article id="2894870" name="REDISTRIBUICAO_DOU_2_5_18_LUCAS_" idOficio="4760536" pubName="DO2" artType="Portaria" pubDate="02/05/2018" artClass="00038:00040:00001:00001:00000:00000:00000:00000:00000:00000:00025:00003" artCategory="Poder Judiciário/Tribunal Regional do Trabalho da 1ª Região/Presidência/Gabinete da Presidência" artSize="8" artNotes="" numberPage="66" pdfPage="http://pesquisa.in.gov.br/imprensa/jsp/visualiza/index.jsp?data=02/05/2018&amp;jornal=529&amp;pagina=66" editionNumber="83" highlight="" idMateria="10695735">
  <body>
    <Identifica><![CDATA[ PORTARIA Nº 435, de  11 de abril de 2018]]></Identifica>
    <Data><![CDATA[]]></Data>
    <Ementa />
    <Titulo />
    <SubTitulo />
    <Texto><![CDATA[<p></p><p class="identifica">PORTARIA Nº 435, de 11 de abril de 2018</p><p>O PRESIDENTE DO TRIBUNAL REGIONAL DO TRABALHO DA PRIMEIRA REGIÃO, no uso de suas atribuições legais e regimentais, e tendo em vista o contido no Processo Administrativo PROAD Nº 10487/2017 (SEP), resolve:</p><p>I-Cessar os efeitos da Portaria nº 470/2015-SEP, publicada no DOU, Seção 2, de 6/4/2015, que removeu para o Tribunal Regional do Trabalho da Vigésima Região, o Analista Judiciário - Área Judiciária, LUCAS FONTES SANTANA, do Quadro de Pessoal deste Tribunal;</p><p>II-Redistribuir, com fundamento no art. 37 da Lei nº 8.112, de 11 de dezembro de 1990, o cargo da Carreira de Analista Judiciário - Área Judiciária, Classe A, Padrão 04, do Quadro de Pessoal deste Tribunal, ocupado pelo servidor, LUCAS FONTES SANTANA, para o Quadro de Pessoal do Tribunal Regional do Trabalho da Vigésima Região, em reciprocidade com o cargo da Carreira de Analista Judiciário - Área Judiciária, do Quadro de Pessoal do Tribunal Regional do Trabalho da Vigésima Região, ocupado pelo servidor JOÃO PAULO BURICHE COUTINHO CUSTODIO;</p><p>III- Esta portaria entra em vigor a partir de 2 de maio de 2018.</p><p></p><p class="assina">Des. FERNANDO ANTONIO ZORZENON DA SILVA</p><p></p>]]></Texto>
  </body>
</article></xml>