﻿<xml><article id="2941639" name="portaria nomeacao rafael" idOficio="4762086" pubName="DO2" artType="Portaria" pubDate="04/05/2018" artClass="00039:00019:00000:00000:00000:00000:00000:00000:00000:00000:00025:00001" artCategory="Entidades de Fiscalização do Exercício das Profissões Liberais/Conselho de Arquitetura e Urbanismo do Piauí" artSize="8" artNotes="" numberPage="84" pdfPage="http://pesquisa.in.gov.br/imprensa/jsp/visualiza/index.jsp?data=04/05/2018&amp;jornal=529&amp;pagina=84" editionNumber="85" highlight="" idMateria="10698890">
  <body>
    <Identifica><![CDATA[ PORTARIA Nº 15, de 3 de abril de 2018]]></Identifica>
    <Data><![CDATA[]]></Data>
    <Ementa />
    <Titulo />
    <SubTitulo />
    <Texto><![CDATA[<p class="identifica">PORTARIA Nº 15, de 3 de abril de 2018</p><p>O PRESIDENTE DO CONSELHO DE ARQUITETURA E URBANISMO DO PIAUÍ (CAU/PI), no uso de suas atribuições constitucionais e legais, resolve:</p><p>Art.1º. Nomear, RAFAEL HENRIQUE SILVA DE MELO, brasileiro, solteiro, cédula de identidade nº 3.184.502 SSP/PI, inscrito no CPF sob Nº 015.638.693-30, CTPS nº 9.330.921, série nº 00050-PI, residente e domiciliado em Teresina, Piauí, para o emprego em Comissão de Assessor Técnico do CAU/PI.</p><p>§ 1º A contratação será por tempo indeterminado.</p><p>Art.2º. Esta Portaria entra em vigor a partir da data de sua assinatura.</p><p class="assina">WELLINGTON CAMARÇO</p>]]></Texto>
  </body>
</article></xml>