﻿<xml><article id="2894897" name="606.EXONERA FLÁVIO - NOMEIA ENIO" idOficio="4758629" pubName="DO2" artType="Portaria" pubDate="02/05/2018" artClass="00034:00008:00001:00004:00000:00000:00000:00000:00000:00000:00025:00001" artCategory="Ministério Público da União/Ministério Público do Trabalho/Procuradoria-Geral/Diretoria-Geral" artSize="8" artNotes="" numberPage="58" pdfPage="http://pesquisa.in.gov.br/imprensa/jsp/visualiza/index.jsp?data=02/05/2018&amp;jornal=529&amp;pagina=58" editionNumber="83" highlight="" idMateria="10691987">
  <body>
    <Identifica><![CDATA[ PORTARIA Nº 606, DE 19 DE ABRIL DE 2018]]></Identifica>
    <Data><![CDATA[]]></Data>
    <Ementa />
    <Titulo />
    <SubTitulo />
    <Texto><![CDATA[<p class="identifica">PORTARIA Nº 606, DE 19 DE ABRIL DE 2018</p><p>A DIRETORA-GERAL ADJUNTA DO MINISTÉRIO PÚBLICO DO TRABALHO, no uso das atribuições que lhe foram delegadas pela Portaria MPT-DG nº 86, de 30 de março de 2016, e o que consta no PGEA nº 000540.2018.18.900/0, resolve:</p><p>Art. 1º Exonerar, a contar de 1º.5.2018, o servidor FLAVIO RODRIGUES GODINHO, matrícula 6001712, ocupante do cargo de Analista do MPU/Direito, do cargo em comissão de Assessor Jurídico do 1º Ofício Geral da Procuradoria Regional do Trabalho da 18ª Região/GO, código CC-4.</p><p>Art. 2º Nomear o servidor ENIO FERREIRA JUNIOR, matrícula 6002468, ocupante do cargo de Analista do MPU/Direito, para o cargo em comissão de Assessor Jurídico do 1º Ofício Geral da Procuradoria Regional do Trabalho da 18ª Região/GO, código CC-4, em vaga criada pela Lei 12.321/2010.</p><p class="assina">SANDRA CRISTINA DE ARAÚJO</p>]]></Texto>
  </body>
</article></xml>