﻿<xml><article id="2894840" name="ports 486" idOficio="4759962" pubName="DO2" artType="Portaria" pubDate="02/05/2018" artClass="00011:00032:00001:00000:00000:00000:00000:00000:00000:00000:00025:00001" artCategory="Ministério da Educação/Fundação Universidade Federal do Mato Grosso do Sul/Reitoria" artSize="8" artNotes="" numberPage="14" pdfPage="http://pesquisa.in.gov.br/imprensa/jsp/visualiza/index.jsp?data=02/05/2018&amp;jornal=529&amp;pagina=14" editionNumber="83" highlight="" idMateria="10694936">
  <body>
    <Identifica><![CDATA[ PORTARIA nº 486, De 19 de abril de 2018]]></Identifica>
    <Data><![CDATA[]]></Data>
    <Ementa />
    <Titulo />
    <SubTitulo />
    <Texto><![CDATA[<p class="identifica">PORTARIA nº 486, De 19 de abril de 2018</p><p>O REITOR DA FUNDAÇÃO UNIVERSIDADE FEDERAL DE MATO GROSSO DO SUL, no uso de suas atribuições legais, e tendo em vista o que consta do Processo nº 23104.002061/2018-86, resolve:</p><p>Conceder aposentadoria voluntária a MANOEL MENDES RAMOS FILHO, matrícula Siape nº 0432327, código de vaga 340617, integrante da Carreira do Magistério Superior, do Quadro de Pessoal desta Universidade, ocupante do cargo de Professor, Classe Associado, Nível 4, com Doutorado, em regime de Dedicação Exclusiva, nos termos dos incisos I a III do art. 3º da Emenda Constitucional nº 47, de 5 de julho de 2005, com proventos integrais e dezenove por cento de anuênio.</p><p class="assina">MARCELO AUGUSTO SANTOS TURINE</p>]]></Texto>
  </body>
</article></xml>