﻿<xml><article id="2894846" name="200 - Remove, RICARDO P. REMÉDIO" idOficio="4761754" pubName="DO2" artType="Portaria" pubDate="02/05/2018" artClass="00038:00050:00003:00000:00000:00000:00000:00000:00000:00000:00025:00001" artCategory="Poder Judiciário/Tribunal Regional do Trabalho da 11ª Região/Presidência" artSize="8" artNotes="" numberPage="68" pdfPage="http://pesquisa.in.gov.br/imprensa/jsp/visualiza/index.jsp?data=02/05/2018&amp;jornal=529&amp;pagina=68" editionNumber="83" highlight="" idMateria="10698496">
  <body>
    <Identifica><![CDATA[ PORTARIA Nº 200, de  13 de abril de 2018]]></Identifica>
    <Data><![CDATA[]]></Data>
    <Ementa />
    <Titulo />
    <SubTitulo />
    <Texto><![CDATA[<p></p><p></p><p class="identifica">PORTARIA Nº 200, de 13 de abril de 2018</p><p></p><p>A PRESIDENTE DO TRIBUNAL REGIONAL DO TRABALHO DA 11ª REGIÃO, Desembargadora do Trabalho ELEONORA DE SOUZA SAUNIER, no uso de suas atribuições legais e regimentais,</p><p>CONSIDERANDO o que consta do Parecer 504/2017 da Assessoria Jurídico-Administrativa, da Res. Administrativa 47/2018/TRT11 e das demais informações consignadas nos autos da Matéria Administrativa 11841/2017 (e-SAP),</p><p>CONSIDERANDO, ainda, o disposto nos artigos 18 e 36 da lei 8.112/1990, c/c os artigos 7º, II, 12 e 13 da Resolução CSJT 110/2012, resolve:</p><p>Art. 1º Remover, a pedido, o servidor RICARDO PEIXOTO REMEDIOS, do quadro de pessoal deste Tribunal, mediante permuta com o servidor GILVAN GALVÃO DA SILVA, do quadro de pessoal do Tribunal Regional do Trabalho da 23ª Região, ambos ocupantes do cargo de Técnico Judiciário, Área Administrativa.</p><p>Art. 2º Conceder 30 dias de prazo, contados a partir de 2-5-2018, para a retomada do efetivo desempenho das atribuições do cargo, incluindo nesse prazo o tempo necessário para o deslocamento à nova sede, conforme art. 18 da Lei 8.112/1990, c/c o art. 27 da Resolução CSJT 110/2012.</p><p>Art. 3º Esta portaria entrará em vigor a partir de 2-5-2018.</p><p class="assina">Des. ELEONORA DE SOUZA SAUNIER</p>]]></Texto>
  </body>
</article></xml>