﻿<xml><article id="2940744" name="Portaria 103-2018" idOficio="4758984" pubName="DO2" artType="Portaria" pubDate="04/05/2018" artClass="00038:00036:00001:00000:00000:00000:00000:00000:00000:00000:00025:00001" artCategory="Poder Judiciário/Tribunal Regional Eleitoral de São Paulo/Presidência" artSize="8" artNotes="" numberPage="83" pdfPage="http://pesquisa.in.gov.br/imprensa/jsp/visualiza/index.jsp?data=04/05/2018&amp;jornal=529&amp;pagina=83" editionNumber="85" highlight="" idMateria="10692639">
  <body>
    <Identifica><![CDATA[  PORTARIA Nº 103, DE 18 DE ABRIL DE 2018]]></Identifica>
    <Data><![CDATA[]]></Data>
    <Ementa />
    <Titulo />
    <SubTitulo />
    <Texto><![CDATA[<p class="identifica">PORTARIA Nº 103, DE 18 DE ABRIL DE 2018</p><p>O PRESIDENTE DO TRIBUNAL REGIONAL ELEITORAL DE SÃO PAULO, no uso das atribuições regimentais e considerando o que consta do PAD nº 1.632/2018; resolve:</p><p>Art. 1º Conceder aposentadoria voluntária, com proventos integrais, ao servidor Anselmo Yoshihiro Torii, ocupante do cargo efetivo de Analista Judiciário, Área Administrativa, Classe C, Padrão 13, nos termos do artigo 6º e seus incisos, da Emenda Constitucional 41, de 19 de dezembro de 2003.</p><p>Art. 2º Esta portaria entrará em vigor na data de sua publicação no Diário Oficial da União.</p><p class="assina">CARLOS EDUARDO CAUDURO PADIN</p><p></p>]]></Texto>
  </body>
</article></xml>