﻿<xml><article id="2894984" name="069 - Dispensa Maria Daniella, O" idOficio="4759179" pubName="DO2" artType="Portaria" pubDate="02/05/2018" artClass="00038:00001:00008:00005:00000:00000:00000:00000:00000:00000:00025:00001" artCategory="Poder Judiciário/Supremo Tribunal Federal/Secretaria do Tribunal/Secretaria de Gestão de Pessoas" artSize="8" artNotes="" numberPage="62" pdfPage="http://pesquisa.in.gov.br/imprensa/jsp/visualiza/index.jsp?data=02/05/2018&amp;jornal=529&amp;pagina=62" editionNumber="83" highlight="" idMateria="10692895">
  <body>
    <Identifica><![CDATA[ PORTARIA Nº 69, DE 19 DE ABRIL DE 2018]]></Identifica>
    <Data><![CDATA[]]></Data>
    <Ementa />
    <Titulo />
    <SubTitulo />
    <Texto><![CDATA[<p></p><p class="identifica">PORTARIA Nº 69, DE 19 DE ABRIL DE 2018</p><p>O SECRETÁRIO DE GESTÃO DE PESSOAS DO SUPREMO TRIBUNAL FEDERAL, no uso das atribuições conferidas pela Portaria DG nº 233/2013, com base no inc. II do art. 9º e no inc. I do art. 35 da Lei nº 8.112/1990, resolve:</p><p>Art. 1º Dispensar:</p><p>I - MARIA DANIELLA RIOS DE MORENO, Técnico Judiciário, Área Administrativa, da função comissionada de Assistente II, nível FC-02, da Seção de Agravos;</p><p>II - ONOFRE SUARES ALVES, Analista Judiciário, Área Judiciária, da função comissionada de Assistente II, nível FC-02, da Coordenadoria de Recursos.</p><p>Art. 2º Designar:</p><p>I - SÍLVIA REGINA REIS PAIVA PIRES, Analista Judiciário, Área Judiciária, para exercer a função comissionada de Assistente II, nível FC-02, na Seção de Agravos;</p><p>II - LUCIANO OLIVEIRA, Técnico Judiciário, Área Administrativa, para exercer a função comissionada de Assistente II, nível FC-02, na Coordenadoria de Recursos.</p><p class="assina">Cícero Rodrigues de Oliveira Gomes</p>]]></Texto>
  </body>
</article></xml>