﻿<xml><article id="2894987" name="REDISTRIBUICAO_DOU_2_5_NEUZA_MAR" idOficio="4761381" pubName="DO2" artType="Portaria" pubDate="02/05/2018" artClass="00038:00040:00001:00001:00000:00000:00000:00000:00000:00000:00025:00004" artCategory="Poder Judiciário/Tribunal Regional do Trabalho da 1ª Região/Presidência/Gabinete da Presidência" artSize="8" artNotes="" numberPage="66" pdfPage="http://pesquisa.in.gov.br/imprensa/jsp/visualiza/index.jsp?data=02/05/2018&amp;jornal=529&amp;pagina=66" editionNumber="83" highlight="" idMateria="10697707">
  <body>
    <Identifica><![CDATA[ PORTARIA Nº 453, de 16 de abril de 2018]]></Identifica>
    <Data><![CDATA[]]></Data>
    <Ementa />
    <Titulo />
    <SubTitulo />
    <Texto><![CDATA[<p></p><p class="identifica">PORTARIA Nº 453, de 16 de abril de 2018</p><p>O PRESIDENTE DO TRIBUNAL REGIONAL DO TRABALHO DA PRIMEIRA REGIÃO, no uso de suas atribuições legais e regimentais, e tendo em vista o que consta do Processo Administrativo PROAD Nº 4689/2017 (SEP) , resolve:</p><p>I-Cessar os efeitos da Portaria nº 1878/2014-SEP, publicada no DOU, Seção 2, de 7/1/2015, que removeu para o Tribunal Regional do Trabalho da Quinta Região, o Técnico Judiciário - Área Administrativa, NEUZA MARIA BATISTA, do Quadro de Pessoal deste Tribunal;</p><p>II-Redistribuir, com fundamento no art. 37 da Lei nº 8.112, de 11 de dezembro de 1990, o cargo da Carreira de Técnico Judiciário - Área Administrativa, Classe C, Padrão 13, do Quadro de Pessoal deste Tribunal, ocupado pelo servidor, NEUZA MARIA BATISTA, para o Quadro de Pessoal do Tribunal Regional do Trabalho da Quinta Região, em reciprocidade com o cargo da Carreira de Técnico Judiciário - Área Administrativa, do Quadro de Pessoal do Tribunal Regional do Trabalho da Quinta Região, ocupado pelo servidor AMANDA BARBOSA CARVALHO TEIXEIRA DE MELLO FIGUEIREDO;</p><p>III-Esta portaria entra em vigor a partir de 2 de maio de 2018.</p><p></p><p class="assina">Des. FERNANDO ANTONIO ZORZENON DA SILVA</p><p></p>]]></Texto>
  </body>
</article></xml>