﻿<xml><article id="2941642" name="portaria exoneracao marcely" idOficio="4762023" pubName="DO2" artType="Portaria" pubDate="04/05/2018" artClass="00039:00019:00000:00000:00000:00000:00000:00000:00000:00000:00025:00001" artCategory="Entidades de Fiscalização do Exercício das Profissões Liberais/Conselho de Arquitetura e Urbanismo do Piauí" artSize="8" artNotes="" numberPage="84" pdfPage="http://pesquisa.in.gov.br/imprensa/jsp/visualiza/index.jsp?data=04/05/2018&amp;jornal=529&amp;pagina=84" editionNumber="85" highlight="" idMateria="10698847">
  <body>
    <Identifica><![CDATA[ Portaria Nº 11, de 15 de março de 2018]]></Identifica>
    <Data><![CDATA[]]></Data>
    <Ementa />
    <Titulo />
    <SubTitulo />
    <Texto><![CDATA[<p class="identifica">Portaria Nº 11, de 15 de março de 2018</p><p>O PRESIDENTE DO CONSELHO DE ARQUITETURA E URBANISMO DO PAIUÍ (CAU/PI) no uso de suas atribuições constitucionais e legais, resolve:</p><p>Art. Nº 1. Exonerar, a empregada NAGLY MARCELY DE SOUSA LIMA, brasileira, solteira, cédula de identidade n° 2721898 SSP/PI, inscrita sob CPF nº 046.066.093-46, CTPS nº 62.197, série nº 00028-PI, residente e domiciliada em Teresina, Piauí, do cargo em Comissão de Gerente Geral do CAU/PI.</p><p>Art. 2º. Esta portaria entra em vigor a partir da data de sua assinatura.</p><p class="assina">WELLINGTON CAMARÇO</p>]]></Texto>
  </body>
</article></xml>