﻿<xml><article id="2894765" name="DOU_Portaria_119_2018_Alexandre" idOficio="4757923" pubName="DO2" artType="Portaria" pubDate="02/05/2018" artClass="00038:00036:00001:00000:00000:00000:00000:00000:00000:00000:00025:00001" artCategory="Poder Judiciário/Tribunal Regional Eleitoral de São Paulo/Presidência" artSize="8" artNotes="" numberPage="65" pdfPage="http://pesquisa.in.gov.br/imprensa/jsp/visualiza/index.jsp?data=02/05/2018&amp;jornal=529&amp;pagina=65" editionNumber="83" highlight="" idMateria="10690950">
  <body>
    <Identifica><![CDATA[ PORTARIA nº  119, de  16 de abril de 2018]]></Identifica>
    <Data><![CDATA[]]></Data>
    <Ementa />
    <Titulo />
    <SubTitulo />
    <Texto><![CDATA[<p></p><p class="identifica">PORTARIA nº 119, de 16 de abril de 2018</p><p>O PRESIDENTE DO TRIBUNAL REGIONAL ELEITORAL DE SÃO PAULO, no uso de suas atribuições e</p><p>considerando o disposto no art. 37 da Lei n. 8.112, de 11 de dezembro de 1990, e no art. 6º, inciso II, da Resolução TSE n. 23.430 de 12 de agosto de 2014;</p><p>considerando a decisão proferida no procedimento administrativo PAD n. 4847/2017, deste Tribunal, resolve:</p><p>Art. 1º REDISTRIBUIR o cargo efetivo de Técnico Judiciário - Área Administrativa, criado pela Lei n. 8.868 de 14.04.1994, do Quadro de Pessoal do Tribunal Regional Eleitoral de São Paulo, ocupado pela servidora Mônica Rodrigues Barbosa Aragão, atualmente removida para o Tribunal Regional Eleitoral de Minas Gerais, em reciprocidade com o cargo ocupado, de mesma denominação, pelo servidor Alexandre Rodolfo Falcão Ferreira, oriundo daquele Tribunal.</p><p>Art. 2º Conceder 10 (dez) dias de trânsito ao servidor Alexandre Rodolfo Falcão Ferreira, com base nos artigos 18 da Lei n. 8.112/1990 e 14 da Resolução TSE n. 23.430/2014.</p><p></p><p class="assina">Des. CARLOS EDUARDO CAUDURO PADIN</p><p></p>]]></Texto>
  </body>
</article></xml>