﻿<xml><article id="2894918" name="Portaria para Publicação no DOU " idOficio="4764723" pubName="DO2" artType="Portaria" pubDate="02/05/2018" artClass="00022:00003:00104:00000:00000:00000:00000:00000:00000:00000:00025:00002" artCategory="Ministério do Desenvolvimento Social/Secretaria Executiva/Subsecretaria de Assuntos Administrativos" artSize="8" artNotes="" numberPage="41" pdfPage="http://pesquisa.in.gov.br/imprensa/jsp/visualiza/index.jsp?data=02/05/2018&amp;jornal=529&amp;pagina=41" editionNumber="83" highlight="" idMateria="10703636">
  <body>
    <Identifica><![CDATA[ PORTARIA Nº 70, DE 23 DE ABRIL DE 2018]]></Identifica>
    <Data><![CDATA[]]></Data>
    <Ementa />
    <Titulo />
    <SubTitulo />
    <Texto><![CDATA[<p class="identifica">PORTARIA Nº 70, DE 23 DE ABRIL DE 2018</p><p>O SUBSECRETÁRIO DE ASSUNTOS ADMINISTRATIVOS DO MINISTÉRIO DO DESENVOLVIMENTO SOCIAL, no uso das atribuições conferidas pela Portaria/SE nº 105, de 8 de abril de 2016, publicada no Diário Oficial da União do dia 12/04/2016, Seção 2, página 40, e considerando o que consta do processo nº 71000.014681/2018-79, resolve:</p><p>Art. 1º Conceder aposentadoria voluntária ao servidor PAULO ROBERTO ECHEBARRENA SAMPAIO, matrícula SIAPE nº 0757034, do Quadro de Pessoal deste Ministério, ocupante do cargo de Administrador, Classe "S", Padrão III, com fundamento legal no art. 3º da Emenda Constitucional nº 47, de 5 de julho de 2005, publicada no Diário Oficial da União de 6 de julho de 2005.</p><p>Art. 2º Declarar vago o referido cargo.</p><p>Art. 3º Esta Portaria entra em vigor na data de sua publicação.</p><p class="assina">PAULO ROBERTO DE MENDONÇA E PAULA</p>]]></Texto>
  </body>
</article></xml>