﻿<xml><article id="2895035" name="DOU TRF2-ATP-2018-00170" idOficio="4767081" pubName="DO2" artType="Ato" pubDate="02/05/2018" artClass="00038:00008:00001:00000:00000:00000:00000:00000:00000:00000:00001:00001" artCategory="Poder Judiciário/Tribunal Regional Federal da 2ª Região/Presidência" artSize="8" artNotes="" numberPage="63" pdfPage="http://pesquisa.in.gov.br/imprensa/jsp/visualiza/index.jsp?data=02/05/2018&amp;jornal=529&amp;pagina=63" editionNumber="83" highlight="" idMateria="10708446">
  <body>
    <Identifica><![CDATA[ ATO Nº  2018/00170, DE 24 DE ABRIL DE 2018]]></Identifica>
    <Data><![CDATA[]]></Data>
    <Ementa />
    <Titulo />
    <SubTitulo />
    <Texto><![CDATA[<p></p><p class="identifica">ATO Nº 2018/00170, DE 24 DE ABRIL DE 2018</p><p>O PRESIDENTE DO TRIBUNAL REGIONAL FEDERAL DA 2ª REGIÃO, no uso de suas atribuições, resolve:</p><p>I - EXONERAR a servidora ADILENE VILLOTE AJARA BONORINO, Técnica Judiciária, Área Administrativa, Nível Intermediário, Classe "C", Padrão 13, do Quadro de Pessoal deste Tribunal, do cargo em comissão de Diretora de Departamento, CJ-2, do Departamento de Informações e Estratégia, da estrutura do Gabinete de Segurança Institucional;</p><p>II - NOMEAR o servidor RAFAEL POSTCH ANDREATA, Delegado de Polícia Federal, do Quadro de Pessoal do Departamento de Polícia Federal, ora à disposição deste Tribunal, para exercer o cargo em comissão de Diretor de Departamento, CJ-2, do Departamento de Informações e Estratégia, da estrutura do Gabinete de Segurança Institucional, em vaga decorrente da exoneração de Adilene Villote Ajara Bonorino.</p><p></p><p class="assina">Des. ANDRÉ FONTES</p><p></p>]]></Texto>
  </body>
</article></xml>