﻿<xml><article id="2894777" name="Nomeia Fernanda Soares Bastos As" idOficio="4765891" pubName="DO2" artType="Ato" pubDate="02/05/2018" artClass="00038:00058:00001:00000:00000:00000:00000:00000:00000:00000:00001:00002" artCategory="Poder Judiciário/Tribunal Regional do Trabalho da 19ª Região/Presidência" artSize="8" artNotes="" numberPage="69" pdfPage="http://pesquisa.in.gov.br/imprensa/jsp/visualiza/index.jsp?data=02/05/2018&amp;jornal=529&amp;pagina=69" editionNumber="83" highlight="" idMateria="10706057">
  <body>
    <Identifica><![CDATA[ ATO Nº 35, DE 24 DE ABRIL DE 2018]]></Identifica>
    <Data><![CDATA[]]></Data>
    <Ementa />
    <Titulo />
    <SubTitulo />
    <Texto><![CDATA[<p></p><p class="identifica">ATO Nº 35, DE 24 DE ABRIL DE 2018</p><p>O DESEMBARGADOR PRESIDENTE DO TRIBUNAL REGIONAL DO TRABALHO DA DÉCIMA NONA REGIÃO, no uso de suas atribuições legais e regimentais estabelecidas no inciso VII do artigo 24 do Regimento Interno, nos termos do inciso I do art 35, da Lei nº 8.112, de 11.12.1990 e considerando o contido no PROAD nº 3145/2018, resolve:</p><p>Art. 1º. Nomear a Bela. Fernanda Soares Bastos, Analista Judiciária, para exercer o cargo em comissão de Assessora, de nível CJ-3, do Gabinete da Desembargadora Vanda Maria Ferreira Lustosa.</p><p>Art. 2º. Os efeitos do presente Ato vigoram a partir de 02.05.2018.</p><p></p><p class="assina">Des. PEDRO INÁCIO DA SILVA</p><p></p>]]></Texto>
  </body>
</article></xml>