﻿<xml><article id="2894996" name="PORTARIA GPR 663" idOficio="4764113" pubName="DO2" artType="Portaria" pubDate="02/05/2018" artClass="00038:00039:00002:00000:00000:00000:00000:00000:00000:00000:00025:00003" artCategory="Poder Judiciário/Tribunal de Justiça do Distrito Federal e dos Territórios/Presidência" artSize="8" artNotes="" numberPage="66" pdfPage="http://pesquisa.in.gov.br/imprensa/jsp/visualiza/index.jsp?data=02/05/2018&amp;jornal=529&amp;pagina=66" editionNumber="83" highlight="" idMateria="10702689">
  <body>
    <Identifica><![CDATA[ Portaria nº  663, de 13 de abril de 2018]]></Identifica>
    <Data><![CDATA[]]></Data>
    <Ementa />
    <Titulo />
    <SubTitulo />
    <Texto><![CDATA[<p></p><p class="identifica">Portaria nº 663, de 13 de abril de 2018</p><p>O PRESIDENTE DO TRIBUNAL DE JUSTIÇA DO DISTRITO FEDERAL E DOS TERRITÓRIOS, no uso de sua competência legal, com base no disposto no art. 37 da Lei 8.112/1990, na Resolução CNJ 146/2012 e no Acórdão TCU 3.447/2012 - Plenário, bem como no PA 0022669/2017, resolve:</p><p>Redistribuir o cargo de Técnico Judiciário, Área Apoio Especializado, Especialidade Taquigrafia, Nível Intermediário, ocupado pela servidora SANDRA REGINA MONTEIRO MENDES, matrícula 310.672, do Quadro de Pessoal deste Tribunal, em reciprocidade com um cargo vago, de Técnico Judiciário, Área Administrativa, do Quadro de Pessoal do Tribunal Regional do Trabalho da 10ª Região.</p><p class="assina">Des. MARIO MACHADO</p><p></p>]]></Texto>
  </body>
</article></xml>