﻿<xml><article id="2894909" name="ATO_ 5834820" idOficio="4763045" pubName="DO2" artType="Ato" pubDate="02/05/2018" artClass="00038:00007:00001:00000:00000:00000:00000:00000:00000:00000:00001:00001" artCategory="Poder Judiciário/Tribunal Regional Federal da 1ª Região/Presidência" artSize="8" artNotes="" numberPage="63" pdfPage="http://pesquisa.in.gov.br/imprensa/jsp/visualiza/index.jsp?data=02/05/2018&amp;jornal=529&amp;pagina=63" editionNumber="83" highlight="" idMateria="10701015">
  <body>
    <Identifica><![CDATA[ ATO Nº 5834820, DE  6 DE ABRIL DE 2018]]></Identifica>
    <Data><![CDATA[]]></Data>
    <Ementa />
    <Titulo />
    <SubTitulo />
    <Texto><![CDATA[<p></p><p class="identifica">ATO Nº 5834820, DE 6 DE ABRIL DE 2018</p><p>O PRESIDENTE DO TRIBUNAL REGIONAL FEDERAL DA 1ª REGIÃO, no uso de suas atribuições legais e regimentais e tendo em vista o constante nos autos do PAe 0015010-67.2017.4.01.8005, resolve:</p><p>REDISTRIBUIR nos termos do art. 37, da Lei 8.112/1990, com a redação dada pela Lei 9.527/1997, c/c a Resolução n. 146/2012-CNJ, um cargo da categoria funcional de Técnico Judiciário, Área Administrativa, do Quadro de Pessoal da Seção Judiciária do Distrito Federal ocupado pela servidora FÂNI GARCIA PINHEIRO DE SOUZA, para o Quadro de Pessoal da Justiça Federal de Primeiro Grau da 3ª Região, Seção Judiciária de São Paulo, em reciprocidade a um cargo de Técnico Judiciário,Área Administrativa, ocupado pela servidora GERALDA ARAÚJO DIAS.</p><p class="assina">Des. HILTON QUEIROZ</p>]]></Texto>
  </body>
</article></xml>