﻿<xml><article id="2894813" name="TEXTO PUBLICAÇÃO DOU. PORT SAMFP" idOficio="4762944" pubName="DO2" artType="Portaria" pubDate="02/05/2018" artClass="00012:00002:00012:00029:00000:00000:00000:00000:00000:00000:00025:00001" artCategory="Ministério da Fazenda/Secretaria Executiva/Subsecretaria de Planejamento, Orçamento e Administração/Superintendência de Administração no Piauí" artSize="8" artNotes="" numberPage="27" pdfPage="http://pesquisa.in.gov.br/imprensa/jsp/visualiza/index.jsp?data=02/05/2018&amp;jornal=529&amp;pagina=27" editionNumber="83" highlight="" idMateria="10700998">
  <body>
    <Identifica><![CDATA[ PORTARIA Nº 17, de 23 de abril de 2018]]></Identifica>
    <Data><![CDATA[]]></Data>
    <Ementa />
    <Titulo />
    <SubTitulo />
    <Texto><![CDATA[<p class="identifica">PORTARIA Nº 17, de 23 de abril de 2018</p><p>O SUPERINTENDENTE DE ADMINISTRAÇÃO DO MINISTÉRIO DA FAZENDA NO PIAUÍ, no uso de suas atribuições conferidas pelo Artigo 86 da Portaria nº 144 de 27 de abril de 2016, do Ministro de Estado da Fazenda, publicada no D.O.U de 29 de abril de 2016, e considerando o que consta no processo SEI nº 10384.100178/2018-83, resolve:</p><p>Conceder aposentadoria voluntária com proventos integrais à servidora MARIA DE FATIMA CASTELO BRANCO, matrícula SIAPEcad nº 00023627 - SIAPE nº 0109493, ocupante do cargo de Datilógrafo, código NI - 489257, Classe S, Padrão III, do quadro de pessoal permanente do Ministério da Fazenda, lotada na Superintendência de Administração do Ministério da Fazenda no Piauí, com fundamento no Artigo 3º da Emenda Constitucional nº 47/2005.</p><p class="assina">Bruno Hebert de Almeida Nunes</p>]]></Texto>
  </body>
</article></xml>