﻿<xml><article id="3128840" name="Gabarito DOU" idOficio="4767276" pubName="DO2" artType="Ato" pubDate="15/05/2018" artClass="00038:00024:00000:00000:00000:00000:00000:00000:00000:00000:00001:00001" artCategory="Poder Judiciário/Tribunal Regional Eleitoral de Minas Gerais" artSize="8" artNotes="" numberPage="71" pdfPage="http://pesquisa.in.gov.br/imprensa/jsp/visualiza/index.jsp?data=15/05/2018&amp;jornal=529&amp;pagina=71" editionNumber="92" highlightType="" highlightPriority="" highlight="" idMateria="10708773">
  <body>
    <Identifica><![CDATA[ ATO DE Nº 6, de 7 de março de 2018]]></Identifica>
    <Data><![CDATA[]]></Data>
    <Ementa />
    <Titulo />
    <SubTitulo />
    <Texto><![CDATA[<p class="identifica">ATO DE Nº 6, de 7 de março de 2018</p><p>O PRESIDENTE DO TRIBUNAL REGIONAL ELEITORAL DE MINAS GERAIS, no uso de suas atribuições e tendo em vista o Processo nº 1802323/2018, resolve:</p><p>Conceder aposentadoria voluntária por tempo de contribuição, com proventos integrais, a VANESSA CRISTINA JUNQUEIRA NOLASCO, servidora do Quadro de Pessoal deste Tribunal, ocupante do cargo efetivo de Técnico Judiciário, Área Administrativa, Classe C, Padrão 13, lotada na Seção de Convênios e Contratos do Interior - SECOI, em cargo criado pela Lei nº 7.645/1987, nos termos do art. 3º da Emenda Constitucional nº 47/2005, incluídas as parcelas incorporadas, nos termos da Lei nº 8.911/94 c/c Resolução nº 14.910/94/TSE e da MP nº 2.225-45/2001.</p><p class="assina">Des. EDGARD PENNA AMORIM</p>]]></Texto>
  </body>
</article></xml>