﻿<xml><article id="2895005" name="Dispensa Designa Diogenes Macedo" idOficio="4765973" pubName="DO2" artType="Portaria" pubDate="02/05/2018" artClass="00038:00058:00001:00000:00000:00000:00000:00000:00000:00000:00001:00006" artCategory="Poder Judiciário/Tribunal Regional do Trabalho da 19ª Região/Presidência" artSize="8" artNotes="" numberPage="70" pdfPage="http://pesquisa.in.gov.br/imprensa/jsp/visualiza/index.jsp?data=02/05/2018&amp;jornal=529&amp;pagina=70" editionNumber="83" highlight="" idMateria="10706130">
  <body>
    <Identifica><![CDATA[ PORTARIA Nº  206, DE 24 DE ABRIL DE 2018]]></Identifica>
    <Data><![CDATA[]]></Data>
    <Ementa />
    <Titulo />
    <SubTitulo />
    <Texto><![CDATA[<p></p><p class="identifica">PORTARIA Nº 206, DE 24 DE ABRIL DE 2018</p><p>O DESEMBARGADOR PRESIDENTE DO TRIBUNAL REGIONAL DO TRABALHO DA DÉCIMA NONA REGIÃO, no uso de suas atribuições legais e regimentais estabelecidas no inciso VII do artigo 24 do Regimento Interno, e tendo em vista o contido no PROAD nº 3145/2018, resolve:</p><p>Art. 1º. Dispensar o servidor Diógenes Macedo Veras, Técnico Judiciário, da função comissionada de Assistente Jurídico II, de nível FC-4, do Gabinete da Desembargadora Vanda Maria Ferreira Lustosa.</p><p>Art. 2º. Designar o servidor para exercer a função comissionada de Assistente Secretário, de nível FC-5, do Gabinete acima referido.</p><p>Art. 3º. Os efeitos da presente Portaria vigoram a partir de 02.05.2018.</p><p></p><p class="assina">Des. PEDRO INÁCIO DA SILVA</p><p></p>]]></Texto>
  </body>
</article></xml>