﻿<xml><article id="2895062" name="Port. 7102 - Aposentadoria José " idOficio="4766034" pubName="DO2" artType="Portaria" pubDate="02/05/2018" artClass="00012:00065:00000:00000:00000:00000:00000:00000:00000:00000:00025:00001" artCategory="Ministério da Fazenda/Superintendência de Seguros Privados" artSize="8" artNotes="" numberPage="30" pdfPage="http://pesquisa.in.gov.br/imprensa/jsp/visualiza/index.jsp?data=02/05/2018&amp;jornal=529&amp;pagina=30" editionNumber="83" highlight="" idMateria="10706254">
  <body>
    <Identifica><![CDATA[ PORTARIA Nº 7.102, DE 13 DE ABRIL DE 2018]]></Identifica>
    <Data><![CDATA[]]></Data>
    <Ementa />
    <Titulo />
    <SubTitulo />
    <Texto><![CDATA[<p class="identifica">PORTARIA Nº 7.102, DE 13 DE ABRIL DE 2018</p><p>O SUPERINTENDENTE DA SUPERINTENDÊNCIA DE SEGUROS PRIVADOS - SUSEP, no uso das atribuições que lhe confere o inciso V do art. 73 do Regimento Interno de que trata a Resolução CNSP nº 346, de 2 de maio de 2017, e considerando o que consta no Processo SUSEP no15414.602259/2018-32, resolve:</p><p>Art. 1º Conceder aposentadoria voluntária com proventos integrais ao servidor JOSÉ ANTONIO VALENTE PEREZ, matrícula SIAPE nº 0777264, ocupante do cargo de Analista Técnico, Classe "S", Padrão IV, do quadro de Pessoal desta Autarquia, com fundamento no art. 3º da Emenda Constitucional nº 47, de 5 julho de 2005, publicada no DOU de 6 de julho de 2005.</p><p>Art. 2º Declarar vago o referido cargo.</p><p>Art. 3º Esta Portaria entra em vigor na data de sua publicação.</p><p class="assina">JOAQUIM MENDANHA DE ATAÍDES</p>]]></Texto>
  </body>
</article></xml>