﻿<xml><article id="2894990" name="DOU02_PORTARIAS_CGP_PR_098_099_2" idOficio="4763740" pubName="DO2" artType="Portaria" pubDate="02/05/2018" artClass="00038:00059:00004:00000:00000:00000:00000:00000:00000:00000:00025:00001" artCategory="Poder Judiciário/Tribunal Regional do Trabalho da 20ª Região/Diretoria-Geral" artSize="8" artNotes="" numberPage="70" pdfPage="http://pesquisa.in.gov.br/imprensa/jsp/visualiza/index.jsp?data=02/05/2018&amp;jornal=529&amp;pagina=70" editionNumber="83" highlight="" idMateria="10702147">
  <body>
    <Identifica><![CDATA[ PORTARIA  Nº  98, de  23 DE ABRIL DE 2018]]></Identifica>
    <Data><![CDATA[]]></Data>
    <Ementa />
    <Titulo />
    <SubTitulo />
    <Texto><![CDATA[<p></p><p class="identifica">PORTARIA Nº 98, de 23 DE ABRIL DE 2018</p><p>O DESEMBARGADOR VICE-PRESIDENTE NO EXERCÍCIO DA PRESIDÊNCIA DO TRIBUNAL REGIONAL DO TRABALHO DA 20ª REGIÃO, de suas atribuições legais e regimentais, e considerando o contido no PROAD Nº 31547/2018, resolve:</p><p>Dispensar, com efeitos a contar de 2/5/2018, a servidora CARLA DE ARAUJO XAVIER, Técnico Judiciário - Área Administrativa do Quadro Permanente de Pessoal da Secretaria deste Tribunal, da Função Comissionada de ASSISTENTE DE GABINETE (FC-5) do Gabinete do Exmo. Desembargador JOSENILDO DOS SANTOS CARVALHO.</p><p></p><p class="assina">Des. JOÃO AURINO MENDES BRITO</p><p class="identifica">PORTARIA Nº 99, de 23 DE ABRIL DE 2018</p><p>O DESEMBARGADOR VICE-PRESIDENTE NO EXERCÍCIO DA PRESIDÊNCIA DO TRIBUNAL REGIONAL DO TRABALHO DA 20ª REGIÃO, de suas atribuições legais e regimentais, e considerando o contido no PROAD Nº 31547/2018, resolve:</p><p>Designar, com efeitos a contar de 2/5/2018, o servidor THIAGO RODRIGUES BATISTA, Analista Judiciário - Área Judiciária do Quadro Permanente de Pessoal da Secretaria deste Tribunal, para exercer a Função Comissionada de ASSISTENTE DE GABINETE (FC-5) do Gabinete do Exmo. Desembargador JOSENILDO DOS SANTOS CARVALHO.</p><p></p><p class="assina">Des. JOÃO AURINO MENDES BRITO</p>]]></Texto>
  </body>
</article></xml>