﻿<xml><article id="2915260" name="ATO 124.2018 Redristribuição Man" idOficio="4766119" pubName="DO2" artType="Ato" pubDate="03/05/2018" artClass="00038:00045:00001:00000:00000:00000:00000:00000:00000:00000:00001:00001" artCategory="Poder Judiciário/Tribunal Regional do Trabalho da 6ª Região/Presidência" artSize="8" artNotes="" numberPage="63" pdfPage="http://pesquisa.in.gov.br/imprensa/jsp/visualiza/index.jsp?data=03/05/2018&amp;jornal=529&amp;pagina=63" editionNumber="84" highlight="" idMateria="10706333">
  <body>
    <Identifica><![CDATA[ ATO   Nº 124, de 23 de abril de 2018]]></Identifica>
    <Data><![CDATA[]]></Data>
    <Ementa />
    <Titulo />
    <SubTitulo />
    <Texto><![CDATA[<p class="identifica">ATO Nº 124, de 23 de abril de 2018</p><p>O DESEMBARGADOR PRESIDENTE DO TRIBUNAL REGIONAL DO TRABALHO DA SEXTA REGIÃO, usando de suas atribuições legais e regimentais, considerando o decidido no processo n.º 1916/2018 - Proad, e CONSIDERANDO o disposto no art. 37 da Lei n.º 8.112/90 e na Resolução n.º 146/2012 do Conselho Nacional de Justiça, resolve:</p><p>I - FAZER CESSAR os efeitos do Ato TRT-GP n.º 30/2015, publicado no DOU, seção 2, número 17, página 64, em 26.01.2015, que removeu a servidora MANUELA NOVAES DA SILVA, ocupante do cargo de Técnico Judiciário, Área Administrativa, sem especialidade, deste Regional para o Tribunal Regional do Trabalho da 5ª Região, em reciprocidade com o servidor ALEX DE LIMA RAMIRES ALMEIDA, ocupante de idêntico cargo, daquele Regional. II - REDISTRIBUIR o cargo de Técnico Judiciário, Área Administrativa, sem especialidade, do Quadro de Pessoal efetivo deste Tribunal, ocupado pela servidora MANUELA NOVAES DA SILVA, para o Tribunal Regional do Trabalho da 5ª Região, em reciprocidade com idêntico cargo, ocupado pelo servidor ALEX DE LIMA RAMIRES ALMEIDA, daquele Tribunal. III - MANTER o servidor ALEX DE LIMA RAMIRES ALMEIDA lotado na 2ª Vara do Trabalho de Ipojuca. Este Ato tem efeitos a partir da publicação. Publique-se no Diário Oficial da União.</p><p></p><p class="assina">IVAN DE SOUZA VALENÇA ALVES</p><p></p>]]></Texto>
  </body>
</article></xml>