﻿<xml><article id="2915236" name="Portaria Apos Rachid" idOficio="4766661" pubName="DO2" artType="Portaria" pubDate="03/05/2018" artClass="00017:00021:00020:00000:00000:00000:00000:00000:00000:00000:00025:00002" artCategory="Ministério da Saúde/Fundação Nacional de Saúde/Superintendência Estadual no Amapá" artSize="8" artNotes="" numberPage="42" pdfPage="http://pesquisa.in.gov.br/imprensa/jsp/visualiza/index.jsp?data=03/05/2018&amp;jornal=529&amp;pagina=42" editionNumber="84" highlight="" idMateria="10707237">
  <body>
    <Identifica><![CDATA[ PORTARIA Nº 2.260, DE  20 DE ABRIL DE 2018]]></Identifica>
    <Data><![CDATA[]]></Data>
    <Ementa />
    <Titulo />
    <SubTitulo />
    <Texto><![CDATA[<p class="identifica">PORTARIA Nº 2.260, DE 20 DE ABRIL DE 2018</p><p>A Superintendente Estadual Substituta da Fundação Nacional de Saúde no Estado do Amapá, designada através da Portaria nº 932 de 29.06.2017, publicada no DOU de 30.06.2017, no uso das atribuições que lhe confere o Art. 13 do Estatuto aprovado pelo Decreto nº 8.867, de 03 de outubro de 2016, publicado no DOU de 04 subsequente e Art. 83 do Regimento Interno da FUNASA aprovado pela Portaria nº 270/GM/MS de 27/02/2014, publicada no D.O.U de 05/03/2014, e considerando ao Processo nº 25115.000.359/2018-58, resolve:</p><p>Art.1º - Aposentar voluntariamente, com proventos integrais, a servidora SARAH RACHID DOS SANTOS LIMA, Arquiteto, matricula SIAPE nº 2013214, classe "S", padrão III, do quadro de pessoal da Fundação Nacional de Saúde, com fundamento no artigo 3º, incisos I, II, III e § único da Emenda Constitucional nº 47/2005.</p><p>Art. 2º - Declarar vago o cargo referido no artigo 1º.</p><p>Art. 3º - Esta Portaria entra em vigor na data de sua publicação.</p><p class="assina">ANA DALVA DE ANDRADE FERREIRA</p>]]></Texto>
  </body>
</article></xml>