﻿<xml><article id="2894879" name="PORTARIA NOMEAÇÃO BRUNO PIRIN 26" idOficio="4767659" pubName="DO2" artType="Portaria" pubDate="02/05/2018" artClass="00011:00106:00001:00029:00000:00000:00000:00000:00000:00000:00025:00001" artCategory="Ministério da Educação/Universidade Federal da Bahia/Reitoria/Pró-Reitoria de Desenvolvimento de Pessoas" artSize="8" artNotes="" numberPage="22" pdfPage="http://pesquisa.in.gov.br/imprensa/jsp/visualiza/index.jsp?data=02/05/2018&amp;jornal=529&amp;pagina=22" editionNumber="83" highlight="" idMateria="10709422">
  <body>
    <Identifica><![CDATA[ PORTARIA Nº 480, DE 23 DE ABRIL DE 2018]]></Identifica>
    <Data><![CDATA[]]></Data>
    <Ementa />
    <Titulo />
    <SubTitulo />
    <Texto><![CDATA[<p class="identifica">PORTARIA Nº 480, DE 23 DE ABRIL DE 2018</p><p>- A Pró-Reitora de Desenvolvimento de Pessoas da Universidade Federal da Bahia, no uso de suas atribuições previstas na Portaria de Delegação de Competência nº 448, de 17/05/2011, tendo em vista o constante da Lei nº 12.772, de 31/12/2012, do Decreto 7.485, de 19/05/2011 e da Portaria Interministerial nº 313, de 05/08/2015, resolve:</p><p>Nomear, com fundamento no art. 9º, inciso I, da Lei nº 8.112, de 11.12.90, BRUNO PIERIN ERNSEN, habilitado(a) em concurso público de provas e títulos, homologado em 16/04/2018 para o cargo de Professor Auxiliar, Classe A, nível 1, em regime de 40 Horas semanais, com lotação no Depto. de Letras Vernáculas do(a) Instituto de Letras desta Universidade, em vaga de código nº 0216833.</p><p class="assina">LORENE LOUISE SILVA PINTO</p>]]></Texto>
  </body>
</article></xml>