﻿<xml><article id="2894795" name="REITORIA - 13-03-2018" idOficio="4767433" pubName="DO2" artType="Ato" pubDate="02/05/2018" artClass="00011:00072:00010:00000:00000:00000:00000:00000:00000:00000:00001:00001" artCategory="Ministério da Educação/Instituto Federal de Educação, Ciência e Tecnologia da Paraíba/Campus Souza" artSize="8" artNotes="" numberPage="19" pdfPage="http://pesquisa.in.gov.br/imprensa/jsp/visualiza/index.jsp?data=02/05/2018&amp;jornal=529&amp;pagina=19" editionNumber="83" highlight="" idMateria="10709164">
  <body>
    <Identifica><![CDATA[ Portarias de 13 de abril de 2018]]></Identifica>
    <Data><![CDATA[]]></Data>
    <Ementa />
    <Titulo />
    <SubTitulo />
    <Texto><![CDATA[<p class="identifica">Portarias de 13 de abril de 2018</p><p>O Diretor Geral Substituto do Campus Sousa do Instituto Federal de Educação, Ciência e Tecnologia da Paraíba, nomeado pela Portaria DG-Campus Sousa nº 33/2018, e tendo em vista o disposto na Portaria IFPB nº 2.190/2013</p><p>Nº 37 - Dispensar a pedido, a servidora FRANCINAIDE MARIA DE SOUTO, Pedagoga, matrícula SIAPE nº 2301665, CPF nº 027.874.324-25, do Quadro Permanente de Pessoal deste Instituto, da função de Coordenadora Pedagógica - cód. FG.03 do Campus Sousa;</p><p>Nº 38 - Dispensar o servidor FRANCISCO TIBERIO FELIZMINO DE ARAUJO, Mat. Siape nº 1805240, CPF 602.397.434-15, Professor de Ensino Básico, Técnico e Tecnológico, do Quadro de Pessoal permanente deste Instituto, da Função de Coordenador do Curso Técnico de Informática- Cód. FUC.01, do Campus Sousa;</p><p>Nº 39 - Designar o servidor EDYFRAN DE MEDEIROS FERNANDES, Mat. Siape nº 2276828, CPF 060.840.904-94, Professor de Ensino Básico, Técnico e Tecnológico, do Quadro de Pessoal permanente deste Instituto, para exercer a Função de Coordenador do Curso Técnico de Informática- Cód. FUC.01, do Campus Sousa;</p><p>Nº 40 - Dispensar a servidora SHEILA CRISTINA DE ANDRADE BRAGA, Mat. Siape nº 2275642, CPF 018.360.924-74, Técnico em Secretariado, do Quadro de Pessoal permanente deste Instituto, da função de Coordenador de Planejamento- cód. FG.02, do Campus Sousa;</p><p>Nº 41 - Designar a servidora GENICLEIDE LIMEIRA DE SOUSA, Mat. Siape nº 1937555, CPF 068.046.954-02, Técnico em Secretariado, do Quadro de Pessoal permanente deste Instituto, para exercer a função de Coordenador de Planejamento- cód. FG.02, do Campus Sousa.</p><p>Estas Portarias entram em vigor a partir de sua publicação.</p><p class="assina">JOSERLAN NONATO MOREIRA</p>]]></Texto>
  </body>
</article></xml>