﻿<xml><article id="2894885" name="trt9a84-2018 DIDAF 43" idOficio="4767704" pubName="DO2" artType="Portaria" pubDate="02/05/2018" artClass="00038:00048:00001:00001:00017:00000:00000:00000:00000:00000:00025:00001" artCategory="Poder Judiciário/Tribunal Regional do Trabalho da 9ª Região/Tribunal Pleno/Presidência/Coordenadoria de Dados Funcionais" artSize="8" artNotes="" numberPage="68" pdfPage="http://pesquisa.in.gov.br/imprensa/jsp/visualiza/index.jsp?data=02/05/2018&amp;jornal=529&amp;pagina=68" editionNumber="83" highlight="" idMateria="10709482">
  <body>
    <Identifica><![CDATA[ PORTARIA  Nº 43, DE 23 DE ABRIL DE 2018]]></Identifica>
    <Data><![CDATA[]]></Data>
    <Ementa />
    <Titulo />
    <SubTitulo />
    <Texto><![CDATA[<p></p><p class="identifica">PORTARIA Nº 43, DE 23 DE ABRIL DE 2018</p><p>O CHEFE DA DIVISÃO DE DADOS FUNCIONAIS DO TRIBUNAL REGIONAL DO TRABALHO DA 9ª REGIÃO, usando de suas atribuições legais, e diante do disposto nos DES ADG 2661/2016 e DES GABSGP 1175/2016, resolve:</p><p>I - designar ZILENE FRANCO REZENDE, Técnica Judiciária Área Administrativa, classe C, padrão 13, para EXERCER o Cargo em Comissão de Assistente de Diretor de Secretaria (c-9863), código TRT 9ª CJ-1, 05ª Vara do Trabalho de Maringá, a partir da data da publicação, dispensando-a da Função Comissionada de Calculista (c-6375), código TRT 9ª FC-4, desta unidade, a partir da mesma data ( nº 2/2018);</p><p>II - dispensar SANDRA ALVARENGA DE MELLO PEROCO, Analista Judiciária Área Judiciária, classe C, padrão 13, do Cargo em Comissão de Assistente de Diretor de Secretaria (c-9863), código TRT 9ª CJ-1, 05ª Vara do Trabalho de Maringá, a partir da data de publicação (Documento Eletrônico nº 2/2018).</p><p class="assina">FERNANDO CESAR BELINCANTA</p><p></p>]]></Texto>
  </body>
</article></xml>