﻿<xml><article id="2895029" name="PORTARIA 344-2018 - Redistribuiç" idOficio="4767057" pubName="DO2" artType="Portaria" pubDate="02/05/2018" artClass="00038:00021:00001:00000:00000:00000:00000:00000:00000:00000:00025:00001" artCategory="Poder Judiciário/Tribunal Regional Eleitoral do Maranhão/Presidência" artSize="8" artNotes="" numberPage="65" pdfPage="http://pesquisa.in.gov.br/imprensa/jsp/visualiza/index.jsp?data=02/05/2018&amp;jornal=529&amp;pagina=65" editionNumber="83" highlight="" idMateria="10708397">
  <body>
    <Identifica><![CDATA[ PORTARIA Nº 344, DE 18 DE ABRIL DE 2018]]></Identifica>
    <Data><![CDATA[]]></Data>
    <Ementa />
    <Titulo />
    <SubTitulo />
    <Texto><![CDATA[<p></p><p></p><p class="identifica">PORTARIA Nº 344, DE 18 DE ABRIL DE 2018</p><p>O PRESIDENTE DO TRIBUNAL REGIONAL ELEITORAL DO MARANHÃO, no uso das atribuições legais e tendo em vista a Resolução nº 23.563/2018/TSE, a Instrução Normativa 02/2014/TRE-MA e o PAD nº 9.492/2016, resolve:</p><p>Art. 1º REDISTRIBUIR, com fundamento no art. 37 da Lei nº 8.112, de 11/12/1990 c/c Resolução nº 146, de 06/03/2012, do Conselho Nacional de Justiça, o cargo ocupado pelo servidor HUGO HYAGO DE CARVALHO MENDONÇA, de Técnico Judiciário, Área Administrativa, n. 103, criado pela Lei n. 11.202/2005, do quadro de pessoal deste Tribunal, em reciprocidade com o cargo de idêntica denominação ocupado pelo servidor FRANCISCO SANTOS SOARES, do quadro de pessoal do Tribunal Regional Eleitoral do Pará.</p><p>Art. 2º LOTAR o servidor FRANCISCO SANTOS SOARES na 101ª Zona Eleitoral, município de Governador Nunes Freire, e CONCEDER ao aludido servidor o prazo de 30 (trinta) dias de trânsito, devendo retomar o efetivo desempenho das atribuições do cargo até o último dia útil desse período, na forma do artigo 18 da Lei nº 8.112/1990 e conforme previsto no art. 33, §1º e §2º, da Resolução TSE n° 23.563/2018, facultando ao servidor declinar desse prazo.</p><p>Art. 3º Esta Portaria entra em vigor na data de sua publicação.</p><p class="assina">Des. RICARDO DUAILIBE</p><p></p>]]></Texto>
  </body>
</article></xml>