﻿<xml><article id="2895014" name="Portaria para a imprensa" idOficio="4765439" pubName="DO2" artType="Portaria" pubDate="02/05/2018" artClass="00038:00042:00001:00000:00000:00000:00000:00000:00000:00000:00025:00001" artCategory="Poder Judiciário/Tribunal Regional do Trabalho da 3ª Região/Presidência" artSize="8" artNotes="" numberPage="67" pdfPage="http://pesquisa.in.gov.br/imprensa/jsp/visualiza/index.jsp?data=02/05/2018&amp;jornal=529&amp;pagina=67" editionNumber="83" highlight="" idMateria="10705507">
  <body>
    <Identifica><![CDATA[ PORTARIA  Nº 169, DE 20 DE ABRIL DE 2018]]></Identifica>
    <Data><![CDATA[]]></Data>
    <Ementa />
    <Titulo />
    <SubTitulo />
    <Texto><![CDATA[<p></p><p class="identifica">PORTARIA Nº 169, DE 20 DE ABRIL DE 2018</p><p>O PRESIDENTE DO TRIBUNAL REGIONAL DO TRABALHO DA 3ª REGIÃO, no uso de suas atribuições legais e regimentais,</p><p>CONSIDERANDO os artigos 7º, inciso II e 26 da Resolução CSJT n. 110, de 31 de agosto de 2012; e</p><p>CONSIDERANDO o constante no processo TRT/e-PAD/38516/2017, resolve:</p><p>Art. 1º Exaurir os efeitos da Portaria N. 168, de 20 de abril de 2018, que prorrogou a cessão do servidor José Martins Quintão ao Tribunal Regional do Trabalho da 2ª Região.</p><p>Art. 2º Remover, a pedido, o servidor José Martins Quintão, ocupante do cargo efetivo de Analista Judiciário, Área Judiciária, do quadro de pessoal deste Tribunal para o TRT da 2ª Região, mediante permuta com a servidora Aline Peres Couto, ocupante do cargo efetivo de Técnico Judiciário, Área Administrativa, do quadro de pessoal daquele Tribunal para este Regional.</p><p>Art. 3º Esta portaria entra em vigor na data de sua publicação.</p><p></p><p class="assina">Des. MARCUS MOURA FERREIRA</p><p></p>]]></Texto>
  </body>
</article></xml>