﻿<xml><article id="2894771" name="trt9a82-2018 ATO 47" idOficio="4763957" pubName="DO2" artType="Ato" pubDate="02/05/2018" artClass="00038:00048:00000:00000:00000:00000:00000:00000:00000:00000:00001:00001" artCategory="Poder Judiciário/Tribunal Regional do Trabalho da 9ª Região" artSize="8" artNotes="" numberPage="68" pdfPage="http://pesquisa.in.gov.br/imprensa/jsp/visualiza/index.jsp?data=02/05/2018&amp;jornal=529&amp;pagina=68" editionNumber="83" highlight="" idMateria="10702423">
  <body>
    <Identifica><![CDATA[ ATO Nº 47, DE 23 DE ABRIL DE 2018]]></Identifica>
    <Data><![CDATA[]]></Data>
    <Ementa />
    <Titulo />
    <SubTitulo />
    <Texto><![CDATA[<p></p><p class="identifica">ATO Nº 47, DE 23 DE ABRIL DE 2018</p><p>A DESEMBARGADORA DO TRABALHO, PRESIDENTE DO TRIBUNAL REGIONAL DO TRABALHO DA 9ª REGIÃO, usando de suas atribuições legais, diante do disposto no art. 25 do Regimento Interno, e do contido no Processo "Redistribuição Funcionário Fora De Sede 031/2017" e na CER CAM 18/2018, resolve:</p><p>Art. 1º Redistribuir, a partir da data da publicação, nos termos do art. 37 da Lei nº 8.112/1990, o cargo efetivo de Técnico Judiciário, Área Administrativa, Especialidade Apoio de Serviços Diversos, criado pela Lei nº 8.432/1992, do Quadro de Pessoal Permanente desta Corte, ocupado pela servidora CLARINDA SOTOMA, para o Quadro de Pessoal Permanente do Tribunal Regional Federal da 3ª Região, em reciprocidade com o cargo de Técnico Judiciário, Área Administrativa, ocupado pelo servidor EVALDO CEZAR NERIS SILVA. Art. 2º Revogar, a partir da data da publicação, o Ato nº 252/2008, publicado no Diário Oficial da União - Seção 2, de 18/08/2008.</p><p class="assina">Des. MARLENE T. FUVERKI SUGUIMATSU</p><p></p>]]></Texto>
  </body>
</article></xml>