﻿<xml><article id="2915263" name="PT852018" idOficio="4767121" pubName="DO2" artType="Portaria" pubDate="03/05/2018" artClass="00017:00026:00011:00000:00000:00000:00000:00000:00000:00000:00025:00001" artCategory="Ministério da Saúde/Secretaria de Atenção à Saúde/Instituto Nacional de Cardiologia" artSize="8" artNotes="" numberPage="43" pdfPage="http://pesquisa.in.gov.br/imprensa/jsp/visualiza/index.jsp?data=03/05/2018&amp;jornal=529&amp;pagina=43" editionNumber="84" highlight="" idMateria="10708535">
  <body>
    <Identifica><![CDATA[ PORTARIA nº 85, DE 20 DE ABRIL DE 2018]]></Identifica>
    <Data><![CDATA[]]></Data>
    <Ementa />
    <Titulo />
    <SubTitulo />
    <Texto><![CDATA[<p class="identifica">PORTARIA nº 85, DE 20 DE ABRIL DE 2018</p><p>O Diretor Geral do Instituto Nacional de Cardiologia do Ministério da Saúde, no uso das atribuições legais conferidas pela Portaria MS/GM no3.047, de 16/11/2017 publicada no DOU nº 220, de 17/11/2017, e a subdelegação de competência conferida pela PT/CGRH/SAA/MS no1.041, de 30/10/2009, publicada no DOU no209, de 03/11/2009, e tendo em vista o que consta do Processo no33409.004718/2017-98, resolve:</p><p>Art. 1o- Conceder aposentadoria voluntária com proventos integrais ao servidor JORGE MARONES DE GUSMãO, matrícula Siape no0630001, matrícula SIAPECAD no1090584, Médico, Código 422069, Classe "S", Padrão "III", do Nível Superior, pertencente ao Quadro de Pessoal Permanente do Ministério da Saúde, lotado no Serviço de Orovalvulopatia, de acordo o artigo 3o, incisos I e II, parágrafo único da Emenda Constitucional no47/2005, combinado com o artigo 40 parágrafo 18 da Constituição Federal de 1988, com proventos mensais correspondentes ao valor do seu cargo efetivo, acrescidos de 16% (dezesseis por cento) de Adicional por Tempo de Serviço, conforme artigo 67 da Lei no8.112/90, e na Resolução no35/99 do Senado Federal; e da Gratificação de Desempenho de Médico da Carreira da Previdência, da Saúde e do Trabalho - GDM-PST, de acordo com o artigo 88, da Lei no13.324, de 29/07/2016, publicada no DOU no145A, de 29/07/2016.</p><p>Art. 2o- Declarar vago o referido cargo.</p><p class="assina">JOÃO MANOEL DE ALMEIDA PEDROSO</p>]]></Texto>
  </body>
</article></xml>