﻿<xml><article id="2968755" name="9 Portaria para a imprensa" idOficio="4767028" pubName="DO2" artType="Portaria" pubDate="07/05/2018" artClass="00038:00042:00001:00000:00000:00000:00000:00000:00000:00000:00025:00001" artCategory="Poder Judiciário/Tribunal Regional do Trabalho da 3ª Região/Presidência" artSize="8" artNotes="" numberPage="81" pdfPage="http://pesquisa.in.gov.br/imprensa/jsp/visualiza/index.jsp?data=07/05/2018&amp;jornal=529&amp;pagina=81" editionNumber="86" highlight="" idMateria="10708358">
  <body>
    <Identifica><![CDATA[ PORTARIA   Nº 106, DE 2 DE MARCO DE 2018]]></Identifica>
    <Data><![CDATA[]]></Data>
    <Ementa />
    <Titulo />
    <SubTitulo />
    <Texto><![CDATA[<p class="identifica">PORTARIA Nº 106, DE 2 DE MARCO DE 2018</p><p>O PRESIDENTE DO TRIBUNAL REGIONAL DO TRABALHO DA TERCEIRA REGIÃO, no uso de suas atribuições legais e regimentais,</p><p>CONSIDERANDO o disposto no art. 37 da Lei n. 8.112, de 11 de dezembro de 1990;</p><p>CONSIDERANDO os termos da Resolução n. 146, de 6 de março de 2012, do Conselho Nacional de Justiça; e</p><p>CONSIDERANDO o constante no processo TRT/e-PAD/32193/2017; resolve:</p><p>Art. 1º Redistribuir o cargo de Técnico Judiciário, Área Administrativa, deste Tribunal, ocupado pela servidora Ângela Cristina Vieira Chaves, em reciprocidade com o cargo de Técnico Judiciário, Área Administrativa, provido pelo servidor Paulo Henrique Álvares da Costa, do Quadro de Pessoal do Tribunal Regional Federal da 5ª Região.</p><p>Art. 2º Esta portaria entra em vigor na data de sua publicação.</p><p></p><p class="assina">Des MARCUS MOURA FERREIRA</p><p></p>]]></Texto>
  </body>
</article></xml>