﻿<xml><article id="2894864" name="658.EXONERA DANILO - NOMEIA LUCI" idOficio="4766449" pubName="DO2" artType="Portaria" pubDate="02/05/2018" artClass="00034:00008:00001:00004:00000:00000:00000:00000:00000:00000:00025:00002" artCategory="Ministério Público da União/Ministério Público do Trabalho/Procuradoria-Geral/Diretoria-Geral" artSize="8" artNotes="" numberPage="58" pdfPage="http://pesquisa.in.gov.br/imprensa/jsp/visualiza/index.jsp?data=02/05/2018&amp;jornal=529&amp;pagina=58" editionNumber="83" highlight="" idMateria="10706896">
  <body>
    <Identifica><![CDATA[ PORTARIA Nº 658, DE 24 DE ABRIL DE 2018]]></Identifica>
    <Data><![CDATA[]]></Data>
    <Ementa />
    <Titulo />
    <SubTitulo />
    <Texto><![CDATA[<p class="identifica">PORTARIA Nº 658, DE 24 DE ABRIL DE 2018</p><p>A DIRETORA-GERAL ADJUNTA DO MINISTÉRIO PÚBLICO DO TRABALHO, no uso das atribuições que lhe foram delegadas pela Portaria MPT-DG nº 86, de 30 de março de 2016, e o que consta no PGEA nº 000585.2018.18.900/0, resolve:</p><p>Art. 1º Exonerar, a contar de 1º.5.2018, o servidor DANILO VELOSO NASCIMENTO, matrícula 6003189, ocupante do cargo de Analista do MPU/Direito, do cargo em comissão de Assessor Jurídico do 11º Ofício Geral da Procuradoria Regional do Trabalho da 18ª Região/GO, código CC-4.</p><p>Art. 2º Nomear a servidora LUCIA AMELIA BRANDAO SALES, matrícula 6000582, ocupante do cargo de Técnico do MPU/Administração, para o cargo em comissão de Assessor Jurídico do 11º Ofício Geral da Procuradoria Regional do Trabalho da 18ª Região/GO, código CC-4.</p><p class="assina">SANDRA CRISTINA DE ARAÚJO</p>]]></Texto>
  </body>
</article></xml>