﻿<xml><article id="2895056" name="Portaria-1956-2018" idOficio="4765938" pubName="DO2" artType="Portaria" pubDate="02/05/2018" artClass="00038:00043:00001:00003:00000:00000:00000:00000:00000:00000:00025:00002" artCategory="Poder Judiciário/Tribunal Regional do Trabalho da 4ª Região/Presidência/Diretoria-Geral de Coordenação Administrativa" artSize="8" artNotes="" numberPage="67" pdfPage="http://pesquisa.in.gov.br/imprensa/jsp/visualiza/index.jsp?data=02/05/2018&amp;jornal=529&amp;pagina=67" editionNumber="83" highlight="" idMateria="10706088">
  <body>
    <Identifica><![CDATA[ PORTARIA Nº 1.956, DE 16 DE ABRIL DE 2018]]></Identifica>
    <Data><![CDATA[]]></Data>
    <Ementa />
    <Titulo />
    <SubTitulo />
    <Texto><![CDATA[<p></p><p class="identifica">PORTARIA Nº 1.956, DE 16 DE ABRIL DE 2018</p><p>A PRESIDENTE DO TRIBUNAL REGIONAL DO TRABALHO DA 4ª REGIÃO, no uso de suas atribuições legais e regimentais estabelecidas no inciso XIV do art. 39 do Regimento Interno, com fundamento art. 37 da Lei nº 8.112/90, com redação dada pela Lei nº 9.527/97, e considerando o que consta no Processo Administrativo nº 0000363-24.2018.5.04.0000, resolve:</p><p>1. CESSAR, a partir de 02-05-2018, os efeitos da Portaria nº 6.052/2014, quanto à remoção, a pedido, do servidor PEDRO ALVES DE CARVALHO ROCHA FILHO, Analista Judiciário, Área Judiciária, do Quadro de Pessoal deste Tribunal para o Tribunal Superior do Trabalho, POR PERMUTA com a servidora VANESSA DE CEZARO, ocupante de idêntico cargo, pertencente ao Quadro de Pessoal daquele Tribunal.</p><p>2. REDISTRIBUIR, a contar de 02-05-2018, o cargo efetivo de Analista Judiciário, Área Judiciária, Classe A, Padrão 05, do Quadro Permanente de Pessoal deste Tribunal, ocupado pelo servidor PEDRO ALVES DE CARVALHO ROCHA FILHO, em reciprocidade com o cargo efetivo de Analista Judiciário, Área Judiciária, Classe A, Padrão 4, do Quadro Permanente de Pessoal do Tribunal Superior do Trabalho, ocupado pela servidora VANESSA DE CEZARO.</p><p></p><p class="assina">Des. VANIA CUNHA MATTOS</p>]]></Texto>
  </body>
</article></xml>