﻿<xml><article id="2895020" name="Portaria 079_2018 apos MARIA EUD" idOficio="4765710" pubName="DO2" artType="Portaria" pubDate="02/05/2018" artClass="00012:00002:00012:00016:00000:00000:00000:00000:00000:00000:00025:00001" artCategory="Ministério da Fazenda/Secretaria Executiva/Subsecretaria de Planejamento, Orçamento e Administração/Superintendência de Administração no Ceará" artSize="8" artNotes="" numberPage="26" pdfPage="http://pesquisa.in.gov.br/imprensa/jsp/visualiza/index.jsp?data=02/05/2018&amp;jornal=529&amp;pagina=26" editionNumber="83" highlight="" idMateria="10705825">
  <body>
    <Identifica><![CDATA[ PORTARIA Nº 79, de 24 de abril de 2018]]></Identifica>
    <Data><![CDATA[]]></Data>
    <Ementa />
    <Titulo />
    <SubTitulo />
    <Texto><![CDATA[<p></p><p></p><p class="identifica">PORTARIA Nº 79, de 24 de abril de 2018</p><p>O SUPERINTENDENTE DE ADMINISTRAÇÃO DO MINISTÉRIO DA FAZENDA NO ESTADO DO CEARÁ, no uso de suas atribuições conferidas pelo inciso XI, art. 86, da Portaria nº 144, do Gabinete do Ministro da Fazenda, de 27.4.2016, publicada no DOU de 29.4.2016, resolve:</p><p>CONCEDER aposentadoria voluntária com proventos integrais à servidora MARIA EUDOCIA MELO JOB DE ALMEIDA, ocupante do cargo Auditor Fiscal da Receita Federal do Brasil, matrícula Siape nº 1369156, Classe S, Padrão III, lotada e em exercício na DRF/SEFIS/FOR, com fundamento legal no artigo 6º, Incisos I, II, III e IV da EC Nº 41/2003, do Quadro Permanente do Ministério da Fazenda. (Processo SEI nº 10380.100176/2018-24)</p><p class="assina">RAIMUNDO MARCILIO DE AMORIM</p><p></p>]]></Texto>
  </body>
</article></xml>