﻿<xml><article id="2894852" name="LAUDA SCCN DOU 27 abril" idOficio="4764256" pubName="DO2" artType="Ato" pubDate="02/05/2018" artClass="00038:00054:00003:00000:00000:00000:00000:00000:00000:00000:00001:00002" artCategory="Poder Judiciário/Tribunal Regional do Trabalho da 15ª Região/Presidência" artSize="8" artNotes="" numberPage="69" pdfPage="http://pesquisa.in.gov.br/imprensa/jsp/visualiza/index.jsp?data=02/05/2018&amp;jornal=529&amp;pagina=69" editionNumber="83" highlight="" idMateria="10702915">
  <body>
    <Identifica><![CDATA[ ATOS CPV DE 19 DE ABRIL DE 2018]]></Identifica>
    <Data><![CDATA[]]></Data>
    <Ementa />
    <Titulo />
    <SubTitulo />
    <Texto><![CDATA[<p></p><p class="identifica">ATOS CPV DE 19 DE ABRIL DE 2018</p><p>O DESEMBARGADOR PRESIDENTE DO TRIBUNAL REGIONAL DO TRABALHO DA 15ª REGIÃO, no uso de suas atribuições legais e regimentais, e tendo em vista o que consta do Protocolo PAE nº 232/2018, resolve:</p><p>Nº 78 - Exonerar FABIANO MELLO DELGADO, Analista Judiciário, área Judiciária, do Quadro Permanente da Secretaria deste Tribunal, do cargo em comissão de Assessor de Desembargador CJ-03, do mesmo Quadro.</p><p>Nº 79 - Nomear, nos termos do artigo 5º, da Lei nº 11.416/2006, SAMARA CAMPOS MARINI, Técnico Judiciário, área Administrativa, do Quadro Permanente da Secretaria deste Tribunal, para exercer o cargo em comissão de Assessor de Desembargador CJ-03, do mesmo Quadro, em vaga decorrente da exoneração de Fabiano Mello Delgado.</p><p class="assina">Des. FERNANDO DA SILVA BORGES</p>]]></Texto>
  </body>
</article></xml>