﻿<xml><article id="2894831" name="Portarias nº 231 e 232.2018" idOficio="4767437" pubName="DO2" artType="Portaria" pubDate="02/05/2018" artClass="00011:00044:00000:00000:00000:00000:00000:00000:00000:00000:00025:00001" artCategory="Ministério da Educação/Fundação Universidade Federal do Vale do São Francisco" artSize="8" artNotes="" numberPage="17" pdfPage="http://pesquisa.in.gov.br/imprensa/jsp/visualiza/index.jsp?data=02/05/2018&amp;jornal=529&amp;pagina=17" editionNumber="83" highlight="" idMateria="10709168">
  <body>
    <Identifica><![CDATA[ PORTARIAS DE 24 DE ABRIL DE 2018]]></Identifica>
    <Data><![CDATA[]]></Data>
    <Ementa />
    <Titulo />
    <SubTitulo />
    <Texto><![CDATA[<p class="identifica">PORTARIAS DE 24 DE ABRIL DE 2018</p><p>O Reitor da Fundação Universidade Federal do Vale do São Francisco - UNIVASF, no uso das suas atribuições conferidas pelo Decreto de 28 de março de 2016, publicado no Diário Oficial da União nº 59, de 29 de março de 2016, tendo em vista a Portaria nº 208 de 17 de abril de 2018 e o Memorando nº 044/2018-GR, resolve:</p><p>Nº 231 - DISPENSAR, a contar de 01.05.2018, a servidora LUCIMARA ARAÚJO CAMPOS ALEXANDRE, CPF 034.173.384-92, Professora da Carreira de Magistério Superior, matrícula SIAPE 1640386, da função de Presidente da Comissão Própria de Avaliação Institucional da UNIVASF - GR-CPA, Código FG-01.</p><p>Nº 232 - DESIGNAR a servidora MICHELLE CHRISTINI ARAUJO VIEIRA, CPF 929.551.774-15, Professora da Carreira de Magistério Superior, matrícula SIAPE 1517673, para exercer a função de Presidente da Comissão Própria de Avaliação Institucional da UNIVASF - GR-CPA, Código FG-01.</p><p class="assina">TELIO NOBRE LEITE</p><p class="cargo">Em Exercício</p>]]></Texto>
  </body>
</article></xml>