﻿<xml><article id="2894786" name="230-MAYARA-DIS-DES" idOficio="4767165" pubName="DO2" artType="Portaria" pubDate="02/05/2018" artClass="00038:00004:00001:00002:00000:00000:00000:00000:00000:00000:00025:00001" artCategory="Poder Judiciário/Superior Tribunal de Justiça/Presidência/Secretaria" artSize="8" artNotes="" numberPage="63" pdfPage="http://pesquisa.in.gov.br/imprensa/jsp/visualiza/index.jsp?data=02/05/2018&amp;jornal=529&amp;pagina=63" editionNumber="83" highlight="" idMateria="10708663">
  <body>
    <Identifica><![CDATA[ PORTARIA Nº 230, DE 25 DE ABRIL DE 2018]]></Identifica>
    <Data><![CDATA[]]></Data>
    <Ementa />
    <Titulo />
    <SubTitulo />
    <Texto><![CDATA[<p></p><p class="identifica">PORTARIA Nº 230, DE 25 DE ABRIL DE 2018</p><p>A DIRETORA-GERAL DA SECRETARIA DO SUPERIOR TRIBUNAL DE JUSTIÇA, com base no item 16.2, XI, b, do Manual de Organização e no disposto no art. 35, I, da Lei n. 8.112, de 11 de dezembro de 1990, resolve:</p><p>Art. 1º Dispensar MAYARA LOPES CANÇADO, matrícula S069463, da função de confiança de Assistente II, código FC-2, do Gabinete do Ministro Rogerio Schietti Cruz.</p><p>Art. 2º Designar a servidora para a função de confiança de Assistente II, código FC-2, do Gabinete do Ministro Sérgio Kukina, na vaga decorrente da dispensa de Andréa Ferreira da Silva Guimarães.</p><p>Art. 3º Esta portaria entra em vigor na data de sua publicação.</p><p class="assina">Sulamita Avelino Cardoso Marques</p>]]></Texto>
  </body>
</article></xml>