﻿<xml><article id="2895488" name="Port. 320 - ADQINTECDO 47 - SONI" idOficio="4767290" pubName="DO2" artType="Portaria" pubDate="02/05/2018" artClass="00011:00134:00001:00012:00007:00000:00000:00000:00000:00000:00025:00001" artCategory="Ministério da Educação/Universidade Federal de Santa Catarina/Reitoria/Pró-Reitoria de Desenvolvimento e Gestão de Pessoas/Departamento de Administração de Pessoal" artSize="8" artNotes="" numberPage="24" pdfPage="http://pesquisa.in.gov.br/imprensa/jsp/visualiza/index.jsp?data=02/05/2018&amp;jornal=529&amp;pagina=24" editionNumber="83" highlight="" idMateria="10708851">
  <body>
    <Identifica><![CDATA[ PORTARIA Nº 320, DE 26 DE ABRIL DE 2018]]></Identifica>
    <Data><![CDATA[]]></Data>
    <Ementa />
    <Titulo />
    <SubTitulo />
    <Texto><![CDATA[<p class="identifica">PORTARIA Nº 320, DE 26 DE ABRIL DE 2018</p><p>A Diretora do Departamento de Administração de Pessoal da Universidade Federal de Santa Catarina, no uso de suas atribuições, resolve:</p><p>Aposentar SONIA SILVEIRA PEDUZZI, matrícula SIAPE 1156264, código de vaga 688183, ocupante do cargo de Professor, Grupo NS, Classe C (Adjunto), Nível 4, com Mestrado, em regime de trabalho de Dedicação Exclusiva, da carreira do magistério superior da Universidade Federal de Santa Catarina, nos termos do art. 3º, incisos I a III e parágrafo único da Emenda Constitucional nº 47 de 05 de julho de 2005, com proventos integrais, incorporando 22% (vinte e dois por cento) de adicional por tempo de serviço. (Processo nº 23080.016428/2018-34)</p><p class="assina">Rita de Cássia Knabben</p>]]></Texto>
  </body>
</article></xml>