﻿<xml><article id="2894822" name="Port. DGC Nºs 91 e 92, de 24.04." idOficio="4764209" pubName="DO2" artType="Portaria" pubDate="02/05/2018" artClass="00012:00052:00008:00000:00000:00000:00000:00000:00000:00000:00025:00001" artCategory="Ministério da Fazenda/Procuradoria-Geral da Fazenda Nacional/Departamento de Gestão Corporativa" artSize="8" artNotes="" numberPage="29" pdfPage="http://pesquisa.in.gov.br/imprensa/jsp/visualiza/index.jsp?data=02/05/2018&amp;jornal=529&amp;pagina=29" editionNumber="83" highlight="" idMateria="10702865">
  <body>
    <Identifica><![CDATA[ PORTARIAS DE 24 DE ABRIL DE 2018 ]]></Identifica>
    <Data><![CDATA[]]></Data>
    <Ementa />
    <Titulo />
    <SubTitulo />
    <Texto><![CDATA[<p class="identifica">PORTARIAS DE 24 DE ABRIL DE 2018</p><p>O DIRETOR DO DEPARTAMENTO DE GESTÃO CORPORATIVA SUBSTITUTO, no uso das competências que lhe foram subdelegadas pelo inciso I do art. 8° da Portaria PGFN n° 1.178, de 28 de outubro de 2010, publicada no D.O.U. de 1° de novembro de 2010, alterada pela Portaria PGFN nº 387, de 30 de março de 2017, publicada no D.O.U de 31 de março de 2017, e de acordo com a Portaria PGFN n° 174, de 18 de fevereiro de 2016, publicada no D.O.U. de 19 de fevereiro de 2016, resolve:</p><p>Nº 91 - Dispensar, a pedido, OSVALDIR MANOEL FELICIANO FILHO, Agente de Portaria, matrícula SIAPE nº 0102824, da Função Gratificada FG-2, da Procuradoria da Fazenda Nacional no Estado de Santa Catarina, a partir de 2 de maio de 2018.</p><p>Nº 92 - Designar MARCOS RAMOS SARMENTO, Técnico em Contabilidade, matrícula SIAPE nº 1169237, para exercer a Função Gratificada FG-2, da Procuradoria da Fazenda Nacional no Estado de Santa Catarina.</p><p class="assina">RONALDO AFFONSO NUNES LOPES BAPTISTA</p>]]></Texto>
  </body>
</article></xml>