﻿<xml><article id="2968749" name="656.EXONERA EDIO - NOMEIA DIOGO" idOficio="4766572" pubName="DO2" artType="Portaria" pubDate="07/05/2018" artClass="00034:00008:00001:00004:00000:00000:00000:00000:00000:00000:00025:00001" artCategory="Ministério Público da União/Ministério Público do Trabalho/Procuradoria-Geral/Diretoria-Geral" artSize="8" artNotes="" numberPage="69" pdfPage="http://pesquisa.in.gov.br/imprensa/jsp/visualiza/index.jsp?data=07/05/2018&amp;jornal=529&amp;pagina=69" editionNumber="86" highlight="" idMateria="10707093">
  <body>
    <Identifica><![CDATA[ PORTARIA Nº 656, DE 24 DE ABRIL DE 2018]]></Identifica>
    <Data><![CDATA[]]></Data>
    <Ementa />
    <Titulo />
    <SubTitulo />
    <Texto><![CDATA[<p></p><p class="identifica">PORTARIA Nº 656, DE 24 DE ABRIL DE 2018</p><p>A DIRETORA-GERAL ADJUNTA DO MINISTÉRIO PÚBLICO DO TRABALHO, no uso das atribuições que lhe foram delegadas pela Portaria MPT-DG nº 86, de 30 de março de 2016 e o que consta no PGEA/MPT nº 000269.2018.12.900/1, resolve:</p><p>Art. 1º Exonerar, a contar de 5.5.2018, o servidor EDIO CARLOS SCHWEITZER DA SILVA, matrícula 6005476, ocupante do cargo de Técnico do MPU/Administração, do cargo em comissão de Assessor Jurídico do 8º Ofício Geral da Procuradoria Regional do Trabalho da 12ª Região/SC, código CC-2.</p><p>Art. 2º Nomear o servidor DIOGO NIENCHOTTER SCHWINDEN, matrícula 6005402, ocupante do cargo de Analista do MPU/Direito, para o cargo em comissão de Assessor Jurídico do 8º Ofício Geral da Procuradoria Regional do Trabalho da 12ª Região/SC, código CC-2.</p><p class="assina">SANDRA CRISTINA DE ARAÚJO</p>]]></Texto>
  </body>
</article></xml>