﻿<xml><article id="2901799" name="Por283DF" idOficio="4771987" pubName="DO2" artType="Portaria" pubDate="02/05/2018" artClass="00021:00016:00000:00000:00000:00000:00000:00000:00000:00000:00025:00001" artCategory="Ministério de Minas e Energia/Departamento Nacional de Produção Mineral" artSize="8" artNotes="" numberPage="40" pdfPage="http://pesquisa.in.gov.br/imprensa/jsp/visualiza/index.jsp?data=02/05/2018&amp;jornal=529&amp;pagina=40" editionNumber="83" highlight="" idMateria="10717739">
  <body>
    <Identifica><![CDATA[ Portaria Nº 283, DE 10 DE abril DE 2018]]></Identifica>
    <Data><![CDATA[]]></Data>
    <Ementa />
    <Titulo />
    <SubTitulo />
    <Texto><![CDATA[<p class="identifica">Portaria Nº 283, DE 10 DE abril DE 2018</p><p>O DIRETOR-GERAL DO DEPARTAMENTO NACIONAL DE PRODUÇÃO MINERAL/DNPM, no uso das atribuições que lhe confere o artigo 17, do Decreto nº 7.092, de 2 de fevereiro de 2010 e a Portaria n° 247, de 8 de abril de 2011, resolve:</p><p>Art. 1º - Conceder aposentadoria voluntária ao servidor DJALMA RODRIGUES CARVALHO, matrícula SIAPE nº 0453476, ocupante do cargo de AGENTE ADMINISTRATIVO, código NI-440016, Classe S, Padrão III, do Quadro Permanente deste Departamento, com fundamento no artigo 3º, da Emenda Constitucional nº 47/2005. (Processo SEI nº 48406.700072/2018-51).</p><p>Art. 2º - O ato de concessão da aposentadoria ou pensão é provisório, sujeito à apreciação do TCU.</p><p>Art. 3º - Esta Portaria entra em vigor na data de sua publicação.</p><p class="assina">Victor Hugo Froner Bicca</p>]]></Texto>
  </body>
</article></xml>