﻿<xml><article id="2902247" name="ATO PORTARIA Nº 506" idOficio="4772008" pubName="DO2" artType="Portaria" pubDate="02/05/2018" artClass="00011:00042:00000:00000:00000:00000:00000:00000:00000:00000:00025:00015" artCategory="Ministério da Educação/Fundação Universidade Federal de Sergipe" artSize="8" artNotes="" numberPage="16" pdfPage="http://pesquisa.in.gov.br/imprensa/jsp/visualiza/index.jsp?data=02/05/2018&amp;jornal=529&amp;pagina=16" editionNumber="83" highlight="" idMateria="10717798">
  <body>
    <Identifica><![CDATA[ PORTARIA N° 506, DE 26 DE ABRIL DE 2018]]></Identifica>
    <Data><![CDATA[]]></Data>
    <Ementa />
    <Titulo />
    <SubTitulo />
    <Texto><![CDATA[<p class="identifica">PORTARIA N° 506, DE 26 DE ABRIL DE 2018</p><p>O REITOR DA UNIVERSIDADE FEDERAL DE SERGIPE, no uso de suas atribuições legais e, considerando: o que consta na Lei nº 12.677, publicada no D.O.U de 26/06/2012; o que consta na Portaria nº 1.172/MEC, publicada no D.O.U. de 18/09/2012; o que consta no MEM. ELETRÔNICO nº 62/18/PPGCF, de 06/04/2018; resolve:</p><p>Art. 1º - Designar, durante o período de 29/04/2018 a 27/04/2020, a Professora do Magistério Superior, Classe Adjunto, Nível 03, CRISTIANI ISABEL BANDERO WALKER, matrícula SIAPE nº 1964297, lotada no Departamento de Farmácia do Centro de Ciências Biológicas e da Saúde - DFA/CCBS, em regime de trabalho de Dedicação Exclusiva, para exercer a Função de Coordenadora do Programa de Pós-Graduação em Ciências Farmacêuticas - PPGCF/POSGRAP, fazendo jus a Função Comissionada de Coordenação de Curso - FCC.</p><p>Art. 2º - Esta Portaria entra em vigor nesta data, devendo ser publicada no Diário Oficial da União.</p><p class="assina">Angelo Roberto Antoniolli</p>]]></Texto>
  </body>
</article></xml>