﻿<xml><article id="2900275" name="4570-4572" idOficio="4771793" pubName="DO2" artType="Portaria" pubDate="02/05/2018" artClass="00026:00034:00000:00000:00000:00000:00000:00000:00000:00000:00025:00001" artCategory="Ministério do Planejamento, Desenvolvimento e Gestão/Secretaria de Gestão de Pessoas" artSize="8" artNotes="" numberPage="50" pdfPage="http://pesquisa.in.gov.br/imprensa/jsp/visualiza/index.jsp?data=02/05/2018&amp;jornal=529&amp;pagina=50" editionNumber="83" highlight="" idMateria="10717431">
  <body>
    <Identifica><![CDATA[ Portarias de 27 de abril de 2018]]></Identifica>
    <Data><![CDATA[]]></Data>
    <Ementa />
    <Titulo />
    <SubTitulo />
    <Texto><![CDATA[<p class="identifica">Portarias de 27 de abril de 2018</p><p>O SECRETÁRIO DE GESTÃO DE PESSOAS DO MINISTÉRIO DO PLANEJAMENTO, DESENVOLVIMENTO E GESTÃO, no uso das atribuições que lhe confere a Portaria nº 176, de 25 de abril de 2012, observado o disposto no inciso XXII, do art. 25 do Decreto nº 8.818, de 21 de julho de 2016, e em cumprimento ao disposto no art. 5º do Decreto nº 6.077, de 10 de abril de 2007, resolve efetivar o seguinte exercício:</p><p>Nº 4.570 - Empregado: PAULO ANTÔNIO SILVA</p><p>Origem: Banco Meridional do Brasil S.A (Ministério da Fazenda)</p><p>Para: Advocacia-Geral da União - AGU</p><p>Processo: 04500.014492/2009-87</p><p>Art. 1º Caberá ao órgão de origem efetivar a apresentação do empregado.</p><p>Art. 2º Caberá ao órgão cessionário efetivar a apresentação do empregado ao seu órgão de origem ao término do exercício.</p><p>Art. 3º Cumpre ao cessionário comunicar, mensalmente, ao órgão de origem a frequência do empregado.</p><p>Art. 4º O ressarcimento decorrente da cessão ou exercício de servidores e empregados aos órgãos ou entidades de origem previsto no parágrafo único do art. 5º do Decreto nº 6.077, de 10 de abril de 2007, nos termos do parágrafo único do art. 6º do Decreto nº 4.050, de 12 de dezembro de 2001, só será devido no caso de empresas públicas ou sociedades de economia mista que não recebam recursos financeiros do Tesouro Nacional para custeio total ou parcial de sua folha de pagamento de pessoal.</p><p>Art. 5º Esta Portaria entra em vigor na data da sua publicação.</p><p>Nº 4.572 - Empregado: VERA LÚCIA MARTINS ALVES DE SOUZA</p><p>Origem: Empresa de Tecnologia e Informações da Previdência Social - DATAPREV</p><p>Para: Ministério da Fazenda - MF</p><p>Processo: 05200.000819/2013-67</p><p>Art. 1º Caberá ao órgão de origem efetivar a apresentação do empregado.</p><p>Art. 2º Caberá ao órgão cessionário efetivar a apresentação do empregado ao seu órgão de origem ao término do exercício.</p><p>Art. 3º Cumpre ao cessionário comunicar, mensalmente, ao órgão de origem a frequência do empregado.</p><p>Art. 4º O ressarcimento decorrente da cessão ou exercício de servidores e empregados aos órgãos ou entidades de origem previsto no parágrafo único do art. 5ºdo Decreto nº 6.077, de 10 de abril de 2007, nos termos do parágrafo único do art. 6º do Decreto nº 4.050, de 12 de dezembro de 2001, só será devido no caso de empresas públicas ou sociedades de economia mista que não recebam recursos financeiros do Tesouro Nacional para custeio total ou parcial de sua folha de pagamento de pessoal.</p><p>Art. 5º Esta Portaria entra em vigor na data da sua publicação.</p><p class="assina">AUGUSTO AKIRA CHIBA</p>]]></Texto>
  </body>
</article></xml>