﻿<xml><article id="2901847" name="PORTARIA Nº 70 DESIGNAR JORGE LU" idOficio="4771970" pubName="DO2" artType="Portaria" pubDate="02/05/2018" artClass="00008:00005:00020:00000:00000:00000:00000:00000:00000:00000:00025:00001" artCategory="Ministério da Ciência, Tecnologia, Inovações e Comunicações/Agência Espacial Brasileira/Presidência" artSize="8" artNotes="" numberPage="6" pdfPage="http://pesquisa.in.gov.br/imprensa/jsp/visualiza/index.jsp?data=02/05/2018&amp;jornal=529&amp;pagina=6" editionNumber="83" highlight="" idMateria="10717733">
  <body>
    <Identifica><![CDATA[ PORTARIA Nº 70, DE 27 DE ABRIL DE 2018]]></Identifica>
    <Data><![CDATA[]]></Data>
    <Ementa />
    <Titulo />
    <SubTitulo />
    <Texto><![CDATA[<p class="identifica">PORTARIA Nº 70, DE 27 DE ABRIL DE 2018</p><p>O PRESIDENTE DA AGÊNCIA ESPACIAL BRASILEIRA, no uso das atribuições que lhe são conferidas pelo Decreto nº 8.868, de 4 de outubro de 2016, pela Portaria MCT nº 4.893, de 23 de agosto de 2017, e tendo em vista o disposto nos artigos 143, 148 e 149 da Lei nº 8.112, de 11 de dezembro de 1990, resolve:</p><p>Art. 1º Designar Jorge Luiz Lopes Mourão, Auditor Federal de Finanças e Controle do quadro de pessoal do Ministério da Transparência e Controladoria-Geral da União, matrícula funcional nº 1728515; Hugo de Oliveira Lopes Barbosa Pereira Pinto, Diplomata, do quadro de pessoal do Ministério das Relações Exteriores, matrícula funcional nº 1461322; e Cristiano Augusto Trein, Tecnologista em C&amp;T, do quadro de pessoal da Agência Espacial Brasileira, matrícula funcional nº 1787566, para, sob a presidência do primeiro, constituírem Comissão de Processo Administrativo Disciplinar destinada a apurar, no prazo de 60 dias, os fatos de que trata o Processo nº 01350.000175/2017-66, bem como os fatos conexos que emergirem no decorrer dos trabalhos.</p><p>Art. 2º Esta Portaria entra em vigor na data de sua publicação.</p><p class="assina">JOSÉ RAIMUNDO BRAGA COELHO</p>]]></Texto>
  </body>
</article></xml>