﻿<xml><article id="2898410" name="PT74RIBEIRÃOPRETO" idOficio="4771703" pubName="DO2" artType="Portaria" pubDate="02/05/2018" artClass="00022:00029:00239:00017:00000:00000:00000:00000:00000:00000:00025:00006" artCategory="Ministério do Desenvolvimento Social/Instituto Nacional do Seguro Social/Superintendência-Regional Sudeste I em São Paulo/Gerência Executiva - B - Ribeirão Preto" artSize="8" artNotes="" numberPage="43" pdfPage="http://pesquisa.in.gov.br/imprensa/jsp/visualiza/index.jsp?data=02/05/2018&amp;jornal=529&amp;pagina=43" editionNumber="83" highlight="" idMateria="10717272">
  <body>
    <Identifica><![CDATA[ PORTARIA  Nº 74, DE 30 DE ABRIL DE 2018]]></Identifica>
    <Data><![CDATA[]]></Data>
    <Ementa />
    <Titulo />
    <SubTitulo />
    <Texto><![CDATA[<p class="identifica">PORTARIA Nº 74, DE 30 DE ABRIL DE 2018</p><p>O GERENTE EXECUTIVO DO INSTITUTO NACIONAL DO SEGURO SOCIAL EM RIBEIRÃO PRETO-SP, no uso das atribuições que lhe foram conferidas pelo artigo 230 do Regimento Interno do INSS, aprovado pela Portaria MDS/GM nº. 414, de 28/09/2017, publicada no DOU Edição Extra nº. 188-A, de 29/09/2017, e tendo em vista o que consta do processo nº. 35426.000204/2018-61, resolve:</p><p>Art. 1º Conceder Aposentadoria Voluntária a servidora JOSELITA RIBEIRO DA GAMA, Matrícula SIAPE 0.938.251, CPF 006.591.628-06, ocupante do cargo de Técnico do Seguro Social, Classe "S", Padrão "IV", do quadro de pessoal do Instituto Nacional do Seguro Social, com fundamento no Artigo 3º, da Emenda Constitucional nº. 47, de 05/07/2005, com proventos integrais e demais vantagens a que faz jus.</p><p>Art. 2º Declarar vago o referido cargo.</p><p class="assina">Rui Brunini Júnior</p>]]></Texto>
  </body>
</article></xml>