﻿<xml><article id="2896104" name="LAUDA SCCN DOU 27 abril_2" idOficio="4771317" pubName="DO2" artType="Ato" pubDate="02/05/2018" artClass="00038:00054:00003:00000:00000:00000:00000:00000:00000:00000:00001:00003" artCategory="Poder Judiciário/Tribunal Regional do Trabalho da 15ª Região/Presidência" artSize="8" artNotes="" numberPage="69" pdfPage="http://pesquisa.in.gov.br/imprensa/jsp/visualiza/index.jsp?data=02/05/2018&amp;jornal=529&amp;pagina=69" editionNumber="83" highlight="" idMateria="10716565">
  <body>
    <Identifica><![CDATA[ ATO CPV Nº 81, DE 27 DE ABRIL DE 2018]]></Identifica>
    <Data><![CDATA[]]></Data>
    <Ementa />
    <Titulo />
    <SubTitulo />
    <Texto><![CDATA[<p></p><p class="identifica">ATO CPV Nº 81, DE 27 DE ABRIL DE 2018</p><p>O DESEMBARGADOR PRESIDENTE DO TRIBUNAL REGIONAL DO TRABALHO DA 15ª REGIÃO, no uso de suas atribuições legais e regimentais, e tendo em vista o que consta do Processo PROAD nº 8544/2017, resolve:</p><p>Redistribuir, a partir de 02 de maio de 2018, o cargo efetivo de Técnico Judiciário, área Administrativa, do Quadro Permanente da Secretaria deste Tribunal, ocupado pela servidora PAULA DANIELE RIBEIRO DA SILVA, para o Quadro Permanente da Secretaria do Tribunal Regional do Trabalho da 4ª Região, de acordo com o artigo 37, incisos I a VI, § 1º, da Lei nº 8.112/1990, tendo por reciprocidade a redistribuição simultânea de 01 (um) cargo idêntico, do Quadro Permanente da Secretaria daquele E. Tribunal para esta Corte, ocupado pelo servidor CARLOS LISBOA DE LIMA.</p><p class="assina">Des. FERNANDO DA SILVA BORGES</p><p></p>]]></Texto>
  </body>
</article></xml>