﻿<xml><article id="2903075" name="(Port. nº 704-705-706-SEI-SE )JA" idOficio="4772093" pubName="DO2" artType="Portaria" pubDate="02/05/2018" artClass="00013:00002:00000:00000:00000:00000:00000:00000:00000:00000:00025:00001" artCategory="Ministério da Indústria, Comércio Exterior e Serviços/Secretaria Executiva" artSize="8" artNotes="" numberPage="30" pdfPage="http://pesquisa.in.gov.br/imprensa/jsp/visualiza/index.jsp?data=02/05/2018&amp;jornal=529&amp;pagina=30" editionNumber="83" highlight="" idMateria="10718025">
  <body>
    <Identifica><![CDATA[ PORTARIAS DE 23 DE ABRIL DE 2018]]></Identifica>
    <Data><![CDATA[]]></Data>
    <Ementa />
    <Titulo />
    <SubTitulo />
    <Texto><![CDATA[<p class="identifica">PORTARIAS DE 23 DE ABRIL DE 2018</p><p>A SECRETÁRIA-EXECUTIVA DO MINISTÉRIO DA INDÚSTRIA, COMÉRCIO EXTERIOR E SERVIÇOS, no uso da competência que lhe foi subdelegada pela Portaria GM/MDIC nº 305, de 1º de novembro de 2016, e tendo em vista o disposto no Decreto nº 9.260, de 29 de dezembro de 2017, e na Lei nº 8.112, de 11 de dezembro de 1990, resolve:</p><p>Nº 704-SEI Exonerar, a pedido, a contar de 2 de maio de 2018, JANAÍNA BATISTA SILVA do cargo em comissão de Chefe da Assessoria Internacional, código DAS 101.4, do Gabinete do Ministro deste Ministério.</p><p>Nº 705-SEI Nomear LUIZ FELIPE GONDIN RAMOS para exercer o cargo em comissão de Chefe da Assessoria Internacional, código DAS 101.4, do Gabinete do Ministro deste Ministério.</p><p>Nº 706-SEI Dispensar, a contar de 2 de maio de 2018, LUIZ FELIPE GONDIN RAMOS do encargo de substituto do cargo em comissão de Chefe da Assessoria Internacional, código DAS 101.4, do Gabinete do Ministro deste Ministério.</p><p class="assina">YANA DUMARESQ SOBRAL ALVES</p>]]></Texto>
  </body>
</article></xml>