﻿<xml><article id="2903406" name="PT 38 SOGP FORTALEZA" idOficio="4772145" pubName="DO2" artType="Portaria" pubDate="02/05/2018" artClass="00022:00029:00237:00008:00089:00001:00000:00000:00000:00000:00025:00002" artCategory="Ministério do Desenvolvimento Social/Instituto Nacional do Seguro Social/Superintendência Regional Nordeste em Recife/Gerência Executiva - A - em Fortaleza/Serviço de Administração/Seção Operacional da Gestão de Pessoas" artSize="8" artNotes="" numberPage="41" pdfPage="http://pesquisa.in.gov.br/imprensa/jsp/visualiza/index.jsp?data=02/05/2018&amp;jornal=529&amp;pagina=41" editionNumber="83" highlight="" idMateria="10718084">
  <body>
    <Identifica><![CDATA[ PORTARIA Nº 38, de 30 DE ABRIL DE 2018]]></Identifica>
    <Data><![CDATA[]]></Data>
    <Ementa />
    <Titulo />
    <SubTitulo />
    <Texto><![CDATA[<p class="identifica">PORTARIA Nº 38, de 30 DE ABRIL DE 2018</p><p>O CHEFE SUBSTITUTO DA SEÇÃO OPERACIONAL DA GESTÃO DE PESSOAS- DA GERÊNCIA EXECUTIVA DO INSTITUTO NACIONAL DO SEGURO SOCIAL (INSS)-Fortaleza, no uso das atribuições que lhe confere o Artigo nº 235, I, "b" da Portaria nº 414/MDS, de 28 de setembro de 2017, publicada no Diário Oficial da União nº 188/A - Edição Extra de 21 de setembro de 2017, Seção I, pág.1/23, que aprova o Regimento Interno do INSS, resolve:</p><p>Conceder aposentadoria voluntária integral ao servidor CARLOS HUMBERTO OLIVEIRA MOTA, matricula 0884530, ocupante do cargo de Técnico do Seguro Social classe "S",padrão "IV", do quadro de pessoal do INSS, com fundamento no artigo 3º da Emenda Constitucional nº 47, de 05 de julho de 2005, observado o contido no processo nº 35043.000611/2018-73, declarando, em consequência, o referido cargo vago.</p><p class="assina">MARCIA MOREIRA GONÇALVES PEIXOTO</p>]]></Texto>
  </body>
</article></xml>