﻿<xml><article id="2896113" name="Port.2018.50(19.04) Disp coord p" idOficio="4770519" pubName="DO2" artType="Portaria" pubDate="02/05/2018" artClass="00011:00069:00002:00000:00000:00000:00000:00000:00000:00000:00025:00001" artCategory="Ministério da Educação/Instituto Federal de Educação, Ciência e Tecnologia de Minas Gerais/Campus Bambuí" artSize="8" artNotes="" numberPage="19" pdfPage="http://pesquisa.in.gov.br/imprensa/jsp/visualiza/index.jsp?data=02/05/2018&amp;jornal=529&amp;pagina=19" editionNumber="83" highlight="" idMateria="10714610">
  <body>
    <Identifica><![CDATA[  PORTARIA Nº 50, DE 19 DE ABRIL DE 2018 ]]></Identifica>
    <Data><![CDATA[]]></Data>
    <Ementa />
    <Titulo />
    <SubTitulo />
    <Texto><![CDATA[<p class="identifica">PORTARIA Nº 50, DE 19 DE ABRIL DE 2018</p><p>O DIRETOR-GERAL DO INSTITUTO FEDERAL DE EDUCAÇÃO, CIÊNCIA E TECNOLOGIA DE MINAS GERAIS - CAMPUS BAMBUÍ, nomeado pela Portaria IFMG nº 1.330, de 22/09/2015, publicada no DOU de 23/09/2015, Seção 2, pág. 19, tendo em vista o Termo de Posse do dia 24/09/2015, e no uso das atribuições que lhe são conferidas pela Portaria IFMG nº 475, de 06 de abril de 2016, publicada no DOU de 15 de abril de 2016, Seção 2, pág.17, retificada pela Portaria IFMG nº 805, de 04 de julho de 2016, publicada no DOU de 06 de julho de 2016, Seção 2, pág. 22, e pela Portaria IFMG nº 1078 de 27 de setembro de 2016, publicada no DOU de 04 de outubro de 2016, Seção 2, pág. 20, RESOLVE:</p><p>Art. 1º. DISPENSAR o servidor JÚLIO CÉSAR BENFENATTI FERREIRA, ocupante do cargo de Professor de Ensino Básico, Técnico e Tecnológico, matrícula SIAPE 1364143, da função de Coordenador de Pós-Graduação do IFMG Campus Bambuí, código FG-01.</p><p>Art. 2º. Determinar que esta portaria seja devidamente publicada no Boletim de Serviços do IFMG - Campus Bambuí e no Diário Oficial da União.</p><p>Art. 3º. Determinar que a Coordenadoria de Gestão de Pessoas adote as providências cabíveis à aplicação desta portaria.</p><p>Art. 4º. Esta portaria entra em vigor a partir de 01 de maio de 2018.</p><p class="assina">RAFAEL BASTOS TEIXEIRA</p>]]></Texto>
  </body>
</article></xml>