﻿<xml><article id="2903030" name="Portaria nº 271 de nomeação" idOficio="4772090" pubName="DO2" artType="Portaria" pubDate="02/05/2018" artClass="00017:00026:00024:00000:00000:00000:00000:00000:00000:00000:00025:00001" artCategory="Ministério da Saúde/Secretaria de Atenção à Saúde/Instituto Nacional de Câncer José Alencar Gomes da Silva" artSize="8" artNotes="" numberPage="39" pdfPage="http://pesquisa.in.gov.br/imprensa/jsp/visualiza/index.jsp?data=02/05/2018&amp;jornal=529&amp;pagina=39" editionNumber="83" highlight="" idMateria="10718017">
  <body>
    <Identifica><![CDATA[ PORTARIA   Nº 271, de  26 DE ABRIL DE 2018]]></Identifica>
    <Data><![CDATA[]]></Data>
    <Ementa />
    <Titulo />
    <SubTitulo><![CDATA[ ANEXO]]></SubTitulo>
    <Texto><![CDATA[<p></p><p class="identifica">PORTARIA Nº 271, de 26 DE ABRIL DE 2018</p><p>A Diretora-Geral do Instituto Nacional de Câncer José Alencar Gomes da Silva, no uso das atribuições que lhe confere o art. 1º, inciso II da Portaria CGRH/MS nº 1.041 de 30 de outubro de 2009, publicada no Diário Oficial da União nº 209, de 03 de novembro de 2009, seção 1, página 31, resolve:</p><p>Art. 1º Nomear a candidata abaixo, aprovada no concurso público para o cargo do Plano de Carreiras de Ciência e Tecnologia, de acordo com o art. 9º, inciso I, e 10 da Lei nº. 8.112, de 11 de dezembro de 1990, homologado pelo Edital MS nº 11 - MS, de 26/03/2015, publicado no Diário Oficial da União de 27 de março de 2015, seção 3, e prorrogado pelo Edital nº 01, de 23/03/2017, Diário Oficial da União de 24 de março de 2017.</p><p>Art. 2º Esta Portaria de nomeação é atinente à vaga oriunda da vacância publicada pela Portaria nº 27, de 11 de janeiro de 2018, publicada no Diário Oficial da União de 18 de janeiro 2018.</p><p>Art. 3º Conforme previsto no Edital de prorrogação nº 01, de 23/03/2017, Diário Oficial da União de 24 de março de 2017, a nova nomeação foi devidamente aprovada pela Portaria MP nº 83, de 16/04/2018, Diário Oficial da União de 18 de abril de 2018.</p><p>Art. 4º O candidato deverá observar o prazo de 30 (trinta) dias para posse, contados da publicação deste ato no Diário Oficial da União, conforme dispõe o § 1º do art. 13 da Lei nº 8.112, de 11 de dezembro de 1990.</p><p>Art. 5º A convocação do nomeado para posse, apresentação de documentos, exames e inspeção médica oficial de que trata a Lei nº 8112, de 11 de dezembro de 1990, obedecerá à ordem de classificação e poderá ser acompanhada através do site www.inca.gov.br.</p><p>Art. 6º Esta Portaria entra em vigor na data de sua publicação.</p><p class="assina">ANA CRISTINA PINHO MENDES PEREIRA</p><p class="subtitulo">ANEXO</p><p>CARREIRA: CARREIRA DE GESTÃO, PLANEJAMENTO E INFRAESTRUTURA EM CIÊNCIA E TECNOLOGIA.</p><p>CARGO: ASSISTENTE</p><p>CLASSE "T", PADRÃO "I"</p><p></p><table><tr /><tr><td><p>Área</p></td><td><p>Apoio Técnico Administrativo</p></td></tr><tr><td><p>Classificação</p></td><td><p>Nome do Candidato</p></td><td><p>Inscrição</p></td></tr><tr><td><p>13º</p></td><td><p>Alessandra de Almeida Braga</p></td><td><p>7002270</p></td></tr></table><p></p><p></p><p></p>]]></Texto>
  </body>
</article></xml>