﻿<xml><article id="2900230" name="SAMFMA0162018" idOficio="4771783" pubName="DO2" artType="Portaria" pubDate="02/05/2018" artClass="00012:00002:00012:00021:00000:00000:00000:00000:00000:00000:00025:00001" artCategory="Ministério da Fazenda/Secretaria Executiva/Subsecretaria de Planejamento, Orçamento e Administração/Superintendência de Administração no Maranhão" artSize="8" artNotes="" numberPage="27" pdfPage="http://pesquisa.in.gov.br/imprensa/jsp/visualiza/index.jsp?data=02/05/2018&amp;jornal=529&amp;pagina=27" editionNumber="83" highlight="" idMateria="10717422">
  <body>
    <Identifica><![CDATA[ PORTARIA Nº 16, DE 30 DE ABRIL DE 2018]]></Identifica>
    <Data><![CDATA[]]></Data>
    <Ementa />
    <Titulo />
    <SubTitulo />
    <Texto><![CDATA[<p class="identifica">PORTARIA Nº 16, DE 30 DE ABRIL DE 2018</p><p>O SUPERINTENDENTE DE ADMINISTRAÇÃO DO MINISTÉRIO DA FAZENDA NO MARANHÃO, no uso de suas atribuições, conferidas pela Portaria Nº.144, de 27/04/2016, do Ministro de Estado da Fazenda, publicada no DOU de 29/04/2016 e tendo em vista o que consta no processo nº 10388.000155/2017-59, resolve:</p><p>Altera o fundamento da aposentadoria do servidor ANTONIO MARTINS, Matrícula SIAPEcad nº 00026252, Matrícula SIAPE nº 0109348, constante da Portaria nº 64, de 29/12/2017, publicada no DOU nº 01, de 02/01/2018, seção 2, pagina 37, que passa a ter a seguinte redação: "com fundamentação Aposentadoria Voluntaria com Proventos Integrais no Artigo 3º, da Emenda Constitucinal nº 47/2005".</p><p class="assina">Lauro Luiz Araújo Carvalhal</p><p class="cargo">Superintendente SAMF-MA</p>]]></Texto>
  </body>
</article></xml>