﻿<xml><article id="2895455" name="Portaria N º 95 - Lucy Andrade S" idOficio="4768258" pubName="DO2" artType="Portaria" pubDate="02/05/2018" artClass="00012:00002:00012:00019:00001:00000:00000:00000:00000:00000:00025:00002" artCategory="Ministério da Fazenda/Secretaria Executiva/Subsecretaria de Planejamento, Orçamento e Administração/Superintendência de Administração no Espírito Santo/Serviço de Recursos Humanos" artSize="8" artNotes="" numberPage="27" pdfPage="http://pesquisa.in.gov.br/imprensa/jsp/visualiza/index.jsp?data=02/05/2018&amp;jornal=529&amp;pagina=27" editionNumber="83" highlight="" idMateria="10710312">
  <body>
    <Identifica><![CDATA[ PORTARIA Nº 95, DE 25 DE ABRIL DE 2018]]></Identifica>
    <Data><![CDATA[]]></Data>
    <Ementa />
    <Titulo />
    <SubTitulo />
    <Texto><![CDATA[<p class="identifica">PORTARIA Nº 95, DE 25 DE ABRIL DE 2018</p><p>A Superintendente de Administração do Ministério da Fazenda no Espírito Santo, no uso das atribuições que lhe foram conferidas pelo art. 86, Inciso XI, da Portaria GM/MF Nº. 144, de 27 de abril de 2016, publicada no Diário Oficial da União de 29 de abril de 2016, resolve:</p><p>Conceder aposentadoria voluntária à servidora Lucy Andrade Scardine Assis Barcelos, ocupante do cargo de Técnico de Contabilidade, Classe ''S'', Padrão IV, do Quadro de Pessoal do Ministério da Fazenda/DRF/VIT/ES, matrícula SIAPE nº 886913 e SIAPECAD nº 823989, de acordo com o artigo 3º, da Emenda Constitucional nº 47, de 05/07/2005, publicada no DOU de 06/07/2005, combinado com o artigo 62-A da Lei8112/1990, publicada no DOU de 12/12/1990 (Processo nº 11897.000010/2018-51).</p><p class="assina">Jacinta de Fátima Pereira Maciel</p>]]></Texto>
  </body>
</article></xml>