﻿<xml><article id="2895713" name="ATO PORTARIA Nº 124" idOficio="4770139" pubName="DO2" artType="Portaria" pubDate="02/05/2018" artClass="00038:00049:00001:00000:00000:00000:00000:00000:00000:00000:00025:00001" artCategory="Poder Judiciário/Tribunal Regional do Trabalho da 10ª Região/Presidência" artSize="8" artNotes="" numberPage="68" pdfPage="http://pesquisa.in.gov.br/imprensa/jsp/visualiza/index.jsp?data=02/05/2018&amp;jornal=529&amp;pagina=68" editionNumber="83" highlight="" idMateria="10713958">
  <body>
    <Identifica><![CDATA[ PORTARIA Nº 124, DE 26 DE ABRIL DE 2018]]></Identifica>
    <Data><![CDATA[]]></Data>
    <Ementa />
    <Titulo />
    <SubTitulo />
    <Texto><![CDATA[<p></p><p class="identifica">PORTARIA Nº 124, DE 26 DE ABRIL DE 2018</p><p>A DESEMBARGADORA PRESIDENTE DO TRIBUNAL REGIONAL DO TRABALHO DA DÉCIMA REGIÃO, no uso de suas atribuições legais e regimentais, tendo em vista o contido no Processo Administrativo SEI n.º 18.0.000002500-0, resolve:</p><p>Nomear JOSÉ RIBAMAR ROCHA para ocupar o cargo em comissão de Diretor de Secretaria de Vara, Código CJ-3, da 20ª Vara do Trabalho de Brasília-DF.</p><p class="assina">Des. MARIA REGINA MACHADO GUIMARÃES</p>]]></Texto>
  </body>
</article></xml>