﻿<xml><article id="2901231" name="Portarias SECEX Nº 49" idOficio="4771940" pubName="DO2" artType="Portaria" pubDate="02/05/2018" artClass="00025:00002:00000:00000:00000:00000:00000:00000:00000:00000:00025:00001" artCategory="Ministério do Meio Ambiente/Secretaria Executiva" artSize="8" artNotes="" numberPage="46" pdfPage="http://pesquisa.in.gov.br/imprensa/jsp/visualiza/index.jsp?data=02/05/2018&amp;jornal=529&amp;pagina=46" editionNumber="83" highlight="" idMateria="10717620">
  <body>
    <Identifica><![CDATA[ PORTARIA Nº 49, DE 27 DE ABRIL DE 2018]]></Identifica>
    <Data><![CDATA[]]></Data>
    <Ementa />
    <Titulo />
    <SubTitulo />
    <Texto><![CDATA[<p class="identifica">PORTARIA Nº 49, DE 27 DE ABRIL DE 2018</p><p>O SECRETÁRIO-EXECUTIVO DO MINISTÉRIO DO MEIO AMBIENTE, no uso das atribuições que lhe confere o art. 38 da Lei no 8.112, de 11 de dezembro de 1990, com a nova redação dada pela Lei no 9.527, de 10 de dezembro de 1997, publicada no Diário Oficial da União de 11 de dezembro de 1997, e a Portaria no 282, de 20 de agosto de 2009, publicada no D.O.U de 21 seguinte, resolve:</p><p>Dispensar, a pedido, JOSANA DE OLIVEIRA LIMA ESSER, matrícula SIAPE nº 1566028, da Função Comissionada do Poder Executivo, de Coordenador, código FCPE 101.3, da Coordenação de Transparência de Ações em Mudança do Clima, da Secretaria de Mudanças do Clima e Florestas.</p><p class="assina">EDSON GONÇALVES DUARTE</p>]]></Texto>
  </body>
</article></xml>