﻿<xml><article id="2896215" name="DOU-02-05-2018" idOficio="4770838" pubName="DO2" artType="Portaria" pubDate="02/05/2018" artClass="00011:00081:00000:00000:00000:00000:00000:00000:00000:00000:00025:00001" artCategory="Ministério da Educação/Instituto Federal de Educação, Ciência e Tecnologia de Santa Catarina" artSize="8" artNotes="" numberPage="21" pdfPage="http://pesquisa.in.gov.br/imprensa/jsp/visualiza/index.jsp?data=02/05/2018&amp;jornal=529&amp;pagina=21" editionNumber="83" highlight="" idMateria="10715145">
  <body>
    <Identifica><![CDATA[ PORTARIAS DE 27 DE ABRIL DE 2018]]></Identifica>
    <Data><![CDATA[]]></Data>
    <Ementa />
    <Titulo />
    <SubTitulo />
    <Texto><![CDATA[<p class="identifica">PORTARIAS DE 27 DE ABRIL DE 2018</p><p>A REITORA DO INSTITUTO FEDERAL DE EDUCAÇÃO, CIÊNCIA E TECNOLOGIA DE SANTA CATARINA, no uso de suas atribuições legais, resolve:</p><p>Nº 1.201 Dispensar a servidora CARLA ADRIANA SILVA, matrícula SIAPE nº 2314892, da função de Coordenadora de Atenção à Saúde do Servidor - Reitoria, código FG2.</p><p>Nº 1.202 Designar a servidora MILENA GARCIA DA SILVA, matrícula SIAPE nº 2194796, para a função de Coordenadora de Atenção à Saúde, na Reitoria- FG2.</p><p>Nº 1.203 Dispensar, o servidor NILTON CALZIA FRANÇA, matrícula SIAPE nº 0277804, da função de Coordenador de Biblioteca e Arquivo Permanente do Câmpus São José - FG4. A partir de 02 de maio de 2018.</p><p class="assina">MARIA CLARA KASCHNY SCHNEIDER</p>]]></Texto>
  </body>
</article></xml>