﻿<xml><article id="2900879" name="DOU 2-PRR2-1PT-139-UNI-14656_CRI" idOficio="4771879" pubName="DO2" artType="Portaria" pubDate="02/05/2018" artClass="00034:00007:00018:00000:00000:00000:00000:00000:00000:00000:00025:00008" artCategory="Ministério Público da União/Ministério Público Federal/Procuradoria Regional da República da 2ª  Região" artSize="8" artNotes="" numberPage="57" pdfPage="http://pesquisa.in.gov.br/imprensa/jsp/visualiza/index.jsp?data=02/05/2018&amp;jornal=529&amp;pagina=57" editionNumber="83" highlight="" idMateria="10717556">
  <body>
    <Identifica><![CDATA[ PORTARIA Nº 139, de 26 de abril de 2018]]></Identifica>
    <Data><![CDATA[]]></Data>
    <Ementa />
    <Titulo />
    <SubTitulo />
    <Texto><![CDATA[<p class="identifica">PORTARIA Nº 139, de 26 de abril de 2018</p><p>A PROCURADORA-CHEFE DA PROCURADORIA REGIONAL DA REPÚBLICA DA 2ª REGIÃO, no uso de suas atribuições legais, nos termos dos poderes que lhe são conferidos pelo artigo 50, II, da Lei Complementar nº 75, de 20 de maio de 1993, pelo artigo 55, do Regimento Interno Diretivo do Ministério Público Federal (Portaria PGR nº 357 de 5 de maio de 2015) e pela Portaria PGR nº 1.036, de 27 de setembro de 2017, resolve:</p><p>Art. 1º Dispensar, a pedido, a servidora SANDRA REGINA ROSA DE OLIVEIRA, matrícula 3726-5, Técnico do MPU/ Administração, da função de confiança de Chefe do Núcleo de Transporte, FC-3, da Procuradoria Regional da República da 2ª Região.</p><p>Art. 2º Designar o servidor ÁLVARO RAMOS VIEIRA NETO, matrícula 13056-7, Técnico do MPU/Apoio Técnico-Administrativo/Segurança Institucional e Transporte, para a função de confiança de Chefe do Núcleo de Transporte, FC-3, da Procuradoria Regional da República da 2ª Região.</p><p>Publique-se.</p><p class="assina">MARCIA MORGADO MIRANDA</p>]]></Texto>
  </body>
</article></xml>