﻿<xml><article id="2900972" name="G.R.T.Borba" idOficio="4771902" pubName="DO2" artType="Portaria" pubDate="02/05/2018" artClass="00012:00022:00000:00000:00000:00000:00000:00000:00000:00000:00025:00001" artCategory="Ministério da Fazenda/Comissão de Valores Mobiliários" artSize="8" artNotes="" numberPage="29" pdfPage="http://pesquisa.in.gov.br/imprensa/jsp/visualiza/index.jsp?data=02/05/2018&amp;jornal=529&amp;pagina=29" editionNumber="83" highlight="" idMateria="10717579">
  <body>
    <Identifica><![CDATA[ PORTARIA Nº 39, DE  4 DE ABRIL DE 2018 ]]></Identifica>
    <Data><![CDATA[]]></Data>
    <Ementa />
    <Titulo />
    <SubTitulo />
    <Texto><![CDATA[<p></p><p class="identifica">PORTARIA Nº 39, DE 4 DE ABRIL DE 2018</p><p>O PRESIDENTE DA COMISSÃO DE VALORES MOBILIÁRIOS, no uso das atribuições que lhe são conferidas pelo artigo 13 do Regimento Interno, aprovado pela Portaria MF nº 327, de 11 de julho de 1977, e pelo artigo 38 da Lei nº 8.112/90, resolve:</p><p>Designar o Diretor GUSTAVO RABELO TAVARES BORBA para o encargo de substituto eventual do Presidente da CVM, no período de licença-paternidade do substituto oficial Diretor Pablo Waldemar Renteria.</p><p class="assina">MARCELO SANTOS BARBOSA</p><p></p>]]></Texto>
  </body>
</article></xml>