﻿<xml><article id="2903415" name="D 30-04" idOficio="4772162" pubName="DO2" artType="Despacho" pubDate="02/05/2018" artClass="00011:00002:00000:00000:00000:00000:00000:00000:00000:00000:00019:00002" artCategory="Ministério da Educação/Secretaria Executiva" artSize="8" artNotes="" numberPage="10" pdfPage="http://pesquisa.in.gov.br/imprensa/jsp/visualiza/index.jsp?data=02/05/2018&amp;jornal=529&amp;pagina=10" editionNumber="83" highlight="" idMateria="10718072">
  <body>
    <Identifica><![CDATA[ DESPACHO DE 30 DE ABRIL DE 2018]]></Identifica>
    <Data><![CDATA[]]></Data>
    <Ementa />
    <Titulo />
    <SubTitulo />
    <Texto><![CDATA[<p class="identifica">DESPACHO DE 30 DE ABRIL DE 2018</p><p>A SECRETÁRIA-EXECUTIVA DO MINISTÉRIO DA EDUCAÇÃO, no uso da competência que lhe foi subdelegada pela Portaria nº 1.578, de 22 de dezembro de 2017, autoriza o afastamento do país do(s) seguinte(s) servidor(es):</p><p>RACHEL PEREIRA RABELO, Pesquisador-Tecnologista em Informações e Avaliações Educacionais do Instituto Nacional de Estudos e Pesquisas Educacionais Anísio Teixeira (INEP), de 06 a 09.05.2018, trânsito incluso, para participar da XXIX Reunião do Grupo de Trabalho de Indicadores do Setor Educacional do Mercosul (GTI/SEM), em Assunção - Paraguai, com ônus INEP (passagem aérea e diárias), observado o Decreto nº 8.541, de 13 de outubro de 2015, processo nº 23123.002397/2018-11.</p><p class="assina">MARIA HELENA GUIMARÃES DE CASTRO</p>]]></Texto>
  </body>
</article></xml>