﻿<xml><article id="2901775" name="1074 izildinha" idOficio="4771964" pubName="DO2" artType="Portaria" pubDate="02/05/2018" artClass="00011:00131:00001:00000:00000:00000:00000:00000:00000:00000:00025:00001" artCategory="Ministério da Educação/Universidade Federal Rural da Amazônia/Reitoria" artSize="8" artNotes="" numberPage="24" pdfPage="http://pesquisa.in.gov.br/imprensa/jsp/visualiza/index.jsp?data=02/05/2018&amp;jornal=529&amp;pagina=24" editionNumber="83" highlight="" idMateria="10717727">
  <body>
    <Identifica><![CDATA[ PORTARIA Nº 1.074, DE 30 DE ABRIL DE 2018]]></Identifica>
    <Data><![CDATA[]]></Data>
    <Ementa />
    <Titulo />
    <SubTitulo />
    <Texto><![CDATA[<p class="identifica">PORTARIA Nº 1.074, DE 30 DE ABRIL DE 2018</p><p>O Reitor da UNIVERSIDADE FEDERAL RURAL DA AMAZÔNIA, no uso de suas atribuições conferidas pelo Decreto Presidencial, publicado no DOU nº 132, de 12/07/2017, página 01, Seção 02, e tendo em vista o que consta no processo nº 23084.006690/2018-61, resolve:</p><p>Art. 1º - AUTORIZAR o afastamento, com ônus limitado, da Professora do Magistério Superior IZILDINHA DE SOUZA MIRANDA, matrícula nº 1312312, lotada no Instituto Socioambiental e dos Recursos Hídricos - ISARH, no período de 01/07/2018 a 31/12/2018, com destino à cidade de Monthpellier-França, para cursar Intercâmbio Acadêmico Internacional pelo Projeto Mobilité SUD-NORD/SUD-SUD (IRC).</p><p class="assina">Marcel do Nascimento Botelho</p>]]></Texto>
  </body>
</article></xml>