﻿<xml><article id="2895464" name="port propessoas 1329 30 34 2018" idOficio="4768305" pubName="DO2" artType="Portaria" pubDate="02/05/2018" artClass="00011:00136:00051:00000:00000:00000:00000:00000:00000:00000:00025:00001" artCategory="Ministério da Educação/Universidade Federal de São Paulo/Pró-Reitoria de Gestão com Pessoas" artSize="8" artNotes="" numberPage="25" pdfPage="http://pesquisa.in.gov.br/imprensa/jsp/visualiza/index.jsp?data=02/05/2018&amp;jornal=529&amp;pagina=25" editionNumber="83" highlight="" idMateria="10710376">
  <body>
    <Identifica><![CDATA[ PORTARIAS DE 26 DE ABRIL DE 2018]]></Identifica>
    <Data><![CDATA[]]></Data>
    <Ementa />
    <Titulo />
    <SubTitulo />
    <Texto><![CDATA[<p class="identifica">PORTARIAS DE 26 DE ABRIL DE 2018</p><p>O Pró-Reitor de Gestão com Pessoas da Universidade Federal de São Paulo, no uso da competência que lhe foi delegada pela Portaria nº 3.474/17, publicada no D.O.U. de 12/09/17, resolve:</p><p>Nº 1.329 - Conceder aposentadoria voluntária ao servidor ADOLFO MARQUES DE ALMEIDA, Matrícula SIAPE nº 1136092, ocupante do cargo de Marceneiro, Classe B, Nível de Capacitação IV, Padrão de Vencimento 16, do Quadro de Pessoal da Universidade Federal de São Paulo, com base no artigo 3°, incisos I a III e parágrafo único da EC n° 47/2005, com proventos integrais. (Processo nº 23089.000362/2018-19).</p><p>Nº 1.330 - Conceder aposentadoria voluntária ao servidor ROQUE MONTELEONE NETO, Matrícula SIAPE nº 242225, ocupante do cargo de Professor Adjunto, Referência 4, Regime de Dedicação Exclusiva, do Quadro de Pessoal da Universidade Federal de São Paulo, com base no artigo 3°, incisos I a III e parágrafo único da EC n° 47/2005, com proventos integrais. (Processo nº 23089.000342/2018-30).</p><p>Nº 1.334 - Conceder aposentadoria voluntária a servidora WANY DE FÁTIMA SILVA OLIVEIRA, Matrícula SIAPE nº 1135627, ocupante do cargo de Assistente em Administração, Classe D, Nível de Capacitação II, Padrão de Vencimento 16, do Quadro de Pessoal da Universidade Federal de São Paulo, com base no artigo 3°, incisos I a III e parágrafo único da EC n° 47/2005, com proventos integrais. (Processo nº 23089.000053/2012-45).</p><p class="assina">MURCHED OMAR TAHA</p>]]></Texto>
  </body>
</article></xml>