﻿<xml><article id="2903664" name="PORTARIAS publicação 30.04.2018" idOficio="4772193" pubName="DO2" artType="Portaria" pubDate="02/05/2018" artClass="00011:00055:00004:00000:00000:00000:00000:00000:00000:00000:00025:00001" artCategory="Ministério da Educação/Instituto Federal de Educação, Ciência e Tecnologia do Amazonas/Campus Coari" artSize="8" artNotes="" numberPage="17" pdfPage="http://pesquisa.in.gov.br/imprensa/jsp/visualiza/index.jsp?data=02/05/2018&amp;jornal=529&amp;pagina=17" editionNumber="83" highlight="" idMateria="10718169">
  <body>
    <Identifica><![CDATA[ PORTARIA Nº 117, DE 13 DE MARÇO DE 2018]]></Identifica>
    <Data><![CDATA[]]></Data>
    <Ementa />
    <Titulo />
    <SubTitulo />
    <Texto><![CDATA[<p class="identifica">PORTARIA Nº 117, DE 13 DE MARÇO DE 2018</p><p>A DIRETORA GERAL PRO-TEMPORE DO INSTITUTO FEDERAL DE EDUCAÇÃO, CIÊNCIA E TECNOLOGIA DO AMAZONAS/IFAM - CAMPUS COARI, no uso de suas atribuições legais e estatutárias, resolve:</p><p>I. DISPENSAR, a partir de 13/03/2018 o servidor JORGE IRACY SIMÕES DA MOTA, ocupante do cargo de Professor de Ensino Básico, Técnico e Tecnológico- EBTT do IFAM Coari, Matrícula SIAPE nº 1564782, da Função de Coordenador de Comunicação Social e Eventos- CCSE do IFAM campus Coari, Código: FG-04.</p><p class="assina">ANDREA BAIMA DOS SANTOS MOTA</p><p class="identifica">PORTARIA Nº 153, DE 26 DE ABRIL DE 2018</p><p>A DIRETORA GERAL PRO-TEMPORE DO INSTITUTO FEDERAL DE EDUCAÇÃO, CIÊNCIA E TECNOLOGIA DO AMAZONAS/IFAM - CAMPUS COARI, no uso de suas atribuições legais e estatutárias, resolve:</p><p>I. DESIGNAR, a partir de 26/04/2018 o servidor OBIDIEL MARTINS DE MELO, ocupante do cargo de Técnico em Tecnologia da Informação, Matrícula SIAPE nº 2270194, para responder pela função de Coordenador de Comunicação Social e Eventos- CCSE do IFAM campus Coari, Código: FG-04.</p><p class="assina">ANDREA BAIMA DOS SANTOS MOTA</p>]]></Texto>
  </body>
</article></xml>