﻿<xml><article id="2898824" name="PORTARIA N° 1610-1611-DIGER-CENS" idOficio="4771663" pubName="DO2" artType="Portaria" pubDate="02/05/2018" artClass="00010:00005:00000:00000:00000:00000:00000:00000:00000:00000:00025:00001" artCategory="Ministério da Defesa/Centro Gestor e Operacional do Sistema de Proteção da Amazônia" artSize="8" artNotes="" numberPage="9" pdfPage="http://pesquisa.in.gov.br/imprensa/jsp/visualiza/index.jsp?data=02/05/2018&amp;jornal=529&amp;pagina=9" editionNumber="83" highlight="" idMateria="10717182">
  <body>
    <Identifica><![CDATA[ PORTARIA N° 1610/DIGER/CENSIPAM/SG-MD, DE 27 DE ABRIL DE 2018  ]]></Identifica>
    <Data><![CDATA[]]></Data>
    <Ementa />
    <Titulo />
    <SubTitulo />
    <Texto><![CDATA[<p class="identifica">PORTARIA N° 1610/DIGER/CENSIPAM/SG-MD, DE 27 DE ABRIL DE 2018</p><p>O DIRETOR-GERAL DO CENTRO GESTOR E OPERACIONAL DO SISTEMA DE PROTEÇÃO DA AMAZÔNIA DO MINISTÉRIO DA DEFESA, no uso da competência que lhe foi subdelegada pelo contido na alínea "d" do inciso I do art. 4º da Portaria nº 1.839/MD, de 9 de dezembro de 2010, publicada no Diário Oficial da União do dia 10 subsequente, alterada pela Portaria nº 372/MD, de 3 de março de 2011, publicada no Diário Oficial da União do dia 4 subsequente, considerando o disposto no Decreto nº 9.259, de 29 de dezembro de 2017, publicado no Diário Oficial da União do dia 02 de janeiro de 2018 e na Portaria Normativa nº 39/MD, de 26 de setembro de 2013, publicada no Diário Oficial da União do dia 29 de setembro de 2017, e o que consta do Processo Administrativo nº 60090.000527/2017-51, resolve:</p><p>DISPENSAR o 2° Sgt QE JURANDIR DA SILVA EUFRÁSIO da função de Supervisor, código Nível V, da Coordenação-Geral de Inteligência, deste Centro Gestor, a contar de 30 de abril de 2018.</p><p class="assina">ROGÉRIO GUEDES SOARES</p><p class="identifica">PORTARIA N° 1.611/DIGER/CENSIPAM/SG-MD, DE 27 DE ABRIL DE 2018</p><p>O DIRETOR-GERAL DO CENTRO GESTOR E OPERACIONAL DO SISTEMA DE PROTEÇÃO DA AMAZÔNIA DO MINISTÉRIO DA DEFESA, no uso da competência que lhe foi subdelegada pelo contido na alínea "d" do inciso I do art. 4º da Portaria nº 1.839/MD, de 9 de dezembro de 2010, publicada no Diário Oficial da União do dia 10 subsequente, alterada pela Portaria nº 372/MD, de 3 de março de 2011, publicada no Diário Oficial da União do dia 4 subsequente, considerando o disposto no Decreto nº 9.259, de 29 de dezembro de 2017, publicado no Diário Oficial da União do dia 02 de janeiro de 2018 e na Portaria Normativa nº 39/MD, de 26 de setembro de 2013, publicada no Diário Oficial da União do dia 29 de setembro de 2017, e o que consta do Processo Administrativo nº 60090.000527/2017-51, resolve:</p><p>DESIGNAR o 2º Sgt QE CLÁUDIO OLIVEIRA DE SOUZA para a função de Supervisor, código Nível V, da Coordenação-Geral de Inteligência, deste Centro Gestor.</p><p class="assina">ROGÉRIO GUEDES SOARES</p>]]></Texto>
  </body>
</article></xml>