﻿<xml><article id="2903535" name="PT 67 A 70 SOGP BELO HORIZONTE" idOficio="4772166" pubName="DO2" artType="Portaria" pubDate="02/05/2018" artClass="00022:00029:00240:00004:00024:00003:00000:00000:00000:00000:00025:00008" artCategory="Ministério do Desenvolvimento Social/Instituto Nacional do Seguro Social/Superintendência Regional Sudeste II em Belo Horizonte/Gerência Executiva - A - Belo Horizonte/Serviço de Administração/Seção Operacional da Gestão de Pessoas" artSize="8" artNotes="" numberPage="44" pdfPage="http://pesquisa.in.gov.br/imprensa/jsp/visualiza/index.jsp?data=02/05/2018&amp;jornal=529&amp;pagina=44" editionNumber="83" highlight="" idMateria="10718108">
  <body>
    <Identifica><![CDATA[ PORTARIAS DE 30 DE ABRIL DE 2018]]></Identifica>
    <Data><![CDATA[]]></Data>
    <Ementa />
    <Titulo />
    <SubTitulo />
    <Texto><![CDATA[<p class="identifica">PORTARIAS DE 30 DE ABRIL DE 2018</p><p>O CHEFE DA SEÇÃO OPERACIONAL DA GESTÃO DE PESSOAS DA GERENCIA EXECUTIVA DO INSS EM BELO HORIZONTE/MG, no uso das atribuições de competência conferidas pelo artigo 235, inciso I, alínea "b" do Regimento Interno do INSS, aprovado pela PT/MDS nº 414 de 28/09/2017, publicado no DOU nº 188- A, de 29/09/2017, resolve:</p><p>Nº 67 - Conceder aposentadoria voluntária por tempo de contribuição a servidora LUCELIA DA CONSOLAÇÃO VILAÇA, matrícula 0894566, ocupante do cargo de Técnico do Seguro Social, Nível I, Classe S, Padrão IV, do Quadro Permanente deste Instituto, com fundamento no artigo 3º da Emenda Constitucional nº 47/2005, com proventos correspondentes ao citado padrão e demais vantagens previstas na legislação vigente. Processo nº 35097.000447/2018-79.</p><p>Declarar vago o cargo.</p><p>Nº 68 - Conceder aposentadoria voluntária por tempo de contribuição ao servidor NADIN SOUSA PORTO, matrícula 0896146, ocupante do cargo de Agente de Vigilância, Nível I, Classe S, Padrão IV, do Quadro Permanente deste Instituto, com fundamento no artigo 3º da Emenda Constitucional nº 47/2005, com proventos correspondentes ao citado padrão e demais vantagens previstas na legislação vigente. Processo nº 35097.000408/2018-71</p><p>Declarar vago o cargo.</p><p>Nº 69 - Conceder aposentadoria voluntária por tempo de contribuição ao servidor ONESIO NASCIMENTO DE SENA, matrícula 0753654, ocupante do cargo de Agente de Serviços Diversos, Nível I, Classe S, Padrão IV, do Quadro Permanente deste Instituto, com fundamento no artigo 3º da Emenda Constitucional nº 47/2005, com proventos correspondentes ao citado padrão e demais vantagens previstas na legislação vigente. Processo nº 35097.000520/2018-11,</p><p>Declarar vago o cargo.</p><p>Nº 70 Alterar a PORTARIA INSS/CRH nº 82, de 29/04/97, publicada no DOU nº 87, de 09/05/97, para conceder a servidora MARIA LUIZA PINTO COELHO, matrícula 0892478, Técnico do Seguro Social, Nível I, Classe "S", Padrão IV, a vantagem prevista no artigo 190, da Lei 8.112/90, com redação dada pela Lei 11.907/2009 combinado com a Lei nº 7.713/88 com redação dada pela Lei nº 11.052/2004, a contar de 03/02/2014, conforme conclusão da Junta Médica Oficial. Processo nº 35097.003026/97-22,</p><p class="assina">ROBSON MACIEL DELARETI</p>]]></Texto>
  </body>
</article></xml>