﻿<xml><article id="2898224" name="Ato 179-2018" idOficio="4771687" pubName="DO2" artType="Ato Concessório" pubDate="02/05/2018" artClass="00038:00047:00001:00000:00000:00000:00000:00000:00000:00000:00003:00001" artCategory="Poder Judiciário/Tribunal Regional do Trabalho da 8ª Região/Gabinete da Presidência" artSize="8" artNotes="" numberPage="68" pdfPage="http://pesquisa.in.gov.br/imprensa/jsp/visualiza/index.jsp?data=02/05/2018&amp;jornal=529&amp;pagina=68" editionNumber="83" highlight="" idMateria="10717220">
  <body>
    <Identifica><![CDATA[ ATO   Nº 179, DE 25 DE ABRIL DE 2018]]></Identifica>
    <Data><![CDATA[]]></Data>
    <Ementa />
    <Titulo />
    <SubTitulo />
    <Texto><![CDATA[<p></p><p class="identifica">ATO Nº 179, DE 25 DE ABRIL DE 2018</p><p>A DESEMBARGADORA PRESIDENTE DO TRIBUNAL REGIONAL DO TRABALHO DA OITAVA REGIÃO, no uso de suas atribuições legais, e CONSIDERANDO o que consta do Processo Administrativo Eletrônico TRT8ª n° 2116/2018, resolve:</p><p>CONCEDER APOSENTADORIA à servidora ELIANA SELMA DE SOUZA RIBEIRO FONSECA, com fundamento no artigo 3º, da Emenda Constitucional nº 47/2005, no cargo de Analista Judiciário, Área Judiciária, Especialidade Oficial de Justiça Avaliador Federal, Classe C, Padrão 13, do Quadro Permanente do Tribunal Regional do Trabalho da Oitava Região, com PROVENTOS INTEGRAIS correspondentes à remuneração da servidora no cargo efetivo, qual seja, a estabelecida nos artigos 12 e 13 da Lei nº 11.416/2006, com as alterações decorrentes da Lei nº 13.317/2016, acrescida do adicional por tempo de serviço de 8% (oito por cento) adquirido antes de 8 de março de 1999, anteriormente previsto nos artigos 61, inciso III, e 67 da Lei nº 8.112/1990, com a observância das alterações introduzidas pela Medida Provisória nº 2.225-45/2001, bem como da Vantagem Pessoal Nominalmente Identificada (VPNI) de Décimos Incorporados, em um total de 10 (dez) décimos de Função Comissionada FC-5, conforme art. 62-A da Lei nº 8.112/1990, com a observância da Medida Provisória nº 2.225-45/2001, além da Gratificação de Atividade Externa - GAE, prevista no art. 16 da Lei nº 11.416/2006.</p><p class="assina">Des. SUZY ELIZABETH CAVALCANTE KOURY</p><p></p>]]></Texto>
  </body>
</article></xml>