﻿<xml><article id="2897984" name="PT 37 A 39 CAMPO DOS GOYTACAZES" idOficio="4771631" pubName="DO2" artType="Portaria" pubDate="02/05/2018" artClass="00022:00029:00240:00009:02299:00000:00000:00000:00000:00000:00025:00002" artCategory="Ministério do Desenvolvimento Social/Instituto Nacional do Seguro Social/Superintendência Regional Sudeste II em Belo Horizonte/Gerência Executiva - B - Campos dos Goytacazes/Seção Operacional  de Gestão de Pessoas" artSize="8" artNotes="" numberPage="44" pdfPage="http://pesquisa.in.gov.br/imprensa/jsp/visualiza/index.jsp?data=02/05/2018&amp;jornal=529&amp;pagina=44" editionNumber="83" highlight="" idMateria="10717151">
  <body>
    <Identifica><![CDATA[ PORTARIAS DE 27 DE ABRIL DE 2018]]></Identifica>
    <Data><![CDATA[]]></Data>
    <Ementa />
    <Titulo />
    <SubTitulo />
    <Texto><![CDATA[<p class="identifica">PORTARIAS DE 27 DE ABRIL DE 2018</p><p>O CHEFE DA SEÇÃO OPERACIONAL DE GESTÃO DE PESSOAS DA GERÊNCIA EXECUTIVA DO INSS EM CAMPOS DOS GOYTACAZES/RJ, no uso das atribuições que lhe confere o artigo 235 do Regimento Interno aprovado pela Portaria/MDS/GM nº 414 de 28/09/2017, publicada no DOU nº 188-A, de 29 de setembro de 2017, resolve:</p><p>Nº 37 - Conceder aposentadoria voluntária a servidora TÂNIA MÁRCIA PAULO GIOFFI RANGEL, matrícula 0946899, ocupante do cargo de Técnico do Seguro Social, classe S, padrão IV, do quadro de pessoal do Instituto Nacional do Seguro Social, com fundamento no artigo 3º da Emenda Constitucional nº 47/05. Em consequência declarar vago o referido cargo. (Processo nº 37223.000158/2018-11).</p><p>Nº 38 - Conceder aposentadoria voluntária a servidora IVANA MARIA CARVALHO RIBEIRO GOMES BARBARA, matrícula 0915079, ocupante do cargo de Técnico do Seguro Social, classe S, padrão IV, do quadro de pessoal do Instituto Nacional do Seguro Social, com fundamento no artigo 3º da Emenda Constitucional nº 47/05. Em consequência declarar vago o referido cargo. (Processo nº 35308.000140/2018-45).</p><p>Nº 39 - Conceder aposentadoria voluntária ao servidor EDVALDO DA CUNHA NASCIMENTO, matrícula 0911832, ocupante do cargo de Técnico do Seguro Social, classe S, padrão IV, do quadro de pessoal do Instituto Nacional do Seguro Social, com fundamento no artigo 3º da Emenda Constitucional nº 47/05. Em consequência declarar vago o referido cargo. (Processo nº 35312.001189/2018-56).</p><p class="assina">GILBERTO ROCHA</p>]]></Texto>
  </body>
</article></xml>