﻿<xml><article id="2896158" name="72-R-2018" idOficio="4771200" pubName="DO2" artType="Portaria" pubDate="02/05/2018" artClass="00011:00124:00001:00000:00000:00000:00000:00000:00000:00000:00025:00001" artCategory="Ministério da Educação/Universidade Federal do Paraná/Reitoria" artSize="8" artNotes="" numberPage="23" pdfPage="http://pesquisa.in.gov.br/imprensa/jsp/visualiza/index.jsp?data=02/05/2018&amp;jornal=529&amp;pagina=23" editionNumber="83" highlight="" idMateria="10716397">
  <body>
    <Identifica><![CDATA[ PORTARIA Nº 207, de 19 DE ABRIL DE 2018]]></Identifica>
    <Data><![CDATA[]]></Data>
    <Ementa />
    <Titulo />
    <SubTitulo />
    <Texto><![CDATA[<p class="identifica">PORTARIA Nº 207, de 19 DE ABRIL DE 2018</p><p>O REITOR DA UNIVERSIDADE FEDERAL DO PARANÁ, no uso de suas atribuições, resolve:</p><p>Nomear o servidor ANDRÉ ANDRIAN PADIAL - 1761083, ocupante do cargo de Professor, no regime de trabalho de dedicação exclusiva, para exercer a função de Coordenador do Programa de Pós-Graduação em Ecologia e Conservação do Setor de Ciências Biológicas, FCC - Função Comissionada de Coordenação de Curso, autorizada pela Lei nº 12.677, de 25 de junho de 2012, publicado no DOU de 26.06.2012 e Portaria/MEC nº 1.172, de 17 de setembro de 2012, pelo período de 02 (dois) anos, a partir da data de publicação em DOU, de acordo com a Lei nº 9.527/97.</p><p class="assina">RICARDO MARCELO FONSECA</p>]]></Texto>
  </body>
</article></xml>