﻿<xml><article id="2895476" name="246.2018 - APOSENTADORIA POR INV" idOficio="4770076" pubName="DO2" artType="Portaria" pubDate="02/05/2018" artClass="00017:00026:00013:00000:00000:00000:00000:00000:00000:00000:00025:00001" artCategory="Ministério da Saúde/Secretaria de Atenção à Saúde/Instituto Nacional de Traumatologia e Ortopedia Jamil Haddad" artSize="8" artNotes="" numberPage="38" pdfPage="http://pesquisa.in.gov.br/imprensa/jsp/visualiza/index.jsp?data=02/05/2018&amp;jornal=529&amp;pagina=38" editionNumber="83" highlight="" idMateria="10713856">
  <body>
    <Identifica><![CDATA[ PORTARIA Nº 246, DE  3 DE ABRIL DE 2018]]></Identifica>
    <Data><![CDATA[]]></Data>
    <Ementa />
    <Titulo />
    <SubTitulo />
    <Texto><![CDATA[<p class="identifica">PORTARIA Nº 246, DE 3 DE ABRIL DE 2018</p><p>O Diretor do Instituto Nacional de Traumatologia e Ortopedia Jamil Haddad, no uso das atribuições que lhe conferem a Portaria nº. 717/GM/MS, de 22 de Março de 2018, publicada no Diário Oficial da União - DOU nº. 57, de 23 de Março de 2018 e Portaria/CGRH/MS nº. 1041, de 30 de outubro de 2009, publicada no Diário Oficial da União - DOU nº. 209, de 03 de novembro de 2009, resolve:</p><p>I - Conceder aposentadoria por invalidez permanente, decorrente de doença especificada no § 1º do artigo 186 da lei 8112/90, com proventos integrais a servidora NILDA CAMPOS QUINTINO, matrícula SIAPE nº. 062.439-3, ocupante do cargo de Auxiliar de Enfermagem, código NI 210013, Classe S, Padrão III, do Quadro de Pessoal do Ministério da Saúde, com fundamento no Artigo 40, § 1º, inciso I da Constituição Federal de 1988 e § 21, c/c o Art. 6-A da Emenda Constitucional nº. 41/2003, incluído pela Emenda Constitucional nº. 70/2012 e Artigo 186, § 1º da Lei 8.112/90, com os proventos calculados com base no artigo 1º da lei nº 10887/04; a partir de 08/01/2018 data do laudo médico e as demais vantagens a que fizer jus.</p><p>II - Declarar vago o cargo referido no item I.</p><p class="assina">ANDRÉ LUIZ LOYELO BARCELLOS</p><p></p>]]></Texto>
  </body>
</article></xml>