﻿<xml><article id="2896155" name="Port. APO - 2906" idOficio="4770602" pubName="DO2" artType="Portaria" pubDate="02/05/2018" artClass="00011:00119:00001:00001:00000:00000:00000:00000:00000:00000:00025:00003" artCategory="Ministério da Educação/Universidade Federal de Minas Gerais/Reitoria/Gabinete" artSize="8" artNotes="" numberPage="23" pdfPage="http://pesquisa.in.gov.br/imprensa/jsp/visualiza/index.jsp?data=02/05/2018&amp;jornal=529&amp;pagina=23" editionNumber="83" highlight="" idMateria="10714706">
  <body>
    <Identifica><![CDATA[ PORTARIA Nº 2.906, DE 24 DE ABRIL DE 2018]]></Identifica>
    <Data><![CDATA[]]></Data>
    <Ementa />
    <Titulo />
    <SubTitulo />
    <Texto><![CDATA[<p class="identifica">PORTARIA Nº 2.906, DE 24 DE ABRIL DE 2018</p><p>A Reitora da Universidade Federal de Minas Gerais, no uso de suas atribuições, resolve:</p><p>Nos termos do art. 3º, da EC nº 47/2005, aposentar EDUARDO NUNES NOGUEIRA, inscrição UFMG nº 080098, matrícula SIAPE nº 0321341, ocupante do cargo de Técnico em Agropecuária, Nível de Classificação D, Nível de Capacitação IV, Padrão de Vencimento 16, lotado na Escola de Veterinária, com proventos integrais, por ter provado contar 39 (trinta e nove) anos de contribuição.</p><p class="assina">SANDRA REGINA GOULART ALMEIDA</p>]]></Texto>
  </body>
</article></xml>