﻿<xml><article id="2899954" name="PTS54E55CURITIBA" idOficio="4771737" pubName="DO2" artType="Portaria" pubDate="02/05/2018" artClass="00022:00029:00241:00004:00025:00002:00000:00000:00000:00000:00025:00003" artCategory="Ministério do Desenvolvimento Social/Instituto Nacional do Seguro Social/Superintendência Regional Sul em Florianópolis/Gerência Executiva - A - em Curitiba/Serviço de Administração/Seção Operacional da Gestão de Pessoas" artSize="8" artNotes="" numberPage="45" pdfPage="http://pesquisa.in.gov.br/imprensa/jsp/visualiza/index.jsp?data=02/05/2018&amp;jornal=529&amp;pagina=45" editionNumber="83" highlight="" idMateria="10717360">
  <body>
    <Identifica><![CDATA[ PORTARIAS DE 30 DE ABRIL DE 2018]]></Identifica>
    <Data><![CDATA[]]></Data>
    <Ementa />
    <Titulo />
    <SubTitulo />
    <Texto><![CDATA[<p class="identifica">PORTARIAS DE 30 DE ABRIL DE 2018</p><p>O CHEFE DA SEÇÃO OPERACIONAL DA GESTÃO DE PESSOAS NA GERÊNCIA EXECUTIVA EM CURITIBA - PARANÁ, no uso da competência conferida pelo art. 235 do Regimento Interno, aprovado pela PT/MDS nº 414, de 28/09/2017, publicada no DOU nº 188-A, de 29/09/2017, resolve:</p><p>Nº 54 - Conceder aposentadoria voluntária integral à servidora ELIETE FRATES, matrícula SIAPE nº 0751694, ocupante do cargo efetivo de Assistente Social, NS-434017, classe S, padrão IV, do Quadro de Pessoal Permanente do Instituto Nacional do Seguro Social (código da vaga 0479391), com fundamento no artigo 3º da Emenda Constitucional nº 47/2005, combinado com o Art. 62-A da Lei nº 8.112/90, acrescido de 12% (doze por cento) de adicional por tempo de serviço e demais vantagens a que faz jus. Em consequência declaro vago o referido cargo (Processo nº 35183.000465/2018-81).</p><p>Nº 55 - Conceder aposentadoria voluntária integral à servidora IRENE TKATSCHUK, matrícula SIAPE nº 0900892, ocupante do cargo efetivo de Técnico do Seguro Social, NI-434550, classe S, padrão IV, do Quadro de Pessoal Permanente do Instituto Nacional do Seguro Social (código da vaga 0523064), com fundamento no artigo 3º da Emenda Constitucional nº 47/2005, combinado com o Art. 62-A da Lei nº 8.112/90, acrescido de 19% (dezenove por cento) de adicional por tempo de serviço e demais vantagens a que faz jus. Em consequência declaro vago o referido cargo (Processo nº 35183.000618/2018-91).</p><p class="assina">ANTONIO HAMAD JUNIOR</p>]]></Texto>
  </body>
</article></xml>