﻿<xml><article id="2896524" name="Portaria nº 465 de 24 de abril d" idOficio="4771526" pubName="DO2" artType="Portaria" pubDate="02/05/2018" artClass="00011:00063:00001:00000:00000:00000:00000:00000:00000:00000:00025:00001" artCategory="Ministério da Educação/Instituto Federal de Educação, Ciência e Tecnologia Fluminense/Reitoria" artSize="8" artNotes="" numberPage="18" pdfPage="http://pesquisa.in.gov.br/imprensa/jsp/visualiza/index.jsp?data=02/05/2018&amp;jornal=529&amp;pagina=18" editionNumber="83" highlight="" idMateria="10716923">
  <body>
    <Identifica><![CDATA[ Portaria Nº 465, de 24 de abril de 2018]]></Identifica>
    <Data><![CDATA[]]></Data>
    <Ementa />
    <Titulo />
    <SubTitulo />
    <Texto><![CDATA[<p class="identifica">Portaria Nº 465, de 24 de abril de 2018</p><p>O REITOR DO INSTITUTO FEDERAL DE EDUCAÇÃO, CIÊNCIA E TECNOLOGIA FLUMINENSE - IFFLUMINENSE, no uso das atribuições legais que lhe confere a Lei 11.892 de 29/12/2008, publicada no D.O.U. de 30/12/2008; a Portaria MEC N.º 378, de 09/05/2016, publicada no D.O.U. de 10/05/2016, seção 1, páginas 19 a 27 e o Decreto Presidencial de 05 de abril de 2016, publicado no D.O.U. de 06 de abril de 2016, resolve:</p><p>Art. 1.º Conceder APOSENTADORIA POR INVALIDEZ PERMANENTE COM PROVENTOS INTEGRAIS, com fundamento no Artigo 40, § 1º, inciso I da Constituição Federal/1988, com redação dada pela Emenda Constitucional N.º 41/2003, combinado com o artigo 6.º- A da Emenda Constitucional N.º 41/2003 e com o Artigo 186, inciso I, § § 1.º e 3.º e Artigo 188, § 3.º da Lei 8.112, de 11/12/1990, ao servidor JAIRO RODRIGUES DE FREITAS, Matrícula SIAPE 1031618, Classe D IV, Nível 04, ocupante do cargo de Professor do Ensino Básico, Técnico e Tecnológico, no regime de trabalho de Dedicação Exclusiva, código de vaga N.º 207548, do Quadro Permanente deste Instituto, assegurando-se as seguintes vantagens: 5% (cinco por cento) a título de Adicional por Tempo de Serviço e o Reconhecimento de Saberes e Competências Nível III (RSC III) equivalente à Retribuição por Titulação de Doutorado, instituído pela Lei 12.772 de 28/12/2012, publicada no D.O.U. de 31/12/2012, tendo em vista o que consta no Processo N.º 23320.001457.2018-51.</p><p>Art. 2.º Declarar vago o respectivo cargo.</p><p>Art. 3.º Esta portaria entra em vigor na data de sua publicação no Diário Oficial da União.</p><p class="assina">JEFFERSON MANHAES DE AZEVEDO</p>]]></Texto>
  </body>
</article></xml>