﻿<xml><article id="2900179" name="PT36SÃOPAULOCENTRO" idOficio="4771774" pubName="DO2" artType="Portaria" pubDate="02/05/2018" artClass="00022:00029:00239:00004:00024:00012:00000:00000:00000:00000:00025:00002" artCategory="Ministério do Desenvolvimento Social/Instituto Nacional do Seguro Social/Superintendência-Regional Sudeste I em São Paulo/Gerência Executiva - A - em São Paulo - Centro/Serviço de Administração/Seção Operacional da Gestão de Pessoas" artSize="8" artNotes="" numberPage="43" pdfPage="http://pesquisa.in.gov.br/imprensa/jsp/visualiza/index.jsp?data=02/05/2018&amp;jornal=529&amp;pagina=43" editionNumber="83" highlight="" idMateria="10717391">
  <body>
    <Identifica><![CDATA[ PORTARIA Nº 36,  de 27 de abril de 2018]]></Identifica>
    <Data><![CDATA[]]></Data>
    <Ementa />
    <Titulo />
    <SubTitulo />
    <Texto><![CDATA[<p class="identifica">PORTARIA Nº 36, de 27 de abril de 2018</p><p>O Chefe da Seção Operacional da Gestão de Pessoas da Gerencia Executiva do INSS São Paulo - Centro, no uso da atribuição que lhe foi conferida através pelo Artigo 235, inciso "I" alinea "a" "alinea do Regimento Interno do INSS, aprovado pela Portaria MDS nº 414 de 28/09/2017 publicada no DOU nº 188-A , de 29/09/2017.e tendo em vista o que consta do processo nº35366.000253/2018-56. resolve:</p><p>Conceder Pensão Vitalicia, a contar de 23/03/2018 à IZABEL GOMES DA SILVA, na qualidade de conjugue do ex servidor Jose Inacio da Silva, matricula SIAPE 0939142 aposentado, ocupante do cargo de Motorista Oficial, Classe "S", Padrão IV, do Quadro de Pessoal do Instituto Nacional do Seguro Social, falecido em 23/03/2018, cuja cota equivale a 100% (Cem por cento) do valor calculado na forma do Inciso I, artigo 2º, da Lei 10887/2004, de 18/06/2004, combinado com Inciso V, do Artigo 217, da Lei 8.112/90 de 11/12/90, com a redação dada pela Lei 13.135 de 18/06/2015.</p><p class="assina">ALOISIO BARBOSA LEMES</p>]]></Texto>
  </body>
</article></xml>