﻿<xml><article id="2896248" name="Portarias.2018.52 a 54(26.04)Dis" idOficio="4770778" pubName="DO2" artType="Portaria" pubDate="02/05/2018" artClass="00011:00069:00002:00000:00000:00000:00000:00000:00000:00000:00025:00001" artCategory="Ministério da Educação/Instituto Federal de Educação, Ciência e Tecnologia de Minas Gerais/Campus Bambuí" artSize="8" artNotes="" numberPage="19" pdfPage="http://pesquisa.in.gov.br/imprensa/jsp/visualiza/index.jsp?data=02/05/2018&amp;jornal=529&amp;pagina=19" editionNumber="83" highlight="" idMateria="10715085">
  <body>
    <Identifica><![CDATA[  PORTARIAs DE 26 DE ABRIL DE 2018 ]]></Identifica>
    <Data><![CDATA[]]></Data>
    <Ementa />
    <Titulo />
    <SubTitulo />
    <Texto><![CDATA[<p class="identifica">PORTARIAs DE 26 DE ABRIL DE 2018</p><p>O DIRETOR GERAL DO INSTITUTO FEDERAL DE EDUCAÇÃO, CIÊNCIA E TECNOLOGIA DE MINAS GERAIS-CAMPUS BAMBUÍ, nomeado pela Portaria IFMG nº 1.330, de 22/09/2015, publicada no DOU de 23/09/2015, Seção 2, pág. 19, tendo em vista o Termo de Posse do dia 24/09/2015, e no uso das atribuições que lhe são conferidas pela Portaria IFMG nº 475, de 06 de abril de 2016, publicada no DOU de 15 de abril de 2016, Seção 2, pág.17, retificada pela Portaria IFMG nº 805, de 04 de julho de 2016, publicada no DOU de 06 de julho de 2016, Seção 2, pág. 22, e pela Portaria IFMG nº 1078 de 27 de setembro de 2016, publicada no DOU de 04 de outubro de 2016, Seção 2, pág. 20, resolve:</p><p>Nº 52 Art. 1º. DESIGNAR o servidor MARCOS ROBERTO RIBEIRO, ocupante do cargo de Professor de Ensino Básico, Técnico e Tecnológico, matrícula SIAPE 1745068, para função Coordenador de Pós-Graduação do IFMG Campus Bambuí, código - FG - 1.</p><p>Nº 53 Art. 1º. DISPENSAR a servidora ADRIANA GIAROLA VILAMAIOR, ocupante do cargo de Professor de Ensino Básico, Técnico e Tecnológico, matrícula SIAPE 1460201, da função de Chefe de Departamento de Ciências e Gerenciais e Humanas do IFMG Campus Bambuí, código - FG - 1.</p><p>Nº 54 Art. 1º. DESIGNAR a servidora CASSIA FELIX DIAS CRISCOLO, ocupante do cargo de Professor de Ensino Básico, Técnico e Tecnológico, matrícula SIAPE 1467326, para função de Chefe de Departamento de Ciências e Gerenciais e Humanas do IFMG Campus Bambuí, código - FG - 1.</p><p>Art. 2º. Determinar que estas portarias sejam devidamente publicadas no Boletim de Serviços do IFMG - Campus Bambuí e no Diário Oficial da União.</p><p>Art. 3º. Determinar que a Coordenadoria de Gestão de Pessoas adote as providências cabíveis à aplicação destas portarias.</p><p>Art. 4º. Estas portarias entram em vigor a partir de 01 de maio de 2018.</p><p class="assina">RAFAEL BASTOS TEIXEIRA</p>]]></Texto>
  </body>
</article></xml>