﻿<xml><article id="2897599" name="PT 53 LONDRINA" idOficio="4771577" pubName="DO2" artType="Portaria" pubDate="02/05/2018" artClass="00022:00029:00241:00015:00033:00000:00000:00000:00000:00000:00025:00002" artCategory="Ministério do Desenvolvimento Social/Instituto Nacional do Seguro Social/Superintendência Regional Sul em Florianópolis/Gerência Executiva - B - em Londrina/Seção Operacional da Gestão de Pessoas" artSize="8" artNotes="" numberPage="46" pdfPage="http://pesquisa.in.gov.br/imprensa/jsp/visualiza/index.jsp?data=02/05/2018&amp;jornal=529&amp;pagina=46" editionNumber="83" highlight="" idMateria="10717074">
  <body>
    <Identifica><![CDATA[ PORTARIA Nº 53, DE 27 DE ABRIL DE 2018]]></Identifica>
    <Data><![CDATA[]]></Data>
    <Ementa />
    <Titulo />
    <SubTitulo />
    <Texto><![CDATA[<p class="identifica">PORTARIA Nº 53, DE 27 DE ABRIL DE 2018</p><p>A CHEFE DA SEÇÃO OPERACIONAL DE GESTÃO DE PESSOAS SUBSTITUTA, DA GERÊNCIA EXECUTIVA DO INSS EM LONDRINA, NO ESTADO DO PARANÁ, no uso das atribuições que lhe foram conferidas pelo artigo 235, inciso I, alíneas "a" e "e", do Regimento Interno do INSS aprovado pela Portaria/MDS nº 414, publicado no DOU extra nº 188-A de 29/09/2017 e tendo em vista o que consta no processo nº 35194.000562/2017-64, resolve:</p><p>Art. 1º Conceder aposentadoria voluntária a servidora JOSIANE BOAMORTE DE OLIVEIRA, matrícula SIAPE 0901769, ocupante do cargo de Psicólogo - 434005, Classe S, Padrão IV, do Quadro de Pessoal do Instituto Nacional do Seguro Social, com fundamento no artigo 3º da Emenda Constitucional nº 47/2005, com proventos integrais, com base na remuneração do cargo e demais vantagens a que faz jus, na forma da lei.</p><p>Art. 2º Declarar vago o referido cargo.</p><p class="assina">CAMILA DE PAULA PAZ LEME</p>]]></Texto>
  </body>
</article></xml>