﻿<xml><article id="2897665" name="PT HERMES GOMES FERREIRA" idOficio="4771583" pubName="DO2" artType="Portaria" pubDate="02/05/2018" artClass="00017:00021:00029:00000:00000:00000:00000:00000:00000:00000:00025:00002" artCategory="Ministério da Saúde/Fundação Nacional de Saúde/Superintendência Estadual em Minas Gerais" artSize="8" artNotes="" numberPage="38" pdfPage="http://pesquisa.in.gov.br/imprensa/jsp/visualiza/index.jsp?data=02/05/2018&amp;jornal=529&amp;pagina=38" editionNumber="83" highlight="" idMateria="10717085">
  <body>
    <Identifica><![CDATA[ PORTARIA   Nº 2.367,   DE 26 DE ABRIL DE 2018]]></Identifica>
    <Data><![CDATA[]]></Data>
    <Ementa />
    <Titulo />
    <SubTitulo />
    <Texto><![CDATA[<p class="identifica">PORTARIA Nº 2.367, DE 26 DE ABRIL DE 2018</p><p>A SUPERINTENDENTE ESTADUAL DA FUNDAÇÃO NACIONAL DE SAÚDE NO ESTADO DE MINAS GERAIS/SUBSTITUTA, nomeada pela Portaria nº. 1111, de 05 de setembro de 2017, publicada no DOU nº. 172, de 06 de setembro de 2017, no uso das atribuições que lhe foram conferidas pelo Art. 13º. Estatuto aprovado pelo Decreto nº 8.867, de 03 de outubro de 2016, publicado no DOU de 04 de outubro de 2016 e o que consta no processo nº 25190.001343/2018-60, resolve:</p><p>Conceder aposentadoria voluntária com proventos integrais a HERMES GOMES FERREIRA, Matrícula Siape nº 0477445, ocupante do cargo Auxiliar de Saneamento, Nível NI, S.III, no quadro de Pessoal da Fundação Nacional de Saúde, com fundamento no Artigo 3º da Emenda Constitucional nº 47/2005.</p><p>ART. 2º - Declarar vago o cargo referido no Art. 1º.</p><p>ART. 3º - Esta Portaria entra em vigor a partir da data de sua publicação</p><p class="assina">MARCIA SILVA DE AZEVEDO ALVES</p><p></p>]]></Texto>
  </body>
</article></xml>