﻿<xml><article id="2895515" name="Remoção Danilo e Juliana- TRT6" idOficio="4770295" pubName="DO2" artType="Ato" pubDate="02/05/2018" artClass="00038:00058:00001:00000:00000:00000:00000:00000:00000:00000:00001:00003" artCategory="Poder Judiciário/Tribunal Regional do Trabalho da 19ª Região/Presidência" artSize="8" artNotes="" numberPage="70" pdfPage="http://pesquisa.in.gov.br/imprensa/jsp/visualiza/index.jsp?data=02/05/2018&amp;jornal=529&amp;pagina=70" editionNumber="83" highlight="" idMateria="10714253">
  <body>
    <Identifica><![CDATA[ ATO Nº 37, DE 27 DE ABRIL DE 2018]]></Identifica>
    <Data><![CDATA[]]></Data>
    <Ementa />
    <Titulo />
    <SubTitulo />
    <Texto><![CDATA[<p></p><p class="identifica">ATO Nº 37, DE 27 DE ABRIL DE 2018</p><p>O DESEMBARGADOR PRESIDENTE DO TRIBUNAL REGIONAL DO TRABALHO DA DÉCIMA NONA REGIÃO, no uso de suas atribuições legais e regimentais estabelecidas no inciso VII do artigo 24 do Regimento Interno, na forma prevista no artigo 20 da Lei nº 11.416/2006 e pela Resolução CSJT nº 110/2012, que dispõem sobre o instituto de remoção dos servidores integrantes da Justiça do Trabalho, considerando o que consta no Proad TRT 19ª nº 1538/2018, resolve:</p><p>Art. 1°. Remover, a pedido, o servidor Danilo Barreto Almeida Vasconcelos, ocupante do cargo efetivo de Técnico Judiciário, Área Administrativa, Classe A, Padrão 1, do Quadro de Pessoal Permanente deste Tribunal para o Tribunal Regional do Trabalho da 6ª Região, mediante permuta com a servidora Juliana Alejandra Farias de Melo, ocupante do cargo efetivo de Técnico Judiciário, Área Administrativa, do TRT da 6ª Região para este Regional, com efeitos a contar de 15/10/2018.</p><p>Art. 2º. Conceder 10 (dez) dias de trânsito ao servidor Danilo Barreto Almeida Vasconcelos, nos termos do art. 18 da Lei nº 8.112/90, com redação dada pela Lei nº 9527/97, c/c o art. 27 da Resolução CSJT nº 110/2012, a contar de 15/10/2018.</p><p></p><p class="assina">Des. PEDRO INÁCIO DA SILVA</p><p></p>]]></Texto>
  </body>
</article></xml>