﻿<xml><article id="2903024" name="PORTARIA Nº 189 - CARLOS FERNAND" idOficio="4772100" pubName="DO2" artType="Portaria" pubDate="02/05/2018" artClass="00006:00012:00011:03805:00000:00000:00000:00000:00000:00000:00025:00001" artCategory="Presidência da República/Advocacia-Geral da União/Procuradoria-Geral Federal/Subprocuradoria-Geral Federal" artSize="8" artNotes="" numberPage="3" pdfPage="http://pesquisa.in.gov.br/imprensa/jsp/visualiza/index.jsp?data=02/05/2018&amp;jornal=529&amp;pagina=3" editionNumber="83" highlight="" idMateria="10717981">
  <body>
    <Identifica><![CDATA[ PORTARIA Nº 189, DE 19 DE ABRIL DE 2018]]></Identifica>
    <Data><![CDATA[]]></Data>
    <Ementa />
    <Titulo />
    <SubTitulo />
    <Texto><![CDATA[<p class="identifica">PORTARIA Nº 189, DE 19 DE ABRIL DE 2018</p><p><strong>O SUBPROCURADOR-GERAL FEDERAL</strong>, no uso da competência que lhe foi delegada pelo Procurador-Geral Federal, nos termos da Portaria PGF nº 200, de 25 de fevereiro de 2008, publicada no Diário Oficial da União, de 26 de fevereiro de 2008, Seção 2, pág.1, e considerando o contido no Processo nº 00493.000101/2017-32, resolve:</p><p><strong>DISPENSAR,</strong>a pedido,</p><p>o Procurador Federal CARLOS FERNANDO DE ANDRADE FREY, matrícula SIAPE n.º 1903517, do encargo de Responsável pela Procuradoria Seccional Federal em Ilhéus/BA.</p><p class="assina">DANIEL DE ANDRADE OLIVEIRA BARRAL</p>]]></Texto>
  </body>
</article></xml>