﻿<xml><article id="2902706" name="Portarias 296 a 298" idOficio="4772073" pubName="DO2" artType="Portaria" pubDate="02/05/2018" artClass="00012:00059:00017:00000:00000:00000:00000:00000:00000:00000:00025:00001" artCategory="Ministério da Fazenda/Secretaria do Tesouro Nacional/Subsecretaria de Assuntos Corporativos" artSize="8" artNotes="" numberPage="30" pdfPage="http://pesquisa.in.gov.br/imprensa/jsp/visualiza/index.jsp?data=02/05/2018&amp;jornal=529&amp;pagina=30" editionNumber="83" highlight="" idMateria="10717940">
  <body>
    <Identifica><![CDATA[ PORTARIAS DE 30 DE ABRIL DE 2018]]></Identifica>
    <Data><![CDATA[]]></Data>
    <Ementa />
    <Titulo />
    <SubTitulo />
    <Texto><![CDATA[<p></p><p class="identifica">PORTARIAS DE 30 DE ABRIL DE 2018</p><p>O SUBSECRETÁRIO DE ASSUNTOS CORPORATIVOS DA SECRETARIA DO TESOURO NACIONAL, no uso da competência que lhe foi subdelegada no Art. 2º da Portaria STN nº 473, de 21 de agosto de 2013, publicada no DOU de 23 de agosto de 2013, resolve:</p><p>Nº 296 - Designar Rildo Alves de Brito Aguiar, Auditor Federal de Finanças e Controle, Matrícula SIAPE nº 01691050, para exercer o encargo de Substituto Eventual do Gerente da Gerência de Operações e Infraestrutura Tecnológica, da Coordenação-Geral de Sistemas e Tecnologia de Informação, da Subsecretaria de Assuntos Corporativos, Código FCPE 101.2, em seus afastamentos ou impedimentos legais e eventuais.</p><p>Nº 297 - Dispensar MANOEL EDUARDO DE ARAÚJO GUEDES, Auditor Federal de Finanças e Controle, Matrícula SIAPE nº 01662009, do encargo de Substituto Eventual do Gerente de Operações e Infraestrutura Tecnológica, da Coordenação-Geral de Sistemas e Tecnologia de Informação, da Subsecretaria de Assuntos Corporativos, Código FCPE 101.2.</p><p>Nº 298 - Designar Guilherme Clemente Kilson, Auditor Federal de Finanças e Controle, Matrícula SIAPE nº 01022169, para exercer o encargo de Substituto Eventual do Chefe de Núcleo de Excelência em SIAFI, da Coordenação-Geral de Sistemas e Tecnologia de Informação, da Subsecretaria de Assuntos Corporativos, Código FCPE 101.1, em seus afastamentos ou impedimentos legais e eventuais.</p><p class="assina">LÍSCIO FÁBIO DE BRASIL CAMARGO</p>]]></Texto>
  </body>
</article></xml>