﻿<xml><article id="2900443" name="_PORTARIA DE APOSENTADORIA MODEL" idOficio="4771827" pubName="DO2" artType="Portaria" pubDate="02/05/2018" artClass="00017:00026:00014:00011:00000:00000:00000:00000:00000:00000:00025:00001" artCategory="Ministério da Saúde/Secretaria de Atenção à Saúde/Departamento de Gestão Hospitalar no Estado do Rio de Janeiro/Hospital Federal do Andaraí" artSize="8" artNotes="" numberPage="39" pdfPage="http://pesquisa.in.gov.br/imprensa/jsp/visualiza/index.jsp?data=02/05/2018&amp;jornal=529&amp;pagina=39" editionNumber="83" highlight="" idMateria="10717451">
  <body>
    <Identifica><![CDATA[ PORTARIA  Nº 82, DE 30 DE ABRIL DE 2018]]></Identifica>
    <Data><![CDATA[]]></Data>
    <Ementa />
    <Titulo />
    <SubTitulo />
    <Texto><![CDATA[<p></p><p class="identifica">PORTARIA Nº 82, DE 30 DE ABRIL DE 2018</p><p>A Diretora Geral do Hospital Federal do Andaraí, em conformidade com os termos da PT/MS nº 2.081 de 21.10.2016, publicada no Diário Oficial da União (DOU) nº 204 de 24.10.2016 e no uso de suas atribuições legais, na forma da PT/CGRH/SAA/SE/MS/ nº 1041, de 30.10.2009, publicada no DOU nº 209, de 03.11.2009, resolve:</p><p>Conceder Aposentadoria voluntária integral ao servidor PAULO CESAR ALVES, matrícula SIAPE 0624070, ocupante do cargo de Enfermeiro, Nível Superior, Classe S, Padrão III, do Quadro de Pessoal deste Ministério, lotada no Hospital Federal do Andaraí, com fundamento no artigo 3º da Emenda Constitucional nº 47/2005, com proventos correspondentes ao cargo efetivo, acrescido de 19% (dezenove por cento) de Adicional por Tempo de Serviço e a Gratificação de Desempenho da Carreira da Previdência da Saúde e do Trabalho (GDPST) conforme Lei nº 11.784/2008. (Processo nº 33367.073930/2018-10).</p><p>Esta portaria entra em vigor na data de sua publicação.</p><p class="assina">MARIA LUCIA FEITOSA G.DA SILVEIRA</p><p></p>]]></Texto>
  </body>
</article></xml>