﻿<xml><article id="2903352" name="ALISON BERNARDINO FARIAS - VACAN" idOficio="4772159" pubName="DO2" artType="Portaria" pubDate="02/05/2018" artClass="00017:00004:00007:00001:00000:00000:00000:00000:00000:00000:00025:00001" artCategory="Ministério da Saúde/Agência Nacional de Saúde Suplementar/Diretoria Colegiada/Presidência/ANS" artSize="8" artNotes="" numberPage="37" pdfPage="http://pesquisa.in.gov.br/imprensa/jsp/visualiza/index.jsp?data=02/05/2018&amp;jornal=529&amp;pagina=37" editionNumber="83" highlight="" idMateria="10718068">
  <body>
    <Identifica><![CDATA[ Portaria Nº 9.674 de 24 de abril de 2018 ]]></Identifica>
    <Data><![CDATA[]]></Data>
    <Ementa />
    <Titulo />
    <SubTitulo />
    <Texto><![CDATA[<p></p><p class="identifica">Portaria Nº 9.674 de 24 de abril de 2018</p><p>O DIRETOR-PRESIDENTE SUBSTITUTO DA AGÊNCIA NACIONAL DE SAÚDE SUPLEMENTAR, no uso das atribuições que lhe confere o inciso VI do art. 11 do Regulamento aprovado pelo Decreto n.º 3.327, de 5 de janeiro de 2000, resolve:</p><p>Art. 1º Declarar vago, a contar de 02 de maio de 2018, com fundamento no art. 33, inciso VIII, da Lei n.º 8.112, de 11 de dezembro de 1990, o cargo de Técnico Administrativo, Classe "A", Padrão "I", no Pará, código de vaga n.º 998229, ocupado pelo servidor ALISON BERNARDINO FARIAS, Matrícula SIAPE n.º 2277502, do Quadro de Pessoal desta Agência, por solicitação do servidor.</p><p>Art. 2º Considerando que o servidor não adquiriu a estabilidade prevista no art. 21 da Lei n° 8.112, de 1990, a presente vacância não gera direito à recondução estabelecida no art. 29 da mesma Lei.</p><p class="assina">LEANDRO FONSECA DA SILVA</p><p></p>]]></Texto>
  </body>
</article></xml>