﻿<xml><article id="2907057" name="PORTARIA Nº 134-2018 - Ordenador" idOficio="4772260" pubName="DO2" artType="Portaria" pubDate="02/05/2018" artClass="00009:00002:00000:00000:00000:00000:00000:00000:00000:00000:00025:00005" artCategory="Ministério da Cultura/Secretaria Executiva" artSize="8" artNotes="" numberPage="7" pdfPage="http://pesquisa.in.gov.br/imprensa/jsp/visualiza/index.jsp?data=02/05/2018&amp;jornal=529&amp;pagina=7" editionNumber="83" highlight="" idMateria="10718664">
  <body>
    <Identifica><![CDATA[ PORTARIA Nº 134, DE 17 DE ABRIL DE 2018]]></Identifica>
    <Data><![CDATA[]]></Data>
    <Ementa />
    <Titulo />
    <SubTitulo />
    <Texto><![CDATA[<p class="identifica">PORTARIA Nº 134, DE 17 DE ABRIL DE 2018</p><p>A SECRETÁRIA-EXECUTIVA DO MINISTÉRIO DA CULTURA, no uso da competência que lhe foi delegada pelo inciso VIII, art. 2º, da Portaria MinC nº 46, de 11 de abril de 2018, e tendo em vista o disposto no Decreto nº 8.837, de 17 de agosto de 2016, no Decreto nº 6.976, de 7 de outubro de 2009, e na Instrução Normativa STN nº 6, de 31 de outubro de 2007, resolve:</p><p>Art. 1º Designar os seguintes servidores para a prática de atos de Gestão Orçamentária e Financeira dos recursos classificados no agregado de outros custeios e capital das Unidades Gestoras 420029 - SCDC/MinC e 340029 - SCDC/FNC/MinC:</p><p>I - Débora Fernanda Pinto Albuquerque - Ordenadora de Despesas;</p><p>II - Renata de Carvalho Ferreira Machado - Ordenadora de Despesas Substituta;</p><p>III - Leonardo Luciano Ferreira da Silva - Corresponsável;</p><p>IV - Álvaro Juarez Chagas - Corresponsável Substituto;</p><p>V - Célia Maria Santos Moreira Barbosa - Conformidade de Registro de Gestão; e</p><p>VI - Thiago Moreira dos Santos - Conformidade de Registro de Gestão Substituto.</p><p>Art. 2º Revogar a Portaria nº 767 de 02 de janeiro de 2018, publicada no Diário Oficial da União de 17 de janeiro de 2018.</p><p>Art. 3º Esta Portaria entra em vigor na data de sua publicação.</p><p class="assina">MARIANA RIBAS DA SILVA</p>]]></Texto>
  </body>
</article></xml>