﻿<xml><article id="2898461" name="PT49A51GOIANIA" idOficio="4771703" pubName="DO2" artType="Portaria" pubDate="02/05/2018" artClass="00022:00029:00238:00009:04351:00000:00000:00000:00000:00000:00025:00005" artCategory="Ministério do Desenvolvimento Social/Instituto Nacional do Seguro Social/Superintendência Regional Norte/Centro-Oeste em Brasília/Gerência Executiva - B - em Goiânia/Seção Operacional da Gestão de Pessoas" artSize="8" artNotes="" numberPage="42" pdfPage="http://pesquisa.in.gov.br/imprensa/jsp/visualiza/index.jsp?data=02/05/2018&amp;jornal=529&amp;pagina=42" editionNumber="83" highlight="" idMateria="10717271">
  <body>
    <Identifica><![CDATA[ PORTARIAS DE 30 DE ABRIL DE 2018]]></Identifica>
    <Data><![CDATA[]]></Data>
    <Ementa />
    <Titulo />
    <SubTitulo />
    <Texto><![CDATA[<p class="identifica">PORTARIAS DE 30 DE ABRIL DE 2018</p><p>O Chefe Substituto da Seção Operacional da Gestão de Pessoas da Gerência Executiva do INSS em Goiânia, no uso da competência conferida pela PT/MDS n.º 414, de 28/09/2017, Art. 235, item I alínea "e", publicada no DOU-188-A, de 29/09/2017, Decreto nº 9.104 de 24/07/2017 e PT/INSS/GEXGOI nº 47, de 05/10/2012, publicada no BSL nº 193, de 05/10/2012, resolve:</p><p>Nº 49 - Conceder aposentadoria voluntária a servidora Sandra Elisa André de Penaranda, matrícula SIAPE nº 0888.812, ocupante do cargo de Técnico do Seguro Social, Classe "S", Padrão IV, do quadro de pessoal do Instituto Nacional do Seguro Social, com fundamento no artigo 3º da Emenda Constitucional nº 47/2005, com proventos integrais, acrescida das demais vantagens a que faz jus. Tornar vago o referido cargo. Processo nº 35069.000212/2018-14.</p><p>Nº 50 - Conceder aposentadoria voluntária ao servidor Venitor João Pinheiro, matrícula SIAPE nº 0888.636, ocupante do cargo de Técnico do Seguro Social, Classe "S", Padrão IV, do quadro de pessoal do Instituto Nacional do Seguro Social, com fundamento no artigo 3º da Emenda Constitucional nº 47/2005, com proventos integrais, acrescida das demais vantagens a que faz jus. Tornar vago o referido cargo Processo nº 35069.000209/2018-09.</p><p>Nº 51 - Conceder Pensão a Clóvis Flávio Bertides da Silva, na qualidade de companheiro, da ex-servidora aposentada Therezinha Ivani de Oliveira, matrícula SIAPE nº 0887910, Oficial de Previdência, Classe "S", Padrão "IV", cota parte 1/1, dos proventos do "de cujus", com fundamento no artigo 40, § 7º, inciso I da CF/88, na redação dada pelo artigo 1º da Emenda Constitucional nº 41/03 e artigo 2º, inciso I, da Lei nº 10.887/2004, combinado com os artigos 215, 217 inciso III e 222, VII, "b", item 6, da Lei nº 8.112/1990, redação dada pela Lei nº 13.135/2015. Processo nº 35069.000214/2018-11.</p><p class="assina">JUSCELINO LUÍS GOMES</p>]]></Texto>
  </body>
</article></xml>