﻿<xml><article id="2903105" name="DOU 02-05-2018 - FC - Titulares" idOficio="4772117" pubName="DO2" artType="Ato" pubDate="02/05/2018" artClass="00037:00001:00000:00000:00000:00000:00000:00000:00000:00000:00001:00001" artCategory="Poder Legislativo/Câmara dos Deputados" artSize="8" artNotes="" numberPage="60" pdfPage="http://pesquisa.in.gov.br/imprensa/jsp/visualiza/index.jsp?data=02/05/2018&amp;jornal=529&amp;pagina=60" editionNumber="83" highlight="" idMateria="10718029">
  <body>
    <Identifica><![CDATA[ ATOS De 30 DE ABRIL DE 2018]]></Identifica>
    <Data><![CDATA[]]></Data>
    <Ementa />
    <Titulo />
    <SubTitulo />
    <Texto><![CDATA[<p></p><p class="identifica">ATOS De 30 DE ABRIL DE 2018</p><p>O PRESIDENTE DA CÂMARA DOS DEPUTADOS, no uso das atribuições que lhe confere o artigo 1º, inciso I, alínea "a" do Ato da Mesa n.º 205, de 28 de junho de 1990, resolve:</p><p>DISPENSAR, de acordo com o artigo 35, inciso I, da Lei n° 8.112, de 11 de dezembro de 1990, ADRIANA MARCONDES AMARAL, ponto nº 6836, ocupante de cargo da Categoria Funcional de Analista Legislativo - atribuição Técnico em Comunicação Social - Televisão, Classe Especial, Padrão 10, da função comissionada de Chefe da Seção de Arquivo, FC-1, do Departamento de Mídias Integradas, do Quadro de Pessoal da Câmara dos Deputados.</p><p>DISPENSAR, de acordo com o artigo 35, inciso I, da Lei n° 8.112, de 11 de dezembro de 1990, ANA RAQUEL MACEDO FERREIRA, ponto nº 6868, ocupante de cargo da Categoria Funcional de Analista Legislativo - atribuição Técnico em Comunicação Social - Rádio, Classe Especial, Padrão 10, da função comissionada de Chefe da Seção de Programas Culturais, FC-1, da Coordenação de Programas e Documentários, do Departamento de Mídias Integradas, do Quadro de Pessoal da Câmara dos Deputados.</p><p>DISPENSAR, de acordo com o artigo 35, inciso I, da Lei n° 8.112, de 11 de dezembro de 1990, ANDRE BERGAMO, ponto nº 6635, ocupante de cargo da Categoria Funcional de Analista Legislativo - atribuição Técnica Legislativa, Classe Especial, Padrão 10, da função comissionada de Assistente de Comunicação Social, FC-1, da Diretoria Executiva de Comunicação Social, do Quadro de Pessoal da Câmara dos Deputados.</p><p>DISPENSAR, de acordo com o artigo 35, inciso I, da Lei n° 8.112, de 11 de dezembro de 1990, BRUNO PAIVA MENEZES, ponto nº 7349, ocupante de cargo da Categoria Funcional de Analista Legislativo - atribuição Técnico em Documentação e Informação Legislativa, Classe B, Padrão 08, da função comissionada de Chefe da Seção de Programação de Rádio e TV, FC-1, da Coordenação de Conteúdo, do Departamento de Mídias Integradas, do Quadro de Pessoal da Câmara dos Deputados.</p><p>DISPENSAR, de acordo com o artigo 35, inciso I, da Lei n° 8.112, de 11 de dezembro de 1990, CLÁUDIA REGINA DE FARIAS E LEITÃO, ponto nº 5786, ocupante de cargo da Categoria Funcional de Técnico Legislativo - atribuição Assistente Administrativo, Classe Especial, Padrão 10, da função comissionada de Assistente de Gabinete, FC-1, do Gabinete do Líder do Partido Democrático Trabalhista, do Quadro de Pessoal da Câmara dos Deputados, a partir de 02 de maio de 2018.</p><p>DISPENSAR, de acordo com o artigo 35, inciso I, da Lei n° 8.112, de 11 de dezembro de 1990, FABIO ALMEIDA LOPES, ponto nº 6521, ocupante de cargo da Categoria Funcional de Analista Legislativo - atribuição Técnica Legislativa, Classe Especial, Padrão 10, da função comissionada de Chefe de Gabinete do Líder do Partido Social Democrático, FC-4, do Quadro de Pessoal da Câmara dos Deputados.</p><p>DISPENSAR, de acordo com o artigo 35, inciso I, da Lei n° 8.112, de 11 de dezembro de 1990, FRANCISCO DE ASSIS FERNANDES BRANDÃO JUNIOR, ponto nº 6879, ocupante de cargo da Categoria Funcional de Analista Legislativo - atribuição Técnico em Comunicação Social - Imprensa Escrita, Classe Especial, Padrão 10, da função comissionada de Chefe da Seção de Fechamento da Rádio Câmara - 1ª Edição, FC-1, da Coordenação de Jornalismo, do Departamento de Mídias Integradas, do Quadro de Pessoal da Câmara dos Deputados.</p><p>DISPENSAR, de acordo com o artigo 35, inciso I, da Lei n° 8.112, de 11 de dezembro de 1990, MARCIO COUTINHO VARGAS, ponto nº 4968, ocupante de cargo da Categoria Funcional de Técnico Legislativo - atribuição Adjunto Parlamentar - Secretaria, Classe Especial, Padrão 10, da função comissionada de Chefe da Seção de Gestão de Proposição, FC-1, da Secretaria da Comissão de Viação e Transportes, da Coordenação de Comissões Permanentes, do Departamento de Comissões, do Quadro de Pessoal da Câmara dos Deputados.</p><p>DISPENSAR, de acordo com o artigo 35, inciso I, da Lei n° 8.112, de 11 de dezembro de 1990, MARCOS ALBERTO LOUREIRO, ponto nº 6664, ocupante de cargo da Categoria Funcional de Analista Legislativo - atribuição Técnica Legislativa, Classe Especial, Padrão 10, da função comissionada de Chefe da Assessoria Internacional e Cerimonial, FC-4, da Secretaria de Relações Internacionais, do Quadro de Pessoal da Câmara dos Deputados.</p><p>DISPENSAR, de acordo com o artigo 35, inciso I, da Lei n° 8.112, de 11 de dezembro de 1990, RALPH EMERSON MACHADO DE LIMA, ponto nº 7224, ocupante de cargo da Categoria Funcional de Analista Legislativo - atribuição Técnico em Comunicação Social - Imprensa Escrita, Classe Especial, Padrão 09, da função comissionada de Diretor da Coordenação de Conteúdo, FC-3, do Departamento de Mídias Integradas, do Quadro de Pessoal da Câmara dos Deputados.</p><p>DISPENSAR, de acordo com o artigo 35, inciso I, da Lei n° 8.112, de 11 de dezembro de 1990, RODRIGO DA SILVA FRANCA, ponto nº 8052, ocupante de cargo da Categoria Funcional de Analista Legislativo - atribuição Técnica Legislativa, Classe A, Padrão 04, da função comissionada de Chefe da Seção de Movimentação e Exoneração de Requisitados, FC-1, da Coordenação de Secretariado Parlamentar, do Departamento de Pessoal, do Quadro de Pessoal da Câmara dos Deputados.</p><p>DISPENSAR, de acordo com o artigo 35, inciso I, da Lei n° 8.112, de 11 de dezembro de 1990, WILSON DE PAULA SILVEIRA, ponto nº 6900, ocupante de cargo da Categoria Funcional de Analista Legislativo - atribuição Técnico em Comunicação Social - Imprensa Escrita, Classe Especial, Padrão 10, da função comissionada de Diretor da Coordenação de Jornalismo, FC-3, do Departamento de Mídias Integradas, do Quadro de Pessoal da Câmara dos Deputados.</p><p>O PRESIDENTE DA CÂMARA DOS DEPUTADOS, no uso das atribuições que lhe confere o artigo 1º, inciso I, alínea "a" do Ato da Mesa n.º 205, de 28 de junho de 1990, e o artigo 6º da Lei nº 8.112, de 11 de dezembro de 1990, resolve:</p><p>DESIGNAR, na forma do artigo 13 da Resolução n.º 21, de 4 de novembro de 1992, ADRIANA MARCONDES AMARAL, ponto n° 6836, ocupante de cargo da Categoria Funcional de Analista Legislativo - atribuição Técnico em Comunicação Social - Televisão, Classe Especial, Padrão 10, para exercer a função comissionada de Assistente de Comunicação Social, FC-1, da Diretoria Executiva de Comunicação Social, do Quadro de Pessoal da Câmara dos Deputados.</p><p>DESIGNAR, na forma do artigo 13 da Resolução n.º 21, de 4 de novembro de 1992, ANA RAQUEL MACEDO FERREIRA, ponto n° 6868, ocupante de cargo da Categoria Funcional de Analista Legislativo - atribuição Técnico em Comunicação Social - Rádio, Classe Especial, Padrão 10, para exercer a função comissionada de Chefe da Seção de Fechamento da Rádio Câmara - 1ª Edição, FC-1, da Coordenação de Jornalismo, do Departamento de Mídias Integradas, do Quadro de Pessoal da Câmara dos Deputados.</p><p>DESIGNAR, na forma do artigo 13 da Resolução n.º 21, de 4 de novembro de 1992, ANDRE BERGAMO, ponto n° 6635, ocupante de cargo da Categoria Funcional de Analista Legislativo - atribuição Técnica Legislativa, Classe Especial, Padrão 10, para exercer a função comissionada de Chefe da Seção de Programação de Rádio e TV, FC-1, da Coordenação de Conteúdo, do Departamento de Mídias Integradas, do Quadro de Pessoal da Câmara dos Deputados.</p><p>DESIGNAR, na forma do artigo 13 da Resolução n.º 21, de 4 de novembro de 1992, ANTONIO VITAL MEDEIROS DE MORAIS, ponto n° 6870, ocupante de cargo da Categoria Funcional de Analista Legislativo - atribuição Técnico em Comunicação Social - Rádio, Classe Especial, Padrão 10, para exercer a função comissionada de Diretor da Coordenação de Jornalismo, FC-3, do Departamento de Mídias Integradas, do Quadro de Pessoal da Câmara dos Deputados.</p><p>DESIGNAR, na forma do artigo 13 da Resolução n.º 21, de 4 de novembro de 1992, BRUNO PAIVA MENEZES, ponto n° 7349, ocupante de cargo da Categoria Funcional de Analista Legislativo - atribuição Técnico em Documentação e Informação Legislativa, Classe B, Padrão 08, para exercer a função comissionada de Chefe da Seção de Arquivo, FC-1, do Departamento de Mídias Integradas, do Quadro de Pessoal da Câmara dos Deputados.</p><p>DESIGNAR, na forma do artigo 13 da Resolução n.º 21, de 4 de novembro de 1992, FABIO ALMEIDA LOPES, ponto n° 6521, ocupante de cargo da Categoria Funcional de Analista Legislativo - atribuição Técnica Legislativa, Classe Especial, Padrão 10, para exercer a função comissionada de Chefe da Assessoria Internacional e Cerimonial, FC-4, da Secretaria de Relações Internacionais, do Quadro de Pessoal da Câmara dos Deputados.</p><p>DESIGNAR, na forma do artigo 13 da Resolução n.º 21, de 4 de novembro de 1992, FRANCISCO DE ASSIS FERNANDES BRANDÃO JUNIOR, ponto n° 6879, ocupante de cargo da Categoria Funcional de Analista Legislativo - atribuição Técnico em Comunicação Social - Imprensa Escrita, Classe Especial, Padrão 10, para exercer a função comissionada de Chefe da Seção de Programas Culturais, FC-1, da Coordenação de Programas e Documentários, do Departamento de Mídias Integradas, do Quadro de Pessoal da Câmara dos Deputados.</p><p>DESIGNAR, na forma do artigo 13 da Resolução n.º 21, de 4 de novembro de 1992, MARCOS ALBERTO LOUREIRO, ponto n° 6664, ocupante de cargo da Categoria Funcional de Analista Legislativo - atribuição Técnica Legislativa, Classe Especial, Padrão 10, para exercer a função comissionada de Assessor de Cerimonial, FC-1, da Assessoria Internacional e Cerimonial, da Secretaria de Relações Internacionais, do Quadro de Pessoal da Câmara dos Deputados.</p><p>DESIGNAR, na forma do artigo 13 da Resolução n.º 21, de 4 de novembro de 1992, RAIMUNDO JOSÉ ALVES, ponto n° 6780, ocupante de cargo da Categoria Funcional de Analista Legislativo - atribuição Técnica Legislativa, Classe Especial, Padrão 10, para exercer a função comissionada de Chefe da Seção de Gestão de Proposição, FC-1, da Secretaria da Comissão de Viação e Transportes, da Coordenação de Comissões Permanentes, do Departamento de Comissões, do Quadro de Pessoal da Câmara dos Deputados.</p><p>DESIGNAR, na forma do artigo 13 da Resolução n.º 21, de 4 de novembro de 1992, RODRIGO DA SILVA FRANCA, ponto n° 8052, ocupante de cargo da Categoria Funcional de Analista Legislativo - atribuição Técnica Legislativa, Classe A, Padrão 04, para exercer a função comissionada de Chefe de Secretaria do Gabinete do Líder do Partido Republicano da Ordem Social, FC-2, do Quadro de Pessoal da Câmara dos Deputados.</p><p>DESIGNAR, na forma do artigo 13 da Resolução n.º 21, de 4 de novembro de 1992, WILSON DE PAULA SILVEIRA, ponto n° 6900, ocupante de cargo da Categoria Funcional de Analista Legislativo - atribuição Técnico em Comunicação Social - Imprensa Escrita, Classe Especial, Padrão 10, para exercer a função comissionada de Diretor da Coordenação de Conteúdo, FC-3, do Departamento de Mídias Integradas, do Quadro de Pessoal da Câmara dos Deputados.</p><p class="assina">Rodrigo Maia</p>]]></Texto>
  </body>
</article></xml>