﻿<xml><article id="2897993" name="PT 23 UBERLÃNDIA" idOficio="4771631" pubName="DO2" artType="Portaria" pubDate="02/05/2018" artClass="00022:00029:00240:00023:00015:00000:00000:00000:00000:00000:00025:00001" artCategory="Ministério do Desenvolvimento Social/Instituto Nacional do Seguro Social/Superintendência Regional Sudeste II em Belo Horizonte/Gerência Executiva - B - Uberlândia/Seção Operacional  de Gestão de Pessoas" artSize="8" artNotes="" numberPage="45" pdfPage="http://pesquisa.in.gov.br/imprensa/jsp/visualiza/index.jsp?data=02/05/2018&amp;jornal=529&amp;pagina=45" editionNumber="83" highlight="" idMateria="10717150">
  <body>
    <Identifica><![CDATA[ PORTARIA  Nº 23, DE  30 DE ABRIL DE 2018]]></Identifica>
    <Data><![CDATA[]]></Data>
    <Ementa />
    <Titulo />
    <SubTitulo />
    <Texto><![CDATA[<p class="identifica">PORTARIA Nº 23, DE 30 DE ABRIL DE 2018</p><p>O CHEFE DA SEÇÃO OPERACIONAL DE GESTÃO DE PESSOAS DA GERÊNCIA EXECUTIVA DO INSS EM UBERLÂNDIA, por delegação atribuída pelo art. 235, do Regimento Interno do INSS, aprovado pela Portaria/MDS nº 414, de 28/09/2017, publicada no DOU nº 188-A, de 29/09/2017, Seção I, e tendo em vista o processo 35162.000687/2018-42, resolve:</p><p>Conceder aposentadoria voluntária à servidora VÂNIA MÁRCIA LOPES SOUZA SILVA, matrícula SIAPE 0198974, ocupante do cargo de Técnico do Seguro Social, Classe S, padrão IV, do Quadro de Pessoal do Instituto Nacional do Seguro Social/INSS, com fundamento no art. 3º da Emenda Constitucional nº 47, de 05/07/2005, com proventos integrais e demais vantagem a que faz jus.</p><p>Declarar vago o referido cargo.</p><p class="assina">VANDEIR FERREIRA DA COSTA</p>]]></Texto>
  </body>
</article></xml>