﻿<xml><article id="2903379" name="PT36CAMPOGRANDE" idOficio="4772160" pubName="DO2" artType="Portaria" pubDate="02/05/2018" artClass="00022:00029:00238:00007:00031:00000:00000:00000:00000:00000:00025:00001" artCategory="Ministério do Desenvolvimento Social/Instituto Nacional do Seguro Social/Superintendência Regional Norte/Centro-Oeste em Brasília/Gerência Executiva - B - em Campo Grande/Seção Operacional da Gestão de Pessoas" artSize="8" artNotes="" numberPage="42" pdfPage="http://pesquisa.in.gov.br/imprensa/jsp/visualiza/index.jsp?data=02/05/2018&amp;jornal=529&amp;pagina=42" editionNumber="83" highlight="" idMateria="10718070">
  <body>
    <Identifica><![CDATA[ PORTARIA Nº 36, de  30 DE ABRIL DE 2018]]></Identifica>
    <Data><![CDATA[]]></Data>
    <Ementa />
    <Titulo />
    <SubTitulo />
    <Texto><![CDATA[<p class="identifica">PORTARIA Nº 36, de 30 DE ABRIL DE 2018</p><p>O CHEFE DA SEÇÃO OPERACIONAL DA GESTÃO DE PESSOAS DA GERÊNCIA EXECUTIVA DO INSS, EM CAMPO GRANDE/MS, no uso das atribuições que lhe confere o artigo 235, inciso I, alínea b, do Regimento Interno do INSS, aprovado pela PT/MDS nº 414 de 28/09/2017, publicada no DOU nº 188-A de 29/09/2017 e considerando o que consta no processo 3096.001066/2018-17, resolve:</p><p>Conceder aposentadoria voluntária à servidora MARIA DE LOURDES LARANJEIRA SANCHEZ, Matrícula SIAPE 0542640, ocupante do cargo de Técnico do Seguro Social, código 434550, Classe S, Padrão IV, Código de vaga nº 0118397, do quadro de pessoal do Instituto Nacional do Seguro Social, com fundamento no Art. 3° da Emenda Constitucional 47/2005.</p><p>Em consequência, declarar vago referido cargo.</p><p class="assina">GILSON RODRIGUES BUENO</p>]]></Texto>
  </body>
</article></xml>