﻿<xml><article id="2902955" name="DOU 2-SGP-PT-717-UNI-221635_Yuri" idOficio="4772087" pubName="DO2" artType="Portaria" pubDate="02/05/2018" artClass="00034:00007:00015:00000:00000:00000:00000:00000:00000:00000:00025:00015" artCategory="Ministério Público da União/Ministério Público Federal/Secretaria de Gestão de Pessoas" artSize="8" artNotes="" numberPage="57" pdfPage="http://pesquisa.in.gov.br/imprensa/jsp/visualiza/index.jsp?data=02/05/2018&amp;jornal=529&amp;pagina=57" editionNumber="83" highlight="" idMateria="10718010">
  <body>
    <Identifica><![CDATA[ PORTARIA Nº 717, DE 25 DE ABRIL DE 2018]]></Identifica>
    <Data><![CDATA[]]></Data>
    <Ementa />
    <Titulo />
    <SubTitulo />
    <Texto><![CDATA[<p class="identifica">PORTARIA Nº 717, DE 25 DE ABRIL DE 2018</p><p>A SECRETÁRIA DE GESTÃO DE PESSOAS DO MINISTÉRIO PÚBLICO FEDERAL, no uso da competência que lhe foi atribuída pelo artigo 1º da Portaria PGR/MPF nº 497, de 3 de junho de 2015, alterada pela Portaria PGR/MPF nº 1365, de 29 de dezembro de 2017, e tendo em vista o disposto nos artigos 35 - inciso I, e 62 da Lei nº. 8.112, de 11 de dezembro de 1990, e no expediente PGR-00208313/2018, resolve:</p><p>1. Dispensar RENATO ALVES BERNARDO DA CUNHA, ocupante do cargo de Analista do MPU/Direito, matrícula nº 18940, da função de confiança de Secretario Nível II, FC-2, do Gabinete da Subprocuradora-Geral da República Elizeta Maria de Paiva Ramos.</p><p>2. Designar PRISCILLA NEVES CARRASCO, ocupante do cargo de Analista do MPU/Direito, matrícula nº 24904, para exercer a função de confiança de Secretario Nível II, FC-2, do Gabinete da Subprocuradora-Geral da República Elizeta Maria de Paiva Ramos.</p><p class="assina">ELOÁ TODARELLI JUNQUEIRA</p>]]></Texto>
  </body>
</article></xml>