﻿<xml><article id="2896041" name="72-PR-2018" idOficio="4771200" pubName="DO2" artType="Portaria" pubDate="02/05/2018" artClass="00011:00124:00001:00008:00000:00000:00000:00000:00000:00000:00025:00002" artCategory="Ministério da Educação/Universidade Federal do Paraná/Reitoria/Pró-Reitoria de Gestão de Pessoas" artSize="8" artNotes="" numberPage="23" pdfPage="http://pesquisa.in.gov.br/imprensa/jsp/visualiza/index.jsp?data=02/05/2018&amp;jornal=529&amp;pagina=23" editionNumber="83" highlight="" idMateria="10716398">
  <body>
    <Identifica><![CDATA[ PORTARIA Nº 1.953, de 19 DE ABRIL DE 2018]]></Identifica>
    <Data><![CDATA[]]></Data>
    <Ementa />
    <Titulo />
    <SubTitulo />
    <Texto><![CDATA[<p class="identifica">PORTARIA Nº 1.953, de 19 DE ABRIL DE 2018</p><p>A PRÓ-REITORA DE GESTÃO DE PESSOAS DA UNIVERSIDADE FEDERAL DO PARANÁ, EM EXERCÍCIO, no uso de suas atribuições, tendo em vista a competência que lhe é conferida pela Portaria nº 2.590/97, resolve:</p><p>- Designar, a partir da data de publicação em DOU desta Portaria até 30 de junho de 2018, o servidor CRISTIANO STEFANI SELEGRIN - 2083170, ocupante do cargo de Assistente em Administração, lotado na Seção de Controle e Execução Orçamentária do Campus Jandaia do Sul, no regime de trabalho de 40 (quarenta) horas semanais, para exercer a função gratificada de Assessor da Seção de Controle e Execução Orçamentária, FG-04, do Campus Jandaia do Sul, autorizada pela Medida Provisória nº 1.534/96, regulamentada pela Portaria Interministerial nº 1.407/96 - MEC/MARE.</p><p class="assina">LANIA VIRGINIA BUSNELLO VAZ</p><p>PORTARIAS de 25 DE ABRIL DE 2018</p><p>O PRÓ-REITOR DE GESTÃO DE PESSOAS DA UNIVERSIDADE FEDERAL DO PARANÁ, no uso de suas atribuições, tendo em vista a competência que lhe é conferida pela Portaria nº 2.590/97, resolve:</p><p>Nº 2.012 - Exonerar, a pedido, a partir de 02 de maio de 2018, a servidora SABRINA BRUNE - 1755134, da função gratificada de Chefe da Secretaria dos Departamentos, FG-03, do Setor Palotina.</p><p>Nº 2.014 - Exonerar, a pedido, a partir de 02 de maio de 2018, o servidor CRISTIANO BORGES DE CAMARGO DA SILVA - 1969224, da função gratificada de Chefe da Secretaria da Direção, FG-03, do Setor Palotina.</p><p>Nº 2.024 - Nomear, a partir da data de publicação em DOU desta Portaria, o servidor DANIEL HUTNER - 2997907, ocupante do cargo de Assistente em Administração, lotado na Secretaria dos Departamentos do Setor Palotina, no regime de trabalho de 40 (quarenta) horas semanais, para exercer a função gratificada de Chefe da Secretaria dos Departamentos, FG-03, do Setor Palotina, autorizada pela Medida Provisória nº 1.534/96, regulamentada pela Portaria Interministerial nº 1.407/96 - MEC/MARE.</p><p>Nº 2.025 - Nomear, a partir da data de publicação em DOU desta Portaria, a servidora SABRINA BRUNE - 1755134, ocupante do cargo de Assistente em Administração, lotada na Secretaria dos Departamentos do Setor Palotina, no regime de trabalho de 40 (quarenta) horas semanais, para exercer a função gratificada de Chefe da Secretaria da Direção, FG-03, do Setor Palotina, autorizada pela Medida Provisória nº 1.534/96, regulamentada pela Portaria Interministerial nº 1.407/96 - MEC/MARE.</p><p class="assina">DOUGLAS ORTIZ HAMERMULLER</p><p class="identifica">PORTARIAS de 26 DE ABRIL DE 2018</p><p>O PRÓ-REITOR DE GESTÃO DE PESSOAS DA UNIVERSIDADE FEDERAL DO PARANÁ, no uso de suas atribuições, tendo em vista a competência que lhe é conferida pela Portaria nº 2.590/97, resolve:</p><p>Nº 2.042 - Exonerar, a pedido, a partir de 01 de maio de 2018, a servidora SIMONE CRISTINE CAVALLARI - 1455754, da função gratificada de Chefe da Unidade de Normatização, FG-01, da Pró-Reitoria de Gestão de Pessoas.</p><p>Nº 2.043 - Nomear, a partir da data de publicação em DOU desta Portaria, a servidora PRISCILLA TOPOROWICZ DIDIMO - 1736967, ocupante do cargo de Assistente em Administração, lotada na Unidade de Normatização da Pró-Reitoria de Gestão de Pessoas, no regime de trabalho de 40 (quarenta) horas semanais, para exercer a função gratificada de Chefe da Unidade de Normatização, FG-01, da Pró-Reitoria de Gestão de Pessoas, autorizada pela Portaria do Ministério da Educação nº 1.109, de 04 de setembro de 2008, publicada no DOU de 05.09.2008.</p><p class="assina">DOUGLAS ORTIZ HAMERMULLER</p>]]></Texto>
  </body>
</article></xml>