﻿<xml><article id="2902901" name="CITAÇÃO MAIO" idOficio="4772097" pubName="DO2" artType="Edital" pubDate="02/05/2018" artClass="00099:00011:00131:00001:00000:00000:00000:00000:00000:00000:00000:00021:00002" artCategory="Editais e Avisos" artSize="8" artNotes="" numberPage="71" pdfPage="http://pesquisa.in.gov.br/imprensa/jsp/visualiza/index.jsp?data=02/05/2018&amp;jornal=529&amp;pagina=71" editionNumber="83" highlight="" idMateria="10717975">
  <body>
    <Identifica><![CDATA[ EDITAL DE CITAÇÃO Nº  6,  DE 30 DE ABRIL DE 2018]]></Identifica>
    <Data><![CDATA[]]></Data>
    <Ementa />
    <Titulo />
    <SubTitulo />
    <Texto><![CDATA[<p></p><p class="identifica">EDITAL DE CITAÇÃO Nº 6, DE 30 DE ABRIL DE 2018</p><p>O Reitor da Universidade Federal Rural da Amazônia, no uso de suas atribuições conferidas pelo Decreto Presidencial, de 11/07/2017, publicado no DOU nº 132, página 1, seção 2, de 12/07/2017, e tendo em vista o que consta no processo n° 23084.0194292016-69 de 27/12/2016, resolve: suspender o pagamento dos benefícios de aposentadoria e de pensão dos seguintes beneficiários:</p><p>Aposentado:</p><p>JULIANO TAVARES DA SILVA, CPF: 060.061.242-20; MARCENIO ROMULO GONCALVES DE SOUSA, CPF: 060.061.242-20; EDIVALDO PIMENTA PINHEIRO, CPF: 038.908.482-49.</p><p>Pensionistas:</p><p>DENIZE PACHECO RODRIGUES, CPF: 103.779.212-20; SOLANGE DE PONTES AZEVEDO SABOYA, CPF: 440.055.042-72; JOAQUINA DA CUNHA PAIXÃO, CPF: 482.310.962-72; ARLETE NAZARE ALVES DOS SANTOS, CPF: 252.425.552-20; ALAIDE SAID PLATON CPF: 055.460.442-68, EUFLOZINA SILVA SANTOS, CPF: 235.643.692-87; HILDA GUIMARAES DE OLIVEIRA, CPF: 371.425.502-87; tendo em vista não ter ocorrido a atualização cadastral na forma determinada.</p><p>O restabelecimento do pagamento dos referidos benefícios fica condicionado ao recadastramento mediante o comparecimento pessoal do interessado na Universidade Federal Rural da Amazônia, situada na Av. Presidente Tancredo Neves, 2501, bairro: Montese, Belém/Pará, em conformidade da Orientação Normativa SEGEP nº 01.</p><p>Na hipótese de moléstia grave ou impossibilidade de locomoção do aposentado ou pensionista, deverá ser solicitada visita técnica, por meio dos telefones (91-3210.5118), ficando o pagamento restabelecido provisoriamente até que seja realizada a visita.</p><p class="assina">MARCEL DO NASCIMENTO BOTELHO</p><p></p>]]></Texto>
  </body>
</article></xml>