﻿<xml><article id="2901351" name="Portaria nº 753 e 754 - SUFRAMA" idOficio="4771947" pubName="DO2" artType="Portaria" pubDate="02/05/2018" artClass="00013:00002:00000:00000:00000:00000:00000:00000:00000:00000:00025:00003" artCategory="Ministério da Indústria, Comércio Exterior e Serviços/Secretaria Executiva" artSize="8" artNotes="" numberPage="30" pdfPage="http://pesquisa.in.gov.br/imprensa/jsp/visualiza/index.jsp?data=02/05/2018&amp;jornal=529&amp;pagina=30" editionNumber="83" highlight="" idMateria="10717658">
  <body>
    <Identifica><![CDATA[ PORTARIAS DE 27 DE ABRIL DE 2018]]></Identifica>
    <Data><![CDATA[]]></Data>
    <Ementa />
    <Titulo />
    <SubTitulo />
    <Texto><![CDATA[<p class="identifica">PORTARIAS DE 27 DE ABRIL DE 2018</p><p>A SECRETÁRIA-EXECUTIVA DO MINISTÉRIO DA INDÚSTRIA, COMÉRCIO EXTERIOR E SERVIÇOS, no uso da competência que lhe foi subdelegada pela Portaria GM/MDIC nº 305, de 1º de novembro de 2016, e considerando o disposto no Decreto nº 7.139, de 29 de março de 2010, com suas alterações, na Portaria nº 83-SEI, de 12 de janeiro de 2018, e na Lei nº 8.112, de 11 de dezembro de 1990, resolve:</p><p>Nº 753-SEI Designar PATRY MARQUES BOSCÁ para exercer a Função Gratificada, código FG-01, da Coordenação-Geral de Estudos Econômicos e Empresariais da Superintendência da Zona Franca de Manaus - SUFRAMA.</p><p>Nº 754-SEI Dispensar, a contar de 1º de maio de 2018, MARIA IBRANTINA DE LIMA NAVARRO da Função Gratificada, código FG-01, da Coordenação-Geral de Estudos Econômicos e Empresariais da Superintendência da Zona Franca de Manaus - SUFRAMA.</p><p class="assina">YANA DUMARESQ SOBRAL ALVES</p>]]></Texto>
  </body>
</article></xml>