﻿<xml><article id="2903514" name="PT 57 A 59 SOGP JOAO PESSOA" idOficio="4772166" pubName="DO2" artType="Portaria" pubDate="02/05/2018" artClass="00022:00029:00237:00022:00029:00000:00000:00000:00000:00000:00025:00007" artCategory="Ministério do Desenvolvimento Social/Instituto Nacional do Seguro Social/Superintendência Regional Nordeste em Recife/Gerência Executiva - B - em João Pessoa/Seção Operacional  de Gestão de Pessoas" artSize="8" artNotes="" numberPage="42" pdfPage="http://pesquisa.in.gov.br/imprensa/jsp/visualiza/index.jsp?data=02/05/2018&amp;jornal=529&amp;pagina=42" editionNumber="83" highlight="" idMateria="10718107">
  <body>
    <Identifica><![CDATA[ PORTARIAS DE 30 DE ABRIL DE 2018]]></Identifica>
    <Data><![CDATA[]]></Data>
    <Ementa />
    <Titulo />
    <SubTitulo />
    <Texto><![CDATA[<p class="identifica">PORTARIAS DE 30 DE ABRIL DE 2018</p><p>O CHEFE DA SEÇÃO OPERACIONAL DA GESTÃO DE PESSOAS DA GERÊNCIA EXECUTIVA DO INSS EM JOÃO PESSOA-PB, no uso das atribuições conferidas no art. 235, do Regimento Interno do INSS, aprovado pela PT/MDS/GM/Nº 414, de 28.09.2017, publicada no DOU/Nº 188, de 29.09.2017, resolve:</p><p>Nº 57 Conceder aposentadoria voluntária integral ao servidor EDUARDO DA SILVA LINS, mat. SIAPE nº 0899.399, ocupante do cargo de Motorista Oficial, Classe "S", Padrão "IV", do Quadro de Pessoal do Instituto Nacional do Seguro Social, com fundamento no art. 3º da Emenda Constitucional nº 47/2005, com proventos integrais, observado o contido no Proc. nº 35172.000459/2018-53, declarando, em consequência, o referido cargo vago.</p><p>Nº 58 Conceder aposentadoria voluntária integral ao servidor WALLACE FERNANDES PINTO, mat. SIAPE nº 0899.312, ocupante do Técnico do Seguro Social, Classe "S", Padrão "IV", do Quadro de Pessoal do Instituto Nacional do Seguro Social, com fundamento no art. 3º da Emenda Constitucional nº 47/2005, com proventos integrais, observado o contido no Proc. nº 35172.000481/2018-01, declarando, em consequência, o referido cargo vago.</p><p>Nº 59 Conceder aposentadoria voluntária integral a servidora RAQUEL FERREIRA CRESPO DE ALVARENGA, mat. SIAPE nº 0898.840, ocupante do cargo de Assistente Social, Classe "S", Padrão "IV", do Quadro de Pessoal do Instituto Nacional do Seguro Social, com fundamento no art. 3º da Emenda Constitucional nº 47/2005, com proventos integrais, observado o contido no Proc. nº 35172.000467/2018-08, declarando, em consequência, o referido cargo vago.</p><p class="assina">GILBERTO FIRMINO DE SOUZA JÚNIOR</p>]]></Texto>
  </body>
</article></xml>