﻿<xml><article id="2902235" name="ATO PORTARIA Nº 491" idOficio="4772008" pubName="DO2" artType="Portaria" pubDate="02/05/2018" artClass="00011:00042:00000:00000:00000:00000:00000:00000:00000:00000:00025:00008" artCategory="Ministério da Educação/Fundação Universidade Federal de Sergipe" artSize="8" artNotes="" numberPage="16" pdfPage="http://pesquisa.in.gov.br/imprensa/jsp/visualiza/index.jsp?data=02/05/2018&amp;jornal=529&amp;pagina=16" editionNumber="83" highlight="" idMateria="10717791">
  <body>
    <Identifica><![CDATA[ PORTARIA Nº 491, DE 24 DE ABRIL DE 2018]]></Identifica>
    <Data><![CDATA[]]></Data>
    <Ementa />
    <Titulo />
    <SubTitulo />
    <Texto><![CDATA[<p class="identifica">PORTARIA Nº 491, DE 24 DE ABRIL DE 2018</p><p>O REITOR DA UNIVERSIDADE FEDERAL DE SERGIPE, no uso de suas atribuições legais e; considerando o disposto no Decreto n.º 1.387 de 07/02/95 e na portaria n.º 404 de 23/04/2009 do Ministério de Estado da Educação, considerando a Portaria n.º 891 de 25/05/2017 do Gabinete do Reitor, considerando o que consta no processo n.º 23113.013880/2018-40, resolve:</p><p>Art. 1o- Autorizar o afastamento do país do servidor JOSÉ ROQUENNEDY SOUZA CRUZ, Médico-Área, Classe E, Nível de Capacitação IV, Nível/Padrão de vencimento 13, matrícula SIAPE n.º 1151427, lotado na Unidade de Centro Cirúrgico - Medicina, para participar do curso Anesthesiology Update 2018, na cidade de Boston, Estados Unidos da América, pelo período de 14/05/2018 a 18/05/2018, com ônus limitado para UFS.</p><p>Art. 2o- Esta Portaria entra em vigor nesta data, devendo ser publicada no Diário Oficial da União.</p><p class="assina">Angelo Roberto Antoniolli</p>]]></Texto>
  </body>
</article></xml>