﻿<xml><article id="2899870" name="Portaria 57 a 60 - 2018" idOficio="4771731" pubName="DO2" artType="Portaria" pubDate="02/05/2018" artClass="00011:00060:00011:00000:00000:00000:00000:00000:00000:00000:00025:00001" artCategory="Ministério da Educação/Instituto Federal de Educação, Ciência e Tecnologia do Ceará/Campus Crato" artSize="8" artNotes="" numberPage="18" pdfPage="http://pesquisa.in.gov.br/imprensa/jsp/visualiza/index.jsp?data=02/05/2018&amp;jornal=529&amp;pagina=18" editionNumber="83" highlight="" idMateria="10717347">
  <body>
    <Identifica><![CDATA[ PORTARIAS  DE 30 DE ABRIL DE 2018]]></Identifica>
    <Data><![CDATA[]]></Data>
    <Ementa />
    <Titulo />
    <SubTitulo />
    <Texto><![CDATA[<p class="identifica">PORTARIAS DE 30 DE ABRIL DE 2018</p><p>O DIRETOR-GERAL SUBSTITUTO DO INSTITUTO FEDERAL DE EDUCAÇÃO, CIÊNCIA E TECNOLOGIA DO CEARÁ, CAMPUS CRATO, nomeado pela Portaria nº 254/GR, de 20 de março de 2017, no uso da competência que lhe foi delegada pela Portaria nº 252/GR, de 20 de março de 2017, RESOLVE:</p><p>Nº 57 - Dispensar, a pedido, o servidor MARCUS ROBERTO GOES FERREIRA COSTA, Professor de Ensino Básico, Técnico e Tecnológico, Matrícula SIAPE nº 1623769 da função de Coordenador de Extensão, FG-02, deste campus, para a qual fora designado pela Portaria nº 193/2015 DOU 31/07/2015.</p><p>Nº 58 - Designar o servidor YURI ALMEIDA LACERDA, Professor de Ensino Básico, Técnico e Tecnológico, Matrícula SIAPE nº 1724016, para exercer a função de Coordenador de Extensão, FG-02, deste campus.</p><p>Nº 59 - Dispensar, a pedido, o servidor FRANCISCO MESSIAS ALVES FILHO, Professor de Ensino Básico, Técnico e Tecnológico, Matrícula SIAPE nº1652646, da função de Coordenador do Curso de Bacharelado em Zootecnia, FUC-01, deste campus, para a qual fora designado pela Portaria nº 08/2016 - DOU 31/07/2015.</p><p>Nº 60 - Designar o servidor MARCUS ROBERTO GOES FERREIRA COSTA, Professor de Ensino Básico, Técnico e Tecnológico, Matrícula SIAPE nº 1623769, para exercer a função de Coordenador do Curso de Bacharelado em Zootecnia, FUC-01, deste campus.</p><p class="assina">Eder Cardozo Gomes</p>]]></Texto>
  </body>
</article></xml>