﻿<xml><article id="2903565" name="Retificação. 2018" idOficio="4772182" pubName="DO2" artType="Retificação" pubDate="02/05/2018" artClass="00017:00002:00016:00018:00000:00000:00000:00000:00000:00000:00032:00001" artCategory="Ministério da Saúde/Secretaria Executiva/Núcleo Estadual na Bahia/Serviço de Gestão Administrativa" artSize="8" artNotes="" numberPage="36" pdfPage="http://pesquisa.in.gov.br/imprensa/jsp/visualiza/index.jsp?data=02/05/2018&amp;jornal=529&amp;pagina=36" editionNumber="83" highlight="" idMateria="10718125">
  <body>
    <Identifica><![CDATA[ RETIFICAÇÃO]]></Identifica>
    <Data><![CDATA[]]></Data>
    <Ementa />
    <Titulo />
    <SubTitulo />
    <Texto><![CDATA[<p class="identifica">RETIFICAÇÃO</p><p>Na Portaria SEGAD/BA nº 372, de 26 de abril de 2018, publicada no Diário Oficial da União nº 82, de 30 de abril de 2018, Seção 2, página 50; onde se lê: ocupante do cargo efetivo de Enfermeiro; leia-se: ocupante do cargo efetivo de Engenheiro.</p>]]></Texto>
  </body>
</article></xml>