﻿<xml><article id="2901424" name="Portarias 30 de abril de 2018 - " idOficio="4771935" pubName="DO2" artType="Portaria" pubDate="02/05/2018" artClass="00011:00076:00006:00000:00000:00000:00000:00000:00000:00000:00025:00001" artCategory="Ministério da Educação/Instituto Federal de Educação, Ciência e Tecnologia do Rio Grande do Norte/Campus Currais Novos" artSize="24" artNotes="" numberPage="20" pdfPage="http://pesquisa.in.gov.br/imprensa/jsp/visualiza/index.jsp?data=02/05/2018&amp;jornal=529&amp;pagina=20" editionNumber="83" highlight="" idMateria="10717650">
  <body>
    <Identifica><![CDATA[ PORTARIAS DE 30 DE ABRIL DE 2018]]></Identifica>
    <Data><![CDATA[]]></Data>
    <Ementa />
    <Titulo />
    <SubTitulo />
    <Texto><![CDATA[<p class="identifica">PORTARIAS DE 30 DE ABRIL DE 2018</p><p>O DIRETOR-GERAL DO CAMPUS CURRAIS NOVOS DO INSTITUTO FEDERAL DE EDUCAÇÃO, CIÊNCIA E TECNOLOGIA DO RIO GRANDE DO NORTE, no uso de suas atribuições, delegadas através da Portaria nº. 1787/2013-Reitoria/IFRN, de 30 de dezembro de 2013, publicada no Diário Oficial da União de 03 de janeiro de 2014 e, considerando o que consta no Processo nº 23035.001332.2018-47, de 26 de abril de 2018, resolve:</p><p>Nº 118 - DISPENSAR, a pedido, a partir de 02 de maio de 2018, a servidora abaixo relacionada, pertencente ao Quadro Permanente deste Instituto Federal, do respectivo cargo de confiança, integrante da Estrutura Administrativa do Campus Currais Novos, para o qual foi designada por meio da Portaria nº 112/2017-DG/CN/IFRN, de 03 de março de 2017.</p><p></p><table><tr /><tr><td><p>SERVIDOR</p></td><td><p>CARGO DE CONFIANÇA</p></td></tr><tr><td><p><strong>MATRÍCULA SIAPE</strong></p></td><td><p><strong>NOME</strong></p></td><td><p><strong>CÓDIGO</strong></p></td><td><p><strong>DENOMINAÇÃO</strong></p></td><td><p><strong>VINCULAÇÃO</strong></p></td></tr><tr><td><p>1963562</p></td><td><p>Maria Luísa Rocha de Macedo</p></td><td><p>FG.2</p></td><td><p>Coordenador de Laboratórios</p></td><td><p>Direção-Geral</p></td></tr></table><p>O DIRETOR-GERAL DO CAMPUS CURRAIS NOVOS DO INSTITUTO FEDERAL DE EDUCAÇÃO, CIÊNCIA E TECNOLOGIA DO RIO GRANDE DO NORTE, no uso de suas atribuições, delegadas através da Portaria nº. 1787/2013-Reitoria/IFRN, de 30 de dezembro de 2013, publicada no Diário Oficial da União de 03 de janeiro de 2014 e, considerando o que consta no Processo nº 23035.001332.2018-47, de 26 de abril de 2018, resolve:</p><p>Nº 119 - DISPENSAR, a partir de 02 de maio de 2018, o servidor abaixo relacionado, pertencente ao Quadro Permanente deste Instituto Federal, do respectivo cargo de confiança, integrante da Estrutura Administrativa do Campus Currais Novos, para o qual foi designado por meio da Portaria nº 670/2016-DG/CN/IFRN, de 29 de dezembro de 2016.</p><p></p><table><tr /><tr><td><p>SERVIDOR</p></td><td><p>CARGO DE CONFIANÇA</p></td></tr><tr><td><p><strong>MATRÍCULA SIAPE</strong></p></td><td><p><strong>NOME</strong></p></td><td><p><strong>CÓDIGO</strong></p></td><td><p><strong>DENOMINAÇÃO</strong></p></td><td><p><strong>VINCULAÇÃO</strong></p></td></tr><tr><td><p>2146791</p></td><td><p>Daulton Ruan Rufino de Souza</p></td><td><p>FG.4</p></td><td><p>Coordenador de Comunicação Social e Eventos</p></td><td><p>Direção-Geral</p></td></tr></table><p>O DIRETOR-GERAL DO CAMPUS CURRAIS NOVOS DO INSTITUTO FEDERAL DE EDUCAÇÃO, CIÊNCIA E TECNOLOGIA DO RIO GRANDE DO NORTE, no uso de suas atribuições, delegadas através da Portaria nº. 1787/2013-Reitoria/IFRN, de 30 de dezembro de 2013, publicada no Diário Oficial da União de 03 de janeiro de 2014 e, considerando o que consta no Processo nº 23035.001332.2018-47, de 26 de abril de 2018, e considerando, ainda, a Portaria Nº 118/2018-DG/CN/RE/IFRN, de 30 de abril de 2018, resolve:</p><p>Nº 120 - DESIGNAR, a partir de 02 de maio de 2018, o servidor abaixo relacionado, pertencente ao Quadro Permanente deste Instituto Federal, para exercer o respectivo cargo de confiança, integrante da Estrutura Administrativa do Campus Currais Novos.</p><p></p><table><tr /><tr><td><p>SERVIDOR</p></td><td><p>CARGO DE CONFIANÇA</p></td></tr><tr><td><p><strong>MATRÍCULA SIAPE</strong></p></td><td><p><strong>NOME</strong></p></td><td><p><strong>CÓDIGO</strong></p></td><td><p><strong>DENOMINAÇÃO</strong></p></td><td><p><strong>VINCULAÇÃO</strong></p></td></tr><tr><td><p>2146791</p></td><td><p>Daulton Ruan Rufino de Souza</p></td><td><p>FG.2</p></td><td><p>Coordenador de Laboratórios</p></td><td><p>Direção-Geral</p></td></tr></table><p class="assina">ANDREILSON OLIVEIRA DA SILVA</p>]]></Texto>
  </body>
</article></xml>