﻿<xml><article id="2896191" name="Port. 329 - ATQ INT EC 47 - JOSE" idOficio="4771364" pubName="DO2" artType="Portaria" pubDate="02/05/2018" artClass="00011:00134:00001:00012:00007:00000:00000:00000:00000:00000:00025:00004" artCategory="Ministério da Educação/Universidade Federal de Santa Catarina/Reitoria/Pró-Reitoria de Desenvolvimento e Gestão de Pessoas/Departamento de Administração de Pessoal" artSize="8" artNotes="" numberPage="25" pdfPage="http://pesquisa.in.gov.br/imprensa/jsp/visualiza/index.jsp?data=02/05/2018&amp;jornal=529&amp;pagina=25" editionNumber="83" highlight="" idMateria="10716666">
  <body>
    <Identifica><![CDATA[ PORTARIA Nº 329, DE 27 DE ABRIL DE 2018]]></Identifica>
    <Data><![CDATA[]]></Data>
    <Ementa />
    <Titulo />
    <SubTitulo />
    <Texto><![CDATA[<p class="identifica">PORTARIA Nº 329, DE 27 DE ABRIL DE 2018</p><p>A Diretora do Departamento de Administração de Pessoal da Universidade Federal de Santa Catarina, no uso de suas atribuições, resolve:</p><p>Aposentar JOSE PAULO DA CUNHA, matrícula SIAPE 45575, código de vaga nº 15815, ocupante do cargo de TÉCNICO EM ASSUNTOS EDUCACIONAIS, nível de classificação E, nível de capacitação 4, padrão de vencimento 16, no regime de trabalho de 40 (quarenta) horas semanais, da carreira técnico-administrativa da Universidade Federal de Santa Catarina, nos termos do art. 3º, incisos I a III e parágrafo único da Emenda Constitucional nº 47 de 05 de julho de 2005, com proventos integrais, incorporando 18% (dezoito por cento) de adicional por tempo de. (Processo nº 23080.016685/2018-04)</p><p class="assina">Rita de Cássia Knabben</p>]]></Texto>
  </body>
</article></xml>