﻿<xml><article id="2898485" name="Portaria758" idOficio="4771705" pubName="DO2" artType="Portaria" pubDate="02/05/2018" artClass="00013:00001:00000:00000:00000:00000:00000:00000:00000:00000:00025:00001" artCategory="Ministério da Indústria, Comércio Exterior e Serviços/Gabinete do Ministro" artSize="8" artNotes="" numberPage="30" pdfPage="http://pesquisa.in.gov.br/imprensa/jsp/visualiza/index.jsp?data=02/05/2018&amp;jornal=529&amp;pagina=30" editionNumber="83" highlight="" idMateria="10717279">
  <body>
    <Identifica><![CDATA[ PORTARIA Nº 758-SEI, DE 27 DE ABRIL DE 2018]]></Identifica>
    <Data><![CDATA[]]></Data>
    <Ementa />
    <Titulo />
    <SubTitulo />
    <Texto><![CDATA[<p class="identifica">PORTARIA Nº 758-SEI, DE 27 DE ABRIL DE 2018</p><p>O MINISTRO DE ESTADO DA INDÚSTRIA, COMÉRCIO EXTERIOR E SERVIÇOS, no uso de suas atribuições constantes do inciso II do art. 87 da Constituição Federal e, em especial, a constante do Decreto n° 9.260, de 29 de dezembro de 2017, resolve:</p><p>Art. 1º Designar ALEXSANDRO MAIRINK HOFFMAN, Subsecretário de Informação e Gestão Estratégica, para, a partir da data de entrada em vigor desta Portaria, exercer, no âmbito deste Ministério, as atribuições estabelecidas no art. 40 da Lei n° 12.527, de 18 de novembro de 2011, que regula o acesso às informações, e no art. 67 do Decreto nº 7.724, de 16 de maio de 2012.</p><p>Art. 2º Revoga-se a Portaria nº 208, de 22 de agosto de 2016, publicada no Diário Oficial da União nº 162, de 23 de agosto de 2016.</p><p>Art. 3º Esta Portaria entra em vigor na data de sua publicação.</p><p class="assina">MARCOS JORGE</p>]]></Texto>
  </body>
</article></xml>