﻿<xml><article id="2896518" name="PORTARIA 162_27.04.2018_Francisc" idOficio="4771511" pubName="DO2" artType="Portaria" pubDate="02/05/2018" artClass="00038:00011:00001:00000:00000:00000:00000:00000:00000:00000:00001:00001" artCategory="Poder Judiciário/Tribunal Regional Federal da 5ª Região/Presidência" artSize="8" artNotes="" numberPage="64" pdfPage="http://pesquisa.in.gov.br/imprensa/jsp/visualiza/index.jsp?data=02/05/2018&amp;jornal=529&amp;pagina=64" editionNumber="83" highlight="" idMateria="10716910">
  <body>
    <Identifica><![CDATA[ PORTARIA Nº 162, DE 27 DE ABRIL DE 2018]]></Identifica>
    <Data><![CDATA[]]></Data>
    <Ementa />
    <Titulo />
    <SubTitulo />
    <Texto><![CDATA[<p></p><p class="identifica">PORTARIA Nº 162, DE 27 DE ABRIL DE 2018</p><p>O PRESIDENTE DO TRIBUNAL REGIONAL FEDERAL DA 5ª REGIÃO, no uso das atribuições que lhe confere o art. 16, inciso XXXII, do Regimento Interno, com fundamento no artigo 96, inciso I, alínea "b", da Constituição Federal, e tendo em vista o que consta nos autos do PA nº 0002163-30.2017.4.05.7000, "ad referendum" do E. Conselho de Administração deste Tribunal, resolve:</p><p>I - PRORROGAR, até 17/10/2018, a cessão da servidora FRANCISCA KETELLE MAIA, Técnica Judiciária - Área Administrativa, pertencente ao Quadro de Pessoal da Justiça Federal de Primeiro Grau da 5ª Região - Seção Judiciária do Estado do Ceará, ao Tribunal Regional do Trabalho da 22ª Região - Piauí, para continuar exercendo função comissionada, nos termos do art. 93, inciso I, da Lei nº 8.112/1990, e da Resolução nº 5/2008, do Conselho da Justiça Federal;</p><p>II - CONVALIDAR a cessão da referida servidora no período de 18/04/2018 até a data de publicação desta Portaria.</p><p></p><p class="assina">Des. MANOEL DE OLIVEIRA ERHARDT</p><p></p>]]></Texto>
  </body>
</article></xml>