﻿<xml><article id="2897864" name="PORTARIA Nº 1123.rtf 1123" idOficio="4771612" pubName="DO2" artType="Portaria" pubDate="02/05/2018" artClass="00031:00002:00658:04233:00000:00000:00000:00000:00000:00000:00025:00003" artCategory="Ministério dos Transportes, Portos e Aviação Civil/Secretaria Executiva/Subsecretaria de Assuntos Administrativos/Coordenação-Geral de Gestão de Pessoas" artSize="8" artNotes="" numberPage="51" pdfPage="http://pesquisa.in.gov.br/imprensa/jsp/visualiza/index.jsp?data=02/05/2018&amp;jornal=529&amp;pagina=51" editionNumber="83" highlight="" idMateria="10717122">
  <body>
    <Identifica><![CDATA[ PORTARIA Nº 1.123, DE 11 DE ABRIL DE 2018]]></Identifica>
    <Data><![CDATA[]]></Data>
    <Ementa />
    <Titulo />
    <SubTitulo />
    <Texto><![CDATA[<p class="identifica">PORTARIA Nº 1.123, DE 11 DE ABRIL DE 2018</p><p>O COORDENADOR-GERAL DE GESTÃO DE PESSOAS DO MINISTÉRIO DOS TRANSPORTES, PORTOS E AVIAÇÃO CIVIL, no uso das suas atribuições que lhe foram subdelegadas pela Portaria/SAAD n.º 202, artigo 1° inciso VII, de 08 de outubro de 2010, publicada no Diário Oficial da União, de 11 de outubro de 2010, resolve:</p><p>Retificar Portaria COGEP - MT nº 572, de 24 de fevereiro de 2017, publicada no Diário Oficial da União seção 2 pagina n°59 de 24 de março de 2017, referente à Elza Maria da Silva. Onde se lê, "combinado com Artigo 248 da Lei nº 8.112/90" leia -se "combinada com a Lei nº 6.782/80". (Processo SEI n° 50000.000301/2013-34) PR.</p><p class="assina">ROBSON DE SOUZA ANDRADE</p>]]></Texto>
  </body>
</article></xml>