﻿<xml><article id="2901387" name="ATO Portaria 1884" idOficio="4771952" pubName="DO2" artType="Portaria" pubDate="02/05/2018" artClass="00031:00024:00110:00000:00000:00000:00000:00000:00000:00000:00025:00001" artCategory="Ministério dos Transportes, Portos e Aviação Civil/Departamento Nacional de Infraestrutura de Transportes/Superintendência Regional em São Paulo" artSize="8" artNotes="" numberPage="53" pdfPage="http://pesquisa.in.gov.br/imprensa/jsp/visualiza/index.jsp?data=02/05/2018&amp;jornal=529&amp;pagina=53" editionNumber="83" highlight="" idMateria="10717664">
  <body>
    <Identifica><![CDATA[ Portaria Nº 1.884, DE 13 DE abril DE 2018]]></Identifica>
    <Data><![CDATA[]]></Data>
    <Ementa />
    <Titulo />
    <SubTitulo />
    <Texto><![CDATA[<p class="identifica">Portaria Nº 1.884, DE 13 DE abril DE 2018</p><p>O SUPERINTENDENTE REGIONAL NO ESTADO DE SÃO PAULO DO DEPARTAMENTO NACIONAL DE INFRAESTRUTURA DE TRANSPORTES - DNIT, em conformidade com as disposições estabelecidas pelo Decreto nº. 7.862/2012, de 08 de dezembro de 2012, Portaria nº. 08 GM/MP, de 07 de janeiro de 2013, e pela Orientação Normativa SEGEP nº. 01 de 10 de janeiro de 2013, resolve:</p><p>Art.1º - Tornar público que MAICON DOUGLAS DOS SANTOS MEIRA, CPF: 402.335.148-21, teve o pagamento do benefício de pensão suspenso por motivo de não atendimento à convocação e respectiva notificação para realizar o recadastramento anual, no mês do aniversário.</p><p>Art. 2º - O restabelecimento do pagamento do benefício de pensão fica condicionado ao recadastramento mediante comparecimento pessoal do interessado na Superintendência Regional do Estado de São Paulo, Serviço de Gestão de Pessoas, sito à Rua Ciro Soares de Almeida, nº 180, bairro Jardim Andaraí, CEP: 02167-000, São Paulo - SP, portando a documentação estabelecida nos arts.5º e 6º da ON SEGEP nº. 01, publicada no Diário Oficial da União de 14 de janeiro de 2013.</p><p>Art. 3º - O crédito do pagamento restabelecido será efetivado na primeira folha de pagamento disponível para inclusão.</p><p>Art. 4º - Na hipótese de moléstia grave ou de impossibilidade de locomoção do pensionista deverá ser solicitada visita pelo telefone (11) 3240-7900, para comprovação de vida do titular do benefício, ficando o pagamento restabelecido provisoriamente até que seja realizada a visita.</p><p>Art. 5º - Essa Portaria entra em vigor na data de sua publicação.</p><p class="assina">Roberto Menezes Ravagnani</p>]]></Texto>
  </body>
</article></xml>