﻿<xml><article id="2898449" name="PT20GUARULHOS" idOficio="4771703" pubName="DO2" artType="Portaria" pubDate="02/05/2018" artClass="00022:00029:00239:00011:00013:00000:00000:00000:00000:00000:00025:00007" artCategory="Ministério do Desenvolvimento Social/Instituto Nacional do Seguro Social/Superintendência-Regional Sudeste I em São Paulo/Gerência Executiva - B - Guarulhos/Seção Operacional da Gestão de Pessoas" artSize="8" artNotes="" numberPage="43" pdfPage="http://pesquisa.in.gov.br/imprensa/jsp/visualiza/index.jsp?data=02/05/2018&amp;jornal=529&amp;pagina=43" editionNumber="83" highlight="" idMateria="10717273">
  <body>
    <Identifica><![CDATA[ PORTARIA Nº 20,  DE 30 DE ABRIL DE 2018]]></Identifica>
    <Data><![CDATA[]]></Data>
    <Ementa />
    <Titulo />
    <SubTitulo />
    <Texto><![CDATA[<p class="identifica">PORTARIA Nº 20, DE 30 DE ABRIL DE 2018</p><p>A CHEFE DA SEÇÃO OPERACIONAL DA GESTÃO DE PESSOAS DA GERÊNCIA EXECUTIVA DO INSTITUTO NACIONAL DO SEGURO SOCIAL (INSS) EM GUARULHOS NO ESTADO DE SÃO PAULO, no uso das atribuições que lhe confere o artigo 235, inciso I alínea "e" do Regimento Interno do INSS, aprovado pela Portaria nº 414/MDS, de 28/09/2017, publicada no DOU nº 188-A, de 29/09/2017, resolve:</p><p>Conceder Aposentadoria Voluntária Integral a servidora Roseli Queiroz de Almeida, matrícula Siape 0942260, ocupante do cargo de Técnico do Seguro Social, Classe "S" Padrão IV, do quadro de pessoal do INSS, com fundamento no Artigo 3º da Emenda Constitucional nº 47/2005, acrescido das demais vantagens a que faz jus, observado o contido no Processo nº 35393.000034/2018-40, declarando, em consequência, o referido cargo vago.</p><p class="assina">Fernanda Andreia Carmona Rondon</p>]]></Texto>
  </body>
</article></xml>