﻿<xml><article id="2896182" name="Portarias - 584 a 591 de 27.04.2" idOficio="4771055" pubName="DO2" artType="Portaria" pubDate="02/05/2018" artClass="00011:00086:00001:00000:00000:00000:00000:00000:00000:00000:00025:00001" artCategory="Ministério da Educação/Instituto Federal de Educação, Ciência e Tecnologia do Sul de Minas Gerais/Reitoria" artSize="8" artNotes="" numberPage="21" pdfPage="http://pesquisa.in.gov.br/imprensa/jsp/visualiza/index.jsp?data=02/05/2018&amp;jornal=529&amp;pagina=21" editionNumber="83" highlight="" idMateria="10716168">
  <body>
    <Identifica><![CDATA[ PORTARIAS DE 27 DE ABRIL DE 2018]]></Identifica>
    <Data><![CDATA[]]></Data>
    <Ementa />
    <Titulo />
    <SubTitulo />
    <Texto><![CDATA[<p class="identifica">PORTARIAS DE 27 DE ABRIL DE 2018</p><p>O REITOR DO INSTITUTO FEDERAL DE EDUCAÇÃO, CIÊNCIA E TECNOLOGIA DO SUL DE MINAS GERAIS, nomeado pelo Decreto de 12.08.2014, publicado no DOU de 13/08/2014, seção 2, página 4, e em conformidade com a Lei 11.892/08, resolve:</p><p>Nº 584 - Exonerar a servidora MÁRCIA RODRIGUES MACHADO, Professor do Ensino Básico, Técnico e Tecnológico, Matrícula SIAPE 1220524, do cargo de PRÓ-REITORA DE ENSINO, Código CD-02, deste Instituto.</p><p>Nº 585 - Exonerar o servidor GIOVANE JOSÉ DA SILVA, Professor do Ensino Básico, Técnico e Tecnológico, Matrícula SIAPE 1906350, do cargo de DIRETOR DE ENSINO A DISTÂNCIA, Código CD-03, deste Instituto.</p><p>Nº 586 - Exonerar a servidora SÔNIA REGINA ALVIM NEGRETI, Pedagogo-Área, Matrícula SIAPE 1896186, do cargo de DIRETORA DE DESENVOLVIMENTO DE ENSINO, Código CD-03, deste Instituto.</p><p>Nº 587 - Nomear a servidora MÁRCIA RODRIGUES MACHADO, Professor do Ensino Básico, Técnico e Tecnológico, matrícula SIAPE 1220524, para exercer o cargo de DIRETORA DE DESENVOLVIMENTO DE ENSINO, código CD-03, deste Instituto - Reitoria.</p><p>Nº 588 - Nomear o servidor GIOVANE JOSÉ DA SILVA, Professor do Ensino Básico, Técnico e Tecnológico, matrícula SIAPE 1906350, para exercer o cargo de PRÓ-REITOR DE ENSINO, código CD-02, deste Instituto - Reitoria.</p><p>Nº 589 - Designar a servidora SÔNIA REGINA ALVIM NEGRETI, Pedagogo-Área, matrícula SIAPE 1896186, para exercer a função de COORDENADORA DE CONTROLE E REGISTROS ACADÊMICOS, Código FG-01, deste Instituto - Reitoria.</p><p>Nº 590 - Nomear o servidor AUGUSTO MÁRCIO DA SILVA JUNIOR, Professor do Ensino Básico, Técnico e Tecnológico, Matrícula SIAPE 3905864, para exercer o cargo de DIRETOR DE ENSINO A DISTÂNCIA, Código CD-03, deste Instituto.</p><p>Nº 591 - Nomear a servidora MÁRCIA RODRIGUES MACHADO, Professor do Ensino Básico, Técnico e Tecnológico, matrícula SIAPE 1220524, para exercer a função de SUBSTITUTA DO PRÓ-REITOR DE ENSINO, código CD-02, deste Instituto - Reitoria, nos impedimentos legais, temporários e eventuais.</p><p class="assina">MARCELO BREGAGNOLI</p>]]></Texto>
  </body>
</article></xml>