﻿<xml><article id="2896062" name="Portarias 1312-1313 e 1314 APOS" idOficio="4770910" pubName="DO2" artType="Portaria" pubDate="02/05/2018" artClass="00007:00003:00802:00406:00000:00000:00000:00000:00000:00000:00025:00001" artCategory="Ministério da Agricultura, Pecuária e Abastecimento/Secretaria Executiva/Departamento de Administração/Coordenação-Geral de Administração de Pessoas" artSize="8" artNotes="" numberPage="5" pdfPage="http://pesquisa.in.gov.br/imprensa/jsp/visualiza/index.jsp?data=02/05/2018&amp;jornal=529&amp;pagina=5" editionNumber="83" highlight="" idMateria="10715951">
  <body>
    <Identifica><![CDATA[ PORTARIAS DE 24 DE ABRIL DE 2018]]></Identifica>
    <Data><![CDATA[]]></Data>
    <Ementa />
    <Titulo />
    <SubTitulo />
    <Texto><![CDATA[<p class="identifica">PORTARIAS DE 24 DE ABRIL DE 2018</p><p>O COORDENADOR-GERAL DE ADMINISTRAÇÃO DE PESSOAS, DO MINISTÉRIO DA AGRICULTURA, PECUÁRIA E ABASTECIMENTO, no uso da competência que lhe foi atribuída pelo inciso IV, alínea "b", do artigo 292, da Portaria Ministerial nº 561, de 11 de abril de 2018, publicada no Diário Oficial do dia 13 seguinte, resolve:</p><p>Nº 1.312 - Conceder aposentadoria, com proventos integrais, ao servidor DANILO CASOTTI, matrícula SIAPE nº 688, ocupante do cargo de Auditor Fiscal Federal Agropecuário, classe S, padrão IV, do Quadro de Pessoal deste Ministério, com fundamento no artigo 3º, da Emenda Constitucional nº 47/2005 (Processo 21000.011034/2018-37).</p><p>Nº 1.313 - Conceder aposentadoria, com proventos integrais, ao servidor DIVINO JOSÉ DUARTE, matrícula SIAPE nº 1092, ocupante do cargo de Agente de Inspeção Sanitária e Industrial de Produtos de Origem Animal, classe S, padrão IV, do Quadro de Pessoal deste Ministério, com fundamento no artigo 3º, da Emenda Constitucional nº 47/2005 (Processo 21000.013508/2018-85).</p><p>Nº 1.314 - Conceder aposentadoria, com proventos integrais, ao servidor MANOEL FERREIRA DA SILVA FILHO, matrícula SIAPE nº 1369, ocupante do cargo de Agente de Vigilância, classe S, padrão III, do Quadro de Pessoal deste Ministério, com fundamento no artigo 3º, da Emenda Constitucional nº 47/2005 (Processo 21000.014299/2018-97).</p><p class="assina">GENILSON ANTONIO SECCHI DE AVILA</p>]]></Texto>
  </body>
</article></xml>