﻿<xml><article id="2900837" name="DOU 2-PR-1PT-290-UNI-31711_terc8" idOficio="4771879" pubName="DO2" artType="Portaria" pubDate="02/05/2018" artClass="00034:00007:00037:00000:00000:00000:00000:00000:00000:00000:00025:00006" artCategory="Ministério Público da União/Ministério Público Federal/Procuradoria da República no Estado do Paraná" artSize="8" artNotes="" numberPage="58" pdfPage="http://pesquisa.in.gov.br/imprensa/jsp/visualiza/index.jsp?data=02/05/2018&amp;jornal=529&amp;pagina=58" editionNumber="83" highlight="" idMateria="10717554">
  <body>
    <Identifica><![CDATA[ PORTARIA Nº 290, DE 26 DE ABRIL DE 2018]]></Identifica>
    <Data><![CDATA[]]></Data>
    <Ementa />
    <Titulo />
    <SubTitulo />
    <Texto><![CDATA[<p class="identifica">PORTARIA Nº 290, DE 26 DE ABRIL DE 2018</p><p>A PROCURADORA-CHEFE DA PROCURADORIA DA REPÚBLICA NO ESTADO DO PARANÁ, no uso das atribuições conferidas pelo art. 33 e incisos do Regimento Interno do Ministério Público Federal (aprovado pela Portaria SG/MPF Nº 382, de 05 de maio de 2015), resolve:</p><p>1-Exonerar SANDRA GARCIA DE ANDRADE MIYOSHI, matrícula 7700-3, Técnico do MPU/Administração, do cargo em comissão de Assessor Nível II, CC-2, do Gabinete do Dr. Luis Sérgio Langowski, da Procuradoria da República no Estado do Paraná.</p><p>2-Nomear LETICIA KUSTER PUPPI, matrícula 6231-6, Analista do MPU/Direito, para exercer o cargo em comissão de Assessor Nível II, CC-2, do Gabinete do Dr. Luis Sérgio Langowski, da Procuradoria da República no Estado do Paraná.</p><p class="assina">PAULA CRISTINA CONTI THA</p>]]></Texto>
  </body>
</article></xml>