﻿<xml><article id="2902703" name="Portaria 299 e 300" idOficio="4772073" pubName="DO2" artType="Portaria" pubDate="02/05/2018" artClass="00012:00059:00017:00000:00000:00000:00000:00000:00000:00000:00025:00002" artCategory="Ministério da Fazenda/Secretaria do Tesouro Nacional/Subsecretaria de Assuntos Corporativos" artSize="8" artNotes="" numberPage="30" pdfPage="http://pesquisa.in.gov.br/imprensa/jsp/visualiza/index.jsp?data=02/05/2018&amp;jornal=529&amp;pagina=30" editionNumber="83" highlight="" idMateria="10717941">
  <body>
    <Identifica><![CDATA[ PORTARIAS DE 30 DE ABRIL DE 2018]]></Identifica>
    <Data><![CDATA[]]></Data>
    <Ementa />
    <Titulo />
    <SubTitulo />
    <Texto><![CDATA[<p class="identifica">PORTARIAS DE 30 DE ABRIL DE 2018</p><p>O SUBSECRETÁRIO DE ASSUNTOS CORPORATIVOS DA SECRETARIA DO TESOURO NACIONAL, no uso da competência que lhe foi subdelegada no Art. 2º da Portaria STN nº 473, de 21 de agosto de 2013, publicada no DOU de 23 de agosto de 2013, resolve:</p><p>Nº 299 - Designar Rodrigo de Castro Luz, Auditor Federal de Finanças e Controle, Matrícula SIAPE nº 02268872, para exercer o encargo de Substituto Eventual do Gerente de Projeto da Gerência de Estudos Econômico-Fiscais, da Coordenação-Geral de Estudos Econômico-Fiscais, da Subsecretaria de Planejamento Estratégico da Política Fiscal, Código FCPE 101.1, em seus afastamentos ou impedimentos legais e eventuais.</p><p>Nº 300 - Dispensar, a contar de 23 de abril de 2018, JOÃO BOSCO AMARAL JÚNIOR, Auditor Federal de Finanças e Controle, Matrícula SIAPE nº 02112634, do encargo de Substituto Eventual do Gerente de Projeto da Gerência de Estudos Econômico-Fiscais, da Coordenação-Geral de Estudos Econômico-Fiscais, da Subsecretaria de Planejamento Estratégico da Política Fiscal, Código FCPE 101.1.</p><p class="assina">LÍSCIO FÁBIO DE BRASIL CAMARGO</p>]]></Texto>
  </body>
</article></xml>