﻿<xml><article id="2903256" name="PRT84SRTbSC2018__153334" idOficio="4772134" pubName="DO2" artType="Portaria" pubDate="02/05/2018" artClass="00027:00046:00000:00000:00000:00000:00000:00000:00000:00000:00025:00002" artCategory="Ministério do Trabalho/Superintendência Regional em Santa Catarina" artSize="8" artNotes="" numberPage="51" pdfPage="http://pesquisa.in.gov.br/imprensa/jsp/visualiza/index.jsp?data=02/05/2018&amp;jornal=529&amp;pagina=51" editionNumber="83" highlight="" idMateria="10718050">
  <body>
    <Identifica><![CDATA[ PORTARIA Nº 84, de 27 DE ABRIL DE 2018]]></Identifica>
    <Data><![CDATA[]]></Data>
    <Ementa />
    <Titulo />
    <SubTitulo />
    <Texto><![CDATA[<p class="identifica">PORTARIA Nº 84, de 27 DE ABRIL DE 2018</p><p>O SUPERINTENDENTE REGIONAL DO TRABALHO NO ESTADO DE SANTA CATARINA, no uso da competência que lhe foi Subdelegada pela alínea "b" do Inciso I do artigo 1º, da Portaria SE/MTE/Nº 473, de 24 de julho de 2008, publicada no Diário Oficial da União, de 25 de julho de 2008, e face o que consta no processo nº 46906.000006/2018-11, resolve:</p><p>Conceder aposentadoria voluntária por tempo de contribuição de acordo com o disposto nos artigos 3º, incisos I, II, da Emenda Constitucional nº 47/2005 e §18 do art. 40 da Constituição Federal, à servidora ZENI TEREZINHA HACK, matrícula SIAPE 0753845, classe "S", padrão III, Nível Intermediário, ocupante do cargo de Agente Administrativo, código 422203 da Carreira da Previdência, Saúde e Trabalho, do quadro permanente deste Ministério, com proventos mensais integrais e paridade correspondente ao vencimento básico do cargo efetivo e demais vantagens a que faz jus, declarando, em decorrência, a vacância da vaga nº 480447 do cargo acima mencionado.</p><p class="assina">CLEY CAPISTRANO MAIA DE LIMA</p>]]></Texto>
  </body>
</article></xml>