﻿<xml><article id="2899894" name="RICARDO CHALITA HITTI_PORTARIA-D" idOficio="4771732" pubName="DO2" artType="Portaria" pubDate="02/05/2018" artClass="00017:00002:00029:00108:00005:00000:00000:00000:00000:00000:00025:00001" artCategory="Ministério da Saúde/Secretaria Executiva/Núcleo Estadual no Rio de Janeiro/Divisão de Gestão Administrativa/Serviço de Pessoal Inativo" artSize="8" artNotes="" numberPage="37" pdfPage="http://pesquisa.in.gov.br/imprensa/jsp/visualiza/index.jsp?data=02/05/2018&amp;jornal=529&amp;pagina=37" editionNumber="83" highlight="" idMateria="10717349">
  <body>
    <Identifica><![CDATA[ PORTARIA  nº 545, de 27 de abril de 2018]]></Identifica>
    <Data><![CDATA[]]></Data>
    <Ementa />
    <Titulo />
    <SubTitulo />
    <Texto><![CDATA[<p></p><p class="identifica">PORTARIA nº 545, de 27 de abril de 2018</p><p>A Chefe da Divisão de Gestão Administrativa do Núcleo Estadual do Ministério da Saúde no Estado do Rio de Janeiro, no uso das atribuições conferidas pela PT/SAA/SE/MS nº 1.804 de 01.10.2013, publicada no Diário Oficial da União (DOU) nº 192 de 03.10.2013 e considerando o disposto no art.34 da Lei 8112 de 11/12/90, publicada no DOU nº 237 de 12/12/90 e o constante do processo nº 25001.002693/2018-23, resolve:</p><p>Exonerar a pedido, a contar de 01/04/2018, o servidor RICARDO CHALITA HITTI, matrícula SIAPE nº 0239246, Cargo: Enfermeiro, Classe e Padrão "S III", Código de Vaga: 100061, do Quadro de Pessoal Ativo deste Ministério.</p><p></p><p class="assina">Karina Ornelas dos Santos Latorraca</p>]]></Texto>
  </body>
</article></xml>