﻿<xml><article id="2900026" name="PORTARIA SE Nº 279" idOficio="4771740" pubName="DO2" artType="Portaria" pubDate="02/05/2018" artClass="00026:00002:00000:00000:00000:00000:00000:00000:00000:00000:00000:00005" artCategory="Ministério do Planejamento, Desenvolvimento e Gestão/Secretaria Executiva" artSize="8" artNotes="" numberPage="49" pdfPage="http://pesquisa.in.gov.br/imprensa/jsp/visualiza/index.jsp?data=02/05/2018&amp;jornal=529&amp;pagina=49" editionNumber="83" highlight="" idMateria="10717370">
  <body>
    <Identifica><![CDATA[ PORTARIA Nº 279, DE 27 DE ABRIL DE 2018]]></Identifica>
    <Data><![CDATA[]]></Data>
    <Ementa />
    <Titulo />
    <SubTitulo />
    <Texto><![CDATA[<p class="identifica">PORTARIA Nº 279, DE 27 DE ABRIL DE 2018</p><p>O SECRETÁRIO-EXECUTIVO SUBSTITUTO DO MINISTÉRIO DO PLANEJAMENTO, DESENVOLVIMENTO E GESTÃO, no uso da competência que lhe foi delegada pela Portaria MP nº 381, de 16 de novembro de 2017, publicada no Diário Oficial da União de 17 de novembro de 2017, em conformidade com o disposto no inciso I do art. 93 da Lei nº 8.112, de 11 de dezembro de 1990, com redação dada pelo art. 22 da Lei nº 8.270, de 17 de dezembro de 1991, no Decreto nº 9.144, de 22 de agosto de 2017, na Medida Provisória nº 817, de 4 de janeiro de 2018, na Orientação Normativa SEGEP/MP nº 4, de 12 de junho 2015, publicada no DOU de 15 de junho de 2015, e demais informações que constam do Processo nº 05210.000649/2018-14, resolve:</p><p>Art. 1º Ceder a servidora MARIÂNGELA NUNES DE MELO, matrícula SIAPE nº 1036509, oriunda do ex-Território Federal de Roraima, pertencente ao quadro em extinção da União, para o exercício da função comissionada, código FC-6, na Secretaria Judiciária do Tribunal Regional Eleitoral de Roraima.</p><p>Art. 2º O ônus pela remuneração é do órgão cedente.</p><p>Art. 3º A servidora deverá apresentar-se imediatamente ao órgão de origem ao término da cessão, observado o disposto nos arts. 4º e 6º da Orientação Normativa SEGEP nº 4, de 2015.</p><p>Art. 4º Esta Portaria entra em vigor na data de sua publicação.</p><p class="assina">WALTER BAERE DE ARAUJO FILHO</p>]]></Texto>
  </body>
</article></xml>