﻿<xml><article id="2968818" name="trt9a89-2018 DIDAF 60" idOficio="4770474" pubName="DO2" artType="Portaria" pubDate="07/05/2018" artClass="00038:00048:00001:00001:00017:00000:00000:00000:00000:00000:00025:00001" artCategory="Poder Judiciário/Tribunal Regional do Trabalho da 9ª Região/Tribunal Pleno/Presidência/Coordenadoria de Dados Funcionais" artSize="8" artNotes="" numberPage="82" pdfPage="http://pesquisa.in.gov.br/imprensa/jsp/visualiza/index.jsp?data=07/05/2018&amp;jornal=529&amp;pagina=82" editionNumber="86" highlight="" idMateria="10714529">
  <body>
    <Identifica><![CDATA[ PORTARIA   Nº 60, DE 27 DE ABRIL DE 2018 ]]></Identifica>
    <Data><![CDATA[]]></Data>
    <Ementa />
    <Titulo />
    <SubTitulo />
    <Texto><![CDATA[<p class="identifica">PORTARIA Nº 60, DE 27 DE ABRIL DE 2018</p><p>O CHEFE DA DIVISÃO DE DADOS FUNCIONAIS DO TRIBUNAL REGIONAL DO TRABALHO DA 9ª REGIÃO, usando de suas atribuições legais, e diante do disposto nos DES ADG 2661/2016 e DES GABSGP 1175/2016, resolve:</p><p>I - designar DANIEL AUGUSTO FIGUEIREDO DE CARVALHO, Analista Judiciário Área Judiciária, classe B, padrão 7, para EXERCER o Cargo em Comissão de Assistente de Diretor de Secretaria (c-9874), código TRT 9ª CJ-1, 05ª Vara do Trabalho de São José dos Pinhais, a partir da data da publicação, dispensando-o da Função Comissionada de Calculista (c-8619), código TRT 9ª FC-4, desta unidade, a partir da mesma data (Documento Eletrônico nº 1/2018); II - dispensar FÁTIMA TANEA HACK, Técnica Judiciária Área Administrativa, classe C, padrão 13, do Cargo em Comissão de Assistente de Diretor de Secretaria (c-9874), código TRT 9ª CJ-1, 05ª Vara do Trabalho de São José dos Pinhais, a partir da data de publicação (Documento Eletrônico nº 1/2018).</p><p class="assina">FERNANDO CESAR BELINCANTA</p><p></p>]]></Texto>
  </body>
</article></xml>