﻿<xml><article id="2896230" name="Port. APO - 2955" idOficio="4770602" pubName="DO2" artType="Portaria" pubDate="02/05/2018" artClass="00011:00119:00001:00001:00000:00000:00000:00000:00000:00000:00025:00004" artCategory="Ministério da Educação/Universidade Federal de Minas Gerais/Reitoria/Gabinete" artSize="8" artNotes="" numberPage="23" pdfPage="http://pesquisa.in.gov.br/imprensa/jsp/visualiza/index.jsp?data=02/05/2018&amp;jornal=529&amp;pagina=23" editionNumber="83" highlight="" idMateria="10714707">
  <body>
    <Identifica><![CDATA[ PORTARIA Nº 2.955, DE 25 DE ABRIL DE 2018]]></Identifica>
    <Data><![CDATA[]]></Data>
    <Ementa />
    <Titulo />
    <SubTitulo />
    <Texto><![CDATA[<p class="identifica">PORTARIA Nº 2.955, DE 25 DE ABRIL DE 2018</p><p>A Reitora da Universidade Federal de Minas Gerais, no uso de suas atribuições, resolve:</p><p>Nos termos do art. 3º, da EC nº 47/2005, aposentar NADIR AUGUSTA MAGESTE DE MELO, inscrição UFMG nº 107654, matrícula SIAPE nº 0323104, ocupante do cargo de Técnico em Contabilidade, Nível de Classificação D, Nível de Capacitação IV, Padrão de Vencimento 16, lotada na Faculdade de Ciências Econômicas, com proventos integrais, por ter provado contar 43 (quarenta e três) anos de contribuição.</p><p class="assina">SANDRA REGINA GOULART ALMEIDA</p>]]></Texto>
  </body>
</article></xml>