﻿<xml><article id="2901754" name="Portaria SG 341 e 344" idOficio="4771963" pubName="DO2" artType="Portaria" pubDate="02/05/2018" artClass="00034:00010:00002:00012:00000:00000:00000:00000:00000:00000:00025:00001" artCategory="Ministério Público da União/Ministério Público do Distrito Federal e Territórios/Procuradoria-Geral de Justiça/Secretaria-Geral" artSize="8" artNotes="" numberPage="59" pdfPage="http://pesquisa.in.gov.br/imprensa/jsp/visualiza/index.jsp?data=02/05/2018&amp;jornal=529&amp;pagina=59" editionNumber="83" highlight="" idMateria="10717726">
  <body>
    <Identifica><![CDATA[ PORTARIAS DE 27 DE ABRIL DE 2018]]></Identifica>
    <Data><![CDATA[]]></Data>
    <Ementa />
    <Titulo />
    <SubTitulo />
    <Texto><![CDATA[<p class="identifica">PORTARIAS DE 27 DE ABRIL DE 2018</p><p>O SECRETÁRIO-GERAL DO MINISTÉRIO PÚBLICO DO DISTRITO FEDERAL E TERRITÓRIOS, nomeado pela Portaria nº 75/PGJ, de 19/1/2015, no uso da competência que lhe foi delegada pela Portaria nº 1.160/PGJ, de 06/09/2010, publicada no Diário Oficial da União de 10/09/2010, resolve:</p><p>Nº 341 - Designar a servidora STELLA ALVES CORREA, matrícula 5324-4, Analista do MPU/Direito da carreira do Ministério Público da União, para substituir, no período de 21/5 a 1/6/2018, o cargo em comissão de Assessor Chefe de Gabinete de Promotoria I da 02a. P.J. Especial Criminal e de Defesa da Mulher em Situação de Violência Doméstica e Familiar da Coordenadoria das Promotorias de Justiça de Sobradinho, código CC-01 (88001025) (Tabularium nº 08191.043757/2018-37).</p><p>Nº 344 - Designar, a contar de 2/5/2018, a servidora MARCIA RAQUEL LIMA AVENA CAIXETA, matrícula 4738-4, Técnico do MPU/Administração da carreira do Ministério Público da União, para exercer a função de confiança de Auxiliar Técnico da Chefia de Gabinete da Coordenadoria do Gabinete do Coordenador Administrativo da Coordenadoria das Promotorias de Justiça de Águas Claras, código FC-01 (96001022), dispensando, em consequência, o servidor JORGE JOSE PEREIRA PINTO, matrícula 5196-9 (Tabularium nº 08191.042036/2018-18).</p><p class="assina">WAGNER DE CASTRO ARAÚJO</p>]]></Texto>
  </body>
</article></xml>