﻿<xml><article id="2900846" name="DOU 2-PRR4-1PT-62-UNI-7982_terc8" idOficio="4771879" pubName="DO2" artType="Portaria" pubDate="02/05/2018" artClass="00034:00007:00020:00000:00000:00000:00000:00000:00000:00000:00025:00011" artCategory="Ministério Público da União/Ministério Público Federal/Procuradoria Regional da República da 4ª Região" artSize="8" artNotes="" numberPage="57" pdfPage="http://pesquisa.in.gov.br/imprensa/jsp/visualiza/index.jsp?data=02/05/2018&amp;jornal=529&amp;pagina=57" editionNumber="83" highlight="" idMateria="10717559">
  <body>
    <Identifica><![CDATA[ PORTARIA Nº 62, DE 27 DE ABRIL DE 2018]]></Identifica>
    <Data><![CDATA[]]></Data>
    <Ementa />
    <Titulo />
    <SubTitulo />
    <Texto><![CDATA[<p class="identifica">PORTARIA Nº 62, DE 27 DE ABRIL DE 2018</p><p>O PROCURADOR REGIONAL DA REPÚBLICA, CHEFE DA PROCURADORIA REGIONAL DA REPÚBLICA DA 4ª REGIÃO, no uso das atribuições que lhe conferem a Portaria SG/MPF nº 382, de 5 de maio de 2015, e a Portaria PGR nº 1.036, de 27 de setembro de 2017, resolve:</p><p>Designar a servidora CAROLINE SILVEIRA COSTA GUIMARÃES, ocupante do cargo de Analista do MPU/Direito, matrícula nº 13.204-7, para a função de confiança de Secretário Nível II, FC-02, do gabinete da Procuradora Regional da República Carmem Elisa Hessel, dispensando, em consequência, da função de confiança Secretário Nível II, FC-02, do gabinete da Procuradora Regional da República Solange Mendes de Souza.</p><p class="assina">CARLOS AUGUSTO DA SILVA CAZARRÉ</p>]]></Texto>
  </body>
</article></xml>