﻿<xml><article id="2900176" name="PTS23E24MARILIA" idOficio="4771774" pubName="DO2" artType="Portaria" pubDate="02/05/2018" artClass="00022:00029:00239:00013:00019:00000:00000:00000:00000:00000:00025:00001" artCategory="Ministério do Desenvolvimento Social/Instituto Nacional do Seguro Social/Superintendência-Regional Sudeste I em São Paulo/Gerência-Executiva - B - Marília/Seção Operacional da Gestão de Pessoas" artSize="8" artNotes="" numberPage="43" pdfPage="http://pesquisa.in.gov.br/imprensa/jsp/visualiza/index.jsp?data=02/05/2018&amp;jornal=529&amp;pagina=43" editionNumber="83" highlight="" idMateria="10717390">
  <body>
    <Identifica><![CDATA[ PORTARIA Nº 23, de 19 de Abril de 2018]]></Identifica>
    <Data><![CDATA[]]></Data>
    <Ementa />
    <Titulo />
    <SubTitulo />
    <Texto><![CDATA[<p class="identifica">PORTARIA Nº 23, de 19 de Abril de 2018</p><p>A Chefe da Seção Operacional da Gestão de Pessoas da Gerência Executiva do INSS em Marília, no uso das atribuições estabelecidas no artigo 235, inciso I, do Regimento Interno do INSS, aprovado pela PORTARIA Nº 414, publicada no DOU de 29/09/2017 e tendo em vista o que consta do processo nº 37357.000083/2018-44, RESOLVE:</p><p>Conceder aposentadoria voluntária integral à servidora Lucieli Aparecida Ribeiro, matrícula SIAPE nº 0934075, ocupante do cargo de Técnico do Seguro Social, classe S, padrão IV, do quadro de pessoal do Instituto Nacional do Seguro Social, com fundamento no artigo 3° da Emenda Constitucional n° 47, publicada em 06/07/2005, com proventos calculados com base na última remuneração da servidora. Em consequência, declarar vago o referido cargo.</p><p class="assina">GERALDA ROQUE</p><p>PORTARIA Nº 24, de 27 de Abril de 2018</p><p>A Chefe da Seção Operacional da Gestão de Pessoas da Gerência Executiva do INSS em Marília, no uso das atribuições estabelecidas no artigo 235, inciso I, do Regimento Interno do INSS, aprovado pela PORTARIA Nº 414, publicada no DOU de 29/09/2017 e tendo em vista o que consta do processo nº 35416.007838/2017-83, RESOLVE:</p><p>Conceder aposentadoria voluntária integral à servidora Maria Madalena Belleze, matrícula SIAPE nº 0938448, ocupante do cargo de Técnico do Seguro Social, classe S, padrão IV, do quadro de pessoal do Instituto Nacional do Seguro Social, com fundamento no artigo 3° da Emenda Constitucional n° 47, publicada em 06/07/2005, com proventos calculados com base na última remuneração da servidora. Em consequência, declarar vago o referido cargo.</p><p class="assina">GERALDA ROQUE</p>]]></Texto>
  </body>
</article></xml>