﻿<xml><article id="2896254" name="Port. nº 0586-2018" idOficio="4770953" pubName="DO2" artType="Portaria" pubDate="02/05/2018" artClass="00039:00041:00000:00000:00000:00000:00000:00000:00000:00000:00025:00001" artCategory="Entidades de Fiscalização do Exercício das Profissões Liberais/Conselho Federal de Enfermagem" artSize="8" artNotes="" numberPage="70" pdfPage="http://pesquisa.in.gov.br/imprensa/jsp/visualiza/index.jsp?data=02/05/2018&amp;jornal=529&amp;pagina=70" editionNumber="83" highlight="" idMateria="10716021">
  <body>
    <Identifica><![CDATA[ PORTARIA   Nº 586, DE 27 DE ABRIL DE 2018]]></Identifica>
    <Data><![CDATA[]]></Data>
    <Ementa />
    <Titulo />
    <SubTitulo />
    <Texto><![CDATA[<p class="identifica">PORTARIA Nº 586, DE 27 DE ABRIL DE 2018</p><p>O Presidente do Conselho Federal de Enfermagem - Cofen, em conjunto com o Primeiro-Secretário da Autarquia, no uso de suas atribuições legais e regimentais conferidas na Lei nº 5.905 de 12 de julho de 1973, bem como pelo Regimento Interno da Autarquia, aprovado pela Resolução Cofen nº. 421, de 15 de fevereiro de 2012;</p><p>CONSIDERANDO a Decisão Cofen nº 20/2018;</p><p>CONSIDERANDO a Resolução Cofen nº 566/2018, assinada em 26 de janeiro de 2018, que atualiza o Organograma do Conselho Federal de Enfermagem;</p><p>CONSIDERANDO demais deliberações da Presidência, baixam a seguinte determinação:</p><p>Art. 1º Nomear o Enfermeiro, Dr. Walkírio Costa Almeida, Coren-PA nº 54944-ENF e CPF nº 306.115.712-34, para ocupar o Cargo de Assessor Analista II - Chefe do Departamento de Gestão do Exercício Profissional do Cofen.</p><p>Art. 2º Esta Portaria entra em vigor na data de 2 de maio de 2018, revogando o parágrafo único do art. 1º da Portaria Cofen nº 0103/2018.</p><p>Art. 3º Dê ciência e cumpra-se.</p><p></p><p class="assina">MANOEL CARLOS N. DA SILVA</p><p class="cargo">Presidente</p><p class="assina">LAURO CESAR DE MORAIS</p><p class="cargo">Primeiro-Secretário</p>]]></Texto>
  </body>
</article></xml>