﻿<xml><article id="2900843" name="DOU 2-AL-1PT-11-UNI-9786_terc813" idOficio="4771879" pubName="DO2" artType="Portaria" pubDate="02/05/2018" artClass="00034:00007:00023:00000:00000:00000:00000:00000:00000:00000:00025:00002" artCategory="Ministério Público da União/Ministério Público Federal/Procuradoria da República no Estado de Alagoas" artSize="8" artNotes="" numberPage="57" pdfPage="http://pesquisa.in.gov.br/imprensa/jsp/visualiza/index.jsp?data=02/05/2018&amp;jornal=529&amp;pagina=57" editionNumber="83" highlight="" idMateria="10717550">
  <body>
    <Identifica><![CDATA[ PORTARIA Nº 11, DE 25 DE ABRIL DE 2018]]></Identifica>
    <Data><![CDATA[]]></Data>
    <Ementa />
    <Titulo />
    <SubTitulo />
    <Texto><![CDATA[<p class="identifica">PORTARIA Nº 11, DE 25 DE ABRIL DE 2018</p><p>O PROCURADOR-CHEFE DA PROCURADORIA DA REPÚBLICA NO ESTADO DE ALAGOAS, no uso da competência que lhe foi delegada pelo artigo 56, inciso VI, do Regimento Interno Diretivo do Ministério Público Federal, aprovado pela Portaria PGR nº 357, de 05 de maio de 2015, resolve:</p><p>Art. 1º - Dispensar a servidora Aline Lopes Moreira, Técnico do MPU/Administração, matrícula Nº. 16.865, da Função de Confiança de Coordenador de PRM - Nível I, código FC-3, da Procuradoria da República no Município de Arapiraca/Santana do Ipanema.</p><p>Art. 2º - Designar o servidor Guilherme Lira Felipe, Técnico do MPU/Administração, matrícula Nº. 26218, para exercer a Função de Confiança de Coordenador de PRM - Nível I, código FC-3, da Procuradoria da República no Município de Arapiraca/Santana do Ipanema.</p><p class="assina">MARCIAL DUARTE COELHO</p>]]></Texto>
  </body>
</article></xml>