﻿<xml><article id="2898356" name="Nº 1135 JOANA MARIA" idOficio="4771702" pubName="DO2" artType="Portaria" pubDate="02/05/2018" artClass="00031:00002:00658:04233:00000:00000:00000:00000:00000:00000:00025:00004" artCategory="Ministério dos Transportes, Portos e Aviação Civil/Secretaria Executiva/Subsecretaria de Assuntos Administrativos/Coordenação-Geral de Gestão de Pessoas" artSize="8" artNotes="" numberPage="52" pdfPage="http://pesquisa.in.gov.br/imprensa/jsp/visualiza/index.jsp?data=02/05/2018&amp;jornal=529&amp;pagina=52" editionNumber="83" highlight="" idMateria="10717262">
  <body>
    <Identifica><![CDATA[ Portaria Nº 1.135, DE 12 DE abril DE 2018]]></Identifica>
    <Data><![CDATA[]]></Data>
    <Ementa />
    <Titulo />
    <SubTitulo />
    <Texto><![CDATA[<p class="identifica">Portaria Nº 1.135, DE 12 DE abril DE 2018</p><p>O COORDENADOR-GERAL DE GESTÃO DE PESSOAS DO MINISTÉRIO DOS TRANSPORTES, PORTOS E AVIAÇÃO CIVIL, no uso das atribuições que lhe foram subdelegadas pela Portaria/SAAD nº. 202, art. 1°, inciso VII, de 08 de outubro de 2010, publicada no Diário Oficial da União, de 11 de outubro de 2010, resolve:</p><p>Conceder Pensão, nos termos do artigo 217, inciso I, e do artigo 222, inciso VII, alínea b, item 6 da Lei 8.112/1990, com as alterações feitas pela Lei nº 13.135/2015 e do artigo 40, § 7º da C.F. de 1988, com redação dada pela EC nº. 41/2003, bem como os artigos 2° e 15º da Lei nº. 10.887/2004, à JOANA MARIA DA FONSECA VILLAR, viúva do ex-servidor SEBASTIÃO VILLAR, matrícula SIAPE Nº. 0855783, originário do Extinto Departamento Nacional de Estradas de Rodagem, falecido na inatividade em 02 de março de 2018, cuja cota parte equivale a 100% (cem por cento) do valor correspondente à remuneração decorrente do cargo de Auxiliar Operacional de Serviços Diversos (NI) Classe "C", Padrão V, com vigência a partir de 02 de março de 2018, data do óbito do instituidor. (Processo SEI nº 50000.011684/2018-81) SP.</p><p class="assina">ROBSON DE SOUZA ANDRADE</p>]]></Texto>
  </body>
</article></xml>