﻿<xml><article id="2902208" name="ATO PORTARIA Nº 479" idOficio="4772008" pubName="DO2" artType="Portaria" pubDate="02/05/2018" artClass="00011:00042:00000:00000:00000:00000:00000:00000:00000:00000:00025:00001" artCategory="Ministério da Educação/Fundação Universidade Federal de Sergipe" artSize="8" artNotes="" numberPage="15" pdfPage="http://pesquisa.in.gov.br/imprensa/jsp/visualiza/index.jsp?data=02/05/2018&amp;jornal=529&amp;pagina=15" editionNumber="83" highlight="" idMateria="10717784">
  <body>
    <Identifica><![CDATA[ PORTARIA N° 479, DE 23 DE ABRIL DE 2018]]></Identifica>
    <Data><![CDATA[]]></Data>
    <Ementa />
    <Titulo />
    <SubTitulo />
    <Texto><![CDATA[<p class="identifica">PORTARIA N° 479, DE 23 DE ABRIL DE 2018</p><p>O REITOR DA UNIVERSIDADE FEDERAL DE SERGIPE, no uso de suas atribuições legais e considerando: o que consta no MEM. ELETRÔNICO nº 45/18/POSGRAP, de 28/03/2018; resolve:</p><p>Art. 1º - Retificar o artigo 1º da Portaria nº 377/UFS, de 02/03/2017, que designou, durante o período de 23/01/2017 a 22/01/2019, a Professora do Magistério Superior, Classe Adjunto, Nível 02, MARTHA SUZANA CABRAL NUNES, matrícula SIAPE nº 2101193, lotada no Departamento de Ciência da Informação do Centro de Ciências Sociais Aplicadas - DCI/CCSA, em regime de trabalho de Dedicação Exclusiva, para exercer a Função de Coordenadora do Programa de Pós-Graduação em Ciência da Informação - PPGCI/POSGRAP, onde se lê: "(...), para exercer a Função de Coordenadora do Programa de Pós-Graduação em Ciência da Informação - PPGCI/POSGRAP, (...)", leia-se: "(...), para exercer a Função de Coordenadora do Programa de Pós-Graduação em Ciência da Informação - PPGCI/POSGRAP, fazendo jus a Função Comissionada de Coordenação de Curso - FCC, a partir de 01/04/2018, (...)", ficando ratificados os demais termos.</p><p>Art. 2º - Esta Portaria entra em vigor nesta data, devendo ser publicada no Diário Oficial da União.</p><p class="assina">Angelo Roberto Antoniolli</p>]]></Texto>
  </body>
</article></xml>