﻿<xml><article id="2898359" name="Nº 1249 GENELISA" idOficio="4771702" pubName="DO2" artType="Portaria" pubDate="02/05/2018" artClass="00031:00002:00658:04233:00000:00000:00000:00000:00000:00000:00025:00012" artCategory="Ministério dos Transportes, Portos e Aviação Civil/Secretaria Executiva/Subsecretaria de Assuntos Administrativos/Coordenação-Geral de Gestão de Pessoas" artSize="8" artNotes="" numberPage="52" pdfPage="http://pesquisa.in.gov.br/imprensa/jsp/visualiza/index.jsp?data=02/05/2018&amp;jornal=529&amp;pagina=52" editionNumber="83" highlight="" idMateria="10717268">
  <body>
    <Identifica><![CDATA[ Portaria Nº 1.249, DE 26 DE abril DE 2018]]></Identifica>
    <Data><![CDATA[]]></Data>
    <Ementa />
    <Titulo />
    <SubTitulo />
    <Texto><![CDATA[<p class="identifica">Portaria Nº 1.249, DE 26 DE abril DE 2018</p><p>O COORDENADOR-GERAL DE GESTÃO DE PESSOAS DO MINISTÉRIO DOS TRANSPORTES, PORTOS E AVIAÇÃO CIVIL, no uso das atribuições que lhe foram subdelegadas pela Portaria/SAAD nº. 202, art. 1°, inciso VII, de 08 de outubro de 2010, publicada no Diário Oficial da União, de 11 de outubro de 2010, resolve:</p><p>Conceder Pensão, nos termos do artigo 217, inciso I, e do artigo 222, inciso VII, alínea b, item 6 da Lei 8.112/1990, com as alterações feitas pela Lei nº 13.135/2015 e do artigo 40, § 7º da C.F. de 1988, com redação dada pela EC nº. 41/2003, bem como os artigos 2° e 15º da Lei nº. 10.887/2004, à GENELISA VIANA CORDEIRO, viúva do ex-servidor JAIR FREITAS CORDEIRO, matrícula SIAPE Nº. 0790600, do Quadro Permanente deste Ministério, falecido na inatividade em 10 de abril 2018, cuja cota parte equivale a 100% (cem por cento) do valor correspondente à remuneração decorrente do cargo de Arquivista (NS) Classe "C", Padrão IV, com vigência a partir de 10 de abril 2018, data do óbito do ex-servidor. (Processo SEI nº 50000.013987/2018-38) DF.</p><p class="assina">ROBSON DE SOUZA ANDRADE</p>]]></Texto>
  </body>
</article></xml>