﻿<xml><article id="2915218" name="ATO_133_2018 - CHEFIA - Redistri" idOficio="4772105" pubName="DO2" artType="Ato" pubDate="03/05/2018" artClass="00038:00052:00000:00000:00000:00000:00000:00000:00000:00000:00001:00002" artCategory="Poder Judiciário/Tribunal Regional do Trabalho da 13ª Região" artSize="8" artNotes="" numberPage="63" pdfPage="http://pesquisa.in.gov.br/imprensa/jsp/visualiza/index.jsp?data=03/05/2018&amp;jornal=529&amp;pagina=63" editionNumber="84" highlight="" idMateria="10717991">
  <body>
    <Identifica><![CDATA[  ATO  Nº 133, de 30 de abril de 2018]]></Identifica>
    <Data><![CDATA[]]></Data>
    <Ementa />
    <Titulo />
    <SubTitulo />
    <Texto><![CDATA[<p class="identifica">ATO Nº 133, de 30 de abril de 2018</p><p>O DESEMBARGADOR VICE-PRESIDENTE NO EXERCÍCIO DA PRESIDÊNCIA DO TRIBUNAL REGIONAL DO TRABALHO DA DÉCIMA TERCEIRA REGIÃO, no uso de suas atribuições legais e regimentais e tendo em vista o constante da Resolução Administrativa n. 033/2018 (Processo Administrativo: 13318.00.41.2018.5.13.0000), resolve:</p><p>Redistribuir, ex officio, um cargo efetivo vago de Técnico Judiciário, Área Administrativa - Sem Especialidade, do Quadro Permanente de Pessoal deste Regional para o Quadro Permanente de Pessoal do Tribunal Regional do Trabalho da 8ª Região, com respaldo no art. 37 da Lei n. 8.112/90, com redação da Lei n. 9.527/97, na forma regulamentada pela Resolução n. 146/2012, do Conselho Nacional de Justiça - CNJ, tendo por reciprocidade a redistribuição do cargo efetivo ocupado pelo servidor ANTONY CÂNDIDO NEVES DA SILVA NETO, de Técnico Judiciário, Área Administrativa - Sem Especialidade, do Quadro Permanente de Pessoal do Tribunal Regional do Trabalho da 8ª Região para o Quadro Permanente de Pessoal do Tribunal Regional do Trabalho da 13ª Região, com efeitos a contar de 03.05.2018. Dê-se ciência. Publique-se no DOU.</p><p></p><p class="assina">WOLNEY DE MACEDO CORDEIRO</p><p></p>]]></Texto>
  </body>
</article></xml>