﻿<xml><article id="2902961" name="DOU 2-SGMPF-PT-266-UNI-221621_CR" idOficio="4772087" pubName="DO2" artType="Portaria" pubDate="02/05/2018" artClass="00034:00007:00003:00000:00000:00000:00000:00000:00000:00000:00025:00011" artCategory="Ministério Público da União/Ministério Público Federal/Secretaria-Geral" artSize="8" artNotes="" numberPage="56" pdfPage="http://pesquisa.in.gov.br/imprensa/jsp/visualiza/index.jsp?data=02/05/2018&amp;jornal=529&amp;pagina=56" editionNumber="83" highlight="" idMateria="10718006">
  <body>
    <Identifica><![CDATA[ PORTARIA N° 266, DE 26 DE MARÇO DE 2018]]></Identifica>
    <Data><![CDATA[]]></Data>
    <Ementa />
    <Titulo />
    <SubTitulo />
    <Texto><![CDATA[<p class="identifica">PORTARIA N° 266, DE 26 DE MARÇO DE 2018</p><p>O SECRETÁRIO-GERAL DO MINISTÉRIO PÚBLICO FEDERAL, no uso das atribuições que lhe confere o artigo 6º - inciso XXXII do Regimento Interno Administrativo do Ministério Público Federal, aprovado pela Portaria SG/MPF n.º 382, de 05/05/2015, e tendo em vista o que consta do Procedimento de Gestão Administrativa PGEA n.º 1.00.000.003664/2018-11 resolve:</p><p>Art. 1º Conceder aposentadoria voluntária, com proventos integrais, à servidora MARIA LIDUÍNA JERÔNIMO ARAÚJO, matrícula n.º 6226, Técnico do MPU/Apoio Técnico-Administrativo/Segurança Institucional e Transporte, Código TC 010108, Classe C, Padrão 13, da Carreira de Técnico do Ministério Público da União, com fundamento no artigo 3º - incisos I - II - III e parágrafo único, da Emenda Constitucional nº 47, de 05/07/2005, combinado com o artigo 7º da Emenda Constitucional nº 41, de 19/12/2003, em consonância com o artigo 186 - inciso III - alínea a da Lei nº 8.112, de 11/12/1990, aplicando-se a vantagem do artigo 62-A, da mesma Lei, acrescido pelo art. 3º da Medida Provisória n.º 2.225-45, de 04/09/2001, publicada no DOU de 05/09/2001, e a vantagem do art. 2º da Lei nº 8.911/1994, em consonância com o Acórdão nº 2076/2005 - Plenário - Tribunal de Contas da União.</p><p>Art. 2º Declarar vago o referido cargo.</p><p>Art. 3º Esta portaria entra em vigor na data de sua publicação.</p><p class="assina">ALEXANDRE CAMANHO DE ASSIS</p>]]></Texto>
  </body>
</article></xml>