﻿<xml><article id="2897515" name="Port 34 IIR Ten Cel Refm JULIO C" idOficio="4771567" pubName="DO2" artType="Ato Concessório" pubDate="02/05/2018" artClass="00010:00008:00009:00116:00000:00000:00000:00000:00000:00000:00003:00002" artCategory="Ministério da Defesa/Comando do Exército/Comando Militar do Norte/8ª Região Militar" artSize="8" artNotes="" numberPage="9" pdfPage="http://pesquisa.in.gov.br/imprensa/jsp/visualiza/index.jsp?data=02/05/2018&amp;jornal=529&amp;pagina=9" editionNumber="83" highlight="" idMateria="10717062">
  <body>
    <Identifica><![CDATA[  PORTARIA Nº 34-SSIP.Refm, de 18 de abril de 2018]]></Identifica>
    <Data><![CDATA[]]></Data>
    <Ementa />
    <Titulo />
    <SubTitulo />
    <Texto><![CDATA[<p class="identifica">PORTARIA Nº 34-SSIP.Refm, de 18 de abril de 2018</p><p>O COMANDANTE DA 8ª REGIÃO MILITAR, no uso das atribuições que lhe foram subdelegadas pelo Chefe do Departamento-Geral de Pessoal do Exército na Portaria nº 169, de 17 de agosto de 2015, publicada no Boletim do Exército nº 34, de 21 de agosto de 2015, resolve: Conceder, ao Tenente Coronel Reformado (Idt 100313910-0 EB/MD) JULIO CESAR ABOUD NAGEM, a contar de 14 de março de 2016, o benefício previsto na Lei nº 7.713/88, de 22 de dezembro de 1988, alterada pelas Leis nº 8.541/92, de 23 de dezembro de 1992, nº 9.250/95, de 26 de dezembro de 1995, nº 11.052/04, de 29 de dezembro de 2004; e de acordo com a homologação do Parecer Técnico nº 104/2017, de 19 de dezembro de 2017, do Chefe da Seção de Saúde Regional da 8ª Região Militar.</p><p class="assina">Gen Div ANISIO DAVID DE OLIVEIRA JUNIOR</p>]]></Texto>
  </body>
</article></xml>