﻿<xml><article id="2901802" name="Por314DF" idOficio="4771987" pubName="DO2" artType="Portaria" pubDate="02/05/2018" artClass="00021:00016:00000:00000:00000:00000:00000:00000:00000:00000:00025:00002" artCategory="Ministério de Minas e Energia/Departamento Nacional de Produção Mineral" artSize="8" artNotes="" numberPage="41" pdfPage="http://pesquisa.in.gov.br/imprensa/jsp/visualiza/index.jsp?data=02/05/2018&amp;jornal=529&amp;pagina=41" editionNumber="83" highlight="" idMateria="10717740">
  <body>
    <Identifica><![CDATA[ Portaria Nº 314, DE 23 DE abril DE 2018]]></Identifica>
    <Data><![CDATA[]]></Data>
    <Ementa />
    <Titulo />
    <SubTitulo />
    <Texto><![CDATA[<p class="identifica">Portaria Nº 314, DE 23 DE abril DE 2018</p><p>O DIRETOR-GERAL DO DEPARTAMENTO NACIONAL DE PRODUÇÃO MINERAL-DNPM, no uso das atribuições que lhe confere o artigo 17, do Decreto nº 7.092, de 02 de fevereiro de 2010 e Portaria nº 247, de 08 de abril de 2011 resolve:</p><p>Art. 1 º Demitir o empregado público MARCOS ANTÔNIO ROSA, SIAPE nº 1951355, oriundo da CRVD - Companhia Vale do Rio Doce, lotado na Superintendência do DNPM no Estado de Minas Gerais, a partir do dia 25 de julho de 2017 (Processos SEI Nº 48403.701003/2017-12).</p><p class="assina">Victor Hugo Froner Bicca</p>]]></Texto>
  </body>
</article></xml>