﻿<xml><article id="2895656" name="ato PORTARIA Nº 119" idOficio="4769471" pubName="DO2" artType="Portaria" pubDate="02/05/2018" artClass="00038:00049:00001:00000:00000:00000:00000:00000:00000:00000:00025:00001" artCategory="Poder Judiciário/Tribunal Regional do Trabalho da 10ª Região/Presidência" artSize="8" artNotes="" numberPage="68" pdfPage="http://pesquisa.in.gov.br/imprensa/jsp/visualiza/index.jsp?data=02/05/2018&amp;jornal=529&amp;pagina=68" editionNumber="83" highlight="" idMateria="10713029">
  <body>
    <Identifica><![CDATA[ PORTARIA Nº 119, DE 26 DE ABRIL DE 2018]]></Identifica>
    <Data><![CDATA[]]></Data>
    <Ementa />
    <Titulo />
    <SubTitulo />
    <Texto><![CDATA[<p></p><p class="identifica">PORTARIA Nº 119, DE 26 DE ABRIL DE 2018</p><p>A DESEMBARGADORA PRESIDENTE DO TRIBUNAL REGIONAL DO TRABALHO DA DÉCIMA REGIÃO, no uso de suas atribuições legais e regimentais, tendo em vista o contido no Processo Administrativo SEI n.º 15.0.000002520-5, resolve:</p><p>Redistribuir, a partir de 2/5/2018, para o Quadro de Pessoal do Tribunal de Justiça do Distrito Federal e dos Territórios, ante a concordância manifestada por aquela Corte, o cargo vago efetivo de Técnico Judiciário, Área Administrativa, do Quadro de Pessoal do TRT da 10ª Região, oriundo de exoneração ocorrida em 20/3/2017, com fundamento no art. 37, da Lei n.º 8.112/1990, com redação dada pela Lei n.º 9.527/1997, e na Resolução Administrativa n.º 084/2010, do TRT da 10ª Região, em reciprocidade com o cargo de Técnico Judiciário, Área Apoio Especializado, Especialidade Taquigrafia, ocupado pela servidora SANDRA REGINA MONTEIRO MENDES, daquele Tribunal.</p><p class="assina">Des. MARIA REGINA MACHADO GUIMARÃES</p>]]></Texto>
  </body>
</article></xml>