﻿<xml><article id="2895440" name="PT25PIRACICABA" idOficio="4769865" pubName="DO2" artType="Portaria" pubDate="02/05/2018" artClass="00022:00029:00239:00015:00020:00000:00000:00000:00000:00000:00025:00001" artCategory="Ministério do Desenvolvimento Social/Instituto Nacional do Seguro Social/Superintendência-Regional Sudeste I em São Paulo/Gerência Executiva - B - Piracicaba/Seção Operacional da Gestão de Pessoas" artSize="8" artNotes="" numberPage="43" pdfPage="http://pesquisa.in.gov.br/imprensa/jsp/visualiza/index.jsp?data=02/05/2018&amp;jornal=529&amp;pagina=43" editionNumber="83" highlight="" idMateria="10713580">
  <body>
    <Identifica><![CDATA[ Portaria nº 25, de 27 de abril de 2018]]></Identifica>
    <Data><![CDATA[]]></Data>
    <Ementa />
    <Titulo />
    <SubTitulo />
    <Texto><![CDATA[<p class="identifica">Portaria nº 25, de 27 de abril de 2018</p><p>A CHEFE DE SEÇÃO OPERACIONAL DA GESTÃO DE PESSOAS DA GERÊNCIA EXECUTIVA EM PIRACICABA/SP, no uso das atribuições estabelecidas no Artigo 235, inciso I, alínea b do Regimento Interno aprovado pela Portaria MDS nº 414 de 28/09/2017, publicado no Diário Oficial da União nº 188-A de 29 de Setembro de 2017, e tendo em vista o que consta do processo nº. 35408.000195/2018-13, resolve:</p><p>1- Conceder aposentadoria voluntária para a servidora ELODI APARECIDA SILMANN HUBNER, matrícula 0942796, ocupante do cargo de Técnico do Seguro Social, Classe S, Padrão IV, do quadro de pessoal do Instituto Nacional do Seguro Social, com fundamento no artigo 3º da Emenda Constitucional nº. 47/2005, com os proventos integrais, acrescidos das demais vantagens a que faz jus.</p><p>2- Declarar vago o referido cargo.</p><p class="assina">Celia Regina Dorante Banchi</p>]]></Texto>
  </body>
</article></xml>