﻿<xml><article id="2898029" name="Portaria_94_Dispensar_Carlos Est" idOficio="4771636" pubName="DO2" artType="Portaria" pubDate="02/05/2018" artClass="00011:00015:00001:00000:00000:00000:00000:00000:00000:00000:00025:00004" artCategory="Ministério da Educação/Fundação Coordenação de Aperfeiçoamento de Pessoal de Nível Superior/Gabinete" artSize="8" artNotes="" numberPage="11" pdfPage="http://pesquisa.in.gov.br/imprensa/jsp/visualiza/index.jsp?data=02/05/2018&amp;jornal=529&amp;pagina=11" editionNumber="83" highlight="" idMateria="10717160">
  <body>
    <Identifica><![CDATA[ PORTARIA Nº 94, DE 27 DE ABRIL DE 2018]]></Identifica>
    <Data><![CDATA[]]></Data>
    <Ementa />
    <Titulo />
    <SubTitulo />
    <Texto><![CDATA[<p class="identifica">PORTARIA Nº 94, DE 27 DE ABRIL DE 2018</p><p>O PRESIDENTE DA COORDENAÇÃO DE APERFEIÇOAMENTO DE PESSOAL DE NÍVEL SUPERIOR - CAPES, no uso das atribuições que lhe são conferidas pela Portaria MEC nº 1.015, de 16 de outubro de 2015, publicada no Diário Oficial da União de 19 de outubro de 2015, pelo Decreto nº 8.977, de 30 de janeiro de 2017, publicado no Diário Oficial da União de 31 de janeiro de 2017, pela Portaria CAPES nº 105, de 25 de maio de 2017, publicada no Diário Oficial da União de 26 de maio de 2017, bem como pela Portaria CAPES nº 146, de 24 de julho de 2017, publicada no Diário Oficial da União de 25 de julho de 2017, resolve:</p><p>Dispensar, CARLOS ESTEVAM MARCOLINI REZENDE, SIAPE 1741437, do encargo de substituto eventual do cargo de Coordenador, FCPE 101.3, da Coordenação de Programas, Cursos e Formação em Ensino a Distância - CPCF, da Coordenação-Geral de Programas e Cursos em Ensino a Distância, da Diretoria de Educação a Distância, a contar de 25 de abril de 2018, conforme processo 23038.018420/2017-77.</p><p class="assina">ABILIO A. BAETA NEVES</p>]]></Texto>
  </body>
</article></xml>