﻿<xml><article id="2898833" name="2018-04-30/4771723/TCUWS_1071733" idOficio="4771723" pubName="DO2" artType="Portaria" pubDate="02/05/2018" artClass="00035:00008:00002:00002:00000:00000:00000:00000:00000:00000:00025:00001" artCategory="Tribunal de Contas da União/Secretaria-Geral de Administração/Secretaria de Gestão de Pessoas/Diretoria de Legislação de Pessoal" artSize="8" artNotes="" numberPage="60" pdfPage="http://pesquisa.in.gov.br/imprensa/jsp/visualiza/index.jsp?data=02/05/2018&amp;jornal=529&amp;pagina=60" editionNumber="83" highlight="" idMateria="10717337">
  <body>
    <Identifica><![CDATA[ PORTARIA Nº 127, DE 30 DE ABRIL DE 2018 ]]></Identifica>
    <Data><![CDATA[]]></Data>
    <Ementa />
    <Titulo />
    <SubTitulo />
    <Texto><![CDATA[<p class="identifica">PORTARIA Nº 127, DE 30 DE ABRIL DE 2018</p><p>O DIRETOR DE LEGISLAÇÃO DE PESSOAL DO TRIBUNAL DE CONTAS DA UNIÃO, no uso das atribuições que lhe confere o disposto no inciso I, do art. 13 da Portaria n° 21, de 09 de fevereiro de 2018, do Secretário de Gestão de Pessoas deste Tribunal, resolve:</p><p>Art. 1º Dispensar, no interesse da administração, a contar de 02 de maio de 2018, ADRIANO DE SOUSA MALTAROLLO, Matrícula 3391-0, AUFC, da função de confiança de Assessor, código FC-3, exercida na Assessoria da Secretaria de Controle Externo no Estado do Rio Grande do Norte/SEGECEX.</p><p class="assina">CÍCERO MEDEIROS DE ALENCAR</p>]]></Texto>
  </body>
</article></xml>