﻿<xml><article id="2895632" name="PT 41 SOGP SÃO PAULO NORTE - DIA" idOficio="4770411" pubName="DO2" artType="Portaria" pubDate="02/05/2018" artClass="00022:00029:00239:00024:00013:00000:00000:00000:00000:00000:00025:00002" artCategory="Ministério do Desenvolvimento Social/Instituto Nacional do Seguro Social/Superintendência-Regional Sudeste I em São Paulo/Gerência Executiva - B - São Paulo-Norte/Seção Operacional da Gestão de Pessoas" artSize="8" artNotes="" numberPage="43" pdfPage="http://pesquisa.in.gov.br/imprensa/jsp/visualiza/index.jsp?data=02/05/2018&amp;jornal=529&amp;pagina=43" editionNumber="83" highlight="" idMateria="10714429">
  <body>
    <Identifica><![CDATA[ PORTARIA Nº 41, DE 27 DE ABRIL DE 2018]]></Identifica>
    <Data><![CDATA[]]></Data>
    <Ementa />
    <Titulo />
    <SubTitulo />
    <Texto><![CDATA[<p class="identifica">PORTARIA Nº 41, DE 27 DE ABRIL DE 2018</p><p>O CHEFE DA SEÇÃO OPERACIONAL DA GESTÃO DE PESSOAS DA GERÊNCIA EXECUTIVA SÃO PAULO NORTE/SP, no uso das atribuições que lhe confere o art. 235 do Regimento Interno do INSS, aprovado pela Portaria/MDS nº 414, de 28.09.2017, publicada no DOU Edição Extra nº 188-A, de 29.09.2017, que aprova o Regimento Interno do INSS, resolve:</p><p>Conceder aposentadoria voluntária proporcional ao servidor CELSO LUIZ ORSI, matrícula n° 0.934.490 CPF nº 812.122.678-34, ocupante do cargo de TÉCNICO DO SEGURO SOCIAL, classe S, padrão IV, do quadro de pessoal do INSS, com fundamento no Artigo 3º da Emenda Constitucional nº 47, de 05 de Julho de 2005, observado o contido no Processo nº 35460.000118/2018-32. Em conseqüência, declarar vago o referido cargo.</p><p class="assina">RAIMUNDO NONATO ALVES FAGUNDES</p>]]></Texto>
  </body>
</article></xml>