﻿<xml><article id="2903583" name="Port_5.043_2018_DIR" idOficio="4772184" pubName="DO2" artType="Portaria" pubDate="02/05/2018" artClass="00021:00003:00325:00000:00000:00000:00000:00000:00000:00000:00025:00003" artCategory="Ministério de Minas e Energia/Agência Nacional de Energia Elétrica/Diretoria/ANEEL" artSize="8" artNotes="" numberPage="40" pdfPage="http://pesquisa.in.gov.br/imprensa/jsp/visualiza/index.jsp?data=02/05/2018&amp;jornal=529&amp;pagina=40" editionNumber="83" highlight="" idMateria="10718129">
  <body>
    <Identifica><![CDATA[ PORTARIA Nº 5.043, DE 24 DE ABRIL DE 2018]]></Identifica>
    <Data><![CDATA[]]></Data>
    <Ementa />
    <Titulo />
    <SubTitulo />
    <Texto><![CDATA[<p class="identifica">PORTARIA Nº 5.043, DE 24 DE ABRIL DE 2018</p><p>O DIRETOR-GERAL DA AGÊNCIA NACIONAL DE ENERGIA ELÉTRICA - ANEEL, no uso de suas atribuições regimentais, de acordo com deliberação da Diretoria, com base no disposto no art. 16º do Regimento Interno da ANEEL e o que consta no Processo nº 48500.004055/2004-72, resolve:</p><p>Art. 1º Prorrogar, até 14 de agosto de 2018, os prazos previstos nos arts. 3º e 6º da Portaria n° 3.523, de 29 de abril de 2015, publicada na seção 2, p. 52, v. 56, n.84 do Diário Oficial do dia 6 de maio de 2015.</p><p>Art. 2º Esta Portaria entra em vigor na data de sua publicação.</p><p class="assina">ROMEU DONIZETE RUFINO</p>]]></Texto>
  </body>
</article></xml>