﻿<xml><article id="2896188" name="Portarias Nº 839; 840; 841; 842;" idOficio="4771329" pubName="DO2" artType="Portaria" pubDate="02/05/2018" artClass="00011:00089:00001:00000:00000:00000:00000:00000:00000:00000:00025:00001" artCategory="Ministério da Educação/Instituto Federal de Educação, Ciência e Tecnologia do Triângulo Mineiro/Reitoria" artSize="8" artNotes="" numberPage="21" pdfPage="http://pesquisa.in.gov.br/imprensa/jsp/visualiza/index.jsp?data=02/05/2018&amp;jornal=529&amp;pagina=21" editionNumber="83" highlight="" idMateria="10716621">
  <body>
    <Identifica><![CDATA[ PORTARIAS DE 26 DE ABRIL DE 2018]]></Identifica>
    <Data><![CDATA[]]></Data>
    <Ementa />
    <Titulo />
    <SubTitulo />
    <Texto><![CDATA[<p class="identifica">PORTARIAS DE 26 DE ABRIL DE 2018</p><p>O Substituto do Reitor do Instituto Federal de Educação, Ciência e Tecnologia do Triângulo Mineiro, no uso de suas atribuições legais, conferida pela Portaria IFTM nº 284 de 17/02/2017, publicada no DOU de 24/02/2017, e Lei nº 11.892 de 29/12/2008, publicada no DOU de 30/12/2008, resolve:</p><p>Nº 839 - I - Exonerar, a partir de 01/05/2018, o(a) servidor(a) ANA PAULA PEREIRA DA SILVA - Engenheiro Agrônomo, matrícula SIAPE nº 1102009, do cargo de Substituto(a) do(a) Coordenador(a) Geral de Pesquisa, Pós-Graduação e Produção, Código CD-04, do IFTM - Campus Uberlândia.</p><p>Nº 840 - I - Nomear, a partir de 01/05/2018, o(a) servidor(a) WILSON JOAQUIM BOITRAGO - Técnico em Agropecuária, matrícula SIAPE nº 1099119, para o cargo de Substituto(a) do(a) Coordenador(a) Geral de Pesquisa, Pós-Graduação e Produção, Código CD-04, do IFTM - Campus Uberlândia.</p><p>Nº 841 - I - Dispensar, a partir de 01/05/2018, o(a) servidor(a) JOSE FLAVIO DOS REIS - Técnico em Agropecuária, matrícula SIAPE nº 1099040, da função de Coordenador(a) de Mecanização e Apoio a Produção, Código FG-05, do IFTM - Campus Uberlândia.</p><p>Nº 842 - I - Designar, a partir de 01/05/2018, o(a) servidor(a) CELSO MOREIRA GARCIA - Operador de Máquinas Agrícolas, matrícula SIAPE nº 1217015, para função de Coordenador(a) de Mecanização e Apoio a Produção, Código FG-05, do IFTM - Campus Uberlândia.</p><p>Nº 847 - I - Exonerar, a partir de 23/04/2018, o(a) servidor(a) MARLUCIO ANSELMO ALVES - Professor EBTT, matrícula SIAPE nº 1140241, do cargo de Coordenador(a) Geral de Ensino, Pesquisa e Extensão, Código CD-04, do IFTM - Campus Patrocínio.</p><p>Nº 848 - I - Exonerar, a partir de 16/04/2018, o(a) servidor(a) ANA ISA MARQUEZ ROCHA MACHADO - Professor EBTT, matrícula SIAPE nº 1055235, do cargo de Substituto(a) do(a) Coordenador(a) Geral de Ensino, Código CD-04, do IFTM - Campus Uberaba.</p><p>Nº 850 - I - Dispensar, a partir de 01/05/2018, o(a) servidor(a) JAQUELINE UEHARA DIAS FERREIRA - Auxiliar em Administração, matrícula SIAPE nº 2182596, da função de Secretário(a) da Direção Geral, Código FG-01, do IFTM - Campus Uberlândia.</p><p>Nº 851 - I - Designar, a partir de 01/05/2018, o(a) servidor(a) ANA CLARA SANTOS RIFF- Auxiliar de Biblioteca, matrícula SIAPE nº 1603709, para a função de Secretário(a) da Direção Geral, Código FG-01, do IFTM - Campus Uberlândia.</p><p>Nº 852 - I - Dispensar, a partir de 01/05/2018, o(a) servidor(a) RICARDO ROBERTO DE ANDRADE - Técnico em Arquivo, matrícula SIAPE nº 2310188, da função de Secretário(a) do Gabinete, Código FG-05, do IFTM - Campus Uberlândia.</p><p>Nº 853 - I - Designar, a partir de 01/05/2018, o(a) servidor(a) HELIO GOMES FONSECA - Operador de Máquinas Agrícolas, matrícula SIAPE nº 1216703, para a função de Secretário(a) do Gabinete, Código FG-05, do IFTM - Campus Uberlândia.</p><p>Estas Portarias entram em vigor nesta data.</p><p class="assina">José Antônio Bessa</p>]]></Texto>
  </body>
</article></xml>