﻿<xml><article id="2902151" name="P4RF271a280" idOficio="4772036" pubName="DO2" artType="Portaria" pubDate="02/05/2018" artClass="00012:00055:00096:00000:00000:00000:00000:00000:00000:00000:00025:00002" artCategory="Ministério da Fazenda/Secretaria da Receita Federal do Brasil/Superintendência Regional da 4ª Região Fiscal" artSize="8" artNotes="" numberPage="29" pdfPage="http://pesquisa.in.gov.br/imprensa/jsp/visualiza/index.jsp?data=02/05/2018&amp;jornal=529&amp;pagina=29" editionNumber="83" highlight="" idMateria="10717829">
  <body>
    <Identifica><![CDATA[ PORTARIAS   DE 27 DE ABRIL DE 2018]]></Identifica>
    <Data><![CDATA[]]></Data>
    <Ementa />
    <Titulo />
    <SubTitulo />
    <Texto><![CDATA[<p></p><p class="identifica">PORTARIAS DE 27 DE ABRIL DE 2018</p><p>O SUPERINTENDENTE SUBSTITUTO DA RECEITA FEDERAL DO BRASIL NA 4ª REGIÃO FISCAL, no uso da atribuição que lhe confere o inciso II do art. 2º da Portaria RFB nº 4.338, de 09.09.2005, publicada no DOU de 12.09.2005, e tendo em vista a Portaria RFB nº 4.071, de 02.05.2007, publicada na edição extra do DOU de 02.05.2007, resolve:</p><p>Nº 271 - Dispensar, a pedido, a Analista-Tributário da Receita Federal do Brasil WALERIA MARIA MAXIMINO PESSOA, matrícula SIAPEcad nº 15622, da Função Comissionada do Poder Executivo de Chefe da Divisão de Gestão de Pessoas - Digep da Superintendência Regional da Receita Federal do Brasil na 4ª Região Fiscal, código FCPE-101.2.</p><p>Nº 272 - Dispensar o Analista-Tributário da Receita Federal do Brasil FÁBIO DE CARVALHO GUIMARÃES, matrícula SIAPEcad nº 14525, da Função Comissionada do Poder Executivo de Chefe da Divisão de Tecnologia e Segurança da Informação - Ditec da Superintendência Regional da Receita Federal do Brasil na 4ª Região Fiscal, código FCPE-101.2.</p><p>Nº 273 - Designar o Analista-Tributário da Receita Federal do Brasil FÁBIO DE CARVALHO GUIMARÃES, matrícula SIAPEcad nº 14525, para exercer a Função Comissionada do Poder Executivo de Chefe da Divisão de Gestão de Pessoas - Digep da Superintendência Regional da Receita Federal do Brasil na 4ª Região Fiscal, código FCPE-101.2.</p><p>Nº 274 - Dispensar a Analista-Tributário da Receita Federal do Brasil NATÉRCIA SIMPLÍCIO DA SILVA, matrícula SIAPEcad nº 16197, do encargo de substituta eventual da Função Comissionada do Poder Executivo de Chefe da Divisão de Tecnologia e Segurança da Informação - Ditec da Superintendência Regional da Receita Federal do Brasil na 4ª Região Fiscal, código FCPE-101.2.</p><p>Nº 275 - Dispensar a Analista-Tributário da Receita Federal do Brasil NATÉRCIA SIMPLÍCIO DA SILVA, matrícula SIAPEcad nº 16197, da Função Comissionada do Poder Executivo de Chefe do Serviço de Tecnologia e Segurança da Informação - Setec da Superintendência Regional da Receita Federal do Brasil na 4ª Região Fiscal, código FCPE-101.1.</p><p>Nº 276 - Designar a Analista-Tributário da Receita Federal do Brasil NATÉRCIA SIMPLÍCIO DA SILVA, matrícula SIAPEcad nº 16197, para exercer a Função Comissionada do Poder Executivo de Chefe da Divisão de Tecnologia e Segurança da Informação - Ditec da Superintendência Regional da Receita Federal do Brasil na 4ª Região Fiscal, código FCPE-101.2.</p><p>Nº 277 - Dispensar a Analista-Tributário da Receita Federal do Brasil FLÁVIA ANDREA BARBOZA DE OLIVEIRA, matrícula SIAPEcad nº 1131108, do encargo de substituta eventual da Função Comissionada do Poder Executivo de Chefe do Serviço de Tecnologia e Segurança da Informação - Setec da Superintendência Regional da Receita Federal do Brasil na 4ª Região Fiscal, código FCPE-101.1.</p><p>Nº 278 - Dispensar a Analista-Tributário da Receita Federal do Brasil FLÁVIA ANDREA BARBOZA DE OLIVEIRA, matrícula SIAPEcad nº 1131108, da Função Gratificada de Chefe da Seção de Gestão Regional do Ambiente Informatizado - Sainf da Superintendência Regional da Receita Federal do Brasil na 4ª Região Fiscal, código FG-1.</p><p>Nº 279 - Designar a Analista-Tributário da Receita Federal do Brasil FLÁVIA ANDREA BARBOZA DE OLIVEIRA, matrícula SIAPEcad nº 1131108, para exercer a Função Comissionada do Poder Executivo de Chefe do Serviço de Tecnologia e Segurança da Informação - Setec da Superintendência Regional da Receita Federal do Brasil na 4ª Região Fiscal, código FCPE-101.1.</p><p>Nº 280 - Designar a Analista-Tributário da Receita Federal do Brasil FLÁVIA ANDREA BARBOZA DE OLIVEIRA, matrícula SIAPEcad nº 1131108, para exercer o encargo de substituta eventual da Função Comissionada do Poder Executivo de Chefe da Divisão de Tecnologia e Segurança da Informação - Ditec da Superintendência Regional da Receita Federal do Brasil na 4ª Região Fiscal, código FCPE-101.2.</p><p class="assina">JOSÉ HONORATO DE SOUZA</p>]]></Texto>
  </body>
</article></xml>