﻿<xml><article id="2902220" name="ATO PORTARIA Nº 504" idOficio="4772008" pubName="DO2" artType="Portaria" pubDate="02/05/2018" artClass="00011:00042:00000:00000:00000:00000:00000:00000:00000:00000:00025:00013" artCategory="Ministério da Educação/Fundação Universidade Federal de Sergipe" artSize="8" artNotes="" numberPage="16" pdfPage="http://pesquisa.in.gov.br/imprensa/jsp/visualiza/index.jsp?data=02/05/2018&amp;jornal=529&amp;pagina=16" editionNumber="83" highlight="" idMateria="10717796">
  <body>
    <Identifica><![CDATA[ PORTARIA Nº 504, DE 26 DE ABRIL DE 2018]]></Identifica>
    <Data><![CDATA[]]></Data>
    <Ementa />
    <Titulo />
    <SubTitulo />
    <Texto><![CDATA[<p class="identifica">PORTARIA Nº 504, DE 26 DE ABRIL DE 2018</p><p>O REITOR DA UNIVERSIDADE FEDERAL DE SERGIPE, no uso de suas atribuições legais e; considerando o disposto no Decreto n.º 1.387 de 07/02/95 e na portaria n.º 404 de 23/04/2009 do Ministério de Estado da Educação, considerando a Portaria n.º 891 de 25/05/2017 do Gabinete do Reitor, considerando o que consta no processo n.º 23113.017057/2018-11, resolve:</p><p>Art. 1o- Autorizar o afastamento do país do servidor CARLOS REBELO JÚNIOR, Professor Adjunto, 01, matrícula SIAPE n.º 426663, lotado no Departamento de Direito do Centro de Ciências Sociais Aplicadas, para apresentar trabalho na VIII Jornada Internacional Derecho y Justicia, na cidade de Buenos Aires, Argentina, pelo período de 27/04/2018 a 06/05/2018, trânsito incluso, com ônus limitado para UFS.</p><p>Art. 2o- Esta Portaria entra em vigor nesta data, devendo ser publicada no Diário Oficial da União.</p><p class="assina">Angelo Roberto Antoniolli</p>]]></Texto>
  </body>
</article></xml>