﻿<xml><article id="2897936" name="suspensão abril2018" idOficio="4771626" pubName="DO2" artType="Portaria" pubDate="02/05/2018" artClass="00007:00003:00076:00000:00000:00000:00000:00000:00000:00000:00025:00001" artCategory="Ministério da Agricultura, Pecuária e Abastecimento/Secretaria Executiva/Superintendência Federal no Estado de São Paulo" artSize="8" artNotes="" numberPage="5" pdfPage="http://pesquisa.in.gov.br/imprensa/jsp/visualiza/index.jsp?data=02/05/2018&amp;jornal=529&amp;pagina=5" editionNumber="83" highlight="" idMateria="10717145">
  <body>
    <Identifica><![CDATA[ PORTARIA Nº 206, de 30 DE ABRIL DE   2018]]></Identifica>
    <Data><![CDATA[]]></Data>
    <Ementa />
    <Titulo />
    <SubTitulo />
    <Texto><![CDATA[<p class="identifica">PORTARIA Nº 206, de 30 DE ABRIL DE 2018</p><p>O SUPERINTENDENTE FEDERAL DE AGRICULTURA, PECUÁRIA E ABASTECIMENTO NO ESTADO DE SÃO PAULO, em conformidade com as disposições estabelecidas pelo Decreto nº 7.862 de 08 de dezembro de 2012, Portaria nº 08 GM/MP, de 07 de janeiro de 2013 e pela Orientação Normativa SEGEP nº 01 de 10 de janeiro de 2013, resolve:</p><p>Art. 1º - Tornar publica a relação dos aposentados e/ou pensionista que terão o pagamento do provento e/ou beneficio de pensão suspenso por motivo de não recadastramento anual, no Mês de aniversario:</p><p></p><table><tr /><tr><td><p>JANEIRO/2018 - SUSPENSÃO FOLHA DE PAGTO MAIO</p></td></tr><tr><td><p>CPF</p></td><td><p>NOME</p></td><td><p>SITUAÇÃO</p></td></tr><tr><td><p>071.989.968-09</p></td><td><p>GLAUCO JOSE NOGUEIRA</p></td><td><p>Pensionista</p></td></tr><tr><td><p>730.666.728-91</p></td><td><p>MARIA HELENA ALVES DA CHAGAS</p></td><td><p>Pensionista</p></td></tr></table><p>Art. 2º - O restabelecimento fica condicionado ao recadastramento mediante ao comparecimento pessoal do interessado na Superintendência Federal de Agricultura em São Paulo.Serviço de Gestão de Pessoas, sita a Rua Treze de Maio, 1558 - 8º andar, Bela Vista - SP, CEP. 13027.002, portando a documentação estabelecida nos Arts. 5º e 6º da ON SEGEP nº 01, publicado no DOU de 14/01/2013.</p><p>Art.3º - O credito do pagamento restabelecido será efetivado na primeira folha de pagamento disponível para inclusão.</p><p>Art. 4º - Na hipótese de moléstia grave ou de impossibilidade de locomoção do aposentado e/ou pensionista deverá ser solicitada a visita pelo telefone (11) 3288-8718, para comprovação de vida do titular do beneficio, ficando o pagamento restabelecido provisoriamente até que seja realizada a visita</p><p>Art.5º - Essa Portaria entra em vigor na data de sua publicação.</p><p class="assina">ANDREA FIGUEIREDO PROCÓPIO DE MOURA</p><p class="cargo">Substituta</p>]]></Texto>
  </body>
</article></xml>