﻿<xml><article id="2898527" name="PT28SGPADM" idOficio="4771712" pubName="DO2" artType="Portaria" pubDate="02/05/2018" artClass="00022:00029:00233:00003:00066:00000:00000:00000:00000:00000:00025:00001" artCategory="Ministério do Desenvolvimento Social/Instituto Nacional do Seguro Social/Diretoria de Gestão de Pessoas/Coordenação-Geral de Gestão de Pessoas/Serviço de Gestão de Pessoas da Administração Central" artSize="8" artNotes="" numberPage="41" pdfPage="http://pesquisa.in.gov.br/imprensa/jsp/visualiza/index.jsp?data=02/05/2018&amp;jornal=529&amp;pagina=41" editionNumber="83" highlight="" idMateria="10717288">
  <body>
    <Identifica><![CDATA[ PORTARIA Nº 28,  de 30 de abril de 2018]]></Identifica>
    <Data><![CDATA[]]></Data>
    <Ementa />
    <Titulo />
    <SubTitulo />
    <Texto><![CDATA[<p class="identifica">PORTARIA Nº 28, de 30 de abril de 2018</p><p>A CHEFE DO SERVIÇO DE GESTÃO DE PESSOAS DA ADMINISTRAÇÃO CENTRAL DO INSTITUTO NACIONAL DO SEGURO SOCIAL, no uso das atribuições conferidas pelo artigo 119 do Regimento Interno do INSS, aprovado pela Portaria MDS nº 414, de 28.09.2017, publicada no DOU nº 188-A, Seção I, de 24.07.2017, Seção I, resolve:</p><p>Conceder aposentadoria por invalidez ao servidor Rubem Kaipper Ceratti, matrícula SIAPE 2.132.997, ocupante do cargo de Analista do Seguro Social, Classe A, Padrão IV, do quadro de pessoal do Instituto Nacional do Seguro Social, com fundamento no inciso I, do § 1º do artigo 40 da Constituição Federal, com a redação dada pela Emenda Constitucional nº 41/03, e artigo 186, inciso I, § 1º da Lei 8.112/90, com proventos integrais por está acometido de doença especifícada em Lei. (Processo nº 35000.000572/2018-19), em consequência declarar vago o referido cargo.</p><p class="assina">ANA PAULA PROCACI ERVILHA</p>]]></Texto>
  </body>
</article></xml>