﻿<xml><article id="2895590" name="Portaria Nº 60.550" idOficio="4770440" pubName="DO2" artType="Portaria" pubDate="02/05/2018" artClass="00011:00112:00000:00000:00000:00000:00000:00000:00000:00000:00025:00002" artCategory="Ministério da Educação/Universidade Federal Fluminense" artSize="8" artNotes="" numberPage="22" pdfPage="http://pesquisa.in.gov.br/imprensa/jsp/visualiza/index.jsp?data=02/05/2018&amp;jornal=529&amp;pagina=22" editionNumber="83" highlight="" idMateria="10714461">
  <body>
    <Identifica><![CDATA[ Portaria Nº 60.550, de 24 de janeiro de 2018]]></Identifica>
    <Data><![CDATA[]]></Data>
    <Ementa />
    <Titulo />
    <SubTitulo />
    <Texto><![CDATA[<p class="identifica">Portaria Nº 60.550, de 24 de janeiro de 2018</p><p>O REITOR da Universidade Federal Fluminense, no uso de suas atribuições, e tendo em vista o que consta do Processo UFF nº 23069.080074/2017-89, resolve:</p><p>Conceder aposentadoria voluntária a FERNANDO GUEDES DE PAIVA, matrícula SIAPE nº 308238, ocupante do cargo de Técnico em Enfermagem, código 701/233, Nível de Classificação D, Nível de Capacitação IV, Padrão de Vencimentos 16, do Quadro de Pessoal Permanente desta Universidade, com fundamento no artigo 3º, incisos I, II, III e parágrafo único da Emenda Constitucional nº 47/05, código de vaga 237341, com proventos integrais, cumulativamente com o adicional por tempo de serviço no percentual de 15% (quinze por cento).</p><p class="assina">SIDNEY LUIZ DE MATOS MELLO</p>]]></Texto>
  </body>
</article></xml>