﻿<xml><article id="2896098" name="AtoGR030-18NomDoc" idOficio="4771105" pubName="DO2" artType="Ato" pubDate="02/05/2018" artClass="00011:00040:00001:00001:00000:00000:00000:00000:00000:00000:00001:00001" artCategory="Ministério da Educação/Fundação Universidade Federal de São Carlos/Reitoria/Gabinete da Reitoria" artSize="8" artNotes="" numberPage="15" pdfPage="http://pesquisa.in.gov.br/imprensa/jsp/visualiza/index.jsp?data=02/05/2018&amp;jornal=529&amp;pagina=15" editionNumber="83" highlight="" idMateria="10716245">
  <body>
    <Identifica><![CDATA[ Ato nº 30, de 13 de abril de 2018]]></Identifica>
    <Data><![CDATA[]]></Data>
    <Ementa />
    <Titulo />
    <SubTitulo />
    <Texto><![CDATA[<p class="identifica">Ato nº 30, de 13 de abril de 2018</p><p>A Reitora da Universidade Federal de São Carlos, no uso de suas atribuições legais e estatutárias, considerando o inciso I dos Artigos 8º e 9º, Artigo 10 da Lei nº 8.112/90, a Lei nº 12.772, de 28/12/2012, a Lei nº 12.863 de 24/09/2013, a Portaria Interministerial MPOG/MEC nº 111, de 02/04/2014, publicada no DOU de 03/04/2014 e o Processo nº 23112.000223/2018-42, resolve:</p><p>1º) Nomear, em virtude de habilitação em Concurso Público, VICTOR CLAUDIO BENTO DE CAMARGO, para o cargo de Professor, Classe Adjunto A, Nível 1, em regime de Dedicação Exclusiva, para o Departamento de Engenharia de Produção do Centro de Ciências Exatas e de Tecnologia, em vaga decorrente da aposentadoria de Miguel Antonio Bueno da Costa, publicada no DOU de 16/11/2017, seção 2, página 20, código nº 334048. 2º) A posse do(a) nomeado(a) dar-se-á no prazo de 30 (trinta) dias, contados a partir da publicação deste Ato no D.O.U.</p><p class="assina">Wanda Aparecida Machado Hoffmann</p>]]></Texto>
  </body>
</article></xml>