﻿<xml><article id="2900089" name="Portaria 2.333 - 30.04.2018" idOficio="4771765" pubName="DO2" artType="Portaria" pubDate="02/05/2018" artClass="00011:00066:00000:00000:00000:00000:00000:00000:00000:00000:00025:00001" artCategory="Ministério da Educação/Instituto Federal de Educação, Ciência e Tecnologia do Maranhão" artSize="8" artNotes="" numberPage="18" pdfPage="http://pesquisa.in.gov.br/imprensa/jsp/visualiza/index.jsp?data=02/05/2018&amp;jornal=529&amp;pagina=18" editionNumber="83" highlight="" idMateria="10717379">
  <body>
    <Identifica><![CDATA[ PORTARIA Nº 2.333, DE 30 DE ABRIL DE 2018]]></Identifica>
    <Data><![CDATA[]]></Data>
    <Ementa />
    <Titulo />
    <SubTitulo />
    <Texto><![CDATA[<p class="identifica">PORTARIA Nº 2.333, DE 30 DE ABRIL DE 2018</p><p>O REITOR DO INSTITUTO FEDERAL DE EDUCAÇÃO, CIÊNCIA E TECNOLOGIA DO MARANHÃO, nomeado nos termos do Decreto Presidencial de 02 de setembro de 2016, publicado no DOU de 05 de setembro de 2016, no uso de suas atribuições legais; e,</p><p>Considerando o disposto no Art. 33, Inciso VIII da Lei 8.112/90, e a solicitação constante Processo nº 23249.013149/2018-89, resolve:</p><p>a) Conceder vacância ao cargo de Assistente em Administração da Reitoria, ocupado pela servidora Georgeane Dutra Coelho, Matricula SIAPE nº 2242564, a partir de 02.05.2018, por posse em outro cargo inacumulável; e,</p><p>b) Declarar vago o referido cargo.</p><p class="assina">Francisco Roberto Brandão Ferreira</p>]]></Texto>
  </body>
</article></xml>