﻿<xml><article id="2897762" name="Pub_Port_Luiz Carlos Michot" idOficio="4771596" pubName="DO2" artType="Portaria" pubDate="02/05/2018" artClass="00012:00002:00012:00035:00000:00000:00000:00000:00000:00000:00025:00002" artCategory="Ministério da Fazenda/Secretaria Executiva/Subsecretaria de Planejamento, Orçamento e Administração/Superintendência de Administração em Santa Catarina" artSize="8" artNotes="" numberPage="28" pdfPage="http://pesquisa.in.gov.br/imprensa/jsp/visualiza/index.jsp?data=02/05/2018&amp;jornal=529&amp;pagina=28" editionNumber="83" highlight="" idMateria="10717103">
  <body>
    <Identifica><![CDATA[ PORTARIA Nº 112, DE 30 DE ABRIL DE 2018]]></Identifica>
    <Data><![CDATA[]]></Data>
    <Ementa />
    <Titulo />
    <SubTitulo />
    <Texto><![CDATA[<p class="identifica">PORTARIA Nº 112, DE 30 DE ABRIL DE 2018</p><p>O SUPERINTENDENTE DE ADMINISTRAÇÃO DO MINISTÉRIO DA FAZENDA NO ESTADO DE SANTA CATARINA, no uso das atribuições que lhe confere o art. 86, inciso XI, da Portaria nº 144, de 27.04.2016, DOU de 29.04.2016 do Ministro de Estado da Fazenda e a Portaria SRF nº 1671 de 16.06.05, DOU de 20.06.05, por delegação de competência resolve:</p><p>Conceder aposentadoria voluntária, com proventos integrais a LUIZ CARLOS MICHOT, matricula SIAPECAD nº 859564, matricula SIAPE nº 928916, ocupante do cargo de Tecnico do Seguro Social, NI, Classe S, Padrão IV, lotado e em exercício na DRF/Joaçaba/SC, com fundamento no Art. 3º, seus incisos I a III e parágrafo único da Emenda Constitucional nº 47, publicada no DOU 06/07/2005. (Processo nº. 10925.722676/2018-17).</p><p class="assina">GABRIEL HELMUTH SPRUNG SASSE</p><p class="cargo">Substituto</p>]]></Texto>
  </body>
</article></xml>