﻿<xml><article id="2902205" name="ATO PORTARIA Nº 481" idOficio="4772008" pubName="DO2" artType="Portaria" pubDate="02/05/2018" artClass="00011:00042:00000:00000:00000:00000:00000:00000:00000:00000:00025:00003" artCategory="Ministério da Educação/Fundação Universidade Federal de Sergipe" artSize="8" artNotes="" numberPage="15" pdfPage="http://pesquisa.in.gov.br/imprensa/jsp/visualiza/index.jsp?data=02/05/2018&amp;jornal=529&amp;pagina=15" editionNumber="83" highlight="" idMateria="10717786">
  <body>
    <Identifica><![CDATA[ PORTARIA Nº 481, DE 23 DE ABRIL DE 2018]]></Identifica>
    <Data><![CDATA[]]></Data>
    <Ementa />
    <Titulo />
    <SubTitulo />
    <Texto><![CDATA[<p class="identifica">PORTARIA Nº 481, DE 23 DE ABRIL DE 2018</p><p>O REITOR DA UNIVERSIDADE FEDERAL DE SERGIPE, no uso de suas atribuições legais, Considerando o disposto no artigo 40, § 7º, inciso I, da Constituição da República Federativa do Brasil, com a redação dada pela Emenda Constitucional nº 41, de 19/12/2003, publicada no Diário Oficial da União de 31/12/2003, combinado com o artigo 2º, I, da Lei 10.887, de 18/06/2004, Considerando o disposto nos artigos 215, 217, inciso I, 222 inciso VII, alínea "b", item 6, da Lei 8.112, de 11/12/1990 c/c art. 3° da Lei 13.135/15, Considerando o que consta do Processo nº 23113.014169/2018-11/UFS, resolve:</p><p>Art. 1º - Conceder Pensão Vitalícia à DINORAH SOARES DANTAS, CPF: 198.808.205-68, viúva do ex-servidor Domingos dos Santos, matrícula SIAPE nº 425809, do Quadro de Pessoal Aposentado desta Universidade, falecido em 27/03/2018, correspondente à totalidade dos proventos do cargo de operador de caldeira, classe C, nível/padrão 106, em jornada de trabalho de 40 horas semanais, calculados na forma do artigo 2º, I, da Lei 10.887, de 18/06/2004, com efeitos retroativos à data do óbito.</p><p>Art. 2º - Esta Portaria entrará em vigor na data de sua publicação no Diário Oficial da União.</p><p class="assina">Angelo Roberto Antoniolli</p>]]></Texto>
  </body>
</article></xml>