﻿<xml><article id="2897683" name="2018.04.27 PORTARIAS Reitor em e" idOficio="4771585" pubName="DO2" artType="Portaria" pubDate="02/05/2018" artClass="00011:00128:00000:00000:00000:00000:00000:00000:00000:00000:00025:00001" artCategory="Ministério da Educação/Universidade Federal do Rio Grande do Norte" artSize="8" artNotes="" numberPage="24" pdfPage="http://pesquisa.in.gov.br/imprensa/jsp/visualiza/index.jsp?data=02/05/2018&amp;jornal=529&amp;pagina=24" editionNumber="83" highlight="" idMateria="10717091">
  <body>
    <Identifica><![CDATA[ PORTARIAS DE 27 DE ABRIL DE 2018]]></Identifica>
    <Data><![CDATA[]]></Data>
    <Ementa />
    <Titulo />
    <SubTitulo />
    <Texto><![CDATA[<p class="identifica">PORTARIAS DE 27 DE ABRIL DE 2018</p><p>O REITOR EM EXERCÍCIO DA UNIVERSIDADE FEDERAL DO RIO GRANDE DO NORTE, no uso das atribuições inerentes ao cargo e da delegação de competência que lhe concede a Portaria MEC nº 404, de 23.04.2009, resolve:</p><p>Nº 729 - Autorizar o afastamento do país de KASSIO MICHEL GOMES DE LIMA, matrícula n.º 1714946, Professor Associado do Instituto de Química, para ministrar Curso de Quimiometria na Universidade de Cádiz, na cidade de Cádiz, na Espanha, no período de 05.06.2018 a 23.06.2018, inclusive trânsito, com ônus limitado, conforme processo n.º 23077.023488/2018-92.</p><p>Nº 730 - Autorizar o afastamento do país de ROBERTA TARGINO PINTO CORREIA, matrícula n.º 1246737, Professora Associada do Departamento de Engenharia Química - CT, para realizar visita técnica a "North Carolina State University/Plants for Human Health Institute", na cidade de Kannapolis, nos EUA, no período de 05.06.2018 a 24.06.2018, inclusive trânsito, com ônus limitado, conforme processo n.º 23077.022847/2018-94.</p><p>Nº 731 - Autorizar o afastamento do país de DANIEL NELSON MACIEL, matrícula n.º 1752508, Professor Associado da Escola de Ciências e Tecnologia, para participar do "ECCM 6 &amp; ECFD 7", na cidade de Glasglow, no Reino Unido, no período de 09.06.2018 a 16.06.2018, inclusive trânsito, com ônus para a UFRN, conforme processo n.º 23077.023997/2018-15.</p><p class="assina">JOSÉ DANIEL DINIZ MELO</p>]]></Texto>
  </body>
</article></xml>