﻿<xml><article id="2906465" name="APOSENTADORIA - TEREZINHA" idOficio="4772209" pubName="DO2" artType="Portaria" pubDate="02/05/2018" artClass="00017:00002:00014:00004:00000:00000:00000:00000:00000:00000:00025:00001" artCategory="Ministério da Saúde/Secretaria Executiva/Núcleo Estadual no Amapá/Serviço de Gestão Administrativa" artSize="8" artNotes="" numberPage="36" pdfPage="http://pesquisa.in.gov.br/imprensa/jsp/visualiza/index.jsp?data=02/05/2018&amp;jornal=529&amp;pagina=36" editionNumber="83" highlight="" idMateria="10718654">
  <body>
    <Identifica><![CDATA[ PORTARIA Nº 45, DE 30 DE ABRIL DE 2018]]></Identifica>
    <Data><![CDATA[]]></Data>
    <Ementa />
    <Titulo />
    <SubTitulo />
    <Texto><![CDATA[<p class="identifica">PORTARIA Nº 45, DE 30 DE ABRIL DE 2018</p><p>A Chefe Substituta do Serviço de Gestão Administrativa da Coordenação-Geral do Núcleo Estadual do Amapá, designada pela Portaria/SAA/SE/MS nº 1.961, de 08/11/2017, publicada no Diário Oficial da União nº 220, de 17/11/2017, seção 2, pg. 43, no uso da competência que lhe foi subdelegada pela Portaria/SAA/SE/MS nº 1.804, de 01/10/2013, publicada no D.O.U. nº 192, de 03/10/2013, seção 1, pg. 66 e considerando a Portaria/GM/MS nº 1.844, de 13/10/2016, publicada no D.O.U. nº 198, de 14/10/2016, seção 1, pg. 43, resolve:</p><p>Art. 1º - Conceder aposentadoria voluntária integral à servidora TEREZINHA DO SOCORRO SILVA DE SOUZA SEVERINO, Matrícula SIAPE nº 0447752, ocupante do cargo de Técnico em Enfermagem, Classe S, Padrão III, do Quadro de Pessoal Permanente deste Ministério, com fundamento no art. 186, inciso III, alínea a, da Lei nº 8.112/1990 e no artigo 6º da Emenda Constitucional nº 41/2003, com proventos mensais correspondentes à referida classe e padrão, acrescido de 14% de Adicional por Tempo de Serviço, da Carreira da Previdência, da Saúde e do Trabalho-CPST - Lei nº 11.355/2006 e demais vantagens do cargo.</p><p>Art. 2º. Esta portaria entra em vigor na data de sua publicação.</p><p>(Processo n° 25013.000083/2018-56)</p><p class="assina">DAYANNE CORRÊA FERREIRA</p>]]></Texto>
  </body>
</article></xml>