﻿<xml><article id="2898872" name="PORT.FAL -97-2018-GILMAR PINTO F" idOficio="4771666" pubName="DO2" artType="Portaria" pubDate="02/05/2018" artClass="00012:00002:00012:00002:00000:00000:00000:00000:00000:00000:00025:00001" artCategory="Ministério da Fazenda/Secretaria Executiva/Subsecretaria de Planejamento, Orçamento e Administração/Coordenação-Geral de Gestão de Pessoas" artSize="8" artNotes="" numberPage="26" pdfPage="http://pesquisa.in.gov.br/imprensa/jsp/visualiza/index.jsp?data=02/05/2018&amp;jornal=529&amp;pagina=26" editionNumber="83" highlight="" idMateria="10717186">
  <body>
    <Identifica><![CDATA[ PORTARIA   Nº 97, DE 27 DE ABRIL DE 2018]]></Identifica>
    <Data><![CDATA[]]></Data>
    <Ementa />
    <Titulo />
    <SubTitulo />
    <Texto><![CDATA[<p></p><p class="identifica">PORTARIA Nº 97, DE 27 DE ABRIL DE 2018</p><p>A COORDENADORA-GERAL DE GESTÃO DE PESSOAS DA SUBSECRETARIA DE PLANEJAMENTO, ORÇAMENTO E ADMINISTRAÇÃO DA SECRETARIA EXECUTIVA DO MINISTÉRIO DA FAZENDA, no uso da competência que lhe confere o artigo 41, VIII, do Regimento Interno da Secretaria Executiva, aprovado pela Portaria nº 144, de 27 de abril de 2016, do Ministro de Estado da Fazenda, publicada no Diário Oficial da União de 29 de abril de 2016, resolve declarar vago em virtude de falecimento, de acordo com o artigo 33, IX, da Lei nº 8.112, de 11 de dezembro de 1990, o cargo ocupado pelo seguinte servidor:</p><p>GILMAR PINTO FERREIRA, matrículas SIAPEcad 15556 e SIAPE 101268, Auxiliar de Artífice, código NA-489519, Classe S, Padrão III, a partir de 17 de abril de 2018 (conf. Processo Administrativo nº 11080.101065/2018-82).</p><p class="assina">DANIELLE SANTOS DE SOUZA CALAZANS</p><p></p>]]></Texto>
  </body>
</article></xml>