﻿<xml><article id="2895533" name="p148_2018" idOficio="4768631" pubName="DO2" artType="Portaria" pubDate="02/05/2018" artClass="00038:00051:00001:00000:00000:00000:00000:00000:00000:00000:00025:00001" artCategory="Poder Judiciário/Tribunal Regional do Trabalho da 12ª Região/Presidência" artSize="8" artNotes="" numberPage="68" pdfPage="http://pesquisa.in.gov.br/imprensa/jsp/visualiza/index.jsp?data=02/05/2018&amp;jornal=529&amp;pagina=68" editionNumber="83" highlight="" idMateria="10710832">
  <body>
    <Identifica><![CDATA[ PORTARIA  nº 148, de 26 de abril de 2018]]></Identifica>
    <Data><![CDATA[]]></Data>
    <Ementa />
    <Titulo />
    <SubTitulo />
    <Texto><![CDATA[<p></p><p></p><p class="identifica">PORTARIA nº 148, de 26 de abril de 2018</p><p>A PRESIDENTE DO TRIBUNAL REGIONAL DO TRABALHO DA 12ª REGIÃO, no uso de suas atribuições legais e regimentais, e considerando o disposto no artigo 12 da Resolução CSJT nº 110/2012 e o que consta no expediente protocolizado sob PROAD nº 161/2018, resolve:</p><p>I - CESSA os efeitos da Portaria PRESI nº 300/2017;</p><p>II - REMOVE, a pedido, a partir de 2 de maio de 2018, DANIEL JACINTO CASTRIOLA, Técnico Judiciário, Área Administrativa, classe A, padrão 3, matrícula nº 4399, integrante do Quadro Permanente de Pessoal da Secretaria deste Tribunal, para o Tribunal Regional do Trabalho da 1ª Região, mediante permuta com a servidora Lucelia da Silva Silveira Sampaio;</p><p>III - LOTA, em virtude do disposto no item II, LUCELIA DA SILVA SILVEIRA SAMPAIO, Técnico Judiciário, Área Administrativa, do Quadro de Pessoal do Tribunal Regional do Trabalho da 1ª Região, na 2ª Vara do Trabalho de Brusque, a partir de 2 de maio de 2018. Publique-se.</p><p class="assina">Des. MARI ELEDA MIGLIORINI</p>]]></Texto>
  </body>
</article></xml>