﻿<xml><article id="2895422" name="ROBSON GOMES SILVA" idOficio="4768740" pubName="DO2" artType="Portaria" pubDate="02/05/2018" artClass="00017:00026:00014:00009:00000:00000:00000:00000:00000:00000:00025:00001" artCategory="Ministério da Saúde/Secretaria de Atenção à Saúde/Departamento de Gestão Hospitalar no Estado do Rio de Janeiro/Hospital Federal de Bonsucesso" artSize="8" artNotes="" numberPage="38" pdfPage="http://pesquisa.in.gov.br/imprensa/jsp/visualiza/index.jsp?data=02/05/2018&amp;jornal=529&amp;pagina=38" editionNumber="83" highlight="" idMateria="10711002">
  <body>
    <Identifica><![CDATA[ PORTARIA   Nº 113, DE 25 DE ABRIL DE 2018]]></Identifica>
    <Data><![CDATA[]]></Data>
    <Ementa />
    <Titulo />
    <SubTitulo />
    <Texto><![CDATA[<p class="identifica">PORTARIA Nº 113, DE 25 DE ABRIL DE 2018</p><p>A Diretora-Geral do Hospital Federal de Bonsucesso, no uso de suas atribuições conferidas pela Portaria nº 488, de 06 de março de 2018, publicada no DOU n° 47 de 09 de março de 2018 e Portaria nº 1.041, de 30 de outubro de 2009, publicada no DOU nº 209, de 03 de novembro de 2009, seção 2, página 31, resolve:</p><p>Conceder aposentadoria voluntária a ROBSON GOMES SILVA, matrícula SIAPE nº 6240873, ocupante do cargo de Técnico em Radiologia, Nível Intermediário, Classe "S", Padrão "III", do quadro de servidores deste Ministério, lotado no Hospital Federal de Bonsucesso, com fundamento no artigo 3º da Emenda Constitucional nº 47/2005, com proventos integrais, incorporando-se 13% (treze por cento) de anuênio e as demais vantagens do cargo a que faz jus.</p><p>(Processo nº 33374.036789/2018-85)</p><p class="assina">Luana Camargo da Silva</p><p></p>]]></Texto>
  </body>
</article></xml>