﻿<xml><article id="2898203" name="PT 391 - LORENA" idOficio="4771682" pubName="DO2" artType="Portaria" pubDate="02/05/2018" artClass="00017:00002:00000:00000:00000:00000:00000:00000:00000:00000:00025:00001" artCategory="Ministério da Saúde/Secretaria Executiva" artSize="8" artNotes="" numberPage="33" pdfPage="http://pesquisa.in.gov.br/imprensa/jsp/visualiza/index.jsp?data=02/05/2018&amp;jornal=529&amp;pagina=33" editionNumber="83" highlight="" idMateria="10717215">
  <body>
    <Identifica><![CDATA[ PORTARIA Nº 391, DE 27 DE ABRIL DE 2018]]></Identifica>
    <Data><![CDATA[]]></Data>
    <Ementa />
    <Titulo />
    <SubTitulo />
    <Texto><![CDATA[<p class="identifica">PORTARIA Nº 391, DE 27 DE ABRIL DE 2018</p><p>O SECRETÁRIO-EXECUTIVO DO MINISTÉRIO DA SAÙDE, no uso da competência que lhe foi subdelegada pela Portaria nº 1.339, publicada no Diário Oficial da União nº 125, de 29 de junho de 2012, e na forma do disposto no Decreto nº 1.387, de 7 de fevereiro de 1995, resolve:</p><p>Autorizar o afastamento do País da servidora LORENA BRITO EVANGELISTA, matrícula SIAPE nº 2369530, Coordenadora-Geral do Componente Estratégico da Assistência Farmacêutica, da Secretaria de Ciência, Tecnologia e Insumos Estratégicos, com a finalidade de participar de Reunião da Comissão Intergovernamental da Política de Medicamentos (CIPM) e do Comitê Ad Hoc para Negociação de Preços de Medicamentos de Alto Custo (CAHPM), no marco preparatório da XLII Reunião de Ministros da Saúde do MERCOSUL e Estados Associados, em Assunção-Paraguai, no período de 2 a 5 de maio de 2018, inclusive trânsito, com ônus para o MS (Processo nº 25000.072570/2018-60).</p><p class="assina">ADEILSON LOUREIRO CAVALCANTE</p>]]></Texto>
  </body>
</article></xml>