﻿<xml><article id="2902226" name="ATO PORTARIA Nº 484" idOficio="4772008" pubName="DO2" artType="Portaria" pubDate="02/05/2018" artClass="00011:00042:00000:00000:00000:00000:00000:00000:00000:00000:00025:00004" artCategory="Ministério da Educação/Fundação Universidade Federal de Sergipe" artSize="8" artNotes="" numberPage="15" pdfPage="http://pesquisa.in.gov.br/imprensa/jsp/visualiza/index.jsp?data=02/05/2018&amp;jornal=529&amp;pagina=15" editionNumber="83" highlight="" idMateria="10717787">
  <body>
    <Identifica><![CDATA[ PORTARIA N° 484, DE 23 DE ABRIL DE 2018]]></Identifica>
    <Data><![CDATA[]]></Data>
    <Ementa />
    <Titulo />
    <SubTitulo />
    <Texto><![CDATA[<p class="identifica">PORTARIA N° 484, DE 23 DE ABRIL DE 2018</p><p>O REITOR DA UNIVERSIDADE FEDERAL DE SERGIPE, no uso de suas atribuições legais e, considerando: o que consta na Portaria n° 402/UFS, de 4 de abril de 2018, resolve:</p><p>Art. 1º - Dispensar, a partir de 05/04/2018, da Função Gratificada FG-4, de Secretária da Comissão Permanente de Pessoal Docente - CPPD/GR, a Secretária Executiva, Nível de Classificação E, Nível de Capacitação 3, Padrão de Vencimento 16, CARMEN LUIZA GONCALVES DE OLIVEIRA, matrícula SIAPE nº 0425526, lotada na Comissão Permanente de Pessoal Docente do Gabinete do Reitor - CPPD/GR, em regime de trabalho de 40 (quarenta) horas semanais.</p><p>Art. 2º - Esta Portaria entra em vigor nesta data, devendo ser publicada no Diário Oficial da União.</p><p class="assina">Angelo Roberto Antoniolli</p>]]></Texto>
  </body>
</article></xml>