﻿<xml><article id="2900005" name="DOU dia 30.04.2018 Reitor Portar" idOficio="4771735" pubName="DO2" artType="Portaria" pubDate="02/05/2018" artClass="00011:00008:00001:00000:00000:00000:00000:00000:00000:00000:00025:00001" artCategory="Ministério da Educação/Colégio Pedro II/Reitoria" artSize="8" artNotes="" numberPage="11" pdfPage="http://pesquisa.in.gov.br/imprensa/jsp/visualiza/index.jsp?data=02/05/2018&amp;jornal=529&amp;pagina=11" editionNumber="83" highlight="" idMateria="10717352">
  <body>
    <Identifica><![CDATA[ PORTARIAS DE 27 DE ABRIL DE 2018]]></Identifica>
    <Data><![CDATA[]]></Data>
    <Ementa />
    <Titulo />
    <SubTitulo />
    <Texto><![CDATA[<p class="identifica">PORTARIAS DE 27 DE ABRIL DE 2018</p><p>O REITOR pro tempore DO COLÉGIO PEDRO II, designado pela Portaria/MEC nº 1280 de 04 de outubro de 2017, publicada no Diário Oficial da União de 05 de outubro de 2017, Seção 2, página 12, no uso de suas atribuições legais e o disposto no Decreto nº 8.260, de 29 de maio de 2014, publicado no D.O.U., de 30 de maio de 2014, e considerando o resultado final do Concurso Público para provimento de Cargos de Técnico-Administrativos em Educação, referente ao Edital nº 28 de 23 de maio de 2017, publicado no D.O.U. de 31 de maio de 2017, resolve:</p><p>Nº 1.424 NOMEAR, em caráter efetivo, de acordo com o artigo 9 da Lei nº 8.112 de 11 de dezembro de 1990, publicada no D.O.U. de 12 de dezembro de 1990, SAULO TAVARES OLIVEIRA, que obteve a quarta colocação na ampla concorrência, no Concurso Público objeto do Edital nº 28 de 23 de maio de 2017, para o cargo de Analista de Tecnologia da Informação, classe E-I, Nível 1, com regime de trabalho de 40 horas semanais, do Quadro de Pessoal Permanente do Colégio Pedro II, na vaga decorrente da exoneração do servidor Renato de Almeida Gonzalez, ocorrida através da Portaria nº 741 de 15 de março de 2018, publicada no D.O.U. de 19 de março de 2018, código de vaga nº 977190.</p><p>Nº 1.425 - NOMEAR, em caráter efetivo, de acordo com o artigo 9 da Lei nº 8.112 de 11 de dezembro de 1990, publicada no D.O.U. de 12 de dezembro de 1990, ANDRÉ FELIPE CORREA DA SILVA PINTO, que obteve a décima colocação na ampla concorrência, no Concurso Público objeto do Edital nº 28 de 23 de maio de 2017, para o cargo de Assistente de Alunos, classe C-I, Nível 1, com regime de trabalho de 40 horas semanais, do Quadro de Pessoal Permanente do Colégio Pedro II, na vaga decorrente da posse em cargo inacumulável da servidora Ruth Rodrigues Alves Machado, ocorrida através da Portaria nº 1.394 de 24 de abril de 2018, publicada no D.O.U. de 26 de abril de 2018, código de vaga nº 960831.</p><p>Nº 1.426 - NOMEAR, em caráter efetivo, de acordo com o artigo 9 da Lei nº 8.112 de 11 de dezembro de 1990, publicada no D.O.U. de 12 de dezembro de 1990, POLIANA TEIXEIRA PEREIRA, que obteve a quadrágésima primeira colocação na ampla concorrência, no Concurso Público objeto do Edital nº 28 de 23 de maio de 2017, para o cargo de Assistente em Administração, classe D-I, Nível 1, com regime de trabalho de 40 horas semanais, do Quadro de Pessoal Permanente do Colégio Pedro II, na vaga decorrente da aposentadoria da servidora Eliane Villardi de Sousa, ocorrida através da Portaria nº 558 de 27 de fevereiro de 2018, publicada no D.O.U. de 28 de fevereiro de 2018, código de vaga nº 203258.</p><p>Nº 1.427 - NOMEAR, em caráter efetivo, de acordo com o artigo 9 da Lei nº 8.112 de 11 de dezembro de 1990, publicada no D.O.U. de 12 de dezembro de 1990, JONATAS REIS DOS SANTOS, que obteve a décima terceira colocação nas vagas reservadas à cota étnico racial, no Concurso Público objeto do Edital nº 28 de 23 de maio de 2017, para o cargo de Assistente em Administração, classe D-I, Nível 1, com regime de trabalho de 40 horas semanais, do Quadro de Pessoal Permanente do Colégio Pedro II, na vaga decorrente da redistribuição da servidora Virginia Ferreira da Cruz, ocorrida através da Portaria MEC nº 317 de 02 de março de 2018, publicada no D.O.U. de 05 de março de 2018, código de vaga nº 258277.</p><p>Nº 1.428 - NOMEAR, em caráter efetivo, de acordo com o artigo 9 da Lei nº 8.112 de 11 de dezembro de 1990, publicada no D.O.U. de 12 de dezembro de 1990, RHUAN CARLOS SANTOS DA SILVA, que obteve a quadrágésima segunda colocação na ampla concorrência, no Concurso Público objeto do Edital nº 28 de 23 de maio de 2017, para o cargo de Assistente em Administração, classe D-I, Nível 1, com regime de trabalho de 40 horas semanais, do Quadro de Pessoal Permanente do Colégio Pedro II, na vaga decorrente da aposentadoria da servidora Valéria Liporage Teixeira, ocorrida através da Portaria nº 610 de 02 de março de 2018, publicada no D.O.U. de 05 de março de 2018, código de vaga nº 204044.</p><p>Nº 1.429 - NOMEAR, em caráter efetivo, de acordo com o artigo 9 da Lei nº 8.112 de 11 de dezembro de 1990, publicada no D.O.U. de 12 de dezembro de 1990, CARLOS LUIZ CARILO DE GÓES, que obteve a quadrágésima quarta colocação na ampla concorrência, no Concurso Público objeto do Edital nº 28 de 23 de maio de 2017, para o cargo de Assistente em Administração, classe D-I, Nível 1, com regime de trabalho de 40 horas semanais, do Quadro de Pessoal Permanente do Colégio Pedro II, na vaga decorrente da aposentadoria do servidor Reinaldo Pereira dos Santos, ocorrida através da Portaria nº 615 de 05 de março de 2018, publicada no D.O.U. de 06 de março de 2018, código de vaga nº 203254.</p><p>Nº 1.430 - NOMEAR, em caráter efetivo, de acordo com o artigo 9 da Lei nº 8.112 de 11 de dezembro de 1990, publicada no D.O.U. de 12 de dezembro de 1990, LUIZ FERNANDO SILVA MARQUES, que obteve a quadrágésima quinta colocação na ampla concorrência, no Concurso Público objeto do Edital nº 28 de 23 de maio de 2017, para o cargo de Assistente em Administração, classe D-I, Nível 1, com regime de trabalho de 40 horas semanais, do Quadro de Pessoal Permanente do Colégio Pedro II, na vaga decorrente da aposentadoria da servidora Ivanyr da Silva Alves , ocorrida através da Portaria nº 618 de 05 de março de 2018, publicada no D.O.U. de 06 de março de 2018, código de vaga nº 204794.</p><p>Nº 1.431 - NOMEAR, em caráter efetivo, de acordo com o artigo 9 da Lei nº 8.112 de 11 de dezembro de 1990, publicada no D.O.U. de 12 de dezembro de 1990, LUIZ GUILHERME SOUZA DA SILVA, que obteve a quadrágésima sexta colocação na ampla concorrência, no Concurso Público objeto do Edital nº 28 de 23 de maio de 2017, para o cargo de Assistente em Administração, classe D-I, Nível 1, com regime de trabalho de 40 horas semanais, do Quadro de Pessoal Permanente do Colégio Pedro II, na vaga decorrente da aposentadoria do servidor Moacyr José Siqueira Sampaio, ocorrida através da Portaria nº 690 de 12 de março de 2018, publicada no D.O.U. de 13 de março de 2018, código de vaga nº 203259.</p><p>Nº 1.432 - NOMEAR, em caráter efetivo, de acordo com o artigo 9 da Lei nº 8.112 de 11 de dezembro de 1990, publicada no D.O.U. de 12 de dezembro de 1990, LÍVIA DE PAULA ANDRADE, que obteve a décima quarta colocação nas vagas reservadas à cota étnico racial, no Concurso Público objeto do Edital nº 28 de 23 de maio de 2017, para o cargo de Assistente em Administração, classe D-I, Nível 1, com regime de trabalho de 40 horas semanais, do Quadro de Pessoal Permanente do Colégio Pedro II, na vaga decorrente da exoneração do servidor Wesley Ribeiro de Souza, ocorrida através da Portaria nº 1.393 de 24 de abril de 2018, publicada no D.O.U. de 26 de abril de 2018, código de vaga nº 477624.</p><p>Nº 1.433 - NOMEAR, em caráter efetivo, de acordo com o artigo 9 da Lei nº 8.112 de 11 de dezembro de 1990, publicada no D.O.U. de 12 de dezembro de 1990, PEDRO FREITAS PEREIRA DA SILVA, que obteve a quadrágésima sétima colocação na ampla concorrência, no Concurso Público objeto do Edital nº 28 de 23 de maio de 2017, para o cargo de Assistente em Administração, classe D-I, Nível 1, com regime de trabalho de 40 horas semanais, do Quadro de Pessoal Permanente do Colégio Pedro II, na vaga decorrente da exoneração do servidor Tomas Dias Barreto, ocorrida através da Portaria nº 1.392 de 24 de abril de 2018, publicada no D.O.U. de 26 de abril de 2018, código de vaga nº 204612.</p><p>Nº 1.434 - NOMEAR, em caráter efetivo, de acordo com o artigo 9 da Lei nº 8.112 de 11 de dezembro de 1990, publicada no D.O.U. de 12 de dezembro de 1990, FELLIPE BARROS DE OLIVEIRA, que obteve a quadrágésima oitava colocação na ampla concorrência, no Concurso Público objeto do Edital nº 28 de 23 de maio de 2017, para o cargo de Assistente em Administração, classe D-I, Nível 1, com regime de trabalho de 40 horas semanais, do Quadro de Pessoal Permanente do Colégio Pedro II, na vaga decorrente da aposentadoria do servidor José Fernandes Vieira, ocorrida através da Portaria nº 1.380 de 20 de abril de 2018, publicada no D.O.U. de 23 de abril de 2018, código de vaga nº 204654.</p><p>Nº 1.435 - NOMEAR, em caráter efetivo, de acordo com o artigo 9 da Lei nº 8.112 de 11 de dezembro de 1990, publicada no D.O.U. de 12 de dezembro de 1990, VIVIAN BEZERRA DA SILVA, que obteve a sétima colocação na ampla concorrência, no Concurso Público objeto do Edital nº 28 de 23 de maio de 2017, para o cargo de Técnico em Assuntos Educacionais, classe E-I, Nível 1, com regime de trabalho de 40 horas semanais, do Quadro de Pessoal Permanente do Colégio Pedro II, na vaga decorrente da aposentadoria da servidora Maria Aparecida dos Santos Sousa , ocorrida através da Portaria nº 616 de 05 de março de 2018, publicada no D.O.U. de 06 de março de 2018, código de vaga nº 203825.</p><p class="assina">OSCAR HALAC</p>]]></Texto>
  </body>
</article></xml>