﻿<xml><article id="2903538" name="PT 26 SOGP IJUI" idOficio="4772166" pubName="DO2" artType="Portaria" pubDate="02/05/2018" artClass="00022:00029:00241:00013:00003:00000:00000:00000:00000:00000:00025:00002" artCategory="Ministério do Desenvolvimento Social/Instituto Nacional do Seguro Social/Superintendência Regional Sul em Florianópolis/Gerência Executiva - B - em Ijuí/Seção Operacional da Gestão de Pessoas" artSize="8" artNotes="" numberPage="46" pdfPage="http://pesquisa.in.gov.br/imprensa/jsp/visualiza/index.jsp?data=02/05/2018&amp;jornal=529&amp;pagina=46" editionNumber="83" highlight="" idMateria="10718102">
  <body>
    <Identifica><![CDATA[ PORTARIA Nº 26, DE 30 DE ABRIL DE 2018]]></Identifica>
    <Data><![CDATA[]]></Data>
    <Ementa />
    <Titulo />
    <SubTitulo />
    <Texto><![CDATA[<p class="identifica">PORTARIA Nº 26, DE 30 DE ABRIL DE 2018</p><p>A CHEFE DA SEÇÃO OPERACIONAL DA GESTÃO DE PESSOAS, da Gerência-Executiva do Instituto Nacional do Seguro Social (INSS) em Ijuí/RS, no uso das atribuições estabelecidas no Regimento Interno do INSS, aprovado pela Portaria/MDS, nº 414, de 28/09/2017, publicada no Diário Oficial da União nº 188-A de 29/09/2017 e conforme consta no Processo 35263.000070/2018-99, resolve:</p><p>Conceder aposentadoria voluntária ao servidor JOÃO LORESLEI CORREA VARGAS, matrícula SIAPE 0926868, ocupante do Cargo Efetivo de Agente de Serviços Diversos, classe "S", padrão "IV", do Quadro de Pessoal do Instituto Nacional do Seguro Social, com fundamento no artigo 3º da Emenda Constitucional 47/2005, com proventos mensais integrais e demais vantagens a que faz jus. Em decorrência, declarar vago o cargo citado.</p><p class="assina">ANA CRISTINA SEIDLER</p>]]></Texto>
  </body>
</article></xml>