﻿<xml><article id="2902427" name="ATO Nº 133" idOficio="4772029" pubName="DO2" artType="Ato" pubDate="02/05/2018" artClass="00038:00010:00001:00000:00000:00000:00000:00000:00000:00000:00001:00001" artCategory="Poder Judiciário/Tribunal Regional Federal da 4ª Região/Presidência" artSize="8" artNotes="" numberPage="64" pdfPage="http://pesquisa.in.gov.br/imprensa/jsp/visualiza/index.jsp?data=02/05/2018&amp;jornal=529&amp;pagina=64" editionNumber="83" highlight="" idMateria="10717773">
  <body>
    <Identifica><![CDATA[ ATO Nº 133, DE 11 DE ABRIL DE 2018]]></Identifica>
    <Data><![CDATA[]]></Data>
    <Ementa />
    <Titulo />
    <SubTitulo />
    <Texto><![CDATA[<p></p><p class="identifica">ATO Nº 133, DE 11 DE ABRIL DE 2018</p><p>O PRESIDENTE DO TRIBUNAL REGIONAL FEDERAL DA 4ª REGIÃO, no uso de suas atribuições legais e regimentais, tendo em vista o que consta do Processo Administrativo nº 0003306-82.2017.4.04.8002, resolve:</p><p>ALTERAR a fundamentação legal do Ato nº 260, de 14/03/97, publicado no DJU, Seção II, de 21/03/97, alterado pelo de nº 487, de 09/09/16, PE/TRF4 em 21/09/16, que concedeu aposentadoria por invalidez permanente com proventos integrais, à servidora IRENE LUIZ VIANA, Técnico Judiciário, Área Administrativa, Nível Intermediário, Classe C, Padrão 13, pertencente ao Quadro Permanente de Pessoal de Seção Judiciária de Santa Catarina, para conceder-lhe aposentadoria por invalidez permanente com proventos proporcionais ao tempo de contribuição, com amparo no art. 40, § 1º, inciso I, e § 2º, da Constituição Federal de 1988, c/c art. 6º-A da EC nº 41/03, incluído pela EC nº 70, de 29/03/12, publicada no DOU de 30/03/12, c/c art. 186, inciso I, segunda parte, e §3º da Lei nº 8.112/90, mantidas as vantagens de caráter permanente incorporadas aos proventos de aposentadoria, com vigência e efeitos financeiros a partir de 26/02/18, data em que foi diagnosticada a alteração nas condições de saúde da interessada, conforme laudo médico, observado o teto constitucional previsto no art. 37, inciso XI, da Constituição Federal de 1988, c/c art. 8º da EC nº 41/03.</p><p></p><p class="assina">Des. CARLOS EDUARDO THOMPSON FLORES LENZ</p><p></p>]]></Texto>
  </body>
</article></xml>