﻿<xml><article id="2903580" name="Port_5.041_2018_DIR" idOficio="4772184" pubName="DO2" artType="Portaria" pubDate="02/05/2018" artClass="00021:00003:00325:00000:00000:00000:00000:00000:00000:00000:00025:00001" artCategory="Ministério de Minas e Energia/Agência Nacional de Energia Elétrica/Diretoria/ANEEL" artSize="8" artNotes="" numberPage="40" pdfPage="http://pesquisa.in.gov.br/imprensa/jsp/visualiza/index.jsp?data=02/05/2018&amp;jornal=529&amp;pagina=40" editionNumber="83" highlight="" idMateria="10718127">
  <body>
    <Identifica><![CDATA[ PORTARIA N° 5.041, DE 24 DE ABRIL DE 2018]]></Identifica>
    <Data><![CDATA[]]></Data>
    <Ementa />
    <Titulo />
    <SubTitulo />
    <Texto><![CDATA[<p class="identifica">PORTARIA N° 5.041, DE 24 DE ABRIL DE 2018</p><p>O DIRETOR-GERAL DA AGÊNCIA NACIONAL DE ENERGIA ELÉTRICA - ANEEL, no uso das atribuições regimentais, com base no disposto no inciso VI do art. 7º do Regimento Interno da ANEEL, aprovado pela Portaria MME nº 349, de 28 de novembro de 1997, com fundamento no artigo 96-A da Lei 8.112/1990, de acordo com a deliberação da Diretoria e o que consta no Processo nº 48500.004491/2015-48, resolve:</p><p>Art. 1° Prorrogar o afastamento concedido pela Portaria n° 3.743, de 27 de outubro de 2015, ao servidor Jayme Milanezi Júnior, ocupante do cargo de Especialista em Regulação, Matrícula n° 1871622, para que o término ocorra em 31/12/2018, com vistas à participação no doutorado em Engenharia Elétrica, promovido em co-tutela pela Universidade de Brasília e pela Universidade alemã Technische Universitä Ilmenau.</p><p>Art. 2° Esta Portaria entra em vigor na data de sua publicação.</p><p class="assina">ROMEU DONIZETE RUFINO</p>]]></Texto>
  </body>
</article></xml>