﻿<xml><article id="2905868" name="Dispensa ANA PAULA - DIGUIE" idOficio="4772202" pubName="DO2" artType="Portaria" pubDate="02/05/2018" artClass="00011:00076:00017:00000:00000:00000:00000:00000:00000:00000:00025:00001" artCategory="Ministério da Educação/Instituto Federal de Educação, Ciência e Tecnologia do Rio Grande do Norte/Campus Pau dos Ferros" artSize="24" artNotes="" numberPage="20" pdfPage="http://pesquisa.in.gov.br/imprensa/jsp/visualiza/index.jsp?data=02/05/2018&amp;jornal=529&amp;pagina=20" editionNumber="83" highlight="" idMateria="10718648">
  <body>
    <Identifica><![CDATA[ PORTARIA Nº 112, DE 30 de abril de 2018]]></Identifica>
    <Data><![CDATA[]]></Data>
    <Ementa />
    <Titulo />
    <SubTitulo />
    <Texto><![CDATA[<p class="identifica">PORTARIA Nº 112, DE 30 de abril de 2018</p><p>A DIRETORA-GERAL DO CAMPUS PAU DOS FERROS DO INSTITUTO FEDERAL DE EDUCAÇÃO, CIÊNCIA E TECNOLOGIA DO RIO GRANDE DO NORTE no uso de suas atribuições, delegadas através da Portaria nº. 1787/2013-Reitoria/IFRN, de 30/12/2013, publicada no Diário Oficial da União de 03/01/2014, resolve:</p><p>DISPENSAR, a pedido, com efeitos a partir de 1° de maio de 2018, a servidora abaixo relacionada, pertencente ao Quadro Permanente deste Instituto Federal, para qual foi designado a exercer o respectivo cargo de confiança, integrante da Estrutura Administrativa desta Instituição.</p><p></p><table><tr /><tr><td><p>SERVIDOR</p></td><td><p>CARGO DE CONFIANÇA</p></td></tr><tr><td><p>Matrícula SIAPE</p></td><td><p>NOME</p></td><td><p>CÓDIGO</p></td><td><p>DENOMINAÇÃO</p></td><td><p>CADEIA HIERÁRQUICA</p></td></tr><tr><td><p>1230612</p></td><td><p>ANA PAULA DE SOUZA CRUZ MENDONÇA</p></td><td><p>FG.1</p></td><td><p>Diretor da Unidade Industrial-Escola</p></td><td><p>Direção-Geral</p></td></tr></table><p class="assina">ANTONIA FRANCIMAR DA SILVA</p>]]></Texto>
  </body>
</article></xml>