﻿<xml><article id="2895728" name="Portaria Nº 61.013" idOficio="4770440" pubName="DO2" artType="Portaria" pubDate="02/05/2018" artClass="00011:00112:00000:00000:00000:00000:00000:00000:00000:00000:00025:00003" artCategory="Ministério da Educação/Universidade Federal Fluminense" artSize="8" artNotes="" numberPage="22" pdfPage="http://pesquisa.in.gov.br/imprensa/jsp/visualiza/index.jsp?data=02/05/2018&amp;jornal=529&amp;pagina=22" editionNumber="83" highlight="" idMateria="10714462">
  <body>
    <Identifica><![CDATA[ Portaria Nº 61.013, de 4 de abril de 2018]]></Identifica>
    <Data><![CDATA[]]></Data>
    <Ementa />
    <Titulo />
    <SubTitulo />
    <Texto><![CDATA[<p class="identifica">Portaria Nº 61.013, de 4 de abril de 2018</p><p>O VICE-REITOR, no exercício da Reitoria da Universidade Federal Fluminense, no uso de suas atribuições, e tendo em vista o que consta do Processo UFF nº 23069.023696/2017-18, resolve:</p><p>Conceder aposentadoria voluntária a MANOEL BATISTA DA SILVA, matrícula SIAPE nº 308799, ocupante do cargo de Contramestre-Ofício, código 701/423, Nível de Classificação C, Nível de Capacitação IV, Padrão de Vencimentos 16, do Quadro de Pessoal Permanente desta Universidade, com fundamento no artigo 3º, incisos I, II, III e parágrafo único da Emenda Constitucional nº 47/05, código de vaga 237854, com proventos integrais, cumulativamente com o adicional por tempo de serviço no percentual de 14% (quatorze por cento).</p><p class="assina">ANTONIO CLAUDIO LUCAS DA NOBREGA</p>]]></Texto>
  </body>
</article></xml>