﻿<xml><article id="2900269" name="02.05.18 - Portarias 161 e 162" idOficio="4771792" pubName="DO2" artType="Portaria" pubDate="02/05/2018" artClass="00009:00014:00000:00000:00000:00000:00000:00000:00000:00000:00025:00001" artCategory="Ministério da Cultura/Instituto Brasileiro de Museus" artSize="8" artNotes="" numberPage="8" pdfPage="http://pesquisa.in.gov.br/imprensa/jsp/visualiza/index.jsp?data=02/05/2018&amp;jornal=529&amp;pagina=8" editionNumber="83" highlight="" idMateria="10717430">
  <body>
    <Identifica><![CDATA[ PORTARIA Nº 161, DE 30 DE ABRIL DE 2018]]></Identifica>
    <Data><![CDATA[]]></Data>
    <Ementa />
    <Titulo />
    <SubTitulo />
    <Texto><![CDATA[<p class="identifica">PORTARIA Nº 161, DE 30 DE ABRIL DE 2018</p><p>O PRESIDENTE DO INSTITUTO BRASILEIRO DE MUSEUS - IBRAM, no uso da atribuição que lhe confere o art. 20, inciso IV, do Decreto nº 6.845/2009, CONSIDERANDO o constante dos autos do processo nº 01439.000153/2018-15, resolve:</p><p>Art. 1º Conceder aposentadoria voluntária com proventos integrais à servidora Eliane Marchesini Zanatta, matrícula SIAPE nº 223777, detentora do cargo de Analista IV, Classe "S", Padrão III, Nível Superior, do quadro de pessoal deste Instituto, com fundamento nos incisos I a III e parágrafo único do Art. 3º da Emenda Constitucional nº 47/2005.</p><p>Art. 2º Declarar o cargo acima vago.</p><p>Art. 3º Esta Portaria entra em vigor na data de sua publicação.</p><p class="assina">Marcelo Mattos Araujo</p><p class="identifica">PORTARIA Nº 162, DE 30 DE ABRIL DE 2018</p><p>O PRESIDENTE DO INSTITUTO BRASILEIRO DE MUSEUS - IBRAM, no uso da atribuição que lhe confere o art. 20, inciso IV, do Decreto nº 6.845/2009, CONSIDERANDO o constante dos autos do processo nº 01453.000103/2018-41, resolve:</p><p>Art. 1º Conceder aposentadoria voluntária com proventos integrais à servidora Joaquina Freire de Andrade Pacheco, matrícula SIAPE nº 222873, detentora do cargo de Auxiliar de Serviços Diversos, Classe "S", Padrão III, Nível Intermediário, do quadro de pessoal deste Instituto, com fundamento nos incisos I a III e parágrafo único do Art. 3º da Emenda Constitucional nº 47/2005.</p><p>Art. 2º Declarar o cargo acima vago.</p><p>Art. 3º Esta Portaria entra em vigor na data de sua publicação.</p><p class="assina">Marcelo Mattos Araujo</p>]]></Texto>
  </body>
</article></xml>