﻿<xml><article id="2897873" name="PORTARIA Nº 1122.rtf" idOficio="4771612" pubName="DO2" artType="Portaria" pubDate="02/05/2018" artClass="00031:00002:00658:04233:00000:00000:00000:00000:00000:00000:00025:00002" artCategory="Ministério dos Transportes, Portos e Aviação Civil/Secretaria Executiva/Subsecretaria de Assuntos Administrativos/Coordenação-Geral de Gestão de Pessoas" artSize="8" artNotes="" numberPage="51" pdfPage="http://pesquisa.in.gov.br/imprensa/jsp/visualiza/index.jsp?data=02/05/2018&amp;jornal=529&amp;pagina=51" editionNumber="83" highlight="" idMateria="10717121">
  <body>
    <Identifica><![CDATA[ PORTARIA Nº 1.122, DE 11 DE ABRIL DE 2018]]></Identifica>
    <Data><![CDATA[]]></Data>
    <Ementa />
    <Titulo />
    <SubTitulo />
    <Texto><![CDATA[<p class="identifica">PORTARIA Nº 1.122, DE 11 DE ABRIL DE 2018</p><p>O COORDENADOR-GERAL DE GESTÃO DE PESSOAS DO MINISTÉRIO DOS TRANSPORTES, PORTOS E AVIAÇÃO CIVIL, no uso das suas atribuições que lhe foram subdelegadas pela Portaria/SAAD n.º 202, artigo 1° inciso VII, de 08 de outubro de 2010, publicada no Diário Oficial da União, de 11 de outubro de 2010, resolve:</p><p>Conceder Pensão Vitalícia, nos termos do art. 5º inciso I alínea "a", da Lei nº 3.373/58, combinada com a Lei nº 6.782/80, à CECILIA NEVES DA SILVA, viúva do ex-servidor JUSTINIANO PEREIRA DA SILVA, matrícula Siape n.º 0871117, originário do extinto Departamento Nacional de Estradas de Rodagem, falecido em 25 de janeiro de 1987, no valor correspondente a 100% (cem por cento) do provento integral do cargo de Agente de Portaria, referência NA25, com vigência na data do óbito do ex-servidor até 19 de outubro de 2012 data do seu falecimento. (Processo SEI n.º 50000.000301/2013-34) PR.</p><p class="assina">ROBSON DE SOUZA ANDRADE</p>]]></Texto>
  </body>
</article></xml>