﻿<xml><article id="2902970" name="DOU 2-SGMPF-PT-263-UNI-221558_CR" idOficio="4772087" pubName="DO2" artType="Portaria" pubDate="02/05/2018" artClass="00034:00007:00003:00000:00000:00000:00000:00000:00000:00000:00025:00009" artCategory="Ministério Público da União/Ministério Público Federal/Secretaria-Geral" artSize="8" artNotes="" numberPage="56" pdfPage="http://pesquisa.in.gov.br/imprensa/jsp/visualiza/index.jsp?data=02/05/2018&amp;jornal=529&amp;pagina=56" editionNumber="83" highlight="" idMateria="10718004">
  <body>
    <Identifica><![CDATA[ PORTARIA Nº 263, DE 25 DE ABRIL DE 2018]]></Identifica>
    <Data><![CDATA[]]></Data>
    <Ementa />
    <Titulo />
    <SubTitulo />
    <Texto><![CDATA[<p class="identifica">PORTARIA Nº 263, DE 25 DE ABRIL DE 2018</p><p>O SECRETÁRIO-GERAL DO MINISTÉRIO PÚBLICO FEDERAL, no uso de suas atribuições e tendo em vista a competência que lhe foi delegada pela Portaria PGR/MPF nº 440, de 3 de junho de 2015, e o contido na Portaria PGR/MPU nº 536, de 24 de outubro de 2008, assim como o disposto no processo administrativo nº 1.00.000.005212/2018-65, resolve:</p><p>AUTORIZAR, até 12 de junho de 2019, com ônus para o Ministério Público Federal, a prorrogação da cessão do servidor BRUNO SVIZZERO GODINHO, ocupante do cargo de Técnico do MPU/Apóio Técnico-Administrativo/Segurança Institucional e Transporte, para continuar a exercer a função comissionada de Assistente Adjunto II, código FC-02, na Subseção Judiciária de Lavras/MG.</p><p class="assina">ALEXANDRE CAMANHO DE ASSIS</p>]]></Texto>
  </body>
</article></xml>