﻿<xml><article id="2897858" name="PORTARIA Nº 1250.rtf 1250" idOficio="4771612" pubName="DO2" artType="Portaria" pubDate="02/05/2018" artClass="00031:00002:00658:04233:00000:00000:00000:00000:00000:00000:00025:00013" artCategory="Ministério dos Transportes, Portos e Aviação Civil/Secretaria Executiva/Subsecretaria de Assuntos Administrativos/Coordenação-Geral de Gestão de Pessoas" artSize="8" artNotes="" numberPage="52" pdfPage="http://pesquisa.in.gov.br/imprensa/jsp/visualiza/index.jsp?data=02/05/2018&amp;jornal=529&amp;pagina=52" editionNumber="83" highlight="" idMateria="10717124">
  <body>
    <Identifica><![CDATA[ PORTARIA Nº 1.250, DE 26 DE ABRIL DE 2018]]></Identifica>
    <Data><![CDATA[]]></Data>
    <Ementa />
    <Titulo />
    <SubTitulo />
    <Texto><![CDATA[<p class="identifica">PORTARIA Nº 1.250, DE 26 DE ABRIL DE 2018</p><p>O COORDENADOR-GERAL DE GESTÃO DE PESSOAS DO MINISTÉRIO DOS TRANSPORTES, PORTOS E AVIAÇÃO CIVIL, no uso das atribuições que lhe foram subdelegadas pela Portaria/SAAD nº. 202, art. 1°, inciso VII, de 08 de outubro de 2010, publicada no Diário Oficial da União, de 11 de outubro de 2010, resolve:</p><p>Conceder Pensão temporária, nos termos dos artigos 215 e 217, inciso II, alínea "a", da Lei nº. 8112/1990, à SULAMITA ALVES BARROS, filha inválida do ex-servidor JOSÉ EDILSON DE OLIVEIRA BARROS, matrícula SIAPE nº. 0849956, originário do extinto Departamento Nacional de Estradas de Rodagem, falecido na inatividade em 22 de setembro de 2011, cuja cota parte equivale a 50% (cinquenta por cento) do valor correspondente à remuneração decorrente do cargo de Motorista Oficial (NI) Classe "S", Padrão III, com vigência na data da inclusão (habilitação tardia) alterando-se a partir da presente data a cota parte de pensão do beneficiário Esequias Alves Barros para 50% (cinquenta por cento). (Processo SEI nº. 50000.050677/2017-13) CE.</p><p class="assina">ROBSON DE SOUZA ANDRADE</p>]]></Texto>
  </body>
</article></xml>