﻿<xml><article id="2898338" name="ATO 138 2018" idOficio="4771701" pubName="DO2" artType="Ato" pubDate="02/05/2018" artClass="00038:00044:00000:00000:00000:00000:00000:00000:00000:00000:00001:00002" artCategory="Poder Judiciário/Tribunal Regional do Trabalho da 5ª Região" artSize="8" artNotes="" numberPage="67" pdfPage="http://pesquisa.in.gov.br/imprensa/jsp/visualiza/index.jsp?data=02/05/2018&amp;jornal=529&amp;pagina=67" editionNumber="83" highlight="" idMateria="10717257">
  <body>
    <Identifica><![CDATA[  ATO Nº 138, DE 17 DE ABRIL DE 2018]]></Identifica>
    <Data><![CDATA[]]></Data>
    <Ementa />
    <Titulo />
    <SubTitulo />
    <Texto><![CDATA[<p></p><p class="identifica">ATO Nº 138, DE 17 DE ABRIL DE 2018</p><p>A PRESIDENTE DO TRIBUNAL REGIONAL DO TRABALHO DA QUINTA REGIÃO, no uso de suas atribuições legais e regimentais, em observância ao disposto na Lei 8.112/1990, art. 37, com a nova redação dada pela Lei 9.527/1997, com base na Res. 146/2012 do CNJ e conforme PROAD nº 13817/2017, resolve:</p><p>REDISTRIBUIR, com efeitos a partir de 02/05/2018, o cargo efetivo de Analista Judiciário/Judiciária ocupado pelo servidor THIAGO JOSÉ FEITOSA ONOFRE, do quadro permanente de pessoal deste Tribunal Regional do Trabalho da 5ª Região, tendo por reciprocidade a redistribuição simultânea do cargo de Analista Judiciário/ Judiciária ocupado pela servidora MELINA ALVES BRASIL, do quadro permanente de pessoal do Tribunal Regional do Trabalho da 6ª Região.</p><p></p><p class="assina">Des. MARIA DE LOURDES LINHARES</p>]]></Texto>
  </body>
</article></xml>