﻿<xml><article id="2901105" name="Portaria 012-2018_DOU_Exoneração" idOficio="4771891" pubName="DO2" artType="Portaria" pubDate="02/05/2018" artClass="00039:00410:00000:00000:00000:00000:00000:00000:00000:00000:00025:00001" artCategory="Entidades de Fiscalização do Exercício das Profissões Liberais/Conselho Regional de Odontologia do Distrito Federal" artSize="8" artNotes="" numberPage="71" pdfPage="http://pesquisa.in.gov.br/imprensa/jsp/visualiza/index.jsp?data=02/05/2018&amp;jornal=529&amp;pagina=71" editionNumber="83" highlight="" idMateria="10717598">
  <body>
    <Identifica><![CDATA[ PORTARIA  Nº  12, DE 30 de abril de 2018]]></Identifica>
    <Data><![CDATA[]]></Data>
    <Ementa />
    <Titulo />
    <SubTitulo />
    <Texto><![CDATA[<p></p><p class="identifica">PORTARIA Nº 12, DE 30 de abril de 2018</p><p>O Presidente do Conselho Regional de Odontologia do Distrito Federal, no exercício de suas atribuições regimentais que lhe confere o art. 62 do Regimento Interno homologado pela Decisão CFO 57/76, vem divulgar que a Diretoria, no exercício das atribuições que lhe confere o art. 13, I do mesmo Regimento, resolve:</p><p>Art. 1º Exonerar Roberto Dias Rocha, CPF 717.284.221-91, do cargo de livre nomeação e exoneração de Encarregado de Informática do Conselho Regional de Odontologia do Distrito Federal.</p><p>Art. 2º Esta Portaria entra em vigor na data de sua publicação.</p><p></p><p class="assina">Samir Najjar</p><p></p>]]></Texto>
  </body>
</article></xml>