﻿<xml><article id="2895710" name="imp167 - Portaria 423-2018 colab" idOficio="4770057" pubName="DO2" artType="Portaria" pubDate="02/05/2018" artClass="00011:00059:00000:00000:00000:00000:00000:00000:00000:00000:00025:00002" artCategory="Ministério da Educação/Instituto Federal de Educação, Ciência e Tecnologia Catarinense" artSize="8" artNotes="" numberPage="17" pdfPage="http://pesquisa.in.gov.br/imprensa/jsp/visualiza/index.jsp?data=02/05/2018&amp;jornal=529&amp;pagina=17" editionNumber="83" highlight="" idMateria="10713820">
  <body>
    <Identifica><![CDATA[   PORTARIA  Nº 423,  DE 27 DE ABRIL DE 2018 ]]></Identifica>
    <Data><![CDATA[]]></Data>
    <Ementa />
    <Titulo />
    <SubTitulo />
    <Texto><![CDATA[<p class="identifica">PORTARIA Nº 423, DE 27 DE ABRIL DE 2018</p><p>A REITORA DO INSTITUTO FEDERAL CATARINENSE, no uso da competência que lhe foi subdelegada pelo Decreto não numerado de 12/01/2016, publicado no Diário Oficial da União, seção 2, pág. 01, em 13/01/2016, considerando o que consta no Processo nº 23368.001005/2018-23: resolve:</p><p>Art. 1º - AUTORIZAR a Cessão para Colaboração Técnica do(a) servidor(a) ANA CAROLINA COLLA, matrícula SIAPE nº 1949020, ocupante do cargo de Auxiliar em Administração, lotado(a) no IFC - Campus Luzerna, para prestar Colaboração Técnica junto ao Instituto Federal do Rio Grande do Sul (IFRS) Campus Porto Alegre, nos termos do art. 26-A, da Lei nº 11.091/2005 e art.31 da Resolução Nº 66-CONSUPER/2013, pelo período de 2(dois) anos a contar da data de publicação no DOU.</p><p>Art. 2º - Esta portaria entra em vigor na data de sua publicação.</p><p class="assina">SÔNIA REGINA DE SOUZA FERNANDES</p>]]></Texto>
  </body>
</article></xml>