﻿<xml><article id="2895497" name="27-04-18 - Aposentadoria Fernand" idOficio="4770012" pubName="DO2" artType="Portaria" pubDate="02/05/2018" artClass="00032:00005:00000:00000:00000:00000:00000:00000:00000:00000:00025:00001" artCategory="Ministério Extraordinário da Segurança Pública/Departamento Penitenciário Nacional" artSize="8" artNotes="" numberPage="55" pdfPage="http://pesquisa.in.gov.br/imprensa/jsp/visualiza/index.jsp?data=02/05/2018&amp;jornal=529&amp;pagina=55" editionNumber="83" highlight="" idMateria="10713761">
  <body>
    <Identifica><![CDATA[          PORTARIA Nº 138, DE 20 DE abril DE 2018      ]]></Identifica>
    <Data><![CDATA[]]></Data>
    <Ementa />
    <Titulo />
    <SubTitulo />
    <Texto><![CDATA[<p class="identifica">PORTARIA Nº 138, DE 20 DE abril DE 2018</p><p>O DIRETOR-GERAL DO DEPARTAMENTO PENITENCIÁRIO NACIONAL, tendo em vista o disposto no art. 40, § 1o, inciso III da Constituição Federal, no art. 33 da Lei nº 8.112, de 11 de dezembro de 1990, na forma da regra de transição trazida pelo art. 3º da Emenda Constitucional nº 47 de 2005, e o contido no processo SEI 08118.000513/2018-42, no uso das atribuições subdelegadas pelo inciso XXX do art. 2oda Portaria SE/MESP no20, de 9 de março de 2018, resolve:</p><p>Aposentar FERNANDO DE CASTRO OLIVEIRA no cargo Agente Federal de Execução Penal, matrícula SIAPE no1553308, voluntariamente, com proventos integrais.</p><p class="assina">CARLOS FELIPE ALENCASTRO FERNANDES DE CARVALHO</p>]]></Texto>
  </body>
</article></xml>