﻿<xml><article id="2900047" name="EC 70 PORTARIA 223 de 27-04-2018" idOficio="4771743" pubName="DO2" artType="Portaria" pubDate="02/05/2018" artClass="00012:00002:00012:00036:00000:00000:00000:00000:00000:00000:00025:00001" artCategory="Ministério da Fazenda/Secretaria Executiva/Subsecretaria de Planejamento, Orçamento e Administração/Superintendência de Administração em São Paulo" artSize="8" artNotes="" numberPage="28" pdfPage="http://pesquisa.in.gov.br/imprensa/jsp/visualiza/index.jsp?data=02/05/2018&amp;jornal=529&amp;pagina=28" editionNumber="83" highlight="" idMateria="10717373">
  <body>
    <Identifica><![CDATA[  PORTARIA  Nº  223,  DE  27 de abril de 2018]]></Identifica>
    <Data><![CDATA[]]></Data>
    <Ementa />
    <Titulo />
    <SubTitulo />
    <Texto><![CDATA[<p class="identifica">PORTARIA Nº 223, DE 27 de abril de 2018</p><p>O SUPERINTENDENTE DE ADMINISTRAÇÃO DO MINISTÉRIO DA FAZENDA NO ESTADO DE SÃO PAULO, no uso de suas atribuições que lhe confere o artigo 65, inciso XV da Portaria MF nº 144 de 27/04/2016, publicado no Diário Oficial da União de 29/04/16 e tendo em vista o que consta no Processo nº 10880.101193/2018-48, resolve:</p><p>Conceder pensão , na forma dos artigos 215 e 217, inciso I da Lei nº 8.112/90, com a redação dada pela Lei n° 13.135, publicada no DOU de 18/06/2015 c/c artigo 2º, incisos I e II da Lei nº 10.887 de 18/06/2004 e Art. 6-A da E.C. nº 41/2003, incluído pela E.C. 70/2012 à Sra. NERIDA ALVES DE LIMA, a qual mediante documentação comprobatória apresentada, é viúva do ex-servidor inativo Sr. URIAS GUEDES LONGO DE AZEVEDO, matricula Siapecad 32485, Siape 112130, ocupante do cargo de Auditor Fiscal da Receita Federal do Brasil, Classe "S", Padrão "III" do Quadro de Pessoal do Ministério da Fazenda, falecido em 04/04/2018.</p><p class="assina">DONIZETI DE CARVALHO ROSA</p>]]></Texto>
  </body>
</article></xml>