﻿<xml><article id="2906516" name="MAI 02 port DOU" idOficio="4772232" pubName="DO2" artType="Portaria" pubDate="02/05/2018" artClass="00011:00114:00001:00000:00000:00000:00000:00000:00000:00000:00025:00001" artCategory="Ministério da Educação/Universidade Federal de Goiás/Gabinete do Reitor" artSize="8" artNotes="" numberPage="22" pdfPage="http://pesquisa.in.gov.br/imprensa/jsp/visualiza/index.jsp?data=02/05/2018&amp;jornal=529&amp;pagina=22" editionNumber="83" highlight="" idMateria="10718675">
  <body>
    <Identifica><![CDATA[ Portarias de 30 de Abril de 2018]]></Identifica>
    <Data><![CDATA[]]></Data>
    <Ementa />
    <Titulo />
    <SubTitulo />
    <Texto><![CDATA[<p class="identifica">Portarias de 30 de Abril de 2018</p><p>O Reitor da UFG, usando das atribuições que lhe confere o disposto no art. 56 do Regimento Geral, resolve:</p><p>N° 2.312 - Conceder aposentadoria voluntária, com paridade e proventos integrais, a Maria Aparecida Yazbec Sebba, Matrícula nº 1127062/SIAPE, Professor Adjunto, Classe C, Nível 1, em regime de trabalho de Dedicação Exclusiva, lotada na Faculdade de Letras, nos termos do art. 6º da Emenda Constitucional nº 41/03 (Processo nº 23070.001474/2018-88)</p><p>Nº 2.313 - Conceder aposentadoria voluntária, com paridade e proventos integrais, a Raimundo Martins da Silva Filho, Matrícula nº 0356876/SIAPE, Professor Titular, Classe E, em regime de trabalho de Dedicação Exclusiva, lotado na Faculdade de Artes Visuais, nos termos do art. 3º, incisos I, II e III e Parágrafo Único da Emenda Constitucional nº 47 de 06/07/2005, mantida a vantagem prevista no art. 62-A, da Lei nº 8112/90, correspondente à incorporação de 2/5 (dois quintos) de FG-1 e 3/5 (três quintos) da CD-3. (Processo n º23070.003598/2018-06)</p><p>Nº 2.314 - Aposentar por invalidez permanente, com proventos proporcionais, à razão de 14/30 (catorze, trinta avos) dos seus vencimentos Neuzeni de Souza Leite, Matrícula nº 1424016/SIAPE, Técnico em Enfermagem, Nível de Classificação D, Classe de Capacitação IV, Padrão 10, lotada no Hospital das Clínicas, nos termos do art. 40, § 1º, inciso I, da Constituição Federal com redação dada pela Emenda Constitucional nº 41, de 19/12/03, acrescida do artigo nº 6-A, conforme art. 1º da Emenda Constitucional nº 70, de 29/03/2012. (Processo nº 23070.000820/2018-19)</p><p>Nº 2.315 - Conceder aposentadoria voluntária, com paridade e proventos integrais, a NILVA PESSOA DE SOUZA, Matrícula nº 0301053/SIAPE, Técnico Desportivo, Nível de Classificação E, Classe de Capacitação IV, Padrão 16, lotada na Faculdade de Educação Física e Dança, nos termos do art. 3º, incisos I, II e III e Parágrafo Único da Emenda Constitucional nº 47 de 06/07/2005. (Processo nº 23070.003733/2018-13)</p><p>Nº 2.316 - Conceder aposentadoria voluntária, com paridade e proventos integrais, a Cláudia Ludovico Mello Miguel, Matrícula nº 0301856/SIAPE, Assistente de Administração, Nível de Classificação D, Classe de Capacitação IV, Padrão 16, lotada na Faculdade de Educação, nos termos do art. 3º, incisos I, II e III e Parágrafo Único da Emenda Constitucional nº 47 de 06/07/2005, ficando dispensada da função de Coordenadora Administrativa da Faculdade de Educação, FG-3, que atualmente ocupa. (Processo nº 23070.003966/2018-16)</p><p class="assina">Edward Madureira Brasil</p>]]></Texto>
  </body>
</article></xml>