﻿<xml><article id="2901228" name="Portaria SECEX Nº 58" idOficio="4771940" pubName="DO2" artType="Portaria" pubDate="02/05/2018" artClass="00025:00002:00000:00000:00000:00000:00000:00000:00000:00000:00025:00003" artCategory="Ministério do Meio Ambiente/Secretaria Executiva" artSize="8" artNotes="" numberPage="46" pdfPage="http://pesquisa.in.gov.br/imprensa/jsp/visualiza/index.jsp?data=02/05/2018&amp;jornal=529&amp;pagina=46" editionNumber="83" highlight="" idMateria="10717622">
  <body>
    <Identifica><![CDATA[ PORTARIA Nº 58, DE 27 DE ABRIL DE 2018]]></Identifica>
    <Data><![CDATA[]]></Data>
    <Ementa />
    <Titulo />
    <SubTitulo />
    <Texto><![CDATA[<p class="identifica">PORTARIA Nº 58, DE 27 DE ABRIL DE 2018</p><p>O SECRETÁRIO-EXECUTIVO DO MINISTÉRIO DO MEIO AMBIENTE, no uso da delegação de competência que lhe foi atribuída pela Portaria nº 282, de 20 de agosto de 2009, publicada no Diário Oficial da União de 21 seguinte, e considerando o disposto no art. 93 da Lei no 8.112, de 11 de dezembro de 1990, com a redação conferida pelo art. 22 da Lei nº 8.270, de 17 de dezembro de 1991, regulamentado pelo Decreto nº 9.144, de 22 de agosto de 2017, e pela Orientação Normativa SEGEP/MP nº 4, de 12 de junho de 2015, e, ainda, pela Lei nº 11.357, de 19 de outubro de 2006, e demais informações que constam do Processo nº 02000.003471/2018-32, resolve:</p><p>Art. 1º Ceder, por tempo indeterminado, o servidor JOÃO ALBERTO XAVIER JÚNIOR, matrícula SIAPE nº 1952436, pertencente ao Quadro de Pessoal do Ministério do Meio Ambiente, para exercício junto ao Instituto Chico Mendes de Conservação da Biodiversidade - ICMBio.</p><p>Art. 2º O ônus pela remuneração ou salário é do órgão cedente.</p><p>Art. 3º O servidor deverá apresentar-se imediatamente ao órgão cedente ao término da cessão, observado o disposto nos arts. 4º e 6º da Orientação Normativa SEGEP/MP nº 4, de 12 de junho de 2015.</p><p>Art. 4º Esta Portaria entra em vigor na data da sua publicação.</p><p class="assina">EDSON GONÇALVES DUARTE</p>]]></Texto>
  </body>
</article></xml>