﻿<xml><article id="2902685" name="ATO PORTARIA DA SENAD Nº 8" idOficio="4772033" pubName="DO2" artType="Portaria" pubDate="02/05/2018" artClass="00015:00045:00000:00000:00000:00000:00000:00000:00000:00000:00025:00001" artCategory="Ministério da Justiça/Secretaria Nacional de Políticas Sobre Drogas" artSize="8" artNotes="" numberPage="31" pdfPage="http://pesquisa.in.gov.br/imprensa/jsp/visualiza/index.jsp?data=02/05/2018&amp;jornal=529&amp;pagina=31" editionNumber="83" highlight="" idMateria="10717911">
  <body>
    <Identifica><![CDATA[ PORTARIA  Nº 8, DE 27 DE ABRIL DE 2018]]></Identifica>
    <Data><![CDATA[]]></Data>
    <Ementa />
    <Titulo />
    <SubTitulo />
    <Texto><![CDATA[<p class="identifica">PORTARIA Nº 8, DE 27 DE ABRIL DE 2018</p><p>O SECRETÁRIO NACIONAL DE POLÍTICAS SOBRE DROGAS, em face da competência estabelecida por meio do Decreto nº 9.150, de 04 de setembro de 2017, em seu artigo 24, e com base no que dispõe a Lei nº 8.666, de 21 de junho de 1993, resolve:</p><p>Art. 1º Designar os servidores, desta Secretaria, para constituírem a Comissão Especial de Avaliação, encarregada de realizar os trabalhos de habilitação e pré-qualificação de entidades com vistas à celebração de contrato para prestação de serviços de acolhimento de pessoas com transtornos decorrentes do uso, abuso ou dependência de substâncias psicoativas, em razão do Edital de Credenciamento nº 01/2018 - SENAD/MJ (08129.012437/2017-16), na forma abaixo disposta.</p><p>I - Análise da documentação relativa à habilitação jurídica; à regularidade fiscal e trabalhista; situação econômica e financeira; e à condição técnica da entidade:</p><p>a) ADRIANA OLIVEIRA DE JESUS - matriculada no Siape sob o nº 2014883;</p><p>b) EDUARDO GÓIS DE OLIVEIRA - matriculado no Siape sob o nº 2044922;</p><p>c) JOÃO ROBERTO ALVES TAVARES - matriculado no Siape sob o nº 2483316;</p><p>d) JULIANA BEZERRA DOS SANTOS - matriculada no Siape sob o nº 1178564;</p><p>e) MARCILON DE ARAÚJO - matriculado no Siape sob o nº 1906112;</p><p>f) VICTOR AUGUSTO DE SOUSA OLIVEIRA NASCIMENTO - matriculado no Siape sob o nº 2082647;</p><p>g) LUIZ ALBERTO CARVALHO GUIMARÃES - matriculado no Siape sob o nº 2018884; e</p><p>h) RODRIGO NUNES ARAGÃO . - matriculado no Siape sob o nº 1778773.</p><p>II - Análise do Projeto terapêutico da entidade:</p><p>a) MICHELLE MARTINS SOUZA - matriculada no Siape sob o nº 2039967;</p><p>b) ESTEVÃO MELO DE SOUSA - matriculado no Siape sob o nº 0160517;</p><p>c) LUCIANA CARVALHO CRUZ - matriculada no Siape sob o nº 2015438;</p><p>d) HÉLIO WILSON FERREIRA - matriculado no Siape sob o nº 2570066; e</p><p>e) ANDRÉ CAMELIER GUIMARÃES - matriculado no Siape sob o nº 2325902.</p><p>Art. 2º Ficam designadas as servidoras ANA CARLA COUTO DE MIRANDA CASTRO, matriculada no Siape sob o nº 3531069, como Presidente da Comissão Especial de Avaliação e a servidora DÉBORAH DOMICELI DE OLIVEIRA CRUZ matriculada no Siape sob o nº 1490122, como Presidente substituta da referida Comissão.</p><p>Art. 3º Esta Portaria terá vigência a partir da data de sua assinatura.</p><p class="assina">HUMBERTO DE AZEVEDO VIANA FILHO</p>]]></Texto>
  </body>
</article></xml>