﻿<xml><article id="2895602" name="DOU_CRH_20180427_RS" idOficio="4769547" pubName="DO2" artType="Portaria" pubDate="02/05/2018" artClass="00026:00030:00011:00066:00000:00000:00000:00000:00000:00000:00025:00001" artCategory="Ministério do Planejamento, Desenvolvimento e Gestão/Fundação Instituto Brasileiro de Geografia e Estatística/Diretoria Executiva/Coordenação de Recursos Humanos" artSize="8" artNotes="" numberPage="49" pdfPage="http://pesquisa.in.gov.br/imprensa/jsp/visualiza/index.jsp?data=02/05/2018&amp;jornal=529&amp;pagina=49" editionNumber="83" highlight="" idMateria="10713115">
  <body>
    <Identifica><![CDATA[ PORTARIAS DE 27 DE ABRIL DE 2018]]></Identifica>
    <Data><![CDATA[]]></Data>
    <Ementa />
    <Titulo />
    <SubTitulo />
    <Texto><![CDATA[<p class="identifica">PORTARIAS DE 27 DE ABRIL DE 2018</p><p>O COORDENADOR de RECURSOS HUMANOS da FUNDAÇÃO INSTITUTO BRASILEIRO DE GEOGRAFIA E ESTATÍSTICA-IBGE, usando de suas atribuições, resolve:</p><p>N° 790 - Dispensar, BOLIVAR AUGUSTO CARRA, CPF nº 005.631.161-37, da Função Gratificada de Supervisor I, do(a) Supervisão de Recursos Materiais, do(a) Unidade Estadual do IBGE no Rio Grande do Sul, FG - 1, desta Fundação, a partir de 02/05/2018.</p><p>N° 791 - Designar VINICIUS DA SILVA MADRUGA, CPF nº 029.022.580-97, para exercer a Função Gratificada de Supervisor I, do(a) Supervisão de Recursos Materiais, do(a) Unidade Estadual do IBGE no Rio Grande do Sul, FG - 1, desta Fundação, na forma do disposto no art. 26, da Lei nº 8.216/91.</p><p>N° 792 - Dispensar, RAMON NUNES KRUGER, CPF nº 030.098.430-89, da Função Gratificada de Supervisor II, do(a) Unidade Estadual do IBGE no Rio Grande do Sul, FG - 2, desta Fundação, a partir de 02/05/2018.</p><p>N° 793 - Designar BOLIVAR AUGUSTO CARRA, CPF nº 005.631.161-37, para exercer a Função Gratificada de Supervisor II, do(a) Unidade Estadual do IBGE no Rio Grande do Sul, FG - 2, desta Fundação, na forma do disposto no art. 26, da Lei nº 8.216/91.</p><p class="assina">BRUNO TARANTO MALHEIROS</p>]]></Texto>
  </body>
</article></xml>