﻿<xml><article id="2900650" name="PT29VOLTAREDONDA" idOficio="4771865" pubName="DO2" artType="Portaria" pubDate="02/05/2018" artClass="00022:00029:00240:00025:00021:00000:00000:00000:00000:00000:00025:00001" artCategory="Ministério do Desenvolvimento Social/Instituto Nacional do Seguro Social/Superintendência Regional Sudeste II em Belo Horizonte/Gerência Executiva - B - Volta Redonda/Seção Operacional da Gestão de Pessoas" artSize="8" artNotes="" numberPage="45" pdfPage="http://pesquisa.in.gov.br/imprensa/jsp/visualiza/index.jsp?data=02/05/2018&amp;jornal=529&amp;pagina=45" editionNumber="83" highlight="" idMateria="10717493">
  <body>
    <Identifica><![CDATA[ PORTARIA Nº 29, de 27 de abril de 2018 ]]></Identifica>
    <Data><![CDATA[]]></Data>
    <Ementa />
    <Titulo />
    <SubTitulo />
    <Texto><![CDATA[<p class="identifica">PORTARIA Nº 29, de 27 de abril de 2018</p><p>O CHEFE DA SEÇÃO OPERACIONAL DE GESTÃO DE PESSOAS DA GERÊNCIA EXECUTIVA DO INSS EM VOLTA REDONDA, no Estado do Rio de Janeiro, no uso das atribuições estabelecidas na alínea "b", do inciso I, do Artigo 235 do Regimento Interno, aprovado pela Portaria MDS nº 414, de 28/09/2017 - publicado no DOU - Edição Extra nº 188-A, de 29/09/2017, Seção I, resolve:</p><p>Conceder Aposentadoria Voluntária Integral a servidora Ana Lucia Gomes da Silva Moraes , matrícula nº 0911460, ocupante do cargo de Técnico do Seguro Social, classe "S", padrão IV, do Quadro de Pessoal do Instituto Nacional do Seguro Social, com fundamento no artigo 3º da Emenda Constitucional nº 47, de 05 de julho de 2005, observado o contido no Processo 37328.000121/2018-14 declarando, em consequência, o referido cargo vago.</p><p class="assina">CELSO PAIXÃO DE BARROS</p>]]></Texto>
  </body>
</article></xml>