﻿<xml><article id="2895644" name="PT 35 SOGP SP CENTRO - DIA 02.05" idOficio="4770411" pubName="DO2" artType="Portaria" pubDate="02/05/2018" artClass="00022:00029:00239:00004:00024:00012:00000:00000:00000:00000:00025:00001" artCategory="Ministério do Desenvolvimento Social/Instituto Nacional do Seguro Social/Superintendência-Regional Sudeste I em São Paulo/Gerência Executiva - A - em São Paulo - Centro/Serviço de Administração/Seção Operacional da Gestão de Pessoas" artSize="8" artNotes="" numberPage="43" pdfPage="http://pesquisa.in.gov.br/imprensa/jsp/visualiza/index.jsp?data=02/05/2018&amp;jornal=529&amp;pagina=43" editionNumber="83" highlight="" idMateria="10714428">
  <body>
    <Identifica><![CDATA[ PORTARIA Nº 35, de 27 DE ABRIL DE 2018]]></Identifica>
    <Data><![CDATA[]]></Data>
    <Ementa />
    <Titulo />
    <SubTitulo />
    <Texto><![CDATA[<p class="identifica">PORTARIA Nº 35, de 27 DE ABRIL DE 2018</p><p>O Chefe da Seção Operacional da Gestão de Pessoas da Gerência Executiva do INSS São Paulo - Centro, no uso das atribuições que lhe foram conferidas pelo art. 235, inciso I, alínea "b", do Regime Interno do INSS, aprovado pela Portaria MDS nº 414 de 28.09.2017, publicada no DOU Nº 188-A, de 29.09.2017, e tendo em vista o que consta no processo nº 35366.000251/2018-67, resolve:</p><p>Conceder aposentadoria voluntária ao servidor WANDERLEI FRANCISCO PIRES, Matrícula 0934.337, ocupante do cargo de Técnico do Seguro Social, NI, Classe S, Padrão IV, do Quadro de Pessoal do Instituto Nacional do Seguro Social, com fundamento no artigo 3º da Emenda Constitucional nº 47 de 05/07/2005, com proventos integrais, acrescido das demais vantagens a que faz jus.</p><p class="assina">ALOÍSIO BARBOSA LEMES</p>]]></Texto>
  </body>
</article></xml>