﻿<xml><article id="2907081" name="(DOU) PORTARIAS xx, xx,xx - MARC" idOficio="4772262" pubName="DO2" artType="Portaria" pubDate="02/05/2018" artClass="00012:00002:00012:00020:00000:00000:00000:00000:00000:00000:00025:00001" artCategory="Ministério da Fazenda/Secretaria Executiva/Subsecretaria de Planejamento, Orçamento e Administração/Superintendência de Administração em Goiás" artSize="8" artNotes="" numberPage="27" pdfPage="http://pesquisa.in.gov.br/imprensa/jsp/visualiza/index.jsp?data=02/05/2018&amp;jornal=529&amp;pagina=27" editionNumber="83" highlight="" idMateria="10718667">
  <body>
    <Identifica><![CDATA[ Portaria nº 59, de 20 de abril de 2018]]></Identifica>
    <Data><![CDATA[]]></Data>
    <Ementa />
    <Titulo />
    <SubTitulo />
    <Texto><![CDATA[<p class="identifica">Portaria nº 59, de 20 de abril de 2018</p><p>O SUPERINTENDENTE DE ADMINISTRAÇÃO DO MINISTÉRIO DA FAZENDA EM GOIÁS E TOCANTINS, no uso da competência que lhe foi atribuída pelo Artigo 86, inciso XI, da Portaria 144, do Senhor Ministro de Estado da Fazenda, de 27/04/2016, publicada no Diário Oficial da União de 29/04/2016, e Portaria SRF/MF nº 1671/05, publicada no DOU de 20/06/05 resolve:</p><p>CONCEDER aposentadoria voluntária ao servidor MARCOS ANTONIO DAVID, CPF nº 191.981.591-00, Matrícula SIAPE 6104331, no cargo de Auditor Fiscal da Receita Federal do Brasil, Nível "NS", Classe "S", Padrão "III", lotado na Delegacia da Receita Federal do Brasil e em exercício no SEFIS, em Goiânia-GO, com fundamento no Art. 3º da EC nº 47, de 05/07/2005, publicada no DOU de 06/07/2005.(Processo nº: 10120-723.261/2018-26).</p><p class="assina">Carlos Roberto Neri Matos</p><p></p>]]></Texto>
  </body>
</article></xml>