﻿<xml><article id="2902160" name="P2RF215e216" idOficio="4772036" pubName="DO2" artType="Portaria" pubDate="02/05/2018" artClass="00012:00055:00094:00000:00000:00000:00000:00000:00000:00000:00025:00001" artCategory="Ministério da Fazenda/Secretaria da Receita Federal do Brasil/Superintendência Regional da 2ª Região Fiscal" artSize="8" artNotes="" numberPage="29" pdfPage="http://pesquisa.in.gov.br/imprensa/jsp/visualiza/index.jsp?data=02/05/2018&amp;jornal=529&amp;pagina=29" editionNumber="83" highlight="" idMateria="10717828">
  <body>
    <Identifica><![CDATA[ PORTARIAS DE 27 DE ABRIL DE 2018]]></Identifica>
    <Data><![CDATA[]]></Data>
    <Ementa />
    <Titulo />
    <SubTitulo />
    <Texto><![CDATA[<p class="identifica">PORTARIAS DE 27 DE ABRIL DE 2018</p><p>O SUPERINTENDENTE DA RECEITA FEDERAL DO BRASIL NA 2ª REGIÃO FISCAL, no uso das suas atribuições e da competência que lhe foi subdelegada pela Portaria RFB nº 4.338, de 09/09/2005, publicada no DOU de 12/09/2005, e tendo em vista a Portaria RFB nº 4.071, de 02/05/2007, publicada na edição extra do DOU de 02/05/2007, resolve:</p><p>Nº 215 - Dispensar DAIANA GOMES ALVES VIEIRA, Auditor-Fiscal da Receita Federal do Brasil, matrícula Siapecad Nº 02006555, da Função Gratificada de Chefe da Equipe de Arrecadação e Cobrança (EAC/2) da Delegacia da Receita Federal do Brasil em Ji-Paraná (RO), Código FG-3.</p><p>Nº 216 - Designar ELISA MERKEL FERREIRA, Auditor-Fiscal da Receita Federal do Brasil, matrícula Siapecad Nº 02111473, para exercer a Função Gratificada de Chefe da Equipe de Arrecadação e Cobrança (EAC/2) da Delegacia da Receita Federal do Brasil em Ji-Paraná (RO), Código FG-3.</p><p class="assina">MOACYR MONDARDO JUNIOR</p>]]></Texto>
  </body>
</article></xml>