﻿<xml><article id="2906453" name="DOU 02-05-2018 - FC - Titulares " idOficio="4772227" pubName="DO2" artType="Ato" pubDate="02/05/2018" artClass="00037:00001:00000:00000:00000:00000:00000:00000:00000:00000:00001:00001" artCategory="Poder Legislativo/Câmara dos Deputados" artSize="8" artNotes="" numberPage="61" pdfPage="http://pesquisa.in.gov.br/imprensa/jsp/visualiza/index.jsp?data=02/05/2018&amp;jornal=529&amp;pagina=61" editionNumber="83" highlight="" idMateria="10718185">
  <body>
    <Identifica><![CDATA[ ATOS De 30 DE ABRIL DE 2018]]></Identifica>
    <Data><![CDATA[]]></Data>
    <Ementa />
    <Titulo />
    <SubTitulo />
    <Texto><![CDATA[<p></p><p class="identifica">ATOS De 30 DE ABRIL DE 2018</p><p>O PRESIDENTE DA CÂMARA DOS DEPUTADOS, no uso das atribuições que lhe confere o artigo 1º, inciso I, alínea "a" do Ato da Mesa n.º 205, de 28 de junho de 1990, resolve:</p><p>DISPENSAR, de acordo com o artigo 35, inciso I, da Lei n° 8.112, de 11 de dezembro de 1990, VINÍCIUS SCHEFFEL, ponto nº 7867, ocupante de cargo da Categoria Funcional de Analista Legislativo - atribuição Técnica Legislativa, Classe A, Padrão 04, da função comissionada de Assessor Técnico, FC-3, do Gabinete do Líder do Partido do Movimento Democrático Brasileiro, do Quadro de Pessoal da Câmara dos Deputados.</p><p></p><p>O PRESIDENTE DA CÂMARA DOS DEPUTADOS, no uso das atribuições que lhe confere o artigo 1º, inciso I, alínea "a" do Ato da Mesa n.º 205, de 28 de junho de 1990, e o artigo 6º da Lei nº 8.112, de 11 de dezembro de 1990, resolve:</p><p>DESIGNAR, na forma do artigo 13 da Resolução n.º 21, de 4 de novembro de 1992, VINÍCIUS SCHEFFEL, ponto n° 7867, ocupante de cargo da Categoria Funcional de Analista Legislativo - atribuição Técnica Legislativa, Classe A, Padrão 04, para exercer a função comissionada de Chefe de Gabinete do Líder do Partido Social Democrático, FC-4, do Quadro de Pessoal da Câmara dos Deputados.</p><p class="assina">Rodrigo Maia</p>]]></Texto>
  </body>
</article></xml>