﻿<xml><article id="2900873" name="DOU 2-PRR4-1PT-60-UNI-7979_terc8" idOficio="4771879" pubName="DO2" artType="Portaria" pubDate="02/05/2018" artClass="00034:00007:00020:00000:00000:00000:00000:00000:00000:00000:00025:00009" artCategory="Ministério Público da União/Ministério Público Federal/Procuradoria Regional da República da 4ª Região" artSize="8" artNotes="" numberPage="57" pdfPage="http://pesquisa.in.gov.br/imprensa/jsp/visualiza/index.jsp?data=02/05/2018&amp;jornal=529&amp;pagina=57" editionNumber="83" highlight="" idMateria="10717557">
  <body>
    <Identifica><![CDATA[ PORTARIA Nº 60, DE 27 DE ABRIL DE 2018]]></Identifica>
    <Data><![CDATA[]]></Data>
    <Ementa />
    <Titulo />
    <SubTitulo />
    <Texto><![CDATA[<p class="identifica">PORTARIA Nº 60, DE 27 DE ABRIL DE 2018</p><p>O PROCURADOR REGIONAL DA REPÚBLICA, CHEFE DA PROCURADORIA REGIONAL DA REPÚBLICA DA 4ª REGIÃO, no uso das atribuições que lhe conferem a Portaria SG/MPF nº 382, de 5 de maio de 2015, e a Portaria PGR nº 1.036, de 27 de setembro de 2017, resolve:</p><p>Dispensar a servidora DAIANE LONDERO, Analista do MPU/Direito, matrícula nº 21.646-1, da função de confiança de Secretário Nível II, FC-02, do gabinete da Procuradora Regional da República Carolina da Silveira Medeiros.</p><p class="assina">CARLOS AUGUSTO DA SILVA CAZARRÉ</p>]]></Texto>
  </body>
</article></xml>