﻿<xml><article id="2903754" name="PORTARIA Nº 1.671 - 30.04.2018 -" idOficio="4772219" pubName="DO2" artType="Portaria" pubDate="02/05/2018" artClass="00011:00125:00000:00000:00000:00000:00000:00000:00000:00000:00025:00001" artCategory="Ministério da Educação/Universidade Federal de Pernambuco" artSize="8" artNotes="" numberPage="24" pdfPage="http://pesquisa.in.gov.br/imprensa/jsp/visualiza/index.jsp?data=02/05/2018&amp;jornal=529&amp;pagina=24" editionNumber="83" highlight="" idMateria="10718179">
  <body>
    <Identifica><![CDATA[ PORTARIA Nº 1.671, DE 30 DE ABRIL DE 2018]]></Identifica>
    <Data><![CDATA[]]></Data>
    <Ementa />
    <Titulo />
    <SubTitulo />
    <Texto><![CDATA[<p class="identifica">PORTARIA Nº 1.671, DE 30 DE ABRIL DE 2018</p><p>A VICE-REITORA NO EXERCÍCIO DA REITORIA DA UNIVERSIDADE FEDERAL DE PERNAMBUCO, no uso de suas atribuições e, tendo em vista o contido no Processo nº 23076.010369/2018-80; resolve:</p><p>Retificar a Portaria de Pessoal nº 1.381/2018, publicada no Diário Oficial da União nº 72, de 16/04/2018, referente à cessão do servidor EDGARD VICTOR FILHO, Médico, matrícula SIAPE nº 1791424, lotado na Coordenação Médica do HC desta Universidade, de Cessão para a EBSERH, nos termos do art. 22 da Lei nº 8.270/1991, nos seguintes termos: ONDE SE LÊ: "... (GF 0026)". LEIA-SE: "...(GF 0027)".</p><p class="assina">FLORISBELA DE ARRUDA CAMARA E SIQUEIRA CAMPOS</p>]]></Texto>
  </body>
</article></xml>