﻿<xml><article id="2898344" name="ATO 151 2018" idOficio="4771701" pubName="DO2" artType="Ato" pubDate="02/05/2018" artClass="00038:00044:00000:00000:00000:00000:00000:00000:00000:00000:00001:00003" artCategory="Poder Judiciário/Tribunal Regional do Trabalho da 5ª Região" artSize="8" artNotes="" numberPage="67" pdfPage="http://pesquisa.in.gov.br/imprensa/jsp/visualiza/index.jsp?data=02/05/2018&amp;jornal=529&amp;pagina=67" editionNumber="83" highlight="" idMateria="10717258">
  <body>
    <Identifica><![CDATA[  ATO Nº 151, DE 25 DE ABRIL DE 2018]]></Identifica>
    <Data><![CDATA[]]></Data>
    <Ementa />
    <Titulo />
    <SubTitulo />
    <Texto><![CDATA[<p></p><p class="identifica">ATO Nº 151, DE 25 DE ABRIL DE 2018</p><p>A PRESIDENTE DO TRIBUNAL REGIONAL DO TRABALHO DA QUINTA REGIÃO, no uso de suas atribuições legais e regimentais, considerando o que consta do processo de matéria administrativa autuado sob nº 15617/2017 PROAD; resolve:</p><p>RERRATIFICAR o ato 88/2018, publicado no DOU, edição de 20/03/2018 e no DJE edição de 19/03/2018, que aposentou o servidor Jayme Ramos de Queiroz Filho, para que conste aposentadoria, com proventos integrais, no cargo da Categoria Funcional de Técnico Judiciário/Administrativa, Classe C, Padrão 13 (Lei Nº 12.774/12), com fundamento no art. 3º da Emenda Constitucional 47/2005, e vantagens previstas no art. 62 da Lei nº 8.112/90, combinado com o art. 3º da Lei 8.911/94 (revogado pela Lei 9.527/97, mas cujos atos praticados foram convalidados pela Lei 9.624/98).</p><p></p><p class="assina">Des. MARIA DE LOURDES LINHARES</p>]]></Texto>
  </body>
</article></xml>