﻿<xml><article id="2915212" name="PORTARIA - Nº 1.646 - 27.04.2018" idOficio="4770170" pubName="DO2" artType="Portaria" pubDate="03/05/2018" artClass="00011:00125:00000:00000:00000:00000:00000:00000:00000:00000:00019:00001" artCategory="Ministério da Educação/Universidade Federal de Pernambuco" artSize="8" artNotes="" numberPage="30" pdfPage="http://pesquisa.in.gov.br/imprensa/jsp/visualiza/index.jsp?data=03/05/2018&amp;jornal=529&amp;pagina=30" editionNumber="84" highlight="" idMateria="10714000">
  <body>
    <Identifica><![CDATA[ PORTARIA Nº 1.646, DE 27 DE ABRIL DE 2018]]></Identifica>
    <Data><![CDATA[]]></Data>
    <Ementa />
    <Titulo />
    <SubTitulo />
    <Texto><![CDATA[<p class="identifica">PORTARIA Nº 1.646, DE 27 DE ABRIL DE 2018</p><p>O REITOR DA UNIVERSIDADE FEDERAL DE PERNAMBUCO, no uso de suas atribuições conferidas pelo Decreto, de 08/10/2015, publicado no D.O.U. de 09/10/2015, resolve:</p><p>Conceder Aposentadoria Voluntária a EDINEISE FERREIRA DE ALBUQUERQUE, Matrícula SIAPE nº 1131351, ocupante do cargo de Assistente em Administração, Nível de Classificação "D", Nível de Capacitação IV, Padrão 16, do Quadro de Pessoal desta Universidade, com fundamento no artigo 3º, da Emenda Constitucional nº 47/2005 e artigo 2º, da Lei nº 9624/1998, com os proventos integrais do cargo, acrescidos de 04/10 (quatro décimos) da Função Gratificada, código FG-03. processo nº 23076.040068/2016-19</p><p class="assina">ANÍSIO BRASILEIRO DE FREITAS DOURADO</p>]]></Texto>
  </body>
</article></xml>