﻿<xml><article id="2903271" name="portarias-PROGESP DOU 30.04.18 e" idOficio="4772112" pubName="DO2" artType="Portaria" pubDate="02/05/2018" artClass="00011:00128:00985:00000:00000:00000:00000:00000:00000:00000:00025:00001" artCategory="Ministério da Educação/Universidade Federal do Rio Grande do Norte/Pró-Reitoria de Gestão de Pessoas" artSize="8" artNotes="" numberPage="24" pdfPage="http://pesquisa.in.gov.br/imprensa/jsp/visualiza/index.jsp?data=02/05/2018&amp;jornal=529&amp;pagina=24" editionNumber="83" highlight="" idMateria="10718060">
  <body>
    <Identifica><![CDATA[ PORTARIAS DE 30 DE ABRIL DE 2018]]></Identifica>
    <Data><![CDATA[]]></Data>
    <Ementa />
    <Titulo />
    <SubTitulo />
    <Texto><![CDATA[<p class="identifica">PORTARIAS DE 30 DE ABRIL DE 2018</p><p>A PRÓ-REITORA ADJUNTA DE GESTÃO DE PESSOAS DA UNIVERSIDADE FEDERAL DO RIO GRANDE DO NORTE, usando da atribuição conferida pela Portaria n. º 1.270/95-R, de 23.10.95, resolve:</p><p>Nº 268 - Declarar a vacância do cargo de Assistente em Administração, do Quadro de Pessoal da Universidade Federal do Rio Grande do Norte, ocupado por LUCIANA HELENA SILVA ROCHA, matrícula nº 1896067, lotada no Departamento de Enfermagem, do Centro de Ciências da Saúde, a contar de 19 de abril de 2018, em virtude de posse em outro cargo público inacumulável, nos termos do artigo 33, item VIII da Lei n. º 8.112, de 11.12.90. (Processo nº 23077.023056/2018-81)</p><p>Nº 269 - Declarar a vacância do cargo de Auxiliar em Administração, do Quadro de Pessoal da Universidade Federal do Rio Grande do Norte, ocupado por ALLYSON KELLNON NÓBREGA DE CARVALHO, matrícula nº 1170798, lotado no Departamento de Morforlogia, do Centro de Biociências, a contar de 17 de abril de 2018, em virtude de posse em outro cargo público inacumulável, nos termos do artigo 33, item VIII da Lei n. º 8.112, de 11.12.90. (Processo nº 23077.022253/2018-83)</p><p class="assina">RAQUEL ALVES SANTOS</p>]]></Texto>
  </body>
</article></xml>