﻿<xml><article id="2898419" name="PT52TAUBATE" idOficio="4771703" pubName="DO2" artType="Portaria" pubDate="02/05/2018" artClass="00022:00029:00239:00026:00016:00000:00000:00000:00000:00000:00025:00002" artCategory="Ministério do Desenvolvimento Social/Instituto Nacional do Seguro Social/Superintendência-Regional Sudeste I em São Paulo/Gerência Executiva - B - Taubaté/Seção Operacional da Gestão de Pessoas" artSize="8" artNotes="" numberPage="43" pdfPage="http://pesquisa.in.gov.br/imprensa/jsp/visualiza/index.jsp?data=02/05/2018&amp;jornal=529&amp;pagina=43" editionNumber="83" highlight="" idMateria="10717267">
  <body>
    <Identifica><![CDATA[ PORTARIA nº 52, de 27 de abril de 2018]]></Identifica>
    <Data><![CDATA[]]></Data>
    <Ementa />
    <Titulo />
    <SubTitulo />
    <Texto><![CDATA[<p class="identifica">PORTARIA nº 52, de 27 de abril de 2018</p><p>O Chefe da Seção Operacional da Gestão de Pessoas do INSS em Taubaté/SP, no uso das atribuições conferidas pelo Art. 235 do Regimento Interno do INSS, aprovado pela Portaria MDS nº 414, de 28/09/2017, publicada no DOU nº 188-A, de 29/09/2017, resolve:</p><p>Conceder Aposentadoria Voluntária integral à servidora Neuza Estevam de Oliveira, matrícula 0935450, ocupante do cargo de Técnico do Seguro Social, Classe S, Padrão IV, do Quadro de Pessoal do Instituto Nacional do Seguro Social, com fundamento no artigo 3º da Emenda Constitucional nº 47, de 05 de julho de 2005, observado o contido no Processo nº 35410.005353/2017-13, declarando em consequência, o referido cargo vago.</p><p class="assina">CRISTIANO SANTOS DA SILVA</p>]]></Texto>
  </body>
</article></xml>