﻿<xml><article id="2900428" name="4549-CGGES" idOficio="4771824" pubName="DO2" artType="Portaria" pubDate="02/05/2018" artClass="00026:00034:00187:00475:00000:00000:00000:00000:00000:00000:00025:00002" artCategory="Ministério do Planejamento, Desenvolvimento e Gestão/Secretaria de Gestão de Pessoas/Departamento de Órgãos Extintos e de Gestão de Folha de Pagamento/Coordenação-Geral de Gestão de Estatutários" artSize="8" artNotes="" numberPage="50" pdfPage="http://pesquisa.in.gov.br/imprensa/jsp/visualiza/index.jsp?data=02/05/2018&amp;jornal=529&amp;pagina=50" editionNumber="83" highlight="" idMateria="10717446">
  <body>
    <Identifica><![CDATA[ PORTARIA Nº 4.549, DE 30 DE ABRIL DE 2018]]></Identifica>
    <Data><![CDATA[]]></Data>
    <Ementa />
    <Titulo />
    <SubTitulo />
    <Texto><![CDATA[<p class="identifica">PORTARIA Nº 4.549, DE 30 DE ABRIL DE 2018</p><p>O COORDENADOR-GERAL DE GESTÃO DE ESTATUTÁRIOS, SUBSTITUTO, DO DEPARTAMENTO DE ÓRGÃOS EXTINTOS E DE GESTÃO DE FOLHA DE PAGAMENTO DA SECRETARIA DE GESTÃO DE PESSOAS DO MINISTÉRIO DO PLANEJAMENTO, DESENVOLVIMENTO E GESTÃO, no uso da competência que lhe foi delegada pela Portaria nº 141/DEPEX, de 16 de março de 2015, resolve:</p><p>Conceder aposentadoria voluntária com proventos integrais ao servidor EZIO GONÇALVES DOS REIS, matrícula SIAPE nº 856894, ocupante do cargo de Engenheiro, NS, Classe S, Padrão III, do Quadro de Pessoal deste Ministério, oriundo do extinto Departamento Nacional de Estradas e Rodagem, com fundamento no artigo 3º da Emenda Constitucional nº 47, de 2005, declarando a vacância do referido cargo, código de vaga nº 497276. (Processo nº 05586.000008/2018-93).</p><p class="assina">AMADO JOSÉ BUENO NETTO</p>]]></Texto>
  </body>
</article></xml>