﻿<xml><article id="2902409" name="APOSENTADORIA 2018 CARLOS AUGUST" idOficio="4772058" pubName="DO2" artType="Portaria" pubDate="02/05/2018" artClass="00012:00002:00012:00032:00003:00000:00000:00000:00000:00000:00025:00001" artCategory="Ministério da Fazenda/Secretaria Executiva/Subsecretaria de Planejamento, Orçamento e Administração/Superintendência de Administração do Ministério da Fazenda no Estado do Rio de Janeiro/Gerência de Gestão de Pessoas" artSize="8" artNotes="" numberPage="28" pdfPage="http://pesquisa.in.gov.br/imprensa/jsp/visualiza/index.jsp?data=02/05/2018&amp;jornal=529&amp;pagina=28" editionNumber="83" highlight="" idMateria="10717865">
  <body>
    <Identifica><![CDATA[ PORTARIAS DE 30 DE ABRIL DE 2018]]></Identifica>
    <Data><![CDATA[]]></Data>
    <Ementa />
    <Titulo />
    <SubTitulo />
    <Texto><![CDATA[<p class="identifica">PORTARIAS DE 30 DE ABRIL DE 2018</p><p>A GERENTE DE GESTÃO DE PESSOAS DA SUPERINTENDÊNCIA DE ADMINISTRAÇÃO DO MINISTÉRIO DA FAZENDA NO ESTADO DO RIO DE JANEIRO, no uso da competência que lhe foi atribuída, por subdelegação pela Portaria GRA/RJ nº 1.085, 02.10.2008, Diário Oficial da União de 17.10.2008, face os termos da Portaria/SRF nº 1.671, de 16.06.2005, publicado no Diário Oficial da União de 20.06.2005, resolve:</p><p>Nº 39 - Aposentar voluntariamente o servidor CARLOS AUGUSTO SIMÕES DA FONSECA, matrícula SIAPE nº 6148853 SIAPECAD nº 20207, ocupante do cargo de Auditor Fiscal da Receita Federal do Brasil, Classe S, Padrão III, do quadro de pessoal da Secretaria da Receita Federal do Brasil, com fundamento no Art. 3º da Emenda Constitucional nº 47, publicado no DOU de 06/07/2005. (Processo 10768.100982/2018-58).</p><p>Nº 40 - Aposentar voluntariamente o servidor PAULO RONALDO NASCIMENTO BARREIRA, matrícula SIAPE nº 1180261 SIAPECAD nº 57385, ocupante do cargo de Analista Tributário da Receita Federal do Brasil, Classe S, Padrão III, do quadro de pessoal da Secretaria da Receita Federal do Brasil, com fundamento no Art. 3º da Emenda Constitucional nº 47, publicado no DOU de 06/07/2005. (Processo 10768.100974/2018-10).</p><p>Nº 41 - Aposentar voluntariamente o servidor JORGE MATOS RODRIGUES, matrícula SIAPE nº 107490 SIAPECAD nº 12877, ocupante do cargo de Analista Tributário da Receita Federal do Brasil, Classe S, Padrão III, do quadro de pessoal da Secretaria da Receita Federal do Brasil, com fundamento no Art. 3º da Emenda Constitucional nº 47, publicado no DOU de 06/07/2005. (Processo 10768.100963/2018-21).</p><p>Nº 42 - Aposentar voluntariamente a servidora MARINALVA FERREIRA SANTOS, matrícula SIAPE nº 108137 SIAPECAD nº 14754, ocupante do cargo de Analista Tributário da Receita Federal do Brasil, Classe S, Padrão III, do quadro de pessoal da Secretaria da Receita Federal do Brasil, com fundamento no Art. 3º da Emenda Constitucional nº 47, publicado no DOU de 06/07/2005. (Processo 10768.100978/2018-90).</p><p>A GERENTE DE GESTÃO DE PESSOAS DA SUPERINTENDÊNCIA DE ADMINISTRAÇÃO DO MINISTÉRIO DA FAZENDA NO ESTADO DO RIO DE JANEIRO, no uso da competência que lhe foi atribuída, por subdelegação, pela Portaria/GRA/RJ n.º 1.085, 02.10.2008, Diário Oficial da União de 17.10.2008, resolve:</p><p>Nº 43 - Aposentar voluntariamente a servidora ANA MARIA SIMAS DE OLIVEIRA, matrícula SIAPE nº 914452 SIAPECAD nº 847551, ocupante do cargo de Técnico do Seguro Social, Classe S, Padrão IV, do quadro de pessoal do Ministério da Fazenda, com fundamento no Art. 3º da Emenda Constitucional nº 47, publicado no DOU de 06/07/2005. (Processo 10768.100127/2018-47).</p><p class="assina">KATIA DE CAMARGO NUNES</p>]]></Texto>
  </body>
</article></xml>