﻿<xml><article id="2896236" name="07 A 254,255, 397" idOficio="4770623" pubName="DO2" artType="Ato" pubDate="02/05/2018" artClass="00038:00041:00000:00000:00000:00000:00000:00000:00000:00000:00001:00001" artCategory="Poder Judiciário/Tribunal Regional do Trabalho da 2ª Região" artSize="8" artNotes="" numberPage="66" pdfPage="http://pesquisa.in.gov.br/imprensa/jsp/visualiza/index.jsp?data=02/05/2018&amp;jornal=529&amp;pagina=66" editionNumber="83" highlight="" idMateria="10714732">
  <body>
    <Identifica><![CDATA[ ATO   Nº 255, DE 13 DE ABRIL DE 2018 ]]></Identifica>
    <Data><![CDATA[]]></Data>
    <Ementa />
    <Titulo />
    <SubTitulo />
    <Texto><![CDATA[<p></p><p class="identifica">ATO Nº 255, DE 13 DE ABRIL DE 2018</p><p>O Desembargador Presidente do Tribunal Regional do Trabalho da 2ª Região, no uso de suas atribuições legais e regimentais, considerando o disposto no artigo 36, da Lei nº 8.112/1990, no artigo 20, da Lei nº 11.416/2006, no anexo IV, da Portaria Conjunta nº 03/2007, na Resolução CSJT nº 110, de 31/08/2012; e tendo em vista o que consta do PROAD nº 25062/2017, resolve:</p><p>Art. 1º Remover, a pedido, por permuta com o servidor José Martins Quintão, Técnico Judiciário - Área Administrativa, a servidora ALINE PERES COUTO, matrícula nº 98000, Técnico Judiciário - Área Administrativa, do Quadro Permanente da Secretaria do Tribunal Regional do Trabalho da 2ª Região, para o Egrégio Tribunal Regional do Trabalho da 3ª Região. Art. 2º Este Ato PR entra em vigor na data de sua publicação.</p><p class="assina">Des. WILSON FERNANDES</p><p class="identifica">ATO Nº 397, DE 26 DE ABRIL DE 2018</p><p>O Desembargador Presidente do Tribunal Regional do Trabalho da 2ª Região, no uso de suas atribuições legais e regimentais, e tendo em vista o decidido em Sessão Administrativa Ordinária Plenária, realizada a 16 de abril de 2018 (Certidão de 16.04.2018), disponibilizada em 17.04.2018 no Diário Eletrônico da Justiça do Trabalho) e o que consta do Processo TRT-MA Nº 0000106-53.2018.5.02.0000, resolve:</p><p>Art. 1º Conceder aposentadoria voluntária, com proventos integrais à Doutora JANE MEIRE DOS SANTOS GOMES, matrícula nº 75973, no cargo de Juiz Titular de Vara do Trabalho, com fundamento no artigo 93, inciso VI da Constituição Federal e artigo 6º, incisos I, II, III e IV da Emenda Constitucional nº 41/2003. Art. 2º Este Ato PR entra em vigor na data de sua publicação.</p><p class="assina">Des. WILSON FERNANDES</p>]]></Texto>
  </body>
</article></xml>