﻿<xml><article id="2902979" name="DOU 2-MG-1PT-151-UNI-27770_terc7" idOficio="4772087" pubName="DO2" artType="Portaria" pubDate="02/05/2018" artClass="00034:00007:00034:00000:00000:00000:00000:00000:00000:00000:00025:00002" artCategory="Ministério Público da União/Ministério Público Federal/Procuradoria da República no Estado de Minas Gerais" artSize="8" artNotes="" numberPage="58" pdfPage="http://pesquisa.in.gov.br/imprensa/jsp/visualiza/index.jsp?data=02/05/2018&amp;jornal=529&amp;pagina=58" editionNumber="83" highlight="" idMateria="10717997">
  <body>
    <Identifica><![CDATA[ PORTARIA Nº 151, de 26 de Abril de 2018]]></Identifica>
    <Data><![CDATA[]]></Data>
    <Ementa />
    <Titulo />
    <SubTitulo />
    <Texto><![CDATA[<p class="identifica">PORTARIA Nº 151, de 26 de Abril de 2018</p><p>A PROCURADORA-CHEFE DA PROCURADORIA DA REPÚBLICA NO ESTADO DE MINAS GERAIS, no uso da competência prevista pela Portaria PGR/MPF nº 357, de 05 de maio de 2015, resolve:</p><p>1 - Dispensar DÊNIA FERREIRA GOMES, matrícula 20526-5, ocupante do cargo de Analista do MPU/Direito, da função de confiança de Assistente - Nível II, Código FC-2, do Gabinete do Dr. Adailton Ramos do Nascimento, da Procuradoria da República no Estado de Minas Gerais.</p><p>2 - Designar LETÍCIA BRAGA RIBEIRO ZOCRATO, matrícula 23739-6, ocupante do cargo de Técnico do MPU/ Administração, para exercer a função de confiança de Assistente - Nível II, Código FC-2, do Gabinete do Dr. Adailton Ramos do Nascimento, da Procuradoria da República no Estado de Minas Gerais.</p><p class="assina">Isabela de Holanda Cavalcanti</p>]]></Texto>
  </body>
</article></xml>