﻿<xml><article id="2902232" name="ATO PORTARIA Nº 498" idOficio="4772008" pubName="DO2" artType="Portaria" pubDate="02/05/2018" artClass="00011:00042:00000:00000:00000:00000:00000:00000:00000:00000:00025:00012" artCategory="Ministério da Educação/Fundação Universidade Federal de Sergipe" artSize="8" artNotes="" numberPage="16" pdfPage="http://pesquisa.in.gov.br/imprensa/jsp/visualiza/index.jsp?data=02/05/2018&amp;jornal=529&amp;pagina=16" editionNumber="83" highlight="" idMateria="10717795">
  <body>
    <Identifica><![CDATA[ PORTARIA Nº 498, DE 26 DE ABRIL DE 2018]]></Identifica>
    <Data><![CDATA[]]></Data>
    <Ementa />
    <Titulo />
    <SubTitulo />
    <Texto><![CDATA[<p class="identifica">PORTARIA Nº 498, DE 26 DE ABRIL DE 2018</p><p>O REITOR DA UNIVERSIDADE FEDERAL DE SERGIPE, no uso de suas atribuições legais, resolve:</p><p>Art. 1º Tornar sem efeito a Portaria nº 377/UFS, de 02/04/2018, publicada no D.O.U em 10/04/2018, seção 2, pag. 18, que trata de concessão de aposentadoria voluntária, com proventos integrais, ao servidor GABRIEL DA SILVA LOBAO, matrícula SIAPE nº 426001, ocupante do cargo de assistente em administração, da classe D, nível/padrão 416, lotado na Divisão de Execução Orçamentária e Financeira, em jornada de trabalho de 40 horas semanais, em razão de duplicidade de publicação com a Portaria nº 401/UFS, de 04/04/2018, publicada no D.O.U em 06/04/2018, seção 2, pag. 20.</p><p>Art. 2° Esta Portaria entra em vigor nesta data, devendo ser publicada no Diário Oficial da União.</p><p class="assina">Angelo Roberto Antoniolli</p>]]></Texto>
  </body>
</article></xml>