﻿<xml><article id="2900200" name="PT34GARANHUNS" idOficio="4771774" pubName="DO2" artType="Portaria" pubDate="02/05/2018" artClass="00022:00029:00237:00018:00292:00000:00000:00000:00000:00000:00025:00003" artCategory="Ministério do Desenvolvimento Social/Instituto Nacional do Seguro Social/Superintendência Regional Nordeste em Recife/Gerência Executiva - B - em Garanhuns/Seção Operacional  de Gestão de Pessoas" artSize="8" artNotes="" numberPage="42" pdfPage="http://pesquisa.in.gov.br/imprensa/jsp/visualiza/index.jsp?data=02/05/2018&amp;jornal=529&amp;pagina=42" editionNumber="83" highlight="" idMateria="10717392">
  <body>
    <Identifica><![CDATA[ PORTARIA Nº 34, DE 30 DE ABRIL DE 2018]]></Identifica>
    <Data><![CDATA[]]></Data>
    <Ementa />
    <Titulo />
    <SubTitulo />
    <Texto><![CDATA[<p class="identifica">PORTARIA Nº 34, DE 30 DE ABRIL DE 2018</p><p>A CHEFE DA SEÇÃO OPERACIONAL DE GESTÃO DE PESSOAS DA GERÊNCIA EXECUTIVA DO INSS EM GARANHUNS/PE, no uso das atribuições que lhe confere o art. 235 do Regimento Interno do INSS, aprovado pela Portaria MDS nº 414, de 28 de setembro de 2017, publicada no DOU Edição Extra nº 188-A, de 29 de setembro de 2017, resolve:</p><p>Conceder pensão a CELIA MARIA GOMES LOPES, CPF 291.522.594-04, na qualidade de cônjuge, com fundamento no artigo 40, § 7º, inciso I, da Constituição Federal, com redação dada pela Emenda Constitucional 41, de 19 de dezembro de 2003, combinado com os artigos 2º, inciso I, e 15 da Lei 10.887, de 18 de junho de 2004, e artigos 217, inciso I, 222, inciso VII, alínea "b", item 6 da Lei 8.112, de 11 de dezembro de 1990, alterada pelo artigo 3º da Lei 13.135, de 17 de junho de 2015, beneficiária do instituidor JOSÉ AURELIANO CAVALCANTI LOPES, matrícula nº 0902687, Técnico do Seguro Social, Classe "S", Padrão "IV", servidor aposentado do quadro de pessoal deste INSS, a contar de 28 de março de 2018, data do óbito (Processo nº 37345.000118/2018-34).</p><p class="assina">EVA LORENA ALVES FERREIRA</p>]]></Texto>
  </body>
</article></xml>