﻿<xml><article id="2898395" name="PTS62A64SALVADOR" idOficio="4771703" pubName="DO2" artType="Portaria" pubDate="02/05/2018" artClass="00022:00029:00237:00010:00051:00001:00000:00000:00000:00000:00025:00010" artCategory="Ministério do Desenvolvimento Social/Instituto Nacional do Seguro Social/Superintendência Regional Nordeste em Recife/Gerência Executiva - A - em Salvador/Serviço de Administração/Seção Operacional da Gestão de Pessoas" artSize="8" artNotes="" numberPage="41" pdfPage="http://pesquisa.in.gov.br/imprensa/jsp/visualiza/index.jsp?data=02/05/2018&amp;jornal=529&amp;pagina=41" editionNumber="83" highlight="" idMateria="10717276">
  <body>
    <Identifica><![CDATA[ PORTARIAS DE 30 DE ABRIL DE 2018]]></Identifica>
    <Data><![CDATA[]]></Data>
    <Ementa />
    <Titulo />
    <SubTitulo />
    <Texto><![CDATA[<p class="identifica">PORTARIAS DE 30 DE ABRIL DE 2018</p><p>A CHEFE SUBSTITUTA DA SEÇÃO OPERACIONAL DA GESTÃO DE PESSOAS DA GERÊNCIA EXECUTIVA DO INSS EM SALVADOR-BA, no uso das atribuições conferidas no artigo 235, Inciso I, alínea "b" do Regimento Interno do INSS, aprovado pela Portaria/MDS nº 414 de 28/09/2017, publicada no DOU - extra nº 188-A de 29/09/2017, resolve:</p><p>Nº 62 - Conceder Aposentadoria Voluntária à servidora DINORÁ MATIAS DA SILVA SANTOS, matrícula SIAPE nº 0883421, ocupante do cargo de Técnico do Seguro Social, Classe "S", Padrão "IV", do quadro de pessoal do Instituto Nacional do Seguro Social - INSS, com fundamento no Artigo 3º da Emenda Constitucional nº 47/2005, com proventos mensais integrais com base na remuneração do cargo e demais vantagens a que faz jus na forma da lei, observando o contido no Processo nº 35013.001104/2018-12, em consequência, declarar vago o referido cargo.</p><p>Nº 63 - Conceder Aposentadoria Voluntária à servidora JOANICE FERREIRA DOS SANTOS, matrícula SIAPE nº 0532935, ocupante do cargo de Telefonista, Classe "S", Padrão "IV", do quadro de pessoal do Instituto Nacional do Seguro Social - INSS, com fundamento no Artigo 3º da Emenda Constitucional nº 47/2005, com proventos mensais integrais com base na remuneração do cargo e demais vantagens a que faz jus na forma da lei, observando o contido no Processo nº 35013.000997/2018-71, em consequência, declarar vago o referido cargo.</p><p>Nº 64 - Conceder Aposentadoria Voluntária à servidora MARIA DA CONCEIÇÃO BRANDÃO SILVA, matrícula SIAPE nº 0758686, ocupante do cargo de Técnico do Seguro Social, Classe "S", Padrão "IV", do quadro de pessoal do Instituto Nacional do Seguro Social - INSS, com fundamento no Artigo 3º da Emenda Constitucional nº 47/2005, com proventos mensais integrais com base na remuneração do cargo e demais vantagens a que faz jus na forma da lei, observando o contido no Processo nº 35013.001694/2018-75, em consequência, declarar vago o referido cargo.</p><p class="assina">MARIA CECÍLIA DE OLIVEIRA REIS</p>]]></Texto>
  </body>
</article></xml>