﻿<xml><article id="2901883" name="PRT SE MF 155 DE 26 DE ABRIL DE " idOficio="4771973" pubName="DO2" artType="Portaria" pubDate="02/05/2018" artClass="00012:00002:00000:00000:00000:00000:00000:00000:00000:00000:00019:00001" artCategory="Ministério da Fazenda/Secretaria Executiva" artSize="8" artNotes="" numberPage="26" pdfPage="http://pesquisa.in.gov.br/imprensa/jsp/visualiza/index.jsp?data=02/05/2018&amp;jornal=529&amp;pagina=26" editionNumber="83" highlight="" idMateria="10717756">
  <body>
    <Identifica><![CDATA[ PORTARIA   Nº 155, DE 26 DE ABRIL DE 2018]]></Identifica>
    <Data><![CDATA[]]></Data>
    <Ementa />
    <Titulo />
    <SubTitulo />
    <Texto><![CDATA[<p class="identifica">PORTARIA Nº 155, DE 26 DE ABRIL DE 2018</p><p>O SECRETÁRIO EXECUTIVO ADJUNTO DO MINISTÉRIO DA FAZENDA, no uso da competência que lhe foi delegada pelo inciso II, do art. 1º da Portaria MF nº 392, de 14 de julho de 2009, alterada pela Portaria MF no100, de 28 de março de 2017, bem como o que consta no art. 38, da Lei no8.112, de 11 de dezembro de 1990 e tendo em vista o constante do Processo SEI nº 10199.100366/2018-07, resolve:</p><p>Dispensar JULIANA MARIA TORELLY DE CARVALHO ALMEIDA, Auditor Federal de Finanças e Controle, matrícula SIAPE nº 1066179, do encargo de Substituto Eventual do Superintendente de Administração do Ministério da Fazenda no Distrito Federal, código DAS 101.4, da Subsecretaria de Planejamento, Orçamento e Administração.</p><p class="assina">ARIOSTO ANTUNES CULAU</p>]]></Texto>
  </body>
</article></xml>