﻿<xml><article id="2900377" name="336.2018 - PENSÃO - ANA LUIZA C." idOficio="4771802" pubName="DO2" artType="Portaria" pubDate="02/05/2018" artClass="00017:00026:00013:00000:00000:00000:00000:00000:00000:00000:00025:00001" artCategory="Ministério da Saúde/Secretaria de Atenção à Saúde/Instituto Nacional de Traumatologia e Ortopedia Jamil Haddad" artSize="8" artNotes="" numberPage="38" pdfPage="http://pesquisa.in.gov.br/imprensa/jsp/visualiza/index.jsp?data=02/05/2018&amp;jornal=529&amp;pagina=38" editionNumber="83" highlight="" idMateria="10717460">
  <body>
    <Identifica><![CDATA[ PORTARIA Nº  336, DE 27 DE ABRIL DE 2018]]></Identifica>
    <Data><![CDATA[]]></Data>
    <Ementa />
    <Titulo />
    <SubTitulo />
    <Texto><![CDATA[<p class="identifica">PORTARIA Nº 336, DE 27 DE ABRIL DE 2018</p><p>O Diretor do Instituto Nacional de Traumatologia e Ortopedia Jamil Haddad, no uso das atribuições que lhe conferem a Portaria nº. 717/GM/MS, de 22 de Março de 2018, publicada no Diário Oficial da União - DOU nº. 57, de 23 de Março de 2018 e Portaria/CGRH/MS nº. 1041, de 30 de outubro de 2009, publicada no Diário Oficial da União - DOU nº. 209, de 03 de novembro de 2009, resolve:</p><p>Conceder Pensão Vitalícia a Sra. ANA LUIZA CARNEIRO DA SILVA OTSUKA, por falecimento do servidor FERNANDO AUGUSTO NOGUEIRA CORREA DE BARROS, matrícula SIAPE nº 064.536-8, Médico, código NS 309010, do Quadro de Pessoal do Ministério da Saúde, a partir de 11/04/2018, data do óbito do referido servidor, com fundamentos abaixo especificados:</p><p>BENEFICIÁRIO: ANA LUIZA CARNEIRO DA SILVA OTSUKA</p><p>COTA-PARTE: 1/1</p><p>FUNDAMENTO: Art. 217, inciso I, alínea "A" da Lei 8.112/90; com redação dada pela Lei nº 13.135, de 2015.</p><p class="assina">ANDRÉ LUIZ LOYELO BARCELLOS</p><p></p>]]></Texto>
  </body>
</article></xml>