﻿<xml><article id="2902940" name="DOU 2-SGMPF-PT-258-UNI-221870_Gu" idOficio="4772087" pubName="DO2" artType="Portaria" pubDate="02/05/2018" artClass="00034:00007:00003:00000:00000:00000:00000:00000:00000:00000:00025:00005" artCategory="Ministério Público da União/Ministério Público Federal/Secretaria-Geral" artSize="8" artNotes="" numberPage="55" pdfPage="http://pesquisa.in.gov.br/imprensa/jsp/visualiza/index.jsp?data=02/05/2018&amp;jornal=529&amp;pagina=55" editionNumber="83" highlight="" idMateria="10718000">
  <body>
    <Identifica><![CDATA[ PORTARIA Nº 258, DE 27 DE ABRIL DE 2018]]></Identifica>
    <Data><![CDATA[]]></Data>
    <Ementa />
    <Titulo />
    <SubTitulo />
    <Texto><![CDATA[<p class="identifica">PORTARIA Nº 258, DE 27 DE ABRIL DE 2018</p><p>O SECRETÁRIO-GERAL DO MINISTÉRIO PÚBLICO FEDERAL, no uso da competência que lhe foi atribuída pelo artigo 6º - inciso XXXII da Portaria PGR/MPF nº 382, de 5 de maio de 2015, e tendo em vista o disposto nos artigos 9º - inciso II, 35 - inciso I da Lei nº 8.112, de 11 de dezembro de 1990, e no expediente PR-MG-00026228/2018, resolve:</p><p>1. Exonerar, a partir de 2 de maio de 2018, FABIANO GOMES DE OLIVEIRA, matrícula nº 28456, do cargo em comissão de Assessor Nível II, CC-2, do Gabinete do Procurador da República José Adercio Leite Sampaio da Procuradoria da República no Estado de Minas Gerais.</p><p>2. Nomear CRISTIANE AGNES DE SALLES, ocupante do cargo de Técnico do MPU/Administração, matrícula nº 11887, para exercer o cargo em comissão de Assessor Nível II, CC-2, da Unidade de Apoio Descentralizado, da Secretaria Geral do Ministério Público Federal, com exercício na Procuradoria da República no Estado de Minas Gerais, em vaga decorrente do apostilamento de Jonathan Lairon Dutra Gonçalves, matrícula nº 28206.</p><p class="assina">ALEXANDRE CAMANHO DE ASSIS</p>]]></Texto>
  </body>
</article></xml>