﻿<xml><article id="2901982" name="portarias presi subst 30.04" idOficio="4772024" pubName="DO2" artType="Portaria" pubDate="02/05/2018" artClass="00025:00022:00000:00000:00000:00000:00000:00000:00000:00000:00025:00001" artCategory="Ministério do Meio Ambiente/Instituto Chico Mendes de Conservação da Biodiversidade" artSize="8" artNotes="" numberPage="48" pdfPage="http://pesquisa.in.gov.br/imprensa/jsp/visualiza/index.jsp?data=02/05/2018&amp;jornal=529&amp;pagina=48" editionNumber="83" highlight="" idMateria="10717767">
  <body>
    <Identifica><![CDATA[ PORTARIAS DE 27 DEABRIL DE 2018]]></Identifica>
    <Data><![CDATA[]]></Data>
    <Ementa />
    <Titulo />
    <SubTitulo />
    <Texto><![CDATA[<p class="identifica">PORTARIAS DE 27 DEABRIL DE 2018</p><p>A PRESIDENTE, SUBSTITUTA, DO INSTITUTO CHICO MENDES DE CONSERVAÇÃO DA BIODIVERSIDADE, no uso das competências atribuídas pelo artigo 24 do Decreto nº. 8.974, de 24 de janeiro de 2017, e pela Portaria nº. 475/MMA, de 27 de outubro de 2016, publicada no Diário Oficial da União de 28 de outubro de 2016, RESOLVE:</p><p>Nº416 Designar GUILHERME MENEZES BETIOLLO, CPF 679.996.970-87, para exercer os encargos de substituto do Chefe de Unidade de Conservação I, Código DAS-1012, do Parque Nacional da Lagoa do Peixe, do Instituto Chico Mendes de Conservação da Biodiversidade, nos afastamentos, impedimentos legais ou regulamentares do titular e na vacância do cargo.</p><p>Nº419 Dispensar LEILA MATTOS ARAUJO NAPOLES, CPF 106.708.152-68, do encargo de substituto do Chefe de Unidade de Conservação II, Código DAS-101.1, da Floresta Nacional de Balata-Tufari, do Instituto Chico Mendes de Conservação da Biodiversidade.</p><p>Nº420 Nomear LEILA MATTOS ARAUJO NAPOLES, CPF 106.708.152-68, para exercer o cargo em comissão de Chefe de Unidade de Conservação I, Código DAS-101.2, da Floresta Nacional de Tefé, do Instituto Chico Mendes de Conservação da Biodiversidade, ficando exonerada do cargo comissionado que atualmente ocupa.</p><p class="assina">SILVANA CANUTO</p><p class="identifica">PORTARIA Nº 421, DE 30 DE ABRIL DE 2018</p><p>A PRESIDENTE, SUBSTITUTA, DO INSTITUTO CHICO MENDES DE CONSERVAÇÃO DA BIODIVERSIDADE, no uso das competências atribuídas pelo artigo 24 do Decreto nº. 8.974, de 24 de janeiro de 2017, e pela Portaria nº. 475/MMA, de 27 de outubro de 2016, publicada no Diário Oficial da União de 28 de outubro de 2016, resolve:</p><p>Dispensar, a partir de 30 de abril de 2018, ERICA TIEKO FUJISAKI, CPF 187.522.478-56, do encargo de substituto do Chefe de Unidade de Conservação I, Código DAS-101.2, do Parque Nacional Serra da Mocidade, do Instituto Chico Mendes de Conservação da Biodiversidade</p><p class="assina">SILVANA CANUTO</p>]]></Texto>
  </body>
</article></xml>