﻿<xml><article id="2902934" name="DOU 2-SGMPF-PT-260-UNI-221906_te" idOficio="4772087" pubName="DO2" artType="Portaria" pubDate="02/05/2018" artClass="00034:00007:00003:00000:00000:00000:00000:00000:00000:00000:00025:00007" artCategory="Ministério Público da União/Ministério Público Federal/Secretaria-Geral" artSize="8" artNotes="" numberPage="56" pdfPage="http://pesquisa.in.gov.br/imprensa/jsp/visualiza/index.jsp?data=02/05/2018&amp;jornal=529&amp;pagina=56" editionNumber="83" highlight="" idMateria="10718002">
  <body>
    <Identifica><![CDATA[ PORTARIA Nº 260, DE 27 DE ABRIL DE 2018]]></Identifica>
    <Data><![CDATA[]]></Data>
    <Ementa />
    <Titulo />
    <SubTitulo />
    <Texto><![CDATA[<p class="identifica">PORTARIA Nº 260, DE 27 DE ABRIL DE 2018</p><p>O SECRETÁRIO-GERAL DO MINISTÉRIO PÚBLICO FEDERAL, no uso da competência que lhe foi atribuída pelo artigo 6º - inciso XXXII da Portaria PGR/MPF nº 382, de 5 de maio de 2015, e tendo em vista o disposto nos artigos 9º - inciso II, 35 - inciso I e II da Lei nº 8.112, de 11 de dezembro de 1990, e no expediente PGR-00212489/2018, resolve:</p><p>1. Exonerar, a pedido, JESSICA EVELYN CAMPOS FIGUEREDO NEVES, ocupante do cargo de Analista do MPU/Direito, matrícula nº 25307, do cargo em comissão de Assessor Nível IV, CC-4, da Assessoria Jurídica Eleitoral 1, da Secretaria de Apoio à Função Eleitoral da Procuradoria Geral da República.</p><p>2. Exonerar KELTON DE OLIVEIRA GOMES, Bacharel em Direito, ocupante do cargo de Técnico do MPU/Administração, matrícula nº 12835, do cargo em comissão de Assessor Nível IV, CC-4, da Assessoria Jurídica Eleitoral 2, da Secretaria de Apoio à Função Eleitoral da Procuradoria Geral da República.</p><p>3. Exonerar JANAINA DALAVA FREITAS JUSTIMIANO, ocupante do cargo de Analista do MPU/Direito, matrícula nº 6941, do cargo em comissão de Assessor-Chefe Nível V, CC-5, do Gabinete da Subprocuradora-Geral da República Solange Mendes de Souza.</p><p>4. Nomear KELTON DE OLIVEIRA GOMES, Bacharel em Direito, ocupante do cargo de Técnico do MPU/Administração, matrícula nº 12835, para exercer o cargo em comissão de Assessor Nível IV, CC-4, da Assessoria Jurídica Eleitoral 1, da Secretaria de Apoio à Função Eleitoral da Procuradoria Geral da República.</p><p>5. Nomear JESSICA EVELYN CAMPOS FIGUEREDO NEVES, ocupante do cargo de Analista do MPU/Direito, matrícula nº 25307, para exercer o cargo em comissão de Assessor-Chefe Nível V, CC-5, do Gabinete da Subprocuradora-Geral da República Solange Mendes de Souza.</p><p>6. Nomear FABIO SCHIFFER ALBÉ, Bacharel em Direito, para exercer o cargo em comissão de Assessor Nível IV, CC-4, do Gabinete da Subprocuradora-Geral da República Solange Mendes de Souza, em vaga decorrente da exoneração de Flavia Ribeiro Fernandes Resende Campos, matrícula 26106, ocorrida em 15 de março de 2018, publicada no DOU de 16 de março de 2018.</p><p class="assina">ALEXANDRE CAMANHO DE ASSIS</p>]]></Texto>
  </body>
</article></xml>