﻿<xml><article id="2903241" name="DESP MESP 130 CONJUR SEÇÃO 2" idOficio="4772110" pubName="DO2" artType="Despacho" pubDate="02/05/2018" artClass="00032:00001:00000:00000:00000:00000:00000:00000:00000:00000:00019:00004" artCategory="Ministério Extraordinário da Segurança Pública/Gabinete do Ministro" artSize="8" artNotes="" numberPage="55" pdfPage="http://pesquisa.in.gov.br/imprensa/jsp/visualiza/index.jsp?data=02/05/2018&amp;jornal=529&amp;pagina=55" editionNumber="83" highlight="" idMateria="10718058">
  <body>
    <Identifica><![CDATA[ DESPACHO  Nº 130, De 27 de abril de 2018]]></Identifica>
    <Data><![CDATA[]]></Data>
    <Ementa />
    <Titulo />
    <SubTitulo />
    <Texto><![CDATA[<p class="identifica">DESPACHO Nº 130, De 27 de abril de 2018</p><p>PROCESSO Nº 08455.060407/2015-44. INTERESSADO: Rogério de Souza Luz. ASSUNTO: Recurso Hierárquico. DECISÃO: Não conheço do recurso interposto por Rogério de Souza Luz, pelas razões de fato e fundamentos de direito aduzidos no PARECER n. 00015/2018/CEP/CONJUR-MESP/CGU/AGU, aprovado pelo DESPACHO n. 00022/2018/CGAD/CONJUR-MESP/CGU/AGU, e pelo DESPACHO n. 02201/2018/CONJUR-MJ/CGU/AGU da Consultoria Jurídica, que adoto.</p><p class="assina">RAUL JUNGMANN</p><p class="cargo">Ministro</p>]]></Texto>
  </body>
</article></xml>