﻿<xml><article id="2903577" name="Port_5.042_2018_DIR" idOficio="4772184" pubName="DO2" artType="Portaria" pubDate="02/05/2018" artClass="00021:00003:00325:00000:00000:00000:00000:00000:00000:00000:00025:00002" artCategory="Ministério de Minas e Energia/Agência Nacional de Energia Elétrica/Diretoria/ANEEL" artSize="8" artNotes="" numberPage="40" pdfPage="http://pesquisa.in.gov.br/imprensa/jsp/visualiza/index.jsp?data=02/05/2018&amp;jornal=529&amp;pagina=40" editionNumber="83" highlight="" idMateria="10718128">
  <body>
    <Identifica><![CDATA[ PORTARIA N° 5.042, DE 24 DE ABRIL DE 2018]]></Identifica>
    <Data><![CDATA[]]></Data>
    <Ementa />
    <Titulo />
    <SubTitulo />
    <Texto><![CDATA[<p class="identifica">PORTARIA N° 5.042, DE 24 DE ABRIL DE 2018</p><p>O DIRETOR-GERAL DA AGÊNCIA NACIONAL DE ENERGIA ELÉTRICA - ANEEL, no uso das atribuições regimentais, com base no disposto no art. 91 da Lei nº 8.112/1990, de acordo com deliberação da Diretoria e o que consta no Processo nº 48500.001609/2018-28, resolve:</p><p>Art. 1° Conceder licença para tratar de interesses particulares à servidora Rachel Gabriele Bernardes Olsen, matrícula SIAPE nº 1586270, ocupante do cargo de Técnico Administrativo na Assessoria da Diretoria - ASD, por 3 (três) anos, entre 2 de maio de 2018 e 1º de maio de 2021.</p><p>Art. 2º Esta Portaria entra em vigor na data de sua publicação.</p><p class="assina">ROMEU DONIZETE RUFINO</p>]]></Texto>
  </body>
</article></xml>