﻿<xml><article id="2906519" name="MAI 02 Retif port DOU" idOficio="4772232" pubName="DO2" artType="Retificação" pubDate="02/05/2018" artClass="00011:00114:00001:00000:00000:00000:00000:00000:00000:00000:00032:00002" artCategory="Ministério da Educação/Universidade Federal de Goiás/Gabinete do Reitor" artSize="8" artNotes="" numberPage="23" pdfPage="http://pesquisa.in.gov.br/imprensa/jsp/visualiza/index.jsp?data=02/05/2018&amp;jornal=529&amp;pagina=23" editionNumber="83" highlight="" idMateria="10718676">
  <body>
    <Identifica><![CDATA[ Retificação]]></Identifica>
    <Data><![CDATA[]]></Data>
    <Ementa />
    <Titulo />
    <SubTitulo />
    <Texto><![CDATA[<p class="identifica">Retificação</p><p>N° 1 - Retificar os termos da Portaria N° 1513, publicada no D.O.U. em 19/03/2018, seção 2, pág 29, que concedeu aposentadoria a Lucia Kioko Hasimoto e Souza, onde se lê: nos termos do Art. 40 § lº, inciso III alínea 'b', da Constituição Federal combinado com o Art. 2° incisos I, II, III da Emenda Constitucional 41/2003, sendo os proventos calculados conforme os Art. 40, §§ 3º e 17, da Constituição Federal, pela média dos salários de contribuição, sem paridade, leia-se: na modalidade média das contribuições, sem a paridade, com fundamento no Art. 40 § 1º inciso III letra 'a' da Constituição Federal, mantendo os demais termos inalterados. (Processo nº 23070.001791/2018-02)</p>]]></Texto>
  </body>
</article></xml>