﻿<xml><article id="2899942" name="PTS60E61FLORIANOPOLIS" idOficio="4771737" pubName="DO2" artType="Portaria" pubDate="02/05/2018" artClass="00022:00029:00241:00012:00024:00000:00000:00000:00000:00000:00025:00004" artCategory="Ministério do Desenvolvimento Social/Instituto Nacional do Seguro Social/Superintendência Regional Sul em Florianópolis/Gerência Executiva - B - em Florianópolis/Seção Operacional da Gestão de Pessoas" artSize="8" artNotes="" numberPage="46" pdfPage="http://pesquisa.in.gov.br/imprensa/jsp/visualiza/index.jsp?data=02/05/2018&amp;jornal=529&amp;pagina=46" editionNumber="83" highlight="" idMateria="10717361">
  <body>
    <Identifica><![CDATA[ PORTARIAS DE 26 DE ABRIL DE 2018]]></Identifica>
    <Data><![CDATA[]]></Data>
    <Ementa />
    <Titulo />
    <SubTitulo />
    <Texto><![CDATA[<p class="identifica">PORTARIAS DE 26 DE ABRIL DE 2018</p><p>O Chefe da Seção Operacional da Gestão de Pessoas da Gerência Executiva do INSS em Florianópolis/SC, no uso das atribuições, conferidas pelo artigo 235, da Portaria MDS nº 414 de 28/09/2017, publicado no DOU nº 188-A de 29/09/2017, que aprovou o Regimento Interno do INSS, resolve:</p><p>Nº 60 - Conceder Aposentadoria Voluntária Integral a servidora ALTIVA ROBERTA DA SILVA, matrícula 0157156, ocupante do cargo de Agente de Serviços Diversos, Classe S, Padrão IV do quadro de pessoal do INSS, com fundamento no art. 3º inciso I, II e III da EC nº 47/2005, observado o contido no Processo nº 35346.000336/2018-83, e demais vantagens a que faz jus. Declarar vago o referido cargo.</p><p>Nº 61 - Conceder Aposentadoria Voluntária Integral ao servidor CARLOS ROBERTO JANNING, matrícula 0929836, ocupante do cargo de Técnico do Seguro Social, Classe S, Padrão IV do quadro de pessoal do INSS, com fundamento no art. 3º inciso I, II e III da EC nº 47/2005, observado o contido no Processo nº 35346.000319/2018-46, e demais vantagens a que faz jus. Declarar vago o referido cargo..</p><p class="assina">GILSINEI JOSE CARGNIN</p>]]></Texto>
  </body>
</article></xml>