﻿<xml><article id="2895611" name="PORTARIA SUPRESSÃO MARIA FATIMA " idOficio="4769705" pubName="DO2" artType="Portaria" pubDate="02/05/2018" artClass="00007:00003:00066:00000:00000:00000:00000:00000:00000:00000:00025:00001" artCategory="Ministério da Agricultura, Pecuária e Abastecimento/Secretaria Executiva/Superintendência Federal no Estado da Paraíba" artSize="8" artNotes="" numberPage="4" pdfPage="http://pesquisa.in.gov.br/imprensa/jsp/visualiza/index.jsp?data=02/05/2018&amp;jornal=529&amp;pagina=4" editionNumber="83" highlight="" idMateria="10713354">
  <body>
    <Identifica><![CDATA[     PORTARIA Nº 36, DE 25 DE ABRIL DE 2018]]></Identifica>
    <Data><![CDATA[]]></Data>
    <Ementa />
    <Titulo />
    <SubTitulo />
    <Texto><![CDATA[<p class="identifica">PORTARIA Nº 36, DE 25 DE ABRIL DE 2018</p><p>O SUPERINTENDENTE FEDERAL DE AGRICULTURA, PECUÁRIA E ABASTECIMENTO NO ESTADO DA PARAÍBA no uso da atribuição que lhe foi delegada pelo artigo 292, do Regimento Interno das Superintendências Federais de Agricultura, Pecuária e Abastecimento, aprovado pela Portaria Ministerial nº 561, de 11 de abril de 2018, publicada no DOU de 13 de abril de 2018, resolve:</p><p>Art 1º - Suprimir o pagamento de pensão da Sra.. Maria de Fátima Viegas, CPF Nº 041.268.688-01, em cumprimento ao Acórdão n.º 2.780/2016 - TCU/Plenário. Apuração de Índícios de pagamento indevido de Pensão à Filha maior de 21 anos, em desacordo com a Lei nº 3.373/58 e jurisprudência do TCU. (Processo SEI n.º21032.000298/2017-15).</p><p class="assina">LÚCIO AURÉLIO BRAGA MATOS</p>]]></Texto>
  </body>
</article></xml>