﻿<xml><article id="2898320" name="DOU_SP_02052018" idOficio="4771698" pubName="DO2" artType="Portaria" pubDate="02/05/2018" artClass="00037:00001:00002:00008:00001:00001:00000:00000:00000:00000:00025:00001" artCategory="Poder Legislativo/Câmara dos Deputados/Diretoria-Geral/Diretoria de Recursos Humanos/Departamento de Pessoal/Coordenação de Secretariado Parlamentar" artSize="8" artNotes="" numberPage="61" pdfPage="http://pesquisa.in.gov.br/imprensa/jsp/visualiza/index.jsp?data=02/05/2018&amp;jornal=529&amp;pagina=61" editionNumber="83" highlight="" idMateria="10717233">
  <body>
    <Identifica><![CDATA[ PORTARIAS   de 27 de abril de 2018]]></Identifica>
    <Data><![CDATA[]]></Data>
    <Ementa />
    <Titulo />
    <SubTitulo />
    <Texto><![CDATA[<p></p><p class="identifica">PORTARIAS de 27 de abril de 2018</p><p>O Diretor da Coordenação de Secretariado Parlamentar, no uso das atribuições que lhe foram delegadas pelo artigo 1º da Portaria n.º 53, de 2002, do Senhor Diretor Administrativo, resolve:</p><p>Nº 2.487 - Exonerar, de acordo com o artigo 35 da Lei n.º 8.112, de 11 de dezembro de 1990, a partir de 27 de abril de 2018, EDILMA MARIA DA SILVA, ponto n.º 159429, do cargo em comissão de Secretário Parlamentar, SP12, do Quadro de Pessoal da Câmara dos Deputados, que exerce no gabinete do(a) Deputado(a) MISAEL VARELLA.</p><p>Nº 2.488 - Exonerar, de acordo com o artigo 35 da Lei n.º 8.112, de 11 de dezembro de 1990, a partir de 27 de abril de 2018, CLAUDINEI JACY PEREIRA, ponto n.º 165893, do cargo em comissão de Secretário Parlamentar, SP18, do Quadro de Pessoal da Câmara dos Deputados, que exerce no gabinete do(a) Deputado(a) MISAEL VARELLA.</p><p>Nº 2.489 - Exonerar, de acordo com o artigo 35 da Lei n.º 8.112, de 11 de dezembro de 1990, a partir de 27 de abril de 2018, ANNE CRISTINE DE ARAUJO, ponto n.º 208844, do cargo em comissão de Secretário Parlamentar, SP05, do Quadro de Pessoal da Câmara dos Deputados, que exerce no gabinete do(a) Deputado(a) CARLOS MANATO.</p><p>Nº 2.490 - Exonerar, de acordo com o artigo 35 da Lei n.º 8.112, de 11 de dezembro de 1990, a partir de 27 de abril de 2018, APARECIDA CANDIDA DE SOUZA, ponto n.º 224245, do cargo em comissão de Secretário Parlamentar, SP15, do Quadro de Pessoal da Câmara dos Deputados, que exerce no gabinete do(a) Deputado(a) GIUSEPPE VECCI.</p><p>Nº 2.491 - Exonerar, de acordo com o artigo 35 da Lei n.º 8.112, de 11 de dezembro de 1990, a partir de 27 de abril de 2018, EVELYN MAYARA DE OLIVEIRA SILVA PARENTE, ponto n.º 249990, do cargo em comissão de Secretário Parlamentar, SP15, do Quadro de Pessoal da Câmara dos Deputados, que exerce no gabinete do(a) Deputado(a) AUGUSTO CARVALHO.</p><p>Nº 2.492 - Exonerar, de acordo com o artigo 35 da Lei n.º 8.112, de 11 de dezembro de 1990, a partir de 27 de abril de 2018, ALEXANDRO MOREIRA DE MIRANDA, ponto n.º 250813, do cargo em comissão de Secretário Parlamentar, SP02, do Quadro de Pessoal da Câmara dos Deputados, que exerce no gabinete do(a) Deputado(a) REJANE DIAS.</p><p>Nº 2.493 - Exonerar, de acordo com o artigo 35 da Lei n.º 8.112, de 11 de dezembro de 1990, a partir de 27 de abril de 2018, MARIA CELESTE DA SILVA MENDES, ponto n.º 253203, do cargo em comissão de Secretário Parlamentar, SP02, do Quadro de Pessoal da Câmara dos Deputados, que exerce no gabinete do(a) Deputado(a) ZE GERALDO.</p><p>Nº 2.494 - Exonerar, de acordo com o artigo 35 da Lei n.º 8.112, de 11 de dezembro de 1990, a partir de 27 de abril de 2018, ALBERTO DE OLIVEIRA LIMA, ponto n.º 256026, do cargo em comissão de Secretário Parlamentar, SP02, do Quadro de Pessoal da Câmara dos Deputados, que exerce no gabinete do(a) Deputado(a) FERNANDO TORRES.</p><p>Nº 2.495 - Exonerar, de acordo com o artigo 35 da Lei n.º 8.112, de 11 de dezembro de 1990, a partir de 27 de abril de 2018, JOÃO BOSCO ADORNO, ponto n.º 256027, do cargo em comissão de Secretário Parlamentar, SP13, do Quadro de Pessoal da Câmara dos Deputados, que exerce no gabinete do(a) Deputado(a) GIUSEPPE VECCI.</p><p>Nº 2.496 - Exonerar, de acordo com o artigo 35 da Lei n.º 8.112, de 11 de dezembro de 1990, a partir de 27 de abril de 2018, VARLA IVELLIZE PAMPLONA GALVÃO, ponto n.º 257213, do cargo em comissão de Secretário Parlamentar, SP09, do Quadro de Pessoal da Câmara dos Deputados, que exerce no gabinete do(a) Deputado(a) Franklin Roberto de Lima Souza.</p><p>Nº 2.497 - Exonerar, de acordo com o artigo 35 da Lei n.º 8.112, de 11 de dezembro de 1990, a partir de 27 de abril de 2018, SERGIO ROCHA CORDEIRO, ponto n.º 257727, do cargo em comissão de Secretário Parlamentar, SP14, do Quadro de Pessoal da Câmara dos Deputados, que exerce no gabinete do(a) Deputado(a) JAIR BOLSONARO.</p><p>Nº 2.498 - Exonerar, de acordo com o artigo 35 da Lei n.º 8.112, de 11 de dezembro de 1990, a partir de 27 de abril de 2018, ADRIANO CHARLES DA SILVA, ponto n.º 257783, do cargo em comissão de Secretário Parlamentar, SP02, do Quadro de Pessoal da Câmara dos Deputados, que exerce no gabinete do(a) Deputado(a) CICERO ALMEIDA.</p><p>Nº 2.499 - Exonerar, de acordo com o artigo 35 da Lei n.º 8.112, de 11 de dezembro de 1990, a partir de 27 de abril de 2018, VINÍCIUS AIRES PARENTE, ponto n.º 257875, do cargo em comissão de Secretário Parlamentar, SP07, do Quadro de Pessoal da Câmara dos Deputados, que exerce no gabinete do(a) Deputado(a) VICENTINHO JUNIOR.</p><p>Nº 2.500 - TORNAR SEM EFEITO a Portaria n.º 1281 de 23 de março de 2018, publicada no Diá rio Oficial da União de 27 de março de 2018, que nomeou EDER MARTINS GONÇALVES para exercer, no gabinete do(a) Deputado(a) KEIKO OTA, o cargo em comissão de Secretário Parlamentar, SP06, do Quadro de Pessoal da Câmara dos Deputados.</p><p>Nº 2.501 - Nomear, na forma do artigo 9º, inciso II, da Lei nº 8.112, de 11 de dezembro de 1990, ADÃO DE PAULA MARQUES para exercer, no gabinete do(a) Deputado(a) Franklin Roberto de Lima Souza, o cargo em comissão de Secretário Parlamentar, SP09, do Quadro de Pessoal da Câmara dos Deputados.</p><p>Nº 2.502 - Nomear, na forma do artigo 9º, inciso II, da Lei nº 8.112, de 11 de dezembro de 1990, ALLICE ISIS BEZERRA CAVALCANTE para exercer, no gabinete do(a) Deputado(a) MARX BELTRAO, o cargo em comissão de Secretário Parlamentar, SP01, do Quadro de Pessoal da Câmara dos Deputados.</p><p>Nº 2.503 - Nomear, na forma do artigo 9º, inciso II, da Lei nº 8.112, de 11 de dezembro de 1990, CAMILA SALMEIRO BARRETO BAHIA para exercer, no gabinete do(a) Deputado(a) ANTONIO IMBASSAHY, o cargo em comissão de Secretário Parlamentar, SP25, do Quadro de Pessoal da Câmara dos Deputados.</p><p>Nº 2.504 - Nomear, na forma do artigo 9º, inciso II, da Lei nº 8.112, de 11 de dezembro de 1990, CIDILEIA LIMA DOS SANTOS para exercer, no gabinete do(a) Deputado(a) ZE GERALDO, o cargo em comissão de Secretário Parlamentar, SP02, do Quadro de Pessoal da Câmara dos Deputados.</p><p>Nº 2.505 - Nomear, na forma do artigo 9º, inciso II, da Lei nº 8.112, de 11 de dezembro de 1990, CLEALDON ALVES DE ASSIS JUNIOR para exercer, no gabinete do(a) Deputado(a) FABIO TRAD, o cargo em comissão de Secretário Parlamentar, SP01, do Quadro de Pessoal da Câmara dos Deputados.</p><p>Nº 2.506 - Nomear, na forma do artigo 9º, inciso II, da Lei nº 8.112, de 11 de dezembro de 1990, GERSON NUNES DA SILVA para exercer, no gabinete do(a) Deputado(a) ROSSONI, o cargo em comissão de Secretário Parlamentar, SP25, do Quadro de Pessoal da Câmara dos Deputados.</p><p>Nº 2.507 - Nomear, na forma do artigo 9º, inciso II, da Lei nº 8.112, de 11 de dezembro de 1990, IVAN CARLOS MAURINA para exercer, no gabinete do(a) Deputado(a) ALCEU MOREIRA, o cargo em comissão de Secretário Parlamentar, SP16, do Quadro de Pessoal da Câmara dos Deputados.</p><p>Nº 2.508 - Nomear, na forma do artigo 9º, inciso II, da Lei nº 8.112, de 11 de dezembro de 1990, IZABELLA MATTAR MORAES para exercer, no gabinete do(a) Deputado(a) TONINHO PINHEIRO, o cargo em comissão de Secretário Parlamentar, SP07, do Quadro de Pessoal da Câmara dos Deputados.</p><p>Nº 2.509 - Nomear, na forma do artigo 9º, inciso II, da Lei nº 8.112, de 11 de dezembro de 1990, JOSIAS GARCIA DA SILVA para exercer, no gabinete do(a) Deputado(a) SIBA MACHADO, o cargo em comissão de Secretário Parlamentar, SP12, do Quadro de Pessoal da Câmara dos Deputados.</p><p>Nº 2.510 - Nomear, na forma do artigo 9º, inciso II, da Lei nº 8.112, de 11 de dezembro de 1990, JOSINETE MARIA PINTO para exercer, no gabinete do(a) Deputado(a) WADIH DAMOUS, o cargo em comissão de Secretário Parlamentar, SP02, do Quadro de Pessoal da Câmara dos Deputados.</p><p>Nº 2.511 - Nomear, na forma do artigo 9º, inciso II, da Lei nº 8.112, de 11 de dezembro de 1990, KEYLLA DANTAS ROCHA para exercer, no gabinete do(a) Deputado(a) CARLOS MANATO, o cargo em comissão de Secretário Parlamentar, SP05, do Quadro de Pessoal da Câmara dos Deputados.</p><p>Nº 2.512 - Nomear, na forma do artigo 9º, inciso II, da Lei nº 8.112, de 11 de dezembro de 1990, MAUCON FRANCISCO ALMEIDA RODRIGUES para exercer, no gabinete do(a) Deputado(a) MISAEL VARELLA, o cargo em comissão de Secretário Parlamentar, SP09, do Quadro de Pessoal da Câmara dos Deputados.</p><p>Nº 2.513 - Nomear, na forma do artigo 9º, inciso II, da Lei nº 8.112, de 11 de dezembro de 1990, MAURILIO BORBA DA SILVA para exercer, no gabinete do(a) Deputado(a) MARX BELTRAO, o cargo em comissão de Secretário Parlamentar, SP20, do Quadro de Pessoal da Câmara dos Deputados.</p><p>Nº 2.514 - Nomear, na forma do artigo 9º, inciso II, da Lei nº 8.112, de 11 de dezembro de 1990, MÁRCIA MARIA TORRES FERNANDES para exercer, no gabinete do(a) Deputado(a) SABINO CASTELO BRANCO, o cargo em comissão de Secretário Parlamentar, SP14, do Quadro de Pessoal da Câmara dos Deputados.</p><p>Nº 2.515 - Nomear, na forma do artigo 9º, inciso II, da Lei nº 8.112, de 11 de dezembro de 1990, ROBSON VIANA DA SILVA para exercer, no gabinete do(a) Deputado(a) MISAEL VARELLA, o cargo em comissão de Secretário Parlamentar, SP09, do Quadro de Pessoal da Câmara dos Deputados.</p><p>Nº 2.516 - Nomear, na forma do artigo 9º, inciso II, da Lei nº 8.112, de 11 de dezembro de 1990, ROSANA DA SILVA DOS SANTOS para exercer, no gabinete do(a) Deputado(a) ALIEL MACHADO, o cargo em comissão de Secretário Parlamentar, SP04, do Quadro de Pessoal da Câmara dos Deputados.</p><p>Nº 2.517 - Nomear, na forma do artigo 9º, inciso II, da Lei nº 8.112, de 11 de dezembro de 1990, ROSINEY GONÇALVES DA SILVA para exercer, no gabinete do(a) Deputado(a) ODAIR CUNHA, o cargo em comissão de Secretário Parlamentar, SP07, do Quadro de Pessoal da Câmara dos Deputados.</p><p>Nº 2.518 - Nomear, na forma do artigo 9º, inciso II, da Lei nº 8.112, de 11 de dezembro de 1990, SANDRA REGINA GALBIATTI para exercer, no gabinete do(a) Deputado(a) JUNJI ABE, o cargo em comissão de Secretário Parlamentar, SP06, do Quadro de Pessoal da Câmara dos Deputados.</p><p>Nº 2.519 - Nomear, na forma do artigo 9º, inciso II, da Lei nº 8.112, de 11 de dezembro de 1990, SÉRGIO ROBERTO LIMA LOPES para exercer, no gabinete do(a) Deputado(a) KAIO MANICOBA, o cargo em comissão de Secretário Parlamentar, SP25, do Quadro de Pessoal da Câmara dos Deputados.</p><p>Nº 2.520 - Nomear, na forma do artigo 9º, inciso II, da Lei nº 8.112, de 11 de dezembro de 1990, UILLIAM ROCHA DA SILVA para exercer, no gabinete do(a) Deputado(a) JOAO CARLOS BACELAR, o cargo em comissão de Secretário Parlamentar, SP19, do Quadro de Pessoal da Câmara dos Deputados.</p><p>Nº 2.521 - Nomear, na forma do artigo 9º, inciso II, da Lei nº 8.112, de 11 de dezembro de 1990, VICTOR KOBAYASHI para exercer, no gabinete do(a) Deputado(a) JUNJI ABE, o cargo em comissão de Secretário Parlamentar, SP14, do Quadro de Pessoal da Câmara dos Deputados.</p><p>Nº 2.522 - Nomear, na forma do artigo 9º, inciso II, da Lei nº 8.112, de 11 de dezembro de 1990, VIVIANE MARTINELLI DO NASCIMENTO OLIVEIRA para exercer, no gabinete do(a) Deputado(a) MIGUEL CORREA, o cargo em comissão de Secretário Parlamentar, SP02, do Quadro de Pessoal da Câmara dos Deputados.</p><p>Nº 2.523 - Nomear, na forma do artigo 9º, inciso II, da Lei nº 8.112, de 11 de dezembro de 1990, ZENITON SILVA NETO para exercer, no gabinete do(a) Deputado(a) FERNANDO TORRES, o cargo em comissão de Secretário Parlamentar, SP04, do Quadro de Pessoal da Câmara dos Deputados.</p><p class="assina">Emerson Brito de Melo</p>]]></Texto>
  </body>
</article></xml>