﻿<xml><article id="2906441" name="Portaria PGJ 436" idOficio="4772205" pubName="DO2" artType="Portaria" pubDate="02/05/2018" artClass="00034:00010:00000:00000:00000:00000:00000:00000:00000:00000:00025:00001" artCategory="Ministério Público da União/Ministério Público do Distrito Federal e Territórios" artSize="8" artNotes="" numberPage="59" pdfPage="http://pesquisa.in.gov.br/imprensa/jsp/visualiza/index.jsp?data=02/05/2018&amp;jornal=529&amp;pagina=59" editionNumber="83" highlight="" idMateria="10718652">
  <body>
    <Identifica><![CDATA[ PORTARIA Nº 436, DE 27 DE ABRIL DE 2018]]></Identifica>
    <Data><![CDATA[]]></Data>
    <Ementa />
    <Titulo />
    <SubTitulo />
    <Texto><![CDATA[<p class="identifica">PORTARIA Nº 436, DE 27 DE ABRIL DE 2018</p><p>O PROCURADOR-GERAL DE JUSTIÇA DO DISTRITO FEDERAL E TERRITÓRIOS, no uso das atribuições conferidas pela Lei Complementar nº 75, de 20 de maio de 1993 e, considerando o teor do Tabularium nº 08191.041391/2018-61, resolve:</p><p>Art. 1º Nomear FLAVIO MAIA PIMENTA, matrícula 641-6, Promotor de Justiça do Ministério Público do Distrito Federal e Territórios, para exercer o cargo em comissão de Coordenador Administrativo do Gabinete do Coordenador Administrativo da Coordenadoria das Promotorias de Justiça de Santa Maria, código CC-01 (87000002), exonerando, a contar de 23/4/2018, o ANDRE LUIZ PEREIRA DO LAGO CESAR, matrícula 647-5.</p><p>Art. 2º Dispensar FLAVIO MAIA PIMENTA, matrícula 641-6, Promotor de Justiça do Ministério Público do Distrito Federal e Territórios, do encargo de substituto do cargo em comissão de Coordenador Administrativo do Gabinete do Coordenador Administrativo da Coordenadoria das Promotorias de Justiça de Santa Maria, código CC-01 (87000002).</p><p class="assina">LEONARDO ROSCOE BESSA</p>]]></Texto>
  </body>
</article></xml>