﻿<xml><article id="2895704" name="PORTARIAS 69, 70 e 72" idOficio="4770397" pubName="DO2" artType="Portaria" pubDate="02/05/2018" artClass="00012:00002:00012:00015:00000:00000:00000:00000:00000:00000:00025:00001" artCategory="Ministério da Fazenda/Secretaria Executiva/Subsecretaria de Planejamento, Orçamento e Administração/Superintendência de Administração na Bahia" artSize="8" artNotes="" numberPage="26" pdfPage="http://pesquisa.in.gov.br/imprensa/jsp/visualiza/index.jsp?data=02/05/2018&amp;jornal=529&amp;pagina=26" editionNumber="83" highlight="" idMateria="10714388">
  <body>
    <Identifica><![CDATA[ Portaria nº  69, de 24 de abril de 2018]]></Identifica>
    <Data><![CDATA[]]></Data>
    <Ementa />
    <Titulo />
    <SubTitulo />
    <Texto><![CDATA[<p></p><p class="identifica">Portaria nº 69, de 24 de abril de 2018</p><p>O SUPERINTENDENTE DE ADMINISTRAÇÃO DO MINISTÉRIO DA FAZENDA NO ESTADO DA BAHIA, no uso de suas atribuições, conferidas pelo art. 86, da Portaria Ministerial n° 144, de 27/04/2016, publicada no Diário Oficial da União de 29/04/2016, resolve:</p><p>Conceder aposentadoria voluntária integral a servidora LUCIANA FERREIRA, ocupante do cargo de Agente Administrativo, Classe S, Padrão III, matrícula SIAPE nº 0125356, e SIAPECAD nº 03379, do Quadro Permanente do Ministério da Fazenda, com fundamento legal no artigo 3º da Emenda Constitucional nº 47/2005, c/c artigo 62 da Lei nº 8.112/1990. Processo nº 10580.100201/2018-13.</p><p class="assina">Etevaldo Inácio Oliveira Carneiro</p><p></p><p class="identifica">Portaria nº 70, de 24 de abril de 2018</p><p>O SUPERINTENDENTE DE ADMINISTRAÇÃO DO MINISTÉRIO DA FAZENDA NO ESTADO DA BAHIA, no uso de suas atribuições, conferidas pelo art. 86, da Portaria Ministerial n° 144, de 27/04/2016, publicada no Diário Oficial da União de 29/04/2016, resolve:</p><p>Conceder aposentadoria voluntária integral a servidora SEBASTIANA CHAVES LIMA, ocupante do cargo de Agente Administrativo, Classe S, Padrão III, matrícula SIAPE nº 0125377, e SIAPECAD nº00008576 do Quadro Permanente do Ministério da Fazenda, com fundamento legal no artigo 3ºa Emenda Constitucional nº 47/2005. Processo nº 10530.000010/2018-48.</p><p class="assina">Etevaldo Inácio Oliveira Carneiro</p><p></p><p class="identifica">Portaria nº 72, de 24 de abril de 2018</p><p>O SUPERINTENDENTE DE ADMINISTRAÇÃO DO MINISTÉRIO DA FAZENDA NO ESTADO DA BAHIA, no uso de suas atribuições, conferidas pelo art. 86, da Portaria Ministerial n° 144, de 27/04/2016, publicada no Diário Oficial da União de 29/04/2016, resolve:</p><p>Conceder aposentadoria voluntária integral o servidor MARIANO NASCIMENTO DOS SANTOS, ocupante do cargo de Motorista Oficial, Classe S, Padrão III, matrícula SIAPE nº 0124793 e SIAPECAD nº 00004403 do Quadro Permanente do Ministério da Fazenda, com fundamento legal no artigo 3º da Emenda Constitucional nº 47/2005,. Processo nº 10530.100007/2018-23.</p><p class="assina">Etevaldo Inácio Oliveira Carneiro</p><p></p>]]></Texto>
  </body>
</article></xml>