﻿<xml><article id="2898278" name="27042018- portaria aposentadoria" idOficio="4771694" pubName="DO2" artType="Portaria" pubDate="02/05/2018" artClass="00011:00109:00001:00029:00000:00000:00000:00000:00000:00000:00025:00001" artCategory="Ministério da Educação/Universidade Federal do Ceará/Reitoria/Pró-Reitoria de Gestão de Pessoas" artSize="8" artNotes="" numberPage="22" pdfPage="http://pesquisa.in.gov.br/imprensa/jsp/visualiza/index.jsp?data=02/05/2018&amp;jornal=529&amp;pagina=22" editionNumber="83" highlight="" idMateria="10717228">
  <body>
    <Identifica><![CDATA[ PORTARIA Nº 1.767, DE 27 DE ABRIL DE 2018]]></Identifica>
    <Data><![CDATA[]]></Data>
    <Ementa />
    <Titulo />
    <SubTitulo />
    <Texto><![CDATA[<p class="identifica">PORTARIA Nº 1.767, DE 27 DE ABRIL DE 2018</p><p>A Pró-Reitora de Gestão de Pessoas da Universidade Federal do Ceará, no uso de suas atribuições legais, conferidas por meio da Portaria nº. 1831, de 12 de maio de 2017, do Magnífico Reitor, resolve:</p><p>Conceder aposentadoria voluntária por tempo de serviço, com paridade, nos termos do art. 40, da Constituição Federal de 1988, combinado com o art. 3º, da Emenda Constitucional nº 47, de 05.07.2005, publicada no DOU de 06.07.2005, a GILVAN DIOGENES DE SOUSA, mestre, matrícula SIAPE - 0291959, SIAPECAD - 374785, CPF - 085.722.754-87, ocupante do cargo efetivo de Professor do Magistério Superior, Classe 6, Nível 604, em regime de dedicação exclusiva, com proventos integrais, assegurando o percentual de 20% (vinte por cento) de gratificação adicional por tempo de serviço e a vantagem decorrente do art. 62-A, da Lei nº 8.112/90, correspondente a 4/10 (quatro décimos) da função de Coordenador de Curso, código FG-1. (Processo nº. 23067.016062/2018-00).</p><p class="assina">Marilene Feitosa Soares</p>]]></Texto>
  </body>
</article></xml>