﻿<xml><article id="2901937" name="PORT 4577 - CLEIDE APARECIDA MOU" idOficio="4772020" pubName="DO2" artType="Portaria" pubDate="02/05/2018" artClass="00026:00002:00013:01477:00000:00000:00000:00000:00000:00000:00025:00004" artCategory="Ministério do Planejamento, Desenvolvimento e Gestão/Secretaria Executiva/Subsecretaria de Assuntos Administrativos/Coordenação-Geral de Gestão de Pessoas" artSize="8" artNotes="" numberPage="49" pdfPage="http://pesquisa.in.gov.br/imprensa/jsp/visualiza/index.jsp?data=02/05/2018&amp;jornal=529&amp;pagina=49" editionNumber="83" highlight="" idMateria="10717763">
  <body>
    <Identifica><![CDATA[ PORTARIA Nº 4.577, DE 30 DE ABRIL DE 2018]]></Identifica>
    <Data><![CDATA[]]></Data>
    <Ementa />
    <Titulo />
    <SubTitulo />
    <Texto><![CDATA[<p class="identifica">PORTARIA Nº 4.577, DE 30 DE ABRIL DE 2018</p><p>A COORDENADORA-GERAL DE GESTÃO DE PESSOAS, DO MINISTÉRIO DO PLANEJAMENTO, DESENVOLVIMENTO E GESTÃO, no uso da competência que lhe foi delegada pelo Regimento Interno aprovado pela Portaria GM/MP nº 11, de 31 de janeiro de 2018, publicada no Diário Oficial da União - DOU, de 1º de fevereiro de 2018, e em face do que consta no Processo nº 03110.003351/2018-51, resolve:</p><p>Art. 1º - Declarar vago, a contar de 16 de abril de 2018, o cargo de Agente Administrativo, Classe S, Padrão III, ocupado pela servidora CLEIDE APARECIDA MOURA, Matrícula SIAPE nº 0130885, código da vaga nº 52159, por motivo de falecimento, com fundamento no inciso IX do artigo 33, da Lei no 8.112, de 11 de dezembro de 1990.</p><p>Art. 2º - Esta portaria entra vigor na data de sua publicação.</p><p class="assina">AYALA DO CARMO TANIOS NEMER</p>]]></Texto>
  </body>
</article></xml>