﻿<xml><article id="2906600" name="02 05 2018-Portaria de Prorrogaç" idOficio="4772257" pubName="DO2" artType="Portaria" pubDate="02/05/2018" artClass="00031:00001:00000:00000:00000:00000:00000:00000:00000:00000:00025:00001" artCategory="Ministério dos Transportes, Portos e Aviação Civil/Gabinete do Ministro" artSize="8" artNotes="" numberPage="51" pdfPage="http://pesquisa.in.gov.br/imprensa/jsp/visualiza/index.jsp?data=02/05/2018&amp;jornal=529&amp;pagina=51" editionNumber="83" highlight="" idMateria="10718661">
  <body>
    <Identifica><![CDATA[ PORTARIA Nº  319, DE  30    DE ABRIL      DE 2018]]></Identifica>
    <Data><![CDATA[]]></Data>
    <Ementa />
    <Titulo />
    <SubTitulo />
    <Texto><![CDATA[<p class="identifica">PORTARIA Nº 319, DE 30 DE ABRIL DE 2018</p><p>O MINISTRO DE ESTADO DOS TRANSPORTES, PORTOS E AVIAÇÃO CIVIL, no uso da competência que lhe confere o art. 87, parágrafo único, da Constituição Federal c/c os artigos 143 e 152, da Lei 8.112, de 11 de dezembro de 1990, resolve:</p><p>Art. 1º Prorrogar por 60 (sessenta) dias o prazo para a conclusão dos trabalhos da Comissão de Processo Administrativo Disciplinar, a contar do termo final estabelecido pela Portaria nº 154, de 1°/3/2018, publicada no DOU nº 42, de 2/3/2018, seção 2, p. 81, referente ao Processo n° 50000.119350/2016-92, ante as razões apresentadas pela Comissão Processante.</p><p>Art. 2º Esta Portaria entra em vigor na data de sua publicação.</p><p class="assina">VALTER CASIMIRO SILVEIRA</p>]]></Texto>
  </body>
</article></xml>