﻿<xml><article id="2900611" name="RETIFICACAO THEREZA" idOficio="4771862" pubName="DO2" artType="Retificação" pubDate="02/05/2018" artClass="00012:00002:00012:00032:00003:00000:00000:00000:00000:00000:00032:00001" artCategory="Ministério da Fazenda/Secretaria Executiva/Subsecretaria de Planejamento, Orçamento e Administração/Superintendência de Administração do Ministério da Fazenda no Estado do Rio de Janeiro/Gerência de Gestão de Pessoas" artSize="8" artNotes="" numberPage="28" pdfPage="http://pesquisa.in.gov.br/imprensa/jsp/visualiza/index.jsp?data=02/05/2018&amp;jornal=529&amp;pagina=28" editionNumber="83" highlight="" idMateria="10717490">
  <body>
    <Identifica><![CDATA[ RETIFICAÇÃO]]></Identifica>
    <Data><![CDATA[]]></Data>
    <Ementa />
    <Titulo />
    <SubTitulo />
    <Texto><![CDATA[<p class="identifica">RETIFICAÇÃO</p><p>Na Portaria GESPE nº 35 do dia 27.04.2018, publicada no DOU do dia 30.04.2018, da servidora THEREZA CRISTINA PEREIRA PASCOAL, ocupante do cargo de Auditor Fiscal da Receita Federal do Brasil, CPF 641.538.607-78 Matrícula SIAPE nº 954423 SIPE nº 877480, onde se lê: "Portaria GESPE nº 35", leia-se: "Portaria GESPE nº 38". (Proc. nº 10768.101007/2018-67).</p>]]></Texto>
  </body>
</article></xml>