﻿<xml><article id="2916312" name="PORTARIA CREF13BA Nº 14 DE 26 de" idOficio="4771122" pubName="DO2" artType="Portaria" pubDate="03/05/2018" artClass="00039:00201:00000:00000:00000:00000:00000:00000:00000:00000:00025:00001" artCategory="Entidades de Fiscalização do Exercício das Profissões Liberais/Conselho Regional de Educação Física da 13ª Região" artSize="8" artNotes="" numberPage="64" pdfPage="http://pesquisa.in.gov.br/imprensa/jsp/visualiza/index.jsp?data=03/05/2018&amp;jornal=529&amp;pagina=64" editionNumber="84" highlight="" idMateria="10716273">
  <body>
    <Identifica><![CDATA[ PORTARIA Nº 14, DE 26 DE ABRIL DE 2018]]></Identifica>
    <Data><![CDATA[]]></Data>
    <Ementa />
    <Titulo />
    <SubTitulo />
    <Texto><![CDATA[<p class="identifica">PORTARIA Nº 14, DE 26 DE ABRIL DE 2018</p><p>O PRESIDENTE DO CONSELHO REGIONAL DE EDUCAÇÃO FÍSICA DA 13ª REGIÃO - CREF13/BA, no uso de suas atribuições legais e estatutárias; CONSIDERANDO as necessidades administrativas das Comissões; resolve:</p><p>Art. 1º - Nomear SOLANGE FERREIRA ROCHA, inscrita no CPF/MF sob nº 430.546.175-72 para proceder no apoio administrativo da Comissão de Ética Profissional do CREF13/BA, elaborando calendário de reuniões, organizando arquivo físico e digital dos documentos administrativos e processos éticos e outros pertinentes a Comissão. Art. 2º - Nomear VIVIANE LEMOS LUCIANO, inscrita no CPF/MF sob nº 917.202.575-15 para proceder no apoio administrativo da Comissão de Finanças do CREF13/BA, praticando atos relacionados a previsão estatutária regimental, elaborar calendário de reuniões, arquivo físico e digital dos documentos gerados e outros pertinentes a Comissão. Art. 3º - Nomear NEVIO SANTIAGO DE CREDICO, inscrito no CPF/MF sob nº 292.965.365-53 para proceder no apoio administrativo da Comissão de Auditoria Interna, elaborando calendário de reuniões, arquivar documentos em arquivo físico e digital, praticar atos previstos em estatuto e regimento e outros pertinentes a Comissão. Art. 4º - A presente Portaria entra em vigor a partir desta data.</p><p class="assina">PAULO CÉSAR VIEIRA LIMA</p>]]></Texto>
  </body>
</article></xml>