﻿<xml><article id="2897975" name="PT 50 RIO DE JANEIRO NORTE" idOficio="4771631" pubName="DO2" artType="Portaria" pubDate="02/05/2018" artClass="00022:00029:00240:00007:00027:00003:00000:00000:00000:00000:00025:00003" artCategory="Ministério do Desenvolvimento Social/Instituto Nacional do Seguro Social/Superintendência Regional Sudeste II em Belo Horizonte/Gerência Executiva - A - no Rio de Janeiro - Norte/Serviço de Administração/Seção Operacional  de Gestão de Pessoas" artSize="8" artNotes="" numberPage="44" pdfPage="http://pesquisa.in.gov.br/imprensa/jsp/visualiza/index.jsp?data=02/05/2018&amp;jornal=529&amp;pagina=44" editionNumber="83" highlight="" idMateria="10717152">
  <body>
    <Identifica><![CDATA[ PORTARIA Nº 50, DE 17 DE ABRIL DE 2018]]></Identifica>
    <Data><![CDATA[]]></Data>
    <Ementa />
    <Titulo />
    <SubTitulo />
    <Texto><![CDATA[<p class="identifica">PORTARIA Nº 50, DE 17 DE ABRIL DE 2018</p><p>O CHEFE DA SEÇÃO OPERACIONAL DA GESTÃO DE PESSOAS DA GERÊNCIA EXECUTIVA DO INSS/NORTE, no Estado do Rio de Janeiro, no uso das atribuições que lhe confere o contido no artigo 235 , inciso I, alínea "b" do Regimento Interno do INSS, aprovado pela PT nº 414, de 28/09/2017 publicado no DOU nº 188-A, de 29/09/2017 e tendo em vista o processo nº 37367.001571/2018-50, resolve:</p><p>Conceder Aposentadoria Voluntária Integral a servidora MARILDA RODRIGUES BALBINO SILVA, matrícula siape 0917192, ocupante do cargo de Assistente Social, Classe "S", Padrão "IV", do Quadro de Pessoal do Instituto Nacional do Seguro Social, com fundamento no artigo 3º da Emenda Constitucional 47/2005, com base na última remuneração. (Processo nº 37367.001571/2018-50). Em consequência do ato, declarar vago o referido cargo.</p><p class="assina">LUIZ ANDRADE SANTOS</p>]]></Texto>
  </body>
</article></xml>