﻿<xml><article id="2902196" name="ATO PORTARIA Nº 495" idOficio="4772008" pubName="DO2" artType="Portaria" pubDate="02/05/2018" artClass="00011:00042:00000:00000:00000:00000:00000:00000:00000:00000:00025:00010" artCategory="Ministério da Educação/Fundação Universidade Federal de Sergipe" artSize="8" artNotes="" numberPage="16" pdfPage="http://pesquisa.in.gov.br/imprensa/jsp/visualiza/index.jsp?data=02/05/2018&amp;jornal=529&amp;pagina=16" editionNumber="83" highlight="" idMateria="10717793">
  <body>
    <Identifica><![CDATA[ PORTARIA Nº 495, DE 24 DE ABRIL DE 2018]]></Identifica>
    <Data><![CDATA[]]></Data>
    <Ementa />
    <Titulo />
    <SubTitulo />
    <Texto><![CDATA[<p class="identifica">PORTARIA Nº 495, DE 24 DE ABRIL DE 2018</p><p>O REITOR DA UNIVERSIDADE FEDERAL DE SERGIPE, no uso de suas atribuições legais, considerando o disposto no art. 3º, incisos I, II e III da Emenda Constitucional nº 47, de 05/07/2005, publicada no D.O.U. em 06/07/2005, considerando o que consta do Processo nº 23113.014589/2018-99/ UFS; resolve:</p><p>Art. 1º - Conceder aposentadoria voluntária, com proventos integrais, à servidora FRANCISCA ARGENTINA GOIS BARROS, matrícula SIAPE nº 1227629, ocupante do cargo de professora do magistério superior, da classe titular, nível/padrão 801, lotada no Departamento de Artes Visuais e Design, em regime de dedicação exclusiva.</p><p>Art. 2º - Esta Portaria entrará em vigor na data de sua publicação no Diário Oficial da União.</p><p class="assina">Angelo Roberto Antoniolli</p>]]></Texto>
  </body>
</article></xml>