﻿<xml><article id="2903072" name="(Port. nº 752-SEI-SE )LIDIA MORE" idOficio="4772093" pubName="DO2" artType="Portaria" pubDate="02/05/2018" artClass="00013:00002:00000:00000:00000:00000:00000:00000:00000:00000:00025:00002" artCategory="Ministério da Indústria, Comércio Exterior e Serviços/Secretaria Executiva" artSize="8" artNotes="" numberPage="30" pdfPage="http://pesquisa.in.gov.br/imprensa/jsp/visualiza/index.jsp?data=02/05/2018&amp;jornal=529&amp;pagina=30" editionNumber="83" highlight="" idMateria="10718024">
  <body>
    <Identifica><![CDATA[ PORTARIA Nº 752-SEI, DE 27 DE ABRIL DE 2018]]></Identifica>
    <Data><![CDATA[]]></Data>
    <Ementa />
    <Titulo />
    <SubTitulo />
    <Texto><![CDATA[<p class="identifica">PORTARIA Nº 752-SEI, DE 27 DE ABRIL DE 2018</p><p>A SECRETÁRIA-EXECUTIVA DO MINISTÉRIO DA INDÚSTRIA, COMÉRCIO EXTERIOR E SERVIÇOS, no uso da competência que lhe foi subdelegada pela Portaria GM/MDIC nº 305, de 1º de novembro de 2016, e tendo em vista o disposto no Decreto nº 9.260, de 29 de dezembro de 2017, e na Lei nº 8.112, de 11 de dezembro de 1990, resolve:</p><p>Dispensar, a partir de 23 de abril de 2018, LÍDIA MOREIRA MARQUES da Função Gratificada, código FG-02, do Gabinete do Ministro deste Ministério.</p><p class="assina">YANA DUMARESQ SOBRAL ALVES</p>]]></Texto>
  </body>
</article></xml>