﻿<xml><article id="2900221" name="PORTARIAS DE 26 DE MARÇO DE 2018" idOficio="4771781" pubName="DO2" artType="Portaria" pubDate="02/05/2018" artClass="00030:00002:00000:00000:00000:00000:00000:00000:00000:00000:00025:00001" artCategory="Ministério dos Direitos Humanos/Secretaria Executiva" artSize="8" artNotes="" numberPage="51" pdfPage="http://pesquisa.in.gov.br/imprensa/jsp/visualiza/index.jsp?data=02/05/2018&amp;jornal=529&amp;pagina=51" editionNumber="83" highlight="" idMateria="10717420">
  <body>
    <Identifica><![CDATA[ PORTARIAS DE 26 DE ABRIL DE 2018]]></Identifica>
    <Data><![CDATA[]]></Data>
    <Ementa />
    <Titulo />
    <SubTitulo />
    <Texto><![CDATA[<p class="identifica">PORTARIAS DE 26 DE ABRIL DE 2018</p><p>O SECRETÁRIO EXECUTIVO DO MINISTÉRIO DOS DIREITOS HUMANOS, no uso de suas atribuições conferidas pelo inciso XXVI, do art. 2°, da Portaria n° 160, de 07 de março de 2018, publicada no Diário Oficial da União de 9 de março de 2018, pelo Decreto de 21 de fevereiro de 2018, publicado no Diário Oficial da União dia 22 de fevereiro de 2018 de 07 de março de 2018 e considerando o disposto no art. 38 da Lei n° 8.112, de 11 de dezembro de 1990, e o Decreto n° 9.122, de 09 de agosto de 2017, resolve:</p><p>N° 103 - Designar CLÁUDIA GIOVANNETTI PEREIRA DOS ANJOS para exercer o encargo de substituta do cargo de Diretor de Programas da Secretaria Nacional de Cidadania deste Ministério, código DAS 101.5, em seus afastamentos e impedimentos legais ou eventuais, e na vacância da função.</p><p>N° 104 - Designar EDUARDO SANTARELO LUCAS para exercer o encargo de substituto do cargo de Diretor de Promoção dos Direitos de Lésbicas, Gays, Bissexuais, Travestis e Transexuais da Secretaria Nacional de Cidadania deste Ministério, código DAS 101.5, em seus afastamentos e impedimentos legais ou eventuais, e na vacância da função.</p><p>N° 105 - Designar FRANCISCO DAS CHAGAS SANTOS DO NASCIMENTO para exercer o encargo de substituto do cargo de Coordenador-Geral dos Direitos da População em Situação de Rua da Diretoria de Promoção e Educação em Direitos Humanos de Proteção e Defesa dos Direitos Humanos da Secretaria Nacional de Cidadania, código DAS 101.4, em seus afastamentos e impedimentos legais ou eventuais, e na vacância do cargo.</p><p class="assina">ENGELS AUGUSTO MUNIZ</p>]]></Texto>
  </body>
</article></xml>