﻿<xml><article id="2896068" name="Portarias 27.04.2018__060515" idOficio="4771006" pubName="DO2" artType="Portaria" pubDate="02/05/2018" artClass="00011:00061:00001:00005:00000:00000:00000:00000:00000:00000:00025:00001" artCategory="Ministério da Educação/Instituto Federal de Educação, Ciência e Tecnologia do Espírito Santo/Reitoria/Gabinete" artSize="8" artNotes="" numberPage="18" pdfPage="http://pesquisa.in.gov.br/imprensa/jsp/visualiza/index.jsp?data=02/05/2018&amp;jornal=529&amp;pagina=18" editionNumber="83" highlight="" idMateria="10716101">
  <body>
    <Identifica><![CDATA[ PORTARIAS DE 27 DE ABRIL DE 2018]]></Identifica>
    <Data><![CDATA[]]></Data>
    <Ementa />
    <Titulo />
    <SubTitulo />
    <Texto><![CDATA[<p class="identifica">PORTARIAS DE 27 DE ABRIL DE 2018</p><p>O REITOR DO INSTITUTO FEDERAL DE EDUCAÇÃO, CIÊNCIA E TECNOLOGIA DO ESPÍRITO SANTO, nomeado pelo Decreto MEC de 17.10.2017, publicado no DOU de 18.10.2017, seção 2, página 1 no uso de suas atribuições legais resolve:</p><p>Nº 927 Processo nº 23149.000718/2018-54 - Dispensar, RAUL MESQUITA DOS SANTOS, matrícula SIAPE 47498, da Função Gratificada, código FG-5, de Chefe do Setor de Viveiros, da Estrutura Administrativa do Campus de Alegre do Ifes, para a qual foi designado pela Portaria nº 202, de 01.04.2013 da Diretora Geral do campus de Alegre, publicada no DOU em 02.04.2013.</p><p>Nº 928 Processo nº 23149.000719/2018-07 -Art. 1º Designar LEDSON ALEXANDRE SATHLER, matrícula SIAPE 707966, para exercer a Função Gratificada, código FG-5, de Chefe do Setor de Viveiros da Estrutura Administrativa do Campus de Alegre do Ifes.</p><p>Art. 2º Esta Portaria entra em vigor na data de sua publicação.</p><p class="assina">Jadir Jose Pela</p>]]></Texto>
  </body>
</article></xml>