﻿<xml><article id="2903145" name="DESP MESP 129 CONJUR SEÇÃO 2" idOficio="4772127" pubName="DO2" artType="Despacho" pubDate="02/05/2018" artClass="00032:00001:00000:00000:00000:00000:00000:00000:00000:00000:00019:00003" artCategory="Ministério Extraordinário da Segurança Pública/Gabinete do Ministro" artSize="8" artNotes="" numberPage="55" pdfPage="http://pesquisa.in.gov.br/imprensa/jsp/visualiza/index.jsp?data=02/05/2018&amp;jornal=529&amp;pagina=55" editionNumber="83" highlight="" idMateria="10718037">
  <body>
    <Identifica><![CDATA[ DESPACHO Nº 129, De 27 de abril de 2018]]></Identifica>
    <Data><![CDATA[]]></Data>
    <Ementa />
    <Titulo />
    <SubTitulo />
    <Texto><![CDATA[<p class="identifica">DESPACHO Nº 129, De 27 de abril de 2018</p><p>PROCESSO nº 08500.007856/2013-18. INTERESSADOS: Ministério Extraordinário da Segurança Pública/Departamento de Polícia Federal. ASSUNTO: Processo Administrativo Disciplinar. DECISÃO: Pela absolvição dos Agentes de Polícia Federal GERSON DE SIQUEIRA e NORIVAL FERREIRA e do Motorista Oficial RENATO OLIVEIRA DE SOUZA, nos termos do art. 168, caput, da Lei n° 8.112/90, pelas razões de fato e fundamentos de direito aduzidos no Parecer nº 2/2018/BDA/CAD/ASSEJUR/MESP-MJ/CGU/AGU, aprovado pelo Despacho nº 47/2018/CAD/ASSEJUR/MESP-MJ/CGU/AGU, da Consultoria Jurídica, que adoto.</p><p class="assina">RAUL JUNGMANN</p><p class="cargo">Ministro</p>]]></Texto>
  </body>
</article></xml>