﻿<xml><article id="2901961" name="P 707 A 721" idOficio="4772022" pubName="DO2" artType="Portaria" pubDate="02/05/2018" artClass="00011:00002:00000:00000:00000:00000:00000:00000:00000:00000:00019:00001" artCategory="Ministério da Educação/Secretaria Executiva" artSize="8" artNotes="" numberPage="9" pdfPage="http://pesquisa.in.gov.br/imprensa/jsp/visualiza/index.jsp?data=02/05/2018&amp;jornal=529&amp;pagina=9" editionNumber="83" highlight="" idMateria="10717765">
  <body>
    <Identifica><![CDATA[ PORTARIAS DE 30 DE ABRIL DE 2018]]></Identifica>
    <Data><![CDATA[]]></Data>
    <Ementa />
    <Titulo />
    <SubTitulo />
    <Texto><![CDATA[<p class="identifica">PORTARIAS DE 30 DE ABRIL DE 2018</p><p>O SECRETÁRIO-EXECUTIVO ADJUNTO DO MINISTÉRIO DA EDUCAÇÃO, em observância ao disposto no art. 4odo Anexo I do Decreto no9.005, de 14 de março de 2017, e no uso da competência que lhe foi delegada pelo art. 1oda Portaria MEC no1.212, de 19 de setembro de 2017, resolve:</p><p>Nº 707 - Dispensar RODRIGO SIQUEIRA DE OLIVEIRA, Matrícula SIAPE no1603343, do encargo de substituto eventual do cargo de Coordenador-Geral, Código DAS 101.4, da Coordenação-Geral de Educação de Jovens e Adultos da Diretoria de Políticas para Juventude, Alfabetização e Educação de Jovens e Adultos da Secretaria de Educação Continuada, Alfabetização, Diversidade e Inclusão deste Ministério - SECADI-MEC.</p><p>Nº 708 - Designar LUCIANO CHAGAS BARBOSA, Matrícula SIAPE no1518348, para exercer o encargo de substituto eventual do cargo de Coordenador-Geral, Código DAS 101.4, da Coordenação-Geral de Educação de Jovens e Adultos da Diretoria de Políticas para Juventude, Alfabetização e Educação de Jovens e Adultos da Secretaria de Educação Continuada, Alfabetização, Diversidade e Inclusão deste Ministério - SECADI-MEC, durante os afastamentos e impedimentos regulamentares do titular.</p><p>O SECRETÁRIO-EXECUTIVO ADJUNTO DO MINISTÉRIO DA EDUCAÇÃO, em observância ao disposto no art. 26 da Lei no8.216, de 13 de agosto de 1991, bem como ao contido no art. 4odo Anexo I do Decreto no9.005, de 14 de março de 2017, e no uso da competência que lhe foi delegada pelo art. 1oda Portaria MEC no1.212, de 19 de setembro de 2017, resolve:</p><p>Nº 709 - Designar FLAVIA SOARES DA SILVA, Matrícula SIAPE no1088188, para exercer a Função Gratificada, Código FG-1, da Coordenação-Geral de Gestão de Pessoas da Subsecretaria de Assuntos Administrativos da Secretaria Executiva deste Ministério - SE-MEC.</p><p>Nº 710 - Dispensar MARTA MARIA VITORINO DIAS, Matrícula SIAPE no1087928, da Função Gratificada, Código FG-1, da Coordenação-Geral de Recursos Logísticos da Subsecretaria de Assuntos Administrativos da Secretaria Executiva deste Ministério - SE-MEC, a contar de 26 de abril de 2018.</p><p>O Secretário-Executivo Adjunto do Ministério da Educação, no uso das atribuições subdelegadas pelo Art. 2º, Portaria nº 1.212, de 20 de setembro de 2017, em conformidade com a delegação de competência outorgada pela Portaria MP nº 79, de 28 de fevereiro de 2002, e considerando o disposto no art. 37 da Lei nº 8.112, de 11 de dezembro de 1990, com redação dada pela Lei nº 9.527, de 10 de dezembro de 1997, resolve redistribuir:</p><p>Nº 711 - Servidor(a) : ALINE ALVES FERREIRA LIMA</p><p>Mat. SIAPE : 1715114</p><p>Cargo: Professor do Ensino Básico, Técnico e Tecnológico, Classe D, Nível 101</p><p>Código da vaga: 946784</p><p>Do(a): Instituto Federal de Educação, Ciência e Tecnologia de Alagoas</p><p>Para : Instituto Federal de Educação, Ciência e Tecnologia de Sergipe</p><p>Contrapartida</p><p>Servidor(a): MARIA LILIAN DE FREITAS LIMA</p><p>Mat. SIAPE : 1937632</p><p>Cargo: Professor do Ensino Básico, Técnico e Tecnológico, Classe D, Nível 304</p><p>Código da vaga: 846451</p><p>Do(a): Instituto Federal de Educação, Ciência e Tecnologia de Sergipe</p><p>Para: Instituto Federal de Educação, Ciência e Tecnologia de Alagoas</p><p>Processo: 23041.047836/2017-43</p><p>Nº 712 - Servidor(a): CINARA DOS SANTOS COSTA</p><p>Mat. SIAPE: 1944282</p><p>Cargo: Técnico em Assuntos Educacionais</p><p>Nível de Classificação : E</p><p>Nível de Capacitação: II</p><p>Padrão de Vencimento: 04</p><p>Código da vaga: 273579</p><p>Do(a): Instituto Federal de Educação, Ciência e Tecnologia do Amazonas</p><p>Para: Instituto Federal de Educação, Ciência e Tecnologia do Rio Grande do Sul</p><p>Contrapartida</p><p>Servidor(a) : Cargo vago</p><p>Cargo : Técnico Desportivo</p><p>Código da vaga : 0275217</p><p>Do(a) : Instituto Federal de Educação, Ciência e Tecnologia do Rio Grande do Sul</p><p>Para : Instituto Federal de Educação, Ciência e Tecnologia do Amazonas</p><p>Processo : 23419.000147/2018-21</p><p>Nº 713 - Servidor(a) : FRANCIS DE MATTOS ALMEIDA</p><p>Mat. SIAPE: 2564718</p><p>Cargo: Técnico em Laboratório Área</p><p>Nível de Classificação : D</p><p>Nível de Capacitação: III</p><p>Padrão de Vencimento: 07</p><p>Código da vaga: 813726</p><p>Do(a): Fundação Universidade Federal do Rio Grande</p><p>Para: Universidade Federal do Rio Grande do Sul</p><p>Contrapartida</p><p>Servidor(a): RAQUEL WIGG CUNHA</p><p>Mat. SIAPE: 2063499</p><p>Cargo: Técnico em Laboratório Área</p><p>Nível de Classificação : D</p><p>Nível de Capacitação: III</p><p>Padrão de Vencimento: 03</p><p>Código da vaga: 277376</p><p>Do(a) : Universidade Federal do Rio Grande do Sul</p><p>Para : Fundação Universidade Federal do Rio Grande</p><p>Processo : 23078.005371/2018-17</p><p>Nº 714 - Servidor(a): JAQUELINE RESENDE</p><p>Mat. SIAPE: 1459750</p><p>Cargo: Enfermeiro-Área</p><p>Nível de Classificação : E</p><p>Nível de Capacitação: I</p><p>Padrão de Vencimento: 09</p><p>Código da vaga: 770203</p><p>Do(a): Universidade Federal de Uberlândia</p><p>Para: Universidade Federal de Goiás</p><p>Contrapartida</p><p>Servidor(a) : Cargo vago</p><p>Cargo : Enfermeiro-Área</p><p>Código da vaga : 0769501</p><p>Do(a) : Universidade Federal de Goiás</p><p>Para : Universidade Federal de Uberlândia</p><p>Processo : 23070.014727/2017-01</p><p>Nº 715 - Servidor(a) : JOSE ALBERTO BEZERRA DE QUEIROZ JUNIOR</p><p>Mat. SIAPE : 2323887</p><p>Cargo: Professor do Ensino Básico, Técnico e Tecnológico, Classe D, Nível 101</p><p>Código da vaga: 942761</p><p>Do(a): Instituto Federal de Educação, Ciência e Tecnologia do Acre</p><p>Para : Instituto Federal de Educação, Ciência e Tecnologia da Paraíba</p><p>Contrapartida</p><p>Servidor(a): Cargo vago</p><p>Cargo: Professor do Ensino Básico, Técnico e Tecnológico</p><p>Código da vaga: 0347304</p><p>Do(a): Instituto Federal de Educação, Ciência e Tecnologia da Paraíba</p><p>Para: Instituto Federal de Educação, Ciência e Tecnologia do Acre</p><p>Processo: 23244.004422/2018-24</p><p>Nº 716 - Servidor(a): LISIANI ELIZABETE RODRIGUES</p><p>Mat. SIAPE: 1867436</p><p>Cargo: Assistente Social</p><p>Nível de Classificação : E</p><p>Nível de Capacitação: III</p><p>Padrão de Vencimento: 03</p><p>Código da vaga: 978153</p><p>Do(a): Fundação Universidade Federal de Roraima</p><p>Para: Fundação Universidade Federal da Grande Dourados</p><p>Contrapartida</p><p>Servidor(a) : Cargo vago</p><p>Cargo : Assistente Social</p><p>Código da vaga : 0978271</p><p>Do(a) : Fundação Universidade Federal da Grande Dourados</p><p>Para : Fundação Universidade Federal de Roraima</p><p>Processo : 23005.002468/2018-21</p><p>Nº 717 - Servidor(a) : MARIA JOSINETE ARAUJO COSTA</p><p>Mat. SIAPE : 1104886</p><p>Cargo: Professor do Ensino Básico, Técnico e Tecnológico, Classe D, Nível 101</p><p>Código da vaga: 939499</p><p>Do(a): Instituto Federal de Educação, Ciência e Tecnologia do Maranhão</p><p>Para : Instituto Federal de Educação, Ciência e Tecnologia do Tocantins</p><p>Contrapartida</p><p>Servidor(a): Cargo vago</p><p>Cargo: Professor do Ensino Básico, Técnico e Tecnológico</p><p>Código da vaga: 0945137</p><p>Do(a): Instituto Federal de Educação, Ciência e Tecnologia do Tocantins</p><p>Para: Instituto Federal de Educação, Ciência e Tecnologia do Maranhão</p><p>Processo: 23000.012156/2018-76</p><p>Nº 718 - Servidor(a): MAYARA MARINHO SILVA OLIVEIRA</p><p>Mat. SIAPE: 2405118</p><p>Cargo: Tradutora Intérprete de Linguagem de Sinais</p><p>Nível de Classificação : D</p><p>Nível de Capacitação: I</p><p>Padrão de Vencimento: 01</p><p>Código da vaga: 974754</p><p>Do(a): Instituto Federal de Educação, Ciência e Tecnologia de Minas Gerais</p><p>Para: Centro Federal de Educação Tecnológica de Minas Gerais</p><p>Contrapartida</p><p>Servidor(a) : Cargo vago</p><p>Cargo : Tradutora Intérprete de Linguagem de Sinais</p><p>Código da vaga : 0974719</p><p>Do(a) : Centro Federal de Educação Tecnológica de Minas Gerais</p><p>Para : Instituto Federal de Educação, Ciência e Tecnologia de Minas Gerais</p><p>Processo : 23208.000609/2018-19</p><p>Nº 719 - Servidor(a) : PAULO SERGIO TOME</p><p>Mat. SIAPE : 2215100</p><p>Cargo: Professor do Ensino Básico, Técnico e Tecnológico, Classe D, Nível 102</p><p>Código da vaga: 937316</p><p>Do(a): Instituto Federal de Educação, Ciência e Tecnologia do Acre</p><p>Para : Instituto Federal de Educação, Ciência e Tecnologia de Rondônia</p><p>Contrapartida</p><p>Servidor(a): Cargo vago</p><p>Cargo: Professor do Ensino Básico, Técnico e Tecnológico</p><p>Código da vaga: 0949951</p><p>Do(a): Instituto Federal de Educação, Ciência e Tecnologia de Rondônia</p><p>Para: Instituto Federal de Educação, Ciência e Tecnologia do Acre</p><p>Processo: 23244.003780/2018-10</p><p>Nº 720 - Servidor(a): RENIE DE SOUZA GARCIA</p><p>Mat. SIAPE: 2995932</p><p>Cargo: Técnico em Assuntos Educacionais</p><p>Nível de Classificação : E</p><p>Nível de Capacitação: I</p><p>Padrão de Vencimento: 01</p><p>Código da vaga: 205954</p><p>Do(a): Instituto Federal de Educação, Ciência e Tecnologia do Amazonas</p><p>Para: Instituto Federal de Educação, Ciência e Tecnologia de Rondônia</p><p>Contrapartida</p><p>Servidor(a) : Cargo vago</p><p>Cargo : Técnico em Assuntos Educacionais</p><p>Código da vaga : 0483669</p><p>Do(a) : Instituto Federal de Educação, Ciência e Tecnologia de Rondônia</p><p>Para : Instituto Federal de Educação, Ciência e Tecnologia do Amazonas</p><p>Processo : 23243.018733/2018-08</p><p>Nº 721 - Servidor(a): THIAGO DOS REIS ESTRELA MARQUES</p><p>Mat. SIAPE: 2084907</p><p>Cargo: Assistente em Administração</p><p>Nível de Classificação : D</p><p>Nível de Capacitação: I</p><p>Padrão de Vencimento: 01</p><p>Código da vaga: 715730</p><p>Do(a): Fundação Universidade Federal de Mato Grosso do Sul</p><p>Para: Fundação Universidade Federal da Grande Dourados</p><p>Contrapartida</p><p>Servidor(a) : Cargo vago</p><p>Cargo : Assistente em Administração</p><p>Código da vaga : 0257034</p><p>Do(a) : Fundação Universidade Federal da Grande Dourados</p><p>Para : Fundação Universidade Federal de Mato Grosso do Sul</p><p>Processo : 23074.077963/2017-90</p><p class="assina">FELIPE SARTORI SIGOLLO</p>]]></Texto>
  </body>
</article></xml>