﻿<xml><article id="2901865" name="PUBLICAÇÃO DOU JOAO ALDEMIR DA S" idOficio="4771971" pubName="DO2" artType="Portaria" pubDate="02/05/2018" artClass="00012:00002:00012:00025:00000:00000:00000:00000:00000:00000:00025:00001" artCategory="Ministério da Fazenda/Secretaria Executiva/Subsecretaria de Planejamento, Orçamento e Administração/Superintendência de Administração no Pará" artSize="8" artNotes="" numberPage="27" pdfPage="http://pesquisa.in.gov.br/imprensa/jsp/visualiza/index.jsp?data=02/05/2018&amp;jornal=529&amp;pagina=27" editionNumber="83" highlight="" idMateria="10717754">
  <body>
    <Identifica><![CDATA[ PORTARIA Nº 87, DE 24 DE ABRIL DE 2018]]></Identifica>
    <Data><![CDATA[]]></Data>
    <Ementa />
    <Titulo />
    <SubTitulo />
    <Texto><![CDATA[<p class="identifica">PORTARIA Nº 87, DE 24 DE ABRIL DE 2018</p><p>A SUPERINTENDENTE DE ADMINISTRAÇÃO DO MINISTÉRIO DA FAZENDA NO ESTADO DO PARÁ, usando da competência que lhe foi conferida pelo artigo 65, inciso XIV, da Portaria GM/MF Nº 144, de 27/04/2016, publicada no DOU de 29/04/2016, e tendo em vista o que consta no processo nº 10280.100463/2018-62, resolve:</p><p>Conceder aposentadoria voluntária ao servidor JOÃO ALDEMIR DA SILVA, ocupante do cargo de Motorista Oficial, código 489270, do Quadro de Pessoal do Ministério da Fazenda, matrículas SIAPE 0116639 e SIAPECAD 00026943, Classe S, Padrão III, com fundamento no artigo 3º, incisos I, II, III, e parágrafo único da Emenda Constitucional nº 47/2005, publicada no DOU de 06/07/2005.</p><p class="assina">Iane Maria Hermes Marques</p>]]></Texto>
  </body>
</article></xml>