﻿<xml><article id="2895506" name="04_Abril_Port_1333_a_1346" idOficio="4770285" pubName="DO2" artType="Portaria" pubDate="02/05/2018" artClass="00011:00082:00001:00001:00000:00000:00000:00000:00000:00000:00025:00001" artCategory="Ministério da Educação/Instituto Federal de Educação, Ciência e Tecnologia de São Paulo/Reitoria/Gabinete" artSize="8" artNotes="" numberPage="21" pdfPage="http://pesquisa.in.gov.br/imprensa/jsp/visualiza/index.jsp?data=02/05/2018&amp;jornal=529&amp;pagina=21" editionNumber="83" highlight="" idMateria="10714242">
  <body>
    <Identifica><![CDATA[ PORTARIAS DE 26 DE ABRIL DE 2018]]></Identifica>
    <Data><![CDATA[]]></Data>
    <Ementa />
    <Titulo />
    <SubTitulo />
    <Texto><![CDATA[<p class="identifica">PORTARIAS DE 26 DE ABRIL DE 2018</p><p>O REITOR DO IFSP, no uso de suas atribuições legais, conferidas pelo Decreto de 05/04/2017, publicado no Diário Oficial da União de 06/04/2017, Seção 2, pág. 1, resolve:</p><p>Nº 1.333 - DISPENSAR, , a pedido, ANDREA PADOVAN JUBILEU, da função de Coordenadora de Curso - Superior de Tecnologia de Análise e Desenvolvimento de Sistemas (FCC) do Câmpus Presidente Epitácio.</p><p>Nº 1.334 - DESIGNAR VILSON FRANCISCO MAZIERO como Coordenador de Curso - Superior de Tecnologia de Análise e Desenvolvimento de Sistemas (FCC) do Câmpus Presidente Epitácio.</p><p>Nº 1.335 - DISPENSAR, MARGARETE BORGES GARCIA LUCIANO da função de Secretária (FG-1) da Pró - Reitoria de Ensino.</p><p>Nº 1.336 - DESIGNAR RAMON CLETO como Coordenador de Gestão Administrativa (FG-1) da Pró - Reitoria de Ensino, ficando dispensado da função (FG-2) que ocupa atualmente na Pró-Reitoria de Ensino.</p><p>Nº 1.338 - EXONERAR, a pedido, denise de oliveira Iegoroff da função de Diretora Adjunta de Administração (CD-4) do Câmpus Salto.</p><p>Nº 1.339 - NOMEAR EDILSON APARECIDO BUENO como Diretor Adjunto de Administração (CD-4) do Câmpus Salto, ficando dispensado da função (CD-4) que ocupa atualmente no mesmo Câmpus.</p><p>Nº 1.341 - DISPENSAR, a pedido, VITOR OLIVEIRA DE SOUSA da função de Coordenador de Conformidade de Gestão (FG-1) da Pró-Reitoria de Amnistração.</p><p>Nº 1.342 - DESIGNAR NELSON TSUNEO MATSUDA como Coordenador de Conformidade de Gestão (FG-1) da Pró-Reitoria de Amnistração.</p><p>Nº 1.343 - DISPENSAR TALITA SOUZA DE LIMA CAVALCANTE da função de Coordenadora de Apoio à Direção (FG-2) do Câmpus Araraquara.</p><p>Nº 1.344 - DESIGNAR POTY FERREIRA DE OLIVEIRA como Coordenadora de Apoio à Direção (FG-2) do Câmpus Araraquara.</p><p>Nº 1.345 -DISPENSAR ELOIZE ROSSI MARQUES SENO da função de Coordenadora de Curso Técnico em Informática (FCC) do Câmpus São Carlos.</p><p>Nº 1.346 - DESIGNAR CARLOS EDUARDO GUIMARÃES como Coordenador de Curso de Tecnologia em Análise e Desenvolvimento de Sistemas (FCC) do Câmpus São Carlos.</p><p class="assina">EDUARDO ANTONIO MODENA</p>]]></Texto>
  </body>
</article></xml>