﻿<xml><article id="2896218" name="Portarias Nº 858; 861; 862; 863;" idOficio="4771329" pubName="DO2" artType="Portaria" pubDate="02/05/2018" artClass="00011:00089:00001:00000:00000:00000:00000:00000:00000:00000:00025:00002" artCategory="Ministério da Educação/Instituto Federal de Educação, Ciência e Tecnologia do Triângulo Mineiro/Reitoria" artSize="8" artNotes="" numberPage="21" pdfPage="http://pesquisa.in.gov.br/imprensa/jsp/visualiza/index.jsp?data=02/05/2018&amp;jornal=529&amp;pagina=21" editionNumber="83" highlight="" idMateria="10716623">
  <body>
    <Identifica><![CDATA[ PORTARIAS DE 27 DE ABRIL DE 2018]]></Identifica>
    <Data><![CDATA[]]></Data>
    <Ementa />
    <Titulo />
    <SubTitulo />
    <Texto><![CDATA[<p class="identifica">PORTARIAS DE 27 DE ABRIL DE 2018</p><p>O Substituto do Reitor do Instituto Federal de Educação, Ciência e Tecnologia do Triângulo Mineiro, no uso de suas atribuições legais, conferida pela Portaria IFTM nº 284 de 17/02/2017, publicada no DOU de 24/02/2017, e Lei nº 11.892 de 29/12/2008, publicada no DOU de 30/12/2008, resolve:</p><p>Nº 858 - I - Nomear, a partir de 02/05/2018, o(a) servidor(a) CHRISTIANE ALVES CALHEIROS SAKAMOTO - Assistente em Administração, matrícula SIAPE nº 1873090, para o cargo de Substituto(a) do(a) Diretor(a) de Pesquisa, Pós-Graduação e Inovação, Código CD-03, do IFTM - Reitoria.</p><p>Nº 861 - I - Nomear, a partir de 23/04/2018, o(a) servidor(a) RICARDO WILIAM PINHEIRO - Professor EBTT, matrícula SIAPE nº 1056994, para o cargo de Substituto(a) do(a) Diretor(a) Geral, Código CD-02, do IFTM -Campus Patrocínio.</p><p>Nº 862 - I - Nomear, a partir de 23/04/2018, o(a) servidor(a) MARGARETE AFONSO BORGES COÊLHO - Professor EBTT, matrícula SIAPE nº2140196, para o cargo de Coordenador(a) Geral de Ensino, Pesquisa e Extensão, Código CD-04, do IFTM - Campus Patrocínio.</p><p>Nº 863 - I - Exonerar, a partir de 23/04/2018, o(a) servidor(a) MARGARETE AFONSO BORGES COÊLHO - Professor EBTT, matrícula SIAPE nº2140196, do cargo de Substituto(a) do Coordenador(a) Geral de Ensino, Pesquisa e Extensão, Código CD-04, do IFTM - Campus Patrocínio.</p><p>Nº 864 - I - Nomear, a partir de 23/04/2018, o(a) servidor(a) ALOISIO PEREIRA JÚNIOR - Professor EBTT, matrícula SIAPE nº2322745, para o cargo de Substituto(a) do Coordenador(a) Geral de Ensino, Pesquisa e Extensão, Código CD-04, do IFTM - Campus Patrocínio.</p><p>Nº 865 - I - Exonerar, a pedido, a partir de 02/05/2018, o(a) servidor(a) MAURO BORGES FRANÇA - Professor EBTT, matrícula SIAPE nº 1322061, do cargo de Pró-Reitor(a) de Desenvolvimento Institucional, Código CD-02, do IFTM - Reitoria.</p><p>Nº 866 - I - Nomear, a partir de 02/05/2018, o(a) servidor(a) GUSTAVO GOULART MARTINS - Assistente em Administração, matrícula SIAPE nº 1749110, para o cargo de Pró-Reitor(a) de Desenvolvimento Institucional, Código CD-02, do IFTM - Reitoria.</p><p>Nº 867 - I - Exonerar, a partir de 02/05/2018, o(a) servidor(a) GUSTAVO GOULART MARTINS - Assistente em Administração, matrícula SIAPE nº 1749110, do cargo de Substituto(a) do(a) Pró-Reitor(a) de Desenvolvimento Institucional, Código CD-02, do IFTM - Reitoria.</p><p>Nº 868 - I - Nomear, a partir de 02/05/2018, o(a) servidor(a) INAMARA GOMES DE ARAUJO LEAL - Assistente em Administração, matrícula SIAPE nº 48342, para o cargo de Substituto(a) do(a) Pró-Reitor(a) de Desenvolvimento Institucional, Código CD-02, do IFTM - Reitoria.</p><p>Nº 869 - I - Exonerar, a partir de 02/05/2018, o(a) servidor(a) ANDRE HENRIQUE LEMES FERREIRA - Assistente em Administração, matrícula SIAPE nº 1814160, do cargo de Substituto(a) do(a) Diretor(a) Executivo(a) de Relações Interinstitucionais, Código CD-03, do IFTM - Reitoria.</p><p>Nº 870 - I - Nomear, a partir de 02/05/2018, o(a) servidor(a) LETÍCIA ESTRELA MARTINS SOUSA - Relações Públicas, matrícula SIAPE nº 2310775, para o cargo de Substituto(a) do(a) Diretor(a) Executivo(a) de Relações Interinstitucionais, Código CD-03, do IFTM - Reitoria.</p><p>Nº 871 - I - Exonerar, a partir de 02/05/2018, o(a) servidor(a) GUSTAVO GOULART MARTINS - Assistente em Administração, matrícula SIAPE nº 1749110, do cargo de Diretor(a) Executivo(a) de Relações Interinstitucionais, Código CD-03, do IFTM - Reitoria.</p><p>Nº 872 - I - Nomear, a partir de 02/05/2018, o(a) servidor(a) ANDRE HENRIQUE LEMES FERREIRA - Assistente em Administração, matrícula SIAPE nº 1814160, para o cargo de Diretor(a) Executivo(a) de Relações Interinstitucionais, Código CD-03, do IFTM - Reitoria.</p><p>Nº 875 - I - Dispensar, a partir de 02/05/2018, o(a) servidor(a) ANDRE HENRIQUE LEMES FERREIRA -Assistente em Administração, matrícula SIAPE nº 1814160, da função Gratificada de Coordenador(a) de Planejamento Estratégico, Código FG-02, do IFTM - Reitoria.</p><p>Nº 876 - I - Designar, a partir de 02/05/2018, o(a) servidor(a) ANDRESSA LIMA DA CUNHA - Assistente em Administração, matrícula SIAPE nº 2018533, para a função Gratificada de Coordenador(a) de Planejamento Estratégico, Código FG-02, do IFTM - Reitoria.</p><p>Estas Portarias entram em vigor nesta data.</p><p class="assina">José Antônio Bessa</p>]]></Texto>
  </body>
</article></xml>