﻿<xml><article id="2896200" name="PUBLICAR-2-MAIO-DOU 2-SP-1PT-251" idOficio="4770601" pubName="DO2" artType="Portaria" pubDate="02/05/2018" artClass="00034:00007:00046:00000:00000:00000:00000:00000:00000:00000:00025:00001" artCategory="Ministério Público da União/Ministério Público Federal/Procuradoria da República no Estado de São Paulo" artSize="8" artNotes="" numberPage="58" pdfPage="http://pesquisa.in.gov.br/imprensa/jsp/visualiza/index.jsp?data=02/05/2018&amp;jornal=529&amp;pagina=58" editionNumber="83" highlight="" idMateria="10714703">
  <body>
    <Identifica><![CDATA[ PORTARIA Nº 251, DE 20 DE ABRIL DE 2018]]></Identifica>
    <Data><![CDATA[]]></Data>
    <Ementa />
    <Titulo />
    <SubTitulo />
    <Texto><![CDATA[<p class="identifica">PORTARIA Nº 251, DE 20 DE ABRIL DE 2018</p><p>O PROCURADOR-CHEFE DA PROCURADORIA DA REPÚBLICA NO ESTADO DE SÃO PAULO, no uso de suas atribuições previstas no inciso II, artigo 50 da Lei Complementar nº 75, de 20 de maio de 1993, e no Regimento Interno Administrativo do MPF, aprovado pela Portaria n.º SG/MPF n.º 382, de 05 de maio de 2015, resolve:</p><p>1. Exonerar o servidor ANDRE LUIZ VALENTE DOS REIS, Matrícula nº 15008, ocupante do cargo de Analista do MPU/Direito, do cargo em comissão de Assessor Nível II do Gabinete da Procuradora Raquel Cristina Rezende Silvestre, CC-2, da Procuradoria da República no Município de São Bernardo do Campo.</p><p>2. Nomear a servidora CAMILA DEAN PORTO MUNDIN, Matrícula nº 22652, ocupante do cargo de Analista do MPU/Direito, para o cargo em comissão de Assessor Nível II do Gabinete da Procuradora Raquel Cristina Rezende Silvestre, CC-2, da Procuradoria da República no Município de São Bernardo do Campo.</p><p class="assina">THIAGO LACERDA NOBRE</p>]]></Texto>
  </body>
</article></xml>