﻿<xml><article id="2901964" name="Portaria PGJ 439" idOficio="4772004" pubName="DO2" artType="Portaria" pubDate="02/05/2018" artClass="00034:00010:00000:00000:00000:00000:00000:00000:00000:00000:00025:00001" artCategory="Ministério Público da União/Ministério Público do Distrito Federal e Territórios" artSize="8" artNotes="" numberPage="59" pdfPage="http://pesquisa.in.gov.br/imprensa/jsp/visualiza/index.jsp?data=02/05/2018&amp;jornal=529&amp;pagina=59" editionNumber="83" highlight="" idMateria="10717780">
  <body>
    <Identifica><![CDATA[ PORTARIA Nº 439, DE 27 DE ABRIL DE 2018]]></Identifica>
    <Data><![CDATA[]]></Data>
    <Ementa />
    <Titulo />
    <SubTitulo />
    <Texto><![CDATA[<p class="identifica">PORTARIA Nº 439, DE 27 DE ABRIL DE 2018</p><p>O PROCURADOR-GERAL DE JUSTIÇA DO DISTRITO FEDERAL E TERRITÓRIOS, no uso das atribuições conferidas pela Lei Complementar nº 75, de 20 de maio de 1993, e considerando o teor do Tabularium nº 08191.043752/2018-12, resolve:</p><p>Designar a servidora STELLA ALVES CORREA, matrícula 5324-4, Analista do MPU/Direito da carreira do Ministério Público da União, para substituir, no período de 30/4 a 18/5/2018, o cargo em comissão de Assessor Chefe de Gabinete de Promotoria II da 2ª Promotoria de Justiça Criminal e do Tribunal do Júri de São Sebastião da Coordenadoria das Promotorias de Justiça de São Sebastião, código CC-02 (88001020).</p><p class="assina">LEONARDO ROSCOE BESSA</p>]]></Texto>
  </body>
</article></xml>