﻿<xml><article id="2895725" name="038 - APOSENTADORIA ELSON" idOficio="4770394" pubName="DO2" artType="Portaria" pubDate="02/05/2018" artClass="00008:00059:00000:00000:00000:00000:00000:00000:00000:00000:00025:00002" artCategory="Ministério da Ciência, Tecnologia, Inovações e Comunicações/Laboratório Nacional de Computação Científica" artSize="8" artNotes="" numberPage="6" pdfPage="http://pesquisa.in.gov.br/imprensa/jsp/visualiza/index.jsp?data=02/05/2018&amp;jornal=529&amp;pagina=6" editionNumber="83" highlight="" idMateria="10714385">
  <body>
    <Identifica><![CDATA[ PORTARIA  Nº 38, DE  26  DE ABRIL  DE  2018]]></Identifica>
    <Data><![CDATA[]]></Data>
    <Ementa />
    <Titulo />
    <SubTitulo />
    <Texto><![CDATA[<p class="identifica">PORTARIA Nº 38, DE 26 DE ABRIL DE 2018</p><p>DIRETOR DO LABORATÓRIO NACIONAL DE COMPUTAÇÃO CIENTÍFICA DO MINISTÉRIO DA CIÊNCIA, TECNOLOGIA, INOVAÇÃO E COMUNICAÇÕES, no uso da atribuição que lhe confere o item XXIV, do artigo 1º, da Portaria n.º. 407, de 29 de junho de 2006, do Ministro de Estado da Ciência e Tecnologia, publicada no Diário Oficial da União de 30/06/2006, e tendo em vista o que consta do processo n.º 01209.000060/2018-96, resolve:</p><p>Declarar aposentado o servidor ELSON MAGALHÃES TOLEDO, Matrícula SIAPE no 313999, ocupante do cargo de Tecnologista Sênior, Classe H, Padrão III, lotada no Laboratório Nacional de Computação Científica - LNCC do Ministério da Ciência, Tecnologia, Inovações e Comunicações, com fundamento no art. 3º, parágrafo I, II e parágrafo único da Emenda Constitucional nº 47, de 05 de julho de 2005, c/c com o § 18, artigo 40, da Constituição Federal (redação atual).</p><p class="assina">AUGUSTO CESAR GADELHA VIEIRA</p>]]></Texto>
  </body>
</article></xml>