﻿<xml><article id="2899978" name="PTS36E37FORTALEZA" idOficio="4771737" pubName="DO2" artType="Portaria" pubDate="02/05/2018" artClass="00022:00029:00237:00008:00089:00001:00000:00000:00000:00000:00025:00002" artCategory="Ministério do Desenvolvimento Social/Instituto Nacional do Seguro Social/Superintendência Regional Nordeste em Recife/Gerência Executiva - A - em Fortaleza/Serviço de Administração/Seção Operacional da Gestão de Pessoas" artSize="8" artNotes="" numberPage="41" pdfPage="http://pesquisa.in.gov.br/imprensa/jsp/visualiza/index.jsp?data=02/05/2018&amp;jornal=529&amp;pagina=41" editionNumber="83" highlight="" idMateria="10717359">
  <body>
    <Identifica><![CDATA[ PORTARIAS  DE  30 DE ABRIL DE 2018]]></Identifica>
    <Data><![CDATA[]]></Data>
    <Ementa />
    <Titulo />
    <SubTitulo />
    <Texto><![CDATA[<p class="identifica">PORTARIAS DE 30 DE ABRIL DE 2018</p><p>A CHEFE SUBSTITUTA DA SEÇÃO OPERACIONAL DA GESTÃO DE PESSOAS- DA GERÊNCIA EXECUTIVA DO INSTITUTO NACIONAL DO SEGURO SOCIAL (INSS)-Fortaleza, no uso das atribuições que lhe confere o Artigo nº 235, I, "b" da Portaria nº 414/MDS, de 28 de setembro de 2017, publicada no Diário Oficial da União nº 188/A - Edição Extra de 21 de setembro de 2017, Seção I, pág.1/23, que aprova o Regimento Interno do INSS, resolve: .</p><p>Nº 36 - Conceder aposentadoria voluntária integral ao servidor ROBSON ROBERTO DE MORAES, matricula 0879866, ocupante do cargo de Agente de Serviços Diversos classe "S",padrão "IV", do quadro de pessoal do INSS, com fundamento no artigo 3º da Emenda Constitucional nº 47, de 05 de julho de 2005, observado o contido no processo nº 35043.000588/2018-17, declarando, em consequência, o referido cargo vago.</p><p>Nº 37 - Conceder aposentadoria voluntária integral a servidora TULIA MARIA CALDEIRA ESCHER, matricula 0927813, ocupante do cargo de Técnico do Seguro Social classe "S",padrão "IV", do quadro de pessoal do INSS, com fundamento no artigo 3º da Emenda Constitucional nº 47, de 05 de julho de 2005, observado o contido no processo nº 35043.000507/2018-89, declarando, em consequência, o referido cargo vago.</p><p class="assina">MARCIA MOREIRA GONÇALVES PEIXOTO</p>]]></Texto>
  </body>
</article></xml>