﻿<xml><article id="2902238" name="ATO PORTARIA Nº 489" idOficio="4772008" pubName="DO2" artType="Portaria" pubDate="02/05/2018" artClass="00011:00042:00000:00000:00000:00000:00000:00000:00000:00000:00025:00006" artCategory="Ministério da Educação/Fundação Universidade Federal de Sergipe" artSize="8" artNotes="" numberPage="16" pdfPage="http://pesquisa.in.gov.br/imprensa/jsp/visualiza/index.jsp?data=02/05/2018&amp;jornal=529&amp;pagina=16" editionNumber="83" highlight="" idMateria="10717789">
  <body>
    <Identifica><![CDATA[ PORTARIA Nº 489, DE 23 DE ABRIL DE 2018]]></Identifica>
    <Data><![CDATA[]]></Data>
    <Ementa />
    <Titulo />
    <SubTitulo />
    <Texto><![CDATA[<p class="identifica">PORTARIA Nº 489, DE 23 DE ABRIL DE 2018</p><p>O REITOR DA UNIVERSIDADE FEDERAL DE SERGIPE, no uso de suas atribuições legais e, considerando: o que consta no MEM. ELETRÔNICO nº 47/18/PROPLAN, de 02/04/2018; resolve:</p><p>Art. 1º - Dispensar, a partir de 02/04/2018, da Função Gratificada FG-4, de Assessor Técnico da Pró-Reitoria de Planejamento - PROPLAN/UFS, o Assistente em Administração, Nível de Classificação D, Nível de Capacitação 4, Padrão de Vencimento 04, ALEXSANDRO AZEVEDO SOUZA, matrícula SIAPE nº 2033841, lotado na Coordenação de Programação Orçamentária da Pró-Reitoria de Planejamento - COPRO/PROPLAN, em regime de trabalho de 40 (quarenta) horas semanais.</p><p>Art. 2º - Esta Portaria entra em vigor nesta data, devendo ser publicada no Diário Oficial da União.</p><p class="assina">Angelo Roberto Antoniolli</p>]]></Texto>
  </body>
</article></xml>