﻿<xml><article id="2900623" name="CORREIO ELETRONICO GR - 30.04.18" idOficio="4771864" pubName="DO2" artType="Portaria" pubDate="02/05/2018" artClass="00011:00104:00001:00000:00000:00000:00000:00000:00000:00000:00025:00001" artCategory="Ministério da Educação/Universidade Federal de Alagoas/Reitoria" artSize="8" artNotes="" numberPage="22" pdfPage="http://pesquisa.in.gov.br/imprensa/jsp/visualiza/index.jsp?data=02/05/2018&amp;jornal=529&amp;pagina=22" editionNumber="83" highlight="" idMateria="10717492">
  <body>
    <Identifica><![CDATA[ PORTARIA Nº 565, DE 24 DE ABRIL DE 2018]]></Identifica>
    <Data><![CDATA[]]></Data>
    <Ementa />
    <Titulo />
    <SubTitulo />
    <Texto><![CDATA[<p class="identifica">PORTARIA Nº 565, DE 24 DE ABRIL DE 2018</p><p>A REITORA DA UNIVERSIDADE FEDERAL DE ALAGOAS, no uso das atribuições que lhe confere o §1º do art. 15, do Estatuto da UFAL, aprovado pela Port. nº 4067/MEC, de 29.12.03, e tendo em vista o que consta no Proc. nº 23065.008737/18-59, resolve:</p><p>Conceder aposentadoria voluntária, com proventos integrais, à servidora MARIA CÉLIA DE ANDRADE LIRA, mat./SIAPE nº 1120388, ocupante do cargo de Bióloga, classe E, nível III, padrão 16, do quadro de pessoal da UFAL, com fundamento no art. 3º, da EC 47/05.</p><p class="assina">MARIA VALÉRIA COSTA CORREIA</p><p class="identifica">Retificação</p><p>NA PORT. Nº 524/GR PUBLICADA NO BP Nº 74, EM 23/04/18 E NO DOU de 23/04/18, seção 2, pág. 23, que dispensou ANDERSON DE ALENCAR MENEZES e designou LUÍS PAULO LEOPOLDO MERCADO, Onde se lê: "função de Coordenador do Programa de Pós-graduação em História (PPGH), do ICHCA", leia-se: "função de Coordenador do Programa de Pós-graduação em Educação (PPGE), do CEDU.</p>]]></Texto>
  </body>
</article></xml>