﻿<xml><article id="2900656" name="PTS20E21REGIONALSUL" idOficio="4771865" pubName="DO2" artType="Portaria" pubDate="02/05/2018" artClass="00022:00029:00241:00026:00000:00000:00000:00000:00000:00000:00025:00002" artCategory="Ministério do Desenvolvimento Social/Instituto Nacional do Seguro Social/Superintendência Regional Sul em Florianópolis/Serviço de Gestão de Pessoas" artSize="8" artNotes="" numberPage="46" pdfPage="http://pesquisa.in.gov.br/imprensa/jsp/visualiza/index.jsp?data=02/05/2018&amp;jornal=529&amp;pagina=46" editionNumber="83" highlight="" idMateria="10717514">
  <body>
    <Identifica><![CDATA[ PORTARIAS DE 30 DE ABRIL DE 2018]]></Identifica>
    <Data><![CDATA[]]></Data>
    <Ementa />
    <Titulo />
    <SubTitulo />
    <Texto><![CDATA[<p class="identifica">PORTARIAS DE 30 DE ABRIL DE 2018</p><p>O CHEFE DO SERVIÇO DE GESTÃO DE PESSOAS DA SUPERINTENDÊNCIA REGIONAL SUL DO INSS EM FLORIANÓPOLIS - SANTA CATARINA, no uso das atribuições que lhe foram conferidas pelo artigo 216, inciso I, alíneas "a" e "b", do Regimento Interno do INSS, aprovado pela Portaria MDS nº 414, de 28 de setembro de 2017, publicada no DOU nº 188-A de 29 de setembro de 2017, resolve:</p><p>Nº 20 - Conceder aposentadoria voluntária por tempo de contribuição a servidora ROSANA CORDEIRO MENDES, matrícula Siape nº 0.900.374, ocupante do cargo efetivo de Técnico do Seguro Social, NI-434550, Classe S, Padrão IV, do Quadro de Pessoal do Instituto Nacional do Seguro Social, com fundamento no artigo 3º da Emenda Constitucional nº 47 de 05 de julho 2005, com proventos integrais, com base na remuneração do cargo, e demais vantagens previstas na legislação vigente, com opção pela incorporação da gratificação de desempenho aos proventos, nos termos dos artigos 88 a 92 da Lei nº 13.324 de 29 de julho de 2016. Processo nº 35666.000369/2018-19.</p><p>Em consequência declarar vago o referido cargo.</p><p>Nº 21 - Conceder aposentadoria voluntária por tempo de contribuição a servidora ALMERINDA SILVA DUTRA LIMA, matrícula Siape nº 0.928.730, ocupante do cargo efetivo de Telefonista, NI-434092, Classe S, Padrão IV, do Quadro de Pessoal do Instituto Nacional do Seguro Social, com fundamento no artigo 3º da Emenda Constitucional nº 47 de 05 de julho 2005, com proventos integrais, com base na remuneração do cargo, e demais vantagens previstas na legislação vigente, com opção pela incorporação da gratificação de desempenho aos proventos, nos termos dos artigos 88 a 92 da Lei nº 13.324 de 29 de julho de 2016. Processo nº 35666.000373/2018-79.</p><p>Em consequência declarar vago o referido cargo.</p><p class="assina">JOÃO DIAS DA SILVA NETO</p>]]></Texto>
  </body>
</article></xml>