﻿<xml><article id="2900822" name="PORT189 - MPT DIG - desig" idOficio="4771897" pubName="DO2" artType="Portaria" pubDate="02/05/2018" artClass="00034:00008:00002:00000:00000:00000:00000:00000:00000:00000:00025:00001" artCategory="Ministério Público da União/Ministério Público do Trabalho/Procuradoria Regional do Trabalho da 1ª Região" artSize="8" artNotes="" numberPage="59" pdfPage="http://pesquisa.in.gov.br/imprensa/jsp/visualiza/index.jsp?data=02/05/2018&amp;jornal=529&amp;pagina=59" editionNumber="83" highlight="" idMateria="10717531">
  <body>
    <Identifica><![CDATA[ PORTARIA nº 189, DE 26 DE ABRIL DE 2018]]></Identifica>
    <Data><![CDATA[]]></Data>
    <Ementa />
    <Titulo />
    <SubTitulo />
    <Texto><![CDATA[<p class="identifica">PORTARIA nº 189, DE 26 DE ABRIL DE 2018</p><p>O VICE-PROCURADOR-CHEFE DA PROCURADORIA REGIONAL DO TRABALHO DA 1ª REGIÃO, no uso das suas atribuições legais, considerando o disposto na Portaria PGT nº 673, de 24 de outubro de 2014, e Portaria PRT-1 nº 85, de 17 de março de 2015, resolve:</p><p>Art. 1º Designar a Procuradora do Trabalho Paula Roma de Moura para atuar, com acúmulo de atribuições, em substituição ao Procurador do Trabalho Alexandre Salgado Dourado Martins, titular do 4º Ofício Geral da Procuradoria do Trabalho no Município de Nova Iguaçu, pelo período de 21 de maio de 2018 a 26 de maio de 2018, em razão da participação do titular no Curso de Técnicas de Autoproteção para Membros do Ministério Público do Trabalho - CTAp - MPT 2018, conforme Edital DDP/DGP/MPT nº 23.2018.</p><p class="assina">JOÃO BATISTA BERTHIER LEITE SOARES</p>]]></Texto>
  </body>
</article></xml>