﻿<xml><article id="2895542" name="PORTARIA N.60 APOSENTADORIA DE N" idOficio="4769155" pubName="DO2" artType="Portaria" pubDate="02/05/2018" artClass="00017:00002:00033:00007:00000:00000:00000:00000:00000:00000:00025:00001" artCategory="Ministério da Saúde/Secretaria Executiva/Núcleo Estadual em Roraima/Serviço de Gestão Administrativa" artSize="8" artNotes="" numberPage="37" pdfPage="http://pesquisa.in.gov.br/imprensa/jsp/visualiza/index.jsp?data=02/05/2018&amp;jornal=529&amp;pagina=37" editionNumber="83" highlight="" idMateria="10712406">
  <body>
    <Identifica><![CDATA[ PORTARIA Nº 60, de   20 DE ABRIL DE 2018]]></Identifica>
    <Data><![CDATA[]]></Data>
    <Ementa />
    <Titulo />
    <SubTitulo />
    <Texto><![CDATA[<p class="identifica">PORTARIA Nº 60, de 20 DE ABRIL DE 2018</p><p>A Chefe do Serviço de Gestão de Administrativa do Núcleo Estadual do Ministério da Saúde em Roraima, no uso das atribuições que lhe são conferidas pela PORTARIA/SE/SAA nº 1.804, de 01 de outubro de 2013, publicada no DOU nº 192 de 03 de outubro de 2013, resolve:</p><p>Art.1º Conceder aposentadoria voluntária ao servidor Nolberto Gomes Vieira, Matrícula SIAPE nº 0711126, Classe S, Padrão III, ocupante do cargo de Motorista Oficial, do Quadro Permanente deste Ministério, na forma do artigo 3º da Emenda Constitucional 47 de 05 de julho de 2005, com os proventos do cargo efetivo e demais vantagens a que fizer jus. (Processo nº 25012.000441/2018-31).</p><p class="assina">DAYSE CHRISTINA MARQUES FERREIRA</p>]]></Texto>
  </body>
</article></xml>