﻿<xml><article id="2903307" name="Extrato Portaria PRT3 - 119 Subs" idOficio="4772115" pubName="DO2" artType="Portaria" pubDate="02/05/2018" artClass="00034:00008:00004:00000:00000:00000:00000:00000:00000:00000:00025:00001" artCategory="Ministério Público da União/Ministério Público do Trabalho/Procuradoria Regional do Trabalho da 3ª Região" artSize="8" artNotes="" numberPage="59" pdfPage="http://pesquisa.in.gov.br/imprensa/jsp/visualiza/index.jsp?data=02/05/2018&amp;jornal=529&amp;pagina=59" editionNumber="83" highlight="" idMateria="10718063">
  <body>
    <Identifica><![CDATA[ PORTARIA  Nº 119, de 27 de abril de 2018]]></Identifica>
    <Data><![CDATA[]]></Data>
    <Ementa />
    <Titulo />
    <SubTitulo />
    <Texto><![CDATA[<p class="identifica">PORTARIA Nº 119, de 27 de abril de 2018</p><p>A Vice-Procuradora-Chefe da Procuradoria Regional do Trabalho da 3ª Região, no uso da competência que lhe foi delegada pelo art. 92, II, da Lei Complementar nº 75/1993, pela portaria PGT nº 1.483, art. 2º, e no exercício da atribuição prevista no art. 1º, §2º, XXIII, da portaria PGT nº 1.728/2017, resolve:</p><p>Art. 1º Designar a servidora JULIANA MELLO E VARGAS, Técnico do MPU/Administração, matrícula 6.007.465-5, para o encargo de Chefe de Gabinete do Procurador-Chefe, código CC-2, da Procuradoria Regional do Trabalho da 3ª Região/MG, nos afastamento e impedimentos legais do titular e do substituto.</p><p>Cientifiquem-se, publique-se no Diário Oficial da União e cumpra-se.</p><p class="assina">FERNANDA BRITO PEREIRA</p>]]></Texto>
  </body>
</article></xml>