﻿<xml><article id="2897554" name="Portaria nº 2384-2018 - Aposenta" idOficio="4771573" pubName="DO2" artType="Portaria" pubDate="02/05/2018" artClass="00017:00021:00042:00000:00000:00000:00000:00000:00000:00000:00025:00001" artCategory="Ministério da Saúde/Fundação Nacional de Saúde/Superintendência Estadual em Sergipe" artSize="8" artNotes="" numberPage="38" pdfPage="http://pesquisa.in.gov.br/imprensa/jsp/visualiza/index.jsp?data=02/05/2018&amp;jornal=529&amp;pagina=38" editionNumber="83" highlight="" idMateria="10717069">
  <body>
    <Identifica><![CDATA[ PORTARIA Nº 2384, de 26 de abril de 2018]]></Identifica>
    <Data><![CDATA[]]></Data>
    <Ementa />
    <Titulo />
    <SubTitulo />
    <Texto><![CDATA[<p class="identifica">PORTARIA Nº 2384, de 26 de abril de 2018</p><p>A SUPERINTENDENTE ESTADUAL DA FUNDAÇÃO NACIONAL DE SAÚDE EM SERGIPE, nomeada pela Portaria nº 631, de 25 de agosto de 2016, publicada no DOU nº 165, Seção 2, de 26 de agosto de 2016, no uso de suas atribuições que lhe confere o Estatuto aprovado pelo Decreto nº 8.867 de 03 de outubro de 2016, publicado no DOU de 04 de outubro de 2016 e CONSIDERANDO o constante dos autos do processo nº 25280.000607/2018-59, resolve:</p><p>Art. 1º Conceder aposentadoria voluntária integral à servidora Enilza Maria Tavares Lins, ocupante do cargo de Auxiliar de Administração, Classe "S", Padrão III, matrícula SIAPE 0.468.589, do quadro de pessoal da Fundação Nacional de Saúde, com fundamento no Art. 40, § 1º, inciso III, alínea "a" da Constituição Federal, com redação dada pela Emenda Constitucional Nº 41/2003, com proventos calculados com base no art. 1º da Lei nº 10.887/2004.</p><p>Art. 2º Declarar vago o cargo referido no art. 1º.</p><p>Art. 3º Esta Portaria entra em vigor na data de sua publicação.</p><p class="assina">KELLY CHRISTINE SATTLER LIMA SILVA</p><p></p>]]></Texto>
  </body>
</article></xml>