﻿<xml><article id="2900888" name="Aposentadoria -02.05.2018 B" idOficio="4771898" pubName="DO2" artType="Portaria" pubDate="02/05/2018" artClass="00017:00026:00014:00008:00000:00000:00000:00000:00000:00000:00025:00001" artCategory="Ministério da Saúde/Secretaria de Atenção à Saúde/Departamento de Gestão Hospitalar no Estado do Rio de Janeiro/Hospital Federal da Lagoa" artSize="8" artNotes="" numberPage="38" pdfPage="http://pesquisa.in.gov.br/imprensa/jsp/visualiza/index.jsp?data=02/05/2018&amp;jornal=529&amp;pagina=38" editionNumber="83" highlight="" idMateria="10717532">
  <body>
    <Identifica><![CDATA[ Portaria Nº 26, DE 8 de Fevereiro de 2018]]></Identifica>
    <Data><![CDATA[]]></Data>
    <Ementa />
    <Titulo />
    <SubTitulo />
    <Texto><![CDATA[<p></p><p class="identifica">Portaria Nº 26, DE 8 de Fevereiro de 2018</p><p>O Diretor do Hospital Federal da Lagoa do Núcleo Estadual de Saúde do Estado do Rio de Janeiro, no uso de suas atribuições conferidas pela Portaria MS/GM nº 1.041 de 30.10.2009, publicada no Diário Oficial da União de 03/11/2009, resolve:</p><p>Conceder Aposentadoria por Invalidez Permanente Proporcional à(o) Servidor(a) Eliana Mara Bernardes Vasconcellos, Matrícula SIAPE 1.185.805, ocupante do cargo de Auxiliar de Enfermagem, Nível Intermediário, Classe S, Padrão III, do Quadro de Pessoal deste Ministério, lotado(a) no Hospital Federal da Lagoa, com fundamento na EC41 40 I 6-A EC70, com proventos calculados proporcionalmente pela última remuneração.</p><p>(Processo nº 25001.403308/2017-81)</p><p class="assina">Pedro Cirillo</p><p></p><p class="identifica">PORTARIA Nº 56, DE 16 DE ABRIL DE 2018</p><p>O Diretor do Hospital Federal da Lagoa do Núcleo Estadual de Saúde do Estado do Rio de Janeiro, no uso de suas atribuições conferidas pela Portaria MS/GM nº 1.041 de 30.10.2009, publicada no Diário Oficial da União de 03/11/2009. Resolve:</p><p>Conceder Aposentadoria Voluntária Integral à(o) Servidor(a) Maria Bernadete Santana do Nascimento, Matrícula SIAPE 0.628.483, ocupante do cargo de Auxiliar de Enfermagem, Nível Intermediário, Classe S, Padrão III, do Quadro de Pessoal deste Ministério, lotado(a) no Hospital Federal da Lagoa, com fundamento no artigo 3º da EC 47/2005, com proventos calculados pela última remuneração.</p><p>(Processo nº 33408.028431/2018-44)</p><p class="assina">Pedro Cirillo</p><p></p>]]></Texto>
  </body>
</article></xml>