﻿<xml><article id="2902517" name="2 GABMI PORTARIA 2376" idOficio="4772065" pubName="DO2" artType="Portaria" pubDate="02/05/2018" artClass="00008:00001:00000:00000:00000:00000:00000:00000:00000:00000:00019:00002" artCategory="Ministério da Ciência, Tecnologia, Inovações e Comunicações/Gabinete do Ministro" artSize="8" artNotes="" numberPage="6" pdfPage="http://pesquisa.in.gov.br/imprensa/jsp/visualiza/index.jsp?data=02/05/2018&amp;jornal=529&amp;pagina=6" editionNumber="83" highlight="" idMateria="10717930">
  <body>
    <Identifica><![CDATA[ PORTARIA Nº 2.376, de 27 DE ABRIL DE 2018]]></Identifica>
    <Data><![CDATA[]]></Data>
    <Ementa />
    <Titulo />
    <SubTitulo />
    <Texto><![CDATA[<p class="identifica">PORTARIA Nº 2.376, de 27 DE ABRIL DE 2018</p><p>O MINISTRO DE ESTADO DA CIÊNCIA, TECNOLOGIA, INOVAÇÕES E COMUNICAÇÕES, no uso da competência que lhe foi delegada pelo artigo 3º do Decreto nº 8.821, de 26 de julho de 2016, publicado no DOU de 26 de julho de 2016, e tendo em vista o disposto no Decreto nº 8.877, de 18 de outubro de 2016, publicado no DOU de 19 de outubro de 2016, e alterações posteriores, resolve:</p><p>Dispensar o servidor ARTUR COIMBRA DE OLIVEIRA, CPF 996.880.421-53, do encargo de substituto do Chefe de Gabinete, código DAS 101.4, da Secretaria de Telecomunicações - SETEL, deste Ministério (Processo SEI nº 01250.001413/2017-89).</p><p class="assina">GILBERTO KASSAB</p>]]></Texto>
  </body>
</article></xml>