﻿<xml><article id="2968758" name="Port para a imprensa" idOficio="4769240" pubName="DO2" artType="Portaria" pubDate="07/05/2018" artClass="00038:00042:00001:00000:00000:00000:00000:00000:00000:00000:00025:00001" artCategory="Poder Judiciário/Tribunal Regional do Trabalho da 3ª Região/Presidência" artSize="8" artNotes="" numberPage="81" pdfPage="http://pesquisa.in.gov.br/imprensa/jsp/visualiza/index.jsp?data=07/05/2018&amp;jornal=529&amp;pagina=81" editionNumber="86" highlight="" idMateria="10712542">
  <body>
    <Identifica><![CDATA[ PORTARIA  Nº 107, DE 5 DE MARÇO DE 2018]]></Identifica>
    <Data><![CDATA[]]></Data>
    <Ementa />
    <Titulo />
    <SubTitulo />
    <Texto><![CDATA[<p class="identifica">PORTARIA Nº 107, DE 5 DE MARÇO DE 2018</p><p>O PRESIDENTE DO TRIBUNAL REGIONAL DO TRABALHO DA TERCEIRA REGIÃO, no uso de suas atribuições legais e regimentais,</p><p>CONSIDERANDO o disposto no art. 37 da Lei n. 8.112, de 11 de dezembro de 1990;</p><p>CONSIDERANDO os termos da Resolução n. 146, de 6 de março de 2012, do Conselho Nacional de Justiça; e</p><p>CONSIDERANDO o constante no processo TRT/e-PAD/1241/2018; resolve:</p><p>Art. 1º Exaurir os efeitos da Portaria N. 63/2013, publicada no Diário Oficial da União em 9 de dezembro de 2013, que removeu a servidora Lívia Mendonça Coelho para o Tribunal Superior do Trabalho.</p><p>Art. 2º Redistribuir o cargo de Analista Judiciário, Área Judiciária, deste Tribunal, ocupado pela servidora Lívia Mendonça Coelho em reciprocidade com o cargo de Analista Judiciário, Área Judiciária, provido pela servidora Mariana Lopes Coelho, do Quadro de Pessoal do Tribunal Superior do Trabalho.</p><p>Art. 3º Esta portaria entra em vigor na data de sua publicação.</p><p></p><p class="assina">Des MARCUS MOURA FERREIRA</p>]]></Texto>
  </body>
</article></xml>