﻿<xml><article id="2895566" name="PORTARIAS DE 26 DE ABRIL-AFASTAM" idOficio="4769690" pubName="DO2" artType="Portaria" pubDate="02/05/2018" artClass="00011:00142:00000:00000:00000:00000:00000:00000:00000:00000:00025:00001" artCategory="Ministério da Educação/Universidade da Integração Internacional da Lusofonia Afro-Brasileira" artSize="8" artNotes="" numberPage="25" pdfPage="http://pesquisa.in.gov.br/imprensa/jsp/visualiza/index.jsp?data=02/05/2018&amp;jornal=529&amp;pagina=25" editionNumber="83" highlight="" idMateria="10713337">
  <body>
    <Identifica><![CDATA[ PORTARIA Nº 467, DE 26 DE ABRIL DE 2018]]></Identifica>
    <Data><![CDATA[]]></Data>
    <Ementa />
    <Titulo />
    <SubTitulo />
    <Texto><![CDATA[<p class="identifica">PORTARIA Nº 467, DE 26 DE ABRIL DE 2018</p><p>O REITOR PRO TEMPORE DA UNIVERSIDADE DA INTEGRAÇÃO INTERNACIONAL DA LUSOFONIA AFRO-BRASILEIRA, no uso de suas atribuições legais e de acordo com a Lei nº 12.289, de 20 de julho de 2010, a Portaria nº 282, de 06 de março de 2017, publicada no DOU de 07 de março de 2017, do Ministério da Educação, resolve:</p><p>Art. 1º - Autorizar o afastamento do país, com ônus limitado para a Unilab, do servidor ARISTEU ROSENDO PONTES LIMA, SIAPE: 1966126, no período de 11/05/2018 a 17/05/2018, para Itália, a fim de participar da Conferência Internacional em Supercondutividade de Multi-condensados e Superfluidez em Sólidos e Gases Ultrafrios. (Processo nº 23282.004172/2018-28)</p><p>Art. 2º Esta portaria conta seus efeitos a partir da sua publicação.</p><p class="assina">Anastácio de Queiroz Sousa</p>]]></Texto>
  </body>
</article></xml>