﻿<xml><article id="2896131" name="PORTARIA GP208 2018" idOficio="4770925" pubName="DO2" artType="Portaria" pubDate="02/05/2018" artClass="00038:00062:00002:00000:00000:00000:00000:00000:00000:00000:00025:00001" artCategory="Poder Judiciário/Tribunal Regional do Trabalho da 22ª Região/Diretoria-Geral de Administração" artSize="8" artNotes="" numberPage="70" pdfPage="http://pesquisa.in.gov.br/imprensa/jsp/visualiza/index.jsp?data=02/05/2018&amp;jornal=529&amp;pagina=70" editionNumber="83" highlight="" idMateria="10715959">
  <body>
    <Identifica><![CDATA[ PORTARIA Nº 208, DE 27 DE ABRIL DE 2018]]></Identifica>
    <Data><![CDATA[]]></Data>
    <Ementa />
    <Titulo />
    <SubTitulo />
    <Texto><![CDATA[<p></p><p></p><p class="identifica">PORTARIA Nº 208, DE 27 DE ABRIL DE 2018</p><p></p><p>O DESEMBARGADOR-PRESIDENTE DO TRIBUNAL REGIONAL DO TRABALHO DA 22ª REGIÃO, no uso de suas atribuições legais e regimentais, com fulcro no artigo 37 da Lei 8.112/90 c/c os arts. 2º e 6º da Resolução nº 146 do CNJ; CONSIDERANDO o Processo Administrativo nº 841/2017 (Resolução Administrativa nº 17/2018) deste Tribunal e a anuência do Tribunal Regional do Trabalho da 3ª Região (TRT/e-PAD/38355/2017); resolve:</p><p>1- REDISTRIBUIR o cargo efetivo da Carreira Judiciária de Analista Judiciário, Área Judiciária, Especialidade Oficial de Justiça Avaliador Federal, do Quadro Permanente de Pessoal da Secretaria deste Tribunal, ocupado pela servidora PAULA GROSSI FERNANDES GONTIJO DE OLIVEIRA LAGE, criado pela Lei nº 10.770/2003, em reciprocidade à redistribuição do cargo efetivo de Analista Judiciário, Área Judiciária, ocupado pela servidora ZORAIMA MENESES BRANDÃO, originariamente criado pela Lei 12.616/2012 no Tribunal Regional do Trabalho da 3ª Região, para este Tribunal, com efeitos a contar de 2 de maio de 2018.</p><p>2 - INCLUIR no Quadro Permanente de Pessoal do Tribunal Regional do Trabalho da 22ª Região, o cargo de Analista Judiciário, Área Judiciária, originário do Tribunal Regional do Trabalho da 3ª Região, referenciado acima, com efeitos a contar de 2 de maio de 2018, concedendo à servidora, 15 (quinze) dias para retomada do efetivo desempenho das atribuições do cargo neste Tribunal.</p><p>3 - CESSAR os efeitos da Portaria GP nº 145/2015 e REMOVER, ex ofício, a servidora Paula Grossi Fernandes Gontijo de Oliveira Lages do TRT da 4ª Região para este Tribunal.</p><p class="assina">Des. GIORGI ALAN MACHADO ARAÚJO</p><p></p>]]></Texto>
  </body>
</article></xml>