﻿<xml><article id="2896224" name="Portarias publicação - 27.04.201" idOficio="4771446" pubName="DO2" artType="Portaria" pubDate="02/05/2018" artClass="00011:00070:00001:00000:00000:00000:00000:00000:00000:00000:00025:00001" artCategory="Ministério da Educação/Instituto Federal de Educação, Ciência e Tecnologia do Norte de Minas Gerais/Reitoria" artSize="8" artNotes="" numberPage="19" pdfPage="http://pesquisa.in.gov.br/imprensa/jsp/visualiza/index.jsp?data=02/05/2018&amp;jornal=529&amp;pagina=19" editionNumber="83" highlight="" idMateria="10716815">
  <body>
    <Identifica><![CDATA[ PORTARIAS DE 27 DE ABRIL DE 2018]]></Identifica>
    <Data><![CDATA[]]></Data>
    <Ementa />
    <Titulo />
    <SubTitulo />
    <Texto><![CDATA[<p class="identifica">PORTARIAS DE 27 DE ABRIL DE 2018</p><p>O REITOR SUBSTITUTO DO INSTITUTO FEDERAL DE EDUCAÇÃO, CIÊNCIA E TECNOLOGIA DO NORTE DE MINAS GERAIS, no uso das atribuições conferidas pela Portaria Nº 257 de 24/03/2017, publicada no Diário Oficial da União de 27/03/2017, considerando o que consta do Processo eletrônico SEI nº 23394.000497/2018-12 resolve:</p><p>Nº 624 - I - Dispensar, a pedido, JARDEL CALDEIRA BRANT, Assistente em Administração, da função de Coordenador da Coordenação de Administração, código FG-1, do Campus Montes Claros.</p><p>Nº 626 -I - Designar, MARIA THEREZA SANTOS ROCHA, Administradora, para exercer a função de Coordenadora da Coordenação de Administração e Infraestrutura, código FG-1, do Campus Montes Claros.</p><p>II - Estas portarias entram em vigor na data de sua publicação.</p><p class="assina">André Luis Rabelo Cardoso</p>]]></Texto>
  </body>
</article></xml>