﻿<xml><article id="2899909" name="Retificação SPOA 101 - 2018" idOficio="4771733" pubName="DO2" artType="Portaria" pubDate="02/05/2018" artClass="00012:00002:00012:00000:00000:00000:00000:00000:00000:00000:00025:00007" artCategory="Ministério da Fazenda/Secretaria Executiva/Subsecretaria de Planejamento, Orçamento e Administração" artSize="8" artNotes="" numberPage="26" pdfPage="http://pesquisa.in.gov.br/imprensa/jsp/visualiza/index.jsp?data=02/05/2018&amp;jornal=529&amp;pagina=26" editionNumber="83" highlight="" idMateria="10717350">
  <body>
    <Identifica><![CDATA[ RETIFICAÇÃO]]></Identifica>
    <Data><![CDATA[]]></Data>
    <Ementa />
    <Titulo />
    <SubTitulo />
    <Texto><![CDATA[<p class="identifica">RETIFICAÇÃO</p><p>Na Portaria SPOA nº 101, de 16/02/2018, publicada no DOU de 20/02/2018, seção 02, página 29, onde se lê: "... código FG-1,...", leia-se: "... código FG-3,...",</p>]]></Texto>
  </body>
</article></xml>