﻿<xml><article id="2896260" name="PORTARIA 691" idOficio="4771404" pubName="DO2" artType="Portaria" pubDate="02/05/2018" artClass="00034:00008:00001:00004:00000:00000:00000:00000:00000:00000:00025:00003" artCategory="Ministério Público da União/Ministério Público do Trabalho/Procuradoria-Geral/Diretoria-Geral" artSize="8" artNotes="" numberPage="59" pdfPage="http://pesquisa.in.gov.br/imprensa/jsp/visualiza/index.jsp?data=02/05/2018&amp;jornal=529&amp;pagina=59" editionNumber="83" highlight="" idMateria="10716747">
  <body>
    <Identifica><![CDATA[ PORTARIA Nº 691, DE 27 DE ABRIL DE 2018]]></Identifica>
    <Data><![CDATA[]]></Data>
    <Ementa />
    <Titulo />
    <SubTitulo />
    <Texto><![CDATA[<p class="identifica">PORTARIA Nº 691, DE 27 DE ABRIL DE 2018</p><p>A DIRETORA-GERAL ADJUNTA DO MINISTÉRIO PÚBLICO DO TRABALHO, no uso da competência que lhe foi delegada pela Portaria DG-MPT nº 86, de 30 de março de 2016, e o que consta no PGEA/MPT nº 004136.2018.00.900/2, resolve:</p><p>Art.1º Exonerar, a contar de 1º.5.2018, a servidora NARA ABREU EMEDIATO, matrícula 6004804, do cargo em comissão de Chefe do Departamento de Arquitetura, código CC-3, da Diretoria de Arquitetura e Engenharia da Procuradoria Geral do Trabalho.</p><p>Art. 2º Dispensar a servidora NARA ABREU EMEDIATO, matrícula 6004804, do encargo de substituta eventual do Diretor de Arquitetura e Engenharia, código CC-5, da Diretoria de Arquitetura e Engenharia da Procuradoria Geral do Trabalho, nos afastamentos e impedimentos legais ou regulamentares do Titular e do Substituto.</p><p class="assina">SANDRA CRISTINA DE ARAÚJO</p>]]></Texto>
  </body>
</article></xml>