﻿<xml><article id="2902214" name="ATO PORTARIA Nº 496" idOficio="4772008" pubName="DO2" artType="Portaria" pubDate="02/05/2018" artClass="00011:00042:00000:00000:00000:00000:00000:00000:00000:00000:00025:00011" artCategory="Ministério da Educação/Fundação Universidade Federal de Sergipe" artSize="8" artNotes="" numberPage="16" pdfPage="http://pesquisa.in.gov.br/imprensa/jsp/visualiza/index.jsp?data=02/05/2018&amp;jornal=529&amp;pagina=16" editionNumber="83" highlight="" idMateria="10717794">
  <body>
    <Identifica><![CDATA[ PORTARIA Nº 496, DE 24 DE ABRIL DE 2018]]></Identifica>
    <Data><![CDATA[]]></Data>
    <Ementa />
    <Titulo />
    <SubTitulo />
    <Texto><![CDATA[<p class="identifica">PORTARIA Nº 496, DE 24 DE ABRIL DE 2018</p><p>O REITOR DA UNIVERSIDADE FEDERAL DE SERGIPE, no uso de suas atribuições legais, considerando o disposto no art. 3º, incisos I, II e III da Emenda Constitucional nº 47, de 05/07/2005, publicada no D.O.U. em 06/07/2005, considerando o que consta do Processo nº 23113.013490/2018-70/ UFS; resolve:</p><p>Art. 1º - Conceder aposentadoria voluntária, com proventos integrais, ao servidor SERGIO COLLARES JARDELINO DOS SANTOS, matrícula SIAPE nº 425875, ocupante do cargo de assistente em administração, da classe D, nível/padrão 416, lotado na Divisão de Apoio aos Leitores/BICEN, em jornada de trabalho de 40 horas semanais.</p><p>Art. 2º - Esta Portaria entrará em vigor na data de sua publicação no Diário Oficial da União.</p><p class="assina">Angelo Roberto Antoniolli</p>]]></Texto>
  </body>
</article></xml>