﻿<xml><article id="2896533" name="Ports 530 e 533" idOficio="4771555" pubName="DO2" artType="Portaria" pubDate="02/05/2018" artClass="00011:00032:00001:00000:00000:00000:00000:00000:00000:00000:00025:00001" artCategory="Ministério da Educação/Fundação Universidade Federal do Mato Grosso do Sul/Reitoria" artSize="8" artNotes="" numberPage="14" pdfPage="http://pesquisa.in.gov.br/imprensa/jsp/visualiza/index.jsp?data=02/05/2018&amp;jornal=529&amp;pagina=14" editionNumber="83" highlight="" idMateria="10717050">
  <body>
    <Identifica><![CDATA[ PORTARIAs De 27 de abril de 2018]]></Identifica>
    <Data><![CDATA[]]></Data>
    <Ementa />
    <Titulo />
    <SubTitulo />
    <Texto><![CDATA[<p class="identifica">PORTARIAs De 27 de abril de 2018</p><p>O REITOR DA FUNDAÇÃO UNIVERSIDADE FEDERAL DE MATO GROSSO DO SUL, no uso de suas atribuições legais, e considerando o que consta do Processo n° 23104.017559/2018-43, resolve:</p><p>Nº 530 - 1. Dispensar SILLAS TSUTSUI DA SILVA, matrícula Siape nº 2326224, da Função Gratificada de Secretário (FG4) da Secretaria da Pró-Reitoria de Administração e Infraestrutura.</p><p>2.Designar TATIANE CRISTINA DE OLIVEIRA LOPES, matrícula Siape nº 1767940, para exercer a Função Gratificada de Secretária (FG4) da Secretaria da Pró-Reitoria de Administração e Infraestrutura, a contar de 1º de maio de 2018.</p><p>O REITOR DA FUNDAÇÃO UNIVERSIDADE FEDERAL DE MATO GROSSO DO SUL, no uso de suas atribuições legais, e considerando o que consta do Processo n° 23104.017661/2018-49, resolve:</p><p>Nº 533 - Autorizar o afastamento do Servidor ANTONIO JOSÉ ANGELO MOTTI, matrícula Siape nº 0749083, lotado no Gabinete da Pró-Reitoria de Extensão, Cultura e Esporte, para participar do Encontro da Rede Zicosur Universitária, em Assunção, Paraguai, no período de 2 a 6 de maio de 2018, trânsito incluso, com ônus para a UFMS.</p><p class="assina">MARCELO AUGUSTO SANTOS TURINE</p>]]></Texto>
  </body>
</article></xml>