﻿<xml><article id="2901991" name="CGGP PORT 96" idOficio="4772025" pubName="DO2" artType="Portaria" pubDate="02/05/2018" artClass="00011:00002:00016:00025:00000:00000:00000:00000:00000:00000:00025:00003" artCategory="Ministério da Educação/Secretaria Executiva/Subsecretaria de Assuntos Administrativos/Coordenação-Geral de Gestão de Pessoas" artSize="8" artNotes="" numberPage="11" pdfPage="http://pesquisa.in.gov.br/imprensa/jsp/visualiza/index.jsp?data=02/05/2018&amp;jornal=529&amp;pagina=11" editionNumber="83" highlight="" idMateria="10717769">
  <body>
    <Identifica><![CDATA[ PORTARIA Nº 96, DE 27 DE ABRIL DE 2018]]></Identifica>
    <Data><![CDATA[]]></Data>
    <Ementa />
    <Titulo />
    <SubTitulo />
    <Texto><![CDATA[<p class="identifica">PORTARIA Nº 96, DE 27 DE ABRIL DE 2018</p><p>A COORDENADORA-GERAL DE GESTÃO DE PESSOAS DA SUBSECRETARIA DE ASSUNTOS ADMINISTRATIVOS DO MINISTÉRIO DA EDUCAÇÃO, usando da competência que lhe foi subdelegada pela Portaria nº 96, de 30 de abril de 2003, publicada no Diário Oficial de 02 de maio de 2003, e tendo em vista o que consta do processo nº 23000.013744/2018-27, resolve:</p><p>Conceder a partir de 27/03/2018, pensão vitalícia a IDA NASLAVSKY CUPCHIK, cônjuge do ex-servidor ARON CUPCHIK, matrícula nº 0041320, Agente Administrativo, classe S, padrão III, do Quadro de Pessoal deste Ministério, com fundamento no artigo 217, inciso III, da Lei nº 8.112/90, alterado pela Lei nº 13.135/2015, e do artigo 40, § 7º, inciso I, da Constituição da República Federativa do Brasil, com a nova redação trazida pela Emenda Constitucional nº 41/2003, combinado com o artigo 2º, inciso I, da Lei nº 10.887/04, observado a Emenda Constitucional nº 70/2012.</p><p class="assina">MARIEDEN MARTINS TOSTA</p>]]></Texto>
  </body>
</article></xml>