﻿<xml><article id="2898005" name="PT-RET-APOS-2018" idOficio="4771634" pubName="DO2" artType="Retificação" pubDate="02/05/2018" artClass="00017:00002:00032:00007:00000:00000:00000:00000:00000:00000:00032:00001" artCategory="Ministério da Saúde/Secretaria Executiva/Núcleo Estadual em Rondônia/Serviço de Gestão Administrativa" artSize="8" artNotes="" numberPage="37" pdfPage="http://pesquisa.in.gov.br/imprensa/jsp/visualiza/index.jsp?data=02/05/2018&amp;jornal=529&amp;pagina=37" editionNumber="83" highlight="" idMateria="10717155">
  <body>
    <Identifica><![CDATA[ RETIFICAÇÃO  ]]></Identifica>
    <Data><![CDATA[]]></Data>
    <Ementa />
    <Titulo />
    <SubTitulo />
    <Texto><![CDATA[<p class="identifica">RETIFICAÇÃO</p><p>Na PT/SEGAD/RO n.º 90, de 26/04/2018, publicada no DOU 82, de 30/04/2018, página 58, Seção 2, referente a aposentadoria da servidora JURACI MATHEUS DE MATOS. Onde se lê: "com fundamento no artigo 6.º da Emenda Constitucional n.º 41/2003, combinado com o artigo 2.º da Emenda Constitucional n.º 47/2005", Leia-se: "com fundamento no art. 3.º da Emenda Constitucional n.º 47/2005".</p><p></p>]]></Texto>
  </body>
</article></xml>