﻿<xml><article id="2898380" name="PTS59A64VITORIA" idOficio="4771703" pubName="DO2" artType="Portaria" pubDate="02/05/2018" artClass="00022:00029:00240:00005:00035:00003:00000:00000:00000:00000:00025:00004" artCategory="Ministério do Desenvolvimento Social/Instituto Nacional do Seguro Social/Superintendência Regional Sudeste II em Belo Horizonte/Gerência Executiva - A - Vitória/Serviço de Administração/Seção Operacional da Gestão de Pessoas" artSize="8" artNotes="" numberPage="44" pdfPage="http://pesquisa.in.gov.br/imprensa/jsp/visualiza/index.jsp?data=02/05/2018&amp;jornal=529&amp;pagina=44" editionNumber="83" highlight="" idMateria="10717270">
  <body>
    <Identifica><![CDATA[ PORTARIAS DE 30 DE ABRIL DE 2018]]></Identifica>
    <Data><![CDATA[]]></Data>
    <Ementa />
    <Titulo />
    <SubTitulo />
    <Texto><![CDATA[<p class="identifica">PORTARIAS DE 30 DE ABRIL DE 2018</p><p>O CHEFE SUBSTITUTO DA SEÇÃO OPERACIONAL DE GESTÃO DE PESSOAS DA GERENCIA-EXECUTIVA DO INSTITUTO NACIONAL DO SEGURO SOCIAL (INSS) EM VITORIA/ES, no uso das atribuições conferidas pelo Art. 235, Inciso "I", alínea "b", do Regimento Interno do INSS, aprovado pela Portaria MDS/GM nº 414, de 28/09/2017, publicada no DOU Edição Extra nº 188-A, de 29/09/2017, e por competência delegada pela PT/INSS/GEXVIT nº 62, de 17/06/2015, BSL nº 113, de 17/06/2015, Resolve:</p><p>Nº 59 - Conceder Aposentadoria Voluntária ao servidor Atair de Sousa Barbosa, matricula Siape nº 0622828, ocupante do cargo de Administrador, código 434.009, nível "NS", classe "S", padrão IV, do quadro de Pessoal do Instituto Nacional do Seguro Social, com fundamento no artigo 3º da Emenda Constitucional nº 47/2005, com proventos integrais, acrescido das demais vantagens a que faz jus. Processo nº 35059.000070/2018-12.</p><p>Nº 60 - Conceder Aposentadoria Voluntária a servidora Tania Magda Lessa da Silva, matricula Siape nº 0045978, ocupante do cargo de Técnico do Seguro Social, código 434.550, nível "NI", classe "S", padrão IV, do quadro de Pessoal do Instituto Nacional do Seguro Social, com fundamento no artigo 3º da Emenda Constitucional nº 47/2005, com proventos integrais, acrescido das demais vantagens a que faz jus. Processo nº 35059.000055/2018-66.</p><p>Nº 61 - Conceder Aposentadoria Voluntária a servidora Tereza Cristina Silva Viana, matricula Siape nº 0545230, ocupante do cargo de Auxiliar de Enfermagem, código 434.079, nível "NI", classe "S", padrão IV, do quadro de Pessoal do Instituto Nacional do Seguro Social, com fundamento no artigo 3º da Emenda Constitucional nº 47/2005, com proventos integrais, acrescido das demais vantagens a que faz jus. Processo nº 35059.000562/2017-19.</p><p>Nº 62 - Conceder Aposentadoria Voluntária a servidora Rosamalena dos Reis, matricula Siape nº 0886949, ocupante do cargo de Datilografo, código 434.078, nível "NI", classe "S", padrão IV, do quadro de Pessoal do Instituto Nacional do Seguro Social, com fundamento no artigo 3º da Emenda Constitucional nº 47/2005, com proventos integrais, acrescido das demais vantagens a que faz jus. Processo nº 35059.000606/2017-19.</p><p>Nº 63 - Conceder Aposentadoria Voluntária a servidora Maria das Graças Reis da Silva, matricula Siape nº 0887582, ocupante do cargo de Técnico do Seguro Social, código 434.550, nível "NI", classe "S", padrão IV, do quadro de Pessoal do Instituto Nacional do Seguro Social, com fundamento no artigo 3º da Emenda Constitucional nº 47/2005, com proventos integrais, acrescido das demais vantagens a que faz jus. Processo nº 35059.000071/2018-59.</p><p>Nº 64 - Conceder Aposentadoria Voluntária a servidora Aparecida Francis Pinto da Cunha, matricula Siape nº 0886720, ocupante do cargo de Técnico do Seguro Social, código 434.550, nível "NI", classe "S", padrão IV, do quadro de Pessoal do Instituto Nacional do Seguro Social, com fundamento no artigo 3º da Emenda Constitucional nº 47/2005, com proventos integrais, acrescido das demais vantagens a que faz jus. Processo nº 35059.000163/2018-39.</p><p class="assina">TELMA ELITA SIQUEIRA COUTINHO</p>]]></Texto>
  </body>
</article></xml>