﻿<xml><article id="2898839" name="(Port. nº 759-SEI-SE )AMOS BATIS" idOficio="4771664" pubName="DO2" artType="Portaria" pubDate="02/05/2018" artClass="00013:00002:00000:00000:00000:00000:00000:00000:00000:00000:00025:00004" artCategory="Ministério da Indústria, Comércio Exterior e Serviços/Secretaria Executiva" artSize="8" artNotes="" numberPage="30" pdfPage="http://pesquisa.in.gov.br/imprensa/jsp/visualiza/index.jsp?data=02/05/2018&amp;jornal=529&amp;pagina=30" editionNumber="83" highlight="" idMateria="10717184">
  <body>
    <Identifica><![CDATA[ PORTARIA Nº 759-SEI, DE 27 DE ABRIL DE 2018]]></Identifica>
    <Data><![CDATA[]]></Data>
    <Ementa />
    <Titulo />
    <SubTitulo />
    <Texto><![CDATA[<p class="identifica">PORTARIA Nº 759-SEI, DE 27 DE ABRIL DE 2018</p><p>A SECRETÁRIA-EXECUTIVA DO MINISTÉRIO DA INDÚSTRIA, COMÉRCIO EXTERIOR E SERVIÇOS, no uso da competência que lhe foi subdelegada pela Portaria GM/MDIC nº 305, de 1º de novembro de 2016, e tendo em vista o disposto no Decreto nº 9.260, de 29 de dezembro de 2017, e na Lei nº 8.112, de 11 de dezembro de 1990, resolve:</p><p>Designar AMÓS BATISTA DE SOUZA para, no período 07 a 11 de maio de 2018, exercer o encargo de substituto do cargo em comissão de Secretário-Executivo do Conselho Nacional das Zonas de Processamento de Exportação, código DAS 101.5, deste Ministério, em virtude do afastamento do titular e do substituto eventual.</p><p class="assina">YANA DUMARESQ SOBRAL ALVES</p>]]></Texto>
  </body>
</article></xml>