﻿<xml><article id="2900035" name="PORTARIA SE Nº 261" idOficio="4771740" pubName="DO2" artType="Portaria" pubDate="02/05/2018" artClass="00026:00002:00000:00000:00000:00000:00000:00000:00000:00000:00000:00002" artCategory="Ministério do Planejamento, Desenvolvimento e Gestão/Secretaria Executiva" artSize="12" artNotes="" numberPage="48" pdfPage="http://pesquisa.in.gov.br/imprensa/jsp/visualiza/index.jsp?data=02/05/2018&amp;jornal=529&amp;pagina=48" editionNumber="83" highlight="" idMateria="10717368">
  <body>
    <Identifica><![CDATA[ PORTARIA  Nº 261, DE 24 DE ABRIL DE 2018]]></Identifica>
    <Data><![CDATA[]]></Data>
    <Ementa />
    <Titulo />
    <SubTitulo><![CDATA[ANEXO]]></SubTitulo>
    <Texto><![CDATA[<p class="identifica">PORTARIA Nº 261, DE 24 DE ABRIL DE 2018</p><p>O SECRETÁRIO-EXECUTIVO SUBSTITUTO DO MINISTÉRIO DO PLANEJAMENTO, DESENVOLVIMENTO E GESTÃO, no uso da competência que lhe foi delegada na Portaria GM/MP nº 56, publicada no Diário Oficial da União - DOU de 23 de fevereiro de 2016, e considerando o disposto no inciso II do art. 93 da Lei nº 8.112, de 11 de dezembro de 1990, com redação dada pelo art. 22 da Lei nº 8.270, de 17 de dezembro de 1991, Decreto nº 9.144, de 22 de agosto de 2017, Portaria GM/MP nº 342, de 31 de outubro de 2017, combinado com o art. 64 do Decreto nº 8.978, de 1º de fevereiro de 2017, e Orientação Normativa SEGEP/MP nº 4, de 12 de junho de 2015, e demais informações que constam do Processo nº 03154.002390/2018-24, resolve:</p><p>Art. 1º - Autorizar a requisição do servidor PEDRO LUIS GARCIA DA SILVEIRA, matrícula SIAPE nº 1547773, pertencente ao Quadro de Pessoal deste Ministério, para o Ministério da Defesa.</p><p>Art. 2º - O ônus pela remuneração é do órgão requisitado.</p><p>Art. 3º - O servidor deverá apresentar-se imediatamente ao órgão requisitado ao término da requisição, observado o disposto nos arts. 4º e 6º da Orientação Normativa nº 4, de 12 de junho de 2015.</p><p>Art.4º - Esta Portaria entra em vigor na data da sua publicação.</p><p class="assina">WALTER BAERE DE ARAUJO FILHO</p><p class="subtitulo">ANEXO</p><p></p><table><tr /><tr><td><p>CPF</p></td><td><p>Nome</p></td><td><p>Processo nº</p></td></tr><tr><td><p>186.421.525-91</p></td><td><p>JOSÉ BENTO DA CRUZ</p></td><td><p>05200.200901/2015-51</p></td></tr></table>]]></Texto>
  </body>
</article></xml>