﻿<xml><article id="2902855" name="652.2018 - NILZA DA CONCEIÇÃO CA" idOficio="4772034" pubName="DO2" artType="Portaria" pubDate="02/05/2018" artClass="00034:00008:00001:00001:00000:00000:00000:00000:00000:00000:00025:00001" artCategory="Ministério Público da União/Ministério Público do Trabalho/Procuradoria-Geral/Gabinete do Procurador Geral" artSize="8" artNotes="" numberPage="58" pdfPage="http://pesquisa.in.gov.br/imprensa/jsp/visualiza/index.jsp?data=02/05/2018&amp;jornal=529&amp;pagina=58" editionNumber="83" highlight="" idMateria="10717912">
  <body>
    <Identifica><![CDATA[ PORTARIA Nº 652, DE 27 DE ABRIL DE 2018]]></Identifica>
    <Data><![CDATA[]]></Data>
    <Ementa />
    <Titulo />
    <SubTitulo />
    <Texto><![CDATA[<p class="identifica">PORTARIA Nº 652, DE 27 DE ABRIL DE 2018</p><p>O PROCURADOR-GERAL DO TRABALHO, no uso competência que lhe foi delegada pela Portaria PGR nº 308, de 28 de maio de 1996, e tendo em vista o que consta do PGEA/MPT nº 001747.2018.01.900/4, resolve:</p><p>Art. 1º Conceder pensão civil vitalícia a NILZA DA CONCEIÇÃO CARVALHO, companheira de JOSÉ ANDRÉ DOMINGUES, membro inativo do Ministério Público do Trabalho, falecido em 06/04/2018, com fundamento nos artigos 215, 217, III, e 222, VII, b, 6, da Lei nº 8.112, de 11 de dezembro de 1990, com redação dada pela Lei nº 13.135, de 2015, combinados com o artigo 40, § 7º, I, da Constituição Federal, com redação dada pela Emenda Constitucional nº 41/03, e com o artigo 2º, I, da Lei nº 10.887/2004, com efeitos a contar da data do óbito.</p><p class="assina">RONALDO CURADO FLEURY</p>]]></Texto>
  </body>
</article></xml>