﻿<xml><article id="2902946" name="DOU 2-MG-1PT-150-UNI-27769_Guilh" idOficio="4772087" pubName="DO2" artType="Portaria" pubDate="02/05/2018" artClass="00034:00007:00034:00000:00000:00000:00000:00000:00000:00000:00025:00001" artCategory="Ministério Público da União/Ministério Público Federal/Procuradoria da República no Estado de Minas Gerais" artSize="8" artNotes="" numberPage="58" pdfPage="http://pesquisa.in.gov.br/imprensa/jsp/visualiza/index.jsp?data=02/05/2018&amp;jornal=529&amp;pagina=58" editionNumber="83" highlight="" idMateria="10717996">
  <body>
    <Identifica><![CDATA[ PORTARIA Nº 150, de 26 de Abril de 2018]]></Identifica>
    <Data><![CDATA[]]></Data>
    <Ementa />
    <Titulo />
    <SubTitulo />
    <Texto><![CDATA[<p class="identifica">PORTARIA Nº 150, de 26 de Abril de 2018</p><p>A PROCURADORA-CHEFE DA PROCURADORIA DA REPÚBLICA NO ESTADO DE MINAS GERAIS, no uso da competência prevista pela Portaria PGR/MPF nº 357, de 05 de maio de 2015, resolve:</p><p>1 - Dispensar EDUARDO DA SILVA COSTA, matrícula 18405-5, ocupante do cargo de Técnico do MPU/Apoio Técnico Administrativo/Segurança Institucional e Transporte, da função de confiança de Assistente - Nível II, Código FC-2, do Gabinete do Dr. Wesley Miranda Alves, da Procuradoria da República no Município de Ituiutaba no Estado de Minas Gerais.</p><p>2 - Designar ALINE RESENDE FREITAS, matrícula 27561-1, ocupante do cargo de Técnico do MPU/Administração para exercer a função de confiança de Assistente - Nível II, Código FC-2, do Gabinete do Dr. Wesley Miranda Alves, da Procuradoria da República no Município de Ituiutaba no Estado de Minas Gerais.</p><p>3 - Exonerar ANA CAROLINA GONÇALVES TEIXEIRA, matrícula 25518-1, ocupante do cargo de Analista do MPU/Direito, do cargo em comissão de Assessor - Nível II, Código CC-2, do Gabinete do Dr. Wesley Miranda Alves, da Procuradoria da República no Município de Ituiutaba no Estado de Minas Gerais.</p><p>4 - Nomear EDUARDO DA SILVA COSTA, matrícula 18405-5, ocupante do cargo de Técnico do MPU/Apoio Técnico Administrativo/Segurança Institucional e Transporte, para exercer o cargo em comissão de Assessor - Nível II, Código CC-2, do Gabinete do Dr. Wesley Miranda Alves, da Procuradoria da República no Município de Ituiutaba no Estado de Minas Gerais.</p><p class="assina">Isabela de Holanda Cavalcanti</p>]]></Texto>
  </body>
</article></xml>