﻿<xml><article id="2902315" name="PORT326-2018" idOficio="4772047" pubName="DO2" artType="Portaria" pubDate="02/05/2018" artClass="00011:00060:00001:00000:00000:00000:00000:00000:00000:00000:00025:00002" artCategory="Ministério da Educação/Instituto Federal de Educação, Ciência e Tecnologia do Ceará/Reitoria" artSize="8" artNotes="" numberPage="18" pdfPage="http://pesquisa.in.gov.br/imprensa/jsp/visualiza/index.jsp?data=02/05/2018&amp;jornal=529&amp;pagina=18" editionNumber="83" highlight="" idMateria="10717847">
  <body>
    <Identifica><![CDATA[ PORTARIA Nº 326, DE 30 DE ABRIL DE 2018]]></Identifica>
    <Data><![CDATA[]]></Data>
    <Ementa />
    <Titulo />
    <SubTitulo />
    <Texto><![CDATA[<p class="identifica">PORTARIA Nº 326, DE 30 DE ABRIL DE 2018</p><p>O REITOR DO INSTITUTO FEDERAL DE EDUCAÇÃO, CIÊNCIA E TECNOLOGIA DO CEARÁ, no uso de suas atribuições legais e estatutárias, CONSIDERANDO o constante dos autos do processo nº 23255.002120/2018-92, resolve:</p><p>Art. 1º - Designar SIMONE OLIVEIRA DE CASTRO, Professora do Ensino Básico, Técnico e Tecnológico, Matrícula Siape nº 1675242, pertencente ao Quadro Permanente deste Instituto Federal, campus Fortaleza, para exercer a função gratificada como titular da Coordenadoria de Atividades Sociais, Artísticas e Desportivas/PROEXT/Reitoria, Código FG-02.</p><p>Art. 2º - Estabelecer que a presente portaria entre em vigor na data de sua publicação no Diário Oficial da União.</p><p class="assina">Virgílio Augusto Sales Araripe</p>]]></Texto>
  </body>
</article></xml>