﻿<xml><article id="2895521" name="Portaria Nº 61.167" idOficio="4770440" pubName="DO2" artType="Portaria" pubDate="02/05/2018" artClass="00011:00112:00000:00000:00000:00000:00000:00000:00000:00000:00025:00004" artCategory="Ministério da Educação/Universidade Federal Fluminense" artSize="8" artNotes="" numberPage="22" pdfPage="http://pesquisa.in.gov.br/imprensa/jsp/visualiza/index.jsp?data=02/05/2018&amp;jornal=529&amp;pagina=22" editionNumber="83" highlight="" idMateria="10714463">
  <body>
    <Identifica><![CDATA[ Portaria Nº 61.167, de 25 de abril de 2018]]></Identifica>
    <Data><![CDATA[]]></Data>
    <Ementa />
    <Titulo />
    <SubTitulo />
    <Texto><![CDATA[<p class="identifica">Portaria Nº 61.167, de 25 de abril de 2018</p><p>O VICE-REITOR, no exercício da Reitoria da Universidade Federal Fluminense, no uso de suas atribuições, e tendo em vista o que consta do Processo UFF nº 23069.050009/2017-29, resolve:</p><p>Conceder aposentadoria voluntária a MARTHA DE LUCA, matrícula SIAPE nº 306482, ocupante do cargo de Professor do Magistério Superior, Classe Associado, Nível 04, do Plano de Carreiras e Cargos de Magistério Federal, do Quadro de Pessoal Permanente desta Universidade, com fundamento no artigo 3º, incisos I, II, III e parágrafo único da Emenda Constitucional nº 47/05, código de vaga 235806, com proventos integrais, cumulativamente com o adicional por tempo de serviço no percentual de 16% (dezesseis por cento), com a VPNI, art. 62-A da Lei n.° 8.112/90, com a Retribuição por Titulação.</p><p class="assina">ANTONIO CLAUDIO LUCAS DA NOBREGA</p>]]></Texto>
  </body>
</article></xml>