﻿<xml><article id="2895446" name="PORTARIAS GR - GVR - 2017 - DOU" idOficio="4769877" pubName="DO2" artType="Portaria" pubDate="02/05/2018" artClass="00011:00135:00000:00000:00000:00000:00000:00000:00000:00000:00025:00001" artCategory="Ministério da Educação/Universidade Federal de Santa Maria" artSize="8" artNotes="" numberPage="25" pdfPage="http://pesquisa.in.gov.br/imprensa/jsp/visualiza/index.jsp?data=02/05/2018&amp;jornal=529&amp;pagina=25" editionNumber="83" highlight="" idMateria="10713595">
  <body>
    <Identifica><![CDATA[ PORTARIAS DE 27 DE ABRIL DE 2018]]></Identifica>
    <Data><![CDATA[]]></Data>
    <Ementa />
    <Titulo />
    <SubTitulo />
    <Texto><![CDATA[<p class="identifica">PORTARIAS DE 27 DE ABRIL DE 2018</p><p>O VICE-REITOR DA UNIVERSIDADE FEDERAL DE SANTA MARIA, no uso de suas atribuições legais e estatutárias, resolve:</p><p>Nº 88.824-DESIGNAR Raphael Palmeiro Lencina, Matrícula SIAPE 2033916, ocupante do cargo de Administrador, do Quadro Único de Pessoal da UFSM, para exercer a Função Gratificada de Chefe do Núcleo de Pensão e Aposentadoria da Coordenadoria de Concessões e Registros da Pró-Reitoria de Gestão de Pessoas, Código FG1.008. (Memorando n. 203/2018-NPA)</p><p>II - Esta Portaria entra em vigor na data de sua publicação.</p><p>Nº 88.826-DISPENSAR Marilei Luiza Saquette Xavier, Matrícula SIAPE 1030061, ocupante do cargo de Assistente em Administração, do Quadro Único de Pessoal da UFSM, da Função Gratificada de Chefe do Núcleo de Pensão e Aposentadoria da Coordenadoria de Concessões e Registros da Pró-Reitoria de Gestão de Pessoas, Código FG1.008, para a qual foi designada pela Portaria N. 82.663, de 19/01/2017. (Memorando n. 203/2018-NPA)</p><p class="assina">LUCIANO SCHUCH</p><p class="cargo">Em exercício</p>]]></Texto>
  </body>
</article></xml>