﻿<xml><article id="2901393" name="Port_GM_141_142_Dis_Des_CHRISTIA" idOficio="4771953" pubName="DO2" artType="Portaria" pubDate="02/05/2018" artClass="00021:00001:00000:00000:00000:00000:00000:00000:00000:00000:00019:00001" artCategory="Ministério de Minas e Energia/Gabinete do Ministro" artSize="8" artNotes="iran " numberPage="40" pdfPage="http://pesquisa.in.gov.br/imprensa/jsp/visualiza/index.jsp?data=02/05/2018&amp;jornal=529&amp;pagina=40" editionNumber="83" highlight="" idMateria="10717665">
  <body>
    <Identifica><![CDATA[ PORTARIAS DE 26 DE ABRIL DE 2018]]></Identifica>
    <Data><![CDATA[]]></Data>
    <Ementa />
    <Titulo />
    <SubTitulo />
    <Texto><![CDATA[<p class="identifica">PORTARIAS DE 26 DE ABRIL DE 2018</p><p>O MINISTRO DE ESTADO DE MINAS E ENERGIA, no uso de suas atribuições e tendo em vista o disposto no art. 38 da Lei nº 8.112, de 11 de dezembro de 1990, resolve:</p><p>Nº 141 - Dispensar CHRISTIANY SALGADO FARIA do encargo de substituta eventual do Diretor do Departamento de Planejamento Energético da Secretaria de Planejamento e Desenvolvimento Energético, código DAS 101.5.</p><p>Nº 142 - Designar THIAGO GUILHERME FERREIRA PRADO, para exercer o encargo de substituto do Diretor do Departamento de Planejamento Energético da Secretaria de Planejamento e Desenvolvimento Energético, código DAS 101.5, em seus afastamentos ou impedimentos regulamentares.</p><p class="assina">W. MOREIRA FRANCO</p>]]></Texto>
  </body>
</article></xml>