﻿<xml><article id="2900816" name="Publica_Port_Nom_DOU" idOficio="4771896" pubName="DO2" artType="Portaria" pubDate="02/05/2018" artClass="00038:00020:00000:00000:00000:00000:00000:00000:00000:00000:00025:00001" artCategory="Poder Judiciário/Tribunal Regional Eleitoral de Goiás" artSize="24" artNotes="" numberPage="64" pdfPage="http://pesquisa.in.gov.br/imprensa/jsp/visualiza/index.jsp?data=02/05/2018&amp;jornal=529&amp;pagina=64" editionNumber="83" highlight="" idMateria="10717530">
  <body>
    <Identifica><![CDATA[ PORTARIA Nº  126, de  30 DE ABRIL DE 2018]]></Identifica>
    <Data><![CDATA[]]></Data>
    <Ementa />
    <Titulo />
    <SubTitulo><![CDATA[ANEXO II  ]]></SubTitulo>
    <Texto><![CDATA[<p></p><p class="identifica">PORTARIA Nº 126, de 30 DE ABRIL DE 2018</p><p>O Presidente do Tribunal Regional Eleitoral de Goiás, no uso das atribuições conferidas pelo artigo 17, incisos XVIII e XX, do Regimento Interno deste Tribunal (Resolução TRE/GO nº 173, de 11 de maio de 2011), resolve:</p><p>Art. 1º EXONERAR os servidores constantes do Anexo I desta Portaria do exercício de cargos comissionados na Secretaria deste Tribunal Regional Eleitoral, conforme discriminado no referido anexo.</p><p>Art. 2º NOMEAR os servidores constantes do Anexo II desta Portaria para o exercício dos cargos comissionados na Secretaria deste Tribunal Regional Eleitoral, conforme discriminado no referido anexo.</p><p>Art. 3º Esta Portaria entrará em vigor na data de sua publicação.</p><p class="assina">Des. CARLOS ESCHER</p><p></p><p>ANEXO I</p><p></p><table><tr /><tr><td><p>SERVIDOR</p></td><td><p>VÍNCULO FUNCIONAL</p></td><td><p>CARGO COMISSIONADO</p></td><td><p>LOTAÇÃO CJ</p></td></tr><tr><td><p>ADENIR JOSÉ DE SOUSA</p></td><td><p>EFETIVO</p></td><td><p>ASSESSOR I</p></td><td><p>CJ-1</p></td><td><p>ASSESSORIA DE PLANEJAMENTO, GOVERNANÇA E GESTÃO DA SECRETARIA DE GESTÃO DE PESSOAS</p></td></tr><tr><td><p>ANTÔNIO CELSO RAMOS JUBÉ</p></td><td><p>EFETIVO</p></td><td><p>SECRETÁRIO</p></td><td><p>CJ-3</p></td><td><p>SECRETARIA DE ADMINISTRAÇÃO E ORÇAMENTO</p></td></tr><tr><td><p>CLÁUDIA ENEIDA DE REZENDE MIKAEL</p></td><td><p>EFETIVO</p></td><td><p>COORDENADOR</p></td><td><p>CJ-2</p></td><td><p>COORDENADORIA DE GESTÃO DA INFORMAÇÃO</p></td></tr><tr><td><p>DANIELLE DE OLIVEIRA FERREIRA</p></td><td><p>EFETIVO</p></td><td><p>ASSESSOR I</p></td><td><p>CJ-1</p></td><td><p>ASSESSORIA JURÍDICA DE LICITAÇÕES E CONTRATOS</p></td></tr><tr><td><p>FLÁVIA DE CASTRO DAYRELL</p></td><td><p>EFETIVO</p></td><td><p>SECRETÁRIO</p></td><td><p>CJ-3</p></td><td><p>SECRETARIA JUDICIÁRIA</p></td></tr><tr><td><p>JOSÉ ANTÔNIO DA SILVA FILHO</p></td><td><p>EFETIVO</p></td><td><p>COORDENADOR</p></td><td><p>CJ-2</p></td><td><p>COORDENADORIA DE BENS E AQUISIÇÕES</p></td></tr><tr><td><p>JOSÉ DE ASSIS MORAES FILHO</p></td><td><p>CEDIDO A ESTE TRIBUNAL</p></td><td><p>CHEFE DE GABINETE</p></td><td><p>CJ-1</p></td><td><p>GABINETE DA PRESIDÊNCIA</p></td></tr><tr><td><p>LEONARDO ALEX DE SIQUEIRA</p></td><td><p>EFETIVO</p></td><td><p>COORDENADOR</p></td><td><p>CJ-2</p></td><td><p>COORDENADORIA DE AUDITORIA INTERNA</p></td></tr><tr><td><p>LEONARDO SAPIÊNCIA SANTOS</p></td><td><p>EFETIVO</p></td><td><p>COORDENADOR</p></td><td><p>CJ-2</p></td><td><p>COORDENADORIA DE REGISTROS DE DADOS PROCESSUAIS E PARTIDÁRIOS, PROTOCOLO E EXPEDIÇÃO</p></td></tr><tr><td><p>LUCIANA TAVEIRA SILVEIRA</p></td><td><p>EFETIVO</p></td><td><p>COORDENADOR</p></td><td><p>CJ-2</p></td><td><p>COORDENADORIA DE ANÁLISES TÉCNICAS E PAGAMENTO</p></td></tr><tr><td><p>MARCUS FLÁVIO NOLÊTO JUBÉ</p></td><td><p>EFETIVO</p></td><td><p>SECRETÁRIO</p></td><td><p>CJ-3</p></td><td><p>SECRETARIA DE GESTÃO DE PESSOAS</p></td></tr><tr><td><p>OTACÍLIO ALVES DE CASTRO NETO</p></td><td><p>EFETIVO</p></td><td><p>COORDENADOR</p></td><td><p>CJ-2</p></td><td><p>COORDENADORIA DE SISTEMAS ELEITORAIS</p></td></tr><tr><td><p>RODRIGO LEANDRO DA SILVA</p></td><td><p>EFETIVO</p></td><td><p>DIRETOR-GERAL</p></td><td><p>CJ-4</p></td><td><p>DIRETORIA-GERAL</p></td></tr><tr><td><p>WAGNER DE SOUSA BARBOSA</p></td><td><p>EFETIVO</p></td><td><p>ASSESSOR I</p></td><td><p>CJ-1</p></td><td><p>ASSESSORIA JURÍDICA DE PESSOAL</p></td></tr><tr><td><p>WALÉRIA PROCÓPIO DE OLIVEIRA</p></td><td><p>EFETIVO</p></td><td><p>COORDENADOR</p></td><td><p>CJ-2</p></td><td><p>COORDENADORIA DE EDUCAÇÃO E DESENVOLVIMENTO</p></td></tr></table><p></p><p class="subtitulo">ANEXO II</p><p /><p></p><table><tr /><tr><td><p>SERVIDOR</p></td><td><p>VÍNCULO FUNCIONAL</p></td><td><p>CARGO COMISSIONADO</p></td><td><p>LOTAÇÃO CJ</p></td></tr><tr><td><p>ADENIR JOSÉ DE SOUSA</p></td><td><p>EFETIVO</p></td><td><p>SECRETÁRIO</p></td><td><p>CJ-3</p></td><td><p>SECRETARIA DE GESTÃO DE PESSOAS</p></td></tr><tr><td><p>CHRISTIANO DE SOUZA VIEIRA</p></td><td><p>EFETIVO</p></td><td><p>ASSESSOR I</p></td><td><p>CJ-1</p></td><td><p>ASSESSORIA DE PLANEJAMENTO, GOVERNANÇA E GESTÃO DA SECRETARIA DE GESTÃO DE PESSOAS</p></td></tr><tr><td><p>CLÁUDIA ENEIDA DE REZENDE MIKAEL</p></td><td><p>EFETIVO</p></td><td><p>COORDENADOR</p></td><td><p>CJ-2</p></td><td><p>COORDENADORIA DE REGISTROS DE DADOS PROCESSUAIS E PARTIDÁRIOS, PROTOCOLO E EXPEDIÇÃO</p></td></tr><tr><td><p>FLÁVIA DE CASTRO DAYRELL</p></td><td><p>EFETIVO</p></td><td><p>COORDENADOR</p></td><td><p>CJ-2</p></td><td><p>COORDENADORIA DE GESTÃO DA INFORMAÇÃO</p></td></tr><tr><td><p>LEONARDO ALEX DE SIQUEIRA</p></td><td><p>EFETIVO</p></td><td><p>COORDENADOR</p></td><td><p>CJ-2</p></td><td><p>COORDENADORIA DE BENS E AQUISIÇÕES</p></td></tr><tr><td><p>LEONARDO SAPIÊNCIA SANTOS</p></td><td><p>EFETIVO</p></td><td><p>SECRETÁRIO</p></td><td><p>CJ-3</p></td><td><p>SECRETARIA JUDICIÁRIA</p></td></tr><tr><td><p>LUCIANA TAVEIRA SILVEIRA</p></td><td><p>EFETIVO</p></td><td><p>COORDENADOR</p></td><td><p>CJ-2</p></td><td><p>COORDENADORIA DE EDUCAÇÃO E DESENVOLVIMENTO</p></td></tr><tr><td><p>MARCUS FLÁVIO NOLÊTO JUBÉ</p></td><td><p>EFETIVO</p></td><td><p>COORDENADOR</p></td><td><p>CJ-2</p></td><td><p>COORDENADORIA DE ANÁLISES TÉCNICAS E PAGAMENTO</p></td></tr><tr><td><p>PATRÍCIO RIOS BRANDÃO</p></td><td><p>EFETIVO</p></td><td><p>COORDENADOR</p></td><td><p>CJ-2</p></td><td><p>COORDENADORIA DE SISTEMAS ELEITORAIS</p></td></tr><tr><td><p>PEDRO HENRIQUE GOMES PEREIRA DE SOUZA AZZI</p></td><td><p>EFETIVO</p></td><td><p>COORDENADOR</p></td><td><p>CJ-2</p></td><td><p>COORDENADORIA DE AUDITORIA INTERNA</p></td></tr><tr><td><p>RODRIGO LEANDRO DA SILVA</p></td><td><p>EFETIVO</p></td><td><p>SECRETÁRIO</p></td><td><p>CJ-3</p></td><td><p>SECRETARIA DE ADMINISTRAÇÃO E ORÇAMENTO</p></td></tr><tr><td><p>SARA VIVIANE OLIVEIRA VIEIRA AZZI</p></td><td><p>LOTAÇÃO PROVISÓRIA</p></td><td><p>CHEFE DE GABINETE</p></td><td><p>CJ-1</p></td><td><p>GABINETE DA PRESIDÊNCIA</p></td></tr><tr><td><p>SÉRGIO DA SILVA RIBEIRO</p></td><td><p>EFETIVO</p></td><td><p>ASSESSOR I</p></td><td><p>CJ-1</p></td><td><p>ASSESSORIA JURÍDICA DE LICITAÇÕES E CONTRATOS</p></td></tr><tr><td><p>WILSON GAMBOGE JÚNIOR</p></td><td><p>EFETIVO</p></td><td><p>DIRETOR-GERAL</p></td><td><p>CJ-4</p></td><td><p>DIRETORIA-GERAL</p></td></tr></table><p></p>]]></Texto>
  </body>
</article></xml>