﻿<xml><article id="2901817" name="13_Dispensas e designações_danil" idOficio="4771988" pubName="DO2" artType="Portaria" pubDate="02/05/2018" artClass="00011:00076:00018:00000:00000:00000:00000:00000:00000:00000:00025:00001" artCategory="Ministério da Educação/Instituto Federal de Educação, Ciência e Tecnologia do Rio Grande do Norte/Campus Santa Cruz" artSize="24" artNotes="" numberPage="20" pdfPage="http://pesquisa.in.gov.br/imprensa/jsp/visualiza/index.jsp?data=02/05/2018&amp;jornal=529&amp;pagina=20" editionNumber="83" highlight="" idMateria="10717741">
  <body>
    <Identifica><![CDATA[ PORTARIAS DE 27 DE ABRIL DE 2018]]></Identifica>
    <Data><![CDATA[]]></Data>
    <Ementa />
    <Titulo />
    <SubTitulo />
    <Texto><![CDATA[<p class="identifica">PORTARIAS DE 27 DE ABRIL DE 2018</p><p>A DIRETORA-GERAL DO CAMPUS SANTA CRUZ DO INSTITUTO FEDERAL DE EDUCAÇÃO, CIÊNCIA E TECNOLOGIA DO RIO GRANDE DO NORTE, no uso de suas atribuições, delegadas através da Portaria nº. 1.787/2013-Reitoria/IFRN, de 30/12/2013, publicada no DOU de 03/01/2014, e CONSIDERANDO o que consta nos Processos nº 23138.000667.2018-90, de 09/04/2018 resolve:</p><p>Nº 140 - DISPENSAR, a partir de 26 de abril de 2018, o servidor abaixo relacionado, pertencente ao Quadro Permanente deste Instituto Federal, do respectivo cargo de confiança integrante da Estrutura Administrativa deste Campus:</p><p></p><table><tr /><tr><td><p>SERVIDOR</p></td><td><p>CARGO DE CONFIANÇA</p></td></tr><tr><td><p>Matrícula SIAPE</p></td><td><p>NOME</p></td><td><p>CÓDIGO</p></td><td><p>DENOMINAÇÃO</p></td><td><p>CADEIA HIERÁRQUICA</p></td></tr><tr><td><p>1661458</p></td><td><p>Danilo Henrique de Medeiros Macêdo</p></td><td><p>FG-2</p></td><td><p>Secretário Acadêmico</p></td><td><p>Direção Acadêmica</p></td></tr></table><p>Nº 141 - DESIGNAR, o servidor abaixo relacionado, pertencente ao Quadro Permanente deste Instituto Federal, para exercer o respectivo cargo de confiança, integrante da Estrutura Administrativa deste Campus:</p><p></p><table><tr /><tr><td><p>SERVIDOR</p></td><td><p>CARGO DE CONFIANÇA</p></td></tr><tr><td><p>Matrícula SIAPE</p></td><td><p>NOME</p></td><td><p>CÓDIGO</p></td><td><p>DENOMINAÇÃO</p></td><td><p>CADEIA HIERÁRQUICA</p></td></tr><tr><td><p>1177433</p></td><td><p>Edson Pereira de Lima</p></td><td><p>FG-2</p></td><td><p>Secretário Acadêmico</p></td><td><p>Direção Acadêmica</p></td></tr></table><p>II - Esta Portaria entra em vigor na data de sua publicação.</p><p class="assina">SAMIRA FERNANDES DELGADO</p>]]></Texto>
  </body>
</article></xml>