﻿<xml><article id="2896122" name="DOU TRF2-ATP-2018-00156" idOficio="4770919" pubName="DO2" artType="Ato" pubDate="02/05/2018" artClass="00038:00008:00001:00000:00000:00000:00000:00000:00000:00000:00001:00001" artCategory="Poder Judiciário/Tribunal Regional Federal da 2ª Região/Presidência" artSize="8" artNotes="" numberPage="63" pdfPage="http://pesquisa.in.gov.br/imprensa/jsp/visualiza/index.jsp?data=02/05/2018&amp;jornal=529&amp;pagina=63" editionNumber="83" highlight="" idMateria="10715308">
  <body>
    <Identifica><![CDATA[ ATO Nº  2018/00156, DE 18 DE ABRIL DE 2018]]></Identifica>
    <Data><![CDATA[]]></Data>
    <Ementa />
    <Titulo />
    <SubTitulo />
    <Texto><![CDATA[<p></p><p class="identifica">ATO Nº 2018/00156, DE 18 DE ABRIL DE 2018</p><p>O PRESIDENTE DO TRIBUNAL REGIONAL FEDERAL DA 2ª REGIÃO, no uso de suas atribuições, e considerando o que consta nos autos do Procedimento Administrativo nº TRF2-PES-2017/01575, resolve:</p><p>NOMEAR, nos termos dos artigos 9º, inciso I, e 10 da Lei nº 8.112-1990 em interpretação conjunta com a Lei nº 11.416-2006, alterada pela Lei nº 12.774-2012, em razão de habilitação em concurso público, obedecida a ordem de classificação da listagem geral, o candidato abaixo, para exercer o cargo de ANALISTA JUDICIÁRIO, Área Judiciária, Nível Superior, Classe "A", Padrão 1, do Quadro de Pessoal da Justiça Federal de Primeiro Grau - Seção Judiciária do Rio de Janeiro:</p><p></p><table><tr /><tr><td><p></p></td><td><p>Nome do candidato</p></td><td><p>Class.</p></td><td><p>Origem da Vaga</p></td></tr><tr><td><p>1</p></td><td><p>LUCAS FILIPE RIBEIRO E SILVA</p></td><td><p>31º</p></td><td><p>declaração de vacância do cargo de Monica Maria Cintra Leone Cravo</p></td></tr></table><p></p><p></p><p></p><p class="assina">Des. ANDRÉ FONTES</p><p></p>]]></Texto>
  </body>
</article></xml>