﻿<xml><article id="2895614" name="Port. 327 - ATQINTECTA 47 - MARL" idOficio="4770030" pubName="DO2" artType="Portaria" pubDate="02/05/2018" artClass="00011:00134:00001:00012:00007:00000:00000:00000:00000:00000:00025:00003" artCategory="Ministério da Educação/Universidade Federal de Santa Catarina/Reitoria/Pró-Reitoria de Desenvolvimento e Gestão de Pessoas/Departamento de Administração de Pessoal" artSize="8" artNotes="" numberPage="24" pdfPage="http://pesquisa.in.gov.br/imprensa/jsp/visualiza/index.jsp?data=02/05/2018&amp;jornal=529&amp;pagina=24" editionNumber="83" highlight="" idMateria="10713781">
  <body>
    <Identifica><![CDATA[ PORTARIA Nº 327, DE 27 DE ABRIL DE 2018]]></Identifica>
    <Data><![CDATA[]]></Data>
    <Ementa />
    <Titulo />
    <SubTitulo />
    <Texto><![CDATA[<p class="identifica">PORTARIA Nº 327, DE 27 DE ABRIL DE 2018</p><p>A Diretora do Departamento de Administração de Pessoal da Universidade Federal de Santa Catarina, no uso de suas atribuições, resolve:</p><p>Aposentar MARLENE MEDEIROS DA LUZ, matrícula SIAPE 1158528, código de vaga nº 690238, ocupante do cargo de Farmacêutico-Bioquímico, nível de classificação E, nível de capacitação 4, padrão de vencimento 16, no regime de trabalho de 40 (quarenta) horas semanais, da carreira técnico-administrativa da Universidade Federal de Santa Catarina, nos termos do art. 3º, incisos I a III e parágrafo único da Emenda Constitucional nº 47 de 05 de julho de 2005, com proventos integrais, incorporando 13% (treze por cento) de adicional por tempo de serviço. (Processo nº 23080.005283/2018-76)</p><p class="assina">Rita de Cássia Knabben</p>]]></Texto>
  </body>
</article></xml>