﻿<xml><article id="2968779" name="072 - Dispensa Karla, Rafael e d" idOficio="4772215" pubName="DO2" artType="Portaria" pubDate="07/05/2018" artClass="00038:00001:00008:00005:00000:00000:00000:00000:00000:00000:00025:00001" artCategory="Poder Judiciário/Supremo Tribunal Federal/Secretaria do Tribunal/Secretaria de Gestão de Pessoas" artSize="8" artNotes="" numberPage="72" pdfPage="http://pesquisa.in.gov.br/imprensa/jsp/visualiza/index.jsp?data=07/05/2018&amp;jornal=529&amp;pagina=72" editionNumber="86" highlight="" idMateria="10718659">
  <body>
    <Identifica><![CDATA[ PORTARIA Nº 72, DE 30 DE ABRIL DE 2018]]></Identifica>
    <Data><![CDATA[]]></Data>
    <Ementa />
    <Titulo />
    <SubTitulo />
    <Texto><![CDATA[<p class="identifica">PORTARIA Nº 72, DE 30 DE ABRIL DE 2018</p><p>O SECRETÁRIO DE GESTÃO DE PESSOAS DO SUPREMO TRIBUNAL FEDERAL, no uso das atribuições conferidas pela Portaria DG nº 233/2013, com base no inc. II do art. 9º e no inc. I do art. 35 da Lei nº 8.112/1990, resolve:</p><p>Art. 1º Dispensar:</p><p>I - RAFAEL VILLANI WITCZAK, Técnico Judiciário, Área Administrativa, da função comissionada de Assistente II, nível FC-02, da Seção de Processos Originários Criminais.</p><p>II - KARLA VANESSA LOPES GUIMARÃES DE SOUSA, Analista Judiciário, Área Judiciária, da função comissionada de Assistente III, nível FC-03, da Seção de Comunicações;</p><p>Art. 2º Designar:</p><p>I - KARLA VANESSA LOPES GUIMARÃES DE SOUSA, Analista Judiciário, Área Judiciária, para exercer a função comissionada de Assistente II, nível FC-02, na Seção de Processos Originários Criminais;</p><p>II - RAFAEL VILLANI WITCZAK, Técnico Judiciário, Área Administrativa, para exercer a função comissionada de Assistente III, nível FC-03, na Seção de Comunicações.</p><p class="assina">Cícero Rodrigues de Oliveira Gomes</p>]]></Texto>
  </body>
</article></xml>