﻿<xml><article id="2895707" name="JOSELIA CIRINO" idOficio="4769559" pubName="DO2" artType="Portaria" pubDate="02/05/2018" artClass="00007:00003:00066:00000:00000:00000:00000:00000:00000:00000:00025:00001" artCategory="Ministério da Agricultura, Pecuária e Abastecimento/Secretaria Executiva/Superintendência Federal no Estado da Paraíba" artSize="8" artNotes="" numberPage="4" pdfPage="http://pesquisa.in.gov.br/imprensa/jsp/visualiza/index.jsp?data=02/05/2018&amp;jornal=529&amp;pagina=4" editionNumber="83" highlight="" idMateria="10713137">
  <body>
    <Identifica><![CDATA[     PORTARIA Nº 39, DE 25 DE ABRIL DE 2018]]></Identifica>
    <Data><![CDATA[]]></Data>
    <Ementa />
    <Titulo />
    <SubTitulo />
    <Texto><![CDATA[<p class="identifica">PORTARIA Nº 39, DE 25 DE ABRIL DE 2018</p><p>O SUPERINTENDENTE FEDERAL DE AGRICULTURA, PECUÁRIA E ABASTECIMENTO NO ESTADO DA PARAÍBA no uso da atribuição que lhe foi delegada pelo item XVIII, do artigo 44, do Regimento Interno das Superintendências Federais de Agricultura, Pecuária e Abastecimento, aprovado pela Portaria Ministerial nº 561, de 11 de abril de 2018, publicada no DOU de 13 de abril de 2018, resolve:</p><p>Art 1º - Conceder Pensão, em virtude de Decisão Judicial - Processo n.º 0507338-0/2015.4.05.8201, à JOSÉLIA CIRINO DA SILVA, CPF 645.948.584-49, na qualidade de ex-cônjuge do ex-servidor Gilberto Bevenuto da Silva, falecido em 10 de junho de 2016 (Processo 00727.000716/2016-97).</p><p class="assina">LÚCIO AURÉLIO BRAGA MATOS</p>]]></Texto>
  </body>
</article></xml>