﻿<xml><article id="2902436" name="Port_GM_147_Dispensar EDIVALDO M" idOficio="4772063" pubName="DO2" artType="Portaria" pubDate="02/05/2018" artClass="00021:00001:00000:00000:00000:00000:00000:00000:00000:00000:00019:00003" artCategory="Ministério de Minas e Energia/Gabinete do Ministro" artSize="8" artNotes="" numberPage="40" pdfPage="http://pesquisa.in.gov.br/imprensa/jsp/visualiza/index.jsp?data=02/05/2018&amp;jornal=529&amp;pagina=40" editionNumber="83" highlight="" idMateria="10717870">
  <body>
    <Identifica><![CDATA[ PORTARIA Nº 147, DE 30 DE ABRIL DE 2018]]></Identifica>
    <Data><![CDATA[]]></Data>
    <Ementa />
    <Titulo />
    <SubTitulo />
    <Texto><![CDATA[<p class="identifica">PORTARIA Nº 147, DE 30 DE ABRIL DE 2018</p><p>O CHEFE DE GABINETE DO MINISTRO DE ESTADO DE MINAS E ENERGIA, no uso da competência outorgada pela Portaria MME nº 386, de 3 de outubro de 2017, resolve:</p><p>Dispensar EDIVALDO MEDEIROS DE ASEVEDO da Função Comissionada Técnica - FCT 11, deste Ministério.</p><p class="assina">JOSÉ WANDERLEY UCHOA BARRETO</p>]]></Texto>
  </body>
</article></xml>