﻿<xml><article id="2902667" name="ATO Nº 145" idOficio="4772032" pubName="DO2" artType="Ato" pubDate="02/05/2018" artClass="00038:00010:00001:00000:00000:00000:00000:00000:00000:00000:00001:00001" artCategory="Poder Judiciário/Tribunal Regional Federal da 4ª Região/Presidência" artSize="8" artNotes="" numberPage="64" pdfPage="http://pesquisa.in.gov.br/imprensa/jsp/visualiza/index.jsp?data=02/05/2018&amp;jornal=529&amp;pagina=64" editionNumber="83" highlight="" idMateria="10717910">
  <body>
    <Identifica><![CDATA[ ATO Nº 145, DE 20 DE ABRIL DE 2018]]></Identifica>
    <Data><![CDATA[]]></Data>
    <Ementa />
    <Titulo />
    <SubTitulo />
    <Texto><![CDATA[<p></p><p class="identifica">ATO Nº 145, DE 20 DE ABRIL DE 2018</p><p>O PRESIDENTE DO TRIBUNAL REGIONAL FEDERAL DA 4ª REGIÃO, no uso de suas atribuições legais e regimentais, tendo em vista o que consta do Processo Administrativo nº 0002212-62.2018.4.04.8003, resolve:</p><p>CONCEDER APOSENTADORIA VOLUNTÁRIA com proventos integrais, a teor do disposto no artigo 6º da Emenda Constitucional nº 41/03, c/c os artigos 2º e 5º, da EC nº 47/05, com base na remuneração do cargo efetivo, ao servidor AMILTON LEITE DE SOUZA, Analista Judiciário, Área Judiciária, Especialidade Oficial de Justiça Avaliador Federal, Nível Superior, Classe C, Padrão 13, pertencente ao Quadro Permanente da Seção Judiciária do Paraná, acrescida da vantagem relativa à Gratificação de Atividade Externa - GAE, a teor do disposto nos artigos 16, parágrafos 1º e 2º, e 28, ambos da Lei nº 11.416/06, e o Adicional de Qualificação, previsto nos artigos 14, caput, e parágrafo 5º, e 15, inciso III, ambos da Lei nº 11.416/06, observado o teto constitucional previsto no artigo 37, inciso XI, da Constituição Federal de 1988, combinado com o artigo 8º da Emenda Constitucional nº 41/03.</p><p></p><p></p><p></p><p class="assina">Des. CARLOS EDUARDO THOMPSON FLORES LENZ</p><p></p>]]></Texto>
  </body>
</article></xml>