﻿<xml><article id="2897855" name="PORTARIA Nº 1251.rtf" idOficio="4771612" pubName="DO2" artType="Portaria" pubDate="02/05/2018" artClass="00031:00002:00658:04233:00000:00000:00000:00000:00000:00000:00025:00014" artCategory="Ministério dos Transportes, Portos e Aviação Civil/Secretaria Executiva/Subsecretaria de Assuntos Administrativos/Coordenação-Geral de Gestão de Pessoas" artSize="8" artNotes="" numberPage="52" pdfPage="http://pesquisa.in.gov.br/imprensa/jsp/visualiza/index.jsp?data=02/05/2018&amp;jornal=529&amp;pagina=52" editionNumber="83" highlight="" idMateria="10717125">
  <body>
    <Identifica><![CDATA[ PORTARIA Nº 1.251, DE 26 DE ABRIL DE 2018]]></Identifica>
    <Data><![CDATA[]]></Data>
    <Ementa />
    <Titulo />
    <SubTitulo />
    <Texto><![CDATA[<p class="identifica">PORTARIA Nº 1.251, DE 26 DE ABRIL DE 2018</p><p>O COORDENADOR-GERAL DE GESTÃO DE PESSOAS DO MINISTÉRIO DOS TRANSPORTES, PORTOS E AVIAÇÃO CIVIL, no uso das suas atribuições que lhe foram subdelegadas pela Portaria/SAAD n.º 202, art. 1º, inciso VII, de 08 de outubro de 2010, publicada no Diário Oficial da União de 11 de outubro de 2010, resolve:</p><p>Retificar Portaria CGRH - MT nº 792 de 14 de março de 2012, publicada no Diário Oficial da União em 16 de março de 2012, página 58, referente à Esequias Alves Barros. onde se lê " 50% (cinquenta por cento)" leia-se "100% (cem por cento)". (Processo SEI n.º 50000.050677/2017-13) GO.</p><p class="assina">ROBSON DE SOUZA ANDRADE</p>]]></Texto>
  </body>
</article></xml>