﻿<xml><article id="2902187" name="ATO PORTARIA Nº 508" idOficio="4772008" pubName="DO2" artType="Portaria" pubDate="02/05/2018" artClass="00011:00042:00000:00000:00000:00000:00000:00000:00000:00000:00025:00016" artCategory="Ministério da Educação/Fundação Universidade Federal de Sergipe" artSize="8" artNotes="" numberPage="16" pdfPage="http://pesquisa.in.gov.br/imprensa/jsp/visualiza/index.jsp?data=02/05/2018&amp;jornal=529&amp;pagina=16" editionNumber="83" highlight="" idMateria="10717799">
  <body>
    <Identifica><![CDATA[ PORTARIA Nº 508, DE 26 DE ABRIL DE 2018]]></Identifica>
    <Data><![CDATA[]]></Data>
    <Ementa />
    <Titulo />
    <SubTitulo />
    <Texto><![CDATA[<p class="identifica">PORTARIA Nº 508, DE 26 DE ABRIL DE 2018</p><p>O REITOR DA UNIVERSIDADE FEDERAL DE SERGIPE, no uso de suas atribuições legais e, considerando: o que consta no MEM. ELETRÔNICO nº 32/18/CPPD, de 06/04/2018; resolve:</p><p>Art. 1º - Designar, a partir de 05/04/2018, o Assistente em Administração, Nível de Classificação D, Nível de Capacitação 4, Padrão de Vencimento 16, ANTONIO JOSE DOS SANTOS, matrícula SIAPE nº 0425728, lotado na Comissão Permanente de Pessoal Docente do Gabinete do Reitor - CPPD/GR, em regime de trabalho de 40 (quarenta) horas semanais, para exercer a Função Gratificada FG-4, de Secretário da Comissão Permanente de Pessoal Docente - CPPD/GR.</p><p>Art. 2º - Esta Portaria entra em vigor nesta data, devendo ser publicada no Diário Oficial da União.</p><p class="assina">Angelo Roberto Antoniolli</p>]]></Texto>
  </body>
</article></xml>