﻿<xml><article id="2903541" name="PT 146 E 147 SOGP RIO DE JANEIRO" idOficio="4772166" pubName="DO2" artType="Portaria" pubDate="02/05/2018" artClass="00022:00029:00240:00006:00034:00003:00000:00000:00000:00000:00025:00001" artCategory="Ministério do Desenvolvimento Social/Instituto Nacional do Seguro Social/Superintendência Regional Sudeste II em Belo Horizonte/Gerência Executiva - A - Rio de Janeiro - Centro/Serviço de Administração/Seção Operacional  de Gestão de Pessoas" artSize="8" artNotes="" numberPage="44" pdfPage="http://pesquisa.in.gov.br/imprensa/jsp/visualiza/index.jsp?data=02/05/2018&amp;jornal=529&amp;pagina=44" editionNumber="83" highlight="" idMateria="10718101">
  <body>
    <Identifica><![CDATA[PORTARIAS DE 30 DE ABRIL DE 2018 ]]></Identifica>
    <Data><![CDATA[]]></Data>
    <Ementa />
    <Titulo />
    <SubTitulo />
    <Texto><![CDATA[<p class="identifica">PORTARIAS DE 30 DE ABRIL DE 2018</p><p>A CHEFE DA SEÇÃO OPERACIONAL DA GESTÃO DE PESSOAS DA GERÊNCIA EXECUTIVA CENTRO, no Estado do Rio de Janeiro, no uso das atribuições estabelecidas no artigo 235 do Regime Interno, aprovado pela PT/MDS nº 414, de 28.09.2017, publicada no DOU nº 188-A, Seção I, de 29.09.2017, resolve:</p><p>Nº 146 - Conceder aposentadoria voluntária ao servidor ANTONIO CARLOS PINTO SEABRA, matrícula SIAPE 912.239, ocupante da Categoria Funcional de Técnico do Seguro Social, classe "S", padrão IV, do Quadro de Pessoal do Instituto Nacional do Seguro Social, com fundamento no artigo 3º, incisos I, II e III e parágrafo único da Emenda Constitucional 47, de 5 de julho de 2005, acrescida das vantagens do artigo 62-A da Lei nº 8.112, de 11 de dezembro de 1990, combinado com o artigo 15 da Lei nº 9.527 de 10 de dezembro de 1997. Em consequência declara vago o referido cargo. (Processo nº 35301.001793/2018-10).</p><p>Nº 147 - Conceder aposentadoria voluntária a servidora ANA CRISTINA DE ARAUJO MODESTO, matrícula SIAPE 913.413, lotada na Agência Previdência Social Rio de Janeiro - Tijuca (17001100), ocupante da Categoria Funcional de Técnico do Seguro Social, classe "S", padrão IV, do Quadro de Pessoal do Instituto Nacional do Seguro Social, com fundamento no artigo 3º, incisos I, II e III e parágrafo único da Emenda Constitucional 47, de 5 de julho de 2005. Em consequência declara vago o referido cargo. (Processo nº 35301.001772/2018-96).</p><p class="assina">CONSUELO LOPES PADRÃO</p>]]></Texto>
  </body>
</article></xml>