﻿<xml><article id="2897843" name="1ª Portaria Equipe de Planejamen" idOficio="4771611" pubName="DO2" artType="Portaria" pubDate="02/05/2018" artClass="00017:00032:00026:00000:00000:00000:00000:00000:00000:00000:00025:00001" artCategory="Ministério da Saúde/Secretaria Especial de Saúde Indígena/Distrito Sanitário Especial Indígena - Médio Rio Purus" artSize="8" artNotes="" numberPage="39" pdfPage="http://pesquisa.in.gov.br/imprensa/jsp/visualiza/index.jsp?data=02/05/2018&amp;jornal=529&amp;pagina=39" editionNumber="83" highlight="" idMateria="10717119">
  <body>
    <Identifica><![CDATA[ PORTARIA Nº 1, DE 30 ABRIL DE 2018]]></Identifica>
    <Data><![CDATA[]]></Data>
    <Ementa />
    <Titulo />
    <SubTitulo />
    <Texto><![CDATA[<p></p><p class="identifica">PORTARIA Nº 1, DE 30 ABRIL DE 2018</p><p>O Coordenador Distrital de Saúde Indígena do Distrito Sanitário Especial Indígena Médio Rio Purus, no uso de suas atribuições outorgada pela Portaria de n° 627, de 08 de abril de 2016, publicada no Diário Oficial da União em 11 de abril de 2016, e de acordo com o disposto no Art. 67 da Lei 8.666/93, resolve:</p><p>Art. 1º - CONSTITUIR, conforme elencado abaixo, e em atendimento aos artigos 20 e 21 (Inc. III) da IN-SEGES-MPDG-05/2017, a Equipe de Planejamento da Contratação dos Processos Administrativos do Distrito Sanitário Especial Indígena Médio Rio Purus/DSEI MRP, a qual ficará encarregada pela execução das etapas de planejamento das contratações, quais sejam: 1) Estudos Preliminares (artigo 24 da IN-SEGES-MPDG-05/2017); e 2) Gerenciamento de Riscos (artigo 25 da IN-SEGES-MPDG-05/2017):</p><p>PRESIDENTE:</p><p>Ana Cristina Sousa da Silva, matrícula 3010509, CPF n° 009.826.114-20.</p><p>MEMBROS:</p><p>Zenilton dos Santos Dias, Matrícula 2999936, CPF n° 951.602.482-34;</p><p>Aroldo Moreira da Costa, Matrícula: 0475181, CPF n° 201.729.582-53;</p><p>João Batista Silva de Sá, Matrícula 6518372, CPF n° 292.156.092-53;</p><p>Pedro Ricardo da Costa, Matrícula 0514975, CPF n° 114.650.052-20;</p><p>Matias Balbino Ferreira, Matrícula 06519801, CPF n° 249.186.442-87.</p><p>Art. 2º - Caberá, ainda, à Equipe de Planejamento de Contratação do DSEI/MRP, conforme Inciso I do art. 21 da IN-SEGES-MPDG-05/2017, a elaboração do documento para formalização da demanda pelo setor requisitante do serviço, conforme modelo do Anexo II, que contemple:</p><p>a) a justificativa da necessidade da contratação explicitando a opção pela terceirização dos serviços e considerando o Planejamento Estratégico, se for o caso;</p><p>b) a quantidade de serviço a ser contratada;</p><p>c) a previsão de data em que deve ser iniciada a prestação dos serviços; e</p><p>d) a indicação dos servidores a quem será confiada a fiscalização dos serviços, o qual poderá participar de todas as etapas do planejamento da contratação, observado o disposto no § 1º do art. 22 da IN-SEGES-MPDG-05/2017.</p><p>Art. 3º - Em obediência ao § 2º do artigo 22 da IN-SEGES-MPDG-05/2017 os integrantes da equipe de Planejamento da Contratação tiveram ciência expressa da indicação das suas respectivas atribuições antes de serem formalmente designados.</p><p>Art. 4º - Em seus impedimentos, o Presidente será substituído por quaisquer dos outros indicados, respeitando a sequência do rol supracitado.</p><p>Art. 5º Esta Portaria entra em vigor na data de sua publicação.</p><p class="assina">ANTÔNIO CARLOS GALVÃO DA SILVA</p>]]></Texto>
  </body>
</article></xml>