﻿<xml><article id="2903199" name="ATO PORTARIA N 038 2018" idOficio="4772108" pubName="DO2" artType="Portaria" pubDate="02/05/2018" artClass="00007:00003:00061:00000:00000:00000:00000:00000:00000:00000:00025:00001" artCategory="Ministério da Agricultura, Pecuária e Abastecimento/Secretaria Executiva/Superintendência Federal no Estado do Maranhão" artSize="8" artNotes="" numberPage="4" pdfPage="http://pesquisa.in.gov.br/imprensa/jsp/visualiza/index.jsp?data=02/05/2018&amp;jornal=529&amp;pagina=4" editionNumber="83" highlight="" idMateria="10718055">
  <body>
    <Identifica><![CDATA[ PORTARIA Nº 38, DE 30 DE ABRIL DE 2018 ]]></Identifica>
    <Data><![CDATA[]]></Data>
    <Ementa />
    <Titulo />
    <SubTitulo />
    <Texto><![CDATA[<p class="identifica">PORTARIA Nº 38, DE 30 DE ABRIL DE 2018</p><p>O SUPERINTENDENTE FEDERAL DE AGRICULTURA, PECUÁRIA E ABASTECIMENTO NO ESTADO DO MARANHÃO, no uso das atribuições legais que lhe confere o Capítulo IV, Art. 44, inciso XXII, do Regimento Interno das Superintendências Federais de Agricultura, Pecuária e Abastecimento, aprovado pela Portaria nº 428, de 09 de junho de 2010, publicada no D.O.U. de 14.06.2010, tendo em vista o que consta no Memorando-Circular nº 25/2018/SE-MAPA e ainda, o processo nº 21022.000323/2018-52, resolve:</p><p>Art. 1º - Designar como Pregoeiros Oficiais desta Unidade os servidores PEDRO PEREIRA FERREIRA JÚNIOR, matrícula SIAPE nº 1799760 e IVO LEONARDO MESQUITA SIQUEIRA, matrícula SIAPE nº 1804168.</p><p>Art. 2º. - A Equipe de Apoio será constituída pelos servidores: TARCIZIO FERNANDES PIMENTA, matrícula SIAPE nº 5437, JOSÉ MARIA SEREJO CUNHA, matrícula SIAPE nº 5470 e JANE EIRE DE CARVALHO NUNES, matrícula SIAPE nº 1112433.</p><p>Art. 3º - Esta Portaria entra em vigor na data de sua publicação, ficando revogada a Portaria nº 139, de 31 de outubro de 2017, publicada no D.O.U. de 03 de novembro de 2017.</p><p class="assina">ANTONIO JOSÉ DOS SANTOS</p>]]></Texto>
  </body>
</article></xml>