﻿<xml><article id="2902181" name="ATO PORTARIA Nº 522" idOficio="4772008" pubName="DO2" artType="Portaria" pubDate="02/05/2018" artClass="00011:00042:00000:00000:00000:00000:00000:00000:00000:00000:00025:00019" artCategory="Ministério da Educação/Fundação Universidade Federal de Sergipe" artSize="8" artNotes="" numberPage="16" pdfPage="http://pesquisa.in.gov.br/imprensa/jsp/visualiza/index.jsp?data=02/05/2018&amp;jornal=529&amp;pagina=16" editionNumber="83" highlight="" idMateria="10717802">
  <body>
    <Identifica><![CDATA[ PORTARIA Nº 522, DE 26 DE ABRIL DE 2018]]></Identifica>
    <Data><![CDATA[]]></Data>
    <Ementa />
    <Titulo />
    <SubTitulo />
    <Texto><![CDATA[<p class="identifica">PORTARIA Nº 522, DE 26 DE ABRIL DE 2018</p><p>REITOR DA UNIVERSIDADE FEDERAL DE SERGIPE, no uso de suas atribuições legais e; considerando o disposto no Decreto n.º 1.387 de 07/02/95 e na portaria n.º 404 de 23/04/2009 do Ministério de Estado da Educação, considerando a Portaria n.º 891 de 25/05/2017 do Gabinete do Reitor, considerando o que consta no processo n.º 23113.15005/2018-01, resolve:</p><p>Art. 1o- Autorizar o afastamento do país da servidora ANA CARLA FERREIRA SILVA DOS SANTOS, Professor Assistente, 02, matrícula SIAPE n.º 2972957, lotada no Departamento de Enfermagem do Campus Prof. Antônio Garcia Filho, para apresentar trabalho na 2018 NANDA International Conference, na cidade de Boston, Estados Unidos da América, pelo período de 11/06/2018 a 17/06/2018, trânsito incluso, com ônus limitado para UFS.</p><p>Art. 2o- Esta Portaria entra em vigor nesta data, devendo ser publicada no Diário Oficial da União.</p><p class="assina">Angelo Roberto Antoniolli</p>]]></Texto>
  </body>
</article></xml>