﻿<xml><article id="2898497" name="2018-04-30/4771658/TCUWS_1071717" idOficio="4771658" pubName="DO2" artType="Portaria" pubDate="02/05/2018" artClass="00035:00008:00002:00000:00000:00000:00000:00000:00000:00000:00025:00001" artCategory="Tribunal de Contas da União/Secretaria-Geral de Administração/Secretaria de Gestão de Pessoas" artSize="8" artNotes="" numberPage="60" pdfPage="http://pesquisa.in.gov.br/imprensa/jsp/visualiza/index.jsp?data=02/05/2018&amp;jornal=529&amp;pagina=60" editionNumber="83" highlight="" idMateria="10717176">
  <body>
    <Identifica><![CDATA[ PORTARIA Nº 66, DE 30 DE ABRIL DE 2018 ]]></Identifica>
    <Data><![CDATA[]]></Data>
    <Ementa />
    <Titulo />
    <SubTitulo />
    <Texto><![CDATA[<p class="identifica">PORTARIA Nº 66, DE 30 DE ABRIL DE 2018</p><p>O SECRETÁRIO DE GESTÃO DE PESSOAS DO TRIBUNAL DE CONTAS DA UNIÃO, no uso das atribuições que lhe confere o disposto no inciso II do art. 1° da Portaria n° 3, de 2 de janeiro de 2017, do Secretário-Geral de Administração deste Tribunal e tendo em vista o que consta da Portaria-CCG nº 06, de 16 de abril de 2018, resolve:</p><p>Art. 1º Designar ROGERIO CESAR MATEUS CORRÊA, Matrícula 7691-0, AUFC, para exercer, na Secretaria de Relações Institucionais de Controle no Combate à Fraude e Corrupção - Seccor/Segecex, a função de confiança de Especialista Sênior II, código FC-4 (Direção), no período compreendido entre a data de publicação desta Portaria e 31 de dezembro de 2018.</p><p>Art. 2º Esta Portaria entra em vigor na data de sua publicação.</p><p class="assina">FERNANDO LUIZ SOUZA DA EIRA</p>]]></Texto>
  </body>
</article></xml>