﻿<xml><article id="2896149" name="371" idOficio="4770481" pubName="DO2" artType="Portaria" pubDate="02/05/2018" artClass="00010:00007:00010:00012:00000:00000:00000:00000:00000:00000:00025:00001" artCategory="Ministério da Defesa/Comando da Marinha/Comando-Geral do Corpo de Fuzileiros Navais/Comando do Pessoal de Fuzileiros Navais" artSize="8" artNotes="" numberPage="9" pdfPage="http://pesquisa.in.gov.br/imprensa/jsp/visualiza/index.jsp?data=02/05/2018&amp;jornal=529&amp;pagina=9" editionNumber="83" highlight="" idMateria="10714556">
  <body>
    <Identifica><![CDATA[ PORTARIA Nº 371/CPesFN, DE 26 DE ABRIL DE 2018]]></Identifica>
    <Data><![CDATA[]]></Data>
    <Ementa />
    <Titulo />
    <SubTitulo />
    <Texto><![CDATA[<p class="identifica">PORTARIA Nº 371/CPesFN, DE 26 DE ABRIL DE 2018</p><p>O COMANDANTE DO PESSOAL DE FUZILEIROS NAVAIS, no uso da subdelegação de competência que lhe confere a alínea a, inciso IX do art. 3o da Portaria no 134, de 26JUL2017, do Comando-Geral do Corpo de Fuzileiros Navais, de acordo com o inciso II do art. 96 e alínea c, inciso I do art. 98 da Lei no 6.880, de 09DEZ1980 (Estatuto dos Militares), alterada pela Medida Provisória no 2.215-10, de 31AGO2001, regulamentada pelo Decreto no 4.307, de 18JUL2002, resolve:</p><p>Art. 1º Transferir para a reserva remunerada "ex officio", em 05MAI2018, o SO-FN-MO 83.0111.61 CLAUDIO VIEIRA DA SILVA, fazendo jus a remuneração, observando os incisos I, II, III, IV, VI, e § 3o do art. 10, art. 30 e art. 33 da referida Medida Provisória, por ter atingido a idade-limite de permanência no Serviço Ativo da Marinha.</p><p>Art. 2º Estabelecer, objetivando o fiel cumprimento do disposto nos § 1° e § 2° do art. 95 da Lei nº 6.880, de 09DEZ1980 (Estatuto dos Militares), o seguinte cronograma às Organizações Militares onde servem os militares:</p><p>I - Publicar esta Portaria em Ordem de Serviço; e</p><p>II - Até 45 dias para desligar os militares a contar da data de sua transferência para reserva por idade-limite, após publicação em Diário Oficial da União.</p><p>Art. 3o Esta Portaria entra em vigor na presente data.</p><p class="assina">Vice-Almirante (FN) JORGE ARMANDO NERY SOARES</p>]]></Texto>
  </body>
</article></xml>