﻿<xml><article id="2896080" name="Port. 831 DOU 02 05 18" idOficio="4771280" pubName="DO2" artType="Portaria" pubDate="02/05/2018" artClass="00011:00035:00000:00000:00000:00000:00000:00000:00000:00000:00025:00001" artCategory="Ministério da Educação/Fundação Universidade Federal de Pelotas" artSize="8" artNotes="" numberPage="15" pdfPage="http://pesquisa.in.gov.br/imprensa/jsp/visualiza/index.jsp?data=02/05/2018&amp;jornal=529&amp;pagina=15" editionNumber="83" highlight="" idMateria="10716527">
  <body>
    <Identifica><![CDATA[ PORTARIA Nº 831, DE 26 DE ABRIL DE 2018]]></Identifica>
    <Data><![CDATA[]]></Data>
    <Ementa />
    <Titulo />
    <SubTitulo />
    <Texto><![CDATA[<p class="identifica">PORTARIA Nº 831, DE 26 DE ABRIL DE 2018</p><p>O Reitor da Universidade Federal de Pelotas, no uso de suas atribuições legais; considerando o disposto no artigo 93 da Lei nº 8.112, de 11/12/90, com a redação conferida pelo artigo 22 da Lei nº 8.270, de 17/12/91, regulamentado pelo Decreto nº 4.050, de 12/12/01, e pela Orientação Normativa SEGEP/MP nº 4, de 12/06/15, e, ainda, pela Lei nº 11.091, de 12/01/05; considerando o artigo 3º da Portaria n° 404/2009, do Ministério da Educação, publicada em 07/05/09; considerando os autos do Processo nº 23110.017196/2018-67; resolve:</p><p>1. Ceder, por tempo indeterminado, a servidora TANIA LUIZA STIGGER VIEIRA, matrícula nº 1367507, pertencente ao Quadro de Pessoal desta Instituição Federal de Ensino, lotada no Hospital Escola, para exercício junto à Empresa Brasileira de Serviços Hospitalares EBSERH/UFPel.</p><p>2. O ônus pela remuneração ou salário é do órgão cedente.</p><p>3. A servidora deverá apresentar-se imediatamente ao órgão cedente ao término da cessão, observado o disposto nos arts. 4º e 6º da Orientação Normativa SEGEP/MP nº 4, de 2015.</p><p>4. Esta Portaria entra em vigor na data da sua publicação.</p><p class="assina">Pedro Rodrigues Curi Hallal</p>]]></Texto>
  </body>
</article></xml>