﻿<xml><article id="2902163" name="CGGP PORT 94" idOficio="4772037" pubName="DO2" artType="Portaria" pubDate="02/05/2018" artClass="00011:00002:00016:00025:00000:00000:00000:00000:00000:00000:00025:00001" artCategory="Ministério da Educação/Secretaria Executiva/Subsecretaria de Assuntos Administrativos/Coordenação-Geral de Gestão de Pessoas" artSize="8" artNotes="" numberPage="10" pdfPage="http://pesquisa.in.gov.br/imprensa/jsp/visualiza/index.jsp?data=02/05/2018&amp;jornal=529&amp;pagina=10" editionNumber="83" highlight="" idMateria="10717831">
  <body>
    <Identifica><![CDATA[ PORTARIA Nº 94, DE 26 DE ABRIL DE 2018]]></Identifica>
    <Data><![CDATA[]]></Data>
    <Ementa />
    <Titulo />
    <SubTitulo />
    <Texto><![CDATA[<p class="identifica">PORTARIA Nº 94, DE 26 DE ABRIL DE 2018</p><p>A COORDENADORA-GERAL DE GESTÃO DE PESSOAS DA SUBSECRETARIA DE ASSUNTOS ADMINISTRATIVOS DO MINISTÉRIO DA EDUCAÇÃO, usando da competência que lhe foi subdelegada pela Portaria nº 96, de 30 de abril de 2003, publicada no Diário Oficial de 02 de maio de 2003, e tendo em vista o que consta do processo nº 23000.011815/2018-57, resolve:</p><p>Conceder aposentadoria à servidora MÁRCIA REGINA BONFIM SILVA, matrícula nº 0040746, ocupante do cargo de Técnico em Assuntos Educacionais, classe S, padrão III, do Quadro de Pessoal deste Ministério, fundamentada no artigo 3º da Emenda Constitucional nº 47/2005.</p><p class="assina">MARIEDEN MARTINS TOSTA</p>]]></Texto>
  </body>
</article></xml>