﻿<xml><article id="2902688" name="Port_GM_143_144_Exo_THALES_Nom_A" idOficio="4771767" pubName="DO2" artType="Portaria" pubDate="02/05/2018" artClass="00021:00001:00000:00000:00000:00000:00000:00000:00000:00000:00019:00002" artCategory="Ministério de Minas e Energia/Gabinete do Ministro" artSize="8" artNotes="" numberPage="40" pdfPage="http://pesquisa.in.gov.br/imprensa/jsp/visualiza/index.jsp?data=02/05/2018&amp;jornal=529&amp;pagina=40" editionNumber="83" highlight="" idMateria="10717382">
  <body>
    <Identifica><![CDATA[ PORTARIAS DE 30 DE ABRIL DE 2018]]></Identifica>
    <Data><![CDATA[]]></Data>
    <Ementa />
    <Titulo />
    <SubTitulo />
    <Texto><![CDATA[<p class="identifica">PORTARIAS DE 30 DE ABRIL DE 2018</p><p>O CHEFE DE GABINETE DO MINISTRO DE ESTADO DE MINAS E ENERGIA, no uso da competência outorgada pela Portaria MME nº 386, de 3 de outubro de 2017, resolve:</p><p>Nº 143 Exonerar THALES VINICIUS MARTINS DE SOUSA do cargo em comissão de Assistente Técnico da Assessoria Especial de Assuntos Econômicos, código DAS 102.1.</p><p>Nº 144 Nomear ALESSON TADEU SILVA SOUZA, para exercer o cargo em comissão de Assistente Técnico da Assessoria Especial de Assuntos Econômicos, código DAS 102.1.</p><p class="assina">JOSÉ WANDERLEY UCHOA BARRETO</p>]]></Texto>
  </body>
</article></xml>