﻿<xml><article id="2899990" name="PTS63A67DF" idOficio="4771737" pubName="DO2" artType="Portaria" pubDate="02/05/2018" artClass="00022:00029:00238:00005:00028:00003:00000:00000:00000:00000:00025:00005" artCategory="Ministério do Desenvolvimento Social/Instituto Nacional do Seguro Social/Superintendência Regional Norte/Centro-Oeste em Brasília/Gerência Executiva - A - no Distrito Federal/Serviço de Administração/Seção Operacional da Gestão de Pessoas" artSize="8" artNotes="" numberPage="42" pdfPage="http://pesquisa.in.gov.br/imprensa/jsp/visualiza/index.jsp?data=02/05/2018&amp;jornal=529&amp;pagina=42" editionNumber="83" highlight="" idMateria="10717362">
  <body>
    <Identifica><![CDATA[ Portaria de 30 de abril de 2018]]></Identifica>
    <Data><![CDATA[]]></Data>
    <Ementa />
    <Titulo />
    <SubTitulo />
    <Texto><![CDATA[<p class="identifica">Portaria de 30 de abril de 2018</p><p>A CHEFE SUBSTITUTA DA SEÇÃO OPERACIONAL DA GESTÃO DE PESSOAS DA GERÊNCIA EXECUTIVA NO DISTRITO FEDERAL, no uso das atribuições conferidas no art. 235, inciso I, alínea "e" do Regimento Interno do INSS, aprovado pela PT/MDS/GM nº 414 de 28.09.2017, publicada no DOU Edição Extra Nº 188-A, de 29.09.2017, e na forma da legislação, resolve:</p><p>Nº 63 - Conceder aposentadoria voluntária à servidora ENY GARCIA DE OLIVEIRA matrícula 221.476, ocupante do cargo de Datilógrafo, classe S, padrão IV, do Quadro de Pessoal do Instituto Nacional do Seguro Social, com fundamento no art. 3º da Emenda Constitucional nº 47, de 05 de julho de 2005, com proventos integrais e demais vantagens que faz jus. Declarar vago o referido cargo. Processo nº 37284.000240/2018-12</p><p>Nº 65 - Conceder aposentadoria voluntária à servidora JULIA DA SILVA NEIVA matrícula 879.022, ocupante do cargo de Técnico do Seguro Social, classe S, padrão IV, do Quadro de Pessoal do Instituto Nacional do Seguro Social, com fundamento no art. 3º da Emenda Constitucional nº 47, de 05 de julho de 2005, com proventos integrais e demais vantagens que faz jus. Declarar vago o referido cargo. Processo nº 37284.000059/2017-25</p><p>Nº 66 - Conceder aposentadoria voluntária ao servidor LUIZ FERNANDO SOUZA SARMANHO matrícula 045.621, ocupante do cargo de Técnico do Seguro Social, classe S, padrão IV, do Quadro de Pessoal do Instituto Nacional do Seguro Social, com fundamento no art. 3º da Emenda Constitucional nº 47, de 05 de julho de 2005, com proventos integrais e demais vantagens que faz jus. Declarar vago o referido cargo. Processo nº 37284.001475/2017-41</p><p>Nº 67 - Conceder aposentadoria voluntária à servidora ZIDALVA PEREIRA WALVERDE matrícula 878.842, ocupante do cargo de Agente de Serviços Diversos, classe S, padrão IV, do Quadro de Pessoal do Instituto Nacional do Seguro Social, com fundamento no art. 3º da Emenda Constitucional nº 47, de 05 de julho de 2005, com proventos integrais e demais vantagens que faz jus. Declarar vago o referido cargo. Processo nº 37284.001468/2017-49</p><p class="assina">LÁZARA MARIA DA CRUZ</p>]]></Texto>
  </body>
</article></xml>