﻿<xml><article id="2901222" name="Portarias SECEX Nº 66, 67 e 68" idOficio="4771940" pubName="DO2" artType="Portaria" pubDate="02/05/2018" artClass="00025:00002:00000:00000:00000:00000:00000:00000:00000:00000:00025:00007" artCategory="Ministério do Meio Ambiente/Secretaria Executiva" artSize="8" artNotes="" numberPage="47" pdfPage="http://pesquisa.in.gov.br/imprensa/jsp/visualiza/index.jsp?data=02/05/2018&amp;jornal=529&amp;pagina=47" editionNumber="83" highlight="" idMateria="10717626">
  <body>
    <Identifica><![CDATA[ PORTARIAS DE 27 DE ABRIL DE 2018]]></Identifica>
    <Data><![CDATA[]]></Data>
    <Ementa />
    <Titulo />
    <SubTitulo />
    <Texto><![CDATA[<p class="identifica">PORTARIAS DE 27 DE ABRIL DE 2018</p><p>O SECRETÁRIO-EXECUTIVO DO MINISTÉRIO DO MEIO AMBIENTE, no uso das atribuições que lhe confere o art. 38 da Lei nº 8.112, de 11 de dezembro de 1990, com a nova redação dada pela Lei nº 9.527, de 10 de dezembro de 1997, publicada no Diário Oficial da União de 11 de dezembro de 1997, e a Portaria nº 282, de 20 de agosto de 2009, publicada no D.O.U de 21 seguinte, resolve:</p><p>Nº 66 Dispensar, a partir de 02 de maio de 2018, RAPHAEL GUSMÃO JACOB MIRANDA, matrícula SIAPE nº 1786117, da Função Comissionada do Poder Executivo de Chefe de Divisão, código FCPE 101.2, da Divisão de Pagamento e Benefícios, da Subsecretaria de Planejamento, Orçamento e Administração, da Secretaria Executiva.</p><p>Nº 67 Designar ALBERTH BARBOSA TAVARES, matrícula SIAPE nº 1697954, para exercer a Função Comissionada do Poder Executivo de Chefe de Divisão, código FCPE 101.2, da Divisão de Pagamento e Benefícios, da Subsecretaria de Planejamento, Orçamento e Administração, da Secretaria Executiva, ficando dispensado do encargo de substituto eventual que atualmente ocupa.</p><p>Nº 68 Designar RAPHAEL GUSMÃO JACOB MIRANDA, matrícula SIAPE nº 1662045, para exercer o encargo de substituto eventual da Função Comissionada do Poder Executivo de Chefe de Divisão, código FCPE 101.2, da Divisão de Pagamento e Benefícios, da Subsecretaria de Planejamento, Orçamento e Administração, da Secretaria Executiva, durante os afastamentos, impedimentos legais ou regulamentares do titular e na vacância do cargo.</p><p class="assina">EDSON GONÇALVES DUARTE</p>]]></Texto>
  </body>
</article></xml>