﻿<xml><article id="2902015" name="PORTARIA Nº 97.869" idOficio="4772027" pubName="DO2" artType="Portaria" pubDate="02/05/2018" artClass="00012:00005:00018:00000:00000:00000:00000:00000:00000:00000:00025:00001" artCategory="Ministério da Fazenda/Banco Central do Brasil/Área de Relacionamento Institucional e Cidadania" artSize="8" artNotes="" numberPage="28" pdfPage="http://pesquisa.in.gov.br/imprensa/jsp/visualiza/index.jsp?data=02/05/2018&amp;jornal=529&amp;pagina=28" editionNumber="83" highlight="" idMateria="10717771">
  <body>
    <Identifica><![CDATA[ PORTARIA Nº 97.869, DE 30 DE ABRIL DE 2018]]></Identifica>
    <Data><![CDATA[]]></Data>
    <Ementa />
    <Titulo />
    <SubTitulo />
    <Texto><![CDATA[<p></p><p class="identifica">PORTARIA Nº 97.869, DE 30 DE ABRIL DE 2018</p><p>O Diretor de Relacionamento Institucional e Cidadania do Banco Central do Brasil, no uso da atribuição que lhe confere o art. 13, inciso VI, alínea "b", do Regimento Interno do Banco Central, anexo à Portaria nº 84.287, de 27 de fevereiro de 2015, resolve:</p><p>Art. 1º Fica designada a servidora FLAVIA DANTAS BERCOTT, matrícula 3.296.033-6, para exercer a função comissionada de Chefe Adjunto de Unidade, sigla FDE-2, no Departamento de Comunicação (Comun).</p><p>Art. 2º Esta Portaria entra em vigor na data de sua publicação.</p><p class="assina">MAURICIO COSTA DE MOURA</p>]]></Texto>
  </body>
</article></xml>