﻿<xml><article id="2898119" name="port 4497 - HUGO TEIXEIRA MONTEZ" idOficio="4771646" pubName="DO2" artType="Portaria" pubDate="02/05/2018" artClass="00026:00002:00013:01477:00000:00000:00000:00000:00000:00000:00025:00001" artCategory="Ministério do Planejamento, Desenvolvimento e Gestão/Secretaria Executiva/Subsecretaria de Assuntos Administrativos/Coordenação-Geral de Gestão de Pessoas" artSize="8" artNotes="" numberPage="49" pdfPage="http://pesquisa.in.gov.br/imprensa/jsp/visualiza/index.jsp?data=02/05/2018&amp;jornal=529&amp;pagina=49" editionNumber="83" highlight="" idMateria="10717194">
  <body>
    <Identifica><![CDATA[ PORTARIA Nº 4.497, DE 26 DE ABRIL DE 2018]]></Identifica>
    <Data><![CDATA[]]></Data>
    <Ementa />
    <Titulo />
    <SubTitulo />
    <Texto><![CDATA[<p class="identifica">PORTARIA Nº 4.497, DE 26 DE ABRIL DE 2018</p><p>A COORDENADORA-GERAL DE GESTÃO DE PESSOAS DO MINISTÉRIO DO PLANEJAMENTO, DESENVOLVIMENTO E GESTÃO, no uso da competência atribuída na alínea "f", do inciso I, do art. 113, do Regimento Interno aprovado pela Portaria GM/MP no 11, de 1° de fevereiro de 2018, e com o que consta do processo nº 03090.000052/2018-40, resolve:</p><p>Designar HUGO TEIXEIRA MONTEZUMA SALES, matrícula SIAPE nº 2071850, para exercer o encargo de substituto eventual da função de Coordenador-Geral, código FCPE 101.4, da Coordenação-Geral Jurídica de Licitação, Contratos e Convênios da Consultoria Jurídica deste Ministério, nos afastamentos, impedimentos legais ou regulamentares do titular e na vacância da função.</p><p class="assina">AYALA DO CARMO TANIOS NEMER</p>]]></Texto>
  </body>
</article></xml>