﻿<xml><article id="2902244" name="ATO PORTARIA Nº 529" idOficio="4772008" pubName="DO2" artType="Portaria" pubDate="02/05/2018" artClass="00011:00042:00000:00000:00000:00000:00000:00000:00000:00000:00025:00023" artCategory="Ministério da Educação/Fundação Universidade Federal de Sergipe" artSize="8" artNotes="" numberPage="17" pdfPage="http://pesquisa.in.gov.br/imprensa/jsp/visualiza/index.jsp?data=02/05/2018&amp;jornal=529&amp;pagina=17" editionNumber="83" highlight="" idMateria="10717806">
  <body>
    <Identifica><![CDATA[ PORTARIA Nº 529, DE 26 DE ABRIL DE 2018]]></Identifica>
    <Data><![CDATA[]]></Data>
    <Ementa />
    <Titulo />
    <SubTitulo />
    <Texto><![CDATA[<p class="identifica">PORTARIA Nº 529, DE 26 DE ABRIL DE 2018</p><p>O REITOR DA UNIVERSIDADE FEDERAL DE SERGIPE, no uso de suas atribuições legais, considerando o disposto no artigo 190 da Lei nº 8.112/90; considerando o que consta no Processo nº 23113.014422/2018-28; considerando o que consta no Processo nº 23113.003161/2017-30/UFS; resolve:</p><p>Art. 1º - Integralizar, a partir de 11/04/2018, os proventos da servidora MARLI ROSALINA CAVALCANTE FONTES, matrícula SIAPE nº 1433459, ocupante do cargo de auxiliar de enfermagem, da classe C, nível/padrão 208, lotada na Clínica Médica II - HU, em jornada de trabalho de 40 horas semanais, aposentada conforme Portaria nº 559 de 03/04/2017/UFS, publicada no Diário Oficial da União de 04/04/2017, nº 65, seção 2, p. 16.</p><p>Art. 2º - Esta Portaria entrará em vigor na data de sua publicação no Diário Oficial da União.</p><p class="assina">Angelo Roberto Antoniolli</p>]]></Texto>
  </body>
</article></xml>