﻿<xml><article id="2898239" name="2018-04-30/4771348/TCUWS_1071723" idOficio="4771348" pubName="DO2" artType="Portaria" pubDate="02/05/2018" artClass="00035:00008:00002:00000:00000:00000:00000:00000:00000:00000:00025:00001" artCategory="Tribunal de Contas da União/Secretaria-Geral de Administração/Secretaria de Gestão de Pessoas" artSize="8" artNotes="" numberPage="59" pdfPage="http://pesquisa.in.gov.br/imprensa/jsp/visualiza/index.jsp?data=02/05/2018&amp;jornal=529&amp;pagina=59" editionNumber="83" highlight="" idMateria="10717234">
  <body>
    <Identifica><![CDATA[ PORTARIA Nº 64, DE 30 DE ABRIL DE 2018 ]]></Identifica>
    <Data><![CDATA[]]></Data>
    <Ementa />
    <Titulo />
    <SubTitulo />
    <Texto><![CDATA[<p class="identifica">PORTARIA Nº 64, DE 30 DE ABRIL DE 2018</p><p>O SECRETÁRIO DE GESTÃO DE PESSOAS DO TRIBUNAL DE CONTAS DA UNIÃO, no uso das atribuições que lhe confere o disposto no inciso II do art. 1° da Portaria n° 3, de 2 de janeiro de 2017, do Secretário-Geral de Administração deste Tribunal , resolve:</p><p>Art.1º Designar ALINE RODRIGUES FERREIRA, Matrícula 45713-2, AUFC, para exercer, na 3ª Diretoria da Secretaria de Fisc. de Infraestrutura Hídrica, de Comunicações e de Mineração - SeinfraCom/Segecex, a função de confiança de Diretora, código FC-4.</p><p>Art. 2º Esta Portaria entra em vigor na data de sua publicação.</p><p class="assina">FERNANDO LUIZ SOUZA DA EIRA</p>]]></Texto>
  </body>
</article></xml>