﻿<xml><article id="2900131" name="PORTARIA Nº 1516-SEORI-MD" idOficio="4771768" pubName="DO2" artType="Portaria" pubDate="02/05/2018" artClass="00010:00033:00000:00000:00000:00000:00000:00000:00000:00000:00025:00002" artCategory="Ministério da Defesa/Secretaria de Organização Institucional" artSize="8" artNotes="" numberPage="9" pdfPage="http://pesquisa.in.gov.br/imprensa/jsp/visualiza/index.jsp?data=02/05/2018&amp;jornal=529&amp;pagina=9" editionNumber="83" highlight="" idMateria="10717384">
  <body>
    <Identifica><![CDATA[ PORTARIA Nº 1.516/SEORI/MD, DE 24 DE ABRIL DE 2018  ]]></Identifica>
    <Data><![CDATA[]]></Data>
    <Ementa />
    <Titulo />
    <SubTitulo />
    <Texto><![CDATA[<p class="identifica">PORTARIA Nº 1.516/SEORI/MD, DE 24 DE ABRIL DE 2018</p><p>O SECRETÁRIO DE ORÇAMENTO E ORGANIZAÇÃO INSTITUCIONAL DO MINISTÉRIO DA DEFESA, no uso da competência que lhe foi subdelegada pelo inciso I do art. 4º, da Portaria/MD nº 1.839, de 9 de dezembro de 2010, considerando o disposto no Decreto nº 8.978, de 1º de fevereiro de 2017, suas alterações posteriores, e o que consta do Processo Administrativo nº 60583.001091/2018-56, resolve:</p><p>Nomear FLÁVIO ROGÉRIO CENTENO COSTA, Matrícula Siape nº 1527905, para exercer o cargo de Coordenador no Departamento de Administração Interna desta Secretaria, código DAS 101.3, ficando exonerado do cargo de Assistente, código DAS 102.2, que atualmente ocupa, a partir de 2 de maio de 2018.</p><p class="assina">FRANSELMO ARAÚJO COSTA</p>]]></Texto>
  </body>
</article></xml>