﻿<xml><article id="2896257" name="PORTARIA 692" idOficio="4771404" pubName="DO2" artType="Portaria" pubDate="02/05/2018" artClass="00034:00008:00001:00004:00000:00000:00000:00000:00000:00000:00025:00004" artCategory="Ministério Público da União/Ministério Público do Trabalho/Procuradoria-Geral/Diretoria-Geral" artSize="8" artNotes="" numberPage="59" pdfPage="http://pesquisa.in.gov.br/imprensa/jsp/visualiza/index.jsp?data=02/05/2018&amp;jornal=529&amp;pagina=59" editionNumber="83" highlight="" idMateria="10716764">
  <body>
    <Identifica><![CDATA[ PORTARIA Nº 692, DE 27 DE ABRIL DE 2018]]></Identifica>
    <Data><![CDATA[]]></Data>
    <Ementa />
    <Titulo />
    <SubTitulo />
    <Texto><![CDATA[<p class="identifica">PORTARIA Nº 692, DE 27 DE ABRIL DE 2018</p><p>A DIRETORA-GERAL ADJUNTA DO MINISTÉRIO PÚBLICO DO TRABALHO, no uso da competência que lhe foi delegada pela Portaria DG-MPT nº 86, de 30 de março de 2016, e considerando os termos do artigo 6º da Portaria PGR/MPU nº 287, de 12 de junho de 2007, e o que consta no PGEA nº 004136.2018.00.900/2, resolve:</p><p>Art. 5º Fica apostilada a Portaria MPT-DG nº 832, de 18.5.2017, publicada no Diário Oficial da União n° 95, de 19.5.2017, que nomeou o servidor MARCELO CORTES BERQUO, matrícula 6008174, para o cargo em comissão de Assessor Nível II do Departamento de Arquitetura e Engenharia, código CC-2, da Procuradoria Geral do Trabalho, atualmente exercendo o cargo em comissão de Chefe da Assessoria Técnica da Diretoria de Arquitetura e Engenharia, código CC-2, para considerar a nomeação para exercer o cargo em comissão de Chefe do Departamento de Arquitetura, código CC-3, da Diretoria de Arquitetura e Engenharia da Procuradoria Geral do Trabalho.</p><p class="assina">SANDRA CRISTINA DE ARAÚJO</p>]]></Texto>
  </body>
</article></xml>