﻿<xml><article id="2901300" name="SABINA" idOficio="4771926" pubName="DO2" artType="Portaria" pubDate="02/05/2018" artClass="00017:00021:00030:00000:00000:00000:00000:00000:00000:00000:00025:00001" artCategory="Ministério da Saúde/Fundação Nacional de Saúde/Superintendência Estadual do Pará" artSize="8" artNotes="" numberPage="38" pdfPage="http://pesquisa.in.gov.br/imprensa/jsp/visualiza/index.jsp?data=02/05/2018&amp;jornal=529&amp;pagina=38" editionNumber="83" highlight="" idMateria="10717639">
  <body>
    <Identifica><![CDATA[ PORTARIA Nº 2.385, DE 26 DE ABRIL DE 2018]]></Identifica>
    <Data><![CDATA[]]></Data>
    <Ementa />
    <Titulo />
    <SubTitulo />
    <Texto><![CDATA[<p class="identifica">PORTARIA Nº 2.385, DE 26 DE ABRIL DE 2018</p><p>A SUPERINTENDENTE ESTADUAL SUBSTITUTA, DA FUNDAÇÃO NACIONAL DE SAÚDE, NO ESTADO DO PARÁ, no uso das atribuições que lhe confere o artigo 13 do Estatuto aprovado pelo Decreto nº 8.867, de 03 de outubro de 2016, publicado no DOU Nº 191, de 04 de outubro de 2016 e tendo em vista o que consta do Processo nº 25200.001986/2018-47, resolve:</p><p>Art. 1º- Aposentar voluntariamente, com proventos integrais, do Quadro de Pessoal da FUNDAÇÃO NACIONAL DE SAÚDE, a servidora SABINA BERNARDETE MONTEIRO LYRA SILVA, Matrícula SIAPE nº 0758672, Nível "I", Classe "S", Padrão "III", ocupante do cargo de Agente Administrativo, de acordo com o artigo 40, § 1º, inciso III, alínea "A" da Constituição Federal, com redação dada pela Emenda Constitucional nº 41/03. Os proventos serão calculados com base no art. 1º da Lei nº 10.887/04.</p><p>Art. 2º - Esta portaria entra em vigor na data de sua publicação</p><p class="assina">MARIA DE NAZARÉ ALVES DOS SANTOS</p><p></p>]]></Texto>
  </body>
</article></xml>