﻿<xml><article id="2895650" name="ProReitoria Aposent HU 02-MAI-18" idOficio="4769456" pubName="DO2" artType="Portaria" pubDate="02/05/2018" artClass="00011:00136:00051:00000:00000:00000:00000:00000:00000:00000:00025:00001" artCategory="Ministério da Educação/Universidade Federal de São Paulo/Pró-Reitoria de Gestão com Pessoas" artSize="8" artNotes="" numberPage="25" pdfPage="http://pesquisa.in.gov.br/imprensa/jsp/visualiza/index.jsp?data=02/05/2018&amp;jornal=529&amp;pagina=25" editionNumber="83" highlight="" idMateria="10713013">
  <body>
    <Identifica><![CDATA[ PORTARIAS DE 25 DE ABRIL DE 2018]]></Identifica>
    <Data><![CDATA[]]></Data>
    <Ementa />
    <Titulo />
    <SubTitulo />
    <Texto><![CDATA[<p class="identifica">PORTARIAS DE 25 DE ABRIL DE 2018</p><p>O Pró-Reitor de Gestão com Pessoas da Universidade Federal de São Paulo, no uso da competência que lhe foi delegada pela Portaria nº 3.474, publicada no D.O.U. de 12/09/17, resolve:</p><p>Nº 1.310 - Conceder aposentadoria voluntária a servidora HÉLIA MARIA DOS SANTOS PEREIRA, Matrícula SIAPE nº 1135970, ocupante do cargo de Técnico em Enfermagem, Nível D, Classe IV, Padrão de Vencimento 16, do Quadro de Pessoal da Universidade Federal de São Paulo, com base no artigo 3°, incisos I a III e parágrafo único da EC n° 47/2005, com proventos integrais (Processo nº 23089.045430/2018-61).</p><p>Nº 1.311 - Conceder aposentadoria voluntária ao servidor JUVADINO PEREIRA LOULA, Matrícula SIAPE nº 1135909, ocupante do cargo de Motorista, Nível C, Classe IV, Padrão de Vencimento 16, do Quadro de Pessoal da Universidade Federal de São Paulo, com base no artigo 3°, incisos I a III e parágrafo único da EC n° 47/2005, com proventos integrais (Processo nº 23089.045473/2018-46).</p><p class="assina">MURCHED OMAR TAHA</p><p class="identifica">PORTARIA Nº 1.332, DE 26 DE ABRIL DE 2018</p><p>O Pró-Reitor de Gestão com Pessoas da Universidade Federal de São Paulo, no uso da competência que lhe foi delegada pela Portaria nº 3.474, publicada no D.O.U. de 12/09/17, resolve:</p><p>Conceder aposentadoria voluntária a servidora LEILA FREIRE AMORIM DE MATOS, Matrícula SIAPE nº 1139058, ocupante do cargo de Assistente em Administração, Nível D, Classe IV, Padrão de Vencimento 16, do Quadro de Pessoal da Universidade Federal de São Paulo, com base no artigo 3°, incisos I a III e parágrafo único da EC n° 47/2005, com proventos integrais (Processo nº 23089.045472/2018-00).</p><p class="assina">MURCHED OMAR TAHA</p>]]></Texto>
  </body>
</article></xml>