﻿<xml><article id="2900032" name="PORTARIA SE Nº 272 - ANISTIADO" idOficio="4771740" pubName="DO2" artType="Portaria" pubDate="02/05/2018" artClass="00026:00002:00000:00000:00000:00000:00000:00000:00000:00000:00000:00003" artCategory="Ministério do Planejamento, Desenvolvimento e Gestão/Secretaria Executiva" artSize="12" artNotes="" numberPage="49" pdfPage="http://pesquisa.in.gov.br/imprensa/jsp/visualiza/index.jsp?data=02/05/2018&amp;jornal=529&amp;pagina=49" editionNumber="83" highlight="" idMateria="10717371">
  <body>
    <Identifica><![CDATA[ PORTARIA  Nº 272, DE 26 DE ABRIL DE 2018]]></Identifica>
    <Data><![CDATA[]]></Data>
    <Ementa />
    <Titulo />
    <SubTitulo><![CDATA[ANEXO]]></SubTitulo>
    <Texto><![CDATA[<p class="identifica">PORTARIA Nº 272, DE 26 DE ABRIL DE 2018</p><p>O SECRETÁRIO-EXECUTIVO DO MINISTÉRIO DO PLANEJAMENTO, DESENVOLVIMENTO E GESTÃO, SUBSTITUTO, no uso da competência que lhe foi delegada pela Portaria GM/MP nº 56, art. 1º, III, de 22 de fevereiro de 2016, publicada no Diário Oficial da União - DOU, de 23 de fevereiro de 2016, considerando as informações constantes do processo 05200.200901/2015-51, no Mandado de Segurança nº 23.189-DF(2017/0016147-5) e em atenção ao determinado no § 2° do art. 7° e no art.8º do Decreto n° 9.261, de 08 de janeiro de 2018, resolve:</p><p>Art. 1º Deferir o retorno sub judice ao serviço no quadro de pessoal Ministério da Fazenda, do empregado constante do Anexo Único desta Portaria, sob regime celetista (Decreto-Lei nº 5.452/1943).</p><p>Art. 2º Cabe ao Ministério da Fazenda notificar, no prazo de trinta dias, o empregado para se apresentar ao serviço, conforme determina o § 1º do art. 4º do Decreto nº 6.077, de 10 de abril de 2007.</p><p>Art. 3º O empregado deverá se apresentar ao Ministério da Fazenda no prazo de trinta dias, contados da notificação a que se refere o artigo anterior.</p><p>Parágrafo único. A não apresentação do empregado no prazo mencionado no caput implicará renúncia ao direito de retornar ao serviço.</p><p>Art. 4º Os efeitos financeiros do retorno ao serviço dar-se-ão a partir do exercício do empregado no Ministério da Fazenda.</p><p>Art. 5º Esta Portaria entra em vigor na data da sua publicação.</p><p class="assina">WALTER BAERE DE ARAUJO FILHO</p><p class="subtitulo">ANEXO</p><p></p><table><tr /><tr><td><p>CPF</p></td><td><p>Nome</p></td><td><p>Processo nº</p></td></tr><tr><td><p>186.421.525-91</p></td><td><p>JOSÉ BENTO DA CRUZ</p></td><td><p>05200.200901/2015-51</p></td></tr></table>]]></Texto>
  </body>
</article></xml>