﻿<xml><article id="2895524" name="Portaria Nº 60.487" idOficio="4770440" pubName="DO2" artType="Portaria" pubDate="02/05/2018" artClass="00011:00112:00000:00000:00000:00000:00000:00000:00000:00000:00025:00001" artCategory="Ministério da Educação/Universidade Federal Fluminense" artSize="8" artNotes="" numberPage="22" pdfPage="http://pesquisa.in.gov.br/imprensa/jsp/visualiza/index.jsp?data=02/05/2018&amp;jornal=529&amp;pagina=22" editionNumber="83" highlight="" idMateria="10714460">
  <body>
    <Identifica><![CDATA[ Portaria Nº 60.487 de 16 de janeiro de 2018]]></Identifica>
    <Data><![CDATA[]]></Data>
    <Ementa />
    <Titulo />
    <SubTitulo />
    <Texto><![CDATA[<p class="identifica">Portaria Nº 60.487 de 16 de janeiro de 2018</p><p>O VICE-REITOR, no exercício da Reitoria da Universidade Federal Fluminense, no uso de suas atribuições, e tendo em vista o que consta do Processo UFF nº 23069.078899/2017-33, resolve:</p><p>Conceder aposentadoria voluntária a CRESO GENUÍNO DE OLIVEIRA FILHO, matrícula SIAPE nº 241947, ocupante do cargo de Médico - Área, código 701047, Nível de Classificação E, Nível de Capacitação IV, Padrão de Vencimentos 16, do Quadro de Pessoal Permanente desta Universidade, com fundamento no artigo 3º, incisos I, II, III e parágrafo único da Emenda Constitucional nº 47/05, código de vaga 232845, com proventos integrais, cumulativamente com o adicional por tempo de serviço no percentual de 18% (dezoito por cento).</p><p class="assina">ANTONIO CLAUDIO LUCAS DA NOBREGA</p>]]></Texto>
  </body>
</article></xml>