﻿<xml><article id="2903403" name="PT 24 SOGP CRICIÚMA" idOficio="4772145" pubName="DO2" artType="Portaria" pubDate="02/05/2018" artClass="00022:00029:00241:00006:00020:00000:00000:00000:00000:00000:00025:00001" artCategory="Ministério do Desenvolvimento Social/Instituto Nacional do Seguro Social/Superintendência Regional Sul em Florianópolis/Gerência Executiva - B - Criciúma/Seção Operacional da Gestão de Pessoas" artSize="8" artNotes="" numberPage="45" pdfPage="http://pesquisa.in.gov.br/imprensa/jsp/visualiza/index.jsp?data=02/05/2018&amp;jornal=529&amp;pagina=45" editionNumber="83" highlight="" idMateria="10718083">
  <body>
    <Identifica><![CDATA[ PORTARIA Nº 24, DE 30 DE ABRIL DE 2018 ]]></Identifica>
    <Data><![CDATA[]]></Data>
    <Ementa />
    <Titulo />
    <SubTitulo />
    <Texto><![CDATA[<p class="identifica">PORTARIA Nº 24, DE 30 DE ABRIL DE 2018</p><p>A CHEFE DA SEÇÃO OPERACIONAL DA GESTÃO DE PESSOAS DA GERÊNCIA-EXECUTIVA DO INSTITUTO NACIONAL DO SEGURO SOCIAL (INSS) CRICIÚMA/SC, designada pela PT/INSS/GEXCRI/SC nº 21 de 22/05/2017, publicada no BSL nº 20 de 22/05/2017 e, no uso das atribuições que lhe foram conferidas pelo artigo 235, do Regimento Interno desta autarquia, aprovado pela Portaria PT/MDS nº 414, de 28 de setembro de 2017, publicada no DOU nº 188-A, de 29 de setembro de 2017, e tendo em vista o que consta do processo nº 35344.000126/2018-13, resolve:</p><p>Conceder com fundamento no art. 217, inciso I, c/c o art. 222, inciso VII, alínea "b", item 6, da Lei 8.112, de 11 de dezembro de 1990, com redação dada pela Lei nº 13.135, de 17 de junho de 2015, com proventos calculados na forma do art. 2º, inciso I, e art. 15 da Lei nº 10.887, de 18 de junho de 2004, pensão vitalícia a ANAMARIA LOPES DO NASCIMENTO, na qualidade de esposa, cota parte correspondente a 100% (cem por cento), dos proventos do ex-servidor JOAO ROMAO DO NASCIMENTO, matrícula SIAPE 0575064, aposentado no cargo de Perito Médico Previdenciário, código 811001, classe "D", padrão "III", do quadro de pessoal do INSS, a contar da data do falecimento em 25 de fevereiro de 2018.</p><p class="assina">SILVIA SCHEFFER TORRES</p>]]></Texto>
  </body>
</article></xml>