﻿<xml><article id="2900575" name="104-TATIANA E ANA FLÁVIA - EXO-D" idOficio="4771841" pubName="DO2" artType="Portaria" pubDate="02/05/2018" artClass="00038:00004:00001:00000:00000:00000:00000:00000:00000:00000:00025:00001" artCategory="Poder Judiciário/Superior Tribunal de Justiça/Presidência" artSize="8" artNotes="" numberPage="63" pdfPage="http://pesquisa.in.gov.br/imprensa/jsp/visualiza/index.jsp?data=02/05/2018&amp;jornal=529&amp;pagina=63" editionNumber="83" highlight="" idMateria="10717499">
  <body>
    <Identifica><![CDATA[ PORTARIA Nº 104, DE 30 DE ABRIL DE 2018]]></Identifica>
    <Data><![CDATA[]]></Data>
    <Ementa />
    <Titulo />
    <SubTitulo />
    <Texto><![CDATA[<p></p><p class="identifica">PORTARIA Nº 104, DE 30 DE ABRIL DE 2018</p><p>A PRESIDENTE DO SUPERIOR TRIBUNAL DE JUSTIÇA, no uso da atribuição conferida pelo art. 21, XXV, do Regimento Interno e considerando o disposto no art. 35, II, da Lei n. 8.112, de 11 de dezembro de 1990, resolve:</p><p>Art. 1º Efetuar as seguintes alterações no Gabinete do Ministro Joel Ilan Paciornick:</p><p>I - Exonerar, a pedido, TATIANA RODRIGUES DE CARVALHO, matrícula S041232, do cargo em comissão de Assessor de Ministro, código CJ-3;</p><p>II - Dispensar, a pedido, ANA FLÁVIA BORGES PAULINO, matrícula S066901, da função de confiança de Assistente IV, código FC-4;</p><p>III - Designar para função de confiança:</p><p>TATIANA RODRIGUES DE CARVALHO, matrícula S041232, Assistente IV, código FC-4, na vaga decorrente da dispensa de Ana Flávia Borges Paulino;</p><p>ANA FLÁVIA BORGES PAULINO, matrícula S066901, Assistente II, código FC-2, na vaga decorrente da dispensa de Isac Terra Lôpo Pereira.</p><p>Art. 2° Esta portaria entra em vigor na data de sua publicação.</p><p class="assina">Min. LAURITA VAZ</p>]]></Texto>
  </body>
</article></xml>