﻿<xml><article id="2900861" name="DOU 2-AC-1PT-28-UNI-4970_CRIP029" idOficio="4771879" pubName="DO2" artType="Portaria" pubDate="02/05/2018" artClass="00034:00007:00022:00000:00000:00000:00000:00000:00000:00000:00025:00001" artCategory="Ministério Público da União/Ministério Público Federal/Procuradoria da República no Estado do Acre" artSize="8" artNotes="" numberPage="57" pdfPage="http://pesquisa.in.gov.br/imprensa/jsp/visualiza/index.jsp?data=02/05/2018&amp;jornal=529&amp;pagina=57" editionNumber="83" highlight="" idMateria="10717549">
  <body>
    <Identifica><![CDATA[ PORTARIA Nº 28, DE 27 DE ABRIL DE 2018]]></Identifica>
    <Data><![CDATA[]]></Data>
    <Ementa />
    <Titulo />
    <SubTitulo />
    <Texto><![CDATA[<p class="identifica">PORTARIA Nº 28, DE 27 DE ABRIL DE 2018</p><p>O PROCURADOR-CHEFE DA PROCURADORIA DA REPÚBLICA NO ACRE, no uso da atribuição conferida pelo disposto no art. 33, inciso VI, do Regimento Interno Administrativo do Ministério Público Federal, aprovado pela Portaria SG/MPF n. 382, de 5 de maio de 2015, resolve:</p><p>Art. 1º Dispensar o servidor EPAMINONDAS DA COSTA MAIA, ocupante do cargo de Técnico do MPU/Administração, matrícula 6385, do encargo de substituto eventual do Cargo em Comissão de Coordenador, CC-3, da Coordenadoria Jurídica e de Documentação da Procuradoria da República no Acre.</p><p>Art. 2º Designar a servidora NADIR CORDEIRO DE MELLO GUIMARÃES, ocupante do cargo de Técnico do MPU/Administração, matrícula 18985, para exercer o encargo de substituta eventual do Cargo em Comissão de Coordenador, CC-3, da Coordenadoria Jurídica e de Documentação da Procuradoria da República no Acre.</p><p>Art. 3º Esta Portaria produz efeitos a partir de sua publicação.</p><p class="assina">RICARDO ALEXANDRE SOUZA LAGOS</p>]]></Texto>
  </body>
</article></xml>