﻿<xml><article id="2896530" name="PORT053 Exonerações Gustavo e Le" idOficio="4771552" pubName="DO2" artType="Portaria" pubDate="02/05/2018" artClass="00039:00049:00000:00000:00000:00000:00000:00000:00000:00000:00025:00001" artCategory="Entidades de Fiscalização do Exercício das Profissões Liberais/Conselho Federal de Medicina Veterinária" artSize="8" artNotes="" numberPage="71" pdfPage="http://pesquisa.in.gov.br/imprensa/jsp/visualiza/index.jsp?data=02/05/2018&amp;jornal=529&amp;pagina=71" editionNumber="83" highlight="" idMateria="10717047">
  <body>
    <Identifica><![CDATA[ PORTARIA Nº 53, DE 27 DE ABRIL DE 2018 ]]></Identifica>
    <Data><![CDATA[]]></Data>
    <Ementa />
    <Titulo />
    <SubTitulo />
    <Texto><![CDATA[<p></p><p class="identifica">PORTARIA Nº 53, DE 27 DE ABRIL DE 2018</p><p></p><p>O PRESIDENTE DO CONSELHO FEDERAL DE MEDICINA VETERINÁRIA (CFMV), no uso das atribuições que lhe são conferidas pelo art. 17 da Lei 5.517, de 1968, combinado com os incisos VI e XXV, art. 7º do Regimento Interno do CFMV, aprovado pela Resolução n° 856, de 30 de março de 2007; resolve:</p><p>Art. 1° Exoneram-se Gustavo Roevenstrunk Nacif (CPF/MF nº 983.574.926-49 e Leonardo Rossini Fernandes Silva (CPF/MF nº 802.683.741-04) dos empregos comissionados de Assessor Administrativo.</p><p>Art. 2º Esta Portaria tem efeitos a partir de 1º de maio de 2018 e revoga as disposições em contrário.</p><p></p><p class="assina">Francisco Cavalcanti de Almeida</p><p></p>]]></Texto>
  </body>
</article></xml>