﻿<xml><article id="2896050" name="DESPACHO nº 389-2018 - Mônica Pi" idOficio="4770723" pubName="DO2" artType="Despacho" pubDate="02/05/2018" artClass="00009:00002:00000:00000:00000:00000:00000:00000:00000:00000:00025:00010" artCategory="Ministério da Cultura/Secretaria Executiva" artSize="8" artNotes="" numberPage="7" pdfPage="http://pesquisa.in.gov.br/imprensa/jsp/visualiza/index.jsp?data=02/05/2018&amp;jornal=529&amp;pagina=7" editionNumber="83" highlight="" idMateria="10714999">
  <body>
    <Identifica><![CDATA[ DESPACHO De 19 DE ABRIL DE 2018]]></Identifica>
    <Data><![CDATA[]]></Data>
    <Ementa />
    <Titulo />
    <SubTitulo />
    <Texto><![CDATA[<p class="identifica">DESPACHO De 19 DE ABRIL DE 2018</p><p>A SECRETÁRIA-EXECUTIVA DO MINISTÉRIO DA CULTURA, no uso da competência que lhe foi delegado pela Portaria nº 46, de 11 de abril de 2018, e tendo em vista o disposto no art. 2º do Decreto nº 1.387, de 7 de fevereiro de 1995, resolve AUTORIZAR o afastamento do país de MÔNICA PIMENTA VELLOSO, Pesquisadora Titular da Fundação Casa de Rui Barbosa - FCRB, para realização de Estágio na Universidade Sorbonne Nouvelle-Paris 3, realizando pesquisas dos países Lusófonos(CREPAL), com o projeto: "Um inventário do moderno brasileiro: Circulação Brasil/França e América Latina(1890-1930), e participar de curso de aperfeiçoamento da Língua Francesa, na Mairie du 5eme, em Paris, França, no período de 7 de junho a 6 de setembro de 2018, incluindo trânsito, com ônus limitado/FCRB(Processo nº 01550.000071/2018-86).</p><p class="assina">MARIANA RIBAS DA SILVA</p>]]></Texto>
  </body>
</article></xml>