﻿<xml><article id="2915239" name="ATO_134_2018 - CHEFIA - Redistri" idOficio="4772105" pubName="DO2" artType="Ato" pubDate="03/05/2018" artClass="00038:00052:00000:00000:00000:00000:00000:00000:00000:00000:00001:00003" artCategory="Poder Judiciário/Tribunal Regional do Trabalho da 13ª Região" artSize="8" artNotes="" numberPage="64" pdfPage="http://pesquisa.in.gov.br/imprensa/jsp/visualiza/index.jsp?data=03/05/2018&amp;jornal=529&amp;pagina=64" editionNumber="84" highlight="" idMateria="10717992">
  <body>
    <Identifica><![CDATA[  ATO  Nº 134, de 30 de abril de 2018]]></Identifica>
    <Data><![CDATA[]]></Data>
    <Ementa />
    <Titulo />
    <SubTitulo />
    <Texto><![CDATA[<p class="identifica">ATO Nº 134, de 30 de abril de 2018</p><p>O DESEMBARGADOR VICE-PRESIDENTE NO EXERCÍCIO DA PRESIDÊNCIA DO TRIBUNAL REGIONAL DO TRABALHO DA DÉCIMA TERCEIRA REGIÃO, no uso de suas atribuições legais e regimentais e tendo em vista o constante da Resolução Administrativa n. 031/2018 (Processo Administrativo: 13298.00.68.2018.5.13.0000), resolve;</p><p>Redistribuir, ex officio, um cargo efetivo vago de Analista Judiciário, Área Judiciária - Especialidade Oficial de Justiça Avaliador Federal, do Quadro Permanente de Pessoal deste Regional para o Quadro Permanente de Pessoal do Tribunal Regional do Trabalho da 2ª Região, com respaldo no art. 37 da Lei n. 8.112/90, com redação da Lei n. 9.527/97, na forma regulamentada pela Resolução n. 146/2012, do Conselho Nacional de Justiça - CNJ, tendo por reciprocidade a redistribuição do cargo efetivo ocupado pelo servidor DIEGO TAGLIETTI SALES, de Analista Judiciário, Área Judiciária - Especialidade Oficial de Justiça Avaliador Federal, do Quadro Permanente de Pessoal do Tribunal Regional do Trabalho da 2ª Região para o Quadro Permanente de Pessoal do Tribunal Regional do Trabalho da 13ª Região, a contar de 03.05.2018.</p><p></p><p class="assina">WOLNEY DE MACEDO CORDEIRO</p><p></p>]]></Texto>
  </body>
</article></xml>