﻿<xml><article id="2900677" name="NAZARE PORTARIA PUBLICA D.O.U - " idOficio="4771866" pubName="DO2" artType="Portaria" pubDate="02/05/2018" artClass="00012:00002:00012:00023:00000:00000:00000:00000:00000:00000:00025:00001" artCategory="Ministério da Fazenda/Secretaria Executiva/Subsecretaria de Planejamento, Orçamento e Administração/Superintendência de Administração no Mato Grosso do Sul" artSize="8" artNotes="" numberPage="27" pdfPage="http://pesquisa.in.gov.br/imprensa/jsp/visualiza/index.jsp?data=02/05/2018&amp;jornal=529&amp;pagina=27" editionNumber="83" highlight="" idMateria="10717517">
  <body>
    <Identifica><![CDATA[   PORTARIA N° 12, DE 16 DE ABRIL DE 2018 ]]></Identifica>
    <Data><![CDATA[]]></Data>
    <Ementa />
    <Titulo />
    <SubTitulo />
    <Texto><![CDATA[<p class="identifica">PORTARIA N° 12, DE 16 DE ABRIL DE 2018</p><p>O SUPERINTENDENTE DE ADMINISTRAÇÃO DO MINISTÉRIO DA FAZENDA NO MATO GROSSO DO SUL, no uso das atribuições que lhe confere o artigo 86, inciso XI, da Portaria n° 144, de 27/04/2016, publicada no D.O.U de 29 de abril de 2016 publicada no D.O.U de 29/04/2016,e tendo em vista o que consta no processo nº 11597.100.209/2018-63, resolve:</p><p>Conceder aposentadoria voluntária integral à servidora Maria de Nazaré Marques Trindade, matrícula SIAPE nº 0708112 e SIAPECAD nº 01149512, ocupante do cargo de Auxiliar Operacional de Serviços Diversos, código 489245 - S, Padrão III, lotada na Superintendência de Administração do Ministério da Fazenda no Estado do Mato Grosso do Sul, com fundamento legal no artigo 3º da Emenda Constitucional 47/2005 (código do fundamento: 047001).</p><p class="assina">MAURÍCIO BENÍCIO DOS SANTOS</p>]]></Texto>
  </body>
</article></xml>