﻿<xml><article id="2901895" name="LUIZ AUGUSTO PEREIRA - MATÉRIA" idOficio="4771974" pubName="DO2" artType="Portaria" pubDate="02/05/2018" artClass="00017:00002:00031:00133:00136:00000:00000:00000:00000:00000:00025:00001" artCategory="Ministério da Saúde/Secretaria Executiva/Núcleo Estadual no Rio Grande do Sul/Coordenação de Gestão/Serviço de Gestão Administrativa" artSize="8" artNotes="" numberPage="37" pdfPage="http://pesquisa.in.gov.br/imprensa/jsp/visualiza/index.jsp?data=02/05/2018&amp;jornal=529&amp;pagina=37" editionNumber="83" highlight="" idMateria="10717757">
  <body>
    <Identifica><![CDATA[           PORTARIA Nº 113, DE 30 DE ABRIL DE 2018]]></Identifica>
    <Data><![CDATA[]]></Data>
    <Ementa />
    <Titulo />
    <SubTitulo />
    <Texto><![CDATA[<p></p><p class="identifica">PORTARIA Nº 113, DE 30 DE ABRIL DE 2018</p><p>A CHEFE SUBSTITUTA DO SERVIÇO DE GESTÃO ADMINISTRATIVA DO MINISTÉRIO DA SAÚDE NO ESTADO DO RIO GRANDE DO SUL, no uso da competência que lhe foi subdelegada pela PT/SAA/SE/MS Nº 1.681, de 09/12/2016, publicada no DOU Nº 237, de 12/12/2016, resolve:</p><p>Conceder aposentadoria ao servidor LUIZ AUGUSTO PEREIRA matrícula 2262997, ocupante do cargo de Médico, Classe "A" Padrão I (NS), do Quadro Permanente deste Ministério, com fundamento no artigo 3º da Emenda Constitucional nº 47/2005. (Processo nº 25025.002384/2018-85).</p><p class="assina">MAGDA ELISA DE ASSIS</p>]]></Texto>
  </body>
</article></xml>