﻿<xml><article id="2898422" name="PT54RIONORTE" idOficio="4771703" pubName="DO2" artType="Portaria" pubDate="02/05/2018" artClass="00022:00029:00240:00007:00027:00003:00000:00000:00000:00000:00025:00001" artCategory="Ministério do Desenvolvimento Social/Instituto Nacional do Seguro Social/Superintendência Regional Sudeste II em Belo Horizonte/Gerência Executiva - A - no Rio de Janeiro - Norte/Serviço de Administração/Seção Operacional  de Gestão de Pessoas" artSize="8" artNotes="" numberPage="44" pdfPage="http://pesquisa.in.gov.br/imprensa/jsp/visualiza/index.jsp?data=02/05/2018&amp;jornal=529&amp;pagina=44" editionNumber="83" highlight="" idMateria="10717264">
  <body>
    <Identifica><![CDATA[ PORTARIA Nº 54,  DE 27 DEABRIL DE 2018]]></Identifica>
    <Data><![CDATA[]]></Data>
    <Ementa />
    <Titulo />
    <SubTitulo />
    <Texto><![CDATA[<p class="identifica">PORTARIA Nº 54, DE 27 DEABRIL DE 2018</p><p>O CHEFE DA SEÇÃO OPERACIONAL DA GESTÃO DE PESSOAS DA GERÊNCIA EXECUTIVA DO INSS/NORTE, No Estado do Rio de Janeiro, no uso das atribuições que lhe confere o Artigo 235 , do Regimento Interno , aprovado pela Portaria/MDS/GAB nº 414, de 28/09/2017 publicado no DOU nº 188, de 29/09/2017, resolve:</p><p>Conceder Aposentadoria Voluntária Integral a servidora Tânia Flores de Souza, matrícula SIAPE nº 0913836, ocupante do cargo de Agente de Serviços Diversos, Classe "S", Padrão "IV", do Quadro de Pessoal do Instituto Nacional do Seguro Social, com fundamento no artigo 3º da Emenda Constitucional 47/2005, com base na última remuneração. (Processo Administrativo nº 37367.001586/2018-18). Em consequência, declarar vago o referido cargo.</p><p class="assina">LUIZ ANDRADE SANTOS</p>]]></Texto>
  </body>
</article></xml>