﻿<xml><article id="2898863" name="PORTARIA IN SRFB - 02maio2018" idOficio="4771665" pubName="DO2" artType="Portaria" pubDate="02/05/2018" artClass="00012:00002:00012:00031:00000:00000:00000:00000:00000:00000:00025:00001" artCategory="Ministério da Fazenda/Secretaria Executiva/Subsecretaria de Planejamento, Orçamento e Administração/Superintendência de Administração no Rio Grande do Sul" artSize="8" artNotes="" numberPage="27" pdfPage="http://pesquisa.in.gov.br/imprensa/jsp/visualiza/index.jsp?data=02/05/2018&amp;jornal=529&amp;pagina=27" editionNumber="83" highlight="" idMateria="10717185">
  <body>
    <Identifica><![CDATA[ PORTARIA  Nº 200, DE 30 DE ABRIL DE 2018]]></Identifica>
    <Data><![CDATA[]]></Data>
    <Ementa />
    <Titulo />
    <SubTitulo />
    <Texto><![CDATA[<p class="identifica">PORTARIA Nº 200, DE 30 DE ABRIL DE 2018</p><p>O SUPERINTENDENTE DE ADMINISTRAÇÃO DO MINISTÉRIO DA FAZENDA NO ESTADO DO RIO GRANDE DO SUL, no uso das atribuições delegadas pelo Secretário da Receita Federal, através da Portaria SRF/MF nº 1.671, de 16 de junho de 2005, DOU de 20 de junho de 2005, convalidada pela Portaria SRFB/MF nº 4.071, de 30 de abril de 2007, DOU de 02 de maio de 2007, resolve:</p><p>Conceder aposentadoria voluntária ao servidor Pércio Torres, matrículas SIAPECAD nº 63996 e SIAPE nº 1227974, ocupante do cargo de Auditor-Fiscal da Receita Federal do Brasil, código 236010, Classe Especial, Padrão III, do Quadro de Pessoal do MF/RS, lotado na Delegacia da Receita Federal do Brasil em Porto Alegre / RS, com fundamento no art. 3º da Emenda Constitucional nº 47/2005. (Processo 11080.000561/2017-39)</p><p class="assina">HERNANI MARCHIORETTO DA SILVA</p><p></p>]]></Texto>
  </body>
</article></xml>