﻿<xml><article id="2902898" name="restabelecimento abril" idOficio="4772097" pubName="DO2" artType="Edital" pubDate="02/05/2018" artClass="00099:00011:00131:00001:00000:00000:00000:00000:00000:00000:00000:00021:00003" artCategory="Editais e Avisos" artSize="8" artNotes="" numberPage="71" pdfPage="http://pesquisa.in.gov.br/imprensa/jsp/visualiza/index.jsp?data=02/05/2018&amp;jornal=529&amp;pagina=71" editionNumber="83" highlight="" idMateria="10717977">
  <body>
    <Identifica><![CDATA[ EDITAL   Nº  7,  DE 30 DE ABRIL DE 2018RESTABELECIMENTO DE PAGAMENTO]]></Identifica>
    <Data><![CDATA[]]></Data>
    <Ementa />
    <Titulo />
    <SubTitulo />
    <Texto><![CDATA[<p></p><p class="identifica">EDITAL Nº 7, DE 30 DE ABRIL DE 2018RESTABELECIMENTO DE PAGAMENTO</p><p>O Reitor da Universidade Federal Rural da Amazônia, no uso de suas atribuições conferidas pelo Decreto Presidencial, de 11/07/2017, publicado no DOU nº 132, página 1, seção 2, de 12/07/2017, e tendo em vista o que consta no processo n° 23084.0194292016-69 de 27/12/2016, resolve: restabelecer o pagamento dos benefícios de aposentadoria e de pensão dos seguintes beneficiários:</p><p>Aposentado:</p><p>JOSE ARIMATEA FREITAS, CPF: 016.410.772-04</p><p>Pensionista: DOMINGOS BRANDAO ESQUERDO, CPF: 028.990.512-53; MARIA DA CONCEICAO DOS SANTOS TEIXEIRA, CPF: 082.903.422-68 tendo em vista não terem ocorrido a atualização cadastral na forma determinada. O restabelecimento do pagamento dos referidos benefícios fica condicionado ao recadastramento mediante o comparecimento pessoal do interessado na Universidade Federal Rural da Amazônia, situada na Av. Presidente Tancredo Neves, 2501, bairro: Montese, Belém/Pará, em conformidade da Orientação Normativa SEGEP nº 01.</p><p>Na hipótese de moléstia grave ou impossibilidade de locomoção do aposentado ou pensionista, deverá ser solicitada visita técnica, por meio dos telefones (91-3210.5118), ficando o pagamento restabelecido provisoriamente até que seja realizada a visita.</p><p class="assina">MARCEL DO NASCIMENTO BOTELHO</p><p></p>]]></Texto>
  </body>
</article></xml>