﻿<xml><article id="2903012" name="2018.04.30 PORTARIA Reitora" idOficio="4772089" pubName="DO2" artType="Portaria" pubDate="02/05/2018" artClass="00011:00128:00000:00000:00000:00000:00000:00000:00000:00000:00025:00001" artCategory="Ministério da Educação/Universidade Federal do Rio Grande do Norte" artSize="8" artNotes="" numberPage="24" pdfPage="http://pesquisa.in.gov.br/imprensa/jsp/visualiza/index.jsp?data=02/05/2018&amp;jornal=529&amp;pagina=24" editionNumber="83" highlight="" idMateria="10718016">
  <body>
    <Identifica><![CDATA[ PORTARIA Nº 736, DE 30 DE ABRIL DE 2018]]></Identifica>
    <Data><![CDATA[]]></Data>
    <Ementa />
    <Titulo />
    <SubTitulo />
    <Texto><![CDATA[<p class="identifica">PORTARIA Nº 736, DE 30 DE ABRIL DE 2018</p><p>A REITORA DA UNIVERSIDADE FEDERAL DO RIO GRANDE DO NORTE, no uso das atribuições inerentes ao cargo e da delegação de competência que lhe concede a Portaria MEC nº 404, de 23.04.2009, resolve:</p><p>Autorizar o afastamento do país de PATRICIA WHEBBER SOUZA DE OLIVEIRA, matrícula n.º 1718044, Professora Adjunta do Departamento de Ciências Administrativas - CCSA, para participar do "Workshop about Measurement of Initiatives in Human Resources", na cidade da Cracóvia, na Polônia, no período de 05.05.2018 a 13.05.2018, inclusive trânsito, com ônus para a UFRN, conforme processo n.º 23077.021352/2018-48.</p><p class="assina">ÂNGELA MARIA PAIVA CRUZ</p>]]></Texto>
  </body>
</article></xml>