﻿<xml><article id="2895545" name="Port. 326 - ADQINTECDO 47 - ALFR" idOficio="4769414" pubName="DO2" artType="Portaria" pubDate="02/05/2018" artClass="00011:00134:00001:00012:00007:00000:00000:00000:00000:00000:00025:00002" artCategory="Ministério da Educação/Universidade Federal de Santa Catarina/Reitoria/Pró-Reitoria de Desenvolvimento e Gestão de Pessoas/Departamento de Administração de Pessoal" artSize="8" artNotes="" numberPage="24" pdfPage="http://pesquisa.in.gov.br/imprensa/jsp/visualiza/index.jsp?data=02/05/2018&amp;jornal=529&amp;pagina=24" editionNumber="83" highlight="" idMateria="10712868">
  <body>
    <Identifica><![CDATA[ PORTARIA Nº 326, DE 26 DE ABRIL DE 2018]]></Identifica>
    <Data><![CDATA[]]></Data>
    <Ementa />
    <Titulo />
    <SubTitulo />
    <Texto><![CDATA[<p class="identifica">PORTARIA Nº 326, DE 26 DE ABRIL DE 2018</p><p>A Diretora do Departamento de Administração de Pessoal da Universidade Federal de Santa Catarina, no uso de suas atribuições, resolve:</p><p>Aposentar ALFREDO TIBURCIO NUNES PIRES, matrícula SIAPE 1156013, código de vaga nº 687991, ocupante do cargo de PROFESSOR MAGISTÉRIO SUPERIOR, Grupo NS, Classe E, Titular/Único, com Doutorado, em regime de trabalho de Dedicação Exclusiva, da carreira do magistério superior da Universidade Federal de Santa Catarina, nos termos do art. 3º, incisos I a III e parágrafo único da Emenda Constitucional nº 47 de 05 de julho de 2005, com proventos integrais, incorporando 24% (vinte e quatro por cento) de adicional por tempo de serviço. (Processo nº 23080.06072/2018-51)</p><p class="assina">Rita de Cássia Knabben</p>]]></Texto>
  </body>
</article></xml>