﻿<xml><article id="2897590" name="PT 67 A 69 SANTOS" idOficio="4771577" pubName="DO2" artType="Portaria" pubDate="02/05/2018" artClass="00022:00029:00239:00019:00108:00000:00000:00000:00000:00000:00025:00003" artCategory="Ministério do Desenvolvimento Social/Instituto Nacional do Seguro Social/Superintendência-Regional Sudeste I em São Paulo/Gerência Executiva - B - Santos/Seção Operacional da Gestão de Pessoas" artSize="8" artNotes="" numberPage="43" pdfPage="http://pesquisa.in.gov.br/imprensa/jsp/visualiza/index.jsp?data=02/05/2018&amp;jornal=529&amp;pagina=43" editionNumber="83" highlight="" idMateria="10717075">
  <body>
    <Identifica><![CDATA[ PORTARIAS DE 30 DE ABRIL DE 2018]]></Identifica>
    <Data><![CDATA[]]></Data>
    <Ementa />
    <Titulo />
    <SubTitulo />
    <Texto><![CDATA[<p class="identifica">PORTARIAS DE 30 DE ABRIL DE 2018</p><p>O CHEFE DA SEÇÃO OPERACIONAL DA GESTÃO DE PESSOAS DA GERÊNCIA EXECUTIVA DO INSS EM SANTOS/SP, no uso das atribuições que lhe foram delegadas pelo artigo 235 da Portaria/MDS nº 414, de 28/09/2017, publicada no DOU nº 188-A, de 29/09/2017, resolve:</p><p>Nº 67 - Conceder aposentadoria voluntária à servidora ROSANGELA ALVES FEITOSA DE BULHÕES, matrícula SIAPE 0886165, ocupante do cargo de Datilógrafo, Classe "S", Padrão "IV", do quadro de Pessoal do Instituto Nacional do Seguro Social, com fundamento no Art. 3º da Emenda Constitucional nº 47/2005. (Processo 35432.000625/2018-11)</p><p>Em consequência, declarar vago o referido cargo.</p><p>Nº 68 - Conceder aposentadoria voluntária à servidora SANDRA CRISTINA SILVA, matrícula SIAPE 0942107, ocupante do cargo de Técnico do Seguro Social, Classe "S", Padrão "IV", do quadro de Pessoal do Instituto Nacional do Seguro Social, com fundamento no Art. 3º da Emenda Constitucional nº 47/2005. (Processo 35432.000582/2018-66)</p><p>Em consequência, declarar vago o referido cargo.</p><p>Nº 69 - Conceder aposentadoria por invalidez proporcional à servidora VANDA MARCIA BARONETTO GASPAR, matrícula SIAPE 0932685, ocupante do cargo de Técnico do Seguro Social, Classe "S", Padrão "IV", do quadro de Pessoal do Instituto Nacional do Seguro Social, com fundamento no § 1º, Inciso I, do Artigo 40 da Constituição Federal de 05/10/1988, c/c o Artigo 6º-A da Emenda Constitucional nº 41/2003, com redação dada pelo Artigo 1º da Emenda Constitucional nº 70, de 30/03/2012, e de acordo com o Artigo 7º da Emenda Constitucional nº 41/2003. (Processo 35432.000676/2018-35)</p><p>Em consequência, declarar vago o referido cargo.</p><p class="assina">IDEL PROFETA RIBEIRO</p>]]></Texto>
  </body>
</article></xml>