﻿<xml><article id="2895692" name="Portarias 54 a 57 de 26 Abr2018_" idOficio="4770238" pubName="DO2" artType="Portaria" pubDate="02/05/2018" artClass="00006:00019:01211:06408:01137:00000:00000:00000:00000:00000:00025:00001" artCategory="Presidência da República/Gabinete de Segurança Institucional/Agência Brasileira de Inteligência/Secretaria de Planejamento e Gestão/Departamento de Administração e Logística" artSize="8" artNotes="" numberPage="3" pdfPage="http://pesquisa.in.gov.br/imprensa/jsp/visualiza/index.jsp?data=02/05/2018&amp;jornal=529&amp;pagina=3" editionNumber="83" highlight="" idMateria="10714133">
  <body>
    <Identifica><![CDATA[PORTARIAS DE 26 DE ABRIL DE 2018]]></Identifica>
    <Data><![CDATA[]]></Data>
    <Ementa />
    <Titulo />
    <SubTitulo><![CDATA[DEPARTAMENTO DE GESTÃO DE PESSOAL]]></SubTitulo>
    <Texto><![CDATA[<p class="subtitulo">DEPARTAMENTO DE GESTÃO DE PESSOAL</p><p class="identifica">PORTARIAS DE 26 DE ABRIL DE 2018</p><p><strong>A DIRETORA DO DEPARTAMENTO DE GESTÃO DE PESSOAL DA SECRETARIA DE PLANEJAMENTO E GESTÃO DA AGÊNCIA BRASILEIRA DE INTELIGÊNCIA DO GABINETE DE SEGURANÇA INSTITUCIONAL DA PRESIDÊNCIA DA REPÚBLICA</strong>nos termos do inciso II do artigo 1º da Portaria nº 378/ABIN/GSI/PR, de 27 de abril de 2017, resolve:</p><p>Nº 54 - Art. 1º Conceder aposentadoria voluntária com proventos integrais ao servidor matrícula ABIN nº 017392, detentor do cargo de Mecanico de Viatura, Nível Intermediário, Classe "E", Padrão III, do Quadro de Pessoal da Agência Brasileira de Inteligência (ABIN), com fundamento no artigo 3º, incisos I, II e III, parágrafo único, da Emenda Constitucional nº 47/2005, c/c o § 18 do art. 40 da CF/88 e art. 5° da Lei n° 10.887/2004, acrescida das vantagens previstas na Lei nº 11.776/2008, alterada pelas Leis nºs 12.277/2010 e 12.702/2012. (Processo nº 00091.000550/2018-94)</p><p>Art. 2º Declarar extinto o referido cargo.</p><p>Nº 55 - Art. 1º Conceder aposentadoria voluntária com proventos integrais ao servidor matrícula ABIN nº 025859, detentor do cargo de Oficial de Inteligência, Nível Superior, Classe "E", Padrão III, do Quadro de Pessoal da Agência Brasileira de Inteligência (ABIN), com fundamento no artigo 3º, incisos I, II, III e parágrafo único, da Emenda Constitucional nº 47/2005, c/c o § 18 do art. 40 da CF/88 e art. 5º da Lei nº 10.887/2004, acrescida das vantagens previstas na Lei nº 11.776/2008, alterada pela Lei nº 12.277/2010. (Processo nº 00091.000438/2018-53)</p><p>Art. 2º Declarar vago o referido cargo.</p><p>Nº 56 - Art. 1º Conceder aposentadoria voluntária com proventos integrais ao servidor matrícula ABIN nº 035838, detentor do cargo de Agente de Seguranca, Nível Intermediário, Classe "E", Padrão III, do Quadro de Pessoal da Agência Brasileira de Inteligência (ABIN), com fundamento no artigo 3º, incisos I, II e III, parágrafo único, da Emenda Constitucional nº 47/2005, c/c o § 18, do art. 40, da CF/88 e art. 5°, da Lei n° 10.887/2004, acrescida das vantagens previstas na Lei nº 11.776/2008, alterada pelas Leis nºs 12.277/2010 e 12.702/2012, e no artigo 15 da Lei nº 9.527/1997. (Processo nº 00091.000156/2018-56)</p><p>Art. 2º Declarar extinto o referido cargo.</p><p>Nº 57 - Art. 1º Conceder aposentadoria voluntária com proventos integrais ao servidor matrícula ABIN nº 004762, detentor do cargo de Oficial de Inteligência, Nível Superior, Classe "E", Padrão III, do Quadro de Pessoal da Agência Brasileira de Inteligência (ABIN), com fundamento no artigo 3º, incisos I, II e III, parágrafo único da Emenda Constitucional nº 47/2005, c/c o § 18 do art. 40 da CF/88 e art. 5º da Lei nº 10.887/2004, acrescida das vantagens previstas na Lei nº 11.776/2008, alterada pela Lei nº 12.277/2010. (Processo nº 00091.000437/2018-17)</p><p>Art. 2º Declarar vago o referido cargo.</p><p>Publicado de acordo com o artigo 9º, da lei 9.883/99.</p><p class="assina">MARIA INEZ CARNEIRO DE SOUZA</p>]]></Texto>
  </body>
</article></xml>