﻿<xml><article id="2900236" name="Mat 041-18 Portaria" idOficio="4771785" pubName="DO2" artType="Portaria" pubDate="02/05/2018" artClass="00011:00039:00000:00000:00000:00000:00000:00000:00000:00000:00025:00001" artCategory="Ministério da Educação/Fundação Universidade Federal de Roraima" artSize="8" artNotes="" numberPage="15" pdfPage="http://pesquisa.in.gov.br/imprensa/jsp/visualiza/index.jsp?data=02/05/2018&amp;jornal=529&amp;pagina=15" editionNumber="83" highlight="" idMateria="10717424">
  <body>
    <Identifica><![CDATA[ PORTARIA Nº  267,  DE 27 DE  ABRIL DE 2018]]></Identifica>
    <Data><![CDATA[]]></Data>
    <Ementa />
    <Titulo />
    <SubTitulo />
    <Texto><![CDATA[<p class="identifica">PORTARIA Nº 267, DE 27 DE ABRIL DE 2018</p><p>O REITOR DA UNIVERSIDADE FEDERAL DE RORAIMA, nomeado pelo Decreto Presidencial, publicado na Seção 02, do D.O.U de 03/03/2016, no uso de suas atribuições legais e estatutárias, considerando o que consta no processo nº 23129.004390/2018-83, Resolve:</p><p>Art. 1º. Conceder Aposentadoria Voluntária com proventos integrais à servidora FRANCISCA DARLENE RIBEIRO DE MELO, matrícula SIAPE nº 0708427, código de vaga nº 456806, ocupante do cargo Professor do Ensino Básico, Técnico e Tecnológico, Classe: D/Especialização, Nível: 404, em regime de 40 horas semanais com dedicação exclusiva, lotada na CEDUC/CGEB, do quadro de Pessoal desta Instituição de Ensino Superior, com fundamento no art. 6º da Emenda Constitucional 41/2003, incorporando 11% (onze por cento) de Anuênio, de acordo com o art. 244 da Lei 8.112/90 e Oficio-Circular nº 036/SRH/MP, de 29/06/2001.</p><p>Art. 2º. Declaro vago o referido cargo.</p><p>Art. 3º. Esta Portaria entra em vigor a partir da data de sua publicação no DOU.</p><p class="assina">Jefferson Fernandes do Nascimento</p><p class="identifica">PORTARIA Nº 269, DE 27 DE ABRIL DE 2018</p><p>O REITOR DA UNIVERSIDADE FEDERAL DE RORAIMA, nomeado pelo Decreto Presidencial, publicado na Seção 02, do D.O.U de 03/03/2016, no uso de suas atribuições legais e estatutárias, considerando o que consta no processo nº 23129.005686/2018-11, Resolve:</p><p>Autorizar o afastamento do país do Professor VALDINAR FERREIRA MELO, matrícula SIAPE nº 1030677, ocupante do cargo de Professor do Magistério Superior, lotado no Departamento de Solos e Engenharia Agrícola para realizar atividades de campo referente à Tese de sua orientanda, Astrid Elena Péres Lopes, na cidade de Medellín/Colômbia, no período de 17 a 31 de maio de 2018, com ônus para esta Instituição.</p><p class="assina">Jefferson Fernandes do Nascimento</p>]]></Texto>
  </body>
</article></xml>