﻿<xml><article id="2900695" name="Portaria 432-2" idOficio="4771867" pubName="DO2" artType="Portaria" pubDate="02/05/2018" artClass="00011:00031:00001:00000:00000:00000:00000:00000:00000:00000:00025:00001" artCategory="Ministério da Educação/Fundação Universidade Federal de Mato Grosso/Reitoria" artSize="8" artNotes="" numberPage="14" pdfPage="http://pesquisa.in.gov.br/imprensa/jsp/visualiza/index.jsp?data=02/05/2018&amp;jornal=529&amp;pagina=14" editionNumber="83" highlight="" idMateria="10717518">
  <body>
    <Identifica><![CDATA[ PORTARIAS DE 26 DE ABRIL DE 2018]]></Identifica>
    <Data><![CDATA[]]></Data>
    <Ementa />
    <Titulo />
    <SubTitulo />
    <Texto><![CDATA[<p class="identifica">PORTARIAS DE 26 DE ABRIL DE 2018</p><p>A Reitora da Universidade Federal de Mato Grosso, no uso de suas atribuições legais, resolve:</p><p>Nº 432 - Autorizar o afastamento do país do servidor BRENO RICARCO GUIMARAES SANTOS, matrícula SIAPE nº 3003907, CPF nº 012.218.135-28, no período de 15/05 a 19/05/2018, para apresentação de trabalho cientifico no evento: "V Conference of the Latin American Society for Analytic Philosophy.", em Asociación Latinoamericana de Filosofía Analítica &amp; PHILOGICA, na cidade de Villa de Leyva - Colombia, com ônus limitado para a UFMT. (Processo nº 23108.924027/2018-24).</p><p>Nº 434 - Declarar vago, por posse em outro cargo inacumulável, o cargo de ASSISTENTE EM ADMINISTRAÇÃO, Classe D, Padrão de Vencimento 202, da carreira de Técnico Administrativo desta UFMT, ocupado pela servidora GEYCE MARTINS DE ALENCAR SOUSA, SIAPE n. 2325810, lotada na Pró-Reitoria de Pesquisa - PROPeq, Campus Universitário de Cuiabá. Declarar vago o respectivo cargo. Esta Portaria conta seus efeitos a partir de 27 de abril de 2018. (Processo nº 23108.928788/2018-55).</p><p>Nº 435 - Autorizar o afastamento do país da servidora FLÁVIA GIRARDO BOTELHO BORGES, matrícula SIAPE nº 2378470, CPF nº 776.447.941-15 no período de 05/07 a 15/07/2018, para participar do Curso de Atualização para Professores de Português como Língua Estrangeira, na Universidade do Porto, na cidade do Porto - Portugal, com ônus limitado para a UFMT. (Processo n.º 23108.927718/2018-80).</p><p class="assina">MYRIAN THEREZA DE MOURA SERRA</p>]]></Texto>
  </body>
</article></xml>