﻿<xml><article id="2902520" name="2 GABMI PORTARIA 2350" idOficio="4772065" pubName="DO2" artType="Portaria" pubDate="02/05/2018" artClass="00008:00001:00000:00000:00000:00000:00000:00000:00000:00000:00019:00001" artCategory="Ministério da Ciência, Tecnologia, Inovações e Comunicações/Gabinete do Ministro" artSize="8" artNotes="" numberPage="6" pdfPage="http://pesquisa.in.gov.br/imprensa/jsp/visualiza/index.jsp?data=02/05/2018&amp;jornal=529&amp;pagina=6" editionNumber="83" highlight="" idMateria="10717929">
  <body>
    <Identifica><![CDATA[ PORTARIA Nº 2.350, de 27 DE ABRIL DE 2018]]></Identifica>
    <Data><![CDATA[]]></Data>
    <Ementa />
    <Titulo />
    <SubTitulo />
    <Texto><![CDATA[<p class="identifica">PORTARIA Nº 2.350, de 27 DE ABRIL DE 2018</p><p>O MINISTRO DE ESTADO DA CIÊNCIA, TECNOLOGIA, INOVAÇÕES E COMUNICAÇÕES, no uso da competência que lhe foi delegada pelo artigo 3º do Decreto nº 8.821, de 26 de julho de 2016, publicado no DOU de 26 de julho de 2016, e tendo em vista o disposto no Decreto nº 8.877, de 18 de outubro de 2016, publicado no DOU de 19 de outubro de 2016, e alterações posteriores, resolve:</p><p>Designar o servidor WILSON SOUZA DE MENDONÇA, CPF 398.996.674-04, para substituir, nos afastamentos, impedimentos legais ou regulamentares do titular e na vacância do cargo, o Coordenador de Gestão Tecnológica, código FCPE 101.3, do Centro de Tecnologias Estratégicas do Nordeste - CETENE, deste Ministério (Processo SEI nº 01202.000044/2018-63).</p><p class="assina">GILBERTO KASSAB</p>]]></Texto>
  </body>
</article></xml>