﻿<xml><article id="2898470" name="PT41FEIRADESANTANA" idOficio="4771703" pubName="DO2" artType="Portaria" pubDate="02/05/2018" artClass="00022:00029:00237:00017:00087:00000:00000:00000:00000:00000:00025:00009" artCategory="Ministério do Desenvolvimento Social/Instituto Nacional do Seguro Social/Superintendência Regional Nordeste em Recife/Gerência Executiva - B - em Feira de Santana/Seção Operacional  de Gestão de Pessoas" artSize="8" artNotes="" numberPage="42" pdfPage="http://pesquisa.in.gov.br/imprensa/jsp/visualiza/index.jsp?data=02/05/2018&amp;jornal=529&amp;pagina=42" editionNumber="83" highlight="" idMateria="10717275">
  <body>
    <Identifica><![CDATA[ PORTARIA Nº 41,  DE 30 DE ABRIL DE 2018]]></Identifica>
    <Data><![CDATA[]]></Data>
    <Ementa />
    <Titulo />
    <SubTitulo />
    <Texto><![CDATA[<p class="identifica">PORTARIA Nº 41, DE 30 DE ABRIL DE 2018</p><p>O CHEFE DA SEÇÃO OPERACIONAL DA GESTÃO DE PESSOAS DA GERÊNCIA EXECUTIVA DO INSTITUTO NACIONAL DO SEGURO SOCIAL, EM FEIRA DE SANTANA, NO ESTADO DA BAHIA, no uso das atribuições que lhe foram conferidas pelo Art. 235, inciso I, alínea "b'', do Regimento Interno do INSS, aprovado pela PT/MDS nº 414, de 28/09/2017, publicada no DOU - Edição Extra nº 188 - A, de 29/09/2017, Seção I, pág. 1/23. resolve:</p><p>Conceder aposentadoria voluntária integral ao servidor JOSÉ ANSELMO DA CUNHA, matrícula 0758471, ocupante do cargo de Agente de Programas Assistenciais, nível intermediário (NI), classe S, padrão IV, do Quadro de Pessoal deste Instituto, com fundamento no artigo 3o, da Emenda Constitucional nº 47, de 05 de julho de 2005, observado o contido no Processo no. 35025.000186/2018-31, declarando, em consequência, o referido cargo vago.</p><p class="assina">ROSEVALDO OLIVEIRA MANGABEIRA</p>]]></Texto>
  </body>
</article></xml>