﻿<xml><article id="2900068" name="portaria 1364 Ondeney Incom" idOficio="4771746" pubName="DO2" artType="Portaria" pubDate="02/05/2018" artClass="00007:00003:00070:00000:00000:00000:00000:00000:00000:00000:00025:00001" artCategory="Ministério da Agricultura, Pecuária e Abastecimento/Secretaria Executiva/Superintendência Federal de Agricultura, Pecuária e Abastecimento no Estado do Rio Grande do Norte" artSize="8" artNotes="" numberPage="5" pdfPage="http://pesquisa.in.gov.br/imprensa/jsp/visualiza/index.jsp?data=02/05/2018&amp;jornal=529&amp;pagina=5" editionNumber="83" highlight="" idMateria="10717397">
  <body>
    <Identifica><![CDATA[ PORTARIA N° 1.364,  DE 26   DE   ABRIL  DE   2018]]></Identifica>
    <Data><![CDATA[]]></Data>
    <Ementa />
    <Titulo />
    <SubTitulo />
    <Texto><![CDATA[<p class="identifica">PORTARIA N° 1.364, DE 26 DE ABRIL DE 2018</p><p>O Superintendente Federal de Agricultura, Pecuária e Abastecimento no Estado do Rio Grande do Norte, no uso da competência que lhe foi delegada pelo inciso XVIII, do artigo 44, do Regimento Interno das Superintendências Federais de Agricultura, Pecuária e Abastecimento, aprovado pela Portaria nº 428 de 09 de junho de 2010, publicada no DOU de 14 de junho de 2010, resolve:</p><p>Conceder Aposentadoria Voluntária com proventos integrais ao servidor ONDENEY BATISTA BARRETO, matricula SIAPE: 26878, com a remuneração do cargo de Agente Administrativo, código: 481004 classe "S", padrão III, do quadro de pessoal deste ministério, com fundamento no artigo. 3º da Emenda Constitucional nº 47/2005 (processo nº 21040.000726/2018-83).</p><p class="assina">ROBERTO CARLOS RAZERA PAPA</p><p class="cargo">Substituto</p>]]></Texto>
  </body>
</article></xml>