﻿<xml><article id="2900641" name="PTS49E50DUQUEDECAXIAS" idOficio="4771865" pubName="DO2" artType="Portaria" pubDate="02/05/2018" artClass="00022:00029:00240:00013:00179:00000:00000:00000:00000:00000:00025:00003" artCategory="Ministério do Desenvolvimento Social/Instituto Nacional do Seguro Social/Superintendência Regional Sudeste II em Belo Horizonte/Gerência Executiva - B - Duque de Caxias/Seção Operacional  de Gestão de Pessoas" artSize="8" artNotes="" numberPage="45" pdfPage="http://pesquisa.in.gov.br/imprensa/jsp/visualiza/index.jsp?data=02/05/2018&amp;jornal=529&amp;pagina=45" editionNumber="83" highlight="" idMateria="10717515">
  <body>
    <Identifica><![CDATA[ PORTARIA Nº 49, DE 26  DE ABRIL DE 2018]]></Identifica>
    <Data><![CDATA[]]></Data>
    <Ementa />
    <Titulo />
    <SubTitulo />
    <Texto><![CDATA[<p class="identifica">PORTARIA Nº 49, DE 26 DE ABRIL DE 2018</p><p>A Chefe da Seção de Operacional de Gestão de Pessoas da GEXDUQ, no Estado do Rio de Janeiro, no uso das atribuições estabelecidas no artigo 235 do Regimento Interno do INSS, aprovado pela PT n.º 414, emitida pelo Ministério do Desenvolvimento Social, de 28-09-17, publicada no DOU Edição Extra n º 188-A, de 29-09-14, resolve:</p><p>Conceder Aposentadoria Voluntária Integral ao servidor DAMIÃO RODRIGUES MARMELEIRO, mat. SIAPE-0912394, ocupante da Categoria Funcional Psicólogo, classe "S", padrão IV, (NS), do Quadro de Pessoal do INSS, com fundamento no artigo 3º, incisos I, II e III e § único da Emenda Constitucional n º 47/05, tornando vago o cargo ocupado pelo mesmo (Processo n º 35311.000249/18-23).</p><p class="assina">SUELI ROZANA BARROS GOMES</p><p class="identifica">PORTARIA Nº 50, DE 27 DE ABRIL DE 2018</p><p>A Chefe da Seção de Operacional de Gestão de Pessoas da GEXDUQ, no Estado do Rio de Janeiro, no uso das atribuições estabelecidas no artigo 235 do Regimento Interno do INSS, aprovado pela PT n.º 414, emitida pelo Ministério do Desenvolvimento Social, de 28-09-17, publicada no DOU Edição Extra n º 188-A, de 29-09-14, resolve:</p><p>Conceder Aposentadoria Voluntária Integral ao servidor WALDAIR GÔDA, mat. SIAPE-0759525, ocupante da Categoria Funcional de Auxiliar de Recreação, classe "S", padrão IV, (NI), do Quadro de Pessoal do INSS, com fundamento no artigo 3º, incisos I, II e III e § único da Emenda Constitucional n º 47/05, tornando vago o cargo ocupado pelo mesmo (Processo n º 35311.000245/18-45).</p><p class="assina">SUELI ROZANA BARROS GOMES</p>]]></Texto>
  </body>
</article></xml>