﻿<xml><article id="2895668" name="PORTARIA Nº 52 SPOA" idOficio="4767295" pubName="DO2" artType="Portaria" pubDate="02/05/2018" artClass="00025:00002:00016:00000:00000:00000:00000:00000:00000:00000:00025:00001" artCategory="Ministério do Meio Ambiente/Secretaria Executiva/Subsecretaria de Planejamento, Orçamento e Administração" artSize="8" artNotes="" numberPage="47" pdfPage="http://pesquisa.in.gov.br/imprensa/jsp/visualiza/index.jsp?data=02/05/2018&amp;jornal=529&amp;pagina=47" editionNumber="83" highlight="" idMateria="10710477">
  <body>
    <Identifica><![CDATA[ PORTARIA Nº 52, DE 25 DE ABRIL DE 2018]]></Identifica>
    <Data><![CDATA[]]></Data>
    <Ementa />
    <Titulo />
    <SubTitulo />
    <Texto><![CDATA[<p class="identifica">PORTARIA Nº 52, DE 25 DE ABRIL DE 2018</p><p>O SUBSECRETÁRIO DE PLANEJAMENTO, ORÇAMENTO E ADMINISTRAÇÃO, no uso da subdelegação de competência conferida pela Portaria no83, de 14 de setembro de 2009, publicada no Diário Oficial da União de 15 seguinte, e tendo em vista os dispositivos constantes na Lei no11.356, de 19 de outubro de 2006, no Decreto no9.058/2017, nas Portarias MP nos85/2009, 529/2012, 252/2017 e 286/2017, nas Portarias STN/MF nos276/2013, 708/2017, 481/2014, 493/2017, na Portaria MJ nº 910/2016, resolve:</p><p>Art. 1oRevogar, a partir de 1º de maio de 2018, a concessão da Gratificação Temporária das Unidades dos Sistemas Estruturadores da Administração Pública Federal - GSISTE dos servidores ocupantes de cargos efetivos, relacionados abaixo, na forma especificada:</p><p>1. Sistema de Pessoal Civil da Administração Pública Federal - SIPEC</p><p>1.1 - NS - Hilton Rodrigo Ferreira Jordão - Analista Ambiental - Matrícula SIAPE nº 1487823.</p><p>1.2 - NI - Sheila Silva Batista Calixto - Agente Administrativo - Matrícula SIAPE nº 6686199.</p><p>1.3 - NI -Jhonatan da Silva Gonçalves - Agente Administrativo - Matrícula SIAPE nº 1719644.</p><p>Art. 2oConceder a Gratificação Temporária das Unidades dos Sistemas Estruturadores da Administração Pública Federal - GSISTE aos servidores ocupantes de cargos efetivos, relacionados abaixo, na forma especificada:</p><p>1. Sistema de Pessoal Civil da Administração Pública Federal - SIPEC</p><p>1.1 - NS - Carolina Juliani de Campos - Analista Ambiental - Matrícula SIAPE nº 1543997.</p><p>1.2 - NI - Alessandra Alves Marinho de Alcântra - Agente Administrativo - Matrícula SIAPE nº 1765308.</p><p>1.3 - NI - Myrce Millene Silva - Agente Administrativo - Matrícula SIAPE nº 1779574.</p><p>Art. 3oCompete à Coordenação-Geral de Gestão de Pessoas adotar os procedimentos necessários à implantação/exclusão da GSISTE, bem como o adequado acompanhamento de sua utilização junto às respectivas áreas de atuação.</p><p>Art. 4oEsta Portaria entra em vigor na data de sua publicação.</p><p class="assina">ROMEU MENDES DO CARMO</p>]]></Texto>
  </body>
</article></xml>