﻿<xml><article id="2901234" name="Portarias SECEX Nº 63" idOficio="4771940" pubName="DO2" artType="Portaria" pubDate="02/05/2018" artClass="00025:00002:00000:00000:00000:00000:00000:00000:00000:00000:00025:00005" artCategory="Ministério do Meio Ambiente/Secretaria Executiva" artSize="8" artNotes="" numberPage="47" pdfPage="http://pesquisa.in.gov.br/imprensa/jsp/visualiza/index.jsp?data=02/05/2018&amp;jornal=529&amp;pagina=47" editionNumber="83" highlight="" idMateria="10717624">
  <body>
    <Identifica><![CDATA[ PORTARIA Nº 63, DE 27 DE ABRIL DE 2018]]></Identifica>
    <Data><![CDATA[]]></Data>
    <Ementa />
    <Titulo />
    <SubTitulo />
    <Texto><![CDATA[<p class="identifica">PORTARIA Nº 63, DE 27 DE ABRIL DE 2018</p><p>O SECRETÁRIO-EXECUTIVO DO MINISTÉRIO DO MEIO AMBIENTE no uso das atribuições que lhe confere o art. 38 da Lei no8.112, de 11 de dezembro de 1990, com a nova redação dada pela Lei no9.527, de 10 de dezembro de 1997, publicada no Diário Oficial da União de 11 de dezembro de 1997, e a Portaria no282, de 20 de agosto de 2009, publicada no D.O.U de 21 seguinte, resolve:</p><p>Designar MARIA DA CONCEIÇÃO BARRETO DE MATOS, matrícula SIAPE nº 0040197, para exercer o encargo de substituta eventual do cargo em comissão de Coordenador-Geral, código DAS 101.4, da Coordenação-Geral de Finanças e Arrecadação, do Instituto Chico Mendes de Conservação da Biodiversidade, durante os afastamentos, impedimentos legais ou regulamentares do titular e na vacância do cargo.</p><p class="assina">EDSON GONÇALVES DUARTE</p>]]></Texto>
  </body>
</article></xml>