﻿<xml><article id="2896557" name="atoPortaria 1.259" idOficio="4771528" pubName="DO2" artType="Portaria" pubDate="02/05/2018" artClass="00011:00026:00000:00000:00000:00000:00000:00000:00000:00000:00025:00001" artCategory="Ministério da Educação/Fundação Universidade Federal do Acre" artSize="8" artNotes="" numberPage="12" pdfPage="http://pesquisa.in.gov.br/imprensa/jsp/visualiza/index.jsp?data=02/05/2018&amp;jornal=529&amp;pagina=12" editionNumber="83" highlight="" idMateria="10716925">
  <body>
    <Identifica><![CDATA[ PORTARIA Nº 1.259, DE 25 DE ABRIL DE 2018]]></Identifica>
    <Data><![CDATA[]]></Data>
    <Ementa />
    <Titulo />
    <SubTitulo />
    <Texto><![CDATA[<p class="identifica">PORTARIA Nº 1.259, DE 25 DE ABRIL DE 2018</p><p>O REITOR EM EXERCÍCIO DA UNIVERSIDADE FEDERAL DO ACRE, no uso de suas atribuições legais, regimentais e estatutárias; de acordo com o Processo Seletivo Simplificado para Professor Substituto, Edital Prograd nº 18/2017, homologado no D.O.U. nº 83, de 03 de maio de 2017; e considerando o que consta no processo 23107.007320/2018-35, resolve:</p><p>CONTRATAR, em caráter temporário, RENIS RAMOS SILVA, na categoria de Professor Substituto do Magistério Superior, Classe A, Denominação Auxiliar, Nível 1, área de Filosofia, para prestar serviço junto ao Centro de Filosofia e Ciências Humanas - CFCH, em regime de 20 (vinte) horas semanais, pelo período de 06 (seis) meses, a contar de 25 de abril de 2018 a 24 de outubro de 2018, com fulcro no art. 37, inciso IX, da Constituição Federal e em conformidade com o art. 2.º, inciso X, da Lei nº 8.745, de 09 de dezembro de 1993, alterada pela de nº 9.849, de 26 de outubro de 1999 e pela de nº 12.425, de 11 de junho de 2011, por meio do Termo de Contrato nº 12/2018.</p><p class="assina">Carlos Paula de Moraes</p>]]></Texto>
  </body>
</article></xml>