﻿<xml><article id="2897728" name="trt234457" idOficio="4771590" pubName="DO2" artType="Portaria" pubDate="02/05/2018" artClass="00038:00063:00000:00000:00000:00000:00000:00000:00000:00000:00025:00001" artCategory="Poder Judiciário/Tribunal Regional do Trabalho da 23ª Região" artSize="8" artNotes="" numberPage="70" pdfPage="http://pesquisa.in.gov.br/imprensa/jsp/visualiza/index.jsp?data=02/05/2018&amp;jornal=529&amp;pagina=70" editionNumber="83" highlight="" idMateria="10717096">
  <body>
    <Identifica><![CDATA[ PORTARIA   Nº 26, de  23 de abril de 2018]]></Identifica>
    <Data><![CDATA[]]></Data>
    <Ementa />
    <Titulo />
    <SubTitulo />
    <Texto><![CDATA[<p></p><p></p><p class="identifica">PORTARIA Nº 26, de 23 de abril de 2018</p><p>A EXCELENTÍSSIMA DESEMBARGADORA-PRESIDENTE DO TRIBUNAL REGIONAL DO TRABALHO DA 23ª REGIÃO, Dra. ELINEY BEZERRA VELOSO, no uso de suas atribuições contidas no Regimento Interno; Considerando o disposto no artigo 20 da Lei n. 11.416/2006 c/c o disposto na Resolução CSJT nº 110/2012; Considerando os termos do documento n. 92 do Proad n. 9070/2017; resolve:</p><p>I - Tornar sem efeito a Portaria TRT/SGH/DG/GP n. 025/2018;</p><p>II - Remover, a pedido, o servidor GILVAN GALVÃO DA SILVA, Técnico Judiciário, Área Administrativa, Especialidade Segurança, matrícula n. 308.23.217, do Quadro Permanente de Pessoal deste Tribunal, mediante permuta, com o servidor RICARDO PEIXOTO REMÉDIOS, Técnico Judiciário, Área Administrativa, Sem Especialidade, do Quadro Permanente de Pessoal do Tribunal Regional do Trabalho da 11ª Região, a partir de 02/maio/2018;</p><p>III - Conceder ao servidor GILVAN GALVÃO DA SILVA o prazo de 10 (dez) dias de trânsito, no período de 02.05 a 11.05.2018.</p><p class="assina">Des. ELINEY BEZERRA VELOSO</p>]]></Texto>
  </body>
</article></xml>