﻿<xml><article id="2898440" name="PTS90E91NITEROI" idOficio="4771703" pubName="DO2" artType="Portaria" pubDate="02/05/2018" artClass="00022:00029:00240:00017:00022:00000:00000:00000:00000:00000:00025:00011" artCategory="Ministério do Desenvolvimento Social/Instituto Nacional do Seguro Social/Superintendência Regional Sudeste II em Belo Horizonte/Gerência Executiva - B - Niterói/Seção Operacional de Gestão de Pessoas" artSize="8" artNotes="" numberPage="45" pdfPage="http://pesquisa.in.gov.br/imprensa/jsp/visualiza/index.jsp?data=02/05/2018&amp;jornal=529&amp;pagina=45" editionNumber="83" highlight="" idMateria="10717277">
  <body>
    <Identifica><![CDATA[ Portarias de 30 de abril de 2018]]></Identifica>
    <Data><![CDATA[]]></Data>
    <Ementa />
    <Titulo />
    <SubTitulo />
    <Texto><![CDATA[<p class="identifica">Portarias de 30 de abril de 2018</p><p>A CHEFIA DA SEÇÃO OPERACIONAL DA GESTÃO DE PESSOAS DA GERÊNCIA-EXECUTIVA DO INSTITUTO NACIONAL DO SEGURO SOCIAL (INSS) NITERÓI, no uso das atribuições que lhe confere o art. 235, I, "b" da Portaria /MDS nº 414, de 28 de setembro de 2017, publicada no Diário Oficial da União nº 188, de 29 de setembro de 2017, que aprova o Regimento Interno do INSS, resolve:</p><p>Nº 90 Conceder aposentadoria voluntária integral à servidora RAQUEL DE MATTOS PEREIRA, matrícula nº 0922510, ocupante do cargo de Técnico do Seguro Social, código 434550, Classe S, Padrão IV, do quadro de pessoal do INSS, com fundamento no artigo 3º da Emenda Constitucional nº 47, de 05 de julho de 2005, observado o contido no Processo nº 35318.000171/2018-87 , declarando, em consequência, o referido cargo vago.</p><p>Nº 91 Conceder aposentadoria voluntária integral à servidora MARCIA LIMA FALCÃO, matrícula nº 0921961, ocupante do cargo de Técnico do Seguro Social, código 434550, Classe S, Padrão IV, do quadro de pessoal do INSS, com fundamento no artigo 3º da Emenda Constitucional nº 47, de 05 de julho de 2005, observado o contido no Processo nº 35318.000385/2018-53, declarando, em consequência, o referido cargo vago.</p><p class="assina">FERNANDA REGINA SANTOS MATEUS CAMPOS LEITE</p>]]></Texto>
  </body>
</article></xml>