﻿<xml><article id="2901366" name="PORTARIA Nº 141 E 143, DE 24 E 2" idOficio="4771949" pubName="DO2" artType="Portaria" pubDate="02/05/2018" artClass="00032:00007:00000:00000:00000:00000:00000:00000:00000:00000:00025:00001" artCategory="Ministério Extraordinário da Segurança Pública/Departamento de Polícia Rodoviária Federal" artSize="8" artNotes="" numberPage="55" pdfPage="http://pesquisa.in.gov.br/imprensa/jsp/visualiza/index.jsp?data=02/05/2018&amp;jornal=529&amp;pagina=55" editionNumber="83" highlight="" idMateria="10717660">
  <body>
    <Identifica><![CDATA[ PORTARIA Nº 141, DE 24 DE ABRIL DE 2018]]></Identifica>
    <Data><![CDATA[]]></Data>
    <Ementa />
    <Titulo />
    <SubTitulo />
    <Texto><![CDATA[<p class="identifica">PORTARIA Nº 141, DE 24 DE ABRIL DE 2018</p><p>O DIRETOR-GERAL DA POLÍCIA RODOVIÁRIA FEDERAL, no uso da competência que lhe foi atribuída pela Portaria nº 22, de 9 de março de 2018, da Secretaria Executiva do Ministério Extraordinário da Segurança Pública, publicada no Diário Oficial da União nº 49, de 13 de março de 2018, resolve:</p><p>Art. 1º Dispensar ANA CAROLINA TENÓRIO CORREIA ALVES MONTEIRO, matrícula 2227931, Policial Rodoviário Federal do quadro permanente deste Departamento, do encargo de Substituto do Chefe da Divisão de Cadastro, código FCPE 101.2, da Coordenação de Gestão Estratégica, da Coordenação-Geral de Recursos Humanos.</p><p>Art. 2º Esta Portaria entra em vigor na data de sua publicação.</p><p class="assina">RENATO ANTÔNIO BORGES DIAS</p><p class="identifica">PORTARIA Nº 143, DE 25 DE ABRIL DE 2018</p><p>O DIRETOR-GERAL DA POLÍCIA RODOVIÁRIA FEDERAL, no uso da competência que lhe foi atribuída pela Portaria nº 22, de 9 de março de 2018, da Secretaria Executiva do Ministério Extraordinário da Segurança Pública, publicada no Diário Oficial da União nº 49, de 13 de março de 2018, resolve:</p><p>Art. 1º Designar AGNALDO LEMES DE RESENDE, matrícula 1396105, Policial Rodoviário Federal do quadro permanente deste Departamento, para exercer o encargo de Substituto do Chefe da Divisão de Cadastro, código FCPE 101.2, da Coordenação de Gestão Estratégica, da Coordenação-Geral de Recursos Humanos, em seus afastamentos e impedimentos legais ou regulamentares e na vacância do cargo.</p><p>Art. 2º Esta Portaria entra em vigor na data de sua publicação.</p><p class="assina">RENATO ANTÔNIO BORGES DIAS</p>]]></Texto>
  </body>
</article></xml>