﻿<xml><article id="2900852" name="DOU 2-SGMPF-PT-262-UNI-221524_te" idOficio="4771879" pubName="DO2" artType="Portaria" pubDate="02/05/2018" artClass="00034:00007:00003:00000:00000:00000:00000:00000:00000:00000:00025:00012" artCategory="Ministério Público da União/Ministério Público Federal/Secretaria-Geral" artSize="8" artNotes="" numberPage="56" pdfPage="http://pesquisa.in.gov.br/imprensa/jsp/visualiza/index.jsp?data=02/05/2018&amp;jornal=529&amp;pagina=56" editionNumber="83" highlight="" idMateria="10717560">
  <body>
    <Identifica><![CDATA[ PORTARIA Nº 262, DE 26 DE ABRIL DE 2018]]></Identifica>
    <Data><![CDATA[]]></Data>
    <Ementa />
    <Titulo />
    <SubTitulo />
    <Texto><![CDATA[<p class="identifica">PORTARIA Nº 262, DE 26 DE ABRIL DE 2018</p><p>O SECRETÁRIO-GERAL DO MINISTÉRIO PÚBLICO FEDERAL, no uso das atribuições que lhe confere o artigo 6º - inciso II do Regimento Interno Administrativo do Ministério Público Federal, aprovado pela Portaria SG/MPF n.º 382, de 05/05/2015, e de acordo com a Ação Ordinária nº 1001122-82.2018.4.01.3800 da 7º Vara Federal da Seção Judiciária de Minas Gerais, e com o que consta do Processo Administrativo MPF/PGR nº 08100.001498/93-75, resolve:</p><p>I - SUSPENDER os efeitos da Portaria SG/MPF nº 585, de 14/6/2017, publicada no DOU de 16/6/2017, para RESTABELECER, a contar de 26/3/2018, data da ciência deste órgão, o pagamento do benefício pensional decorrente do artigo 5º, parágrafo único, da Lei nº 3.373/1958, concedido a SILVIA MARA RODRIGUES LIMA, matrícula 90950703.</p><p>II - ALTERAR as cotas-partes que fazem jus as beneficiárias Silvana Maria Rodrigues Lima, matrícula 90950701, e Soraya Cristina Rodrigues Lima, matrícula 90950702, a contar de 26/3/2018, em razão do restabelecimento do pagamento do benefício pensional de SILVIA MARA RODRIGUES LIMA, cabendo a cada uma a cota-parte correspondente a 1/3 (um terço), dos proventos a que fazia jus a ex-servidora Maria da Aparecida Lima, matrícula 9507.</p><p class="assina">ALEXANDRE CAMANHO DE ASSIS</p>]]></Texto>
  </body>
</article></xml>