﻿<xml><article id="2900029" name="PORTARIA SE Nº 278" idOficio="4771740" pubName="DO2" artType="Portaria" pubDate="02/05/2018" artClass="00026:00002:00000:00000:00000:00000:00000:00000:00000:00000:00000:00004" artCategory="Ministério do Planejamento, Desenvolvimento e Gestão/Secretaria Executiva" artSize="8" artNotes="" numberPage="49" pdfPage="http://pesquisa.in.gov.br/imprensa/jsp/visualiza/index.jsp?data=02/05/2018&amp;jornal=529&amp;pagina=49" editionNumber="83" highlight="" idMateria="10717369">
  <body>
    <Identifica><![CDATA[ PORTARIA  Nº 278, DE 27 DE ABRIL DE 2018]]></Identifica>
    <Data><![CDATA[]]></Data>
    <Ementa />
    <Titulo />
    <SubTitulo />
    <Texto><![CDATA[<p class="identifica">PORTARIA Nº 278, DE 27 DE ABRIL DE 2018</p><p>O SECRETÁRIO-EXECUTIVO SUBSTITUTO DO MINISTÉRIO DO PLANEJAMENTO, DESENVOLVIMENTO E GESTÃO, no uso da competência que lhe foi delegada pela Portaria GM/MP nº 381, de 16 de novembro de 2017, publicada no Diário Oficial da União - DOU de 17 de novembro de 2017, e considerando o disposto no inciso II do art. 93 da Lei nº 8.112, de 11 de dezembro de 1990, com redação dada pelo art. 22 da Lei nº 8.270, de 17 de dezembro de 1991, pelo Decreto nº 9.144, de 22 de agosto de 2017, Portaria GM/MP nº 342, de 31 de outubro de 2017, Lei nº 6.999, de 7 de junho de 1982, combinada com a Lei nº 13.328, de 29 de julho de 2016, Orientação Normativa SEGEP/MP nº 4, publicada no DOU de 15 de junho de 2015, e demais informações que constam do Processo nº 03601.001153/2015-88, resolve:</p><p>Art. 1º - Autorizar, até 15 de abril de 2019, a requisição do servidor CARLOS ROBERTO HONORATO DE MELO, Matrícula SIAPE nº 763735, Técnico em Informações Geográficas e Estatísticas, pertencente ao Quadro de Pessoal da Fundação Instituto Brasileiro de Geografia e Estatística - IBGE, para o Tribunal Regional Eleitoral do Rio de Janeiro.</p><p>Art.2º - O ônus pela remuneração é do órgão requisitado.</p><p>Art.3º - O servidor deverá apresentar-se imediatamente ao órgão de origem, ao término da requisição, observado o disposto nos arts. 4º e 6º da Orientação Normativa SEGEP/MP nº 4, de 2015.</p><p>Art.4º - Esta Portaria entra em vigor na data da sua publicação.</p><p class="assina">WALTER BAERE DE ARAUJO FILHO</p>]]></Texto>
  </body>
</article></xml>