﻿<xml><article id="2902967" name="DOU 2-SGMPF-PT-269-UNI-221649_Gu" idOficio="4772087" pubName="DO2" artType="Portaria" pubDate="02/05/2018" artClass="00034:00007:00003:00000:00000:00000:00000:00000:00000:00000:00025:00013" artCategory="Ministério Público da União/Ministério Público Federal/Secretaria-Geral" artSize="8" artNotes="" numberPage="57" pdfPage="http://pesquisa.in.gov.br/imprensa/jsp/visualiza/index.jsp?data=02/05/2018&amp;jornal=529&amp;pagina=57" editionNumber="83" highlight="" idMateria="10718008">
  <body>
    <Identifica><![CDATA[ PORTARIA Nº 269, DE 27 DE ABRIL DE 2018]]></Identifica>
    <Data><![CDATA[]]></Data>
    <Ementa />
    <Titulo />
    <SubTitulo />
    <Texto><![CDATA[<p class="identifica">PORTARIA Nº 269, DE 27 DE ABRIL DE 2018</p><p>O SECRETÁRIO-GERAL DO MINISTÉRIO PÚBLICO FEDERAL, no uso das atribuições que lhe foram conferidas pelo artigo 6º - incisos II e XXXII do Regimento Interno Administrativo do MPF, aprovado pela Portaria SG/MPF nº 382, de 05/05/2015, considerando o disposto no artigo 24 da Lei nº 8.112, de 11/12/1990 e na Ata Médica nº 48, de 28/02/2018, emitida pela Junta Médica Oficial do MPF/PGR, e, ainda, o teor das informações que constam no PGEA nº 1.00.000.004443/2018-51, resolve:</p><p>Art. 1º Readaptar o servidor GILMAR INÁCIO KERKHOFF, matrícula nº 3119-4, no cargo de Técnico do MPU/Administração, Código TC-020101, Classe C, Padrão 13, da Carreira de Técnico do Ministério Público da União, em conformidade com o parecer exarado pela Junta Médica Oficial do MPF/PGR, e, em consequência, declarar vago, a contar desta data, o cargo de Técnico do MPU/Apoio Técnico-Administrativo/Segurança Institucional e Transporte, Código TC-010108, anteriormente ocupado pelo aludido servidor.</p><p>Art. 2º Esta portaria entra em vigor na data de sua publicação.</p><p class="assina">ALEXANDRE CAMANHO DE ASSIS</p>]]></Texto>
  </body>
</article></xml>