﻿<xml><article id="2906480" name="PORTARIA Nº 97.875" idOficio="4772229" pubName="DO2" artType="Portaria" pubDate="02/05/2018" artClass="00012:00005:00017:00000:00000:00000:00000:00000:00000:00000:00025:00001" artCategory="Ministério da Fazenda/Banco Central do Brasil/Àrea de Regulação" artSize="8" artNotes="" numberPage="28" pdfPage="http://pesquisa.in.gov.br/imprensa/jsp/visualiza/index.jsp?data=02/05/2018&amp;jornal=529&amp;pagina=28" editionNumber="83" highlight="" idMateria="10718186">
  <body>
    <Identifica><![CDATA[ PORTARIA Nº 97.875, DE 30 DE ABRIL DE 2018]]></Identifica>
    <Data><![CDATA[]]></Data>
    <Ementa />
    <Titulo />
    <SubTitulo />
    <Texto><![CDATA[<p></p><p class="identifica">PORTARIA Nº 97.875, DE 30 DE ABRIL DE 2018</p><p>O Diretor de Regulação do Banco Central do Brasil, no uso da atribuição que lhe confere o art. 13, inciso VI, alínea "a", do Regimento Interno do Banco Central do Brasil, anexo à Portaria nº 84.287, de 27 de fevereiro de 2015, resolve:</p><p>Art. 1º Fica designada a servidora SILVIA MARQUES DE BRITO E SILVA, matrícula 9.159.430-8, para exercer a função comissionada de Chefe de Unidade, sigla FDE-1, na Secre/Dinor, ficando dispensada da função comissionada que atualmente exerce a partir do exercício na nova função.</p><p>Art. 2º Fica designado o servidor JOÃO ANDRE CALVINO MARQUES PEREIRA, matrícula 4.731.818-X, para exercer a função comissionada de Chefe de Unidade, sigla FDE-1, no Departamento de Regulação do Sistema Financeiro (Denor), ficando dispensado da função comissionada que atualmente exerce a partir do exercício na nova função.</p><p>Art. 3º Esta Portaria entra em vigor na data de sua publicação.</p><p class="assina">OTÁVIO RIBEIRO DAMASO</p>]]></Texto>
  </body>
</article></xml>