﻿<xml><article id="2906609" name="ATO PORTARIA Nº 146" idOficio="4772234" pubName="DO2" artType="Portaria" pubDate="02/05/2018" artClass="00009:00002:00000:00000:00000:00000:00000:00000:00000:00000:00025:00001" artCategory="Ministério da Cultura/Secretaria Executiva" artSize="8" artNotes="" numberPage="6" pdfPage="http://pesquisa.in.gov.br/imprensa/jsp/visualiza/index.jsp?data=02/05/2018&amp;jornal=529&amp;pagina=6" editionNumber="83" highlight="" idMateria="10718678">
  <body>
    <Identifica><![CDATA[ PORTARIA Nº 146, DE 26 DE ABRIL DE 2018]]></Identifica>
    <Data><![CDATA[]]></Data>
    <Ementa />
    <Titulo />
    <SubTitulo />
    <Texto><![CDATA[<p class="identifica">PORTARIA Nº 146, DE 26 DE ABRIL DE 2018</p><p>A SECRETÁRIA-EXECUTIVA DO MINISTÉRIO DA CULTURA, no uso da competência que lhe foi delegada pela Portaria MinC nº 46, de 11 de abril de 2018, e tendo em vista o Decreto nº 8.837, de 17 de agosto de 2016, resolve:</p><p>Dispensar, a pedido, MARIA IVETE GONÇALVES MONTEIRO RODRIGUES, do encargo de substituta da Função Comissionada do Poder Executivo de Coordenador, UORG 947, código FCPE 101.3, da Coordenação-Geral do Sistema Nacional de Bibliotecas Públicas, do Departamento de Livro, Leitura, Literatura e Bibliotecas, da Secretaria da Cidadania e da Diversidade Cultural, a contar de 16 de março de 2018.</p><p class="assina">MARIANA RIBAS DA SILVA</p>]]></Texto>
  </body>
</article></xml>