﻿<xml><article id="2896101" name="DR2704-18" idOficio="4771284" pubName="DO2" artType="Despacho" pubDate="02/05/2018" artClass="00011:00040:00001:00001:00000:00000:00000:00000:00000:00000:00019:00001" artCategory="Ministério da Educação/Fundação Universidade Federal de São Carlos/Reitoria/Gabinete da Reitoria" artSize="8" artNotes="" numberPage="15" pdfPage="http://pesquisa.in.gov.br/imprensa/jsp/visualiza/index.jsp?data=02/05/2018&amp;jornal=529&amp;pagina=15" editionNumber="83" highlight="" idMateria="10716533">
  <body>
    <Identifica><![CDATA[ Despacho de 27 de abril de 2018]]></Identifica>
    <Data><![CDATA[]]></Data>
    <Ementa />
    <Titulo />
    <SubTitulo />
    <Texto><![CDATA[<p class="identifica">Despacho de 27 de abril de 2018</p><p>A Reitora da Universidade Federal de São Carlos, no uso da competência que lhe foi subdelegada pela Portaria nº 404/MEC, de 23 de abril de 2009, AUTORIZA o afastamento do país da servidora MARIA WALBURGA DOS SANTOS, ocupante do cargo de Professor Adjunto, lotada no Departamento de Ciências Humanas e Educação/CCHB desta IFES, no período de 04/05/2018 a 13/05/2018, para participar do "XVI Congreso Centroamericano de Sociologia - AVAS/2018", em Antigua Guatemala, Guatemala, com ônus limitado (Processo nº 23112.001265/2018-09).</p><p class="assina">Wanda Aparecida Machado Hoffmann</p>]]></Texto>
  </body>
</article></xml>