﻿<xml><article id="2903078" name="PORTARIA 47" idOficio="4772094" pubName="DO2" artType="Portaria" pubDate="02/05/2018" artClass="00012:00002:00012:00030:00000:00000:00000:00000:00000:00000:00025:00001" artCategory="Ministério da Fazenda/Secretaria Executiva/Subsecretaria de Planejamento, Orçamento e Administração/Superintendência de Administração no Rio Grande do Norte" artSize="8" artNotes="" numberPage="27" pdfPage="http://pesquisa.in.gov.br/imprensa/jsp/visualiza/index.jsp?data=02/05/2018&amp;jornal=529&amp;pagina=27" editionNumber="83" highlight="" idMateria="10718026">
  <body>
    <Identifica><![CDATA[ PORTARIA Nº 47, de 30 de abril de 2018]]></Identifica>
    <Data><![CDATA[]]></Data>
    <Ementa />
    <Titulo />
    <SubTitulo />
    <Texto><![CDATA[<p class="identifica">PORTARIA Nº 47, de 30 de abril de 2018</p><p>A SUPERINTENDENTE DE ADMINISTRAÇÃO DO MINISTÉRIO DA FAZENDA NO ESTADO DO RIO GRANDE DO NORTE, no uso da competência que lhe foi atribuída pela Portaria nº 144, de 27/04/2016, do Ministro de Estado da Fazenda, delegação de competência conferida pela Portaria SRF nº 1.671, de 16/06/2005 e tendo em vista o Processo nº 16707.000013/2014-75, resolve:</p><p>Conceder aposentadoria voluntária, com proventos integrais, ao servidor CARLOS ROBERTO REINERT DE LIMA, ocupante do cargo de Auditor Fiscal da Receita Federal do Brasil, código 236010, Classe S, Padrão III, Matrícula SIAPE nº 134145, do quadro de pessoal do Ministério da Fazenda, com fundamento no Artigo 3º, Incisos I, II e III, § único, da EC nº 47/2005 c/c o Artigo 7 º, da EC nº 41/2003.</p><p></p><p class="assina">JOSÉLIA CAVALCANTI DAS NEVES</p><p></p>]]></Texto>
  </body>
</article></xml>