﻿<xml><article id="2900746" name="PT69RECIFE" idOficio="4771873" pubName="DO2" artType="Portaria" pubDate="02/05/2018" artClass="00022:00029:00237:00009:00003:00001:00000:00000:00000:00000:00025:00002" artCategory="Ministério do Desenvolvimento Social/Instituto Nacional do Seguro Social/Superintendência Regional Nordeste em Recife/Gerência Executiva - A - em Recife/Serviço de Gestão de Pessoas/Seção Operacional  de Gestão de Pessoas" artSize="8" artNotes="" numberPage="41" pdfPage="http://pesquisa.in.gov.br/imprensa/jsp/visualiza/index.jsp?data=02/05/2018&amp;jornal=529&amp;pagina=41" editionNumber="83" highlight="" idMateria="10717526">
  <body>
    <Identifica><![CDATA[ PORTARIA Nº 69, DE 25 DE ABRIL DE 2018]]></Identifica>
    <Data><![CDATA[]]></Data>
    <Ementa />
    <Titulo />
    <SubTitulo />
    <Texto><![CDATA[<p class="identifica">PORTARIA Nº 69, DE 25 DE ABRIL DE 2018</p><p>O CHEFE DA SEÇÃO OPERACIONAL DA GESTÃO DE PESSOAS DA GERÊNCIA EXECUTIVA DO INSS EM RECIFE NO ESTADO DE PERNAMBUCO, no uso das atribuições estabelecidas no Inciso I do Artigo 235 do Regimento Interno, aprovada pela PT/MDS/SE nº 414, de 28.09.2017, publicada no Diário Oficial da União nº 188-A, de 29.09.2017, e tendo em vista o que consta do Processo nº 35204.002276/2018-58, resolve:</p><p>Conceder aposentadoria ao servidor CARLOS ALBERTO DOS SANTOS MELO, mat. Siape nº 0.902.904, ocupante do cargo de Técnico do ,Seguro Social, Classe "S", Padrão IV, do quadro de pessoal do INSS, com fundamentação no Artigo 3º da Emenda Constitucional nº 47, de 2005. Declarar vago, em consequência, o cargo acima citado.</p><p class="assina">FÁBIO HENRIQUE LIMA DE SIQUEIRA</p>]]></Texto>
  </body>
</article></xml>