﻿<xml><article id="2895572" name="imp166 - Portaria 424- Nomeação " idOficio="4770057" pubName="DO2" artType="Portaria" pubDate="02/05/2018" artClass="00011:00059:00000:00000:00000:00000:00000:00000:00000:00000:00025:00001" artCategory="Ministério da Educação/Instituto Federal de Educação, Ciência e Tecnologia Catarinense" artSize="8" artNotes="" numberPage="17" pdfPage="http://pesquisa.in.gov.br/imprensa/jsp/visualiza/index.jsp?data=02/05/2018&amp;jornal=529&amp;pagina=17" editionNumber="83" highlight="" idMateria="10713819">
  <body>
    <Identifica><![CDATA[  PORTARIA  Nº 424, DE 27 DE ABRIL DE 2018]]></Identifica>
    <Data><![CDATA[]]></Data>
    <Ementa />
    <Titulo />
    <SubTitulo />
    <Texto><![CDATA[<p class="identifica">PORTARIA Nº 424, DE 27 DE ABRIL DE 2018</p><p>A REITORA DO INSTITUTO FEDERAL CATARINENSE, no uso da competência que lhe foi subdelegada pelo Decreto não numerado de 12/01/2016, publicado no Diário Oficial da União, seção 2, pág. 01, em 13/01/2016, considerando o que consta no Memorando nº 85/2018-REIT/ ADM (11.01.18), resolve:</p><p>Art. 1º - Nomear, o servidor CLADECIR ALBERTO SCHENKEL, ocupante do cargo de Professor do Ensino Básico Técnico e Tecnológico, matrícula SIAPE 2095330, para exercer o Cargo de REITOR SUBSTITUTO do Instituto Federal Catarinense, código CD-01, no período de 02/05/2018 a 04/05/2018.</p><p>Art. 2º - Esta Portaria entra em vigor na data de sua publicação.</p><p class="assina">SÔNIA REGINA DE SOUZA FERNANDES</p>]]></Texto>
  </body>
</article></xml>