﻿<xml><article id="2968767" name="PT275_18" idOficio="4770197" pubName="DO2" artType="Portaria" pubDate="07/05/2018" artClass="00017:00026:00024:00000:00000:00000:00000:00000:00000:00000:00025:00001" artCategory="Ministério da Saúde/Secretaria de Atenção à Saúde/Instituto Nacional de Câncer José Alencar Gomes da Silva" artSize="8" artNotes="" numberPage="54" pdfPage="http://pesquisa.in.gov.br/imprensa/jsp/visualiza/index.jsp?data=07/05/2018&amp;jornal=529&amp;pagina=54" editionNumber="86" highlight="" idMateria="10714026">
  <body>
    <Identifica><![CDATA[ PORTARIA  Nº 275, DE 26 DE ABRIL DE 2018 ]]></Identifica>
    <Data><![CDATA[]]></Data>
    <Ementa />
    <Titulo />
    <SubTitulo />
    <Texto><![CDATA[<p class="identifica">PORTARIA Nº 275, DE 26 DE ABRIL DE 2018</p><p>A Diretora-Geral do Instituto Nacional de Câncer José Alencar Gomes da Silva, no uso de suas atribuições subdelegadas pela Portaria CGRH/SAA/SE/MS nº 1.041, de 30/10/2009, publicada no DOU nº 209, de 03/11/2009, resolve:</p><p>Conceder aposentadoria voluntária, com proventos integrais, a ROSA CHRISTINA RULFF VARGAS, matrícula SIAPE nº 240962, ocupante do cargo de Tecnologista, NS, classe H, padrão III, do quadro de pessoal do Ministério da Saúde, com fundamento no art. 3º da Emenda Constitucional nº 47/2005 (Processo nº 25410.004499/2018-61).</p><p class="assina">ANA CRISTINA PINHO MENDES PEREIRA</p>]]></Texto>
  </body>
</article></xml>