﻿<xml><article id="2896137" name="ATO PORTARIA Nº 4243" idOficio="4771037" pubName="DO2" artType="Portaria" pubDate="02/05/2018" artClass="00026:00033:00000:00000:00000:00000:00000:00000:00000:00000:00025:00001" artCategory="Ministério do Planejamento, Desenvolvimento e Gestão/Secretaria de Gestão" artSize="8" artNotes="" numberPage="50" pdfPage="http://pesquisa.in.gov.br/imprensa/jsp/visualiza/index.jsp?data=02/05/2018&amp;jornal=529&amp;pagina=50" editionNumber="83" highlight="" idMateria="10716144">
  <body>
    <Identifica><![CDATA[ PORTARIA Nº 4.243, DE 26 DE ABRIL DE 2018]]></Identifica>
    <Data><![CDATA[]]></Data>
    <Ementa />
    <Titulo />
    <SubTitulo />
    <Texto><![CDATA[<p class="identifica">PORTARIA Nº 4.243, DE 26 DE ABRIL DE 2018</p><p>A SECRETÁRIA-ADJUNTA DE GESTÃO DO MINISTÉRIO DO PLANEJAMENTO, DESENVOLVIMENTO E GESTÃO, no uso da competência delegada pela Portaria SEGES nº 2.091, de 1º de março de 2018 considerando o disposto no art. 93 da Lei nº 8.112, de 11 de dezembro de 1990, com a redação conferida pelo art. 22 da Lei 8.270, de 17 de dezembro de 1991, regulamentado pelo Decreto nº 9.144, de 22 de agosto de 2017, e pela Orientação Normativa SEGEP/MP nº 4 de 12 de junho de 2015, e, ainda, o disposto no art. 18 da Lei nº 11.890, de 24 de dezembro de 2008, e demais informações que constam do Processo nº 05110.005239/2017-07, resolve:</p><p>Art. 1º Ceder a servidora AMARÍLIS BUSCH TAVARES, matrícula SIAPE nº 1765592, pertencente ao Quadro de Pessoal deste Ministério, para exercício de cargo em comissão junto ao Ministério dos Direitos Humanos.</p><p>Art. 2º O ônus pela remuneração é do órgão cedente.</p><p>Art. 3º O servidor deverá apresentar-se imediatamente ao órgão cedente ao término da cessão, observando o disposto nos arts. 4º e 6º da Orientação Normativa SEGEP/MP nº 4 de 12 de junho de 2015.</p><p>Art. 4º Esta Portaria entra em vigor na data da sua publicação.</p><p class="assina">ALINE RIBEIRO DANTAS DE TEIXEIRA SOARES</p>]]></Texto>
  </body>
</article></xml>