﻿<xml><article id="2896167" name="Port. APO - 2579" idOficio="4770602" pubName="DO2" artType="Portaria" pubDate="02/05/2018" artClass="00011:00119:00001:00001:00000:00000:00000:00000:00000:00000:00025:00001" artCategory="Ministério da Educação/Universidade Federal de Minas Gerais/Reitoria/Gabinete" artSize="8" artNotes="" numberPage="23" pdfPage="http://pesquisa.in.gov.br/imprensa/jsp/visualiza/index.jsp?data=02/05/2018&amp;jornal=529&amp;pagina=23" editionNumber="83" highlight="" idMateria="10714704">
  <body>
    <Identifica><![CDATA[ PORTARIA Nº 2.579, DE 9 DE ABRIL DE 2018]]></Identifica>
    <Data><![CDATA[]]></Data>
    <Ementa />
    <Titulo />
    <SubTitulo />
    <Texto><![CDATA[<p class="identifica">PORTARIA Nº 2.579, DE 9 DE ABRIL DE 2018</p><p>A Reitora da Universidade Federal de Minas Gerais, no uso de suas atribuições, resolve:</p><p>Nos termos do Art. 40, III, "b", redação original da CF/88, combinado com o Art. 192, inciso I, da Lei Nº 8.112/1990, aposentar VILMA LÚCIA LOPES PINTO BIANCHINI, inscrição UFMG nº 085272, matrícula SIAPE nº 0321706, ocupante do cargo Professor Assistente, Nível 02, lotada no Instituto de Ciências Biológicas, com proventos integrais, por ter provado contar 46 (quarenta e seis) anos de contribuição.</p><p class="assina">SANDRA REGINA GOULART ALMEIDA</p>]]></Texto>
  </body>
</article></xml>