﻿<xml><article id="2903553" name="Portaria 162-18 prorrogação cess" idOficio="4772180" pubName="DO2" artType="Portaria" pubDate="02/05/2018" artClass="00038:00013:00001:00000:00000:00000:00000:00000:00000:00000:00025:00001" artCategory="Poder Judiciário/Tribunal Regional Eleitoral de Alagoas/Presidência" artSize="8" artNotes="" numberPage="64" pdfPage="http://pesquisa.in.gov.br/imprensa/jsp/visualiza/index.jsp?data=02/05/2018&amp;jornal=529&amp;pagina=64" editionNumber="83" highlight="" idMateria="10718123">
  <body>
    <Identifica><![CDATA[ PORTARIA  Nº 162,  de 23 de abril de 2018]]></Identifica>
    <Data><![CDATA[]]></Data>
    <Ementa />
    <Titulo />
    <SubTitulo />
    <Texto><![CDATA[<p></p><p class="identifica">PORTARIA Nº 162, de 23 de abril de 2018</p><p>O DESEMBARGADOR PRESIDENTE DO TRIBUNAL REGIONAL ELEITORAL, no uso de suas atribuições legais e regimentais e tendo em vista o que preconiza o artigo 93, inciso I da Lei nº 8.112/90, com redação determinada pela Lei nº 8.270/91, e, ainda, o art. 19, § 1º do Decreto nº 9.144, de 22 de agosto de 2017, nos termos do Procedimento Administrativo nº 0011767-38.2017.6.02.8000, resolve:</p><p>Art. 1º. PRORROGAR, por tempo indeterminado, a cessão do servidor JOSÉ EXPEDITO BRAGA LIMA JÚNIOR, Técnico Judiciário, da Área Administrativa do Quadro Permanente deste Órgão, ao Tribunal Regional Federal da 5ª Região - Recife/PE, para exercer o Cargo em Comissão de Assessor Judiciário, Código CJ-2, do Gabinete do Desembargador Federal Paulo Roberto de Oliveira Lima, sem prejuízo dos vencimentos e vantagens inerentes ao seu Cargo Efetivo.</p><p>Art. 2º. Esta Portaria entra em vigor na data de sua publicação.</p><p></p><p class="assina">Des. JOSÉ CARLOS MALTA MARQUES</p><p></p>]]></Texto>
  </body>
</article></xml>