﻿<xml><article id="2902312" name="PORT324-2018" idOficio="4772047" pubName="DO2" artType="Portaria" pubDate="02/05/2018" artClass="00011:00060:00001:00000:00000:00000:00000:00000:00000:00000:00025:00001" artCategory="Ministério da Educação/Instituto Federal de Educação, Ciência e Tecnologia do Ceará/Reitoria" artSize="8" artNotes="" numberPage="18" pdfPage="http://pesquisa.in.gov.br/imprensa/jsp/visualiza/index.jsp?data=02/05/2018&amp;jornal=529&amp;pagina=18" editionNumber="83" highlight="" idMateria="10717846">
  <body>
    <Identifica><![CDATA[ PORTARIA Nº 324, DE 27 DE ABRIL DE 2018]]></Identifica>
    <Data><![CDATA[]]></Data>
    <Ementa />
    <Titulo />
    <SubTitulo />
    <Texto><![CDATA[<p class="identifica">PORTARIA Nº 324, DE 27 DE ABRIL DE 2018</p><p>O REITOR DO INSTITUTO FEDERAL DE EDUCAÇÃO, CIÊNCIA E TECNOLOGIA DO CEARÁ, no uso das atribuições legais e estatutárias, CONSIDERANDO o constante dos autos do processo nº 23255.003320/2018-62, resolve:</p><p>Art.1º - Nomear FRANCISCO EBISON SOUTO CANUTO, Matrícula SIAPE nº 2748503, Administrador, pertencente ao Quadro Permanente deste Instituto Federal, para exercer o cargo de direção, como titular do Departamento de Administração e Planejamento do campus Horizonte, Código CD-04.</p><p>Art. 2º - Estabelecer que a presente portaria entre em vigor na data de sua publicação no Diário Oficial da União.</p><p class="assina">Virgílio Augusto Sales Araripe</p>]]></Texto>
  </body>
</article></xml>