﻿<xml><article id="2902949" name="DOU 2-SGMPF-PT-268-UNI-221629_Yu" idOficio="4772087" pubName="DO2" artType="Portaria" pubDate="02/05/2018" artClass="00034:00007:00003:00000:00000:00000:00000:00000:00000:00000:00025:00012" artCategory="Ministério Público da União/Ministério Público Federal/Secretaria-Geral" artSize="8" artNotes="" numberPage="56" pdfPage="http://pesquisa.in.gov.br/imprensa/jsp/visualiza/index.jsp?data=02/05/2018&amp;jornal=529&amp;pagina=56" editionNumber="83" highlight="" idMateria="10718007">
  <body>
    <Identifica><![CDATA[ PORTARIA Nº 268, DE 26 DE ABRIL DE 2018]]></Identifica>
    <Data><![CDATA[]]></Data>
    <Ementa />
    <Titulo />
    <SubTitulo />
    <Texto><![CDATA[<p class="identifica">PORTARIA Nº 268, DE 26 DE ABRIL DE 2018</p><p>O SECRETÁRIO-GERAL DO MINISTÉRIO PÚBLICO FEDERAL, no uso da competência que lhe foi atribuída pelo artigo 6º - inciso XXXII da Portaria PGR/MPF nº 382, de 5 de maio de 2015, e tendo em vista o disposto nos artigos 35 - inciso I, e 62 da Lei nº 8.112, de 11 de dezembro de 1990, e no expediente PGR-00198255/2018, resolve:</p><p>1. Exonerar WELINGTON PEREIRA DA SILVA, ocupante do cargo de Analista do MPU/Direito, matrícula nº 5916, do cargo em comissão de Assessor Nível V, CC-5, do Gabinete da Subprocuradora-Geral da República Solange Mendes de Souza.</p><p>2. Designar WELINGTON PEREIRA DA SILVA, ocupante do cargo de Analista do MPU/Direito, matrícula nº 5916, para exercer a função de confiança de Assistente Nível III, FC-3, do Gabinete do Subprocurador-Geral da República Paulo Eduardo Bueno, em vaga decorrente da dispensa de Camila Abdala, matrícula nº 24639, ocorrida em 15 de março de 2018, publicada no DOU de 16 de março de 2018.</p><p class="assina">ALEXANDRE CAMANHO DE ASSIS</p>]]></Texto>
  </body>
</article></xml>