﻿<xml><article id="2902559" name="Port_CGRH_59_Conceder Aposentado" idOficio="4771969" pubName="DO2" artType="Portaria" pubDate="02/05/2018" artClass="00021:00002:00328:00005:00000:00000:00000:00000:00000:00000:00025:00001" artCategory="Ministério de Minas e Energia/Secretaria Executiva/Subsecretaria de Planejamento, Orçamento e Administração/Coordenação-Geral de Recursos Humanos" artSize="8" artNotes="" numberPage="40" pdfPage="http://pesquisa.in.gov.br/imprensa/jsp/visualiza/index.jsp?data=02/05/2018&amp;jornal=529&amp;pagina=40" editionNumber="83" highlight="" idMateria="10717732">
  <body>
    <Identifica><![CDATA[ PORTARIA Nº 59, DE 26 DE ABRIL DE 2018]]></Identifica>
    <Data><![CDATA[]]></Data>
    <Ementa />
    <Titulo />
    <SubTitulo />
    <Texto><![CDATA[<p class="identifica">PORTARIA Nº 59, DE 26 DE ABRIL DE 2018</p><p>O COORDENADOR-GERAL DE RECURSOS HUMANOS - SUBSTITUTO, DA SUBSECRETARIA DE PLANEJAMENTO, ORÇAMENTO E ADMINISTRAÇÃO DA SECRETARIA-EXECUTIVA DO MINISTÉRIO DE MINAS E ENERGIA, no uso das atribuições que lhe confere o artigo 32, da Portaria Ministerial nº 108, de 14 de março de 2017, do Regimento Interno da Secretaria-Executiva, publicada no Diário Oficial da União, de 16 de março de 2017, e tendo em vista o disposto artigo 3º da Emenda Constitucional nº 47, de 05 de julho de 2005, publicada no Diário Oficial da União de 06 seguinte, acrescida da vantagem do Artigo 62-A da Lei n° 8112/90 à vista das informações constantes no Processo MME nº 48340.002186/2018-44, resolve:</p><p>Art.1º Conceder aposentadoria voluntária, a EDIVALDO MEDEIROS DE ASEVEDO, matrícula SIAPE nº 0451456, ocupante do cargo de Agente de Portaria, código 481/026, Classe S, Padrão III, do Quadro Permanente deste Ministério.</p><p>Art. 2º Declarar, extinto o cargo, de acordo com o anexo I da Lei nº 9.632/98.</p><p>Art.3º Esta Portaria entra em vigor na data da sua publicação.</p><p class="assina">JOSÉ EVANDRO NASCIMENTO CARVALHO</p><p class="cargo">Substituto</p>]]></Texto>
  </body>
</article></xml>