﻿<xml><article id="2895512" name="MODELO_dispensas_designações_nom" idOficio="4770293" pubName="DO2" artType="Portaria" pubDate="02/05/2018" artClass="00038:00056:00000:00000:00000:00000:00000:00000:00000:00000:00025:00001" artCategory="Poder Judiciário/Tribunal Regional do Trabalho da 17ª Região" artSize="8" artNotes="" numberPage="69" pdfPage="http://pesquisa.in.gov.br/imprensa/jsp/visualiza/index.jsp?data=02/05/2018&amp;jornal=529&amp;pagina=69" editionNumber="83" highlight="" idMateria="10714250">
  <body>
    <Identifica><![CDATA[PORTARIA Nº 498, DE 19 DE ABRIL DE 2018]]></Identifica>
    <Data><![CDATA[]]></Data>
    <Ementa />
    <Titulo />
    <SubTitulo />
    <Texto><![CDATA[<p></p><p></p><p class="identifica">PORTARIA Nº 498, DE 19 DE ABRIL DE 2018</p><p>O DESEMBARGADOR-PRESIDENTE DO TRIBUNAL REGIONAL DO TRABALHO DA 17ª REGIÃO, no uso das suas atribuições legais e regimentais, resolve:</p><p>DESIGNAR Victor Perin Ribeiro, Técnico Judiciário, Área Administrativa, Removido (a) do(a) Tribunal Regional do Trabalho da 3ª Região, para exercer a função comissionada de Secretário de Audiência - FC-04 da 4ª Vara do Trabalho de Vitória.</p><p class="assina">Des. JOSÉ CARLOS RIZK</p><p></p>]]></Texto>
  </body>
</article></xml>