﻿<xml><article id="2901156" name="Extrato do DOU _PAR.PB.003.03548" idOficio="4771914" pubName="DO2" artType="Ato" pubDate="02/05/2018" artClass="00021:00024:00000:00000:00000:00000:00000:00000:00000:00000:00001:00001" artCategory="Ministério de Minas e Energia/Petróleo Brasileiro S.A." artSize="8" artNotes="" numberPage="41" pdfPage="http://pesquisa.in.gov.br/imprensa/jsp/visualiza/index.jsp?data=02/05/2018&amp;jornal=529&amp;pagina=41" editionNumber="83" highlight="" idMateria="10717614">
  <body>
    <Identifica><![CDATA[ ATO Nº 72, DE 27 DE ABRIL DE 2018]]></Identifica>
    <Data><![CDATA[]]></Data>
    <Ementa />
    <Titulo />
    <SubTitulo />
    <Texto><![CDATA[<p class="identifica">ATO Nº 72, DE 27 DE ABRIL DE 2018</p><p>O GERENTE EXECUTIVO DE CONFORMIDADE DA PETROBRAS, no uso de suas atribuições e com fundamento no artigo 8º, caput e § 1º, da Lei nº 12.846, de 1º de agosto de 2013, e no Decreto nº 2.745, de 24 de agosto de 1998, resolve, por meio do DIP CONF 72/2018, de 27 de abril de 2018:</p><p>1. Instaurar o processo administrativo de responsabilização PAR-PB.003.03548/2018.</p><p>2. Designar BEATRIZ CALERO GARRIGA PIRES - advogada, matrícula: 25424350, FELIPE DA ROCHA LIMA - engenheiro de telecomunicações, matrícula: 9821064, e IVONE SANTOS DE OLIVEIRA - contadora, matrícula: 9657303, para comporem a Comissão do PAR-PB.003.03548/2018, sob coordenação da primeira, com vistas à apuração dos fatos apontados no referido processo, bem como de fatos conexos que emergirem no curso da apuração. Na ausência da Coordenadora ora designada, os demais membros da Comissão atuarão como coordenador em exercício, na ordem de nomeação.</p><p>Os trabalhos da Comissão deverão ser concluídos no prazo de até 180 (cento e oitenta) dias, contados da data da publicação deste ato.</p><p class="assina">MARCIO CAMPANELLI MOREIRA</p>]]></Texto>
  </body>
</article></xml>