﻿<xml><article id="2903562" name="PT 55 SOGP RIO DE JANEIRO NORTE" idOficio="4772170" pubName="DO2" artType="Portaria" pubDate="02/05/2018" artClass="00022:00029:00240:00007:00027:00003:00000:00000:00000:00000:00025:00001" artCategory="Ministério do Desenvolvimento Social/Instituto Nacional do Seguro Social/Superintendência Regional Sudeste II em Belo Horizonte/Gerência Executiva - A - no Rio de Janeiro - Norte/Serviço de Administração/Seção Operacional  de Gestão de Pessoas" artSize="8" artNotes="" numberPage="44" pdfPage="http://pesquisa.in.gov.br/imprensa/jsp/visualiza/index.jsp?data=02/05/2018&amp;jornal=529&amp;pagina=44" editionNumber="83" highlight="" idMateria="10718112">
  <body>
    <Identifica><![CDATA[ PORTARIA Nº 55, de 30 de abril de 2018]]></Identifica>
    <Data><![CDATA[]]></Data>
    <Ementa />
    <Titulo />
    <SubTitulo />
    <Texto><![CDATA[<p class="identifica">PORTARIA Nº 55, de 30 de abril de 2018</p><p>O CHEFE DA SEÇÃO OPERACIONAL DA GESTÃO DE PESSOAS DA GERÊNCIA EXECUTIVA DO INSS/RJ-NORTE. No Estado do Rio de Janeiro, no uso das atribuições que lhe confere o Artigo 235 do Regimento Interno aprovado pela Portaria/MDS/GAB nº 414, de 28/09/2017, publicado no DOU nº 188, de 29/09/2017, resolve:</p><p>Conceder Aposentadoria Voluntária Integral ao servidor Gilson Ferreira Fonseca , matrícula SIAPE nº 0910688, ocupante do cargo de Motorista Oficial, Classe "S", Padrão IV, do Quadro de Pessoal do Instituto Nacional do Seguro Social, com fundamento no artigo 3º da Emenda Constitucional nº 47/2005, com base na última remuneração. (Processo Administrativo nº37367.001593/2018-10).</p><p>Em consequência, declarar vago o referido cargo.</p><p class="assina">Luiz Andrade Santos</p>]]></Texto>
  </body>
</article></xml>