﻿<xml><article id="2900918" name="ATO_5978122" idOficio="4771882" pubName="DO2" artType="Ato" pubDate="02/05/2018" artClass="00038:00007:00001:00000:00000:00000:00000:00000:00000:00000:00001:00002" artCategory="Poder Judiciário/Tribunal Regional Federal da 1ª Região/Presidência" artSize="8" artNotes="" numberPage="63" pdfPage="http://pesquisa.in.gov.br/imprensa/jsp/visualiza/index.jsp?data=02/05/2018&amp;jornal=529&amp;pagina=63" editionNumber="83" highlight="" idMateria="10717565">
  <body>
    <Identifica><![CDATA[ ATO Nº 5978122, DE 30 DE ABRIL DE 2018]]></Identifica>
    <Data><![CDATA[]]></Data>
    <Ementa />
    <Titulo />
    <SubTitulo />
    <Texto><![CDATA[<p></p><p class="identifica">ATO Nº 5978122, DE 30 DE ABRIL DE 2018</p><p>O PRESIDENTE DO TRIBUNAL REGIONAL FEDERAL DA 1ª REGIÃO, no uso de suas atribuições legais e regimentais e tendo em vista o constante nos autos do PAe 0007948-54.2018.4.01.8000, resolve:</p><p>NOMEAR o servidor LEON RAFAEL ALBERNAZ MUNDIM, Analista Judiciário, Área Apoio Especializado, Especialidade Informática, do Quadro de Pessoal deste Tribunal, para exercer o Cargo em Comissão, Código CJ-1, de Diretor da Divisão de Tecnologia da Coordenadoria de Infraestrutura Tecnológica da Secretaria de Tecnologia da Informação, em decorrência da exoneração de Márcio Pachioni Baeta.</p><p class="assina">Des. CARLOS MOREIRA ALVES</p>]]></Texto>
  </body>
</article></xml>