﻿<xml><article id="2898545" name="627_628_portaria_20_abril_2018_W" idOficio="4771713" pubName="DO2" artType="Portaria" pubDate="02/05/2018" artClass="00011:00076:00001:00000:00000:00000:00000:00000:00000:00000:00025:00001" artCategory="Ministério da Educação/Instituto Federal de Educação, Ciência e Tecnologia do Rio Grande do Norte/Reitoria" artSize="8" artNotes="" numberPage="19" pdfPage="http://pesquisa.in.gov.br/imprensa/jsp/visualiza/index.jsp?data=02/05/2018&amp;jornal=529&amp;pagina=19" editionNumber="83" highlight="" idMateria="10717290">
  <body>
    <Identifica><![CDATA[ PORTARIAS DE 20 DE ABRIL DE 2018]]></Identifica>
    <Data><![CDATA[]]></Data>
    <Ementa />
    <Titulo />
    <SubTitulo />
    <Texto><![CDATA[<p class="identifica">PORTARIAS DE 20 DE ABRIL DE 2018</p><p>O REITOR DO INSTITUTO FEDERAL DE EDUCAÇÃO, CIÊNCIA E TECNOLOGIA DO RIO GRANDE DO NORTE, no uso de suas atribuições subdelegadas pela Portaria Ministerial nº. 404, de 23 de abril de 2009, publicada no Diário Oficial da União de 24 de abril de 2009 e republicada em 7 de maio de 2009, seção 2, página 9, CONSIDERANDO o disposto no artigo 47, inciso III, do Decreto nº. 94.664, de 23 de julho de 1987; no Decreto nº. 1.387, de 7 de fevereiro de 1995, com a redação dada pelos Decretos nºs. 2.349, de 15 de outubro de 1997, e 3.025, de 12 de abril de 1999; e na Portaria MEC nº 446/2011, de 20 de abril de 2011, publicada no Diário Oficial da União de 25 de abril de 2011, seção 1, página 22; e CONSIDERANDO, ainda, o que consta no Processo nº 23421.001394.2018-03, de 4 de abril de 2018, CONSIDERANDO, por fim, a Autorização Ministerial nº 20180419.4697, de 19 de abril de 2018, resolve:</p><p>Nº 627 - AUTORIZAR o afastamento do país à servidora ELIZOMAR DE ASSIS NOBRE, Matrícula Siape nº 364741, pertencente ao Quadro Permanente deste Instituto Federal, lotada na Reitoria, durante o período de 13 a 17 de maio de 2018, com ônus, para estabelecer interlocução com a Direção do Mestrado da Universidade do Minho, a fim de planejar, acompanhar e gerenciar as atividades administrativas do convênio de Cooperação Acadêmica, Científica e Cultural firmado entre aquela universidade e este Instituto Federal, em Braga/Portugal.</p><p>O REITOR DO INSTITUTO FEDERAL DE EDUCAÇÃO, CIÊNCIA E TECNOLOGIA DO RIO GRANDE DO NORTE, no uso de suas atribuições subdelegadas pela Portaria Ministerial nº. 404, de 23 de abril de 2009, publicada no Diário Oficial da União de 24 de abril de 2009 e republicada em 7 de maio de 2009, seção 2, página 9, CONSIDERANDO o disposto no artigo 47, inciso III, do Decreto nº. 94.664, de 23 de julho de 1987; no Decreto nº. 1.387, de 7 de fevereiro de 1995, com a redação dada pelos Decretos nºs. 2.349, de 15 de outubro de 1997, e 3.025, de 12 de abril de 1999; e na Portaria MEC nº 446/2011, de 20 de abril de 2011, publicada no Diário Oficial da União de 25 de abril de 2011, seção 1, página 22; e CONSIDERANDO, ainda, o que consta no Processo nº 23057.002955.2018-89, de 3 de abril de 2018, CONSIDERANDO, por fim, a Autorização Ministerial nº 20180419.4698, de 19 de abril de 2018, resolve:</p><p>Nº 628 - AUTORIZAR o afastamento do país à servidora SÍLVIA REGINA PEREIRA DE MENDONÇA, Matrícula Siape nº 1492304, pertencente ao Quadro Permanente deste Instituto Federal, lotada no Campus de Educação à Distância, durante o período de 13 a 17 de maio de 2018, com ônus, para participar de atividades administrativas e acadêmico-científicas no âmbito do convênio de Cooperação Acadêmica, Científica e Cultural firmado entre a Universidade do Minho e este Instituto Federal, na cidade de Braga/Portugal.</p><p class="assina">WYLLYS ABEL FARKATT TABOSA</p>]]></Texto>
  </body>
</article></xml>