﻿<xml><article id="2900059" name="portaria 1363 Valmir Incom" idOficio="4771744" pubName="DO2" artType="Portaria" pubDate="02/05/2018" artClass="00007:00003:00070:00000:00000:00000:00000:00000:00000:00000:00025:00001" artCategory="Ministério da Agricultura, Pecuária e Abastecimento/Secretaria Executiva/Superintendência Federal de Agricultura, Pecuária e Abastecimento no Estado do Rio Grande do Norte" artSize="8" artNotes="" numberPage="4" pdfPage="http://pesquisa.in.gov.br/imprensa/jsp/visualiza/index.jsp?data=02/05/2018&amp;jornal=529&amp;pagina=4" editionNumber="83" highlight="" idMateria="10717394">
  <body>
    <Identifica><![CDATA[ PORTARIA N° 1.363, DE 26   DE   ABRI L   DE  2018]]></Identifica>
    <Data><![CDATA[]]></Data>
    <Ementa />
    <Titulo />
    <SubTitulo />
    <Texto><![CDATA[<p class="identifica">PORTARIA N° 1.363, DE 26 DE ABRI L DE 2018</p><p>O Superintendente Federal de Agricultura, Pecuária e Abastecimento no Estado do Rio Grande do Norte, no uso da competência que lhe foi delegada pelo inciso XVIII, do artigo 44, do Regimento Interno das Superintendências Federais de Agricultura, Pecuária e Abastecimento, aprovado pela Portaria nº 428 de 09 de junho de 2010, publicada no DOU de 14 de junho de 2010, resolve:</p><p>Conceder Aposentadoria Voluntária com proventos integrais ao servidor VALMIR DE OLIVEIRA, matricula SIAPE: 17519, com a remuneração do cargo de Agente de Inspeção Sanitária e Industria Produto Origem Animal, código: 438001 classe "S", padrão IV, do quadro de pessoal deste ministério, com fundamento no artigo. 3º da Emenda Constitucional nº 47/2005 (processo nº 21040.000725/2018-39).</p><p class="assina">ROBERTO CARLOS RAZERA PAPA</p><p class="cargo">Substituto</p>]]></Texto>
  </body>
</article></xml>