﻿<xml><article id="2900098" name="Pt 211-18" idOficio="4771766" pubName="DO2" artType="Portaria" pubDate="02/05/2018" artClass="00013:00014:00000:00000:00000:00000:00000:00000:00000:00000:00025:00004" artCategory="Ministério da Indústria, Comércio Exterior e Serviços/Instituto Nacional de Metrologia, Qualidade e Tecnologia" artSize="8" artNotes="" numberPage="31" pdfPage="http://pesquisa.in.gov.br/imprensa/jsp/visualiza/index.jsp?data=02/05/2018&amp;jornal=529&amp;pagina=31" editionNumber="83" highlight="" idMateria="10717380">
  <body>
    <Identifica><![CDATA[ Portaria nº 211, de 30 de abril de 2018]]></Identifica>
    <Data><![CDATA[]]></Data>
    <Ementa />
    <Titulo />
    <SubTitulo />
    <Texto><![CDATA[<p class="identifica">Portaria nº 211, de 30 de abril de 2018</p><p>O PRESIDENTE DO INSTITUTO NACIONAL DE METROLOGIA, QUALIDADE E TECNOLOGIA - Inmetro, conforme dispõe contrato de gestão em sua cláusula sétima, no uso das atribuições que lhe confere o parágrafo 3ºdo artigo 4º, da Lei nº 5.966, de 11 de dezembro de 1973, e tendo em vista o inciso V, do art. 18 da Estrutura Regimental da Autarquia, aprovada pelo Decreto nº 6.275, de 28 de novembro de 2007, com a redação alterada pelos Decretos n.ºs 7.938, de 19 de fevereiro de 2013, e 8.848, de 12 de setembro de 2016, resolve:</p><p>Art. 1º Dispensar NEI AUGUSTO ANDRADE, da Função Comissionada do Poder Executivo de Assistente, Código FCPE-102.2, de Assistente da Presidência do Inmetro.</p><p>Art. 2º Esta Portaria entra em vigor na data de sua publicação.</p><p class="assina">CARLOS AUGUSTO DE AZEVEDO</p>]]></Texto>
  </body>
</article></xml>