﻿<xml><article id="2903289" name="PORTARIA Nº 108, DE 30 DE ABRIL " idOficio="4772113" pubName="DO2" artType="Portaria" pubDate="02/05/2018" artClass="00030:00002:00000:00000:00000:00000:00000:00000:00000:00000:00025:00001" artCategory="Ministério dos Direitos Humanos/Secretaria Executiva" artSize="8" artNotes="" numberPage="51" pdfPage="http://pesquisa.in.gov.br/imprensa/jsp/visualiza/index.jsp?data=02/05/2018&amp;jornal=529&amp;pagina=51" editionNumber="83" highlight="" idMateria="10718061">
  <body>
    <Identifica><![CDATA[ PORTARIA Nº 108, DE 30 DE ABRIL DE 2018]]></Identifica>
    <Data><![CDATA[]]></Data>
    <Ementa />
    <Titulo />
    <SubTitulo />
    <Texto><![CDATA[<p class="identifica">PORTARIA Nº 108, DE 30 DE ABRIL DE 2018</p><p>O SECRETÁRIO-EXECUTIVO DO MINISTÉRIO DOS DIREITOS HUMANOS, no uso de suas atribuições conferidas pelo inciso II, do art. 3°, da Portaria n° 160, de 07 de março de 2018, o disposto no Decreto n° 9.122, de 09 de agosto de 2017, e o Decreto de 21 de fevereiro de 2018, resolve:</p><p>Dispensar, a pedido, ADILSON SANTANA DE CARVALHO, da função de Coordenador-Geral de Combate ao Trabalho Escravo da Diretoria de Proteção e Defesa dos Direitos Humanos da Secretaria Nacional de Cidadania deste Ministério, código FCPE-101.4.</p><p class="assina">ENGELS AUGUSTO MUNIZ</p>]]></Texto>
  </body>
</article></xml>