﻿<xml><article id="2896203" name="Port. APO - 2993" idOficio="4770602" pubName="DO2" artType="Portaria" pubDate="02/05/2018" artClass="00011:00119:00001:00001:00000:00000:00000:00000:00000:00000:00025:00005" artCategory="Ministério da Educação/Universidade Federal de Minas Gerais/Reitoria/Gabinete" artSize="8" artNotes="" numberPage="23" pdfPage="http://pesquisa.in.gov.br/imprensa/jsp/visualiza/index.jsp?data=02/05/2018&amp;jornal=529&amp;pagina=23" editionNumber="83" highlight="" idMateria="10714708">
  <body>
    <Identifica><![CDATA[ PORTARIA Nº 2.993, DE 26 DE ABRIL DE 2018]]></Identifica>
    <Data><![CDATA[]]></Data>
    <Ementa />
    <Titulo />
    <SubTitulo />
    <Texto><![CDATA[<p class="identifica">PORTARIA Nº 2.993, DE 26 DE ABRIL DE 2018</p><p>A Reitora da Universidade Federal de Minas Gerais, no uso de suas atribuições, resolve:</p><p>Nos termos do art. 6º da EC nº 41/2003, aposentar THEREZA CRISTINA GONÇALVES PINTO, inscrição UFMG nº 204226, matrícula SIAPE nº 1583329, ocupante do cargo de Assistente em Administração, Nível de Classificação D, Nível de Capacitação IV, Padrão de vencimento 08, lotada na Comissão Permanente de Pessoal Docente, com proventos integrais, por ter provado contar 32 (trinta e dois) anos de contribuição.</p><p class="assina">SANDRA REGINA GOULART ALMEIDA</p>]]></Texto>
  </body>
</article></xml>