﻿<xml><article id="2900263" name="ANDREA VERGARA DA SILVA" idOficio="4771790" pubName="DO2" artType="Despacho" pubDate="02/05/2018" artClass="00006:00012:00000:00000:00000:00000:00000:00000:00000:00000:00019:00002" artCategory="Presidência da República/Advocacia-Geral da União" artSize="8" artNotes="" numberPage="2" pdfPage="http://pesquisa.in.gov.br/imprensa/jsp/visualiza/index.jsp?data=02/05/2018&amp;jornal=529&amp;pagina=2" editionNumber="83" highlight="" idMateria="10717429">
  <body>
    <Identifica><![CDATA[ DESPACHO dE 30 de abril de 2018]]></Identifica>
    <Data><![CDATA[]]></Data>
    <Ementa />
    <Titulo />
    <SubTitulo />
    <Texto><![CDATA[<p class="identifica"><strong>DESPACHO dE 30 de abril de 2018</strong></p><p>Referência: Processo nº 00405.006114/2018-48. Afastamento do País da Advogada da União ANDREA VERGARA DA SILVA, matrícula Siape nº 1742487, lotada e em exercício no Departamento de Assuntos Internacionais da Procuradoria-Geral da União, para participar do 168º Período de Sessões da Comissão Interamericana de Direitos Humanos (CIDH) com reuniões de trabalho sobre os Casos 12.673 (José Dutra da Costa) 12.319 (Sebastião Camargo Filho) e 12.440 (Wallace de Almeida), além de audiência pública sobre denúncias de violação de direitos humanos no contexto da intervenção federal no Rio de Janeiro, na cidade de Santo Domingo, República Dominicana, no período de 05 a 10 de maio de 2018, incluído o trânsito, com ônus para Advocacia-Geral da União. Autorizo.</p><p class="assina">GRACE MARIA FERNANDES MENDONÇA</p><p class="cargo">Advogada-Geral da União</p>]]></Texto>
  </body>
</article></xml>