﻿<xml><article id="2900915" name="ATO_5978007" idOficio="4771882" pubName="DO2" artType="Ato" pubDate="02/05/2018" artClass="00038:00007:00001:00000:00000:00000:00000:00000:00000:00000:00001:00001" artCategory="Poder Judiciário/Tribunal Regional Federal da 1ª Região/Presidência" artSize="8" artNotes="" numberPage="63" pdfPage="http://pesquisa.in.gov.br/imprensa/jsp/visualiza/index.jsp?data=02/05/2018&amp;jornal=529&amp;pagina=63" editionNumber="83" highlight="" idMateria="10717564">
  <body>
    <Identifica><![CDATA[ ATO N. 5978007, DE 30 DE ABRIL DE 2018]]></Identifica>
    <Data><![CDATA[]]></Data>
    <Ementa />
    <Titulo />
    <SubTitulo />
    <Texto><![CDATA[<p></p><p class="identifica">ATO N. 5978007, DE 30 DE ABRIL DE 2018</p><p>O PRESIDENTE DO TRIBUNAL REGIONAL FEDERAL DA 1ª REGIÃO, no uso de suas atribuições legais e regimentais e tendo em vista o constante nos autos do PAe 0007948-54.2018.4.01.8000, resolve:</p><p>EXONERAR, a pedido, o servidor MARCIO PACHIONI BAETA, à disposição deste Tribunal, do Cargo em Comissão, Código CJ-1, de Diretor da Divisão de Tecnologia da Coordenadoria de Infraestrutura Tecnológica da Secretaria de Tecnologia da Informação, a partir de 02/05/2018.</p><p class="assina">Des. CARLOS MOREIRA ALVES</p>]]></Texto>
  </body>
</article></xml>