﻿<xml><article id="2900578" name="105-MIRELLA E SÔNIA-EXO-DIS-NOM-" idOficio="4771841" pubName="DO2" artType="Portaria" pubDate="02/05/2018" artClass="00038:00004:00001:00000:00000:00000:00000:00000:00000:00000:00025:00002" artCategory="Poder Judiciário/Superior Tribunal de Justiça/Presidência" artSize="8" artNotes="" numberPage="63" pdfPage="http://pesquisa.in.gov.br/imprensa/jsp/visualiza/index.jsp?data=02/05/2018&amp;jornal=529&amp;pagina=63" editionNumber="83" highlight="" idMateria="10717500">
  <body>
    <Identifica><![CDATA[ PORTARIA Nº 105, DE 30 DE ABRIL DE 2018]]></Identifica>
    <Data><![CDATA[]]></Data>
    <Ementa />
    <Titulo />
    <SubTitulo />
    <Texto><![CDATA[<p></p><p class="identifica">PORTARIA Nº 105, DE 30 DE ABRIL DE 2018</p><p>A PRESIDENTE DO SUPERIOR TRIBUNAL DE JUSTIÇA, no uso da atribuição conferida pelo art. 21, XXV, do Regimento Interno e considerando o disposto nos arts. 9°, II, e 35, I e II, da Lei n. 8.112, de 11 de dezembro de 1990, resolve:</p><p>Art. 1º Efetuar as seguintes alterações no Gabinete do Ministro Herman Benjamin:</p><p>I - Exonerar, a pedido, MIRELLA OLIVEIRA SALES, matrícula S054091, do cargo em comissão de Chefe de Gabinete, código CJ-3;</p><p>II - Dispensar SÔNIA MARIA VITÓRIO PEREIRA, matrícula S029470, da função de confiança de Assistente V, código FC-5;</p><p>III - Nomear SÔNIA MARIA VITÓRIO PEREIRA, matrícula S029470, para o cargo em comissão de Chefe de Gabinete, código CJ-3, na vaga decorrente da exoneração de Mirella Oliveira Sales;</p><p>IV - Designar MIRELLA OLIVEIRA SALES, matrícula S054091, para a função de confiança de Assistente V, código FC-5, na vaga decorrente da dispensa de Sônia Maria Vitório Pereira.</p><p>Art. 2° Esta portaria entra em vigor na data de sua publicação.</p><p class="assina">Min. LAURITA VAZ</p>]]></Texto>
  </body>
</article></xml>