﻿<xml><article id="2999219" name="PORTARIA CRN-8 Nº 11-2018 - Comi" idOficio="4772046" pubName="DO2" artType="Portaria" pubDate="08/05/2018" artClass="00039:00402:00000:00000:00000:00000:00000:00000:00000:00000:00025:00001" artCategory="Entidades de Fiscalização do Exercício das Profissões Liberais/Conselho Regional de Nutricionistas da 8ª Região" artSize="8" artNotes="" numberPage="73" pdfPage="http://pesquisa.in.gov.br/imprensa/jsp/visualiza/index.jsp?data=08/05/2018&amp;jornal=529&amp;pagina=73" editionNumber="87" highlight="" idMateria="10717845">
  <body>
    <Identifica><![CDATA[ PORTARIA Nº 11, de 23 de abril de 2018]]></Identifica>
    <Data><![CDATA[]]></Data>
    <Ementa />
    <Titulo />
    <SubTitulo />
    <Texto><![CDATA[<p class="identifica">PORTARIA Nº 11, de 23 de abril de 2018</p><p>A Presidente do Conselho Regional de Nutricionistas - 8ª Região, no uso de suas atribuições legais e do disposto na Resolução CFN nº 356/2004, alterada pela Resolução CFN nº 460/2009 e Resolução 361/2005, considerando o conteúdo da Portaria nº 13/2017, resolve:</p><p>Art. 1º - Nomear as funcionárias JULISSE KLEMTZ WAGNER PRUSSAK, MARIANA SELEME CORREA MOREIRA DA SILVA e PRISCILA VIEIRA FARIA como membro da Comissão Permanente de Licitação, em substituição aos funcionários JOÃO PAULO SANTIAGO, CAROLINA BULGACOV DRATCH e CAMILA RAMOS DOMINGOS DE SOUZA.</p><p>Art. 2º - Permanecem nos seus respectivos cargos a conselheira MARIA ROSI MARQUES GALVÃO (Presidente) e como membro a conselheira ANDRÉA BRUGINSKI.</p><p>Art. 3º - A presente nomeação foi aprovada na 136ª Reunião Ordinária do Plenário, realizada em 23.04.2018, e passa a vigorar a partir de sua publicação, revogando-se as disposições em contrário, em especial a Portaria CRN-8 Nº13/2017.</p><p class="assina">Maria Emilia Daudt von der Heyde</p>]]></Texto>
  </body>
</article></xml>