﻿<xml><article id="2902937" name="DOU 2-SGMPF-PT-265-UNI-221618_CR" idOficio="4772087" pubName="DO2" artType="Portaria" pubDate="02/05/2018" artClass="00034:00007:00003:00000:00000:00000:00000:00000:00000:00000:00025:00010" artCategory="Ministério Público da União/Ministério Público Federal/Secretaria-Geral" artSize="8" artNotes="" numberPage="56" pdfPage="http://pesquisa.in.gov.br/imprensa/jsp/visualiza/index.jsp?data=02/05/2018&amp;jornal=529&amp;pagina=56" editionNumber="83" highlight="" idMateria="10718005">
  <body>
    <Identifica><![CDATA[ PORTARIA Nº 265, DE 25 DE ABRIL DE 2018]]></Identifica>
    <Data><![CDATA[]]></Data>
    <Ementa />
    <Titulo />
    <SubTitulo />
    <Texto><![CDATA[<p class="identifica">PORTARIA Nº 265, DE 25 DE ABRIL DE 2018</p><p>O SECRETÁRIO-GERAL DO MINISTÉRIO PÚBLICO FEDERAL, no uso da competência que lhe foi atribuída pelo artigo 6º, inciso XXXII, da Portaria PGR/MPF nº 382, de 5 de maio de 2015, e tendo em vista o disposto no artigo 35 - inciso I da Lei nº. 8.112, de 11 de dezembro de 1990, e no expediente 1.00.000.007467/2018-62, resolve:</p><p>Exonerar, a partir de 1º de maio de 2018, MAIRA PEREIRA DA SILVA, matrícula nº 24418, do cargo em comissão de Assessor Nível II, CC-2, da Unidade de Apoio Descentralizado, da Secretaria Geral do Ministério Público Federal, em exercício na Procuradoria da República no Município de Uberlândia.</p><p class="assina">ALEXANDRE CAMANHO DE ASSIS</p>]]></Texto>
  </body>
</article></xml>