﻿<xml><article id="2901114" name="PT 19 A 21 SOGP GOVERNADOR VALAD" idOficio="4771911" pubName="DO2" artType="Portaria" pubDate="02/05/2018" artClass="00022:00029:00240:00014:00027:00000:00000:00000:00000:00000:00025:00001" artCategory="Ministério do Desenvolvimento Social/Instituto Nacional do Seguro Social/Superintendência Regional Sudeste II em Belo Horizonte/Gerência Executiva - B - Governador Valadares/Seção Operacional da Gestão de Pessoas" artSize="8" artNotes="" numberPage="45" pdfPage="http://pesquisa.in.gov.br/imprensa/jsp/visualiza/index.jsp?data=02/05/2018&amp;jornal=529&amp;pagina=45" editionNumber="83" highlight="" idMateria="10717591">
  <body>
    <Identifica><![CDATA[ PORTARIAS de 30 DE ABRIL DE 2018]]></Identifica>
    <Data><![CDATA[]]></Data>
    <Ementa />
    <Titulo />
    <SubTitulo />
    <Texto><![CDATA[<p class="identifica">PORTARIAS de 30 DE ABRIL DE 2018</p><p>A CHEFE DA SEÇÃO OPERACIONAL DA GESTÃO DE PESSOAS DA GERÊNCIA EXECUTIVA DO INSS EM GOVERNADOR VALADARES/MINAS GERAIS, designada pela Portaria nº 1.281, de 06/04/2018, publicada no DOU nº 67, de 09/04/2018, e no uso das atribuições que lhe conferem o art. 235, inciso I, alínea "a" e "b" do Regimento Interno do INSS, aprovado pela PT/MDS nº 414, de 28/09/2017, publicada no DOU - Edição Extra nº 188-A de 29/09/2017, resolve:</p><p>Nº 19 - Conceder aposentadoria voluntária à servidora MARIA DO CARMO DE OLIVEIRA GAMA, matrícula SIAPE nº 0894972, ocupante do cargo de Técnico do Seguro Social, Classe "S", Padrão "IV", do quadro de pessoal do Instituto Nacional do Seguro Social, com fundamento no artigo 3º da Emenda Constitucional nº 47/2005, com proventos integrais acrescido da vantagem do artigo 62-A da Lei 8.112/90 e demais vantagens previstas na legislação vigente e, em consequência, declarar vago o referido cargo, tendo em vista o que consta do processo nº 35121.000125/2017-02.</p><p>Nº 20 - Conceder aposentadoria voluntária à servidora INES APARECIDA OLIVEIRA MARTINS RODRIGUES, matrícula SIAPE nº 0894387, ocupante do cargo de Técnico do Seguro Social, Classe "S", Padrão "IV", do quadro de pessoal do Instituto Nacional do Seguro Social, com fundamento no artigo 3º da Emenda Constitucional nº 47/2005, com proventos integrais acrescido da vantagem do artigo 62-A da Lei 8.112/90 e demais vantagens previstas na legislação vigente e, em consequência, declarar vago o referido cargo, tendo em vista o que consta do processo nº 35121.000136/2017-84.</p><p>Nº 21 - Conceder aposentadoria por invalidez permanente à servidora ANA MARIA BALMANT, matrícula SIAPE nº 0896381, ocupante do cargo de Técnico do Seguro Social, Classe "S", Padrão "IV", do quadro de pessoal do Instituto Nacional do Seguro Social, com fundamento no artigo 40, § 1º, inciso I, da Constituição Federal/1988, com redação dada pela Emenda Constitucional nº 41/2003, combinado com o artigo 6-A da Emenda Constitucional nº 41/2003, incluído pela Emenda Constitucional nº 70/2012, com proventos integrais, por doença especificada no §1º do artigo 186 da Lei 8.112/1990, e, em consequência, declarar vago o referido cargo, tendo em vista o que consta do processo nº 35121.000583/2018-14.</p><p class="assina">AYALA ROMA DE SA</p>]]></Texto>
  </body>
</article></xml>