﻿<xml><article id="2901811" name="Portaria de Aposentadoria nº394 " idOficio="4771966" pubName="DO2" artType="Portaria Conjunta" pubDate="02/05/2018" artClass="00017:00002:00016:00018:00000:00000:00000:00000:00000:00000:00026:00001" artCategory="Ministério da Saúde/Secretaria Executiva/Núcleo Estadual na Bahia/Serviço de Gestão Administrativa" artSize="8" artNotes="" numberPage="36" pdfPage="http://pesquisa.in.gov.br/imprensa/jsp/visualiza/index.jsp?data=02/05/2018&amp;jornal=529&amp;pagina=36" editionNumber="83" highlight="" idMateria="10717729">
  <body>
    <Identifica><![CDATA[ PORTARIAS 30 DE ABRIL DE 2018]]></Identifica>
    <Data><![CDATA[]]></Data>
    <Ementa />
    <Titulo />
    <SubTitulo />
    <Texto><![CDATA[<p class="identifica">PORTARIAS 30 DE ABRIL DE 2018</p><p>A CHEFE DO SERVIÇO DE GESTÃO ADMINISTRATIVA DA COORDENAÇÃO-GERAL DO NÚCLEO ESTADUAL DA BAHIA, no uso das atribuições conferidas pela Portaria/SAA/MS nº 1.804, de 1º de outubro de 2013, publicada no Diário Oficial da União nº 192 de 03.10.2013, seção 1, página 66, resolve:</p><p>Nº 394 I - Conceder aposentadoria voluntária, ao servidor EDSON DE CAMPOS SALOMÃO, matrícula SIAPE 0501839, ocupante do cargo efetivo de Agente de Saúde Pública, Classe 'S', Padrão III (NI), do Quadro de Pessoal deste Ministério, com fundamento no artigo 3º, incisos I, II e III da Emenda Constitucional nº 47 de 5/7/2005, com os proventos do cargo e demais vantagens. Processo nº 25022.000569/2018-85.</p><p>II - Declarar vago o cargo citado no item I.</p><p>Nº 396- Tornar sem efeito, a Portaria SEGAD/BA nº 363, de 26 de abril de 2018, publicada no Diário Oficial da União nº 82, de 30 de abril de 2018, Seção 2, página 50.</p><p class="assina">ANA MARIA MORAES REBOUÇAS</p><p class="cargo">Chefe do Serviço de Gestão Administrativa</p>]]></Texto>
  </body>
</article></xml>