﻿<xml><article id="2902217" name="ATO PORTARIA Nº 517" idOficio="4772008" pubName="DO2" artType="Portaria" pubDate="02/05/2018" artClass="00011:00042:00000:00000:00000:00000:00000:00000:00000:00000:00025:00017" artCategory="Ministério da Educação/Fundação Universidade Federal de Sergipe" artSize="8" artNotes="" numberPage="16" pdfPage="http://pesquisa.in.gov.br/imprensa/jsp/visualiza/index.jsp?data=02/05/2018&amp;jornal=529&amp;pagina=16" editionNumber="83" highlight="" idMateria="10717800">
  <body>
    <Identifica><![CDATA[ PORTARIA Nº 517, DE 26 DE ABRIL DE 2018]]></Identifica>
    <Data><![CDATA[]]></Data>
    <Ementa />
    <Titulo />
    <SubTitulo />
    <Texto><![CDATA[<p class="identifica">PORTARIA Nº 517, DE 26 DE ABRIL DE 2018</p><p>O REITOR DA UNIVERSIDADE FEDERAL DE SERGIPE, no uso de suas atribuições legais e; considerando o disposto no Decreto n.º 1.387 de 07/02/95 e na portaria n.º 404 de 23/04/2009 do Ministério de Estado da Educação, considerando a Portaria n.º 891 de 25/05/2017 do Gabinete do Reitor, considerando o que consta no processo n.º 23113.018094/2018-39, resolve:</p><p>Art. 1o- Autorizar o afastamento do país do servidor MARIO ADRIANO DOS SANTOS, Professor Associado, 02, matrícula SIAPE n.º 1503384, lotado no Departamento de Medicina do Centro de Ciências Biológicas e da Saúde, para compor a Delegação Brasileira, na função de Médico, nos Jogos Mundiais Escolares da Gymnasiade, na cidade de Marraquexe, Marrocos, pelo período de 29/04/2018 a 10/05/2018, trânsito incluso, com ônus limitado para UFS</p><p>Art. 2o- Esta Portaria entra em vigor nesta data, devendo ser publicada no Diário Oficial da União.</p><p class="assina">Angelo Roberto Antoniolli</p>]]></Texto>
  </body>
</article></xml>