﻿<xml><article id="2906417" name="Nomeação ANDRÉ RIBEIRO" idOficio="4772223" pubName="DO2" artType="Portaria" pubDate="02/05/2018" artClass="00012:31145:00000:00000:00000:00000:00000:00000:00000:00000:00025:00001" artCategory="Ministério da Fazenda/Secretaria de Promoção da Produtividade e Advocacia da Concorrência" artSize="8" artNotes="" numberPage="30" pdfPage="http://pesquisa.in.gov.br/imprensa/jsp/visualiza/index.jsp?data=02/05/2018&amp;jornal=529&amp;pagina=30" editionNumber="83" highlight="" idMateria="10718183">
  <body>
    <Identifica><![CDATA[ PORTARIA Nº 4, DE 30 DE ABRIL DE 2018]]></Identifica>
    <Data><![CDATA[]]></Data>
    <Ementa />
    <Titulo />
    <SubTitulo />
    <Texto><![CDATA[<p class="identifica">PORTARIA Nº 4, DE 30 DE ABRIL DE 2018</p><p>O SECRETÁRIO DE PROMOÇÃO DA PRODUTIVIDADE E ADVOCACIA DA CONCORRÊNCIA, DO MINISTÉRIO DA FAZENDA, no uso da competência que lhe foi subdelegada pelo inciso V do Art. 1o, da Portaria GMF no393, de 14 de julho de 2009, alterada pela Portaria GMF nº 98, de 26 de março de 2018, e tendo em vista o constante do Processo SEI nº 18101.100214/2018-40, resolve:</p><p>Nomear ANDRÉ GUIMARÃES RIBEIRO, matrícula SIAPE nº 1729400, para exercer o cargo em comissão de Chefe de Divisão, código DAS 101.2, na Coordenação-Geral de Análise Setorial e Advocacia da Concorrência, da Subsecretaria de Promoção da Produtividade, Concorrência e Inovação, desta Secretaria.</p><p class="assina">JOÃO MANOEL PINHO DE MELLO</p>]]></Texto>
  </body>
</article></xml>