﻿<xml><article id="2902021" name="Portaria Gestor Financeiro - Rob" idOficio="4772009" pubName="DO2" artType="Portaria" pubDate="02/05/2018" artClass="00025:00015:00000:00000:00000:00000:00000:00000:00000:00000:00025:00001" artCategory="Ministério do Meio Ambiente/Conselho Deliberativo do Fundo Nacional do Meio Ambiente" artSize="8" artNotes="PARABÉNS HJ VC ESTÁ DEMAIS&#xA;" numberPage="47" pdfPage="http://pesquisa.in.gov.br/imprensa/jsp/visualiza/index.jsp?data=02/05/2018&amp;jornal=529&amp;pagina=47" editionNumber="83" highlight="" idMateria="10717808">
  <body>
    <Identifica><![CDATA[ PORTARIA Nº 18, DE 30 DE ABRIL DE 2018]]></Identifica>
    <Data><![CDATA[]]></Data>
    <Ementa />
    <Titulo />
    <SubTitulo />
    <Texto><![CDATA[<p class="identifica">PORTARIA Nº 18, DE 30 DE ABRIL DE 2018</p><p>A Diretora-Substituta do Departamento do Fundo Nacional do Meio Ambiente, no uso de suas atribuições previstas na Portaria nº 292, de 23 de maio de 2007, resolve:</p><p>Art. 1º Dispensar Bianca Oliveira Medeiros, matrícula SIAPE nº 1487795, do encargo de Gestora Financeira Substituta das Unidades Gestoras 443022, 443024 e 443045 do Fundo Nacional do Meio Ambiente.</p><p>Art. 2º Designar Roberto Alves Monteiro Junior, matrícula SIAPE nº 1659566, como Gestor Financeiro Substituto das Unidades Gestoras 443022, 443024 e 443045 do Fundo Nacional do Meio Ambiente.</p><p>Art. 3º Esta Portaria entra em vigor na data de sua publicação.</p><p class="assina">BIANCA OLIVEIRA MEDEIROS</p>]]></Texto>
  </body>
</article></xml>