﻿<xml><article id="2895677" name="Mascara nomeacao__060349" idOficio="4770108" pubName="DO2" artType="Portaria" pubDate="02/05/2018" artClass="00011:00033:00001:00019:00000:00000:00000:00000:00000:00000:00025:00001" artCategory="Ministério da Educação/Fundação Universidade Federal de Ouro Preto/Reitoria/Pró-Reitoria de Administração" artSize="8" artNotes="" numberPage="14" pdfPage="http://pesquisa.in.gov.br/imprensa/jsp/visualiza/index.jsp?data=02/05/2018&amp;jornal=529&amp;pagina=14" editionNumber="83" highlight="" idMateria="10713912">
  <body>
    <Identifica><![CDATA[ PORTARIA Nº 280, DE 27 DE ABRIL DE 2018]]></Identifica>
    <Data><![CDATA[]]></Data>
    <Ementa />
    <Titulo />
    <SubTitulo />
    <Texto><![CDATA[<p class="identifica">PORTARIA Nº 280, DE 27 DE ABRIL DE 2018</p><p>A Pró-Reitora de Administração da Universidade Federal de Ouro Preto, no uso da competência que lhe foi delegada pela Portaria nº 540, de 05/08/94, considerando o decreto nº 7.485, de 18 de maio de 2011; o processo UFOP de concurso público nº 23109.004634/2016-02; o processo UFOP de nomeação nº 23109.002358/2018-00, resolve:</p><p>Art. 1º Nomear, em caráter efetivo, nos termos do artigo 9º, inciso I da Lei 8.112, de 11 de dezembro de 1990, ALEX BEIGUI DE PAIVA CAVALCANTI, habilitado em concurso público de provas e títulos (Edital PROAD nº 75(05), de 30 de</p><p>agosto de 2016, publicado no DOU de 31/08/2016 e retificado no DOU de 06/09/2016, 07/11/2016, 9/11/2016, 10/11/2016, 18/11/2016, 08/02/2017 e 23/03/2017) homologado pela Resolução CEPE nº 7408, de 10/04/2018, publicada no DOU de 12/04/2018, para o cargo de Professor do Magistério Superior, classe A, denominação Adjunto A, nível 1, da carreira de magistério superior do quadro de pessoal desta Instituição, em regime de trabalho de 40 horas com dedicação exclusiva, em vaga de código 931526, redistribuída pela portaria MEC Nº411, DE 11/05/2016, DOU de 12/05/2016. Parágrafo único O servidor deverá ser lotado no Departamento de Artes Cênicas/DEART - IFAC. Art. 2º Esta Portaria entra em vigor na data de sua publicação no DOU.</p><p class="assina">Gislaine Santana</p><p class="identifica">PORTARIA Nº 281, DE 27 DE ABRIL DE 2018</p><p>A Pró-Reitora de Administração da Universidade Federal de Ouro Preto, no uso da competência que lhe foi delegada pela Portaria nº 540, de 05/08/94, considerando o decreto nº 7.485, de 18 de maio de 2011; o processo UFOP de concurso público nº 23109.005130/2016-00; o processo UFOP de nomeação nº 23109.002406/2018-51, resolve:</p><p>Art. 1º Nomear, em caráter efetivo, nos termos do artigo 9º, inciso I da Lei 8.112, de 11 de dezembro de 1990, HUMBERTO LUIS SIQUEIRA REIS, habilitado em concurso público de provas e títulos (Edital PROAD nº 75(30), de 30 de</p><p>agosto de 2016, publicado no DOU de 31/08/2016 e retificado no DOU de 06/09/2016, 07/11/2016, 9/11/2016, 10/11/2016, 18/11/2016, 08/02/2017 e 23/03/2017) homologado pela Resolução CEPE nº 7410, de 10/04/2018, publicada no DOU de 12/04/2018, para o cargo de Professor do Magistério Superior, classe A, denominação Adjunto A, nível 1, da carreira de magistério superior do quadro de pessoal desta Instituição, em regime de trabalho de 40 horas com dedicação exclusiva, em vaga de código 931526, redistribuída pela portaria MEC Nº411, DE 11/05/2016, DOU de 12/05/2016. Parágrafo único O servidor deverá ser lotado no Departamento de Engenharia Geológica/DEGEO - EM. Art. 2º Esta Portaria entra em vigor na data de sua publicação no DOU.</p><p class="assina">Gislaine Santana</p><p class="identifica">PORTARIA Nº 282, DE 27 DE ABRIL DE 2018</p><p>A Pró-Reitora de Administração da Universidade Federal de Ouro Preto, no uso da competência que lhe foi delegada pela Portaria nº 540, de 05/08/94, considerando o decreto nº 7.485, de 18 de maio de 2011; o processo UFOP de concurso público nº 23109.004647/2016-73; o processo UFOP de nomeação nº 23109.001536/2018-77; O art. 13º, § VI da Lei 8112/90, resolve:</p><p>Art. 1º Tornar sem efeito, desde 19 de março de 2018, o ato de provimento decorrente da Portaria PROAD nº 152, de 16 de março de 2018, publicada no DOU nº 53, de 19 de março de 2018, Seção 2, página 16, que nomeou BRUNO NAZARIO COELHO, habilitado em concurso público de provas e títulos (Edital PROAD nº 75/2016), para o cargo de Professor de Magistério Superior, classe A, denominação Assistente A, nível 1. Art. 2º Determinar que a CGP adote as providências cabíveis à aplicação da presente Portaria.</p><p class="assina">Gislaine Santana</p><p>PORTARIA Nº 283, DE 27 DE ABRIL DE 2018</p><p>A Pró-Reitora de Administração da Universidade Federal de Ouro Preto, no uso da competência que lhe foi delegada pela Portaria nº 540, de 05/08/94, considerando o decreto nº 7.485, de 18 de maio de 2011; o processo UFOP de concurso público nº 23109.004638/2016-82; o processo UFOP de nomeação nº 23109.001554/2018-59; O art. 13º, § VI da Lei 8112/90, resolve:</p><p>Art. 1º Tornar sem efeito, desde 19 de março de 2018, o ato de provimento decorrente da Portaria PROAD nº 154, de 16 de março de 2018, publicada no DOU nº 53, de 19 de março de 2018, Seção 2, página 16, que nomeou FREDDY PABLO CASTRO VICENTE, habilitado em concurso público de provas e títulos (Edital PROAD nº 75/2016), para o cargo de Professor de Magistério Superior, classe A, denominação Assistente A, nível 1. Art. 2º Determinar que a CGP adote as providências cabíveis à aplicação da presente Portaria.</p><p class="assina">Gislaine Santana</p><p class="identifica">PORTARIA Nº 284, DE 27 DE ABRIL DE 2018</p><p>A Pró-Reitora de Administração da Universidade Federal de Ouro Preto, no uso da competência que lhe foi delegada pela Portaria nº 540, de 05/08/94, considerando o decreto nº 7.485, de 18 de maio de 2011; o processo UFOP de concurso público nº 23109.005160/2016-16; o processo UFOP de nomeação nº 23109.001557/2018-92; O art. 13º, § VI da Lei 8112/90, resolve:</p><p>Art. 1º Tornar sem efeito, desde 19 de março de 2018, o ato de provimento decorrente da Portaria PROAD nº 155, de 16 de março de 2018, publicada no DOU nº 53, de 19 de março de 2018, Seção 2, página 16, que nomeou CAMILA APARECIDA TOLENTINO CICUTO, habilitado em concurso público de provas e títulos (Edital PROAD nº 75/2016), para o cargo de Professor de Magistério Superior, classe A, denominação Adjunto A, nível 1. Art. 2º Determinar que a CGP adote as providências cabíveis à aplicação da presente Portaria.</p><p class="assina">Gislaine Santana</p><p class="identifica">PORTARIA Nº 285, DE 27 DE ABRIL DE 2018</p><p>A Pró-Reitora de Administração da Universidade Federal de Ouro Preto, no uso da competência que lhe foi delegada pela Portaria nº 540, de 05/08/94, considerando o decreto nº 7.485, de 18 de maio de 2011; o processo UFOP de concurso público nº 23109.004645/2016-84; o processo UFOP de nomeação nº 23109.001556/2018-48; O art. 13º, § VI da Lei 8112/90, resolve:</p><p>Art. 1º Tornar sem efeito, desde 19 de março de 2018, o ato de provimento decorrente da Portaria PROAD nº 155, de 16 de março de 2018, publicada no DOU nº 53, de 19 de março de 2018, Seção 2, página 17, que nomeou WENDEL ALEXANDRE XAVIER DE MELO, habilitado em concurso público de provas e títulos (Edital PROAD nº 75/2016), para o cargo de Professor de Magistério Superior, classe A, denominação Adjunto A, nível 1. Art. 2º Determinar que a CGP adote as providências cabíveis à aplicação da presente Portaria.</p><p class="assina">Gislaine Santana</p>]]></Texto>
  </body>
</article></xml>