﻿<xml><article id="2901225" name="Portarias SECEX Nº 62" idOficio="4771940" pubName="DO2" artType="Portaria" pubDate="02/05/2018" artClass="00025:00002:00000:00000:00000:00000:00000:00000:00000:00000:00025:00004" artCategory="Ministério do Meio Ambiente/Secretaria Executiva" artSize="8" artNotes="" numberPage="46" pdfPage="http://pesquisa.in.gov.br/imprensa/jsp/visualiza/index.jsp?data=02/05/2018&amp;jornal=529&amp;pagina=46" editionNumber="83" highlight="" idMateria="10717623">
  <body>
    <Identifica><![CDATA[ PORTARIA Nº 62, DE 27 DE ABRIL DE 2018]]></Identifica>
    <Data><![CDATA[]]></Data>
    <Ementa />
    <Titulo />
    <SubTitulo />
    <Texto><![CDATA[<p class="identifica">PORTARIA Nº 62, DE 27 DE ABRIL DE 2018</p><p>O SECRETÁRIO-EXECUTIVO DO MINISTÉRIO DO MEIO AMBIENTE, no uso das atribuições que lhe confere o art. 38 da Lei no8.112, de 11 de dezembro de 1990, com a nova redação dada pela Lei no9.527, de 10 de dezembro de 1997, publicada no Diário Oficial da União de 11 de dezembro de 1997, e a Portaria no282, de 20 de agosto de 2009, publicada no D.O.U de 21 seguinte, resolve:</p><p>Designar CARMEN TAVARES COLLARES MOREIRA, matrícula SIAPE nº 1420804, para exercer a Função Comissionada do Poder Executivo de Coordenador, código FCPE 101.3, da Coordenação de Transparência de Ações em Mudança do Clima, da Secretaria de Mudança do Clima e Florestas.</p><p class="assina">EDSON GONÇALVES DUARTE</p>]]></Texto>
  </body>
</article></xml>