﻿<xml><article id="2899879" name="Port 226-DONIz" idOficio="4771671" pubName="DO2" artType="Portaria" pubDate="02/05/2018" artClass="00012:00002:00012:00036:00000:00000:00000:00000:00000:00000:00025:00003" artCategory="Ministério da Fazenda/Secretaria Executiva/Subsecretaria de Planejamento, Orçamento e Administração/Superintendência de Administração em São Paulo" artSize="8" artNotes="" numberPage="28" pdfPage="http://pesquisa.in.gov.br/imprensa/jsp/visualiza/index.jsp?data=02/05/2018&amp;jornal=529&amp;pagina=28" editionNumber="83" highlight="" idMateria="10717192">
  <body>
    <Identifica><![CDATA[  PORTARIA  n°  226,  DE  27  DE  ABRIL  DE  2018]]></Identifica>
    <Data><![CDATA[]]></Data>
    <Ementa />
    <Titulo />
    <SubTitulo />
    <Texto><![CDATA[<p class="identifica">PORTARIA n° 226, DE 27 DE ABRIL DE 2018</p><p>O SUPERINTENDENTE DE ADMINISTRAÇÃO DO MINISTÉRIO DA FAZENDA EM SÃO PAULO, no uso das atribuições que lhe foram conferidas pelo Artigo 65, item XIV da Portaria Ministerial nº 144 de 27.04.2016, publicada no Diário Oficial da União de 29.04.2016 e Portaria SRF nº 1671 de 16.06.2005, publicada no Diário Oficial da União de 20.06.2005 e tendo em vista o que consta no Processo nº 19515.000006/2018-42, resolve:</p><p>Conceder aposentadoria voluntária a servidora, Sra. MARCIA LANDEN BURKINSKI, Matriculas SIAPE: 0149834, SIAPECAD: 00019471, ocupante do cargo efetivo de Auditor Fiscal da Receita Federal do Brasil, Classe S, Padrão III, do Quadro Permanente do Ministério da Fazenda em São Paulo; com fundamento no Art. 3º da Emenda Constitucional nº 47/2005, com proventos integrais.</p><p class="assina">DONIZETI DE CARVALHO ROSA</p>]]></Texto>
  </body>
</article></xml>