﻿<xml><article id="2900161" name="INCOM Aposentadoria- Sobral__113" idOficio="4771773" pubName="DO2" artType="Portaria" pubDate="02/05/2018" artClass="00031:00024:00090:00000:00000:00000:00000:00000:00000:00000:00025:00001" artCategory="Ministério dos Transportes, Portos e Aviação Civil/Departamento Nacional de Infraestrutura de Transportes/Superintendência Regional no Ceará" artSize="8" artNotes="" numberPage="53" pdfPage="http://pesquisa.in.gov.br/imprensa/jsp/visualiza/index.jsp?data=02/05/2018&amp;jornal=529&amp;pagina=53" editionNumber="83" highlight="" idMateria="10717389">
  <body>
    <Identifica><![CDATA[ PORTARIA Nº 2.176, DE 30 DE ABRIL DE 2018]]></Identifica>
    <Data><![CDATA[]]></Data>
    <Ementa />
    <Titulo />
    <SubTitulo />
    <Texto><![CDATA[<p class="identifica">PORTARIA Nº 2.176, DE 30 DE ABRIL DE 2018</p><p>O SUPERINTENDENTE REGIONAL NO ESTADO DO CEARÁ DO DEPARTAMENTO NACIONAL DE INFRAESTRUTURA DE TRANSPORTES - DNIT, usando da competência que lhe foi delegada pela Portaria DG nº 931 de 30 de maio de 2016, publicada no Diário Oficial da União de 1° de junho de 2016, e tendo em vista o constante do processo nº 50603.001201/2018-41, resolve:</p><p>Conceder Aposentadoria voluntária ao servidor SUED BRITO SOBRAL, matrículas DNIT nº 2754-5 e SIAPE nº 8485860, ocupante do cargo de Agente Administrativo, Classe "Especial", Padrão III, Nível Intermediário, pertencente ao Quadro de Pessoal Específico desta Autarquia, lotado na Superintendência Regional no Estado do Ceará, com fundamento no art. 3º da Emenda Constitucional nº 47 de 2005, sem a opção da gratificação de desempenho aos proventos de aposentadoria nos termos dos artigos 6° e 7° da Lei n.º 13.371, de 14 de dezembro de 2016.</p><p class="assina">FRANCISCO JOSÉ CAMINHA ALMEIDA</p>]]></Texto>
  </body>
</article></xml>