﻿<xml><article id="2900855" name="DOU 2-AL-1PT-14-UNI-9788_terc717" idOficio="4771879" pubName="DO2" artType="Portaria" pubDate="02/05/2018" artClass="00034:00007:00023:00000:00000:00000:00000:00000:00000:00000:00025:00003" artCategory="Ministério Público da União/Ministério Público Federal/Procuradoria da República no Estado de Alagoas" artSize="8" artNotes="" numberPage="57" pdfPage="http://pesquisa.in.gov.br/imprensa/jsp/visualiza/index.jsp?data=02/05/2018&amp;jornal=529&amp;pagina=57" editionNumber="83" highlight="" idMateria="10717551">
  <body>
    <Identifica><![CDATA[ PORTARIA Nº 14, DE 26 DE ABRIL DE 2018]]></Identifica>
    <Data><![CDATA[]]></Data>
    <Ementa />
    <Titulo />
    <SubTitulo />
    <Texto><![CDATA[<p class="identifica">PORTARIA Nº 14, DE 26 DE ABRIL DE 2018</p><p>O PROCURADOR-CHEFE DA PROCURADORIA DA REPÚBLICA NO ESTADO DE ALAGOAS, no uso da competência que lhe foi delegada pela Portaria PGR nº 1.036 de 27 de setembro de 2017, bem como em observância ao disposto no artigo 56, inciso VI, do Regimento Interno Diretivo do Ministério Público Federal, aprovado pela Portaria PGR nº 357, de 05 de maio de 2015, resolve:</p><p>Art. 1º - Dispensar, a partir de 1º de maio de 2018, a servidora TALITA CHARRISE NUNES HIGINO, Analista do MPU/Apoio jurídico/Direito, matrícula nº 21338, do Cargo em Comissão de Assessor Nível II, código CC-2, do gabinete do 1º Ofício da Procuradoria da República no Estado de Alagoas/União dos Palmares.</p><p>Art. 2º - Designar a servidora ISABELA LEAL MALTA CABRAL, Analista do MPU/Apoio jurídico/Direito, matrícula nº 16604, para o Cargo em Comissão de Assessor Nível II, código CC-2, do gabinete do 1º Ofício da Procuradoria da República no Estado de Alagoas/União dos Palmares.</p><p class="assina">MARCIAL DUARTE COELHO</p>]]></Texto>
  </body>
</article></xml>