﻿<xml><article id="2902229" name="ATO PORTARIA Nº 480" idOficio="4772008" pubName="DO2" artType="Portaria" pubDate="02/05/2018" artClass="00011:00042:00000:00000:00000:00000:00000:00000:00000:00000:00025:00002" artCategory="Ministério da Educação/Fundação Universidade Federal de Sergipe" artSize="8" artNotes="" numberPage="15" pdfPage="http://pesquisa.in.gov.br/imprensa/jsp/visualiza/index.jsp?data=02/05/2018&amp;jornal=529&amp;pagina=15" editionNumber="83" highlight="" idMateria="10717785">
  <body>
    <Identifica><![CDATA[ PORTARIA N° 480, DE 23 DE ABRIL DE 2018]]></Identifica>
    <Data><![CDATA[]]></Data>
    <Ementa />
    <Titulo />
    <SubTitulo />
    <Texto><![CDATA[<p class="identifica">PORTARIA N° 480, DE 23 DE ABRIL DE 2018</p><p>O REITOR DA UNIVERSIDADE FEDERAL DE SERGIPE, no uso de suas atribuições legais e, considerando: o que consta no MEM. ELETRÔNICO nº 47/18/POSGRAP, de 02/04/2018; resolve:</p><p>Art. 1º - Dispensar, a partir de 04/04/2018, da Função Gratificada FG-4, de Responsável pelo Setor de Atendimento da POSGRAP, a Assistente em Administração, Nível de Classificação D, Nível de Capacitação 4, Padrão de Vencimento 07, JANINI DE OLIVEIRA FELIX, matrícula SIAPE nº 1627919, lotada na Coordenação de Pós-Graduação da Pró-Reitoria de Pós-Graduação - COPGD/POSGRAP, em regime de trabalho de 40 (quarenta) horas semanais.</p><p>Art. 2º - Designar, a partir de 04/04/2018, o Assistente em Administração, Nível de Classificação D, Nível de Capacitação 4, Padrão de Vencimento 06, ANSELMO GUIMARÃES, matrícula SIAPE nº 1642170, lotado na Coordenação de Pós-Graduação da Pró-Reitoria de Pós-Graduação - COPGD/POSGRAP, em regime de trabalho de 40 (quarenta) horas semanais, para exercer a Função Gratificada FG-4, de Responsável pelo Setor de Atendimento da POSGRAP.</p><p>Art. 3º - Esta Portaria entra em vigor nesta data, devendo ser publicada no Diário Oficial da União.</p><p class="assina">Angelo Roberto Antoniolli</p>]]></Texto>
  </body>
</article></xml>