﻿<xml><article id="2895578" name="IN Public 010 2018" idOficio="4770289" pubName="DO2" artType="Portaria" pubDate="02/05/2018" artClass="00011:00059:00012:00000:00000:00000:00000:00000:00000:00000:00025:00001" artCategory="Ministério da Educação/Instituto Federal de Educação, Ciência e Tecnologia Catarinense/Campus Blumenau" artSize="8" artNotes="" numberPage="18" pdfPage="http://pesquisa.in.gov.br/imprensa/jsp/visualiza/index.jsp?data=02/05/2018&amp;jornal=529&amp;pagina=18" editionNumber="83" highlight="" idMateria="10714246">
  <body>
    <Identifica><![CDATA[ PORTARIAS DE 26 DE ABRIL DE 2018]]></Identifica>
    <Data><![CDATA[]]></Data>
    <Ementa />
    <Titulo />
    <SubTitulo />
    <Texto><![CDATA[<p class="identifica">PORTARIAS DE 26 DE ABRIL DE 2018</p><p>A DIRETORA GERAL PRO TEMPORE DO INSTITUTO FEDERAL CATARINENSE - CAMPUS BLUMENAU, no uso da subdelegação de competência que lhe foi atribuída pela Portaria nº 929/2016 de 14/03/2016, publicada no Diário Oficial da União de 15/03/2016, resolve:</p><p>Nº 176 - Art. 1°- EXONERAR a pedido, a servidora SUELY APARECIDA DE JESUS MONTIBELLER, ocupante do cargo de Assistente de Alunos, Matrícula SIAPE n° 2134472, do Cargo Comissionado de SUBSTITUTO do Diretor de Desenvolvimento e Ensino (código CD 04) do IFC - Campus Blumenau.</p><p>Nº 177 - Art. 1°- DISPENSAR a pedido, a servidora SUELY APARECIDA DE JESUS MONTIBELLER, ocupante do cargo de Assistente de Alunos, Matrícula SIAPE n° 2134472, de exercer a Função Gratificada de Coordenadora Geral de Ensino (código FG 01) do IFC - Campus Blumenau.</p><p>Nº 178 - Art. 1°- DESIGNAR o servidor ANDRÉ DIAS COELHO, ocupante do cargo de Técnico de Laboratório - Área Eletromecânica, Matrícula SIAPE n° 2386208, para exercer a Função Gratificada de Coordenador Geral de Ensino (código FG 01) do IFC - Campus Blumenau.</p><p>Nº 179 - Art. 1º- NOMEAR o servidor ANDRÉ DIAS COELHO, ocupante do cargo de Técnico de Laboratório - Área Eletromecânica, Matrícula SIAPE n° 2386208, como SUBSTITUTO no Cargo Comissionado de Diretor de Desenvolvimento de Ensino (código CD 04) do IFC - Campus Blumenau.</p><p>Nº 182 - Art. 1°- DISPENSAR a pedido, a servidora SIMONE VOLTOLINI OLCZYK, Assistente de Alunos, Matrícula SIAPE n° 2134459, de exercer a Função Gratificada de Coordenadora do Serviço Integrado de Suporte e Acompanhamento Educacional - SISAE, antigo CAE, (código FG 01) do IFC - Campus Blumenau,</p><p>Nº 183 - Art. 1°- DESIGNAR o servidor LUIZ FELIPE SANTOS QUEIROZ, Auxiliar em Administração, Matrícula SIAPE n° 1970171, para exercer a Função Gratificada de Coordenador do Serviço Integrado de Suporte e Acompanhamento Educacional - SISAE (código FG 01) do IFC - Campus Blumenau.</p><p>Art.: 2°- Estas portarias entram em vigor a partir da data da publicação.</p><p class="assina">Marilane Maria Wolff Paim</p>]]></Texto>
  </body>
</article></xml>