﻿<xml><article id="2903787" name="DESPACHO nº 431-2018 - Mansur Ab" idOficio="4772239" pubName="DO2" artType="Despacho" pubDate="02/05/2018" artClass="00009:00002:00000:00000:00000:00000:00000:00000:00000:00000:00025:00014" artCategory="Ministério da Cultura/Secretaria Executiva" artSize="8" artNotes="" numberPage="7" pdfPage="http://pesquisa.in.gov.br/imprensa/jsp/visualiza/index.jsp?data=02/05/2018&amp;jornal=529&amp;pagina=7" editionNumber="83" highlight="" idMateria="10718342">
  <body>
    <Identifica><![CDATA[ DESPACHO De 27 DE ABRIL DE 2018]]></Identifica>
    <Data><![CDATA[]]></Data>
    <Ementa />
    <Titulo />
    <SubTitulo />
    <Texto><![CDATA[<p class="identifica">DESPACHO De 27 DE ABRIL DE 2018</p><p>A SECRETÁRIA-EXECUTIVA DO MINISTÉRIO DA CULTURA, no uso da competência que lhe foi delegada pela Portaria nº 46, de 11 de abril de 2018, e tendo em vista o disposto no art. 2º do Decreto nº 1.387, de 7 de fevereiro de 1995, resolve AUTORIZAR o afastamento do país de MANSUR ABUNASSER BASSIT, Secretário da Secretaria da Economia da Cultura, para representar o Ministério da Cultura na XIX Conferência Ibero-americana de Ministros da Cultura, em Antígua - Guatemala, no período de 2 a 6 de maio de 2018, incluindo trânsito, com ônus/MinC (Processo nº 01400.006843/2018-15).</p><p class="assina">MARIANA RIBAS DA SILVA</p>]]></Texto>
  </body>
</article></xml>