﻿<xml><article id="2895530" name="Gabarito Aposentadorias" idOficio="4768547" pubName="DO2" artType="Portaria" pubDate="02/05/2018" artClass="00011:00028:00000:00000:00000:00000:00000:00000:00000:00000:00025:00001" artCategory="Ministério da Educação/Fundação Universidade Federal de Ciências da Saúde de Porto Alegre" artSize="8" artNotes="" numberPage="12" pdfPage="http://pesquisa.in.gov.br/imprensa/jsp/visualiza/index.jsp?data=02/05/2018&amp;jornal=529&amp;pagina=12" editionNumber="83" highlight="" idMateria="10710678">
  <body>
    <Identifica><![CDATA[PORTARIA nº 173, DE 26 ABRIL DE 2018]]></Identifica>
    <Data><![CDATA[]]></Data>
    <Ementa />
    <Titulo />
    <SubTitulo />
    <Texto><![CDATA[<p class="identifica">PORTARIA nº 173, DE 26 ABRIL DE 2018</p><p>A Vice-Reitora da Fundação Universidade Federal de Ciências da Saúde de Porto Alegre, no uso de suas atribuições, conferidas pela Portaria nº 238 de 22/03/2017, publicada no DOU de 23/03/2017 tendo em vista o que consta no Processo nº 23103.002232/2018-87, resolve:</p><p>Conceder aposentadoria voluntária integral ao servidor SERGIO ZYLBERSZTEJN, matrícula nº 0434289, ocupante do cargo de Professor do Magistério Superior, Classe Assistente, Nível 2, no regime de 40 horas semanais, nos termos do artigo 3º, incisos I, II, III e Parágrafo Único, da Emenda Constitucional nº 47/2005.</p><p class="assina">JENIFER SAFFI</p>]]></Texto>
  </body>
</article></xml>