﻿<xml><article id="2896173" name="PORTARIA 382 - MÔNICA MIRANDA GA" idOficio="4770764" pubName="DO2" artType="Portaria" pubDate="02/05/2018" artClass="00038:00027:00001:00000:00000:00000:00000:00000:00000:00000:00025:00001" artCategory="Poder Judiciário/Tribunal Regional Eleitoral do Paraná/Presidência" artSize="8" artNotes="" numberPage="65" pdfPage="http://pesquisa.in.gov.br/imprensa/jsp/visualiza/index.jsp?data=02/05/2018&amp;jornal=529&amp;pagina=65" editionNumber="83" highlight="" idMateria="10715025">
  <body>
    <Identifica><![CDATA[ PORTARIA Nº 382, DE 26 DE ABRIL DE 2018]]></Identifica>
    <Data><![CDATA[]]></Data>
    <Ementa />
    <Titulo />
    <SubTitulo />
    <Texto><![CDATA[<p></p><p></p><p class="identifica">PORTARIA Nº 382, DE 26 DE ABRIL DE 2018</p><p>O PRESIDENTE DO TRIBUNAL REGIONAL ELEITORAL DO PARANÁ, usando das atribuições que lhe são conferidas pelo artigo 23, incisos XXV e XXX, do Regimento Interno deste Tribunal, resolve:</p><p>I - EXONERAR a servidora MÔNICA MIRANDA GAMA MONTEIRO, ocupante do cargo de Analista Judiciário, Área de Atividade Judiciária, Classe C, Padrão 13, do Quadro de Pessoal deste Tribunal, do cargo em comissão de Assessora Jurídica e de Gestão da Diretoria Geral, CJ-2, a partir da data da publicação;</p><p>II - EXONERAR o servidor PAULO SERGIO ESTEVES, ocupante do cargo de Técnico Judiciário, Área de Atividade Administrativa, Classe C, Padrão 13, do Quadro de Pessoal deste Tribunal, do cargo em comissão de Coordenador de Fiscalização do Cadastro Eleitoral, CJ-2, a partir da data da publicação;</p><p>III - NOMEAR a servidora MÔNICA MIRANDA GAMA MONTEIRO, ocupante do cargo de Analista Judiciário, Área de Atividade Judiciária, Classe C, Padrão 13, do Quadro de Pessoal deste Tribunal, para exercer o cargo em comissão de Coordenadora de Fiscalização do Cadastro Eleitoral, CJ-2, a partir da data da publicação;</p><p>IV - NOMEAR o servidor PAULO SERGIO ESTEVES, ocupante do cargo de Técnico Judiciário, Área de Atividade Administrativa, Classe C, Padrão 13, do Quadro de Pessoal deste Tribunal, para exercer o cargo em comissão de Assessor Jurídico da Diretoria Geral, CJ-2, a partir da data da publicação.</p><p class="assina">Des. LUIZ TARO OYAMA</p><p></p>]]></Texto>
  </body>
</article></xml>