﻿<xml><article id="2902241" name="ATO PORTARIA Nº 488" idOficio="4772008" pubName="DO2" artType="Portaria" pubDate="02/05/2018" artClass="00011:00042:00000:00000:00000:00000:00000:00000:00000:00000:00025:00005" artCategory="Ministério da Educação/Fundação Universidade Federal de Sergipe" artSize="8" artNotes="" numberPage="15" pdfPage="http://pesquisa.in.gov.br/imprensa/jsp/visualiza/index.jsp?data=02/05/2018&amp;jornal=529&amp;pagina=15" editionNumber="83" highlight="" idMateria="10717788">
  <body>
    <Identifica><![CDATA[ PORTARIA Nº 488, DE 23 DE ABRIL DE 2018]]></Identifica>
    <Data><![CDATA[]]></Data>
    <Ementa />
    <Titulo />
    <SubTitulo />
    <Texto><![CDATA[<p class="identifica">PORTARIA Nº 488, DE 23 DE ABRIL DE 2018</p><p>O REITOR DA UNIVERSIDADE FEDERAL DE SERGIPE, no uso de suas atribuições legais e, considerando: o que consta no MEM. ELETRÔNICO nº 47/18/PROPLAN, de 02/04/2018; resolve:</p><p>Art. 1º - Dispensar, a partir de 02/04/2018, da Função Gratificada FG-1, de Chefe da Central Operacional de Gestão de Riscos - CEOGER/COPAC, o Economista, Nível de Classificação E, Nível de Capacitação 4, Padrão de Vencimento 07, MARCOS VINICIUS NASCIMENTO GONZALEZ CASTANEDA, matrícula SIAPE nº 2499472, lotado na Pró-Reitoria de Planejamento - PROPLAN/UFS, em regime de trabalho de 40 (quarenta) horas semanais.</p><p>Art. 2º - Designar, a partir de 02/04/2018, a servidora, DANIELA SANTANA, matrícula SIAPE nº 2495751, lotada na Pró-Reitoria de Planejamento -PROPLAN/UFS, em regime de trabalho de 40 (quarenta) horas semanais, para exercer a Função Gratificada FG-4, de Chefe da Central Operacional de Gestão de Riscos - CEOGER/COPAC.</p><p>Art. 3º - Esta Portaria entra em vigor nesta data, devendo ser publicada no Diário Oficial da União.</p><p class="assina">Angelo Roberto Antoniolli</p>]]></Texto>
  </body>
</article></xml>