﻿<xml><article id="2895698" name="EMANUEL NEVES DE LIMA X VICENTE " idOficio="4770393" pubName="DO2" artType="Portaria" pubDate="02/05/2018" artClass="00038:00029:00000:00000:00000:00000:00000:00000:00000:00000:00025:00001" artCategory="Poder Judiciário/Tribunal Regional Eleitoral do Piauí" artSize="8" artNotes="" numberPage="65" pdfPage="http://pesquisa.in.gov.br/imprensa/jsp/visualiza/index.jsp?data=02/05/2018&amp;jornal=529&amp;pagina=65" editionNumber="83" highlight="" idMateria="10714383">
  <body>
    <Identifica><![CDATA[ PORTARIA nº 441, de 27 de abril de 2018]]></Identifica>
    <Data><![CDATA[]]></Data>
    <Ementa />
    <Titulo />
    <SubTitulo />
    <Texto><![CDATA[<p></p><p></p><p class="identifica">PORTARIA nº 441, de 27 de abril de 2018</p><p></p><p>O DESEMBARGADOR FRANCISCO ANTONIO PAES LANDIM FILHO, PRESIDENTE DO EGRÉGIO TRIBUNAL REGIONAL ELEITORAL DO PIAUÍ, no uso de suas atribuições legais e,</p><p>Considerando o atendimento do artigo 37 da Lei nº 8112, de 11 de dezembro de 1990, da regulamentação constante na Resolução CNJ nº 146/2012; arts. 23 e 26 da Resolução TSE nº 23.563, de 12 de abril de 2018 e arts 34 e 37 e Anexos I e II da Resolução TRE-PI nº 305, de 31 de março de 2015;</p><p>Considerando, ainda, as decisões exaradas nos Processos Administrativos Digitais (PAD) nº 2774/2017 - TRE/PI, de 15 de março de 2017 e Protocolo TRT nº 015-00004/2018- TRT/PB, resolve:</p><p>Art. 1º Fica redistribuído o cargo de Técnico Judiciário, Área Administrativa, do Quadro de Pessoal do Tribunal Regional Eleitoral do Piauí, ocupado pelo servidor EMANUEL NEVES DE LIMA, em reciprocidade com o cargo de mesma denominação, ocupado pelo servidor VICENTE FERREIRA LOURENÇO, oriundo do Tribunal Regional do Trabalho da 13ª Região/Paraíba.</p><p>Art. 2º Fica concedido trânsito de 20 (vinte) dias ao servidor VICENTE FERREIRA LOURENÇO, Técnico Judiciário, Área Administrativa.</p><p>Art. 3º Esta portaria entra em vigor na data de sua publicação.</p><p class="assina">Des. FRANCISCO ANTONIO PAES LANDIM FILHO</p><p></p>]]></Texto>
  </body>
</article></xml>