﻿<xml><article id="2896245" name="presrerb0205a" idOficio="4770765" pubName="DO2" artType="Resolução" pubDate="02/05/2018" artClass="00038:00009:00000:00000:00000:00000:00000:00000:00000:00000:00031:00002" artCategory="Poder Judiciário/Tribunal Regional Federal da 3ª Região" artSize="8" artNotes="" numberPage="64" pdfPage="http://pesquisa.in.gov.br/imprensa/jsp/visualiza/index.jsp?data=02/05/2018&amp;jornal=529&amp;pagina=64" editionNumber="83" highlight="" idMateria="10715026">
  <body>
    <Identifica><![CDATA[ RESOLUÇÃO  Nº 176, DE 13 DE MARÇO DE 2018]]></Identifica>
    <Data><![CDATA[]]></Data>
    <Ementa />
    <Titulo />
    <SubTitulo />
    <Texto><![CDATA[<p></p><p class="identifica">RESOLUÇÃO Nº 176, DE 13 DE MARÇO DE 2018</p><p></p><p>A PRESIDENTE DO TRIBUNAL REGIONAL FEDERAL DA TERCEIRA REGIÃO, no uso de suas atribuições legais, e tendo em vista o artigo 96, inciso I, alínea "b", da Constituição da República, combinado com o artigo 21, inciso XVII, alínea "g", do Regimento Interno deste Tribunal, e o contido no Processo Administrativo nº 0042762-72.2017.4.03.8000, resolve:</p><p>REDISTRIBUIR o cargo de Técnico Judiciário, Área Administrativa, do quadro de pessoal da Seção Judiciária do Estado de São Paulo, ocupado pelo servidor PAULO RODRIGUES DOS SANTOS, para o quadro de pessoal da Seção Judiciária do Estado do Rio de Janeiro, vinculada ao E. Tribunal Regional Federal da 2ª Região, a teor do artigo 37 da Lei nº 8.112/90 e da Resolução nº 146/2012, do E. Conselho Nacional de Justiça.</p><p class="assina">Des. THEREZINHA ASTOLPHI CAZERTA</p><p></p>]]></Texto>
  </body>
</article></xml>