﻿<xml><article id="2903463" name="EDITAL 4 de 27-04-2018" idOficio="4772153" pubName="DO2" artType="Edital" pubDate="02/05/2018" artClass="00099:00007:00003:00064:00000:00000:00000:00000:00000:00000:00000:00021:00001" artCategory="Editais e Avisos" artSize="8" artNotes="" numberPage="71" pdfPage="http://pesquisa.in.gov.br/imprensa/jsp/visualiza/index.jsp?data=02/05/2018&amp;jornal=529&amp;pagina=71" editionNumber="83" highlight="" idMateria="10718116">
  <body>
    <Identifica><![CDATA[ EDITAL Nº 4, DE 27 DE ABRIL DE 2018SUSPENSÃO DE PAGAMENTO]]></Identifica>
    <Data><![CDATA[]]></Data>
    <Ementa />
    <Titulo />
    <SubTitulo />
    <Texto><![CDATA[<p></p><p></p><p class="identifica">EDITAL Nº 4, DE 27 DE ABRIL DE 2018SUSPENSÃO DE PAGAMENTO</p><p>O SUPERINTENDENTE FEDERAL DE AGRICULTURA, PECUÁRIA E ABASTECIMENTO NO ESTADO DE MINAS GERAIS, no uso das atribuições que lhe conferem o artigo 262, inciso VI e o 292, inciso VII, do Regimento Interno da Secretaria Executiva-SE/MAPA, aprovado pela Portaria Ministerial nº 561 de 11/04/2018, publicada no Diário Oficial da União de 13/04/2018 e em conformidade com as disposições estabelecidas pela Orientação Normativa nº 1 - SEGEP/MP, de 02 de janeiro de 2017, publicada do Diário Oficial da União de 05/01/2017, resolve:</p><p>1.Tornar público que o aposentado ROBERTO ZINO CARRIJO RODRIGUES, CPF 273.525.526-34, matrícula SIAPE 6815, no mês de aniversário, não atendeu a convocação e notificação para realizar o recadastramento anual/2018, conforme estabelecido no inciso "a" do artigo 11 da Orientação Normativa nº 01 - SEGEP/MP, de 02 de janeiro de 2017.</p><p>2.A suspensão do pagamento do provento foi efetivada na folha de pagamento do mês de Abril/2018.</p><p>3. O restabelecimento do pagamento do provento fica condicionado ao recadastramento do aposentado mediante comparecimento pessoal do interessado ao Serviço de Gestão de Pessoas da SFA-MG, sito a Av. Raja Gabaglia, 245 - Cidade Jardim - Belo Horizonte/MG, portando a documentação estabelecida nos artigos 5º e 6º da ON nº 1/2017 - SEGEP/MP.</p><p>3.1. O crédito do pagamento restabelecido será efetivado na primeira folha de pagamento disponível para inclusão.</p><p>4. Na hipótese de moléstia grave ou de impossibilidade de locomoção da pensionista, deverá ser solicitado o agendamento de visita técnica, por meio do telefone (31) 3250-0361, para comprovação de vida, ficando o pagamento restabelecido provisoriamente até que seja realizada a visita técnica, observando o disposto no item 3.1 do presente Edital.</p><p class="assina">MÁRCIO LUIZ MURTA KANGUSSU</p>]]></Texto>
  </body>
</article></xml>