﻿<xml><article id="2903349" name="VIVIANE MARIA ALVES DE CARVALHO " idOficio="4772159" pubName="DO2" artType="Portaria" pubDate="02/05/2018" artClass="00017:00004:00007:00001:00000:00000:00000:00000:00000:00000:00025:00002" artCategory="Ministério da Saúde/Agência Nacional de Saúde Suplementar/Diretoria Colegiada/Presidência/ANS" artSize="12" artNotes="" numberPage="37" pdfPage="http://pesquisa.in.gov.br/imprensa/jsp/visualiza/index.jsp?data=02/05/2018&amp;jornal=529&amp;pagina=37" editionNumber="83" highlight="" idMateria="10718069">
  <body>
    <Identifica><![CDATA[ Portaria Nº 9.678, de 30 de abril de 2018]]></Identifica>
    <Data><![CDATA[]]></Data>
    <Ementa />
    <Titulo />
    <SubTitulo><![CDATA[ANEXO I]]></SubTitulo>
    <Texto><![CDATA[<p></p><p class="identifica">Portaria Nº 9.678, de 30 de abril de 2018</p><p>O DIRETOR PRESIDENTE SUBSTITUTO DA AGÊNCIA NACIONAL DE SAÚDE SUPLEMENTAR, no uso das atribuições legais que lhe conferem o inciso VI do art. 11 da Lei n.º 9.961, de 28 de janeiro de 2000 e o inciso VI do art. 11 do Regulamento aprovado pelo Decreto n.º 3.327, de 5 de janeiro de 2000, art. 21, inciso I, alínea "b" e art. 26, inciso VI do Regimento Interno, aprovado pela Resolução Regimental - RR n.º 01, de 20 de março de 2017, com fundamento no disposto no art. 37, inciso II, da Constituição da República Federativa do Brasil, no art. 9º, inciso I, e art. 10 da Lei n.º 8.112, de 11 de dezembro de 1990, e no art. 14 da Lei n.º 10.871, de 20 de maio de 2004, resolve:</p><p>Art. 1º Nomear candidata, conforme autorização da Portaria nº 100 de 19 de abril de 2017 do Ministério do Planejamento, Desenvolvimento e Gestão, publicada no Diário Oficial da União de 20 de abril de 2017, relacionados no Anexo I para exercer, em caráter efetivo, o cargo de Técnico Administrativo Classe "A", Padrão "I" do quadro de pessoal da ANS, com o resultado homologado pelo Edital nº 15, de 31 de maio de 2016, publicado no Diário Oficial da União, de 01 de junho de 2016, obedecida a classificação final.</p><p>Art. 2º A posse da servidora, relacionada no Anexo I, assim como o respectivo exercício, ocorrerá no dia 16 de maio de 2018, na Rua Dom Romualdo de Seixas, nº 1.560, Edifício Connext Office, 7º pavimento, espaços corporativos 4 e 5, Bairro Umarizal - Belém - PA - CEP 66055-200, Núcleo - Pará, unidade da federação para a qual foi aprovada, desde que apresentada a documentação necessária e cumpridas todas as formalidades legais.</p><p>Art. 3º A candidata, ora nomeada, se desejar tomar posse em data posterior à indicada no art. 2º, poderá fazê-lo em até 30 (trinta) dias após a publicação desta Portaria.</p><p>Art. 4º As listas com os documentos necessários para a posse, bem como com os exames médicos, serão disponibilizadas no site www.ans.gov.br.</p><p>Art. 5º Esta Portaria entra em vigor na data de sua publicação.</p><p class="assina">LEANDRO FONSECA DA SILVA</p><p></p><p class="subtitulo">ANEXO I</p><p>CARGO: TÉCNICO ADMINISTRATIVO, CLASSE "A", PADRÃO"I</p><p>LOCALIDADE: BELÉM - PARÁ</p><p></p><table><tr /><tr><td><p>Classificação</p></td><td><p>Inscrição</p></td><td><p>Nome</p></td><td><p>Nota Final</p></td><td><p>UF</p></td><td><p>Código de Vaga</p></td></tr><tr><td><p>2</p></td><td><p>143.800.0</p></td><td><p>VIVIANE MARIA ALVES DE CARVALHO</p></td><td><p>92,60</p></td><td><p>PA</p></td><td><p>998229</p></td></tr></table>]]></Texto>
  </body>
</article></xml>