﻿<xml><article id="2905613" name="PORTARIA GPR 671" idOficio="4772242" pubName="DO2" artType="Portaria" pubDate="02/05/2018" artClass="00038:00039:00002:00000:00000:00000:00000:00000:00000:00000:00025:00004" artCategory="Poder Judiciário/Tribunal de Justiça do Distrito Federal e dos Territórios/Presidência" artSize="8" artNotes="" numberPage="66" pdfPage="http://pesquisa.in.gov.br/imprensa/jsp/visualiza/index.jsp?data=02/05/2018&amp;jornal=529&amp;pagina=66" editionNumber="83" highlight="" idMateria="10718347">
  <body>
    <Identifica><![CDATA[ PORTARIA nº 671, DE 16 DE ABRIL DE 2018]]></Identifica>
    <Data><![CDATA[]]></Data>
    <Ementa />
    <Titulo />
    <SubTitulo />
    <Texto><![CDATA[<p></p><p class="identifica">PORTARIA nº 671, DE 16 DE ABRIL DE 2018</p><p>O PRESIDENTE DO TRIBUNAL DE JUSTIÇA DO DISTRITO FEDERAL E DOS TERRITÓRIOS, no uso de sua competência legal e tendo em vista o contido no PA N. 1000371/2018, resolve:</p><p>Art. 1º Designar MARIA CLARA PEREIRA RAMOS, matrícula N. 318.116, Analista Judiciário, Área Judiciária, do Quadro de Pessoal deste Tribunal, para exercer a Função Comissionada, FC-01, de Executante do 1º Juizado Especial Cível da Circunscrição Judiciária de Taguatinga, ficando dispensado GUSTAVO HENRIQUE DE OLIVEIRA, matrícula N. 319.179, Técnico Judiciário, Área Administrativa, do Quadro de Pessoal deste Tribunal.</p><p>Art. 2º Esta Portaria entra em vigor na data de sua publicação.</p><p class="assina">Des. MARIO MACHADO</p><p></p>]]></Texto>
  </body>
</article></xml>