﻿<xml><article id="2904392" name="PORTARIA Nº 070" idOficio="4772200" pubName="DO2" artType="Portaria" pubDate="02/05/2018" artClass="00034:00004:00000:00000:00000:00000:00000:00000:00000:00000:00025:00001" artCategory="Ministério Público da União/Escola Superior" artSize="8" artNotes="" numberPage="55" pdfPage="http://pesquisa.in.gov.br/imprensa/jsp/visualiza/index.jsp?data=02/05/2018&amp;jornal=529&amp;pagina=55" editionNumber="83" highlight="" idMateria="10718645">
  <body>
    <Identifica><![CDATA[ PORTARIA Nº 70, DE 25 DE ABRIL DE 2018]]></Identifica>
    <Data><![CDATA[]]></Data>
    <Ementa />
    <Titulo />
    <SubTitulo />
    <Texto><![CDATA[<p class="identifica">PORTARIA Nº 70, DE 25 DE ABRIL DE 2018</p><p>O DIRETOR-GERAL DA ESCOLA SUPERIOR DO MINISTÉRIO PÚBLICO DA UNIÃO, no uso das atribuições que lhe foram conferidas pelo artigo 80 do Regimento Interno da ESMPU, aprovado pela Portaria 905, de 16 de dezembro de 2013 e alterado pela Portaria PGR/MPU nº 78, de 22 de outubro de 2014, resolve:</p><p>Dispensar, a partir de 01 de maio de 2018, a servidora ERILANE MARTINS CAIXEITA, ocupante do cargo de Técnico do MPU/Administração, matrícula 70032-1, da função de confiança de Chefe do Núcleo de Serviços Gerais, Código FC-03, da Escola Superior do Ministério Público da União.</p><p class="assina">JOÃO AKIRA OMOTO</p>]]></Texto>
  </body>
</article></xml>