﻿<xml><article id="2898524" name="PTS29A32SGPADM" idOficio="4771712" pubName="DO2" artType="Portaria" pubDate="02/05/2018" artClass="00022:00029:00233:00003:00066:00000:00000:00000:00000:00000:00025:00002" artCategory="Ministério do Desenvolvimento Social/Instituto Nacional do Seguro Social/Diretoria de Gestão de Pessoas/Coordenação-Geral de Gestão de Pessoas/Serviço de Gestão de Pessoas da Administração Central" artSize="8" artNotes="" numberPage="41" pdfPage="http://pesquisa.in.gov.br/imprensa/jsp/visualiza/index.jsp?data=02/05/2018&amp;jornal=529&amp;pagina=41" editionNumber="83" highlight="" idMateria="10717289">
  <body>
    <Identifica><![CDATA[ PORTARIAS de 30 de abril de 2018]]></Identifica>
    <Data><![CDATA[]]></Data>
    <Ementa />
    <Titulo />
    <SubTitulo />
    <Texto><![CDATA[<p class="identifica">PORTARIAS de 30 de abril de 2018</p><p>A CHEFE DO SERVIÇO DE GESTÃO DE PESSOAS DA ADMINISTRAÇÃO CENTRAL DO INSTITUTO NACIONAL DO SEGURO SOCIAL, no uso das atribuições conferidas pelo artigo 119 do Regimento Interno do INSS, aprovado pela Portaria MDS nº 414, de 28.09.2017, publicada no DOU nº 188-A, Seção I, de 24.07.2017, Seção I, resolve:</p><p>Nº 29. Conceder aposentadoria voluntária por tempo de contribuição a servidora SILENE DUARTE REZENDE BARBOSA, matrícula 0.208.489, ocupante do cargo de Técnico do Seguro Social, Classe "S", Padrão IV, do quadro de pessoal do Instituto Nacional do Seguro Social, com fundamento no artigo 3º da Emenda Constitucional nº 47/2005, com proventos integrais, com base na remuneração do cargo e demais vantagens a que faz jus, na forma da lei. (Processo nº 35000.000544/2018-93), em consequência, declarar vago o referido cargo.</p><p>Nº 30. Conceder aposentadoria voluntária por tempo de contribuição a servidora EULALIA MARIA GONÇALVES SOARES, matrícula 0.878.067, ocupante do cargo de Técnico do Seguro Social, Classe "S", Padrão IV, do quadro de pessoal do Instituto Nacional do Seguro Social, com fundamento no artigo 3º da Emenda Constitucional nº 47/2005, com proventos integrais, com base na remuneração do cargo e demais vantagens a que faz jus, na forma da lei. (Processo nº 35000.000356/2018-65), em consequência, declarar vago o referido cargo.</p><p>Nº 31. Conceder aposentadoria voluntária por tempo de contribuição a servidora HEIDA NAVA PINTO, matrícula 0.877.682, ocupante do cargo de Telefonista, Classe "S", Padrão IV, do quadro de pessoal do Instituto Nacional do Seguro Social, com fundamento no artigo 3º da Emenda Constitucional nº 47/2005, com proventos integrais, com base na remuneração do cargo e demais vantagens a que faz jus, na forma da lei. (Processo nº 35000.000435/2018-76), em consequência, declarar vago o referido cargo.</p><p>Nº 32. Conceder aposentadoria voluntária por tempo de contribuição a servidora MARIA PEPITA FORTES DE CARVALHO, matrícula 0.879.040, ocupante do cargo de Técnico do Seguro Social, Classe "S", Padrão IV, do quadro de pessoal do Instituto Nacional do Seguro Social, com fundamento no artigo 3º da Emenda Constitucional nº 47/2005, com proventos integrais, com base na remuneração do cargo e demais vantagens a que faz jus, na forma da lei. (Processo nº 35000.000371/2018-11), em consequência, declarar vago o referido cargo.</p><p class="assina">ANA PAULA PROCACI ERVILHA</p>]]></Texto>
  </body>
</article></xml>