﻿<xml><article id="2898431" name="PT37SANTOANDRE" idOficio="4771703" pubName="DO2" artType="Portaria" pubDate="02/05/2018" artClass="00022:00029:00239:00018:01183:00000:00000:00000:00000:00000:00025:00003" artCategory="Ministério do Desenvolvimento Social/Instituto Nacional do Seguro Social/Superintendência-Regional Sudeste I em São Paulo/Gerência Executiva - B - Santo André/Seção Operacional da Gestão de Pessoas" artSize="8" artNotes="" numberPage="43" pdfPage="http://pesquisa.in.gov.br/imprensa/jsp/visualiza/index.jsp?data=02/05/2018&amp;jornal=529&amp;pagina=43" editionNumber="83" highlight="" idMateria="10717269">
  <body>
    <Identifica><![CDATA[ PORTARIA Nº 37, de 27 de abril de 2018 ]]></Identifica>
    <Data><![CDATA[]]></Data>
    <Ementa />
    <Titulo />
    <SubTitulo />
    <Texto><![CDATA[<p class="identifica">PORTARIA Nº 37, de 27 de abril de 2018</p><p>A CHEFIA DA SEÇÃO OPERACIONAL DA GESTÃO DE PESSOAS DO INSTITUTO NACIONAL DO SEGURO SOCIAL - INSS, no uso das competências que lhe foram conferidas pelo art. 230 do Regimento Interno do INSS, aprovado pela portaria nº 414/MDS, de 28 de setembro de 2017, e ainda com base no Decreto nº 9.104, de 24 de julho de 2017, mediante o contido no processo 35431.000139/2018-03, resolve:</p><p>I - Conceder Aposentadoria Voluntária à servidora MERLI BASSANI DE SOUZA, matrícula siape n.º 0942.181, ocupante do cargo de Técnico do Seguro Social, Classe "S", Padrão IV, do Quadro de Pessoal do Instituto Nacional do Seguro Social, com fundamento no artigo 3º da Emenda Constitucional nº 47/2005, com proventos integrais, acrescidos das vantagens a que faz jus.</p><p>II - Declarar vago o referido cargo.</p><p class="assina">MAÍSA CRISTINA MENEZES CABRAL</p>]]></Texto>
  </body>
</article></xml>