﻿<xml><article id="2899966" name="PT145RIOCENTRO" idOficio="4771737" pubName="DO2" artType="Portaria" pubDate="02/05/2018" artClass="00022:00029:00240:00006:00034:00003:00000:00000:00000:00000:00025:00006" artCategory="Ministério do Desenvolvimento Social/Instituto Nacional do Seguro Social/Superintendência Regional Sudeste II em Belo Horizonte/Gerência Executiva - A - Rio de Janeiro - Centro/Serviço de Administração/Seção Operacional  de Gestão de Pessoas" artSize="8" artNotes="" numberPage="44" pdfPage="http://pesquisa.in.gov.br/imprensa/jsp/visualiza/index.jsp?data=02/05/2018&amp;jornal=529&amp;pagina=44" editionNumber="83" highlight="" idMateria="10717363">
  <body>
    <Identifica><![CDATA[ PORTARIA Nº 145, DE 30 DE ABRIL DE 2018]]></Identifica>
    <Data><![CDATA[]]></Data>
    <Ementa />
    <Titulo />
    <SubTitulo />
    <Texto><![CDATA[<p class="identifica">PORTARIA Nº 145, DE 30 DE ABRIL DE 2018</p><p>A CHEFIA DA SEÇÃO OPERACIONAL DA GESTÃO DE PESSOAS DA GERÊNCIA EXECUTIVA CENTRO, no Estado do Rio de Janeiro, no uso das atribuições estabelecidas no artigo 235 do Regimento Interno, aprovado pela PT/MDS 414, de 28/09/2017, publicada no DOU nº 188-A, Seção I, de 29/09/2017, e tendo em vista o processo nº 35301.001505/2018-19, resolve:</p><p>Exonerar a pedido, o servidor MARCIO DE FIGUEIREDO MACHADO ARAUJO, matrícula SIAPE 1.517.442, ocupante do cargo de Técnico do Seguro Social, classe "C", padrão III, do Quadro de Pessoal do Instituto Nacional do Seguro Social, com base no artigo 34, Caput, da Lei 8.112/90, em consequência declarar vago o referido cargo.</p><p class="assina">CONSUELO LOPES PADRÃO</p>]]></Texto>
  </body>
</article></xml>