﻿<xml><article id="2900215" name="RETIFICAregina30-04-2018" idOficio="4771770" pubName="DO2" artType="Retificação" pubDate="02/05/2018" artClass="00017:00026:00014:00007:00000:00000:00000:00000:00000:00000:00032:00001" artCategory="Ministério da Saúde/Secretaria de Atenção à Saúde/Departamento de Gestão Hospitalar no Estado do Rio de Janeiro/Hospital Federal Cardoso Fontes" artSize="8" artNotes="" numberPage="38" pdfPage="http://pesquisa.in.gov.br/imprensa/jsp/visualiza/index.jsp?data=02/05/2018&amp;jornal=529&amp;pagina=38" editionNumber="83" highlight="" idMateria="10717387">
  <body>
    <Identifica><![CDATA[ RETIFICAÇÃO]]></Identifica>
    <Data><![CDATA[]]></Data>
    <Ementa />
    <Titulo />
    <SubTitulo />
    <Texto><![CDATA[<p class="identifica">RETIFICAÇÃO</p><p>Na Portaria n.º 109 de 26/04/2018, publicada no Diário Oficial da União n.º 82 de 30/04/2018, referente à aposentadoria de servidor(a), Onde se lê: "CELIA REGINA DE PAIVA FREITAS, matrícula SIAPE 634421 [...]", Leia-se: "REGINA CELIA DE PAIVA FREITAS, matrícula SIAPE 634421 [...]".</p>]]></Texto>
  </body>
</article></xml>