﻿<xml><article id="2902223" name="ATO PORTARIA Nº 493" idOficio="4772008" pubName="DO2" artType="Portaria" pubDate="02/05/2018" artClass="00011:00042:00000:00000:00000:00000:00000:00000:00000:00000:00025:00009" artCategory="Ministério da Educação/Fundação Universidade Federal de Sergipe" artSize="8" artNotes="" numberPage="16" pdfPage="http://pesquisa.in.gov.br/imprensa/jsp/visualiza/index.jsp?data=02/05/2018&amp;jornal=529&amp;pagina=16" editionNumber="83" highlight="" idMateria="10717792">
  <body>
    <Identifica><![CDATA[ PORTARIA Nº 493, DE 24 DE ABRIL DE 2018]]></Identifica>
    <Data><![CDATA[]]></Data>
    <Ementa />
    <Titulo />
    <SubTitulo />
    <Texto><![CDATA[<p class="identifica">PORTARIA Nº 493, DE 24 DE ABRIL DE 2018</p><p>O REITOR DA UNIVERSIDADE FEDERAL DE SERGIPE, no uso de suas atribuições legais, Considerando o disposto no art. 6º, incisos I, II, III e IV da Emenda Constitucional nº 41, de 19/12/2003, publicada no D.O.U. em 31/12/2003, Considerando o que consta do Processo nº 23113.014285/2018-21/ UFS; resolve:</p><p>Art. 1º - Conceder aposentadoria voluntária, com proventos integrais, à servidora MARGARIDA MARIA SILVEIRA BRITTO DE CARVALHO, matrícula SIAPE nº 2178471, ocupante do cargo de professora do magistério superior, da classe adjunto, nível/padrão 603, lotada no Departamento de Psicologia, em regime de dedicação exclusiva.</p><p>Art. 2º - Esta Portaria entrará em vigor na data de sua publicação no Diário Oficial da União.</p><p class="assina">Angelo Roberto Antoniolli</p>]]></Texto>
  </body>
</article></xml>