﻿<xml><article id="2896209" name="Portaria 082_2018 apos MARIA VÂN" idOficio="4770664" pubName="DO2" artType="Portaria" pubDate="02/05/2018" artClass="00012:00002:00012:00016:00000:00000:00000:00000:00000:00000:00025:00002" artCategory="Ministério da Fazenda/Secretaria Executiva/Subsecretaria de Planejamento, Orçamento e Administração/Superintendência de Administração no Ceará" artSize="8" artNotes="" numberPage="27" pdfPage="http://pesquisa.in.gov.br/imprensa/jsp/visualiza/index.jsp?data=02/05/2018&amp;jornal=529&amp;pagina=27" editionNumber="83" highlight="" idMateria="10714833">
  <body>
    <Identifica><![CDATA[ PORTARIA Nº 82, de 27 de abril de 2018]]></Identifica>
    <Data><![CDATA[]]></Data>
    <Ementa />
    <Titulo />
    <SubTitulo />
    <Texto><![CDATA[<p></p><p class="identifica">PORTARIA Nº 82, de 27 de abril de 2018</p><p>O SUPERINTENDENTE DE ADMINISTRAÇÃO DO MINISTÉRIO DA FAZENDA NO ESTADO DO CEARÁ, no uso de suas atribuições conferidas pelo inciso XI, art. 86, da Portaria nº 144, do Gabinete do Ministro da Fazenda, de 27.4.2016, publicada no DOU de 29.4.2016, resolve:</p><p>CONCEDER aposentadoria voluntária com proventos integrais à servidora MARIA VANIA SEVERIANO DUTRA, ocupante do cargo Agente Administrativo, matrícula Siape nº 0757486, Classe S, Padrão III, lotado e em exercício na SAMF/DIGEP/SEATI/CE, com fundamento legal no artigo 3º da EC Nº 47/2005, do Quadro Permanente do Ministério da Fazenda. (Processo SEI nº 10380.100184/2018-71)</p><p class="assina">RAIMUNDO MARCILIO DE AMORIM</p><p></p>]]></Texto>
  </body>
</article></xml>