﻿<xml><article id="2899876" name="Port 225-DONIz" idOficio="4771671" pubName="DO2" artType="Portaria" pubDate="02/05/2018" artClass="00012:00002:00012:00036:00000:00000:00000:00000:00000:00000:00025:00002" artCategory="Ministério da Fazenda/Secretaria Executiva/Subsecretaria de Planejamento, Orçamento e Administração/Superintendência de Administração em São Paulo" artSize="8" artNotes="" numberPage="28" pdfPage="http://pesquisa.in.gov.br/imprensa/jsp/visualiza/index.jsp?data=02/05/2018&amp;jornal=529&amp;pagina=28" editionNumber="83" highlight="" idMateria="10717191">
  <body>
    <Identifica><![CDATA[  PORTARIA  n°  225,  DE  27  DE  ABRIL  DE  2018]]></Identifica>
    <Data><![CDATA[]]></Data>
    <Ementa />
    <Titulo />
    <SubTitulo />
    <Texto><![CDATA[<p class="identifica">PORTARIA n° 225, DE 27 DE ABRIL DE 2018</p><p>O SUPERINTENDENTE DE ADMINISTRAÇÃO DO MINISTÉRIO DA FAZENDA EM SÃO PAULO, no uso das atribuições que lhe foram conferidas pelo Artigo 65, item XIV da Portaria Ministerial nº 144 de 27.04.2016, publicada no Diário Oficial da União de 29.04.2016 e Portaria SRF nº 1671 de 16.06.2005, publicada no Diário Oficial da União de 20.06.2005 e tendo em vista o que consta no Processo nº 10028.000008/2018-59, resolve:</p><p>Conceder aposentadoria voluntária a servidora, Sra. VANDA DOBKOWSKI, Matriculas SIAPE: 0936692, SIAPECAD: 00866270, ocupante do cargo efetivo de Técnico do Seguro Social, Classe S, Padrão IV, do Quadro Permanente do Ministério da Fazenda em São Paulo; com fundamento no Art. 3º da Emenda Constitucional nº 47/2005, com proventos integrais.</p><p class="assina">DONIZETI DE CARVALHO ROSA</p>]]></Texto>
  </body>
</article></xml>