﻿<xml><article id="2896020" name="DESPACHO nº 384-2018 - Alejandra" idOficio="4770723" pubName="DO2" artType="Despacho" pubDate="02/05/2018" artClass="00009:00002:00000:00000:00000:00000:00000:00000:00000:00000:00025:00009" artCategory="Ministério da Cultura/Secretaria Executiva" artSize="8" artNotes="" numberPage="7" pdfPage="http://pesquisa.in.gov.br/imprensa/jsp/visualiza/index.jsp?data=02/05/2018&amp;jornal=529&amp;pagina=7" editionNumber="83" highlight="" idMateria="10714998">
  <body>
    <Identifica><![CDATA[ DESPACHO de 18 DE ABRIL DE 2018]]></Identifica>
    <Data><![CDATA[]]></Data>
    <Ementa />
    <Titulo />
    <SubTitulo />
    <Texto><![CDATA[<p class="identifica">DESPACHO de 18 DE ABRIL DE 2018</p><p>A SECRETÁRIA-EXECUTIVA DO MINISTÉRIO DA CULTURA, no uso da competência que lhe foi delegada pela Portaria nº 46, de 11 de abril de 2018, e tendo em vista o disposto no art. 2º do Decreto nº 1.387, de 7 de fevereiro de 1995, resolve AUTORIZAR o afastamento do país de ALEJANDRA SALADINO, Técnico I - Classe B - Padrão IV - Museóloga do Museu da República - IBRAM, para participar, como Coordenadora de Simpósio Temático e Apresentadora de Comunicações Orais, no 56º Congresso Internacional de Americanistas, em Salamanca, Espanha, no período de 12 a 22 de julho de 2018, incluindo trânsito, com ônus limitado/IBRAM (Processo nº 01437.000248/2018-41).</p><p class="assina">MARIANA RIBAS DA SILVA</p>]]></Texto>
  </body>
</article></xml>