﻿<xml><article id="2902964" name="DOU 2-SGMPF-PT-259-UNI-221889_CR" idOficio="4772087" pubName="DO2" artType="Portaria" pubDate="02/05/2018" artClass="00034:00007:00003:00000:00000:00000:00000:00000:00000:00000:00025:00006" artCategory="Ministério Público da União/Ministério Público Federal/Secretaria-Geral" artSize="8" artNotes="" numberPage="56" pdfPage="http://pesquisa.in.gov.br/imprensa/jsp/visualiza/index.jsp?data=02/05/2018&amp;jornal=529&amp;pagina=56" editionNumber="83" highlight="" idMateria="10718001">
  <body>
    <Identifica><![CDATA[ PORTARIA Nº 259, DE 27 DE ABRIL DE 2018]]></Identifica>
    <Data><![CDATA[]]></Data>
    <Ementa />
    <Titulo />
    <SubTitulo />
    <Texto><![CDATA[<p class="identifica">PORTARIA Nº 259, DE 27 DE ABRIL DE 2018</p><p>O SECRETÁRIO-GERAL DO MINISTÉRIO PÚBLICO FEDERAL, no uso da competência que lhe foi atribuída pelo artigo 6º - inciso XXXII da Portaria PGR/MPF nº 382, de 5 de maio de 2015, e tendo em vista o disposto nos artigos 9º - inciso II, e 35 - inciso I da Lei nº 8.112, de 11 de dezembro de 1990, e no expediente PGR-00212489/2018, resolve:</p><p>Apostilar a nomeação de ISABELA REPLE DO NASCIMENTO, Bacharela em Direito, matrícula nº 26195, do cargo em comissão de Assessor Nível IV, CC-4, do Gabinete do Procurador Regional da República Carlos Alberto Bermond Natal, feita originalmente pela Portaria PC/MPF nº 58, de 8 de maio de 2014, publicada no DOU de 12 de maio de 2014, para considerar a nomeação para exercer o cargo em comissão de Assessor Nível V, CC-5, do Gabinete da Subprocuradora-Geral da República Solange Mendes de Souza, em vaga decorrente da exoneração de Welington Pereira da Silva, matrícula nº 5916.</p><p class="assina">ALEXANDRE CAMANHO DE ASSIS</p>]]></Texto>
  </body>
</article></xml>