﻿<xml><article id="2902193" name="ATO PORTARIA Nº 524" idOficio="4772008" pubName="DO2" artType="Portaria" pubDate="02/05/2018" artClass="00011:00042:00000:00000:00000:00000:00000:00000:00000:00000:00025:00021" artCategory="Ministério da Educação/Fundação Universidade Federal de Sergipe" artSize="8" artNotes="" numberPage="17" pdfPage="http://pesquisa.in.gov.br/imprensa/jsp/visualiza/index.jsp?data=02/05/2018&amp;jornal=529&amp;pagina=17" editionNumber="83" highlight="" idMateria="10717804">
  <body>
    <Identifica><![CDATA[ PORTARIA Nº 524, DE 26 DE ABRIL DE 2018]]></Identifica>
    <Data><![CDATA[]]></Data>
    <Ementa />
    <Titulo />
    <SubTitulo />
    <Texto><![CDATA[<p class="identifica">PORTARIA Nº 524, DE 26 DE ABRIL DE 2018</p><p>O REITOR DA UNIVERSIDADE FEDERAL DE SERGIPE, no uso de suas atribuições legais e; considerando o disposto no Decreto n.º 1.387 de 07/02/95 e na portaria n.º 404 de 23/04/2009 do Ministério de Estado da Educação, considerando a Portaria n.º 891 de 25/05/2017 do Gabinete do Reitor, considerando o que consta no processo n.º 23113.011535/2018-71, resolve:</p><p>Art. 1º - Revogar a Portaria n.º 381 de 02 de abril de 2018, publicada no Diário Oficial da União, nº 68, seção nº 2, página n.º 18, de 10 de abril de 2018, que autorizou o afastamento do país da servidora CRISTIANE ALCANTARA DE JESUS SANTOS CAMPOS, Professor Adjunto, 02, matrícula SIAPE n.º 1668232, lotada no Departamento de Turismo do Centro de Ciências Sociais Aplicadas, para participar do Seminário de Trabajo organizado por "Espais critics", e para apresentação de Trabalho no XV Colóquio Internacional de Geocrítica, na cidade de Barcelona, Espanha, pelo período de 28/04/2018 a 13/05/2018, trânsito incluso, com ônus limitado para UFS.</p><p>Art. 2º - Esta Portaria entra em vigor nesta data, devendo ser publicada no Diário Oficial da União.</p><p class="assina">Angelo Roberto Antoniolli</p>]]></Texto>
  </body>
</article></xml>