﻿<xml><article id="2902154" name="PRFB662" idOficio="4772036" pubName="DO2" artType="Portaria" pubDate="02/05/2018" artClass="00012:00055:00000:00000:00000:00000:00000:00000:00000:00000:00025:00003" artCategory="Ministério da Fazenda/Secretaria da Receita Federal do Brasil" artSize="8" artNotes="" numberPage="29" pdfPage="http://pesquisa.in.gov.br/imprensa/jsp/visualiza/index.jsp?data=02/05/2018&amp;jornal=529&amp;pagina=29" editionNumber="83" highlight="" idMateria="10717830">
  <body>
    <Identifica><![CDATA[ PORTARIA Nº 662, DE 27 DE ABRIL DE 2018]]></Identifica>
    <Data><![CDATA[]]></Data>
    <Ementa />
    <Titulo />
    <SubTitulo />
    <Texto><![CDATA[<p class="identifica">PORTARIA Nº 662, DE 27 DE ABRIL DE 2018</p><p>O SECRETÁRIO DA RECEITA FEDERAL DO BRASIL, no uso das competências que lhe foram delegada e subdelegada, respectivamente, pelas Portarias MF nºs 392 e 393, de 14 de julho de 2009, resolve:</p><p>Nomear o Auditor-Fiscal da Receita Federal do Brasil EDERLEI NORBERTO MAJOLO, matrícula SiapeCad nº 2006410, para exercer o cargo em comissão de Chefe da Divisão de Escrituração Digital da Coordenação-Geral de Fiscalização da Secretaria da Receita Federal do Brasil, Código DAS-101.2.</p><p class="assina">JORGE ANTONIO DEHER RACHID</p>]]></Texto>
  </body>
</article></xml>