﻿<xml><article id="2906760" name="SAA PORT 152" idOficio="4772258" pubName="DO2" artType="Portaria" pubDate="02/05/2018" artClass="00011:00002:00016:00000:00000:00000:00000:00000:00000:00000:00025:00001" artCategory="Ministério da Educação/Secretaria Executiva/Subsecretaria de Assuntos Administrativos" artSize="8" artNotes="" numberPage="10" pdfPage="http://pesquisa.in.gov.br/imprensa/jsp/visualiza/index.jsp?data=02/05/2018&amp;jornal=529&amp;pagina=10" editionNumber="83" highlight="" idMateria="10718662">
  <body>
    <Identifica><![CDATA[ PORTARIA Nº 152, DE 27 DE ABRIL DE 2018]]></Identifica>
    <Data><![CDATA[]]></Data>
    <Ementa />
    <Titulo />
    <SubTitulo />
    <Texto><![CDATA[<p class="identifica">PORTARIA Nº 152, DE 27 DE ABRIL DE 2018</p><p>O SUBSECRETÁRIO DE ASSUNTOS ADMINISTRATIVOS, SUBSTITUTO, DO MINISTÉRIO DA EDUCAÇÃO, de conformidade com a delegação de competência outorgada pelo art. 1º da Portaria SEGEP/MP nº 1.166, publicada no DOU de 12 de julho de 2012, e considerando o disposto no §2º do art. 84 da Lei nº 8.112, de 11 de dezembro de 1990, resolve efetivar o seguinte exercício provisório:</p><p>Servidor(a): KATIANE ROSSI HASELEIN KNOLL</p><p>Mat. SIAPE: 2137457</p><p>Cargo: Administrador</p><p>Origem: Instituto Federal de Educação, Ciência e Tecnologia Farroupilha - IFFARROUP</p><p>Para: Agência da Previdência Social Rio Negro do Instituto Nacional do Seguro Social</p><p>Processo: 23215.000829/2017-49</p><p>Art. 1º Caberá ao órgão de destino apresentar o(a) servidor(a) ao seu órgão de origem ao término do exercício provisório.</p><p>Art. 2º O exercício provisório objeto desta Portaria cessará caso sobrevenha a desconstituição da entidade familiar cuja unidade se pretende assegurar ou na hipótese de novo deslocamento do cônjuge.</p><p>Art. 3º Esta Portaria entra em vigor na data de sua publicação.</p><p class="assina">MARCELO GUERREIRO CALDAS</p>]]></Texto>
  </body>
</article></xml>