﻿<xml><article id="2900134" name="PORTARIA Nº 1437 a 1440-SEORI-MD" idOficio="4771768" pubName="DO2" artType="Portaria" pubDate="02/05/2018" artClass="00010:00033:00000:00000:00000:00000:00000:00000:00000:00000:00025:00001" artCategory="Ministério da Defesa/Secretaria de Organização Institucional" artSize="8" artNotes="" numberPage="9" pdfPage="http://pesquisa.in.gov.br/imprensa/jsp/visualiza/index.jsp?data=02/05/2018&amp;jornal=529&amp;pagina=9" editionNumber="83" highlight="" idMateria="10717383">
  <body>
    <Identifica><![CDATA[ PORTARIA Nº 1.437/SEORI/MD, DE 19 DE ABRIL DE 2018]]></Identifica>
    <Data><![CDATA[]]></Data>
    <Ementa />
    <Titulo />
    <SubTitulo />
    <Texto><![CDATA[<p class="identifica">PORTARIA Nº 1.437/SEORI/MD, DE 19 DE ABRIL DE 2018</p><p>O SECRETÁRIO DE ORÇAMENTO E ORGANIZAÇÃO INSTITUCIONAL DO MINISTÉRIO DA DEFESA, no uso da competência que lhe foi subdelegada pelo inciso I do art. 4º, da Portaria/MD nº 1.839, de 9 de dezembro de 2010, considerando o disposto no Decreto nº 8.978, de 1º de fevereiro de 2017, suas alterações posteriores, e o que consta do Processo Administrativo nº 60540.000005/2018-94, resolve:</p><p>Exonerar DINARTE PEREIRA NANTES, Matrícula Siape nº 1547091, do cargo de Coordenador da Divisão de Contabilidade do Departamento de Planejamento, Orçamento e Finanças desta Secretaria, código DAS 101.3, a partir de 2 de maio de 2018.</p><p class="assina">FRANSELMO ARAÚJO COSTA</p><p class="identifica">PORTARIA Nº 1.438/SEORI/MD, DE 19 DE ABRIL DE 2018</p><p>O SECRETÁRIO DE ORÇAMENTO E ORGANIZAÇÃO INSTITUCIONAL DO MINISTÉRIO DA DEFESA, no uso da competência que lhe foi subdelegada pelo inciso I do art. 4º, da Portaria/MD nº 1.839, de 9 de dezembro de 2010, considerando o disposto no Decreto nº 8.978, de 1º de fevereiro de 2017, suas alterações posteriores, e o que consta do Processo Administrativo nº 60540.000005/2018-94, resolve:</p><p>Nomear NOÊMIA SILVA MONTEIRO, Matrícula Siape nº 1096942, para exercer o cargo de Coordenador na Divisão de Contabilidade do Departamento de Planejamento, Orçamento e Finanças desta Secretaria, código DAS 101.3, ficando exonerada do que atualmente ocupa, a partir de 2 de maio de 2018.</p><p class="assina">FRANSELMO ARAÚJO COSTA</p><p class="identifica">PORTARIA Nº 1.439/SEORI/MD, DE 19 DE ABRIL DE 2018</p><p>O SECRETÁRIO DE ORÇAMENTO E ORGANIZAÇÃO INSTITUCIONAL DO MINISTÉRIO DA DEFESA, no uso da competência que lhe foi subdelegada pelo inciso I do art. 4º, da Portaria/MD nº 1.839, de 9 de dezembro de 2010, considerando o disposto no Decreto nº 8.978, de 1º de fevereiro de 2017, suas alterações posteriores, e o que consta do Processo Administrativo nº 60540.000005/2018-94, resolve:</p><p>Nomear RENATO PONTES DIAS, Matrícula Siape nº 0161370, para exercer o cargo de Gerente na Divisão de Contabilidade do Departamento de Planejamento, Orçamento e Finanças desta Secretaria, código DAS 101.4, ficando exonerado do que atualmente ocupa, a partir de 2 de maio de 2018.</p><p class="assina">FRANSELMO ARAÚJO COSTA</p><p>PORTARIA Nº 1.440/SEORI/MD, DE 19 DE ABRIL DE 2018</p><p>O SECRETÁRIO DE ORÇAMENTO E ORGANIZAÇÃO INSTITUCIONAL DO MINISTÉRIO DA DEFESA, no uso da competência que lhe foi subdelegada pelo inciso I do art. 4º, da Portaria/MD nº 1.839, de 9 de dezembro de 2010, considerando o disposto no Decreto nº 8.978, de 1º de fevereiro de 2017, suas alterações posteriores, e o que consta do Processo Administrativo nº 60540.000005/2018-94, resolve:</p><p>Nomear LUCIANO PFEIFER MACEDO, Matrícula Siape nº 2777068, para exercer o cargo de Gerente de Orçamento e Finanças do Departamento de Administração Interna desta Secretaria, código DAS 101.4, ficando exonerado do que atualmente ocupa, a partir de 2 de maio de 2018.</p><p class="assina">FRANSELMO ARAÚJO COSTA</p>]]></Texto>
  </body>
</article></xml>