﻿<xml><article id="2900906" name="Portaria nº 230 2018 - Maria Ibr" idOficio="4771899" pubName="DO2" artType="Portaria" pubDate="02/05/2018" artClass="00013:00021:00098:00003:00000:00000:00000:00000:00000:00000:00025:00001" artCategory="Ministério da Indústria, Comércio Exterior e Serviços/Superintendência da Zona Franca de Manaus/Superintendência-Adjunta Executiva/Coordenação-Geral de Recursos Humanos" artSize="8" artNotes="" numberPage="31" pdfPage="http://pesquisa.in.gov.br/imprensa/jsp/visualiza/index.jsp?data=02/05/2018&amp;jornal=529&amp;pagina=31" editionNumber="83" highlight="" idMateria="10717533">
  <body>
    <Identifica><![CDATA[ PORTARIA Nº 230, DE 12 DE ABRIL DE 2018]]></Identifica>
    <Data><![CDATA[]]></Data>
    <Ementa />
    <Titulo />
    <SubTitulo />
    <Texto><![CDATA[<p class="identifica">PORTARIA Nº 230, DE 12 DE ABRIL DE 2018</p><p>A COORDENADORA-GERAL DE RECURSOS HUMANOS, DA SUPERINTENDÊNCIA DA ZONA FRANCA DE MANAUS - SUFRAMA, no uso das atribuições que lhe confere o art. 1º da Portaria n.º 122, de 2/3/2016, publicada no Boletim de Serviço Extra nº 39, circulado em 3/3/2016, e considerando o que consta do Processo n.º 52710.003864/2018-16, resolve:</p><p>Art. 1º CONCEDER Aposentadoria Voluntária à servidora MARIA IBRANTINA DE LIMA NAVARRO, Agente de Administrativo, Classe "S", Padrão III, do Quadro Permanente desta autarquia, Matrícula SIAPE n.º 1082652 e SIAPEcad n.º 90993, com fundamento no art. 3º, da Emenda Constitucional n.º 47, de 5 de julho de 2005, publicada no DOU de 6 seguinte, com percepção de proventos integrais.</p><p>Art. 2º Esta Portaria entra em vigor na data de sua publicação.</p><p class="assina">Jaqueline Carvalho de Santana</p>]]></Texto>
  </body>
</article></xml>