﻿<xml><article id="2900870" name="DOU 2-BA-1PT-189-UNI-25062_CRIP0" idOficio="4771879" pubName="DO2" artType="Portaria" pubDate="02/05/2018" artClass="00034:00007:00026:00005:00000:00000:00000:00000:00000:00000:00025:00004" artCategory="Ministério Público da União/Ministério Público Federal/Procuradoria da República no Estado da Bahia/Coordenadoria de Administração" artSize="8" artNotes="" numberPage="57" pdfPage="http://pesquisa.in.gov.br/imprensa/jsp/visualiza/index.jsp?data=02/05/2018&amp;jornal=529&amp;pagina=57" editionNumber="83" highlight="" idMateria="10717552">
  <body>
    <Identifica><![CDATA[ PORTARIA Nº 189, DE 27 DE ABRIL DE 2018]]></Identifica>
    <Data><![CDATA[]]></Data>
    <Ementa />
    <Titulo />
    <SubTitulo />
    <Texto><![CDATA[<p class="identifica">PORTARIA Nº 189, DE 27 DE ABRIL DE 2018</p><p>O PROCURADOR-CHEFE DA PROCURADORIA DA REPÚBLICA NA BAHIA, no uso da competência delegada pela Portaria PGR nº 357, de 05 de maio de 2015, resolve:</p><p>Art. 1º Dispensar, a partir de 30 de abril de 2018, a servidora VANESSA ABBEHUSEN MIRANDA RAMOS, ocupante do cargo de Analista do MPU/Apoio Jurídico/Direito, matrícula nº 28932, da função de confiança de Chefe do Setor Jurídico, código FC-1, da Procuradoria da República no Município de Guanambi.</p><p>Art. 1º Designar a servidora ZILDELENE DA SILVA TEIXEIRA, ocupante do cargo de Analista do MPU/Apoio Jurídico/Direito, matrícula nº 27721, para exercer a função de confiança de Chefe do Setor Jurídico, código FC-1, da Procuradoria da República no Município de Guanambi, em vaga decorrente da dispensa da servidora Vanessa Abbehusen Miranda Ramos, matrícula 28932.</p><p class="assina">FÁBIO CONRADO LOULA</p>]]></Texto>
  </body>
</article></xml>