﻿<xml><article id="2902190" name="ATO PORTARIA Nº 530" idOficio="4772008" pubName="DO2" artType="Portaria" pubDate="02/05/2018" artClass="00011:00042:00000:00000:00000:00000:00000:00000:00000:00000:00025:00024" artCategory="Ministério da Educação/Fundação Universidade Federal de Sergipe" artSize="8" artNotes="" numberPage="17" pdfPage="http://pesquisa.in.gov.br/imprensa/jsp/visualiza/index.jsp?data=02/05/2018&amp;jornal=529&amp;pagina=17" editionNumber="83" highlight="" idMateria="10717807">
  <body>
    <Identifica><![CDATA[ PORTARIA nº 530, DE 26 DE ABRIL DE 2018]]></Identifica>
    <Data><![CDATA[]]></Data>
    <Ementa />
    <Titulo />
    <SubTitulo />
    <Texto><![CDATA[<p class="identifica">PORTARIA nº 530, DE 26 DE ABRIL DE 2018</p><p>O REITOR DA UNIVERSIDADE FEDERAL DE SERGIPE, no uso de suas atribuições legais, considerando o disposto no art. 3º, incisos I, II e III da Emenda constitucional nº 47, de 05/07/2005, publicada no D.O.U. em 06/07/2005, considerando o que consta do Processo nº 23113.015693/2018-09/ UFS; RESOLVE:</p><p>Art. 1º - Conceder aposentadoria voluntária, com proventos integrais, ao servidor JACKSON ALVES HORA, matrícula SIAPE nº 425455, ocupante do cargo de locutor, da classe C, nível/padrão 416, lotado na Rádio Universitária, em jornada de trabalho de 40 horas semanais.</p><p>Art. 2º - Esta Portaria entrará em vigor na data de sua publicação no Diário Oficial da União.</p><p class="assina">Angelo Roberto Antoniolli</p>]]></Texto>
  </body>
</article></xml>