﻿<xml><article id="2896047" name="ATO_130_2018 - CHEFIA - Redistri" idOficio="4771222" pubName="DO2" artType="Ato" pubDate="02/05/2018" artClass="00038:00052:00000:00000:00000:00000:00000:00000:00000:00000:00001:00001" artCategory="Poder Judiciário/Tribunal Regional do Trabalho da 13ª Região" artSize="8" artNotes="" numberPage="69" pdfPage="http://pesquisa.in.gov.br/imprensa/jsp/visualiza/index.jsp?data=02/05/2018&amp;jornal=529&amp;pagina=69" editionNumber="83" highlight="" idMateria="10716425">
  <body>
    <Identifica><![CDATA[  ATO  Nº 130, de  27 de abril de 2018]]></Identifica>
    <Data><![CDATA[]]></Data>
    <Ementa />
    <Titulo />
    <SubTitulo />
    <Texto><![CDATA[<p></p><p class="identifica">ATO Nº 130, de 27 de abril de 2018</p><p>O DESEMBARGADOR VICE-PRESIDENTE NO EXERCÍCIO DA PRESIDÊNCIA DO TRIBUNAL REGIONAL DO TRABALHO DA DÉCIMA TERCEIRA REGIÃO, no uso de suas atribuições legais e regimentais e tendo em vista o constante da Resolução Administrativa n. 032/2018 (Processo Administrativo: 1331500-79.2018.5.13.0000), resolve:</p><p>Redistribuir, ex officio, um cargo efetivo de Técnico Judiciário, Área Administrativa, Sem Especialidade, do Quadro Permanente de Pessoal deste Regional, ocupado pelo servidor VICENTE FERREIRA LOURENÇO, para o Quadro Permanente de Pessoal do Tribunal Regional Eleitoral do Piauí, com fundamento no art. 37 da Lei n. 8.112/90, com a redação dada pela Lei n. 9.527/97, na forma regulamentada pela Resolução n. 146/2012, do Conselho Nacional de Justiça - CNJ, tendo por reciprocidade a redistribuição do cargo efetivo ocupado pelo servidor EMANUEL NEVES DE LIMA, Técnico Judiciário, Área Administrativa, Sem especialidade, do Quadro Permanente de Pessoal do Tribunal Regional Eleitoral do Piauí para o Quadro Permanente de Pessoal do Tribunal Regional do Trabalho da 13ª Região, com efeitos a contar de 02.05.2018. Dê-se ciência.</p><p></p><p class="assina">Des. WOLNEY DE MACEDO CORDEIRO</p><p></p>]]></Texto>
  </body>
</article></xml>