﻿<xml><article id="2898362" name="Nº 1230 IRACEMA" idOficio="4771702" pubName="DO2" artType="Portaria" pubDate="02/05/2018" artClass="00031:00002:00658:04233:00000:00000:00000:00000:00000:00000:00025:00009" artCategory="Ministério dos Transportes, Portos e Aviação Civil/Secretaria Executiva/Subsecretaria de Assuntos Administrativos/Coordenação-Geral de Gestão de Pessoas" artSize="8" artNotes="" numberPage="52" pdfPage="http://pesquisa.in.gov.br/imprensa/jsp/visualiza/index.jsp?data=02/05/2018&amp;jornal=529&amp;pagina=52" editionNumber="83" highlight="" idMateria="10717266">
  <body>
    <Identifica><![CDATA[ Portaria Nº 1.230, DE 24 DE abril DE 2018]]></Identifica>
    <Data><![CDATA[]]></Data>
    <Ementa />
    <Titulo />
    <SubTitulo />
    <Texto><![CDATA[<p class="identifica">Portaria Nº 1.230, DE 24 DE abril DE 2018</p><p>O COORDENADOR-GERAL DE GESTÃO DE PESSOAS DO MINISTÉRIO DOS TRANSPORTES, PORTOS E AVIAÇÃO CIVIL, no uso das atribuições que lhe foram subdelegadas pela Portaria/SAAD nº. 202, art. 1°, inciso VII, de 08 de outubro de 2010, publicada no Diário Oficial da União, de 11 de outubro de 2010, resolve:</p><p>Conceder Pensão nos termos do artigo 217, inciso "I" e artigo 222, inciso VII, alínea "b", item 6 da Lei nº 8.112/1990, e do artigo 40, § 7º da C.F. de 1988 e artigos 6°-A e 7º da E.C. 41/2003 com redação dada pela E.C. 70/2012, bem como do artigo 2° da Lei nº. 10.887/2004, à IRACEMA ALVES MARTINS viúva do ex-servidor FRANCISCO ALVES DE MARTINS, matrícula SIAPE Nº. 0850171, originário do extinto Departamento Nacional de Estradas de Rodagem, falecido em 28 de fevereiro de 2018, cuja cota parte equivale a 100% (cem por cento) do valor correspondente à remuneração decorrente do cargo de Artífice de Mecânica (NI), Classe "C", Padrão II, com vigência a partir de 28 de fevereiro de 2018, data do óbito do ex-servidor. (Processo SEI nº 50000.014468/2018-97) CE.</p><p class="assina">ROBSON DE SOUZA ANDRADE</p>]]></Texto>
  </body>
</article></xml>