﻿<xml><article id="2898293" name="PORTARIA N° 1615-SEPROD-SG-MD" idOficio="4771689" pubName="DO2" artType="Portaria" pubDate="02/05/2018" artClass="00010:00038:00000:00000:00000:00000:00000:00000:00000:00000:00025:00001" artCategory="Ministério da Defesa/Secretaria de Produtos de Defesa" artSize="8" artNotes="" numberPage="9" pdfPage="http://pesquisa.in.gov.br/imprensa/jsp/visualiza/index.jsp?data=02/05/2018&amp;jornal=529&amp;pagina=9" editionNumber="83" highlight="" idMateria="10717223">
  <body>
    <Identifica><![CDATA[ PORTARIA N° 1.615/SEPROD/SG-MD, DE 30 DE ABRIL DE 2018]]></Identifica>
    <Data><![CDATA[]]></Data>
    <Ementa />
    <Titulo />
    <SubTitulo />
    <Texto><![CDATA[<p class="identifica">PORTARIA N° 1.615/SEPROD/SG-MD, DE 30 DE ABRIL DE 2018</p><p>O SECRETÁRIO DE PRODUTOS DE DEFESA DO MINISTÉRIO DA DEFESA, no uso da competência que lhe foi subdelegada pelo inciso I do art. 4º, da Portaria/MD nº 1.839, de 9 de dezembro de 2010, considerando o disposto no Decreto nº 8.978, de 1º de fevereiro de 2017, suas alterações posteriores, e o que consta do Processo Administrativo no60070.000034/2018-30, resolve:</p><p>Nomear SARAH MENDONÇA DE FARIA, para exercer o cargo de Coordenador no Departamento de Promoção Comercial desta Secretaria, código DAS 101.3.</p><p class="assina">FLÁVIO AUGUSTO CORRÊA BASILIO</p>]]></Texto>
  </body>
</article></xml>