﻿<xml><article id="2896164" name="FRANCISCO DE ASSIS - APOSENTADOR" idOficio="4771289" pubName="DO2" artType="Portaria" pubDate="02/05/2018" artClass="00038:00064:00001:00000:00000:00000:00000:00000:00000:00000:00025:00001" artCategory="Poder Judiciário/Tribunal Regional do Trabalho da 24ª Região/Presidência" artSize="8" artNotes="" numberPage="70" pdfPage="http://pesquisa.in.gov.br/imprensa/jsp/visualiza/index.jsp?data=02/05/2018&amp;jornal=529&amp;pagina=70" editionNumber="83" highlight="" idMateria="10716578">
  <body>
    <Identifica><![CDATA[ PORTARIA   Nº 61, de 27 de abril de 2018]]></Identifica>
    <Data><![CDATA[]]></Data>
    <Ementa />
    <Titulo />
    <SubTitulo />
    <Texto><![CDATA[<p></p><p class="identifica">PORTARIA Nº 61, de 27 de abril de 2018</p><p>O PRESIDENTE DO TRIBUNAL REGIONAL DO TRABALHO DA 24ª REGIÃO, no uso de suas atribuições legais e regimentais, CONSIDERANDO a instrução realizada no PA nº 1208/2018; resolve:</p><p>CONCEDER aposentadoria ao servidor FRANCISCO DE ASSIS RODRIGUES, com base no art. 3º da Emenda Constitucional nº 47, de 5 de julho de 2005, com proventos integrais calculados sobre a remuneração do cargo de Técnico Judiciário, Área Apoio Especializado, Especialidade Enfermagem, Classe C, Padrão 13, acrescidos das vantagens permanentes previstas em lei, com direito à paridade plena e extensão, com efeitos a contar da publicação desta.</p><p></p><p class="assina">Des. JOÃO DE DEUS GOMES DE SOUZA</p><p></p>]]></Texto>
  </body>
</article></xml>