﻿<xml><article id="2896545" name="Portaria 214 - DG" idOficio="4771531" pubName="DO2" artType="Portaria" pubDate="02/05/2018" artClass="00034:00009:00000:00000:00000:00000:00000:00000:00000:00000:00025:00001" artCategory="Ministério Público da União/Ministério Público Militar" artSize="8" artNotes="" numberPage="59" pdfPage="http://pesquisa.in.gov.br/imprensa/jsp/visualiza/index.jsp?data=02/05/2018&amp;jornal=529&amp;pagina=59" editionNumber="83" highlight="" idMateria="10716929">
  <body>
    <Identifica><![CDATA[ Portaria nº 214, de 27 de abril de 2018]]></Identifica>
    <Data><![CDATA[]]></Data>
    <Ementa />
    <Titulo />
    <SubTitulo />
    <Texto><![CDATA[<p class="identifica">Portaria nº 214, de 27 de abril de 2018</p><p>O DIRETOR-GERAL DA SECRETARIA, no uso das atribuições que lhe são conferidas pelo artigo 124, inciso XX, da Lei Complementar nº 75, de 20 de maio de 1993, e pelo artigo 1º, inciso I, da Portaria nº 290/PGJM, de 5 de dezembro de 2013, resolve:</p><p>Nomear o Servidor CLAUDIO SILVA DUARTE, Analista do MPU/Apoio Jurídico/Direito, requisitado do Ministério Público Federal, matrícula nº 1613-6, para exercer o Cargo Comissionado de Chefe da Seção de Análise de Processo Administrativo e de Legislação de Pessoal, Código CC-1 (69509), em decorrência da exoneração da Servidora Lilian Bontempo Raimundo, matrícula 1120-7, dispensando-o, em consequência, da Função de Confiança de Chefe do Setor de Jurisprudência de Pessoal, ambos do Departamento de Gestão de Pessoas/DGP, da Procuradoria-Geral de Justiça Militar.</p><p class="assina">GILBERTO BARROS SANTOS</p>]]></Texto>
  </body>
</article></xml>