﻿<xml><article id="2902976" name="DOU 2-SGMPF-PT-256-UNI-221857_Gu" idOficio="4772087" pubName="DO2" artType="Portaria" pubDate="02/05/2018" artClass="00034:00007:00003:00000:00000:00000:00000:00000:00000:00000:00025:00003" artCategory="Ministério Público da União/Ministério Público Federal/Secretaria-Geral" artSize="8" artNotes="" numberPage="55" pdfPage="http://pesquisa.in.gov.br/imprensa/jsp/visualiza/index.jsp?data=02/05/2018&amp;jornal=529&amp;pagina=55" editionNumber="83" highlight="" idMateria="10717998">
  <body>
    <Identifica><![CDATA[ PORTARIA Nº 256, DE 27 DE ABRIL DE 2018]]></Identifica>
    <Data><![CDATA[]]></Data>
    <Ementa />
    <Titulo />
    <SubTitulo />
    <Texto><![CDATA[<p class="identifica">PORTARIA Nº 256, DE 27 DE ABRIL DE 2018</p><p>O SECRETÁRIO-GERAL DO MINISTÉRIO PÚBLICO FEDERAL, no uso das atribuições que lhe foram conferidas pelo artigo 6º - incisos II e XXXII do Regimento Interno Administrativo do MPF, aprovado pela Portaria SG/MPF nº 382, de 05/05/2015, considerando o disposto no artigo 24 da Lei nº 8.112, de 11/12/1990, e na Ata Médica nº 45, de 22/02/2018, emitida pela Junta Médica Oficial do MPF/PGR, e, ainda, o teor das informações que constam no PGEA 1.00.000.004442/2018-15, resolve:</p><p>Art. 1º Readaptar o servidor LEANDRO SIQUEIRA ALBANO, matrícula nº 23793-1, no cargo de Técnico do MPU/Administração, Código TC-020101, Classe C, Padrão 9, da Carreira de Técnico do Ministério Público da União, em conformidade com o parecer exarado pela Junta Médica Oficial do MPF/PGR, e, em consequência, declarar vago, a contar desta data, o cargo de Técnico do MPU/Apoio Técnico-administrativo/ Segurança Institucional e Transporte, Código TC-010108, anteriormente ocupado pelo aludido servidor.</p><p>Art. 2º Esta portaria entra em vigor na data de sua publicação.</p><p class="assina">ALEXANDRE CAMANHO DE ASSIS</p>]]></Texto>
  </body>
</article></xml>