﻿<xml><article id="2896206" name="Port. APO - 2833" idOficio="4770602" pubName="DO2" artType="Portaria" pubDate="02/05/2018" artClass="00011:00119:00001:00001:00000:00000:00000:00000:00000:00000:00025:00002" artCategory="Ministério da Educação/Universidade Federal de Minas Gerais/Reitoria/Gabinete" artSize="8" artNotes="" numberPage="23" pdfPage="http://pesquisa.in.gov.br/imprensa/jsp/visualiza/index.jsp?data=02/05/2018&amp;jornal=529&amp;pagina=23" editionNumber="83" highlight="" idMateria="10714705">
  <body>
    <Identifica><![CDATA[ PORTARIA Nº 2.833, DE 19 DE ABRIL DE 2018]]></Identifica>
    <Data><![CDATA[]]></Data>
    <Ementa />
    <Titulo />
    <SubTitulo />
    <Texto><![CDATA[<p class="identifica">PORTARIA Nº 2.833, DE 19 DE ABRIL DE 2018</p><p>A Reitora da Universidade Federal de Minas Gerais, no uso de suas atribuições, resolve:</p><p>Nos termos do art. 3º, da EC nº 47/2005, aposentar VALDETE DOS REIS SOARES, inscrição UFMG nº 105422, matrícula SIAPE nº 0322967, ocupante do cargo de Técnico em Enfermagem, Nível de Classificação D, Nível de Capacitação IV, Padrão de Vencimento 16, lotada no Hospital das Clínicas, com proventos integrais, por ter provado contar 42 (quarenta e dois) anos de contribuição.</p><p class="assina">SANDRA REGINA GOULART ALMEIDA</p>]]></Texto>
  </body>
</article></xml>