﻿<xml><article id="2901090" name="ras 13 a 15 certas" idOficio="4771909" pubName="DO2" artType="Resolução" pubDate="02/05/2018" artClass="00038:00049:00000:00000:00000:00000:00000:00000:00000:00000:00031:00001" artCategory="Poder Judiciário/Tribunal Regional do Trabalho da 10ª Região" artSize="8" artNotes="" numberPage="68" pdfPage="http://pesquisa.in.gov.br/imprensa/jsp/visualiza/index.jsp?data=02/05/2018&amp;jornal=529&amp;pagina=68" editionNumber="83" highlight="" idMateria="10717589">
  <body>
    <Identifica><![CDATA[ RESOLUÇÕES  DE 24 DE ABRIL DE 2018]]></Identifica>
    <Data><![CDATA[]]></Data>
    <Ementa />
    <Titulo />
    <SubTitulo />
    <Texto><![CDATA[<p></p><p class="identifica">RESOLUÇÕES DE 24 DE ABRIL DE 2018</p><p>O egrégio Tribunal Regional do Trabalho da Décima Região, na 4.ª Sessão Plenária Ordinária Administrativa, realizada no dia 24 de abril de 2018, às 14h, na Sala de Sessões Desembargador Herácito Pena Júnior, sob a Presidência da Desembargadora MARIA REGINA MACHADO GUIMARÃES, presentes os Desembargadores MÁRCIA MAZONI CÚRCIO RIBEIRO - Vice-Presidente, JOÃO AMÍLCAR PAVAN, MÁRIO MACEDO FERNANDES CARON, RICARDO ALENCAR MACHADO, ANDRÉ RODRIGUES PEREIRA DA VEIGA DAMASCENO, PEDRO LUÍS VICENTIN FOLTRAN, mesmo em período de férias, ALEXANDRE NERY RODRIGUES DE OLIVEIRA, RIBAMAR LIMA JÚNIOR, JOSÉ LEONE CORDEIRO LEITE, DORIVAL BORGES DE SOUZA NETO, GRIJALBO FERNANDES COUTINHO, e a representante da d. Procuradoria Regional do Trabalho, Procuradora HELOÍSA SIQUEIRA DE JESUS; ausentes os Desembargadores FLÁVIA SIMÕES FALCÃO, momentaneamente, ELAINE MACHADO VASCONCELOS, de licença médica, BRASILINO SANTOS RAMOS (afastado - proc. SEI-5624-3/2017), ELKE DORIS JUST, em período de férias, e CILENE FERREIRA AMARO SANTOS, convocada para o colendo Tribunal Superior do Trabalho,</p><p>Nº 13 -DECIDIU, por unanimidade, apreciando o contido no PA-SEI-17.0.000005773-8 - MA 25/2018, aprovar a matéria na forma proposta pela Administração, baixando a Resolução Administrativa n.º 13/2018 - (1928):</p><p>"Conceder aposentadoria voluntária com proventos integrais à servidora VENIA GODOY CHAVARRY, matrícula n.º 308.10.1272, no cargo efetivo de Analista Judiciário, Classe C, Padrão 13, Área Administrativa, do Quadro de Pessoal Permanente deste Tribunal, com fundamento no art. 3.º da Emenda Constitucional n.º 47/2005."</p><p>Nº 14 - DECIDIU, por unanimidade, apreciando o contido no PA-SEI-17.0.000009658-0 - MA 46/2018 , aprovar a matéria na forma proposta pela Administração, baixando a Resolução Administrativa n.º 14/2018 - (1929):</p><p>"Conceder aposentadoria voluntária com proventos integrais ao servidor JOSÉ RIBAMAR ROCHA, matrícula n.º 308.10.0687, no cargo efetivo de Analista Judiciário, Classe C, Padrão 13, Área Judiciária, do Quadro de Pessoal Permanente deste Tribunal, com fundamento no artigo 3.º da Emenda Constitucional n.º 47/2005."</p><p>Nº 15 - DECIDIU, por unanimidade, com ressalvas do Desembargador João Amílcar Pavan, apreciando o contido no PA-SEI-17.0.000010466-3 - MA 47/2018, aprovar a matéria na forma proposta pela Administração, baixando a Resolução Administrativa n.º 15/2018 - (1930):</p><p>"Conceder aposentadoria voluntária com proventos integrais à servidora FLAVIA GONTIJO CORREA, matrícula n.º 308.10.0610, no cargo efetivo de Técnico Judiciário, Classe C, Padrão 13, Área Administrativa, do Quadro de Pessoal Permanente deste Tribunal, com fundamento no artigo 3.º da Emenda Constitucional n.º 47/2005, com a parcela de opção incidente sobre o cargo em comissão de Assessor (CJ-1), prevista no então vigente art. 193 da Lei n.º 8.112/90, calculada na forma do art. 18, § 2.º, da Lei n.º 11.416/2006, com a redação dada pela Lei n.º 12.774/2012, nos termos do Acórdão TCU-Plenário n.º 2.076/2005 e da Resolução Administrativa TRT/10.ª R n.º 27/2010 (DOU, 2, de 7/7/2010)."</p><p class="assina">Des. MARIA REGINA MACHADO GUIMARÃES</p><p></p>]]></Texto>
  </body>
</article></xml>