﻿<xml><article id="2896029" name="Portaria de Nomeação n489.2018 D" idOficio="4770932" pubName="DO2" artType="Portaria" pubDate="02/05/2018" artClass="00011:00142:00000:00000:00000:00000:00000:00000:00000:00000:00025:00001" artCategory="Ministério da Educação/Universidade da Integração Internacional da Lusofonia Afro-Brasileira" artSize="12" artNotes="" numberPage="25" pdfPage="http://pesquisa.in.gov.br/imprensa/jsp/visualiza/index.jsp?data=02/05/2018&amp;jornal=529&amp;pagina=25" editionNumber="83" highlight="" idMateria="10715972">
  <body>
    <Identifica><![CDATA[ PORTARIA  Nº 489, DE 27 DE ABRIL DE 2018]]></Identifica>
    <Data><![CDATA[]]></Data>
    <Ementa />
    <Titulo />
    <SubTitulo />
    <Texto><![CDATA[<p class="identifica">PORTARIA Nº 489, DE 27 DE ABRIL DE 2018</p><p>O REITOR PRO TEMPORE, DA UNIVERSIDADE DA INTEGRAÇÃO INTERNACIONAL DA LUSOFONIA AFRO-BRASILEIRA, no uso de suas atribuições legais, de acordo com a lei 12.289, de 20.07.2010, publicado no DOU de 21.07.2010, tendo em vista o disposto na Portaria n° 282 do MEC de 06.03.2017, publicado no DOU de 07.03.2017, do Ministério da Educação, em conformidade com o Decreto 7.232, de 19.07.2010, publicado no DOU de 20.07.2010, resolve:</p><p>Artigo 1.º Nomear, em caráter efetivo, para o quadro permanente de pessoal desta Universidade, em virtude de habilitação em concurso público de provas, objeto do Edital nº 01/2013 da Universidade Federal do Recôncavo da Bahia - UFRB, publicado no DOU de 29.07.2013, seção 03, página 82, cujo resultado foi homologado pela Portaria nº 324, de 07.05.2014, publicada no DOU de 08.05.2014, seção 01, página 26, nos termos do art. 9º, inciso I e art. 10 da Lei 8.112/90, os candidatos abaixo listados, em regime de 40 (quarenta) horas semanais de trabalho, para exercer o cargo de ADMINISTRADOR, Classe E, Padrão I, Nível 101, com lotação em São Francisco do Conde - BA, conforme quadro abaixo:</p><p></p><table><tr /><tr><td><p>Nome</p></td><td><p>Código</p><p>de Vaga</p></td><td><p>Origem Legal</p></td><td><p>Carga Horária</p></td></tr><tr><td><p>DIEGO SANTANA DE OLIVEIRA SILVA</p></td><td><p>899533</p></td><td><p>Nº 1793 do MEC de 23/12/2013, publicada no DOU de 26.12.2011</p></td><td><p>40 horas</p></td></tr><tr><td><p>EDSON SOUZA SILVA</p></td><td><p>905892</p></td><td><p>Nº 1793 do MEC de 23/12/2013, publicada no DOU de 26.12.2011</p></td><td><p>40 horas</p></td></tr></table><p>Artigo 2º A posse ocorrerá, improrrogavelmente, no prazo de 30 (trinta) dias, nos termos do art. 13, § 1º, da Lei 8.112/90.</p><p class="assina">Anastácio de Queiroz Sousa</p>]]></Texto>
  </body>
</article></xml>