﻿<xml><article id="2903262" name="PRT102_103_105SRTbMS2018" idOficio="4772134" pubName="DO2" artType="Portaria" pubDate="02/05/2018" artClass="00027:00034:00000:00000:00000:00000:00000:00000:00000:00000:00025:00001" artCategory="Ministério do Trabalho/Superintendência Regional no Mato Grosso do Sul" artSize="8" artNotes="" numberPage="51" pdfPage="http://pesquisa.in.gov.br/imprensa/jsp/visualiza/index.jsp?data=02/05/2018&amp;jornal=529&amp;pagina=51" editionNumber="83" highlight="" idMateria="10718049">
  <body>
    <Identifica><![CDATA[ PORTARIA N° 102, de 25 DE ABRIL DE 2018]]></Identifica>
    <Data><![CDATA[]]></Data>
    <Ementa />
    <Titulo />
    <SubTitulo />
    <Texto><![CDATA[<p class="identifica">PORTARIA N° 102, de 25 DE ABRIL DE 2018</p><p>O SUPERINTENDENTE REGIONAL DO TRABALHO NO ESTADO DE MATO GROSSO DO SUL, no uso da competência que lhe foi subdelegada pela alínea "b" do inciso I do art. 1º, da Portaria n.º 473, de 24 de julho de 2008, publicada no Diário Oficial da União de 25 de julho de 2008, e face o que consta no processo nº 46702.000024/2018-90, resolve:</p><p>Art. 1º. . Conceder pensão civil vitalícia a Sra. ADELAIDE PRYCHODCO MARTINS, CPF ***. 279.951-**, cônjuge do ex-servidor, JOSÉ FORTUNATO MARTINS, matrícula SIAPE nº 0245548, aposentado no cargo efetivo de Auditor Fiscal- Nível NI, Classe S, Padrão III, do quadro de pessoal deste Ministério do Trabalho Superintendência Regional de Mato Grosso do Sul, com fundamento no inciso I do artigo 2º da Lei nº 10.887, de 18 de junho de 2004, combinado com a alínea "C" do inciso I do artigo 215 e 217, inciso I da Lei 8.112, de 11 de dezembro de 1990, com vigência a partir da data do óbito em 10 de março de 2018</p><p class="assina">VIVIANE LACERDA LOPES NOGUEIRA</p><p class="identifica">PORTARIA N° 103, de 11 DE ABRIL DE 2018</p><p>O SUPERINTENDENTE REGIONAL DO TRABALHO NO ESTADO DE MATO GROSSO DO SUL, no uso da competência que lhe foi Delegada pela Portaria Ministerial n.º 874, de 07 de julho de 2017, publicada no Diário Oficial da União de 10 de julho de 2017 e Portaria 1153 de 30 de outubro de 2017, publicada no Diário Oficial de 13 de novembro de 2017,</p><p>Art. 1° Dispensar ELIZA JUNKO YAFUSO, CPF nº ***.354.931-**, matrícula SIAPE nº 0044721, da função de Chefe do Núcleo de Planejamento e Apoio ao Atendimento - NUPLA, FG-03, da Superintendência Regional do Trabalho no Estado do Mato Grosso do Sul, deste Ministério.</p><p>Art.2° Esta portaria entra em vigor na data de sua publicação.</p><p class="assina">VIVIANE LACERDA LOPES NOGUEIRA</p><p class="identifica">PORTARIA N° 105, de 25 DE ABRIL DE 2018</p><p>A SUPERINTENDENTE REGIONAL DO TRABALHO NO ESTADO DE MATO GROSSO DO SUL, no uso da competência que lhe foi delegada pela Portaria Ministerial n.º 874, de 07 de julho de 2017, publicada no Diário Oficial da União de 10 de julho de 2017 e Portaria nº1153 de 30 de outubro de 2017, publicada no Diário Oficial de 13 de novembro de 2017, resolve:</p><p>Art. 1° Designar ROSANGELA ARRUDA MENDONÇA, CPF nº ***.829.541-**, matrícula SIAPE nº 1100164, para exercer a função de Chefe do Núcleo de Planejamento e Apoio ao Atendimento - NUPLA, FG-03, da Superintendência Regional do Trabalho no Estado do Mato Grosso do Sul.</p><p>Art.2° Esta portaria entra em vigor na data de sua publicação.</p><p class="assina">VIVIANE LACERDA LOPES NOGUEIRA</p>]]></Texto>
  </body>
</article></xml>