﻿<xml><article id="2906615" name="ATO PORTARIA Nº 150" idOficio="4772234" pubName="DO2" artType="Portaria" pubDate="02/05/2018" artClass="00009:00002:00000:00000:00000:00000:00000:00000:00000:00000:00025:00002" artCategory="Ministério da Cultura/Secretaria Executiva" artSize="8" artNotes="" numberPage="6" pdfPage="http://pesquisa.in.gov.br/imprensa/jsp/visualiza/index.jsp?data=02/05/2018&amp;jornal=529&amp;pagina=6" editionNumber="83" highlight="" idMateria="10718679">
  <body>
    <Identifica><![CDATA[ PORTARIA Nº 150, DE 26 DE ABRIL DE 2018]]></Identifica>
    <Data><![CDATA[]]></Data>
    <Ementa />
    <Titulo />
    <SubTitulo />
    <Texto><![CDATA[<p class="identifica">PORTARIA Nº 150, DE 26 DE ABRIL DE 2018</p><p>A SECRETÁRIA-EXECUTIVA DO MINISTÉRIO DA CULTURA, no uso da competência que lhe foi delegada pela Portaria MinC nº 46, de 11 de abril de 2018, e tendo em vista o Decreto nº 8.837, de 17 de agosto de 2016, resolve:</p><p>Designar LUCIANA MENDONÇA FERNANDES, para exercer o encargo de substituto eventual do cargo de Coordenador, UORG 988, código FCPE 101.3, da Coordenação-Geral de Avaliação de Resultados, do Departamento de Incentivo à Produção Cultural, da Secretaria de Fomento e Incentivo à Cultura, no período de 07 a 11 de maio de 2018.</p><p class="assina">MARIANA RIBAS DA SILVA</p>]]></Texto>
  </body>
</article></xml>