﻿<xml><article id="2896227" name="LAUDA DOU 27-04-2018" idOficio="4770573" pubName="DO2" artType="Portaria" pubDate="02/05/2018" artClass="00038:00054:00003:00000:00000:00000:00000:00000:00000:00000:00001:00004" artCategory="Poder Judiciário/Tribunal Regional do Trabalho da 15ª Região/Presidência" artSize="8" artNotes="" numberPage="69" pdfPage="http://pesquisa.in.gov.br/imprensa/jsp/visualiza/index.jsp?data=02/05/2018&amp;jornal=529&amp;pagina=69" editionNumber="83" highlight="" idMateria="10714654">
  <body>
    <Identifica><![CDATA[ PORTARIA CPV Nº 217, DE 09 DE ABRIL DE 2018]]></Identifica>
    <Data><![CDATA[]]></Data>
    <Ementa />
    <Titulo />
    <SubTitulo />
    <Texto><![CDATA[<p></p><p class="identifica">PORTARIA CPV Nº 217, DE 09 DE ABRIL DE 2018</p><p>A DESEMBARGADORA VICE-PRESIDENTE ADMINISTRATIVO NO EXERCICIO DA PRESIDÊNCIA DO TRIBUNAL REGIONAL DO TRABALHO DA 15ª REGIÃO, no uso de suas atribuições legais e regimentais, resolve:</p><p>Designar, a partir da publicação desta portaria, as servidoras abaixo, Técnicas Judiciárias, área Administrativa, do Quadro Permanente da Secretaria deste Tribunal, lotadas na 1ª Vara do Trabalho de São José do Rio Preto, para:</p><p>- RENATA LUCIA REBOLLO SOCIO, exercer a função comissionada de Secretário de Audiência FC-04, constante da Tabela de Funções Comissionadas, dispensando JORGE LUIS JORGE;</p><p>- MARIA LUCIA PINTO CESAR, exercer a função comissionada de Assistente FC-02, constante da Tabela de Funções Comissionadas, dispensando RENATA LUCIA REBOLLO SOCIO.</p><p></p><p class="assina">Des. HELENA ROSA MÔNACO DA SILVA LINS COELHO</p><p class="identifica">PORTARIA CPV Nº 230, DE 11 DE ABRIL DE 2018</p><p>A DESEMBARGADORA VICE-PRESIDENTE ADMINISTRATIVO NO EXERCICIO DA PRESIDÊNCIA DO TRIBUNAL REGIONAL DO TRABALHO DA 15ª REGIÃO, no uso de suas atribuições legais e regimentais, e tendo em vista o que consta do Processo nº 8544/2017 PROAD, resolve:</p><p>Cessar, a partir de 02 de maio de 2018, os efeitos da Portaria CPV nº 36, de 17/01/2014, publicada no DOU-Seção 02, em 27/01/2014, página 58, que removeu para o Tribunal Regional do Trabalho da 4ª Região, PAULA DANIELE RIBEIRO DA SILVA, Técnico Judiciário, área Administrativa, do Quadro Permanente da Secretaria deste Tribunal, em permuta com CARLOS LISBOA DE LIMA, Técnico Judiciário, área Administrativa, do Quadro Permanente da Secretaria do Tribunal Regional do Trabalho da 4ª Região.</p><p class="assina">Des. HELENA ROSA MÔNACO DA SILVA LINS COELHO</p><p></p><p class="identifica">PORTARIAS CPV DE 19 DE ABRIL DE 2018</p><p>O DESEMBARGADOR PRESIDENTE DO TRIBUNAL REGIONAL DO TRABALHO DA 15ª REGIÃO, no uso de suas atribuições legais e regimentais, resolve:</p><p>N.º 257 - Dispensar, a partir de 02 de maio de 2018, JOSETH FERREIRA BRANDÃO, Servidora Pública da Universidade Federal de Alagoas, à disposição deste Tribunal, da função comissionada de Executante FC-01, na Seção de Auditoria, da Presidência, em virtude de retorno ao órgão de origem.</p><p>N.º 262 - Dispensar, a partir da publicação desta portaria, CAMILA BRAGA VILLELA SANTOS, Técnico Judiciário, área Administrativa, do Quadro Permanente da Secretaria deste Tribunal, da função comissionada de Assistente Administrativo FC-03, no Gabinete do Desembargador do Trabalho José Otávio de Souza Ferreira.</p><p>N.º 263 - Designar, a partir da publicação desta portaria, os servidores abaixo, do Quadro Permanente da Secretaria deste Tribunal, lotados no Gabinete do Desembargador do Trabalho José Otávio de Souza Ferreira, para:</p><p>- CAMILA BRAGA VILLELA SANTOS, Técnico Judiciário, área Administrativa, exercer a função comissionada de Assistente Técnico de Gabinete de Desembargador FC-04, constante da Tabela de Funções Comissionadas, dispensando SAMARA CAMPOS MARINI;</p><p>- FABIANO MELLO DELGADO, Analista Judiciário, área Judiciária, exercer a função comissionada de Assistente FC-02, constante da Tabela de Funções Comissionadas.</p><p class="assina">Des. FERNANDO DA SILVA BORGES</p><p class="identifica">PORTARIAS CPV DE 23 DE ABRIL DE 2018</p><p>O DESEMBARGADOR PRESIDENTE DO TRIBUNAL REGIONAL DO TRABALHO DA 15ª REGIÃO, no uso de suas atribuições legais e regimentais, resolve:</p><p>Nº 266 - Designar, a partir da publicação desta portaria, PRISCILA THAIS MARTINS PINHEIRO MACHADO, Analista Judiciário, área Judiciária, do Quadro Permanente da Secretaria deste Tribunal, para:</p><p>I - ter exercício no Gabinete da Desembargadora do Trabalho Luciane Storel da Silva, dispensando-a da função comissionada de Assistente de Juiz FC-05, no Gabinete da Juíza Titular Luciana Moro Loureiro;</p><p>II - exercer a função comissionada de Assistente Administrativo FC-03, constante da Tabela de Funções Comissionadas.</p><p>Nº 270 - Designar, a partir da publicação desta portaria, MARIA RITA AVEZUM ALVES DE CASTRO, Analista Judiciário, área Judiciária, do Quadro Permanente da Secretaria deste Tribunal, lotada na Vara do Trabalho de Cravinhos, para exercer a função comissionada de Calculista FC-04, constante da Tabela de Funções Comissionadas, dispensando LUIZ CLAUDIO LIMA DE SOUZA.</p><p></p><p class="assina">Des. FERNANDO DA SILVA BORGES</p><p></p><p class="identifica">RETIFICAÇÃO</p><p>Na publicação do Ato nº 37/2016-SLP, de 1º/3/2016, realizada no Diário Oficial da União de 3/3/2016, Seção 2, página 69, onde se lê: "correspondente ao valor da opção da Função Comissionada FC-04.", leia-se: "correspondente ao valor da opção da Função Comissionada FC-05."</p><p></p>]]></Texto>
  </body>
</article></xml>