﻿<xml><article id="2906468" name="071 - Dispensa Lucilene e design" idOficio="4772241" pubName="DO2" artType="Portaria" pubDate="02/05/2018" artClass="00038:00001:00008:00005:00000:00000:00000:00000:00000:00000:00025:00001" artCategory="Poder Judiciário/Supremo Tribunal Federal/Secretaria do Tribunal/Secretaria de Gestão de Pessoas" artSize="8" artNotes="" numberPage="62" pdfPage="http://pesquisa.in.gov.br/imprensa/jsp/visualiza/index.jsp?data=02/05/2018&amp;jornal=529&amp;pagina=62" editionNumber="83" highlight="" idMateria="10718344">
  <body>
    <Identifica><![CDATA[ PORTARIA Nº 71, DE 30 DE ABRIL DE 2018]]></Identifica>
    <Data><![CDATA[]]></Data>
    <Ementa />
    <Titulo />
    <SubTitulo />
    <Texto><![CDATA[<p></p><p class="identifica">PORTARIA Nº 71, DE 30 DE ABRIL DE 2018</p><p>O SECRETÁRIO DE GESTÃO DE PESSOAS DO SUPREMO TRIBUNAL FEDERAL, no uso das atribuições conferidas pela Portaria DG nº 233/2013, com base no inc. II do art. 9º e no inc. I do art. 35 da Lei nº 8.112/1990, resolve:</p><p>Art. 1º Dispensar LUCILENE PRYCYUCK KUSTER, Técnico Judiciário, Área Administrativa, da função comissionada de Assistente II, nível FC-02, da Seção de Composição e Controle de Acórdãos.</p><p>Art. 2º Designar MARCOS GOMES DE ALMEIDA SILVA, Técnico Judiciário, Área Administrativa, para exercer a função comissionada de Assistente II, nível FC-02, na Seção de Composição e Controle de Acórdãos.</p><p class="assina">Cícero Rodrigues de Oliveira Gomes</p>]]></Texto>
  </body>
</article></xml>