﻿<xml><article id="2915206" name="ATO PORTARIA Nº 122" idOficio="4769580" pubName="DO2" artType="Portaria" pubDate="03/05/2018" artClass="00038:00049:00001:00000:00000:00000:00000:00000:00000:00000:00025:00001" artCategory="Poder Judiciário/Tribunal Regional do Trabalho da 10ª Região/Presidência" artSize="8" artNotes="" numberPage="63" pdfPage="http://pesquisa.in.gov.br/imprensa/jsp/visualiza/index.jsp?data=03/05/2018&amp;jornal=529&amp;pagina=63" editionNumber="84" highlight="" idMateria="10713171">
  <body>
    <Identifica><![CDATA[ PORTARIA Nº 122, DE 26 DE ABRIL DE 2018]]></Identifica>
    <Data><![CDATA[]]></Data>
    <Ementa />
    <Titulo />
    <SubTitulo />
    <Texto><![CDATA[<p class="identifica">PORTARIA Nº 122, DE 26 DE ABRIL DE 2018</p><p>A DESEMBARGADORA PRESIDENTE DO TRIBUNAL REGIONAL DO TRABALHO DA DÉCIMA REGIÃO, no uso de suas atribuições legais e regimentais, tendo em vista o contido no Processo Administrativo SEI n.º 18.0.000000188-7, resolve:</p><p>Remover, a pedido, o servidor RUBIO FERREIRA, Técnico Judiciário, Classe "A", Padrão 2, Área Administrativa, Especialidade Segurança, do Quadro de Pessoal Permanente deste Tribunal, para o Tribunal Regional do Trabalho da 18ª Região, mediante permuta com o servidor daquele Regional, DEIVISSON PEREIRA DE MEDEIROS, com efeitos a partir de 3/5/2018.</p><p class="assina">MARIA REGINA MACHADO GUIMARÃES</p>]]></Texto>
  </body>
</article></xml>