﻿<xml><article id="2895470" name="ExtrPortDispensaValdecir" idOficio="4769511" pubName="DO2" artType="Portaria" pubDate="02/05/2018" artClass="00011:00085:00001:00000:00000:00000:00000:00000:00000:00000:00025:00001" artCategory="Ministério da Educação/Instituto Federal de Educação, Ciência e Tecnologia Sudeste de Minas Gerais/Reitoria" artSize="8" artNotes="" numberPage="21" pdfPage="http://pesquisa.in.gov.br/imprensa/jsp/visualiza/index.jsp?data=02/05/2018&amp;jornal=529&amp;pagina=21" editionNumber="83" highlight="" idMateria="10713072">
  <body>
    <Identifica><![CDATA[ Portaria Nº 229, de 26 de abril de 2018]]></Identifica>
    <Data><![CDATA[]]></Data>
    <Ementa />
    <Titulo />
    <SubTitulo />
    <Texto><![CDATA[<p class="identifica">Portaria Nº 229, de 26 de abril de 2018</p><p>O Diretor Geral do Campus Rio Pomba - IF Sudeste MG, no uso de suas atribuições legais de acordo com a Portaria-R nº 558, de 17 de maio de 2017, e competência Delegada pela Portaria nº 19/2014, DOU de 15/01/2014, resolve:</p><p>Dispensar o servidor Valdecir Ferreira, matrícula SIAPE nº 1111541, da função de Chefe da Seção de Vigilância, código FG 04, do IF Sudeste MG - Campus Rio Pomba, com vigência a partir de 26.04.2018.</p><p class="assina">JOÃO BATISTA LÚCIO CORRÊA</p>]]></Texto>
  </body>
</article></xml>