﻿<xml><article id="2896074" name="138-2018 in" idOficio="4771041" pubName="DO2" artType="Portaria" pubDate="02/05/2018" artClass="00011:00051:00000:00000:00000:00000:00000:00000:00000:00000:00025:00002" artCategory="Ministério da Educação/Instituto Benjamin Constant" artSize="8" artNotes="" numberPage="17" pdfPage="http://pesquisa.in.gov.br/imprensa/jsp/visualiza/index.jsp?data=02/05/2018&amp;jornal=529&amp;pagina=17" editionNumber="83" highlight="" idMateria="10716150">
  <body>
    <Identifica><![CDATA[ Portaria nº 138, de 27 de abril de 2018]]></Identifica>
    <Data><![CDATA[]]></Data>
    <Ementa />
    <Titulo />
    <SubTitulo />
    <Texto><![CDATA[<p class="identifica">Portaria nº 138, de 27 de abril de 2018</p><p>O Diretor-Geral do Instituto Benjamin Constant, no uso das atribuições que lhe foram subdelegadas pelo Subsecretário de Assuntos Administrativos, do Ministério da Educação, conforme Portaria n.º 28, de 06 de março de 1998, publicada no Diário Oficial da União de 09 de março de 1998, e considerando a subdelegação de competência de que trata o artigo 1.º da Portaria MEC n.º 316, de 27/03/15, publicada no DOU n.º 60, de 30/03/15, resolve:</p><p>Dispensar, a pedido, a partir de 24/04/2018, o servidor LUIS FERNANDO DE FRANÇA ROMÃO, Assistente em Administração, matrícula SIAPE nº 2341225, da função de Supervisor, código FG-01, da Divisão de Pessoal do Departamento de Planejamento e Administração do Instituto Benjamin Constant.</p><p>Esta portaria entra em vigor na data de sua publicação, revogadas as disposições em contrário.</p><p class="assina">JOÃO RICARDO MELO FIGUEIREDO</p>]]></Texto>
  </body>
</article></xml>