﻿<xml><article id="2895425" name="DOU TRF2-ATP-2018-00159" idOficio="4768912" pubName="DO2" artType="Ato" pubDate="02/05/2018" artClass="00038:00008:00001:00000:00000:00000:00000:00000:00000:00000:00001:00001" artCategory="Poder Judiciário/Tribunal Regional Federal da 2ª Região/Presidência" artSize="8" artNotes="" numberPage="63" pdfPage="http://pesquisa.in.gov.br/imprensa/jsp/visualiza/index.jsp?data=02/05/2018&amp;jornal=529&amp;pagina=63" editionNumber="83" highlight="" idMateria="10712066">
  <body>
    <Identifica><![CDATA[ ATO Nº  2018/00159, DE 18 DE ABRIL DE 2018]]></Identifica>
    <Data><![CDATA[]]></Data>
    <Ementa />
    <Titulo />
    <SubTitulo />
    <Texto><![CDATA[<p></p><p class="identifica">ATO Nº 2018/00159, DE 18 DE ABRIL DE 2018</p><p>O PRESIDENTE DO TRIBUNAL REGIONAL FEDERAL DA 2ª REGIÃO, no uso de suas atribuições, e considerando o que consta nos autos do Procedimento Administrativo nº JFRJ-PES-2017/00749, resolve:</p><p>I - REDISTRIBUIR o cargo de Técnico Judiciário, Área Administrativa, Nível Intermediário, ocupado pela servidora LORENA VIEIRA DOS REIS, do Quadro de Pessoal da Justiça Federal de Primeiro Grau - Seção Judiciária do Rio de Janeiro, para o Quadro de Pessoal da Seção Judiciária do Estado de São Paulo, vinculada ao Tribunal Regional Federal da 3ª Região, em reciprocidade com o cargo de Técnico Judiciário, Área Administrativa, Nível Intermediário, ocupado pelo servidor PAULO RODRIGUES DOS SANTOS, do Quadro de Pessoal da Seção Judiciária do Estado de São Paulo, com fulcro no art. 37, da Lei nº 8.112-90 e na Resolução nº 146, de 06.03.2012, do Conselho Nacional de Justiça;</p><p>II - Conceder 20 (vinte) dias de trânsito ao servidor PAULO RODRIGUES DOS SANTOS, com base no art. 18 da Lei nº 8.112, de 1990, e no art. 7º da Resolução nº 146, de 06.03.2012, do Conselho Nacional de Justiça.</p><p></p><p class="assina">Des. ANDRÉ FONTES</p><p></p>]]></Texto>
  </body>
</article></xml>