﻿<xml><article id="2901442" name="D_30042018" idOficio="4771977" pubName="DO2" artType="Despacho" pubDate="02/05/2018" artClass="00021:00001:00000:00000:00000:00000:00000:00000:00000:00000:00019:00004" artCategory="Ministério de Minas e Energia/Gabinete do Ministro" artSize="8" artNotes="iran" numberPage="40" pdfPage="http://pesquisa.in.gov.br/imprensa/jsp/visualiza/index.jsp?data=02/05/2018&amp;jornal=529&amp;pagina=40" editionNumber="83" highlight="" idMateria="10717669">
  <body>
    <Identifica><![CDATA[ DESPACHO de 30 de abril de 2018]]></Identifica>
    <Data><![CDATA[]]></Data>
    <Ementa />
    <Titulo />
    <SubTitulo />
    <Texto><![CDATA[<p></p><p class="identifica">DESPACHO de 30 de abril de 2018</p><p>O MINISTRO DE ESTADO DE MINAS E ENERGIA, tendo em vista o disposto no Decreto nº 1.387, de 7 de fevereiro de 1995, e no art. 7º, inciso IV, do Decreto nº 7.689, de 2 de março de 2012, resolve autorizar os seguintes afastamentos do País:</p><p>NOME: Gabriel Guimarães Facuri. CARGO/FUNÇÃO: Pesquisador em Geociências. ÓRGÃO: Companhia de Pesquisa de Recursos Minerais - CPRM. PAÍS DE DESTINO: Itália. FINALIDADE: Participar de curso na área de mapeamento e monitoramento de fluxos de detritos, na Universidade de Bologna. PERÍODO: 13/05/2018 a 14/09/2018. TIPO DE AFASTAMENTO: Com ônus. ENQUADRAMENTO DA VIAGEM: art. 1º, inciso IV, do Decreto nº 1.387, de 1995.</p><p>NOME: Cid Arruda Aragão. CARGO/FUNÇÃO: Procurador Federal. ÓRGÃO: Agência Nacional de Energia Elétrica - ANEEL. PAÍS DE DESTINO: Estados Unidos da América. FINALIDADE: Participação no Programa Executivo de Competências para Liderança. PERÍODO: 18/05/2018 a 28/05/2018. TIPO DE AFASTAMENTO: Com ônus. ENQUADRAMENTO DA VIAGEM: art. 1º, inciso IV, do Decreto nº 1.387, de 1995.</p><p>NOME: Dirceu Cardoso Amorelli Junior. CARGO/FUNÇÃO: Diretor. ÓRGÃO: Agência Nacional do Petróleo, Gás Natural e Biocombustíveis - ANP. PAÍS DE DESTINO: Estados Unidos da América. FINALIDADE: Participar do "Programa Executivo de Competências Para Liderança". PERÍODO: 18/05/2018 a 27/05/2018. TIPO DE AFASTAMENTO: Com ônus. ENQUADRAMENTO DA VIAGEM: art. 1º, inciso IV, do Decreto nº 1.387, de 1995.</p><p>NOME: Helio da Cunha Bisaggio. CARGO/FUNÇÃO: Especialista em Regulação de Petróleo e Derivados, Álcool Combustível e Gás Natural/Superintendente de Infraestrutura e Movimentação. ÓRGÃO: Agência Nacional do Petróleo, Gás Natural e Biocombustíveis - ANP. PAÍS DE DESTINO: Estados Unidos da América. FINALIDADE: Participação na "27thWorld Gas Conference". PERÍODO: 24/06/2018 a 01/07/2018. TIPO DE AFASTAMENTO: Com ônus. ENQUADRAMENTO DA VIAGEM: art. 1º, inciso IV, do Decreto nº 1.387, de 1995.</p><p>NOME: Marina Abelha Ferreira. CARGO/FUNÇÃO: Especialista em Geologia e Geofísica/Assessora de Diretoria. ÓRGÃO: Agência Nacional do Petróleo, Gás Natural e Biocombustíveis - ANP. PAÍS DE DESTINO: Estados Unidos da América. FINALIDADE: Participação na "27thWorld Gas Conference". PERÍODO: 24/06/2018 a 01/07/2018. TIPO DE AFASTAMENTO: Com ônus. ENQUADRAMENTO DA VIAGEM: art. 1º, inciso IV, do Decreto nº 1.387, de 1995.</p><p>NOME: Mário Jorge Figueira Confort. CARGO/FUNÇÃO: Especialista em Petróleo e Derivados, Álcool Combustível e Gás Natural/Coordenador. ÓRGÃO: Agência Nacional do Petróleo, Gás Natural e Biocombustíveis - ANP. PAÍS DE DESTINO: Estados Unidos da América. FINALIDADE: Participação na "27thWorld Gas Conference". PERÍODO: 24/06/2018 a 01/07/2018. TIPO DE AFASTAMENTO: Com ônus. ENQUADRAMENTO DA VIAGEM: art. 1º, inciso IV, do Decreto nº 1.387, de 1995.</p><p class="assina">W. Moreira Franco</p>]]></Texto>
  </body>
</article></xml>