﻿<xml><article id="2907191" name="2 GABMI PORTARIA 2389" idOficio="4772265" pubName="DO2" artType="Portaria" pubDate="02/05/2018" artClass="00008:00001:00000:00000:00000:00000:00000:00000:00000:00000:00019:00004" artCategory="Ministério da Ciência, Tecnologia, Inovações e Comunicações/Gabinete do Ministro" artSize="8" artNotes="" numberPage="6" pdfPage="http://pesquisa.in.gov.br/imprensa/jsp/visualiza/index.jsp?data=02/05/2018&amp;jornal=529&amp;pagina=6" editionNumber="83" highlight="" idMateria="10718670">
  <body>
    <Identifica><![CDATA[ PORTARIA Nº 2.389, de 27 DE ABRIL DE 2018]]></Identifica>
    <Data><![CDATA[]]></Data>
    <Ementa />
    <Titulo />
    <SubTitulo />
    <Texto><![CDATA[<p class="identifica">PORTARIA Nº 2.389, de 27 DE ABRIL DE 2018</p><p>O MINISTRO DE ESTADO DA CIÊNCIA, TECNOLOGIA, INOVAÇÕES E COMUNICAÇÕES, no uso da competência que lhe foi delegada pelo artigo 3º do Decreto nº 8.821, de 26 de julho de 2016, publicado no DOU de 26 de julho de 2016, e tendo em vista o disposto no Decreto nº 8.877, de 18 de outubro de 2016, publicado no DOU de 19 de outubro de 2016, e alterações posteriores, resolve:</p><p>Designar a servidora FLAVIA RIBEIRO CAVALCANTI, CPF 095.719.917-16, para substituir, nos afastamentos, impedimentos legais ou regulamentares do titular e na vacância do cargo, o Coordenador-Geral de Unidades de Pesquisa e Organizações Sociais, código DAS 101.4, da Diretoria de Gestão das Unidades de Pesquisa e Organizações Sociais, da Secretaria Executiva, deste Ministério (Processo SEI nº 01250.021963/2018-03).</p><p class="assina">GILBERTO KASSAB</p>]]></Texto>
  </body>
</article></xml>