﻿<xml><article id="2900617" name="Portaria 165.2018" idOficio="4771843" pubName="DO2" artType="Portaria" pubDate="02/05/2018" artClass="00025:00003:00002:00000:00000:00000:00000:00000:00000:00000:00025:00001" artCategory="Ministério do Meio Ambiente/Agência Nacional de Águas/Diretor-Presidente" artSize="8" artNotes="" numberPage="47" pdfPage="http://pesquisa.in.gov.br/imprensa/jsp/visualiza/index.jsp?data=02/05/2018&amp;jornal=529&amp;pagina=47" editionNumber="83" highlight="" idMateria="10717502">
  <body>
    <Identifica><![CDATA[ PORTARIA Nº 165, DE 26 DE ABRIL DE 2018]]></Identifica>
    <Data><![CDATA[]]></Data>
    <Ementa />
    <Titulo />
    <SubTitulo />
    <Texto><![CDATA[<p class="identifica">PORTARIA Nº 165, DE 26 DE ABRIL DE 2018</p><p>A DIRETORA-PRESIDENTE DA AGÊNCIA NACIONAL DE ÁGUAS - ANA, no uso das atribuições que lhe confere o art. 103, inciso III e VII, do Anexo I da Resolução nº 1.934, de 30 de outubro de 2017, publicada no DOU de 1º de novembro de 2017, que aprovou o Regimento Interno da ANA, e tendo em vista o disposto no art. 9º, inciso II, da Lei nº 8.112, de 11 de dezembro de 1990, resolve:</p><p>NOMEAR LEONARDO DE ALMEIDA para exercer o Cargo Comissionado Técnico, Código CCT II.</p><p class="assina">CHRISTIANNE DIAS FERREIRA</p>]]></Texto>
  </body>
</article></xml>