﻿<xml><article id="2902211" name="ATO PORTARIA Nº 523" idOficio="4772008" pubName="DO2" artType="Portaria" pubDate="02/05/2018" artClass="00011:00042:00000:00000:00000:00000:00000:00000:00000:00000:00025:00020" artCategory="Ministério da Educação/Fundação Universidade Federal de Sergipe" artSize="8" artNotes="" numberPage="16" pdfPage="http://pesquisa.in.gov.br/imprensa/jsp/visualiza/index.jsp?data=02/05/2018&amp;jornal=529&amp;pagina=16" editionNumber="83" highlight="" idMateria="10717803">
  <body>
    <Identifica><![CDATA[ PORTARIA Nº 523, DE 26 DE ABRIL DE 2018]]></Identifica>
    <Data><![CDATA[]]></Data>
    <Ementa />
    <Titulo />
    <SubTitulo />
    <Texto><![CDATA[<p class="identifica">PORTARIA Nº 523, DE 26 DE ABRIL DE 2018</p><p>O REITOR DA UNIVERSIDADE FEDERAL DE SERGIPE, no uso de suas atribuições legais e; considerando o disposto na Lei 8.112, de 11/12/1990, considerando o disposto no Decreto nº 1.387 de 07/02/95 e na portaria nº 404 de 23/04/09 do Ministério de Estado da Educação, considerando o disposto nas Resoluções n° 44 de 27/08/2014 e nº 28 de 22/06/2016 do Conselho Universitário da Universidade Federal de Sergipe, considerando o que consta no processo nº 23113.005996/2018-13, resolve:</p><p>Art. 1o- Autorizar o afastamento do país do servidor LEONARDO NOGUEIRA MATOS, Professor Associado, 04, matrícula SIAPE nº 1194034, lotado no Departamento de Computação do Centro de Ciências Exatas e Tecnologia, para cursar Pós-Doutorado, pelo período de 01/09/2018 a 31/08/2019, na Universidade do Minho, na cidade de Braga, Portugal, com ônus limitado para UFS.</p><p>Art. 2o- Esta Portaria entra em vigor nesta data, devendo ser publicada no Diário Oficial da União.</p><p class="assina">Angelo Roberto Antoniolli</p>]]></Texto>
  </body>
</article></xml>