﻿<xml><article id="2896554" name="375" idOficio="4771504" pubName="DO2" artType="Portaria" pubDate="02/05/2018" artClass="00038:00003:00005:00001:00000:00000:00000:00000:00000:00000:00025:00001" artCategory="Poder Judiciário/Tribunal Superior Eleitoral/Secretaria do Tribunal/Diretoria-Geral" artSize="8" artNotes="" numberPage="62" pdfPage="http://pesquisa.in.gov.br/imprensa/jsp/visualiza/index.jsp?data=02/05/2018&amp;jornal=529&amp;pagina=62" editionNumber="83" highlight="" idMateria="10716899">
  <body>
    <Identifica><![CDATA[ Portaria nº 375, de 27 de abril de 2018]]></Identifica>
    <Data><![CDATA[]]></Data>
    <Ementa />
    <Titulo />
    <SubTitulo />
    <Texto><![CDATA[<p></p><p class="identifica">Portaria nº 375, de 27 de abril de 2018</p><p>O DIRETOR-GERAL DA SECRETARIA DO TRIBUNAL SUPERIOR ELEITORAL, com base no inciso I do art. 35 e no inciso II do art. 9º da Lei nº 8.112, de 11 de dezembro de 1990, e no exercício das competências que lhe foram atribuídas pela Portaria TSE nº 755, de 13 de outubro de 2017, resolve:</p><p>Art. 1º Exonerar:</p><p>I - ANTÔNIO DE FARIA NETO, Técnico Judiciário, Área Administrativa, cedido para este Tribunal, do cargo em comissão de Assessor II, Nível CJ-2, da Assessoria do Centro Cultural da Justiça Eleitoral, da Secretaria de Gestão da Informação;</p><p>II - MONICA ZIEHFUSS HESKETH, sem vínculo efetivo com a Administração, do cargo em comissão de Assessor I, Nível CJ-1, do Gabinete do Ministro Admar Gonzaga Neto.</p><p>Art. 2º Nomear MONICA ZIEHFUSS HESKETH, sem vínculo efetivo com a Administração, para exercer o cargo em comissão de Assessor II, Nível CJ-2, da Assessoria do Centro Cultural da Justiça Eleitoral, da Secretaria de Gestão da Informação.</p><p class="assina">RODRIGO CURADO FLEURY</p>]]></Texto>
  </body>
</article></xml>