﻿<xml><article id="2901994" name="retificação de portaria - seção " idOficio="4772024" pubName="DO2" artType="Retificação" pubDate="02/05/2018" artClass="00025:00022:00000:00000:00000:00000:00000:00000:00000:00000:00032:00002" artCategory="Ministério do Meio Ambiente/Instituto Chico Mendes de Conservação da Biodiversidade" artSize="8" artNotes="" numberPage="48" pdfPage="http://pesquisa.in.gov.br/imprensa/jsp/visualiza/index.jsp?data=02/05/2018&amp;jornal=529&amp;pagina=48" editionNumber="83" highlight="" idMateria="10717768">
  <body>
    <Identifica><![CDATA[ RETIFICAÇÃO]]></Identifica>
    <Data><![CDATA[]]></Data>
    <Ementa />
    <Titulo />
    <SubTitulo />
    <Texto><![CDATA[<p class="identifica">RETIFICAÇÃO</p><p>Retificar a Portaria Nº 410, de 26 de abril de 2018, publicada no Diário Oficial da União nº 82, de 30 de abril de 2018, seção 2, página 68. Onde se lê: "...da Reserva Biológica de Uatumã/AM". Leia-se: "...do Núcleo de Gestão Integrada - ICMBio Roraima".</p>]]></Texto>
  </body>
</article></xml>