﻿<xml><article id="2900752" name="2018-04-30/4771855/TCUWS_1071753" idOficio="4771855" pubName="DO2" artType="Portaria" pubDate="02/05/2018" artClass="00035:00001:00000:00000:00000:00000:00000:00000:00000:00000:00025:00001" artCategory="Tribunal de Contas da União/Gabinete do Presidente" artSize="8" artNotes="" numberPage="59" pdfPage="http://pesquisa.in.gov.br/imprensa/jsp/visualiza/index.jsp?data=02/05/2018&amp;jornal=529&amp;pagina=59" editionNumber="83" highlight="" idMateria="10717537">
  <body>
    <Identifica><![CDATA[ PORTARIA  Nº 126, DE 30 DE ABRIL DE 2018]]></Identifica>
    <Data><![CDATA[]]></Data>
    <Ementa />
    <Titulo />
    <SubTitulo />
    <Texto><![CDATA[<p></p><p class="identifica">PORTARIA Nº 126, DE 30 DE ABRIL DE 2018</p><p>O PRESIDENTE DO TRIBUNAL DE CONTAS DA UNIÃO, no uso da atribuição que lhe confere o art. 70, inciso III, da Lei nº 8.443, de 16 de julho de 1992, e tendo em vista as informações constantes do processo TC 030.190/2017-7, resolve:</p><p>CONCEDER APOSENTADORIA voluntária, com proventos integrais, à servidora ANA CLAUDIA MESSIAS DE LIMA MARTINS, CPF nº 073.569.958-59, matrícula 318-2, no cargo de Auditor Federal de Controle Externo, Área Controle Externo, Especialidade Controle Externo, Classe Especial, Padrão 13, do Quadro de Pessoal da Secretaria deste Tribunal, com fundamento no artigo 3º da Emenda Constitucional nº 47, de 5 de julho de 2005, acrescidos das vantagens previstas artigo 15, § 1º, da Lei nº 9.527, de 10 de dezembro de 1997, e no artigo 67 da Lei nº 8.112, de 11 de dezembro de 1990, asseguradas pelo art. 13 da Lei nº 9.624, de 2 de abril de 1998.</p><p class="assina">Des. RAIMUNDO CARREIRO</p>]]></Texto>
  </body>
</article></xml>