﻿<xml><article id="2898404" name="PTS57A59FLORIANOPOLIS" idOficio="4771703" pubName="DO2" artType="Portaria" pubDate="02/05/2018" artClass="00022:00029:00241:00012:00024:00000:00000:00000:00000:00000:00025:00008" artCategory="Ministério do Desenvolvimento Social/Instituto Nacional do Seguro Social/Superintendência Regional Sul em Florianópolis/Gerência Executiva - B - em Florianópolis/Seção Operacional da Gestão de Pessoas" artSize="8" artNotes="" numberPage="46" pdfPage="http://pesquisa.in.gov.br/imprensa/jsp/visualiza/index.jsp?data=02/05/2018&amp;jornal=529&amp;pagina=46" editionNumber="83" highlight="" idMateria="10717274">
  <body>
    <Identifica><![CDATA[ PORTARIAS DE 25 DE ABRIL DE 2018]]></Identifica>
    <Data><![CDATA[]]></Data>
    <Ementa />
    <Titulo />
    <SubTitulo />
    <Texto><![CDATA[<p class="identifica">PORTARIAS DE 25 DE ABRIL DE 2018</p><p>O Chefe da Seção Operacional da Gestão de Pessoas da Gerência Executiva do INSS em Florianópolis/SC, no uso das atribuições, conferidas pelo artigo 235, da Portaria MDS nº 414 de 28/09/2017, publicado no DOU nº 188-A de 29/09/2017, que aprovou o Regimento Interno do INSS,</p><p>Nº 57 - Conceder aposentadoria voluntária integral a servidora CLEUSA FRANCISCA DOS SANTOS, matrícula 0929860, ocupante do cargo de Datilógrafo, Classe S, Padrão IV do quadro de pessoal do INSS, com fundamento no art. 3º inciso I, II e III da EC nº 47/2005, observado o contido no Processo nº 35346.000327/2018-92, e demais vantagens a que faz jus. Declarar vago o referido cargo</p><p>Nº 58 - Conceder aposentadoria Voluntária Integral a servidora NADIA KOCH VIANA, matrícula 0930172, ocupante do cargo de Técnico do Seguro Social , Classe S, Padrão IV do quadro de pessoal do INSS, com fundamento no art. 3º inciso I, II e III da EC nº 47/2005, observado o contido no Processo nº 35346.000330/2018-14, e demais vantagens a que faz jus. Declarar vago o referido cargo</p><p>Nº 59 - Conceder Aposentadoria Voluntária Integral a servidora SANDRA MARA DA SILVA, matrícula 0929099, ocupante do cargo de Agente de Vigilância, Classe S, Padrão IV do quadro de pessoal do INSS, com fundamento no art. 3º inciso I, II e III da EC nº 47/2005, observado o contido no Processo nº 35346.000333/2018-40, e demais vantagens a que faz jus. Declarar vago o referido cargo.</p><p class="assina">PAULO DOMINGOS FERREIRA</p>]]></Texto>
  </body>
</article></xml>