﻿<xml><article id="2903018" name="DESP MESP 111 A 128 CONJUR SAA S" idOficio="4772099" pubName="DO2" artType="Despacho" pubDate="02/05/2018" artClass="00032:00001:00000:00000:00000:00000:00000:00000:00000:00000:00019:00002" artCategory="Ministério Extraordinário da Segurança Pública/Gabinete do Ministro" artSize="8" artNotes="" numberPage="54" pdfPage="http://pesquisa.in.gov.br/imprensa/jsp/visualiza/index.jsp?data=02/05/2018&amp;jornal=529&amp;pagina=54" editionNumber="83" highlight="" idMateria="10717980">
  <body>
    <Identifica><![CDATA[ DESPACHOS De 27 de abril de 2018]]></Identifica>
    <Data><![CDATA[]]></Data>
    <Ementa />
    <Titulo />
    <SubTitulo />
    <Texto><![CDATA[<p class="identifica">DESPACHOS De 27 de abril de 2018</p><p>Nº 111 - Ref.: PROCESSO nº 08664.010824/2017-42. INTERESSADOS: Ministério Extraordinário da Segurança Pública/Departamento de Polícia Rodoviária Federal. ASSUNTO: Pedido de Reconsideração. DECISÃO: Pela admissibilidade do pedido interposto pelo ex-Agente Administrativo do Departamento de Polícia Rodoviária Federal JOAQUIM NILSON DA SILVA LOPES, para no mérito indeferi-lo, pelas razões de fato e fundamentos de direito aduzidos no Parecer nº 29/2018/SM/CAD/CGAD/CONJUR-MJ/CGU/AGU, aprovado pelo Despacho nº 62/2018/CAD/ASSEJUR/MESP-CJ/CGU/AGU, da Consultoria Jurídica, que adoto.</p><p>Nº 112 - Ref.: PROCESSO nº 08003.000047/2018-92. INTERESSADOS: Ministério Extraordinário da Segurança Pública / Departamento de Polícia Federal. ASSUNTO: Pedido de Reconsideração. DECISÃO: Pela admissibilidade do pedido interposto pelo ex-Agente de Polícia Federal ALFREDO ABDO DOMINGOS, para no mérito indeferi-lo, pelas razões de fato e fundamentos de direito aduzidos no Parecer nº 24/2018/SM/CAD/ASSEJUR/MESP-MJ/CGU/AGU, aprovado pelo Despacho nº 66/2018/CAD/ASSEJUR/MESP-MJ/CGU/AGU, da Consultoria Jurídica, que adoto.</p><p>Nº 113 - Ref.: PROCESSO nº 08657.028971/2015-04. INTERESSADOS: Ministério Extraordinário da Segurança Pública/Departamento de Polícia Rodoviária Federal. ASSUNTO: Processo Administrativo Disciplinar. DECISÃO: Pela absolvição dos Policiais Rodoviários Federais SÍLVIO CÉSAR DE AZEVEDO e LEONARDO SOARES DA SILVA, por insuficiência de provas, nos termos do parágrafo único do artigo 168 da Lei n° 8.112/90, pelas razões de fato e fundamentos de direito aduzidos no Parecer nº 12/2018/GCSF/CAD/ASSEJUR/MESP-MJ/CGU/AGU, aprovado pelo Despacho nº 55/2018/CAD/ASSEJUR/MESP-MJ/CGU/AGU, da Consultoria Jurídica, que adoto.</p><p>Nº 114 - Ref.: PROCESSO nº 08654.001183/2011-69. INTERESSADOS: Ministério Extraordinário da Segurança Pública/Departamento de Polícia Rodoviária Federal. ASSUNTO: Processo Administrativo Disciplinar. DECISÃO: Determino o arquivamento do processo em relação ao Policial Rodoviário Federal apontado na alínea "a" do item 14 do Despacho nº 46/2018/CAD/ASSEJUR/MESP-MJ/CGU/AGU, que aprovou o Parecer nº 10/2018/AVS/CAD/ASSEJUR/MESP-MJ/CGU/AGU, da Consultoria Jurídica, cuja fundamentação adoto, em decorrência de seu falecimento.</p><p>Nº 115 - Ref.: PROCESSO nº 08654.001183/2011-69. INTERESSADOS: Ministério Extraordinário da Segurança Pública/Departamento de Polícia Federal. ASSUNTO: Processo Administrativo Disciplinar. DECISÃO: Determino o arquivamento do processo, na forma do art. 167, § 4°, da Lei n° 8.112/90, em relação aos Policiais Rodoviários Federais apontados na alínea "b" do item 14 do Despacho nº 46/2018/CAD/ASSEJUR/MESP-MJ/CGU/AGU, que aprovou o Parecer nº 10/2018/AVS/CAD/ASSEJUR/MESP-MJ/CGU/AGU, da Consultoria Jurídica, cuja fundamentação adoto.</p><p>Nº 116 - Ref.: PROCESSO nº 08654.001183/2011-69. INTERESSADOS: Ministério Extraordinário da Segurança Pública/Departamento de Polícia Rodoviária Federal. ASSUNTO: Processo Administrativo Disciplinar. DECISÃO: Determino o arquivamento do processo em relação aos Policiais Rodoviários Federais apontados na alínea "c" do item 14 do Despacho nº 46/2018/CAD/ASSEJUR/MESP-MJ/CGU/AGU, que aprovou o Parecer nº 10/2018/AVS/CAD/ASSEJUR/MESP-MJ/CGU/AGU, da Consultoria Jurídica, cuja fundamentação adoto, em razão da prescrição da pretensão punitiva, operada nos moldes do art. 142, inciso II, da Lei n° 8.112/90, relacionada aos enquadramentos nas infrações disciplinares previstas no artigo 116, incisos I e III, da mesma norma.</p><p>Nº 117 - Ref.: PROCESSO nº 08654.005608/2010-28. INTERESSADOS: Ministério Extraordinário da Segurança Pública/Departamento de Polícia Rodoviária Federal. ASSUNTO: Processo Administrativo Disciplinar. DECISÃO: Determino o arquivamento do processo, na forma do art. 167, § 4°, da Lei n° 8.112/90, em relação ao servidor apontado na alínea "a" do item 8 do Despacho nº 52/2018/CAD/ASSEJUR/MESP-MJ/CGU/AGU, que aprovou o Parecer nº 8/2018/AVS/CAD/ASSEJUR/MESP-MJ/CGU/AGU, da Consultoria Jurídica, cuja fundamentação adoto.</p><p>Nº 118 - O MINISTRO DE ESTADO EXTRAORDINÁRIO DA SEGURANÇA PÚBLICA, no uso de suas atribuições, tendo em vista a Medida Provisória nº 821, de 26 de fevereiro de 2018, e a competência que lhe foi delegada pelo Decreto nº 1.387, de 7 de fevereiro de 1995, autoriza que se afaste do País o servidor MARCUS CASTELO BRANCO ALVES SEMERARO RITO, Coordenador-Geral de Alternativas Penais da Diretoria de Políticas Penitenciárias do Departamento Penitenciário Nacional, para participar do "Taller sobre Medidas Alternativas en el marco del Programa de Asistencia Europa Latinoamérica de Lucha contra la Criminalidad Transnacional Organizada - Programa EL PAcCTO", a realizar-se na Cidade do Panamá, Panamá, no período de 8 a 12 de maio de 2018, inclusive trânsito, com ônus limitado. (Processo nº 08016.004183/2018-11).</p><p>Nº 119 - O MINISTRO DE ESTADO EXTRAORDINÁRIO DA SEGURANÇA PÚBLICA, no uso de suas atribuições, tendo em vista a Medida Provisória nº 821, de 26 de fevereiro de 2018, e a competência que lhe foi delegada pelo Decreto nº 1.387, de 7 de fevereiro de 1995, autoriza que se afaste do País o Delegado de Polícia Federal ROGÉRIO AUGUSTO VIANA GALLORO, Diretor-Geral do Departamento de Polícia Federal, para participar da "Meeting of the Consulting and Supervisory Sub-Committee and 198thExecutive Committee Session of the INTERPOL", em Lyon, França, no período de 9 a 16 de junho de 2018, inclusive trânsito, com ônus limitado. (Processo nº 08200.005737/2018-10).</p><p>Nº 120 - O MINISTRO DE ESTADO EXTRAORDINÁRIO DA SEGURANÇA PÚBLICA, no uso de suas atribuições, tendo em vista a Medida Provisória nº 821, de 26 de fevereiro de 2018, e a competência que lhe foi delegada pelo Decreto nº 1.387, de 7 de fevereiro de 1995, autoriza que se afaste do País o servidor CARLOS ALBERTO DOS SANTOS CRUZ, Secretário Nacional de Segurança Pública, para participar da Reunião Geral Anual e do Workshop da Associação dos Centros de Treinamento em Operações de Paz da Ásia-Pacífico, em Seul, República da Coreia, no período de 18 a 26 de maio de 2018, inclusive trânsito, com ônus limitado. (Processo nº 08020.002173/2018-73).</p><p>Nº 121 - O MINISTRO DE ESTADO EXTRAORDINÁRIO DA SEGURANÇA PÚBLICA, no uso de suas atribuições, tendo em vista a Medida Provisória nº 821, de 26 de fevereiro de 2018, e a competência que lhe foi delegada pelo Decreto nº 1.387, de 7 de fevereiro de 1995, autoriza que se afaste do País o Agente de Polícia Federal CARLOS EDUARDO MARTINS DE MEDEIROS TANIOS, lotado na Superintendência Regional de Polícia Federal no Tocantins, para participar de curso de capacitação, consoante o disposto no art. 10 do Decreto nº 5.707, de 23 de fevereiro de 2006, em Toronto/Ontário, Canadá, no período de 14 de julho a 10 de agosto de 2018, inclusive trânsito, com ônus limitado. (Processo nº 08297.000317/2018-15).</p><p>Nº 122 - O MINISTRO DE ESTADO EXTRAORDINÁRIO DA SEGURANÇA PÚBLICA, no uso de suas atribuições, tendo em vista a Medida Provisória nº 821, de 26 de fevereiro de 2018, e a competência que lhe foi delegada pelo Decreto nº 1.387, de 7 de fevereiro de 1995, autoriza que se afastem do País os Policiais Rodoviários Federais JULINO ANDRÉ CORREIA DA SILVA e MAICON VIEIRA LIMA, lotados no Departamento de Polícia Rodoviária Federal - DPRF, para participarem da Reunião Técnica preparatória à LIII Reunião Ordinária do Subgrupo de Trabalho nº 5 - Transporte do MERCOSUL, em Assunção, Paraguai, no período de 8 a 12 de maio de 2018, inclusive trânsito, com ônus. (Processo nº 08650.006178/2018-59).</p><p>Nº 123 - O MINISTRO DE ESTADO EXTRAORDINÁRIO DA SEGURANÇA PÚBLICA, no uso de suas atribuições, tendo em vista a Medida Provisória nº 821, de 26 de fevereiro de 2018, e a competência que lhe foi delegada pelo Decreto nº 1.387, de 7 de fevereiro de 1995, autoriza que se afastem do País os Policiais Rodoviários Federais JULINO ANDRÉ CORREIA DA SILVA e MAICON VIEIRA LIMA, lotados no Departamento de Polícia Rodoviária Federal - DPRF, para participarem da LIII Reunião Ordinária do Subgrupo de Trabalho nº 5 - Transporte do MERCOSUL, em Assunção, Paraguai, no período de 29 de maio a 2 de junho de 2018, inclusive trânsito, com ônus. (Processo nº 08650.006178/2018-59).</p><p>Nº 124 - O MINISTRO DE ESTADO EXTRAORDINÁRIO DA SEGURANÇA PÚBLICA, no uso de suas atribuições, tendo em vista a Medida Provisória nº 821, de 26 de fevereiro de 2018, e a competência que lhe foi delegada pelo Decreto nº 1.387, de 7 de fevereiro de 1995, autoriza que se afaste do País o Delegado de Polícia Federal WELLINGTON CLAY PORCINO SILVA, Coordenador-Geral de Polícia Judiciária e Perícia da Diretoria da Força Nacional de Segurança Pública da Secretaria Nacional de Segurança Pública, para participar de Estágio Doutoral junto à Universidade Sorbonne Nouvelle - Paris III, no âmbito do Projeto de Internacionalização referente ao Edital 1/2017-PPG/PORPESQ/UFRN - Programa de Pós-Graduação e Pesquisa em Geografia do Centro de Ciências Humanas, Letras e Artes da Universidade Federal do Rio Grande do Norte, a realizar-se em Paris, França, no período de 1º de julho a 17 de agosto de 2018, inclusive trânsito, com ônus limitado. (Processo nº 08106.001124/2018-73).</p><p>Nº 125 - O MINISTRO DE ESTADO EXTRAORDINÁRIO DA SEGURANÇA PÚBLICA, no uso de suas atribuições, tendo em vista a Medida Provisória nº 821, de 26 de fevereiro de 2018, e a competência que lhe foi delegada pelo Decreto nº 1.387, de 7 de fevereiro de 1995, autoriza que se afaste do País a Policial Rodoviário Federal JÚLIA WERNER SANGLARD ROCHA LUZ, Chefe do Núcleo de Legislação e Capacitação de Pessoal da Seção de Recursos Humanos da Superintendência Regional da Polícia Rodoviária Federal no Espírito Santo, para participar de curso de capacitação, consoante o disposto no art. 10 do Decreto nº 5.707, de 23 de fevereiro de 2006, em Nottingham, Inglaterra, no período de 21 de maio a 18 de agosto de 2018, inclusive trânsito, com ônus limitado. (Processo nº 08667.006143/2018-31).</p><p>Nº 126 - O MINISTRO DE ESTADO EXTRAORDINÁRIO DA SEGURANÇA PÚBLICA, no uso de suas atribuições, tendo em vista a Medida Provisória nº 821, de 26 de fevereiro de 2018, e a competência que lhe foi delegada pelo Decreto nº 1.387, de 7 de fevereiro de 1995, autoriza que se afaste do País o servidor ROMANO JOSÉ CARNEIRO DA CUNHA COSTA, Coordenador-Geral de Inteligência da Diretoria de Inteligência da Secretaria Nacional de Segurança Pública, para participar do "Curso Lucha contra la Delincuencia Organizada Transnacional y las Redes Ilícitas en las Américas", em Washington, D.C., Estados Unidos da América, no período de 13 a 26 de maio de 2018, inclusive trânsito, com ônus limitado. (Processo nº 08020.002212/2018-32).</p><p>Nº 127 - O MINISTRO DE ESTADO EXTRAORDINÁRIO DA SEGURANÇA PÚBLICA, no uso de suas atribuições, tendo em vista a Medida Provisória nº 821, de 26 de fevereiro de 2018, e a competência que lhe foi delegada pelo Decreto nº 1.387, de 7 de fevereiro de 1995, autoriza que se afastem do País o Delegado de Polícia Federal POLYBIO BRANDÃO ROCHA, Chefe da Delegacia de Polícia de Imigração da Delegacia Regional Executiva, e os Agentes de Polícia Federal PEDRO SIMÕES DOS SANTOS e ULISSES PEREIRA DA SILVA NETO, lotados na Delegacia de Polícia de Imigração da Delegacia Regional Executiva da Superintendência Regional de Polícia Federal em Alagoas, com o objetivo de proceder à escolta policial para repatriação do nigeriano Samson Dikono, até Johannesburgo, África do Sul, no período de 30 de abril a 4 de maio de 2018, inclusive trânsito, com ônus limitado. (Processo nº 08230.000543/2018-62).</p><p>Nº 128 - O MINISTRO DE ESTADO EXTRAORDINÁRIO DA SEGURANÇA PÚBLICA, no uso de suas atribuições, tendo em vista a Medida Provisória nº 821, de 26 de fevereiro de 2018, e a competência que lhe foi delegada pelo Decreto nº 1.387, de 7 de fevereiro de 1995, autoriza o afastamento do País com ônus limitado, conforme consta no Processo nº 08455.007998/2018-74.</p><p class="assina">RAUL JUNGMANN</p>]]></Texto>
  </body>
</article></xml>