﻿<xml><article id="2903520" name="PT 51 SOGP DUQUE DE CAXIAS" idOficio="4772166" pubName="DO2" artType="Portaria" pubDate="02/05/2018" artClass="00022:00029:00240:00013:00179:00000:00000:00000:00000:00000:00025:00005" artCategory="Ministério do Desenvolvimento Social/Instituto Nacional do Seguro Social/Superintendência Regional Sudeste II em Belo Horizonte/Gerência Executiva - B - Duque de Caxias/Seção Operacional  de Gestão de Pessoas" artSize="8" artNotes="" numberPage="45" pdfPage="http://pesquisa.in.gov.br/imprensa/jsp/visualiza/index.jsp?data=02/05/2018&amp;jornal=529&amp;pagina=45" editionNumber="83" highlight="" idMateria="10718105">
  <body>
    <Identifica><![CDATA[ PORTARIA Nº 51, DE 27 DE ABRIL DE 2018]]></Identifica>
    <Data><![CDATA[]]></Data>
    <Ementa />
    <Titulo />
    <SubTitulo />
    <Texto><![CDATA[<p class="identifica">PORTARIA Nº 51, DE 27 DE ABRIL DE 2018</p><p>A Chefe da Seção de Operacional de Gestão de Pessoas da GEXDUQ, no Estado do Rio de Janeiro, no uso das atribuições estabelecidas no artigo 235 do Regimento Interno do INSS, aprovado pela PT n.º 414, emitida pelo Ministério do Desenvolvimento Social, de 28-09-17, publicada no DOU Edição Extra n º 188-A, de 29-09-14, resolve:</p><p>Conceder Aposentadoria Voluntária Integral ao servidor ALEXANDRE DA SILVA TUFFI ALLI, mat. SIAPE-0911459, ocupante da Categoria Funcional de Técnico do Seguro Social, classe "S", padrão IV, (NI), do Quadro de Pessoal do INSS, com fundamento no artigo 3º, incisos I, II e III e § único da Emenda Constitucional n º 47/05, tornando vago o cargo ocupado pelo mesmo (Processo n º 35311.000916/17-97).</p><p class="assina">SUELI ROZANA BARROS GOMES</p>]]></Texto>
  </body>
</article></xml>