﻿<xml><article id="2902000" name="2408 e 2414 vacância e convocaçã" idOficio="4772007" pubName="DO2" artType="Ato" pubDate="02/05/2018" artClass="00038:00006:00001:00000:00000:00000:00000:00000:00000:00000:00001:00001" artCategory="Poder Judiciário/Superior Tribunal Militar/Presidência" artSize="8" artNotes="" numberPage="63" pdfPage="http://pesquisa.in.gov.br/imprensa/jsp/visualiza/index.jsp?data=02/05/2018&amp;jornal=529&amp;pagina=63" editionNumber="83" highlight="" idMateria="10717783">
  <body>
    <Identifica><![CDATA[ ATO Nº 2.408,  DE 27 DE ABRIL DE 2018]]></Identifica>
    <Data><![CDATA[]]></Data>
    <Ementa />
    <Titulo />
    <SubTitulo />
    <Texto><![CDATA[<p></p><p class="identifica">ATO Nº 2.408, DE 27 DE ABRIL DE 2018</p><p>O MINISTRO PRESIDENTE DO SUPERIOR TRIBUNAL MILITAR, usando das atribuições que lhe são conferidas pelo artigo 6º, inciso XXV, do Regimento Interno, e tendo em vista o Processo nº 000206/18-11.02 do Sistema Eletrônico de Informações, resolve:</p><p>DECLARAR a vacância, a contar de 3 de abril de 2018, do cargo de Técnico Judiciário, área Administrativa, do Quadro Permanente das Auditorias da Justiça Militar da União, ocupado pela servidora LUIZA ALMEIDA LONDE, matrícula 9283, lotada na 2ª Auditoria da 11ª CJM, em virtude de posse em outro cargo inacumulável, nos termos do artigo 33, inciso VIII, da Lei nº 8.112/90.</p><p class="assina">Min. JOSÉ COÊLHO FERREIRA</p><p class="identifica">ATO Nº 2.414, DE 27 DE ABRIL DE 2018</p><p>O MINISTRO PRESIDENTE DO SUPERIOR TRIBUNAL MILITAR, usando das atribuições que lhe são conferidas pelo artigo 6º, inciso XXV, do Regimento Interno, e tendo em vista o Processo nº 007873/18-00.08 do Sistema Eletrônico de Informações, resolve:</p><p>CONVOCAR, nos termos do Provimento nº 105/13, a Dr.ª SAFIRA MARIA DE FIGUEREDO, matrícula 1118, Juíza-Auditora da 1ª Auditoria da 11ª CJM, para assumir, cumulativamente, a titularidade da Auditoria de Correição, no período de 2 a 10 de maio de 2018, em virtude de concessão de férias à Dr.ª Telma Angélica Figueiredo.</p><p class="assina">Min. JOSÉ COÊLHO FERREIRA</p><p></p>]]></Texto>
  </body>
</article></xml>