﻿<xml><article id="2901742" name="NOVA_RETIFICAO_PORTARIA 801-2017" idOficio="4771983" pubName="DO2" artType="Retificação" pubDate="02/05/2018" artClass="00011:00128:00985:00000:00000:00000:00000:00000:00000:00000:00032:00001" artCategory="Ministério da Educação/Universidade Federal do Rio Grande do Norte/Pró-Reitoria de Gestão de Pessoas" artSize="8" artNotes="" numberPage="24" pdfPage="http://pesquisa.in.gov.br/imprensa/jsp/visualiza/index.jsp?data=02/05/2018&amp;jornal=529&amp;pagina=24" editionNumber="83" highlight="" idMateria="10717735">
  <body>
    <Identifica><![CDATA[ RETIFICAÇÃO]]></Identifica>
    <Data><![CDATA[]]></Data>
    <Ementa />
    <Titulo />
    <SubTitulo />
    <Texto><![CDATA[<p class="identifica">RETIFICAÇÃO</p><p>Na Portaria nº 801/2017-PROGESP, publicada no DOU nº 248, de 28/12/2017, Seção 2, página 27, no que trata da nomeação de ELIARDO GUIMARÃES DA COSTA, ONDE SE LÊ: "CÓD. VAGA: 268561", LEIA-SE: "CÓD. VAGA: 698663"; Desconsidere-se a retificação publicada no DOU nº 27, de 07/02/2018, Seção 2, pág. 31.</p>]]></Texto>
  </body>
</article></xml>