﻿<xml><article id="2898818" name="PORTARIA Nº 1569-GM-MD" idOficio="4771663" pubName="DO2" artType="Portaria" pubDate="02/05/2018" artClass="00010:00001:00000:00000:00000:00000:00000:00000:00000:00000:00025:00002" artCategory="Ministério da Defesa/Gabinete do Ministro" artSize="8" artNotes="" numberPage="8" pdfPage="http://pesquisa.in.gov.br/imprensa/jsp/visualiza/index.jsp?data=02/05/2018&amp;jornal=529&amp;pagina=8" editionNumber="83" highlight="" idMateria="10717183">
  <body>
    <Identifica><![CDATA[PORTARIA Nº 1.569/GM/MD, DE 27 DE ABRIL DE 2018  ]]></Identifica>
    <Data><![CDATA[]]></Data>
    <Ementa />
    <Titulo />
    <SubTitulo />
    <Texto><![CDATA[<p class="identifica">PORTARIA Nº 1.569/GM/MD, DE 27 DE ABRIL DE 2018</p><p>O MINISTRO DE ESTADO DA DEFESA, Interino, no uso das atribuições que lhe confere o Decreto, de 26 de fevereiro de 2018, o inciso IV do parágrafo único do art. 87 da Constituição Federal, e em conformidade com o disposto no art. 5º da Portaria nº 1.432/MD, de 22 de outubro de 2008, e tendo em vista o que consta do Processo nº 60522.000012/2017-23, resolve:</p><p>Art. 1º Designar os seguintes representantes para integrar a Comissão de Assistência Social das Forças Armadas (CASFA):</p><p>I - Pelo Departamento de Saúde e Assistência Social, da Secretaria de Pessoal, Ensino, Saúde e Desporto:</p><p>a) Brigadeiro Médico EDUARDO SERRA NEGRA CAMERINI (Titular); e</p><p>b) Capitão de Fragata PATRÍCIA HELENA RIBEIRO DE SOUZA CHAGAS (Secretária- Executiva);</p><p>II - Pela Diretoria de Assistência Social da Marinha:</p><p>a) Contra-Almirante VALTER CITAVICIUS FILHO (Titular); e</p><p>b) Capitão de Corveta NÁDIA XAVIER MOREIRA (Suplente);</p><p>III - Pela Diretoria de Civis, Inativos, Pensionistas e Assistência Social do Exército:</p><p>a) General de Brigada SELMO UMBERTO PEREIRA (Titular); e</p><p>b) Coronel GÉDER TÁVORA SAID (Suplente);</p><p>IV - Pela Subdiretoria de Encargos Especiais da Diretoria de Administração da Aeronáutica:</p><p>a) Brigadeiro Intendente LUIZ ANTÔNIO PONTES (Titular); e</p><p>b) Tenente Coronel QFO ASS R/1 NÁDIA REGINA OLIVEIRA QUEIROZ DE SOUZA (Suplente).</p><p>Art. 2º Esta Portaria entra em vigor na data de sua publicação.</p><p>Art. 3º Fica revogada a Portaria nº 1.692/GM/MD, de 24 de abril de 2017.</p><p class="assina">JOAQUIM SILVA E LUNA</p>]]></Texto>
  </body>
</article></xml>