﻿<xml><article id="2906603" name="ATO PORTARIA Nº 151" idOficio="4772234" pubName="DO2" artType="Portaria" pubDate="02/05/2018" artClass="00009:00002:00000:00000:00000:00000:00000:00000:00000:00000:00025:00003" artCategory="Ministério da Cultura/Secretaria Executiva" artSize="8" artNotes="" numberPage="6" pdfPage="http://pesquisa.in.gov.br/imprensa/jsp/visualiza/index.jsp?data=02/05/2018&amp;jornal=529&amp;pagina=6" editionNumber="83" highlight="" idMateria="10718680">
  <body>
    <Identifica><![CDATA[ PORTARIA Nº 151, DE 26 DE ABRIL DE 2018]]></Identifica>
    <Data><![CDATA[]]></Data>
    <Ementa />
    <Titulo />
    <SubTitulo />
    <Texto><![CDATA[<p class="identifica">PORTARIA Nº 151, DE 26 DE ABRIL DE 2018</p><p>A SECRETÁRIA-EXECUTIVA DO MINISTÉRIO DA CULTURA, no uso da competência que lhe foi delegada pela Portaria MinC nº 46, de 11 de abril de 2018, e tendo em vista o Decreto nº 8.837, de 17 de agosto de 2016, resolve:</p><p>Art. 1º Designar RAFAEL DA SILVA MAXIMINIANO, para exercer o encargo de substituto eventual do cargo de Coordenador-Geral de Novas Mídias, UORG 899, código DAS 101.4, da Secretaria do Audiovisual, nos afastamentos, impedimentos legais ou regulamentares do titular e na vacância do cargo.</p><p>Art. 2º Revogar a Portaria nº 387, de 31 de maio de 2017, publicada no Diário Oficial da União nº 105, de 02 de junho de 2014, Seção 2, pág. 9.</p><p class="assina">MARIANA RIBAS DA SILVA</p>]]></Texto>
  </body>
</article></xml>