﻿<xml><article id="2903265" name="port 4566 - SILVANA GONÇALVES DE" idOficio="4772135" pubName="DO2" artType="Portaria" pubDate="02/05/2018" artClass="00026:00002:00013:01477:00000:00000:00000:00000:00000:00000:00025:00003" artCategory="Ministério do Planejamento, Desenvolvimento e Gestão/Secretaria Executiva/Subsecretaria de Assuntos Administrativos/Coordenação-Geral de Gestão de Pessoas" artSize="8" artNotes="" numberPage="49" pdfPage="http://pesquisa.in.gov.br/imprensa/jsp/visualiza/index.jsp?data=02/05/2018&amp;jornal=529&amp;pagina=49" editionNumber="83" highlight="" idMateria="10718052">
  <body>
    <Identifica><![CDATA[ PORTARIA Nº 4.566, DE 27 DE ABRIL DE 2018]]></Identifica>
    <Data><![CDATA[]]></Data>
    <Ementa />
    <Titulo />
    <SubTitulo />
    <Texto><![CDATA[<p class="identifica">PORTARIA Nº 4.566, DE 27 DE ABRIL DE 2018</p><p>A COORDENADORA-GERAL DE GESTÃO DE PESSOAS DO MINISTÉRIO DO PLANEJAMENTO, DESENVOLVIMENTO E GESTÃO, no uso da competência atribuída na alínea "f", do inciso I, do art. 113, do Regimento Interno aprovado pela Portaria GM/MP no 11, de 1° de fevereiro de 2018, e com o que consta do processo nº 05210.003556/2018-33, resolve:</p><p>Designar SILVANA GONÇALVES DE OLIVEIRA, matrícula SIAPE nº 1902788, para exercer o encargo de substituta eventual do cargo de Chefe de Divisão de Administração de Pessoal, código DAS 101.2, da Coordenação de Assuntos Administrativos e Acervos da Coordenação-Geral de Gestão e Acervos do Departamento de Órgãos Extintos e de Gestão de Folha de Pagamento da Secretaria de Gestão de Pessoas deste Ministério, nos afastamentos, impedimentos legais ou regulamentares do titular e na vacância do cargo.</p><p class="assina">AYALA DO CARMO TANIOS NEMER</p>]]></Texto>
  </body>
</article></xml>