﻿<xml><article id="2900665" name="PTS47E48ARACAJU" idOficio="4771865" pubName="DO2" artType="Portaria" pubDate="02/05/2018" artClass="00022:00029:00237:00011:00026:00000:00000:00000:00000:00000:00025:00004" artCategory="Ministério do Desenvolvimento Social/Instituto Nacional do Seguro Social/Superintendência Regional Nordeste em Recife/Gerência Executiva - B - em Aracaju/Seção Operacional da Gestão de Pessoas" artSize="8" artNotes="" numberPage="42" pdfPage="http://pesquisa.in.gov.br/imprensa/jsp/visualiza/index.jsp?data=02/05/2018&amp;jornal=529&amp;pagina=42" editionNumber="83" highlight="" idMateria="10717516">
  <body>
    <Identifica><![CDATA[ PORTARIA Nº 47, de 30 de abril de 2018]]></Identifica>
    <Data><![CDATA[]]></Data>
    <Ementa />
    <Titulo />
    <SubTitulo />
    <Texto><![CDATA[<p class="identifica">PORTARIA Nº 47, de 30 de abril de 2018</p><p>O CHEFE DA SEÇÃO OPERACIONAL DA GESTÃO DE PESSOAS, DA GERÊNCIA EXECUTIVA DO INSTITUTO NACIONAL DO SEGURO SOCIAL - INSS EM ARACAJU, no Estado de Sergipe, no uso das atribuições que lhe foram conferidas pelo artigo 235, inciso I, do Regimento Interno do INSS, aprovado pela Portaria PT/MDS/SE nº 414, de 28 de setembro de 2017, publicada no DOU nº 188-A, de 29 de setembro de 2017, Seção 1 a 23 - Edição Extra, e que aprova o Regimento Interno do INSS, tendo em vista o que consta do processo nº 35448.000099/2018-11, Resolve:</p><p>Conceder Aposentadoria Voluntária a servidora SOLANGE DE PINA CARVALHO, Matrícula SIAPE nº 0752053, ocupante do cargo de Técnico do Seguro Social, Classe "S", Padrão IV, do Quadro de Pessoal do Instituto Nacional do Seguro Social, com fundamento no artigo 3º, da Emenda Constitucional nº 47/2005, com os proventos mensais integrais, acrescido das demais vantagens a que faz jus. 2. Em decorrência do ato, declarar vago o referido cargo.</p><p class="assina">MONIQUE NOGUEIRA GALVÃO</p><p class="identifica">PORTARIA Nº 48, de 30 de abril de 2018</p><p>O CHEFE DA SEÇÃO OPERACIONAL DA GESTÃO DE PESSOAS, DA GERÊNCIA EXECUTIVA DO INSTITUTO NACIONAL DO SEGURO SOCIAL - INSS EM ARACAJU, no Estado de Sergipe, no uso das atribuições que lhe foram conferidas pelo artigo 235, inciso I, do Regimento Interno do INSS, aprovado pela Portaria PT/MDS/SE nº 414, de 28 de setembro de 2017, publicada no DOU nº 188-A, de 29 de setembro de 2017, Seção 1 a 23 - Edição Extra, e que aprova o Regimento Interno do INSS, tendo em vista o que consta do processo nº 35448.000652/2017-26, Resolve:</p><p>Conceder Aposentadoria Voluntária ao servidor JOÃO CARDOSO DE MENEZES JUNIOR, Matrícula SIAPE nº 0943211, ocupante do cargo de Técnico do Seguro Social, Classe "S", Padrão IV, do Quadro de Pessoal do Instituto Nacional do Seguro Social, com fundamento no artigo 3º, da Emenda Constitucional nº 47/2005, com os proventos mensais integrais, acrescido das demais vantagens a que faz jus. 2. Em decorrência do ato, declarar vago o referido cargo.</p><p class="assina">MONIQUE NOGUEIRA GALVÃO</p>]]></Texto>
  </body>
</article></xml>