﻿<xml><article id="2897503" name="PORTARIA Nº 023 - PENSÃO ENOCLEA" idOficio="4771566" pubName="DO2" artType="Portaria" pubDate="02/05/2018" artClass="00007:00003:00077:00000:00000:00000:00000:00000:00000:00000:00025:00001" artCategory="Ministério da Agricultura, Pecuária e Abastecimento/Secretaria Executiva/Superintendência Federal no Estado de Sergipe" artSize="8" artNotes="" numberPage="5" pdfPage="http://pesquisa.in.gov.br/imprensa/jsp/visualiza/index.jsp?data=02/05/2018&amp;jornal=529&amp;pagina=5" editionNumber="83" highlight="" idMateria="10717061">
  <body>
    <Identifica><![CDATA[ PORTARIA Nº 23, DE 27 DE ABRIL DE 2018]]></Identifica>
    <Data><![CDATA[]]></Data>
    <Ementa />
    <Titulo />
    <SubTitulo />
    <Texto><![CDATA[<p class="identifica">PORTARIA Nº 23, DE 27 DE ABRIL DE 2018</p><p>O SUPERINTENDENTE DA SUPERINTENDÊNCIA FEDERAL DE AGRICULTURA, PECUÁRIA E ABASTECIMENTO NO ESTADO DE SERGIPE-SUBSTITUTO, usando das atribuições que lhe confere o item XVIII, do artigo 44, do Regimento Interno das SFA`s, aprovado através da Portaria Ministerial nº 428, de 09 de junho de 2010, publicado no DOU de 14 de junho de 2010, resolve:</p><p>Art. 1º - Conceder, em virtude do falecimento do servidor aposentado deste Ministério, Enock Alves dos Santos, matrícula SIAPE 14918, ocorrido em 22.12.2017, pensão a ENOCLEA PORTO SANTOS, na qualidade de filha maior inválida, com fundamento no artigo 217, item IV, alínea "b" da Lei nº 8.112/90, com redação dada pela Lei nº 13.135/2015 e no artigo 40, parágrafo 7º, inciso I, da Constituição Federal, com redação dada pela Emenda Constitucional nº 41/2003, combinado com o artigo 2º, inciso I, da Lei nº 10.887/2004, a partir da data do óbito.</p><p class="assina">EDUARDO LUIZ SILVA COSTA</p>]]></Texto>
  </body>
</article></xml>