﻿<xml><article id="2907054" name="PORTARIA Nº 154-2018 - Guilherme" idOficio="4772260" pubName="DO2" artType="Portaria" pubDate="02/05/2018" artClass="00009:00002:00000:00000:00000:00000:00000:00000:00000:00000:00025:00006" artCategory="Ministério da Cultura/Secretaria Executiva" artSize="8" artNotes="" numberPage="7" pdfPage="http://pesquisa.in.gov.br/imprensa/jsp/visualiza/index.jsp?data=02/05/2018&amp;jornal=529&amp;pagina=7" editionNumber="83" highlight="" idMateria="10718665">
  <body>
    <Identifica><![CDATA[ PORTARIA Nº 154, DE 26 DE ABRIL DE 2018]]></Identifica>
    <Data><![CDATA[]]></Data>
    <Ementa />
    <Titulo />
    <SubTitulo />
    <Texto><![CDATA[<p class="identifica">PORTARIA Nº 154, DE 26 DE ABRIL DE 2018</p><p>A SECRETÁRIA-EXECUTIVA DO MINISTÉRIO DA CULTURA, no uso de suas atribuições, e tendo em vista a competência delegada pelo Art. 4º, da Portaria MinC nº 26, de 08 de março de 2017 (DOU 10/03/2017), em conformidade com o disposto no Decreto nº 8.837, de 17 de agosto de 2016, e considerando ainda o disposto na Lei nº 12.846/2013, de 01 de agosto de 2013, no Decreto nº 8.420, de 18 de março de 2015 e na Portaria CGU nº 910, de 07 de abril de 2015, resolve:</p><p>Art. 1º Designar o servidor GUILHERME ASSUNÇÃO FAGUNDES, ocupante do cargo de Advogado da União, matrícula SIAPE nº 1130577, do quadro de pessoal da Advocacia Geral da União, em substituição ao servidor THIAGO CALAZANS SANTOS, ocupante do cargo de Advogado da União, matrícula SIAPE nº 21036152, do quadro de pessoal da Advocacia Geral da União, para presidir a Comissão de Processo Administrativo de Responsabilização instaurada pela Portaria nº 111, de 03 de abril de 2018, publicada no DOU em 05 de abril de 2018, visando apurar, no prazo de 180 (cento e oitenta) dias, as possíveis irregularidades referentes aos atos e fatos identificados no Processo nº 01400.004902/2018-11, bem como as demais infrações conexas que emergirem no curso da apuração.</p><p>Art. 2º Esta Portaria entra em vigor na data da sua publicação.</p><p class="assina">MARIANA RIBAS DA SILVA</p>]]></Texto>
  </body>
</article></xml>