﻿<xml><article id="2900885" name="DOU 2-MS-1PT-63-UNI-12835_CRIP02" idOficio="4771879" pubName="DO2" artType="Portaria" pubDate="02/05/2018" artClass="00034:00007:00033:00000:00000:00000:00000:00000:00000:00000:00025:00005" artCategory="Ministério Público da União/Ministério Público Federal/Procuradoria da República no Estado do Mato Grosso do Sul" artSize="8" artNotes="" numberPage="57" pdfPage="http://pesquisa.in.gov.br/imprensa/jsp/visualiza/index.jsp?data=02/05/2018&amp;jornal=529&amp;pagina=57" editionNumber="83" highlight="" idMateria="10717553">
  <body>
    <Identifica><![CDATA[ PORTARIA Nº 63, DE 25 DE ABRIL DE 2018]]></Identifica>
    <Data><![CDATA[]]></Data>
    <Ementa />
    <Titulo />
    <SubTitulo />
    <Texto><![CDATA[<p class="identifica">PORTARIA Nº 63, DE 25 DE ABRIL DE 2018</p><p>O PROCURADOR-CHEFE DA PROCURADORIA DA REPÚBLICA NO ESTADO DE MATO GROSSO DO SUL, no exercício das atribuições legais que lhe foram conferidas pela Portaria PGR nº 357, de 05 de maio de 2015, resolve:</p><p>1. Exonerar o servidor MARCEL NAKAZATO OKUMOTO, matrícula nº 10770-1, ocupante do cargo de Técnico do MPU/Administração, Classe C, Padrão 13, do Cargo em Comissão de Assessor - Nível II, CC-2, do Gabinete do Procurador da República EMERSON KALIF SIQUEIRA, da Procuradoria da República no Estado de Mato Grosso do Sul.</p><p>2. Nomear a servidora IARA CRISTINA NOGUEIRA BISCOLA, matrícula nº 20121-9, ocupante do cargo de Analista do MPU/Direito, Classe C, Padrão 10, para exercer o Cargo em Comissão de Assessor - Nível II, CC-2, do Gabinete do Procurador da República EMERSON KALIF SIQUEIRA, da Procuradoria da República no Estado de Mato Grosso do Sul.</p><p class="assina">EMERSON KALIF SIQUEIRA</p>]]></Texto>
  </body>
</article></xml>