﻿<xml><article id="2898035" name="Portaria_92_Designar_Gabriela da" idOficio="4771636" pubName="DO2" artType="Portaria" pubDate="02/05/2018" artClass="00011:00015:00001:00000:00000:00000:00000:00000:00000:00000:00025:00002" artCategory="Ministério da Educação/Fundação Coordenação de Aperfeiçoamento de Pessoal de Nível Superior/Gabinete" artSize="8" artNotes="" numberPage="11" pdfPage="http://pesquisa.in.gov.br/imprensa/jsp/visualiza/index.jsp?data=02/05/2018&amp;jornal=529&amp;pagina=11" editionNumber="83" highlight="" idMateria="10717158">
  <body>
    <Identifica><![CDATA[ PORTARIA Nº 92, DE 27 DE ABRIL DE 2018]]></Identifica>
    <Data><![CDATA[]]></Data>
    <Ementa />
    <Titulo />
    <SubTitulo />
    <Texto><![CDATA[<p class="identifica">PORTARIA Nº 92, DE 27 DE ABRIL DE 2018</p><p>O PRESIDENTE DA COORDENAÇÃO DE APERFEIÇOAMENTO DE PESSOAL DE NÍVEL SUPERIOR - CAPES, no uso das atribuições que lhe são conferidas pela Portaria MEC nº 1.015, de 16 de outubro de 2015, publicada no Diário Oficial da União de 19 de outubro de 2015, pelo Decreto nº 8.977, de 30 de janeiro de 2017, publicado no Diário Oficial da União de 31 de janeiro de 2017, pela Portaria CAPES nº 105, de 25 de maio de 2017, publicada no Diário Oficial da União de 26 de maio de 2017, bem como pela Portaria CAPES nº 146, de 24 de julho de 2017, publicada no Diário Oficial da União de 25 de julho de 2017, resolve:</p><p>Designar, GABRIELA DA ROCHA BARBOSA, SIAPE 2058735, para exercer o encargo de substituta eventual do cargo de Coordenador, FCPE 101.3, da Coordenação de Normatização da Avaliação - CNA, da Coordenação-Geral de Avaliação e Acompanhamento da Pós-Graduação, da Diretoria de Avaliação, durante os afastamentos e impedimentos regulamentares do titular, conforme processo 23038.012206/2016-26.</p><p class="assina">ABILIO A. BAETA NEVES</p>]]></Texto>
  </body>
</article></xml>