﻿<xml><article id="2896092" name="Exoneração e Nomeação 27.04.18 -" idOficio="4770666" pubName="DO2" artType="Portaria" pubDate="02/05/2018" artClass="00011:00064:00001:00000:00000:00000:00000:00000:00000:00000:00025:00001" artCategory="Ministério da Educação/Instituto Federal de Educação, Ciência e Tecnologia Goiano/Reitoria" artSize="8" artNotes="" numberPage="18" pdfPage="http://pesquisa.in.gov.br/imprensa/jsp/visualiza/index.jsp?data=02/05/2018&amp;jornal=529&amp;pagina=18" editionNumber="83" highlight="" idMateria="10714834">
  <body>
    <Identifica><![CDATA[ Portarias de 27 de abril de 2018]]></Identifica>
    <Data><![CDATA[]]></Data>
    <Ementa />
    <Titulo />
    <SubTitulo />
    <Texto><![CDATA[<p class="identifica">Portarias de 27 de abril de 2018</p><p>O REITOR DO INSTITUTO FEDERAL DE EDUCAÇÃO, CIÊNCIA E TECNOLOGIA GOIANO, no uso de suas atribuições legais, conferidas pelo Decreto de 11 de março de 2016, publicado no DOU de 14 de março de 2016, republicado no DOU de 15 de março de 2016, Seção 2, página 2, e considerando a Lei nº 11.892, de 29 de dezembro de 2008, publicada no DOU de 30 de dezembro de 2008, resolve:</p><p>Nº 393 Considerando o Memorando nº 037/2018/CGDI/IF Goiano, EXONERAR o servidor BRUNO GOMES PIRES DEMOCH, Engenheiro-</p><p>Área, Matrícula SIAPE nº 2048566, do cargo em comissão de substituto do Coordenador-Geral de Desenvolvimento de Infraestrutura do Instituto Federal Goiano - Reitoria - CD-04.</p><p>Nº 394 Considerando o Memorando nº 037/2018/CGDI/IF Goiano, NOMEAR a servidora DALILA SILVA RABELO, Engenheiro-Área, Matrícula SIAPE nº 2141262, para exercer o cargo em comissão de substituto do Coordenador-Geral de Desenvolvimento de Infraestrutura do Instituto Federal Goiano - Reitoria - CD-04.</p><p>Nº 395 Considerando o Memorando nº 062/2018/Ascom/Reitoria/IF Goiano, EXONERAR o servidor GUSTAVO CARVALHO DA ROCHA LIMA MARTINS, Jornalista, Matrícula SIAPE nº 1811441, do cargo em comissão de substituto do Coordenadora-Geral de Comunicação Social e Eventos do Instituto Federal Goiano - Reitoria - CD-04.</p><p>Nº 396 Considerando o Memorando nº 062/2018/Ascom/Reitoria/IF Goiano, NOMEAR o servidor GUSTAVO CARVALHO DA ROCHA LIMA MARTINS, Jornalista, Matrícula SIAPE nº 1811441, para o cargo em comissão de substituto da Diretora de Comunicação Social e Eventos do Instituto Federal Goiano - Reitoria - CD-03.</p><p>Nº 397 Considerando o Memorando nº 032/2018/PROEX/Reitoria/IF Goiano, EXONERAR a servidora GEÍSA D'ÁVILA RIBEIRO BOAVENTURA, Professor EBTT, Matrícula SIAPE nº 1440598, do cargo em comissão de substituta do Coordenador-Geral de Extensão do Instituto Federal Goiano - Reitoria - CD-04.</p><p>Nº 398 Considerando o Memorando nº 032/2018/PROEX/Reitoria/IF Goiano, NOMEAR a servidora GEÍSA D'ÁVILA RIBEIRO BOAVENTURA, Professor EBTT, Matrícula SIAPE nº 1440598, para o cargo em comissão de substituta do Diretor de Extensão do Instituto Federal Goiano - Reitoria - CD-03.</p><p>Nº 399 Considerando o Memorando nº 043/2018/GAB/Campus Posse/IF Goiano, DISPENSAR o servidor ÍTALO LACERDA FERNANDES, Professor EBTT, Matrícula SIAPE nº 1054428, da função de Coordenador de Pesquisa, Pós-Graduação e Inovação do Instituto Federal Goiano - Campus Posse - FG-01.</p><p>Nº 400 Considerando o Memorando nº 043/2018/GAB/Campus Posse/IF Goiano, DESIGNAR a servidora THASIA MARTINS MACEDO, Professor EBTT, Matrícula SIAPE nº 1249180, para a função de Coordenador de Pesquisa, Pós-Graduação e Inovação do Instituto Federal Goiano - Campus Posse - FG-01.</p><p>Nº 401 Considerando o Memorando nº 166/2018/PROPPI/Reitoria/IF Goiano, DESIGNAR a servidora TÂNIA FERNANDES VERI ARAUJO, Professor EBTT, Matrícula SIAPE nº 1668172, para a função de Chefe da Unidade de Inovação Tecnológica do Instituto Federal Goiano - Reitoria - FG-02.</p><p class="assina">VICENTE PEREIRA DE ALMEIDA</p>]]></Texto>
  </body>
</article></xml>