﻿<xml><article id="2895722" name="PORTARIAS CENTRO 2017 I - DOU" idOficio="4770389" pubName="DO2" artType="Portaria" pubDate="02/05/2018" artClass="00011:00135:00003:00000:00000:00000:00000:00000:00000:00000:00025:00001" artCategory="Ministério da Educação/Universidade Federal de Santa Maria/Centro de Ciências Naturais e Exatas" artSize="8" artNotes="" numberPage="25" pdfPage="http://pesquisa.in.gov.br/imprensa/jsp/visualiza/index.jsp?data=02/05/2018&amp;jornal=529&amp;pagina=25" editionNumber="83" highlight="" idMateria="10714379">
  <body>
    <Identifica><![CDATA[ PORTARIA Nº 63, DE 27 DE ABRIL DE 2018]]></Identifica>
    <Data><![CDATA[]]></Data>
    <Ementa />
    <Titulo />
    <SubTitulo />
    <Texto><![CDATA[<p class="identifica">PORTARIA Nº 63, DE 27 DE ABRIL DE 2018</p><p>O VICE-DIRETOR DO CENTRO DE CIÊNCIAS NATURAIS E EXATAS da Universidade Federal de Santa Maria, no uso de suas atribuições legais e estatutárias, resolve:</p><p>DESIGNAR Pró-Tempore Luciane Almeri Tabaldi, Matrícula SIAPE 3377796, ocupante do cargo de Professor de 3º Grau, do Quadro Único de Pessoal da UFSM, para exercer a Função Gratificada de Coordenador do Curso de Pós-Graduação em Agrobiologia, Código FCC.016.</p><p>II - Esta Portaria tem validade de 02 até 31 de maio de 2018.</p><p class="assina">JOSÉ NERI GOTTFRIED PANIZ</p>]]></Texto>
  </body>
</article></xml>