﻿<xml><article id="2895500" name="Lauda - 2AMAIO2018" idOficio="4770034" pubName="DO2" artType="Ato" pubDate="02/05/2018" artClass="00038:00054:00003:00000:00000:00000:00000:00000:00000:00000:00001:00001" artCategory="Poder Judiciário/Tribunal Regional do Trabalho da 15ª Região/Presidência" artSize="8" artNotes="" numberPage="69" pdfPage="http://pesquisa.in.gov.br/imprensa/jsp/visualiza/index.jsp?data=02/05/2018&amp;jornal=529&amp;pagina=69" editionNumber="83" highlight="" idMateria="10713788">
  <body>
    <Identifica><![CDATA[ ATO Nº 27 - SLP, DE 9 DE MARÇO DE 2018]]></Identifica>
    <Data><![CDATA[]]></Data>
    <Ementa />
    <Titulo />
    <SubTitulo />
    <Texto><![CDATA[<p></p><p class="identifica">ATO Nº 27 - SLP, DE 9 DE MARÇO DE 2018</p><p>O DESEMBARGADOR PRESIDENTE DO TRIBUNAL REGIONAL DO TRABALHO DA 15ª REGIÃO, no uso de suas atribuições legais e tendo em vista o que consta do PROAD nº 3795/2017, resolve:</p><p>Conceder aposentadoria ao servidor JORGE LUIS JORGE no cargo de Técnico Judiciário, área Administrativa, Classe C, Padrão 13, do Quadro Permanente da Secretaria deste Tribunal, com fundamento no artigo 3º da Emenda Constitucional nº 47/2005, artigo 62-A da Lei nº 8.112/1990 e artigo 28 da Lei nº 11.416/2006, acrescida a vantagem do artigo 193 da Lei nº 8.112/1990, por cumpridos os requisitos correspondentes ao valor da opção da Função Comissionada FC-03.</p><p></p><p class="assina">Des. FERNANDO DA SILVA BORGES</p><p class="identifica">ATO Nº 45 - SLP, DE 23 DE ABRIL DE 2018</p><p>O DESEMBARGADOR PRESIDENTE DO TRIBUNAL REGIONAL DO TRABALHO DA 15ª REGIÃO, no uso de suas atribuições legais e tendo em vista o que consta do PROAD Nº 3155/2018, resolve:</p><p>Conceder aposentadoria à Excelentíssima Senhora LUCIANA MORO LOUREIRO, no cargo de Juíza Titular de Vara do Trabalho, do Quadro Permanente da Secretaria deste Tribunal, com fundamento no artigo 3º da Emenda Constitucional nº 47/2005.</p><p></p><p class="assina">Des. FERNANDO DA SILVA BORGES</p><p class="identifica">ATO Nº 46 - SLP, DE 16 DE ABRIL DE 2018</p><p>O DESEMBARGADOR PRESIDENTE DO TRIBUNAL REGIONAL DO TRABALHO DA 15ª REGIÃO, no uso de suas atribuições legais e tendo em vista o que consta do PROAD nº 8776/2017, resolve:</p><p>Conceder aposentadoria à servidora STELLA MARIS LOPES ASSUMPÇÃO, no cargo de Analista Judiciário, área Administrativa, Classe C, Padrão 13, do Quadro Permanente da Secretaria deste Tribunal, com fundamento no artigo 3º da Emenda Constitucional nº 47/2005, artigo 62-A da Lei nº 8.112/1990 e artigo 28 da Lei nº 11.416/2006.</p><p></p><p class="assina">Des. FERNANDO DA SILVA BORGES</p><p class="identifica">ATO Nº 50 - SLP, DE 26 DE ABRIL DE 2018</p><p>O DESEMBARGADOR PRESIDENTE DO TRIBUNAL REGIONAL DO TRABALHO DA 15ª REGIÃO, no uso de suas atribuições legais e tendo em vista o que consta do PROAD Nº 4646/2018, resolve:</p><p>Conceder aposentadoria ao Excelentíssimo Senhor WILSON POCIDONIO DA SILVA, no cargo de Juiz Titular de Vara do Trabalho, do Quadro Permanente da Secretaria deste Tribunal, com fundamento no artigo 6º da Emenda Constitucional nº 41/2003 c/c o artigo 2º da Emenda Constitucional nº 47/2005.</p><p></p><p class="assina">Des. FERNANDO DA SILVA BORGES</p><p></p>]]></Texto>
  </body>
</article></xml>