﻿<xml><article id="2902303" name="2127,2136,2139,2140,2141,2143,21" idOficio="4772045" pubName="DO2" artType="Portaria" pubDate="02/05/2018" artClass="00011:00122:00001:00000:00000:00000:00000:00000:00000:00000:00025:00001" artCategory="Ministério da Educação/Universidade Federal do Pará/Reitoria" artSize="8" artNotes="" numberPage="23" pdfPage="http://pesquisa.in.gov.br/imprensa/jsp/visualiza/index.jsp?data=02/05/2018&amp;jornal=529&amp;pagina=23" editionNumber="83" highlight="" idMateria="10717844">
  <body>
    <Identifica><![CDATA[ PORTARIAs 27 DE ABRIL DE 2018]]></Identifica>
    <Data><![CDATA[]]></Data>
    <Ementa />
    <Titulo />
    <SubTitulo />
    <Texto><![CDATA[<p class="identifica">PORTARIAs 27 DE ABRIL DE 2018</p><p>O REITOR DA UNIVERSIDADE FEDERAL DO PARÁ, no uso de suas atribuições legais e estatutárias, resolve:</p><p>Nº 2.127 - Dispensar da função de Coordenadora do Curso de Licenciatura Plena em Música, FCC-Nível Único, do Instituto de Ciências da Arte, a servidora VALERIA CRISTINA MARQUES, ocupante do cargo de Professor do Magistério Superior, a partir de 30 de abril de 2018.</p><p>Nº 2.136 - Autorizar o afastamento da servidora SYLVA INHENRI DARNET, ocupante do cargo de Professor do Magistério Superior, lotada no Instituto de Ciências Biológicas, no período de 10 a 18 de maio de 2018, para participar de Reunião de Acompanhamento de Projeto, realizada no Institut de Biologie Moléculas des Plantes (IBMP-CNRS-UNISTRA), em Estrasburgo, na França, com ônus para a UFPA.</p><p>Nº 2.139 - Autorizar o afastamento do servidor JOSE EDUARDO MARTINELLI FILHO, ocupante do cargo de Professor do Magistério Superior, lotado no Instituto de Geociências, no período de 01 a 05 de maio 2018, para participar de Workshop Internacional, realizado em Sargassum and Oil Spills Monitoring Pilot Project for the Caribbean and Adjacent Regions Workshop, no México, com ônus para UFPA.</p><p>Nº 2.140 - Considerar autorizado o afastamento do servidor JURANDIR SANTOS DENOVAES, ocupante do cargo de Professor do Magistério Superior, lotado no Instituto de Ciências Sociais Aplicadas, no período de 14 a 18 de abril 2018, para participar de Evento Acadêmico organizado pelo Instituto Cubado, realizado no Instituto Cubano de Investigación Cultural Juan Marinello, em Havana, na Cuba, com ônus limitado.</p><p>Nº 2.141 - Autorizar o afastamento da servidora MARIA DO SOCORRO DA COSTA COELHO, ocupante do cargo de Professor do Magistério Superior, lotada no Instituto de Ciências da Educação, no período de 06 a 16 de junho 2018, para participar da Conferência Regional de Educação Superior (CRES-2018), realizada na UNESCO, em Córdoba, na Argentina, com ônus limitado.</p><p>Nº 2.143 - Autorizar o afastamento do servidor GIROLAMO DOMENICO TRECCANI, ocupante do cargo de Professor do Magistério Superior, lotado no Instituto de Ciências Jurídicas, no período de 01 de setembro de 2018 a 28 de fevereiro de 2019, para realizar Estágio Pós-Doutoral, na Universidade de Trento, na Itália, com ônus limitado.</p><p>Nº 2.144 - Considerar autorizada a prorrogação do afastamento do servidor CLOVIS CUNHA DA GAMA MALCHER FILHO, ocupante do cargo de Professor do Magistério Superior, do Quadro de Pessoal desta Universidade, lotado no Instituto de Ciências Jurídicas, no período de 22 de janeiro a 21 de julho de 2018, para concluir Curso de Doutorado em Ciências Jurídico Empresariais, na Universidade de Lisboa, em Portugal, com ônus limitado.</p><p class="assina">Emmanuel Zagury Tourinho</p>]]></Texto>
  </body>
</article></xml>