﻿<xml><article id="2340733" name="PORTARIA APOSENTADORIA.169.2018" idOficio="4701455" pubName="DO2" artType="Portaria" pubDate="02/04/2018" artClass="00017:00026:00024:00000:00000:00000:00000:00000:00000:00000:00025:00001" artCategory="Ministério da Saúde/Secretaria de Atenção à Saúde/Instituto Nacional de Câncer José Alencar Gomes da Silva" artSize="8" artNotes="" numberPage="50" pdfPage="http://pesquisa.in.gov.br/imprensa/jsp/visualiza/index.jsp?data=02/04/2018&amp;jornal=529&amp;pagina=50" editionNumber="62" highlight="" idMateria="10583007">
  <body>
    <Identifica><![CDATA[ PORTARIA  Nº 169, de DE  5 DE MARÇO 2018]]></Identifica>
    <Data><![CDATA[]]></Data>
    <Ementa />
    <Titulo />
    <SubTitulo />
    <Texto><![CDATA[<p class="identifica">PORTARIA Nº 169, de DE 5 DE MARÇO 2018</p><p>O Diretor-Geral Substituto do Instituto Nacional de Câncer José Alencar Gomes da Silva, do Ministério da Saúde, no uso de suas atribuições subdelegadas pela Portaria/CGRH/MS nº 1.041 de 30/10/2009, publicada no DOU nº 209, de 03/11/2009, resolve:</p><p>Conceder aposentadoria voluntária, com proventos integrais, a VANDERLEI GONÇALVES DA MOTA, matrícula SIAPE nº 241403, ocupante do cargo de Assistente em C&amp;T, NI, classe S, padrão I, do quadro de pessoal do Ministério da Saúde, com fundamento no art. 3º da Emenda Constitucional nº 47/2005. (Processo nº 25410.002105/2018-30).</p><p></p><p class="assina">GÉLCIO LUIZ QUINTELLA MENDES</p><p></p>]]></Texto>
  </body>
</article></xml>