﻿<xml><article id="2340883" name="_PORTARIA DE APOSENTADORIA MODEL" idOficio="4708386" pubName="DO2" artType="Portaria" pubDate="02/04/2018" artClass="00017:00026:00014:00011:00000:00000:00000:00000:00000:00000:00025:00001" artCategory="Ministério da Saúde/Secretaria de Atenção à Saúde/Departamento de Gestão Hospitalar no Estado do Rio de Janeiro/Hospital Federal do Andaraí" artSize="8" artNotes="" numberPage="41" pdfPage="http://pesquisa.in.gov.br/imprensa/jsp/visualiza/index.jsp?data=02/04/2018&amp;jornal=529&amp;pagina=41" editionNumber="62" highlight="" idMateria="10596778">
  <body>
    <Identifica><![CDATA[   PORTARIA nº 42, DE  9 DE MARÇO DE 2018]]></Identifica>
    <Data><![CDATA[]]></Data>
    <Ementa />
    <Titulo />
    <SubTitulo />
    <Texto><![CDATA[<p class="identifica">PORTARIA nº 42, DE 9 DE MARÇO DE 2018</p><p>A Diretora Geral do Hospital Federal do Andaraí, em conformidade com os termos da PT/MS nº 2.081 de 21.10.2016, publicada no Diário Oficial da União (DOU) nº 204 de 24.10.2016 e no uso de suas atribuições legais, na forma da PT/CGRH/SAA/SE/MS/ nº 1041, de 30.10.2009, publicada no DOU nº 209, de 03.11.2009, resolve:</p><p>Conceder Aposentadoria voluntária integral ao servidor JOÃO HENRIQUE BORTONI TAVARES, matrícula SIAPE 6650778, ocupante do cargo de Médico, Nível Superior, Classe S, Padrão III, do Quadro de Pessoal deste Ministério, lotada no Hospital Federal do Andaraí, com fundamento no artigo 3º da Emenda Constitucional nº 47/2005, com proventos correspondentes ao cargo efetivo, acrescido de 13% (treze por cento) de Adicional por Tempo de Serviço e a Gratificação de Desempenho de Atividades Médicas da Carreira da Previdência, da Saúde e do Trabalho GDM-PST-conforme conforme Lei nº 13.324, de 29.07.2016. (Processo nº 33367.041165/2018-79).</p><p>Esta portaria entra em vigor na data de sua publicação.</p><p class="assina">MARIA LUCIA FEITOSA G.DA SILVEIRA</p><p></p>]]></Texto>
  </body>
</article></xml>