﻿<xml><article id="2340841" name="A107-2018" idOficio="4708977" pubName="DO2" artType="Ato" pubDate="02/04/2018" artClass="00038:00051:00001:00001:00000:00000:00000:00000:00000:00000:00001:00001" artCategory="Poder Judiciário/Tribunal Regional do Trabalho da 12ª Região/Presidência/Secretaria" artSize="8" artNotes="" numberPage="86" pdfPage="http://pesquisa.in.gov.br/imprensa/jsp/visualiza/index.jsp?data=02/04/2018&amp;jornal=529&amp;pagina=86" editionNumber="62" highlight="" idMateria="10597502">
  <body>
    <Identifica><![CDATA[ ATO  nº 107, de 12 de março de 2018 ]]></Identifica>
    <Data><![CDATA[]]></Data>
    <Ementa />
    <Titulo />
    <SubTitulo />
    <Texto><![CDATA[<p></p><p class="identifica">ATO nº 107, de 12 de março de 2018</p><p>A PRESIDENTE DO TRIBUNAL REGIONAL DO TRABALHO DA 12ª REGIÃO, no uso de suas atribuições legais, regimentais e tendo em vista o disposto no expediente PROAD nº 11.928/2017, resolve:</p><p>I - REDISTRIBUI a partir de 02-04-2018, o cargo efetivo de Analista Judiciário, Área Judiciária, ocupado pela servidora CAMILA NOBRE AUGUSTO ARANHA, do Quadro Permanente de Pessoal da Secretaria deste Tribunal, para o Quadro de Pessoal do Tribunal Regional do Trabalho da 21ª Região, em reciprocidade com o cargo de Analista Judiciário, Área Judiciária, ocupado por TIAGO TEIXEIRA RODRIGUES do Quadro de Pessoal do Tribunal Regional do Trabalho da 21ª Região, com fulcro no artigo 37 da Lei nº 8.112/90 e na Resolução CNJ nº 146/2012. II - LOTA TIAGO TEIXEIRA RODRIGUES no Gabinete do Exmo. Desembargador Hélio Bastida Lopes. III - FAZ CESSAR os efeitos da Portaria nº PRESI 221 de 02-07-2015, publicada no Diário Oficial da União, Seção 2, em 06-07-2015. Publique-se.</p><p class="assina">MARI ELEDA MIGLIORINI</p>]]></Texto>
  </body>
</article></xml>