﻿<xml><article id="2340778" name="Portaria 50-2018" idOficio="4707515" pubName="DO2" artType="Portaria" pubDate="02/04/2018" artClass="00038:00036:00001:00000:00000:00000:00000:00000:00000:00000:00025:00003" artCategory="Poder Judiciário/Tribunal Regional Eleitoral de São Paulo/Presidência" artSize="8" artNotes="" numberPage="81" pdfPage="http://pesquisa.in.gov.br/imprensa/jsp/visualiza/index.jsp?data=02/04/2018&amp;jornal=529&amp;pagina=81" editionNumber="62" highlight="" idMateria="10594731">
  <body>
    <Identifica><![CDATA[ PORTARIA Nº 50, DE 8 DE MARÇO DE 2018]]></Identifica>
    <Data><![CDATA[]]></Data>
    <Ementa />
    <Titulo />
    <SubTitulo />
    <Texto><![CDATA[<p class="identifica">PORTARIA Nº 50, DE 8 DE MARÇO DE 2018</p><p>O PRESIDENTE DO TRIBUNAL REGIONAL ELEITORAL DE SÃO PAULO, no uso das atribuições regimentais e considerando o que consta do PAD nº 754/2018; resolve:</p><p>Art. 1º Conceder aposentadoria voluntária, com proventos integrais, à servidora Lucila Kiyomi Anzai, ocupante do cargo efetivo de Analista Judiciário, Área Judiciária, Classe C, Padrão 13, nos termos do artigo 3º da Emenda Constitucional n. 47, de 5 de julho de 2005.</p><p>Art. 2º Esta portaria entrará em vigor na data de sua publicação no Diário Oficial da União.</p><p class="assina">CARLOS EDUARDO CAUDURO PADIN</p>]]></Texto>
  </body>
</article></xml>