﻿<xml><article id="2388146" name="PORTARIA APOSENTADORIA.80.2018" idOficio="4705177" pubName="DO2" artType="Portaria" pubDate="04/04/2018" artClass="00017:00026:00024:00000:00000:00000:00000:00000:00000:00000:00025:00002" artCategory="Ministério da Saúde/Secretaria de Atenção à Saúde/Instituto Nacional de Câncer José Alencar Gomes da Silva" artSize="8" artNotes="" numberPage="35" pdfPage="http://pesquisa.in.gov.br/imprensa/jsp/visualiza/index.jsp?data=04/04/2018&amp;jornal=529&amp;pagina=35" editionNumber="64" highlight="" idMateria="10590317">
  <body>
    <Identifica><![CDATA[ PORTARIA  Nº 80, DE 22 DE JANEIRO DE 2018]]></Identifica>
    <Data><![CDATA[]]></Data>
    <Ementa />
    <Titulo />
    <SubTitulo />
    <Texto><![CDATA[<p class="identifica">PORTARIA Nº 80, DE 22 DE JANEIRO DE 2018</p><p>O Diretor-Geral Substituto do Instituto Nacional de Câncer José Alencar Gomes da Silva, do Ministério da Saúde, no uso de suas atribuições subdelegadas pela Portaria/CGRH/MS nº 1.041 de 30/10/2009, publicada no DOU nº 209, de 03/11/2009, resolve:</p><p>Conceder aposentadoria voluntária, com proventos integrais, a MARTA DE ALMEIDA MANHÃES CAMARGO, matrícula SIAPE nº 241810, ocupante do cargo de Tecnologista, NS, classe H, padrão III, do quadro de pessoal do Ministério da Saúde, com fundamento no art. 3º da Emenda Constitucional nº 47/2005. (Processo nº 25410.000047/2018-1).</p><p class="assina">GÉLCIO LUIZ QUINTELLA MENDES</p>]]></Texto>
  </body>
</article></xml>