﻿<xml><article id="2340958" name="ATO_5667435" idOficio="4709068" pubName="DO2" artType="Ato" pubDate="02/04/2018" artClass="00038:00007:00001:00000:00000:00000:00000:00000:00000:00000:00001:00001" artCategory="Poder Judiciário/Tribunal Regional Federal da 1ª Região/Presidência" artSize="8" artNotes="" numberPage="78" pdfPage="http://pesquisa.in.gov.br/imprensa/jsp/visualiza/index.jsp?data=02/04/2018&amp;jornal=529&amp;pagina=78" editionNumber="62" highlight="" idMateria="10597701">
  <body>
    <Identifica><![CDATA[ ATO Nº 5667435,  DE 12 DE MARÇO DE 2018]]></Identifica>
    <Data><![CDATA[]]></Data>
    <Ementa />
    <Titulo />
    <SubTitulo />
    <Texto><![CDATA[<p class="identifica">ATO Nº 5667435, DE 12 DE MARÇO DE 2018</p><p>O PRESIDENTE DO TRIBUNAL REGIONAL FEDERAL DA 1ª REGIÃO, no uso de suas atribuições legais e regimentais e tendo em vista o constante nos autos do PAe 0029022-77.2017.4.01.8008, resolve:</p><p>REDISTRIBUIR nos termos do art. 37, da Lei 8.112/1990, com a redação dada pela Lei 9.527/1997, c/c a Resolução n. 146/2012-CNJ, um cargo da categoria funcional de Analista Judiciário, Área Judiciária, Especialidade Oficial de Justiça Avaliador Federal, do Quadro de Pessoal da Seção Judiciária do Estado de Minas Gerais, Subseção Judiciária de Viçosa, ocupado pelo servidor EDUARDO JESUS SANCHES, para o Quadro de Pessoal do Tribunal Regional do Trabalho da 4ª Região, Vara do Trabalho de Bento Gonçalves, em reciprocidade a um cargo de Analista Judiciário, Área Judiciária, Especialidade Oficial de Justiça Avaliador Federal, ocupado pelo servidor FERNANDO LUÍS PONCIANO ALEIXO.</p><p class="assina">Des HILTON QUEIROZ</p>]]></Texto>
  </body>
</article></xml>