﻿<xml><article id="2340955" name="_PORTARIA DE APOSENTADORIA MODEL" idOficio="4708396" pubName="DO2" artType="Portaria" pubDate="02/04/2018" artClass="00017:00026:00014:00011:00000:00000:00000:00000:00000:00000:00025:00001" artCategory="Ministério da Saúde/Secretaria de Atenção à Saúde/Departamento de Gestão Hospitalar no Estado do Rio de Janeiro/Hospital Federal do Andaraí" artSize="8" artNotes="" numberPage="50" pdfPage="http://pesquisa.in.gov.br/imprensa/jsp/visualiza/index.jsp?data=02/04/2018&amp;jornal=529&amp;pagina=50" editionNumber="62" highlight="" idMateria="10596766">
  <body>
    <Identifica><![CDATA[    PORTARIA nº 43, DE  9 DE MARÇO DE 2018]]></Identifica>
    <Data><![CDATA[]]></Data>
    <Ementa />
    <Titulo />
    <SubTitulo />
    <Texto><![CDATA[<p class="identifica">PORTARIA nº 43, DE 9 DE MARÇO DE 2018</p><p>A Diretora Geral do Hospital Federal do Andaraí, em conformidade com os termos da PT/MS nº 2.081 de 21.10.2016, publicada no Diário Oficial da União (DOU) nº 204 de 24.10.2016 e no uso de suas atribuições legais, na forma da PT/CGRH/SAA/SE/MS/ nº 1041, de 30.10.2009, publicada no DOU nº 209, de 03.11.2009, resolve:</p><p>Conceder Aposentadoria voluntária integral a servidora MARIA DE LOURDES FERREIRA CURVELLO, matrícula SIAPE 0646956, ocupante do cargo de Auxiliar de Enfermagem, Nível Intermediário, Classe S, Padrão III, do Quadro de Pessoal deste Ministério, lotada no Hospital Federal do Andaraí, com fundamento no artigo 3º da Emenda Constitucional nº 47/2005, com proventos correspondentes ao cargo efetivo, acrescido de 22% (Vinte e dois por cento) de Adicional por Tempo de Serviço e a Gratificação de Desempenho da Carreira da Previdência da Saúde e do Trabalho (GDPST) conforme Lei nº 11.784/2008. (Processo nº 33367.039188/2018-13).</p><p>Esta portaria entra em vigor na data de sua publicação.</p><p class="assina">MARIA LUCIA FEITOSA G.DA SILVEIRA</p><p></p>]]></Texto>
  </body>
</article></xml>