﻿<xml><article id="2340940" name="226" idOficio="4708856" pubName="DO2" artType="Portaria" pubDate="02/04/2018" artClass="00038:00003:00005:00001:00000:00000:00000:00000:00000:00000:00025:00001" artCategory="Poder Judiciário/Tribunal Superior Eleitoral/Secretaria do Tribunal/Diretoria-Geral" artSize="8" artNotes="" numberPage="77" pdfPage="http://pesquisa.in.gov.br/imprensa/jsp/visualiza/index.jsp?data=02/04/2018&amp;jornal=529&amp;pagina=77" editionNumber="62" highlight="" idMateria="10597346">
  <body>
    <Identifica><![CDATA[ Portaria nº 226, DE 5 DE MARÇO DE 2018]]></Identifica>
    <Data><![CDATA[]]></Data>
    <Ementa />
    <Titulo />
    <SubTitulo />
    <Texto><![CDATA[<p class="identifica">Portaria nº 226, DE 5 DE MARÇO DE 2018</p><p>O DIRETOR-GERAL DA SECRETARIA DO TRIBUNAL SUPERIOR ELEITORAL, com base nos artigos 18 e 36, parágrafo único, inciso III, alínea a, da Lei nº 8.112/1990, no artigo 20 da Lei nº 11.416/2006, nos artigos 3º, 5º, inciso III, alínea a, 15, caput e parágrafo único, e 22, caput, da Resolução/TSE nº 23.092/2009, no exercício das competências que lhe foram atribuídas pela Portaria TSE nº 755/2017, e considerando o disposto no Processo SEI nº 2018.00.000000006-3, deste Tribunal, resolve:</p><p>Art. 1º Remover a servidora GIULIANA DOS SANTOS CORDEIRO NEIVA, Técnico Judiciário, Área Administrativa, deste Tribunal para o Tribunal Regional Eleitoral do Paraná, em virtude do deslocamento do cônjuge, militar, no interesse da administração.</p><p>Art. 2º A servidora tem prazo de trinta dias para o trânsito.</p><p>Art. 3º Esta portaria entra em vigor na data da publicação.</p><p class="assina">RODRIGO CURADO FLEURY</p>]]></Texto>
  </body>
</article></xml>