﻿<xml><article id="2340832" name="_PORTARIA DE APOSENTADORIA MODEL" idOficio="4708391" pubName="DO2" artType="Portaria" pubDate="02/04/2018" artClass="00017:00026:00014:00011:00000:00000:00000:00000:00000:00000:00025:00001" artCategory="Ministério da Saúde/Secretaria de Atenção à Saúde/Departamento de Gestão Hospitalar no Estado do Rio de Janeiro/Hospital Federal do Andaraí" artSize="8" artNotes="" numberPage="49" pdfPage="http://pesquisa.in.gov.br/imprensa/jsp/visualiza/index.jsp?data=02/04/2018&amp;jornal=529&amp;pagina=49" editionNumber="62" highlight="" idMateria="10596783">
  <body>
    <Identifica><![CDATA[               PORTARIA nº 41, DE  9 DE MARÇO DE 2018]]></Identifica>
    <Data><![CDATA[]]></Data>
    <Ementa />
    <Titulo />
    <SubTitulo />
    <Texto><![CDATA[<p></p><p class="identifica">PORTARIA nº 41, DE 9 DE MARÇO DE 2018</p><p>A Diretora Geral do Hospital Federal do Andaraí, em conformidade com os termos da PT/MS nº 2.081 de 21.10.2016, publicada no Diário Oficial da União (DOU) nº 204 de 24.10.2016 e no uso de suas atribuições legais, na forma da PT/CGRH/SAA/SE/MS/ nº 1041, de 30.10.2009, publicada no DOU nº 209, de 03.11.2009, resolve:</p><p></p><p>Conceder Aposentadoria voluntária proporcional por idade a servidora MARIA LUCIA TANAJURA MACHADO, matrícula SIAPE 1185544, ocupante do cargo de Auxiliar de Enfermagem, Nível Intermediário do Quadro de Pessoal deste Ministério, lotada no Hospital Federal do Andaraí, com fundamento no artigo 40, &amp; 1º, inciso III, alínea "b" da Constituição Federal de 05.10.1988, com redação dada pela Emenda Constitucional nº 41 de 19.12.2003, com proventos proporcionais a 24/30 (vinte e quatro trinta avos).(Processo nº 33367.033150/2018-37).</p><p>Esta portaria entra em vigor na data de sua publicação.</p><p class="assina">MARIA LUCIA FEITOSA G.DA SILVEIRA</p>]]></Texto>
  </body>
</article></xml>