﻿<xml><article id="2340739" name="ATO Nº 92" idOficio="4711169" pubName="DO2" artType="Ato" pubDate="02/04/2018" artClass="00038:00010:00001:00000:00000:00000:00000:00000:00000:00000:00001:00002" artCategory="Poder Judiciário/Tribunal Regional Federal da 4ª Região/Presidência" artSize="8" artNotes="" numberPage="80" pdfPage="http://pesquisa.in.gov.br/imprensa/jsp/visualiza/index.jsp?data=02/04/2018&amp;jornal=529&amp;pagina=80" editionNumber="62" highlight="" idMateria="10601655">
  <body>
    <Identifica><![CDATA[ ATO Nº 92, DE 06 DE MARÇO DE 2018]]></Identifica>
    <Data><![CDATA[]]></Data>
    <Ementa />
    <Titulo />
    <SubTitulo />
    <Texto><![CDATA[<p class="identifica">ATO Nº 92, DE 06 DE MARÇO DE 2018</p><p>O PRESIDENTE DO TRIBUNAL REGIONAL FEDERAL DA 4ª REGIÃO, no uso de suas atribuições legais e regimentais, tendo em vista o que consta do Processo Administrativo nº 0000093-37.2018.4.04.8001, resolve:</p><p>CONCEDER APOSENTADORIA VOLUNTÁRIA com proventos integrais, a teor do disposto no artigo 3º da Emenda Constitucional nº 47/05, à servidora LUCIANA BONI LICHT, Técnico Judiciário, Área Administrativa, Sem Especialidade, Nível Intermediário, Classe C, Padrão 13, pertencente ao Quadro Permanente de Pessoal da Seção Judiciária do Rio Grande do Sul, com a Vantagem Pessoal Nominalmente Identificada, prevista no artigo 62-A da Lei nº 8.112/90, dispositivo acrescentado pelo artigo 3º da Medida Provisória nº 2.225-45/01, incorporada nos termos do artigo 3º da Lei nº 8.911/94, bem como o Adicional de Qualificação-AQ, prevista nos arts. 14 e 15, inciso VI, da Lei nº 11.416/06, com redação dada pela Lei nº 13.317/16, regulamentados pela Portaria Conjunta 02-STF, publicada em 10/08/16, observado o teto constitucional previsto no artigo 37, inciso XI, da Constituição Federal de 1988, combinado com o artigo 8º da Emenda Constitucional nº 41/03.</p><p class="assina">Carlos Eduardo Thompson Flores Lenz</p>]]></Texto>
  </body>
</article></xml>