﻿<xml><article id="2340922" name="Portaria 38-2018" idOficio="4715136" pubName="DO2" artType="Portaria" pubDate="02/04/2018" artClass="00038:00036:00001:00000:00000:00000:00000:00000:00000:00000:00025:00002" artCategory="Poder Judiciário/Tribunal Regional Eleitoral de São Paulo/Presidência" artSize="8" artNotes="" numberPage="81" pdfPage="http://pesquisa.in.gov.br/imprensa/jsp/visualiza/index.jsp?data=02/04/2018&amp;jornal=529&amp;pagina=81" editionNumber="62" highlight="" idMateria="10608942">
  <body>
    <Identifica><![CDATA[PORTARIA Nº 38, DE 13 DE MARÇO DE 2018]]></Identifica>
    <Data><![CDATA[]]></Data>
    <Ementa />
    <Titulo />
    <SubTitulo />
    <Texto><![CDATA[<p class="identifica">PORTARIA Nº 38, DE 13 DE MARÇO DE 2018</p><p>O PRESIDENTE DO TRIBUNAL REGIONAL ELEITORAL DE SÃO PAULO, no uso das atribuições regimentais e considerando o que consta do PAD nº 90/2018; resolve:</p><p>Art. 1º Conceder aposentadoria voluntária, com proventos integrais, à servidora Keila Côrrea Cerviglieri, ocupante do cargo efetivo de Técnico Judiciário, Área Administrativa, Classe C, Padrão 13, nos termos do artigo 3º da Emenda Constitucional 47, de 5 de julho de 2005.</p><p>Art. 2º Esta portaria entrará em vigor na data de sua publicação no Diário Oficial da União.</p><p class="assina">CARLOS EDUARDO CAUDURO PADIN</p>]]></Texto>
  </body>
</article></xml>