﻿<xml><article id="2340745" name="20- Redistribuição, por reciproc" idOficio="4712667" pubName="DO2" artType="Ato" pubDate="02/04/2018" artClass="00038:00050:00003:00000:00000:00000:00000:00000:00000:00000:00001:00001" artCategory="Poder Judiciário/Tribunal Regional do Trabalho da 11ª Região/Presidência" artSize="8" artNotes="" numberPage="85" pdfPage="http://pesquisa.in.gov.br/imprensa/jsp/visualiza/index.jsp?data=02/04/2018&amp;jornal=529&amp;pagina=85" editionNumber="62" highlight="" idMateria="10604550">
  <body>
    <Identifica><![CDATA[ ATO  Nº 20, de 14 de março de 2018]]></Identifica>
    <Data><![CDATA[]]></Data>
    <Ementa />
    <Titulo />
    <SubTitulo />
    <Texto><![CDATA[<p></p><p class="identifica">ATO Nº 20, de 14 de março de 2018</p><p></p><p>A PRESIDENTE DO TRIBUNAL REGIONAL DO TRABALHO DA 11ª REGIÃO, Desembargadora do Trabalho ELEONORA DE SOUZA SAUNIER, no uso de suas atribuições legais e regimentais, CONSIDERANDO a Resolução administrativa nº 49/2018/TRT11, de 7 de março de 2018, que deferiu a redistribuição com o Tribunal Regional do Trabalho da 10ª Região;</p><p>CONSIDERANDO o disposto no art. 37 da Lei 8.112/1990, na Resolução CNJ 146/2012 e documentos constantes dos DP-3604/2015 (e-SAP), resolve:</p><p>Art. 1º Redistribuir o cargo efetivo de Analista Judiciário, Área Judiciária, do Quadro de Pessoal deste Tribunal, ocupado pela servidora IRANI PEREIRA DA SILVA, em reciprocidade com um cargo vago idêntico, pertencente ao Quadro Permanente do Tribunal Regional do Trabalho da 10ª Região.</p><p>Art. 2º Este Ato entrará em vigor a partir de 2-4-2018.</p><p></p><p class="assina">ELEONORA DE SOUZA SAUNIER</p>]]></Texto>
  </body>
</article></xml>