﻿<xml><article id="2340919" name="2379 e 2380 dispensa e aposentad" idOficio="4711100" pubName="DO2" artType="Ato" pubDate="02/04/2018" artClass="00038:00006:00001:00000:00000:00000:00000:00000:00000:00000:00001:00001" artCategory="Poder Judiciário/Superior Tribunal Militar/Presidência" artSize="8" artNotes="" numberPage="78" pdfPage="http://pesquisa.in.gov.br/imprensa/jsp/visualiza/index.jsp?data=02/04/2018&amp;jornal=529&amp;pagina=78" editionNumber="62" highlight="" idMateria="10601556">
  <body>
    <Identifica><![CDATA[ ATO Nº 2.379, DE 13 DE MARÇO DE 2018]]></Identifica>
    <Data><![CDATA[]]></Data>
    <Ementa />
    <Titulo />
    <SubTitulo />
    <Texto><![CDATA[<p class="identifica">ATO Nº 2.379, DE 13 DE MARÇO DE 2018</p><p>O MINISTRO-PRESIDENTE DO SUPERIOR TRIBUNAL MILITAR, usando das atribuições que lhe são conferidas pelo artigo 6º, inciso XXV, do Regimento Interno, e tendo em vista o Processo nº 002781/18-00.07 do Sistema Eletrônico de Informações, resolve:</p><p>CONCEDER APOSENTADORIA, com proventos integrais, ao Analista Judiciário, área Apoio Especializado, especialidade Análise de Sistemas, do Quadro Permanente da Secretaria do Superior Tribunal Militar, DILSON MODESTO DE MATTOS, matrícula 128, nos termos do artigo 3º da Emenda Constitucional n.º 47/2005; artigo 62-A, da Lei nº 8.112/1990; artigo 3º, §§ 1º e 2º da Lei n.º 8.911/1994 c/c o artigo 15, § 1º da Lei n.º 9.527/1997; artigos 13, 14 §5º, 15, III, e 28 da Lei n.º 11.416/2006, com redação dada pela Lei nº 12.774/2012 e pela Lei nº 13.317/2016.</p><p class="identifica">ATO Nº 2.380, DE 13 DE MARÇO DE 2018</p><p>O MINISTRO-PRESIDENTE DO SUPERIOR TRIBUNAL MILITAR, usando das atribuições que lhe são conferidas pelo artigo 6º, inciso XXV, do Regimento Interno, e tendo em vista o contido no Processo nº 002781/18-00.07 do Sistema Eletrônico de Informações, resolve:</p><p>DISPENSAR, por motivo de aposentadoria, o Analista Judiciário, área Apoio Especializado, especialidade Análise de Sistemas, do Quadro Permanente da Secretaria do Superior Tribunal Militar, DILSON MODESTO DE MATTOS, matrícula 128, da função comissionada de CHEFE DE NÚCLEO, código STM-FC-05, que exerce junto ao Núcleo de Governança e Estratégia de Tecnologia da Informação, da Diretoria de Tecnologia da Informação.</p><p class="assina">JOSÉ COÊLHO FERREIRA</p>]]></Texto>
  </body>
</article></xml>