﻿<xml><article id="2340850" name="Port. 7073 - Dispensar e Designa" idOficio="4714791" pubName="DO2" artType="Portaria" pubDate="02/04/2018" artClass="00012:00065:00032:00000:00000:00000:00000:00000:00000:00000:00025:00001" artCategory="Ministério da Fazenda/Superintendência de Seguros Privados/Secretaria-Geral" artSize="8" artNotes="" numberPage="42" pdfPage="http://pesquisa.in.gov.br/imprensa/jsp/visualiza/index.jsp?data=02/04/2018&amp;jornal=529&amp;pagina=42" editionNumber="62" highlight="" idMateria="10608445">
  <body>
    <Identifica><![CDATA[ PORTARIA Nº 7.073, DE  9 DE MARÇO DE 2018 ]]></Identifica>
    <Data><![CDATA[]]></Data>
    <Ementa />
    <Titulo />
    <SubTitulo />
    <Texto><![CDATA[<p class="identifica">PORTARIA Nº 7.073, DE 9 DE MARÇO DE 2018</p><p>O SUPERINTENDENTE DA SUPERINTENDÊNCIA DE SEGUROS PRIVADOS - SUSEP, no uso das atribuições que lhe confere o inciso V do art. 73 do Regimento Interno de que trata a Resolução CNSP nº 346, de 2 de maio de 2017, conforme o inciso X do art. 1º da Portaria GMF nº 393, de 14 de julho de 2009, resolve:</p><p>Art. 1º DISPENSAR a servidora ADRIANA HENNIG DE ANDRADE, matrícula Siape nº 0654460, CPF nº 853.319.457-91, da Função Comissionada de Coordenador da Coordenação de Seguros de Pessoas, Microsseguros e Planos de Previdência Complementar - COPEP, da Coordenação-Geral de Monitoramento de Conduta - CGCOM, código FCPE 101.3, para a qual foi nomeada pela Portaria Susep nº 6.551, de 08 de junho de 2016, publicada no DOU de 10 de junho de 2016, seção 2, página 38, e apostila publicada no Boletim de Pessoal 02-Especial, de 27 de março de 2017.</p><p>Art. 2º DESIGNAR a servidora ADRIANA HENNIG DE ANDRADE, matrícula Siape nº 0654460, CPF nº 853.319.457-91, para a Função Comissionada de Coordenador da Coordenação de Seguros de Responsabilidades, Rurais, Riscos Financeiros, Marítimos, Aeronáuticos, de Petróleo e Nucleares e de Títulos de Capitalização - COSET, da Coordenação-Geral de Monitoramento de Conduta - CGCOM, código FCPE 101.3.</p><p>Art. 3º Esta Portaria entra em vigor na data de sua publicação.</p><p class="assina">JOAQUIM MENDANHA DE ATAIDES</p>]]></Texto>
  </body>
</article></xml>