﻿<xml><article id="2340964" name="288" idOficio="4719754" pubName="DO2" artType="Portaria" pubDate="02/04/2018" artClass="00038:00003:00005:00001:00000:00000:00000:00000:00000:00000:00025:00003" artCategory="Poder Judiciário/Tribunal Superior Eleitoral/Secretaria do Tribunal/Diretoria-Geral" artSize="8" artNotes="" numberPage="77" pdfPage="http://pesquisa.in.gov.br/imprensa/jsp/visualiza/index.jsp?data=02/04/2018&amp;jornal=529&amp;pagina=77" editionNumber="62" highlight="" idMateria="10618128">
  <body>
    <Identifica><![CDATA[ Portaria nº 288, DE 20 DE MARÇO DE 2018]]></Identifica>
    <Data><![CDATA[]]></Data>
    <Ementa />
    <Titulo />
    <SubTitulo />
    <Texto><![CDATA[<p class="identifica">Portaria nº 288, DE 20 DE MARÇO DE 2018</p><p>O DIRETOR-GERAL DA SECRETARIA DO TRIBUNAL SUPERIOR ELEITORAL, com base no inciso XV do art. 116 do Regulamento Interno, no inciso I do art. 2º e no art. 4º da Portaria nº 204, de 26.9.2002, resolve:</p><p>Art. 1º Dispensar ANA RAQUEL MENDES LOBATO MARTINS, Analista Judiciário, Área Judiciária, da função comissionada de Assistente III, Nível FC-3, da Assessoria de Apoio aos Ministros Substitutos, da Secretaria-Geral da Presidência.</p><p>Art. 2º Designar GILDENE PEQUENO EVANGELISTA, Analista Judiciário, Área Judiciária, para exercer a função comissionada de Assistente III, Nível FC-3, da Assessoria de Apoio aos Ministros Substitutos, da Secretaria-Geral da Presidência.</p><p class="assina">RODRIGO CURADO FLEURY</p>]]></Texto>
  </body>
</article></xml>