﻿<xml><article id="2340889" name="ATO PORTARIA Nº 90" idOficio="4718125" pubName="DO2" artType="Portaria" pubDate="02/04/2018" artClass="00038:00049:00000:00000:00000:00000:00000:00000:00000:00000:00031:00003" artCategory="Poder Judiciário/Tribunal Regional do Trabalho da 10ª Região/Presidência" artSize="8" artNotes="" numberPage="85" pdfPage="http://pesquisa.in.gov.br/imprensa/jsp/visualiza/index.jsp?data=02/04/2018&amp;jornal=529&amp;pagina=85" editionNumber="62" highlight="" idMateria="10614989">
  <body>
    <Identifica><![CDATA[ PORTARIA Nº 90, DE 19 DE MARÇO DE 2018]]></Identifica>
    <Data><![CDATA[]]></Data>
    <Ementa />
    <Titulo />
    <SubTitulo />
    <Texto><![CDATA[<p class="identifica">PORTARIA Nº 90, DE 19 DE MARÇO DE 2018</p><p>O DESEMBARGADOR PRESIDENTE DO TRIBUNAL REGIONAL DO TRABALHO DA DÉCIMA REGIÃO, no uso de suas atribuições legais e regimentais, tendo em vista o contido no Processo Administrativo SEI n.º 17.0.000009937-6, resolve:</p><p>Remover, a pedido, o servidor JOÃO PAULO AMARANTE LIMOEIRO, Técnico Judiciário, Classe "A", Padrão 2, Área Administrativa, do Quadro de Pessoal Permanente deste Tribunal, para o Tribunal Regional do Trabalho da 2ª Região, mediante permuta com o servidor daquele Regional, Ronald Lamas Corrêa, com efeitos a partir de 2/4/2018.</p><p class="assina">PEDRO LUÍS VICENTIN FOLTRAN</p>]]></Texto>
  </body>
</article></xml>