﻿<xml><article id="2340802" name="MBP. Gabarito DOU" idOficio="4716573" pubName="DO2" artType="Ato" pubDate="02/04/2018" artClass="00038:00024:00000:00000:00000:00000:00000:00000:00000:00000:00001:00001" artCategory="Poder Judiciário/Tribunal Regional Eleitoral de Minas Gerais" artSize="8" artNotes="" numberPage="80" pdfPage="http://pesquisa.in.gov.br/imprensa/jsp/visualiza/index.jsp?data=02/04/2018&amp;jornal=529&amp;pagina=80" editionNumber="62" highlight="" idMateria="10611888">
  <body>
    <Identifica><![CDATA[ ATO DE Nº 5, de 12 de março de 2018]]></Identifica>
    <Data><![CDATA[]]></Data>
    <Ementa />
    <Titulo />
    <SubTitulo />
    <Texto><![CDATA[<p class="identifica">ATO DE Nº 5, de 12 de março de 2018</p><p>O EXCELENTÍSSIMO SENHOR DESEMBARGADOR PRESIDENTE DO TRIBUNAL REGIONAL ELEITORAL DE MINAS GERAIS, no uso de suas atribuições e tendo em vista o Processo nº 1802023/2018, assinou o seguinte Ato:</p><p>concedendo aposentadoria voluntária por tempo de contribuição, com proventos integrais, a MÁRCIA BETÂNIA PEREIRA, servidora do Quadro de Pessoal deste Tribunal, lotada na 38ª Zona Eleitoral de Belo Horizonte, ocupante do cargo efetivo de Técnico Judiciário, Área Administrativa, Classe C, Padrão 13, criado pela Lei nº Lei nº 8.868/1994, nos termos do art. 3º da Emenda Constitucional nº 47/2005.</p><p class="assina">Des. EDGARD PENNA AMORIM</p>]]></Texto>
  </body>
</article></xml>