﻿<xml><article id="2340886" name="ATO PORTARIA Nº 92__060105" idOficio="4718125" pubName="DO2" artType="Portaria" pubDate="02/04/2018" artClass="00038:00049:00000:00000:00000:00000:00000:00000:00000:00000:00031:00004" artCategory="Poder Judiciário/Tribunal Regional do Trabalho da 10ª Região/Presidência" artSize="8" artNotes="" numberPage="85" pdfPage="http://pesquisa.in.gov.br/imprensa/jsp/visualiza/index.jsp?data=02/04/2018&amp;jornal=529&amp;pagina=85" editionNumber="62" highlight="" idMateria="10614990">
  <body>
    <Identifica><![CDATA[ PORTARIA Nº 92, DE 19 DE MARÇO DE 2017]]></Identifica>
    <Data><![CDATA[]]></Data>
    <Ementa />
    <Titulo />
    <SubTitulo />
    <Texto><![CDATA[<p class="identifica">PORTARIA Nº 92, DE 19 DE MARÇO DE 2017</p><p>O DESEMBARGADOR PRESIDENTE DO TRIBUNAL REGIONAL DO TRABALHO DA DÉCIMA REGIÃO, no uso de suas atribuições legais e regimentais, tendo em vista o contido no Processo Administrativo SEI n.º 17.0.000009120-0, resolve:</p><p>Redistribuir, "ad referendum" do Egrégio Tribunal Pleno, a partir de 2/4/2018, para o Quadro de Pessoal do Tribunal Regional do Trabalho da 20ª Região, ante a concordância manifestada por aquela Corte, o cargo vago efetivo de Técnico Judiciário, Área Apoio Especializado, Especialidade Tecnologia da Informação, do Quadro de Pessoal do TRT da 10ª Região, decorrente de vacância ocorrida em 3/10/2017, com fundamento no art. 37, da Lei n.º 8.112/1990, com redação dada pela Lei n.º 9.527/1997, e na Resolução Administrativa n.º 084/2010, do TRT da 10ª Região, em reciprocidade com o cargo idêntico daquele Tribunal, ocupado pelo servidor Heliton Santos de Lima.</p><p class="assina">PEDRO LUÍS VICENTIN FOLTRAN</p>]]></Texto>
  </body>
</article></xml>