﻿<xml><article id="2340928" name="Portaria-1309-2018" idOficio="4717447" pubName="DO2" artType="Portaria" pubDate="02/04/2018" artClass="00038:00043:00001:00000:00000:00000:00000:00000:00000:00000:00025:00001" artCategory="Poder Judiciário/Tribunal Regional do Trabalho da 4ª Região/Presidência" artSize="8" artNotes="" numberPage="83" pdfPage="http://pesquisa.in.gov.br/imprensa/jsp/visualiza/index.jsp?data=02/04/2018&amp;jornal=529&amp;pagina=83" editionNumber="62" highlight="" idMateria="10613177">
  <body>
    <Identifica><![CDATA[ PORTARIA Nº 1.309, DE 14 DE MARÇO DE 2018 ]]></Identifica>
    <Data><![CDATA[]]></Data>
    <Ementa />
    <Titulo />
    <SubTitulo />
    <Texto><![CDATA[<p class="identifica">PORTARIA Nº 1.309, DE 14 DE MARÇO DE 2018</p><p>A PRESIDENTE DO TRIBUNAL REGIONAL DO TRABALHO DA 4ª REGIÃO, no uso de suas atribuições legais e regimentais estabelecidas no inciso XIV do art. 39 do Regimento Interno, com fundamento art. 37 da Lei nº 8.112/90, com redação dada pela Lei nº 9.527/97, e considerando o que consta no Processo Administrativo nº 0008583-45.2017.5.04.0000, resolve:</p><p>1. CESSAR, a partir de 02-04-2018, os efeitos da Portaria nº 8.285/2015, quanto à remoção, a pedido, da servidora LARISSA DE MENDONÇA LOUREIRO, ocupante do cargo efetivo de Técnico Judiciário, Área Administrativa, do Quadro de Pessoal deste Tribunal para o Tribunal Regional do Trabalho da 24ª Região, POR PERMUTA com a servidora FERNANDA SANTOS GRAVINA, ocupante de idêntico cargo, pertencente ao Quadro de Pessoal daquele Tribunal. 2. REDISTRIBUIR, a contar de 02-04-2018, o cargo efetivo de Técnico Judiciário, Área Administrativa, Classe B, Padrão 08, do Quadro Permanente de Pessoal deste Tribunal, ocupado pela servidora LARISSA DE MENDONÇA LOUREIRO, em reciprocidade com o cargo efetivo de Técnico Judiciário, Área Administrativa, Classe A, Padrão 4, do Quadro Permanente de Pessoal do Tribunal Regional do Trabalho da 24ª Região, ocupado pela servidora FERNANDA SANTOS GRAVINA.</p><p class="assina">VANIA CUNHA MATTOS</p>]]></Texto>
  </body>
</article></xml>