﻿<xml><article id="2340784" name="Portaria1332-2018" idOficio="4717227" pubName="DO2" artType="Portaria" pubDate="02/04/2018" artClass="00038:00043:00001:00000:00000:00000:00000:00000:00000:00000:00025:00002" artCategory="Poder Judiciário/Tribunal Regional do Trabalho da 4ª Região/Presidência" artSize="8" artNotes="" numberPage="83" pdfPage="http://pesquisa.in.gov.br/imprensa/jsp/visualiza/index.jsp?data=02/04/2018&amp;jornal=529&amp;pagina=83" editionNumber="62" highlight="" idMateria="10612801">
  <body>
    <Identifica><![CDATA[ PORTARIA Nº 1.332,  15 de março de 2018]]></Identifica>
    <Data><![CDATA[]]></Data>
    <Ementa />
    <Titulo />
    <SubTitulo />
    <Texto><![CDATA[<p class="identifica">PORTARIA Nº 1.332, 15 de março de 2018</p><p>A PRESIDENTE DO TRIBUNAL REGIONAL DO TRABALHO DA 4ª REGIÃO, no uso de suas atribuições legais e regimentais estabelecidas no inciso XIV do art. 39 do Regimento Interno, com fundamento art. 37 da Lei nº 8.112/90, com redação dada pela Lei nº 9.527/97, e considerando o que consta no Processo Administrativo nº 0007255-80.2017.5.04.0000, resolve:</p><p>1. REDISTRIBUIR, a contar de 02-04-2018, o cargo efetivo de Analista Judiciário, Área Judiciária, Especialidade Oficial de Justiça Avaliador Federal, do Quadro Permanente de Pessoal deste Tribunal, ocupado pelo servidor Fernando Luis Ponciano Aleixo, enquadrado na Classe A, Padrão 04, para o Quadro Permanente de Pessoal do Tribunal Regional Federal da 1ª Região, em reciprocidade com o cargo efetivo de Analista Judiciário, Área Judiciária, Especialidade Oficial de Justiça Avaliador Federal, do Quadro Permanente de Pessoal daquele Regional, ocupado pelo servidor Eduardo Jesus Sanches, enquadrado na Classe B, Padrão 06. 2. LOTAR o servidor Eduardo Jesus Sanches na Central de Mandados de Bento Gonçalves a contar de 02-04-2018. 3. CONCEDER ao servidor Eduardo Jesus Sanches o prazo de 20 (vinte) dias para deslocamento no período de 02 a 21-04-2018.</p><p></p><p class="assina">VANIA CUNHA MATTOS</p><p></p>]]></Texto>
  </body>
</article></xml>