﻿<xml><article id="2340790" name="trt9a65-2018 ATO 76" idOficio="4720251" pubName="DO2" artType="Ato" pubDate="02/04/2018" artClass="00038:00048:00000:00000:00000:00000:00000:00000:00000:00000:00001:00001" artCategory="Poder Judiciário/Tribunal Regional do Trabalho da 9ª Região" artSize="8" artNotes="" numberPage="85" pdfPage="http://pesquisa.in.gov.br/imprensa/jsp/visualiza/index.jsp?data=02/04/2018&amp;jornal=529&amp;pagina=85" editionNumber="62" highlight="" idMateria="10618897">
  <body>
    <Identifica><![CDATA[ ATO Nº 76, DE 16 DE MARÇO DE 2018 ]]></Identifica>
    <Data><![CDATA[]]></Data>
    <Ementa />
    <Titulo />
    <SubTitulo />
    <Texto><![CDATA[<p class="identifica">ATO Nº 76, DE 16 DE MARÇO DE 2018</p><p>A DESEMBARGADORA DO TRABALHO, PRESIDENTE DO TRIBUNAL REGIONAL DO TRABALHO DA 9ª REGIÃO, usando de suas atribuições legais, diante do disposto no art. 25, LV-A, do Regimento Interno e do contido no PRP 115/2017, resolve:</p><p>Art. 1º Conceder, ad referendum do Órgão Especial, aposentadoria à magistrada NANCY MAHRA DE MEDEIROS NICOLAS OLIVEIRA, nos termos do art. 3º, da EC nº 47/2005, com proventos integrais por tempo de contribuição, correspondentes ao valor mensal do subsídio de Juiz Titular de Vara do Trabalho, no montante de R$ 28.947,55 (vinte e oito mil, novecentos e quarenta e sete reais e cinquenta e cinco centavos). Art. 2º Conceder indenização de férias no valor total de R$ 25.731,16, resultante do pagamento indenizado de 8/12 (oito doze avos) referentes ao período aquisitivo de 11/12/2017 a 1o/04/2018, no valor de R$ 19.298,37, e do respectivo terço indenizado no valor de R$ 6.432,79, nos termos dos arts. 2º, incisos I e II, 3º e 5º, do Ato TRT9 nº 241/2011, resultantes da base de cálculo composta por Subsídio de Juiz Titular de Vara do Trabalho (R$ 28.947,55).</p><p class="assina">MARLENE T. FUVERKI SUGUIMATSU</p><p></p>]]></Texto>
  </body>
</article></xml>