﻿<xml><article id="2340961" name="ATO TRT GP 098 2018 REDIST TIAGO" idOficio="4716765" pubName="DO2" artType="Ato" pubDate="02/04/2018" artClass="00038:00060:00000:00000:00000:00000:00000:00000:00000:00000:00001:00001" artCategory="Poder Judiciário/Tribunal Regional do Trabalho da 21ª Região" artSize="8" artNotes="" numberPage="88" pdfPage="http://pesquisa.in.gov.br/imprensa/jsp/visualiza/index.jsp?data=02/04/2018&amp;jornal=529&amp;pagina=88" editionNumber="62" highlight="" idMateria="10612088">
  <body>
    <Identifica><![CDATA[ ATO Nº  98, DE 23 DE FEVEREIRO DE 2018 ]]></Identifica>
    <Data><![CDATA[]]></Data>
    <Ementa />
    <Titulo />
    <SubTitulo />
    <Texto><![CDATA[<p class="identifica">ATO Nº 98, DE 23 DE FEVEREIRO DE 2018</p><p>A PRESIDENTE DO TRIBUNAL REGIONAL DO TRABALHO DA 21ª REGIÃO, no uso de suas atribuições, e tendo em vista o disposto no PROAD TRT Nº 5556/2017, resolve:</p><p>REDISTRIBUIR para o Quadro Permanente de Pessoal do Tribunal Regional do Trabalho da 12ª Região, o cargo efetivo da carreira judiciária de Analista Judiciário, Área Judiciária, Sem Especialidade, nº 261, do Quadro Permanente de Pessoal deste Tribunal, ocupado pelo servidor TIAGO TEIXEIRA RODRIGUES, matrícula nº 308.21.1289, tendo por reciprocidade a redistribuição simultânea do cargo da carreira judiciária de Analista Judiciário, Área Judiciária, Sem Especialidade, ocupado pela servidora CAMILA NOBRE AUGUSTO ARANHA, do Quadro Permanente de Pessoal do Tribunal Regional do Trabalho da 12ª Região, para o deste Regional, com fundamento no art. 37 da Lei nº 8.112/90, observando-se a regulamentação contida na Resolução nº 146/2012, do Conselho Nacional de Justiça.</p><p></p><p class="assina">Des. AUXILIADORA RODRIGUES</p>]]></Texto>
  </body>
</article></xml>