﻿<xml><article id="2340946" name="ATO ATO Nº TRF2-ATP-2018-00075" idOficio="4716313" pubName="DO2" artType="Ato" pubDate="02/04/2018" artClass="00038:00008:00001:00000:00000:00000:00000:00000:00000:00000:00001:00001" artCategory="Poder Judiciário/Tribunal Regional Federal da 2ª Região/Presidência" artSize="8" artNotes="" numberPage="79" pdfPage="http://pesquisa.in.gov.br/imprensa/jsp/visualiza/index.jsp?data=02/04/2018&amp;jornal=529&amp;pagina=79" editionNumber="62" highlight="" idMateria="10611540">
  <body>
    <Identifica><![CDATA[ ATO Nº 75, DE 8 DE MARÇO DE 2018]]></Identifica>
    <Data><![CDATA[]]></Data>
    <Ementa />
    <Titulo />
    <SubTitulo />
    <Texto><![CDATA[<p class="identifica">ATO Nº 75, DE 8 DE MARÇO DE 2018</p><p>O PRESIDENTE DO TRIBUNAL REGIONAL FEDERAL DA 2ª REGIÃO, no uso de suas atribuições, e considerando o que consta do Procedimento Administrativo nº TRF2-PES-2018/00231, resolve:</p><p>CONCEDER aposentadoria voluntária, com proventos integrais, ao servidor CLEBER ROBERTO TEIXEIRA NEVES, Técnico Judiciário - Segurança e Transporte, NI, Classe "C", Padrão 13, do Quadro de Pessoal da Justiça Federal de Primeiro Grau - Seção Judiciária do Espírito Santo, com fulcro no art. 6º, incisos I, II, III, e IV, e art. 7º da Emenda Constitucional nº 41, publicada em 31.12.2003, em interpretação conjunta com o art. 2º da Emenda Constitucional nº 47, publicada em 06.07.2005, observando-se, ainda, o artigo 28 da Lei nº 11.416, de 15.12.2006, e o art. 37, inciso XI, da Constituição da República.</p><p class="assina">ANDRÉ FONTES</p>]]></Texto>
  </body>
</article></xml>