﻿<xml><article id="2340757" name="Ato 107-2018" idOficio="4718724" pubName="DO2" artType="Ato Concessório" pubDate="02/04/2018" artClass="00038:00047:00001:00000:00000:00000:00000:00000:00000:00000:00001:00001" artCategory="Poder Judiciário/Tribunal Regional do Trabalho da 8ª Região/Gabinete da Presidência" artSize="8" artNotes="" numberPage="76" pdfPage="http://pesquisa.in.gov.br/imprensa/jsp/visualiza/index.jsp?data=02/04/2018&amp;jornal=529&amp;pagina=76" editionNumber="62" highlight="" idMateria="10615817">
  <body>
    <Identifica><![CDATA[  ATO   Nº 107, DE  7 DE MARÇO DE 2018]]></Identifica>
    <Data><![CDATA[]]></Data>
    <Ementa />
    <Titulo />
    <SubTitulo />
    <Texto><![CDATA[<p class="identifica">ATO Nº 107, DE 7 DE MARÇO DE 2018</p><p>A DESEMBARGADORA PRESIDENTE DO TRIBUNAL REGIONAL DO TRABALHO DA OITAVA REGIÃO, no uso de suas atribuições legais, e CONSIDERANDO o que consta do Processo Administrativo Eletrônico TRT8ª n° 1035/2018, resolve:</p><p>CONCEDER APOSENTADORIA ao servidor JOSE AUXILIADOR TAVARES RIBEIRO, com fundamento no artigo 3º da Emenda Constitucional nº 47/2005, no cargo de Técnico Judiciário, Área Administrativa, Especialidade Segurança, Classe C, Padrão 13, do Quadro Permanente do Tribunal Regional do Trabalho da Oitava Região, com PROVENTOS INTEGRAIS correspondentes à remuneração do servidor no cargo efetivo, qual seja a estabelecida nos artigos 12 e 13 da Lei nº 11.416/2006, com as alterações decorrentes da Lei nº 13.317/2016, acrescida do adicional por tempo de serviço de 9% (nove por cento), adquirido antes de 8 de março de 1999, anteriormente previsto nos artigos 61, inciso III, e 67 da Lei nº 8.112/1990, com a observância das alterações introduzidas pela Medida Provisória nº 2.225-45/2001, bem como da Vantagem Pessoal Nominalmente Identificada de 10 (dez) décimos de função comissionada FC-3, conforme art. 62-A da Lei nº 8.112/1990, com a observância da Medida Provisória nº 2.225-45/2001, e da Gratificação de Atividade de Segurança, cujo reconhecimento à incorporação se deu por meio do Acórdão TRT 8ª/PL/RA 0000323-07.2013.5.08.0000.</p><p></p><p class="assina">SUZY ELIZABETH CAVALCANTE KOURY</p><p></p>]]></Texto>
  </body>
</article></xml>