﻿<xml><article id="2340751" name="Ports 298" idOficio="4718553" pubName="DO2" artType="Portaria" pubDate="02/04/2018" artClass="00011:00032:00001:00000:00000:00000:00000:00000:00000:00000:00025:00002" artCategory="Ministério da Educação/Fundação Universidade Federal do Mato Grosso do Sul/Reitoria" artSize="8" artNotes="" numberPage="22" pdfPage="http://pesquisa.in.gov.br/imprensa/jsp/visualiza/index.jsp?data=02/04/2018&amp;jornal=529&amp;pagina=22" editionNumber="62" highlight="" idMateria="10615552">
  <body>
    <Identifica><![CDATA[ PORTARIA Nº 298, de de 19 de março de 2018]]></Identifica>
    <Data><![CDATA[]]></Data>
    <Ementa />
    <Titulo />
    <SubTitulo />
    <Texto><![CDATA[<p class="identifica">PORTARIA Nº 298, de de 19 de março de 2018</p><p>O REITOR DA FUNDAÇÃO UNIVERSIDADE FEDERAL DE MATO GROSSO DO SUL, no uso de suas atribuições legais, tendo em vista o Laudo da Junta Medica Oficial nº 0.041.957/2018, e o que consta do Processo nº 23104.002827/2013-18, resolve:</p><p>Reverter à atividade o servidor aposentado COSME APARECIDO DA COSTA, matrícula Siape nº 0433780, no cargo de Servente de Obras, Classe A, Nível de Capacitação 1, Padrão 13, a contar de 1º de abril de 2018..</p><p class="assina">MARCELO AUGUSTO SANTOS TURINE</p>]]></Texto>
  </body>
</article></xml>