﻿<xml><article id="2340925" name="DOU_Portaria_167_2017_André Fons" idOficio="4716875" pubName="DO2" artType="Portaria" pubDate="02/04/2018" artClass="00038:00036:00001:00000:00000:00000:00000:00000:00000:00000:00025:00001" artCategory="Poder Judiciário/Tribunal Regional Eleitoral de São Paulo/Presidência" artSize="8" artNotes="" numberPage="81" pdfPage="http://pesquisa.in.gov.br/imprensa/jsp/visualiza/index.jsp?data=02/04/2018&amp;jornal=529&amp;pagina=81" editionNumber="62" highlight="" idMateria="10612241">
  <body>
    <Identifica><![CDATA[ PORTARIA nº 167, de 9 de agosto de 2017]]></Identifica>
    <Data><![CDATA[]]></Data>
    <Ementa />
    <Titulo />
    <SubTitulo />
    <Texto><![CDATA[<p class="identifica">PORTARIA nº 167, de 9 de agosto de 2017</p><p>O PRESIDENTE DO TRIBUNAL REGIONAL ELEITORAL DE SÃO PAULO, no uso de suas atribuições e</p><p>considerando o disposto no art. 37 da Lei 8.112, de 11 de dezembro de 1990 e no art. 6º, inciso I, da Resolução TSE n. 23.430 de 12 de agosto de 2014;</p><p>considerando a decisão no procedimento administrativo PAD n. 3399/2017, deste Tribunal, resolve:</p><p>Art. 1º Redistribuir o cargo efetivo de Analista Judiciário - Área Judiciária do Quadro de Pessoal do Tribunal Regional Eleitoral de São Paulo, ocupado pelo servidor André Fonseca de Paulo, atualmente removido para o Tribunal Regional Eleitoral de Minas Gerais, em reciprocidade, com o cargo de mesma denominação ocupado pelo servidor Anderson Aparecido dos Santos, oriundo daquele Tribunal.</p><p class="assina">MARIO DEVIENNE FERRAZ</p>]]></Texto>
  </body>
</article></xml>