﻿<xml><article id="2340811" name="289" idOficio="4719348" pubName="DO2" artType="Portaria" pubDate="02/04/2018" artClass="00038:00003:00005:00001:00000:00000:00000:00000:00000:00000:00025:00004" artCategory="Poder Judiciário/Tribunal Superior Eleitoral/Secretaria do Tribunal/Diretoria-Geral" artSize="8" artNotes="" numberPage="77" pdfPage="http://pesquisa.in.gov.br/imprensa/jsp/visualiza/index.jsp?data=02/04/2018&amp;jornal=529&amp;pagina=77" editionNumber="62" highlight="" idMateria="10616914">
  <body>
    <Identifica><![CDATA[ Portaria nº 289, DE 20 DE MARÇO DE 2018.]]></Identifica>
    <Data><![CDATA[]]></Data>
    <Ementa />
    <Titulo />
    <SubTitulo />
    <Texto><![CDATA[<p class="identifica">Portaria nº 289, DE 20 DE MARÇO DE 2018.</p><p>O DIRETOR-GERAL DA SECRETARIA DO TRIBUNAL SUPERIOR ELEITORAL, com base no inciso XV do art. 116 do Regulamento Interno, no inciso I do art. 2º e no art. 4º da Portaria nº 204, de 26.9.2002, resolve:</p><p>Art. 1º Dispensar:</p><p>I - GLEIZER CARVALHO VIEIRA, Técnico Judiciário, Área Administrativa, da função comissionada de Assistente IV, Nível FC-4, da Assessoria Consultiva, do Tribunal Superior Eleitoral;</p><p>II - ROMULO PENNAFORT PALMA, Analista Judiciário, Área Judiciária, da função comissionada de Assistente V, Nível FC-5, da Assessoria Consultiva, do Tribunal Superior Eleitoral.</p><p>Art. 2º Designar:</p><p>I - NATALIA ALVES RESENDE GONÇALVES, Analista Judiciário, Área Judiciária, para exercer a função comissionada de Assistente V, Nível FC-5, da Assessoria Consultiva, do Tribunal Superior Eleitoral;</p><p>II - ROMULO PENNAFORT PALMA, Analista Judiciário, Área Judiciária, para exercer a função comissionada de Assistente IV, Nível FC-4, da Assessoria Consultiva, do Tribunal Superior Eleitoral.</p><p class="assina">RODRIGO CURADO FLEURY</p>]]></Texto>
  </body>
</article></xml>