﻿<xml><article id="2340931" name="Gabarito DOU - Anderson e André" idOficio="4719695" pubName="DO2" artType="Portaria" pubDate="02/04/2018" artClass="00038:00024:00000:00000:00000:00000:00000:00000:00000:00000:00025:00001" artCategory="Poder Judiciário/Tribunal Regional Eleitoral de Minas Gerais" artSize="8" artNotes="" numberPage="80" pdfPage="http://pesquisa.in.gov.br/imprensa/jsp/visualiza/index.jsp?data=02/04/2018&amp;jornal=529&amp;pagina=80" editionNumber="62" highlight="" idMateria="10618066">
  <body>
    <Identifica><![CDATA[ PORTARIA Nº 28, DE 7 DE MARÇO DE 2018]]></Identifica>
    <Data><![CDATA[]]></Data>
    <Ementa />
    <Titulo />
    <SubTitulo />
    <Texto><![CDATA[<p class="identifica">PORTARIA Nº 28, DE 7 DE MARÇO DE 2018</p><p>O DESEMBARGADOR PRESIDENTE DO TRIBUNAL REGIONAL ELEITORAL DE MINAS GERAIS, no uso de suas atribuições e tendo em vista o disposto no art. 37 da Lei n.º 8.112, de 11 de dezembro de 1990, na Resolução TSE n.º 23.430, de 12 de agosto de 2014, na Portaria TRE/MG n.º 46, de 18 de março de 2015, e no Processo Administrativo Digital n.º 1711118/2017, resolve:</p><p>Redistribuir o cargo de Analista Judiciário - Área Judiciária, criado pela Lei n.º 10.842/2004, ocupado pelo servidor ANDERSON APARECIDO DOS SANTOS, pertencente ao Quadro de Pessoal deste Tribunal Regional Eleitoral de Minas Gerais, em reciprocidade com o cargo de mesma denominação ocupado pelo servidor ANDRÉ FONSECA DE PAULO, pertencente ao Quadro de Pessoal do Tribunal Regional Eleitoral de São Paulo.</p><p class="assina">Des. EDGARD PENNA AMORIM</p>]]></Texto>
  </body>
</article></xml>