﻿<xml><article id="2340865" name="portaria 17678 SGP" idOficio="4722615" pubName="DO2" artType="Portaria" pubDate="02/04/2018" artClass="00038:00025:00000:00000:00000:00000:00000:00000:00000:00000:00025:00001" artCategory="Poder Judiciário/Tribunal Regional Eleitoral do Pará" artSize="8" artNotes="" numberPage="80" pdfPage="http://pesquisa.in.gov.br/imprensa/jsp/visualiza/index.jsp?data=02/04/2018&amp;jornal=529&amp;pagina=80" editionNumber="62" highlight="" idMateria="10623258">
  <body>
    <Identifica><![CDATA[ Portaria Nº 17678,  de 12 de março de 2018]]></Identifica>
    <Data><![CDATA[]]></Data>
    <Ementa />
    <Titulo />
    <SubTitulo />
    <Texto><![CDATA[<p class="identifica">Portaria Nº 17678, de 12 de março de 2018</p><p>O PRESIDENTE DO TRIBUNAL REGIONAL ELEITORAL DO PARÁ, em exercício, no uso de suas atribuições legais, e tendo em vista o disposto no processo administrativo eletrônico SEI nº 0011664-95.2017.6.14.8000, resolve:</p><p>Art. 1º. Redistribuir o cargo efetivo de Técnico Judiciário, Área Administrativa, do Quadro de Pessoal Permanente deste Tribunal, ocupado pelo servidor HARLEY SILVA LOPES para o Tribunal Regional Eleitoral do Ceará, condicionado à redistribuição recíproca do cargo vago de idêntica denominação, daquele Tribunal, com fundamento no art. 37, I, da Lei nº 8.112/90, c/c o art. 2º, I, da Resolução CNJ nº 146/2012 e art. 2º, I e 6º, II, da Resolução TSE nº 23.430/2014, e efeitos a partir de 01/04/2018.</p><p>Art. 2º. Esta portaria entra em vigor na data de sua publicação.</p><p class="assina">ROBERTO GONÇALVES MOURA</p>]]></Texto>
  </body>
</article></xml>