﻿<xml><article id="2340970" name="ATO TRT GP 121-2018 - Aposentado" idOficio="4722403" pubName="DO2" artType="Ato" pubDate="02/04/2018" artClass="00038:00060:00000:00000:00000:00000:00000:00000:00000:00000:00001:00004" artCategory="Poder Judiciário/Tribunal Regional do Trabalho da 21ª Região/Presidência" artSize="8" artNotes="" numberPage="89" pdfPage="http://pesquisa.in.gov.br/imprensa/jsp/visualiza/index.jsp?data=02/04/2018&amp;jornal=529&amp;pagina=89" editionNumber="62" highlight="" idMateria="10622861">
  <body>
    <Identifica><![CDATA[ ATO Nº 121, DE 15 DE MARÇO DE 2018.]]></Identifica>
    <Data><![CDATA[]]></Data>
    <Ementa />
    <Titulo />
    <SubTitulo />
    <Texto><![CDATA[<p class="identifica">ATO Nº 121, DE 15 DE MARÇO DE 2018.</p><p>A DESEMBARGADORA PRESIDENTE DO TRIBUNAL REGIONAL DO TRABALHO DA 21ª REGIÃO, no uso de suas atribuições e de acordo com o constante do PROAD nº 780/2018, resolve:</p><p>APOSENTAR, voluntariamente, com proventos integrais (30/30), a servidora JACILMA CRESCÊNCIO GRANGEIRO DE MIRANDA, matrícula nº 308.21.0728, no cargo efetivo da carreira judiciária de Técnico Judiciário (cargo nº 230), Área Administrativa, Sem Especialidade, Nível Intermediário, Classe "C", Padrão 13, do Quadro Permanente de Pessoal da Secretaria deste Tribunal, de acordo com o artigo 3º da EC nº 47/2005, compostos do Vencimento do cargo efetivo, da Gratificação de Atividade Judiciária, de acordo com o art. 13 da Lei nº 11.416/2006, incidente sobre o Vencimento Básico, mais as seguintes vantagens: 7,5% (sete vírgula cinco por cento) de Adicional de Qualificação, de acordo com o art. 15, inciso III, da Lei nº 11.416/2006 e art. 12 do Anexo I da Portaria Conjunta nº 1, de 07/03/2007; 05% (cinco por cento) de Adicional por Tempo de Serviço, conforme art. 67 da Lei nº 8.112/1990; Vantagem Pessoal Nominalmente Identificada, correspondente a 5/5 (cinco quintos) da Função Comissionada de Assistente de Juiz, FC - 04, nos termos do § 2º do art. 15 da Lei nº 9.527/1997, c/c art. 2º da Lei nº 9.624/1998, com efeitos a contar da publicação do presente expediente.</p><p></p><p class="assina">Des. AUXILIADORA RODRIGUES</p>]]></Texto>
  </body>
</article></xml>