﻿<xml><article id="2340913" name="129_130_DG_DAS_Designar_Dispensa" idOficio="4722466" pubName="DO2" artType="Portaria" pubDate="02/04/2018" artClass="00006:00019:01211:00000:00000:00000:00000:00000:00000:00000:00025:00002" artCategory="Presidência da República/Gabinete de Segurança Institucional/Agência Brasileira de Inteligência" artSize="8" artNotes="" numberPage="4" pdfPage="http://pesquisa.in.gov.br/imprensa/jsp/visualiza/index.jsp?data=02/04/2018&amp;jornal=529&amp;pagina=4" editionNumber="62" highlight="" idMateria="10623007">
  <body>
    <Identifica><![CDATA[ PORTARIAS DE 21 DE MARÇO DE 2018]]></Identifica>
    <Data><![CDATA[]]></Data>
    <Ementa />
    <Titulo />
    <SubTitulo />
    <Texto><![CDATA[<p class="identifica">PORTARIAS DE 21 DE MARÇO DE 2018</p><p><strong>O DIRETOR-GERAL DA AGÊNCIA BRASILEIRA DE INTELIGÊNCIA DO GABINETE DE SEGURANÇA INSTITUCIONAL DA PRESIDÊNCIA DA REPÚBLICA</strong>, no uso de suas atribuições e tendo em vista o disposto no art. 38 da Lei nº 8.112, de 11 de dezembro de 1990, resolve:</p><p>Nº 129 - Art. 1º Designar matrícula nº 910266 para o encargo de substituto do Diretor, DAS 101.5</p><p>Nº 130 - Art. 1º Dispensar matrícula nº 910078 do encargo de substituta do Diretor, DAS 101.5.</p><p>Art. 2° Estas Portarias entram em vigor na data de sua publicação.</p><p class="assina">JANER TESCH HOSKEN ALVARENGA</p>]]></Texto>
  </body>
</article></xml>