﻿<xml><article id="2340820" name="ATO_5753381" idOficio="4724372" pubName="DO2" artType="Ato" pubDate="02/04/2018" artClass="00038:00007:00001:00000:00000:00000:00000:00000:00000:00000:00001:00003" artCategory="Poder Judiciário/Tribunal Regional Federal da 1ª Região/Presidência" artSize="8" artNotes="" numberPage="79" pdfPage="http://pesquisa.in.gov.br/imprensa/jsp/visualiza/index.jsp?data=02/04/2018&amp;jornal=529&amp;pagina=79" editionNumber="62" highlight="" idMateria="10626606">
  <body>
    <Identifica><![CDATA[ ATO Nº 5753381, DE 21 DE MARÇO DE 2018]]></Identifica>
    <Data><![CDATA[]]></Data>
    <Ementa />
    <Titulo />
    <SubTitulo />
    <Texto><![CDATA[<p class="identifica">ATO Nº 5753381, DE 21 DE MARÇO DE 2018</p><p>O PRESIDENTE DO TRIBUNAL REGIONAL FEDERAL DA 1ª REGIÃO, no uso de suas atribuições legais e regimentais e tendo em vista o constante nos autos do PAe 0002256-74.2018.4.8000, resolve:</p><p>REDISTRIBUIR nos termos do art. 37, da Lei 8.112/1990, com a redação dada pela Lei 9.527/1997, c/c a Resolução n. 146/2012-CNJ, um cargo da categoria funcional de Técnico Judiciário, Área Administrativa, do Quadro de Pessoal da Sede da Seção Judiciária do Estado de Minas Gerais, ocupado pela servidora ANA PAULA SOARES, para o Quadro de Pessoal do Tribunal Regional Federal da 2ª Região, Seção Judiciária do Estado do Espírito Santo, em reciprocidade a um cargo de Técnico Judiciário, Área Administrativa, ocupado pelo servidor VINÍCIUS RAMIRO CAMPOS.</p><p class="assina">Des HILTON QUEIROZ</p>]]></Texto>
  </body>
</article></xml>