﻿<xml><article id="2346473" name="Publicação Portaria CPL 2018" idOficio="4725141" pubName="DO2" artType="Portaria" pubDate="02/04/2018" artClass="00039:00013:00000:00000:00000:00000:00000:00000:00000:00000:00025:00001" artCategory="Entidades de Fiscalização do Exercício das Profissões Liberais/Conselho de Arquitetura e Urbanismo de Mato Grosso" artSize="8" artNotes="" numberPage="90" pdfPage="http://pesquisa.in.gov.br/imprensa/jsp/visualiza/index.jsp?data=02/04/2018&amp;jornal=529&amp;pagina=90" editionNumber="62" highlight="" idMateria="10628495">
  <body>
    <Identifica><![CDATA[ PORTARIA Nº 4, DE 22 DE MARÇO DE 2018]]></Identifica>
    <Data><![CDATA[]]></Data>
    <Ementa />
    <Titulo />
    <SubTitulo />
    <Texto><![CDATA[<p class="identifica">PORTARIA Nº 4, DE 22 DE MARÇO DE 2018</p><p>O PRESIDENTE DO CONSELHO DE ARQUITETURA E URBANISMO DE MATO GROSSO - CAU/MT, no uso de suas atribuições legais e institucionais, que lhe confere o art. 35, inciso III da Lei 12.378/2010 e art. 152 do Regimento Interno. Resolve: Art. 1º- Revogar a Portaria nº 31, de 19 de Outubro de 2017; Art. 2º- Eleger como membros da Comissão Permanente de Licitação do CAU/MT, os colaboradores José Paulino Rocha Júnior, CPF n° 021.504.321-96, Daiane Passos Limas, CPF nº 354.995.508-16 e Mônica Soares de Campos, CPF n° 011.986.801-64. Art. 3°- Designar para exercer a função de Presidente da Comissão, o colaborador José Paulino Rocha Júnior e na sua ausência a substituta Mônica Soares de Campos, CPF n° 011.986.801-64. Art. 4º-Definir a data de vigência da Portaria para 1 (um) ano; Art. 5º - Esta Portaria entra em vigor na data de sua assinatura.</p><p class="assina">ANDRÉ NÖR</p>]]></Texto>
  </body>
</article></xml>