﻿<xml><article id="2341487" name="Aposentadoria José Horácio" idOficio="4726009" pubName="DO2" artType="Ato" pubDate="02/04/2018" artClass="00038:00058:00001:00000:00000:00000:00000:00000:00000:00000:00001:00001" artCategory="Poder Judiciário/Tribunal Regional do Trabalho da 19ª Região/Presidência" artSize="8" artNotes="" numberPage="87" pdfPage="http://pesquisa.in.gov.br/imprensa/jsp/visualiza/index.jsp?data=02/04/2018&amp;jornal=529&amp;pagina=87" editionNumber="62" highlight="" idMateria="10629797">
  <body>
    <Identifica><![CDATA[ ATO Nº  24, DE 23 DE MARÇO DE 2018]]></Identifica>
    <Data><![CDATA[]]></Data>
    <Ementa />
    <Titulo />
    <SubTitulo />
    <Texto><![CDATA[<p class="identifica">ATO Nº 24, DE 23 DE MARÇO DE 2018</p><p>O DESEMBARGADOR PRESIDENTE DO TRIBUNAL REGIONAL DO TRABALHO DA DÉCIMA NONA REGIÃO, no uso de suas atribuições legais e regimentais, tendo em vista o que consta do PROAD TRT 19ª nº. 930/2018, resolve:</p><p>CONCEDER aposentadoria voluntária, com fundamento legal no art. 3º da Emenda Constitucional nº. 47/2005, c/c o art. 7º da Emenda Constitucional nº. 41/2003 e art. 186, inciso III, alínea "a", da Lei nº. 8.112/90, a JOSÉ HORÁCIO PAES DE LIRA NETO, no cargo efetivo de Técnico Judiciário, Área Administrativa, Nível Intermediário, Classe "C", Padrão 13, decorrente do enquadramento pela Lei nº. 12.774/2012, integrante do Quadro Permanente de Pessoal deste Tribunal, com proventos integrais e com paridade, com a incidência da Gratificação de Atividade Judiciária - GAJ, estabelecida pelo art. 11 da Lei 11.416/2006, calculada com o percentual de 122% (cento e vinte e dois por cento) sobre o valor do vencimento básico do cargo, estabelecido no Anexo II da Lei 11.416/2006, observado o contido no art. 13, § 1º, inciso V, da Lei 11.416/2006, alterada pela Lei nº. 13.317/2016; acrescidos de 5/5 (cinco quintos) de CJ-3, de acordo com o art. 62 da Lei nº 8.112/90, c/c a Lei nº. 8.911/94 e com a RA TRT 19ª Nº.05/97, transformados em VPNI ( art. 15, § 1º da Lei 9.527/97); de 14% (quatorze por cento) de GATS (anuênios), com base no art. 67 da lei nº. 8.112/90, RA Nº. 04/97-TRT 19ª e RA Nº. 20/98-TRT 19ª, Ofício Circular nº.36/SRH-MP e Decisões do TCU; Vantagem do art. 2º da Lei nº.8.911/94, c/c o art. 193 da Lei nº.8112/90 e com os Acórdãos 2076/2005, 964/2006 e 663/2008, do TCU- Plenário, correspondente ao valor da função comissionada de Assistente Administrativo, código FC-3; Adicional de Qualificação, no percentual de 7,5% (sete vírgula cinco por cento), em conformidade com os artigos 14 e 15, item III, da Lei nº 11.416/2006.</p><p></p><p class="assina">PEDRO INÁCIO DA SILVA</p><p></p>]]></Texto>
  </body>
</article></xml>