﻿<xml><article id="2738215" name="EVERALDO DE ANDRADE LOPES-port p" idOficio="4725932" pubName="DO2" artType="Portaria" pubDate="23/04/2018" artClass="00020:00246:00050:00000:00000:00000:00000:00000:00000:00000:00025:00002" artCategory="Ministério das Relações Exteriores/Secretaria-Geral das Relações Exteriores/Subsecretaria-Geral do Serviço Exterior" artSize="8" artNotes="" numberPage="41" pdfPage="http://pesquisa.in.gov.br/imprensa/jsp/visualiza/index.jsp?data=23/04/2018&amp;jornal=529&amp;pagina=41" editionNumber="77" highlight="" idMateria="10629709">
  <body>
    <Identifica><![CDATA[ PORTARIA Nº 104, DE 22 DE MARÇO DE 2018]]></Identifica>
    <Data><![CDATA[]]></Data>
    <Ementa />
    <Titulo />
    <SubTitulo />
    <Texto><![CDATA[<p class="identifica">PORTARIA Nº 104, DE 22 DE MARÇO DE 2018</p><p>O SUBSECRETÁRIO-GERAL DO SERVIÇO EXTERIOR, no uso das atribuições conferidas pela Portaria de 21 de junho de 1996, publicada no Diário Oficial da União de 26 de junho, resolve:</p><p>Art. 1º - Conceder aposentadoria voluntária a EVERALDO DE ANDRADE LOPES, matrícula SIAPE nº 457306, matrícula SIAPECAD nº 672300, ocupante do cargo de Agente de Vigilância, Classe S, Padrão III, do Quadro de Pessoal do Ministério das Relações Exteriores, com fundamento no artigo 3° da Emenda Constitucional n° 47, de 5 de julho de 2005.</p><p>Art. 2º - Esta Portaria entra em vigor a partir de sua publicação no Diário Oficial da União.</p><p class="assina">JOÃO PEDRO CORRÊA COSTA</p>]]></Texto>
  </body>
</article></xml>