﻿<xml><article id="2361735" name="Ato-02 - DOU Aposentadoria Marly" idOficio="4723551" pubName="DO2" artType="Ato" pubDate="03/04/2018" artClass="00038:00017:00001:00000:00000:00000:00000:00000:00000:00000:00001:00001" artCategory="Poder Judiciário/Tribunal Regional Eleitoral do Ceará/Presidência" artSize="8" artNotes="" numberPage="60" pdfPage="http://pesquisa.in.gov.br/imprensa/jsp/visualiza/index.jsp?data=03/04/2018&amp;jornal=529&amp;pagina=60" editionNumber="63" highlight="" idMateria="10625319">
  <body>
    <Identifica><![CDATA[ ATO N° 2,  de 20 de março de 2018]]></Identifica>
    <Data><![CDATA[]]></Data>
    <Ementa />
    <Titulo />
    <SubTitulo />
    <Texto><![CDATA[<p class="identifica">ATO N° 2, de 20 de março de 2018</p><p>A Desembargadora Maria Nailde Pinheiro Nogueira, Presidente do Tribunal Regional Eleitoral do Ceará, no uso de suas atribuições legais, considerando a decisão proferida nos autos do Processo Administrativo Digital (PAD) n.° 21.097/2017 (documento PAD n.° 1.839/2018), publicada no Diário da Justiça Eletrônico do TRE/CE, Edição n.° 8, de 11 de janeiro de 2018, página 5 (documento PAD n.° 3.927/2018), resolve:</p><p>Aposentar MARLYSE BARBOSA DA FONSECA E ALBUQUERQUE, CPF n.° 309.760.063-91, Matrícula TRE/CE n.° 11783, ocupante do cargo de Analista Judiciário, Apoio Especializado, Especialidade Taquigrafia, do Quadro Permanente de servidores da Secretaria deste Tribunal, Classe C, Padrão 13, regido pela Lei n.° 11.416/2006 (alterada pela Lei n.° 13.317/2016), com fundamento no artigo 3° da Emenda Constitucional n.º 47/2005, combinado com o artigo 7° da Emenda Constitucional n.° 41/2003.</p><p>A interessada perceberá proventos integrais, com paridade plena (todo e qualquer reajuste salarial concedido aos ativos será estendido aos aposentados), revistos na mesma proporção e data, sempre que se modificar a remuneração dos servidores em atividade, inclusive quando decorrente de transformação ou reclassificação de cargo ou função, observado igual critério de revisão à pensão decorrente desta aposentadoria.</p><p>A servidora também fará jus às seguintes vantagens: a) Adicional por Tempo de Serviço (Anuênios), no percentual de 10% (dez por cento), nos termos do artigo 67 da Lei n.º 8.112/1990; b) Adicional por Tempo de Serviço (Anuênios), no percentual de 1% (um por cento), concedido pelo Pleno do TRE ao julgar o Processo n.° 11.122 - Classe 20 em 9/5/2003; c) Gratificação de Atividade Judiciária (GAJ), regulamentada pelo artigo 13 da Lei n.° 11.416/2006, alterado pela Lei n.° 13.317/2016; d) Adicional de Qualificação (AQ), no percentual de 7,5% (sete vírgula cinco por cento), conforme dispõe o artigo 15, inciso III, da Lei n.° 11.416/2006; e) 3/5 (três quintos) de FC-1, 1/5 (um quinto) de FC-2 e 1/5 (um quinto) de FC-4, transformados em Vantagem Pessoal Nominalmente Identificada (VPNI), nos termos do artigo 15, §1°, da Lei n.° 9.527/1997.</p><p class="assina">Des. Maria Nailde Pinheiro Nogueira</p>]]></Texto>
  </body>
</article></xml>