﻿<xml><article id="2340769" name="065 - Exonera Daniel Soeiro Frei" idOficio="4723450" pubName="DO2" artType="Portaria" pubDate="02/04/2018" artClass="00038:00001:00002:00000:00000:00000:00000:00000:00000:00000:00025:00002" artCategory="Poder Judiciário/Supremo Tribunal Federal/Presidência" artSize="8" artNotes="" numberPage="76" pdfPage="http://pesquisa.in.gov.br/imprensa/jsp/visualiza/index.jsp?data=02/04/2018&amp;jornal=529&amp;pagina=76" editionNumber="62" highlight="" idMateria="10625072">
  <body>
    <Identifica><![CDATA[ PORTARIA Nº 65, DE 22 DE MARÇO DE 2018]]></Identifica>
    <Data><![CDATA[]]></Data>
    <Ementa />
    <Titulo />
    <SubTitulo />
    <Texto><![CDATA[<p class="identifica">PORTARIA Nº 65, DE 22 DE MARÇO DE 2018</p><p>A PRESIDENTE DO SUPREMO TRIBUNAL FEDERAL, no uso de suas atribuições e com base no inc. I do art. 35 da Lei nº 8.112/1990, resolve:</p><p>por solicitação do Ministro Ricardo Lewandowski:</p><p>Exonerar DANIEL SOEIRO FREITAS do cargo em comissão de Assessor de Ministro, nível CJ-3, de seu Gabinete.</p><p class="assina">Ministra CÁRMEN LÚCIA</p>]]></Texto>
  </body>
</article></xml>