﻿<xml><article id="2340937" name="Ports 335" idOficio="4725585" pubName="DO2" artType="Portaria" pubDate="02/04/2018" artClass="00011:00032:00001:00000:00000:00000:00000:00000:00000:00000:00025:00003" artCategory="Ministério da Educação/Fundação Universidade Federal do Mato Grosso do Sul/Reitoria" artSize="8" artNotes="" numberPage="22" pdfPage="http://pesquisa.in.gov.br/imprensa/jsp/visualiza/index.jsp?data=02/04/2018&amp;jornal=529&amp;pagina=22" editionNumber="62" highlight="" idMateria="10629273">
  <body>
    <Identifica><![CDATA[ PORTARIA Nº 335, de 23 de março de 2018]]></Identifica>
    <Data><![CDATA[]]></Data>
    <Ementa />
    <Titulo />
    <SubTitulo />
    <Texto><![CDATA[<p class="identifica">PORTARIA Nº 335, de 23 de março de 2018</p><p>O REITOR DA FUNDAÇÃO UNIVERSIDADE FEDERAL DE MATO GROSSO DO SUL, no uso de suas atribuições legais, e tendo em vista o que consta do Processo nº 23104.025714/2017-14, resolve:</p><p>Conceder aposentadoria voluntária a IZALTINO RODRIGUES DA SILVEIRA, matrícula Siape nº 0431605, código de vaga 339943, integrante da Carreira Técnico-Administrativa, do quadro de pessoal desta Universidade, ocupante do cargo de Assistente em Administração, Classe D, Nível de Capacitação 4, Padrão 16, nos termos dos incisos I a III do art. 3º da Emenda Constitucional nº 47, de 5 de julho de 2005, com proventos integrais e vinte e sete por cento de anuênio.</p><p class="assina">MARCELO AUGUSTO SANTOS TURINE</p>]]></Texto>
  </body>
</article></xml>