﻿<xml><article id="2341484" name="Redistribuição Expedito Leopoldo" idOficio="4725847" pubName="DO2" artType="Ato" pubDate="02/04/2018" artClass="00038:00058:00001:00000:00000:00000:00000:00000:00000:00000:00001:00001" artCategory="Poder Judiciário/Tribunal Regional do Trabalho da 19ª Região/Presidência" artSize="8" artNotes="" numberPage="87" pdfPage="http://pesquisa.in.gov.br/imprensa/jsp/visualiza/index.jsp?data=02/04/2018&amp;jornal=529&amp;pagina=87" editionNumber="62" highlight="" idMateria="10629643">
  <body>
    <Identifica><![CDATA[ ATO Nº 23, DE 23 DE MARÇO DE 2018]]></Identifica>
    <Data><![CDATA[]]></Data>
    <Ementa />
    <Titulo />
    <SubTitulo />
    <Texto><![CDATA[<p class="identifica">ATO Nº 23, DE 23 DE MARÇO DE 2018</p><p>O DESEMBARGADOR PRESIDENTE DO TRIBUNAL REGIONAL DO TRABALHO DA DÉCIMA NONA REGIÃO, usando de suas atribuições legais e regimentais estabelecidas no inciso VII do artigo 24 do Regimento Interno,</p><p>Considerando a Decisão, por unanimidade, do Egrégio Tribunal Pleno desta Corte, em Sessão Administrativa de 09 de novembro de 2018, referente ao contido no expediente PROAD nº. 57275/2017, resolve:</p><p>Art. 1º. Redistribuir, a partir da publicação, para o Quadro Permanente de Pessoal do Tribunal Regional Trabalho da 7ª Região, ante a concordância manifestada pelas respectivas Presidências, o cargo efetivo de Analista Judiciário, Área Judiciária, Classe C, Padrão 13, ocupado pelo servidor EXPEDITO LEOPOLDO DE OLIVEIRA JÚNIOR, em reciprocidade, mediante quadrangulação, com os cargos efetivos de Analista Judiciário, Área Judiciária, ocupados pelos servidores RISONEIDE DE MORAES PEREIRA, do TRT da 7ª Região para o TRT da 21ª Região, PAULO ROGÉRIO FLORES RIBEIRO, do TRT 21ª Região para o TRT da 2ª Região, e CLARISSA TENÓRIO DE AMORIM, do TRT da 2ª Região para o TRT da 19ª Região, na forma prevista no art. 37 da lei nº. 8.112/90, com redação dada pela Lei nº. 9.527/97, em consonância com a Resolução nº. 146/2012, do Conselho Nacional de Justiça-CNJ.</p><p>Art. 2º. Conceder, a contar da publicação, 20 ( vinte) dias de trânsito à servidora CLARISSA TENÓRIO DE AMORIM, Analista Judiciário, Área Judiciária, nos termos do art. 18 da Lei nº. 8.112/90, com redação dada pela Lei nº. 9.527/97.</p><p></p><p class="assina">PEDRO INÁCIO DA SILVA</p><p></p>]]></Texto>
  </body>
</article></xml>