﻿<xml><article id="2340817" name="PORT_5756201" idOficio="4724372" pubName="DO2" artType="Portaria" pubDate="02/04/2018" artClass="00038:00007:00001:00000:00000:00000:00000:00000:00000:00000:00001:00004" artCategory="Poder Judiciário/Tribunal Regional Federal da 1ª Região/Presidência" artSize="8" artNotes="" numberPage="79" pdfPage="http://pesquisa.in.gov.br/imprensa/jsp/visualiza/index.jsp?data=02/04/2018&amp;jornal=529&amp;pagina=79" editionNumber="62" highlight="" idMateria="10626607">
  <body>
    <Identifica><![CDATA[ PORTARIA Nº 5756201, DE 21 DE MARÇO DE 2018]]></Identifica>
    <Data><![CDATA[]]></Data>
    <Ementa />
    <Titulo />
    <SubTitulo />
    <Texto><![CDATA[<p class="identifica">PORTARIA Nº 5756201, DE 21 DE MARÇO DE 2018</p><p>O PRESIDENTE DO TRIBUNAL REGIONAL FEDERAL DA 1ª REGIÃO, no uso de suas atribuições legais e regimentais e tendo em vista o constante nos autos do PAe 0002256-74-2018.4.01.8000, resolve:</p><p>REVOGAR a cessão para a Seção Judiciária do Estado de Sergipe da servidora ANA PAULA SOARES, Técnica Judiciária, Área Administrativa, do Quadro de Pessoal da Seção Judiciária do Estado de Minas Gerais, autorizada pela Portaria/PRESI/SECRE 163, de 04/05/2010, publicada no Diário Oficial da União de 11/05/2010, Seção 2.</p><p class="assina">Des. HILTON QUEIROZ</p>]]></Texto>
  </body>
</article></xml>