﻿<xml><article id="2340859" name="056 - Dispensa Elizângela e desi" idOficio="4721172" pubName="DO2" artType="Portaria" pubDate="02/04/2018" artClass="00038:00001:00008:00005:00000:00000:00000:00000:00000:00000:00025:00001" artCategory="Poder Judiciário/Supremo Tribunal Federal/Secretaria do Tribunal/Secretaria de Gestão de Pessoas" artSize="8" artNotes="" numberPage="76" pdfPage="http://pesquisa.in.gov.br/imprensa/jsp/visualiza/index.jsp?data=02/04/2018&amp;jornal=529&amp;pagina=76" editionNumber="62" highlight="" idMateria="10620297">
  <body>
    <Identifica><![CDATA[ PORTARIA Nº 56, DE 21 DE MARÇO DE 2018]]></Identifica>
    <Data><![CDATA[]]></Data>
    <Ementa />
    <Titulo />
    <SubTitulo />
    <Texto><![CDATA[<p class="identifica">PORTARIA Nº 56, DE 21 DE MARÇO DE 2018</p><p>O SECRETÁRIO DE GESTÃO DE PESSOAS DO SUPREMO TRIBUNAL FEDERAL, no uso das atribuições conferidas pela Portaria DG nº 233/2013, com base no inc. II do art. 9º e no inc. I do art. 35 da Lei nº 8.112/1990, resolve:</p><p>Art. 1º Dispensar:</p><p>I - ESTER HIDALGO MAUCH, Técnico Judiciário, Área Administrativa, da função comissionada de Assistente I, nível FC-01, da Coordenadoria de Memória e Gestão Documental;</p><p>II - ELIZÂNGELA MORAIS DA SILVA FIDÉLIS, Técnico Judiciário, Área Administrativa, da função comissionada de Assistente II, nível FC-02, da Seção de Arquivo.</p><p>Art. 2º Designar:</p><p>I - ELIZÂNGELA MORAIS DA SILVA FIDÉLIS, Técnico Judiciário, Área Administrativa, para exercer a função comissionada de Assistente I, nível FC-01, na Coordenadoria de Memória e Gestão Documental;</p><p>II - ESTER HIDALGO MAUCH, Técnico Judiciário, Área Administrativa, para exercer a função comissionada de Assistente II, nível FC-02, na Seção de Arquivo.</p><p class="assina">Cícero Rodrigues de Oliveira Gomes</p>]]></Texto>
  </body>
</article></xml>