﻿<xml><article id="2341424" name="DOU02_PORTARIAS_CGP_PR_071_072_2" idOficio="4725759" pubName="DO2" artType="Portaria" pubDate="02/04/2018" artClass="00038:00059:00004:00000:00000:00000:00000:00000:00000:00000:00025:00001" artCategory="Poder Judiciário/Tribunal Regional do Trabalho da 20ª Região/Diretoria-Geral" artSize="8" artNotes="" numberPage="88" pdfPage="http://pesquisa.in.gov.br/imprensa/jsp/visualiza/index.jsp?data=02/04/2018&amp;jornal=529&amp;pagina=88" editionNumber="62" highlight="" idMateria="10629507">
  <body>
    <Identifica><![CDATA[ PORTARIAS  de  23 DE FEVEREIRO DE 2018]]></Identifica>
    <Data><![CDATA[]]></Data>
    <Ementa />
    <Titulo />
    <SubTitulo />
    <Texto><![CDATA[<p class="identifica">PORTARIAS de 23 DE FEVEREIRO DE 2018</p><p>O DESEMBARGADOR PRESIDENTE DO TRIBUNAL REGIONAL DO TRABALHO DA 20ª REGIÃO, no uso de suas atribuições legais e regimentais, considerando o contido no PROAD nº 31190/2018, resolve:</p><p>Nº 71 - Designar o servidor JOSÉ MAURÍCIO DE QUEIROZ CORREA FILHO, Técnico Judiciário - Área Administrativa do Quadro Permanente de Pessoal da Secretaria do TRT da 6ª Região, removido por permuta para este Regional, para exercer a Função Comissionada de ASSISTENTE (FC-2), ficando dispensado da Função Comissionada de SECRETÁRIO DE AUDIÊNCIA (FC-4), ambas da Vara do Trabalho de Maruim, com efeitos a contar de 2/4/2018.</p><p></p><p>O DESEMBARGADOR PRESIDENTE DO TRIBUNAL REGIONAL DO TRABALHO DA 20ª REGIÃO, no uso de suas atribuições legais e regimentais, considerando o contido no PROAD nº 31190/2018, resolve:</p><p>Nº 72 - Designar o servidor THIAGO COSTA REGIS, Analista Judiciário - Área Judiciária do Quadro Permanente de Pessoal da Secretaria deste Tribunal, para exercer a Função Comissionada de SECRETÁRIO DE AUDIÊNCIA (FC-4), ficando dispensado da Função Comissionada de ASSISTENTE (FC-2), ambas da Vara do Trabalho de Maruim, com efeitos a contar de 2/4/2018.</p><p class="assina">THENISSON SANTANA DÓRIA</p>]]></Texto>
  </body>
</article></xml>