﻿<xml><article id="2340796" name="2018-237 PORTARIA DE APOSENTADOR" idOficio="4721869" pubName="DO2" artType="Portaria" pubDate="02/04/2018" artClass="00011:00139:00000:00000:00000:00000:00000:00000:00000:00000:00025:00001" artCategory="Ministério da Educação/Universidade Federal do Triângulo Mineiro" artSize="8" artNotes="" numberPage="37" pdfPage="http://pesquisa.in.gov.br/imprensa/jsp/visualiza/index.jsp?data=02/04/2018&amp;jornal=529&amp;pagina=37" editionNumber="62" highlight="" idMateria="10622092">
  <body>
    <Identifica><![CDATA[ PORTARIA Nº 237,  DE 19 DE MARÇO DE 2018]]></Identifica>
    <Data><![CDATA[]]></Data>
    <Ementa />
    <Titulo />
    <SubTitulo />
    <Texto><![CDATA[<p class="identifica">PORTARIA Nº 237, DE 19 DE MARÇO DE 2018</p><p>A REITORA da UNIVERSIDADE FEDERAL DO TRIÂNGULO MINEIRO, nomeada pela Presidente da República por Decreto de 12 de agosto de 2014, publicado no DOU do dia 13 subsequente, no uso de suas atribuições regimentais e considerando o Processo nº 23085.001997/2018-65, resolve:</p><p>Art. 1º - Conceder aposentadoria voluntária ao servidor ULISSES ANTÔNIO COTA, SIAPE 6389756, ocupante do cargo de Médico-Área, Classe/Padrão E-416, carga horária de 20 horas semanais, código de vaga nº 707034, do Quadro de Pessoal desta Universidade, com proventos integrais e com fulcro no artigo 3º da Emenda Constitucional nº 47/2005.</p><p>Art. 2º - Em consequência, declarar vago o referido cargo.</p><p class="assina">ANA LÚCIA DE ASSIS SIMÕES</p><p></p>]]></Texto>
  </body>
</article></xml>