﻿<xml><article id="2866990" name="Portaria 63-2018__060029" idOficio="4724157" pubName="DO2" artType="Portaria" pubDate="30/04/2018" artClass="00038:00036:00001:00000:00000:00000:00000:00000:00000:00000:00025:00002" artCategory="Poder Judiciário/Tribunal Regional Eleitoral de São Paulo/Presidência" artSize="8" artNotes="" numberPage="89" pdfPage="http://pesquisa.in.gov.br/imprensa/jsp/visualiza/index.jsp?data=30/04/2018&amp;jornal=529&amp;pagina=89" editionNumber="82" highlight="" idMateria="10626158">
  <body>
    <Identifica><![CDATA[ PORTARIA Nº 63, DE 16 DE MARÇO DE 2018]]></Identifica>
    <Data><![CDATA[]]></Data>
    <Ementa />
    <Titulo />
    <SubTitulo />
    <Texto><![CDATA[<p class="identifica">PORTARIA Nº 63, DE 16 DE MARÇO DE 2018</p><p>O PRESIDENTE DO TRIBUNAL REGIONAL ELEITORAL DE SÃO PAULO, no uso das atribuições regimentais e considerando o que consta do PAD nº 1.068/2018; resolve:</p><p>Art. 1º Conceder aposentadoria voluntária, com proventos integrais, à servidora Denise Mathias, ocupante do cargo efetivo de Técnico Judiciário, Área Administrativa, Classe C, Padrão 13, nos termos do artigo 3º da Emenda Constitucional 47, de 5 de julho de 2005.</p><p>Art. 2º Esta portaria entrará em vigor na data de sua publicação no Diário Oficial da União.</p><p class="assina">CARLOS EDUARDO CAUDURO PADIN</p>]]></Texto>
  </body>
</article></xml>