﻿<xml><article id="2340766" name="046 - Subst dispensa Elizângela " idOficio="4721172" pubName="DO2" artType="Portaria" pubDate="02/04/2018" artClass="00038:00001:00008:00001:00000:00000:00000:00000:00000:00000:00025:00001" artCategory="Poder Judiciário/Supremo Tribunal Federal/Secretaria do Tribunal/Gabinete" artSize="8" artNotes="" numberPage="76" pdfPage="http://pesquisa.in.gov.br/imprensa/jsp/visualiza/index.jsp?data=02/04/2018&amp;jornal=529&amp;pagina=76" editionNumber="62" highlight="" idMateria="10620296">
  <body>
    <Identifica><![CDATA[ PORTARIA Nº 46, DE 21 DE MARÇO DE 2018]]></Identifica>
    <Data><![CDATA[]]></Data>
    <Ementa />
    <Titulo />
    <SubTitulo />
    <Texto><![CDATA[<p class="identifica">PORTARIA Nº 46, DE 21 DE MARÇO DE 2018</p><p>O DIRETOR-GERAL DA SECRETARIA DO SUPREMO TRIBUNAL FEDERAL, no uso de suas atribuições e com base no caput do artigo 38 da Lei nº 8.112/1990 e no artigo 123 do Regulamento da Secretaria, resolve:</p><p>Art. 1° Dispensar ELIZÂNGELA MORAIS DA SILVA FIDÉLIS, Técnico Judiciário, Área Administrativa, do encargo de substituta do Chefe da Seção de Arquivo, nível FC-06.</p><p>Art. 2° Designar ESTER HIDALGO MAUCH, Técnico Judiciário, Área Administrativa, como substituta do Chefe da Seção de Arquivo, nível FC-06.</p><p class="assina">Eduardo S. Toledo</p>]]></Texto>
  </body>
</article></xml>