﻿<xml><article id="2415148" name="João Batista da Silva Araujo-por" idOficio="4725922" pubName="DO2" artType="Portaria" pubDate="05/04/2018" artClass="00020:00246:00050:00000:00000:00000:00000:00000:00000:00000:00025:00001" artCategory="Ministério das Relações Exteriores/Secretaria-Geral das Relações Exteriores/Subsecretaria-Geral do Serviço Exterior" artSize="8" artNotes="" numberPage="49" pdfPage="http://pesquisa.in.gov.br/imprensa/jsp/visualiza/index.jsp?data=05/04/2018&amp;jornal=529&amp;pagina=49" editionNumber="65" highlight="" idMateria="10629673">
  <body>
    <Identifica><![CDATA[ PORTARIA Nº 99 DE 22 DE MARÇO DE 2018]]></Identifica>
    <Data><![CDATA[]]></Data>
    <Ementa />
    <Titulo />
    <SubTitulo />
    <Texto><![CDATA[<p class="identifica">PORTARIA Nº 99 DE 22 DE MARÇO DE 2018</p><p>O SUBSECRETÁRIO-GERAL DO SERVIÇO EXTERIOR, no uso das atribuições conferidas pela Portaria de 21 de junho de 1996, publicada no Diário Oficial da União de 26 de junho, resolve:</p><p>Art. 1º - Conceder aposentadoria voluntária a JOÃO BATISTA DA SILVA ARAUJO, matrícula SIAPE nº 457128, matrícula SIAPECAD nº 672152, ocupante do cargo de Assistente de Chancelaria, Classe S, Padrão V, do Quadro de Pessoal do Ministério das Relações Exteriores, com fundamento no artigo 3° da Emenda Constitucional n° 47, de 5 de julho de 2005.</p><p>Art. 2º - Esta Portaria entra em vigor a partir de sua publicação no Diário Oficial da União.</p><p class="assina">JOÃO PEDRO CORRÊA COSTA</p>]]></Texto>
  </body>
</article></xml>