﻿<xml><article id="2340898" name="Portaria para a imprensa 17" idOficio="4722239" pubName="DO2" artType="Portaria" pubDate="02/04/2018" artClass="00038:00042:00001:00000:00000:00000:00000:00000:00000:00000:00025:00001" artCategory="Poder Judiciário/Tribunal Regional do Trabalho da 3ª Região/Presidência" artSize="8" artNotes="" numberPage="83" pdfPage="http://pesquisa.in.gov.br/imprensa/jsp/visualiza/index.jsp?data=02/04/2018&amp;jornal=529&amp;pagina=83" editionNumber="62" highlight="" idMateria="10622594">
  <body>
    <Identifica><![CDATA[ PORTARIA  Nº  116, DE 12 DE MARÇO DE 2018]]></Identifica>
    <Data><![CDATA[]]></Data>
    <Ementa />
    <Titulo />
    <SubTitulo />
    <Texto><![CDATA[<p class="identifica">PORTARIA Nº 116, DE 12 DE MARÇO DE 2018</p><p>O PRESIDENTE DO TRIBUNAL REGIONAL DO TRABALHO DA TERCEIRA REGIÃO, no uso de suas atribuições legais e regimentais,</p><p>CONSIDERANDO os artigos 7º, inciso II e12 e 13 da Resolução CSJT nº 110/2012 e</p><p>CONSIDERANDO o constante no processo TRT/e-PAD/35642/2017, resolve:</p><p>Art. 1º Remover, a pedido, a servidora Vanessa Regina de Brito, ocupante do cargo efetivo de Analista Judiciário, Área Judiciária, Especialidade Oficial de Justiça Avaliador Federal, do quadro de pessoal deste Tribunal Regional do Trabalho da 3ª Região para o Tribunal Regional do Trabalho da 1ª Região, mediante permuta com a servidora Luíza Bragança Neves Leal, ocupante do cargo efetivo de Analista Judiciário, Área Judiciária, Especialidade Oficial de Justiça Avaliador Federal, do quadro de pessoal daquele Tribunal para este Regional, com lotação na Secretaria de Mandados Judiciais.</p><p>Art. 2º Conceder o período de trânsito de 10 (dez) dias à servidora deste Regional, nos termos do art. 18 da Lei 8.112/90 e do art. 27 da Resolução nº 110, de 31 de agosto de 2012 do CSJT.</p><p>Art. 3º Esta portaria entra em vigor na data de sua publicação.</p><p></p><p class="assina">Des. MARCUS MOURA FERREIRA</p><p></p>]]></Texto>
  </body>
</article></xml>