﻿<xml><article id="2340976" name="REMOCAO_DOU_21_03_2018_LUIZA_BRA" idOficio="4723398" pubName="DO2" artType="Portaria" pubDate="02/04/2018" artClass="00038:00040:00001:00001:00000:00000:00000:00000:00000:00000:00025:00002" artCategory="Poder Judiciário/Tribunal Regional do Trabalho da 1ª Região/Presidência/Gabinete da Presidência" artSize="8" artNotes="" numberPage="82" pdfPage="http://pesquisa.in.gov.br/imprensa/jsp/visualiza/index.jsp?data=02/04/2018&amp;jornal=529&amp;pagina=82" editionNumber="62" highlight="" idMateria="10623911">
  <body>
    <Identifica><![CDATA[ PORTARIA Nº 351, de 21 de março de 2018]]></Identifica>
    <Data><![CDATA[]]></Data>
    <Ementa />
    <Titulo />
    <SubTitulo />
    <Texto><![CDATA[<p class="identifica">PORTARIA Nº 351, de 21 de março de 2018</p><p>O PRESIDENTE DO TRIBUNAL REGIONAL DO TRABALHO DA PRIMEIRA REGIÃO, no uso de suas atribuições legais e regimentais, e tendo em vista o contido no Processo PROAD nº 8663/2017, resolve:</p><p>I-Remover, a pedido, o servidor LUIZA BRAGANÇA NEVES LEAL, Analista Judiciário - Área Judiciária, Especialidade: Oficial de Justiça Avaliador Federal, do Quadro de Pessoal deste Regional, para o Tribunal Regional do Trabalho da Terceira Região, mediante permuta com o servidor VANESSA REGINA DE BRITO, Analista Judiciário - Área Judiciária, Especialidade: Oficial de Justiça Avaliador Federal, do Quadro de Pessoal do Tribunal Regional do Trabalho da Terceira Região, nos termos do inc. II do art. 36 da Lei nº 8.112/1990, do art. 20 da Lei nº 11.416/2006 c/c o inciso II do art. 7º e art.13 da Resolução CSJT nº 110/2012;</p><p>II-Conceder licença trânsito de 10 (dez) dias ao servidor LUIZA BRAGANÇA NEVES LEAL, nos termos do art. 18 da Lei nº 8.112/90 em consonância com o art. 27, da Resolução CSJT nº 110/2012;</p><p>III-Esta portaria entra em vigor a partir de 2 de abril de 2018.</p><p></p><p class="assina">FERNANDO ANTONIO ZORZENON DA SILVA</p><p class="cargo">Em exercício</p>]]></Texto>
  </body>
</article></xml>