﻿<xml><article id="2340967" name="ATO TRT GP 120-2018 - Aposentado" idOficio="4722403" pubName="DO2" artType="Ato" pubDate="02/04/2018" artClass="00038:00060:00000:00000:00000:00000:00000:00000:00000:00000:00001:00003" artCategory="Poder Judiciário/Tribunal Regional do Trabalho da 21ª Região/Presidência" artSize="8" artNotes="" numberPage="89" pdfPage="http://pesquisa.in.gov.br/imprensa/jsp/visualiza/index.jsp?data=02/04/2018&amp;jornal=529&amp;pagina=89" editionNumber="62" highlight="" idMateria="10622860">
  <body>
    <Identifica><![CDATA[ ATO Nº 120, DE 15 DE MARÇO DE 2018 ]]></Identifica>
    <Data><![CDATA[]]></Data>
    <Ementa />
    <Titulo />
    <SubTitulo />
    <Texto><![CDATA[<p class="identifica">ATO Nº 120, DE 15 DE MARÇO DE 2018</p><p>A DESEMBARGADORA PRESIDENTE DO TRIBUNAL REGIONAL DO TRABALHO DA 21ª REGIÃO, no uso de suas atribuições e de acordo com o constante do PROAD nº 224/2018, resolve:</p><p>APOSENTAR, voluntariamente, com proventos integrais (30/30), a servidora SORAYA DULCE DE CARVALHO, matrícula nº 308.21.0746, no cargo efetivo da carreira judiciária de Técnico Judiciário (cargo nº 247), Área Administrativa, Sem Especialidade, Nível Intermediário, Classe "C", Padrão 13, do Quadro Permanente de Pessoal da Secretaria deste Tribunal, de acordo com o artigo 3º da EC nº 47/2005, compostos do Vencimento do cargo efetivo, da Gratificação de Atividade Judiciária, de acordo com o art. 13 da Lei nº 11.416/2006, incidente sobre o vencimento básico, mais as seguintes vantagens: 5% (cinco por cento) de Adicional de Qualificação, de acordo com o art. 15 da Lei nº 11.416/2006 e inciso VI da Lei nº 11.416/2006, regulamentado pelo Anexo I da Portaria Conjunta nº 02/2016; 12% (doze por cento) de Adicional por Tempo de Serviço, conforme art. 67 da Lei nº 8.112/1990; Vantagem Pessoal Nominalmente Identificada correspondente a 1/5 (um quinto) da Função Comissionada de Datilógrafo de Gabinete, FC - 02, e 4/5 (quatro quintos) da Função Comissionada de Responsável pelo Setor de Execução, FC - 02, nos termos do § 2º do art. 15 da Lei 9.527/1997, c/c art. 2º da Lei nº 9.624/1998, com efeitos a contar da publicação do presente expediente.</p><p></p><p class="assina">Des. AUXILIADORA RODRIGUES</p>]]></Texto>
  </body>
</article></xml>