﻿<xml><article id="2340934" name="ATO TRT GP 127-2018 - Redistribu" idOficio="4722185" pubName="DO2" artType="Ato" pubDate="02/04/2018" artClass="00038:00060:00000:00000:00000:00000:00000:00000:00000:00000:00001:00002" artCategory="Poder Judiciário/Tribunal Regional do Trabalho da 21ª Região/Presidência" artSize="8" artNotes="" numberPage="89" pdfPage="http://pesquisa.in.gov.br/imprensa/jsp/visualiza/index.jsp?data=02/04/2018&amp;jornal=529&amp;pagina=89" editionNumber="62" highlight="" idMateria="10622552">
  <body>
    <Identifica><![CDATA[ ATO Nº 104, DE  2 DE MARÇO DE 2018.]]></Identifica>
    <Data><![CDATA[]]></Data>
    <Ementa />
    <Titulo />
    <SubTitulo />
    <Texto><![CDATA[<p class="identifica">ATO Nº 104, DE 2 DE MARÇO DE 2018.</p><p>A PRESIDENTE DO TRIBUNAL REGIONAL DO TRABALHO DA 21ª REGIÃO, no uso de suas atribuições, e tendo em vista o disposto no PROAD Nº 4495/2016, resolve:</p><p>I - REDISTRIBUIR para o Quadro Permanente de Pessoal do Tribunal Regional do Trabalho da 2ª Região, o cargo efetivo da carreira judiciária de ANALISTA JUDICIÁRIO, Área Judiciária, Sem Especialidade, nº 269, do Quadro Permanente de Pessoal deste Tribunal, ocupado pelo servidor PAULO ROGÉRIO FLORES RIBEIRO, matrícula TRT nº 308.21.1259, tendo por reciprocidade a redistribuição quadrangular simultânea dos cargos de idêntica categoria funcional, do Quadro Permanente de Pessoal daquela Corte, ocupado pela servidora CLARISSA TENÓRIO DE AMORIM, para o Tribunal Regional do Trabalho da 19ª Região (TRT19), do cargo ocupado pelo servidor EXPEDITO LEOPOLDO DE OLIVEIRA JUNIOR, pertencente ao Quadro Permanente de Pessoal do TRT19, para o Tribunal Regional do Trabalho da 7ª Região (TRT7), e o cargo ocupado pela servidora RISONEIDE DE MORARES PEREIRA, do Quadro Permanente de Pessoal TRT7, para o desta Corte, com fundamento no art. 37 da Lei nº 8.112/90, observando-se a regulamentação contida na Resolução nº 146/2012, do Conselho Nacional de Justiça.</p><p>II - CONCEDER 20 (vinte) dias de trânsito à servidora Risoneide de Moraes Pereira, com base no art. 18 da Lei 8.112/90 e efeitos a contar da publicação do presente ato.</p><p></p><p class="assina">Des. AUXILIADORA RODRIGUES</p>]]></Texto>
  </body>
</article></xml>