﻿<xml><article id="2340880" name="DOU02_ATO_028_2018_REDISTRIBUIÇÃ" idOficio="4725673" pubName="DO2" artType="Ato" pubDate="02/04/2018" artClass="00038:00059:00004:00000:00000:00000:00000:00000:00000:00000:00001:00001" artCategory="Poder Judiciário/Tribunal Regional do Trabalho da 20ª Região/Diretoria-Geral" artSize="8" artNotes="" numberPage="87" pdfPage="http://pesquisa.in.gov.br/imprensa/jsp/visualiza/index.jsp?data=02/04/2018&amp;jornal=529&amp;pagina=87" editionNumber="62" highlight="" idMateria="10629388">
  <body>
    <Identifica><![CDATA[ ATO Nº  28, de  23 DE MARÇO DE 2018]]></Identifica>
    <Data><![CDATA[]]></Data>
    <Ementa />
    <Titulo />
    <SubTitulo />
    <Texto><![CDATA[<p class="identifica">ATO Nº 28, de 23 DE MARÇO DE 2018</p><p>O DESEMBARGADOR PRESIDENTE DO TRIBUNAL REGIONAL DO TRABALHO DA 20ª REGIÃO, no uso de suas atribuições legais e regimentais, tendo em vista o que consta do PROAD Nº 30350/2018,</p><p>Redistribuir, com efeitos a contar da publicação deste ato no Diário Oficial da União, na forma prevista no art. 37 da Lei nº 8.112/90, com redação dada pela Lei nº 9.527/97, e na Resolução nº 146/2012, do Conselho Nacional de Justiça (CNJ), o cargo de provimento efetivo de Técnico Judiciário - Área de Apoio Especializado - Especialidade Tecnologia da Informação do Quadro Permanente de Pessoal da Secretaria deste Tribunal, ocupado pelo servidor HELITON SANTOS DE LIMA, para o Quadro Permanente de Pessoal do Tribunal Regional do Trabalho da 10ª Região, tendo por reciprocidade a redistribuição simultânea de cargo de idêntica denominação, VAGO, daquele Regional.</p><p class="assina">THENISSON SANTANA DÓRIA</p>]]></Texto>
  </body>
</article></xml>