﻿<xml><article id="2340823" name="Ato Nº 100" idOficio="4724403" pubName="DO2" artType="Ato" pubDate="02/04/2018" artClass="00038:00010:00001:00000:00000:00000:00000:00000:00000:00000:00001:00003" artCategory="Poder Judiciário/Tribunal Regional Federal da 4ª Região/Presidência" artSize="8" artNotes="" numberPage="80" pdfPage="http://pesquisa.in.gov.br/imprensa/jsp/visualiza/index.jsp?data=02/04/2018&amp;jornal=529&amp;pagina=80" editionNumber="62" highlight="" idMateria="10626640">
  <body>
    <Identifica><![CDATA[ ATO Nº 100, DE 14 DE MARÇO DE 2018]]></Identifica>
    <Data><![CDATA[]]></Data>
    <Ementa />
    <Titulo />
    <SubTitulo />
    <Texto><![CDATA[<p class="identifica">ATO Nº 100, DE 14 DE MARÇO DE 2018</p><p>O PRESIDENTE DO TRIBUNAL REGIONAL FEDERAL DA 4ª REGIÃO, no uso de suas atribuições legais e regimentais, tendo em vista o que consta do Processo Administrativo nº 0002679-50.2018.4.04.8000, resolve:</p><p>CONCEDER APOSENTADORIA VOLUNTÁRIA com proventos integrais, a teor do disposto no artigo 3º da Emenda Constitucional nº 47/05, à servidora MIRIAM ASMUZ VALLIM DE SOUZA, Técnico Judiciário, Área Administrativa, Sem Especialidade, Nível Intermediário, Classe C, Padrão 13, pertencente ao Quadro Permanente de Pessoal do Tribunal Regional Federal da 4ª Região, com a Vantagem Pessoal Nominalmente Identificada, prevista no artigo 62-A da Lei nº 8.112/90, dispositivo acrescentado pelo artigo 3º da Medida Provisória nº 2.225-45/01, incorporada nos termos do artigo 3º da Lei nº 8.911/94, bem como o Adicional de Qualificação, previsto nos artigos 14, caput, e parágrafo 5º, e 15, inciso III, ambos da Lei nº 11.416/06, observado o teto constitucional previsto no artigo 37, inciso XI, da Constituição Federal de 1988, combinado com o artigo 8º da Emenda Constitucional nº 41/03.</p><p class="assina">Carlos Eduardo Thompson Flores Lenz</p>]]></Texto>
  </body>
</article></xml>