﻿<xml><article id="2342565" name="PORT023 a 026-2018-Maracanau" idOficio="4730018" pubName="DO2" artType="Portaria" pubDate="02/04/2018" artClass="00011:00060:00016:00000:00000:00000:00000:00000:00000:00000:00025:00001" artCategory="Ministério da Educação/Instituto Federal de Educação, Ciência e Tecnologia do Ceará/Campus Maracanaú" artSize="8" artNotes="" numberPage="16" pdfPage="http://pesquisa.in.gov.br/imprensa/jsp/visualiza/index.jsp?data=02/04/2018&amp;jornal=529&amp;pagina=16" editionNumber="62" highlight="" idMateria="10637119">
  <body>
    <Identifica><![CDATA[ PORTARIAS DE 28 DE MARÇO DE 2018]]></Identifica>
    <Data><![CDATA[]]></Data>
    <Ementa />
    <Titulo />
    <SubTitulo />
    <Texto><![CDATA[<p></p><p class="identifica">PORTARIAS DE 28 DE MARÇO DE 2018</p><p>O DIRETOR GERAL DO INSTITUTO FEDERAL DE EDUCAÇÃO, CIÊNCIA E TECNOLOGIA DO CEARÁ - CAMPUS MARACANAÚ, no uso de suas atribuições e considerando o que dispõe na portaria 252/GR, de 20 de março de 2017, da Reitoria do IFCE, resolve,</p><p>Nº 23/GDG - Art. 1º - Dispensar o servidor JOÃO HERMÍNIO DA ROSA GONÇALVES, Técnico em Contabilidade, matrícula SIAPE 1276550, da Função de Coordenador de Execução Orçamentária e Financeira, código FG - 02, para o qual foi designado mediante Portaria nº 153/GDG, de 23 de dezembro de 2015 (DOU de 04/01/16).</p><p>Art. 2º - Esta portaria entrará em vigor na data de sua publicação no Diário Oficial da União.</p><p>Nº 24/GDG - Art. 1º - Dispensar o servidor ROBERTO DE ANDRADE SALES JÚNIOR, Tecnólogo em Gestão Financeira, matrícula SIAPE 1335196, da Função de Coordenador de Infraestrutura, código FG - 01, para o qual foi designado mediante Portaria nº 008/GDG, de 30 de janeiro de 2017 (DOU de 31/01/17).</p><p>Art. 2º - Esta portaria entrará em vigor na data de sua publicação no Diário Oficial da União.</p><p>Nº 25/GDG - Art. 1º - Designar o servidor ROBERTO DE ANDRADE SALES JÚNIOR, Tecnólogo em Gestão Financeira, matrícula SIAPE 1335196, para exercer a Função Comissionada de Coordenador de Execução Orçamentária e Financeira, código FG - 02, considerando a dispensa do servidor JOÃO HERMÍNIO DA ROSA GONÇALVES, conforme portaria nº 023/GDG, de 28/03/18.</p><p>Art. 2º - Esta portaria entrará em vigor na data de sua publicação no Diário Oficial da União.</p><p>Nº 26/GDG - Art. 1º Designar o servidor JEAN PAIS PIRES, Assistente em Administração, matrícula SIAPE 1891809, para exercer a Função Comissionada de Coordenador de Infraestrutura, código FG - 01, considerando a dispensa do servidor ROBERTO DE ANDRADE SALES JÚNIOR, conforme portaria nº 024/GDG, de 28/03/18.</p><p>Art. 2º - Esta portaria entrará em vigor na data de sua publicação no Diário Oficial da União.</p><p class="assina">Júlio César da Costa Silva</p>]]></Texto>
  </body>
</article></xml>