﻿<xml><article id="2341520" name="439.RENATA E MANU-MARÇO18" idOficio="4726247" pubName="DO2" artType="Portaria" pubDate="02/04/2018" artClass="00034:00008:00001:00004:00000:00000:00000:00000:00000:00000:00025:00001" artCategory="Ministério Público da União/Ministério Público do Trabalho/Procuradoria-Geral/Diretoria-Geral" artSize="8" artNotes="" numberPage="74" pdfPage="http://pesquisa.in.gov.br/imprensa/jsp/visualiza/index.jsp?data=02/04/2018&amp;jornal=529&amp;pagina=74" editionNumber="62" highlight="" idMateria="10630214">
  <body>
    <Identifica><![CDATA[ PORTARIA Nº 439, DE 23 DE MARÇO DE 2018]]></Identifica>
    <Data><![CDATA[]]></Data>
    <Ementa />
    <Titulo />
    <SubTitulo />
    <Texto><![CDATA[<p class="identifica">PORTARIA Nº 439, DE 23 DE MARÇO DE 2018</p><p>A DIRETORA-GERAL ADJUNTA DO MINISTÉRIO PÚBLICO DO TRABALHO, no uso da competência que lhe foi delegada pela Portaria MPT-PGT nº 86, de 30 de março de 2016, e o que consta no PGEA nº 011161.2017.00.900/0, resolve:</p><p>Art. 1º Dispensar, a contar de 2.4.2018, a servidora EMANNUELA OLIVEIRA SOUZA QUEIROZ, matrícula 6007025-0, ocupante do cargo de Técnico do MPU/Administração, da função de confiança de Assistente Nível III da Assessoria Técnica e de Conformidade da Diretoria de Gestão de Pessoas, código FC-3, da Procuradoria Geral do Trabalho.</p><p>Art. 2º Designar a servidora RENATA LACERDA DO NASCIMENTO MORAES, matrícula 6007083-8, ocupante do cargo de Técnico do MPU/Administração, para a função de confiança de Assistente Nível III da Assessoria Técnica e de Conformidade da Diretoria de Gestão de Pessoas, código FC-3, da Procuradoria Geral do Trabalho.</p><p class="assina">SANDRA CRISTINA DE ARAÚJO</p>]]></Texto>
  </body>
</article></xml>