﻿<xml><article id="2342337" name="Rep 266__060633" idOficio="4729685" pubName="DO2" artType="Portaria" pubDate="02/04/2018" artClass="00011:00032:00001:00000:00000:00000:00000:00000:00000:00000:00025:00001" artCategory="Ministério da Educação/Fundação Universidade Federal do Mato Grosso do Sul/Reitoria" artSize="8" artNotes="" numberPage="21" pdfPage="http://pesquisa.in.gov.br/imprensa/jsp/visualiza/index.jsp?data=02/04/2018&amp;jornal=529&amp;pagina=21" editionNumber="62" highlight="" idMateria="10636704">
  <body>
    <Identifica><![CDATA[PORTARIA Nº 266, DE 13 DE MARÇO DE 2018(*)]]></Identifica>
    <Data><![CDATA[]]></Data>
    <Ementa />
    <Titulo />
    <SubTitulo />
    <Texto><![CDATA[<p class="identifica">PORTARIA Nº 266, DE 13 DE MARÇO DE 2018(*)</p><p>O REITOR DA FUNDAÇÃO UNIVERSIDADE FEDERAL DE MATO GROSSO DO SUL, no uso de suas atribuições legais, nos termos dos arts. 215; inciso I do art. 217; e do item 6 da alínea "b" do inciso VII do art. 222 da Lei nº 8.112, de 11 de dezembro de 1990, com redação dada pela Lei nº 13.135, de 17 de junho de 2015; e do art. 40 da Constituição Federal, com redação dada pela Emenda Constitucional n° 41, de 19 de dezembro de 2003; e o que consta do Processo nº 23104.005998/2018-11, resolve:</p><p>Conceder pensão por morte, a contar de 8 de fevereiro de 2018, para TEREZINHA INES DA SILVA, calculada nos termos do § 7º do art. 40 da Constituição Federal, com redação dada pela Emenda Constitucional nº 41/2003, combinado com o inciso I do art 2º da Lei nº 10.887, de 12 de junho de 2004, relativa ao provento que fazia jus o ex-servidor inativo Luiz Saturnino da Silva, matrícula nº 0432162, integrante da Carreira Técnico-Administrativa, do Quadro de Pessoal desta Universidade, no cargo de Auxiliar de Agropecuária, Classe B, Nível de Capacitação 4, Padrão 11.</p><p class="assina">MARCELO AUGUSTO SANTOS TURINE</p><p>Republicada por ter saído no DOU nº 51, de 15-03-2018, Seção 2, página 17, e no DOU nº55, de 21 de março de 2018, Seção 2, página 18, com incorreção no original.</p>]]></Texto>
  </body>
</article></xml>