﻿<xml><article id="2415190" name="297" idOficio="4726495" pubName="DO2" artType="Portaria" pubDate="05/04/2018" artClass="00038:00003:00005:00001:00000:00000:00000:00000:00000:00000:00025:00001" artCategory="Poder Judiciário/Tribunal Superior Eleitoral/Secretaria do Tribunal/Diretoria-Geral" artSize="8" artNotes="" numberPage="68" pdfPage="http://pesquisa.in.gov.br/imprensa/jsp/visualiza/index.jsp?data=05/04/2018&amp;jornal=529&amp;pagina=68" editionNumber="65" highlight="" idMateria="10630580">
  <body>
    <Identifica><![CDATA[ Portaria nº 297, DE 23 DE MARÇO DE 2018]]></Identifica>
    <Data><![CDATA[]]></Data>
    <Ementa />
    <Titulo />
    <SubTitulo />
    <Texto><![CDATA[<p></p><p class="identifica">Portaria nº 297, DE 23 DE MARÇO DE 2018</p><p>O DIRETOR-GERAL DA SECRETARIA DO TRIBUNAL SUPERIOR ELEITORAL, com base no inciso XV do art. 116 do Regulamento Interno e no inciso I do art. 2º e no art. 4º da Portaria nº 204, de 26.9.2002, resolve:</p><p>Art. 1º Dispensar:</p><p>I - BRUNEY GUIMARÃES BRUM, Analista Judiciário, Área Judiciária, da função comissionada de Chefe de Seção de Autuação e Distribuição, Nível FC-6, da Coordenadoria de Registros Partidários, Autuação e Distribuição, da Secretaria Judiciária;</p><p>II- ELIZA MARA ALVES DO PRADO, Técnico Judiciário, Área Administrativa, da função comissionada de Assistente II, Nível FC-2, da Secretaria Judiciária;</p><p>III- FLÁVIA FARIAS TEÓDULO PALITOT, Analista Judiciário, Área Judiciária, da função comissionada de Assistente III, Nível FC-3, da Secretaria Judiciária;</p><p>IV - ISABELLE MENDES DE SOUSA, Analista Judiciário, Área Judiciária, da função comissionada de Assistente IV, Nível FC-4, da Secretaria Judiciária.</p><p>Art. 2º Designar:</p><p>I- CRISTIANO FERREIRA MORAIS, Analista Judiciário, Área Judiciária, para exercer a função comissionada de Assistente II, Nível FC-2, da Secretaria Judiciária;</p><p>II- ELIZA MARA ALVES DO PRADO, Técnico Judiciário, Área Administrativa, para exercer a função comissionada de Assistente III, Nível FC-3, da Secretaria Judiciária;</p><p>III- FLÁVIA FARIAS TEÓDULO PALITOT, Analista Judiciário, Área Judiciária, para exercer a função comissionada de Assistente IV, Nível FC-4, da Secretaria Judiciária;</p><p>IV - ISABELLE MENDES DE SOUSA, Analista Judiciário, Área Judiciária, para Chefe de Seção de Autuação e Distribuição, Nível FC-6, da Coordenadoria de Registros Partidários, Autuação e Distribuição, da Secretaria Judiciária.</p><p class="assina">RODRIGO CURADO FLEURY</p>]]></Texto>
  </body>
</article></xml>