﻿<xml><article id="2343060" name="100_DG_GR_Designar_Dispensar" idOficio="4730333" pubName="DO2" artType="Portaria" pubDate="02/04/2018" artClass="00006:00019:01211:00000:00000:00000:00000:00000:00000:00000:00025:00001" artCategory="Presidência da República/Gabinete de Segurança Institucional/Agência Brasileira de Inteligência" artSize="8" artNotes="" numberPage="4" pdfPage="http://pesquisa.in.gov.br/imprensa/jsp/visualiza/index.jsp?data=02/04/2018&amp;jornal=529&amp;pagina=4" editionNumber="62" highlight="" idMateria="10637542">
  <body>
    <Identifica><![CDATA[ PORTARIA Nº 100, DE 13 DE MARÇO DE 2018]]></Identifica>
    <Data><![CDATA[]]></Data>
    <Ementa />
    <Titulo />
    <SubTitulo />
    <Texto><![CDATA[<p class="identifica">PORTARIA Nº 100, DE 13 DE MARÇO DE 2018</p><p><strong>O DIRETOR-GERAL DA AGÊNCIA BRASILEIRA DE INTELIGÊNCIA DO GABINETE DE SEGURANÇA INSTITUCIONAL DA PRESIDÊNCIA DA REPÚBLICA</strong>, no uso da competência que lhe foi subdelegada pela alínea "d" do inciso I do art. 2° da Portaria n° 74-GSIPR, de 25 de novembro de 2016, publicada no Diário Oficial da União n° 231, de 2 de dezembro de 2016, resolve:</p><p>Art. 1º Dispensar matrícula 909420 da função de Assistente - GR IV.</p><p>Art. 2° Esta Portaria entra em vigor na data de sua publicação.</p><p class="assina">JANER TESCH HOSKEN ALVARENGA</p>]]></Texto>
  </body>
</article></xml>