﻿<xml><article id="2341968" name="Portaria TRT-GP 138-2018 - Desig" idOficio="4728249" pubName="DO2" artType="Portaria" pubDate="02/04/2018" artClass="00038:00060:00000:00000:00000:00000:00000:00000:00000:00000:00001:00011" artCategory="Poder Judiciário/Tribunal Regional do Trabalho da 21ª Região/Presidência" artSize="8" artNotes="" numberPage="89" pdfPage="http://pesquisa.in.gov.br/imprensa/jsp/visualiza/index.jsp?data=02/04/2018&amp;jornal=529&amp;pagina=89" editionNumber="62" highlight="" idMateria="10633876">
  <body>
    <Identifica><![CDATA[ PORTARIA Nº 138, DE 26 DE MARÇO DE 2018.]]></Identifica>
    <Data><![CDATA[]]></Data>
    <Ementa />
    <Titulo />
    <SubTitulo />
    <Texto><![CDATA[<p class="identifica">PORTARIA Nº 138, DE 26 DE MARÇO DE 2018.</p><p>A DESEMBARGADORA PRESIDENTE DO TRIBUNAL REGIONAL DO TRABALHO DA 21ª REGIÃO, no uso de suas atribuições legais e regimentais,</p><p>Considerando as disposições contidas no art. 25, inciso XV, do Regimento Interno;</p><p>Considerando, ainda, os termos do Proad nº 212/2018, resolve:</p><p>Designar GUIBSON PEGADO DA SILVA, ora à disposição deste Regional, para ocupar a função comissionada de Secretário de Audiência (FC-04/Nº 1298), da 13ª Vara do Trabalho de Natal, com efeitos a contar da publicação da presente portaria.</p><p class="assina">Des. AUXILIADORA RODRIGUES</p>]]></Texto>
  </body>
</article></xml>