﻿<xml><article id="2342421" name="ATO GDGSET 166_2018__DISP_DESIG_" idOficio="4729310" pubName="DO2" artType="Ato" pubDate="02/04/2018" artClass="00038:00005:00009:00000:00000:00000:00000:00000:00000:00000:00001:00007" artCategory="Poder Judiciário/Tribunal Superior do Trabalho/Secretaria" artSize="8" artNotes="" numberPage="78" pdfPage="http://pesquisa.in.gov.br/imprensa/jsp/visualiza/index.jsp?data=02/04/2018&amp;jornal=529&amp;pagina=78" editionNumber="62" highlight="" idMateria="10636023">
  <body>
    <Identifica><![CDATA[ ATO Nº 166, DE 27 DE MARÇO DE 2018]]></Identifica>
    <Data><![CDATA[]]></Data>
    <Ementa />
    <Titulo />
    <SubTitulo />
    <Texto><![CDATA[<p class="identifica">ATO Nº 166, DE 27 DE MARÇO DE 2018</p><p>O DIRETOR-GERAL DA SECRETARIA SUBSTITUTO DO TRIBUNAL SUPERIOR DO TRABALHO, no uso de suas atribuições legais e regulamentares,</p><p>considerando o constante do memorando nº 48, de 26/3/2018, da Secretaria de Tecnologia da Informação e Comunicação, resolve:</p><p>1 - Designar o servidor JOANAS HENRIQUE ZALEWSKI, código 50530, Analista Judiciário, Área Apoio Especializado, Especialidade Análise de Sistemas, para exercer a função comissionada de Assistente 3, Nível FC-3, da Coordenadoria de Suporte Técnico aos Usuários, ficando dispensado da função comissionada de Assistente 4, Nível FC-4, da Assessoria de Relacionamento de Tecnologia da Informação.</p><p>2 - Designar a servidora BEATRIZ ARAÚJO CASTRO EL BIZRI, código 43492, Analista Judiciária, requisitada do Tribunal Regional do Trabalho da 3ª Região-MG, para exercer a função comissionada de Assistente 4, Nível FC-4, da Coordenadoria de Suporte Técnico aos Usuários, ficando dispensada da função comissionada de Assistente 3, Nível FC-3, da referida Coordenadoria.</p><p class="assina">JOSÉ RAILTON SILVA RÊGO</p>]]></Texto>
  </body>
</article></xml>