﻿<xml><article id="2341328" name="publicar-02-abril-DOU 2-PR-1PT-1" idOficio="4726941" pubName="DO2" artType="Portaria" pubDate="02/04/2018" artClass="00034:00007:00037:00000:00000:00000:00000:00000:00000:00000:00025:00001" artCategory="Ministério Público da União/Ministério Público Federal/Procuradoria da República no Estado do Paraná" artSize="8" artNotes="" numberPage="73" pdfPage="http://pesquisa.in.gov.br/imprensa/jsp/visualiza/index.jsp?data=02/04/2018&amp;jornal=529&amp;pagina=73" editionNumber="62" highlight="" idMateria="10631788">
  <body>
    <Identifica><![CDATA[ PORTARIA Nº 198, DE 22 DE MARÇO DE 2018]]></Identifica>
    <Data><![CDATA[]]></Data>
    <Ementa />
    <Titulo />
    <SubTitulo />
    <Texto><![CDATA[<p class="identifica">PORTARIA Nº 198, DE 22 DE MARÇO DE 2018</p><p>A PROCURADORA-CHEFE DA PROCURADORIA DA REPÚBLICA NO ESTADO DO PARANÁ, no uso das atribuições conferidas pelo art. 33 e incisos do Regimento Interno do Ministério Público Federal (aprovado pela Portaria SG/MPF Nº 382, de 05 de maio de 2015), resolve:</p><p>1-Dispensar, a partir de 02/04/2018, ISAAC KENZO KOURA, matrícula 25205-1, Técnico do MPU/Administração, da função de Coordenador de PRM, FC-3, da Procuradoria da República no Município de Paranavaí.</p><p>2-Dispensar BIBIANA ALVES MORANGUEIRA TOMAZ DE AQUINO, matrícula 20311-4, Técnico do MPU/Administração, da função de Chefe do Setor Jurídico, FC-1, da Procuradoria da República no Município de Paranavaí.</p><p>3-Designar BIBIANA ALVES MORANGUEIRA TOMAZ DE AQUINO, matrícula 20311-4, Técnico do MPU/Administração, para exercer a função de Coordenador de PRM, FC-3, da Procuradoria da República no Município de Paranavaí.</p><p>4-Designar RICARDO GIROTTO, matrícula 25613-7, Técnico do MPU/Administração, para exercer a função de Chefe do Setor Jurídico, FC-1, da Procuradoria da República no Município de Paranavaí.</p><p class="assina">PAULA CRISTINA CONTI THA</p>]]></Texto>
  </body>
</article></xml>