﻿<xml><article id="2361711" name="Portaria 98.2018 - Exoneração - " idOficio="4728607" pubName="DO2" artType="Portaria" pubDate="03/04/2018" artClass="00038:00022:00001:00000:00000:00000:00000:00000:00000:00000:00025:00001" artCategory="Poder Judiciário/Tribunal Regional Eleitoral de Mato Grosso/Presidência" artSize="8" artNotes="" numberPage="60" pdfPage="http://pesquisa.in.gov.br/imprensa/jsp/visualiza/index.jsp?data=03/04/2018&amp;jornal=529&amp;pagina=60" editionNumber="63" highlight="" idMateria="10634402">
  <body>
    <Identifica><![CDATA[ PORTARIA Nº 98, de 26 de março de 2018]]></Identifica>
    <Data><![CDATA[]]></Data>
    <Ementa />
    <Titulo />
    <SubTitulo />
    <Texto><![CDATA[<p class="identifica">PORTARIA Nº 98, de 26 de março de 2018</p><p>O PRESIDENTE DO TRIBUNAL REGIONAL ELEITORAL DE MATO GROSSO, usando das atribuições legais que lhe confere art. 19, XI e XXIX, do Regimento Interno deste Tribunal,</p><p>CONSIDERANDO o que consta no Processo Administrativo Eletrônico nº 1.578/2018, resolve:</p><p>Art. 1º Exonerar, a pedido, a servidora ANA LUISA AGUIAR PACE, do cargo de Analista Judiciária - Área Judiciária, criado pela Lei nº 8.868/1994, pertencente ao Quadro de Pessoal deste Tribunal, nos termos do art. 34 da Lei nº 8.112/1990, com efeitos a contar de 19/3/2018.</p><p>Art. 2º Esta Portaria entrará em vigor na data de sua publicação.</p><p class="assina">Des.Márcio Vidal</p>]]></Texto>
  </body>
</article></xml>