﻿<xml><article id="2342499" name="DOU02_ATO_030_2018_SUBSTITUIÇÃO_" idOficio="4728918" pubName="DO2" artType="Ato" pubDate="02/04/2018" artClass="00038:00059:00004:00000:00000:00000:00000:00000:00000:00000:00001:00001" artCategory="Poder Judiciário/Tribunal Regional do Trabalho da 20ª Região/Diretoria-Geral" artSize="8" artNotes="" numberPage="87" pdfPage="http://pesquisa.in.gov.br/imprensa/jsp/visualiza/index.jsp?data=02/04/2018&amp;jornal=529&amp;pagina=87" editionNumber="62" highlight="" idMateria="10635376">
  <body>
    <Identifica><![CDATA[ ATO Nº  30, de  27 DE MARÇO DE 2018]]></Identifica>
    <Data><![CDATA[]]></Data>
    <Ementa />
    <Titulo />
    <SubTitulo />
    <Texto><![CDATA[<p class="identifica">ATO Nº 30, de 27 DE MARÇO DE 2018</p><p>O DESEMBARGADOR PRESIDENTE DO TRIBUNAL REGIONAL DO TRABALHO DA 20ª REGIÃO, no uso de suas atribuições legais e regimentais, e considerando o contido no PROAD Nº 31272/2018, resolve:</p><p>Designar a Bacharela em Direito VERA LÚCIA DE SOUZA GUIMARÃES, Analista Judiciário - Área Judiciária do Quadro Permanente de Pessoal da Secretaria deste Tribunal, para substituir LORENA SANTOS NASCIMENTO no cargo em comissão de COORDENADOR (CJ-2) da Coordenadoria de Gestão de Pessoas, no dia 2/4/2018, em virtude de participação da titular no curso "Gerência Ágil de Projetos e Operações" (objeto da PORTARIA CGP.PR Nº 064/2018) e férias da substituta legal, nos termos do ATO DG.PR Nº 171/2011.</p><p class="assina">THENISSON SANTANA DÓRIA</p>]]></Texto>
  </body>
</article></xml>