﻿<xml><article id="2342457" name="Portarias CGGP - Helena - TITULA" idOficio="4729861" pubName="DO2" artType="Portaria" pubDate="02/04/2018" artClass="00025:00022:04993:03029:00000:00000:00000:00000:00000:00000:00025:00001" artCategory="Ministério do Meio Ambiente/Instituto Chico Mendes de Conservação da Biodiversidade/Diretoria de Planejamento, Administração e Logística/Coordenação-Geral de Gestão de Pessoas" artSize="8" artNotes="" numberPage="62" pdfPage="http://pesquisa.in.gov.br/imprensa/jsp/visualiza/index.jsp?data=02/04/2018&amp;jornal=529&amp;pagina=62" editionNumber="62" highlight="" idMateria="10636899">
  <body>
    <Identifica><![CDATA[ PORTARIA DE 26 DE MARÇO DE 2018]]></Identifica>
    <Data><![CDATA[]]></Data>
    <Ementa />
    <Titulo />
    <SubTitulo />
    <Texto><![CDATA[<p class="identifica">PORTARIA DE 26 DE MARÇO DE 2018</p><p>A COORDENADORA GERAL DE GESTÃO DE PESSOAS DO INSTITUTO CHICO MENDES DE CONSERVAÇÃO DA BIODIVERSIDADE, usando da competência atribuída pela Portaria nº 217/MMA, publicada no Diário Oficial da União de 10 de junho de 2016, e Portaria nº 474/ICMBio, publicada no Diário Oficial da União de 10 de novembro de 2017, resolve:</p><p>Nº 66 I - Conceder aposentadoria voluntária com proventos integrais ao servidor CARLOS BOM FIM DE OLIVEIRA, ocupante do cargo de Técnico Administrativo, classe "S", padrão III, matrícula SIAPE n° 680320, lotado na Coordenação de Administração e Logística/DF, pertencente ao Quadro de Pessoal deste Instituto, com fundamento no art. 3º, incisos I, II e III, e parágrafo único da Emenda Constitucional n° 47/2005.</p><p>II - Declarar vacância da vaga nº 427768, do referido cargo.</p><p class="assina">HELENA MACHADO CABRAL COIMBRA ARAUJO</p>]]></Texto>
  </body>
</article></xml>