﻿<xml><article id="2342511" name="DOU TRF2-ATP-2018-00100" idOficio="4729242" pubName="DO2" artType="Ato" pubDate="02/04/2018" artClass="00038:00008:00001:00000:00000:00000:00000:00000:00000:00000:00001:00003" artCategory="Poder Judiciário/Tribunal Regional Federal da 2ª Região/Presidência" artSize="8" artNotes="" numberPage="79" pdfPage="http://pesquisa.in.gov.br/imprensa/jsp/visualiza/index.jsp?data=02/04/2018&amp;jornal=529&amp;pagina=79" editionNumber="62" highlight="" idMateria="10635904">
  <body>
    <Identifica><![CDATA[ ATO Nº 100, DE 15 DE MARÇO DE 2018]]></Identifica>
    <Data><![CDATA[]]></Data>
    <Ementa />
    <Titulo />
    <SubTitulo />
    <Texto><![CDATA[<p class="identifica">ATO Nº 100, DE 15 DE MARÇO DE 2018</p><p>O PRESIDENTE DO TRIBUNAL REGIONAL FEDERAL DA 2ª REGIÃO, no uso de suas atribuições, tendo em vista o que consta nos autos do Procedimento Administrativo nº JFRJ-PES-2017/00890, resolve:</p><p>DECLARAR VAGO, a partir de 18.12.2017, o cargo efetivo de Analista Judiciário/Oficial de Justiça Avaliador Federal, Nível Superior, Classe A, Padrão 3, do Quadro de Pessoal da Justiça Federal de Primeiro Grau - Seção Judiciária do Rio de Janeiro, ocupado pelo servidor FLAMES RAMATIS CESÁRIO, em razão de posse em outro cargo público inacumulável, nos termos do art. 33, inciso VIII, da Lei nº 8.112 de 1990, em interpretação conjunta com a Resolução nº 03, de 2008, do Conselho da Justiça Federal.</p><p class="assina">ANDRÉ FONTES</p>]]></Texto>
  </body>
</article></xml>