﻿<xml><article id="2343114" name="Atos de aposentadoria e dispensa" idOficio="4730886" pubName="DO2" artType="Ato" pubDate="02/04/2018" artClass="00037:00001:00000:00000:00000:00000:00000:00000:00000:00000:00001:00001" artCategory="Poder Legislativo/Câmara dos Deputados" artSize="8" artNotes="" numberPage="66" pdfPage="http://pesquisa.in.gov.br/imprensa/jsp/visualiza/index.jsp?data=02/04/2018&amp;jornal=529&amp;pagina=66" editionNumber="62" highlight="" idMateria="10638580">
  <body>
    <Identifica><![CDATA[ ATOS de  13 de março de 2018 ]]></Identifica>
    <Data><![CDATA[]]></Data>
    <Ementa />
    <Titulo />
    <SubTitulo />
    <Texto><![CDATA[<p class="identifica">ATOS de 13 de março de 2018</p><p>O PRESIDENTE DA CÂMARA DOS DEPUTADOS, no uso das atribuições que lhe confere a alínea "b" do inciso I do artigo 1º do Ato da Mesa nº 205, de 28 de junho de 1990, resolve:</p><p>Conceder aposentadoria voluntária, com proventos integrais, à servidora GRACIETE OLIVEIRA PEDREIRA, ponto n. 5847, no cargo efetivo de Analista Legislativo, atribuição Taquígrafo Legislativo, Classe Especial, Padrão 10, nos termos do artigo 3º da Emenda Constitucional n. 47, de 5 de julho de 2005, com a vantagem prevista no artigo 62-A da Lei n. 8.112, de 11 de dezembro de 1990.</p><p>O PRESIDENTE DA CÂMARA DOS DEPUTADOS, no uso das atribuições que lhe confere o artigo 1º, inciso I, alínea "a", do Ato da Mesa nº 205, de 28 de junho de 1990, resolve:</p><p>DISPENSAR, a pedido, de acordo com o artigo 35, inciso II, da Lei nº 8.112, de 11 de dezembro de 1990, GRACIETE OLIVEIRA PEDREIRA, ponto nº 5847, ocupante de cargo da Categoria Funcional de Analista Legislativo - atribuição Taquígrafo Legislativo, Classe Especial, Padrão 10, da função comissionada de Revisor de Pronunciamento, FC-1, da Coordenação de Revisão, do Departamento de Taquigrafia Revisão e Redação, do Quadro de Pessoal da Câmara dos Deputados.</p><p class="assina">RODRIGO MAIA</p><p class="identifica">ATOs de 22 de março de 2018</p><p>O PRESIDENTE DA CÂMARA DOS DEPUTADOS, no uso das atribuições que lhe confere a alínea "b" do inciso I do artigo 1º do Ato da Mesa nº 205, de 28 de junho de 1990, resolve:</p><p>Conceder aposentadoria voluntária, com proventos integrais, à servidora KATIA ISABELLI DE BETHANIA BARROS E MELO, ponto n. 6179, no cargo efetivo de Analista Legislativo, atribuição Técnico em Documentação e Informação Legislativa, Classe Especial, Padrão 10, nos termos dos artigos 6º e 7º da Emenda Constitucional n. 41, de 19 de dezembro de 2003, combinados com o artigo 2º da Emenda Constitucional n. 47, de 05 de julho de 2005, com a vantagem prevista no artigo 62-A da Lei n. 8.112, de 11 de dezembro de 1990.</p><p class="assina">RODRIGO MAIA</p><p class="identifica">ATOs de 28 de março de 2018</p><p>O PRESIDENTE DA CÂMARA DOS DEPUTADOS, no uso das atribuições que lhe confere a alínea "b" do inciso I do artigo 1º do Ato da Mesa nº 205, de 28 de junho de 1990, e considerando o disposto no Acórdão 2076/2005-TCU-Plenário, resolve:</p><p>Conceder aposentadoria voluntária, com proventos integrais, à servidora ADRIANA MARIA CARNEIRO DA CUNHA MORAES, ponto n. 5211, no cargo efetivo de Técnico Legislativo, atribuição Operador de Máquinas, Classe Especial, Padrão 10, nos termos do artigo 3º da Emenda Constitucional n. 47, de 5 de julho de 2005, com as vantagens previstas no artigo 3º da Resolução n. 70, de 24 de novembro de 1994, e no artigo 62-A da Lei n. 8.112, de 11 de dezembro de 1990.</p><p>O PRESIDENTE DA CÂMARA DOS DEPUTADOS, no uso das atribuições que lhe confere o artigo 1º, inciso I, alínea "a", do Ato da Mesa nº 205, de 28 de junho de 1990, resolve:</p><p>DISPENSAR, a pedido, de acordo com o artigo 35, inciso II, da Lei nº 8.112, de 11 de dezembro de 1990, ADRIANA MARIA CARNEIRO DA CUNHA MORAES, ponto nº 5211, ocupante de cargo da Categoria Funcional de Técnico Legislativo - atribuição Operador de Máquinas, Classe Especial, Padrão 10, da função comissionada de Coordenador de Processos, FC-3, do Gabinete do Presidente, do Quadro de Pessoal da Câmara dos Deputados.</p><p class="assina">RODRIGO MAIA</p><p></p>]]></Texto>
  </body>
</article></xml>