﻿<xml><article id="2341899" name="publicar-2-abril-DOU 2-MG-1PT-97" idOficio="4728767" pubName="DO2" artType="Portaria" pubDate="02/04/2018" artClass="00034:00007:00034:00000:00000:00000:00000:00000:00000:00000:00025:00004" artCategory="Ministério Público da União/Ministério Público Federal/Procuradoria da República no Estado de Minas Gerais" artSize="8" artNotes="" numberPage="73" pdfPage="http://pesquisa.in.gov.br/imprensa/jsp/visualiza/index.jsp?data=02/04/2018&amp;jornal=529&amp;pagina=73" editionNumber="62" highlight="" idMateria="10634677">
  <body>
    <Identifica><![CDATA[ PORTARIA Nº 97, de 19 DE Março de 2018]]></Identifica>
    <Data><![CDATA[]]></Data>
    <Ementa />
    <Titulo />
    <SubTitulo />
    <Texto><![CDATA[<p class="identifica">PORTARIA Nº 97, de 19 DE Março de 2018</p><p>A PROCURADORA-CHEFE DA PROCURADORIA DA REPÚBLICA NO ESTADO DE MINAS GERAIS, no uso da competência prevista pela Portaria PGR/MPF nº 357, de 05 de maio de 2015, resolve:</p><p>1 - Dispensar RENATA EMMANUELLA SANTIAGO PINHEIRO, matrícula 12702-7, ocupante do cargo efetivo de Técnico do MPU/Administração, da função de confiança de Assistente - Nível II, Código FC-2, do Gabinete do Dr. Patrick Salgado Martins, da Procuradoria da República no Estado de Minas Gerais.</p><p>2 - Dispensar EDIMILSON VALESI VALENTE, matrícula 21228-8, ocupante do cargo efetivo de Técnico do MPU/Administração, da função de confiança de Assistente - Nível II, Código FC-2, do Gabinete do Dr. Ângelo Giardini de Oliveira, da Procuradoria da República no Estado de Minas Gerais.</p><p>3 - Designar LIVIA DE SOUZA MEDEIROS, matrícula 19290-2, ocupante do cargo efetivo de Analista do MPU/Direito, para exercer a função de confiança de Assistente - Nível II, Código FC-2, do Gabinete do Dr. Patrick Salgado Martins, da Procuradoria da República no Estado de Minas Gerais.</p><p>4 - Designar RENATA EMMANUELLA SANTIAGO PINHEIRO, matrícula 12702-7, ocupante do cargo efetivo de Técnico do MPU/Administração, para exercer a função de confiança de Assistente - Nível II, Código FC-2, do Gabinete do Dr. Ângelo Giardini de Oliveira, da Procuradoria da República no Estado de Minas Gerais.</p><p class="assina">Isabela de Holanda Cavalcanti</p>]]></Texto>
  </body>
</article></xml>