﻿<xml><article id="2341337" name="Ato 5803511 - 2018" idOficio="4727458" pubName="DO2" artType="Ato" pubDate="02/04/2018" artClass="00038:00007:00001:00000:00000:00000:00000:00000:00000:00000:00001:00010" artCategory="Poder Judiciário/Tribunal Regional Federal da 1ª Região/Presidência" artSize="8" artNotes="" numberPage="79" pdfPage="http://pesquisa.in.gov.br/imprensa/jsp/visualiza/index.jsp?data=02/04/2018&amp;jornal=529&amp;pagina=79" editionNumber="62" highlight="" idMateria="10632734">
  <body>
    <Identifica><![CDATA[ Ato nº 5803511, de 26 de março de 2018]]></Identifica>
    <Data><![CDATA[]]></Data>
    <Ementa />
    <Titulo />
    <SubTitulo />
    <Texto><![CDATA[<p class="identifica">Ato nº 5803511, de 26 de março de 2018</p><p>O PRESIDENTE DO TRIBUNAL REGIONAL FEDERAL DA 1ª REGIÃO, no uso de suas atribuições legais e regimentais e tendo em vista o constante nos autos do PAe 0005976-49.2018.4.01.8000, resolve:</p><p>CONCEDER APOSENTADORIA à servidora ELIZABETH ALVES DE OLIVEIRA, Analista Judiciária, Área Judiciária, Nível Superior, Classe "C", Padrão 13, do Quadro de Pessoal deste Tribunal, com fundamento no art. 3º da Emenda Constitucional 47/2005, com a vantagem prevista no art. 15, § 1º, da Lei 9.527/97 e art. 62-A da Lei 8.112/90.</p><p class="assina">Des HILTON QUEIROZ</p>]]></Texto>
  </body>
</article></xml>