﻿<xml><article id="2342025" name="1382.18P Port 127.2018 CLAUDIO C" idOficio="4728215" pubName="DO2" artType="Portaria" pubDate="02/04/2018" artClass="00038:00046:00001:00009:00004:00000:00000:00000:00000:00000:00001:00003" artCategory="Poder Judiciário/Tribunal Regional do Trabalho da 7ª Região/Presidência/Diretoria-Geral/Secretaria de Pessoal" artSize="8" artNotes="" numberPage="84" pdfPage="http://pesquisa.in.gov.br/imprensa/jsp/visualiza/index.jsp?data=02/04/2018&amp;jornal=529&amp;pagina=84" editionNumber="62" highlight="" idMateria="10633773">
  <body>
    <Identifica><![CDATA[  PORTARIA Nº 127, DE 22 DE MARÇO DE 2018]]></Identifica>
    <Data><![CDATA[]]></Data>
    <Ementa />
    <Titulo />
    <SubTitulo />
    <Texto><![CDATA[<p class="identifica">PORTARIA Nº 127, DE 22 DE MARÇO DE 2018</p><p>O VICE - PRESIDENTE DO TRIBUNAL REGIONAL DO TRABALHO DA 7ª REGIÃO, no exercício da Presidência, no uso de suas atribuições legais, com fulcro nos artigos 15, parágrafo 4º, e 35, inciso I, da Lei nº 8.112/1990 e PROAD nº 1382/2018, resolve:</p><p>Dispensar o Analista Judiciário - Área Judiciária do Quadro Permanente de Pessoal deste Tribunal, CLÁUDIO CAVALCANTE SALMITO, da função comissionada FC2, com atribuições de Assistente (cód. 210083), vinculada à 10ª Vara do Trabalho de Fortaleza, oriunda do Ato nº 86/1987, transformado pelo Ato nº 207/2008, alterado pelo de nº 40/2011 da Presidência deste Tribunal e designá-lo para exercer a função comissionada FC3, com atribuições de Secretário de Audiência (cód. 200071), vinculada à 10ª Vara do Trabalho de Fortaleza, oriunda do Ato nº 110/2010, alterado pelo de nº 40/2011 da Presidência deste Tribunal, em virtude da dispensa de Rafael Linhares de Mendonça.</p><p class="assina">JEFFERSON QUESADO JÚNIOR</p><p></p>]]></Texto>
  </body>
</article></xml>