﻿<xml><article id="2342334" name="PORTARIAS GR - GVR - 2017 - DOU_" idOficio="4729576" pubName="DO2" artType="Portaria" pubDate="02/04/2018" artClass="00011:00135:00000:00000:00000:00000:00000:00000:00000:00000:00025:00002" artCategory="Ministério da Educação/Universidade Federal de Santa Maria" artSize="8" artNotes="" numberPage="27" pdfPage="http://pesquisa.in.gov.br/imprensa/jsp/visualiza/index.jsp?data=02/04/2018&amp;jornal=529&amp;pagina=27" editionNumber="62" highlight="" idMateria="10636417">
  <body>
    <Identifica><![CDATA[ PORTARIAS DE 26 DE MARÇO DE 2018 ]]></Identifica>
    <Data><![CDATA[]]></Data>
    <Ementa />
    <Titulo />
    <SubTitulo />
    <Texto><![CDATA[<p></p><p class="identifica">PORTARIAS DE 26 DE MARÇO DE 2018</p><p>O REITOR DA UNIVERSIDADE FEDERAL DE SANTA MARIA, no uso de suas atribuições legais e estatutárias, resolve:</p><p>Nº 88.275-DISPENSAR Nilson Amaury Siqueira, Matrícula SIAPE 382866, ocupante do cargo de Assistente em Administração, do Quadro Único de Pessoal da UFSM, da Função Gratificada de Chefe do Núcleo de Informática do Centro de Ciências Sociais e Humanas, Código FG-4.092, para a qual foi designado pela Portaria n. 41.598, de 13/12/2000. (Memorando n. 025/2018-CCSH)</p><p>Nº 88.276-DESIGNAR Elaine Patricia Farias de Mattos, Matrícula SIAPE 1859659, ocupante do cargo de Assistente em Administração, do Quadro Único de Pessoal da UFSM, para exercer a Função Gratificada de Diretora da Unidade de Tecnologia de Informação do Centro de Ciências Sociais e Humanas, Código FG-4.092.</p><p>II - Esta Portaria entra em vigor na data de sua publicação.</p><p class="assina">PAULO AFONSO BURMANN.</p><p></p>]]></Texto>
  </body>
</article></xml>