﻿<xml><article id="2342496" name="Port n° 02-2018 - Concessão de A" idOficio="4729793" pubName="DO2" artType="Portaria" pubDate="02/04/2018" artClass="00028:00008:00005:00000:00000:00000:00000:00000:00000:00000:00025:00001" artCategory="Ministério do Turismo/Instituto Brasileiro de Turismo/Diretoria de Gestão Interna" artSize="8" artNotes="" numberPage="66" pdfPage="http://pesquisa.in.gov.br/imprensa/jsp/visualiza/index.jsp?data=02/04/2018&amp;jornal=529&amp;pagina=66" editionNumber="62" highlight="" idMateria="10636837">
  <body>
    <Identifica><![CDATA[ Portaria nº 2, de 27 de março de 2018]]></Identifica>
    <Data><![CDATA[]]></Data>
    <Ementa />
    <Titulo />
    <SubTitulo />
    <Texto><![CDATA[<p class="identifica">Portaria nº 2, de 27 de março de 2018</p><p>O Diretor de Gestão Interna da EMBRATUR - Instituto Brasileiro de Turismo, no uso de suas atribuições conferidas pela Portaria nº 151, de 26 de agosto de 2016, publicada no DOU de 29 de agosto de 2016, e tendo em vista o que consta do Processo SEI nº 72100.000651/2018-10, resolve:</p><p>Art. 1º Conceder aposentadoria voluntária a MARIA DA NATIVIDADE TURIBIO MEIRA, Matrícula SIAPE nº 678533, ocupante do cargo de Telefonista, Classe S, Padrão III, Nível Intermediário, do Quadro de Pessoal da EMBRATUR - Instituto Brasileiro de Turismo, com fundamento no artigo 3º da Emenda Constitucional nº 47, de 5 de julho de 2005.</p><p class="assina">TUFI DANIEL RODRIGO VESELY</p>]]></Texto>
  </body>
</article></xml>