﻿<xml><article id="2343093" name="2018-03-28/4731320/TCUWS_1063967" idOficio="4731320" pubName="DO2" artType="Portaria" pubDate="02/04/2018" artClass="00035:00008:00002:00002:00000:00000:00000:00000:00000:00000:00025:00001" artCategory="Tribunal de Contas da União/Secretaria-Geral de Administração/Secretaria de Gestão de Pessoas/Diretoria de Legislação de Pessoal" artSize="8" artNotes="" numberPage="74" pdfPage="http://pesquisa.in.gov.br/imprensa/jsp/visualiza/index.jsp?data=02/04/2018&amp;jornal=529&amp;pagina=74" editionNumber="62" highlight="" idMateria="10639674">
  <body>
    <Identifica><![CDATA[ PORTARIA Nº 63, DE 28 DE MARÇO DE 2018]]></Identifica>
    <Data><![CDATA[]]></Data>
    <Ementa />
    <Titulo />
    <SubTitulo />
    <Texto><![CDATA[<p class="identifica">PORTARIA Nº 63, DE 28 DE MARÇO DE 2018</p><p>O DIRETOR DE LEGISLAÇÃO DE PESSOAL DO TRIBUNAL DE CONTAS DA UNIÃO, no uso das atribuições que lhe confere o disposto no inciso I, do art. 13 da Portaria n° 21, de 09 de fevereiro de 2018, do Secretário de Gestão de Pessoas deste Tribunal, resolve:</p><p>Art. 1º Dispensar, a pedido, a contar de 02 de abril de 2018, EDUARDO MÁRIO JOERKE MENDES JUNIOR, Matrícula 10651-8, AUFC, da função de confiança de Assessor, código FC-3, exercida na Assessoria da Secretaria de Controle Externo no Estado do Mato Grosso/SEGECEX.</p><p class="assina">CÍCERO MEDEIROS DE ALENCAR</p>]]></Texto>
  </body>
</article></xml>