﻿<xml><article id="2415154" name="068 - Exonera Mário Henrique Dit" idOficio="4727008" pubName="DO2" artType="Portaria" pubDate="05/04/2018" artClass="00038:00001:00002:00000:00000:00000:00000:00000:00000:00000:00025:00001" artCategory="Poder Judiciário/Supremo Tribunal Federal/Presidência" artSize="8" artNotes="" numberPage="67" pdfPage="http://pesquisa.in.gov.br/imprensa/jsp/visualiza/index.jsp?data=05/04/2018&amp;jornal=529&amp;pagina=67" editionNumber="65" highlight="" idMateria="10631937">
  <body>
    <Identifica><![CDATA[ PORTARIA Nº 68, DE 26 DE MARÇO DE 2018]]></Identifica>
    <Data><![CDATA[]]></Data>
    <Ementa />
    <Titulo />
    <SubTitulo />
    <Texto><![CDATA[<p class="identifica">PORTARIA Nº 68, DE 26 DE MARÇO DE 2018</p><p>A PRESIDENTE DO SUPREMO TRIBUNAL FEDERAL, no uso de suas atribuições e com base no inc. I do art. 35 da Lei nº 8.112/1990, resolve, Por solicitação do Ministro Marco Aurélio:</p><p>Exonerar MÁRIO HENRIQUE DITTICIO do cargo em comissão de Assessor de Ministro, nível CJ-3, de seu Gabinete.</p><p class="assina">Min. CÁRMEN LÚCIA</p>]]></Texto>
  </body>
</article></xml>