﻿<xml><article id="2341400" name="Portaria redistribuição cargo va" idOficio="4726579" pubName="DO2" artType="Portaria" pubDate="02/04/2018" artClass="00038:00017:00000:00000:00000:00000:00000:00000:00000:00000:00025:00001" artCategory="Poder Judiciário/Tribunal Regional Eleitoral do Ceará" artSize="8" artNotes="" numberPage="80" pdfPage="http://pesquisa.in.gov.br/imprensa/jsp/visualiza/index.jsp?data=02/04/2018&amp;jornal=529&amp;pagina=80" editionNumber="62" highlight="" idMateria="10630687">
  <body>
    <Identifica><![CDATA[ PORTARIA Nº 381, de 20 de março de 2018]]></Identifica>
    <Data><![CDATA[]]></Data>
    <Ementa />
    <Titulo />
    <SubTitulo />
    <Texto><![CDATA[<p class="identifica">PORTARIA Nº 381, de 20 de março de 2018</p><p>A PRESIDENTE DO TRIBUNAL REGIONAL ELEITORAL DO CEARÁ, no uso das atribuições que lhe confere o inciso VIII do artigo 17 do Regimento Interno deste Tribunal,</p><p>CONSIDERANDO o disposto na Resolução n.º 146/2012, do Conselho Nacional de Justiça, que dispõe sobre o instituto da redistribuição de cargos efetivos dos quadros de pessoal dos órgãos do Poder Judiciário da União,</p><p>CONSIDERANDO o disposto no inciso II do artigo 6º da Resolução TSE n.º 23.430/2014, no inciso II do artigo 2º e no inciso I do artigo 9º da Resolução TRE-CE n.º 634/2016,</p><p>CONSIDERANDO, por fim, a decisão e a documentação constantes do Processo Administrativo Digital n.º 18.693/2017, resolve:</p><p>Art. 1º Redistribuir, nos termos do artigo 37 da Lei n.º 8.112/1990, com redação dada pela Lei n.º 9.527/1997, para o Quadro Permanente de Pessoal do Tribunal Regional Eleitoral do Pará, o cargo efetivo vago de Técnico Judiciário, Área Administrativa, do Quadro Permanente de Pessoal deste Tribunal, criado pela Lei n.º 6.082, de 10 de julho de 1974, tendo por reciprocidade a redistribuição simultânea, para o Quadro Permanente de Pessoal deste Tribunal, do cargo efetivo de Técnico Judiciário, Área Administrativa, ocupado pelo servidor HARLEY SILVA LOPES, pertencente ao Quadro Permanente de Pessoal daquele Tribunal.</p><p>Art. 2º Estabelecer na Secretaria deste Tribunal a lotação do cargo ocupado pelo servidor redistribuído.</p><p>Art. 3º Esta Portaria entra em vigor na data de sua publicação, com efeitos a partir de 1º de abril de 2018.</p><p class="assina">Desa. MARIA NAILDE PINHEIRO NOGUEIRA</p>]]></Texto>
  </body>
</article></xml>