﻿<xml><article id="2343057" name="PORTARIA Nº 35 APOSENTADORIA ROS" idOficio="4730325" pubName="DO2" artType="Portaria" pubDate="02/04/2018" artClass="00009:00010:00000:00000:00000:00000:00000:00000:00000:00000:00025:00001" artCategory="Ministério da Cultura/Fundação Biblioteca Nacional" artSize="8" artNotes="" numberPage="13" pdfPage="http://pesquisa.in.gov.br/imprensa/jsp/visualiza/index.jsp?data=02/04/2018&amp;jornal=529&amp;pagina=13" editionNumber="62" highlight="" idMateria="10637534">
  <body>
    <Identifica><![CDATA[ PORTARIA Nº 35, DE 19 DE MARÇO DE 2018]]></Identifica>
    <Data><![CDATA[]]></Data>
    <Ementa />
    <Titulo />
    <SubTitulo />
    <Texto><![CDATA[<p class="identifica">PORTARIA Nº 35, DE 19 DE MARÇO DE 2018</p><p>A PRESIDENTE DA FUNDAÇÃO BIBLIOTECA NACIONAL, no uso das atribuições que lhe são conferidas pelo Estatuto da Entidade, aprovado pelo Decreto nº 8.297, de 15 de agosto de 2014, publicado no Diário Oficial da União de 18 de agosto de 2014, e tendo em vista o que consta do Processo Administrativo nº 01430.000077/2018-10, resolve:</p><p>Art. 1º Conceder aposentadoria voluntária com proventos integrais à servidora ROSE MARY GUERRA AMORIM, matrícula SIAPE nº 224854, ocupante do cargo de Técnico em Documentação II, Classe S, Padrão III, do Quadro de Pessoal da Fundação Biblioteca Nacional, com fundamento no parágrafo único e incisos I e II do artigo 3º da Emenda Constitucional nº 47/2005, combinado com artigo 62-A da Lei nº 8.112/1990, ficando declarada a vacância da vaga 96091 do referido cargo.</p><p class="assina">HELENA SEVERO</p>]]></Texto>
  </body>
</article></xml>