﻿<xml><article id="2342424" name="DOU 2-PUBLICAR-02-ABRIL-RS-PT-25" idOficio="4729390" pubName="DO2" artType="Portaria" pubDate="02/04/2018" artClass="00034:00007:00042:00000:00000:00000:00000:00000:00000:00000:00025:00001" artCategory="Ministério Público da União/Ministério Público Federal/Procuradoria da República no Estado do Rio Grande do Sul" artSize="8" artNotes="" numberPage="73" pdfPage="http://pesquisa.in.gov.br/imprensa/jsp/visualiza/index.jsp?data=02/04/2018&amp;jornal=529&amp;pagina=73" editionNumber="62" highlight="" idMateria="10636123">
  <body>
    <Identifica><![CDATA[ PORTARIA Nº 255, DE 26 DE MARÇO DE 2018]]></Identifica>
    <Data><![CDATA[]]></Data>
    <Ementa />
    <Titulo />
    <SubTitulo />
    <Texto><![CDATA[<p class="identifica">PORTARIA Nº 255, DE 26 DE MARÇO DE 2018</p><p>A PROCURADORA-CHEFE DA PROCURADORIA DA REPÚBLICA NO ESTADO DO RIO GRANDE DO SUL, no exercício de suas atribuições legais, de acordo com a competência que lhe foi delegada pela Portaria PGR nº 1.036, de 27/09/2017, e tendo em vista a remoção de ofício dos servidores lotados na Procuradoria da República no Município de Cachoeira do Sul, conforme Portaria PGR nº 166, de 15/03/2018, em decorrência de decisão nos autos do Processo Administrativo nº 1.00.000.016655/2017-09, resolve:</p><p>1. Dispensar, a contar de 12/03/2018, servidor LAURO CRISTIANO PACHECO, Técnico do MPU/Administração, matr. 26851, da função de confiança de Chefe do Setor Administrativo, Código FC-1, da Procuradoria da República no Município de Cachoeira do Sul, no Estado do Rio Grande do Sul;</p><p>2. Dispensar, a contar de 02/03/2018, o servidor ÉDERSON SAMPAIO FOGLIARINI, Técnico do MPU/Administração, matr. 19817, da função de confiança de Chefe do Setor Jurídico, Código FC-1, da Procuradoria da República no Município de Cachoeira no Sul, no Estado do Rio Grande do Sul;</p><p>2. Dispensar, a contar de 02/03/2018, o servidor ROBSON RODRIGUES GASPARY, Técnico do MPU/Administração, matr. 25608, da função de confiança de Coordenador de PRM, Código FC-</p><p>3, da Procuradoria da República no Estado do Rio Grande do Sul.</p><p class="assina">PATRICIA MARIA NUNEZ WEBER</p>]]></Texto>
  </body>
</article></xml>