﻿<xml><article id="2341860" name="174-GASPAR RODRIGUES- CJ-2" idOficio="4728360" pubName="DO2" artType="Portaria" pubDate="02/04/2018" artClass="00038:00004:00001:00002:00000:00000:00000:00000:00000:00000:00025:00007" artCategory="Poder Judiciário/Superior Tribunal de Justiça/Presidência/Secretaria" artSize="8" artNotes="" numberPage="77" pdfPage="http://pesquisa.in.gov.br/imprensa/jsp/visualiza/index.jsp?data=02/04/2018&amp;jornal=529&amp;pagina=77" editionNumber="62" highlight="" idMateria="10634023">
  <body>
    <Identifica><![CDATA[ PORTARIA Nº 174 DE 26 DE MARÇO DE 2018]]></Identifica>
    <Data><![CDATA[]]></Data>
    <Ementa />
    <Titulo />
    <SubTitulo />
    <Texto><![CDATA[<p class="identifica">PORTARIA Nº 174 DE 26 DE MARÇO DE 2018</p><p>A DIRETORA-GERAL DA SECRETARIA DO SUPERIOR TRIBUNAL DE JUSTIÇA, com base no item 16.2, XI, b, do Manual de Organização e no disposto no caput do art. 38 da Lei n. 8.112, de 11 de dezembro de 1990, resolve:</p><p>Art. 1º Designar GASPAR RODRIGUES DA ROCHA, matrícula S067380, para substituir o Coordenador de Triagem e Autuação de Processos Recursais, código CJ-2, da Secretaria Judiciária, em seus afastamentos e impedimentos legais ou regulamentares e na vacância do cargo em comissão.</p><p>Art. 2º Revogar a designação de ÉVERTON DE BARROS CRUZ, matrícula S053001, objeto da Portaria STJ/GDG n. 868 de 13 de outubro de 2016, publicada no Diário Oficial da União do dia 17 subsequente.</p><p>Art. 3º Esta portaria entra em vigor na data de sua publicação.</p><p class="assina">Sulamita Avelino Cardoso Marques</p>]]></Texto>
  </body>
</article></xml>