﻿<xml><article id="2342040" name="ATO GDGSET 162_2018_DISP_DESIG_A" idOficio="4728591" pubName="DO2" artType="Ato" pubDate="02/04/2018" artClass="00038:00005:00009:00000:00000:00000:00000:00000:00000:00000:00001:00004" artCategory="Poder Judiciário/Tribunal Superior do Trabalho/Secretaria" artSize="8" artNotes="" numberPage="78" pdfPage="http://pesquisa.in.gov.br/imprensa/jsp/visualiza/index.jsp?data=02/04/2018&amp;jornal=529&amp;pagina=78" editionNumber="62" highlight="" idMateria="10634416">
  <body>
    <Identifica><![CDATA[ ATO Nº 162, DE 26 DE MARÇO DE 2018]]></Identifica>
    <Data><![CDATA[]]></Data>
    <Ementa />
    <Titulo />
    <SubTitulo />
    <Texto><![CDATA[<p class="identifica">ATO Nº 162, DE 26 DE MARÇO DE 2018</p><p>O DIRETOR-GERAL DA SECRETARIA SUBTITUTO DO TRIBUNAL SUPERIOR DO TRABALHO, no uso de suas atribuições legais e regulamentares,</p><p>considerando o constante do memorando nº 18, de 23/3/2018, do Gabinete do Ex.mo Sr. Ministro Breno Medeiros, resolve:</p><p>1 - Designar a servidora ANAMARIA MONTINI DE CASTRO, código 36836, Técnica Judiciária, Área Administrativa, para exercer a função comissionada de Assistente 5, Nível FC-5, do Gabinete do Ex.mo Sr. Ministro Breno Medeiros, ficando dispensada da função comissionada de Assistente 6, Nível FC-6, do referido Gabinete.</p><p>2 - Designar a servidora NATHALIA FERNANDES SANTOS, código 51609, Técnica Judiciária, Área Administrativa, para exercer a função comissionada de Assistente 6, Nível FC-6, do Gabinete do Ex.mo Sr. Ministro Breno Medeiros, ficando dispensada da função comissionada de Assistente 5, Nível FC-5, do referido Gabinete.</p><p class="assina">JOSÉ RAILTON SILVA RÊGO</p>]]></Texto>
  </body>
</article></xml>