﻿<xml><article id="2342568" name="TRF2-ATP-2018-00107 (2)" idOficio="4729242" pubName="DO2" artType="Ato" pubDate="02/04/2018" artClass="00038:00008:00001:00000:00000:00000:00000:00000:00000:00000:00001:00008" artCategory="Poder Judiciário/Tribunal Regional Federal da 2ª Região/Presidência" artSize="8" artNotes="" numberPage="80" pdfPage="http://pesquisa.in.gov.br/imprensa/jsp/visualiza/index.jsp?data=02/04/2018&amp;jornal=529&amp;pagina=80" editionNumber="62" highlight="" idMateria="10635907">
  <body>
    <Identifica><![CDATA[ ATO Nº 107, DE 22 DE MARÇO DE 2018]]></Identifica>
    <Data><![CDATA[]]></Data>
    <Ementa />
    <Titulo />
    <SubTitulo />
    <Texto><![CDATA[<p class="identifica">ATO Nº 107, DE 22 DE MARÇO DE 2018</p><p>O PRESIDENTE DO TRIBUNAL REGIONAL FEDERAL DA 2ª REGIÃO, no uso de suas atribuições, e considerando o que consta nos autos do Procedimento Administrativo nº TRF2-PES-2017/01593, resolve:</p><p>I - REDISTRIBUIR o cargo de Técnico Judiciário, Área Administrativa, Nível Intermediário, ocupado pelo servidor VINÍCIUS RAMIRO CAMPOS, do Quadro de Pessoal da Justiça Federal de Primeiro Grau - Seção Judiciária do Estado do Espírito Santo, para o Quadro de Pessoal da Seção Judiciária de Minas Gerais, vinculada ao Tribunal Regional Federal da 1ª Região, em reciprocidade com o cargo de Técnico Judiciário, Área Administrativa, Nível Intermediário, ocupado pela servidora ANA PAULA SOARES, do Quadro de Pessoal da Seção Judiciária de Minas Gerais, com fulcro no art. 37, da Lei nº 8.112-90 e na Resolução nº 146, de 06.03.2012, do Conselho Nacional de Justiça;</p><p>II - Conceder 20 (vinte) dias de trânsito à servidora ANA PAULA SOARES, com base no art. 18 da Lei nº 8.112-90, e no art. 7º da Resolução nº 146, de 06.03.2012, do Conselho Nacional de Justiça.</p><p class="assina">ANDRÉ FONTES</p>]]></Texto>
  </body>
</article></xml>