﻿<xml><article id="2341514" name="Exonera e nomeia Neivaldo Tenori" idOficio="4728125" pubName="DO2" artType="Ato" pubDate="02/04/2018" artClass="00038:00058:00001:00000:00000:00000:00000:00000:00000:00000:00001:00003" artCategory="Poder Judiciário/Tribunal Regional do Trabalho da 19ª Região/Presidência" artSize="8" artNotes="" numberPage="87" pdfPage="http://pesquisa.in.gov.br/imprensa/jsp/visualiza/index.jsp?data=02/04/2018&amp;jornal=529&amp;pagina=87" editionNumber="62" highlight="" idMateria="10633650">
  <body>
    <Identifica><![CDATA[ PORTARIA Nº  29, DE 26 DE MARÇO DE 2018]]></Identifica>
    <Data><![CDATA[]]></Data>
    <Ementa />
    <Titulo />
    <SubTitulo />
    <Texto><![CDATA[<p class="identifica">PORTARIA Nº 29, DE 26 DE MARÇO DE 2018</p><p>O DESEMBARGADOR PRESIDENTE DO TRIBUNAL REGIONAL DO TRABALHO DA DÉCIMA NONA REGIÃO, usando de suas atribuições legais e regimentais estabelecidas no inciso VII do artigo 24 do Regimento Interno, no inciso II do art. 9º e inciso I do art. 35 da Lei nº 8112/1990 e considerando o contido no PROAD nº 57.546/2018, Considerando o contido no Ato GP TRT 19 nº 25, de 26.03.2018 e na Resolução Administrativa TRT 19 nº 130/2017, que aprova o Regulamento Geral de Secretaria, resolve:</p><p>Art. 1º. Exonerar o servidor Neivaldo Tenório de Lima, Técnico Judiciário, do cargo em comissão de Diretor, de nível CJ-3, da Secretaria de Licitações.</p><p>Art. 2º. Nomear o servidor para exercer o cargo em comissão de Coordenador, de nível CJ-2, da Coordenadoria de Licitações.</p><p>Art. 3º. Os efeitos do presente Ato vigoram a partir da publicação.</p><p></p><p class="assina">PEDRO INÁCIO DA SILVA</p><p></p>]]></Texto>
  </body>
</article></xml>