﻿<xml><article id="2342571" name="ATO Nº TRF2-ATP-2018-00099 DE 15" idOficio="4729242" pubName="DO2" artType="Ato" pubDate="02/04/2018" artClass="00038:00008:00001:00000:00000:00000:00000:00000:00000:00000:00001:00002" artCategory="Poder Judiciário/Tribunal Regional Federal da 2ª Região/Presidência" artSize="8" artNotes="" numberPage="79" pdfPage="http://pesquisa.in.gov.br/imprensa/jsp/visualiza/index.jsp?data=02/04/2018&amp;jornal=529&amp;pagina=79" editionNumber="62" highlight="" idMateria="10635903">
  <body>
    <Identifica><![CDATA[ ATO Nº 99, DE 15 DE MARÇO DE 2018]]></Identifica>
    <Data><![CDATA[]]></Data>
    <Ementa />
    <Titulo />
    <SubTitulo />
    <Texto><![CDATA[<p class="identifica">ATO Nº 99, DE 15 DE MARÇO DE 2018</p><p>O PRESIDENTE DO TRIBUNAL REGIONAL FEDERAL DA 2ª REGIÃO, no uso de suas atribuições, tendo em vista o que consta nos autos do Procedimento Administrativo nº JFRJ-PES-2018/00118, resolve:</p><p>DECLARAR VAGO, a partir de 20.02.2018, o cargo efetivo de Técnico Judiciário, Área Administrativa, Nível Intermediário, Classe B, Padrão 6, do Quadro de Pessoal da Justiça Federal de Primeiro Grau - Seção Judiciária do Rio de Janeiro, ocupado pelo servidor RAMON MENDES DE ALMEIDA, em razão de posse em outro cargo público inacumulável, nos termos do art. 33, inciso VIII, da Lei nº 8.112 de 1990, em interpretação conjunta com a Resolução nº 03, de 2008, do Conselho da Justiça Federal.</p><p class="assina">ANDRÉ FONTES</p>]]></Texto>
  </body>
</article></xml>