﻿<xml><article id="2342967" name="PORTARIA Nº 1.208 - 28.03.2018- " idOficio="4731040" pubName="DO2" artType="Portaria" pubDate="02/04/2018" artClass="00011:00125:00000:00000:00000:00000:00000:00000:00000:00000:00025:00002" artCategory="Ministério da Educação/Universidade Federal de Pernambuco" artSize="8" artNotes="" numberPage="33" pdfPage="http://pesquisa.in.gov.br/imprensa/jsp/visualiza/index.jsp?data=02/04/2018&amp;jornal=529&amp;pagina=33" editionNumber="62" highlight="" idMateria="10639200">
  <body>
    <Identifica><![CDATA[ PORTARIA Nº 1.208, DE 28 DE MARÇO DE 2018.]]></Identifica>
    <Data><![CDATA[]]></Data>
    <Ementa />
    <Titulo />
    <SubTitulo />
    <Texto><![CDATA[<p class="identifica">PORTARIA Nº 1.208, DE 28 DE MARÇO DE 2018.</p><p>A VICE-REITORA DA UNIVERSIDADE FEDERAL DE PERNAMBUCO, no uso de suas atribuições conferidas pelo Decreto, de 08/10/2015, publicado no D.O.U. de 09/10/2015 e tendo em vista o que consta no processo nº 23076.015667/2017-85, resolve:</p><p>Conceder Aposentadoria Voluntária a ANA MARIA DE FRANÇA SILVA, Matrícula SIAPE nº 1133414, ocupante do cargo de Técnico de Laboratório-Área, Nível de Classificação "D", Nível de Capacitação III, Padrão 16, do Quadro de Pessoal desta Universidade, com fundamento no artigo 3º, da Emenda Constitucional nº 47/2005, com os proventos integrais do cargo.</p><p class="assina">FLORISBELA DE ARRUDA CÂMARA E SIQUEIRA CAMPOS</p>]]></Texto>
  </body>
</article></xml>