﻿<xml><article id="2341448" name="PUBLICAR-02-04-DOU 2-SP-2PT-188-" idOficio="4727413" pubName="DO2" artType="Portaria" pubDate="02/04/2018" artClass="00034:00007:00046:00000:00000:00000:00000:00000:00000:00000:00025:00001" artCategory="Ministério Público da União/Ministério Público Federal/Procuradoria da República no Estado de São Paulo" artSize="8" artNotes="" numberPage="73" pdfPage="http://pesquisa.in.gov.br/imprensa/jsp/visualiza/index.jsp?data=02/04/2018&amp;jornal=529&amp;pagina=73" editionNumber="62" highlight="" idMateria="10632550">
  <body>
    <Identifica><![CDATA[ PORTARIA Nº 188, DE 26 DE MARÇO DE 2018]]></Identifica>
    <Data><![CDATA[]]></Data>
    <Ementa />
    <Titulo />
    <SubTitulo />
    <Texto><![CDATA[<p class="identifica">PORTARIA Nº 188, DE 26 DE MARÇO DE 2018</p><p>O PROCURADOR-CHEFE SUBSTITUTO DA PROCURADORIA DA REPÚBLICA NO ESTADO DE SÃO PAULO, no uso de suas atribuições previstas no inciso II, artigo 50 da Lei Complementar nº 75, de 20 de maio de 1993, e no Regimento Interno Administrativo do MPF, aprovado pela Portaria n.º SG/MPF n.º 382, de 05 de maio de 2015, resolve:</p><p>1. Exonerar a servidora LUCIA HELENA SILVEIRA, Matrícula nº 20237, ocupante do cargo de Técnico do MPU/Administração, do Cargo em Comissão de Assessor Nível II do Gabinete do Procurador Athayde Ribeiro Costa, CC-2, da Procuradoria da República no Município de Campinas.</p><p>2. Nomear a servidora MARIA ELISA LEITE DO CANTO, Matrícula nº 16914, ocupante do cargo de Técnico do MPU/Administração, para o Cargo em Comissão de Assessor Nível II do Gabinete do Procurador Athayde Ribeiro Costa, CC-2, da Procuradoria da República no Município de Campinas.</p><p>3. Exonerar a servidora LUCIA HELENA SILVEIRA, Matrícula nº 20237, ocupante do cargo de Técnico do MPU/Administração, do encargo de substituto eventual da Coordenadoria Administrativa, CC-1, da Procuradoria da República no Município de Campinas.</p><p>4. Exonerar a servidora MARCIA COROMBERK DOS SANTOS HESSLER, Matrícula nº 10037, ocupante do cargo de Técnico do MPU/Administração, do Cargo em Comissão de Coordenador Administrativo, CC-1, da Procuradoria da República no Município de Campinas.</p><p>5. Nomear a servidora LUCIA HELENA SILVEIRA, Matrícula nº 20237, ocupante do cargo de Técnico do MPU/Administração, para o Cargo em Comissão de Coordenador Administrativo, CC-1, da Procuradoria da República no Município de Campinas.</p><p>6. Dispensar a servidora VIVIANI GUSTAVO DE SOUZA, Matrícula nº 4909, ocupante do cargo de Analista do MPU/Gestão Pública, da chefia da Subcoordenadoria Administrativa, FC-2, da Procuradoria da República no Município de Campinas.</p><p>7. Designar a servidora MARCIA COROMBERK DOS SANTOS HESSLER, Matrícula nº 10037, ocupante do cargo de Técnico do MPU/Administração, para a chefia da Subcoordenadoria Administrativa, FC-2, da Procuradoria da República no Município de Campinas.</p><p>8. Dispensar o servidor PAULO RICARDO CARVALHO JACOME, Matrícula nº 25024, ocupante do cargo de Técnico do MPU/Administração, da chefia do Setor de Apoio Administrativo, FC-1, da Procuradoria da República no Município de Campinas.</p><p>9. Dispensar a servidora HELOISA MAYATO DE FREITAS ROCHA, Matrícula nº 9981, ocupante do cargo de Técnico do MPU/Administração, da chefia do Setor de Pessoal, FC-1, da Procuradoria da República no Município de Campinas.</p><p>10. Designar o servidor LUIS CARLOS LEITE, Matrícula nº 3506, ocupante do cargo de Técnico do MPU/Administração, para a chefia do Setor de Pessoal, FC-1, da Procuradoria da República no Município de Campinas.</p><p>11. Dispensar a servidora MARIA ELISA LEITE DO CANTO, Matrícula nº 16914, ocupante do cargo de Técnico do MPU/Administração, da chefia da Subcoordenadoria Jurídica, FC-2, da Procuradoria da República no Município de Campinas.</p><p>12. Designar a servidora HELOISA MAYATO DE FREITAS ROCHA, Matrícula nº 9981, ocupante do cargo de Técnico do MPU/Administração, para a chefia da Subcoordenadoria Jurídica, FC-2, da Procuradoria da República no Município de Campinas.</p><p class="assina">LUIS EDUARDO MARROCOS DE ARAUJO</p>]]></Texto>
  </body>
</article></xml>