﻿<xml><article id="2342043" name="ATO GDGSET 164_2018_DISP_DESIG_A" idOficio="4728591" pubName="DO2" artType="Ato" pubDate="02/04/2018" artClass="00038:00005:00009:00000:00000:00000:00000:00000:00000:00000:00001:00005" artCategory="Poder Judiciário/Tribunal Superior do Trabalho/Secretaria" artSize="8" artNotes="" numberPage="78" pdfPage="http://pesquisa.in.gov.br/imprensa/jsp/visualiza/index.jsp?data=02/04/2018&amp;jornal=529&amp;pagina=78" editionNumber="62" highlight="" idMateria="10634417">
  <body>
    <Identifica><![CDATA[ ATO Nº 164, DE 27 DE MARÇO DE 2018]]></Identifica>
    <Data><![CDATA[]]></Data>
    <Ementa />
    <Titulo />
    <SubTitulo />
    <Texto><![CDATA[<p class="identifica">ATO Nº 164, DE 27 DE MARÇO DE 2018</p><p>O DIRETOR-GERAL DA SECRETARIA SUBSTITUTO DO TRIBUNAL SUPERIOR DO TRABALHO, no uso de suas atribuições legais e regulamentares,</p><p>considerando o constante do memorando nº 10, de 26/3/2018, do Gabinete do Ex.mo Sr. Ministro Ives Gandra da Silva Martins Filho, resolve:</p><p>1 - Designar a servidora ALINE GOMES DE LIMA, código 52642, Técnico Judiciário, Área Administrativa, para exercer a função comissionada de Assistente 4, Nível FC-4, do Gabinete do Ex.mo Sr. Ministro Ives Gandra da Silva Martins Filho, ficando dispensada da função comissionada de Assistente 3, Nível FC-3, do referido Gabinete.</p><p>2 - Designar a servidora DANIELLE RODRIGUES AVELINO, código 61697, Analista Judiciário do Quadro de Pessoal do Tribunal Regional do Trabalho da 16ª Região-MA, removida para esta Corte, para exercer a função comissionada de Assistente 3, Nível FC-3, do Gabinete do Ex.mo Sr. Ministro Ives Gandra da Silva Martins Filho, ficando dispensada da função comissionada de Assistente 2, Nível FC-2, do referido Gabinete.</p><p class="assina">JOSÉ RAILTON SILVA RÊGO</p>]]></Texto>
  </body>
</article></xml>