﻿<xml><article id="2342925" name="Exoneração Fernando Biagi_FORMAT" idOficio="4729551" pubName="DO2" artType="Portaria" pubDate="02/04/2018" artClass="00039:00045:00000:00000:00000:00000:00000:00000:00000:00000:00025:00001" artCategory="Entidades de Fiscalização do Exercício das Profissões Liberais/Conselho Federal de Fisioterapia e Terapia Ocupacional" artSize="8" artNotes="" numberPage="90" pdfPage="http://pesquisa.in.gov.br/imprensa/jsp/visualiza/index.jsp?data=02/04/2018&amp;jornal=529&amp;pagina=90" editionNumber="62" highlight="" idMateria="10637178">
  <body>
    <Identifica><![CDATA[ PORTARIA Nº 547, DE 28 DE MARÇO DE 2018]]></Identifica>
    <Data><![CDATA[]]></Data>
    <Ementa />
    <Titulo />
    <SubTitulo />
    <Texto><![CDATA[<p class="identifica">PORTARIA Nº 547, DE 28 DE MARÇO DE 2018</p><p>O PRESIDENTE DO CONSELHO FEDERAL DE FISIOTERAPIA E TERAPIA OCUPACIONAL, no uso de suas atribuições que lhe são conferidas pela Lei Federal nº. 6.316/75 e pela Resolução COFFITO nº 413/2012, resolve:</p><p>Artigo 1° Exonerar Fernando Biagi da Silva do cargo de Assessor Especial da Presidência do Conselho Federal de Fisioterapia e Terapia Ocupacional, na forma da Resolução COFFITO nº 413, de 19 de janeiro de 2012.</p><p>Artigo 2º Esta Portaria entra em vigor em 02 de abril de 2018.</p><p class="assina">ROBERTO MATTAR CEPEDA</p>]]></Texto>
  </body>
</article></xml>