﻿<xml><article id="2342397" name="FERNANDA GRAVINA - REDISTRIBUIÇÃ" idOficio="4729533" pubName="DO2" artType="Portaria" pubDate="02/04/2018" artClass="00038:00064:00001:00000:00000:00000:00000:00000:00000:00000:00025:00003" artCategory="Poder Judiciário/Tribunal Regional do Trabalho da 24ª Região/Presidência" artSize="8" artNotes="" numberPage="90" pdfPage="http://pesquisa.in.gov.br/imprensa/jsp/visualiza/index.jsp?data=02/04/2018&amp;jornal=529&amp;pagina=90" editionNumber="62" highlight="" idMateria="10636345">
  <body>
    <Identifica><![CDATA[ PORTARIA  Nº 51, de 27 de março de 2018]]></Identifica>
    <Data><![CDATA[]]></Data>
    <Ementa />
    <Titulo />
    <SubTitulo />
    <Texto><![CDATA[<p class="identifica">PORTARIA Nº 51, de 27 de março de 2018</p><p>O PRESIDENTE DO TRIBUNAL REGIONAL DO TRABALHO DA 24ª REGIÃO, no uso de suas atribuições legais e regimentais, CONSIDERANDO a Resolução nº 146, de 6 de março de 2012, do Conselho Nacional de Justiça, resolve:</p><p>REDISTRIBUIR, a partir de 2.4.2018, o cargo de Técnico Judiciário, Área Administrativa, do Quadro de Pessoal do Tribunal Regional do Trabalho da 24ª Região, ocupado pela servidora FERNANDA SANTOS GRAVINA, para o Quadro de Pessoal do Tribunal Regional do Trabalho da 4ª Região, em reciprocidade com o cargo de Técnico Judiciário, Área Administrativa, ocupado pela servidora LARISSA DE MENDONÇA LOUREIRO.</p><p></p><p class="assina">Des JOÃO DE DEUS GOMES DE SOUZA</p><p></p>]]></Texto>
  </body>
</article></xml>