﻿<xml><article id="2342463" name="PA2018-0961 - Republicação" idOficio="4729149" pubName="DO2" artType="Portaria" pubDate="02/04/2018" artClass="00031:00003:00001:00000:00000:00000:00000:00000:00000:00000:00025:00001" artCategory="Ministério dos Transportes, Portos e Aviação Civil/Agência Nacional de Aviação Civil/Superintendência de Gestão de Pessoas" artSize="8" artNotes="" numberPage="68" pdfPage="http://pesquisa.in.gov.br/imprensa/jsp/visualiza/index.jsp?data=02/04/2018&amp;jornal=529&amp;pagina=68" editionNumber="62" highlight="" idMateria="10635763">
  <body>
    <Identifica><![CDATA[ PORTARIA Nº 961, DE 21 DE MARÇO DE 2018  (*)]]></Identifica>
    <Data><![CDATA[]]></Data>
    <Ementa />
    <Titulo />
    <SubTitulo />
    <Texto><![CDATA[<p class="identifica">PORTARIA Nº 961, DE 21 DE MARÇO DE 2018 (*)</p><p>O SUPERINTENDENTE DE GESTÃO DE PESSOAS, no uso da atribuição que lhe confere o art. 1º, inciso V, da Portaria nº 2.086, de 22 de junho 2017, tendo em vista o disposto no art. 38, da Lei nº 8.112, de 11 de dezembro de 1990, e considerando o que consta do processo nº 00058.007557/2018-43, resolve:</p><p>DISPENSAR JAVÃ ATAYDE PEDREIRA DA SILVA, matrícula SIAPE nº 1622184, do encargo de substituto eventual do Cargo em Comissão de Gerente Técnico de Infraestrutura e Operações Aeroportuárias, código CGE IV, da Gerência de Certificação e Segurança Operacional, da Superintendência de Infraestrutura Aeroportuária desta Agência.</p><p class="assina">EDUARDO BORBA CHAFFIN JUNIOR</p><p>Republicado por ter saído indevidamente no DOU de 26.03.18, Seção 2, página 50.</p>]]></Texto>
  </body>
</article></xml>