﻿<xml><article id="2341349" name="5031.17 proad- Ato 34.2018 RISON" idOficio="4728041" pubName="DO2" artType="Ato" pubDate="02/04/2018" artClass="00038:00046:00001:00009:00004:00000:00000:00000:00000:00000:00001:00002" artCategory="Poder Judiciário/Tribunal Regional do Trabalho da 7ª Região/Presidência/Diretoria-Geral/Secretaria de Pessoal" artSize="8" artNotes="" numberPage="84" pdfPage="http://pesquisa.in.gov.br/imprensa/jsp/visualiza/index.jsp?data=02/04/2018&amp;jornal=529&amp;pagina=84" editionNumber="62" highlight="" idMateria="10633482">
  <body>
    <Identifica><![CDATA[ ATO Nº 34, de 22 de março de 2018]]></Identifica>
    <Data><![CDATA[]]></Data>
    <Ementa />
    <Titulo />
    <SubTitulo />
    <Texto><![CDATA[<p class="identifica">ATO Nº 34, de 22 de março de 2018</p><p>O VICE - PRESIDENTE DO TRIBUNAL REGIONAL DO TRABALHO DA 7ª REGIÃO, no exercício da Presidência, no uso de suas atribuições legais e regimentais, com fulcro no artigo 37 da Lei nº 8.112/90, artigo 20 da Lei nº 11.416/2006, e na forma regulamentada pela Resolução nº 146/2012, do Conselho Nacional de Justiça - CNJ e dando cumprimento ao contido na Resolução Administrativa TRT7ª nº 29/2018, de 30 de janeiro de 2018 (Processo TRT Nº 52/2018 e PROAD 5031/2017), resolve:</p><p>I - CESSAR, a contar de 02.04.2018, os efeitos da Portaria TRT7. Nº 656/2013, publicada no Diário Oficial da União em 18 de setembro de 2013, referente à remoção da servidora RISONEIDE DE MORAES PEREIRA, Analista Judiciária - Área Judiciária do Quadro do Quadro Permanente deste Regional mediante permuta com o servidor do Tribunal Regional do Trabalho da 19ª Região, EXPEDITO LEOPOLDO DE OLIVEIRA JÚNIOR.</p><p>II - redistribuir, a contar de 02.04.2018, o cargo efetivo de Analista Judiciário, Área Judiciária, pertencente ao Quadro Permanente de Pessoal deste Regional, ocupado pela servidora RISONEIDE DE MORAES PEREIRA, enquadrada na Classe "A", Padrão 5, para o Quadro de Pessoal do Tribunal Regional do Trabalho da 21ª Região, mediante quadrangulação com o cargo de idêntica denominação, pertencente ao Quadro Permanente do Tribunal Regional do Trabalho da 21ª Região, ocupado pelo servidor PAULO ROGÉRIO FLORES RIBEIRO para o Tribunal Regional do Trabalho da 2ª Região, com o cargo de idêntica denominação, pertencente ao Quadro Permanente do Tribunal Regional do Trabalho da 2ª Região, ocupado pela servidora CLARISSA TENÓRIO DE AMORIM, para o Tribunal Regional do Trabalho da 19ª Região com o cargo de idêntica denominação do Tribunal Regional do Trabalho da 19ª Região, ocupado pelo servidor EXPEDITO LEOPOLDO DE OLIVEIRA JÚNIOR para este Regional.</p><p></p><p class="assina">JEFFERSON QUESADO JÚNIOR</p><p></p>]]></Texto>
  </body>
</article></xml>