﻿<xml><article id="2342472" name="35 A74,87,93,143,177,194,199,162" idOficio="4729363" pubName="DO2" artType="Ato" pubDate="02/04/2018" artClass="00038:00041:00000:00000:00000:00000:00000:00000:00000:00000:00001:00001" artCategory="Poder Judiciário/Tribunal Regional do Trabalho da 2ª Região" artSize="8" artNotes="" numberPage="74" pdfPage="http://pesquisa.in.gov.br/imprensa/jsp/visualiza/index.jsp?data=02/04/2018&amp;jornal=529&amp;pagina=74" editionNumber="62" highlight="" idMateria="10636073">
  <body>
    <Identifica><![CDATA[ ATO  Nº 87, DE 9 DE FEVEREIRO DE 2018 ]]></Identifica>
    <Data><![CDATA[]]></Data>
    <Ementa />
    <Titulo />
    <SubTitulo />
    <Texto><![CDATA[<p class="identifica">ATO Nº 87, DE 9 DE FEVEREIRO DE 2018</p><p>O Desembargador Presidente do Tribunal Regional do Trabalho da 2ª Região, no uso de suas atribuições legais e regimentais, considerando o disposto no artigo 37, da Lei nº 8.112/1990, com a redação dada pela Lei nº 9.527/1997; de acordo com a Resolução nº 146/2012, do C. CNJ e tendo em vista o que consta do Processo Administrativo N.º SGP.CLP.SPROADM 835/2017, resolve:</p><p>Art. 1º Cessar os efeitos do Ato PR nº 12, de 10/01/2011, publicado no DOU, Seção 02, Poder Judiciário, p. 56, em 31/01/2011, que removeu, a pedido, para acompanhamento de cônjuge, a servidora ANDREA DIAS DE MENDONÇA RESENDE, matrícula nº 94005, Analista Judiciário - Área Judiciária, Especialidade Oficial de Justiça Avaliador Federal, do Quadro Permanente da Secretaria do TRT da 2ª Região, para o TRT da 10ª Região. Art. 2º Redistribuir o cargo de Analista Judiciário - Área Judiciária, Especialidade Oficial de Justiça Avaliador Federal, do Quadro Permanente da Secretaria do TRT da 2ª Região, ocupado pela servidora ANDREA DIAS DE MENDONÇA RESENDE, matrícula nº 94005, para o Quadro Permanente do TRT da 10ª Região, em reciprocidade com idêntico cargo vago. Art. 3º Este Ato PR entra em vigor na data de sua publicação.</p><p class="assina">Des. WILSON FERNANDES</p><p class="identifica">ATOS DE 26 DE FEVEREIRO DE 2018</p><p>O Desembargador Presidente do Tribunal Regional do Trabalho da 2ª Região, no uso de suas atribuições legais e regimentais, considerando o disposto no artigo 37, da Lei nº 8.112/1990, com a redação dada pela Lei nº 9.527/1997; de acordo com a Resolução nº 146/2012, do C. CNJ e conforme PROAD n° 19142/2017, resolve:</p><p>Nº 74 - Art. 1º Cessar os efeitos do Ato PR nº 1155, de 19 de dezembro de 2016, publicado no DOU, Seção 02, Poder Judiciário, p. 53, em 21/12/2016, que removeu, a pedido, por permuta, com Alex Jorge Domingues, a servidora MARIANA CALDAS NOGUEIRA, matrícula nº 142328, Técnico Judiciário - Área Administrativa, do Quadro Permanente da Secretaria do TRT da 2ª Região, para o Egrégio TRT da 15ª Região, a partir de 19/12/2016. Art. 2º Redistribuir o cargo de Técnico Judiciário - Área Administrativa, do Quadro Permanente da Secretaria do TRT da 2ª Região, ocupado pela servidora MARIANA CALDAS NOGUEIRA, matrícula nº 142328, para o Quadro Permanente da Secretaria do TRT da 15ª Região, em reciprocidade com o cargo de Técnico Judiciário - Área Administrativa, ocupado pelo servidor Alex Jorge Domingues. Art. 2º Este Ato PR entra em vigor na data de sua publicação.</p><p>O Desembargador Presidente do Tribunal Regional do Trabalho da 2ª Região, no uso de suas atribuições legais e regimentais, considerando o disposto no artigo 37, da Lei nº 8.112/1990, com a redação dada pela Lei nº 9.527/1997; de acordo com a Resolução nº 146/2012, do C. CNJ e tendo em vista o que consta do PROAD nº 15790/2017, resolve:</p><p>Nº 143 - Art. 1º Cessar os efeitos do Ato PR nº 769, publicado no DOU, Seção 02, Poder Judiciário, p. 52, em 18/08/2015, que removeu, a pedido, por permuta, a servidora CLARISSA TENORIO DE AMORIM, matrícula nº 141933, Analista Judiciário - Área Judiciária, do Quadro Permanente da Secretaria do TRT da 2ª Região, para o TRT da 21ª Região. Art. 2º Redistribuir o cargo de Analista Judiciário - Área Judiciária, do Quadro Permanente da Secretaria do TRT da 2ª Região, ocupado pela servidora CLARISSA TENORIO DE AMORIM, matrícula nº 141933, para o Quadro Permanente do TRT da 19ª Região, por meio de uma quadrangulação em que o servidor Paulo Rogério Flores Ribeiro, do TRT da 21ª Região, será redistribuído para este Tribunal, o servidor Expedito Leopoldo de Oliveira Júnior, do TRT da 19ª Região, será redistribuído para o TRT da 7ª Região, e a servidora Risoneide de Moraes Pereira, do TRT da 7ª Região, será redistribuída para o TRT da 21ª Região. Art. 3º Este Ato PR entra em vigor na data de sua publicação.</p><p class="assina">Des. WILSON FERNANDES</p><p class="identifica">ATO Nº 194, DE 7 DE MARÇO DE 2018</p><p>O Desembargador Presidente do Tribunal Regional do Trabalho da 2ª Região, no uso de suas atribuições legais e regimentais, considerando o disposto no artigo 36, da Lei nº 8.112/1990, no artigo 20, da Lei nº 11.416/2006, no anexo IV, da Portaria Conjunta nº 03/2007, na Resolução CSJT nº 110, de 31/08/2012; e tendo em vista o que consta do PROAD nº 20468/2017, resolve:</p><p>Art. 1º Remover, a pedido, por permuta com o servidor João Paulo Amarante Limoeiro, Técnico Judiciário - Área Administrativa, o servidor RONALD LAMAS CORRÊA, matrícula nº 164135, Técnico Judiciário - Área Administrativa, do Quadro Permanente da Secretaria do TRT da 2ª Região, para o Egrégio TRT da 10ª Região. Art. 2º Conceder Licença Trânsito de 10 (dez) dias ao servidor RONALD LAMAS CORRÊA, matrícula nº 164135, Técnico Judiciário - Área Administrativa, do Quadro Permanente da Secretaria do TRT da 2ª Região, nos termos do art. 18, da Lei nº 8.112/1990. Art. 3º Este Ato PR entra em vigor na data de sua publicação.</p><p class="assina">Des. WILSON FERNANDES</p><p class="identifica">ATO Nº 93, DE 12 DE MARÇO DE 2018</p><p>O Desembargador Presidente do Tribunal Regional do Trabalho da 2ª Região, no uso de suas atribuições legais e regimentais, considerando o disposto no artigo 36, da Lei nº 8.112/1990, no artigo 20, da Lei nº 11.416/2006, no anexo IV, da Portaria Conjunta nº 03/2007, na Resolução CSJT nº 110, de 31/08/2012; e tendo em vista o que consta do PROAD nº 19743/2017, resolve:</p><p>Art. 1º Remover, a pedido, por permuta com a servidora Raquel Lopes Decat, Técnico Judiciário - Área Administrativa, o servidor Adil Guedes do Nascimento Junior, matrícula nº 108170, Técnico Judiciário - Área Administrativa, do Quadro Permanente da Secretaria do TRT da 2ª Região, para o Egrégio TRT da 1ª Região. Art. 2º Conceder Licença Trânsito de 10 (dez) dias ao servidor Adil Guedes do Nascimento Junior, matrícula nº 108170, Técnico Judiciário - Área Administrativa, do Quadro Permanente da Secretaria do TRT da 2ª Região, nos termos do art. 18, da Lei nº 8.112/1990. Art. 3º Este Ato PR entra em vigor na data de sua publicação.</p><p class="assina">Des. WILSON FERNANDES</p><p class="identifica">ATO Nº 205, DE 15 DE MARÇO DE 2018</p><p>O Desembargador Presidente do Tribunal Regional do Trabalho da 2ª Região, no uso das atribuições que lhe confere o art. 2º da Lei nº 409/1948, combinada com a Lei nº 11.416/2006, de conformidade com o disposto no parágrafo único do art. 14 da Lei nº 8.112/1990, tendo em vista o que consta do Processo TRT/MA nº 0000008-44.2013.5.02.0000, Decreto Federal nº 3.298/1999 e suas alterações, e conforme Informação nº 5100/2018/SSAÚDE-TRT2, resolve:</p><p>Art. 1º Tornar sem efeito, em virtude do não enquadramento como pessoa com deficiência pela junta médica oficial, a nomeação de CESAR VEIGA CALADO para exercer cargo de Analista Judiciário - Área Judiciária, padrão TRT.2ª.A.NS.1, do Quadro Permanente da Secretaria do TRT da 2ª Região, efetivada pelo Ato PR nº 148, publicado no DOU, de 05/03/2018, em vaga decorrente da posse de Cristiano Cerqueira Cirino Gomes em outro cargo público. Art. 2º Este Ato PR entra em vigor na data de sua publicação.</p><p class="assina">Des. WILSON FERNANDES</p><p class="identifica">ATO Nº 199, DE 19 DE MARÇO DE 2018</p><p>O Desembargador Presidente do Tribunal Regional do Trabalho da 2ª Região, no uso de suas atribuições legais e regimentais, considerando o disposto no artigo 37, da Lei nº 8.112/1990, com a redação dada pela Lei nº 9.527/1997; de acordo com a Resolução nº 146/2012, do C. CNJ; e tendo em vista o que consta do PROAD nº 17801/2017, resolve:</p><p>Art. 1º Redistribuir o cargo de Técnico Judiciário - Área Administrativa, Especialidade Segurança, do Quadro Permanente da Secretaria do TRT da 2ª Região, ocupado pelo servidor SAULO DA SILVA BRINGEL, matrícula nº 144851 para o Quadro Permanente da Secretaria do TRT da 6ª Região, em reciprocidade com o cargo de Técnico Judiciário - Área Administrativa, Especialidade Segurança, ocupado pelo servidor Breno José de Paiva Soares. Art. 2º Conceder Licença-Trânsito de 10 (dez) dias ao servidor BRENO JOSÉ DE PAIVA SOARES, Técnico Judiciário - Área Administrativa, Especialidade Segurança, nos termos do art. 18, da Lei nº 8.112/90. Art. 3º Este Ato PR entra em vigor na data de sua publicação.</p><p class="assina">Des. WILSON FERNANDES</p><p class="identifica">ATO Nº 177, DE 20 DE MARÇO DE 2018</p><p>O Desembargador Presidente do Tribunal Regional do Trabalho da 2ª Região, no uso de suas atribuições legais e regimentais, e tendo em vista o que consta do PROAD n° 18270/2017, resolve:</p><p>Art. 1º Conceder aposentadoria voluntária, com proventos integrais, a VERA LUCIA DIAS JUNQUEIRA, matrícula 42773, Analista Judiciário - Área Judiciária, Especialidade Oficial de Justiça Avaliador Federal, padrão TRT.2ª.C.NS.13, do Quadro Permanente da Secretaria deste Tribunal, com fundamento no art. 3º, incisos I, II e III da Emenda Constitucional nº 47/2005, adicionada aos proventos a parcela de Vantagem Pessoal Nominalmente Identificada, nos termos do disposto no art. 62-A, da Lei nº 8.112/1990, acrescentado pela Medida Provisória nº 2.225-45/2001, correspondente à fração de 5/5 (cinco quintos) da Função Comissionada de Executante de Mandados, FC-05. Art. 2º Este Ato PR entra em vigor na data de sua publicação.</p><p class="assina">Des. WILSON FERNANDES</p><p class="identifica">ATO Nº 162, DE 26 DE MARÇO DE 2018</p><p>O Desembargador Presidente do Tribunal Regional do Trabalho da 2ª Região, no uso de suas atribuições legais e regimentais, considerando o disposto no artigo 36, parágrafo único, inciso I, da Lei nº 8.112/1990, artigo 20 da Lei nº 11.416/2006 e art. 7º, inciso I, da Resolução CSJT nº 110, de 31/08/2012; o contido no Processo Administrativo Nº SGP.CLP.SPADM 49/2018, deste Tribunal, e no OFÍCIO TST.CIF.SEGPES.GDGSET.GP Nº 004, de 18/01/2018, oriundo do C. TST, protocolo nº 000232/2018, resolve:</p><p>Art. 1º Cessar os efeitos do Ato PR nº 2193, de 12 de novembro de 2014, publicado no DOU, Seção 02, Poder Judiciário, p. 48, em 25 de novembro de 2014, referente à remoção, a pedido, por permuta, da servidora LÍLIA KAROLINE BARBOSA DE MACÊDO, matrícula nº 146307, a partir de 26/02/2018. Art. 2º Remover, de Ofício, a servidora LÍLIA KAROLINE BARBOSA DE MACÊDO, matrícula nº 146307, Técnico Judiciário - Área Administrativa, do Quadro Permanente da Secretaria do TRT da 2ª Região, para o Colendo Tribunal Superior do Trabalho, a partir de 26 de fevereiro de 2018.</p><p class="assina">Des. WILSON FERNANDES</p><p class="identifica">PORTARIA Nº 95 DE 23 DE MARÇO DE 2018</p><p>O Desembargador Presidente do Tribunal Regional do Trabalho da 2ª Região, no uso de suas atribuições legais e regimentais com o fundamento legal nos artigos 133, § 7º, da Lei nº 8.112/1990, e conforme Memorando-PAD nº 04/2018, de 22/03/2018, resolve:</p><p>Art. 1º Prorrogar, por 15 (quinze) dias, o prazo para conclusão do Processo Administrativo Disciplinar de Rito Sumário n.º SGP 11/2017, instaurado pela Portaria PR/SGP nº 177/2017, publicada no DOU, em 16/10/2017, e tendo como último ato a recondução efetivada pela Portaria PR/SGP nº 68/2018, publicada no DOU, em 01/03/2018. Art. 2º Esta Portaria PR/SGP entra em vigor na data de sua publicação.</p><p class="assina">Des. WILSON FERNANDES</p>]]></Texto>
  </body>
</article></xml>