﻿<xml><article id="2343045" name="PORTARIA Nº 1.209 - 28.03.2018 -" idOficio="4731040" pubName="DO2" artType="Portaria" pubDate="02/04/2018" artClass="00011:00125:00001:00005:00009:00000:00000:00000:00000:00000:00025:00003" artCategory="Ministério da Educação/Universidade Federal de Pernambuco/Reitoria/Pró-Reitoria de Gestão de Pessoas e Qualidade de Vida/Departamento de Gestão de Pessoas" artSize="8" artNotes="" numberPage="33" pdfPage="http://pesquisa.in.gov.br/imprensa/jsp/visualiza/index.jsp?data=02/04/2018&amp;jornal=529&amp;pagina=33" editionNumber="62" highlight="" idMateria="10639201">
  <body>
    <Identifica><![CDATA[ PORTARIA Nº 1.209, DE 28 DE MARÇO DE 2018 ]]></Identifica>
    <Data><![CDATA[]]></Data>
    <Ementa />
    <Titulo />
    <SubTitulo><![CDATA[ DIRETORIA DE DESENVOLVIMENTO DE PESSOAL]]></SubTitulo>
    <Texto><![CDATA[<p class="subtitulo">DIRETORIA DE DESENVOLVIMENTO DE PESSOAL</p><p class="identifica">PORTARIA Nº 1.209, DE 28 DE MARÇO DE 2018</p><p>O DIRETOR DA DIRETORIA DE DESENVOLVIMENTO DE PESSOAL DA UNIVERSIDADE FEDERAL DE PERNAMBUCO, no uso das atribuições que lhe foram delegadas pela Portaria Normativa nº 01/98, UFPE-GR, de 15 de maio de 1998 e considerando o disposto no artigo 9º do Decreto de nº 2.251, de 12 de junho de 1997, publicado no Diário Oficial da União de 13 (treze) subsequente e tendo em vista o contido no Processo UFPE nº 23076.010650/2018-12, resolve:</p><p>Conceder Pensão Civil a MARIA LÚCIA CARVALHO GUEDES E SILVA, viúva do ex-servidor JOAQUIM JOSÉ GUEDES E SILVA, Matrícula SIAPE n.º 1130985, ocupante do cargo de Professor de Magistério Superior, do Quadro de Pessoal desta Universidade, em regime de trabalho de Dedicação Exclusiva, falecido em inatividade funcional em 15/03/2018, com o fundamento legal contido na Lei n.º 8.112/90, DOU de 12/12/1990, Artigo 217, Inciso I, com nova redação dada pelo Artigo 3º, da Lei nº 13.135/15, DOU de 18/06/2015, a qual perceberá o benefício de acordo com o que dispõe a Emenda Constitucional n.º 41/03, publicada no DOU de 31/12/2003, regulamentada pela Lei n.º 10.887, de 18/06/04, publicada no DOU de 21/06/2004.</p><p class="assina">EUGÊNIO GEOVANI CARACIOLO E SILVA</p>]]></Texto>
  </body>
</article></xml>