﻿<xml><article id="2341466" name="1306.18P Port 129.2018 MARIANA E" idOficio="4728119" pubName="DO2" artType="Portaria" pubDate="02/04/2018" artClass="00038:00046:00001:00009:00004:00000:00000:00000:00000:00000:00001:00004" artCategory="Poder Judiciário/Tribunal Regional do Trabalho da 7ª Região/Presidência/Diretoria-Geral/Secretaria de Pessoal" artSize="8" artNotes="" numberPage="84" pdfPage="http://pesquisa.in.gov.br/imprensa/jsp/visualiza/index.jsp?data=02/04/2018&amp;jornal=529&amp;pagina=84" editionNumber="62" highlight="" idMateria="10633642">
  <body>
    <Identifica><![CDATA[  PORTARIA Nº 129, DE 26 DE MARÇO DE 2018]]></Identifica>
    <Data><![CDATA[]]></Data>
    <Ementa />
    <Titulo />
    <SubTitulo />
    <Texto><![CDATA[<p class="identifica">PORTARIA Nº 129, DE 26 DE MARÇO DE 2018</p><p>O VICE - PRESIDENTE DO TRIBUNAL REGIONAL DO TRABALHO DA 7ª REGIÃO, no exercício da Presidência, no uso de suas atribuições legais, com fulcro nos artigos 15, parágrafo 4º, e 35, inciso I, da Lei nº 8.112/1990 e PROAD nº 1306/2018, resolve:</p><p>Dispensar a Analista Judiciária - Área Judiciária do Quadro Permanente de Pessoal deste Tribunal, MARIANA ESTEVES STUDART AMORA, da função comissionada FC3, com atribuições de Secretário de Audiência (cód. 190052), vinculada à 16ª Vara do Trabalho de Fortaleza, oriunda da Lei nº 11.999/2009, regulamentada pelo Ato nº 119/2009, alterado pelo de nº 341/2011 da Presidência deste Tribunal, e designá-la para exercer a função comissionada FC5, com atribuições de Assistente de Juiz (140055), vinculada à 16ª Vara do Trabalho de Fortaleza, oriunda da Lei nº 11.999/2009, regulamentada pelos Atos nºs 119/2009 e 145/2009, alterado pelo de nº 22/2018 da Presidência deste Tribunal, em virtude da dispensa de Ítalo Leite Albuquerque;</p><p>Dispensar o especialista em Direito, ÍTALO LEITE ALBUQUERQUE, Técnico Judiciário - Área Administrativa do Quadro Permanente de Pessoal deste Tribunal, da função comissionada FC5, com atribuições de Assistente de Juiz (cód.140055), vinculada à 16ª Vara do Trabalho de Fortaleza, oriunda da Lei nº 11.999/2009, regulamentada pelos Atos nºs 119/2009 e 145/2009, alterado pelo de nº 22/2018 da Presidência deste Tribunal e designá-lo para exercer a função comissionada FC3, com atribuições de Secretário de Audiência (cód. 190052), vinculada à 16ª Vara do Trabalho de Fortaleza, oriunda da Lei nº 11.999/2009, regulamentada pelo Ato nº 119/2009, alterado pelo de nº 341/2011 da Presidência deste Tribunal, em virtude da dispensa de Mariana Esteves Studart Amora.</p><p class="assina">JEFFERSON QUESADO JÚNIOR</p><p></p>]]></Texto>
  </body>
</article></xml>