﻿<xml><article id="2350212" name="PORT 471 A 480" idOficio="4731468" pubName="DO2" artType="Portaria" pubDate="02/04/2018" artClass="00017:00002:00001:00000:00000:00000:00000:00000:00000:00000:00025:00001" artCategory="Ministério da Saúde/Secretaria Executiva/Subsecretaria de Assuntos Administrativos" artSize="8" artNotes="" numberPage="36" pdfPage="http://pesquisa.in.gov.br/imprensa/jsp/visualiza/index.jsp?data=02/04/2018&amp;jornal=529&amp;pagina=36" editionNumber="62" highlight="" idMateria="10639987">
  <body>
    <Identifica><![CDATA[PORTARIA Nº 471, DE 27 DE MARÇO DE 2018]]></Identifica>
    <Data><![CDATA[]]></Data>
    <Ementa />
    <Titulo />
    <SubTitulo><![CDATA[ ANEXO]]></SubTitulo>
    <Texto><![CDATA[<p class="identifica">PORTARIA Nº 471, DE 27 DE MARÇO DE 2018</p><p>O SUBSECRETÁRIO DE ASSUNTOS ADMINISTRATIVOS DO MINISTÉRIO DA SAÚDE, no uso de suas atribuições legais, resolve:</p><p>Tornar sem efeito a Portaria/SAA nº 381, de 13 de março de 2018, publicada no DOU nº 51, de 15 de março de 2018, Seção 2, Página 51.</p><p class="assina">LEONARDO ROSÁRIO DE ALCÂNTA</p><p class="identifica">PORTARIA Nº 472, DE 28 DE MARÇO DE 2018</p><p>O SUBSECRETÁRIO DE ASSUNTOS ADMINISTRATIVOS DO MINISTÉRIO DA SAÚDE, no uso de suas atribuições legais, resolve:</p><p>Designar GUILHERME CARNEIRO RECKZIEGEL para exercer o encargo de substituto eventual da Coordenadora de Sistematização e Padronização do Sistema Nacional de Auditoria, FCPE-101.3, código 37.0055, da Coordenação-Geral de Promoção do Sistema Nacional de Auditoria, do Departamento Nacional de Auditoria do SUS, da Secretaria de Gestão Estratégica e Participativa, ficando dispensada, a contar de 22/03/2018, ELISETE VIEIRA DE JESUS, em virtude de ter sido designada titular da referida função.</p><p class="assina">LEONARDO ROSÁRIO DE ALCÂNTARA</p><p class="identifica">PORTARIA Nº 473, DE 28 DE MARÇO DE 2018</p><p>O Subsecretário de Assuntos Administrativos do Ministério da Saúde, considerando o disposto no inciso II do artigo 93 da Lei 8.112 de 12 de dezembro de 1990, no inciso XI do artigo 7º da Lei n.º 8.080 de 19 de setembro de 1990, artigo 20 da Lei n.º 8.270 de 17 de dezembro de 1991, artigo 11 da Lei n.º 9.527 de 10 de dezembro de 1997 e na Portaria GM/MS n.º. 243, de 10 de março de 2015, e no uso da competência que lhe foi subdelegada pela Portaria SE/MS nº 553, de 5 de maio de 2011, publicada no Diário Oficial da União de 6 de maio de 2011, resolve:</p><p>Artigo 1º - Colocar à disposição da Secretaria Municipal de Saúde de Joinville, no Estado de Santa Catarina, com ônus para a origem, a servidora do Quadro de Pessoal deste Ministério, constante do anexo, em conformidade com o Convênio SUS nº 327/2015, publicado no Diário Oficial da União, nº 218, de 16 de novembro de 2015, firmado entre o Ministério da Saúde e a Prefeitura Municipal de Joinville, no Estado de Santa Catarina, representada por sua Secretaria Municipal de Saúde.</p><p>Artigo 2º - Cumpre à Divisão de Gestão do Núcleo Estadual do Ministério da Saúde em Santa Catarina e à Secretaria Municipal de Saúde de Joinville, no Estado de Santa Catarina, a observância dos procedimentos de Gestão de Pessoal cedido para o Sistema Único de Saúde, (SUS), aprovados pela Portaria GM/MS n.º 243, de 10 de março de 2015, publicada no Diário Oficial da União nº 47, de 11 de março de 2015.</p><p>Artigo 3º - Esta Portaria entra em vigor na data de sua publicação. (Proc. SEI n.º 25024.000333/2018-29).</p><p class="assina">LEONARDO ROSÁRIO DE ALCÂNTARA</p><p class="subtitulo">ANEXO</p><p></p><table><tr /><tr><td><p><strong>SIAPE</strong></p></td><td><p><strong>NOME</strong></p></td><td><p><strong>CARGO</strong></p></td></tr><tr><td><p>0445902</p></td><td><p>MARIA EUNICE GOMES DE OLIVEIRA HERBER</p></td><td><p>Atendente de Enfermagem</p></td></tr></table><p class="identifica">PORTARIA Nº 474, DE 28 DE MARÇO DE 2018</p><p>O Subsecretário de Assuntos Administrativos do Ministério da Saúde, no uso da competência que lhe foi subdelegada pela Portaria SE/MS n.º 553, de 5 de maio de 2011, publicada no Diário Oficial da União de 6 de maio de 2011 e considerando o disposto no inciso II do artigo 93 da Lei 8.112 de 12 de dezembro de 1990, no inciso XI do artigo 7º da Lei n.º 8.080 de 19 de setembro de 1990, artigo 20 da Lei n.º 8.270 de 17 de dezembro de 1991, artigo 11 da Lei n.º 9.527 de 10 de dezembro de 1997 e na Portaria GM/MS n.º. 243 de 10 de março de 2015, e, resolve:</p><p>Artigo 1º - Colocar à disposição da Secretaria Estadual de Saúde de Minas Gerais, com ônus para a origem, a servidora do Quadro de Pessoal deste Ministério, constante do anexo, em conformidade com o Convênio nº 1097/2017, publicado no DOU nº 104, de 01 de junho de 2017, firmado entre o Ministério da Saúde e a Secretaria Estadual de Saúde de Minas Gerais.</p><p>Artigo 2º - Cumpre ao Serviço de Gestão Administrativa do Núcleo Estadual do Ministério da Saúde em Minas Gerais e a Secretaria Estadual de Saúde de Minas Gerais, a observância dos procedimentos de Gestão de Pessoal cedido para o Sistema Único de Saúde, (SUS), aprovados pela Portaria GM/MS n.º 243 de 10 de março de 2015, publicada no Diário Oficial da União nº 47, de 11 de março de 2015.</p><p>Artigo 3º - Esta Portaria entra em vigor na data de sua publicação. (Proc. SEI nº. 25003.001060/2018-88).</p><p class="assina">LEONARDO ROSÁRIO DE ALCÂNTARA</p><p class="subtitulo">ANEXO</p><p></p><table><tr /><tr><td><p>SIAPE</p></td><td><p>NOME</p></td><td><p>CARGO</p></td></tr><tr><td><p>0236861</p></td><td><p>Iara Gomes Andrade de Matos</p></td><td><p>Agente Administrativo</p></td></tr></table><p class="identifica">PORTARIA Nº 475, DE 28 DE MARÇO DE 2018</p><p>O Subsecretário de Assuntos Administrativos do Ministério da Saúde, considerando o disposto no inciso II do artigo 93 da Lei 8.112 de 12 de dezembro de 1990, no inciso XI do artigo 7º da Lei n.º 8.080 de 19 de setembro de 1990, artigo 20 da Lei n.º 8.270 de 17 de dezembro de 1991, artigo 11 da Lei n.º 9.527 de 10 de dezembro de 1997 e na Portaria GM/MS n.º. 243 de 10 de março de 2015, e no uso da competência que lhe foi subdelegada pela Portaria SE/MS n.º 553, de 5 de maio de 2011, publicada no Diário Oficial da União de 6 de maio de 2011, resolve:</p><p>Artigo 1º - Colocar à disposição da Secretaria Municipal de Saúde de Inhapi, no Estado de Alagoas, com ônus para a origem, em continuidade do exercício no SUS, o servidor do Quadro de Pessoal deste Ministério, constante do anexo, em conformidade com o Convênio SUS nº 1553/2018, cujo Extrato foi publicado no Diário Oficial da União, nº 57, de 23 de março de 2018, firmado entre o Ministério da Saúde e a Prefeitura Municipal de Inhapi, no Estado de Alagoas, representada por sua Secretaria Municipal de Saúde.</p><p>Artigo 2º - Cumpre à Divisão de Gestão do Núcleo Estadual do Ministério da Saúde em Alagoas e à Secretaria Municipal de Saúde de Inhapi, no Estado de Alagoas, a observância dos procedimentos de Gestão de Pessoal cedido para o Sistema Único de Saúde, (SUS), aprovados pela Portaria GM/MS n.º 243/2015, de 10 de março de 2015, publicada no Diário Oficial da União nº 47, de 11 de março de 2015.</p><p>Artigo 3º - Esta Portaria entra em vigor na data de sua publicação. (Proc. nº. 25020.000407/2018-67).</p><p class="assina">LEONARDO ROSÁRIO DE ALCÂNTARA</p><p class="subtitulo">ANEXO</p><p></p><table><tr /><tr><td><p><strong>SIAPE</strong></p></td><td><p><strong>NOME</strong></p></td><td><p><strong>CARGO</strong></p></td></tr><tr><td><p>0529426</p></td><td><p>CÍCERO LOURENÇO DA SILVA</p></td><td><p>AUXILIAR OPERACIONAL DE SERVIÇOS DIVERSOS</p></td></tr></table><p class="identifica">PORTARIA Nº 476, DE 28 DE MARÇO DE 2018</p><p>O Subsecretário de Assuntos Administrativos do Ministério da Saúde, considerando o disposto no inciso II do artigo 93 da Lei 8.112 de 12 de dezembro de 1990, no inciso XI do artigo 7º da Lei n.º 8.080 de 19 de setembro de 1990, artigo 20 da Lei n.º 8.270 de 17 de dezembro de 1991, artigo 11 da Lei n.º 9.527 de 10 de dezembro de 1997 e na Portaria GM/MS n.º. 243 de 10 de março de 2015, e no uso da competência que lhe foi subdelegada pela Portaria SE/MS n.º 553, de 5 de maio de 2011, publicada no Diário Oficial da União de 6 de maio de 2011, resolve:</p><p>Artigo 1º - Colocar à disposição da Secretaria Municipal de Saúde de Jaguarão, no Estado do Rio Grande do Sul, com ônus para a origem, o servidor do Quadro de Pessoal deste Ministério, constante do anexo, em conformidade com o Convênio-SUS n.º 844/2016, publicado no Diário Oficial da União nº 224, de 23 de novembro de 2016, firmado entre o Ministério da Saúde e a Prefeitura Municipal de Jaguarão, no Estado do Rio Grande do Sul, representada por sua Secretaria Municipal de Saúde.</p><p>Artigo 2º - Cumpre à Coordenação de Gestão do Núcleo Estadual do Ministério da Saúde no Rio Grande do Sul e à Secretaria Municipal de Saúde de Jaguarão, no Estado do Rio Grande do Sul, a observância dos procedimentos de Gestão de Pessoal cedido para o Sistema Único de Saúde, (SUS), aprovados pela Portaria GM/MS n.º 243/2015, de 10 de março de 2015, publicada no Diário Oficial da União nº 47, de 11 de março de 2015.</p><p>Artigo 3º - Esta Portaria entra em vigor na data de sua publicação. (Proc. SEI nº. 25025.402674/2017-44).</p><p class="assina">LEONARDO ROSÁRIO DE ALCÂNTARA</p><p class="subtitulo">ANEXO</p><p></p><table><tr /><tr><td><p>SIAPE</p></td><td><p>NOME</p></td><td><p>CARGO</p></td></tr><tr><td><p>0579371</p></td><td><p>José Carlos de Araújo</p></td><td><p>Médico</p></td></tr></table><p class="identifica">PORTARIA Nº 477, DE 28 DE MARÇO DE 2018</p><p>O Subsecretário de Assuntos Administrativos do Ministério da Saúde, considerando o disposto no inciso II do artigo 93 da Lei 8.112 de 12 de dezembro de 1990, no inciso XI do artigo 7º da Lei n.º 8.080 de 19 de setembro de 1990, artigo 20 da Lei n.º 8.270 de 17 de dezembro de 1991, artigo 11 da Lei n.º 9.527 de 10 de dezembro de 1997 e na Portaria GM/MS n.º. 243, de 10 de março de 2015, e no uso da competência que lhe foi subdelegada pela Portaria SE/MS nº 553, de 5 de maio de 2011, publicada no Diário Oficial da União de 6 de maio de 2011, resolve:</p><p>Artigo 1º - Colocar à disposição da Secretaria Municipal de Saúde de Diorama, no Estado de Goiás, com ônus para a origem, o servidor do Quadro de Pessoal deste Ministério, constante do anexo, em conformidade com o Convênio-SUS nº 901/2016, publicado no Diário Oficial da União - DOU nº 249, de 28 de dezembro de 2016, firmado entre o Ministério da Saúde e a Prefeitura Municipal de Diorama no Estado de Goiás, representada pela Secretaria Municipal de Saúde.</p><p>Artigo 2º - Cumpre à Divisão de Gestão do Núcleo Estadual do Ministério da Saúde em Goiás e à Secretaria Municipal de Saúde de Diorama, no Estado de Goiás, a observância dos procedimentos de Gestão de Pessoal cedido para o Sistema Único de Saúde, (SUS), aprovados pela Portaria GM/MS n.º 243, de 10 de março de 2015, publicada no Diário Oficial da União nº 47, de 11 de março de 2015.</p><p>Artigo 3º - Esta Portaria entra em vigor na data de sua publicação. (Proc. SEI n.º 25005.000085/2018-44).</p><p class="assina">LEONARDO ROSÁRIO DE ALCÂNTARA</p><p class="subtitulo">ANEXO</p><p></p><table><tr /><tr><td><p>SIAPE</p></td><td><p>NOME</p></td><td><p>CARGO</p></td></tr><tr><td><p>0494158</p></td><td><p>Romildo Mariano Rosa</p></td><td><p>Agente de Saúde Pública</p></td></tr></table><p class="identifica">PORTARIA Nº 478, DE 28 DE MARÇO DE 2018</p><p>O Subsecretário de Assuntos Administrativos do Ministério da Saúde, considerando o disposto no inciso II do artigo 93 da Lei 8.112 de 12 de dezembro de 1990, no inciso XI do artigo 7º da Lei n.º 8.080 de 19 de setembro de 1990, artigo 20 da Lei n.º 8.270 de 17 de dezembro de 1991, artigo 11 da Lei n.º 9.527 de 10 de dezembro de 1997 e na Portaria GM/MS n.º. 243, de 10 de março de 2015, e no uso da competência que lhe foi subdelegada pela Portaria SE/MS nº 553, de 5 de maio de 2011, publicada no Diário Oficial da União de 6 de maio de 2011, resolve:</p><p>Artigo 1º - Colocar à disposição da Secretaria Estadual de Saúde do Rio de Janeiro, com ônus para a origem, o servidor do Quadro de Pessoal deste Ministério, constante do anexo, em conformidade com o Convênio SUS n.º 1196/2017, publicado no Diário Oficial da União - DOU nº 135, de 17 de julho de 2017, firmado entre o Ministério da Saúde e o Governo do Estado do Rio de Janeiro, representado por sua Secretaria Estadual de Saúde.</p><p>Artigo 2º - Cumpre ao Departamento de Gestão Hospitalar no Estado do Rio de Janeiro, e à Secretaria Estadual de Saúde do Rio de Janeiro, a observância dos procedimentos de Gestão de Pessoal cedido para o Sistema Único de Saúde, (SUS), aprovados pela Portaria GM/MS n.º 243/2015, de 10 de março de 2015, publicada no DOU nº 47, de 11 de março de 2015.</p><p>Artigo 3º - Esta Portaria entra em vigor na data de sua publicação. (Proc. SEI nº. 25001.401408/2017-72).</p><p class="assina">LEONARDO ROSÁRIO DE ALCÂNTARA</p><p>ANEXO</p><p></p><table><tr /><tr><td><p>SIAPE</p></td><td><p>NOME</p></td><td><p>CARGO</p></td></tr><tr><td><p>6225756</p></td><td><p>Joselete Macedo Reis</p></td><td><p>Odontólogo</p></td></tr></table><p class="identifica">PORTARIA Nº 479, DE 28 DE MARÇO DE 2018</p><p>O SUBSECRETÁRIO DE ASSUNTOS ADMINISTRATIVOS DO MINISTÉRIO DA SAÚDE, no uso de suas atribuições legais, resolve:</p><p>Designar ANGELA CRISTINA MAIA FRANCO RIZENTAL para exercer o encargo de substituta eventual do Chefe da Divisão Técnica de Apoio à Gestão, FCPE-101.2, código 37.0036, do Departamento Nacional de Auditoria do SUS, da Secretaria de Gestão Estratégica e Participativa, ficando dispensado, a contar de 22/03/2018, BRUNO NEVES NUNES, em virtude de ter sido designado titular da referida função</p><p class="assina">LEONARDO ROSÁRIO DE ALCÂNTARA</p><p class="identifica">PORTARIA Nº 480, DE 28 DE MARÇO DE 2018</p><p>O SUBSECRETÁRIO DE ASSUNTOS ADMINISTRATIVOS DO MINISTÉRIO DA SAÚDE, no uso de suas atribuições legais, resolve:</p><p>Designar PAULA BITTENCOURT GOMES, para exercer o encargo de substituta eventual do Coordenador de Planejamento e Operacionalização de Ações de Auditoria, FCPE-101.3, código 37.0049, da Coordenação-Geral de Auditoria, do Departamento Nacional de Auditoria do SUS, da Secretaria de Gestão Estratégica e Participativa, ficando dispensado FERNANDO WILLIAM DO COUTO EVANGELISTA.</p><p class="assina">LEONARDO ROSÁRIO DE ALCÂNTARA</p>]]></Texto>
  </body>
</article></xml>