﻿<xml><article id="2342061" name="051 - Subst designa Márcia Gutie" idOficio="4728773" pubName="DO2" artType="Portaria" pubDate="02/04/2018" artClass="00038:00001:00008:00001:00000:00000:00000:00000:00000:00000:00025:00001" artCategory="Poder Judiciário/Supremo Tribunal Federal/Secretaria do Tribunal/Gabinete" artSize="8" artNotes="" numberPage="76" pdfPage="http://pesquisa.in.gov.br/imprensa/jsp/visualiza/index.jsp?data=02/04/2018&amp;jornal=529&amp;pagina=76" editionNumber="62" highlight="" idMateria="10634684">
  <body>
    <Identifica><![CDATA[ PORTARIA Nº 51, DE 27 DE MARÇO DE 2018]]></Identifica>
    <Data><![CDATA[]]></Data>
    <Ementa />
    <Titulo />
    <SubTitulo />
    <Texto><![CDATA[<p class="identifica">PORTARIA Nº 51, DE 27 DE MARÇO DE 2018</p><p>O DIRETOR-GERAL DA SECRETARIA DO SUPREMO TRIBUNAL FEDERAL, no uso de suas atribuições e com base no caput do artigo 38 da Lei nº 8.112/1990 e no artigo 123 do Regulamento da Secretaria, resolve:</p><p>Designar MÁRCIA GUTIERREZ ABEN-ATHAR BEMERGUY, Analista Judiciário, Área Apoio Especializado, Revisão de Textos, como substituta do Chefe da Seção de Padronização e Revisão, nível FC-06, no período de 2 a 6 de abril de 2018.</p><p class="assina">Eduardo S. Toledo</p>]]></Texto>
  </body>
</article></xml>