﻿<xml><article id="2341475" name="PORTARIA 44 - RA 01-2018 - DESIG" idOficio="4727457" pubName="DO2" artType="Portaria" pubDate="02/04/2018" artClass="00038:00064:00001:00000:00000:00000:00000:00000:00000:00000:00025:00002" artCategory="Poder Judiciário/Tribunal Regional do Trabalho da 24ª Região/Presidência" artSize="8" artNotes="" numberPage="81" pdfPage="http://pesquisa.in.gov.br/imprensa/jsp/visualiza/index.jsp?data=02/04/2018&amp;jornal=529&amp;pagina=81" editionNumber="62" highlight="" idMateria="10632728">
  <body>
    <Identifica><![CDATA[ PORTARIA  Nº 44, de 26 de março de 2018]]></Identifica>
    <Data><![CDATA[]]></Data>
    <Ementa />
    <Titulo />
    <SubTitulo />
    <Texto><![CDATA[<p class="identifica">PORTARIA Nº 44, de 26 de março de 2018</p><p></p><p>O PRESIDENTE DO TRIBUNAL REGIONAL DO TRABALHO DA 24ª REGIÃO, no uso de suas atribuições legais e regimentais, CONSIDERANDO instrução no PA nº 456/2018 e o decidido pelo Tribunal Pleno na Resolução Administrativa nº 1/2018. resolve:</p><p>Art. 1º Designar os seguintes servidores: Edineia Jeronymo de Oliveira na função de Assistente de Juiz no Gabinete do Juiz Auxiliar da Presidência, símbolo FC-5, código RA01/2018-83. Ana Cristina Fumis Muller na função de Assistente de Juiz no Gabinete do Juiz Auxiliar da Presidência, símbolo FC-5, código RA01/2018-84. Roberta Seben na função de Assistente de Juiz no Gabinete do Juiz Auxiliar da Presidência, símbolo FC-5, código RA01/2018-85. Thays Ferreira de Souza na função de Assistente de Juiz no Gabinete do Juiz Auxiliar da Presidência, símbolo FC-5, código RA01/2018-86. João Gabriel Pamplona Mosimann na função de Assistente de Juiz no Gabinete do Juiz Auxiliar da Presidência, símbolo FC-5, código RA01/2018-87. Danielle Freire Silva de Souza na função de Assistente de Juiz no Gabinete do Juiz Auxiliar da Presidência, símbolo FC-5, código RA01/2018-88. Cassius Tamashiro de Oliveira na função de Assistente de Juiz no Gabinete do Juiz Auxiliar da Presidência, símbolo FC-5, código RA01/2018-89. Ricardo Tunin na função de Assistente de Juiz no Gabinete do Juiz Auxiliar da Presidência, símbolo FC-5, código RA01/2018-90. Cassemiro Alves dos Santos na função de Assistente de Juiz no Gabinete do Juiz Auxiliar da Presidência, símbolo FC-5, código RA01/2018-91. Leandro Monteiro da Silva na função de Assistente de Juiz no Gabinete do Juiz Auxiliar da Presidência, símbolo FC-5, código RA01/2018-92. Elthon Darvin Miranda Ratier na função de Assistente de Juiz no Gabinete do Juiz Auxiliar da Presidência, símbolo FC-5, código RA01/2018-93. Alessandro Monteiro Pinheiro na função de Assistente de Juiz no Gabinete do Juiz Auxiliar da Presidência, símbolo FC-5, código RA01/2018-94. Marcelo Rogério Dias na função de Assistente de Juiz no Gabinete do Juiz Auxiliar da Presidência, símbolo FC-5, código RA01/2018-95.</p><p></p><p class="assina">Des. JOÃO DE DEUS GOMES DE SOUZA</p><p></p>]]></Texto>
  </body>
</article></xml>