﻿<xml><article id="2341965" name="Portaria TRT-GP 133-2018 - Dispe" idOficio="4728249" pubName="DO2" artType="Portaria" pubDate="02/04/2018" artClass="00038:00060:00000:00000:00000:00000:00000:00000:00000:00000:00001:00009" artCategory="Poder Judiciário/Tribunal Regional do Trabalho da 21ª Região/Presidência" artSize="8" artNotes="" numberPage="89" pdfPage="http://pesquisa.in.gov.br/imprensa/jsp/visualiza/index.jsp?data=02/04/2018&amp;jornal=529&amp;pagina=89" editionNumber="62" highlight="" idMateria="10633874">
  <body>
    <Identifica><![CDATA[ PORTARIA Nº 133, DE 22 DE MARÇO DE 2018 ]]></Identifica>
    <Data><![CDATA[]]></Data>
    <Ementa />
    <Titulo />
    <SubTitulo />
    <Texto><![CDATA[<p class="identifica">PORTARIA Nº 133, DE 22 DE MARÇO DE 2018</p><p>O DESEMBARGADOR VICE-PRESIDENTE DO TRIBUNAL REGIONAL DO TRABALHO DA 21ª REGIÃO, no uso de suas atribuições legais e regimentais,</p><p>Considerando as disposições contidas nos artigos 25, inciso XV, e 27, I, do Regimento Interno;</p><p>Considerando os termos do PROAD n 1333/2018, resolve:</p><p>Dispensar ALBA HELENA BEZERRA DE MELO, matrícula 308.21.9348, da Função Comissionada de Assistente de Juiz (FC-05/nº 1282), da 6ª Vara do Trabalho de Natal, designando-a para exercer a função Comissionada de Assistente (FC-02/n° 1212) da aludida Vara, com efeitos a contar da publicação da presente Portaria.</p><p class="assina">Des. AUXILIADORA RODRIGUES</p>]]></Texto>
  </body>
</article></xml>