﻿<xml><article id="2341977" name="172-AUGUSTO BATISTA (VACÂNCIA)" idOficio="4728360" pubName="DO2" artType="Portaria" pubDate="02/04/2018" artClass="00038:00004:00001:00002:00000:00000:00000:00000:00000:00000:00025:00006" artCategory="Poder Judiciário/Superior Tribunal de Justiça/Presidência/Secretaria" artSize="8" artNotes="" numberPage="77" pdfPage="http://pesquisa.in.gov.br/imprensa/jsp/visualiza/index.jsp?data=02/04/2018&amp;jornal=529&amp;pagina=77" editionNumber="62" highlight="" idMateria="10634022">
  <body>
    <Identifica><![CDATA[ PORTARIA Nº 172, DE 26 DE MARÇO DE 2018]]></Identifica>
    <Data><![CDATA[]]></Data>
    <Ementa />
    <Titulo />
    <SubTitulo />
    <Texto><![CDATA[<p class="identifica">PORTARIA Nº 172, DE 26 DE MARÇO DE 2018</p><p>DIRETORA-GERAL DA SECRETARIA DO SUPERIOR TRIBUNAL DE JUSTIÇA, com base no item 16.2, XI, b, do Manual de Organização e no disposto no art. 35, I, da Lei n. 8.112, de 11 de dezembro de 1990, resolve:</p><p>Art. 1º Dispensar, com efeitos a partir de 22 de março de 2018, AUGUSTO BATISTA DA SILVA, matrícula S066995, da função de confiança de Assistente II, código FC-2, do Gabinete do Ministro Marco Buzzi, em decorrência de sua posse em outro cargo público inacumulável.</p><p>Art. 2º Esta portaria entra em vigor na data de sua publicação.</p><p class="assina">Sulamita Avelino Cardoso Marques</p>]]></Texto>
  </body>
</article></xml>