﻿<xml><article id="2342418" name="PA2018-0965 - Republicado" idOficio="4729149" pubName="DO2" artType="Portaria" pubDate="02/04/2018" artClass="00031:00003:00000:00000:00000:00000:00000:00000:00000:00000:00025:00001" artCategory="Ministério dos Transportes, Portos e Aviação Civil/Agência Nacional de Aviação Civil" artSize="8" artNotes="" numberPage="67" pdfPage="http://pesquisa.in.gov.br/imprensa/jsp/visualiza/index.jsp?data=02/04/2018&amp;jornal=529&amp;pagina=67" editionNumber="62" highlight="" idMateria="10635764">
  <body>
    <Identifica><![CDATA[ PORTARIA Nº 965, DE 21 DE MARÇO DE 2018  (*)]]></Identifica>
    <Data><![CDATA[]]></Data>
    <Ementa />
    <Titulo />
    <SubTitulo />
    <Texto><![CDATA[<p class="identifica">PORTARIA Nº 965, DE 21 DE MARÇO DE 2018 (*)</p><p>O DIRETOR-PRESIDENTE DA AGÊNCIA NACIONAL DE AVIAÇÃO CIVIL - ANAC, no uso das atribuições que lhe conferem os arts. 16 da Lei nº 11.182, de 27 de setembro de 2005, e 35, inciso II, do Anexo I do Decreto nº 5.731, de 20 de março de 2006, tendo em vista o Regimento Interno aprovado pela Resolução nº 381, de 14 de junho de 2016, e considerando o que consta do processo nº 00058.007557/2018-43, deliberado e aprovado na 6ª Reunião Administrativa da Diretoria, realizada em 20 de março de 2018, resolve:</p><p>NOMEAR JAVÃ ATAYDE PEDREIRA DA SILVA, matrícula SIAPE nº 1622184, para exercer o Cargo em Comissão de Gerente Técnico de Infraestrutura e Operações Aeroportuárias, código CGE IV, da Gerência de Certificação e Segurança Operacional, da Superintendência de Infraestrutura Aeroportuária desta Agência, em Brasília (DF).</p><p class="assina">JOSÉ RICARDO PATARO BOTELHO DE QUEIROZ</p><p>Republicado por ter saído indevidamente no DOU de 26.03.18, Seção 2, página 50.</p>]]></Texto>
  </body>
</article></xml>