﻿<xml><article id="2341442" name="PORTARIA 259 - LUIZ AUGUSTO GABA" idOficio="4726813" pubName="DO2" artType="Portaria" pubDate="02/04/2018" artClass="00038:00027:00001:00000:00000:00000:00000:00000:00000:00000:00025:00001" artCategory="Poder Judiciário/Tribunal Regional Eleitoral do Paraná/Presidência" artSize="8" artNotes="" numberPage="81" pdfPage="http://pesquisa.in.gov.br/imprensa/jsp/visualiza/index.jsp?data=02/04/2018&amp;jornal=529&amp;pagina=81" editionNumber="62" highlight="" idMateria="10631362">
  <body>
    <Identifica><![CDATA[ PORTARIA Nº 259, DE 20 DE MARÇO DE 2018]]></Identifica>
    <Data><![CDATA[]]></Data>
    <Ementa />
    <Titulo />
    <SubTitulo />
    <Texto><![CDATA[<p class="identifica">PORTARIA Nº 259, DE 20 DE MARÇO DE 2018</p><p>O PRESIDENTE DO TRIBUNAL REGIONAL ELEITORAL DO PARANÁ, usando das atribuições que lhe são conferidas pelo artigo 23, incisos XXV e XXX, do Regimento Interno deste Tribunal e considerando o contido no PAD sob nº 8400/2015, resolve:</p><p>I - Dispensar o servidor LUIZ AUGUSTO GABARDO, ocupante do cargo de Analista Judiciário, Área de Atividade Administrativa, Classe C, Padrão 13, do Quadro de Pessoal deste Tribunal, da função comissionada de Assistente I da Coordenadoria de Controle de Contratações e Melhoria Contínua da Gestão, FC-1, a partir da data da publicação.</p><p>II - Designar o servidor MARCOS HARUO MOGAMI TANAKA, ocupante do cargo de Técnico Judiciário, Área de Atividade Administrativa, Classe B, Padrão 09, do Quadro de Pessoal deste Tribunal, para exercer a função comissionada de Assistente I da Seção de Controle de Contratações, FC-1, a partir da mesma data.</p><p class="assina">Des. LUIZ TARO OYAMA</p>]]></Texto>
  </body>
</article></xml>