﻿<xml><article id="2343009" name="Port. APO - 864" idOficio="4731164" pubName="DO2" artType="Portaria" pubDate="02/04/2018" artClass="00011:00119:00001:00001:00000:00000:00000:00000:00000:00000:00025:00001" artCategory="Ministério da Educação/Universidade Federal de Minas Gerais/Reitoria/Gabinete" artSize="8" artNotes="" numberPage="32" pdfPage="http://pesquisa.in.gov.br/imprensa/jsp/visualiza/index.jsp?data=02/04/2018&amp;jornal=529&amp;pagina=32" editionNumber="62" highlight="" idMateria="10639371">
  <body>
    <Identifica><![CDATA[ PORTARIA Nº 864, DE 16 DE FEVEREIRO DE 2018]]></Identifica>
    <Data><![CDATA[]]></Data>
    <Ementa />
    <Titulo />
    <SubTitulo />
    <Texto><![CDATA[<p class="identifica">PORTARIA Nº 864, DE 16 DE FEVEREIRO DE 2018</p><p>O Reitor da Universidade Federal de Minas Gerais, no uso de suas atribuições, resolve:</p><p>Nos termos do art. 3º, da EC nº 47/2005, aposentar MARIÂNGELA BORGES, inscrição UFMG nº 033839, matrícula SIAPE nº 0317523, ocupante do cargo de Assistente em Administração, Nível de Classificação D, Nível de Capacitação IV, Padrão de Vencimento 16, lotada no Instituto de Ciências Biológicas, com proventos integrais, por ter provado contar 30 (trinta) anos de contribuição.</p><p class="assina">JAIME ARTURO RAMÍREZ</p>]]></Texto>
  </body>
</article></xml>