﻿<xml><article id="2342556" name="Portaria Publicação DOU ELENICE" idOficio="4729808" pubName="DO2" artType="Portaria" pubDate="02/04/2018" artClass="00012:00002:00012:00027:00000:00000:00000:00000:00000:00000:00025:00001" artCategory="Ministério da Fazenda/Secretaria Executiva/Subsecretaria de Planejamento, Orçamento e Administração/Superintendência de Administração no Paraná" artSize="8" artNotes="" numberPage="39" pdfPage="http://pesquisa.in.gov.br/imprensa/jsp/visualiza/index.jsp?data=02/04/2018&amp;jornal=529&amp;pagina=39" editionNumber="62" highlight="" idMateria="10636861">
  <body>
    <Identifica><![CDATA[ PORTARIA Nº 17, de 22 de março de 2018]]></Identifica>
    <Data><![CDATA[]]></Data>
    <Ementa />
    <Titulo />
    <SubTitulo />
    <Texto><![CDATA[<p class="identifica">PORTARIA Nº 17, de 22 de março de 2018</p><p>O SUPERINTENDENTE DE ADMINISTRAÇÃO DO MINISTÉRIO DA FAZENDA NO ESTADO DO PARANÁ, no uso das atribuições que lhe confere a Portaria SRF nº 1671 de 16.06.05, DOU de 20.06.05, por delegação de competência e tendo em vista o que consta do Processo nº 14486.000001/2018-91, resolve:</p><p>Conceder aposentadoria voluntária integral a ELENICE CRISTINA DO ROSSIO ESPIRITO SANTO BECKER, matrícula SIAPECAD nº 835761, matrícula SIAPE nº 900303, ocupante do cargo de Técnico do Seguro Social - 434550, Classe S, Padrão IV, lotada na Delegacia da Receita Federal do Brasil em Curitiba/PR, com fundamento no Art. 3º, incisos I, II e § único da Emenda Constitucional 47/2005.</p><p class="assina">REALINO PAULINO DE ARAUJO FILHO</p>]]></Texto>
  </body>
</article></xml>