﻿<xml><article id="2341884" name="416.2018 - ERCILIA HIDEKO MORI" idOficio="4728199" pubName="DO2" artType="Portaria" pubDate="02/04/2018" artClass="00034:00008:00001:00004:00000:00000:00000:00000:00000:00000:00025:00001" artCategory="Ministério Público da União/Ministério Público do Trabalho/Procuradoria-Geral/Diretoria-Geral" artSize="8" artNotes="" numberPage="74" pdfPage="http://pesquisa.in.gov.br/imprensa/jsp/visualiza/index.jsp?data=02/04/2018&amp;jornal=529&amp;pagina=74" editionNumber="62" highlight="" idMateria="10633756">
  <body>
    <Identifica><![CDATA[ PORTARIA Nº 416, DE 23 DE MARÇO DE 2018]]></Identifica>
    <Data><![CDATA[]]></Data>
    <Ementa />
    <Titulo />
    <SubTitulo />
    <Texto><![CDATA[<p class="identifica">PORTARIA Nº 416, DE 23 DE MARÇO DE 2018</p><p>A DIRETORA-GERAL ADJUNTA DO MINISTÉRIO PÚBLICO DO TRABALHO, no uso das atribuições que foram delegadas pela Portaria MPT-DG nº 86, de 30 de março de 2016, e tendo em vista o que consta do PGEA/MPT nº 001042.2018.02.900/7, resolve:</p><p>Art. 1º Conceder aposentadoria, com proventos integrais, à servidora ERCILIA HIDEKO MORI, ocupante do cargo de Técnico do MPU/Administração, código TC020101, Classe C, Padrão 13, matrícula nº 6000079-1, da Carreira de Técnico do MPU, do Quadro Permanente do Ministério Público do Trabalho, com fundamento no artigo 3º, parágrafo único, da Emenda Constitucional 47/05, de 05/07/2005.</p><p class="assina">SANDRA CRISTINA DE ARAÚJO</p>]]></Texto>
  </body>
</article></xml>