﻿<xml><article id="2342058" name="publicar-02-abril-DOU 2-SGMPF-PT" idOficio="4728767" pubName="DO2" artType="Portaria" pubDate="02/04/2018" artClass="00034:00007:00003:00000:00000:00000:00000:00000:00000:00000:00025:00002" artCategory="Ministério Público da União/Ministério Público Federal/Secretaria-Geral" artSize="8" artNotes="" numberPage="72" pdfPage="http://pesquisa.in.gov.br/imprensa/jsp/visualiza/index.jsp?data=02/04/2018&amp;jornal=529&amp;pagina=72" editionNumber="62" highlight="" idMateria="10634675">
  <body>
    <Identifica><![CDATA[ PORTARIA Nº 184, DE 26 DE MARÇO DE 2018]]></Identifica>
    <Data><![CDATA[]]></Data>
    <Ementa />
    <Titulo />
    <SubTitulo />
    <Texto><![CDATA[<p class="identifica">PORTARIA Nº 184, DE 26 DE MARÇO DE 2018</p><p>O SECRETÁRIO-GERAL DO MINISTÉRIO PÚBLICO FEDERAL, no uso das atribuições que lhe confere o artigo 6º - inciso XXXII do Regimento Interno Administrativo do Ministério Público Federal, aprovado pela Portaria SG/MPF n.º 382, de 05/05/2015, e tendo em vista o que consta do Procedimento de Gestão Administrativa PGEA n.º 1.00.000.001974/2018-92 resolve:</p><p>Art. 1º Conceder aposentadoria voluntária, com proventos integrais, ao servidor ANTÔNIO YOSHINOBU KUWAE, matrícula n.º 6104, Analista do MPU/Tecnologia da Informação e Comunicação/Desenvolvimento de Sistemas, Código AN 020748, Classe C, Padrão 13, da Carreira de Analista do Ministério Público da União, com fundamento no artigo 3º - incisos I - II - III - parágrafo único da Emenda Constitucional nº 47, de 05/07/2005, combinado com o artigo 7º da Emenda Constitucional nº 41, de 19/12/2003, em consonância com o artigo 186 - inciso III - alínea a da Lei nº 8.112, de 11/12/1990.</p><p>Art. 2º Declarar vago o referido cargo.</p><p>Art. 3º Esta portaria entra em vigor na data de sua publicação.</p><p class="assina">ALEXANDRE CAMANHO DE ASSIS</p>]]></Texto>
  </body>
</article></xml>