﻿<xml><article id="2342550" name="RA 10" idOficio="4729361" pubName="DO2" artType="Resolução" pubDate="02/04/2018" artClass="00038:00049:00000:00000:00000:00000:00000:00000:00000:00000:00031:00001" artCategory="Poder Judiciário/Tribunal Regional do Trabalho da 10ª Região" artSize="8" artNotes="" numberPage="85" pdfPage="http://pesquisa.in.gov.br/imprensa/jsp/visualiza/index.jsp?data=02/04/2018&amp;jornal=529&amp;pagina=85" editionNumber="62" highlight="" idMateria="10636065">
  <body>
    <Identifica><![CDATA[ RESOLUÇÃO ADMINISTRATIVA  Nº 10, DE 26 DE MARÇO DE 2018 ]]></Identifica>
    <Data><![CDATA[]]></Data>
    <Ementa />
    <Titulo />
    <SubTitulo />
    <Texto><![CDATA[<p class="identifica">RESOLUÇÃO ADMINISTRATIVA Nº 10, DE 26 DE MARÇO DE 2018</p><p>O egrégio Tribunal Regional do Trabalho da Décima Região, na 3.ª Sessão Plenária Ordinária Administrativa, realizada no dia 26 de março de 2018, às 16h, na Sala de Sessões Herácito Pena Júnior, sob a Presidência da Desembargadora MARIA REGINA MACHADO GUIMARÃES, presentes os Desembargadores MÁRCIA MAZONI CÚRCIO RIBEIRO - Vice-Presidente, FLÁVIA SIMÕES FALCÃO, MÁRIO MACEDO FERNANDES CARON, RICARDO ALENCAR MACHADO, ELAINE MACHADO VASCONCELOS, ANDRÉ RODRIGUES PEREIRA DA VEIGA DAMASCENO, PEDRO LUÍS VICENTIN FOLTRAN, ALEXANDRE NERY RODRIGUES DE OLIVEIRA, RIBAMAR LIMA JÚNIOR, DORIVAL BORGES DE SOUZA NETO, ELKE DORIS JUST, GRIJALBO FERNANDES COUTINHO, e o representante da d. Procuradoria Regional do Trabalho, Procurador-Chefe ERLAN JOSÉ PEIXOTO DO PRADO; ausentes os Desembargadores JOÃO AMÍLCAR PAVAN, momentaneamente, BRASILINO SANTOS RAMOS e JOSÉ LEONE CORDEIRO LEITE, ambos em período de férias, e CILENE FERREIRA AMARO SANTOS, convocada para o colendo Tribunal Superior do Trabalho,</p><p>DECIDIU, por unanimidade, apreciando o contido no PA-SEI-17.0.000003952-7 - MA 20/2018, aprovar a matéria na forma proposta pela Administração, baixando a Resolução Administrativa n.º 10/2018 - (1925):</p><p>"Conceder aposentadoria voluntária com proventos integrais à Juíza Titular da 3.ª Vara do Trabalho de Taguatinga-DF SOLANGE BARBUSCIA DE CERQUEIRA GODOY, matrícula n.º 308.10.1790, no cargo Juiz Titular de Vara do Trabalho, do Quadro de Pessoal Permanente deste Tribunal, com fundamento no art. 3.º da Emenda Constitucional n.º 47/2005, na Decisão Liminar proferida nos autos do Processo n.º 3825-44.2015.4.01.3400 (6ª Vara Federal do DF) e no STF- MS n.º 33456 DF - DISTRITO FEDERAL 8621075-93.2015.1.00.0000."</p><p class="assina">MARIA REGINA MACHADO GUIMARÃES</p><p class="cargo">Desembargadora Presidente</p>]]></Texto>
  </body>
</article></xml>