﻿<xml><article id="2342544" name="PORTARIA 266 -" idOficio="4729124" pubName="DO2" artType="Portaria" pubDate="02/04/2018" artClass="00038:00027:00001:00000:00000:00000:00000:00000:00000:00000:00025:00001" artCategory="Poder Judiciário/Tribunal Regional Eleitoral do Paraná/Presidência" artSize="8" artNotes="" numberPage="81" pdfPage="http://pesquisa.in.gov.br/imprensa/jsp/visualiza/index.jsp?data=02/04/2018&amp;jornal=529&amp;pagina=81" editionNumber="62" highlight="" idMateria="10635673">
  <body>
    <Identifica><![CDATA[ PORTARIA Nº 266, DE 23 DE MARÇO DE 2018]]></Identifica>
    <Data><![CDATA[]]></Data>
    <Ementa />
    <Titulo />
    <SubTitulo />
    <Texto><![CDATA[<p class="identifica">PORTARIA Nº 266, DE 23 DE MARÇO DE 2018</p><p>O PRESIDENTE DO TRIBUNAL REGIONAL ELEITORAL DO PARANÁ, usando das atribuições que lhe são conferidas pelo artigo 23, incisos XXV e XXX, do Regimento Interno deste Tribunal, e o contido no PAD nº 3705/2018, resolve:</p><p>I - Dispensar o servidor CLEBER WILLIAN RODRIGUES DE LARA ocupante do cargo de Técnico Judiciário, Área de Atividade Administrativa, Classe B, Padrão 10, do Quadro de Pessoal deste Tribunal, da função comissionada de Assistente I da Seção de Direitos Políticos, FC-1, a partir da data da publicação;</p><p>II - Designar o servidor CLEBER WILLIAN RODRIGUES DE LARA ocupante do cargo de Técnico Judiciário, Área de Atividade Administrativa, Classe B, Padrão 10, do Quadro de Pessoal deste Tribunal, para exercer a função comissionada de Assistente V do Gabinete do Juiz Federal, FC-5, a partir da mesma data.</p><p class="assina">Des. LUIZ TARO OYAMA</p>]]></Texto>
  </body>
</article></xml>