﻿<xml><article id="2342541" name="DOU02_PORTARIAS_CGP_PR_075_077_0" idOficio="4728880" pubName="DO2" artType="Portaria" pubDate="02/04/2018" artClass="00038:00059:00004:00000:00000:00000:00000:00000:00000:00000:00025:00001" artCategory="Poder Judiciário/Tribunal Regional do Trabalho da 20ª Região/Diretoria-Geral" artSize="8" artNotes="" numberPage="88" pdfPage="http://pesquisa.in.gov.br/imprensa/jsp/visualiza/index.jsp?data=02/04/2018&amp;jornal=529&amp;pagina=88" editionNumber="62" highlight="" idMateria="10634851">
  <body>
    <Identifica><![CDATA[ PORTARIA   Nº  75, de  27 DE MARÇO DE 2018]]></Identifica>
    <Data><![CDATA[]]></Data>
    <Ementa />
    <Titulo />
    <SubTitulo />
    <Texto><![CDATA[<p class="identifica">PORTARIA Nº 75, de 27 DE MARÇO DE 2018</p><p>O DESEMBARGADOR PRESIDENTE DO TRIBUNAL REGIONAL DO TRABALHO DA 20ª REGIÃO, no uso de suas atribuições legais e regimentais e considerando o contido no PROAD nº 31204/2018, resolve:</p><p>Designar a servidora MIRIAM DA SILVA OLIVEIRA SANTANA, Técnico Judiciário - Área Administrativa do Quadro Permanente de Pessoal da Secretaria deste Tribunal, para exercer a Função Comissionada de ASSISTENTE DE GABINETE (FC-5), ficando dispensada da Função Comissionada de CHEFE DE GABINETE (FC-5), ambas do Gabinete da Exma. Desembargadora RITA DE CÁSSIA PINHEIRO DE OLIVEIRA, com efeitos a contar de 2/4/2018.</p><p class="assina">THENISSON SANTANA DÓRIA</p><p class="identifica">PORTARIA Nº 77, de 27 DE MARÇO DE 2018</p><p>O DESEMBARGADOR PRESIDENTE DO TRIBUNAL REGIONAL DO TRABALHO DA 20ª REGIÃO, no uso de suas atribuições legais e regimentais e considerando o contido no PROAD nº 31204/2018, resolve:</p><p>Designar a servidora MÔNICA CRISTINA SANTOS LEITE, Analista Judiciário - Área Judiciária do Quadro Permanente de Pessoal da Secretaria deste Tribunal, para exercer a Função Comissionada de CHEFE DE GABINETE (FC-5), ficando dispensada da Função Comissionada de ASSISTENTE DE GABINETE (FC-5), ambas do Gabinete da Exma. Desembargadora RITA DE CÁSSIA PINHEIRO DE OLIVEIRA, com efeitos a contar de 2/4/2018.</p><p class="assina">THENISSON SANTANA DÓRIA</p><p class="identifica">PORTARIA Nº 78, de 27 DE MARÇO DE 2018</p><p>O DESEMBARGADOR PRESIDENTE DO TRIBUNAL REGIONAL DO TRABALHO DA 20ª REGIÃO, no uso de suas atribuições legais e regimentais, tendo em vista o que dispõe a Resolução Administrativa nº 007/2018 e considerando o contido no PROAD Nº 31250/2018, resolve:</p><p>1. Dispensar, com efeitos a contar de 2/4/2018, os servidores indicados abaixo, das Funções Comissionadas que exercem:</p><p>SECRETARIA GERAL DA PRESIDÊNCIA</p><p></p><table><tr /><tr><td><p><strong>Função Comissionada</strong></p></td><td><p><strong>Servidor(a)</strong></p></td></tr><tr><td><p>Assistente Administrativo (FC-3)</p></td><td><p><strong>ROBERTO FAGUNDES MORAES</strong>(Técnico Judiciário - Área Administrativa do TRT da 4ª Região, cedido a este Tribunal)</p></td></tr><tr><td><p>Auxiliar Administrativo (FC-1)</p></td><td><p><strong>JOSÉ JENIVAL SILVA ARAUJO</strong>(Técnico Judiciário - Área Administrativa - Especialidade Artes Gráficas)</p></td></tr></table><p>SECRETARIA JUDICIÁRIA</p><p></p><table><tr /><tr><td><p><strong>Função Comissionada</strong></p></td><td><p><strong>Servidor(a)</strong></p></td></tr><tr><td><p>Assistente (FC-2)</p></td><td><p><strong>ELIANA ALVES DE SANTANA (</strong>Técnico Judiciário - Área Administrativa)</p></td></tr><tr><td><p>Assistente Administrativo (FC-3)</p></td><td><p><strong>MARIA ARLENE SANTOS DE MOURA</strong>(Técnico Judiciário - Área Administrativa - Especialidade Apoio de Serviços Diversos)</p></td></tr><tr><td><p>Chefe de Seção (FC-4) da Seção de Apoio às Contadorias</p></td><td><p><strong>JOSUÉ JUST VALENÇA (</strong>Analista Judiciário - Área Administrativa)</p></td></tr><tr><td><p>Chefe de Seção (FC-4) da Seção de Arquivo Geral</p></td><td><p><strong>MARIA DE LOURDES SOUSA</strong><strong>(</strong>Técnico Judiciário - Área Administrativa - Especialidade Apoio de Serviços Diversos)</p></td></tr></table><p>DIRETORIA GERAL</p><p></p><table><tr /><tr><td><p><strong>Função Comissionada</strong></p></td><td><p><strong>Servidor(a)</strong></p></td></tr><tr><td><p>Chefe de Seção (FC-4) da Seção de Apoio ao Ordenador de Despesas da Diretoria Geral</p></td><td><p><strong>ROBSNEIA DE PAULA MACHADO SOUZA (</strong>Analista Judiciário - Área Judiciária)</p></td></tr></table><p>COORDENADORIA DE MATERIAL E PATRIMÔNIO</p><p></p><table><tr /><tr><td><p><strong>Função Comissionada</strong></p></td><td><p><strong>Servidor(a)</strong></p></td></tr><tr><td><p>Chefe de Setor (FC-3) do Setor de Registro Patrimonial</p></td><td><p><strong>FRANCISCO DE SOUZA ANDRADE</strong>(Técnico Judiciário - Área Administrativa)</p></td></tr><tr><td><p>Chefe de Setor (FC-3) do Setor de Cadastro e Apoio às Licitações</p></td><td><p><strong>EDWARD LIMA DA SILVA</strong>(Técnico Judiciário - Área Administrativa)</p></td></tr></table><p>COORDENADORIA DE GESTÃO DE PESSOAS</p><p></p><table><tr /><tr><td><p><strong>Função Comissionada</strong></p></td><td><p><strong>Servidor(a)</strong></p></td></tr><tr><td><p>Chefe de Setor (FC-3) do Setor de Preparação de Pagamento a Juízes, Inativos e Pensionistas</p></td><td><p><strong>PAULO ROBERTO MOURA LEITE</strong>(Analista Judiciário - Área Administrativa do TST, removido de ofício para este Tribunal)</p></td></tr><tr><td><p>Chefe de Setor (FC-3) do Setor de Acompanhamento e Avaliação</p></td><td><p><strong>LIS LIBERATO DE CASTRO</strong>(Técnico Judiciário - Área Administrativa do TRT da 5ª Região, removida por motivo de saúde para este Tribunal)</p></td></tr></table><p>COORDENADORIA DE ATENDIMENTO E PROTOCOLO</p><p></p><table><tr /><tr><td><p><strong>Função Comissionada</strong></p></td><td><p><strong>Servidor(a)</strong></p></td></tr><tr><td><p>Chefe de Setor (FC-3) do Setor de Informações Processuais</p></td><td><p><strong>PATRÍCIA AUGUSTA CASTRO DÓRIA CERQUEIRA DE MELO</strong>(Analista Judiciário - Área Judiciária)</p></td></tr><tr><td><p>Chefe de Setor (FC-3) do Setor de Protocolo Integrado</p></td><td><p><strong>VALÉRIO ANDRADE DA SILVA</strong>(Técnico Judiciário - Área Administrativa)</p></td></tr></table><p>COORDENADORIA DE APOIO ADMINISTRATIVO</p><p></p><table><tr /><tr><td><p><strong>Função Comissionada</strong></p></td><td><p><strong>Servidor(a)</strong></p></td></tr><tr><td><p>Chefe de Setor (FC-3) do Setor de Apoio Operacional</p></td><td><p><strong>GILVANE ARAÚJO CHAGAS OLIVEIRA</strong>(Técnico Judiciário - Área Administrativa - Especialidade Apoio de Serviços Diversos)</p></td></tr></table><p>2. Dispensar, com efeitos a contar de 17/5/2018, a servidora indicada abaixo, da Função Comissionada que exerce:</p><p>SECRETARIA JUDICIÁRIA</p><p></p><table><tr /><tr><td><p><strong>Função Comissionada</strong></p></td><td><p><strong>Servidor(a)</strong></p></td></tr><tr><td><p>Chefe de Núcleo (FC-5) do</p><p>Núcleo de Apoio à Execução</p></td><td><p><strong>GILDETE LOPES DE MENDONÇA (</strong>Técnico Judiciário - Área Administrativa)</p></td></tr></table><p>3. Designar, com efeitos a contar de 2/4/2018, os servidores abaixo relacionados, para exercerem as Funções Comissionadas indicadas:</p><p>SECRETARIA GERAL DA PRESIDÊNCIA</p><p></p><table><tr /><tr><td><p><strong>Função Comissionada</strong></p></td><td><p><strong>Servidor(a)</strong></p></td></tr><tr><td><p>Auxiliar Administrativo (FC-1)</p></td><td><p><strong>EDWARD LIMA DA SILVA</strong>(Técnico Judiciário - Área Administrativa)</p></td></tr><tr><td><p>Assistente Administrativo (FC-3)</p></td><td><p><strong>LIS LIBERATO DE CASTRO</strong>(Técnico Judiciário - Área Administrativa do TRT da 5ª Região, removida por motivo de saúde para este Tribunal)</p></td></tr></table><p>SECRETARIA DA CORREGEDORIA</p><p></p><table><tr /><tr><td><p><strong>Função Comissionada</strong></p></td><td><p><strong>Servidor(a)</strong></p></td></tr><tr><td><p>Assistente de Juiz (FC-5)</p></td><td><p><strong>ELIANA ALVES DE SANTANA (</strong>Técnico Judiciário - Área Administrativa)</p></td></tr><tr><td><p>Assistente de Juiz (FC-5)</p></td><td><p><strong>FRANCISCO DE SOUZA ANDRADE</strong>(Técnico Judiciário - Área Administrativa)</p></td></tr><tr><td><p>Assistente de Juiz (FC-5)</p></td><td><p><strong>PATRÍCIA AUGUSTA CASTRO DÓRIA CERQUEIRA DE MELO</strong>(Analista Judiciário - Área Judiciária)</p></td></tr><tr><td><p>Assistente de Juiz (FC-5)</p></td><td><p><strong>PAULO ROBERTO MOURA LEITE</strong>(Analista Judiciário - Área Administrativa do TST, removido de ofício para este Tribunal)</p></td></tr></table><p>SECRETARIA JUDICIÁRIA</p><p></p><table><tr /><tr><td><p><strong>Função Comissionada</strong></p></td><td><p><strong>Servidor(a)</strong></p></td></tr><tr><td><p>Assistente Administrativo (FC-3)</p></td><td><p><strong>JOSUÉ JUST VALENÇA (</strong>Analista Judiciário - Área Administrativa)</p></td></tr><tr><td><p>Chefe de Setor (FC-3) do Setor de Arquivo Geral</p></td><td><p><strong>MARIA DE LOURDES SOUSA</strong><strong>(</strong>Técnico Judiciário - Área Administrativa - Especialidade Apoio de Serviços Diversos)</p></td></tr></table><p>COORDENADORIA DE MATERIAL E PATRIMÔNIO</p><p></p><table><tr /><tr><td><p><strong>Função Comissionada</strong></p></td><td><p><strong>Servidor(a)</strong></p></td></tr><tr><td><p>Chefe de Setor (FC-3) do Setor de Registro Patrimonial</p></td><td><p><strong>JOSÉ JENIVAL SILVA ARAUJO</strong>(Técnico Judiciário - Área Administrativa - Especialidade Artes Gráficas)</p></td></tr></table><p>COORDENADORIA DE GESTÃO DE PESSOAS</p><p></p><table><tr /><tr><td><p><strong>Função Comissionada</strong></p></td><td><p><strong>Servidor(a)</strong></p></td></tr><tr><td><p>Chefe de Setor (FC-3) do Setor de Preparação de Pagamento a Juízes, Inativos e Pensionistas</p></td><td><p><strong>ROBERTO FAGUNDES MORAES</strong>(Técnico Judiciário - Área Administrativa do TRT da 4ª Região, cedido a este Tribunal)</p></td></tr><tr><td><p>Chefe de Setor (FC-3) do Setor de Acompanhamento e Avaliação</p></td><td><p><strong>ROBSNEIA DE PAULA MACHADO SOUZA (</strong>Analista Judiciário - Área Judiciária)</p></td></tr></table><p>4. Designar, com efeitos a contar de 17/5/2018, a servidora indicada abaixo, para exercer a Função Comissionada indicada:</p><p>SECRETARIA DA CORREGEDORIA</p><p></p><table><tr /><tr><td><p><strong>Função Comissionada</strong></p></td><td><p><strong>Servidor(a)</strong></p></td></tr><tr><td><p>Assistente de Juiz (FC-5)</p></td><td><p><strong>GILDETE LOPES DE MENDONÇA (</strong>Técnico Judiciário - Área Administrativa)</p></td></tr></table><p></p><p class="assina">THENISSON SANTANA DÓRIA</p>]]></Texto>
  </body>
</article></xml>