﻿<xml><article id="2342538" name="Para Publicação no DOU - Portari" idOficio="4729738" pubName="DO2" artType="Portaria" pubDate="02/04/2018" artClass="00011:00059:00002:00000:00000:00000:00000:00000:00000:00000:00025:00001" artCategory="Ministério da Educação/Instituto Federal de Educação, Ciência e Tecnologia Catarinense/Campus Araquari" artSize="8" artNotes="" numberPage="24" pdfPage="http://pesquisa.in.gov.br/imprensa/jsp/visualiza/index.jsp?data=02/04/2018&amp;jornal=529&amp;pagina=24" editionNumber="62" highlight="" idMateria="10636759">
  <body>
    <Identifica><![CDATA[ PORTARIAS DE 27 DE MARÇO DE 2018]]></Identifica>
    <Data><![CDATA[]]></Data>
    <Ementa />
    <Titulo />
    <SubTitulo />
    <Texto><![CDATA[<p class="identifica">PORTARIAS DE 27 DE MARÇO DE 2018</p><p>O DIRETOR GERAL DO INSTITUTO FEDERAL DE EDUCAÇÃO CIÊNCIA E TECNOLOGIA CATARINENSE CAMPUS ARAQUARI, no uso da subdelegação de competência que lhe foi atribuída pela Portaria n. 290/2016, de 26/01/2016, publicada no Diário Oficial da União de 27/01/2016, resolve:</p><p>Nº 129 - Art. 1º - DISPENSAR a servidora KARINNA ALVES CARGNIN, ocupante do cargo de Assistente em Administração, siape nº1755231, da Função Gratificada de Pesquisadora Institucional, código FG-2, do Instituto Federal Catarinense - Campus Araquari.</p><p>Nº 130 - DESIGNAR o servidor OTAVIO PATRÍCIO NETTO, ocupante do cargo de Assistente em Administração, siape nº2779323, para a Função Gratificada de Pesquisador Institucional, código FG-2, do Instituto Federal Catarinense - Campus Araquari.</p><p>Art. 2. Estas portarias entram em vigor na data de sua publicação</p><p class="assina">JONAS CUNHA ESPÍNDOLA</p>]]></Texto>
  </body>
</article></xml>