﻿<xml><article id="2342982" name="AtoPortaria nº 959" idOficio="4730108" pubName="DO2" artType="Portaria" pubDate="02/04/2018" artClass="00011:00026:00000:00000:00000:00000:00000:00000:00000:00000:00025:00001" artCategory="Ministério da Educação/Fundação Universidade Federal do Acre" artSize="8" artNotes="" numberPage="21" pdfPage="http://pesquisa.in.gov.br/imprensa/jsp/visualiza/index.jsp?data=02/04/2018&amp;jornal=529&amp;pagina=21" editionNumber="62" highlight="" idMateria="10637302">
  <body>
    <Identifica><![CDATA[ PORTARIA Nº 959, DE 27 DE MARÇO DE 2018]]></Identifica>
    <Data><![CDATA[]]></Data>
    <Ementa />
    <Titulo />
    <SubTitulo />
    <Texto><![CDATA[<p class="identifica">PORTARIA Nº 959, DE 27 DE MARÇO DE 2018</p><p>A VICE-REITORA NO EXERCÍCIO DA REITORIA DA UNIVERSIDADE FEDERAL DO ACRE, no uso de suas atribuições legais, regimentais e estatutárias; de acordo com o Concurso Público de Provas para provimento de Cargos da Carreira de Técnico-Administrativo em Educação, Edital PRODGEP nº 01/2016; e considerando o que consta nos processos administrativos nº 23107.003469/2018-45 e nº 23107.004647/2018-55, RESOLVE,</p><p>NOMEAR em caráter efetivo, nos termos da Lei nº 8.112/1990, para o Quadro Permanente de Pessoal Técnico-Administrativo, do Campus da Universidade Federal do Acre em Brasileia, a candidata conforme quadro a seguir:</p><p>Campus de Brasileia</p><p>Assistente em Administração - Ampla Concorrência</p><p></p><table><tr /><tr><td><p>Classificação</p></td><td><p>Nome</p></td><td><p>PF</p></td></tr><tr><td><p>3º</p></td><td><p>VANIA DE OLIVEIRA SILVA</p></td><td><p>82</p></td></tr></table><p>A posse dos nomeados ocorrerá no prazo de 30 (trinta) dias, contados da publicação deste ato no Diário Oficial da União, de acordo com o Parágrafo 1º do Art. 13, da Lei nº. 8.112/90.</p><p class="assina">Margarida de Aquino Cunha</p>]]></Texto>
  </body>
</article></xml>