﻿<xml><article id="2341472" name="440.MILTON NOGUEIRA - NOMEIA E D" idOficio="4727399" pubName="DO2" artType="Portaria" pubDate="02/04/2018" artClass="00034:00008:00001:00004:00000:00000:00000:00000:00000:00000:00025:00001" artCategory="Ministério Público da União/Ministério Público do Trabalho/Procuradoria-Geral/Diretoria-Geral" artSize="8" artNotes="" numberPage="74" pdfPage="http://pesquisa.in.gov.br/imprensa/jsp/visualiza/index.jsp?data=02/04/2018&amp;jornal=529&amp;pagina=74" editionNumber="62" highlight="" idMateria="10632513">
  <body>
    <Identifica><![CDATA[ PORTARIA Nº 440, DE 26 DE MARÇO DE 2018]]></Identifica>
    <Data><![CDATA[]]></Data>
    <Ementa />
    <Titulo />
    <SubTitulo />
    <Texto><![CDATA[<p class="identifica">PORTARIA Nº 440, DE 26 DE MARÇO DE 2018</p><p>A DIRETORA-GERAL ADJUNTA DO MINISTÉRIO PÚBLICO DO TRABALHO, no uso da competência que lhe foi delegada pela Portaria DG-MPT nº 86, de 30 de março de 2016, e o que consta no PGEA/MPT nº 003341.2018.00.900/8, resolve:</p><p>Art.1º Exonerar, a contar de 2.4.2018, o servidor MILTON NOGUEIRA DA CRUZ SALDANHA, matrícula nº 6006164, ocupante do cargo de Técnico do MPU/Administração, do cargo em comissão de Assessor Jurídico Nível II do 32º Ofício Geral da Procuradoria Geral do Trabalho, código CC-2.</p><p>Art. 2º Dispensar, a contar de 2.4.2018, o servidor MILTON NOGUEIRA DA CRUZ SALDANHA, matrícula nº 6006164, ocupante do cargo de Técnico do MPU/Administração, do encargo de substituto eventual do Chefe da Assessoria Jurídica do 32º Ofício Geral da Procuradoria Geral do Trabalho, código CC-4.</p><p>Art.3º Nomear o servidor MILTON NOGUEIRA DA CRUZ SALDANHA, matrícula nº6006164, ocupante do cargo de Técnico do MPU/Administração, para o cargo em comissão de Chefe da Assessoria Jurídica do 32º Ofício Geral da Procuradoria Geral do Trabalho, código CC-4.</p><p class="assina">SANDRA CRISTINA DE ARAÚJO</p>]]></Texto>
  </body>
</article></xml>