﻿<xml><article id="2343075" name="PORTARIA nº 37 de 20 de MARÇO DE" idOficio="4730788" pubName="DO2" artType="Portaria" pubDate="02/04/2018" artClass="00014:00042:00009:00000:00000:00000:00000:00000:00000:00000:00025:00001" artCategory="Ministério da Integração Nacional/Superintendência do Desenvolvimento do Nordeste/Diretoria de Administração" artSize="8" artNotes="" numberPage="43" pdfPage="http://pesquisa.in.gov.br/imprensa/jsp/visualiza/index.jsp?data=02/04/2018&amp;jornal=529&amp;pagina=43" editionNumber="62" highlight="" idMateria="10638456">
  <body>
    <Identifica><![CDATA[ PORTARIA   Nº    37,  DE   20    DE   MARÇO  DE  2018]]></Identifica>
    <Data><![CDATA[]]></Data>
    <Ementa />
    <Titulo />
    <SubTitulo />
    <Texto><![CDATA[<p></p><p class="identifica">PORTARIA Nº 37, DE 20 DE MARÇO DE 2018</p><p>O DIRETOR DE ADMINISTRAÇÃO DA SUPERINTENDÊNCIA DO DESENVOLVIMENTO DO NORDESTE - SUDENE, no uso das atribuições que lhe foram delegadas pela Portaria nº 118, de 3 de setembro de 2015, publicada no Diário Oficial da União nº 171, Seção 1, de 8 de setembro de 2015, e considerando o contido no Processo nº 59335000057/2018-15 resolve:</p><p>Art. 1º Conceder aposentadoria voluntária com provento integral ao servidor EDMUNDO LUCIANO PESSOA TAVARES DE MELO, Matrícula SIAPE nº 0676198, ocupante do cargo efetivo de Digitador, código 481/181, Nível Intermediário, Classe S, Padrão III, integrante do quadro de pessoal permanente desta Superintendência do Desenvolvimento do Nordeste - SUDENE, com fundamento no art. 3º da Emenda Constitucional nº 47/2005, acrescido da Vantagem Pessoal Nominalmente Identificada - VPNI, art. 62-A da Lei nº 8.112/90.</p><p>Art. 2º Declarar vago o referido cargo (código da vaga 423778).</p><p>Art. 3º Esta Portaria entra em vigor na data de sua publicação no Diário Oficial da União.</p><p class="assina">ANTONIO SILVA MAGALHÃES RIBEIRO</p><p></p>]]></Texto>
  </body>
</article></xml>