﻿<xml><article id="2341935" name="LAUDA DOU 27-03-2018" idOficio="4728370" pubName="DO2" artType="Portaria" pubDate="02/04/2018" artClass="00038:00054:00003:00000:00000:00000:00000:00000:00000:00000:00025:00001" artCategory="Poder Judiciário/Tribunal Regional do Trabalho da 15ª Região/Presidência" artSize="8" artNotes="" numberPage="78" pdfPage="http://pesquisa.in.gov.br/imprensa/jsp/visualiza/index.jsp?data=02/04/2018&amp;jornal=529&amp;pagina=78" editionNumber="62" highlight="" idMateria="10634063">
  <body>
    <Identifica><![CDATA[ PORTARIA CPV Nº 145, DE 09 DE MARÇO DE 2018]]></Identifica>
    <Data><![CDATA[]]></Data>
    <Ementa />
    <Titulo />
    <SubTitulo />
    <Texto><![CDATA[<p class="identifica">PORTARIA CPV Nº 145, DE 09 DE MARÇO DE 2018</p><p>O DESEMBARGADOR PRESIDENTE DO TRIBUNAL REGIONAL DO TRABALHO DA 15ª REGIÃO, no uso de suas atribuições legais e regimentais, e tendo em vista o que consta do Processo nº 7505/2017 PROAD, resolve:</p><p>Cessar, a partir de 02 de abril de 2018, os efeitos da Portaria CPV nº 868, de 12/12/2016, publicada no DOU - Seção 02, em 28/12/2016, página 72, que removeu para o Tribunal Regional do Trabalho da 2ª Região, ALEX JORGE DOMINGUES, Técnico Judiciário, área Administrativa, do Quadro Permanente da Secretaria deste Tribunal, em permuta com MARIANA CALDAS NOGUEIRA, Técnico Judiciário, área Administrativa, do Quadro Permanente da Secretaria do Tribunal Regional do Trabalho da 2ª Região.</p><p class="assina">Fernando da Silva Borges</p><p class="identifica">PORTARIAS CPV DE 13 DE MARÇO DE 2018</p><p>O DESEMBARGADOR PRESIDENTE DO TRIBUNAL REGIONAL DO TRABALHO DA 15ª REGIÃO, no uso de suas atribuições legais e regimentais, resolve:</p><p>Nº 156 - Designar, a partir da publicação desta portaria, ROBERTA RODRIGUES URBANO, Analista Judiciário, área Judiciária, do Quadro Permanente da Secretaria deste Tribunal, para ter exercício na 3ª Vara do Trabalho de Campinas, dispensando-a da função comissionada de Assistente Administrativo FC-03, no Gabinete do Desembargador do Trabalho Ricardo Regis Laraia.</p><p>Nº 157 - Designar, a partir da publicação desta portaria, RAQUEL CAMARGO DUARTE CONCEIÇÃO GABI, Técnico Judiciário, área Administrativa, do Quadro Permanente da Secretaria deste Tribunal, lotada no Gabinete do Desembargador do Trabalho Ricardo Regis Laraia, para exercer a função comissionada de Assistente Administrativo FC-03, constante da Tabela de Funções Comissionadas, dispensando-a da função comissionada de Assistente FC-02.</p><p>Nº 158 - Designar, a partir da publicação desta portaria, KELLY CRISTINA PERIM VALE, Analista Judiciário, área Judiciária, do Quadro Permanente da Secretaria deste Tribunal, para:</p><p>I - ter exercício no Gabinete do Desembargador do Trabalho Ricardo Regis Laraia;</p><p>II - exercer a função comissionada de Assistente FC-02, constante da Tabela de Funções Comissionadas.</p><p class="assina">Fernando da Silva Borges</p><p class="identifica">PORTARIA CPV Nº 169, DE 16 DE MARÇO DE 2018</p><p>O DESEMBARGADOR PRESIDENTE DO TRIBUNAL REGIONAL DO TRABALHO DA 15ª REGIÃO, no uso de suas atribuições legais e regimentais, resolve:</p><p>Designar, a partir da publicação desta portaria, TIAGO SILVA DE MENEZES, Técnico Judiciário, área Apoio Especializado, especialidade Tecnologia da Informação, do Quadro Permanente da Secretaria deste Tribunal, para:</p><p>I - ter exercício na Seção de Manutenção de Equipamentos de TIC, da Secretaria de Tecnologia da Informação e Comunicações;</p><p>II - exercer a função comissionada de Assistente de Setor FC-04, constante da Tabela de Funções Comissionadas, bem como substituir o Assistente-Chefe de Setor FC-05, nos seus impedimentos legais e eventuais.</p><p class="assina">Fernando da Silva Borges</p><p class="identifica">PORTARIAS CPV DE 19 DE MARÇO DE 2018</p><p>O DESEMBARGADOR PRESIDENTE DO TRIBUNAL REGIONAL DO TRABALHO DA 15ª REGIÃO, no uso de suas atribuições legais e regimentais, resolve:</p><p>Nº 172 - Designar, a partir da publicação desta portaria, AMANDA MAENO SILVA PROENÇA, Técnico Judiciário, área Administrativa, do Quadro Permanente da Secretaria deste Tribunal, para:</p><p>I - ter exercício no Gabinete do Juiz Substituto Paulo Eduardo Belloti;</p><p>II - exercer a função comissionada de Assistente de Juiz FC-05, constante da Tabela de Funções Comissionadas.</p><p>Nº 173 - Designar, a partir da publicação desta portaria, as servidoras abaixo, do Quadro Permanente da Secretaria deste Tribunal, lotadas na Seção de Legislação de Pessoal, da Secretaria de Gestão de Pessoas:</p><p>- DENISE DOMINGOS DA CUNHA, Analista Judiciário, área Judiciária, para exercer a função comissionada de Assistente de Setor FC-04, constante da Tabela de Funções Comissionadas, bem como substituir o Assistente-Chefe de Setor FC-05, nos seus impedimentos legais e eventuais, dispensando-a da função comissionada de Assistente FC-02;</p><p>- MEIRE APARECIDA CAUS TEODORO, Técnico Judiciário, área Administrativa, para exercer a função comissionada de Assistente Técnico de Apoio Administrativo FC-04, constante da Tabela de Funções Comissionadas, dispensando-a da função comissionada de Assistente de Setor FC-04, bem como da substituição do Assistente-Chefe de Setor FC-05;</p><p>- CLAUDIA MARIA MARCHIONI, Técnico Judiciário, área Administrativa, para exercer a função comissionada de Assistente FC-02, constante da Tabela de Funções Comissionadas, dispensando-a da função comissionada de Assistente Técnico de Apoio Administrativo FC-04.</p><p class="assina">Fernando da Silva Borges</p><p class="identifica">PORTARIAS CPV DE 20 DE MARÇO DE 2018</p><p>O DESEMBARGADOR PRESIDENTE DO TRIBUNAL REGIONAL DO TRABALHO DA 15ª REGIÃO, no uso de suas atribuições legais e regimentais, resolve:</p><p>Nº 175 - Designar, a partir da publicação desta portaria, LUCIANO APARECIDO PEREIRA DE MORAIS, Analista Judiciário, área Judiciária, do Quadro Permanente da Secretaria deste Tribunal, para:</p><p>I - ter exercício no Gabinete do Juiz Titular Manoel Luiz Costa Penido, dispensando-o da função comissionada de Assistente de Gabinete FC-05, no Gabinete do Juiz Convocado em Vaga de Aposentadoria do Desembargador Carlos Augusto Escanfella;</p><p>II - exercer a função comissionada de Assistente de Juiz FC-05, constante da Tabela de Funções Comissionadas.</p><p>O DESEMBARGADOR PRESIDENTE DO TRIBUNAL REGIONAL DO TRABALHO DA 15ª REGIÃO, no uso de suas atribuições legais e regimentais, e tendo em vista o que consta do Processo nº 2588/2018 PROAD, resolve:</p><p>Nº 176 - Remover, a pedido, a partir de 02 de abril de 2018, RENATA DE FREITAS OLIVEIRA, Servidora Pública Federal, do Quadro Permanente da Secretaria do Tribunal Superior do Trabalho, removida para este Tribunal, da 1ª Vara do Trabalho de Jaú para a Vara do Trabalho de Santa Cruz do Rio Pardo, dispensando-a da função comissionada de Assistente FC-02.</p><p class="assina">Fernando da Silva Borges</p><p class="identifica">PORTARIAS CPV DE 21 DE MARÇO DE 2018</p><p>O DESEMBARGADOR PRESIDENTE DO TRIBUNAL REGIONAL DO TRABALHO DA 15ª REGIÃO, no uso de suas atribuições legais e regimentais, resolve:</p><p>Nº 177 - Designar, a partir de 02 de abril de 2018, ANA PAULA FERREIRA DE MENEZES SOARA, Analista Judiciário, área Administrativa, do Quadro Permanente da Secretaria deste Tribunal, para ter exercício na 2ª Vara do Trabalho de Sertãozinho, dispensando-a da função comissionada de Assistente de Juiz FC-05, no Gabinete da Juiza Substituta Cristiane Souza de Castro Toledo, bem como da designação para prestar serviços no Gabinete da Juíza Substituta Michele do Amaral, efetivada pela portaria CPV 805, de 05/12/2017, publicada no DEJT, em 01/03/2018, página 02.</p><p>Nº 178 - Designar JOÃO GABRIEL DA SILVA SILVEIRA, Analista Judiciário, área Judiciária, do Quadro Permanente da Secretaria deste Tribunal, para:</p><p>I - ter exercício, a partir de 02 de abril de 2018, no Gabinete da Juíza Substituta Cristiane Souza de Castro Toledo, com prestação de serviços no Gabinete da Juíza Substituta Michele do Amaral, no período de 02 de abril até 31 de agosto de 2018, dispensando-o da função comissionada de Secretário de Audiência FC-04, na Vara do Trabalho de Amparo;</p><p>II - exercer, a partir da publicação desta portaria, a função comissionada de Assistente de Juiz FC-05, constante da Tabela de Funções Comissionadas.</p><p>Nº 182 - Designar LUIS HENRIQUE SALINA, Analista Judiciário, área Judiciária, do Quadro Permanente da Secretaria deste Tribunal, para:</p><p>I - ter exercício, a partir de 02 de abril de 2018, no Gabinete do Juiz Convocado em Vaga de Aposentadoria do Desembargador Carlos Augusto Escanfella, dispensando-o da função comissionada de Assistente Técnico de Gabinete de Desembargador FC-04, no Gabinete da Desembargadora do Trabalho Maria Inês Corrêa de Cerqueira César Targa;</p><p>II - exercer, a partir da publicação desta portaria, a função comissionada de Assistente FC-02, constante da Tabela de Funções Comissionadas.</p><p class="assina">Fernando da Silva Borges</p><p class="identifica">PORTARIAS CPV DE 23 DE MARÇO DE 2018</p><p>O DESEMBARGADOR PRESIDENTE DO TRIBUNAL REGIONAL DO TRABALHO DA 15ª REGIÃO, no uso de suas atribuições legais e regimentais, resolve:</p><p>Nº 191 - Designar, a partir da publicação desta portaria, os servidores abaixo, lotados na Vara do Trabalho de Amparo:</p><p>- NILSON MARCOS LIMA, Técnico Judiciário, área Administrativa, do Quadro Permanente da Secretaria deste Tribunal, para exercer a função comissionada de Secretário de Audiência FC-04, constante da Tabela de Funções Comissionadas, dispensando-o da função comissionada de Assistente FC-02;</p><p>- MARCOS DE GODOY, Servidor Público da Prefeitura Municipal de Pedreira, à disposição deste Tribunal, com atuação no Posto Avançado da Justiça do Trabalho de Amparo em Pedreira, para exercer a função comissionada de Assistente FC-02, constante da Tabela de Funções Comissionadas, dispensando-o da função comissionada de Executante FC-01.</p><p>Nº 192 - Designar FABIANO GOULD NAKANO, Técnico Judiciário, área Administrativa, do Quadro Permanente da Secretaria deste Tribunal, para:</p><p>I - ter exercício, a partir de 02 de abril de 2018, no Gabinete da Desembargadora do Trabalho Erodite Ribeiro dos Santos De Biasi;</p><p>II - exercer, a partir da publicação desta portaria, a função comissionada de Assistente Administrativo FC-03, constante da Tabela de Funções Comissionadas.</p><p>Nº 193 - Designar, a partir da publicação desta portaria, os servidores abaixo, Técnicos Judiciários, área Administrativa, do Quadro Permanente da Secretaria deste Tribunal, lotados na 1ª Vara do Trabalho de Ribeirão Preto:</p><p>- LUCIANA ELISABETH BECO NEVES para exercer a função comissionada de Assistente de Diretor de Secretaria FC-05, constante da Tabela de Funções Comissionadas, bem como substituir o Diretor de Secretaria de Vara do Trabalho CJ-03, nos seus impedimentos legais e eventuais, dispensando CARMEN SILVIA CHIARETTI da mesma função comissionada e substituição;</p><p>- SAULO DAMETO PIRES para exercer a função comissionada de Assistente FC-02, constante da Tabela de Funções Comissionadas, dispensando LUCIANA ELISABETH BECO NEVES.</p><p class="assina">Fernando da Silva Borges</p>]]></Texto>
  </body>
</article></xml>