﻿<xml><article id="2342937" name="PTS38A41JOÃOPESSOA" idOficio="4730585" pubName="DO2" artType="Portaria" pubDate="02/04/2018" artClass="00022:00029:00237:00022:00029:00000:00000:00000:00000:00000:00025:00002" artCategory="Ministério do Desenvolvimento Social/Instituto Nacional do Seguro Social/Superintendência Regional Nordeste em Recife/Gerência Executiva - B - em João Pessoa/Seção Operacional  de Gestão de Pessoas" artSize="8" artNotes="" numberPage="54" pdfPage="http://pesquisa.in.gov.br/imprensa/jsp/visualiza/index.jsp?data=02/04/2018&amp;jornal=529&amp;pagina=54" editionNumber="62" highlight="" idMateria="10638138">
  <body>
    <Identifica><![CDATA[ PORTARIAS DE 28 DE MARÇO DE 2018]]></Identifica>
    <Data><![CDATA[]]></Data>
    <Ementa />
    <Titulo />
    <SubTitulo />
    <Texto><![CDATA[<p></p><p class="identifica">PORTARIAS DE 28 DE MARÇO DE 2018</p><p>O CHEFE DA SEÇÃO OPERACIONAL DA GESTÃO DE PESSOAS DA GERÊNCIA EXECUTIVA DO INSS EM JOÃO PESSOA-PB, no uso das atribuições conferidas no art. 235, do Regimento Interno, aprovado pela PT/MDS/GM/Nº 414, de 28.09.207, publicado no DOU nº 188, de 29.09.2017, resolve:</p><p>Nº 38 Conceder aposentadoria voluntária a servidora GERMANA BRAGA ROLIM MEIRA, mat. SIAPE nº 0752.509, ocupante do cargo de Assistente Social, Classe "S", Padrão "IV", do quadro de Pessoal do Instituto Nacional do Seguro Social, com fundamento no art. 3º, da Emenda Constitucional nº 47/2005, com proventos integrais, observado o contido no Proc. nº 35172.000270/2018-61, declarando, em consequência, o referido cargo vago.</p><p>Nº 39 Conceder aposentadoria voluntária a servidora MAGALI ABRANTES SOARES, mat. SIAPE nº 0898.538, ocupante do cargo de Técnico do Seguro Social, Classe "S", Padrão "IV", do Quadro de Pessoal do Instituto Nacional do Seguro Social, com fundamento no art. 3º, da Emenda Constitucional nº 47/2005, com proventos integrais, observado o contido no Proc. nº 35172.000293/2018-75, declarando, em consequência, o referido cargo vago.</p><p>Nº 40 Conceder aposentadoria voluntária a servidora ILMA DE FÁTIMA BARBOSA DE ARAÚJO, mat. SIAPE nº 0898.876, ocupante do cargo de Técnico do Seguro Social, Classe "S", Padrão "IV", do Quadro de Pessoal do Instituto Nacional do Seguro Social, com fundamento no art. 3º, da Emenda Constitucional nº 47/2005, com proventos integrais, observado o contido no Proc. nº 35172.000279/2018-71, declarando, em consequência, o referido cargo vago.</p><p>Nº 41 Conceder aposentadoria voluntária integral ao servidor ANTONIO FRANCISCO DANTAS, mat. SIAPE nº 0899.155, ocupante do cargo de Perito Médico Previdenciário, Classe "S", Padrão "I", do Quadro de Pessoal do Instituto Nacional do Seguro Social, com fundamento no art. 3º, da Emenda Constitucional nº 47/2005, com proventos integrais, observado o contido no Proc. nº 35172.000276/2018-38, declarando, em consequência, o referido cargo vago.</p><p class="assina">GILBERTO FIRMINO DE SOUZA JÚNIOR</p>]]></Texto>
  </body>
</article></xml>