﻿<xml><article id="2341388" name="Ato 5796723 - 2018" idOficio="4727458" pubName="DO2" artType="Ato" pubDate="02/04/2018" artClass="00038:00007:00001:00000:00000:00000:00000:00000:00000:00000:00001:00009" artCategory="Poder Judiciário/Tribunal Regional Federal da 1ª Região/Presidência" artSize="8" artNotes="" numberPage="79" pdfPage="http://pesquisa.in.gov.br/imprensa/jsp/visualiza/index.jsp?data=02/04/2018&amp;jornal=529&amp;pagina=79" editionNumber="62" highlight="" idMateria="10632733">
  <body>
    <Identifica><![CDATA[ Ato nº 5796723, de 26 de março de 2018]]></Identifica>
    <Data><![CDATA[]]></Data>
    <Ementa />
    <Titulo />
    <SubTitulo />
    <Texto><![CDATA[<p class="identifica">Ato nº 5796723, de 26 de março de 2018</p><p>O PRESIDENTE DO TRIBUNAL REGIONAL FEDERAL DA 1ª REGIÃO, no uso de suas atribuições legais e regimentais e tendo em vista o constante nos autos do PAe 0001748-19.2018.4.01.8004, resolve:</p><p>CONCEDER APOSENTADORIA à servidora TEREZA CRISTINA GASSE DE CARVALHO, Técnica Judiciária, Área Administrativa, Nível Intermediário, Classe "C", Padrão 13, do Quadro de Pessoal da Justiça Federal de Primeira Instância, Seção Judiciária do Estado da Bahia, com fundamento no art. 3º da Emenda Constitucional 47/2005, com a vantagem prevista no art. 15, § 1º, da Lei 9.527/97 e art. 62-A da Lei 8.112/90.</p><p class="assina">Des HILTON QUEIROZ</p>]]></Texto>
  </body>
</article></xml>