﻿<xml><article id="2342991" name="Portaria N º 63 - Raimunda Sousa" idOficio="4730193" pubName="DO2" artType="Portaria" pubDate="02/04/2018" artClass="00012:00002:00012:00019:00001:00000:00000:00000:00000:00000:00025:00001" artCategory="Ministério da Fazenda/Secretaria Executiva/Subsecretaria de Planejamento, Orçamento e Administração/Superintendência de Administração no Espírito Santo/Serviço de Recursos Humanos" artSize="8" artNotes="" numberPage="38" pdfPage="http://pesquisa.in.gov.br/imprensa/jsp/visualiza/index.jsp?data=02/04/2018&amp;jornal=529&amp;pagina=38" editionNumber="62" highlight="" idMateria="10637462">
  <body>
    <Identifica><![CDATA[ PORTARIA Nº 63, DE 26 DE MARÇO DE 2018]]></Identifica>
    <Data><![CDATA[]]></Data>
    <Ementa />
    <Titulo />
    <SubTitulo />
    <Texto><![CDATA[<p class="identifica">PORTARIA Nº 63, DE 26 DE MARÇO DE 2018</p><p>A Superintendente de Administração do Ministério da Fazenda no Espírito Santo, no uso das atribuições que lhe foram conferidas pelo art. 86, Inciso XI, da Portaria GM/MF Nº. 144, de 27 de abril de 2016, publicada no Diário Oficial da União de 29 de abril de 2016, Resolve:</p><p>Conceder aposentadoria voluntária à servidora Raimunda Sousa Borges, ocupante do cargo de Bliteotecário, Classe ''S'', Padrão III, do Quadro de Pessoal do Ministério da Fazenda/PFN/ES, SIAPE nº 755137 e SIAPECAD nº 59025, de acordo com o artigo 3º da Emenda Constitucional nº 47, publicada no DOU de 06/07/2005 c/c o artigo 62-A, da Lei nº 8.112/1990(Processo nº 10783.100409/2018-56).</p><p class="assina">Jacinta de Fátima Pereira Maciel</p>]]></Texto>
  </body>
</article></xml>