﻿<xml><article id="2342862" name="PORTARIA GABI_200_HELIO" idOficio="4730822" pubName="DO2" artType="Portaria" pubDate="02/04/2018" artClass="00011:00127:00001:00001:00000:00000:00000:00000:00000:00000:00025:00001" artCategory="Ministério da Educação/Universidade Federal do Recôncavo da Bahia/Reitoria/Gabinete do Reitor" artSize="8" artNotes="" numberPage="33" pdfPage="http://pesquisa.in.gov.br/imprensa/jsp/visualiza/index.jsp?data=02/04/2018&amp;jornal=529&amp;pagina=33" editionNumber="62" highlight="" idMateria="10638501">
  <body>
    <Identifica><![CDATA[ PORTARIA Nº 200, DE 27 DE MARÇO DE 2018]]></Identifica>
    <Data><![CDATA[]]></Data>
    <Ementa />
    <Titulo />
    <SubTitulo />
    <Texto><![CDATA[<p class="identifica">PORTARIA Nº 200, DE 27 DE MARÇO DE 2018</p><p>O REITOR DA UNIVERSIDADE FEDERAL DO RECÔNCAVO DA BAHIA, no uso de suas atribuições legais e estatutárias, e, tendo em vista o que consta do Processo nº 23007.005191/2018-79, resolve:</p><p>Conceder aposentadoria voluntária, com proventos integrais ao servidor HELIO CARDOSO MACHADO, SIAPE nº 0281696, ocupante do cargo de Assistente em Administração, Classe D, Nível de Capacitação 4, Padrão de Vencimento 16, em regime de trabalho de 40 horas semanais, pertencente ao quadro de Pessoal desta Universidade, lotado no NBIBCA da PROPLAN, com fundamento no artigo 3º da Emenda Constitucional nº 47, de 05/7/2005, publicada no DOU de 06/7/2005.</p><p class="assina">SILVIO LUIZ DE OLIVEIRA SOGLIA</p>]]></Texto>
  </body>
</article></xml>