﻿<xml><article id="2343090" name="DOU_02-04-2018_0" idOficio="4731262" pubName="DO2" artType="Ato" pubDate="02/04/2018" artClass="00037:00001:00000:00000:00000:00000:00000:00000:00000:00000:00001:00002" artCategory="Poder Legislativo/Câmara dos Deputados" artSize="8" artNotes="" numberPage="75" pdfPage="http://pesquisa.in.gov.br/imprensa/jsp/visualiza/index.jsp?data=02/04/2018&amp;jornal=529&amp;pagina=75" editionNumber="62" highlight="" idMateria="10639570">
  <body>
    <Identifica><![CDATA[ ATOS de  28 DE MARÇO DE 2018]]></Identifica>
    <Data><![CDATA[]]></Data>
    <Ementa />
    <Titulo />
    <SubTitulo />
    <Texto><![CDATA[<p class="identifica">ATOS de 28 DE MARÇO DE 2018</p><p>O PRESIDENTE DA CÂMARA DOS DEPUTADOS, no uso das atribuições que lhe confere o artigo 1º, inciso I, alínea "a", do Ato da Mesa n.º 205, de 28 de junho de 1990, resolve:</p><p>EXONERAR, a pedido, de acordo com o artigo 35, inciso II, da Lei n.º 8.112, de 11 de dezembro de 1990, ALESSANDRA ELOI MARTINS RIBEIRO, ponto n.º 119446, do cargo em comissão de Assessor Técnico Adjunto D, CNE-14, do Quadro de Pessoal da Câmara dos Deputados, que exerce no Gabinete do Líder do Partido Republicano Brasileiro.</p><p>EXONERAR, a pedido, de acordo com o artigo 35, inciso II, da Lei n.º 8.112, de 11 de dezembro de 1990, CÁSSIA MARIA DA SILVA, ponto n.º 119691, do cargo em comissão de Assistente Técnico de Gabinete Adjunto D, CNE-15, do Quadro de Pessoal da Câmara dos Deputados, que exerce no Gabinete do Líder do Partido Republicano Brasileiro.</p><p>EXONERAR, de acordo com o artigo 35, inciso I, da Lei n.º 8.112, de 11 de dezembro de 1990, JOÃO GABRIEL FERREIRA DE ALMEIDA, ponto n.º 122595, do cargo em comissão de Assessor Técnico Adjunto B, CNE-10, do Quadro de Pessoal da Câmara dos Deputados, que exerce no Gabinete do Líder do Partido Republicano da Ordem Social.</p><p>EXONERAR, de acordo com o artigo 35, inciso I, da Lei n.º 8.112, de 11 de dezembro de 1990, JOAQUIM MARQUES LEAL, ponto n.º 116312, do cargo em comissão de Assistente Técnico de Gabinete, CNE-09, do Quadro de Pessoal da Câmara dos Deputados, que exerce na Assessoria Técnica da Diretoria-Geral.</p><p>EXONERAR, de acordo com o artigo 35, inciso I, da Lei n.º 8.112, de 11 de dezembro de 1990, JUSSARA SIQUEIRA DE ALMEIDA, ponto n.º 118991, do cargo em comissão de Assessor Técnico Adjunto B, CNE-10, do Quadro de Pessoal da Câmara dos Deputados, que exerce no Gabinete do Líder do Democratas.</p><p>EXONERAR, a pedido, de acordo com o artigo 35, inciso II, da Lei n.º 8.112, de 11 de dezembro de 1990, MARIA AUXILIADORA SANTOS DE ALMEIDA, ponto n.º 120557, do cargo em comissão de Assistente Técnico de Gabinete Adjunto D, CNE-15, do Quadro de Pessoal da Câmara dos Deputados, que exerce no Gabinete do Líder do Partido Republicano Brasileiro.</p><p>EXONERAR, de acordo com o artigo 35, inciso I, da Lei n.º 8.112, de 11 de dezembro de 1990, TERESINHA ALVES FERREIRA DE MELLO, ponto n.º 122813, do cargo em comissão de Assistente Técnico de Gabinete Adjunto D, CNE-15, do Quadro de Pessoal da Câmara dos Deputados, que exerce no Gabinete do Líder do Partido da República.</p><p>O PRESIDENTE DA CÂMARA DOS DEPUTADOS, no uso das atribuições que lhe confere o artigo 1º, inciso I, alínea "a", do Ato da Mesa n.º 205, de 28 de junho de 1990, e o artigo 6º da Lei nº 8.112, de 11 de dezembro de 1990, resolve:</p><p>NOMEAR, na forma do artigo 9º, inciso II, da Lei n.º 8.112, de 11 de dezembro de 1990, ALESSANDRA ELOI MARTINS RIBEIRO para exercer, no Gabinete do Líder do Partido da República, o cargo em comissão de Assessor Técnico Adjunto D, CNE-14, do Quadro de Pessoal da Câmara dos Deputados.</p><p>NOMEAR, na forma do artigo 9º, inciso II, da Lei n.º 8.112, de 11 de dezembro de 1990, CÁSSIA MARIA DA SILVA para exercer, no Gabinete do Líder do Partido da República, o cargo em comissão de Assistente Técnico de Gabinete Adjunto D, CNE-15, do Quadro de Pessoal da Câmara dos Deputados.</p><p>NOMEAR, na forma do artigo 9º, inciso II, da Lei n.º 8.112, de 11 de dezembro de 1990, DANIEL BORGES GUEDES DE MENDONÇA para exercer, no Gabinete do Líder do Solidariedade, o cargo em comissão de Assessor Técnico, CNE-07, do Quadro de Pessoal da Câmara dos Deputados.</p><p>NOMEAR, na forma do artigo 9º, inciso II, da Lei n.º 8.112, de 11 de dezembro de 1990, FABIANA MIRANDA MELIS VANDERLEI para exercer, na Assessoria Técnica da Diretoria-Geral, o cargo em comissão de Assistente Técnico de Gabinete, CNE-09, do Quadro de Pessoal da Câmara dos Deputados.</p><p>NOMEAR, na forma do artigo 9º, inciso II, da Lei n.º 8.112, de 11 de dezembro de 1990, FELIPE FERREIRA DA CUNHA para exercer, no Gabinete do Líder do Partido Social Democrático, o cargo em comissão de Assistente Técnico De Gabinete Adjunto C, CNE-13, do Quadro de Pessoal da Câmara dos Deputados.</p><p>NOMEAR, na forma do artigo 9º, inciso II, da Lei n.º 8.112, de 11 de dezembro de 1990, MARIA AUXILIADORA SANTOS DE ALMEIDA para exercer, na Comissão de Defesa dos Direitos das Pessoas com Deficiência, da Coordenação de Comissões Permanentes, do Departamento de Comissões, o cargo em comissão de Assistente Técnico de Comissão Adjunto D, CNE-15, do Quadro de Pessoal da Câmara dos Deputados.</p><p>NOMEAR, na forma do artigo 9º, inciso II, da Lei n.º 8.112, de 11 de dezembro de 1990, MARIA DE LOURDES ALMEIDA CARDOSO para exercer, no Gabinete do Líder do Democratas, o cargo em comissão de Assessor Técnico Adjunto B, CNE-10, do Quadro de Pessoal da Câmara dos Deputados.</p><p>NOMEAR, na forma do artigo 9º, inciso II, da Lei n.º 8.112, de 11 de dezembro de 1990, PRISCILA CAVALCANTE DE SOUZA para exercer, no Gabinete do Líder do Partido Republicano da Ordem Social, o cargo em comissão de Assessor Técnico Adjunto B, CNE-10, do Quadro de Pessoal da Câmara dos Deputados.</p><p class="assina">Rodrigo Maia</p>]]></Texto>
  </body>
</article></xml>