﻿<xml><article id="2346764" name="retificacao__141640" idOficio="4730176" pubName="DO2" artType="Retificação" pubDate="02/04/2018" artClass="00039:00019:00000:00000:00000:00000:00000:00000:00000:00000:00032:00001" artCategory="Entidades de Fiscalização do Exercício das Profissões Liberais/Conselho de Arquitetura e Urbanismo do Piauí" artSize="8" artNotes="" numberPage="90" pdfPage="http://pesquisa.in.gov.br/imprensa/jsp/visualiza/index.jsp?data=02/04/2018&amp;jornal=529&amp;pagina=90" editionNumber="62" highlight="" idMateria="10637322">
  <body>
    <Identifica><![CDATA[ RETIFICAÇÃO]]></Identifica>
    <Data><![CDATA[]]></Data>
    <Ementa />
    <Titulo />
    <SubTitulo />
    <Texto><![CDATA[<p class="identifica">RETIFICAÇÃO</p><p>No artigo 1, da portaria 12, publicada dia 28/03/2018, na Seção 2, página 58, deste Diário Oficial, onde lê-se "Exonerar", leia-se "Nomear".</p>]]></Texto>
  </body>
</article></xml>