﻿<xml><article id="2341379" name="REMOCAO_DOU_26_03_18_RAQUEL_LOPE" idOficio="4727384" pubName="DO2" artType="Portaria" pubDate="02/04/2018" artClass="00038:00040:00001:00001:00000:00000:00000:00000:00000:00000:00025:00001" artCategory="Poder Judiciário/Tribunal Regional do Trabalho da 1ª Região/Presidência/Gabinete da Presidência" artSize="8" artNotes="" numberPage="82" pdfPage="http://pesquisa.in.gov.br/imprensa/jsp/visualiza/index.jsp?data=02/04/2018&amp;jornal=529&amp;pagina=82" editionNumber="62" highlight="" idMateria="10632491">
  <body>
    <Identifica><![CDATA[ PORTARIA Nº 176, de 22 de fevereiro de 2018]]></Identifica>
    <Data><![CDATA[]]></Data>
    <Ementa />
    <Titulo />
    <SubTitulo />
    <Texto><![CDATA[<p class="identifica">PORTARIA Nº 176, de 22 de fevereiro de 2018</p><p>O PRESIDENTE DO TRIBUNAL REGIONAL DO TRABALHO DA PRIMEIRA REGIÃO, no uso de suas atribuições legais e regimentais, e tendo em vista o contido no Processo PROAD nº 8630/2017, resolve:</p><p>I-Remover, a pedido, o servidor RAQUEL LOPES DECAT, Técnico Judiciário - Área Administrativa, do Quadro de Pessoal deste Regional, para o Tribunal Regional do Trabalho da Segunda Região, mediante permuta com o servidor ADIL GUEDES DO NASCIMENTO JUNIOR, Técnico Judiciário - Área Administrativa, do Quadro de Pessoal do Tribunal Regional do Trabalho da Segunda Região, nos termos do inc. II do art. 36 da Lei nº 8.112/1990, do art. 20 da Lei nº 11.416/2006 c/c o inciso II do art. 7º e art.13 da Resolução CSJT nº 110/2012;</p><p>II-Conceder licença trânsito de 10 (dez) dias ao servidor RAQUEL LOPES DECAT, nos termos do art. 18 da Lei nº 8.112/90 em consonância com o art. 27, da Resolução CSJT nº 110/2012;</p><p>III-Esta portaria entra em vigor a partir da publicação.</p><p></p><p class="assina">FERNANDO ANTONIO ZORZENON DA SILVA</p><p></p>]]></Texto>
  </body>
</article></xml>