﻿<xml><article id="2343033" name="PORTARIAS 0362 A 0376-2018-GR" idOficio="4730313" pubName="DO2" artType="Portaria" pubDate="02/04/2018" artClass="00011:00074:00000:00000:00000:00000:00000:00000:00000:00000:00025:00001" artCategory="Ministério da Educação/Instituto Federal de Educação, Ciência e Tecnologia de Pernambuco" artSize="8" artNotes="" numberPage="27" pdfPage="http://pesquisa.in.gov.br/imprensa/jsp/visualiza/index.jsp?data=02/04/2018&amp;jornal=529&amp;pagina=27" editionNumber="62" highlight="" idMateria="10637556">
  <body>
    <Identifica><![CDATA[ PORTARIAS DE 27 DE MARÇO DE 2018]]></Identifica>
    <Data><![CDATA[]]></Data>
    <Ementa />
    <Titulo />
    <SubTitulo />
    <Texto><![CDATA[<p class="identifica">PORTARIAS DE 27 DE MARÇO DE 2018</p><p>A REITORA DO INSTITUTO FEDERAL DE EDUCAÇÃO, CIÊNCIA E TECNOLOGIA DE PERNAMBUCO, em conformidade com a Lei nº 11.892, de 29/12/2008, publicada no DOU de 30/12/2008, seção 1, páginas 1 a 3, nomeada pelo Decreto de 12/04/2016, publicado no DOU de 13/04/2016, seção 2, página 1, no uso de suas atribuições legais e estatutárias, RESOLVE:</p><p>Nº 362 - Dispensar, a pedido, a servidora LETÍCIA DA CONCEIÇÃO DE ALMEIDA, matrícula SIAPE nº 2224951, CPF nº 078.782.034-23, da Função Gratificada de Coordenadora de Execução Orçamentária e Financeira do Campus Palmares desta Instituição Federal de Ensino, código FG-2, a contar de 02/04/2018.</p><p>Nº 363 - Dispensar, a pedido, a servidora KELLY REGINA PEREIRA DE LIMA, matrícula SIAPE nº 2270278, CPF nº 077.009.474-06, da Função Gratificada de Coordenadora de Gestão de Pessoas do Campus Palmares desta Instituição Federal de Ensino, código FG-2, a contar de 02/04/2018.</p><p>Nº 364 - Designar, a pedido da Direção Geral do Campus, o servidor JOÃO RICARDO PEREIRA CUNHA, matrícula SIAPE nº 2170090, CPF nº 083.073.744-80, para exercer a Função Gratificada de Coordenador de Execução Orçamentária e Financeira do Campus Palmares desta Instituição Federal de Ensino, código FG-2, a contar de 02/04/2018.</p><p>Nº 365 - Designar, a pedido da Direção Geral do Campus, a servidora GILIENE MACIEL MONTEIRO DE SOUZA, matrícula SIAPE nº 2387751, CPF nº 026.129.674.43, para exercer a Função Gratificada de Coordenadora de Gestão de Pessoas do Campus Palmares desta Instituição Federal de Ensino, código FG-2, a contar de 02/04/2018.</p><p>Nº 366 - Dispensar, a pedido, o servidor FILIPE ROCHA DE MELO, matrícula SIAPE nº 1874040, CPF nº 055.815.254-63, da Função Gratificada de Coordenador de Registro de Diplomas desta Instituição Federal de Ensino, código FG-2, a contar de 09/03/2018.</p><p>Nº 367 - Designar, a pedido da Pró-Reitoria de Ensino, a servidora POLYANA MARIA DE ALMEIDA LEITE MARQUES DE SOUZA, matrícula SIAPE nº 1651192, CPF nº 030.141.214-60, para exercer a Função Gratificada de Coordenadora de Registro de Diplomas desta Instituição Federal de Ensino, código FG-2, a contar de 09/03/2018.</p><p>Nº 368 - Dispensar, a pedido, a servidora SIMONE MARIA MACHADO BRANDÃO, matrícula SIAPE nº 1515394, CPF nº 771.033.604-30, da Função Gratificada de Chefe da Divisão de Apoio ao Ensino e ao Estudante do Campus Paulista desta Instituição Federal de Ensino, código FG-1, a contar de 02/04/2018.</p><p>Nº 369 - Designar, a pedido da Direção Geral do Campus, a servidora GLEICE KELLY BARBOSA DE OLIVEIRA BARCELAR, matrícula SIAPE nº 2350406, CPF nº 074.904.184-61, para exercer a Função Gratificada de Chefe da Divisão de Apoio ao Ensino e ao Estudante do Campus Paulista desta Instituição Federal de Ensino, código FG-1, a contar de 02/04/2018.</p><p>Nº 370 - Dispensar, a pedido, a servidora ANGÉLICA REGINA DA SILVA NASCIMENTO, matrícula SIAPE nº 1896325, CPF nº 059.875.344-37, da Função Gratificada de Coordenadora de Gestão de Pessoas do Campus Jaboatão dos Guararapes desta Instituição Federal de Ensino, código FG-2.</p><p>Nº 371 - Designar, a pedido da Direção Geral do Campus, a servidora MAYARA DA SILVA LUZ, matrícula SIAPE nº 2178137, CPF nº 013.477.824-35, para exercer a Função Gratificada de Coordenadora de Gestão de Pessoas do Campus Jaboatão dos Guararapes desta Instituição Federal de Ensino, código FG-2.</p><p>Nº 372 - Designar, a pedido da Direção Geral do Campus, o servidor MANASÉS FREITAS DE LIRA SILVA, matrícula SIAPE nº 1668419, CPF nº 506.832.254-72, para exercer a Função Gratificada de Chefe do Setor de Biblioteca do Campus Belo Jardim desta Instituição Federal de Ensino, código FG-5.</p><p>Nº 373 - Dispensar, a pedido, a servidora MARIA TEREZA DUARTE DUTRA, matrícula SIAPE nº 2008917, CPF nº , da Função Comissionada de Coordenadora do Curso de Gestão Ambiental do Campus Recife desta Instituição Federal de Ensino, código FCC, a contar de 02/04/2018.</p><p>Nº 374 - Designar, a pedido da Direção Geral do Campus, a servidora ALESSANDRA LEE BARBOSA FIRMO, matrícula SIAPE nº 2709451, CPF nº 052.427.784-23, para exercer a Função Comissionada de Coordenadora do Curso de Gestão Ambiental do Campus Recife desta Instituição Federal de Ensino, código FCC, a contar de 02/04/2018.</p><p>Nº 375 - Delegar competência, a pedido da Direção Geral do Campus, à servidora FABIANA CRISTINA ALBUQUERQUE ALVES, matrícula SIAPE nº 1166186, CPF nº 039.341.724-74, para exercer a função de Gestora Financeira Substituta do Campus Paulista desta Instituição Federal de Ensino, UG nº 155217.</p><p>Nº 376 - Tornar nula a Portaria nº 346/2018 de 22/03/2018, publicada no DOU de 23/03/2018, seção 2, página 22, em função da impossibilidade da servidora viajar.</p><p class="assina">ANÁLIA KEILA RODRIGUES RIBEIRO</p>]]></Texto>
  </body>
</article></xml>