﻿<xml><article id="2341866" name="170-LORENA-DIS - DES" idOficio="4728431" pubName="DO2" artType="Portaria" pubDate="02/04/2018" artClass="00038:00004:00001:00002:00000:00000:00000:00000:00000:00000:00025:00004" artCategory="Poder Judiciário/Superior Tribunal de Justiça/Presidência/Secretaria" artSize="8" artNotes="" numberPage="77" pdfPage="http://pesquisa.in.gov.br/imprensa/jsp/visualiza/index.jsp?data=02/04/2018&amp;jornal=529&amp;pagina=77" editionNumber="62" highlight="" idMateria="10634165">
  <body>
    <Identifica><![CDATA[ PORTARIA Nº 170, DE 26 DE MARÇO DE 2018]]></Identifica>
    <Data><![CDATA[]]></Data>
    <Ementa />
    <Titulo />
    <SubTitulo />
    <Texto><![CDATA[<p class="identifica">PORTARIA Nº 170, DE 26 DE MARÇO DE 2018</p><p>A DIRETORA-GERAL DA SECRETARIA DO SUPERIOR TRIBUNAL DE JUSTIÇA, com base no item 16.2, XI, b, do Manual de Organização e no disposto no art. 35, I, da Lei n. 8.112, de 11 de dezembro de 1990, resolve:</p><p>Art. 1º Efetuar as seguintes alterações no Gabinete do Ministro Paulo de Tarso Sanseverino:</p><p>I - Dispensar LORENA RAMOS CARVALHO, matrícula S066200, da função de confiança de Assistente II, código FC-2;</p><p>II - Designar a servidora para a função de confiança de Assistente IV, código FC-4, na vaga decorrente da dispensa de Daniela Cobucci Ribeiro Coelho Marrazzo.</p><p>Art. 2º Esta portaria entra em vigor na data de sua publicação.</p><p class="assina">Sulamita Avelino Cardoso Marques</p>]]></Texto>
  </body>
</article></xml>