﻿<xml><article id="2341529" name="proad - Ato 33 .2018 HELEN CRIST" idOficio="4728041" pubName="DO2" artType="Ato" pubDate="02/04/2018" artClass="00038:00046:00001:00009:00004:00000:00000:00000:00000:00000:00001:00001" artCategory="Poder Judiciário/Tribunal Regional do Trabalho da 7ª Região/Presidência/Diretoria-Geral/Secretaria de Pessoal" artSize="8" artNotes="" numberPage="84" pdfPage="http://pesquisa.in.gov.br/imprensa/jsp/visualiza/index.jsp?data=02/04/2018&amp;jornal=529&amp;pagina=84" editionNumber="62" highlight="" idMateria="10633481">
  <body>
    <Identifica><![CDATA[ ATO Nº 33, de 22 de março de 2018]]></Identifica>
    <Data><![CDATA[]]></Data>
    <Ementa />
    <Titulo />
    <SubTitulo />
    <Texto><![CDATA[<p class="identifica">ATO Nº 33, de 22 de março de 2018</p><p>O VICE - PRESIDENTE DO TRIBUNAL REGIONAL DO TRABALHO DA 7ª REGIÃO, no exercício da Presidência, com fulcro no artigo 37 da Lei nº 8.112/90, artigo 20 da Lei nº 11.416/2006, e na forma regulamentada pela Resolução nº 69/2012, do Conselho Nacional de Justiça - CNJ e dando cumprimento ao contido na Resolução Administrativa TRT7ª nº 76/2018, de 06 de março de 2018 (Processo TRT Nº 120/2018 e PROAD 427/2018), resolve:</p><p>I - CESSAR, a contar de 02.04.2018, os efeitos da Portaria TRT7. Nº 587/2015, publicada no Diário Oficial da União em 19 de outubro de 2015, referente à remoção da servidora HELEN CRISTINA PINHEIRO BEZERRA, Analista Judiciária - Área Judiciária do Quadro Permanente deste Tribunal mediante permuta com o servidor do Tribunal Regional do Trabalho da 6ª Região MARLEY CISNE DE MORAIS JÚNIOR.</p><p>II - REDISTRIBUIR, a contar de 02.04.2018, o cargo efetivo de Analista Judiciário - Área Judiciária do Quadro Permanente de Pessoal deste Tribunal ocupado pela servidora HELEN CRISTINA PINHEIRO BEZERRA, enquadrado na Classe "B", Padrão "8", em reciprocidade com o cargo de Analista Judiciário - Área Judiciária, Classe "B", Padrão "6", pertencente ao Tribunal Regional do Trabalho da 6ª Região, ocupado pelo servidor MARLEY CISNE DE MORAIS JÚNIOR.</p><p></p><p class="assina">JEFFERSON QUESADO JÚNIOR</p><p></p>]]></Texto>
  </body>
</article></xml>