﻿<xml><article id="2343036" name="Portaria N º 71 - Marcos Gonçalv" idOficio="4730363" pubName="DO2" artType="Portaria" pubDate="02/04/2018" artClass="00012:00002:00012:00019:00001:00000:00000:00000:00000:00000:00025:00004" artCategory="Ministério da Fazenda/Secretaria Executiva/Subsecretaria de Planejamento, Orçamento e Administração/Superintendência de Administração no Espírito Santo/Serviço de Recursos Humanos" artSize="8" artNotes="" numberPage="39" pdfPage="http://pesquisa.in.gov.br/imprensa/jsp/visualiza/index.jsp?data=02/04/2018&amp;jornal=529&amp;pagina=39" editionNumber="62" highlight="" idMateria="10637568">
  <body>
    <Identifica><![CDATA[ PORTARIA Nº 71, DE 28 DE MARÇO DE 2018]]></Identifica>
    <Data><![CDATA[]]></Data>
    <Ementa />
    <Titulo />
    <SubTitulo />
    <Texto><![CDATA[<p class="identifica">PORTARIA Nº 71, DE 28 DE MARÇO DE 2018</p><p>A Superintendente de Administração do Ministério da Fazenda no Espírito Santo, no uso das atribuições que lhe foram conferidas pelo art. 86, Inciso XI, da Portaria GM/MF Nº. 144, de 27 de abril de 2016, publicada no Diário Oficial da União de 29 de abril de 2016, resolve:</p><p>Conceder aposentadoria voluntária ao servidor Marcos Gonçalves Mendes, ocupante do cargo de Auditor Fiscal da Receita Federal do Brasil, Classe ''S'', Padrão III, do Quadro de Pessoal do Ministério da Fazenda/DRF/VIT/ES, matrícula SIAPE nº 1228230 e SIAPECAD nº 64130, de acordo com o artigo 6º, incisos I, II, III e IV da Emenda Constitucional nº 41, de 19/12/2003, publicada no DOU de 31/12/2003, combinado com o artigo 2º da Emenda Constitucional nº 47, de 05/07/2005, publicada no DOU de 06/07/2005 (Processo nº 11897.000008/2018-82).</p><p class="assina">Jacinta de Fátima Pereira Maciel.</p>]]></Texto>
  </body>
</article></xml>