﻿<xml><article id="2342019" name="MODELO_dispensas_designações_nom" idOficio="4728185" pubName="DO2" artType="Portaria" pubDate="02/04/2018" artClass="00038:00056:00000:00000:00000:00000:00000:00000:00000:00000:00025:00001" artCategory="Poder Judiciário/Tribunal Regional do Trabalho da 17ª Região" artSize="8" artNotes="" numberPage="87" pdfPage="http://pesquisa.in.gov.br/imprensa/jsp/visualiza/index.jsp?data=02/04/2018&amp;jornal=529&amp;pagina=87" editionNumber="62" highlight="" idMateria="10633708">
  <body>
    <Identifica><![CDATA[ PORTARIA Nº 437, DE 26 DE MARÇO DE 2018]]></Identifica>
    <Data><![CDATA[]]></Data>
    <Ementa />
    <Titulo />
    <SubTitulo />
    <Texto><![CDATA[<p class="identifica">PORTARIA Nº 437, DE 26 DE MARÇO DE 2018</p><p>O DESEMBARGADOR-PRESIDENTE DO TRIBUNAL REGIONAL DO TRABALHO DA 17ª REGIÃO, no uso das suas atribuições legais e regimentais, resolve:</p><p>DESIGNAR Karina Lorenzoni Dalla Bernardina, Analista Judiciário, Área Judiciária, Removido(a) do Tribunal Regional do Trabalho da 12ª Região, para exercer a função comissionada de Assistente de Magistrado - FC-04, do Gabinete do Desembargador Marcello Maciel Mancilha.</p><p class="assina">MÁRIO RIBEIRO CANTARINO NETO</p><p></p>]]></Texto>
  </body>
</article></xml>