﻿<xml><article id="2342904" name="PORTnº053SEGAD27032018" idOficio="4731202" pubName="DO2" artType="Portaria" pubDate="02/04/2018" artClass="00017:00002:00036:00008:00000:00000:00000:00000:00000:00000:00025:00001" artCategory="Ministério da Saúde/Secretaria Executiva/Núcleo Estadual em Sergipe/Serviço de Gestão Administrativa" artSize="8" artNotes="" numberPage="46" pdfPage="http://pesquisa.in.gov.br/imprensa/jsp/visualiza/index.jsp?data=02/04/2018&amp;jornal=529&amp;pagina=46" editionNumber="62" highlight="" idMateria="10639496">
  <body>
    <Identifica><![CDATA[ PORTARIA Nº 53, De 27 de março de 2018]]></Identifica>
    <Data><![CDATA[]]></Data>
    <Ementa />
    <Titulo />
    <SubTitulo />
    <Texto><![CDATA[<p class="identifica">PORTARIA Nº 53, De 27 de março de 2018</p><p>O CHEFE DO SERVIÇO DE GESTÃO ADMINISTRATIVA DO NÚCLEO ESTADUAL DO MINISTÉRIO DA SAÚDE EM SERGIPE, nomeado pela PT MS/GM nº. 646, de 19 de março de 2018, publicada no DOU nº. 56, de 22 de março de 2018, no uso de suas atribuições legais e de acordo com a competência que lhe foi subdelegada pela PT nº. 1.804/SAA/SE/MS, de 01/10/2013, publicada no DOU n.º 192, de 03/10/2013, resolve:</p><p>Art. 1º Conceder Aposentadoria Voluntária Integral à servidora MARIA DAS GRAÇAS ROCHA, matrícula SIAPE nº 492.123, ocupante do cargo de Laboratorista, Nível Intermediário, Classe S, Padrão III, do quadro de pessoal deste Ministério, com fundamento no art. 40, § 1º, inciso III, alínea "a" da Constituição Federal, com redação dada pela Emenda Constitucional nº 41/2003, com proventos calculados com base no art. 1º da Lei nº 10.887/04. (Processo SEI nº 25021.000461/2018-01)</p><p class="assina">KLEDER OLIVEIRA DE MELO</p>]]></Texto>
  </body>
</article></xml>