﻿<xml><article id="2341875" name="ATO GDGSET 158_2018_DISP_DESIG_A" idOficio="4728591" pubName="DO2" artType="Ato" pubDate="02/04/2018" artClass="00038:00005:00009:00000:00000:00000:00000:00000:00000:00000:00001:00002" artCategory="Poder Judiciário/Tribunal Superior do Trabalho/Secretaria" artSize="8" artNotes="" numberPage="78" pdfPage="http://pesquisa.in.gov.br/imprensa/jsp/visualiza/index.jsp?data=02/04/2018&amp;jornal=529&amp;pagina=78" editionNumber="62" highlight="" idMateria="10634414">
  <body>
    <Identifica><![CDATA[ ATO Nº 158, DE 23 DE MARÇO DE 2018]]></Identifica>
    <Data><![CDATA[]]></Data>
    <Ementa />
    <Titulo />
    <SubTitulo />
    <Texto><![CDATA[<p class="identifica">ATO Nº 158, DE 23 DE MARÇO DE 2018</p><p>O DIRETOR-GERAL DA SECRETARIA DO TRIBUNAL SUPERIOR DO TRABALHO, no uso de suas atribuições legais e regulamentares,</p><p>considerando o constante do memorando nº 17, de 19/3/2018, do Gabinete do Ex.mo Sr. Ministro Mauricio José Godinho Delgado;</p><p>considerando o constante do memorando nº 17, de 22/3/2018, do Gabinete do Ex.mo Sr. Ministro Walmir Oliveira da Costa, resolve:</p><p>Designar o servidor ANTONIO CARLOS BESSONI DE ALMEIDA, código 22572, Técnico Judiciário, Área Administrativa, Especialidade Apoio de Serviços Diversos, para exercer a função comissionada de Assistente 3, Nível FC-3, do Gabinete do Ex.mo Sr. Ministro Walmir Oliveira da Costa, ficando dispensado, a pedido, da função comissionada de Assistente 4, Nível FC-4, do Gabinete do Ex.mo Sr. Ministro Mauricio José Godinho Delgado.</p><p class="assina">GUSTAVO CARIBÉ DE CARVALHO</p>]]></Texto>
  </body>
</article></xml>