﻿<xml><article id="2341334" name="PORTARIA 42 - RA 01-2018 - DISPE" idOficio="4727457" pubName="DO2" artType="Portaria" pubDate="02/04/2018" artClass="00038:00064:00001:00000:00000:00000:00000:00000:00000:00000:00025:00001" artCategory="Poder Judiciário/Tribunal Regional do Trabalho da 24ª Região/Presidência" artSize="8" artNotes="" numberPage="89" pdfPage="http://pesquisa.in.gov.br/imprensa/jsp/visualiza/index.jsp?data=02/04/2018&amp;jornal=529&amp;pagina=89" editionNumber="62" highlight="" idMateria="10632727">
  <body>
    <Identifica><![CDATA[ PORTARIA  Nº 42, de 26 de março de 2018]]></Identifica>
    <Data><![CDATA[]]></Data>
    <Ementa />
    <Titulo />
    <SubTitulo />
    <Texto><![CDATA[<p class="identifica">PORTARIA Nº 42, de 26 de março de 2018</p><p></p><p>O PRESIDENTE DO TRIBUNAL REGIONAL DO TRABALHO DA 24ª REGIÃO, no uso de suas atribuições legais e regimentais, CONSIDERANDO a instrução no PA nº 456/2018 e o decidido pelo Tribunal Pleno na Resolução Administrativa nº 1/2018. resolve:</p><p>Art. 1º Dispensar os seguintes servidores das respectivas funções comissionadas: Edineia Jeronymo de Oliveira da função de Assistente de Juiz na 1ª VT de Campo Grande, símbolo FC-5, código JS-10. Ana Cristina Fumis Muller da função de Assistente de Juiz na 2ª VT de Campo Grande, símbolo FC-5, código 121-RA-118. Roberta Seben da função de Assistente de Juiz na 3ª VT de Campo Grande, símbolo FC-5, código KE-10. Thays Ferreira de Souza da função de Assistente de Juiz na 4ª VT de Campo Grande, símbolo FC-5, código KL-24. João Gabriel Pamplona Mosimann da função de Assistente de Juiz na 5ª VT de Campo Grande, símbolo FC-5, código 133-RA-118. Danielle Freire Silva de Souza da função de Assistente de Juiz na 6ª VT de Campo Grande, símbolo FC-5, código 137-RA-118. Cassius Tamashiro de Oliveira da função de Assistente de Juiz na 7ª VT de Campo Grande, símbolo FC-5, código 141-RA-118. Ricardo Tunin da função de Assistente de Juiz na 1ª VT de Dourados, símbolo FC-5, código 109-RA-118. Cassemiro Alves dos Santos da função de Assistente de Juiz na 2ª VT de Dourados, símbolo FC-5, código 111-RA-118. Leandro Monteiro da Silva da função de Assistente de Juiz na 1ª VT de Três Lagoas, símbolo FC-5, código NA-10. Elthon Darvin Miranda Ratier da função de Assistente de Juiz na VT de Rio Brilhante, símbolo FC-5, código L10770/021. Alessandro Monteiro Pinheiro da função de Assistente de Juiz na VT de Nova Andradina, símbolo FC-5, código MI-10.</p><p></p><p class="assina">Des JOÃO DE DEUS GOMES DE SOUZA</p><p></p>]]></Texto>
  </body>
</article></xml>