﻿<xml><article id="2342388" name="DOU 2-PUBLICAR-02-ABRIL-SP-PT-19" idOficio="4729390" pubName="DO2" artType="Portaria" pubDate="02/04/2018" artClass="00034:00007:00046:00000:00000:00000:00000:00000:00000:00000:00025:00004" artCategory="Ministério Público da União/Ministério Público Federal/Procuradoria da República no Estado de São Paulo" artSize="8" artNotes="" numberPage="65" pdfPage="http://pesquisa.in.gov.br/imprensa/jsp/visualiza/index.jsp?data=02/04/2018&amp;jornal=529&amp;pagina=65" editionNumber="62" highlight="" idMateria="10636124">
  <body>
    <Identifica><![CDATA[ PORTARIA Nº 190, DE 26 DE MARÇO DE 2018]]></Identifica>
    <Data><![CDATA[]]></Data>
    <Ementa />
    <Titulo />
    <SubTitulo />
    <Texto><![CDATA[<p class="identifica">PORTARIA Nº 190, DE 26 DE MARÇO DE 2018</p><p>O PROCURADOR-CHEFE SUBSTITUTO DA PROCURADORIA DA REPÚBLICA NO ESTADO DE SÃO PAULO, no uso de suas atribuições previstas no inciso II, artigo 50 da Lei Complementar nº 75, de 20 de maio de 1993, e no Regimento Interno Administrativo do MPF, aprovado pela Portaria n.º SG/MPF n.º 382, de 05 de maio de 2015, resolve:</p><p>1. Exonerar a servidora contratada MARIANA MACHADO NETTO OATEN, Matrícula nº 29642, do cargo em comissão de Assessor Nível II do Gabinete da Procuradora Maria Rezende Capucci, CC-2, da Procuradoria da República no Município de Caraguatatuba.</p><p>2. Nomear RAFFAEL DE CARVALHO E SILVA, bacharel em Direito, para o cargo em comissão de Assessor Nível II do Gabinete da Procuradora Maria Rezende Capucci, CC-2, da Procuradoria da República no Município de Caraguatatuba.</p><p class="assina">LUIS EDUARDO MARROCOS DE ARAUJO</p>]]></Texto>
  </body>
</article></xml>