﻿<xml><article id="2343003" name="89-2018 in" idOficio="4731132" pubName="DO2" artType="Portaria" pubDate="02/04/2018" artClass="00011:00051:00000:00000:00000:00000:00000:00000:00000:00000:00025:00001" artCategory="Ministério da Educação/Instituto Benjamin Constant" artSize="8" artNotes="" numberPage="24" pdfPage="http://pesquisa.in.gov.br/imprensa/jsp/visualiza/index.jsp?data=02/04/2018&amp;jornal=529&amp;pagina=24" editionNumber="62" highlight="" idMateria="10639351">
  <body>
    <Identifica><![CDATA[ Portaria nº 89, de 28 de março de 2018]]></Identifica>
    <Data><![CDATA[]]></Data>
    <Ementa />
    <Titulo />
    <SubTitulo />
    <Texto><![CDATA[<p class="identifica">Portaria nº 89, de 28 de março de 2018</p><p>O Diretor-Geral do Instituto Benjamin Constant, no uso das atribuições que lhe foram subdelegadas pelo Subsecretário de Assuntos Administrativos, do Ministério da Educação, conforme Portaria n.º 28, de 06 de março de 1998, publicada no Diário Oficial da União de 09 de março de 1998, resolve:</p><p>Conceder aposentadoria voluntária, com proventos integrais, a ALUIZIO JOSE DA SILVA, matrícula SIAPE nº 0263086, ocupante da vaga nº 202862, do cargo de Assistente de Aluno, Classe "C", Nível de Capacitação "II", Padrão de Vencimento "16", do Quadro de Pessoal do Instituto Benjamin Constant, com fundamento no artigo 3º da Emenda Constitucional nº 47/2005 da Constituição Federal de 1988, de acordo com o que consta no processo nº 23119000124/2018-09.</p><p>Esta portaria entra em vigor na data de sua publicação.</p><p class="assina">JOÃO RICARDO MELO FIGUEIREDO</p>]]></Texto>
  </body>
</article></xml>