﻿<xml><article id="2388152" name="PORTARIA N º408.28.03.2018 Vacân" idOficio="4729964" pubName="DO2" artType="Portaria" pubDate="04/04/2018" artClass="00011:00077:00001:00000:00000:00000:00000:00000:00000:00000:00025:00001" artCategory="Ministério da Educação/Instituto Federal de Educação, Ciência e Tecnologia do Rio Grande do Sul/Reitoria" artSize="8" artNotes="" numberPage="20" pdfPage="http://pesquisa.in.gov.br/imprensa/jsp/visualiza/index.jsp?data=04/04/2018&amp;jornal=529&amp;pagina=20" editionNumber="64" highlight="" idMateria="10637064">
  <body>
    <Identifica><![CDATA[  PORTARIA N° 408, DE 28 DE MARÇO DE 2018]]></Identifica>
    <Data><![CDATA[]]></Data>
    <Ementa />
    <Titulo />
    <SubTitulo />
    <Texto><![CDATA[<p class="identifica">PORTARIA N° 408, DE 28 DE MARÇO DE 2018</p><p>O REITOR SUBSTITUTO DO INSTITUTO FEDERAL DE EDUCAÇÃO, CIÊNCIA E TECNOLOGIA DO RIO GRANDE DO SUL, no uso das atribuições que lhe são conferidas pela Portaria nº 1128, de 30 de junho de 2017, publicada no D.O.U. de 03/07/2017, resolve:</p><p>Art. 1º - DECLARAR A VACÂNCIA, a partir de 04/04/2018, do cargo efetivo de ENGENHEIRO/ ÁREA: ELÉTRICA, Código de vaga nº 0828182, ocupado pelo servidor MARCELO AUGUSTO HERBERTS, Matrícula SIAPE nº 2228441, lotado na Reitoria, em virtude de posse em outro cargo inacumulável, com fundamento no inciso VIII do art. 33 da Lei 8.112/90</p><p>Art. 2º - Considerando que o servidor não adquiriu a estabilidade prevista no art. 21 da Lei 8.112/90, a presente vacância não gera direito à Recondução estabelecida no art. 29 do mesmo diploma legal.</p><p class="assina">JOSÉ ELI SANTOS DOS SANTOS</p>]]></Texto>
  </body>
</article></xml>