﻿<xml><article id="2341373" name="058 - Dispensa, a pedido, Alethé" idOficio="4726470" pubName="DO2" artType="Portaria" pubDate="02/04/2018" artClass="00038:00001:00008:00005:00000:00000:00000:00000:00000:00000:00025:00002" artCategory="Poder Judiciário/Supremo Tribunal Federal/Secretaria do Tribunal/Secretaria de Gestão de Pessoas" artSize="8" artNotes="" numberPage="76" pdfPage="http://pesquisa.in.gov.br/imprensa/jsp/visualiza/index.jsp?data=02/04/2018&amp;jornal=529&amp;pagina=76" editionNumber="62" highlight="" idMateria="10630532">
  <body>
    <Identifica><![CDATA[ PORTARIA Nº 58, DE 23 DE MARÇO DE 2018]]></Identifica>
    <Data><![CDATA[]]></Data>
    <Ementa />
    <Titulo />
    <SubTitulo />
    <Texto><![CDATA[<p class="identifica">PORTARIA Nº 58, DE 23 DE MARÇO DE 2018</p><p>O SECRETÁRIO DE GESTÃO DE PESSOAS DO SUPREMO TRIBUNAL FEDERAL, no uso das atribuições conferidas pela Portaria DG nº 233/2013, com base no inc. II do art. 9º e no inc. II do art. 35 da Lei nº 8.112/1990,</p><p>resolve, por solicitação do Ministro Marco Aurélio, promover as seguintes alterações em seu Gabinete:</p><p>Art. 1° Dispensar, a pedido, ALETHÉIA OLIVEIRA ROCHA, Analista Judiciário, Área Judiciário, da função comissionada de Assistente III, nível FC-03.</p><p>Art. 2° Designar AUGUSTO BATISTA DA SILVA, Analista Judiciário, Área Judiciário, para exercer a função comissionada de Assistente III, nível FC-03.</p><p class="assina">Cícero Rodrigues de Oliveira Gomes</p>]]></Texto>
  </body>
</article></xml>