﻿<xml><article id="2342046" name="presatrc0204a" idOficio="4728714" pubName="DO2" artType="Ato" pubDate="02/04/2018" artClass="00038:00009:00001:00000:00000:00000:00000:00000:00000:00000:00001:00002" artCategory="Poder Judiciário/Tribunal Regional Federal da 3ª Região/Presidência" artSize="8" artNotes="" numberPage="80" pdfPage="http://pesquisa.in.gov.br/imprensa/jsp/visualiza/index.jsp?data=02/04/2018&amp;jornal=529&amp;pagina=80" editionNumber="62" highlight="" idMateria="10634610">
  <body>
    <Identifica><![CDATA[ ATO PRES Nº 1.308, DE 7 DE MARÇO DE 2018]]></Identifica>
    <Data><![CDATA[]]></Data>
    <Ementa />
    <Titulo />
    <SubTitulo />
    <Texto><![CDATA[<p class="identifica">ATO PRES Nº 1.308, DE 7 DE MARÇO DE 2018</p><p>A PRESIDENTE DO TRIBUNAL REGIONAL FEDERAL DA TERCEIRA REGIÃO, no uso de suas atribuições legais e tendo em vista o contido no artigo 96, inciso I, alínea "b", da Constituição da República, bem como no Processo Administrativo nº 0000006-08.2018.4.03.8002, resolve:</p><p>EXONERAR, a pedido, a partir de 08 de janeiro de 2018, BÁRBARA SORGI CAMPIOLO, servidora do quadro de pessoal da Seção Judiciária do Estado de Mato Grosso do Sul, ocupante do cargo de Técnico Judiciário, Área Administrativa, Classe A, Padrão 1, nos termos do artigo 34 da Lei nº 8.112/90.</p><p class="assina">Des THEREZINHA ASTOLPHI CAZERTA</p>]]></Texto>
  </body>
</article></xml>