﻿<xml><article id="2343021" name="DOU 02.04.2018 - PORT 998 - DANI" idOficio="4731258" pubName="DO2" artType="Portaria" pubDate="02/04/2018" artClass="00007:00003:00067:00000:00000:00000:00000:00000:00000:00000:00025:00001" artCategory="Ministério da Agricultura, Pecuária e Abastecimento/Secretaria Executiva/Superintendência Federal no Estado do Paraná" artSize="8" artNotes="" numberPage="6" pdfPage="http://pesquisa.in.gov.br/imprensa/jsp/visualiza/index.jsp?data=02/04/2018&amp;jornal=529&amp;pagina=6" editionNumber="62" highlight="" idMateria="10639565">
  <body>
    <Identifica><![CDATA[      PORTARIAS DE 28 DE MARÇO DE 2018]]></Identifica>
    <Data><![CDATA[]]></Data>
    <Ementa />
    <Titulo />
    <SubTitulo />
    <Texto><![CDATA[<p class="identifica">PORTARIAS DE 28 DE MARÇO DE 2018</p><p>O SUPERINTENDENTE FEDERAL DA AGRICULTURA, PECUÁRIA E ABASTECIMENTO NO ESTADO DO PARANÁ, no uso das atribuições legais que lhe confere o art. 44, item XVIII, do Regimento Interno das Superintendências Federal de Agricultura, aprovado pela Portaria Ministerial nº 428, de 09 de junho de 2010, publicada no Diário Oficial de 14.06.2010, e Portaria SE/MAPA nº 326, de 09 de março de 2018, publicada no DOU de 19 de março de 2018, resolve:</p><p>Nº 998 - CONCEDER aposentadoria voluntaria, com proventos integrais, ao servidor DANILO PORTILLO AVILES, matrícula SIAPE nº 1348752, ocupante do cargo de AUDITOR FISCAL FEDERAL AGROPECUÁRIO, código 409010, classe S, padrão IV do Quadro de Pessoal deste Ministério, com fundamento no artigo 3º da EC nº 47/05(Processo 21034.003585/2018-30).</p><p>Nº 1.001 - CONCEDER aposentadoria voluntaria, com proventos integrais, ao servidor EDISON DE MUZIO CARVALHO, matrícula SIAPE nº 26039, ocupante do cargo de AUDITOR FISCAL FEDERAL AGROPECUÁRIO, código 409010, classe S, padrão IV do Quadro de Pessoal deste Ministério, com fundamento no artigo 3º da EC nº 47/05(Processo 21034.019047/2017-86).</p><p class="assina">CLEVERSON FREITAS</p>]]></Texto>
  </body>
</article></xml>