﻿<xml><article id="2341511" name="308" idOficio="4727437" pubName="DO2" artType="Portaria" pubDate="02/04/2018" artClass="00038:00003:00005:00001:00000:00000:00000:00000:00000:00000:00025:00005" artCategory="Poder Judiciário/Tribunal Superior Eleitoral/Secretaria do Tribunal/Diretoria-Geral" artSize="8" artNotes="" numberPage="77" pdfPage="http://pesquisa.in.gov.br/imprensa/jsp/visualiza/index.jsp?data=02/04/2018&amp;jornal=529&amp;pagina=77" editionNumber="62" highlight="" idMateria="10632617">
  <body>
    <Identifica><![CDATA[ Portaria nº 308, DE 26 DE MARÇO DE 2018.]]></Identifica>
    <Data><![CDATA[]]></Data>
    <Ementa />
    <Titulo />
    <SubTitulo />
    <Texto><![CDATA[<p class="identifica">Portaria nº 308, DE 26 DE MARÇO DE 2018.</p><p>O DIRETOR-GERAL DA SECRETARIA DO TRIBUNAL SUPERIOR ELEITORAL, com base no inciso XV do art. 116 do Regulamento Interno, no inciso I do art. 2º da Portaria nº 204, de 26.9.2002, resolve, por indicação do Senhor Ministro Luís Roberto Barroso:</p><p>designar THIAGO RODRIGUES DE FREITAS, Analista Judiciário, Área Administrativa, para exercer a função comissionada de Assistente VI, Nível FC-6.</p><p class="assina">RODRIGO CURADO FLEURY</p>]]></Texto>
  </body>
</article></xml>