﻿<xml><article id="2343027" name="PRT. Nº36 - APOSENTADORIA_CLEOKU" idOficio="4730103" pubName="DO2" artType="Portaria" pubDate="02/04/2018" artClass="00007:00003:00802:00406:00000:00000:00000:00000:00000:00000:00026:00001" artCategory="Ministério da Agricultura, Pecuária e Abastecimento" artSize="8" artNotes="" numberPage="8" pdfPage="http://pesquisa.in.gov.br/imprensa/jsp/visualiza/index.jsp?data=02/04/2018&amp;jornal=529&amp;pagina=8" editionNumber="62" highlight="" idMateria="10637296">
  <body>
    <Identifica><![CDATA[  Portaria nº 36, de 27 de março de 2018]]></Identifica>
    <Data><![CDATA[]]></Data>
    <Ementa />
    <Titulo><![CDATA[ INSTITUTO NACIONAL DE METEOROLOGIA]]></Titulo>
    <SubTitulo />
    <Texto><![CDATA[<p class="titulo">INSTITUTO NACIONAL DE METEOROLOGIA</p><p class="identifica">Portaria nº 36, de 27 de março de 2018</p><p>O Diretor do Instituto Nacional de Meteorologia no uso de suas atribuições que lhe são conferidas pelo item I, da Portaria nº 238, de 28 de abril de 1998 da CRH/MAPA, resolve:</p><p>Conceder aposentadoria voluntaria, com proventos integrais, ao servidor CLEO KUHN, SIAPE nº 6002284, ocupante do cargo de Meteorologista, NS, Classe S, Padrão III, lotado no 8ºDISME/RS, do quadro de pessoal deste INMET/MAPA, com fundamento no artigo 3º, da Emenda Constitucional nº 47/2005 (Processo nº 21176.000009/2018-16).</p><p class="assina">FRANCISCO DE ASSIS DINIZ</p>]]></Texto>
  </body>
</article></xml>