﻿<xml><article id="2341418" name="Portaria Aposentadoria Voluntári" idOficio="4727720" pubName="DO2" artType="Portaria" pubDate="02/04/2018" artClass="00011:00121:00000:00000:00000:00000:00000:00000:00000:00000:00025:00002" artCategory="Ministério da Educação/Universidade Federal do Oeste do Pará" artSize="8" artNotes="" numberPage="32" pdfPage="http://pesquisa.in.gov.br/imprensa/jsp/visualiza/index.jsp?data=02/04/2018&amp;jornal=529&amp;pagina=32" editionNumber="62" highlight="" idMateria="10633079">
  <body>
    <Identifica><![CDATA[ PORTARIA Nº 112, DE 9 DE MARÇO DE 2018 ]]></Identifica>
    <Data><![CDATA[]]></Data>
    <Ementa />
    <Titulo />
    <SubTitulo />
    <Texto><![CDATA[<p class="identifica">PORTARIA Nº 112, DE 9 DE MARÇO DE 2018</p><p>A REITORA DA UNIVERSIDADE FEDERAL DO OESTE DO PARÁ, no uso de suas atribuições conferidas pelo Decreto Presidencial de 28 de março de 2014, publicado no Diário Oficial da União em 31 de março de 2014, Seção 2, pág. 1, resolve:</p><p>Conceder aposentadoria voluntária, com proventos integrais, ao servidor ANSELMO JOSÉ RODRIGUES FILHO, Mecânico, matrícula Siape nº 0008956, Classe C, Nível Capacitação IV, Padrão de Vencimento 16, lotado na Coordenação de Transporte da Pró-Reitoria de Administração, pertencente ao Quadro de Pessoal desta Universidade, em conformidade com o que consta do Processo nº 23204.015280/2017-16 e de acordo com o artigo 3º da Emenda Constitucional n° 47/2005, publicada no DOU de 6/7/2005, mantido o Adicional por Tempo de Serviço no percentual de 17% (dezessete por cento), na forma do artigo 244 da Lei nº 8.112/90 e fundamento legal Siape n° 047001, código para o TCU n° 1107143.</p><p class="assina">Raimunda Nonata Monteiro</p><p></p>]]></Texto>
  </body>
</article></xml>