﻿<xml><article id="2343051" name="PORTARIAS DE 28 DE MARÇO DE 2018" idOficio="4729550" pubName="DO2" artType="Portaria" pubDate="02/04/2018" artClass="00011:00071:00001:00000:00000:00000:00000:00000:00000:00000:00025:00001" artCategory="Ministério da Educação/Instituto Federal de Educação, Ciência e Tecnologia do Pará/Reitoria" artSize="8" artNotes="" numberPage="26" pdfPage="http://pesquisa.in.gov.br/imprensa/jsp/visualiza/index.jsp?data=02/04/2018&amp;jornal=529&amp;pagina=26" editionNumber="62" highlight="" idMateria="10637177">
  <body>
    <Identifica><![CDATA[ PORTARIAS DE 28 DE MARÇO DE 2018]]></Identifica>
    <Data><![CDATA[]]></Data>
    <Ementa />
    <Titulo />
    <SubTitulo />
    <Texto><![CDATA[<p class="identifica">PORTARIAS DE 28 DE MARÇO DE 2018</p><p>O REITOR DO INSTITUTO FEDERAL DE EDUCAÇÃO, CIÊNCIA E TECNOLOGIA DO PARÁ, nomeado através do Decreto Presidencial de 02 de abril de 2015, publicado no D.O.U. de 06 de abril de 2015, seção 2, página 1, empossado no dia 28.04.2015, no uso de suas atribuições legais e considerando o disposto no processo administrativo nº 23051.004992/2018-81, resolve:</p><p>Nº 551 Art. 1º Dispensar o servidor FÉLIX JUNIOR JUSTINO DO CARMO, matrícula SIAPE 1671366, ocupante do cargo de Professor EBTT, da função de Diretor de Ensino do Campus Paragominas deste Instituto, código CD-04.</p><p>Art. 2º Esta portaria entra em vigor na data de sua publicação.</p><p>Nº 552 Art. 1º Designar o servidor LUCIANO GONÇALVES DA SILVA, matrícula SIAPE 1277590, ocupante do cargo de Professor EBTT, para exercer a função de Diretor de Ensino do Campus Paragominas deste Instituto, código CD-04.</p><p>Art. 2º Esta portaria entra em vigor na data de sua publicação e revoga as disposições anteriores.</p><p class="assina">Claudio Alex Jorge da Rocha</p>]]></Texto>
  </body>
</article></xml>