﻿<xml><article id="2342478" name="DOU 2-PUBLICAR-02-ABRIL-PRR1-PT-" idOficio="4729390" pubName="DO2" artType="Portaria" pubDate="02/04/2018" artClass="00034:00007:00017:00000:00000:00000:00000:00000:00000:00000:00025:00001" artCategory="Ministério Público da União/Ministério Público Federal/Procuradoria Regional da República da 1ª  Região" artSize="8" artNotes="" numberPage="64" pdfPage="http://pesquisa.in.gov.br/imprensa/jsp/visualiza/index.jsp?data=02/04/2018&amp;jornal=529&amp;pagina=64" editionNumber="62" highlight="" idMateria="10636121">
  <body>
    <Identifica><![CDATA[ PORTARIA Nº 79, DE 27 DE MARÇO DE 2018]]></Identifica>
    <Data><![CDATA[]]></Data>
    <Ementa />
    <Titulo />
    <SubTitulo />
    <Texto><![CDATA[<p class="identifica">PORTARIA Nº 79, DE 27 DE MARÇO DE 2018</p><p>A PROCURADORA-CHEFE REGIONAL DA PROCURADORIA REGIONAL DA REPÚBLICA DA 1ª REGIÃO, no uso das atribuições legais conferidas pela Portaria PGR nº 1.036, de 27 de setembro de 2017, e pelo inc. VI do art. 33 do Regimento Interno Administrativo do Ministério Público Federal, aprovado pela Portaria PGR n° 382, de 05 de maio de 2015, e tendo em vista o disposto no artigo 9º, inciso II, da Lei nº 8.112, de 11/12/90, e na Portaria PGR/MPU nº 287, de 12 de junho de 2007, resolve:</p><p>Art. 1º Dispensar o servidor LUCCAS GIL SILVA MACIEL MARTINS, matrícula MPF nº 28966, ocupante do cargo efetivo de Técnico do MPU/Administração, da função de confiança de Secretário, Nível I, FC-1, da Chefia de Gabinete da Procuradoria Regional da República da 1ª Região - CG/PRR1.</p><p>Art. 2º Dispensar a servidora ANNA CAROLINA PRADO ALVES, matrícula MPF nº 22676, ocupante do cargo efetivo de Analista do MPU/Apoio Técnico-administrativo/Atuarial, da função de Assistente, Nível III, FC-3, da Chefia de Gabinete da Procuradoria Regional da República da 1ª Região - CG/PRR1.</p><p>Art. 3º Dispensar o servidor FABIO MENDES MAGALHAES, matrícula MPF nº 27329, ocupante do cargo efetivo de Técnico do MPU/Administração, da função de confiança de Secretário, Nível II, FC-2, de Gabinete de Procurador Regional da República - GABPRR37.</p><p>Art. 4º Designar o servidor FABIO MENDES MAGALHAES, matrícula MPF nº 27329, ocupante do cargo efetivo de Técnico do MPU/Administração, para função de Assistente, Nível III, FC-3, da Chefia de Gabinete da Procuradoria Regional da República da 1ª Região - CG/PRR1.</p><p>Art. 5º Designar a servidora ANNA CAROLINA PRADO ALVES, matrícula MPF nº 22676, ocupante do cargo efetivo de Analista do MPU/Apoio Técnico-administrativo/Atuarial, para função de confiança de Secretário, Nível II, FC-2, de Gabinete de Procurador Regional da República - GABPRR37.</p><p>Art. 6º Designar o servidor LUCCAS GIL SILVA MACIEL MARTINS, matrícula MPF nº 28966, ocupante do cargo efetivo de Técnico do MPU/Administração, para função de confiança de Secretário, Nível II, FC-2, de Gabinete de Procurador Regional da República - GABPRR29.</p><p>Art. 7º Designar a servidora BRENA ALESSANDRA SARAIVA PADILHA, matrícula MPF nº 24131, ocupante do cargo efetivo de Técnico do MPU/Administração, para função de confiança de Secretário, Nível I, FC-1, da Chefia de Gabinete da Procuradoria Regional da República da 1ª Região - CG/PRR1.</p><p>Art. 8º Designar a servidora CARLA CRISTINA FONSECA DAVILA, matrícula MPF nº 27027, ocupante do cargo efetivo de Analista do MPU/Direito, para função de confiança de Secretário, Nível II, FC-2, de Gabinete de Procurador Regional da República - GABPRR27.</p><p>Art. 9º Designar o servidor MAURO SILVIO FERRARI JUNIOR, matrícula MPF nº 24800, ocupante do cargo efetivo de Técnico do MPU/Administraçãoo, para função de confiança de Secretário, Nível II, FC-2, de Gabinete de Procurador Regional da República José Jairo Gomes - GABPRR4.</p><p>Art. 10º Esta portaria entra em vigor na data de sua publicação.</p><p class="assina">Valquíria Oliveira Quixadá Nunes</p>]]></Texto>
  </body>
</article></xml>