﻿<xml><article id="2342346" name="IN Public 008 2018" idOficio="4729710" pubName="DO2" artType="Portaria" pubDate="02/04/2018" artClass="00011:00059:00012:00000:00000:00000:00000:00000:00000:00000:00025:00001" artCategory="Ministério da Educação/Instituto Federal de Educação, Ciência e Tecnologia Catarinense/Campus Blumenau" artSize="8" artNotes="" numberPage="24" pdfPage="http://pesquisa.in.gov.br/imprensa/jsp/visualiza/index.jsp?data=02/04/2018&amp;jornal=529&amp;pagina=24" editionNumber="62" highlight="" idMateria="10636731">
  <body>
    <Identifica><![CDATA[ PORTARIAS DE 27 DE MARÇO DE 2018]]></Identifica>
    <Data><![CDATA[]]></Data>
    <Ementa />
    <Titulo />
    <SubTitulo />
    <Texto><![CDATA[<p class="identifica">PORTARIAS DE 27 DE MARÇO DE 2018</p><p>A DIRETORA GERAL PRO TEMPORE DO INSTITUTO FEDERAL CATARINENSE-CAMPUS BLUMENAU, no uso da subdelegação de competência que lhe foi atribuída pela Portaria nº 929/2016 de 14/03/2016, publicada no Diário Oficial da União de 15/03/2016, resolve:</p><p>Nº 130- Art. 1°- Exonerar a pedido, a servidora a servidora THALIA CAMILA COELHO, ocupante do cargo de Professora do Ensino Básico, Técnico e Tecnológico, Matrícula SIAPE N° 1932014 do Cargo Comissionado de Diretora de Desenvolvimento de Ensino (Código CD-04) do IFC-Campus Blumenau.</p><p>Art.: 2°- Esta Portaria entra em vigor a partir de 01/04/2018.</p><p>Nº 131- Art. 1°- Nomear a servidora Bernadete Machado Serpe, Professora do Ensino Básico, Técnico e Tecnológico, Matrícula SIAPE nº 2333130, para o Cargo Comissionado de Diretora de Desenvolvimento de Ensino (Código CD-04) do IFC-Campus Blumenau.</p><p>Art. 2° - Esta Portaria entra em vigor a partir da data de sua publicação.</p><p class="assina">Marilane Maria Wolff Paim</p>]]></Texto>
  </body>
</article></xml>