﻿<xml><article id="2342508" name="ATO 82.2018T" idOficio="4728987" pubName="DO2" artType="Ato" pubDate="02/04/2018" artClass="00038:00045:00001:00000:00000:00000:00000:00000:00000:00000:00001:00002" artCategory="Poder Judiciário/Tribunal Regional do Trabalho da 6ª Região/Presidência" artSize="8" artNotes="" numberPage="84" pdfPage="http://pesquisa.in.gov.br/imprensa/jsp/visualiza/index.jsp?data=02/04/2018&amp;jornal=529&amp;pagina=84" editionNumber="62" highlight="" idMateria="10635426">
  <body>
    <Identifica><![CDATA[ ATO   Nº 82, de 19 de fevereiro de 2018]]></Identifica>
    <Data><![CDATA[]]></Data>
    <Ementa />
    <Titulo />
    <SubTitulo />
    <Texto><![CDATA[<p class="identifica">ATO Nº 82, de 19 de fevereiro de 2018</p><p>O DESEMBARGADOR PRESIDENTE DO TRIBUNAL REGIONAL DO TRABALHO DA SEXTA REGIÃO, no uso de suas atribuições legais e regimentais, tendo em vista o decidido no PROAD n.º 18361/2017, e CONSIDERANDO o disposto no art. 37 da Lei n.º 8.112/90 e na Resolução n.º 146/2012 do Conselho Nacional de Justiça, resolve:</p><p>I. REDISTRIBUIR o cargo de Técnico Judiciário, Área Administrativa, Especialidade Segurança, do Quadro de Pessoal efetivo deste Tribunal, ocupado pelo servidor BRENO JOSÉ DE PAIVA SOARES, para o Tribunal Regional do Trabalho da 2ª Região, em reciprocidade com idêntico cargo, ocupado pelo servidor SAULO DA SILVA BRINGEL, daquela Corte. II. CONCEDER 20 (vinte) dias de trânsito ao servidor SAULO DA SILVA BRINGEL. III. LOTAR o servidor SAULO DA SILVA BRINGEL na Seção de Segurança. Este Ato tem efeitos a partir da publicação. Publique-se no Diário Oficial da União.</p><p></p><p class="assina">IVAN DE SOUZA VALENÇA ALVES</p><p></p>]]></Texto>
  </body>
</article></xml>