﻿<xml><article id="2343087" name="Portarias 29.03.18 rtf" idOficio="4730986" pubName="DO2" artType="Portaria" pubDate="02/04/2018" artClass="00026:00030:00011:00066:00000:00000:00000:00000:00000:00000:00025:00001" artCategory="Ministério do Planejamento, Desenvolvimento e Gestão/Fundação Instituto Brasileiro de Geografia e Estatística/Diretoria Executiva/Coordenação de Recursos Humanos" artSize="8" artNotes="" numberPage="63" pdfPage="http://pesquisa.in.gov.br/imprensa/jsp/visualiza/index.jsp?data=02/04/2018&amp;jornal=529&amp;pagina=63" editionNumber="62" highlight="" idMateria="10638690">
  <body>
    <Identifica><![CDATA[ PORTARIAS Nº 665,  DE 29 DE MARÇO DE 2018]]></Identifica>
    <Data><![CDATA[]]></Data>
    <Ementa />
    <Titulo />
    <SubTitulo />
    <Texto><![CDATA[<p class="identifica">PORTARIAS Nº 665, DE 29 DE MARÇO DE 2018</p><p>O COORDENADOR de RECURSOS HUMANOS da FUNDAÇÃO INSTITUTO BRASILEIRO DE GEOGRAFIA E ESTATÍSTICA-IBGE, usando de suas atribuições, resolve:</p><p>Conceder aposentadoria por invalidez ao servidor ROBSON DA SILVA, matrícula nº 767141, ocupante do cargo efetivo de Técnico em Informações Geográficas e Estatísticas, Classe S, Padrão III, do Quadro Permanente desta Fundação, com percepção de proventos integrais, de acordo com o Art. 40, § 1º, Inciso I da Constituição Federal de 1988, com a redação dada pelo Art. 1º da Emenda Constitucional nº 70/12, combinado com o § 1º, Inciso I do Art. 186 e 188 da Lei nº 8.112/90. Declarar vago o referido cargo. Código 041123. (Processo n° 0045142.00000337/2018-56).</p><p class="assina">BRUNO TARANTO MALHEIROS</p>]]></Texto>
  </body>
</article></xml>