﻿<xml><article id="2342994" name="PTS35A37JOÃOPESSOA" idOficio="4730414" pubName="DO2" artType="Portaria" pubDate="02/04/2018" artClass="00022:00029:00237:00022:00029:00000:00000:00000:00000:00000:00025:00001" artCategory="Ministério do Desenvolvimento Social/Instituto Nacional do Seguro Social/Superintendência Regional Nordeste em Recife/Gerência Executiva - B - em João Pessoa/Seção Operacional  de Gestão de Pessoas" artSize="8" artNotes="" numberPage="54" pdfPage="http://pesquisa.in.gov.br/imprensa/jsp/visualiza/index.jsp?data=02/04/2018&amp;jornal=529&amp;pagina=54" editionNumber="62" highlight="" idMateria="10637726">
  <body>
    <Identifica><![CDATA[ PORTARIAS DE 27 DE MARÇO DE 2018]]></Identifica>
    <Data><![CDATA[]]></Data>
    <Ementa />
    <Titulo />
    <SubTitulo />
    <Texto><![CDATA[<p class="identifica">PORTARIAS DE 27 DE MARÇO DE 2018</p><p>O CHEFE DA SEÇÃO OPERACIONAL DA GESTÃO DE PESSOAS DA GERÊNCIA EXECUTIVA DO INSS EM JOÃO PESSOA-PB, no uso das atribuições conferidas no art. 235, do Regimento Interno, aprovado pela PT/MDS/GM/Nº 414, de 28.09.2017, publicada no DOU/Nº 188, de 29.09.2017, resolve:</p><p>Nº 35 - Conceder aposentadoria voluntária integral a servidora AGLAE DE ARAÚJO FREIRE, mat. SIAPE nº 0898.887, ocupante do cargo de Técnico do Seguro Social, Classe "S", Padrão "IV", do Quadro de Pessoal do Instituto Nacional do Seguro Social, com fundamento no art. 3º, da Emenda Constitucional nº 47, de 05 de julho de 2005, observado o contido no Proc. nº 35172.000280/2018-04, declarando, em consequência, o referido cargo vago.</p><p>Nº 36 - Conceder aposentadoria voluntária integral ao servidor ANSELMO ARAÚJO CABRAL, mat. SIAPE nº 0898.845 ocupante do cargo de Técnico do Seguro Social, Classe "S", Padrão "IV", do Quadro de Pessoal do Instituto Nacional do Seguro Social, com fundamento no art. 3º, da Emenda Constitucional nº 47, de 05 de julho de 2005, observado o contido no Proc. nº 35172.000258/2018-56, declarando, em consequência, o referido cargo vago.</p><p>Nº 37 - Conceder aposentadoria voluntária ao servidor JOSÉ VICENTE PEREIRA SILVA, mat. SIAPE nº 0898.480 ocupante do cargo de Técnico do Seguro Social, Classe "S", Padrão "IV", do Quadro de Pessoal do Instituto Nacional do Seguro Social, com fundamento no art. 40, inciso III, alínea "a", na redação, da EC/Nº 41/2003, com proventos calculados pela média na forma da lei, observado o Processo nº 35172.000269/2018-36, declarando, em consequência, o referido cargo vago.</p><p class="assina">GILBERTO FIRMINO DE SOUZA JÚNIOR</p>]]></Texto>
  </body>
</article></xml>