﻿<xml><article id="2341878" name="ATO GDGSET 159_2018_DISP_DESIG_A" idOficio="4728591" pubName="DO2" artType="Ato" pubDate="02/04/2018" artClass="00038:00005:00009:00000:00000:00000:00000:00000:00000:00000:00001:00003" artCategory="Poder Judiciário/Tribunal Superior do Trabalho/Secretaria" artSize="8" artNotes="" numberPage="78" pdfPage="http://pesquisa.in.gov.br/imprensa/jsp/visualiza/index.jsp?data=02/04/2018&amp;jornal=529&amp;pagina=78" editionNumber="62" highlight="" idMateria="10634415">
  <body>
    <Identifica><![CDATA[ ATO Nº 159, DE 23 DE MARÇO DE 2018]]></Identifica>
    <Data><![CDATA[]]></Data>
    <Ementa />
    <Titulo />
    <SubTitulo />
    <Texto><![CDATA[<p class="identifica">ATO Nº 159, DE 23 DE MARÇO DE 2018</p><p>O DIRETOR-GERAL DA SECRETARIA DO TRIBUNAL SUPERIOR DO TRABALHO, no uso de suas atribuições legais e regulamentares,</p><p>considerando o constante do memorando nº 157, de 22/3/2018, da Coordenadoria de Informações Funcionais, resolve:</p><p>1 - Designar a servidora APARECIDA LEANDRO DOS SANTOS, código 31221, Agente Administrativa, requisitada do Ministério da Saúde, para exercer a função comissionada de Assistente 5, Nível FC-5, do Gabinete do Diretor-Geral da Secretaria, ficando dispensada, a pedido, da função comissionada de Supervisora da Seção de Frequência e Tempo de Contribuição, Nível FC-5, da Coordenadoria de Informações Funcionais.</p><p>2 - Designar a servidora PAULA REZENDE TEIXEIRA, código 58136, Técnica Judiciária, Área Administrativa, para exercer a função comissionada de Supervisora da Seção de Frequência e Tempo de Contribuição, Nível FC-5, da Coordenadoria de Informações Funcionais, ficando dispensada da função comissionada de Assistente 4, Nível FC-4, da referida Coordenadoria.</p><p>3 - Designar a servidora VANDA REGINA COELHO VELOSO, código 40534, Técnica Judiciária, Área Administrativa, para exercer a função comissionada de Assistente 4, Nível FC-4, da Coordenadoria de Informações Funcionais, ficando dispensada da função comissionada de Assistente 3, Nível FC-3, da referida Coordenadoria.</p><p>5 - Dispensar a servidora PAULA REZENDE TEIXEIRA, código 58136, Técnica Judiciária, Área Administrativa, do encargo de substituta legal e eventual do titular da função comissionada de Supervisor da Seção de Frequência e Tempo de Contribuição, Nível FC-5, da Coordenadoria de Informações Funcionais.</p><p>6 - Designar a servidora VANDA REGINA COELHO VELOSO, código 40534, Técnica Judiciária, Área Administrativa, para exercer o encargo de substituta do titular da função comissionada de Supervisor da Seção de Frequência e Tempo de Contribuição, Nível FC-5, da Coordenadoria de Informações Funcionais, em seus afastamentos e impedimentos legais e/ou eventuais.</p><p class="assina">GUSTAVO CARIBÉ DE CARVALHO</p>]]></Texto>
  </body>
</article></xml>