﻿<xml><article id="2341923" name="167-JOSÉ PINHEIRO E DEBORAH-DIS-" idOficio="4728431" pubName="DO2" artType="Portaria" pubDate="02/04/2018" artClass="00038:00004:00001:00002:00000:00000:00000:00000:00000:00000:00025:00002" artCategory="Poder Judiciário/Superior Tribunal de Justiça/Presidência/Secretaria" artSize="8" artNotes="" numberPage="77" pdfPage="http://pesquisa.in.gov.br/imprensa/jsp/visualiza/index.jsp?data=02/04/2018&amp;jornal=529&amp;pagina=77" editionNumber="62" highlight="" idMateria="10634163">
  <body>
    <Identifica><![CDATA[ PORTARIA Nº 167 DE 22 DE MARÇO DE 2018]]></Identifica>
    <Data><![CDATA[]]></Data>
    <Ementa />
    <Titulo />
    <SubTitulo />
    <Texto><![CDATA[<p class="identifica">PORTARIA Nº 167 DE 22 DE MARÇO DE 2018</p><p>A DIRETORA-GERAL DA SECRETARIA DO SUPERIOR TRIBUNAL DE JUSTIÇA, com base no item 16.2, XI, b, do Manual de Organização e no disposto no art. 35, I, da Lei n. 8.112, de 11 de dezembro de 1990, resolve:</p><p>Art. 1º Efetuar as seguintes alterações na Coordenadoria de Divulgação de Jurisprudência, da Secretaria de Jurisprudência:</p><p>I - Dispensar JOSÉ PINHEIRO DA MOUTA FILHO, matrícula S069048, da função de confiança de Assistente II, código FC-2;</p><p>II - Designar DEBORAH ALVES LACERDA, matrícula S042174, para a função de confiança de Assistente II, código FC-2, na vaga decorrente da dispensa de José Pinheiro da Mouta Filho.</p><p>Art. 2º Esta portaria entra em vigor na data de sua publicação.</p><p class="assina">Sulamita Avelino Cardoso Marques</p>]]></Texto>
  </body>
</article></xml>