﻿<xml><article id="2342505" name="ATO gp 44.2018 MARLEY X HELEN" idOficio="4728987" pubName="DO2" artType="Ato" pubDate="02/04/2018" artClass="00038:00045:00001:00000:00000:00000:00000:00000:00000:00000:00001:00001" artCategory="Poder Judiciário/Tribunal Regional do Trabalho da 6ª Região/Presidência" artSize="8" artNotes="" numberPage="84" pdfPage="http://pesquisa.in.gov.br/imprensa/jsp/visualiza/index.jsp?data=02/04/2018&amp;jornal=529&amp;pagina=84" editionNumber="62" highlight="" idMateria="10635427">
  <body>
    <Identifica><![CDATA[ ATO   Nº 44, de 19 de fevereiro de 2018]]></Identifica>
    <Data><![CDATA[]]></Data>
    <Ementa />
    <Titulo />
    <SubTitulo />
    <Texto><![CDATA[<p class="identifica">ATO Nº 44, de 19 de fevereiro de 2018</p><p>O DESEMBARGADOR PRESIDENTE DO TRIBUNAL REGIONAL DO TRABALHO DA SEXTA REGIÃO, usando de suas atribuições legais e regimentais, considerando o decidido no processo n.º 1487/2018 - Proad, e CONSIDERANDO o disposto no art. 37 da Lei n.º 8.112/90 e na Resolução n.º 146/2012 do Conselho Nacional de Justiça, resolve:</p><p>I - FAZER CESSAR os efeitos do Ato TRT-GP n.º 456/2015, publicado no DOU, seção 2, número 199, página 72, em 19.10.2015, que removeu o servidor MARLEY CISNE DE MORAIS JUNIOR, ocupante do cargo de Analista Judiciário, Área Judiciária, sem especialidade, deste Tribunal para o Tribunal Regional do Trabalho da 7ª Região, em reciprocidade com a servidora HELEN CRISTINA PINHEIRO BEZERRA, ocupante de idêntico cargo, daquele Regional. II - REDISTRIBUIR o cargo de Analista Judiciário, Área Judiciária, sem especialidade, do quadro de pessoal efetivo deste Tribunal, ocupado pelo servidor MARLEY CISNE DE MORAIS JUNIOR, para o Tribunal Regional do Trabalho da 7ª Região, em reciprocidade com idêntico cargo, ocupado pela servidora HELEN CRISTINA PINHEIRO BEZERRA, daquele Tribunal. III - MANTER a servidora HELEN CRISTINA PINHEIRO BEZERRA lotada no Gabinete da Desembargadora Eneida Melo Correia de Araújo. Este Ato tem efeitos a partir da publicação. Publique-se no Diário Oficial da União.</p><p></p><p class="assina">IVAN DE SOUZA VALENÇA ALVES</p><p></p>]]></Texto>
  </body>
</article></xml>