﻿<xml><article id="2342997" name="PORTARIA Nº 1.207_28.03.2018- EX" idOficio="4731040" pubName="DO2" artType="Portaria" pubDate="02/04/2018" artClass="00011:00125:00000:00000:00000:00000:00000:00000:00000:00000:00025:00001" artCategory="Ministério da Educação/Universidade Federal de Pernambuco" artSize="8" artNotes="" numberPage="32" pdfPage="http://pesquisa.in.gov.br/imprensa/jsp/visualiza/index.jsp?data=02/04/2018&amp;jornal=529&amp;pagina=32" editionNumber="62" highlight="" idMateria="10639199">
  <body>
    <Identifica><![CDATA[ PORTARIA Nº 1.207, DE 28 DE MARÇO DE 2018 ]]></Identifica>
    <Data><![CDATA[]]></Data>
    <Ementa />
    <Titulo />
    <SubTitulo />
    <Texto><![CDATA[<p class="identifica">PORTARIA Nº 1.207, DE 28 DE MARÇO DE 2018</p><p>O REITOR DA UNIVERSIDADE FEDERAL DE PERNAMBUCO, no uso de suas atribuições legais e estatutárias, resolve:</p><p>I - Exonerar, a pedido, a partir de 12 de Março de 2018, VANESSA BIONDO RIBEIRO, SIAPE nº 2190990, do Cargo de Professor de Magistério Superior, Classe A, Denominação Adjunto A, Referência 2, lotado(a) no(a) Departamento de Geologia, de acordo com o contido no artigo 34 da Lei nº 8.112 de 11 de dezembro de 1990. Código da vaga nº 700599. II - Consequentemente considerar vago o cargo supracitado. (Processo 23076.010074/2018-11)</p><p class="assina">ANÍSIO BRASILEIRO DE FREITAS DOURADO</p>]]></Texto>
  </body>
</article></xml>