﻿<xml><article id="2341532" name="059 - Designa Roselane - FC-03 -" idOficio="4728076" pubName="DO2" artType="Portaria" pubDate="02/04/2018" artClass="00038:00001:00008:00005:00000:00000:00000:00000:00000:00000:00025:00003" artCategory="Poder Judiciário/Supremo Tribunal Federal/Secretaria do Tribunal/Secretaria de Gestão de Pessoas" artSize="8" artNotes="" numberPage="76" pdfPage="http://pesquisa.in.gov.br/imprensa/jsp/visualiza/index.jsp?data=02/04/2018&amp;jornal=529&amp;pagina=76" editionNumber="62" highlight="" idMateria="10633538">
  <body>
    <Identifica><![CDATA[ PORTARIA Nº 59, DE 26 DE MARÇO DE 2018]]></Identifica>
    <Data><![CDATA[]]></Data>
    <Ementa />
    <Titulo />
    <SubTitulo />
    <Texto><![CDATA[<p class="identifica">PORTARIA Nº 59, DE 26 DE MARÇO DE 2018</p><p>O SECRETÁRIO DE GESTÃO DE PESSOAS DO SUPREMO TRIBUNAL FEDERAL, no uso das atribuições conferidas pela Portaria DG nº 233/2013, com base no inc. II do art. 9º da Lei nº 8.112/1990, resolve:</p><p>Designar ROSELANE APARECIDA FERNANDES, Analista Judiciário, Área Judiciária, para a função comissionada de Assistente III, nível FC-03, do Gabinete da Presidência, com exercício de suas atividades no Gabinete do Ministro Edson Fachin.</p><p class="assina">Cícero Rodrigues de Oliveira Gomes</p>]]></Texto>
  </body>
</article></xml>