﻿<xml><article id="2341947" name="presatsv0204a" idOficio="4728714" pubName="DO2" artType="Ato" pubDate="02/04/2018" artClass="00038:00009:00001:00000:00000:00000:00000:00000:00000:00000:00001:00003" artCategory="Poder Judiciário/Tribunal Regional Federal da 3ª Região/Presidência" artSize="8" artNotes="" numberPage="80" pdfPage="http://pesquisa.in.gov.br/imprensa/jsp/visualiza/index.jsp?data=02/04/2018&amp;jornal=529&amp;pagina=80" editionNumber="62" highlight="" idMateria="10634611">
  <body>
    <Identifica><![CDATA[ ATO Nº 1.332, DE 20 DE MARÇO DE 2018]]></Identifica>
    <Data><![CDATA[]]></Data>
    <Ementa />
    <Titulo />
    <SubTitulo />
    <Texto><![CDATA[<p class="identifica">ATO Nº 1.332, DE 20 DE MARÇO DE 2018</p><p>A PRESIDENTE DO TRIBUNAL REGIONAL FEDERAL DA TERCEIRA REGIÃO, no uso de suas atribuições legais e tendo em vista o contido no artigo 96, inciso I, letra "b" da Constituição da República, conforme Processo SEI nº 0009636-94.2018.4.03.8000, resolve:</p><p>NOMEAR a bacharela em Direito PATRICIA PREVIDE GUIMARAES QUARTIM BARBOSA, sem vínculo com a Administração Pública, para exercer o cargo em comissão, CJ-3, de Assessora da Desembargadora Federal Inês Virgínia Prado Soares, nos termos do artigo 9º, inciso II, da Lei nº 8112, de 11/12/90, com redação dada pela Lei nº 9527, de 10/12/97.</p><p class="assina">THEREZINHA ASTOLPHI CAZERTA</p>]]></Texto>
  </body>
</article></xml>