﻿<xml><article id="2341469" name="064 - Cessão Marcelo Marcuzo Rag" idOficio="4726983" pubName="DO2" artType="Portaria" pubDate="02/04/2018" artClass="00038:00001:00002:00000:00000:00000:00000:00000:00000:00000:00025:00001" artCategory="Poder Judiciário/Supremo Tribunal Federal/Presidência" artSize="8" artNotes="" numberPage="76" pdfPage="http://pesquisa.in.gov.br/imprensa/jsp/visualiza/index.jsp?data=02/04/2018&amp;jornal=529&amp;pagina=76" editionNumber="62" highlight="" idMateria="10631877">
  <body>
    <Identifica><![CDATA[ PORTARIA Nº 64, DE 22 DE MARÇO DE 2018]]></Identifica>
    <Data><![CDATA[]]></Data>
    <Ementa />
    <Titulo />
    <SubTitulo />
    <Texto><![CDATA[<p class="identifica">PORTARIA Nº 64, DE 22 DE MARÇO DE 2018</p><p>A PRESIDENTE DO SUPREMO TRIBUNAL FEDERAL, no uso de suas atribuições e com base no inciso I do artigo 93 da Lei nº 8.112/1990, resolve:</p><p>Autorizar a cessão, ao Tribunal Regional Federal da 5ª Região, até 15 de setembro de 2018, do servidor MARCELO MARCUZO RAGGIO NÓBREGA, Analista Judiciário, Área Judiciária, do Quadro de Pessoal deste Tribunal, para exercer a função comissionada de Oficial de Gabinete, Código FC-05, do Gabinete do Juiz Federal Substituto da 2ª Vara Federal da Seccional Sergipana.</p><p class="assina">Ministra CÁRMEN LÚCIA</p>]]></Texto>
  </body>
</article></xml>