﻿<xml><article id="2342970" name="Port. 7090 - Reconduzir Raphael " idOficio="4731333" pubName="DO2" artType="Portaria" pubDate="02/04/2018" artClass="00012:00065:00032:00000:00000:00000:00000:00000:00000:00000:00025:00001" artCategory="Ministério da Fazenda/Superintendência de Seguros Privados/Secretaria-Geral" artSize="8" artNotes="" numberPage="42" pdfPage="http://pesquisa.in.gov.br/imprensa/jsp/visualiza/index.jsp?data=02/04/2018&amp;jornal=529&amp;pagina=42" editionNumber="62" highlight="" idMateria="10639733">
  <body>
    <Identifica><![CDATA[ PORTARIA Nº 7.090, DE 26 DE MARÇO DE 2018 ]]></Identifica>
    <Data><![CDATA[]]></Data>
    <Ementa />
    <Titulo />
    <SubTitulo />
    <Texto><![CDATA[<p class="identifica">PORTARIA Nº 7.090, DE 26 DE MARÇO DE 2018</p><p>O SUPERINTENDENTE SUBSTITUTO DA SUPERINTENDÊNCIA DE SEGUROS PRIVADOS - SUSEP, no uso das atribuições que lhe confere o inciso V do art. 73 do Regimento Interno de que trata a Resolução CNSP nº 346, de 02 de maio de 2017, e considerando o que consta no Processo Susep 15414.606841/2018-78, resolve:</p><p>Art. 1º RECONDUZIR, em virtude de desistência de estágio probatório relativo a outro cargo público, de acordo com o caput e inciso I, do artigo 29 da Lei 8.112, de 11 de dezembro de 1990 e das Notas Técnicas 243/2010/COGES/DENOP/SRH/MP, 697/2010/COGES/DENOP/SRH/MP e 758/2010/COGES/DENOP/SRH/MP, o servidor RAPHAEL LINHARES DE ALCANTARA, ao cargo anteriormente ocupado de Agente Executivo, Classe "S", Padrão "I", do Quadro de Pessoal da Superintendência de Seguros Privados - SUSEP.</p><p>Art. 2º Esta Portaria entra em vigor na data de sua publicação.</p><p class="assina">PAULO DOS SANTOS</p>]]></Texto>
  </body>
</article></xml>