﻿<xml><article id="2342403" name="Aposentadoria Margareth Vieira A" idOficio="4729867" pubName="DO2" artType="Portaria" pubDate="02/04/2018" artClass="00012:00002:00012:00012:00000:00000:00000:00000:00000:00000:00025:00001" artCategory="Ministério da Fazenda/Secretaria Executiva/Subsecretaria de Planejamento, Orçamento e Administração/Superintendência de Administração em Alagoas" artSize="8" artNotes="" numberPage="38" pdfPage="http://pesquisa.in.gov.br/imprensa/jsp/visualiza/index.jsp?data=02/04/2018&amp;jornal=529&amp;pagina=38" editionNumber="62" highlight="" idMateria="10636908">
  <body>
    <Identifica><![CDATA[ PORTARIA Nº 55, DE 27 DE MARÇO DE 2018]]></Identifica>
    <Data><![CDATA[]]></Data>
    <Ementa />
    <Titulo />
    <SubTitulo />
    <Texto><![CDATA[<p class="identifica">PORTARIA Nº 55, DE 27 DE MARÇO DE 2018</p><p>O SUPERINTENDENTE DE ADMINISTRAÇÃO DO MINISTÉRIO DA FAZENDA EM ALAGOAS, no uso de suas atribuições, e tendo em vista a competência que lhe confere o artigo 86, incisos X e XI, da Portaria GM/MF nº 144 de 27 de abril de 2016, publicada no Diário Oficial da União de 29 de abril de 2016, resolve:</p><p>Conceder aposentadoria voluntária à servidora MARGARETH VIEIRA ALVES, matrícula SIAPE n.º 122738, ocupante do cargo de Agente Administrativo, Classe S, Padrão III, lotada e em exercício na Superintendência de Administração do Ministério da Fazenda em Alagoas, do Quadro de Pessoal do Ministério da Fazenda, com fundamento no artigo 3º da EC n.º 47/2005, com a vantagem do artigo 62-A, da Lei 8.112/1990 (Processo n.º 10465.100020/2018-11).</p><p class="assina">MARCO AURÉLIO NEIVA MARTINS</p>]]></Texto>
  </body>
</article></xml>