﻿<xml><article id="2415235" name="298" idOficio="4726495" pubName="DO2" artType="Portaria" pubDate="05/04/2018" artClass="00038:00003:00005:00001:00000:00000:00000:00000:00000:00000:00025:00002" artCategory="Poder Judiciário/Tribunal Superior Eleitoral/Secretaria do Tribunal/Diretoria-Geral" artSize="8" artNotes="" numberPage="68" pdfPage="http://pesquisa.in.gov.br/imprensa/jsp/visualiza/index.jsp?data=05/04/2018&amp;jornal=529&amp;pagina=68" editionNumber="65" highlight="" idMateria="10630581">
  <body>
    <Identifica><![CDATA[ Portaria nº 298, DE 23 DE MARÇO DE 2018]]></Identifica>
    <Data><![CDATA[]]></Data>
    <Ementa />
    <Titulo />
    <SubTitulo />
    <Texto><![CDATA[<p class="identifica">Portaria nº 298, DE 23 DE MARÇO DE 2018</p><p>O DIRETOR-GERAL DA SECRETARIA DO TRIBUNAL SUPERIOR ELEITORAL, com base no inciso II do art. 9º da Lei nº 8.112, de 11 de dezembro de 1990, e no exercício das competências que lhe foram atribuídas pela Portaria TSE nº 755, de 13 de outubro de 2017, resolve:</p><p>nomear BRUNEY GUIMARÃES BRUM, Analista Judiciário, Área Judiciária, para exercer o cargo em comissão de Coordenador, Nível CJ-2, da Coordenadoria de Registros Partidários, Autuação e Distribuição, da Secretaria Judiciária.</p><p class="assina">RODRIGO CURADO FLEURY</p>]]></Texto>
  </body>
</article></xml>