﻿<xml><article id="2342325" name="ATO Nº TRF2-ATP-2018-00102 DE 16" idOficio="4729315" pubName="DO2" artType="Ato" pubDate="02/04/2018" artClass="00038:00008:00001:00000:00000:00000:00000:00000:00000:00000:00001:00005" artCategory="Poder Judiciário/Tribunal Regional Federal da 2ª Região/Presidência" artSize="8" artNotes="" numberPage="79" pdfPage="http://pesquisa.in.gov.br/imprensa/jsp/visualiza/index.jsp?data=02/04/2018&amp;jornal=529&amp;pagina=79" editionNumber="62" highlight="" idMateria="10636031">
  <body>
    <Identifica><![CDATA[ ATO Nº 102, DE 16 DE MARÇO DE 2018]]></Identifica>
    <Data><![CDATA[]]></Data>
    <Ementa />
    <Titulo />
    <SubTitulo />
    <Texto><![CDATA[<p class="identifica">ATO Nº 102, DE 16 DE MARÇO DE 2018</p><p>O PRESIDENTE DO TRIBUNAL REGIONAL FEDERAL DA 2ª REGIÃO, no uso de suas atribuições, tendo em vista o que consta nos autos do Procedimento Administrativo nº JFES-PES-2018/00063, resolve:</p><p>DECLARAR VAGO, a partir de 22.01.2018, o cargo efetivo de Técnico Judiciário, Área Administrativa, Nível Intermediário, Classe B, Padrão 8, do Quadro de Pessoal da Justiça Federal de Primeiro Grau - Seção Judiciária do Espírito Santo, ocupado pelo servidor FABRICIO BRANDÃO DA SILVA MERIJ, em decorrência de posse em outro cargo público inacumulável, nos termos do art. 33, inciso VIII, da Lei nº 8.112, de 1990, em interpretação conjunta com a Resolução nº 03, de 2008, do Conselho da Justiça Federal.</p><p class="assina">ANDRÉ FONTES</p>]]></Texto>
  </body>
</article></xml>