﻿<xml><article id="2341436" name="Portaria 76 2018 - Redistribuiçã" idOficio="4726516" pubName="DO2" artType="Portaria" pubDate="02/04/2018" artClass="00038:00030:00000:00000:00000:00000:00000:00000:00000:00000:00025:00001" artCategory="Poder Judiciário/Tribunal Regional Eleitoral do Rio Grande do Norte" artSize="8" artNotes="" numberPage="81" pdfPage="http://pesquisa.in.gov.br/imprensa/jsp/visualiza/index.jsp?data=02/04/2018&amp;jornal=529&amp;pagina=81" editionNumber="62" highlight="" idMateria="10630582">
  <body>
    <Identifica><![CDATA[ PORTARIA Nº 76, de 22 de março de 2018]]></Identifica>
    <Data><![CDATA[]]></Data>
    <Ementa />
    <Titulo />
    <SubTitulo />
    <Texto><![CDATA[<p class="identifica">PORTARIA Nº 76, de 22 de março de 2018</p><p>O DESEMBARGADOR-PRESIDENTE DO TRIBUNAL REGIONAL ELEITORAL DO RIO GRANDE DO NORTE, no uso das atribuições que lhe são conferidas pelo artigo 20, XIX, do Regimento Interno desta Casa, e tendo em vista o que consta do PAE n.º 4926/2017,</p><p>Considerando o disposto na Resolução n.º 146, de 06/03/2012, do Conselho Nacional de Justiça, e na Resolução n.º 23.430, de 12/08/2014, do Tribunal Superior Eleitoral, resolve:</p><p>Art. 1º. Redistribuir, a partir de 1º/04/2018, nos termos do art. 37 da Lei n.º 8.112, de 11/12/1990, com a redação da Lei n.º 9.527, de 10/12/1997, para o Quadro do Tribunal Regional Eleitoral do Maranhão, o cargo efetivo de Analista Judiciário - Área Judiciária, Nível Superior, criado pela Lei n.º 8.868, de 14/04/1994, antes ocupado por Maria de Fátima Régis da Rocha, em reciprocidade com a redistribuição, para o Quadro deste Tribunal, do cargo de Analista Judiciário - Área Administrativa, ocupado pelo servidor WOLMER DE FREITAS BARBOSA naquele Tribunal.</p><p>Art. 2º Esta Portaria entra em vigor na data de sua publicação.</p><p class="assina">Des. DILERMANDO MOTA PEREIRA</p>]]></Texto>
  </body>
</article></xml>