﻿<xml><article id="2341911" name="77 - EDWIN HENRIQUE" idOficio="4728817" pubName="DO2" artType="Portaria" pubDate="02/04/2018" artClass="00038:00064:00001:00003:00004:00004:00000:00000:00000:00000:00025:00001" artCategory="Poder Judiciário/Tribunal Regional do Trabalho da 24ª Região/Presidência/Diretoria-Geral/Secretaria Administrativa/Serviço de Pessoal" artSize="8" artNotes="" numberPage="90" pdfPage="http://pesquisa.in.gov.br/imprensa/jsp/visualiza/index.jsp?data=02/04/2018&amp;jornal=529&amp;pagina=90" editionNumber="62" highlight="" idMateria="10634695">
  <body>
    <Identifica><![CDATA[ PORTARIA   Nº 273, DE 26 DE MARÇO DE 2018 ]]></Identifica>
    <Data><![CDATA[]]></Data>
    <Ementa />
    <Titulo />
    <SubTitulo />
    <Texto><![CDATA[<p class="identifica">PORTARIA Nº 273, DE 26 DE MARÇO DE 2018</p><p>O COORDENADOR DE GESTÃO DE PESSOAS DO TRIBUNAL REGIONAL DO TRABALHO DA 24ª REGIÃO, no uso de suas atribuições legais e regimentais, resolve:</p><p>1. DISPENSAR o servidor EDWIN HENRIQUE DE OLIVEIRA WEILER, TÉCNICO JUDICIÁRIO, com lotação na 6ª VARA DO TRABALHO DE CAMPO GRANDE, da Função Comissionada de CALCULISTA (139-RA-118), símbolo FC-4, com efeitos a contar de 01/04/2018. 2. DESIGNAR o referido servidor para exercer a Função Comissionada de SECRETÁRIO DE AUDIÊNCIA (RA01/18-29), símbolo FC-3, com efeitos a contar 01/04/2018.</p><p class="assina">FRANCISCO DAS CHAGAS BRANDÃO DA COSTA</p>]]></Texto>
  </body>
</article></xml>