﻿<xml><article id="2341463" name="PORTARIA Nº 011 - EDVALDO ANDRAD" idOficio="4728031" pubName="DO2" artType="Portaria" pubDate="02/04/2018" artClass="00007:00003:00077:00000:00000:00000:00000:00000:00000:00000:00025:00001" artCategory="Ministério da Agricultura, Pecuária e Abastecimento/Secretaria Executiva/Superintendência Federal no Estado de Sergipe" artSize="8" artNotes="" numberPage="8" pdfPage="http://pesquisa.in.gov.br/imprensa/jsp/visualiza/index.jsp?data=02/04/2018&amp;jornal=529&amp;pagina=8" editionNumber="62" highlight="" idMateria="10633465">
  <body>
    <Identifica><![CDATA[ PORTARIA Nº 11, DE 20 DE MARÇO DE 2018]]></Identifica>
    <Data><![CDATA[]]></Data>
    <Ementa />
    <Titulo />
    <SubTitulo />
    <Texto><![CDATA[<p class="identifica">PORTARIA Nº 11, DE 20 DE MARÇO DE 2018</p><p>O SUPERINTENDENTE DA SUPERINTENDÊNCIA FEDERAL DE AGRICULTURA, PECUÁRIA E ABASTECIMENTO NO ESTADO DE SERGIPE-SUBSTITUTO, usando das atribuições que lhe confere o item XVIII, do artigo 44, do Regimento Interno das SFA`s, aprovado através da Portaria Ministerial nº 428, de 09 de junho de 2010, publicado no DOU de 14 de junho de 2010, resolve:</p><p>Art. 1º - Conceder aposentadoria voluntária, com proventos integrais, ao servidor EDVALDO ANDRADE, ocupante do cargo de Agente de Portaria, Nível NI, classe S, padrão III, matrícula SIAPE 15101, do Quadro de Pessoal deste Ministério, com fundamento no artigo 3º, da Emenda Constitucional nº 47/2005, acrescido da vantagem prevista no artigo 62-A, da Lei 8.112/90. (Processo SEI 21054.000304/2018-28).</p><p>Art. 2º - Esta portaria entra em vigor na data de sua publicação.</p><p class="assina">EDUARDO LUIZ SILVA COSTA</p>]]></Texto>
  </body>
</article></xml>