﻿<xml><article id="2342964" name="03 - MARÇO - 2018 - 14" idOficio="4730941" pubName="DO2" artType="Portaria" pubDate="02/04/2018" artClass="00017:00022:00022:00000:00000:00000:00000:00000:00000:00000:00025:00001" artCategory="Ministério da Saúde/Fundação Oswaldo Cruz/Coordenação-Geral de Gestão de Pessoas" artSize="8" artNotes="ok" numberPage="49" pdfPage="http://pesquisa.in.gov.br/imprensa/jsp/visualiza/index.jsp?data=02/04/2018&amp;jornal=529&amp;pagina=49" editionNumber="62" highlight="" idMateria="10638641">
  <body>
    <Identifica><![CDATA[ PORTARIAs DE 26 DE MARÇO DE 2018 ]]></Identifica>
    <Data><![CDATA[]]></Data>
    <Ementa />
    <Titulo />
    <SubTitulo />
    <Texto><![CDATA[<p class="identifica">PORTARIAs DE 26 DE MARÇO DE 2018</p><p>A Coordenação-Geral de Gestão de Pessoas da Fundação Oswaldo Cruz, no uso das suas atribuições, estabelecidas pelo Decreto n.º 8.932, de 14 de dezembro de 2016, resolve:</p><p>Nº 3 - Conceder Aposentadoria Voluntária Integral ao servidor GILBERTO NEY OTTONI DE BRITO matrícula Siape 0303103, ocupante do cargo de Pesquisador em Saúde Pública, NS-U-III, do Quadro de Pessoal Permanente desta Instituição, com fundamento no Artigo 3.º da Emenda Constitucional n.º 47/2005, com proventos calculados na forma do Parágrafo Único deste mesmo Artigo (Processo n.º 25384.000128/2018-74).</p><p>Nº 350 - Conceder Aposentadoria Voluntária Integral à servidora MARIA JULIA DA SILVA matrícula Siape 0462730, ocupante do cargo de Técnico em Saúde Pública, NI-1-IV, do Quadro de Pessoal Permanente desta Instituição, com fundamento no Artigo 3.º da Emenda Constitucional n.º 47/2005, com proventos calculados na forma do Parágrafo Único deste mesmo Artigo (Processo n.º 25384.000103/2018-71).</p><p></p><p class="assina">JULIANO DE CARVALHO LIMA</p><p></p>]]></Texto>
  </body>
</article></xml>