﻿<xml><article id="2343015" name="Portaria nº 360_2018_Nomeia-DOL-" idOficio="4731153" pubName="DO2" artType="Portaria" pubDate="02/04/2018" artClass="00011:00042:00000:00000:00000:00000:00000:00000:00000:00000:00025:00002" artCategory="Ministério da Educação/Fundação Universidade Federal de Sergipe" artSize="8" artNotes="" numberPage="23" pdfPage="http://pesquisa.in.gov.br/imprensa/jsp/visualiza/index.jsp?data=02/04/2018&amp;jornal=529&amp;pagina=23" editionNumber="62" highlight="" idMateria="10639435">
  <body>
    <Identifica><![CDATA[ PORTARIA Nº 360, DE 27 DE MARÇO DE 2018]]></Identifica>
    <Data><![CDATA[]]></Data>
    <Ementa />
    <Titulo />
    <SubTitulo />
    <Texto><![CDATA[<p class="identifica">PORTARIA Nº 360, DE 27 DE MARÇO DE 2018</p><p>O REITOR DA UNIVERSIDADE FEDERAL DE SERGIPE, no uso de suas atribuições legais e considerando: o disposto nos artigos 9º, inciso I, e 10 da Lei 8.112 de 11/12/1990; o disposto no Decreto nº 7.485, de 18/05/2011, alterado pelo Decreto nº 8.259 da Presidência da República, de 29/05/2014 e na Portaria Interministerial MEC/MPOG nº. 316, de 09/10/2017, publicada no D.O.U. de 19/10/2017; o disposto na Lei nº 12.772, de 28/12/2012, alterada pela Lei nº 12.863, de 24/09/2013; o que consta no Processo nº. 23113.013975/2017-82; resolve:</p><p>Art. 1º - Nomear, em caráter efetivo, MARCIO LUIZ LIMA TAGA, para exercer o cargo de Professor Adjunto-A, nível 1, em regime de trabalho de Dedicação Exclusiva, em virtude de habilitação em Concurso Público de Provas e Títulos, objeto do Edital nº. 021/2017, publicado no D.O.U. em 07/11/2017, homologado através da Portaria nº 245, de 08/03/2018, publicada no D.O.U. de 09/03/2018, seção 1, página 32, código de vaga nº 0335243.</p><p>Art. 2º - De acordo com o item 19.7 do edital de abertura, o candidato terá até 20 (vinte) dias, após a data da publicação desta Portaria de nomeação no Diário Oficial da União, para apresentar, à Pró-Reitoria de Gestão de Pessoas, os títulos exigidos em conformidade com o edital do concurso, para comprovação de atendimento às exigências editalícias.</p><p>Art. 3º - O servidor será lotado no Departamento de Odontologia/Campus Universitário Prof. Antônio Garcia Filho e terá o prazo de 30 (trinta) dias para tomar posse, contados a partir da publicação desta Portaria no Diário Oficial da União.</p><p>Art. 4º - Esta PORTARIA entrará em vigor na data de sua publicação no Diário Oficial da União.</p><p class="assina">Angelo Roberto Antoniolli</p>]]></Texto>
  </body>
</article></xml>