﻿<xml><article id="2341995" name="publicar-2-abril-DOU 2-MG-1PT-96" idOficio="4728767" pubName="DO2" artType="Portaria" pubDate="02/04/2018" artClass="00034:00007:00034:00000:00000:00000:00000:00000:00000:00000:00025:00003" artCategory="Ministério Público da União/Ministério Público Federal/Procuradoria da República no Estado de Minas Gerais" artSize="8" artNotes="" numberPage="73" pdfPage="http://pesquisa.in.gov.br/imprensa/jsp/visualiza/index.jsp?data=02/04/2018&amp;jornal=529&amp;pagina=73" editionNumber="62" highlight="" idMateria="10634676">
  <body>
    <Identifica><![CDATA[ PORTARIA Nº 96, de 19 de Março de 2018]]></Identifica>
    <Data><![CDATA[]]></Data>
    <Ementa />
    <Titulo />
    <SubTitulo />
    <Texto><![CDATA[<p class="identifica">PORTARIA Nº 96, de 19 de Março de 2018</p><p>A PROCURADORA-CHEFE DA PROCURADORIA DA REPÚBLICA NO ESTADO DE MINAS GERAIS, no uso da competência prevista pela Portaria PGR/MPF nº 357, de 05 de maio de 2015, resolve:</p><p>1 - Dispensar DIEGO SILVEIRA DUTRA DE SOUZA, matrícula 25046-5, ocupante do cargo de Analista do MPU/Direito, da função de confiança de Assistente - Nível II, Código FC-2, do Gabinete do Dr. Gustavo de Carvalho Fonseca, da Procuradoria da República no Município de Divinópolis no Estado de Minas Gerais.</p><p>2 - Designar RODRIGO CORRADI DRUMOND, matrícula 18906-5, ocupante do cargo de Analista do MPU/Direito, para exercer a função de confiança de Assistente - Nível II, Código FC-2, do Gabinete do Dr. Gustavo de Carvalho Fonseca, da Procuradoria da República no Município de Divinópolis no Estado de Minas Gerais.</p><p class="assina">Isabela De Holanda Cavalcanti</p>]]></Texto>
  </body>
</article></xml>