﻿<xml><article id="2342520" name="Publicação do dia 02 de abril 20" idOficio="4728908" pubName="DO2" artType="Portaria" pubDate="02/04/2018" artClass="00011:00137:00000:00000:00000:00000:00000:00000:00000:00000:00025:00001" artCategory="Ministério da Educação/Universidade Federal do Sul da Bahia" artSize="8" artNotes="" numberPage="37" pdfPage="http://pesquisa.in.gov.br/imprensa/jsp/visualiza/index.jsp?data=02/04/2018&amp;jornal=529&amp;pagina=37" editionNumber="62" highlight="" idMateria="10634877">
  <body>
    <Identifica><![CDATA[ PORTARIAS de  15 DE MARÇO DE 2018]]></Identifica>
    <Data><![CDATA[]]></Data>
    <Ementa />
    <Titulo />
    <SubTitulo />
    <Texto><![CDATA[<p class="identifica">PORTARIAS de 15 DE MARÇO DE 2018</p><p>A VICE-REITORA, no exercício do cargo de Reitora, da UNIVERSIDADE FEDERAL DO SUL DA BAHIA, no uso de suas atribuições legais e estatutárias, resolve:</p><p>Nº 268 - EXONERAR, a pedido, a partir de 31/03/2018, a servidora MIAME CHAN SOUZA SANTOS, matrícula SIAPE 1164141, da função de Chefe do Cerimonial, código FG-01, com lotação na Secretaria Executiva - Diretoria Geral, desta Universidade.</p><p>Nº 269 - Art. 1° - NOMEAR MIAME CHAN SOUZA SANTOS, matrícula SIAPE nº 1164141, para exercer a função de Secretária Executiva Chefe do Gabinete do Vice-Reitor, código FG-01, desta Universidade.</p><p>Art 2º - Esta Portaria entra em vigor na data de sua publicação.</p><p class="assina">Joana Angélica Guimarães da luz</p><p></p>]]></Texto>
  </body>
</article></xml>