﻿<xml><article id="2341950" name="Lauda - 2ABRIL2018" idOficio="4728126" pubName="DO2" artType="Ato" pubDate="02/04/2018" artClass="00038:00054:00000:00000:00000:00000:00000:00000:00000:00000:00001:00001" artCategory="Poder Judiciário/Tribunal Regional do Trabalho da 15ª Região" artSize="8" artNotes="" numberPage="86" pdfPage="http://pesquisa.in.gov.br/imprensa/jsp/visualiza/index.jsp?data=02/04/2018&amp;jornal=529&amp;pagina=86" editionNumber="62" highlight="" idMateria="10633651">
  <body>
    <Identifica><![CDATA[ ATO Nº 18 - SLP, DE 20 DE FEVEREIRO DE 2018]]></Identifica>
    <Data><![CDATA[]]></Data>
    <Ementa />
    <Titulo />
    <SubTitulo />
    <Texto><![CDATA[<p class="identifica">ATO Nº 18 - SLP, DE 20 DE FEVEREIRO DE 2018</p><p>O DESEMBARGADOR PRESIDENTE DO TRIBUNAL REGIONAL DO TRABALHO DA 15ª REGIÃO, no uso de suas atribuições legais e tendo em vista o que consta do Processo Administrativo nº 0000597-02.2016.5.15.0895 PA, resolve:</p><p>Conceder aposentadoria à servidora ESTELA APARECIDA MASCHERPE CUELBAS, no cargo de Técnico Judiciário, área Administrativa, Classe C, Padrão 13, do Quadro Permanente da Secretaria deste Tribunal, com fundamento no artigo 3º da Emenda Constitucional nº 47/2005, artigo 62-A da Lei nº 8.112/1990 e artigo 28 da Lei nº 11.416/2006.</p><p class="assina">Fernando da Silva Borges</p><p class="identifica">ATO Nº 24 - SLP, DE 6 DE MARÇO DE 2018</p><p>O DESEMBARGADOR PRESIDENTE DO TRIBUNAL REGIONAL DO TRABALHO DA 15ª REGIÃO, no uso de suas atribuições legais e tendo em vista o que consta do Processo Administrativo nº 0000670-71.2016.5.15.0895 PA, resolve:</p><p>Conceder aposentadoria à servidora CARMEN SILVIA CHIARETTI no cargo de Analista Judiciário, área Administrativa, Classe C, Padrão 13, do Quadro Permanente da Secretaria deste Tribunal, com fundamento no artigo 3º da Emenda Constitucional nº 47/2005, artigo 62-A da Lei nº 8.112/1990 e artigo 28 da Lei nº 11.416/2006.</p><p class="assina">Fernando da Silva Borges</p><p class="identifica">ATO Nº 33 - SLP, DE 16 DE MARÇO DE 2018</p><p>O DESEMBARGADOR PRESIDENTE DO TRIBUNAL REGIONAL DO TRABALHO DA 15ª REGIÃO, no uso de suas atribuições legais e tendo em vista o que consta do PROAD Nº 178/2018, resolve:</p><p>Conceder aposentadoria à servidora CLAUDIA LOPES FLORA GRESPAN, no cargo de Técnico Judiciário, área Administrativa, Classe C, Padrão 13, do Quadro Permanente da Secretaria deste Tribunal, com fundamento no artigo 6º da Emenda Constitucional nº 41/2003 c/c o artigo 2º da Emenda Constitucional nº 47/2005, artigo 62-A da Lei nº 8.112/1990 e artigo 28 da Lei nº 11.416/2006.</p><p class="assina">Fernando da Silva Borges</p><p class="identifica">ATO Nº 35 - SLP, DE 26 DE MARÇO DE 2018</p><p>O DESEMBARGADOR PRESIDENTE DO TRIBUNAL REGIONAL DO TRABALHO DA 15ª REGIÃO, no uso de suas atribuições legais e tendo em vista o que consta do Processo Administrativo nº 0000207-95.2017.5.15.0895 PA, resolve:</p><p>Conceder aposentadoria à servidora MARIA DE LOURDES PEREIRA GILBERTI CLARK, no cargo de Analista Judiciário, área Administrativa, Classe C, Padrão 13, do Quadro Permanente da Secretaria deste Tribunal, com fundamento no artigo 3º da Emenda Constitucional nº 47/2005, artigo 62-A da Lei nº 8.112/1990 e artigo 28 da Lei nº 11.416/2006.</p><p class="assina">Fernando da Silva Borges</p>]]></Texto>
  </body>
</article></xml>