﻿<xml><article id="2341914" name="portaria 17714 SGP" idOficio="4728205" pubName="DO2" artType="Portaria" pubDate="02/04/2018" artClass="00038:00025:00000:00000:00000:00000:00000:00000:00000:00000:00025:00001" artCategory="Poder Judiciário/Tribunal Regional Eleitoral do Pará" artSize="8" artNotes="" numberPage="80" pdfPage="http://pesquisa.in.gov.br/imprensa/jsp/visualiza/index.jsp?data=02/04/2018&amp;jornal=529&amp;pagina=80" editionNumber="62" highlight="" idMateria="10633763">
  <body>
    <Identifica><![CDATA[ Portaria Nº 17714, de 27 de março de 2018]]></Identifica>
    <Data><![CDATA[]]></Data>
    <Ementa />
    <Titulo />
    <SubTitulo />
    <Texto><![CDATA[<p class="identifica">Portaria Nº 17714, de 27 de março de 2018</p><p>A PRESIDENTE DO TRIBUNAL REGIONAL ELEITORAL DO PARÁ, no uso de suas atribuições legais e regimentais, e à vista do contido no Processo Administrativo Eletrônico nº 0002409-79.2018.6.14.8000, resolve:</p><p>Art. 1º Designar o servidor CLÁUDIO MÁRCIO GUIMARÃES MOREIRA, Técnico Judiciário da Área Administrativa do Quadro de Pessoal Permanente deste Tribunal, para exercer a Função Comissionada de Assistente I, nível FC-1, da Secretaria de Administração, com fulcro nas Leis nºs 8.112/1990 e 11.416/2006.</p><p>Art. 2º Esta portaria entra em vigor na data de sua publicação.</p><p class="assina">CÉLIA REGINA DE LIMA PINHEIRO</p>]]></Texto>
  </body>
</article></xml>