﻿<xml><article id="2341421" name="Aposentadoria_Milta_2018" idOficio="4727942" pubName="DO2" artType="Ato" pubDate="02/04/2018" artClass="00038:00059:00004:00000:00000:00000:00000:00000:00000:00000:00001:00001" artCategory="Poder Judiciário/Tribunal Regional do Trabalho da 20ª Região/Diretoria-Geral" artSize="8" artNotes="" numberPage="87" pdfPage="http://pesquisa.in.gov.br/imprensa/jsp/visualiza/index.jsp?data=02/04/2018&amp;jornal=529&amp;pagina=87" editionNumber="62" highlight="" idMateria="10633333">
  <body>
    <Identifica><![CDATA[ ATO Nº  29, de  26 DE MARÇO DE 2018]]></Identifica>
    <Data><![CDATA[]]></Data>
    <Ementa />
    <Titulo />
    <SubTitulo />
    <Texto><![CDATA[<p class="identifica">ATO Nº 29, de 26 DE MARÇO DE 2018</p><p>O DESEMBARGADOR PRESIDENTE DO TRIBUNAL REGIONAL DO TRABALHO DA 20ª REGIÃO, no uso de suas atribuições legais e regimentais, e considerando o contido no Processo Administrativo Eletrônico Nº 34806/2017, resolve:</p><p>Conceder à servidora do Quadro Permanente de Pessoal da Secretaria deste Tribunal MARIA JOSÉ MILTA DA CRUZ, APOSENTADORIA VOLUNTÁRIA, com fundamento no art. 3º da Emenda Constitucional nº 47/2005, com proventos integrais, dotados de paridade, constituídos das seguintes verbas:</p><p>I - vencimento básico do cargo efetivo de Técnico Judiciário, Área Administrativa, Classe "C", Padrão 13 (art. 3º, incisos I, II e III e parágrafo único da EC 47/2005);</p><p>II - gratificação judiciária (GAJ), em valor correspondente ao percentual de 122% do vencimento básico do cargo efetivo (art. 13, V, da Lei nº 11.416/2006 c/ redação da Lei nº 13.317/2016, referindo-se à integralização da quinta parcela, com implementação gradativa até 1º de janeiro de 2019);</p><p>III - adicional por tempo de serviço (anuênio), em valor correspondente ao percentual de 6% incidentes sobre o vencimento básico do cargo (art. 67 da Lei nº 8112/90 c/c art. 15, II, da Medida Provisória nº 2.225-45/2001);</p><p>IV - adicional de qualificação (AQ), em valor correspondente a 7,5% incidente sobre o vencimento básico do cargo efetivo, em virtude do curso de pós-graduação latu sensu em "Direito e Processo do Trabalho" (arts. 14 e 15, III, da Lei nº 11.416/2006);</p><p>V - vantagem pessoal nominalmente identificada (VPNI), correspondente a 5/5 (cinco quintos), decorrentes da incorporação de funções comissionadas, sendo: 3/5 de Assistente-Chefe (FC-4); 2/5 de Assistente Administrativo (FC-3), com fundamento nas Leis nº 9.527/97 e 9.624/98 e Medida Provisória nº 2.225-45/2001.</p><p class="assina">THENISSON SANTANA DÓRIA</p>]]></Texto>
  </body>
</article></xml>