﻿<xml><article id="2343117" name="90-2018 in" idOficio="4731132" pubName="DO2" artType="Portaria" pubDate="02/04/2018" artClass="00011:00051:00000:00000:00000:00000:00000:00000:00000:00000:00025:00002" artCategory="Ministério da Educação/Instituto Benjamin Constant" artSize="8" artNotes="" numberPage="24" pdfPage="http://pesquisa.in.gov.br/imprensa/jsp/visualiza/index.jsp?data=02/04/2018&amp;jornal=529&amp;pagina=24" editionNumber="62" highlight="" idMateria="10639352">
  <body>
    <Identifica><![CDATA[ Portaria nº 90, de 28 de março de 2018]]></Identifica>
    <Data><![CDATA[]]></Data>
    <Ementa />
    <Titulo />
    <SubTitulo />
    <Texto><![CDATA[<p class="identifica">Portaria nº 90, de 28 de março de 2018</p><p>O Diretor-Geral do Instituto Benjamin Constant, no uso das atribuições que lhe foram subdelegadas pelo Subsecretário de Assuntos Administrativos, do Ministério da Educação, conforme Portaria n.º 28, de 06 de março de 1998, publicada no Diário Oficial da União de 09 de março de 1998, resolve:</p><p>Conceder aposentadoria voluntária, com proventos integrais, a PAULO SERGIO DE MIRANDA, matrícula SIAPE nº 0263060, ocupante da vaga nº 202840, do cargo de Professor do Ensino Básico, Técnico e Tecnológico, Classe "D", Nível "404", do Quadro de Pessoal do Instituto Benjamin Constant, com fundamento no artigo 3º da Emenda Constitucional nº 47/2005, de acordo com o que consta no processo nº 23119000133/2018-91.</p><p>Esta portaria entra em vigor na data de sua publicação.</p><p class="assina">JOÃO RICARDO MELO FIGUEIREDO</p>]]></Texto>
  </body>
</article></xml>