﻿<xml><article id="2341451" name="Portaria nº 750 - Dispensa Coord" idOficio="4727697" pubName="DO2" artType="Portaria" pubDate="02/04/2018" artClass="00011:00079:00001:00001:00000:00000:00000:00000:00000:00000:00025:00001" artCategory="Ministério da Educação/Instituto Federal de Educação, Ciência e Tecnologia de Rondônia/Reitoria/Chefia de Gabinete" artSize="8" artNotes="" numberPage="28" pdfPage="http://pesquisa.in.gov.br/imprensa/jsp/visualiza/index.jsp?data=02/04/2018&amp;jornal=529&amp;pagina=28" editionNumber="62" highlight="" idMateria="10633028">
  <body>
    <Identifica><![CDATA[ PORTARIA Nº 750, DE 26 DE MARÇO DE 2018]]></Identifica>
    <Data><![CDATA[]]></Data>
    <Ementa />
    <Titulo />
    <SubTitulo />
    <Texto><![CDATA[<p class="identifica">PORTARIA Nº 750, DE 26 DE MARÇO DE 2018</p><p>O REITOR DO INSTITUTO FEDERAL DE EDUCAÇÃO, CIÊNCIA E TECNOLOGIA DE RONDÔNIA, no uso de suas atribuições legais e considerando o Memorando nº 82/2018/COL - CGAB/COL - DG/COL, de 21/03/2018, resolve:</p><p>Art. 1º DISPENSAR, a partir de 02/04/2018, o Professor do Ensino Básico, Técnico e Tecnológico, ERNANDO BALBINOT, Mat. SIAPE 1729326, da Função Gratificada de Coordenador de Pós-Graduação do Campus Colorado do Oeste/IFRO, código FG-3.</p><p>Art. 2º Esta Portaria entra em vigor na data de sua publicação.</p><p class="assina">Uberlando Tiburtino Leite</p>]]></Texto>
  </body>
</article></xml>