﻿<xml><article id="2342943" name="(DOU) PORTARIA xx - EURICE LEY (" idOficio="4730939" pubName="DO2" artType="Portaria" pubDate="02/04/2018" artClass="00012:00002:00012:00020:00000:00000:00000:00000:00000:00000:00025:00001" artCategory="Ministério da Fazenda/Secretaria Executiva/Subsecretaria de Planejamento, Orçamento e Administração/Superintendência de Administração em Goiás" artSize="8" artNotes="" numberPage="39" pdfPage="http://pesquisa.in.gov.br/imprensa/jsp/visualiza/index.jsp?data=02/04/2018&amp;jornal=529&amp;pagina=39" editionNumber="62" highlight="" idMateria="10638638">
  <body>
    <Identifica><![CDATA[ Portaria Nº 50, de 28 de março de 2018]]></Identifica>
    <Data><![CDATA[]]></Data>
    <Ementa />
    <Titulo />
    <SubTitulo />
    <Texto><![CDATA[<p class="identifica">Portaria Nº 50, de 28 de março de 2018</p><p>A SUPERINTENDENTE DE ADMINISTRAÇÃO DO MINISTÉRIO DA FAZENDA EM GOIÁS E TOCANTINS substituta, no uso da competência que lhe foi atribuída pelo Artigo 86, inciso XI, da Portaria 144, do Senhor Ministro de Estado da Fazenda, de 27/04/2016, publicada no Diário Oficial da União de 29/04/2016, e delegação de competência dada pela Portaria SRF/MF nº 1671/05, publicada no DOU de 20/06/05 resolve:</p><p>CONCEDER aposentadoria voluntária a servidora EURICE LEY APARECIDA MACHADO, CPF nº 295.049.451-04, Matrícula SIAPE 0888301, no cargo de Datilógrafo, Nível "NI", Classe "S", Padrão "IV", lotada na Delegacia da Receita Federal do Brasil e em exercício na Equipe de atendimento ao contribuinte, em Goiânia-GO, com fundamento no Art. 3º da EC nº 47, de 05/07/2005, publicada no DOU de 06/07/2005.(Processo nº: 10120.721453/2018-06).</p><p class="assina">Adima Gomes Sfair Medeiros</p><p></p>]]></Texto>
  </body>
</article></xml>