﻿<xml><article id="2397642" name="Ps_378_379_380_381_382_383_384_3" idOficio="4728890" pubName="DO2" artType="Portaria" pubDate="04/04/2018" artClass="00017:00022:00022:00000:00000:00000:00000:00000:00000:00000:00025:00001" artCategory="Ministério da Saúde/Fundação Oswaldo Cruz/Coordenação-Geral de Gestão de Pessoas" artSize="8" artNotes="" numberPage="35" pdfPage="http://pesquisa.in.gov.br/imprensa/jsp/visualiza/index.jsp?data=04/04/2018&amp;jornal=529&amp;pagina=35" editionNumber="64" highlight="" idMateria="10634865">
  <body>
    <Identifica><![CDATA[ Portaria de 27 de março de 2018]]></Identifica>
    <Data><![CDATA[]]></Data>
    <Ementa />
    <Titulo />
    <SubTitulo />
    <Texto><![CDATA[<p class="identifica">Portaria de 27 de março de 2018</p><p>A Presidente da Fundação Oswaldo Cruz, no Uso de suas atribuições e da competência que lhe foi delegada pela Portaria do MS/nº 938, de 22.07.99, resolve:</p><p>Nº 378 - Exonerar, com efeitos retroativos a 27 de fevereiro de 2018, ERIKA MARTINS DE CARVALHO, do cargo em comissão de chefe do Departamento de Síntese Química, código DAS 101.2, n.º 45.0570, do INSTITUTO DE TECNOLOGIA EM FÁRMACOS, da Fundação Oswaldo Cruz.</p><p>Nº 379 - Dispensar, ISABEL CRISTINA SILVA ARRUDA LAMARCA, da função comissionada de chefe do Serviço de Projetos Especiais do DCS, código FCPE 101.1, n.º 45.0434, da ESCOLA NACIONAL DE SAÚDE PÚBLICA SÉRGIO AROUCA, da Fundação Oswaldo Cruz.</p><p>Nº 380 - Dispensar, NILMA CINTRA LEAL, do encargo de substituto eventual de Chefe do Departamento de Microbiologia, código DAS 101.2, n.º 45.0323, do INSTITUTO AGGEU MAGALHÃES, da Fundação Oswaldo Cruz.</p><p>Nº 381 - Designar, ANTONIO PEREIRA DAS NEVES NETO, para o encargo de substituto eventual de chefe do Departamento de Microbiologia, código DAS 101.2, n.º 45.0323, do INSTITUTO AGGEU MAGALHÃES, da Fundação Oswaldo Cruz.</p><p>Nº 382 - Dispensar, MARIA ALICE VARJAL DE MELO SANTOS, do encargo de substituto eventual de Chefe do Departamento de Entomologia, código DAS 101.2, n.º 45.0326, do INSTITUTO AGGEU MAGALHÃES, da Fundação Oswaldo Cruz.</p><p>Nº 383 - Designar, CLAUDIA MARIA FONTES DE OLIVEIRA, para o encargo de substituto eventual de Chefe do Departamento de Entomologia, código DAS 101.2, n.º 45.0326, do INSTITUTO AGGEU MAGALHÃES, da Fundação Oswaldo Cruz.</p><p>Nº 384 - Exonerar, CLAUDIA MARIA FONTES DE OLIVEIRA, do cargo em comissão de Chefe do Departamento de Entomologia, código DAS 101.2, n.º 45.0326, do INSTITUTO AGGEU MAGALHÃES, da Fundação Oswaldo Cruz.</p><p>Nº 385 - Nomear, ROSANGELA MARIA RODRIGUES BARBOSA, do cargo em comissão de Chefe do Departamento de Entomologia, código DAS 101.2, n.º 45.0326, do INSTITUTO AGGEU MAGALHÃES, da Fundação Oswaldo Cruz.</p><p>Nº 386 - Exonerar, ANA MARIA AGUIAR DOS SANTOS, do cargo em comissão de Chefe do Departamento de Parasitologia, código DAS 101.2, n.º 45.0325, do INSTITUTO AGGEU MAGALHÃES, da Fundação Oswaldo Cruz.</p><p>Nº 387 - Dispensar, FABIO LOPES DE MELO, do encargo de substituto eventual de Chefe do Departamento de Parasitologia, código DAS 101.2, n.º 45.0325, do INSTITUTO AGGEU MAGALHÃES, da Fundação Oswaldo Cruz.</p><p>Nº 388 - Nomear, FABIO LOPES DE MELO, para o cargo em comissão de Chefe do Departamento de Parasitologia, código DAS 101.2, n.º 45.0325, do INSTITUTO AGGEU MAGALHÃES, da Fundação Oswaldo Cruz.</p><p>Nº 389 - Designar, LUYDSON RICHARDSON SILVA VASCONCELOS, para o encargo de substituto eventual de Chefe do Departamento de Parasitologia, código DAS 101.2, n.º 45.0325, do INSTITUTO AGGEU MAGALHÃES, da Fundação Oswaldo Cruz.</p><p>Nº 390 - Exonerar, ERNESTO TORRES DE AZEVEDO MARQUES JUNIOR, do cargo em comissão de Chefe do Departamento de Biologia Celular e Ultraestrutura, código DAS 101.2, n.º 45.0321, do INSTITUTO AGGEU MAGALHÃES, da Fundação Oswaldo Cruz.</p><p>Nº 391 - Dispensar, RAFAEL DHALIA, do encargo de substituto eventual de Chefe do Departamento de Biologia Celular e Ultraestrutura, código DAS 101.2, n.º 45.0321, do INSTITUTO AGGEU MAGALHÃES, da Fundação Oswaldo Cruz.</p><p>Nº 392 - Designar, CLARICE NEUENSCHWANDER LINS DE MORAIS FONSECA, do encargo de substituto eventual de Chefe do Departamento de Biologia Celular e Ultraestrutura, código DAS 101.2, n.º 45.0321, do INSTITUTO AGGEU MAGALHÃES, da Fundação Oswaldo Cruz.</p><p>Nº 394 - Nomear, BARTOLOMEU ACIOLI DOS SANTOS, para o cargo em comissão de Chefe do Departamento de Biologia Celular e Ultraestrutura, código DAS 101.2, n.º 45.0321, do INSTITUTO AGGEU MAGALHÃES, da Fundação Oswaldo Cruz.</p><p>Nº 395 - Dispensar, RAFAEL DA SILVEIRA MOREIRA, do encargo de substituto eventual de Chefe do Departamento de Saúde Coletiva, código DAS 101.2, n.º 45.0327, do INSTITUTO AGGEU MAGALHÃES, da Fundação Oswaldo Cruz.</p><p>Nº 396 - Exonerar, SIDNEY FEITOZA FARIAS, do cargo em comissão de Chefe do Departamento de Saúde Coletiva, código DAS 101.2, n.º 45.0327, do INSTITUTO AGGEU MAGALHÃES, da Fundação Oswaldo Cruz.</p><p>Nº 397 - Designar, NAIDE TEODOSIO VALOIS SANTOS, para o encargo de substituto eventual de Chefe do Departamento de Saúde Coletiva, código DAS 101.2, n.º 45.0327, do INSTITUTO AGGEU MAGALHÃES, da Fundação Oswaldo Cruz.</p><p>Nº 398 - Nomear, PEDRO MIGUEL DOS SANTOS NETO, para o cargo em comissão de Chefe do Departamento de Saúde Coletiva, código DAS 101.2, n.º 45.0327, do INSTITUTO AGGEU MAGALHÃES, da Fundação Oswaldo Cruz.</p><p>Nº 399 - Designar, ANA MARIA LUIZ DA SILVA, para o encargo de substituto eventual de Chefe do Laboratório de Análise Físico-Químico e Bacteriologia, código FCPE 101.1, n.º 45.0455, da ESCOLA NACIONAL DE SAÚDE PÚBLICA SÉRGIO AROUCA, da Fundação Oswaldo Cruz.</p><p>Nº 400 - Dispensar, GUILHERME DE BEAUREPAIRE PEREIRA DA SILVA, da Função Gratificada, código FG 3, n.º 45.0241, do INSTITUTO OSWALDO CRUZ, da Fundação Oswaldo Cruz.</p><p>Nº 401 - Designar, GUILHERME DE BEAUREPAIRE PEREIRA DA SILVA, da Função Gratificada, código FG 3, n.º 45.0192, do INSTITUTO OSWALDO CRUZ, da Fundação Oswaldo Cruz.</p><p>Nº 403 - Designar, TATHIANA DE MELLO SAMPAIO, da Função Gratificada, código FG 3, n.º 45.0291, do INSTITUTO OSWALDO CRUZ, da Fundação Oswaldo Cruz.</p><p>Nº 404 - Designar, ADRIANA FERNANDES PETRELLI REIS, da Função Gratificada, código FG 3, n.º 45.0282, do INSTITUTO OSWALDO CRUZ, da Fundação Oswaldo Cruz.</p><p class="assina">NÍSIA TRINDADE LIMA</p>]]></Texto>
  </body>
</article></xml>