﻿<xml><article id="2341986" name="presreka0204a" idOficio="4728714" pubName="DO2" artType="Resolução" pubDate="02/04/2018" artClass="00038:00009:00001:00000:00000:00000:00000:00000:00000:00000:00001:00001" artCategory="Poder Judiciário/Tribunal Regional Federal da 3ª Região/Presidência" artSize="8" artNotes="" numberPage="80" pdfPage="http://pesquisa.in.gov.br/imprensa/jsp/visualiza/index.jsp?data=02/04/2018&amp;jornal=529&amp;pagina=80" editionNumber="62" highlight="" idMateria="10634612">
  <body>
    <Identifica><![CDATA[ RESOLUÇÃO Nº 174, DE 06 DE MARÇO DE 2018]]></Identifica>
    <Data><![CDATA[]]></Data>
    <Ementa />
    <Titulo />
    <SubTitulo />
    <Texto><![CDATA[<p class="identifica">RESOLUÇÃO Nº 174, DE 06 DE MARÇO DE 2018</p><p>A PRESIDENTE DO TRIBUNAL REGIONAL FEDERAL DA TERCEIRA REGIÃO, no uso de suas atribuições legais, e tendo em vista o artigo 96, inciso I, alínea "b", da Constituição da República, combinado com o artigo 21, inciso XVII, alínea "g", do Regimento Interno deste Tribunal, e o contido no Processo Administrativo nº 0055679-23.2017.4.03.8001, resolve:</p><p>REDISTRIBUIR o cargo de Analista Judiciário, Área Judiciária, do quadro de pessoal da Seção Judiciária do Estado de São Paulo, ocupado pela servidora MARIANA SANTOS DE JESUS, para o quadro de pessoal da Seção Judiciária do Estado da Bahia, vinculada ao E. Tribunal Regional Federal da 1ª Região, a teor do artigo 37 da Lei nº 8.112/90 e da Resolução nº 146/2012, do E. Conselho Nacional de Justiça.</p><p class="assina">Des THEREZINHA ASTOLPHI CAZERTA</p>]]></Texto>
  </body>
</article></xml>