﻿<xml><article id="2343108" name="PORTARIAS Nº 46, 48, 49 e 50" idOficio="4730374" pubName="DO2" artType="Portaria" pubDate="02/04/2018" artClass="00012:00002:00012:00015:00000:00000:00000:00000:00000:00000:00025:00001" artCategory="Ministério da Fazenda/Secretaria Executiva/Subsecretaria de Planejamento, Orçamento e Administração/Superintendência de Administração na Bahia" artSize="8" artNotes="" numberPage="38" pdfPage="http://pesquisa.in.gov.br/imprensa/jsp/visualiza/index.jsp?data=02/04/2018&amp;jornal=529&amp;pagina=38" editionNumber="62" highlight="" idMateria="10637585">
  <body>
    <Identifica><![CDATA[     Portaria nº 46, de 21 de março de 2018]]></Identifica>
    <Data><![CDATA[]]></Data>
    <Ementa />
    <Titulo />
    <SubTitulo />
    <Texto><![CDATA[<p class="identifica">Portaria nº 46, de 21 de março de 2018</p><p>O SUPERINTENDENTE DE ADMINISTRAÇÃO DO MINISTÉRIO DA FAZENDA NO ESTADO DA BAHIA, no uso de suas atribuições, conferidas pelo art. 86, da Portaria Ministerial n° 144, de 27/04/2016, publicada no Diário Oficial da União de 29/04/2016, e por Delegação de Competência, delegada através da Portaria SRF nº 1.671, de 16/06/2005, publicada no DOU de 20/06/2005, resolve:</p><p>Conceder aposentadoria voluntária integral à servidora MARIA DO SOCORRO MOURA DE MEDEIROS, ocupante do cargo de Telefonista, Classe S, Padrão III, matrícula SIAPE nº 0102599, e SIAPECAD nº 00016450, do Quadro Permanente do Ministério da Fazenda, com fundamento legal no artigo 3º da Emenda Constitucional nº 47/2005.</p><p>Processo nº 10952.720022/2018-21.</p><p class="assina">Etevaldo Inácio Oliveira Carneiro</p><p></p><p class="identifica">Portaria nº 48, de 22 de março de 2018</p><p>O SUPERINTENDENTE DE ADMINISTRAÇÃO DO MINISTÉRIO DA FAZENDA NO ESTADO DA BAHIA, no uso de suas atribuições, conferidas pelo art. 86, da Portaria Ministerial n° 144, de 27/04/2016, publicada no Diário Oficial da União de 29/04/2016, e por Delegação de Competência, delegada através da Portaria SRF nº 1.671, de 16/06/2005, publicada no DOU de 20/06/2005, resolve:</p><p>Conceder aposentadoria voluntária integral ao servidor GILMAR MOTA DE ARAÚJO, ocupante do cargo de Agente Administrativo, Classe S, Padrão III, matrícula SIAPE nº 0137399, e SIAPECAD nº 00005867, do Quadro Permanente do Ministério da Fazenda, com fundamento legal no artigo 3º da Emenda Constitucional nº 47/2005, combinado do o artigo 62-A da Lei nº 8.11290/90. Processo nº 13558.720.168/2018-18.</p><p class="assina">Etevaldo Inácio Oliveira Carneiro</p><p></p><p class="identifica">Portaria nº 49, de 23 de março de 2018</p><p>O SUPERINTENDENTE DE ADMINISTRAÇÃO DO MINISTÉRIO DA FAZENDA NO ESTADO DA BAHIA, no uso de suas atribuições, conferidas pelo art. 86, da Portaria Ministerial n° 144, de 27/04/2016, publicada no Diário Oficial da União de 29/04/2016, e por Delegação de Competência, delegada através da Portaria SRF nº 1.671, de 16/06/2005, publicada no DOU de 20/06/2005, resolve:</p><p>Conceder aposentadoria voluntária integral ao servidor ZILTON DE ARAÚJO ANDRADE FILHO, ocupante do cargo de Auditor-Fiscal da Receita Federal do Brasil, Classe S, Padrão III, matrícula SIAPE nº 0126325, e SIAPECAD nº 00001019, do Quadro Permanente do Ministério da Fazenda, com fundamento legal no artigo 3º da Emenda Constitucional nº 47/2005. Processo nº 10580.000065/2018-62.</p><p class="assina">Etevaldo Inácio Oliveira Carneiro</p><p class="identifica">Portaria nº 50, de 26 de março de 2018</p><p>O SUPERINTENDENTE DE ADMINISTRAÇÃO DO MINISTÉRIO DA FAZENDA NO ESTADO DA BAHIA, no uso de suas atribuições, conferidas pelo art. 86, da Portaria Ministerial n° 144, de 27/04/2016, publicada no Diário Oficial da União de 29/04/2016, e por Delegação de Competência, delegada através da Portaria SRF nº 1.671, de 16/06/2005, publicada no DOU de 20/06/2005, resolve:</p><p>Conceder aposentadoria voluntária integral ao servidor PAULO CÉZAR BARRETO CARNEIRO, ocupante do cargo de Auditor-Fiscal da Receita Federal do Brasil, Classe S, Padrão III, matrícula SIAPE nº 0125345, e SIAPECAD nº 00005040, do Quadro Permanente do Ministério da Fazenda, com fundamento legal no artigo 3º da Emenda Constitucional nº 47/2005. Processo nº 10530.000317/2017-68.</p><p class="assina">Etevaldo Inácio Oliveira Carneiro</p>]]></Texto>
  </body>
</article></xml>