﻿<xml><article id="2388194" name="PORTARIAS CENTRO 2017 I - DOU" idOficio="4729703" pubName="DO2" artType="Portaria" pubDate="04/04/2018" artClass="00011:00135:00006:00000:00000:00000:00000:00000:00000:00000:00025:00001" artCategory="Ministério da Educação/Universidade Federal de Santa Maria/Centro de Ciências Sociais e Humanas" artSize="8" artNotes="" numberPage="27" pdfPage="http://pesquisa.in.gov.br/imprensa/jsp/visualiza/index.jsp?data=04/04/2018&amp;jornal=529&amp;pagina=27" editionNumber="64" highlight="" idMateria="10636724">
  <body>
    <Identifica><![CDATA[ PORTARIA Nº 65, DE 27 DE MARÇO DE 2018]]></Identifica>
    <Data><![CDATA[]]></Data>
    <Ementa />
    <Titulo />
    <SubTitulo />
    <Texto><![CDATA[<p class="identifica">PORTARIA Nº 65, DE 27 DE MARÇO DE 2018</p><p>O DIRETOR DO CENTRO DE CIÊNCIAS SOCIAIS E HUMANAS, da Universidade Federal de Santa Maria, no uso de suas atribuições legais e estatutárias, e competência delegada pelo Magnífico Reitor desta Universidade, através da Portaria n. 55.927, de 29 de setembro de 2009, resolve:</p><p>DESIGNAR a servidora SANDRA DALCUL DEPEXE, SIAPE 2663429, ocupante do cargo de Professor de 3º Grau, do Quadro Único de Pessoal da UFSM, para exercer a Função de Coordenador do Curso de Comunicação Social - Produção Editorial, Código FCC.068 (FUC-0001), para um mandato de dois anos a partir da publicação no Diário Oficial da União.</p><p class="assina">MAURI LEODIR LÖBLER</p>]]></Texto>
  </body>
</article></xml>