﻿<xml><article id="2341929" name="PORTARIA GPR 549" idOficio="4728390" pubName="DO2" artType="Portaria" pubDate="02/04/2018" artClass="00038:00039:00002:00000:00000:00000:00000:00000:00000:00000:00025:00006" artCategory="Poder Judiciário/Tribunal de Justiça do Distrito Federal e dos Territórios/Presidência" artSize="8" artNotes="" numberPage="82" pdfPage="http://pesquisa.in.gov.br/imprensa/jsp/visualiza/index.jsp?data=02/04/2018&amp;jornal=529&amp;pagina=82" editionNumber="62" highlight="" idMateria="10634046">
  <body>
    <Identifica><![CDATA[ PORTARIA nº 549, DE 23 DE MARÇO DE 2018]]></Identifica>
    <Data><![CDATA[]]></Data>
    <Ementa />
    <Titulo />
    <SubTitulo />
    <Texto><![CDATA[<p class="identifica">PORTARIA nº 549, DE 23 DE MARÇO DE 2018</p><p>O PRESIDENTE DO TRIBUNAL DE JUSTIÇA DO DISTRITO FEDERAL E DOS TERRITÓRIOS, no uso de sua competência legal e tendo em vista o contido no PA N. 1000272/2018, resolve:</p><p>Art. 1º Designar BETANIA MARTINS PITANGA, matrícula N. 317.441, Técnico Judiciário, Área Administrativa, do Quadro de Pessoal deste Tribunal, para exercer a Função Comissionada, FC-03, de Assistente da 2ª Vara de Família e de Órfãos e Sucessões da Circunscrição Judiciária do Paranoá.</p><p>Art. 2º Esta Portaria entra em vigor na data de sua publicação.</p><p class="assina">Des. MARIO MACHADO</p>]]></Texto>
  </body>
</article></xml>