﻿<xml><article id="2341370" name="trt9a70-2018 CODAF 47" idOficio="4726218" pubName="DO2" artType="Portaria" pubDate="02/04/2018" artClass="00038:00048:00001:00001:00017:00000:00000:00000:00000:00000:00025:00001" artCategory="Poder Judiciário/Tribunal Regional do Trabalho da 9ª Região/Tribunal Pleno/Presidência/Coordenadoria de Dados Funcionais" artSize="8" artNotes="" numberPage="85" pdfPage="http://pesquisa.in.gov.br/imprensa/jsp/visualiza/index.jsp?data=02/04/2018&amp;jornal=529&amp;pagina=85" editionNumber="62" highlight="" idMateria="10630188">
  <body>
    <Identifica><![CDATA[ PORTARIA   Nº 47, DE 26 DE MARÇO DE 2018 ]]></Identifica>
    <Data><![CDATA[]]></Data>
    <Ementa />
    <Titulo />
    <SubTitulo />
    <Texto><![CDATA[<p class="identifica">PORTARIA Nº 47, DE 26 DE MARÇO DE 2018</p><p>O CHEFE DA DIVISÃO DE DADOS FUNCIONAIS DO TRIBUNAL REGIONAL DO TRABALHO DA 9ª REGIÃO, usando de suas atribuições legais, e diante do disposto nos DES ADG 2661/2016 e DES GABSGP 1175/2016, resolve:</p><p>I - designar ALANA ISLY DE LIMA WANDERLEY BROETTO, Analista Judiciária Área Judiciária, classe C, padrão 13, para EXERCER o Cargo em Comissão de Assistente de Diretor de Secretaria (c-5135), código TRT 9ª CJ-1, 02ª Vara do Trabalho de Paranaguá, a partir da data da publicação até 01/07/2018, dispensando-a da Função Comissionada de Assistente de Juiz (c-5300), código TRT 9ª FC-5, desta unidade, a partir da mesma data (Documento Eletrônico nº 1/2018); II - dispensar RENATA POLLYANNA PEDROSA DE ARAUJO NASCIMENTO, Técnica Judiciária Área Administrativa, classe B, padrão 8, do Cargo em Comissão de Assistente de Diretor de Secretaria (c-5135), código TRT 9ª CJ-1, 02ª Vara do Trabalho de Paranaguá, a partir da data de publicação (Documento Eletrônico nº 1/2018).</p><p class="assina">FERNANDO CESAR BELINCANTA</p><p></p>]]></Texto>
  </body>
</article></xml>