﻿<xml><article id="2342031" name="Portaria TRT-GP 131-2018 - Dispe" idOficio="4728249" pubName="DO2" artType="Portaria" pubDate="02/04/2018" artClass="00038:00060:00000:00000:00000:00000:00000:00000:00000:00000:00001:00008" artCategory="Poder Judiciário/Tribunal Regional do Trabalho da 21ª Região/Presidência" artSize="8" artNotes="" numberPage="89" pdfPage="http://pesquisa.in.gov.br/imprensa/jsp/visualiza/index.jsp?data=02/04/2018&amp;jornal=529&amp;pagina=89" editionNumber="62" highlight="" idMateria="10633813">
  <body>
    <Identifica><![CDATA[ PORTARIA Nº 131, DE 22 DE MARÇO DE 2018 ]]></Identifica>
    <Data><![CDATA[]]></Data>
    <Ementa />
    <Titulo />
    <SubTitulo />
    <Texto><![CDATA[<p class="identifica">PORTARIA Nº 131, DE 22 DE MARÇO DE 2018</p><p>O DESEMBARGADOR VICE-PRESIDENTE DO TRIBUNAL REGIONAL DO TRABALHO DA 21ª REGIÃO, no uso de suas atribuições legais e regimentais,</p><p>Considerando as disposições contidas nos artigos 25, inciso XV, e 27, I, do Regimento Interno;</p><p>Considerando os termos do PROAD n 1333/2018, resolve:</p><p>Dispensar JACKSON MÁRCIO NOBRE DE QUEIROZ, matrícula 308.21.0329, da Função Comissionada de Assistente (FC-02/nº 1212), da 6ª Vara do Trabalho de Natal, com efeitos a contar da publicação da presente Portaria.</p><p></p><p class="assina">Des. AUXILIADORA RODRIGUES</p>]]></Texto>
  </body>
</article></xml>