﻿<xml><article id="2341526" name="DOU - DEIMYSON ALCÂNTARA FRANÇA-" idOficio="4727649" pubName="DO2" artType="Portaria" pubDate="02/04/2018" artClass="00038:00029:00000:00000:00000:00000:00000:00000:00000:00000:00025:00001" artCategory="Poder Judiciário/Tribunal Regional Eleitoral do Piauí" artSize="8" artNotes="" numberPage="81" pdfPage="http://pesquisa.in.gov.br/imprensa/jsp/visualiza/index.jsp?data=02/04/2018&amp;jornal=529&amp;pagina=81" editionNumber="62" highlight="" idMateria="10633001">
  <body>
    <Identifica><![CDATA[ PORTARIA nº 322, de 20 de março de 2018 ]]></Identifica>
    <Data><![CDATA[]]></Data>
    <Ementa />
    <Titulo />
    <SubTitulo />
    <Texto><![CDATA[<p class="identifica">PORTARIA nº 322, de 20 de março de 2018</p><p>O DESEMBARGADOR FRANCISCO ANTÔNIO PAES LANDIM FILHO, PRESIDENTE DO EGRÉGIO TRIBUNAL REGIONAL ELEITORAL DO PIAUÍ, no uso de suas atribuições legais e,</p><p>Considerando a solicitação contida no Ofício nº 22/2018 - 14ª Zona Eleitoral (documento digital PAD nº 15.082/2018, de 19 de março de 2018), resolve:</p><p>Art. 1º Fica dispensado o servidor DEIMYSON ALCÂNTARA FRANÇA, Técnico Judiciário, Área Administrativa, matrícula nº 594, do Quadro de Pessoal deste Regional, da Função Comissionada de Chefe de Cartório (FC-6), da 14ª Zona Eleitoral sediada em Uruçuí.</p><p>Art. 2º Fica lotado, até 31 de dezembro de 2018, o servidor citado no artigo 1º, no Serviço de Imprensa e Comunicação Social, da Presidência deste Tribunal.</p><p>Art. 3º Esta portaria entra em vigor na data de sua publicação.</p><p class="assina">Des. FRANCISCO ANTÔNIO PAES LANDIM FILHO</p>]]></Texto>
  </body>
</article></xml>