﻿<xml><article id="2342385" name="ATO GP 152_2018_APOSENTADORIA DE" idOficio="4729310" pubName="DO2" artType="Ato" pubDate="02/04/2018" artClass="00038:00005:00001:00000:00000:00000:00000:00000:00000:00000:00001:00002" artCategory="Poder Judiciário/Tribunal Superior do Trabalho/Presidência" artSize="8" artNotes="" numberPage="69" pdfPage="http://pesquisa.in.gov.br/imprensa/jsp/visualiza/index.jsp?data=02/04/2018&amp;jornal=529&amp;pagina=69" editionNumber="62" highlight="" idMateria="10636025">
  <body>
    <Identifica><![CDATA[ ATO Nº 152, DE 27 DE MARÇO DE 2018]]></Identifica>
    <Data><![CDATA[]]></Data>
    <Ementa />
    <Titulo />
    <SubTitulo />
    <Texto><![CDATA[<p class="identifica">ATO Nº 152, DE 27 DE MARÇO DE 2018</p><p>O PRESIDENTE DO TRIBUNAL SUPERIOR DO TRABALHO, no uso de suas atribuições legais e regimentais e tendo em vista o constante no Processo Administrativo TST nº 501.741/2018-0, resolve:</p><p>Conceder aposentadoria voluntária por tempo de contribuição, com proventos integrais, ao servidor JOSÉ INÁCIO FERNANDES, código 29564, no cargo da Carreira Judiciária de Analista Judiciário, Área Judiciária, Classe C, Padrão 13, com fundamento no art. 3º, incisos I a III, e parágrafo único, da Emenda Constitucional nº 47/2005; e no art. 62-A da Lei nº 8.112/1990, com redação dada pelo art. 3º da Medida Provisória nº 2.225-45/2001.</p><p class="assina">Min. JOÃO BATISTA BRITO PEREIRA</p>]]></Texto>
  </body>
</article></xml>