﻿<xml><article id="2341920" name="ATO TRT5 92-2018 c.tabela" idOficio="4728296" pubName="DO2" artType="Ato" pubDate="02/04/2018" artClass="00038:00044:00001:00000:00000:00000:00000:00000:00000:00000:00001:00001" artCategory="Poder Judiciário/Tribunal Regional do Trabalho da 5ª Região/Presidência" artSize="12" artNotes="" numberPage="75" pdfPage="http://pesquisa.in.gov.br/imprensa/jsp/visualiza/index.jsp?data=02/04/2018&amp;jornal=529&amp;pagina=75" editionNumber="62" highlight="" idMateria="10633832">
  <body>
    <Identifica><![CDATA[  ATO Nº  92, DE 26 DE MARÇO DE 2018 ]]></Identifica>
    <Data><![CDATA[]]></Data>
    <Ementa />
    <Titulo />
    <SubTitulo />
    <Texto><![CDATA[<p class="identifica">ATO Nº 92, DE 26 DE MARÇO DE 2018</p><p>A CORREGEDORA DO TRIBUNAL REGIONAL DO TRABALHO DA QUINTA REGIÃO, NO EXERCÍCIO DA PRESIDÊNCIA, no uso de suas atribuições legais e regimentais, estabelecidas no inciso XI do art. 45 do Regimento Interno; em conformidade com a Constituição Federal; com base na Lei nº 8.112/90 e na Lei nº 7.853/1989, regulamentada pelo Decreto nº 3298/1999 e suas alterações; no Decreto nº 5296/2004; conforme a Resolução CSJT nº 47/2008; de acordo com as Resoluções Administrativas TRT5 nº 030/2003 e 002/2004, publicadas no Diário Oficial do TRT 5ª Região em 24/10/2003 e 15/01/2004, respectivamente; e de acordo com os Proads nº 2125/2015, 2371/2015 e 5955/2016, RESOLVE: Art. 1º TORNAR SEM EFEITO as nomeações dos candidatos constantes nos Anexos I, III, V e VII deste ato, pelas razões neles elencadas.Art. 2º NOMEAR, na forma dos Anexos II, IV, VI e VIII para os cargos ali indicados, seguindo a ordem classificatória, os candidatos habilitados no Concurso Público deste Tribunal, realizado em 2013, homologado mediante a Resolução Administrativa TRT5 nº 028/2014, divulgada no DJE TRT5 de 29/04/2014, cujo extrato foi publicado no Diário Oficial da União em 30/04/2014, com prorrogação da validade mediante RA TRT5 nº 11/2016, publicada no Diário Oficial da União em 31/03/2016.</p><p>ANEXO I DO ATO TRT5 Nº 0092/2018</p><p>Cargo: Analista Judiciário/Judiciária</p><p></p><table><tr /><tr><td><p>Class.</p></td><td><p>Candidato</p></td><td><p>Ato de nomeação</p></td><td><p>Motivo</p></td></tr><tr><td><p>47ª</p></td><td><p>CARLA FELIX LINO FIGUEREDO</p></td><td><p>TRT5 - 064/2018</p><p>(DOU de 06/03/2018)</p></td><td><p>Manifestação de desistência.</p></td></tr></table><p>Cargo: Técnico Judiciário/Administrativa</p><p></p><table><tr /><tr><td><p>Class.</p></td><td><p>Candidato</p></td><td><p>Ato de nomeação</p></td><td><p>Motivo</p></td></tr><tr><td><p>210ª</p></td><td><p>RAIMUNDO DAYWID COSTA DIOGENES</p></td><td><p>TRT5 - 064/2018</p><p>(DOU de 06/03/2018)</p></td><td><p>Manifestação de desistência.</p></td></tr><tr><td><p>223ª</p></td><td><p>RAILDA GABRIELA FERREIRA MATOS LADEIA</p></td><td><p>TRT5 - 064/2018</p><p>(DOU de 06/03/2018)</p></td><td><p>Manifestação de desistência.</p></td></tr></table><p>ANEXO II DO ATO TRT5 Nº 0092/2018</p><p>Cargo: Analista Judiciário/Judiciária</p><p></p><table><tr /><tr><td><p>Class.</p></td><td><p>Candidato</p></td><td><p>Origem da vaga</p></td></tr><tr><td><p>51ª</p></td><td><p>RAISSA CORTEZ TEIXEIRA DE CARVALHO</p></td><td><p>Aposentadoria de Nelina Borba de Souza e Benevides.</p></td></tr><tr><td><p>52ª</p></td><td><p>ISABELLE VIRGINIA MELO FERNANDES BATISTA</p></td><td><p>Aposentadoria de Jacqueline Xavier Torres.</p></td></tr></table><p>Cargo: Técnico Judiciário/Administrativa</p><p></p><table><tr /><tr><td><p>Class.</p></td><td><p>Candidato</p></td><td><p>Origem da vaga</p></td></tr><tr><td><p>227ª</p></td><td><p>NILO SERGIO DE OLIVEIRA JUNIOR</p></td><td><p>Declaração de vacância de Leila de Andrade Barreto.</p></td></tr><tr><td><p>229ª</p></td><td><p>PATRICIA ARAUJO RIBEIRO</p></td><td><p>Aposentadoria de Maria Esther Gondim Brandão.</p></td></tr><tr><td><p>230ª</p></td><td><p>CARLOS EDUARDO SANTOS ALMEIDA</p></td><td><p>Aposentadoria de Luis Jorge Almeida Cavalcanti.</p></td></tr><tr><td><p>231ª</p></td><td><p>CAROLINA REHEM SILVA</p></td><td><p>Aposentadoria de Ana Lucia Lima Belarmino</p></td></tr><tr><td><p>232ª</p></td><td><p>RODRIGO SALVADORI MORTARI</p></td><td><p>Aposentadoria de Maria das Graças Monteiro de Sousa Counago.</p></td></tr><tr><td><p>15ª da relação específica</p></td><td><p>ALEX DE JESUS DE BRITO</p></td><td><p>Aposentadoria de Zilailson Braga de Oliveira.</p></td></tr><tr><td><p>233ª</p></td><td><p>MARGARETH FERNANDES FERREIRA</p></td><td><p>Aposentadoria de Raimunda Cristina Brito dos Santos.</p></td></tr><tr><td><p>234ª</p></td><td><p>THAISA ARAUJO BARRETO BASTOS</p></td><td><p>Aposentadoria de Edmundo Bispo de Almeida.</p></td></tr><tr><td><p>235ª</p></td><td><p>LARISSA MARTINS DE QUEIROZ</p></td><td><p>Aposentadoria de Maria Lourdes Brites Guimarães França.</p></td></tr><tr><td><p>236ª</p></td><td><p>ANDREA LUISA NUNES DE SANTANA</p></td><td><p>Aposentadoria de Manoel Gustavo Bispo Filho.</p></td></tr></table><p>ANEXO III DO ATO TRT5 Nº 0092/2018</p><p>Cargo: Técnico Judiciário/Administrativa</p><p></p><table><tr /><tr><td><p>Class.</p></td><td><p>Candidato</p></td><td><p>Ato de nomeação</p></td><td><p>Motivo</p></td></tr><tr><td><p>227ª</p></td><td><p>NILO SERGIO DE OLIVEIRA JUNIOR</p></td><td><p>TRT5-0092/2018</p></td><td><p>Manifestação de desistência.</p></td></tr><tr><td><p>232ª</p></td><td><p>RODRIGO SALVADORI MORTARI</p></td><td><p>TRT5-0092/2018</p></td><td><p>Manifestação de desistência.</p></td></tr></table><p>ANEXO IV DO ATO TRT5 Nº 0092/2018</p><p>Cargo: Técnico Judiciário/Administrativa</p><p></p><table><tr /><tr><td><p>Class.</p></td><td><p>Candidato</p></td><td><p>Origem da vaga</p></td></tr><tr><td><p>237ª</p></td><td><p>MARIANA GARCIA DE SOUZA DANTAS</p></td><td><p>Declaração de vacância de Leila de Andrade Barreto.</p></td></tr><tr><td><p>238ª</p></td><td><p>ERICA MARIA CESPEDES REIS</p></td><td><p>Aposentadoria de Maria das Graças Monteiro de Sousa Counago.</p></td></tr></table><p>ANEXO V DO ATO TRT5 Nº 0092/2018</p><p>Cargo: Técnico Judiciário/Administrativa</p><p></p><table><tr /><tr><td><p>Class.</p></td><td><p>Candidato</p></td><td><p>Ato de nomeação</p></td><td><p>Motivo</p></td></tr><tr><td><p>238ª</p></td><td><p>ERICA MARIA CESPEDES REIS</p></td><td><p>TRT5-0092/2018</p></td><td><p>Manifestação de desistência.</p></td></tr></table><p>ANEXO VI DO ATO TRT5 Nº 0092/2018</p><p>Cargo: Técnico Judiciário/Administrativa</p><p></p><table><tr /><tr><td><p>Class.</p></td><td><p>Candidato</p></td><td><p>Origem da vaga</p></td></tr><tr><td><p>239ª</p></td><td><p>PAULA MAYORAL PEDROSO DA SILVA</p></td><td><p>Aposentadoria de Maria das Graças Monteiro de Sousa Counago.</p></td></tr></table><p>ANEXO VII DO ATO TRT5 Nº 0092/2018</p><p>Cargo: Técnico Judiciário/Administrativa</p><p></p><table><tr /><tr><td><p>Class.</p></td><td><p>Candidato</p></td><td><p>Ato de nomeação</p></td><td><p>Motivo</p></td></tr><tr><td><p>239ª</p></td><td><p>PAULA MAYORAL PEDROSO DA SILVA</p></td><td><p>TRT5-0092/2018</p></td><td><p>Manifestação de desistência.</p></td></tr></table><p>ANEXO VIII DO ATO TRT5 Nº 0092/2018</p><p>Cargo: Técnico Judiciário/Administrativa</p><p></p><table><tr /><tr><td><p>Class.</p></td><td><p>Candidato</p></td><td><p>Origem da vaga</p></td></tr><tr><td><p>240ª</p></td><td><p>ALYSSON WAGNER BRITO FERREIRA</p></td><td><p>Aposentadoria de Maria das Graças Monteiro de Sousa Counago.</p></td></tr></table><p></p><p class="assina">DALILA NASCIMENTO ANDRADE</p>]]></Texto>
  </body>
</article></xml>