﻿<xml><article id="2378911" name="367_370_Prorroga_Contrato_Profes" idOficio="4729543" pubName="DO2" artType="Portaria" pubDate="03/04/2018" artClass="00011:00003:00000:00000:00000:00000:00000:00000:00000:00000:00025:00003" artCategory="Ministério da Educação/Centro Federal de Educação Tecnológica Celso Suckow da Fonseca" artSize="8" artNotes="" numberPage="10" pdfPage="http://pesquisa.in.gov.br/imprensa/jsp/visualiza/index.jsp?data=03/04/2018&amp;jornal=529&amp;pagina=10" editionNumber="63" highlight="" idMateria="10636330">
  <body>
    <Identifica><![CDATA[ RETIFICAÇÃO]]></Identifica>
    <Data><![CDATA[]]></Data>
    <Ementa />
    <Titulo />
    <SubTitulo />
    <Texto><![CDATA[<p class="identifica">RETIFICAÇÃO</p><p>Nas Portarias de 20 de março de 2018, publicadas no DOU de 29/3/2018, Seção 2, pág. 16, onde se lê: Art. 2º 67, Art. 2º 68, Art. 2º 69 e Art. 2º 70, leia-se: Nºs 367, 368, 369 e 370.</p><p>(p/Coejo)</p>]]></Texto>
  </body>
</article></xml>