﻿<xml><article id="2341496" name="José Alberto Monteiro da Rocha L" idOficio="4726893" pubName="DO2" artType="Portaria" pubDate="02/04/2018" artClass="00017:00021:00037:00000:00000:00000:00000:00000:00000:00000:00025:00001" artCategory="Ministério da Saúde/Fundação Nacional de Saúde/Superintendência Estadual no Rio de Janeiro" artSize="8" artNotes="" numberPage="49" pdfPage="http://pesquisa.in.gov.br/imprensa/jsp/visualiza/index.jsp?data=02/04/2018&amp;jornal=529&amp;pagina=49" editionNumber="62" highlight="" idMateria="10631735">
  <body>
    <Identifica><![CDATA[ PORTARIA Nº 1.465, DE 15 DE MARÇO DE 2018 ]]></Identifica>
    <Data><![CDATA[]]></Data>
    <Ementa />
    <Titulo />
    <SubTitulo />
    <Texto><![CDATA[<p class="identifica">PORTARIA Nº 1.465, DE 15 DE MARÇO DE 2018</p><p>O SUPERINTENDENTE ESTADUAL DA FUNDAÇÃO NACIONAL DE SAÚDE NO ESTADO DO RIO DE JANEIRO, nomeado pela Portaria nº 578 de 28/07/2016, publicada no DOU nº 145 de 29/07/2016 e no uso de suas atribuições conforme o Decreto nº 8.867 de 03/10/2016, publicado no DOU do dia subsequente, resolve:</p><p>Art. 1º Aposentar o servidor JOSÉ ALBERTO MONTEIRO DA ROCHA LOPES, Matrícula SIAPE nº.0236019, ocupante do cargo de Técnico em Assuntos Educacionais, Classe "S", Padrão III, do Quadro de Pessoal da Fundação Nacional de Saúde, com proventos integrais, com fundamento no Artigo 3º, incisos I, II e III da Emenda Constitucional nº. 47/2005, compreendendo o Vencimento Básico do cargo efetivo, Adicional por Tempo de Serviço e Gratificação de Desempenho da Carreira da Previdência, da Saúde e do Trabalho - GDPST. Processo nº. 25245.000298/2018-43.</p><p>Art. 2º Declarar vago o cargo referido no artigo 1º.</p><p>Art. 3º Esta Portaria entra em vigor na data de sua publicação.</p><p class="assina">CARLOS HENRIQUE NETTO VAZ</p><p></p>]]></Texto>
  </body>
</article></xml>