﻿<xml><article id="2342028" name="PORTARIA STJ N. 72-2018" idOficio="4728268" pubName="DO2" artType="Portaria" pubDate="02/04/2018" artClass="00038:00004:00001:00000:00000:00000:00000:00000:00000:00000:00025:00001" artCategory="Poder Judiciário/Superior Tribunal de Justiça/Presidência" artSize="8" artNotes="" numberPage="77" pdfPage="http://pesquisa.in.gov.br/imprensa/jsp/visualiza/index.jsp?data=02/04/2018&amp;jornal=529&amp;pagina=77" editionNumber="62" highlight="" idMateria="10633824">
  <body>
    <Identifica><![CDATA[ PORTARIA Nº 72, DE 26 DE MARÇO DE 2018]]></Identifica>
    <Data><![CDATA[]]></Data>
    <Ementa />
    <Titulo />
    <SubTitulo />
    <Texto><![CDATA[<p class="identifica">PORTARIA Nº 72, DE 26 DE MARÇO DE 2018</p><p>A PRESIDENTE DO SUPERIOR TRIBUNAL DE JUSTIÇA, usando da atribuição conferida pelo art. 21, XXV, do Regimento Interno e considerando o que consta do Processo STJ n. 6169/2018, resolve:</p><p>Conceder aposentadoria à servidora Genoveva Maria da Conceição Neta, matrícula S022343, no cargo de Técnico Judiciário, Área Administrativa, classe C, padrão 13, do quadro de pessoal do Tribunal, nos termos do art. 3º da Emenda Constitucional n. 47, de 5 de julho de 2005, e do art. 15, III, da Lei n. 11.416, de 15 de dezembro de 2006, alterada pelas Leis n. 12.774, de 28 de dezembro de 2012, e n. 13.317, de 20 de julho de 2016.</p><p class="assina">Ministra LAURITA VAZ</p>]]></Texto>
  </body>
</article></xml>