﻿<xml><article id="2341376" name="443.HANNA-18" idOficio="4727298" pubName="DO2" artType="Portaria" pubDate="02/04/2018" artClass="00034:00008:00001:00004:00000:00000:00000:00000:00000:00000:00025:00001" artCategory="Ministério Público da União/Ministério Público do Trabalho/Procuradoria-Geral/Diretoria-Geral" artSize="8" artNotes="" numberPage="74" pdfPage="http://pesquisa.in.gov.br/imprensa/jsp/visualiza/index.jsp?data=02/04/2018&amp;jornal=529&amp;pagina=74" editionNumber="62" highlight="" idMateria="10632355">
  <body>
    <Identifica><![CDATA[ PORTARIA Nº 443, DE 26 DE MARÇO DE 2018]]></Identifica>
    <Data><![CDATA[]]></Data>
    <Ementa />
    <Titulo />
    <SubTitulo />
    <Texto><![CDATA[<p class="identifica">PORTARIA Nº 443, DE 26 DE MARÇO DE 2018</p><p>A DIRETORA-GERAL ADJUNTA DO MINISTÉRIO PÚBLICO DO TRABALHO, no uso da competência que lhe foi delegada pela Portaria MPT-PGT nº 86, de 30 de março de 2016, e o que consta no PGEA nº 00027.2018.15.907-5, resolve:</p><p>Art. 1º Exonerar, a contar de 2.4.2018, o servidor HANNA LONGO MADI, matrícula 6008145, do cargo em comissão de Assessor Jurídico do 1º Ofício Geral da Procuradoria do Trabalho no Município de São José do Rio Preto, código CC-2, da Procuradoria Regional do Trabalho da 15ª Região/Campinas/SP.</p><p class="assina">SANDRA CRISTINA DE ARAÚJO</p>]]></Texto>
  </body>
</article></xml>