﻿<xml><article id="2341394" name="Port_0204_2018-9-30" idOficio="4727638" pubName="DO2" artType="Portaria" pubDate="02/04/2018" artClass="00011:00134:00001:00001:00000:00000:00000:00000:00000:00000:00025:00001" artCategory="Ministério da Educação/Universidade Federal de Santa Catarina/Reitoria/Gabinete do Reitor" artSize="8" artNotes="" numberPage="35" pdfPage="http://pesquisa.in.gov.br/imprensa/jsp/visualiza/index.jsp?data=02/04/2018&amp;jornal=529&amp;pagina=35" editionNumber="62" highlight="" idMateria="10632967">
  <body>
    <Identifica><![CDATA[ PORTARIA Nº 655, DE 27 DE Março DE 2018 ]]></Identifica>
    <Data><![CDATA[]]></Data>
    <Ementa />
    <Titulo />
    <SubTitulo />
    <Texto><![CDATA[<p class="identifica">PORTARIA Nº 655, DE 27 DE Março DE 2018</p><p>O REITOR PRO TEMPORE DA UNIVERSIDADE FEDERAL DE SANTA CATARINA, no uso de suas atribuições, resolve:</p><p>Art. 1º Designar ANDREA ANNELIESE REICHMUTH DAY, médico/área, MASIS nº 194853, SIAPE nº 2131632, para exercer a função de diretora de medicina do Hospital Universitário.</p><p>Art. 2º Atribuir à servidora o cargo de direção código CD-4, integrante do Quadro Distributivo de Cargos de Direção e Funções Gratificadas.</p><p>Art. 3º Alterar o regime de trabalho de ANDREA ANNELIESE REICHMUTH DAY, de vinte para quarenta horas semanais, tendo em vista sua designação para exercer o cargo de diretora de medicina do Hospital Universitário.</p><p>Art. 4º A presente alteração de regime de trabalho vigorará durante o período em que a servidora permanecer no exercício do cargo mencionado no art. 1º.</p><p>Art. 5º Esta portaria entra em vigor na data de sua publicação no Diário Oficial da União.(Ref. Solicitação 16343/2018).</p><p class="assina">UBALDO CESAR BALTHAZAR</p>]]></Texto>
  </body>
</article></xml>