﻿<xml><article id="2341505" name="441.TAWINY-RICARDO-18" idOficio="4727164" pubName="DO2" artType="Portaria" pubDate="02/04/2018" artClass="00034:00008:00001:00004:00000:00000:00000:00000:00000:00000:00025:00001" artCategory="Ministério Público da União/Ministério Público do Trabalho/Procuradoria-Geral/Diretoria-Geral" artSize="8" artNotes="" numberPage="74" pdfPage="http://pesquisa.in.gov.br/imprensa/jsp/visualiza/index.jsp?data=02/04/2018&amp;jornal=529&amp;pagina=74" editionNumber="62" highlight="" idMateria="10632131">
  <body>
    <Identifica><![CDATA[ PORTARIA Nº441, DE 26 DE MARÇO DE 2018]]></Identifica>
    <Data><![CDATA[]]></Data>
    <Ementa />
    <Titulo />
    <SubTitulo />
    <Texto><![CDATA[<p class="identifica">PORTARIA Nº441, DE 26 DE MARÇO DE 2018</p><p>A DIRETORA-GERAL ADJUNTA DO MINISTÉRIO PÚBLICO DO TRABALHO, no uso das atribuições que lhe foram delegadas pela Portaria MPT-DG nº 86, de 30 de março de 2016 e o que consta no PGEA/MPT nº 000230.2018.12.900/2, resolve:</p><p>Art. 1º Exonerar, a contar de 2.4.2018, a servidora TAWINY GONCALVES SCHAUCOSKI, matrícula 6006288, ocupante do cargo de Analista do MPU/Direito, do cargo em comissão de Assessor Jurídico do 11º Ofício Geral da Procuradoria Regional do Trabalho da 12ª Região/SC, código CC-2.</p><p>Art. 2º Nomear o servidor RICARDO FONTANA CANELLA, matrícula 6006825, ocupante do cargo de Técnico do MPU/Administração, para o cargo em comissão de Assessor Jurídico do 11º Ofício Geral da Procuradoria Regional do Trabalho da 12ª Região/SC, código CC-2.</p><p class="assina">SANDRA CRISTINA DE ARAÚJO</p>]]></Texto>
  </body>
</article></xml>