﻿<xml><article id="2342526" name="ra 11 e 12" idOficio="4729391" pubName="DO2" artType="Resolução" pubDate="02/04/2018" artClass="00038:00049:00000:00000:00000:00000:00000:00000:00000:00000:00031:00002" artCategory="Poder Judiciário/Tribunal Regional do Trabalho da 10ª Região" artSize="8" artNotes="" numberPage="85" pdfPage="http://pesquisa.in.gov.br/imprensa/jsp/visualiza/index.jsp?data=02/04/2018&amp;jornal=529&amp;pagina=85" editionNumber="62" highlight="" idMateria="10636125">
  <body>
    <Identifica><![CDATA[ RESOLUÇÕES  ADMINISTRATIVAS, DE 26 DE MARÇO DE 2018]]></Identifica>
    <Data><![CDATA[]]></Data>
    <Ementa />
    <Titulo />
    <SubTitulo />
    <Texto><![CDATA[<p class="identifica">RESOLUÇÕES ADMINISTRATIVAS, DE 26 DE MARÇO DE 2018</p><p>O egrégio Tribunal Regional do Trabalho da Décima Região, na 3.ª Sessão Plenária Ordinária Administrativa, realizada no dia 26 de março de 2018, às 16h, na Sala de Sessões Herácito Pena Júnior, sob a Presidência da Desembargadora MARIA REGINA MACHADO GUIMARÃES, presentes os Desembargadores MÁRCIA MAZONI CÚRCIO RIBEIRO - Vice-Presidente, FLÁVIA SIMÕES FALCÃO, MÁRIO MACEDO FERNANDES CARON, RICARDO ALENCAR MACHADO, ELAINE MACHADO VASCONCELOS, ANDRÉ RODRIGUES PEREIRA DA VEIGA DAMASCENO, PEDRO LUÍS VICENTIN FOLTRAN, ALEXANDRE NERY RODRIGUES DE OLIVEIRA, RIBAMAR LIMA JÚNIOR, DORIVAL BORGES DE SOUZA NETO, ELKE DORIS JUST, GRIJALBO FERNANDES COUTINHO, e o representante da d. Procuradoria Regional do Trabalho, Procurador-Chefe ERLAN JOSÉ PEIXOTO DO PRADO; ausentes os Desembargadores JOÃO AMÍLCAR PAVAN, momentaneamente, BRASILINO SANTOS RAMOS e JOSÉ LEONE CORDEIRO LEITE, ambos em período de férias, e CILENE FERREIRA AMARO SANTOS, convocada para o colendo Tribunal Superior do Trabalho,</p><p>Nº 11 - DECIDIU, por unanimidade, apreciando o contido no PA-SEI-17.0.000003813-0 - MA 33/2018, referendar a PORTARIA PRE/CDPES n.º 85/2018, publicada no Diário Oficial da União, Seção 2, página 47, de 9 de março de 2018, a qual concedeu "ad referendum" do Egrégio Tribunal Pleno, aposentadoria voluntária com proventos integrais à servidora ERNA VANY PIMENTEL ALTMANN, matrícula n.º 308.10.0601, no cargo efetivo de Analista Judiciário, Classe "C", Padrão 13, Área Administrativa, do Quadro de Pessoal Permanente deste Tribunal, com fundamento no artigo 6.º da Emenda Constitucional n.º 41/2003.</p><p>Nº 12 - DECIDIU, por unanimidade, apreciando o contido no PA-SEI-18.0.000001368-0 - MA 32/2018, aprovar a matéria na forma proposta pela Administração, baixando a Resolução Administrativa n.º 12/2018 - (1927): "Conceder aposentadoria voluntária com proventos integrais à servidora MARIA EULILIA CAVALCANTE AMORIM PONTES, matrícula n.º 308.10.1382, no cargo efetivo de Técnico Judiciário, Classe C, Padrão 13, Área Administrativa, do Quadro de Pessoal Permanente deste Tribunal, com fundamento no artigo 3.º da Emenda Constitucional n.º 47/2005."</p><p class="assina">MARIA REGINA MACHADO GUIMARÃES</p><p class="cargo">Desembargadora Presidente</p>]]></Texto>
  </body>
</article></xml>