﻿<xml><article id="2342883" name="2018-03-28/4731321/TCUWS_1063967" idOficio="4731321" pubName="DO2" artType="Portaria" pubDate="02/04/2018" artClass="00035:00008:00002:00000:00000:00000:00000:00000:00000:00000:00025:00001" artCategory="Tribunal de Contas da União/Secretaria-Geral de Administração/Secretaria de Gestão de Pessoas" artSize="8" artNotes="" numberPage="74" pdfPage="http://pesquisa.in.gov.br/imprensa/jsp/visualiza/index.jsp?data=02/04/2018&amp;jornal=529&amp;pagina=74" editionNumber="62" highlight="" idMateria="10639675">
  <body>
    <Identifica><![CDATA[ PORTARIA Nº 36, DE 28 DE MARÇO DE 2018]]></Identifica>
    <Data><![CDATA[]]></Data>
    <Ementa />
    <Titulo />
    <SubTitulo />
    <Texto><![CDATA[<p class="identifica">PORTARIA Nº 36, DE 28 DE MARÇO DE 2018</p><p>O SECRETÁRIO DE GESTÃO DE PESSOAS DO TRIBUNAL DE CONTAS DA UNIÃO, no uso das atribuições que lhe confere o disposto no inciso II, do art. 1° da Portaria n° 3, de 2 de janeiro de 2017, do Secretário-Geral de Administração deste Tribunal, resolve:</p><p>Art. 1º Dispensar, a pedido, a contar de 02 de abril de 2018, GUSTAVO ALESSANDRO TORMENA, Matrícula 7652-0, AUFC, da função de confiança de Diretor, código FC-4, exercida na 1ª Diretoria da Secretaria Extraordinária de Operações Especiais em Infraestrutura/SEGECEX.</p><p class="assina">FERNANDO LUIZ SOUZA DA EIRA</p>]]></Texto>
  </body>
</article></xml>