﻿<xml><article id="2342412" name="PORTARIA RECONDUÇÃO JERUSA" idOficio="4729891" pubName="DO2" artType="Portaria" pubDate="02/04/2018" artClass="00011:00064:00005:00000:00000:00000:00000:00000:00000:00000:00025:00001" artCategory="Ministério da Educação/Instituto Federal de Educação, Ciência e Tecnologia Goiano/Campus Rio Verde" artSize="8" artNotes="" numberPage="26" pdfPage="http://pesquisa.in.gov.br/imprensa/jsp/visualiza/index.jsp?data=02/04/2018&amp;jornal=529&amp;pagina=26" editionNumber="62" highlight="" idMateria="10636947">
  <body>
    <Identifica><![CDATA[ Portaria nº 91, de 28 de março de 2018]]></Identifica>
    <Data><![CDATA[]]></Data>
    <Ementa />
    <Titulo />
    <SubTitulo />
    <Texto><![CDATA[<p class="identifica">Portaria nº 91, de 28 de março de 2018</p><p>O DIRETOR-GERAL DO CAMPUS RIO VERDE DO ISNTITUTO FEDERAL DE EDUCAÇÃO, CIÊNCIA E TECNOLOGIA GOIANO, no uso das atribuições legais e tendo em vista o que consta no Processo nº 23218.000244/2018-81, resolve:</p><p>Reconduzir a partir de 02.04.2018, a servidora JERUSA LUZ MACHADO DE OLIVEIRA, Matrícula nº 1667197, ao cargo anteriormente ocupado de Assistente em Administração, Nível D-IV, Padrão 05, com fundamento no Art. 29, Inciso I, da Lei nº 8112/1990.</p><p class="assina">ANISIO CORREA DA ROCHA</p>]]></Texto>
  </body>
</article></xml>