﻿<xml><article id="2343066" name="Portaria Nº 60.921" idOficio="4730726" pubName="DO2" artType="Portaria" pubDate="02/04/2018" artClass="00011:00112:00000:00000:00000:00000:00000:00000:00000:00000:00025:00001" artCategory="Ministério da Educação/Universidade Federal Fluminense" artSize="8" artNotes="" numberPage="31" pdfPage="http://pesquisa.in.gov.br/imprensa/jsp/visualiza/index.jsp?data=02/04/2018&amp;jornal=529&amp;pagina=31" editionNumber="62" highlight="" idMateria="10638219">
  <body>
    <Identifica><![CDATA[ Portaria Nº 60.921 de 16 de março de 2018]]></Identifica>
    <Data><![CDATA[]]></Data>
    <Ementa />
    <Titulo />
    <SubTitulo />
    <Texto><![CDATA[<p class="identifica">Portaria Nº 60.921 de 16 de março de 2018</p><p>O REITOR da Universidade Federal Fluminense, no uso de suas atribuições, e tendo em vista o que consta do Processo nº 23069.051788/2017-80, resolve:</p><p>Aposentar por invalidez RENATA MEDEIROS GOMES CARNEIRO, matrícula SIAPE nº 2040009, ocupante do cargo Assistente em Administração, código 701/200, Nível de Classificação D, Nível de Capacitação II, Padrão de Vencimentos 02, do Quadro de Pessoal Permanente desta Universidade, código de vaga 239173, com fundamento no artigo 40, parágrafo 1º, inciso I, da Constituição Federal de 05/10/88 com a redação dada pela Emenda Constitucional nº 41/03, com proventos integrais calculados com base no artigo 1° da Lei n° 10.887/04.</p><p class="assina">SIDNEY LUIZ DE MATOS MELLO</p>]]></Texto>
  </body>
</article></xml>