﻿<xml><article id="2342574" name="ATO Nº TRF2-ATP-2018-00105 DE 21" idOficio="4729518" pubName="DO2" artType="Ato" pubDate="02/04/2018" artClass="00038:00008:00001:00000:00000:00000:00000:00000:00000:00000:00001:00007" artCategory="Poder Judiciário/Tribunal Regional Federal da 2ª Região/Presidência" artSize="8" artNotes="" numberPage="79" pdfPage="http://pesquisa.in.gov.br/imprensa/jsp/visualiza/index.jsp?data=02/04/2018&amp;jornal=529&amp;pagina=79" editionNumber="62" highlight="" idMateria="10636268">
  <body>
    <Identifica><![CDATA[ ATO Nº 105, DE 21 DE MARÇO DE 2018]]></Identifica>
    <Data><![CDATA[]]></Data>
    <Ementa />
    <Titulo />
    <SubTitulo />
    <Texto><![CDATA[<p class="identifica">ATO Nº 105, DE 21 DE MARÇO DE 2018</p><p>O PRESIDENTE DO TRIBUNAL REGIONAL FEDERAL DA 2ª REGIÃO, no uso de suas atribuições, e considerando o que consta do Procedimento Administrativo nº JFRJ-PES-2015/00377, resolve:</p><p>REVERTER para a atividade a servidora VALÉRIA FÉLIX GONÇALVES, do Quadro de Pessoal Inativo da Justiça Federal de Primeiro Grau - Seção Judiciária do Rio de Janeiro, no cargo de Analista Judiciário - Enfermagem, Classe "C", Padrão NS-12, de acordo com o art. 25, inciso I e § 1º da Lei nº 8.112-90, em interpretação conjunta com o art. 2º, inciso I, e art. 3º, do Decreto nº 3.644-2000.</p><p class="assina">ANDRÉ FONTES</p>]]></Texto>
  </body>
</article></xml>