﻿<xml><article id="2594847" name="A 665 Dispensar DOMINGOS QUINTEL" idOficio="4728687" pubName="DO2" artType="Portaria" pubDate="13/04/2018" artClass="00017:00001:00000:00000:00000:00000:00000:00000:00000:00000:00015:00008" artCategory="Ministério da Saúde/Gabinete do Ministro" artSize="8" artNotes="" numberPage="43" pdfPage="http://pesquisa.in.gov.br/imprensa/jsp/visualiza/index.jsp?data=13/04/2018&amp;jornal=529&amp;pagina=43" editionNumber="71" highlight="" idMateria="10634544">
  <body>
    <Identifica><![CDATA[ PORTARIA Nº 665, DE 20 DE MARÇO DE 2018]]></Identifica>
    <Data><![CDATA[]]></Data>
    <Ementa />
    <Titulo />
    <SubTitulo />
    <Texto><![CDATA[<p></p><p class="identifica">PORTARIA Nº 665, DE 20 DE MARÇO DE 2018</p><p>O CHEFE DE GABINETE DO MINISTRO DE ESTADO DA SAÚDE, no uso da competência que lhe foi delegada pela Portaria nº 761/GM/MS, de 13 de abril de 2011, resolve:</p><p>Dispensar, a partir de 13 de março de 2018, DOMINGOS QUINTELLA DE PAOLA da Função Comissionada Técnica de Assistente em Saúde II, código FCT-06, nº 30F.0121, do Hospital Federal dos Servidores do Estado, do Departamento de Gestão Hospitalar no Estado do Rio de Janeiro, da Secretaria de Atenção à Saúde.</p><p class="assina">PAULO ROBERTO REBELLO FILHO</p>]]></Texto>
  </body>
</article></xml>