﻿<xml><article id="2342949" name="Portarias nº 931" idOficio="4731156" pubName="DO2" artType="Portaria" pubDate="02/04/2018" artClass="00011:00026:00000:00000:00000:00000:00000:00000:00000:00000:00025:00001" artCategory="Ministério da Educação/Fundação Universidade Federal do Acre" artSize="8" artNotes="" numberPage="21" pdfPage="http://pesquisa.in.gov.br/imprensa/jsp/visualiza/index.jsp?data=02/04/2018&amp;jornal=529&amp;pagina=21" editionNumber="62" highlight="" idMateria="10639358">
  <body>
    <Identifica><![CDATA[ PORTARIA Nº 931, DE 27 DE MARÇO DE 2018]]></Identifica>
    <Data><![CDATA[]]></Data>
    <Ementa />
    <Titulo />
    <SubTitulo />
    <Texto><![CDATA[<p class="identifica">PORTARIA Nº 931, DE 27 DE MARÇO DE 2018</p><p>A VICE-REITORA NO EXERCÍCIO DA REITORIA DA UNIVERSIDADE FEDERAL DO ACRE, no uso das atribuições legais que lhe conferem o Art. 80, Inciso III, do Regimento Geral, e o que consta no processo nº 23107.004328/2018-40, resolve:</p><p>CONCEDER Aposentadoria Voluntária, com proventos integrais, ao servidor WALDISMAR ALVES LOPES, ocupante do cargo de Auxiliar de Agropecuária, Classe B, Padrão 116, Matrícula SIAPE n° 0414413, Identificação Única nº 4144139, Grupo/Cargo 701/611, Código de Vaga nº 324218, lotado na Coordenadoria de Vigilância a Saúde do Servidor, com fundamento no Art. 3º da Emenda Constitucional nº 47/2005, a contar da data de publicação no Diário Oficial da União.</p><p>DECLARAR vago, em decorrência, o cargo acima citado.</p><p class="assina">Margarida de Aquino Cunha</p>]]></Texto>
  </body>
</article></xml>