﻿<xml><article id="2342328" name="77-YASMIN BARRETO - EXO - DES" idOficio="4729473" pubName="DO2" artType="Portaria" pubDate="02/04/2018" artClass="00038:00004:00001:00000:00000:00000:00000:00000:00000:00000:00025:00002" artCategory="Poder Judiciário/Superior Tribunal de Justiça/Presidência" artSize="8" artNotes="" numberPage="77" pdfPage="http://pesquisa.in.gov.br/imprensa/jsp/visualiza/index.jsp?data=02/04/2018&amp;jornal=529&amp;pagina=77" editionNumber="62" highlight="" idMateria="10636280">
  <body>
    <Identifica><![CDATA[ PORTARIA Nº 77, DE 27 DE MARÇO DE 2018]]></Identifica>
    <Data><![CDATA[]]></Data>
    <Ementa />
    <Titulo />
    <SubTitulo />
    <Texto><![CDATA[<p class="identifica">PORTARIA Nº 77, DE 27 DE MARÇO DE 2018</p><p>A PRESIDENTE DO SUPERIOR TRIBUNAL DE JUSTIÇA, no uso da atribuição conferida pelo art. 21, XXV, do Regimento Interno e considerando o disposto no art. 35, II, da Lei n. 8.112, de 11 de dezembro de 1990, resolve:</p><p>Art. 1º Exonerar, a pedido, YASMIN BARRETO BELIAN, matrícula S064615, do cargo em comissão de Assessor de Ministro, código CJ-3, do Gabinete do Ministro Gurgel de Faria.</p><p>Art 2º Designar a servidora para a função de confiança de Assistente IV, código FC-4, do Gabinete do Ministro Rogerio Schietti Cruz, na vaga decorrente da dispensa de Simone Soares de Oliveira.</p><p>Art. 3º Esta portaria entra em vigor na data de sua publicação.</p><p class="assina">Ministra LAURITA VAZ</p>]]></Texto>
  </body>
</article></xml>