﻿<xml><article id="2342523" name="DOU TRF2-ATP-2018-00108" idOficio="4729242" pubName="DO2" artType="Ato" pubDate="02/04/2018" artClass="00038:00008:00001:00000:00000:00000:00000:00000:00000:00000:00001:00009" artCategory="Poder Judiciário/Tribunal Regional Federal da 2ª Região/Presidência" artSize="8" artNotes="" numberPage="80" pdfPage="http://pesquisa.in.gov.br/imprensa/jsp/visualiza/index.jsp?data=02/04/2018&amp;jornal=529&amp;pagina=80" editionNumber="62" highlight="" idMateria="10635906">
  <body>
    <Identifica><![CDATA[ ATO Nº 108, DE 23 DE MARÇO DE 2018]]></Identifica>
    <Data><![CDATA[]]></Data>
    <Ementa />
    <Titulo />
    <SubTitulo />
    <Texto><![CDATA[<p class="identifica">ATO Nº 108, DE 23 DE MARÇO DE 2018</p><p>O PRESIDENTE DO TRIBUNAL REGIONAL FEDERAL DA 2ª REGIÃO, no uso de suas atribuições, e considerando o que consta no Requerimento nº TRF2-EXT-2017/08847, resolve:</p><p>TORNAR SEM EFEITO, em virtude de desistência da posse, a nomeação do candidato DIOGO EDELE PIMENTEL, para exercer o cargo de Juiz Federal Substituto junto à 2ª Região, de que trata o Ato nº TRF2-ATP-2017/00494, de 11 de dezembro de 2017, publicado no Diário Oficial da União em 13.12.2017, nos termos do § 6º do art. 13 da Lei nº 8.112/90.</p><p class="assina">ANDRÉ FONTES</p>]]></Texto>
  </body>
</article></xml>