﻿<xml><article id="2342364" name="DOU_SP_02042018" idOficio="4729880" pubName="DO2" artType="Portaria" pubDate="02/04/2018" artClass="00037:00001:00002:00008:00001:00001:00000:00000:00000:00000:00025:00001" artCategory="Poder Legislativo/Câmara dos Deputados/Diretoria-Geral/Diretoria de Recursos Humanos/Departamento de Pessoal/Coordenação de Secretariado Parlamentar" artSize="8" artNotes="" numberPage="67" pdfPage="http://pesquisa.in.gov.br/imprensa/jsp/visualiza/index.jsp?data=02/04/2018&amp;jornal=529&amp;pagina=67" editionNumber="62" highlight="" idMateria="10636929">
  <body>
    <Identifica><![CDATA[   Portarias de 27 de março de 2018 ]]></Identifica>
    <Data><![CDATA[]]></Data>
    <Ementa />
    <Titulo />
    <SubTitulo />
    <Texto><![CDATA[<p class="identifica">Portarias de 27 de março de 2018</p><p>O Diretor da Coordenação de Secretariado Parlamentar, no uso das atribuições que lhe foram delegadas pelo artigo 1º da Portaria n.º 53, de 2002, do Senhor Diretor Administrativo, resolve:</p><p>Nº 1.303 - Exonerar, de acordo com o artigo 35 da Lei n.º 8.112, de 11 de dezembro de 1990, a partir de 27 de março de 2018, ANDREA SANTANA DE MENEZES, ponto n.º 166663, do cargo em comissão de Secretário Parlamentar, SP20, do Quadro de Pessoal da Câmara dos Deputados, que exerce no gabinete do(a) Deputado(a) GENECIAS NORONHA.</p><p>Nº 1.304 - Exonerar, de acordo com o artigo 35 da Lei n.º 8.112, de 11 de dezembro de 1990, a partir de 27 de março de 2018, RAIFF OTONIEL CARNEIRO, ponto n.º 182890, do cargo em comissão de Secretário Parlamentar, SP02, do Quadro de Pessoal da Câmara dos Deputados, que exerce no gabinete do(a) Deputado(a) AGUINALDO RIBEIRO.</p><p>Nº 1.305 - Exonerar, de acordo com o artigo 35 da Lei n.º 8.112, de 11 de dezembro de 1990, a partir de 27 de março de 2018, MARIA BETHANIA RAMOS DA SILVA TORRECILLAS, ponto n.º 182900, do cargo em comissão de Secretário Parlamentar, SP02, do Quadro de Pessoal da Câmara dos Deputados, que exerce no gabinete do(a) Deputado(a) MARCELO ALVARO ANTONIO.</p><p>Nº 1.306 - Exonerar, de acordo com o artigo 35 da Lei n.º 8.112, de 11 de dezembro de 1990, a partir de 27 de março de 2018, KAUANY CAROLINA GOMES DOS SANTOS, ponto n.º 245667, do cargo em comissão de Secretário Parlamentar, SP25, do Quadro de Pessoal da Câmara dos Deputados, que exerce no gabinete do(a) Deputado(a) ALBERTO FILHO.</p><p>Nº 1.307 - Exonerar, de acordo com o artigo 35 da Lei n.º 8.112, de 11 de dezembro de 1990, a partir de 27 de março de 2018, WOLMER DE AZEVEDO ARAÚJO, ponto n.º 248133, do cargo em comissão de Secretário Parlamentar, SP21, do Quadro de Pessoal da Câmara dos Deputados, que exerce no gabinete do(a) Deputado(a) DEOCLIDES MACEDO.</p><p>Nº 1.308 - Exonerar, de acordo com o artigo 35 da Lei n.º 8.112, de 11 de dezembro de 1990, a partir de 27 de março de 2018, MARIA ELIZABETE DE REZENDE, ponto n.º 249460, do cargo em comissão de Secretário Parlamentar, SP06, do Quadro de Pessoal da Câmara dos Deputados, que exerce no gabinete do(a) Deputado(a) FABIO REIS.</p><p>Nº 1.309 - Exonerar, de acordo com o artigo 35 da Lei n.º 8.112, de 11 de dezembro de 1990, a partir de 23 de março de 2018, EMERSON ALVES DE ARAÚJO, ponto n.º 250064, do cargo em comissão de Secretário Parlamentar, SP25, do Quadro de Pessoal da Câmara dos Deputados, que exerce no gabinete do(a) Deputado(a) HIRAN GONCALVES.</p><p>Nº 1.310 - Exonerar, de acordo com o artigo 35 da Lei n.º 8.112, de 11 de dezembro de 1990, a partir de 27 de março de 2018, VERA LUCIA MENEGALE BRAGA, ponto n.º 250968, do cargo em comissão de Secretário Parlamentar, SP21, do Quadro de Pessoal da Câmara dos Deputados, que exerce no gabinete do(a) Deputado(a) FABIO GARCIA.</p><p>Nº 1.311 - Exonerar, de acordo com o artigo 35 da Lei n.º 8.112, de 11 de dezembro de 1990, a partir de 27 de março de 2018, JANAYNA BATISTA DE SOUZA, ponto n.º 252263, do cargo em comissão de Secretário Parlamentar, SP21, do Quadro de Pessoal da Câmara dos Deputados, que exerce no gabinete do(a) Deputado(a) ROBERTO ALVES.</p><p>Nº 1.312 - Exonerar, de acordo com o artigo 35 da Lei n.º 8.112, de 11 de dezembro de 1990, a partir de 27 de março de 2018, NICOLAS DOMINGUES DOS SANTOS, ponto n.º 254972, do cargo em comissão de Secretário Parlamentar, SP03, do Quadro de Pessoal da Câmara dos Deputados, que exerce no gabinete do(a) Deputado(a) Franklin Roberto de Lima Souza.</p><p>Nº 1.313 - Exonerar, de acordo com o artigo 35 da Lei n.º 8.112, de 11 de dezembro de 1990, a partir de 27 de março de 2018, DÉLMA AZEVÊDO SANTANA, ponto n.º 256910, do cargo em comissão de Secretário Parlamentar, SP02, do Quadro de Pessoal da Câmara dos Deputados, que exerce no gabinete do(a) Deputado(a) FERNANDO TORRES.</p><p>Nº 1.314 - Exonerar, de acordo com o artigo 35 da Lei n.º 8.112, de 11 de dezembro de 1990, a partir de 27 de março de 2018, JOSE MESSIAS DE SOUZA, ponto n.º 257115, do cargo em comissão de Secretário Parlamentar, SP18, do Quadro de Pessoal da Câmara dos Deputados, que exerce no gabinete do(a) Deputado(a) ALBERTO FILHO.</p><p>Nº 1.315 - Exonerar, de acordo com o artigo 35 da Lei n.º 8.112, de 11 de dezembro de 1990, a partir de 27 de março de 2018, LAIS BARRADAS LIMA COÊLHO, ponto n.º 257370, do cargo em comissão de Secretário Parlamentar, SP11, do Quadro de Pessoal da Câmara dos Deputados, que exerce no gabinete do(a) Deputado(a) RUBENS PEREIRA JUNIOR.</p><p>Nº 1.316 - TORNAR SEM EFEITO a Portaria n.º 710 de 21 de fevereiro de 2018, publicada no Diá rio Oficial da União de 23 de fevereiro de 2018, que nomeou CAMILA SALMEIRO BARRETO BAHIA para exercer, no gabinete do(a) Deputado(a) ANTONIO IMBASSAHY, o cargo em comissão de Secretário Parlamentar, SP25, do Quadro de Pessoal da Câmara dos Deputados.</p><p>Nº 1.317 - Nomear, na forma do artigo 9º, inciso II, da Lei nº 8.112, de 11 de dezembro de 1990, ANDRESSA GUIMARÃES RODRIGUES DO NASCIMENTO para exercer, no gabinete do(a) Deputado(a) CHICO ALENCAR, o cargo em comissão de Secretário Parlamentar, SP01, do Quadro de Pessoal da Câmara dos Deputados.</p><p>Nº 1.318 - Nomear, na forma do artigo 9º, inciso II, da Lei nº 8.112, de 11 de dezembro de 1990, AQUILES ABREU CARVALHO para exercer, no gabinete do(a) Deputado(a) RUBENS PEREIRA JUNIOR, o cargo em comissão de Secretário Parlamentar, SP11, do Quadro de Pessoal da Câmara dos Deputados.</p><p>Nº 1.319 - Nomear, na forma do artigo 9º, inciso II, da Lei nº 8.112, de 11 de dezembro de 1990, ARTUR DE AZEVEDO LIMA para exercer, no gabinete do(a) Deputado(a) VALMIR ASSUNCAO, o cargo em comissão de Secretário Parlamentar, SP07, do Quadro de Pessoal da Câmara dos Deputados.</p><p>Nº 1.320 - Nomear, na forma do artigo 9º, inciso II, da Lei nº 8.112, de 11 de dezembro de 1990, DAVI FERREIRA COSTA para exercer, no gabinete do(a) Deputado(a) ARLINDO CHINAGLIA, o cargo em comissão de Secretário Parlamentar, SP10, do Quadro de Pessoal da Câmara dos Deputados.</p><p>Nº 1.321 - Nomear, na forma do artigo 9º, inciso II, da Lei nº 8.112, de 11 de dezembro de 1990, EUTIQUILIANA DA SILVA SANTOS para exercer, no gabinete do(a) Deputado(a) FERNANDO TORRES, o cargo em comissão de Secretário Parlamentar, SP02, do Quadro de Pessoal da Câmara dos Deputados.</p><p>Nº 1.322 - Nomear, na forma do artigo 9º, inciso II, da Lei nº 8.112, de 11 de dezembro de 1990, JOAQUIM MARQUES LEAL para exercer, no gabinete do(a) Deputado(a) RENZO BRAZ, o cargo em comissão de Secretário Parlamentar, SP17, do Quadro de Pessoal da Câmara dos Deputados.</p><p>Nº 1.323 - Nomear, na forma do artigo 9º, inciso II, da Lei nº 8.112, de 11 de dezembro de 1990, JOÃO AUGUSTO ROMANO VIEIRA DE QUEIROZ para exercer, no gabinete do(a) Deputado(a) BETO MANSUR, o cargo em comissão de Secretário Parlamentar, SP10, do Quadro de Pessoal da Câmara dos Deputados.</p><p>Nº 1.324 - Nomear, na forma do artigo 9º, inciso II, da Lei nº 8.112, de 11 de dezembro de 1990, JOÃO ELIAS ANTUNES para exercer, no gabinete do(a) Deputado(a) RONALDO NOGUEIRA, o cargo em comissão de Secretário Parlamentar, SP10, do Quadro de Pessoal da Câmara dos Deputados.</p><p>Nº 1.325 - Nomear, na forma do artigo 9º, inciso II, da Lei nº 8.112, de 11 de dezembro de 1990, JOÃO ROBERTO DA SILVA para exercer, no gabinete do(a) Deputado(a) RONALDO NOGUEIRA, o cargo em comissão de Secretário Parlamentar, SP15, do Quadro de Pessoal da Câmara dos Deputados.</p><p>Nº 1.326 - Nomear, na forma do artigo 9º, inciso II, da Lei nº 8.112, de 11 de dezembro de 1990, LEONARDO ALMEIDA SOARES para exercer, no gabinete do(a) Deputado(a) RENZO BRAZ, o cargo em comissão de Secretário Parlamentar, SP03, do Quadro de Pessoal da Câmara dos Deputados.</p><p>Nº 1.327 - Nomear, na forma do artigo 9º, inciso II, da Lei nº 8.112, de 11 de dezembro de 1990, LICIA BEATRIZ NETO LIMA SANTOS para exercer, no gabinete do(a) Deputado(a) FABIO REIS, o cargo em comissão de Secretário Parlamentar, SP02, do Quadro de Pessoal da Câmara dos Deputados.</p><p>Nº 1.328 - Nomear, na forma do artigo 9º, inciso II, da Lei nº 8.112, de 11 de dezembro de 1990, LUIZ FERNANDO DE MENDONÇA para exercer, no gabinete do(a) Deputado(a) CICERO ALMEIDA, o cargo em comissão de Secretário Parlamentar, SP02, do Quadro de Pessoal da Câmara dos Deputados.</p><p>Nº 1.329 - Nomear, na forma do artigo 9º, inciso II, da Lei nº 8.112, de 11 de dezembro de 1990, MARIA PEREIRA DE SOUZA para exercer, no gabinete do(a) Deputado(a) THIAGO PEIXOTO, o cargo em comissão de Secretário Parlamentar, SP06, do Quadro de Pessoal da Câmara dos Deputados.</p><p>Nº 1.330 - Nomear, na forma do artigo 9º, inciso II, da Lei nº 8.112, de 11 de dezembro de 1990, MARIA SANTIAGO DE LIMA para exercer, no gabinete do(a) Deputado(a) ANGELIM, o cargo em comissão de Secretário Parlamentar, SP01, do Quadro de Pessoal da Câmara dos Deputados.</p><p>Nº 1.331 - Nomear, na forma do artigo 9º, inciso II, da Lei nº 8.112, de 11 de dezembro de 1990, MATHEUS LIMA DA CRUZ para exercer, no gabinete do(a) Deputado(a) FABIO REIS, o cargo em comissão de Secretário Parlamentar, SP02, do Quadro de Pessoal da Câmara dos Deputados.</p><p>Nº 1.332 - Nomear, na forma do artigo 9º, inciso II, da Lei nº 8.112, de 11 de dezembro de 1990, NICOLE SÉRVIO MARQUES MACHADO para exercer, no gabinete do(a) Deputado(a) PAES LANDIM, o cargo em comissão de Secretário Parlamentar, SP09, do Quadro de Pessoal da Câmara dos Deputados.</p><p>Nº 1.333 - Nomear, na forma do artigo 9º, inciso II, da Lei nº 8.112, de 11 de dezembro de 1990, ROSELENE MARIA DE LIMA para exercer, no gabinete do(a) Deputado(a) ANGELIM, o cargo em comissão de Secretário Parlamentar, SP02, do Quadro de Pessoal da Câmara dos Deputados.</p><p class="assina">Emerson Brito de Melo</p>]]></Texto>
  </body>
</article></xml>