﻿<xml><article id="2342037" name="ATO GDGSET 123_2018_DISP_DESIG_J" idOficio="4728591" pubName="DO2" artType="Ato" pubDate="02/04/2018" artClass="00038:00005:00009:00000:00000:00000:00000:00000:00000:00000:00001:00001" artCategory="Poder Judiciário/Tribunal Superior do Trabalho/Secretaria" artSize="8" artNotes="" numberPage="78" pdfPage="http://pesquisa.in.gov.br/imprensa/jsp/visualiza/index.jsp?data=02/04/2018&amp;jornal=529&amp;pagina=78" editionNumber="62" highlight="" idMateria="10634373">
  <body>
    <Identifica><![CDATA[ ATO Nº 123, DE 9 DE MARÇO DE 2018]]></Identifica>
    <Data><![CDATA[]]></Data>
    <Ementa />
    <Titulo />
    <SubTitulo />
    <Texto><![CDATA[<p class="identifica">ATO Nº 123, DE 9 DE MARÇO DE 2018</p><p>O DIRETOR-GERAL DA SECRETARIA DO TRIBUNAL SUPERIOR DO TRABALHO, no uso de suas atribuições legais e regulamentares,</p><p>considerando o constante do memorando nº 6, de 1º/3/2018, do Gabinete da Ex.ma Sr.ª Ministra Maria Helena Mallmann, resolve:</p><p>1 - Designar a servidora MAGDA WALQUIRIA FERREIRA DA SILVA, código 30082, Datilógrafa, requisitada do Departamento de Polícia Federal, para exercer a função comissionada de Assistente 3, Nível FC-3, do Gabinete da Ex.ma Sr.ª Ministra Maria Helena Mallmann, ficando dispensada da função comissionada de Assistente 5, Nível FC-5, do referido Gabinete, com efeitos a contar de 2 de abril de 2018.</p><p>2 - Designar o servidor JENNER JOSE GUIMARAES MORAIS, código 27597, Analista Judiciário, Área Judiciária, para exercer a função comissionada de Assistente 5, Nível FC-5, do Gabinete da Ex.ma Sr.ª Ministra Maria Helena Mallmann, ficando dispensado, a pedido, da função comissionada de Assistente 3, Nível FC-3, do referido Gabinete, com efeitos a contar de 2 de abril de 2018.</p><p class="assina">GUSTAVO CARIBÉ DE CARVALHO</p>]]></Texto>
  </body>
</article></xml>