﻿<xml><article id="2341430" name="Portaria Pensão Vitalícia" idOficio="4727720" pubName="DO2" artType="Portaria" pubDate="02/04/2018" artClass="00011:00121:00000:00000:00000:00000:00000:00000:00000:00000:00025:00001" artCategory="Ministério da Educação/Universidade Federal do Oeste do Pará" artSize="8" artNotes="" numberPage="32" pdfPage="http://pesquisa.in.gov.br/imprensa/jsp/visualiza/index.jsp?data=02/04/2018&amp;jornal=529&amp;pagina=32" editionNumber="62" highlight="" idMateria="10633080">
  <body>
    <Identifica><![CDATA[ PORTARIA Nº 118, DE 14 DE MARÇO DE 2018 ]]></Identifica>
    <Data><![CDATA[]]></Data>
    <Ementa />
    <Titulo />
    <SubTitulo />
    <Texto><![CDATA[<p class="identifica">PORTARIA Nº 118, DE 14 DE MARÇO DE 2018</p><p>A REITORA DA UNIVERSIDADE FEDERAL DO OESTE DO PARÁ, no uso de suas atribuições conferidas pelo Decreto Presidencial de 28 de março de 2014, publicado no Diário Oficial da União em 31 de março de 2014, Seção 2, pág. 1, resolve:</p><p>Conceder pensão vitalícia a RAIMUNDA VASCONCELOS RIBEIRO, na condição de viúva do aposentado desta Universidade, FRANCISCO NOGUEIRA RIBEIRO, matrícula Siape 0008929, falecido em 23/2/2018, com fundamento nos artigos 215 e 217, inciso I, da Lei 8.112/1990; Artigo 40, § 7º e 8º da CF/1988; combinado com Artigo 2º, inciso I, da Lei nº 10.887/2004 e Artigo 77, § 2º, inciso V, alínea C, item 6 da Lei 13.135/2015. A pensão por morte foi enquadrada como vitalícia e calculada de acordo com a condição e idade da beneficiaria na data do óbito do aposentado. (Processo 23204.002599/2018-33)</p><p class="assina">Raimunda Nonata Monteiro</p><p></p>]]></Texto>
  </body>
</article></xml>