﻿<xml><article id="2341502" name="Portartia de Flávio Leitão - Ric" idOficio="4727049" pubName="DO2" artType="Portaria" pubDate="02/04/2018" artClass="00017:00021:00037:00000:00000:00000:00000:00000:00000:00000:00025:00001" artCategory="Ministério da Saúde/Fundação Nacional de Saúde/Superintendência Estadual no Rio de Janeiro" artSize="8" artNotes="" numberPage="49" pdfPage="http://pesquisa.in.gov.br/imprensa/jsp/visualiza/index.jsp?data=02/04/2018&amp;jornal=529&amp;pagina=49" editionNumber="62" highlight="" idMateria="10631988">
  <body>
    <Identifica><![CDATA[ PORTARIA Nº 1.561, DE 19  DE MARÇO DE 2018 ]]></Identifica>
    <Data><![CDATA[]]></Data>
    <Ementa />
    <Titulo />
    <SubTitulo />
    <Texto><![CDATA[<p class="identifica">PORTARIA Nº 1.561, DE 19 DE MARÇO DE 2018</p><p></p><p>O SUPERINTENDENTE ESTADUAL DA FUNDAÇÃO NACIONAL DE SAÚDE NO ESTADO DO RIO DE JANEIRO, nomeado pela Portaria nº578 de 28/07/2016, publicada no DOU nº145 de 29/07/2016 e no uso de suas atribuições conforme o Decreto nº 8.867 de 03/10/2016, publicado no DOU do dia subsequente, resolve:</p><p>Art. 1º Aposentar o servidor FLÁVIO PEREIRA LEITÃO, Matrícula SIAPE nº. 6472903, ocupante do cargo de Assistente de Administração, Classe "S", Padrão III, do Quadro de Pessoal da Fundação Nacional de Saúde, com proventos proporcionais ao tempo de contribuição de 35/35 anos, com fundamento no Artigo 40, parágrafo 1º, inciso I da Constituição Federal/1988, com redação dada pelo Artigo 6º-A da Emenda Constitucional nº. 41/2003 acrescida pela Emenda Constitucional nº. 70/2012, compreendendo o Vencimento Básico do cargo efetivo, o Adicional por Tempo de Serviço, a Gratificação de Desempenho da Carreira da Previdência, da Saúde e do Trabalho - GDPST e as vantagens do artigo 62-A da Lei 8.112/1990. Processo nº. 25245.000.568/2018-16.</p><p>Art. 2º Declarar vago o cargo referido no artigo 1º.</p><p>Art. 3º Esta Portaria entra em vigor na data de sua publicação.</p><p class="assina">CARLOS HENRIQUE NETTO VAZ</p><p></p>]]></Texto>
  </body>
</article></xml>