﻿<xml><article id="2342547" name="PORTARIA GPR 517" idOficio="4728988" pubName="DO2" artType="Portaria" pubDate="02/04/2018" artClass="00038:00039:00002:00000:00000:00000:00000:00000:00000:00000:00025:00003" artCategory="Poder Judiciário/Tribunal de Justiça do Distrito Federal e dos Territórios/Presidência" artSize="8" artNotes="" numberPage="81" pdfPage="http://pesquisa.in.gov.br/imprensa/jsp/visualiza/index.jsp?data=02/04/2018&amp;jornal=529&amp;pagina=81" editionNumber="62" highlight="" idMateria="10635428">
  <body>
    <Identifica><![CDATA[ Portaria nº 517, de 20 de março de 2018]]></Identifica>
    <Data><![CDATA[]]></Data>
    <Ementa />
    <Titulo />
    <SubTitulo />
    <Texto><![CDATA[<p class="identifica">Portaria nº 517, de 20 de março de 2018</p><p>O PRESIDENTE DO TRIBUNAL DE JUSTIÇA DO DISTRITO FEDERAL E DOS TERRITÓRIOS, no uso de sua competência legal e tendo em vista o contido no PA n. 18073/2017, resolve:</p><p>Art. 1º Designar MAYARA DE MELLO SAMPAIO CUNHA, matrícula 315466, Técnico Judiciário, Área Administrativa, do Quadro de Pessoal deste Tribunal, para exercer a Função Comissionada, FC-01, da Coordenadoria de Auditoria de Gestão e Contas-COAUD, ficando dispensada da Função Comissionada, FC-01, da Coordenadoria de Análise e Controle-COANA.</p><p>Art. 2º Designar CLEBER NUNES DE ANDRADE, matrícula 318411, Analista Judiciário, Área Administrativa, do Quadro de Pessoal deste Tribunal, para exercer a Função Comissionada, FC-01, do Núcleo de Auditoria de Tecnologia da Informação-NAUDTI, ficando dispensado da Função Comissionada, FC-01, do Núcleo de Análise e Controle de Atos de Pessoal-NUAPES.</p><p>Art. 3º Designar GILMARA VAZ DOS REIS, matrícula 310557, Técnico Judiciário, Área Administrativa, do Quadro de Pessoal deste Tribunal, para exercer a Função Comissionada, FC-01, do Núcleo de Auditoria de Pessoal-NAUDPE, ficando dispensada da Função Comissionada, FC-01, da Coordenadoria de Auditoria e Fiscalização-COAUD.</p><p>Art. 4º Designar ADRIANA LAUS DE AQUINO, matrícula 315660, Técnico Judiciário, Área Administrativa, do Quadro de Pessoal deste Tribunal, para exercer a Função Comissionada, FC-01, do Núcleo de Auditoria de Obras e Serviços de Engenharia-NAUDSE, ficando dispensada da Função Comissionada, FC-01, do Núcleo de Auditoria Especializada em Tecnologia da Informação e Obras-NAUDTI.</p><p>Art. 5º Designar SILVIA MARA MEDEIROS LIMA, matrícula 309910, Técnico Judiciário, Área Administrativa, do Quadro de Pessoal deste Tribunal, para exercer a Função Comissionada, FC-02 do Núcleo de Auditoria de Gestão e Prestação de Contas-NAUDGE, ficando dispensada da Função Comissionada, FC-02, do Núcleo de Auditoria Contábil e Financeira, Tomada de Contas e Prestação de Contas-NAUDIF.</p><p>Art. 6º Designar MARINA RIEHL DE MAGALHÃES ARRUDA, matrícula 315350, Analista Judiciário, Área Apoio Especializado, Especialidade Administração, do Quadro de Pessoal deste Tribunal, para exercer a Função Comissionada, FC-01, da Coordenadoria de Auditoria de Licitações, Contratos e Pessoal-COAPE, ficando dispensada da Função Comissionada, FC-01, do Núcleo de Auditoria Contábil e Financeira, Tomada de Contas e Prestação de Contas-NAUDIF.</p><p>Art. 7º Designar IZABELA SOARES LIMA, matrícula 316120, Técnico Judiciário, Área Administrativa, do Quadro de Pessoal deste Tribunal, para exercer a Função Comissionada, FC-02, do Núcleo de Auditoria Contábil e Financeira-NAUDIF, ficando dispensada da Função Comissionada, FC-02, do Núcleo de Auditoria de Pessoal e de Terceirização-NAUDPE.</p><p>Art. 8º Esta Portaria entra em vigor na data de sua publicação.</p><p class="assina">Des. MARIO MACHADO</p>]]></Texto>
  </body>
</article></xml>