﻿<xml><article id="2342445" name="Portarias -2 abril" idOficio="4729820" pubName="DO2" artType="Portaria" pubDate="02/04/2018" artClass="00007:00003:00064:00000:00000:00000:00000:00000:00000:00000:00025:00001" artCategory="Ministério da Agricultura, Pecuária e Abastecimento/Secretaria Executiva/Superintendência Federal no Estado de Minas Gerais" artSize="8" artNotes="" numberPage="5" pdfPage="http://pesquisa.in.gov.br/imprensa/jsp/visualiza/index.jsp?data=02/04/2018&amp;jornal=529&amp;pagina=5" editionNumber="62" highlight="" idMateria="10636874">
  <body>
    <Identifica><![CDATA[ PORTARIA Nº 974, DE 27 DE MARÇO DE 2018]]></Identifica>
    <Data><![CDATA[]]></Data>
    <Ementa />
    <Titulo />
    <SubTitulo />
    <Texto><![CDATA[<p class="identifica">PORTARIA Nº 974, DE 27 DE MARÇO DE 2018</p><p>O Superintendente Federal de Agricultura, Pecuária e Abastecimento em Minas Gerais, no uso das atribuições que lhe confere o inciso XVIII, artigo 44, do Regimento Interno das Superintendências Federais de Agricultura, Pecuária e Abastecimento, aprovado pela Portaria Ministerial nº 428, de 09/06/2010, publicada no Diário Oficial da União de 14/06/2010, resolve:</p><p>Conceder aposentadoria voluntária com proventos integrais a servidora ELONORA VIEIRA DOS SANTOS, ocupante do cargo de Auditor Fiscal Federal Agropecuário, código NS-409010, classe S, padrão IV, do Quadro de Pessoal deste Ministério, com fundamento no artigo 3º da EC. 47/2005. (Processo: 21181.003112/2017-68).</p><p class="assina">MARCIO LUIZ MURTA KANGUSSU</p>]]></Texto>
  </body>
</article></xml>