﻿<xml><article id="2342487" name="PORTARIA74" idOficio="4729673" pubName="DO2" artType="Portaria" pubDate="02/04/2018" artClass="00017:00002:00028:00005:00000:00000:00000:00000:00000:00000:00025:00001" artCategory="Ministério da Saúde/Secretaria Executiva/Núcleo Estadual no Piauí/Serviço de Gestão Administrativa" artSize="8" artNotes="" numberPage="46" pdfPage="http://pesquisa.in.gov.br/imprensa/jsp/visualiza/index.jsp?data=02/04/2018&amp;jornal=529&amp;pagina=46" editionNumber="62" highlight="" idMateria="10636676">
  <body>
    <Identifica><![CDATA[ PORTARIAs DE 27 de março de 2018 ]]></Identifica>
    <Data><![CDATA[]]></Data>
    <Ementa />
    <Titulo />
    <SubTitulo />
    <Texto><![CDATA[<p></p><p class="identifica">PORTARIAs DE 27 de março de 2018</p><p>O Chefe do Serviço de Gestão Administrativa do Núcleo Estadual do Ministério da Saúde no Piauí, no uso das atribuições que lhe foram conferidas, na forma da Portaria n.º 429, de 10/02/2017, publicada no DOU nº 31, Seção 2, de 13/02/2017, resolve:</p><p>Nº 74 - Conceder aposentadoria voluntária integral a (o) servidor (a) JOSÉ NILSON REBELO SAMPAIO, matrícula SIAPE nº 571714, ocupante do cargo de Médico, Classe S, Padrão III, do Quadro de Pessoal deste Ministério, com fundamento no art. 3º da Emenda Constitucional nº 47/2005.</p><p>Este ato entra em vigor na data de publicação de seu extrato no Diário Oficial da União.</p><p>(Processo Nº 25015.000121/2018-51)</p><p>Nº 75 - Conceder aposentadoria voluntária integral a (o) servidor (a) FRANCISCA CORTEZ PRADO BRITO, matrícula SIAPE nº 0571770, ocupante do cargo de Enfermeiro, Classe S, Padrão III, do Quadro de Pessoal deste Ministério, com fundamento no art. 3º da Emenda Constitucional nº 47/2005.</p><p>Este ato entra em vigor na data de publicação de seu extrato no Diário Oficial da União.</p><p>(Processo Nº 25015.000263/2018-18)</p><p class="assina">NIELTHON DIOGO MACHADO COÊLHO MODESTO</p>]]></Texto>
  </body>
</article></xml>