﻿<xml><article id="2342532" name="Portaria de Dispensas de funções" idOficio="4729639" pubName="DO2" artType="Portaria" pubDate="02/04/2018" artClass="00011:00105:00000:00000:00000:00000:00000:00000:00000:00000:00025:00001" artCategory="Ministério da Educação/Universidade Federal de Alfenas" artSize="8" artNotes="" numberPage="31" pdfPage="http://pesquisa.in.gov.br/imprensa/jsp/visualiza/index.jsp?data=02/04/2018&amp;jornal=529&amp;pagina=31" editionNumber="62" highlight="" idMateria="10636634">
  <body>
    <Identifica><![CDATA[ PORTARIAs DE 27 DE MARÇO DE 2018]]></Identifica>
    <Data><![CDATA[]]></Data>
    <Ementa />
    <Titulo />
    <SubTitulo />
    <Texto><![CDATA[<p class="identifica">PORTARIAs DE 27 DE MARÇO DE 2018</p><p>O REITOR da Universidade Federal de Alfenas, usando de suas atribuições legais, resolve:</p><p>Nº 686 - Dispensar, a partir de 10-04-2018, a servidora Deíse Inês Landre, ocupante do cargo de Assistente em Administração, matrícula Siape nº 1101421, CPF nº 594.968.006-53, da função de Chefe do Setor de Desenvolvimento e Capacitação-FG.1, desta Universidade, designada por meio da Portaria nº 571/2006, alterada pela Portaria nº 672/2010 (Processo nº 23087.002280/2018-11).</p><p>Nº 688 - Designar, a partir de 10-04-2018, a servidora Cláudia Regina de Medeiros Durante, ocupante do cargo de Técnico em Assuntos Educacionais, matrícula Siape nº 1522860, CPF nº 033.356.947-40, para exercer a função gratificada de Chefe do Setor de Desenvolvimento e Capacitação - FG.1, desta Universidade.</p><p class="assina">Sandro Amadeu Cerveira</p>]]></Texto>
  </body>
</article></xml>