﻿<xml><article id="2342892" name="PORTARIAS - 27.03.2018-DIS_DES" idOficio="4731040" pubName="DO2" artType="Portaria" pubDate="02/04/2018" artClass="00011:00125:00001:00005:00000:00000:00000:00000:00000:00000:00025:00004" artCategory="Ministério da Educação/Universidade Federal de Pernambuco/Reitoria/Pró-Reitoria de Gestão de Pessoas e Qualidade de Vida" artSize="8" artNotes="" numberPage="33" pdfPage="http://pesquisa.in.gov.br/imprensa/jsp/visualiza/index.jsp?data=02/04/2018&amp;jornal=529&amp;pagina=33" editionNumber="62" highlight="" idMateria="10639202">
  <body>
    <Identifica><![CDATA[ PORTARIAS DE 27 DE MARÇO DE 2018 ]]></Identifica>
    <Data><![CDATA[]]></Data>
    <Ementa />
    <Titulo />
    <SubTitulo />
    <Texto><![CDATA[<p class="identifica">PORTARIAS DE 27 DE MARÇO DE 2018</p><p>A PRÓ-REITORA DE GESTÃO DE PESSOAS E QUALIDADE DE VIDA, DA UNIVERSIDADE FEDERAL DE PERNAMBUCO, no uso das atribuições legais e estatutárias, resolve:</p><p>Nº 1.113 - Dispensar, a partir de 19/03/2018, RODRIGO DANNIEL DA SILVA ALEXANDRE, Matrícula SIAPE n° 1731717, Assistente em Administração, em regime de trabalho de 40 horas semanais, lotado(a) no(a) Pró-Reitoria de Gestão de Pessoas e Qualidade de Vida, da função de Coordenador de Finanças e Compras, da Pró-Reitoria de Gestão de Pessoas e Qualidade de Vida, Código FG-01, para a(o) qual havia sido designado(a) através da Portaria de Pessoal nº 934/2017, de 08/03/2017. (Processo n° 23076.010530/2018-15)</p><p>Nº 1.114 - Designar, a partir de 19/03/2018, GRACIETE GONCALO DE FRANCA, Matrícula SIAPE n° 1132629, Técnico em Contabilidade, em regime de trabalho de 40 horas semanais, lotado(a) no(a) Pró-Reitoria de Gestão de Pessoas e Qualidade de Vida, para exercer a função de Coordenador de Finanças e Compras, da Pró-Reitoria de Gestão de Pessoas e Qualidade de Vida, Código FG-01. (Processo n° 23076.010530/2018-15)</p><p>Nº 1.137 - Dispensar, a partir de 19/03/2018, MARILIA SOBRAL DE ALMEIDA, Matrícula SIAPE n° 1963121, Assistente em Administração, em regime de trabalho de 40 horas semanais, lotado(a) no(a) Diretoria de Licitações e Contratos, da função de Coordenador de Licitações, da Diretoria de Licitações e Contratos, da Pró-Reitoria de Gestão Administrativa, Código FG-01, para a(o) qual havia sido designado(a) através da Portaria de Pessoal nº 876/2018, de 08/03/2018. (Processo n° 23076.010470/2018-31)</p><p>Nº 1.138 - Designar, a partir de 19/03/2018, RODRIGO DANNIEL DA SILVA ALEXANDRE, Matrícula SIAPE n° 1731717, Assistente em Administração, em regime de trabalho de 40 horas semanais, lotado(a) no(a) Diretoria de Licitações e Contratos, para exercer a função de Coordenador de Licitações, da Diretoria de Licitações e Contratos, da Pró-Reitoria de Gestão Administrativa, Código FG-01. (Processo n° 23076.010470/2018-31)</p><p>Nº 1.141 - Dispensar, a partir de 03/01/2018, JUAN PABLO MARTIN RODRIGUES, Matrícula SIAPE n° 1742463, Professor de Magistério Superior, Nível 4, Classe C, denominada Adjunto, em regime de trabalho de Dedicação Exclusiva, lotado(a) no(a) Departamento de Letras, da função de Coordenador do Curso de Graduação de Licenciatura em Letras / Habilitação em Língua Espanhola - Modalidade à distância, do Departamento de Letras, do Centro de Artes e Comunicação, Código FCC, para a(o) qual havia sido designado(a) através da Portaria de Pessoal nº 4728/2015, de 24/11/2015. (Processo n° 23076.001566/2018-16)</p><p>Nº 1.143 - Designar, por 02 (dois) anos, a partir de 03/01/2018, CRISTINA CORRAL ESTEVE, Matrícula SIAPE n° 2250477, Professor de Magistério Superior, Nível 2, Classe A, denominada Adjunto - A, em regime de trabalho de Dedicação Exclusiva, lotado(a) no(a) Departamento de Letras, para exercer a função de Coordenador do Curso de Graduação de Licenciatura em Letras / Habilitação em Língua Espanhola - Modalidade à distância, do Departamento de Letras, do Centro de Artes e Comunicação, Código FCC. (Processo n° 23076.001566/2018-16)</p><p>Nº 1.146 - Dispensar, a pedido, a partir de 05/10/2017, MARCUS VINICIUS DE MEDEIROS WANDERLEY, Matrícula SIAPE n° 1131668, Professor de Magistério Superior, Nível 2, Classe D, denominada Associado, em regime de trabalho de Dedicação Exclusiva, lotado(a) no(a) Departamento de Matemática, da função de Coordenador do Curso de Graduação em Licenciatura em Matemática - Modalidade à distância, do Departamento de Matemática, do Centro de Ciências Exatas e da Natureza, Código FCC, para a(o) qual havia sido designado(a) através da Portaria de Pessoal nº 4730/2015, de 24/11/2015. (Processo n° 23076.042642/2017-54)</p><p>Nº 1.149 - Designar, a partir de 16/02/2018, SIMONE MARIA COSTA CAMPOS, Matrícula SIAPE n° 1132919, Secretário Executivo, em regime de trabalho de 40 horas semanais, lotado(a) no(a) Departamento de Ciências Econômicas, para exercer a função de Secretário do Departamento de Ciências Econômicas, do Centro de Ciências Sociais Aplicadas, Código FG-06. (Processo n° 23076.010624/2018-94)</p><p>Nº 1.150 - Designar, a partir de 01/03/2018, DANIELLE NAYA XAVIER HAGE GONCALVES, Matrícula SIAPE n° 1854723, Secretário Executivo, em regime de trabalho de 40 horas semanais, lotado(a) no(a) Departamento de Ciências Farmacêuticas, para exercer a função de Secretário do Departamento de Ciências Farmacêuticas, do Centro de Ciências da Saúde, Código FG-06. (Processo n° 23076.010768/2018-41)</p><p class="assina">SONIA MARIA MEDEIROS DE MENEZES</p>]]></Texto>
  </body>
</article></xml>