﻿<xml><article id="2342868" name="PORTARIA DE 27.03.2018 - EXONERA" idOficio="4731173" pubName="DO2" artType="Portaria" pubDate="02/04/2018" artClass="00011:00054:00001:00000:00000:00000:00000:00000:00000:00000:00025:00001" artCategory="Ministério da Educação/Instituto Federal de Educação, Ciência e Tecnologia do Amapá/Reitoria" artSize="8" artNotes="" numberPage="24" pdfPage="http://pesquisa.in.gov.br/imprensa/jsp/visualiza/index.jsp?data=02/04/2018&amp;jornal=529&amp;pagina=24" editionNumber="62" highlight="" idMateria="10639389">
  <body>
    <Identifica><![CDATA[ PORTARIA Nº 619, DE 27 DE MARÇO DE 2018]]></Identifica>
    <Data><![CDATA[]]></Data>
    <Ementa />
    <Titulo />
    <SubTitulo />
    <Texto><![CDATA[<p class="identifica">PORTARIA Nº 619, DE 27 DE MARÇO DE 2018</p><p>A REITORA DO INSTITUTO FEDERAL DE EDUCAÇÃO, CIÊNCIA E TECNOLOGIA DO AMAPÁ, no uso de suas atribuições legais que lhe foram delegadas pelo Decreto de 02 de outubro de 2015, da Presidência da República, publicado no DOU nº 190, de 05 de outubro de 2015, considerando o artigo 34 da Lei 8.112, de 11/12/1990, e o Requerimento de Exoneração, constante dos autos do Processo nº 23228.500473/2018-81, resolve:</p><p>Art. 1º- Exonerar, a pedido, a contar de 22.03.2018, KHALIL ABRANTES VASCONCELOS CILIÃO, ocupante do cargo efetivo de Assistente em Administração, matrícula Siape nº 2392619, lotado na Pró-Reitoria de Administração deste Instituto Federal; e declarar vago o cargo supramencionado.</p><p class="assina">MARIALVA DO SOCORRO RAMALHO DE OLIVEIRA DE ALMEIDA</p>]]></Texto>
  </body>
</article></xml>