﻿<xml><article id="2342439" name="Concessao - Publicar - MT - Isis" idOficio="4729766" pubName="DO2" artType="Portaria" pubDate="02/04/2018" artClass="00012:00002:00012:00022:00000:00000:00000:00000:00000:00000:00025:00001" artCategory="Ministério da Fazenda/Secretaria Executiva/Subsecretaria de Planejamento, Orçamento e Administração/Superintendência de Administração em Mato Grosso" artSize="8" artNotes="" numberPage="39" pdfPage="http://pesquisa.in.gov.br/imprensa/jsp/visualiza/index.jsp?data=02/04/2018&amp;jornal=529&amp;pagina=39" editionNumber="62" highlight="" idMateria="10636793">
  <body>
    <Identifica><![CDATA[ Portaria nº 21, de 27 de março de 2018]]></Identifica>
    <Data><![CDATA[]]></Data>
    <Ementa />
    <Titulo />
    <SubTitulo />
    <Texto><![CDATA[<p class="identifica">Portaria nº 21, de 27 de março de 2018</p><p>O Superintendente de Administração do Ministério da Fazenda no Estado de Mato Grosso, no uso de suas atribuições que lhe confere o Artigo 65, inciso XIV, da Portaria nº 144, de 27/04/2016, publicada no DOU de 29/04/2016, do Ministro de Estado da Fazenda, e o artigo 1º da Portaria nº 1.671, de 16/06/2005, publicada no DOU de 20/06/2005, do Secretário da Receita Federal, tendo em vista o constante do processo (10183.100489/2018-17), resolve:</p><p>Conceder aposentadoria voluntária a Isislene de Arruda Teixeira, matrículas SIAPE nº 0115319 e SIAPEcad nº 00015631, ocupante do cargo de Agente Administrativo, Código NI 489202, Classe S, Padrão III, do Quadro de Pessoal do Ministério da Fazenda, com fundamento no Art. 3º, incisos I e II da EC nº 47/2005 c/c o artigo 40 parágrafo 18 da CF/88 (redação atual).</p><p>Roberto Sebastião Gonçalves da Silva</p>]]></Texto>
  </body>
</article></xml>