﻿<xml><article id="2342979" name="PORTARIAZENI" idOficio="4731402" pubName="DO2" artType="Portaria" pubDate="02/04/2018" artClass="00017:00002:00021:00004:00000:00000:00000:00000:00000:00000:00025:00001" artCategory="Ministério da Saúde/Secretaria Executiva/Núcleo Estadual em Mato Grosso/Serviço de Gestão Administrativa" artSize="8" artNotes="" numberPage="46" pdfPage="http://pesquisa.in.gov.br/imprensa/jsp/visualiza/index.jsp?data=02/04/2018&amp;jornal=529&amp;pagina=46" editionNumber="62" highlight="" idMateria="10639843">
  <body>
    <Identifica><![CDATA[ PORTARIA Nº 24, DE 28 DE MARÇO DE 2018]]></Identifica>
    <Data><![CDATA[]]></Data>
    <Ementa />
    <Titulo />
    <SubTitulo />
    <Texto><![CDATA[<p class="identifica">PORTARIA Nº 24, DE 28 DE MARÇO DE 2018</p><p>O Chefe do Serviço de Gestão Administrativa do Núcleo Estadual do Ministério da Saúde no Estado de Mato Grosso, no uso das atribuições conferidas pela Portaria GM/MS nº. 2.220, publicada no DOU 191, de 02/10/2013 e competências subdelegadas pela Portaria SAA/SE/MS nº. 1.804, de 01/10/2013, publicada no DOU 192, de 03/10/2013, resolve:</p><p>I - Conceder aposentadoria voluntaria com proventos integrais a servidora ZENI SALETE BOFF Matricula 472557, Cargo Visitador Sanitário Classe S, Padrão III, do quadro de pessoal deste Ministério, com fundamento EC/ 41 artigo 6º, acrescidos de 12% (doze) de adicional por tempo de serviço, GDPST, GACEN</p><p>II - Declaro vago o cargo referido no item I.</p><p class="assina">ODAIR BERNARDO CUSTODIO</p>]]></Texto>
  </body>
</article></xml>