﻿<xml><article id="2342382" name="PORTARIA 267 - DANIELE MARIA GON" idOficio="4729124" pubName="DO2" artType="Portaria" pubDate="02/04/2018" artClass="00038:00027:00001:00000:00000:00000:00000:00000:00000:00000:00025:00002" artCategory="Poder Judiciário/Tribunal Regional Eleitoral do Paraná/Presidência" artSize="8" artNotes="" numberPage="81" pdfPage="http://pesquisa.in.gov.br/imprensa/jsp/visualiza/index.jsp?data=02/04/2018&amp;jornal=529&amp;pagina=81" editionNumber="62" highlight="" idMateria="10635694">
  <body>
    <Identifica><![CDATA[ PORTARIA Nº 267, DE 23 DE MARÇO DE 2018]]></Identifica>
    <Data><![CDATA[]]></Data>
    <Ementa />
    <Titulo />
    <SubTitulo />
    <Texto><![CDATA[<p class="identifica">PORTARIA Nº 267, DE 23 DE MARÇO DE 2018</p><p>O PRESIDENTE DO TRIBUNAL REGIONAL ELEITORAL DO PARANÁ, usando das atribuições que lhe são conferidas pelo artigo 23, incisos XXV e XXX, do Regimento Interno deste Tribunal, e o contido no PAD nº 3707/2018, resolve:</p><p>I - Dispensar a servidora DANIELE MARIA GONÇALVES DE PONTES ocupante do cargo de Técnico Judiciário, Área de Atividade Administrativa, Classe C, Padrão 11, do Quadro de Pessoal deste Tribunal, da função comissionada de Assistente IV do Núcleo de Apoio à Fiscalização Contratual, FC-4, a partir da data da publicação;</p><p>II - Designar a servidora DANIELE MARIA GONÇALVES DE PONTES ocupante do cargo de Técnico Judiciário, Área de Atividade Administrativa, Classe C, Padrão 11, do Quadro de Pessoal deste Tribunal, para exercer a função comissionada de Assistente V do Gabinete do Juiz de Direito 1, FC-5, a partir da mesma data.</p><p class="assina">Des. LUIZ TARO OYAMA</p>]]></Texto>
  </body>
</article></xml>