﻿<xml><article id="2341992" name="publicar-02-abril-DOU 2-MT-2PT-6" idOficio="4728767" pubName="DO2" artType="Portaria" pubDate="02/04/2018" artClass="00034:00007:00031:00000:00000:00000:00000:00000:00000:00000:00025:00001" artCategory="Ministério Público da União/Ministério Público Federal/Procuradoria da República no Estado do Mato Grosso" artSize="8" artNotes="" numberPage="73" pdfPage="http://pesquisa.in.gov.br/imprensa/jsp/visualiza/index.jsp?data=02/04/2018&amp;jornal=529&amp;pagina=73" editionNumber="62" highlight="" idMateria="10634674">
  <body>
    <Identifica><![CDATA[ Portaria Nº 61, de 12 de março de 2018]]></Identifica>
    <Data><![CDATA[]]></Data>
    <Ementa />
    <Titulo />
    <SubTitulo />
    <Texto><![CDATA[<p class="identifica">Portaria Nº 61, de 12 de março de 2018</p><p>O PROCURADOR-CHEFE SUBSTITUTO DA PROCURADORIA DA REPÚBLICA NO ESTADO DE MATO GROSSO, com lastro no inciso II do artigo 50 da Lei Complementar nº75, de 20 de maio de 1993, por força do que dispõe a Portaria PGR/MPF nº1037, de 27/09/2017, publicada no DOU - Seção 2, de 02/10/2017, resolve:</p><p>Art. 1º. Dispensar o servidor Sérgio Souza Botelho, matrícula 28198, cedido pela Secretaria de Estado de Fazenda de Mato Grosso, da função de Assistente Nível II, FC-2, do Gabinete do Procurador da República Guilherme Fernandes Ferreira Tavares da Procuradoria da República no Município de Barra do Garças, a partir de 02/04/2018.</p><p class="assina">VINICIUS ALEXANDRE FORTES DE BARROS</p>]]></Texto>
  </body>
</article></xml>