﻿<xml><article id="2341941" name="ATO GDGSET 165_2018_DISP_DESIG_R" idOficio="4728591" pubName="DO2" artType="Ato" pubDate="02/04/2018" artClass="00038:00005:00009:00000:00000:00000:00000:00000:00000:00000:00001:00006" artCategory="Poder Judiciário/Tribunal Superior do Trabalho/Secretaria" artSize="8" artNotes="" numberPage="78" pdfPage="http://pesquisa.in.gov.br/imprensa/jsp/visualiza/index.jsp?data=02/04/2018&amp;jornal=529&amp;pagina=78" editionNumber="62" highlight="" idMateria="10634418">
  <body>
    <Identifica><![CDATA[ ATO Nº 165, DE 27 DE MARÇO DE 2018]]></Identifica>
    <Data><![CDATA[]]></Data>
    <Ementa />
    <Titulo />
    <SubTitulo />
    <Texto><![CDATA[<p class="identifica">ATO Nº 165, DE 27 DE MARÇO DE 2018</p><p>O DIRETOR-GERAL DA SECRETARIA SUBSTITUTO DO TRIBUNAL SUPERIOR DO TRABALHO, no uso de suas atribuições legais e regulamentares,</p><p>considerando o constante do memorando nº 18, de 23/3/2018, da Coordenadoria de Material e Logística;</p><p>considerando o constante do memorando nº 16, de 23/3/2018, da Divisão de Legislação de Pessoal, resolve:</p><p>1 - Dispensar o servidor ANTONIO JOSE MIRANDA PUREZA, código 27819, Analista Judiciário, Área Administrativa, da função comissionada de Assistente 2, Nível FC-2, da Coordenadoria de Material e Logística.</p><p>2 - Designar o servidor ROBERTO PERES PATU, código 16600, Técnico Judiciário, Área Administrativa, Especialidade Apoio de Serviços Diversos, para exercer a função comissionada de Assistente 2, Nível FC-2, da Coordenadoria de Material e Logística, ficando dispensado da função comissionada de Assistente 3, Nível FC-3, da referida Coordenadoria.</p><p>3 - Designar a servidora ANA AMELIA MEGALE DUTRA ESCALANTE, código 30841, Técnica Judiciária, Área Administrativa, para exercer a função comissionada de Assistente 3, Nível FC-3, da Coordenadoria de Material e Logística, ficando dispensada da função comissionada de Assistente 4, Nível FC-4, da Divisão de Legislação de Pessoal.</p><p>4 - Dispensar a servidora ANA AMELIA MEGALE DUTRA ESCALANTE, código 30841, Técnica Judiciária, Área Administrativa, do encargo de substituta legal e eventual do titular da função comissionada de Supervisor da Seção de Legislações e Regulamentações, Nível FC-5, da Divisão de Legislação de Pessoal.</p><p class="assina">JOSÉ RAILTON SILVA RÊGO</p>]]></Texto>
  </body>
</article></xml>