﻿<xml><article id="2341953" name="Ato 132-2018" idOficio="4728160" pubName="DO2" artType="Ato" pubDate="02/04/2018" artClass="00038:00047:00001:00000:00000:00000:00000:00000:00000:00000:00001:00003" artCategory="Poder Judiciário/Tribunal Regional do Trabalho da 8ª Região/Gabinete da Presidência" artSize="8" artNotes="" numberPage="85" pdfPage="http://pesquisa.in.gov.br/imprensa/jsp/visualiza/index.jsp?data=02/04/2018&amp;jornal=529&amp;pagina=85" editionNumber="62" highlight="" idMateria="10633691">
  <body>
    <Identifica><![CDATA[  ATO   Nº 132, DE  26  DE MARÇO DE 2018]]></Identifica>
    <Data><![CDATA[]]></Data>
    <Ementa />
    <Titulo />
    <SubTitulo />
    <Texto><![CDATA[<p class="identifica">ATO Nº 132, DE 26 DE MARÇO DE 2018</p><p></p><p>A DESEMBARGADORA PRESIDENTE DO TRIBUNAL REGIONAL DO TRABALHO DA OITAVA REGIÃO, no uso de suas atribuições legais, e</p><p>CONSIDERANDO as indicações constantes na mensagem eletrônica encaminahada pela Excelentíssima Senhora Ida Selene Sirotheau Braga, Desembargadora do Trabalho, por meio de mensagem eletrônica, datada de 23 de março de 2018;</p><p>CONSIDERANDO o que consta nos autos do Processo Administrativo Eletrônico-TRT8 nº 1654/2018 e, ainda, o interesse do serviço, resolve:</p><p>I - DISPENSAR as servidoras abaixo relacionadas de funções comissionadas do Gabinete da Excelentíssima Senhora Ida Selene Sirotheau Braga, Desembargadora do Trabalho, como a seguir:</p><p>- MARIA AMÉLIA PEREIRA FONSECA DE OLIVEIRA, Analista Judiciária, Área Judiciária, código Mentorh nº 2522, de Assistente Administrativo, FC-3 (código Mentorh nº 300043);</p><p>- LUCIANA PINA FERREIRA DE BRITO, Analista Judiciária, Área Judiciária, código Mentorh nº 2075, de Assistente de Gabinete, FC-5 (código Mentorh nº 500287);</p><p>II - DESIGNAR as referidas servidoras para exercerem funções comissionadas do Gabinete da Excelentíssima Senhora Ida Selene Sirotheau Braga, Desembargadora do Trabalho, como a seguir:</p><p>- MARIA AMÉLIA PEREIRA FONSECA DE OLIVEIRA, Analista Judiciária, Área Judiciária, código Mentorh nº 2522, de Assistente de Gabinete, FC-5 (código Mentorh nº 500287), vaga em decorrência da dispensa da servidora Luciana Pina Ferreira de Brito;</p><p>- LUCIANA PINA FERREIRA DE BRITO, Analista Judiciária, Área Judiciária, código Mentorh nº 2075, de Assistente Administrativo, FC-3 (código Mentorh nº 300043), vaga em decorrência da dispensa da servidora Maria Amélia Pereira Fonseca de Oliveira.</p><p>III - Este ato entrará em vigor a partir de 2 de abril de 2018.</p><p class="assina">SUZY ELIZABETH CAVALCANTE KOURY</p><p></p>]]></Texto>
  </body>
</article></xml>