﻿<xml><article id="2341962" name="PORTARIA GPR 553" idOficio="4728214" pubName="DO2" artType="Portaria" pubDate="02/04/2018" artClass="00038:00039:00002:00000:00000:00000:00000:00000:00000:00000:00025:00007" artCategory="Poder Judiciário/Tribunal de Justiça do Distrito Federal e dos Territórios/Presidência" artSize="8" artNotes="" numberPage="82" pdfPage="http://pesquisa.in.gov.br/imprensa/jsp/visualiza/index.jsp?data=02/04/2018&amp;jornal=529&amp;pagina=82" editionNumber="62" highlight="" idMateria="10633772">
  <body>
    <Identifica><![CDATA[ PORTARIA nº 553, DE 23 DE MARÇO DE 2018]]></Identifica>
    <Data><![CDATA[]]></Data>
    <Ementa />
    <Titulo />
    <SubTitulo />
    <Texto><![CDATA[<p class="identifica">PORTARIA nº 553, DE 23 DE MARÇO DE 2018</p><p>O PRESIDENTE DO TRIBUNAL DE JUSTIÇA DO DISTRITO FEDERAL E DOS TERRITÓRIOS, no uso de sua competência legal e tendo em vista o disposto no PA. nº 0003755/2018, resolve:</p><p>Conceder aposentadoria voluntária integral, com fundamento no art. 3º da Emenda Constitucional 47, de 5 de julho de 2005, à servidora CÉLIA RODRIGUES ANTUNES CAMINHA LUSTOSA, matrícula 311.173, ocupante do cargo de Técnico Judiciário, Área Apoio Especializado, Especialidade Taquigrafia, Classe "C", Padrão 13, Nível Intermediário, do Quadro de Pessoal deste Tribunal, com a vantagem prevista no art. 67 da Lei 8.112/1990 c/c o art. 6º da Lei 9.624/1998 e com o inciso II do art. 15 da Medida Provisória 2.225-45/2001.</p><p class="assina">Des. MARIO MACHADO</p>]]></Texto>
  </body>
</article></xml>