﻿<xml><article id="2342466" name="ATO GDGSET 167_2018_DISP_MONIQUE" idOficio="4729310" pubName="DO2" artType="Ato" pubDate="02/04/2018" artClass="00038:00005:00009:00000:00000:00000:00000:00000:00000:00000:00001:00008" artCategory="Poder Judiciário/Tribunal Superior do Trabalho/Secretaria" artSize="8" artNotes="" numberPage="78" pdfPage="http://pesquisa.in.gov.br/imprensa/jsp/visualiza/index.jsp?data=02/04/2018&amp;jornal=529&amp;pagina=78" editionNumber="62" highlight="" idMateria="10636024">
  <body>
    <Identifica><![CDATA[ ATO Nº 167, DE 27 DE MARÇO DE 2018]]></Identifica>
    <Data><![CDATA[]]></Data>
    <Ementa />
    <Titulo />
    <SubTitulo />
    <Texto><![CDATA[<p class="identifica">ATO Nº 167, DE 27 DE MARÇO DE 2018</p><p>O DIRETOR-GERAL DA SECRETARIA SUBSTITUTO DO TRIBUNAL SUPERIOR DO TRABALHO, no uso de suas atribuições legais e regulamentares,</p><p>considerando o constante do Processo TST nº 502.627/2018-3, resolve:</p><p>Dispensar a servidora MONIQUE RAMOS DE ARAUJO COELHO GOULART, código 39088, Analista Judiciária do Tribunal Regional do Trabalho da 1ª Região-RJ, removida para esta Corte, da função comissionada de Assistente 3, Nível FC-3, da Coordenadoria de Saúde Complementar, com efeitos a contar de 27 de março de 2018.</p><p class="assina">JOSÉ RAILTON SILVA RÊGO</p>]]></Texto>
  </body>
</article></xml>