﻿<xml><article id="2342052" name="publicar-2-abril-DOU 2-RN-1PT-43" idOficio="4728767" pubName="DO2" artType="Portaria" pubDate="02/04/2018" artClass="00034:00007:00041:00000:00000:00000:00000:00000:00000:00000:00025:00005" artCategory="Ministério Público da União/Ministério Público Federal/Procuradoria da República no Estado do Rio Grande do Norte" artSize="8" artNotes="" numberPage="73" pdfPage="http://pesquisa.in.gov.br/imprensa/jsp/visualiza/index.jsp?data=02/04/2018&amp;jornal=529&amp;pagina=73" editionNumber="62" highlight="" idMateria="10634678">
  <body>
    <Identifica><![CDATA[ PORTARIA Nº 43, DE 26 DE MARÇO DE 2018]]></Identifica>
    <Data><![CDATA[]]></Data>
    <Ementa />
    <Titulo />
    <SubTitulo />
    <Texto><![CDATA[<p class="identifica">PORTARIA Nº 43, DE 26 DE MARÇO DE 2018</p><p>A PROCURADORA-CHEFE DA PROCURADORIA DA REPÚBLICA NO ESTADO DO RIO GRANDE DO NORTE, no exercício das atribuições legais que foram conferidas pela Portaria SG/MPF nº 382, de 05 de maio de 2015, resolve:</p><p>Art. 1º - Exonerar o servidor MANOEL RAULINO DA COSTA MEDEIROS JUNIOR, ocupante do cargo de Analista do MPU/Apoio Jurídico/Direito, Matrícula nº 23728, do Cargo em Comissão de Assessor - Nível II - CC-2, da Procuradoria da República no Rio Grande do Norte/Ceará-Mirim, vinculada ao Gabinete do Procurador da República Fernando Rocha de Andrade;</p><p>Art. 2º - Dispensar o servidor CLAUDEMIR JOSÉ DA SILVA, ocupante do cargo de Técnico do MPU/Apoio Técnico-Administrativo/Administração, Matrícula nº 3487, da Função de Confiança de Assistente Nível II, FC-2, da Procuradoria da República no Rio Grande do Norte/Ceará-Mirim, vinculada ao Gabinete do Procurador da República Fernando Rocha de Andrade;</p><p>Art. 3º - Nomear o servidor CLAUDEMIR JOSÉ DA SILVA, ocupante do cargo de Técnico do MPU/Apoio Técnico-Administrativo/Administração, Matrícula nº 3487, para exercer o Cargo em Comissão de Assessor - Nível II - CC-2, da Procuradoria da República no Rio Grande do Norte/Ceará-Mirim, vinculada ao Gabinete do Procurador da República Fernando Rocha de Andrade;</p><p>Art. 4º - Designar o servidor MANOEL RAULINO DA COSTA MEDEIROS JUNIOR, ocupante do cargo de Analista do MPU/Apoio Jurídico/Direito, Matrícula nº 23728, para exercer a Função de Confiança de Assistente Nível II, FC-2, da Procuradoria da República no Rio Grande do Norte/Ceará-Mirim, vinculada ao Gabinete do Procurador da República Fernando Rocha de Andrade;</p><p>Art. 5º - Esta Portaria entra em vigor na data de sua publicação.</p><p class="assina">CAROLINE MACIEL DA COSTA LIMA DA MATA</p>]]></Texto>
  </body>
</article></xml>