﻿<xml><article id="2343120" name="2018-03-28/4731400/TCUWS_1063984" idOficio="4731400" pubName="DO2" artType="Portaria" pubDate="02/04/2018" artClass="00035:00008:00002:00002:00000:00000:00000:00000:00000:00000:00025:00001" artCategory="Tribunal de Contas da União/Secretaria-Geral de Administração/Secretaria de Gestão de Pessoas/Diretoria de Legislação de Pessoal" artSize="8" artNotes="" numberPage="74" pdfPage="http://pesquisa.in.gov.br/imprensa/jsp/visualiza/index.jsp?data=02/04/2018&amp;jornal=529&amp;pagina=74" editionNumber="62" highlight="" idMateria="10639841">
  <body>
    <Identifica><![CDATA[ PORTARIA Nº 67, DE 28 DE MARÇO DE 2018]]></Identifica>
    <Data><![CDATA[]]></Data>
    <Ementa />
    <Titulo />
    <SubTitulo />
    <Texto><![CDATA[<p class="identifica">PORTARIA Nº 67, DE 28 DE MARÇO DE 2018</p><p>O DIRETOR DE LEGISLAÇÃO DE PESSOAL DO TRIBUNAL DE CONTAS DA UNIÃO, no uso das atribuições que lhe confere o disposto no inciso I, do Art. 13 da Portaria n° 21, de 09 de fevereiro de 2018, do Secretário de Gestão de Pessoas deste Tribunal, e tendo em vista o que consta da Portaria-CCG nº 05, de 22 de março de 2018, resolve:</p><p>Art. 1º Designar LUCIÊNIO DE LIMA DOS SANTOS, Matrícula 10078-1, TEFC, para exercer, na Assessoria da Segedam, a função de confiança de Especialista Sênior I, código FC-3, no período compreendido entre a data de publicação desta Portaria e 31 de dezembro de 2018.</p><p>Art. 2º Esta Portaria entra em vigor na data de sua publicação.</p><p class="assina">CÍCERO MEDEIROS DE ALENCAR</p>]]></Texto>
  </body>
</article></xml>