﻿<xml><article id="2341454" name="ATO TRT GP 135-2018 - Aposentado" idOficio="4727843" pubName="DO2" artType="Ato" pubDate="02/04/2018" artClass="00038:00060:00000:00000:00000:00000:00000:00000:00000:00000:00001:00007" artCategory="Poder Judiciário/Tribunal Regional do Trabalho da 21ª Região/Presidência" artSize="8" artNotes="" numberPage="89" pdfPage="http://pesquisa.in.gov.br/imprensa/jsp/visualiza/index.jsp?data=02/04/2018&amp;jornal=529&amp;pagina=89" editionNumber="62" highlight="" idMateria="10633225">
  <body>
    <Identifica><![CDATA[ ATO Nº 135, DE 26 DE MARÇO DE 2018 ]]></Identifica>
    <Data><![CDATA[]]></Data>
    <Ementa />
    <Titulo />
    <SubTitulo />
    <Texto><![CDATA[<p class="identifica">ATO Nº 135, DE 26 DE MARÇO DE 2018</p><p>A PRESIDENTE DO TRIBUNAL REGIONAL DO TRABALHO DA 21ª REGIÃO, no uso de suas atribuições, e de acordo com o constante do PROAD Nº 1402/2018, resolve:</p><p>APOSENTAR voluntariamente, com proventos integrais (30/30), a servidora SUSANE SODRÉ DE SIQUEIRA, matrícula nº 308.21.0402, no cargo efetivo da carreira judiciária de Técnico Judiciário, Área Administrativa, Sem Especialidade, nível intermediário, Classe "C", Padrão 13, nº 73, do Quadro Permanente de Pessoal da Secretaria deste Tribunal, de acordo com o artigo 3º da EC Nº 47/2005, compostos do vencimento do cargo efetivo, da Gratificação de Atividade Judiciária, de acordo com o art. 13 da Lei Nº 11.416/2006, incidente sobre o vencimento básico, mais as seguintes vantagens: 11% (onze por cento) de Adicional por Tempo de Serviço, conforme art. 67 da Lei 8.112/1990; Vantagem Pessoal Nominalmente Identificada, correspondente a 5/5 (cinco quintos) de Funções Comissionadas, sendo 1/5 (um quinto) da Função Comissionada de Chefe de Gabinete - FC 05, e 4/5 (quatro quintos) da Função Comissionada de Chefe de Gabinete - FC 04, nos termos do § 2º, art. 15, da Lei 9.527/1997, c/c o Art. 2º da Lei Nº 9.624/1998 e a opção do Art. 2º da Lei Nº 8.911/1994, de acordo com a RA 1390/2010 - TST, incidente sobre a Função Comissionada de Responsável pelo Setor de Iniciais - FC 02.</p><p></p><p class="assina">Des. AUXILIADORA RODRIGUES</p>]]></Texto>
  </body>
</article></xml>