﻿<xml><article id="2342394" name="DOU 2-PUBLICAR-02-ABRIL-RS-1PT-2" idOficio="4729390" pubName="DO2" artType="Portaria" pubDate="02/04/2018" artClass="00034:00007:00042:00000:00000:00000:00000:00000:00000:00000:00025:00002" artCategory="Ministério Público da União/Ministério Público Federal/Procuradoria da República no Estado do Rio Grande do Sul" artSize="8" artNotes="" numberPage="73" pdfPage="http://pesquisa.in.gov.br/imprensa/jsp/visualiza/index.jsp?data=02/04/2018&amp;jornal=529&amp;pagina=73" editionNumber="62" highlight="" idMateria="10636122">
  <body>
    <Identifica><![CDATA[ PORTARIA Nº 256, DE 27 DE MARÇO DE 2018]]></Identifica>
    <Data><![CDATA[]]></Data>
    <Ementa />
    <Titulo />
    <SubTitulo />
    <Texto><![CDATA[<p class="identifica">PORTARIA Nº 256, DE 27 DE MARÇO DE 2018</p><p>A PROCURADORA-CHEFE DA PROCURADORIA DA REPÚBLICA NO ESTADO DO RIO GRANDE DO SUL, no exercício de suas atribuições legais, de acordo com a competência que lhe foi delegada pela Portaria PGR nº 1.036, de 27/09/2017, bem como Ofício nº 580/2018/SG, de 07.03.2018 (ÚNICO PGR-00099902/2018) e solicitação contida no Ofício nº 263/2018, de 13/03/2018 (ÚNICO PRM-CAP-RS-00001078/2018), resolve:</p><p>Nomear LUAN DA SILVA GONÇALVES, CPF 016.357.550-93, Bacharel em Direito, para exercer o cargo em comissão de Assessor Nível II, código CC-2, do GABPRM1 - ACR - Gabinete do Procurador da República André Casagrande Raupp, na Procuradoria da República no Município de Capão da Canoa, no Estado do Rio Grande do Sul.</p><p class="assina">PATRÍCIA NÚÑEZ WEBER</p>]]></Texto>
  </body>
</article></xml>