﻿<xml><article id="2388050" name="PORTnº051SEGAD27032018" idOficio="4731306" pubName="DO2" artType="Portaria" pubDate="04/04/2018" artClass="00017:00002:00036:00008:00000:00000:00000:00000:00000:00000:00025:00001" artCategory="Ministério da Saúde/Secretaria Executiva/Núcleo Estadual em Sergipe/Serviço de Gestão Administrativa" artSize="8" artNotes="" numberPage="34" pdfPage="http://pesquisa.in.gov.br/imprensa/jsp/visualiza/index.jsp?data=04/04/2018&amp;jornal=529&amp;pagina=34" editionNumber="64" highlight="" idMateria="10639653">
  <body>
    <Identifica><![CDATA[ PORTARIA Nº 51, DE 27 de março de 2018]]></Identifica>
    <Data><![CDATA[]]></Data>
    <Ementa />
    <Titulo />
    <SubTitulo />
    <Texto><![CDATA[<p class="identifica">PORTARIA Nº 51, DE 27 de março de 2018</p><p>O CHEFE DO SERVIÇO DE GESTÃO ADMINISTRATIVA DO NÚCLEO ESTADUAL DO MINISTÉRIO DA SAÚDE EM SERGIPE, nomeado pela PT MS/GM nº. 646, de 19 de março de 2018, publicada no DOU nº. 56, de 22 de março de 2018, no uso de suas atribuições legais e de acordo com a competência que lhe foi subdelegada pela PT nº. 1.804/SAA/SE/MS, de 01/10/2013, publicada no DOU n.º 192, de 03/10/2013, resolve:</p><p>Art. 1º Conceder Aposentadoria Voluntária Integral à servidora MARIA JOSÉ MACHADO DO AMORIM, matrícula SIAPE nº 577.183, ocupante do cargo de Médico, Nível Superior, Classe S, Padrão III, do quadro de pessoal deste Ministério, com fundamento no art. 3º, incisos I, II e III da Emenda Constitucional nº 47/2005, com proventos correspondentes à totalidade da remuneração do servidor no cargo efetivo em que se der a aposentadoria na forma da lei. (Processo SEI nº 25021.000502/2018-51)</p><p class="assina">KLEDER OLIVEIRA DE MELO</p>]]></Texto>
  </body>
</article></xml>