﻿<xml><article id="2341481" name="PORT_5812649" idOficio="4727764" pubName="DO2" artType="Portaria" pubDate="02/04/2018" artClass="00038:00007:00001:00000:00000:00000:00000:00000:00000:00000:00001:00013" artCategory="Poder Judiciário/Tribunal Regional Federal da 1ª Região/Presidência" artSize="8" artNotes="" numberPage="79" pdfPage="http://pesquisa.in.gov.br/imprensa/jsp/visualiza/index.jsp?data=02/04/2018&amp;jornal=529&amp;pagina=79" editionNumber="62" highlight="" idMateria="10633129">
  <body>
    <Identifica><![CDATA[ Portaria nº 5812649, DE 26 DE MARÇO DE 2018]]></Identifica>
    <Data><![CDATA[]]></Data>
    <Ementa />
    <Titulo />
    <SubTitulo />
    <Texto><![CDATA[<p class="identifica">Portaria nº 5812649, DE 26 DE MARÇO DE 2018</p><p>O PRESIDENTE DO TRIBUNAL REGIONAL FEDERAL DA 1ª REGIÃO, no uso de suas atribuições legais e regimentais e tendo em vista o constante nos autos dos PAe 0022712-26.2015.4.01.8008 e 0000917-56.2018.4.01.8008 (doc. 5811928), Resolve:</p><p>TORNAR SEM EFEITO a Portaria Presi - 5539106, que revogou a cessão para a Subseção Judiciária de Montes Claros da servidora ANA CAROLINA ABREU VALENTE, Analista Judiciária, Área Administrativa, do Quadro de Pessoal da Seção Judiciária do Estado de Minas Gerais, Subseção Judiciária de Uberlândia, autorizada pela Portaria Presi 361, de 16/11/2016, publicada no Diário Oficial da União de 18/11/2016, Seção 2, bem como o Despacho Presi 5539119, que concedeu-lhe 15 (quinze) dias de trânsito.</p><p class="assina">Des HILTON QUEIROZ</p>]]></Texto>
  </body>
</article></xml>