﻿<xml><article id="2342433" name="PORTARIAS CENTRO 2017 I - DOU" idOficio="4729576" pubName="DO2" artType="Portaria" pubDate="02/04/2018" artClass="00011:00135:00006:00000:00000:00000:00000:00000:00000:00000:00025:00001" artCategory="Ministério da Educação/Universidade Federal de Santa Maria/Centro de Ciências Sociais e Humanas" artSize="8" artNotes="" numberPage="36" pdfPage="http://pesquisa.in.gov.br/imprensa/jsp/visualiza/index.jsp?data=02/04/2018&amp;jornal=529&amp;pagina=36" editionNumber="62" highlight="" idMateria="10636416">
  <body>
    <Identifica><![CDATA[ PORTARIA Nº  63, DE 27 DE MARÇO DE 2018 ]]></Identifica>
    <Data><![CDATA[]]></Data>
    <Ementa />
    <Titulo />
    <SubTitulo />
    <Texto><![CDATA[<p></p><p class="identifica">PORTARIA Nº 63, DE 27 DE MARÇO DE 2018</p><p>O DIRETOR DO CENTRO DE CIÊNCIAS SOCIAIS E HUMANAS, da Universidade Federal de Santa Maria, no uso de suas atribuições legais e estatutárias, e competência delegada pelo Magnífico Reitor desta Universidade, através da Portaria n. 55.927, de 29 de setembro de 2009, resolve:</p><p>DESIGNAR a servidora Carina Marques Milano, SIAPE 1756675, para a Função Gratificada de Diretor de Departamento Administrativo da Biblioteca Setorial do CCSH, Código FG-1.193, a partir da publicação no Diário Oficial da União.</p><p>II - Dispensar, a pedido, o servidor Luciano Rapetti, SIAPE 2355746, da Função de Diretor Substituto do Departamento Administrativo da Biblioteca Setorial do CCSH, Código FG-1.193, o qual foi designado pela Portaria n. 106, de 29 de março de 2017.</p><p class="assina">MAURI LEODIR LÖBLER</p><p></p>]]></Texto>
  </body>
</article></xml>