﻿<xml><article id="2341938" name="ATO GP 145_2018_APOSENTADORIA LE" idOficio="4728591" pubName="DO2" artType="Ato" pubDate="02/04/2018" artClass="00038:00005:00001:00000:00000:00000:00000:00000:00000:00000:00001:00001" artCategory="Poder Judiciário/Tribunal Superior do Trabalho/Presidência" artSize="8" artNotes="" numberPage="77" pdfPage="http://pesquisa.in.gov.br/imprensa/jsp/visualiza/index.jsp?data=02/04/2018&amp;jornal=529&amp;pagina=77" editionNumber="62" highlight="" idMateria="10634419">
  <body>
    <Identifica><![CDATA[ ATO Nº 145, DE 23 MARÇO DE 2018]]></Identifica>
    <Data><![CDATA[]]></Data>
    <Ementa />
    <Titulo />
    <SubTitulo />
    <Texto><![CDATA[<p class="identifica">ATO Nº 145, DE 23 MARÇO DE 2018</p><p>O PRESIDENTE DO TRIBUNAL SUPERIOR DO TRABALHO, no uso de suas atribuições legais e regimentais e tendo em vista o constante do Processo Administrativo TST nº 505.615/2017-3, resolve:</p><p>Conceder aposentadoria voluntária por tempo de contribuição, com proventos integrais, à servidora LEILA MARIA DE CASTRO, código 3595, no cargo da Carreira Judiciária de Analista Judiciário, Área de Apoio Especializado, Especialidade Taquigrafia, Classe C, Padrão 13, com fundamento no art. 3º, incisos I a III, e parágrafo único, da Emenda Constitucional nº 47/2005; no art. 62-A da Lei nº 8.112/1990, com redação dada pelo art. 3º da Medida Provisória nº 2.225-45/2001; e no art. 18 da Lei nº 11.416/2006, com redação dada pela Lei nº 12.774/2012, em conformidade com o Acórdão nº 2.076/2005-Plenário do Tribunal de Contas da União.</p><p class="assina">Min. JOÃO BATISTA BRITO PEREIRA</p>]]></Texto>
  </body>
</article></xml>