﻿<xml><article id="2342856" name="portarias-R DOU 27.03.18 envio e" idOficio="4729548" pubName="DO2" artType="Portaria" pubDate="02/04/2018" artClass="00011:00128:00000:00000:00000:00000:00000:00000:00000:00000:00025:00001" artCategory="Ministério da Educação/Universidade Federal do Rio Grande do Norte" artSize="8" artNotes="" numberPage="33" pdfPage="http://pesquisa.in.gov.br/imprensa/jsp/visualiza/index.jsp?data=02/04/2018&amp;jornal=529&amp;pagina=33" editionNumber="62" highlight="" idMateria="10637175">
  <body>
    <Identifica><![CDATA[ PORTARIAS DE 27 DE MARÇO DE 2018]]></Identifica>
    <Data><![CDATA[]]></Data>
    <Ementa />
    <Titulo />
    <SubTitulo />
    <Texto><![CDATA[<p class="identifica">PORTARIAS DE 27 DE MARÇO DE 2018</p><p>O REITOR EM EXERCÍCIO DA UNIVERSIDADE FEDERAL DO RIO GRANDE DO NORTE, usando da atribuição que lhe confere o artigo 23, do Estatuto da UFRN, combinado com o artigo 48, parágrafos 1° e 2º, do mesmo Estatuto; CONSIDERANDO o disposto no artigo 7º, da Lei n.º 12.677/2012, publicada no Diário Oficial da União de 26.06.12, resolve:</p><p>Nº 501 - Designar MAURICIO ROBERTO BOMIO DELMONTE, matrícula n.º 1883170, Professor Adjunto, do Quadro de Pessoal da Universidade, para exercer a Função Comissionada de Coordenação de Curso - FCC, do Programa de Pós-Graduação em Ciência e Engenharia de Materiais, do Centro de Tecnologia/ Centro de Ciências Exatas e da Terra, para um mandato de 02 (dois) anos. (Processo n.º 23077.008970/2018-01)</p><p>Nº 503 - Designar PAULO MARCOS DA MATTA GUEDES, matrícula n.º 1752367, Professor Adjunto, do Quadro de Pessoal da Universidade, para exercer a Função Comissionada de Coordenação de Curso - FCC, do Programa de Pós-Graduação em Biologia Parasitária, do Centro de Biociências, para um mandato de 02 (dois) anos. (Processo n.º 23077.011920/2018-01)</p><p class="assina">HENIO FERREIRA DE MIRANDA</p>]]></Texto>
  </body>
</article></xml>