﻿<xml><article id="2343096" name="DOU 02-04-2018 - FC - Titulares" idOficio="4731483" pubName="DO2" artType="Ato" pubDate="02/04/2018" artClass="00037:00001:00000:00000:00000:00000:00000:00000:00000:00000:00001:00003" artCategory="Poder Legislativo/Câmara dos Deputados" artSize="8" artNotes="" numberPage="75" pdfPage="http://pesquisa.in.gov.br/imprensa/jsp/visualiza/index.jsp?data=02/04/2018&amp;jornal=529&amp;pagina=75" editionNumber="62" highlight="" idMateria="10639947">
  <body>
    <Identifica><![CDATA[ ATOS De  28 DE MARÇO DE 2018]]></Identifica>
    <Data><![CDATA[]]></Data>
    <Ementa />
    <Titulo />
    <SubTitulo />
    <Texto><![CDATA[<p class="identifica">ATOS De 28 DE MARÇO DE 2018</p><p>O PRESIDENTE DA CÂMARA DOS DEPUTADOS, no uso das atribuições que lhe confere o artigo 1º, inciso I, alínea "a" do Ato da Mesa n.º 205, de 28 de junho de 1990, resolve:</p><p>DISPENSAR, de acordo com o artigo 35, inciso I, da Lei n° 8.112, de 11 de dezembro de 1990, ANA PAULA FERNANDES RODRIGUES, ponto nº 5248, ocupante de cargo da Categoria Funcional de Técnico Legislativo - atribuição Operador de Audiovisual, Classe Especial, Padrão 10, da função comissionada de Assessor Técnico, FC-3, da Assessoria-Técnico-Jurídica, do Quadro de Pessoal da Câmara dos Deputados, a partir de 02 de abril de 2018.</p><p>DISPENSAR, de acordo com o artigo 35, inciso I, da Lei n° 8.112, de 11 de dezembro de 1990, DJALMA LOUZEIRO CAVALCANTE, ponto nº 5924, ocupante de cargo da Categoria Funcional de Técnico Legislativo - atribuição Agente de Polícia Legislativa, Classe Especial, Padrão 10, da função comissionada de Chefe da Seção de Policiamento do Edifício Principal, FC-1, da Coordenação de Segurança Orgânica, do Departamento de Polícia Legislativa, do Quadro de Pessoal da Câmara dos Deputados.</p><p>DISPENSAR, de acordo com o artigo 35, inciso I, da Lei n° 8.112, de 11 de dezembro de 1990, KATIA DA CONSOLAÇÃO DOS SANTOS, ponto nº 5368, ocupante de cargo da Categoria Funcional de Técnico Legislativo - atribuição Assistente Administrativo, Classe Especial, Padrão 10, da função comissionada de Secretário-Executivo de Comissão, FC-3, da Secretaria da Comissão de Legislação Participativa, da Coordenação de Comissões Permanentes, do Departamento de Comissões, do Quadro de Pessoal da Câmara dos Deputados.</p><p>DISPENSAR, de acordo com o artigo 35, inciso I, da Lei n° 8.112, de 11 de dezembro de 1990, PAULA LOU ANE MATOS BRAGA, ponto nº 7560, ocupante de cargo da Categoria Funcional de Técnico Legislativo - atribuição Assistente Administrativo, Classe B, Padrão 06, da função comissionada de Chefe de Secretaria do Gabinete do Líder do Partido Republicano da Ordem Social, FC-2, do Quadro de Pessoal da Câmara dos Deputados.</p><p>DISPENSAR, de acordo com o artigo 35, inciso I, da Lei n° 8.112, de 11 de dezembro de 1990, SABRINA APARECIDA CARNEIRO ALVES, ponto nº 8241, ocupante de cargo da Categoria Funcional de Analista Legislativo - atribuição Técnica Legislativa, Classe A, Padrão 02, da função comissionada de Assistente de Gabinete, FC-1, do Gabinete do Presidente, do Quadro de Pessoal da Câmara dos Deputados.</p><p>O PRESIDENTE DA CÂMARA DOS DEPUTADOS, no uso das atribuições que lhe confere o artigo 1º, inciso I, alínea "a" do Ato da Mesa n.º 205, de 28 de junho de 1990, e o artigo 6º da Lei nº 8.112, de 11 de dezembro de 1990, resolve:</p><p>DESIGNAR, na forma do artigo 13 da Resolução n.º 21, de 4 de novembro de 1992, MARCELO GUEDES DE RESENDE, ponto n° 5532, ocupante de cargo da Categoria Funcional de Técnico Legislativo - atribuição Agente de Polícia Legislativa, Classe Especial, Padrão 10, para exercer a função comissionada de Chefe da Seção de Policiamento do Edifício Principal, FC-1, da Coordenação de Segurança Orgânica, do Departamento de Polícia Legislativa, do Quadro de Pessoal da Câmara dos Deputados.</p><p>DESIGNAR, na forma do artigo 13 da Resolução n.º 21, de 4 de novembro de 1992, MARISTELA MARTHA DE ALCANTARA SILVA SAMPAIO, ponto n° 6895, ocupante de cargo da Categoria Funcional de Analista Legislativo - atribuição Técnico em Comunicação Social - Televisão, Classe Especial, Padrão 10, para exercer a função comissionada de Assistente de Gabinete, FC-1, do Gabinete do Presidente, do Quadro de Pessoal da Câmara dos Deputados.</p><p>DESIGNAR, na forma do artigo 13 da Resolução n.º 21, de 4 de novembro de 1992, PAULA LOU ANE MATOS BRAGA, ponto n° 7560, ocupante de cargo da Categoria Funcional de Técnico Legislativo - atribuição Assistente Administrativo, Classe B, Padrão 06, para exercer a função comissionada de Secretário-Executivo de Comissão, FC-3, da Secretaria da Comissão de Legislação Participativa, da Coordenação de Comissões Permanentes, do Departamento de Comissões, do Quadro de Pessoal da Câmara dos Deputados.</p><p class="assina">Rodrigo Maia</p>]]></Texto>
  </body>
</article></xml>