﻿<xml><article id="2361723" name="069 - Exonera Celso de Barros e " idOficio="4727018" pubName="DO2" artType="Portaria" pubDate="03/04/2018" artClass="00038:00001:00002:00000:00000:00000:00000:00000:00000:00000:00025:00001" artCategory="Poder Judiciário/Supremo Tribunal Federal/Presidência" artSize="8" artNotes="" numberPage="58" pdfPage="http://pesquisa.in.gov.br/imprensa/jsp/visualiza/index.jsp?data=03/04/2018&amp;jornal=529&amp;pagina=58" editionNumber="63" highlight="" idMateria="10631872">
  <body>
    <Identifica><![CDATA[ PORTARIA Nº 69, DE 26 DE MARÇO DE 2018]]></Identifica>
    <Data><![CDATA[]]></Data>
    <Ementa />
    <Titulo />
    <SubTitulo />
    <Texto><![CDATA[<p class="identifica">PORTARIA Nº 69, DE 26 DE MARÇO DE 2018</p><p>A PRESIDENTE DO SUPREMO TRIBUNAL FEDERAL, no uso de suas atribuições e com base no inc. II do art. 9º e nos incisos I e II do art. 35 da Lei nº 8.112/1990, resolve, por solicitação do Ministro Gilmar Mendes, promover as seguintes alterações em seu Gabinete:</p><p>Art. 1° Exonerar:</p><p>I - a pedido CELSO DE BARROS CORREIA NETO do cargo em comissão de Chefe de Gabinete, nível CJ-3;</p><p>II - JOSÉ DOS SANTOS CARVALHO FILHO, Analista Judiciário, Área Judiciária, do cargo em comissão de Assessor de Ministro, nível CJ-3.</p><p>Art. 2º Nomear JOSÉ DOS SANTOS CARVALHO FILHO, Analista Judiciário, Área Judiciária, para exercer o cargo em comissão de Chefe de Gabinete, nível CJ-3.</p><p class="assina">Min. CÁRMEN LÚCIA</p>]]></Texto>
  </body>
</article></xml>