﻿<xml><article id="2342514" name="DOU TRF2-ATP-2018-00103" idOficio="4729242" pubName="DO2" artType="Ato" pubDate="02/04/2018" artClass="00038:00008:00001:00000:00000:00000:00000:00000:00000:00000:00001:00006" artCategory="Poder Judiciário/Tribunal Regional Federal da 2ª Região/Presidência" artSize="8" artNotes="" numberPage="79" pdfPage="http://pesquisa.in.gov.br/imprensa/jsp/visualiza/index.jsp?data=02/04/2018&amp;jornal=529&amp;pagina=79" editionNumber="62" highlight="" idMateria="10635905">
  <body>
    <Identifica><![CDATA[ ATO Nº 103, DE 16 DE MARÇO DE 2018]]></Identifica>
    <Data><![CDATA[]]></Data>
    <Ementa />
    <Titulo />
    <SubTitulo />
    <Texto><![CDATA[<p class="identifica">ATO Nº 103, DE 16 DE MARÇO DE 2018</p><p>O PRESIDENTE DO TRIBUNAL REGIONAL FEDERAL DA 2ª REGIÃO, no uso de suas atribuições, e considerando o que consta do Procedimento Administrativo nº TRF2-PES-2017/00795, do Acórdão nº 2.784/2016-TCU-Plenário e do Despacho nº TRF2-DES-2018/00703, resolve:</p><p>ALTERAR o Ato nº TRF2-ATP-2017/00416, de 06.10.2017, publicado no D.O.U. em 17.10.2017, que concedeu aposentadoria voluntária, com proventos integrais, ao servidor ISRAEL SOARES, Analista Judiciário/Oficial de Justiça Avaliador Federal, NS, Classe "C", Padrão 13, do Quadro de Pessoal da Justiça Federal de Primeiro Grau - Seção Judiciária do Rio de Janeiro, para excluir a Vantagem Pessoal Nominalmente Identificada, prevista no art. 62-A, da Lei nº 8.112-90, incorporada nos termos do art. 3º da Lei nº 8.911, de 11.07.1994, a partir de 17.10.2017, data da aposentadoria.</p><p class="assina">ANDRÉ FONTES</p>]]></Texto>
  </body>
</article></xml>