﻿<xml><article id="2342022" name="LAUDA SCCN DOU 27 março" idOficio="4728198" pubName="DO2" artType="Ato" pubDate="02/04/2018" artClass="00038:00054:00003:00000:00000:00000:00000:00000:00000:00000:00001:00001" artCategory="Poder Judiciário/Tribunal Regional do Trabalho da 15ª Região/Presidência" artSize="8" artNotes="" numberPage="86" pdfPage="http://pesquisa.in.gov.br/imprensa/jsp/visualiza/index.jsp?data=02/04/2018&amp;jornal=529&amp;pagina=86" editionNumber="62" highlight="" idMateria="10633755">
  <body>
    <Identifica><![CDATA[ ATO CPV Nº 23, DE 02 DE MARÇO DE 2018]]></Identifica>
    <Data><![CDATA[]]></Data>
    <Ementa />
    <Titulo />
    <SubTitulo />
    <Texto><![CDATA[<p class="identifica">ATO CPV Nº 23, DE 02 DE MARÇO DE 2018</p><p>O DESEMBARGADOR PRESIDENTE DO TRIBUNAL REGIONAL DO TRABALHO DA 15ª REGIÃO, no uso de suas atribuições legais e regimentais, e tendo em vista o que consta do Processo PROAD nº 7505/2017, resolve:</p><p>Redistribuir, a partir de 02 de abril de 2018, o cargo efetivo de Técnico Judiciário, área Administrativa, do Quadro Permanente da Secretaria deste Tribunal, ocupado pelo servidor ALEX JORGE DOMINGUES, para o Quadro Permanente da Secretaria do Tribunal Regional do Trabalho da 2ª Região, de acordo com o artigo 37, incisos I a VI, § 1º, da Lei nº 8.112/1990, tendo por reciprocidade a redistribuição simultânea de 01 (um) cargo idêntico, do Quadro Permanente da Secretaria daquele E. Tribunal para esta Corte, ocupado pela servidora MARIANA CALDAS NOGUEIRA.</p><p class="assina">Fernando da Silva Borges</p><p class="identifica">ATO CPV Nº 44, DE 19 DE MARÇO DE 2018</p><p>O DESEMBARGADOR PRESIDENTE DO TRIBUNAL REGIONAL DO TRABALHO DA 15ª REGIÃO, no uso de suas atribuições legais e regimentais, e tendo em vista o que consta do Protocolo PAE nº 141/2018, resolve:</p><p>Exonerar AMANDA MAENO SILVA PROENÇA, Técnico Judiciário, área Administrativa, do Quadro Permanente da Secretaria deste Tribunal, do cargo em comissão de Diretor de Serviço de Distribuição de Feitos CJ-02, do mesmo Quadro.</p><p class="assina">Fernando da Silva Borges</p><p class="identifica">ATO CPV Nº 48, DE 26 DE MARÇO DE 2018</p><p>O DESEMBARGADOR PRESIDENTE DO TRIBUNAL REGIONAL DO TRABALHO DA 15ª REGIÃO, no uso de suas atribuições legais e regimentais, e tendo em vista o que consta do Processo PROAD nº 3775/2018, resolve::</p><p>Exonerar, a pedido, nos termos dos artigos 33, inciso I, e 34, da Lei nº 8.112/1990, MARCELO DE ALMEIDA SOBRAL, do cargo de Analista Judiciário, área Judiciária, especialidade Oficial de Justiça Avaliador Federal, do Quadro Permanente da Secretaria deste Tribunal, a partir de 13 de março de 2018</p><p class="assina">Fernando da Silva Borges</p>]]></Texto>
  </body>
</article></xml>