﻿<xml><article id="2341499" name="Márcia Rodrigues Mouradian - Ric" idOficio="4727006" pubName="DO2" artType="Portaria" pubDate="02/04/2018" artClass="00017:00021:00037:00000:00000:00000:00000:00000:00000:00000:00025:00001" artCategory="Ministério da Saúde/Fundação Nacional de Saúde/Superintendência Estadual no Rio de Janeiro" artSize="8" artNotes="" numberPage="49" pdfPage="http://pesquisa.in.gov.br/imprensa/jsp/visualiza/index.jsp?data=02/04/2018&amp;jornal=529&amp;pagina=49" editionNumber="62" highlight="" idMateria="10631935">
  <body>
    <Identifica><![CDATA[ PORTARIA Nº 1.470, DE 15 DE MARÇO DE 2018 ]]></Identifica>
    <Data><![CDATA[]]></Data>
    <Ementa />
    <Titulo />
    <SubTitulo />
    <Texto><![CDATA[<p class="identifica">PORTARIA Nº 1.470, DE 15 DE MARÇO DE 2018</p><p>O SUPERINTENDENTE ESTADUAL DA FUNDAÇÃO NACIONAL DE SAÚDE NO ESTADO DO RIO DE JANEIRO, nomeado pela Portaria nº578 de 28/07/2016, publicada no DOU nº145 de 29/07/2016 e no uso de suas atribuições conforme o Decreto nº 8.867 de 03/10/2016, publicado no DOU do dia subsequente, resolve:</p><p>Art. 1º Aposentar a servidora MÁRCIA RODRIGUES MOURADIAN, Matrícula SIAPE nº. 244282, ocupante do cargo de Auxiliar de Administração, Classe "S", Padrão III, do Quadro de Pessoal da Fundação Nacional de Saúde, com proventos proporcionais ao tempo de contribuição, com fundamento no Artigo 40, parágrafo 1º, inciso I da Constituição Federal/1988, com redação dada pela Emenda Constitucional nº. 41/2003, com os proventos calculados com base no art. 1º da Lei nº 10887/04. Processo nº. 25001.063673/2016-67.</p><p>Art. 2º Declarar vago o cargo referido no artigo 1º.</p><p>Art. 3º Esta Portaria entra em vigor na data de sua publicação.</p><p class="assina">CARLOS HENRIQUE NETTO VAZ</p><p></p>]]></Texto>
  </body>
</article></xml>