﻿<xml><article id="2347546" name="EDITAL 03 SOGP PORTO ALEGRE" idOficio="4732086" pubName="DO2" artType="Edital" pubDate="02/04/2018" artClass="00099:00022:00029:00241:00005:00023:00003:00000:00000:00000:00000:00021:00002" artCategory="Editais e Avisos" artSize="8" artNotes="" numberPage="92" pdfPage="http://pesquisa.in.gov.br/imprensa/jsp/visualiza/index.jsp?data=02/04/2018&amp;jornal=529&amp;pagina=92" editionNumber="62" highlight="" idMateria="10641029">
  <body>
    <Identifica><![CDATA[ EDITAL Nº 3,  DE 29 de março de 2018]]></Identifica>
    <Data><![CDATA[]]></Data>
    <Ementa />
    <Titulo />
    <SubTitulo />
    <Texto><![CDATA[<p class="identifica">EDITAL Nº 3, DE 29 de março de 2018</p><p>O CHEFE DA SEÇÃO OPERACIONAL DA GESTÃO DE PESSOAS DA GEXPOA/INSS, substituto, em conformidade com as disposições estabelecidas pelo Decreto nº 7.862/2012, de 08 de dezembro de 2012, Portaria MP nº 363, de 28 de novembro de 2016 e pela Orientação Normativa SEGRT/MP Nº 1, de 02 de janeiro de 2017, resolve,</p><p>1. Tornar pública a relação dos aposentados e/ou pensionistas que terão o pagamento do provento e/ou benefício de pensão suspenso no mês de MARÇO/2018, por motivo de não atendimento à convocação e respectiva notificação para realizar o recadastramento anual, do mês de Dezembro/2017:</p><p></p><table><tr /><tr><td><p>Matrícula</p></td><td><p>CPF</p></td><td><p>Nomes</p></td></tr><tr><td><p>0927215</p></td><td><p>114.681.140-34</p></td><td><p>Francisca Arísio</p></td></tr><tr><td><p>0924401</p></td><td><p>258.442.968-34</p></td><td><p>José Gonçalves da Silva</p></td></tr></table><p>2. O restabelecimento do pagamento do provento e/ou do benefício de pensão fica condicionado ao recadastramento mediante comparecimento pessoal do interessado na Unidade de Recursos Humanos, sito à Rua Jerônimo Coelho, nº 127, sala 1415,</p><p>Centro, em Porto Alegre/RS, portando a documentação estabelecida nos artigos 5º e 6º da ON SEGRT/MP Nº 1, publicada no Diário Oficial da União de 05 de janeiro de 2017.</p><p>3. Na hipótese de moléstia grave ou de impossibilidade de locomoção do aposentado e/ou pensionista deverá ser solicitada visita técnica, por meio do telefone (51) 32085203, para comprovação de vida do titular do benefício, ficando o pagamento restabelecido provisoriamente até que seja realizada a visita.</p><p class="assina">José Luis Dellagnese Fenoy</p>]]></Texto>
  </body>
</article></xml>