﻿<xml><article id="2347795" name="PT 14 E 15 SAO BERNARDO DO CAMPO" idOficio="4732109" pubName="DO2" artType="Portaria" pubDate="02/04/2018" artClass="00022:00029:00239:00020:00000:00000:00000:00000:00000:00000:00025:00004" artCategory="Ministério do Desenvolvimento Social/Instituto Nacional do Seguro Social/Superintendência-Regional Sudeste I em São Paulo/Gerência Executiva - B - São Bernardo do Campo" artSize="8" artNotes="" numberPage="57" pdfPage="http://pesquisa.in.gov.br/imprensa/jsp/visualiza/index.jsp?data=02/04/2018&amp;jornal=529&amp;pagina=57" editionNumber="62" highlight="" idMateria="10641062">
  <body>
    <Identifica><![CDATA[ PORTARIAS DE 20 DE MARÇO DE 2018]]></Identifica>
    <Data><![CDATA[]]></Data>
    <Ementa />
    <Titulo />
    <SubTitulo />
    <Texto><![CDATA[<p class="identifica">PORTARIAS DE 20 DE MARÇO DE 2018</p><p>O GERENTE EXECUTIVO DO INSS EM SÃO BERNARDO DO CAMPO/SP, no uso das atribuições que lhe confere o artigo 230 da Portaria 414/MDS, de 28 de setembro de 2017, publicada no DOU nº 188-A, Edição Extra de 29 de setembro de 2017, resolve:</p><p>Nº 14 - Conceder aposentadoria voluntária integral à servidora ROSA INÊS LOPES GONÇALVES, matrícula siape 0.942.703, ocupante do cargo de Técnico do Seguro Social, código 434550, Classe S, Padrão IV do Quadro de Pessoal do Instituto Nacional do Seguro Social, com fundamento no artigo 3º, incisos I, II e III da Emenda Constitucional nº 47/2005, com proventos mensais integrais, acrescido das demais vantagens a que faz jus, conforme processo nº 35433.000059/2018-20. .Em decorrência do ato declarar vago o referido cargo.</p><p>Nº 15 - Conceder aposentadoria voluntária proporcional ao servidor NILTON TEIXEIRA, matrícula siape 1.638.138, ocupante do cargo de Perito Médico Previdenciário, código 811001, Classe D, Padrão I, do Quadro de Pessoal do Instituto Nacional do Seguro Social, com fundamento no artigo 40, § 1º, inciso III, alínea "b" da Constituição Federal, com redação dada pela Emenda Constitucional nº 41/2003, com proventos proporcionais a 23/35 ávos,calculados com base no artigo 1º da Lei nº 10.887/2004, conforme processo nº 35433.000058/2018-85. Em decorrência do ato declarar vago o referido cargo.</p><p class="assina">VANDERLEI BARBOSA DOS SANTOS</p>]]></Texto>
  </body>
</article></xml>