﻿<xml><article id="2347828" name="PT 18 SOGP BLUMENAU" idOficio="4732109" pubName="DO2" artType="Portaria" pubDate="02/04/2018" artClass="00022:00029:00241:00007:00086:00000:00000:00000:00000:00000:00025:00007" artCategory="Ministério do Desenvolvimento Social/Instituto Nacional do Seguro Social/Superintendência Regional Sul em Florianópolis/Gerência Executiva - B - em Blumenau/Seção Operacional da Gestão de Pessoas" artSize="8" artNotes="" numberPage="60" pdfPage="http://pesquisa.in.gov.br/imprensa/jsp/visualiza/index.jsp?data=02/04/2018&amp;jornal=529&amp;pagina=60" editionNumber="62" highlight="" idMateria="10641065">
  <body>
    <Identifica><![CDATA[ PORTARIA Nº 18, DE 28 DE MARÇO DE 2018]]></Identifica>
    <Data><![CDATA[]]></Data>
    <Ementa />
    <Titulo />
    <SubTitulo />
    <Texto><![CDATA[<p class="identifica">PORTARIA Nº 18, DE 28 DE MARÇO DE 2018</p><p>A CHEFE DA SEÇÃO OPERACIONAL DA GESTÃO DE PESSOAS DA GERÊNCIA EXECUTIVA DO INSTITUTO NACIONAL DO SEGURO SOCIAL - INSS EM BLUMENAU, no uso da competência que lhe foi conferida pela alínea 'a', inciso I da Portaria Nº 414, de 28 de setembro de 2017, publicada no DOU - Edição Extra nº 188-A, de 29/9/2017, que aprovou o Regimento Interno do INSS e Portaria nº 68 INSS/GEXBLU, de 19/07/2012, publicada no DOU nº 140, de 20/07/2012, considerando o contido no Processo Nº 35338.000036/2018-01, resolve:</p><p>Art. 1º Conceder Aposentadoria Voluntária por Tempo de Contribuição a servidora ROSILDA SESTARI, matrícula nº 0948554, ocupante do cargo de Técnico do Seguro Social, Classe S, Padrão IV, do Quadro de Pessoal Ativo Permanente do Instituto Nacional do Seguro Social, com fundamento no Artigo 3º da Emenda Constitucional nº 47, de 05 de julho de 2005, com 19% (dezenove por cento), de Gratificação de Tempo de Serviço e demais vantagens a que faz jus.</p><p>Art. 2º Em consequência da Aposentadoria, declarar vago o referido cargo.</p><p>Art. 3º Esta Portaria entre em vigor na data de sua publicação.</p><p class="assina">ELIANE DOS SANTOS OLIVEIRA</p>]]></Texto>
  </body>
</article></xml>