﻿<xml><article id="2347561" name="PT 49 A 54 SOGP DISTRITO FEDERAL" idOficio="4732086" pubName="DO2" artType="Portaria" pubDate="02/04/2018" artClass="00022:00029:00238:00005:00028:00003:00000:00000:00000:00000:00025:00004" artCategory="Ministério do Desenvolvimento Social/Instituto Nacional do Seguro Social/Superintendência Regional Norte/Centro-Oeste em Brasília/Gerência Executiva - A - no Distrito Federal/Serviço de Administração/Seção Operacional da Gestão de Pessoas" artSize="8" artNotes="" numberPage="55" pdfPage="http://pesquisa.in.gov.br/imprensa/jsp/visualiza/index.jsp?data=02/04/2018&amp;jornal=529&amp;pagina=55" editionNumber="62" highlight="" idMateria="10641031">
  <body>
    <Identifica><![CDATA[ PortariAs de 29 de março de 2018]]></Identifica>
    <Data><![CDATA[]]></Data>
    <Ementa />
    <Titulo />
    <SubTitulo />
    <Texto><![CDATA[<p class="identifica">PortariAs de 29 de março de 2018</p><p>A CHEFE SUBSTITUTA DA SEÇÃO OPERACIONAL DA GESTÃO DE PESSOAS DA GERÊNCIA EXECUTIVA NO DISTRITO FEDERAL, no uso das atribuições conferidas no art. 235, inciso I, alínea "e" do Regimento Interno do INSS, aprovado pela PT/MDS/GM nº 414 de 28.09.2017, publicada no DOU Edição Extra Nº 188-A, de 29.09.2017, e na forma da legislação, resolve:</p><p>Nº 49 Conceder aposentadoria voluntária ao servidor DORIVAL XAVIER DUARTE matrícula 220.282, ocupante do cargo de Agente de Vigilância, classe S, padrão IV, do Quadro de Pessoal do Instituto Nacional do Seguro Social, com fundamento no art. 3º da Emenda Constitucional nº 47, de 05 de julho de 2005, com proventos integrais e demais vantagens que faz jus. Declarar vago o referido cargo. Processo nº 37284.000199/2018-84</p><p>Nº 50 Conceder aposentadoria voluntária à servidora MARIA DAS GRAÇAS FERNANDES NUNIS matrícula 879.253, ocupante do cargo de Técnico do Seguro Social, classe S, padrão IV, do Quadro de Pessoal do Instituto Nacional do Seguro Social, com fundamento no art. 3º da Emenda Constitucional nº 47, de 05 de julho de 2005, com proventos integrais e demais vantagens que faz jus. Declarar vago o referido cargo. Processo nº 37284.000200/2018-71</p><p>Nº 51 Conceder aposentadoria voluntária à servidora MARIA DAS GRAÇAS JOSÉ DE ARAÚJO matrícula 045.621, ocupante do cargo de Agente de Serviços Diversos, classe S, padrão IV, do Quadro de Pessoal do Instituto Nacional do Seguro Social, com fundamento no art. 3º da Emenda Constitucional nº 47, de 05 de julho de 2005, com proventos integrais e demais vantagens que faz jus. Declarar vago o referido cargo. Processo nº 37284.000615/2016-82</p><p>Nº 52 Conceder aposentadoria voluntária ao servidor OTONIEL BATISTA REDEZ matrícula 890.021, ocupante do cargo de Técnico do Seguro Social, classe S, padrão IV, do Quadro de Pessoal do Instituto Nacional do Seguro Social, com fundamento no art. 3º da Emenda Constitucional nº 47, de 05 de julho de 2005, com proventos integrais e demais vantagens que faz jus. Declarar vago o referido cargo. Processo nº 37284.000056/2018-73</p><p>Nº 53 Conceder aposentadoria voluntária ao servidor VALDENOR TEÓFILO LOPES matrícula 879.181, ocupante do cargo de Agente de Vigilância, classe S, padrão IV, do Quadro de Pessoal do Instituto Nacional do Seguro Social, com fundamento no art. 3º da Emenda Constitucional nº 47, de 05 de julho de 2005, com proventos integrais e demais vantagens que faz jus. Declarar vago o referido cargo. Processo nº 37284.000148/2018-52</p><p>Nº 54 Conceder aposentadoria voluntária à servidora CONCEIÇÃO DE MARIA CAVALCANTE DE MORAIS matrícula 002.045, ocupante do cargo de Técnico do Seguro Social, classe S, padrão IV, do Quadro de Pessoal do Instituto Nacional do Seguro Social, com fundamento no art. 3º da Emenda Constitucional nº 47, de 05 de julho de 2005, com proventos integrais e demais vantagens que faz jus. Declarar vago o referido cargo. Processo nº 37284.001399/2017-73</p><p class="assina">LÁZARA MARIA DA CRUZ</p>]]></Texto>
  </body>
</article></xml>