﻿<xml><article id="2344492" name="PT 16 JOINVILLE" idOficio="4731806" pubName="DO2" artType="Portaria" pubDate="02/04/2018" artClass="00022:00029:00241:00014:00052:00000:00000:00000:00000:00000:00025:00003" artCategory="Ministério do Desenvolvimento Social/Instituto Nacional do Seguro Social/Superintendência Regional Sul em Florianópolis/Gerência Executiva - B - em Joinville/Seção Operacional da Gestão de Pessoas" artSize="8" artNotes="" numberPage="60" pdfPage="http://pesquisa.in.gov.br/imprensa/jsp/visualiza/index.jsp?data=02/04/2018&amp;jornal=529&amp;pagina=60" editionNumber="62" highlight="" idMateria="10640533">
  <body>
    <Identifica><![CDATA[ PORTARIA Nº 16, DE 28 DE MARÇO DE 2018]]></Identifica>
    <Data><![CDATA[]]></Data>
    <Ementa />
    <Titulo />
    <SubTitulo />
    <Texto><![CDATA[<p class="identifica">PORTARIA Nº 16, DE 28 DE MARÇO DE 2018</p><p>A CHEFE DA SEÇÃO OPERACIONAL DA GESTÃO DE PESSOAS DA GERÊNCIA EXECUTIVA DO INSS EM JOINVILLE, NO ESTADO DE SANTA CATARINA, no uso das atribuições que lhe foram conferidas pelo artigo 235, inciso I, alíneas "b" e "e" do Regimento Interno do INSS, aprovado pela Portaria/MPS nº 414, de 28/09/2017, publicada no DOU- Edição Extra nº 188-A, de 29/09/2017, Seção I, na forma da legislação vigente e tendo em vista o que consta no processo nº 35351.000043/2018-27, resolve:</p><p>1. Conceder aposentadoria voluntária integral à servidora SOLANGE MARIA FREITAS FIEDLER, matrícula SIAPE nº 0948504, ocupante do cargo de Técnico do Seguro Social, NI-434550, Classe S, Padrão IV, do Quadro de Pessoal do Instituto Nacional do Seguro Social, com fundamento no artigo 3º da Emenda Constitucional nº 47, de 05 de julho 2005.</p><p>2. Em conseqüência declarar vago o referido cargo.</p><p class="assina">TANIA SCHLICKMANN BISPO</p>]]></Texto>
  </body>
</article></xml>