﻿<xml><article id="2344954" name="PORTARIA Nº 1113-SEPESD-MD" idOficio="4731834" pubName="DO2" artType="Portaria" pubDate="02/04/2018" artClass="00010:00036:00000:00000:00000:00000:00000:00000:00000:00000:00025:00001" artCategory="Ministério da Defesa/Secretaria de Pessoal, Ensino, Saúde e Desporto" artSize="8" artNotes="" numberPage="17" pdfPage="http://pesquisa.in.gov.br/imprensa/jsp/visualiza/index.jsp?data=02/04/2018&amp;jornal=529&amp;pagina=17" editionNumber="62" highlight="" idMateria="10640655">
  <body>
    <Identifica><![CDATA[ PORTARIA Nº 1.113/SEPESD/MD, DE 26 DE MARÇO DE 2018]]></Identifica>
    <Data><![CDATA[]]></Data>
    <Ementa />
    <Titulo />
    <SubTitulo />
    <Texto><![CDATA[<p class="identifica">PORTARIA Nº 1.113/SEPESD/MD, DE 26 DE MARÇO DE 2018</p><p>O SECRETÁRIO DE PESSOAL, ENSINO, SAÚDE E DESPORTO DO MINISTÉRIO DA DEFESA, no uso da competência que lhe foi subdelegada pelo inciso I do art. 4oda Portaria/MD no1.839, de 9 de dezembro de 2010, considerando o disposto no Decreto nº 8.978 de 1º de fevereiro de 2017, e suas alterações posteriores na Portaria Normativa/MD no2.323, de 31 de agosto de 2012, e o que consta do Processo Administrativo no60340.000120/2018-15, resolve:</p><p>DESIGNAR o 3°SG-MO HEVERTON DE ALCÂNTARA ROMEIRO para a função de Especialista, código Nível II, do Departamento de Ensino da Secretaria de Pessoal, Ensino, Saúde e Desporto da Secretaria-Geral deste Ministério.</p><p class="assina">RICARDO MACHADO VIEIRA</p>]]></Texto>
  </body>
</article></xml>