﻿<xml><article id="2347705" name="PT 42 A 45 SOGP BELO HORIZONTE" idOficio="4732109" pubName="DO2" artType="Portaria" pubDate="02/04/2018" artClass="00022:00029:00240:00004:00024:00003:00000:00000:00000:00000:00025:00025" artCategory="Ministério do Desenvolvimento Social/Instituto Nacional do Seguro Social/Superintendência Regional Sudeste II em Belo Horizonte/Gerência Executiva - A - Belo Horizonte/Serviço de Administração/Seção Operacional da Gestão de Pessoas" artSize="8" artNotes="" numberPage="58" pdfPage="http://pesquisa.in.gov.br/imprensa/jsp/visualiza/index.jsp?data=02/04/2018&amp;jornal=529&amp;pagina=58" editionNumber="62" highlight="" idMateria="10641083">
  <body>
    <Identifica><![CDATA[ PORTARIAS DE 29 DE MARÇO DE 2018]]></Identifica>
    <Data><![CDATA[]]></Data>
    <Ementa />
    <Titulo />
    <SubTitulo />
    <Texto><![CDATA[<p class="identifica">PORTARIAS DE 29 DE MARÇO DE 2018</p><p>O CHEFE DA SEÇÃO OPERACIONAL DA GESTÃO DE PESSOAS DA GERENCIA EXECUTIVA DO INSS EM BELO HORIZONTE/MG, no uso das atribuições de competência conferidas pelo artigo 235, inciso I, alínea "a", do Regimento Interno do Instituto Nacional do Seguro Social - INSS, aprovado pela Portaria nº 414, emitida pelo Ministério do Desenvolvimento Social, DOU Edição Extra nº 188-A, de 29/09/2017, resolve:</p><p>Nº 42 - Conceder aposentadoria voluntária por tempo de contribuição a servidora LAURETH DA SILVA GONÇALVES, matrícula 0895936, ocupante do cargo de Assistente Social, Nível S, Classe S, Padrão IV, do Quadro Permanente deste Instituto, com fundamento no artigo 3º da Emenda Constitucional nº 47/2005, com proventos correspondentes ao citado padrão e demais vantagens previstas na legislação vigente. Processo nº 35097.000280/2018-46.</p><p>Declarar vago o cargo.</p><p>Nº 43 - Conceder aposentadoria voluntária por tempo de contribuição a servidora MARIA BEATRIZ NEVES LEITE, matrícula 0895812, ocupante do cargo de Assistente Social, Nível S, Classe S, Padrão IV, do Quadro Permanente deste Instituto, com fundamento no artigo 3º da Emenda Constitucional nº 47/2005, com proventos correspondentes ao citado padrão e demais vantagens previstas na legislação vigente. Processo nº 35097.000389/2018-83.</p><p>Declarar vago o cargo.</p><p>Nº 44 - Conceder aposentadoria voluntária por tempo de contribuição a servidora MARIA CECÍLIA DE ARAÚJO JORGE ACCIOLY, matrícula 1288509, ocupante do cargo de Supervisor Médico Pericial, Nível S, Classe S, Padrão I, do Quadro Permanente deste Instituto, com fundamento no artigo 3º da Emenda Constitucional nº 47/2005, com proventos correspondentes ao citado padrão e demais vantagens previstas na legislação vigente. Processo nº 35097.000317/2018-36.</p><p>Declarar vago o cargo.</p><p>Nº 45 - Conceder aposentadoria voluntária por tempo de contribuição ao servidor SILVINO BATISTA DE OLIVEIRA, matrícula 0895519, ocupante do cargo de Fisioterapeuta, Nível S, Classe S, Padrão IV, do Quadro Permanente deste Instituto, com fundamento no artigo 3º da Emenda Constitucional nº 47/2005, com proventos correspondentes ao citado padrão e demais vantagens previstas na legislação vigente. Processo nº 35097.000352/2018-55.</p><p>Declarar vago o cargo.</p><p class="assina">ROBSON MACIEL DELARETI</p>]]></Texto>
  </body>
</article></xml>