﻿<xml><article id="2347864" name="PT 44 SOGP PORTO ALEGRE" idOficio="4732109" pubName="DO2" artType="Portaria" pubDate="02/04/2018" artClass="00022:00029:00241:00005:00023:00003:00000:00000:00000:00000:00025:00026" artCategory="Ministério do Desenvolvimento Social/Instituto Nacional do Seguro Social/Superintendência Regional Sul em Florianópolis/Gerência Executiva - A - em Porto Alegre/Serviço de Administração/Seção Operacional da Gestão de Pessoas" artSize="8" artNotes="" numberPage="60" pdfPage="http://pesquisa.in.gov.br/imprensa/jsp/visualiza/index.jsp?data=02/04/2018&amp;jornal=529&amp;pagina=60" editionNumber="62" highlight="" idMateria="10641084">
  <body>
    <Identifica><![CDATA[ PORTARIA Nº 44, DE 29 DE MARÇO DE 2018]]></Identifica>
    <Data><![CDATA[]]></Data>
    <Ementa />
    <Titulo />
    <SubTitulo />
    <Texto><![CDATA[<p class="identifica">PORTARIA Nº 44, DE 29 DE MARÇO DE 2018</p><p>O CHEFE SUBSTITUTO DA SEÇÃO OPERACIONAL DE GESTÃO DE PESSOAS DA GERÊNCIA-EXECUTIVA DO INSTITUTO NACIONAL DO SEGURO SOCIAL DO INSS EM PORTO ALEGRE/RS, no uso das atribuições que lhe confere o art. 235 do Regimento Interno do INSS aprovado pela PT nº 414/MDS de 28/09/2017, publicada no D.O.U. nº 188-A de 29/09/2017, resolve:</p><p>Conceder Aposentadoria Voluntária Integral à servidora FLAVIA RUBIA DE MATTOS, matrícula SIAPE 0925355, ocupante do cargo de Agente de Serviços Diversos, Classe S, Padrão IV, do Quadro de Pessoal do Instituto Nacional do Seguro Social, com fundamento no art. 3º, da Emenda Constitucional nº 47/2005, observado o contido no Processo nº 35239.000105/2018-97 declarando, em consequência, vago o referido cargo.</p><p class="assina">JOSÉ LUIS DELLAGNESE FENOY</p>]]></Texto>
  </body>
</article></xml>