﻿<xml><article id="2344471" name="PT 55 A 60 SALVADOR" idOficio="4731806" pubName="DO2" artType="Portaria" pubDate="02/04/2018" artClass="00022:00029:00237:00037:00032:00000:00000:00000:00000:00000:00025:00007" artCategory="Ministério do Desenvolvimento Social/Instituto Nacional do Seguro Social/Superintendência Regional Nordeste em Recife/Serviço de Gestão de Pessoas/Seção Operacional da Gestão de Pessoas" artSize="8" artNotes="" numberPage="55" pdfPage="http://pesquisa.in.gov.br/imprensa/jsp/visualiza/index.jsp?data=02/04/2018&amp;jornal=529&amp;pagina=55" editionNumber="62" highlight="" idMateria="10640557">
  <body>
    <Identifica><![CDATA[ PORTARIAS DE 29 DE MARÇO DE 2018]]></Identifica>
    <Data><![CDATA[]]></Data>
    <Ementa />
    <Titulo />
    <SubTitulo />
    <Texto><![CDATA[<p></p><p class="identifica">PORTARIAS DE 29 DE MARÇO DE 2018</p><p>A CHEFE DA SEÇÃO OPERACIONAL DA GESTÃO DE PESSOAS DA GERÊNCIA EXECUTIVA DO INSS EM SALVADOR-BA, no uso das atribuições conferidas no artigo 235, Inciso I, alínea "b" do Regimento Interno do INSS, aprovado pela Portaria/MDS nº 414 de 28/09/2017, publicada no DOU - extra nº 188 A de 29/09/2017, resolve:</p><p>No55 - Conceder Aposentadoria Voluntária ao servidor CARLOS LEANDRO DA SILVA, matrícula SIAPE nº 0882981, ocupante do cargo de Agente de Serviços Diversos, Classe "S", Padrão "IV", do quadro de pessoal do Instituto Nacional do Seguro Social - INSS, com fundamento no Artigo 3º da Emenda Constitucional nº 47/2005, com proventos mensais integrais com base na remuneração do cargo e demais vantagens a que faz jus na forma da lei, observando o contido no Processo nº 35013.000643/2018-26, em consequência, declarar vago o referido cargo.</p><p>No56 - Conceder Aposentadoria Voluntária à servidora CELESTE REGINA DE FIGUEIREDO VALENTE, matrícula SIAPE nº 0882314, ocupante do cargo Administradora, Classe "S", Padrão "IV", do quadro de pessoal do Instituto Nacional do Seguro Social - INSS, com fundamento no Artigo 3º da Emenda Constitucional nº 47/2005, com proventos mensais integrais com base na remuneração do cargo e demais vantagens a que faz jus na forma da lei, observando o contido no Processo nº 35013.000691/2018-14, em consequência, declarar vago o referido cargo.</p><p>No57 - Conceder Aposentadoria Voluntária à servidora ELIEGE FERREIRA DE ARAÚJO, matrícula SIAPE nº 0882727, ocupante do cargo de Técnico do Seguro Social, Classe "S", Padrão "IV", do quadro de pessoal do Instituto Nacional do Seguro Social - INSS, com fundamento no Artigo 3º da Emenda Constitucional nº 47/2005, com proventos mensais integrais com base na remuneração do cargo e demais vantagens a que faz jus na forma da lei, observando o contido no Processo nº 35013.000198/2018-02, em consequência, declarar vago o referido cargo.</p><p>No58 - Conceder Aposentadoria Voluntária à servidora FLORIZETE LUCIA SANTOS ABREU, matrícula SIAPE nº 0883366, ocupante do cargo de Técnico do Seguro Social, Classe "S", Padrão "IV", do quadro de pessoal do Instituto Nacional do Seguro Social - INSS, com fundamento no Artigo 3º da Emenda Constitucional nº 47/2005, com proventos mensais integrais com base na remuneração do cargo e demais vantagens a que faz jus na forma da lei, observando o contido no Processo nº 35013.000432/2018-93, em consequência, declarar vago o referido cargo.</p><p>Nº-59 - Conceder Aposentadoria Voluntária à servidora LUCIA HELENA SANTOS ALMEIDA, matrícula SIAPE nº 0536990, ocupante do cargo de Agente de Serviços Diversos, Classe "S", Padrão "IV", do quadro de pessoal do Instituto Nacional do Seguro Social - INSS, com fundamento no Artigo 3º da Emenda Constitucional nº 47/2005, com proventos mensais integrais com base na remuneração do cargo e demais vantagens a que faz jus na forma da lei, observando o contido no Processo nº 35013.000397/2018-11, e em consequência declarar vago o referido cargo.</p><p>Nº- 60 - Conceder Aposentadoria Voluntária à servidora MARIA DE LOURDES CORREIA DE ARAÚJO, matrícula SIAPE nº 0758524, ocupante do cargo de Técnico do Seguro Social, Classe "S", Padrão "IV", do quadro de pessoal do Instituto Nacional do Seguro Social - INSS, com fundamento no Artigo 3º da Emenda Constitucional nº 47/2005, com proventos mensais integrais com base na remuneração do cargo e demais vantagens a que faz jus na forma da lei, observando o contido no Processo nº 35013.000516/2018-27, e em consequência declarar vago o referido cargo.</p><p class="assina">FLÁVIA MACIEL DANTAS</p>]]></Texto>
  </body>
</article></xml>