﻿<xml><article id="2347489" name="SONIA" idOficio="4732082" pubName="DO2" artType="Portaria" pubDate="02/04/2018" artClass="00017:00021:00030:00000:00000:00000:00000:00000:00000:00000:00025:00001" artCategory="Ministério da Saúde/Fundação Nacional de Saúde/Superintendência Estadual do Pará" artSize="8" artNotes="" numberPage="48" pdfPage="http://pesquisa.in.gov.br/imprensa/jsp/visualiza/index.jsp?data=02/04/2018&amp;jornal=529&amp;pagina=48" editionNumber="62" highlight="" idMateria="10641023">
  <body>
    <Identifica><![CDATA[ PORTARIA Nº 1.690, DE 26 DE MARÇO DE 2018]]></Identifica>
    <Data><![CDATA[]]></Data>
    <Ementa />
    <Titulo />
    <SubTitulo />
    <Texto><![CDATA[<p class="identifica">PORTARIA Nº 1.690, DE 26 DE MARÇO DE 2018</p><p>O SUPERINTENDENTE ESTADUAL DA FUNDAÇÃO NACIONAL DE SAÚDE, NO ESTADO DO PARÁ, no uso das atribuições que lhe confere o artigo 13 do Estatuto aprovado pelo Decreto nº 8.867, de 03 de outubro de 2016, publicado no DOU nº 191, de 04 de outubro de 2016 tendo em vista o que consta do Processo SEI nº 25200.001361/2018-85, resolve:</p><p>Art. 1º- Aposentar voluntariamente, com proventos integrais, do Quadro de Pessoal da FUNDAÇÃO NACIONAL DE SAÚDE, a servidora MARIA SONIA BORGES DA SILVA, Matrícula SIAPE nº 0478774, Classe "S", Padrão "III" ocupante do cargo de Auxiliar de Serviços Gerais, de acordo com o artigo 3º, incisos I, II e III, parágrafo único, da Emenda Constitucional nº 47 de 05/07/2005, publicada no DOU de 06/07/2005.</p><p>Art. 2º - Declarar vago o cargo referido no art. 1º.</p><p>Art. 3º - Esta portaria entra em vigor na data de sua publicação</p><p class="assina">GEOVANI PESSOA DE AGUIAR</p><p></p>]]></Texto>
  </body>
</article></xml>