﻿<xml><article id="2345981" name="Por259DF" idOficio="4732046" pubName="DO2" artType="Portaria" pubDate="02/04/2018" artClass="00021:00016:00000:00000:00000:00000:00000:00000:00000:00000:00025:00001" artCategory="Ministério de Minas e Energia/Departamento Nacional de Produção Mineral" artSize="8" artNotes="" numberPage="53" pdfPage="http://pesquisa.in.gov.br/imprensa/jsp/visualiza/index.jsp?data=02/04/2018&amp;jornal=529&amp;pagina=53" editionNumber="62" highlight="" idMateria="10640922">
  <body>
    <Identifica><![CDATA[ Portaria Nº 259, DE 28 DE março DE 2018]]></Identifica>
    <Data><![CDATA[]]></Data>
    <Ementa />
    <Titulo />
    <SubTitulo />
    <Texto><![CDATA[<p class="identifica">Portaria Nº 259, DE 28 DE março DE 2018</p><p>O DIRETOR-GERAL DO DEPARTAMENTO NACIONAL DE PRODUÇÃO MINERAL - DNPM, no uso da competência que lhe confere o artigo 17, I, do Anexo I do Decreto nº 7.092, de 02 de fevereiro de 2010, resolve:</p><p>Designar KIOMAR OGUINO, Matrícula SIAPE nº 1163632, para exercer o encargo de substituto do Diretor-Geral do Departamento Nacional de Produção Mineral - DNPM, código 101.6, no período de 02/04/2018 a 06/04/2018, em virtude de impedimento</p><p class="assina">Victor Hugo Froner Bicca</p>]]></Texto>
  </body>
</article></xml>