﻿<xml><article id="2343457" name="PT NAIR VIANA LOPES RIBEIRO" idOficio="4731680" pubName="DO2" artType="Portaria" pubDate="02/04/2018" artClass="00017:00021:00029:00000:00000:00000:00000:00000:00000:00000:00025:00002" artCategory="Ministério da Saúde/Fundação Nacional de Saúde/Superintendência Estadual em Minas Gerais" artSize="8" artNotes="" numberPage="48" pdfPage="http://pesquisa.in.gov.br/imprensa/jsp/visualiza/index.jsp?data=02/04/2018&amp;jornal=529&amp;pagina=48" editionNumber="62" highlight="" idMateria="10640356">
  <body>
    <Identifica><![CDATA[ PORTARIA Nº 1.738, DE 27 DE MARÇO DE 2018]]></Identifica>
    <Data><![CDATA[]]></Data>
    <Ementa />
    <Titulo />
    <SubTitulo />
    <Texto><![CDATA[<p class="identifica">PORTARIA Nº 1.738, DE 27 DE MARÇO DE 2018</p><p>O SUPERINTENDENTE ESTADUAL DA FUNDAÇÃO NACIONAL DE SAÚDE NO ESTADO DE MINAS GERAIS, nomeado pela Portaria nº. 371, de 16 de junho de 2015, publicada no DOU nº.113, de 17 de junho de 2017 e no uso das atribuições que lhe foram conferidas pelo art. 13 do Decreto nº 8.867, de 03/10/2016, publicado no DOU de 04/10/2016 e o constante no processo nº 25190.001077/2018-75, resolve:</p><p>Conceder aposentadoria voluntária com proventos integrais a NAIR VIANA LOPES RIBEIRO, Matrícula Siape nº 0470924, ocupante do cargo Atendente, Nível NI, S.III, no quadro de Pessoal da Fundação Nacional de Saúde, com fundamento no Artigo 3º da Emenda Constitucional nº 47/2005.</p><p>ART. 2º - Declarar vago o cargo referido no Art. 1º.</p><p>ART. 3º - Esta Portaria entra em vigor a partir da data de sua publicação</p><p class="assina">MARCO ANTÔNIO GRAÇA CÂMARA</p><p></p>]]></Texto>
  </body>
</article></xml>