﻿<xml><article id="2344612" name="29.03.2018 PRES 1" idOficio="4731531" pubName="DO2" artType="Portaria" pubDate="02/04/2018" artClass="00015:00034:00000:00000:00000:00000:00000:00000:00000:00000:00025:00003" artCategory="Ministério da Justiça/Fundação Nacional do Índio" artSize="8" artNotes="" numberPage="43" pdfPage="http://pesquisa.in.gov.br/imprensa/jsp/visualiza/index.jsp?data=02/04/2018&amp;jornal=529&amp;pagina=43" editionNumber="62" highlight="" idMateria="10640576">
  <body>
    <Identifica><![CDATA[ PORTARIA Nº 439, DE 27 DE MARÇO DE 2018]]></Identifica>
    <Data><![CDATA[]]></Data>
    <Ementa />
    <Titulo />
    <SubTitulo />
    <Texto><![CDATA[<p class="identifica">PORTARIA Nº 439, DE 27 DE MARÇO DE 2018</p><p>O PRESIDENTE DA FUNDAÇÃO NACIONAL DO ÍNDIO - FUNAI, no uso das atribuições que lhe são conferidas pelo Estatuto, aprovado pelo Decreto nº 9.010, de 23 de março de 2017, resolve:</p><p>Art. 1º Delegar competência a servidora HELENIR GUILHERME CARDOSO, matrícula nº 0160561, para, na ausência da Chefe de Gabinete Substituta e de acordo com Artigo 13 do Regimento Interno, observadas as disposições legais e regulamentares, bem como as orientações do órgão central do Sistema de Pessoal Civil da Administração Pública Federal, praticar os seguintes atos administrativos:</p><p>I - Assinar Memorandos e Ofícios;</p><p>II - Aprovar e encaminhar Ordem de Serviços, Planos de Atividades e Projetos;</p><p>III - Controlar folha de frequências de servidores lotados na Presidência;</p><p>IV - Homologar férias dos servidores lotados na Presidência;</p><p>V - Autorizar e aprovar deslocamentos, bem como suas respectivas prestações de contas, junto ao SCDP;</p><p>VI - Assistir o Presidente da Funai em sua representação social e política e incumbir-se do despacho de seu expediente pessoal;</p><p>VII - Incumbir-se da articulação e interlocução do Presidente da Funai com as Diretorias, as unidades descentralizadas e o público externo;</p><p>VIII - Planejar, coordenar e supervisionar as atividades dos assessores; e</p><p>IX - Secretariar as reuniões da Diretoria Colegiada.</p><p>Art. 2º Convalidar os atos praticados a partir de 27 de março de 2018 até a data de publicação desta Portaria.</p><p>Art. 3º Esta portaria entra em vigor na data de sua publicação.</p><p class="assina">FRANKLIMBERG RIBEIRO DE FREITAS</p>]]></Texto>
  </body>
</article></xml>