﻿<xml><article id="2347507" name="2 GABMI DESPACHO cancelamento MA" idOficio="4732084" pubName="DO2" artType="Despacho" pubDate="02/04/2018" artClass="00008:00001:00000:00000:00000:00000:00000:00000:00000:00000:00019:00002" artCategory="Ministério da Ciência, Tecnologia, Inovações e Comunicações/Gabinete do Ministro" artSize="8" artNotes="" numberPage="9" pdfPage="http://pesquisa.in.gov.br/imprensa/jsp/visualiza/index.jsp?data=02/04/2018&amp;jornal=529&amp;pagina=9" editionNumber="62" highlight="" idMateria="10641026">
  <body>
    <Identifica><![CDATA[ DESPACHO DE 28 DE MARÇO DE 2018]]></Identifica>
    <Data><![CDATA[]]></Data>
    <Ementa />
    <Titulo />
    <SubTitulo />
    <Texto><![CDATA[<p class="identifica">DESPACHO DE 28 DE MARÇO DE 2018</p><p>Tornar sem efeito o afastamento do país do servidor MAXIMILIANO SALVADORI MARTINHÃO, da Telecomunicações Brasileiras S.A. - TELEBRAS, publicado no DOU nº 32, Seção 2, Pág. 4, de 16/02/2018</p><p class="assina">GILBERTO KASSAB</p><p class="cargo">Ministro de Estado da Ciência, Tecnologia, Inovações e Comunicações</p>]]></Texto>
  </body>
</article></xml>