﻿<xml><article id="2347663" name="CORREIO ELETRONICO GR - 29.03.18" idOficio="4732107" pubName="DO2" artType="Portaria" pubDate="02/04/2018" artClass="00011:00104:00001:00000:00000:00000:00000:00000:00000:00000:00025:00001" artCategory="Ministério da Educação/Universidade Federal de Alagoas/Reitoria" artSize="8" artNotes="" numberPage="29" pdfPage="http://pesquisa.in.gov.br/imprensa/jsp/visualiza/index.jsp?data=02/04/2018&amp;jornal=529&amp;pagina=29" editionNumber="62" highlight="" idMateria="10641057">
  <body>
    <Identifica><![CDATA[ PORTARIAS DE 29 DE MARÇO DE 2018]]></Identifica>
    <Data><![CDATA[]]></Data>
    <Ementa />
    <Titulo />
    <SubTitulo />
    <Texto><![CDATA[<p class="identifica">PORTARIAS DE 29 DE MARÇO DE 2018</p><p>A REITORA DA UNIVERSIDADE FEDERAL DE ALAGOAS, no uso das atribuições que lhe confere o § 1º do art. 15 do Estatuto da UFAL, aprovado pela Port. nº 4067/MEC, de 29/12/03, resolve:</p><p>Nº 444- I - Exonerar JOSE BARROS CORREIA JUNIOR, Professor do Magistério Superior, mat.SIAPE nº 3289832, no cargo de Diretor da Faculdade de Direito/FDA, cód. CD-03.</p><p>II - Designar ELAINE CRISTINA PIMENTEL COSTA, Professora de Magistério Superior, mat.SIAPE nº 2459827, para exercer o cargo mencionado acima.</p><p>III - Determinar o período de 02/04/2018 a 02/04/2022 para o presente mandado.</p><p>IV- A presente portaria entrará em vigor a partir de 02/04/2018.(Proc.23065.009952/18-77)</p><p>Nº 451- I - Exonerar JOSE EDSON LINO MOREIRA, Professor do Magistério Superior, mat. SIAPE nº 1121099, no cargo de Diretor do Instituto de Ciências Humanas, Comunicação e Artes/ICHCA, cód. CD-03.</p><p>II - Designar SANDRA NUNES LEITE, Professora de Magistério Superior, mat.SIAPE nº 2121171, para exercer o cargo mencionado acima.</p><p>III - Determinar o período de 02/04/2018 a 02/04/2022 para o presente mandado.</p><p>IV- A presente portaria entrará em vigor a partir de 02/04/2018.(Proc.23065010904/18-21)</p><p>Nº 452- I - Dispensar ALBERTO VIVAR FLORES, Professor do Magistério Superior, matrícula SIAPE nº 1314155, na função de Vice-Diretor do Instituto de Ciências Humanas, Comunicação e Artes/ICHCA, código FG-01.</p><p>II - Designar OTAVIO GOMES CABRAL FILHO, Professor de Magistério Superior, matrícula SIAPE nº 3121284, para exercer a função mencionada acima.</p><p>III - Determinar o período de 02/04/2018 a 02/04/2022 para o presente mandado.</p><p>IV- A presente portaria entrará em vigor a partir de 02/04/2018.</p><p>Nº 453- I - Exonerar JOSE CARLOS ALMEIDA DE LIMA, Professor do Magistério Superior, mat.SIAPE nº 1121301, no cargo de Diretor do Instituto de Matemática/IM, cód.CD-03.</p><p>II - Designar ISNALDO ISAAC BARBOSA, Professor de Magistério Superior, mat.SIAPE nº 2647632, para exercer o cargo mencionado acima.</p><p>III - Determinar o período de 02/04/2018 a 02/04/2022 para o presente mandado.</p><p>IV- A presente portaria entrará em vigor a partir de 02/04/2018.(Proc. nº 23065.002848/18-51).</p><p>Nº 454- I - Dispensar THALES MIRANDA DE ALMEIDA VIEIRA, Professor do Magistério Superior, mat.SIAPE nº 1766576, na função de Vice-Diretor do Instituto de Matemática/IM, cód. FG-01.</p><p>II - Designar JULIANA ROBERTA THEODORO DE LIMA, Professora de Magistério Superior, mat.SIAPE nº 2347015, para exercer a função mencionada acima.</p><p>III - Determinar o período de 02/04/2018 a 02/04/2022 para o presente mandado.</p><p>IV- A presente portaria entrará em vigor a partir de 02/04/2018.</p><p class="assina">MARIA VALÉRIA COSTA CORREIA</p>]]></Texto>
  </body>
</article></xml>