﻿<xml><article id="2344250" name="DG 1.601 e 1.602 - 2018" idOficio="4731527" pubName="DO2" artType="Portaria" pubDate="02/04/2018" artClass="00031:00024:00000:00000:00000:00000:00000:00000:00000:00000:00025:00001" artCategory="Ministério dos Transportes, Portos e Aviação Civil/Departamento Nacional de Infraestrutura de Transportes" artSize="8" artNotes="" numberPage="68" pdfPage="http://pesquisa.in.gov.br/imprensa/jsp/visualiza/index.jsp?data=02/04/2018&amp;jornal=529&amp;pagina=68" editionNumber="62" highlight="" idMateria="10640051">
  <body>
    <Identifica><![CDATA[ PORTARIAS DE 28 DE MARÇO DE 2018 ]]></Identifica>
    <Data><![CDATA[]]></Data>
    <Ementa />
    <Titulo />
    <SubTitulo />
    <Texto><![CDATA[<p class="identifica">PORTARIAS DE 28 DE MARÇO DE 2018</p><p>O DIRETOR-GERAL DO DEPARTAMENTO NACIONAL DE INFRAESTRUTURA DE TRANSPORTES - DNIT, no uso das atribuições que lhe conferem o art. 178 do Regimento Interno aprovado pela Resolução/CA nº 26, de 05/05/2016, publicada no DOU de 12/05/2016 e o constante da Portaria/MT nº 698, de 06/12/2016, publicada no DOU de 07/12/2016, resolve:</p><p>Nº 1.601 - Art. 1º DISPENSAR a servidora MARITA RAQUEL PARIS CAVASSANI CURBANI, Analista em Infraestrutura de Transportes, matrícula DNIT nº 4184-0, CPF nº 070.196.447-24, dos encargos de substituta eventual do Chefe do Serviço de Operações, código FCPE 101.1, da Coordenação de Engenharia, da Superintendência Regional no Estado do Espírito Santo desta Autarquia.</p><p>Art. 2º Esta Portaria entra em vigor na data de sua publicação.</p><p>Nº 1.602 - Art. 1º DESIGNAR a servidora ANA PAULA FERNANDES MIRANDA, Analista em Infraestrutura de Transportes, matrícula DNIT nº 3301-4, CPF nº 710.675.407-15, para substituir o Chefe do Serviço de Operações, código FCPE 101.1, da Coordenação de Engenharia, da Superintendência Regional no Estado do Espírito Santo, nos afastamentos e impedimentos legais ou eventuais.</p><p>Art. 2º Esta Portaria entra em vigor na data de sua publicação.</p><p class="assina">VALTER CASIMIRO SILVEIRA</p><p></p>]]></Texto>
  </body>
</article></xml>