﻿<xml><article id="2345315" name="Publicacao DOU secao 2__115427" idOficio="4731932" pubName="DO2" artType="Portaria" pubDate="02/04/2018" artClass="00011:00116:00036:00000:00000:00000:00000:00000:00000:00000:00025:00001" artCategory="Ministério da Educação/Universidade Federal de Itajubá/Campus de Itabira" artSize="8" artNotes="" numberPage="32" pdfPage="http://pesquisa.in.gov.br/imprensa/jsp/visualiza/index.jsp?data=02/04/2018&amp;jornal=529&amp;pagina=32" editionNumber="62" highlight="" idMateria="10640763">
  <body>
    <Identifica><![CDATA[ PORTARIA Nº 491, DE 29 DE MARÇO DE 2018]]></Identifica>
    <Data><![CDATA[]]></Data>
    <Ementa />
    <Titulo />
    <SubTitulo />
    <Texto><![CDATA[<p class="identifica">PORTARIA Nº 491, DE 29 DE MARÇO DE 2018</p><p>O Diretor da Unidade Acadêmica de Engenharia do Campus de Itabira, da UNIVERSIDADE FEDERAL DE ITAJUBÁ, no uso da competência que lhe foi delegada pelo Magnífico Reitor, conforme Portaria nº 1.795, de 18/10/2016, publicada no DOU de 20/10/2016, e de acordo com o que consta no Memorando Eletrônico nº 103/2018 - DAI de 21/03/2018, resolve:</p><p>DISPENSAR a partir de 02/04/2018, o professor WALTER AOIAMA NAGAI, matrícula SIAPE nº 1766284, da função de Coordenador do Curso de Graduação em Engenharia da Computação - Campus de Itabira. Código: FCC;</p><p>DESIGNAR o professor RAFAEL FRANCISCO DOS SANTOS, matrícula SIAPE nº 1611588, para exercer a função de Coordenador do Curso de Graduação em Engenharia da Computação - Campus de Itabira, a partir de 02/04/2018 por um período de dois anos. Código: FCC.</p><p class="assina">Fábio Nakagomi</p>]]></Texto>
  </body>
</article></xml>