﻿<xml><article id="2345017" name="DOU PORTARIA 9627 - Nomeação DF " idOficio="4731880" pubName="DO2" artType="Portaria" pubDate="02/04/2018" artClass="00017:00004:00000:00000:00000:00000:00000:00000:00000:00000:00025:00002" artCategory="Ministério da Saúde/Agência Nacional de Saúde Suplementar" artSize="8" artNotes="" numberPage="47" pdfPage="http://pesquisa.in.gov.br/imprensa/jsp/visualiza/index.jsp?data=02/04/2018&amp;jornal=529&amp;pagina=47" editionNumber="62" highlight="" idMateria="10640668">
  <body>
    <Identifica><![CDATA[ PORTARIA Nº 9.627, DE 28 DE MARÇO DE 2018]]></Identifica>
    <Data><![CDATA[]]></Data>
    <Ementa />
    <Titulo />
    <SubTitulo />
    <Texto><![CDATA[<p class="identifica">PORTARIA Nº 9.627, DE 28 DE MARÇO DE 2018</p><p>O DIRETOR-PRESIDENTE SUBSTITUTO DA AGÊNCIA NACIONAL DE SAÚDE SUPLEMENTAR - ANS, no uso das atribuições que lhe conferem os incisos I e III do art. 26 do Regimento Interno, instituído pela Resolução Regimental - RR nº 01, de 17 de março de 2017, resolve:</p><p>Art. 1º Fica nomeado o Sr. Herrisson Queiroz Neto, CPF nº 032.713.554-95, para exercer a função de diretor fiscal na operadora São Francisco Assistência Médica Ltda., registro ANS nº 40.396-2, inscrita no CNPJ sob o nº 03.098.226/0001-65.</p><p>Art. 2º Esta Portaria entra em vigor na data de sua publicação.</p><p class="assina">LEANDRO FONSECA DA SILVA</p>]]></Texto>
  </body>
</article></xml>