﻿<xml><article id="2344942" name="Portaria Aposentadoria - Auditor" idOficio="4731832" pubName="DO2" artType="Portaria" pubDate="02/04/2018" artClass="00007:00003:00063:00000:00000:00000:00000:00000:00000:00000:00025:00001" artCategory="Ministério da Agricultura, Pecuária e Abastecimento/Secretaria Executiva/Superintendência Federal no Estado do Mato Grosso do Sul" artSize="8" artNotes="" numberPage="5" pdfPage="http://pesquisa.in.gov.br/imprensa/jsp/visualiza/index.jsp?data=02/04/2018&amp;jornal=529&amp;pagina=5" editionNumber="62" highlight="" idMateria="10640632">
  <body>
    <Identifica><![CDATA[ PORTARIA Nº 39, de 27 de março de 2018]]></Identifica>
    <Data><![CDATA[]]></Data>
    <Ementa />
    <Titulo />
    <SubTitulo />
    <Texto><![CDATA[<p class="identifica">PORTARIA Nº 39, de 27 de março de 2018</p><p>O Superintendente Federal de Agricultura, Pecuária e Abastecimento no Estado de Mato Grosso do Sul, usando da competência delegada através da Portaria nº 1.766, de 02 de agosto de 2016, publicada no DOU de 03 de agosto de 2016, e de conformidade com o artigo 44 do regimento Interno das SFA's, aprovado pela Portaria Ministerial nº 428 de 09 de junho de 2010, publicada no D.O.U de 14 de junho de 2010, resolve:</p><p>Art. 1° Conceder aposentadoria voluntária com proventos integrais ao servidor Aldo Wagner Beraldo, ocupante do cargo de Auditor Fiscal Federal Agropecuário, matrícula SIAPE nº 7399, Nivel "NS", Classe "S", padrão IV, do Quadro de Pessoal deste Ministério, com fundamento no artigo 3°, da Emenda Constitucional nº 47/2005 (Processo 21026.001111/2018-52).</p><p>Art. 2° Esta portaria entra em vigor na data de sua publicação.</p><p class="assina">CELSO DE SOUZA MARTINS</p>]]></Texto>
  </body>
</article></xml>