﻿<xml><article id="2342919" name="PORTARIAS DGER 29-03-2018" idOficio="4731574" pubName="DO2" artType="Portaria" pubDate="02/04/2018" artClass="00037:00002:00001:00000:00000:00000:00000:00000:00000:00000:00025:00001" artCategory="Poder Legislativo/Senado Federal/Diretoria-Geral" artSize="8" artNotes="" numberPage="76" pdfPage="http://pesquisa.in.gov.br/imprensa/jsp/visualiza/index.jsp?data=02/04/2018&amp;jornal=529&amp;pagina=76" editionNumber="62" highlight="" idMateria="10640141">
  <body>
    <Identifica><![CDATA[ PORTARIA Nº 698, DE 26 DE MARÇO DE 2018]]></Identifica>
    <Data><![CDATA[]]></Data>
    <Ementa />
    <Titulo />
    <SubTitulo />
    <Texto><![CDATA[<p class="identifica">PORTARIA Nº 698, DE 26 DE MARÇO DE 2018</p><p>A DIRETORA-GERAL DO SENADO FEDERAL, no uso de suas atribuições regimentais e regulamentares, e tendo em vista o que consta no processo eletrônico número 846204, resolve:</p><p>Exonerar LUCIANA DE MAGALHÃES TENÓRIO SOARES, matrícula no299938, do cargo, em comissão, de ASSESSOR PARLAMENTAR, SF02, do órgão COMDIR/SGSECR - Segunda-Secretaria, e nomeá-la para o cargo, em comissão, de MOTORISTA, AP-04, da mesma lotação.</p><p class="assina">Ilana Trombka</p><p class="identifica">PORTARIAS DE 28 DE MARÇO DE 2018</p><p>A DIRETORA-GERAL DO SENADO FEDERAL, no uso de suas atribuições regimentais e regulamentares, e tendo em vista o que consta no processo eletrônico número 846014, resolve:</p><p>Nº 710 - nomear, na forma do disposto do inciso II do art. 9oda Lei no8.112, de 1990, MATHEUS BISMARQUE MACHADO GUIMARÃES para exercer o cargo, em comissão, de AJUDANTE PARLAMENTAR JÚNIOR, AP-01, do Quadro de Pessoal do Senado Federal, com lotação no órgão OSE/SGM/GBSGME - Gabinete da Secretaria-Geral da Mesa, oriundo da Resolução nº 8 de 2015.</p><p>A DIRETORA-GERAL DO SENADO FEDERAL, no uso de suas atribuições regimentais e regulamentares, e tendo em vista o que consta no processo eletrônico número 846179, RESOLVE:</p><p>Nº 711 - nomear, na forma do disposto do inciso II do art. 9oda Lei no8.112, de 1990, VANUZA DE AGUIAR PEREIRA para exercer o cargo, em comissão, de AJUDANTE PARLAMENTAR JÚNIOR, AP-01, do Quadro de Pessoal do Senado Federal, com lotação no órgão GABLID/GLPROS - Gabinete da Liderança do Partido Republicano da Ordem Social.</p><p class="assina">Ilana Trombka</p><p></p>]]></Texto>
  </body>
</article></xml>