﻿<xml><article id="2343490" name="Port_GM_114_Efetivar_LUIZ AUGUST" idOficio="4731684" pubName="DO2" artType="Portaria" pubDate="02/04/2018" artClass="00021:00001:00000:00000:00000:00000:00000:00000:00000:00000:00019:00001" artCategory="Ministério de Minas e Energia/Gabinete do Ministro" artSize="8" artNotes="" numberPage="52" pdfPage="http://pesquisa.in.gov.br/imprensa/jsp/visualiza/index.jsp?data=02/04/2018&amp;jornal=529&amp;pagina=52" editionNumber="62" highlight="" idMateria="10640360">
  <body>
    <Identifica><![CDATA[ PORTARIA Nº 114, DE 28 DE MARÇO DE 2018]]></Identifica>
    <Data><![CDATA[]]></Data>
    <Ementa />
    <Titulo />
    <SubTitulo />
    <Texto><![CDATA[<p class="identifica">PORTARIA Nº 114, DE 28 DE MARÇO DE 2018</p><p>O CHEFE DE GABINETE DO MINISTRO DE ESTADO DE MINAS E ENERGIA, no uso da competência outorgada pela Portaria MME nº 386, de 3 de outubro de 2017, e tendo em vista o que consta do Processo nº 48300.000762/2018-95, resolve:</p><p>Art. 1º Efetivar o exercício do empregado público com anistia reconhecida, abaixo indicado, lotado neste Ministério.</p><p>Empregado: LUIZ AUGUSTO DE OLIVEIRA MOCHEL</p><p>Matrícula SIAPE: 1656410</p><p>Emprego: Engenheiro</p><p>Para: Instituto Chico Mendes de Conservação da Biodiversidade - ICMBio / Centro Nacional de Pesquisa e Conservação da Sociobiodiversidade Associada a Povos e Comunidades Tradicionais - CNPT.</p><p>Ônus: Órgão cedente (art. 93, § 1º, da Lei nº 8.112/1990)</p><p>Art. 2º O órgão cessionário deverá efetivar a apresentação do empregado ao seu órgão de origem ao término do exercício.</p><p>Art. 3º Cumpre ao órgão cessionário comunicar, mensalmente, ao órgão de origem a frequência do empregado.</p><p>Art. 4º Esta Portaria entra em vigor na data de sua publicação.</p><p class="assina">JOSÉ WANDERLEY UCHOA BARRETO</p>]]></Texto>
  </body>
</article></xml>