﻿<xml><article id="2345894" name="PORTARIA SE 194 - ANTONIO DE PAD" idOficio="4732029" pubName="DO2" artType="Portaria" pubDate="02/04/2018" artClass="00026:00002:00000:00000:00000:00000:00000:00000:00000:00000:00025:00001" artCategory="Ministério do Planejamento, Desenvolvimento e Gestão/Secretaria Executiva" artSize="8" artNotes="" numberPage="62" pdfPage="http://pesquisa.in.gov.br/imprensa/jsp/visualiza/index.jsp?data=02/04/2018&amp;jornal=529&amp;pagina=62" editionNumber="62" highlight="" idMateria="10640902">
  <body>
    <Identifica><![CDATA[ PORTARIA Nº 194, DE 29 DE MARÇO DE 2018]]></Identifica>
    <Data><![CDATA[]]></Data>
    <Ementa />
    <Titulo />
    <SubTitulo />
    <Texto><![CDATA[<p class="identifica">PORTARIA Nº 194, DE 29 DE MARÇO DE 2018</p><p>O SECRETÁRIO-EXECUTIVO DO MINISTÉRIO DO PLANEJAMENTO, DESENVOLVIMENTO E GESTÃO, no uso da competência que lhe foi delegada pela Portaria GM/MP nº 56, de 22 de fevereiro de 2016, publicada no Diário Oficial da União - DOU de 23 de fevereiro de 2016, considerando o disposto no inciso I do art. 93 da Lei nº 8.112, de 11 de dezembro de 1990, com redação dada pelo art. 22 da Lei nº 8.270, de 17 de dezembro de 1991, Decreto nº 9.144, de 22 de agosto de 2017, Portaria GM/MP nº 342, de 31 de outubro de 2017, Orientação Normativa SEGEP/MP nº 4, de 12 de junho de 2015, e demais informações que constam do Processo nº 03154.001425/2018-16, resolve:</p><p>Art. 1º - Ceder o servidor ANTÔNIO DE PADUA BRITO VAZ, matrícula SIAPE nº 0162199, pertencente ao Quadro de Pessoal deste Ministério, para ocupar Função Comissionada junto ao Ministério da Saúde - MS.</p><p>Art. 2º - O ônus pela remuneração é do órgão cedente.</p><p>Art. 3º - O servidor deverá apresentar-se imediatamente ao órgão de origem, ao término da cessão, observado o disposto nos arts. 4º e 6º da Orientação Normativa SEGEP/MP nº 4, de 2015.</p><p>Art. 4º - Esta Portaria entra em vigor na data da sua publicação.</p><p class="assina">ESTEVES PEDRO COLNAGO JUNIOR</p>]]></Texto>
  </body>
</article></xml>