﻿<xml><article id="2344061" name="Portarias de 28mar2018" idOficio="4731760" pubName="DO2" artType="Portaria" pubDate="02/04/2018" artClass="00012:00002:00012:00024:00000:00000:00000:00000:00000:00000:00025:00001" artCategory="Ministério da Fazenda/Secretaria Executiva/Subsecretaria de Planejamento, Orçamento e Administração/Superintendência de Administração em Minas Gerais" artSize="8" artNotes="" numberPage="39" pdfPage="http://pesquisa.in.gov.br/imprensa/jsp/visualiza/index.jsp?data=02/04/2018&amp;jornal=529&amp;pagina=39" editionNumber="62" highlight="" idMateria="10640455">
  <body>
    <Identifica><![CDATA[ PORTARIAS DE 28 DE MARÇO DE 2018]]></Identifica>
    <Data><![CDATA[]]></Data>
    <Ementa />
    <Titulo />
    <SubTitulo />
    <Texto><![CDATA[<p class="identifica">PORTARIAS DE 28 DE MARÇO DE 2018</p><p>O SUPERINTENDENTE DE ADMINISTRAÇÃO DO MINISTÉRIO DA FAZENDA EM MINAS GERAIS, usando da delegação de competência que lhe foi conferida pelo inciso XI, do artigo 86, da Portaria MF nº 144, de 27/04/2016, do Ministro de Estado da Fazenda, publicada no DOU de 29/04/2016, e da delegação de competência que lhe foi conferida pela Portaria SRF nº 1.671, de 16/06/2005, publicada no Diário Oficial da União, de 20/06/2005, resolve:</p><p>Nº 113 - Conceder aposentadoria voluntária a MARIA CRISTINA ANANIAS, matrículas SIAPEcad nº 11123 / SIAPE nº 94044, ocupante do cargo de Agente Administrativo, código 489202, Classe S, Padrão III, do Quadro de Pessoal do Ministério da Fazenda em Minas Gerais, com fundamento no art. 3º, da Emenda Constitucional nº 47/2005, com proventos integrais (código do fundamento 047001), tendo em vista o que consta do Processo SEI nº 13672.720135/2017-81.</p><p>Nº 114 - Conceder aposentadoria voluntária a VERA LÚCIA DA SILVA FERREIRA, matrículas SIAPEcad nº 1344445 / SIAPE nº 891776, ocupante do cargo de Auditor-Fiscal da Receita Federal do Brasil, código 236010, Classe S, Padrão III, do Quadro de Pessoal do Ministério da Fazenda em Minas Gerais, com fundamento no art. 3º, da Emenda Constitucional nº 47/2005, com proventos integrais (código do fundamento 047001), tendo em vista o que consta do Processo SEI nº 35118.001292/2003-16.</p><p class="assina">ACÁCIO CÂNDIDO DA SILVEIRA SANTOS</p>]]></Texto>
  </body>
</article></xml>