﻿<xml><article id="2345333" name="port 034-apos carlos terc" idOficio="4731956" pubName="DO2" artType="Portaria" pubDate="02/04/2018" artClass="00007:00003:00073:00019:00019:00000:00000:00000:00000:00000:00025:00001" artCategory="Ministério da Agricultura, Pecuária e Abastecimento/Secretaria Executiva/Superintendência Federal no Estado de Rondônia/Serviço de Apoio Administrativo/Seção de Gestão de Pessoas" artSize="8" artNotes="" numberPage="7" pdfPage="http://pesquisa.in.gov.br/imprensa/jsp/visualiza/index.jsp?data=02/04/2018&amp;jornal=529&amp;pagina=7" editionNumber="62" highlight="" idMateria="10640766">
  <body>
    <Identifica><![CDATA[ PORTARIA Nº 34, DE 29 DE MARÇO DE 2018]]></Identifica>
    <Data><![CDATA[]]></Data>
    <Ementa />
    <Titulo />
    <SubTitulo />
    <Texto><![CDATA[<p class="identifica">PORTARIA Nº 34, DE 29 DE MARÇO DE 2018</p><p>O SUPERINTENDENTE FEDERAL DE AGRICULTURA SUBSTITUTO NO ESTADO DE RONDÔNIA, no uso da competência que lhe foi atribuída pelo item XVIII, do artigo 44, do Regimento Interno das Superintendências Federais de Agricultura, aprovado pela Portaria Ministerial n° 428, de 09 de junho de 2010, publicada no Diário Oficial da União n°111, de 14 de junho de 2010 e Portaria Ministerial n° 1.412, de 10 de junho de 2016, publicada no Diário Oficial da União nº 111, de 13 de junho de 2016, resolve:</p><p>Conceder aposentadoria voluntária por tempo de contribuição, com proventos integrais, ao servidor Carlos Terceiro de Medeiros, ocupante do cargo de Agente Administrativo, Matricula SIAPE 1087317, Código NI 481004, Classe S, Padrão III, do Quadro de Pessoal deste Ministério, com fundamento no Artigo 3º, da Emenda Constitucional nº 47 de 5 de julho de 2005. (Processo nº 21046003271/2017-17)</p><p class="assina">Antonio Vagne Silva Costa</p>]]></Texto>
  </body>
</article></xml>