﻿<xml><article id="2343403" name="101" idOficio="4731668" pubName="DO2" artType="Portaria" pubDate="02/04/2018" artClass="00011:00075:00000:00000:00000:00000:00000:00000:00000:00000:00025:00001" artCategory="Ministério da Educação/Instituto Federal de Educação, Ciência e Tecnologia do Piauí" artSize="8" artNotes="" numberPage="19" pdfPage="http://pesquisa.in.gov.br/imprensa/jsp/visualiza/index.jsp?data=02/04/2018&amp;jornal=529&amp;pagina=19" editionNumber="62" highlight="" idMateria="10640335">
  <body>
    <Identifica><![CDATA[ PORTARIAS, DE 26 DE MARÇO DE 2018.]]></Identifica>
    <Data><![CDATA[]]></Data>
    <Ementa />
    <Titulo />
    <SubTitulo />
    <Texto><![CDATA[<p></p><p class="identifica">PORTARIAS, DE 26 DE MARÇO DE 2018.</p><p>O REITOR DO INSTITUTO FEDERAL DE EDUCAÇÃO, CIÊNCIA E TECNOLOGIA DO PIAUÍ, no uso de suas atribuições legais e tendo em vista o disposto no Mem. 045/2018 - PROEX/Reitoria, de 13/03/2018, resolve:</p><p>Nº 893 - Nomear ZILDA DE BRITO LIMA, Diretora de Assistência Estudantil da Reitoria, Código CD-3, Matrícula SIAPE nº 1101734, para responder, cumulativamente, no período de 26/03 a 14/04/2018, pelo cargo de Pró-Reitora de Extensão, Código CD-2, em virtude do afastamento de sua titular, Divamélia de Oliveira Bezerra Gomes, que estará em gozo de férias, no período mencionado.</p><p>O REITOR DO INSTITUTO FEDERAL DE EDUCAÇÃO, CIÊNCIA E TECNOLOGIA DO PIAUÍ, no uso de suas atribuições legais e tendo em vista o disposto no Mem. 047/2018 - PROEX/Reitoria, de 13/03/2018, resolve:</p><p>Nº 894 - Nomear KENNYA MARTINS DE MELO SOUSA CUNHA, Coordenadora de Eventos Desportivos da Pró-Reitoria de Extensão, Código FG-1, Matrícula SIAPE nº 1837821, para responder, cumulativamente, no período de 26/03 a 14/04/2018, pela Diretoria de Relações Empresariais e Articulação Comunitária, Código CD-4, em virtude do afastamento de seu titular, Alexandre da Silva Sales, que estará em gozo de férias, no período mencionado.</p><p>O REITOR DO INSTITUTO FEDERAL DE EDUCAÇÃO, CIÊNCIA E TECNOLOGIA DO PIAUÍ, no uso de suas atribuições legais e tendo em vista o disposto no Memo. nº 040/2018-CONINT/REITORIA, de 06/03/2018, resolve:</p><p>Nº 895 - Nomear DANIELLA SOUSA SILVA, Administradora, Nível de Classificação E, Nível de Capacitação III, Matrícula SIAPE nº 1002104, com lotação na Reitoria, para substituir, no período de 26/03 a 14/04/2018, Flávio Moura e Silva, Controlador, Código CD-4, que estará de férias, no período mencionado.</p><p>O REITOR DO INSTITUTO FEDERAL DE EDUCAÇÃO, CIÊNCIA E TECNOLOGIA DO PIAUÍ, no uso de suas atribuições legais e tendo em vista o disposto no MEMORANDO Nº 52/2018 - Campus Teresina Central, de 15/03/2018, resolve:</p><p>Nº 896 - Nomear ETEVALDO MACEDO VALADÃO, Coordenador do Curso de Licenciatura em Física-FCC, FUC-0001, do Campus Teresina Central, Matrícula SIAPE nº 1809452 para responder, cumulativamente, pelo cargo de Chefe do Departamento de Formação de Professores de Letras e Ciências do Campus Teresina-Central, Código CD-4, no período de 27/03 a 14/04/2018, em virtude do afastamento de seu titular, Ivanaldo Ribeiro de Moura, que estará em gozo de férias, no período mencionado.</p><p>O REITOR DO INSTITUTO FEDERAL DE EDUCAÇÃO, CIÊNCIA E TECNOLOGIA DO PIAUÍ, no uso de suas atribuições legais e tendo em vista o disposto no MEMORANDO Nº 63/2018 - Campus Teresina Central, de 22/03/2018, resolve:</p><p>Nº 900 - Nomear JULIANA GOMES DE SOUSA LOPES, Assistente da Diretoria de Ensino, Código FG-2, Matrícula SIAPE nº 1459025, para responder, cumulativamente, pela Diretoria de Ensino do Campus Teresina Central, Código CD-3, no período de 26/03 a 04/04/2018, em virtude do afastamento de seu titular Robson Alves da Silva, que estará em gozo de férias no período mencionado.</p><p>O REITOR DO INSTITUTO FEDERAL DE EDUCAÇÃO, CIÊNCIA E TECNOLOGIA DO PIAUÍ, no uso de suas atribuições legais e tendo em vista o disposto no MEMORANDO Nº 63/2018 - Campus Teresina Central, de 22/03/2018, resolve:</p><p>Nº 901 - Nomear RAIMUNDO NONATO DA CUNHA SOBRINHO, Chefe do Departamento de Apoio ao Ensino do Campus Teresina Central, Código CD-4, Matrícula SIAPE nº 0276036, para responder, cumulativamente, pela Diretoria de Ensino do Campus Teresina Central, Código CD-3, no período de 05/04 a 14/04/2018, em virtude do afastamento de seu titular Robson Alves da Silva, que estará em gozo de férias no período mencionado.</p><p>O REITOR DO INSTITUTO FEDERAL DE EDUCAÇÃO, CIÊNCIA E TECNOLOGIA DO PIAUÍ, no uso de suas atribuições legais e tendo em vista o disposto no MEMORANDO Nº 67/2018 - Campus Teresina Central, de 23/03/2018, resolve:</p><p>Nº 902 - Nomear RÔMULO OLIVEIRA BARROS, Assistente em Administração, Nível de Classificação D, Nível de Capacitação IV, Matrícula SIAPE nº 1759809, com lotação no Campus Teresina Central, para substituir, no período de 26/03 a 14/04/2018, Lílian Francisca Soares Melo, Chefe do Departamento de Informação, Ambiente e Saúde e Produção Alimentícia do Campus Teresina Central, Código CD-4, que estará em gozo de férias, no período mencionado.</p><p>O REITOR DO INSTITUTO FEDERAL DE EDUCAÇÃO, CIÊNCIA E TECNOLOGIA DO PIAUÍ, no uso de suas atribuições legais e tendo em vista o disposto no Mem. 16/2018 - DTI - REITORIA - IFPI, de 23/03/2018, resolve:</p><p>Nº 903 - Nomear TÉRCIO DE ANDRADE OLIVEIRA, Chefe de Departamento de Sistemas da Informação da Reitoria, Código CD -4, Matrícula SIAPE nº 1747958, para responder, cumulativamente, pela Diretoria de Tecnologia da Informação da Reitoria, Código CD-3, no período de 26/03 a 14/04/2018, em virtude do afastamento de seu titular Eduilson Lívio Neves da Costa Carneiro, que estará em gozo de férias, no período mencionado.</p><p>O REITOR DO INSTITUTO FEDERAL DE EDUCAÇÃO, CIÊNCIA E TECNOLOGIA DO PIAUÍ, no uso de suas atribuições legais e tendo em vista o disposto no Memorando nº 63/2018- DG/CACAM/IFPI, de 20/03/2018, resolve:</p><p>Nº 904 - Dispensar, a pedido, a partir de 20/03/2018, o servidor SANDRO ROBERTO DE AZEVEDO, Professor do Ensino Básico, Técnico e Tecnológico, Classe D III, Nível 1, CPF nº 227.813.903-72, Matrícula SIAPE nº 2154617, do Quadro de Pessoal deste Instituto Federal, com lotação no Campus Campo Maior, da função de Coordenador do Curso de Administração -FCC, FUC-0001, para a qual foi designado através da Portaria nº 303, de 08/02/2017, publicada no DOU de 09/02/2017.</p><p>O REITOR DO INSTITUTO FEDERAL DE EDUCAÇÃO, CIÊNCIA E TECNOLOGIA DO PIAUÍ, no uso de suas atribuições legais e tendo em vista o disposto no Memorando nº 64/2018- DG/CACAM/IFPI, de 20/03/2018, resolve:</p><p>Nº 905 - Designar o servidor ALISSON ARAÚJO ANDRADE SILVA, Professor do Ensino Básico, Técnico e Tecnológico, Classe D III, Nível 1, CPF nº 000.851.153-55, Matrícula SIAPE nº 1969538, do Quadro de Pessoal deste Instituto Federal, com lotação no Campus Campo Maior, para exercer a função de Coordenador do Curso de Administração -FCC, FUC-0001, do referido campus.</p><p>O REITOR DO INSTITUTO FEDERAL DE EDUCAÇÃO, CIÊNCIA E TECNOLOGIA DO PIAUÍ, no uso de suas atribuições legais e tendo em vista o disposto no Memo nº 65/2018-DG/CACAM/IFPI, de 20/03/2018, resolve:</p><p>Nº 906 - Dispensar, a pedido, o servidor GERALDO NUNES DA SILVA JÚNIOR, Professor do Ensino Básico, Técnico e Tecnológico, Classe D III, Nível 2, CPF nº 555.315.203-87, Matrícula SIAPE nº 2616596, do Quadro de Pessoal deste Instituto Federal, com lotação no Campus Campo Maior, da função de Coordenação do Curso Técnico em Informática-FCC, FUC-0001, para a qual foi designado através da Portaria nº 606, de 26/02/2016, publicada no DOU de 04/03/2016.</p><p>O REITOR DO INSTITUTO FEDERAL DE EDUCAÇÃO, CIÊNCIA E TECNOLOGIA DO PIAUÍ, no uso de suas atribuições legais e tendo em vista o disposto no Memo. nº 66/2018-DG/CACAM/IFPI, de 20/03/2018, resolve:</p><p>Nº 907 - Designar o servidor WILSON DE OLIVEIRA JÚNIOR, Professor do Ensino Básico, Técnico e Tecnológico, Classe D III, Nível 2, CPF nº 421.066.563-00, Matrícula SIAPE nº 2645400, do Quadro de Pessoal deste Instituto Federal, com lotação no Campus Campo Maior, para exercer a função de Coordenação do Curso Técnico em Informática-FCC, FUC-0001, do referido campus.</p><p class="identifica">PORTARIA Nº 929, DE 28 DE MARÇO DE 2018</p><p>O REITOR DO INSTITUTO FEDERAL DE EDUCAÇÃO, CIÊNCIA E TECNOLOGIA DO PIAUÍ, no uso da competência que lhe foi subdelegada pela Portaria MEC nº 404, de 23/04/2009, publicada no DOU de 24/04/2009, republicada no DOU de 07/05/2009, Seção 2, página 9, resolve:</p><p>Autorizar o afastamento do país do servidor RAFAEL TORRES ANCHIETA, Matrícula SIAPE nº 2151685, Professor do Ensino Básico, Técnico e Tecnológico deste Instituto Federal, com lotação no Campus Picos, para participar da 11th Edition of the Language Resources and Evaluation conference, com a apresentação do trabalho: "Towards AMR-BR: A SemBank for Brazilian Portuguese Language". A conferência será realizada em Miyazaki, no Japão, no período de 07 a 12/05/2018, com ônus limitado para o IFPI.</p><p class="assina">PAULO HENRIQUE GOMES DE LIMA</p>]]></Texto>
  </body>
</article></xml>