﻿<xml><article id="2347867" name="PT 34 SOGP PETROLINA" idOficio="4732109" pubName="DO2" artType="Portaria" pubDate="02/04/2018" artClass="00022:00029:00237:00028:00019:00000:00000:00000:00000:00000:00025:00021" artCategory="Ministério do Desenvolvimento Social/Instituto Nacional do Seguro Social/Superintendência Regional Nordeste em Recife/Gerência Executiva - B - em Petrolina/Seção Operacional  de Gestão de Pessoas" artSize="8" artNotes="" numberPage="54" pdfPage="http://pesquisa.in.gov.br/imprensa/jsp/visualiza/index.jsp?data=02/04/2018&amp;jornal=529&amp;pagina=54" editionNumber="62" highlight="" idMateria="10641079">
  <body>
    <Identifica><![CDATA[ PORTARIA Nº 34, DE 29 DE MARÇO DE 2018]]></Identifica>
    <Data><![CDATA[]]></Data>
    <Ementa />
    <Titulo />
    <SubTitulo />
    <Texto><![CDATA[<p class="identifica">PORTARIA Nº 34, DE 29 DE MARÇO DE 2018</p><p>O Chefe da Seção Operacional da Gestão de Pessoas da Gerência Executiva do Instituto Nacional do Seguro Social em Petrolina, no Estado de Pernambuco, no uso das atribuições conferidas pelo artigo 171, inciso III, alínea "b" da Portaria nº 296, de 09/11/09, publicada no DOU nº 214, de 10/11/09 e o que consta no processo nº 35220.000060/2018-50, resolve:</p><p>Conceder Aposentadoria Voluntária à servidora MARIA DE LOURDES SIMPLICIO DE ARAUJO, matrícula SIAPE: 0903205, ocupante do cargo de Técnico do Seguro Social, Classe "S" Padrão IV, do Quadro de Pessoal do Instituto Nacional do Seguro Social, com fundamento no Artigo 3º da Emenda Constitucional nº 47/2005.</p><p>Declarar vago o cargo na forma no Art. 33, inciso VII, da Lei 8.112/90.</p><p class="assina">DIOGO SILVA HOFFMANN</p>]]></Texto>
  </body>
</article></xml>