﻿<xml><article id="2343358" name="PORTARIA Nº 1.069.18" idOficio="4731624" pubName="DO2" artType="Portaria" pubDate="02/04/2018" artClass="00011:00056:00000:00000:00000:00000:00000:00000:00000:00000:00025:00002" artCategory="Ministério da Educação/Instituto Federal de Educação, Ciência e Tecnologia da Bahia" artSize="8" artNotes="" numberPage="24" pdfPage="http://pesquisa.in.gov.br/imprensa/jsp/visualiza/index.jsp?data=02/04/2018&amp;jornal=529&amp;pagina=24" editionNumber="62" highlight="" idMateria="10640210">
  <body>
    <Identifica><![CDATA[ PORTARIA Nº 1.069, DE 27 DE MARÇO DE 2018]]></Identifica>
    <Data><![CDATA[]]></Data>
    <Ementa />
    <Titulo />
    <SubTitulo />
    <Texto><![CDATA[<p class="identifica">PORTARIA Nº 1.069, DE 27 DE MARÇO DE 2018</p><p>O REITOR DO INSTITUTO FEDERAL DE EDUCAÇÃO, CIÊNCIA E TECNOLOGIA DA BAHIA - IFBA, no uso de suas atribuições legais, resolve:</p><p>Art. 1º Designar o servidor José Fabrício Andrade de Souza, Contador, portador do CPF: 052.757.705-70, matrícula SIAPE: 1145162, como gestor financeiro do Campus Santo Antonio de Jesus e o servidor Jesuito Soares de Souza, Administrador, CPF: 279. 460. 535-68, matrícula SIAPE nº 2259467, como gestor financeiro substituto.</p><p>Art. 2º Esta Portaria entra em vigor na data da sua publicação.</p><p class="assina">RENATO DA ANUNCIAÇÃO FILHO</p>]]></Texto>
  </body>
</article></xml>