﻿<xml><article id="2345642" name="PORTARIA 671 DE 08 DE MARÇO DE 2" idOficio="4731990" pubName="DO2" artType="Portaria" pubDate="02/04/2018" artClass="00018:00002:00072:00000:00000:00000:00000:00000:00000:00000:00025:00004" artCategory="Ministério da Transparência e Controladoria-Geral da União/Secretaria Executiva/Diretoria de Gestão Interna" artSize="8" artNotes="" numberPage="51" pdfPage="http://pesquisa.in.gov.br/imprensa/jsp/visualiza/index.jsp?data=02/04/2018&amp;jornal=529&amp;pagina=51" editionNumber="62" highlight="" idMateria="10640854">
  <body>
    <Identifica><![CDATA[ PORTARIA Nº 671, DE 8 DE MARÇO DE 2018]]></Identifica>
    <Data><![CDATA[]]></Data>
    <Ementa />
    <Titulo />
    <SubTitulo />
    <Texto><![CDATA[<p class="identifica">PORTARIA Nº 671, DE 8 DE MARÇO DE 2018</p><p>O DIRETOR DE GESTÃO INTERNA DO MINISTÉRIO DA TRANSPARÊNCIA E CONTROLADORIA-GERAL DA UNIÃO, no uso da competência que lhe foi delegada pela Portaria nº 1.383, de 23 de junho de 2017, publicada no D.O.U de 27.06.2017, e tendo em vista o que consta no processo nº 00216.100036/2018-02, resolve:</p><p>Conceder aposentadoria voluntária com proventos integrais ao servidor REINALDO DA COSTA LIMA, ocupante do cargo de Auditor Federal de Finanças e Controle, Classe S, Padrão IV, matrícula Siape nº 0144438, do Quadro de Pessoal deste Ministério da Transparência e Controladoria-Geral da União, com fundamento no artigo art. 3º da Emenda Constitucional nº 47, de 5 de julho de 2005.</p><p>Declarar vago o referido cargo.</p><p class="assina">SERGIO AKUTAGAWA</p>]]></Texto>
  </body>
</article></xml>