﻿<xml><article id="2344669" name="PORTARIAS DE 29 DE MARÇO DE 2018" idOficio="4731820" pubName="DO2" artType="Portaria" pubDate="02/04/2018" artClass="00011:00090:00000:00000:00000:00000:00000:00000:00000:00000:00025:00001" artCategory="Ministério da Educação/Instituto Nacional de Educação de Surdos" artSize="8" artNotes="" numberPage="20" pdfPage="http://pesquisa.in.gov.br/imprensa/jsp/visualiza/index.jsp?data=02/04/2018&amp;jornal=529&amp;pagina=20" editionNumber="62" highlight="" idMateria="10640538">
  <body>
    <Identifica><![CDATA[ PORTARIA Nº 122, DE 29 DE MARÇO DE 2018]]></Identifica>
    <Data><![CDATA[]]></Data>
    <Ementa />
    <Titulo />
    <SubTitulo />
    <Texto><![CDATA[<p class="identifica">PORTARIA Nº 122, DE 29 DE MARÇO DE 2018</p><p>O DIRETOR GERAL DO INSTITUTO NACIONAL DE EDUCAÇÃO DE SURDOS - INES, no uso das atribuições que lhe confere a Portaria Ministerial nº 17, de 19/01/2015, publicada no DOU de 20/01/2015 e da competência fixada pelo Regimento Interno, aprovado pela Portaria Ministerial nº 323, de 08/04/2009, publicada no DOU de 09/04/2009, resolve:</p><p>Conceder aposentadoria voluntária a SAMUEL VIEIRA PEREIRA, matrícula SIAPE nº 1031710, ocupante do cargo de Vigilante, classe D, padrão 415, com fundamento legal no Art. 3º da EC nº 47/2005. (Processo nº 23121.000273/2018-11).</p><p class="assina">MARCELO FERREIRA DE VASCONCELOS CAVALCANTI</p><p>PORTARIAS DE 29 DE MARÇO DE 2018</p><p>O DIRETOR GERAL DO INSTITUTO NACIONAL DE EDUCAÇÃO DE SURDOS - INES, no uso das atribuições que lhe confere a Portaria Ministerial nº 17, de 19/01/2015, publicada no DOU de 20/01/2015 e da competência subdelegada pela Portaria MEC nº 316, de 27/03/2015, publicada no DOU de 30 subsequente, resolve:</p><p>Nº 123 Dispensar a pedido, JULIANA BARROS DE OLIVEIRA, matrícula nº 1902828, da função de chefe, FG-2, da Divisão de Registro Acadêmico -DIRA, do Departamento de Ensino Superior, a partir 23/03/2018.</p><p>Nº 124 Designar, ANDRÉ FERREIRA ELISIÁRIO BARBOSA, matrícula nº 2179717, para exercer a função de chefe, FG-2, da Divisão de Registro Acadêmico -DIRA, do Departamento de Ensino Superior, a partir 23/03/2018.</p><p class="assina">MARCELO FERREIRA DE VASCONCELOS CAVALCANTI</p>]]></Texto>
  </body>
</article></xml>