﻿<xml><article id="2345966" name="port propessoas986a995 2018" idOficio="4732042" pubName="DO2" artType="Portaria" pubDate="02/04/2018" artClass="00011:00136:00051:00000:00000:00000:00000:00000:00000:00000:00025:00002" artCategory="Ministério da Educação/Universidade Federal de São Paulo/Pró-Reitoria de Gestão com Pessoas" artSize="8" artNotes="" numberPage="28" pdfPage="http://pesquisa.in.gov.br/imprensa/jsp/visualiza/index.jsp?data=02/04/2018&amp;jornal=529&amp;pagina=28" editionNumber="62" highlight="" idMateria="10640917">
  <body>
    <Identifica><![CDATA[ PORTARIAS DE 27 DE MARÇO DE 2018]]></Identifica>
    <Data><![CDATA[]]></Data>
    <Ementa />
    <Titulo />
    <SubTitulo />
    <Texto><![CDATA[<p></p><p class="identifica">PORTARIAS DE 27 DE MARÇO DE 2018</p><p>O Pró-Reitor de Gestão com Pessoas da Universidade Federal de São Paulo, no uso da competência que lhe foi delegada pela Portaria nº 3.474/17, publicada no D.O.U. de 12/09/17, resolve:</p><p>Nº 986 - Conceder aposentadoria voluntária ao servidor JOÃO CARLOS PEREIRA ANGELI, Matrícula SIAPE nº 11360492, ocupante do cargo de Engenheiro/Área, Classe E, Nível de Capacitação IV, Padrão de Vencimento 16, do Quadro de Pessoal da Universidade Federal de São Paulo, com base no artigo 3°, incisos I a III e parágrafo único da EC n° 47/2005, com proventos integrais. (Processo nº 23089.000226/2018-11).</p><p>Nº 987 - Conceder aposentadoria voluntária ao servidor EURICO RIBEIRO DE MENDONÇA, Matrícula SIAPE nº 6020328, ocupante do cargo de Médico/Área, Classe E, Nível de Capacitação II, Padrão de Vencimento 16, do Quadro de Pessoal da Universidade Federal de São Paulo, com base no artigo 3°, incisos I a III e parágrafo único da EC n° 47/2005, com proventos integrais. (Processo nº 23089.000029/2018-00).</p><p>Nº 988 - Conceder aposentadoria voluntária a servidora MARTA JOSE AVENA, Matrícula SIAPE nº 11518126, ocupante do cargo de Enfermeiro/Área, Classe E, Nível de Capacitação IV, Padrão de Vencimento 16, do Quadro de Pessoal da Universidade Federal de São Paulo, com base no artigo 3°, incisos I a III e parágrafo único da EC n° 47/2005, com proventos integrais. (Processo nº 23089.000086/2018-81).</p><p>Nº 989- Conceder aposentadoria voluntária a servidora IVONE DA CONCEIÇÃO GOMES DE SOUZA, Matrícula SIAPE nº 11358161, ocupante do cargo de Secretário Executivo, Classe E, Nível de Capacitação IV, Padrão de Vencimento 16, do Quadro de Pessoal da Universidade Federal de São Paulo, com base no artigo 3°, incisos I a III e parágrafo único da EC n° 47/2005, com proventos integrais. (Processo nº 23089.000173/2018-38).</p><p>Nº 990- Conceder aposentadoria voluntária a servidora VERA LUCIA ALMEIDA DA CUNHA, Matrícula SIAPE nº 11608656, ocupante do cargo de Administrador, Classe E, Nível de Capacitação IV, Padrão de Vencimento 16, do Quadro de Pessoal da Universidade Federal de São Paulo, com base no artigo 3°, incisos I a III e parágrafo único da EC n° 47/2005, com proventos integrais. (Processo nº 23089.000206/2018-40).</p><p>Nº 991- Conceder aposentadoria voluntária a servidora ANA LUCIA MEDEIROS DE SOUZA, Matrícula SIAPE nº 11390693, ocupante do cargo de Nutricionista/Habilitação, Classe E, Nível de Capacitação IV, Padrão de Vencimento 16, do Quadro de Pessoal da Universidade Federal de São Paulo, com base no artigo 3°, incisos I a III e parágrafo único da EC n° 47/2005, com proventos integrais. (Processo nº 23089.000213/2018-41).</p><p>Nº 992- Conceder aposentadoria voluntária ao servidor DANIEL FELDMAN POLLAK, Matrícula SIAPE nº 12247240, ocupante do cargo de Professor Adjunto, Referência 4, Regime de 40(quarenta) horas semanais, do Quadro de Pessoal da Universidade Federal de São Paulo, com base no artigo 6º, incisos I a IV, da Emenda Constitucional nº 41/2003, com proventos integrais. (Processo nº 23089.000189/2018-41).</p><p>Nº 993- Conceder aposentadoria voluntária a servidora MARGARET GORI MOURO, Matrícula SIAPE nº 11364773, ocupante do cargo de Técnico de Laboratório/Área, Classe D, Nível de Capacitação IV, Padrão de Vencimento 16, do Quadro de Pessoal da Universidade Federal de São Paulo, com base no artigo 3°, incisos I a III e parágrafo único da EC n° 47/2005, com proventos integrais. (Processo nº 23089.000199/2018-86).</p><p>Nº 994-Conceder aposentadoria voluntária a servidora MARILDA YASSUKO UMEDA GUERRA, Matrícula SIAPE nº 11609900, ocupante do cargo de Administrador, Classe E, Nível de Capacitação IV, Padrão de Vencimento 16, do Quadro de Pessoal da Universidade Federal de São Paulo, com base no artigo 3°, incisos I a III e parágrafo único da EC n° 47/2005, com proventos integrais. (Processo nº 23089.000207/2018-94).</p><p>Nº 995-Conceder aposentadoria voluntária ao servidor AURO EPISCOPO ROSA, Matrícula SIAPE nº 1833771, ocupante do cargo de Técnico de Laboratório/Área, Nível D, Classe III, Padrão de Vencimento 5, do Quadro de Pessoal da Universidade Federal de São Paulo, com base no artigo 40º, parágrafo 1º, inciso III, alínea b da Constituição Federal, com redação dada pela Emenda Constitucional nº 41/2003, com proventos proporcionais (Processo nº 23089.000028/2018-57).</p><p class="assina">MURCHED OMAR TAHA</p>]]></Texto>
  </body>
</article></xml>