﻿<xml><article id="2344528" name="PT 16 ARBACENA" idOficio="4731806" pubName="DO2" artType="Portaria" pubDate="02/04/2018" artClass="00022:00029:00240:00008:00019:00000:00000:00000:00000:00000:00025:00002" artCategory="Ministério do Desenvolvimento Social/Instituto Nacional do Seguro Social/Superintendência Regional Sudeste II em Belo Horizonte/Gerência Executiva - B - Barbacena/Seção Operacional da Gestão de Pessoas" artSize="8" artNotes="" numberPage="58" pdfPage="http://pesquisa.in.gov.br/imprensa/jsp/visualiza/index.jsp?data=02/04/2018&amp;jornal=529&amp;pagina=58" editionNumber="62" highlight="" idMateria="10640532">
  <body>
    <Identifica><![CDATA[ PORTARIA Nº 16, DE 29 DE MARÇO DE 2018]]></Identifica>
    <Data><![CDATA[]]></Data>
    <Ementa />
    <Titulo />
    <SubTitulo />
    <Texto><![CDATA[<p class="identifica">PORTARIA Nº 16, DE 29 DE MARÇO DE 2018</p><p>O Chefe da Seção Operacional da Gestão de Pessoas da Gerência Executiva do INSS em Barbacena/MG, no uso de suas atribuições conferidas pelo art. 171, inciso III, alínea "b" do Regimento Interno do INSS, aprovado pela PT/MPS Nº 296, de 09/11/2009, publicada no DOU Nº 214 de 10/11/2009, resolve:</p><p>Conceder aposentadoria voluntária a servidora PATRÍCIA BOQUIMPANI QUEIROZ BRIGHENTI, matrícula SIAPE 0922575, ocupante do cargo de Técnico do Seguro Social, classe S, padrão IV, do quadro de pessoal do Instituto Nacional do Seguro Social, com fundamento no artigo 3º, incisos I, II, III e parágrafo único da Emenda Constitucional nº 47/2005, com proventos integrais, acrescido das demais vantagens a que faz jus, tendo em vista o que consta do processo de aposentadoria Nº 35104.000041/2018-50, declarando vago o referido cargo.</p><p class="assina">GERALDO ROBERTO DE SOUZA LIMA</p>]]></Texto>
  </body>
</article></xml>