﻿<xml><article id="2347585" name="Portaria_JANE FRAGA TUTIKIAN_28_" idOficio="4732091" pubName="DO2" artType="Portaria" pubDate="02/04/2018" artClass="00011:00129:00001:00000:00000:00000:00000:00000:00000:00000:00025:00001" artCategory="Ministério da Educação/Universidade Federal do Rio Grande do Sul/Reitoria/Gabinete do Reitor" artSize="8" artNotes="" numberPage="33" pdfPage="http://pesquisa.in.gov.br/imprensa/jsp/visualiza/index.jsp?data=02/04/2018&amp;jornal=529&amp;pagina=33" editionNumber="62" highlight="" idMateria="10641036">
  <body>
    <Identifica><![CDATA[ PORTARIAS DE 28 DE MARÇO DE 2018]]></Identifica>
    <Data><![CDATA[]]></Data>
    <Ementa />
    <Titulo />
    <SubTitulo />
    <Texto><![CDATA[<p class="identifica">PORTARIAS DE 28 DE MARÇO DE 2018</p><p>A VICE-REITORA DA UNIVERSIDADE FEDERAL DO RIO GRANDE DO SUL, no uso de suas atribuições legais e estatutárias, considerando o disposto na Portaria nº 7678, de 30 de setembro de 2016, resolve:</p><p>N° 2.356 - Dispensar a partir de 26/02/2018, a ocupante do cargo de Professor do Magistério Superior, classe Assistente A do Quadro de Pessoal desta Universidade, MARIANA MANFROI DA SILVA BONOTTO, matrícula SIAPE n° 2126080, da função de Coordenadora da COMGRAD de Ciências Contábeis, Código SRH 1202, código FUC, para a qual foi designada pela Portaria 577/2017, de 19/01/2017, publicada no Diário Oficial da União do dia 23/01/2017. Processo nº 23078.505339/2018-37.</p><p>N° 2.381 - Designar a ocupante do cargo de Professor do Magistério Superior, classe Adjunto, do Quadro de Pessoal desta Universidade, LUCIANI SOMENSI LORENZI, matrícula SIAPE n° 1735710, lotada no Departamento de Engenharia Civil da Escola de Engenharia, para exercer a função de Coordenadora da COMGRAD de Engenharia Civil código SRH1212, código FUC, com vigência a partir de 05/04/2018 e até 04/04/2020. Processo nº 23078.506240/2018-52.</p><p>N° 2.383 - Designar WENDY BEATRIZ WITT HADDAD CARRARO, matrícula SIAPE n° 4344734, ocupante do cargo de Professor do Magistério Superior, classe Adjunto, lotada no Departamento de Ciências Contábeis e Atuariais da Faculdade de Ciências Econômicas, do Quadro de Pessoal da Universidade Federal do Rio Grande do Sul, como Coordenadora da COMGRAD de Ciências Contábeis, Código SRH 1202, código FUC, com vigência a partir da publicação no Diário Oficial da União até 05/02/2019, a fim de completar o mandato da Professora Mariana Manfroi da Silva Bonotto, conforme artigo 92 do Estatuto da mesma Universidade. Processo nº 23078.505339/2018-37.</p><p class="assina">JANE FRAGA TUTIKIAN</p>]]></Texto>
  </body>
</article></xml>