﻿<xml><article id="2345951" name="2934" idOficio="4732040" pubName="DO2" artType="Portaria" pubDate="02/04/2018" artClass="00011:00130:00001:00017:00000:00000:00000:00000:00000:00000:00025:00003" artCategory="Ministério da Educação/Universidade Federal do Rio de Janeiro/Reitoria/Pró-Reitoria de Pessoal" artSize="8" artNotes="" numberPage="35" pdfPage="http://pesquisa.in.gov.br/imprensa/jsp/visualiza/index.jsp?data=02/04/2018&amp;jornal=529&amp;pagina=35" editionNumber="62" highlight="" idMateria="10640915">
  <body>
    <Identifica><![CDATA[ PORTARIA Nº 2.934,  de 29 de março de 2018]]></Identifica>
    <Data><![CDATA[]]></Data>
    <Ementa />
    <Titulo />
    <SubTitulo />
    <Texto><![CDATA[<p class="identifica">PORTARIA Nº 2.934, de 29 de março de 2018</p><p>O Pró-Reitor de Pessoal, no uso da competência delegada pelo Reitor da Universidade Federal do Rio de Janeiro, através da Portaria nº 956 de 10 de fevereiro de 2017, publicada no Diário Oficial da União de 13 de fevereiro de 2017, resolve:</p><p>Declarar vago, em 25-janeiro-2018, o cargo de Professor do Magistério Superior, ocupado pelo(a) servidor(a) DELIO VARGAS VIEIRA, Matrícula SIAPE nº 1252996, do Quadro de Pessoal desta Universidade, decorrente de seu falecimento de acordo com artigo 33, item IX da Lei nº 8112 de 11 de dezembro de 1990, processo nº 23079.015068/18-12.</p><p class="assina">AGNALDO FERNANDES</p><p></p>]]></Texto>
  </body>
</article></xml>