﻿<xml><article id="2343367" name="Portaria 283" idOficio="4731643" pubName="DO2" artType="Portaria" pubDate="02/04/2018" artClass="00011:00031:00001:00000:00000:00000:00000:00000:00000:00000:00025:00001" artCategory="Ministério da Educação/Fundação Universidade Federal de Mato Grosso/Reitoria" artSize="8" artNotes="" numberPage="21" pdfPage="http://pesquisa.in.gov.br/imprensa/jsp/visualiza/index.jsp?data=02/04/2018&amp;jornal=529&amp;pagina=21" editionNumber="62" highlight="" idMateria="10640270">
  <body>
    <Identifica><![CDATA[ PORTARIA Nº 283, DE 28 DE MARÇO DE 2018]]></Identifica>
    <Data><![CDATA[]]></Data>
    <Ementa />
    <Titulo />
    <SubTitulo />
    <Texto><![CDATA[<p class="identifica">PORTARIA Nº 283, DE 28 DE MARÇO DE 2018</p><p>A Reitora da Universidade Federal de Mato Grosso, no uso de suas atribuições legais, resolve:</p><p>Exonerar, a pedido, por motivo de desistência do estágio probatório, a servidora JERUSA LUZ MACHADO DE OLIVEIRA, SIAPE n. 1667197, do cargo de Assistente Social, Classe E, Padrão de Vencimento 101, da Carreira de Técnico Administrativo em Educação desta UFMT, lotada na Supervisão de Assistência Estudantil, Campus Universitário de Sinop. Declarar vago o respectivo cargo. Esta Portaria conta seus efeitos a partir de 02 de abril de 2018. Processo n. 23108.920769/2018-81.</p><p class="assina">MYRIAN THEREZA DE MOURA SERRA</p>]]></Texto>
  </body>
</article></xml>