﻿<xml><article id="2347768" name="PT 13 SOGP ITABUNA" idOficio="4732109" pubName="DO2" artType="Portaria" pubDate="02/04/2018" artClass="00022:00029:00237:00020:00031:00000:00000:00000:00000:00000:00025:00003" artCategory="Ministério do Desenvolvimento Social/Instituto Nacional do Seguro Social/Superintendência Regional Nordeste em Recife/Gerência Executiva - B - em Itabuna/Seção Operacional da Gestão de Pessoas" artSize="8" artNotes="" numberPage="54" pdfPage="http://pesquisa.in.gov.br/imprensa/jsp/visualiza/index.jsp?data=02/04/2018&amp;jornal=529&amp;pagina=54" editionNumber="62" highlight="" idMateria="10641061">
  <body>
    <Identifica><![CDATA[ PORTARIA Nº 13, DE 23 DE MARÇO DE 2018]]></Identifica>
    <Data><![CDATA[]]></Data>
    <Ementa />
    <Titulo />
    <SubTitulo />
    <Texto><![CDATA[<p class="identifica">PORTARIA Nº 13, DE 23 DE MARÇO DE 2018</p><p>A Chefe da Seção Operacional da Gestão de Pessoas da Gerência Executiva do INSS em Itabuna / Bahia, no uso das atribuições que lhe foram conferidas pela competência delegada através da Portaria MPS nº 296, de 09/11/2009, Artigo 171, publicada no DOU nº 214, de 10 de Novembro de 2009, que aprovou o Regimento Interno do INSS, tendo em vista o que consta no processo nº 35027.000205/2018-17, resolve:</p><p>Conceder aposentadoria voluntária ao servidor RENALDO ROCHA GAMA, matrícula SIAPE nº 088.1581, ocupante do cargo de TÉCNICO DO SEGURO SOCIAL, NI, Classe "S" Padrão "IV", do quadro de pessoal do Instituto Nacional do Seguro Social, com fundamento no artigo 3º da Emenda Constitucional nº 47, de 05/07/2005, com proventos integrais e demais vantagens a que faz jus e, consequentemente, declarar vago o referido cargo.</p><p class="assina">ANDRÉA LIRA DA SILVA ROCHA</p>]]></Texto>
  </body>
</article></xml>