﻿<xml><article id="2345810" name="PORTARIA CIVIL HEBRAICA" idOficio="4732019" pubName="DO2" artType="Portaria" pubDate="02/04/2018" artClass="00012:00002:00012:00032:00003:00000:00000:00000:00000:00000:00025:00001" artCategory="Ministério da Fazenda/Secretaria Executiva/Subsecretaria de Planejamento, Orçamento e Administração/Superintendência de Administração do Ministério da Fazenda no Estado do Rio de Janeiro/Gerência de Gestão de Pessoas" artSize="8" artNotes="" numberPage="39" pdfPage="http://pesquisa.in.gov.br/imprensa/jsp/visualiza/index.jsp?data=02/04/2018&amp;jornal=529&amp;pagina=39" editionNumber="62" highlight="" idMateria="10640892">
  <body>
    <Identifica><![CDATA[ PORTARIA Nº 55, DE 29 DE MARÇO DE 2018]]></Identifica>
    <Data><![CDATA[]]></Data>
    <Ementa />
    <Titulo />
    <SubTitulo />
    <Texto><![CDATA[<p class="identifica">PORTARIA Nº 55, DE 29 DE MARÇO DE 2018</p><p>A GERENTE DE GESTÃO DE PESSOAS DA SUPERINTENDÊNCIA DE ADMINISTRAÇÃO DO MINISTÉRIO DA FAZENDA NO ESTADO DO RIO DE JANEIRO, no uso da competência atribuída pela Portaria MF/SE/SPOA nº 1.120, de 18.12.09, publicada no Diário Oficial da União de 21.12.09, e subdelegação de competência atribuída pela Portaria GRA/RJ nº 1085 de 02.10.2008, publicada no Diário Oficial da União de 17.10.2008, resolve:</p><p>Conceder pensão a HEBRAICA PEREIRA PIMENTEL, CPF: 012.305.557-14, cota parte 1/1 (100%), na qualidade de Filha, do ex-servidor CANDIDO HENRIQUE PIMENTEL, matricula SIAPE nº 0981140, do Quadro de Pessoal deste Ministério, cargo de Analista Tributário da Receita Federal do Brasil, Classe Especial, Padrão III, com efeitos financeiros a partir de 01.03.2018, com fundamento legal das Leis nº 3373/58 e 6782/80. Processo Judicial nº 01158555-62.2017.4.02.5101(2017.51.01.115855-2) da 28ª Vara Federal do Rio de Janeiro - RJ. (Proc. nº 10768.002637/2016-98).</p><p class="assina">KATIA DE CAMARGO NUNES</p>]]></Texto>
  </body>
</article></xml>