﻿<xml><article id="2344624" name="02.04.18" idOficio="4731532" pubName="DO2" artType="Portaria" pubDate="02/04/2018" artClass="00011:00141:00000:00000:00000:00000:00000:00000:00000:00000:00025:00001" artCategory="Ministério da Educação/Universidade Federal dos Vales do Jequitinhonha e Mucuri" artSize="8" artNotes="" numberPage="37" pdfPage="http://pesquisa.in.gov.br/imprensa/jsp/visualiza/index.jsp?data=02/04/2018&amp;jornal=529&amp;pagina=37" editionNumber="62" highlight="" idMateria="10640577">
  <body>
    <Identifica><![CDATA[ PORTARIAS  DE 29 DE MARCO DE 2018]]></Identifica>
    <Data><![CDATA[]]></Data>
    <Ementa />
    <Titulo />
    <SubTitulo />
    <Texto><![CDATA[<p></p><p class="identifica">PORTARIAS DE 29 DE MARCO DE 2018</p><p>O REITOR DA UNIVERSIDADE FEDERAL DOS VALES DO JEQUITINHONHA E MUCURI, no uso de suas atribuicoes regimentais, resolve:</p><p>N 923 conceder aposentadoria a TERESINHA MARINETE MARTINS COSTA, matrícula SIAPE n 3062714, ocupante do cargo de Tecnico Em Assuntos Educacionais, do Quadro de Pessoal da Universidade Federal dos Vales do Jequitinhonha e Mucuri, com fundamento no artigo 3 da Emenda Constitucional n 47, de 05 de julho de 2005, publicada no Diario Oficial da Uniao de 06 de julho de 2005, combinado com a alinea "a", do inciso III, do artigo 186 da Lei 8112/90, com proventos integrais.</p><p>Em consequencia , declarar vago o referido cargo.</p><p>N 924 conceder aposentadoria a IVETE MARQUES DA SILVEIRA, matrícula SIAPE n. 1188190, ocupante do cargo de Auxiliar De Laboratorio, do Quadro de Pessoal da Universidade Federal dos Vales do Jequitinhonha e Mucuri, com fundamento no artigo 6 da Emenda Constitucional n 41, de 19 de dezembro de 2003, publicada no Diario Oficial da Uniao de 31 de dezembro de 2003, que alterou o artigo 40 da Constituicao Federal da Republica de 1988, combinado com a alinea "a", do inciso III, do artigo 186 da Lei 8112/90, com proventos integrais.</p><p>Em consequencia , declarar vago o referido cargo.</p><p class="assina">Gilciano Saraiva Nogueira</p><p></p>]]></Texto>
  </body>
</article></xml>