﻿<xml><article id="2345690" name="PORTARIA 835 DE 26 DE MARÇO DE 2" idOficio="4731998" pubName="DO2" artType="Portaria" pubDate="02/04/2018" artClass="00018:00002:00000:00000:00000:00000:00000:00000:00000:00000:00025:00002" artCategory="Ministério da Transparência e Controladoria-Geral da União/Secretaria Executiva" artSize="8" artNotes="" numberPage="50" pdfPage="http://pesquisa.in.gov.br/imprensa/jsp/visualiza/index.jsp?data=02/04/2018&amp;jornal=529&amp;pagina=50" editionNumber="62" highlight="" idMateria="10640869">
  <body>
    <Identifica><![CDATA[ PORTARIA Nº 835, DE 26 DE MARÇO DE 2018]]></Identifica>
    <Data><![CDATA[]]></Data>
    <Ementa />
    <Titulo />
    <SubTitulo />
    <Texto><![CDATA[<p class="identifica">PORTARIA Nº 835, DE 26 DE MARÇO DE 2018</p><p>O SECRETÁRIO-EXECUTIVO DO MINISTÉRIO DA TRANSPARÊNCIA E CONTROLADORIA-GERAL DA UNIÃO, Substituto, no uso da competência que lhe foi subdelegada pelo inciso II, do art. 2º, da Portaria CGU nº 1.382, de 23 de junho de 2017, e conforme o disposto no Decreto 8.910, de 22 de novembro de 2016, resolve:</p><p>Designar, WELINTON VITOR DOS SANTOS, Auditor Federal de Finanças e Controle, para exercer a Função Comissionada do Poder Executivo de Coordenador Setorial de Orçamento e Finanças, código FCPE 101.3, da Coordenação-Geral de Orçamento, Finanças e Contabilidade da Diretoria de Gestão Interna da Secretaria-Executiva do Ministério da Transparência e Controladoria-Geral da União, dispensando-o da Função Comissionada do Poder Executivo que atualmente ocupa.</p><p class="assina">JOSE MARCELO CASTRO DE CARVALHO</p>]]></Texto>
  </body>
</article></xml>