﻿<xml><article id="2343099" name="Ports" idOficio="4731505" pubName="DO2" artType="Portaria" pubDate="02/04/2018" artClass="00011:00032:00001:00000:00000:00000:00000:00000:00000:00000:00025:00005" artCategory="Ministério da Educação/Fundação Universidade Federal do Mato Grosso do Sul/Reitoria" artSize="8" artNotes="" numberPage="22" pdfPage="http://pesquisa.in.gov.br/imprensa/jsp/visualiza/index.jsp?data=02/04/2018&amp;jornal=529&amp;pagina=22" editionNumber="62" highlight="" idMateria="10640005">
  <body>
    <Identifica><![CDATA[ PORTARIA Nº 359, de 27 de março de 2018]]></Identifica>
    <Data><![CDATA[]]></Data>
    <Ementa />
    <Titulo />
    <SubTitulo />
    <Texto><![CDATA[<p class="identifica">PORTARIA Nº 359, de 27 de março de 2018</p><p>O REITOR DA FUNDAÇÃO UNIVERSIDADE FEDERAL DE MATO GROSSO DO SUL, no uso de suas atribuições legais, e tendo em vista o que consta do Processo nº 23104.003640/2018-46, resolve:</p><p>Conceder aposentadoria voluntária a JOSÉ AUGUSTO FERREIRA PORTO, matrícula Siape nº 0434019, código de vaga 342247, integrante da Carreira Técnico-Administrativa, do quadro de pessoal desta Universidade, ocupante do cargo de Recepcionista, Classe C, Nível de Capacitação 3, Padrão 16, nos termos dos incisos I a III do art. 3º da Emenda Constitucional nº 47, de 5 de julho de 2005, com proventos integrais e dezessete por cento de anuênio.</p><p class="assina">MARCELO AUGUSTO SANTOS TURINE</p>]]></Texto>
  </body>
</article></xml>