﻿<xml><article id="2344022" name="DESPACHO - Ricardo La Cava EM 29" idOficio="4731730" pubName="DO2" artType="Despacho" pubDate="02/04/2018" artClass="00012:00002:00000:00000:00000:00000:00000:00000:00000:00000:00019:00006" artCategory="Ministério da Fazenda/Secretaria Executiva" artSize="8" artNotes="" numberPage="37" pdfPage="http://pesquisa.in.gov.br/imprensa/jsp/visualiza/index.jsp?data=02/04/2018&amp;jornal=529&amp;pagina=37" editionNumber="62" highlight="" idMateria="10640449">
  <body>
    <Identifica><![CDATA[ DESPACHO de 29 de março de 2018]]></Identifica>
    <Data><![CDATA[]]></Data>
    <Ementa />
    <Titulo />
    <SubTitulo />
    <Texto><![CDATA[<p class="identifica">DESPACHO de 29 de março de 2018</p><p>O SECRETÁRIO EXECUTIVO DO MINISTÉRIO DA FAZENDA, tendo em vista o Decreto nº 1.387, de 07 de fevereiro de 1995, e o Decreto nº 7.689, de 2 de março de 2012, e no uso das competências que lhe foram delegadas pelo artigo 10 da Portaria MF nº 160, de 6 de maio de 2016, alterada pela Portaria nº 294, de 12 de junho de 2017, e pelo artigo 10 da Portaria MF nº 40, de 31 de janeiro de 2018, autoriza o afastamento do País dos Auditores-Fiscais da Receita Federal do Brasil RICARDO DA SILVA LA CAVA e PAULO MASSAKE OKUYAMA, ambos pilotos do Centro Nacional de Operações Aéreas da Secretaria da Receita Federal do Brasil, no período de 07 a 16 de abril de 2018, inclusive trânsito, com ônus, com a finalidade de participar da 3ª Etapa do Treinamento de Procedimentos de Emergências de Helicóptero EC 135 em simulador de voo, a se realizar em Cheltenham, Reino Unido. (Processo nº 10168.000023/2018-01).</p><p class="assina">EDUARDO REFINETTI GUARDIA</p>]]></Texto>
  </body>
</article></xml>