﻿<xml><article id="2344364" name="PT224_18" idOficio="4731798" pubName="DO2" artType="Portaria" pubDate="02/04/2018" artClass="00017:00026:00024:00000:00000:00000:00000:00000:00000:00000:00025:00005" artCategory="Ministério da Saúde/Secretaria de Atenção à Saúde/Instituto Nacional de Câncer José Alencar Gomes da Silva" artSize="8" artNotes="" numberPage="50" pdfPage="http://pesquisa.in.gov.br/imprensa/jsp/visualiza/index.jsp?data=02/04/2018&amp;jornal=529&amp;pagina=50" editionNumber="62" highlight="" idMateria="10640521">
  <body>
    <Identifica><![CDATA[ Portaria   nº 224, de 28 de março de 2018]]></Identifica>
    <Data><![CDATA[]]></Data>
    <Ementa />
    <Titulo />
    <SubTitulo />
    <Texto><![CDATA[<p class="identifica">Portaria nº 224, de 28 de março de 2018</p><p>A Diretora-Geral do Instituto Nacional de Câncer José Alencar Gomes da Silva, no uso de suas atribuições subdelegadas pela Portaria CGRH/SAA/SE/MS nº 1.041, de 30/10/2009, publicada no DOU nº 209, de 03/11/2009, resolve:</p><p>Conceder aposentadoria voluntária, com proventos integrais, a MARIA KADMA DA SILVA CARRIÇO, matrícula SIAPE nº 6229899, ocupante do cargo de Tecnologista, NS, classe H, padrão III, do quadro de pessoal do Ministério da Saúde, com fundamento no art. 3º da Emenda Constitucional nº 47/2005 (Processo nº 25410.003478/2018-28).</p><p class="assina">ANA CRISTINA PINHO MENDES PEREIRA</p><p></p>]]></Texto>
  </body>
</article></xml>