﻿<xml><article id="2344852" name="PorCGGPDOU29Março2018" idOficio="4731830" pubName="DO2" artType="Portaria" pubDate="02/04/2018" artClass="00025:00021:00031:06645:00000:00000:00000:00000:00000:00000:00025:00001" artCategory="Ministério do Meio Ambiente/Instituto Brasileiro do Meio Ambiente e dos Recursos Naturais Renováveis/Diretoria de Planejamento, Administração e Logística/Coordenação-Geral de Recursos Humanos" artSize="8" artNotes="" numberPage="53" pdfPage="http://pesquisa.in.gov.br/imprensa/jsp/visualiza/index.jsp?data=02/04/2018&amp;jornal=529&amp;pagina=53" editionNumber="62" highlight="" idMateria="10640617">
  <body>
    <Identifica><![CDATA[ PORTARIAS DE 27 DE MARÇO DE 2018]]></Identifica>
    <Data><![CDATA[]]></Data>
    <Ementa />
    <Titulo />
    <SubTitulo />
    <Texto><![CDATA[<p class="identifica">PORTARIAS DE 27 DE MARÇO DE 2018</p><p>O COORDENADOR-GERAL DE GESTÃO DE PESSOAS SUBSTITUTO DO INSTITUTO BRASILEIRO DO MEIO AMBIENTE E DOS RECURSOS NATURAIS RENOVÁVEIS - IBAMA, designado pela Portaria nº 483/2018, publicada no Diário Oficial da União de 23 de fevereiro de 2018 , usando da competência que lhe foi atribuída pelo Decreto nº 8.973, de 24 de janeiro de 2017, que aprovou a Estrutura Regimental do IBAMA, publicado no Diário Oficial da União do dia subsequente, pelo art.55 do Regimento Interno aprovado pela Portaria nº 14-IBAMA, de 29 de junho de 2017, publicado no Diário Oficial da União do dia subsequente, pela Portaria nº 2.432/2017- DIPLAN/IBAMA, de 22 de novembro de 2017, publicada no Boletim de Serviço nº 11-C de 24 de novembro de 2017, resolve:</p><p>Nº 822.Conceder aposentadoria voluntária ao servidor RAIMUNDO DE AMORIM, matrícula SIAPE nº 681722, ocupante do cargo de Analista Ambiental, Classe S, Padrão III, código da vaga nº 428918, lotado na Divisão Técnico-Ambiental da Superintendência do IBAMA no Estado da Paraíba, com fundamento no artigo 3º, incisos I, II e III, parágrafo único, da Emenda Constitucional nº 47, de 05 de julho de 2005, declarando, em decorrência, a vacância do cargo. (Processo nº 02016.000342/2018-13).</p><p>Nº 823 - Conceder aposentadoria voluntária ao servidor CARLOS AFONSO FERNANDES FRANÇA, matrícula SIAPE nº 680044, ocupante do cargo de Técnico Ambiental, Classe S, Padrão III, código da vaga nº 427550, lotado na Base Avançada do IBAMA em Bauru no Estado de São Paulo, com fundamento no artigo 3º, incisos I, II e III, parágrafo único, da Emenda Constitucional nº 47, de 05 de julho de 2005, declarando, em decorrência, a vacância do cargo. (Processo nº 02027.107078/2017-38).</p><p>Nº 824 - Conceder aposentadoria voluntária ao servidor FERNANDO JOSE SANTOS ROSA, matrícula SIAPE nº 684358, ocupante do cargo de Analista Ambiental, Classe S, Padrão III, código da vaga nº 430190, lotado na Divisão Técnico-Ambiental da Superintendência do IBAMA no Estado de Sergipe, com fundamento no artigo 3º, incisos I, II e III, parágrafo único, da Emenda Constitucional nº 47, de 05 de julho de 2005, declarando, em decorrência, a vacância do cargo. (Processo nº 02028.101539/2017-59).</p><p>Nº 825 - Conceder aposentadoria voluntária ao servidor ADO MAJJELA LOBO, matrícula SIAPE nº 547913, ocupante do cargo de Técnico Administrativo, Classe S, Padrão III, código da vaga nº 426285, lotado no Centro de Triagem de Animais Silvestres do IBAMA em Goiânia, no Estado de Goiás, com fundamento no artigo 3º, incisos I, II e III, parágrafo único, da Emenda Constitucional nº 47, de 05 de julho de 2005, declarando, em decorrência, a vacância do cargo. (Processo nº 02010.000424/2018-18).</p><p>Nº 826 - Conceder aposentadoria voluntária ao servidor ROBERTO DA CONCEIÇÃO DOS SANTOS, matrícula SIAPE nº 687137, ocupante do cargo de Técnico Administrativo, Classe S, Padrão III, código da vaga nº 431933, lotado no Centro de Triagem de Animais Silvestres do IBAMA em Macapá, no Estado do Amapá, com fundamento no artigo 3º, incisos I, II e III, parágrafo único, da Emenda Constitucional nº 47, de 05 de julho de 2005, declarando, em decorrência, a vacância do cargo. (Processo nº 02004.101951/2017-47).</p><p>Nº 827 - Conceder aposentadoria voluntária ao servidor ODIN SILVA PAULA FILHO, matrícula SIAPE nº 679758, ocupante do cargo de Analista Ambiental, Classe S, Padrão III, código da vaga nº 427324, lotado na Unidade Técnica 2º Nível do IBAMA em Lavras no Estado de Minas Gerais, com fundamento no artigo 3º, incisos I, II e III, parágrafo único, da Emenda Constitucional nº 47, de 05 de julho de 2005, com a vantagem prevista no artigo 62-A da Lei nº 8.112, de 11 de dezembro de 1990, declarando, em decorrência, a vacância do cargo. (Processo nº 02554.100268/2017-66).</p><p>Nº 829 - Conceder aposentadoria voluntária à servidora SILVÂNIA MEDEIROS GONSALVES, matrícula SIAPE nº 686200, ocupante do cargo de Analista Ambiental, Classe S, Padrão III, código da vaga nº 431178, lotada na Superintendência do IBAMA no Estado do Rio de Janeiro, com fundamento no artigo 3º, incisos I, II e III, parágrafo único, da Emenda Constitucional nº 47, de 05 de julho de 2005, com a vantagem prevista no artigo 62-A da Lei nº 8.112, de 11 de dezembro de 1990, declarando, em decorrência, a vacância do cargo. (Processo nº 02022.000735/2018-48).</p><p>Nº 830 - Conceder aposentadoria voluntária à servidora MARIA SILVIA GOMES GONÇALVES, matrícula SIAPE nº 6686642, ocupante do cargo de Analista Ambiental, Classe S, Padrão III, código da vaga nº 432297, lotada na Divisão de Administração e Finanças da Superintendência do IBAMA no Estado do Acre, com fundamento no artigo 3º, incisos I, II e III, parágrafo único, da Emenda Constitucional nº 47, de 05 de julho de 2005, com a vantagem prevista no artigo 62-A da Lei nº 8.112, de 11 de dezembro de 1990, declarando, em decorrência, a vacância do cargo. (Processo nº 02002.101479/2017-62).</p><p>Nº 831.Conceder aposentadoria voluntária à servidora LUCIA DE FATIMA ALMEIDA, matrícula SIAPE nº 693800, ocupante do cargo de Analista Ambiental, Classe S, Padrão III, código da vaga nº 431955, lotada na Divisão Técnico-Ambiental da Superintendência do IBAMA no Estado da Paraíba, com fundamento no artigo 3º, incisos I, II e III, parágrafo único, da Emenda Constitucional nº 47, de 05 de julho de 2005, declarando, em decorrência, a vacância do cargo. (Processo nº 02016.000130/2018-36).</p><p>PORTARIA DE 28 DE MARÇO DE 2018</p><p>Nº 875.Conceder aposentadoria voluntária ao servidor ANTONIO LUIZ DOS SANTOS, matrícula SIAPE nº 681968, ocupante do cargo de Técnico Ambiental, Classe S, Padrão III, código da vaga nº 429116, lotado na Divisão Técnico- Ambiental da Superintendência do IBAMA no Estado de Sergipe, com fundamento no artigo 3º, incisos I, II e III, parágrafo único, da Emenda Constitucional nº 47, de 05 de julho de 2005, declarando, em decorrência, a vacância do cargo. (Processo nº 02028.000284/2018-99)</p><p class="assina">PEDRO RAIMUNDO DA SILVA</p>]]></Texto>
  </body>
</article></xml>