﻿<xml><article id="2415130" name="29.03.2018 - Portaria Ordinária " idOficio="4732057" pubName="DO2" artType="Portaria" pubDate="05/04/2018" artClass="00039:00014:00000:00000:00000:00000:00000:00000:00000:00000:00025:00001" artCategory="Entidades de Fiscalização do Exercício das Profissões Liberais/Conselho de Arquitetura e Urbanismo de Minas Gerais" artSize="12" artNotes="" numberPage="73" pdfPage="http://pesquisa.in.gov.br/imprensa/jsp/visualiza/index.jsp?data=05/04/2018&amp;jornal=529&amp;pagina=73" editionNumber="65" highlight="" idMateria="10640972">
  <body>
    <Identifica><![CDATA[ PORTARIA ORDINÁRIA Nº 11, de 29 de março de 2018]]></Identifica>
    <Data><![CDATA[]]></Data>
    <Ementa />
    <Titulo />
    <SubTitulo />
    <Texto><![CDATA[<p class="identifica">PORTARIA ORDINÁRIA Nº 11, de 29 de março de 2018</p><p>O Presidente do Conselho de Arquitetura e Urbanismo de Minas Gerais, no uso das atribuições conferidas pelo artigo 35, III, da Lei 12.378, de 31 de dezembro de 2010, e pelo artigo 152 do Regimento Interno do CAU/MG e, Considerando a exoneração, a pedido, de empregada ocupante do cargo efetivo de Assistente Administrativo, conforme Portaria Ordinatória nº 7/2018; Considerando que a candidata nomeada por meio da Portaria Ordinatória Nº 8, de 7 de março de 2018, não atendeu à convocação para tomar posse do cargo, resolve:</p><p>Art. 1º. Nomear o candidato abaixo listado, nos termos do item 6.4 do Ato Normativo 9/2013, aprovado pelo Plenário do CAU/MG em 2 de dezembro de 2013.</p><p></p><table><tr /><tr><td><p>Inscrição</p></td><td><p>Nome</p></td><td><p>Data de Nascimento</p></td><td><p>COD</p></td><td><p>Cargo</p></td><td><p>Local</p></td><td><p>Classificação</p></td></tr><tr><td><p>1386313</p></td><td><p>Gregory Rodrigues de Abreu</p></td><td><p>10/09/1990</p></td><td><p>302</p></td><td><p>Assistente Administrativo</p></td><td><p>Belo Horizonte</p></td><td><p>5</p></td></tr></table><p>Art. 2º. O nomeado deverá apresentar a documentação e obedecer aos prazos descritos no Edital do Concurso Público nº 01/2013 e na Portaria Nº 34, de 2 de junho de 2014.</p><p>Esta portaria entra em vigor na data de sua assinatura.</p><p class="assina">Danilo Silva Batista</p>]]></Texto>
  </body>
</article></xml>