﻿<xml><article id="2347756" name="PT 27 SOGP SAO PAULO CENTRO" idOficio="4732109" pubName="DO2" artType="Portaria" pubDate="02/04/2018" artClass="00022:00029:00239:00004:00024:00012:00000:00000:00000:00000:00025:00015" artCategory="Ministério do Desenvolvimento Social/Instituto Nacional do Seguro Social/Superintendência-Regional Sudeste I em São Paulo/Gerência Executiva - A - em São Paulo - Centro/Serviço de Administração/Seção Operacional da Gestão de Pessoas" artSize="8" artNotes="" numberPage="56" pdfPage="http://pesquisa.in.gov.br/imprensa/jsp/visualiza/index.jsp?data=02/04/2018&amp;jornal=529&amp;pagina=56" editionNumber="62" highlight="" idMateria="10641073">
  <body>
    <Identifica><![CDATA[ PORTARIA Nº 27, 28 DE MARÇO DE 2018]]></Identifica>
    <Data><![CDATA[]]></Data>
    <Ementa />
    <Titulo />
    <SubTitulo />
    <Texto><![CDATA[<p class="identifica">PORTARIA Nº 27, 28 DE MARÇO DE 2018</p><p>O Chefe da Seção Operacional da Gestão de Pessoas da Gerência Executiva do INSS São Paulo - Centro, no uso das atribuições que lhe foram conferidas pelo art. 235, inciso I, alínea "b", do Regime Interno do INSS, aprovado pela Portaria MDS nº 414 de 28.09.2017, publicada no DOU Nº 188-A, de 29.09.2017, e tendo em vista o que consta no processo nº 35366.000192/2018-27, resolve:</p><p>Conceder aposentadoria voluntária à servidora MARIA DO SOCORRO DE SOUSA, Matrícula 0574571, ocupante do cargo de Agente de Serviços Diversos, NI, Classe S, Padrão IV, do Quadro de Pessoal do Instituto Nacional do Seguro Social, com fundamento no artigo 3º da Emenda Constitucional nº 47 de 05/07/2005, com proventos integrais, acrescido das demais vantagens a que faz jus.</p><p class="assina">Aloísio Barbosa Lemes</p>]]></Texto>
  </body>
</article></xml>