﻿<xml><article id="2343899" name="Portaria 46 Apo" idOficio="4731720" pubName="DO2" artType="Portaria" pubDate="02/04/2018" artClass="00017:00002:00018:00001:00002:00000:00000:00000:00000:00000:00025:00001" artCategory="Ministério da Saúde/Secretaria Executiva/Núcleo Estadual no Espírito Santo/Seção de Gestão de Convênios/Seção de Administração" artSize="8" artNotes="" numberPage="46" pdfPage="http://pesquisa.in.gov.br/imprensa/jsp/visualiza/index.jsp?data=02/04/2018&amp;jornal=529&amp;pagina=46" editionNumber="62" highlight="" idMateria="10640422">
  <body>
    <Identifica><![CDATA[PORTARIAS DE 29 DE MARÇO DE 2018]]></Identifica>
    <Data><![CDATA[]]></Data>
    <Ementa />
    <Titulo />
    <SubTitulo />
    <Texto><![CDATA[<p class="identifica">PORTARIAS DE 29 DE MARÇO DE 2018</p><p>O CHEFE DO SERVIÇO DE GESTÃO ADMINISTRATIVA DO NÚCLEO ESTADUAL DO MINISTÉRIO DA SAÚDE NO ESTADO DO ESPÍRITO SANTO, no uso de sua competência subdelegada pela Portaria n.º 1.804/SAA/SE/MS de 01.10.2013, publicada no DOU n. 192, de 03.10.2013, resolve:</p><p>Nº 46 - Conceder Aposentadoria Voluntária Integral ao servidor MARCOS HENRIQUE SANT'ANNA DE OLIVEIRA, matrícula SIAPE 0652707, ocupante do cargo de Datilografo, Classe "S", Padrão "III", pertencente ao Quadro de Pessoal do Ministério da Saúde - ES, com fundamento no Artigo 3º da Emenda Constitucional nº 47/2005, com vencimento básico integral da referida classe e padrão, acrescido das demais vantagens legais a que fizer jus, e opção por incorporação de gratificação de desempenho à luz do artigo 88 da Lei Federal 13.324/2016.</p><p>Declarar vago o Cargo.</p><p>(Processo nº 25002.401282/2017-26)</p><p>Nº 47 - Conceder Aposentadoria Voluntária Integral ao servidor JOSÉ CARLOS VIANA NETO, matrícula SIAPE 545292, Agente de Vigilância, Classe "S", Padrão"III", pertencente ao Quadro de Pessoal do Ministério da Saúde - ES, com fundamento no Artigo 3º da Emenda Constitucional nº 47/2005, com vencimento básico integral da referida classe e padrão, acrescido das demais vantagens legais a que fizer jus, e opção por incorporação de gratificação de desempenho à luz do artigo 88 da Lei Federal 13.324/2016.</p><p>Declarar vago o Cargo.</p><p>(Processo nº 25002.400361/2017-10)</p><p class="assina">RAULINO PEREIRA GOUVEIA</p><p class="identifica">RETIFICAÇÃO</p><p>Retificar a Portaria nº 42/SEGAD/NEMS/ES, de 13 de março de 2018, publicada no DOU nº 50, de 14 de março de 2018 (Processo 25002.004557/2018-87):</p><p>Onde se lê: (Processo 25002.004557/2018-87)</p><p>Leia-se: (Processo 25002.004557/2017-87):</p>]]></Texto>
  </body>
</article></xml>