﻿<xml><article id="2343848" name="PT FORMATADA - MARGARETE FELIX D" idOficio="4731716" pubName="DO2" artType="Portaria" pubDate="02/04/2018" artClass="00017:00002:00025:00000:00000:00000:00000:00000:00000:00000:00025:00001" artCategory="Ministério da Saúde/Secretaria Executiva/Núcleo Estadual na Paraíba" artSize="8" artNotes="" numberPage="46" pdfPage="http://pesquisa.in.gov.br/imprensa/jsp/visualiza/index.jsp?data=02/04/2018&amp;jornal=529&amp;pagina=46" editionNumber="62" highlight="" idMateria="10640419">
  <body>
    <Identifica><![CDATA[ Portaria nº 130, de 29 de Março de 2018]]></Identifica>
    <Data><![CDATA[]]></Data>
    <Ementa />
    <Titulo />
    <SubTitulo />
    <Texto><![CDATA[<p class="identifica">Portaria nº 130, de 29 de Março de 2018</p><p>A Chefe do Serviço de Gestão Administrativa da Divisão de Gestão do Núcleo Estadual da Paraíba, no uso das atribuições que lhe confere a Portaria nº 2492/GM/MS, de 28/09/2017 publicada no D.O.U. nº 205, de 25/10/2017, Portaria nº 1.891 de 30/08/2013, publicada no D.O.U nº 169, de 02/09/2013 e a competência subdelegada pela Portaria nº 1.804/SE/SAA/MS, de 01/10/2013, publicada no D.O.U Nº 192 DE 03/10/2013, resolve:</p><p>Conceder APOSENTADORIA VOLUNTÁRIA COM PROVENTOS INTEGRAIS, fundamentada no artigo 3º, incisos I, II, III e Parágrafo Único da Emenda Constitucional nº 47/2005, à servidora MARGARETE FELIX DE FREITAS matrícula SIAPE nº 566213, ocupante do cargo de Auxiliar Operacional de Serviços Diversos, Nível I, Classe "S" do Padrão III, do Quadro de Pessoal deste Ministério, com os proventos mensais correspondentes à totalidade da remuneração do mencionado cargo, acrescido de 14% da Gratificação Adicional por Tempo de Serviço, mais a Gratificação de Desempenho da Carreira da Previdência, da Saúde e do Trabalho (GDPST), instituída pela lei nº 11.784/2008, e demais vantagens inerentes ao Cargo. Processo nº 25018.402291/2017-65.</p><p class="assina">Ana Paula Pires Fonseca Guimarães</p>]]></Texto>
  </body>
</article></xml>