﻿<xml><article id="2344088" name="Portaria 1015 de 28.03.2018 - CE" idOficio="4731768" pubName="DO2" artType="Portaria" pubDate="02/04/2018" artClass="00007:00003:00802:00406:00000:00000:00000:00000:00000:00000:00025:00001" artCategory="Ministério da Agricultura, Pecuária e Abastecimento/Secretaria Executiva/Departamento de Administração/Coordenação-Geral de Administração de Pessoas" artSize="8" artNotes="" numberPage="8" pdfPage="http://pesquisa.in.gov.br/imprensa/jsp/visualiza/index.jsp?data=02/04/2018&amp;jornal=529&amp;pagina=8" editionNumber="62" highlight="" idMateria="10640462">
  <body>
    <Identifica><![CDATA[ Portaria Nº 1.015, DE 28 DE março DE 2018]]></Identifica>
    <Data><![CDATA[]]></Data>
    <Ementa />
    <Titulo />
    <SubTitulo />
    <Texto><![CDATA[<p class="identifica">Portaria Nº 1.015, DE 28 DE março DE 2018</p><p>O COORDENADOR-GERAL DE ADMINISTRAÇÃO DE PESSOAS, DO MINISTÉRIO DA AGRICULTURA, PECUÁRIA E ABASTECIMENTO, no uso da competência que lhe foi atribuída pelo inciso VI, do § 6º, do artigo 141, da Portaria Ministerial nº 944, de 23 de setembro de 2014, publicada no Diário Oficial do dia seguinte e tendo em vista o constante no Processo 21084.000152/2018-37, resolve:</p><p>Conceder, em virtude do falecimento do ex-servidor aposentado, DEMONSTENES DANTAS PASSOS, lotado no Departamento da Comissão Executiva do Plano da Lavoura Cacaueira-CEPLAC, do Quadro de Pessoal deste Ministério, ocorrido em 23.02.2018, pensão a IVANI DE JESUS ALMEIDA, na qualidade de viúva, com fundamento no artigo 217, item I, da Lei nº 8.112/90, com a redação dada pela Lei nº 13.135/2015 e no artigo 40, parágrafo 7º, inciso I, da Constituição Federal, com a redação dada pela Emenda Constitucional nº 41/2003, combinado com o artigo 2º, inciso I, da Lei nº 10.887/2004.</p><p class="assina">GENILSON ANTONIO SECCHI DE AVILA</p>]]></Texto>
  </body>
</article></xml>