﻿<xml><article id="2344657" name="Port. PGFN Nºs 173 a 177, de 28." idOficio="4731815" pubName="DO2" artType="Portaria" pubDate="02/04/2018" artClass="00012:00052:00008:00000:00000:00000:00000:00000:00000:00000:00025:00001" artCategory="Ministério da Fazenda/Procuradoria-Geral da Fazenda Nacional/Departamento de Gestão Corporativa" artSize="8" artNotes="" numberPage="41" pdfPage="http://pesquisa.in.gov.br/imprensa/jsp/visualiza/index.jsp?data=02/04/2018&amp;jornal=529&amp;pagina=41" editionNumber="62" highlight="" idMateria="10640569">
  <body>
    <Identifica><![CDATA[ PORTARIAS  DE 28 DE MARÇO DE 2018]]></Identifica>
    <Data><![CDATA[]]></Data>
    <Ementa />
    <Titulo />
    <SubTitulo />
    <Texto><![CDATA[<p class="identifica">PORTARIAS DE 28 DE MARÇO DE 2018</p><p>O PROCURADOR-GERAL DA FAZENDA NACIONAL, no uso das competências que lhe foram subdelegadas pelo inciso IX do art. 1º da Portaria GMF nº 392, de 14 de julho de 2009, publicada no D.O.U. de 16 de julho de 2009, alterada pela Portaria GMF nº 100, de 28 de março de 2017, publicada no D.O.U. de 29 de março de 2017, resolve:</p><p>Nº 173 - Designar NALVA APARECIDA DE CASTRO JURASKI, matrícula SIAPE nº 2056123 e ALEXANDRE CARNEVALI DA SILVA, matrícula SIAPE nº 1436858, ambos Procuradores da Fazenda Nacional, para, nesta ordem, substituírem, nos afastamentos e impedimentos simultâneos, o Procurador-Seccional, Código FCPE-101.2, da Procuradoria-Seccional da Fazenda Nacional em São Bernardo do Campo, no Estado de São Paulo, e seu substituto eventual.</p><p>Nº 174 - Dispensar JOYCE RABELO MELO NOGUEIRA, Procuradora da Fazenda Nacional, matrícula SIAPE nº 1715491, do encargo de substituta eventual do Procurador-Seccional, Código FCPE-101.2, da Procuradoria-Seccional da Fazenda Nacional em Petrolina, no Estado de Pernambuco.</p><p>Nº 175 - Designar TOBIAS DE MELO CARVALHO, Procurador da Fazenda Nacional, matrícula SIAPE nº 1658289, para substituir, nos afastamentos e impedimentos eventuais, o Procurador-Seccional, Código FCPE-101.2, da Procuradoria-Seccional da Fazenda Nacional em Petrolina, no Estado de Pernambuco.</p><p>Nº 176 - Dispensar, a pedido, BARBARA SOARES AMARAL, Procuradora da Fazenda Nacional, matrícula SIAPE nº 1793913, do encargo de substituta eventual do Procurador-Seccional, Código FCPE-101.2, da Procuradoria-Seccional da Fazenda Nacional em Foz do Iguaçu, no Estado do Paraná.</p><p>Nº 177 - Designar FABRIZIO CANDIA DOS SANTOS, Procurador da Fazenda Nacional, matrícula SIAPE nº 2286038, para substituir, nos afastamentos e impedimentos eventuais, o Procurador-Seccional, Código FCPE-101.2, da Procuradoria-Seccional da Fazenda Nacional em Foz do Iguaçu, no Estado do Paraná.</p><p class="assina">FABRÍCIO DA SOLLER</p>]]></Texto>
  </body>
</article></xml>