﻿<xml><article id="2345155" name="Port 02" idOficio="4731890" pubName="DO2" artType="Portaria" pubDate="02/04/2018" artClass="00009:00015:00026:00000:00000:00000:00000:00000:00000:00000:00025:00001" artCategory="Ministério da Cultura/Instituto do Patrimônio Histórico e Artístico Nacional/Superintendência em Goiás" artSize="8" artNotes="" numberPage="14" pdfPage="http://pesquisa.in.gov.br/imprensa/jsp/visualiza/index.jsp?data=02/04/2018&amp;jornal=529&amp;pagina=14" editionNumber="62" highlight="" idMateria="10640696">
  <body>
    <Identifica><![CDATA[ PORTARIA Nº 2, DE 23 DE MARÇO DE 2018]]></Identifica>
    <Data><![CDATA[]]></Data>
    <Ementa />
    <Titulo />
    <SubTitulo />
    <Texto><![CDATA[<p class="identifica">PORTARIA Nº 2, DE 23 DE MARÇO DE 2018</p><p>A SUPERINTENDENTE DO INSTITUTO DO PATRIMÔNIO HISTÓRICO E ARTÍSTICO NACIONAL/IPHAN, EM GOIÁS, no uso de suas atribuições que lhe são conferidas pela Portaria nº 673 de 16 de outubro de 2009, publicada no DOU de 20 de outubro de 2009, da Presidência do IPHAN, e considerando as determinações constantes no Art. 51 da Lei 8.666/93, resolve:</p><p>Art. 1º Constituir a Comissão Permanente de Licitação no âmbito da Superintendência do IPHAN em Goiás, destinada a cumprir os procedimentos licitatórios, nos termos das disposições legais.</p><p>Art. 2º Designar, para compor a Comissão, os servidores abaixo indicados, que funcionará sob a presidência do primeiro:</p><p>Jordão Horácio da Silva Lima - Mat. SIAPE nº 1790477 - Presidente</p><p>João Mariano Valadares Neto - Mat. SIAPE nº 15350004 - Membro</p><p>Beatriz Otto de Santana - Mat. SIAPE nº 2711612 - Membro</p><p>Francilene Nogueira de Lyra Rocha - Mat. SIAPE nº 1553879 - Membro</p><p>Wanessa Corrêa - Mat. SIAPE nº 1599003 - Membro</p><p>Art. 3º O Presidente da Comissão nos seus impedimentos legais, temporários e eventuais será substituído por outro membro da Comissão, obedecida a ordem sequencial de designação.</p><p>Art. 4º Esta Portaria entra em vigor após sua publicação.</p><p class="assina">Salma Saddi Waress de Paiva</p>]]></Texto>
  </body>
</article></xml>