﻿<xml><article id="2347612" name="PT 0408 GC1 18" idOficio="4732095" pubName="DO2" artType="Portaria" pubDate="02/04/2018" artClass="00010:00006:00001:00006:00000:00000:00000:00000:00000:00000:00025:00001" artCategory="Ministério da Defesa/Comando da Aeronáutica/Gabinete do Comandante/Assessoria de Recursos Humanos" artSize="8" artNotes="" numberPage="14" pdfPage="http://pesquisa.in.gov.br/imprensa/jsp/visualiza/index.jsp?data=02/04/2018&amp;jornal=529&amp;pagina=14" editionNumber="62" highlight="" idMateria="10641040">
  <body>
    <Identifica><![CDATA[ PORTARIA No 408/GC1, DE 29 DE MARÇO DE 2018]]></Identifica>
    <Data><![CDATA[]]></Data>
    <Ementa />
    <Titulo />
    <SubTitulo />
    <Texto><![CDATA[<p class="identifica">PORTARIA No 408/GC1, DE 29 DE MARÇO DE 2018</p><p>O COMANDANTE DA AERONÁUTICA, de acordo com o art. 23, inciso VI, letra "g", da Estrutura Regimental do Comando da Aeronáutica, aprovada pelo Decreto no6.834, de 30 de abril de 2009, e o que consta do Processo nº 0029213.00001420/2018-58, resolve:</p><p>DISPENSAR, por necessidade do serviço, ex officio, a Primeiro-Tenente QOCon PED CLÉLIA PATRÍCIA CARLOS MAIA SARAIVA DE QUEIROZ (Nr Ord 6570321) de ficar à disposição do Comando do Exército e de prestar serviço no Colégio Militar de Brasília, a contar de 28 de fevereiro de 2018.</p><p class="assina">Ten Brig Ar NIVALDO LUIZ ROSSATO</p>]]></Texto>
  </body>
</article></xml>