﻿<xml><article id="2344876" name="PT 49 E 50 SANTOS" idOficio="4731851" pubName="DO2" artType="Portaria" pubDate="02/04/2018" artClass="00022:00029:00239:00019:00108:00000:00000:00000:00000:00000:00025:00005" artCategory="Ministério do Desenvolvimento Social/Instituto Nacional do Seguro Social/Superintendência-Regional Sudeste I em São Paulo/Gerência Executiva - B - Santos/Seção Operacional da Gestão de Pessoas" artSize="8" artNotes="" numberPage="57" pdfPage="http://pesquisa.in.gov.br/imprensa/jsp/visualiza/index.jsp?data=02/04/2018&amp;jornal=529&amp;pagina=57" editionNumber="62" highlight="" idMateria="10640636">
  <body>
    <Identifica><![CDATA[ PORTARIAS DE 29 DE MARÇO DE 2018]]></Identifica>
    <Data><![CDATA[]]></Data>
    <Ementa />
    <Titulo />
    <SubTitulo />
    <Texto><![CDATA[<p class="identifica">PORTARIAS DE 29 DE MARÇO DE 2018</p><p>O CHEFE DA SEÇÃO OPERACIONAL DA GESTÃO DE PESSOAS DA GERÊNCIA EXECUTIVA DO INSS EM SANTOS/SP, no uso das atribuições que lhe foram delegadas pelo artigo 235 da Portaria/MDS nº 414, de 28/09/2017, publicada no DOU nº 188-A, de 29/09/2017, resolve:</p><p>Nº 49 - Conceder aposentadoria voluntária à servidora ROZELI DE PAULA TEBAS, matrícula SIAPE 0543088, ocupante do cargo de Assistente Social, Classe "S", Padrão "IV", do quadro de Pessoal do Instituto Nacional do Seguro Social, com fundamento no Art. 3º da Emenda Constitucional nº 47/2005. (Processo 35432.000221/2018-10)</p><p>Em consequência, declarar vago o referido cargo.</p><p>Nº 50 - Conceder aposentadoria voluntária à servidora VALDETE DE OLIVEIRA SILVA, matrícula SIAPE 0941240, ocupante do cargo de Datilógrafo, Classe "S", Padrão "IV", do quadro de Pessoal do Instituto Nacional do Seguro Social, com fundamento no Art. 3º da Emenda Constitucional nº 47/2005. (Processo 35432.000211/2018-84)</p><p>Em consequência, declarar vago o referido cargo.</p><p class="assina">IDEL PROFETA RIBEIRO</p>]]></Texto>
  </body>
</article></xml>