﻿<xml><article id="2344480" name="PT 17 ARARQUARA" idOficio="4731806" pubName="DO2" artType="Portaria" pubDate="02/04/2018" artClass="00022:00029:00239:00008:00019:00000:00000:00000:00000:00000:00025:00004" artCategory="Ministério do Desenvolvimento Social/Instituto Nacional do Seguro Social/Superintendência-Regional Sudeste I em São Paulo/Gerência Executiva - B - Araraquara/Seção Operacional da Gestão de Pessoas" artSize="8" artNotes="" numberPage="56" pdfPage="http://pesquisa.in.gov.br/imprensa/jsp/visualiza/index.jsp?data=02/04/2018&amp;jornal=529&amp;pagina=56" editionNumber="62" highlight="" idMateria="10640554">
  <body>
    <Identifica><![CDATA[ PORTARIA  Nº  17,   DE 29 DE MARÇO DE 2018]]></Identifica>
    <Data><![CDATA[]]></Data>
    <Ementa />
    <Titulo />
    <SubTitulo />
    <Texto><![CDATA[<p class="identifica">PORTARIA Nº 17, DE 29 DE MARÇO DE 2018</p><p>A Chefe da Seção Operacional da Gestão de Pessoas, da Gerência Executiva do INSS em Araraquara/SP, no uso das atribuições conferidas no inciso I, do artigo 235 do Regimento Interno aprovado, pela Portaria MDS nº 414 de 28/09/2017, publicada no DOU nº 188-A, de 29/09/2017, conforme Processo 35379.000201/2018-31, resolve:</p><p>Conceder Aposentadoria Voluntária Integral, à servidora ALZALÉ DE OLIVEIRA, SIAPE 0940911, ocupante do cargo de Técnico do Seguro Social, Classe S, Padrão IV, do quadro de pessoal do Instituto Nacional do Seguro Social, com fundamento no artigo 3º da Emenda Constitucional 47/2005, com os proventos integrais, acrescidos das demais vantagens a que faz jus.</p><p>Declarar vago, o referido cargo.</p><p class="assina">MARA SILVIA SOUZA MIRANDA</p>]]></Texto>
  </body>
</article></xml>