﻿<xml><article id="2345318" name="PORTARIA Nº 1133-DIPEC-MD" idOficio="4731933" pubName="DO2" artType="Portaria" pubDate="02/04/2018" artClass="00010:00036:00000:00000:00000:00000:00000:00000:00000:00000:00025:00001" artCategory="Ministério da Defesa/Secretaria de Pessoal, Ensino, Saúde e Desporto" artSize="8" artNotes="" numberPage="17" pdfPage="http://pesquisa.in.gov.br/imprensa/jsp/visualiza/index.jsp?data=02/04/2018&amp;jornal=529&amp;pagina=17" editionNumber="62" highlight="" idMateria="10640764">
  <body>
    <Identifica><![CDATA[ PORTARIA Nº 1.133/DIPEC/MD, DE 27 DE MARÇO DE 2018  ]]></Identifica>
    <Data><![CDATA[]]></Data>
    <Ementa />
    <Titulo />
    <SubTitulo />
    <Texto><![CDATA[<p class="identifica">PORTARIA Nº 1.133/DIPEC/MD, DE 27 DE MARÇO DE 2018</p><p>O SECRETÁRIO DE PESSOAL, ENSINO, SAÚDE E DESPORTO, de conformidade com a delegação de competência outorgada pela Portaria nº1.166/SEGEP/MP, de 11 de julho de 2012, e considerando o disposto no § 2º do art. 84 da Lei nº 8.112, de 11 de dezembro de 1990, normatizado pela Orientação Normativa nº 5/SEGEP/MP, de 11 de julho de 2012, resolve efetivar o seguinte exercício provisório:</p><p>Servidora: ETIENE ROSSI DE AGUIAR DA ROSA</p><p>Matrícula SIAPE nº: 2240512</p><p>Cargo: Especialista em Atividades Hospitalares - Enfermagem</p><p>Origem: Hospital das Forças Armadas</p><p>Para: Comando da Aeronáutica - Hospital de Aeronáutica dos Afonsos</p><p>Processo nº: 60550.031932/2017-56</p><p>Art. 1º Caberá ao órgão de destino apresentar a servidora ao seu órgão de origem ao término do exercício provisório.</p><p>Art. 2º O exercício provisório objeto desta portaria cessará caso sobrevenha a desconstituição da entidade familiar cuja unidade se pretende assegurar ou na hipótese de novo deslocamento do cônjuge.</p><p>Art. 3º Esta Portaria entra em vigor na data de sua publicação.</p><p class="assina">RICARDO MACHADO VIEIRA</p>]]></Texto>
  </body>
</article></xml>