﻿<xml><article id="2343379" name="PORTARIA Nº 030 - ABDIAS SAMPAIO" idOficio="4731670" pubName="DO2" artType="Portaria" pubDate="02/04/2018" artClass="00010:00008:00008:00009:00000:00000:00000:00000:00000:00000:00025:00001" artCategory="Ministério da Defesa/Comando do Exército/Comando Militar do Nordeste/10ª Região Militar" artSize="8" artNotes="" numberPage="15" pdfPage="http://pesquisa.in.gov.br/imprensa/jsp/visualiza/index.jsp?data=02/04/2018&amp;jornal=529&amp;pagina=15" editionNumber="62" highlight="" idMateria="10640337">
  <body>
    <Identifica><![CDATA[ PORTARIA Nº 30, de 27 de março de 2018]]></Identifica>
    <Data><![CDATA[]]></Data>
    <Ementa />
    <Titulo />
    <SubTitulo />
    <Texto><![CDATA[<p class="identifica">PORTARIA Nº 30, de 27 de março de 2018</p><p>O COMANDANTE DA 10ª REGIÃO MILITAR, no uso da competência que lhe foi atribuída pela Portaria nº 192-DGP, de 1º de outubro de 2015 e Portaria nº 082-DGP, de 23 de abril de 2014 e, ainda, conforme parágrafo único do Art. 107 e inciso V do art. 108 da Lei nº 6.880, de 9 de dezembro de 1980, resolve</p><p>CONCEDER, ao Primeiro Sargento Reformado (Idt 100467080-6 EB) ABDIAS SAMPAIO, a contar de 13 de setembro de 2017, o benefício previsto no § 1º e alínea "b" do § 2º do art. 110 da Lei nº 6.880, de 9 de dezembro de 1980 e o benefício previsto no inciso XV do art. 3º da Medida Provisória nº 2.215-10, de 31 de agosto de 2001 e art. 1º da Lei nº 11.421, de 21 de dezembro de 2006, alterado pelo art. 55 da Lei nº 12.702, de 7 de agosto de 2012, haja vista o referido militar ter sido julgado "Incapaz definitivamente para o serviço do Exército. É inválido. Necessita de assitência direta e permanente ao paciente", conforme Ata de Inspeção de Saúde nº 1238/2017, sessão nº 170/2017-MPGu I/Teresina (PMGuTSA), de 13 de setembro de 2017 e sessão nº 11/2018-JISR/10ª RM (HGeF), de 5 de março de 2018.</p><p class="assina">Gen Div ESTEVAL CALS THEOPHILO GASPAR DE OLIVEIRA</p>]]></Texto>
  </body>
</article></xml>