﻿<xml><article id="2347522" name="PT 46 SOGP MONTES CLAROS" idOficio="4732086" pubName="DO2" artType="Portaria" pubDate="02/04/2018" artClass="00022:00029:00240:00016:04379:00000:00000:00000:00000:00000:00025:00003" artCategory="Ministério do Desenvolvimento Social/Instituto Nacional do Seguro Social/Superintendência Regional Sudeste II em Belo Horizonte/Gerência Executiva - B - Montes Claros/Seção Operacional  de Gestão de Pessoas" artSize="8" artNotes="" numberPage="59" pdfPage="http://pesquisa.in.gov.br/imprensa/jsp/visualiza/index.jsp?data=02/04/2018&amp;jornal=529&amp;pagina=59" editionNumber="62" highlight="" idMateria="10641030">
  <body>
    <Identifica><![CDATA[ PORTARIA nº 46, de 29 de março de 2018 ]]></Identifica>
    <Data><![CDATA[]]></Data>
    <Ementa />
    <Titulo />
    <SubTitulo />
    <Texto><![CDATA[<p class="identifica">PORTARIA nº 46, de 29 de março de 2018</p><p>A CHEFE DA SEÇÃO OPERACIONAL DE GESTÃO DE PESSOAS DA GERÊNCIA EXECUTIVA DO INSS EM MONTES CLAROS/MG, no uso de suas atribuições, considerando o disposto no art. 235, inciso I, alínea "b", do Regimento Interno do INSS aprovado pela Portaria MDS nº 414, de 28/09/2017, publicada no DOU nº 188 - A, Seção I, de 29/09/2017 e conforme processo nº 36982.000253/2018-51, resolve:</p><p>Conceder Aposentadoria Voluntária Integral a servidora SIMONE CRISTINA COELHO FERREIRA DE FIGUEIREDO, matrícula 0893374, Técnico do Seguro Social, Classe "S", Padrão "IV", do quadro de pessoal do Instituto Nacional do Seguro Social, com fundamento no Artigo 3º da Emenda Constitucional nº 47/2005, com proventos integrais acrescidos das demais vantagens a que faz jus. Em consequência, declarar vago o cargo.</p><p class="assina">FERNANDA FREIRE FONSECA</p>]]></Texto>
  </body>
</article></xml>