﻿<xml><article id="2347426" name="PT 47 SOGP MONTES CLAROS" idOficio="4732078" pubName="DO2" artType="Portaria" pubDate="02/04/2018" artClass="00022:00029:00240:00016:04379:00000:00000:00000:00000:00000:00025:00004" artCategory="Ministério do Desenvolvimento Social/Instituto Nacional do Seguro Social/Superintendência Regional Sudeste II em Belo Horizonte/Gerência Executiva - B - Montes Claros/Seção Operacional  de Gestão de Pessoas" artSize="8" artNotes="" numberPage="59" pdfPage="http://pesquisa.in.gov.br/imprensa/jsp/visualiza/index.jsp?data=02/04/2018&amp;jornal=529&amp;pagina=59" editionNumber="62" highlight="" idMateria="10641013">
  <body>
    <Identifica><![CDATA[ PORTARIA Nº 47, DE 29 DE MARÇO DE 2018 ]]></Identifica>
    <Data><![CDATA[]]></Data>
    <Ementa />
    <Titulo />
    <SubTitulo />
    <Texto><![CDATA[<p class="identifica">PORTARIA Nº 47, DE 29 DE MARÇO DE 2018</p><p>ASSUNTO: APOSENTADORIA VOLUNTÁRIA INTEGRAL</p><p>A CHEFE DA SEÇÃO OPERACIONAL DE GESTÃO DE PESSOAS DA GERÊNCIA EXECUTIVA DO INSS EM MONTES CLAROS/MG, no uso de suas atribuições, considerando o disposto no art. 235, inciso I, alínea "b", do Regimento Interno do INSS aprovado pela Portaria MDS nº 414, de 28/09/2017, publicada no DOU nº 188 - A, Seção I, de 29/09/2017 e conforme processo nº 35135.000014/2018-10, resolve:</p><p>Conceder Aposentadoria Voluntária Integral ao servidor ÉRICO EVANGELISTA DA SILVA, matrícula 0669783, Técnico do Seguro Social, Classe "S", Padrão "IV", do quadro de pessoal do Instituto Nacional do Seguro Social, com fundamento no Artigo 3º da Emenda Constitucional nº 47/2005, com proventos integrais acrescidos das demais vantagens a que faz jus. Em consequência, declarar vago o cargo.</p><p class="assina">FERNANDA FREIRE FONSECA</p>]]></Texto>
  </body>
</article></xml>