﻿<xml><article id="2349502" name="GM_DESP-NAGC-29032018" idOficio="4731875" pubName="DO2" artType="Despacho" pubDate="02/04/2018" artClass="00027:00001:00000:00000:00000:00000:00000:00000:00000:00000:00019:00005" artCategory="Ministério do Trabalho/Gabinete do Ministro" artSize="8" artNotes="" numberPage="64" pdfPage="http://pesquisa.in.gov.br/imprensa/jsp/visualiza/index.jsp?data=02/04/2018&amp;jornal=529&amp;pagina=64" editionNumber="62" highlight="" idMateria="10640843">
  <body>
    <Identifica><![CDATA[ DESPACHO de 29 de março de 2018]]></Identifica>
    <Data><![CDATA[]]></Data>
    <Ementa />
    <Titulo />
    <SubTitulo />
    <Texto><![CDATA[<p class="identifica">DESPACHO de 29 de março de 2018</p><p>Processo n.º 46011.000054/2018-84</p><p>O MINISTRO DE ESTADO DO TRABALHO - SUBSTITUTO, no uso da competência que lhe foi delegada pelo Decreto n.º 1.387, de 07 de fevereiro de 1995, autoriza o afastamento do país do servidor:</p><p>NEY ARTUR GONÇALVES CANANI, Chefe da Assessoria Internacional, para participar das Reuniões dos Órgãos Sociolaborais do Mercosul, a realizar-se em Assunção, Paraguai, no período de 08 a 13 de abril de 2018, inclusive trânsito, com ônus.</p><p class="assina">LEONARDO JOSÉ ARANTES</p>]]></Texto>
  </body>
</article></xml>