﻿<xml><article id="2347642" name="3511-CEEXT-TAB" idOficio="4732102" pubName="DO2" artType="Portaria" pubDate="02/04/2018" artClass="00026:00034:00000:00000:00000:00000:00000:00000:00000:00000:00025:00001" artCategory="Ministério do Planejamento, Desenvolvimento e Gestão/Secretaria de Gestão de Pessoas" artSize="12" artNotes="" numberPage="64" pdfPage="http://pesquisa.in.gov.br/imprensa/jsp/visualiza/index.jsp?data=02/04/2018&amp;jornal=529&amp;pagina=64" editionNumber="62" highlight="" idMateria="10641051">
  <body>
    <Identifica><![CDATA[ Portaria nº 3.511, de 29 DE março de 2018]]></Identifica>
    <Data><![CDATA[]]></Data>
    <Ementa />
    <Titulo />
    <SubTitulo />
    <Texto><![CDATA[<p></p><p class="identifica">Portaria nº 3.511, de 29 DE março de 2018</p><p>O PRESIDENTE DA COMISSÃO ESPECIAL DOS EX-TERRITÓRIOS FEDERAIS DE RONDÔNIA, DO AMAPÁ E DE RORAIMA-CEEXT, no uso de suas atribuições, e tendo em vista o disposto no artigo 17 do Decreto nº 8.365, de 24 de novembro de 2014, bem como no artigo 9º, parágrafo 4º, do Regimento Interno, aprovado pela Portaria nº 481, de 22 de dezembro de 2014, publicada no Diário Oficial da União, de 23 de dezembro de 2014, resolve:</p><p>Art. 1º Divulgar a relação dos servidores do Estado do Amapá, constante no Anexo à presente Portaria, cujos pedidos de inclusão em quadro em extinção da Administração Federal, fundamentados nas Emendas Constitucionais nº 79, de 27 de maio de 2014, e 98, de 06 de dezembro de 2017, foram deferidos pela Comissão Especial dos ex-Territórios Federais de Rondônia, Amapá e Roraima - CEEXT.</p><p>Art. 2º Esta Portaria entra em vigor na data de sua publicação.</p><p class="assina">ERIC PATRIK LOPES ALMEIDA</p><p>ANEXO</p><p></p><table><tr /><tr><td><p>AFONSO CORDEIRO DE CANTUARIA</p></td><td><p>05504.000170/2015-21</p></td></tr><tr><td><p>ANTONIO DE SOUZA CASTELO</p></td><td><p>05504.009453/2015-39</p></td></tr><tr><td><p>ELI MARCELO SALES DA COSTA</p></td><td><p>05504.000054/2015-11</p></td></tr><tr><td><p>ERONIAS TORRINHA DA SILVA</p></td><td><p>05504.002037/2015-18</p></td></tr><tr><td><p>ESTER DE PAULA DE ARAUJO</p></td><td><p>05504.000727/2015-24</p></td></tr><tr><td><p>FABIO BATISTA CAMBRAIA</p></td><td><p>05504.000001/2015-91</p></td></tr><tr><td><p>FRANCISCO ASSIS AMANAJAS CARDOSO</p></td><td><p>05504.000219/2015-46</p></td></tr><tr><td><p>FRANCISCO AZEVEDO COSTA TRINDADE</p></td><td><p>05504.000058/2015-91</p></td></tr><tr><td><p>FRANCISCO DAS CHAGAS DE SOUZA CAMPOS</p></td><td><p>05504.000011/2015-27</p></td></tr><tr><td><p>GILDETE RAIMUNDA ALEIXO NUNES</p></td><td><p>05504.000094/2015-54</p></td></tr><tr><td><p>GILSON FERREIRA DE ALMEIDA</p></td><td><p>05504.000622/2015-75</p></td></tr><tr><td><p>GILVANDRO NASCIMENTO DE ARAUJO</p></td><td><p>05504.000106/2015-41</p></td></tr><tr><td><p>JOAQUIM BRAGA DE CARVALHO</p></td><td><p>05504.005201/2015-31</p></td></tr><tr><td><p>JOSE AQUINO FERREIRA BEZERRA</p></td><td><p>05504.000013/2015-16</p></td></tr><tr><td><p>LUIZ CARLOS DOS SANTOS SOUZA</p></td><td><p>05504.007252/2015-05</p></td></tr><tr><td><p>MARCIO SANTOS OLIVEIRA</p></td><td><p>05504.005333/2015-62</p></td></tr><tr><td><p>PEDRO COSTA SILVA</p></td><td><p>05504.004580/2015-41</p></td></tr><tr><td><p>PERCILIANO GOMES VITAL</p></td><td><p>05504.000259/2015-98</p></td></tr><tr><td><p>REGINA VIANA PANTOJA</p></td><td><p>05504.000611/2015-95</p></td></tr><tr><td><p>RENIVALDO CANTUARIA SIQUEIRA</p></td><td><p>05504.000391/2015-08</p></td></tr></table>]]></Texto>
  </body>
</article></xml>