﻿<xml><article id="2344570" name="COMPANHIA DOCAS DO RIO DE JANEIR" idOficio="4731528" pubName="DO2" artType="Portaria" pubDate="02/04/2018" artClass="00031:00016:00000:00000:00000:00000:00000:00000:00000:00000:00025:00001" artCategory="Ministério dos Transportes, Portos e Aviação Civil/Companhia Docas do Rio de Janeiro" artSize="8" artNotes="" numberPage="68" pdfPage="http://pesquisa.in.gov.br/imprensa/jsp/visualiza/index.jsp?data=02/04/2018&amp;jornal=529&amp;pagina=68" editionNumber="62" highlight="" idMateria="10640052">
  <body>
    <Identifica><![CDATA[ PORTARIA  Nº 112, DE 28 DE MARÇO DE 2018]]></Identifica>
    <Data><![CDATA[]]></Data>
    <Ementa />
    <Titulo />
    <SubTitulo />
    <Texto><![CDATA[<p></p><p class="identifica">PORTARIA Nº 112, DE 28 DE MARÇO DE 2018</p><p>O DIRETOR-PRESIDENTE DA COMPANHIA DOCAS DO RIO DE JANEIRO, no uso de suas atribuições estatutárias;</p><p>Considerando os termos do Decreto nº 9.144, de 22 de agosto de 2017 e demais informações que constam do Processo CDRJ nº 5425/2018; resolve:</p><p>1. Autorizar a cessão do empregado MARLON RAMOS FIGUEIREDO, Reg. 9222, pertencente ao Quadro de Pessoal da Companhia Docas do Rio de Janeiro, para exercer suas atividades na Superintendência da Guarda Portuária, da Companhia Docas do Estado de São Paulo.</p><p>2. O ônus pela remuneração é do órgão cessionário.</p><p>3. Cumpre ao cessionário comunicar a frequência do empregado público, mensalmente, ao órgão cedente.</p><p>4. Esta Portaria retroage seus efeitos a partir de 1º de março de 2018 e deverá ser publicada no Diário Oficial da União - DOU.</p><p></p><p class="assina">TARCÍSIO TOMAZONI</p><p></p>]]></Texto>
  </body>
</article></xml>