﻿<xml><article id="2347951" name="PT 16 A 18 SOGP GUARULHOS" idOficio="4732109" pubName="DO2" artType="Portaria" pubDate="02/04/2018" artClass="00022:00029:00239:00011:00013:00000:00000:00000:00000:00000:00025:00006" artCategory="Ministério do Desenvolvimento Social/Instituto Nacional do Seguro Social/Superintendência-Regional Sudeste I em São Paulo/Gerência Executiva - B - Guarulhos/Seção Operacional da Gestão de Pessoas" artSize="8" artNotes="" numberPage="48" pdfPage="http://pesquisa.in.gov.br/imprensa/jsp/visualiza/index.jsp?data=02/04/2018&amp;jornal=529&amp;pagina=48" editionNumber="62" highlight="" idMateria="10641064">
  <body>
    <Identifica><![CDATA[ PORTARIAS DE 29 DE MARÇO DE 2018]]></Identifica>
    <Data><![CDATA[]]></Data>
    <Ementa />
    <Titulo />
    <SubTitulo />
    <Texto><![CDATA[<p class="identifica">PORTARIAS DE 29 DE MARÇO DE 2018</p><p>A CHEFE DA SEÇÃO OPERACIONAL DA GESTÃO DE PESSOAS DA GERÊNCIA EXECUTIVA DO INSTITUTO NACIONAL DO SEGURO SOCIAL (INSS) EM GUARULHOS NO ESTADO DE SÃO PAULO, no uso das atribuições que lhe confere o artigo 235, inciso I alínea "e" do Regimento Interno do INSS, aprovado pela Portaria nº 414/MDS, de 28/09/2017, publicada no DOU nº 188-A, de 29/09/2017, resolve:</p><p>Nº 16 - Conceder Aposentadoria Voluntária Integral a servidora Kelly Cristina Lopes de Oliveira, matrícula Siape 0597356, ocupante do cargo de Agente de Serviços Diversos, Classe "S" Padrão IV, do quadro de pessoal do INSS, com fundamento no Artigo 3º da Emenda Constitucional nº 47/2005, acrescido das demais vantagens a que faz jus, observado o contido no Processo nº 35412.000567/2018-56, declarando, em consequência, o referido cargo vago.</p><p>Nº 17 - Conceder Aposentadoria Voluntária Integral a servidora Mitiko Miwa, matrícula Siape 0937649, ocupante do cargo de Técnico do Seguro Social, Classe "S" Padrão IV, do quadro de pessoal do INSS, com fundamento no Artigo 3º da Emenda Constitucional nº 47/2005, acrescido das demais vantagens a que faz jus, observado o contido no Processo nº 35412.000555/2018-21, declarando, em consequência, o referido cargo vago.</p><p>Nº 18 - Conceder Aposentadoria Voluntária Integral a servidora Paula Francineth Brasil de Morais Milanez, matrícula Siape 0941548, ocupante do cargo de Técnico do Seguro Social, Classe "S" Padrão IV, do quadro de pessoal do INSS, com fundamento no Artigo 3º da Emenda Constitucional nº 47/2005, acrescido das demais vantagens a que faz jus, observado o contido no Processo nº 35393.000031/2018-14, declarando, em consequência, o referido cargo vago.</p><p class="assina">FERNANDA ANDREIA CARMONA RONDON</p>]]></Texto>
  </body>
</article></xml>