﻿<xml><article id="2344630" name="PORTARIAS NºS 64 e 65 DISPENSA-D" idOficio="4731533" pubName="DO2" artType="Portaria" pubDate="02/04/2018" artClass="00012:00048:00000:00000:00000:00000:00000:00000:00000:00000:00025:00001" artCategory="Ministério da Fazenda/Escola de Administração Fazendária" artSize="8" artNotes="" numberPage="41" pdfPage="http://pesquisa.in.gov.br/imprensa/jsp/visualiza/index.jsp?data=02/04/2018&amp;jornal=529&amp;pagina=41" editionNumber="62" highlight="" idMateria="10640578">
  <body>
    <Identifica><![CDATA[ PORTARIAS de  28 DE MARÇO DE 2018]]></Identifica>
    <Data><![CDATA[]]></Data>
    <Ementa />
    <Titulo />
    <SubTitulo />
    <Texto><![CDATA[<p class="identifica">PORTARIAS de 28 DE MARÇO DE 2018</p><p>O DIRETOR-GERAL DA ESCOLA DE ADMINISTRAÇÃO FAZENDÁRIA (ESAF), no uso da competência que lhe foi subdelegada pelo inciso V do art. 1º, da Portaria GMF nº 393, de 14 de julho de 2009, alterada pela Portaria MF nº 100, de 28 de março de 2017, Resolve:</p><p>Nº 64 Dispensar a servidora SOLANGE SILVA GUIMARÃES MANDARINO, Pedagoga, matrícula SIAPE nº 0751693, CPF nº 144.503.481-68, do encargo de Substituta Eventual da Divisão de Educação Fiscal, FCPE-101.2, da Escola de Administração Fazendária (Esaf).</p><p>Nº 65 Designar o servidor MARCOS MOTTA MONTEIRO, Auditor Federal de Finanças e Controle, matrícula SIAPE nº 0840640, CPF nº 145.369.601-63, para exercer o encargo de Substituto da Chefe de Divisão de Educação Fiscal, FCPE-101.2, da Escola de Administração Fazendária (Esaf), nos afastamentos e impedimentos legais ou regulamentares da titular e na vacância da função.</p><p class="assina">MANUEL AUGUSTO ALVES SILVA</p>]]></Texto>
  </body>
</article></xml>