﻿<xml><article id="2345131" name="PTCO N 14 CORGE" idOficio="4731887" pubName="DO2" artType="Portaria" pubDate="02/04/2018" artClass="00017:00005:00006:00000:00000:00000:00000:00000:00000:00000:00025:00001" artCategory="Ministério da Saúde/Agência Nacional de Vigilância Sanitária/Corregedoria" artSize="8" artNotes="" numberPage="48" pdfPage="http://pesquisa.in.gov.br/imprensa/jsp/visualiza/index.jsp?data=02/04/2018&amp;jornal=529&amp;pagina=48" editionNumber="62" highlight="" idMateria="10640694">
  <body>
    <Identifica><![CDATA[ PORTARIA Nº 14, DE 27 DE MARÇO DE 2018]]></Identifica>
    <Data><![CDATA[]]></Data>
    <Ementa />
    <Titulo />
    <SubTitulo />
    <Texto><![CDATA[<p class="identifica">PORTARIA Nº 14, DE 27 DE MARÇO DE 2018</p><p>O Corregedor da Agência Nacional de Vigilância Sanitária, no uso das atribuições previstas no art. 89, inciso IV, do Regimento Interno, aprovado pela Resolução da Diretoria Colegiada-RDC n° 61, de 03/02/2016, publicada no DOU de 05/02/2016 e, nos termos dos artigos 2.º, 3.º e 4.º do Decreto nº 8.420/2015 e do Inciso II, do art. 1º da Portaria/ANVISA nº 384, de 21/03/2018, RESOLVE:</p><p>Art. 1º Prorrogar o prazo para a conclusão dos trabalhos da Comissão de Processo Administrativo de Responsabilização - PAR nº 25351.071927/2017-01, designada por meio da PORTARIA/CORGE nº 105, de 29 de setembro de 2017, publicada no Diário Oficial nº 190, de 03 de outubro de 2017, na Sede da Agência Nacional de Vigilância Sanitária, em Brasília/DF, bem como as demais infrações conexas que emergirem no decorrer do apuratório.</p><p>Art. 2º Conceder o prazo de 180 (cento e oitenta) dias para o término dos trabalhos da Comissão, a contar de 01 de abril de 2018.</p><p>Art. 3º Esta Portaria entra em vigor na data de sua publicação com efeitos a contar da data mencionada no artigo anterior.</p><p class="assina">IVON NELSON RIBEIRO CARRICO</p>]]></Texto>
  </body>
</article></xml>