﻿<xml><article id="2347393" name="PT 43 GEX DIVINOPOLIS" idOficio="4732078" pubName="DO2" artType="Portaria" pubDate="02/04/2018" artClass="00022:00029:00240:00012:00000:00000:00000:00000:00000:00000:00025:00002" artCategory="Ministério do Desenvolvimento Social/Instituto Nacional do Seguro Social/Superintendência Regional Sudeste II em Belo Horizonte/Gerência Executiva - B - Divinópolis" artSize="8" artNotes="" numberPage="59" pdfPage="http://pesquisa.in.gov.br/imprensa/jsp/visualiza/index.jsp?data=02/04/2018&amp;jornal=529&amp;pagina=59" editionNumber="62" highlight="" idMateria="10641011">
  <body>
    <Identifica><![CDATA[ PORTARIA Nº 43, DE  28 DE MARÇO DE  2018]]></Identifica>
    <Data><![CDATA[]]></Data>
    <Ementa />
    <Titulo />
    <SubTitulo />
    <Texto><![CDATA[<p class="identifica">PORTARIA Nº 43, DE 28 DE MARÇO DE 2018</p><p>O GERENTE EXECUTIVO DO INSTITUTO NACIONAL DO SEGURO SOCIAL- INSS EM DIVINÓPOLIS, NO ESTADO DE MINAS GERAIS - substituto, por atribuição de competência delegada pelo Artigo 27 do Decreto n° 9.104, de 24 de julho de 2017, publicado no DOU n°. 141, de 25 de julho de 2017, e ainda de acordo com o que consta no processo nº 37031.000169/2018-40, resolve:</p><p>Conceder aposentadoria voluntária ao servidor FRANCISCO DIAS FILHO, matrícula SIAPE 1145997, ocupante do cargo de Técnico do Seguro Social, Classe S, Padrão IV do Quadro de Pessoal do Instituto Nacional do Seguro Social, com fundamento no artigo 3º. da Emenda Constitucional nº 47/2005, com proventos integrais ao tempo de contribuição e demais vantagens a que faz jus. Em consequência, declarar vago o referido cargo.</p><p class="assina">RODRIGO DE ASSIS NORONHA</p>]]></Texto>
  </body>
</article></xml>