﻿<xml><article id="2347840" name="PT 11 SOGP ANAPOLIS" idOficio="4732109" pubName="DO2" artType="Portaria" pubDate="02/04/2018" artClass="00022:00029:00238:00020:00027:00000:00000:00000:00000:00000:00025:00001" artCategory="Ministério do Desenvolvimento Social/Instituto Nacional do Seguro Social/Superintendência Regional Norte/Centro-Oeste em Brasília/Gerência-Executiva  - B - em Anápolis/Seção Operacional da Gestão de Pessoas" artSize="8" artNotes="" numberPage="56" pdfPage="http://pesquisa.in.gov.br/imprensa/jsp/visualiza/index.jsp?data=02/04/2018&amp;jornal=529&amp;pagina=56" editionNumber="62" highlight="" idMateria="10641059">
  <body>
    <Identifica><![CDATA[ PORTARIA Nº 11, DE 26 DE MARÇO DE 2018]]></Identifica>
    <Data><![CDATA[]]></Data>
    <Ementa />
    <Titulo />
    <SubTitulo />
    <Texto><![CDATA[<p class="identifica">PORTARIA Nº 11, DE 26 DE MARÇO DE 2018</p><p>A Chefe da Seção Operacional de Gestão de Pessoas da Gerência Executiva do INSS em Anápolis-GO, na forma da competência atribuída através da PT/INSS/DC n° 3.185 de 24.09.2003, publicada no DOU nº186, Seção 2, página 23 de 25.09.2003 e PT Nº 414/MDS, publicada no DOU - Edição Extra nº 188-A, de 29/9/2017, Seção 1, pág. 1/23 - Regimento Interno, Art. 235, inciso I, alíneas "a", "b" e "e" e o que consta no Processo nº 35070.000115/2018-92, resolve:</p><p>Conceder aposentadoria voluntária integral, ao servidor JONAS ALVES DE LIMA, matrícula 0888843, ocupante do cargo de Agente de Serviços Diversos, Nível Intermediário, Classe "S", Padrão IV, do quadro de pessoal do Instituto Nacional do Seguro Social, com fundamento no Artigo 3º da Emenda Constitucional Nº 47/2005, com proventos integrais e paridade. Declarando vago o cargo acima mencionado.</p><p class="assina">FRANCISCA ELVERENE DE CASTRO SILVA</p>]]></Texto>
  </body>
</article></xml>