﻿<xml><article id="2345525" name="PORT Nº 188 E 189" idOficio="4731977" pubName="DO2" artType="Portaria" pubDate="02/04/2018" artClass="00027:00002:00000:00000:00000:00000:00000:00000:00000:00000:00025:00003" artCategory="Ministério do Trabalho/Secretaria Executiva" artSize="8" artNotes="" numberPage="65" pdfPage="http://pesquisa.in.gov.br/imprensa/jsp/visualiza/index.jsp?data=02/04/2018&amp;jornal=529&amp;pagina=65" editionNumber="62" highlight="" idMateria="10640813">
  <body>
    <Identifica><![CDATA[ PORTARIAS DE 29 DE MARÇO DE 2018]]></Identifica>
    <Data><![CDATA[]]></Data>
    <Ementa />
    <Titulo />
    <SubTitulo />
    <Texto><![CDATA[<p class="identifica">PORTARIAS DE 29 DE MARÇO DE 2018</p><p>O SECRETÁRIO-EXECUTIVO DO MINISTÉRIO DO TRABALHO - SUBSTITUTO, no uso da competência que lhe foi delegada pela Portaria nº 252, de 03 de fevereiro de 2012, publicada no Diário Oficial da União de 06 de fevereiro de 2012, e tendo em vista o disposto no Decreto n.º 5.679, de 23 de janeiro de 2006, publicado no Diário Oficial da União de 24 de janeiro de 2006, resolve:</p><p>Nº 188 - Dispensar MARIA DA CONCEIÇÃO VIEIRA DE JESUS DO NASCIMENTO, CPF n° ***.437.681-**, matrícula Siape n° 0245540, da Função Comissionada Técnica, código FCT-12, da Superintendência Regional do Trabalho no Estado do Mato Grosso do Sul, deste Ministério.</p><p>Nº 189 - Designar ÂNGELA CLEIDE FRANCO GOMES, CPF nº ***.809.391-**, matrícula Siape nº 0245522, para exercer a Função Comissionada Técnica, código FCT-12, da Superintendência Regional do Trabalho no Estado do Mato Grosso do Sul, deste Ministério.</p><p class="assina">LEONARDO JOSÉ ARANTES</p>]]></Texto>
  </body>
</article></xml>