﻿<xml><article id="2347621" name="PORTARIA Nº 47 DESIGNAR ISAAC TE" idOficio="4732096" pubName="DO2" artType="Portaria" pubDate="02/04/2018" artClass="00008:00005:00020:00000:00000:00000:00000:00000:00000:00000:00025:00001" artCategory="Ministério da Ciência, Tecnologia, Inovações e Comunicações/Agência Espacial Brasileira/Presidência" artSize="8" artNotes="" numberPage="11" pdfPage="http://pesquisa.in.gov.br/imprensa/jsp/visualiza/index.jsp?data=02/04/2018&amp;jornal=529&amp;pagina=11" editionNumber="62" highlight="" idMateria="10641044">
  <body>
    <Identifica><![CDATA[ PORTARIA Nº 47, DE 29 DE MARÇO DE 2018]]></Identifica>
    <Data><![CDATA[]]></Data>
    <Ementa />
    <Titulo />
    <SubTitulo />
    <Texto><![CDATA[<p class="identifica">PORTARIA Nº 47, DE 29 DE MARÇO DE 2018</p><p>O PRESIDENTE DA AGÊNCIA ESPACIAL BRASILEIRA, no uso das atribuições que lhe confere o art. 16 do Decreto nº 8.868, de 04 de outubro de 2016, publicado no DOU de 05 de outubro de 2016, que aprovou a Estrutura Regimental e o Quadro Demonstrativo dos Cargos em Comissão e das Funções de confiança da Agência Espacial Brasileira, resolve:</p><p>Designar, ISAAC TELES DE SOUZA, CPF nº 001.549.063-79, para substituir nos afastamentos, impedimentos legais ou regulamentares e na vacância do cargo, o Coordenador de Acompanhamento e Avaliação, código DAS 101.3, da Diretoria de Política Espacial e Investimentos Estratégicos, desta Agência, sem acumulação de vencimentos e sem prejuízos das atribuições do cargo que atualmente ocupa.</p><p class="assina">JOSÉ RAIMUNDO BRAGA COELHO</p>]]></Texto>
  </body>
</article></xml>