﻿<xml><article id="2347693" name="PT 23 SOGP ARACAJU" idOficio="4732109" pubName="DO2" artType="Portaria" pubDate="02/04/2018" artClass="00022:00029:00237:00011:00026:00000:00000:00000:00000:00000:00025:00011" artCategory="Ministério do Desenvolvimento Social/Instituto Nacional do Seguro Social/Superintendência Regional Nordeste em Recife/Gerência Executiva - B - em Aracaju/Seção Operacional da Gestão de Pessoas" artSize="8" artNotes="" numberPage="54" pdfPage="http://pesquisa.in.gov.br/imprensa/jsp/visualiza/index.jsp?data=02/04/2018&amp;jornal=529&amp;pagina=54" editionNumber="62" highlight="" idMateria="10641069">
  <body>
    <Identifica><![CDATA[ PORTARIA Nº 23, DE 28 de março de 2018]]></Identifica>
    <Data><![CDATA[]]></Data>
    <Ementa />
    <Titulo />
    <SubTitulo />
    <Texto><![CDATA[<p class="identifica">PORTARIA Nº 23, DE 28 de março de 2018</p><p>O CHEFE DA SEÇÃO OPERACIONAL DA GESTÃO DE PESSOAS, DA GERÊNCIA EXECUTIVA DO INSTITUTO NACIONAL DO SEGURO SOCIAL - INSS EM ARACAJU, no Estado de Sergipe, no uso das atribuições que lhe foram conferidas pelo artigo 171, inciso III, alínea "b" do Regimento Interno do INSS, aprovado pela Portaria nº 296 MPS/GM, de 09 de novembro de 2009, publicada no DOU nº 214, de 10 de novembro de 2009, e tendo em vista o que consta do processo nº 35448.000020/2018-43, resolve:</p><p>Conceder Aposentadoria Voluntária a servidora IARA MARIA DE JESUS BARETO SANTOS, Matrícula SIAPE nº 0943498, ocupante do cargo de Técnico do Seguro Social, Classe "S", Padrão IV, do Quadro de Pessoal do Instituto Nacional do Seguro Social, com fundamento no artigo 3º, da Emenda Constitucional nº 47/2005, com os proventos mensais integrais, acrescido das demais vantagens a que faz jus. 2. Em decorrência do ato, declarar vago o referido cargo.</p><p class="assina">MONIQUE NOGUEIRA GALVÃO</p>]]></Texto>
  </body>
</article></xml>