﻿<xml><article id="2347408" name="PT 46 GEX DIVINOPOLIS" idOficio="4732078" pubName="DO2" artType="Portaria" pubDate="02/04/2018" artClass="00022:00029:00240:00012:00000:00000:00000:00000:00000:00000:00025:00007" artCategory="Ministério do Desenvolvimento Social/Instituto Nacional do Seguro Social/Superintendência Regional Sudeste II em Belo Horizonte/Gerência Executiva - B - Divinópolis" artSize="8" artNotes="" numberPage="59" pdfPage="http://pesquisa.in.gov.br/imprensa/jsp/visualiza/index.jsp?data=02/04/2018&amp;jornal=529&amp;pagina=59" editionNumber="62" highlight="" idMateria="10641016">
  <body>
    <Identifica><![CDATA[ PORTARIA N° 46, DE  29 DE MARÇO DE 2018]]></Identifica>
    <Data><![CDATA[]]></Data>
    <Ementa />
    <Titulo />
    <SubTitulo />
    <Texto><![CDATA[<p class="identifica">PORTARIA N° 46, DE 29 DE MARÇO DE 2018</p><p>O GERENTE-EXECUTIVO DO INSTITUTO NACIONAL DO SEGURO SOCIAL - INSS EM DIVINÓPOLIS, NO ESTADO DE MINAS GERAIS- substituto, no uso das atribuições conferidas pelo Decreto 9.104, de 24 de julho de 2017, publicado no DOU nº 141, de 25 de julho de 2017, e tendo em vista o que consta no processo nº 37033.002416/2017-41, resolve:</p><p>Conceder Aposentadoria Voluntária, ao servidor ANTONIO ALVES DE SOUZA, matrícula SIAPE 0561226, ocupante do cargo de Técnico do Seguro Social, Classe S, Padrão IV, do Quadro de Pessoal do Instituto Nacional do Seguro Social, com fundamento no artigo 3º da Emenda Constitucional nº 47/2005, com proventos integrais ao tempo de contribuição e demais vantagens a que faz jus. Em consequência, declarar vago o referido cargo.</p><p class="assina">RODRIGO DE ASSIS NORONHA</p>]]></Texto>
  </body>
</article></xml>