﻿<xml><article id="2344786" name="29.03.2018 -CGGP" idOficio="4731847" pubName="DO2" artType="Portaria" pubDate="02/04/2018" artClass="00015:00034:00242:00053:00000:00000:00000:00000:00000:00000:00025:00001" artCategory="Ministério da Justiça/Fundação Nacional do Índio/Diretoria de Administração e Gestão/Coordenação-Geral de Gestão de Pessoas" artSize="8" artNotes="" numberPage="44" pdfPage="http://pesquisa.in.gov.br/imprensa/jsp/visualiza/index.jsp?data=02/04/2018&amp;jornal=529&amp;pagina=44" editionNumber="62" highlight="" idMateria="10640603">
  <body>
    <Identifica><![CDATA[ PORTARIA Nº 98, DE 28 DE MARÇO DE 2018]]></Identifica>
    <Data><![CDATA[]]></Data>
    <Ementa />
    <Titulo />
    <SubTitulo />
    <Texto><![CDATA[<p class="identifica">PORTARIA Nº 98, DE 28 DE MARÇO DE 2018</p><p>O COORDENADOR-GERAL DE GESTÃO DE PESSOAS DA FUNDAÇÃO NACIONAL DO ÍNDIO - FUNAI, no uso das atribuições que lhe são conferidas pela Portaria nº 972/PRES, de 15 de agosto de 2013, publicada no Diário Oficial da União nº 159, de 19 de agosto de 2013, e tendo em vista o que consta na Certidão de Óbito, Matrícula nº 0042750155 2018 4 00014 267 0017085 41, do Cartório da Comarca de Benjamin Constant-AM, resolve:</p><p>Declarar vago, a partir de 06 de fevereiro de 2018, o cargo de Monitor Bilíngue, NA-S-III, nos termos do inciso IX do art. 33, da Lei nº 8.112/90, em virtude do falecimento do servidor NINO FERNANDES, matrícula nº 0447662, do Quadro de Pessoal desta Fundação, lotado na Coordenação Técnica Local em Benjamin Constant-AM, subordinada à Coordenação Regional do Alto Solimões-AM.</p><p class="assina">WILLIAM ANDREY DIAS</p>]]></Texto>
  </body>
</article></xml>