﻿<xml><article id="2344094" name="Port SAMF-SC N. 53 - 28.03.2018" idOficio="4731739" pubName="DO2" artType="Portaria" pubDate="02/04/2018" artClass="00012:00002:00012:00035:00000:00000:00000:00000:00000:00000:00025:00001" artCategory="Ministério da Fazenda/Secretaria Executiva/Subsecretaria de Planejamento, Orçamento e Administração/Superintendência de Administração em Santa Catarina" artSize="8" artNotes="" numberPage="40" pdfPage="http://pesquisa.in.gov.br/imprensa/jsp/visualiza/index.jsp?data=02/04/2018&amp;jornal=529&amp;pagina=40" editionNumber="62" highlight="" idMateria="10640228">
  <body>
    <Identifica><![CDATA[ PORTARIA Nº 53, DE 28 DE MARÇO DE 2018 ]]></Identifica>
    <Data><![CDATA[]]></Data>
    <Ementa />
    <Titulo />
    <SubTitulo />
    <Texto><![CDATA[<p></p><p class="identifica">PORTARIA Nº 53, DE 28 DE MARÇO DE 2018</p><p>O SUPERINTENDENTE DE ADMINISTRAÇÃO DO MINISTÉRIO DA FAZENDA NO ESTADO DE SANTA CATARINA, no uso das atribuições que lhe confere o art. 86, inciso XI, da Portaria nº 144, de 27.04.2016, DOU de 29.04.2016 do Ministro de Estado da Fazenda, resolve:</p><p>Aposentar o servidor CARLOS ALBERTO BITTENCOURT, matrícula SIAPECAD nº 15487, matricula SIAPE nº 104469, ocupante do cargo de Agente Administrativo, NI, Classe S, Padrão III, lotado na Procuradoria da Fazenda Nacional em Santa Catarina, com fundamento no art. 40, § 1º, inciso I da Constituição Federal/1998, com redação dada pela E C nº 41/2003, combinado com o art. 6-A da EC 41/2003, incluído pela EC 70/2012. (Processo nº 11926.000071/2018-24).</p><p class="assina">ANDRE LUIZ SANTANA FERRARI</p><p></p>]]></Texto>
  </body>
</article></xml>