﻿<xml><article id="2345164" name="ATO PORT 081 CONCEDER APOSENTA J" idOficio="4731891" pubName="DO2" artType="Portaria" pubDate="02/04/2018" artClass="00007:00003:00068:00000:00000:00000:00000:00000:00000:00000:00025:00001" artCategory="Ministério da Agricultura, Pecuária e Abastecimento/Secretaria Executiva/Superintendência Federal no Estado de Pernambuco" artSize="8" artNotes="" numberPage="6" pdfPage="http://pesquisa.in.gov.br/imprensa/jsp/visualiza/index.jsp?data=02/04/2018&amp;jornal=529&amp;pagina=6" editionNumber="62" highlight="" idMateria="10640697">
  <body>
    <Identifica><![CDATA[ Portaria nº 81, de 26 de março de 2018]]></Identifica>
    <Data><![CDATA[]]></Data>
    <Ementa />
    <Titulo />
    <SubTitulo />
    <Texto><![CDATA[<p class="identifica">Portaria nº 81, de 26 de março de 2018</p><p>O Superintendente Federal da Superintendência Federal de Agricultura, Pecuária e Abastecimento em Pernambuco, no uso da competência que lhe foi delegada pela Portaria nº 1.676, de 11 de julho de 2016, publicada no Diário Oficial da União de 12 de julho de 2016 e inciso XVIII, do art. 44, da Portaria Ministerial nº 428, de 09 de junho de 2010, publicada no Diário Oficial da União de 14 de junho de 2010, resolve:</p><p>CONCEDER a partir de a partir de 01/04/18, aposentadoria voluntária integral, ao servidor JOSÉ CELIO DA SILVA, matrícula SIAPE nº 720161, ocupante do cargo efetivo de Auditor Fiscal Federal Agropecuário, Classe "S", Padrão IV, do Quadro de Pessoal Permanente deste Ministério da Agricultura, com Fundamento no artigo 3º da EC 47/2005 e o que consta no Processo SEI nº 21036.000714/2018-18.</p><p class="assina">Carlos Antônio Ribeiro Ramalho Júnior</p>]]></Texto>
  </body>
</article></xml>