﻿<xml><article id="2344148" name="Port 4" idOficio="4731745" pubName="DO2" artType="Portaria" pubDate="02/04/2018" artClass="00009:00015:00029:00000:00000:00000:00000:00000:00000:00000:00025:00001" artCategory="Ministério da Cultura/Instituto do Patrimônio Histórico e Artístico Nacional/Superintendência no Mato Grosso do Sul" artSize="8" artNotes="" numberPage="14" pdfPage="http://pesquisa.in.gov.br/imprensa/jsp/visualiza/index.jsp?data=02/04/2018&amp;jornal=529&amp;pagina=14" editionNumber="62" highlight="" idMateria="10640475">
  <body>
    <Identifica><![CDATA[ PORTARIA Nº 4,  DE 28 DE MARÇO DE 2018]]></Identifica>
    <Data><![CDATA[]]></Data>
    <Ementa />
    <Titulo />
    <SubTitulo />
    <Texto><![CDATA[<p class="identifica">PORTARIA Nº 4, DE 28 DE MARÇO DE 2018</p><p>A SUPERINTENDENTE DO INSTITUTO DO PATRIMÔNIO HISTÓRICO E ARTÍSTICO NACIONAL -IPHAN NO MATO GROSSO DO SUL, no uso de suas atribuições legais, conferidas pela portaria nº 673, de 16 de outubro de 2009, publicada no DOU de 20 de outubro 2009, e na Portaria nº 289 de 14 de julho de 2017, publicada no DOU de 17 de julho de 2017, Resolve:</p><p>Art. 1º Constituir GT da Esplanada Ferroviária permanente, para elaboração das diretrizes de regulamentação das diversas ações a serem implantadas no espaço do complexo da esplanada ferroviária de Campo Grande-MS.</p><p>Art. 2º Designar para compor o referido Grupo de Trabalho, sob a coordenação do primeiro:</p><p>Maria Clara Mascarenhas Scardini - Superintendente do IPHAN-MS</p><p>Silvia Teresa Mercado Cedron - Chefe da Divisão Técnica do IPHAN-MS</p><p>André Vilela Pereira - Técnico em Arquitetura do IPHAN-MS</p><p>Cláudia Arruda - Arquiteta e Urbanista da Gerência do Patrimônio Histórico e Cultural da Fundação de Cultura de MS</p><p>Douglas Alves da Silva - Historiador da Gerência do Patrimônio Histórico da Fundação de Cultura de MS</p><p>Vera Cristina Galvão Bacchi - Agência Municipal de Meio Ambiente e Planejamento Urbano PLANURB</p><p>Aleida Resende A. G. Moreno - Agência Municipal de Meio Ambiente e Planejamento Urbano PLANURB</p><p>Catiana Sabadin Zamarrenho - Secretaria Municipal de Governo e Relações Institucionais (SEGOV) Prefeitura Municipal de Campo Grande</p><p>Maura Simões Neder Buainain - Diretoria Executiva de Planejamento e Gestão Estratégica Prefeitura Municipal de Campo Grande</p><p>Neila James Vieira - Gerência da Central de Projetos Prefeitura Municipal de Campo Grande</p><p>José Marcos da Fonseca - Secretaria Municipal de Meio Ambiente e Gestão Urbana (SEMADUR) Prefeitura Municipal de Campo Grande</p><p>Alex de Oliveira Gonçalves - Gabinete do Prefeito (GAPRE) Prefeitura Municipal de Campo Grande</p><p>Gilberto Kodjaoglanian Di Giorgio - Gabinete do Prefeito (GAPRE) Prefeitura Municipal de Campo Grande</p><p>Joelma Fernandes Arguelho - Secretaria Municipal de Cultura e Turismo (SECTUR) Prefeitura Municipal de Campo Grande</p><p>Fernando Batiston - Secretaria Municipal de Cultura e Turismo (SECTUR) Prefeitura Municipal de Campo Grande</p><p>Art. 3° O grupo de Trabalho estabelecerá um cronograma das atividades a ser publicado posteriori.</p><p>Art. 4° Poderão ser convidados profissionais que possam contribuir na análise e elaboração das atividades mencionadas.</p><p>Art. 5° Esta Portaria entrará em vigor na data de sua publicação.</p><p class="assina">MARIA CLARA MASCARENHAS SCARDINI</p>]]></Texto>
  </body>
</article></xml>