﻿<xml><article id="2342955" name="03_Mar_Port_1039_a_1055" idOficio="4731550" pubName="DO2" artType="Portaria" pubDate="02/04/2018" artClass="00011:00082:00001:00001:00000:00000:00000:00000:00000:00000:00025:00001" artCategory="Ministério da Educação/Instituto Federal de Educação, Ciência e Tecnologia de São Paulo/Reitoria/Gabinete" artSize="8" artNotes="" numberPage="28" pdfPage="http://pesquisa.in.gov.br/imprensa/jsp/visualiza/index.jsp?data=02/04/2018&amp;jornal=529&amp;pagina=28" editionNumber="62" highlight="" idMateria="10640091">
  <body>
    <Identifica><![CDATA[ PORTARIAS DE 28 DE MARÇO DE 2018]]></Identifica>
    <Data><![CDATA[]]></Data>
    <Ementa />
    <Titulo />
    <SubTitulo />
    <Texto><![CDATA[<p class="identifica">PORTARIAS DE 28 DE MARÇO DE 2018</p><p>O REITOR EM EXERCÍCIO DO IFSP, no uso de suas atribuições legais, conferidas pela Portaria nº 988 de 26/03/2018, resolve:</p><p>Nº 1.039 - DISPENSAR CESAR EDUARDO ARMELIN da função de Coordenador de Licitações e Contratos (FG-1) do Câmpus Capivari.</p><p>Nº 1.040 - DESIGNAR MICHELE PEREIRA DE FARIA como Coordenadora de Licitações e Contratos (FG-1) do Câmpus Capivari.</p><p>Nº 1.041 - DISPENSAR JANICE PEIXER da função de Coordenadora do Curso Técnico em Aquicultura (FCC) do Câmpus Caraguatatuba.</p><p>Nº 1.042 - DESIGNAR GLAUCO LEITE BIANCHINI como Coordenador de Curso Técnico em Aquicultura (FCC) do Câmpus Caraguatatuba.</p><p>Nº 1.043 - DISPENSAR MARCIA PEREIRA da função de Coordenadora de Curso Técnico em Informática para Internet (FCC) do Câmpus Guarulhos.</p><p>Nº 1.044 - DESIGNAR ROBSON FERREIRA LOPES como Coordenador de Curso Técnico Integrado em Informática (FCC) do Câmpus Guarulhos, ficando dispensado da função (FCC) que ocupa atualmente no mesmo Câmpus.</p><p>Nº 1.045 - DESIGNAR JOEL DIAS SAADE como Coordenador de Curso de Tecnologia em Análise e Desenvolvimento de Sistemas (FCC) do Câmpus Guarulhos.</p><p>Nº 1.046 - DISPENSAR HELIO DA SILVA ORDONIO da função de Coordenador de Apoio à Direção (FG-2) do Câmpus Hortolândia.</p><p>Nº 1.047 - DESIGNAR JOSE VALDEMIR DO NASCIMENTO como Coordenador de Apoio à Direção (FG-2) do Câmpus Hortolândia.</p><p>Nº 1.048 - DISPENSAR ELAINE CRISTINA FORMAGGIO MATEUS da função de Coordenadora de Gestão de Pessoas (FG-2) do Câmpus Hortolândia.</p><p>Nº 1.049 - DESIGNAR JOSE RICARDO MORAES DE OLIVEIRA como Coordenador de Gestão de Pessoas (FG-2) do Câmpus Hortolândia.</p><p>Nº 1.050 - EXONERAR, a pedido, PALLOMA RIBEIRO CUBA DOS SANTOS do cargo de Diretora de Graduação (CD-3) da Pró-reitoria de Ensino.</p><p>Nº 1.051 - NOMEAR CLAUDIA FONSECA ROSES como Diretora de Graduação (CD-3) da Pró-Reitoria de Ensino, ficando exonerada do cargo (CD-4) que ocupa atualmente na mesma Pró-Reitoria.</p><p>Nº 1.052 - NOMEAR HARYANNA PEREIRA SGRILLI como Assessora Executiva (CD-4) da Pró-Reitoria de Ensino.</p><p>Nº 1.053 - DISPENSAR ADIR FELISBINO DA SILVA JUNIOR da função de Coordenador de Gestão de Pessoas (FG-2) do Campus Votuporanga.</p><p>Nº 1.054 - DESIGNAR JORDÂNIA MARIA FORESTO OZÓRIO como Coordenadora de Gestão de Pessoas (FG-2) do Câmpus Votuporanga.</p><p>Nº 1.055 - RETIFICAR a portaria nº 967 de 23/03/2018, publicada no D.O.U. de 26/03/2018, Seção 2, pág. 20. Onde se lê: "Piracicaba.", leia-se: "Piracicaba, a partir de 08/03/2018".</p><p class="assina">WHISNER FRAGA MAMEDE</p>]]></Texto>
  </body>
</article></xml>