﻿<xml><article id="2347387" name="PT 44 SOGP RJNORTE" idOficio="4732078" pubName="DO2" artType="Portaria" pubDate="02/04/2018" artClass="00022:00029:00240:00007:00027:00003:00000:00000:00000:00000:00025:00006" artCategory="Ministério do Desenvolvimento Social/Instituto Nacional do Seguro Social/Superintendência Regional Sudeste II em Belo Horizonte/Gerência Executiva - A - no Rio de Janeiro - Norte/Serviço de Administração/Seção Operacional  de Gestão de Pessoas" artSize="8" artNotes="" numberPage="58" pdfPage="http://pesquisa.in.gov.br/imprensa/jsp/visualiza/index.jsp?data=02/04/2018&amp;jornal=529&amp;pagina=58" editionNumber="62" highlight="" idMateria="10641015">
  <body>
    <Identifica><![CDATA[ PORTARIA Nº 44, de 29 DE MARÇO DE 2018]]></Identifica>
    <Data><![CDATA[]]></Data>
    <Ementa />
    <Titulo />
    <SubTitulo />
    <Texto><![CDATA[<p class="identifica">PORTARIA Nº 44, de 29 DE MARÇO DE 2018</p><p>O CHEFE DA SEÇÃO OPERACIONAL DA GESTÃO DE PESSOAS DA GERÊNCIA EXECUTIVA DO INSS/NORTE, no Estado do Rio de Janeiro, no uso das atribuições que lhe confere o contido no artigo 235, inciso I, alínea "b" do Regimento Interno do INSS, aprovado pela PT/MDS/GAB nº 414 de 28.09.2017 publicado no DOU nº 188-A de 29.09.2017, e tendo em vista o que consta do processo nº 37367.000862/2018-21, resolve:</p><p>Conceder aposentadoria voluntária integral ao servidor JOSE JULIO DANTAS DE SAMPAIO matrícula SIAPE n° 0.910.653, ocupante do cargo de MOTORISTA OFICIAL, classe "S", padrão IV, do quadro de pessoal do Instituto Nacional do Seguro Social, com fundamento no artigo 3º da Emenda Constitucional nº 47/2005, com base na última remuneração. Em consequência do ato, declarar o referido cargo vago.</p><p class="assina">LUIZ ANDRADE SANTOS</p>]]></Texto>
  </body>
</article></xml>