﻿<xml><article id="2343517" name="(Port. nº 534-536-SEI-SE ) PAULO" idOficio="4731688" pubName="DO2" artType="Portaria" pubDate="02/04/2018" artClass="00013:00002:00000:00000:00000:00000:00000:00000:00000:00000:00025:00002" artCategory="Ministério da Indústria, Comércio Exterior e Serviços/Secretaria Executiva" artSize="8" artNotes="" numberPage="42" pdfPage="http://pesquisa.in.gov.br/imprensa/jsp/visualiza/index.jsp?data=02/04/2018&amp;jornal=529&amp;pagina=42" editionNumber="62" highlight="" idMateria="10640366">
  <body>
    <Identifica><![CDATA[ PORTARIAS DE 26 DE MARÇO DE 2018]]></Identifica>
    <Data><![CDATA[]]></Data>
    <Ementa />
    <Titulo />
    <SubTitulo />
    <Texto><![CDATA[<p class="identifica">PORTARIAS DE 26 DE MARÇO DE 2018</p><p>A SECRETÁRIA-EXECUTIVA SUBSTITUTA DO MINISTÉRIO DA INDÚSTRIA, COMÉRCIO EXTERIOR E SERVIÇOS, no uso da competência que lhe foi subdelegada pela Portaria GM/MDIC no305, de 1ode novembro de 2016, e tendo em vista o disposto na Portaria/MP no85, de 17 de abril de 2009, resolve:</p><p>Nº 534-SEI Cessar os efeitos da Gratificação Temporária das Unidades dos Sistemas Estruturadores da Administração Pública Federal - GSISTE, de Nível Superior, da Coordenação-Geral de Recursos Logísticos, concedida ao servidor PAULO ERNESTO NOBRE OLIVEIRA, matrícula SIAPE nº 2771411, ocupante do cargo efetivo de Analista Técnico-Administrativo do Quadro de Pessoal deste Ministério.</p><p>Nº 535-SEI Conceder a Gratificação Temporária das Unidades dos Sistemas Estruturadores da Administração Pública Federal - GSISTE, de Nível Superior, da Coordenação-Geral de Recursos Logísticos, à servidora ALESSANDRA RIBEIRO DE MORAES, matrícula SIAPE nº 2163125, ocupante do cargo efetivo de Analista Técnico-Administrativo do Quadro de Pessoal deste Ministério.</p><p class="assina">YANA DUMARESQ SOBRAL ALVES</p>]]></Texto>
  </body>
</article></xml>