﻿<xml><article id="2344446" name="ATO POR 236 26MAR2018" idOficio="4731805" pubName="DO2" artType="Portaria" pubDate="02/04/2018" artClass="00017:00002:00001:00005:00000:00000:00000:00000:00000:00000:00025:00001" artCategory="Ministério da Saúde/Secretaria Executiva/Subsecretaria de Assuntos Administrativos/Coordenação-Geral de Gestão de Pessoas" artSize="8" artNotes="" numberPage="45" pdfPage="http://pesquisa.in.gov.br/imprensa/jsp/visualiza/index.jsp?data=02/04/2018&amp;jornal=529&amp;pagina=45" editionNumber="62" highlight="" idMateria="10640530">
  <body>
    <Identifica><![CDATA[ PORTARIA  Nº 236, DE 26 DE MARÇO DE 2018]]></Identifica>
    <Data><![CDATA[]]></Data>
    <Ementa />
    <Titulo />
    <SubTitulo />
    <Texto><![CDATA[<p class="identifica">PORTARIA Nº 236, DE 26 DE MARÇO DE 2018</p><p>O Coordenador-Geral de Gestão de Pessoas, da Subsecretaria de Assuntos Administrativos, da Secretaria Executiva do Ministério da Saúde, no uso de suas atribuições legais e, tendo em vista o disposto no Art. 34, da Lei n.º 8.112/90, resolve:</p><p>Exonerar, a pedido, a contar de 14/03/2018, a servidora RAMES DE AGUIAR PEREIRA, matrícula SIAPE nº 1821653, admitida em 19/10/2010, no cargo de Agente Administrativo.</p><p class="assina">PABLO MARCOS GOMES LEITE</p>]]></Texto>
  </body>
</article></xml>