﻿<xml><article id="2347606" name="PT 0409 GC1 18" idOficio="4732095" pubName="DO2" artType="Portaria" pubDate="02/04/2018" artClass="00010:00006:00001:00006:00000:00000:00000:00000:00000:00000:00025:00002" artCategory="Ministério da Defesa/Comando da Aeronáutica/Gabinete do Comandante/Assessoria de Recursos Humanos" artSize="8" artNotes="" numberPage="14" pdfPage="http://pesquisa.in.gov.br/imprensa/jsp/visualiza/index.jsp?data=02/04/2018&amp;jornal=529&amp;pagina=14" editionNumber="62" highlight="" idMateria="10641041">
  <body>
    <Identifica><![CDATA[ PORTARIA No 409/GC1, DE 29 DE MARÇO DE 2018]]></Identifica>
    <Data><![CDATA[]]></Data>
    <Ementa />
    <Titulo />
    <SubTitulo />
    <Texto><![CDATA[<p class="identifica">PORTARIA No 409/GC1, DE 29 DE MARÇO DE 2018</p><p>O COMANDANTE DA AERONÁUTICA, de acordo com disposto no Decreto nº 8.798, de 4 de julho de 2016, resolve:</p><p>EXONERAR, por necessidade do serviço, ex officio, o Coronel Aviador REGIS AUGUSTO AZEVEDO PEROBA (Nr Ord 1858254) do cargo de Adjunto do Adido de Defesa e Aeronáutico, junto à Embaixada do Brasil nos Estados Unidos da América, a partir de 24 de maio de 2019.</p><p class="assina">Ten Brig Ar NIVALDO LUIZ ROSSATO</p>]]></Texto>
  </body>
</article></xml>