﻿<xml><article id="2347714" name="PT 36 SOGP VITORIA DA CONQUISTA" idOficio="4732109" pubName="DO2" artType="Portaria" pubDate="02/04/2018" artClass="00022:00029:00237:00035:00031:00000:00000:00000:00000:00000:00025:00022" artCategory="Ministério do Desenvolvimento Social/Instituto Nacional do Seguro Social/Superintendência Regional Nordeste em Recife/Gerência Executiva - B - em Vitória da Conquista/Seção Operacional da Gestão de Pessoas" artSize="8" artNotes="" numberPage="55" pdfPage="http://pesquisa.in.gov.br/imprensa/jsp/visualiza/index.jsp?data=02/04/2018&amp;jornal=529&amp;pagina=55" editionNumber="62" highlight="" idMateria="10641080">
  <body>
    <Identifica><![CDATA[ PORTARIA Nº 36, DE 29 DE MARÇO DE 2018]]></Identifica>
    <Data><![CDATA[]]></Data>
    <Ementa />
    <Titulo />
    <SubTitulo />
    <Texto><![CDATA[<p class="identifica">PORTARIA Nº 36, DE 29 DE MARÇO DE 2018</p><p>A CHEFE SUBSTITUTA DA SEÇÃO OPERACIONAL DE GESTÃO DE PESSOAS DA GERÊNCIA EXECUTIVA DO INSS EM VITÓRIA DA CONQUISTA/BA, no uso das atribuições que lhe foram conferidas pelo art. 235, inciso I, alínea "b", do Regimento Interno do INSS, aprovado pela PT/MDS nº 414, de 28/9/2017, publicada no DOU - Edição Extra nº 188-A, de 29 de setembro de 2017, resolve:</p><p>Art. 1º Conceder aposentadoria voluntária à servidora MARIA GOMES DA SILVA CARVALHO, matrícula SIAPE 0883470, ocupante do cargo de Datilógrafo, Classe "S", Padrão "IV", código de vaga nº 511686, do quadro de pessoal do Instituto Nacional do Seguro Social, com fundamento no art. 3º da Emenda Constitucional nº 47, de 5 de julho de 2005, observado o contido no Processo nº 36708.000090/2018-56, declarando, em consequência, o referido cargo vago.</p><p class="assina">VIVIANE SERVO LEITE</p>]]></Texto>
  </body>
</article></xml>