﻿<xml><article id="2345507" name="CORREIO ELETRONICO GR - 29.03.18" idOficio="4731974" pubName="DO2" artType="Portaria" pubDate="02/04/2018" artClass="00011:00104:00001:00000:00000:00000:00000:00000:00000:00000:00025:00002" artCategory="Ministério da Educação/Universidade Federal de Alagoas/Reitoria" artSize="8" artNotes="" numberPage="21" pdfPage="http://pesquisa.in.gov.br/imprensa/jsp/visualiza/index.jsp?data=02/04/2018&amp;jornal=529&amp;pagina=21" editionNumber="62" highlight="" idMateria="10640806">
  <body>
    <Identifica><![CDATA[ PORTARIA Nº 245, DE 9 DE MARÇO DE 2018]]></Identifica>
    <Data><![CDATA[]]></Data>
    <Ementa />
    <Titulo />
    <SubTitulo />
    <Texto><![CDATA[<p class="identifica">PORTARIA Nº 245, DE 9 DE MARÇO DE 2018</p><p>A REITORA DA UNIVERSIDADE FEDERAL DE ALAGOAS, no uso das atribuições que lhe confere o §1º do art. 15, do Estatuto da UFAL, aprovado pela Port. nº 4067/MEC, de 29.12.03, e tendo em vista o que consta no Proc. nº 23065.038416/17-06, resolve:</p><p>Conceder aposentadoria voluntária, com proventos integrais, ao servidor AILTON SOUZA DA SILVA, mat./SIAPE nº 1120541, ocupante do cargo de Auxiliar de Enfermagem, classe C, nível IV, padrão 16, do quadro de pessoal da UFAL, com fundamento no art. 3º, incisos I, II e III e parágrafo único da EC nº 47, publicada no DOU de 06.07.05, c/c o art. 40, §18 da CRFB/88.</p><p class="assina">MARIA VALÉRIA COSTA CORREIA</p><p class="identifica">PORTARIA Nº 300, DE 19 DE MARÇO DE 2018</p><p>A REITORA DA UNIVERSIDADE FEDERAL DE ALAGOAS, no uso das atribuições que lhe confere o § 1º do art. 15 do Estatuto da UFAL, aprovado pela Port. nº 4.067/MEC, de 29/12/03, e tendo em vista o que consta no Proc. nº 23065.004548/18-15, resolve:</p><p>I-Exonerar ANDERSON DE BARROS DANTAS, Professor do Magistério Superior, mat./SIAPE nº 1350034, do cargo de Diretor da FEAC, cód. CD-03.</p><p>II-Nomear GUSTAVO MADEIRO DA SILVA, Professor de Magistério Superior, mat./SIAPE nº 1437320, para exercer o cargo acima mencionado.</p><p>III-Determinar o presente mandato para o quadriênio de 2018-2022</p><p>IV-A presente portaria entrará em vigor na data de sua publicação.</p><p class="assina">MARIA VALÉRIA COSTA CORREIA</p><p class="identifica">PORTARIAS DE 26 DE MARÇO DE 2018</p><p>A REITORA DA UNIVERSIDADE FEDERAL DE ALAGOAS, no uso das atribuições que lhe confere o § 1º do art. 15 do Estatuto da UFAL, aprovado pela Port. nº 4067/MEC, de 29/12/03, resolve:</p><p>Nº 370-I-Exonerar ROSA LUCIA PREDES TRINDADE, Professora do Magistério Superior, mat./SIAPE nº 1121073, no cargo de Diretor da FSSO, cód. CD-03.</p><p>II-Designar REIVAN MARINHO DE SOUZA, Professor de Magistério Superior, mat./SIAPE nº 1121039, para exercer o cargo mencionado acima.</p><p>III-Determinar o período de 02/04/18 a 02/04/22 para o presente mandado.</p><p>IV-A presente portaria entrará em vigor a partir de 02/04/18. (Processos nº 23065. 004050/18-44 e 23065.008672/18-41).</p><p>Nº 371-I-Dispensar MARIA VIRGINIA BORGES AMARAL, Professora do Magistério Superior, mat./SIAPE nº 1119849, na função de Vice-diretora da FSSO, cód. FG-01.</p><p>II-Designar CLARISSA TENORIO MARANHÃO RAPOSO, Professora de Magistério Superior, mat./SIAPE nº 3322000, para exercer a função mencionada acima.</p><p>III-Determinar o período de 02/04/18 a 02/04/22 para o presente mandado.</p><p>IV-A presente portaria entrará em vigor a partir de 02/04/18. (Processos nº 23065. 004050/18-44 e 23065.008672/18-41).</p><p>Nº 372-I-Exonerar ELIANE BARBOSA DA SILVA, Professora do Magistério Superior, mat./SIAPE nº 2316139, no cargo de Diretora da FALE, cód. CD-03.</p><p>II-Designar</p><p>RITA DE CASSIA SOUTO MAIOR SIQUEIRA LIMA, Professora de Magistério Superior, mat./SIAPE nº 25461930, para exercer o cargo mencionado acima.</p><p>III-Determinar o período de 02/04/18 a 02/04/22 para o presente mandado.</p><p>IV-A presente portaria entrará em vigor a partir de 02/04/18. (Proc. nº 23065.002848/18-51).</p><p>Nº 373-I-Dispensar JAIR BARBOSA DA SILVA, Professor do Magistério Superior, mat./SIAPE nº 3364615, na função de Vice-Diretor da FALE, cód. FG-01.</p><p>II-Designar JOSE NIRALDO DE FARIAS, Professor de Magistério Superior, mat./SIAPE nº 1121208, para exercer a função mencionada acima.</p><p>III-Determinar o período de 02/04/18 a 02/04/22 para o presente mandado.</p><p>IV-A presente portaria entrará em vigor a partir de 02/04/18. (Proc. nº 23065.002848/18-51).</p><p>Nº 374-I-Exonerar TEREZINHA DA ROCHA ATAIDE, Professora do Magistério Superior, mat./SIAPE nº 1120723, no cargo de Diretora da FANUT, cód. CD-03.</p><p>II-Designar JOAO ARAUJO BARROS NETO, Professor de Magistério Superior, mat./SIAPE nº 1727406, para exercer o cargo mencionado acima.</p><p>III-Determinar o período de 02/04/18 a 02/04/22 para o presente mandado.</p><p>IV-A presente portaria entrará em vigor a partir de 02/04/18. (Proc. nº 23065.010026/18-44).</p><p>Nº 375-I-Dispensar SUZANA LIMA DE OLIVEIRA, Professora do Magistério Superior, mat./SIAPE nº 1120984, na função de Vice-Diretora da FANUT, cód. FG-01.</p><p>II-Designar JONAS AUGUSTO CARDOSO DA SILVEIRA, Professor de Magistério Superior, mat./SIAPE nº 2269877, para exercer a função mencionada acima.</p><p>III-Determinar o período de 02/04/18 a 02/04/22 para o presente mandado.</p><p>IV-A presente portaria entrará em vigor a partir de 02/04/18. (Proc. nº 23065.010026/2018-44).</p><p>Nº 376-I-Exonerar ADELIA AUGUSTA SOUTO DE OLIVEIRA, Professora do Magistério Superior, mat./SIAPE nº 1121061, no cargo de Diretora do IP, cód. CD-04.</p><p>II-Designar JEFFERSON DE SOUZA BERNARDES, Professor de Magistério Superior, mat./SIAPE nº 1518410, para exercer o cargo mencionado acima.</p><p>III-Determinar o período de 02/04/18 a 02/04/22 para o presente mandado.</p><p>IV-A presente portaria entrará em vigor a partir de 02/04/18. (Proc. nº 23065.007702/18-01).</p><p>Nº 377-I-Dispensar HELIANE DE ALMEIDA LINS LEITÃO, Professora do Magistério Superior, mat./SIAPE nº 1120885, na função de Vice-Diretora do IP, cód. FG-01.</p><p>II-Designar CRISTINA CAMELO DE AZEVEDO, Professora de Magistério Superior, mat./SIAPE nº 1121117, para exercer a função mencionada acima.</p><p>III-Determinar o período de 02/04/18 a 02/04/22 para o presente mandado.</p><p>IV-A presente portaria entrará em vigor a partir de 02/04/18. (Proc. nº 23065.007702/18-01).</p><p>Nº 389-I-Reconduzir GAUS SILVESTRE DE ANDRADE LIMA, Professor do Magistério Superior, mat./SIAPE nº 1369412, no cargo de Diretor do CECA, cód. CD-03.</p><p>II-Determinar o período de 02/04/18 a 02/04/22 para o presente mandado.</p><p>III-A presente portaria entrará em vigor a partir de 02/04/18. (Proc. nº 23065.008818/18-59).</p><p>Nº 390-I-Reconduzir ROSA CAVALCANTE LIRA, Professora do Magistério Superior, mat./SIAPE nº 3841456, na função de Vice-Diretora do CECA, cód. FG-01.</p><p>II-Determinar o período de 02/04/18 a 02/04/22 para o presente mandado.</p><p>III-A presente portaria entrará em vigor a partir de 02/04/18. (Proc. nº 23065.008818/18-59).</p><p>Nº 392-I-Exonerar LUCIANO BARBOSA DOS SANTOS, Professor do Magistério Superior, mat./SIAPE nº 2279216, no cargo de Diretor do CTEC, cód. CD-03.</p><p>II-Designar ALEXANDRE LIMA MARQUES DA SILVA, Professor de Magistério Superior, mat./SIAPE nº 2505211, para exercer o cargo mencionado acima.</p><p>III-Determinar o período de 02/04/18 a 02/04/22 para o presente mandado.</p><p>IV-A presente portaria entrará em vigor a partir de 02/04/18. (Proc. nº 23065.008132/18-68).</p><p>Nº 393-I-Dispensar JOAO INACIO SOLETTI, Professor do Magistério Superior, mat./SIAPE nº 1121112, na função de Vice-diretor do CTEC, cód. FG-01.</p><p>II-Designar VLADIMIR CARAMORI BORGES DE SOUZA, Professor de Magistério Superior, mat./SIAPE nº 1357436, para exercer a função mencionada acima.</p><p>III-Determinar o período de 02/04/18 a 02/04/22 para o presente mandado.</p><p>IV-A presente portaria entrará em vigor a partir de 02/04/18. (Proc. nº 23065.008132/18-68).</p><p>Nº 395-I-Exonerar MARCOS ANTONIO LIMA MOURA, Professor do Magistério Superior, mat./SIAPE nº 1145750, no cargo de Diretor do ICAT, cód. CD-03.</p><p>II-Designar HELIOFABIO BARROS GOMES, Professor de Magistério Superior, mat./SIAPE nº 4421297, para exercer o cargo mencionado acima.</p><p>III-Determinar o período de 02/04/18 a 02/04/22 para o presente mandado.</p><p>IV-A presente portaria entrará em vigor a partir de 02/04/18. (Proc. nº 23065.008314/18-39 e 23065.008306/18-92).</p><p class="assina">MARIA VALÉRIA COSTA CORREIA</p><p class="identifica">PORTARIAS DE 27 DE MARÇO DE 2018</p><p>A REITORA DA UNIVERSIDADE FEDERAL DE ALAGOAS, no uso das atribuições que lhe confere o § 1º do art. 15 do Estatuto da UFAL, aprovado pela Port. nº 4067/MEC, de 29/12/03, resolve:</p><p>Nº 403-I-Exonerar JOAO XAVIER DE ARAUJO JUNIOR, Professor do Magistério Superior, mat./SIAPE nº 1369387, no cargo de Diretor da ESENFAR, cód. CD-03.</p><p>II-Designar</p><p>IRINALDO DINIZ BASILIO JUNIOR, Professor de Magistério Superior, mat./SIAPE nº 1553302, para exercer o cargo mencionado acima.</p><p>III-Determinar o período de 02/04/18 a 02/04/22 para o presente mandado.</p><p>IV-A presente portaria entrará em vigor a partir de 02/04/18. (Proc. nº 23065.042597/17-67).</p><p>Nº 404-I-Dispensar MARIA LYSETE DE ASSIS BASTOS, Professora do Magistério Superior, mat./SIAPE nº 2121176, na função de Vice-Diretora da ESENFAR, cód. FG-01.</p><p>II-Designar</p><p>EVELINE LUCENA VASCONCELOS, Professora de Magistério Superior, mat./SIAPE nº 1924449, para exercer a função mencionada acima.</p><p>III-Determinar o período de 02/04/18 a 02/04/22 para o presente mandado.</p><p>IV-A presente portaria entrará em vigor a partir de 02/04/18. (Proc. nº 23065.042597/17-67).</p><p>Nº 406-I-Exonerar EMERSON OLIVEIRA DO NASCIMENTO, Professor do Magistério Superior, mat./SIAPE nº 1663795, no cargo de Diretor do ICS, cód. CD-03.</p><p>II-Designar</p><p>JULIO CEZAR GAUDENCIO DA SILVA, Professor de Magistério Superior, mat./SIAPE nº 1498038, para exercer o cargo mencionado acima.</p><p>III-Determinar o período de 02/04/18 a 02/04/22 para o presente mandado.</p><p>IV-A presente portaria entrará em vigor a partir de 02/04/18. (Proc. nº 23065.00000203/18-84).</p><p>Nº 407-I-Dispensar LUCIANA DA CONCEIÇÃO FARIAS SANTANA, Professora do Magistério Superior, mat./SIAPE nº 1758318, na função de Vice-Diretora do ICS, cód. FG-01.</p><p>II-Designar</p><p>MARINA FELIX DE MELO, Professora de Magistério Superior, mat./SIAPE nº 2096046, para exercer a função mencionada acima.</p><p>III-Determinar o período de 02/04/18 a 02/04/22 para o presente mandado.</p><p>IV-A presente portaria entrará em vigor a partir de 02/04/18. (Proc. nº 23065.00000203/18-84).</p><p class="assina">MARIA VALÉRIA COSTA CORREIA</p><p class="identifica">PORTARIAS DE 28 DE MARÇO DE 2018</p><p>A REITORA DA UNIVERSIDADE FEDERAL DE ALAGOAS, no uso das atribuições que lhe confere o §1º do art. 15, do Estatuto da UFAL, aprovado pela Port. nº 4067/MEC, de 29.12.03, resolve:</p><p>Nº 410-Conceder aposentadoria voluntária, com proventos integrais, ao servidor FELÍCIO MELO DE ALBUQUERQUE, mat./SIAPE nº 1119900, ocupante do cargo de Professor do Magistério Superior, classe Associado, nível 03, do quadro de pessoal da UFAL, com fundamento no art. 3º, incisos I, II e III e parágrafo único da EC nº 47, publicada no DOU de 06.07.05, c/c o art. 40, §18 da CRFB/88. (Proc. nº 23065.008890/18-86).</p><p>Nº 413-I-Reconduzir MARCUS DE MELO BRAGA, Professor do Magistério Superior, mat./SIAPE nº 2120382, no cargo de Diretor do IC, cód. CD-03.</p><p>II-Determinar o período de 02/04/18 a 02/04/22 para o presente mandado.</p><p>III-A presente portaria entrará em vigor a partir de 02/04/18. (Proc. nº 23065.009892/18-92).</p><p>Nº 414-I-Reconduzir DAVI BIBIANO BRITO, Professor do Magistério Superior, mat./SIAPE nº 1878697, na função de Vice-Diretor do IC, cód. FG-01.</p><p>II-Determinar o período de 02/04/18 a 02/04/22 para o presente mandado.</p><p>III-A presente portaria entrará em vigor a partir de 02/04/18. (Proc. nº 23065.009892/18-92).</p><p>Nº 415-I-Exonerar CEZAR NONATO BEZERRA CANDEIAS, Professor do Magistério Superior, mat./SIAPE nº 1299676, no cargo de Diretor do CEDU, cód. CD-03.</p><p>II-Designar</p><p>JORGE EDUARDO DE OLIVEIRA, Professor de Magistério Superior, mat./SIAPE nº 1215158, para exercer o cargo mencionado acima.</p><p>III-Determinar o período de 02/04/18 a 02/04/22 para o presente mandado.</p><p>IV-A presente portaria entrará em vigor a partir de 02/04/18. (Proc. nº 23065.040886/17-21 e 23065.005386/18-24).</p><p>Nº 416-I-Dispensar MARTA DE MOURA COSTA, Professora do Magistério Superior, mat./SIAPE nº 1121080, na função de Vice-Diretora do CEDU, cód. FG-01.</p><p>II-Designar</p><p>MARIA DA CONCEIÇÃO VALENÇA DA SILVA, Professora de Magistério Superior, mat./SIAPE nº 2270104, para exercer a função mencionada acima.</p><p>III-Determinar o período de 02/04/18 a 02/04/22 para o presente mandado.</p><p>IV-A presente portaria entrará em vigor a partir de 02/04/18. (Proc. nº 23065.040886/17-21).</p><p>Nº 422-I-Reconduzir JORGE ALBERTO GONÇALVES, Professor do Magistério Superior, mat./SIAPE nº 1120507, no cargo de Diretor da FOUFAL, cód. CD-03.</p><p>II-Determinar o período de 02/04/18 a 02/04/22 para o presente mandado.</p><p>III-A presente portaria entrará em vigor a partir de 02/04/18. (Proc. nº 23065.006366/18-71).</p><p>Nº 423-I-Dispensar LUCIANA CAVALCANTI DE ARAUJO, Professora do Magistério Superior, mat./SIAPE nº 1120552, na função de Vice-Diretora da FOUFAL, cód. FG-01.</p><p>II-Designar</p><p>MARCELO DE ALMEIDA COSTA, Professor de Magistério Superior, mat./SIAPE nº 1121101, para exercer a função mencionada acima.</p><p>III-Determinar o período de 02/04/18 a 02/04/22 para o presente mandado.</p><p>IV-A presente portaria entrará em vigor a partir de 02/04/18. (Processo nº 23065.006366/18-71).</p><p>Nº 425-I-Reconduzir ARNALDO TENORIO DA CUNHA JUNIOR, Professor do Magistério Superior, mat./SIAPE nº 1514307, no cargo de Diretor Acadêmico da Unidade Acadêmica Campus Arapiraca/UFAL, cód. CD-04.</p><p>II-Determinar o período de 02/04/18 a 02/04/22 para o presente mandado.</p><p>III-A presente portaria entrará em vigor a partir de 02/04/18. (Proc. nº 23065.040835/17-08).</p><p>Nº 426-I-Reconduzir ELIANE APARECIDA HOLANDA CAVALCANTI, Professora do Magistério Superior, mat./SIAPE nº 1543872, no cargo de Diretora Geral da Unidade Acadêmica Campus Arapiraca/UFAL, cód. CD-03.</p><p>II-Determinar o período de 02/04/18 a 02/04/22 para o presente mandado.</p><p>III-A presente portaria entrará em vigor a partir de 02/04/18. (Proc. nº 23065.040835/17-08).</p><p>Nº 428-I-Exonerar FRANCISCO JOSE PASSOS SOARES, Professor do Magistério Superior, mat./SIAPE nº 1137700, no cargo de Diretor da FAMED, cód. CD-03.</p><p>II-Designar</p><p>IASMIN DE ALBUQUERQUE CAVALCANTI DUARTE, Professora de Magistério Superior, mat./SIAPE nº 1120757, para exercer o cargo mencionado acima.</p><p>III-Determinar o período de 02/04/18 a 02/04/22 para o presente mandado.</p><p>IV-A presente portaria entrará em vigor a partir de 02/04/18. (Proc. nº 23065.010645/18-39).</p><p>Nº 429-I-Dispensar IASMIN DE ALBUQUERQUE CAVALCANTI DUARTE, Professora do Magistério Superior, mat./SIAPE nº 1120757, na função de Vice-Diretora da FAMED, cód. FG-01.</p><p>II-Designar</p><p>ALESSANDRA PLACIDO LIMA LEITE, Professora de Magistério Superior, mat./SIAPE nº 2319755, para exercer a função mencionada acima.</p><p>III-Determinar o período de 02/04/18 a 02/04/22 para o presente mandado.</p><p>IV-A presente portaria entrará em vigor a partir de 02/04/18. (Proc. nº 23065.010645/18-39).</p><p>Nº 431-I-Exonerar JOSE VICENTE FERREIRA NETO, Professor do Magistério Superior, mat./SIAPE nº 1119902, no cargo de Diretor do IGDEMA, cód. CD-03.</p><p>II-Designar</p><p>NIVANEIDE ALVES DE MELO FALCÃO, Professora de Magistério Superior, mat./SIAPE nº 1574934, para exercer o cargo mencionado acima.</p><p>III-Determinar o período de 02/04/18 a 02/04/22 para o presente mandado.</p><p>IV-A presente portaria entrará em vigor a partir de 02/04/18. (Proc. nº 23065.040812/17-95, 23065.010524/18-97 e 23065.010526/18-86).</p><p>Nº 432-I-Dispensar SILVANA QUINTELLA CAVALCANTI CALHEIROS, Professora do Magistério Superior, mat./SIAPE nº 1120111, na função de Vice-Diretora do IDEMA, cód. FG-01.</p><p>II-Designar</p><p>KLEYTHON DE ARAUJO MONTEIRO, Professor de Magistério Superior, mat./SIAPE nº 1981214, para exercer a função mencionada acima.</p><p>III-Determinar o período de 02/04/18 a 02/04/22 para o presente mandado.</p><p>IV-A presente portaria entrará em vigor a partir de 02/04/18. (Proc. nº 23065.040812/17-95, 23065.010524/18-97 e 23065.010526/18-86).</p><p class="assina">MARIA VALÉRIA COSTA CORREIA</p><p class="identifica">RETIFICAÇÃO</p><p>Na Port. nº 234/GR publicada no BP nº 49, em 15/03/18 e no DOU de 15/03/18, seção 2, pág. 32, que dispensou CARMEM LUCIA DE PAIVA E SILVA ZANTA e Designou VALERIA RODRIGUES DOS SANTOS MALTA na função de Vice-Diretora do IQB, onde se lê "III - A presente designação entrará em vigor a partir da data de publicação desta portaria", leia-se "III - A presente designação entrará em vigor a partir de 02/04/18".</p>]]></Texto>
  </body>
</article></xml>