﻿<xml><article id="2345498" name="CORREIO ELETRONICO GVR - 29.03.1" idOficio="4731974" pubName="DO2" artType="Portaria" pubDate="02/04/2018" artClass="00011:00104:00001:00000:00000:00000:00000:00000:00000:00000:00025:00001" artCategory="Ministério da Educação/Universidade Federal de Alagoas/Reitoria" artSize="8" artNotes="" numberPage="29" pdfPage="http://pesquisa.in.gov.br/imprensa/jsp/visualiza/index.jsp?data=02/04/2018&amp;jornal=529&amp;pagina=29" editionNumber="62" highlight="" idMateria="10640805">
  <body>
    <Identifica><![CDATA[ PORTARIA Nº 278, DE 16 DE MARÇO DE 2018]]></Identifica>
    <Data><![CDATA[]]></Data>
    <Ementa />
    <Titulo />
    <SubTitulo />
    <Texto><![CDATA[<p class="identifica">PORTARIA Nº 278, DE 16 DE MARÇO DE 2018</p><p>A REITORA DA UNIVERSIDADE FEDERAL DE ALAGOAS, no uso das atribuições que lhe confere o §1º do art. 15, do Estatuto da UFAL, aprovado pela Port. nº 4067/MEC, de 29.12.03, e tendo em vista o que consta no Proc. nº 23065.004217/18-77, resolve:</p><p>Conceder aposentadoria voluntária, com proventos integrais, à servidora VICENTINA ESTEVES WANDERLEY, mat./SIAPE nº 529434, ocupante do cargo de Professor do Magistério Superior, classe Associado, nível 01, do quadro de pessoal da UFAL, com fundamento no art. 3º, incisos I, II e III e parágrafo único da EC nº 47, publicada no DOU de 06.07.05, c/c o art. 40, §18 da CRFB/88.</p><p class="assina">JOSÉ VIEIRA DA CRUZ</p><p class="identifica">PORTARIA Nº 321, DE 20 DE MARÇO DE 2018</p><p>O VICE-REITOR DA UNIVERSIDADE FEDERAL DE ALAGOAS, no uso das atribuições que lhe confere o § 1º do art. 15 do Estatuto da UFAL, aprovado pela Port. nº 4.067/MEC, de 29/12/03, resolve:</p><p>I-Dispensar Edivanio Duarte de Souza, Professor do Magistério Superior, mat./SIAPE nº 1323823, da função de Coordenador do Curso de Graduação em Biblioteconomia, do Campus Maceió/UFAL, cód. FCC-01, a partir do dia 08/02/18.</p><p>II-Designar Nelma Camêlo de Araujo, Professora do Magistério Superior, mat./SIAPE nº 1554182, da função de Coordenadora do Curso de Graduação em Biblioteconomia, do Campus Maceió/UFAL, cód. FCC-01, a partir do dia 08/02/18.</p><p>III-A presente portaria entrará em vigor na data de sua publicação.</p><p>IV-Homologar os atos praticados do novo coordenador do curso a partir do dia 08/02/18. (Proc. nº 23065.06340/18-22).</p><p class="assina">JOSÉ VIERA DA CRUZ</p><p class="identifica">PORTARIA Nº 347, DE 22 DE MARÇO DE 2018</p><p>O VICE-REITOR DA UNIVERSIDADE FEDERAL DE ALAGOAS, no uso das atribuições que lhe confere o § 1º, art. 15, do Estatuto da UFAL, aprovado pela Port. nº 4067/MEC, de 29.12.03, tendo em vista o que consta no Proc. nº 23065.005511/18-04, resolve:</p><p>Autorizar o afastamento de ALI GOLMAKANI, ocupante do cargo de Professor do Magistério Superior, mat./SIAPE nº 2093238, para realizar Pós-doutorado na Ferdowsi University of Mashhad, em Mashhad/Irã, no período de 15.07.18 a 14.07.19, com ônus limitado pela UFAL, de acordo com o art. 96-A da Lei nº 8.112/90 e o art. 30 da Lei nº 12.772/12.</p><p class="assina">JOSÉ VIEIRA DA CRUZ</p><p class="identifica">PORTARIAS DE 23 DE MARÇO DE 2018</p><p>O VICE-REITOR DA UNIVERSIDADE FEDERAL DE ALAGOAS, no uso das atribuições que lhe confere o § 1º do art. 15 do Estatuto da UFAL, aprovado pela Port. nº 4067/MEC, de 29/12/03, resolve:</p><p>Nº 352-I-Reconduzir IRACILDA MARIA DE MOURA LIMA, Professora do Magistério Superior, mat./SIAPE nº 1120609, no cargo de Diretora do ICBS, cód. CD-03.</p><p>II-Determinar o período de 02/04/18 a 02/04/22 para o presente mandado.</p><p>III-A presente portaria entrará em vigor a partir de 02/04/18. (Proc. nº 23065.005650/18-20).</p><p>Nº 353-I-Reconduzir RENATO SANTOS RODARTE, Professor do Magistério Superior, mat./SIAPE nº 1306075, na função de Vice-Diretor do ICBS, cód. FG-01.</p><p>II-Determinar o período de 02/04/18 a 02/04/22 para o presente mandado.</p><p>III-A presente portaria entrará em vigor a partir de 02/04/18. (Proc. nº 23065.005650/18-20).</p><p>Nº 355-I-Dispensar Thiago Mendonça de Aquino, Professor do Magistério Superior, mat./SIAPE nº 1366289, da função de Coordenador do Curso de Graduação em Química Industrial e Tecnológica/IQB, Campus Maceió/UFAL, cód. FCC-01.</p><p>II-Designar Andréa Pires Fernandes, Professor do Magistério Superior, mat./SIAPE nº 1852567, para exercer a função acima mencionada.</p><p>III-A presente portaria entrará em vigor na data de sua publicação.</p><p>IV-Homologar os atos praticados do novo coordenador do curso a partir do dia 15/12/17. (Proc. nº23065.040167/17-19).</p><p>Nº 362-I-Reconduzir CARLOS JACINTO DA SILVA, Professora do Magistério Superior, mat./SIAPE nº 1545463, no cargo de Diretor do IF, cód. CD-03.</p><p>II-Determinar o período de 02/04/18 a 02/04/22 para o presente mandado.</p><p>III-A presente portaria entrará em vigor a partir de 02/04/2018. (Proc. nº 23065.009555/18-03).</p><p>Nº 363-I-Reconduzir ELTON MALTA NASCIMENTO, Professor do Magistério Superior, mat./SIAPE nº 2512735, na função de Vice-Diretor do IF, cód. FG-01.</p><p>II-Determinar o período de 02/04/18 a 02/04/22 para o presente mandado.</p><p>III-A presente portaria entrará em vigor a partir de 02/04/18. (Proc. nº 23065.009555/18-03).</p><p class="assina">JOSÉ VIEIRA DA CRUZ</p>]]></Texto>
  </body>
</article></xml>