﻿<xml><article id="2345942" name="P238518" idOficio="4732037" pubName="DO2" artType="Portaria" pubDate="02/04/2018" artClass="00011:00129:00001:00000:00000:00000:00000:00000:00000:00000:00025:00005" artCategory="Ministério da Educação/Universidade Federal do Rio Grande do Sul/Reitoria" artSize="8" artNotes="" numberPage="34" pdfPage="http://pesquisa.in.gov.br/imprensa/jsp/visualiza/index.jsp?data=02/04/2018&amp;jornal=529&amp;pagina=34" editionNumber="62" highlight="" idMateria="10640912">
  <body>
    <Identifica><![CDATA[ PORTARIAS DE 29 DE MARO DE 2018]]></Identifica>
    <Data><![CDATA[]]></Data>
    <Ementa />
    <Titulo />
    <SubTitulo />
    <Texto><![CDATA[<p class="identifica">PORTARIAS DE 29 DE MARO DE 2018</p><p>A VICE-REITORA, NO EXERCÍCIO DA REITORIA DA UNIVERSIDADE FEDERAL DO RIO GRANDE DO SUL, no uso de suas atribuições legais e estatutárias, resolve:</p><p>N° 2.385 - Autorizar o afastamento do país de PAOLO RECH, Professor do Magistério Superior, lotado e em exercício no Departamento de Informática Aplicada do Instituto de Informática, com a finalidade de participar do "14th IEEE Workshop on Silicon Errors in Logic-System Effects", em Boston, Estados Unidos, no período compreendido entre 31/03/2018 e 07/04/2018, incluído trânsito, com ônus limitado. Solicitação nº 44913.</p><p>N° 2.386 - Autorizar o afastamento do país de PAULO ANTONIO ZAWISLAK, Professor do Magistério Superior, lotado e em exercício no Departamento de Ciências Administrativas da Escola de Administração, com a finalidade de participar da "27th International Conference on Management of Technology", em Birmingham, Inglaterra, no período compreendido entre 21/04/2018 e 27/04/2018, incluído trânsito, com ônus UFRGS (Pró-Reitoria de Pesquisa - diárias). Solicitação nº 34513.</p><p class="assina">JANE FRAGA TUTIKIAN</p>]]></Texto>
  </body>
</article></xml>