﻿<xml><article id="2343905" name="Portaria 26__095222" idOficio="4731721" pubName="DO2" artType="Portaria" pubDate="02/04/2018" artClass="00022:00037:00000:00000:00000:00000:00000:00000:00000:00000:00025:00001" artCategory="Ministério do Desenvolvimento Social/Secretaria Nacional de Segurança Alimentar e Nutricional" artSize="8" artNotes="" numberPage="61" pdfPage="http://pesquisa.in.gov.br/imprensa/jsp/visualiza/index.jsp?data=02/04/2018&amp;jornal=529&amp;pagina=61" editionNumber="62" highlight="" idMateria="10640424">
  <body>
    <Identifica><![CDATA[ PORTARIA Nº 26, DE 28 DE MARÇO DE 2018]]></Identifica>
    <Data><![CDATA[]]></Data>
    <Ementa />
    <Titulo />
    <SubTitulo />
    <Texto><![CDATA[<p class="identifica">PORTARIA Nº 26, DE 28 DE MARÇO DE 2018</p><p>O SECRETÁRIO NACIONAL DE SEGURANÇA ALIMENTAR E NUTRICIONAL DO MINISTÉRIO DO DESENVOLVIMENTO SOCIAL no uso das atribuições que lhe foram conferidas pela Portaria da Casa Civil da Presidência da República nº 974, de 7 de junho de 2016, resolve:</p><p>Art. 1º Constituir um Grupo de Trabalho Conjunto para acompanhar, avaliar, supervisionar, fiscalizar e qualificar a execução das compras institucionais e governamentais de arroz e seus derivados.</p><p>Art. 2º O Grupo de Trabalho de que trata o item anterior será composto por representantes, titulares e suplentes, dos seguintes órgãos e/ou instituições:</p><p>I - Secretaria Nacional de Segurança Alimentar e Nutricional do Ministério do Desenvolvimento Social:</p><p>a) Titular: José Paulo de Almeida,</p><p>b) Suplente: Hétel Leepkaln dos Santos</p><p>II - Federação das Associações de Arrozeiros do Rio Grande do Sul - FEDERARROZ:</p><p>a) Titular: Alexandre Azevedo Velho</p><p>b) Suplente: Lívia Pinzon de Carvalho</p><p>III - Instituto Riograndense de Arroz do Rio Grande do Sul:</p><p>a) Titular: Tiago Barata</p><p>b) Suplente: José Carlos Pires</p><p>Art. 3º Esta Portaria entra em vigar na data de sua publicação.</p><p class="assina">CAIO TIBÉRIO DORNELLES DA ROCHA</p>]]></Texto>
  </body>
</article></xml>