﻿<xml><article id="2344546" name="Publicacao DOU secao 2__104937" idOficio="4731817" pubName="DO2" artType="Portaria" pubDate="02/04/2018" artClass="00011:00116:00021:00004:00000:00000:00000:00000:00000:00000:00025:00001" artCategory="Ministério da Educação/Universidade Federal de Itajubá/Pró-Reitoria de Administração/Departamento de Pessoal" artSize="8" artNotes="" numberPage="32" pdfPage="http://pesquisa.in.gov.br/imprensa/jsp/visualiza/index.jsp?data=02/04/2018&amp;jornal=529&amp;pagina=32" editionNumber="62" highlight="" idMateria="10640535">
  <body>
    <Identifica><![CDATA[ PORTARIA Nº 492, DE 29 DE MARÇO DE 2018]]></Identifica>
    <Data><![CDATA[]]></Data>
    <Ementa />
    <Titulo />
    <SubTitulo />
    <Texto><![CDATA[<p class="identifica">PORTARIA Nº 492, DE 29 DE MARÇO DE 2018</p><p>A Diretora de Pessoal da UNIVERSIDADE FEDERAL DE ITAJUBÁ, no uso da competência que lhe foi delegada pelo Magnífico Reitor, conforme Portaria nº 1.126, de 28/06/2017, publicada no DOU de 29/06/2017, e de acordo com o que consta no Memorando Eletrônico nº 231/2018 - RT, de 23/03/2018, resolve:</p><p>DESIGNAR, a partir de 02/04/2018, a servidora LETÍCIA FERNANDES COSTA, matrícula SIAPE nº 2407153, para exercer a função de Secretária da Reitoria. Código: FG-1.</p><p class="assina">Rita de Cássia Guimarães Araujo</p>]]></Texto>
  </body>
</article></xml>