﻿<xml><article id="2345098" name="EXTRATO DE PORTARIA-APOSENTADORI" idOficio="4731899" pubName="DO2" artType="Portaria" pubDate="02/04/2018" artClass="00007:00003:00052:00000:00000:00000:00000:00000:00000:00000:00025:00001" artCategory="Ministério da Agricultura, Pecuária e Abastecimento/Secretaria Executiva/Superintendência Federal no Estado do Acre" artSize="8" artNotes="" numberPage="5" pdfPage="http://pesquisa.in.gov.br/imprensa/jsp/visualiza/index.jsp?data=02/04/2018&amp;jornal=529&amp;pagina=5" editionNumber="62" highlight="" idMateria="10640644">
  <body>
    <Identifica><![CDATA[ PORTARIA Nº 24, DE 28 DE MARÇO DE 2018]]></Identifica>
    <Data><![CDATA[]]></Data>
    <Ementa />
    <Titulo />
    <SubTitulo />
    <Texto><![CDATA[<p class="identifica">PORTARIA Nº 24, DE 28 DE MARÇO DE 2018</p><p>O SUPERINTENDENTE FEDERAL DE AGRICULTURA, PECUÁRIA E ABASTECIMENTO NO ESTADO DO ACRE, no uso da competência delegada no Regimento Interno das SFA, aprovado pela Portaria Ministerial nº 428/2010, de 09.06.10, publicada no DOU de 14.06.10, art. 44, item XVIII e o que consta do processo nº 21004.000179/2018-72, resolve:</p><p>Conceder aposentadoria voluntária, com proventos integrais, ao servidor AUGUSTO JORGE SIMÕES E SILVA, mat. SIAPE nº 22499, ocupante do cargo efetivo de Auditor Fiscal Federal Agropecuário, Classe S, Padrão IV, pertencente ao Quadro de Pessoal deste Ministério, com fundamento na E. C. nº 47/2005, art. 3º.</p><p class="assina">FRANCISCO LUZIEL CUNHA DE CARVALHO</p>]]></Texto>
  </body>
</article></xml>