﻿<xml><article id="2347789" name="PT 20 SOGP UBERLANDIA" idOficio="4732109" pubName="DO2" artType="Portaria" pubDate="02/04/2018" artClass="00022:00029:00240:00023:00015:00000:00000:00000:00000:00000:00025:00008" artCategory="Ministério do Desenvolvimento Social/Instituto Nacional do Seguro Social/Superintendência Regional Sudeste II em Belo Horizonte/Gerência Executiva - B - Uberlândia/Seção Operacional  de Gestão de Pessoas" artSize="8" artNotes="" numberPage="59" pdfPage="http://pesquisa.in.gov.br/imprensa/jsp/visualiza/index.jsp?data=02/04/2018&amp;jornal=529&amp;pagina=59" editionNumber="62" highlight="" idMateria="10641066">
  <body>
    <Identifica><![CDATA[ PORTARIA Nº 20, DE 28 de março de 2018]]></Identifica>
    <Data><![CDATA[]]></Data>
    <Ementa />
    <Titulo />
    <SubTitulo />
    <Texto><![CDATA[<p class="identifica">PORTARIA Nº 20, DE 28 de março de 2018</p><p>O CHEFE DA SEÇÃO OPERACIONAL DE GESTÃO DE PESSOAS DA GERÊNCIA EXECUTIVA DO INSS EM UBERLÂNDIA-MG, por delegação atribuída pelo artigo 235, do Regimento Interno do INSS, aprovado pela Portaria/MDS nº 414 de 28 de setembro de 2017, publicada no DOU nº 188-A de 29 de setembro de 2017, Seção I, e tendo em vista o processo nº 35162.000423/2018-99, resolve:</p><p>Conceder aposentadoria voluntária à servidora GLADYS DÉBORA GOULART MELO, matrícula SIAPE 0892375, CPF 431.590.796-00, ocupante do cargo de Técnico do Seguro Social, Classe "S", padrão "IV", do Quadro de Pessoal do Instituto Nacional do Seguro Social/INSS, com fundamento no art. 3º da Emenda Constitucional nº 47, de 05/07/2005, com proventos integrais e demais vantagens a que faz jus.</p><p>Declarar vago o referido cargo.</p><p class="assina">VANDEIR FERREIRA DA COSTA</p>]]></Texto>
  </body>
</article></xml>