﻿<xml><article id="2345888" name="PORTARIA SE 198 - VASTE JULIEN" idOficio="4732029" pubName="DO2" artType="Portaria" pubDate="02/04/2018" artClass="00026:00002:00000:00000:00000:00000:00000:00000:00000:00000:00025:00003" artCategory="Ministério do Planejamento, Desenvolvimento e Gestão/Secretaria Executiva" artSize="8" artNotes="" numberPage="63" pdfPage="http://pesquisa.in.gov.br/imprensa/jsp/visualiza/index.jsp?data=02/04/2018&amp;jornal=529&amp;pagina=63" editionNumber="62" highlight="" idMateria="10640904">
  <body>
    <Identifica><![CDATA[ PORTARIA Nº 198, DE 29 DE MARÇO DE 2018]]></Identifica>
    <Data><![CDATA[]]></Data>
    <Ementa />
    <Titulo />
    <SubTitulo />
    <Texto><![CDATA[<p class="identifica">PORTARIA Nº 198, DE 29 DE MARÇO DE 2018</p><p>O SECRETÁRIO-EXECUTIVO DO MINISTÉRIO DO PLANEJAMENTO, DESENVOLVIMENTO E GESTÃO, no uso da competência que lhe foi delegada pela Portaria MP nº 381, de 16 de novembro de 2017, publicada no Diário Oficial da União - DOU, de 17 de novembro de 2017, em conformidade com o disposto no inciso II do art. 93 da Lei nº 8.112, de 11 de dezembro de 1990, com redação dada pelo art. 22 da Lei no8.270, de 17 de dezembro de 1991, no Decreto nº 9.144, de 22 de agosto de 2017, na Medida Provisória nº 817, de 4 de janeiro de 2018, na Lei Complementar nº 73, de 10 de fevereiro de 1993, e na Orientação Normativa SEGEP/MP nº 4, de 12 de junho 2015, publicada no DOU de 15 de junho de 2015, e demais informações que constam do Processo nº 03154.000591/2018-97, resolve:</p><p>Art. 1º Autorizar a requisição da servidora VASTE JULIEN, matrícula SIAPE nº 2298368, oriunda do ex-Território Federal de Rondônia, pertencente ao Quadro em Extinção da União, para exercer suas atividades junto à Advocacia Geral da União - Procuradoria da União no Estado de Rondônia.</p><p>Art. 2º O ônus pela remuneração é do órgão requisitado.</p><p>Art. 3º A servidora deverá apresentar-se imediatamente ao órgão de origem ao término da requisição, observado o disposto nos arts. 4º e 6º da Orientação Normativa SEGEP nº 4, de 2015.</p><p>Art. 4º Esta Portaria entra em vigor na data de sua publicação.</p><p class="assina">ESTEVES PEDRO COLNAGO JUNIOR</p>]]></Texto>
  </body>
</article></xml>