﻿<xml><article id="2347942" name="PT 21 SOGP CRICIUMA" idOficio="4732109" pubName="DO2" artType="Portaria" pubDate="02/04/2018" artClass="00022:00029:00241:00006:00020:00000:00000:00000:00000:00000:00025:00010" artCategory="Ministério do Desenvolvimento Social/Instituto Nacional do Seguro Social/Superintendência Regional Sul em Florianópolis/Gerência Executiva - B - Criciúma/Seção Operacional da Gestão de Pessoas" artSize="8" artNotes="" numberPage="60" pdfPage="http://pesquisa.in.gov.br/imprensa/jsp/visualiza/index.jsp?data=02/04/2018&amp;jornal=529&amp;pagina=60" editionNumber="62" highlight="" idMateria="10641068">
  <body>
    <Identifica><![CDATA[ PORTARIA Nº 21, DE 29 DE MARÇO DE 2018 ]]></Identifica>
    <Data><![CDATA[]]></Data>
    <Ementa />
    <Titulo />
    <SubTitulo />
    <Texto><![CDATA[<p class="identifica">PORTARIA Nº 21, DE 29 DE MARÇO DE 2018</p><p>A CHEFE DA SEÇÃO OPERACIONAL DA GESTÃO DE PESSOAS DA GERÊNCIA EXECUTIVA DO INSS EM CRICIÚMA/SC, no uso das atribuições que lhe confere o artigo 235, do Regimento Interno desta autarquia, aprovado pela Portaria PT/MDS nº 414, de 28 de setembro de 2017, publicada no Diário Oficial da União nº 188-A, de 29 de setembro de 2017, resolve:</p><p>Conceder aposentadoria voluntária integral a servidora MARIA REGINA VICENTE TOURNIER matrícula SIAPE nº 574283, ocupante do cargo de Técnico do Seguro Social, código 434550, nível "NI", classe "S", padrão "IV", do quadro de pessoal do INSS, com fundamento no art. 3º da Emenda Constitucional nº 47, de 5 de julho de 2005, observado o contido no processo nº 35344.000046/2018-50, declarando, em consequência, o referido cargo vago.</p><p class="assina">TEREZINHA DE JESUS MENDONÇA DE MORAES</p>]]></Texto>
  </body>
</article></xml>