﻿<xml><article id="2345618" name="Edital 23_DEPEX" idOficio="4731991" pubName="DO2" artType="Edital" pubDate="02/04/2018" artClass="00099:00026:00034:00187:00475:00000:00000:00000:00000:00000:00000:00021:00001" artCategory="Editais e Avisos" artSize="12" artNotes="" numberPage="92" pdfPage="http://pesquisa.in.gov.br/imprensa/jsp/visualiza/index.jsp?data=02/04/2018&amp;jornal=529&amp;pagina=92" editionNumber="62" highlight="" idMateria="10640858">
  <body>
    <Identifica><![CDATA[ EDITAL  Nº 23, DE 28 DE MARÇO DE 2018SUSPENSÃO DE PAGAMENTO]]></Identifica>
    <Data><![CDATA[]]></Data>
    <Ementa />
    <Titulo />
    <SubTitulo />
    <Texto><![CDATA[<p class="identifica">EDITAL Nº 23, DE 28 DE MARÇO DE 2018SUSPENSÃO DE PAGAMENTO</p><p>O COORDENADOR-GERAL DE GESTÃO DE ESTATUTÁRIOS, SUBSTITUTO, DO DEPARTAMENTO DE ÓRGÃOS EXTINTOS E DE GESTÃO DE FOLHA DE PAGAMENTO DO MINISTÉRIO DO PLANEJAMENTO, DESENVOLVIMENTO E GESTÃO, no uso da competência que lhe foi delegada pelas Portarias DEPEX/SGP nº 141, de 16 de março de 2015, nº 759, de 4 de setembro de 2017, e nº 975, de 26 de Janeiro de 2018, em conformidade com as disposições contidas no Decreto nº 7.862, de 8 de dezembro de 2012, na Portaria GM/MP nº 8, de 28 novembro de 2016, e na Orientação Normativa SEGEP/MP nº 1, de 2 de janeiro de 2017, resolve:</p><p>1. Tornar pública a relação dos aposentados, reformados e pensionistas, que tiveram o pagamento dos proventos, benefícios de pensão suspensos, por motivo de não atendimento à convocação e respectiva notificação para realizar o recadastramento anual, no mês de dezembro de 2017, em relação às Unidades Pagadoras nº s 001,002,003 do Órgão 40805:</p><p></p><table><tr /><tr><td><p>CPF</p></td><td><p>NOME</p></td><td><p>VÍNCULO</p></td></tr><tr><td><p>055.755.757-72</p></td><td><p>HELOIN TORRES PORTALEZ DE ALMEIDA</p></td><td><p>Aposentado</p></td></tr><tr><td><p>527.885.047-72</p></td><td><p>ALBA SUELY LIRIO</p></td><td><p>Pensionista</p></td></tr><tr><td><p>580.058.897-04</p></td><td><p>ANALIA VENINA DE ALMEIDA</p></td><td><p>Pensionista</p></td></tr><tr><td><p>034.412.647-11</p></td><td><p>AYDEE RIBEIRO BORGES</p></td><td><p>Pensionista</p></td></tr><tr><td><p>983.615.467-15</p></td><td><p>CARLA CRISTINA DASILVA MELO</p></td><td><p>Pensionista</p></td></tr><tr><td><p>032.198.627-05</p></td><td><p>CARLA GONCALVES DE CARVALHO</p></td><td><p>Pensionista</p></td></tr><tr><td><p>731.358.797-04</p></td><td><p>DENISE DA CUNHA DE ASSUNCAO</p></td><td><p>Pensionista</p></td></tr><tr><td><p>742.053.317-20</p></td><td><p>DENYSE TONASSI DE ALMEIDA</p></td><td><p>Pensionista</p></td></tr><tr><td><p>066.593.737-72</p></td><td><p>EDNA FELICIANA DE OLIVEIRA SANTANA</p></td><td><p>Pensionista</p></td></tr><tr><td><p>593.601.787-72</p></td><td><p>EUNICE VIANNA</p></td><td><p>Pensionista</p></td></tr><tr><td><p>013.602.617-61</p></td><td><p>FATIMA ROSA SOUZA SILVA</p></td><td><p>Pensionista</p></td></tr><tr><td><p>870.530.987-53</p></td><td><p>GEORGELINA DE SOUZA FERREIRA</p></td><td><p>Pensionista</p></td></tr><tr><td><p>373.011.607-04</p></td><td><p>GEORGINA GOTIERRE DO ESPIRITO SANTO</p></td><td><p>Pensionista</p></td></tr><tr><td><p>135.335.767-87</p></td><td><p>GERTRUDES DE MELLO CASSIANO DA COSTA</p></td><td><p>Pensionista</p></td></tr><tr><td><p>141.410.908-32</p></td><td><p>ISOLINA MORAIS TAVARES</p></td><td><p>Pensionista</p></td></tr><tr><td><p>020.879.397-64</p></td><td><p>JOELMA MARIA DAMASCENO</p></td><td><p>Pensionista</p></td></tr><tr><td><p>594.773.937-20</p></td><td><p>JUPIRA DE OLIVEIRA CORREIA</p></td><td><p>Pensionista</p></td></tr><tr><td><p>898.756.997-72</p></td><td><p>JUREMA BRAGA FERREIRA</p></td><td><p>Pensionista</p></td></tr><tr><td><p>404.512.407-15</p></td><td><p>JUREMA DOS SANTOS ALMEIDA</p></td><td><p>Pensionista</p></td></tr><tr><td><p>086.711.287-50</p></td><td><p>LAURINDA ALBUQUERQUE MARQUES</p></td><td><p>Pensionista</p></td></tr><tr><td><p>878.816.087-49</p></td><td><p>LUCIENNE SOUZA DE ARAUJO</p></td><td><p>Pensionista</p></td></tr><tr><td><p>870.778.257-87</p></td><td><p>MARCIA PEREIRA DA SILVA</p></td><td><p>Pensionista</p></td></tr><tr><td><p>870.778.257-87</p></td><td><p>MARCIA PEREIRA DA SILVA</p></td><td><p>Pensionista</p></td></tr><tr><td><p>000.154.627-90</p></td><td><p>MARIA APARECIDA RIBEIRO DA SILVA</p></td><td><p>Pensionista</p></td></tr><tr><td><p>159.547.788-84</p></td><td><p>MARIA AUXILIADORA DE SOUZA OLIVEIRA</p></td><td><p>Pensionista</p></td></tr><tr><td><p>850.871.227-87</p></td><td><p>MARIA DE LOURDES PAZ BOTTINO</p></td><td><p>Pensionista</p></td></tr><tr><td><p>632.566.817-00</p></td><td><p>MARIALVA FERREIRA DE ALMEIDA</p></td><td><p>Pensionista</p></td></tr><tr><td><p>035.565.777-55</p></td><td><p>MONICA CRISTINA DE LIMA BARBOSA</p></td><td><p>Pensionista</p></td></tr><tr><td><p>778.204.527-49</p></td><td><p>NELLY MILAN COUTO DOS SANTOS</p></td><td><p>Pensionista</p></td></tr><tr><td><p>027.200.127-93</p></td><td><p>NEUZA CORREIA DE OLIVEIRA</p></td><td><p>Pensionista</p></td></tr><tr><td><p>484.054.697-53</p></td><td><p>REGINA CELIA MOREIRA SOARES</p></td><td><p>Pensionista</p></td></tr><tr><td><p>400.122.987-00</p></td><td><p>RITA DA SILVA GOMES</p></td><td><p>Pensionista</p></td></tr><tr><td><p>032.811.527-40</p></td><td><p>ROSANA CARVALHO EMILIANO</p></td><td><p>Pensionista</p></td></tr><tr><td><p>028.298.387-26</p></td><td><p>SANDRA DE CARVALHO FABIANO DA SILVA</p></td><td><p>Pensionista</p></td></tr><tr><td><p>392.385.047-68</p></td><td><p>SHIRLEY GOMES DA MOTA</p></td><td><p>Pensionista</p></td></tr><tr><td><p>807.278.917-15</p></td><td><p>SONIA REGINA DA SILVA MOREIRA</p></td><td><p>Pensionista</p></td></tr><tr><td><p>335.223.327-68</p></td><td><p>SUELI DO NASCIMENTO TRINDADE</p></td><td><p>Pensionista</p></td></tr><tr><td><p>480.064.247-72</p></td><td><p>ZILMA DA COSTA BRETAS</p></td><td><p>Pensionista</p></td></tr></table><p>2. O restabelecimento do pagamento dos proventos e dos benefícios de pensão fica condicionado ao recadastramento, mediante comparecimento pessoal do (a) interessado (a) às unidades de recursos humanos, portando a documentação estabelecida nos arts. 5º e 6º da ON SEGEP nº 1, de 2013, nos seguintes endereços: Coordenação -Geral de Gestão de Estatutários: SAUN Quadra 3 Lote "A" - Ed. Núcleo dos Transportes, 2º andar, Sala nº 2168 - Brasília / DF, CEP 70040-902 - Telefone: (61) 2020-2996;</p><p>Coordenação de Atendimento no Estado do Rio de Janeiro: Av. Presidente Antônio Carlos, 375 - 5º Andar Salas 521/527 - Centro - Rio de Janeiro / RJ, CEP 20020-010 - Telefones: (21) 3805-3550 - 3805-3551;</p><p>3. Na hipótese de moléstia grave ou de impossibilidade de locomoção do (a) aposentado (a) ou pensionista, deverá ser solicitada visita técnica, por meio do telefone (21) 3805-3551, para comprovação de vida do titular do benefício, ficando o pagamento restabelecido provisoriamente, até que seja realizada a visita técnica.</p><p class="assina">AMADO JOSÉ BUENO NETTO</p>]]></Texto>
  </body>
</article></xml>