﻿<xml><article id="2345504" name="CORREIO ELETRONICO PROGEP - 029." idOficio="4731974" pubName="DO2" artType="Portaria" pubDate="02/04/2018" artClass="00011:00104:00722:00000:00000:00000:00000:00000:00000:00000:00025:00003" artCategory="Ministério da Educação/Universidade Federal de Alagoas/Reitoria/Pró-Reitoria de Gestão de Pessoas e do Trabalho" artSize="8" artNotes="" numberPage="31" pdfPage="http://pesquisa.in.gov.br/imprensa/jsp/visualiza/index.jsp?data=02/04/2018&amp;jornal=529&amp;pagina=31" editionNumber="62" highlight="" idMateria="10640807">
  <body>
    <Identifica><![CDATA[ PORTARIAS DE 26 DE MARÇO DE 2018]]></Identifica>
    <Data><![CDATA[]]></Data>
    <Ementa />
    <Titulo />
    <SubTitulo />
    <Texto><![CDATA[<p class="identifica">PORTARIAS DE 26 DE MARÇO DE 2018</p><p>A PRÓ-REITORA DE GESTÃO DE PESSOAS E DO TRABALHO DA UNIVERSIDADE FEDERAL DE ALAGOAS, no uso das atribuições legais contidas na Delegação de Competência constante na Port. 205/GR, de 28/02/18, resolve:</p><p>Nº 254-I-Dispensar ANTONIO JOSÉ ORNELLAS FARIAS, Professor do Magistério Superior, mat./SIAPE nº 1120059, da função de Coordenador da Usina Ciência/UFAL, cód. FG-01.</p><p>II-Designar REINALDO AUGUSTO FERREIRA RODRIGUES, Professor do Magistério Superior, mat./SIAPE 2121210, para exercer pro tempore a função supracitada.</p><p>III-A presente designação entrará em vigor a partir da data de publicação desta portaria. (Proc. nº 23065.010124/18-81).</p><p>Nº 256-I-Dispensar GEORGINA MARIA DE OMENA BOMFIM, Assistente em Administração, mat./SIAPE nº 1800021, da função de Assessor Especial da PROGINST, cód. FG-01.</p><p>II-Designar ALINE MONTEIRO DAMASCENO, Assistente em Administração, mat./SIAPE 1466482, para exercer a função supracitada.</p><p>III-A presente designação entrará em vigor a partir da data de publicação desta portaria. (Proc. nº 23065.010195/18-84).</p><p class="assina">CAROLINA GONÇALVES DE ABREU VALENÇA</p><p class="identifica">RETIFICAÇões</p><p>Na Port. nº 222/PROGEP, publicada no BP nº 54, em 23/03/18 e no DOU de 21/03/18, seção 2, pág. 27, que dispensou ROBERTO FERNANDO DA FONSECA LYRA e Designou DJANE FONSECA DA SILVA na função de Vice-Diretor do ICAT, onde se lê "III - A presente designação entrará em vigor a partir da data de publicação desta portaria", leia-se "III - A presente designação entrará em vigor a partir de 02/04/18".</p><p>Na Port. nº 226/PROGEP, publicada no BP nº 54, em 23/03/18 e no DOU de 21/03/18, seção 2, pág. 27, que dispensou FRANCISCO JOSE PEIXOTO ROSARIO e Designou CID OLIVAL FEITOSA na função de Vice-Diretor da FEAC, onde se lê "III - A presente designação entrará em vigor a partir da data de publicação desta portaria", leia-se "III - A presente designação entrará em vigor a partir de 02/04/18".</p>]]></Texto>
  </body>
</article></xml>