﻿<xml><article id="2344118" name="Port SAMF-SC N. 55 - 28.03.2018" idOficio="4731741" pubName="DO2" artType="Portaria" pubDate="02/04/2018" artClass="00012:00002:00012:00035:00000:00000:00000:00000:00000:00000:00025:00001" artCategory="Ministério da Fazenda/Secretaria Executiva/Subsecretaria de Planejamento, Orçamento e Administração/Superintendência de Administração em Santa Catarina" artSize="8" artNotes="" numberPage="40" pdfPage="http://pesquisa.in.gov.br/imprensa/jsp/visualiza/index.jsp?data=02/04/2018&amp;jornal=529&amp;pagina=40" editionNumber="62" highlight="" idMateria="10640231">
  <body>
    <Identifica><![CDATA[ PORTARIA Nº 55, DE 28 DE MARÇO DE 2018 ]]></Identifica>
    <Data><![CDATA[]]></Data>
    <Ementa />
    <Titulo />
    <SubTitulo />
    <Texto><![CDATA[<p class="identifica">PORTARIA Nº 55, DE 28 DE MARÇO DE 2018</p><p>O SUPERINTENDENTE DE ADMINISTRAÇÃO DO MINISTÉRIO DA FAZENDA NO ESTADO DE SANTA CATARINA, no uso das atribuições que lhe confere o art. 86, inciso XI, da Portaria nº 144, de 27.04.2016, DOU de 29.04.2016 do Ministro de Estado da Fazenda e a Portaria SRF nº 1671 de 16.06.05, DOU de 20.06.05, por delegação de competência resolve:</p><p>Conceder aposentadoria voluntária, com proventos integrais a LUIZ ALBERTO LAZZAROTTO, matricula SIAPECAD nº 859901, matricula SIAPE nº 929288, ocupante do cargo de Técnico do Seguro Social, NI, Classe S, Padrão VI, lotado na DRF/Joaçaba/SC e em exercício na ARF/Videira/SC, com fundamento no Art. 3º, seus incisos I a III e parágrafo único da Emenda Constitucional nº 47, publicada no DOU 06/07/2005. (Processo nº. 10925-720.453/2018-15). Publique-se.</p><p class="assina">ANDRE LUIZ SANTANA FERRARI</p>]]></Texto>
  </body>
</article></xml>