﻿<xml><article id="2347819" name="PT 27, 27 A 43, 46 A 50 SOGP VIT" idOficio="4732109" pubName="DO2" artType="Portaria" pubDate="02/04/2018" artClass="00022:00029:00240:00005:00035:00003:00000:00000:00000:00000:00025:00016" artCategory="Ministério do Desenvolvimento Social/Instituto Nacional do Seguro Social/Superintendência Regional Sudeste II em Belo Horizonte/Gerência Executiva - A - Vitória/Serviço de Administração/Seção Operacional da Gestão de Pessoas" artSize="8" artNotes="" numberPage="58" pdfPage="http://pesquisa.in.gov.br/imprensa/jsp/visualiza/index.jsp?data=02/04/2018&amp;jornal=529&amp;pagina=58" editionNumber="62" highlight="" idMateria="10641074">
  <body>
    <Identifica><![CDATA[ PORTARIAS DE 29 DE MARÇO DE 2018]]></Identifica>
    <Data><![CDATA[]]></Data>
    <Ementa />
    <Titulo />
    <SubTitulo />
    <Texto><![CDATA[<p class="identifica">PORTARIAS DE 29 DE MARÇO DE 2018</p><p>O CHEFE DA SEÇÃO OPERACIONAL DE GESTÃO DE PESSOAS DA GERENCIA-EXECUTIVA DO INSTITUTO NACIONAL DO SEGURO SOCIAL (INSS) EM VITORIA/ES, no uso das atribuições conferidas pelo Art. 235, Inciso "I", alínea "b", do Regimento Interno do INSS, aprovado pela Portaria MDS/GM nº 414, de 28/09/2017, publicada no DOU Edição Extra nº 188-A, de 29/09/2017, e por competência delegada pela PT/INSS/GEXVIT nº 62, de 17/06/2015, BSL nº 113, de 17/06/2015, resolve:</p><p>Nº 27 - Conceder Aposentadoria a servidora Maria do Carmo Santa Clara Guimarães, matricula Siape nº 0887425, ocupante do cargo de Técnico do Seguro Social, código 434.550, nível "NI", classe "S", padrão IV, do quadro de Pessoal do Instituto Nacional do Seguro Social, com fundamento no artigo 3º da Emenda Constitucional nº 47/2005, com proventos integrais, acrescido das demais vantagens a que faz jus. Processo nº 35059.000041/2018-42</p><p>Nº 37 - Conceder Aposentadoria ao servidor Carlos Alberto Cristo da Conceição, matricula Siape nº 0886821, ocupante do cargo de Agente de Serviços Diversos, código 434.552, nível "NI", classe "S", padrão IV, do quadro de Pessoal do Instituto Nacional do Seguro Social, com fundamento no artigo 3º da Emenda Constitucional nº 47/2005, com proventos integrais, acrescido das demais vantagens a que faz jus. Processo nº 35059.000094/2018-63.</p><p>Nº 38 - Conceder Aposentadoria a servidora Domitila Brunow Correia, matricula Siape nº 0886951, ocupante do cargo de Datilografo, código 434.078, nível "NI", classe "S", padrão IV, do quadro de Pessoal do Instituto Nacional do Seguro Social, com fundamento no artigo 3º da Emenda Constitucional nº 47/2005, com proventos integrais, acrescido das demais vantagens a que faz jus. Processo nº 35059.000570/2017-65.</p><p>Nº 39 - Conceder Aposentadoria a servidora Eli Alves Vieira, matricula Siape nº 0887586, ocupante do cargo de Técnico do Seguro Social, código 434.550, nível "NI", classe "S", padrão IV, do quadro de Pessoal do Instituto Nacional do Seguro Social, com fundamento no artigo 3º da Emenda Constitucional nº 47/2005, com proventos integrais, acrescido das demais vantagens a que faz jus. Processo nº 35059.000622/2017-01.</p><p>Nº 40 - Conceder Aposentadoria a servidora Lucia Maria Freitas de Assis, matricula Siape nº 0544225, ocupante do cargo de Técnico do Seguro Social, código 434.550, nível "NI", classe "S", padrão IV, do quadro de Pessoal do Instituto Nacional do Seguro Social, com fundamento no artigo 3º da Emenda Constitucional nº 47/2005, com proventos integrais, acrescido das demais vantagens a que faz jus. Processo nº 35059.000579/2017-76.</p><p>Nº 41 - Conceder Aposentadoria a servidora Simone Leal, matricula Siape nº 0887566, ocupante do cargo de Técnico do Seguro Social, código 434.550, nível "NI", classe "S", padrão IV, do quadro de Pessoal do Instituto Nacional do Seguro Social, com fundamento no artigo 3º da Emenda Constitucional nº 47/2005, com proventos integrais, acrescido das demais vantagens a que faz jus. Processo nº 35059.000007/2018-78.</p><p>Nº 42 - Conceder Aposentadoria a servidora Sidleia Bitti dos Santos, matricula Siape nº 0887614, ocupante do cargo de Administrador, código 434.009, nível "NS", classe "S", padrão IV, do quadro de Pessoal do Instituto Nacional do Seguro Social, com fundamento no artigo 3º da Emenda Constitucional nº 47/2005, com proventos integrais, acrescido das demais vantagens a que faz jus. Processo nº 35059.000033/2018-04.</p><p>Nº 43 - Conceder Aposentadoria ao servidor Orlando Dalto, matricula Siape nº 0947361, ocupante do cargo de Técnico de Serviços Diversos, código 434.551, nível "NI", classe "S", padrão IV, do quadro de Pessoal do Instituto Nacional do Seguro Social, com fundamento no artigo 3º da Emenda Constitucional nº 47/2005, com proventos integrais, acrescido das demais vantagens a que faz jus. Processo nº 35059.000017/2018-11.</p><p>Nº 46 - Conceder Aposentadoria a servidora Léa Ribeiro Dantas, matricula Siape nº 1564023, ocupante do cargo de Técnico do Seguro Social, código 434.550, nível "NI", classe "C", padrão III, do quadro de Pessoal do Instituto Nacional do Seguro Social, com fundamento no Art. 40, § 1º, inciso III, alínea "A" da Constituição Federal, com Redação dada pela Emenda Constitucional nº 41/2003, na base de cálculo do Art. 1º da Lei nº 10.887/2004 a que faz jus. Processo nº 35059.000589/2017-10.</p><p>Nº 47 - Conceder Aposentadoria a servidora Maria Beatriz Saiter Garschagen, matricula Siape nº 0545402, ocupante do cargo de Assistente Social, código 434.017, nível "NS", classe "S", padrão IV, do quadro de Pessoal do Instituto Nacional do Seguro Social, com fundamento no artigo 3º da Emenda Constitucional nº 47/2005, com proventos integrais, acrescido das demais vantagens a que faz jus. Processo nº 35059.000082/2018-39.</p><p>Nº 48 - Conceder Aposentadoria a servidora Maria Madalena Santana, matricula Siape nº 0887488, ocupante do cargo de Técnico do Seguro Social, código 434.550, nível "NI", classe "S", padrão IV, do quadro de Pessoal do Instituto Nacional do Seguro Social, com fundamento no artigo 3º da Emenda Constitucional nº 47/2005, com proventos integrais, acrescido das demais vantagens a que faz jus. Processo nº 35059.000118/2018-84.</p><p>Nº 49 - Conceder Aposentadoria ao servidor Alexandre Moure de Ataide, matricula Siape nº 0887239, ocupante do cargo de Técnico Comunicação Social - Jornalista, código 434.190, nível "NS", classe "S", padrão IV, do quadro de Pessoal do Instituto Nacional do Seguro Social, com fundamento no artigo 3º da Emenda Constitucional nº 47/2005, com proventos integrais, acrescido das demais vantagens a que faz jus. Processo nº 35059.000003/2018-90.</p><p>Nº 50 - Conceder Aposentadoria ao servidor Etienne Zandomenico, matricula Siape nº 0886931, ocupante do cargo de Técnico do Seguro Social, código 434.550, nível "NI", classe "S", padrão IV, do quadro de Pessoal do Instituto Nacional do Seguro Social, com fundamento no artigo 3º da Emenda Constitucional nº 47/2005, com proventos integrais, acrescido das demais vantagens a que faz jus. Processo nº 35059.000592/2017-25.</p><p class="assina">TELMA ELITA SIQUEIRA COUTINHO</p>]]></Texto>
  </body>
</article></xml>