﻿<xml><article id="2344501" name="PT 22 MARINGA" idOficio="4731806" pubName="DO2" artType="Portaria" pubDate="02/04/2018" artClass="00022:00029:00241:00016:00018:00000:00000:00000:00000:00000:00025:00005" artCategory="Ministério do Desenvolvimento Social/Instituto Nacional do Seguro Social/Superintendência Regional Sul em Florianópolis/Gerência Executiva - B - em Maringá/Seção Operacional da Gestão de Pessoas" artSize="8" artNotes="" numberPage="60" pdfPage="http://pesquisa.in.gov.br/imprensa/jsp/visualiza/index.jsp?data=02/04/2018&amp;jornal=529&amp;pagina=60" editionNumber="62" highlight="" idMateria="10640555">
  <body>
    <Identifica><![CDATA[ PORTARIA Nº 22,  DE 29 DE MARÇO DE 2018]]></Identifica>
    <Data><![CDATA[]]></Data>
    <Ementa />
    <Titulo />
    <SubTitulo />
    <Texto><![CDATA[<p class="identifica">PORTARIA Nº 22, DE 29 DE MARÇO DE 2018</p><p>O Chefe da Seção Operacional da Gestão de Pessoas, da Gerência Executiva do INSS em Maringá - Paraná, no uso das atribuições conferidas pelo Art. 235 do Regimento Interno do INSS, aprovado pela Portaria MPS nº 414, de 28/09/2017, publicada no DOU Edição Extra nº 188-A, de 29/9/2017, Seção 1 c/c o Art. 7º da Orientação Normativa SEGEP/MP nº 04, de 21/02/2013, e tendo em vista o que consta do processo nº 35195.000854/2018-78, resolve:</p><p>Art. 1º Conceder aposentadoria voluntária integral a servidora CÉLIA REGINA BORGES DA SILVA matrícula SIAPE 0901130, ocupante do cargo de Agente de Serviços Diversos - 434552, NI, Classe S, Padrão IV, do quadro de pessoal do Instituto Nacional do Seguro Social, com fundamento no artigo 3º da Emenda Constitucional nº 47/2005, com proventos mensais correspondentes a citada Classe e Padrão, e demais vantagens que faz jus.</p><p>Art. 2º Por consequência, declarar vago o referido cargo.</p><p>Art. 3º Esta Portaria entra em vigor na data de sua publicação.</p><p class="assina">JULIANA CARNIATO DE OLIVEIRA</p><p class="cargo">Substituta</p>]]></Texto>
  </body>
</article></xml>