﻿<xml><article id="2345687" name="PORTARIA 834 DE 26 DE MARÇO DE 2" idOficio="4731998" pubName="DO2" artType="Portaria" pubDate="02/04/2018" artClass="00018:00002:00000:00000:00000:00000:00000:00000:00000:00000:00025:00001" artCategory="Ministério da Transparência e Controladoria-Geral da União/Secretaria Executiva" artSize="8" artNotes="" numberPage="50" pdfPage="http://pesquisa.in.gov.br/imprensa/jsp/visualiza/index.jsp?data=02/04/2018&amp;jornal=529&amp;pagina=50" editionNumber="62" highlight="" idMateria="10640868">
  <body>
    <Identifica><![CDATA[ PORTARIA Nº 834, DE 26 DE MARÇO DE 2018]]></Identifica>
    <Data><![CDATA[]]></Data>
    <Ementa />
    <Titulo />
    <SubTitulo />
    <Texto><![CDATA[<p class="identifica">PORTARIA Nº 834, DE 26 DE MARÇO DE 2018</p><p>O SECRETÁRIO-EXECUTIVO DO MINISTÉRIO DA TRANSPARÊNCIA E CONTROLADORIA-GERAL DA UNIÃO, Substituto, no uso da competência que lhe foi subdelegada pelo inciso II, do art. 2º, da Portaria CGU nº 1.382, de 23 de junho de 2017, e conforme o disposto no Decreto 8.910, de 22 de novembro de 2016, resolve:</p><p>Dispensar, ELAINE CRISTINA PIRKIEL, Auditor Federal de Finanças e Controle, da Função Comissionada do Poder Executivo de Coordenadora Setorial de Orçamento e Finanças, código FCPE 101.3, da Coordenação-Geral de Orçamento, Finanças e Contabilidade da Diretoria de Gestão Interna da Secretaria-Executiva do Ministério da Transparência e Controladoria-Geral da União.</p><p class="assina">JOSE MARCELO CASTRO DE CARVALHO</p>]]></Texto>
  </body>
</article></xml>