﻿<xml><article id="2345576" name="2018_04_02_NOMEAÇÃO" idOficio="4731985" pubName="DO2" artType="Portaria" pubDate="02/04/2018" artClass="00011:00068:00000:00000:00000:00000:00000:00000:00000:00000:00025:00001" artCategory="Ministério da Educação/Instituto Federal de Educação, Ciência e Tecnologia do Mato Grosso do Sul" artSize="8" artNotes="" numberPage="26" pdfPage="http://pesquisa.in.gov.br/imprensa/jsp/visualiza/index.jsp?data=02/04/2018&amp;jornal=529&amp;pagina=26" editionNumber="62" highlight="" idMateria="10640824">
  <body>
    <Identifica><![CDATA[ PORTARIA Nº 453, DE 29 DE MARÇO DE 2018]]></Identifica>
    <Data><![CDATA[]]></Data>
    <Ementa />
    <Titulo />
    <SubTitulo />
    <Texto><![CDATA[<p class="identifica">PORTARIA Nº 453, DE 29 DE MARÇO DE 2018</p><p>O Reitor do Instituto Federal de Educação, Ciência e Tecnologia de Mato Grosso do Sul (IFMS), no uso de suas atribuições legais, considerando o Decreto de 23 de novembro de 2015, publicado no Diário Oficial da União de 24 de novembro de 2015, seção 2, pág. 01;considerando o Decreto n° 7.312, de 22 de setembro de 2010 da Presidência da República, publicado no Diário Oficial da União, de 23 de setembro de 2010;considerando os artigos 9º e 10 da Lei nº 8.112, de 11 de dezembro de 1990; resolve:</p><p>Art. 1º Nomear, em caráter efetivo, para o cargo de Professor do Ensino Básico, Técnico e Tecnológico, Classe DI, Nível 1, em regime de trabalho de Dedicação Exclusiva, HELENICE SERIKAKU, habilitada em concurso público, homologado por meio do Edital nº 003.24/2016 - CCP - IFMS, publicado no Diário Oficial da União de 31 de março de 2017, e retificado pelo Edital nº 003.26/2016 - CCP - IFMS, para o Campus Ponta Porã, do Instituto Federal de Educação, Ciência e Tecnologia de Mato Grosso do Sul, na vaga nº 0949403, redistribuída do Ministério da Educação para o IFMS, conforme Portaria/MEC nº 424, de 11 de maio de 2016, publicada no Diário Oficial da União de 13 de maio de 2016.</p><p class="assina">Luiz Simão Staszczak</p>]]></Texto>
  </body>
</article></xml>