﻿<xml><article id="2347375" name="PT 43-45 SOGP SOROCABA" idOficio="4732078" pubName="DO2" artType="Portaria" pubDate="02/04/2018" artClass="00022:00029:00239:00025:00050:00000:00000:00000:00000:00000:00025:00003" artCategory="Ministério do Desenvolvimento Social/Instituto Nacional do Seguro Social/Superintendência-Regional Sudeste I em São Paulo/Gerência Executiva - B - Sorocaba/Seção Operacional da Gestão de Pessoas" artSize="8" artNotes="" numberPage="57" pdfPage="http://pesquisa.in.gov.br/imprensa/jsp/visualiza/index.jsp?data=02/04/2018&amp;jornal=529&amp;pagina=57" editionNumber="62" highlight="" idMateria="10641012">
  <body>
    <Identifica><![CDATA[ PORTARIAS DE 29 DEMARÇO DE 2018]]></Identifica>
    <Data><![CDATA[]]></Data>
    <Ementa />
    <Titulo />
    <SubTitulo />
    <Texto><![CDATA[<p class="identifica">PORTARIAS DE 29 DEMARÇO DE 2018</p><p>O CHEFE DA SEÇÃO OPERACIONAL DA GESTÃO DE PESSOAS SUBSTITUTO DA GERÊNCIA EXECUTIVA DO INSS EM SOROCABA/SP, no uso das atribuições que lhe foram conferidas na forma do artigo 235, I, "e" do Regimento Interno, aprovado pela PORTARIA/MDS n.º 414 de 28/09/17, publicada no DOU n.º 188-A de 29/09/17, Seção 1, RESOLVE:</p><p>Nº 43 - Conceder aposentadoria voluntária integral a servidora ROSANGELA APARECIDA RUBINATO KAWAYE, matrícula SIAPE 0.604.733, ocupante do cargo de Técnico do Seguro Social, Classe S, Padrão IV, do Quadro de Pessoal do INSS, com fundamento no artigo 3° da EC n.° 47/05, acrescido das demais vantagens a que faz jus, observado o contido no Processo n.º 35624.000322/2018-33, declarando, em consequência, o referido cargo vago.</p><p>Nº 44 - Conceder aposentadoria voluntária integral a servidora ANA LUCIA GUERREIRO LOPES, matrícula SIAPE 0.757.198, ocupante do cargo de Assistente Social, Classe S, Padrão IV, do Quadro de Pessoal do INSS, com fundamento no artigo 3° da EC n.° 47/05, acrescido das demais vantagens a que faz jus, observado o contido no Processo n.º 35443.000070/2018-71, declarando, em consequência, o referido cargo vago.</p><p>Nº 45 - Conceder aposentadoria voluntária integral a servidora MATILDE DALARA DE SOUZA, matrícula SIAPE 0.599.799, ocupante do cargo de Técnico do Seguro Social, Classe S, Padrão IV, do Quadro de Pessoal do INSS, com fundamento no artigo 3° da EC n.° 47/05, acrescido das demais vantagens a que faz jus, observado o contido no Processo n.º 35428.000167/2018-71, declarando, em consequência, o referido cargo vago.</p><p class="assina">LUCIANA BLANCO ESCANDELL</p>]]></Texto>
  </body>
</article></xml>