﻿<xml><article id="2347636" name="Portaria nomeação CPL - PREGOEIR" idOficio="4732101" pubName="DO2" artType="Portaria" pubDate="02/04/2018" artClass="00017:00026:00024:00000:00000:00000:00000:00000:00000:00000:00025:00004" artCategory="Ministério da Saúde/Secretaria de Atenção à Saúde/Instituto Nacional de Câncer José Alencar Gomes da Silva" artSize="8" artNotes="" numberPage="50" pdfPage="http://pesquisa.in.gov.br/imprensa/jsp/visualiza/index.jsp?data=02/04/2018&amp;jornal=529&amp;pagina=50" editionNumber="62" highlight="" idMateria="10641050">
  <body>
    <Identifica><![CDATA[ Portaria   nº 214, de 27 de março de 2018  ]]></Identifica>
    <Data><![CDATA[]]></Data>
    <Ementa />
    <Titulo />
    <SubTitulo />
    <Texto><![CDATA[<p class="identifica">Portaria nº 214, de 27 de março de 2018</p><p>A DIRETORA GERAL DO INSTITUTO NACIONAL DE CÂNCER JOSE ALENCAR GOMES DA SILVA, no uso de suas atribuições legais, e tendo em vista o que dispõe o inciso IV do artigo 3º, da Lei n.º 10.520/2002 e o artigo 10, do Decreto n.º 5.450/2005, resolve:</p><p>Art. 1º Designar Paulo Augusto Dias de Oliveira, matricula SIAPE n.º 241681, Carlos Alberto de Carvalho Filho, matricula SIAPE n.º 1815819, Janaina Santos Sampaio, matricula SIAPE nº 2109080 e Ingrid Vanessa Dantas Rodrigues, matrícula SIAPE n.º 2246088 para exercerem, a função de Pregoeiro, com atribuição de proceder as licitações na modalidade de Pregão Presencial e Pregão Eletrônico, promovidos no âmbito do Instituto Nacional de Câncer Jose Alencar Gomes da Silva.</p><p>Art. 2º Ficam também designados como membros das equipes de apoio os servidores acima relacionados e os servidores, Igor Richardt Kall, matricula SIAPE nº 1869673, Noraldino Ricardo Junior matrícula SIAPE n.º 1961292, na forma do § 1º do artigo 3º, da Lei n.º 10.520/2002 e do § 1º do artigo 10, do Decreto n.º 5450/2005.</p><p>Art. 3º Esta portaria entra em vigor na data de sua publicação, cessando os efeitos das Portarias, n.º 238 de 27 de março de 2017, publicada no DOU n.º 64, Seção 2, de 03/04/2017, p. 52 e nº 117 de 05 de fevereiro de 2018, publicado no DOU nº 35 Seção 2 de 21 de fevereiro de 2018.</p><p class="assina">ANA CRISTINA PINHO MENDES PEREIRA</p>]]></Texto>
  </body>
</article></xml>