﻿<xml><article id="2345486" name="PT 27 A 29 SUPERINTENDENCIA REGI" idOficio="4731867" pubName="DO2" artType="Portaria" pubDate="02/04/2018" artClass="00022:00029:00237:00037:00000:00000:00000:00000:00000:00000:00025:00001" artCategory="Ministério do Desenvolvimento Social/Instituto Nacional do Seguro Social/Superintendência Regional Nordeste em Recife/Serviço de Gestão de Pessoas" artSize="8" artNotes="" numberPage="55" pdfPage="http://pesquisa.in.gov.br/imprensa/jsp/visualiza/index.jsp?data=02/04/2018&amp;jornal=529&amp;pagina=55" editionNumber="62" highlight="" idMateria="10640592">
  <body>
    <Identifica><![CDATA[ PORTARIAS Nº 27, DE 29 DE MARÇO DE 2018]]></Identifica>
    <Data><![CDATA[]]></Data>
    <Ementa />
    <Titulo />
    <SubTitulo />
    <Texto><![CDATA[<p class="identifica">PORTARIAS Nº 27, DE 29 DE MARÇO DE 2018</p><p>A Chefe do Serviço de Gestão de Pessoas da Superintendência Regional Nordeste - IV do INSS em Recife no Estado de Pernambuco, no uso das atribuições que lhe confere o artigo 216, inciso I, letra "e", da PT/MDS/Nº 414, de 28 de setembro de 2017, publicada no DOU nº 188-A, de 29 de setembro de 2017 e, tendo em vista o que consta do processo nº 35662.000057/2018-37 , resolve:</p><p>Conceder aposentadoria voluntária integral ao servidor FRANCISCO BARTOLOMEU RAMOS BARROS, matrícula SIAPE 0903102, ocupante do cargo de Técnico do Seguro Social, classe S, padrão IV, do quadro de pessoal do Instituto Nacional do Seguro Social, com fundamento na alínea "a", inciso III, § 1º do artigo 40 da Constituição Federal de 05/10/88 com redação dada pelo artigo 1º da Emenda Constitucional nº 41/2003, com proventos calculados na forma do artigo 1º da Lei 10.887/2004. Declarar vago, em consequência, o cargo citado.</p><p class="assina">LUCIANE DE ANDRADE</p><p class="identifica">PORTARIA Nº 28, de 29 DE MARÇO DE 2018</p><p>A Chefe do Serviço de Gestão de Pessoas da Superintendência Regional Nordeste - IV do INSS em Recife no Estado de Pernambuco, no uso das atribuições que lhe confere o artigo 216, inciso I, letra "e", da PT/MDS/Nº 414, de 28 de setembro de 2017, publicada no DOU nº 188-A, de 29 de setembro de 2017 e, tendo em vista o que consta do processo nº 35662.000064/2018-39, resolve:</p><p>Conceder aposentadoria voluntária integral a servidora MERCIA MARIA PIMENTEL CORREIA, matrícula SIAPE 0903119, ocupante do cargo de Técnico do Seguro Social, classe S, padrão IV, do quadro de pessoal do Instituto Nacional do Seguro Social, com fundamento no artigo 3º da Emenda Constitucional nº 47, de 05 de julho de 2005. Declarar vago, em consequência, o cargo acima citado.</p><p class="assina">LUCIANE DE ANDRADE</p><p class="identifica">PORTARIA Nº 29, DE 29 DE MARÇO DE 2018</p><p>A Chefe do Serviço de Gestão de Pessoas da Superintendência Regional Nordeste - IV do INSS em Recife no Estado de Pernambuco, no uso das atribuições que lhe confere o artigo 216, inciso I, letra "e", da PT/MDS/Nº 414, de 28 de setembro de 2017, publicada no DOU nº 188-A, de 29 de setembro de 2017 e, tendo em vista o que consta do processo nº 35662.000066/2018-28, resolve:</p><p>Conceder aposentadoria voluntária integral a servidora ANA BEATRIZ DA CUNHA SILVA CAMPELLO, matrícula SIAPE 0903334, ocupante do cargo de Técnico do Seguro Social, classe S, padrão IV, do quadro de pessoal do Instituto Nacional do Seguro Social, com fundamento no artigo 3º da Emenda Constitucional nº 47, de 05 de julho de 2005. Declarar vago, em consequência, o cargo acima citado.</p><p class="assina">LUCIANE DE ANDRADE</p>]]></Texto>
  </body>
</article></xml>