﻿<xml><article id="2345561" name="PORTARIASEGAD17DE2018" idOficio="4731870" pubName="DO2" artType="Portaria" pubDate="02/04/2018" artClass="00017:00002:00012:00008:00000:00000:00000:00000:00000:00000:00025:00001" artCategory="Ministério da Saúde/Secretaria Executiva/Núcleo Estadual no Acre/Serviço de Gestão Administrativa" artSize="8" artNotes="" numberPage="45" pdfPage="http://pesquisa.in.gov.br/imprensa/jsp/visualiza/index.jsp?data=02/04/2018&amp;jornal=529&amp;pagina=45" editionNumber="62" highlight="" idMateria="10640835">
  <body>
    <Identifica><![CDATA[ PORTARIA Nº 17, DE 29 DE MARÇO DE 2018]]></Identifica>
    <Data><![CDATA[]]></Data>
    <Ementa />
    <Titulo />
    <SubTitulo />
    <Texto><![CDATA[<p class="identifica">PORTARIA Nº 17, DE 29 DE MARÇO DE 2018</p><p>O CHEFE DO SERVIÇO DE GESTÃO ADMINISTRATIVA DO NÚCLEO ESTADUAL DO MINISTÉRIO DA SAÚDE NO ACRE, nomeado pela Portaria/MS/n.º 1.499, de 16 de junho de 2017, publicada no D.O.U. n° 116, de 20 de junho de 2017, no uso de suas atribuições subdelegadas pela Portaria SE/SAA/MS n.º 1.804, de 01/10/2013, publicada no D.O.U. n.º 192, de 03/10/2013, resolve:</p><p>Art. 1º. Alterar o fundamento legal da Portaria n.º 30, de 13 de março de 2012, publicada no Diário Oficial da União de 28/03/2012, Seção 2, página 41, que concedeu aposentadoria voluntária com proventos integrais com base no art. 3º, da Emenda Constitucional n.º 47/2005, ao servidor IUBERTO FELÍCIO FEITOSA, matrícula SIAPE 0512262, ocupante do cargo de Motorista Oficial, Nível Intermediário, Classe "S", Padrão III, tendo em vista o requerimento de alteração para a aposentadoria voluntária com proventos integrais com base no art. 40, §1º, inciso I, alínea "a", da Constituição Federal de 1988, com a redação dada pela Emenda Constitucional n.º 41/2003 (Processo n.º 25011.000345/2018-01).</p><p>Art. 2º. Esta portaria entra em vigor na data de sua publicação.</p><p class="assina">ÉDEN CARLOS BARROS DE MIRANDA</p>]]></Texto>
  </body>
</article></xml>