﻿<xml><article id="2345777" name="DOU dia 02.04.2018 Pro Reitor Po" idOficio="4732012" pubName="DO2" artType="Portaria" pubDate="02/04/2018" artClass="00011:00008:00022:00000:00000:00000:00000:00000:00000:00000:00025:00002" artCategory="Ministério da Educação/Colégio Pedro II/Pró-Reitoria de Gestão de Pessoas" artSize="8" artNotes="" numberPage="20" pdfPage="http://pesquisa.in.gov.br/imprensa/jsp/visualiza/index.jsp?data=02/04/2018&amp;jornal=529&amp;pagina=20" editionNumber="62" highlight="" idMateria="10640885">
  <body>
    <Identifica><![CDATA[ PORTARIA Nº 867, DE 27 DE MARÇO DE 2018]]></Identifica>
    <Data><![CDATA[]]></Data>
    <Ementa />
    <Titulo />
    <SubTitulo />
    <Texto><![CDATA[<p class="identifica">PORTARIA Nº 867, DE 27 DE MARÇO DE 2018</p><p>A PRÓ-REITORA DE GESTÃO DE PESSOAS DO COLÉGIO PEDRO II, no uso de suas atribuições previstas na Portaria de Delegação de Competência nº 1769, de 23 de outubro de 2013 do Magnífico Reitor, publicada no Diário Oficial da União em 30 de outubro de 2013, seção 2, página 18, resolve:</p><p>Retificar a Portaria nº 618 de 05 de março de 2018, publicada no D.O.U. de 06 de março de 2018, seção 2, página 13, que concedeu aposentadoria a IVANYR DA SILVA ALVES, matrícula SIAPE nº 397951, onde se lê: fica assegurada a gratificação de 18% (dezoito por cento), leia-se: fica assegurada a gratificação de 20% (vinte por cento). Processo nº 23040.000709/2018-71.</p><p class="assina">VIRGILIA AUGUSTA DA COSTA NUNES</p><p class="identifica">PORTARIAS DE 29 DE MARÇO DE 2018</p><p>A PRÓ-REITORA DE GESTÃO DE PESSOAS DO COLÉGIO PEDRO II, no uso de suas atribuições previstas na Portaria de Delegação de Competência nº 1.769, de 23 de outubro de 2013 do Magnífico Reitor, publicada no Diário Oficial da União em 30 de outubro de 2013, seção 2, página 18, resolve:</p><p>Nº 953 - Conceder aposentadoria a SILVANA MARTINS BAYMA, no cargo de Professor de Ensino Básico, Técnico e Tecnológico, Classe D-IV, Nível 4, matrícula SIAPE nº 3052537, do Quadro Permanente desta Autarquia, com regime de Dedicação Exclusiva/Mestrado - RSC III, de acordo com o artigo 6º da Emenda Constitucional nº 41 de 19 de dezembro de 2003, publicada no D.O.U. de 31 de dezembro de 2003, combinado com o artigo 40, parágrafo 5º da Constituição Federal de 1988. Fica assegurada a gratificação de 6% (seis por cento) a título de adicional por tempo de serviço. Processo nº 23040.001496/2018-03.</p><p>Nº 956 - Contratar, a partir de 23 de março de 2018, MARIA DE FÁTIMA LÚCIA SILVA VIEIRA, que obteve a 7ª colocação no Processo Seletivo Simplificado, objeto do Edital nº 57/2017, para o cargo de Tradutor/Intérprete de Língua Brasileira de Sinais (Libras)/Língua Portuguesa, regime de trabalho de 40 horas semanais.</p><p class="assina">VIRGILIA AUGUSTA DA COSTA NUNES</p>]]></Texto>
  </body>
</article></xml>