﻿<xml><article id="2345585" name="Portarias 29março2018" idOficio="4731986" pubName="DO2" artType="Portaria" pubDate="02/04/2018" artClass="00011:00073:00001:00009:00000:00000:00000:00000:00000:00000:00025:00001" artCategory="Ministério da Educação/Instituto Federal de Educação, Ciência e Tecnologia do Paraná/Reitoria/Pró-Reitoria de Gestão de Pessoas" artSize="8" artNotes="" numberPage="27" pdfPage="http://pesquisa.in.gov.br/imprensa/jsp/visualiza/index.jsp?data=02/04/2018&amp;jornal=529&amp;pagina=27" editionNumber="62" highlight="" idMateria="10640825">
  <body>
    <Identifica><![CDATA[ PORTARIAS DE 29 DE MARÇO DE 2018]]></Identifica>
    <Data><![CDATA[]]></Data>
    <Ementa />
    <Titulo />
    <SubTitulo />
    <Texto><![CDATA[<p class="identifica">PORTARIAS DE 29 DE MARÇO DE 2018</p><p>A Pró-Reitora Substituta de Gestão de Pessoas do Instituto Federal do Paraná, no uso da competência que lhe confere a Portaria nº 030, de 09 de janeiro de 2017, resolve:</p><p>N° 919 Contratar CRISTEWANY REGINA CAPITANI, como Professor Substituto, conforme código do titular n° 848136, com salário correspondente à Classe DI, nível 1, de Professor da Carreira do Magistério do Ensino Básico, Técnico e Tecnológico, acrescido de Retribuição pela Especialização em Metodologia do Ensino de Matemática, conforme arts. 16 e 17 da Lei 12.772/12 no regime de trabalho de 20 (vinte) horas semanais. Área: Matemática, para prestar serviço junto ao Campus Coronel Vivida, até 01/07/2018 e a partir da data da assinatura do contrato. (Processo: 23408.000541/2018-98)</p><p>N° 920 Autorizar, de acordo com a Lei nº 8745/93, a partir de 05/04/2018 até 10/02/2019, a prorrogação do contrato de TANIA MARA BALDISSERA, contrato 63/2017, como Professor Substituto, com salário correspondente à classe DI, Nível 1, no regime de trabalho de 40 (quarenta) horas semanais, para o Campus Palmas. (Processo: 23408.000381/2017-04)</p><p>N° 926 Autorizar, de acordo com a Lei nº 8745/93, a partir de 03/04/2018 até 02/04/2019, a prorrogação do contrato de MARCELO RODRIGUES, contrato 58/2017, como Professor Substituto, com salário correspondente à classe DI, Nível 1, no regime de trabalho de 20 (vinte) horas semanais, para o Campus Umuarama. (Processo: 23404.000213/2017-41)</p><p class="assina">Marina Castagnara</p>]]></Texto>
  </body>
</article></xml>