﻿<xml><article id="2343385" name="Portaria nº 340 de 28 de março d" idOficio="4731645" pubName="DO2" artType="Portaria" pubDate="02/04/2018" artClass="00011:00063:00001:00000:00000:00000:00000:00000:00000:00000:00025:00001" artCategory="Ministério da Educação/Instituto Federal de Educação, Ciência e Tecnologia Fluminense/Reitoria" artSize="8" artNotes="" numberPage="25" pdfPage="http://pesquisa.in.gov.br/imprensa/jsp/visualiza/index.jsp?data=02/04/2018&amp;jornal=529&amp;pagina=25" editionNumber="62" highlight="" idMateria="10640272">
  <body>
    <Identifica><![CDATA[ Portaria Nº 340, de 28 de março de 2018]]></Identifica>
    <Data><![CDATA[]]></Data>
    <Ementa />
    <Titulo />
    <SubTitulo />
    <Texto><![CDATA[<p class="identifica">Portaria Nº 340, de 28 de março de 2018</p><p>O REITOR DO INSTITUTO FEDERAL DE EDUCAÇÃO, CIÊNCIA E TECNOLOGIA FLUMINENSE - IFFLUMINENSE, no uso das atribuições legais que lhe confere a Lei 11.892 de 29/12/2008, publicada no D.O.U. de 30/12/2008; a Portaria MEC N.º 378, de 09/05/2016, publicada no D.O.U. de 10/05/2016, seção 1, páginas 19 a 27 e o Decreto Presidencial de 05 de abril de 2016, publicado no D.O.U. de 06 de abril de 2016.</p><p>CONSIDERANDO: O Memorando N.º 29/2018 - GABCM/DGCM/REIT/IFFLU, de 16 de março de 2018, resolve:</p><p>Art. 1.º DELEGAR COMPETÊNCIA aos servidores do quadro permanente deste IFFluminense, lotados no campus Macaé, para atuarem nos trabalhos relativos à descentralização orçamentária e financeira do campus Macaé, Unidade Gestora 158384, conforme abaixo especificado:</p><p>Ordenador de Despesas:</p><p>Titular: Marcos Antônio Cruz Moreira - Matrícula SIAPE 1223113; CPF 894.941.567-49</p><p>Suplente: Lílian Dias Coelho - Matrícula SIAPE 2275522 ; CPF 124.058.397-41.</p><p>Gestor Financeiro:</p><p>Titular: Isabela de Souza Baptista - Matricula SIAPE 2673057; CPF 088.782.287-88.</p><p>Suplente: Victor Jachelli da Fonseca - Matrícula SIAPE 3531088; CPF 104.835.047-93.</p><p>Art. 2.º Esta portaria entra em vigor na data de sua publicação no Diário Oficial da União.</p><p class="assina">JEFFERSON MANHÃES DE AZEVEDO</p>]]></Texto>
  </body>
</article></xml>