﻿<xml><article id="2347528" name="MARIA ANTONIETA FERREIRA PIRES D" idOficio="4732088" pubName="DO2" artType="Portaria" pubDate="02/04/2018" artClass="00007:00003:00065:00000:00000:00000:00000:00000:00000:00000:00025:00001" artCategory="Ministério da Agricultura, Pecuária e Abastecimento/Secretaria Executiva/Superintendência Federal no Estado do Pará" artSize="8" artNotes="" numberPage="5" pdfPage="http://pesquisa.in.gov.br/imprensa/jsp/visualiza/index.jsp?data=02/04/2018&amp;jornal=529&amp;pagina=5" editionNumber="62" highlight="" idMateria="10641033">
  <body>
    <Identifica><![CDATA[ PORTARIA Nº 34, DE 29 DE MARÇO DE 2018]]></Identifica>
    <Data><![CDATA[]]></Data>
    <Ementa />
    <Titulo />
    <SubTitulo />
    <Texto><![CDATA[<p class="identifica">PORTARIA Nº 34, DE 29 DE MARÇO DE 2018</p><p>O Superintendente Federal de Agricultura, Pecuária e Abastecimento no Estado do Pará, no uso das atribuições que lhe confere o artigo 44, item XVIII, do Regimento Interno das Superintendências Federais de Agricultura, Pecuária e Abastecimento, aprovado pela Portaria Ministerial nº 428, de 9 de junho de 2010, publicada no Diário Oficial da União nº 111, de 14 de junho de 2010, e no uso da competência deferida pela Portaria Ministerial nº 2657, de 10 de novembro de 2016, publicada no Diário Oficial da União de 28 de novembro de 2016. E considerando o que consta nos autos do Processo SEI de número 21030.000332/2018-44, resolve:</p><p>Art. 1º - Conceder aposentadoria voluntária, com proventos integrais, a servidora MARIA ANTONIETA FERREIRA PIRES DA COSTA SILVA, matrícula SIAPE nº 1016373, ocupante do cargo de Administrador, código 480002, nível superior, classe S, padrão III, do Quadro de Pessoal deste Ministério, com fundamento no Artigo 3º, da Emenda Constitucional nº 47/2005.</p><p>Art. 2º - Determinar a publicação do presente ato no Diário Oficial da União, com o registro no sistema SISAC e envio ao Tribunal de Contas da União, de acordo com a legislação consentânea.</p><p class="assina">CLESIO SANTANA SOUZA</p>]]></Texto>
  </body>
</article></xml>