﻿<xml><article id="2343857" name="PRT SE MF 111 DE 20.03.18" idOficio="4731717" pubName="DO2" artType="Portaria" pubDate="02/04/2018" artClass="00012:00002:00000:00000:00000:00000:00000:00000:00000:00000:00019:00001" artCategory="Ministério da Fazenda/Secretaria Executiva" artSize="8" artNotes="" numberPage="37" pdfPage="http://pesquisa.in.gov.br/imprensa/jsp/visualiza/index.jsp?data=02/04/2018&amp;jornal=529&amp;pagina=37" editionNumber="62" highlight="" idMateria="10640420">
  <body>
    <Identifica><![CDATA[ Portaria Nº 111, DE 20 DE março DE 2018]]></Identifica>
    <Data><![CDATA[]]></Data>
    <Ementa />
    <Titulo />
    <SubTitulo />
    <Texto><![CDATA[<p class="identifica">Portaria Nº 111, DE 20 DE março DE 2018</p><p>O SECRETÁRIO EXECUTIVO ADJUNTO DO MINISTÉRIO DA FAZENDA, no uso da competência que lhe foi subdelegada pela Portaria GMF nº 393, de 14 de julho de 2009, publicada no Diário Oficial da União de 16 de julho de 2009, e tendo em vista o constante do Processo SEI nº 12105.100388/2018-96, resolve:</p><p>Nomear SANDRA REJANE FREITAS NASCIMENTO, CPF nº 006.606.151-26, para exercer o cargo em comissão de Assistente Técnico do Gabinete desta Secretaria Executiva, código DAS 102.1.</p><p class="assina">DANIEL RODRIGUES ALVES</p>]]></Texto>
  </body>
</article></xml>