﻿<xml><article id="2347744" name="PT 23 SOGP BAURU" idOficio="4732109" pubName="DO2" artType="Portaria" pubDate="02/04/2018" artClass="00022:00029:00239:00009:00026:00000:00000:00000:00000:00000:00025:00012" artCategory="Ministério do Desenvolvimento Social/Instituto Nacional do Seguro Social/Superintendência-Regional Sudeste I em São Paulo/Gerência Executiva - B - Bauru/Seção Operacional da Gestão de Pessoas" artSize="8" artNotes="" numberPage="56" pdfPage="http://pesquisa.in.gov.br/imprensa/jsp/visualiza/index.jsp?data=02/04/2018&amp;jornal=529&amp;pagina=56" editionNumber="62" highlight="" idMateria="10641070">
  <body>
    <Identifica><![CDATA[ PORTARIA Nº 23, DE 29 DE MARÇO DE 2018]]></Identifica>
    <Data><![CDATA[]]></Data>
    <Ementa />
    <Titulo />
    <SubTitulo />
    <Texto><![CDATA[<p class="identifica">PORTARIA Nº 23, DE 29 DE MARÇO DE 2018</p><p>A Chefe da Seção Operacional de Gestão de Pessoas do Instituto Nacional do Seguro Social em Bauru/SP, no uso das atribuições conferidas pelo Art. 235, inciso I, alínea "b" da Portaria MDS Nº 414, publicada no DOU nº 188 de 29/09/2017, que aprovou o Regimento Interno do INSS, resolve:</p><p>Conceder Aposentadoria Voluntária ao servidor Paulo Roberto de Souza Oliveira, matrícula 1500111, ocupante do cargo de Perito Médico Previdenciário, Classe S, Padrão I, do quadro de servidores do Instituto Nacional do Seguro Social, com fundamento no art. 6º da Emenda Constitucional nº 41/2003.</p><p>Declarar vago o referido cargo.</p><p class="assina">Cibele Machado Ponce da Silva</p>]]></Texto>
  </body>
</article></xml>