﻿<xml><article id="2343613" name="2883" idOficio="4731701" pubName="DO2" artType="Portaria" pubDate="02/04/2018" artClass="00011:00130:00001:00017:00000:00000:00000:00000:00000:00000:00025:00001" artCategory="Ministério da Educação/Universidade Federal do Rio de Janeiro/Reitoria/Pró-Reitoria de Pessoal" artSize="8" artNotes="" numberPage="34" pdfPage="http://pesquisa.in.gov.br/imprensa/jsp/visualiza/index.jsp?data=02/04/2018&amp;jornal=529&amp;pagina=34" editionNumber="62" highlight="" idMateria="10640379">
  <body>
    <Identifica><![CDATA[ PORTARIA Nº 2.883, de 28de março de 2018]]></Identifica>
    <Data><![CDATA[]]></Data>
    <Ementa />
    <Titulo />
    <SubTitulo />
    <Texto><![CDATA[<p class="identifica">PORTARIA Nº 2.883, de 28de março de 2018</p><p>O Pró-Reitor de Pessoal, no uso da competência delegada pelo Reitor da Universidade Federal do Rio de Janeiro, através da Portaria nº 956 de 10 de fevereiro de 2017, publicada no Diário Oficial da União de 13 de fevereiro de 2017, resolve:</p><p>Contratar ROBERTO TOMMASETTI na vaga de professor substituto do/a Faculdade de Administração e Ciências Contábeis, com salário correspondente à classe de Assistente A, em regime de 20 horas semanais de trabalho, durante o período de 02-abril-18 à 31-julho-18, conforme processo nº. 23079. 005855/18-56.</p><p class="assina">AGNALDO FERNANDES</p><p></p>]]></Texto>
  </body>
</article></xml>