﻿<xml><article id="2344383" name="Publicacao DOU secao 2" idOficio="4731791" pubName="DO2" artType="Portaria" pubDate="02/04/2018" artClass="00011:00116:00014:00000:00000:00000:00000:00000:00000:00000:00025:00001" artCategory="Ministério da Educação/Universidade Federal de Itajubá/Instituto de Engenharia de Produção e Gestão" artSize="8" artNotes="" numberPage="32" pdfPage="http://pesquisa.in.gov.br/imprensa/jsp/visualiza/index.jsp?data=02/04/2018&amp;jornal=529&amp;pagina=32" editionNumber="62" highlight="" idMateria="10640508">
  <body>
    <Identifica><![CDATA[ PORTARIA Nº 495, DE 29 DE MARÇO DE 2018]]></Identifica>
    <Data><![CDATA[]]></Data>
    <Ementa />
    <Titulo />
    <SubTitulo />
    <Texto><![CDATA[<p class="identifica">PORTARIA Nº 495, DE 29 DE MARÇO DE 2018</p><p>O Vice-diretor do Instituto de Engenharia de Produção e Gestão da UNIVERSIDADE FEDERAL DE ITAJUBÁ, no uso da competência que lhe foi delegada pelo Magnífico Reitor, conforme Portaria nº 1.795, de 18/10/2016, publicada no DOU de 20/10/2016, resolve:</p><p>DESIGNAR a professora DANIELE ORNAGHI SANT'ANNA, matrícula SIAPE nº 2112176, para exercer a função de Coordenadora do Programa de Pós-Graduação em Desenvolvimento, Tecnologias e Sociedade, pelo período de 02/04/2018 a 01/04/2020. Código: FCC.</p><p class="assina">André Luiz Medeiros</p>]]></Texto>
  </body>
</article></xml>