﻿<xml><article id="2347609" name="PT 0410 GC1 18" idOficio="4732095" pubName="DO2" artType="Portaria" pubDate="02/04/2018" artClass="00010:00006:00001:00006:00000:00000:00000:00000:00000:00000:00025:00003" artCategory="Ministério da Defesa/Comando da Aeronáutica/Gabinete do Comandante/Assessoria de Recursos Humanos" artSize="8" artNotes="" numberPage="14" pdfPage="http://pesquisa.in.gov.br/imprensa/jsp/visualiza/index.jsp?data=02/04/2018&amp;jornal=529&amp;pagina=14" editionNumber="62" highlight="" idMateria="10641042">
  <body>
    <Identifica><![CDATA[ PORTARIA Nº 410/GC1, DE 29 DE MARÇO DE 2018]]></Identifica>
    <Data><![CDATA[]]></Data>
    <Ementa />
    <Titulo />
    <SubTitulo />
    <Texto><![CDATA[<p class="identifica">PORTARIA Nº 410/GC1, DE 29 DE MARÇO DE 2018</p><p>O COMANDANTE DA AERONÁUTICA, de acordo com a delegação de competência constante no Decreto nº 8.798, de 4 de julho de 2016, e o que consta do Processo nº 67500.000924/2018-83, resolve:</p><p>DESIGNAR, por necessidade do serviço, o Coronel Aviador ANDRE LUIS BARBOZA TOPINI (GABAER/Nr Ord 2070537) para, no Colégio Interamericano de Defesa, na cidade de Washington - DC, Estados Unidos da América, cumprir a missão nº 01/DIRENS/PARTE III/EXTRA-PLAMENS EXT 2018 - Mestrado em Ciências de Defesa e Segurança Interamericanas, e posteriormente, NOMEÁ-LO para o cargo de Adjunto do Adido de Defesa e Aeronáutico, junto à Embaixada do Brasil nos Estados Unidos da América, de acordo com as datas abaixo relacionadas:</p><p>I - 01 jun. 2018 - autorização para ausentar-se do país;</p><p>II - 01 jul. 2018 - início da missão EXTRA-PLAMENS EXT;</p><p>III - 30 jun. 2019 - término da missão EXTRA-PLAMENS EXT;</p><p>IV - 01 jul. 2019 - início do recebimento de carga e encargos de Adjunto do Adido;</p><p>V - 08 jul. 2019 - assunção do cargo de Adjunto do Adido;</p><p>VI - 08 jul. 2020 - passagem do cargo de Adjunto do Adido; e</p><p>VII - 06 ago. 2020 - término do trânsito.</p><p>A missão EXTRA-PLAMENS é considerada transitória, com mudança de sede e a missão Diplomática é considerada permanente, todas de natureza militar, totalizando o período máximo de retribuição no exterior de 798 dias, incluídos os trânsitos, na forma da Lei nº 5.809, de 10 de outubro de 1972, regulamentada pelo Decreto nº 71.733, de 18 de janeiro de 1973, combinado com o Decreto nº 72.021, de 28 de março de 1973, observado o disposto na ICA 35-8, de 19 de fevereiro de 2015, na ICA 36-7, de 1° de novembro de 2017.</p><p>Ao término da missão, o militar deverá ser classificado na área da Diretoria de Ensino da Aeronáutica - DIRENS.</p><p class="assina">Ten Brig Ar NIVALDO LUIZ ROSSATO</p>]]></Texto>
  </body>
</article></xml>