﻿<xml><article id="2345678" name="PORTARIA 801 DE 22 DE MARÇO DE 2" idOficio="4731996" pubName="DO2" artType="Portaria" pubDate="02/04/2018" artClass="00018:00002:00012:00000:00000:00000:00000:00000:00000:00000:00025:00002" artCategory="Ministério da Transparência e Controladoria-Geral da União/Secretaria Executiva/Controladoria Regional da União no Estado de Goiás" artSize="8" artNotes="" numberPage="50" pdfPage="http://pesquisa.in.gov.br/imprensa/jsp/visualiza/index.jsp?data=02/04/2018&amp;jornal=529&amp;pagina=50" editionNumber="62" highlight="" idMateria="10640864">
  <body>
    <Identifica><![CDATA[ PORTARIA Nº 801, DE 22 DE MARÇO DE 2018]]></Identifica>
    <Data><![CDATA[]]></Data>
    <Ementa />
    <Titulo />
    <SubTitulo />
    <Texto><![CDATA[<p class="identifica">PORTARIA Nº 801, DE 22 DE MARÇO DE 2018</p><p>O SUPERINTENDENTE DA CONTROLADORIA REGIONAL DA UNIÃO NO ESTADO DE GOIÁS, no uso das atribuições que lhe são conferidas pelo inciso XI, do art. 133, do Anexo I da Portaria CGU nº 677, de 10 de março de 2017, publicada no Diário Oficial da União de 14 de março de 2017, resolve:</p><p>Dispensar, a pedido, FERNANDO CORREIA COSTA, Auditor Federal de Finanças e Controle, da Função Comissionada do Poder Executivo de Chefe de Serviço, código FCPE 101.1, da Controladoria Regional da União no Estado de Goiás.</p><p class="assina">RENATO BARBOSA MEDEIROS</p>]]></Texto>
  </body>
</article></xml>