﻿<xml><article id="2344939" name="Portaria Aposentadoria - Agente " idOficio="4731832" pubName="DO2" artType="Portaria" pubDate="02/04/2018" artClass="00007:00003:00063:00000:00000:00000:00000:00000:00000:00000:00025:00002" artCategory="Ministério da Agricultura, Pecuária e Abastecimento/Secretaria Executiva/Superintendência Federal no Estado do Mato Grosso do Sul" artSize="8" artNotes="" numberPage="5" pdfPage="http://pesquisa.in.gov.br/imprensa/jsp/visualiza/index.jsp?data=02/04/2018&amp;jornal=529&amp;pagina=5" editionNumber="62" highlight="" idMateria="10640633">
  <body>
    <Identifica><![CDATA[ PORTARIA Nº 40, de 27 de março de 2018]]></Identifica>
    <Data><![CDATA[]]></Data>
    <Ementa />
    <Titulo />
    <SubTitulo />
    <Texto><![CDATA[<p class="identifica">PORTARIA Nº 40, de 27 de março de 2018</p><p>O Superintendente Federal de Agricultura, Pecuária e Abastecimento no Estado de Mato Grosso do Sul, usando da competência delegada através da Portaria nº 1.766, de 02 de agosto de 2016, publicada no DOU de 03 de agosto de 2016, e de conformidade com o artigo 44 do regimento Interno das SFA's, aprovado pela Portaria Ministerial nº 428 de 09 de junho de 2010, publicada no D.O.U de 14 de junho de 2010, resolve:</p><p>Art. 1° Conceder aposentadoria voluntária com proventos integrais ao servidor Júlio César Coutinho Batista, ocupante do cargo de Agente de Inspeção Sanitária e Industrial de Produtos de Origem Animal, matrícula SIAPE nº 17189, Nivel "NI", Classe "S", padrão IV, do Quadro de Pessoal deste Ministério, com fundamento no artigo 3°, da Emenda Constitucional nº 47/2005 (Processo 21026.000466/2018-24).</p><p>Art. 2° Esta portaria entrará em vigor na data de sua publicação.</p><p class="assina">CELSO DE SOUZA MARTINS</p>]]></Texto>
  </body>
</article></xml>