﻿<xml><article id="2349409" name="RESOLUÇÃO Nº 208" idOficio="4732257" pubName="DO2" artType="Resolução" pubDate="02/04/2018" artClass="00030:00170:00000:00000:00000:00000:00000:00000:00000:00000:00031:00001" artCategory="Ministério dos Direitos Humanos/Secretaria Nacional dos Direitos da Criança e do Adolescente" artSize="8" artNotes="" numberPage="67" pdfPage="http://pesquisa.in.gov.br/imprensa/jsp/visualiza/index.jsp?data=02/04/2018&amp;jornal=529&amp;pagina=67" editionNumber="62" highlight="" idMateria="10640845">
  <body>
    <Identifica><![CDATA[ RESOLUÇÃO Nº 208, DE 27 DE MARÇO DE 2018]]></Identifica>
    <Data><![CDATA[]]></Data>
    <Ementa />
    <Titulo />
    <SubTitulo />
    <Texto><![CDATA[<p class="identifica">RESOLUÇÃO Nº 208, DE 27 DE MARÇO DE 2018</p><p>O CONSELHO NACIONAL DOS DIREITOS DA CRIANÇA E DO ADOLESCENTE, no uso de sua atribuição que lhe confere o art. 2º da Lei n.º 8.242, de 12 de outubro de 1991, e tendo em vista o disposto no Decreto nº 5.089 de 20 de maio de 2004 e no art. 35 do Regimento Interno do Conanda, da Lei Federal nº 13.019/2014, que estabelece o regime jurídico das parcerias entre a Administração Pública e as Organizações da Sociedade Civil - OSC's;</p><p>CONSIDERANDO a Resolução n° 204, de 15 de fevereiro de 2018, que designa os Membros Titulares da Comissão de Seleção, no âmbito do Conselho Nacional dos Direitos da Criança e do Adolescente - CONANDA, com a finalidade de avaliar e selecionar os projetos a serem financiados com recursos do Fundo Nacional para a Criança e o Adolescente (FNCA), resolve:</p><p>Art. 1º A Resolução n° 204 de 15 de fevereiro de 2018, passa a vigorar com a seguinte alteração:</p><p>"Art. 1º...........................................................................................................</p><p>a) Representante da sociedade civil no CONANDA: Catarina de Santana Silva, CPF: 065.521.194-29.</p><p>....................................................................................." (NR)</p><p>Art. 2º Esta Resolução entra em vigor na data de sua publicação.</p><p class="assina">MARCO ANTÔNIO SOARES</p>]]></Texto>
  </body>
</article></xml>