﻿<xml><article id="2344795" name="Portaria MARCIO RIBEIRO BITENCOU" idOficio="4731825" pubName="DO2" artType="Portaria" pubDate="02/04/2018" artClass="00031:00025:00183:00000:00000:00000:00000:00000:00000:00000:00025:00005" artCategory="Ministério dos Transportes, Portos e Aviação Civil/Empresa Brasileira de Infraestrutura Aeroportuária/Diretoria Executiva" artSize="8" artNotes="" numberPage="69" pdfPage="http://pesquisa.in.gov.br/imprensa/jsp/visualiza/index.jsp?data=02/04/2018&amp;jornal=529&amp;pagina=69" editionNumber="62" highlight="" idMateria="10640549">
  <body>
    <Identifica><![CDATA[ PORTARIA Nº 73, DE 29  DE MARÇO DE 2018]]></Identifica>
    <Data><![CDATA[]]></Data>
    <Ementa />
    <Titulo />
    <SubTitulo />
    <Texto><![CDATA[<p></p><p class="identifica">PORTARIA Nº 73, DE 29 DE MARÇO DE 2018</p><p>O DIRETOR DE SERVIÇOS E SUPORTE JURÍDICO, no uso da competência que lhe foi delegada pelo Ato Administrativo n° 339/PRESI/2018, de 31 de janeiro de 2018, com fundamento no artigo 17 do Decreto n° 9.144, de 22 de agosto de 2017, resolve:</p><p>Art. 1º Efetivar, por tempo indeterminado, a requisição do empregado público MARCIO RIBEIRO BITENCOURT, matrícula nº 17830-17, pertencente ao quadro de pessoal da Empresa Brasileira de Infraestrutura Aeroportuária - INFRAERO, para a Advocacia Geral da União, com exercício na Procuradoria Federal no Estado da Bahia.</p><p>Art. 2º O ônus pela remuneração é do órgão cessionário.</p><p>Art. 3º Cumpre ao cessionário comunicar a frequência do empregado público, mensalmente, ao órgão ou entidade cedente.</p><p>Art. 4º O empregado público deverá apresentar-se imediatamente ao órgão cedente, quando do seu retorno, observado o disposto no art. 5º do Decreto nº 9.144, de 22 de agosto de 2017</p><p>Art. 5º Esta Portaria entra em vigor na data de sua publicação.</p><p class="assina">EDUARDO ROBERTO STUCKERT NETO</p>]]></Texto>
  </body>
</article></xml>