﻿<xml><article id="2343968" name="Resolução 23.2018" idOficio="4731524" pubName="DO2" artType="Resolução" pubDate="02/04/2018" artClass="00025:00003:00009:00000:00000:00000:00000:00000:00000:00000:00031:00001" artCategory="Ministério do Meio Ambiente/Agência Nacional de Águas/Secretaria-Geral" artSize="8" artNotes="" numberPage="61" pdfPage="http://pesquisa.in.gov.br/imprensa/jsp/visualiza/index.jsp?data=02/04/2018&amp;jornal=529&amp;pagina=61" editionNumber="62" highlight="" idMateria="10640048">
  <body>
    <Identifica><![CDATA[ RESOLUÇÃO Nº 23, DE 28 DE MARÇO DE 2018]]></Identifica>
    <Data><![CDATA[]]></Data>
    <Ementa />
    <Titulo />
    <SubTitulo />
    <Texto><![CDATA[<p class="identifica">RESOLUÇÃO Nº 23, DE 28 DE MARÇO DE 2018</p><p>A SECRETÁRIA-GERAL DA AGÊNCIA NACIONAL DE ÁGUAS - ANA, no uso de suas atribuições e tendo em vista a delegação de competência que lhe foi atribuída pela Portaria no124, de 15 de outubro de 2004, torna público que a DIRETORIA COLEGIADA, em sua 691ª Reunião Ordinária, realizada em 5 de março de 2018, com fundamento no art. 7º, inciso X, do Decreto no 3.692, de 19 de dezembro de 2000, autorizou o afastamento do país da servidora Taciana Neto Leme, Especialista em Recursos Hídricos, para realizar visita técnica ao Institute for Water Education - IHE, em Delft, Holanda, no período de 14 de abril a 2 de maio de 2018, inclusive trânsito, com ônus limitado para a Agência, nos termos do Decreto nº 1.387, de 7 de fevereiro de 1995, e da Portaria ANA nº 54, de 24 de fevereiro de 2010. (Processo nº 02501.002381/2017-01).</p><p class="assina">MAYUI VIEIRA GUIMARÃES SCAFURA</p>]]></Texto>
  </body>
</article></xml>