﻿<xml><article id="2347684" name="PT 31 SOGP CHAPECO" idOficio="4732109" pubName="DO2" artType="Portaria" pubDate="02/04/2018" artClass="00022:00029:00241:00011:00025:00000:00000:00000:00000:00000:00025:00018" artCategory="Ministério do Desenvolvimento Social/Instituto Nacional do Seguro Social/Superintendência Regional Sul em Florianópolis/Gerência Executiva - B - em Chapecó/Seção Operacional da Gestão de Pessoas" artSize="8" artNotes="" numberPage="60" pdfPage="http://pesquisa.in.gov.br/imprensa/jsp/visualiza/index.jsp?data=02/04/2018&amp;jornal=529&amp;pagina=60" editionNumber="62" highlight="" idMateria="10641076">
  <body>
    <Identifica><![CDATA[ PORTARIA Nº 31, DE 29 DE MARÇO DE 2018]]></Identifica>
    <Data><![CDATA[]]></Data>
    <Ementa />
    <Titulo />
    <SubTitulo />
    <Texto><![CDATA[<p class="identifica">PORTARIA Nº 31, DE 29 DE MARÇO DE 2018</p><p>O CHEFE DA SEÇÃO OPERACIONAL DA GESTÃO DE PESSOAS DA GERÊNCIA EXECUTIVA DO INSS EM CHAPECÓ/SC, no uso das atribuições que lhe foram conferidas pelo inciso III, alínea "b", do artigo 171 do Regimento Interno, aprovado pela Portaria 296, de 9 de novembro de 2009, publicada no DOU Nº 214, de 10/11/2009, e considerando o que consta no processo nº 36796.000143/2018-97, resolve:</p><p>Conceder aposentadoria voluntária a servidora ROSA MARIA ZUQUETTI MENA BARRETO, matrícula SIAPE 0574298, ocupante do cargo de Técnico do Seguro Social, Classe "S", Padrão "IV", do quadro de pessoal do Instituto Nacional do Seguro Social, com fundamento no artigo 3º da Emenda Constitucional nº 47/2005, com proventos integrais, acrescido das vantagens a que faz jus. Declarar, em decorrência, vago o referido cargo.</p><p class="assina">JOSÉ FRANCISCO PEREIRA</p>]]></Texto>
  </body>
</article></xml>