﻿<xml><article id="2349508" name="GM_DESP-EVGP-29032018" idOficio="4731875" pubName="DO2" artType="Despacho" pubDate="02/04/2018" artClass="00027:00001:00000:00000:00000:00000:00000:00000:00000:00000:00019:00002" artCategory="Ministério do Trabalho/Gabinete do Ministro" artSize="8" artNotes="" numberPage="64" pdfPage="http://pesquisa.in.gov.br/imprensa/jsp/visualiza/index.jsp?data=02/04/2018&amp;jornal=529&amp;pagina=64" editionNumber="62" highlight="" idMateria="10640840">
  <body>
    <Identifica><![CDATA[ DESPACHO de 29 de março de 2018]]></Identifica>
    <Data><![CDATA[]]></Data>
    <Ementa />
    <Titulo />
    <SubTitulo />
    <Texto><![CDATA[<p class="identifica">DESPACHO de 29 de março de 2018</p><p>Processo n.º 46011.000052/2018-95</p><p>O MINISTRO DE ESTADO DO TRABALHO - SUBSTITUTO, no uso da competência que lhe foi delegada pelo Decreto n.º 1.387, de 07 de fevereiro de 1995, autoriza o afastamento do país da servidora:</p><p>EVA PATRICIA GONÇALO PIRES, Diretora do Departamento de Segurança e Saúde no Trabalho, para participar das Reuniões dos Órgãos Sociolaborais do Mercosul, a realizar-se em Assunção, Paraguai, no período de 09 a 12 de abril de 2018, inclusive trânsito, com ônus.</p><p class="assina">LEONARDO JOSÉ ARANTES</p>]]></Texto>
  </body>
</article></xml>