﻿<xml><article id="2347405" name="PT 115-117 SOGP RJ CENTRO" idOficio="4732078" pubName="DO2" artType="Portaria" pubDate="02/04/2018" artClass="00022:00029:00240:00006:00034:00003:00000:00000:00000:00000:00025:00001" artCategory="Ministério do Desenvolvimento Social/Instituto Nacional do Seguro Social/Superintendência Regional Sudeste II em Belo Horizonte/Gerência Executiva - A - Rio de Janeiro - Centro/Serviço de Administração/Seção Operacional  de Gestão de Pessoas" artSize="8" artNotes="" numberPage="58" pdfPage="http://pesquisa.in.gov.br/imprensa/jsp/visualiza/index.jsp?data=02/04/2018&amp;jornal=529&amp;pagina=58" editionNumber="62" highlight="" idMateria="10641010">
  <body>
    <Identifica><![CDATA[ PORTARIAS DE 29 DE MARÇO DE 2018]]></Identifica>
    <Data><![CDATA[]]></Data>
    <Ementa />
    <Titulo />
    <SubTitulo />
    <Texto><![CDATA[<p class="identifica">PORTARIAS DE 29 DE MARÇO DE 2018</p><p>A CHEFE DA SEÇÃO OPERACIONAL DA GESTÃO DE PESSOAS DA GERÊNCIA EXECUTIVA CENTRO, no Estado do Rio de Janeiro, no uso das atribuições estabelecidas no artigo 235 do Regimento Interno, aprovado pela PT/MDS nº 414, de 28/09/2017, publicada no DOU nº 188-A, Seção I de 29/09/2017, resolve:</p><p>Nº 115 - Conceder aposentadoria voluntária ao servidor EVANDRO PEREIRA DO VALLE, matrícula SIAPE 758.166, lotado na Agência da Previdência Social Rio de Janeiro - Jacarepaguá (17.001.190), ocupante do cargo de Técnico do Seguro Social, classe "S", padrão IV, (NI), do Quadro de Pessoal do Instituto Nacional do Seguro Social, com fundamento no artigo 3º, incisos I, II, III e parágrafo único da Emenda Constitucional nº 47, de 05 de julho de 2005. (Processo nº 35301.001343/2018-19)</p><p>Em consequência declarar vago o referido cargo.</p><p>Nº 116 - Conceder aposentadoria voluntária a servidora JUPIRA DE SÃO JOSÉ GARCIA, matrícula SIAPE 911.368, lotada na Corregedoria Regional no Rio de Janeiro (17.800), ocupante do cargo de Agente de Serviços Diversos, classe "S", padrão IV, (NI), do Quadro de Pessoal do Instituto Nacional do Seguro Social, com fundamento no artigo 3º, incisos I, II, III e parágrafo único da Emenda Constitucional nº 47, de 05 de julho de 2005. (Processo nº 35301.002931/2017-99)</p><p>Em consequência declarar vago o referido cargo.</p><p>Nº 117 - Conceder aposentadoria voluntária a servidora CLAUDESIA MENDES DE SANTANA ABI ZAID, matrícula SIAPE 910.716, lotada na Agência da Previdência Social Rio de Janeiro - André Moreira (17.001.010), ocupante do cargo de Técnico do Seguro Social, classe "S", padrão IV, (NI), do Quadro de Pessoal do Instituto Nacional do Seguro Social, com fundamento no artigo 3º, incisos I, II, III e parágrafo único da Emenda Constitucional nº 47, de 05 de julho de 2005. (Processo nº 35301.001433/2017-29)</p><p>Em consequência declarar vago o referido cargo.</p><p class="assina">CONSUELO LOPES PADRÃO</p>]]></Texto>
  </body>
</article></xml>