﻿<xml><article id="2345158" name="DOU_CRH_20180329" idOficio="4731904" pubName="DO2" artType="Portaria" pubDate="02/04/2018" artClass="00026:00030:00011:00066:00000:00000:00000:00000:00000:00000:00025:00001" artCategory="Ministério do Planejamento, Desenvolvimento e Gestão/Fundação Instituto Brasileiro de Geografia e Estatística/Diretoria Executiva/Coordenação de Recursos Humanos" artSize="8" artNotes="" numberPage="63" pdfPage="http://pesquisa.in.gov.br/imprensa/jsp/visualiza/index.jsp?data=02/04/2018&amp;jornal=529&amp;pagina=63" editionNumber="62" highlight="" idMateria="10640649">
  <body>
    <Identifica><![CDATA[ PORTARIAS DE 29 DE MARÇO DE 2018]]></Identifica>
    <Data><![CDATA[]]></Data>
    <Ementa />
    <Titulo />
    <SubTitulo />
    <Texto><![CDATA[<p class="identifica">PORTARIAS DE 29 DE MARÇO DE 2018</p><p>O COORDENADOR de RECURSOS HUMANOS da FUNDAÇÃO INSTITUTO BRASILEIRO DE GEOGRAFIA E ESTATÍSTICA-IBGE, usando de suas atribuições, resolve:</p><p>N° 666 - Dispensar, ANA CLAUDIA RITT, CPF nº 015.079.519-06, da Função Gratificada de Supervisor I, do(a) Supervisão de Serviços de Informática, do(a) Unidade Estadual do IBGE no Paraná, FG - 1, desta Fundação, a partir de 31/03/2018.</p><p>N° 667 - Designar FABIO GONCALVES DE LIMA, CPF nº 062.583.009-10, para exercer a Função Gratificada de Supervisor I, do(a) Supervisão de Serviços de Informática, do(a) Unidade Estadual do IBGE no Paraná, FG - 1, desta Fundação, na forma do disposto no art. 26, da Lei nº 8.216/91.</p><p>N° 668 - Dispensar, RAMON LOURENCO DE ALMEIDA, CPF nº 056.226.504-02, da Função Gratificada de Chefe de Agencia III, do(a) Agência do IBGE em Pau dos Ferros, do(a) Unidade Estadual do IBGE no Rio Grande do Norte, FG - 3, desta Fundação, a partir de 01/04/2018.</p><p>N° 669 - Designar REGISMARY RAMOS VIEIRA, CPF nº 680.823.552-04, para exercer a Função Gratificada de Chefe de Agencia III, do(a) Agência do IBGE em Pau dos Ferros, do(a) Unidade Estadual do IBGE no Rio Grande do Norte, FG - 3, desta Fundação, na forma do disposto no art. 26, da Lei nº 8.216/91.</p><p class="assina">BRUNO TARANTO MALHEIROS</p>]]></Texto>
  </body>
</article></xml>