﻿<xml><article id="2347807" name="PT 13 E 14 SOGP PORTO VELHO" idOficio="4732109" pubName="DO2" artType="Portaria" pubDate="02/04/2018" artClass="00022:00029:00238:00014:00029:00000:00000:00000:00000:00000:00025:00002" artCategory="Ministério do Desenvolvimento Social/Instituto Nacional do Seguro Social/Superintendência Regional Norte/Centro-Oeste em Brasília/Gerência Executiva - B - em Porto Velho/Seção Operacional da Gestão de Pessoas" artSize="8" artNotes="" numberPage="56" pdfPage="http://pesquisa.in.gov.br/imprensa/jsp/visualiza/index.jsp?data=02/04/2018&amp;jornal=529&amp;pagina=56" editionNumber="62" highlight="" idMateria="10641060">
  <body>
    <Identifica><![CDATA[ PORTARIAS DE 28 DE MARÇO DE 2018]]></Identifica>
    <Data><![CDATA[]]></Data>
    <Ementa />
    <Titulo />
    <SubTitulo />
    <Texto><![CDATA[<p class="identifica">PORTARIAS DE 28 DE MARÇO DE 2018</p><p>A CHEFIA DA SEÇÃO OPERACIONAL DA GESTÃO DE PESSOAS DA GERÊNCIA EXECUTIVA DO INSTITUTO NACIONAL DO SEGURO SOCIAL em Rondônia, no uso de suas atribuições conferidas pelo art. 235-I, alínea "b" da Portaria nº 414/MDS de 28 de setembro de 2017, publicado no DOU- Edição Extra nº 188-A de 29 de setembro de 2017, resolve:</p><p>Nº 13 - Conceder aposentadoria voluntária integral a servidora WILMA ALVES NEPOMUCENO DOS ANJOS, Matrícula SIAPE n° 0943984, ocupante do cargo efetivo de Técnico do Seguro Social, Código da Vaga 0547913, Classe "S", Padrão IV, da Carreira do Seguro Social, do quadro de pessoal do INSS, com fundamento no art. 3º da Emenda Constitucional nº 47, de 5 de julho de 2005, com proventos integrais e paridade.Optou pela incorporação da gratificação de desempenho aos proventos de aposentadoria nos termos dos arts. 88 a 92 da Lei nº 13.324/2016, observado o contido no Processo nº 35335.000079/2018-17, declarando em consequência, o referido cargo vago.</p><p>Nº 14 - Conceder aposentadoria voluntária integral ao servidor ANTONIO RIVERO NETO, Matrícula SIAPE n° 0754616, ocupante do cargo efetivo de Técnico do Seguro Social, Código da Vaga 0480729, Classe "S", Padrão IV, da Carreira do Seguro Social, do quadro de pessoal do INSS, com fundamento no art. 3º da Emenda Constitucional nº 47, de 5 de julho de 2005, com proventos integrais e paridade.Optou pela incorporação da gratificação de desempenho aos proventos de aposentadoria nos termos dos arts. 88 a 92 da Lei nº 13.324/2016, observado o contido no Processo nº 35335.000078/2018-64, declarando em consequência, o referido cargo vago.</p><p class="assina">SONIA MARIA MARTINS WERNECK DE ARAUJO</p>]]></Texto>
  </body>
</article></xml>