﻿<xml><article id="2345255" name="Portaria Nº 76" idOficio="4731915" pubName="DO2" artType="Portaria" pubDate="02/04/2018" artClass="00014:00040:00000:00000:00000:00000:00000:00000:00000:00000:00025:00001" artCategory="Ministério da Integração Nacional/Superintendência do Desenvolvimento da Amazônia" artSize="8" artNotes="" numberPage="42" pdfPage="http://pesquisa.in.gov.br/imprensa/jsp/visualiza/index.jsp?data=02/04/2018&amp;jornal=529&amp;pagina=42" editionNumber="62" highlight="" idMateria="10640745">
  <body>
    <Identifica><![CDATA[ Portaria Nº 76, DE 26 DE março DE 2018]]></Identifica>
    <Data><![CDATA[]]></Data>
    <Ementa />
    <Titulo />
    <SubTitulo />
    <Texto><![CDATA[<p class="identifica">Portaria Nº 76, DE 26 DE março DE 2018</p><p>O SUPERINTENDENTE DA SUPERINTENDÊNCIA DO DESENVOLVIMENTO DA AMAZÔNIA - SUDAM, no uso das atribuições que lhe confere o Decreto nº 8.275, de 27/06/2014, publicado no DOU de 30/06/2014 e alterações, bem como o Decreto Presidencial de 17/08/2015, publicado no DOU de 18/08/2015, resolve:</p><p>Art. 1º Dispensar, a pedido, o servidor LUIZ GUILHERME PANTOJA MOREIRA, matrícula SIAPE nº 2173586, do encargo de substituto eventual do Chefe, código FCPE 101.2, da Divisão de Relacionamento Institucional, da Assessoria de Gestão Institucional, desta Autarquia, a contar de 01/03/2018.</p><p>Art. 2º Designar o servidor DAVID MOURÃO AYAN, matrícula SIAPE nº 1925398, para exercer o encargo de substituto eventual do Chefe, código FCPE 101.2, da Divisão de Relacionamento Institucional, da Assessoria de Gestão Institucional, desta Autarquia, nos afastamentos e impedimentos legais do titular do cargo, sem prejuízo de suas atribuições, a contar de 01/03/2018.</p><p>Art. 3º Dispensar, a pedido, o servidor LUIZ GUILHERME PANTOJA MOREIRA, matrícula SIAPE nº 2173586, do encargo de substituto, do Chefe, código DAS 101.2, da Divisão de Desenvolvimento Institucional, da Assessoria de Gestão Institucional, desta Autarquia, a contar de 01/03/2018.</p><p>Art. 4º Designar o servidor DAVID MOURÃO AYAN, matrícula SIAPE nº 1925398, para exercer o encargo de substituto eventual do Chefe, código FCPE 101.2, da Divisão de Relacionamento Institucional, da Assessoria de Gestão Institucional desta Autarquia, nos afastamentos e impedimentos legais do titular do cargo, sem prejuízo de suas atribuições, a contar de 01/03/2018.</p><p class="assina">PAULO ROBERTO CORREIA DA SILVA</p><p></p>]]></Texto>
  </body>
</article></xml>