﻿<xml><article id="2347921" name="PT 40 SOGP ARAÇATUBA" idOficio="4732109" pubName="DO2" artType="Portaria" pubDate="02/04/2018" artClass="00022:00029:00239:00007:00021:00000:00000:00000:00000:00000:00025:00023" artCategory="Ministério do Desenvolvimento Social/Instituto Nacional do Seguro Social/Superintendência-Regional Sudeste I em São Paulo/Gerência Executiva - B - Araçatuba/Seção Operacional da Gestão de Pessoas" artSize="8" artNotes="" numberPage="56" pdfPage="http://pesquisa.in.gov.br/imprensa/jsp/visualiza/index.jsp?data=02/04/2018&amp;jornal=529&amp;pagina=56" editionNumber="62" highlight="" idMateria="10641081">
  <body>
    <Identifica><![CDATA[ PORTARIA Nº 40 ,  DE  29  DE MARÇO DE 2018]]></Identifica>
    <Data><![CDATA[]]></Data>
    <Ementa />
    <Titulo />
    <SubTitulo />
    <Texto><![CDATA[<p class="identifica">PORTARIA Nº 40 , DE 29 DE MARÇO DE 2018</p><p>A CHEFE DA SEÇÃO OPERACIONAL DA GESTÃO DE PESSOAS DA GERÊNCIA EXECUTIVA DO INSS, EM ARAÇATUBA/SP, no uso das atribuições conferidas pelo artigo 235, Inciso I, alínea "b", da Portaria MPS/MDS nº 414, de 28 de Setembro de 2.017, publicada no DOU - Edição Extra nº 188 - A, de 29 de Setembro de 2.017, que aprovou o Regimento Interno, resolve:</p><p>Conceder aposentadoria voluntária a servidora LOURDES APARECIDA BIANCHINI SILVA, matrícula SIAPE 0.936.285, ocupante do cargo de Técnico do Seguro Social, Classe "S", Padrão "IV", do Quadro de Pessoal do Instituto Nacional do Seguro Social, com fundamento no Artigo 3º da EC nº 47/2005, com proventos integrais, acrescido das demais vantagens previstas na legislação vigente. Processo - 35409.000167/2018-08. Em consequência, declarar vago o referido cargo.</p><p class="assina">BEATRIZ MOIMAZ PEREIRA</p>]]></Texto>
  </body>
</article></xml>