﻿<xml><article id="2347885" name="PT 15 SOGP CONTAGEM" idOficio="4732109" pubName="DO2" artType="Portaria" pubDate="02/04/2018" artClass="00022:00029:00240:00010:00082:00000:00000:00000:00000:00000:00025:00005" artCategory="Ministério do Desenvolvimento Social/Instituto Nacional do Seguro Social/Superintendência Regional Sudeste II em Belo Horizonte/Gerência Executiva - B - Contagem/Seção Operacional da Gestão de Pessoas" artSize="8" artNotes="" numberPage="59" pdfPage="http://pesquisa.in.gov.br/imprensa/jsp/visualiza/index.jsp?data=02/04/2018&amp;jornal=529&amp;pagina=59" editionNumber="62" highlight="" idMateria="10641063">
  <body>
    <Identifica><![CDATA[ PORTARIA Nº 15, DE 29 DE MARÇO DE 2018]]></Identifica>
    <Data><![CDATA[]]></Data>
    <Ementa />
    <Titulo />
    <SubTitulo />
    <Texto><![CDATA[<p class="identifica">PORTARIA Nº 15, DE 29 DE MARÇO DE 2018</p><p>A CHEFE DA SEÇÃO OPERACIONAL DA GESTÃO DE PESSOAS DO INSS EM CONTAGEM/MG, no uso das atribuições conferidas pelo art. 171, III, "b" da Portaria nº 296/MPS, de 9 de novembro de 2009, publicada no Diário Oficial da União nº 214, de 10 de novembro de 2009, que aprova o Regimento Interno do INSS, resolve:</p><p>Conceder aposentadoria voluntária à servidora MARIA ELISABETE DA SILVA, matrícula siape 0894358, Agente de Serviços Diversos, Classe "S", Padrão IV, do Quadro Permanente deste Instituto, fundamentada no art. 3º da EC nº 47/2005, com proventos mensais correspondentes ao vencimento do citado padrão acrescido das demais vantagens previstas na legislação vigente. (PROC. 35113.000033/2018-02)</p><p class="assina">PRISCILA SILVA BARBOSA GANDRA DE OLIVEIRA</p>]]></Texto>
  </body>
</article></xml>