﻿<xml><article id="2343421" name="02.04.2018- Aposentadoria - Segu" idOficio="4731676" pubName="DO2" artType="Portaria" pubDate="02/04/2018" artClass="00007:00003:00802:00406:00000:00000:00000:00000:00000:00000:00025:00002" artCategory="Ministério da Agricultura, Pecuária e Abastecimento/Secretaria Executiva/Departamento de Administração/Coordenação-Geral de Administração de Pessoas" artSize="8" artNotes="" numberPage="8" pdfPage="http://pesquisa.in.gov.br/imprensa/jsp/visualiza/index.jsp?data=02/04/2018&amp;jornal=529&amp;pagina=8" editionNumber="62" highlight="" idMateria="10640349">
  <body>
    <Identifica><![CDATA[ PORTARIA Nº 1.016, DE 28 DE MARÇO DE 2018]]></Identifica>
    <Data><![CDATA[]]></Data>
    <Ementa />
    <Titulo />
    <SubTitulo />
    <Texto><![CDATA[<p class="identifica">PORTARIA Nº 1.016, DE 28 DE MARÇO DE 2018</p><p>O COORDENADOR-GERAL DE ADMINISTRAÇÃO DE PESSOAS, DO MINISTÉRIO DA AGRICULTURA, PECUÁRIA E ABASTECIMENTO, no uso da competência que lhe foi atribuída pelo inciso VI, do § 6º, do artigo 141, da Portaria Ministerial nº 944, de 23 de setembro de 2014, publicada no Diário Oficial do dia seguinte, resolve:</p><p>Conceder aposentadoria por invalidez com proventos integrais ao servidor JOSÉ CELCIO LIMA DANTAS, matrícula SIAPE nº 031784, ocupante do cargo de Auxiliar Operacional em Agropecuária, nível A, classe S, padrão III, lotado na Comissão Executiva do Plano da Lavoura Cacaueira - CEPLAC, do quadro de servidores do Ministério da Agricultura, Pecuária e Abastecimento, nos termos do artigo 40, § 1º, item I da Constituição Federal e no artigo 6-A da Emenda Constitucional nº 41/2003, incluído pela Emenda Constitucional nº 70/2012, combinado com o artigo 186, item I, § 1º da Lei 8.112/1990 (Processo 21084.000071/2018-37).</p><p class="assina">GENILSON ANTONIO SECCHI DE AVILA</p>]]></Texto>
  </body>
</article></xml>