﻿<xml><article id="2346221" name="PORTARIA Geral 23-03" idOficio="4732055" pubName="DO2" artType="Portaria" pubDate="02/04/2018" artClass="00031:00001:00000:00000:00000:00000:00000:00000:00000:00000:00019:00002" artCategory="Ministério dos Transportes, Portos e Aviação Civil/Gabinete do Ministro" artSize="8" artNotes="" numberPage="67" pdfPage="http://pesquisa.in.gov.br/imprensa/jsp/visualiza/index.jsp?data=02/04/2018&amp;jornal=529&amp;pagina=67" editionNumber="62" highlight="" idMateria="10640970">
  <body>
    <Identifica><![CDATA[ PORTARIAS DE  29   DE  MARÇO  DE 2018 ]]></Identifica>
    <Data><![CDATA[]]></Data>
    <Ementa />
    <Titulo />
    <SubTitulo />
    <Texto><![CDATA[<p class="identifica">PORTARIAS DE 29 DE MARÇO DE 2018</p><p>O MINISTRO DE ESTADO DOS TRANSPORTES, PORTOS E AVIAÇÃO CIVIL, no uso das atribuições que lhe confere o artigo 87, parágrafo único, inciso II, da Constituição Federal, e tendo em vista o disposto no artigo 20 da Lei nº 12.815, de 5 de junho de 2013, Lei n° 13.341, de 29 de setembro de 2016, nos artigos 36 e 37 do Decreto nº 8.033, de 27 de junho de 2013, e no artigo 4º da Portaria SEP Nº 244, de 26 de novembro de 2013, resolve:</p><p>Nº 237 Designar, pelo período de 2 (dois) anos, ao Conselho de Autoridade Portuária - CAP, do Porto de Rio Grande/RS, Carlos Frederico Schwochow de Miranda (titular) e Paulo Francisco Miranda Martins (suplente), representantes dos Poder Público, indicados pela Receita Federal do Brasil - RFB.</p><p>Nº 238 Designar, pelo período de 2 (dois) anos, ao Conselho de Autoridade Portuária - CAP, do Porto de Santos/SP, Sandra Aparecida Gimenes Previatti (suplente), representante da Classe empresarial, indicada pela Associação de Comércio Exterior do Brasil- AEB.</p><p>Nº 239 Designar, pelo período de 2 (dois) anos, ao Conselho de Autoridade Portuária - CAP, do Porto de Santos/SP, Reinaldo Augusto Angelini (suplente), representante do Poder Público, indicado pela Receita Federal do Brasil - RFB.</p><p>Nº 240 Designar, pelo período de 02 (dois) anos, ao Conselho de Autoridade Portuária - CAP, do Porto de Niterói/RJ, Mayo Uruguaio Machado Fernandes (titular) e Luiz Roberto dos Santos (suplente), representantes dos Trabalhadores Portuários, indicados pela Federação Nacional - FENCCOVIB.</p><p>Nº 241 Designar, pelo período de 2 (dois) anos, ao Conselho de Autoridade Portuária - CAP, do Porto de Itaguaí/RJ, José Alex Nóbrega de Oliveira (titular) e Ramon Freitas da Silva (suplente), representantes do Poder Público, indicados pela Receita Federal do Brasil - RFB.</p><p>Nº 242 Dispensar, do Conselho de Autoridade Portuária - CAP, do Porto de São Francisco do Sul/SC, Jorge Tacia Filho (titular) e João Ricardo Andrade Chaves (suplente), representantes da Classe Empresarial, indicados pela Associação de Comércio Exterior do Brasil - AEB, e pela Associação Empresarial de São Francisco do Sul - ACISFS.</p><p>Nº 243 Designar, pelo período de 2 (dois) anos, ao Conselho de Autoridade Portuária - CAP, do Porto de São Francisco do Sul/SC, João Ricardo Andrade Chaves (titular), representante da Classe empresarial, indicado pela Associação Empresarial de São Francisco do Sul - ACISFS.</p><p>Nº 244 Dispensar, do Conselho de Autoridade Portuária - CAP, do Porto de São Francisco do Sul/SC, Paulo César Côrtes Corsi (titular) e Eliziane Aparecida da Costa Figueredo (suplente), representantes do Poder Público, indicados pela SC Par Porto de São Francisco do Sul.</p><p>Nº 245 Designar, pelo período de 2 (dois) anos, ao Conselho de Autoridade Portuária - CAP, do Porto de São Francisco do Sul/SC, Luis Henrique Furtado (titular) e Arnaldo Diógines Lopes S'Thiago (suplente), representante do Poder Público, indicados pela SC Par Porto de São Francisco do Sul.</p><p>Nº 246 Dispensar, do Conselho de Autoridade Portuária - CAP, do Porto de Niterói/RJ, Rebecca Caroline Fontoura e Silva (titular), representante do Poder Público, indicada pelo Ministério de Transportes, Portos e Aviação Civil - MTPA.</p><p>Nº 247 Designar, pelo período de 2 (dois) anos, ao Conselho de Autoridade Portuária - CAP, do Porto de Niterói/RJ, Ricardo de Almeida Maia (titular), representante do Poder Público, indicado pelo Ministério de Transportes, Portos e Aviação Civil - MTPA.</p><p>Nº 248 Dispensar, do Conselho de Autoridade Portuária - CAP, dos Portos de Salvador e Aratu/BA, Rodrigo Azevedo Neves (titular), representante da Classe Empresarial, indicado pela Associação de Comércio Exterior do Brasil - AEB.</p><p>Nº 249 Designar, pelo período de 2 (dois) anos, ao Conselho de Autoridade Portuária - CAP, dos Portos de Salvador e Aratu/BA, Marconi Andraos Oliveira (titular), representante da Classe Empresarial, indicado pela Associação Comercial da Bahia.</p><p>Nº 250 Designar, pelo período de 2 (dois) anos, ao Conselho de Autoridade Portuária - CAP, do Porto de Itajaí/SC, Luciano Angel Rodriguez (titular) e Aristides Russi Júnior (suplente), representantes dos Operadores Portuários, indicados pela Federação Nacional dos Operadores Portuários - FENOP.</p><p>Nº 251 Dispensar, do Conselho de Autoridade Portuária - CAP, do Porto de Rio Grande/RS, Marcos Jacques Fonseca (suplente), representante dos Operadores Portuários, indicado pela Federação Nacional dos Operadores Portuários - FENOP.</p><p>Nº 252 Designar, pelo período de 2 (dois) anos, ao Conselho de Autoridade Portuária - CAP, do Porto de Rio Grande/RS, André Lima da Silva (suplente), representante dos Operadores Portuários, indicado pela Federação Nacional dos Operadores Portuários - FENOP.</p><p class="assina">MAURÍCIO QUINTELLA</p>]]></Texto>
  </body>
</article></xml>