﻿<xml><article id="2346389" name="APOSENTADORIA 2018 MARTA ANGÉLIC" idOficio="4732069" pubName="DO2" artType="Portaria" pubDate="02/04/2018" artClass="00012:00002:00012:00032:00003:00000:00000:00000:00000:00000:00025:00001" artCategory="Ministério da Fazenda/Secretaria Executiva/Subsecretaria de Planejamento, Orçamento e Administração/Superintendência de Administração do Ministério da Fazenda no Estado do Rio de Janeiro/Gerência de Gestão de Pessoas" artSize="8" artNotes="" numberPage="39" pdfPage="http://pesquisa.in.gov.br/imprensa/jsp/visualiza/index.jsp?data=02/04/2018&amp;jornal=529&amp;pagina=39" editionNumber="62" highlight="" idMateria="10640999">
  <body>
    <Identifica><![CDATA[ PORTARIAS DE 29 DE MARÇO DE 2018]]></Identifica>
    <Data><![CDATA[]]></Data>
    <Ementa />
    <Titulo />
    <SubTitulo />
    <Texto><![CDATA[<p class="identifica">PORTARIAS DE 29 DE MARÇO DE 2018</p><p>A GERENTE DE GESTÃO DE PESSOAS DA SUPERINTENDÊNCIA DE ADMINISTRAÇÃO DO MINISTÉRIO DA FAZENDA NO ESTADO DO RIO DE JANEIRO, no uso da competência que lhe foi atribuída, por subdelegação pela Portaria GRA/RJ nº 1.085, 02.10.2008, Diário Oficial da União de 17.10.2008, face os termos da Portaria/SRF nº 1.671, de 16.06.2005, publicado no Diário Oficial da União de 20.06.2005, resolve:</p><p>Nº 16 - Aposentar voluntariamente a servidora MARTA ANGÉLICA BATISTA, matrícula SIAPE nº 1126843 SIAPECAD nº 879909, ocupante do cargo de Auditor Fiscal da Receita Federal do Brasil, Classe S, Padrão III, do quadro de pessoal da Secretaria da Receita Federal do Brasil, com fundamento no Art. 3º da Emenda Constitucional nº 47, publicado no DOU de 06/07/2005. (Processo 10768.100747/2018-86).</p><p>Nº 17 - Aposentar voluntariamente a servidora REGINA CELIA LIMA VILANOVA, matrícula SIAPE nº 2218743 SIAPECAD nº 65340, ocupante do cargo de Auditor Fiscal da Receita Federal do Brasil, Classe S, Padrão III, do quadro de pessoal da Secretaria da Receita Federal do Brasil, com fundamento no Art. 3º da Emenda Constitucional nº 47, publicado no DOU de 06/07/2005. (Processo 10768.100752/2018-99).</p><p>A GERENTE DE GESTÃO DE PESSOAS DA SUPERINTENDÊNCIA DE ADMINISTRAÇÃO DO MINISTÉRIO DA FAZENDA NO ESTADO DO RIO DE JANEIRO, no uso da competência que lhe foi atribuída, por subdelegação, pela Portaria/GRA/RJ n.º 1.085, 02.10.2008, Diário Oficial da União de 17.10.2008, resolve:</p><p>Nº 18 - Aposentar voluntariamente o servidor MARCUS DIOGO FERREIRA, matrícula SIAPE nº 106414 SIAPECAD nº 16729, ocupante do cargo de Agente Administrativo, Classe S, Padrão III, do quadro de pessoal do Ministério da Fazenda, com fundamento no Art. 3º da Emenda Constitucional nº 47, publicado no DOU de 06/07/2005. (Processo 10768.100755/2018-22).</p><p>Nº 19 - Aposentar voluntariamente o servidor ALTAIR FERREIRA DE SÃO PEDRO, matrícula SIAPE nº 922759 SIAPECAD nº 854234, ocupante do cargo de Técnico do Seguro Social, Classe S, Padrão IV, do quadro de pessoal do Ministério da Fazenda, com fundamento no Art. 3º da Emenda Constitucional nº 47, publicado no DOU de 06/07/2005. (Processo 10768.100756/2018-77).</p><p>Nº 20 - Aposentar voluntariamente o servidor ROBERTO LUIZ DA SILVA SILVEIRA, matrícula SIAPE nº 106427 SIAPECAD nº 17953, ocupante do cargo de Agente Administrativo, Classe S, Padrão III, do quadro de pessoal do Ministério da Fazenda, com fundamento no Art. 3º da Emenda Constitucional nº 47, publicado no DOU de 06/07/2005. (Processo 19726.100853/2018-21).</p><p>Nº 21 - Aposentar voluntariamente o servidor GERSON DA COSTA, matrícula SIAPE nº 1321841 SIAPECAD nº 81954, ocupante do cargo de Carreira Procurador da Fazenda Nacional, Classe S, Padrão CAT, do quadro de pessoal do Ministério da Fazenda, com fundamento no Art. 3º da Emenda Constitucional nº 47, publicado no DOU de 06/07/2005. (Processo 19726.100957/2018-35).</p><p class="assina">KATIA DE CAMARGO NUNES</p>]]></Texto>
  </body>
</article></xml>