﻿<xml><article id="2343947" name="PORTARIA Nº 1091-EMCFA-MD" idOficio="4731729" pubName="DO2" artType="Portaria" pubDate="02/04/2018" artClass="00010:00027:00000:00000:00000:00000:00000:00000:00000:00000:00025:00001" artCategory="Ministério da Defesa/Estado-Maior Conjunto das Forças Armadas" artSize="8" artNotes="" numberPage="16" pdfPage="http://pesquisa.in.gov.br/imprensa/jsp/visualiza/index.jsp?data=02/04/2018&amp;jornal=529&amp;pagina=16" editionNumber="62" highlight="" idMateria="10640432">
  <body>
    <Identifica><![CDATA[ PORTARIA Nº 1091/EMCFA/MD, DE 26 DE MARÇO DE 2018]]></Identifica>
    <Data><![CDATA[]]></Data>
    <Ementa />
    <Titulo />
    <SubTitulo />
    <Texto><![CDATA[<p class="identifica">PORTARIA Nº 1091/EMCFA/MD, DE 26 DE MARÇO DE 2018</p><p>O CHEFE DO ESTADO-MAIOR CONJUNTO DAS FORÇAS ARMADAS, no uso da atribuição que lhe confere o inciso I do art. 9º do Regulamento da Medalha Mérito Estado-Maior Conjunto das Forças Armadas, aprovado pela Portaria Normativa nº 25/MD, de 9 de maio de 2016, resolve:</p><p>CONCEDER a Medalha Mérito Estado-Maior Conjunto das Forças Armadas ao General de Divisão Fernando Rodrigues Goulart e ao Vice-Almirante Joése de Andrade Bandeira Leandro.</p><p class="assina">Almirante de Esquadra ADEMIR SOBRINHO</p>]]></Texto>
  </body>
</article></xml>