﻿<xml><article id="2343514" name="(Port. nº 516-517-SEI-SE ) ITALO" idOficio="4731688" pubName="DO2" artType="Portaria" pubDate="02/04/2018" artClass="00013:00002:00000:00000:00000:00000:00000:00000:00000:00000:00025:00001" artCategory="Ministério da Indústria, Comércio Exterior e Serviços/Secretaria Executiva" artSize="8" artNotes="" numberPage="42" pdfPage="http://pesquisa.in.gov.br/imprensa/jsp/visualiza/index.jsp?data=02/04/2018&amp;jornal=529&amp;pagina=42" editionNumber="62" highlight="" idMateria="10640365">
  <body>
    <Identifica><![CDATA[ PORTARIAS DE 22 DE MARÇO DE 2018]]></Identifica>
    <Data><![CDATA[]]></Data>
    <Ementa />
    <Titulo />
    <SubTitulo />
    <Texto><![CDATA[<p class="identifica">PORTARIAS DE 22 DE MARÇO DE 2018</p><p>A SECRETÁRIA-EXECUTIVA SUBSTITUTA DO MINISTÉRIO DA INDÚSTRIA, COMÉRCIO EXTERIOR E SERVIÇOS, no uso da competência que lhe foi subdelegada pela Portaria GM/MDIC no305, de 1ode novembro de 2016, e tendo em vista o disposto na Portaria/MP no85, de 17 de abril de 2009, resolve:</p><p>Nº 516-SEI Cessar os efeitos da Gratificação Temporária das Unidades dos Sistemas Estruturadores da Administração Pública Federal - GSISTE, de Nível Intermediário, da Coordenação-Geral de Gestão de Pessoas, concedida ao servidor ITALO LEONE CORREA, matrícula SIAPE nº 2162862, ocupante do cargo efetivo de Agente Administrativo do Quadro de Pessoal deste Ministério.</p><p>Nº 517-SEI Conceder a Gratificação Temporária das Unidades dos Sistemas Estruturadores da Administração Pública Federal - GSISTE, de Nível Intermediário, da Coordenação-Geral de Gestão de Pessoas, à servidora LAURITA SÔNIA BARROS ALVES, matrícula SIAPE nº 1773094, ocupante do cargo efetivo de Agente Administrativo do Quadro de Pessoal deste Ministério.</p><p class="assina">YANA DUMARESQ SOBRAL ALVES</p>]]></Texto>
  </body>
</article></xml>