﻿<xml><article id="2343388" name="PORTARIA Nº 1.068.18" idOficio="4731624" pubName="DO2" artType="Portaria" pubDate="02/04/2018" artClass="00011:00056:00000:00000:00000:00000:00000:00000:00000:00000:00025:00001" artCategory="Ministério da Educação/Instituto Federal de Educação, Ciência e Tecnologia da Bahia" artSize="8" artNotes="" numberPage="24" pdfPage="http://pesquisa.in.gov.br/imprensa/jsp/visualiza/index.jsp?data=02/04/2018&amp;jornal=529&amp;pagina=24" editionNumber="62" highlight="" idMateria="10640209">
  <body>
    <Identifica><![CDATA[ PORTARIA Nº 1.068, DE 27 DE MARÇO DE 2018]]></Identifica>
    <Data><![CDATA[]]></Data>
    <Ementa />
    <Titulo />
    <SubTitulo />
    <Texto><![CDATA[<p class="identifica">PORTARIA Nº 1.068, DE 27 DE MARÇO DE 2018</p><p>O REITOR DO INSTITUTO FEDERAL DE EDUCAÇÃO, CIÊNCIA E TECNOLOGIA DA BAHIA - IFBA, no uso de suas atribuições legais, resolve:</p><p>Art. 1º Designar a servidora Edna da Silva Matos, Diretora Geral pro tempore, portadora do CPF: 318.368.445-49, matrícula SIAPE: 1115129, como ordenadora de despesas do Campus Santo Antonio de Jesus e o servidor Humberto Ataide Santiago Júnior, Diretor de Administração e Patrimônio, CPF: 806.233.015-04, matrícula SIAPE nº 1753572 como ordenador de despesas substituto.</p><p>Art. 2º Esta Portaria entra em vigor na data da sua publicação.</p><p class="assina">RENATO DA ANUNCIAÇÃO FILHO</p>]]></Texto>
  </body>
</article></xml>