﻿<xml><article id="2343604" name="PORTARIAS CENTRO 2017 I - DOU__0" idOficio="4731700" pubName="DO2" artType="Portaria" pubDate="02/04/2018" artClass="00011:00135:00003:00000:00000:00000:00000:00000:00000:00000:00025:00001" artCategory="Ministério da Educação/Universidade Federal de Santa Maria/Centro de Ciências Naturais e Exatas" artSize="8" artNotes="" numberPage="36" pdfPage="http://pesquisa.in.gov.br/imprensa/jsp/visualiza/index.jsp?data=02/04/2018&amp;jornal=529&amp;pagina=36" editionNumber="62" highlight="" idMateria="10640378">
  <body>
    <Identifica><![CDATA[ PORTARIAS DE 29 DE MARÇO DE 2018 ]]></Identifica>
    <Data><![CDATA[]]></Data>
    <Ementa />
    <Titulo />
    <SubTitulo />
    <Texto><![CDATA[<p></p><p class="identifica">PORTARIAS DE 29 DE MARÇO DE 2018</p><p>A DIRETORA DO CENTRO DE CIÊNCIAS NATURAIS E EXATAS DA UNIVERSIDADE FEDERAL DE SANTA MARIA, no uso de suas atribuições legais e estatutárias, resolve:</p><p>Nº 32-DESIGNAR Oscar Endrigo Dorneles Rodrigues, Matrícula SIAPE 1664353, ocupante do cargo de Professor 3º Grau, do Quadro Único de Pessoal da UFSM, para exercer a função de Coordenador do Curso-Programa de Pós-Graduação em Química, FCC (FCC-007)</p><p>II - Esta Portaria entra em vigor na data de sua publicação e tem validade de dois anos.</p><p>Nº 33-DESIGNAR Sandro Santos, Matrícula SIAPE 1062287, ocupante do cargo de Professor 3º Grau, do Quadro Único de Pessoal da UFSM, para exercer a Função de Chefe do Departamento de Ecologia e Evolução, FG (FG-1.231).</p><p>II - Esta Portaria entra em vigor na data de sua publicação e tem validade por dois anos.</p><p>Nº 34-DESIGNAR André Passaglia Schuch, Matrícula SIAPE 2296873, ocupante do cargo de Professor 3º Grau, do Quadro Único de Pessoal da UFSM, para exercer a Função de Coordenador do Curso-Programa de Pós-Graduação em Biodiversidade Animal, FCC. (FCC.013).</p><p>II - Esta Portaria entra em vigor na data de sua publicação e tem validade de dois anos.</p><p class="assina">SONIA ZANINI CECHIN</p><p></p>]]></Texto>
  </body>
</article></xml>