﻿<xml><article id="2345537" name="PORT Nº 190" idOficio="4731977" pubName="DO2" artType="Portaria" pubDate="02/04/2018" artClass="00027:00002:00000:00000:00000:00000:00000:00000:00000:00000:00025:00004" artCategory="Ministério do Trabalho/Secretaria Executiva" artSize="8" artNotes="" numberPage="65" pdfPage="http://pesquisa.in.gov.br/imprensa/jsp/visualiza/index.jsp?data=02/04/2018&amp;jornal=529&amp;pagina=65" editionNumber="62" highlight="" idMateria="10640814">
  <body>
    <Identifica><![CDATA[ PORTARIA N° 190, DE 29 DE MARÇO DE 2018]]></Identifica>
    <Data><![CDATA[]]></Data>
    <Ementa />
    <Titulo />
    <SubTitulo />
    <Texto><![CDATA[<p class="identifica">PORTARIA N° 190, DE 29 DE MARÇO DE 2018</p><p>O SECRETÁRIO EXECUTIVO DO MINISTÉRIO DO TRABALHO - SUBSTITUTO, no uso da competência que lhe foi delegada no inciso I, do artigo 3º, da Portaria GM/MTb n° 874, de 07 de julho de 2017, publicada no Diário Oficial da União de 10 de julho de 2017, e tendo em vista o disposto no Decreto n.º 8.894, de 03 de novembro de 2016, publicado no Diário Oficial da União de 04 de novembro de 2016, resolve:</p><p>Designar CÍRIO JOSÉ DE CASTRO, CPF n° ***.979.952-**, matrícula Siape nº 0259930, para exercer o encargo de substituto eventual do Chefe da Divisão de Análise Contábil, da Coordenação de Contabilidade, da Coordenação-Geral de Orçamento, Finanças e Contabilidade, da Subsecretaria de Orçamento e Administração, da Secretaria Executiva, código FCPE 101.2, deste Ministério, nos seus afastamentos ou impedimentos regulamentares, sem prejuízo das respectivas atribuições.</p><p class="assina">LEONARDO JOSÉ ARANTES</p>]]></Texto>
  </body>
</article></xml>