﻿<xml><article id="2388158" name="DOU_PR_20180329" idOficio="4731981" pubName="DO2" artType="Portaria" pubDate="04/04/2018" artClass="00026:00030:00000:00000:00000:00000:00000:00000:00000:00000:00025:00001" artCategory="Ministério do Planejamento, Desenvolvimento e Gestão/Fundação Instituto Brasileiro de Geografia e Estatística" artSize="8" artNotes="" numberPage="43" pdfPage="http://pesquisa.in.gov.br/imprensa/jsp/visualiza/index.jsp?data=04/04/2018&amp;jornal=529&amp;pagina=43" editionNumber="64" highlight="" idMateria="10640820">
  <body>
    <Identifica><![CDATA[ PORTARIAS DE 23 DE MARÇO DE 2018]]></Identifica>
    <Data><![CDATA[]]></Data>
    <Ementa />
    <Titulo />
    <SubTitulo />
    <Texto><![CDATA[<p class="identifica">PORTARIAS DE 23 DE MARÇO DE 2018</p><p>O PRESIDENTE da FUNDAÇÃO INSTITUTO BRASILEIRO DE GEOGRAFIA E ESTATÍSTICA-IBGE, usando de suas atribuições, resolve:</p><p>N° 208 - Dispensar, MARCOS PAULO SOARES DE FREITAS, CPF nº 053.705.497-96, da função de substituto do cargo de Coordenador, do(a) Coordenação de Métodos e Qualidade, do(a) Diretoria de Pesquisas, FCPE - 101.3, desta Fundação.</p><p>Nº 209 - Nomear MARCOS PAULO SOARES DE FREITAS, CPF nº 053.705.497-96, para exercer o cargo em comissão de Coordenador, do(a) Coordenação de Métodos e Qualidade, do(a) Diretoria de Pesquisas, FCPE - 101.3, desta Fundação, na forma do disposto na Lei nº 5.645/70 e no artigo 9º, inciso II, combinado com o art. 62 da Lei nº 8.112/90, com redação dada pela Lei nº 9.527/97.</p><p>Nº 215 - Exonerar, a pedido, SONIA ALBIERI, CPF nº 001.970.118-70, do cargo em comissão de Coordenador, do(a) Coordenação de Métodos e Qualidade, do(a) Diretoria de Pesquisas, FCPE - 101.3, desta Fundação, na forma do disposto no artigo 35, inciso II, da Lei nº 8.112/90, com redação dada pela Lei nº 9.527/97.</p><p class="assina">ROBERTO LUIS OLINTO RAMOS</p>]]></Texto>
  </body>
</article></xml>