﻿<xml><article id="2346401" name="Edital 08-2018 Suspensão de paga" idOficio="4732074" pubName="DO2" artType="Edital" pubDate="02/04/2018" artClass="00099:00017:00002:00001:00005:00000:00000:00000:00000:00000:00000:00021:00002" artCategory="Editais e Avisos" artSize="12" artNotes="" numberPage="91" pdfPage="http://pesquisa.in.gov.br/imprensa/jsp/visualiza/index.jsp?data=02/04/2018&amp;jornal=529&amp;pagina=91" editionNumber="62" highlight="" idMateria="10641005">
  <body>
    <Identifica><![CDATA[ EDITAL Nº 8, DE 28 DE MARÇO DE 2018]]></Identifica>
    <Data><![CDATA[]]></Data>
    <Ementa />
    <Titulo />
    <SubTitulo />
    <Texto><![CDATA[<p class="identifica">EDITAL Nº 8, DE 28 DE MARÇO DE 2018</p><p>O Coordenador-Geral de Gestão de Pessoas, no uso das atribuições legais, resolve:</p><p>1. Tornar pública a suspensão do pagamento dos aposentados e pensionistas, UPAG-DF, aniversariantes do mês de dezembro/2018, que não atenderam à convocação e notificação para realizar o recadastramento anual, conforme estabelecido no inciso "a" do artigo 11 da Orientação Normativa nº 01 - SEGEP/MP, de 02 de janeiro de 2017, na seguinte ordem: nome, CPF, matrícula e tipo/benefício.</p><p></p><table><tr /><tr><td><p>Nome</p></td><td><p>CPF</p></td><td><p>Matrícula</p></td><td><p>Tipo / Benefício</p></td></tr><tr><td><p>HELENO RAIMUNDO DOS SANTOS</p></td><td><p>072.861.471-53</p></td><td><p>0225302</p></td><td><p>APOSENTADO</p></td></tr><tr><td><p>JANE RODRIGUES</p></td><td><p>242.166.317-20</p></td><td><p>0650911</p></td><td><p>APOSENTADO</p></td></tr><tr><td><p>JOSE ANTONIO DE MOURA</p></td><td><p>118.974.141-53</p></td><td><p>0225488</p></td><td><p>APOSENTADO</p></td></tr><tr><td><p>JOSE DE RIBAMAR DE CARVALHO</p></td><td><p>362.705.127-00</p></td><td><p>0527188</p></td><td><p>APOSENTADO</p></td></tr><tr><td><p>LILIA GALHENO TEIXEIRA</p></td><td><p>342.895.771-72</p></td><td><p>0528365</p></td><td><p>APOSENTADO</p></td></tr><tr><td><p>MARIA DAS GRAÇAS ALVES</p></td><td><p>042.802.701-63</p></td><td><p>0527944</p></td><td><p>APOSENTADO</p></td></tr><tr><td><p>MARIA ROSA QUERALTO UBEDA DE KASTNER</p></td><td><p>010.757.647-34</p></td><td><p>0234970</p></td><td><p>APOSENTADO</p></td></tr><tr><td><p>ANA CAROLINA FEITOSA DA SILVA</p></td><td><p>058.663.861-00</p></td><td><p>0656260</p></td><td><p>PENSIONISTA</p></td></tr><tr><td><p>IRACI ARAUJO MOURA</p></td><td><p>256.532.457-04</p></td><td><p>0228786</p></td><td><p>PENSIONISTA</p></td></tr><tr><td><p>MARIA LINDACY DE LIMA GOMES</p></td><td><p>611.735.331-68</p></td><td><p>0243085</p></td><td><p>PENSIONISTA</p></td></tr><tr><td><p>MARIA LUIZA FEITOSA DA SILVA</p></td><td><p>050.490.511-26</p></td><td><p>0656260</p></td><td><p>PENSIONISTA</p></td></tr><tr><td><p>LOURDES BEZERRA DA SILVA</p></td><td><p>073.851.077-70</p></td><td><p>02679612</p></td><td><p>PENSIONISTA</p></td></tr></table><p>2. A suspensão do pagamento do provento e/ou benefício de pensão foi efetivada na folha de pagamento do mês de março de 2018.</p><p>3. O restabelecimento do pagamento do provento e/ou da pensão fica condicionado ao recadastramento mediante comparecimento pessoal dos interessados na área de gestão de pessoas no Ministério da Saúde, em uma das Unidades de Federação, munido da documentação estabelecida nos art. 5º e 6º da ON nº 1 de 02/01/2017-SEGEP/MP.</p><p>3.1. O crédito do(s) pagamento(s) restabelecido(s) será (ao) efetivado(s) na primeira folha de pagamento disponível para inclusão.</p><p>4. Na hipótese de impossibilidade de comparecer por motivo de moléstia grave e/ou de incapacidade de locomoção, do aposentado e/ou pensionista, deverá solicitar agendamento de visita técnica, para fins de regularização do benefício, por meio do telefone (61) 3315-2612, ficando o pagamento restabelecido provisoriamente até que seja realizada a visita técnica, observado o disposto no item 3.1 do presente Edital.</p><p class="assina">PABLO MARCOS GOMES LEITE</p>]]></Texto>
  </body>
</article></xml>