﻿<xml><article id="2346278" name="Port. 248 - ATQ INT EC 47 - JOI " idOficio="4732063" pubName="DO2" artType="Portaria" pubDate="02/04/2018" artClass="00011:00134:00001:00012:00007:00000:00000:00000:00000:00000:00025:00001" artCategory="Ministério da Educação/Universidade Federal de Santa Catarina/Reitoria/Pró-Reitoria de Desenvolvimento e Gestão de Pessoas/Departamento de Administração de Pessoal" artSize="8" artNotes="" numberPage="35" pdfPage="http://pesquisa.in.gov.br/imprensa/jsp/visualiza/index.jsp?data=02/04/2018&amp;jornal=529&amp;pagina=35" editionNumber="62" highlight="" idMateria="10640982">
  <body>
    <Identifica><![CDATA[ PORTARIA Nº 248, DE 28 DE MARÇO DE 2018 ]]></Identifica>
    <Data><![CDATA[]]></Data>
    <Ementa />
    <Titulo />
    <SubTitulo />
    <Texto><![CDATA[<p class="identifica">PORTARIA Nº 248, DE 28 DE MARÇO DE 2018</p><p>A Diretora do Departamento de Administração de Pessoal da Universidade Federal de Santa Catarina, no uso de suas atribuições, resolve:</p><p>Aposentar JOI CLETISON ALVES, matrícula SIAPE 1157938, código de vaga nº 64844, ocupante do cargo de Diretor de Produção, nível de classificação E, nível de capacitação 1, padrão de vencimento 16, no regime de trabalho de 40 (quarenta) horas semanais, da carreira técnico-administrativa da Universidade Federal de Santa Catarina, nos termos do art. 3º, incisos I a III e parágrafo único da Emenda Constitucional nº 47 de 05 de julho de 2005, com proventos integrais, incorporando 16% (dezesseis por cento) de adicional por tempo de serviço e a incorporação de 2/10 (dois décimos) de FG-03, transformados em vantagem pessoal nominalmente identificada de que trata o artigo 62-A da Lei n° 8.112/90, com redação dada pela Medida Provisória nº 2.225-45 de 04 de setembro de 2001. (Processo nº 23080.074418/2016-81)</p><p></p><p class="assina">Rita de Cássia Knabben</p><p></p>]]></Texto>
  </body>
</article></xml>