﻿<xml><article id="2344783" name="29.03.2018 -CGGP 1" idOficio="4731847" pubName="DO2" artType="Portaria" pubDate="02/04/2018" artClass="00015:00034:00242:00053:00000:00000:00000:00000:00000:00000:00025:00002" artCategory="Ministério da Justiça/Fundação Nacional do Índio/Diretoria de Administração e Gestão/Coordenação-Geral de Gestão de Pessoas" artSize="8" artNotes="" numberPage="44" pdfPage="http://pesquisa.in.gov.br/imprensa/jsp/visualiza/index.jsp?data=02/04/2018&amp;jornal=529&amp;pagina=44" editionNumber="62" highlight="" idMateria="10640604">
  <body>
    <Identifica><![CDATA[ PORTARIA Nº 99, DE 28 DE MARÇO DE 2018]]></Identifica>
    <Data><![CDATA[]]></Data>
    <Ementa />
    <Titulo />
    <SubTitulo />
    <Texto><![CDATA[<p class="identifica">PORTARIA Nº 99, DE 28 DE MARÇO DE 2018</p><p>O COORDENADOR-GERAL DE GESTÃO DE PESSOAS DA FUNDAÇÃO NACIONAL DO ÍNDIO - FUNAI, no uso das atribuições que lhe são conferidas pela Portaria nº 972/PRES, de 15 de agosto de 2013, publicada no Diário Oficial da União nº 159, de 19 de agosto de 2013, e tendo em vista o que consta na Certidão de Óbito, Matrícula nº 096040 01 55 2018 4 00070 207 0014007 87, do 4º Ofício de Notas e Registro Civil, da comarca de Porto Velho-RO, resolve:</p><p>Declarar vago, a partir de 22 de fevereiro de 2018, o cargo de Assistente Administrativo, NI-S-III, nos termos do inciso IX do art. 33, da Lei nº 8.112/90, em virtude do falecimento do servidor ALDEMIR CUSTÓDIO FERREIRA, matrícula nº 0695318, do Quadro de Pessoal desta Fundação, lotado na Coordenação Técnica Local em Porto Velho-RO, subordinada à Coordenação Regional de Ji-Paraná-RO.</p><p class="assina">WILLIAM ANDREY DIAS</p>]]></Texto>
  </body>
</article></xml>