﻿<xml><article id="2344217" name="(Port. nº 529-SEI-CGEP) MARCIO A" idOficio="4731781" pubName="DO2" artType="Portaria" pubDate="02/04/2018" artClass="00013:00002:00016:00016:00000:00000:00000:00000:00000:00000:00025:00001" artCategory="Ministério da Indústria, Comércio Exterior e Serviços/Secretaria Executiva/Subsecretaria de Planejamento, Orçamento e Administração/Coordenação-Geral de Gestão de Pessoas" artSize="8" artNotes="" numberPage="42" pdfPage="http://pesquisa.in.gov.br/imprensa/jsp/visualiza/index.jsp?data=02/04/2018&amp;jornal=529&amp;pagina=42" editionNumber="62" highlight="" idMateria="10640496">
  <body>
    <Identifica><![CDATA[ PORTARIA Nº 529 -SEI, DE 26 DE MARÇO DE 2018]]></Identifica>
    <Data><![CDATA[]]></Data>
    <Ementa />
    <Titulo />
    <SubTitulo />
    <Texto><![CDATA[<p class="identifica">PORTARIA Nº 529 -SEI, DE 26 DE MARÇO DE 2018</p><p>A COORDENADORA-GERAL DE GESTÃO DE PESSOAS DO MINISTÉRIO DA INDÚSTRIA, COMÉRCIO EXTERIOR E SERVIÇOS, no uso da competência que lhe foi subdelegada pela Portaria SPOA/SE-MDIC nº 26, de 13 de julho de 2016, e considerando as informações constantes dos autos do processo SEI nº 52006.100366/2018-69, resolve:</p><p>Conceder aposentadoria voluntária, com proventos integrais, ao servidor MÁRCIO ANTÔNIO CORRÊA, matrícula Siape nº 0095104, ocupante do cargo efetivo de Agente de Portaria, Classe "S", Padrão III, do Quadro de Pessoal deste Ministério, com fundamento no art. 3º da Emenda Constitucional nº 47, de 5 de julho de 2005, declarando, em decorrência, a vacância do cargo.</p><p class="assina">MARCELLI KANYO DE QUEIROZ</p>]]></Texto>
  </body>
</article></xml>