﻿<xml><article id="2344702" name="FNDE2_DESPACHO DE 29 DE MARÇO DE" idOficio="4731840" pubName="DO2" artType="Despacho" pubDate="02/04/2018" artClass="00011:00046:00000:00000:00000:00000:00000:00000:00000:00000:00019:00001" artCategory="Ministério da Educação/Fundo Nacional de Desenvolvimento da Educação" artSize="8" artNotes="" numberPage="23" pdfPage="http://pesquisa.in.gov.br/imprensa/jsp/visualiza/index.jsp?data=02/04/2018&amp;jornal=529&amp;pagina=23" editionNumber="62" highlight="" idMateria="10640594">
  <body>
    <Identifica><![CDATA[ DESPACHO DE 29 DE MARÇO DE 2018]]></Identifica>
    <Data><![CDATA[]]></Data>
    <Ementa />
    <Titulo />
    <SubTitulo />
    <Texto><![CDATA[<p class="identifica">DESPACHO DE 29 DE MARÇO DE 2018</p><p>O PRESIDENTE DO FUNDO NACIONAL DE DESENVOLVIMENTO DA EDUCAÇÃO-FNDE, no uso da competência que lhe foi subdelegada pela Portaria de nº 1.578 de 22.12.2017, autoriza o afastamento do país do seguinte servidor:</p><p>MARCILIA DE OLIVEIRA, Técnico em Assuntos Educacionais do Fundo Nacional de Desenvolvimento da Educação - FNDE, de 06/04/2018 a 15/04/2018, trânsito incluso, para participar da cerimônia de assinatura do novo projeto "Fortalecimento dos Programas de Cantinas Escolares de Guiné-Bissau", a ser executado no âmbito da parceria entre o governo brasileiro, o Centro de Excelência contra a Fome do Programa Mundial de Alimentos (PMA) e a Organização das Nações Unidas para Alimentação e Agricultura (FAO) e elaborar e validar o plano de trabalho anual do referido projeto, no exterior, em Guiné-Bissau, com ônus limitado, processo nº 23034.011183/2018-34.</p><p class="assina">SILVIO DE SOUSA PINHEIRO</p>]]></Texto>
  </body>
</article></xml>