﻿<xml><article id="2344609" name="29.03.2018 PRES" idOficio="4731531" pubName="DO2" artType="Portaria" pubDate="02/04/2018" artClass="00015:00034:00000:00000:00000:00000:00000:00000:00000:00000:00025:00001" artCategory="Ministério da Justiça/Fundação Nacional do Índio" artSize="8" artNotes="" numberPage="43" pdfPage="http://pesquisa.in.gov.br/imprensa/jsp/visualiza/index.jsp?data=02/04/2018&amp;jornal=529&amp;pagina=43" editionNumber="62" highlight="" idMateria="10640575">
  <body>
    <Identifica><![CDATA[ PORTARIA Nº 423, DE 27 DE MARÇO DE 2018]]></Identifica>
    <Data><![CDATA[]]></Data>
    <Ementa />
    <Titulo />
    <SubTitulo />
    <Texto><![CDATA[<p class="identifica">PORTARIA Nº 423, DE 27 DE MARÇO DE 2018</p><p>O PRESIDENTE DA FUNDAÇÃO NACIONAL DO ÍNDIO - FUNAI, no uso das atribuições que lhe são conferidas pelo Estatuto, aprovado pelo Decreto nº 9.010, de 23 de março de 2017, e pela Portaria nº 2.586/MJ, de 16 de outubro de 2012, publicada no Diário Oficial da União nº 201, de 17 de outubro de 2012, resolve:</p><p>Designar o servidor WILTON REIS SILVA FAHNING, matrícula nº 1916692, CPF nº 016.620.875-27, para exercer a Função Comissionada do Poder Executivo de Chefe do Serviço de Avaliação Funcional, código FCPE 101.1, da Coordenação de Desenvolvimento de Pessoal da Coordenação-Geral de Gestão de Pessoas da Diretoria de Administração e Gestão desta Fundação, passando a ter somente exercício na unidade de destino.</p><p class="assina">FRANKLIMBERG RIBEIRO DE FREITAS</p>]]></Texto>
  </body>
</article></xml>