﻿<xml><article id="2343941" name="Portaria Nomeação Docente 657 a " idOficio="4731727" pubName="DO2" artType="Portaria" pubDate="02/04/2018" artClass="00011:00037:00001:00001:00000:00000:00000:00000:00000:00000:00025:00003" artCategory="Ministério da Educação/Fundação Universidade Federal do Rio Grande/Reitoria/Gabinete do Reitor" artSize="8" artNotes="" numberPage="14" pdfPage="http://pesquisa.in.gov.br/imprensa/jsp/visualiza/index.jsp?data=02/04/2018&amp;jornal=529&amp;pagina=14" editionNumber="62" highlight="" idMateria="10640429">
  <body>
    <Identifica><![CDATA[ PORTARIAS DE 22 DE MARÇO DE 2018]]></Identifica>
    <Data><![CDATA[]]></Data>
    <Ementa />
    <Titulo />
    <SubTitulo />
    <Texto><![CDATA[<p class="identifica">PORTARIAS DE 22 DE MARÇO DE 2018</p><p>A Reitora da Universidade Federal do Rio Grande - FURG, no uso da atribuição que lhe confere o Decreto de 09/01/2017, publicado no Diário Oficial da União em 10/01/2017, e conforme Processo nº 23116.005641/2017-13 resolve:</p><p>Nº 657 NOMEAR em caráter efetivo, FERNANDA CABRAL BORGES, em virtude de habilitação em concurso público de provas e títulos, instituído pelo Edital nº 23, publicado no DOU em 16/08/2017, homologado pelo Edital nº 4, publicado no DOU em 15/03/2018, e de acordo com o Artigo 9º, Item I da Lei nº 8112; artigo 8º da Lei nº 12772 e MP nº 614 de 14/05/2013, para o cargo de Professor do Magistério Superior, Adjunto-A, Classe A, Nível 1, com Doutorado, em regime de trabalho de 40 horas semanais, com Dedicação Exclusiva, com exercício na Escola de Química e Alimentos, para atuar no Campus de Santo Antônio da Patrulha /RS, código da vaga nº 897394.</p><p>A posse ocorrerá no prazo de 30 (trinta) dias, contados da publicação deste ato no DOU.</p><p>A Reitora da Universidade Federal do Rio Grande - FURG, no uso da atribuição que lhe confere o Decreto de 09/01/2017, publicado no Diário Oficial da União em 10/01/2017, e conforme Processo nº 23116.005644/2017-49 resolve:</p><p>Nº 658 NOMEAR em caráter efetivo, GUSTAVO MENDES PLATT, em virtude de habilitação em concurso público de provas e títulos, instituído pelo Edital nº 23, publicado no DOU em 16/08/2017, homologado pelo Edital nº 4, publicado no DOU em 15/03/2018, e de acordo com o Artigo 9º, Item I da Lei nº 8112; artigo 8º da Lei nº 12772 e MP nº 614 de 14/05/2013, para o cargo de Professor do Magistério Superior, Adjunto-A, Classe A, Nível 1, com Doutorado, em regime de trabalho de 40 horas semanais, com Dedicação Exclusiva, com exercício na Escola de Química e Alimentos, para atuar no Campus de Santo Antônio da Patrulha /RS, código da vaga nº 921478.</p><p>A posse ocorrerá no prazo de 30 (trinta) dias, contados da publicação deste ato no DOU.</p><p>A Reitora da Universidade Federal do Rio Grande - FURG, no uso da atribuição que lhe confere o Decreto de 09/01/2017, publicado no Diário Oficial da União em 10/01/2017, e conforme Processo nº 23116.007678/2017-78 resolve:</p><p>Nº 659 NOMEAR em caráter efetivo, KAREN AMARAL TAVARES PINHEIRO, em virtude de habilitação em concurso público de provas e títulos, instituído pelo Edital nº 28, publicado no DOU em 18/10/2017, homologado pelo Edital nº 4, publicado no DOU em 15/03/2018, e de acordo com o Artigo 9º, Item I da Lei nº 8112; artigo 8º da Lei nº 12772 e MP nº 614 de 14/05/2013, para o cargo de Professor do Magistério Superior, Auxiliar-A, Classe A, Nível 1, com Especialização, em regime de trabalho de 40 horas semanais, com exercício na Faculdade de Medicina, para atuar no Campus de Rio Grande/RS, código da vaga nº 318738.</p><p>A posse ocorrerá no prazo de 30 (trinta) dias, contados da publicação deste ato no DOU.</p><p>A Reitora da Universidade Federal do Rio Grande - FURG, no uso da atribuição que lhe confere o Decreto de 09/01/2017, publicado no Diário Oficial da União em 10/01/2017, e conforme Processo nº 23116.007557/2016-45 resolve:</p><p>Nº 660 NOMEAR em caráter efetivo, JULIANA DA SILVA RICARDO NUNES, em virtude de habilitação em concurso público de provas e títulos, instituído pelo Edital nº 33, publicado no DOU em 07/10/2016, homologado pelo Edital nº 8, publicado no DOU em 23/03/2017, e de acordo com o Artigo 9º, Item I da Lei nº 8112; artigo 8º da Lei nº 12772 e MP nº 614 de 14/05/2013, para o cargo de Professor do Magistério Superior, Adjunto-A, Classe A, Nível 1, com Doutorado, em regime de trabalho de 40 horas semanais, com Dedicação Exclusiva, com exercício no Instituto de Matemática, Estatística e Física, para atuar no Campus de Rio Grande/RS, código da vaga nº 318526.</p><p>A posse ocorrerá no prazo de 30 (trinta) dias, contados da publicação deste ato no DOU.</p><p class="assina">CLEUZA MARIA SOBRAL DIAS</p>]]></Texto>
  </body>
</article></xml>