﻿<xml><article id="2343884" name="P235818" idOficio="4731736" pubName="DO2" artType="Portaria" pubDate="02/04/2018" artClass="00011:00129:00001:00000:00000:00000:00000:00000:00000:00000:00025:00002" artCategory="Ministério da Educação/Universidade Federal do Rio Grande do Sul/Reitoria" artSize="8" artNotes="" numberPage="33" pdfPage="http://pesquisa.in.gov.br/imprensa/jsp/visualiza/index.jsp?data=02/04/2018&amp;jornal=529&amp;pagina=33" editionNumber="62" highlight="" idMateria="10640223">
  <body>
    <Identifica><![CDATA[ PORTARIAS DE 28 DE MARO DE 2018]]></Identifica>
    <Data><![CDATA[]]></Data>
    <Ementa />
    <Titulo />
    <SubTitulo />
    <Texto><![CDATA[<p class="identifica">PORTARIAS DE 28 DE MARO DE 2018</p><p>O REITOR DA UNIVERSIDADE FEDERAL DO RIO GRANDE DO SUL, no uso de suas atribuições legais e estatutárias, resolve:</p><p>N° 2.358 - Conceder aposentadoria, nos termos do artigo 3º, incisos I, II, III, da Emenda Constitucional nº 47, de 5 de julho de 2005, publicada no Diário Oficial da União do dia 6 subsequente, a MARCO ANTONIO DA CUNHA LEAO, matrícula SIAPE nº 0353851, no cargo de Vigilante, nível de classificação D, nível de capacitação IV, padrão 16, do Quadro desta Universidade, no regime de quarenta horas semanais de trabalho, com exercício no Setor de Canil da Coordenadoria de Segurança, com proventos integrais. Processo 23078.001360/2018-68.</p><p>N° 2.359 - Conceder aposentadoria, nos termos do artigo 3º, incisos I, II, III, da Emenda Constitucional nº 47, de 5 de julho de 2005, publicada no Diário Oficial da União do dia 6 subsequente, a FRANCISCO CARLOS BRAGANCA DE SOUZA, matrícula SIAPE nº 0352425, no cargo de Professor Titular da Carreira do Magistério Superior, do Quadro desta Universidade, no regime de dedicação exclusiva, com exercício no Departamento de Obras Hidráulicas do Instituto de Pesquisas Hidráulicas, com proventos integrais. Processo 23078.000253/2018-12.</p><p>N° 2.360 - Conceder aposentadoria, nos termos do artigo 40, parágrafo 1º, inciso I, da Constituição Federal, na forma disposta no artigo 1º da Emenda Constitucional nº 41, de 19 de dezembro de 2003, a DANIEL BRASIL, matrícula SIAPE nº 1446212, no cargo de Assistente em Administração, nível de classificação D, nível de capacitação II, padrão 09, do Quadro desta Universidade, no regime de quarenta horas semanais de trabalho, com exercício na Biblioteca da Escola de Engenharia, com proventos proporcionais e calculados de acordo com o artigo 1º da Lei nº 10.887, de 18 de junho de 2004.Processo 23078.023631/2017-55.</p><p>N° 2.361 - Conceder aposentadoria, nos termos do artigo 6º, incisos I, II, III e IV, da Emenda Constitucional nº 41, de 19 de dezembro de 2003, publicada no Diário Oficial da União do dia 31 subsequente, a LUIZ BIAZUS, matrícula SIAPE nº 0353672, no cargo de Professor Adjunto, nível 2, da Carreira do Magistério Superior, do Quadro desta Universidade, no regime de dedicação exclusiva, com exercício no Departamento de Educação Física da Escola de Educação Física, Fisioterapia e Dança, com proventos integrais. Processo 23078.020707/2017-91.</p><p>N° 2.365 - Conceder aposentadoria, nos termos do artigo 6º, incisos I, II, III e IV, da Emenda Constitucional nº 41, de 19 de dezembro de 2003, publicada no Diário Oficial da União do dia 31 subsequente, a LORI VIALI, matrícula SIAPE nº 0351115, no cargo de Professor Titular da Carreira do Magistério Superior, do Quadro desta Universidade, no regime de vinte horas semanais de trabalho, com exercício no Departamento de Estatística do Instituto de Matemática e Estatística, com proventos integrais. Processo 23078.200152/2018-40.</p><p class="assina">RUI VICENTE OPPERMANN</p>]]></Texto>
  </body>
</article></xml>