﻿<xml><article id="2344615" name="Portaria N º 73 - Janes Porto Al" idOficio="4731812" pubName="DO2" artType="Portaria" pubDate="02/04/2018" artClass="00012:00002:00012:00019:00001:00000:00000:00000:00000:00000:00025:00005" artCategory="Ministério da Fazenda/Secretaria Executiva/Subsecretaria de Planejamento, Orçamento e Administração/Superintendência de Administração no Espírito Santo/Serviço de Recursos Humanos" artSize="8" artNotes="" numberPage="39" pdfPage="http://pesquisa.in.gov.br/imprensa/jsp/visualiza/index.jsp?data=02/04/2018&amp;jornal=529&amp;pagina=39" editionNumber="62" highlight="" idMateria="10640565">
  <body>
    <Identifica><![CDATA[ PORTARIA Nº 73, DE 29 DE MARÇO DE 2018]]></Identifica>
    <Data><![CDATA[]]></Data>
    <Ementa />
    <Titulo />
    <SubTitulo />
    <Texto><![CDATA[<p class="identifica">PORTARIA Nº 73, DE 29 DE MARÇO DE 2018</p><p>A Superintendente de Administração do Ministério da Fazenda no Espírito Santo, no uso das atribuições que lhe foram conferidas pelo art. 86, Inciso XI, da Portaria GM/MF Nº. 144, de 27 de abril de 2016, publicada no Diário Oficial da União de 29 de abril de 2016, resolve:</p><p>Conceder aposentadoria voluntária à servidora Janes Porto Alves Ferreira, ocupante do cargo de Agente Administrativo, Classe ''S'', Padrão III, do Quadro de Pessoal do Ministério da Fazenda/SAMF/ES, matrícula SIAPE nº 751821 e SIAPECAD nº 58732, de acordo com o artigo 3º da Emenda Constitucional nº 47, de 05/07/2005, publicada no DOU de 06/07/2005, combinado com o artigo 62-A da Lei 8112/90 (Processo SEI nº 10783.100366/2018-17).</p><p class="assina">Jacinta de Fátima Pereira Maciel.</p>]]></Texto>
  </body>
</article></xml>