﻿<xml><article id="2344855" name="PT 59 SÃO LUIS" idOficio="4731851" pubName="DO2" artType="Portaria" pubDate="02/04/2018" artClass="00022:00029:00237:00032:00039:00000:00000:00000:00000:00000:00025:00004" artCategory="Ministério do Desenvolvimento Social/Instituto Nacional do Seguro Social/Superintendência Regional Nordeste em Recife/Gerência Executiva - B - em São Luís/Seção Operacional  de Gestão de Pessoas" artSize="8" artNotes="" numberPage="54" pdfPage="http://pesquisa.in.gov.br/imprensa/jsp/visualiza/index.jsp?data=02/04/2018&amp;jornal=529&amp;pagina=54" editionNumber="62" highlight="" idMateria="10640635">
  <body>
    <Identifica><![CDATA[  PORTARIA Nº 59, DE 27 DE MARÇO DE 2018]]></Identifica>
    <Data><![CDATA[]]></Data>
    <Ementa />
    <Titulo />
    <SubTitulo />
    <Texto><![CDATA[<p class="identifica">PORTARIA Nº 59, DE 27 DE MARÇO DE 2018</p><p>A Chefe Substituta da Seção Operacional da Gestão de Pessoas da Gerência-Executiva do INSS em São Luís/MA, no uso das atribuições que lhe foram conferidas pelo Art. 235, inciso I, alínea "a" e "b"do Regimento Interno do INSS, aprovado pela PT/MDS nº 414, de 28/09/2017, publicada no DOU- Edição Extra nº 188 - A, de 29/09/2017, Seção I, pág. 1/23. resolve:</p><p>Conceder aposentadoria voluntária integral ao servidor Eudes Raulino Saraiva, matrícula SIAPE 0889974, ocupante do cargo de Técnico do Seguro Social, código de vaga 516160 , classe S, padrão IV, do quadro de pessoal do INSS, com fundamento no art. 3º da Emenda Constitucional nº 47, de 5 de julho de 2005, observado o contido no Processo nº 35078.000820/2018-10, declarando, em consequência, o referido cargo vago.</p><p class="assina">JOSEANE SILVA PENHA</p>]]></Texto>
  </body>
</article></xml>