﻿<xml><article id="2344208" name="DG 1.567 e 1.568 - 2018" idOficio="4731780" pubName="DO2" artType="Portaria" pubDate="02/04/2018" artClass="00031:00024:00000:00000:00000:00000:00000:00000:00000:00000:00025:00001" artCategory="Ministério dos Transportes, Portos e Aviação Civil/Departamento Nacional de Infraestrutura de Transportes" artSize="8" artNotes="" numberPage="68" pdfPage="http://pesquisa.in.gov.br/imprensa/jsp/visualiza/index.jsp?data=02/04/2018&amp;jornal=529&amp;pagina=68" editionNumber="62" highlight="" idMateria="10640495">
  <body>
    <Identifica><![CDATA[ PORTARIAS DE 27 DE MARÇO DE 2018 ]]></Identifica>
    <Data><![CDATA[]]></Data>
    <Ementa />
    <Titulo />
    <SubTitulo />
    <Texto><![CDATA[<p class="identifica">PORTARIAS DE 27 DE MARÇO DE 2018</p><p>O DIRETOR-GERAL DO DEPARTAMENTO NACIONAL DE INFRAESTRUTURA DE TRANSPORTES - DNIT, no uso das atribuições que lhe conferem o art. 178 do Regimento Interno aprovado pela Resolução/CA nº 26, de 05/05/2016, publicada no DOU de 12/05/2016 e o constante da Portaria/MT nº 698, de 06/12/2016, publicada no DOU de 07/12/2016, resolve:</p><p>Nº 1.567 - Art. 1º DISPENSAR a servidora VIRGINIA LUIZ CERQUEIRA SANTOS, Analista em Infraestrutura de Transportes, matrícula DNIT nº 5278-7, CPF nº 337.333.888-36, dos encargos de substituta eventual da Chefe do Serviço de Gestão de Pessoas, código FCPE 101.1, da Administração das Hidrovias do Sul - AHSUL desta Autarquia, com efeitos a partir de 30/08/2017, em virtude de remoção.</p><p>Art. 2º Esta Portaria entra em vigor na data de sua publicação.</p><p>Nº 1.568 - Art. 1º DESIGNAR o servidor RENAN YAMASHITA FERREIRA, Analista em Infraestrutura de Transportes, matrícula DNIT nº 5566-2, CPF nº 344.573.988-96, para substituir a Chefe do Serviço de Gestão de Pessoas, código FCPE 101.1, da Administração das Hidrovias do Sul - AHSUL desta Autarquia, nos afastamentos e impedimentos legais ou eventuais.</p><p>Art. 2º Esta Portaria entra em vigor na data de sua publicação.</p><p class="assina">VALTER CASIMIRO SILVEIRA</p><p></p>]]></Texto>
  </body>
</article></xml>