﻿<xml><article id="2345711" name="InCom DGI 038 a 040-2018" idOficio="4732001" pubName="DO2" artType="Portaria" pubDate="02/04/2018" artClass="00008:00019:00011:00000:00000:00000:00000:00000:00000:00000:00025:00001" artCategory="Ministério da Ciência, Tecnologia, Inovações e Comunicações/Comissão Nacional de Energia Nuclear/Diretoria de Gestão Institucional" artSize="8" artNotes="" numberPage="12" pdfPage="http://pesquisa.in.gov.br/imprensa/jsp/visualiza/index.jsp?data=02/04/2018&amp;jornal=529&amp;pagina=12" editionNumber="62" highlight="" idMateria="10640872">
  <body>
    <Identifica><![CDATA[ Portaria de 28 de MArço de 2018]]></Identifica>
    <Data><![CDATA[]]></Data>
    <Ementa />
    <Titulo />
    <SubTitulo />
    <Texto><![CDATA[<p class="identifica">Portaria de 28 de MArço de 2018</p><p>A DIRETORA SUBSTITUTA DE GESTÃO INSTITUCIONAL DA COMISSÃO NACIONAL DE ENERGIA NUCLEAR (CNEN), no uso da atribuição que lhe foi conferida pela Portaria CNEN/PR nº 34, publicada no Diário Oficial da União nº 67, de 09 de abril de 2015, página 04, Seção 1, resolve:</p><p>Nº 38 - Conceder aposentadoria voluntária, com proventos integrais, à servidora MARIA HELENA TIROLLO TADDEI, CPF nº 314.063.606-78, matrícula SIAPE nº 0667727, ocupante do cargo permanente de 002 - Tecnologista Sênior, Classe H, Padrão III, nível superior, vaga nº 0417919, do quadro de pessoal da Comissão Nacional de Energia Nuclear, com fundamento no artigo 3º da Emenda Constitucional nº 47, de 05 de julho de 2005, declarando, em decorrência, a vacância do cargo acima mencionado. (Processo nº 01346.000160/2017-67).</p><p>Nº 39 - Conceder aposentadoria voluntária, com proventos integrais, ao servidor JOSE OSTERNE DA SILVA, CPF nº 098.545.761-91, matrícula SIAPE nº 0131902, ocupante do cargo permanente de Analista em C&amp;T Sênior, Classe H, Padrão III, nível superior, vaga nº 0413709, do quadro de pessoal da Comissão Nacional de Energia Nuclear, com fundamento no artigo 3º da Emenda Constitucional nº 47, de 05 de julho de 2005, declarando, em decorrência, a vacância do cargo acima mencionado. (Processo nº 01341.000269/2018-25).</p><p>Nº 40 - Conceder aposentadoria voluntária, com proventos integrais, ao servidor CARLOS ALBERTO ESTEVES FERREIRA, CPF nº 645.396.877-00, matrícula SIAPE nº 667777, ocupante do cargo permanente de Assistente em C&amp;T, Classe R, Padrão III, nível intermediário, vaga nº 0417954, do quadro de pessoal da Comissão Nacional de Energia Nuclear, com fundamento no artigo 3º da Emenda Constitucional nº 47, de 05 de julho de 2005, declarando, em decorrência, a vacância do cargo acima mencionado. (Processo nº 01341.000530/2018-97).</p><p class="assina">ELIZABETH RODRIGUES CUNHA</p>]]></Texto>
  </body>
</article></xml>