﻿<xml><article id="2344867" name="PT 45 LONDRINA" idOficio="4731851" pubName="DO2" artType="Portaria" pubDate="02/04/2018" artClass="00022:00029:00241:00015:00033:00000:00000:00000:00000:00000:00025:00002" artCategory="Ministério do Desenvolvimento Social/Instituto Nacional do Seguro Social/Superintendência Regional Sul em Florianópolis/Gerência Executiva - B - em Londrina/Seção Operacional da Gestão de Pessoas" artSize="8" artNotes="" numberPage="60" pdfPage="http://pesquisa.in.gov.br/imprensa/jsp/visualiza/index.jsp?data=02/04/2018&amp;jornal=529&amp;pagina=60" editionNumber="62" highlight="" idMateria="10640613">
  <body>
    <Identifica><![CDATA[PORTARIA Nº 45, DE 29 DE MARÇO DE 2018]]></Identifica>
    <Data><![CDATA[]]></Data>
    <Ementa />
    <Titulo />
    <SubTitulo />
    <Texto><![CDATA[<p class="identifica">PORTARIA Nº 45, DE 29 DE MARÇO DE 2018</p><p>A CHEFE SUBSTITUTA DA SEÇÃO OPERACIONAL DA SEÇÃO DE PESSOAS, DA GERÊNCIA EXECUTIVA DO INSS EM LONDRINA, NO ESTADO DO PARANÁ, no uso das atribuições que lhe confere o art. 235 do regimento interno do INSS, aprovado pela portaria MDS n° 414, publicado no DOU extra n° 188-A de 29/09/2017, resolve:</p><p>Art. 1º Conceder aposentadoria voluntária a servidora VERA LUCIA DA SILVA GIBELLATO, matrícula SIAPE 0900699, ocupante do cargo de Técnico do Seguro Social, NI-434550, Classe S, Padrão IV, do Quadro de Pessoal do Instituto Nacional do Seguro Social, com fundamento no artigo 3º da Emenda Constitucional nº 47/2005, com proventos integrais, com base na remuneração do cargo e demais vantagens a que faz jus. Art. 2º Declarar vago o referido cargo. (Processo nº 35194.000056/2018-56).</p><p class="assina">CAMILA DE PAULA PAZ LEME</p>]]></Texto>
  </body>
</article></xml>