﻿<xml><article id="2346260" name="PT_180_18_SEM_EFEITO" idOficio="4732060" pubName="DO2" artType="Portaria" pubDate="02/04/2018" artClass="00017:00026:00024:00000:00000:00000:00000:00000:00000:00000:00025:00002" artCategory="Ministério da Saúde/Secretaria de Atenção à Saúde/Instituto Nacional de Câncer José Alencar Gomes da Silva" artSize="8" artNotes="" numberPage="50" pdfPage="http://pesquisa.in.gov.br/imprensa/jsp/visualiza/index.jsp?data=02/04/2018&amp;jornal=529&amp;pagina=50" editionNumber="62" highlight="" idMateria="10640978">
  <body>
    <Identifica><![CDATA[ Portaria   nº 180, de  7 de março de 2018]]></Identifica>
    <Data><![CDATA[]]></Data>
    <Ementa />
    <Titulo />
    <SubTitulo />
    <Texto><![CDATA[<p></p><p class="identifica">Portaria nº 180, de 7 de março de 2018</p><p>A Diretora-Geral do Instituto Nacional de Câncer José Alencar Gomes da Silva, no uso das atribuições que lhe confere o art. 1º, inciso II da Portaria CGRH/MS nº 1.041 de 30 de outubro de 2009, publicada no Diário Oficial da União nº 209, de 03 de novembro de 2009, seção 1, página 31, resolve:</p><p>Art. 1º Tornar sem efeito a nomeação dos candidatos nomeados pela Portaria INCA/MS nº 101, de 30 de janeiro de 2018, publicada no Diário Oficial da União nº 25, de 05 de fevereiro de 2018, seção 2, página 44, por não tomarem posse no prazo estabelecido, conforme o § 6º do art. 13 da Lei 8.112/90, ou não atenderem aos requisitos de investidura para o cargo.</p><p>Art. 2º Esta Portaria entra em vigor na data de sua publicação.</p><p>EDITAL DE HOMOLOGAÇÃO: EDITAL Nº 07/2017</p><p>CARREIRA: DESENVOLVIMENTO TECNOLÓGICO</p><p>CARGO: TÉCNICO</p><p>CLASSE "O", PADRÃO "I"</p><p></p><table><tr /><tr><td><p>Área</p></td><td><p>Controle de Qualidade em Radiação Ionizante</p></td></tr><tr><td><p>Classificação</p></td><td><p>Nome do Candidato</p></td><td><p>Inscrição</p></td></tr><tr><td><p>2º</p></td><td><p>Vitor Santos Ramos</p></td><td><p>733001427</p></td></tr></table><p>CARREIRA: DESENVOLVIMENTO TECNOLÓGICO</p><p>CARGO: TECNOLOGISTA JÚNIOR</p><p>CLASSE "L", PADRÃO "I"</p><p></p><table><tr /><tr><td><p>Área</p></td><td><p>Medicina - Neurologia Pediátrica</p></td></tr><tr><td><p>Classificação</p></td><td><p>Nome do Candidato</p></td><td><p>Inscrição</p></td></tr><tr><td><p>2º</p></td><td><p>Rita Farias Oliveira</p></td><td><p>733000849</p></td></tr></table><p></p><p></p><p class="assina">ANA CRISTINA PINHO MENDES PEREIRA</p><p></p>]]></Texto>
  </body>
</article></xml>