﻿<xml><article id="2345714" name="MATÉRIA PARA O DOU - I" idOficio="4732002" pubName="DO2" artType="Portaria" pubDate="02/04/2018" artClass="00010:00008:00008:00009:00000:00000:00000:00000:00000:00000:00025:00001" artCategory="Ministério da Defesa/Comando do Exército/Comando Militar do Nordeste/10ª Região Militar" artSize="12" artNotes="" numberPage="15" pdfPage="http://pesquisa.in.gov.br/imprensa/jsp/visualiza/index.jsp?data=02/04/2018&amp;jornal=529&amp;pagina=15" editionNumber="62" highlight="" idMateria="10640873">
  <body>
    <Identifica><![CDATA[                                                                                                                                                                                                                                                           PORTARIA DO CMT 10ª RM]]></Identifica>
    <Data><![CDATA[]]></Data>
    <Ementa />
    <Titulo />
    <SubTitulo />
    <Texto><![CDATA[<p class="identifica">PORTARIA DO CMT 10ª RM</p><p>O COMANDANTE DA 10ª REGIÃO MILITAR no uso da competência que lhe foi subdelegada pelo nº 2. da alínea "d", do inciso IX do art. 2º da Portaria nº 192-DGP, de 1º de outubro de 2015 e, ainda, de acordo com o inciso II do art. 104 e alínea "b" do inciso I do art. 106 da Lei nº 6.880, de 9 de dezembro de 1980, resolve:</p><p>Nº 27 - REFORMAR os militares inativos abaixo relacionados, vinculados à 10ª Região Militar, a contar das datas ao lado dos respectivos nomes, em virtude de terem atingido a idade-limite de permanência na reserva remunerada:</p><p></p><table><tr><td><p>GRAD</p></td><td><p>IDT</p></td><td><p>NOME</p></td><td><p>DATA</p></td></tr><tr><td><p>Cel</p></td><td><p>106646071-6</p></td><td><p>CARLOS ALBERTO DE SOUZA</p></td><td><p>23 OUT 2017</p></td></tr><tr><td><p>Cel</p></td><td><p>077898151-4</p></td><td><p>ERNANI PAULINO DA COSTA</p></td><td><p>01 OUT 2017</p></td></tr><tr><td><p>Cel</p></td><td><p>106646271-2</p></td><td><p>FRANCISCO VANDERLEI TEIXEIRA DE OLIVEIRA</p></td><td><p>09 SET 2017</p></td></tr><tr><td><p>Cel</p></td><td><p>106646321-5</p></td><td><p>JOAQUIM IZIDIO NETO</p></td><td><p>21 FEV 2017</p></td></tr><tr><td><p>Cel</p></td><td><p>026025211-9</p></td><td><p>JOSÉ MATEUS NEGRÃO NOGUEIRA</p></td><td><p>11 JAN 2017</p></td></tr><tr><td><p>Cel</p></td><td><p>010101702-8</p></td><td><p>JOVIANO ALFREDO LOPES</p></td><td><p>07 JUN 2017</p></td></tr><tr><td><p>Cel</p></td><td><p>106646481-7</p></td><td><p>LUIZ ROGÉRIO CASTELO BRANCO MOURÃO</p></td><td><p>19 FEV 2017</p></td></tr><tr><td><p>Cel</p></td><td><p>028819501-9</p></td><td><p>MAURO FERNANDO ARAGÃO MENDES</p></td><td><p>28 OUT 2017</p></td></tr><tr><td><p>Cel</p></td><td><p>011278792-4</p></td><td><p>PAULO SÉRGIO PEREIRA SALGUEIRO</p></td><td><p>23 NOV 2017</p></td></tr><tr><td><p>Cel</p></td><td><p>019970951-0</p></td><td><p>VILMAR FERNANDES BARBOSA</p></td><td><p>14 ABR 2017</p></td></tr><tr><td><p>Cel</p></td><td><p>010049942-5</p></td><td><p>WANDOCYR EDY MORI ROMERO</p></td><td><p>18 JUN 2017</p></td></tr><tr><td><p>Ten Cel</p></td><td><p>011278322-0</p></td><td><p>EVALDO GONÇALVES DE CARVALHO</p></td><td><p>24 ABR 2017</p></td></tr><tr><td><p>Ten Cel</p></td><td><p>100706682-0</p></td><td><p>FRANCISCO SÉRGIO MARÇAL COELHO</p></td><td><p>20 AGO 2017</p></td></tr><tr><td><p>Ten Cel</p></td><td><p>028818851-9</p></td><td><p>JANDIR LEONEL PIRES</p></td><td><p>17 ABR 2017</p></td></tr><tr><td><p>Ten Cel</p></td><td><p>026025451-1</p></td><td><p>LUIZ GONZAGA FILHO</p></td><td><p>21 JUL 2017</p></td></tr></table><p>O COMANDANTE DA 10ª REGIÃO MILITAR no uso da competência que lhe foi subdelegada pelo nº 2. da alínea "d", do inciso IX do art. 2º da Portaria nº 192-DGP, de 1º de outubro de 2015 e, ainda, de acordo com o inciso II do art. 104 e alínea "c" do inciso I do art. 106 da Lei nº 6.880, de 9 de dezembro de 1980, resolve:</p><p>Nº 28 - REFORMAR os militares inativos abaixo relacionados, vinculados à 10ª Região Militar, a contar das datas ao lado dos respectivos nomes, em virtude de terem atingido a idade-limite de permanência na reserva remunerada:</p><p></p><table><tr><td><p>GRAD</p></td><td><p>IDT</p></td><td><p>NOME</p></td><td><p>DATA</p></td></tr><tr><td><p>Cap</p></td><td><p>033010922-4</p></td><td><p>EDISON MENEZES MARTINS</p></td><td><p>01 AGO 2017</p></td></tr><tr><td><p>Cap</p></td><td><p>105708912-8</p></td><td><p>JOSÉ REINALDO SANTOS</p></td><td><p>24 SET 2017</p></td></tr><tr><td><p>Cap</p></td><td><p>033001572-8</p></td><td><p>PAULO ANTONIO DA SILVA</p></td><td><p>29 JUL 2017</p></td></tr><tr><td><p>Cap</p></td><td><p>104377622-6</p></td><td><p>RENILTO DUARTE BARBOSA</p></td><td><p>16 JUL 2017</p></td></tr><tr><td><p>1º Ten</p></td><td><p>047591612-8</p></td><td><p>CARLOS ANTÔNIO PINTO DE SOUSA</p></td><td><p>21 MAR 2017</p></td></tr><tr><td><p>1º Ten</p></td><td><p>110730633-2</p></td><td><p>EMÍLIO NUNES LACERDA</p></td><td><p>21 SET 2017</p></td></tr><tr><td><p>1º Ten</p></td><td><p>105707872-5</p></td><td><p>ERASMO ARTUR DA SILVA</p></td><td><p>01 JUN 2017</p></td></tr><tr><td><p>2º Ten</p></td><td><p>103318412-6</p></td><td><p>MAURÍCIO CÉSAR DE ARAÚJO</p></td><td><p>30 ABR 2017</p></td></tr></table><p>O COMANDANTE DA 10ª REGIÃO MILITAR no uso da competência que lhe foi subdelegada pelo nº 2. da alínea "d", do inciso IX do art. 2º da Portaria nº 192-DGP, de 1º de outubro de 2015 e, ainda, de acordo com o inciso II do art. 104 e alínea "c" do inciso I do art. 106 da Lei nº 6.880, de 9 de dezembro de 1980, resolve:</p><p>Nº 029 - REFORMAR os militares inativos abaixo relacionados, vinculados à 10ª Região Militar, a contar das datas ao lado dos respectivos nomes, em virtude de terem atingido a idade-limite de permanência na reserva remunerada:</p><p></p><table><tr><td><p>GRAD</p></td><td><p>IDT</p></td><td><p>NOME</p></td><td><p>DATA</p></td></tr><tr><td><p>S Ten</p></td><td><p>100993273-0</p></td><td><p>ERISVALDO SOARES DA SILVA</p></td><td><p>11 SET 2017</p></td></tr><tr><td><p>S Ten</p></td><td><p>105045913-8</p></td><td><p>ETEVALDO FERNANDES BARBOSA</p></td><td><p>01 MAR 2017</p></td></tr><tr><td><p>S Ten</p></td><td><p>101347153-5</p></td><td><p>FRANCISCO MACEDO XAVIER</p></td><td><p>31 DEZ 2017</p></td></tr><tr><td><p>S Ten</p></td><td><p>100996623-3</p></td><td><p>HERBERT BATISTA DA SILVA</p></td><td><p>21 OUT 2017</p></td></tr><tr><td><p>S Ten</p></td><td><p>108429192-9</p></td><td><p>JOSENILDO PEREIRA</p></td><td><p>15 FEV 2017</p></td></tr><tr><td><p>S Ten</p></td><td><p>018546183-7</p></td><td><p>LÚCIO ROCHA DE MELO</p></td><td><p>14 JUN 2017</p></td></tr><tr><td><p>3º Sgt</p></td><td><p>081334863-8</p></td><td><p>ANTÔNIO JOSÉ COSTA</p></td><td><p>12 OUT 2017</p></td></tr><tr><td><p>3º Sgt</p></td><td><p>010452553-0</p></td><td><p>ARNALDO DOS SANTOS AMARAL</p></td><td><p>10 FEV 2017</p></td></tr><tr><td><p>3º Sgt</p></td><td><p>108427032-9</p></td><td><p>DANILO FREITAS MACIEL</p></td><td><p>20 JUL 2017</p></td></tr><tr><td><p>3º Sgt</p></td><td><p>100995963-4</p></td><td><p>DEMERVAL DE PINHO BORGES FILHO</p></td><td><p>26 AGO 2017</p></td></tr><tr><td><p>3º Sgt</p></td><td><p>081338173-8</p></td><td><p>EDILSON ARAÚJO DE SOUZA</p></td><td><p>06 NOV 2017</p></td></tr><tr><td><p>3º Sgt</p></td><td><p>110732303-0</p></td><td><p>FRANCISCO ANTONIO BATISTA</p></td><td><p>01 FEV 2017</p></td></tr><tr><td><p>3º Sgt</p></td><td><p>100996333-9</p></td><td><p>FRANCISCO DAS CHAGAS SOUSA</p></td><td><p>02 AGO 2017</p></td></tr><tr><td><p>3º Sgt</p></td><td><p>070291513-3</p></td><td><p>HÉLIO CAMPOS DE ALBUQUERQUE</p></td><td><p>28 JAN 2017</p></td></tr><tr><td><p>3º Sgt</p></td><td><p>100980963-1</p></td><td><p>JOSÉ ARIMATÉIA CARNEIRO SOMBRA</p></td><td><p>04 MAIO 2017</p></td></tr></table><p class="assina">Gen Div ESTEVAM CALS THEOPHILO GASPAR DE OLIVEIRA</p>]]></Texto>
  </body>
</article></xml>