﻿<xml><article id="2347504" name="2 GABMI DESPACHO RETIFICACAO THI" idOficio="4732084" pubName="DO2" artType="Despacho" pubDate="02/04/2018" artClass="00008:00001:00000:00000:00000:00000:00000:00000:00000:00000:00019:00001" artCategory="Ministério da Ciência, Tecnologia, Inovações e Comunicações/Gabinete do Ministro" artSize="8" artNotes="" numberPage="9" pdfPage="http://pesquisa.in.gov.br/imprensa/jsp/visualiza/index.jsp?data=02/04/2018&amp;jornal=529&amp;pagina=9" editionNumber="62" highlight="" idMateria="10641025">
  <body>
    <Identifica><![CDATA[ RETIFICAÇÃO]]></Identifica>
    <Data><![CDATA[]]></Data>
    <Ementa />
    <Titulo />
    <SubTitulo />
    <Texto><![CDATA[<p class="identifica">RETIFICAÇÃO</p><p>No Despacho do Ministro, publicado no DOU nº 25, Seção 2, Pág. 7, de 05/02/2018, referente ao afastamento do país do servidor THIAGO CAMARGO LOPES, da Secretaria de Política de Informática do Ministério da Ciência, Tecnologia, Inovações e Comunicações - MCTIC, onde se lê: "de 23/02/2018 a 03/03/2018, trânsito incluído, com ônus para o MCTIC", leia-se: "de 23/02/2018 a 01/03/2018, trânsito incluído, com ônus limitado", mantendo-se as demais condições.</p>]]></Texto>
  </body>
</article></xml>