﻿<xml><article id="2347780" name="PT 41 A 44 SOGP CURITIBA" idOficio="4732109" pubName="DO2" artType="Portaria" pubDate="02/04/2018" artClass="00022:00029:00241:00004:00025:00002:00000:00000:00000:00000:00025:00024" artCategory="Ministério do Desenvolvimento Social/Instituto Nacional do Seguro Social/Superintendência Regional Sul em Florianópolis/Gerência Executiva - A - em Curitiba/Serviço de Administração/Seção Operacional da Gestão de Pessoas" artSize="8" artNotes="" numberPage="60" pdfPage="http://pesquisa.in.gov.br/imprensa/jsp/visualiza/index.jsp?data=02/04/2018&amp;jornal=529&amp;pagina=60" editionNumber="62" highlight="" idMateria="10641082">
  <body>
    <Identifica><![CDATA[ PORTARIAS DE 29 DE MARÇO DE 2018]]></Identifica>
    <Data><![CDATA[]]></Data>
    <Ementa />
    <Titulo />
    <SubTitulo />
    <Texto><![CDATA[<p class="identifica">PORTARIAS DE 29 DE MARÇO DE 2018</p><p>O CHEFE DA SEÇÃO OPERACIONAL DA GESTÃO DE PESSOAS NA GERÊNCIA EXECUTIVA EM CURITIBA - PARANÁ, no uso da competência conferida pelo art. 235 do Regimento Interno, aprovado pela PT/MDS nº 414, de 28/09/2017, publicada no DOU nº 188-A, de 29/09/2017, resolve:</p><p>Nº 41 - Conceder aposentadoria voluntária integral à servidora ALZIRA APARECIDA PASCNUKI KUCKEL, matrícula SIAPE nº 0568101, ocupante do cargo efetivo de Auxiliar de Enfermagem, NI-434079, classe S, padrão IV, do Quadro de Pessoal Permanente do Instituto Nacional do Seguro Social (código da vaga 0505704), com fundamento no artigo 3º da Emenda Constitucional nº 47/2005, acrescido de 18% (dezoito por cento) de adicional por tempo de serviço e demais vantagens a que faz jus. Em consequência declaro vago o referido cargo (Processo nº 35183.000209/2018-94).</p><p>Nº 42 - Conceder aposentadoria voluntária integral à servidora MARIA KAZUKO NAKANISHI, matrícula SIAPE nº 1502414, ocupante do cargo efetivo de Perito Médico Previdenciário, NS-811001, classe D, padrão III, do Quadro de Pessoal Permanente do Instituto Nacional do Seguro Social (código da vaga 0790360), com fundamento no artigo 40, § 1º, inciso III, alínea "a" da Constituição Federal, com redação dada pela Emenda Constitucional nº 41/2003, cujos proventos serão calculados com base no art. 1º da Lei nº 10.887/2004. Em consequência declaro vago o referido cargo (Processo nº 35183.000204/2018-61).</p><p>Nº 43 - Conceder aposentadoria voluntária integral à servidora ONILDA SALETE GIARETTA GIMENES, matrícula SIAPE nº 0948656, ocupante do cargo efetivo de Técnico do Seguro Social, NI-434550, classe S, padrão IV, do Quadro de Pessoal Permanente do Instituto Nacional do Seguro Social (código da vaga 0549228), com fundamento no artigo 3º da Emenda Constitucional nº 47/2005, acrescido de 16% (dezesseis por cento) de adicional por tempo de serviço e demais vantagens a que faz jus. Em consequência declaro vago o referido cargo (Processo nº 35183.000445/2018-19).</p><p>Nº 44 - Conceder aposentadoria voluntária integral à servidora SAMIRA NABIL NAKHLE, matrícula SIAPE nº 0901881, ocupante do cargo efetivo de Técnico do Seguro Social, NI-434550, classe S, padrão IV, do Quadro de Pessoal Permanente do Instituto Nacional do Seguro Social (código da vaga 0523831), com fundamento no artigo 3º da Emenda Constitucional nº 47/2005, acrescido de 16% (dezesseis por cento) de adicional por tempo de serviço e demais vantagens a que faz jus. Em consequência declaro vago o referido cargo (Processo nº 35183.002380/2017-57).</p><p class="assina">ANTONIO HAMAD JUNIOR</p>]]></Texto>
  </body>
</article></xml>