﻿<xml><article id="2345122" name="GM_PORT-220-221" idOficio="4731886" pubName="DO2" artType="Portaria" pubDate="02/04/2018" artClass="00027:00001:00000:00000:00000:00000:00000:00000:00000:00000:00019:00001" artCategory="Ministério do Trabalho/Gabinete do Ministro" artSize="8" artNotes="" numberPage="64" pdfPage="http://pesquisa.in.gov.br/imprensa/jsp/visualiza/index.jsp?data=02/04/2018&amp;jornal=529&amp;pagina=64" editionNumber="62" highlight="" idMateria="10640693">
  <body>
    <Identifica><![CDATA[ PORTARIAS DE 29 DE MARÇO DE 2018]]></Identifica>
    <Data><![CDATA[]]></Data>
    <Ementa />
    <Titulo />
    <SubTitulo />
    <Texto><![CDATA[<p class="identifica">PORTARIAS DE 29 DE MARÇO DE 2018</p><p>O MINISTRO DE ESTADO DO TRABALHO - SUBSTITUTO, no uso da competência que lhe foi delegada nos termos do inciso II, art. 3º, do Decreto nº 8.821, de 26 de julho de 2016, publicado no Diário Oficial da União, Edição Extra, de 26 de julho de 2016, e tendo em vista o disposto no Decreto nº 8.894, de 03 de novembro de 2016, publicado no Diário Oficial da União de 04 de novembro de 2016, resolve:</p><p>Nº 220 - Exonerar EDIMAR PEREIRA MACIEL, CPF ***.622.361-**, matrícula Siape nº 2366137, do cargo em comissão de Assistente, código DAS 102.2, da Superintendência Regional do Trabalho no Mato Grosso do Sul, deste Ministério, a contar de 12 de março de 2018.</p><p>Nº 221 - Dispensar EDIMAR PEREIRA MACIEL, CPF ***.622.361-**, matrícula Siape nº 2366137, do encargo de substituto eventual do Superintendente Regional do Trabalho no Estado do Mato Grosso do Sul, código DAS 101.3, deste Ministério, a contar de 12 de março de 2018.</p><p class="assina">LEONARDO JOSÉ ARANTES</p>]]></Texto>
  </body>
</article></xml>