﻿<xml><article id="2347735" name="PT 26 E 27 SOGP FORTALEZA" idOficio="4732109" pubName="DO2" artType="Portaria" pubDate="02/04/2018" artClass="00022:00029:00237:00008:00089:00001:00000:00000:00000:00000:00025:00014" artCategory="Ministério do Desenvolvimento Social/Instituto Nacional do Seguro Social/Superintendência Regional Nordeste em Recife/Gerência Executiva - A - em Fortaleza/Serviço de Administração/Seção Operacional da Gestão de Pessoas" artSize="8" artNotes="" numberPage="53" pdfPage="http://pesquisa.in.gov.br/imprensa/jsp/visualiza/index.jsp?data=02/04/2018&amp;jornal=529&amp;pagina=53" editionNumber="62" highlight="" idMateria="10641072">
  <body>
    <Identifica><![CDATA[ PORTARIAS DE 29 DE MARÇO DE 2018]]></Identifica>
    <Data><![CDATA[]]></Data>
    <Ementa />
    <Titulo />
    <SubTitulo />
    <Texto><![CDATA[<p class="identifica">PORTARIAS DE 29 DE MARÇO DE 2018</p><p>AO CHEFE SUBSTITUTO DA SEÇÃO OPERACIONAL DA GESTÃO DE PESSOAS- DA GERÊNCIA EXECUTIVA DO INSTITUTO NACIONAL DO SEGURO SOCIAL (INSS)-Fortaleza, no uso das atribuições que lhe confere o Artigo nº 235, I, "b" da Portaria nº 414/MDS, de 28 de setembro de 2017, publicada no Diário Oficial da União nº 188/A - Edição Extra de 21 de setembro de 2017, Seção I, pág.1/23, que aprova o Regimento Interno do INSS, resolve:</p><p>Nº 26 Conceder aposentadoria voluntária integral a servidora MARIA TELMA RAMOS DE ALENCAR FEITOSA, matricula 249820, ocupante do cargo de Técnico do Seguro Social classe "S",padrão "IV", do quadro de pessoal do INSS, com fundamento no artigo 3º da Emenda Constitucional nº 47, de 05 de julho de 2005, observado o contido no processo nº 35043.000470/2018-99, declarando, em consequência, o referido cargo vago.</p><p>Nº 27 Conceder aposentadoria voluntária integral a servidora GILDETE PEREIRA LIMA DE ARAÚJO, matricula 0885727, ocupante do cargo de Técnico do Seguro Social classe "S",padrão "IV", do quadro de pessoal do INSS, com fundamento no artigo 3º da Emenda Constitucional nº 47, de 05 de julho de 2005, observado o contido no processo nº 35043.000463/2018-97, declarando, em consequência, o referido cargo vago.</p><p class="assina">NYLBERSON VASCONCELOS MOURA</p>]]></Texto>
  </body>
</article></xml>