﻿<xml><article id="2343406" name="Portaria Nº 343 de 28 de março d" idOficio="4731638" pubName="DO2" artType="Portaria" pubDate="02/04/2018" artClass="00011:00063:00001:00000:00000:00000:00000:00000:00000:00000:00025:00002" artCategory="Ministério da Educação/Instituto Federal de Educação, Ciência e Tecnologia Fluminense/Reitoria" artSize="8" artNotes="" numberPage="25" pdfPage="http://pesquisa.in.gov.br/imprensa/jsp/visualiza/index.jsp?data=02/04/2018&amp;jornal=529&amp;pagina=25" editionNumber="62" highlight="" idMateria="10640264">
  <body>
    <Identifica><![CDATA[ Portaria Nº 343, de 28 de março de 2018]]></Identifica>
    <Data><![CDATA[]]></Data>
    <Ementa />
    <Titulo />
    <SubTitulo />
    <Texto><![CDATA[<p class="identifica">Portaria Nº 343, de 28 de março de 2018</p><p>O REITOR DO INSTITUTO FEDERAL DE EDUCAÇÃO, CIÊNCIA E TECNOLOGIA FLUMINENSE - IFFLUMINENSE, no uso das atribuições legais que lhe confere a Lei 11.892 de 29/12/2008, publicada no D.O.U. de 30/12/2008; a Portaria MEC N.º 378, de 09/05/2016, publicada no D.O.U. de 10/05/2016, seção 1, páginas 19 a 27 e o Decreto Presidencial de 05 de abril de 2016, publicado no D.O.U. de 06 de abril de 2016.</p><p>CONSIDERANDO: O Memorando N.º 16/2018 - DGCITAPER/REIT/IFFLU, de 26 de março de 2018; O Memorando N.º 17/2018 - DGCITAPER/REIT/IFFLU, de 26 de março de 2018, resolve:</p><p>Art. 1.º DISPENSAR o servidor FABIANA CASTRO CARVALHO DE BARROS, Matrícula SIAPE 1912611, do quadro permanente deste IFFluminense, ocupante do cargo de Professor do Ensino Básico, Técnico e Tecnológico, lotada no campus Itaperuna, da função de Diretora de Ensino e Aprendizagem, código CD-4.</p><p>Art. 2.º DESIGNAR o servidor ALCIONE GONÇALVES CAMPOS, Matrícula SIAPE 2163343, do quadro permanente deste IFFluminense, ocupante do cargo de Professor do Ensino Básico, Técnico e Tecnológico, lotada no campus Itaperuna, para ocupar a função de Diretora de Ensino e Aprendizagem, código CD-4.</p><p>Art. 3.º Esta portaria entra em vigor na data de sua publicação no Diário Oficial da União.</p><p class="assina">JEFFERSON MANHÃES DE AZEVEDO</p>]]></Texto>
  </body>
</article></xml>