﻿<xml><article id="2344043" name="PORTARIA Nº 1148 e 1149-SEORI-MD" idOficio="4731758" pubName="DO2" artType="Portaria" pubDate="02/04/2018" artClass="00010:00033:00000:00000:00000:00000:00000:00000:00000:00000:00025:00001" artCategory="Ministério da Defesa/Secretaria de Organização Institucional" artSize="8" artNotes="" numberPage="16" pdfPage="http://pesquisa.in.gov.br/imprensa/jsp/visualiza/index.jsp?data=02/04/2018&amp;jornal=529&amp;pagina=16" editionNumber="62" highlight="" idMateria="10640453">
  <body>
    <Identifica><![CDATA[ PORTARIA Nº 1.148/SEORI/MD, DE 28 DE MARÇO DE 2018]]></Identifica>
    <Data><![CDATA[]]></Data>
    <Ementa />
    <Titulo />
    <SubTitulo />
    <Texto><![CDATA[<p class="identifica">PORTARIA Nº 1.148/SEORI/MD, DE 28 DE MARÇO DE 2018</p><p>O SECRETÁRIO DE ORÇAMENTO E ORGANIZAÇÃO INSTITUCIONAL DO MINISTÉRIO DA DEFESA, no uso da competência que lhe foi subdelegada pelo inciso IV do art. 54, capítulo IV, anexo VIII da Portaria Normativa/MD nº 564, de 12 de março de 2014 e considerando o disposto no art. 8º da Portaria Normativa/MD no2.323, de 31 de agosto de 2012, e o que consta do Processo Administrativo nº 08000.010846/2018-05, resolve:</p><p>DISPENSAR o Maj Av JOÃO PAULO GOMEZ LIMA DA SILVA, número de ordem 3148106, de ficar à disposição da administração central do Ministério da Defesa.</p><p class="assina">FRANSELMO ARAÚJO COSTA</p><p class="identifica">PORTARIA Nº 1.149/SEORI/MD, DE 28 DE MARÇO DE 2018</p><p>O SECRETÁRIO DE ORÇAMENTO E ORGANIZAÇÃO INSTITUCIONAL DO MINISTÉRIO DA DEFESA, no uso da competência que lhe foi subdelegada pelo inciso IV do art. 54, capítulo IV, anexo VIII da Portaria Normativa/MD nº 564, de 12 de março de 2014 e considerando o disposto no art. 8º da Portaria Normativa/MD no2.323, de 31 de agosto de 2012, e o que consta do Processo Administrativo nº 08000.010846/2018-05, resolve:</p><p>DISPENSAR o SO SAD ALEXANDRE OLIVEIRA FERNANDES, número de ordem 2349728, de ficar à disposição da administração central do Ministério da Defesa, a contar de 9 de abril de 2018.</p><p class="assina">FRANSELMO ARAÚJO COSTA</p>]]></Texto>
  </body>
</article></xml>