﻿<xml><article id="2347930" name="PT 30 SOGP CAMPOS DOS GOYTACAZES" idOficio="4732109" pubName="DO2" artType="Portaria" pubDate="02/04/2018" artClass="00022:00029:00240:00009:02299:00000:00000:00000:00000:00000:00025:00017" artCategory="Ministério do Desenvolvimento Social/Instituto Nacional do Seguro Social/Superintendência Regional Sudeste II em Belo Horizonte/Gerência Executiva - B - Campos dos Goytacazes/Seção Operacional  de Gestão de Pessoas" artSize="8" artNotes="" numberPage="59" pdfPage="http://pesquisa.in.gov.br/imprensa/jsp/visualiza/index.jsp?data=02/04/2018&amp;jornal=529&amp;pagina=59" editionNumber="62" highlight="" idMateria="10641075">
  <body>
    <Identifica><![CDATA[ PORTARIA Nº 30, DE 28 DE MARÇO DE 2018]]></Identifica>
    <Data><![CDATA[]]></Data>
    <Ementa />
    <Titulo />
    <SubTitulo />
    <Texto><![CDATA[<p class="identifica">PORTARIA Nº 30, DE 28 DE MARÇO DE 2018</p><p>O CHEFE SUBSTITUTO DA SEÇÃO OPERACIONAL DE GESTÃO DE PESSOAS DA GERÊNCIA EXECUTIVA DO INSS EM CAMPOS DOS GOYTACAZES/RJ, no uso das atribuições que lhe confere o artigo 235 do Regimento Interno aprovado pela Portaria/MDS/GM nº 414 de 28/09/2017, publicada no DOU nº 188-A, de 29 de setembro de 2017, resolve:</p><p>Conceder aposentadoria voluntária a servidora LEILA MIRANDA ESCÁFURA, matrícula 6634461, ocupante do cargo de Técnico do Seguro Social, classe S, padrão IV, do quadro de pessoal do Instituto Nacional do Seguro Social, com fundamento no artigo 3º da Emenda Constitucional nº 47/05. Em consequência declarar vago o referido cargo. (Processo nº 35308.000126/2018-41).</p><p class="assina">ANTÔNIO CARLOS MUZZI</p>]]></Texto>
  </body>
</article></xml>