﻿<xml><article id="2347876" name="PT 34 A 37 SOGP JUIZ DE FORA" idOficio="4732109" pubName="DO2" artType="Portaria" pubDate="02/04/2018" artClass="00022:00029:00240:00015:00021:00000:00000:00000:00000:00000:00025:00020" artCategory="Ministério do Desenvolvimento Social/Instituto Nacional do Seguro Social/Superintendência Regional Sudeste II em Belo Horizonte/Gerência Executiva - B - Juiz de Fora/Seção Operacional da Gestão de Pessoas" artSize="8" artNotes="" numberPage="59" pdfPage="http://pesquisa.in.gov.br/imprensa/jsp/visualiza/index.jsp?data=02/04/2018&amp;jornal=529&amp;pagina=59" editionNumber="62" highlight="" idMateria="10641078">
  <body>
    <Identifica><![CDATA[ PORTARIAS DE  26 DE MARÇO DE 2018]]></Identifica>
    <Data><![CDATA[]]></Data>
    <Ementa />
    <Titulo />
    <SubTitulo />
    <Texto><![CDATA[<p class="identifica">PORTARIAS DE 26 DE MARÇO DE 2018</p><p>O CHEFE DA SEÇÃO OPERACIONAL DA GESTÃO DE PESSOAS DA GERÊNCIA EXECUTIVA DO INSS EM JUIZ DE FORA/MG, no uso das atribuições que lhe foram conferidas pelo art. 235, do Regimento Interno do INSS, aprovado pela PT/MDS Nº 414, de 28/09/2017, publicada no DOU nº 188-A de 29/09/2017, resolve:</p><p>Nº 34. Conceder Aposentadoria Voluntária a servidora BERENICE DOMICIANO DA SILVA, matrícula SIAPE - 0892710, ocupante do cargo de Técnico do Seguro Social, classe S, padrão IV, do quadro de pessoal do Instituto Nacional do Seguro Social, com fundamento no artigo 3º da EC nº 47/05., declarando, em consequência, o cargo vago. Conforme o processo 35131.000271/2017-19.</p><p>Nº 35. Conceder Aposentadoria Voluntária a servidora CARMEN APARECIDA DAS GRAÇAS PEREIRA, matrícula SIAPE - 0894509, ocupante do cargo de Técnico do Seguro Social, classe S, padrão IV, do quadro de pessoal do Instituto Nacional do Seguro Social, com fundamento no artigo 3º da EC nº 47/05, declarando, em consequência, o cargo vago. Conforme o processo 35131000427/2017-53.</p><p>Nº 36. Conceder Aposentadoria Voluntária a servidora ROSÁLIA DE FÁTIMA DA SILVA SOUSA, matrícula SIAPE - 6895797, ocupante do cargo de Técnico do Seguro Social, classe S, padrão IV, do quadro de pessoal do Instituto Nacional do Seguro Social, com fundamento no artigo 3º da EC nº 47/05, e, em consequência, declarar vago o cargo. Conforme o processo 35131.000998/2017-98.</p><p>Nº 37. Conceder Aposentadoria por Invalidez ao servidor FRANCISCO DE PAULA SOARES, matrícula SIAPE - 0894501, ocupante do cargo de Técnico do Seguro Social, classe S, padrão IV, do quadro de pessoal do Instituto Nacional do Seguro Social, com fundamento no Art. 40, §1º, Inciso I, da CF/88, com proventos integrais calculados na forma do Art. 6-A da EC 41/2003, com redação dada pela EC 70/2012 e, em consequência, declarar vago o cargo. Conforme o processo 35131.000117/2018-10.</p><p class="assina">MÔNICA APARECIDA FERREIRA BRAGA ALMICO</p>]]></Texto>
  </body>
</article></xml>