﻿<xml><article id="2345522" name="PORT Nº 193 E 194" idOficio="4731977" pubName="DO2" artType="Portaria" pubDate="02/04/2018" artClass="00027:00002:00000:00000:00000:00000:00000:00000:00000:00000:00025:00006" artCategory="Ministério do Trabalho/Secretaria Executiva" artSize="8" artNotes="" numberPage="65" pdfPage="http://pesquisa.in.gov.br/imprensa/jsp/visualiza/index.jsp?data=02/04/2018&amp;jornal=529&amp;pagina=65" editionNumber="62" highlight="" idMateria="10640816">
  <body>
    <Identifica><![CDATA[ PORTARIAS DE 29 DE MARÇO DE 2018]]></Identifica>
    <Data><![CDATA[]]></Data>
    <Ementa />
    <Titulo />
    <SubTitulo />
    <Texto><![CDATA[<p class="identifica">PORTARIAS DE 29 DE MARÇO DE 2018</p><p>O SECRETÁRIO-EXECUTIVO DO MINISTÉRIO DO TRABALHO - SUBSTITUTO, no uso da competência que lhe foi delegada pela Portaria nº 252, de 03 de fevereiro de 2012, publicada no Diário Oficial da União de 06 de fevereiro de 2012, e tendo em vista o disposto no Decreto n.º 5.679, de 23 de janeiro de 2006, publicado no Diário Oficial da União de 24 de janeiro de 2006, resolve:</p><p>Nº 193 - Dispensar JOSÉ LÁZARO MARQUES DE LIMA, CPF n° ***.873.912-**, matrícula Siape n° 0660466, da Função Comissionada Técnica, código FCT-10, da Superintendência Regional do Trabalho no Estado do Amazonas, deste Ministério.</p><p>Nº 194 - Designar DENISE EVANGELISTA CORDEIRO, CPF nº ***.552.072-**, matrícula Siape nº 2313034, para exercer a Função Comissionada Técnica, código FCT-10, da Superintendência Regional do Trabalho no Estado do Amazonas, deste Ministério.</p><p class="assina">LEONARDO JOSÉ ARANTES</p>]]></Texto>
  </body>
</article></xml>