﻿<xml><article id="2343881" name="P237118" idOficio="4731736" pubName="DO2" artType="Portaria" pubDate="02/04/2018" artClass="00011:00129:00001:00000:00000:00000:00000:00000:00000:00000:00025:00004" artCategory="Ministério da Educação/Universidade Federal do Rio Grande do Sul/Reitoria" artSize="8" artNotes="" numberPage="34" pdfPage="http://pesquisa.in.gov.br/imprensa/jsp/visualiza/index.jsp?data=02/04/2018&amp;jornal=529&amp;pagina=34" editionNumber="62" highlight="" idMateria="10640225">
  <body>
    <Identifica><![CDATA[ PORTARIA N° 2.371, de  28 DE MARO DE 2018]]></Identifica>
    <Data><![CDATA[]]></Data>
    <Ementa />
    <Titulo />
    <SubTitulo />
    <Texto><![CDATA[<p class="identifica">PORTARIA N° 2.371, de 28 DE MARO DE 2018</p><p>O REITOR DA UNIVERSIDADE FEDERAL DO RIO GRANDE DO SUL, no uso de suas atribuições legais e estatutárias, resolve:</p><p>Tornar insubsistente a Portaria nº 2196/2018, de 23/03/2018, publicada no Diário Oficial da União de 27/03/2018, que concedeu autorização para afastamento do País a PEDRO DE MORAES GARCEZ, ocupante do cargo de Professor do Magistério Superior, lotado e em exercício no Departamento de Linguística, Filologia e Teoria Literária. Solicitação nº 34593.</p><p class="assina">RUI VICENTE OPPERMANN</p>]]></Texto>
  </body>
</article></xml>