﻿<xml><article id="2345771" name="DOU dia 02.04.2018 reitor portar" idOficio="4732012" pubName="DO2" artType="Portaria" pubDate="02/04/2018" artClass="00011:00008:00000:00000:00000:00000:00000:00000:00000:00000:00025:00001" artCategory="Ministério da Educação/Colégio Pedro II/Reitoria" artSize="8" artNotes="" numberPage="11" pdfPage="http://pesquisa.in.gov.br/imprensa/jsp/visualiza/index.jsp?data=02/04/2018&amp;jornal=529&amp;pagina=11" editionNumber="62" highlight="" idMateria="10640884">
  <body>
    <Identifica><![CDATA[ PORTARIA Nº 792, DE 19 DE MARÇO DE 2018]]></Identifica>
    <Data><![CDATA[]]></Data>
    <Ementa />
    <Titulo />
    <SubTitulo />
    <Texto><![CDATA[<p class="identifica">PORTARIA Nº 792, DE 19 DE MARÇO DE 2018</p><p>O REITOR pro tempore DO COLÉGIO PEDRO II, designado pela Portaria/MEC nº 1280 de 04 de outubro de 2017, publicada no Diário Oficial da União de 05 de outubro de 2017, Seção 2, página 12, no uso de suas atribuições legais, resolve:</p><p>Designar MARCUS FRANCISCO MELLO, matrícula Siape nº 2275776, para a função de Chefe da Seção de Elaboração de Editais da Reitoria, FG-2, a partir de 26 de janeiro de 2018, com efeitos financeiros a partir da data de publicação no D.O.U. (Memo nº 027/2018/CPII/REITORIA/CPCBS)</p><p class="assina">OSCAR HALAC</p><p class="identifica">PORTARIAS DE 22 DE MARÇO DE 2018</p><p>O REITOR pro tempore DO COLÉGIO PEDRO II, designado pela Portaria/MEC nº 1280 de 04 de outubro de 2017, publicada no Diário Oficial da União de 05 de outubro de 2017, Seção 2, página 12, no uso de suas atribuições legais, resolve:</p><p>Nº 810 - Designar SILVANA CRISTINA BANDOLI VARGAS, matrícula Siape nº 990904, lotada no Campus Humaitá II, para exercer a função de Coordenadora de Cursos de Graduação da Pró-Reitoria de Ensino, FUC-01, a partir desta data, com efeitos financeiros a partir da publicação em D.O.U.</p><p>Nº 816 - Dispensar ALESSANDRA DE BARROS PIEDRAS LOPES, matrícula Siape nº 2114944, lotada no Centro de Referência de Educação Infantil Realengo, da função de Coordenadora Geral do Departamento Pedagógico de Educação Infantil, FUC-01, a partir de 23 de março de 2018. (Memo. nº 0105/2018-PROEN)</p><p>Nº 817 - Dispensar DIVA MARIA PIMENTEL ROCHA, matrícula Siape nº 2052455, lotada no Campus Humaitá II, da função de Coordenadora Geral do Departamento Pedagógico de Francês, FUC-01, a partir de 23 de março de 2018. (Memo. 0105/2018-PROEN)</p><p>Nº 818 - Dispensar SILVANA CRISTINA BANDOLI VARGAS, matrícula Siape nº 990904, lotada no Campus Humaitá II, da função de Coordenadora Geral do Departamento Pedagógico de História, FUC-01, a partir de 23 de março de 2018. (Memo. 0105/2018-PROEN)</p><p>Nº 819 - Dispensar DAYSE MARIA OLIVEIRA DOS SANTOS TAVEIRA, matrícula Siape nº 1490761, lotada no Campus Engenho Novo II, da função de Coordenadora Pedagógica de Inglês do Campus Engenho Novo II, FG-4, a partir de 23 de março de 2018. (Memo. 0105/2018-PROEN)</p><p>Nº 820 - Dispensar MARIA INÊS AZEREDO ALONSO, matrícula Siape nº 1226954, lotada no Campus Centro, da função de Coordenadora Geral do Departamento Pedagógico de Línguas Anglo Germânicas, FUC-01, a partir de 23 de março de 2018. (Memo. 0105/2018-PROEN)</p><p>Nº 821 - Dispensar ELISA MARIA SOARES FERNANDES VIEIRA, matrícula Siape nº 3046465, lotada no Campus São Cristóvão III, da função de Coordenadora Geral do Departamento Pedagógico de Português e Literaturas de Língua Portuguesa, FUC-01, a partir de 23 de março de 2018. (Memo. 0105/2018-PROEN)</p><p>Nº 822 - Dispensar EDSON DE ALMEIDA FERREIRA OLIVEIRA, matrícula Siape nº 1615238, lotada no Campus Duque de Caxias, da função de Coordenador Pedagógico de Química, FG-04, a partir de 23 de março de 2018. (Memo. 0105/2018-PROEN)</p><p>Nº 823 - Dispensar MARCOS VALÉRIO MELO MATARATZIS, matrícula Siape nº 1218633, lotada no Campus Tijuca II, da função de Coordenador Geral do Departamento Pedagógico de Química, FUC-01, a partir de 23 de março de 2018. (Memo. 0105/2018-PROEN)</p><p>Nº 824 - Designar CHRISTIANE COELHO SANTOS, matrícula Siape nº 1174877, lotada no Campus Tijuca II, para a função de Coordenadora Geral do Departamento Pedagógico de Biologia e Ciências, FUC-01, a partir de 23 de março de 2018, com efeitos financeiros a partir da publicação em D.O.U. (Memo. 0105/2018-PROEN)</p><p>Nº 826 - Designar ROBERTO ANTONIO ALMEIDA PEREIRA, matrícula Siape nº 1204422, lotado no Campus Centro, para a função de Coordenador Geral do Departamento Pedagógico de Ciência da Computação, FUC-01, a partir de 23 de março de 2018, com efeitos financeiros a partir da publicação em D.O.U. (Memo. 0105/2018-PROEN)</p><p>Nº 827 - Designar SANDRA DE ARAÚJO BARATA GOMES, matrícula Siape nº 1218677, lotada no Campus São Cristóvão III, para a função de Coordenadora Geral do Departamento Pedagógico de Desenho, FUC-01, a partir de 23 de março de 2018, com efeitos financeiros a partir da publicação em D.O.U. (Memo. 0105/2018-PROEN)</p><p>Nº 828 - Designar IVONE OUVERNEY SANTOS DE AZEVEDO, matrícula Siape nº 1220123, lotada no Campus São Cristóvão I, para a função de Coordenadora Geral do Departamento Pedagógico de Educação Física, FUC-01, a partir de 23 de março de 2018, com efeitos financeiros a partir da publicação em D.O.U. (Memo. 0105/2018-PROEN)</p><p>Nº 829 - Designar ANA CAROLINA SILVA MARTINS, matrícula Siape nº 2115247, lotada no Centro de Referência em Educação Infantil de Realengo, para a função de Coordenadora Geral do Departamento Pedagógico de Educação Infantil, FUC-01, a partir de 23 de março de 2018, com efeitos financeiros a partir da publicação em D.O.U. (Memo. 0105/2018-PROEN)</p><p>Nº 830 - Designar MONICA REPSOLD, matrícula Siape nº 265098, lotada no Campus Humaitá II, para a função de Coordenadora Geral do Departamento Pedagógico de Educação Musical, FUC-01, a partir de 23 de março de 2018, com efeitos financeiros a partir da publicação em D.O.U. (Memo. 0105/2018-PROEN)</p><p>Nº 831 - Designar WALBER CARVALHO MELO, matrícula Siape nº 1535095, lotada no Campus Niterói, para a função de Coordenador Geral do Departamento Pedagógico de Ensino Técnico, FUC-01, a partir de 23 de março de 2018, com efeitos financeiros a partir da publicação em D.O.U. (Memo. 0105/2018-PROEN)</p><p>Nº 832 - Designar DANIELE GOMES CABRAL, matrícula Siape nº 2379251, lotada no Campus São Cristóvão III, para a função de Coordenadora Geral do Departamento Pedagógico de Espanhol, FUC-01, a partir de 23 de março de 2018, com efeitos financeiros a partir da publicação em D.O.U. (Memo. 0105/2018-PROEN)</p><p>Nº 833 - Designar JOANA TOLENTINO BATISTA, matrícula Siape nº 2528694, lotada no Campus Tijuca II, para a função de Coordenadora Geral do Departamento Pedagógico de Filosofia, FUC-01, a partir de 23 de março de 2018, com efeitos financeiros a partir da publicação em D.O.U. (Memo. 0105/2018-PROEN)</p><p>Nº 834 - Designar EDUARDO ANDRE REGO MOREIRA DA GAMA, matrícula Siape nº 1314889, lotado no Campus São Cristóvão III, para a função de Coordenador Geral do Departamento Pedagógico de Física, FUC-01, a partir de 23 de março de 2018, com efeitos financeiros a partir da publicação em D.O.U. (Memo. 0105/2018-PROEN)</p><p>Nº 835 - Designar ARNALDO BARBOSA DE MELO FILHO, matrícula Siape nº 1099259, lotada no Campus Engenho Novo II, para a função de Coordenador Geral do Departamento Pedagógico de Geografia, FUC-01, a partir de 23 de março de 2018, com efeitos financeiros a partir da publicação em D.O.U. (Memo. 0105/2018-PROEN)</p><p>Nº 836 - Designar ADJOVANES THADEU SILVA DE ALMEIDA, matrícula Siape nº 2380424, lotada no Campus Engenho Novo II, para a função de Coordenador Geral do Departamento Pedagógico de História, FUC-01, a partir de 23 de março de 2018, com efeitos financeiros a partir da publicação em D.O.U. (Memo. 0105/2018-PROEN)</p><p>Nº 837 - Designar DAYSE MARIA OLIVEIRA DOS SANTOS TAVEIRA, matrícula Siape nº 1490671, lotada no Campus Engenho Novo II, para a função de Coordenadora Geral do Departamento Pedagógico de Línguas Anglo-Germânicas, FUC-01, a partir de 23 de março de 2018, com efeitos financeiros a partir da publicação em D.O.U. (Memo. 0105/2018-PROEN)</p><p>Nº 838 - Designar MARCIO VINICIUS DO ROSARIO HILARIO, matrícula Siape nº 1490754, lotado no Campus São Cristóvão III, para a função de Coordenador Geral do Departamento Pedagógico de Português e Literaturas de Língua Portuguesa, FUC-01, a partir de 23 de março de 2018, com efeitos financeiros a partir da publicação em D.O.U. (Memo. 0105/2018-PROEN)</p><p>Nº 839 - Designar LUIZ FELIPE GUIMARÃES BON, matrícula Siape nº 1098950, lotado no Campus São Cristóvão III, para a função de Coordenador Geral do Departamento Pedagógico de Sociologia, FUC-01, a partir de 23 de março de 2018, com efeitos financeiros a partir da publicação em D.O.U. (Memo. 0105/2018-PROEN)</p><p>Nº 840 - Designar DENISE REZENDE BARBOZA, matrícula Siape nº 1524367, lotada no Campus São Cristóvão I, para a função de Coordenadora Geral do Departamento Pedagógico de Primeiro Segmento do Ensino Fundamental, FUC-01, a partir de 23 de março de 2018, com efeitos financeiros a partir da publicação em D.O.U. (Memo. 0105/2018-PROEN)</p><p>Nº 841 - Designar MARCIA DA ANUNCIAÇÃO BARBOSA GAMAURY, matrícula Siape nº 2352894, lotada no Campus Tijuca II, para a função de Coordenadora Geral do Departamento Pedagógico de Francês, FUC-01, a partir de 23 de março de 2018, com efeitos financeiros a partir da publicação em D.O.U. (Memo. 0105/2018-PROEN)</p><p class="assina">OSCAR HALAC</p><p class="identifica">PORTARIAS DE 23 DE MARÇO DE 2018</p><p>O REITOR pro tempore DO COLÉGIO PEDRO II, designado pela Portaria/MEC nº 1280 de 04 de outubro de 2017, publicada no Diário Oficial da União de 05 de outubro de 2017, Seção 2, página 12, no uso de suas atribuições legais, resolve:</p><p>Nº 857 - Dispensar BEATRIZ TEIXEIRA MACEDO, matrícula Siape nº 2158699, da função de Substituta eventual do Diretor de Administração Funcional da PROGESP, a partir desta data.</p><p>Nº 858 - Dispensar VANESSA SANTANA SOUZA, matrícula Siape nº 2279794, da função de Assessora da Pró-Reitoria de Gestão de Pessoas, FG-2, a partir desta data.</p><p class="assina">OSCAR HALAC</p>]]></Texto>
  </body>
</article></xml>