﻿<xml><article id="2343938" name="Portaria Nomeação Docente 700 e " idOficio="4731727" pubName="DO2" artType="Portaria" pubDate="02/04/2018" artClass="00011:00037:00001:00001:00000:00000:00000:00000:00000:00000:00025:00004" artCategory="Ministério da Educação/Fundação Universidade Federal do Rio Grande/Reitoria/Gabinete do Reitor" artSize="8" artNotes="" numberPage="23" pdfPage="http://pesquisa.in.gov.br/imprensa/jsp/visualiza/index.jsp?data=02/04/2018&amp;jornal=529&amp;pagina=23" editionNumber="62" highlight="" idMateria="10640430">
  <body>
    <Identifica><![CDATA[ PORTARIAS DE 26 DE MARÇO DE 2018]]></Identifica>
    <Data><![CDATA[]]></Data>
    <Ementa />
    <Titulo />
    <SubTitulo />
    <Texto><![CDATA[<p class="identifica">PORTARIAS DE 26 DE MARÇO DE 2018</p><p>A Reitora da Universidade Federal do Rio Grande - FURG, no uso da atribuição que lhe confere o Decreto de 09/01/2017, publicado no Diário Oficial da União em 10/01/2017, e conforme Processo nº 23116.004593/2017-38 resolve:</p><p>Nº 700 NOMEAR em caráter efetivo, EWERSON LUIZ DE SOUZA CARVALHO, em virtude de habilitação em concurso público de provas e títulos, instituído pelo Edital nº 19, publicado no DOU em 27/06/2017, homologado pelo Edital nº 02, publicado no DOU em 15/01/2018,e de acordo com o Artigo 9º, Item I da Lei nº 8112; artigo 8º da Lei nº 12772 e MP nº 614 de 14/05/2013, para o cargo de Professor do Magistério Superior, Adjunto-A, Classe A, Nível 1, com Doutorado, em regime de trabalho de 40 horas semanais, com Dedicação Exclusiva,com exercício no Centro de Ciências Computacionais, para atuar no Campus de Rio Grande/RS, código da vaga nº 857328.</p><p>A posse ocorrerá no prazo de 30 (trinta) dias, contados da publicação deste ato no DOU.</p><p>Nº 701 NOMEAR em caráter efetivo, HELIDA SALLES SANTOS, em virtude de habilitação em concurso público de provas e títulos, instituído pelo Edital nº 19, publicado no DOU em 27/06/2017, homologado pelo Edital nº 02, publicado no DOU em 15/01/2018, e de acordo com o Artigo 9º, Item I da Lei nº 8112; artigo 8º da Lei nº 12772 e MP nº 614 de 14/05/2013, para o cargo de Professor do Magistério Superior, Adjunto-A, Classe A, Nível 1, com Doutorado, em regime de trabalho de 40 horas semanais, com Dedicação Exclusiva, com exercício no Centro de Ciências Computacionais, para atuar no Campus de Rio Grande/RS, código da vaga nº 581822.</p><p>A posse ocorrerá no prazo de 30 (trinta) dias, contados da publicação deste ato no DOU.</p><p class="assina">CLEUZA MARIA SOBRAL DIAS</p>]]></Texto>
  </body>
</article></xml>