﻿<xml><article id="2346227" name="0204_SEGER_DES_1727" idOficio="4732056" pubName="DO2" artType="Despacho" pubDate="02/04/2018" artClass="00012:00017:00000:00000:00000:00000:00000:00000:00000:00000:00019:00001" artCategory="Ministério da Fazenda/Caixa Econômica Federal" artSize="8" artNotes="" numberPage="41" pdfPage="http://pesquisa.in.gov.br/imprensa/jsp/visualiza/index.jsp?data=02/04/2018&amp;jornal=529&amp;pagina=41" editionNumber="62" highlight="" idMateria="10640971">
  <body>
    <Identifica><![CDATA[ DESPACHO de 27 de março de 2018 ]]></Identifica>
    <Data><![CDATA[]]></Data>
    <Ementa />
    <Titulo />
    <SubTitulo />
    <Texto><![CDATA[<p class="identifica">DESPACHO de 27 de março de 2018</p><p>O PRESIDENTE DA CAIXA ECONÔMICA FEDERAL, no uso da competência prevista no Art. 12 da Portaria MF nº 160, de 06 de maio de 2016, autoriza o afastamento do País das senhoras INGRID RODRIGUES BARROS FARIA e SANDRA DE CASTRO e do senhor IVANILDO JOSÉ ALVARES FERNANDES, respectivamente, Consultoras Matriz e Gerente de Clientes e Negócios da Caixa Econômica Federal, para participarem da Missão de Avaliação Final do Projeto de Cooperação Apoio Institucional ao Programa Viviendas de Interés Social , com o governo da Nicarágua, sob coordenação da Agência Brasileira de Cooperação (ABC/MRE) e com a execução da CAIXA e do Instituto de La Vivienda Urbana y Rural (INVUR), em Manágua, na Nicarágua, no período de 21 a 30 de abril de 2018, incluindo trânsito, com ônus limitado, cabendo à ABC/MRE as despesas com passagens aéreas, seguro viagem, hospedagem e ajuda de custo.</p><p class="assina">GILBERTO OCCHI</p>]]></Texto>
  </body>
</article></xml>