﻿<xml><article id="2347603" name="PT 0411 GC1 18" idOficio="4732095" pubName="DO2" artType="Portaria" pubDate="02/04/2018" artClass="00010:00006:00001:00006:00000:00000:00000:00000:00000:00000:00025:00004" artCategory="Ministério da Defesa/Comando da Aeronáutica/Gabinete do Comandante/Assessoria de Recursos Humanos" artSize="8" artNotes="" numberPage="15" pdfPage="http://pesquisa.in.gov.br/imprensa/jsp/visualiza/index.jsp?data=02/04/2018&amp;jornal=529&amp;pagina=15" editionNumber="62" highlight="" idMateria="10641043">
  <body>
    <Identifica><![CDATA[ PORTARIA No 411/GC1, DE 29 DE MARÇO DE 2018]]></Identifica>
    <Data><![CDATA[]]></Data>
    <Ementa />
    <Titulo />
    <SubTitulo />
    <Texto><![CDATA[<p class="identifica">PORTARIA No 411/GC1, DE 29 DE MARÇO DE 2018</p><p>O COMANDANTE DA AERONÁUTICA, de acordo com o disposto no art. 23, inciso VI, letra "g", da Estrutura Regimental do Comando da Aeronáutica, aprovada pelo Decreto nº 6.834, de 30 de abril de 2009, e o que consta do processo nº 67100.001500/2018-49, resolve:</p><p>DESIGNAR, por necessidade do serviço, ex officio, o Coronel Engenheiro RAYMUNDO UBIRAJARA DA FONSECA SALGADO JUNIOR (Nr Ord 2145707/DIRINFRA) para exercer, interinamente, o cargo de Subdiretor de Planejamento da Diretoria de Infraestrutura da Aeronáutica.</p><p class="assina">Ten Brig Ar NIVALDO LUIZ ROSSATO</p>]]></Texto>
  </body>
</article></xml>