﻿<xml><article id="2343556" name="Portaria de Aposentadoria mês de" idOficio="4731692" pubName="DO2" artType="Portaria" pubDate="02/04/2018" artClass="00017:00002:00016:00018:00000:00000:00000:00000:00000:00000:00025:00001" artCategory="Ministério da Saúde/Secretaria Executiva/Núcleo Estadual na Bahia/Serviço de Gestão Administrativa" artSize="8" artNotes="" numberPage="46" pdfPage="http://pesquisa.in.gov.br/imprensa/jsp/visualiza/index.jsp?data=02/04/2018&amp;jornal=529&amp;pagina=46" editionNumber="62" highlight="" idMateria="10640370">
  <body>
    <Identifica><![CDATA[ PORTARIA Nº 283, de 28 DE MARÇO DE 2018]]></Identifica>
    <Data><![CDATA[]]></Data>
    <Ementa />
    <Titulo />
    <SubTitulo />
    <Texto><![CDATA[<p class="identifica">PORTARIA Nº 283, de 28 DE MARÇO DE 2018</p><p>A CHEFE DO SERVIÇO DE GESTÃO ADMINISTRATIVA DO NÚCLEO ESTADUAL DO MINISTÉRIO DA SAÚDE NO ESTADO DA BAHIA, no uso das atribuições conferidas pela Portaria/SAA/MS/Nº 1.804, de 01 de outubro de 2013, publicada no Diário Oficial da União nº 192, de 03.10.2013, seção 1, página 66, resolve:</p><p>I - Conceder aposentadoria voluntária integral, ao servidor FRANCISCO CARLOS DO VALE, matrícula SIAPE 0475610, ocupante do cargo efetivo de Laboratorista, Classe 'S', Padrão III (NI), do Quadro de Pessoal deste Ministério, com fundamento no artigo 3º, incisos I e II da Emenda Constitucional nº47 de 5/7/2005, VPNI art. 62-A da Lei 8.112/90, correspondente 5/5 de DAS 101.1, com os proventos do cargo e demais vantagens. Processo nº 25022.404441/2017-14.</p><p>II - Declarar vago o cargo citado no item I.</p><p class="assina">ANA MARIA MORAES REBOUÇAS</p>]]></Texto>
  </body>
</article></xml>