﻿<xml><article id="2345528" name="PORT Nº 179 E 180" idOficio="4731977" pubName="DO2" artType="Portaria" pubDate="02/04/2018" artClass="00027:00002:00000:00000:00000:00000:00000:00000:00000:00000:00025:00001" artCategory="Ministério do Trabalho/Secretaria Executiva" artSize="8" artNotes="" numberPage="64" pdfPage="http://pesquisa.in.gov.br/imprensa/jsp/visualiza/index.jsp?data=02/04/2018&amp;jornal=529&amp;pagina=64" editionNumber="62" highlight="" idMateria="10640811">
  <body>
    <Identifica><![CDATA[ PORTARIAS DE 29 DE MARÇO DE 2018]]></Identifica>
    <Data><![CDATA[]]></Data>
    <Ementa />
    <Titulo />
    <SubTitulo />
    <Texto><![CDATA[<p class="identifica">PORTARIAS DE 29 DE MARÇO DE 2018</p><p>O SECRETÁRIO EXECUTIVO DO MINISTÉRIO DO TRABALHO - SUBSTITUTO, no uso da competência que lhe foi delegada no inciso I, do artigo 3º, da Portaria GM/MTb n° 874, de 07 de julho de 2017, publicada no Diário Oficial da União de 10 de julho de 2017, e tendo em vista o disposto no Decreto n.º 8.894, de 03 de novembro de 2016, publicado no Diário Oficial da União de 04 de novembro de 2016, resolve:</p><p>N° 179 - Dispensar HELOISA HELENA DE MELO, CPF n° ***.278.401-**, matrícula Siape n° 1149711, do encargo de substituta eventual do Chefe da Divisão de Administração de Edifícios e Transportes, da Coordenação-Geral de Recursos Logísticos, da Subsecretaria de Orçamento e Administração, da Secretaria Executiva, código FCPE 101.2, deste Ministério.</p><p>N° 180 - Designar MARCUS DANILLO MENDES FURTADO, CPF n° ***.515.123-**, matrícula Siape nº 1707755, para exercer o encargo de substituto eventual do Chefe da Divisão de Administração de Edifícios e Transportes, da Coordenação-Geral de Recursos Logísticos, da Subsecretaria de Orçamento e Administração, da Secretaria Executiva, código FCPE 101.2, deste Ministério, nos seus afastamentos ou impedimentos regulamentares, sem prejuízo das respectivas atribuições.</p><p class="assina">LEONARDO JOSÉ ARANTES</p>]]></Texto>
  </body>
</article></xml>