﻿<xml><article id="2346263" name="PT_181_18_NOMEACAO" idOficio="4732060" pubName="DO2" artType="Portaria" pubDate="02/04/2018" artClass="00017:00026:00024:00000:00000:00000:00000:00000:00000:00000:00025:00003" artCategory="Ministério da Saúde/Secretaria de Atenção à Saúde/Instituto Nacional de Câncer José Alencar Gomes da Silva" artSize="8" artNotes="" numberPage="50" pdfPage="http://pesquisa.in.gov.br/imprensa/jsp/visualiza/index.jsp?data=02/04/2018&amp;jornal=529&amp;pagina=50" editionNumber="62" highlight="" idMateria="10640979">
  <body>
    <Identifica><![CDATA[ PORTARIA   Nº 181, de DE 7 DE MARÇO DE 2018]]></Identifica>
    <Data><![CDATA[]]></Data>
    <Ementa />
    <Titulo />
    <SubTitulo />
    <Texto><![CDATA[<p class="identifica">PORTARIA Nº 181, de DE 7 DE MARÇO DE 2018</p><p>A Diretora-Geral do Instituto Nacional de Câncer José Alencar Gomes da Silva, no uso das atribuições que lhe confere o art. 1º, inciso II da Portaria CGRH/MS nº 1.041 de 30 de outubro de 2009, publicada no Diário Oficial da União nº 209, de 03 de novembro de 2009, seção 1, página 31, resolve:</p><p>Art. 1º Nomear os candidatos abaixo, aprovados no concurso público para os cargos do Plano de Carreiras de Ciência e Tecnologia, de acordo com o art. 9º, inciso I, e 10 da Lei nº. 8.112, de 11 de dezembro de 1990, homologado pelo Edital MS nº 07, de 30 de maio de 2017, publicado no Diário Oficial da União de 31 de maio de 2017, seção 3, cujo provimento foi autorizado pela Portaria MP nº 436, de 12 de dezembro de 2017, publicada no Diário Oficial da União de 13 de dezembro de 2017, seção 1.</p><p>Art. 2º Esta Portaria é atinente às vagas não providas da Portaria INCA/MS nº 101, de 30 de janeiro de 2018, publicada no Diário Oficial da União nº 25, de 05 de fevereiro de 2018, seção 2.</p><p>Art. 3º Os candidatos deverão observar o prazo de 30 (trinta) dias para posse, contados da publicação deste ato no Diário Oficial da União, conforme dispõe o § 1º do art. 13 da Lei nº. 8.112, de 11 de dezembro de 1990.</p><p>Art. 4º A convocação do nomeado para posse, apresentação de documentos, exames e inspeção médica oficial de que trata a Lei nº 8.112, de 11 de dezembro de 1990, obedecerá à ordem de classificação e poderá ser acompanhada através do site www.inca.gov.br.</p><p>Art. 5º A nomeação dos candidatos obedece a seguinte ordem: cargo, classe padrão, área de atuação, classificação, nome e inscrição.</p><p>EDITAL DE HOMOLOGAÇÃO: EDITAL Nº 07/2017</p><p>CARREIRA: DESENVOLVIMENTO TECNOLÓGICO</p><p>CARGO: TÉCNICO</p><p>CLASSE "O", PADRÃO "I"</p><p></p><table><tr /><tr><td><p>Área</p></td><td><p>Controle de Qualidade em Radiação Ionizante</p></td></tr><tr><td><p>Classificação</p></td><td><p>Nome do Candidato</p></td><td><p>Inscrição</p></td></tr><tr><td><p>3º</p></td><td><p>Jussiara de Oliveira Cruz</p></td><td><p>733000038</p></td></tr></table><p>CARREIRA: DESENVOLVIMENTO TECNOLÓGICO</p><p>CARGO: TECNOLOGISTA JÚNIOR</p><p>CLASSE "L", PADRÃO "I"</p><p></p><table><tr /><tr><td><p>Área</p></td><td><p>Medicina - Neurologia Pediátrica</p></td></tr><tr><td><p>Classificação</p></td><td><p>Nome do Candidato</p></td><td><p>Inscrição</p></td></tr><tr><td><p>3º</p></td><td><p>Roberta da Silva Mendonça Thurler</p></td><td><p>733001080</p></td></tr></table><p>Art. 6º Esta Portaria entra em vigor na data de sua publicação.</p><p></p><p class="assina">ANA CRISTINA PINHO MENDES PEREIRA</p><p></p>]]></Texto>
  </body>
</article></xml>