﻿<xml><article id="2344726" name="DENILDO DE FREITAS GOMES-EXONERA" idOficio="4731858" pubName="DO2" artType="Portaria" pubDate="02/04/2018" artClass="00017:00002:00029:00108:00005:00000:00000:00000:00000:00000:00025:00001" artCategory="Ministério da Saúde/Secretaria Executiva/Núcleo Estadual no Rio de Janeiro/Divisão de Gestão Administrativa/Serviço de Pessoal Inativo" artSize="8" artNotes="" numberPage="46" pdfPage="http://pesquisa.in.gov.br/imprensa/jsp/visualiza/index.jsp?data=02/04/2018&amp;jornal=529&amp;pagina=46" editionNumber="62" highlight="" idMateria="10640583">
  <body>
    <Identifica><![CDATA[ PORTARIA  nº 410, de 28 de março de 2018]]></Identifica>
    <Data><![CDATA[]]></Data>
    <Ementa />
    <Titulo />
    <SubTitulo />
    <Texto><![CDATA[<p class="identifica">PORTARIA nº 410, de 28 de março de 2018</p><p>A Chefe da Divisão de Gestão Administrativa do Núcleo Estadual do Ministério da Saúde no Estado do Rio de Janeiro, no uso das atribuições conferidas pela PT/SAA/SE/MS nº 1804 de 01.10.2013, publicada no Diário Oficial da União (DOU) nº 192 de 03.10.2013 e considerando o disposto no art. 34 da Lei 8112 de 11/12/90, publicada no DOU nº 237 de 12/12/90 e o constante do processo nº 25001.003703/2018-48, resolve:</p><p>Exonerar a pedido, a partir de 01/09/1998, o servidor DENILDO DE FREITAS GOMES, matrícula SIAPE nº 1184279, Auxiliar de Enfermagem, Classe e Padrão "A I", Código de Vaga: 616854, do Quadro de Pessoal Ativo deste Ministério.</p><p class="assina">Karina Ornelas dos Santos Latorraca</p>]]></Texto>
  </body>
</article></xml>