﻿<xml><article id="2344019" name="DESPACHO - BRUNO CARVALHO EM 29." idOficio="4731730" pubName="DO2" artType="Despacho" pubDate="02/04/2018" artClass="00012:00002:00000:00000:00000:00000:00000:00000:00000:00000:00019:00003" artCategory="Ministério da Fazenda/Secretaria Executiva" artSize="8" artNotes="" numberPage="37" pdfPage="http://pesquisa.in.gov.br/imprensa/jsp/visualiza/index.jsp?data=02/04/2018&amp;jornal=529&amp;pagina=37" editionNumber="62" highlight="" idMateria="10640446">
  <body>
    <Identifica><![CDATA[ DESPACHO de 29 de março de 2018]]></Identifica>
    <Data><![CDATA[]]></Data>
    <Ementa />
    <Titulo />
    <SubTitulo />
    <Texto><![CDATA[<p class="identifica">DESPACHO de 29 de março de 2018</p><p>O SECRETÁRIO EXECUTIVO DO MINISTÉRIO DA FAZENDA, tendo em vista o Decreto nº 1.387, de 07 de fevereiro de 1995, e o Decreto nº 7.689, de 2 de março de 2012, e no uso das competências que lhe foram delegadas pelo artigo 10 da Portaria MF nº 160, de 6 de maio de 2016, alterada pela Portaria nº 294, de 12 de junho de 2017, e pelo artigo 10 da Portaria MF nº 40, de 31 de janeiro de 2018, autoriza o afastamento do País do Auditor-Fiscal da Receita Federal do Brasil BRUNO CARVALHO NEPOMUCENO, Chefe da Divisão de Controles Aduaneiros Especiais da Coordenação-Geral de Administração Aduaneira da Secretaria da Receita Federal do Brasil, no período de 07 a 14 de abril de 2018, inclusive trânsito, com ônus, com a finalidade de participar da 3ª Reunião do Grupo de Trabalho em e-Commerce, promovido pela Organização Mundial de Aduanas, a se realizar em Bruxelas, Bélgica. (Processo nº 10168.000031/2018-49).</p><p class="assina">EDUARDO REFINETTI GUARDIA</p>]]></Texto>
  </body>
</article></xml>