﻿<xml><article id="2344840" name="PORTARIA Nº 106 - DG, DE 28 DE M" idOficio="4731850" pubName="DO2" artType="Portaria" pubDate="02/04/2018" artClass="00032:00005:00000:00000:00000:00000:00000:00000:00000:00000:00025:00001" artCategory="Ministério Extraordinário da Segurança Pública/Departamento de Polícia Rodoviária Federal" artSize="8" artNotes="" numberPage="72" pdfPage="http://pesquisa.in.gov.br/imprensa/jsp/visualiza/index.jsp?data=02/04/2018&amp;jornal=529&amp;pagina=72" editionNumber="62" highlight="" idMateria="10640611">
  <body>
    <Identifica><![CDATA[ PORTARIA Nº 106, DE 28 DE MARÇO DE 2018]]></Identifica>
    <Data><![CDATA[]]></Data>
    <Ementa />
    <Titulo />
    <SubTitulo />
    <Texto><![CDATA[<p class="identifica">PORTARIA Nº 106, DE 28 DE MARÇO DE 2018</p><p>O DIRETOR GERAL DA POLÍCIA RODOVIÁRIA FEDERAL, no uso das atribuições que lhe foram conferidas pelo art. 110, inciso VII da Portaria nº 219, de 27 de fevereiro de 2018, do Senhor Ministro de Estado da Justiça, publicada no Diário Oficial da União em 28 de fevereiro de 2018; considerando o dispositivo nos art. 33 inciso I e art. 34, da lei nº 8.112/90, e com fulcro no que consta dos autos de processo Nº 08.652.001.504/2018-11, resolve:</p><p>Art.1º - Declarar vago, a partir de 19 de fevereiro de 2018, o cargo 437/014, de Agente Administrativo, código vaga nº 998771, Classe "A", Padrão "I", ocupado pela servidora CAROLINE ALMEIDA DA SILVA BORGES, matrícula SIAPE nº 3011255, lotada na SRPRF/PA, em virtude de exoneração a pedido.</p><p>Art. 2º Esta Portaria entra em vigor na data de sua publicação.</p><p class="assina">RENATO ANTÔNIO BORGES DIAS</p>]]></Texto>
  </body>
</article></xml>