﻿<xml><article id="2345948" name="Port Pensão 82 Cancel" idOficio="4732039" pubName="DO2" artType="Portaria" pubDate="02/04/2018" artClass="00007:00003:00072:00000:00000:00000:00000:00000:00000:00000:00025:00001" artCategory="Ministério da Agricultura, Pecuária e Abastecimento/Secretaria Executiva/Superintendência Federal no Estado do Rio de Janeiro" artSize="8" artNotes="" numberPage="6" pdfPage="http://pesquisa.in.gov.br/imprensa/jsp/visualiza/index.jsp?data=02/04/2018&amp;jornal=529&amp;pagina=6" editionNumber="62" highlight="" idMateria="10640914">
  <body>
    <Identifica><![CDATA[ PORTARIAS DE 28 DE MARÇO DE 2018]]></Identifica>
    <Data><![CDATA[]]></Data>
    <Ementa />
    <Titulo />
    <SubTitulo />
    <Texto><![CDATA[<p class="identifica">PORTARIAS DE 28 DE MARÇO DE 2018</p><p>O SUPERINTENDENTE FEDERAL DE AGRICULTURA NO ESTADO DO RIO DE JANEIRO, no uso da competência que lhe confere o inciso XVIII, do artigo 44 do Regimento Interno das SFAS, aprovado pela Portaria Ministerial nº 428, de 09 de junho de 2010, publicada no Diário Oficial da União de 14 de junho de 201.</p><p>Considerando o contido no Ofício nº 11.805/2016-TCU/Sefip, de 25/11/2016, em referência ao Acórdão 2.780/2016-TCU-Plenário, sobre a apuração de indícios de pagamento indevido de pensão a filha solteira, maior de 21 anos, em desacordo com os fundamentos do artigo 5º, parágrafo único, da Lei nº 3.373/1958, resolve:</p><p>Nº 82 - Art. 1º - Tornar público o CANCELAMENTO da pensão de natureza temporária de ELAZIR DE CARVALHO, matrícula SIAPE 00400378, CPF 512.835.307-91, beneficiária na qualidade de filha solteira, maior de 21 anos, do ex-servidor aposentado deste Ministério, HORÁCIO DE CARVALHO, matrícula SIAPE 0035920, falecido em 20/06/1965, nos termos do artigo 5º, parágrafo único, da Lei nº 3.373/58, por descaracterizar dependência econômica em virtude do vínculo de Companheira, com efeitos financeiros a partir de 31/03/2018, conforme o artigo 223, da Lei nº 8.112/90. (Processo (SEI) nº. 21044.001092/2017-65).</p><p>Nº 83 - Art. 1º - Tornar público o CANCELAMENTO da pensão de natureza temporária de SÔNIA ODETE DOS REIS SOARES, matrícula SIAPE 01483978, CPF 374.537.427-49, beneficiária na qualidade de filha solteira, maior de 21 anos, do ex-servidor aposentado deste Ministério, ENOCH ALVARENGA SOARES, matrícula SIAPE 1046985, falecido em 11/09/1967, nos termos do artigo 5º, parágrafo único, da Lei nº 3.373/58, por descaracterizar dependência econômica em virtude do vínculo de Companheira, com efeitos financeiros a partir de 31/03/2018, conforme o artigo 223, da Lei nº 8.112/90. (Processo (SEI) nº. 21044.001514/2017-01).</p><p>Nº 84 - Art. 1º - Tornar público o CANCELAMENTO da pensão de natureza temporária de ISABEL CRISTINA BATISTA, matrícula SIAPE 01255088, CPF 881.763.207-49, beneficiária na qualidade de filha solteira, maior de 21 anos, do ex-servidor aposentado deste Ministério, FRANCISCO BAPTISTA, matrícula SIAPE 1027570, falecido em 19/04/1984, nos termos do artigo 5º, parágrafo único, da Lei nº 3.373/58, por descaracterizar dependência econômica em virtude do vínculo de Companheira, com efeitos financeiros a partir de 31/03/2018, conforme o artigo 223, da Lei nº 8.112/90. (Processo (SEI) nº. 21044.001217/2017-57).</p><p>Nº 85 - Art. 1º - Tornar público o CANCELAMENTO da pensão de natureza temporária de MARIA LUCIA DE JESUS, matrícula SIAPE 01490079, CPF 038.760.067-16, beneficiária na qualidade de filha solteira, maior de 21 anos, do ex-servidor aposentado deste Ministério, RAUL DE JESUS, matrícula SIAPE 0984008, falecido em 18/10/1969, nos termos do artigo 5º, parágrafo único, da Lei nº 3.373/58, por descaracterizar dependência econômica em virtude do vínculo de Companheira, com efeitos financeiros a partir de 31/03/2018, conforme o artigo 223, da Lei nº 8.112/90. (Processo (SEI) nº. 21044.001408/2017-19).</p><p>Nº 86 - Art. 1º - Tornar público o CANCELAMENTO da pensão de natureza temporária de ARLETE DE VASCONCELLOS, matrícula SIAPE 00669296, CPF 952.965.307-72, beneficiária na qualidade de filha solteira, maior de 21 anos, do ex-servidor aposentado deste Ministério, AGOSTINHO SILVA, matrícula SIAPE 0038418, falecido em 10/07/1953, nos termos do artigo 5º, parágrafo único, da Lei nº 3.373/58, por descaracterizar dependência econômica em virtude do vínculo de Companheira, com efeitos financeiros a partir de 31/03/2018, conforme o artigo 223, da Lei nº 8.112/90. (Processo (SEI) nº. 21044.000977/2017-47).</p><p>Nº 87 - Art. 1º - Tornar público o CANCELAMENTO da pensão de natureza temporária de VILMA MARIA CARREIRO, matrícula SIAPE 02053110, CPF 313.112.107-68, beneficiária na qualidade de filha solteira, maior de 21 anos, do ex-servidor aposentado deste Ministério, MOACIR CARREIRO, matrícula SIAPE 1061498, falecido em 21/10/1982, nos termos do artigo 5º, parágrafo único, da Lei nº 3.373/58, por descaracterizar dependência econômica em virtude do vínculo de Companheira, com efeitos financeiros a partir de 31/03/2018, conforme o artigo 223, da Lei nº 8.112/90. (Processo (SEI) nº. 21044.000929/2017-59).</p><p>Nº 88 - Art. 1º - Tornar público o CANCELAMENTO da pensão de natureza temporária de CACILDA GONÇALVES DE SOUZA, matrícula SIAPE 00981613, CPF 725.701.307-10, beneficiária na qualidade de filha solteira, maior de 21 anos, do ex-servidor aposentado deste Ministério, MANOEL DE SOUZA BELCHIOR, matrícula SIAPE 0996972, falecido em 09/08/1978, nos termos do artigo 5º, parágrafo único, da Lei nº 3.373/58, por descaracterizar dependência econômica em virtude do vínculo de Companheira, com efeitos financeiros a partir de 31/03/2018, conforme o artigo 223, da Lei nº 8.112/90. (Processo (SEI) nº. 21044.000983/2017-02).</p><p>Nº 89 - Art. 1º - Tornar público o CANCELAMENTO da pensão de natureza temporária de ZENI BERNARDINO, matrícula SIAPE 00636011, CPF 762.665.087-53, beneficiária na qualidade de filha solteira, maior de 21 anos, do ex-servidor aposentado deste Ministério, JOVINO BERNARDINO DE PAULA, matrícula SIAPE 6010914, falecido em 20/07/1988, nos termos do artigo 5º, parágrafo único, da Lei nº 3.373/58, por descaracterizar dependência econômica em virtude do vínculo de Companheira, com efeitos financeiros a partir de 31/03/2018, conforme o artigo 223, da Lei nº 8.112/90. (Processo (SEI) nº. 21044.001463/2017-17).</p><p>Nº 90 - Art. 1º - Tornar público o CANCELAMENTO da pensão de natureza temporária de LIDIA MARIA MIGUEL, matrícula SIAPE 03756157, CPF 822.171.067-91, beneficiária na qualidade de filha solteira, maior de 21 anos, do ex-servidor aposentado deste Ministério, JOÃO MIGUEL FILHO, matrícula SIAPE 1008119, falecido em 22/09/1988, nos termos do artigo 5º, parágrafo único, da Lei nº 3.373/58, por descaracterizar dependência econômica em virtude do vínculo de Companheira, com efeitos financeiros a partir de 31/03/2018, conforme o artigo 223, da Lei nº 8.112/90. (Processo (SEI) nº. 21044.001285/2017-16).</p><p>Nº 91 - Art. 1º - Tornar público o CANCELAMENTO da pensão de natureza temporária de MAURA NOVAES, matrícula SIAPE 01018124, CPF 255.496.507-20, beneficiária na qualidade de filha solteira, maior de 21 anos, do ex-servidor aposentado deste Ministério, NICOMEDES OLINTHO DE SIQUEIRA NOVAES, matrícula SIAPE 0999271, falecido em 05/02/1954, nos termos do artigo 5º, parágrafo único, da Lei nº 3.373/58, por descaracterizar dependência econômica em virtude do vínculo de Companheira, com efeitos financeiros a partir de 31/03/2018, conforme o artigo 223, da Lei nº 8.112/90. (Processo (SEI) nº. 21044.001441/2017-49).</p><p>Nº 92 - Art. 1º - Tornar público o CANCELAMENTO da pensão de natureza temporária de DIOMAR FERREIRA, matrícula SIAPE 01545442, CPF 025.552.567-25, beneficiária na qualidade de filha solteira, maior de 21 anos, do ex-servidor aposentado deste Ministério, ANTONIO JOSÉ FERREIRA, matrícula SIAPE 1052224, falecido em 28/02/1964, nos termos do artigo 5º, parágrafo único, da Lei nº 3.373/58, por descaracterizar dependência econômica em virtude do vínculo de Companheira, com efeitos financeiros a partir de 31/03/2018, conforme o artigo 223, da Lei nº 8.112/90. (Processo (SEI) nº. 21044.001078/2017-61).</p><p>Nº 93 - Art. 1º - Tornar público o CANCELAMENTO da pensão de natureza temporária de IARA MIGUEL CORREA, matrícula SIAPE 00252972, CPF 602.805.737-15, beneficiária na qualidade de filha solteira, maior de 21 anos, do ex-servidor aposentado deste Ministério, ANTONIO MIGUEL CORREA, matrícula SIAPE 0034975, falecido em 20/11/1972, nos termos do artigo 5º, parágrafo único, da Lei nº 3.373/58, por descaracterizar dependência econômica em virtude do vínculo de Companheira, com efeitos financeiros a partir de 31/03/2018, conforme o artigo 223, da Lei nº 8.112/90. (Processo (SEI) nº. 21044.001209/2017-19).</p><p>Nº 94 - Art. 1º - Tornar público o CANCELAMENTO da pensão de natureza temporária de MARIA JOSÉ CONSTANTINO MOURÃO, matrícula SIAPE 05169585, CPF 810.739.687-15, beneficiária na qualidade de filha solteira, maior de 21 anos, do ex-servidor aposentado deste Ministério, ZEFERINO RODRIGUES MOURÃO, matrícula SIAPE 0998285, falecido em 08/06/1977, nos termos do artigo 5º, parágrafo único, da Lei nº 3.373/58, por descaracterizar dependência econômica em virtude do vínculo de Companheira, com efeitos financeiros a partir de 31/03/2018, conforme o artigo 223, da Lei nº 8.112/90. (Processo (SEI) nº. 21044.001404/2017-31).</p><p>Nº 95 - Art. 1º - Tornar público o CANCELAMENTO da pensão de natureza temporária de MARILIA ISABEL XAVIER SANTANA, matrícula SIAPE 00732443, CPF 542.190.197-15, beneficiária na qualidade de filha solteira, maior de 21 anos, do ex-servidor aposentado deste Ministério, AMARO JOAQUIM SANTANA, matrícula SIAPE 0038840, falecido em 04/12/1983, nos termos do artigo 5º, parágrafo único, da Lei nº 3.373/58, por descaracterizar dependência econômica em virtude do vínculo de Companheira, com efeitos financeiros a partir de 31/03/2018, conforme o artigo 223, da Lei nº 8.112/90. (Processo (SEI) nº. 21044.001422/2017-12).</p><p>Nº 96 - Art. 1º - Tornar público o CANCELAMENTO da pensão de natureza temporária de TERESINHA FERNANDES DA CONCEIÇÃO, matrícula SIAPE 02944138, CPF 534.742.877-53, beneficiária na qualidade de filha solteira, maior de 21 anos, do ex-servidor aposentado deste Ministério, OSVALDO PEREIRA DA CONCEIÇÃO, matrícula SIAPE 0999570, falecido em 28/04/1988, nos termos do artigo 5º, parágrafo único, da Lei nº 3.373/58, por descaracterizar dependência econômica em virtude do vínculo de Companheira, com efeitos financeiros a partir de 31/03/2018, conforme o artigo 223, da Lei nº 8.112/90. (Processo (SEI) nº. 21044.001523/2017-93).</p><p>Nº 97 - Art. 1º - Tornar público o CANCELAMENTO da pensão de natureza temporária de IOLANDA GOMES DE OLIVEIRA, matrícula SIAPE 03278930, CPF 287.536.747-15, beneficiária na qualidade de filha solteira, maior de 21 anos, do ex-servidor aposentado deste Ministério, IRINEU GOMES DE OLIVEIRA, matrícula SIAPE 1228770, falecido em 03/08/1963, nos termos do artigo 5º, parágrafo único, da Lei nº 3.373/58, por descaracterizar dependência econômica em virtude do vínculo de Companheira, com efeitos financeiros a partir de 31/03/2018, conforme o artigo 223, da Lei nº 8.112/90. (Processo (SEI) nº. 21044.001212/2017-24).</p><p>Nº 98 - Art. 1º - Tornar público o CANCELAMENTO da pensão de natureza temporária de JANETE IGNACIA DE ANDRADE, matrícula SIAPE 01201760, CPF 785.827.507-06, beneficiária na qualidade de filha solteira, maior de 21 anos, do ex-servidor aposentado deste Ministério, JOAQUIM VIRGILIO DE ANDRADE, matrícula SIAPE 0038275, falecido em 18/02/1985, nos termos do artigo 5º, parágrafo único, da Lei nº 3.373/58, por descaracterizar dependência econômica em virtude do vínculo de Companheira, com efeitos financeiros a partir de 31/03/2018, conforme o artigo 223, da Lei nº 8.112/90. (Processo (SEI) nº. 21044.001266/2017-90).</p><p>Nº 99 - Art. 1º - Tornar público o CANCELAMENTO da pensão de natureza temporária de MARIA APARECIDA DE MEDEIROS, matrícula SIAPE 01092456, CPF 602.920.087-91, beneficiária na qualidade de filha solteira, maior de 21 anos, do ex-servidor aposentado deste Ministério, JOSÉ GARCIA DE MEDEIROS, matrícula SIAPE 1003985, falecido em 15/09/1960, nos termos do artigo 5º, parágrafo único, da Lei nº 3.373/58, por descaracterizar dependência econômica em virtude do vínculo de Companheira, com efeitos financeiros a partir de 31/03/2018, conforme o artigo 223, da Lei nº 8.112/90. (Processo (SEI) nº. 21044.001327/2017-19).</p><p>Nº 100 - Art. 1º - Tornar público o CANCELAMENTO da pensão de natureza temporária de ANA CRISTINA RAMOS, matrícula SIAPE 00993981, CPF 582.758.437-15, beneficiária na qualidade de filha solteira, maior de 21 anos, do ex-servidor aposentado deste Ministério, JOAQUIM RAMOS, matrícula SIAPE 0997653, falecido em 03/01/1978, nos termos do artigo 5º, parágrafo único, da Lei nº 3.373/58, por descaracterizar dependência econômica em virtude do vínculo de Companheira, com efeitos financeiros a partir de 31/03/2018, conforme o artigo 223, da Lei nº 8.112/90. (Processo (SEI) nº. 21044.000960/2017-90).</p><p>Nº 101 - Art. 1º - Tornar público o CANCELAMENTO da pensão de natureza temporária de MARIA TEREZA DOS SANTOS, matrícula SIAPE 02715619, CPF 762.288.787-00, beneficiária na qualidade de filha solteira, maior de 21 anos, do ex-servidor aposentado deste Ministério, CANDIDO RODRIGUES DOS SANTOS, matrícula SIAPE 1140867, falecido em 22/07/1977, nos termos do artigo 5º, parágrafo único, da Lei nº 3.373/58, por descaracterizar dependência econômica em virtude do vínculo de Companheira, com efeitos financeiros a partir de 31/03/2018, conforme o artigo 223, da Lei nº 8.112/90. (Processo (SEI) nº. 21044.001419/2017-07).</p><p>Nº 102 - Art. 1º - Tornar público o CANCELAMENTO da pensão de natureza temporária de LEA ALVES SANTIAGO, matrícula SIAPE 00556327, CPF 290.008.747-34, beneficiária na qualidade de filha solteira, maior de 21 anos, do ex-servidor aposentado deste Ministério, FRANCISCO ALVES SANTIAGO, matrícula SIAPE 0037632, falecido em 30/01/1974, nos termos do artigo 5º, parágrafo único, da Lei nº 3.373/58, por descaracterizar dependência econômica em virtude do vínculo de Companheira, com efeitos financeiros a partir de 31/03/2018, conforme o artigo 223, da Lei nº 8.112/90. (Processo (SEI) nº. 21044.001278/2017-14).</p><p>Nº 103 - Art. 1º - Tornar público o CANCELAMENTO da pensão de natureza temporária de IVANY ROCHA, matrícula SIAPE 00339636, CPF 356.082.347-15, beneficiária na qualidade de filha solteira, maior de 21 anos, do ex-servidor aposentado deste Ministério, BENJAMIM ROCHA JUNIOR, matrícula SIAPE 0035558, falecido em 06/09/1971, nos termos do artigo 5º, parágrafo único, da Lei nº 3.373/58, por descaracterizar dependência econômica em virtude do vínculo de Companheira, com efeitos financeiros a partir de 31/03/2018, conforme o artigo 223, da Lei nº 8.112/90. (Processo (SEI) nº. 21044.001220/2017-71).</p><p>Nº 104 - Art. 1º - Tornar público o CANCELAMENTO da pensão de natureza temporária de MARILUCE MENDONÇA DE SOUZA, matrícula SIAPE 03881857, CPF 030.724.657-46, beneficiária na qualidade de filha solteira, maior de 21 anos, do ex-servidor aposentado deste Ministério, CRISTOVAM MOREIRA DE SOUZA, matrícula SIAPE 1084730, falecido em 01/03/1976, nos termos do artigo 5º, parágrafo único, da Lei nº 3.373/58, por descaracterizar dependência econômica em virtude do vínculo de Companheira, com efeitos financeiros a partir de 31/03/2018, conforme o artigo 223, da Lei nº 8.112/90. (Processo (SEI) nº. 21044.001427/2017-45).</p><p>Nº 105 - Art. 1º - Tornar público o CANCELAMENTO da pensão de natureza temporária de VANDA ROSA JEAN JACQUES, matrícula SIAPE 01209531, CPF 410.927.597-00, beneficiária na qualidade de filha solteira, maior de 21 anos, do ex-servidor aposentado deste Ministério, HEITOR JEAN JACQUES, matrícula SIAPE 1003372, falecido em 05/08/1989, nos termos do artigo 5º, parágrafo único, da Lei nº 3.373/58, por descaracterizar dependência econômica em virtude do vínculo de Companheira, com efeitos financeiros a partir de 31/03/2018, conforme o artigo 223, da Lei nº 8.112/90. (Processo (SEI) nº. 21044.001533/2017-29).</p><p>Nº 106 - Art. 1º - Tornar público o CANCELAMENTO da pensão de natureza temporária de LUIZA DA SILVA, matrícula SIAPE 00567825, CPF 466.845.737-04, beneficiária na qualidade de filha solteira, maior de 21 anos, do ex-servidor aposentado deste Ministério, ARTALIRO CONRADO DA SILVA, matrícula SIAPE 0037785, falecido em 18/11/1968, nos termos do artigo 5º, parágrafo único, da Lei nº 3.373/58, por descaracterizar dependência econômica em virtude do vínculo de Companheira, com efeitos financeiros a partir de 31/03/2018, conforme o artigo 223, da Lei nº 8.112/90. (Processo (SEI) nº. 21044.001309/2017-37).</p><p>Nº 107 - Art. 1º - Tornar público o CANCELAMENTO da pensão de natureza temporária de IRACEMA DE AMORIM, matrícula SIAPE 01250531, CPF 462.798.577-00, beneficiária na qualidade de filha solteira, maior de 21 anos, do ex-servidor aposentado deste Ministério, JOAQUIM MARIANO DE AMORIM, matrícula SIAPE 0037986, falecido em 09/01/1975, nos termos do artigo 5º, parágrafo único, da Lei nº 3.373/58, por descaracterizar dependência econômica em virtude do vínculo de Companheira, com efeitos financeiros a partir de 31/03/2018, conforme o artigo 223, da Lei nº 8.112/90. (Processo (SEI) nº. 21044.001213/2017-79).</p><p>Nº 108 - Art. 1º - Tornar público o CANCELAMENTO da pensão de natureza temporária de IACY GUIMARÃES RODRIGUES, matrícula SIAPE 00407356, CPF 008.981.557-20, beneficiária na qualidade de filha solteira, maior de 21 anos, do ex-servidor aposentado deste Ministério, EDUARDO CLAUDIO DA SILVA, matrícula SIAPE 0036448, falecido em 31/08/1986, nos termos do artigo 5º, parágrafo único, da Lei nº 3.373/58, por descaracterizar dependência econômica em virtude do vínculo de Companheira, com efeitos financeiros a partir de 31/03/2018, conforme o artigo 223, da Lei nº 8.112/90. (Processo (SEI) nº. 21044.001208/2017-66).</p><p>Nº 109 - Art. 1º - Tornar público o CANCELAMENTO da pensão de natureza temporária de MARIA DA CONCEIÇÃO ABREU DOS SANTOS CORDEIRO, matrícula SIAPE 01078950, CPF 570.252.317-20, beneficiária na qualidade de filha solteira, maior de 21 anos, do ex-servidor aposentado deste Ministério, SEBASTIÃO CORDEIRO DOS SANTOS, matrícula SIAPE 1003073, falecido em 08/07/1969, nos termos do artigo 5º, parágrafo único, da Lei nº 3.373/58, por descaracterizar dependência econômica em virtude do vínculo de Companheira, com efeitos financeiros a partir de 31/03/2018, conforme o artigo 223, da Lei nº 8.112/90. (Processo (SEI) nº. 21044.001341/2017-12).</p><p>Nº 110 - Art. 1º - Tornar público o CANCELAMENTO da pensão de natureza temporária de VALERIA DA SILVA FREITAS, matrícula SIAPE 02535416, CPF 052.042.897-80, beneficiária na qualidade de filha solteira, maior de 21 anos, do ex-servidor aposentado deste Ministério, ALTAMIRO DA SILVA FREITAS, matrícula SIAPE 1079494, falecido em 12/01/1978, nos termos do artigo 5º, parágrafo único, da Lei nº 3.373/58, por descaracterizar dependência econômica em virtude do vínculo de Companheira, com efeitos financeiros a partir de 31/03/2018, conforme o artigo 223, da Lei nº 8.112/90. (Processo (SEI) nº. 21044.001526/2017-27).</p><p>Nº 111 - Art. 1º - Tornar público o CANCELAMENTO da pensão de natureza temporária de ANA DE FÁTIMA DA CAMARA, matrícula SIAPE 04120655, CPF 503.341.667-72, beneficiária na qualidade de filha solteira, maior de 21 anos, do ex-servidor aposentado deste Ministério, JOSÉ MOREIRA DA CAMARA, matrícula SIAPE 0036329, falecido em 03/06/1964, nos termos do artigo 5º, parágrafo único, da Lei nº 3.373/58, por descaracterizar dependência econômica em virtude do vínculo de Companheira, com efeitos financeiros a partir de 31/03/2018, conforme o artigo 223, da Lei nº 8.112/90. (Processo (SEI) nº. 21044.000962/2017-89).</p><p>Nº 112 - Art. 1º - Tornar público o CANCELAMENTO da pensão de natureza temporária de FERNANDINA DA SILVA, matrícula SIAPE 01372513, CPF 726.198.217-20, beneficiária na qualidade de filha solteira, maior de 21 anos, do ex-servidor aposentado deste Ministério, JOÃO PAULINO DA SILVA, matrícula SIAPE 0035595, falecido em 16/11/1971, nos termos do artigo 5º, parágrafo único, da Lei nº 3.373/58, por descaracterizar dependência econômica em virtude do vínculo de Companheira, com efeitos financeiros a partir de 31/03/2018, conforme o artigo 223, da Lei nº 8.112/90. (Processo (SEI) nº. 21044.001196/2017-70).</p><p>Nº 113 - Art. 1º - Tornar público o CANCELAMENTO da pensão de natureza temporária de NEUZA DOS SANTOS, matrícula SIAPE 00974919, CPF 347.403.687-49, beneficiária na qualidade de filha solteira, maior de 21 anos, do ex-servidor aposentado deste Ministério, THEMISTOCLES DOS SANTOS, matrícula SIAPE 0996530, falecido em 21/03/1961, nos termos do artigo 5º, parágrafo único, da Lei nº 3.373/58, por descaracterizar dependência econômica em virtude do vínculo de Companheira, com efeitos financeiros a partir de 31/03/2018, conforme o artigo 223, da Lei nº 8.112/90. (Processo (SEI) nº. 21044.001474/2017-99).</p><p>Nº 114 - Art. 1º - Tornar público o CANCELAMENTO da pensão de natureza temporária de NADIR DA CONCEIÇÃO FERREIRA, matrícula SIAPE 02631687, CPF 543.285.787-15, beneficiária na qualidade de filha solteira, maior de 21 anos, do ex-servidor aposentado deste Ministério, GIL ANTHERO FERREIRA FILHO, matrícula SIAPE 1005039, falecido em 19/12/1976, nos termos do artigo 5º, parágrafo único, da Lei nº 3.373/58, por descaracterizar dependência econômica em virtude do vínculo de Companheira, com efeitos financeiros a partir de 31/03/2018, conforme o artigo 223, da Lei nº 8.112/90. (Processo (SEI) nº. 21044.001445/2017-27).</p><p>Nº 115 - Art. 1º - Tornar público o CANCELAMENTO da pensão de natureza temporária de ENEDINA RIBEIRO TEIXEIRA, matrícula SIAPE 01195221, CPF 922.063.287-04, beneficiária na qualidade de filha solteira, maior de 21 anos, do ex-servidor aposentado deste Ministério, EDWIGES MAGALHÃES RIBEIRO, matrícula SIAPE 1023450, falecido em 16/12/1972, nos termos do artigo 5º, parágrafo único, da Lei nº 3.373/58, por descaracterizar dependência econômica em virtude do vínculo de Companheira, com efeitos financeiros a partir de 31/03/2018, conforme o artigo 223, da Lei nº 8.112/90. (Processo (SEI) nº. 21044.000667/2017-22).</p><p>Nº 116 - Art. 1º - Tornar público o CANCELAMENTO da pensão de natureza temporária de CLEUSA JANUARIA DE CARVALHO, matrícula SIAPE 01126075, CPF 612.675.117-53, beneficiária na qualidade de filha solteira, maior de 21 anos, do ex-servidor aposentado deste Ministério, JOSÉ XAVIER DE CARVALHO, matrícula SIAPE 0036359, falecido em 20/11/1978, nos termos do artigo 5º, parágrafo único, da Lei nº 3.373/58, por descaracterizar dependência econômica em virtude do vínculo de Companheira, com efeitos financeiros a partir de 31/03/2018, conforme o artigo 223, da Lei nº 8.112/90. (Processo (SEI) nº. 21044.001030/2017-53).</p><p>Nº 117 - Art. 1º - Tornar público o CANCELAMENTO da pensão de natureza temporária de ALAIDES RODRIGUES DA CONCEIÇÃO, matrícula SIAPE 00181293, CPF 835.549.127-00, beneficiária na qualidade de filha solteira, maior de 21 anos, do ex-servidor aposentado deste Ministério, ANTONIO RODRIGUES, matrícula SIAPE 0034376, falecido em 22/09/1976, nos termos do artigo 5º, parágrafo único, da Lei nº 3.373/58, por descaracterizar dependência econômica em virtude do vínculo de Companheira, com efeitos financeiros a partir de 31/03/2018, conforme o artigo 223, da Lei nº 8.112/90. (Processo (SEI) nº. 21044.000939/2017-94).</p><p class="assina">JOSÉ ESSIOMAR GOMES DA SILVA</p>]]></Texto>
  </body>
</article></xml>