﻿<xml><article id="2340332" name="PORT 482" idOficio="4731618" pubName="DO2" artType="Portaria" pubDate="02/04/2018" artClass="00017:00002:00001:00000:00000:00000:00000:00000:00000:00000:00025:00001" artCategory="Ministério da Saúde/Secretaria Executiva/Subsecretaria de Assuntos Administrativos" artSize="12" artNotes="" numberPage="44" pdfPage="http://pesquisa.in.gov.br/imprensa/jsp/visualiza/index.jsp?data=02/04/2018&amp;jornal=529&amp;pagina=44" editionNumber="62" highlight="" idMateria="10640202">
  <body>
    <Identifica><![CDATA[ PORTARIA Nº 482, DE 28 DE MARÇO DE 2018]]></Identifica>
    <Data><![CDATA[]]></Data>
    <Ementa />
    <Titulo />
    <SubTitulo />
    <Texto><![CDATA[<p class="identifica">PORTARIA Nº 482, DE 28 DE MARÇO DE 2018</p><p>O Subsecretário de Assuntos Administrativos do Ministério da Saúde, no uso de suas atribuições legais, resolve:</p><p>Art. 1º - Constituir equipe técnica que realizará a análise das propostas e da documentação de habilitação, considerando todos os parâmetros descritos no Edital de Credenciamento nº 01/2017, cujo objeto é o credenciamento e contratação de empresas para implantação de prontuário eletrônico nas Unidades Básicas de Saúde (UBS), por meio da contratação de solução que contemple serviços de hardware, software, manutenção de equipamentos de TI, treinamento dos profissionais de saúde e suporte técnico para o uso do Prontuário Eletrônico.</p><p>Art. 2º - A Equipe Técnica será composta pelos seguintes servidores:</p><p></p><table><tr /><tr><td><p>NOME</p></td><td><p>SIAPE</p></td><td><p>LOTAÇÃO</p></td></tr><tr><td><p>Osvaldo Peralta Bonetti</p></td><td><p>3829696</p></td><td><p>CGAA/DAB/SAS</p></td></tr><tr><td><p>Zainab Dias Bazzi</p></td><td><p>2125473</p></td><td><p>DIPLI/CGMAP/SAA</p></td></tr><tr><td><p>Justiniano Ferreira Oliveira Neto</p></td><td><p>1936760</p></td><td><p>DIPLI/CGMAP/SAA</p></td></tr><tr><td><p>Eduardo Rodrigues Nakashima</p></td><td><p>1857577</p></td><td><p>CREDT/CGIE/DATASUS/SE/MS</p></td></tr><tr><td><p>Antonio Carlos Rosa de Oliveira Junior</p></td><td><p>416946</p></td><td><p>FNS</p></td></tr></table><p>Art. 3º - São atribuições da Equipe Técnica: analisar as propostas e a documentação de habilitação, com a finalidade de verificar as condições de participação e credenciamento, levando em consideração todos os critérios descritos no referido instrumento convocatório e seus anexos, observado o prazo de até 30 (trinta) dias a partir do recebimento dos documentos.</p><p>Art. 4º - Esta Portaria entrará em vigor na data de sua publicação, revogando a Portaria nº 391, de 14 de março de 2018.</p><p class="assina">LEONARDO ROSÁRIO DE ALCÂNTARA</p>]]></Texto>
  </body>
</article></xml>