﻿<xml><article id="2343024" name="Port 373" idOficio="4731597" pubName="DO2" artType="Portaria" pubDate="02/04/2018" artClass="00011:00032:00001:00000:00000:00000:00000:00000:00000:00000:00025:00006" artCategory="Ministério da Educação/Fundação Universidade Federal do Mato Grosso do Sul/Reitoria" artSize="8" artNotes="" numberPage="22" pdfPage="http://pesquisa.in.gov.br/imprensa/jsp/visualiza/index.jsp?data=02/04/2018&amp;jornal=529&amp;pagina=22" editionNumber="62" highlight="" idMateria="10640144">
  <body>
    <Identifica><![CDATA[ PORTARIA Nº 373, de  28 de março de 2018]]></Identifica>
    <Data><![CDATA[]]></Data>
    <Ementa />
    <Titulo />
    <SubTitulo />
    <Texto><![CDATA[<p class="identifica">PORTARIA Nº 373, de 28 de março de 2018</p><p>O REITOR DA FUNDAÇÃO UNIVERSIDADE FEDERAL DE MATO GROSSO DO SUL, no uso de suas atribuições legais, e tendo em vista o que consta do Processo nº 23104.003640/2018-46, resolve:</p><p>Conceder aposentadoria voluntária a VALMIR DE ALCANTARA, matrícula Siape nº 0432742, código de vaga 341018, integrante da Carreira Técnico-Administrativa, do quadro de pessoal desta Universidade, ocupante do cargo de Técnico de Laboratório Área, Classe D, Nível de Capacitação 4, Padrão 16, nos termos dos incisos I a III do art. 3º da Emenda Constitucional nº 47, de 5 de julho de 2005, com proventos integrais e dezessete por cento de anuênio.</p><p class="assina">MARCELO AUGUSTO SANTOS TURINE</p>]]></Texto>
  </body>
</article></xml>