﻿<xml><article id="2345891" name="PORTARIA SE 197 - IRENE SANTOS D" idOficio="4732029" pubName="DO2" artType="Portaria" pubDate="02/04/2018" artClass="00026:00002:00000:00000:00000:00000:00000:00000:00000:00000:00025:00002" artCategory="Ministério do Planejamento, Desenvolvimento e Gestão/Secretaria Executiva" artSize="8" artNotes="" numberPage="62" pdfPage="http://pesquisa.in.gov.br/imprensa/jsp/visualiza/index.jsp?data=02/04/2018&amp;jornal=529&amp;pagina=62" editionNumber="62" highlight="" idMateria="10640903">
  <body>
    <Identifica><![CDATA[ PORTARIA  Nº 197, DE 29 DE MARÇO DE 2018]]></Identifica>
    <Data><![CDATA[]]></Data>
    <Ementa />
    <Titulo />
    <SubTitulo />
    <Texto><![CDATA[<p></p><p class="identifica">PORTARIA Nº 197, DE 29 DE MARÇO DE 2018</p><p>O SECRETÁRIO-EXECUTIVO DO MINISTÉRIO DO PLANEJAMENTO, DESENVOLVIMENTO E GESTÃO, no uso da competência que lhe foi delegada pela Portaria MP nº 381, de 16 de novembro de 2017, publicada no Diário Oficial da União - DOU, de 17 de novembro de 2017, em conformidade com o disposto no inciso II do art. 93 da Lei nº 8.112, de 11 de dezembro de 1990, com redação dada pelo art. 22 da Lei no8.270, de 17 de dezembro de 1991, no Decreto nº 9.144, de 22 de agosto de 2017, na Medida Provisória nº 817, de 4 de janeiro de 2018, na Lei Complementar nº 73, de 10 de fevereiro de 1993, e na Orientação Normativa SEGEP/MP nº 4, de 12 de junho 2015, publicada no DOU de 15 de junho de 2015, e demais informações que constam do Processo nº 00463.019659/2017-49, resolve:</p><p>Art. 1º Autorizar a requisição da servidora IRENE SANTOS DE MENEZES ALBUQUERQUE, matrícula SIAPE nº 2383838, oriunda do ex-Território Federal de Rondônia, pertencente ao Quadro em Extinção da União, para exercer suas atividades junto à Advocacia Geral da União - Procuradoria da União no Estado de Rondônia.</p><p>Art. 2º O ônus pela remuneração é do órgão requisitado.</p><p>Art. 3º A servidora deverá apresentar-se imediatamente ao órgão de origem ao término da requisição, observado o disposto nos arts. 4º e 6º da Orientação Normativa SEGEP nº 4, de 2015.</p><p>Art. 4º Esta Portaria entra em vigor na data de sua publicação.</p><p class="assina">ESTEVES PEDRO COLNAGO JUNIOR</p>]]></Texto>
  </body>
</article></xml>