﻿<xml><article id="2347417" name="PT 52 SOGP DIAMANTINA" idOficio="4732078" pubName="DO2" artType="Portaria" pubDate="02/04/2018" artClass="00022:00029:00240:00011:00003:00000:00000:00000:00000:00000:00025:00005" artCategory="Ministério do Desenvolvimento Social/Instituto Nacional do Seguro Social/Superintendência Regional Sudeste II em Belo Horizonte/Gerência Executiva - B - Diamantina/Seção Operacional  de Gestão de Pessoas" artSize="8" artNotes="" numberPage="59" pdfPage="http://pesquisa.in.gov.br/imprensa/jsp/visualiza/index.jsp?data=02/04/2018&amp;jornal=529&amp;pagina=59" editionNumber="62" highlight="" idMateria="10641014">
  <body>
    <Identifica><![CDATA[ PORTARIA Nº 52, DE 29 DE MARÇO DE 2018]]></Identifica>
    <Data><![CDATA[]]></Data>
    <Ementa />
    <Titulo />
    <SubTitulo />
    <Texto><![CDATA[<p class="identifica">PORTARIA Nº 52, DE 29 DE MARÇO DE 2018</p><p>A CHEFE DA SEÇÃO OPERACIONAL DA GESTÃO DE PESSOAS DA GERÊNCIA EXECUTIVA DO INSS EM DIAMANTINA/MG, no uso das atribuições conferidas pelo artigo 235, inciso I do Regimento Interno do INSS, aprovado pela Portaria MDS/GM nº 414, de 28/09/2017, publicada no DOU - Edição Extra nº 188-A, de 29/9/2017, Seção 1, pág. 1/23, e tendo em vista o que consta no processo nº 35117.000022/2018-84, resolve:</p><p>Conceder aposentadoria voluntária por idade, ao servidor RAFLES RAFAEL DE ALVARENGA COELHO, matrícula 1.639.292, ocupante do cargo Perito Médico Previdenciário, código 811001, nível superior, Classe "D", Padrão I, do Quadro de Pessoal deste Instituto, com fundamento no art.40, § 1º, incisos III, alínea "B" da Constituição Federal, com redação dada pela Emenda Constitucional nº 41/03, com proventos proporcionais ao tempo de contribuição correspondente a 27/35 (vinte e sete trinta e cinco avos), calculados com base no art. 1º da Lei 10.887/04. Em consequência, declarar vago o referido cargo.</p><p class="assina">GIRLAINE PAULA FERNANDES</p>]]></Texto>
  </body>
</article></xml>