﻿<xml><article id="2346410" name="80120.0000122018-44 Licença Capa" idOficio="4732075" pubName="DO2" artType="Portaria" pubDate="02/04/2018" artClass="00019:00001:00000:00000:00000:00000:00000:00000:00000:00000:00025:00001" artCategory="Ministério das Cidades/Gabinete do Ministro" artSize="8" artNotes="" numberPage="51" pdfPage="http://pesquisa.in.gov.br/imprensa/jsp/visualiza/index.jsp?data=02/04/2018&amp;jornal=529&amp;pagina=51" editionNumber="62" highlight="" idMateria="10641006">
  <body>
    <Identifica><![CDATA[ DESPACHO De  29 de março de 2018]]></Identifica>
    <Data><![CDATA[]]></Data>
    <Ementa />
    <Titulo />
    <SubTitulo />
    <Texto><![CDATA[<p class="identifica">DESPACHO De 29 de março de 2018</p><p>O MINISTRO DE ESTADO DAS CIDADES, no uso da competência que lhe foi delegada pelo art. 2º do Decreto nº 1.387, de 7 de fevereiro de 1995, com a nova redação dada pelo Decreto nº 3.025, de 12 de abril de 1999, e considerando o disposto no art. 10 do Decreto nº 5.707, de 23 de fevereiro de 2006, bem como o que consta no Processo nº 80120.000012/2018-44, resolve:</p><p>Autorizar o afastamento do País da servidora HELENA BUYS GONÇALVES ROCHA FERREIRA DA SILVA, Analista de Infraestrutura, matrícula SIAPE nº 1658155, lotada na Secretaria Nacional de Saneamento Ambiental, de 09 de abril a 1º de julho de 2018, inclusive trânsito, com ônus limitado, mantidos os vencimentos, ficando as despesas decorrentes do curso e do afastamento sob responsabilidade da servidora, conforme Licença para Capacitação que lhe foi concedida, para participar de curso de Língua Inglesa, oferecido pela escola Lexis English, em Byron Bay, Austrália.</p><p class="assina">ALEXANDRE BALDY</p>]]></Texto>
  </body>
</article></xml>