﻿<xml><article id="2343397" name="Portaria Nº 97.509" idOficio="4731652" pubName="DO2" artType="Portaria" pubDate="02/04/2018" artClass="00012:00005:00011:00000:00000:00000:00000:00000:00000:00000:00025:00001" artCategory="Ministério da Fazenda/Banco Central do Brasil/Área de Administração" artSize="8" artNotes="" numberPage="40" pdfPage="http://pesquisa.in.gov.br/imprensa/jsp/visualiza/index.jsp?data=02/04/2018&amp;jornal=529&amp;pagina=40" editionNumber="62" highlight="" idMateria="10640286">
  <body>
    <Identifica><![CDATA[ PORTARIA Nº 97.509, DE 28 DE MARÇO DE 2018]]></Identifica>
    <Data><![CDATA[]]></Data>
    <Ementa />
    <Titulo />
    <SubTitulo />
    <Texto><![CDATA[<p class="identifica">PORTARIA Nº 97.509, DE 28 DE MARÇO DE 2018</p><p>O Diretor de Administração do Brasil Central do Brasil, substituto, no uso da competência estabelecida pela alínea "b" do inciso X do art. 14 do Regimento Interno e considerando o disposto no art. 93 da Lei nº 8.112, de 11 de dezembro de 1990, com a redação dada pelo art. 22 da Lei nº 8.270, de 17 de dezembro de 1991, resolve:</p><p>Art. 1º Efetivar, a partir do dia 2 de abril de 2018, a seguinte requisição:</p><p>Servidor: Humberto Sales da Silva</p><p>Cargo: Analista do Banco Central do Brasil</p><p>Matrícula: 4.308.678-0</p><p>Origem: Banco Central do Brasil</p><p>Para: Presidência da República</p><p>Cargo: Não Especificado</p><p>Base Legal: art. 2º da Lei nº 9.007/1995 e inciso I do art. 23 da Lei nº 11.890/2008</p><p>Ônus: Banco Central do Brasil (§ 1º do art. 93 da Lei nº 8.112/1990)</p><p>Processo (PE) nº: 124593</p><p>Art. 2º Cumpre ao órgão cessionário comunicar, mensalmente, ao Banco Central do Brasil, a frequência do servidor, bem como eventual mudança de cargo.</p><p>Art. 3º Esta Portaria entra em vigor na data de sua publicação.</p><p class="assina">SIDNEI CORRÊA MARQUES</p>]]></Texto>
  </body>
</article></xml>