﻿<xml><article id="2345822" name="Portaria Dirap 3PC2 1.868 de 27 " idOficio="4732021" pubName="DO2" artType="Portaria" pubDate="02/04/2018" artClass="00010:00006:00005:00046:00000:00000:00000:00000:00000:00000:00025:00001" artCategory="Ministério da Defesa/Comando da Aeronáutica/Comando-Geral do Pessoal/Diretoria de Administração do Pessoal" artSize="8" artNotes="" numberPage="15" pdfPage="http://pesquisa.in.gov.br/imprensa/jsp/visualiza/index.jsp?data=02/04/2018&amp;jornal=529&amp;pagina=15" editionNumber="62" highlight="" idMateria="10640894">
  <body>
    <Identifica><![CDATA[ PORTARIA DIRAP Nº 1.868/3PC1, DE 27 DE MARÇO DE 2018]]></Identifica>
    <Data><![CDATA[]]></Data>
    <Ementa />
    <Titulo />
    <SubTitulo />
    <Texto><![CDATA[<p class="identifica">PORTARIA DIRAP Nº 1.868/3PC1, DE 27 DE MARÇO DE 2018</p><p>O DIRETOR DE ADMINISTRAÇÃO DO PESSOAL, no uso da competência que lhe foi subdelegada pela Portaria nº 377/GC3, de 7 de julho de 2011, art. 1º, inciso VI, publicada no DOU nº 130, Seção 1, de 8 de julho de 2011, considerando o Processo nº 67760.009716/2013-74, e o Acórdão nº 10323/2017-TCU-2ª Câmara, Ata nº 45/2017-2ª Câmara, Processo TC 005.419/2015-8, resolve:</p><p>Tornar definitiva a aposentadoria de ITALO NICODEMO VESTALI, de acordo com a Portaria DIRAP nº 5.638/3PC1, de 11 OUT 2013, publicada em Diário Oficial da União, de 16 OUT 2013, Seção 2, fls. 10/11 alterada pela Portaria DIRAP nº 5.926/3PC1, de 30 OUT 2013, publicada no Diário Oficial da União nº 213, de 1º NOV 2013, Seção 2, fl. 10, nos seguintes termos: "Conceder aposentadoria a ITALO NICODEMO VESTALI (Nr Ord 4593952), SIAPE nº 0212960, no cargo de Técnico, código 406003, classe "Técnico 3", padrão III, NI, de acordo com o art. 3º da Emenda Constitucional nº 47, de 5 de julho de 2005, com Gratificação de Qualificação - GQ (Nível II). Código de vaga nº 90872".</p><p>A referida decisão decorre do Acórdão nº 10323/2017 TCU - 2ª Câmara - Ata nº 45/2017 - 2ª Câmara, Sessão 6/12/2017 - Extraordinária, Processo TC 005.419/2015-8, que reconheceu o Pedido de Reexame interposto pelo Diretor de Administração do Pessoal deste Comando e excluindo o nome do interessado do subitem 9.2 do Acórdão nº 10456/2016-TCU-2ª Câmara.</p><p class="assina">Maj Brig Ar MAURO MARTINS MACHADO</p>]]></Texto>
  </body>
</article></xml>