﻿<xml><article id="2345531" name="PORT 181 ATÉ 187" idOficio="4731977" pubName="DO2" artType="Portaria" pubDate="02/04/2018" artClass="00027:00002:00000:00000:00000:00000:00000:00000:00000:00000:00025:00002" artCategory="Ministério do Trabalho/Secretaria Executiva" artSize="8" artNotes="" numberPage="65" pdfPage="http://pesquisa.in.gov.br/imprensa/jsp/visualiza/index.jsp?data=02/04/2018&amp;jornal=529&amp;pagina=65" editionNumber="62" highlight="" idMateria="10640812">
  <body>
    <Identifica><![CDATA[ PORTARIAS DE 29 DE MARÇO DE 2018]]></Identifica>
    <Data><![CDATA[]]></Data>
    <Ementa />
    <Titulo />
    <SubTitulo />
    <Texto><![CDATA[<p class="identifica">PORTARIAS DE 29 DE MARÇO DE 2018</p><p>O SECRETÁRIO-EXECUTIVO DO MINISTÉRIO DO TRABALHO - SUBSTITUTO, no uso da competência que lhe foi delegada pela Portaria GM/MTb nº 874, de 07 de julho de 2017, publicada no Diário Oficial da União de 10 de julho de 2017, e tendo em vista o disposto no Decreto n.º 8.894, de 03 de novembro de 2016, publicado no Diário Oficial da União de 04 de novembro de 2016, resolve:</p><p>N° 181 - Dispensar IONE FONSECA DE QUEIROZ ANDRADE, CPF nº ***.343.291-**, matrícula Siape nº 1700367, da Função Gratificada, código FG-01, da Subsecretaria de Orçamento e Administração, da Secretaria Executiva, deste Ministério.</p><p>N° 182 - Dispensar RITA FERREIRA LIMA DE SANTANA, CPF nº ***.728.951-**, matrícula Siape nº 0162527, da Função Gratificada, código FG-01, da Subsecretaria de Orçamento e Administração, da Secretaria Executiva, deste Ministério.</p><p>N° 183 - Dispensar IOLANDA ALVES FEITOSA ALBUQUERQUE, CPF nº ***.695.831-**, matrícula Siape nº 1101989, da Função Gratificada, código FG-01, da Secretaria Executiva, deste Ministério.</p><p>N° 184 - Designar ANNALU CUNHA SILVA, CPF nº ***.535.541-**, matrícula Siape nº 1629497, para exercer a Função Gratificada, código FG-01, da Subsecretaria de Orçamento e Administração, da Secretaria Executiva, deste Ministério.</p><p>N° 185 - Designar TATIANE FERNANDES MENDES DA SILVA SOARES, CPF nº ***.609.771-**, matrícula Siape nº 2407148, para exercer a Função Gratificada, código FG-01, da Subsecretaria de Orçamento e Administração, da Secretaria Executiva, deste Ministério.</p><p>N° 186 - Designar RAFAELA VIEIRA DE MELLO CAVALCANTE, CPF nº ***.295.391-**, matrícula Siape nº 2168847, para exercer a Função Gratificada, código FG-01, da Secretaria Executiva, deste Ministério.</p><p>N° 187 - Designar RITA FERREIRA LIMA DE SANTANA, CPF nº ***.728.951-**, matrícula Siape nº 0162527, para exercer a Função Gratificada, código FG-02, da Subsecretaria de Orçamento e Administração, da Secretaria Executiva, deste Ministério.</p><p class="assina">LEONARDO JOSÉ ARANTES</p>]]></Texto>
  </body>
</article></xml>