﻿<xml><article id="2346404" name="Edital 09-2018 Restabelecimento " idOficio="4732074" pubName="DO2" artType="Edital" pubDate="02/04/2018" artClass="00099:00017:00002:00001:00005:00000:00000:00000:00000:00000:00000:00021:00001" artCategory="Editais e Avisos" artSize="12" artNotes="" numberPage="91" pdfPage="http://pesquisa.in.gov.br/imprensa/jsp/visualiza/index.jsp?data=02/04/2018&amp;jornal=529&amp;pagina=91" editionNumber="62" highlight="" idMateria="10641004">
  <body>
    <Identifica><![CDATA[ EDITAL Nº 9, DE 28 DE MARÇO DE 2018]]></Identifica>
    <Data><![CDATA[]]></Data>
    <Ementa />
    <Titulo />
    <SubTitulo />
    <Texto><![CDATA[<p class="identifica">EDITAL Nº 9, DE 28 DE MARÇO DE 2018</p><p>O Coordenador-Geral de Gestão de Pessoas, no uso das atribuições legais, resolve:</p><p>1. Tornar pública o restabelecimento do pagamento das pensionistas e aposentados, UPAG-DF, que atenderam às convocações e notificações para realizar o recadastramento anual, conforme estabelecido na Orientação Normativa nº 01 - SEGEP/MP, de 02 de janeiro de 2017, na seguinte ordem: nome, CPF, matrícula e tipo/benefício.</p><p></p><table><tr /><tr><td><p>Nome</p></td><td><p>CPF</p></td><td><p>Matrícula</p></td><td><p>Tipo/Benefício</p></td></tr><tr><td><p>DELCIO RODRIGUES PEREIRA</p></td><td><p>057.489.501-97</p></td><td><p>0525625</p></td><td><p>APOSENTADO</p></td></tr><tr><td><p>JOSE DE RIBAMAR DE CARVALHO</p></td><td><p>362.705127-00</p></td><td><p>0527188</p></td><td><p>APOSENTADO</p></td></tr><tr><td><p>CARLOS ALBERTO RENDANO</p></td><td><p>359.092.857-34</p></td><td><p>3989160</p></td><td><p>PENSIONISTA</p></td></tr><tr><td><p>ISIS ROSA CORREIA GOMIDE</p></td><td><p>000.721.091-49</p></td><td><p>3667499</p></td><td><p>PENSIONISTA</p></td></tr><tr><td><p>JUREMA ISALTINA NOGUEIRA</p></td><td><p>644.493.277-72</p></td><td><p>6139469</p></td><td><p>PENSIONISTA</p></td></tr><tr><td><p>DELMA MANHÃES</p></td><td><p>409.997.187-20</p></td><td><p>0259730</p></td><td><p>PENSIONISTA</p></td></tr><tr><td><p>NADIR DA SILVA CAMARÃO</p></td><td><p>454.284.502-82</p></td><td><p>4049675</p></td><td><p>PENSIONISTA</p></td></tr></table><p>2. O restabelecimento do pagamento dos proventos e da pensão, com efeito retroativo, foi efetuado na folha de março de 2018.</p><p class="assina">PABLO MARCOS GOMES LEITE</p>]]></Texto>
  </body>
</article></xml>