﻿<xml><article id="2345663" name="RETIFICAÇÃO 771 DE 20 DE MARÇO D" idOficio="4731995" pubName="DO2" artType="Retificação" pubDate="02/04/2018" artClass="00018:00002:00072:00000:00000:00000:00000:00000:00000:00000:00025:00008" artCategory="Ministério da Transparência e Controladoria-Geral da União/Secretaria Executiva/Diretoria de Gestão Interna" artSize="8" artNotes="" numberPage="51" pdfPage="http://pesquisa.in.gov.br/imprensa/jsp/visualiza/index.jsp?data=02/04/2018&amp;jornal=529&amp;pagina=51" editionNumber="62" highlight="" idMateria="10640862">
  <body>
    <Identifica><![CDATA[ RETIFICAÇÃO]]></Identifica>
    <Data><![CDATA[]]></Data>
    <Ementa />
    <Titulo />
    <SubTitulo />
    <Texto><![CDATA[<p class="identifica">RETIFICAÇÃO</p><p>Na Portaria n° 771, de 20 de março de 2018, publicada na edição do DOU n° 56, de 22-03-2018, seção 2, página 43, onde se lê: "do Ministério da Transparência e Controladoria-Geral da União", leia-se: "do Ministério da Transparência e Controladoria-Geral da União, em seus afastamentos e impedimentos legais ou regulamentares".</p>]]></Texto>
  </body>
</article></xml>