﻿<xml><article id="2345546" name="DouRTFDelegacao29032018" idOficio="4731980" pubName="DO2" artType="Portaria" pubDate="02/04/2018" artClass="00011:00130:00001:00017:00000:00000:00000:00000:00000:00000:00025:00002" artCategory="Ministério da Educação/Universidade Federal do Rio de Janeiro/Reitoria/Pró-Reitoria de Pessoal" artSize="8" artNotes="" numberPage="26" pdfPage="http://pesquisa.in.gov.br/imprensa/jsp/visualiza/index.jsp?data=02/04/2018&amp;jornal=529&amp;pagina=26" editionNumber="62" highlight="" idMateria="10640818">
  <body>
    <Identifica><![CDATA[ PORTARIAs de  29 de Março  de 2018]]></Identifica>
    <Data><![CDATA[]]></Data>
    <Ementa />
    <Titulo />
    <SubTitulo />
    <Texto><![CDATA[<p class="identifica">PORTARIAs de 29 de Março de 2018</p><p>O Pró-Reitor de Pessoal - PR-4, no uso de suas atribuições delegadas pelo Reitor da Universidade Federal do Rio de Janeiro, através da Portaria nº 944 de 09 de Fevereiro de 2017, publicada no Diário Oficial da União nº 30 de 10/02/2017, resolve:</p><p>Nº 2.896 , Designar MARILIA LOPES DA COSTA FACO SOARES, Matrícula Siape nº 0372299, Professor do Magistério Superior, para exercer a Função Gratificada de Coordenador do Mestrado Profissional em Linguística e Línguas Indígenas, do(a) Museu Nacional/FCC, FUC-1,processo nº 23079.035548/15-57.</p><p>N° 2.901 , Dispensar, ANDERSON DIAS PEREIRA IORIO, Matrícula Siape nº 1968869, Técnico de Laboratório/área, da Função Gratificada de Diretor da Divisão de Tecnologia da Informação, do(a) Coordenação de Planejamento e Controle, FG-1, processo nº 23079.000466/18-34.</p><p>N° 2.903 , Dispensar, FABIO BRUNO DE OLIVEIRA, Matrícula Siape nº 2365107, Arquiteto e Urbanista, da Função Gratificada de Chefe da Seção de Reajustamento, do(a) Coordenação de Planejamento e Controle, FG-3, processo nº 23079.000466/18-34.</p><p>N° 2.904 , Designar ANDERSON DIAS PEREIRA IORIO, Matrícula Siape nº 1968869, Técnico de Laboratório/área, para exercer a Função Gratificada de Diretor da Divisão de Tecnologia da Informação ETU, do(a) Coordenação de Planejamento e Controle, FG-3, processo nº23079.000466/18-34.</p><p>N° 2.906 , Designar FABIO BRUNO DE OLIVEIRA, Matrícula Siape nº 2365107, Arquiteto e Urbanista, para exercer a Função Gratificada de Diretor da Divisão de Apropriação, Controle e Informação, do(a) Coordenação de Planejamento e Controle, FG-1, processo nº 23079.000466/18-34.</p><p>N° 2.909 , Designar MARCELO ALEXANDRE DA COSTA CRUZ, Matrícula Siape nº 2310069, Assistente em Administração, para exercer a Função Gratificada de Chefe da Seção de Desenvolvimento de Tecnologia da Informação, do(a) Coordenação de Planejamento e Controle, FG-3,processo nº 23079.000466/18-34.</p><p>N° 2.910 , Dispensar, ALERIA CAVALCANTE LAGE, Matrícula Siape nº 2549993, Professor do Magistério Superior, da Função Gratificada de Coord de Pós-Grad do Curso de Lingüística, do(a) Faculdade de Letras, FUC-1, processo nº 23079.000463/18-09.</p><p>N° 2.913 , Designar ALERIA CAVALCANTE LAGE, Matrícula Siape nº 2549993, Professor do Magistério Superior, para exercer a Função Gratificada de Coordenadora do Programa de Pós-Graduação em Linguística, do(a) Faculdade de Letras, FUC-1, processo nº 23079.000463/18-09.</p><p>N° 2.926 , Tornar sem efeito a Portaria nº 1354 de 23/02/2018, que trata da dispensa do(a) servidor(a) BEATRIZ MEURER MOREIRA, Matrícula SIAPE nº 1253291,publicada no D.O.U. nº 38 de 26/02/2018.</p><p>N° 2.927 , Tornar sem efeito a Portaria nº 1355 de 23/02/2018, que trata da designação do(a) servidor(a) AGNES MARIE SA FIGUEIREDO, Matrícula Siape nº 73661815 , publicada no D.O.U. nº 38 de 26/02/2018.</p><p>N° 2.931 , Dispensar, BEATRIZ MEURER MOREIRA, Matrícula Siape nº 1253291, Professor do Magistério Superior, da Função Gratificada de Coord de Pós-Grad do Curso de Microbiologia, do(a) Instituto de Microbiologia, FUC-1, processo nº 23079.000363/18-74.</p><p>N° 2.932 , Designar AGNES MARIE SA FIGUEIREDO, Matrícula Siape nº 7361815, Professor do Magistério Superior, para exercer a Função Gratificada de Coord de Pós-Grad do Curso de Microbiologia, do(a) Instituto de Microbiologia, FUC-1, processo nº 23079.000363/18-74.</p><p>N° 2.933 , Dispensar, EDUARDO GREGORIO DOS SANTOS, Matrícula Siape nº 1461791, Assistente em Administração, da Função Gratificada de Chefe da Seção de Pagamento de Ativos, do(a) Coordenação de Gestão de Pessoal, FG-3, processo nº 23079.000466/18-34.</p><p class="assina">AGNALDO FERNANDES SILVA</p><p></p>]]></Texto>
  </body>
</article></xml>