﻿<xml><article id="2345843" name="ATO EDITAL Nº 04" idOficio="4732023" pubName="DO2" artType="Edital" pubDate="02/04/2018" artClass="00099:00017:00002:00012:00008:00000:00000:00000:00000:00000:00000:00021:00001" artCategory="Editais e Avisos" artSize="8" artNotes="" numberPage="91" pdfPage="http://pesquisa.in.gov.br/imprensa/jsp/visualiza/index.jsp?data=02/04/2018&amp;jornal=529&amp;pagina=91" editionNumber="62" highlight="" idMateria="10640896">
  <body>
    <Identifica><![CDATA[ EDITAL Nº 4, DE 29 DE MARÇO DE 2018]]></Identifica>
    <Data><![CDATA[]]></Data>
    <Ementa />
    <Titulo />
    <SubTitulo />
    <Texto><![CDATA[<p class="identifica">EDITAL Nº 4, DE 29 DE MARÇO DE 2018</p><p>O Chefe do Serviço de Gestão Administrativa do Núcleo Estadual do Ministério da Saúde no Acre, nomeado pela Portaria/GM/n.º 1.499, de 16 de junho de 2017, publicada no D.O.U. n.º 116, de 20 de junho de 2017, no uso de suas atribuições subdelegadas pela Portaria SE/SAA/MS n.º 1.804, de 01/10/2013, publicada no D.O.U. n.º 192, de 03/10/2013, resolve:</p><p>Art. 1° Tornar pública a suspensão de pagamento do (a) aposentado/pensionista, aniversariante do mês de outubro de 2017, UPAG/AC, que não atenderam a convocação e notificação para realizar o recadastramento anual, conforme estabelecido no artigo 11 da Orientação Normativa n° 01, de 02/01/2017, na seguinte ordem: nome, CPF, matrícula e tipo/benefício.</p><p></p><table><tr /><tr><td><p>Nome</p></td><td><p>CPF</p></td><td><p>Matrícula</p></td><td><p>Tipo de Benefício</p></td></tr><tr><td><p>Pedro Araújo da Silva</p></td><td><p>233.556.112-04</p></td><td><p>0512162</p></td><td><p>Aposentado</p></td></tr><tr><td><p>Mariana S. Sampaio</p></td><td><p>054.244.032-63</p></td><td><p>6060340</p></td><td><p>Beneficiaria de pensão</p></td></tr></table><p>Art. 2º A suspensão do pagamento do provento e/ou benefício de pensão foi efetivada na folha de pagamento do mês de março de 2018.</p><p>Art. 3º O restabelecimento do pagamento do provento e/ou da pensão fica condicionado ao recadastramento mediante comparecimento pessoal do interessado na área de gestão de pessoas no Ministério da Saúde, em uma das Unidades da Federação, munido da documentação estabelecida nos artigos 5° e 6°, da ON n° 01/2013 - SEGEP/MP.</p><p>3.1. O crédito do(s) pagamento(s) restabelecido(s) será (ão) efetivado(s) na primeira folha de pagamento disponível para inclusão.</p><p>Art. 4º Na hipótese de impossibilidade de comparecer por motivo de moléstia grave e/ou de incapacidade de locomoção do aposentado e/ou pensionista, deverá solicitar agendamento de visita técnica, para fins de regularização do benefício, por meio do telefone (68) 3212-2915, ficando o pagamento restabelecido provisoriamente até que seja realizada a visita técnica, observando o disposto no item 3.1 do presente Edital.</p><p class="assina">ÉDEN CARLOS BARROS DE MIRANDA</p>]]></Texto>
  </body>
</article></xml>