﻿<xml><article id="2344678" name="Portaria de Aposentadoria Gerald" idOficio="4731836" pubName="DO2" artType="Portaria" pubDate="02/04/2018" artClass="00006:00004:00005:00000:00000:00000:00000:00000:00000:00000:00025:00001" artCategory="Presidência da República/Casa Civil/Imprensa Nacional" artSize="8" artNotes="" numberPage="3" pdfPage="http://pesquisa.in.gov.br/imprensa/jsp/visualiza/index.jsp?data=02/04/2018&amp;jornal=529&amp;pagina=3" editionNumber="62" highlight="" idMateria="10640570">
  <body>
    <Identifica><![CDATA[ PORTARIA Nº 47, DE 22 DE MARÇO DE 2018]]></Identifica>
    <Data><![CDATA[]]></Data>
    <Ementa />
    <Titulo />
    <SubTitulo />
    <Texto><![CDATA[<p class="identifica">PORTARIA Nº 47, DE 22 DE MARÇO DE 2018</p><p><strong>O DIRETOR-GERAL DA IMPRENSA NACIONAL,</strong>no uso da atribuição que lhe confere o artigo 5º, inciso XVI do Regimento Interno aprovado pela Portaria nº 147, de 9 de março de 2006, alterado pela Portaria nº 446, de 26 de junho de 2008, da Ministra de Estado Chefe da Casa Civil da Presidência da República, resolve:</p><p>Art. 1º Conceder Aposentadoria Voluntária com proventos integrais ao servidor<strong></strong>GERALDO LUIZ TEIXEIRA, matrícula Siape nº 440787, ocupante do cargo de Agente Administrativo, Classe S, Padrão III do Quadro Permanente desta Imprensa Nacional/PR, com fundamento no artigo 3º da Emenda Constitucional nº 47, de 05/07/2005 (Processo SEI nº 00034.001683/2018-62).</p><p>Art. 2º Esta Portaria entra em vigor na data de sua publicação.</p><p class="assina">PEDRO BERTONE</p>]]></Texto>
  </body>
</article></xml>