﻿<xml><article id="2345861" name="DOU SUSPENSAO DE PAGAMENTO 03_20" idOficio="4732025" pubName="DO2" artType="Edital" pubDate="02/04/2018" artClass="00099:00012:00002:00012:00032:00000:00000:00000:00000:00000:00000:00021:00001" artCategory="Editais e Avisos" artSize="12" artNotes="" numberPage="91" pdfPage="http://pesquisa.in.gov.br/imprensa/jsp/visualiza/index.jsp?data=02/04/2018&amp;jornal=529&amp;pagina=91" editionNumber="62" highlight="" idMateria="10640898">
  <body>
    <Identifica />
    <Data><![CDATA[]]></Data>
    <Ementa />
    <Titulo />
    <SubTitulo />
    <Texto><![CDATA[<p>Edital de Suspensão de Pagamento nº 03/2018</p><p>O(A) SUPERINTENDENTE DE ADMINISTRAÇÃO DO MINISTÉRIO DA FAZENDA NO ESTADO DO RIO DE JANEIRO, em conformidade com as disposições estabelecidas pelo Decreto nº 7.862/2012, de 08 de dezembro de 2012, Portaria nº 363 - GM/MPDG, de 28 de novembro de 2016, e pela Orientação Normativa nº 1 - SEGRT/MPDG, de 02 de janeiro de 2017, publicada no D.O.U. de 05 subsequente, resolve:</p><p>1. Torna pública a relação dos aposentados e pensionistas, aniversariantes do mês de DEZEMBRO/2017 que não atenderam à convocação e notificação para realizar o recadastramento anual/2017, conforme estabelecido no inciso "a" do artigo 11 da Orientação Normativa nº 01 - SEGRT/MPDG, de 02 de janeiro de 2017.</p><p>2. A suspensão do pagamento do provento e/ou benefício de pensão foi efetivada na folha de pagamento do mês de MARÇO/2018.</p><p></p><table><tr /><tr><td><p>Nome</p></td><td><p>CPF</p></td><td><p>Aposentado/Beneficiário de Pensão</p></td><td><p>Data de Início da Atualização Cadastral</p></td><td><p>Órgão / Matrícula</p></td></tr><tr><td><p>ARTHUR RIBEIRO DA SILVA FILHO</p></td><td><p>009.070.497-53</p></td><td><p>Aposentado</p></td><td><p>01/12/2017</p></td><td><p>17000-0105456</p></td></tr><tr><td><p>LUZIA CARDOSO REGATO</p></td><td><p>911.654.667-91</p></td><td><p>Aposentado</p></td><td><p>01/12/2017</p></td><td><p>17000-0911280</p></td></tr><tr><td><p>MARGARIDA MARIA DE MELLO</p></td><td><p>546.842.507-68</p></td><td><p>Aposentado</p></td><td><p>01/12/2017</p></td><td><p>17000-0116160</p></td></tr><tr><td><p>MARIA THOMAZIA DE OLIVEIRA</p></td><td><p>053.288.617-87</p></td><td><p>Aposentado</p></td><td><p>01/12/2017</p></td><td><p>17000-0107007</p></td></tr><tr><td><p>NILZA PORTELLA DE MEDEIROS FALCAO</p></td><td><p>060.464.877-49</p></td><td><p>Aposentado</p></td><td><p>01/12/2017</p></td><td><p>17000-0139031</p></td></tr><tr><td><p>MARIA DO CARMO VILELA ZAGO</p></td><td><p>084.503.607-65</p></td><td><p>Beneficiário de Pensão</p></td><td><p>01/12/2017</p></td><td><p>17000-0128755</p></td></tr><tr><td><p>MARISA PARREIRAS DUTRA</p></td><td><p>678.292.957-00</p></td><td><p>Beneficiário de Pensão</p></td><td><p>01/12/2017</p></td><td><p>17000-0123236</p></td></tr><tr><td><p>ZENILDA FERREIRA DO CARMO</p></td><td><p>737.805.967-68</p></td><td><p>Beneficiário de Pensão</p></td><td><p>01/12/2017</p></td><td><p>17000-0105268</p></td></tr></table><p>3. O restabelecimento do pagamento do provento e/ou da pensão fica condicionado ao recadastramento mediante comparecimento pessoal dos interessados na Unidade de Recursos Humanos, sito à Av. Presidente Antonio Carlos, 375 - Térreo - Edifício Sede do Ministério da Fazenda no Estado do Rio de Janeiro, nesta cidade do Rio de Janeiro, portando a documentação estabelecida nos Arts. 5º e 6º da ON nº 1/2017-SEGRT/MPDG.</p><p>3.1. O crédito do(s) pagamento(s) restabelecido(s) será(ao) efetivado(s) na primeira folha de pagamento disponível para inclusão.</p><p>4. Na hipótese de moléstia grave ou de impossibilidade de locomoção do aposentado e/ou pensionista deverá ser solicitado o agendamento de visita técnica, por meio do telefone (21) 3805-2136 ou 3805-2135, para comprovação de vida do titular do benefício, ficando o pagamento restabelecido provisoriamente até que seja realizada a visita técnica, observado o disposto no item 3.1 do presente Edital.</p><p class="assina">MARIA ANGELA MOREIRA CARNAVAL</p>]]></Texto>
  </body>
</article></xml>