﻿<xml><article id="2343364" name="Portaria 287" idOficio="4731643" pubName="DO2" artType="Portaria" pubDate="02/04/2018" artClass="00011:00031:00001:00000:00000:00000:00000:00000:00000:00000:00025:00002" artCategory="Ministério da Educação/Fundação Universidade Federal de Mato Grosso/Reitoria" artSize="8" artNotes="" numberPage="21" pdfPage="http://pesquisa.in.gov.br/imprensa/jsp/visualiza/index.jsp?data=02/04/2018&amp;jornal=529&amp;pagina=21" editionNumber="62" highlight="" idMateria="10640269">
  <body>
    <Identifica><![CDATA[ PORTARIA Nº 287, DE 28 DE MARÇO DE 2018]]></Identifica>
    <Data><![CDATA[]]></Data>
    <Ementa />
    <Titulo />
    <SubTitulo />
    <Texto><![CDATA[<p class="identifica">PORTARIA Nº 287, DE 28 DE MARÇO DE 2018</p><p>A Reitora da Universidade Federal de Mato Grosso, no uso de suas atribuições legais, resolve:</p><p>Autorizar o afastamento do país do servidor docente OLIVER YOSHIO UMEDA YATSUGAFU, matrícula SIAPE nº 2063028, CPF: 026.279.609-03 no período de 29/04/2018 a 13/05/2019, para ministrar Masterclass e palestra sobre os projetos de extensão em música no McGill Conservatory, na cidade de Montreal - Canadá, com ônus limitado para a UFMT. Processo n. 23108.909906/2018-26.</p><p class="assina">MYRIAN THEREZA DE MOURA SERRA</p>]]></Texto>
  </body>
</article></xml>