﻿<xml><article id="2343833" name="portarias presidente 28.03" idOficio="4731713" pubName="DO2" artType="Portaria" pubDate="02/04/2018" artClass="00025:00022:00000:00000:00000:00000:00000:00000:00000:00000:00025:00001" artCategory="Ministério do Meio Ambiente/Instituto Chico Mendes de Conservação da Biodiversidade" artSize="8" artNotes="" numberPage="62" pdfPage="http://pesquisa.in.gov.br/imprensa/jsp/visualiza/index.jsp?data=02/04/2018&amp;jornal=529&amp;pagina=62" editionNumber="62" highlight="" idMateria="10640416">
  <body>
    <Identifica><![CDATA[ PORTARIAS DE 28 DE MARÇO DE 2018]]></Identifica>
    <Data><![CDATA[]]></Data>
    <Ementa />
    <Titulo />
    <SubTitulo />
    <Texto><![CDATA[<p></p><p class="identifica">PORTARIAS DE 28 DE MARÇO DE 2018</p><p>O PRESIDENTE DO INSTITUTO CHICO MENDES DE CONSERVAÇÃO DA BIODIVERSIDADE, no uso das competências atribuídas pelo artigo 24 do Decreto nº. 8.974, de 24 de janeiro de 2017, e pela Portaria nº. 2.154/Casa Civil, de 07 de novembro de 2016, publicada no Diário Oficial da União de 08 de novembro de 2016, resolve:</p><p>Nº 251 Exonerar, a partir de 26 de março de 2018, CELSO RICARDO STECANELA, CPF 006.007.911-81, do cargo em comissão de Coordenador, Código DAS-101.3, da Coordenação de Orçamento e Finanças, do Instituto Chico Mendes de Conservação da Biodiversidade.</p><p>Nº 252 Exonerar, a partir de 26 de março de 2018, MICHELLE FERREIRA VIEIRA BEZERRA PACHECO, CPF 729.593.981-49, do cargo em comissão de Chefe de Divisão, Código DAS-101.2, da Divisão de Execução Financeira, do Instituto Chico Mendes de Conservação da Biodiversidade.</p><p>Nº 253 Dispensar, a partir de 26 de março de 2018, MICHELLE FERREIRA VIEIRA BEZERRA PACHECO, CPF 729.593.981-49, do encargo de substituto do Coordenador, Código DAS-101.3, da Coordenação de Orçamento e Finanças, do Instituto Chico Mendes de Conservação da Biodiversidade.</p><p>Nº 254 Nomear LIGIA CINTIA ANDRADE COSTA, CPF 709.621.381-34, para exercer o cargo em comissão de Chefe de Divisão, Código DAS-101.2, da Divisão de Execução Financeira, do Instituto Chico Mendes de Conservação da Biodiversidade.</p><p>Nº 255 Designar LIGIA CINTIA ANDRADE COSTA, CPF 709.621.381-34, para exercer os encargos de substituto do Coordenador, Código DAS-101.3, da Coordenação de Orçamento e Finanças, do Instituto Chico Mendes de Conservação da Biodiversidade, nos afastamentos, impedimentos legais ou regulamentares do titular e na vacância do cargo.</p><p class="assina">RICARDO JOSE SOAVINSKI</p>]]></Texto>
  </body>
</article></xml>