﻿<xml><article id="2344510" name="PORTARIAS 21 E 22 JUNDIAI" idOficio="4731806" pubName="DO2" artType="Portaria" pubDate="02/04/2018" artClass="00022:00029:00239:00012:00017:00000:00000:00000:00000:00000:00025:00001" artCategory="Ministério do Desenvolvimento Social/Instituto Nacional do Seguro Social/Superintendência-Regional Sudeste I em São Paulo/Gerência Executiva - B - Jundiaí/Seção Operacional da Gestão de Pessoas" artSize="8" artNotes="" numberPage="57" pdfPage="http://pesquisa.in.gov.br/imprensa/jsp/visualiza/index.jsp?data=02/04/2018&amp;jornal=529&amp;pagina=57" editionNumber="62" highlight="" idMateria="10640531">
  <body>
    <Identifica><![CDATA[ PORTARIAS DE 29 DE MARÇO DE 2018]]></Identifica>
    <Data><![CDATA[]]></Data>
    <Ementa />
    <Titulo />
    <SubTitulo />
    <Texto><![CDATA[<p class="identifica">PORTARIAS DE 29 DE MARÇO DE 2018</p><p>O CHEFE DA SEÇÃO OPERACIONAL DE GESTÃO DE PESSOAS DA GERÊNCIA EXECUTIVA DO INSS EM JUNDIAÍ, no Estado de São Paulo, no uso das atribuições que lhe confere o Decreto n° 9.104, de 24 de julho de 2.017, que aprova a Estrutura Regimental e o Quadro Demonstrativo dos Cargos em Comissão, das Funções Gratificadas e das Funções Comissionadas do INSS e, no uso das atribuições conferidas no inciso I, alínea "A", do Artigo 235 do Regimento Interno do INSS, aprovado pela Portaria MPS/GM n° 414, de 28/09/2017, publicada no DOU Edição Extra n° 188, de 29/09/2017, considerando a legislação vigente, resolve:</p><p>Nº 21- Conceder aposentadoria voluntária à servidora MARIA CECILIA DA SILVA BENASSI, matrícula nº 0.934.733, ocupante do cargo de Técnico do Seguro Social, código 434550, classe S, padrão IV, do Quadro Permanente do Instituto Nacional do Seguro Social, tendo em vista o que consta do processo nº 35406.000040/2018-19, com fundamento no Artigo 3º da EC nº 47/2005, com proventos integrais, e com opção pela incorporação da gratificação de desempenho aos proventos, nos termos dos artigos 88 a 91 da Lei nº 13.324, de 29 de julho de 2016 e, em consequência, declarar vago o cargo</p><p>Nº 22 - Conceder aposentadoria voluntária ao servidor MARIO CESAR REIS DA PAIXÃO, matrícula nº 0.749.587, ocupante do cargo de Técnico do Seguro Social, código 434550, classe S, padrão IV, do Quadro Permanente do Instituto Nacional do Seguro Social, tendo em vista o que consta do processo nº 35406.000030/2018-75, com fundamento no Artigo 3º da EC nº 47/2005, com proventos integrais, e com opção pela incorporação da gratificação de desempenho aos proventos, nos termos dos artigos 88 a 91 da Lei nº 13.324, de 29 de julho de 2016 e, em consequência, declarar vago o cargo.</p><p class="assina">BRUNO FELIPE TEIXEIRA</p>]]></Texto>
  </body>
</article></xml>