﻿<xml><article id="2346353" name="edital suspensao 135 01mar18" idOficio="4732066" pubName="DO2" artType="Edital" pubDate="02/04/2018" artClass="00099:00011:00136:00051:00000:00000:00000:00000:00000:00000:00000:00021:00001" artCategory="Editais e Avisos" artSize="8" artNotes="" numberPage="90" pdfPage="http://pesquisa.in.gov.br/imprensa/jsp/visualiza/index.jsp?data=02/04/2018&amp;jornal=529&amp;pagina=90" editionNumber="62" highlight="" idMateria="10640996">
  <body>
    <Identifica><![CDATA[ EDITAL  Nº 135, DE 28 DE MARÇO DE 2018 SUSPENSÃO DE PAGAMENTO]]></Identifica>
    <Data><![CDATA[]]></Data>
    <Ementa />
    <Titulo />
    <SubTitulo />
    <Texto><![CDATA[<p class="identifica">EDITAL Nº 135, DE 28 DE MARÇO DE 2018 SUSPENSÃO DE PAGAMENTO</p><p>O Pró-Reitor de Gestão com Pessoas da Universidade Federal de São Paulo, em conformidade com as disposições estabelecidas pelo Decreto nº 7.862/2012, de 08 de dezembro de 2012, Portaria nº 08 - GM/MP, de 07 de janeiro de 2013, e pela Orientação Normativa SEGEP Nº 1, de 10 de janeiro de 2013, resolve:</p><p>1. Tornar pública a relação dos aposentados e/ou pensionistas que terão o pagamento do provento e/ou benefício de pensão suspenso por motivo de não atendimento à convocação e respectiva notificação para realizar o recadastramento anual, no mês de DEZEMBRO de 2017:</p><p></p><table><tr /><tr><td><p>Nome</p></td><td><p>CPF</p></td><td><p>Aposentado /Beneficiário de Pensão</p></td></tr><tr><td><p>SEBASTIÃO EDISON AQUINO LUBAS</p></td><td><p>171.412.571-87</p></td><td><p>Aposentado</p></td></tr></table><p>2. O restabelecimento do pagamento do provento e/ou do benefício de pensão fica condicionado ao recadastramento mediante comparecimento pessoal do interessado na Unidade de Recursos Humanos, sito a Rua Sena Madureira, nº 1500 - Térreo, Vila Clementino, São Paulo - SP, portando a documentação estabelecida nos arts. 5º e 6º da ON SEGEP Nº 1, publicada no Diário Oficial da União de 14 de janeiro de 2013.</p><p>3. Na hipótese de moléstia grave ou de impossibilidade de locomoção do aposentado e/ou pensionista deverá ser solicitada visita técnica, por meio do telefone (11) 3385-4167, para comprovação de vida do titular do benefício, ficando o pagamento restabelecido provisoriamente até que seja realizada a visita.</p><p class="assina">MURCHED OMAR TAHA</p>]]></Texto>
  </body>
</article></xml>