﻿<xml><article id="2344588" name="portarias de 29 de março de 2018" idOficio="4731809" pubName="DO2" artType="Portaria" pubDate="02/04/2018" artClass="00011:00077:00009:00000:00000:00000:00000:00000:00000:00000:00025:00001" artCategory="Ministério da Educação/Instituto Federal de Educação, Ciência e Tecnologia do Rio Grande do Sul/Campus Osório" artSize="8" artNotes="" numberPage="28" pdfPage="http://pesquisa.in.gov.br/imprensa/jsp/visualiza/index.jsp?data=02/04/2018&amp;jornal=529&amp;pagina=28" editionNumber="62" highlight="" idMateria="10640562">
  <body>
    <Identifica><![CDATA[ PORTARIAS DE 29 DE MARÇO DE 2018]]></Identifica>
    <Data><![CDATA[]]></Data>
    <Ementa />
    <Titulo />
    <SubTitulo />
    <Texto><![CDATA[<p></p><p class="identifica">PORTARIAS DE 29 DE MARÇO DE 2018</p><p>O DIRETOR-GERAL DO INSTITUTO FEDERAL DE EDUCAÇÃO, CIÊNCIA E TECNOLOGIA DO RIO GRANDE DO SUL - CAMPUS OSÓRIO, no uso de suas atribuições legais, conferidas pela Portaria nº 315, de 23 de fevereiro de 2016, resolve:</p><p>Nº 86 - Dispensar a servidora FLÁVIA SANTOS TWARDOWSKI PINTO, Professora EBTT, matrícula SIAPE nº 1770270, da função de Coordenadora do Curso Subsequente ao Ensino Médio de Técnico em Panificação, código FUC-01.</p><p>Nº 87 - Dispensar a servidora MARIA AUGUSTA MARTIARENA DE OLIVEIRA, Professora EBTT, matrícula SIAPE nº 1796137, da função de Diretora de Pesquisa e Inovação, código FG-01.</p><p>Nº 88 - Dispensar a servidora ALINE DUBAL MACHADO, Professora EBTT, matrícula SIAPE nº 1450959, da função de Diretora de Extensão, código FG-01.</p><p>Nº 89 - Dispensar a servidora BIANCA PUGEN, Professora EBTT, matrícula SIAPE nº 1796187, da função de Coordenadora do Curso Subsequente ao Ensino Médio de Técnico em Guia de Turismo, código FUC-01.</p><p>Nº 90 - Designar a servidora FLÁVIA SANTOS TWARDOWSKI PINTO, Professora EBTT, matrícula SIAPE nº 1770270, para exercer a função de Diretora de Pesquisa e Inovação, código FG-01.</p><p>Nº 91 - Designar o servidor CLAUDIUS JARDEL SOARES, Professor EBTT, matrícula SIAPE nº 1692121, para exercer a função de Diretor de Extensão, código FG-01.</p><p>Nº 92 - Designar a servidora BIANCA PUGEN, Professora EBTT, matrícula SIAPE nº 1796187, para exercer a função de Coordenadora do Curso Subsequente ao Ensino Médio de Técnico em Eventos, código FUC-01.</p><p>Nº 93 - Designar a servidora FERNANDA ARBOITE DE OLIVEIRA, Professora EBTT, matrícula SIAPE nº 1827130, para exercer a função de Coordenadora do Curso Subsequente ao Ensino Médio de Técnico em Panificação, código FUC-01.</p><p class="assina">CLAUDINO ANDRIGHETTO</p>]]></Texto>
  </body>
</article></xml>