﻿<xml><article id="2344461" name="PT 66 A 68 NITEROI" idOficio="4731806" pubName="DO2" artType="Portaria" pubDate="02/04/2018" artClass="00022:00029:00240:00017:00022:00000:00000:00000:00000:00000:00025:00009" artCategory="Ministério do Desenvolvimento Social/Instituto Nacional do Seguro Social/Superintendência Regional Sudeste II em Belo Horizonte/Gerência Executiva - B - Niterói/Seção Operacional de Gestão de Pessoas" artSize="8" artNotes="" numberPage="59" pdfPage="http://pesquisa.in.gov.br/imprensa/jsp/visualiza/index.jsp?data=02/04/2018&amp;jornal=529&amp;pagina=59" editionNumber="62" highlight="" idMateria="10640559">
  <body>
    <Identifica><![CDATA[ PORTARIA DE 29 DE MARÇO DE 2018]]></Identifica>
    <Data><![CDATA[]]></Data>
    <Ementa />
    <Titulo />
    <SubTitulo />
    <Texto><![CDATA[<p class="identifica">PORTARIA DE 29 DE MARÇO DE 2018</p><p>A CHEFE DA SEÇÃO OPERACIONAL DA GESTÃO DE PESSOAS DA GERÊNCIA-EXECUTIVA DO INSTITUTO NACIONAL DO SEGURO SOCIAL (INSS) NITERÓI, no uso das atribuições que lhe confere o art. 235, I, "b" da Portaria /MDS nº 414, de 28 de setembro de 2017, publicada no Diário Oficial da União nº 188, de 29 de setembro de 2017, que aprova o Regimento Interno do INSS, resolve:</p><p>Nº 66 Conceder aposentadoria voluntária integral à servidora MARCIA MARIA DA FONTE GARCIA, matrícula nº 0919487, ocupante do cargo de Técnico do Seguro Social, código 434550, Classe S, Padrão IV, do quadro de pessoal do INSS, com fundamento no artigo 3º da Emenda Constitucional nº 47, de 05 de julho de 2005, observado o contido no Processo nº 35318.000013/2018-27 , declarando, em consequência, o referido cargo vago.</p><p>Nº 67 Conceder aposentadoria voluntária integral à servidora ELIZABETH DA SILVA RIOS, matrícula nº 0912397, ocupante do cargo de Técnico do Seguro Social, código 434550, Classe S, Padrão IV, do quadro de pessoal do INSS, com fundamento no artigo 3º da Emenda Constitucional nº 47, de 05 de julho de 2005, observado o contido no Processo nº 35318.001051/2017-16 , declarando, em consequência, o referido cargo vago.</p><p>Nº 68 Conceder aposentadoria voluntária integral à servidora ELOISA DE JESUS SANTOS, matrícula nº 0922835, ocupante do cargo de Técnico do Seguro Social, código 434550, Classe S, Padrão IV, do quadro de pessoal do INSS, com fundamento no artigo 3º da Emenda Constitucional nº 47, de 05 de julho de 2005, observado o contido no Processo nº 35318.000144/2018-12 , declarando, em consequência, o referido cargo vago.</p><p class="assina">FERNANDA REGINA SANTOS MATEUS CAMPOS LEITE</p>]]></Texto>
  </body>
</article></xml>