﻿<xml><article id="2343887" name="P236218" idOficio="4731736" pubName="DO2" artType="Portaria" pubDate="02/04/2018" artClass="00011:00129:00001:00000:00000:00000:00000:00000:00000:00000:00025:00003" artCategory="Ministério da Educação/Universidade Federal do Rio Grande do Sul/Reitoria" artSize="8" artNotes="" numberPage="34" pdfPage="http://pesquisa.in.gov.br/imprensa/jsp/visualiza/index.jsp?data=02/04/2018&amp;jornal=529&amp;pagina=34" editionNumber="62" highlight="" idMateria="10640224">
  <body>
    <Identifica><![CDATA[ PORTARIAS DE 28 DE MARO DE 2018]]></Identifica>
    <Data><![CDATA[]]></Data>
    <Ementa />
    <Titulo />
    <SubTitulo />
    <Texto><![CDATA[<p class="identifica">PORTARIAS DE 28 DE MARO DE 2018</p><p>O REITOR DA UNIVERSIDADE FEDERAL DO RIO GRANDE DO SUL, no uso de suas atribuições legais e estatutárias, resolve:</p><p>N° 2.362 - Autorizar o afastamento do país de CLAUDIA LIMA MARQUES, Professor do Magistério Superior, lotada no Departamento de Direito Público e Filosofia do Direito da Faculdade de Direito e com exercício no Programa de Pós-Graduação em Direito, com a finalidade de participar do "Workshop Rechtswissenschaften CAPES - DFG", em Bonn, Alemanha, no período compreendido entre 11/04/2018 e 14/04/2018, incluído trânsito, com ônus limitado. Solicitação nº 34573.</p><p>N° 2.363 - Autorizar o afastamento do país de RICARDO AUGUSTO CASSEL, Professor do Magistério Superior, lotado no Departamento de Engenharia de Produção e Transportes da Escola de Engenharia e com exercício no Programa de Pós-Graduação em Engenharia de Produção - Mestrado Profissionalizante, com a finalidade de participar do "Latin American SCALE Network", em Boston, Estados Unidos, no período compreendido entre 13/04/2018 e 20/04/2018, incluído trânsito, com ônus UFRGS (diárias e passagens). Solicitação nº 34367.</p><p>N° 2.364 - Autorizar o afastamento do país de RICARDO STEIN, Professor do Magistério Superior, lotado e em exercício no Departamento de Medicina Interna da Faculdade de Medicina, com a finalidade de proferir palestra no evento "EuroPrevent 2018", em Liubliana, Áustria, no período compreendido entre 17/04/2018 e 23/04/2018, incluído trânsito, com ônus limitado. Solicitação nº 44921.</p><p>N° 2.366 - Autorizar o afastamento do país de ALEXANDRE PREHN ZAVASCKI, Professor do Magistério Superior, lotado e em exercício no Departamento de Medicina Interna da Faculdade de Medicina, com a finalidade de participar do "28th European Congress of Clinical Microbiology and Infectious Diseases", em Madrid, Espanha, no período compreendido entre 19/04/2018 e 24/04/2018, incluído trânsito, com ônus limitado. Solicitação nº 44863.</p><p>N° 2.368 - Autorizar o afastamento do país de MARCELO SOARES LUBASZEWSKI, Professor do Magistério Superior, lotado no Departamento de Engenharia Elétrica da Escola de Engenharia e com exercício no Parque Científico e Tecnológico da Universidade Federal do Rio Grande do Sul, com a finalidade de participar de reunião junto à Agencia Nacional de Investigación e Innovaciõn, em Montevideu, Uruguai, no período compreendido entre 16/04/2018 e 20/04/2018, incluído trânsito, com ônus CNPq (Bolsa de Produtividade em Pesquisa). Solicitação nº 44946.</p><p>N° 2.369 - Autorizar o afastamento do país de EDUARDO GUIMARAES BARBOZA, Professor do Magistério Superior, lotado no Departamento de Paleontologia e Estratigrafia do Instituto de Geociências e com exercício na Comissão de Graduação de Ciências Biológicas Marinha, com a finalidade de realizar trabalho de campo, em Barranquilla, Colômbia, no período compreendido entre 29/04/2018 e 09/05/2018, incluído trânsito, com ônus limitado. Solicitação nº 34722.</p><p>N° 2.370 - Autorizar o afastamento do país de SIMONE VALDETE DOS SANTOS, Professor do Magistério Superior, lotada e em exercício no Departamento de Estudos Básicos da Faculdade de Educação, com a finalidade de participar do "VI Congresso Ibero-Americano de Política e Administração da Educação, IX Congresso Luso-Brasileiro de Política e Administração da Educação", em Barcelona, Espanha, no período compreendido entre 28/05/2018 e 03/06/2018, incluído trânsito, com ônus UFRGS (Pró-Reitoria de Pesquisa - diárias). Solicitação nº 34530.</p><p class="assina">RUI VICENTE OPPERMANN</p>]]></Texto>
  </body>
</article></xml>