﻿<xml><article id="2347576" name="EDITAL 02 SOGP DISTRITO FEDERAL" idOficio="4732086" pubName="DO2" artType="Edital" pubDate="02/04/2018" artClass="00099:00022:00029:00238:00005:00028:00003:00000:00000:00000:00000:00021:00001" artCategory="Editais e Avisos" artSize="8" artNotes="" numberPage="92" pdfPage="http://pesquisa.in.gov.br/imprensa/jsp/visualiza/index.jsp?data=02/04/2018&amp;jornal=529&amp;pagina=92" editionNumber="62" highlight="" idMateria="10641028">
  <body>
    <Identifica><![CDATA[ EDITAL Nº 2, DE 29 de MARÇO DE 2018]]></Identifica>
    <Data><![CDATA[]]></Data>
    <Ementa />
    <Titulo />
    <SubTitulo />
    <Texto><![CDATA[<p class="identifica">EDITAL Nº 2, DE 29 de MARÇO DE 2018</p><p>A CHEFE DA SEÇÃO OPERACIONAL DA GESTÃO DE PESSOAS DA GERÊNCIA EXECUTIVA NO DISTRITO FEDERAL, em conformidade com as disposições estabelecidas pelo Decreto nº 7.862/2012, de 08 de dezembro de 2012, Portaria nº 08 - GM/MP, de 07 de janeiro de 2013, e pela Orientação Normativa SEGEP/MP Nº 1, de 02 de janeiro de 2017, resolve:</p><p>1. Tornar pública a relação dos aposentados e/ou pensionistas que terão o pagamento do provento e/ou benefício de pensão suspenso por motivo de não atendimento à convocação e respectiva notificação para realizar o recadastramento anual, no mês do aniversário no período de 01/12/2017 a 31/12/2017.</p><p></p><table><tr /><tr><td><p>CPF</p></td><td><p>NOME</p></td></tr><tr><td><p>339.784.761-34</p></td><td><p>ALDA LUCIA CAVALCANTE PEQUENO(BENEFICIÁRIA)</p></td></tr></table><p>2. O restabelecimento do pagamento do provento e/ou do benefício de pensão fica condicionado ao recadastramento mediante comparecimento pessoal do interessado na Seção Operacional da Gestão de Pessoas, sito à SAUS QD.04 BLOCO K 3º ANDAR SALA 307, portando a documentação estabelecida nos arts. 12º E 13º da ON SEGEP/MP Nº 1, publicada no Diário Oficial da União de 05 de janeiro de 2017.</p><p>3. Na hipótese de moléstia grave ou de impossibilidade de locomoção do aposentado e/ou pensionista deverá ser solicitada visita técnica, por meio do telefone (61) 3433-9790, para comprovação de vida do titular do benefício, ficando o pagamento restabelecido provisoriamente até que seja realizada a visita.</p><p class="assina">Lázara Maria da Cruz</p>]]></Texto>
  </body>
</article></xml>