﻿<xml><article id="2051326" name="ATO PORTARIA Nº 7337 CLAUDIA DE " idOficio="4637563" pubName="DO2" artType="Portaria" pubDate="14/03/2018" artClass="00032:00003:00015:00000:00000:00000:00000:00000:00000:00000:00025:00001" artCategory="Departamento de Polícia Federal/Diretoria de Gestão de Pessoal/Coordenação de Recursos Humanos/Divisão de Administração de Recursos Humanos/Serviço de Aposentadorias e Pensões/Ministério da Justiça" artSize="8" artNotes="" numberPage="48" pdfPage="http://pesquisa.in.gov.br/imprensa/jsp/visualiza/index.jsp?data=14/03/2018&amp;jornal=529&amp;pagina=48" editionNumber="50" highlight="" idMateria="10458752">
  <body>
    <Identifica><![CDATA[ PORTARIA Nº 7.337, DE 10 DE JANEIRO DE 2018 (*)]]></Identifica>
    <Data><![CDATA[]]></Data>
    <Ementa />
    <Titulo />
    <SubTitulo />
    <Texto><![CDATA[<p class="identifica">PORTARIA Nº 7.337, DE 10 DE JANEIRO DE 2018 (*)</p><p>O DIRETOR DE GESTÃO DE PESSOAL SUBSTITUTO DA POLÍCIA FEDERAL, no uso das atribuições que lhe são conferidas pelos incisos XIV e XIX do art. 42 do Regimento Interno da Polícia Federal, aprovado pela Portaria MJ nº 1.252, de 29/12/2017, publicada no Diário Oficial da União nº 01, de 02/01/2018, Seção I, pp. 65/70, tendo em vista o que consta do Processo nº 10166.008040/1988-76, e em cumprimento ao Acórdão nº 2780/2016-TCU-Plenário, resolve:</p><p>CANCELAR as pensões estatutárias de CLAUDIA DE JESUS LAMARCA, matrícula SIAPE n.º 2.328.071, e CLENES DE JESUS LAMARCA, matrícula SIAPE n.º 2.328.101, beneficiárias de pensão do ex-servidor VICENTE LAMARCA, matrícula SIAPE nº 1.087.045.</p><p class="assina">HENRIQUE SILVEIRA ROSA</p><p>N. da Coejo: Publicada nesta data por ter sido omitida no DOU de 12-1-2018, Seção 2.</p>]]></Texto>
  </body>
</article></xml>