﻿<xml><article id="2087393" name="Portaria Lêda Marli Hess para DO" idOficio="4673356" pubName="DO2" artType="Portaria" pubDate="16/03/2018" artClass="00038:00031:00000:00000:00000:00000:00000:00000:00000:00000:00025:00001" artCategory="Poder Judiciário/Tribunal Regional Eleitoral do Rio Grande do Sul" artSize="8" artNotes="" numberPage="69" pdfPage="http://pesquisa.in.gov.br/imprensa/jsp/visualiza/index.jsp?data=16/03/2018&amp;jornal=529&amp;pagina=69" editionNumber="52" highlight="" idMateria="10529219">
  <body>
    <Identifica><![CDATA[ PORTARIA nº 31, DE 8 DE FEVEREIRO DE 2018]]></Identifica>
    <Data><![CDATA[]]></Data>
    <Ementa />
    <Titulo />
    <SubTitulo />
    <Texto><![CDATA[<p class="identifica">PORTARIA nº 31, DE 8 DE FEVEREIRO DE 2018</p><p>O DESEMBARGADOR Carlos Cini Marchionatti, Presidente do Tribunal Regional Eleitoral do Rio Grande do Sul, no uso de suas atribuições legais e com fundamento no artigo 16, inciso VIII, do Regimento Interno do Tribunal, resolve:</p><p>APOSENTAR a servidora LÊDA MARLI HESS, voluntariamente e com proventos integrais, no cargo de Técnico Judiciário, Área de Atividade Administrativa, Classe C, Padrão 13, do Quadro de Pessoal deste Tribunal, com fundamento no artigo 40, §1º, III, alínea "a", da Constituição da República de 1988, com redação dada pela Emenda Constitucional n. 41/2003, c/c artigo 1º da Lei n. 10.887/2004 e DECLARAR VAGO o referido cargo com base no art. 33, inciso VII, da Lei n. 8.112/1990.</p><p class="assina">CARLOS CINI MARCHIONATTI</p>]]></Texto>
  </body>
</article></xml>