﻿<xml><article id="2036358" name="Portaria 20-2018" idOficio="4686968" pubName="DO2" artType="Portaria" pubDate="14/03/2018" artClass="00038:00036:00001:00000:00000:00000:00000:00000:00000:00000:00025:00001" artCategory="Poder Judiciário/Tribunal Regional Eleitoral de São Paulo/Presidência" artSize="8" artNotes="" numberPage="65" pdfPage="http://pesquisa.in.gov.br/imprensa/jsp/visualiza/index.jsp?data=14/03/2018&amp;jornal=529&amp;pagina=65" editionNumber="50" highlight="" idMateria="10555162">
  <body>
    <Identifica><![CDATA[ PORTARIA Nº 20, DE 21 DE FEVEREIRO DE 2018]]></Identifica>
    <Data><![CDATA[]]></Data>
    <Ementa />
    <Titulo />
    <SubTitulo />
    <Texto><![CDATA[<p class="identifica">PORTARIA Nº 20, DE 21 DE FEVEREIRO DE 2018</p><p>O PRESIDENTE DO TRIBUNAL REGIONAL ELEITORAL DE SÃO PAULO, no uso das atribuições regimentais e considerando o que consta do PAD nº 86/2018, resolve:</p><p>Art. 1º Conceder aposentadoria voluntária, com proventos integrais, à servidora Ana Tomie Kameda, ocupante do cargo efetivo de Técnico Judiciário, Área Administrativa, Classe C, Padrão 13, nos termos do artigo 6º e seus incisos, da Emenda Constitucional 41, de 19 de dezembro de 2003.</p><p>Art. 2º Esta portaria entrará em vigor na data de sua publicação no Diário Oficial da União.</p><p class="assina">CARLOS EDUARDO CAUDURO PADIN</p>]]></Texto>
  </body>
</article></xml>