﻿<xml><article id="2113986" name="039 - Dispensa Ricardo e designa" idOficio="4691298" pubName="DO2" artType="Portaria" pubDate="19/03/2018" artClass="00038:00001:00008:00005:00000:00000:00000:00000:00000:00000:00025:00001" artCategory="Poder Judiciário/Supremo Tribunal Federal/Secretaria do Tribunal/Secretaria de Gestão de Pessoas" artSize="8" artNotes="" numberPage="70" pdfPage="http://pesquisa.in.gov.br/imprensa/jsp/visualiza/index.jsp?data=19/03/2018&amp;jornal=529&amp;pagina=70" editionNumber="53" highlight="" idMateria="10563876">
  <body>
    <Identifica><![CDATA[ PORTARIA Nº 39, DE 26 DE FEVEREIRO DE 2018]]></Identifica>
    <Data><![CDATA[]]></Data>
    <Ementa />
    <Titulo />
    <SubTitulo />
    <Texto><![CDATA[<p class="identifica">PORTARIA Nº 39, DE 26 DE FEVEREIRO DE 2018</p><p>O SECRETÁRIO DE GESTÃO DE PESSOAS DO SUPREMO TRIBUNAL FEDERAL, no uso das atribuições conferidas pela Portaria DG nº 233/2013, com base no inc. II do art. 9º e no inc. I do art. 35 da Lei nº 8.112/1990, resolve:</p><p>Art. 1º Dispensar RICARDO HENRIQUES PONTES, Analista Judiciário, Área Administrativa, da função comissionada de Assistente II, nível FC-02, da Coordenadoria de Jurisprudência Comparada e Divulgação de Julgados.</p><p>Art. 2º Designar TIAGO BATISTA CARDOSO, Analista Judiciário, Área Judiciária, para exercer a função comissionada de Assistente II, nível FC-02, na Coordenadoria de Jurisprudência Comparada e Divulgação de Julgados.</p><p class="assina">Cícero Rodrigues de Oliveira Gomes</p>]]></Texto>
  </body>
</article></xml>