﻿<xml><article id="2036364" name="PORTARIA GPR 238" idOficio="4692108" pubName="DO2" artType="Portaria" pubDate="14/03/2018" artClass="00038:00039:00002:00000:00000:00000:00000:00000:00000:00000:00025:00001" artCategory="Poder Judiciário/Tribunal de Justiça do Distrito Federal e dos Territórios/Presidência" artSize="8" artNotes="" numberPage="65" pdfPage="http://pesquisa.in.gov.br/imprensa/jsp/visualiza/index.jsp?data=14/03/2018&amp;jornal=529&amp;pagina=65" editionNumber="50" highlight="" idMateria="10565139">
  <body>
    <Identifica><![CDATA[ Portaria nº 238, de 6 de fevereiro de 2018]]></Identifica>
    <Data><![CDATA[]]></Data>
    <Ementa />
    <Titulo />
    <SubTitulo />
    <Texto><![CDATA[<p class="identifica">Portaria nº 238, de 6 de fevereiro de 2018</p><p>O PRESIDENTE DO TRIBUNAL DE JUSTIÇA DO DISTRITO FEDERAL E DOS TERRITÓRIOS, no uso de sua competência legal e tendo em vista o disposto no PA. nº 0023724/2017, resolve:</p><p>Aposentar por invalidez permanente com proventos proporcionais, a servidora ANDREIA DE SOUZA MUNIZ, matrícula 310.864, ocupante do cargo de Técnico Judiciário, Área Administrativa, Nível Intermediário, Classe "C", Padrão 13, com fundamento no art. 40, § 1°, inciso I, da Constituição Federal de 1988, com a redação dada pela Emenda Constitucional 41/2003 c/c art. 6º-A e 7º, ambos da Emenda Constitucional 41/2003, alterada pela Emenda Constitucional 70/2012, e com o art. 186, inciso I, da Lei 8.112/1990, com a vantagem prevista no art. 67 da Lei 8.112/1990 c/c o art. 6º da Lei 9.624/1998 e com o inciso II do art. 15 da Medida Provisória 2.225-45/2001.</p><p class="assina">Des. HUMBERTO ADJUTO ULHÔA</p><p class="cargo">Em exercício</p>]]></Texto>
  </body>
</article></xml>