﻿<xml><article id="2011917" name="Gabarito DOU - Vânia Lúcia" idOficio="4694371" pubName="DO2" artType="Ato" pubDate="13/03/2018" artClass="00038:00024:00000:00000:00000:00000:00000:00000:00000:00000:00001:00001" artCategory="Poder Judiciário/Tribunal Regional Eleitoral de Minas Gerais" artSize="8" artNotes="" numberPage="87" pdfPage="http://pesquisa.in.gov.br/imprensa/jsp/visualiza/index.jsp?data=13/03/2018&amp;jornal=529&amp;pagina=87" editionNumber="49" highlight="" idMateria="10569466">
  <body>
    <Identifica><![CDATA[ ATO Nº 3, DE 23 DE FEVEREIRO DE 2018]]></Identifica>
    <Data><![CDATA[]]></Data>
    <Ementa />
    <Titulo />
    <SubTitulo />
    <Texto><![CDATA[<p class="identifica">ATO Nº 3, DE 23 DE FEVEREIRO DE 2018</p><p>O PRESIDENTE DO TRIBUNAL REGIONAL ELEITORAL DE MINAS GERAIS, no uso de suas atribuições e tendo em vista o Processo nº 1801481/2018, resolve:</p><p>Conceder aposentadoria voluntária por tempo de contribuição, com proventos integrais, a VÂNIA LÚCIA DA ROCHA, servidora do Quadro de Pessoal deste Tribunal, ocupante do cargo efetivo de Analista Judiciário, Área Administrativa, Classe C, Padrão 13, lotada na Seção de Pesquisa e Cidadania, em cargo criado pela Lei nº 8.868/94, nos termos do art. 6º da Emenda Constitucional nº 41/2003 c/c art. 2º da EC nº 47/2005.</p><p class="assina">Des. EDGARD PENNA AMORIM</p>]]></Texto>
  </body>
</article></xml>