﻿<xml><article id="2138346" name="Portaria 7670 nomeação - EPF - F" idOficio="4691478" pubName="DO2" artType="Portaria" pubDate="20/03/2018" artClass="00032:00003:00015:00003:00001:00001:00000:00000:00000:00000:00025:00002" artCategory="Departamento de Polícia Federal/Diretoria de Gestão de Pessoal/Coordenação de Recursos Humanos/Ministério da Justiça" artSize="8" artNotes="" numberPage="50" pdfPage="http://pesquisa.in.gov.br/imprensa/jsp/visualiza/index.jsp?data=20/03/2018&amp;jornal=529&amp;pagina=50" editionNumber="54" highlight="" idMateria="10564216">
  <body>
    <Identifica><![CDATA[ PORTARIA Nº 7.670, DE 19 DE FEVEREIRO DE 2018]]></Identifica>
    <Data><![CDATA[]]></Data>
    <Ementa />
    <Titulo />
    <SubTitulo />
    <Texto><![CDATA[<p class="identifica">PORTARIA Nº 7.670, DE 19 DE FEVEREIRO DE 2018</p><p>O DIRETOR DE GESTÃO DE PESSOAL DA POLÍCIA FEDERAL, no uso das competências que lhe foram atribuídas pelo inciso XVII do art. 42 do Regimento Interno da Polícia Federal, aprovado pela Portaria MJ nº 490, de 25 de abril de 2016, publicada no DOU nº 80, de 28 de abril de 2016, tendo em vista o que consta no Processo SEI nº 08200.017605/2017-41, resolve:</p><p>I- Tornar sem efeito a Portaria n° 7.057, de 05/12/2017, publicada no DOU n° 237, de 12/12/2017, Seção 2, que nomeou FRANCISCO DAS CHAGAS ALENCAR para exercer o cargo de efetivo de Escrivão de Polícia Federal, Terceira Classe.</p><p>II- Nomear FRANCISCO DAS CHAGAS ALENCAR para exercer o cargo efetivo de Escrivão de Polícia Federal, Terceira Classe, da Carreira Policial Federal, do Quadro de Pessoal da Polícia Federal, criada pelo Decreto-Lei nº 2.251/1985, reorganizada pela Lei nº 9.266/1996, e alterada pela Lei nº 11.095/2005; no código de vaga nº 75183, em virtude de concurso público instituído pelo Edital n° 24/2004 - DGP/DPF-NACIONAL, mediante conclusão do XXXIV Curso de Formação Profissional de Escrivão de Polícia Federal, conforme Portaria nº 2.405, de 17 de dezembro de 2007, de acordo com o art. 9º, I, e art. 10 da Lei nº 8.112/90, conferindo-lhe o prazo de 15 (quinze) dias para apresentar-se para posse na unidade de lotação escolhida ao final do Curso de Formação Profissional, nos termos exarados no Parecer nº 5522666/2018-DELP/CRH/DGP/PF.</p><p class="assina">CLYTON EUSTÁQUIO XAVIER</p>]]></Texto>
  </body>
</article></xml>