﻿<xml><article id="2161010" name="ATO Nº TRF2-ATP-2018-00056 de 21" idOficio="4693017" pubName="DO2" artType="Ato" pubDate="21/03/2018" artClass="00038:00008:00001:00000:00000:00000:00000:00000:00000:00000:00001:00001" artCategory="Poder Judiciário/Tribunal Regional Federal da 2ª Região/Presidência" artSize="8" artNotes="" numberPage="65" pdfPage="http://pesquisa.in.gov.br/imprensa/jsp/visualiza/index.jsp?data=21/03/2018&amp;jornal=529&amp;pagina=65" editionNumber="55" highlight="" idMateria="10567227">
  <body>
    <Identifica><![CDATA[ ATO Nº 56, de 21 de fevereiro de 2018]]></Identifica>
    <Data><![CDATA[]]></Data>
    <Ementa />
    <Titulo />
    <SubTitulo />
    <Texto><![CDATA[<p class="identifica">ATO Nº 56, de 21 de fevereiro de 2018</p><p>O PRESIDENTE DO TRIBUNAL REGIONAL FEDERAL DA 2ª REGIÃO, no uso de suas atribuições, e considerando o que consta no Ofício nº TRF2-OFI-2018/01113, resolve:</p><p>NOMEAR a Bacharela em Direito BRUNA LEAL SIBEMBERG para exercer o cargo em comissão de Assessora de Gestão de Metas, CJ-1, do Gabinete do Desembargador Guilherme Diefenthaeler, em vaga decorrente da exoneração de Fernanda Sommer Domingues.</p><p class="assina">ANDRÉ FONTES</p>]]></Texto>
  </body>
</article></xml>