﻿<xml><article id="2113998" name="trt9a54-2018 ATO 7" idOficio="4698966" pubName="DO2" artType="Ato" pubDate="19/03/2018" artClass="00038:00048:00000:00000:00000:00000:00000:00000:00000:00000:00001:00001" artCategory="Poder Judiciário/Tribunal Regional do Trabalho da 9ª Região" artSize="8" artNotes="" numberPage="73" pdfPage="http://pesquisa.in.gov.br/imprensa/jsp/visualiza/index.jsp?data=19/03/2018&amp;jornal=529&amp;pagina=73" editionNumber="53" highlight="" idMateria="10578488">
  <body>
    <Identifica><![CDATA[ ATO Nº 7, DE 18 DE JANEIRO DE 2018]]></Identifica>
    <Data><![CDATA[]]></Data>
    <Ementa />
    <Titulo />
    <SubTitulo />
    <Texto><![CDATA[<p class="identifica">ATO Nº 7, DE 18 DE JANEIRO DE 2018</p><p>A DESEMBARGADORA DO TRABALHO, PRESIDENTE DO TRIBUNAL REGIONAL DO TRABALHO DA 9ª REGIÃO, usando de suas atribuições legais, diante do disposto no art. 25, LV-A, do Regimento Interno e do contido no PRP nº 4/2018, resolve:</p><p>Art. 1º Conceder, ad referendum do Órgão Especial, aposentadoria à servidora ELIANE FROSSARD, nos termos do art. 3º, da EC nº 47/2005, com proventos integrais ao tempo de contribuição, no montante de R$ 13.669,80 (treze mil, seiscentos e sessenta e nove reais e oitenta centavos), correspondentes à remuneração do cargo efetivo de Técnico Judiciário, Área Administrativa, classe C, padrão 13, conforme arts. 12 e 13, da Lei nº 11.416/2006, (Vencimento Servidor Inativo de R$ 4.537,30 e GAJ Cargo Inativo de R$ 5.535,51), acrescidos das seguintes vantagens: a) vantagem pessoal nominalmente identificada - VPNI, equivalente a 10/10 da função comissionada de nível FC-4, no valor de R$ 2.984,45, conforme disposto nos arts. 3º da Lei nº 8.911/1994, 5º da Lei nº 9.624/1998 e 62-A da Lei nº 8.112/1990; b) 6% da gratificação adicional por tempo de serviço - GATS, equivalente a R$ 272,24, prevista no art. 67 da Lei nº 8.112/1990; c) adicional de qualificação - AQ, referente a curso de especialização, no importe de 7,5%, no valor de R$ 340,30, incidente sobre o vencimento básico do cargo efetivo ocupado pela servidora, nos termos dos arts. 14, §5º, e 15, III, da Lei nº 11.416/2006, e art. 6º, III, do Anexo I, da Portaria Conjunta nº 1/2007. Faz jus, ainda, à paridade de vencimentos com o pessoal da ativa, nos termos do art. 3º, parágrafo único, da EC nº 47/2005, estendendo-se tal paridade a eventuais pensionistas. Art. 2º Conceder indenização de férias no valor total de R$ 33.145,37, resultante do pagamento de: a) 20 dias do exercício de 2017, no valor de R$ 10.466,96; b) 30 dias do exercício de 2018, no valor de R$ 15.700,44, e do respectivo terço no valor de R$ 5.233,48; c) férias proporcionais equivalentes a 1/12 (um doze avos), concernentes ao período aquisitivo de 08/02 a 18/03/2018, no importe de R$ 1.308,37, e do respectivo terço indenizado, no valor de R$ 436,12, nos termos do artigo 78, §§ 3º e 4º da Lei 8.112/1990, c/c o art. 24, caput e § 4º, da Resolução CSJT nº 162/2016. O pagamento, que deverá ocorrer sem a incidência do imposto de renda na fonte e de contribuição previdenciária, nos termos do art. 9º, caput, do Ato TRT9 nº 74/2016, é resultante da base de cálculo composta por: Vencimento Estatutário (R$ 4.537,30), GAJ (R$ 5.535,51), AQ - Especialização (R$ 340,30), AQ - Treinamento (R$ 90,75), GATS (R$ 272,24), Função Comissionada Optante - FC-4 (R$ 1.939,89) e VPNI (R$ 2.984,45). Art. 3º Declarar vago o cargo acima citado, nos termos do inciso VII, art. 33, da Lei n.º 8.112/1990.</p><p class="assina">MARLENE T. FUVERKI SUGUIMATSU</p>]]></Texto>
  </body>
</article></xml>