﻿<xml><article id="2011923" name="2018-168 PORTARIA DE APOSENTADOR" idOficio="4698222" pubName="DO2" artType="Portaria" pubDate="13/03/2018" artClass="00011:00139:00000:00000:00000:00000:00000:00000:00000:00000:00025:00001" artCategory="Ministério da Educação/Universidade Federal do Triângulo Mineiro" artSize="8" artNotes="" numberPage="39" pdfPage="http://pesquisa.in.gov.br/imprensa/jsp/visualiza/index.jsp?data=13/03/2018&amp;jornal=529&amp;pagina=39" editionNumber="49" highlight="" idMateria="10576833">
  <body>
    <Identifica><![CDATA[ PORTARIA Nº 168,  DE 1º DE MARÇO DE 2018]]></Identifica>
    <Data><![CDATA[]]></Data>
    <Ementa />
    <Titulo />
    <SubTitulo />
    <Texto><![CDATA[<p class="identifica">PORTARIA Nº 168, DE 1º DE MARÇO DE 2018</p><p>A REITORA da UNIVERSIDADE FEDERAL DO TRIÂNGULO MINEIRO, nomeada pela Presidente da República por Decreto de 12 de agosto de 2014, publicado no DOU do dia 13 subsequente, no uso de suas atribuições regimentais e considerando o Processo nº 23085.001358/2018-08, resolve:</p><p>Art. 1º - Conceder aposentadoria voluntária à servidora LEILA MARIA ALVES COSTA, SIAPE 1194612, ocupante do cargo de Telefonista, Classe/Padrão C-413, carga horária de 40 horas semanais, código de vaga nº 706642, do Quadro de Pessoal desta Universidade, com proventos integrais e com fulcro no artigo 3º da Emenda Constitucional nº 47/2005.</p><p>Art. 2º - Em consequência, declarar vago o referido cargo.</p><p class="assina">ANA LÚCIA DE ASSIS SIMÕES</p>]]></Texto>
  </body>
</article></xml>