﻿<xml><article id="2138355" name="trt9a57-2018 CODAF 40" idOficio="4699458" pubName="DO2" artType="Portaria" pubDate="20/03/2018" artClass="00038:00048:00001:00001:00017:00000:00000:00000:00000:00000:00025:00001" artCategory="Poder Judiciário/Tribunal Regional do Trabalho da 9ª Região/Tribunal Pleno/Presidência/Coordenadoria de Dados Funcionais" artSize="8" artNotes="" numberPage="56" pdfPage="http://pesquisa.in.gov.br/imprensa/jsp/visualiza/index.jsp?data=20/03/2018&amp;jornal=529&amp;pagina=56" editionNumber="54" highlight="" idMateria="10579292">
  <body>
    <Identifica><![CDATA[ PORTARIA  Nº 40, DE 6 DE MARÇO DE 2018]]></Identifica>
    <Data><![CDATA[]]></Data>
    <Ementa />
    <Titulo />
    <SubTitulo />
    <Texto><![CDATA[<p class="identifica">PORTARIA Nº 40, DE 6 DE MARÇO DE 2018</p><p>O CHEFE DA DIVISÃO DE DADOS FUNCIONAIS DO TRIBUNAL REGIONAL DO TRABALHO DA 9ª REGIÃO, usando de suas atribuições legais, e diante do disposto nos DES ADG 2661/2016 e DES GABSGP 1175/2016, resolve:</p><p>I - Designar CRISTIANE DRONGECK, Técnica Judiciária Área Administrativa, classe C, padrão 13, para EXERCER o Cargo em Comissão de Assessor (c-9308), código TRT 9ª CJ-3, do Gabinete de Desembargador 14, a partir da data da publicação, dispensando-a da Função Comissionada de Assistente de Gabinete de Desembargador do Trabalho (c-9314), código TRT 9ª FC-5, desta unidade, a partir da mesma data (Documento Eletrônico nº 3/2018).</p><p class="assina">FERNANDO CESAR BELINCANTA</p>]]></Texto>
  </body>
</article></xml>