﻿<xml><article id="2113992" name="PORT_5626667" idOficio="4694764" pubName="DO2" artType="Portaria" pubDate="19/03/2018" artClass="00038:00007:00001:00000:00000:00000:00000:00000:00000:00000:00001:00001" artCategory="Poder Judiciário/Tribunal Regional Federal da 1ª Região/Presidência" artSize="8" artNotes="" numberPage="71" pdfPage="http://pesquisa.in.gov.br/imprensa/jsp/visualiza/index.jsp?data=19/03/2018&amp;jornal=529&amp;pagina=71" editionNumber="53" highlight="" idMateria="10570036">
  <body>
    <Identifica><![CDATA[ PORTARIA Nº 5.626.667, DE 28 DE FEVEREIRO DE 2018]]></Identifica>
    <Data><![CDATA[]]></Data>
    <Ementa />
    <Titulo />
    <SubTitulo />
    <Texto><![CDATA[<p class="identifica">PORTARIA Nº 5.626.667, DE 28 DE FEVEREIRO DE 2018</p><p>O PRESIDENTE DO TRIBUNAL REGIONAL FEDERAL DA 1ª REGIÃO, no uso de suas atribuições legais e regimentais e tendo em vista o constante nos autos do PAe 0003754-11.2018.4.01.8000, resolve:</p><p>REVOGAR, a partir de 02/04/2018, a cessão para o Tribunal Regional Federal da 1ª Região do servidor THIAGO EMILIO ALVES FERREIRA, Técnico Judiciário, Área Administrativa, do Quadro de Pessoal da Justiça Federal de Primeiro Grau, Seção Judiciária do Distrito Federal, autorizada pela Portaria Presi 09, de 12/01/2017, publicada no Diário Oficial da União de 16/01/2017, Seção 2.</p><p class="assina">Des. Fed. HILTON QUEIROZ</p>]]></Texto>
  </body>
</article></xml>