﻿<xml><article id="2315304" name="Port.ele119" idOficio="4698938" pubName="DO2" artType="Portaria" pubDate="29/03/2018" artClass="00017:00002:00035:00002:00005:00000:00000:00000:00000:00000:00025:00002" artCategory="Ministério da Saúde/Secretaria Executiva/Núcleo Estadual em São Paulo/Divisão de Gestão Administrativa/Serviço de Pessoal Inativo" artSize="8" artNotes="" numberPage="64" pdfPage="http://pesquisa.in.gov.br/imprensa/jsp/visualiza/index.jsp?data=29/03/2018&amp;jornal=529&amp;pagina=64" editionNumber="61" highlight="" idMateria="10578441">
  <body>
    <Identifica><![CDATA[ Portaria    Nº 119, de 5 Março de 2018]]></Identifica>
    <Data><![CDATA[]]></Data>
    <Ementa />
    <Titulo />
    <SubTitulo />
    <Texto><![CDATA[<p></p><p class="identifica">Portaria Nº 119, de 5 Março de 2018</p><p>O CHEFE DA DIVISÃO DE GESTÃO ADMINISTRATIVA DO NÚCLEO ESTADUAL DO MINISTÉRIO DA SAÚDE NO ESTADO DE SÃO PAULO - no uso da competência que lhe foi subdelegada pela Portaria SAA/SE/MS nº. 1804 de 1/10/2013, publicada no DOU nº. 192, de 03/10/2013, e tendo em vista o que consta no processo abaixo especificado, resolve:</p><p>Conceder aposentadoria voluntária à servidora EDI RODRIGUES RIBEIRO, matrícula SIAPE nº 595813, ocupante do cargo de Auxiliar Operacional de Serviços Diversos, nível intermediário, classe "S", padrão III, do Quadro de Pessoal deste Ministério, com fundamento no artigo 40, inciso III, alínea "a", da Constituição Federal, combinado com o artigo 3.°, da Emenda Constitucional n.º 47/05. (Processo nº 25004.402504/2017-16).</p><p class="assina">Ronaldo Raymundo</p>]]></Texto>
  </body>
</article></xml>