﻿<xml><article id="2087399" name="imp091 - Portaria 245" idOficio="4704721" pubName="DO2" artType="Portaria" pubDate="16/03/2018" artClass="00011:00059:00000:00000:00000:00000:00000:00000:00000:00000:00025:00001" artCategory="Ministério da Educação/Instituto Federal de Educação, Ciência e Tecnologia Catarinense" artSize="8" artNotes="" numberPage="19" pdfPage="http://pesquisa.in.gov.br/imprensa/jsp/visualiza/index.jsp?data=16/03/2018&amp;jornal=529&amp;pagina=19" editionNumber="52" highlight="" idMateria="10589668">
  <body>
    <Identifica><![CDATA[ PORTARIA  Nº 245, DE 6 DE MARÇO DE 2018]]></Identifica>
    <Data><![CDATA[]]></Data>
    <Ementa />
    <Titulo />
    <SubTitulo />
    <Texto><![CDATA[<p class="identifica">PORTARIA Nº 245, DE 6 DE MARÇO DE 2018</p><p>A REITORA DO INSTITUTO FEDERAL CATARINENSE, no uso da competência que lhe foi subdelegada pelo Decreto não numerado de 12/01/2016, publicado no Diário Oficial da União, seção 2, pág. 01, em 13/01/2016, considerando o que consta no Processo nº 23349.000188/2018-98: resolve: Art. 1º - CONCEDER APOSENTADORIA VOLUNTÁRIA, com proventos integrais, com base no Art. 3º da Emenda Constitucional nº 47/05, utilizando 90 dias de licença prêmio contada em dobro para a aposentadoria, referente ao 2º quinquênio 15/06/1985 à 13/06/1990, ao servidor DEODATO BUSS, ocupante do cargo de Técnico em Assuntos Educacionais, Matrícula SIAPE 1157423, Nível de Classificação E, Nível de Capacitação IV, Padrão de Vencimento 16, código de vaga 689204, lotado no Instituto Federal Catarinense - Campus Araquari. Art. 2º - DECLARAR vago o referido cargo. Art. 3º - Esta Portaria entra em vigor na data de sua publicação.</p><p class="assina">SÔNIA REGINA DE SOUZA FERNANDES</p>]]></Texto>
  </body>
</article></xml>