﻿<xml><article id="2286884" name="2376 exercício provisório" idOficio="4704614" pubName="DO2" artType="Ato" pubDate="28/03/2018" artClass="00038:00006:00001:00000:00000:00000:00000:00000:00000:00000:00001:00001" artCategory="Poder Judiciário/Superior Tribunal Militar/Presidência" artSize="8" artNotes="" numberPage="57" pdfPage="http://pesquisa.in.gov.br/imprensa/jsp/visualiza/index.jsp?data=28/03/2018&amp;jornal=529&amp;pagina=57" editionNumber="60" highlight="" idMateria="10589416">
  <body>
    <Identifica><![CDATA[ ATO Nº 2.376, DE 8 DE MARÇO DE 2018]]></Identifica>
    <Data><![CDATA[]]></Data>
    <Ementa />
    <Titulo />
    <SubTitulo />
    <Texto><![CDATA[<p></p><p class="identifica">ATO Nº 2.376, DE 8 DE MARÇO DE 2018</p><p>O MINISTRO-PRESIDENTE DO SUPERIOR TRIBUNAL MILITAR, usando das atribuições que lhe são conferidas pelo artigo 6º, inciso XXV, do Regimento Interno, e</p><p>Considerando o contido no Processo SEI nº 028331/17-00.15;</p><p>Considerando o artigo 18 e 84, § 2º, da Lei nº 8.112/90; resolve:</p><p>Art. 1º COLOCAR EM EXERCÍCIO PROVISÓRIO, a contar de 28 de março 2018, e sem ônus para os cofres públicos, na Comissão Aeronáutica Brasileira em Washington DC - CABW, a Técnica Judiciária, área Administrativa, do Quadro Permanente da Secretaria do Superior Tribunal Militar, HELIANE PIRES FERREIRA SILVA, matrícula 996.</p><p>Art. 2º Conceder o prazo de trinta (30) dias, a contar de 28 de março 2018, para apresentação da servidora no citado órgão em Washington DC.</p><p class="assina">JOSÉ COÊLHO FERREIRA</p>]]></Texto>
  </body>
</article></xml>