﻿<xml><article id="2114001" name="trt9a59-2018 ATO 60" idOficio="4701073" pubName="DO2" artType="Ato" pubDate="19/03/2018" artClass="00038:00048:00000:00000:00000:00000:00000:00000:00000:00000:00001:00001" artCategory="Poder Judiciário/Tribunal Regional do Trabalho da 9ª Região" artSize="8" artNotes="" numberPage="73" pdfPage="http://pesquisa.in.gov.br/imprensa/jsp/visualiza/index.jsp?data=19/03/2018&amp;jornal=529&amp;pagina=73" editionNumber="53" highlight="" idMateria="10582508">
  <body>
    <Identifica><![CDATA[ ATO Nº 60, DE 28 DE FEVEREIRO DE 2018]]></Identifica>
    <Data><![CDATA[]]></Data>
    <Ementa />
    <Titulo />
    <SubTitulo />
    <Texto><![CDATA[<p class="identifica">ATO Nº 60, DE 28 DE FEVEREIRO DE 2018</p><p>A DESEMBARGADORA DO TRABALHO, PRESIDENTE DO TRIBUNAL REGIONAL DO TRABALHO DA 9ª REGIÃO, usando de suas atribuições legais, diante do disposto no art. 25, LV-A, do Regimento Interno e do contido no PRP nº 25/2018, resolve:</p><p>Art. 1º Conceder, ad referendum do Órgão Especial, aposentadoria à servidora MARIA ADELAIDE SOBRAL ARAÚJO, nos termos do art. 6º da EC nº 41/2003, com proventos integrais ao tempo de contribuição, no montante de R$ 13.183,34 (treze mil cento e oitenta e três reais e trinta e quatro centavos), correspondentes à remuneração do cargo efetivo de Técnico Judiciário, Área Administrativa, classe C, padrão 13, conforme arts. 12 e 13, da Lei nº 11.416/2006, (Vencimento Servidor Inativo de R$ 4.537,30 e GAJ Cargo Inativo de R$ 5.535,51), acrescidos as seguintes vantagens: a) vantagem pessoal nominalmente identificada - VPNI, equivalente a 8/10 de função comissionada de nível FC-05, à quantia de R$ 2.747,54, conforme disposto nos arts. 3º da Lei nº 8.911/1994, 5º da Lei nº 9.624/1998 e 62-A da Lei nº 8.112/1990; b) 3% da gratificação adicional por tempo de serviço - GATS, no valor de R$ 136,12, prevista no art. 67 da Lei nº 8.112/1990; c) adicional de qualificação - AQ, referente a curso de graduação, no importe de 5%, incidente sobre o vencimento básico do cargo efetivo ocupado pela servidora, à soma de R$ 226,87, nos termos dos arts. 14, § 6º, e 15, VI, da Lei nº 11.416/2006. Art. 2º Conceder indenização de férias no valor total de R$ 6.591,67, resultante do pagamento indenizado do saldo de 15 dias de férias referentes ao período aquisitivo de 22/05/2017 a 18/03/2018, nos termos do artigo 78, §§ 3º e 4º da Lei nº 8.112/1990, c/c o art. 24, caput e § 4º, da Resolução CSJT nº 162/2016. O pagamento que deverá ocorrer sem a incidência do imposto de renda na fonte e de contribuição previdenciária, nos termos do art. 9º, caput, do Ato TRT9 nº 74/2016, é resultante da base de cálculo composta por: Vencimento Estatutário (R$ 4.537,30), GAJ (R$ 5.535,51), GATS (R$ 136,12), AQ - Graduação (R$ 226,87) e VPNI (R$ 2.747,54). Art. 3º Declarar vago o cargo acima citado, nos termos do inciso VII, art. 33, da Lei n.º 8.112/1990.</p><p class="assina">MARLENE T. FUVERKI SUGUIMATSU</p>]]></Texto>
  </body>
</article></xml>