﻿<xml><article id="2315313" name="PT 77 DE 07MAR18 para 29mar2018" idOficio="4704526" pubName="DO2" artType="Portaria" pubDate="29/03/2018" artClass="00017:00002:00026:00026:00000:00000:00000:00000:00000:00000:00025:00001" artCategory="Ministério da Saúde/Secretaria Executiva/Núcleo Estadual no Paraná/Serviço de Gestão Administrativa" artSize="8" artNotes="" numberPage="55" pdfPage="http://pesquisa.in.gov.br/imprensa/jsp/visualiza/index.jsp?data=29/03/2018&amp;jornal=529&amp;pagina=55" editionNumber="61" highlight="" idMateria="10589260">
  <body>
    <Identifica><![CDATA[ PORTARIA Nº 77, DE  7 DE MARÇO DE 2018]]></Identifica>
    <Data><![CDATA[]]></Data>
    <Ementa />
    <Titulo />
    <SubTitulo />
    <Texto><![CDATA[<p class="identifica">PORTARIA Nº 77, DE 7 DE MARÇO DE 2018</p><p>A CHEFE DO SERVIÇO DE GESTÃO ADMINISTRATIVA DO NÚCLEO ESTADUAL DO MINISTÉRIO DA SAÚDE DO PARANÁ, no uso de suas atribuições que lhe são conferidas pela Portaria, SE/SAA/MS nº 1.804, de 01/10/2013, publicada no DOU nº 192 de 03/10/2013, Seção 1 e Portaria GM/MS nº 2.225 de 01/10/2013, publicada no DOU 191 de 02/10/2013, Seção 2, e em conformidade com o Decreto nº. 8.901, de 10/11/2016, publicado no DOU 217, Seção 1, de 11/11/2016 e Portaria nº 1.419, de 08/06/2017, publicada no DOU nº 110, Seção 1, de 09/06/2017, resolve:</p><p>Conceder Aposentadoria Voluntária ao Tempo de Contribuição ao servidor PAULO ROBERTO DE MIRANDA SANDOVAL, matrícula 570296, ocupante do cargo de Médico, Nível Superior, Classe S, Padrão III, do quadro do Ministério da Saúde do Paraná, com base no Artigo 40, §1°, inciso III, alínea "a" da Constituição Federal de 1988, com redação dada pela Emenda Constitucional n° 41/2003, com proventos calculados de acordo com o Artigo 1° da Lei n° 10.887/2004. (Processo n.º 25023.000089/2018-12)</p><p class="assina">GISLANE MARI FRANÇA DE OLIVEIRA</p>]]></Texto>
  </body>
</article></xml>