﻿<xml><article id="2037644" name="08.03.2018 - Portaria Ordinária " idOficio="4704793" pubName="DO2" artType="Portaria" pubDate="14/03/2018" artClass="00039:00014:00000:00000:00000:00000:00000:00000:00000:00000:00025:00002" artCategory="Entidades de Fiscalização do Exercício das Profissões Liberais/Conselho de Arquitetura e Urbanismo de Minas Gerais" artSize="12" artNotes="" numberPage="67" pdfPage="http://pesquisa.in.gov.br/imprensa/jsp/visualiza/index.jsp?data=14/03/2018&amp;jornal=529&amp;pagina=67" editionNumber="50" highlight="" idMateria="10589771">
  <body>
    <Identifica><![CDATA[ PORTARIA Nº 8,  de 9 de março de 2018]]></Identifica>
    <Data><![CDATA[]]></Data>
    <Ementa />
    <Titulo />
    <SubTitulo />
    <Texto><![CDATA[<p class="identifica">PORTARIA Nº 8, de 9 de março de 2018</p><p>O Presidente do Conselho de Arquitetura e Urbanismo de Minas Gerais, no uso das atribuições conferidas pelo artigo 35, III, da Lei 12.378, de 31 de dezembro de 2010, e pelo artigo 152 do Regimento Interno do CAU/MG e, considerando a exoneração, a pedido, de empregada ocupante do cargo efetivo de Assistente Administrativo, conforme Portaria Ordinatória nº 7/2018; resolve:</p><p>Art. 1º. Nomear a candidata abaixo listada, nos termos do item 6.4 do Ato Normativo 9/2013, aprovado pelo Plenário do CAU/MG em 2 de dezembro de 2013.</p><p></p><table><tr /><tr><td><p>Inscrição</p></td><td><p>Nome</p></td><td><p>Data Nascimento</p></td><td><p>Cód.</p></td><td><p>Cargo</p></td><td><p>Local</p></td><td><p>Class.</p></td></tr><tr><td><p>1452386</p></td><td><p>LUCIANA</p><p>MARON FERREIRA</p></td><td><p>06/02/1976</p></td><td><p>302</p></td><td><p>ASSISTENTE ADMINISTRATIVO</p></td><td><p>Belo Horizonte</p></td><td><p>04</p></td></tr></table><p>Art. 2º. A nomeada deverá apresentar a documentação e obedecer aos prazos descritos no Edital do Concurso Público nº 01/2013 e na Portaria Nº 34, de 2 de junho de 2014.</p><p>Esta portaria entra em vigor na data de sua assinatura.</p><p class="assina">Danilo Silva Batista</p>]]></Texto>
  </body>
</article></xml>