﻿<xml><article id="2037647" name="02.03.2018 - PORTARIA Nº 7 - Exo" idOficio="4704970" pubName="DO2" artType="Portaria" pubDate="14/03/2018" artClass="00039:00014:00000:00000:00000:00000:00000:00000:00000:00000:00025:00001" artCategory="Entidades de Fiscalização do Exercício das Profissões Liberais/Conselho de Arquitetura e Urbanismo de Minas Gerais" artSize="8" artNotes="" numberPage="67" pdfPage="http://pesquisa.in.gov.br/imprensa/jsp/visualiza/index.jsp?data=14/03/2018&amp;jornal=529&amp;pagina=67" editionNumber="50" highlight="" idMateria="10589993">
  <body>
    <Identifica><![CDATA[ PORTARIA Nº 7, de 1º DE MARÇO DE 2018]]></Identifica>
    <Data><![CDATA[]]></Data>
    <Ementa />
    <Titulo />
    <SubTitulo />
    <Texto><![CDATA[<p class="identifica">PORTARIA Nº 7, de 1º DE MARÇO DE 2018</p><p>Exonera, a pedido, empregada efetiva do Conselho de Arquitetura e Urbanismo do Estado de Minas Gerais - CAU/MG.</p><p>O Presidente do Conselho de Arquitetura e Urbanismo do Estado de Minas Gerais, no uso das suas atribuições, resolve:</p><p>Art. 1º. Exonerar, a seu pedido, a partir de 02 de março de 2018, a empregada Josilaine Aparecida Cavalier Martins, RG MG-11.180.731, CPF 051.083.076-59, ocupante do cargo efetivo de Assistente Administrativo.</p><p>Esta portaria entra em vigor na data de sua assinatura.</p><p class="assina">Danilo Silva Batista-Presidente</p>]]></Texto>
  </body>
</article></xml>