﻿<xml><article id="2012587" name="Portaria Nomeação Concurso Públi" idOficio="4704461" pubName="DO2" artType="Portaria" pubDate="13/03/2018" artClass="00039:00312:00000:00000:00000:00000:00000:00000:00000:00000:00025:00001" artCategory="Entidades de Fiscalização do Exercício das Profissões Liberais/Conselho Regional de Fisioterapia e Terapia Ocupacional da 12ª Região" artSize="8" artNotes="" numberPage="90" pdfPage="http://pesquisa.in.gov.br/imprensa/jsp/visualiza/index.jsp?data=13/03/2018&amp;jornal=529&amp;pagina=90" editionNumber="49" highlight="" idMateria="10589112">
  <body>
    <Identifica><![CDATA[ PORTARIA Nº 362, DE  27 de fevereiro de 2018]]></Identifica>
    <Data><![CDATA[]]></Data>
    <Ementa />
    <Titulo />
    <SubTitulo />
    <Texto><![CDATA[<p class="identifica">PORTARIA Nº 362, DE 27 de fevereiro de 2018</p><p>O EXcelentissimo Sr. dr. JOSÉ WAGNER CAVALCANTE MUNIZ, Presidente do Conselho Regional de Fisioterapia e Terapia ocupacional da 12ª Região, no uso de suas atribuições legais estabelecidas na lei 6.316/75, nas Res.-COFFITO nº 413/2013; Res. Crefito-12 nº 01/13 e Res. Crefito-12 nº 02/2014, aprovada na 415ª Reunião de Diretoria, realizada em 13 de agosto de 2014. CONSIDERANDO o resultado final do concurso público - edital nº 01/2016, homologado pela Resolução-CREFITO12 017/2017. Resolve:</p><p>Art. 1º Nomear a candidata CLÁUDIA CARDOSO SEIXAS, para exercer, em caráter efetivo, o cargo de advogado, lotado no Estado do Pará, de acordo com o resultado do concurso público homologado pela Resolução Crefito12 nº 17/2017. Art. 2º Estabelecer que o candidato nomeado e considerado apto ao exercício do cargo deverá apresentar-se às suas expensas, para a posse e o exercício, desde que cumpridas todas as formalidades legais relativas à documentação de que trata o Edital nº1/2016, notadamente a apresentação original dos documentos enviados. Art.3º. A posse de que trata este artigo dar-se-á no seguinte endereço localizado em Belém, Endereço: Trav. 14 de abril 2093, no bairro: Guamá. Horário de Atendimento 9 às 17 horas.</p><p class="assina">José Wagner Cavalcante Muniz</p>]]></Texto>
  </body>
</article></xml>