﻿<xml><article id="2161016" name="trt9a60-2018 ATO 61" idOficio="4701098" pubName="DO2" artType="Ato" pubDate="21/03/2018" artClass="00038:00048:00000:00000:00000:00000:00000:00000:00000:00000:00001:00001" artCategory="Poder Judiciário/Tribunal Regional do Trabalho da 9ª Região" artSize="8" artNotes="" numberPage="67" pdfPage="http://pesquisa.in.gov.br/imprensa/jsp/visualiza/index.jsp?data=21/03/2018&amp;jornal=529&amp;pagina=67" editionNumber="55" highlight="" idMateria="10582516">
  <body>
    <Identifica><![CDATA[ ATO Nº 61, DE 28 DE FEVEREIRO DE 2018]]></Identifica>
    <Data><![CDATA[]]></Data>
    <Ementa />
    <Titulo />
    <SubTitulo />
    <Texto><![CDATA[<p class="identifica">ATO Nº 61, DE 28 DE FEVEREIRO DE 2018</p><p>A DESEMBARGADORA DO TRABALHO, PRESIDENTE DO TRIBUNAL REGIONAL DO TRABALHO DA 9ª REGIÃO, usando de suas atribuições legais, diante do disposto no art. 25, LV-A, do Regimento Interno e do contido no PRP nº 26/2018, resolve: Art. 1º Conceder, ad referendum do Órgão Especial, aposentadoria ao servidor JOSÉ CARLOS BECKHAUSER, nos termos do art. 3º, da EC nº 47/2005, com proventos integrais ao tempo de contribuição, no montante de R$ R$ 25.326,64 (vinte e cinco mil trezentos e vinte e seis reais e sessenta e quatro centavos), correspondentes à remuneração do cargo efetivo de Analista Judiciário, Área Judiciária, classe C, padrão 13, conforme arts. 12 e 13, da Lei nº 11.416/2006 (Vencimento Servidor Inativo de R$ 7.444,43 e GAJ Cargo Inativo de R$ 9.082,20), acrescidos das seguintes vantagens: a) vantagem pessoal nominalmente identificada - VPNI, equivalente a 10/10 do cargo em comissão de nível CJ-3, no valor de R$ 6.901,68, conforme disposto nos arts. 3º da Lei nº 8.911/1994, 5º da Lei nº 9.624/1998 e 62-A da Lei nº 8.112/1990; b) 18% da gratificação adicional por tempo de serviço - GATS, equivalente a R$ 1.340,00, prevista no art. 67 da Lei nº 8.112/1990; e c) adicional de qualificação - AQ, referente a curso de especialização, no importe de 7,5%, incidente sobre o vencimento básico do cargo efetivo ocupado pelo servidor, à quantia de R$ 558,33, nos termos dos arts. 14, § 5º, e 15, III, da Lei nº 11.416/2006, e art. 6º, III, do Anexo I, da Portaria Conjunta nº 1/2007. Faz jus, ainda, à paridade de vencimentos com o pessoal da ativa, nos termos do parágrafo único do art. 3º da EC nº 47/2005, estendendo-se tal paridade a eventuais pensionistas. Art. 2º Conceder indenização de férias no valor total de R$ 77.364,87, resultante do pagamento indenizado de: a) 20 dias relativos ao exercício de 2016, no valor de R$ 17.853,43; b) 30 dias concernentes ao exercício de 2017, à soma de R$ 26.780,15, e respectivo terço no valor de R$ 8.926,72; c) 8/12 (oito doze avos) referentes ao período aquisitivo de 08/07/2017 a 20/03/2018, no valor de R$ 17.853,43, e respectivo terço no valor de R$ 5.951,14, nos termos do artigo 78, §§ 3º e 4º, da Lei 8.112/1990, c/c o art. 24, caput e § 4º, da Resolução CSJT nº 162/2016. O pagamento, que deverá ocorrer sem a incidência do imposto de renda na fonte e de contribuição previdenciária, nos termos do art. 9º, caput, do Ato TRT9 nº 74/2016, é resultante da base de cálculo composta por: Vencimento Estatutário (R$ 7.444,43), GAJ (R$ 9.082,20), GATS (R$ 1.340,00), AQ - Especialização (R$ 558,33), AQ - Treinamento (R$ 74,44) Função Comissionada Optante - FC-3 (R$ 1.379,07) e VPNI (R$ 6.901,68). Art. 3º Conceder 138 dias de licença-prêmio indenizados, relativos aos quinquênios de 1986/1991 e 1991/1996, não usufruídos e não computados em dobro, para efeitos de abono de permanência e de aposentadoria, no valor de R$ 116.502,54, nos termos da Lei 8.112/1990 (arts. 87 e 88 - redação original) e da Lei nº 9.527/1997 (art.7º), da Resolução CSJT nº 72/2010, dos Acórdãos TCU nos 1.342/2011 e 1.980/2009, ambos do Plenário e da Matéria Administrativa TRT9 nº 00984-2009-909-09-00-7, sem a incidência de imposto de renda e do desconto previdenciário para o PSSS (art. 3º da Resolução CSJT nº 72/2010), resultante da base de cálculo composta por: Vencimento Estatutário (R$ 7.444,43), GAJ (R$ 9.082,20), GATS (R$ 1.340,00), AQ - Especialização (R$ 558,33) e VPNI (R$ 6.901,68). Art. 4º Declarar vago o cargo acima citado, nos termos do inciso VII, art. 33, da Lei n.º 8.112/1990.</p><p class="assina">Des. MARLENE T. FUVERKI SUGUIMATSU</p>]]></Texto>
  </body>
</article></xml>