﻿<xml><article id="2185259" name="108-DIÓGENES E JOSE WALTER-EXO-D" idOficio="4702626" pubName="DO2" artType="Portaria" pubDate="22/03/2018" artClass="00038:00004:00001:00002:00000:00000:00000:00000:00000:00000:00025:00001" artCategory="Poder Judiciário/Superior Tribunal de Justiça/Presidência/Secretaria" artSize="8" artNotes="" numberPage="54" pdfPage="http://pesquisa.in.gov.br/imprensa/jsp/visualiza/index.jsp?data=22/03/2018&amp;jornal=529&amp;pagina=54" editionNumber="56" highlight="" idMateria="10585500">
  <body>
    <Identifica><![CDATA[ PORTARIA Nº 108, DE 2 DE MARÇO DE 2018]]></Identifica>
    <Data><![CDATA[]]></Data>
    <Ementa />
    <Titulo />
    <SubTitulo />
    <Texto><![CDATA[<p class="identifica">PORTARIA Nº 108, DE 2 DE MARÇO DE 2018</p><p>A DIRETORA-GERAL DA SECRETARIA DO SUPERIOR TRIBUNAL DE JUSTIÇA, com base no item 16.2, XI, b, do Manual de Organização e considerando o disposto nos arts. 9º, II, e 35, I e II, da Lei n. 8.112, de 11 de dezembro de 1990, resolve:</p><p>Art. 1º Efetuar as seguintes alterações no Gabinete do Ministro Herman Benjamin:</p><p>I - Exonerar, a pedido, DIÓGENES SERRA AZUL ALBUQUERQUE, matrícula S056760, do cargo em comissão de Assessor A, código CJ-2;</p><p>II - Dispensar JOSÉ WALTER QUEIROZ GALVÃO, matrícula S062191, da função de confiança de Assistente IV, código FC-4;</p><p>III - Nomear JOSÉ WALTER QUEIROZ GALVÃO, matrícula S062191, para o cargo em comissão de Assessor A, código CJ-2, na vaga decorrente da exoneração de Diógenes Serra Azul Albuquerque;</p><p>IV - Designar DIÓGENES SERRA AZUL ALBUQUERQUE, matrícula S056760, para a função de confiança de Assistente IV, código FC-4, na vaga decorrente da dispensa de José Walter Queiroz Galvão.</p><p>Art. 2° Esta portaria entra em vigor na data de sua publicação.</p><p class="assina">Sulamita Avelino Cardoso Marques</p>]]></Texto>
  </body>
</article></xml>