﻿<xml><article id="2011938" name="Ato de Pensão Cláudia Alves" idOficio="4703294" pubName="DO2" artType="Ato" pubDate="13/03/2018" artClass="00038:00067:00068:00006:00001:00000:00000:00000:00000:00000:00001:00001" artCategory="Poder Judiciário/Justiça Federal/1ª Região/Seção Judiciária em Goiás/Diretoria do Foro" artSize="8" artNotes="" numberPage="89" pdfPage="http://pesquisa.in.gov.br/imprensa/jsp/visualiza/index.jsp?data=13/03/2018&amp;jornal=529&amp;pagina=89" editionNumber="49" highlight="" idMateria="10586574">
  <body>
    <Identifica><![CDATA[ ATO Nº 5657433, DE 5 DE MARÇO DE 2018]]></Identifica>
    <Data><![CDATA[]]></Data>
    <Ementa />
    <Titulo />
    <SubTitulo />
    <Texto><![CDATA[<p class="identifica">ATO Nº 5657433, DE 5 DE MARÇO DE 2018</p><p>O DIRETOR DO FORO DA SEÇÃO JUDICIÁRIA DE GOIÁS, no uso de suas atribuições legais e regimentais, notadamente a delegação de competência promovida pela Portaria Presi 255, de 24/06/2015, e tendo em vista o constante nos autos do PAe Sei n. 0008034-41.2017.4.01.8006, resolve:</p><p>CONCEDER PENSÃO VITALÍCIA a MARIA DO SOCORRO ALVES PINTO, genitora da servidora falecida CLÁUDIA ALVES SELF, do Quadro de Pessoal da Justiça Federal de 1ª Instância, Seção Judiciária de Goiás, nos termos do art. 40, § 7º, inciso II, da Constituição Federal, com a redação dada pela Emenda Constitucional 41/2003, c/c o art. 2º, inciso II, parágrafo único, e art. 15 da Lei 10.887/2004, arts. 215, 217, inciso V, da Lei 8.112/90, com a redação dada pela Lei 13.135/2015, a partir de 13/10/2017, data do óbito da ex-servidora.</p><p class="assina">CARLOS ROBERTO ALVES DOS SANTOS</p>]]></Texto>
  </body>
</article></xml>