﻿<xml><article id="2020719" name="SR-PE 1.234 - 2018" idOficio="4707611" pubName="DO2" artType="Portaria" pubDate="13/03/2018" artClass="00031:00024:00101:00000:00000:00000:00000:00000:00000:00000:00025:00001" artCategory="Ministério dos Transportes, Portos e Aviação Civil/Departamento Nacional de Infraestrutura de Transportes/Superintendência Regional em Pernambuco" artSize="8" artNotes="" numberPage="57" pdfPage="http://pesquisa.in.gov.br/imprensa/jsp/visualiza/index.jsp?data=13/03/2018&amp;jornal=529&amp;pagina=57" editionNumber="49" highlight="" idMateria="10594888">
  <body>
    <Identifica><![CDATA[ PORTARIA Nº 1.234, DE 9 DE MARÇO DE 2018]]></Identifica>
    <Data><![CDATA[]]></Data>
    <Ementa />
    <Titulo />
    <SubTitulo />
    <Texto><![CDATA[<p class="identifica">PORTARIA Nº 1.234, DE 9 DE MARÇO DE 2018</p><p>O SUPERINTENDENTE REGIONAL NO ESTADO DE PERNAMBUCO DO DEPARTAMENTO NACIONAL DE INFRAESTRUTURA DE TRANSPORTES - DNIT, em conformidade com as disposições estabelecidas pelo Decreto nº 7.862/2012 de 08 de dezembro de 2012, Portaria nº 08 - GM/MP, de 07 de janeiro de 2013, e pela Orientação Normativa SEGEP nº 01, de 10 de janeiro de 2013, resolve:</p><p>Art. 1º Tornar pública a suspensão do pagamento do beneficiário de pensão, VITOR PACHECO ANTUNES, CPF-703.861.894-63, por motivo de não finalizar o recadastramento anual no mês de aniversário.</p><p>Art. 2º O restabelecimento do pagamento da pensão fica condicionado ao recadastramento mediante comparecimento da pessoa interessada ao Serviço de Gestão de Pessoas, sito à Av.Antonio de Goes, 820 - Pina - Recife/PE, CEP: 51.010.000 ou a qualquer Unidade Local do DNIT/PE, portando a documentação estabelecida nos arts.5º e 6º da ON SEGEP nº 1, publicada no D.O.U de 14 de janeiro de 2013.</p><p>Art. 3º Na hipótese de moléstia grave ou de impossibilidade de locomoção do aposentado e/ou pensionista, deverá ser solicitado visita técnica por meio do telefone (81) 31319622, para comprovação de vida do titular do benefício, ficando o pagamento restabelecido provisoriamente até que seja realizada a visita.</p><p>Art. 4º Esta Portaria entra em vigor na data de sua publicação.</p><p class="assina">CACILDO DE MEDEIROS BRITO CAVALCANTE</p>]]></Texto>
  </body>
</article></xml>