﻿<xml><article id="2021235" name="PORTARIA Nº 648 CGGP SEÇÃO 02" idOficio="4707741" pubName="DO2" artType="Portaria" pubDate="13/03/2018" artClass="00025:00021:00031:06645:00000:00000:00000:00000:00000:00000:00025:00001" artCategory="Ministério do Meio Ambiente/Instituto Brasileiro do Meio Ambiente e dos Recursos Naturais Renováveis/Diretoria de Planejamento, Administração e Logística/Coordenação-Geral de Recursos Humanos" artSize="8" artNotes="" numberPage="3" pdfPage="http://pesquisa.in.gov.br/imprensa/jsp/visualiza/index.jsp?data=13/03/2018&amp;jornal=529&amp;pagina=3" editionNumber="49" highlight="" idMateria="10595010">
  <body>
    <Identifica><![CDATA[ PORTARIA Nº 648, DE 12 DE MARÇO DE 2018]]></Identifica>
    <Data><![CDATA[]]></Data>
    <Ementa />
    <Titulo />
    <SubTitulo />
    <Texto><![CDATA[<p class="identifica">PORTARIA Nº 648, DE 12 DE MARÇO DE 2018</p><p>O COORDENADOR-GERAL DE GESTÃO DE PESSOAS DO INSTITUTO BRASILEIRO DO MEIO AMBIENTE E DOS RECURSOS NATURAIS RENOVÁVEIS - IBAMA, usando da competência que lhe foi atribuída pelo Decreto nº 8.973, de 24 de janeiro de 2017, que aprovou a Estrutura Regimental do IBAMA, publicado no Diário Oficial da União do dia subsequente, pelo art. 55 do Regimento Interno do IBAMA, aprovado pela Portaria nº 14-IBAMA, de 29 de junho de 2017, publicada no Diário Oficial da União do dia subsequente e pela Portaria nº 2.432/2017-DIPLAN/IBAMA, de 22 de novembro de 2017, publicada no Boletim de Serviço nº 11-C de 24 de novembro de 2017, resolve:</p><p>Conceder, em virtude do falecimento do servidor FRANCISCO DAS CHAGAS DE SOUZA MATIAS, matrícula SIAPE nº 0679719, ocupante do cargo de Técnico Administrativo, Classe "S", Padrão III, da Carreira de Especialista em Meio Ambiente do IBAMA, a partir de 26 de fevereiro de 2018, data do óbito, pensão vitalícia a ARLENE NASCIMENTO DE SOUZA, viúva, com fundamento no artigo 40, § 7º, inciso II e § 18, e no artigo 37, inciso XI, da Constituição Federal, com a redação dada pela Emenda Constitucional nº 41, de 19 de dezembro de 2003, combinado com os artigos 2º, inciso II, 5º, e 15, da Lei nº 10.887, de 18 de junho de 2004, e artigos 215, 217, inciso I, e 222, inciso VII, letra "b", da Lei nº 8.112, de 11 de dezembro de 1990, com a redação dada pela Lei nº 13.135, de 17 de junho de 2015. (Processo nº 02005.000728/2018-54)</p><p class="assina">WAGNEL ALVES RODRIGUES</p>]]></Texto>
  </body>
</article></xml>