﻿<xml><article id="2015221" name="10.1. PORTARIA 115.2018 -Nomear " idOficio="4706850" pubName="DO2" artType="Portaria" pubDate="13/03/2018" artClass="00039:00220:00000:00000:00000:00000:00000:00000:00000:00000:00025:00005" artCategory="Entidades de Fiscalização do Exercício das Profissões Liberais/Conselho Regional de Enfermagem do Amazonas" artSize="8" artNotes="" numberPage="89" pdfPage="http://pesquisa.in.gov.br/imprensa/jsp/visualiza/index.jsp?data=13/03/2018&amp;jornal=529&amp;pagina=89" editionNumber="49" highlight="" idMateria="10593613">
  <body>
    <Identifica><![CDATA[ PORTARIA Nº 115, DE 26 DE FEVEREIRO DE 2018]]></Identifica>
    <Data><![CDATA[]]></Data>
    <Ementa />
    <Titulo />
    <SubTitulo />
    <Texto><![CDATA[<p class="identifica">PORTARIA Nº 115, DE 26 DE FEVEREIRO DE 2018</p><p>O Presidente do Conselho Regional de Enfermagem do Amazonas - Coren-AM, conforme o art. 41 do Regimento Interno do Coren-AM, no uso das atribuições legais e regimentais que lhe é conferida pela Lei 5.905/1973 e legislações complementares em vigor, e; CONSIDERANDO a Resolução Cofen nº 425/2012 que dispõe sobre a livre nomeação e exoneração dos servidores em cargos em comissão; CONSIDERANDO a 476ª Reunião Ordinária de Plenário realizada nos dias 02 de janeiro de 2018; CONSIDERANDO a Decisão Coren-AM nº 002/2018 que revoga a Decisão nº 041/2017, que atualiza o organograma do Coren-AM e, constitui novos cargos de provimento efetivo e os de natureza em comissão; resolvem:</p><p>Art. 1º NOMEAR, Katley Anny Machado de Andrade, para exercer o cargo de Assessora de Imprensa do Conselho Regional de Enfermagem do Amazonas; Art.2º Esta portaria entra em vigor na data de sua assinatura, revogadas as disposições em contrário. Dê ciência e cumpra-se. Gabinete do Presidente do Conselho Regional de Enfermagem do Amazonas.</p><p class="assina">Sandro André da Silva Pinto</p><p class="cargo">Presidente do Conselho</p><p class="assina">Cleise Maria de Goes Martins</p><p class="cargo">Secretária do Conselho</p>]]></Texto>
  </body>
</article></xml>