﻿<xml><article id="2025514" name="P10SANTAMARIA27" idOficio="4707922" pubName="DO2" artType="Portaria" pubDate="13/03/2018" artClass="00012:00055:00102:00011:00000:00000:00000:00000:00000:00000:00025:00002" artCategory="Ministério da Fazenda/Secretaria da Receita Federal do Brasil/Superintendência Regional da 10ª Região Fiscal/Delegacia da Receita Federal do Brasil em Santa Maria" artSize="8" artNotes="" numberPage="44" pdfPage="http://pesquisa.in.gov.br/imprensa/jsp/visualiza/index.jsp?data=13/03/2018&amp;jornal=529&amp;pagina=44" editionNumber="49" highlight="" idMateria="10595934">
  <body>
    <Identifica><![CDATA[ PORTARIA Nº 27, DE 12 DE MARÇO DE 2018]]></Identifica>
    <Data><![CDATA[]]></Data>
    <Ementa />
    <Titulo />
    <SubTitulo />
    <Texto><![CDATA[<p class="identifica">PORTARIA Nº 27, DE 12 DE MARÇO DE 2018</p><p>O DELEGADO DA RECEITA FEDERAL DO BRASIL EM SANTA MARIA, usando das atribuições que lhe conferem o art. 340 do Regimento Interno da Secretaria da Receita Federal do Brasil, aprovado pela Portaria MF nº 430, de 09 de outubro de 2017, publicada no DOU de 11 de outubro de 2017, RESOLVE:</p><p>Art. 1º Delegar competência à servidora LUCIANA DE MELLO ARBO, Analista Tributário da Receita Federal do Brasil, matrícula Siapecad nº 00057836, para, no período de 13 a 15 de março de 2018, praticar os atos previstos no artigo 275 do Regimento Interno da Secretaria da Receita Federal do Brasil, aprovado pela Portaria MF nº 430, de 09 de outubro de 2017, tendo em vista a ausência legal e simultânea do titular e da substituta eventual da Agência da Receita Federal do Brasil em Santiago.</p><p>Art. 2º Determinar que, em todos os atos praticados em função da competência ora delegada, sejam mencionados o número e a data desta Portaria.</p><p class="assina">ARAQUEM FERREIRA BRUM</p>]]></Texto>
  </body>
</article></xml>