﻿<xml><article id="2015821" name="P7RF193" idOficio="4706984" pubName="DO2" artType="Portaria" pubDate="13/03/2018" artClass="00012:00055:00099:00000:00000:00000:00000:00000:00000:00000:00025:00007" artCategory="Ministério da Fazenda/Secretaria da Receita Federal do Brasil/Superintendência Regional da 7ª Região Fiscal" artSize="8" artNotes="" numberPage="44" pdfPage="http://pesquisa.in.gov.br/imprensa/jsp/visualiza/index.jsp?data=13/03/2018&amp;jornal=529&amp;pagina=44" editionNumber="49" highlight="" idMateria="10593772">
  <body>
    <Identifica><![CDATA[ PORTARIA Nº 193, DE 9 DE MARÇO DE 2018]]></Identifica>
    <Data><![CDATA[]]></Data>
    <Ementa />
    <Titulo />
    <SubTitulo />
    <Texto><![CDATA[<p class="identifica">PORTARIA Nº 193, DE 9 DE MARÇO DE 2018</p><p>O SUPERINTENDENTE DA RECEITA FEDERAL DO BRASIL - 7ª REGIÃO FISCAL, usando da competência que lhe foi subdelegada pelo artigo 2º, Inciso II da Portaria RFB nº 4.338, de 09 de setembro de 2005, publicada no D.O.U. de 12 de setembro de 2005, e tendo em vista o disposto na Portaria RFB nº 4071 de 02 de maio de 2007, publicada na Edição Extra do DOU de 02 de maio de 2007, resolve:</p><p>Dispensar EXPEDITO ANTÔNIO JÚNIOR, Auditor Fiscal da Receita Federal do Brasil, matrícula SIAPECAD nº 00076319, matrícula SIAPE nº 1304042, da Função Gratificada de Chefe da Seção de Despacho Aduaneiro - SADAD da Alfândega da Receita Federal do Brasil no Porto de Itaguaí (RJ), Código FG-1.</p><p class="assina">MARCUS VINICIUS VIDAL PONTES</p>]]></Texto>
  </body>
</article></xml>