﻿<xml><article id="2020650" name="PORTARIA 2601" idOficio="4707628" pubName="DO2" artType="Portaria" pubDate="13/03/2018" artClass="00026:00034:00187:00424:00000:00000:00000:00000:00000:00000:00025:00002" artCategory="Ministério do Planejamento, Desenvolvimento e Gestão/Secretaria de Gestão de Pessoas/Departamento de Órgãos Extintos e de Gestão de Folha de Pagamento/Superintendência de Administração em Roraima" artSize="8" artNotes="" numberPage="55" pdfPage="http://pesquisa.in.gov.br/imprensa/jsp/visualiza/index.jsp?data=13/03/2018&amp;jornal=529&amp;pagina=55" editionNumber="49" highlight="" idMateria="10594911">
  <body>
    <Identifica><![CDATA[ PORTARIA  Nº 2.601, DE 9 DE MARÇO DE 2018]]></Identifica>
    <Data><![CDATA[]]></Data>
    <Ementa />
    <Titulo />
    <SubTitulo />
    <Texto><![CDATA[<p class="identifica">PORTARIA Nº 2.601, DE 9 DE MARÇO DE 2018</p><p>A SUPERINTENDENTE DE ADMINISTRACAO DO MINISTERIO DO PLANEJAMENTO, DESENVOLVIMENTO E GESTAO NO ESTADO DE RORAIMA - SAMP/RR, no uso de suas atribuições legais que lhe confere a Portaria n 587 de 23 de junho de 2016, do Ministro de Estado do Planejamento, Orçamento e Gestão, publicada no Diário Oficial da União n 120 de 24 de junho de 2016 e competência delegada pelo art. 1, inciso I, alínea K da Portaria n 124 de 26 de fevereiro de 2015, publicada no Diário Oficial da União n 39 de 27 de fevereiro de 2015 do Departamento de Órgãos Extintos, Diretoria de Administração e o Diretor de Planejamento e Gestão da Secretaria-Executiva do Ministério do Planejamento, Orçamento e Gestão, resolve</p><p>Art. 1º Retificar a Portaria nº 764 de 11 junho de 2014, que concedeu Pensão Temporária à ULLISSES CARVALHO GARCIA, na qualidade de filho maior inválido, cota parte 1/6, com habilitação tardia a partir da data da publicação no DOU, com fundamento legal na Lei nº 3.765/1960 e Lei nº 7.284/1984, art.8, incisos I a VI e Lei nº 10.486/02, art. 35/41, beneficiário do ex-militar JOÃO SERRA GARCIA FILHO, matrícula SIAPE nº 0715524, cargo Terceiro Sargento, pertencente ao quadro da Policiais Militares do ex-Território Federal de Roraima, processo nº 16419.000329/2014-11.</p><p>Onde se lê: cota parte 1/6</p><p>leia-se: cota parte 1/2, de acordo com a legislação aplicável.</p><p class="assina">MARIA KATIA CABRAL DA SILVA</p>]]></Texto>
  </body>
</article></xml>