﻿<xml><article id="2023943" name="59.2018 in" idOficio="4707808" pubName="DO2" artType="Portaria" pubDate="13/03/2018" artClass="00011:00051:00000:00000:00000:00000:00000:00000:00000:00000:00025:00001" artCategory="Ministério da Educação/Instituto Benjamin Constant" artSize="8" artNotes="" numberPage="25" pdfPage="http://pesquisa.in.gov.br/imprensa/jsp/visualiza/index.jsp?data=13/03/2018&amp;jornal=529&amp;pagina=25" editionNumber="49" highlight="" idMateria="10595733">
  <body>
    <Identifica><![CDATA[ Portaria nº 59, de 12 de março de 2018]]></Identifica>
    <Data><![CDATA[]]></Data>
    <Ementa />
    <Titulo />
    <SubTitulo />
    <Texto><![CDATA[<p class="identifica">Portaria nº 59, de 12 de março de 2018</p><p>O Diretor-Geral do Instituto Benjamin Constant, em conformidade com as disposições estabelecidas pela Orientação Normativa SEGEP nº 01 de 02 de janeiro de 2017, resolve:</p><p>Restabelecer o pagamento de pensão civil de HENINELE DA SILVA SOUZA, CPF nº 325.386.288-73, matrícula SIAPE nº 6107222, pensionista do Instituidor Marcelino Alves Reigoto, matrícula SIAPE nº 0262956, em virtude do seu comparecimento para realizar o recadastramento anual de 2018.</p><p>Esta portaria entra em vigor na data de sua publicação, com efeitos retroativos a 20/02/2018 (data da suspensão), revogadas as disposições em contrário.</p><p class="assina">JOÃO RICARDO MELO FIGUEIREDO</p>]]></Texto>
  </body>
</article></xml>