﻿<xml><article id="2019904" name="Portaria 2070 Rescindir Contrato" idOficio="4707516" pubName="DO2" artType="Portaria" pubDate="13/03/2018" artClass="00011:00130:00001:00017:00000:00000:00000:00000:00000:00000:00025:00005" artCategory="Ministério da Educação/Universidade Federal do Rio de Janeiro/Reitoria/Pró-Reitoria de Pessoal" artSize="8" artNotes="" numberPage="37" pdfPage="http://pesquisa.in.gov.br/imprensa/jsp/visualiza/index.jsp?data=13/03/2018&amp;jornal=529&amp;pagina=37" editionNumber="49" highlight="" idMateria="10594754">
  <body>
    <Identifica><![CDATA[ PORTARIA Nº 2.070, de 12 de março de 2018]]></Identifica>
    <Data><![CDATA[]]></Data>
    <Ementa />
    <Titulo />
    <SubTitulo />
    <Texto><![CDATA[<p class="identifica">PORTARIA Nº 2.070, de 12 de março de 2018</p><p>O Pró-Reitor de Pessoal, no uso da competência delegada pelo Reitor da Universidade Federal do Rio de Janeiro, através da Portaria nº 956 de 10 de fevereiro de 2017, publicada no Diário Oficial da União de 13 de fevereiro de 2017, resolve:</p><p>Rescindir o contrato de JULIANA SILVA PAVAN como Professor Substituto do(a) Faculdade de Arquitetura e Urbanismo a partir de 06-fevereiro-2018, conforme processo nº. 23079. 028432/16-42.</p><p class="assina">AGNALDO FERNANDES</p>]]></Texto>
  </body>
</article></xml>