﻿<xml><article id="2015308" name="Portaria 669 670 672 674 680" idOficio="4706885" pubName="DO2" artType="Portaria" pubDate="13/03/2018" artClass="00011:00065:00001:00001:00000:00000:00000:00000:00000:00000:00025:00001" artCategory="Ministério da Educação/Instituto Federal de Educação, Ciência e Tecnologia de Goiás/Reitoria/Gabinete" artSize="8" artNotes="" numberPage="27" pdfPage="http://pesquisa.in.gov.br/imprensa/jsp/visualiza/index.jsp?data=13/03/2018&amp;jornal=529&amp;pagina=27" editionNumber="49" highlight="" idMateria="10593633">
  <body>
    <Identifica><![CDATA[ PORTARIAS  DE 9 DE MARÇO DE 2018]]></Identifica>
    <Data><![CDATA[]]></Data>
    <Ementa />
    <Titulo />
    <SubTitulo />
    <Texto><![CDATA[<p></p><p class="identifica">PORTARIAS DE 9 DE MARÇO DE 2018</p><p>O REITOR DO INSTITUTO FEDERAL DE EDUCAÇÃO, CIÊNCIA E TECNOLOGIA DE GOIÁS - IFG, nomeado por Decreto Presidencial de 04 de outubro de 2017, publicado no Diário Oficial da União de 05.10.2017, no uso de suas atribuições legais e regimentais, resolve:</p><p>N° 669 - Considerando o que consta no Memorando nº 31/2018/GAB/ VALPARAÍSO, nomear o servidor LUIZ HENRIQUE DE AZEVEDO OLIVEIRA, ocupante do cargo efetivo de Produtor Cultural, Matrícula SIAPE n° 1942321, para, em substituição, exercer o cargo de Diretor-Geral do Câmpus Valparaíso de Goiás do IFG, Código CD-02, UORG-329, nos períodos de 19 a 28 de março de 2018, em virtude de férias do titular.</p><p>N° 670 - Considerando o que consta no Memorando nº 29/2018/GAB/ APARECIDA/IFG, nomear a servidora LILIANE DIAS ROCHA SILVA, ocupante do cargo efetivo de Assistente em Administração, Matrícula SIAPE nº 2030144, para, em substituição, exercer o cargo de Gerente da Gerência de Pesquisa, Pós-Graduação e Extensão do Câmpus Aparecida de Goiânia do IFG, Código CD-04, UORG-072, no período de 02 a 08 de abril de 2018, em virtude de férias do titular.</p><p>N° 672 - Considerando o que consta no Memorando nº 018/2018/PROEX/IFG, nomear o servidor FABIANO PAIVA VIEIRA, ocupante do cargo efetivo de Professor EBTT, Matrícula SIAPE nº 1844759, para, em substituição, exercer o cargo de Diretor da Diretoria de Ações Profissionais e Tecnológicas da Pró-Reitoria de Extensão do IFG, Código CD-03, UORG-105, no período de 12 a 23 de março de 2018, em virtude de férias da titular.</p><p>N° 674 - I - Considerando o que consta no Processo nº 23721.000127/2018-26, declarar vacância ao cargo de Pedagogo-Área, ocupado pela servidora ALINE ALVES DE ALMEIDA, Matrícula SIAPE nº 2289426, lotada no Câmpus Águas Lindas de Goiás do IFG, a partir de 28.02.2018, conforme previsão legal constante no Artigo 33, Inciso VIII, da Lei nº 8.112/1990.</p><p>II - Declarar vago o cargo.</p><p>N° 680 - I - Considerando o que consta no Memorando nº 02/2018/CPAD/IFG, alterar, a partir de 07.02.2018, a composição da Comissão de Processo Administrativo Disciplinar, designada pela Portaria nº 508, de 17 de março de 2017, publicada no DOU de 20.03.2017, Seção 2, página 25, com última recondução pela Portaria nº 2433, de 17 de novembro de 2017, publicada no DOU de 20.11.2017, Seção 2, página 14, em virtude de posse em cargo público inacumulável da servidora ROSILDA DO CARMO JESUS BRÁS, conforme Processo nº 23372.000099/2018-54;</p><p>II - A referida comissão passa a ser composta pelos servidores MAXMILLIAN LOPES DA SILVA, ocupante do cargo de Assistente em Administração, Matrícula SIAPE nº 1829015, PAULO ROBERTO DE OLIVEIRA, ocupante do cargo de Assistente em Administração, Matrícula SIAPE nº 271323, e ROSILDA DO CARMO DE JESUS BRAS, ocupante do cargo de Administrador, Matrícula SIAPE nº 1786318;</p><p>III - O prazo estabelecido pela Portaria nº 313, de 30 de janeiro de 2018, publicada no DOU de 01.02.2018, Seção 2, página 25, mantém seu curso;</p><p>IV - Esta Portaria entra em vigor na data de sua publicação.</p><p class="assina">JERÔNIMO RODRIGUES DA SILVA</p>]]></Texto>
  </body>
</article></xml>