﻿<xml><article id="2015055" name="PORTARIAS 04 - 2018 - APOS." idOficio="4706861" pubName="DO2" artType="Portaria" pubDate="13/03/2018" artClass="00014:00018:00020:00000:00000:00000:00000:00000:00000:00000:00025:00001" artCategory="Ministério da Integração Nacional/Departamento Nacional de Obras Contra as Secas/Coordenadoria Estadual na Bahia" artSize="8" artNotes="" numberPage="45" pdfPage="http://pesquisa.in.gov.br/imprensa/jsp/visualiza/index.jsp?data=13/03/2018&amp;jornal=529&amp;pagina=45" editionNumber="49" highlight="" idMateria="10593581">
  <body>
    <Identifica><![CDATA[ PORTARIA Nº 4, de 12 DE MARÇO DE 2018]]></Identifica>
    <Data><![CDATA[]]></Data>
    <Ementa />
    <Titulo />
    <SubTitulo />
    <Texto><![CDATA[<p class="identifica">PORTARIA Nº 4, de 12 DE MARÇO DE 2018</p><p>O COORDENADOR ESTADUAL DO DEPARTAMENTO NACIONAL DE OBRAS CONTRA AS SECAS NA BAHIA, usando de competência que lhe foi delegada através da Portaria nº 402/DG/DA/CRH, de 30 de agosto de 2013, publicada no Boletim Administrativo, Edição Extra, da mesma data, e tendo em vista o que consta do Processo , resolve:</p><p>Art. 1º Aposentar, nos termos do Art. 40, § 1º, inciso III, alínea "a", da Constituição Federal de 1988, combinado com o Art 3º da Emenda Constitucional nº 47/2005, a servidora HILDA FERREIRA FERRARI, matricula SIAPE 737136, ocupante do cargo Agente Administrativo, Código 481004, Classe S, Padrão NI-III, pertencente ao Quadro de Pessoal desta Coordenadoria Estadual.</p><p>Art. 2º Declarar vago o referido cargo - código da vaga nº 481004.</p><p>Art. 3º Esta Portaria entra em vigor na data de sua publicação.</p><p class="assina">LUCAS MACIEL LOBÃO VIEIRA</p>]]></Texto>
  </body>
</article></xml>