﻿<xml><article id="2015836" name="Port 201-2018" idOficio="4706985" pubName="DO2" artType="Portaria" pubDate="13/03/2018" artClass="00010:00007:00010:00012:00000:00000:00000:00000:00000:00000:00025:00001" artCategory="Ministério da Defesa/Comando da Marinha/Comando-Geral do Corpo de Fuzileiros Navais/Comando do Pessoal de Fuzileiros Navais" artSize="8" artNotes="ok" numberPage="1" pdfPage="http://pesquisa.in.gov.br/imprensa/jsp/visualiza/index.jsp?data=13/03/2018&amp;jornal=529&amp;pagina=1" editionNumber="49" highlight="" idMateria="10593797">
  <body>
    <Identifica><![CDATA[ PORTARIA Nº 201/CPesFN, DE 6 DE MARÇO DE 2018]]></Identifica>
    <Data><![CDATA[]]></Data>
    <Ementa />
    <Titulo />
    <SubTitulo />
    <Texto><![CDATA[<p class="identifica">PORTARIA Nº 201/CPesFN, DE 6 DE MARÇO DE 2018</p><p>O COMANDANTE DO PESSOAL DE FUZILEIROS NAVAIS, no uso da subdelegação de competência que lhe confere o contido nos incisos XVI e XVII do art. 3º, da Portaria nº 134, de 26JUL2017, do Comandante-Geral do Corpo de Fuzileiros Navais, resolve:</p><p>Art. 1º Consignar para os militares abaixo relacionados a alteração de situação de inatividade e a concessão do benefício de Auxílio-Invalidez, conforme discriminado nos quadros a seguir:</p><p>I) ALTERAÇÃO DE SITUAÇÃO DE INATIVIDADE - De Reformado Por Idade-Limite de Permanência na Reserva Remunerada para Reformado por Invalidez:</p><p /><p></p><table><tr /><tr><td><p>Nº</p></td><td><p>NIP</p></td><td><p>Grad.</p></td><td><p>NOME</p></td><td><p>Data da concessão e documento que consigna o Benefício</p></td></tr><tr><td><p>1</p></td><td><p>70.1351.69</p></td><td><p>1ºSG-Refº-FN-IF</p></td><td><p>VANDERLEI SILVEIRA ALBERT</p></td><td><p>A partir de 16FEV2017 - Termo de Inspeção nº 018.000.5023 de 23JAN2018, da JSD/CPMM.</p></td></tr></table><p /><p></p><table><tr><td><p>Legislação Aplicada: Art. 104, inciso II; Art. 106, inciso II; Art. 108, inciso V; e Art. 110, §§ 1º e 2º alínea b, da Lei nº 6.880, de 09DEZ1980.</p></td></tr></table><p>II)AUXÍLIO-INVALIDEZ:</p><p /><p></p><table><tr /><tr><td><p>Nº</p></td><td><p>NIP</p></td><td><p>Posto/Grad.</p></td><td><p>NOME</p></td><td><p>Data da concessão e documento que consigna o Benefício</p></td></tr><tr><td><p>1</p></td><td><p>69.0424.62</p></td><td><p>SO-Refº-FN-IF</p></td><td><p>LUIZ CARLOS ORTIZ RODRIGUES</p></td><td><p>A partir de 07AGO2015 - Termo de Inspeção nº 016.000.46870 de 01ABR2016, da JRS/HNLA, homologado em 21JUL2016, pela JSD/Com6ºDN.</p></td></tr></table><p /><p></p><table><tr /><tr><td><p>Legislação Aplicada: Art. 2º, inciso I, alínea g, Art. 3º, inciso XV, Art. 11, inciso II, da Medida Provisória nº 2.215-10, de 31AGO2001, regulamentada pelo Decreto nº 4.307, de 18JUL2002 e Lei nº 11.421, de 21DEZ2006, alterada pela Lei 12.702, de 07AGO2012.</p></td></tr></table><p>Art. 2º Esta Portaria entra em vigor na presente data.</p><p class="assina">V. Alte. (FN) JORGE ARMANDO NERY SOARES</p>]]></Texto>
  </body>
</article></xml>