﻿<xml><article id="2017960" name="Port. 363 - afastamento país mar" idOficio="4707234" pubName="DO2" artType="Portaria" pubDate="13/03/2018" artClass="00034:00008:00001:00000:00000:00000:00000:00000:00000:00000:00025:00003" artCategory="Ministério Público da União/Ministério Público do Trabalho/Procuradoria-Geral" artSize="8" artNotes="" numberPage="61" pdfPage="http://pesquisa.in.gov.br/imprensa/jsp/visualiza/index.jsp?data=13/03/2018&amp;jornal=529&amp;pagina=61" editionNumber="49" highlight="" idMateria="10594270">
  <body>
    <Identifica><![CDATA[ Portaria nº 363, de 9 de março de 2018]]></Identifica>
    <Data><![CDATA[]]></Data>
    <Ementa />
    <Titulo />
    <SubTitulo />
    <Texto><![CDATA[<p class="identifica">Portaria nº 363, de 9 de março de 2018</p><p>O PROCURADOR-GERAL DO TRABALHO, no uso de suas atribuições, observados o item "a" do art. 1º da Portaria PGR nº 308, de 28.5.1996, publicada na Seção 2 do DOU de 30.5.1996, tendo em vista decisão prolatada pelo Conselho Superior do Ministério Público do Trabalho no Processo PGEA000008.2018.03.910/0, em sua 192ª Sessão Extraordinária, e cumpridas as exigências da Resolução nº 75/08, resolve:</p><p>Art. 1º Autorizar o afastamento do País e de suas funções institucionais, no período de 19.5.2018 a 2.6.2018, incluído o trânsito, com ônus limitado, do Procurador do Trabalho Marcelo dos Santos Amaral, lotado na PTM de Divinópolis/PRT 3ª Região, para participar do curso "O Trabalho na Era Global: Dumping Social, Previdência e Direitos Humanos", em Roma, Itália.</p><p class="assina">RONALDO CURADO FLEURY</p>]]></Texto>
  </body>
</article></xml>