﻿<xml><article id="2014059" name="Nº 704 - Maria Arlete" idOficio="4706697" pubName="DO2" artType="Portaria" pubDate="13/03/2018" artClass="00031:00002:00658:04233:00000:00000:00000:00000:00000:00000:00025:00001" artCategory="Ministério dos Transportes, Portos e Aviação Civil/Secretaria Executiva/Subsecretaria de Assuntos Administrativos/Coordenação-Geral de Gestão de Pessoas" artSize="8" artNotes="" numberPage="56" pdfPage="http://pesquisa.in.gov.br/imprensa/jsp/visualiza/index.jsp?data=13/03/2018&amp;jornal=529&amp;pagina=56" editionNumber="49" highlight="" idMateria="10593405">
  <body>
    <Identifica><![CDATA[ Portaria Nº 704, DE 6 DE março DE 2018]]></Identifica>
    <Data><![CDATA[]]></Data>
    <Ementa />
    <Titulo />
    <SubTitulo />
    <Texto><![CDATA[<p class="identifica">Portaria Nº 704, DE 6 DE março DE 2018</p><p>O COORDENADOR-GERAL DE GESTÃO DE PESSOAS DO MINISTÉRIO DOS TRANSPORTES, PORTOS E AVIAÇÃO CIVIL, no uso das atribuições que lhe foram subdelegadas pela Portaria/SAAD nº. 202, art. 1°, inciso VII, de 08 de outubro de 2010, publicada no Diário Oficial da União, de 11 de outubro de 2010, resolve:</p><p>Conceder Pensão, nos termos do artigo 217, inciso III, e do artigo 222, inciso VII, alínea b, item 6 da Lei 8.112/1990, com as alterações feitas pela Lei nº 13.135/2015 e do artigo 40, § 7º da C.F. de 1988, com redação dada pela EC nº. 41/2003, bem como os artigos 2° e 15º da Lei nº. 10.887/2004, à MARIA ARLETE FERREIRA DA SILVA, companheira do ex-servidor SEBASTIÃO OLIVEIRA, matrícula SIAPE Nº. 0860934, originário do Extinto Departamento Nacional de Estradas de Rodagem, falecido na inatividade em 21 de fevereiro de 2016, cuja cota parte equivale a 50% (cinquenta por cento) do valor correspondente à remuneração decorrente do cargo de Agente de Serviços de Engenharia (NI) Classe "B", Padrão V, com vigência a partir da data da inclusão, (Habilitação Tardia), alterando-se a partir da presente data a cota do beneficio em nome da Sra. Sebastiana Oliveira, para 50% (cinquenta por cento), em conformidade com o art. 218 da Lei 8.112/90". (Processo SEI nº 50000.023167/2017-73) RN.</p><p class="assina">ROBSON DE SOUZA ANDRADE</p>]]></Texto>
  </body>
</article></xml>