﻿<xml><article id="2025403" name="Portarias 12.03.2018" idOficio="4707871" pubName="DO2" artType="Portaria" pubDate="13/03/2018" artClass="00011:00132:00001:00000:00000:00000:00000:00000:00000:00000:00019:00001" artCategory="Ministério da Educação/Universidade Federal Rural do Rio de Janeiro/Reitoria" artSize="8" artNotes="" numberPage="38" pdfPage="http://pesquisa.in.gov.br/imprensa/jsp/visualiza/index.jsp?data=13/03/2018&amp;jornal=529&amp;pagina=38" editionNumber="49" highlight="" idMateria="10595902">
  <body>
    <Identifica><![CDATA[ PORTARIAS DE 12 DE MARÇO DE 2018]]></Identifica>
    <Data><![CDATA[]]></Data>
    <Ementa />
    <Titulo />
    <SubTitulo />
    <Texto><![CDATA[<p class="identifica">PORTARIAS DE 12 DE MARÇO DE 2018</p><p>O REITOR DA UNIVERSIDADE FEDERAL RURAL DO RIO DE JANEIRO, no uso das atribuições que lhe confere o Artigo 9°, inciso XVII, do Regimento Geral da UFRRJ, resolve:</p><p>Nº 164 I - Declarar vago o cargo de Assistente em Administração, Classe D, Padrão 101, código de vaga n° 867221, ocupado pela servidora JOICE MORAES SCARP, matricula SIAPE n° 2406203, lotada no Departamento de Ciências Administrativas do Instituto de Três Rios, por motivo de posse em cargo incalculável, a contar de 22 de fevereiro de 2018, com amparo legal no inciso VIII, do Artigo 33, Lei 8112, de 11 de dezembro de 1990.</p><p>Processo: 23268.000028/2018-49.</p><p>Nº 171 - dispensar ANTONIO DE AMORIM BRANDÃO Engenheiro Agrônomo, matrícula SIAPE n.º 2306592 da função de Chefe do Setor Financeiro do campus de Campos dos Goytacazes, para a qual foi designado através da Portaria GR n° 1350/2017, FG-0005.</p><p>Processo: 23083.004965/2018-31.</p><p>Nº 172 - designar ELIZABETH FONSECA PROCESSI Zootecnista, matrícula SIAPE n.º 2407826 para exercer a função de Chefe do Setor Financeiro do campus de Campos dos Goytacazes, FG-0005.</p><p>Processo: 23083.004965/2018-31.</p><p>Nº 173 I - Conceder aposentadoria por invalidez permanente com proventos integrais a LEANDRO NASCIMENTO BRITO, matrícula SIAPE n.º 2496993, código de vaga nº 299480, ocupante do cargo de Professor do Magistério Superior, Classe Assistente, Nível "02" em regime de Dedicação Exclusiva, integrante do Quadro de Pessoal desta Universidade, lotado no Departamento de Ciências Econômicas, com fundamento no Art. 40, § 1°, inciso I, da Constituição Federal de 1988, com redação dada pela EC 41/2003.</p><p>II - declarar vago o cargo.</p><p>Processo: 23083.004992/2018-12.</p><p class="assina">RICARDO LUIZ LOURO BERBARA.</p>]]></Texto>
  </body>
</article></xml>