﻿<xml><article id="2036994" name="NOMEAÇÕES MAR3" idOficio="4707100" pubName="DO2" artType="Portaria" pubDate="14/03/2018" artClass="00011:00136:00051:00000:00000:00000:00000:00000:00000:00000:00025:00001" artCategory="Ministério da Educação/Universidade Federal de São Paulo/Pró-Reitoria de Gestão com Pessoas" artSize="8" artNotes="" numberPage="27" pdfPage="http://pesquisa.in.gov.br/imprensa/jsp/visualiza/index.jsp?data=14/03/2018&amp;jornal=529&amp;pagina=27" editionNumber="50" highlight="" idMateria="10593954">
  <body>
    <Identifica><![CDATA[ PORTARIAS DE 5 DE MARÇO DE 2018]]></Identifica>
    <Data><![CDATA[]]></Data>
    <Ementa />
    <Titulo />
    <SubTitulo />
    <Texto><![CDATA[<p class="identifica">PORTARIAS DE 5 DE MARÇO DE 2018</p><p>O PRÓ-REITOR DE GESTÃO COM PESSOAS DA UNIVERSIDADE FEDERAL DE SÃO PAULO, no uso da competência que lhe foi delegada pela Portaria n° 3.474/2017, publicada no D.O.U. de 12/09/2017, usando das atribuições legais e estatutárias e nos termos do Artigo 9º, Inciso I, combinado com o Artigo 10, da Lei 8.112, de 11/12/90, em conformidade com a Lei nº 12.772, de 28/12/2012 com alterações constantes na Lei nº 12.863, de 24/09/2013 e Lei n° 13.325 de 29/07/2016, resolve:</p><p>Nº 754 - Retificar a Portaria n° 4.685 de 29/11/2017, publicado no DOU de 04/12/2017, Seção 2, página 28:</p><p>Onde se lê: [...]homologado pelo Edital nº 493 de 10 de novembro de 2017, publicado no D.O.U. de 16/11/2017, p. 88.</p><p>Leia-se: homologado pelo Edital nº 133 de 19 de abril de 2017, publicado no D.O.U. de 26/04/2017, p. 74.</p><p>Nº 755 - Tornar sem efeito a portaria de nomeação nº 189, de EDUARDA CRISTINA DE MATOS CAMARGO, publicada no D.O.U. de 29/01/2018, Seção 2, página nº 24, em virtude da não aceitação do cargo público.</p><p>Nº 756 - Nomear TIARAJU PABLO D'ANDREA, habilitado em Concurso Público de Provas e Títulos, homologado pelo Edital nº 16 de 15 de janeiro de 2018, publicado no D.O.U. de 22/01/2018, p. 67, para o cargo de Professor Adjunto A Nível I, em regime de 40 (quarenta) horas com Dedicação Exclusiva, código da vaga n° 0929460. Origem da vaga: Portaria MEC n° 321, DOU de 10/04/2014. A posse deverá ocorrer no prazo de 30 (trinta) dias a partir da publicação deste ato.</p><p>Nº 757 - Nomear IVAN CESAR RIBEIRO, habilitado em Concurso Público de Provas e Títulos, homologado pelo Edital nº 69 de 26 de fevereiro de 2018, publicado no D.O.U. de 02/03/2018, p. 122, para o cargo de Professor Adjunto A Nível I, em regime de 40 (quarenta) horas com Dedicação Exclusiva, código da vaga n° 0920278. Origem da vaga: Portaria MEC n°1.181, DOU de 20/09/2012. A posse deverá ocorrer no prazo de 30 (trinta) dias a partir da publicação deste ato.</p><p>Nº 758 - Nomear FERNANDA EMY MATSUDA, habilitado em Concurso Público de Provas e Títulos, homologado pelo Edital nº 70 de 26 de fevereiro de 2018, publicado no D.O.U. de 02/03/2018, p. 122, para o cargo de Professor Adjunto A Nível I, em regime de 40 (quarenta) horas com Dedicação Exclusiva, código da vaga n° 0920275. Origem da vaga: Portaria MEC n°1.181, DOU de 20/09/2012. A posse deverá ocorrer no prazo de 30 (trinta) dias a partir da publicação deste ato.</p><p>Nº 759 - Nomear PEDRO SCHERER DE MELLO ALEIXO, habilitado em Concurso Público de Provas e Títulos, homologado pelo Edital nº 71 de 26 de fevereiro de 2018, publicado no D.O.U. de 02/03/2018, p. 122, para o cargo de Professor Adjunto A Nível I, em regime de 40 (quarenta) horas com Dedicação Exclusiva, código da vaga n° 0920281. Origem da vaga: Portaria MEC n°1.181, DOU de 20/09/2012. A posse deverá ocorrer no prazo de 30 (trinta) dias a partir da publicação deste ato.</p><p>Nº 760 - Nomear LUZIA PEDROSO DE OLIVEIRA, habilitado em Concurso Público de Provas e Títulos, homologado pelo Edital nº 73 de 26 de fevereiro de 2018, publicado no D.O.U. de 02/03/2018, p. 123, para o cargo de Professor Adjunto A Nível I, em regime de 40 (quarenta) horas com Dedicação Exclusiva, código da vaga n° 0674739. Origem da vaga: Aposentadoria de Mara Helena de Andrea Gomes, DOU de 12/05/2014. A posse deverá ocorrer no prazo de 30 (trinta) dias a partir da publicação deste ato.</p><p>Nº 761 - Nomear MAURO YOSHIAKI ENOKIHARA, habilitado em Concurso Público de Provas e Títulos, homologado pelo Edital nº 74 de 26 de fevereiro de 2018, publicado no D.O.U. de 02/03/2018, p. 123, para o cargo de Professor Adjunto A Nível I, em regime de 40 (quarenta) horas, código da vaga n° 0674508. Origem da vaga: Exoneração de Dalva Regina Neto Pimentel, DOU de 11/04/2017. A posse deverá ocorrer no prazo de 30 (trinta) dias a partir da publicação deste ato.</p><p>Nº 762 - Nomear MARILIA MARUFUJI OGAWA, habilitado em Concurso Público de Provas e Títulos, homologado pelo Edital nº 74 de 26 de fevereiro de 2018, publicado no D.O.U. de 02/03/2018, p. 123, para o cargo de Professor Adjunto A Nível I, em regime de 40 (quarenta) horas, código da vaga n° 0674589. Origem da vaga: Aposentadoria de Osmar Rotta, DOU de 02/10/2017. A posse deverá ocorrer no prazo de 30 (trinta) dias a partir da publicação deste ato.</p><p>Nº 763 - Nomear ANAMARIA DA SILVA FACINA, habilitado em Concurso Público de Provas e Títulos, homologado pelo Edital nº 74 de 26 de fevereiro de 2018, publicado no D.O.U. de 02/03/2018, p. 123, para o cargo de Professor Adjunto A Nível I, em regime de 40 (quarenta) horas, código da vaga n° 0641869. Origem da vaga: Aposentadoria de Silmara da Costa Pereira Cestari, DOU de 01/08/2017. A posse deverá ocorrer no prazo de 30 (trinta) dias a partir da publicação deste ato.</p><p>Nº 765 - Nomear ANA PAULA DIAS FRANÇA GUARESCHI, habilitado em Concurso Público de Provas e Títulos, homologado pelo Edital nº 76 de 26 de fevereiro de 2018, publicado no D.O.U. de 02/03/2018, p. 124, para o cargo de Professor Adjunto A Nível I, em regime de 40 (quarenta) horas com Dedicação Exclusiva, código da vaga n° 0674637. Origem da vaga: Aposentadoria de Sonia Regina Pereira, DOU de 02/10/2017. A posse deverá ocorrer no prazo de 30 (trinta) dias a partir da publicação deste ato.</p><p>Nº 766 - Nomear MICHAEL DOS SANTOS BRITO, habilitado em Concurso Público de Provas e Títulos, homologado pelo Edital nº 72 de 26 de fevereiro de 2018, publicado no D.O.U. de 02/03/2018, p. 123, para o cargo de Professor Adjunto A Nível I, em regime de 40 (quarenta) horas com Dedicação Exclusiva, código da vaga n° 0926017. Origem da vaga: Portaria MEC n°437, DOU de 22/05/2013. A posse deverá ocorrer no prazo de 30 (trinta) dias a partir da publicação deste ato.</p><p>Nº 768 - Nomear RACHEL GOUVEIA PASSOS, habilitado em Concurso Público de Provas e Títulos, homologado pelo Edital nº 65 de 26 de fevereiro de 2018, publicado no D.O.U. de 02/03/2018, p. 121, para o cargo de Professor Adjunto A Nível I, em regime de 40 (quarenta) horas com Dedicação Exclusiva, código da vaga n° 0926011. Origem da vaga: Portaria MEC n°437, DOU de 22/05/2013. A posse deverá ocorrer no prazo de 30 (trinta) dias a partir da publicação deste ato.</p><p class="assina">MURCHED OMAR TAHA</p>]]></Texto>
  </body>
</article></xml>