﻿<xml><article id="2020777" name="PORTARIA Nº 45-ESG-MD" idOficio="4707615" pubName="DO2" artType="Portaria" pubDate="13/03/2018" artClass="00010:00026:00000:00000:00000:00000:00000:00000:00000:00000:00025:00002" artCategory="Ministério da Defesa/Escola Superior de Guerra" artSize="8" artNotes="" numberPage="17" pdfPage="http://pesquisa.in.gov.br/imprensa/jsp/visualiza/index.jsp?data=13/03/2018&amp;jornal=529&amp;pagina=17" editionNumber="49" highlight="" idMateria="10594934">
  <body>
    <Identifica><![CDATA[ PORTARIA No 45/DP/ESG, DE 28 DE FEVEREIRO DE 2018]]></Identifica>
    <Data><![CDATA[]]></Data>
    <Ementa />
    <Titulo />
    <SubTitulo />
    <Texto><![CDATA[<p class="identifica">PORTARIA No 45/DP/ESG, DE 28 DE FEVEREIRO DE 2018</p><p>O COMANDANTE DA ESCOLA SUPERIOR DE GUERRA no uso da competência que lhe foi subdelegada pelo Art. 4o, inciso IV, alínea "b", da Portaria no1.839/MD, de 09 de dezembro de 2010, publicada no Diário Oficial da União do dia 10 subsequente, e considerando o disposto no Decreto no7.974, de 1ode abril de 2013, resolve:</p><p>EXONERAR, ALEX CANUTO DE SÁ CUNHA, matrícula SIAPE no1451061, do cargo em comissão de Coordenador, código DAS-101.3, no Núcleo da Escola Superior de Guerra em Brasília, a contar de 1ode março de 2018.</p><p class="assina">General de Exército DÉCIO LUÍS SCHONS</p>]]></Texto>
  </body>
</article></xml>