﻿<xml><article id="2021136" name="DOU 2-RR-2PT-26-UNI-6214_terc780" idOficio="4707714" pubName="DO2" artType="Portaria" pubDate="13/03/2018" artClass="00034:00007:00044:00000:00000:00000:00000:00000:00000:00000:00025:00004" artCategory="Ministério Público da União/Ministério Público Federal/Procuradoria da República no Estado de Roraima" artSize="8" artNotes="" numberPage="61" pdfPage="http://pesquisa.in.gov.br/imprensa/jsp/visualiza/index.jsp?data=13/03/2018&amp;jornal=529&amp;pagina=61" editionNumber="49" highlight="" idMateria="10594992">
  <body>
    <Identifica><![CDATA[ PORTARIA Nº 26, DE 9 DE MARÇO DE 2018]]></Identifica>
    <Data><![CDATA[]]></Data>
    <Ementa />
    <Titulo />
    <SubTitulo />
    <Texto><![CDATA[<p class="identifica">PORTARIA Nº 26, DE 9 DE MARÇO DE 2018</p><p>O PROCURADOR-CHEFE SUBSTITUTO DA PROCURADORIA DA REPÚBLICA NO ESTADO DE RORAIMA, no uso das atribuições que lhe são conferidas pela Portaria PGR nº 1.037, de 27 de setembro de 2017, bem como, pelo artigo 33, inciso II, do Regimento Interno Administrativo do Ministério Público Federal (Portaria SG MPF nº 382, de 05 de maio de 2015); resolve:</p><p>Art. 1º Dispensar o servidor JOSENILDO BEZERRA DE OLIVEIRA, Técnico do MPU/ Apoio Técnico-Administrativo/Administração, matrícula nº 23.212, do encargo de Substituto Eventual do Cargo em Comissão, CC-3, de Coordenador de Administração da Procuradoria da República no Estado de Roraima.</p><p>Art. 2º Designar o servidor NAZARENO NUNES RODRIGUES, Técnico do MPU / Apoio Técnico-Administrativo / Administração, matrícula nº 17.813, para o encargo de Substituto Eventual do Cargo em Comissão, CC-3, de Coordenador de Administração da Procuradoria da República no Estado de Roraima.</p><p>Art. 3º Esta Portaria entra em vigor na data de sua publicação, revogando-se as disposições em contrário.</p><p class="assina">MIGUEL DE ALMEIDA LIMA</p>]]></Texto>
  </body>
</article></xml>