﻿<xml><article id="2025045" name="Atos 396, 397 e 398" idOficio="4707830" pubName="DO2" artType="Ato" pubDate="13/03/2018" artClass="00011:00036:00000:00000:00000:00000:00000:00000:00000:00000:00001:00001" artCategory="Ministério da Educação/Fundação Universidade Federal do Piauí" artSize="8" artNotes="" numberPage="23" pdfPage="http://pesquisa.in.gov.br/imprensa/jsp/visualiza/index.jsp?data=13/03/2018&amp;jornal=529&amp;pagina=23" editionNumber="49" highlight="" idMateria="10595823">
  <body>
    <Identifica><![CDATA[ ATOs de 8 de março de 2018]]></Identifica>
    <Data><![CDATA[]]></Data>
    <Ementa />
    <Titulo />
    <SubTitulo />
    <Texto><![CDATA[<p class="identifica">ATOs de 8 de março de 2018</p><p>A PRÓ-REITORA DE PÓS-GRADUAÇÃO DA UNIVERSIDADE FEDERAL DO PIAUÍ, no exercício da Reitoria, usando de suas atribuições legais; resolve:</p><p>Nº 396 - Autorizar o afastamento de LÍVIO CÉSAR CUNHA NUNES, Professor do Magistério Superior, lotado na Coordenação do curso de Farmácia/CCS, no período de 12.03.2018 a 23.03.2018, para participar do "Empreendedorismo y Creación de Empresa Biotecnológica", junto ao Instituto de Investigaciones Biotecnológicas, Buenos Aires, Argentina. (considerando o Artigo 1º, da Portaria nº. 404/2009, do Ministério da Educação, publicada no D.O.U. de 24.04.2009; o Processo nº 23111.011354/2018-31).</p><p>Nº 397 - Designar JOARA DA SILVA ARAÚJO, Matrícula SIAPE nº. 2271900, para exercer a Função Gratificada FG-04, de Secretaria Administrativa, da Superintendência de Tecnologia da Informação. (considerando o Processo n°. 23111.011259/2018-74).</p><p>Nº 398 - Nomear em caráter efetivo, de acordo com os artigos 9º, 10, 13 e 20, com seus incisos e parágrafos aplicáveis à espécie da Lei nº. 8.112/90, de 11.12.90, com as alterações da Lei nº. 9.527, de 10.12.97 e do artigo 6º, da Emenda Constitucional nº. 19, de 04.06.98, LOUISE MELO DE SOUZA OLIVEIRA, para o cargo de Técnico de Laboratório/Biologia, Classe D, Padrão 1, Nível 1, com lotação no Departamento de Engenharia Agrícola e Solos/CCA, Código de Vaga nº. 0966117. A posse ocorrerá no prazo de até 30 (trinta) dias contados da publicação deste Ato no Diário Oficial da União. (considerando o Parecer de Força Executória DMSM n° 29/2017 - PF/PI; Processo Judicial n°. 0005183-87.2015.4.01.4000; os Decretos 6.944, de 21.08.2009, D.O.U. de 24.08.2009; 7.232 de 19.07.2010, D.O.U. de 20.07.2010 e Portaria Ministerial 1620/2011, de 18.11.2011, publicada no D.O.U. de 21.11.2011, Seção 1, página 68; o Edital n°. 07/2014 - UFPI, publicado no D.O.U. de 07.04.2014; a Homologação pelo AR nº 1298/2014, de 14.12.2015, de 01.07.2014, publicado no D.O.U. de 02.07.2014, Seção 1, páginas 32 e 33; o Processos nº. 23111.011234/2018-70).</p><p class="assina">REGINA LÚCIA FERREIRA GOMES</p>]]></Texto>
  </body>
</article></xml>