﻿<xml><article id="2019913" name="Portaria 2120 e 2121 Retificar P" idOficio="4707516" pubName="DO2" artType="Portaria" pubDate="13/03/2018" artClass="00011:00130:00001:00017:00000:00000:00000:00000:00000:00000:00025:00001" artCategory="Ministério da Educação/Universidade Federal do Rio de Janeiro/Reitoria/Pró-Reitoria de Pessoal" artSize="8" artNotes="" numberPage="37" pdfPage="http://pesquisa.in.gov.br/imprensa/jsp/visualiza/index.jsp?data=13/03/2018&amp;jornal=529&amp;pagina=37" editionNumber="49" highlight="" idMateria="10594757">
  <body>
    <Identifica><![CDATA[ PORTARIAs de 12 de março de 2018]]></Identifica>
    <Data><![CDATA[]]></Data>
    <Ementa />
    <Titulo />
    <SubTitulo />
    <Texto><![CDATA[<p class="identifica">PORTARIAs de 12 de março de 2018</p><p>O Pró-Reitor de Pessoal, no uso da competência delegada pelo Reitor da Universidade Federal do Rio de Janeiro, através da Portaria nº 956 de 10 de fevereiro de 2017, publicada no Diário Oficial da União de 13 de fevereiro de 2017, resolve:</p><p>Nº 2.120 Retifica a portaria nº 1929, de 07 de março de 2018, publicada no DOU nº 46, de 08 de março de 2018, considerando que a classe a correta do professor RAFAEL NIGRI ROIZENBLIT, da Faculdade de Odontologia é Assistente A, conforme consta no processo nº 23079.062263/17-51</p><p>Nº 2.121 Retifica a portaria nº 1929, de 07 de março de 2018, publicada no DOU nº 46, de 08 de março de 2018, considerando que a classe a correta do professor INGRID ISIS NOGUEIRA SIMOES, da Faculdade de Odontologia é Auxiliar com Especialização, conforme consta no processo nº 23079.061771/17-11</p><p class="assina">AGNALDO FERNANDES</p>]]></Texto>
  </body>
</article></xml>