﻿<xml><article id="2024945" name="RETIFICAÇÃO_PT_212_e_213_AISA" idOficio="4707821" pubName="DO2" artType="Retificação" pubDate="13/03/2018" artClass="00017:00002:00000:00000:00000:00000:00000:00000:00000:00000:00025:00005" artCategory="Ministério da Saúde/Secretaria Executiva" artSize="8" artNotes="" numberPage="46" pdfPage="http://pesquisa.in.gov.br/imprensa/jsp/visualiza/index.jsp?data=13/03/2018&amp;jornal=529&amp;pagina=46" editionNumber="49" highlight="" idMateria="10595752">
  <body>
    <Identifica><![CDATA[ RETIFICAÇÃO ]]></Identifica>
    <Data><![CDATA[]]></Data>
    <Ementa />
    <Titulo />
    <SubTitulo />
    <Texto><![CDATA[<p class="identifica">RETIFICAÇÃO</p><p>Nas Portarias/SE/MS nº 212 e nº 213, ambas de 9 de março de 2018, publicadas no Diário Oficial da União nº 48, de 12 de março de 2018, Seção 2, página 41, onde se lê: "PORTARIA Nº 213 DE 9 DE MARÇO DE 2018", leia-se: "PORTARIAS DE 9 DE MARÇO DE 2018".</p>]]></Texto>
  </body>
</article></xml>