﻿<xml><article id="2114007" name="Portaria 37-2018" idOficio="4707469" pubName="DO2" artType="Portaria" pubDate="19/03/2018" artClass="00038:00036:00001:00000:00000:00000:00000:00000:00000:00000:00025:00001" artCategory="Poder Judiciário/Tribunal Regional Eleitoral de São Paulo/Presidência" artSize="8" artNotes="" numberPage="72" pdfPage="http://pesquisa.in.gov.br/imprensa/jsp/visualiza/index.jsp?data=19/03/2018&amp;jornal=529&amp;pagina=72" editionNumber="53" highlight="" idMateria="10594677">
  <body>
    <Identifica><![CDATA[PORTARIA Nº 37, DE 23 DE FEVEREIRO DE 2018]]></Identifica>
    <Data><![CDATA[]]></Data>
    <Ementa />
    <Titulo />
    <SubTitulo />
    <Texto><![CDATA[<p class="identifica">PORTARIA Nº 37, DE 23 DE FEVEREIRO DE 2018</p><p>O PRESIDENTE DO TRIBUNAL REGIONAL ELEITORAL DE SÃO PAULO, no uso das atribuições regimentais e considerando o que consta do PAD nº 406/2018; resolve:</p><p>Art. 1º Conceder aposentadoria voluntária, com proventos integrais, ao servidor José Mauro da Silva Tescer, ocupante do cargo efetivo de Analista Judiciário, Área de Apoio Especializado, Especialidade Medicina, Classe C, Padrão 13, nos termos do artigo 3º da Emenda Constitucional n. 47, de 5 de julho de 2005.</p><p>Art. 2º Esta portaria entrará em vigor na data de sua publicação no Diário Oficial da União.</p><p class="assina">CARLOS EDUARDO CAUDURO PADIN</p>]]></Texto>
  </body>
</article></xml>