﻿<xml><article id="2021501" name="PT 50 SOGP MOSSORÓ" idOficio="4707766" pubName="DO2" artType="Portaria" pubDate="13/03/2018" artClass="00022:00029:00237:00026:03063:00000:00000:00000:00000:00000:00025:00002" artCategory="Ministério do Desenvolvimento Social/Instituto Nacional do Seguro Social/Superintendência Regional Nordeste em Recife/Gerência Executiva - B - em Mossoró/Seção Operacional  de Gestão de Pessoas" artSize="8" artNotes="" numberPage="52" pdfPage="http://pesquisa.in.gov.br/imprensa/jsp/visualiza/index.jsp?data=13/03/2018&amp;jornal=529&amp;pagina=52" editionNumber="49" highlight="" idMateria="10595085">
  <body>
    <Identifica><![CDATA[ PORTARIA Nº 50, de 8 de março de 2018]]></Identifica>
    <Data><![CDATA[]]></Data>
    <Ementa />
    <Titulo />
    <SubTitulo />
    <Texto><![CDATA[<p class="identifica">PORTARIA Nº 50, de 8 de março de 2018</p><p>A Chefe da Seção Operacional da Gestão de Pessoas da Gerência Executiva do INSS em Mossoró/RN, no uso das atribuições que lhe confere o artigo 235, item I, alínea b, do Regimento Interno do INSS, aprovado pela Portaria MDS/GM Nº. 414, de 28/09/2017, publicada no DOU Nº. 188-A, de 29/09/2017, que aprova o Regimento interno do INSS, RESOLVE:</p><p>Conceder Aposentadoria Voluntária integral ao servidor José Maria Josino Medeiros, matrícula nº 0451267, ocupante do cargo de Técnico do Seguro Social, código 434550, classe S, padrão IV, do quadro de pessoal do INSS, com fundamento no art. 3º da Emenda Constitucional nº 47, de 5 de julho de 2005, observado o contido no Processo nº 35238.000036/2018-21, declarando, em consequência, o referido cargo vago.</p><p class="assina">CONCESÇA GOMES GREGÓRIO DA SILVA</p>]]></Texto>
  </body>
</article></xml>