﻿<xml><article id="2021020" name="Portarias 246 e 250 de 12.03.201" idOficio="4707687" pubName="DO2" artType="Portaria" pubDate="13/03/2018" artClass="00011:00142:00000:00000:00000:00000:00000:00000:00000:00000:00025:00002" artCategory="Ministério da Educação/Universidade da Integração Internacional da Lusofonia Afro-Brasileira" artSize="8" artNotes="" numberPage="41" pdfPage="http://pesquisa.in.gov.br/imprensa/jsp/visualiza/index.jsp?data=13/03/2018&amp;jornal=529&amp;pagina=41" editionNumber="49" highlight="" idMateria="10594949">
  <body>
    <Identifica><![CDATA[ PORTARIAS DE 12 DE MARÇO DE 2018]]></Identifica>
    <Data><![CDATA[]]></Data>
    <Ementa />
    <Titulo />
    <SubTitulo />
    <Texto><![CDATA[<p class="identifica">PORTARIAS DE 12 DE MARÇO DE 2018</p><p>O REITOR PRO TEMPORE DA UNIVERSIDADE DA INTEGRAÇÃO INTERNACIONAL DA LUSOFONIA AFRO-BRASILEIRA, no uso de suas atribuições legais e de acordo com a Lei nº 12.289, de 20 de julho de 2010, a Portaria nº 282, de 06 de março de 2017, publicada no DOU de 07 de março de 2017, do Ministério da Educação, resolve,</p><p>Nº 246 Art.1º Designar o servidor SAMUEL ANTONIO AZEVEDO OLIVEIRA, matrícula SIAPE nº 2265755, para assumir a função de Chefe do Serviço de Classificação Contábil, código FG-03, vinculado à Divisão de Execução Financeira da Coordenação Financeira. (Processo nº 23282.002698/2018-56)</p><p>Art. 2º Esta portaria conta seus efeitos a partir de sua publicação.</p><p>Nº 250 Art.1º Designar a servidora TECLA LORENA ALBUQUERQUE SILVA, matrícula SIAPE nº 1963894, para assumir a função de Chefe da Secretaria da Pró-Reitoria de Administração, código FG-01. (Processo nº 23282.002695/2018-40)</p><p>Art. 2º Esta portaria conta seus efeitos a partir de sua publicação.</p><p class="assina">Anastácio de Queiroz Sousa</p>]]></Texto>
  </body>
</article></xml>