﻿<xml><article id="2025108" name="Atos de 12.03" idOficio="4707835" pubName="DO2" artType="Ato" pubDate="13/03/2018" artClass="00011:00043:00000:00000:00000:00000:00000:00000:00000:00000:00001:00001" artCategory="Ministério da Educação/Fundação Universidade Federal do Tocantins" artSize="8" artNotes="" numberPage="25" pdfPage="http://pesquisa.in.gov.br/imprensa/jsp/visualiza/index.jsp?data=13/03/2018&amp;jornal=529&amp;pagina=25" editionNumber="49" highlight="" idMateria="10595828">
  <body>
    <Identifica><![CDATA[ ATOS DE 12 DE MARÇO DE 2018]]></Identifica>
    <Data><![CDATA[]]></Data>
    <Ementa />
    <Titulo />
    <SubTitulo />
    <Texto><![CDATA[<p class="identifica">ATOS DE 12 DE MARÇO DE 2018</p><p>O REITOR DA FUNDAÇÃO UNIVERSIDADE FEDERAL DO TOCANTINS, designado pelo Decreto Presidencial de 08 de setembro de 2017, publicado no DOU Nº 174, de 11 de setembro de 2017, seção 2, pág. 01, resolve:</p><p>Nº 88 - AUTORIZAR a prorrogação do contrato do senhor ROSIELSON SOARES DE SOUSA, até 15/09/2018, como professor substituto, lotado no curso de pedagogia, no Câmpus de Palmas, no regime de trabalho de 20 (vinte) horas semanais. (Processo: 23101.001181/2017-13).</p><p>Nº 89 - Art. 1º - Nomear VINICIUS HIDALGO PEDRONI - que obteve a 2ª colocação na vaga 2017.1/PMS/0032 no Concurso Público objeto do Edital nº 001/2017, publicado no DOU de 08/09/2017, e tendo o resultado final homologado através do Edital n° 010/2017, publicado no DOU de 20/12/2017 - para o cargo efetivo de Professor do Magistério Superior, com regime de trabalho de Dedicação Exclusiva, no curso de Pedagogia, com lotação na cidade de Arraias, código de vaga n° 925478, do Quadro de Pessoal Permanente da Fundação Universidade Federal do Tocantins. Código de Vaga liberado pela portaria MEC nº 437, publicada no DOU de 23/05/2013.</p><p>Art. 2º - A posse deverá ocorrer no prazo máximo de 30 (trinta) dias, contados da publicação deste Ato no Diário Oficial da União, conforme art. 13, §1° da Lei 8.112/90.</p><p>Nº 90 - AUTORIZAR a prorrogação do contrato do senhor DAVI MACHADO PEREZ, até 22/09/2018, como professor substituto, lotado no Curso de Serviço Social, no Câmpus de Miracema, no regime de trabalho de 40 (quarenta) horas semanais. (Processo:23101.004714/2017-19).</p><p>Nº 91 - Art. 1º - Nomear EDUARDO PINTO GOMES - que obteve a 5ª colocação na vaga 2016.1/PMS/0010 no Concurso Público objeto do Edital nº 001/2016, publicado no DOU de 03/02/2016, e tendo o resultado final homologado através do Edital n° 007/2016, publicado no DOU de 06/05/2016 - para o cargo efetivo de Professor do Magistério Superior, com regime de trabalho de 20 horas semanais, no curso de Medicina, com lotação na cidade de Araguaína, código de vaga n° 931211, do Quadro de Pessoal Permanente da Fundação Universidade Federal do Tocantins. Código de Vaga liberado pela portaria MEC nº 805, publicada no DOU de 11/08/2015.</p><p>Art. 2º - A posse deverá ocorrer no prazo máximo de 30 (trinta) dias, contados da publicação deste Ato no Diário Oficial da União, conforme art. 13, §1° da Lei 8.112/90.</p><p>Nº 92 - AUTORIZAR a prorrogação do contrato do senhor CRISTIANO PIMENTEL CRUZ, até 02/09/2018, como professor substituto, lotado no Curso de Letras-Libras, no Câmpus de Porto Nacional, no regime de trabalho de 40 (quarenta) horas semanais. (Processo: 23101.004605/2017-93).</p><p class="assina">LUÍS EDUARDO BOVOLATO</p>]]></Texto>
  </body>
</article></xml>