﻿<xml><article id="2025508" name="P10RF275e276" idOficio="4707922" pubName="DO2" artType="Portaria" pubDate="13/03/2018" artClass="00012:00055:00102:00000:00000:00000:00000:00000:00000:00000:00025:00001" artCategory="Ministério da Fazenda/Secretaria da Receita Federal do Brasil/Superintendência Regional da 10ª Região Fiscal" artSize="8" artNotes="" numberPage="44" pdfPage="http://pesquisa.in.gov.br/imprensa/jsp/visualiza/index.jsp?data=13/03/2018&amp;jornal=529&amp;pagina=44" editionNumber="49" highlight="" idMateria="10595913">
  <body>
    <Identifica><![CDATA[ PORTARIAS DE 12 DE MARÇO DE 2018]]></Identifica>
    <Data><![CDATA[]]></Data>
    <Ementa />
    <Titulo />
    <SubTitulo />
    <Texto><![CDATA[<p class="identifica">PORTARIAS DE 12 DE MARÇO DE 2018</p><p>O SUPERINTENDENTE DA RECEITA FEDERAL DO BRASIL DA 10ª REGIÃO FISCAL, usando da competência que lhe foi subdelegada pela Portaria RFB nº 4.338, de 09/09/05, publicada no DOU de 12/09/05, e convalidada pela Portaria RFB nº 4.071, de 02/05/07, resolve:</p><p>Nº 275 Designar NEIVA MARIA SCHMIDT, Analista-Tributário da Receita Federal do Brasil, matrícula Siapecad nº 87478, para exercer a Função Gratificada de Agente da Receita Federal do Brasil em Carazinho, jurisdição da Delegacia da Receita Federal do Brasil em Passo Fundo (RS), Código FG-1.</p><p>Nº 276 Dispensar NEIVA MARIA SCHMIDT, Analista-Tributário da Receita Federal do Brasil, matrícula Siapecad nº 87478, da Função Gratificada de Chefe de Equipe de Atendimento ao Contribuinte - EAT, da Agência da Receita Federal do Brasil em Carazinho, jurisdição da Delegacia da Receita Federal do Brasil em Passo Fundo (RS), Código FG-3.</p><p class="assina">LUIZ FERNANDO LORENZI</p>]]></Texto>
  </body>
</article></xml>