﻿<xml><article id="2020102" name="PORTARIA Nº 134-2018 Designação " idOficio="4707534" pubName="DO2" artType="Portaria" pubDate="13/03/2018" artClass="00011:00127:00001:00001:00000:00000:00000:00000:00000:00000:00025:00001" artCategory="Ministério da Educação/Universidade Federal do Recôncavo da Bahia/Reitoria/Gabinete do Reitor" artSize="8" artNotes="" numberPage="37" pdfPage="http://pesquisa.in.gov.br/imprensa/jsp/visualiza/index.jsp?data=13/03/2018&amp;jornal=529&amp;pagina=37" editionNumber="49" highlight="" idMateria="10594779">
  <body>
    <Identifica><![CDATA[ PORTARIA Nº 134, DE 8 DE MARÇO DE 2018]]></Identifica>
    <Data><![CDATA[]]></Data>
    <Ementa />
    <Titulo />
    <SubTitulo />
    <Texto><![CDATA[<p class="identifica">PORTARIA Nº 134, DE 8 DE MARÇO DE 2018</p><p>O REITOR DA UNIVERSIDADE FEDERAL DO RECÔNCAVO DA BAHIA, no uso de suas atribuições legais e estatutárias, de acordo com Art. 9º, inciso II, da Lei nº 8.112/90, resolve:</p><p>Designar a Professora LIDYANNE YURIKO SALEME AONA, SIAPE nº 1585063, para exercer a função de Coordenadora pro-tempore do Colegiado de Mestrado em Recursos Genéticos Vegetais, FUC-0001, do CCAAB, desta Universidade.</p><p class="assina">SILVIO LUIZ DE OLIVEIRA SOGLIA</p>]]></Texto>
  </body>
</article></xml>