﻿<xml><article id="2016138" name="PORTARIA Nº 152, DE 06 MARÇO DE " idOficio="4707020" pubName="DO2" artType="Portaria" pubDate="13/03/2018" artClass="00030:00001:00000:00000:00000:00000:00000:00000:00000:00000:00025:00001" artCategory="Ministério dos Direitos Humanos/Gabinete da Ministra" artSize="8" artNotes="" numberPage="55" pdfPage="http://pesquisa.in.gov.br/imprensa/jsp/visualiza/index.jsp?data=13/03/2018&amp;jornal=529&amp;pagina=55" editionNumber="49" highlight="" idMateria="10593863">
  <body>
    <Identifica><![CDATA[ PORTARIA Nº 152, DE 6 MARÇO DE 2018]]></Identifica>
    <Data><![CDATA[]]></Data>
    <Ementa />
    <Titulo />
    <SubTitulo />
    <Texto><![CDATA[<p class="identifica">PORTARIA Nº 152, DE 6 MARÇO DE 2018</p><p>O MINISTRO DE ESTADO DOS DIREITOS HUMANOS, INTERINO, no uso de suas atribuições legais e considerando o disposto no art. 3° do Decreto n° 8.821, de 26 de julho de 2016, o inciso II do art. 71 da Lei nº 13.502, de 1º de novembro de 2017, o Decreto n° 9.122, de 09 de agosto de 2017, e a Portaria nº 338 de 13 de setembro de 2017, resolve:</p><p>Nomear WILLIAN SILVA DA CRUZ para exercer o cargo de Assistente da Coordenação da Secretaria-Executiva dos Conselhos deste Ministério, código DAS 102.2.</p><p class="assina">GUSTAVO DO VALE ROCHA</p>]]></Texto>
  </body>
</article></xml>