﻿<xml><article id="2014227" name="Portaria SEI 529- Nomeação de Ma" idOficio="4706709" pubName="DO2" artType="Portaria" pubDate="13/03/2018" artClass="00011:00140:00001:00026:00000:00000:00000:00000:00000:00000:00025:00001" artCategory="Ministério da Educação/Universidade Federal de Uberlândia/Reitoria/Pró-Reitoria de Gestão de Pessoas" artSize="24" artNotes="" numberPage="40" pdfPage="http://pesquisa.in.gov.br/imprensa/jsp/visualiza/index.jsp?data=13/03/2018&amp;jornal=529&amp;pagina=40" editionNumber="49" highlight="" idMateria="10593439">
  <body>
    <Identifica><![CDATA[ PORTARIA Nº 529, DE 12 DE MARÇO DE 2018]]></Identifica>
    <Data><![CDATA[]]></Data>
    <Ementa />
    <Titulo />
    <SubTitulo />
    <Texto><![CDATA[<p class="identifica">PORTARIA Nº 529, DE 12 DE MARÇO DE 2018</p><p>O PRÓ-REITOR DE GESTÃO DE PESSOAS DA UNIVERSIDADE FEDERAL DE UBERLÂNDIA, no uso da competência delegada pela Portaria R nº. 95, de 05 de janeiro de 2017, publicada no Diário Oficial da União em 09 de janeiro de 2017, considerando os termos do Artigo 9º, Inciso I, combinado com o Artigo 10º, da Lei nº 8.112, de 11 de dezembro de 1990, em conformidade com a Lei nº. 11.091, de 12 de janeiro de 2005, alterada pela Lei nº. 11.233, de 22 de dezembro de 2005 e o que dispõe o Decreto nº. 7.232, de 19 de julho de 2010, publicado no Diário Oficial da União de 20 de julho de 2010, resolve:</p><p>Art. 1º Nomear, sob o Regime Jurídico da Lei nº. 8.112/90, no nível de Capacitação I, Padrão de Vencimento 01, o(s) candidato(s) abaixo relacionado(s), habilitado(s) em Concurso Público:</p><p></p><table><tr /><tr><td><p>Class.</p></td><td><p>Cota</p></td><td><p>Nome</p></td><td><p>Cód. Vaga/Origem</p></td><td><p>Edital Concurso</p></td><td><p>Edital Homologação</p></td><td><p>Processo</p></td><td><p>Cargo</p></td><td><p>Classe</p></td><td><p>Regime de Trabalho</p></td><td><p>Cidade</p></td></tr><tr><td><p>1</p></td><td><p>Pessoas com Deficiência</p></td><td><p>LUANA MARQUES SANTOS</p></td><td><p>255211 - Redistribuição MEC (tr.)</p></td><td><p>Nº 46, DOU 10/08/2017</p></td><td><p>Nº 10, DOU 12/01/2018</p></td><td><p>23117.000482/2017-42</p></td><td><p>Auxiliar de Saúde</p></td><td><p>C</p></td><td><p>40 horas semanais</p></td><td><p>Uberlândia</p></td></tr><tr><td><p>22</p></td><td><p>Ampla Concorrência</p></td><td><p>SÂMIA SOUZA CARVALHO</p></td><td><p>323630 - Aposentadoria</p></td><td><p>nº 29, DOU 20/06/2017</p></td><td><p>nº 27, DOU 10/10/2017</p></td><td><p>23117.012824/2017-77</p></td><td><p>Assistente em Administração</p></td><td><p>D</p></td><td><p>40 horas semanais</p></td><td><p>Uberlândia</p></td></tr><tr><td><p>23</p></td><td><p>Ampla Concorrência</p></td><td><p>ANDRESSA ROCHA CAMPOS</p></td><td><p>701340 - Redistribuição MEC</p></td><td><p>nº 29, DOU 20/06/2017</p></td><td><p>nº 27, DOU 10/10/2017</p></td><td><p>23117.012824/2017-77</p></td><td><p>Assistente em Administração</p></td><td><p>D</p></td><td><p>40 horas semanais</p></td><td><p>Uberlândia</p></td></tr><tr><td><p>24</p></td><td><p>Ampla Concorrência</p></td><td><p>ANDRE FERREIRA POZZER</p></td><td><p>323627 - Aposentadoria</p></td><td><p>nº 29, DOU 20/06/2017</p></td><td><p>nº 27, DOU 10/10/2017</p></td><td><p>23117.012824/2017-77</p></td><td><p>Assistente em Administração</p></td><td><p>D</p></td><td><p>40 horas semanais</p></td><td><p>Uberlândia</p></td></tr><tr><td><p>25</p></td><td><p>Ampla Concorrência</p></td><td><p>GABRIELA APARECIDA DOS REIS</p></td><td><p>901902 - Exoneração</p></td><td><p>nº 29, DOU 20/06/2017</p></td><td><p>nº 27, DOU 10/10/2017</p></td><td><p>23117.012824/2017-77</p></td><td><p>Assistente em Administração</p></td><td><p>D</p></td><td><p>40 horas semanais</p></td><td><p>Uberlândia</p></td></tr><tr><td><p>26</p></td><td><p>Ampla Concorrência</p></td><td><p>FELIPE GOMIDE OLIVEIRA SANTANA</p></td><td><p>322178 - Aposentadoria</p></td><td><p>nº 29, DOU 20/06/2017</p></td><td><p>nº 27, DOU 10/10/2017</p></td><td><p>23117.012824/2017-77</p></td><td><p>Assistente em Administração</p></td><td><p>D</p></td><td><p>40 horas semanais</p></td><td><p>Uberlândia</p></td></tr><tr><td><p>27</p></td><td><p>Ampla Concorrência</p></td><td><p>LUIZ FERNANDO NASCENTES CAMPOS</p></td><td><p>319649 - Aposentadoria</p></td><td><p>nº 29, DOU 20/06/2017</p></td><td><p>nº 27, DOU 10/10/2017</p></td><td><p>23117.012824/2017-77</p></td><td><p>Assistente em Administração</p></td><td><p>D</p></td><td><p>40 horas semanais</p></td><td><p>Uberlândia</p></td></tr><tr><td><p>7</p></td><td><p>Ampla Concorrência</p></td><td><p>JESSICA PEREIRA E MOREIRA</p></td><td><p>702927 - Redistribuição MEC</p></td><td><p>nº 29, DOU 20/06/2017</p></td><td><p>nº 27, DOU 10/10/2017</p></td><td><p>23117.012824/2017-77</p></td><td><p>Assistente em Administração</p></td><td><p>D</p></td><td><p>40 horas semanais</p></td><td><p>Uberlândia</p></td></tr><tr><td><p>8</p></td><td><p>Ampla Concorrência</p></td><td><p>POLIANA DE CASSIA FRANCO E SILVA</p></td><td><p>321107 - Aposentadoria</p></td><td><p>nº 29, DOU 20/06/2017</p></td><td><p>nº 27, DOU 10/10/2017</p></td><td><p>23117.012824/2017-77</p></td><td><p>Assistente em Administração</p></td><td><p>D</p></td><td><p>40 horas semanais</p></td><td><p>Uberlândia</p></td></tr><tr><td><p>22</p></td><td><p>Ampla Concorrência</p></td><td><p>FELIPE MAGELA MEDEIROS ALVES</p></td><td><p>323622 - Aposentadoria</p></td><td><p>nº 52, DOU 10/08/2016</p></td><td><p>nº. 127, DOU 19/12/2016</p></td><td><p>23117.011463/2017-41</p></td><td><p>Técnico em Enfermagem</p></td><td><p>D</p></td><td><p>40 horas semanais</p></td><td><p>Uberlândia</p></td></tr><tr><td><p>27</p></td><td><p>Ampla Concorrência</p></td><td><p>VIVIA FERREIRA DA SILVA</p></td><td><p>320024 - Aposentadoria - Processo Judicial N° 0015661-03.2014.4.01.3803 - 2ª Vara Federal Subseção Judiciária de Uberlândia</p></td><td><p>nº 133, DOU 16/10/2013</p></td><td><p>nº. 19, DOU 21/01/2014</p></td><td><p>23117.009021/2013-10</p></td><td><p>Técnico em Enfermagem</p></td><td><p>D</p></td><td><p>40 horas semanais</p></td><td><p>Uberlândia</p></td></tr><tr><td><p>3</p></td><td><p>Ampla Concorrência</p></td><td><p>DANIELA DA CUNHA LOPES ALMEIDA</p></td><td><p>984431 - Redistribuição MEC (tr.)</p></td><td><p>Nº 46, DOU 10/08/2017</p></td><td><p>Nº 10, DOU 12/01/2018</p></td><td><p>23117.000482/2017-42</p></td><td><p>Psicólogo</p></td><td><p>E</p></td><td><p>40 horas semanais</p></td><td><p>Patos de Minas</p></td></tr><tr><td><p>1</p></td><td><p>Ampla Concorrência</p></td><td><p>JOÃO RICARDO BEZERRA VASCONCELOS DE OLIVEIRA</p></td><td><p>322756 - Aposentadoria</p></td><td><p>Nº 46, DOU 10/08/2017</p></td><td><p>Nº 53, DOU 07/03/2018</p></td><td><p>23117.000482/2017-42</p></td><td><p>Publicitário</p></td><td><p>E</p></td><td><p>40 horas semanais</p></td><td><p>Uberlândia</p></td></tr></table><p>Art. 2º A posse do(s) nomeado(s) ocorrerá no prazo de 30 (trinta) dias, contados a partir da data de publicação desta portaria no Diário Oficial da União, conforme § 1º, do Artigo 13 da lei nº. 8.112, de 11 de dezembro de 1990.</p><p>Art. 3º Esta portaria entra em vigor na data de sua publicação.</p><p class="assina">MARCIO MAGNO COSTA</p>]]></Texto>
  </body>
</article></xml>