﻿<xml><article id="2019696" name="13 03 2018 - Prorrogação" idOficio="4707473" pubName="DO2" artType="Portaria Conjunta" pubDate="13/03/2018" artClass="00031:00001:00000:00000:00000:00000:00000:00000:00000:00000:00019:00001" artCategory="Ministério dos Transportes, Portos e Aviação Civil/Gabinete do Ministro" artSize="8" artNotes="ok" numberPage="56" pdfPage="http://pesquisa.in.gov.br/imprensa/jsp/visualiza/index.jsp?data=13/03/2018&amp;jornal=529&amp;pagina=56" editionNumber="49" highlight="" idMateria="10594681">
  <body>
    <Identifica><![CDATA[ PORTARIA CONJUNTA Nº 11, DE 12 DE MARÇO DE 2018]]></Identifica>
    <Data><![CDATA[]]></Data>
    <Ementa />
    <Titulo />
    <SubTitulo />
    <Texto><![CDATA[<p class="identifica">PORTARIA CONJUNTA Nº 11, DE 12 DE MARÇO DE 2018</p><p>O MINISTRO DE ESTADO DOS TRANSPORTES, PORTOS E AVIAÇÃO CIVIL, no uso das competências conferidas pelo disposto no § 2º do art. 92 da Lei nº 10.233, de 5 de junho de 2001, e o CORREGEDOR DO DEPARTAMENTO NACIONAL DE INFRAESTRUTURA DE TRANSPORTES - DNIT, no uso das atribuições que lhe confere o art. 15, inciso IV, da Estrutura Regimental aprovada pelo Decreto nº 8.489, de 10 de julho de 2015, publicado no DOU n° 131, de 13 de julho de 2015, considerando o disposto nos art. 143 e 152 da Lei n° 8.112, de 11 de dezembro de 1990, resolvem:</p><p>Art. 1º Prorrogar por 60 (sessenta) dias o prazo para a conclusão dos trabalhos da Comissão de Processo Administrativo Disciplinar, designada pela Portaria Conjunta nº 17, de 13/07/2016, publicada no DOU nº 134, de 14/07/2016, seção 2, p. 55, e tendo como último ato a recondução efetivada pela Portaria Conjunta nº 1, de 11/01/2018, publicada no DOU n° 9, de 12/01/2018, referente ao Processo n° 50600.010835/2016-52, ante as razões apresentadas pela Comissão Processante.</p><p>Art. 2º Esta Portaria entra em vigor na data de sua publicação.</p><p class="assina">MAURÍCIO QUINTELLA</p><p class="cargo">Ministro de Estado dos Transportes, Portos e Aviação Civil</p><p class="assina">GIDALTI INÁCIO DA SILVA</p><p class="cargo">Corregedor do DNIT</p>]]></Texto>
  </body>
</article></xml>