﻿<xml><article id="2015377" name="Portaria 686 687 692 696" idOficio="4706901" pubName="DO2" artType="Portaria" pubDate="13/03/2018" artClass="00011:00065:00001:00001:00000:00000:00000:00000:00000:00000:00025:00001" artCategory="Ministério da Educação/Instituto Federal de Educação, Ciência e Tecnologia de Goiás/Reitoria/Gabinete" artSize="8" artNotes="" numberPage="20" pdfPage="http://pesquisa.in.gov.br/imprensa/jsp/visualiza/index.jsp?data=13/03/2018&amp;jornal=529&amp;pagina=20" editionNumber="49" highlight="" idMateria="10593652">
  <body>
    <Identifica><![CDATA[ PORTARIAS  DE 12 DE MARÇO DE 2018]]></Identifica>
    <Data><![CDATA[]]></Data>
    <Ementa />
    <Titulo />
    <SubTitulo />
    <Texto><![CDATA[<p class="identifica">PORTARIAS DE 12 DE MARÇO DE 2018</p><p>O REITOR DO INSTITUTO FEDERAL DE EDUCAÇÃO, CIÊNCIA E TECNOLOGIA DE GOIÁS - IFG, nomeado por Decreto Presidencial de 04 de outubro de 2017, publicado no Diário Oficial da União de 05.10.2017, no uso de suas atribuições legais e regimentais, resolve:</p><p>N° 686 - I - Considerando o que consta no Memorando nº 139/2018/PROEN/IFG, dispensar o servidor CRISTIANO APARECIDO DA COSTA, ocupante do cargo de Professor EBTT, Matrícula SIAPE nº 1803546, da função de Coordenador do Curso Superior de Licenciatura em Música do Câmpus Goiânia do IFG, Código FCC, UORG-459, ficando seu exercício vinculado à UORG-130.</p><p>II - Designar o servidor GUSTAVO ARAÚJO AMUI, ocupante do cargo de Professor EBTT, Matrícula SIAPE nº 1220020, para exercer a função de Coordenador do Curso Superior de Licenciatura em Música do Câmpus Goiânia do IFG, Código FCC, UORG-459.</p><p>III - Esta Portaria entra em vigor na data da sua publicação.</p><p>N° 687 - I - Considerando o Memorando nº 140/2018/PRODI/IFG, designar o servidor CRISTIANO APARECIDO DA COSTA, lotado no Câmpus Goiânia, ocupante do cargo de Professor EBTT, Matrícula SIAPE n° 1803546, para exercer a função de Coordenador da Coordenação de Ensino Médio e Técnico da Pró-Reitoria de Ensino do IFG, FG-02, ficando seu exercício vinculado à UORG-555.</p><p>II - Esta Portaria entra em vigor na data de sua publicação.</p><p>N° 692 - Considerando o que consta no Processo nº 23378.000094/2018-71 e a delegação de competência estabelecida pela Portaria MEC nº 404, de 23 de abril de 2009, autorizar o afastamento do país do servidor DANILO DOS SANTOS GARCIA, ocupante do cargo de Professor EBTT, Matrícula SIAPE nº 1883965, lotado no Câmpus Formosa do IFG, para realizar curso de francês no Institut Privé - Campus Languages, em Paris, França, no período de 21/04/2018 a 19/07/2018, com trânsito incluso e ônus limitado para o IFG, nos termos da Portaria IFG nº 1541, de 08 de julho de 2016.</p><p>N° 696 - I - Considerando o que consta no Art. 10, § 2º, da Resolução Consup/IFG nº 027/2014, que trata do Regulamento do Corpo Discente do IFG, designar, a partir de 17 de fevereiro de 2018, os servidores WILTON BERNARDES DA SILVA, ocupante do cargo de Técnico de Laboratório Área, Matrícula SIAPE nº 2157718, CINTYA MALENA NERY SILVA GILDINO, ocupante do cargo de Psicólogo-Área, Matrícula SIAPE n° 2113327, e HÉLIO DE SOUZA JÚNIOR, ocupante do cargo de Professor EBTT, Matrícula SIAPE n° 1029965, para, sob a presidência do primeiro, comporem Comissão de Processo Acadêmico Disciplinar com o fito de apurar os fatos descritos no Processo nº 23721.000562/2017-70.</p><p>II - Estabelecer o prazo de 30 (trinta) dias para apresentação do relatório conclusivo, admitida a sua prorrogação por igual prazo quando as circunstâncias o exigirem.</p><p>III - Convalidar todos os atos praticados pela referida comissão de 17.02.2018 até a presente data.</p><p>IV - Esta Portaria entra em vigor na data de sua publicação.</p><p class="assina">JERÔNIMO RODRIGUES DA SILVA</p>]]></Texto>
  </body>
</article></xml>