﻿<xml><article id="2016048" name="PORTARIA DE RETIFICAÇÃO DIA 12 D" idOficio="4707007" pubName="DO2" artType="Retificação" pubDate="13/03/2018" artClass="00026:00034:00187:00424:00000:00000:00000:00000:00000:00000:00025:00001" artCategory="Ministério do Planejamento, Desenvolvimento e Gestão/Secretaria de Gestão de Pessoas/Departamento de Órgãos Extintos e de Gestão de Folha de Pagamento/Superintendência de Administração em Roraima" artSize="8" artNotes="" numberPage="54" pdfPage="http://pesquisa.in.gov.br/imprensa/jsp/visualiza/index.jsp?data=13/03/2018&amp;jornal=529&amp;pagina=54" editionNumber="49" highlight="" idMateria="10593839">
  <body>
    <Identifica><![CDATA[ Portarias de 12 de março de 2018]]></Identifica>
    <Data><![CDATA[]]></Data>
    <Ementa />
    <Titulo />
    <SubTitulo />
    <Texto><![CDATA[<p class="identifica">Portarias de 12 de março de 2018</p><p>A SUPERINTENDENTE DE ADMINISTRAÇÃO DO MINISTERIO DO PLANEJAMENTO, DESENVOLVIMENTO E GESTÃO NO ESTADO DE RORAIMA, no uso de suas atribuições que lhe conferem a Portaria nº 587, de 23.06.2016, publicada no Diário Oficial da União nº 120, de 24 de junho de 2016, e competência delegada pela Portaria nº 124, de 26 de fevereiro de 2015, artigo 1º, inciso I, alínea K, publicada no Diário Oficial da União nº 39, de 27.02.2015 do Departamento de Órgãos Extintos, a Diretora de Administração e o Diretor de Planejamento e Gestão da Secretaria-Executiva do Ministério do Planejamento, Desenvolvimento e Gestão, resolve:</p><p>Nº 24- Retificar na Portaria nº 1152 de 02.10.2012, publicada no DOU de 03.10.2012, da servidora Aneide da Silva Costa, matrícula SIAPE nº 0707370 , onde se lê: Classe D, Nível 204. Leia-se: Claase D, Nível 301, conforme Parecer nº 290/2017 da CPPD/SAMP/RR. Processo nº 16419.002820/2012-14.</p><p>Nº 25- Retificar na Portaria nº 1184 de 06.04.2017, publicada no DOU de 07.04.2017, da servidora Matilde Rufino de Souza, matrícula SIAPE nº 0707432 , onde se lê: Classe D, Nível 401. Leia-se: Claase D, Nível 304, conforme Parecer nº 122/2017 da CPPD/SAMP/RR. Processo nº 05502.002258/2017-60.</p><p class="assina">MARIA KATIA CABRAL DA SILVA</p>]]></Texto>
  </body>
</article></xml>