﻿<xml><article id="2020189" name="Portaria -Nomeação e Exoneração " idOficio="4707541" pubName="DO2" artType="Portaria" pubDate="13/03/2018" artClass="00010:00008:00012:00007:00000:00000:00000:00000:00000:00000:00025:00001" artCategory="Ministério da Defesa/Comando do Exército/Comando Militar do Sudeste/2ª Região Militar" artSize="8" artNotes="" numberPage="15" pdfPage="http://pesquisa.in.gov.br/imprensa/jsp/visualiza/index.jsp?data=13/03/2018&amp;jornal=529&amp;pagina=15" editionNumber="49" highlight="" idMateria="10594818">
  <body>
    <Identifica><![CDATA[PORTARIAS E1/CMSE, DE 9 DE MAR DE 2018]]></Identifica>
    <Data><![CDATA[]]></Data>
    <Ementa />
    <Titulo />
    <SubTitulo />
    <Texto><![CDATA[<p class="identifica">PORTARIAS E1/CMSE, DE 9 DE MAR DE 2018</p><p>O COMANDANTE MILITAR DO SUDESTE, no uso da competência que lhe foi conferida pela Portaria n° 218 Comandante do Exército, de 20 de março de 2017, resolve:</p><p>Nº 8 -EXONERAR, a pedido, o Subtenente da Reserva Remunerada (Idt 027557652-8) JOSÉ WALTER CARNEIRO DA SILVA, Prec-CP: 96/1519420, do Comando da 1ª Brigada de Artilharia Antiaérea (Guarujá-SP), a contar de 28 de fevereiro de 2018, de acordo com o inciso I, do Artigo 11º, da Portaria n° 218-Cmt Ex, de 20 MAR 17, de Prestador de Tarefa por Tempo Certo.</p><p>Nº 9 - TORNAR SEM EFEITO a nomeação do 2º Sargento da Reserva Remunerada (Idt 020358354-7) MARCO ANTONIO BRAGA, Prec-CP 96/1732304, no Comando da 2ª Região Militar (São Paulo-SP), para Prestador de Tarefa por Tempo Certo, para exercer a tarefa de Assessor Técnico da Carteira de Cadastro (SiCaPEx e SISAC/TCU) da Seção do Serviço de Inativos e Pensionistas da 2ª Região Militar, pelo prazo de 24 (vinte e quatro ) meses, a contar de 1º de março de 2018, constante da Portaria nº nº 3 E1/CMSE, DE 30 DE JAN DE 2018, publicada no Diário Oficial da União, Nr 22, Página 10, Seção 2, de 31 de janeiro de 2018.</p><p class="assina">Gen Ex JOÃO CAMILO PIRES DE CAMPOS</p>]]></Texto>
  </body>
</article></xml>