﻿<xml><article id="2012004" name="ATO Nº TRF2-ATP-2018-00079 DE 8 " idOficio="4706463" pubName="DO2" artType="Ato" pubDate="13/03/2018" artClass="00038:00008:00001:00000:00000:00000:00000:00000:00000:00000:00001:00002" artCategory="Poder Judiciário/Tribunal Regional Federal da 2ª Região/Presidência" artSize="8" artNotes="" numberPage="86" pdfPage="http://pesquisa.in.gov.br/imprensa/jsp/visualiza/index.jsp?data=13/03/2018&amp;jornal=529&amp;pagina=86" editionNumber="49" highlight="" idMateria="10593106">
  <body>
    <Identifica><![CDATA[ ATO Nº 79, DE 8 DE MARÇO DE 2018]]></Identifica>
    <Data><![CDATA[]]></Data>
    <Ementa />
    <Titulo />
    <SubTitulo />
    <Texto><![CDATA[<p class="identifica">ATO Nº 79, DE 8 DE MARÇO DE 2018</p><p>O PRESIDENTE DO TRIBUNAL REGIONAL FEDERAL DA 2ª REGIÃO, no uso de suas atribuições, e considerando o que consta do Procedimento Administrativo nº TRF2-PES-2018/00008, resolve:</p><p>CONCEDER aposentadoria voluntária, com proventos integrais, ao servidor PAULO CÉSAR TEIXEIRA DE MORAES, Técnico Judiciário, Classe "C", Padrão NI-13, do Quadro de Pessoal da Justiça Federal de Primeiro Grau - Seção Judiciária do Espírito Santo, com fundamento no art. 3º, incisos I, II e III, e parágrafo único, da Emenda Constitucional nº 47, publicada em 06.07.2005, em interpretação conjunta com o art. 7º da Emenda Constitucional nº 41, publicada em 31.12.2003, com a Vantagem Pessoal Nominalmente Identificada, prevista no art. 62-A, da Lei nº 8.112, de 11.12.1990, incorporada nos termos do art. 3º da Lei nº 8.911, de 11.07.1994, observando-se, ainda, o art. 28 da Lei nº 11.416, de 15.12.2006 e o art. 37, inciso XI, da Constituição da República.</p><p class="assina">ANDRÉ FONTES</p>]]></Texto>
  </body>
</article></xml>