﻿<xml><article id="2015839" name="Port 222-2018" idOficio="4706985" pubName="DO2" artType="Portaria" pubDate="13/03/2018" artClass="00010:00007:00010:00012:00000:00000:00000:00000:00000:00000:00025:00002" artCategory="Ministério da Defesa/Comando da Marinha/Comando-Geral do Corpo de Fuzileiros Navais/Comando do Pessoal de Fuzileiros Navais" artSize="8" artNotes="ok" numberPage="9" pdfPage="http://pesquisa.in.gov.br/imprensa/jsp/visualiza/index.jsp?data=13/03/2018&amp;jornal=529&amp;pagina=9" editionNumber="49" highlight="" idMateria="10593798">
  <body>
    <Identifica><![CDATA[ PORTARIA Nº 222/CPesFN, DE 9 DE MARÇO DE 2018]]></Identifica>
    <Data><![CDATA[]]></Data>
    <Ementa />
    <Titulo />
    <SubTitulo />
    <Texto><![CDATA[<p class="identifica">PORTARIA Nº 222/CPesFN, DE 9 DE MARÇO DE 2018</p><p>O COMANDANTE DO PESSOAL DE FUZILEIROS NAVAIS, no uso da subdelegação de competência que lhe confere o contido no inciso XVI do Art. 3º, da Portaria nº 134 de 26 de julho de 2018, do Comandante-Geral do Corpo de Fuzileiros Navais e em conformidade com o Termo de Inspeção de Saúde n° 018.000.3218, de 27NOV2017, da JRS1/CPMM, homologado na mesma data pela JSD/CPMM, resolve:</p><p>Art. 1oConceder o benefício de Auxílio Invalidez, ao CB-Refº-FN-ES 85.2364.46 MATIAS VASQUE, a partir de 04MAI2016, de acordo com os art. 2º, inciso I, alínea g; art. 3º, inciso XV e art. 11, inciso II, da Medida Provisória nº 2.215-10, de 31AGO2001, regulamentada pelo Decreto nº 4.307, de 18JUL2002 e Lei nº 11.421, de 21DEZ2006, alterada pela Lei 12.702 de 07AGO2012.</p><p>Art. 2º Esta Portaria entra em vigor na presente data.</p><p class="assina">V. Alte. (FN) JORGE ARMANDO NERY SOARES</p>]]></Texto>
  </body>
</article></xml>