﻿<xml><article id="2012007" name="ATO Nº TRF2-ATP-2018-00073 DE 8 " idOficio="4706463" pubName="DO2" artType="Ato" pubDate="13/03/2018" artClass="00038:00008:00001:00000:00000:00000:00000:00000:00000:00000:00001:00001" artCategory="Poder Judiciário/Tribunal Regional Federal da 2ª Região/Presidência" artSize="8" artNotes="" numberPage="86" pdfPage="http://pesquisa.in.gov.br/imprensa/jsp/visualiza/index.jsp?data=13/03/2018&amp;jornal=529&amp;pagina=86" editionNumber="49" highlight="" idMateria="10593105">
  <body>
    <Identifica><![CDATA[ ATO Nº 73, DE 8 DE MARÇO DE 2018]]></Identifica>
    <Data><![CDATA[]]></Data>
    <Ementa />
    <Titulo />
    <SubTitulo />
    <Texto><![CDATA[<p class="identifica">ATO Nº 73, DE 8 DE MARÇO DE 2018</p><p>O PRESIDENTE DO TRIBUNAL REGIONAL FEDERAL DA 2ª REGIÃO, no uso de suas atribuições, e considerando o que consta no Ofício nº TRF2-OFI-2018/03629, resolve:</p><p>NOMEAR o Bacharel em Direito JOÃO OSÓRIO FERREIRA para exercer o cargo em comissão de Assessor de Juiz, CJ-3, do Gabinete do Desembargador Luiz Antonio Soares, em vaga decorrente de sua aposentadoria.</p><p class="assina">ANDRÉ FONTES</p>]]></Texto>
  </body>
</article></xml>