﻿<xml><article id="2025247" name="DISPENSA JOYCE COLAB" idOficio="4707853" pubName="DO2" artType="Portaria" pubDate="13/03/2018" artClass="00011:00076:00017:00000:00000:00000:00000:00000:00000:00000:00025:00001" artCategory="Ministério da Educação/Instituto Federal de Educação, Ciência e Tecnologia do Rio Grande do Norte/Campus Pau dos Ferros" artSize="24" artNotes="" numberPage="33" pdfPage="http://pesquisa.in.gov.br/imprensa/jsp/visualiza/index.jsp?data=13/03/2018&amp;jornal=529&amp;pagina=33" editionNumber="49" highlight="" idMateria="10595858">
  <body>
    <Identifica><![CDATA[ PORTARIA Nº 62, DE 12 de março de 2018]]></Identifica>
    <Data><![CDATA[]]></Data>
    <Ementa />
    <Titulo />
    <SubTitulo />
    <Texto><![CDATA[<p class="identifica">PORTARIA Nº 62, DE 12 de março de 2018</p><p>A DIRETORA-GERAL DO CAMPUS PAU DOS FERROS DO INSTITUTO FEDERAL DE EDUCAÇÃO, CIÊNCIA E TECNOLOGIA DO RIO GRANDE DO NORTE no uso de suas atribuições, delegadas através da Portaria nº. 1787/2013-Reitoria/IFRN, de 30/12/2013, publicada no Diário Oficial da União de 03/01/2014, resolve:</p><p>DISPENSAR, com efeitos a partir de 12 de março de 2018, a servidora abaixo relacionada, pertencente ao Quadro Permanente deste Instituto Federal, para qual foi designado a exercer o respectivo cargo de confiança, integrante da Estrutura Administrativa desta Instituição.</p><p></p><table><tr /><tr><td><p>SERVIDOR</p></td><td><p>CARGO DE CONFIANÇA</p></td></tr><tr><td><p>Matrícula SIAPE</p></td><td><p>NOME</p></td><td><p>CÓDIGO</p></td><td><p>DENOMINAÇÃO</p></td><td><p>CADEIA HIERÁRQUICA</p></td></tr><tr><td><p>2267870</p></td><td><p>JOYCE KELLY DA SILVA MATIAS</p></td><td><p>FG.2</p></td><td><p>Coordenador de Laboratórios</p></td><td><p>Diretoria Acadêmica</p></td></tr></table><p class="assina">ANTONIA FRANCIMAR DA SILVA</p>]]></Texto>
  </body>
</article></xml>