﻿<xml><article id="2315316" name="Port.ele112 + 3" idOficio="4705881" pubName="DO2" artType="Portaria" pubDate="29/03/2018" artClass="00017:00002:00035:00002:00005:00000:00000:00000:00000:00000:00025:00001" artCategory="Ministério da Saúde/Secretaria Executiva/Núcleo Estadual em São Paulo/Divisão de Gestão Administrativa/Serviço de Pessoal Inativo" artSize="8" artNotes="" numberPage="64" pdfPage="http://pesquisa.in.gov.br/imprensa/jsp/visualiza/index.jsp?data=29/03/2018&amp;jornal=529&amp;pagina=64" editionNumber="61" highlight="" idMateria="10592119">
  <body>
    <Identifica><![CDATA[ Portarias  de 2 de Março de 2018]]></Identifica>
    <Data><![CDATA[]]></Data>
    <Ementa />
    <Titulo />
    <SubTitulo />
    <Texto><![CDATA[<p></p><p class="identifica">Portarias de 2 de Março de 2018</p><p>O CHEFE DA DIVISÃO DE GESTÃO ADMINISTRATIVA DO NÚCLEO ESTADUAL DO MINISTÉRIO DA SAÚDE NO ESTADO DE SÃO PAULO - no uso da competência que lhe foi subdelegada pela Portaria SAA/SE/MS nº. 1804 de 1/10/2013, publicada no DOU nº. 192, de 03/10/2013, e tendo em vista o que consta nos processos abaixo especificados, resolve:</p><p>Nº 112 - Conceder aposentadoria voluntária à servidora VALDETE AVELLINO DE MATTOS, matrícula SIAPE nº 604321, ocupante do cargo de Agente de Portaria, nível intermediário, classe "S", padrão III, do Quadro de Pessoal deste Ministério, com fundamento no artigo 40, inciso III, alínea "a", da Constituição Federal, combinado com o artigo 3.°, da Emenda Constitucional n.º 47/05. (Processo nº 25004.000316/2018-20).</p><p>Nº 113 - Conceder aposentadoria voluntária à servidora MARIA ELISABETE SANTOS VENERANDO, matrícula SIAPE nº 594888, ocupante do cargo de Enfermeiro, nível superior, classe "S", padrão III, do Quadro de Pessoal deste Ministério, com fundamento no artigo 40, inciso III, alínea "a", da Constituição Federal, combinado com o artigo 3.°, da Emenda Constitucional n.º 47/05. (Processo nº 25004.000332/2018-12).</p><p>Nº 114 - Conceder aposentadoria voluntária ao servidor JOÃO CARLOS SILVA DE ARAUJO, matrícula SIAPE 6239299, ocupante do cargo de Agente Administrativo, nível intermediário, classe "S", padrão III, do Quadro de Pessoal deste Ministério, com fundamento no artigo 40, paragrafo, 1º, inciso III, alínea "a", da Constituição Federal, com a redação dada pela Emenda Constitucional n.º 41/03, com proventos calculados com base no artigo 1º da Lei nº 10887/04. (Processo nº 25004.000296/2018-97).</p><p>Nº 115 - Conceder aposentadoria voluntária ao servidor CARLOS CLEBER NACIF, matrícula SIAPE nº 6600004, ocupante do cargo de Médico, nível superior, classe "S", padrão III, do Quadro de Pessoal deste Ministério, com fundamento no artigo 40, inciso III, alínea "a", da Constituição Federal, combinado com o artigo 3.°, da Emenda Constitucional n.º 47/05. (Processo nº 25004.010032/2016-80).</p><p class="assina">Ronaldo Raymundo</p>]]></Texto>
  </body>
</article></xml>