﻿<xml><article id="2014971" name="Portarias 891 a 1014" idOficio="4706839" pubName="DO2" artType="Portaria" pubDate="13/03/2018" artClass="00011:00066:00000:00000:00000:00000:00000:00000:00000:00000:00025:00001" artCategory="Ministério da Educação/Instituto Federal de Educação, Ciência e Tecnologia do Maranhão" artSize="8" artNotes="" numberPage="21" pdfPage="http://pesquisa.in.gov.br/imprensa/jsp/visualiza/index.jsp?data=13/03/2018&amp;jornal=529&amp;pagina=21" editionNumber="49" highlight="" idMateria="10593596">
  <body>
    <Identifica><![CDATA[ PORTARIA Nº 891, DE 2 DE MARÇO DE 2018]]></Identifica>
    <Data><![CDATA[]]></Data>
    <Ementa />
    <Titulo />
    <SubTitulo />
    <Texto><![CDATA[<p class="identifica">PORTARIA Nº 891, DE 2 DE MARÇO DE 2018</p><p>O DIRETOR EXECUTIVO NO EXERCÍCIO DA REITORIA DO INSTITUTO FEDERAL DE EDUCAÇÃO, CIÊNCIA E TECNOLOGIA DO MARANHÃO, designado pela Portaria nº 799 de 23 de fevereiro de 2018; e, considerando a solicitação constante no Processo nº 23249.001280/2017-12, resolve:</p><p>a) Conceder Aposentadoria Voluntária de acordo com o art. 3º, Inciso I, II, III, parágrafo único da Emenda Constitucional nº 47 de 05.07.2005, publicada no DOU de 06.07.2005, combinado com o art. 186, Inciso III, alínea "a" da Lei nº 8.112/90, ao servidor FRANCISCO DE ASSIS MARTINS VIEIRA, Matrícula SIAPE nº 0266021, no cargo de Assistente em Administração, Nível de Classificação "D", Nível de Capacitação II, Padrão de Vencimento 16, com regime de trabalho de 40 horas semanais, do Quadro de Pessoal Permanente deste Instituto Federal de Educação, Ciência e Tecnologia do Maranhão, com lotação no Campus São Luís - Monte Castelo, com proventos integrais acrescido de 14% (catorze por cento) da Gratificação por Adicional de Tempo de Serviço, de que trata o Art. 244, da Lei 8.112/90, VPNI Art. 62-A da Lei nº 8.112/90 referente a 2/10 de FG-4, e Incentivo à Qualificação de que trata o Decreto nº 5.824/2006 no Nível de Especialista; e,</p><p>b) Declarar vago o cargo supracitado.</p><p class="assina">Agenor Almeida Filho</p><p class="identifica">PORTARIA Nº 966, DE 6 DE MARÇO DE 2018</p><p>O DIRETOR EXECUTIVO NO EXERCÍCIO DA REITORIA DO INSTITUTO FEDERAL DE EDUCAÇÃO, CIÊNCIA E TECNOLOGIA DO MARANHÃO, designado pela Portaria nº 931, de 05 de março de 2018; e, considerando a solicitação constante no Processo nº 23249.052233/2017-37, resolve:</p><p>Dispensar o servidor Fabrizio Soares Caldas, Professor de Ensino Básico, Técnico e Tecnológico, Campus Buriticupu, da Função Comissionada de Coordenação de Curso (FCC) Técnico em Administração do referido Campus, a partir da data da publicação desta Portaria no DOU.</p><p class="assina">Agenor Almeida Filho</p><p>PORTARIA Nº 990, DE 7 DE MARÇO DE 2018</p><p>O DIRETOR EXECUTIVO NO EXERCÍCIO DA REITORIA DO INSTITUTO FEDERAL DE EDUCAÇÃO, CIÊNCIA E TECNOLOGIA DO MARANHÃO, designado pela Portaria nº 931 de 05 de março de 2018; e, considerando a solicitação constante no Processo nº 23249.003422/2018-67, resolve:</p><p>Reconduzir a servidora Katiúscia Poliana Jamily de Oliveira Damasceno, Técnico em Tecnologia da Informação, Matricula SIAPE nº 1877974, Campus Açailândia, como Pregoeira do referido Campus, pelo período de 1 (um) ano, a partir de 21.02.2018, durante a execução do exercício do ano 2018.</p><p class="assina">Agenor Almeida Filho</p><p class="identifica">PORTARIA Nº 991, DE 7 DE MARÇO DE 2018</p><p>O DIRETOR EXECUTIVO NO EXERCÍCIO DA REITORIA DO INSTITUTO FEDERAL DE EDUCAÇÃO, CIÊNCIA E TECNOLOGIA DO MARANHÃO, designado pela Portaria nº 931 de 05 de março de 2018; e, considerando a solicitação constante no Processo nº 23249.003424/2018-56, resolve:</p><p>Designar o servidor José Werbet Ferreira da Conceição, Diretor Geral, Campus Açailândia, para desempenhar a função de Ordenador de Despesas para gerir os recursos deste Campus bem como os processos de compras, a partir de 01.01.2018.</p><p class="assina">Agenor Almeida Filho</p><p class="identifica">PORTARIA Nº 992, DE 7 DE MARÇO DE 2018</p><p>O DIRETOR EXECUTIVO NO EXERCÍCIO DA REITORIA DO INSTITUTO FEDERAL DE EDUCAÇÃO, CIÊNCIA E TECNOLOGIA DO MARANHÃO, designado pela Portaria nº 931 de 05 de março de 2018; e, considerando a solicitação constante no Processo nº 23249.003420/2018-78, resolve:</p><p>Designar o servidor Antonio Franco Lopes de Almeida, Técnico em Assuntos Educacionais, Campus Açailândia, para desempenhar a função de Ordenador de Despesas Substituto para gerir os recursos deste Campus bem como os processos de compras, a partir de 01.01.2018.</p><p class="assina">Agenor Almeida Filho</p><p class="identifica">PORTARIA Nº 993, DE 7 DE MARÇO DE 2018</p><p>O DIRETOR EXECUTIVO NO EXERCÍCIO DA REITORIA DO INSTITUTO FEDERAL DE EDUCAÇÃO, CIÊNCIA E TECNOLOGIA DO MARANHÃO, designado pela Portaria nº 931 de 05 de março de 2018; e, considerando a solicitação constante no Processo nº 23249.003425/2018-17, resolve:</p><p>Designar o servidor Lairton José Gomes da Silva, Diretor de Planejamento e Gestão, Campus Açailândia, para desempenhar a função de Gestor Financeiro para gerir os recursos deste Campus bem como os processos de compras, a partir de 01.01.2018.</p><p class="assina">Agenor Almeida Filho</p><p class="identifica">PORTARIA Nº 994, DE 7 DE MARÇO DE 2018</p><p>O DIRETOR EXECUTIVO NO EXERCÍCIO DA REITORIA DO INSTITUTO FEDERAL DE EDUCAÇÃO, CIÊNCIA E TECNOLOGIA DO MARANHÃO, designado pela Portaria nº 931 de 05 de março de 2018; e, considerando a solicitação constante no Processo nº 23249.003421/2018-12, resolve:</p><p>Designar o servidor Michel da Silva Reis, Auxiliar em Administração, Campus Açailândia, para desempenhar a função de Gestor Financeiro Substituto para gerir os recursos deste Campus bem como os processos de compras, a partir de 01.01.2018.</p><p class="assina">Agenor Almeida Filho</p><p class="identifica">PORTARIA Nº 995, DE 7 DE MARÇO DE 2018</p><p>O DIRETOR EXECUTIVO NO EXERCÍCIO DA REITORIA DO INSTITUTO FEDERAL DE EDUCAÇÃO, CIÊNCIA E TECNOLOGIA DO MARANHÃO, designado pela Portaria nº 931 de 05 de março de 2018; e, considerando a solicitação constante no Processo nº 23249.059425/2017-74, resolve :</p><p>Dispensar o servidor Rômulo Poderoso Rauta, Professor de Ensino Básico, Técnico e Tecnológico, Campus São Luís - Monte Castelo, da Função Comissionada de Coordenação de Curso (FCC) Técnico de Metalurgia e Soldagem do referido Campus, a partir da data da publicação desta Portaria no DOU.</p><p class="assina">Agenor Almeida Filho</p><p class="identifica">PORTARIA Nº 996, DE 7 DE MARÇO DE 2018</p><p>O DIRETOR EXECUTIVO NO EXERCÍCIO DA REITORIA DO INSTITUTO FEDERAL DE EDUCAÇÃO, CIÊNCIA E TECNOLOGIA DO MARANHÃO, designado pela Portaria nº 931 de 05 de março de 2018; e, Considerando o disposto no Art. 62 da Lei 8.112/90, e a solicitação constante no Processo nº 23249.059425/2017-74, resolve:</p><p>Designar o servidor Raul Everton de Sousa, Professor de Ensino Básico, Técnico e Tecnológico, Campus São Luís - Monte Castelo, para desempenhar a Função Comissionada de Coordenação de Curso (FCC) Técnico de Metalurgia do referido Campus, a partir da data da publicação desta Portaria no DOU.</p><p class="assina">Agenor Almeida Filho</p><p class="identifica">PORTARIA Nº 998, DE 7 DE MARÇO DE 2018</p><p>O DIRETOR EXECUTIVO NO EXERCÍCIO DA REITORIA DO INSTITUTO FEDERAL DE EDUCAÇÃO, CIÊNCIA E TECNOLOGIA DO MARANHÃO, designado pela Portaria nº 931 de 05 de março de 2018; e, considerando a solicitação constante no Processo nº 23249.041439/2017-31, resolve:</p><p>Dispensar o servidor Richardson Soares de Souza Melo, Professor de Ensino Básico, Técnico e Tecnológico, Campus São Raimundo das Mangabeiras, da Função Comissionada de Coordenação de Curso (FCC) Técnico em Agropecuária e Geoprocessamento do referido Campus, a partir da data da publicação desta Portaria no DOU.</p><p class="assina">Agenor Almeida Filho</p><p class="identifica">PORTARIA Nº 999, DE 7 DE MARÇO DE 2018</p><p>O DIRETOR EXECUTIVO NO EXERCÍCIO DA REITORIA DO INSTITUTO FEDERAL DE EDUCAÇÃO, CIÊNCIA E TECNOLOGIA DO MARANHÃO, designado pela Portaria nº 931 de 05 de março de 2018; e, Considerando o disposto no Art. 62 da Lei 8.112/90, e a solicitação constante no Processo nº 23249.041439/2017-31, resolve:</p><p>Designar o servidor Richardson Soares de Souza Melo, Professor de Ensino Básico, Técnico e Tecnológico, Campus São Raimundo das Mangabeiras, para desempenhar a Função Comissionada de Coordenação de Curso (FCC) Superior de Bacharelado em Agronomia do referido Campus, a partir da data da publicação desta Portaria no DOU.</p><p class="assina">Agenor Almeida Filho</p><p class="identifica">PORTARIA Nº 1.001, DE 7 DE MARÇO DE 2018</p><p>O DIRETOR EXECUTIVO NO EXERCÍCIO DA REITORIA DO INSTITUTO FEDERAL DE EDUCAÇÃO, CIÊNCIA E TECNOLOGIA DO MARANHÃO, designado pela Portaria nº 931 de 05 de março de 2018; e, Considerando o disposto no Art. 62 da Lei 8.112/90, e a solicitação constante no Processo nº 23249.041439/2017-31, resolve:</p><p>Designar o servidor Clemeson Cardoso Vale, Professor de Ensino Básico, Técnico e Tecnológico, Campus São Raimundo das Mangabeiras, para desempenhar a Função Comissionada de Coordenação de Curso (FCC) Técnico em Agropecuária e Geoprocessamento do referido Campus, a partir da data da publicação desta Portaria no DOU.</p><p class="assina">Agenor Almeida Filho</p><p class="identifica">PORTARIA Nº 1.003, DE 7 DE MARÇO DE 2018</p><p>O DIRETOR EXECUTIVO NO EXERCÍCIO DA REITORIA DO INSTITUTO FEDERAL DE EDUCAÇÃO, CIÊNCIA E TECNOLOGIA DO MARANHÃO, designado pela Portaria nº 931 de 05 de março de 2018; e, considerando a solicitação constante no Processo nº 23249.059415/2017-39, resolve:</p><p>Dispensar a servidora Danúbia Soares Pires, Professor de Ensino Básico, Técnico e Tecnológico, Campus São Luís - Monte Castelo, da Função Comissionada de Coordenação de Curso (FCC) Superior de Bacharelado em Engenharia Elétrica Industrial do referido Campus, a partir da data da publicação desta Portaria no DOU.</p><p class="assina">Agenor Almeida Filho</p><p class="identifica">PORTARIA Nº 1.004, DE 7 DE MARÇO DE 2018</p><p>O DIRETOR EXECUTIVO NO EXERCÍCIO DA REITORIA DO INSTITUTO FEDERAL DE EDUCAÇÃO, CIÊNCIA E TECNOLOGIA DO MARANHÃO, designado pela Portaria nº 931 de 05 de março de 2018; e, Considerando o disposto no Art. 62 da Lei 8.112/90, e a solicitação constante no Processo nº 23249.059415/2017-39, resolve:</p><p>Designar o servidor Orlando Donato Rocha Filho, Professor de Magistério Superior, Campus São Luís - Monte Castelo, para desempenhar a Função Comissionada de Coordenação de Curso (FCC) Superior de Bacharelado em Engenharia Elétrica Industrial do referido Campus, a partir da data da publicação desta Portaria no DOU.</p><p class="assina">Agenor Almeida Filho</p><p class="identifica">PORTARIA Nº 1.006, DE 7 DE MARÇO DE 2018</p><p>O DIRETOR EXECUTIVO NO EXERCÍCIO DA REITORIA DO INSTITUTO FEDERAL DE EDUCAÇÃO, CIÊNCIA E TECNOLOGIA DO MARANHÃO, designado pela Portaria nº 931 de 05 de março de 2018; e, considerando a solicitação constante no Processo nº 23249.009354/2018-41, resolve:</p><p>Dispensar o servidor Ádamo Henrique Rocha de Oliveira, Professor de Ensino Básico, Técnico e Tecnológico, Campus Santa Inês, da Função Comissionada de Coordenação de Curso (FCC) Técnico em Eletroeletrônica do referido Campus, a partir de 19.02.2018.</p><p class="assina">Agenor Almeida Filho</p><p class="identifica">PORTARIA Nº 1.007, DE 7 DE MARÇO DE 2018</p><p>O DIRETOR EXECUTIVO NO EXERCÍCIO DA REITORIA DO INSTITUTO FEDERAL DE EDUCAÇÃO, CIÊNCIA E TECNOLOGIA DO MARANHÃO, designado pela Portaria nº 931 de 05 de março de 2018; e, considerando a solicitação constante no Processo nº 23249.002031/2018-25, resolve:</p><p>Dispensar o servidor Leonilson dos Santos Veras, Professor de Ensino Básico, Técnico e Tecnológico, Campus São José de Ribamar, da Função Comissionada de Coordenação de Curso (FCC) Técnico em Eletroeletrônica do referido Campus, a partir de 01.03.2018.</p><p class="assina">Agenor Almeida Filho</p><p class="identifica">PORTARIA Nº 1.008, DE 7 DE MARÇO DE 2018</p><p>O DIRETOR EXECUTIVO NO EXERCÍCIO DA REITORIA DO INSTITUTO FEDERAL DE EDUCAÇÃO, CIÊNCIA E TECNOLOGIA DO MARANHÃO, designado pela Portaria nº 931 de 05 de março de 2018; e, Considerando o disposto no Art. 62 da Lei 8.112/90, e a solicitação constante no Processo nº 23249.002032/2018-71, resolve:</p><p>Designar o servidor Marcos Melo Ferreira, Professor de Ensino Básico, Técnico e Tecnológico, Campus São José de Ribamar, para desempenhar a Função Comissionada de Coordenação de Curso (FCC) Técnico em Eletroeletrônica do referido Campus, a partir da data da publicação desta Portaria no DOU.</p><p class="assina">Agenor Almeida Filho</p><p class="identifica">PORTARIA Nº 1.010, DE07 DE MARÇO DE 2018</p><p>O DIRETOR EXECUTIVO NO EXERCÍCIO DA REITORIA DO INSTITUTO FEDERAL DE EDUCAÇÃO, CIÊNCIA E TECNOLOGIA DO MARANHÃO, designado pela Portaria nº 931 de 05 de março de 2018; e, Considerando o disposto no Art. 62 da Lei 8.112/90, e a solicitação constante no Processo nº 23249.009196/2018-28, resolve:</p><p>Designar o servidor Selmo Eduardo Rodrigues Júnior, Professor de Ensino Básico, Técnico e Tecnológico, Campus Imperatriz, para desempenhar a Função Comissionada de Coordenação de Curso (FCC) Técnico em Eletrotécnica do referido Campus, a partir da data da publicação desta Portaria no DOU.</p><p class="assina">Agenor Almeida Filho</p><p class="identifica">PORTARIA Nº 1.012, DE 7 DE MARÇO DE 2018</p><p>O DIRETOR EXECUTIVO NO EXERCÍCIO DA REITORIA DO INSTITUTO FEDERAL DE EDUCAÇÃO, CIÊNCIA E TECNOLOGIA DO MARANHÃO, designado pela Portaria nº 931 de 05 de março de 2018; e, Considerando o disposto no Art. 62 da Lei 8.112/90, e a solicitação constante no Processo nº 23249.009184/2018-11, resolve:</p><p>Designar o servidor Luís Miguel Magalhães Torres, Professor de Ensino Básico, Técnico e Tecnológico, Campus Imperatriz, para desempenhar a Função Comissionada de Coordenação de Curso (FCC) Superior de Engenharia Elétrica do referido Campus, a partir da data da publicação desta Portaria no DOU.</p><p class="assina">Agenor Almeida Filho</p><p class="identifica">PORTARIA Nº 1.014, DE 7 DE MARÇO DE 2018</p><p>O DIRETOR EXECUTIVO NO EXERCÍCIO DA REITORIA DO INSTITUTO FEDERAL DE EDUCAÇÃO, CIÊNCIA E TECNOLOGIA DO MARANHÃO, designado pela Portaria nº 931 de 05 de março de 2018; e, Considerando o disposto no Art. 62 da Lei 8.112/90, e a solicitação constante no Processo nº 23249.007880/2018-75, resolve:</p><p>Designar a servidora Joseylza Lima Silva, Professor de Ensino Básico, Técnico e Tecnológico, Campus Grajaú, para desempenhar a Função Comissionada de Coordenação de Curso (FCC) Técnico de Agronegócio e Informática do referido Campus, a partir da data da publicação desta Portaria no DOU.</p><p class="assina">Agenor Almeida Filho</p>]]></Texto>
  </body>
</article></xml>