﻿<xml><article id="2021017" name="Portarias 197, 200 de 05.03.18, " idOficio="4707687" pubName="DO2" artType="Portaria" pubDate="13/03/2018" artClass="00011:00142:00000:00000:00000:00000:00000:00000:00000:00000:00025:00001" artCategory="Ministério da Educação/Universidade da Integração Internacional da Lusofonia Afro-Brasileira" artSize="8" artNotes="" numberPage="41" pdfPage="http://pesquisa.in.gov.br/imprensa/jsp/visualiza/index.jsp?data=13/03/2018&amp;jornal=529&amp;pagina=41" editionNumber="49" highlight="" idMateria="10594948">
  <body>
    <Identifica><![CDATA[ PORTARIAS DE 5 DE MARÇO DE 2018]]></Identifica>
    <Data><![CDATA[]]></Data>
    <Ementa />
    <Titulo />
    <SubTitulo />
    <Texto><![CDATA[<p class="identifica">PORTARIAS DE 5 DE MARÇO DE 2018</p><p>O REITOR PRO TEMPORE DA UNIVERSIDADE DA INTEGRAÇÃO INTERNACIONAL DA LUSOFONIA AFRO-BRASILEIRA, no uso de suas atribuições legais e de acordo com a Lei nº 12.289, de 20 de julho de 2010, a Portaria nº 282, de 06 de março de 2017, publicada no DOU de 07 de março de 2017, do Ministério da Educação, resolve,</p><p>Nº 197 Art.1º Designar a servidora CARINA PEIXOTO LEITE, matrícula SIAPE nº 2151078, para assumir a função de Gerente Divisão de Projetos, vinculado à Coordenação de Infraestrutura e Desenvolvimento na Universidade da Integração Internacional da Lusofonia Afro-Brasileira, código FG-01. (Processo nº 23282.002700/2018-02)</p><p>Art. 2º Esta portaria conta seus efeitos a partir de sua publicação.</p><p>Nº 200 Art.1º Designar a servidora SILVIA HELENA VALENTE BASTOS, matrícula SIAPE nº 2157771, para assumir a função de Chefe do Setor de Alimentação e Nutrição, Campus dos Malês, código FG-04. (Processo nº 23282.002617/2018-12)</p><p>Art. 2º Esta portaria conta seus efeitos a partir de sua publicação.</p><p class="assina">Anastácio de Queiroz Sousa</p><p class="identifica">PORTARIAS DE 7 DE MARÇO DE 2018</p><p>O REITOR PRO TEMPORE DA UNIVERSIDADE DA INTEGRAÇÃO INTERNACIONAL DA LUSOFONIA AFRO-BRASILEIRA, no uso de suas atribuições legais e de acordo com a Lei nº 12.289, de 20 de julho de 2010, a Portaria nº 282, de 06 de março de 2017, publicada no DOU de 07 de março de 2017, do Ministério da Educação, resolve,</p><p>Nº 204 Art.1º Nomear o servidor ANTONIO CELIO FERREIRA DOS SANTOS, matrícula SIAPE: 2180191, para exercer o cargo de Coordenador de Planejamento, código CD-04. (Processo nº 23282.002809/2018-66)</p><p>Art. 2º Esta portaria conta seus efeitos a partir de sua publicação.</p><p>Nº 205 Art.1º Dispensar o servidor ANTONIO CELIO FERREIRA DOS SANTOS, matrícula SIAPE nº 2180191, da função do Assessor Técnico da Pró-Reitoria de Planejamento, código FG-01. (Processo nº 23282.002809/2018-66)</p><p>Art. 2º Esta portaria conta seus efeitos a partir da publicação.</p><p class="assina">Anastácio de Queiroz Sousa</p><p class="identifica">PORTARIA Nº 219, DE 8 DE MARÇO DE 2018</p><p>O REITOR PRO TEMPORE DA UNIVERSIDADE DA INTEGRAÇÃO INTERNACIONAL DA LUSOFONIA AFRO-BRASILEIRA, no uso de suas atribuições legais e de acordo com a Lei nº 12.289, de 20 de julho de 2010, a Portaria nº 282, de 06 de março de 2017, publicada no DOU de 07 de março de 2017, do Ministério da Educação, resolve,</p><p>Art.1º Dispensar, a partir de 07 de março de 2018, a servidora ANDREIA CAVAIGNAC MACHADO, matrícula SIAPE nº 2195160, da função de Gerente da Divisão de Elaboração de Editais e Apoio Administrativo, código FG-01, ficando a servidora FRANCISCA AMALIA CASTELO BRANCO, matrícula SIAPE: 2320318, designada para assumir interinamente a referida função. (Processo nº 23282.002887/2018-94)</p><p>Art.2º Esta portaria conta seus efeitos a partir de sua publicação.</p><p class="assina">Anastácio de Queiroz Sousa</p>]]></Texto>
  </body>
</article></xml>