﻿<xml><article id="2012299" name="ATO PORTARIA Nº 7.838 DE MARÇO D" idOficio="4706509" pubName="DO2" artType="Portaria" pubDate="13/03/2018" artClass="00032:00003:00015:00000:00000:00000:00000:00000:00000:00000:00025:00011" artCategory="Departamento de Polícia Federal/Diretoria de Gestão de Pessoal/Coordenação de Recursos Humanos/Divisão de Administração de Recursos Humanos/Serviço de Aposentadorias e Pensões/Ministério da Justiça" artSize="8" artNotes="" numberPage="58" pdfPage="http://pesquisa.in.gov.br/imprensa/jsp/visualiza/index.jsp?data=13/03/2018&amp;jornal=529&amp;pagina=58" editionNumber="49" highlight="" idMateria="10593207">
  <body>
    <Identifica><![CDATA[ PORTARIA Nº 7.838, DE 8 MARÇO DE 2018]]></Identifica>
    <Data><![CDATA[]]></Data>
    <Ementa />
    <Titulo />
    <SubTitulo />
    <Texto><![CDATA[<p class="identifica">PORTARIA Nº 7.838, DE 8 MARÇO DE 2018</p><p>O DIRETOR DE GESTÃO DE PESSOAL DA POLÍCIA FEDERAL, no uso das atribuições que lhe são conferidas pelos incisos XIV e XIX, do Artigo 42, do Regimento Interno da Polícia Federal, aprovado pela Portaria MJ nº 1.252, de 29/12/2017, publicada no Diário Oficial da União nº 1, de 2/1/2018, Seção I, pp. 65/70, e considerando o que consta do Processo nº 08455.012982/1985-36 e seus anexos, resolve:</p><p>TORNAR SEM EFEITO a Portaria nº 7380, publicada no DOU nº 15, de 22 de janeiro de 2018, que cancelou a pensão estatutária de ANA MARIA PERSICO GUIMARÃES, matrícula SIAPE nº 2.208.172, filha maior solteira do ex-servidor NELSON GARCIA GUIMARÃES, matrícula SIAPE nº 1.076.392, tendo em vista o Acórdão nº 2.780/2016-TCU-Plenário.</p><p>RESTABELECER a pensão estatutária da interessada acima nominada, em razão da decisão liminar proferida nos autos do Mandado de Segurança nº 0022585-47.2018.4.02.5101, da 16ª Vara Federal Cível, Seção Judiciária do Rio de Janeiro.</p><p class="assina">DELANO CERQUEIRA BUNN</p>]]></Texto>
  </body>
</article></xml>