﻿<xml><article id="2015239" name="16.1. PORTARIA 141-2018 - Exoner" idOficio="4706850" pubName="DO2" artType="Portaria" pubDate="13/03/2018" artClass="00039:00220:00000:00000:00000:00000:00000:00000:00000:00000:00025:00011" artCategory="Entidades de Fiscalização do Exercício das Profissões Liberais/Conselho Regional de Enfermagem do Amazonas" artSize="8" artNotes="" numberPage="90" pdfPage="http://pesquisa.in.gov.br/imprensa/jsp/visualiza/index.jsp?data=13/03/2018&amp;jornal=529&amp;pagina=90" editionNumber="49" highlight="" idMateria="10593639">
  <body>
    <Identifica><![CDATA[ PORTARIA Nº 141, DE 8 DE MARÇO DE 2018]]></Identifica>
    <Data><![CDATA[]]></Data>
    <Ementa />
    <Titulo />
    <SubTitulo />
    <Texto><![CDATA[<p class="identifica">PORTARIA Nº 141, DE 8 DE MARÇO DE 2018</p><p>O Presidente do Conselho Regional de Enfermagem do Amazonas - Coren-AM, em conjunto com a Conselheira Secretária conforme o art. 41, inciso XIII do Regimento Interno do Coren-AM, no uso das atribuições legais e regimentais que lhes são conferidas pela Lei 5.905/1973 e legislações complementares em vigor, e;</p><p>CONSIDERANDO a Resolução Cofen nº 425/2012 que dispõe sobre a livre nomeação e exoneração dos servidores em cargos em comissão; CONSIDERANDO a Decisão Coren-AM nº 002/2018 que atualiza o organograma do Coren-AM, e constitui novos cargos de provimento efetivo e os de natureza em comissão conforme quantitativo estabelecido e dá outras providências; RESOLVEM Art. 1º REVOGAR a Portaria Coren-AM nº 136, de 01 de junho de 2015; Art. 2º EXONERAR o Contador Ary Renato Vasconcelos de Souza, CRC nº 010837/0-5/AM e CPF nº 336.977.282-53, do cargo em comissão de livre nomeação e exoneração de assessor contábil deste Regional; Art. 3º Esta portaria entra em vigor na data de sua assinatura, revogadas as disposições em contrário. Dê ciência e cumpra-se. Gabinete do Presidente do Conselho Regional de Enfermagem do Amazonas.</p><p class="assina">Sandro André da Silva Pinto</p><p class="cargo">Presidente do Conselho</p><p class="assina">Cleise Maria de Goes Martins</p><p class="cargo">Secretária do Conselho</p>]]></Texto>
  </body>
</article></xml>