﻿<xml><article id="2016985" name="139 - JOÃO ANTÔNIO DA SILVA JUNI" idOficio="4707066" pubName="DO2" artType="Portaria" pubDate="13/03/2018" artClass="00011:00030:00000:00000:00000:00000:00000:00000:00000:00000:00025:00001" artCategory="Ministério da Educação/Fundação Universidade Federal do Maranhão" artSize="8" artNotes="" numberPage="21" pdfPage="http://pesquisa.in.gov.br/imprensa/jsp/visualiza/index.jsp?data=13/03/2018&amp;jornal=529&amp;pagina=21" editionNumber="49" highlight="" idMateria="10593789">
  <body>
    <Identifica><![CDATA[ PORTARIA Nº 139, de 5 de março de 2018]]></Identifica>
    <Data><![CDATA[]]></Data>
    <Ementa />
    <Titulo />
    <SubTitulo />
    <Texto><![CDATA[<p class="identifica">PORTARIA Nº 139, de 5 de março de 2018</p><p>A REITORA DA UNIVERSIDADE FEDERAL DO MARANHÃO, no uso de suas atribuições legais, estatutárias e regimentais; com base no artigo 7º do Decreto nº 7.485/2011, publicado no DOU de 19.05.2011, alterado pelo Decreto nº 8.259, publicado no DOU de 30.05.2014; considerando os artigos 9, 10, 13 e 20 da Lei n° 8.112/90, com redação dada pela Lei nº 9.527/1997, a Lei nº 12.772/2012, alterada pela Lei nº 12.863/2013; e em face ao contido no processo nº 23115.007425/2017-12, resolve:</p><p>Nomear, em caráter efetivo, em virtude de habilitação em concurso público de provas e títulos, homologado pelo Edital PROEN Nº 190/2017, publicado no DOU de nº 200, de 18.10.2017, Seção 3, páginas 51 e 52, JOÃO ANTÔNIO DA SILVA JUNIOR, para exercer o cargo de Professor do Magistério Superior, Classe A, Nível de Vencimento 1, Denominação Professor Auxiliar, sob o regime de trabalho de 20 (vinte) horas semanais de trabalho, na área de Prática Médica/Eixo Integrador/Clínica Médica, no código de vaga nº 0932315, junto a(o) Coordenação do Curso de Medicina do Centro de Ciências Humanas, Naturais, Saúde e Tecnologia/Campus de Pinheiro. A posse ocorrerá no prazo de até 30 (trinta) dias, contados a partir da publicação desta Portaria no Diário Oficial da União.</p><p class="assina">NAIR PORTELA SILVA COUTINHO</p>]]></Texto>
  </body>
</article></xml>