﻿<xml><article id="2025096" name="Portaria 212 e 213" idOficio="4707845" pubName="DO2" artType="Portaria" pubDate="13/03/2018" artClass="00012:00059:00017:00000:00000:00000:00000:00000:00000:00000:00025:00002" artCategory="Ministério da Fazenda/Secretaria do Tesouro Nacional/Subsecretaria de Assuntos Corporativos" artSize="8" artNotes="" numberPage="45" pdfPage="http://pesquisa.in.gov.br/imprensa/jsp/visualiza/index.jsp?data=13/03/2018&amp;jornal=529&amp;pagina=45" editionNumber="49" highlight="" idMateria="10595787">
  <body>
    <Identifica><![CDATA[ PORTARIAS DE 12 DE MARÇO DE 2018]]></Identifica>
    <Data><![CDATA[]]></Data>
    <Ementa />
    <Titulo />
    <SubTitulo />
    <Texto><![CDATA[<p class="identifica">PORTARIAS DE 12 DE MARÇO DE 2018</p><p>O SUBSECRETÁRIO DE ASSUNTOS CORPORATIVOS DA SECRETARIA DO TESOURO NACIONAL, no uso da competência que lhe foi subdelegada no Art. 2º da Portaria STN nº 473, de 21 de agosto de 2013, publicada no DOU de 23 de agosto de 2013, resolve:</p><p>Nº 212 Designar Denilson Livino de Medeiros, Auditor Federal de Finanças e Controle, Matrícula SIAPE nº 01787486, para exercer o encargo de Substituto Eventual do Gerente da Coordenação-Geral de Participações Societárias, da Subsecretaria de Planejamento Estratégico da Política Fiscal, da Secretaria do Tesouro Nacional, Código FCPE 101.2, em seus afastamentos ou impedimentos legais e eventuais.</p><p>Nº 213 Dispensar, a contar de 19 de fevereiro de 2018, Carlos Roberto de Carvalho Junior, Auditor Federal de Finanças e Controle, Matrícula SIAPE nº 01912951, do encargo de Substituto Eventual do Gerente da Coordenação-Geral de Participações Societárias, da Subsecretaria de Planejamento Estratégico da Política Fiscal, da Secretaria do Tesouro Nacional, Código FCPE 101.2.</p><p class="assina">LÍSCIO FÁBIO DE BRASIL CAMARGO</p>]]></Texto>
  </body>
</article></xml>