﻿<xml><article id="2024777" name="2PORT. Nº 216 e 217 - DISPENSA D" idOficio="4707816" pubName="DO2" artType="Portaria" pubDate="13/03/2018" artClass="00011:00001:00000:00000:00000:00000:00000:00000:00000:00000:00025:00003" artCategory="Ministério da Educação/Gabinete do Ministro" artSize="8" artNotes="" numberPage="17" pdfPage="http://pesquisa.in.gov.br/imprensa/jsp/visualiza/index.jsp?data=13/03/2018&amp;jornal=529&amp;pagina=17" editionNumber="49" highlight="" idMateria="10595745">
  <body>
    <Identifica><![CDATA[ PORTARIAS DE 12 DE MARÇO DE 2018]]></Identifica>
    <Data><![CDATA[]]></Data>
    <Ementa />
    <Titulo />
    <SubTitulo />
    <Texto><![CDATA[<p class="identifica">PORTARIAS DE 12 DE MARÇO DE 2018</p><p>O MINISTRO DE ESTADO DA EDUCAÇÃO, no uso da atribuição que lhe confere o art. 87, parágrafo único, inciso IV, da Constituição, e em observância ao disposto no art. 38 da Lei nº 8.112, de 11 de dezembro de 1990, bem como no Decreto nº 8.994, de 1º de março de 2017, resolve:</p><p>Nº 216 - DISPENSAR</p><p>ANTÔNIO ISAIAS SOARES, Matrícula SIAPE nº 0039826, da Função Comissionada Técnica, Código FCT-4, da Secretaria de Educação Superior - SESU-MEC, a contar de 1º de março de 2018.</p><p>Nº 217 - DESIGNAR</p><p>LUIZ CARLOS YUKINORI USHIROBIRA, Matrícula SIAPE nº 0046542, para exercer a Função Comissionada Técnica, Código FCT-4, da Secretaria de Educação Superior - SESU-MEC, ficando dispensado da função que atualmente ocupa.</p><p class="assina">MENDONÇA FILHO</p>]]></Texto>
  </body>
</article></xml>