﻿<xml><article id="2020804" name="PORTARIAS CADE 114-115-116-117 D" idOficio="4707663" pubName="DO2" artType="Portaria" pubDate="13/03/2018" artClass="00015:00012:00017:00001:00000:00000:00000:00000:00000:00000:00025:00001" artCategory="Ministério da Justiça/Conselho Administrativo de Defesa Econômica/Diretoria de Administração e Planejamento/Coordenação-Geral de Gestão de Pessoas" artSize="8" artNotes="" numberPage="46" pdfPage="http://pesquisa.in.gov.br/imprensa/jsp/visualiza/index.jsp?data=13/03/2018&amp;jornal=529&amp;pagina=46" editionNumber="49" highlight="" idMateria="10594932">
  <body>
    <Identifica><![CDATA[ PORTARIAS DE 6 DE MARÇO DE 2018]]></Identifica>
    <Data><![CDATA[]]></Data>
    <Ementa />
    <Titulo />
    <SubTitulo />
    <Texto><![CDATA[<p class="identifica">PORTARIAS DE 6 DE MARÇO DE 2018</p><p>O PRESIDENTE DO CONSELHO ADMINISTRATIVO DE DEFESA ECONÔMICA - CADE, no uso da atribuição que lhe é conferida pelo art. 10, inciso IX da Lei nº 12.529, de 30 de novembro de 2011, resolve:</p><p>Nº 114 - Dispensar, a contar de 18 de janeiro de 2018, CLÁUDIA BARBOSA SANTOS FERREIRA DE SOUZA, do encargo de substituta eventual do cargo em comissão de Chefe de Serviço de Treinamento e Desenvolvimento, da Coordenação-Geral de Gestão de Pessoas da Diretoria de Administração e Planejamento do Conselho Administrativo de Defesa Econômica, código DAS 101.1.</p><p>Nº 115 - Dispensar PATRICK CARVALHO LIBERATO DE MATTOS, do encargo de 2° substituto eventual do cargo em comissão de Chefe de Serviço de Treinamento e Desenvolvimento, da Coordenação-Geral de Gestão de Pessoas da Diretoria de Administração e Planejamento do Conselho Administrativo de Defesa Econômica, código DAS 101.1.</p><p>Nº 116 - Designar CLÍCIA SOARES ROCHA, para exercer o encargo de substituta eventual do cargo em comissão de Chefe de Serviço de Treinamento e Desenvolvimento, da Coordenação-Geral de Gestão de Pessoas da Diretoria de Administração e Planejamento do Conselho Administrativo de Defesa Econômica, código DAS 101.1.</p><p>Nº 117 - Dispensar, a contar de 1° de outubro de 2017, MAÍSA LIMA BRITO, do encargo de 2° substituta eventual do cargo em comissão de Chefe de Serviço de Administração de Pessoal, da Coordenação-Geral de Gestão de Pessoas da Diretoria de Administração e Planejamento do Conselho Administrativo de Defesa Econômica, código DAS 101.1.</p><p class="identifica">PORTARIA Nº 120, DE 7 DE MARÇO DE 2018</p><p>O PRESIDENTE DO CONSELHO ADMINISTRATIVO DE DEFESA ECONÔMICA - CADE, no uso da atribuição que lhe é conferida pelo art. 10, inciso IX da Lei nº 12.529, de 30 de novembro de 2011, resolve:</p><p>Tornar sem efeito a Portaria Cade nº 103, de 02 março de 2018, publicada no DOU de 05 de março de 2018, seção 2, página 42.</p><p class="assina">Alexandre Barreto de Souza</p>]]></Texto>
  </body>
</article></xml>