﻿<xml><article id="2014830" name="PORTARIAS 9-3-18" idOficio="4706765" pubName="DO2" artType="Portaria" pubDate="13/03/2018" artClass="00011:00127:00001:00001:00000:00000:00000:00000:00000:00000:00025:00002" artCategory="Ministério da Educação/Universidade Federal do Recôncavo da Bahia/Reitoria/Gabinete do Reitor" artSize="8" artNotes="" numberPage="37" pdfPage="http://pesquisa.in.gov.br/imprensa/jsp/visualiza/index.jsp?data=13/03/2018&amp;jornal=529&amp;pagina=37" editionNumber="49" highlight="" idMateria="10593472">
  <body>
    <Identifica><![CDATA[ PORTARIAS DE 9 DE MARÇO DE 2018]]></Identifica>
    <Data><![CDATA[]]></Data>
    <Ementa />
    <Titulo />
    <SubTitulo />
    <Texto><![CDATA[<p class="identifica">PORTARIAS DE 9 DE MARÇO DE 2018</p><p>O REITOR DA UNIVERSIDADE FEDERAL DO RECÔNCAVO DA BAHIA, no uso de suas atribuições legais e estatutárias, com fundamento no art. 34 da Lei n° 8.112, de 11/12/1990, resolve:</p><p>N° 136 - Art. 1° Exonerar, a pedido, a partir de 21 de fevereiro de 2018, o servidor SAMUEL RIBEIRO JUNCAL, Matrícula SIAPE nº 1602556, do cargo de Professor do Magistério Superior, Classe A, Auxiliar, Nível 1, em regime de 20 (vinte) horas semanais, código de vaga n° 930203, lotado no Centro de Ciências da Saúde desta Universidade, conforme o que consta no Processo nº 23007.003674/2018-39.</p><p>Art. 2° Declarar vago o respectivo cargo.</p><p>O REITOR DA UNIVERSIDADE FEDERAL DO RECÔNCAVO DA BAHIA, no uso de suas atribuições legais e estatutárias, considerando o que dispõem o inciso I do art. 9º da Lei nº 8.112, de 11/12/1990, o art. 8º da Lei nº 12.772, de 28/12/2012, o art. 7° do Decreto nº 7.485, de 18/05/2011, e a Portaria Interministerial n° 316, de 09/10/2017, resolve:</p><p>N° 137 - Nomear, em caráter efetivo, os candidatos abaixo relacionados, habilitados em Concurso Público de Provas e Títulos objeto do Edital n° 10/2016, publicado no DOU de 31/08/2016, com resultado homologado através da Portaria nº 545, publicada no DOU de 10/07/2017:</p><p>CRISTIANE AGRA PIMENTEL, para exercer o cargo de Professor do Magistério Superior, Classe A, Auxiliar, Nível 1, em regime de Dedicação Exclusiva, matéria Engenharia de Produção/Engenharia de Qualidade e do Trabalho, com lotação no Centro de Ciência e Tecnologia em Energia e Sustentabilidade desta Universidade, na vaga de código nº 0931231.</p><p>ERON PASSOS ANDRADE, para exercer o cargo de Professor do Magistério Superior, Classe A, Assistente A, Nível 1, em regime de Dedicação Exclusiva, matéria Engenharia de Produção/Engenharia Organizacional, com lotação no Centro de Ciência e Tecnologia em Energia e Sustentabilidade desta Universidade, na vaga de código nº 0931232.</p><p>LUCIANO SERGIO HOCEVAR, para exercer o cargo de Professor do Magistério Superior, Classe A, Adjunto A, Nível 1, em regime de Dedicação Exclusiva, matéria Engenharia Química, com lotação no Centro de Ciência e Tecnologia em Energia e Sustentabilidade desta Universidade, na vaga de código nº 0931230.</p><p>REBECCA DA SILVA ANDRADE, para exercer o cargo de Professor do Magistério Superior, Classe A, Adjunto A, Nível 1, em regime de Dedicação Exclusiva, matéria Engenharia Química, com lotação no Centro de Ciência e Tecnologia em Energia e Sustentabilidade desta Universidade, na vaga de código nº 0931229.</p><p>RENATA DE SOUSA MOTA, para exercer o cargo de Professor do Magistério Superior, Classe A, Adjunto A, Nível 1, em regime de Dedicação Exclusiva, matéria Ciências da Saúde, com lotação no Centro de Ciência e Tecnologia em Energia e Sustentabilidade desta Universidade, na vaga de código nº 0931233.</p><p>A posse dos nomeados deverá ocorrer no prazo de 30 (trinta) dias, contados da publicação desta Portaria no Diário Oficial da União, nos termos do § 1º do art. 13 da Lei nº 8.112/1990.</p><p>O REITOR DA UNIVERSIDADE FEDERAL DO RECÔNCAVO DA BAHIA, no uso de suas atribuições legais e estatutárias, considerando o que dispõem o inciso I do art. 9° da Lei nº 8.112, de 11/12/1990, o art. 9° da Lei nº 11.091, de 12/01/2005, o art. 2° do Decreto nº 7.232, de 19/07/2010, e a Portaria Interministerial nº 316, de 09/10/2017, resolve:</p><p>N° 138 - Nomear, em caráter efetivo, DANIELLE NOBRE SANTOS PINHEIRO, habilitada em Concurso Público de Provas objeto do Edital n° 01/2013, publicado no DOU de 29/07/2013, com resultado homologado através da Portaria nº 324, publicada no DOU de 08/05/2014, e prazo de validade prorrogado pela Portaria n° 322, publicada no DOU de 07/04/2016, para exercer o cargo de Médico Veterinário, Grupo/Cargo 701048, Nível Superior, Classe E, Nível de Capacitação I, Padrão 01, em regime de 20 (vinte) horas semanais, na vaga de código n° 0987242.</p><p>A posse da nomeada deverá ocorrer no prazo de 30 (trinta) dias, contados da publicação desta Portaria no Diário Oficial da União, nos termos do § 1º do art. 13 da Lei nº 8.112/1990.</p><p class="assina">Silvio Luiz de Oliveira Soglia</p>]]></Texto>
  </body>
</article></xml>