﻿<xml><article id="2013575" name="wagner -portaria 65-2018-JOSÉ DE" idOficio="4706568" pubName="DO2" artType="Portaria" pubDate="13/03/2018" artClass="00010:00008:00008:00008:00000:00000:00000:00000:00000:00000:00025:00004" artCategory="Ministério da Defesa/Comando do Exército/Comando Militar do Nordeste/7ª Região Militar" artSize="8" artNotes="" numberPage="15" pdfPage="http://pesquisa.in.gov.br/imprensa/jsp/visualiza/index.jsp?data=13/03/2018&amp;jornal=529&amp;pagina=15" editionNumber="49" highlight="" idMateria="10593287">
  <body>
    <Identifica><![CDATA[ PORTARIA Nº 65 - SSIP7/ SS1.2, DE 7 DE MARÇO DE 2018]]></Identifica>
    <Data><![CDATA[]]></Data>
    <Ementa />
    <Titulo />
    <SubTitulo />
    <Texto><![CDATA[<p class="identifica">PORTARIA Nº 65 - SSIP7/ SS1.2, DE 7 DE MARÇO DE 2018</p><p>O COMANDANTE DA 7ª REGIÃO MILITAR, no uso da competência que lhe foi delegada pelo Art. 7º da Portaria nº 1.023, de 10 de outubro de 2013, do Comandante do Exército, resolve</p><p>CONCEDER</p><p>ao Segundo Sargento Reformado (CPF 003.277.354-49) JOSÉ DE OLIVEIRA SIQUEIRA, a contar de 21 de setembro de 2017, os benefícios previstos no inciso V do art. 108, § 1º e letra "b" do § 2º do art. 110, da Lei nº 6.880, de 09 de dezembro de 1980, inciso XV do Art. 3º da Medida Provisória n° 2.215-10, de 31 de agosto de 2001, combinado com o art. 55 da Lei n° 12.702, de 7 de agosto de 2012, por ter sido julgado "Incapaz definitivamente para o serviço do Exército. É inválido. Necessita de assistência direta e permanente ao paciente", não necessita ser submetido a nova inspeção de saúde para revisão dos benefícios. E no inciso XIV do Art. 6º da Lei nº 7.713, de 22 de dezembro de 1988, alterada pelas Leis nº 8.541, de 23 de dezembro de 1992, nº 9.250, de 26 de dezembro de 1995 e nº 11.052, de 29 de dezembro de 2004, a contar de 4 de julho de 2017, em face de ser portador de doença especificada em Lei " Com o prazo de validade do laudo indeterminado", conforme constatado na Ata de Inspeção de Saúde nº 784/2017, sessão nº 32/2017, de 21 de setembro de 2017, do MPGu IV/Recife (HMAR) e Parecer Técnico da SSR/7 nº 119/2018, de 21 de fevereiro de 2018, homologado pelo Inspetor de Saúde do CMNE, em 26 de fevereiro de 2018.</p><p>Gen Div JOSÉ LUIZ JABORANDY RODRIGUES</p><p></p>]]></Texto>
  </body>
</article></xml>