﻿<xml><article id="2025178" name="RETIFICAÇÃO - PORTARIA N° 7, DE " idOficio="4707861" pubName="DO2" artType="Retificação" pubDate="13/03/2018" artClass="00030:00002:00000:00000:00000:00000:00000:00000:00000:00000:00032:00001" artCategory="Ministério dos Direitos Humanos/Secretaria Executiva" artSize="8" artNotes="" numberPage="55" pdfPage="http://pesquisa.in.gov.br/imprensa/jsp/visualiza/index.jsp?data=13/03/2018&amp;jornal=529&amp;pagina=55" editionNumber="49" highlight="" idMateria="10595846">
  <body>
    <Identifica><![CDATA[ RETIFICAÇÃO]]></Identifica>
    <Data><![CDATA[]]></Data>
    <Ementa />
    <Titulo />
    <SubTitulo />
    <Texto><![CDATA[<p class="identifica">RETIFICAÇÃO</p><p>Na Portaria n° 7, de 8 de março de 2018, publicada no Diário Oficial da União de 12 de março de 2018, seção 2, página 55, onde se lê "...que lhe foram conferidas pela Portaria 9, de 16 de fevereiro de 2017..." leia-se "...que lhe foram conferidas pela Portaria nº 160, de 7 de março de 2018...", e onde se lê "Art. 4º. Esta minuta de Portaria entra em vigor na data de sua publicação." leia-se "Art. 4º. Esta Portaria entra em vigor na data de sua publicação."</p>]]></Texto>
  </body>
</article></xml>