﻿<xml><article id="2315322" name="PT FORMATADA - ANTONIO HENRYQUE " idOficio="4706040" pubName="DO2" artType="Portaria" pubDate="29/03/2018" artClass="00017:00002:00025:00000:00000:00000:00000:00000:00000:00000:00025:00001" artCategory="Ministério da Saúde/Secretaria Executiva/Núcleo Estadual na Paraíba" artSize="8" artNotes="" numberPage="54" pdfPage="http://pesquisa.in.gov.br/imprensa/jsp/visualiza/index.jsp?data=29/03/2018&amp;jornal=529&amp;pagina=54" editionNumber="61" highlight="" idMateria="10592369">
  <body>
    <Identifica><![CDATA[ Portaria nº 89, de 7 de Março de 2018]]></Identifica>
    <Data><![CDATA[]]></Data>
    <Ementa />
    <Titulo />
    <SubTitulo />
    <Texto><![CDATA[<p class="identifica">Portaria nº 89, de 7 de Março de 2018</p><p>A Chefe do Serviço de Gestão Administrativa da Divisão de Gestão do Núcleo Estadual da Paraíba, no uso das atribuições que lhe confere a Portaria nº 2492/GM/MS, de 28/09/2017 publicada no D.O.U. nº 205, de 25/10/2017, Portaria nº 1.891 de 30/08/2013, publicada no D.O.U nº 169, de 02/09/2013 e a competência subdelegada pela Portaria nº 1.804/SE/SAA/MS, de 01/10/2013, publicada no D.O.U Nº 192 DE 03/10/2013, resolve:</p><p>CONCEDER APOSENTADORIA VOLUNTÁRIA COM PROVENTOS INTEGRAIS, fundamentada no artigo 3º, incisos I, II, III e Parágrafo Único da Emenda Constitucional nº 47/2005, ao servidor ANTONIO HENRYQUE BANDEIRA DE FARIAS, matrícula SIAPE nº 566.864, ocupante do cargo de Médico, Nível S, Classe "S" do Padrão III, do Quadro de Pessoal deste Ministério, com os proventos mensais correspondentes à totalidade da remuneração do mencionado cargo, acrescido de 13% da Gratificação Adicional por Tempo de Serviço, mais a Gratificação de Desempenho de Atividade Médica (GDM-PST), instituída pela Lei nº 12.702/2012 e demais vantagens inerentes ao Cargo. Processo SIPAR nº 25018.400897/2017-66.</p><p class="assina">Rafael Estrela de Araújo</p>]]></Texto>
  </body>
</article></xml>