﻿<xml><article id="2025343" name="Port 41, 8 MAR 18 PTTC" idOficio="4707865" pubName="DO2" artType="Portaria" pubDate="13/03/2018" artClass="00010:00008:00001:00000:00000:00000:00000:00000:00000:00000:00025:00001" artCategory="Ministério da Defesa/Comando do Exército/Gabinete do Comandante" artSize="8" artNotes="" numberPage="12" pdfPage="http://pesquisa.in.gov.br/imprensa/jsp/visualiza/index.jsp?data=13/03/2018&amp;jornal=529&amp;pagina=12" editionNumber="49" highlight="" idMateria="10595887">
  <body>
    <Identifica><![CDATA[ PORTARIA Nº 41-GAB CMT EX/A1.1, DE 8 DE MARÇO DE 2018]]></Identifica>
    <Data><![CDATA[]]></Data>
    <Ementa />
    <Titulo />
    <SubTitulo />
    <Texto><![CDATA[<p class="identifica">PORTARIA Nº 41-GAB CMT EX/A1.1, DE 8 DE MARÇO DE 2018</p><p>O CHEFE DO GABINETE DO COMANDANTE DO EXÉRCITO, no uso das competências que lhe confere o inciso II, § 1º, do Art. 6º, da Portaria do Comandante do Exército nº 218, de 20 de março de 2017 e considerando o disposto no inciso III, alínea b), § 1º, do Art. 3º, da Lei nº 6880, de 9 de dezembro de 1980, com a redação dada pelo Art. 5º da Lei nº 9.442, de 14 de março de 1997, resolve:</p><p>1. EXONERAR</p><p>"ex-officio", o Cap QAO Refm (Idt 013265362-7) PAULO CESAR BRAGA DE LIMA, do Superior Tribunal Militar (STM), em Brasília-DF, a partir de 1º de abril de 2018, de acordo com a alínea a), do inciso II, do art. 11, da Portaria do Comandante do Exército nº 218, de 20 de março de 2017, de Prestador de Tarefa por Tempo Certo.</p><p>2. NOMEAR</p><p>em caráter excepcional, o Cap QAO Refm (Idt 013265362-7) PAULO CESAR BRAGA DE LIMA, no Superior Tribunal Militar (STM), em Brasília-DF, para Prestador de Tarefa por Tempo Certo, para exercer a tarefa de Assessorar Administrativamente o Gabinete do Gen Ex Luis Carlos Gomes Mattos, Ministro do Superior Tribunal Militar, pelo prazo de 24 (vinte e quatro) meses, a partir de 1º de abril de 2018.</p><p class="assina">Gen Div TOMÁS MIGUEL MINÉ RIBEIRO PAIVA</p>]]></Texto>
  </body>
</article></xml>