﻿<xml><article id="2021259" name="128" idOficio="4707742" pubName="DO2" artType="Portaria" pubDate="13/03/2018" artClass="00011:00033:00001:00001:00000:00000:00000:00000:00000:00000:00025:00002" artCategory="Ministério da Educação/Fundação Universidade Federal de Ouro Preto/Reitoria/Gabinete do Reitor" artSize="8" artNotes="" numberPage="14" pdfPage="http://pesquisa.in.gov.br/imprensa/jsp/visualiza/index.jsp?data=13/03/2018&amp;jornal=529&amp;pagina=14" editionNumber="49" highlight="" idMateria="10595012">
  <body>
    <Identifica><![CDATA[ PORTARIA Nº 128, DE 6 DE MARÇO DE 2018]]></Identifica>
    <Data><![CDATA[]]></Data>
    <Ementa />
    <Titulo />
    <SubTitulo />
    <Texto><![CDATA[<p class="identifica">PORTARIA Nº 128, DE 6 DE MARÇO DE 2018</p><p>A Reitora da Universidade Federal de Ouro Preto, no uso de suas atribuições legais, conferidas pelo Decreto de 08 de fevereiro de 2017, publicado no Diário Oficial da União de 09 de fevereiro de 2017,</p><p>considerando o disposto na Lei nº 12.677, de 25 de junho de 2012,</p><p>considerando o disposto na Portaria MEC nº 1.172, de 17 de setembro de 2012,</p><p>considerando o Memorando nº 04/2018 - PPGEDMAT, de 02 de março de 2018, resolve:</p><p>Prorrogar o mandato da servidora Prof.ª Ana Cristina Ferreira, matrícula SIAPE nº 1.413.014, ocupante do cargo de Professor de Magistério Superior do quadro permanente desta Universidade, no período de 02 a 13 de março de 2018, nos termos da Lei 8.168/91, na função de Coordenadora do Programa de Pós-Graduação em Educação Matemática, nomeada pela Portaria Reitoria nº 107/2016, publicada no Diário Oficial da União nº 34, de 22 de fevereiro de 2016.</p><p class="assina">Cláudia Aparecida Marliére de Lima</p>]]></Texto>
  </body>
</article></xml>