﻿<xml><article id="2016480" name="Nomeação 13 março 2018 - superio" idOficio="4707084" pubName="DO2" artType="Portaria" pubDate="13/03/2018" artClass="00011:00140:00001:00026:00000:00000:00000:00000:00000:00000:00025:00002" artCategory="Ministério da Educação/Universidade Federal de Uberlândia/Reitoria/Pró-Reitoria de Gestão de Pessoas" artSize="24" artNotes="" numberPage="40" pdfPage="http://pesquisa.in.gov.br/imprensa/jsp/visualiza/index.jsp?data=13/03/2018&amp;jornal=529&amp;pagina=40" editionNumber="49" highlight="" idMateria="10593927">
  <body>
    <Identifica><![CDATA[ PORTARIA SEI Nº 528, de 12 de março de 2018]]></Identifica>
    <Data><![CDATA[]]></Data>
    <Ementa />
    <Titulo />
    <SubTitulo />
    <Texto><![CDATA[<p class="identifica">PORTARIA SEI Nº 528, de 12 de março de 2018</p><p>O PRÓ-REITOR DE GESTÃO DE PESSOAS DA UNIVERSIDADE FEDERAL DE UBERLÂNDIA, no uso da competência delegada pela Portaria R nº 095, de 05 de janeiro de 2017, publicada no D.O.U. em 09 de janeiro de 2017, Seção 2, pg. 26, considerando o disposto no Decreto nº 7.485 de 18 de maio de 2011, publicado no D.O.U., em 19/05/2011, alterado pelo Decreto nº 8.259 de 29 de maio de 2014, publicado no D.O.U. em 30/05/2014, resolve:</p><p>Nomear em caráter efetivo, nos termos do inciso I do artigo 9º, da Lei nº 8.112, de 11 de dezembro de 1990, os candidatos relacionados no anexo a esta portaria, habilitados em Concurso Público de Provas e Títulos, para exercer o cargo de Professor do Magistério Superior, na Classe A nível 1.</p><p></p><table><tr /><tr><td><p>Candidato</p></td><td><p>Edital</p></td><td><p>Publicação do edital</p></td><td><p>Regime de trabalho</p></td><td><p>Lotação</p></td><td><p>Código da vaga</p></td><td><p>Decorrência</p></td></tr><tr><td><p>Amanda Danuello Pivatto</p></td><td><p>SEI 013/2017</p></td><td><p>22/09/2017</p></td><td><p>Dedicação Exclusiva</p></td><td><p>IQUFU - Campus Santa Mônica</p></td><td><p>0321432</p></td><td><p>Aposentadoria</p></td></tr><tr><td><p>Carolina Pirtouscheg</p></td><td><p>013/2017</p></td><td><p>13/06/2017</p></td><td><p>40 horas semanais</p></td><td><p>FAMED - Campus Umuarama</p></td><td><p>0321318</p></td><td><p>Exoneração</p></td></tr><tr><td><p>Maria Beatriz Guimarães Ferreira</p></td><td><p>040/2017</p></td><td><p>10/07/2017</p></td><td><p>Dedicação Exclusiva</p></td><td><p>FAMED - Campus Umuarama</p></td><td><p>0319699</p></td><td><p>Aposentadoria</p></td></tr><tr><td><p>Maria Teresa Néri Rosa</p></td><td><p>013/2017</p></td><td><p>13/06/2017</p></td><td><p>40 horas semanais</p></td><td><p>FAMED - Campus Umuarama</p></td><td><p>0321357</p></td><td><p>Aposentadoria</p></td></tr></table><p class="assina">Marcio Magno Costa</p>]]></Texto>
  </body>
</article></xml>