﻿<xml><article id="2020361" name="PORT SAA Nº 86" idOficio="4707552" pubName="DO2" artType="Portaria" pubDate="13/03/2018" artClass="00011:00002:00016:00000:00000:00000:00000:00000:00000:00000:00025:00001" artCategory="Ministério da Educação/Secretaria Executiva/Subsecretaria de Assuntos Administrativos" artSize="8" artNotes="" numberPage="18" pdfPage="http://pesquisa.in.gov.br/imprensa/jsp/visualiza/index.jsp?data=13/03/2018&amp;jornal=529&amp;pagina=18" editionNumber="49" highlight="" idMateria="10594829">
  <body>
    <Identifica><![CDATA[ PORTARIA Nº 86, DE 12 DE MARÇO DE 2018]]></Identifica>
    <Data><![CDATA[]]></Data>
    <Ementa />
    <Titulo />
    <SubTitulo />
    <Texto><![CDATA[<p class="identifica">PORTARIA Nº 86, DE 12 DE MARÇO DE 2018</p><p>O SUBSECRETÁRIO DE ASSUNTOS ADMINISTRATIVOS DO MINISTÉRIO DA EDUCAÇÃO, de conformidade com a delegação de competência outorgada pelo art. 1º da Portaria SEGEP/MP nº 1.166, publicada no DOU de 12 de julho de 2012, e considerando o disposto no §2º do art. 84 da Lei nº 8.112, de 11 de dezembro de 1990, resolve efetivar o seguinte exercício provisório:</p><p>Servidor(a): ROBERTA LAVOR SERBIM UCHOA LOPES</p><p>Mat. SIAPE: 1647493</p><p>Cargo: Técnico de Laboratório Área</p><p>Origem: Fundação Universidade Federal de Rondônia - UNIR</p><p>Para: Universidade Federal do Rio de Janeiro</p><p>- UFRJ</p><p>Processo: 23108.115926/2015-91</p><p>Art. 1º Caberá ao órgão de destino apresentar o(a) servidor(a) ao seu órgão de origem ao término do exercício provisório.</p><p>Art. 2º O exercício provisório objeto desta Portaria cessará caso sobrevenha a desconstituição da entidade familiar cuja unidade se pretende assegurar ou na hipótese de novo deslocamento do cônjuge.</p><p>Art. 3º Esta Portaria entra em vigor na data de sua publicação.</p><p class="assina">JOSEMIR MARTINS DA SILVA</p>]]></Texto>
  </body>
</article></xml>