﻿<xml><article id="2016979" name="P-077 - Designação FCPE 2 -DAIEN" idOficio="4707159" pubName="DO2" artType="Portaria" pubDate="13/03/2018" artClass="00026:00029:00000:00000:00000:00000:00000:00000:00000:00000:00025:00001" artCategory="Ministério do Planejamento, Desenvolvimento e Gestão/Fundação Escola Nacional de Administração Pública" artSize="8" artNotes="" numberPage="54" pdfPage="http://pesquisa.in.gov.br/imprensa/jsp/visualiza/index.jsp?data=13/03/2018&amp;jornal=529&amp;pagina=54" editionNumber="49" highlight="" idMateria="10594042">
  <body>
    <Identifica><![CDATA[ PORTARIA Nº 77, DE 9 DE MARÇO DE 2018]]></Identifica>
    <Data><![CDATA[]]></Data>
    <Ementa />
    <Titulo />
    <SubTitulo />
    <Texto><![CDATA[<p class="identifica">PORTARIA Nº 77, DE 9 DE MARÇO DE 2018</p><p>O PRESIDENTE DA FUNDAÇÃO ESCOLA NACIONAL DE ADMINISTRAÇÃO PÚBLICA - Enap, no uso das atribuições que lhe confere o Estatuto aprovado pelo Decreto nº 8.902, de 10 de novembro de 2016, bem como o disposto na Resolução nº 10, de 6 de março de 2017, resolve:</p><p>Art. 1º Designar a servidora DAIENNE AMARAL MACHADO para a Função Comissionada do Poder Executivo de Assistente, código FCPE 102.2, da Coordenação-Geral de Articulação Institucional, da Diretoria de Inovação e Gestão do Conhecimento desta Fundação.</p><p>Art. 2º Esta Portaria entra em vigor na data de sua publicação.</p><p class="assina">FRANCISCO GAETANI</p>]]></Texto>
  </body>
</article></xml>