﻿<xml><article id="2015593" name="Portaria 98-DG" idOficio="4706929" pubName="DO2" artType="Portaria" pubDate="13/03/2018" artClass="00031:00004:00000:00000:00000:00000:00000:00000:00000:00000:00025:00002" artCategory="Ministério dos Transportes, Portos e Aviação Civil/Agência Nacional de Transportes Aquaviários" artSize="8" artNotes="" numberPage="57" pdfPage="http://pesquisa.in.gov.br/imprensa/jsp/visualiza/index.jsp?data=13/03/2018&amp;jornal=529&amp;pagina=57" editionNumber="49" highlight="" idMateria="10593740">
  <body>
    <Identifica><![CDATA[ PORTARIA Nº 98, DE 11 DE MARÇO DE 2018]]></Identifica>
    <Data><![CDATA[]]></Data>
    <Ementa />
    <Titulo />
    <SubTitulo />
    <Texto><![CDATA[<p class="identifica">PORTARIA Nº 98, DE 11 DE MARÇO DE 2018</p><p>O DIRETOR-GERAL SUBSTITUTO DA AGÊNCIA NACIONAL DE TRANSPORTES AQUAVIÁRIOS - ANTAQ, no uso das atribuições que lhe conferem os incisos IV e VII do art. 20 do Regimento Interno e tendo em vista o deliberado pela Diretoria Colegiada por ocasião de sua 439ª Reunião Ordinária, realizada no dia 9 de março de 2018,resolve:</p><p>Art. 1º Dispensar da Comissão Permanente de Licitação de Arrendamentos Portuários da ANTAQ - CPLA, designada por meio da Portaria nº 285/DG/2017 os seguintes membros:</p><p>I - ARETTA DE ANDRADE ASSIS GOMES, matrícula SIAPE nº 1106072, ocupante do cargo de Técnico em Regulação de Serviços de Transportes Aquaviários;</p><p>II - RAFAEL SOARES MOTA, matrícula SIAPE nº 1545702, ocupante do cargo de Analista Administrativo;</p><p>Art. 2º Designar para compor a Comissão Permanente de Licitação de Arrendamentos Portuários da ANTAQ - CPLA, os seguintes servidores:</p><p>I - Presidente: BRUNO DE OLIVEIRA PINHEIRO, matrícula SIAPE nº 1517403, ocupante do cargo de Especialista em Regulação de Serviços de Transportes Aquaviários;</p><p>II - Membro: GABRIELA COELHO DA COSTA, matrícula SIAPE nº 1906840, ocupante do cargo de Especialista em Regulação de Serviços de Transportes Aquaviários;</p><p>III - Membro: LÍVIA RESENDE LARA, matrícula SIAPE nº 1508121, ocupante do cargo de Especialista em Regulação de Serviços de Transportes Aquaviários;</p><p class="assina">MÁRIO POVIA</p>]]></Texto>
  </body>
</article></xml>