﻿<xml><article id="2020249" name="PORTARIA GAD 12.03.2018 DOU" idOficio="4707546" pubName="DO2" artType="Portaria" pubDate="13/03/2018" artClass="00011:00106:00001:00029:00000:00000:00000:00000:00000:00000:00025:00002" artCategory="Ministério da Educação/Universidade Federal da Bahia/Reitoria/Pró-Reitoria de Desenvolvimento de Pessoas" artSize="8" artNotes="" numberPage="34" pdfPage="http://pesquisa.in.gov.br/imprensa/jsp/visualiza/index.jsp?data=13/03/2018&amp;jornal=529&amp;pagina=34" editionNumber="49" highlight="" idMateria="10594823">
  <body>
    <Identifica><![CDATA[ PORTARIA Nº 242, DE 9 DE MARÇO DE 2018]]></Identifica>
    <Data><![CDATA[]]></Data>
    <Ementa />
    <Titulo />
    <SubTitulo />
    <Texto><![CDATA[<p class="identifica">PORTARIA Nº 242, DE 9 DE MARÇO DE 2018</p><p>A Pró-Reitora de Desenvolvimento de Pessoas da Universidade Federal da Bahia, no uso de suas atribuições previstas na Portaria de Delegação de Competência nº 448, de 17/05/2011, tendo em vista o constante da Lei nº 12.772, de 31/12/2012, do Decreto 7.485, de 19/05/2011 e da Portaria Interministerial nº 313, de 05/08/2015, resolve:</p><p>Nomear, com fundamento no art. 9º, inciso I, da Lei nº 8.112, de 11.12.90, SANDRA CARNEIRO DE OLIVEIRA, habilitado(a) em concurso público de provas e títulos, homologado em 04/05/2017 para o cargo de Professor Adjunto A, Classe A, nível 1, em regime de Dedicação Exclusiva com lotação no Depto. de Educação II do(a) Faculdade de Educação desta Universidade, em vaga de código nº 0216064.</p><p class="assina">LORENE LOUISE SILVA PINTO</p>]]></Texto>
  </body>
</article></xml>