﻿<xml><article id="2018062" name="PORT517-2018-DPMM-TRRM" idOficio="4707254" pubName="DO2" artType="Portaria" pubDate="13/03/2018" artClass="00010:00007:00014:00006:00000:00000:00000:00000:00000:00000:00025:00002" artCategory="Ministério da Defesa/Comando da Marinha/Diretoria-Geral do Pessoal/Diretoria do Pessoal Militar" artSize="8" artNotes="" numberPage="10" pdfPage="http://pesquisa.in.gov.br/imprensa/jsp/visualiza/index.jsp?data=13/03/2018&amp;jornal=529&amp;pagina=10" editionNumber="49" highlight="" idMateria="10594292">
  <body>
    <Identifica><![CDATA[ PORTARIA Nº 517/DPMM, DE 12 DE MARÇO DE 2018]]></Identifica>
    <Data><![CDATA[]]></Data>
    <Ementa />
    <Titulo />
    <SubTitulo />
    <Texto><![CDATA[<p class="identifica">PORTARIA Nº 517/DPMM, DE 12 DE MARÇO DE 2018</p><p>O DIRETOR DO PESSOAL MILITAR DA MARINHA, no uso da subdelegação de competência que lhe confere o contido na alínea a, do inciso V, do art. 1o, do Anexo B, da Portaria no24, de 9 de março de 2017, do Diretor-Geral do Pessoal da Marinha, e de acordo com o disposto nos art. 50, inciso II; 94, inciso I; 96, inciso I; e 97, da Lei no6.880, de 9 de dezembro de 1980, alterada pela Medida Provisória no2.215-10, de 31 de agosto de 2001, e combinado com o previsto no inciso I, art. 4o, do Anexo I, do Decreto no4.780, de 15 de julho de 2003, resolve:</p><p>Art. 1oTransferir para a Reserva Remunerada (RM1) os militares abaixo relacionados, com as remunerações a que fazem jus, observado o contido nos art. 10, incisos I, II, III, IV; e 30 da referida Medida Provisória:</p><p>SO-DT 86.1634.00 DURVAL GONÇALVES DOS SANTOS JÚNIOR;</p><p>SO-AM 86.1665.65 ALEXANDRE DA SILVA PIMENTEL;</p><p>SO-CI 86.1899.56 CRISTIANO OLIVEIRA DA SILVA;</p><p>SO-MA 86.1900.83 JOSÉ HUGO FERREIRA DE SOUZA; e</p><p>SO-EF 86.4547.22 EDNA DO SOCORRO SANTANA MONTEIRO.</p><p>Art. 2oEsta Portaria entra em vigor na presente data.</p><p class="assina">Vice.Alte ANTONIO REGINALDO PONTES LIMA JUNIOR</p>]]></Texto>
  </body>
</article></xml>