﻿<xml><article id="2017605" name="GM_PORT-169" idOficio="4707150" pubName="DO2" artType="Portaria" pubDate="13/03/2018" artClass="00027:00001:00000:00000:00000:00000:00000:00000:00000:00000:00025:00001" artCategory="Ministério do Trabalho/Gabinete do Ministro" artSize="8" artNotes="" numberPage="55" pdfPage="http://pesquisa.in.gov.br/imprensa/jsp/visualiza/index.jsp?data=13/03/2018&amp;jornal=529&amp;pagina=55" editionNumber="49" highlight="" idMateria="10594060">
  <body>
    <Identifica><![CDATA[ PORTARIA Nº 169, DE 12 DE MARÇO DE 2018]]></Identifica>
    <Data><![CDATA[]]></Data>
    <Ementa />
    <Titulo />
    <SubTitulo />
    <Texto><![CDATA[<p class="identifica">PORTARIA Nº 169, DE 12 DE MARÇO DE 2018</p><p>O MINISTRO DE ESTADO DO TRABALHO - SUBSTITUTO, no uso da competência que lhe foi delegada nos termos do inciso II, art. 3º, do Decreto nº 8.821, de 26 de julho de 2016, publicado no Diário Oficial da União, Edição Extra, de 26 de julho de 2016, e tendo em vista o disposto no Decreto nº 8.894, de 3 de novembro de 2016, publicado no Diário Oficial da União de 4 de novembro de 2016, resolve:</p><p>Exonerar MIGUEL ELIAS HANNA, CPF nº ***.167.671-**, matrícula Siape nº 2384880, do cargo em comissão de Coordenador-Geral de Prestação de Contas, da Secretaria de Políticas Públicas de Emprego, código DAS 101.4, deste Ministério.</p><p class="assina">HELTON YOMURA</p>]]></Texto>
  </body>
</article></xml>