﻿<xml><article id="2016336" name="PT 282 - 09.03.2018 - SEI Nº DIG" idOficio="4707049" pubName="DO2" artType="Portaria" pubDate="13/03/2018" artClass="00017:00002:00029:00108:00005:00000:00000:00000:00000:00000:00025:00004" artCategory="Ministério da Saúde/Secretaria Executiva/Núcleo Estadual no Rio de Janeiro/Divisão de Gestão Administrativa/Serviço de Pessoal Inativo" artSize="8" artNotes="" numberPage="47" pdfPage="http://pesquisa.in.gov.br/imprensa/jsp/visualiza/index.jsp?data=13/03/2018&amp;jornal=529&amp;pagina=47" editionNumber="49" highlight="" idMateria="10593901">
  <body>
    <Identifica><![CDATA[ PORTARIA Nº 282, DE 9 DE MARÇO DE 2018]]></Identifica>
    <Data><![CDATA[]]></Data>
    <Ementa />
    <Titulo />
    <SubTitulo />
    <Texto><![CDATA[<p class="identifica">PORTARIA Nº 282, DE 9 DE MARÇO DE 2018</p><p>A CHEFE SUBSTITUTA DA DIVISÃO DE GESTÃO ADMINISTRATIVA DA COORDENAÇÃO DE GESTÃO DO NÚCLEO ESTADUAL DO MINISTÉRIO DA SAÚDE NO ESTADO DO RIO DE JANEIRO, no uso das atribuições conferidas pela PT/CGRH/SAA/MS nº 1804, de 01/10/2013, publicada no Diário Oficial da União (DOU) nº 192, de 03/10/2013 e à vista das informações constante no Processo nº 25001.017463/2017-88, resolve:</p><p>Conceder Pensão ao Filho Maior Invalido JORGE LUIZ DE JESUS AZEVEDO, com fundamento no artigo 217, inciso II, alínea "a", da Lei nº 8.112/90, combinado com o artigo 40, parágrafo 7º, da Constituição Federal de 1988, com redação dada pela Emenda Constitucional nº 41/2003, regulamentada pelo artigo 2º, inciso I, da Lei nº 10.887/2004, em face do falecimento ocorrido em 03.03.2010, do servidor Ativo WILSON DOMINGOS DE AZEVEDO, Matrícula SIAPE nº 0.638.259 (Identificação Única nº 0.638.259-2, Agente de Vigilância, Nível Intermediário, Classe "S", Padrão III, do Quadro de Pessoal deste Ministério, correspondendo a 50% (cinquenta por cento) do benefício destinado a Pensão, a partir da data do requerimento, passando JANE DAGMAR DE JESUS AZEVEDO, detentora da Pensão já concedida, a perceber 50%(cinquenta por cento) do beneficio.</p><p class="assina">KARINA ORNELAS DOS SANTOS LATORRACA</p>]]></Texto>
  </body>
</article></xml>