﻿<xml><article id="2014695" name="221" idOficio="4706787" pubName="DO2" artType="Portaria" pubDate="13/03/2018" artClass="00010:00007:00010:00012:00000:00000:00000:00000:00000:00000:00025:00002" artCategory="Ministério da Defesa/Comando da Marinha/Comando-Geral do Corpo de Fuzileiros Navais/Comando do Pessoal de Fuzileiros Navais" artSize="8" artNotes="ok" numberPage="9" pdfPage="http://pesquisa.in.gov.br/imprensa/jsp/visualiza/index.jsp?data=13/03/2018&amp;jornal=529&amp;pagina=9" editionNumber="49" highlight="" idMateria="10593524">
  <body>
    <Identifica><![CDATA[ PORTARIA Nº 221/CPesFN, DE 9 DE MARÇO DE 2018]]></Identifica>
    <Data><![CDATA[]]></Data>
    <Ementa />
    <Titulo />
    <SubTitulo />
    <Texto><![CDATA[<p class="identifica">PORTARIA Nº 221/CPesFN, DE 9 DE MARÇO DE 2018</p><p>O COMANDANTE DO PESSOAL DE FUZILEIROS NAVAIS, no uso das atribuições que lhe confere o inciso II do art. 19 do Decreto no 4.034, de 26NOV2001 - Regulamento de Promoções de Praças da Marinha (RPPM), resolve:</p><p>Art. 1º Promover "post-mortem" à graduação de Terceiro-Sargento, o ex-CBFN- MO 86.2487.15 SAMUEL PACHECO MANGUEIRA , falecido em 13NOV2017, vítima de acidente em serviço, segundo solução da sindicância instaurada por meio da Portaria n° 20/2017, do Batalhão de Viaturas Anfíbias, de acordo com o disposto no art. 1o da Lei no 5.195, de 24DEZ1966, combinado com o previsto na alínea f, do art. 1o do Decreto no 57.272, de 16NOV1965, alterado pelo previsto nos Decretos no 64.517, de 15MAI1969 e no 90.900, d 05FEV1985, ficando assegurada aos seus beneficiários a pensão militar correspondente à graduação de Terceiro-Sargento, a partir da data do seu falecimento, nos termos do contido nos arts. 15 e 21 da Lei no 3.765, de 04MAI1960, alterados, respectivamente, pelo disposto no art. 27 da Medida Provisória no 2.215-10, de 31AGO2001, regulamentada pelo Decreto nº 4.307, de 18JUL2002 e no Decreto-Lei no 197, de 24FEV1967.</p><p>Art. 2º Esta Portaria entra em vigor na presente data.</p><p class="assina">V. Alte. (FN) JORGE ARMANDO NERY SOARES</p>]]></Texto>
  </body>
</article></xml>