﻿<xml><article id="2018284" name="Gabarito Despacho de Afastamento" idOficio="4707258" pubName="DO2" artType="Despacho" pubDate="13/03/2018" artClass="00011:00028:00000:00000:00000:00000:00000:00000:00000:00000:00019:00001" artCategory="Ministério da Educação/Fundação Universidade Federal de Ciências da Saúde de Porto Alegre" artSize="8" artNotes="" numberPage="21" pdfPage="http://pesquisa.in.gov.br/imprensa/jsp/visualiza/index.jsp?data=13/03/2018&amp;jornal=529&amp;pagina=21" editionNumber="49" highlight="" idMateria="10594302">
  <body>
    <Identifica><![CDATA[DESPACHOS DE 12 DE MARÇO DE 2018]]></Identifica>
    <Data><![CDATA[]]></Data>
    <Ementa />
    <Titulo />
    <SubTitulo />
    <Texto><![CDATA[<p class="identifica">DESPACHOS DE 12 DE MARÇO DE 2018</p><p>A Reitora da Fundação Universidade Federal de Ciências da Saúde de Porto Alegre, no uso da competência que lhe foi subdelegada pela Portaria GM/MEC nº 404, de 23/04/2009, resolve:</p><p>Autorizar o afastamento da servidora ANA MARIA SANDRI, Professora do Magistério Superior, no período de 19/04 a 26/04/2018 trânsito incluído, para participar do "28th Congresso of Clinical Microbiology and Infectious Diseases", em Madri, Espanha, com ônus limitado (Processo nº 23103.001400/2018-17).</p><p>Autorizar o afastamento do servidor CRISTIANO BONATO BOTH, Professor do Magistério Superior, no período de 27/05 a 03/06/2018 trânsito incluído, para participar do "Evento: Futebol Union of Telecommunications Research Facilities for an EU-Brazil Open Laboratory", em Dublin, Irlanda, com ônus limitado (Processo nº 23103.001416/2018-20).</p><p class="assina">LUCIA CAMPOS PELLANDA</p>]]></Texto>
  </body>
</article></xml>