﻿<xml><article id="2015827" name="PRFB368A371" idOficio="4706984" pubName="DO2" artType="Portaria" pubDate="13/03/2018" artClass="00012:00055:00000:00000:00000:00000:00000:00000:00000:00000:00019:00002" artCategory="Ministério da Fazenda/Secretaria da Receita Federal do Brasil" artSize="8" artNotes="" numberPage="43" pdfPage="http://pesquisa.in.gov.br/imprensa/jsp/visualiza/index.jsp?data=13/03/2018&amp;jornal=529&amp;pagina=43" editionNumber="49" highlight="" idMateria="10593794">
  <body>
    <Identifica><![CDATA[ PORTARIAS DE 9 DE MARÇO DE 2018]]></Identifica>
    <Data><![CDATA[]]></Data>
    <Ementa />
    <Titulo />
    <SubTitulo />
    <Texto><![CDATA[<p class="identifica">PORTARIAS DE 9 DE MARÇO DE 2018</p><p>O SECRETÁRIO DA RECEITA FEDERAL DO BRASIL, no uso das competências que lhe foram delegada e subdelegada, respectivamente, pelas Portarias MF nºs 392 e 393, de 14 de julho de 2009, alteradas pela Portaria MF nº 100, de 28 de março de 2017, o disposto no § 4º do art. 2º da Portaria MF nº 341, de 12 de julho de 2011, alterada pelas Portarias MF Nº 571, de 04 de dezembro de 2013, Nº 510, 16 de dezembro de 2014, e Nº 17, de 21 de janeiro de 2016, e considerando ainda o inciso XXIII do art. 327 do Regimento Interno da RFB, aprovado pela Portaria MF nº 430, de 09 de outubro de 2017, resolve:</p><p>Nº 368 Dispensar o Auditor-Fiscal da Receita Federal do Brasil DIEGO DE SOUSA FARIA, matrícula Siapecad nº 1293541, do Encargo de Substituto Eventual do Presidente da Décima Quinta Turma da Delegacia da Receita Federal do Brasil de Julgamento em Ribeirão Preto (SP), localizada em Campinas (SP), FCPE-101.2.</p><p>Nº 369 Designar o Auditor-Fiscal da Receita Federal do Brasil DIEGO DE SOUSA FARIA, matrícula Siapecad nº 1293541, para exercer a Função Comissionada do Poder Executivo de Presidente da Décima Quinta Turma da Delegacia da Receita Federal do Brasil de Julgamento em Ribeirão Preto (SP), localizada em Campinas (SP), FCPE-101.2.</p><p>O SECRETÁRIO DA RECEITA FEDERAL DO BRASIL, no uso das competências que lhe foram delegada e subdelegada, respectivamente, pelas Portarias MF nºs 392 e 393, de 14 de julho de 2009, alteradas pela Portaria MF nº 100, de 28 de março de 2017, o disposto no § 4º do art. 2º da Portaria MF nº 341, de 12 de julho de 2011, alterada pelas Portarias MF Nº 571, de 04 de dezembro de 2013, Nº 510, 16 de dezembro de 2014, e Nº 17, de 21 de janeiro de 2016, e considerando ainda o inciso XXIII do art. 327 do Regimento Interno da RFB, aprovado pela Portaria MF nº 430, de 09 de outubro de 2017, resolve:</p><p>Nº 370 Dispensar a Auditora-Fiscal da Receita Federal do Brasil JAQUELINE RAQUEL VAZ DE OLIVEIRA, matrícula Siapecad nº 1572893, do encargo de Substituto Eventual do Presidente da Décima Terceira Turma da Delegacia da Receita Federal do Brasil de Julgamento em Ribeirão Preto (SP), localizada em Campinas (SP), código FCPE-101.2.</p><p>Nº 371 Designar a Auditora-Fiscal da Receita Federal do Brasil ANA PAULA GUIMARÃES HAYDT, matrícula Siapecad nº 1571174, para ocupar o encargo de Substituto Eventual do Presidente da Décima Terceira Turma da Delegacia da Receita Federal do Brasil de Julgamento em Ribeirão Preto (SP), localizada em Campinas (SP), código FCPE-101.2.</p><p class="assina">JORGE ANTONIO DEHER RACHID</p>]]></Texto>
  </body>
</article></xml>