﻿<xml><article id="2036370" name="P068_2018" idOficio="4705257" pubName="DO2" artType="Portaria" pubDate="14/03/2018" artClass="00038:00051:00001:00000:00000:00000:00000:00000:00000:00000:00025:00001" artCategory="Poder Judiciário/Tribunal Regional do Trabalho da 12ª Região/Presidência" artSize="8" artNotes="" numberPage="66" pdfPage="http://pesquisa.in.gov.br/imprensa/jsp/visualiza/index.jsp?data=14/03/2018&amp;jornal=529&amp;pagina=66" editionNumber="50" highlight="" idMateria="10590359">
  <body>
    <Identifica><![CDATA[  PORTARIA nº 68, de 7 de março de 2018]]></Identifica>
    <Data><![CDATA[]]></Data>
    <Ementa />
    <Titulo />
    <SubTitulo />
    <Texto><![CDATA[<p class="identifica">PORTARIA nº 68, de 7 de março de 2018</p><p>A PRESIDENTE DO TRIBUNAL REGIONAL DO TRABALHO DA 12ª REGIÃO, no uso de suas atribuições legais e regimentais, e considerando o disposto no artigo 12 da Resolução CSJT nº 110/2012 e o que consta no expediente protocolizado sob PROAD nº 12641/2017, - REMOVE, a pedido, a partir de 14 de março de 2018, TEODORO FERREIRA, Judiciário, Área Apoio Especializado, Especialidade Tecnologia da Informação, A, padrão 3, matrícula nº 4406, integrante do Quadro Permanente de Pessoal da Secretaria deste Tribunal, o Tribunal Regional do Trabalho da 1ª Região, mediante permuta com o servidor Yuri Silvestre Barbosa, sendo-lhe concedidos 10 (dez) dias de trânsito; II - LOTA, em virtude do disposto no item I, YURI SILVESTRE BARBOSA, Analista Judiciário, Área Apoio Especializado, Especialidade Tecnologia da Informação, do Quadro de Pessoal do Tribunal Regional do Trabalho da 1ª Região, no Serviço de Desenvolvimento de Sistemas, a partir de 14 de março de 2018.</p><p class="assina">MARI ELEDA MIGLIORINI</p>]]></Texto>
  </body>
</article></xml>