﻿<xml><article id="2024897" name="PT_214_AISA" idOficio="4707819" pubName="DO2" artType="Portaria" pubDate="13/03/2018" artClass="00017:00002:00000:00000:00000:00000:00000:00000:00000:00000:00025:00001" artCategory="Ministério da Saúde/Secretaria Executiva" artSize="8" artNotes="" numberPage="46" pdfPage="http://pesquisa.in.gov.br/imprensa/jsp/visualiza/index.jsp?data=13/03/2018&amp;jornal=529&amp;pagina=46" editionNumber="49" highlight="" idMateria="10595750">
  <body>
    <Identifica><![CDATA[ PORTARIA Nº 214, DE 12 DE MARÇO DE 2018]]></Identifica>
    <Data><![CDATA[]]></Data>
    <Ementa />
    <Titulo />
    <SubTitulo />
    <Texto><![CDATA[<p class="identifica">PORTARIA Nº 214, DE 12 DE MARÇO DE 2018</p><p>O SECRETÁRIO-EXECUTIVO SUBSTITUTO DO MINISTÉRIO DA SAÚDE, no uso da competência que lhe foi subdelegada pela Portaria nº 1.339, publicada no Diário Oficial da União nº 125, de 29 de junho de 2012, e na forma do disposto no Decreto nº 1.387, de 7 de fevereiro de 1995, resolve:</p><p>Autorizar o afastamento do País da servidora LÍBIA ROBERTA DE OLIVEIRA SOUZA, matrícula no SIAPE nº 2245725, Tecnologista em exercício no Programa Nacional de Imunizações - PNI, da Secretaria de Vigilância em Saúde, com a finalidade de participar de Módulo Presencial do Programa de Epidemiologia para Gestores de Saúde, baseado em Internet (PCE 2018), promovido pela Universidade Johns Hopkins na Faculdade de Medicina da Universidade Autônoma do México, na cidade do México, no período de 23 de março a 1º de abril de 2018, inclusive trânsito, com ônus para o MS (Processo nº 25000.032896/2018-54).</p><p class="assina">PAULO MARCOS C. R. DE OLIVEIRA</p>]]></Texto>
  </body>
</article></xml>