﻿<xml><article id="2016943" name="Ct91" idOficio="4707156" pubName="DO2" artType="Despacho" pubDate="13/03/2018" artClass="00026:00005:00000:00000:00000:00000:00000:00000:00000:00000:00019:00005" artCategory="Ministério do Planejamento, Desenvolvimento e Gestão/Banco Nacional de Desenvolvimento Econômico e Social" artSize="8" artNotes="" numberPage="54" pdfPage="http://pesquisa.in.gov.br/imprensa/jsp/visualiza/index.jsp?data=13/03/2018&amp;jornal=529&amp;pagina=54" editionNumber="49" highlight="" idMateria="10594036">
  <body>
    <Identifica><![CDATA[ DESPACHO DE 8 de fevereiro de 2018]]></Identifica>
    <Data><![CDATA[]]></Data>
    <Ementa />
    <Titulo />
    <SubTitulo />
    <Texto><![CDATA[<p class="identifica">DESPACHO DE 8 de fevereiro de 2018</p><p>Afastamento do País autorizado pelo Diretor Carlos Alexandre Jorge da Costa em 08/02/2018, de acordo com a subdelegação de competência prevista na Portaria PRESI nº 110/2017-BNDES, de 04/04/2017, do Presidente do BNDES:</p><p>CARLOS RENATO PEREIRA COTOVIO, superintendente, para participação no Fórum CIO Leadership, da Gartner, em Los Angeles/EUA; no período de 25/03/2018 a 27/03/2018, com ônus (Processo de Viagem ao Exterior nº 201880046).</p><p class="assina">CARLOS ALEXANDRE JORGE DA COSTA</p>]]></Texto>
  </body>
</article></xml>