﻿<xml><article id="2015830" name="PRFB373" idOficio="4706984" pubName="DO2" artType="Portaria" pubDate="13/03/2018" artClass="00012:00055:00000:00000:00000:00000:00000:00000:00000:00000:00019:00003" artCategory="Ministério da Fazenda/Secretaria da Receita Federal do Brasil" artSize="8" artNotes="" numberPage="44" pdfPage="http://pesquisa.in.gov.br/imprensa/jsp/visualiza/index.jsp?data=13/03/2018&amp;jornal=529&amp;pagina=44" editionNumber="49" highlight="" idMateria="10593795">
  <body>
    <Identifica><![CDATA[ PORTARIA Nº 373, DE 9 DE MARÇO DE 2018]]></Identifica>
    <Data><![CDATA[]]></Data>
    <Ementa />
    <Titulo />
    <SubTitulo />
    <Texto><![CDATA[<p class="identifica">PORTARIA Nº 373, DE 9 DE MARÇO DE 2018</p><p>O SECRETÁRIO DA RECEITA FEDERAL DO BRASIL, no uso da atribuição que lhe confere o inciso X, do art. 327, do Regimento Interno da Secretaria da Receita Federal do Brasil, aprovado pela Portaria MF nº 430, de 9 de outubro de 2017, considerando o disposto no art. 25 da Lei nº 8.112, de 11 de dezembro de 1990, e tendo em vista o que consta do Processo Administrativo nº 10950.723350/2017-19, resolve:</p><p>Art. 1º Reverter à atividade a Analista-Tributária da Receita Federal do Brasil, NILSE TERUMI SATO, do quadro de pessoal do Ministério da Fazenda, matrículas Siape nº 0148170 e Siapecad nº 001674, aposentado voluntariamente por intermédio da Portaria SAMF/PR nº 111, de 3 de julho de 2015, publicada no DOU nº 127, de 7 de julho de 2015, na classe Especial, Padrão III (reestruturado pela Lei 13.464/2017, em vaga de Código nº 0055341.</p><p>Art. 2º Lotar a servidora na Delegacia da Receita Federal do Brasil em Maringá/PR.</p><p>Art. 3º Esta portaria entra em vigor na data de sua publicação no Diário Oficial da União.</p><p class="assina">JORGE ANTONIO DEHER RACHID</p>]]></Texto>
  </body>
</article></xml>