﻿<xml><article id="2019360" name="Can Designação - Joelma" idOficio="4707435" pubName="DO2" artType="Ato" pubDate="13/03/2018" artClass="00038:00061:00004:00000:00000:00000:00000:00000:00000:00000:00001:00001" artCategory="Poder Judiciário/Serviço Notarial e de Registro/CARTÓRIO DO 2º OFICIO DE REGISTRO CIVIL TITULOS E DOCUMENTOS E PESSOAS JURIDICA DE BRASILIA" artSize="8" artNotes="" numberPage="89" pdfPage="http://pesquisa.in.gov.br/imprensa/jsp/visualiza/index.jsp?data=13/03/2018&amp;jornal=529&amp;pagina=89" editionNumber="49" highlight="" idMateria="10594601">
  <body>
    <Identifica><![CDATA[PORTARIA nº  1, de 20 de fevereiro de 2018]]></Identifica>
    <Data><![CDATA[]]></Data>
    <Ementa />
    <Titulo />
    <SubTitulo />
    <Texto><![CDATA[<p class="identifica">PORTARIA nº 1, de 20 de fevereiro de 2018</p><p>JESSÉ PEREIRA ALVES, oficial do Cartório do 2º Ofício de Registro Civil Títulos e Documentos e Pessoas Jurídicas de Brasília, no uso de suas atribuições legais e com fundamento no Artigo 20, da Lei 8.935, de 18/11/1994, resolve:</p><p>Cancelar a Designação de Escrevente Autorizada de JOELMA CUSTODIO DE SOUZA, CPF nº 050.407.131-93, a partir do dia 13.02.2018.</p><p class="assina">Jessé Pereira Alves</p>]]></Texto>
  </body>
</article></xml>