﻿<xml><article id="2020737" name="PORTARIA 122" idOficio="4707612" pubName="DO2" artType="Portaria" pubDate="13/03/2018" artClass="00010:00008:00024:06902:00000:00000:00000:00000:00000:00000:00025:00002" artCategory="Ministério da Defesa/Comando do Exército/Departamento-Geral do Pessoal/Diretoria de Civis, Inativos, Pensionistas e Assistência Social" artSize="8" artNotes="" numberPage="16" pdfPage="http://pesquisa.in.gov.br/imprensa/jsp/visualiza/index.jsp?data=13/03/2018&amp;jornal=529&amp;pagina=16" editionNumber="49" highlight="" idMateria="10594890">
  <body>
    <Identifica><![CDATA[ Portaria nº 122-DCIPAS/SPC, de 12 de março de 2018]]></Identifica>
    <Data><![CDATA[]]></Data>
    <Ementa />
    <Titulo />
    <SubTitulo />
    <Texto><![CDATA[<p class="identifica">Portaria nº 122-DCIPAS/SPC, de 12 de março de 2018</p><p>O DIRETOR DE CIVIS, INATIVOS, PENSIONISTAS E ASSISTÊNCIA SOCIAL, no uso da competência que lhe foi subdelegada pelo Chefe do Departamento-Geral do Pessoal, por meio da Portaria nº 192-DGP, de 1º de outubro de 2015, e tendo em vista a manifestação do Ministro do Planejamento, Desenvolvimento e Gestão, exarada na Portaria nº 203, de 29 de junho de 2017, publicada no DOU nº 124, de 30 de junho de 2017, Seção 1, página 96, resolve</p><p>NOMEAR, para ocupar cargo efetivo de Professor do Magistério Superior, na Linha de Pesquisa de Estudos da Paz e da Guerra, na Área de Avaliação de História Comparada, no Quadro de Pessoal Civil da Escola de Comando e Estado-Maior do Exército, no Rio de Janeiro - RJ, a candidata habilitada em concurso Ana Luiza Bravo e Paiva, em vaga decorrente da aposentadoria de Sarita Lea Schaffel, publicada no DOU de 18 de junho de 2012, código nº 27571.</p><p>A posse por parte da candidata ora nomeada dar-se-á durante o prazo de trinta dias, contados da data da publicação desta Portaria, desde que satisfaça as disposições contidas no Edital nº 1/ECEME, de 6 de outubro de 2017, publicado no Diário Oficial da União nº 194, de 9 de outubro de 2017, Seção 3, páginas 25 a 28.</p><p>O provimento inicial ocorrerá na Classe A, Nível 1.</p><p class="assina">Gen Bda SELMO UMBERTO PEREIRA</p>]]></Texto>
  </body>
</article></xml>