﻿<xml><article id="2016850" name="Ct090" idOficio="4707062" pubName="DO2" artType="Despacho" pubDate="13/03/2018" artClass="00026:00005:00000:00000:00000:00000:00000:00000:00000:00000:00019:00001" artCategory="Ministério do Planejamento, Desenvolvimento e Gestão/Banco Nacional de Desenvolvimento Econômico e Social" artSize="8" artNotes="" numberPage="53" pdfPage="http://pesquisa.in.gov.br/imprensa/jsp/visualiza/index.jsp?data=13/03/2018&amp;jornal=529&amp;pagina=53" editionNumber="49" highlight="" idMateria="10593785">
  <body>
    <Identifica><![CDATA[ DESPACHO DE 8 de março de 2018]]></Identifica>
    <Data><![CDATA[]]></Data>
    <Ementa />
    <Titulo />
    <SubTitulo />
    <Texto><![CDATA[<p></p><p class="identifica">DESPACHO DE 8 de março de 2018</p><p>Afastamento do País autorizado pelo Presidente em exercício do BNDES em 08/03/2018, na forma do disposto no Decreto nº 1.387, de 7 de fevereiro de 1995, e de acordo com a subdelegação de competência prevista na Portaria nº 167, de 25 de maio de 2016, do Ministro de Estado do Planejamento, Desenvolvimento e Gestão:</p><p>BERNARDO MATTOS SANTANA, economista, para participar de treinamento e exame de certificação CP3P, em Madri/Espanha; no período de 14/04/2018 a 27/04/2018, inclusive trânsito, com ônus (Processo de Viagem ao Exterior nº 42087).</p><p class="assina">RICARDO LUIZ DE SOUZA RAMOS</p><p class="identifica">DESPACHO DE 8 DE MARÇO DE 2018</p><p>Afastamento do País autorizado pelo Presidente em exercício do BNDES em 08/03/2018, na forma do disposto no Decreto nº 1.387, de 7 de fevereiro de 1995, e de acordo com a subdelegação de competência prevista na Portaria nº 167, de 25 de maio de 2016, do Ministro de Estado do Planejamento, Desenvolvimento e Gestão:</p><p>FREDERICO SANTOS PEDROZA FERREIRA VALENTE, assessor, para participar de treinamento e exame de certificação CP3P, em Madri/Espanha; no período de 14/04/2018 a 27/04/2018, inclusive trânsito, com ônus (Processo de Viagem ao Exterior nº 42083).</p><p>Afastamento do País autorizado pelo Presidente em exercício do BNDES em 08/03/2018, na forma do disposto no Decreto nº 1.387, de 7 de fevereiro de 1995, e de acordo com a subdelegação de competência prevista na Portaria nº 167, de 25 de maio de 2016, do Ministro de Estado do Planejamento, Desenvolvimento e Gestão:</p><p>CLAUDIA PIMENTEL TRINDADE PRATES, diretora, para evento da Comissão da Economia Alemã para América Latina, em Berlim/Alemanha; no período de 14/03/2018 a 17/03/2018, inclusive trânsito, com ônus (Processo de Viagem ao Exterior nº 42256).</p><p class="assina">RICARDO LUIZ DE SOUZA RAMOS</p>]]></Texto>
  </body>
</article></xml>