﻿<xml><article id="2036379" name="ProReitoria Aposent HU 14MAR18" idOficio="4705486" pubName="DO2" artType="Portaria" pubDate="14/03/2018" artClass="00011:00136:00051:00000:00000:00000:00000:00000:00000:00000:00025:00002" artCategory="Ministério da Educação/Universidade Federal de São Paulo/Pró-Reitoria de Gestão com Pessoas" artSize="8" artNotes="" numberPage="33" pdfPage="http://pesquisa.in.gov.br/imprensa/jsp/visualiza/index.jsp?data=14/03/2018&amp;jornal=529&amp;pagina=33" editionNumber="50" highlight="" idMateria="10590886">
  <body>
    <Identifica><![CDATA[ PORTARIA Nº 792, DE 7 DE MARÇO DE 2018]]></Identifica>
    <Data><![CDATA[]]></Data>
    <Ementa />
    <Titulo />
    <SubTitulo />
    <Texto><![CDATA[<p class="identifica">PORTARIA Nº 792, DE 7 DE MARÇO DE 2018</p><p>O Pró-Reitor de Gestão com Pessoas da Universidade Federal de São Paulo, no uso da competência que lhe foi delegada pela Portaria nº 1.312, publicada no D.O.U. de 24/04/17, resolve:</p><p>Conceder Aposentadoria Especial por exercício de atividades sob condições especiais, de que trata o artigo 40 § 4º, inciso III, da CF/88, o servidor HENRIQUE CARRETE JUNIOR, Matrícula SIAPE nº 1137061, ocupante do cargo de Médico-Área, Nível E, Classe I, Padrão de Vencimento 14, com base no artigo 57 da Lei nº 8.213, de 24/07/1991, aplicável por força da Súmula Vinculante nº 33 ou por ordem concedida em Mandado de Injunção conforme ON SEGEP/MP nº 16/2013 alterada pela ON SEGEP/MP 05/2014, com proventos calculados pela média das contribuições e reajustados conforme índice do RGPS, sem paridade (Processo nº 23089.046601/2017-98)..</p><p class="assina">MURCHED OMAR TAHA</p>]]></Texto>
  </body>
</article></xml>