﻿<xml><article id="2019805" name="2374 smp.maf dispensa e designaç" idOficio="4707491" pubName="DO2" artType="Ato" pubDate="13/03/2018" artClass="00038:00006:00001:00000:00000:00000:00000:00000:00000:00000:00001:00001" artCategory="Poder Judiciário/Superior Tribunal Militar/Presidência" artSize="8" artNotes="" numberPage="86" pdfPage="http://pesquisa.in.gov.br/imprensa/jsp/visualiza/index.jsp?data=13/03/2018&amp;jornal=529&amp;pagina=86" editionNumber="49" highlight="" idMateria="10594695">
  <body>
    <Identifica><![CDATA[ ATO Nº 2.374, DE 12 DE MARÇO DE 2018]]></Identifica>
    <Data><![CDATA[]]></Data>
    <Ementa />
    <Titulo />
    <SubTitulo />
    <Texto><![CDATA[<p class="identifica">ATO Nº 2.374, DE 12 DE MARÇO DE 2018</p><p>O MINISTRO-PRESIDENTE DO SUPERIOR TRIBUNAL MILITAR, usando das atribuições que lhe são conferidas pelo artigo 6º, inciso XXV, do Regimento Interno, e tendo em vista o contido no Processo nº 004071/18-00.15 do Sistema Eletrônico de Informações, resolve:</p><p>Art. 1º DISPENSAR a Técnica Judiciária, área Administrativa, do Quadro Permanente da Secretaria do Superior Tribunal Militar, SUZANE MATOS PESSÔA, matrícula 8788, da função comissionada de AJUDANTE, código STM-FC-01, que exerce junto à Seção de Atendimento do Plano de Saúde, da Coordenadoria do Plano de Saúde da Justiça Militar da União, da Diretoria de Gestão de Serviços de Saúde.</p><p>Art. 2º DESIGNAR a Técnica Judiciária, área Administrativa, do Quadro Permanente da Secretaria do Superior Tribunal Militar, MARCELA AMORIM DE FARIA ALMEIDA, matrícula 9381, para exercer, em decorrência da dispensa de Suzane Matos Pessôa, a função comissionada de AJUDANTE, código STM-FC-01, junto à Coordenadoria de Serviços de Saúde, da Diretoria de Gestão de Serviços de Saúde.</p><p class="assina">JOSÉ COÊLHO FERREIRA</p>]]></Texto>
  </body>
</article></xml>