﻿<xml><article id="2019091" name="CJF-POR-2018-00077" idOficio="4707405" pubName="DO2" artType="Portaria" pubDate="13/03/2018" artClass="00038:00004:00005:00003:00000:00000:00000:00000:00000:00000:00025:00001" artCategory="Poder Judiciário/Superior Tribunal de Justiça/Conselho da Justiça Federal/Diretoria-Geral" artSize="8" artNotes="" numberPage="85" pdfPage="http://pesquisa.in.gov.br/imprensa/jsp/visualiza/index.jsp?data=13/03/2018&amp;jornal=529&amp;pagina=85" editionNumber="49" highlight="" idMateria="10594559">
  <body>
    <Identifica><![CDATA[ PORTARIA Nº 77, de 6 de março de 2018]]></Identifica>
    <Data><![CDATA[]]></Data>
    <Ementa />
    <Titulo />
    <SubTitulo />
    <Texto><![CDATA[<p class="identifica">PORTARIA Nº 77, de 6 de março de 2018</p><p>A DIRETORA-GERAL DO CONSELHO DA JUSTIÇA FEDERAL, no uso da atribuição conferida pelo art. 1º, inciso XXVIII, da Portaria n. CJF-POR-2015/00297 de 23 de julho de 2015, e tendo em vista o que consta no Memorando n. CJF-MEM-2018/00285, resolve:</p><p>Art. 1º Designar o servidor PAULO MARTINS INOCÊNCIO, matrícula 95, Técnico Judiciário do quadro de pessoal do Conselho da Justiça Federal, para exercer, em substituição, o Cargo em Comissão de Assessor-Chefe de Governança de TI, código CJ-2, da Assessoria Especial de Governança de Tecnologia da Informação da Secretaria de Tecnologia da Informação da Secretaria-Geral, nos impedimentos e afastamentos do titular e vacância do cargo.</p><p>Art. 2º Esta portaria entra em vigor na data de sua publicação.</p><p class="assina">EVA MARIA FERREIRA BARROS</p>]]></Texto>
  </body>
</article></xml>