﻿<xml><article id="2025286" name="0322018" idOficio="4707867" pubName="DO2" artType="Portaria" pubDate="13/03/2018" artClass="00011:00078:00001:00000:00000:00000:00000:00000:00000:00000:00025:00001" artCategory="Ministério da Educação/Instituto Federal de Educação, Ciência e Tecnologia do Rio de Janeiro/Reitoria" artSize="8" artNotes="" numberPage="33" pdfPage="http://pesquisa.in.gov.br/imprensa/jsp/visualiza/index.jsp?data=13/03/2018&amp;jornal=529&amp;pagina=33" editionNumber="49" highlight="" idMateria="10595893">
  <body>
    <Identifica><![CDATA[ PORTARIA Nº 278,  DE 27 de fevereiro de 2018]]></Identifica>
    <Data><![CDATA[]]></Data>
    <Ementa />
    <Titulo />
    <SubTitulo />
    <Texto><![CDATA[<p class="identifica">PORTARIA Nº 278, DE 27 de fevereiro de 2018</p><p>O Reitor do Instituto Federal de Educação, Ciência e Tecnologia do Rio de Janeiro nomeado pelo Decreto de 06 de maio de 2014, publicado no Diário Oficial da União de 07 de maio de 2014, empossado no Ministério da Educação no dia 14 de maio de 2014, no uso de suas atribuições regimentais e, resolve:</p><p>1. Tornar sem efeito a Portaria nº. 1953/DGP/REITORIA de 28/12/2017, publicada na seção 2, do D.O.U. de 29/12/2017, que trata da nomeação de Patricia Grasel da Silva para ocupar o cargo de Professor do Ensino Básico Técnico e Tecnológico, sob o código de vaga n° 951883; 2. Tornar sem efeito a Portaria nº. 1845/DGP/REITORIA de 18/12/2017, publicada na seção 2, do D.O.U. de 19/12/2017, que trata da nomeação de JESVAN LIMA SANTOS DIAS DE SOUZA para ocupar o cargo de Auditor, sob o código de vaga n° 979166; 3. Esta portaria entra em vigor na data de sua publicação.</p><p class="assina">MIGUEL ROBERTO MUNIZ TERRA</p><p class="cargo">Substituto</p>]]></Texto>
  </body>
</article></xml>