﻿<xml><article id="2014317" name="Documento sem título (4)" idOficio="4706668" pubName="DO2" artType="Portaria" pubDate="13/03/2018" artClass="00011:00088:00001:00000:00000:00000:00000:00000:00000:00000:00025:00001" artCategory="Ministério da Educação/Instituto Federal de Educação, Ciência e Tecnologia do Tocantins/Reitoria" artSize="8" artNotes="" numberPage="26" pdfPage="http://pesquisa.in.gov.br/imprensa/jsp/visualiza/index.jsp?data=13/03/2018&amp;jornal=529&amp;pagina=26" editionNumber="49" highlight="" idMateria="10593388">
  <body>
    <Identifica><![CDATA[ PORTARIA Nº 278, DE 9 DE MARÇO DE 2018]]></Identifica>
    <Data><![CDATA[]]></Data>
    <Ementa />
    <Titulo />
    <SubTitulo />
    <Texto><![CDATA[<p class="identifica">PORTARIA Nº 278, DE 9 DE MARÇO DE 2018</p><p>O REITOR DO INSTITUTO FEDERAL DE EDUCAÇÃO, CIÊNCIA E TECNOLOGIA DO TOCANTINS, nomeado pelo Decreto de 6 de maio de 2014, publicado no Diário Oficial da União de 7 de maio de 2014, seção 2, no uso de suas atribuições legais e regimentais, na forma do art. 28 da Lei 8.112/90, resolve:</p><p>Art. 1º Reintegrar, o servidor Paulo Tizoni Paraná, matrícula Siape n.º 1752012, no cargo de Professor do Ensino Básico Técnico e Tecnológico, Classe D III, Nível 01, em regime de trabalho de 40 horas semanais, com lotação no Campus Porto Nacional, em cumprimento a decisão judicial proferida, em caráter liminar, nos autos do processo originário n.º 1000264-06.2018.4.01.4300, pelo Tribunal Regional Federal da 1ª Região. O referido servidor havia sido demitido pelas razões constantes no processo administrativo disciplinar n.º 23337.003444/2017-57, cujo ato foi publicado pela portaria n.º 294/2017/REI/IFTO, de 6 de abril de 2017, publicada no D.O.U. de 10 de abril de 2017.</p><p>Art. 2º Esta portaria entra em vigor a partir da data da publicação no Diário Oficial da União.</p><p class="assina">Francisco Nairton do Nascimento</p><p class="identifica">PORTARIA Nº 281, DE 9 DE MARÇO DE 2018</p><p>O REITOR DO INSTITUTO FEDERAL DE EDUCAÇÃO, CIÊNCIA E TECNOLOGIA DO TOCANTINS, nomeado pelo Decreto Presidencial de 6 de maio de 2014, publicado no Diário Oficial da União de 7 de maio de 2014, seção 2, no uso de suas atribuições legais e regimentais, nos termos da Lei n.º 8.112, de 11 de dezembro de 1990, e no Decreto n.º 3.644, de 30 de outubro de 2000, e de acordo com o que consta nos autos do processo registrado no Sistema Eletrônico de Informações n.º 23235.000766/2018-73, resolve:</p><p>Art. 1º Reverter ao cargo de Arquiteta e Urbanista, com lotação na Reitoria do Instituto Federal de Educação, Ciência e Tecnologia, a servidora Elida Gonçalves Guimarães Sousa, matrícula Siape n.º 1816014, com carga horária de 40 horas semanais e posicionamento no nível de classificação E, nível de capacitação IV, padrão de vencimento 5,em virtude de terem cessados os motivos da aposentadoria por invalidez, concedida por meio da Portaria n.º 293/2017/REI/IFTO, de 6 de abril de 2017, publicada no D.O.U de 10 de abril de 2017.</p><p>Art. 2º A servidora Elida Gonçalves Guimarães Sousa exercerá suas atribuições como excedente no cargo de Arquiteto e Urbanista até a ocorrência de vaga.</p><p>Art. 3º Esta portaria entra em vigor na data de sua publicação no Diário Oficial da União.</p><p class="assina">Francisco Nairton do Nascimento</p>]]></Texto>
  </body>
</article></xml>