﻿<xml><article id="2023979" name="Portaria 186" idOficio="4707646" pubName="DO2" artType="Portaria" pubDate="13/03/2018" artClass="00011:00031:00001:00000:00000:00000:00000:00000:00000:00000:00025:00003" artCategory="Ministério da Educação/Fundação Universidade Federal de Mato Grosso/Reitoria" artSize="8" artNotes="" numberPage="21" pdfPage="http://pesquisa.in.gov.br/imprensa/jsp/visualiza/index.jsp?data=13/03/2018&amp;jornal=529&amp;pagina=21" editionNumber="49" highlight="" idMateria="10595755">
  <body>
    <Identifica><![CDATA[ PORTARIA Nº 186, DE 9 DE MARÇO DE 2018]]></Identifica>
    <Data><![CDATA[]]></Data>
    <Ementa />
    <Titulo />
    <SubTitulo />
    <Texto><![CDATA[<p class="identifica">PORTARIA Nº 186, DE 9 DE MARÇO DE 2018</p><p>O Reitor Em Exercício da Universidade Federal de Mato Grosso, no uso de suas atribuições legais, resolve:</p><p>Conceder aposentadoria por Invalidez, em conformidade com o Artigo 186, Parágrafo 1º, Inciso I da Lei 8.112/90 com redação dada pela Emenda Constitucional nº 70, de 29/03/2012, publicada no Diário Oficial da União em 30/03/2012, ao servidor BENEDITO SEBASTIAO ARRUDA DE ALMEIDA, matricula SIAPE nº 1152496, ocupante do cargo de Servente de Limpeza, do quadro efetivo desta Universidade, lotado no Departamento de Engenharia Civil - FAET, em regime de trabalho de 40 horas semanais, Classificação A, Capacitação 04, Padrão de Vencimento 16, com proventos integrais acrescido das seguintes vantagens; 13 (treze por cento) de anuênio Artigo 244 da Lei 8.112/90 e Incentivo à qualificação, conforme processo de aposentadoria nº 23108.913420/2018-92. Declarar vago o respectivo cargo. Esta Portaria conta seus efeitos a partir de 20 de fevereiro de 2018. Processo nº 23108.913420/2018-92.</p><p class="assina">EVANDRO APARECIDO SOARES DA SILVA</p>]]></Texto>
  </body>
</article></xml>