﻿<xml><article id="2021163" name="DOU 2-SGP-PT-438-UNI-125855_Guil" idOficio="4707714" pubName="DO2" artType="Portaria" pubDate="13/03/2018" artClass="00034:00007:00015:00000:00000:00000:00000:00000:00000:00000:00025:00010" artCategory="Ministério Público da União/Ministério Público Federal/Secretaria de Gestão de Pessoas" artSize="8" artNotes="" numberPage="60" pdfPage="http://pesquisa.in.gov.br/imprensa/jsp/visualiza/index.jsp?data=13/03/2018&amp;jornal=529&amp;pagina=60" editionNumber="49" highlight="" idMateria="10595019">
  <body>
    <Identifica><![CDATA[ PORTARIA Nº 438, DE 9 DE MARÇO DE 2018]]></Identifica>
    <Data><![CDATA[]]></Data>
    <Ementa />
    <Titulo />
    <SubTitulo />
    <Texto><![CDATA[<p class="identifica">PORTARIA Nº 438, DE 9 DE MARÇO DE 2018</p><p>A SECRETÁRIA DE GESTÃO DE PESSOAS DO MINISTÉRIO PÚBLICO FEDERAL, no uso da competência que lhe foi atribuída pelo artigo 1º da Portaria PGR/MPF nº 497, de 3 de junho de 2015, alterada pela Portaria PGR/MPF nº 1365, de 29 de dezembro de 2017, e tendo em vista o disposto nos artigos 35 - inciso I da Lei nº 8.112, de 11 de dezembro de 1990, e no expediente PGR-00118360/2018, resolve:</p><p>Dispensar, a partir de 5 de março de 2018, MARIA ENICE OLIVEIRA SILVESTRE, ocupante do cargo de Técnico do MPU/Administração, matrícula nº 4496, da função de confiança de Secretario Nível II, FC-2, do Gabinete do Subprocurador-Geral da República Francisco de Assis Vieira Sanseverino.</p><p class="assina">ELOÁ TODARELLI JUNQUEIRA</p>]]></Texto>
  </body>
</article></xml>