﻿<xml><article id="2016273" name="JORGE MARQUES - APOSENTADORIA" idOficio="4707044" pubName="DO2" artType="Portaria" pubDate="13/03/2018" artClass="00038:00064:00001:00000:00000:00000:00000:00000:00000:00000:00025:00001" artCategory="Poder Judiciário/Tribunal Regional do Trabalho da 24ª Região/Presidência" artSize="8" artNotes="" numberPage="89" pdfPage="http://pesquisa.in.gov.br/imprensa/jsp/visualiza/index.jsp?data=13/03/2018&amp;jornal=529&amp;pagina=89" editionNumber="49" highlight="" idMateria="10593892">
  <body>
    <Identifica><![CDATA[ PORTARIA Nº 38, de 12 de março de 2018]]></Identifica>
    <Data><![CDATA[]]></Data>
    <Ementa />
    <Titulo />
    <SubTitulo />
    <Texto><![CDATA[<p class="identifica">PORTARIA Nº 38, de 12 de março de 2018</p><p>OBJETO: O PRESIDENTE DO TRIBUNAL REGIONAL DO TRABALHO DA 24ª REGIÃO, no uso de suas atribuições legais e regimentais, CONSIDERANDO a instrução realizada no PA nº 439/2018; resolve:</p><p>CONCEDER aposentadoria ao servidor JORGE MARQUES BATISTA, com base no art. 3º da Emenda Constitucional nº 47, de 5 de julho de 2005, com proventos integrais calculados sobre a remuneração do cargo de Analista Judiciário, Área Judiciária, Classe C, Padrão 13, acrescidos das vantagens permanentes previstas em lei, com direito à paridade plena e extensão, com efeitos a contar da publicação desta.</p><p class="assina">Des. João de Deus Gomes de Souza</p>]]></Texto>
  </body>
</article></xml>