﻿<xml><article id="2021083" name="PROGEP.28.2018" idOficio="4707692" pubName="DO2" artType="Retificação" pubDate="13/03/2018" artClass="00011:00110:00001:00019:00000:00000:00000:00000:00000:00000:00032:00002" artCategory="Ministério da Educação/Universidade Federal do Espírito Santo/Reitoria/Pró-Reitoria de Gestão de Pessoas" artSize="8" artNotes="" numberPage="35" pdfPage="http://pesquisa.in.gov.br/imprensa/jsp/visualiza/index.jsp?data=13/03/2018&amp;jornal=529&amp;pagina=35" editionNumber="49" highlight="" idMateria="10594996">
  <body>
    <Identifica><![CDATA[  Retificação ]]></Identifica>
    <Data><![CDATA[]]></Data>
    <Ementa />
    <Titulo />
    <SubTitulo />
    <Texto><![CDATA[<p class="identifica">Retificação</p><p>Na Portaria nº 413/2018-PROGEP, publicada no DOU de 01/03/2018, seção 2, pág. 44, onde se lê:"...a partir de 16/02/2018."; leia-se: "...a partir de 08/02/2018.".</p>]]></Texto>
  </body>
</article></xml>