﻿<xml><article id="2012016" name="P_516_RETIFICAR A PORTARIA Nº 28" idOficio="4706468" pubName="DO2" artType="Portaria" pubDate="13/03/2018" artClass="00011:00058:00001:00001:00000:00000:00000:00000:00000:00000:00025:00003" artCategory="Ministério da Educação/Instituto Federal de Educação, Ciência e Tecnologia de Brasília/Reitoria/Chefia de Gabinete da Reitoria" artSize="8" artNotes="" numberPage="26" pdfPage="http://pesquisa.in.gov.br/imprensa/jsp/visualiza/index.jsp?data=13/03/2018&amp;jornal=529&amp;pagina=26" editionNumber="49" highlight="" idMateria="10593134">
  <body>
    <Identifica><![CDATA[ PORTARIA Nº 516, DE 9 DE MARÇO DE 2018]]></Identifica>
    <Data><![CDATA[]]></Data>
    <Ementa />
    <Titulo />
    <SubTitulo />
    <Texto><![CDATA[<p class="identifica">PORTARIA Nº 516, DE 9 DE MARÇO DE 2018</p><p>O REITOR DO INSTITUTO FEDERAL DE BRASÍLIA, nomeado pelo Decreto de 05 de maio de 2015, publicado no Diário Oficial da União em 06 de maio de 2015, no uso de suas atribuições legais e regimentais, resolve:</p><p>Art. 1º RETIFICAR a Portaria nº 2.826, de 01/12/2017, publicada no DOU em 05/12/2017, seção 02, página 16. ONDE SE LÊ: "...regime de trabalho 40 horas semanais com Dedicação Exclusiva...", LEIA-SE: " ...regime de trabalho 40 horas semanais ...".</p><p>Art. 2º Esta Portaria entra em vigor na data de sua publicação.</p><p class="assina">WILSON CONCIANI</p>]]></Texto>
  </body>
</article></xml>