﻿<xml><article id="2017413" name="PORT DGP-DCIPAS - 2018 - Nº 67 -" idOficio="4707201" pubName="DO2" artType="Portaria" pubDate="13/03/2018" artClass="00010:00008:00024:00000:00000:00000:00000:00000:00000:00000:00025:00002" artCategory="Ministério da Defesa/Comando do Exército/Departamento-Geral do Pessoal" artSize="8" artNotes="" numberPage="15" pdfPage="http://pesquisa.in.gov.br/imprensa/jsp/visualiza/index.jsp?data=13/03/2018&amp;jornal=529&amp;pagina=15" editionNumber="49" highlight="" idMateria="10594195">
  <body>
    <Identifica><![CDATA[ PORTARIA Nº 67-DGP/DCIPAS, DE 7 DE MARÇO DE 2018]]></Identifica>
    <Data><![CDATA[]]></Data>
    <Ementa />
    <Titulo />
    <SubTitulo />
    <Texto><![CDATA[<p class="identifica">PORTARIA Nº 67-DGP/DCIPAS, DE 7 DE MARÇO DE 2018</p><p>O CHEFE DO DEPARTAMENTO-GERAL DO PESSOAL, no uso da competência que lhe foi conferida pela Portaria nº 218-Comandante Exército, de 20 de março de 2017, resolve</p><p>NOMEAR,</p><p>por proposta do Comandante Logístico, o Capitão da Reserva Remunerada (Idt 018379183-9) FÁBIO LUIZ MARÃO PINHEIRO, Prec-CP: 96 1795301, no Batalhão Central de Manutenção e Suprimento (RIO DE JANEIRO-RJ), para Prestador de Tarefa por Tempo Certo, para exercer a tarefa de Gerenciamento da Manutenção do Material de Motomecanização repatriado da Força de Paz no Haiti, bem como a Distribuição dos referidos Materiais no Emprego de Missões Futuras, pelo prazo de 24 (vinte e quatro) meses, a contar de 1º de março de 2018.</p><p class="assina">Gen Ex MANOEL LUIZ NARVAZ PAFIADACHE</p>]]></Texto>
  </body>
</article></xml>