﻿<xml><article id="2025472" name="DOU 12-03-18 Portaria" idOficio="4707898" pubName="DO2" artType="Portaria" pubDate="13/03/2018" artClass="00011:00062:00001:00000:00000:00000:00000:00000:00000:00000:00025:00001" artCategory="Ministério da Educação/Instituto Federal de Educação, Ciência e Tecnologia Farroupilha/Reitoria" artSize="8" artNotes="" numberPage="27" pdfPage="http://pesquisa.in.gov.br/imprensa/jsp/visualiza/index.jsp?data=13/03/2018&amp;jornal=529&amp;pagina=27" editionNumber="49" highlight="" idMateria="10595917">
  <body>
    <Identifica><![CDATA[ PORTARIA Nº 317, DE 12 DE MARÇO DE 2018]]></Identifica>
    <Data><![CDATA[]]></Data>
    <Ementa />
    <Titulo />
    <SubTitulo />
    <Texto><![CDATA[<p class="identifica">PORTARIA Nº 317, DE 12 DE MARÇO DE 2018</p><p>O REITOR EM EXERCÍCIO DO INSTITUTO FEDERAL DE EDUCAÇÃO, CIÊNCIA E TECNOLOGIA FARROUPILHA - RS, nomeado pela Portaria Nº 0308, de 09 de março de 2018, publicada no Diário Oficial da União de 12 de março de 2018, no uso de suas atribuições legais e estatutárias, resolve:</p><p>AUTORIZAR o afastamento do país, com ônus limitado, do(a) servidor(a) GRACIELE TURCHETTI DE OLIVEIRA DENARDI, Matrícula SIAPE Nº 1206238, ocupante do Cargo de Professor do Ensino Básico, Técnico e Tecnológico, do Instituto Federal de Educação, Ciência e Tecnologia Farroupilha - Campus São Borja, no período de 14 de março de 2018 a 17 de março de 2018, para participar do "IV Seminario Internacional de Estudios de Discurso y Argumentación", na cidade de Buenos Aires, Argentina, conforme Processo nº 23227.000124/2018-73.</p><p class="assina">ARTHUR PEREIRA FRANTZ</p>]]></Texto>
  </body>
</article></xml>