﻿<xml><article id="2025364" name="AFASTAMENTO DO PAIS 12.03.2018 D" idOficio="4707870" pubName="DO2" artType="Despacho" pubDate="13/03/2018" artClass="00011:00106:00000:00000:00000:00000:00000:00000:00000:00000:00019:00001" artCategory="Ministério da Educação/Universidade Federal da Bahia" artSize="8" artNotes="" numberPage="34" pdfPage="http://pesquisa.in.gov.br/imprensa/jsp/visualiza/index.jsp?data=13/03/2018&amp;jornal=529&amp;pagina=34" editionNumber="49" highlight="" idMateria="10595901">
  <body>
    <Identifica><![CDATA[ DESPACHO de 12 DE MARÇO DE 2018]]></Identifica>
    <Data><![CDATA[]]></Data>
    <Ementa />
    <Titulo />
    <SubTitulo />
    <Texto><![CDATA[<p class="identifica">DESPACHO de 12 DE MARÇO DE 2018</p><p>O REITOR DA UNIVERSIDADE FEDERAL DA BAHIA, usando da competência subdelegada pela Portaria Ministerial nº. 404/MEC, de 23 de abril de 2009, e de acordo com as determinações do decreto nº. 1.387, de 07.02.95, AUTORIZA, o Afastamento do País dos seguintes servidores:</p><p>Nome: ABEL LASSALLE CASANAVE</p><p>Matrícula SIAPE: 1281009</p><p>Data/Período: 01 á 11/04/2018</p><p>Evento: Reunião do Projeto Capes/Cofecub, em Paris/França.</p><p>Processo: 23066.009236/2018-80</p><p>Bolsa: limitado</p><p>País de Destino: FRANÇA.</p><p>Nome: ABEL LASSALLE CASANAVE</p><p>Matrícula SIAPE: 1281009</p><p>Data/Período: 14 á 21/04/2018</p><p>Evento: Participação no Colóquio Internacional "Qué son las matemáticas?", na cidade do México.</p><p>Processo: 23066.009249/2018-59</p><p>Bolsa: limitado</p><p>País de Destino: MÉXICO.</p><p>Nome: ANA LUISA PATRAO MARTINS</p><p>Matrícula SIAPE: 2313117</p><p>Data/Período: 01 á 20/03/2018</p><p>Evento: Participar de Missão de Pesquisa Projeto "Gênero e Saúde na vida Adulta: Diálogo entre Brasil e Portugal" na Universidade do Porto, em Portugal.</p><p>Processo: 23066.007347/2018-51</p><p>Bolsa: Projeto Capes com Pagamento de Diária e Passagem.</p><p>País de Destino: PORTUGAL.</p><p>Nome: ANA MARIA FERNANDES</p><p>Matrícula SIAPE: 6287513</p><p>Data/Período: 02 á 09/04/2018</p><p>Evento: Participar de Missão Científicana Reunião de Preparação visita estudantes UFBA á DPU-Barlett School (IV), em Londres/Inglaterra.</p><p>Processo: 23066.002164/2018-40</p><p>Bolsa: CNPq</p><p>País de Destino: INGLATERRA.</p><p>Nome: ANDRE LUIZ MARTINS LEMOS</p><p>Matrícula SIAPE: 1218133</p><p>Data/Período: 30/04 á 07/05/2018</p><p>Evento: Participar do Coloque International Numération Géneralisée de La Sociéte", em Montreal, Canadá.</p><p>Processo: 23066.007678/2018-91</p><p>Bolsa: CNPq</p><p>País de Destino: CANADÁ.</p><p>Nome: ALMERINDA DOS SANTOS MAIA</p><p>Matrícula SIAPE: 0297871</p><p>Data/Período: 30/04 á 07/05/2018</p><p>Evento: Participar do Coloque International Numération Géneralisée de La Sociéte", em Montreal, Canadá.</p><p>Processo: 23066.007680/2018-61</p><p>Bolsa: limitado</p><p>País de Destino: CANADÁ.</p><p>Nome: CARLOS ALESSANDRE DOMINGOS LENTINI</p><p>Matrícula SIAPE: 1562309</p><p>Data/Período: 02/03 á 08/04/2018</p><p>Evento: Missão científica - Operação Antártica - OP XXXVI, na Antártica.</p><p>Processo: 23066.009174/2018-14</p><p>Bolsa: limitado</p><p>País de Destino: ANTÁRTICA.</p><p>Nome: JOSEANIA MIRANDA FREITAS</p><p>Matrícula SIAPE: 1348232</p><p>Data/Período: 05 á 19/04/2018</p><p>Evento: Participante de mesa redonda no Depto. de Museologia na Universidade Lusófona de Humanidades e Tecnologia, em Lisboa/Portugal.</p><p>Processo: 23066.071473/2017-89</p><p>Bolsa: limitado</p><p>País de Destino: PORTUGAL.</p><p>Nome: MARCO AURELIO SALVINO DE ARAUJO</p><p>Matrícula SIAPE: 1889836</p><p>Data/Período: 19 á 21/03/2018</p><p>Evento: Pretende participar do "Congresso Europeu de Transplante de Medula Óssea", em Lisboa, Portugal.</p><p>Processo: 23066.009184/2018-41</p><p>Bolsa: limitado</p><p>País de Destino: PORTUGAL.</p><p>Nome: PAULO CESAR RODRIGUES PINTO VARANDAS</p><p>Matrícula SIAPE: 1654597</p><p>Data/Período: 27/03 á 09/04/2018</p><p>Evento: visita de pesquisa e apresentação de trabalho junto à Universidade do Porto, em Portugal.</p><p>Processo: 23066.005891/2018-69</p><p>Bolsa: limitado</p><p>País de Destino: PORTUGAL.</p><p>Nome: RICARDO FERNANDES CARVALHO</p><p>Matrícula SIAPE: 2178571</p><p>Data/Período: 01/01 á 31/03/2018</p><p>Evento: Pretende participar de curso intensivo de inglês, ILSC Languague Schools, 1 Week of Full-time Afternoon Englis Commuication and 9 Weeks of Full-time Afternoon English Communication, em Melbourne/Austrália.</p><p>Processo: 23066.068540/2018-88</p><p>Bolsa: Sem prejuízo de sua remuneração mensal</p><p>País de Destino: AUSTRÁLIA.</p><p>Nome: SAMARA DE SOUZA ALMEIDA RUAS</p><p>Matrícula SIAPE: 1983238</p><p>Data/Período: 23/03 á 06/04/2018</p><p>Evento: Pretende realizar "Coleta de dados para pesquisa, no El Colégio de México.</p><p>Processo: 23066.007778/2018-18</p><p>Bolsa: limitado</p><p>País de Destino: MÉXICO.</p><p>Nome: SUE ANGELICA SERRA IAMAMOTO</p><p>Matrícula SIAPE: 2352123</p><p>Data/Período: 26/03 á 08/04/2018</p><p>Evento: Apresentação de trabalho no Workshop Internacional Moder-Colonial Geographies in Latin America: The Mirage of the Civilizing City and the Archaic Countryside, em Londres.</p><p>Processo: 23066.004901/2018-49</p><p>Bolsa: limitado</p><p>País de Destino: LONDRES.</p><p>Nome: THAIS TRONCON ROSA</p><p>Matrícula SIAPE: 2266425</p><p>Data/Período: 18 á 21/03/2018</p><p>Evento: Participar de mesa redonda no Seminário Internacional "Trayctoria, Trajeto y Género", Buenos Aires/Argentina.</p><p>Processo: 23066.009839/2018-81</p><p>Bolsa: limitado</p><p>País de Destino: ARGENTINA.</p><p>Nome: THAIS TRONCON ROSA</p><p>Matrícula SIAPE: 2266425</p><p>Data/Período: 21 á 24/03/2018</p><p>Evento: Participar de mesa redonda no Seminário lançamento de livro "Nebulosas do Pensamento Urbanístico", Rio de Janeiro/RJ.</p><p>Processo: 23066.009841/2018-51</p><p>Bolsa: limitado</p><p>País de Destino: RIO DE JANEIRO.</p><p>Nome: TANIA MARIA DE OLIVA MENEZES</p><p>Matrícula SIAPE: 2182530</p><p>Data/Período: 17 á 25/03/2018</p><p>Evento: Participar com apresentação de trabalho e ouvinte do 4º Congresso Internacional de Salud: Tranformado La Salud Integral, Celaya/Guanajauto, no México.</p><p>Processo: 23066.009580/2018-79</p><p>Bolsa: limitado</p><p>País de Destino: MÉXICO.</p><p>Nome: VICTOR COUTINHO LAGE</p><p>Matrícula SIAPE: 2406168</p><p>Data/Período: 04 á 09/04/2018</p><p>Evento: Participar com apresentação de texto no Encontro Anual da International Studies Association, em São Francisco/EUA.</p><p>Processo: 23066.007007/2018-21</p><p>Bolsa: limitado</p><p>País de Destino: EUA.</p><p class="assina">JOÃO CARLOS SALLES PIRES DA SILVA</p>]]></Texto>
  </body>
</article></xml>