﻿<xml><article id="2021044" name="Portarias 744 e 745" idOficio="4707710" pubName="DO2" artType="Portaria" pubDate="13/03/2018" artClass="00031:00002:00000:00000:00000:00000:00000:00000:00000:00000:00025:00003" artCategory="Ministério dos Transportes, Portos e Aviação Civil/Secretaria Executiva" artSize="12" artNotes="" numberPage="56" pdfPage="http://pesquisa.in.gov.br/imprensa/jsp/visualiza/index.jsp?data=13/03/2018&amp;jornal=529&amp;pagina=56" editionNumber="49" highlight="" idMateria="10594984">
  <body>
    <Identifica><![CDATA[ PORTARIA Nº 744, DE 12 DE MARÇO DE 2018]]></Identifica>
    <Data><![CDATA[]]></Data>
    <Ementa />
    <Titulo />
    <SubTitulo />
    <Texto><![CDATA[<p class="identifica">PORTARIA Nº 744, DE 12 DE MARÇO DE 2018</p><p>O SECRETÁRIO EXECUTIVO DO MINISTÉRIO DOS TRANSPORTES, PORTOS E AVIAÇÃO CIVIL, no uso da competência que lhe foi atribuída pela Portaria nº 498, de 12 de junho de 2017, publicada no Diário Oficial da União de 13 de junho de 2017, e tendo em vista o disposto na Portaria nº 286, de 01 de setembro de 2017, publicada no Diário Oficial da União de 4 de setembro de 2017, do Ministério do Planejamento, Desenvolvimento e Gestão, resolve:</p><p>Nº 744 DISPENSAR a servidora abaixo relacionada, da Gratificação Temporária das Unidades dos Sistemas Estruturadores da Administração Pública Federal - GSISTE, na forma do Decreto nº 9058, de 25 de maio de 2017, para a qual foi designada por meio da Portaria nº 555/SE, de 03 de dezembro de 2015, publicada no Diário Oficial da União de 04 de dezembro de 2015:</p><p>NÍVEL INTERMEDIÁRIO</p><p></p><table><tr /><tr><td><p>Nome</p></td><td><p>Cargo</p></td><td><p>Matrícula SIAPE</p></td><td><p>Sistema</p></td></tr><tr><td><p>Lícia Regina da Silva Araújo</p></td><td><p>Agente Administrativo</p></td><td><p>1366315</p></td><td><p>SIPEC</p></td></tr></table><p>Nº 745 ATRIBUIR à servidora abaixo relacionada, a Gratificação Temporária das Unidades dos Sistemas Estruturadores da Administração Pública Federal - GSISTE, de nível Médio, da Coordenação-Geral de Gestão de Pessoas da Subsecretaria de Assuntos Administrativos da Secretaria Executiva deste Ministério, na forma do Decreto nº 9058, de 25 de maio de 2017.</p><p>NÍVEL INTERMEDIÁRIO</p><p></p><table><tr /><tr><td><p>Nome</p></td><td><p>Cargo</p></td><td><p>Matrícula SIAPE</p></td><td><p>Sistema</p></td></tr><tr><td><p>Ieda Maria Benac</p></td><td><p>Agente Administrativo</p></td><td><p>1090473</p></td><td><p>SIPEC</p></td></tr></table><p class="assina">FERNANDO FORTES MELRO FILHO</p>]]></Texto>
  </body>
</article></xml>