﻿<xml><article id="2019417" name="PORTARIA Nº 40-SAP- ÚNICA AI - M" idOficio="4707438" pubName="DO2" artType="Portaria" pubDate="13/03/2018" artClass="00010:00008:00007:00013:00000:00000:00000:00000:00000:00000:00025:00006" artCategory="Ministério da Defesa/Comando do Exército/Comando Militar do Leste/4ª Região Militar" artSize="8" artNotes="" numberPage="14" pdfPage="http://pesquisa.in.gov.br/imprensa/jsp/visualiza/index.jsp?data=13/03/2018&amp;jornal=529&amp;pagina=14" editionNumber="49" highlight="" idMateria="10594616">
  <body>
    <Identifica><![CDATA[ PORTARIA Nº 40 - SAP/1.1-SSIP/4, DE 6 DE MARÇO DE 2018]]></Identifica>
    <Data><![CDATA[]]></Data>
    <Ementa />
    <Titulo />
    <SubTitulo />
    <Texto><![CDATA[<p class="identifica">PORTARIA Nº 40 - SAP/1.1-SSIP/4, DE 6 DE MARÇO DE 2018</p><p>O COMANDANTE DA 4ª REGIÃO MILITAR, no uso da competência que lhe foi subdelegada pela Portaria nº 192-DGP, de 1º de outubro de 2015, e com base no processo NUP 64301.045210/2017-71 de Auxílio-Invalidez, resolve:</p><p>CONCEDER ao Major Reformado Idt (012609830-0) NELSON FERNANDES DE OLIVEIRA, CPF (003.629.726-72), falecido em 10 de julho de 2017, o benefício previsto no inciso XV do art. 3° da Medida Provisória n° 2.215-10, de 31 de agosto de 2001, e no art. 55 da Lei n° 12.702, de 7 de agosto de 2012, no período de 27 de abril de 2017 (data da realização da inspeção de saúde) até a data de 10 de julho de 2017 (data de seu falecimento), por ter sido julgado em vida "Incapaz definitivamente para o serviço do Exército. É inválido. Necessita de internação especializada e/ou assistência direta e permanente ao paciente e/ou cuidados permanentes de enfermagem", conforme sessão nº 21, de 27 de abril de 2017, do MPGu I/Juiz de Fora (HGeJF), homologada pelo Parecer Técnico nº 271, de 7 de novembro de 2017, da SSR/4ªRM.</p><p class="assina">Gen Div HENRIQUE MARTINS NOLASCO SOBRINHO</p>]]></Texto>
  </body>
</article></xml>