﻿<xml><article id="2016390" name="PT 298 - 09.03.2018 - SEI Nº DIG" idOficio="4707049" pubName="DO2" artType="Portaria" pubDate="13/03/2018" artClass="00017:00002:00029:00108:00005:00000:00000:00000:00000:00000:00025:00014" artCategory="Ministério da Saúde/Secretaria Executiva/Núcleo Estadual no Rio de Janeiro/Divisão de Gestão Administrativa/Serviço de Pessoal Inativo" artSize="8" artNotes="" numberPage="48" pdfPage="http://pesquisa.in.gov.br/imprensa/jsp/visualiza/index.jsp?data=13/03/2018&amp;jornal=529&amp;pagina=48" editionNumber="49" highlight="" idMateria="10593910">
  <body>
    <Identifica><![CDATA[ PORTARIA Nº 298, DE 9 DE MARÇO DE 2018]]></Identifica>
    <Data><![CDATA[]]></Data>
    <Ementa />
    <Titulo />
    <SubTitulo />
    <Texto><![CDATA[<p class="identifica">PORTARIA Nº 298, DE 9 DE MARÇO DE 2018</p><p>A CHEFE SUBSTITUTA DA DIVISÃO DE GESTÃO ADMINISTRATIVA DA COORDENAÇÃO DE GESTÃO DO NÚCLEO ESTADUAL DO MINISTÉRIO DA SAÚDE NO ESTADO DO RIO DE JANEIRO, no uso das atribuições conferidas pela PT/CGRH/SAA/MS nº 1804 de 01.10.2013, publicada no Diário Oficial da União (DOU) nº 192 de 03.10.2013 e à vista das informações constantes no Processo nº 25001.007685/2009-82, resolve:</p><p>Retificar a da PT/MS/NERJ/DIAD-RH/SEPAI nº 0026 de 07.01.2010, publicada no Diário Oficial da União (DOU) nº 020 de 29.01.2010, que declarou aposentada a servidora MARIA DO CÉU ANDRADE MONTEIRO MEDEIROS, matricula SIAPE nº 0.623.564 (Identificação Única nº 0.623.564-6), Agente Administrativo, Nível Intermediário, Classe S, Padrão III, - Onde se lê: Aposentadoria por Invalidez, com fundamento no artigo 186, inciso I, parágrafo 1º, da Lei nº 8.112/90, combinado com o artigo 40, inciso I, da Constituição Federal de 1988, com redação dada pelo artigo 1º da Emenda Constitucional nº 20/98, observado o disposto no artigo 3º da citada Emenda, bem como no artigo 3º da Emenda Constitucional nº 47/2005, com provento integral - Leia-se: Aposentadoria por Invalidez, com fundamento no artigo 40, parágrafo 1º, inciso I, da Constituição Federal de 1988, combinado com o artigo 1º da Emenda Constitucional nº 70/2012, com provento integral, a contar de 30.03.2012.</p><p class="assina">KARINA ORNELAS DOS SANTOS LATORRACA</p>]]></Texto>
  </body>
</article></xml>