﻿<xml><article id="2018806" name="PORTARIA Nº 0708 DE 09-03" idOficio="4707290" pubName="DO2" artType="Portaria" pubDate="13/03/2018" artClass="00011:00073:00001:00009:00000:00000:00000:00000:00000:00000:00025:00001" artCategory="Ministério da Educação/Instituto Federal de Educação, Ciência e Tecnologia do Paraná/Reitoria/Pró-Reitoria de Gestão de Pessoas" artSize="8" artNotes="" numberPage="31" pdfPage="http://pesquisa.in.gov.br/imprensa/jsp/visualiza/index.jsp?data=13/03/2018&amp;jornal=529&amp;pagina=31" editionNumber="49" highlight="" idMateria="10594487">
  <body>
    <Identifica><![CDATA[ PORTARIA Nº 708, DE 9 DE MARÇO DE 2018]]></Identifica>
    <Data><![CDATA[]]></Data>
    <Ementa />
    <Titulo />
    <SubTitulo />
    <Texto><![CDATA[<p class="identifica">PORTARIA Nº 708, DE 9 DE MARÇO DE 2018</p><p>A Pró-Reitora de Gestão de Pessoas do Instituto Federal do Paraná, no uso da competência que lhe confere a Portaria nº 889, de 18 de julho de 2016 e o que consta no processo nº 23410.000101/2018-91, resolve:</p><p>Extinguir o contrato administrativo por tempo determinado de Professor Substituto nº 74/2016, firmado com VINICIUS ANTONIO BANZATO FACCO, Campus Campo Largo, por iniciativa do contratado, conforme art.12, II da Lei 8745/93, com efeitos a partir de 03 de abril de 2018.</p><p class="assina">Eliane Aparecida Mesquita</p>]]></Texto>
  </body>
</article></xml>