﻿<xml><article id="2015085" name="atoPortaria754" idOficio="4706833" pubName="DO2" artType="Portaria" pubDate="13/03/2018" artClass="00011:00026:00000:00000:00000:00000:00000:00000:00000:00000:00025:00001" artCategory="Ministério da Educação/Fundação Universidade Federal do Acre" artSize="8" artNotes="" numberPage="21" pdfPage="http://pesquisa.in.gov.br/imprensa/jsp/visualiza/index.jsp?data=13/03/2018&amp;jornal=529&amp;pagina=21" editionNumber="49" highlight="" idMateria="10593621">
  <body>
    <Identifica><![CDATA[ PORTARIA Nº 754, DE 8 DE MARÇO DE 2018]]></Identifica>
    <Data><![CDATA[]]></Data>
    <Ementa />
    <Titulo />
    <SubTitulo />
    <Texto><![CDATA[<p class="identifica">PORTARIA Nº 754, DE 8 DE MARÇO DE 2018</p><p>O REITOR DA UNIVERSIDADE FEDERAL DO ACRE, no uso de suas atribuições legais, regimentais e estatutárias; de acordo com o Processo Seletivo Simplificado para Professor Substituto, Edital Prograd nº 33/2017, homologado no D.O.U. nº 128, de 06 de julho de 2017; e considerando o que consta no processo 23107.002574/2018-67, resolve:</p><p>CONTRATAR, em caráter temporário, YSADHORA GOMES DE LIMA, na categoria de Professor Substituto do Ensino Básico, Técnico e Tecnológico, Classe D I, Nível 1, área de Ciências, para prestar serviço junto ao Colégio de Aplicação - CAP, em regime de 40 (quarenta) horas semanais, pelo período de 06 (seis) meses, a contar de 08 de março de 2018 a 07 de setembro de 2018, com fulcro no art. 37, inciso IX, da Constituição Federal e em conformidade com o art. 2.º, inciso X, da Lei nº 8.745, de 09 de dezembro de 1993, alterada pela de nº 9.849, de 26 de outubro de 1999 e pela de nº 12.425, de 11 de junho de 2011, através do Termo de Contrato nº 08/2018.</p><p class="assina">Minoru Martins Kinpara</p>]]></Texto>
  </body>
</article></xml>