﻿<xml><article id="2024465" name="Portarias nº 741, 742 e 770" idOficio="4707651" pubName="DO2" artType="Portaria" pubDate="13/03/2018" artClass="00011:00026:00000:00000:00000:00000:00000:00000:00000:00000:00025:00001" artCategory="Ministério da Educação/Fundação Universidade Federal do Acre" artSize="8" artNotes="" numberPage="21" pdfPage="http://pesquisa.in.gov.br/imprensa/jsp/visualiza/index.jsp?data=13/03/2018&amp;jornal=529&amp;pagina=21" editionNumber="49" highlight="" idMateria="10595760">
  <body>
    <Identifica><![CDATA[ PORTARIA Nº 741, DE 7 DE MARÇO DE 2018]]></Identifica>
    <Data><![CDATA[]]></Data>
    <Ementa />
    <Titulo />
    <SubTitulo />
    <Texto><![CDATA[<p class="identifica">PORTARIA Nº 741, DE 7 DE MARÇO DE 2018</p><p>O REITOR DA UNIVERSIDADE FEDERAL DO ACRE, no uso das atribuições legais que lhe conferem o Art. 80, Inciso III, do Regimento Geral, e o que consta no processo nº 23107.003632/2018-70, resolve:</p><p>DISPENSAR o servidor RUI SANTANA DE MENEZES, Técnico em Alimentos e Laticínios, Classe D, Padrão 416, Matrícula SIAPE nº 0414699, da função de Chefe da Área de Processamento de Alimentos da Unidade de Tecnologia de Alimentos, Símbolo FG-005, a contar de 26 de fevereiro de 2018.</p><p class="assina">Minoru Martins Kinpara</p><p class="identifica">PORTARIA Nº 742, DE 7 DE MARÇO DE 2018</p><p>O REITOR DA UNIVERSIDADE FEDERAL DO ACRE, no uso das atribuições legais que lhe confere o Art. 80, inciso III, do Regimento Geral, e o que consta no processo nº 23107.003632/2018-70, resolve:</p><p>DESIGNAR o servidor MAIKO VIEIRA SILVA, Assistente em Administração, Classe D, Padrão 202, Matrícula nº 2220772, para exercer a função de Chefe da Área de Processamento de Alimentos da Unidade de Tecnologia de Alimentos, Símbolo FG-005, a contar de 26 de fevereiro de 2018.</p><p class="assina">Minoru Martins Kinpara</p><p class="identifica">PORTARIA Nº 770, DE 8 DE MARÇO DE 2018</p><p>O REITOR DA UNIVERSIDADE FEDERAL DO ACRE, no uso das atribuições legais que lhe confere o Art. 80, inciso III, do Regimento Geral, e o que consta no processo nº 23107.002472/2018-41, resolve:</p><p>DESIGNAR o servidor RODOMILSON RODRIGUES DE OLIVEIRA, Assistente em Administração, Classe D, Padrão 101, Matrícula nº 2417587, para responder pela Secretaria do Curso de Licenciatura em Letras Português, Campus Rio Branco, Símbolo FG-007, a contar de 08 de fevereiro de 2018.</p><p class="assina">Minoru Martins Kinpara</p>]]></Texto>
  </body>
</article></xml>