﻿<xml><article id="2025592" name="PTS14E15FORTALEZA" idOficio="4707926" pubName="DO2" artType="Portaria" pubDate="13/03/2018" artClass="00022:00029:00237:00008:00089:00001:00000:00000:00000:00000:00025:00001" artCategory="Ministério do Desenvolvimento Social/Instituto Nacional do Seguro Social/Superintendência Regional Nordeste em Recife/Gerência Executiva - A - em Fortaleza/Serviço de Administração/Seção Operacional da Gestão de Pessoas" artSize="8" artNotes="" numberPage="52" pdfPage="http://pesquisa.in.gov.br/imprensa/jsp/visualiza/index.jsp?data=13/03/2018&amp;jornal=529&amp;pagina=52" editionNumber="49" highlight="" idMateria="10595942">
  <body>
    <Identifica><![CDATA[ PORTARIAS DE 9 DE MARÇO DE 2018]]></Identifica>
    <Data><![CDATA[]]></Data>
    <Ementa />
    <Titulo />
    <SubTitulo />
    <Texto><![CDATA[<p class="identifica">PORTARIAS DE 9 DE MARÇO DE 2018</p><p>A CHEFE DA SEÇÃO OPERACIONAL DA GESTÃO DE PESSOAS- DA GERÊNCIA EXECUTIVA DO INSTITUTO NACIONAL DO SEGURO SOCIAL (INSS)-Fortaleza, no uso das atribuições que lhe confere o Artigo nº 171, III, "b" da Portaria nº 414/MDS/MPS, de 28 de setembro de 2017, publicada no Diário Oficial da União nº 188/A Edição Extra de 21 de setembro de 2017, Seção I, pág. 1/23, que aprova o Regimento Interno do INSS, resolve:</p><p>Nº 14 - Conceder aposentadoria voluntária integral a servidora Doralice Figueredo dos Santos, matricula 0878854, ocupante do cargo de Datilografo, classe "S",padrão "IV", do quadro de pessoal do INSS, com fundamento no artigo 3º da Emenda Constitucional nº 47, de 05 de julho de 2005, observado o contido no processo nº 35043.000195/2018-11, declarando , em consequência, o referido cargo vago.</p><p>Nº 15 - Conceder pensão vitalicia a MOISÉS JOSÉ DE RIBAMAR RAMOS, na qualidade de cônjuge, cota parte integral corresponde a 100% (cem por cento) dos proventos do instituidor, com fundamento no art. 40, § 7º, I, cuja redação foi dada pela Emenda Constitucional nº 41, de 19 de dezembro de 2003, combinado com o artigo 2º, I e artigo 15 da Lei Nº 10.887, de 18 de junho de 2004, e arts.216, § 1º, 217ada ex-servidora MARIA DAS GRACAS ARAGÃO RAMOS, matrícula 884.746, Técnico do Seguro Social, Classe S Padrão IV, do quadro de pessoal do INSS, a contar de 24.02.2018, data do óbito do ex servidor (processo 35043.000387/2018-10.</p><p class="assina">MÁRCIA MOREIRA GONÇALVES PEIXOTO</p>]]></Texto>
  </body>
</article></xml>