﻿<xml><article id="2025102" name="(2018) PORTARIA 035 E 036 - PENS" idOficio="4707846" pubName="DO2" artType="Portaria" pubDate="13/03/2018" artClass="00012:00002:00012:00020:00000:00000:00000:00000:00000:00000:00025:00001" artCategory="Ministério da Fazenda/Secretaria Executiva/Subsecretaria de Planejamento, Orçamento e Administração/Superintendência de Administração em Goiás" artSize="8" artNotes="" numberPage="42" pdfPage="http://pesquisa.in.gov.br/imprensa/jsp/visualiza/index.jsp?data=13/03/2018&amp;jornal=529&amp;pagina=42" editionNumber="49" highlight="" idMateria="10595788">
  <body>
    <Identifica><![CDATA[ Portarias de 12 de março de 2018]]></Identifica>
    <Data><![CDATA[]]></Data>
    <Ementa />
    <Titulo />
    <SubTitulo />
    <Texto><![CDATA[<p class="identifica">Portarias de 12 de março de 2018</p><p>O SUPERINTENDENTE DE ADMINISTRAÇÃO DO MINISTÉRIO DA FAZENDA EM GOIÁS E TOCANTINS, no uso da competência que lhe foi atribuída pelo art. 86, inciso X da Portaria Ministerial n° 144, de 27/04/2016, publicada no Diário Oficial da União de 29/04/2016, resolve:</p><p>Nº 35 - CONCEDER pensão vitalícia a ADONIAS MENDES PEREIRA, CPF nº 278.***.***-04, vítima do acidente com a substância radioativa CÉSIO 137, ocorrido em Goiânia/GO, com fundamento na Lei nº 9.425/96, a partir de 29/11/2017, conforme laudo médico expedido pela Junta Médica Oficial (Processo nº 10180.100134/2018-40).</p><p>Nº 36 - CONCEDER pensão vitalícia a JOSE ANTONIO DE ARAUJO, CPF nº 243.***.***-44, vítima do acidente com a substância radioativa CÉSIO 137, ocorrido em Goiânia/GO, com fundamento na Lei nº 9.425/96, a partir de 27/09/2017, conforme laudo médico expedido pela Junta Médica Oficial (Processo nº 10180.100106/2018-22).</p><p class="assina">CARLOS ROBERTO NERI MATOS</p>]]></Texto>
  </body>
</article></xml>