﻿<xml><article id="2018704" name="7835-18MAGNO JORGE ZANDAVALLI BA" idOficio="4707354" pubName="DO2" artType="Portaria" pubDate="13/03/2018" artClass="00032:00003:00015:00000:00000:00000:00000:00000:00000:00000:00025:00010" artCategory="Departamento de Polícia Federal/Diretoria de Gestão de Pessoal/Coordenação de Recursos Humanos/Divisão de Administração de Recursos Humanos/Serviço de Cadastro/Ministério da Justiça" artSize="8" artNotes="" numberPage="58" pdfPage="http://pesquisa.in.gov.br/imprensa/jsp/visualiza/index.jsp?data=13/03/2018&amp;jornal=529&amp;pagina=58" editionNumber="49" highlight="" idMateria="10594465">
  <body>
    <Identifica><![CDATA[ PORTARIA Nº 7.835, DE 8 DE MARÇO DE 2018]]></Identifica>
    <Data><![CDATA[]]></Data>
    <Ementa />
    <Titulo />
    <SubTitulo />
    <Texto><![CDATA[<p class="identifica">PORTARIA Nº 7.835, DE 8 DE MARÇO DE 2018</p><p>O DIRETOR DE GESTÃO DE PESSOAL DA POLÍCIA FEDERAL, no uso das atribuições que lhe são conferidas pelos incisos XIV e XIX do Artigo 42 do Regimento Interno da Polícia Federal, aprovado pela Portaria MJ nº 1.252, de 29/12/2017, publicada no Diário Oficial da União nº 1, de 2/1/2018, Seção I, pp. 65/70, e tendo em vista o que consta do Processo nº 08492.000196/2018-97, resolve:</p><p>Conceder aposentadoria voluntária a MAGNO JORGE ZANDAVALLI BARBOSA, Matrícula SIAPE nº 2521094, ocupante do cargo de Agente de Polícia Federal, Classe Especial, do Quadro de Pessoal da Polícia Federal, com fundamento no artigo 40, § 1º, inciso III, alínea "a", da Constituição Federal de 1988 (EC nº 20/1998), com forma de cálculo e reajuste disciplinados nos artigos 1º e 15, da Lei nº 10.887/2004, Emenda Constitucional nº 41/2003, declarando, em decorrência, a vacância do cargo.</p><p class="assina">DELANO CERQUEIRA BUNN</p>]]></Texto>
  </body>
</article></xml>