﻿<xml><article id="2018596" name="ATO PORTARIA Nº 7854 DE 12 MARÇO" idOficio="4707282" pubName="DO2" artType="Portaria" pubDate="13/03/2018" artClass="00032:00003:00015:00000:00000:00000:00000:00000:00000:00000:00025:00018" artCategory="Departamento de Polícia Federal/Diretoria de Gestão de Pessoal/Coordenação de Recursos Humanos/Divisão de Administração de Recursos Humanos/Serviço de Aposentadorias e Pensões/Ministério da Justiça" artSize="8" artNotes="" numberPage="59" pdfPage="http://pesquisa.in.gov.br/imprensa/jsp/visualiza/index.jsp?data=13/03/2018&amp;jornal=529&amp;pagina=59" editionNumber="49" highlight="" idMateria="10594428">
  <body>
    <Identifica><![CDATA[ PORTARIA Nº 7.854, DE 12 DE MARÇO DE 2018]]></Identifica>
    <Data><![CDATA[]]></Data>
    <Ementa />
    <Titulo />
    <SubTitulo />
    <Texto><![CDATA[<p class="identifica">PORTARIA Nº 7.854, DE 12 DE MARÇO DE 2018</p><p>O DIRETOR DE GESTÃO DE PESSOAL DA POLÍCIA FEDERAL, no uso das atribuições que lhe são conferidas pelos incisos XIV e XIX do art. 42 do Regimento Interno da Polícia Federal, aprovado pela Portaria MJ nº 1.252, de 29/12/2017, publicada no Diário Oficial da União nº 1, de 2/1/2018, Seção I, pp. 65/70, e tendo em vista o que consta do Processo nº 08200.004267/2018-69, resolve:</p><p>Conceder pensão vitalícia a NORMA SOCORRO GONÇALVES DOMINGUES MONTEIRO, viúva do ex-servidor aposentado EMIDIO VASCONCELOS MONTEIRO, Agente de Polícia Federal, Classe Especial, matrícula SIAPE nº 173070, a partir de 27 de fevereiro de 2018 (data do óbito), nos termos dos artigos 217, I, e 222, VII, "b", item 6, da Lei nº 8.112/1990, combinados com o art. 40, § 7º, I, da CF/88, com a redação dada pela EC nº 41/2003, e com o art. 2º, I, da Lei nº 10.887/2004, e critério de reajuste previsto no parágrafo único do art. 6º-A, da Emenda Constitucional nº 41/2003 (paridade), acrescentado pelo art. 1º da Emenda Constitucional nº 70/2012.</p><p class="assina">DELANO CERQUEIRA BUNN</p>]]></Texto>
  </body>
</article></xml>