﻿<xml><article id="2017710" name="Portarias 322,328,329 (DOU 13.03" idOficio="4707210" pubName="DO2" artType="Portaria" pubDate="13/03/2018" artClass="00011:00126:00000:00000:00000:00000:00000:00000:00000:00000:00025:00001" artCategory="Ministério da Educação/Universidade Federal Rural de Pernambuco" artSize="8" artNotes="" numberPage="37" pdfPage="http://pesquisa.in.gov.br/imprensa/jsp/visualiza/index.jsp?data=13/03/2018&amp;jornal=529&amp;pagina=37" editionNumber="49" highlight="" idMateria="10594234">
  <body>
    <Identifica><![CDATA[ PORTARIA DE 12 DE MARÇO DE 2018]]></Identifica>
    <Data><![CDATA[]]></Data>
    <Ementa />
    <Titulo />
    <SubTitulo />
    <Texto><![CDATA[<p class="identifica">PORTARIA DE 12 DE MARÇO DE 2018</p><p>A REITORA DA UNIVERSIDADE FEDERAL RURAL DE PERNAMBUCO, no uso de suas atribuições legais e estatutárias, resolve:</p><p>Nº 322 NOMEAR em caráter efetivo, para provimento do cargo de Assistente em Administração Classe/Nível D-I-1, em regime de trabalho de 40 (quarenta) horas semanais, DANIELLE MENEZES DOS SANTOS ALMEIDA, habilitado(a) em Concurso Público de Provas, na vaga decorrente da redistribuição de ARNALDO NOGUEIRA DOS SANTOS, conforme Portaria MEC n°. 2.418/2017, publicada no Diário Oficial da União de 27/12/2017, a partir da data da publicação no Diário Oficial da União. Código da vaga: 999884. Lotação no(a) Unidade Acadêmica de Serra Talhada - UAST</p><p>(Processo UFRPE nº. 23082.004892/2018-98)</p><p>Nº 328 Art. 1° - AUTORIZAR em sua área de competência o afastamento do país do(a) servidor(a) JOZELIA MARIA DE SOUSA CORREIA, Matrícula SIAPE nº. 2365913, ocupante do cargo de Professor(a) do Magistério Superior, com ônus parcial para esta Universidade, pelo período de 05 a 12/05/2018, para participar da reunião mundial do grupo especialista em crocodilianos, em Santa Fé, Argentina, conforme Decisão nº. 15/2018, de 22/02/2018, bem como autorização da Administração Superior desta Universidade, constante no Processo acima mencionado. (Processo UFRPE Nº. 23082.004693/2018-80).</p><p>Nº . 329 Art. 1° - AUTORIZAR em sua área de competência o afastamento do país do(a) servidor(a) PAULO EURICO PIRES FERREIRA TRAVASSOS, Matrícula SIAPE nº. 1349238, ocupante do cargo de Professor(a) do Magistério Superior, com ônus parcial para esta Universidade, pelo período de 27 a 29/03/2018, para participar de visita à sede da International Commission for the Conservation of Atlantic Tuna, em Madri, Espanha, conforme autorização da Administração Superior desta Universidade, constante no Processo acima mencionado. (Processo UFRPE Nº. 23082.005434/2018-76).</p><p class="assina">MARIA JOSÉ DE SENA</p>]]></Texto>
  </body>
</article></xml>