﻿<xml><article id="2014134" name="Portarias Dirap 3PC2, 1.479 e 1." idOficio="4706691" pubName="DO2" artType="Portaria" pubDate="13/03/2018" artClass="00010:00006:00005:00046:00000:00000:00000:00000:00000:00000:00025:00006" artCategory="Ministério da Defesa/Comando da Aeronáutica/Comando-Geral do Pessoal/Diretoria de Administração do Pessoal" artSize="8" artNotes="" numberPage="8" pdfPage="http://pesquisa.in.gov.br/imprensa/jsp/visualiza/index.jsp?data=13/03/2018&amp;jornal=529&amp;pagina=8" editionNumber="49" highlight="" idMateria="10593415">
  <body>
    <Identifica><![CDATA[ PORTARIA DIRAP Nº 1.479/3PC2, DE 9 DE MARÇO DE 2018]]></Identifica>
    <Data><![CDATA[]]></Data>
    <Ementa />
    <Titulo />
    <SubTitulo />
    <Texto><![CDATA[<p class="identifica">PORTARIA DIRAP Nº 1.479/3PC2, DE 9 DE MARÇO DE 2018</p><p>O DIRETOR DE ADMINISTRAÇÃO DO PESSOAL, no uso da competência que lhe foi subdelegada pela Portaria nº 377/GC3, de 7 de julho de 2011, art. 1º, inciso VI, publicada no DOU nº 130, Seção 1, de 8 de julho de 2011, e considerando o Processo nº 67552.006902/2017-31, resolve:</p><p>Conceder aposentadoria a MAROZAN FERREIRA DA SILVA (Nr Ord 4537459), SIAPE nº 0198730, no cargo de Agente Administrativo, código 481004, classe "S", padrão III, NI, de acordo com o art. 3º da Emenda Constitucional nº 47, de 5 de julho de 2005, acrescida da Vantagem Pessoal Nominalmente Identificada - VPNI, correspondente a 2/10 (dois décimos) de FG-1, prevista no art. 3º da Medida Provisória nº 2.225-45, de 4 de setembro de 2001. Código de vaga nº 85872.</p><p class="assina">Maj Brig Ar MAURO MARTINS MACHADO</p><p class="identifica">PORTARIA DIRAP Nº 1.499/3PC2, DE 10 DE MARÇO DE 2018</p><p>O DIRETOR DE ADMINISTRAÇÃO DO PESSOAL, no uso da competência que lhe foi subdelegada pela Portaria nº 377/GC3, de 7 de julho de 2011, art. 1º, inciso VI, publicada no DOU nº 130, Seção 1, de 8 de julho de 2011, e considerando o Processo nº 67790.003862/2017-62, resolve:</p><p>Conceder aposentadoria a ALMIR VIEIRA (Nr Ord 4614461), SIAPE nº 0209624, no cargo de Assistente em Ciência e Tecnologia, código 407002, classe "Assistente 3", padrão III, NI, de acordo com o art. 3º da Emenda Constitucional nº 47, de 5 de julho de 2005, com Gratificação de Qualificação de Nível III (GQ-III). Código de vaga nº 89147.</p><p class="assina">Maj Brig Ar MAURO MARTINS MACHADO</p>]]></Texto>
  </body>
</article></xml>