﻿<xml><article id="2021160" name="DOU 2-SGP-PT-435-UNI-124483_Yuri" idOficio="4707714" pubName="DO2" artType="Portaria" pubDate="13/03/2018" artClass="00034:00007:00015:00000:00000:00000:00000:00000:00000:00000:00025:00009" artCategory="Ministério Público da União/Ministério Público Federal/Secretaria de Gestão de Pessoas" artSize="8" artNotes="" numberPage="60" pdfPage="http://pesquisa.in.gov.br/imprensa/jsp/visualiza/index.jsp?data=13/03/2018&amp;jornal=529&amp;pagina=60" editionNumber="49" highlight="" idMateria="10595018">
  <body>
    <Identifica><![CDATA[ PORTARIA Nº 435, DE 12 DE MARÇO DE 2018]]></Identifica>
    <Data><![CDATA[]]></Data>
    <Ementa />
    <Titulo />
    <SubTitulo />
    <Texto><![CDATA[<p class="identifica">PORTARIA Nº 435, DE 12 DE MARÇO DE 2018</p><p>A SECRETÁRIA DE GESTÃO DE PESSOAS DO MINISTÉRIO PÚBLICO FEDERAL, no uso da competência que lhe foi atribuída pela Portaria SG/MPF nº 497, de 3 de junho de 2015, e tendo em vista o disposto no artigo 38 da Lei nº 8.112, de 11 de dezembro de 1990, e no expediente PGR-00074637/2018, resolve:</p><p>1. Dispensar MARCOS CIPRIANO CARDOSO GARCIA, ocupante do cargo de Técnico do MPU/Apoio Técnico-Administrativo/Tecnologia da Informação e Comunicação, matrícula nº 5291, do encargo de substituto eventual do Assessor-Chefe Nível IV, CC-4, da Assessoria Nacional de Perícia em Meio Ambiente, da Secretaria de Perícia, Pesquisa e Análise da Procuradoria-Geral da República.</p><p>2. Dispensar CESAR KRUEGER, ocupante do cargo de Analista do MPU/Perícia/Contabilidade, matrícula nº 5943, do encargo de substituto eventual do Chefe de Divisão de Perícia em Meio Ambiente, CC-2, da Secretaria de Perícia, Pesquisa e Análise da Procuradoria-Geral da República.</p><p>3. Designar ANDREA COLMENERO MOREIRA DE ALCANTARA, ocupante do cargo de Técnico do MPU/Administração, matrícula nº 25314, para exercer o encargo de substituto eventual do Chefe de Gabinete Nível II, CC-2, da Secretaria de Perícia, Pesquisa e Análise da Procuradoria-Geral da República.</p><p>4. Designar LAIO ANTUNES ROSENDO, ocupante do cargo de Analista do MPU/Perícia/Contabilidade, matrícula nº 25824, para exercer o encargo de substituto eventual do Coordenador de Investigações Especiais, CC-3, da Secretaria de Perícia, Pesquisa e Análise da Procuradoria-Geral da República.</p><p>5. Designar ELAINE SOBRAL DE CARVALHO VANDERLEI, ocupante do cargo de Analista do MPU/Apoio Técnico-Especializado/Finanças e Controle, matrícula nº 25748, para exercer o encargo de substituto eventual do Coordenador de Análises Investigativas, CC-3, da Secretaria de Perícia, Pesquisa e Análise da Procuradoria-Geral da República.</p><p>6. Designar ANA CRISTINA SILVA ROLA, ocupante do cargo de Técnico do MPU/Administração, matrícula nº 9877, para exercer o encargo de substituto eventual do Chefe da Divisão de Pesquisas Investigativas, CC-2, da Secretaria de Perícia, Pesquisa e Análise da Procuradoria-Geral da República.</p><p>7. Designar PAULO EDUARDO CHARONE BITAR JUNIOR, ocupante do cargo de Analista do MPU/Tecnologia da Informação e Comunicação/Desenvolvimento de Sistemas, matrícula nº 24127, para exercer o encargo de substituto eventual do Coordenador de Big Data Investigation, CC-3, da Secretaria de Perícia, Pesquisa e Análise da Procuradoria-Geral da República.</p><p>8. Designar RODRIGO DE SA CARVALHO, ocupante do cargo de Técnico do MPU/Apoio Técnico-Administrativo/Tecnologia da Informação e Comunicação, matrícula nº 23830, para exercer o encargo de substituto eventual do Chefe da Divisão de Arquitetura de Interfaces, CC-2, da Secretaria de Perícia, Pesquisa e Análise da Procuradoria-Geral da República.</p><p>9. Designar DIEGO FIGUEREDO DA SILVA, Bacharel em Direito, ocupante do cargo de Técnico do MPU/Administração, matrícula nº 24651, para exercer o encargo de substituto eventual do Assessor-Chefe Nível IV, CC-4, da Assessoria de Gestão do Conhecimento, da Secretaria de Perícia, Pesquisa e Análise da Procuradoria-Geral da República.</p><p>10. Designar DANIELLE ARAUJO ROCHA, ocupante do cargo de Técnico do MPU/Administração, matrícula nº 25354, para exercer o encargo de substituto eventual do Chefe da Divisão de Gestão de Informações e Capacitações Investigativas, CC-2, da Secretaria de Perícia, Pesquisa e Análise da Procuradoria-Geral da República.</p><p>11. Designar ALESSANDRO FILGUEIRAS DA SILVA, ocupante do cargo de Analista do MPU/Perícia/Biologia, matrícula nº 5981, para exercer o encargo de substituto eventual do Assessor-Chefe Nível IV, CC-4, da Assessoria Nacional de Perícia em Meio Ambiente, da Secretaria de Perícia, Pesquisa e Análise da Procuradoria-Geral da República.</p><p>12. Designar HUMBERTO ALCANTARA FERREIRA LIMA, ocupante do cargo de Analista do MPU/Perícia/Geologia, matrícula nº 12610, para exercer o encargo de substituto eventual do Chefe da Divisão de Perícia em Meio Ambiente, CC-2, da Secretaria de Perícia, Pesquisa e Análise da Procuradoria-Geral da República.</p><p class="assina">ELOÁ TODARELLI JUNQUEIRA</p>]]></Texto>
  </body>
</article></xml>