﻿<xml><article id="2015803" name="P3JUAZEIRODONORTE15" idOficio="4706984" pubName="DO2" artType="Portaria" pubDate="13/03/2018" artClass="00012:00055:00095:00009:00000:00000:00000:00000:00000:00000:00025:00004" artCategory="Ministério da Fazenda/Secretaria da Receita Federal do Brasil/Superintendência Regional da 3ª Região Fiscal/Delegacia da Receita Federal do Brasil em Juazeiro do Norte" artSize="8" artNotes="" numberPage="44" pdfPage="http://pesquisa.in.gov.br/imprensa/jsp/visualiza/index.jsp?data=13/03/2018&amp;jornal=529&amp;pagina=44" editionNumber="49" highlight="" idMateria="10593769">
  <body>
    <Identifica><![CDATA[ PORTARIA Nº 15, DE 12 DE MARÇO DE 2018]]></Identifica>
    <Data><![CDATA[]]></Data>
    <Ementa />
    <Titulo />
    <SubTitulo />
    <Texto><![CDATA[<p class="identifica">PORTARIA Nº 15, DE 12 DE MARÇO DE 2018</p><p>O DELEGADO DA RECEITA FEDERAL DO BRASIL EM JUAZEIRO DO NORTE-CE, no uso das atribuições que lhe confere o art. 340 do Regimento Interno da Secretaria da Receita Federal do Brasil, aprovado pela Portaria do MF n°. 430, de 09 de outubro de 2017, publicada no DOU de 11/10/2017, e, considerando o disposto nos artigos 11 e 12 do Decreto-Lei nº 200, de 25 de fevereiro de 1967, regulamentado pelo Decreto nº 83.937, de 6 de setembro de 1979, resolve:</p><p>Art. Único - Delegar competência ao servidor Marcos Antonio de Araújo, Auditor-Fiscal da Receita Federal do Brasil, CPF: 214.564.023-15, matrícula siapecad nº 1295967, para prática de atos regimentais e demais atribuições inerentes ao Delegado da Receita Federal do Brasil em Juazeiro do Norte-CE no período de 12/03/2018 a 16/03/2018, em virtude da ausência simultânea do titular e substituto.</p><p class="assina">MARCOS ALEXANDRE LUCENA DA COSTA</p>]]></Texto>
  </body>
</article></xml>