﻿<xml><article id="2019281" name="PORT - 1218" idOficio="4707420" pubName="DO2" artType="Portaria" pubDate="13/03/2018" artClass="00017:00021:00029:00000:00000:00000:00000:00000:00000:00000:00025:00001" artCategory="Ministério da Saúde/Fundação Nacional de Saúde/Superintendência Estadual em Minas Gerais" artSize="8" artNotes="" numberPage="49" pdfPage="http://pesquisa.in.gov.br/imprensa/jsp/visualiza/index.jsp?data=13/03/2018&amp;jornal=529&amp;pagina=49" editionNumber="49" highlight="" idMateria="10594586">
  <body>
    <Identifica><![CDATA[ Portaria  Nº 1.218, DE 9 DE março DE 2018]]></Identifica>
    <Data><![CDATA[]]></Data>
    <Ementa />
    <Titulo />
    <SubTitulo />
    <Texto><![CDATA[<p class="identifica">Portaria Nº 1.218, DE 9 DE março DE 2018</p><p>A SUPERINTENDENTE ESTADUAL DA FUNDAÇÃO NACIONAL DE SAÚDE NO ESTADO DE MINAS GERAIS/SUBSTITUTA, no uso das atribuições que lhe foram conferidas pelo art. 13 do decreto nº 8.867, de 03/10/2016, publicado no dou de 04/10/2016, nomeado pela portaria nº. 371, de 15 de junho de 2015, publicada no dou nº. 113, de 16 de junho de 2015; CONSIDERANDO o constante dos autos do processo nº 25190.000.792/2018-91, resolve:</p><p>Art. 1º - Conceder, pensão a MARIA ILDENI DE FÁTIMA PEREIRA GOMES, viúva do instituidor HERMINIO JOSÉ GOMES, matrícula Siape 0482034, pertencente ao Quadro Permanente da FUNDAÇÂO NACIONAL DE SAÚDE, correspondente a cota-parte integral dos proventos referente ao cargo de Agente de Saúde Pública, NI, classe "S", padrão III, a partir de 10/02/2018, de acordo com o artigo 217, inciso I, da Lei 8.112/90 c/c Art.2, inciso I e II, da Lei nº 10.887/04 incluída pela Lei nº.13.135/15.</p><p>Art. 2º - Esta Portaria entra em vigor a partir da data de sua publicação.</p><p class="assina">MARCIA SILVA DE AZEVEDO ALVES</p>]]></Texto>
  </body>
</article></xml>