﻿<xml><article id="2016630" name="DAF 1233 - 2018" idOficio="4707119" pubName="DO2" artType="Portaria" pubDate="13/03/2018" artClass="00031:00024:00028:00000:00000:00000:00000:00000:00000:00000:00025:00001" artCategory="Ministério dos Transportes, Portos e Aviação Civil/Departamento Nacional de Infraestrutura de Transportes/Diretoria de Administração e Finanças" artSize="8" artNotes="" numberPage="57" pdfPage="http://pesquisa.in.gov.br/imprensa/jsp/visualiza/index.jsp?data=13/03/2018&amp;jornal=529&amp;pagina=57" editionNumber="49" highlight="" idMateria="10593979">
  <body>
    <Identifica><![CDATA[ PORTARIA Nº 1.233, DE 9 DE MARÇO DE 2018]]></Identifica>
    <Data><![CDATA[]]></Data>
    <Ementa />
    <Titulo />
    <SubTitulo />
    <Texto><![CDATA[<p class="identifica">PORTARIA Nº 1.233, DE 9 DE MARÇO DE 2018</p><p>O DIRETOR DE ADMINISTRAÇÃO E FINANÇAS DO DEPARTAMENTO NACIONAL DE INFRAESTRUTURA DE TRANSPORTES - DNIT, no uso das suas atribuições regimentais e da competência que lhe foi delegada pela Portaria DG nº 2.253, de 14 de dezembro de 2016, publicada no Diário Oficial da União de 15 de dezembro de 2016, e tendo em vista o constante do processo nº 50014.000043/2018-41, resolve:</p><p>Art. 1º DESIGNAR como Pregoeiros, no âmbito da Administração Hidroviária do Nordeste - AHINOR, os servidores: LEIRDINALDO COSTA PACHECO matrículas DNIT nº 5665 e SIAPE nº 2240775; JOHILDA LIMA DE ARAUJO NERES matrículas DNIT nº 5675 e SIAPE nº 2240772.</p><p>Art. 2º DESIGNAR para a composição da equipe de apoio ao pregoeiro, os servidores: CIRO LIMA OLIVEIRA matrículas DNIT nº 3389 e SIAPE nº 1555129; JOÃO ROBERTO ALVES PERES, matrículas DNIT nº 5681 e SIAPE nº 2240774.</p><p>Art. 3º Para os fins previstos na Lei nº 10.520, de 17 de julho de 2002, publicada no D.O.U. de 18 de julho de 2002, a autoridade imediatamente superior ao Pregoeiro é Coordenador-Geral de Administração Hidroviária do Nordeste.</p><p>Art. 4º A designação de que trata o artigo 1º desta portaria tem validade por 1 (um) ano, em conformidade com o § 3º do artigo 10 do Decreto nº 5.450, de 31 de maio de 2005, publicado no D.O.U. de 1º de junho de 2005.</p><p>Art. 5º Esta Portaria entra em vigor na data de sua publicação.</p><p class="assina">MAURO DE MOURA MAGALHÃES</p>]]></Texto>
  </body>
</article></xml>