﻿<xml><article id="2020960" name="Nomeação Kleiton Nascimento Sabi" idOficio="4707701" pubName="DO2" artType="Portaria" pubDate="13/03/2018" artClass="00024:00001:00000:00000:00000:00000:00000:00000:00000:00000:00025:00001" artCategory="Ministério do Esporte/Gabinete do Ministro" artSize="8" artNotes="" numberPage="52" pdfPage="http://pesquisa.in.gov.br/imprensa/jsp/visualiza/index.jsp?data=13/03/2018&amp;jornal=529&amp;pagina=52" editionNumber="49" highlight="" idMateria="10594970">
  <body>
    <Identifica><![CDATA[ PORTARIA Nº 41, DE 12 DE MARÇO DE 2018]]></Identifica>
    <Data><![CDATA[]]></Data>
    <Ementa />
    <Titulo />
    <SubTitulo />
    <Texto><![CDATA[<p class="identifica">PORTARIA Nº 41, DE 12 DE MARÇO DE 2018</p><p>O MINISTRO DE ESTADO DO ESPORTE, no uso das atribuições que lhe foram delegadas pelo inciso II, do art. 3º do Decreto nº 8.821, de 26 de julho de 2016, resolve:</p><p>Nomear KLEITON NASCIMENTO SABINO E SILVA para exercer o cargo comissionado de Assessor do Departamento de Incentivo e Fomento ao Esporte da Secretaria Executiva deste Ministério, código DAS 102.4.</p><p class="assina">LEONARDO CARNEIRO MONTEIRO PICCIANI</p>]]></Texto>
  </body>
</article></xml>