﻿<xml><article id="2019506" name="12 de março portarias 538 a 572" idOficio="4707447" pubName="DO2" artType="Portaria" pubDate="13/03/2018" artClass="00011:00023:00000:00000:00000:00000:00000:00000:00000:00000:00025:00001" artCategory="Ministério da Educação/Fundação Universidade do Amazonas" artSize="8" artNotes="" numberPage="19" pdfPage="http://pesquisa.in.gov.br/imprensa/jsp/visualiza/index.jsp?data=13/03/2018&amp;jornal=529&amp;pagina=19" editionNumber="49" highlight="" idMateria="10594629">
  <body>
    <Identifica><![CDATA[ PORTARIAS DE 7 DE MARÇO DE 2018]]></Identifica>
    <Data><![CDATA[]]></Data>
    <Ementa />
    <Titulo />
    <SubTitulo />
    <Texto><![CDATA[<p></p><p class="identifica">PORTARIAS DE 7 DE MARÇO DE 2018</p><p>O REITOR DA UNIVERSIDADE FEDERAL DO AMAZONAS, usando das atribuições estatutárias, conferidas por Decreto de 14 de junho de 2017, publicado no Diário Oficial da União de 16 de junho de 2017, resolve:</p><p>N° 538 - I - DESIGNAR a servidora SUELY OLIVEIRA MORAES MARQUEZ, matrícula SIAPE n.º 2194620, ocupante do cargo de Professor do Magistério Superior, para exercer a Função Comissionada de Coordenação de Curso (FCC), de Coordenadora do Curso de Biblioteconomia da Faculdade de Informação e Comunicação - FIC/UFAM, para o mandato de 2 (dois) anos referente ao período de 22/03/2018 a 22/03/2020.</p><p>II - DESIGNAR a servidora DAYSE ENNE BOTELHO, matrícula SIAPE n.º 0401238, ocupante do cargo de Professor do Magistério Superior, como Vice-Coordenadora do Curso de Biblioteconomia da Faculdade de Informação e Comunicação - FIC/UFAM, para o mandato de 2 (dois) anos referente ao período de 22/03/2018 a 22/03/2020.</p><p>N° 539 - Onde se lê: "I - DESIGNAR o servidor LUCINDO ANTUNES FERNANDES FILHO, matrícula SIAPE n.º 0400849, ocupante do cargo de Professor do Magistério Superior, para exercer a Função Comissionada de Coordenação de Curso (FCC), de Coordenador do Curso de Geociências do Instituto de Ciências Exatas, para o mandato de 2 (dois) anos, referente ao período de 05/12/2017 a 05/02/2019."</p><p>Leia-se: "I - DESIGNAR o servidor LUCINDO ANTUNES FERNANDES FILHO, matrícula SIAPE n.º 0400849, ocupante do cargo de Professor do Magistério Superior, para exercer a Função Comissionada de Coordenação de Curso (FCC), de Coordenador do Curso de Geociências do Instituto de Ciências Exatas, para o mandato de 2 (dois) anos, referente ao período de 05/12/2017 a 05/12/2019."</p><p>N° 540 - I - DISPENSAR o servidor JEFFERSON DANTAS DOS SANTOS, matrícula SIAPE n.º 2092232, ocupante do cargo de Assistente em Administração, da Função Gratificada FG-01, de Gerente de Patrimônio Material e Manutenção do Instituto de Saúde e Biotecnologia - ISB/COARI, a partir de 05/02/2018.</p><p>II - DESIGNAR o servidor SANDRO PALMA DOS SANTOS, matrícula SIAPE n.º 1114815, ocupante do cargo de Administrador, para exercer a Função Gratificada FG-01, de Gerente de Patrimônio Material e Manutenção do Instituto de Saúde e Biotecnologia - ISB/COARI, a partir de 05/02/2018.</p><p>N° 542 - I - DESIGNAR o servidor MARCOS BATISTA MACHADO, matrícula SIAPE n.º 1734991, ocupante do cargo de Professor do Magistério Superior, para exercer a Função Comissionada de Coordenação de Curso (FCC), de Coordenador do Curso de Bacharelado em Química do Instituto de Ciências Exatas - ICE/UFAM, para o mandato de 02 (dois) anos.</p><p>II - DESIGNAR o servidor PAULO ROGÉRIO DA COSTA COUCEIRO, matrícula SIAPE n.º 1168930, ocupante do cargo de Professor do Magistério Superior, como Vice-Coordenador do Curso de Bacharelado em Química do Instituto de Ciências Exatas - ICE/UFAM, para o mandato de 02 (dois) anos.</p><p>N° 543 - DISPENSAR o servidor ALUÍZIO GONÇALVES BRASIL JÚNIOR, matrícula SIAPE n.º 2223666, ocupante do cargo de Professor do Magistério Superior, da Função Comissionada de Coordenação de Curso (FCC), de Coordenador do Curso de Farmácia do Instituto de Ciências Exatas e Tecnologia - ICET/UFAM, a partir de 06/02/2018.</p><p>N° 546 - CONCEDER, Pensão Por Morte - Vitalícia nos termos dos Artigos 215, 217 inciso III e 222, Inciso VII, alínea "b", item 6, da Lei n.º 8.112/1990, alterada pela Lei n.º 13.135/2015 à Senhora CECY RIBEIRO COSTA, companheira, do ex-servidor falecido em 20.05.2017, o senhor Almir Augusto Sampaio de Farias, do quadro de pessoal dos servidores inativos da Fundação Universidade do Amazonas, observando o que descreve a Lei acima mencionada.</p><p>N° 547 - CONCEDER Aposentadoria Especial com proventos proporcionais ao servidor RAIMUNDO JOSIMAR DA SILVA, matrícula SIAPE N.º 401502, ocupante do cargo de Auxiliar de Enfermagem, Classe C, Nível de capacitação 04, Padrão de Vencimento 15, em regime de 40 (quarenta) horas semanais, lotado no Hospital Universitário Getúlio Vargas, do Quadro de Pessoal da Fundação Universidade do Amazonas, fundamentada nas Orientações Normativas nºs 06 e 16, de 21/06/2010 e 23/12/2013, respectivamente. O cálculo dos Proventos será com base na média contributiva, conforme Lei nº 10.887/2004.</p><p>DECLARAR vago o referido cargo de código 311877 a partir da publicação no Diário Oficial da União.</p><p class="assina">SYLVIO MÁRIO PUGA FERREIRA</p><p class="identifica">PORTARIA N° 572, DE 9 DE MARÇO DE 2018</p><p>O REITOR DA UNIVERSIDADE FEDERAL DO AMAZONAS, usando das atribuições estatutárias, conferidas por Decreto de 14 de junho de 2017, publicado no Diário Oficial da União de 16 de junho de 2017, resolve:</p><p>AUTORIZAR o afastamento do servidor docente NILTON DE SOUZA CAMPELO, lotado na Faculdade de Tecnologia, para cursar estágio pós-doutoral em Engenharia Geotécnica na Universidade do Porto - Portugal, no período de 01/08/2018 a 31/07/2019, conforme regulamenta a Resolução nº 020/2013-CONSUNI.</p><p class="assina">SYLVIO MÁRIO PUGA FERREIRA</p>]]></Texto>
  </body>
</article></xml>