﻿<xml><article id="2017280" name="PORT. 7775- Vacancia - TEC ANDRE" idOficio="4707166" pubName="DO2" artType="Portaria" pubDate="13/03/2018" artClass="00032:00003:00015:00000:00000:00000:00000:00000:00000:00000:00025:00001" artCategory="Departamento de Polícia Federal/Diretoria de Gestão de Pessoal/Ministério da Justiça" artSize="8" artNotes="" numberPage="58" pdfPage="http://pesquisa.in.gov.br/imprensa/jsp/visualiza/index.jsp?data=13/03/2018&amp;jornal=529&amp;pagina=58" editionNumber="49" highlight="" idMateria="10594134">
  <body>
    <Identifica><![CDATA[ PORTARIA Nº 7.775,  DE 6 DE MARÇO DE 2018]]></Identifica>
    <Data><![CDATA[]]></Data>
    <Ementa />
    <Titulo />
    <SubTitulo />
    <Texto><![CDATA[<p class="identifica">PORTARIA Nº 7.775, DE 6 DE MARÇO DE 2018</p><p>O DIRETOR DE GESTÃO DE PESSOAL DA POLÍCIA FEDERAL, no uso da competência que lhe foi atribuída pelo inciso XVII do art. 42 do Regimento Interno da Polícia Federal, aprovado pela Portaria MJ nº 1252, de 29/12/2017, publicado no DOU nº 1, de 02/01/2018, e considerando o que consta no Processo Administrativo nº 08350.001533/2018-88, resolve:</p><p>Declarar vago, a partir de 05 de fevereiro de 2018, o cargo de Técnico em Contabilidade, do Quadro de Pessoal da Polícia Federal, ocupado por André Luiz Rodrigues, matrícula SIAPE nº 2479867, em virtude de posse em outro cargo inacumulável, com fundamento no art. 33, inciso VIII, da Lei nº 8.112, de 11.12.1990.</p><p class="assina">DELANO CERQUEIRA BUNN</p>]]></Texto>
  </body>
</article></xml>