﻿<xml><article id="2020228" name="EDITAL nº 29.2018" idOficio="4707560" pubName="DO2" artType="Edital" pubDate="13/03/2018" artClass="00099:00034:00008:00001:00000:00000:00000:00000:00000:00000:00000:00021:00001" artCategory="Editais e Avisos" artSize="8" artNotes="" numberPage="91" pdfPage="http://pesquisa.in.gov.br/imprensa/jsp/visualiza/index.jsp?data=13/03/2018&amp;jornal=529&amp;pagina=91" editionNumber="49" highlight="" idMateria="10594786">
  <body>
    <Identifica><![CDATA[ EDITAL nº 29, de 12 de março de 2018]]></Identifica>
    <Data><![CDATA[]]></Data>
    <Ementa />
    <Titulo />
    <SubTitulo />
    <Texto><![CDATA[<p class="identifica">EDITAL nº 29, de 12 de março de 2018</p><p>PGEA 002677.2018.00.900/3</p><p>O PROCURADOR-GERAL DO TRABALHO, no uso de suas atribuições, em cumprimento aos arts. 91, XI, alínea "a" e 212 da Lei Complementar nº 75, de 20 de maio de 1993,</p><p>CONSIDERANDO a Portaria PGT nº 434, de 29 de junho de 2016, que fixou ofícios de Procurador Regional do Trabalho nas sedes das Procuradorias Regionais do Trabalho;</p><p>CONSIDERANDO a promoção do Procurador Regional do Trabalho Wiliam Sebastião Bedone ao cargo de Subprocurador-Geral do Trabalho, na carreira do Ministério Público do Trabalho, para ter lotação na Procuradoria-Geral do Trabalho - Portaria PGR nº 17, de 05 de março de 2018, publicada no D.O.U. de 08.03.2018;</p><p>FAZ SABER aos Procuradores Regionais do Trabalho em exercício na presente data, para efeito de concurso de remoção:</p><p>I - A existência de 1 (um) Ofício vago de Procurador Regional do Trabalho na Procuradoria Regional do Trabalho da 2ª Região.</p><p>II - Será objeto deste concurso o Ofício de Procurador Regional do Trabalho listado acima, bem como o(s) Ofício(s) eventualmente aberto(s) em outras unidades, como decorrência do provimento dos Ofícios ora ofertados.</p><p>III - Em caso de ocorrência de vaga em unidade "superavitária", tendo como parâmetro o art. 1o da Portaria PGT no 434/2016, o ofício vago será bloqueado. Ocorrendo tal hipótese, a vaga será deslocada para a unidade "deficitária", sendo, em seguida, aberto novo Concurso de Remoção exclusivamente para essa vaga, em respeito ao disposto na Portaria PGT no 434/2016 e no art. 11 do Ato Conjunto no 01/2014 PGR/CASMPU.</p><p>IV - Todos os Procuradores Regionais do Trabalho interessados no presente concurso de remoção, mesmo que o interesse seja em Ofício diverso do indicado no inciso I acima, devem inscrever-se no certame, tendo em vista a possível ocorrência de Ofício vago em unidade distinta.</p><p>V - O período de trânsito será de 19 de março de 2018 a 1º de abril de 2018.</p><p>VI - Os Procuradores Regionais do Trabalho interessados deverão habilitar-se indicando suas opções em rigorosa ordem de preferência, mediante inscrição exclusiva no endereço eletrônico https://dti.pgt.mpt.gov.br/remocao.</p><p>VII - O prazo para inscrição terá início às 14h do dia 13 de março de 2018 e término às 14h do dia 15 de março de 2018, horários de Brasília.</p><p>VIII - O acesso ao sistema informatizado para o concurso de remoção se dará mediante identificação de nome.sobrenome e senha do contracheque.</p><p>IX - A participação no certame está condicionada à inscrição realizada exclusivamente pelo meio eletrônico indicado, sendo vedada qualquer outra forma de inscrição.</p><p>X - O sistema estará aberto on line para consulta ao resultado parcial da remoção.</p><p>XI - A consulta ao resultado parcial não gera nenhum direito, sendo o resultado definitivo aquele divulgado após o fechamento e totalização do sistema imediatamente após às 14h do dia 15 de março de 2018.</p><p class="assina">RONALDO CURADO FLEURY</p>]]></Texto>
  </body>
</article></xml>