﻿<xml><article id="2017915" name="DOU_SP_13032018" idOficio="4707244" pubName="DO2" artType="Portaria" pubDate="13/03/2018" artClass="00037:00001:00002:00008:00001:00001:00000:00000:00000:00000:00025:00001" artCategory="Poder Legislativo/Câmara dos Deputados/Diretoria-Geral/Diretoria de Recursos Humanos/Departamento de Pessoal/Coordenação de Secretariado Parlamentar" artSize="8" artNotes="" numberPage="84" pdfPage="http://pesquisa.in.gov.br/imprensa/jsp/visualiza/index.jsp?data=13/03/2018&amp;jornal=529&amp;pagina=84" editionNumber="49" highlight="" idMateria="10594274">
  <body>
    <Identifica><![CDATA[  Portarias de 9 de março de 2018]]></Identifica>
    <Data><![CDATA[]]></Data>
    <Ementa />
    <Titulo />
    <SubTitulo />
    <Texto><![CDATA[<p class="identifica">Portarias de 9 de março de 2018</p><p>O Diretor da Coordenação de Secretariado Parlamentar, no uso das atribuições que lhe foram delegadas pelo artigo 1º da Portaria n.º 53, de 2002, do Senhor Diretor Administrativo, resolve:</p><p>Nº 1.095 - Exonerar, de acordo com o artigo 35 da Lei n.º 8.112, de 11 de dezembro de 1990, a partir de 09 de março de 2018, RASALANA COSTA DAMASCENO, ponto n.º 251173, do cargo em comissão de Secretário Parlamentar, SP02, do Quadro de Pessoal da Câmara dos Deputados, que exerce no gabinete do(a) Deputado(a) ELIZIANE GAMA.</p><p>Nº 1.096 - Exonerar, de acordo com o artigo 35 da Lei n.º 8.112, de 11 de dezembro de 1990, a partir de 09 de março de 2018, IVSON ROBERTO DAMASCENO SILVA DE SOUSA, ponto n.º 251405, do cargo em comissão de Secretário Parlamentar, SP04, do Quadro de Pessoal da Câmara dos Deputados, que exerce no gabinete do(a) Deputado(a) ANTONIO JACOME.</p><p>Nº 1.097 - Exonerar, de acordo com o artigo 35 da Lei n.º 8.112, de 11 de dezembro de 1990, a partir de 09 de março de 2018, ANDRE MARANHÃO PRACIANO, ponto n.º 255629, do cargo em comissão de Secretário Parlamentar, SP15, do Quadro de Pessoal da Câmara dos Deputados, que exerce no gabinete do(a) Deputado(a) ANDRE FIGUEIREDO.</p><p>Nº 1.098 - Exonerar, de acordo com o artigo 35 da Lei n.º 8.112, de 11 de dezembro de 1990, a partir de 09 de março de 2018, LEYDSON RIBEIRO BRAGA, ponto n.º 255926, do cargo em comissão de Secretário Parlamentar, SP03, do Quadro de Pessoal da Câmara dos Deputados, que exerce no gabinete do(a) Deputado(a) MOSES RODRIGUES .</p><p>Nº 1.099 - Exonerar, de acordo com o artigo 35 da Lei n.º 8.112, de 11 de dezembro de 1990, a partir de 09 de março de 2018, HILARIO ROSA DE SOUZA, ponto n.º 256410, do cargo em comissão de Secretário Parlamentar, SP06, do Quadro de Pessoal da Câmara dos Deputados, que exerce no gabinete do(a) Deputado(a) CRISTIANE BRASIL.</p><p>Nº 1.100 - Exonerar, de acordo com o artigo 35 da Lei n.º 8.112, de 11 de dezembro de 1990, a partir de 09 de março de 2018, PEDRO HENRIQUE RODRIGUES PARANAGUÁ NOGUEIRA, ponto n.º 256732, do cargo em comissão de Secretário Parlamentar, SP21, do Quadro de Pessoal da Câmara dos Deputados, que exerce no gabinete do(a) Deputado(a) JESSICA SALES.</p><p>Nº 1.101 - Exonerar, de acordo com o artigo 35 da Lei n.º 8.112, de 11 de dezembro de 1990, a partir de 09 de março de 2018, VICTOR RIBEIRO CALDAS, ponto n.º 257565, do cargo em comissão de Secretário Parlamentar, SP02, do Quadro de Pessoal da Câmara dos Deputados, que exerce no gabinete do(a) Deputado(a) ANDRE ABDON.</p><p>Nº 1.102 - Nomear, na forma do artigo 9º, inciso II, da Lei nº 8.112, de 11 de dezembro de 1990, ALEXANDRE DUMAS JORGE para exercer, no gabinete do(a) Deputado(a) ALFREDO KAEFER, o cargo em comissão de Secretário Parlamentar, SP20, do Quadro de Pessoal da Câmara dos Deputados.</p><p>Nº 1.103 - Nomear, na forma do artigo 9º, inciso II, da Lei nº 8.112, de 11 de dezembro de 1990, DJALMA RAMOS DE OLIVEIRA para exercer, no gabinete do(a) Deputado(a) JOSE CARLOS ALELUIA, o cargo em comissão de Secretário Parlamentar, SP10, do Quadro de Pessoal da Câmara dos Deputados.</p><p>Nº 1.104 - Nomear, na forma do artigo 9º, inciso II, da Lei nº 8.112, de 11 de dezembro de 1990, EDISON GOMES MONTEZUMAS JUNIOR para exercer, no gabinete do(a) Deputado(a) CRISTIANE BRASIL, o cargo em comissão de Secretário Parlamentar, SP06, do Quadro de Pessoal da Câmara dos Deputados.</p><p>Nº 1.105 - Nomear, na forma do artigo 9º, inciso II, da Lei nº 8.112, de 11 de dezembro de 1990, JAQUELINE RODRIGUES DA SILVA para exercer, no gabinete do(a) Deputado(a) JULIA MARINHO, o cargo em comissão de Secretário Parlamentar, SP14, do Quadro de Pessoal da Câmara dos Deputados.</p><p>Nº 1.106 - Nomear, na forma do artigo 9º, inciso II, da Lei nº 8.112, de 11 de dezembro de 1990, JULIANE DE OLIVEIRA ROCHA para exercer, no gabinete do(a) Deputado(a) RODRIGO PACHECO, o cargo em comissão de Secretário Parlamentar, SP14, do Quadro de Pessoal da Câmara dos Deputados.</p><p>Nº 1.107 - Nomear, na forma do artigo 9º, inciso II, da Lei nº 8.112, de 11 de dezembro de 1990, MARCOS ELÍSIO VERGEIRO para exercer, no gabinete do(a) Deputado(a) FABIO GARCIA, o cargo em comissão de Secretário Parlamentar, SP14, do Quadro de Pessoal da Câmara dos Deputados.</p><p>Nº 1.108 - Nomear, na forma do artigo 9º, inciso II, da Lei nº 8.112, de 11 de dezembro de 1990, MARIA ANTONIA ARAUJO SILVA para exercer, no gabinete do(a) Deputado(a) ELIZIANE GAMA, o cargo em comissão de Secretário Parlamentar, SP02, do Quadro de Pessoal da Câmara dos Deputados.</p><p>Nº 1.109 - Nomear, na forma do artigo 9º, inciso II, da Lei nº 8.112, de 11 de dezembro de 1990, MARIZE DAMASCENO DA SERRA para exercer, no gabinete do(a) Deputado(a) ANTONIO JACOME, o cargo em comissão de Secretário Parlamentar, SP04, do Quadro de Pessoal da Câmara dos Deputados.</p><p class="assina">Emerson Brito de Melo</p>]]></Texto>
  </body>
</article></xml>