﻿<xml><article id="2037656" name="portaria 86" idOficio="4707176" pubName="DO2" artType="Portaria" pubDate="14/03/2018" artClass="00039:00166:00000:00000:00000:00000:00000:00000:00000:00000:00025:00001" artCategory="Entidades de Fiscalização do Exercício das Profissões Liberais/Conselho Regional de Corretores de Imóveis da 8ª Região" artSize="8" artNotes="" numberPage="67" pdfPage="http://pesquisa.in.gov.br/imprensa/jsp/visualiza/index.jsp?data=14/03/2018&amp;jornal=529&amp;pagina=67" editionNumber="50" highlight="" idMateria="10594122">
  <body>
    <Identifica><![CDATA[ Portaria nº 96, de 8 de março de 2018]]></Identifica>
    <Data><![CDATA[]]></Data>
    <Ementa />
    <Titulo />
    <SubTitulo />
    <Texto><![CDATA[<p class="identifica">Portaria nº 96, de 8 de março de 2018</p><p>O Presidente da Comissão de Processo Administrativo Disciplinar nº 79.652/2018, instaurado pela Portaria nº 95, de 8 de março de 2018, publicada no D.O.U., n. 45, de 7 de março de 2018, do Exmo. Sr. Hermes Rodrigues de Alcântara Filho, Presidente do Conselho Regional de Corretores de Imóveis da 8ª Região, resolve:</p><p>Art. 1º. Designar o empregado público Tiago Goes Damasceno, profissional de suporte técnico - PST do quadro de pessoal do Conselho Regional de Corretores de Imóveis da 8ª Região - CRECI/DF, matrícula funcional nº 709, para desempenhar as funções de Secretário da referida Comissão Processante, enquanto durarem os trabalhos apuratórios. Art. 2º Esta Portaria entra em vigor na data de sua publicação.</p><p class="assina">Marlon Souza da Cruz</p>]]></Texto>
  </body>
</article></xml>