﻿<xml><article id="2025484" name="PORTARIA N.º, 49 DE 12 DE MARÇO " idOficio="4707899" pubName="DO2" artType="Portaria" pubDate="13/03/2018" artClass="00027:00002:00024:00005:00000:00000:00000:00000:00000:00000:00025:00001" artCategory="Ministério do Trabalho/Secretaria Executiva/Subsecretaria de Orçamento e Administração/Coordenação-Geral de Gestão de Pessoas" artSize="8" artNotes="" numberPage="55" pdfPage="http://pesquisa.in.gov.br/imprensa/jsp/visualiza/index.jsp?data=13/03/2018&amp;jornal=529&amp;pagina=55" editionNumber="49" highlight="" idMateria="10595918">
  <body>
    <Identifica><![CDATA[ PORTARIA Nº 49, DE 12 DE MARÇO DE 2018]]></Identifica>
    <Data><![CDATA[]]></Data>
    <Ementa />
    <Titulo />
    <SubTitulo />
    <Texto><![CDATA[<p class="identifica">PORTARIA Nº 49, DE 12 DE MARÇO DE 2018</p><p>A COORDENADORA-GERAL DE GESTÃO DE PESSOAS - SUBSTITUTA, DA SUBSECRETARIA DE ORÇAMENTO E ADMINISTRAÇÃO, DA SECRETARIA EXECUTIVA DO MINISTÉRIO DO TRABALHO, no uso da competência que lhe foi subdelegada no inciso I do artigo 2º da Portaria/SE/MTE n.º 473, de 24 de julho de 2008, publicada no DOU de 25 de julho de 2008, e em face do que consta do Processo n.º 46148.000057/2018-72, resolve:</p><p>Art. 1º - Conceder aposentadoria voluntária à servidora EDILEUZA GIL DA ROCHA BAIÃO, matrícula SIAPE 6221286, ocupante do cargo efetivo de Agente de Portaria, Classe "S", Padrão III, da Carreira da Previdência, da Saúde e do Trabalho, do Quadro de Pessoal deste Ministério, com fundamento nos incisos I, II, III e parágrafo único do artigo 3º da Emenda Constitucional n.º 47, de 2005.</p><p>Art. 2º Declarar que fica extinta a vaga n.º 201954, do referido cargo.</p><p>Art. 3º Esta portaria entra em vigor na data da sua publicação.</p><p class="assina">MARIA APARECIDA FERNANDES ARAÚJO</p>]]></Texto>
  </body>
</article></xml>