﻿<xml><article id="2025656" name="PTCG N 339 GGPES" idOficio="4707912" pubName="DO2" artType="Portaria" pubDate="13/03/2018" artClass="00017:00005:00002:00000:00000:00000:00000:00000:00000:00000:00025:00001" artCategory="Ministério da Saúde/Agência Nacional de Vigilância Sanitária/Gabinete do Diretor-Presidente" artSize="8" artNotes="" numberPage="48" pdfPage="http://pesquisa.in.gov.br/imprensa/jsp/visualiza/index.jsp?data=13/03/2018&amp;jornal=529&amp;pagina=48" editionNumber="49" highlight="" idMateria="10595933">
  <body>
    <Identifica><![CDATA[ PORTARIA N° 339, DE 12 DE MARÇO DE 2018]]></Identifica>
    <Data><![CDATA[]]></Data>
    <Ementa />
    <Titulo />
    <SubTitulo />
    <Texto><![CDATA[<p class="identifica">PORTARIA N° 339, DE 12 DE MARÇO DE 2018</p><p>O Chefe de Gabinete do Diretor-Presidente da Agência Nacional de Vigilância Sanitária, no uso da competência que lhe foi delegada pela Portaria n° 1.596, de 8 de agosto de 2016, alterada pela Portaria nº 1.724, de 5 de setembro de 2016, resolve:</p><p>Nomear o servidor MARCO AURÉLIO RODOVALHO DE OLIVEIRA, matrícula SIAPE n° 1494153, para ocupar o cargo de Assistente, código CCT I, da Gerência de Gestão de Contratos e Parcerias, da Gerência-Geral de Gestão Administrativa e Financeira, da Diretoria de Gestão Institucional.</p><p class="assina">LEONARDO BATISTA PAIVA</p>]]></Texto>
  </body>
</article></xml>