﻿<xml><article id="2021080" name="PROGEP.29.2018" idOficio="4707692" pubName="DO2" artType="Portaria" pubDate="13/03/2018" artClass="00011:00110:00001:00019:00000:00000:00000:00000:00000:00000:00025:00001" artCategory="Ministério da Educação/Universidade Federal do Espírito Santo/Reitoria/Pró-Reitoria de Gestão de Pessoas" artSize="8" artNotes="" numberPage="35" pdfPage="http://pesquisa.in.gov.br/imprensa/jsp/visualiza/index.jsp?data=13/03/2018&amp;jornal=529&amp;pagina=35" editionNumber="49" highlight="" idMateria="10594995">
  <body>
    <Identifica><![CDATA[ PORTARIAS DE 12 DE MARÇO DE 2018]]></Identifica>
    <Data><![CDATA[]]></Data>
    <Ementa />
    <Titulo />
    <SubTitulo />
    <Texto><![CDATA[<p class="identifica">PORTARIAS DE 12 DE MARÇO DE 2018</p><p>O Pró-Reitor de Gestão de Pessoas da Universidade Federal do Espírito Santo, usando de suas atribuições legais e estatutárias, resolve:</p><p>Nº 498 - Designar AYRES GERALDO LORIATO, SIAPE 294316, para exercer, pelo período de 02 (dois) anos, a função de Chefe do Departamento de Tecnologia Industrial/CT, FG-01, a partir da publicação.</p><p>Ficam convalidados os atos praticados a partir de 03/03/2018.(Processo nº 23068.022401/2017-98)</p><p>Nº 500 - Designar RICHARD DIEGO LEITE, SIAPE 1008568, para exercer a função de Coordenador do Laboratório de Fisiologia do Exercício/CEFD, FG-03, a partir da publicação.</p><p>Ficam convalidados os atos praticados a partir de 22/02/2018.(Processo nº 23068.007154/2018-81)</p><p>Nº 502 - Dispensar HELCIO BEZERRA DE MELLO, SIAPE 1814901, da função de Coordenador do Colegiado do Curso de Engenharia de Computação/CEUNES, FCC, a partir de 16/02/2018.(Processo nº 23068.003884/2018-11)</p><p>Nº 504 - Designar WILIAN HIROSHI HISATUGU, SIAPE 2656596, para exercer, pelo período de 02 (dois) anos, a função de Coordenador do Colegiado do Curso de Engenharia de Computação/CEUNES, FCC, a partir da publicação.</p><p>Ficam convalidados os atos praticados a partir de 16/02/2018.(Processo nº 23068.003884/2018-11)</p><p class="assina">Cleison Faé</p>]]></Texto>
  </body>
</article></xml>