﻿<xml><article id="2015317" name="ATO PORTARIA Nº 7839 DE 08 DE MA" idOficio="4706898" pubName="DO2" artType="Portaria" pubDate="13/03/2018" artClass="00032:00003:00015:00000:00000:00000:00000:00000:00000:00000:00025:00012" artCategory="Departamento de Polícia Federal/Diretoria de Gestão de Pessoal/Coordenação de Recursos Humanos/Divisão de Administração de Recursos Humanos/Serviço de Aposentadorias e Pensões/Ministério da Justiça" artSize="8" artNotes="" numberPage="58" pdfPage="http://pesquisa.in.gov.br/imprensa/jsp/visualiza/index.jsp?data=13/03/2018&amp;jornal=529&amp;pagina=58" editionNumber="49" highlight="" idMateria="10593649">
  <body>
    <Identifica><![CDATA[ PORTARIA Nº 7.839, DE 8 DE MARÇO DE 2018]]></Identifica>
    <Data><![CDATA[]]></Data>
    <Ementa />
    <Titulo />
    <SubTitulo />
    <Texto><![CDATA[<p class="identifica">PORTARIA Nº 7.839, DE 8 DE MARÇO DE 2018</p><p>O DIRETOR DE GESTÃO DE PESSOAL DA POLÍCIA FEDERAL, no uso das atribuições que lhe são conferidas pelos incisos XIV e XIX do art. 42 do Regimento Interno da Polícia Federal, aprovado pela Portaria MJ nº 1.252, de 29/12/2017, publicada no Diário Oficial da União nº 1, de 2/1/2018, Seção I, pp. 65/70, e tendo em vista a decisão judicial proferida pelo Juízo da 30ª Vara Federal Federal da Seção Judiciária de Pernambuco, nos autos da Ação Ordinária nº 0500286-76.2016.4.05.8311, resolve:</p><p>Conceder pensão por morte, a JOSEFA JOSINEIDE DE OLIVEIRA , filha maior inválida, do ex-servidor JOSÉ HENRIQUE DE OLIVEIRA, aposentado no cargo de Artífice de Estruturas de Obras e Metalurgia, Classe S, Matrícula SIAPE nº 0177380, falecido em 16 de setembro de 2014, nos termos dos artigos 217, II , alínea "a", da Lei nº 8.112, de 11 de dezembro de 1990 (redação original), combinados com o artigo 40, § 7º, I, da Constituição Federal, com a redação dada pela Emenda Constitucional nº 41/2003, e artigo 2º, I, da Lei nº 10.887/2004. A pensão deverá ser implantada a partir da intimação da União, realizada em 27/02/2018, com efeitos financeiros a partir de 16.09.2014. (Processos nºs 00734.000573/2018-96, 08064.001049/2016-12 e 08400.008405/2015-80).</p><p class="assina">DELANO CERQUEIRA BUNN</p>]]></Texto>
  </body>
</article></xml>