﻿<xml><article id="2018674" name="Portaria SNJ 15" idOficio="4707350" pubName="DO2" artType="Portaria" pubDate="13/03/2018" artClass="00015:00044:00132:00237:00000:00000:00000:00000:00000:00000:00025:00001" artCategory="Ministério da Justiça/Secretaria Nacional de Justiça/Departamento de Políticas de Justiça/Coordenação de Entidades Sociais" artSize="8" artNotes="" numberPage="46" pdfPage="http://pesquisa.in.gov.br/imprensa/jsp/visualiza/index.jsp?data=13/03/2018&amp;jornal=529&amp;pagina=46" editionNumber="49" highlight="" idMateria="10594460">
  <body>
    <Identifica><![CDATA[ PORTARIA Nº 15, DE 5 DE FEVEREIRO DE 2018]]></Identifica>
    <Data><![CDATA[]]></Data>
    <Ementa />
    <Titulo />
    <SubTitulo />
    <Texto><![CDATA[<p class="identifica">PORTARIA Nº 15, DE 5 DE FEVEREIRO DE 2018</p><p>O SECRETÁRIO NACIONAL DE JUSTIÇA e PRESIDENTE DO COMITÊ NACIONAL DE ENFRENTAMENTO AO TRÁFICO DE PESSOAS, no uso das atribuições que lhe foram conferidas pelo Decreto nº 7.901 de 04 de fevereiro de 2013, resolve:</p><p>Art. 1º Designar MARIA FERNANDA JORQUERA BRICEÑO, para exercer o encargo de Secretária-Executiva do Comitê Nacional de Enfrentamento ao Tráfico de Pessoas (CONATRAP), em substituição a DANIELLE DE SOUZA GALDINO.</p><p>Art. 2º Esta Portaria entra em vigor na data de sua publicação.</p><p class="assina">ROGÉRIO AUGUSTO VIANA GALLORO</p>]]></Texto>
  </body>
</article></xml>