﻿<xml><article id="2020734" name="PORTARIA 121" idOficio="4707612" pubName="DO2" artType="Portaria" pubDate="13/03/2018" artClass="00010:00008:00024:06902:00000:00000:00000:00000:00000:00000:00025:00001" artCategory="Ministério da Defesa/Comando do Exército/Departamento-Geral do Pessoal/Diretoria de Civis, Inativos, Pensionistas e Assistência Social" artSize="8" artNotes="" numberPage="16" pdfPage="http://pesquisa.in.gov.br/imprensa/jsp/visualiza/index.jsp?data=13/03/2018&amp;jornal=529&amp;pagina=16" editionNumber="49" highlight="" idMateria="10594889">
  <body>
    <Identifica><![CDATA[ Portaria nº 121-DCIPAS/SPC, DE 12 DE MARÇO DE 2018]]></Identifica>
    <Data><![CDATA[]]></Data>
    <Ementa />
    <Titulo />
    <SubTitulo />
    <Texto><![CDATA[<p class="identifica">Portaria nº 121-DCIPAS/SPC, DE 12 DE MARÇO DE 2018</p><p>O DIRETOR DE CIVIS, INATIVOS, PENSIONISTAS E ASSISTÊNCIA SOCIAL, no uso da competência que lhe foi subdelegada pelo Chefe do Departamento-Geral do Pessoal, por meio da Portaria nº 192-DGP, de 1º de outubro de 2015, resolve</p><p>TORNAR SEM EFEITO a nomeação da candidata Cintiene Sandes Monfredo Mendes, efetuada no Quadro de Pessoal Civil do Comando do Exército, sob o Regime Jurídico Único, por meio da Portaria nº 94-DCIPAS/SPC, de 2 de março de 2018, publicada no DOU nº 44, de 6 de março de 2018, Seção 2, página 12, tendo em vista que a mesma desistiu de assumir o cargo.</p><p>A candidata havia sido nomeada para o cargo de Professor do Magistério Superior, na Linha de Pesquisa de Estudos da Paz e da Guerra, na Área de Avaliação de História Comparada, na Escola de Comando e Estado-Maior do Exército, no Rio de Janeiro - RJ, em vaga decorrente da aposentadoria de Sarita Lea Schaffel, publicada no DOU de 18 de junho de 2012.</p><p class="assina">Gen Bda SELMO UMBERTO PEREIRA</p>]]></Texto>
  </body>
</article></xml>