﻿<xml><article id="2016174" name="Portaria Nº 138_marco" idOficio="4707025" pubName="DO2" artType="Portaria" pubDate="13/03/2018" artClass="00013:00021:00089:00000:00000:00000:00000:00000:00000:00000:00025:00001" artCategory="Ministério da Indústria, Comércio Exterior e Serviços/Superintendência da Zona Franca de Manaus/Gabinete" artSize="8" artNotes="" numberPage="45" pdfPage="http://pesquisa.in.gov.br/imprensa/jsp/visualiza/index.jsp?data=13/03/2018&amp;jornal=529&amp;pagina=45" editionNumber="49" highlight="" idMateria="10593868">
  <body>
    <Identifica><![CDATA[ Portaria Nº 138, de 6 de março de 2018]]></Identifica>
    <Data><![CDATA[]]></Data>
    <Ementa />
    <Titulo />
    <SubTitulo />
    <Texto><![CDATA[<p class="identifica">Portaria Nº 138, de 6 de março de 2018</p><p>O SUPERINTENDENTE DA SUPERINTENDÊNCIA DA ZONA FRANCA DE MANAUS, no uso de suas atribuições regimentais, e considerando a Portaria MDIC 157, de 31 de maio de 2016, publicada no DOU, seção 2, nº 103, de 01/06/2016, bem como a Cláusula Terceira do Termo de Execução Descentralizada nº 1/2015/MDIC/INMETRO/SUFRAMA, resolve:</p><p>Art.1º DISPENSAR MARCELO SOUZA PEREIRA, Superintendente Adjunto de Planejamento e Desenvolvimento Regional do encargo de representante/titular da SUFRAMA do GRUPO DE GESTÃO DO CENTRO DE BIOTECNOLOGIA DA AMAZÔNIA - CBA.</p><p>Art. 2º DESIGNAR APPIO DA SILVA TOLENTINO, superintendente da SUFRAMA para o encargo de representante/Titular da SUFRAMA do GRUPO DE GESTÃO DO CENTRO DE BIOTECNOLOGIA DA AMAZÔNIA - CBA.</p><p>Art. 3º Esta Portaria entra em vigor na data de sua publicação.</p><p class="assina">APPIO DA SILVA TOLENTINO</p>]]></Texto>
  </body>
</article></xml>