﻿<xml><article id="2018908" name="PORTARIA GPR 448" idOficio="4707356" pubName="DO2" artType="Portaria" pubDate="13/03/2018" artClass="00038:00039:00002:00000:00000:00000:00000:00000:00000:00000:00025:00007" artCategory="Poder Judiciário/Tribunal de Justiça do Distrito Federal e dos Territórios/Presidência" artSize="8" artNotes="" numberPage="88" pdfPage="http://pesquisa.in.gov.br/imprensa/jsp/visualiza/index.jsp?data=13/03/2018&amp;jornal=529&amp;pagina=88" editionNumber="49" highlight="" idMateria="10594472">
  <body>
    <Identifica><![CDATA[ PORTARIA nº 448, DE 9 DE MARÇO DE 2018]]></Identifica>
    <Data><![CDATA[]]></Data>
    <Ementa />
    <Titulo />
    <SubTitulo />
    <Texto><![CDATA[<p class="identifica">PORTARIA nº 448, DE 9 DE MARÇO DE 2018</p><p>O PRESIDENTE DO TRIBUNAL DE JUSTIÇA DO DISTRITO FEDERAL E DOS TERRITÓRIOS, no uso de sua competência legal, com fundamento no artigo 93, Inciso I, § 1º, da Lei 8.112/1990, no Decreto nº 9.144/2017, bem como na Portaria GPR 78/2018, e tendo em vista o contido no PA 7724/2016, resolve:</p><p>Prorrogar a cessão do servidor ALFREDO DA MATA MACHADO, matrícula 318.355, Analista Judiciário, Área Judiciária, Sem Especialidade, Nível Superior, Classe "B", Padrão 6, do Quadro de Pessoal deste Tribunal, para continuar exercendo, no Tribunal Regional Eleitoral do Distrito Federal, o cargo em comissão, código CJ-1, de Assessor Jurídico de Gestão Administrativa, com ônus do cargo efetivo para o cedente e do cargo em comissão para o cessionário, até o dia 01/05/2019.</p><p class="assina">Des. MARIO MACHADO</p>]]></Texto>
  </body>
</article></xml>