﻿<xml><article id="2021148" name="DOU 2-SGMPU-PT-17-UNI-119565_Gui" idOficio="4707714" pubName="DO2" artType="Portaria" pubDate="13/03/2018" artClass="00034:00003:00000:00000:00000:00000:00000:00000:00000:00000:00025:00001" artCategory="Ministério Público da União/Secretaria-Geral" artSize="8" artNotes="" numberPage="60" pdfPage="http://pesquisa.in.gov.br/imprensa/jsp/visualiza/index.jsp?data=13/03/2018&amp;jornal=529&amp;pagina=60" editionNumber="49" highlight="" idMateria="10595014">
  <body>
    <Identifica><![CDATA[ PORTARIA Nº 17, DE 9 DE MARÇO DE 2018]]></Identifica>
    <Data><![CDATA[]]></Data>
    <Ementa />
    <Titulo />
    <SubTitulo />
    <Texto><![CDATA[<p class="identifica">PORTARIA Nº 17, DE 9 DE MARÇO DE 2018</p><p>O SECRETÁRIO-GERAL DO MINISTÉRIO PÚBLICO FEDERAL, no uso da competência estabelecida no art. 1º - XIX da Portaria PGR/MPU nº 683, de 26 de setembro de 2013, tendo em vista o disposto no art. 28 da Lei nº 13.316, de 20 de julho de 2016 e no art. 1º da Portaria PGR/MPU nº 61, de 22 de julho de 2016, e considerando o Ofício nº 12/2018/SG, e o Ofício/SindMPU/DENC nº 59/2018, de 7 e 26 de fevereiro de 2018, respectivamente, constantes do Procedimento de Gestão Administrativa nº 1.00.000.011869/2016-08, resolve:</p><p>Art. 1º Alterar a Portaria SG/MPU nº 216, de 12 de junho de 2017, que passa a vigorar com a seguinte redação:</p><p>'Art. 2º.....................................................................................</p><p>VI - ........................................................................................</p><p>a) Wilson Alves da Silva, matrícula nº 16.883; e</p><p>b) Nathália Brígida Gomes Bezerra, matrícula nº 22.328.</p><p>Art. 3º......................................................................................</p><p>I - ............................................................................................</p><p>a) Darci Rodrigues de Almeida.' (NR)</p><p>Art. 2º Esta Portaria entra em vigor na data de sua publicação.</p><p class="assina">ALEXANDRE CAMANHO DE ASSIS</p>]]></Texto>
  </body>
</article></xml>