﻿<xml><article id="2012266" name="ATO POR 195 09MAR2018" idOficio="4706507" pubName="DO2" artType="Portaria" pubDate="13/03/2018" artClass="00017:00002:00001:00005:00000:00000:00000:00000:00000:00000:00025:00001" artCategory="Ministério da Saúde/Secretaria Executiva/Subsecretaria de Assuntos Administrativos/Coordenação-Geral de Gestão de Pessoas" artSize="8" artNotes="" numberPage="46" pdfPage="http://pesquisa.in.gov.br/imprensa/jsp/visualiza/index.jsp?data=13/03/2018&amp;jornal=529&amp;pagina=46" editionNumber="49" highlight="" idMateria="10593205">
  <body>
    <Identifica><![CDATA[ PORTARIA  Nº 195, DE 9 DE MARÇO DE 2018]]></Identifica>
    <Data><![CDATA[]]></Data>
    <Ementa />
    <Titulo />
    <SubTitulo />
    <Texto><![CDATA[<p class="identifica">PORTARIA Nº 195, DE 9 DE MARÇO DE 2018</p><p>O Coordenador-Geral de Gestão de Pessoas, da Subsecretaria de Assuntos Administrativos, da Secretaria Executiva do Ministério da Saúde, no uso de suas atribuições legais e, tendo em vista o disposto no Art. 34, da Lei n.º 8.112/90, resolve:</p><p>Exonerar, a pedido, a contar de 05/02/2018, o servidor RODRIGO WILSON DE SOUZA, matrícula SIAPE nº 2040010, admitido em 04/07/2013, no cargo de Analista Técnico de Politicas Sociais.</p><p class="assina">PABLO MARCOS GOMES LEITE</p>]]></Texto>
  </body>
</article></xml>