﻿<xml><article id="2023949" name="9.3.2018 Afast. GUSTAVO CUPERTIN" idOficio="4707809" pubName="DO2" artType="Despacho" pubDate="13/03/2018" artClass="00007:00003:00000:00000:00000:00000:00000:00000:00000:00000:00019:00001" artCategory="Ministério da Agricultura, Pecuária e Abastecimento/Secretaria Executiva" artSize="8" artNotes="" numberPage="6" pdfPage="http://pesquisa.in.gov.br/imprensa/jsp/visualiza/index.jsp?data=13/03/2018&amp;jornal=529&amp;pagina=6" editionNumber="49" highlight="" idMateria="10595735">
  <body>
    <Identifica><![CDATA[ DESPACHO DE 9 de março de 2018]]></Identifica>
    <Data><![CDATA[]]></Data>
    <Ementa />
    <Titulo />
    <SubTitulo />
    <Texto><![CDATA[<p class="identifica">DESPACHO DE 9 de março de 2018</p><p>O SECRETÁRIO EXECUTIVO DO MINISTÉRIO DA AGRICULTURA, PECUÁRIA E ABASTECIMENTO, no uso da atribuição que lhe foi delegada pela Portaria MAPA nº 717, de 16 de agosto de 2013, e no âmbito do Decreto n° 1.387/1995, autoriza o(a) Analista de Comércio Exterior GUSTAVO CUPERTINO DOMINGUES, Servidor do MDIC, à disposição deste Ministério, exercendo a função de Diretor do DAC/SRI/MAPA, Secretaria de Relações Internacionais, a afastar-se do País, na forma do disposto no Art. 1°, inciso IV, com o objetivo de participar das discussões entre Mercosul e União Europeia, em Assunção, Republica do Paraguai, no período de 12 a 17.3.2018, com ônus para o(a) SRI. (Processo n° 21000.008730/2018-66)</p><p>Autoriza o(a) Gestor Governamental RAFAEL D'AQUINO MAFRA, do Ministério do Planejamento e Gestão, à disposição deste Ministério, lotado no(a) Secretarian de Relações Internacionais do Agronegocio - SRI, a afastar-se do País, na forma do disposto no Art. 1°, inciso IV, com o objetivo de participar das discussões entre o Mercosul e União Européia, em Assunção, República do Paraguai, no período de 12 a 17.3.2018, com ônus para o(a) SRI. (Processo n° 21000.008742/2018-91)</p><p class="assina">EUMAR ROBERTO NOVACKI</p>]]></Texto>
  </body>
</article></xml>