﻿<xml><article id="2021271" name="134" idOficio="4707742" pubName="DO2" artType="Portaria" pubDate="13/03/2018" artClass="00011:00033:00001:00001:00000:00000:00000:00000:00000:00000:00025:00006" artCategory="Ministério da Educação/Fundação Universidade Federal de Ouro Preto/Reitoria/Gabinete do Reitor" artSize="8" artNotes="" numberPage="22" pdfPage="http://pesquisa.in.gov.br/imprensa/jsp/visualiza/index.jsp?data=13/03/2018&amp;jornal=529&amp;pagina=22" editionNumber="49" highlight="" idMateria="10595036">
  <body>
    <Identifica><![CDATA[ PORTARIA Nº 134, DE 8 DE MARÇO DE 2018]]></Identifica>
    <Data><![CDATA[]]></Data>
    <Ementa />
    <Titulo />
    <SubTitulo />
    <Texto><![CDATA[<p class="identifica">PORTARIA Nº 134, DE 8 DE MARÇO DE 2018</p><p>A Reitora da Universidade Federal de Ouro Preto, no uso de suas atribuições legais, conferidas pelo Decreto de 08 de fevereiro de 2017, publicado no Diário Oficial da União de 09 de fevereiro de 2017,</p><p>considerando a subdelegação de competência, constante da Portaria do Ministro de Estado da Educação, nº. 404, de 23 de abril de 2009,</p><p>considerando o Processo UFOP nº. 23109.000736/2017-21, resolve:</p><p>Autorizar o afastamento do país do servidor Prof. Wagner Ragi Curi Filho, matrícula SIAPE nº 1.624.767, lotado no Departamento de Engenharia de Produção/ICEA, para realizar visita técnica na Corvinus University of Budapest, na cidade de Budapeste/Hungria, no período de 30 de abril a 10 de junho de 2018, com ônus limitado para a UFOP.</p><p class="assina">Cláudia Aparecida Marliére de Lima</p>]]></Texto>
  </body>
</article></xml>