﻿<xml><article id="2025520" name="P1RF120e121" idOficio="4707922" pubName="DO2" artType="Portaria" pubDate="13/03/2018" artClass="00012:00055:00093:00000:00000:00000:00000:00000:00000:00000:00025:00003" artCategory="Ministério da Fazenda/Secretaria da Receita Federal do Brasil/Superintendência Regional da 1ª Região Fiscal" artSize="8" artNotes="" numberPage="44" pdfPage="http://pesquisa.in.gov.br/imprensa/jsp/visualiza/index.jsp?data=13/03/2018&amp;jornal=529&amp;pagina=44" editionNumber="49" highlight="" idMateria="10595935">
  <body>
    <Identifica><![CDATA[ PORTARIAS DE 9 DE MARÇO DE 2018]]></Identifica>
    <Data><![CDATA[]]></Data>
    <Ementa />
    <Titulo />
    <SubTitulo />
    <Texto><![CDATA[<p class="identifica">PORTARIAS DE 9 DE MARÇO DE 2018</p><p>O SUPERINTENDENTE DA RECEITA FEDERAL DO BRASIL DA 1ª REGIÃO FISCAL, no uso da competência que lhe foi subdelegada pela Portaria RFB nº 4.338, de 09 de setembro de 2005, publicada no DOU de 12 de setembro de 2005, e tendo em vista a Portaria RFB nº 4.071, de 02 de maio de 2007, publicada na edição extra do DOU de 2 de maio de 2007, resolve:</p><p>Nº 120 - Dispensar, a pedido, PEDRO CARLOS ANTUNES DIAS, Auditor-Fiscal da Receita Federal do Brasil, matrícula SIAPECAD nº 01811978, do encargo de Substituto Eventual de Chefe do Serviço de Acompanhamento dos Maiores Contribuintes - SEMAC da Superintendência Regional da Receita Federal do Brasil na 1ª Região Fiscal, código FCPE-101.1.</p><p>Nº 121 - Designar VERENICE PUNTEL, Auditora-Fiscal da Receita Federal do Brasil, matrícula SIAPECAD nº 01292528, para a Função Comissionada do Poder Executivo de Chefe do Serviço de Acompanhamento dos Maiores Contribuintes - SEMAC da Superintendência Regional da Receita Federal do Brasil na 1ª Região Fiscal, código FCPE-101.1.</p><p class="assina">JOSE OLESKOVICZ</p>]]></Texto>
  </body>
</article></xml>