﻿<xml><article id="2020243" name="PORTARIA APO IRACI LUCIA COSTA 1" idOficio="4707546" pubName="DO2" artType="Portaria" pubDate="13/03/2018" artClass="00011:00106:00001:00041:00000:00000:00000:00000:00000:00000:00025:00001" artCategory="Ministério da Educação/Universidade Federal da Bahia/Reitoria/Coordenação de Gestão de Pessoas" artSize="8" artNotes="" numberPage="34" pdfPage="http://pesquisa.in.gov.br/imprensa/jsp/visualiza/index.jsp?data=13/03/2018&amp;jornal=529&amp;pagina=34" editionNumber="49" highlight="" idMateria="10594822">
  <body>
    <Identifica><![CDATA[ PORTARIA Nº 254, DE 9 DE MARÇO DE 2018]]></Identifica>
    <Data><![CDATA[]]></Data>
    <Ementa />
    <Titulo />
    <SubTitulo />
    <Texto><![CDATA[<p class="identifica">PORTARIA Nº 254, DE 9 DE MARÇO DE 2018</p><p>A COORDENADORA DE GESTÃO DE PESSOAS DA UNIVERSIDADE FEDERAL DA BAHIA, no uso de suas atribuições que lhe foram delegadas pela Portaria PRODEP nº 10/2011, e, tendo em vista o que consta do Processo nº 23066.004138/2018-56, resolve:</p><p>Conceder aposentadoria voluntária, com proventos integrais, a IRACI LUCIA COSTA OLIVEIRA, matrícula SIAPE n.º 0286290, ocupante do cargo de Professor do Magistério Superior, Classe "E", Denominação "Titular", Nível "1", Titulação "Doutorado", em regime de 20 horas semanais, lotada no Departamento de Medicina Interna e de Apoio Diagnóstico da Faculdade de Medicina da Bahia desta Universidade, com fundamento no artigo 3º da Emenda Constitucional nº 47, de 05 de julho de 2005.</p><p>Declarar vago o respectivo cargo.</p><p class="assina">CATIA CRISTINA PEREIRA SANTANA DE CARDOSO MELO</p>]]></Texto>
  </body>
</article></xml>