﻿<xml><article id="2025626" name="PortApos018(Eliete Pereira dos S" idOficio="4707908" pubName="DO2" artType="Portaria" pubDate="13/03/2018" artClass="00017:00002:00024:00001:00002:00000:00000:00000:00000:00000:00025:00003" artCategory="Ministério da Saúde/Secretaria Executiva/Núcleo Estadual no Pará/Seção de Gestão de Convênios/Seção de Administração" artSize="8" artNotes="" numberPage="46" pdfPage="http://pesquisa.in.gov.br/imprensa/jsp/visualiza/index.jsp?data=13/03/2018&amp;jornal=529&amp;pagina=46" editionNumber="49" highlight="" idMateria="10595929">
  <body>
    <Identifica><![CDATA[ Portaria Nº 94, de 7 de março de 2018]]></Identifica>
    <Data><![CDATA[]]></Data>
    <Ementa />
    <Titulo />
    <SubTitulo />
    <Texto><![CDATA[<p class="identifica">Portaria Nº 94, de 7 de março de 2018</p><p>A Chefe do Serviço de Gestão Administrativa do Núcleo Estadual do Ministério da Saúde no Estado do Pará, no uso da competência subdelegada pela PT/SAA/SE/MS nº 1.804, de 01.10.2013, publicada no DOU nº 192, de 03.10.2013, resolve:</p><p>Conceder Pensão, com base no art. nº 217, inciso IV alínea "a" da Lei nº 8.112/1990 com redação dada pela Lei nº 13.135/2015, publicada no D.O.U de 18.06.2015 para Eliete Pereira dos Santos, na qualidade de companheira, pelo óbito do ex-servidor João Fernando de Oliveira Farias, falecido em 29.10.2017, matrícula SIAPE nº 1097218, ocupante do cargo de Agente de Saúde Pública, com o vencimento básico da Classe "S" Padrão III, acrescido de 13% de Anuênio - art. nº 244 da Lei nº 8.112/1990; GDPST - Lei nº 11.784/2008. E GACEN MP 431/2008. O valor da pensão corresponderá a 100% (cem por cento) calculado conforme determinado no art. 40, parágrafo 7º, CF/1988 com redação dada pela EC nº 41/2003, regulamentada pela MP nº 167/2004, convertida na Lei nº 10.887/2004, com efeitos financeiros a partir do lançamento em sistema. (Processo nº 25010.400608/2017-07)</p><p class="assina">Marilene Gaia Modesto</p>]]></Texto>
  </body>
</article></xml>