﻿<xml><article id="2012362" name="DOU - ALDAIR DA ROCHA CRUZ-dispe" idOficio="4706523" pubName="DO2" artType="Portaria" pubDate="13/03/2018" artClass="00038:00029:00000:00000:00000:00000:00000:00000:00000:00000:00025:00002" artCategory="Poder Judiciário/Tribunal Regional Eleitoral do Piauí" artSize="8" artNotes="" numberPage="87" pdfPage="http://pesquisa.in.gov.br/imprensa/jsp/visualiza/index.jsp?data=13/03/2018&amp;jornal=529&amp;pagina=87" editionNumber="49" highlight="" idMateria="10593222">
  <body>
    <Identifica><![CDATA[ PORTARIA nº 285, de 6 de março de 2018 ]]></Identifica>
    <Data><![CDATA[]]></Data>
    <Ementa />
    <Titulo />
    <SubTitulo />
    <Texto><![CDATA[<p class="identifica">PORTARIA nº 285, de 6 de março de 2018</p><p></p><p>O DESEMBARGADOR FRANCISCO ANTÔNIO PAES LANDIM FILHO, PRESIDENTE DO EGRÉGIO TRIBUNAL REGIONAL ELEITORAL DO PIAUÍ, no uso de suas atribuições legais,</p><p>Considerando a informação contida na mensagem eletrônica encaminhada pelo Cartório Eleitoral da 77ª Zona em Arraial/PI, datada de 6 de março de 2018, resolve:</p><p>Art. 1º Fica dispensado, a partir desta data, ALDAIR DA ROCHA CRUZ, servidor requisitado da Prefeitura de Arraial, matrícula nº 703578, do exercício da Função Comissionada de Assistente I (FC-1), do Cartório Eleitoral da 77ª Zona, sediada em Arraial/PI.</p><p>Art. 2º Esta portaria entra em vigor na data de sua publicação.</p><p class="assina">FRANCISCO ANTÔNIO PAES LANDIM FILHO</p>]]></Texto>
  </body>
</article></xml>