﻿<xml><article id="2018656" name="PORTARIAS GR - GVR - 2017 II - D" idOficio="4707348" pubName="DO2" artType="Portaria" pubDate="13/03/2018" artClass="00011:00135:00000:00000:00000:00000:00000:00000:00000:00000:00025:00001" artCategory="Ministério da Educação/Universidade Federal de Santa Maria" artSize="8" artNotes="" numberPage="39" pdfPage="http://pesquisa.in.gov.br/imprensa/jsp/visualiza/index.jsp?data=13/03/2018&amp;jornal=529&amp;pagina=39" editionNumber="49" highlight="" idMateria="10594457">
  <body>
    <Identifica><![CDATA[ PORTARIA Nº 88.010, DE 5 DE MARÇO DE 2018]]></Identifica>
    <Data><![CDATA[]]></Data>
    <Ementa />
    <Titulo />
    <SubTitulo />
    <Texto><![CDATA[<p class="identifica">PORTARIA Nº 88.010, DE 5 DE MARÇO DE 2018</p><p>O REITOR DA UNIVERSIDADE FEDERAL DE SANTA MARIA, no uso de suas atribuições legais e estatutárias, e tendo em vista o que consta do Processo n. 23081.044440/2017-78, resolve:</p><p>CONCEDER Aposentadoria Voluntária, com proventos integrais, a Lucia Rejane da Rosa Gama Madruga, Matrícula SIAPE 379102, ocupante do cargo de Professor do Magistério Superior, Classe D, Associado, Nível 1, em regime de Dedicação Exclusiva, com Doutorado, com lotação oficial no Departamento de Ciências Administrativas/CCSH, do Quadro de Pessoal da Universidade Federal de Santa Maria, com fundamento no Artigo 3o, incisos I, II e III, da Emenda Constitucional n. 47, de 05.07.2005.</p><p class="assina">PAULO AFONSO BURMANN</p><p class="identifica">PORTARIA Nº 88.076, DE 9 DE MARÇO DE 2018</p><p>O REITOR DA UNIVERSIDADE FEDERAL DE SANTA MARIA, no uso de suas atribuições legais e estatutárias, resolve:</p><p>DESIGNAR Aline Márcia Prade, Matrícula SIAPE 1196213, ocupante do cargo de Arquivista, do Quadro Único de Pessoal da UFSM, para exercer a Função Gratificada de Diretora da Divisão de Apoio Técnico aos Arquivos Setoriais do Departamento de Arquivo Geral, Código FG3.008. (Memo. n. 011/2018-DAG)</p><p>II - Esta Portaria entra em vigor na data de sua publicação.</p><p class="assina">PAULO AFONSO BURMANN</p><p class="identifica">portaria nº 88.090, DE 12 DE MARÇO DE 2018</p><p>O REITOR DA UNIVERSIDADE FEDERAL DE SANTA MARIA, no uso de suas atribuições legais e estatutárias, resolve:</p><p>ALTERAR a proporcionalidade dos proventos de aposentadoria do servidor Antonio Rubert Neto, Matrícula SIAPE 381625, ocupante do cargo de Marceneiro, Nível de Classificação B, Nível de Capacitação I, Padrão de Vencimento 08, aposentado pela Portaria N. 34.622, de 05.09.1996, publicada no Diário Oficial da União de 11.09.1996, Página 6677, Seção 2, para a razão 33/35 avos, por decisão judicial proferida nos autos do processo n. 5001565-37.2016.404.7102/RS. (Processo n. 012289/2018-90)</p><p class="assina">PAULO AFONSO BURMANN</p>]]></Texto>
  </body>
</article></xml>