﻿<xml><article id="2015791" name="DESPACHORFB ingrid" idOficio="4706984" pubName="DO2" artType="Despacho" pubDate="13/03/2018" artClass="00012:00055:00000:00000:00000:00000:00000:00000:00000:00000:00019:00006" artCategory="Ministério da Fazenda/Secretaria da Receita Federal do Brasil" artSize="8" artNotes="" numberPage="44" pdfPage="http://pesquisa.in.gov.br/imprensa/jsp/visualiza/index.jsp?data=13/03/2018&amp;jornal=529&amp;pagina=44" editionNumber="49" highlight="" idMateria="10593767">
  <body>
    <Identifica><![CDATA[ DESPACHO de 9 DE MARÇO DE 2018]]></Identifica>
    <Data><![CDATA[]]></Data>
    <Ementa />
    <Titulo />
    <SubTitulo />
    <Texto><![CDATA[<p class="identifica">DESPACHO de 9 DE MARÇO DE 2018</p><p>O SECRETÁRIO DA RECEITA FEDERAL DO BRASIL, SUBSTITUTO, no uso da competência prevista no art. 2º do Decreto n 1387, de 7 de fevereiro de 1995, que lhe foi delegada na pelo art. 11 da Portaria MF nº 160, de 06 de maio de 2016, com fulcro no art. 87, da Lei nº 8112, de 11 de dezembro de 1990, no art. 10, do Decreto nº 5707, de 23 de fevereiro de 2006 e na Portaria RFB nº 1804, de 30 de dezembro de 2016, autoriza a Analista-Tributário da Receita Federal do Brasil, INGRID MAGALHAES GONCALVES, matrícula siapecad nº 01571902, lotada e em exercício na Alfândega da Receita Federal do Brasil em Ponta Porã/MS, a afastar-se do país em virtude de licença capacitação no período de 23/4/2018 a 20/7/2018 (89 dias), sem trânsito e com ônus limitado, com objetivo de participar do Curso Intensivo de Língua Inglesa, promovido por Academic Bridge English School, a ser realizado em Dublin/Irlanda. As despesas decorrentes do afastamento serão custeadas pela servidora que deverá apresentar o comprovante de frequência ou participação, bem como cópia do certificado de conclusão, quando aplicável, no prazo de até 60 (sessenta) dias contados da conclusão do evento. (Processo nº 10109.723910/2017-66).</p><p class="assina">PAULO RICARDO DE SOUZA CARDOSO</p>]]></Texto>
  </body>
</article></xml>