﻿<xml><article id="2025346" name="Port 43, 8 MAR 18 PTTC" idOficio="4707865" pubName="DO2" artType="Portaria" pubDate="13/03/2018" artClass="00010:00008:00001:00000:00000:00000:00000:00000:00000:00000:00025:00002" artCategory="Ministério da Defesa/Comando do Exército/Gabinete do Comandante" artSize="8" artNotes="" numberPage="12" pdfPage="http://pesquisa.in.gov.br/imprensa/jsp/visualiza/index.jsp?data=13/03/2018&amp;jornal=529&amp;pagina=12" editionNumber="49" highlight="" idMateria="10595888">
  <body>
    <Identifica><![CDATA[ PORTARIA Nº 43-GAB CMT EX/A1.1, DE 8 DE MARÇO DE 2018]]></Identifica>
    <Data><![CDATA[]]></Data>
    <Ementa />
    <Titulo />
    <SubTitulo />
    <Texto><![CDATA[<p class="identifica">PORTARIA Nº 43-GAB CMT EX/A1.1, DE 8 DE MARÇO DE 2018</p><p>O CHEFE DO GABINETE DO COMANDANTE DO EXÉRCITO, no uso das competências que lhe confere o inciso II, § 1º, do Art. 6º, da Portaria do Comandante do Exército nº 218, de 20 de março de 2017 e considerando o disposto no inciso III, alínea b), § 1º, do Art. 3º, da Lei nº 6880, de 9 de dezembro de 1980, com a redação dada pelo Art. 5º da Lei nº 9.442, de 14 de março de 1997, resolve:</p><p>1. EXONERAR</p><p>"ex-officio", o 3º Sgt QE R/1 (114295153-0) DILSO PEREIRA BATISTA, do Gabinete de Segurança Institucional da Presidência da República (GSI/PR), em Brasília-DF, a partir de 1º de abril de 2018, de acordo com a alínea a), do inciso II, do art. 11, da Portaria do Comandante do Exército nº 218, de 20 de março de 2017, de Prestador de Tarefa por Tempo Certo.</p><p>2. NOMEAR</p><p>o 3º Sgt QE R/1 (114295153-0) DILSO PEREIRA BATISTA, no Gabinete de Segurança Institucional da Presidência da República (GSI/PR), em Brasília-DF, para Prestador de Tarefa por Tempo Certo, para exercer a tarefa de Apoiar Tecnicamente o Gabinete Pessoal do Presidente da República, na Diretoria de Gestão Interna do Gabinete Pessoal do Presidente da República, pelo prazo de 24 (vinte e quatro) meses, a partir de 1º de abril de 2018.</p><p class="assina">Gen Div TOMÁS MIGUEL MINÉ RIBEIRO PAIVA</p>]]></Texto>
  </body>
</article></xml>