﻿<xml><article id="2020406" name="PORT. 586 REPUBLICAÇÃO FABIANO T" idOficio="4707583" pubName="DO2" artType="Portaria" pubDate="13/03/2018" artClass="00011:00008:00000:00000:00000:00000:00000:00000:00000:00000:00025:00001" artCategory="Ministério da Educação/Colégio Pedro II" artSize="8" artNotes="" numberPage="19" pdfPage="http://pesquisa.in.gov.br/imprensa/jsp/visualiza/index.jsp?data=13/03/2018&amp;jornal=529&amp;pagina=19" editionNumber="49" highlight="" idMateria="10594859">
  <body>
    <Identifica><![CDATA[ PORTARIAS DE 1º DE MARÇO DE 2018 (*)]]></Identifica>
    <Data><![CDATA[]]></Data>
    <Ementa />
    <Titulo />
    <SubTitulo />
    <Texto><![CDATA[<p class="identifica">PORTARIAS DE 1º DE MARÇO DE 2018 (*)</p><p>O REITOR pro tempore DO COLÉGIO PEDRO II, designado pela Portaria/MEC nº 1280 de 04 de outubro de 2017, publicada no Diário Oficial da União de 05 de outubro de 2017, Seção 2, página 12, no uso de suas atribuições legais, resolve:</p><p>Nº 574 - Dispensar MARCIO CELESTINO DE ALMEIDA, matrícula Siape nº 265720, da função de Gerente de Manutenção, Anexo 3, FG-01, a partir desta data.</p><p>Nº 586- Designar FABIANO CORDOVIL DA COSTA, matrícula Siape nº 2106041, para a função de Chefe do Setor de Assistente de Alunos do Campus Niterói, FG-02, a partir desta data, com efeitos financeiros a partir da data de publicação no D.O.U.(Memo nº 017/2018/CNI/DG)</p><p class="assina">OSCAR HALAC</p><p>Republicadas por terem saído com incorreções, no original, publicadas no DOU nº 42 de 02-02-2018, Seção 2, pág. 21.</p><p class="identifica">PORTARIA Nº 687, DE 9 DE MARÇO DE 2018</p><p>O REITOR pro tempore DO COLÉGIO PEDRO II, designado pela Portaria/MEC nº 1280 de 04 de outubro de 2017, publicada no Diário Oficial da União de 05 de outubro de 2017, Seção 2, página 12, no uso de suas atribuições legais, resolve:</p><p>Designar JORGE PADILHA DOS SANTOS, matrícula Siape nº 265305, para a função de Prefeito do Campus Realengo I, FG-2, a partir de 01 de março de 2018, com efeitos financeiros a partir da data de publicação no D.O.U. (Memo nº 042/2018/DIREÇÃO-GERAL CAMPUS REALENGO I)</p><p class="assina">OSCAR HALAC</p>]]></Texto>
  </body>
</article></xml>