﻿<xml><article id="2015758" name="PortariaExoneracaoMardony052018" idOficio="4706977" pubName="DO2" artType="Portaria" pubDate="13/03/2018" artClass="00039:00325:00000:00000:00000:00000:00000:00000:00000:00000:00025:00001" artCategory="Entidades de Fiscalização do Exercício das Profissões Liberais/Conselho Regional de Fisioterapia e Terapia Ocupacional da 9ª Região" artSize="8" artNotes="" numberPage="91" pdfPage="http://pesquisa.in.gov.br/imprensa/jsp/visualiza/index.jsp?data=13/03/2018&amp;jornal=529&amp;pagina=91" editionNumber="49" highlight="" idMateria="10593760">
  <body>
    <Identifica><![CDATA[ Portaria nº 5, DE 28 DE FEVEREIRO  2018 ]]></Identifica>
    <Data><![CDATA[]]></Data>
    <Ementa />
    <Titulo />
    <SubTitulo />
    <Texto><![CDATA[<p class="identifica">Portaria nº 5, DE 28 DE FEVEREIRO 2018</p><p>O CONSELHO REGIONAL DE FISIOTERAPIA E TERAPIA OCUPACIONAL DA 9ª REGIÃO - CREFITO-9 CNPJ 00.577.473/0001-56, com sede e foro na Rua H, Lote 02, Quadra 04, Setor A, Centro Político Administrativo, em Cuiabá - MT, representado pelo presidente Elias Nasrala Neto, vem exonerar a Servidora Mardony Duarte Lima, acatando o pedido realizado pela própria servidora.</p><p class="assina">Elias Nasrala Neto</p>]]></Texto>
  </body>
</article></xml>