﻿<xml><article id="2053278" name="PORTARIA N° 6, DE 08 DE MARÇO DE" idOficio="4706666" pubName="DO2" artType="Portaria" pubDate="14/03/2018" artClass="00030:00002:00000:00000:00000:00000:00000:00000:00000:00000:00025:00001" artCategory="Ministério dos Direitos Humanos/Secretaria Executiva" artSize="8" artNotes="" numberPage="52" pdfPage="http://pesquisa.in.gov.br/imprensa/jsp/visualiza/index.jsp?data=14/03/2018&amp;jornal=529&amp;pagina=52" editionNumber="50" highlight="" idMateria="10593385">
  <body>
    <Identifica />
    <Data><![CDATA[]]></Data>
    <Ementa />
    <Titulo />
    <SubTitulo />
    <Texto><![CDATA[<p>N. da Coejo: Tornar sem efeito a publicação da Portaria nº 6, de 8 de março de 2018, ocorrida no DOU de 13-3-2018, Seção 2, página 55.</p>]]></Texto>
  </body>
</article></xml>