﻿<xml><article id="2021546" name="42_43_portaria_9_março_2018_Poll" idOficio="4707777" pubName="DO2" artType="Portaria" pubDate="13/03/2018" artClass="00011:00076:00001:00000:00000:00000:00000:00000:00000:00000:00025:00001" artCategory="Ministério da Educação/Instituto Federal de Educação, Ciência e Tecnologia do Rio Grande do Norte/Reitoria" artSize="12" artNotes="" numberPage="32" pdfPage="http://pesquisa.in.gov.br/imprensa/jsp/visualiza/index.jsp?data=13/03/2018&amp;jornal=529&amp;pagina=32" editionNumber="49" highlight="" idMateria="10595615">
  <body>
    <Identifica><![CDATA[ PORTARIAS DE 9 DE MARÇO DE 2018]]></Identifica>
    <Data><![CDATA[]]></Data>
    <Ementa />
    <Titulo />
    <SubTitulo />
    <Texto><![CDATA[<p class="identifica">PORTARIAS DE 9 DE MARÇO DE 2018</p><p>A DIRETORA-GERAL DO CAMPUS AVANÇADO LAJES DO INSTITUTO FEDERAL DE EDUCAÇÃO, CIÊNCIA E TECNOLOGIA DO RIO GRANDE DO NORTE, no uso de suas atribuições delegadas através da Portaria nº 2.193/2017-Reitoria/IFRN, de 27 de setembro de 2017, publicada no Diário Oficial da União, de 3 de outubro de 2017, CONSIDERANDO, o que consta no Processo nº. 23134.000580.2018-52, de 09 de março de 2018, esolve:</p><p>Nº 42 - DISPENSAR o servidor abaixo relacionado, pertencente ao Quadro Permanente deste Instituto Federal, do respectivo cargo de confiança, integrante da Estrutura Administrativa do Campus Avançado Lajes, para a qual foi designado através da Portaria nº. 2.107/2017-RE/IFRN, de 08 de setembro de 2017.</p><p></p><table><tr /><tr><td><p>SERVIDOR</p></td><td><p>CARGO DE CONFIANÇA</p></td></tr><tr><td><p>MATRÍCULA</p><p>SIAPE</p></td><td><p>NOME</p></td><td><p>CÓDIGO</p></td><td><p>DENOMINAÇÃO</p></td><td><p>CADEIA HIERÁRQUICA</p></td></tr><tr><td><p>2150518</p></td><td><p>Francisco de Assis da Costa Dias</p></td><td><p>FG.1</p></td><td><p>Diretor de Administração</p></td><td><p>Direção</p></td></tr></table><p>II - Esta Portaria entra em vigor na data de sua publicação.</p><p>A DIRETORA-GERAL DO CAMPUS AVANÇADO LAJES DO INSTITUTO FEDERAL DE EDUCAÇÃO, CIÊNCIA E TECNOLOGIA DO RIO GRANDE DO NORTE, no uso de suas atribuições delegadas através da Portaria nº 2.193/2017-Reitoria/IFRN, de 27 de setembro de 2017, publicada no Diário Oficial da União, de 3 de outubro de 2017, CONSIDERANDO, o que consta no Processo nº. 23134.000580.2018-52, de 09 de março de 2018, CONSIDERANDO, ainda, o que consta na Portaria 42/2018 DG/LAJ/DG/JC/RE/IFRN, resolve:</p><p>Nº 43 - DESIGNAR a servidora abaixo relacionada, pertencente ao Quadro Permanente deste Instituto Federal, para exercer o respectivo cargo de confiança, integrante da Estrutura Administrativa do Campus Avançado Lajes.</p><p></p><table><tr /><tr><td><p>SERVIDOR</p></td><td><p>CARGO DE CONFIANÇA</p></td></tr><tr><td><p>MATRÍCULA</p><p>SIAPE</p></td><td><p>NOME</p></td><td><p>CÓDIGO</p></td><td><p>DENOMINAÇÃO</p></td><td><p>CADEIA HIERÁRQUICA</p></td></tr><tr><td><p>2043723</p></td><td><p>Christiane Maria da Cunha Cavalcanti</p></td><td><p>FG.1</p></td><td><p>Diretor de Administração</p></td><td><p>Direção</p></td></tr></table><p>II - DETERMINAR que seja assinado o Termo de Responsabilidade da carga patrimonial do cargo de confiança acima mencionado, no prazo máximo de cinco dias úteis.</p><p>III - Esta Portaria entra em vigor na data da sua publicação</p><p class="assina">POLLYANNA DE ARAÚJO FERREIRA BRANDÃO</p>]]></Texto>
  </body>
</article></xml>