﻿<xml><article id="2012455" name="EDITALJUIZDEFORA" idOficio="4706529" pubName="DO2" artType="Edital" pubDate="13/03/2018" artClass="00099:00022:00029:00240:00015:00021:00000:00000:00000:00000:00000:00021:00001" artCategory="Editais e Avisos" artSize="8" artNotes="" numberPage="91" pdfPage="http://pesquisa.in.gov.br/imprensa/jsp/visualiza/index.jsp?data=13/03/2018&amp;jornal=529&amp;pagina=91" editionNumber="49" highlight="" idMateria="10593233">
  <body>
    <Identifica><![CDATA[ EDITAL Nº 4, de 5 DE MARÇO DE 2018RESTABELECIMENTO DE PAGAMENTO]]></Identifica>
    <Data><![CDATA[]]></Data>
    <Ementa />
    <Titulo />
    <SubTitulo />
    <Texto><![CDATA[<p class="identifica">EDITAL Nº 4, de 5 DE MARÇO DE 2018RESTABELECIMENTO DE PAGAMENTO</p><p>1 - O Chefe da Seção Operacional da Gestão de Pessoas da Gerência Executiva do INSS em Juiz de Fora - MG, em conformidade com as disposições estabelecidas pelo Decreto nº 7.862/2012, de 08 de dezembro de 2012, Portaria nº 08 - GM/MP, de 07 de janeiro de 2013, e pela Orientação Normativa SEGEP Nº 1, de 10 de janeiro de 2013, resolve:</p><p>1.1 - Tornar pública a relação dos aposentados e/ou pensionistas que terão o pagamento do provento e/ou benefício de pensão restabelecido devido ao comparecimento pessoal do interessado à Seção Operacional da Gestão de Pessoas, para efetivação do recadastramento, conforme previsto no art. 12 da ON SEGEP Nº 1, publicada no Diário Oficial da União de 14 de janeiro de 2013:</p><p></p><table><tr /><tr><td><p>CPF</p></td><td><p>NOME</p></td></tr><tr><td><p>151.634.406-59</p></td><td><p>ALBERTO PEREIRA DE MELO</p></td></tr><tr><td><p>805.469.866-68</p></td><td><p>SONIA MARIA DA SILVA</p></td></tr></table><p class="assina">BRUNO PORTES DE CASTRO</p>]]></Texto>
  </body>
</article></xml>