﻿<xml><article id="2021268" name="133" idOficio="4707742" pubName="DO2" artType="Portaria" pubDate="13/03/2018" artClass="00011:00033:00001:00001:00000:00000:00000:00000:00000:00000:00025:00005" artCategory="Ministério da Educação/Fundação Universidade Federal de Ouro Preto/Reitoria/Gabinete do Reitor" artSize="8" artNotes="" numberPage="22" pdfPage="http://pesquisa.in.gov.br/imprensa/jsp/visualiza/index.jsp?data=13/03/2018&amp;jornal=529&amp;pagina=22" editionNumber="49" highlight="" idMateria="10595035">
  <body>
    <Identifica><![CDATA[ PORTARIA Nº 133, DE 6 DE MARÇO DE 2018]]></Identifica>
    <Data><![CDATA[]]></Data>
    <Ementa />
    <Titulo />
    <SubTitulo />
    <Texto><![CDATA[<p class="identifica">PORTARIA Nº 133, DE 6 DE MARÇO DE 2018</p><p>A Reitora da Universidade Federal de Ouro Preto, no uso de suas atribuições legais, conferidas pelo Decreto de 08 de fevereiro de 2017, publicado no Diário Oficial da União de 09 de fevereiro de 2017,</p><p>considerando o disposto na Lei nº 12.677, de 25 de junho de 2012,</p><p>considerando o disposto na Portaria MEC nº 1.172, de 17 de setembro de 2012,</p><p>considerando o MEM. Nº 038/DIR.EM/UFOP, de 28 de fevereiro de 2018, resolve:</p><p>Nomear a servidora Prof.ª Luciana Gomes Castanheira, matrícula SIAPE nº 1.728.710, ocupante do cargo de Professor de Magistério Superior do quadro permanente desta Universidade, para exercer, a partir de 01 de março de 2018, por um período de 02 (dois) anos, nos termos da Lei nº 8.168/91, a função de Coordenadora do Curso de Engenharia de Controle e Automação, percebendo, enquanto no exercício dessa função, gratificação correspondente a uma FCC.</p><p class="assina">Cláudia Aparecida Marliére de Lima</p>]]></Texto>
  </body>
</article></xml>