﻿<xml><article id="2019405" name="PORTARIA Nº 35-SAP- REVOGAÇÃO AI" idOficio="4707438" pubName="DO2" artType="Portaria" pubDate="13/03/2018" artClass="00010:00008:00007:00013:00000:00000:00000:00000:00000:00000:00025:00002" artCategory="Ministério da Defesa/Comando do Exército/Comando Militar do Leste/4ª Região Militar" artSize="8" artNotes="" numberPage="14" pdfPage="http://pesquisa.in.gov.br/imprensa/jsp/visualiza/index.jsp?data=13/03/2018&amp;jornal=529&amp;pagina=14" editionNumber="49" highlight="" idMateria="10594612">
  <body>
    <Identifica><![CDATA[ PORTARIA Nº 35 - SAP/1.1-SSIP/4, DE 6 DE MARÇO DE 2018]]></Identifica>
    <Data><![CDATA[]]></Data>
    <Ementa />
    <Titulo />
    <SubTitulo />
    <Texto><![CDATA[<p class="identifica">PORTARIA Nº 35 - SAP/1.1-SSIP/4, DE 6 DE MARÇO DE 2018</p><p>O COMANDANTE DA 4ª REGIÃO MILITAR, no uso da competência que lhe foi subdelegada pela Portaria nº 192-DGP, de 1º de outubro de 2015, com base no processo NUP 0003975.0010306/2016-65 de Revisão de Auxílio-Invalidez, resolve:</p><p>REVOGAR o Auxílio-Invalidez concedido ao Cabo Reformado Idt (043435724-0) WESLEI DE SOUZA SILVA, CPF (034.734.586-78), que foi concedido por meio da Portaria nº 549-DIP-S1, de 26 JUL 2001, publicada no Diário Oficial da União nº 183, de 10 de agosto de 2001, por não mais fazer jus ao benefício supracitado, conforme Ata de Inspeção de Saúde nº 1342, sessão nº 57, de 12 de julho de 2016, emitida pelo MPGu I/Belo Horizonte (Cmdo 4ªRM) e Ata de Inspeção de Saúde nº 1164, sessão nº 38, de 26 de outubro de 2017, emitida pela JISR/4ª RM (HGeJF), tendo esta última Ata de Inspeção de Saúde sido homologada pelo Parecer Técnico nº 285, datado de 23 de novembro de 2017, da SSR/4ªRM.</p><p class="assina">Gen Div HENRIQUE MARTINS NOLASCO SOBRINHO</p>]]></Texto>
  </body>
</article></xml>