﻿<xml><article id="2020484" name="REJANE GOUVEIA DA COSTA E OUTRO" idOficio="4707591" pubName="DO2" artType="Portaria" pubDate="13/03/2018" artClass="00026:00034:00187:00426:00000:00000:00000:00000:00000:00000:00025:00001" artCategory="Ministério do Planejamento, Desenvolvimento e Gestão/Secretaria de Gestão de Pessoas/Departamento de Órgãos Extintos e de Gestão de Folha de Pagamento/Superintendência de Administração no Amapá" artSize="8" artNotes="" numberPage="55" pdfPage="http://pesquisa.in.gov.br/imprensa/jsp/visualiza/index.jsp?data=13/03/2018&amp;jornal=529&amp;pagina=55" editionNumber="49" highlight="" idMateria="10594869">
  <body>
    <Identifica><![CDATA[ PORTARIAS DE 12 DE MARÇO DE 2018]]></Identifica>
    <Data><![CDATA[]]></Data>
    <Ementa />
    <Titulo />
    <SubTitulo />
    <Texto><![CDATA[<p class="identifica">PORTARIAS DE 12 DE MARÇO DE 2018</p><p>O SUPERINTENDENTE DE ADMINISTRAÇÃO DO MINISTÉRIO DO PLANEJAMENTO, DESENVOLVIMENTO E GESTÃO NO ESTADO DO AMAPÁ, no uso de suas atribuições que lhe confere a Portaria nº 682/SE/MP, de 17 de setembro de 2015, publicada no Diário Oficial da União nº 179, de 18 de setembro de 2015, Decreto nº 8818, de 21 de julho de 2016 e competência delegada pela Portaria nº 124/SE/MP, de 26 de fevereiro de 2015, publicada no Diário Oficial da União nº 153, de 27 de fevereiro de 2015, e tendo em vista o que consta, RESOLVE:</p><p>Nº 2.608 Art. 1º Declarar Aposentada por Invalidez a servidora REJANE GOUVEIA DA COSTA, CPF. n° 209.882.062-34, SIAPE n° 1017378, no cargo de Agente Administrativo, Classe S, Padrão III, pertencente ao Quadro de Pessoal do Extinto Território Federal do Amapá, embasada no fundamento legal do Art. 40°, §1°, Inciso I, da Constituição Federal, (Art. 186), com redação dada pela EC. 41/2003, c/c Art. 6-A da EC 41/2003, incluído pela EC. 70/2012, Processo n° 05504.003347/2018-94, código 041123.</p><p>Nº 2.611 Art. 1º Conceder Aposentadoria Voluntária ao servidor GERALDO MONÇÃO DE LIMA, CPF. n° 023.431.002-25, SIAPE n° 1011874, no cargo de Agente Administrativo, Classe S, Padrão III, pertencente ao Quadro de Pessoal do Extinto Território Federal do Amapá, com proventos integrais embasada no Art. 3°, Incisos I, II e III, Paragrafo Único da EC. 47/05, Processo n° 05504.003332/2018-26, código 047001.</p><p class="assina">JOSÉ LUIZ BEZERRA PACHECO</p>]]></Texto>
  </body>
</article></xml>