﻿<xml><article id="2019187" name="Por171DF" idOficio="4707412" pubName="DO2" artType="Portaria" pubDate="13/03/2018" artClass="00021:00016:00029:00000:00000:00000:00000:00000:00000:00000:00025:00001" artCategory="Ministério de Minas e Energia/Departamento Nacional de Produção Mineral/Diretoria de Gestão Administrativa" artSize="8" artNotes="" numberPage="2" pdfPage="http://pesquisa.in.gov.br/imprensa/jsp/visualiza/index.jsp?data=13/03/2018&amp;jornal=529&amp;pagina=2" editionNumber="49" highlight="" idMateria="10594566">
  <body>
    <Identifica><![CDATA[ Portaria Nº 171, DE 2 DE março DE 2018]]></Identifica>
    <Data><![CDATA[]]></Data>
    <Ementa />
    <Titulo />
    <SubTitulo />
    <Texto><![CDATA[<p class="identifica">Portaria Nº 171, DE 2 DE março DE 2018</p><p>O DIRETOR DE GESTÃO ADMINISTRATIVA DO DEPARTAMENTO NACIONAL DE PRODUÇÃO MINERAL-DNPM, no uso da competência que lhe confere o inciso V, do art. 2º, da Portaria DNPM 216, de 20 de maio de 2010, publicada no Diário Oficial da União de 24 de maio de 2010, alterada pela Portaria DNPM nº 275, de 17 de maio de 2011, publicada no Diário Oficial da União de 17 de maio de 2011, resolve:</p><p>I - Designar, no âmbito da Superintendência do DNPM/SE, a servidora Amélia Cristina Mota Nunes, SIAPE 453567, para atuar como Pregoeira, e os servidores Júlio César de Jesus Santos, SIAPE 1562045 e Márcio José Antunes Gomes, SIAPE 1563083, para comporem a Equipe de Apoio, na modalidade de licitação denominada Pregão, na forma eletrônica, nos termos do inciso II, do artigo 7º, do Decreto nº 3.555/2000; da Lei nº 10.520/2002; e, do artigo 10, do Decreto nº 5.450/2005, pelo período de 01 (um) ano.</p><p>II - Esta Portaria entra em vigor na data de sua publicação.</p><p class="assina">Haroldo Alberto de Matos Pereira</p>]]></Texto>
  </body>
</article></xml>