﻿<xml><article id="2036385" name="SGP24" idOficio="4706953" pubName="DO2" artType="Portaria" pubDate="14/03/2018" artClass="00038:00028:00001:00000:00000:00000:00000:00000:00000:00000:00025:00001" artCategory="Poder Judiciário/Tribunal Regional Eleitoral de Pernambuco/Presidência" artSize="8" artNotes="" numberPage="59" pdfPage="http://pesquisa.in.gov.br/imprensa/jsp/visualiza/index.jsp?data=14/03/2018&amp;jornal=529&amp;pagina=59" editionNumber="50" highlight="" idMateria="10593693">
  <body>
    <Identifica><![CDATA[ PORTARIA Nº 198, DE 5 DE MARÇO DE 2018]]></Identifica>
    <Data><![CDATA[]]></Data>
    <Ementa />
    <Titulo />
    <SubTitulo />
    <Texto><![CDATA[<p class="identifica">PORTARIA Nº 198, DE 5 DE MARÇO DE 2018</p><p>O DESEMBARGADOR PRESIDENTE DO TRIBUNAL REGIONAL ELEITORAL DE PERNAMBUCO, no uso de suas atribuições legais e, considerando a Remoção da servidora Rita Maria de Carvalho Falcão, conforme Portaria nº 119/2018; considerando o Ofício nº 1170/2018 do Juízo da 47ª Zona Eleitoral, registrado no SEI nº. 0005745-63.2018.6.17.8047; considerando não haver outro servidor efetivo da Justiça Eleitoral lotado no Posto de Atendimento abaixo citado, RESOLVE a) designar a servidora NAÉLIDA CORDEIRO DA SILVA para exercer a Função Comissionada, FC-1, de Chefe de Posto de Atendimento ao Eleitor de Panelas, vinculado à 47ª Zona Eleitoral, Quipapá; b) fazer constar que a servidora ora designada já vem respondendo pela supracitada Função desde 19/02/2018, fazendo juz à correspondente remuneração até ulterior deliberação.</p><p class="assina">LUIZ CARLOS DE BARROS FIGUEIREDO</p>]]></Texto>
  </body>
</article></xml>