﻿<xml><article id="2023961" name="PORT 2630 - STEFFANI CHRISTINA A" idOficio="4707780" pubName="DO2" artType="Portaria" pubDate="13/03/2018" artClass="00026:00002:00013:01477:00000:00000:00000:00000:00000:00000:00025:00005" artCategory="Ministério do Planejamento, Desenvolvimento e Gestão/Secretaria Executiva/Subsecretaria de Assuntos Administrativos/Coordenação-Geral de Gestão de Pessoas" artSize="8" artNotes="" numberPage="53" pdfPage="http://pesquisa.in.gov.br/imprensa/jsp/visualiza/index.jsp?data=13/03/2018&amp;jornal=529&amp;pagina=53" editionNumber="49" highlight="" idMateria="10595621">
  <body>
    <Identifica><![CDATA[ PORTARIA Nº 2.630, DE 12 DE MARÇO DE 2018]]></Identifica>
    <Data><![CDATA[]]></Data>
    <Ementa />
    <Titulo />
    <SubTitulo />
    <Texto><![CDATA[<p class="identifica">PORTARIA Nº 2.630, DE 12 DE MARÇO DE 2018</p><p>A COORDENADORA-GERAL DE GESTÃO DE PESSOAS DO MINISTÉRIO DO PLANEJAMENTO, DESENVOLVIMENTO E GESTÃO, no uso da competência atribuída na alínea "e", do inciso I, do art. 113, do Regimento Interno aprovado pela Portaria GM/MP nº 11, de 1° de fevereiro de 2018, com o que consta do processo nº 05110.006605/2017-37, resolve:</p><p>Conceder a Gratificação Temporária das Unidades Gestoras dos Sistemas Estruturadores da Administração Pública Federal - GSISTE, do Sistema de Informações Organizacionais do Governo Federal - SIORG, de nível intermediário, do Órgão Central à servidora STEFFANI CHRISTINA ALMEIDA SANTOS, matrícula SIAPE nº 1576742, ocupante do cargo de Assistente em Ciência e Tecnologia, em exercício na Secretaria de Gestão deste Ministério.</p><p class="assina">AYALA DO CARMO TANIOS NEMER</p>]]></Texto>
  </body>
</article></xml>