﻿<xml><article id="2024774" name="2PORT. Nº 215 - RECONDUÇÃO DE CP" idOficio="4707816" pubName="DO2" artType="Portaria" pubDate="13/03/2018" artClass="00011:00001:00000:00000:00000:00000:00000:00000:00000:00000:00025:00002" artCategory="Ministério da Educação/Gabinete do Ministro" artSize="8" artNotes="" numberPage="17" pdfPage="http://pesquisa.in.gov.br/imprensa/jsp/visualiza/index.jsp?data=13/03/2018&amp;jornal=529&amp;pagina=17" editionNumber="49" highlight="" idMateria="10595744">
  <body>
    <Identifica><![CDATA[ PORTARIA Nº 215, DE 12 DE MARÇO DE 2018]]></Identifica>
    <Data><![CDATA[]]></Data>
    <Ementa />
    <Titulo />
    <SubTitulo />
    <Texto><![CDATA[<p class="identifica">PORTARIA Nº 215, DE 12 DE MARÇO DE 2018</p><p>O MINISTRO DE ESTADO DA EDUCAÇÃO, no uso da atribuição que lhe confere o art. 87, parágrafo único, inciso IV, da Constituição, em observância ao disposto nos arts. 143 e 152 da Lei nº 8.112, de 11 de dezembro de 1990, no uso das competências específicas delegadas por meio do Decreto nº 3.669, de 23 de novembro de 2000, resolve:</p><p>Art. 1ºReconduzir a Comissão de Processo Administrativo Disciplinar, designada pela Portaria nº 48, de 23 de janeiro de 2018, publicada no D.O.U. nº 17, Seção 2, p. 14, de 24 de janeiro de 2018, referente aos Processos nº 00190.034288/2007-19 e nº 23000.016210/2011-86, ante as razões apresentadas no Ofício nº 06/CPAD, de 1º de março de 2018.</p><p>Art. 2º Estabelecer o prazo de sessenta dias para a conclusão dos trabalhos da referida Comissão.</p><p>Art. 3º Esta portaria entra em vigor na data de sua publicação.</p><p class="assina">MENDONÇA FILHO</p>]]></Texto>
  </body>
</article></xml>