﻿<xml><article id="2024939" name="PORTARIA 537.2018 RTR" idOficio="4707838" pubName="DO2" artType="Portaria" pubDate="13/03/2018" artClass="00011:00067:00001:00000:00000:00000:00000:00000:00000:00000:00025:00002" artCategory="Ministério da Educação/Instituto Federal de Educação, Ciência e Tecnologia de Mato Grosso/Reitoria" artSize="8" artNotes="" numberPage="29" pdfPage="http://pesquisa.in.gov.br/imprensa/jsp/visualiza/index.jsp?data=13/03/2018&amp;jornal=529&amp;pagina=29" editionNumber="49" highlight="" idMateria="10595774">
  <body>
    <Identifica><![CDATA[ PORTARIA Nº 537, DE 12 DE MARÇO DE 2018]]></Identifica>
    <Data><![CDATA[]]></Data>
    <Ementa />
    <Titulo />
    <SubTitulo />
    <Texto><![CDATA[<p class="identifica">PORTARIA Nº 537, DE 12 DE MARÇO DE 2018</p><p>A REITORA SUBSTITUTA EM EXERCÍCIO DO INSTITUTO FEDERAL DE EDUCAÇÃO, CIÊNCIA E TECNOLOGIA DE MATO GROSSO, no uso de suas atribuições legais, conferidas pela Portaria IFMT nº 877, de 20/04/2017, publicado no D.O.U. de 25.04.2017, Seção 2, Pág. 17, e considerando o Memorando nº 001/2018/Prof. Sheyla Varela Lucena, de 12.03.2018,resolve:</p><p>I - Exonerar, a pedido, a servidora SHEYLA VARELA LUCENA, ocupante do cargo de Professora do Ensino Básico, Técnico e Tecnológico, Matrícula SIAPE nº 1112380, pertencente ao quadro permanente deste Instituto, do cargo de direção de Diretora Geral Pro Tempore, deste IFMT - Campus Avançado Diamantino, CD-03.</p><p>II - Nomear o servidor UBIRANEI DE FREITAS MARINHO, ocupante do cargo de Professor do Ensino Básico, Técnico e Tecnológico, Matrícula SIAPE nº 3934520, pertencente ao quadro permanente deste Instituto, para exercer o cargo de direção de Diretor Geral Pro Tempore, deste IFMT - Campus Avançado Diamantino, CD-03.</p><p class="assina">GLAUCIA MARA DE BARROS</p>]]></Texto>
  </body>
</article></xml>