﻿<xml><article id="2015476" name="PORTARIA 7805 - DAF - ENVIADA" idOficio="4706912" pubName="DO2" artType="Portaria" pubDate="13/03/2018" artClass="00032:00003:00015:00000:00000:00000:00000:00000:00000:00000:00025:00003" artCategory="Departamento de Polícia Federal/Diretoria de Gestão de Pessoal/Ministério da Justiça" artSize="8" artNotes="" numberPage="58" pdfPage="http://pesquisa.in.gov.br/imprensa/jsp/visualiza/index.jsp?data=13/03/2018&amp;jornal=529&amp;pagina=58" editionNumber="49" highlight="" idMateria="10593708">
  <body>
    <Identifica><![CDATA[ PORTARIA Nº 7.805, DE 9 DE MARÇO DE 2018]]></Identifica>
    <Data><![CDATA[]]></Data>
    <Ementa />
    <Titulo />
    <SubTitulo />
    <Texto><![CDATA[<p class="identifica">PORTARIA Nº 7.805, DE 9 DE MARÇO DE 2018</p><p>O DIRETOR DE GESTÃO DE PESSOAL DA POLÍCIA FEDERAL, no uso das atribuições que lhe confere o inciso VI do art. 42 do Regimento Interno da Polícia Federal, aprovado pela Portaria MJSP nº 1.252, de 29/12/2017, publicada no DOU nº 01, de 02/01/2018, e tendo em vista o que consta no protocolo nº 08507.000021/2018-73, resolve:</p><p>DISPENSAR o Delegado de Polícia Federal GILBERTO ANTONIO DE CASTRO JUNIOR da função de Chefe da Delegacia de Polícia Federal em São Sebastião/SP, código FG-02.</p><p>DESIGNAR o Delegado de Polícia Federal CARLOS ROBERTO DE ALMEIDA para a função de Chefe da Delegacia de Polícia Federal em São Sebastião/SP, código FG-02.</p><p class="assina">DELANO CERQUEIRA BUNN</p>]]></Texto>
  </body>
</article></xml>