﻿<xml><article id="2016378" name="PT 293 - 09.03.2018 - SEI Nº DIG" idOficio="4707049" pubName="DO2" artType="Portaria" pubDate="13/03/2018" artClass="00017:00002:00029:00108:00005:00000:00000:00000:00000:00000:00025:00012" artCategory="Ministério da Saúde/Secretaria Executiva/Núcleo Estadual no Rio de Janeiro/Divisão de Gestão Administrativa/Serviço de Pessoal Inativo" artSize="8" artNotes="" numberPage="48" pdfPage="http://pesquisa.in.gov.br/imprensa/jsp/visualiza/index.jsp?data=13/03/2018&amp;jornal=529&amp;pagina=48" editionNumber="49" highlight="" idMateria="10593908">
  <body>
    <Identifica><![CDATA[ PORTARIA Nº 293, DE 9 DE MARÇO DE 2018]]></Identifica>
    <Data><![CDATA[]]></Data>
    <Ementa />
    <Titulo />
    <SubTitulo />
    <Texto><![CDATA[<p class="identifica">PORTARIA Nº 293, DE 9 DE MARÇO DE 2018</p><p>A CHEFE SUBSTITUTA DA DIVISÃO DE GESTÃO ADMINISTRATIVA DA COORDENAÇÃO DE GESTÃO DO NÚCLEO ESTADUAL DO MINISTÉRIO DA SAÚDE NO ESTADO DO RIO DE JANEIRO, no uso das atribuições conferidas pela PT/CGRH/SAA/MS nº 1804 de 01.10.2013, publicada no Diário Oficial da União (DOU) nº 192 de 03.10.2013 e à vista das informações constantes no Processo nº 25001.405575/2017-92, resolve:</p><p>Conceder Pensão à companheira MARIA ALICE DE JESUS SCHONE, com fundamento nos artigos 217, inciso III e 222, inciso VII, alínea b, item 6, da Lei nº 8.112/90, na redação dada pela Lei n° 13.135 de 17.06.2015, combinado com o artigo 40, parágrafo 7º, da Constituição Federal de 1988, com redação dada pela Emenda Constitucional nº 41/2003, regulamentada pelo artigo 2º, inciso II, da Lei nº 10.887/2004, em face do falecimento ocorrido em 03.09.2016, do servidor Ativo PAULO DOS SANTOS CARDOSO, Matrícula SIAPE nº 0.517.015 (Identificação Única nº 0.517.015-1), Guarda de Endemias, Nível Intermediário, Classe "S", Padrão III, do Quadro de Pessoal deste Ministério, a partir da data do óbito.</p><p class="assina">KARINA ORNELAS DOS SANTOS LATORRACA</p>]]></Texto>
  </body>
</article></xml>