﻿<xml><article id="2013801" name="portaria 17664 SGP" idOficio="4706585" pubName="DO2" artType="Portaria" pubDate="13/03/2018" artClass="00038:00025:00000:00000:00000:00000:00000:00000:00000:00000:00025:00005" artCategory="Poder Judiciário/Tribunal Regional Eleitoral do Pará" artSize="8" artNotes="" numberPage="87" pdfPage="http://pesquisa.in.gov.br/imprensa/jsp/visualiza/index.jsp?data=13/03/2018&amp;jornal=529&amp;pagina=87" editionNumber="49" highlight="" idMateria="10593269">
  <body>
    <Identifica><![CDATA[ Portaria Nº 17.664, de 2 de março de 2018]]></Identifica>
    <Data><![CDATA[]]></Data>
    <Ementa />
    <Titulo />
    <SubTitulo />
    <Texto><![CDATA[<p class="identifica">Portaria Nº 17.664, de 2 de março de 2018</p><p>O PRESIDENTE DO TRIBUNAL REGIONAL ELEITORAL DO PARÁ, em exercício, no uso de suas atribuições legais e regimentais, e à vista do contido no Processo Administrativo Eletrônico nº 0002486-61.2018.6.14.8106, resolve:</p><p>Art. 1º DISPENSAR a servidora requisitada ERICA EDIMILIA DA SILVA SOUSA das atribuições de Chefe de Cartório da 106ª Zona Eleitoral, sediada no município de Parauapebas, com efeitos a contar de 08.02.2018.</p><p>Art. 2º DESIGNAR o servidor CRISTIANO REBELO ROLIM, Analista Judiciário da Área Judiciária do Quadro de Pessoal Permanente deste Tribunal, para exercer as atribuições de Chefe de Cartório da 106ª Zona Eleitoral, sediada no município de Parauapebas, com efeitos a contar de 08.02.2018, convalidando os atos praticados.</p><p>Art. 3º Esta portaria entra em vigor na data de sua publicação.</p><p class="assina">ROBERTO GONÇALVES DE MOURA</p>]]></Texto>
  </body>
</article></xml>