﻿<xml><article id="2021071" name="Port. 199 - ALTERA apos ANTONIO " idOficio="4707690" pubName="DO2" artType="Portaria" pubDate="13/03/2018" artClass="00011:00134:00001:00012:00007:00000:00000:00000:00000:00000:00025:00002" artCategory="Ministério da Educação/Universidade Federal de Santa Catarina/Reitoria/Pró-Reitoria de Desenvolvimento e Gestão de Pessoas/Departamento de Administração de Pessoal" artSize="8" artNotes="" numberPage="39" pdfPage="http://pesquisa.in.gov.br/imprensa/jsp/visualiza/index.jsp?data=13/03/2018&amp;jornal=529&amp;pagina=39" editionNumber="49" highlight="" idMateria="10594953">
  <body>
    <Identifica><![CDATA[ PORTARIA Nº 199, DE 8 DE MARÇO DE 2018]]></Identifica>
    <Data><![CDATA[]]></Data>
    <Ementa />
    <Titulo />
    <SubTitulo />
    <Texto><![CDATA[<p class="identifica">PORTARIA Nº 199, DE 8 DE MARÇO DE 2018</p><p>A Diretora do Departamento de Administração de Pessoal da Universidade Federal de Santa Catarina, no uso de suas atribuições, resolve:</p><p>Alterar a Portaria nº 409, de 20 de junho de 2013, publicada no Diário Oficial da União de 21 de junho de 2013, que concedeu aposentadoria a ANTONIO ALBERTO MENDES, matrícula SIAPE 1158638, ocupante do cargo Auxiliar em Administração, de proventos proporcionais a 33/35avos (trinta e três, trinta e cinco) para 30/35avos (trinta, trinta e cinco), tendo em vista o Ofício-Circular nº 5/2013/SEGEP-MP, de 24/07/2013 que suspendeu a aplicação da ON SRH-MP nº 07 de 21 de novembro de 2007.</p><p>(Processo nº 23080.015826/2013-59)</p><p class="assina">Rita de Cássia Knabben</p>]]></Texto>
  </body>
</article></xml>