﻿<xml><article id="2023973" name="Portaria 184" idOficio="4707646" pubName="DO2" artType="Portaria" pubDate="13/03/2018" artClass="00011:00031:00001:00000:00000:00000:00000:00000:00000:00000:00025:00001" artCategory="Ministério da Educação/Fundação Universidade Federal de Mato Grosso/Reitoria" artSize="8" artNotes="" numberPage="21" pdfPage="http://pesquisa.in.gov.br/imprensa/jsp/visualiza/index.jsp?data=13/03/2018&amp;jornal=529&amp;pagina=21" editionNumber="49" highlight="" idMateria="10594753">
  <body>
    <Identifica><![CDATA[PORTARIA Nº 184, DE 9 DE MARÇO DE 2018]]></Identifica>
    <Data><![CDATA[]]></Data>
    <Ementa />
    <Titulo />
    <SubTitulo />
    <Texto><![CDATA[<p class="identifica">PORTARIA Nº 184, DE 9 DE MARÇO DE 2018</p><p>O Reitor Em Exercício da Universidade Federal de Mato Grosso, no uso de suas atribuições legais, resolve:</p><p>Exonerar, a pedido, a servidora DAIANNI DA CUNHA BARBOZA STADTLER, SIAPE n. 2314610, do cargo de Professor da Carreira do Magistério Superior, classe Auxiliar, Nível I, do Quadro de Pessoal Efetivo desta Universidade, lotado no Instituto de Ciências da Saúde/Curso de Medicina, Campus Universitário de Sinop. Declarar vago o respectivo cargo. Esta Portaria conta seus efeitos a partir de 05 de fevereiro de 2018. Processo nº 23108.904108/2018-16.</p><p class="assina">EVANDRO APARECIDO SOARES DA SILVA</p>]]></Texto>
  </body>
</article></xml>