﻿<xml><article id="2019390" name="PORTARIA Nº 858-EMCFA-MD" idOficio="4707456" pubName="DO2" artType="Portaria" pubDate="13/03/2018" artClass="00010:00027:00000:00000:00000:00000:00000:00000:00000:00000:00025:00001" artCategory="Ministério da Defesa/Estado-Maior Conjunto das Forças Armadas" artSize="8" artNotes="" numberPage="17" pdfPage="http://pesquisa.in.gov.br/imprensa/jsp/visualiza/index.jsp?data=13/03/2018&amp;jornal=529&amp;pagina=17" editionNumber="49" highlight="" idMateria="10594571">
  <body>
    <Identifica><![CDATA[ PORTARIA Nº 858/EMCFA/MD, DE 7 DE MARÇO DE 2018]]></Identifica>
    <Data><![CDATA[]]></Data>
    <Ementa />
    <Titulo />
    <SubTitulo />
    <Texto><![CDATA[<p class="identifica">PORTARIA Nº 858/EMCFA/MD, DE 7 DE MARÇO DE 2018</p><p>O CHEFE DO ESTADO-MAIOR CONJUNTO DAS FORÇAS ARMADAS, no uso da competência subdelegada pelo inciso I do art. 4oda Portaria no1.839/MD, de 9 de dezembro de 2010, considerando a Portaria Normativa no2.323/MD, de 31 de agosto de 2012, o Decreto no8.978, de 1º de fevereiro de 2017, alterado pelo Decreto nº 9.259, de 29 de dezembro de 2017, e o Processo Administrativo nº 60311.000107/2018-11, resolve:</p><p>DISPENSAR o Cabo (EB) JONATHAS FRANÇA PARREIRAS DA SILVA da função de Especialista, código Nível II, do Centro de Apoio a Sistemas Logísticos de Defesa da Chefia de Logística e Mobilização do Estado-Maior Conjunto.</p><p class="assina">Almirante de Esquadra ADEMIR SOBRINHO</p>]]></Texto>
  </body>
</article></xml>