﻿<xml><article id="2061206" name="125-LEONIS-DIS-DES" idOficio="4706433" pubName="DO2" artType="Portaria" pubDate="15/03/2018" artClass="00038:00004:00001:00002:00000:00000:00000:00000:00000:00000:00025:00001" artCategory="Poder Judiciário/Superior Tribunal de Justiça/Presidência/Secretaria" artSize="8" artNotes="" numberPage="72" pdfPage="http://pesquisa.in.gov.br/imprensa/jsp/visualiza/index.jsp?data=15/03/2018&amp;jornal=529&amp;pagina=72" editionNumber="51" highlight="" idMateria="10593121">
  <body>
    <Identifica><![CDATA[ PORTARIA Nº 125, DE 8 DE MARÇO DE 2018 ]]></Identifica>
    <Data><![CDATA[]]></Data>
    <Ementa />
    <Titulo />
    <SubTitulo />
    <Texto><![CDATA[<p class="identifica">PORTARIA Nº 125, DE 8 DE MARÇO DE 2018</p><p>A DIRETORA-GERAL DA SECRETARIA DO SUPERIOR TRIBUNAL DE JUSTIÇA, com base no item 16.2, XI, b, do Manual de Organização e no disposto no art. 35, II, da Lei n. 8.112, de 11 de dezembro de 1990, resolve:</p><p>Art. 1º Dispensar, a pedido, LEONIS DE OLIVEIRA QUEIROZ, matrícula S069013, da função de confiança de Assessor C, código FC-6, do Gabinete do Secretário-Geral da Presidência.</p><p>Art. 2º Designar o servidor para a função de confiança de Assistente IV, código FC-4, do Gabinete da Ministra Isabel Gallotti, na vaga decorrente da dispensa de André Sousa Santos.</p><p>Art. 3º Esta portaria entra em vigor na data de sua publicação.</p><p class="assina">Sulamita Avelino Cardoso Marques</p>]]></Texto>
  </body>
</article></xml>