﻿<xml><article id="2020879" name="MARISTELLA ALMEIDA PINTO FERREIR" idOficio="4707677" pubName="DO2" artType="Portaria" pubDate="13/03/2018" artClass="00012:00002:00012:00024:00000:00000:00000:00000:00000:00000:00025:00001" artCategory="Ministério da Fazenda/Secretaria Executiva/Subsecretaria de Planejamento, Orçamento e Administração/Superintendência de Administração em Minas Gerais" artSize="8" artNotes="" numberPage="42" pdfPage="http://pesquisa.in.gov.br/imprensa/jsp/visualiza/index.jsp?data=13/03/2018&amp;jornal=529&amp;pagina=42" editionNumber="49" highlight="" idMateria="10594936">
  <body>
    <Identifica><![CDATA[ PORTARIA Nº 96, DE 12 DE MARÇO DE 2018]]></Identifica>
    <Data><![CDATA[]]></Data>
    <Ementa />
    <Titulo />
    <SubTitulo><![CDATA[DIVISÃO DE GESTÃO DE PESSOAS]]></SubTitulo>
    <Texto><![CDATA[<p></p><p class="subtitulo">DIVISÃO DE GESTÃO DE PESSOAS</p><p class="identifica">PORTARIA Nº 96, DE 12 DE MARÇO DE 2018</p><p>A CHEFE DA DIVISÃO DE GESTÃO DE PESSOAS DA SUPERINTENDÊNCIA DE ADMINISTRAÇÃO DO MINISTÉRIO DA FAZENDA EM MINAS GERAIS, usando da subdelegação de competência que lhe foi conferida pela Portaria GRA-MF/MG, nº 386 de 17.11.2004, publicada no Diário Oficial da União, de 19.11.2004, resolve:</p><p>Retificar a Portaria SAMF/MG n.º 88 de 06.03.2018, publicada no D.O.U. de 07.03.2018, processo 10680.100076/2018-13, referente a Concessão de Pensão de MARISTELLA ALMEIDA PINTO FERREIRA. ONDE SE LÊ: EC 41/2003, LEIA-SE: EC 47/2005.</p><p class="assina">VALÉRIA CÂNDIDA PORTO</p>]]></Texto>
  </body>
</article></xml>