﻿<xml><article id="2020831" name="PORTARIA SAMP RETIFICAÇÃO 1161 P" idOficio="4707670" pubName="DO2" artType="Portaria" pubDate="13/03/2018" artClass="00026:00034:00187:00426:00000:00000:00000:00000:00000:00000:00025:00001" artCategory="Ministério do Planejamento, Desenvolvimento e Gestão/Secretaria de Gestão de Pessoas/Departamento de Órgãos Extintos e de Gestão de Folha de Pagamento/Superintendência de Administração no Amapá" artSize="8" artNotes="" numberPage="55" pdfPage="http://pesquisa.in.gov.br/imprensa/jsp/visualiza/index.jsp?data=13/03/2018&amp;jornal=529&amp;pagina=55" editionNumber="49" highlight="" idMateria="10594959">
  <body>
    <Identifica />
    <Data><![CDATA[]]></Data>
    <Ementa />
    <Titulo />
    <SubTitulo><![CDATA[ANEXO]]></SubTitulo>
    <Texto><![CDATA[<p>PORTARIA N° 2.560, DE 9 DE MARÇO DE 2018</p><p>O SUPERINTENDENTE DE ADMINISTRAÇÃO DO MINISTÉRIO DO PLANEJAMENTO, DESENVOLVIMENTO E GESTÃO NO ESTADO DO AMAPÁ, no uso de suas atribuições que lhe confere a Portaria nº 682/SE/MP, de 17 de setembro de 2015, publicado no DOU nº 179, de 18 de setembro de 2015 e o artigo 1º, inciso I, alínea J da Portaria nº 124/DEPEX/SE/MP, de 26 de fevereiro de 2015, publicada no Diário Oficial da União nº 153, de 27 de fevereiro de 2015, considerando o contido na Portaria nº 864, de 28 de setembro de 2017, publicada no DOU nº 188, de 29 de setembro de 2017 e Processo SEI 05504.002819/2015-49, resolve:</p><p>Retificar: Na Portaria nº 1.161/SAMP-AP, de 03 de outubro de 2017, publicada no Diário Oficial da União nº 191, de 04 de outubro de 2017, página 49, Seção 2.</p><p class="assina">JOSÉ LUIZ BEZERRA PACHECO</p><p class="subtitulo">ANEXO</p><p>Onde se lê:</p><p>Cargo: Professor NM-Classe D Nível 404-40 horas semanais</p><p></p><table><tr /><tr><td><p>MARINEIDE PIRES DE FRANÇA</p></td><td><p>209.218.882-87</p></td></tr></table><p>Leia-se:</p><p>Cargo: Professor NS-Classe D Nível 404-40 horas semanais</p><p></p><table><tr /><tr><td><p>MARINEIDE PIRES DE FRANÇA</p></td><td><p>209.218.882-87</p></td></tr></table>]]></Texto>
  </body>
</article></xml>