﻿<xml><article id="2020186" name="PORTARIA GPR 446" idOficio="4707540" pubName="DO2" artType="Portaria" pubDate="13/03/2018" artClass="00038:00039:00002:00000:00000:00000:00000:00000:00000:00000:00025:00006" artCategory="Poder Judiciário/Tribunal de Justiça do Distrito Federal e dos Territórios/Presidência" artSize="8" artNotes="" numberPage="88" pdfPage="http://pesquisa.in.gov.br/imprensa/jsp/visualiza/index.jsp?data=13/03/2018&amp;jornal=529&amp;pagina=88" editionNumber="49" highlight="" idMateria="10594817">
  <body>
    <Identifica><![CDATA[ PORTARIA nº 446, DE 9 DE MARÇO DE 2018]]></Identifica>
    <Data><![CDATA[]]></Data>
    <Ementa />
    <Titulo />
    <SubTitulo />
    <Texto><![CDATA[<p class="identifica">PORTARIA nº 446, DE 9 DE MARÇO DE 2018</p><p>O PRESIDENTE DO TRIBUNAL DE JUSTIÇA DO DISTRITO FEDERAL E DOS TERRITÓRIOS, no uso de sua competência legal e tendo em vista o contido no PA N. 1000220/2018, resolve:</p><p>Art. 1º Designar EMERSON ALVES DE GUSMAO, matrícula N. 317.335, Técnico Judiciário, Área Administrativa, Especialidade Segurança, do Quadro de Pessoal deste Tribunal, para exercer a Função Comissionada, FC-04, de Supervisor do Núcleo de Segurança Orgânica - Fórum José Júlio Leal Fagundes/COORSEG, ficando dispensado CLEBER DA SILVA FRANCISCO, matrícula N. 315.248, Técnico Judiciário, Área Administrativa, Especialidade Segurança, do Quadro de Pessoal deste Tribunal.</p><p>Art. 2º Esta Portaria entra em vigor na data de sua publicação.</p><p class="assina">Des. MARIO MACHADO</p>]]></Texto>
  </body>
</article></xml>