﻿<xml><article id="2014401" name="Portaria nº 710 - IROELIO" idOficio="4706674" pubName="DO2" artType="Portaria" pubDate="13/03/2018" artClass="00011:00026:00000:00000:00000:00000:00000:00000:00000:00000:00025:00001" artCategory="Ministério da Educação/Fundação Universidade Federal do Acre" artSize="8" artNotes="" numberPage="20" pdfPage="http://pesquisa.in.gov.br/imprensa/jsp/visualiza/index.jsp?data=13/03/2018&amp;jornal=529&amp;pagina=20" editionNumber="49" highlight="" idMateria="10593458">
  <body>
    <Identifica><![CDATA[ PORTARIA Nº 710, DE 5 DE MARÇO DE 2018]]></Identifica>
    <Data><![CDATA[]]></Data>
    <Ementa />
    <Titulo />
    <SubTitulo />
    <Texto><![CDATA[<p class="identifica">PORTARIA Nº 710, DE 5 DE MARÇO DE 2018</p><p>O REITOR DA UNIVERSIDADE FEDERAL DO ACRE, no uso das atribuições legais que lhe conferem o Art. 80, Inciso III, do Regimento Geral, e o que consta no processo nº 23107.003159/2018-21, resolve:</p><p>CONCEDER Aposentadoria Voluntária, com proventos integrais, ao servidor IROELIO ALVES DE SOUSA, ocupante do cargo de Assistente em Administração, Classe D, Padrão 416, Matrícula SIAPE n° 0414088, Identificação Única nº 4140885, Grupo/Cargo 701/200, Código de Vaga nº 323893, lotado na Diretoria de Saúde e Qualidade de Vida, com fundamento no Art. 3º da Emenda Constitucional nº 47/2005, a contar da data de publicação no Diário Oficial da União.</p><p>DECLARAR vago, em decorrência, o cargo acima citado.</p><p class="assina">Minoru Martins Kinpara</p>]]></Texto>
  </body>
</article></xml>