﻿<xml><article id="2020087" name="940" idOficio="4707536" pubName="DO2" artType="Portaria" pubDate="13/03/2018" artClass="00011:00122:00001:00000:00000:00000:00000:00000:00000:00000:00025:00001" artCategory="Ministério da Educação/Universidade Federal do Pará/Reitoria" artSize="8" artNotes="" numberPage="36" pdfPage="http://pesquisa.in.gov.br/imprensa/jsp/visualiza/index.jsp?data=13/03/2018&amp;jornal=529&amp;pagina=36" editionNumber="49" highlight="" idMateria="10594797">
  <body>
    <Identifica><![CDATA[ PORTARIA Nº 940, de 27 DE FEVEREIRO DE 2018]]></Identifica>
    <Data><![CDATA[]]></Data>
    <Ementa />
    <Titulo />
    <SubTitulo />
    <Texto><![CDATA[<p class="identifica">PORTARIA Nº 940, de 27 DE FEVEREIRO DE 2018</p><p>O REITOR DA UNIVERSIDADE FEDERAL DO PARÁ, no uso de suas atribuições legais e estatutárias, resolve:</p><p>Conceder Pensão Vitalícia, nos termos do artigo 217, inciso II e artigo 222, inciso VII, alínea "b", ítem 6, da Lei nº 8.112/1990, com as alterações feitas pela Lei de nº 13.135 de 17/06/2015 e do artigo 40 §§ 7º, I e 21, da Constituição Federal, combinado com o art. 2º., inciso I, da Lei nº 10.887, publicada no DOU de 21/06/2004, a SANDRA MARIA DOS SANTOS PERES, cônjuge separado judicialmente, com percepção de pensão alimentícia estabelecida judicialmente, do servidor MANOEL DINIZ PERES, aposentado do cargo de PROFESSOR DO MAGISTERIO SUPERIOR, matrícula nº 0325613, classe "D", com denominação de Professor Associado, nível IV, em regime de Dedicação Exclusiva, com Doutorado, do quadro permanente de pessoal desta Universidade, com vigência a partir do falecimento deste, em 25.12.2017.</p><p class="assina">Gilmar Pereira da Silva</p><p class="cargo">Em exercício</p>]]></Texto>
  </body>
</article></xml>