﻿<xml><article id="2115840" name="PORTARIA 69_2018 Exonera Hilomar" idOficio="4705754" pubName="DO2" artType="Portaria" pubDate="19/03/2018" artClass="00039:00227:00000:00000:00000:00000:00000:00000:00000:00000:00025:00001" artCategory="Entidades de Fiscalização do Exercício das Profissões Liberais/Conselho Regional de Enfermagem de Mato Grosso" artSize="8" artNotes="" numberPage="75" pdfPage="http://pesquisa.in.gov.br/imprensa/jsp/visualiza/index.jsp?data=19/03/2018&amp;jornal=529&amp;pagina=75" editionNumber="53" highlight="" idMateria="10591304">
  <body>
    <Identifica><![CDATA[ PORTARIA Nº 69, de 6 março de 2018]]></Identifica>
    <Data><![CDATA[]]></Data>
    <Ementa />
    <Titulo />
    <SubTitulo />
    <Texto><![CDATA[<p class="identifica">PORTARIA Nº 69, de 6 março de 2018</p><p>O Presidente do Conselho Regional de Enfermagem de Mato Grosso - Coren - MT, no exercício de suas atribuições legais e regimentais, asseguradas no artigo 15 da Lei Nº. 5.905/73 e no artigo 42 do Regimento Interno do Coren - MT.</p><p>CONSIDERANDO o disposto na RESOLUÇÃO COFEN Nº 425/2012 que institui empregos em Comissão no COFEN e baixa norma geral para os Conselhos Regionais e dá outras providências.</p><p>CONSIDERANDO o teor das Portarias Coren - MT N.º 027/2015 e 187/2016. Resolve:</p><p>Art. 1º - Exonerar do Emprego Público em Comissão de Procurador Geral do Conselho Regional de Enfermagem do Estado de Mato Grosso o Sr. HILOMAR HILLER, Advogado, OAB - MT N.º 10.768, Matrícula Funcional Coren - MT N.º 109/2015.</p><p>Art. 2º - Esta Portaria revoga as disposições em contrário, publique-se e cumpra-se.</p><p class="assina">Antônio César Ribeiro</p>]]></Texto>
  </body>
</article></xml>