﻿<xml><article id="2017314" name="ports 564 e 565-2018" idOficio="4707072" pubName="DO2" artType="Portaria" pubDate="13/03/2018" artClass="00011:00053:00001:00000:00000:00000:00000:00000:00000:00000:00025:00002" artCategory="Ministério da Educação/Instituto Federal de Educação, Ciência e Tecnologia de Alagoas/Reitoria" artSize="8" artNotes="" numberPage="25" pdfPage="http://pesquisa.in.gov.br/imprensa/jsp/visualiza/index.jsp?data=13/03/2018&amp;jornal=529&amp;pagina=25" editionNumber="49" highlight="" idMateria="10594117">
  <body>
    <Identifica><![CDATA[ PORTARIAS DE 7 DE MARÇO DE 2018]]></Identifica>
    <Data><![CDATA[]]></Data>
    <Ementa />
    <Titulo />
    <SubTitulo />
    <Texto><![CDATA[<p class="identifica">PORTARIAS DE 7 DE MARÇO DE 2018</p><p>O REITOR DO INSTITUTO FEDERAL DE ALAGOAS, no uso das atribuições que lhe conferem os Artigos 11 e 14 da Lei nº 11.892, de 29.12.2008, nomeado pelo Decreto de 22 de abril de 2015, publicado no DOU de 23 de abril de 2015, e tendo em vista o que consta no Memorando Eletrônico nº 27/2018, de 06/03/2018, resolve:</p><p>Nº 564 - Exonerar a servidora JANA KELLY DOS SANTOS, matrícula nº 1133210, ocupante do cargo de Médico-Veterinário, do cargo de Chefe do Departamento de Gestão Agropecuária, código CD-04, vinculado à Diretoria de Ensino do Campus Satuba.</p><p>Nº 565 - Nomear o servidor JOSÉ HARLISSON DE ARAUJO FERRO, matrícula nº 2673414, ocupante do cargo de Professor do Ensino Básico, Técnico e Tecnológico, para o cargo de Chefe do Departamento de Gestão Agropecuária, código CD-04, vinculado à Diretoria de Ensino do Campus Satuba.</p><p class="assina">SÉRGIO TEIXEIRA COSTA</p>]]></Texto>
  </body>
</article></xml>