﻿<xml><article id="2020439" name="127-BRUNO E CAIO - DIS-DES" idOficio="4707582" pubName="DO2" artType="Portaria" pubDate="13/03/2018" artClass="00038:00004:00001:00002:00000:00000:00000:00000:00000:00000:00025:00002" artCategory="Poder Judiciário/Superior Tribunal de Justiça/Presidência/Secretaria" artSize="8" artNotes="" numberPage="85" pdfPage="http://pesquisa.in.gov.br/imprensa/jsp/visualiza/index.jsp?data=13/03/2018&amp;jornal=529&amp;pagina=85" editionNumber="49" highlight="" idMateria="10594862">
  <body>
    <Identifica><![CDATA[ PORTARIA Nº 127, DE 9 DE MARÇO DE 2018]]></Identifica>
    <Data><![CDATA[]]></Data>
    <Ementa />
    <Titulo />
    <SubTitulo />
    <Texto><![CDATA[<p class="identifica">PORTARIA Nº 127, DE 9 DE MARÇO DE 2018</p><p>A DIRETORA-GERAL DA SECRETARIA DO SUPERIOR TRIBUNAL DE JUSTIÇA, com base no item 16.2, XI, b, do Manual de Organização e no disposto no art. 35, I, da Lei n. 8.112, de 11 de dezembro de 1990, resolve:</p><p>Art. 1º Efetuar as seguintes alterações no Gabinete da Ministra Assusete Magalhães:</p><p>I - Dispensar BRUNO MENDONÇA LOPES, matrícula S057562, da função de confiança de Assistente II, código FC-2;</p><p>II - Designar CAIO GONÇALVES PORTELA, matrícula S043863, para a função de confiança de Assistente II, código FC-2, na vaga decorrente da dispensa de Bruno Mendonça Lopes.</p><p>Art. 2º Designar BRUNO MENDONÇA LOPES, matrícula S057562, para a função de confiança de Assistente II, código FC-2, do Gabinete do Ministro Jorge Mussi, na vaga decorrente da dispensa de Karine Anselmo Bonfim.</p><p>Art. 3º Esta portaria entra em vigor na data de sua publicação.</p><p class="assina">Sulamita Avelino Cardoso Marques</p>]]></Texto>
  </body>
</article></xml>