﻿<xml><article id="2023964" name="port 2610 - FLAVIO LUCIO CORREA " idOficio="4707780" pubName="DO2" artType="Portaria" pubDate="13/03/2018" artClass="00026:00002:00013:01477:00000:00000:00000:00000:00000:00000:00025:00002" artCategory="Ministério do Planejamento, Desenvolvimento e Gestão/Secretaria Executiva/Subsecretaria de Assuntos Administrativos/Coordenação-Geral de Gestão de Pessoas" artSize="8" artNotes="" numberPage="53" pdfPage="http://pesquisa.in.gov.br/imprensa/jsp/visualiza/index.jsp?data=13/03/2018&amp;jornal=529&amp;pagina=53" editionNumber="49" highlight="" idMateria="10595620">
  <body>
    <Identifica><![CDATA[ PORTARIA Nº 2.610, DE 12 DE MARÇO DE 2018]]></Identifica>
    <Data><![CDATA[]]></Data>
    <Ementa />
    <Titulo />
    <SubTitulo />
    <Texto><![CDATA[<p class="identifica">PORTARIA Nº 2.610, DE 12 DE MARÇO DE 2018</p><p>A COORDENADORA-GERAL DE GESTÃO DE PESSOAS, DO MINISTÉRIO DO PLANEJAMENTO, DESENVOLVIMENTO E GESTÃO, no uso da competência atribuída na alínea "l", do inciso I, do art. 113, do Anexo II, do Regimento Interno aprovado pela Portaria GM/MP nº 11, de 31 de janeiro de 2018, publicada no DOU de 1 de fevereiro de 2018, considerando o disposto no Processo n° 03500.000206/2018-24, resolve:</p><p>Art. 1º Conceder aposentadoria voluntária, com proventos integrais, ao servidor FLÁVIO LÚCIO CORRÊA DE FARIA, ocupante do cargo de Analista de Planejamento e Orçamento, Classe "S", Padrão IV, matrícula SIAPE nº 1310589, do Quadro de Pessoal deste Ministério, com fundamento no art. 6°, incisos I, II, III e IV, da Emenda Constitucional n° 41, de 19 de dezembro de 2003, publicada no DOU de 31 de dezembro de 2003.</p><p>Art. 2º Declarar a vacância da vaga de nº 612536 do referido cargo.</p><p class="assina">AYALA DO CARMO TANIOS NEMER</p>]]></Texto>
  </body>
</article></xml>