﻿<xml><article id="2016507" name="PORTARIA Nº 2.420" idOficio="4707087" pubName="DO2" artType="Portaria" pubDate="13/03/2018" artClass="00026:00033:00000:00000:00000:00000:00000:00000:00000:00000:00025:00005" artCategory="Ministério do Planejamento, Desenvolvimento e Gestão/Secretaria de Gestão" artSize="8" artNotes="" numberPage="54" pdfPage="http://pesquisa.in.gov.br/imprensa/jsp/visualiza/index.jsp?data=13/03/2018&amp;jornal=529&amp;pagina=54" editionNumber="49" highlight="" idMateria="10593935">
  <body>
    <Identifica><![CDATA[ PORTARIA Nº 2.420, DE 9 DE MARÇO DE 2018]]></Identifica>
    <Data><![CDATA[]]></Data>
    <Ementa />
    <Titulo />
    <SubTitulo />
    <Texto><![CDATA[<p class="identifica">PORTARIA Nº 2.420, DE 9 DE MARÇO DE 2018</p><p>A SECRETÁRIA-ADJUNTA DE GESTÃO DO MINISTÉRIO DO PLANEJAMENTO, DESENVOLVIMENTO E GESTÃO, no uso da competência delegada pela Portaria SEGES nº 2.091, de 1º de março de 2018 e considerando o disposto no art. 14 do Decreto nº 5.176, de 10 de agosto de 2004, resolve:</p><p>Autorizar o exercício do servidor RAUL DE OLIVEIRA FONTOURA, Especialista em Políticas Públicas e Gestão Governamental, matrícula SIAPE Nº 1459123, do Quadro de Pessoal desta Pasta, no Instituto do Patrimônio Histórico e Artístico Nacional, exclusivamente em Brasília/DF.</p><p class="assina">ALINE RIBEIRO DANTAS DE TEIXEIRA SOARES</p>]]></Texto>
  </body>
</article></xml>