﻿<xml><article id="2015230" name="13.1. PORTARIA 125.2018 - Chefe " idOficio="4706850" pubName="DO2" artType="Portaria" pubDate="13/03/2018" artClass="00039:00220:00000:00000:00000:00000:00000:00000:00000:00000:00025:00008" artCategory="Entidades de Fiscalização do Exercício das Profissões Liberais/Conselho Regional de Enfermagem do Amazonas" artSize="8" artNotes="" numberPage="90" pdfPage="http://pesquisa.in.gov.br/imprensa/jsp/visualiza/index.jsp?data=13/03/2018&amp;jornal=529&amp;pagina=90" editionNumber="49" highlight="" idMateria="10593636">
  <body>
    <Identifica><![CDATA[ PORTARIA Nº 125, DE 1º DE MARÇO DE 2018]]></Identifica>
    <Data><![CDATA[]]></Data>
    <Ementa />
    <Titulo />
    <SubTitulo />
    <Texto><![CDATA[<p class="identifica">PORTARIA Nº 125, DE 1º DE MARÇO DE 2018</p><p>O Presidente do Conselho Regional de Enfermagem do Amazonas - Coren-AM, em conjunto com a Conselheira Secretária conforme o art. 41 do Regimento Interno do Coren-AM, no uso das atribuições legais e regimentais que lhes são conferidas pela Lei 5.905/1973 e legislações complementares em vigor, e; CONSIDERANDO a necessidade de reorganização no funcionamento interno das Chefias de Setores; CONSIDERANDO a 29ª Reunião Extraordinária de Diretoria - RED, ocorrida no dia 09 de janeiro de 2018; CONSIDERANDO a 476ª Reunião de Ordinária de Plenário - ROP, ocorrida nos dias 24 e 25 de janeiro de 2018; CONSIDERANDO a Decisão 002/2018, de 26 de fevereiro de 2018, que trata da readequação do organograma do Coren-AM; resolvem:</p><p>Art. 1º REVOGAR a Portaria do Coren-AM nº 083, de 22 de abril de 2015; Art. 2º NOMEAR a Empregada Pública Auliane Tavares Coelho como responsável do Controle Interno do Coren-AM. Esta portaria entra em vigor na data de sua assinatura. Dê ciência e cumpra-se. Gabinete do Presidente do Conselho Regional de Enfermagem do Amazonas.</p><p class="assina">Sandro André da Silva Pinto</p><p class="cargo">Presidente do Conselho</p><p class="assina">Cleise Maria de Goes Martins</p><p class="cargo">Secretária do Conselho</p>]]></Texto>
  </body>
</article></xml>