﻿<xml><article id="2019151" name="POR 359 A 368" idOficio="4707373" pubName="DO2" artType="Portaria" pubDate="13/03/2018" artClass="00011:00002:00000:00000:00000:00000:00000:00000:00000:00000:00025:00001" artCategory="Ministério da Educação/Secretaria Executiva" artSize="8" artNotes="" numberPage="18" pdfPage="http://pesquisa.in.gov.br/imprensa/jsp/visualiza/index.jsp?data=13/03/2018&amp;jornal=529&amp;pagina=18" editionNumber="49" highlight="" idMateria="10594574">
  <body>
    <Identifica><![CDATA[ PORTARIAS DE 12 DE MARÇO DE 2018]]></Identifica>
    <Data><![CDATA[]]></Data>
    <Ementa />
    <Titulo />
    <SubTitulo />
    <Texto><![CDATA[<p class="identifica">PORTARIAS DE 12 DE MARÇO DE 2018</p><p>O SECRETÁRIO-EXECUTIVO ADJUNTO DO MINISTÉRIO DA EDUCAÇÃO, em observância ao disposto no art. 4odo Anexo I do Decreto no9.005, de 14 de março de 2017, e no uso da competência que lhe foi delegada pelo art. 1oda Portaria MEC no1.212, de 19 de setembro de 2017, resolve:</p><p>Nº 359 - Designar FABRICIO CARMO CABRAL, Matrícula SIAPE no1690640, para exercer o encargo de substituto eventual da Função Comissionada do Poder Executivo de Coordenador-Geral, Código FCPE-101.4, ocupado por Luiz Claudio Lima Costa, da Coordenação-Geral de Monitoramento da Educação Superior da Diretoria de Supervisão da Educação Superior da Secretaria de Regulação e Supervisão da Educação Superior deste Ministério - SERES-MEC, no período de 12 de março a 1º de abril de 2018.</p><p>O Secretário-Executivo Adjunto do Ministério da Educação, no uso das atribuições subdelegadas pelo art. 2º da Portaria nº 1.212, de 20 de setembro de 2017, em conformidade com a delegação de competência outorgada pela Portaria MP nº 79, de 28 de fevereiro de 2002, e considerando o disposto no art. 37 da Lei nº 8.112, de 11 de dezembro de 1990, com redação dada pela Lei nº 9.527, de 10 de dezembro de 1997, resolve redistribuir:</p><p>Nº 360 - Servidor(a): ANGELA CAROLINE DA COSTA SANTOS</p><p>Mat. SIAPE: 2419303</p><p>Cargo: Técnico em Assuntos Educacionais</p><p>Nível de Classificação: E</p><p>Nível de Capacitação: I</p><p>Padrão de Vencimento: 01</p><p>Código da vaga: 210619</p><p>Do(a): Instituto Federal de Educação, Ciência e Tecnologia de Alagoas</p><p>Para: Instituto Federal de Educação, Ciência e Tecnologia de Sergipe</p><p>Contrapartida</p><p>Servidor(a): POLYANNE SOUTO DE BRITO</p><p>Mat. SIAPE: 2246778</p><p>Cargo: Técnico em Assuntos Educacionais</p><p>Nível de Classificação: E</p><p>Nível de Capacitação: II</p><p>Padrão de Vencimento: 02</p><p>Código da vaga: 865724</p><p>Do(a): Instituto Federal de Educação, Ciência e Tecnologia de Sergipe</p><p>Para: Instituto Federal de Educação, Ciência e Tecnologia de Alagoas</p><p>Processo: 23041.000605/2018-57</p><p>Nº 361 - Servidor(a): FELIPE CARON</p><p>Mat. SIAPE: 1852145</p><p>Cargo: Professor do Magistério Superior, Classe 6, Nível 602</p><p>Código da vaga: 329179</p><p>Do(a): Fundação Universidade Federal do Pampa</p><p>Para: Universidade Federal do Rio Grande do Sul</p><p>Contrapartida</p><p>Servidor(a): Vago</p><p>Cargo: Professor do Magistério Superior</p><p>Código da vaga: 0276171</p><p>Do(a): Universidade Federal do Rio Grande do Sul</p><p>Para: Fundação Universidade Federal do Pampa</p><p>Processo: 23078.018564/2017-57</p><p>Nº 362 - Servidor(a): FERNANDO SÉRGIO DOS SANTOS SANTANA</p><p>Mat. SIAPE: 2154205</p><p>Cargo: Técnico em Audiovisual</p><p>Nível de Classificação: D</p><p>Nível de Capacitação: III</p><p>Padrão de Vencimento: 03</p><p>Código da vaga: 805985</p><p>Do(a): Instituto Federal de Educação, Ciência e Tecnologia de Sergipe</p><p>Para: Universidade Federal da Paraíba</p><p>Contrapartida</p><p>Servidor(a): Cargo vago</p><p>Cargo: Técnico em Som</p><p>Código da vaga: 0259683</p><p>Do(a): Universidade Federal da Paraíba</p><p>Para: Instituto Federal de Educação, Ciência e Tecnologia de Sergipe</p><p>Processo: 23074.043751/2017-17</p><p>Nº 363 - Servidor(a): GEORGE GONDIM GOMES</p><p>Mat. SIAPE: 1474453</p><p>Cargo: Assistente em Administração</p><p>Nível de Classificação: D</p><p>Nível de Capacitação: IV</p><p>Padrão de Vencimento: 09</p><p>Código da vaga: 222683</p><p>Do(a): Universidade Federal do Estado do Rio Janeiro</p><p>Para: Universidade da Integração Internacional da Lusofonia Afro-Brasileira</p><p>Contrapartida</p><p>Servidor(a): Cargo vago</p><p>Cargo: Assistente em Administração</p><p>Código da vaga: 0905960</p><p>Do(a): Universidade da Integração Internacional da Lusofonia Afro-Brasileira</p><p>Para: Universidade Federal do Estado do Rio Janeiro</p><p>Processo: 23282.014133/2017-04</p><p>Nº 364 - Servidor(a): JARBI EULER PORTELA DE SOUSA</p><p>Mat. SIAPE: 1031412</p><p>Cargo: Assistente em Administração</p><p>Nível de Classificação: D</p><p>Nível de Capacitação: I</p><p>Padrão de Vencimento: 01</p><p>Código da vaga: 901770</p><p>Do(a): Universidade Federal do Ceará</p><p>Para: Instituto Federal de Educação, Ciência e Tecnologia do Ceará</p><p>Contrapartida</p><p>Servidor(a): ALEX BRUNO QUEIROZ MACIEL</p><p>Mat. SIAPE: 1987299</p><p>Cargo: Assistente em Administração</p><p>Nível de Classificação: D</p><p>Nível de Capacitação: I</p><p>Padrão de Vencimento: 01</p><p>Código da vaga: 812799</p><p>Do(a): Instituto Federal de Educação, Ciência e Tecnologia do Ceará</p><p>Para: Universidade Federal do Ceará</p><p>Processo: 23067.026774/2017-48</p><p>Nº 365 - Servidor(a): JEFERSON PASCOAL DE MORAIS</p><p>Mat. SIAPE: 2267157</p><p>Cargo: Técnico de Tecnologia da Informação</p><p>Nível de Classificação: D</p><p>Nível de Capacitação: II</p><p>Padrão de Vencimento: 02</p><p>Código da vaga: 968384</p><p>Do(a): Instituto Federal de Educação, Ciência e Tecnologia do Tocantins</p><p>Para: Universidade Federal Rural do Semi-Árido</p><p>Contrapartida</p><p>Servidor(a): Cargo vago</p><p>Cargo: Técnico de Tecnologia da Informação</p><p>Código da vaga: 0968311</p><p>Do(a): Universidade Federal Rural do Semi-Árido</p><p>Para: Instituto Federal de Educação, Ciência e Tecnologia do Tocantins</p><p>Processo: 23235.033529/2017-16</p><p>Nº 366 - Servidor(a): JOSÉ RAFAEL BORDIN</p><p>Mat. SIAPE: 1643408</p><p>Cargo: Professor do Magistério Superior, Classe 6, Nível 601</p><p>Código da vaga: 926156</p><p>Do(a): Fundação Universidade Federal do Pampa</p><p>Para: Fundação Universidade Federal de Pelotas</p><p>Contrapartida</p><p>Servidor(a): Vago</p><p>Cargo: Professor do Magistério Superior</p><p>Código da vaga: 0317887</p><p>Do(a): Fundação Universidade Federal de Pelotas</p><p>Para: Fundação Universidade Federal do Pampa</p><p>Processo: 23110.005681/2017-15</p><p>Nº 367 - Servidor(a): KARINA MEIRELLES FONSECA</p><p>Mat. SIAPE: 1330210</p><p>Cargo: Médico - Área</p><p>Nível de Classificação: E</p><p>Nível de Capacitação: I</p><p>Padrão de Vencimento: 01</p><p>Código da vaga: 825964</p><p>Do(a): Fundação Universidade Federal do Pampa</p><p>Para: Centro Federal de Educação Tecnológica de Minas Gerais</p><p>Contrapartida</p><p>Servidor(a): Cargo vago</p><p>Cargo: Médico - Área</p><p>Código da vaga: 0291171</p><p>Do(a): Centro Federal de Educação Tecnológica de Minas Gerais</p><p>Para: Fundação Universidade Federal do Pampa</p><p>Processo: 23062.012726/2017-12</p><p>Nº 368 - Servidor(a): MARIA GORETTI TERESINHA DOS ANJOS E SANTOS</p><p>Mat. SIAPE: 2103463</p><p>Cargo: Pedagogo - Área</p><p>Nível de Classificação: E</p><p>Nível de Capacitação: III</p><p>Padrão de Vencimento: 03</p><p>Código da vaga: 983102</p><p>Do(a): Universidade Federal do Triângulo Mineiro</p><p>Para: Instituto Federal de Educação, Ciência e Tecnologia do Triângulo Mineiro</p><p>Contrapartida</p><p>Servidor(a): FELLIPE JACULI VALDISSER FARIA</p><p>Mat. SIAPE: 2144392</p><p>Cargo: Técnico em Assuntos Educacionais</p><p>Nível de Classificação: E</p><p>Nível de Capacitação: I</p><p>Padrão de Vencimento: 01</p><p>Código da vaga: 346904</p><p>Do(a): Instituto Federal de Educação, Ciência e Tecnologia do Triângulo Mineiro</p><p>Para: Universidade Federal do Triângulo Mineiro</p><p>Processo: 23085.001621/2017-70</p><p class="assina">FELIPE SARTORI SIGOLLO</p>]]></Texto>
  </body>
</article></xml>