﻿<xml><article id="2015064" name="PORTARIA 020 DOU DCT" idOficio="4706830" pubName="DO2" artType="Portaria" pubDate="13/03/2018" artClass="00010:00008:00036:00000:00000:00000:00000:00000:00000:00000:00025:00001" artCategory="Ministério da Defesa/Comando do Exército/Departamento de Ciência e Tecnologia" artSize="8" artNotes="" numberPage="16" pdfPage="http://pesquisa.in.gov.br/imprensa/jsp/visualiza/index.jsp?data=13/03/2018&amp;jornal=529&amp;pagina=16" editionNumber="49" highlight="" idMateria="10593618">
  <body>
    <Identifica><![CDATA[ PORTARIA Nº 20-DCT, DE 12 DE MARÇO DE 2018]]></Identifica>
    <Data><![CDATA[]]></Data>
    <Ementa />
    <Titulo />
    <SubTitulo />
    <Texto><![CDATA[<p class="identifica">PORTARIA Nº 20-DCT, DE 12 DE MARÇO DE 2018</p><p>O CHEFE DO DEPARTAMENTO DE CIÊNCIA E TECNOLOGIA, no uso das atribuições que lhe foi conferida pela Portaria nº 218-Cmt Ex, de 20 de março de 2017, e dentro da cota estabelecida, conforme prevista na Portaria nº 224-DGP, de 2 de dezembro de 2015, do Departamento-Geral do Pessoal, resolve:</p><p>EXONERAR a pedido, o Coronel da Reserva Remunerada (011514103-8) OTÁVIO LUIS RAMOS MONTEIRO, PREC CP 96 1664515, do Centro de Defesa Cibernética (CDCIBER), Brasília-DF, como Prestador de Tarefa por Tempo Certo, a partir de 1º de abril de 2018, de acordo com inciso I, do Art 22, da Portaria nº 091-DGP, de 10 MAIO 17, de Prestador de Tarefa por Tempo Certo.</p><p>NOMEAR O Coronel da Reserva Remunerada (062321234-7) NILO SÉRGIO DE LIMA BARROS E SILVA, PREC CP 02 2389021, no Departamento de Ciência e Tecnologia (DCT), Belo Horizonte-MG, como Prestador de Tarefa por Tempo Certo, para exercer a tarefa de Assessorar na coordenação do Escritório de Ligação de Minas Gerais, do Sistema Defesa, Indústria e Academia de Inovação (SisDIA), pelo prazo de 24 (vinte e quatro) meses, a contar de 1º de janeiro de 2018.</p><p>Por ordem do Chefe do Departamento de Ciência e Tecnologia</p><p class="assina">Gen Div WALMIR ALMADA SCHNEIDER FILHO</p><p class="cargo">Vice-Chefe</p>]]></Texto>
  </body>
</article></xml>