﻿<xml><article id="2020054" name="TEXTO PARA PUBLICAÇÃO NO DIÁRIO " idOficio="4707512" pubName="DO2" artType="Portaria" pubDate="13/03/2018" artClass="00012:00007:00015:00000:00000:00000:00000:00000:00000:00000:00025:00001" artCategory="Ministério da Fazenda/Banco do Brasil S/A/Cobra Tecnologia S/A" artSize="8" artNotes="" numberPage="43" pdfPage="http://pesquisa.in.gov.br/imprensa/jsp/visualiza/index.jsp?data=13/03/2018&amp;jornal=529&amp;pagina=43" editionNumber="49" highlight="" idMateria="10594728">
  <body>
    <Identifica><![CDATA[ PORTARIA nº 12, DE 5 DE MARÇO DE 2018]]></Identifica>
    <Data><![CDATA[]]></Data>
    <Ementa />
    <Titulo />
    <SubTitulo />
    <Texto><![CDATA[<p class="identifica">PORTARIA nº 12, DE 5 DE MARÇO DE 2018</p><p>O Presidente da COBRA TECNOLOGIA S/A, no uso de suas atribuições, considerando os termos do Decreto nº 9.144, de 22 de agosto de 2017, resolve:</p><p>Art. 1º Autorizar a cessão do empregado IVANILDO SARMENTO BASÍLIO, pertencente ao Quadro de Pessoal da Cobra Tecnologia S/A, para exercer suas atividades na Coordenação de Logística Estratégica da Secretaria-Geral de Administração da Advocacia-Geral da União.</p><p>Art. 2º O ônus pela remuneração é do órgão requisitante.</p><p>Art. 3º Esta Portaria entra em vigor na data da sua publicação.</p><p class="assina">Rodrigo Santos Nogueira</p>]]></Texto>
  </body>
</article></xml>