﻿<xml><article id="2014923" name="Portaria Dirap 3PC2 1.464 e outr" idOficio="4706775" pubName="DO2" artType="Portaria" pubDate="13/03/2018" artClass="00010:00006:00005:00046:00000:00000:00000:00000:00000:00000:00025:00001" artCategory="Ministério da Defesa/Comando da Aeronáutica/Comando-Geral do Pessoal/Diretoria de Administração do Pessoal" artSize="8" artNotes="" numberPage="8" pdfPage="http://pesquisa.in.gov.br/imprensa/jsp/visualiza/index.jsp?data=13/03/2018&amp;jornal=529&amp;pagina=8" editionNumber="49" highlight="" idMateria="10593563">
  <body>
    <Identifica><![CDATA[ PORTARIA DIRAP Nº 1.464/3PC2, DE 9 DE MARÇO DE 2018]]></Identifica>
    <Data><![CDATA[]]></Data>
    <Ementa />
    <Titulo />
    <SubTitulo />
    <Texto><![CDATA[<p class="identifica">PORTARIA DIRAP Nº 1.464/3PC2, DE 9 DE MARÇO DE 2018</p><p>O DIRETOR DE ADMINISTRAÇÃO DO PESSOAL, no uso da competência que lhe foi subdelegada pela Portaria nº 377/GC3, de 7 de julho de 2011, art. 1º, inciso VI, publicada no DOU nº 130, Seção 1, de 8 de julho de 2011, e considerando o Processo nº 67720.000086/2018-53, resolve:</p><p>Conceder aposentadoria a FRANCISCO CARLOS JOSÉ SOARES (Nr Ord 4577043), SIAPE nº 0209337, no cargo de Assistente em Ciência e Tecnologia, código 407002, classe "Assistente 3", padrão III, NI, de acordo com o art. 3º da Emenda Constitucional nº 47, de 5 de julho de 2005, com Gratificação de Qualificação de Nível III (GQ-III). Código de vaga nº 88883.</p><p class="assina">Maj Brig Ar MAURO MARTINS MACHADO</p><p class="identifica">PORTARIA DIRAP Nº 1.480/3PC2, DE 9 DE MARÇO DE 2018</p><p>O DIRETOR DE ADMINISTRAÇÃO DO PESSOAL, no uso da competência que lhe foi subdelegada pela Portaria nº 377/GC3, de 7 de julho de 2011, art. 1º, inciso VI, publicada no DOU nº 130, Seção 1, de 8 de julho de 2011, e considerando o Processo nº 67612.000566/2018-41, resolve:</p><p>Conceder aposentadoria a MARINEIDE SILVA PEREIRA (Nr Ord 4544870), SIAPE nº 0197865, no cargo de Agente de Portaria, código 481026, classe "S", padrão III, NI, de acordo com o art. 3º da Emenda Constitucional nº 47, de 5 de julho de 2005. Código de vaga nº 85398.</p><p class="assina">Maj Brig Ar MAURO MARTINS MACHADO</p><p class="identifica">PORTARIA DIRAP Nº 1.481/3PC2, DE 9 DE MARÇO DE 2018</p><p>O DIRETOR DE ADMINISTRAÇÃO DO PESSOAL, no uso da competência que lhe foi subdelegada pela Portaria nº 377/GC3, de 7 de julho de 2011, art. 1º, inciso VI, publicada no DOU nº 130, Seção 1, de 8 de julho de 2011, e considerando o Processo nº 67720.000090/2018-11, resolve:</p><p>Conceder aposentadoria a RONALD BAPTISTA DE SOUZA (Nr Ord 4500032), SIAPE nº 0209459, no cargo de Assistente em Ciência e Tecnologia, código 407002, classe "Assistente 3", padrão III, NI, de acordo com o art. 3º da Emenda Constitucional nº 47, de 5 de julho de 2005, com Gratificação de Qualificação de Nível III (GQ-III). Código de vaga nº 88993.</p><p class="assina">Maj Brig Ar MAURO MARTINS MACHADO</p><p class="identifica">PORTARIA DIRAP Nº 1.482/3PC2, DE 9 DE MARÇO DE 2018.</p><p>O DIRETOR DE ADMINISTRAÇÃO DO PESSOAL, no uso da competência que lhe foi subdelegada pela Portaria nº 377/GC3, de 7 de julho de 2011, art. 1º, inciso VI, publicada no DOU nº 130, Seção 1, de 8 de julho de 2011, e considerando o Processo nº 67612.034167/2017-01, resolve:</p><p>Conceder aposentadoria a GILBERTO ALVES DE ARAUJO (Nr Ord 4541685), SIAPE nº 0197723, no cargo de Motorista Oficial, código 481262, classe "S", padrão III, NI, de acordo com o art. 3º da Emenda Constitucional nº 47, de 5 de julho de 2005. Código de vaga nº 85290.</p><p class="assina">Maj Brig Ar MAURO MARTINS MACHADO</p><p class="identifica">PORTARIA DIRAP Nº 1.483/3PC2, DE 10 DE MARÇO DE 2018</p><p>O DIRETOR DE ADMINISTRAÇÃO DO PESSOAL, no uso da competência que lhe foi subdelegada pela Portaria nº 377/GC3, de 7 de julho de 2011, art. 1º, inciso VI, publicada no DOU nº 130, Seção 1, de 8 de julho de 2011, e considerando o Processo nº 67760.009693/2017-21, resolve:</p><p>Conceder aposentadoria a MILTON FERREIRA BARUEL (Nr Ord 4743466), SIAPE nº 0191027, no cargo de Tecnologista, código 406002, classe "Sênior", padrão III, NS, de acordo com o art. 3º da Emenda Constitucional nº 47, de 5 de julho de 2005, com Retribuição por Titulação - RT (Especialização). Código de vaga nº 82809.</p><p class="assina">Maj Brig Ar MAURO MARTINS MACHADO</p>]]></Texto>
  </body>
</article></xml>