﻿<xml><article id="2014389" name="Port. VARIOS TORNA SEM EFEITO NO" idOficio="4706672" pubName="DO2" artType="Portaria" pubDate="13/03/2018" artClass="00011:00119:00001:00000:00000:00000:00000:00000:00000:00000:00025:00001" artCategory="Ministério da Educação/Universidade Federal de Minas Gerais/Reitoria" artSize="8" artNotes="" numberPage="35" pdfPage="http://pesquisa.in.gov.br/imprensa/jsp/visualiza/index.jsp?data=13/03/2018&amp;jornal=529&amp;pagina=35" editionNumber="49" highlight="" idMateria="10593456">
  <body>
    <Identifica><![CDATA[ PORTARIAS DE 8 DE MARÇO DE 2018]]></Identifica>
    <Data><![CDATA[]]></Data>
    <Ementa />
    <Titulo />
    <SubTitulo />
    <Texto><![CDATA[<p class="identifica">PORTARIAS DE 8 DE MARÇO DE 2018</p><p>O Reitor da Universidade Federal de Minas Gerais no uso de suas atribuições legais e estatutárias resolve:</p><p>Nº 1.822 - Tornar sem efeito a nomeação da candidata CAMILA SOUZA LIMA RODRIGUES, no cargo de RELAÇÕES PÚBLICAS, Nível de Classificação E, Nível de Capacitação I, Padrão 01, que se deu através da Portaria nº 724, de 06/02/2018, publicada no DOU de 07/02/2018, seção 2, página 28, em virtude de não ter tomado posse no prazo previsto em Lei.</p><p>Nº 1.823 - Tornar sem efeito a nomeação do candidato ANIZIO ALMEIDA CADETE FILHO, no cargo de MÉDICO / MEDICINA DO TRABALHO, Nível de Classificação E, Nível de Capacitação I, Padrão 01, que se deu através da Portaria nº 722, de 06/02/2018, publicada no DOU de 07/02/2018, seção 2, página 28, em virtude de não ter tomado posse no prazo previsto em Lei.</p><p>Nº 1.824 - Tornar sem efeito a nomeação da candidata ROSANGELA COELHO DE MOURA, no cargo de AUXILIAR DE ENFERMAGEM, Nível de Classificação C, Nível de Capacitação I, Padrão 01, que se deu através da Portaria nº 731, de 06/02/2018, publicada no DOU de 07/02/2018, seção 2, página 28, em virtude de não ter tomado posse no prazo previsto em Lei.</p><p>Nº 1.825 - Tornar sem efeito a nomeação do candidato MAURICIO ALMEIDA DA SILVA, no cargo de ARQUIVISTA, Nível de Classificação E, Nível de Capacitação I, Padrão 01, que se deu através da Portaria nº 721 de 06/02/2018, publicada no DOU de 07/02/2018, seção 2, página 28, em virtude de desistência formal.</p><p>Nº 1.826 - Tornar sem efeito a nomeação do candidato EDSON OLIVEIRA DOS SANTOS, no cargo de TECNICO EM TECNOLOGIA DA INFORMAÇÃO, Nível de Classificação D, Nível de Capacitação I, Padrão 01, que se deu através da Portaria nº 728 de 06/02/2018, publicada no DOU de 07/02/2018, seção 2, página 28, em virtude de desistência formal.</p><p class="assina">JAIME ARTURO RAMÍREZ</p>]]></Texto>
  </body>
</article></xml>