﻿<xml><article id="2020768" name="PORTARIA_GISELE SOARES MARQUES" idOficio="4707614" pubName="DO2" artType="Portaria" pubDate="13/03/2018" artClass="00017:00026:00014:00010:00002:00001:00000:00000:00000:00000:00025:00001" artCategory="Ministério da Saúde/Secretaria de Atenção à Saúde/Departamento de Gestão Hospitalar no Estado do Rio de Janeiro/Hospital Federal de Ipanema/Coordenação de Administração/Divisão de Gestão de Pessoas" artSize="8" artNotes="" numberPage="49" pdfPage="http://pesquisa.in.gov.br/imprensa/jsp/visualiza/index.jsp?data=13/03/2018&amp;jornal=529&amp;pagina=49" editionNumber="49" highlight="" idMateria="10594892">
  <body>
    <Identifica><![CDATA[ PORTARIA Nº 40, DE 7 DE MARÇO DE 2018]]></Identifica>
    <Data><![CDATA[]]></Data>
    <Ementa />
    <Titulo />
    <SubTitulo />
    <Texto><![CDATA[<p class="identifica">PORTARIA Nº 40, DE 7 DE MARÇO DE 2018</p><p>O DIRETOR SUBSTITUTO DO HOSPITAL FEDERAL DE IPANEMA, no uso das atribuições conferidas pelo artigo 1º, inciso VIII alínea "p", da PT/CGRH/SAA/SE/MS nº 1041, de 30.10.2009, publicada no Diário Oficial da União (DOU), nº 209, de 03.11.2009, resolve:</p><p>Conceder Aposentadoria por Invalidez permanente decorrente de doença não especificada no § 1º do art. 186 da Lei 8112/90, com proventos proporcionais ao tempo de contribuição, a servidora GISELE SOARES MARQUES, matrícula SIAPE nº 1736004 (Identificação Única 017360048), Nível Intermediário, Classe B, Padrão III, do Quadro de Pessoal deste Ministério, lotada no Hospital Federal de Ipanema, com base no artigo 40, § 1º, inciso I da Constituição Federal/1988, com redação dada pela emenda constitucional nº 41/2003. Os proventos serão calculados com base no art. 1º da Lei nº 10887/2004. (Processo nº 25001.007926/2013-70)</p><p class="assina">BENITO ACCETTA</p>]]></Texto>
  </body>
</article></xml>