﻿<xml><article id="2012001" name="PORTARIA PRESIDÊNCIA Nº 89" idOficio="4706424" pubName="DO2" artType="Portaria" pubDate="13/03/2018" artClass="00038:00038:00000:00000:00000:00000:00000:00000:00000:00000:00025:00001" artCategory="Poder Judiciário/Tribunal Regional Eleitoral do Tocantins" artSize="8" artNotes="" numberPage="88" pdfPage="http://pesquisa.in.gov.br/imprensa/jsp/visualiza/index.jsp?data=13/03/2018&amp;jornal=529&amp;pagina=88" editionNumber="49" highlight="" idMateria="10592933">
  <body>
    <Identifica><![CDATA[ PORTARIA  Nº 89, de 28 de fevereiro de 2018]]></Identifica>
    <Data><![CDATA[]]></Data>
    <Ementa />
    <Titulo />
    <SubTitulo />
    <Texto><![CDATA[<p class="identifica">PORTARIA Nº 89, de 28 de fevereiro de 2018</p><p>O PRESIDENTE DO TRIBUNAL REGIONAL ELEITORAL DO TOCANTINS, no uso das atribuições legais e regimentais, ex vi do inciso XXIX, do artigo 20, do Regimento Interno deste Tribunal, resolve:</p><p>Art. 1º Designar a servidora DIENE CALDEIRA DE MOURA CABRAL, para exercer a função comissionada de Assistente II, Nível FC-2, da Seção de Pagamentos da Coordenadoria de Pessoal/SGP, ficando dispensada da que atualmente exerce.</p><p>Art. 2º Esta Portaria entra em vigor na data de sua publicação.</p><p class="assina">Des. MARCO VILLAS BOAS</p>]]></Texto>
  </body>
</article></xml>