﻿<xml><article id="2018593" name="Port nº 12-RBSGHI-Tornar sem efe" idOficio="4707281" pubName="DO2" artType="Portaria" pubDate="13/03/2018" artClass="00010:00008:00010:00011:00000:00000:00000:00000:00000:00000:00025:00001" artCategory="Ministério da Defesa/Comando do Exército/Comando Militar do Oeste/9ª Região Militar" artSize="8" artNotes="" numberPage="15" pdfPage="http://pesquisa.in.gov.br/imprensa/jsp/visualiza/index.jsp?data=13/03/2018&amp;jornal=529&amp;pagina=15" editionNumber="49" highlight="" idMateria="10594427">
  <body>
    <Identifica />
    <Data><![CDATA[]]></Data>
    <Ementa />
    <Titulo />
    <SubTitulo />
    <Texto><![CDATA[<p>PORTARIA Nº 12-INAT.1/SSIP/9ª RM, DE 6 DE MARÇO DE 2018</p><p>O COMANDANTE DA 9ª REGIÃO MILITAR, no uso das competências que lhe foram conferidas, pelo inciso VIII, do art. 7º da Portaria nº 1.023-Cmt Ex, de 10 de outubro de 2013 e pela Portaria nº 192-DGP, de 1º de outubro de 2015, e tendo em vista a Decisão proferida pelo Tribunal Regional Federal da 3ª Região, em 06 de julho de 2017 e no Parecer SS/PRU3 Nº 24/2017, da Advogacia da União, de 21 de dezembro de 2017 (Força Executória) ao processo nº 0006923-21.2007.403.6000, resolve:</p><p>TORNAR SEM EFEITO, a contar de 3 de janeiro de 2018, a Portaria nº 1.142-DCIPAS.22, de 29 de agosto de 2011, publicada no DOU nº 172, de 6 de setembro de 2011, que concedeu provisoriamente, por Tutela Antecipada, o benefício da Remuneração com Base no Soldo do Grau Hierárquico Imediato, ao Subtenente Reformado (Idt nº 090966770-1, CPF Nº 007543232-34 ) ATENILES PEREIRA GONÇALVES, vinculado ao Cmdo 9ª RM.</p><p class="assina">Gen Bda CARLOS HENRIQUE TECHE</p>]]></Texto>
  </body>
</article></xml>