﻿<xml><article id="2013789" name="Errata Portaria Thalita 333 18 r" idOficio="4706632" pubName="DO2" artType="Retificação" pubDate="13/03/2018" artClass="00039:00397:00000:00000:00000:00000:00000:00000:00000:00000:00032:00001" artCategory="Entidades de Fiscalização do Exercício das Profissões Liberais/Conselho Regional de Nutricionistas da 3ª Região" artSize="8" artNotes="" numberPage="91" pdfPage="http://pesquisa.in.gov.br/imprensa/jsp/visualiza/index.jsp?data=13/03/2018&amp;jornal=529&amp;pagina=91" editionNumber="49" highlight="" idMateria="10593329">
  <body>
    <Identifica><![CDATA[RETIFICAÇÃO]]></Identifica>
    <Data><![CDATA[]]></Data>
    <Ementa />
    <Titulo />
    <SubTitulo />
    <Texto><![CDATA[<p class="identifica">RETIFICAÇÃO</p><p>Na Portaria CRN-3 Nº: 333/2018 de 05 de fevereiro de 2018, publicada no DOU nº 41, de 01 de março de 2018, página 133. No Artigo 1º: Reintegrar a funcionária:</p><p>Onde lê-se: "THALITA MOREL PINHEIRO"</p><p>Leia-se: 'THALITA PINHEIRO MOREL"</p>]]></Texto>
  </body>
</article></xml>