﻿<xml><article id="2021103" name="Portaria 01 Edit" idOficio="4707693" pubName="DO2" artType="Portaria" pubDate="13/03/2018" artClass="00012:00052:00042:00014:00000:00000:00000:00000:00000:00000:00025:00001" artCategory="Ministério da Fazenda/Procuradoria-Geral da Fazenda Nacional/Procuradoria Regional da Fazenda Nacional na 1ª Região/Procuradoria da Fazenda Nacional no Estado de Goiás" artSize="8" artNotes="" numberPage="43" pdfPage="http://pesquisa.in.gov.br/imprensa/jsp/visualiza/index.jsp?data=13/03/2018&amp;jornal=529&amp;pagina=43" editionNumber="49" highlight="" idMateria="10594997">
  <body>
    <Identifica><![CDATA[ PORTARIA Nº 1,  15 DE FEVEREIRO DE 2018]]></Identifica>
    <Data><![CDATA[]]></Data>
    <Ementa />
    <Titulo />
    <SubTitulo />
    <Texto><![CDATA[<p class="identifica">PORTARIA Nº 1, 15 DE FEVEREIRO DE 2018</p><p>O PROCURADOR-CHEFE DA FAZENDA NACIONAL NO ESTADO DE GOIÁS, no uso das atribuições que lhe conferem o art. 2º da Portaria PGFN/MF nº 918, de 8 de setembro de 2017, e com fundamento nos arts. 11 a 14 da Lei nº 9.784, de 29 de janeiro de 1999,</p><p>Considerando o quanto consta do Provimento nº 09/2016, de 29 de junho de 2016, da Corregedoria Geral da Justiça do Estado do Tocantins, que regula a prestação de serviços eletrônicos pelos Serviços Notariais e Registrais do Estado do Tocantins;</p><p>Considerando que o intercâmbio de documentos eletrônicos e de informações entre os Serviços Notariais e Registrais do Estado do Tocantins e a Administração Pública está exclusivamente a cargo da Central Única de Serviços Eletrônicos Compartilhados;</p><p>Considerando, por fim, a necessidade de prévio cadastro junto àquela central para ter acesso aos serviços disponibilizados à Administração Pública, nos termos do Provimento nº 09/2016, de 29 de junho de 2016, resolve:</p><p>Art. 1º. Designar a servidora ILMA DA CUNHA PEREIRA, Agente Administrativo, matrícula SIAPE 0750924, para, na condição de "Usuário Master", exercer o controle de acesso ao portal da Central de Serviços Eletrônicos - www.cartoriostocantins.com.br - e, observando os termos de uso daquele sistema, realizar seu próprio cadastro, proceder à ativação, liberação e bloqueio de acesso dos demais usuários, visando o intercâmbio de informações entre este Órgão e os Serviços Notariais e Registrais do Estado do Tocantins.</p><p>Parágrafo Único. É responsabilidade do "Usuário master" realizar o imediato bloqueio do cadastro do usuário que vier a ser desligado deste Órgão ou não mais autorizado intercambiar informações com os Serviços Notariais e Registrais do Estado do Tocantins.</p><p>Art. 2º. Todos os pedidos de pesquisa de atos e de certidões devem se limitar a atender interesse direto e exclusivo da administração pública, anexando-se o despacho/decisão e o número do processo vinculado ao pedido, sob pena de responsabilização disciplinar, cível e criminal.</p><p>Art. 3º. Esta Portaria entra em vigor na data de sua publicação. Publique-se. Cumpra-se.</p><p class="assina">WALLER CHAVES DA COSTA</p>]]></Texto>
  </body>
</article></xml>