﻿<xml><article id="2024207" name="UFVDOU0050-de 09.03.2018-portari" idOficio="4707810" pubName="DO2" artType="Portaria" pubDate="13/03/2018" artClass="00011:00045:00001:00000:00000:00000:00000:00000:00000:00000:00025:00001" artCategory="Ministério da Educação/Fundação Universidade Federal de Viçosa/Reitoria" artSize="8" artNotes="" numberPage="25" pdfPage="http://pesquisa.in.gov.br/imprensa/jsp/visualiza/index.jsp?data=13/03/2018&amp;jornal=529&amp;pagina=25" editionNumber="49" highlight="" idMateria="10595737">
  <body>
    <Identifica><![CDATA[ PORTARIAS DE 12 DE MARÇO DE 2018]]></Identifica>
    <Data><![CDATA[]]></Data>
    <Ementa />
    <Titulo />
    <SubTitulo />
    <Texto><![CDATA[<p class="identifica">PORTARIAS DE 12 DE MARÇO DE 2018</p><p>O Vice-Reitor da Universidade Federal de Viçosa, no uso de suas atribuições, conferidas pela Portaria no0580/2015, de 19/06/2015, publicada no Diário Oficial da União de 22/06/2015, resolve</p><p>Nº 303 - exonerar o servidor MATEUS HENRIQUE DE CASTRO DIAS, matrículas 8897-8/UFV e 2673493-4/Siape, do cargo de direção de Coordenador da Auditoria Interna, CD-4. (Processo 001500/2018)</p><p>Nº 305 - designar o servidor MATEUS HENRIQUE DE CASTRO DIAS, matrículas 8897-8/UFV e 2673493-4/Siape, para ocupar o cargo de direção de Auditor-Chefe, CD-4, a partir de 13 de março de 2018. (Processo 001500/2018)</p><p>Nº 311 - 1. exonerar, a pedido, o servidor RODRIGO LUIS DA SILVA ABRANCHES, matrículas 11270-4/UFV e 2033155-2/Siape, da função gratificada de Chefe de Seção - Expediente, FG-9, do Departamento de Ciências Sociais, do Centro de Ciências Humanas, Letras e Artes; 2. designar a servidora ALINE SILVA SANT'ANNA, matrículas 12254-8/UFV e 2323214-8/Siape, para ocupar a função gratificada de que trata o item anterior, a partir de 13 de março de 2018. (Processo 002194/2018)</p><p>O Vice-Reitor da Universidade Federal de Viçosa, no uso de suas atribuições, conferidas pela Portaria no0580/2015, de 19/06/2015, publicada no Diário Oficial da União de 22/06/2015, considerando o que dispõem o inc. II do art. 37 da Constituição Federal, os arts. 10 e 13 da Lei no8.112, publicada no DOU de 12/12/1990, e a Lei no11.091, publicada no DOU de 13/01/2005; e o disposto no Decreto no7.232, publicado no DOU de 20/07/2010, e na Portaria Interministerial no316, publicada no DOU de 19/10/2017; bem como o que consta do Processo 001551/2018, resolve</p><p>Nº 306 - nomear, em caráter efetivo, ELIAS BATISTA DE SOUZA QUEIROZ, habilitado em concurso público de provas, com homologação publicada no DOU de 07/03/2018, para o cargo de MÉDICO/NEFROLOGIA, Nível de Classificação E, Nível de Capacitação I, Padrão de Vencimento 01, do Quadro Permanente desta Instituição, em regime de 20 horas semanais, código de vaga 339242.</p><p>Nº 307 - nomear, em caráter efetivo, MARIA CLARA DE ASSIS BRITO ALVES, habilitada em concurso público de provas, com homologação publicada no DOU de 07/03/2018, para o cargo de MÉDICO/GINECOLOGIA E OBSTETRÍCIA, Nível de Classificação E, Nível de Capacitação I, Padrão de Vencimento 01, do Quadro Permanente desta Instituição, em regime de 20 horas semanais, código de vaga 239645.</p><p>Nº 308 - nomear, em caráter efetivo, BRUNO SANTOS SOARES, habilitado em concurso público de provas, com homologação publicada no DOU de 07/03/2018, para o cargo de MÉDICO/CLÍNICA MÉDICA, Nível de Classificação E, Nível de Capacitação I, Padrão de Vencimento 01, do Quadro Permanente desta Instituição, em regime de 20 horas semanais, código de vaga 477978.</p><p>Nº 309 - nomear, em caráter efetivo, FILIPE MOREIRA DE ANDRADE, habilitado em concurso público de provas, com homologação publicada no DOU de 07/03/2018, para o cargo de MÉDICO/CIRURGIA GERAL, Nível de Classificação E, Nível de Capacitação I, Padrão de Vencimento 01, do Quadro Permanente desta Instituição, em regime de 20 horas semanais, código de vaga 221047.</p><p>Nº 310 - nomear, em caráter efetivo, RODOLPHO POEYS LIMA, habilitado em concurso público de provas, com homologação publicada no DOU de 07/03/2018, para o cargo de MÉDICO/CARDIOLOGIA, Nível de Classificação E, Nível de Capacitação I, Padrão de Vencimento 01, do Quadro Permanente desta Instituição, em regime de 20 horas semanais, código de vaga 222830.</p><p class="assina">JOÃO CARLOS CARDOSO GALVÃO</p>]]></Texto>
  </body>
</article></xml>