﻿<xml><article id="2017440" name="PORT DGP-DCIPAS - 2018 - Nº 76 -" idOficio="4707201" pubName="DO2" artType="Portaria" pubDate="13/03/2018" artClass="00010:00008:00024:00000:00000:00000:00000:00000:00000:00000:00025:00011" artCategory="Ministério da Defesa/Comando do Exército/Departamento-Geral do Pessoal" artSize="8" artNotes="" numberPage="16" pdfPage="http://pesquisa.in.gov.br/imprensa/jsp/visualiza/index.jsp?data=13/03/2018&amp;jornal=529&amp;pagina=16" editionNumber="49" highlight="" idMateria="10594204">
  <body>
    <Identifica><![CDATA[ PORTARIA Nº 76-DGP/DCIPAS, DE 9 DE MARÇO DE 2018]]></Identifica>
    <Data><![CDATA[]]></Data>
    <Ementa />
    <Titulo />
    <SubTitulo />
    <Texto><![CDATA[<p class="identifica">PORTARIA Nº 76-DGP/DCIPAS, DE 9 DE MARÇO DE 2018</p><p>O CHEFE DO DEPARTAMENTO-GERAL DO PESSOAL, no uso da competência que lhe foi conferida pela Portaria nº 218-Comandante Exército, de 20 de março de 2017, resolve:</p><p>EXONERAR,</p><p>ex officio, o Coronel da Reserva Remunerada (Idt 127595733-8) AUDIE PAULO, Prec-CP: 96 1769280, do Comando da 4ª Região Militar (BELO HORIZONTE-MG), a partir de 1º de abril de 2018, de acordo com a alínea b), do inciso II, do art. 11, da Portaria nº 218-Comandante do Exército, de 20 de março de 2017, de Prestador de Tarefa por Tempo Certo.</p><p>NOMEAR,</p><p>por proposta do Comandante Militar do Leste, o Coronel da Reserva Remunerada (Idt 127595733-8) AUDIE PAULO, Prec-CP: 96 1769280, do Comando da 4ª Região Militar (BELO HORIZONTE-MG), para Prestador de Tarefa por Tempo Certo, para exercer a tarefa de Ultrassonografista no Posto Médico da Guarnição de Belo Horizonte, pelo prazo de 24 (vinte e quatro) meses, a partir de 1º de abril de 2018.</p><p class="assina">Gen Ex MANOEL LUIZ NARVAZ PAFIADACHE</p>]]></Texto>
  </body>
</article></xml>