﻿<xml><article id="2014893" name="Portaria 038_2018 apos RICARDO L" idOficio="4706816" pubName="DO2" artType="Portaria" pubDate="13/03/2018" artClass="00012:00002:00012:00016:00000:00000:00000:00000:00000:00000:00025:00001" artCategory="Ministério da Fazenda/Secretaria Executiva/Subsecretaria de Planejamento, Orçamento e Administração/Superintendência de Administração no Ceará" artSize="8" artNotes="" numberPage="42" pdfPage="http://pesquisa.in.gov.br/imprensa/jsp/visualiza/index.jsp?data=13/03/2018&amp;jornal=529&amp;pagina=42" editionNumber="49" highlight="" idMateria="10593564">
  <body>
    <Identifica><![CDATA[ PORTARIA Nº 38, de 9 de março de 2018]]></Identifica>
    <Data><![CDATA[]]></Data>
    <Ementa />
    <Titulo />
    <SubTitulo />
    <Texto><![CDATA[<p class="identifica">PORTARIA Nº 38, de 9 de março de 2018</p><p>O SUPERINTENDENTE DE ADMINISTRAÇÃO DO MINISTÉRIO DA FAZENDA NO ESTADO DO CEARÁ, no uso de suas atribuições conferidas pelo inciso XI, art. 86, da Portaria nº 144, do Gabinete do Ministro da Fazenda, de 27.4.2016, publicada no DOU de 29.4.2016, resolve:</p><p>CONCEDER aposentadoria voluntária com proventos integrais ao servidor RICARDO LEITE RODRIGUES, ocupante do cargo Auditor Fiscal da Receita Federal do Brasil, matrícula Siape nº 0118154, Classe S, Padrão III, lotado e em exercício na ALF/FOR, com fundamento legal no artigo 3º da EC 47/2005 do Quadro Permanente do Ministério da Fazenda. (Processo nº 10380.000162/2018-10)</p><p class="assina">RAIMUNDO MARCILIO DE AMORIM</p>]]></Texto>
  </body>
</article></xml>