﻿<xml><article id="2015094" name="DAF 1251 - 2018" idOficio="4706866" pubName="DO2" artType="Portaria" pubDate="13/03/2018" artClass="00031:00024:00028:00000:00000:00000:00000:00000:00000:00000:00025:00001" artCategory="Ministério dos Transportes, Portos e Aviação Civil/Departamento Nacional de Infraestrutura de Transportes/Diretoria de Administração e Finanças" artSize="8" artNotes="" numberPage="57" pdfPage="http://pesquisa.in.gov.br/imprensa/jsp/visualiza/index.jsp?data=13/03/2018&amp;jornal=529&amp;pagina=57" editionNumber="49" highlight="" idMateria="10593586">
  <body>
    <Identifica><![CDATA[ PORTARIA Nº 1.251, DE 12 DE MARÇO DE 2018]]></Identifica>
    <Data><![CDATA[]]></Data>
    <Ementa />
    <Titulo />
    <SubTitulo />
    <Texto><![CDATA[<p class="identifica">PORTARIA Nº 1.251, DE 12 DE MARÇO DE 2018</p><p>O DIRETOR DE ADMINISTRAÇÃO E FINANÇAS - DO DEPARTAMENTO NACIONAL DE INFRAESTRUTURA DE TRANSPORTES - DNIT, no uso das suas atribuições regimentais e da competência que lhe foi delegada pela Portaria DG nº 2.253, de 14 de dezembro de 2016, publicada no Diário Oficial da União de 15 de dezembro de 2016, e tendo em vista o constante do processo nº 50605.000402/2018-19, resolve:</p><p>Art. 1º DESIGNAR como Pregoeiros, no âmbito da Superintendência Regional no Estado da Bahia, os servidores: ANDRÉA COELHO CUPERTINO RUAS, mat. DNIT nº 743 e matr. SÍAPE nº 1094101; CARLOS HAMILTON DE MOURA PINHO, matr. DNIT nº 2925 e matr. SÍAPE nº 1547098 e CASSIA ALESSANDRA BONFIM DE ANDRADE XAVIER, matr. DNIT nº 67 e matr. SÍAPE 1168268.</p><p>Art. 2º DESIGNAR para a composição da equipe de apoio ao pregoeiro, os servidores: ANDERSON SÁ BARRETTO, matr. DNIT nº 4526 e matr. SIAPE nº 1414353; NELSON RIBEIRO LESSA JÚNIOR, matr. DNIT nº 4555 e matr SIAPE nº 206123; DIRCÉA PINHEIRO SOUSA, matr. DNIT nº 261 e matr. SIAPE nº 1180309; MARCO ANTÔNIO XAVIER DIAS, matr.DNIT nº 3617 e matr. SIAPE nº 1571472; TIAGO CARDOSO BOTELHO, matr DNIT nº 4923 e matr. SIAPE nº 2063549; DIOGO ANTONIO QUADROS GUEDES, matr. DNIT nº 5359 e matr. SIAPE nº 2091859; FÁBIO BATISTA DE JESUS, matr. DNIT nº 4537 e matr. SIAPE nº 2061137; LUCAS FREIRE DE LIMA E SOUZA matr. DNIT nº 4665 e matr. SIAPE nº 2063352 e SÉRGIO HENRIQUE DE MAGALHÃES SILVA, matr. DNIT nº 4560 e matr. SIAPE nº 2060192.</p><p>Art. 3º Para os fins previstos na Lei nº 10.520, de 17 de julho de 2002, publicada no D.O.U. de 18 de julho de 2002, a autoridade imediatamente superior aos Pregoeiros é o Superintendente Regional do Estado da Bahia.</p><p>Art. 4º A designação de que trata o artigo 1º desta portaria tem validade por 1 (um) ano, em conformidade com o § 3º do artigo 10 do Decreto nº 5.450, de 31 de maio de 2005, publicado no D.O.U. de 1º de junho de 2005.</p><p>Art. 5º Esta Portaria entra em vigor na data de sua publicação.</p><p class="assina">MAURO DE MOURA MAGALHÃES</p>]]></Texto>
  </body>
</article></xml>