﻿<xml><article id="2019318" name="PT_ELET__VACANCIA_OBITO_126_18_J" idOficio="4707428" pubName="DO2" artType="Portaria" pubDate="13/03/2018" artClass="00017:00002:00035:00000:00000:00000:00000:00000:00000:00000:00025:00001" artCategory="Ministério da Saúde/Secretaria Executiva/Núcleo Estadual em São Paulo" artSize="8" artNotes="" numberPage="48" pdfPage="http://pesquisa.in.gov.br/imprensa/jsp/visualiza/index.jsp?data=13/03/2018&amp;jornal=529&amp;pagina=48" editionNumber="49" highlight="" idMateria="10594594">
  <body>
    <Identifica><![CDATA[ PORTARIA Nº 126, DE 8 DE MARÇO DE 2018]]></Identifica>
    <Data><![CDATA[]]></Data>
    <Ementa />
    <Titulo />
    <SubTitulo />
    <Texto><![CDATA[<p class="identifica">PORTARIA Nº 126, DE 8 DE MARÇO DE 2018</p><p>O Chefe da Divisão de Gestão Administrativa, no uso das atribuições delegadas pela PORTARIA CGRH/SAA/MS 1.804, de 01/10/2013, publicada no DOU n.º 192, de 03/10/2013, e tendo em vista o que consta do processo abaixo especificado, resolve:</p><p>Declarar vago, a contar de 16/02/2018, o cargo de MÉDICO, classe "S", padrão III, ocupado pelo servidor JOAO EUDORO DE FREITAS, matrícula SIAPE nº 594345 (código da vaga nº 149039) e SIAPE nº 6594345 (código da vaga nº 193255), do Quadro de Pessoal deste Ministério, de acordo com o inciso IX, do artigo 33, da Lei n.º 8.112/90, em virtude do óbito ocorrido naquela data. (Processo nº 25004.000828/2018-96).</p><p class="assina">RONALDO RAYMUNDO</p>]]></Texto>
  </body>
</article></xml>