﻿<xml><article id="2017446" name="PORT DGP-DCIPAS - 2018 - Nº 78 -" idOficio="4707201" pubName="DO2" artType="Portaria" pubDate="13/03/2018" artClass="00010:00008:00024:00000:00000:00000:00000:00000:00000:00000:00025:00013" artCategory="Ministério da Defesa/Comando do Exército/Departamento-Geral do Pessoal" artSize="8" artNotes="" numberPage="16" pdfPage="http://pesquisa.in.gov.br/imprensa/jsp/visualiza/index.jsp?data=13/03/2018&amp;jornal=529&amp;pagina=16" editionNumber="49" highlight="" idMateria="10594206">
  <body>
    <Identifica><![CDATA[ PORTARIA Nº 78-DGP/DCIPAS, DE 9 DE MARÇO DE 2018]]></Identifica>
    <Data><![CDATA[]]></Data>
    <Ementa />
    <Titulo />
    <SubTitulo />
    <Texto><![CDATA[<p class="identifica">PORTARIA Nº 78-DGP/DCIPAS, DE 9 DE MARÇO DE 2018</p><p>O CHEFE DO DEPARTAMENTO-GERAL DO PESSOAL, no uso da competência que lhe foi conferida pela Portaria nº 218-Comandante Exército, de 20 de março de 2017, resolve</p><p>TORNAR SEM EFEITO,</p><p>por proposta do Diretor de Saúde, a nomeação do Capitão da Reserva Remunerada (Idt 067338703-1) JOSÉ AUGUSTO DOS SANTOS, Prec-CP: 96 1806272, na Diretoria de Saúde (BRASÍLIA-DF), para Prestador de Tarefa por Tempo Certo, constante da Portaria nº 33-DGP/DCIPAS, de 14 de fevereiro de 2018, publicada no Diário Oficial da União nº 33, de 19 de fevereiro de 2018, Seção 2, página 12.</p><p class="assina">Gen Ex MANOEL LUIZ NARVAZ PAFIADACHE</p>]]></Texto>
  </body>
</article></xml>