﻿<xml><article id="2037000" name="NOMEAÇÕES MAR 2" idOficio="4707100" pubName="DO2" artType="Portaria" pubDate="14/03/2018" artClass="00011:00136:00051:00000:00000:00000:00000:00000:00000:00000:00025:00004" artCategory="Ministério da Educação/Universidade Federal de São Paulo/Pró-Reitoria de Gestão com Pessoas" artSize="8" artNotes="" numberPage="33" pdfPage="http://pesquisa.in.gov.br/imprensa/jsp/visualiza/index.jsp?data=14/03/2018&amp;jornal=529&amp;pagina=33" editionNumber="50" highlight="" idMateria="10593956">
  <body>
    <Identifica><![CDATA[ PORTARIAS DE 8 DE MARÇO DE 2018]]></Identifica>
    <Data><![CDATA[]]></Data>
    <Ementa />
    <Titulo />
    <SubTitulo />
    <Texto><![CDATA[<p class="identifica">PORTARIAS DE 8 DE MARÇO DE 2018</p><p>O PRÓ-REITOR DE GESTÃO COM PESSOAS DA UNIVERSIDADE FEDERAL DE SÃO PAULO, no uso da competência que lhe foi delegada pela Portaria n° 3.474/2017, publicada no D.O.U. de 12/09/2017, usando das atribuições legais e estatutárias e nos termos do Artigo 9º, Inciso I, combinado com o Artigo 10, da Lei 8.112, de 11/12/90, em conformidade com a Lei nº 11.091, de 12/01/2005 e, Decreto nº 7.232, de 19 de julho de 2010, resolve:</p><p>Nº 802 - Nomear LUIZ PAULO COSTA AZEVEDO, em caráter efetivo, em virtude da habilitação em Concurso Público para o Pessoal Técnico Administrativo em Educação, homologado pelo Edital nº 250, de 09/05/2016, publicado no D.O.U. de 10/05/2016, para o cargo de CONTADOR, Nível de Classificação E, Nível de Capacitação I, Padrão de Vencimento P31, em regime de 40 (quarenta) horas semanais, código de vaga nº 0707227. Origem da vaga: Aposentadoria de Antonio Mauricio de Souza, D.O.U. de 11/01/2018. A posse deverá ocorrer no prazo de 30 (trinta) dias a partir da publicação deste ato.</p><p>N° 803 - Nomear VINICIUS LUIZ DE ALMEIDA SOUZA, em caráter efetivo, em virtude da habilitação em Concurso Público para o Pessoal Técnico Administrativo em Educação, homologado pelo Edital nº 297, de 09/05/2016, publicado no D.O.U. de 10/05/2016, para o cargo de ASSISTENTE EM ADMINISTRAÇÃO de Classificação D, Nível de Capacitação I, Padrão de Vencimento P11, em regime de 40 (quarenta) horas semanais, código de vaga nº 0707068. Origem da vaga: Aposentadoria de Daici Vieira da Silva, D.O.U. de 01/02/2018. A posse deverá ocorrer no prazo de 30 (trinta) dias a partir da publicação deste ato.</p><p>N° 804 - Nomear BARBARA SOARES, em caráter efetivo, em virtude da habilitação em Concurso Público para o Pessoal Técnico Administrativo em Educação, homologado pelo Edital nº 297, de 09/05/2016, publicado no D.O.U. de 10/05/2016, para o cargo de ASSISTENTE EM ADMINISTRAÇÃO de Classificação D, Nível de Capacitação I, Padrão de Vencimento P11, em regime de 40 (quarenta) horas semanais, código de vaga nº 0673411. Origem da vaga: Aposentadoria de Flavio Brigante, D.O.U. de 01/03/2018. A posse deverá ocorrer no prazo de 30 (trinta) dias a partir da publicação deste ato.</p><p>Nº 805 - Nomear AMANDA PAIVA RAMOS, em caráter efetivo, em virtude da habilitação em Concurso Público para o Pessoal Técnico Administrativo em Educação, homologado pelo Edital nº 325, de 09/05/2016, publicado no D.O.U. de 10/05/2016, para o cargo de TECNICO EM ASSUNTOS EDUCACIONAIS, Nível de Classificação E, Nível de Capacitação I, Padrão de Vencimento P31, em regime de 40 (quarenta) horas semanais, código da vaga nº 0234279. Origem da vaga: Portaria MEC n°183, DOU de 06/03/2018. A posse deverá ocorrer no prazo de 30 (trinta) dias a partir da publicação deste ato.</p><p class="assina">MURCHED OMAR TAHA</p>]]></Texto>
  </body>
</article></xml>