﻿<xml><article id="2016753" name="PUBLICAÇÃO DOU ANA MARIA MARTINS" idOficio="4706961" pubName="DO2" artType="Portaria" pubDate="13/03/2018" artClass="00012:00002:00012:00025:00000:00000:00000:00000:00000:00000:00025:00001" artCategory="Ministério da Fazenda/Secretaria Executiva/Subsecretaria de Planejamento, Orçamento e Administração/Superintendência de Administração no Pará" artSize="8" artNotes="" numberPage="42" pdfPage="http://pesquisa.in.gov.br/imprensa/jsp/visualiza/index.jsp?data=13/03/2018&amp;jornal=529&amp;pagina=42" editionNumber="49" highlight="" idMateria="10593732">
  <body>
    <Identifica><![CDATA[ PORTARIA Nº 55, DE 12 DE MARÇO DE 2018]]></Identifica>
    <Data><![CDATA[]]></Data>
    <Ementa />
    <Titulo />
    <SubTitulo />
    <Texto><![CDATA[<p class="identifica">PORTARIA Nº 55, DE 12 DE MARÇO DE 2018</p><p>O SUPERINTENDENTE DE ADMINISTRAÇÃO DO MINISTÉRIO DA FAZENDA NO ESTADO DO PARÁ SUBSTITUTO, usando da competência delegada pela Portaria nº 1.671, de 16/06/2005, publicada no DOU de 20/06/2005, do Sr. Secretário da Receita Federal, e tendo em vista o que consta no processo nº 10215.000002/2018-74, resolve:</p><p>CONCEDER aposentadoria voluntária à servidora ANA MARIA MARTINS DE OLIVEIRA, ocupante do cargo de Analista Tributário da Receita Federal do Brasil, código 237010, do Quadro de Pessoal do Ministério da Fazenda, matrículas SIAPE 0116555 e SIAPECAD 7000, Classe S, Padrão III, com fundamento no artigo 3º, incisos I, II, III, e parágrafo único da Emenda Constitucional nº 47/2005, publicada no DOU de 06/07/2005.</p><p class="assina">Jorge Luiz Franco Fiock dos Santos</p>]]></Texto>
  </body>
</article></xml>