﻿<xml><article id="2017782" name="2 GABMI PORTARIA 1354" idOficio="4707220" pubName="DO2" artType="Portaria" pubDate="13/03/2018" artClass="00008:00001:00000:00000:00000:00000:00000:00000:00000:00000:00019:00003" artCategory="Ministério da Ciência, Tecnologia, Inovações e Comunicações/Gabinete do Ministro" artSize="8" artNotes="" numberPage="6" pdfPage="http://pesquisa.in.gov.br/imprensa/jsp/visualiza/index.jsp?data=13/03/2018&amp;jornal=529&amp;pagina=6" editionNumber="49" highlight="" idMateria="10594072">
  <body>
    <Identifica><![CDATA[ PORTARIA Nº 1.354, DE 9 DE MARÇO DE 2018]]></Identifica>
    <Data><![CDATA[]]></Data>
    <Ementa />
    <Titulo />
    <SubTitulo />
    <Texto><![CDATA[<p class="identifica">PORTARIA Nº 1.354, DE 9 DE MARÇO DE 2018</p><p>O MINISTRO DE ESTADO DA CIÊNCIA, TECNOLOGIA, INOVAÇÕES E COMUNICAÇÕES, no uso da competência que lhe foi delegada pelo artigo 3º do Decreto nº 8.821, de 26 de julho de 2016, publicado no DOU de 26 de julho de 2016, e tendo em vista o disposto no Decreto nº 8.877, de 18 de outubro de 2016, publicado no DOU de 19 de outubro de 2016, e alterações posteriores, resolve:</p><p>Dispensar, a contar de 22 de janeiro de 2018, o servidor MARCELO JOSE DUDEQUE, CPF 359.606.399-04, da Função Gratificada, Código FG-2, do Gabinete do Ministro, deste Ministério. (Processo SEI nº 01250.058321/2017-71)</p><p class="assina">GILBERTO KASSAB</p>]]></Texto>
  </body>
</article></xml>