﻿<xml><article id="2015635" name="imp093 - Portaria 267" idOficio="4706951" pubName="DO2" artType="Portaria" pubDate="13/03/2018" artClass="00011:00059:00000:00000:00000:00000:00000:00000:00000:00000:00025:00001" artCategory="Ministério da Educação/Instituto Federal de Educação, Ciência e Tecnologia Catarinense" artSize="8" artNotes="" numberPage="26" pdfPage="http://pesquisa.in.gov.br/imprensa/jsp/visualiza/index.jsp?data=13/03/2018&amp;jornal=529&amp;pagina=26" editionNumber="49" highlight="" idMateria="10593691">
  <body>
    <Identifica><![CDATA[ PORTARIA Nº 267, DE 12 DE MARÇO DE 2018]]></Identifica>
    <Data><![CDATA[]]></Data>
    <Ementa />
    <Titulo />
    <SubTitulo />
    <Texto><![CDATA[<p class="identifica">PORTARIA Nº 267, DE 12 DE MARÇO DE 2018</p><p>O REITOR SUBSTITUTO DO INSTITUTO FEDERAL CATARINENSE, no uso da competência que lhe foi subdelegada pela Portaria nº 621/2018 de 09/03/2018, publicado no Diário Oficial da União, seção 2, pág. 18, em 12/03/2018, considerando o que consta no memorando nº 42/2018 - REIT/ADM (11.01.18): resolve: Art. 1º - AUTORIZAR a prorrogação da Colaboração Técnica da servidora INES SOARES NUNES POGGIO, ocupante do cargo de Professora do Ensino Básico, Técnico e Tecnológico, Matrícula nº 1569119, junto ao Instituto Federal de Santa Catarina (IFSC), nos termos do Art. 93, inciso II, da Lei nº 8.112/90, combinado com o art. 30, da Lei nº 12.772/2012 e art. 28 da Resolução nº 66/CONSUPER/2013, pelo período de 12 meses a contar de 22/02/2018. Art. 2º - Esta Portaria entra em vigor na data de sua publicação.</p><p class="assina">CLADECIR ALBERTO SCHENKEL</p><p class="cargo">Em exercício</p>]]></Texto>
  </body>
</article></xml>