﻿<xml><article id="2013533" name="wagner - portaria 61-2018-EDUARD" idOficio="4706546" pubName="DO2" artType="Portaria" pubDate="13/03/2018" artClass="00010:00008:00008:00008:00000:00000:00000:00000:00000:00000:00025:00001" artCategory="Ministério da Defesa/Comando do Exército/Comando Militar do Nordeste/7ª Região Militar" artSize="8" artNotes="" numberPage="14" pdfPage="http://pesquisa.in.gov.br/imprensa/jsp/visualiza/index.jsp?data=13/03/2018&amp;jornal=529&amp;pagina=14" editionNumber="49" highlight="" idMateria="10593244">
  <body>
    <Identifica><![CDATA[ PORTARIA Nº 61 - SSIP7/ SS1.2, DE 7 DE MARÇO DE 2018.]]></Identifica>
    <Data><![CDATA[]]></Data>
    <Ementa />
    <Titulo />
    <SubTitulo />
    <Texto><![CDATA[<p class="identifica">PORTARIA Nº 61 - SSIP7/ SS1.2, DE 7 DE MARÇO DE 2018.</p><p>O COMANDANTE DA 7ª REGIÃO MILITAR, no uso da competência que lhe foi delegada pelo Art. 7º da Portaria nº 1.023, de 10 de outubro de 2013, do Comandante do Exército, resolve</p><p>CONCEDER</p><p>ao Coronel Reformado (CPF 002.735.624-87) EDUARDO FACUNDO DE ALMEIDA, a contar de 22 de novembro de 2017, os benefícios previstos no inciso V do art. 108 e § 1º do art. 110, da Lei nº 6.880, de 09 de dezembro de 1980, inciso XV do Art. 3º da Medida Provisória n° 2.215-10, de 31 de agosto de 2001, combinado com o art. 55 da Lei n° 12.702, de 7 de agosto de 2012, em face de ter sido julgado "Incapaz definitivamente para o serviço do Exército. É inválido. Necessita de assistência direta e permanente ao paciente ", conforme constatado na Ata de Inspeção de Saúde nº 5761/2017, sessão nº 47/2017, de 22 de novembro de 2017, do MPGu I/Recife (HMAR) e Parecer Técnico da SSR/7 nº 118/2018, de 21 de fevereiro de 2018, homologado pelo Inspetor de Saúde do CMNE, em 26 de fevereiro de 2018.</p><p>Gen Div JOSÉ LUIZ JABORANDY RODRIGUES</p><p></p>]]></Texto>
  </body>
</article></xml>