﻿<xml><article id="2011473" name="P_512_513_DISPENSAR RENATO DA RO" idOficio="4706457" pubName="DO2" artType="Portaria" pubDate="13/03/2018" artClass="00011:00058:00001:00001:00000:00000:00000:00000:00000:00000:00025:00001" artCategory="Ministério da Educação/Instituto Federal de Educação, Ciência e Tecnologia de Brasília/Reitoria/Chefia de Gabinete da Reitoria" artSize="8" artNotes="" numberPage="26" pdfPage="http://pesquisa.in.gov.br/imprensa/jsp/visualiza/index.jsp?data=13/03/2018&amp;jornal=529&amp;pagina=26" editionNumber="49" highlight="" idMateria="10592978">
  <body>
    <Identifica><![CDATA[ PORTARIAS DE 9 DE MARÇO DE 2018]]></Identifica>
    <Data><![CDATA[]]></Data>
    <Ementa />
    <Titulo />
    <SubTitulo />
    <Texto><![CDATA[<p class="identifica">PORTARIAS DE 9 DE MARÇO DE 2018</p><p>O REITOR DO INSTITUTO FEDERAL DE BRASÍLIA, nomeado pelo Decreto de 05 de maio de 2015, publicado no Diário Oficial da União em 06 de maio de 2015, no uso de suas atribuições legais e regimentais, resolve:</p><p>Nº 512 DISPENSAR, a pedido, o servidor RENATO DA ROCHA RODRIGUES, matrícula SIAPE Nº 2128539, ocupante do cargo efetivo de Auxiliar de Biblioteca, lotado no Campus Samambaia, do Instituto Federal de Brasília, da função de Coordenador de Biblioteca, do Campus Samambaia, do Instituto Federal de Brasília, código FG-02, a contar de 13/02/2018.</p><p>Nº 513 DESIGNAR a servidora LENITA PEREIRA DE SOUZA, matrícula SIAPE Nº 1807684, ocupante do cargo efetivo de Auxiliar de Biblioteca, lotada no Campus Samambaia, do Instituto Federal de Brasília, para exercer a função de Coordenador de Biblioteca, do Campus Samambaia, do Instituto Federal de Brasília, código FG-02.</p><p>Art. 1º Estas Portarias entram em vigor na data de sua assinatura.</p><p class="assina">WILSON CONCIANI</p>]]></Texto>
  </body>
</article></xml>