﻿<xml><article id="2024936" name="PORTARIA 532.2018 RTR" idOficio="4707838" pubName="DO2" artType="Portaria" pubDate="13/03/2018" artClass="00011:00067:00001:00000:00000:00000:00000:00000:00000:00000:00025:00001" artCategory="Ministério da Educação/Instituto Federal de Educação, Ciência e Tecnologia de Mato Grosso/Reitoria" artSize="8" artNotes="" numberPage="29" pdfPage="http://pesquisa.in.gov.br/imprensa/jsp/visualiza/index.jsp?data=13/03/2018&amp;jornal=529&amp;pagina=29" editionNumber="49" highlight="" idMateria="10595773">
  <body>
    <Identifica><![CDATA[ PORTARIA Nº 532, DE 12 DE MARÇO DE 2018]]></Identifica>
    <Data><![CDATA[]]></Data>
    <Ementa />
    <Titulo />
    <SubTitulo />
    <Texto><![CDATA[<p class="identifica">PORTARIA Nº 532, DE 12 DE MARÇO DE 2018</p><p>A REITORA SUBSTITUTA DO INSTITUTO FEDERAL DE EDUCAÇÃO, CIÊNCIA E TECNOLOGIA DE MATO GROSSO, no uso de suas atribuições legais, designada pela Portaria IFMT nº 877, de 20.04.2017, publicada no D.O.U de 25.04.2017 e considerando o Processo nº 23188.000927/2018-31, resolve:</p><p>I - Conceder Aposentadoria voluntária a servidora Luisa do Amparo Carvalho Patatas, Matrícula SIAPE nº. 2113856, ocupante do cargo de Professor do Ensino Básico, Técnico e Tecnológico, Classe "D-V", Nível 01 (Titular), pertencente ao Quadro de Pessoal Permanente deste IFMT, nos termos do artigo 6° da EMC n° 41/2003 c/c o §5º do art. 40 da Constituição Federal/88, assim constituídos: a) Vencimentos integrais do cargo efetivo de Professor do Ensino Básico, Técnico e Tecnológico; b) Anuênio - art. 244 da Lei nº. 8.112/90 no percentual de 3% (três por cento); e c) Retribuição por Titulação.</p><p>II - Declarar vago o cargo.</p><p class="assina">GLAUCIA MARA DE BARROS</p>]]></Texto>
  </body>
</article></xml>