﻿<xml><article id="2020553" name="Port. APO - 1843" idOficio="4707617" pubName="DO2" artType="Portaria" pubDate="13/03/2018" artClass="00011:00119:00001:00000:00000:00000:00000:00000:00000:00000:00025:00005" artCategory="Ministério da Educação/Universidade Federal de Minas Gerais/Reitoria/Gabinete" artSize="8" artNotes="" numberPage="36" pdfPage="http://pesquisa.in.gov.br/imprensa/jsp/visualiza/index.jsp?data=13/03/2018&amp;jornal=529&amp;pagina=36" editionNumber="49" highlight="" idMateria="10594899">
  <body>
    <Identifica><![CDATA[ PORTARIA Nº 1.843, DE 9 DE MARÇO DE 2018]]></Identifica>
    <Data><![CDATA[]]></Data>
    <Ementa />
    <Titulo />
    <SubTitulo />
    <Texto><![CDATA[<p class="identifica">PORTARIA Nº 1.843, DE 9 DE MARÇO DE 2018</p><p>O Reitor da Universidade Federal de Minas Gerais, no uso de suas atribuições, resolve:</p><p>Nos termos do art. 6º da EC nº 41/2003, aposentar ANTÔNIO SÍLVIO DE OLIVEIRA, inscrição UFMG nº 043125, matrícula SIAPE nº 1040084, ocupante do cargo de Motorista, Nível de Classificação C, Nível de Capacitação IV, Padrão de Vencimento 14, lotado na Escola de Música, com proventos integrais, por ter provado contar 42 (quarenta e dois) anos de contribuição.</p><p class="assina">JAIME ARTURO RAMÍREZ</p>]]></Texto>
  </body>
</article></xml>