﻿<xml><article id="2017359" name="Port 097 desig jandherson" idOficio="4707197" pubName="DO2" artType="Portaria" pubDate="13/03/2018" artClass="00011:00066:00011:00015:00000:00000:00000:00000:00000:00000:00025:00001" artCategory="Ministério da Educação/Instituto Federal de Educação, Ciência e Tecnologia do Maranhão/Campus Codó/Departamento de Recursos Humanos" artSize="8" artNotes="" numberPage="29" pdfPage="http://pesquisa.in.gov.br/imprensa/jsp/visualiza/index.jsp?data=13/03/2018&amp;jornal=529&amp;pagina=29" editionNumber="49" highlight="" idMateria="10594146">
  <body>
    <Identifica><![CDATA[ PORTARIA Nº 97, DE 9 DE MARÇO DE 2018]]></Identifica>
    <Data><![CDATA[]]></Data>
    <Ementa />
    <Titulo />
    <SubTitulo />
    <Texto><![CDATA[<p class="identifica">PORTARIA Nº 97, DE 9 DE MARÇO DE 2018</p><p>O DIRETOR GERAL DO INSTITUTO FEDERAL DE EDUCAÇÃO, CIÊNCIA E TECNOLOGIA DO MARANHÃO - CAMPUS CODÓ, nomeado nos termos da Portaria REITORIA n° 5.486 de 15 de setembro de 2016, publicada no D.O.U. de 16 de setembro de 2016, no uso de suas atribuições legais e estatutárias, resolve:</p><p>I - Designar o servidor JANDHERSON MOURA SILVA, Diretor de Desenvolvimento Educacional, matrícula SIAPE n° 1892891, para responder cumulativamente pela Direção Geral, código CD - 02, na data de 12/03/2018, por motivo de afastamento do titular.</p><p class="assina">Wady Lima Castro Júnior</p>]]></Texto>
  </body>
</article></xml>