﻿<xml><article id="2025713" name="Port-529-2018-DPMM" idOficio="4707878" pubName="DO2" artType="Portaria" pubDate="13/03/2018" artClass="00010:00007:00014:00006:00000:00000:00000:00000:00000:00000:00025:00012" artCategory="Ministério da Defesa/Comando da Marinha/Diretoria-Geral do Pessoal/Diretoria do Pessoal Militar" artSize="8" artNotes="" numberPage="11" pdfPage="http://pesquisa.in.gov.br/imprensa/jsp/visualiza/index.jsp?data=13/03/2018&amp;jornal=529&amp;pagina=11" editionNumber="49" highlight="" idMateria="10595864">
  <body>
    <Identifica><![CDATA[ PORTARIA Nº 529/DPMM, DE 12 DE MARÇO DE 2018]]></Identifica>
    <Data><![CDATA[]]></Data>
    <Ementa />
    <Titulo />
    <SubTitulo />
    <Texto><![CDATA[<p class="identifica">PORTARIA Nº 529/DPMM, DE 12 DE MARÇO DE 2018</p><p>O DIRETOR DO PESSOAL MILITAR DA MARINHA, no uso da subdelegação de competência que lhe confere o contido na alínea c, inciso V, art. 1º, Anexo B, da Portaria nº 24/DGPM, de 9 de março de 2017, nos termos do disposto no art. 86 da Lei nº 6.880, de 9 de dezembro de 1980, resolve:</p><p>Art. 1º Reverter aos respectivos Corpos e Quadros, os Oficiais a seguir relacionados, por terem retornado ao âmbito da Administração Naval.</p><p>I - a partir de 20 de dezembro de 2017</p><p>Primeiro-Tenente (T)</p><p>SIMONE REZENDE BRANDÃO;</p><p>II - a partir de 15 de fevereiro de 2018</p><p>Capitão de Fragata (T)</p><p>MARIA EMÍLIA DE MOURA ESTEVÃO PADILHA;</p><p>III - a partir de 19 de fevereiro de 2018</p><p>Capitão de Mar e Guerra</p><p>LUIZ CLAUDIO MONTEIRO DA FONSECA;</p><p>IV - a partir de 28 de fevereiro de 2018</p><p>Primeiro-Tenente (Md)</p><p>BRUNO VÍTOR MARTINS SANTIAGO;</p><p>Primeiro-Tenente (Md)</p><p>DIOGO LACERDA PEREIRA DE MEDEIROS;</p><p>V - a partir de 5 de março de 2018</p><p>Capitão de Mar e Guerra</p><p>LUIS FERNANDO BAPTISTELLA;</p><p>Capitão-Tenente</p><p>MAICON HENRIQUE DA SILVA DIAS; e</p><p>VI - a partir de 6 de março de 2018</p><p>Capitão de Corveta</p><p>DHARTHA DANTAS.</p><p>Art. 2º Retroagir para efeitos administrativos, conforme descrito no artigo anterior.</p><p>Art. 3º Esta Portaria entra em vigor na presente data.</p><p class="assina">ANTONIO REGINALDO PONTES LIMA JUNIOR</p>]]></Texto>
  </body>
</article></xml>