﻿<xml><article id="2024771" name="2PORT. Nº 214 - EXONERAÇÃO DE LI" idOficio="4707816" pubName="DO2" artType="Portaria" pubDate="13/03/2018" artClass="00011:00001:00000:00000:00000:00000:00000:00000:00000:00000:00025:00001" artCategory="Ministério da Educação/Gabinete do Ministro" artSize="8" artNotes="" numberPage="17" pdfPage="http://pesquisa.in.gov.br/imprensa/jsp/visualiza/index.jsp?data=13/03/2018&amp;jornal=529&amp;pagina=17" editionNumber="49" highlight="" idMateria="10595743">
  <body>
    <Identifica><![CDATA[ PORTARIA Nº 214, DE 12 DE MARÇO DE 2018]]></Identifica>
    <Data><![CDATA[]]></Data>
    <Ementa />
    <Titulo />
    <SubTitulo />
    <Texto><![CDATA[<p class="identifica">PORTARIA Nº 214, DE 12 DE MARÇO DE 2018</p><p>O MINISTRO DE ESTADO DA EDUCAÇÃO, no uso da atribuição que lhe confere o art. 87, parágrafo único, inciso IV, da Constituição, e em observância ao disposto na Lei nº 8.112, de 11 de dezembro de 1990; no art. 3º do Decreto nº 8.821, de 26 de julho de 2016, bem como no Decreto nº 9.005, de 14 de março de 2017, resolve:</p><p>EXONERAR, a pedido,</p><p>LIVIA MARIA VIANA COELHO PAES BARRETO, Matrícula SIAPE nº 6404427, do cargo de Assessor, código DAS-102.4, da Secretaria Executiva deste Ministério - SE-MEC, a contar de 10 de março de 2018.</p><p class="assina">MENDONÇA FILHO</p>]]></Texto>
  </body>
</article></xml>