﻿<xml><article id="2025595" name="(DOU) PORTARIA xx - SHIRLEY (APO" idOficio="4707927" pubName="DO2" artType="Portaria" pubDate="13/03/2018" artClass="00012:00002:00012:00020:00000:00000:00000:00000:00000:00000:00025:00001" artCategory="Ministério da Fazenda/Secretaria Executiva/Subsecretaria de Planejamento, Orçamento e Administração/Superintendência de Administração em Goiás" artSize="8" artNotes="" numberPage="42" pdfPage="http://pesquisa.in.gov.br/imprensa/jsp/visualiza/index.jsp?data=13/03/2018&amp;jornal=529&amp;pagina=42" editionNumber="49" highlight="" idMateria="10595943">
  <body>
    <Identifica><![CDATA[ Portaria  Nº 34, de 12 de março de 2018]]></Identifica>
    <Data><![CDATA[]]></Data>
    <Ementa />
    <Titulo />
    <SubTitulo />
    <Texto><![CDATA[<p class="identifica">Portaria Nº 34, de 12 de março de 2018</p><p>O SUPERINTENDENTE DE ADMINISTRAÇÃO DO MINISTÉRIO DA FAZENDA EM GOIÁS E TOCANTINS, no uso da competência que lhe foi atribuída pelo Artigo 86, inciso XI, da Portaria 144, do Senhor Ministro de Estado da Fazenda, de 27/04/2016, publicada no Diário Oficial da União de 29/04/2016, e Portaria SRF/MF nº 1671/05, publicada no DOU de 20/06/05 resolve:</p><p>CONCEDER aposentadoria voluntária a servidora SHIRLEY IRIA DOS SANTOS, CPF nº 283.047.212-87, Matrícula SIAPE 1164092, no cargo de Técnico do Seguro Social, Nível "NI", Classe "S", Padrão "IV", lotada e em exercício na Delegacia da Receita Federal do Brasil em Palmas-TO, com fundamento no Art. 3º da EC nº 47, de 05/07/2005, publicada no DOU de 06/07/2005.(Processo nº:11844.000001/2018-86).</p><p class="assina">Carlos Roberto Neri Matos</p><p></p>]]></Texto>
  </body>
</article></xml>