﻿<xml><article id="2023976" name="Portaria 185" idOficio="4707646" pubName="DO2" artType="Portaria" pubDate="13/03/2018" artClass="00011:00031:00001:00000:00000:00000:00000:00000:00000:00000:00025:00002" artCategory="Ministério da Educação/Fundação Universidade Federal de Mato Grosso/Reitoria" artSize="8" artNotes="" numberPage="21" pdfPage="http://pesquisa.in.gov.br/imprensa/jsp/visualiza/index.jsp?data=13/03/2018&amp;jornal=529&amp;pagina=21" editionNumber="49" highlight="" idMateria="10595754">
  <body>
    <Identifica><![CDATA[PORTARIA Nº 185, DE 9 DE MARÇO DE 2018]]></Identifica>
    <Data><![CDATA[]]></Data>
    <Ementa />
    <Titulo />
    <SubTitulo />
    <Texto><![CDATA[<p class="identifica">PORTARIA Nº 185, DE 9 DE MARÇO DE 2018</p><p>O Reitor Em Exercício da Universidade Federal de Mato Grosso, no uso de suas atribuições legais, resolve:</p><p>Conceder aposentadoria por Invalidez, em conformidade com o Artigo 186, Parágrafo 1º, Inciso I da Lei 8.112/90 com redação dada pela Emenda Constitucional nº 70, de 29/03/2012, publicada no Diário Oficial da União em 30/03/2012, ao servidor ASCINDINO DE CAMPOS SARAT, matricula SIAPE nº 1124064, ocupante do cargo de Motorista, do quadro efetivo desta Universidade, lotado na Unidade de Apoio Operacional - HUJM, em regime de trabalho de 40 horas semanais, Classificação C, Capacitação 04, Padrão de Vencimento 14, com proventos integrais acrescido das seguintes vantagens; 04 (quatro por cento) de anuênio Artigo 244 da Lei 8.112/90 e Incentivo à qualificação, conforme processo de aposentadoria nº 23108.915386/2018-91. Declarar vago o respectivo cargo. Esta Portaria conta seus efeitos a partir de 06 de março de 2018. Processo nº 23108.915386/2018-91.</p><p class="assina">EVANDRO APARECIDO SOARES DA SILVA</p>]]></Texto>
  </body>
</article></xml>