﻿<xml><article id="2021142" name="DOU 2-SGMPF-PT-434-UNI-119710_te" idOficio="4707714" pubName="DO2" artType="Portaria" pubDate="13/03/2018" artClass="00034:00007:00003:00000:00000:00000:00000:00000:00000:00000:00025:00005" artCategory="Ministério Público da União/Ministério Público Federal/Secretaria-Geral" artSize="8" artNotes="" numberPage="60" pdfPage="http://pesquisa.in.gov.br/imprensa/jsp/visualiza/index.jsp?data=13/03/2018&amp;jornal=529&amp;pagina=60" editionNumber="49" highlight="" idMateria="10594993">
  <body>
    <Identifica><![CDATA[ PORTARIA Nº 434, DE 9 DE MARÇO DE 2018]]></Identifica>
    <Data><![CDATA[]]></Data>
    <Ementa />
    <Titulo />
    <SubTitulo />
    <Texto><![CDATA[<p class="identifica">PORTARIA Nº 434, DE 9 DE MARÇO DE 2018</p><p>A SECRETÁRIA DE GESTÃO DE PESSOAS DO MINISTÉRIO PÚBLICO FEDERAL, no uso da competência que lhe foi atribuída pelo artigo 1º da Portaria PGR/MPF nº 497, de 3 de junho de 2015, alterada pela Portaria PGR/MPF nº 1365, de 29 de dezembro de 2017, e tendo em vista o disposto nos artigos 9º - inciso II, 35 - inciso I da Lei nº 8.112, de 11 de dezembro de 1990, e no expediente PGR-00106919/2018, resolve:</p><p>1. Exonerar MANOEL MESSIAS DE SOUSA, ocupante do cargo de Analista do MPU/Direito, matrícula nº 6864, do cargo em comissão de Assessor Nível II, CC-2, da Comissão Permanente Disciplinar, da Secretaria Geral do Ministério Público Federal.</p><p>2. Nomear LUIS ROBERTO COSTA, ocupante do cargo de Analista do MPU/Direito, matrícula nº 20508, para exercer o cargo em comissão de Assessor Nível II, CC-2, da Comissão Permanente Disciplinar, da Secretaria Geral do Ministério Público Federal.</p><p class="assina">ELOÁ TODARELLI JUNQUEIRA</p>]]></Texto>
  </body>
</article></xml>