﻿<xml><article id="2019482" name="Portarias 23 e 24(09.03) disp gu" idOficio="4707446" pubName="DO2" artType="Portaria" pubDate="13/03/2018" artClass="00011:00069:00002:00000:00000:00000:00000:00000:00000:00000:00025:00001" artCategory="Ministério da Educação/Instituto Federal de Educação, Ciência e Tecnologia de Minas Gerais/Campus Bambuí" artSize="8" artNotes="" numberPage="30" pdfPage="http://pesquisa.in.gov.br/imprensa/jsp/visualiza/index.jsp?data=13/03/2018&amp;jornal=529&amp;pagina=30" editionNumber="49" highlight="" idMateria="10594628">
  <body>
    <Identifica><![CDATA[ PORTARIAs  DE 9 DE MARÇO DE 2018]]></Identifica>
    <Data><![CDATA[]]></Data>
    <Ementa />
    <Titulo />
    <SubTitulo />
    <Texto><![CDATA[<p class="identifica">PORTARIAs DE 9 DE MARÇO DE 2018</p><p>O DIRETOR-GERAL SUBSTITUTO DO INSTITUTO FEDERAL DE EDUCAÇÃO, CIÊNCIA E TECNOLOGIA DE MINAS GERAIS - CAMPUS BAMBUÍ, nomeado pela Portaria IFMG nº 72 de 28/09/2015 publicada no DOU de 01/10/2015, Seção 2, pág. 19, e no uso das atribuições que lhe são conferidas pela Portaria IFMG nº 475, de 06 de abril de 2016, publicada no DOU de 15 de abril de 2016, Seção 2, pág.17, retificada pela Portaria IFMG nº 805, de 04 de julho de 2016, publicada no DOU de 06 de julho de 2016, Seção 2, pág. 22, e pela Portaria IFMG nº 1078 de 27 de setembro de 2016, publicada no DOU de 04 de outubro de 2016, Seção 2, pág. 20, resolve:</p><p>Nº 23 - Art. 1º. DISPENSAR o servidor GUSTAVO AUGUSTO LACORTE, ocupante do cargo Professor de Ensino Básico, Técnico e Tecnológico, matrícula SIAPE 1663249, da função Coordenador do Mestrado Profissional em Sustentabilidade e Tecnologia Ambiental no IFMG - Campus Bambuí, Função Gratificada - código FUC, a partir de 19/02/18.</p><p>Nº 24 - Art. 1º. DESIGNAR o servidor RICARDO SOUSA CAVALCANTI, ocupante do cargo Professor de Ensino Básico, Técnico e Tecnológico, matrícula SIAPE 1960372, para a função Coordenador do Mestrado Profissional em Sustentabilidade e Tecnologia Ambiental no IFMG - Campus Bambuí, Função Gratificada - código FUC, a partir de 19/02/18.</p><p>Art. 2º.Estas portarias entram em vigor na data de sua publicação, com efeitos retroativos a 19/02/2018.</p><p class="assina">Mário Luiz Viana Alvarenga</p>]]></Texto>
  </body>
</article></xml>