﻿<xml><article id="2021130" name="DOU 2-PGR-PT-183-UNI-119876_CRIP" idOficio="4707714" pubName="DO2" artType="Portaria" pubDate="13/03/2018" artClass="00034:00001:00000:00000:00000:00000:00000:00000:00000:00000:00025:00003" artCategory="Ministério Público da União/Atos do Procurador-Geral da República" artSize="8" artNotes="" numberPage="60" pdfPage="http://pesquisa.in.gov.br/imprensa/jsp/visualiza/index.jsp?data=13/03/2018&amp;jornal=529&amp;pagina=60" editionNumber="49" highlight="" idMateria="10594991">
  <body>
    <Identifica><![CDATA[ PORTARIA Nº 183, DE 7 DE MARÇO DE 2018]]></Identifica>
    <Data><![CDATA[]]></Data>
    <Ementa />
    <Titulo />
    <SubTitulo />
    <Texto><![CDATA[<p class="identifica">PORTARIA Nº 183, DE 7 DE MARÇO DE 2018</p><p>A PROCURADORA-GERAL DA REPÚBLICA, no uso de suas atribuições e tendo em vista o contido no Ofício nº 2837/2018 - GABPR51-ACSA, de 6 de março de 2018, da Procuradoria da República no Estado do Rio de Janeiro, resolve:</p><p>Designar a Procuradora da República GABRIELA RODRIGUES FIGUEIREDO PEREIRA, lotada na Procuradoria da República no Estado do Rio de Janeiro, para atuar, em conjunto com a Procuradora da República ANA CLÁUDIA DE SALES ALENCAR, na Ação Penal nº 2012.51.01.014869-3, em trâmite na 1ª Vara Federal Criminal da Seção Judiciária do Rio de Janeiro, bem como nos feitos dela decorrentes.</p><p class="assina">RAQUEL ELIAS FERREIRA DODGE</p>]]></Texto>
  </body>
</article></xml>