﻿<xml><article id="2015332" name="PORTARIA Nº 875 e 878-EMCFA-MD" idOficio="4706889" pubName="DO2" artType="Portaria" pubDate="13/03/2018" artClass="00010:00027:00000:00000:00000:00000:00000:00000:00000:00000:00025:00004" artCategory="Ministério da Defesa/Estado-Maior Conjunto das Forças Armadas" artSize="8" artNotes="" numberPage="17" pdfPage="http://pesquisa.in.gov.br/imprensa/jsp/visualiza/index.jsp?data=13/03/2018&amp;jornal=529&amp;pagina=17" editionNumber="49" highlight="" idMateria="10593658">
  <body>
    <Identifica><![CDATA[ PORTARIA Nº 875/EMCFA/MD, DE 8 DE MARÇO DE 2018]]></Identifica>
    <Data><![CDATA[]]></Data>
    <Ementa />
    <Titulo />
    <SubTitulo />
    <Texto><![CDATA[<p class="identifica">PORTARIA Nº 875/EMCFA/MD, DE 8 DE MARÇO DE 2018</p><p>O CHEFE DO ESTADO-MAIOR CONJUNTO DAS FORÇAS ARMADAS, no uso da competência subdelegada pelo Ministro da Defesa, de acordo com o inciso I do art. 1º da Portaria nº 162/GM/MD, de 13 de janeiro de 2017, considerando o parágrafo único do art. 1º do Decreto nº 8.798, de 4 de julho de 2016, o art. 1º do Decreto Legislativo nº 296, de 29 de setembro de 2011, a Portaria nº 4.400/EMCFA/MD, de 20 de dezembro de 2017, e o Processo nº 60250.000573/2017-70, resolve:</p><p>ALTERAR a Portaria nº 4.400/EMCFA/MD, de 20 de dezembro de 2017, publicada no Diário Oficial da União nº 246, de 26 de dezembro de 2017, seção 2, pág 15, tornando insubsistente a designação dos militares abaixo relacionados para compor a Força-Tarefa Marítima da Força Interina das Nações Unidas no Líbano, FTM-UNIFIL, a bordo da Fragata "Independência":</p><p>d) de 12 de março a 12 de maio de 2018:</p><p>CC LUIZ CARLOS AGUIRRE DE SOUZA FILHO; e</p><p>CT ALEXANDRE VIEIRA MALCHER.</p><p>e) de 11 de maio a 14 de julho de 2018:</p><p>CC BRUNO OLIVEIRA FEITOSA</p><p class="assina">Almirante de Esquadra ADEMIR SOBRINHO</p><p class="identifica">PORTARIA Nº 878/EMCFA/MD, DE 8 DE MARÇO DE 2018</p><p>O CHEFE DO ESTADO-MAIOR CONJUNTO DAS FORÇAS ARMADAS, no uso da competência subdelegada pelo Ministro da Defesa, de acordo com o inciso I do art. 1º da Portaria nº 162/GM/MD, de 13 de janeiro de 2017, considerando o parágrafo único do art. 1º do Decreto nº 8.798, de 4 de julho de 2016, o art. 1º do Decreto Legislativo nº 296, de 29 de setembro de 2011, a Portaria nº 4.400/EMCFA/MD, de 20 de dezembro de 2017, e o Processo nº 60250.000573/2017-70, resolve</p><p>DESIGNAR os militares abaixo relacionados para compor a Força-Tarefa Marítima da Força Interina das Nações Unidas no Líbano, FTM-UNIFIL, a bordo da Fragata "Independência":</p><p>d) de 12 de março a 12 de maio de 2018:</p><p>CMG JOÃO GILBERTO DE OLIVEIRA; e</p><p>CT WILLIAM FERREIRA DOS SANTOS.</p><p>e) de 11 de maio a 14 de julho de 2018:</p><p>CT ALEXANDRE VIEIRA MALCHER</p><p>Para fim de remuneração, deverá ser observado o Fator de Correção Regional igual a 3, nos termos da Tabela III do Anexo da Lei nº 10.937, de 12 de agosto de 2004.</p><p class="assina">Almirante de Esquadra ADEMIR SOBRINHO</p>]]></Texto>
  </body>
</article></xml>