﻿<xml><article id="2015973" name="LACY BRAGA DE OLIVEIRA Nº 7822" idOficio="4706996" pubName="DO2" artType="Portaria" pubDate="13/03/2018" artClass="00032:00003:00015:00000:00000:00000:00000:00000:00000:00000:00025:00006" artCategory="Departamento de Polícia Federal/Diretoria de Gestão de Pessoal/Coordenação de Recursos Humanos/Divisão de Administração de Recursos Humanos/Serviço de Aposentadorias e Pensões/Ministério da Justiça" artSize="8" artNotes="" numberPage="58" pdfPage="http://pesquisa.in.gov.br/imprensa/jsp/visualiza/index.jsp?data=13/03/2018&amp;jornal=529&amp;pagina=58" editionNumber="49" highlight="" idMateria="10593823">
  <body>
    <Identifica><![CDATA[ PORTARIA Nº 7.822, DE 7 DE MARÇO DE 2018]]></Identifica>
    <Data><![CDATA[]]></Data>
    <Ementa />
    <Titulo />
    <SubTitulo />
    <Texto><![CDATA[<p class="identifica">PORTARIA Nº 7.822, DE 7 DE MARÇO DE 2018</p><p>O DIRETOR DE GESTÃO DE PESSOAL DA POLÍCIA FEDERAL, no uso das atribuições que lhe são conferidas pelos incisos XIV e XIX do art. 42 do Regimento Interno da Polícia Federal, aprovado pela Portaria MJ nº 1.252, de 29/12/2017, publicada no Diário Oficial da União nº 1, de 2/1/2018, Seção I, pp. 65/70, e tendo em vista o que consta do Processo nº 08240.000528/2018-03, resolve:</p><p>Conceder pensão vitalícia a LACY BRAGA DE OLIVEIRA, viúva do ex-servidor aposentado RAIMUNDO SAGRATZKY DE OLIVEIRA, Agente de Vigilância, Classe S, Padrão III, matrícula SIAPE nº 175633, a partir de 4 de janeiro de 2018 (data do óbito), nos termos dos artigos 217, inciso I, e 222, inciso VII, alínea "b", item 6, da Lei nº 8.112/1990, combinados com o artigo 40, § 7º, I, da Constituição Federal, com a redação dada pela Emenda Constitucional nº 41/2003, e com o artigo 2º, I, da Lei nº 10.887/2004.</p><p class="assina">DELANO CERQUEIRA BUNN</p>]]></Texto>
  </body>
</article></xml>