﻿<xml><article id="2021531" name="ATO-75-JOSESOARESDEMENEZES-HB18" idOficio="4707773" pubName="DO2" artType="Ato" pubDate="13/03/2018" artClass="00038:00045:00001:00000:00000:00000:00000:00000:00000:00000:00001:00001" artCategory="Poder Judiciário/Tribunal Regional do Trabalho da 6ª Região/Presidência" artSize="8" artNotes="" numberPage="88" pdfPage="http://pesquisa.in.gov.br/imprensa/jsp/visualiza/index.jsp?data=13/03/2018&amp;jornal=529&amp;pagina=88" editionNumber="49" highlight="" idMateria="10595091">
  <body>
    <Identifica><![CDATA[ ATO Nº 75, de12 de março de 2018]]></Identifica>
    <Data><![CDATA[]]></Data>
    <Ementa />
    <Titulo />
    <SubTitulo />
    <Texto><![CDATA[<p class="identifica">ATO Nº 75, de12 de março de 2018</p><p>O DESEMBARGADOR PRESIDENTE DO TRIBUNAL REGIONAL DO TRABALHO DA SEXTA REGIÃO, no uso de suas atribuições legais e regimentais e tendo em vista o contido no PROAD nº 3834/2018, resolve:</p><p>CONCEDER pensão vitalícia, na quota de 100% (cem por cento), à Senhora EDNA MOREIRA DE MENEZES, cônjuge do ex-Juiz Classista aposentado José Soares de Menezes, com fundamento nos artigos 215 e 217, inciso I, c/c o art. 222, inciso VII, alínea "b" , item 6, da Lei nº 8.112/90, na redação conferida pela Lei nº 13.135/15, a partir de 23/01/2018 (data do óbito do instituidor), em valor a ser fixado e reajustado na forma do art. 40, § 7º, inciso I, e § 8º da Constituição Federal, com a redação dada pela EC nº 41/03, e nos artigos 2º, inciso I, e 15 da Lei nº 10.887/04, alterada pela Lei nº 11.784/08.</p><p class="assina">Des IVAN DE SOUZA VALENÇA ALVES</p>]]></Texto>
  </body>
</article></xml>