﻿<xml><article id="2015121" name="Publicação DOU delegação de comp" idOficio="4706869" pubName="DO2" artType="Portaria" pubDate="13/03/2018" artClass="00008:00015:00000:00000:00000:00000:00000:00000:00000:00000:00025:00001" artCategory="Ministério da Ciência, Tecnologia, Inovações e Comunicações/Centro de Tecnologias Estratégicas do Nordeste" artSize="8" artNotes="" numberPage="7" pdfPage="http://pesquisa.in.gov.br/imprensa/jsp/visualiza/index.jsp?data=13/03/2018&amp;jornal=529&amp;pagina=7" editionNumber="49" highlight="" idMateria="10593589">
  <body>
    <Identifica><![CDATA[ PORTARIA nº 43 de 8 de março de 2018]]></Identifica>
    <Data><![CDATA[]]></Data>
    <Ementa />
    <Titulo />
    <SubTitulo />
    <Texto><![CDATA[<p class="identifica">PORTARIA nº 43 de 8 de março de 2018</p><p>Processo SEI 01202.000017/2018-91</p><p>O DIRETOR DO CENTRO DE TECNOLOGIAS ESTRATÉGICAS DO NORDESTE, no uso das atribuições que lhe foram conferidas pela Delegação de Competência concedida pela Portaria MCTIC nº 407, de 29/06/06 publicada no DOU de 30/06/06, e pelo Regimento Interno do CETENE, aprovado pela Portaria MCTIC nº 5145 de 14/11/16, publicada no DOU de 16/11/16, ambas assinadas pelo Senhor Ministro de Estado da Ciência e Tecnologia Inovações e Comunicações, RESOLVE:</p><p>Art. 1º Delegar competência a LAUREEN MICHELLE HOULLOU, CPF 556.630.874-00, Matrícula SIAPE Nº 1298805, para, respeitadas as disposições legais e regulamentares em vigor e os limites orçamentários e financeiros fixados para a Instituição, praticar os seguintes atos, necessários ao desempenho da atividade do CETENE:</p><p>I - Atuar como ordenador de despesa no que se refere aos atos necessários à execução orçamentária e financeira dos recursos que forem alocados ao CETENE - UG nº 240137;</p><p>II - Conceder suprimentos de fundos e aprovar as respectivas prestações de contas, supervisionando e orientando a realização dos gastos decorrentes;</p><p>III - Assinar notas de empenho e ordens bancárias, responsabilizando-se pelas justificativas que a respeito forem invocadas para esse fim;</p><p>IV - Autorizar a aquisição, alienação, permuta, cessão e baixa de material, respeitada a legislação vigente;</p><p>V - Conceder passagens, diárias e ajuda de custo, na forma das normas legais e regulamentares pertinentes;</p><p>VI - Autorizar a abertura de processos administrativos destinados à realização de certames licitatórios nas diversas modalidades previstas em lei, observando os limites de gastos fixados para o CETENE, e cuidando para que sejam respeitadas a programação orçamentária e as disponibilidades financeiras;</p><p>VII - Homologar os atos praticados em procedimentos licitatórios após atenta avaliação da legalidade, e, quando for o caso, adjudicar o objeto ao vencedor da licitação;</p><p>VIII - Nomear, dentre servidores qualificados, os membros da comissão de licitação, bem como o servidor responsável pela condução do pregão e respectiva equipe de apoio;</p><p>IX - Firmar os contratos administrativos destinados à contratação de obras, serviços e compras, observando rigorosamente as disposições legais pertinentes e os limites fixados no presente ato;</p><p>X - Assinar convênios, protocolos, acordos, ajustes e outros instrumentos congêneres, relativos às ações previstas na programação da Instituição, quando estes não envolverem estados estrangeiros ou organismos internacionais;</p><p>XI - Ratificar, quando for o caso, os atos de dispensa ou inexigibilidade de licitação;</p><p>XII - Decidir os recursos administrativos que eventualmente venham a ser interpostos em decorrência de certames licitatórios que tramitem no âmbito do CETENE;</p><p>XIII - Determinar a imediata apuração de irregularidades administrativas, instaurando, para esse efeito, sindicâncias ou processos disciplinares dando conhecimento imediato ao Diretor;</p><p>XIV - Nomear servidor sindicante e os membros das comissões de processo disciplinar, observando as exigências legais pertinentes;</p><p>XV - Fixar preços para a venda de produtos e prestação de serviços a cargo da Instituição, aprovando as respectivas tabelas de preços; e</p><p>XVI - Decidir, em grau de recurso, sobre atos e despachos das chefias subordinadas.</p><p>Art. 2º Nos documentos previstos para o procedimento administrativo, objeto da delegação descrita na presente Portaria, a assinatura do ordenador de despesas deverá vir, obrigatoriamente acompanhada da assinatura do cogestor financeiro do CETENE.</p><p>Art. 3º Os processos administrativos relativos às ações referidas nos itens IX e X do Art. 1º, deverão ser submetidos à Consultoria Jurídica da União - CJU, da Advocacia Geral da União - AGU, localizada em Recife.</p><p>Art. 4º Esta Portaria entra em vigor na data de sua publicação no Diário Oficial da União, e revoga as disposições em contrário.</p><p class="assina">ANDRÉ GALEMBECK</p>]]></Texto>
  </body>
</article></xml>