﻿<xml><article id="2025439" name="45-PR-2018" idOficio="4707916" pubName="DO2" artType="Portaria" pubDate="13/03/2018" artClass="00011:00124:00001:00008:00000:00000:00000:00000:00000:00000:00025:00001" artCategory="Ministério da Educação/Universidade Federal do Paraná/Reitoria/Pró-Reitoria de Gestão de Pessoas" artSize="8" artNotes="" numberPage="36" pdfPage="http://pesquisa.in.gov.br/imprensa/jsp/visualiza/index.jsp?data=13/03/2018&amp;jornal=529&amp;pagina=36" editionNumber="49" highlight="" idMateria="10595907">
  <body>
    <Identifica><![CDATA[ PORTARIAS de 9 DE MARÇO DE 2018]]></Identifica>
    <Data><![CDATA[]]></Data>
    <Ementa />
    <Titulo />
    <SubTitulo />
    <Texto><![CDATA[<p class="identifica">PORTARIAS de 9 DE MARÇO DE 2018</p><p>O PRÓ-REITOR DE GESTÃO DE PESSOAS DA UNIVERSIDADE FEDERAL DO PARANÁ, no uso de suas atribuições, tendo em vista a competência que lhe é conferida pela Portaria nº 2.590/97, resolve:</p><p>Nº 1.001 - Autorizar, de acordo com as Leis 8.745/93 e 9.849/99 e a Resolução nº 92/2006-CEPE, a contratação de LAIS CAROLINI THEIS, como Professor Substituto, com salário correspondente à Classe A, Assistente A, no regime de trabalho de 40 (quarenta) horas semanais, para o Departamento de Enfermagem do Setor de Ciências da Saúde, a partir da assinatura do contrato até 30 de junho de 2018.</p><p>Nº 1.002 - Autorizar, de acordo com as Leis 8.745/93 e 9.849/99 e a Resolução nº 92/2006-CEPE, a contratação de EDUARDO MORAIS DE CASTRO, como Professor Substituto, com salário correspondente à Classe A, Auxiliar Especialista, no regime de trabalho de 20 (vinte) horas semanais, para o Departamento de Patologia Médica do Setor de Ciências da Saúde, a partir da assinatura do contrato até 30 de junho de 2018.</p><p>Nº 1.003 - Autorizar, de acordo com as Leis 8.745/93 e 9.849/99 e a Resolução nº 92/2006-CEPE, a contratação de DANIELE MARQUES VIEIRA, como Professor Substituto, com salário correspondente à Classe A, Adjunto A, no regime de trabalho de 40 (quarenta) horas semanais, para o Departamento de Teoria e Prática de Ensino do Setor de Educação, a partir da assinatura do contrato até 03 de junho de 2018.</p><p>Nº 1.004 - Nomear em caráter efetivo, considerando o que consta no artigo 9º, inciso I da Lei nº 8.112/90; autorizada pelo Decreto nº 7.232, de 19 de julho de 2010, publicado no DOU de 20.07.2010; Portaria Interministerial nº 111, de 02 de abril de 2014, publicada no DOU de 03.04.2014, VALQUIRIA AGUIAR, habilitada em concurso público realizado por essa instituição, homologado em 26.08.2016, para o cargo de Assistente em Administração, nível de Classificação D, nível de Capacitação I, padrão de Vencimento 01, no regime de trabalho de 40 (quarenta) horas semanais, lotação em Curitiba/PR, na vaga de código nº 261990.</p><p>Nº 1.005 - Nomear em caráter efetivo, considerando o que consta no artigo 9º, inciso I da Lei nº 8.112/90; autorizada pelo Decreto nº 7.232, de 19 de julho de 2010, publicado no DOU de 20.07.2010; Portaria Interministerial nº 111, de 02 de abril de 2014, publicada no DOU de 03.04.2014, ALESSANDRA FERREIRA DE SOUZA DA SILVA, habilitada em concurso público realizado por essa instituição, homologado em 26.08.2016, para o cargo de Assistente em Administração, nível de Classificação D, nível de Capacitação I, padrão de Vencimento 01, no regime de trabalho de 40 (quarenta) horas semanais, lotação em Curitiba/PR, na vaga de código nº 867761.</p><p>Nº 1.006 - Nomear em caráter efetivo, considerando o que consta no artigo 9º, inciso I da Lei nº 8.112/90; autorizada pelo Decreto nº 7.232, de 19 de julho de 2010, publicado no DOU de 20.07.2010; Portaria Interministerial nº 111, de 02 de abril de 2014, publicada no DOU de 03.04.2014, VANESSA CARON NOVAES, habilitada em concurso público realizado por essa instituição, homologado em 26.08.2016, para o cargo de Assistente em Administração, nível de Classificação D, nível de Capacitação I, padrão de Vencimento 01, no regime de trabalho de 40 (quarenta) horas semanais, lotação em Curitiba/PR, na vaga de código nº 1001865.</p><p>Nº 1.007 - Nomear em caráter efetivo, considerando o que consta no artigo 9º, inciso I da Lei nº 8.112/90; autorizada pelo Decreto nº 7.232, de 19 de julho de 2010, publicado no DOU de 20.07.2010; Portaria Interministerial nº 111, de 02 de abril de 2014, publicada no DOU de 03.04.2014, MARLON LUIZ DE FREITAS XAVIER, habilitado em concurso público realizado por essa instituição, homologado em 26.08.2016, para o cargo de Assistente em Administração, nível de Classificação D, nível de Capacitação I, padrão de Vencimento 01, no regime de trabalho de 40 (quarenta) horas semanais, lotação em Curitiba/PR, na vaga de código nº 1001863.</p><p>Nº 1.008 - Nomear em caráter efetivo, considerando o que consta no artigo 9º, inciso I da Lei nº 8.112/90; autorizada pelo Decreto nº 7.232, de 19 de julho de 2010, publicado no DOU de 20.07.2010; Portaria Interministerial nº 111, de 02 de abril de 2014, publicada no DOU de 03.04.2014, ANDRESSA GOMES DA SILVA CASSILHA, habilitada em concurso público realizado por essa instituição, homologado em 26.08.2016, para o cargo de Assistente em Administração, nível de Classificação D, nível de Capacitação I, padrão de Vencimento 01, no regime de trabalho de 40 (quarenta) horas semanais, lotação em Matinhos/PR, na vaga de código nº 1001868.</p><p>Nº 1.009 - Nomear em caráter efetivo, considerando o que consta no artigo 9º, inciso I da Lei nº 8.112/90; autorizada pelo Decreto nº 7.232, de 19 de julho de 2010, publicado no DOU de 20.07.2010; Portaria Interministerial nº 111, de 02 de abril de 2014, publicada no DOU de 03.04.2014, ERIVONE ORSO RAMONI, habilitada em concurso público realizado por essa instituição, homologado em 26.08.2016, para o cargo de Técnica em Farmácia, nível de Classificação D, nível de Capacitação I, padrão de Vencimento 01, no regime de trabalho de 40 (quarenta) horas semanais, lotação em Curitiba/PR, na vaga de código nº 679634.</p><p class="assina">DOUGLAS ORTIZ HAMERMULLER</p>]]></Texto>
  </body>
</article></xml>