﻿<xml><article id="2013608" name="portaria 063-18 FERNANDO JORGE B" idOficio="4706597" pubName="DO2" artType="Portaria" pubDate="13/03/2018" artClass="00010:00008:00008:00008:00000:00000:00000:00000:00000:00000:00025:00003" artCategory="Ministério da Defesa/Comando do Exército/Comando Militar do Nordeste/7ª Região Militar" artSize="8" artNotes="" numberPage="15" pdfPage="http://pesquisa.in.gov.br/imprensa/jsp/visualiza/index.jsp?data=13/03/2018&amp;jornal=529&amp;pagina=15" editionNumber="49" highlight="" idMateria="10593295">
  <body>
    <Identifica><![CDATA[ PORTARIA Nº 63-SSIP7/ SS1.2, DE 7 DE MARÇO 2018]]></Identifica>
    <Data><![CDATA[]]></Data>
    <Ementa />
    <Titulo />
    <SubTitulo />
    <Texto><![CDATA[<p class="identifica">PORTARIA Nº 63-SSIP7/ SS1.2, DE 7 DE MARÇO 2018</p><p>O COMANDANTE DA 7ª REGIÃO MILITAR, no uso da competência que lhe foi delegada pelo Art. 7º da Portaria nº 1.023, de 10 de outubro de 2013, do Comandante do Exército, e de acordo com os incisos II do art. 106 e V do art. 108 da Lei nº 6.880, de 9 de dezembro de 1980, resolve</p><p>REFORMAR</p><p>o Coronel da Reserva Remunerada (CPF 734.149.487-53) FERNANDO JORGE BORBA ALCANTARA, a contar de 24 de janeiro de 2018, por ter sido julgado "Incapaz definitivamente para o serviço do Exército. Não é inválido. Conforme a sessão nº 5/2018 de 24 de janeiro de 2018, do MPGu I/Recife (HMAR) e Parecer Técnico da SSR/7 nº 113/2018, de 19 de feveiro de 2018, homologado pelo Inspetor Sau CMNE em 26 de fevereiro de 2018.</p><p>CONCEDER</p><p>ao Coronel Reformado (CPF 734.149.487-53) FERNANDO JORGE BORBA ALCANTARA, o benefício previsto no inciso XIV do Art. 6º da Lei nº 7.713, de 22 de dezembro de 1988, alterada pelas Leis nº 8.541, de 23 de dezembro de 1992, nº 9.250, de 26 de dezembro de 1995 e nº 11.052, de 29 de dezembro de 2004, a contar de 24 de agosto de 2017, em face de ser portador de doença especificada em Lei, " O prazo de validade do laudo é 24/08/2022", conforme a sessão nº 5 de 24 de janeiro de 2018, pelo MPGu I/Recife (HMAR) e Parecer Técnico da SSR/7 nº 113/2018, de 19 de fevereiro de 2018. Homologado pelo Inspetor de Saúde do CMNE em 26 de fevereiro de 2018.</p><p>Gen Div JOSÉ LUIZ JABORANDY RODRIGUES</p><p></p>]]></Texto>
  </body>
</article></xml>