﻿<xml><article id="2022905" name="Portarias 357, 360, 363" idOficio="4707804" pubName="DO2" artType="Portaria" pubDate="13/03/2018" artClass="00011:00027:00001:00000:00000:00000:00000:00000:00000:00000:00025:00001" artCategory="Ministério da Educação/Fundação Universidade Federal do Amapá/Reitoria" artSize="8" artNotes="" numberPage="21" pdfPage="http://pesquisa.in.gov.br/imprensa/jsp/visualiza/index.jsp?data=13/03/2018&amp;jornal=529&amp;pagina=21" editionNumber="49" highlight="" idMateria="10595706">
  <body>
    <Identifica><![CDATA[  PORTARIA Nº 357, DE 12 DE MARÇO DE 2018]]></Identifica>
    <Data><![CDATA[]]></Data>
    <Ementa />
    <Titulo />
    <SubTitulo />
    <Texto><![CDATA[<p class="identifica">PORTARIA Nº 357, DE 12 DE MARÇO DE 2018</p><p>A REITORA DA UNIVERSIDADE FEDERAL DO AMAPÁ, no uso de suas atribuições legais, em conformidade com o Art. 17, Inciso XIII, do Regimento Geral da Universidade Federal do Amapá e tendo em vista o que consta no Memorando Eletrônico nº 8/2018 - NPJ, de 06.03.2018. resolve:</p><p>Art. 1º - Formalizar a dispensa, a contar de 01.03.2018, do servidor LUIZ LABOISSIERE JUNIOR, Matrícula SIAPE 2028160, ocupante do cargo efetivo de Professor do Magistério Superior, da função de Chefe do Núcleo de Práticas Jurídicas - NPJ, FG-05.</p><p>Art. 2º - Esta Portaria entra em vigor na data de sua publicação no Diário Oficial da União.</p><p class="assina">ELIANE SUPERTI</p><p class="identifica">PORTARIA Nº 360, DE 12 DE MARÇO DE 2018</p><p>A REITORA DA UNIVERSIDADE FEDERAL DO AMAPÁ, no uso de suas atribuições legais, em conformidade com o disposto no Art. 36, inciso II da Lei nº 8.112/90, e tendo em vista o que consta nos autos do Processo nº 23125.005800/2018-43, de 23.02.2018. resolve:</p><p>Art. 1º - Autorizar a remoção do servidor JOSE AUGUSTO PESSOA DE SOUSA, Matrícula SIAPE 2432227, ocupante do cargo efetivo de Economista, do Campus Marco Zero do Equador para o Campus Binacional de Oiapoque.</p><p>Art. 2º - Esta Portaria entra em vigor na data de sua publicação.</p><p class="assina">ELIANE SUPERTI</p><p class="identifica">PORTARIA Nº 363, DE 12 DE MARÇO DE 2018</p><p>A REITORA DA UNIVERSIDADE FEDERAL DO AMAPÁ, no uso das atribuições que lhe foram conferidas pelo Decreto da Presidenta da República, de 05/09/2014, publicado no Diário Oficial da União nº 178, de 16/09/2014, Seção 2, página 1, e tendo em vista o que consta nos autos do Processo nº 23125.005352/2018-88, de 20.02.2018. resolve:</p><p>Art. 1º - Conceder Aposentadoria Voluntária com Proventos Integrais à servidora MARLENE OLIVEIRA DA SILVA ALMEIDA, Matrícula SIAPE 53376, ocupante do cargo efetivo de Técnico em Assuntos Educacionais, Classe - E, Nível IV, Padrão-416, pertencente ao quadro de pessoal da Universidade Federal do Amapá, embasada no fundamento legal do Art. 3º, incisos I, II e III da EC nº 47/05, c/c o Art. 40 § 18, CF/88, declarando em decorrência, a vacância do cargo.</p><p>Art. 2º - Esta Portaria entra em vigor na data de sua publicação no Diário Oficial da União.</p><p class="assina">ELIANE SUPERTI</p>]]></Texto>
  </body>
</article></xml>