﻿<xml><article id="2015602" name="2018 - PORT 1 - DAPROM" idOficio="4706930" pubName="DO2" artType="Portaria" pubDate="13/03/2018" artClass="00010:00008:00024:06901:00000:00000:00000:00000:00000:00000:00025:00001" artCategory="Ministério da Defesa/Comando do Exército/Departamento-Geral do Pessoal/Diretoria de Avaliação e Promoções" artSize="8" artNotes="" numberPage="16" pdfPage="http://pesquisa.in.gov.br/imprensa/jsp/visualiza/index.jsp?data=13/03/2018&amp;jornal=529&amp;pagina=16" editionNumber="49" highlight="" idMateria="10593741">
  <body>
    <Identifica><![CDATA[ PORTARIA Nº 1-DA PROM,  DE 9 DE MARÇO DE 2018]]></Identifica>
    <Data><![CDATA[]]></Data>
    <Ementa />
    <Titulo />
    <SubTitulo />
    <Texto><![CDATA[<p class="identifica">PORTARIA Nº 1-DA PROM, DE 9 DE MARÇO DE 2018</p><p>O DIRETOR DE AVALIAÇÃO E PROMOÇÕES, no uso da competência que lhe foi subdelegada pelo art. 2º, inciso III, alínea "b", da Portaria nº 192-DGP, de 1° de outubro de 2015, e de acordo com o art. 60, § 1º, da Lei nº 6.880, de 9 de dezembro de 1980 (Estatuto dos Militares), combinado com o art. 30 do Regulamento para o Corpo de Oficiais da Reserva do Exército (R-68), aprovado pelo Decreto nº 4.502, de 9 de dezembro de 2002, e por se enquadrar na previsão contida no art. 18, alínea "a", da Lei nº 5.821, de 10 de novembro de 1972 - Lei de Promoções dos Oficiais da Ativa das Forças Armadas (LPOAFA), resolve</p><p>PROMOVER, pelo critério de antiguidade, em ressarcimento de preterição, ao posto de segundo-tenente, a contar de 31 de agosto de 2017, a Asp OMT (011272477-8) SUANNE DE CASTRO GRILO.</p><p class="assina">Gen Bda LUIZ FERNANDO ESTORILHO BAGANHA</p>]]></Texto>
  </body>
</article></xml>