﻿<xml><article id="2016501" name="ATO PORTARIA Nº 2.072" idOficio="4707087" pubName="DO2" artType="Portaria" pubDate="13/03/2018" artClass="00026:00033:00000:00000:00000:00000:00000:00000:00000:00000:00025:00002" artCategory="Ministério do Planejamento, Desenvolvimento e Gestão/Secretaria de Gestão" artSize="8" artNotes="" numberPage="54" pdfPage="http://pesquisa.in.gov.br/imprensa/jsp/visualiza/index.jsp?data=13/03/2018&amp;jornal=529&amp;pagina=54" editionNumber="49" highlight="" idMateria="10593933">
  <body>
    <Identifica><![CDATA[ PORTARIA Nº 2.072, DE 9 DE MARÇO DE 2018]]></Identifica>
    <Data><![CDATA[]]></Data>
    <Ementa />
    <Titulo />
    <SubTitulo />
    <Texto><![CDATA[<p class="identifica">PORTARIA Nº 2.072, DE 9 DE MARÇO DE 2018</p><p>A SECRETÁRIA-ADJUNTA DE GESTÃO DO MINISTÉRIO DO PLANEJAMENTO, DESENVOLVIMENTO E GESTÃO, no uso da competência delegada pela Portaria SEGES nº 2.091, de 1º de março de 2018, e considerando o disposto no § 2º do art. 3º da Portaria SEGES nº 1.352, de 9 de março de 2018, resolve:</p><p>Art. 1° Ficam designados os seguintes servidores, pertencentes à carreira de Analista de Infraestrutura - AIE e do cargo isolado de Especialista em Infraestrutura Sênior - EIS, para compor o Comitê Consultivo da Carreira:</p><p>I - Marcelo Sampaio Cunha Filho - Presidente;</p><p>II - Stanley Rodrigues Bastos - Representante da Associação Nacional dos Analistas e Especialistas de Infraestrutura - ANEINFRA;</p><p>III - Cristiane Battiston;</p><p>IV - Mário Dirani; e</p><p>V - Maurício Uzeda.</p><p>Art. 2° Fica designado o servidor José Luiz Pagnussat para compor o Comitê Consultivo da Carreira na condição de representante da Fundação Escola Nacional de Administração Pública - ENAP.</p><p>Art. 3º Esta Portaria entra em vigor na data de sua publicação.</p><p class="assina">ALINE RIBEIRO DANTAS DE TEIXEIRA SOARES</p>]]></Texto>
  </body>
</article></xml>