﻿<xml><article id="2014170" name="PORTARIA Nº 882-SEPROD-MD" idOficio="4706705" pubName="DO2" artType="Portaria" pubDate="13/03/2018" artClass="00010:00038:00000:00000:00000:00000:00000:00000:00000:00000:00025:00001" artCategory="Ministério da Defesa/Secretaria de Produtos de Defesa" artSize="8" artNotes="" numberPage="17" pdfPage="http://pesquisa.in.gov.br/imprensa/jsp/visualiza/index.jsp?data=13/03/2018&amp;jornal=529&amp;pagina=17" editionNumber="49" highlight="" idMateria="10593435">
  <body>
    <Identifica><![CDATA[ PORTARIA Nº 882/SEPROD/MD, DE 8 DE MARÇO DE 2018]]></Identifica>
    <Data><![CDATA[]]></Data>
    <Ementa />
    <Titulo />
    <SubTitulo />
    <Texto><![CDATA[<p class="identifica">PORTARIA Nº 882/SEPROD/MD, DE 8 DE MARÇO DE 2018</p><p>O SECRETÁRIO DE PRODUTOS DE DEFESA DO MINISTÉRIO DA DEFESA, SUBSTITUTO, em conformidade com a Portaria no2241/SEPROD/MD, de 1ode junho de 2017, no uso da competência que lhe foi subdelegada pelo inciso I do art. 4oda Portaria/MD no1.839, de 9 de dezembro de 2010, considerando o disposto no Decreto no8.978, de 1º de fevereiro de 2017, e na Portaria Normativa/MD no2.323, de 31 de agosto de 2012, e o que consta do Processo Administrativo no60583.003632/2017-08, resolve:</p><p>DISPENSAR a CB-AD JULIANA MENEZES AZEVEDO DOS SANTOS da função de Especialista, código nível II, do Departamento de Ciência, Tecnologia e Inovação da Secretaria de Produtos de Defesa da Secretaria-Geral deste Ministério, a contar de 20 de dezembro de 2017.</p><p class="assina">MARCELO FRANCISCO CAMPOS</p>]]></Texto>
  </body>
</article></xml>