﻿<xml><article id="2025698" name="PTS 54 A 56" idOficio="4707935" pubName="DO2" artType="Portaria" pubDate="13/03/2018" artClass="00012:00054:00002:00000:00000:00000:00000:00000:00000:00000:00025:00001" artCategory="Ministério da Fazenda/Secretaria de Previdência/Subsecretaria de Gestão da Previdência" artSize="8" artNotes="" numberPage="43" pdfPage="http://pesquisa.in.gov.br/imprensa/jsp/visualiza/index.jsp?data=13/03/2018&amp;jornal=529&amp;pagina=43" editionNumber="49" highlight="" idMateria="10595952">
  <body>
    <Identifica><![CDATA[ PORTARIAS DE 12 DE MARÇO DE 2018]]></Identifica>
    <Data><![CDATA[]]></Data>
    <Ementa />
    <Titulo />
    <SubTitulo />
    <Texto><![CDATA[<p class="identifica">PORTARIAS DE 12 DE MARÇO DE 2018</p><p>A SUBSECRETÁRIA DE GESTÃO DA PREVIDÊNCIA DA SECRETARIA DE PREVIDÊNCIA, no uso da competência que lhe foi subdelegada pela Portaria SPREV nº 1, de 31 de março de 2017, publicada na seção 1, página 38 do Diário Oficial da União de 3 de abril de 2017, resolve</p><p>N º 54 - Designar ELAINE CRISTINA CAVALCANTI SALES, matrícula no1802922, para exercer o encargo de substituta eventual de Cláudia Elizabeth Ashton de Araújo, Coordenadora na Coordenação-Geral de Estudos Técnicos e Análise Conjuntural da Subsecretaria do Regime de Previdência Complementar, código DAS 101.3, em seus afastamentos e impedimentos legais, ficando dispensada Edilmara Custódio Ribeiro Barbosa, do referido encargo.</p><p>Nº 55 - Designar CHRISTIA MAIA BRAZ SILVEIRA, matrícula no220446, para exercer o encargo de substituta eventual de Elaine Cristina Cavalcanti Sales, Chefe de Divisão na Coordenação-Geral de Estudos Técnicos e Análise Conjuntural da Subsecretaria do Regime de Previdência Complementar, código FCPE 101.2, em seus afastamentos e impedimentos legais.</p><p>Nº 56 - Exonerar GERALDO VICENTE DA SILVA, matrícula nº 1260076, do cargo em comissão de Coordenador, código DAS 101.3, da Coordenação-Geral de Estudos Técnicos e Análise Conjuntural da Subsecretaria do Regime de Previdência Complementar.</p><p class="assina">CINARA WAGNER FREDO</p>]]></Texto>
  </body>
</article></xml>