﻿<xml><article id="2020550" name="Port. AFP - 1840 a 1842" idOficio="4707617" pubName="DO2" artType="Portaria" pubDate="13/03/2018" artClass="00011:00119:00001:00000:00000:00000:00000:00000:00000:00000:00025:00004" artCategory="Ministério da Educação/Universidade Federal de Minas Gerais/Reitoria/Gabinete" artSize="8" artNotes="" numberPage="36" pdfPage="http://pesquisa.in.gov.br/imprensa/jsp/visualiza/index.jsp?data=13/03/2018&amp;jornal=529&amp;pagina=36" editionNumber="49" highlight="" idMateria="10594898">
  <body>
    <Identifica><![CDATA[ PORTARIAS DE 9 DE MARÇO DE 2018]]></Identifica>
    <Data><![CDATA[]]></Data>
    <Ementa />
    <Titulo />
    <SubTitulo />
    <Texto><![CDATA[<p class="identifica">PORTARIAS DE 9 DE MARÇO DE 2018</p><p>O Reitor da Universidade Federal de Minas Gerais no uso de atribuição que lhe confere a Portaria nº 404/2009, de 23/04/2009, do Ministro de Estado da Educação, e considerando as disposições regimentais e a legislação pertinente, resolve:</p><p>Nº 1.840 - Autorizar o afastamento do país da servidora JÚNIA DINIZ FOCAS, Professor Adjunto, no período de 13/03/2018 a 17/03/2018, para apresentar trabalho no IV Seminário Internacional de Estudos sobre Discurso e Argumentação, em Buenos Aires/Argentina, com ônus, conforme autorização nº 20180308.4455, do Ministério da Educação para concessão de diárias pela UFMG. Processo nº 23072.007757/2018-13.</p><p>Nº 1.841 - Autorizar o afastamento do país da servidora HELCIRA MARIA RODRIGUES DE LIMA, Professor Associado, no período de 13/03/2018 a 17/03/2018, para apresentar trabalho no IV Seminário Internacional de Estudos sobre Discurso e Argumentação, em Buenos Aires/Argentina, com ônus, conforme autorização nº 20180308.4454, do Ministério da Educação para concessão de diárias pela UFMG. Processo nº 23072.007826/2018-99.</p><p>Nº 1.842 - Autorizar o afastamento do país do servidor ROBERTO ALEXANDRE DO CARMO SAID, Professor Associado, no período de 13/03/2018 a 17/03/2018, para apresentar trabalho no IV Seminário Internacional de Estudos sobre Discurso e Argumentação, em Buenos Aires/Argentina, com ônus, conforme autorização nº 20180308.4453, do Ministério da Educação para concessão de diárias pela UFMG. Processo nº 23072.007827/2018-33.</p><p class="assina">JAIME ARTURO RAMIREZ</p>]]></Texto>
  </body>
</article></xml>