﻿<xml><article id="2019342" name="Edital Nº 03 - Inscrições deferi" idOficio="4707431" pubName="DO2" artType="Edital" pubDate="13/03/2018" artClass="00099:00034:00009:00001:00000:00000:00000:00000:00000:00000:00000:00021:00001" artCategory="Editais e Avisos" artSize="8" artNotes="" numberPage="91" pdfPage="http://pesquisa.in.gov.br/imprensa/jsp/visualiza/index.jsp?data=13/03/2018&amp;jornal=529&amp;pagina=91" editionNumber="49" highlight="" idMateria="10594597">
  <body>
    <Identifica><![CDATA[ EDITAL Nº 3, DE 12 DE MARÇO DE 2018]]></Identifica>
    <Data><![CDATA[]]></Data>
    <Ementa />
    <Titulo />
    <SubTitulo />
    <Texto><![CDATA[<p></p><p class="identifica">EDITAL Nº 3, DE 12 DE MARÇO DE 2018</p><p>A COMISSÃO GERAL ELEITORAL, no uso de suas atribuições, com base na Resolução nº 80/CSMPM, de 15/10/2013, alterada pela Resolução nº 85/CSMPM, de 28/5/2015, e pela Resolução nº 98/CSMPM, de 8/11/2017, considerando as fases do calendário eleitoral instituído pela Portaria nº 2/CGE, de 21/2/2018, resolve:</p><p>Tornar público o deferimento do registro de candidatura do Dr. JAIME DE CASSIO MIRANDA, Procurador de Justiça Militar, à 14ª Eleição para Procurador-Geral de Justiça Militar.</p><p class="assina">GIOVANNI RATTACASO</p><p class="cargo">Presidente da Comissão Geral Eleitoral</p><p class="assina">CEZAR LUÍS RANGEL COUTINHO</p><p class="cargo">Membro da Comissão Geral Eleitoral</p><p class="assina">IRABENI NUNES DE OLIVEIRA</p><p class="cargo">Membro da Comissão Geral Eleitoral</p>]]></Texto>
  </body>
</article></xml>