﻿<xml><article id="2017888" name="27. Portaria 159" idOficio="4707242" pubName="DO2" artType="Portaria" pubDate="13/03/2018" artClass="00011:00069:00000:00000:00000:00000:00000:00000:00000:00000:00025:00001" artCategory="Ministério da Educação/Instituto Federal de Educação, Ciência e Tecnologia de Minas Gerais/Reitoria" artSize="12" artNotes="" numberPage="30" pdfPage="http://pesquisa.in.gov.br/imprensa/jsp/visualiza/index.jsp?data=13/03/2018&amp;jornal=529&amp;pagina=30" editionNumber="49" highlight="" idMateria="10594249">
  <body>
    <Identifica><![CDATA[ PORTARIA  Nº 159, DE 26 DE FEVEREIRO DE 2018]]></Identifica>
    <Data><![CDATA[]]></Data>
    <Ementa />
    <Titulo />
    <SubTitulo />
    <Texto><![CDATA[<p class="identifica">PORTARIA Nº 159, DE 26 DE FEVEREIRO DE 2018</p><p>O REITOR SUBSTITUTO DO INSTITUTO FEDERAL DE EDUCAÇÃO, CIÊNCIA E TECNOLOGIA DE MINAS GERAIS, no uso das atribuições que lhe são conferidas pelo Estatuto da Instituição, republicado com alterações no Diário Oficial da União do dia 13/07/2016, Seção 1, Págs. 10, 11 e 12, e pela Portaria IFMG nº 1.399 de 1º de outubro de 2015, publicada no DOU de 05 de outubro de 2015, Seção 2, página 20, resolve:</p><p>Art. 1º ALTERAR a Portaria 357 de 11 de março de 2016, que trata do Rol de Responsáveis pela gestão do Instituto Federal de Educação, Ciência e Tecnologia de Minas Gerais, conforme segue.</p><p>Art. 2º Dispensar os servidores abaixo do Rol de responsável pela gestão do Instituto Federal de Educação, Ciência e Tecnologia de Minas Gerais, Campus Ribeirão das Neves:</p><p></p><table><tr /><tr><td><p>NOME</p></td><td><p>CPF</p></td><td><p>CARGO</p></td><td><p>FUNÇÃO</p></td></tr><tr><td><p>Cássio Alves de Oliveira Filho</p></td><td><p>038.292.966-73</p></td><td><p>Gestor de Pessoal</p></td><td><p>Substituto</p></td></tr><tr><td><p>Cássio Alves de Oliveira Filho</p></td><td><p>038.292.966-73</p></td><td><p>Gestor Orçamentário</p></td><td><p>Substituto</p></td></tr><tr><td /><td /><td /><td /></tr><tr><td><p>Cássio Alves de Oliveira Filho</p></td><td><p>038.292.966-73</p></td><td><p>Gestor Financeiro</p></td><td><p>Titular</p></td></tr><tr><td><p>Silvia Renata Fernandes</p></td><td><p>030.840.686-90</p></td><td><p>Conformidade de Gestão</p></td><td><p>Substituta</p></td></tr><tr><td /><td /><td /><td /></tr><tr><td><p>Leonardo Júnio Ferreira</p></td><td><p>060.373.926-17</p></td><td><p>Ordenador de Despesas</p></td><td><p>Substituto</p></td></tr><tr><td /><td /><td /><td /></tr></table><p>Art. 3º Designar os servidores abaixo para comporem o Rol de responsável pela gestão do Instituto Federal de Educação, Ciência e Tecnologia de Minas Gerais, Campus Ribeirão das Neves:</p><p></p><table><tr /><tr><td><p>NOME</p></td><td><p>CPF</p></td><td><p>CARGO</p></td><td><p>FUNÇÃO</p></td></tr><tr><td><p>Maria das Graças de Oliveira</p></td><td><p>118.343.906-72</p></td><td><p>Ordenador de Despesas</p></td><td><p>Substituta</p></td></tr><tr><td /><td /><td /><td /></tr><tr><td><p>Karine Rodrigues Alvarez</p></td><td><p>097.568.276-88</p></td><td><p>Gestor de Pessoal</p></td><td><p>Substituta</p></td></tr><tr><td /><td /><td /><td /></tr><tr><td><p>Philipe Fioravante da Silva</p></td><td><p>098.644.686-69</p></td><td><p>Gestor Orçamentário</p></td><td><p>Substituto</p></td></tr><tr><td /><td /><td /><td /></tr><tr><td><p>Philipe Fioravante da Silva</p></td><td><p>098.644.686-69</p></td><td><p>Gestor Financeiro</p></td><td><p>Titular</p></td></tr><tr><td /><td /><td /><td /></tr><tr><td><p>Leonardo Júnio Ferreira</p></td><td><p>060.373.926-17</p></td><td><p>Conformidade de Gestão</p></td><td><p>Substituto</p></td></tr><tr><td /><td /><td /><td /></tr></table><p>Art.4º Esta Portaria entra em vigor na data de sua publicação.</p><p class="assina">Carlos Bernardes Rosa Junior</p>]]></Texto>
  </body>
</article></xml>