﻿<xml><article id="2021124" name="DOU 2-PA-1PT-102-UNI-12603_YuriD" idOficio="4707714" pubName="DO2" artType="Portaria" pubDate="13/03/2018" artClass="00034:00007:00035:00000:00000:00000:00000:00000:00000:00000:00025:00002" artCategory="Ministério Público da União/Ministério Público Federal/Procuradoria da República no Estado do Pará" artSize="8" artNotes="" numberPage="61" pdfPage="http://pesquisa.in.gov.br/imprensa/jsp/visualiza/index.jsp?data=13/03/2018&amp;jornal=529&amp;pagina=61" editionNumber="49" highlight="" idMateria="10594990">
  <body>
    <Identifica><![CDATA[ Portaria Nº 102, DE 9 de março de 2018]]></Identifica>
    <Data><![CDATA[]]></Data>
    <Ementa />
    <Titulo />
    <SubTitulo />
    <Texto><![CDATA[<p class="identifica">Portaria Nº 102, DE 9 de março de 2018</p><p>O PROCURADOR-CHEFE DA PROCURADORIA DA REPÚBLICA NO ESTADO DO PARÁ, no uso da atribuição conferida pelo disposto no art. 33, inciso VI, do Regimento Interno Administrativo do Ministério Público Federal, aprovado pela Portaria SG/MPF nº 382, de 5 de maio de 2015, e pelo disposto no art. 56, inciso VII, do Regimento Interno Diretivo do Ministério Público Federal, aprovado pela Portaria SG/MPF nº 357, de 5 de maio de 2015, resolve:</p><p>1. Dispensar a servidora PAMELA VIDAL SILVA, Técnico do MPU/Administração, matrícula 27891, da Função de Confiança de Assistente - Nível II, FC 02, do gabinete do Procurador da República do 3º Ofício da Procuradoria da República no Município de Marabá.</p><p>2. Designar o servidor KELSON RIBEIRO FURTADO, Técnico do MPU/Administração, matrícula 29333, para exercer a Função de Confiança de Assistente - Nível II, FC 02, do gabinete do Procurador da República do 3º Ofício da Procuradoria da República no Município de Marabá.</p><p class="assina">ALAN ROGERIO MANSUR SILVA</p>]]></Texto>
  </body>
</article></xml>