﻿<xml><article id="2018809" name="Portaria 729-março" idOficio="4707290" pubName="DO2" artType="Portaria" pubDate="13/03/2018" artClass="00011:00073:00001:00009:00000:00000:00000:00000:00000:00000:00025:00002" artCategory="Ministério da Educação/Instituto Federal de Educação, Ciência e Tecnologia do Paraná/Reitoria/Pró-Reitoria de Gestão de Pessoas" artSize="8" artNotes="" numberPage="31" pdfPage="http://pesquisa.in.gov.br/imprensa/jsp/visualiza/index.jsp?data=13/03/2018&amp;jornal=529&amp;pagina=31" editionNumber="49" highlight="" idMateria="10594488">
  <body>
    <Identifica><![CDATA[ PORTARIA Nº 729, DE 12 DE MARÇO DE 2018]]></Identifica>
    <Data><![CDATA[]]></Data>
    <Ementa />
    <Titulo />
    <SubTitulo />
    <Texto><![CDATA[<p class="identifica">PORTARIA Nº 729, DE 12 DE MARÇO DE 2018</p><p>A Pró-Reitora de Gestão de Pessoas do Instituto Federal do Paraná, no uso da competência que lhe confere a Portaria nº 889, de 18 de julho de 2016, em conformidade com as leis 8745/93, 9849/99 e 12425/11 e o que consta no processo nº 23398.000266/2018-79, resolve:</p><p>Contratar ANA PAULA NAHIRNE, como Professora Substituta, conforme código do titular n° 848169, com salário correspondente à Classe DI, nível 1, de Professor da Carreira do Magistério do Ensino Básico, Técnico e Tecnológico, acrescido de Retribuição pelo Mestrado em Educação, conforme arts. 16 e 17 da Lei 12.772/12 no regime de trabalho de 20 (vinte) horas semanais. Área: Matemática, para prestar serviço junto ao Campus Quedas do Iguaçu, por 06 meses e a partir da data da assinatura do contrato.</p><p class="assina">Eliane Aparecida Mesquita</p>]]></Texto>
  </body>
</article></xml>