﻿<xml><article id="2014623" name="CLEMI DA COSTA TABORDA- ALTERA A" idOficio="4706750" pubName="DO2" artType="Portaria" pubDate="13/03/2018" artClass="00017:00002:00031:00133:00136:00000:00000:00000:00000:00000:00025:00001" artCategory="Ministério da Saúde/Secretaria Executiva/Núcleo Estadual no Rio Grande do Sul/Coordenação de Gestão/Serviço de Gestão Administrativa" artSize="8" artNotes="" numberPage="48" pdfPage="http://pesquisa.in.gov.br/imprensa/jsp/visualiza/index.jsp?data=13/03/2018&amp;jornal=529&amp;pagina=48" editionNumber="49" highlight="" idMateria="10593505">
  <body>
    <Identifica><![CDATA[ PORTARIA Nº 49, DE 5 DE MARÇO DE 2018]]></Identifica>
    <Data><![CDATA[]]></Data>
    <Ementa />
    <Titulo />
    <SubTitulo />
    <Texto><![CDATA[<p class="identifica">PORTARIA Nº 49, DE 5 DE MARÇO DE 2018</p><p>A CHEFE SUBSTITUTA DO SERVIÇO DE GESTÃO ADMINISTRATIVA DO MINISTÉRIO DA SAÚDE NO ESTADO DO RIO GRANDE DO SUL, no uso da competência que lhe foi subdelegada pela PT/SAA/SE/MS Nº 1.681, de 09/12/2016, publicada no DOU Nº 237, de 12/12/2016, Resolve:</p><p>RETIFICAR a Portaria MS/SEVRH nº 2626, de 25/11/1999, publicada em DOU Nº 241-E de 17/12/1999, que trata da aposentadoria da servidora CLEMI DA COSTA TABORDA, matrícula 0550855, Datilógrafa, Classe "S", Padrão III, NI, onde se lê: "artigo 186, inciso I, parágrafo 1º da Lei 8.112/90", leia-se "Art. 40, § 1º, Inciso I com redação dada pela Emenda Constitucional nº 20/98. " (Proc. nº 25025.002261/2005-20).</p><p class="assina">MAGDA ELISA DE ASSIS.</p>]]></Texto>
  </body>
</article></xml>