﻿<xml><article id="2012374" name="DOU - VANDERLÉIA DE CARVALHO-des" idOficio="4706523" pubName="DO2" artType="Portaria" pubDate="13/03/2018" artClass="00038:00029:00000:00000:00000:00000:00000:00000:00000:00000:00025:00001" artCategory="Poder Judiciário/Tribunal Regional Eleitoral do Piauí" artSize="8" artNotes="" numberPage="87" pdfPage="http://pesquisa.in.gov.br/imprensa/jsp/visualiza/index.jsp?data=13/03/2018&amp;jornal=529&amp;pagina=87" editionNumber="49" highlight="" idMateria="10593226">
  <body>
    <Identifica><![CDATA[ PORTARIA nº 284, de 6 de março de 2018]]></Identifica>
    <Data><![CDATA[]]></Data>
    <Ementa />
    <Titulo />
    <SubTitulo />
    <Texto><![CDATA[<p class="identifica">PORTARIA nº 284, de 6 de março de 2018</p><p>O DESEMBARGADOR FRANCISCO ANTONIO PAES LANDIM FILHO, PRESIDENTE DO EGRÉGIO TRIBUNAL REGIONAL ELEITORAL DO PIAUÍ, no uso de suas atribuições legais e,</p><p>Considerando a indicação contida no documento digital (PAD) nº 11.773/2018, de 5 de março de 2018;</p><p>Considerando, ainda, que a servidora apresentou a documentação exigida pela Resolução nº 156/2012 - CNJ, 8, resolve:</p><p>Art. 1º Fica designada VANDERLEIA DE CARVALHO, servidora requisitada da Prefeitura de Batalha, matrícula nº 703780, para o exercício da Função Comissionada de Assistente I (FC-1), do Cartório Eleitoral da 45ª Zona, sediada em Batalha.</p><p>Art. 2º Esta portaria entra em vigor na data de sua publicação.</p><p class="assina">FRANCISCO ANTONIO PAES LANDIM FILHO</p>]]></Texto>
  </body>
</article></xml>