﻿<xml><article id="2025821" name="DESP 118 SAA SEÇÃO 2" idOficio="4707967" pubName="DO2" artType="Despacho" pubDate="13/03/2018" artClass="00015:00001:00000:00000:00000:00000:00000:00000:00000:00000:00019:00002" artCategory="Ministério da Justiça/Gabinete do Ministro" artSize="8" artNotes="" numberPage="45" pdfPage="http://pesquisa.in.gov.br/imprensa/jsp/visualiza/index.jsp?data=13/03/2018&amp;jornal=529&amp;pagina=45" editionNumber="49" highlight="" idMateria="10595971">
  <body>
    <Identifica><![CDATA[ DESPACHO Nº 118, de 12 de março de 2018]]></Identifica>
    <Data><![CDATA[]]></Data>
    <Ementa />
    <Titulo />
    <SubTitulo />
    <Texto><![CDATA[<p class="identifica">DESPACHO Nº 118, de 12 de março de 2018</p><p>O MINISTRO DE ESTADO DA JUSTIÇA, no uso da competência que lhe foi delegada pelo Decreto nº 1.387, de 7 de fevereiro de 1995, altera o Despacho nº 105, de 1º de março de 2018, publicado no Diário Oficial da União nº 42, de 2 subsequente, Seção 2, página 61, referente ao Afastamento do País do servidor ANDRÉ CAMELIER GUIMARÃES, Assessor Técnico do Coordenador-Geral de Prevenção da Diretoria de Articulação e Projetos da Secretaria Nacional de Políticas sobre Drogas, para fazer constar que a viagem ocorreu no período de 6 a 9 de março de 2018, inclusive trânsito, com ônus limitado, mantidas as demais condições. (Processo nº 08129.001469/2018-69).</p><p class="assina">TORQUATO JARDIM</p>]]></Texto>
  </body>
</article></xml>