﻿<xml><article id="2012022" name="P_514_DISPENSAR A PEDIDO MARCELL" idOficio="4706468" pubName="DO2" artType="Portaria" pubDate="13/03/2018" artClass="00011:00058:00001:00001:00000:00000:00000:00000:00000:00000:00025:00001" artCategory="Ministério da Educação/Instituto Federal de Educação, Ciência e Tecnologia de Brasília/Reitoria/Chefia de Gabinete da Reitoria" artSize="8" artNotes="" numberPage="26" pdfPage="http://pesquisa.in.gov.br/imprensa/jsp/visualiza/index.jsp?data=13/03/2018&amp;jornal=529&amp;pagina=26" editionNumber="49" highlight="" idMateria="10593112">
  <body>
    <Identifica><![CDATA[ PORTARIA Nº 514, DE 9 DE MARÇO DE 2018]]></Identifica>
    <Data><![CDATA[]]></Data>
    <Ementa />
    <Titulo />
    <SubTitulo />
    <Texto><![CDATA[<p class="identifica">PORTARIA Nº 514, DE 9 DE MARÇO DE 2018</p><p>O REITOR DO INSTITUTO FEDERAL DE BRASÍLIA, nomeado pelo Decreto de 05 de maio de 2015, publicado no Diário Oficial da União em 06 de maio de 2015, no uso de suas atribuições legais e regimentais, resolve:</p><p>Art. 1º DISPENSAR, a pedido, o servidor MARCELLO MACHADO OLIVEIRA, matrícula SIAPE Nº 2247481, ocupante do cargo efetivo de Assistente em Administração, lotado no Campus São Sebastião, do Instituto Federal de Brasília, da função de Coordenador de Almoxarifado e Patrimônio, do Instituto Federal de Brasília, do Campus São Sebastião, código FG-02, a contar de 31/01/2018.</p><p>Art. 2º Esta Portaria entra em vigor na data de sua assinatura.</p><p class="assina">WILSON CONCIANI</p>]]></Texto>
  </body>
</article></xml>