﻿<xml><article id="2087411" name="PORTARIA 1476 1HI2 09032018" idOficio="4707211" pubName="DO2" artType="Portaria" pubDate="16/03/2018" artClass="00010:00006:00005:00046:00000:00000:00000:00000:00000:00000:00025:00001" artCategory="Ministério da Defesa/Comando da Aeronáutica/Comando-Geral do Pessoal/Diretoria de Administração do Pessoal" artSize="8" artNotes="" numberPage="7" pdfPage="http://pesquisa.in.gov.br/imprensa/jsp/visualiza/index.jsp?data=16/03/2018&amp;jornal=529&amp;pagina=7" editionNumber="52" highlight="" idMateria="10594235">
  <body>
    <Identifica><![CDATA[ PORTARIA DIRAP Nº 1.476/1HI2, DE 9 DE MARÇO DE 2018]]></Identifica>
    <Data><![CDATA[]]></Data>
    <Ementa />
    <Titulo />
    <SubTitulo />
    <Texto><![CDATA[<p class="identifica">PORTARIA DIRAP Nº 1.476/1HI2, DE 9 DE MARÇO DE 2018</p><p>O DIRETOR DE ADMINISTRAÇÃO DO PESSOAL, no uso da subdelegação de competência estabelecida no art. 4º, inciso II, da Portaria COMGEP nº 1.395/DLE, de 08 de julho de 2016, e considerando o Processo nº 67613.003717/2018-11, resolve:</p><p>Conceder transferência para a reserva remunerada, a contar de 16 MAR 2018, ao Ten Cel Esp MET JOACIR AUGUSTINHO DE OLIVEIRA (Nr 1904612), do efetivo do Segundo Centro Integrado de Defesa Aérea e Controle de Tráfego Aéreo, de acordo com o art. 96, inciso I, e art. 97, ambos da Lei nº 6.880, de 9 de dezembro de 1980, com a remuneração a que faz jus, observando o art. 50, inciso II, da mencionada Lei, alterado pelo art. 28 da Medida Provisória n° 2.215-10, de 31 de agosto de 2001, regulamentada pelo Decreto n° 4.307, de 18 de julho de 2002.</p><p class="assina">Maj Brig Ar MAURO MARTINS MACHADO</p>]]></Texto>
  </body>
</article></xml>