﻿<xml><article id="2021489" name="PT 14 SOGP JOINVILLE" idOficio="4707766" pubName="DO2" artType="Portaria" pubDate="13/03/2018" artClass="00022:00029:00241:00014:00052:00000:00000:00000:00000:00000:00025:00001" artCategory="Ministério do Desenvolvimento Social/Instituto Nacional do Seguro Social/Superintendência Regional Sul em Florianópolis/Gerência Executiva - B - em Joinville/Seção Operacional da Gestão de Pessoas" artSize="8" artNotes="" numberPage="52" pdfPage="http://pesquisa.in.gov.br/imprensa/jsp/visualiza/index.jsp?data=13/03/2018&amp;jornal=529&amp;pagina=52" editionNumber="49" highlight="" idMateria="10595084">
  <body>
    <Identifica><![CDATA[ PORTARIA Nº 14, DE 12 DE MARÇO DE 2018]]></Identifica>
    <Data><![CDATA[]]></Data>
    <Ementa />
    <Titulo />
    <SubTitulo />
    <Texto><![CDATA[<p class="identifica">PORTARIA Nº 14, DE 12 DE MARÇO DE 2018</p><p>A CHEFE SUBSTITUTA DA SEÇÃO OPERACIONAL DA GESTÃO DE PESSOAS DA GERÊNCIA EXECUTIVA DO INSS EM JOINVILLE, NO ESTADO DE SANTA CATARINA/SC, no uso das atribuições que lhe confere o artigo 235, inciso I, alíneas "b" e "e" do Regimento Interno do INSS, aprovado pela Portaria/MPS nº 414, de 28/09/2017, publicada no DOU- Edição Extra nº 188-A, de 29/09/2017, Seção I, e tendo em vista o que consta no Processo nº 35351.000049/2018-02, resolve:</p><p>Conceder, a contar de 02 de março de 2018, Pensão Vitalícia à Senhora NOEMIR DE FREITAS DE MELLO, na qualidade de cônjuge, cuja cota 1/1 equivale a 100% (cem por cento) dos proventos do ex-servidor Altair José de Mello, matrícula SIAPE nº 0930213, ocupante do cargo de Perito Médico Previdenciário, NS-811001, Classe D, Padrão III, servidor inativo do Instituto Nacional do Seguro Social, em decorrência do óbito ocorrido em 02 de março de 2018, com fundamento no artigo 217, inciso I, da Lei nº 8.112/90, alterada pela Lei 13.135/15, combinado com o inciso I, do artigo 2º da Lei nº 10.887/04.</p><p class="assina">TANIA SCHLICKMANN BISPO</p>]]></Texto>
  </body>
</article></xml>