﻿<xml><article id="2036997" name="NOMEAÇÕES MAR 1" idOficio="4707100" pubName="DO2" artType="Portaria" pubDate="14/03/2018" artClass="00011:00136:00051:00000:00000:00000:00000:00000:00000:00000:00025:00003" artCategory="Ministério da Educação/Universidade Federal de São Paulo/Pró-Reitoria de Gestão com Pessoas" artSize="8" artNotes="" numberPage="33" pdfPage="http://pesquisa.in.gov.br/imprensa/jsp/visualiza/index.jsp?data=14/03/2018&amp;jornal=529&amp;pagina=33" editionNumber="50" highlight="" idMateria="10593955">
  <body>
    <Identifica><![CDATA[ PORTARIAS DE 8 DE MARÇO DE 2018]]></Identifica>
    <Data><![CDATA[]]></Data>
    <Ementa />
    <Titulo />
    <SubTitulo />
    <Texto><![CDATA[<p class="identifica">PORTARIAS DE 8 DE MARÇO DE 2018</p><p>O PRÓ-REITOR DE GESTÃO COM PESSOAS DA UNIVERSIDADE FEDERAL DE SÃO PAULO, no uso da competência que lhe foi delegada pela Portaria n° 3.474/2017, publicada no D.O.U. de 12/09/2017, usando das atribuições legais e estatutárias e nos termos do Artigo 9º, Inciso I, combinado com o Artigo 10, da Lei 8.112, de 11/12/90, em conformidade com a Lei nº 12.772, de 28/12/2012 com alterações constantes na Lei nº 12.863, de 24/09/2013 e Lei n° 13.325 de 29/07/2016, resolve:</p><p>Nº 800 - Nomear PATRICIA LACZYNSKI DE SOUZA, habilitado em Concurso Público de Provas e Títulos, homologado pelo Edital nº 95 de 06 de março de 2018, publicado no D.O.U. de 08/03/2018, p. 90, para o cargo de Professor Adjunto A Nível I, em regime de 40 (quarenta) horas com Dedicação Exclusiva, código da vaga n° 0929457. Origem da vaga: Portaria MEC n° 321, DOU de 10/04/2014. A posse deverá ocorrer no prazo de 30 (trinta) dias a partir da publicação deste ato.</p><p>Nº 801 - Nomear HUGO DE CAMPOS BRAGA, habilitado em Concurso Público de Provas e Títulos, homologado pelo Edital nº 551 de 18 de dezembro de 2017, publicado no D.O.U. de 20/12/2017, p. 96, para o cargo de Professor Adjunto A Nível I, em regime de 40 (quarenta) horas com Dedicação Exclusiva, código da vaga n° 0928496. Origem da vaga: Portaria MEC n°2.028, DOU de 28/09/2017. A posse deverá ocorrer no prazo de 30 (trinta) dias a partir da publicação deste ato.</p><p class="assina">MURCHED OMAR TAHA</p>]]></Texto>
  </body>
</article></xml>