﻿<xml><article id="2023958" name="PORT 2624 - LUENIA COELHO DA SIL" idOficio="4707780" pubName="DO2" artType="Portaria" pubDate="13/03/2018" artClass="00026:00002:00013:01477:00000:00000:00000:00000:00000:00000:00025:00003" artCategory="Ministério do Planejamento, Desenvolvimento e Gestão/Secretaria Executiva/Subsecretaria de Assuntos Administrativos/Coordenação-Geral de Gestão de Pessoas" artSize="8" artNotes="" numberPage="53" pdfPage="http://pesquisa.in.gov.br/imprensa/jsp/visualiza/index.jsp?data=13/03/2018&amp;jornal=529&amp;pagina=53" editionNumber="49" highlight="" idMateria="10595622">
  <body>
    <Identifica><![CDATA[ PORTARIA Nº 2.624, DE 12 DE MARÇO DE 2018]]></Identifica>
    <Data><![CDATA[]]></Data>
    <Ementa />
    <Titulo />
    <SubTitulo />
    <Texto><![CDATA[<p class="identifica">PORTARIA Nº 2.624, DE 12 DE MARÇO DE 2018</p><p>A COORDENADORA-GERAL DE GESTÃO DE PESSOAS DO MINISTÉRIO DO PLANEJAMENTO, DESENVOLVIMENTO E GESTÃO, no uso da competência atribuída na alínea "f" , do inciso I, do art. 113, do Regimento Interno aprovado pela Portaria GM/MP no 11, de 1° de fevereiro de 2018, e com o que consta do processo nº 03110.001927/2018-45, resolve:</p><p>Dispensar LUÊNIA COELHO DA SILVA VOGT, matrícula SIAPE nº 1467826, do encargo de substituta eventual do cargo de Chefe de Divisão de Avaliação, Cargos e Carreiras, código DAS 101.2, da Coordenação de Capacitação, Avaliação, Cargos e Carreiras da Coordenação-Geral de Gestão de Pessoas da Subsecretaria de Assuntos Administrativos da Secretaria-Executiva deste Ministério, designada pela Portaria nº 1.615, publicada no Diário Oficial da União de 19 de novembro de 2015.</p><p class="assina">AYALA DO CARMO TANIOS NEMER</p>]]></Texto>
  </body>
</article></xml>