﻿<xml><article id="2014608" name="DESPACHOS REIT 12Mar" idOficio="4706782" pubName="DO2" artType="Despacho" pubDate="13/03/2018" artClass="00011:00037:00001:00001:00000:00000:00000:00000:00000:00000:00019:00004" artCategory="Ministério da Educação/Fundação Universidade Federal do Rio Grande/Reitoria/Gabinete do Reitor" artSize="8" artNotes="" numberPage="23" pdfPage="http://pesquisa.in.gov.br/imprensa/jsp/visualiza/index.jsp?data=13/03/2018&amp;jornal=529&amp;pagina=23" editionNumber="49" highlight="" idMateria="10593518">
  <body>
    <Identifica><![CDATA[ DESPACHO De 12 de Março de 2018]]></Identifica>
    <Data><![CDATA[]]></Data>
    <Ementa />
    <Titulo />
    <SubTitulo />
    <Texto><![CDATA[<p class="identifica">DESPACHO De 12 de Março de 2018</p><p>A Reitora da Universidade Federal do Rio Grande - FURG, no uso da atribuição que lhe confere o Decreto de 09/01/2017, publicado no Diário Oficial da União em 10/01/2017, resolve autorizar o afastamento do país de:</p><p>Cristiane Simões Netto Costa, Professora do Magistério Superior - Substituta, afastamento para participar do congresso acadêmico LAEMOS Conference 2018 - Organizing for Resilience, em Buenos Aires/Argentina, no período de 19/03/2018 a 25/03/2018 com ônus limitado, mantida apenas a remuneração do cargo efetivo, processo nº 23116.001009/2018-73.</p><p>Danilo Koetz de Calazans, Professor do Magistério Superior, afastamento para participar da First Session of the IOC Group of Experts on Capacity Development (IOC GE-CD), na UNESCO, em Paris/França, no período de 19/03/2018 a 25/03/2018, com ônus FURG para diárias e ônus UNESCO para passagens, mantida a remuneração do cargo efetivo, processo nº 23116.000594/2018-94.</p><p>Patricia Tometich, Professora do Magistério Superior - Substituta, afastamento para participar do congresso acadêmico LAEMOS Conference 2018 - Organizing for Resilience, em Buenos Aires/Argentina, no período de 19/03/2018 a 25/03/2018 com ônus limitado, mantida apenas a remuneração do cargo efetivo, processo nº 23116.001008/2018-29.</p><p>Ricardo Vieira Rodrigues, Professor do Magistério Superior, afastamento para participar de Reunião da World Aquaculture Society para organização do Congresso LACQUA 2018, em Bogotá/Colômbia, no período de 20/03/2018 a 23/03/2018, com ônus WAS para diárias e passagens, mantida a remuneração do cargo efetivo, processo nº 23116.000695/2018-65.</p><p>Luis André Nassr de Sampaio, Professor do Magistério Superior, afastamento para participar de Reunião da World Aquaculture Society para organização do Congresso LACQUA 2018, em Bogotá/Colômbia, no período de 20/03/2018 a 23/03/2018, com ônus WAS para diárias e passagens, mantida a remuneração do cargo efetivo, processo nº 23116.000696/2018-65.</p><p>Roseli Aparecida da Silva Nery, Professora do Magistério Superior, afastamento para participação no IX Congresso Internacional CSO'2018 - Criadores Sobre outras Obras, em Lisboa/Portugal, no período de 21/03/2018 a 30/03/2018 com ônus limitado mantida apenas a remuneração do cargo efetivo, processo nº 23116.000730/2018-46.</p><p>Eduardo Saldanha Vogelmann, Professor do Magistério Superior, afastamento para participar do Training Workshop on Water Security Assessment, em Bangkok/Tailândia, no período de 22/03/2018 a 03/04/2018, com ônus limitado, mantida apenas a remuneração do cargo efetivo, processo nº 23116.000582/2018-60.</p><p class="assina">CLEUZA MARIA SOBRAL DIAS</p>]]></Texto>
  </body>
</article></xml>