﻿<xml><article id="2021118" name="DOU 2-MA-1PT-35-UNI-7184_CRIP029" idOficio="4707714" pubName="DO2" artType="Portaria" pubDate="13/03/2018" artClass="00034:00007:00032:00000:00000:00000:00000:00000:00000:00000:00025:00001" artCategory="Ministério Público da União/Ministério Público Federal/Procuradoria da República no Estado do Maranhão" artSize="8" artNotes="" numberPage="60" pdfPage="http://pesquisa.in.gov.br/imprensa/jsp/visualiza/index.jsp?data=13/03/2018&amp;jornal=529&amp;pagina=60" editionNumber="49" highlight="" idMateria="10594989">
  <body>
    <Identifica><![CDATA[ PORTARIA Nº 35, DE 12 DE MARÇO DE 2018]]></Identifica>
    <Data><![CDATA[]]></Data>
    <Ementa />
    <Titulo />
    <SubTitulo />
    <Texto><![CDATA[<p class="identifica">PORTARIA Nº 35, DE 12 DE MARÇO DE 2018</p><p>O PROCURADOR-CHEFE DA PROCURADORIA DA REPÚBLICA NO MARANHÃO, no uso de suas atribuições legais, resolve:</p><p>Art. 1º. Designar o servidor JOSÉ ARNALDO NEVES COSTA, ocupante do cargo de Técnico do MPU/Administração, matrícula nº 4276, para substituir, no período de 13/03/2018 a 15/03/2018, o Secretário Estadual, Código CC-4, da Procuradoria da República no Maranhão, por motivo de viagem do titular e férias do substituto eventual.</p><p class="assina">JOSÉ RAIMUNDO LEITE FILHO</p>]]></Texto>
  </body>
</article></xml>