﻿<xml><article id="2025710" name="Port-528-2018-DPMM" idOficio="4707878" pubName="DO2" artType="Portaria" pubDate="13/03/2018" artClass="00010:00007:00014:00006:00000:00000:00000:00000:00000:00000:00025:00011" artCategory="Ministério da Defesa/Comando da Marinha/Diretoria-Geral do Pessoal/Diretoria do Pessoal Militar" artSize="8" artNotes="" numberPage="11" pdfPage="http://pesquisa.in.gov.br/imprensa/jsp/visualiza/index.jsp?data=13/03/2018&amp;jornal=529&amp;pagina=11" editionNumber="49" highlight="" idMateria="10595863">
  <body>
    <Identifica><![CDATA[ PORTARIA Nº 528/DPMM, DE 12 DE MARÇO DE 2018                    ]]></Identifica>
    <Data><![CDATA[]]></Data>
    <Ementa />
    <Titulo />
    <SubTitulo />
    <Texto><![CDATA[<p class="identifica">PORTARIA Nº 528/DPMM, DE 12 DE MARÇO DE 2018</p><p>O DIRETOR DO PESSOAL MILITAR DA MARINHA, no uso da subdelegação de competência que lhe confere o contido na alínea c, inciso V, art. 1º, Anexo B, da Portaria nº 24/DGPM, de 9 de março de 2017, nos termos do disposto no inciso I, art. 81 da Lei nº 6.880, de 9 de dezembro de 1980, e de acordo com o contido no inciso I, art. 1º da Portaria nº 90, de 6 de abril de 2005, do Comandante da Marinha, resolve:</p><p>Art. 1º Agregar ao respectivo Corpo, a partir de 5 de fevereiro de 2018, de acordo com o contido na Portaria nº 246/DPMM, de 6 de fevereiro de 2018, o Capitão-Tenente (EN) DENIS BACKER DE SOUZA, por estar realizando o Curso de Mestrado em Engenharia de Defesa, no Instituto Militar de Engenharia (IME) Rio de Janeiro - RJ, ficando adido ao Centro Tecnológico da Marinha no Rio de Janeiro.</p><p>Art. 2º Agregar ao respectivo Corpo, a partir de 5 de fevereiro de 2018, de acordo com o contido na Portaria nº 178/DPMM, de 29 de janeiro de 2018, o Capitão-Tenente (EN) EMERSON COELHO MENDONÇA, por estar realizando o Curso de Mestrado em Engenharia de Defesa, no Instituto Militar de Engenharia (IME) Rio de Janeiro - RJ, ficando adido ao Instituto de Pesquisas da Marinha.</p><p>Art. 3º Agregar ao respectivo Corpo, a partir de 5 de fevereiro de 2018, de acordo com o contido na Portaria nº 341/DPMM, de 20 de fevereiro de 2018, a Capitão-Tenente (EN) BIANCA FIGUEIRÔA DE SOUZA DEFANTI, por estar realizando o Curso de Mestrado em Química, no Instituto Militar de Engenharia (IME) Rio de Janeiro - RJ, ficando adida à Diretoria de Sistemas de Armas da Marinha.</p><p>Art. 4º Agregar ao respectivo Corpo, a partir de 5 de fevereiro de 2018, de acordo com o contido na Portaria nº 247/DPMM, de 6 de fevereiro de 2018, o Capitão-Tenente (EN) FABIANO CARVALHO DOS SANTOS ASSUMPÇÃO, por estar realizando o Curso de Mestrado em Engenharia Elétrica, no Instituto Militar de Engenharia (IME) Rio de Janeiro - RJ, ficando adido à Diretoria de Comunicações e Tecnologia da Informação da Marinha.</p><p>Art. 5º Agregar ao respectivo Corpo, a partir de 5 de fevereiro de 2018, de acordo com o contido na Portaria nº 214/DPMM, de 1º de fevereiro de 2018, o Capitão-Tenente (EN) WILLIAM DE CARVALHO RODRIGUES, por estar realizando o Curso de Mestrado em Engenharia Elétrica, no Instituto Militar de Engenharia (IME) Rio de Janeiro - RJ, ficando adido à Diretoria de Sistemas de Armas da Marinha.</p><p>Art. 6º Agregar ao respectivo Corpo, a partir de 5 de fevereiro de 2018, de acordo com o contido na Portaria nº 260/DPMM, de 7 de fevereiro de 2018, o Capitão-Tenente (EN) JULIANO SILVA DE AZEVEDO, por estar realizando o Curso de Mestrado em Engenharia de Defesa, com ênfase em Processamento de Sinais Acústica Submarina, no Instituto Militar de Engenharia (IME) Rio de Janeiro - RJ, ficando adido ao Centro de Tecnologia da Informação da Marinha.</p><p>Art. 7º Agregar ao respectivo Corpo e Quadro, a partir de 21 de fevereiro de 2018, de acordo com o contido na Portaria nº 378/DPMM, de 22 de fevereiro de 2018, a Capitão-Tenente (Md) TATIANA TAVARES CORRÊA VIEIRA, por estar realizando o Curso de Aperfeiçoamento de Medicina Interna (CAMI), no Hospital Universitário Clementino Fraga Filho (HUCFF) Rio de Janeiro - RJ, ficando adida ao Hospital Naval Marcílio Dias.</p><p>Art. 8º Retroagir para efeitos administrativos, conforme descrito nos artigos anteriores.</p><p>Art. 9º Esta Portaria entra em vigor na presente data.</p><p class="assina">ANTONIO REGINALDO PONTES LIMA JUNIOR</p>]]></Texto>
  </body>
</article></xml>