﻿<xml><article id="2037653" name="ATO Ato de Retificação de Public" idOficio="4706943" pubName="DO2" artType="Retificação" pubDate="14/03/2018" artClass="00039:00166:00000:00000:00000:00000:00000:00000:00000:00000:00032:00001" artCategory="Entidades de Fiscalização do Exercício das Profissões Liberais/Conselho Regional de Corretores de Imóveis da 8ª Região" artSize="8" artNotes="" numberPage="67" pdfPage="http://pesquisa.in.gov.br/imprensa/jsp/visualiza/index.jsp?data=14/03/2018&amp;jornal=529&amp;pagina=67" editionNumber="50" highlight="" idMateria="10593683">
  <body>
    <Identifica><![CDATA[ Retificação]]></Identifica>
    <Data><![CDATA[]]></Data>
    <Ementa />
    <Titulo />
    <SubTitulo />
    <Texto><![CDATA[<p class="identifica">Retificação</p><p>Na publicação do Diário oficial da União n. 45, de 7 de março de 2018, seção 2, página 68, referente à Portaria de Instauração da Comissão de Processo Administrativo Disciplinar, no artigo primeiro, no que toca ao número do processo administrativo em que consta as eventuais responsabilidades administrativas, far-se-á a seguinte alteração: Onde se lê: "descritas no Processo n. 79.652/2018". Leia-se: "descritas no Processo n. 79.630/2018.</p>]]></Texto>
  </body>
</article></xml>