﻿<xml><article id="2016267" name="portarias-PROGESP DOU 09.03.18 e" idOficio="4707056" pubName="DO2" artType="Portaria" pubDate="13/03/2018" artClass="00011:00128:00985:00000:00000:00000:00000:00000:00000:00000:00025:00001" artCategory="Ministério da Educação/Universidade Federal do Rio Grande do Norte/Pró-Reitoria de Gestão de Pessoas" artSize="8" artNotes="" numberPage="37" pdfPage="http://pesquisa.in.gov.br/imprensa/jsp/visualiza/index.jsp?data=13/03/2018&amp;jornal=529&amp;pagina=37" editionNumber="49" highlight="" idMateria="10593779">
  <body>
    <Identifica><![CDATA[ PORTARIAS DE 9 DE MARÇO DE 2018]]></Identifica>
    <Data><![CDATA[]]></Data>
    <Ementa />
    <Titulo />
    <SubTitulo />
    <Texto><![CDATA[<p class="identifica">PORTARIAS DE 9 DE MARÇO DE 2018</p><p>O(A) PRO-REITOR(A) DE GESTÃO DE PESSOAS DA Universidade Federal do Rio Grande do Norte, usando da atribuição conferida pela Portaria nº 1.270-R, de 23/10/1995, de acordo com o Artigo 3° da Emenda Constitucional nº 47 de 05/07/2005, publicada no DOU de 06/07/2005, resolve:</p><p>Nº 162 - Conceder aposentadoria voluntária, com proventos integrais a DARCI PINHEIRO, PROFESSOR DO MAGISTERIO SUPERIOR, Classe C - Adjunto, Nível 03 do Quadro de Pessoal da Universidade, Matrícula SIAPE nº 346307, lotado(a) no(a) DEPARTAMENTO DE DIREITO PRIVADO - DIPRI, mantido o valor de 13% de adicional de tempo de serviço, de acordo com o artigo 6º, da Lei nº 9.624, de 02 de abril de 1998, respeitadas as situações contidas até 08/03/1999, conforme determina a Medida Provisória nº 2.225, de 04/09/2001, publicada no DOU de 05/09/2001. (Processo nº 23077.008525/2018)</p><p>Nº 163 - Conceder aposentadoria voluntária, com proventos integrais a LUCINEIDE ARAUJO TAVARES, AUXILIAR DE ENFERMAGEM, Nível de Classificação C, Nível de Capacitação IV, Padrão de Vencimento 16 do Quadro de Pessoal da Universidade, Matrícula SIAPE nº 350543, lotado(a) no(a) HOSPITAL UNIVERSITÁRIO ONOFRE LOPES, mantido o valor de 8% de adicional de tempo de serviço, de acordo com o artigo 6º, da Lei nº 9.624, de 02 de abril de 1998, respeitadas as situações contidas até 08/03/1999, conforme determina a Medida Provisória nº 2.225, de 04/09/2001, publicada no DOU de 05/09/2001. (Processo nº 23077.009382/2018)</p><p>Nº 165 - Conceder aposentadoria voluntária, com proventos integrais a SEVERINA DO RAMO OLIVEIRA FREITAS, AUXILIAR DE ENFERMAGEM, Nível de Classificação C, Nível de Capacitação IV, Padrão de Vencimento 16 do Quadro de Pessoal da Universidade, Matrícula SIAPE nº 349537, lotado(a) no(a) DEPARTAMENTO DE ODONTOLOGIA, mantido o valor de 15% de adicional de tempo de serviço, de acordo com o artigo 6º, da Lei nº 9.624, de 02 de abril de 1998, respeitadas as situações contidas até 08/03/1999, conforme determina a Medida Provisória nº 2.225, de 04/09/2001, publicada no DOU de 05/09/2001. (Processo nº 23077.008425/2018)</p><p>A PRÓ-REITORA DE GESTÃO DE PESSOAS DA UNIVERSIDADE FEDERAL DO RIO GRANDE DO NORTE, no uso da competência que lhe foi delegada pelo Magnífico Reitor através da Portaria nº 1.270-R, de 23/10/1995, publicada no Boletim de Serviço nº 059, de 10/11/1995, e à vista das informações constantes no Processo nº 23077.013156/2018-08, resolve:</p><p>Nº 166 - Conceder pensão vitalícia a MARIA DE LOURDES VARELA DA SILVA (cônjuge), de acordo com o artigo 3º, incisos I, II e III, § único da Emenda Constitucional nº 47, de 05/07/2005, publicada no DOU de 06/07/2005, combinado com o artigo 217, inciso I, da Lei nº 8.112/1990, calculada com base no valor integral dos proventos a que fazia jus o(a) ex-servidor(a) FRANCISCO LOURENÇO DA SILVA, matrícula SIAPE nº 0347851, falecido(a) em 14 de fevereiro de 2018.</p><p class="assina">MIRIAN DANTAS DOS SANTOS</p>]]></Texto>
  </body>
</article></xml>