﻿<xml><article id="2013819" name="PT179_18" idOficio="4706639" pubName="DO2" artType="Portaria" pubDate="13/03/2018" artClass="00017:00026:00024:00000:00000:00000:00000:00000:00000:00000:00025:00001" artCategory="Ministério da Saúde/Secretaria de Atenção à Saúde/Instituto Nacional de Câncer José Alencar Gomes da Silva" artSize="8" artNotes="" numberPage="49" pdfPage="http://pesquisa.in.gov.br/imprensa/jsp/visualiza/index.jsp?data=13/03/2018&amp;jornal=529&amp;pagina=49" editionNumber="49" highlight="" idMateria="10593346">
  <body>
    <Identifica><![CDATA[ PORTARIA  Nº 179, DE 7 DE MARÇO DE 2018]]></Identifica>
    <Data><![CDATA[]]></Data>
    <Ementa />
    <Titulo />
    <SubTitulo />
    <Texto><![CDATA[<p class="identifica">PORTARIA Nº 179, DE 7 DE MARÇO DE 2018</p><p>O Diretor-Geral Substituto do Instituto Nacional de Câncer José Alencar Gomes da Silva, do Ministério da Saúde, no uso de suas atribuições subdelegadas pela Portaria/CGRH/MS nº 1.041 de 30/10/2009, publicada no DOU nº 209, de 03/11/2009, e considerando o disposto no art. 33, inciso VIII, da Lei nº 8.112/1990, publicada no DOU nº 237, de 12/12/1990, resolve:</p><p>Declarar a vacância do cargo de Tecnologista, classe K, padrão I, código de vaga 101719, ocupado por KELY BAZZARELLA FONSECA COLNAGO, matrícula SIAPE nº 2521404, a contar do dia 07/03/2018, por posse em outro cargo inacumulável, conforme processo INCA nº 25410.002187/2018-12. Por ser estável no Serviço Público Federal é garantida sua recondução nos termos do art. 29, da Lei nº 8.112/1990.</p><p class="assina">GÉLCIO LUIZ QUINTELLA MENDES</p>]]></Texto>
  </body>
</article></xml>