﻿<xml><article id="2014905" name="Publicação Designação Daniel" idOficio="4706815" pubName="DO2" artType="Portaria" pubDate="13/03/2018" artClass="00011:00077:00014:00004:00000:00000:00000:00000:00000:00000:00025:00001" artCategory="Ministério da Educação/Instituto Federal de Educação, Ciência e Tecnologia do Rio Grande do Sul/Campus Sertão/Departamento de Administração e Planejamento" artSize="8" artNotes="" numberPage="33" pdfPage="http://pesquisa.in.gov.br/imprensa/jsp/visualiza/index.jsp?data=13/03/2018&amp;jornal=529&amp;pagina=33" editionNumber="49" highlight="" idMateria="10593575">
  <body>
    <Identifica><![CDATA[ PORTARIA Nº 91, DE 9 DE MARÇO DE 2018]]></Identifica>
    <Data><![CDATA[]]></Data>
    <Ementa />
    <Titulo />
    <SubTitulo />
    <Texto><![CDATA[<p class="identifica">PORTARIA Nº 91, DE 9 DE MARÇO DE 2018</p><p>O DIRETOR-GERAL DO INSTITUTO FEDERAL DE EDUCAÇÃO, CIÊNCIA E TECNOLOGIA DO RIO GRANDE DO SUL - CAMPUS SERTÃO, no uso de suas atribuições legais e considerando a Lei n° 11.892, de 29 de dezembro de 2008, publicada no DOU de 30 subsequente, e Resolução do IFRS n° 07, de 20 de agosto de 2009, publicada no DOU de 24 subsequente, resolve:</p><p>DESIGNAR o servidor DANIEL SIMON DA SILVA, Assistente em Administração, Matrícula SIAPE n° 3017393, para a função gratificada de Chefe da Seção de Estágios, código FG-04, deste Campus.</p><p class="assina">Odair José Spenthof</p>]]></Texto>
  </body>
</article></xml>