﻿<xml><article id="2015867" name="Portaria 15 - Nomeação Vanessa C" idOficio="4706989" pubName="DO2" artType="Portaria" pubDate="13/03/2018" artClass="00024:00006:00000:00000:00000:00000:00000:00000:00000:00000:00025:00001" artCategory="Ministério do Esporte/Autoridade de Governança do Legado Olímpico" artSize="8" artNotes="" numberPage="52" pdfPage="http://pesquisa.in.gov.br/imprensa/jsp/visualiza/index.jsp?data=13/03/2018&amp;jornal=529&amp;pagina=52" editionNumber="49" highlight="" idMateria="10593803">
  <body>
    <Identifica><![CDATA[ PORTARIA Nº 15, DE 12 DE MARÇO DE 2018]]></Identifica>
    <Data><![CDATA[]]></Data>
    <Ementa />
    <Titulo />
    <SubTitulo />
    <Texto><![CDATA[<p class="identifica">PORTARIA Nº 15, DE 12 DE MARÇO DE 2018</p><p>O PRESIDENTE DA AUTORIDADE DE GOVERNANÇA DO LEGADO OLÍMPICO, no uso das atribuições que lhe foram conferidas pela Lei nº 13.474, de 23 de agosto de 2017, e Decreto s/nº de 06 de abril de 2017, DOU de 07 de abril de 2017, resolve:</p><p>Designar a servidora VANESSA CASA NOVA FREITAS para exercer a Função Técnica Gratificada, código FT-II, nesta Autarquia.</p><p class="assina">PAULO MÁRCIO DIAS MELLO</p>]]></Texto>
  </body>
</article></xml>