﻿<xml><article id="2036394" name="Port. 7072 - Dispensar Victor Fr" idOficio="4706993" pubName="DO2" artType="Portaria" pubDate="14/03/2018" artClass="00012:00065:00032:00000:00000:00000:00000:00000:00000:00000:00025:00001" artCategory="Ministério da Fazenda/Superintendência de Seguros Privados/Secretaria-Geral" artSize="8" artNotes="" numberPage="36" pdfPage="http://pesquisa.in.gov.br/imprensa/jsp/visualiza/index.jsp?data=14/03/2018&amp;jornal=529&amp;pagina=36" editionNumber="50" highlight="" idMateria="10593820">
  <body>
    <Identifica><![CDATA[ PORTARIA Nº 7.072, DE 7 DE MARÇO DE 2018]]></Identifica>
    <Data><![CDATA[]]></Data>
    <Ementa />
    <Titulo />
    <SubTitulo />
    <Texto><![CDATA[<p class="identifica">PORTARIA Nº 7.072, DE 7 DE MARÇO DE 2018</p><p>O SUPERINTENDENTE SUBSTITUTO DA SUPERINTENDÊNCIA DE SEGUROS PRIVADOS - SUSEP, no uso das atribuições que lhe confere o inciso V do art. 73 do Regimento Interno de que trata a Resolução CNSP nº 346, de 2 de maio de 2017, conforme o inciso X do art. 1º da Portaria GMF nº 393, de 14 de julho de 2009, resolve:</p><p>Art. 1º DISPENSAR, a pedido, o servidor VICTOR DE ALMEIDA FRANÇA, matrícula Siape nº 1818506, CPF nº 091.823.987-71, da Função Comissionada de Coordenador da Coordenação de Monitoramento de Riscos - CORIS, da Coordenação-Geral de Monitoramento Prudencial - CGMOP, código FCPE 101.3, para a qual foi designado pela Portaria Susep nº 6.542, de 7 de junho de 2016, publicada no DOU de 9 de junho de 2016, seção 2, página 40, e apostila publicada no Boletim de Pessoal, BP-02-Especial, de 27 de março de 2017.</p><p>Art. 2º Esta Portaria entra em vigor na data de sua publicação.</p><p class="assina">JOAQUIM MENDANHA DE ATAIDE</p>]]></Texto>
  </body>
</article></xml>