﻿<xml><article id="2017443" name="PORT DGP-DCIPAS - 2018 - Nº 77 -" idOficio="4707201" pubName="DO2" artType="Portaria" pubDate="13/03/2018" artClass="00010:00008:00024:00000:00000:00000:00000:00000:00000:00000:00025:00012" artCategory="Ministério da Defesa/Comando do Exército/Departamento-Geral do Pessoal" artSize="8" artNotes="" numberPage="16" pdfPage="http://pesquisa.in.gov.br/imprensa/jsp/visualiza/index.jsp?data=13/03/2018&amp;jornal=529&amp;pagina=16" editionNumber="49" highlight="" idMateria="10594205">
  <body>
    <Identifica><![CDATA[ PORTARIA Nº 77-DGP/DCIPAS, DE 9 DE MARÇO DE 2018]]></Identifica>
    <Data><![CDATA[]]></Data>
    <Ementa />
    <Titulo />
    <SubTitulo />
    <Texto><![CDATA[<p class="identifica">PORTARIA Nº 77-DGP/DCIPAS, DE 9 DE MARÇO DE 2018</p><p>O CHEFE DO DEPARTAMENTO-GERAL DO PESSOAL, no uso da competência que lhe foi conferida pela Portaria nº 218-Comandante Exército, de 20 de março de 2017, resolve</p><p>NOMEAR,</p><p>por proposta do Comandante Militar do Leste, o Coronel da Reserva Remunerada (Idt 043745953-0) MARCO ANTONIO DE SOUZA, Prec-CP: 96 1704634, no Comando da 4ª Região Militar (BELO HORIZONTE-MG), para Prestador de Tarefa por Tempo Certo, para exercer a tarefa de Apoio Técnico e Administrativo nos Processos de Auditoria e nas Atividades de Controle Interno no Posto Médico da Guarnição de Belo Horizonte e do Comando da 4ª RM, pelo prazo de 24 (vinte e quatro) meses, a partir de 1º de abril de 2018.</p><p class="assina">Gen Ex MANOEL LUIZ NARVAZ PAFIADACHE</p>]]></Texto>
  </body>
</article></xml>