﻿<xml><article id="2016513" name="LAUDA DOU 12-03-2018" idOficio="4707088" pubName="DO2" artType="Portaria" pubDate="13/03/2018" artClass="00038:00054:00003:00000:00000:00000:00000:00000:00000:00000:00025:00001" artCategory="Poder Judiciário/Tribunal Regional do Trabalho da 15ª Região/Presidência" artSize="8" artNotes="" numberPage="39" pdfPage="http://pesquisa.in.gov.br/imprensa/jsp/visualiza/index.jsp?data=13/03/2018&amp;jornal=529&amp;pagina=39" editionNumber="49" highlight="" idMateria="10593936">
  <body>
    <Identifica><![CDATA[ PORTARIA  Nº 118, DE 22 DE FEVEREIRO DE 2018]]></Identifica>
    <Data><![CDATA[]]></Data>
    <Ementa />
    <Titulo />
    <SubTitulo />
    <Texto><![CDATA[<p class="identifica">PORTARIA Nº 118, DE 22 DE FEVEREIRO DE 2018</p><p>O DESEMBARGADOR PRESIDENTE DO TRIBUNAL REGIONAL DO TRABALHO DA 15ª REGIÃO, no uso de suas atribuições legais e regimentais, resolve:</p><p>Designar, a partir da publicação desta portaria, ALEXANDRINA APARECIDA DE OLIVEIRA DE SOUZA, Servidora Pública da Prefeitura Municipal de Campinas, à disposição deste Tribunal, lotada na Seção de Gestão de Arquivo Permanente - Centro de Memória, Arquivo e Cultura (CMAC), da Secretaria Judiciária, para exercer a função comissionada de Assistente FC-02, constante da Tabela de Funções Comissionadas, dispensando-a da função comissionada de Executante FC-01.</p><p class="assina">Fernando da Silva Borges</p><p class="identifica">PORTARIAS DE 6 DE MARÇO DE 2018</p><p>O DESEMBARGADOR PRESIDENTE DO TRIBUNAL REGIONAL DO TRABALHO DA 15ª REGIÃO, no uso de suas atribuições legais e regimentais, resolve:</p><p>Nº 127 - Designar, a partir da publicação desta portaria, ANDRE LUIS DA SILVA, Técnico Judiciário, área Apoio Especializado, especialidade Tecnologia da Informação, do Quadro Permanente da Secretaria deste Tribunal, lotado na Seção de Rede de Dados, da Secretaria de Tecnologia da Informação e Comunicações, para exercer a função comissionada de Assistente-Chefe de Setor FC-05, constante da Tabela de Funções Comissionadas, dispensando AURELIO BIF.</p><p>Nº 131 - Designar CAMILA FOGAGNOLI, Analista Judiciário, área Judiciária, do Quadro Permanente da Secretaria deste Tribunal, para:</p><p>I - ter exercício, a partir de 05 de março de 2018, no Gabinete do Desembargador do Trabalho Renan Ravel Rodrigues Fagundes;</p><p>II - exercer, a partir da publicação desta portaria, a função comissionada de Assistente Administrativo FC-03, constante da Tabela de Funções Comissionadas.</p><p class="assina">Fernando da Silva Borges</p>]]></Texto>
  </body>
</article></xml>