﻿<xml><article id="2020894" name="WEDSON - FC-CC-18" idOficio="4707674" pubName="DO2" artType="Portaria" pubDate="13/03/2018" artClass="00034:00008:00001:00004:00000:00000:00000:00000:00000:00000:00025:00002" artCategory="Ministério Público da União/Ministério Público do Trabalho/Procuradoria-Geral/Diretoria-Geral" artSize="8" artNotes="" numberPage="76" pdfPage="http://pesquisa.in.gov.br/imprensa/jsp/visualiza/index.jsp?data=13/03/2018&amp;jornal=529&amp;pagina=76" editionNumber="49" highlight="" idMateria="10594964">
  <body>
    <Identifica><![CDATA[ PORTARIA Nº 376, DE 12 DE MARÇO DE 2018]]></Identifica>
    <Data><![CDATA[]]></Data>
    <Ementa />
    <Titulo />
    <SubTitulo />
    <Texto><![CDATA[<p class="identifica">PORTARIA Nº 376, DE 12 DE MARÇO DE 2018</p><p>A DIRETORA-GERAL ADJUNTA DO MINISTÉRIO PÚBLICO DO TRABALHO, no uso da competência que lhe foi delegada pela Portaria MPT-PGT nº 86, de 30 de março de 2016, e o que consta no PGEA/MPT nº 002759.2018.00.900/9, resolve:</p><p>Art. 1º Designar o servidor WEDSON COELHO FIGUEIRO, 6004154, ocupante do cargo de Técnico do MPU/Administração, para a função de confiança de Chefe da Secretaria do 24º Ofício Geral da Procuradoria-Geral do Trabalho, código FC-2.</p><p>Art. 2º Designar o servidor WEDSON COELHO FIGUEIRO, 6004154, ocupante do cargo de Técnico do MPU/Administração, para o encargo de substituto eventual do Chefe da Assessoria Jurídica do 24º Ofício Geral da Procuradoria-Geral do Trabalho, código CC-4.</p><p class="assina">SANDRA CRISTINA DE ARAÚJO</p>]]></Texto>
  </body>
</article></xml>