﻿<xml><article id="2025421" name="CARMEN DE BARROS SEGATO" idOficio="4707873" pubName="DO2" artType="Portaria" pubDate="13/03/2018" artClass="00012:00002:00012:00024:00000:00000:00000:00000:00000:00000:00025:00001" artCategory="Ministério da Fazenda/Secretaria Executiva/Subsecretaria de Planejamento, Orçamento e Administração/Superintendência de Administração em Minas Gerais" artSize="8" artNotes="" numberPage="42" pdfPage="http://pesquisa.in.gov.br/imprensa/jsp/visualiza/index.jsp?data=13/03/2018&amp;jornal=529&amp;pagina=42" editionNumber="49" highlight="" idMateria="10595904">
  <body>
    <Identifica><![CDATA[  PORTARIA Nº 100, DE 12 DE MARÇO DE 2018]]></Identifica>
    <Data><![CDATA[]]></Data>
    <Ementa />
    <Titulo />
    <SubTitulo />
    <Texto><![CDATA[<p class="identifica">PORTARIA Nº 100, DE 12 DE MARÇO DE 2018</p><p>A CHEFE DA DIVISÃO DE GESTÃO DE PESSOAS DA SUPERINTENDÊNCIA DE ADMINISTRAÇÃO DO MINISTÉRIO DA FAZENDA EM MINAS GERAIS, usando da subdelegação de competência que lhe foi conferida pela Portaria GRA-MF/MG, nº 386 de 17.11.2004, publicada no Diário Oficial da União, de 19.11.2004, resolve:</p><p>Conceder pensão a CARMEN DE BARROS SEGATO, com fundamento no art. 215 da lei 8.112/90, artigo 3º, inciso I da Lei 13135/15, artigo 2º, inciso I e II da Lei 10887 de 18/06/2004 e EC 41/2003, a partir de 27 de fevereiro de 2018, data do óbito de Waldyr Olavo Segato, matrícula SIAPE 110216, servidor aposentado deste Ministério, cargo de Agente de Mecanização e Apoio, NI, Classe Especial, Padrão III, tendo em vista o que consta do processo SEI nº 10680.100114/2018-38.</p><p class="assina">VALÉRIA CÂNDIDA PORTO.</p>]]></Texto>
  </body>
</article></xml>