﻿<xml><article id="2019004" name="ATO TRT5 79-2018 aposentadoria" idOficio="4707378" pubName="DO2" artType="Ato" pubDate="13/03/2018" artClass="00038:00044:00001:00000:00000:00000:00000:00000:00000:00000:00001:00001" artCategory="Poder Judiciário/Tribunal Regional do Trabalho da 5ª Região/Presidência" artSize="8" artNotes="" numberPage="88" pdfPage="http://pesquisa.in.gov.br/imprensa/jsp/visualiza/index.jsp?data=13/03/2018&amp;jornal=529&amp;pagina=88" editionNumber="49" highlight="" idMateria="10594517">
  <body>
    <Identifica><![CDATA[  ATO Nº 79, DE 8 DE MARÇO DE 2018]]></Identifica>
    <Data><![CDATA[]]></Data>
    <Ementa />
    <Titulo />
    <SubTitulo />
    <Texto><![CDATA[<p class="identifica">ATO Nº 79, DE 8 DE MARÇO DE 2018</p><p>A PRESIDENTE DO TRIBUNAL REGIONAL DO TRABALHO DA QUINTA REGIÃO, no uso de suas atribuições legais e regimentais, considerando o que consta do processo de matéria administrativa autuado sob nº 15032/2017 PROAD; resolve:</p><p>Aposentar a servidora KÁTIA DE SOUZA MOURA, por invalidez, com proventos proporcionais, no cargo de Técnico Judiciário/Administrativa, Classe C, Padrão 13 (Lei nº 12.774/2012), com fundamento no art. 40, §1o, inciso I, da Constituição Federal, com redação dada pela Emenda Constitucional 41/2003, combinado com a EC nº 70/2012, e o artigo 186, inciso I, da Lei nº 8.112/90, acrescido das vantagens do art. 62 da Lei 8.112/90 e art. 3º da Lei 8.911/94 (revogado pela Lei 9.527/97, mas cujos atos praticados foram convalidados pela Lei 9.624/98), com os proventos calculados com base na remuneração do cargo efetivo, paridade e extensão de vantagens.</p><p class="assina">MARIA DE LOURDES LINHARES</p>]]></Texto>
  </body>
</article></xml>