﻿<xml><article id="2016396" name="PT 299 - 09.03.2018 - SEI Nº DIG" idOficio="4707049" pubName="DO2" artType="Portaria" pubDate="13/03/2018" artClass="00017:00002:00029:00108:00005:00000:00000:00000:00000:00000:00025:00015" artCategory="Ministério da Saúde/Secretaria Executiva/Núcleo Estadual no Rio de Janeiro/Divisão de Gestão Administrativa/Serviço de Pessoal Inativo" artSize="8" artNotes="" numberPage="48" pdfPage="http://pesquisa.in.gov.br/imprensa/jsp/visualiza/index.jsp?data=13/03/2018&amp;jornal=529&amp;pagina=48" editionNumber="49" highlight="" idMateria="10593911">
  <body>
    <Identifica><![CDATA[ PORTARIA Nº 299, DE 9 DE MARÇO DE 2018]]></Identifica>
    <Data><![CDATA[]]></Data>
    <Ementa />
    <Titulo />
    <SubTitulo />
    <Texto><![CDATA[<p class="identifica">PORTARIA Nº 299, DE 9 DE MARÇO DE 2018</p><p>A CHEFE SUBSTITUTA DA DIVISÃO DE GESTÃO ADMINISTRATIVA DA COORDENAÇÃO DE GESTÃO DO NÚCLEO ESTADUAL DO MINISTÉRIO DA SAÚDE NO ESTADO DO RIO DE JANEIRO, no uso das atribuições conferidas pela PT/CGRH/SAA/MS nº 1804, de 01/10/2013, publicada no DOU nº 192, de 03/10/2013 e à vista das informações constantes no Processo nº 25001.405133/2017-46, resolve:</p><p>Cancelar, face renúncia expressa, o benefício de pensão concedido à GIOVANA TANIA ARAUJO ALMEIDA, Matrícula SIAPE 01590545, em razão do falecimento do ex-servidor FRANCISCO AFONSO ALMEIDA, Matrícula SIAPE 1051475, ocorrido em 17/08/1988, em conformidade com o inciso VI do Art. 222 da Lei 8112/90.</p><p class="assina">KARINA ORNELAS DOS SANTOS LATORRACA</p>]]></Texto>
  </body>
</article></xml>