﻿<xml><article id="2015488" name="Portaria Nº 49 SPOA" idOficio="4706937" pubName="DO2" artType="Portaria" pubDate="13/03/2018" artClass="00025:00002:00016:00000:00000:00000:00000:00000:00000:00000:00025:00001" artCategory="Ministério do Meio Ambiente/Secretaria Executiva/Subsecretaria de Planejamento, Orçamento e Administração" artSize="8" artNotes="" numberPage="52" pdfPage="http://pesquisa.in.gov.br/imprensa/jsp/visualiza/index.jsp?data=13/03/2018&amp;jornal=529&amp;pagina=52" editionNumber="49" highlight="" idMateria="10593677">
  <body>
    <Identifica><![CDATA[ PORTARIA Nº 49, DE 9 DE MARÇO DE 2018]]></Identifica>
    <Data><![CDATA[]]></Data>
    <Ementa />
    <Titulo />
    <SubTitulo />
    <Texto><![CDATA[<p class="identifica">PORTARIA Nº 49, DE 9 DE MARÇO DE 2018</p><p>O COORDENADOR-GERAL DE GESTÃO DE PESSOAS DO MINISTÉRIO DO MEIO AMBIENTE, SUBSTITUTO, no uso das atribuições que lhe confere a Portaria no84, de 14 de setembro de 2009, publicada no Diário Oficial da União do dia 15 seguinte, resolve:</p><p>Rescindir, a pedido, a partir de 22 de março de 2018, o contrato da senhora NEIDE MATEUS RODRIGUES, matrícula SIAPE nº 0431429, contratada nos termos da alínea "h", do inciso VI, do artigo 2oda Lei no8.745/93, alterada pelas Leis no10.667/03 e 11.784/2008.</p><p class="assina">JADSON LUIZ BENTO FERREIRA</p>]]></Texto>
  </body>
</article></xml>