﻿<xml><article id="2013771" name="portaria 17663 SGP" idOficio="4706581" pubName="DO2" artType="Portaria" pubDate="13/03/2018" artClass="00038:00025:00000:00000:00000:00000:00000:00000:00000:00000:00025:00004" artCategory="Poder Judiciário/Tribunal Regional Eleitoral do Pará" artSize="8" artNotes="" numberPage="87" pdfPage="http://pesquisa.in.gov.br/imprensa/jsp/visualiza/index.jsp?data=13/03/2018&amp;jornal=529&amp;pagina=87" editionNumber="49" highlight="" idMateria="10593265">
  <body>
    <Identifica><![CDATA[ Portaria Nº 17.663, de 1º de março de 2018]]></Identifica>
    <Data><![CDATA[]]></Data>
    <Ementa />
    <Titulo />
    <SubTitulo />
    <Texto><![CDATA[<p class="identifica">Portaria Nº 17.663, de 1º de março de 2018</p><p>O PRESIDENTE DO TRIBUNAL REGIONAL ELEITORAL DO PARÁ, em exercício, no uso de suas atribuições legais e regimentais, e à vista do contido no Processo Administrativo Eletrônico nº 0001842-36.2018.6.14.8004, resolve:</p><p>Art. 1º DESIGNAR o servidor ALKAYDE ASSAN DE SOUSA FARIAS, Técnico Judiciário da Área Administrativa do Quadro de Pessoal Permanente deste Tribunal, para exercer a Função Comissionada de Chefe de Posto de Atendimento, nível FC-1, localizado no município de Santa Maria do Pará, com fulcro no art. 9º da Resolução TRE/PA nº 5.413/2017, com efeitos a contar de 01.02.2018, convalidando os atos praticados.</p><p>Art. 2º Esta portaria entra em vigor na data de sua publicação.</p><p class="assina">ROBERTO GONÇALVES DE MOURA</p>]]></Texto>
  </body>
</article></xml>