﻿<xml><article id="2012019" name="P_515_DISPENSAR GIULIANE DA SILV" idOficio="4706468" pubName="DO2" artType="Portaria" pubDate="13/03/2018" artClass="00011:00058:00001:00001:00000:00000:00000:00000:00000:00000:00025:00002" artCategory="Ministério da Educação/Instituto Federal de Educação, Ciência e Tecnologia de Brasília/Reitoria/Chefia de Gabinete da Reitoria" artSize="8" artNotes="" numberPage="26" pdfPage="http://pesquisa.in.gov.br/imprensa/jsp/visualiza/index.jsp?data=13/03/2018&amp;jornal=529&amp;pagina=26" editionNumber="49" highlight="" idMateria="10593113">
  <body>
    <Identifica><![CDATA[ PORTARIA Nº 515, DE 9 DE MARÇO DE 2018]]></Identifica>
    <Data><![CDATA[]]></Data>
    <Ementa />
    <Titulo />
    <SubTitulo />
    <Texto><![CDATA[<p class="identifica">PORTARIA Nº 515, DE 9 DE MARÇO DE 2018</p><p>O REITOR DO INSTITUTO FEDERAL DE BRASÍLIA, nomeado pelo Decreto de 05 de maio de 2015, publicado no Diário Oficial da União em 06 de maio de 2015, no uso de suas atribuições legais e regimentais, resolve:</p><p>Art. 1º DISPENSAR, a pedido, a servidora GIULIANE DA SILVA PIMENTEL, matrícula SIAPE Nº 2331331, ocupante do cargo efetivo de Professor do Ensino Básico, Técnico e Tecnológico, lotada no Campus Riacho Fundo, do Instituto Federal de Brasília, da função de Coordenadora do Curso Técnico Subsequente em Cozinha, código-FCC, do Campus Riacho Fundo, do Instituto Federal de Brasília.</p><p>Art. 2º Esta Portaria entra em vigor na data de sua assinatura.</p><p class="assina">WILSON CONCIANI</p>]]></Texto>
  </body>
</article></xml>