﻿<xml><article id="2013981" name="portaria43" idOficio="4706682" pubName="DO2" artType="Portaria" pubDate="13/03/2018" artClass="00017:00002:00028:00001:00000:00000:00000:00000:00000:00000:00025:00001" artCategory="Ministério da Saúde/Secretaria Executiva/Núcleo Estadual no Piauí/Seção de Gestão de Convênios" artSize="8" artNotes="" numberPage="47" pdfPage="http://pesquisa.in.gov.br/imprensa/jsp/visualiza/index.jsp?data=13/03/2018&amp;jornal=529&amp;pagina=47" editionNumber="49" highlight="" idMateria="10593366">
  <body>
    <Identifica><![CDATA[ PORTARIA Nº 43, DE 28 DE FEVEREIRO DE 2018]]></Identifica>
    <Data><![CDATA[]]></Data>
    <Ementa />
    <Titulo />
    <SubTitulo><![CDATA[SERVIÇO DE GESTÃO ADMINISTRATIVA]]></SubTitulo>
    <Texto><![CDATA[<p class="subtitulo">SERVIÇO DE GESTÃO ADMINISTRATIVA</p><p class="identifica">PORTARIA Nº 43, DE 28 DE FEVEREIRO DE 2018</p><p>O CHEFE DO SERVIÇO DE GESTÃO ADMINISTRATIVA DO NÚCLEO ESTADUAL DO MINISTÉRIO DA SAÚDE NO PIAUÍ, no uso das atribuições que lhe foram conferidas, na forma da Portaria n.º 429, de 10/02/2017, publicada no DOU nº 31, Seção 2, de 13/02/2017, resolve:</p><p>1 - Tornar pública a relação dos aposentados e/ou pensionistas que terão o pagamento do provento e/ou benefício de pensão suspenso, por motivo de não atendimento a convocação e respectiva notificação para realizar o recadastramento anual no mês do aniversário.</p><p></p><table><tr /><tr><td><p>MAT</p></td><td><p>CPF</p></td><td><p>NOME</p></td><td><p>TIPO</p></td></tr><tr><td><p>525065</p></td><td><p>014.383.953-53</p></td><td><p>RAIMUNDO NONATO DA SILVA</p></td><td><p>APOSENTADO</p></td></tr></table><p>2 - O restabelecimento do pagamento do provento e/ou da pensão fica condicionado ao recadastramento mediante comparecimento pessoal dos interessados ao Serviço de Gestão de Pessoas situado a Rua Magalhães Filho, 519, esquina com Rua Lisandro Nogueira - Teresina/PI, portando a documentação estabelecida nos arts. 5º e 6º da ON SEGEP/MP nº 01, publicada no DOU de 14/01/2013.</p><p>3 - Na hipótese de doença grave ou de impossibilidade de locomoção do aposentado e/ou pensionista deverá ser solicitada visita técnica, ficando o pagamento restabelecido provisoriamente até que seja realizada a visita.</p><p class="assina">NIELTHON DIOGO MACHADO COÊLHO MODESTO</p>]]></Texto>
  </body>
</article></xml>