﻿<xml><article id="2011479" name="portaria 114-2018" idOficio="4706459" pubName="DO2" artType="Portaria" pubDate="13/03/2018" artClass="00013:00014:00000:00000:00000:00000:00000:00000:00000:00000:00019:00001" artCategory="Ministério da Indústria, Comércio Exterior e Serviços/Instituto Nacional de Metrologia, Qualidade e Tecnologia" artSize="8" artNotes="" numberPage="45" pdfPage="http://pesquisa.in.gov.br/imprensa/jsp/visualiza/index.jsp?data=13/03/2018&amp;jornal=529&amp;pagina=45" editionNumber="49" highlight="" idMateria="10592981">
  <body>
    <Identifica><![CDATA[ PORTARIA Nº 114, DE 9 DE MARÇO DE 2018]]></Identifica>
    <Data><![CDATA[]]></Data>
    <Ementa />
    <Titulo />
    <SubTitulo />
    <Texto><![CDATA[<p class="identifica">PORTARIA Nº 114, DE 9 DE MARÇO DE 2018</p><p>O PRESIDENTE DO INSTITUTO NACIONAL DE METROLOGIA, QUALIDADE E TECNOLOGIA - Inmetro, conforme dispõe contrato de gestão em sua cláusula sétima, e no uso de suas atribuições que lhe confere o § 3º do artigo 4º da Lei 5.966, de 11 de dezembro de 1973, e o que dispõem os artigos 143, 148 e 149, da Lei nº 8.112, de 11 de dezembro de 1990, tendo em vista o inciso VII, do art. 18 da Estrutura Regimental da Autarquia, aprovada pelo Decreto nº 6.275, de 28 de novembro de 2007, com a redação alterada pelos Decretos n.ºs 7.938, de 19 de fevereiro de 2013, e 8.671, de 16 de fevereiro de 2016, resolve:</p><p>Nomear PAULO GOMES DA SILVA, para exercer o cargo de Coordenador-Geral da Rede Brasileira de Metrologia Legal e Qualidade (RBMLQ-I), Código DAS-101.4, do Instituto Nacional de Metrologia, Qualidade e Tecnologia - Inmetro, ficando, em consequência, exonerado do cargo que atualmente ocupa.</p><p class="assina">CARLOS AUGUSTO DE AZEVEDO</p>]]></Texto>
  </body>
</article></xml>