﻿<xml><article id="2023967" name="port 2662 - ENEIDA BUENO BENEVID" idOficio="4707780" pubName="DO2" artType="Portaria" pubDate="13/03/2018" artClass="00026:00002:00013:01477:00000:00000:00000:00000:00000:00000:00025:00007" artCategory="Ministério do Planejamento, Desenvolvimento e Gestão/Secretaria Executiva/Subsecretaria de Assuntos Administrativos/Coordenação-Geral de Gestão de Pessoas" artSize="8" artNotes="" numberPage="53" pdfPage="http://pesquisa.in.gov.br/imprensa/jsp/visualiza/index.jsp?data=13/03/2018&amp;jornal=529&amp;pagina=53" editionNumber="49" highlight="" idMateria="10595619">
  <body>
    <Identifica><![CDATA[ PORTARIA Nº 2.662, DE 12 DE MARÇO DE 2018]]></Identifica>
    <Data><![CDATA[]]></Data>
    <Ementa />
    <Titulo />
    <SubTitulo />
    <Texto><![CDATA[<p class="identifica">PORTARIA Nº 2.662, DE 12 DE MARÇO DE 2018</p><p>A COORDENADORA-GERAL DE GESTÃO DE PESSOAS DO MINISTÉRIO DO PLANEJAMENTO, DESENVOLVIMENTO E GESTÃO, no uso da competência atribuída na alínea "e", do inciso I, do art. 113, do Regimento Interno aprovado pela Portaria GM/MP no 11, de 1º de fevereiro de 2018, e com o que consta do processo nº 04905.000930/2018-68, resolve:</p><p>Dispensar ENEIDA BUENO BENEVIDES, matrícula SIAPE nº 0440211, da Função Gratificada, código FG-1, da Secretaria do Patrimônio da União deste Ministério, a contar de 9 de fevereiro de 2018.</p><p class="assina">AYALA DO CARMO TANIOS NEMER</p>]]></Texto>
  </body>
</article></xml>