﻿<xml><article id="2015590" name="Portaria 70-DG" idOficio="4706929" pubName="DO2" artType="Portaria" pubDate="13/03/2018" artClass="00031:00004:00000:00000:00000:00000:00000:00000:00000:00000:00025:00001" artCategory="Ministério dos Transportes, Portos e Aviação Civil/Agência Nacional de Transportes Aquaviários" artSize="8" artNotes="" numberPage="57" pdfPage="http://pesquisa.in.gov.br/imprensa/jsp/visualiza/index.jsp?data=13/03/2018&amp;jornal=529&amp;pagina=57" editionNumber="49" highlight="" idMateria="10593739">
  <body>
    <Identifica><![CDATA[ PORTARIA Nº 70, DE 11 DE MARÇO DE 2018]]></Identifica>
    <Data><![CDATA[]]></Data>
    <Ementa />
    <Titulo />
    <SubTitulo />
    <Texto><![CDATA[<p class="identifica">PORTARIA Nº 70, DE 11 DE MARÇO DE 2018</p><p>O DIRETOR-GERAL SUBSTITUTO DA AGÊNCIA NACIONAL DE TRANSPORTES AQUAVIÁRIOS - ANTAQ, no uso das atribuições que lhe conferem os incisos IV e VII do art. 20 do Regimento Interno e tendo em vista o deliberado pela Diretoria Colegiada em sua 439ª Reunião Ordinária, realizada em 9 de março de 2018,resolve:</p><p>Art. 1º Designar Cyrce de Queiroz e Silva, matrícula SIAPE nº 1665285, para substituir o Titular da Gerência de Planejamento e Inteligência da Fiscalização - GPF, durante o período de 5 a 9 de fevereiro de 2018.</p><p>Art. 2º Esta portaria entrará em vigor na data de sua publicação.</p><p class="assina">MÁRIO POVIA</p>]]></Texto>
  </body>
</article></xml>