﻿<xml><article id="2020544" name="Cópia de ATO DE PORTARIA de 12 D" idOficio="4707616" pubName="DO2" artType="Portaria" pubDate="13/03/2018" artClass="00012:00002:00012:00012:00000:00000:00000:00000:00000:00000:00025:00001" artCategory="Ministério da Fazenda/Secretaria Executiva/Subsecretaria de Planejamento, Orçamento e Administração/Superintendência de Administração em Alagoas" artSize="8" artNotes="" numberPage="41" pdfPage="http://pesquisa.in.gov.br/imprensa/jsp/visualiza/index.jsp?data=13/03/2018&amp;jornal=529&amp;pagina=41" editionNumber="49" highlight="" idMateria="10594897">
  <body>
    <Identifica><![CDATA[ PORTARIA Nº 48, DE 12 DE MARÇO DE 2018]]></Identifica>
    <Data><![CDATA[]]></Data>
    <Ementa />
    <Titulo />
    <SubTitulo />
    <Texto><![CDATA[<p class="identifica">PORTARIA Nº 48, DE 12 DE MARÇO DE 2018</p><p>O SUPERINTENDENTE DE ADMINISTRAÇÃO DO MINISTÉRIO DA FAZENDA EM ALAGOAS, no uso de suas atribuições e tendo em vista a competência que lhe confere o artigo 86, inciso X e XI, da Portaria nº 144, de 27 de abril de 2016, publicada no DOU de 29 de abril de 2016, resolve:</p><p>ART. 1º Cancelar Pensão Civil concedida a MARIA AUGUSTA JANUÁRIO, benefício/matrícula nº 00273091, CPF nº 099.509.584-15, em virtude da constatação de ilegalidade apontada pelo Tribunal de Contas da União, através do Acórdão nº 2.780/2016, objeto do Processo Administrativo nº 10465.000005/2018-66.</p><p class="assina">MARCO AURELIO NEIVA MARTINS</p>]]></Texto>
  </body>
</article></xml>