﻿<xml><article id="2019402" name="PORTARIA Nº 34-SAP- REVOGAÇÃO AI" idOficio="4707438" pubName="DO2" artType="Portaria" pubDate="13/03/2018" artClass="00010:00008:00007:00013:00000:00000:00000:00000:00000:00000:00025:00001" artCategory="Ministério da Defesa/Comando do Exército/Comando Militar do Leste/4ª Região Militar" artSize="8" artNotes="" numberPage="14" pdfPage="http://pesquisa.in.gov.br/imprensa/jsp/visualiza/index.jsp?data=13/03/2018&amp;jornal=529&amp;pagina=14" editionNumber="49" highlight="" idMateria="10594611">
  <body>
    <Identifica><![CDATA[ PORTARIA Nº 34 - SAP/1.1-SSIP/4, DE 6 DE MARÇO DE 2018]]></Identifica>
    <Data><![CDATA[]]></Data>
    <Ementa />
    <Titulo />
    <SubTitulo />
    <Texto><![CDATA[<p class="identifica">PORTARIA Nº 34 - SAP/1.1-SSIP/4, DE 6 DE MARÇO DE 2018</p><p>O COMANDANTE DA 4ª REGIÃO MILITAR, no uso da competência que lhe foi subdelegada pela Portaria nº 192-DGP, de 1º de outubro de 2015, com base no processo NUP 0003975.001022254/2016-29 de Revisão de Auxílio-Invalidez, resolve:</p><p>REVOGAR o Auxílio-Invalidez concedido ao Cabo Reformado Idt (017985551-5) CARLOS ROBERTO XAVIER, CPF (132.973.176-04), que foi Reformado por meio da Portaria nº 244-DIP-S3, de 15 JUN 1972, publicada no Diário Oficial da União de 3 de julho de 1972, por não mais fazer jus ao benefício supracitado, conforme Ata de Inspeção de Saúde nº 4802, sessão nº 118, de 24 de novembro de 2016, emitida pelo MPGu II/Belo Horizonte (Cmdo 4ªRM) e Ata de Inspeção de Saúde nº 1166, sessão nº 34, de 3 de outubro de 2017, emitida pela JISR/4ª RM (HGeJF), tendo esta última Ata de Inspeção de Saúde sido homologada pelo Parecer Técnico nº 264, datado de 26 de outubro de 2017, da SSR/4ªRM.</p><p class="assina">Gen Div HENRIQUE MARTINS NOLASCO SOBRINHO</p>]]></Texto>
  </body>
</article></xml>