﻿<xml><article id="2024210" name="PORTARIA N° 10, DE 12 DE MARÇO D" idOficio="4707649" pubName="DO2" artType="Portaria" pubDate="13/03/2018" artClass="00030:00002:00000:00000:00000:00000:00000:00000:00000:00000:00025:00001" artCategory="Ministério dos Direitos Humanos/Secretaria Executiva" artSize="8" artNotes="" numberPage="55" pdfPage="http://pesquisa.in.gov.br/imprensa/jsp/visualiza/index.jsp?data=13/03/2018&amp;jornal=529&amp;pagina=55" editionNumber="49" highlight="" idMateria="10595758">
  <body>
    <Identifica><![CDATA[ PORTARIA Nº 10, DE 12 DE MARÇO DE 2018]]></Identifica>
    <Data><![CDATA[]]></Data>
    <Ementa />
    <Titulo />
    <SubTitulo />
    <Texto><![CDATA[<p class="identifica">PORTARIA Nº 10, DE 12 DE MARÇO DE 2018</p><p>O SECRETÁRIO-EXECUTIVO DO MINISTÉRIO DOS DIREITOS HUMANOS, no uso das atribuições que lhe foram delegadas pela Portaria nº 160, de 7 de março de 2018, considerando nos arts. 11 e 12do Decreto-Lei 200, de 25 de fevereiro de 1967, e do Decreto nº 83.937, de 6 de setembro de 1979, resolve:</p><p>Art. 1º Subdelegar competência aos servidores abaixo relacionados, para atuarem como Ordenador de Despesa, Gestor Financeiro com seus respectivos substitutos, no âmbito da unidade gestora 810006 - Secretaria Nacional de Cidadania:</p><p>I- Ordenador de Despesa Titular: Herbert Borges Paes de Barros, CPF n° 768.144.831- 49</p><p>II- Ordenador de Despesa Substituto: Caroline Dias dos Reis, CPF nº 010.343.551-47;</p><p>III- Gestor Financeiro Titular: Solange Maria Cavalcante Medeiros Neves, CPF n° 199.689.22315;</p><p>IV- Gestor Financeiro Substituto: Jorge Marcos Gomes de Matos Nunes, CPF n° 189.592.614 91.</p><p>Art. 2º Designar os servidores abaixo relacionados, para atuarem como responsável pela Conformidade de Registro de Gestão, no âmbito da unidade gestora 810006 - Secretaria Nacional de Cidadania, na forma do art. 6º da Instrução Normativa n.º 6, de 31 de Outubro de 2007, expedida pela Secretaria do Tesouro Nacional:</p><p>I - Titular: Michelle Cassemiro de Freitas - CPF nº 017 697 571 39</p><p>II - Substituto: Silvan Carlos de Azevedo Campos, CPF nº 323 201 161-68</p><p>Art. 3º Fica revogada a Portaria MDH nº 458, de 04 de dezembro de 2017, publicada no DOU de 05 de dezembro de 2017.</p><p>Art. 4º Esta Portaria entra em vigor na data de sua publicação.</p><p class="assina">ENGELS AUGUSTO MUNIZ</p>]]></Texto>
  </body>
</article></xml>