﻿<xml><article id="2011944" name="44-R-2018" idOficio="4705876" pubName="DO2" artType="Portaria" pubDate="13/03/2018" artClass="00011:00124:00001:00000:00000:00000:00000:00000:00000:00000:00025:00001" artCategory="Ministério da Educação/Universidade Federal do Paraná/Reitoria" artSize="8" artNotes="" numberPage="36" pdfPage="http://pesquisa.in.gov.br/imprensa/jsp/visualiza/index.jsp?data=13/03/2018&amp;jornal=529&amp;pagina=36" editionNumber="49" highlight="" idMateria="10592080">
  <body>
    <Identifica><![CDATA[ PORTARIA Nº 94, de 2 DE MARÇO DE 2018]]></Identifica>
    <Data><![CDATA[]]></Data>
    <Ementa />
    <Titulo />
    <SubTitulo />
    <Texto><![CDATA[<p class="identifica">PORTARIA Nº 94, de 2 DE MARÇO DE 2018</p><p>O REITOR DA UNIVERSIDADE FEDERAL DO PARANÁ, no uso de suas atribuições, resolve:</p><p>Nomear, a partir da data de publicação em DOU desta Portaria até 12 de março de 2019, a servidora ANDREA TRAUB - 2382762, para exercer o cargo de direção de Coordenadora de Desenvolvimento de Pessoas, CD-04, da Pró-Reitoria de Gestão de Pessoas, autorizado pela Medida Provisória nº 1.534/96, regulamentada pela Portaria Interministerial nº 1.407/96-MEC/MARE.</p><p class="assina">RICARDO MARCELO FONSECA</p>]]></Texto>
  </body>
</article></xml>