﻿<xml><article id="2020849" name="Portaria nº 85 - Designa a autor" idOficio="4707672" pubName="DO2" artType="Portaria" pubDate="13/03/2018" artClass="00026:00029:00000:00000:00000:00000:00000:00000:00000:00000:00025:00001" artCategory="Ministério do Planejamento, Desenvolvimento e Gestão/Fundação Escola Nacional de Administração Pública" artSize="8" artNotes="" numberPage="54" pdfPage="http://pesquisa.in.gov.br/imprensa/jsp/visualiza/index.jsp?data=13/03/2018&amp;jornal=529&amp;pagina=54" editionNumber="49" highlight="" idMateria="10594961">
  <body>
    <Identifica><![CDATA[ PORTARIA Nº 85, DE 12 DE MARÇO DE 2018]]></Identifica>
    <Data><![CDATA[]]></Data>
    <Ementa />
    <Titulo />
    <SubTitulo />
    <Texto><![CDATA[<p class="identifica">PORTARIA Nº 85, DE 12 DE MARÇO DE 2018</p><p>O PRESIDENTE DA FUNDAÇÃO ESCOLA NACIONAL DE ADMINISTRAÇÃO PÚBLICA - Enap, no uso das atribuições que lhe confere o Estatuto aprovado pelo Decreto nº 8.902, de 10 de novembro de 2016, e considerando o disposto na Lei nº 12.527, de 18 de novembro de 2011, resolve:</p><p>Art. 1º Designar JOÃO PAULO SILVEIRA, Auditor-Chefe, matrícula 1729136, como autoridade responsável por assegurar o cumprimento e monitorar a implementação da Lei de Acesso à Informação no âmbito da Enap, conforme previsto no art. 40 da Lei nº 12.527, de 18 de novembro de 2011.</p><p>Art. 2º Revoga-se a Portaria nº 109, de 26 de abril de 2016, publicada no Diário Oficial da União em 28 de abril de 2016, na Seção 2, página 46.</p><p>Art. 3º Esta Portaria entra em vigor na data de sua publicação.</p><p class="assina">FRANCISCO GAETANI</p>]]></Texto>
  </body>
</article></xml>