﻿<xml><article id="2012901" name="Port. 358 - AFASTAMENTO PAÍS LUI" idOficio="4706576" pubName="DO2" artType="Portaria" pubDate="13/03/2018" artClass="00034:00008:00001:00000:00000:00000:00000:00000:00000:00000:00025:00002" artCategory="Ministério Público da União/Ministério Público do Trabalho/Procuradoria-Geral" artSize="8" artNotes="" numberPage="61" pdfPage="http://pesquisa.in.gov.br/imprensa/jsp/visualiza/index.jsp?data=13/03/2018&amp;jornal=529&amp;pagina=61" editionNumber="49" highlight="" idMateria="10593260">
  <body>
    <Identifica><![CDATA[ Portaria nº 358, de 9 de março de 2018]]></Identifica>
    <Data><![CDATA[]]></Data>
    <Ementa />
    <Titulo />
    <SubTitulo />
    <Texto><![CDATA[<p class="identifica">Portaria nº 358, de 9 de março de 2018</p><p>O PROCURADOR-GERAL DO TRABALHO, no uso de suas atribuições, observados o item "a" do art. 1º da Portaria PGR nº 308, de 28.5.1996, publicada na Seção 2 do DOU de 30.5.1996, tendo em vista o que consta do PGEA000026.2018.18.903/4, e cumpridas as exigências da Resolução nº 75/08, resolve:</p><p>Art. 1º Autorizar o afastamento do País e de suas funções institucionais, no período de 19 a 25 de março de 2018, incluído o trânsito, do Procurador do Trabalho Luis Fabiano de Assis, lotado na PTM de Anápolis/PRT 18ª Região, para participar de encontro do "Decent Work, Healthy Families Hub", em Londres/Inglaterra, com ônus para o Ministério Público do Trabalho, exceto passagens aéreas e deslocamento urbano, que serão fornecidos pela organização do evento.</p><p class="assina">RONALDO CURADO FLEURY</p>]]></Texto>
  </body>
</article></xml>