﻿<xml><article id="2013873" name="Port_CGRH_38_Conceder pensão_ANT" idOficio="4706657" pubName="DO2" artType="Portaria" pubDate="13/03/2018" artClass="00021:00002:00328:00005:00000:00000:00000:00000:00000:00000:00025:00001" artCategory="Ministério de Minas e Energia/Secretaria Executiva/Subsecretaria de Planejamento, Orçamento e Administração/Coordenação-Geral de Recursos Humanos" artSize="8" artNotes="" numberPage="51" pdfPage="http://pesquisa.in.gov.br/imprensa/jsp/visualiza/index.jsp?data=13/03/2018&amp;jornal=529&amp;pagina=51" editionNumber="49" highlight="" idMateria="10593375">
  <body>
    <Identifica><![CDATA[ PORTARIA Nº 38, DE 8 DE MARÇO DE 2018]]></Identifica>
    <Data><![CDATA[]]></Data>
    <Ementa />
    <Titulo />
    <SubTitulo />
    <Texto><![CDATA[<p class="identifica">PORTARIA Nº 38, DE 8 DE MARÇO DE 2018</p><p>O COORDENADOR-GERAL DE RECURSOS HUMANOS DA SUBSECRETARIA DE PLANEJAMENTO, ORÇAMENTO E ADMINISTRAÇÃO DA SECRETARIA-EXECUTIVA DO MINISTÉRIO DE MINAS E ENERGIA, no uso das atribuições que lhe confere o artigo 32, da Portaria Ministerial nº 108, de 14 de março de 2017, do Regimento Interno da Secretaria-Executiva, publicada no Diário Oficial da União, de 16 de março de 2017, e tendo em vista o disposto dos artigos 215, 217, item I, alínea "C", e 225 da Lei nº 8.112/90, combinado com o artigo 40, § 7º, inciso I, da Emenda Constitucional nº 41, publicada no Diário Oficial da União de 31 de dezembro de 2003, regulamentada pelo artigo 2º, inciso I da Lei nº 10.887/2004, observado o disposto da Lei nº 13.135/2015, e o que consta do Processo MME nº 48340.000235/2018-12, resolve:</p><p>Art. 1º Conceder pensão a ANTONIA DA GRAÇA PASSOS, na qualidade de companheira do instituidor ACILON MOREIRA DA SILVA, matrícula SIAPE nº 0455593, aposentado pela Portaria CGRH nº 35, de 08 de abril de 1998, falecido em 01 de dezembro de 2017, no cargo de Técnico de Arquivo, código 480/047, classe B, padrão V, data da vigência da concessão.</p><p>Art. 2º Esta Portaria entra em vigor na data da sua publicação.</p><p class="assina">CARLOS EDUARDO MENDES GALVÃO</p>]]></Texto>
  </body>
</article></xml>