﻿<xml><article id="2018200" name="Portaria nº 7834, de 8.3.2018 - " idOficio="4707306" pubName="DO2" artType="Portaria" pubDate="13/03/2018" artClass="00032:00003:00015:00000:00000:00000:00000:00000:00000:00000:00025:00009" artCategory="Departamento de Polícia Federal/Diretoria de Gestão de Pessoal/Ministério da Justiça" artSize="8" artNotes="" numberPage="58" pdfPage="http://pesquisa.in.gov.br/imprensa/jsp/visualiza/index.jsp?data=13/03/2018&amp;jornal=529&amp;pagina=58" editionNumber="49" highlight="" idMateria="10594326">
  <body>
    <Identifica><![CDATA[ PORTARIA Nº 7.834, de 8 DE MARÇO DE 2018]]></Identifica>
    <Data><![CDATA[]]></Data>
    <Ementa />
    <Titulo />
    <SubTitulo />
    <Texto><![CDATA[<p class="identifica">PORTARIA Nº 7.834, de 8 DE MARÇO DE 2018</p><p>O DIRETOR DE GESTÃO DE PESSOAL DA POLÍCIA FEDERAL, no uso da competência que lhe foi atribuída pelo inciso XVII do art. 42 do Regimento Interno da Polícia Federal, aprovado pela Portaria MJ nº 1252, de 29/12/2017, publicado no DOU nº 1, de 02/01/2018, e considerando decisão judicial proferida no Processo nº 0800834-81.2018.4.05.8400 - 1ª VF/SJRN; bem como o que consta no Processo SEI nº 00525.000978/2018-90, resolve:</p><p>ALTERAR, nos termos do Ofício nº 00779/2018/SEJUD/PURN/PGU/AGU, a Portaria n° 317, de 15/04/1997, publicada no DOU n° 73, de 17/04/1997, que nomeou FLAVIO JOSE DA SILVA NOGUEIRA, para fazer constar que a nomeação seja considerada a partir de 21/11/1996. O presente ato deverá ser revogado em caso de provimento judicial favorável à União.</p><p class="assina">DELANO CERQUEIRA BUNN</p>]]></Texto>
  </body>
</article></xml>