﻿<xml><article id="2017311" name="ports 538-2018" idOficio="4707072" pubName="DO2" artType="Portaria" pubDate="13/03/2018" artClass="00011:00053:00001:00000:00000:00000:00000:00000:00000:00000:00025:00001" artCategory="Ministério da Educação/Instituto Federal de Educação, Ciência e Tecnologia de Alagoas/Reitoria" artSize="8" artNotes="" numberPage="25" pdfPage="http://pesquisa.in.gov.br/imprensa/jsp/visualiza/index.jsp?data=13/03/2018&amp;jornal=529&amp;pagina=25" editionNumber="49" highlight="" idMateria="10594116">
  <body>
    <Identifica><![CDATA[ PORTARIA Nº 538, DE 5 DE MARÇO DE 2018]]></Identifica>
    <Data><![CDATA[]]></Data>
    <Ementa />
    <Titulo />
    <SubTitulo />
    <Texto><![CDATA[<p class="identifica">PORTARIA Nº 538, DE 5 DE MARÇO DE 2018</p><p>O REITOR DO INSTITUTO FEDERAL DE ALAGOAS, no uso das atribuições que lhe conferem os Artigos 11 e 14 da Lei nº 11.892, de 29.12.2008, nomeado pelo Decreto de 22 de abril de 2015, publicado no DOU de 23 de abril de 2015, e tendo em vista o que consta no Memorando Eletrônico, de 02/03/2018, resolve:</p><p>Exonerar o servidor JACKSON JOSÉ SOUTO DE MORAES, matrícula nº 1060859, Professor de Ensino Básico, Técnico e Tecnológico, do cargo de Chefe do Departamento Acadêmico, código CD-04, vinculado à Direção-Geral do Campus Penedo, a partir de 05 de março de 2018.</p><p class="assina">SÉRGIO TEIXEIRA COSTA</p>]]></Texto>
  </body>
</article></xml>