﻿<xml><article id="2015209" name="6.1. PORTARIA 084.2018 - Colabor" idOficio="4706850" pubName="DO2" artType="Portaria" pubDate="13/03/2018" artClass="00039:00220:00000:00000:00000:00000:00000:00000:00000:00000:00025:00001" artCategory="Entidades de Fiscalização do Exercício das Profissões Liberais/Conselho Regional de Enfermagem do Amazonas" artSize="8" artNotes="" numberPage="89" pdfPage="http://pesquisa.in.gov.br/imprensa/jsp/visualiza/index.jsp?data=13/03/2018&amp;jornal=529&amp;pagina=89" editionNumber="49" highlight="" idMateria="10593609">
  <body>
    <Identifica><![CDATA[ PORTARIA Nº 84, DE 7 DE FEVEREIRO DE 2018]]></Identifica>
    <Data><![CDATA[]]></Data>
    <Ementa />
    <Titulo />
    <SubTitulo />
    <Texto><![CDATA[<p class="identifica">PORTARIA Nº 84, DE 7 DE FEVEREIRO DE 2018</p><p>O Presidente do Conselho Regional de Enfermagem do Amazonas - Coren-AM, em conjunto com a Conselheira Secretária conforme o art. 41 do Regimento Interno do Coren-AM, no uso das atribuições legais e regimentais que lhes são conferidas pela Lei 5.905/1973 e legislações complementares em vigor, e; CONSIDERANDO o início da gestão do Conselho Regional de Enfermagem do Amazonas - Coren-AM, e as constatações elencadas no relatório de transição que apontaram déficits no quadro funcional que prejudicam o bom andamento do serviço público; CONSIDERANDO o que preconiza o art. 4, §4º da Decisão COREN-AM nº 010/2017, os atos de convocação e da necessidade de conclusão das atividades designadas na Portaria nº 001/2018 no âmbito da autarquia, principalmente nos setores da Controladoria Geral, Procuradoria Geral, Departamento Financeiro e Secretaria Executiva, além dos atos administrativos indispensáveis para o correto funcionamento dos serviços públicos oferecidos aos profissionais da Enfermagem, observando os princípios da legalidade, efetividade, eficiência e interesse público; CONSIDERANDO ainda o que dispõe a Lei Federal nº 10.609/02 sobre a necessidade e possibilidade transitória designação de equipe de transição no âmbito da União; CONSIDERANDO a excepcionalidade do período inicial de gestão administrativa e o dever de cumprimento das obrigações que se encontram em pendências nesta Autarquia; resolvem:</p><p>Art. 1º - Convocar e designar como colaborador o Sr. Diego Rodrigo de Lima profissional contábil para concluir os trabalhos de natureza contábil e de auditoria interna, determinados na Portaria nº 001/2018 dos Departamentos de Controladoria Geral e Financeiro. Art. 2º - Convocar e designar como colaboradora a Dra. Stephane Varela Garcez, advogada inscrita na OAB/AM 9876 para concluir os trabalhos de análise de PAD's, estabelecimento de fluxogramas e confecção de Memorandos, Ofícios e encaminhamentos da Diretoria para Secretaria Executiva. Art. 3º - Convocar e designar como colaboradora a Dra. Nazira Marques de Oliveira, advogada inscrita na OAB/AM 8.707 para concluir os trabalhos de classificação de pendências judiciais e da Dívida Ativa para execução fiscal. Art. 4º - Convocar e designar como colaboradora a Sra. Katley Anny Machado de Andrade, profissional de Jornalismo para concluir os trabalhos de procedimentos para comunicação institucional e redes sociais, fixar as estratégias de comunicação sobre os serviços oferecidos pela autarquia, inscrições, dúvidas, questionamentos e as soluções que devem implementadas. Art. 5º - Os trabalhos designados nesta portaria encerram-se no dia 26 de fevereiro de 2018. Art. 6º- Esta portaria entra em vigor na data de sua assinatura. Dê ciência e cumpra-se. Gabinete do Presidente do Conselho Regional de Enfermagem do Amazonas.</p><p class="assina">Sandro André da Silva Pinto</p><p class="cargo">Presidente do Conselho</p><p class="assina">Cleise Maria de Goes Martins</p><p class="cargo">Secretária do Conselho</p>]]></Texto>
  </body>
</article></xml>