﻿<xml><article id="2020810" name="2018_03_13_VACANCIA" idOficio="4707664" pubName="DO2" artType="Portaria" pubDate="13/03/2018" artClass="00011:00068:00000:00000:00000:00000:00000:00000:00000:00000:00025:00001" artCategory="Ministério da Educação/Instituto Federal de Educação, Ciência e Tecnologia do Mato Grosso do Sul" artSize="8" artNotes="" numberPage="29" pdfPage="http://pesquisa.in.gov.br/imprensa/jsp/visualiza/index.jsp?data=13/03/2018&amp;jornal=529&amp;pagina=29" editionNumber="49" highlight="" idMateria="10594933">
  <body>
    <Identifica><![CDATA[ PORTARIA Nº 308, DE 7 DE MARÇO DE 2018]]></Identifica>
    <Data><![CDATA[]]></Data>
    <Ementa />
    <Titulo />
    <SubTitulo />
    <Texto><![CDATA[<p class="identifica">PORTARIA Nº 308, DE 7 DE MARÇO DE 2018</p><p>O Reitor do Instituto Federal de Educação, Ciência e Tecnologia de Mato Grosso do Sul (IFMS), no uso de suas atribuições legais, considerando o Decreto de 23 de novembro de 2015, publicado no Diário Oficial da União de 24 de novembro de 2015, seção 2, pág. 01; considerando o inciso IX do artigo 33 da Lei nº 8.112, de 11 de dezembro de 1990; RESOLVE</p><p>Art. 1º Declarar vago, a contar de 9 de fevereiro de 2018, por motivo de falecimento, o cargo de Auxiliar em Administração, ocupado pela servidora LUCIANA GOULART FERREIRA, SIAPE 2091351, lotada no Campus Nova Andradina do Instituto Federal de Educação, Ciência e Tecnologia de Mato Grosso do Sul.</p><p class="assina">Luiz Simão Staszczak</p>]]></Texto>
  </body>
</article></xml>