﻿<xml><article id="2015982" name="NATHÁLIA ROSA ARAUJO Nº 7846" idOficio="4706996" pubName="DO2" artType="Portaria" pubDate="13/03/2018" artClass="00032:00003:00015:00000:00000:00000:00000:00000:00000:00000:00025:00015" artCategory="Departamento de Polícia Federal/Diretoria de Gestão de Pessoal/Coordenação de Recursos Humanos/Divisão de Administração de Recursos Humanos/Serviço de Aposentadorias e Pensões/Ministério da Justiça" artSize="8" artNotes="" numberPage="59" pdfPage="http://pesquisa.in.gov.br/imprensa/jsp/visualiza/index.jsp?data=13/03/2018&amp;jornal=529&amp;pagina=59" editionNumber="49" highlight="" idMateria="10593826">
  <body>
    <Identifica><![CDATA[ PORTARIA Nº 7.846, DE 9 DE MARÇO DE 2018]]></Identifica>
    <Data><![CDATA[]]></Data>
    <Ementa />
    <Titulo />
    <SubTitulo />
    <Texto><![CDATA[<p class="identifica">PORTARIA Nº 7.846, DE 9 DE MARÇO DE 2018</p><p>O DIRETOR DE GESTÃO DE PESSOAL DA POLÍCIA FEDERAL, no uso das atribuições que lhe são conferidas pelos incisos XIV e XIX do art. 42 do Regimento Interno da Polícia Federal, aprovado pela Portaria MJ nº 1.252, de 29/12/2017, publicada no Diário Oficial da União nº 1, de 2/1/2018, Seção I, pp. 65/70, e tendo em vista o que consta do Processo nº 08200.001972/2018-12, resolve:</p><p>Conceder pensão por morte, até o implemento da idade de 21 (vinte e um) anos, a NATHÁLIA ROSA ARAUJO, filha menor do ex-servidor da ativa ANTONIO DA SILVA ARAUJO, ocupante do cargo de Agente de Vigilância, Classe S, Padrão III, Matrícula SIAPE nº 174250, a partir da publicação da portaria, nos termos dos artigos 217, IV, "a", e 222, IV, 218, 219, parágrafo único, todos da Lei nº 8.112/1990, c/c o artigo 40, § 7º, II, da CF/1988, com a redação dada pela EC nº 41/2003 e artigo 2º, II, da Lei nº 10.887/2004.</p><p class="assina">DELANO CERQUEIRA BUNN</p>]]></Texto>
  </body>
</article></xml>