﻿<xml><article id="2087420" name="Port.ele 44" idOficio="4707247" pubName="DO2" artType="Portaria" pubDate="16/03/2018" artClass="00017:00002:00035:00000:00000:00000:00000:00000:00000:00000:00025:00001" artCategory="Ministério da Saúde/Secretaria Executiva/Núcleo Estadual em São Paulo" artSize="8" artNotes="" numberPage="39" pdfPage="http://pesquisa.in.gov.br/imprensa/jsp/visualiza/index.jsp?data=16/03/2018&amp;jornal=529&amp;pagina=39" editionNumber="52" highlight="" idMateria="10594277">
  <body>
    <Identifica><![CDATA[ Portaria Nº 44, de 12 março de 2018]]></Identifica>
    <Data><![CDATA[]]></Data>
    <Ementa />
    <Titulo />
    <SubTitulo />
    <Texto><![CDATA[<p class="identifica">Portaria Nº 44, de 12 março de 2018</p><p>O CHEFE DA DIVISÃO DE GESTÃO ADMINISTRATIVA DO NÚCLEO ESTADUAL DO MINISTÉRIO DA SAÚDE NO ESTADO DE SÃO PAULO - no uso da competência que lhe foi subdelegada pela Portaria SAA/SE/MS nº. 1804 de 1/10/2013, publicada no DOU nº. 192, de 03/10/2013, e tendo em vista o que consta no processo abaixo especificado, resolve:</p><p>Conceder aposentadoria voluntária ao servidor SAMIR MIKHAEL HAMRA FILHO, matrícula SIAPE nº 603357, ocupante do cargo de Médico, nível superior, classe "S", padrão III, do Quadro de Pessoal deste Ministério, com fundamento no artigo 40, inciso III, alínea "a", da Constituição Federal, combinado com o artigo 3.°, da Emenda Constitucional n.º 47/05. (Processo nº 25004.00005/2018-61).</p><p class="assina">Ronaldo Raymundo</p>]]></Texto>
  </body>
</article></xml>