﻿<xml><article id="2016612" name="PT382018" idOficio="4707112" pubName="DO2" artType="Portaria" pubDate="13/03/2018" artClass="00017:00026:00011:00000:00000:00000:00000:00000:00000:00000:00025:00001" artCategory="Ministério da Saúde/Secretaria de Atenção à Saúde/Instituto Nacional de Cardiologia" artSize="8" artNotes="" numberPage="49" pdfPage="http://pesquisa.in.gov.br/imprensa/jsp/visualiza/index.jsp?data=13/03/2018&amp;jornal=529&amp;pagina=49" editionNumber="49" highlight="" idMateria="10593972">
  <body>
    <Identifica><![CDATA[ PORTARIA Nº 8,  DE 6 DE MARÇO DE 2018]]></Identifica>
    <Data><![CDATA[]]></Data>
    <Ementa />
    <Titulo />
    <SubTitulo />
    <Texto><![CDATA[<p class="identifica">PORTARIA Nº 8, DE 6 DE MARÇO DE 2018</p><p>O Diretor Geral do Instituto Nacional de Cardiologia do Ministério da Saúde, no uso de suas atribuições legais conferidas pela Portaria Ministerial nº. 3.047, de 16/11/2017, publicada no DOU nº. 220 de 17/11/2017, e tendo em vista a delegação de competência conferida pela PT/CGRH/SAA/MS nº. 1041, de 30/10/2009, publicada no DOU nº. 209 de 03/11/2009, tendo em vista o que consta do Processo no 33409.401199/2017-11, resolve:</p><p>Art. 1o- Conceder aposentadoria voluntária com proventos integrais a servidora MARLENE DORIS SERFATY, matrícula Siape no 648161, matrícula SIAPECAD nº 1106086, Médica, Código 422069, Classe "S", Padrão "III", do Nível Superior, pertencente ao Quadro de Pessoal Permanente do Ministério da Saúde, lotada na Coordenação Hospitalar, de acordo o artigo 3o, incisos I e II, parágrafo único da Emenda Constitucional no 47/2005, combinado com o artigo 40 parágrafo 18 da Constituição Federal de 1988, com proventos mensais correspondentes ao valor do seu cargo efetivo, acrescidos de 8% (oito por cento) de Adicional por Tempo de Serviço, conforme artigo 67 da Lei nº 8.112/90, e na Resolução no 35/99 do Senado Federal; e da Gratificação de Desempenho de Médico da Carreira da Previdência, da Saúde e do Trabalho - GDM-PST, de acordo com o artigo 88, da Lei no 13.324, de 29/07/2016, publicada no DOU no 145A, de 29/07/2016</p><p>Art. 2o- Declarar vago o referido cargo.</p><p class="assina">JOÃO MANOEL DE ALMEIDA PEDROSO</p>]]></Texto>
  </body>
</article></xml>