﻿<xml><article id="2025268" name="Afastamento Clarisse Cristine" idOficio="4707855" pubName="DO2" artType="Despacho" pubDate="13/03/2018" artClass="00011:00132:00001:00000:00000:00000:00000:00000:00000:00000:00019:00002" artCategory="Ministério da Educação/Universidade Federal Rural do Rio de Janeiro/Reitoria" artSize="8" artNotes="" numberPage="38" pdfPage="http://pesquisa.in.gov.br/imprensa/jsp/visualiza/index.jsp?data=13/03/2018&amp;jornal=529&amp;pagina=38" editionNumber="49" highlight="" idMateria="10595860">
  <body>
    <Identifica><![CDATA[ DESPACHO DE 12 DE MARÇO DE 2018]]></Identifica>
    <Data><![CDATA[]]></Data>
    <Ementa />
    <Titulo />
    <SubTitulo />
    <Texto><![CDATA[<p class="identifica">DESPACHO DE 12 DE MARÇO DE 2018</p><p>O REITOR DA UNIVERSIDADE FEDERAL RURAL DO RIO DE JANEIRO, no uso da competência que lhe foi subdelegada pela Portaria n.º 188/MEC, de 06 de março de 1995, AUTORIZA, o afastamento do país a servidora:</p><p>CLARICE CRISTINE FERREIRA MENEZES, Professora do Magistério Superior, matrícula SIAPE n.º 1932840, lotada no Departamento de História e Relações Internacionais do Instituto de Ciências Humanas e Sociais para participar do evento "Lille Choro Festival" na Université de Lille e palestras na Universidade Paris 3, a ser realizado nas cidades de Lille e Paris na França, no período de 04/03/2018 a 16/03/2018, com ônus limitado para a UFRRJ.</p><p>Processo: 23083.003067/2018-66.</p><p class="assina">RICARDO LUIZ LOURO BERBARA.</p>]]></Texto>
  </body>
</article></xml>