﻿<xml><article id="2018008" name="Port. 209 - ATQINTECTA 47 - MARC" idOficio="4707252" pubName="DO2" artType="Portaria" pubDate="13/03/2018" artClass="00011:00134:00001:00012:00007:00000:00000:00000:00000:00000:00025:00004" artCategory="Ministério da Educação/Universidade Federal de Santa Catarina/Reitoria/Pró-Reitoria de Desenvolvimento e Gestão de Pessoas/Departamento de Administração de Pessoal" artSize="8" artNotes="" numberPage="39" pdfPage="http://pesquisa.in.gov.br/imprensa/jsp/visualiza/index.jsp?data=13/03/2018&amp;jornal=529&amp;pagina=39" editionNumber="49" highlight="" idMateria="10594289">
  <body>
    <Identifica><![CDATA[ PORTARIA Nº 209, DE 12 DE MARÇO DE 2018]]></Identifica>
    <Data><![CDATA[]]></Data>
    <Ementa />
    <Titulo />
    <SubTitulo />
    <Texto><![CDATA[<p class="identifica">PORTARIA Nº 209, DE 12 DE MARÇO DE 2018</p><p>A Diretora do Departamento de Administração de Pessoal da Universidade Federal de Santa Catarina, no uso de suas atribuições, resolve:</p><p>Aposentar MARCELO MILIS PEREIRA DE ANDRADE, matrícula SIAPE 1169607, código de vaga nº 744480, ocupante do cargo de ASSISTENTE EM ADMINISTRAÇÃO, nível de classificação D, nível de capacitação 4, padrão de vencimento 16, no regime de trabalho de 40 (quarenta) horas semanais, da carreira técnico-administrativa da Universidade Federal de Santa Catarina, nos termos do art. 3º, incisos I a III e parágrafo único da Emenda Constitucional nº 47 de 05 de julho de 2005, com proventos integrais, incorporando 18 % (dezoito por cento) de adicional por tempo de serviço.</p><p>(Processo nº 23080.084012/2017-98)</p><p class="assina">Rita de Cássia Knabben</p>]]></Texto>
  </body>
</article></xml>