﻿<xml><article id="2025526" name="PDRJ SPO24" idOficio="4707922" pubName="DO2" artType="Portaria" pubDate="13/03/2018" artClass="00012:00055:00038:00000:00000:00000:00000:00000:00000:00000:00025:00004" artCategory="Ministério da Fazenda/Secretaria da Receita Federal do Brasil/Delegacia da Receita Federal do Brasil de Julgamento em São Paulo" artSize="8" artNotes="" numberPage="44" pdfPage="http://pesquisa.in.gov.br/imprensa/jsp/visualiza/index.jsp?data=13/03/2018&amp;jornal=529&amp;pagina=44" editionNumber="49" highlight="" idMateria="10595936">
  <body>
    <Identifica><![CDATA[ PORTARIA Nº 24, DE 12 DE MARÇO DE 2018]]></Identifica>
    <Data><![CDATA[]]></Data>
    <Ementa />
    <Titulo />
    <SubTitulo />
    <Texto><![CDATA[<p class="identifica">PORTARIA Nº 24, DE 12 DE MARÇO DE 2018</p><p>O DELEGADO DA RECEITA FEDERAL DO BRASIL DE JULGAMENTO EM SÃO PAULO (SP), no uso de suas atribuições conferidas pelo inciso II do art. 338 do Regimento Interno da Secretaria da Receita Federal do Brasil, aprovado pela Portaria MF no430, de 09 de outubro de 2017, publicada no DOU de 11 de outubro de 2017, resolve:</p><p>Designar MARY KAZUKO OKADA, Auditora-Fiscal da RFB, matrícula Siapecad no57.037, em exercício na Décima Oitava Turma, para atuar como julgadora "ad hoc" na Décima Sexta Turma de Julgamento da DRJ SPO, na sessão do dia 13 de março de 2018.</p><p class="assina">EDUARDO NEWMAN DE MATTERA GOMES</p>]]></Texto>
  </body>
</article></xml>