﻿<xml><article id="2014950" name="DIR-172-Afastamento do País Prof" idOficio="4706821" pubName="DO2" artType="Portaria" pubDate="13/03/2018" artClass="00011:00006:00001:00001:00000:00000:00000:00000:00000:00000:00025:00001" artCategory="Ministério da Educação/Centro Federal de Educação Tecnológica de Minas Gerais/Diretoria-Geral/Gabinete do Diretor-Geral" artSize="8" artNotes="" numberPage="18" pdfPage="http://pesquisa.in.gov.br/imprensa/jsp/visualiza/index.jsp?data=13/03/2018&amp;jornal=529&amp;pagina=18" editionNumber="49" highlight="" idMateria="10593569">
  <body>
    <Identifica><![CDATA[ PORTARIA Nº 172, DE 12 DE MARÇO DE 2018]]></Identifica>
    <Data><![CDATA[]]></Data>
    <Ementa />
    <Titulo />
    <SubTitulo />
    <Texto><![CDATA[<p class="identifica">PORTARIA Nº 172, DE 12 DE MARÇO DE 2018</p><p>A DIRETORA-GERAL EM EXERCÍCIO DO CENTRO FEDERAL DE EDUCAÇÃO TECNOLÓGICA DE MINAS GERAIS, autarquia de regime especial vinculada ao Ministério da Educação, no uso de suas atribuições legais, e considerando o disposto na Portaria nº 404, de 23 de abril de 2009, do Ministério da Educação, resolve:</p><p>Autorizar o afastamento do país do servidor Sandro Trindade Mordente Gonçalves, ocupante do cargo de professor de EBTT, matrícula SIAPE nº 1539477, no período de 06 a 15/04/2018, trânsito incluso, para participar do 12nd Europeean Conference on Antennas and Propagation - EUCAP 2018, em Londres - Inglaterra, com ônus para o CEFET-MG (processo nº 23062.001915/2018-41).</p><p class="assina">Carla Simone Chamon</p>]]></Texto>
  </body>
</article></xml>