﻿<xml><article id="2015584" name="Portaria -RBGSHI-SSIP2RM, DE 5 D" idOficio="4706928" pubName="DO2" artType="Portaria" pubDate="13/03/2018" artClass="00010:00008:00012:00007:00000:00000:00000:00000:00000:00000:00025:00002" artCategory="Ministério da Defesa/Comando do Exército/Comando Militar do Sudeste/2ª Região Militar" artSize="8" artNotes="" numberPage="15" pdfPage="http://pesquisa.in.gov.br/imprensa/jsp/visualiza/index.jsp?data=13/03/2018&amp;jornal=529&amp;pagina=15" editionNumber="49" highlight="" idMateria="10593738">
  <body>
    <Identifica><![CDATA[ PORTARIAS Nº 26 SS1-INAT-SSIP/2RM, DE 5 DE MAR DE 2018]]></Identifica>
    <Data><![CDATA[]]></Data>
    <Ementa />
    <Titulo />
    <SubTitulo />
    <Texto><![CDATA[<p class="identifica">PORTARIAS Nº 26 SS1-INAT-SSIP/2RM, DE 5 DE MAR DE 2018</p><p>O COMANDANTE DA 2ª REGIÃO MILITAR, no uso da competência que lhe foi subdelegada por meio da Portaria nº 192-DGP, de 1º de outubro de 2015, e de acordo com o art. 7º da Portaria nº 1.029-Cmt Ex (EB 10-IG-02.002), de 17 de agosto 17, resolve:</p><p>CONCEDER ao requerente, Sd Refm WESTONE RODRIGUES DOS SANTOS, Prec/CP 96/0587709, EB 075.909.043-4, CPF 445.648.804-20, vinculado ao Cmdo 2ª RM, a contar de 13 FEV 08, data da citação, a Remuneração com Base no Soldo de Grau Hierárquico Imediato, por decisão judicial transitada em julgado do processo nº 0003155-44.2008.403.6100, da 19ª Vara Federal, que reconheceu o direito do autor à remuneração calculada com base no soldo correspondente ao grau hierárquico imediato ao que possuía na ativa, no caso, 3º Sargento</p><p class="assina">Gen Div ADALMIR MANOEL DOMINGOS</p>]]></Texto>
  </body>
</article></xml>