﻿<xml><article id="2020668" name="Port 125-DONIz" idOficio="4707630" pubName="DO2" artType="Portaria" pubDate="13/03/2018" artClass="00012:00002:00012:00036:00000:00000:00000:00000:00000:00000:00025:00003" artCategory="Ministério da Fazenda/Secretaria Executiva/Subsecretaria de Planejamento, Orçamento e Administração/Superintendência de Administração em São Paulo" artSize="8" artNotes="" numberPage="42" pdfPage="http://pesquisa.in.gov.br/imprensa/jsp/visualiza/index.jsp?data=13/03/2018&amp;jornal=529&amp;pagina=42" editionNumber="49" highlight="" idMateria="10594915">
  <body>
    <Identifica><![CDATA[  PORTARIA  n°  125,  DE  9  DE  MARÇO  DE  2018]]></Identifica>
    <Data><![CDATA[]]></Data>
    <Ementa />
    <Titulo />
    <SubTitulo />
    <Texto><![CDATA[<p class="identifica">PORTARIA n° 125, DE 9 DE MARÇO DE 2018</p><p>O SUPERINTENDENTE DE ADMINISTRAÇÃO DO MINISTÉRIO DA FAZENDA EM SÃO PAULO, no uso das atribuições que lhe foram conferidas pelo Artigo 65, item XIV da Portaria Ministerial nº 144 de 27.04.2016, publicada no Diário Oficial da União de 29.04.2016 e Portaria SRF nº 1671 de 16.06.2005, publicada no Diário Oficial da União de 20.06.2005 e tendo em vista o que consta no Processo nº 10042.000005/2018-37, resolve:</p><p>Conceder aposentadoria voluntária a servidora, Sra. MARIA JOSÉ DE PAULA DUARTE INNECO, Matriculas SIAPE: 0934792, SIAPECAD: 00864642, ocupante do cargo efetivo de Técnico do Seguro Social, Classe S, Padrão IV, do Quadro Permanente do Ministério da Fazenda em São Paulo; com fundamento no Art. 3º da Emenda Constitucional nº 47/2005 e Art. 62-A da Lei 8.112/90, com proventos integrais.</p><p class="assina">DONIZETI DE CARVALHO ROSA.</p>]]></Texto>
  </body>
</article></xml>