﻿<xml><article id="2017957" name="DOU-SECAO 02-13.03.2018 - DESIGN" idOficio="4707249" pubName="DO2" artType="Portaria" pubDate="13/03/2018" artClass="00011:00138:00000:00000:00000:00000:00000:00000:00000:00000:00025:00001" artCategory="Ministério da Educação/Universidade Federal do Sul e Sudeste do Pará" artSize="8" artNotes="" numberPage="39" pdfPage="http://pesquisa.in.gov.br/imprensa/jsp/visualiza/index.jsp?data=13/03/2018&amp;jornal=529&amp;pagina=39" editionNumber="49" highlight="" idMateria="10594279">
  <body>
    <Identifica><![CDATA[ PORTARIAS DE 6 DE MARCO DE 2018]]></Identifica>
    <Data><![CDATA[]]></Data>
    <Ementa />
    <Titulo />
    <SubTitulo />
    <Texto><![CDATA[<p class="identifica">PORTARIAS DE 6 DE MARCO DE 2018</p><p>O REITOR DA UNIVERSIDADE FEDERAL DO SUL E SUDESTE DO PARÁ - UNIFESSPA, no uso de suas atribuições, em conformidade com o decreto presidencial de 15 de setembro de 2016, publicada no Diário Oficial da União nº 179, de 16 de setembro de 2016, seção 02, pag. 01, resolve:</p><p>Nº 328 - Dispensar da função gratificada de DIRETOR DA FACULDADE DE CIÊNCIAS DA SAÚDE E BIOLÓGICAS E COORDENADOR DO CURSO DE GRADUAÇÃO EM PSICOLOGIA (BACHARELADO), FG-01, DO INSTITUTO DE ESTUDOS EM SAÚDE E BIOLÓGICAS desta Universidade, o servidor LAURO DA SILVA BARBOSA ocupante do cargo de Professor do Magistério Superior, a partir da data de publicação no Diário Oficial da União.</p><p>Nº 329 - Designar a servidora LUCIA CRISTINA CAVALCANTE DA SILVA, ocupante do cargo de Professor do Magistério Superior, para exercer a função gratificada de DIRETORA DA FACULDADE DE CIÊNCIAS DA SAÚDE E BIOLÓGICAS E COORDENADORA DO CURSO DE GRADUAÇÃO EM PSICOLOGIA (BACHARELADO), FG-01, DO INSTITUTO DE ESTUDOS EM SAÚDE E BIOLÓGICAS desta Universidade, em regime de integral dedicação ao serviço, conforme disposto no §1º, do art. 19, da Lei nº 8.112, de 11.12.1990, a partir da data de publicação no Diário Oficial da União.</p><p>Nº 330 - Autorizar o afastamento do país do servidor JOSE MARCOS CAVALCANTI DE CARVALHO, matrícula SIAPE 2411286, ocupante do cargo efetivo de Professor do Magistério Superior do quadro de pessoal desta Universidade, lotado no Instituto Linguística, Letras e Artes, no período de 20 a 30 de março de 2018, para participar do IX Congresso Internacional CSO 18 "Criadores Sobre Outras Obras", na Universidade de Lisboa, na cidade de Lisboa - Portugal, com ônus limitado, sem prejuízo da sua remuneração mensal.</p><p>Nº 332 - Autorizar o afastamento do país da servidora CINTHYA MARQUES DO NASCIMENTO, matrícula SIAPE 1343085, ocupante do cargo efetivo de Professor do Magistério Superior do quadro de pessoal desta Universidade, lotada no Instituto Linguística, Letras e Artes, no período de 20 a 30 de março de 2018, para participar do IX Congresso Internacional CSO 18 "Criadores Sobre Outras Obras", na Universidade de Lisboa, na cidade de Lisboa - Portugal, com ônus limitado, sem prejuízo da sua remuneração mensal.</p><p>Nº 333 - Autorizar o afastamento do país do servidor TEOFILO AUGUSTO DA SILVA, matrícula SIAPE 1622523, ocupante do cargo efetivo de Professor do Magistério Superior do quadro de pessoal desta Universidade, lotado no Instituto Linguística, Letras e Artes, no período de 14 a 19 de março de 2018, para participar do ISIS Geoaesthetics Conference, na cidade de Towson - Estados Unidos, com ônus limitado, sem prejuízo da sua remuneração mensal.</p><p class="identifica">PORTARIAS DE 7 DE MARCO DE 2018</p><p>O REITOR DA UNIVERSIDADE FEDERAL DO SUL E SUDESTE DO PARÁ - UNIFESSPA, no uso de suas atribuições, em conformidade com o decreto presidencial de 15 de setembro de 2016, publicada no Diário Oficial da União nº 179, de 16 de setembro de 2016, seção 02, pag. 01, resolve:</p><p>Nº 340 - Exonerar, a pedido, do Cargo de Direção de SECRETÁRIO DE PLANEJAMENTO E DESENVOLVIMENTO INSTITUCIONAL, CD-02, DA SECRETARIA DE PLANEJAMENTO E DESENVOLVIMENTO INSTITUCIONAL desta Universidade, o servidor JOSE ELISANDRO DE ANDRADE, a partir de 12 de março de 2018.</p><p>Nº 341 - Nomear o Professor do Magistério Superior ROGERIO SOUZA MARINHO para ocupar o Cargo de Direção de SECRETÁRIO DE PLANEJAMENTO E DESENVOLVIMENTO INSTITUCIONAL, CD-02, DA SECRETARIA DE PLANEJAMENTO E DENSENVOLVIMENTO INSTITUCIONAL, desta Universidade, a partir de 12 de março de 2018.</p><p class="assina">Maurílio de Abreu Monteiro</p>]]></Texto>
  </body>
</article></xml>