﻿<xml><article id="2019408" name="PORTARIA Nº 36-SAP- REVOGAÇÃO AI" idOficio="4707438" pubName="DO2" artType="Portaria" pubDate="13/03/2018" artClass="00010:00008:00007:00013:00000:00000:00000:00000:00000:00000:00025:00003" artCategory="Ministério da Defesa/Comando do Exército/Comando Militar do Leste/4ª Região Militar" artSize="8" artNotes="" numberPage="14" pdfPage="http://pesquisa.in.gov.br/imprensa/jsp/visualiza/index.jsp?data=13/03/2018&amp;jornal=529&amp;pagina=14" editionNumber="49" highlight="" idMateria="10594613">
  <body>
    <Identifica><![CDATA[ PORTARIA Nº 36 - SAP/1.1-SSIP/4, DE 6 DE MARÇO DE 2018]]></Identifica>
    <Data><![CDATA[]]></Data>
    <Ementa />
    <Titulo />
    <SubTitulo />
    <Texto><![CDATA[<p class="identifica">PORTARIA Nº 36 - SAP/1.1-SSIP/4, DE 6 DE MARÇO DE 2018</p><p>O COMANDANTE DA 4ª REGIÃO MILITAR, no uso da competência que lhe foi subdelegada pela Portaria nº 192-DGP, de 1º de outubro de 2015, com base no processo NUP 0003975.00102253/2016-56 de Revisão de Auxílio-Invalidez, resolve:</p><p>REVOGAR o Auxílio-Invalidez concedido ao Cabo Reformado Idt (014300681-5) GESSI TEODORO ALVES, CPF (207.380.997-91), que foi Reformado por meio da Portaria nº 088-S/1-DIP, de 1º de março de 1979, publicada no Diário Oficial da União nº 46, de 8 de março de 1979, por não mais fazer jus ao benefício supracitado, conforme Ata de Inspeção de Saúde nº 4811, sessão nº 1, de 18 de janeiro de 2017, emitida pelo MPGu II/Belo Horizonte (Cmdo 4ªRM) e Ata de Inspeção de Saúde nº 1178, sessão nº 44, de 12 de dezembro de 2017, emitida pela JISR/4ª RM (HGeJF), tendo esta última Ata de Inspeção de Saúde sido homologada pelo Parecer Técnico nº 315, datado de 29 de dezembro de 2017, da SSR/4ªRM.</p><p class="assina">Gen Div HENRIQUE MARTINS NOLASCO SOBRINHO</p>]]></Texto>
  </body>
</article></xml>