﻿<xml><article id="2017410" name="PORT DGP-DCIPAS - 2018 - Nº 66 -" idOficio="4707201" pubName="DO2" artType="Portaria" pubDate="13/03/2018" artClass="00010:00008:00024:00000:00000:00000:00000:00000:00000:00000:00025:00001" artCategory="Ministério da Defesa/Comando do Exército/Departamento-Geral do Pessoal" artSize="8" artNotes="" numberPage="15" pdfPage="http://pesquisa.in.gov.br/imprensa/jsp/visualiza/index.jsp?data=13/03/2018&amp;jornal=529&amp;pagina=15" editionNumber="49" highlight="" idMateria="10594194">
  <body>
    <Identifica><![CDATA[ PORTARIA Nº 66-DGP/DCIPAS, DE 7 DE MARÇO DE 2018]]></Identifica>
    <Data><![CDATA[]]></Data>
    <Ementa />
    <Titulo />
    <SubTitulo />
    <Texto><![CDATA[<p class="identifica">PORTARIA Nº 66-DGP/DCIPAS, DE 7 DE MARÇO DE 2018</p><p>O CHEFE DO DEPARTAMENTO-GERAL DO PESSOAL, no uso da competência que lhe foi conferida pela Portaria nº 218-Comandante Exército, de 20 de março de 2017, resolve</p><p>NOMEAR,</p><p>por proposta do Comandante Militar do Sudeste, o Coronel da Reserva Remunerada (Idt 019315593-4) ANTÔNIO GERALDO RODRIGUES, Prec-CP: 96 1748003, no Comando de Aviação do Exército (TAUBATÉ-SP), para Prestador de Tarefa por Tempo Certo, para exercer a tarefa de Gestor do Projeto do Museu da Aviação do Exército, Editor do Informativo da Aviação do Exército (Revista Águia) e Coordenador dos Eventos Alusivos aos 100 anos da Aviação Militar (1919-2019), pelo prazo de 24 (vinte e quatro) meses, a contar de 1º de março de 2018.</p><p class="assina">Gen Ex MANOEL LUIZ NARVAZ PAFIADACHE</p>]]></Texto>
  </body>
</article></xml>