﻿<xml><article id="2023937" name="PORT.FAL -50-2018-FERNANDO ANTON" idOficio="4707708" pubName="DO2" artType="Portaria" pubDate="13/03/2018" artClass="00012:00002:00012:00002:00000:00000:00000:00000:00000:00000:00025:00001" artCategory="Ministério da Fazenda/Secretaria Executiva/Subsecretaria de Planejamento, Orçamento e Administração/Coordenação-Geral de Gestão de Pessoas" artSize="8" artNotes="" numberPage="41" pdfPage="http://pesquisa.in.gov.br/imprensa/jsp/visualiza/index.jsp?data=13/03/2018&amp;jornal=529&amp;pagina=41" editionNumber="49" highlight="" idMateria="10594981">
  <body>
    <Identifica><![CDATA[ PORTARIA  Nº 50, DE 8 DE MARÇO DE 2018 ]]></Identifica>
    <Data><![CDATA[]]></Data>
    <Ementa />
    <Titulo />
    <SubTitulo />
    <Texto><![CDATA[<p class="identifica">PORTARIA Nº 50, DE 8 DE MARÇO DE 2018</p><p>A COORDENADORA-GERAL DE GESTÃO DE PESSOAS DA SUBSECRETARIA DE PLANEJAMENTO, ORÇAMENTO E ADMINISTRAÇÃO DA SECRETARIA EXECUTIVA DO MINISTÉRIO DA FAZENDA, no uso da competência que lhe confere o artigo 41, VIII, do Regimento Interno da Secretaria Executiva, aprovado pela Portaria nº 144, de 27 de abril de 2016, do Ministro de Estado da Fazenda, publicada no Diário Oficial da União de 29 de abril de 2016, resolve declarar vago em virtude de falecimento, de acordo com o artigo 33, IX, da Lei nº 8.112, de 11 de dezembro de 1990, o cargo ocupado pelo seguinte servidor:</p><p>FERNANDO ANTONIO PONTES DE CARVALHO, matrículas SIAPEcad 25380 e SIAPE 115518, Agente Operacional Telecomunicações e Eletricidade, código NA-48950, Classe S, Padrão III, a partir de 22 de fevereiro de 2018 (conf. Processo Administrativo nº 10280.100275/2018-34).</p><p class="assina">DANIELLE SANTOS DE SOUZA CALAZANS</p>]]></Texto>
  </body>
</article></xml>