﻿<xml><article id="2025241" name="Port. nº 476- Aposentadoria Volu" idOficio="4707863" pubName="DO2" artType="Portaria" pubDate="13/03/2018" artClass="00011:00055:00001:00000:00000:00000:00000:00000:00000:00000:00025:00001" artCategory="Ministério da Educação/Instituto Federal de Educação, Ciência e Tecnologia do Amazonas/Reitoria" artSize="8" artNotes="" numberPage="26" pdfPage="http://pesquisa.in.gov.br/imprensa/jsp/visualiza/index.jsp?data=13/03/2018&amp;jornal=529&amp;pagina=26" editionNumber="49" highlight="" idMateria="10595848">
  <body>
    <Identifica><![CDATA[ PORTARIA N° 476, DE 12 DE MARÇO DE 2018]]></Identifica>
    <Data><![CDATA[]]></Data>
    <Ementa />
    <Titulo />
    <SubTitulo />
    <Texto><![CDATA[<p class="identifica">PORTARIA N° 476, DE 12 DE MARÇO DE 2018</p><p>O REITOR do INSTITUTO FEDERAL DE EDUCAÇÃO, CIÊNCIA E TECNOLOGIA DO AMAZONAS - IFAM, no uso de suas atribuições legais e estatutárias que lhe confere o Decreto Presidencial de 10/03/2015, publicado no DOU N.º 47, de 11/03/2015, seção 2, pág. 2, e; CONSIDERANDO o teor do Processo n.º 23043.000213/2018-78 de 15/02/2018, de autoria da servidora abaixo mencionada, CONSIDERANDO o teor do Despacho n.º 072-CGLN/DGP/PROPLAD/IFAM, de 27/02/2018 e Despacho da Diretoria de Gestão de Pessoas, desta data, resolve:</p><p>I. CONCEDER APOSENTADORIA VOLUNTÁRIA com proventos integrais com base no artigo 3º da Emenda Constitucional n.º 47, de 05 de julho de 2005, a servidora LUCI OTAVIANA DE ANDRADE - ocupante do cargo de Auxiliar Administrativo, matrícula n.º 0710549 do Quadro de Pessoal deste Instituto Federal de Educação, Ciências e Tecnologia do Amazonas, Nível de Classificação C, Nível de Capacitação IV, Padrão de Vencimento 16, lotada no campus Manaus Distrito Industrial, com Adicional por Tempo de Serviço, à razão de 12% conforme previsão contida no artigo 244, da Lei n.º 8.112/90.</p><p>II. Declarar em decorrência, a vacância do código de vaga n.º 0206041.</p><p class="assina">ANTONIO VENÂNCIO CASTELO BRANCO</p>]]></Texto>
  </body>
</article></xml>