﻿<xml><article id="2020018" name="2018-03-12; PORTARIAS; 13-03-201" idOficio="4707524" pubName="DO2" artType="Portaria" pubDate="13/03/2018" artClass="00011:00072:00001:00000:00000:00000:00000:00000:00000:00000:00025:00001" artCategory="Ministério da Educação/Instituto Federal de Educação, Ciência e Tecnologia da Paraíba/Reitoria" artSize="8" artNotes="" numberPage="31" pdfPage="http://pesquisa.in.gov.br/imprensa/jsp/visualiza/index.jsp?data=13/03/2018&amp;jornal=529&amp;pagina=31" editionNumber="49" highlight="" idMateria="10594770">
  <body>
    <Identifica><![CDATA[ PORTARIAS DE 12 DE MARÇO DE 2018]]></Identifica>
    <Data><![CDATA[]]></Data>
    <Ementa />
    <Titulo />
    <SubTitulo />
    <Texto><![CDATA[<p class="identifica">PORTARIAS DE 12 DE MARÇO DE 2018</p><p>O Reitor do Instituto Federal de Educação, Ciência e Tecnologia da Paraíba, nomeado pelo Decreto Presidencial de 12-08-14, publicado no Diário Oficial da União em 13-08-14, no uso de suas atribuições legais e considerando o que consta no Processo nº 23800.000097.2018-78, resolve:</p><p>Nº 517 - I - considerar extinto, o contrato por tempo determinado de locação de serviços didático-pedagógicos nº 91/2016, de 22-09-2016, do(a) Professor(a) Substituto(a) Diogenes Fagner de Lima, Matrícula SIAPE nº 2337603, Campus Catolé do Rocha, de acordo com o artigo 12, inciso II, da Lei nº 8.745/93, vigorando o ato a partir de 31-01-2018.</p><p>O Reitor do Instituto Federal de Educação, Ciência e Tecnologia da Paraíba, nomeado pelo Decreto Presidencial de 12-08-14, publicado no Diário Oficial da União em 13-08-14, no uso de suas atribuições legais e tendo em vista o que consta do Processo nº 23381.001239.2018-01, de acordo com a Portaria MEC nº 404/09, Decreto nº 1.387/95 e Autorização MEC nº 20151001.2776, resolve:</p><p>Nº 520 - I - autorizar o afastamento do país do(a) servidor(a) Monica Maria Montenegro de Oliveira, ocupante do cargo de Professor do Ensino Básico, Técnico e Tecnológico, matrícula Siape nº 273966, do Quadro Permanente de Pessoal deste Instituto, Reitoria, durante o período de 01-04-2018 a 08-04-2018, objetivando a participação de reuniões de trabalho, conhecer e visitar a Instituição La Corporación Unificada Nacional de Educación Superior - CUN, e prestigiar o Mercury Robotic Challenge, a ser realizada na cidade de Bogotá - Colômbia, com ônus.</p><p class="assina">CICERO NICÁCIO DO NASCIMENTO LOPES</p>]]></Texto>
  </body>
</article></xml>