﻿<xml><article id="2020671" name="Port 126-DONIz" idOficio="4707630" pubName="DO2" artType="Portaria" pubDate="13/03/2018" artClass="00012:00002:00012:00036:00000:00000:00000:00000:00000:00000:00025:00004" artCategory="Ministério da Fazenda/Secretaria Executiva/Subsecretaria de Planejamento, Orçamento e Administração/Superintendência de Administração em São Paulo" artSize="8" artNotes="" numberPage="42" pdfPage="http://pesquisa.in.gov.br/imprensa/jsp/visualiza/index.jsp?data=13/03/2018&amp;jornal=529&amp;pagina=42" editionNumber="49" highlight="" idMateria="10594916">
  <body>
    <Identifica><![CDATA[  PORTARIA  n°  126,  DE  9  DE  MARÇO  DE  2018]]></Identifica>
    <Data><![CDATA[]]></Data>
    <Ementa />
    <Titulo />
    <SubTitulo />
    <Texto><![CDATA[<p class="identifica">PORTARIA n° 126, DE 9 DE MARÇO DE 2018</p><p>O SUPERINTENDENTE DE ADMINISTRAÇÃO DO MINISTÉRIO DA FAZENDA EM SÃO PAULO, no uso das atribuições que lhe foram conferidas pelo Artigo 65, item XIV da Portaria Ministerial nº 144 de 27.04.2016, publicada no Diário Oficial da União de 29.04.2016 e Portaria SRF nº 1671 de 16.06.2005, publicada no Diário Oficial da União de 20.06.2005 e tendo em vista o que consta no Processo nº 12725.000008/2018-17, resolve:</p><p>Conceder aposentadoria voluntária ao servidor, Sr. AFONSO CELSO MACHADO, Matriculas SIAPE: 1352697, SIAPECAD: 01130698, ocupante do cargo efetivo de Analista Tributário da Receita Federal do Brasil, Classe S, Padrão III, do Quadro Permanente do Ministério da Fazenda em São Paulo; com fundamento no Art. 6º, Incisos I, II, III e IV da Emenda Constitucional nº 41/2003, com proventos integrais.</p><p class="assina">DONIZETI DE CARVALHO ROSA.</p>]]></Texto>
  </body>
</article></xml>