﻿<xml><article id="2019420" name="PORTARIA Nº 41-SAP- ÚNICA AI - 1" idOficio="4707438" pubName="DO2" artType="Portaria" pubDate="13/03/2018" artClass="00010:00008:00007:00013:00000:00000:00000:00000:00000:00000:00025:00007" artCategory="Ministério da Defesa/Comando do Exército/Comando Militar do Leste/4ª Região Militar" artSize="8" artNotes="" numberPage="14" pdfPage="http://pesquisa.in.gov.br/imprensa/jsp/visualiza/index.jsp?data=13/03/2018&amp;jornal=529&amp;pagina=14" editionNumber="49" highlight="" idMateria="10594617">
  <body>
    <Identifica><![CDATA[ PORTARIA Nº 41 - SAP/1.1-SSIP/4, DE 6 DE MARÇO DE 2018]]></Identifica>
    <Data><![CDATA[]]></Data>
    <Ementa />
    <Titulo />
    <SubTitulo />
    <Texto><![CDATA[<p class="identifica">PORTARIA Nº 41 - SAP/1.1-SSIP/4, DE 6 DE MARÇO DE 2018</p><p>O COMANDANTE DA 4ª REGIÃO MILITAR, no uso da competência que lhe foi subdelegada pela Portaria nº 192-DGP, de 1º de outubro de 2015, e com base no processo NUP 64301.046989/2017-42 de Auxílio-Invalidez, resolve:</p><p>CONCEDER ao Primeiro-Tenente Reformado Idt (042303780-3) OZANAM OLIVEIRA DE MORAES, CPF (018.462.996-91), o benefício previsto no inciso XV do art. 3° da Medida Provisória n° 2.215-10 de 31 de agosto de 2001, e no art. 55 da Lei n° 12.702, de 7 de agosto de 2012, a contar de 24 de maio de 2017, por ter sido julgado "Incapaz definitivamente para o serviço do Exército. É inválido. Necessita de internação especializada e/ou assistência direta e permanente ao paciente e/ou cuidados permanentes de enfermagem", conforme sessão nº 32, de 24 de maio de 2017, do MPGu I/Juiz de Fora (HGeJF), homologada pelo Parecer Técnico nº 282, de 23 de novembro de 2017, da SSR/4ªRM.</p><p class="assina">Gen Div HENRIQUE MARTINS NOLASCO SOBRINHO</p>]]></Texto>
  </body>
</article></xml>