﻿<xml><article id="2013626" name="portaria 17657 SGP" idOficio="4706572" pubName="DO2" artType="Portaria" pubDate="13/03/2018" artClass="00038:00025:00000:00000:00000:00000:00000:00000:00000:00000:00025:00001" artCategory="Poder Judiciário/Tribunal Regional Eleitoral do Pará" artSize="8" artNotes="" numberPage="87" pdfPage="http://pesquisa.in.gov.br/imprensa/jsp/visualiza/index.jsp?data=13/03/2018&amp;jornal=529&amp;pagina=87" editionNumber="49" highlight="" idMateria="10593291">
  <body>
    <Identifica><![CDATA[ Portaria Nº 17.657, de 28 de fevereiro de 2018]]></Identifica>
    <Data><![CDATA[]]></Data>
    <Ementa />
    <Titulo />
    <SubTitulo />
    <Texto><![CDATA[<p class="identifica">Portaria Nº 17.657, de 28 de fevereiro de 2018</p><p>O PRESIDENTE DO TRIBUNAL REGIONAL ELEITORAL DO PARÁ, em exercício, no uso de suas atribuições legais e regimentais, e à vista do contido no Processo Administrativo Eletrônico nº 0001243-68.2018.6.14.8046, resolve:</p><p>Art. 1º DESIGNAR o servidor requisitado ANTONIO ALVES DOS SANTOS, para exercer a Função Comissionada de Assistente I, nível FC-1, da 46ª Zona Eleitoral, com sede no município de Santana do Araguaia, com fulcro no § 2º do art. 4º da Resolução TSE nº 23.448/2015.</p><p>Art. 2º Esta portaria entra em vigor na data de sua publicação.</p><p class="assina">ROBERTO GONÇALVES DE MOURA</p>]]></Texto>
  </body>
</article></xml>