﻿<xml><article id="2017764" name="054 - Designação Villermando FC " idOficio="4707217" pubName="DO2" artType="Ato" pubDate="13/03/2018" artClass="00038:00005:00003:00000:00000:00000:00000:00000:00000:00000:00001:00001" artCategory="Poder Judiciário/Tribunal Superior do Trabalho/Conselho Superior da Justiça do Trabalho" artSize="8" artNotes="" numberPage="86" pdfPage="http://pesquisa.in.gov.br/imprensa/jsp/visualiza/index.jsp?data=13/03/2018&amp;jornal=529&amp;pagina=86" editionNumber="49" highlight="" idMateria="10594068">
  <body>
    <Identifica><![CDATA[ ATO CSJT.GP.SG Nº 54, DE 9 DE MARÇO DE 2018.]]></Identifica>
    <Data><![CDATA[]]></Data>
    <Ementa />
    <Titulo />
    <SubTitulo />
    <Texto><![CDATA[<p class="identifica">ATO CSJT.GP.SG Nº 54, DE 9 DE MARÇO DE 2018.</p><p>O PRESIDENTE DO CONSELHO SUPERIOR DA JUSTIÇA DO TRABALHO, no uso da atribuição prevista no inciso XXVIII do art. 9º do Regimento Interno do CSJT;</p><p>Considerando o constante do Memorando CSJT.SG.CGDOC n.º 04, de 8 de março de 2018, resolve:</p><p>Designar o servidor VILLERMANDO RIBEIRO DOS SANTOS, código 31320, Técnico Judiciário, Área Administrativa, para exercer a função comissionada de Assistente 5, Nível FC-5, da Tabela de Funções Comissionadas da Secretaria-Geral do Conselho Superior da Justiça do Trabalho, em vaga decorrente da dispensa do servidor Leonardo Neves Moreira.</p><p class="assina">Min. JOÃO BATISTA BRITO PEREIRA</p>]]></Texto>
  </body>
</article></xml>