﻿<xml><article id="2015479" name="RETIFICAÇÃO 7718 - DAF - ENVIADA" idOficio="4706912" pubName="DO2" artType="Retificação" pubDate="13/03/2018" artClass="00032:00003:00015:00000:00000:00000:00000:00000:00000:00000:00025:00019" artCategory="Departamento de Polícia Federal/Diretoria de Gestão de Pessoal/Ministério da Justiça" artSize="8" artNotes="RET" numberPage="59" pdfPage="http://pesquisa.in.gov.br/imprensa/jsp/visualiza/index.jsp?data=13/03/2018&amp;jornal=529&amp;pagina=59" editionNumber="49" highlight="" idMateria="10593709">
  <body>
    <Identifica><![CDATA[ RETIFICAÇÃO]]></Identifica>
    <Data><![CDATA[]]></Data>
    <Ementa />
    <Titulo />
    <SubTitulo />
    <Texto><![CDATA[<p class="identifica">RETIFICAÇÃO</p><p>Na Portaria nº 7.718 de 01/03/2018, publicada no DOU nº 42, de 02/03/2018, Seção 2, página 83, na seguinte parte:</p><p>Onde se lê:</p><p>"... e tendo em vista o que consta no protocolo nº 08350.002377/2018-72, resolve:"</p><p>Leia-se:</p><p>"... e tendo em vista o que consta no protocolo nº 08280.001371/2018-59, resolve:"</p>]]></Texto>
  </body>
</article></xml>