﻿<xml><article id="2018686" name="DIÁRIO OFICIAL, portaria 037 - D" idOficio="4707351" pubName="DO2" artType="Portaria" pubDate="13/03/2018" artClass="00011:00060:00017:00000:00000:00000:00000:00000:00000:00000:00025:00001" artCategory="Ministério da Educação/Instituto Federal de Educação, Ciência e Tecnologia do Ceará/Campus Quixadá" artSize="8" artNotes="" numberPage="27" pdfPage="http://pesquisa.in.gov.br/imprensa/jsp/visualiza/index.jsp?data=13/03/2018&amp;jornal=529&amp;pagina=27" editionNumber="49" highlight="" idMateria="10594461">
  <body>
    <Identifica><![CDATA[  PORTARIA Nº 37, DE 12 DE MARÇO DE 2018]]></Identifica>
    <Data><![CDATA[]]></Data>
    <Ementa />
    <Titulo />
    <SubTitulo />
    <Texto><![CDATA[<p class="identifica">PORTARIA Nº 37, DE 12 DE MARÇO DE 2018</p><p>O DIRETOR GERAL EM EXERCÍCIO DO CAMPUS DE QUIXADÁ, DO INSTITUTO FEDERAL DE EDUCAÇÃO, CIÊNCIA E TECNOLOGIA DO CEARÁ, no uso de suas atribuições e considerando o que consta na Portaria n° 675/GR, de 29/10/2015, resolve:</p><p>Art. 1º - Dispensar, a partir de 12 de março de 2018, a servidora Katiane Sampaio de Sousa, auxiliar em administração, matrícula SIAPE nº 1957826, integrante do quadro desta Instituição, do exercício da Função Gratificada - FG-02, da Coordenação de Controle Acadêmico do campus de Quixadá, para a qual fora designada mediante a Portaria nº 113/GDG, de 22/11/2017.</p><p>Art. 2º - Designar, Crisla Maria Bessa Medeiros, auxiliar em administração, matrícula SIAPE nº 2165404, pertencente ao quadro permanente desta Instituição, para ocupar a mencionada vaga.</p><p>Art. 3º - Estabelecer que a presente Portaria entre em vigor na data de sua publicação no Diário Oficial da União.</p><p class="assina">Alexandre César Praxedes Rodrigues</p>]]></Texto>
  </body>
</article></xml>