﻿<xml><article id="2016582" name="PORTARIAS 090318" idOficio="4707106" pubName="DO2" artType="Portaria" pubDate="13/03/2018" artClass="00032:00003:00001:00000:00000:00000:00000:00000:00000:00000:00025:00001" artCategory="Departamento de Polícia Federal/Gabinete/Ministério da Justiça" artSize="8" artNotes="" numberPage="58" pdfPage="http://pesquisa.in.gov.br/imprensa/jsp/visualiza/index.jsp?data=13/03/2018&amp;jornal=529&amp;pagina=58" editionNumber="49" highlight="" idMateria="10593966">
  <body>
    <Identifica><![CDATA[ PORTARIAS DE 9 DE MARÇO DE 2018]]></Identifica>
    <Data><![CDATA[]]></Data>
    <Ementa />
    <Titulo />
    <SubTitulo />
    <Texto><![CDATA[<p class="identifica">PORTARIAS DE 9 DE MARÇO DE 2018</p><p>O DIRETOR-GERAL DA POLÍCIA FEDERAL, no uso das competências que lhe foram atribuídas nos incisos IV e X do art. 35 do Regimento Interno da Polícia Federal, aprovado pela Portaria nº 1.252, de 29 de dezembro de 2017, do Excelentíssimo Senhor Ministro de Estado da Justiça e Segurança Pública, publicada no DOU nº 1, de 02 de janeiro de 2018, e na Portaria nº 499, de 29 de maio de 2014, da Secretaria Executiva do Ministério da Justiça, publicada no DOU nº 106, de 5 de junho de 2014, resolve:</p><p>Nº 8.117 DISPENSAR o Delegado de Polícia Federal RAONE IAUACANA FERREIRA DE AGUIAR do encargo de Substituto Eventual do Delegado Regional Executivo da Superintendência Regional de Polícia Federal na Paraíba, código DAS 101.1.</p><p>Nº 8.118 DESIGNAR o Delegado de Polícia Federal FERNANDO PAGANELLI RODRIGUES para o encargo de Substituto Eventual do Delegado Regional Executivo da Superintendência Regional de Polícia Federal na Paraíba, código DAS 101.1.</p><p class="assina">ROGÉRIO AUGUSTO VIANA GALLORO</p>]]></Texto>
  </body>
</article></xml>