﻿<xml><article id="2017416" name="PORT DGP-DCIPAS - 2018 - Nº 68 -" idOficio="4707201" pubName="DO2" artType="Portaria" pubDate="13/03/2018" artClass="00010:00008:00024:00000:00000:00000:00000:00000:00000:00000:00025:00003" artCategory="Ministério da Defesa/Comando do Exército/Departamento-Geral do Pessoal" artSize="8" artNotes="" numberPage="15" pdfPage="http://pesquisa.in.gov.br/imprensa/jsp/visualiza/index.jsp?data=13/03/2018&amp;jornal=529&amp;pagina=15" editionNumber="49" highlight="" idMateria="10594196">
  <body>
    <Identifica><![CDATA[ PORTARIA Nº 68-DGP/DCIPAS, DE 7 DE MARÇO DE 2018]]></Identifica>
    <Data><![CDATA[]]></Data>
    <Ementa />
    <Titulo />
    <SubTitulo />
    <Texto><![CDATA[<p class="identifica">PORTARIA Nº 68-DGP/DCIPAS, DE 7 DE MARÇO DE 2018</p><p>O CHEFE DO DEPARTAMENTO-GERAL DO PESSOAL, no uso da competência que lhe foi conferida pela Portaria nº 218-Comandante Exército, de 20 de março de 2017, resolve</p><p>NOMEAR,</p><p>por proposta do Comandante Logístico, o Capitão da Reserva Remunerada (Idt 022826193-9) VALDIR JOSÉ PINTO, Prec-CP: 96 1803568, no Comando do Comando Logístico (BRASÍLIA-DF), para Prestador de Tarefa por Tempo Certo, para exercer a tarefa de Assessor para Assuntos Técnico Administrativos e de Inteligência, no COLOG, pelo prazo de 24 (vinte e quatro) meses, a contar de 1º de março de 2018.</p><p class="assina">Gen Ex MANOEL LUIZ NARVAZ PAFIADACHE</p>]]></Texto>
  </body>
</article></xml>