﻿<xml><article id="2020743" name="Ato 378" idOficio="4707613" pubName="DO2" artType="Ato" pubDate="13/03/2018" artClass="00011:00036:00000:00000:00000:00000:00000:00000:00000:00000:00001:00001" artCategory="Ministério da Educação/Fundação Universidade Federal do Piauí" artSize="8" artNotes="" numberPage="23" pdfPage="http://pesquisa.in.gov.br/imprensa/jsp/visualiza/index.jsp?data=13/03/2018&amp;jornal=529&amp;pagina=23" editionNumber="49" highlight="" idMateria="10594891">
  <body>
    <Identifica><![CDATA[ ATO Nº 378, de 7 de março de 2018]]></Identifica>
    <Data><![CDATA[]]></Data>
    <Ementa />
    <Titulo />
    <SubTitulo />
    <Texto><![CDATA[<p class="identifica">ATO Nº 378, de 7 de março de 2018</p><p>A VICE-REITORA DA UNIVERSIDADE FEDERAL DO PIAUÍ, no exercício da Reitoria, usando de suas atribuições legais; resolve:</p><p>Nomear em caráter efetivo, de acordo com os artigos 9º, 10, 13 e 20, com seus incisos e parágrafos aplicáveis à espécie da Lei nº. 8.112/90, de 11.12.90, com as alterações da Lei nº. 9.527, de 10.12.97 e do artigo 6º, da Emenda Constitucional nº. 19, de 04.06.98, RENAN SANTOS DE SÁ CARVALHO, para o cargo de Técnico em Eletromecânica, Classe D, com lotação no Departamento Física/CCN, Campus "Ministro Petrônio Portella", Teresina - PI, Código de Vaga nº. 340503. A posse ocorrerá no prazo de até 30 (trinta) dias contados da publicação deste Ato no Diário Oficial da União. (considerando o Parecer da Força Executória CPO nº. 02/2018 - PF-PI/PGF/AGU; Processo Judicial nº. 1003833-14.2018.4.01.0000 e 1000331-95.2018.4.01.4000; o Decreto 6944, de 21/08/2009, publicado no D.O.U. de 24/08/2009; o Decreto 7232, de 19/07/2017, publicado no D.O.U. de 20/07/2010 e Portaria Ministerial 1620/2011, de 18/11/2011, publicada no D.O.U. de 21/11/2011, Seção 1, página 68; o Edital nº 11/2017, de 22/05/2017, publicado no D.O.U. de 24/05/2017, Seção 3, páginas 33 a 38; a Homologação pelo AR nº 1740, de 31/10/2017, publicada no D.O.U. de 06/11/2017, Seção 1, páginas 66 a 68; os Processos nºs. 23111.010394/2018-52; 23111.28490/2017-11).</p><p class="assina">NADIR DO NASCIMENTO NOGUEIRA</p>]]></Texto>
  </body>
</article></xml>