﻿<xml><article id="2015076" name="Portarias 1053 a 1110" idOficio="4706864" pubName="DO2" artType="Portaria" pubDate="13/03/2018" artClass="00011:00066:00000:00000:00000:00000:00000:00000:00000:00000:00025:00001" artCategory="Ministério da Educação/Instituto Federal de Educação, Ciência e Tecnologia do Maranhão" artSize="8" artNotes="" numberPage="29" pdfPage="http://pesquisa.in.gov.br/imprensa/jsp/visualiza/index.jsp?data=13/03/2018&amp;jornal=529&amp;pagina=29" editionNumber="49" highlight="" idMateria="10593584">
  <body>
    <Identifica><![CDATA[ PORTARIA Nº 1.053, DE 8 DE MARÇO DE 2018]]></Identifica>
    <Data><![CDATA[]]></Data>
    <Ementa />
    <Titulo />
    <SubTitulo />
    <Texto><![CDATA[<p class="identifica">PORTARIA Nº 1.053, DE 8 DE MARÇO DE 2018</p><p>O DIRETOR EXECUTIVO NO EXERCÍCIO DA REITORIA DO INSTITUTO FEDERAL DE EDUCAÇÃO, CIÊNCIA E TECNOLOGIA DO MARANHÃO, designado pela Portaria nº 931, de 05 de março de 2018; e, Considerando o disposto no Decreto nº 1.387/95, no Decreto nº 5.707/2006, no Art. 1º, Inc. II, do Decreto nº 91.800/85, no Art. 95 da Lei 8.112/90, e a solicitação constante no Processo n° 23249.004621/2018-92, resolve:</p><p>Autorizar o afastamento do servidor Pedro Almir Martins de Oliveira, Professor de Ensino Básico, Técnico e Tecnológico, lotado no Campus Pedreiras, para, em Porto/Portugal, no período de 21.02.2018 a 04.03.2018, realizar visita técnica no Instituto Politécnico do Porto, com ônus limitado para este Instituto Federal, contemplado através do Edital PRPGI n° 106/2017.</p><p class="assina">Agenor Almeida Filho</p><p class="identifica">PORTARIA Nº 1.110, DE 12 DE MARÇO DE 2018</p><p>O DIRETOR EXECUTIVO NO EXERCÍCIO DA REITORIA DO INSTITUTO FEDERAL DE EDUCAÇÃO, CIÊNCIA E TECNOLOGIA DO MARANHÃO, designado pela Portaria nº 931 de 05 de março de 2018; e, Considerando o disposto no Art. 33, Inciso IX da Lei 8.112/90, e a solicitação constante Processo nº 23249.011975/2018-93, resolve:</p><p>a) Conceder vacância ao cargo de Professor de Ensino Básico, Técnico e Tecnológico do Campus Barreirinhas, ocupado pela servidora Rossana Macedo Muniz, Matricula SIAPE nº 1565492, a partir de 19.02.2018, por falecimento; e,</p><p>b) Declarar vago o referido cargo.</p><p class="assina">Agenor Almeida Filho</p>]]></Texto>
  </body>
</article></xml>