﻿<xml><article id="2019073" name="Ret0DF" idOficio="4707402" pubName="DO2" artType="Retificação" pubDate="13/03/2018" artClass="00021:00016:00000:00000:00000:00000:00000:00000:00000:00000:00032:00001" artCategory="Ministério de Minas e Energia/Departamento Nacional de Produção Mineral" artSize="8" artNotes="" numberPage="51" pdfPage="http://pesquisa.in.gov.br/imprensa/jsp/visualiza/index.jsp?data=13/03/2018&amp;jornal=529&amp;pagina=51" editionNumber="49" highlight="" idMateria="10594556">
  <body>
    <Identifica><![CDATA[ Retificação]]></Identifica>
    <Data><![CDATA[]]></Data>
    <Ementa />
    <Titulo />
    <SubTitulo />
    <Texto><![CDATA[<p class="identifica">Retificação</p><p>Na Portaria/DNPM nº 117, de 19.02.2018, publicada no Diário Oficial da União de 01/03/2018, seção 2, página 87, que concedeu aposentadoria voluntária ao servidor FRANCISCO PEREIRA LUCENA, matrícula SIAPE nº 455054, onde se lê:...com fundamento no artigo 3º, da Emenda Constitucional nº 47/2005, leia-se:...com fundamento no artigo<strong></strong>6º da Emenda Constitucional nº 41/2003.</p>]]></Texto>
  </body>
</article></xml>