﻿<xml><article id="2020774" name="PORTARIA Nº 30 a 44-ESG-MD" idOficio="4707615" pubName="DO2" artType="Portaria" pubDate="13/03/2018" artClass="00010:00026:00000:00000:00000:00000:00000:00000:00000:00000:00025:00001" artCategory="Ministério da Defesa/Escola Superior de Guerra" artSize="8" artNotes="" numberPage="9" pdfPage="http://pesquisa.in.gov.br/imprensa/jsp/visualiza/index.jsp?data=13/03/2018&amp;jornal=529&amp;pagina=9" editionNumber="49" highlight="" idMateria="10594893">
  <body>
    <Identifica><![CDATA[ PORTARIAS DP/ESG, DE 28 DE FEVEREIRO DE 2018]]></Identifica>
    <Data><![CDATA[]]></Data>
    <Ementa />
    <Titulo />
    <SubTitulo />
    <Texto><![CDATA[<p class="identifica">PORTARIAS DP/ESG, DE 28 DE FEVEREIRO DE 2018</p><p>O COMANDANTE DA ESCOLA SUPERIOR DE GUERRA usando da competência que lhe foi subdelegada pelo o Art. 4o, inciso IV, alínea "a", da Portaria no1.839/MD, de 09 de dezembro de 2010, publicada no DOU do dia 10 subsequente e de acordo com a Lei no12.772, de 28 de dezembro de 2012 e suas alterações, resolve:</p><p>Nº 30 - Nomear ARIELA DINIZ CORDEIRO LESKE habilitada em concurso público com o resultado publicado no DOU no1, de 02 Jan 2018, para o Cargo de Professor da Carreira de Magistério Superior, Classe A, Adjunto-A, Nível 1, do Quadro Permanente desta Escola/Campus Rio de Janeiro, em regime de 40 horas semanais, código de vaga 0553711.</p><p>Nº 31 - Nomear BORIS ASRILHANT habilitado em concurso público com o resultado publicado no DOU no1, de 02 Jan 2018, para o Cargo de Professor da Carreira de Magistério Superior, Classe A, Adjunto-A, Nível 1, do Quadro Permanente desta Escola/Campus Rio de Janeiro, em regime de 40 horas semanais, código de vaga 0553712.</p><p>Nº 32 - Nomear CINTIENE SANDES MONFREDO MENDES habilitada em concurso público com o resultado publicado no DOU no1, de 02 Jan 2018, para o Cargo de Professor da Carreira de Magistério Superior, Classe A, Adjunto-A, Nível 1, do Quadro Permanente desta Escola/Campus Rio de Janeiro, em regime de 40 horas semanais, código de vaga 0553724.</p><p>Nº 33 - Nomear DANILO MARCONDES DE SOUZA NETO habilitado em concurso público com o resultado publicado no DOU no1, de 02 Jan 2018, para o Cargo de Professor da Carreira de Magistério Superior, Classe A, Adjunto-A, Nível 1, do Quadro Permanente desta Escola/Campus Rio de Janeiro, em regime de 40 horas semanais, código de vaga 0556943.</p><p>Nº 34 - Nomear ERICA SIMONE ALMEIDA RESENDE habilitada em concurso público com o resultado publicado no DOU no1, de 02 Jan 2018, para o Cargo de Professor da Carreira de Magistério Superior, Classe A, Adjunto-A, Nível 1, do Quadro Permanente desta Escola/Campus Rio de Janeiro, em regime de 40 horas semanais, código de vaga 0596813.</p><p>Nº 35 - Nomear GUILHERME LOPES DA CUNHA habilitado em concurso público com o resultado publicado no DOU no1, de 02 Jan 2018, para o Cargo de Professor da Carreira de Magistério Superior, Classe A, Adjunto-A, Nível 1, do Quadro Permanente desta Escola/Campus Rio de Janeiro, em regime de 40 horas semanais, código de vaga 0027569.</p><p>Nº 36 - Nomear JACINTHO MAIA NETO habilitado em concurso público com o resultado publicado no DOU no1, de 02 Jan 2018, para o Cargo de Professor da Carreira de Magistério Superior, Classe A, Adjunto-A, Nível 1, do Quadro Permanente desta Escola/Campus Rio de Janeiro, em regime de 40 horas semanais, código de vaga 0027597.</p><p>Nº 37 - Nomear LARA DENISE GÓES DA COSTA habilitada em concurso público com o resultado publicado no DOU, de 02 Jan 2018, para o Cargo de Professor da Carreira de Magistério Superior, Classe A, Adjunto-A, Nível 1, do Quadro Permanente desta Escola/Campus Rio de Janeiro, em regime de 40 horas semanais, código de vaga 0019559.</p><p>Nº 38 - Nomear LUIZ OCTÁVIO GAVIÃO habilitado em concurso público com o resultado publicado no DOU no1, de 02 Jan 2018, para o Cargo de Professor da Carreira de Magistério Superior, Classe A, Adjunto-A, Nível 1, do Quadro Permanente desta Escola/Campus Rio de Janeiro, em regime de 40 horas semanais, código de vaga 0019560.</p><p>Nº 39 - Nomear MARCELO MELLO VALENÇA habilitado em concurso público com o resultado publicado no DOU no1, de 02 Jan 2018, para o Cargo de Professor da Carreira de Magistério Superior, Classe A, Adjunto-A, Nível 1, do Quadro Permanente desta Escola/Campus Rio de Janeiro, em regime de 40 horas semanais, código de vaga 0996534.</p><p>Nº 40 - Nomear MARIANA ALVES DA CUNHA KALIL habilitada em concurso público com o resultado publicado no DOU no1, de 02 Jan 2018, para o Cargo de Professor da Carreira de Magistério Superior, Classe A, Adjunto-A, Nível 1, do Quadro Permanente desta Escola/Campus Rio de Janeiro, em regime de 40 horas semanais, código de vaga 0996535.</p><p>Nº 41 - Nomear RONALDO GOMES CARMONA habilitado em concurso público com o resultado publicado no DOU no1, de 02 Jan 2018, para o Cargo de Professor da Carreira de Magistério Superior, Classe A, Adjunto-A, Nível 1, do Quadro Permanente desta Escola/Campus Rio de Janeiro, em regime de 40 horas semanais, código de vaga 0996536.</p><p>Nº 42 - Nomear SERGIO KOSTIN habilitado em concurso público com o resultado publicado no DOU no1, de 02 Jan 2018, para o Cargo de Professor da Carreira de Magistério Superior, Classe A, Adjunto-A, Nível 1, do Quadro Permanente desta Escola/Campus Rio de Janeiro, em regime de 40 horas semanais, código de vaga 0996537.</p><p>Nº 43 - Nomear PETERSON FERREIRA DA SILVA habilitado em concurso público com o resultado publicado no DOU no1, de 02 Jan 2018, para o Cargo de Professor da Carreira de Magistério Superior, Classe A, Adjunto-A, Nível 1, do Quadro Permanente desta Escola/Campus Brasília, em regime de 40 horas semanais, código de vaga 0996538.</p><p>Nº 44 - Nomear VIVIANE MACHADO CAMINHA habilitada em concurso público com o resultado publicado no DOU no1, de 02 Jan 2018, para o Cargo de Professor da Carreira de Magistério Superior, Classe A, Adjunto-A, Nível 1, do Quadro Permanente desta Escola/Campus Brasília, em regime de 40 horas semanais, código de vaga 0996539.</p><p>A posse deverá ocorrer no prazo máximo de 30 dias, contados da publicação deste ato no Diário Oficial da União, conforme Art. 13, § 1oda Lei no8.112/90.</p><p class="assina">General de Exército DÉCIO LUÍS SCHONS</p>]]></Texto>
  </body>
</article></xml>