﻿<xml><article id="2013680" name="Despacho-09-18" idOficio="4706611" pubName="DO2" artType="Despacho" pubDate="13/03/2018" artClass="00011:00060:00001:00000:00000:00000:00000:00000:00000:00000:00019:00002" artCategory="Ministério da Educação/Instituto Federal de Educação, Ciência e Tecnologia do Ceará/Reitoria" artSize="8" artNotes="" numberPage="27" pdfPage="http://pesquisa.in.gov.br/imprensa/jsp/visualiza/index.jsp?data=13/03/2018&amp;jornal=529&amp;pagina=27" editionNumber="49" highlight="" idMateria="10593337">
  <body>
    <Identifica><![CDATA[ DESPACHO Nº 9, DE 12 DE MARÇO DE 2018]]></Identifica>
    <Data><![CDATA[]]></Data>
    <Ementa />
    <Titulo />
    <SubTitulo />
    <Texto><![CDATA[<p class="identifica">DESPACHO Nº 9, DE 12 DE MARÇO DE 2018</p><p>O REITOR DO INSTITUTO FEDERAL DE EDUCAÇÃO, CIÊNCIA E TECNOLOGIA DO CEARÁ, no uso da competência que lhe foi subdelegada mediante a Portaria MEC n° 404, de 23/04/2009 (Republicada no DOU 07/05/2009) autoriza o afastamento do país da servidora ELYDIANA DE SOUZA SOARES, ocupante do cargo de Professor do Ensino Básico, Técnico e Tecnológico, Matrícula SIAPE nº 2168167, pertencente ao Quadro Permanente deste Instituto, campus Iguatu, no período de 27 a 29/03/2018, com ônus limitado, para apresentar trabalho científico na 6ª Conferência Mundial sobre Sistemas e Tecnologias de Informação, em Nápoles, Itália. (Processo nº 23266.006246.2018-15).</p><p class="assina">Virgílio Augusto Sales Araripe</p>]]></Texto>
  </body>
</article></xml>