﻿<xml><article id="2018896" name="PORTARIA GPR 424" idOficio="4707356" pubName="DO2" artType="Portaria" pubDate="13/03/2018" artClass="00038:00039:00002:00000:00000:00000:00000:00000:00000:00000:00025:00001" artCategory="Poder Judiciário/Tribunal de Justiça do Distrito Federal e dos Territórios/Presidência" artSize="8" artNotes="" numberPage="88" pdfPage="http://pesquisa.in.gov.br/imprensa/jsp/visualiza/index.jsp?data=13/03/2018&amp;jornal=529&amp;pagina=88" editionNumber="49" highlight="" idMateria="10594468">
  <body>
    <Identifica><![CDATA[ PORTARIA nº 424, DE 6 DE MARÇO DE 2018]]></Identifica>
    <Data><![CDATA[]]></Data>
    <Ementa />
    <Titulo />
    <SubTitulo />
    <Texto><![CDATA[<p class="identifica">PORTARIA nº 424, DE 6 DE MARÇO DE 2018</p><p>O PRESIDENTE DO TRIBUNAL DE JUSTIÇA DO DISTRITO FEDERAL E DOS TERRITÓRIOS, no uso de sua competência legal, com fundamento no artigo 93, Inciso I, § 1º, da Lei 8.112/1990, no Decreto nº 9.144/2017, bem como na Portaria GPR 78/2018, e tendo em vista o contido no PA 7.308/2016, resolve:</p><p>Prorrogar a cessão da servidora LEILA DUARTE LIMA, matrícula 313.252, Analista Judiciário, Área Judiciária, Sem Especialidade, Nível Superior, Classe "C", Padrão 13, do Quadro de Pessoal deste Tribunal, para continuar exercendo o cargo em comissão código CC-04, de Secretário Executivo da Coordenadoria Executiva de Autocomposição da Vice-Procuradoria-Geral, no Ministério Público do Distrito Federal e Territórios, de 27/4/2018 a 26/4/2019, com ônus do cargo efetivo para o cedente e do cargo em comissão para o cessionário.</p><p class="assina">Des. MARIO MACHADO</p>]]></Texto>
  </body>
</article></xml>