﻿<xml><article id="2016186" name="10 - PORTARIA 23 EXON NOMEAC DE " idOficio="4707028" pubName="DO2" artType="Portaria" pubDate="13/03/2018" artClass="00010:00008:00022:00000:00000:00000:00000:00000:00000:00000:00025:00001" artCategory="Ministério da Defesa/Comando do Exército/Comando Logístico" artSize="8" artNotes="" numberPage="15" pdfPage="http://pesquisa.in.gov.br/imprensa/jsp/visualiza/index.jsp?data=13/03/2018&amp;jornal=529&amp;pagina=15" editionNumber="49" highlight="" idMateria="10593871">
  <body>
    <Identifica><![CDATA[ PORTARIA Nº 23-COLOG/SG1, DE 7 DE MARÇO  DE 2018]]></Identifica>
    <Data><![CDATA[]]></Data>
    <Ementa />
    <Titulo />
    <SubTitulo />
    <Texto><![CDATA[<p class="identifica">PORTARIA Nº 23-COLOG/SG1, DE 7 DE MARÇO DE 2018</p><p>O COMANDANTE LOGÍSTICO, no uso da competência que lhe foi conferida pela Portaria nº 218-Comandante do Exército, de 20 de março de 2017, resolve</p><p>EXONERAR</p><p>ex officio, a Major da Reserva Remunerada (062359124-5) MÁRCIA DOS SANTOS TAVARES, Prec-CP 96 1736453, do Comando Logístico (BRASÍLIA-DF), a partir de 1º de abril de 2018, de acordo com a alínea b), do inciso II, do art. 11, da Portaria nº 218-Cmt Ex, de 20 de março de 2017, de Prestador de Tarefa por Tempo Certo.</p><p>NOMEAR</p><p>a Major da Reserva Remunerada (062359124-5) MÁRCIA DOS SANTOS TAVARES, Prec-CP 96 1736453, no Comando Logístico (BRASÍLIA-DF), para Prestadora de Tarefa por Tempo Certo, para exercer a tarefa de Assessoramento Técnico ao Ordenador de Despesas da Atividade-Fim do COLOG, pelo prazo de 24 (vinte e quatro) meses, a partir de 1º de abril de 2018.</p><p class="assina">Gen Ex GUILHERME CALS THEOPHILO GASPAR DE OLIVEIRA</p>]]></Texto>
  </body>
</article></xml>