﻿<xml><article id="2021157" name="DOU 2-SGP-PT-432-UNI-119650_Guil" idOficio="4707714" pubName="DO2" artType="Portaria" pubDate="13/03/2018" artClass="00034:00007:00015:00000:00000:00000:00000:00000:00000:00000:00025:00008" artCategory="Ministério Público da União/Ministério Público Federal/Secretaria de Gestão de Pessoas" artSize="8" artNotes="" numberPage="60" pdfPage="http://pesquisa.in.gov.br/imprensa/jsp/visualiza/index.jsp?data=13/03/2018&amp;jornal=529&amp;pagina=60" editionNumber="49" highlight="" idMateria="10595016">
  <body>
    <Identifica><![CDATA[ PORTARIA Nº 432, de 9 de março de 2018]]></Identifica>
    <Data><![CDATA[]]></Data>
    <Ementa />
    <Titulo />
    <SubTitulo />
    <Texto><![CDATA[<p class="identifica">PORTARIA Nº 432, de 9 de março de 2018</p><p>A SECRETÁRIA DE GESTÃO DE PESSOAS DO MINISTÉRIO PÚBLICO FEDERAL, no uso da competência que lhe foi atribuída pelo art. 1º, da Portaria SG/MPF nº 497, de 3/6/2015, e tendo em vista o constante no Processo Administrativo nº 1.17.000.000647/2018-16, resolve:</p><p>Declarar vago, a pedido, por motivo de exoneração, a partir de 09 de março de 2018, o cargo de Técnico do MPU/Administração, classe B, padrão 6, da carreira de Técnico do Ministério Público da União, ocupado pelo servidor SAMOEL RIBEIRO DE FARIA JUNIOR, matrícula nº 21603, nos termos do art. 34, da Lei nº 8.112, de 11/12/1990.</p><p class="assina">ELOÁ TODARELLI JUNQUEIRA</p>]]></Texto>
  </body>
</article></xml>