﻿<xml><article id="2018899" name="PORTARIA GPR 425" idOficio="4707356" pubName="DO2" artType="Portaria" pubDate="13/03/2018" artClass="00038:00039:00002:00000:00000:00000:00000:00000:00000:00000:00025:00002" artCategory="Poder Judiciário/Tribunal de Justiça do Distrito Federal e dos Territórios/Presidência" artSize="8" artNotes="" numberPage="88" pdfPage="http://pesquisa.in.gov.br/imprensa/jsp/visualiza/index.jsp?data=13/03/2018&amp;jornal=529&amp;pagina=88" editionNumber="49" highlight="" idMateria="10594469">
  <body>
    <Identifica><![CDATA[ PORTARIA nº 425, DE 6 DE MARÇO DE 2018]]></Identifica>
    <Data><![CDATA[]]></Data>
    <Ementa />
    <Titulo />
    <SubTitulo />
    <Texto><![CDATA[<p class="identifica">PORTARIA nº 425, DE 6 DE MARÇO DE 2018</p><p>O PRESIDENTE DO TRIBUNAL DE JUSTIÇA DO DISTRITO FEDERAL E DOS TERRITÓRIOS, no uso de sua competência legal, com fundamento no artigo 93, Inciso I, § 1º, da Lei 8.112/1990, no Decreto nº 9.144/2017, bem como na Portaria GPR 78/2018, e tendo em vista o contido no PA3317/2015, resolve:</p><p>Prorrogar a cessão do servidor DANIEL DA CUNHA LIMA RIBEIRO, matrícula 317951, Técnico Judiciário, Área Administrativa, Sem Especialidade, Nível Intermediário, Classe "B", Padrão 6, do Quadro de Pessoal deste Tribunal, para continuar exercendo, na Secretaria Adjunta de Relações Institucionais e Sociais, da Secretaria de Estado da Casa Civil, Relações Institucionais e Sociais do Distrito Federal, o cargo de natureza especial, símbolo CNE-04, de Assessor Especial, com ônus do cargo efetivo e do cargo em comissão para o cessionário, até o dia 25/02/2019, ficando convalidado o período de 26/02/2018 até a data da publicação desta.</p><p class="assina">Des. MARIO MACHADO</p>]]></Texto>
  </body>
</article></xml>