﻿<xml><article id="2017398" name="RECONDUZIR PARA EXERCER - 915 e " idOficio="4707147" pubName="DO2" artType="Portaria" pubDate="13/03/2018" artClass="00011:00109:00001:00001:00000:00000:00000:00000:00000:00000:00025:00001" artCategory="Ministério da Educação/Universidade Federal do Ceará/Reitoria/Gabinete do Reitor" artSize="8" artNotes="" numberPage="27" pdfPage="http://pesquisa.in.gov.br/imprensa/jsp/visualiza/index.jsp?data=13/03/2018&amp;jornal=529&amp;pagina=27" editionNumber="49" highlight="" idMateria="10594057">
  <body>
    <Identifica><![CDATA[ PORTARIAs DE 9 DE MARÇO DE 2018]]></Identifica>
    <Data><![CDATA[]]></Data>
    <Ementa />
    <Titulo />
    <SubTitulo />
    <Texto><![CDATA[<p class="identifica">PORTARIAs DE 9 DE MARÇO DE 2018</p><p>O Reitor da Universidade Federal do Ceará, no uso de suas atribuições legais e estatutárias, resolve:</p><p>Nº 915 - Art. 1º Reconduzir RODRIGO NOGUEIRA MACHADO, matrícula SIAPE nº 1890387, para exercer a função CHEFE, código: FG-01, do DEPARTAMENTO DE LETRAS LIBRAS E ESTUDOS SURDOS DO CENTRO DE HUMANIDADES desta Universidade, no período de 14 de março de 2018 a 14 de março de 2020. Art. 2º Designar LIGIANE DE CASTRO LOPES, matrícula SIAPE nº 2142453, como SUBCHEFE e substituto(a) do servidor indicado no Art. 1º, nos casos de seus afastamentos, impedimentos legais ou regulamentares e na vacância do cargo.(Processo Nº 23067.011515/2018-01).</p><p>Nº 916 - Dispensar, a pedido, RENATA CASTELO PEIXOTO, matrícula SIAPE nº 2085178, da função/cargo de SUBCHEFE do DEPARTAMENTO DE LETRAS LIBRAS E ESTUDOS SURDOS DO CENTRO DE HUMANIDADES desta Universidade, a partir de 14 de março de 2018. (Processo Nº 23067.011515/2018-01).</p><p class="assina">Henry de Holanda Campos</p>]]></Texto>
  </body>
</article></xml>