﻿<xml><article id="2015788" name="DESPACHORFB gustavo" idOficio="4706984" pubName="DO2" artType="Despacho" pubDate="13/03/2018" artClass="00012:00055:00000:00000:00000:00000:00000:00000:00000:00000:00019:00005" artCategory="Ministério da Fazenda/Secretaria da Receita Federal do Brasil" artSize="8" artNotes="" numberPage="44" pdfPage="http://pesquisa.in.gov.br/imprensa/jsp/visualiza/index.jsp?data=13/03/2018&amp;jornal=529&amp;pagina=44" editionNumber="49" highlight="" idMateria="10593766">
  <body>
    <Identifica><![CDATA[ DESPACHO de 9 DE MARÇO DE 2018]]></Identifica>
    <Data><![CDATA[]]></Data>
    <Ementa />
    <Titulo />
    <SubTitulo />
    <Texto><![CDATA[<p class="identifica">DESPACHO de 9 DE MARÇO DE 2018</p><p>O SECRETÁRIO DA RECEITA FEDERAL DO BRASIL, no uso da competência prevista no art. 2º do Decreto nº 1.387, de 7 de fevereiro de 1995, que lhe foi delegada na Portaria GMF n° 530 de 11 de novembro de 2009, autoriza o afastamento do Auditor-Fiscal da Receita Federal do Brasil GUSTAVO LACERDA COUTINHO, lotado no Centro Nacional de Gestão de Riscos Aduaneiros da Coordenação-Geral de Administração Aduaneira da Secretaria da Receita Federal do Brasil, no período 08 a 21 de abril de 2018, incluído trânsito, com ônus limitado, para participar da Strategic Trade Management Academy, promovida pelo Departamento de Estado dos Estados Unidos da América, a se realizar em Athens, Estados Unidos da América. (Dossiê nº 10030.000229/0318-69)</p><p class="assina">JORGE ANTONIO DEHER RACHID</p>]]></Texto>
  </body>
</article></xml>