﻿<xml><article id="2016012" name="port527-2018-dpmm" idOficio="4707001" pubName="DO2" artType="Portaria" pubDate="13/03/2018" artClass="00010:00007:00014:00006:00000:00000:00000:00000:00000:00000:00025:00010" artCategory="Ministério da Defesa/Comando da Marinha/Diretoria-Geral do Pessoal/Diretoria do Pessoal Militar" artSize="8" artNotes="" numberPage="11" pdfPage="http://pesquisa.in.gov.br/imprensa/jsp/visualiza/index.jsp?data=13/03/2018&amp;jornal=529&amp;pagina=11" editionNumber="49" highlight="" idMateria="10593832">
  <body>
    <Identifica><![CDATA[ PORTARIA Nº 527/DPMM, DE 12 DE MARÇO DE 2018]]></Identifica>
    <Data><![CDATA[]]></Data>
    <Ementa />
    <Titulo />
    <SubTitulo />
    <Texto><![CDATA[<p class="identifica">PORTARIA Nº 527/DPMM, DE 12 DE MARÇO DE 2018</p><p>O DIRETOR DO PESSOAL MILITAR DA MARINHA, no uso da subdelegação de competência que lhe confere o contido na alínea a, do inciso V, do art. 1º, do Anexo B, da Portaria nº 24, de 9 de março de 2017, do Diretor-Geral do Pessoal da Marinha, e tendo em vista o disposto nos art. 96, inciso I e 97, da Lei nº 6.880, de 9 de dezembro de 1980, resolve:</p><p>Art. 1º Conceder Transferência para a Reserva Remunerada (RM1), com a remuneração a que faz jus, observado o previsto nos art. 50, inciso II, da Lei nº 6.880, de 9 de dezembro de 1980; art. 10, incisos I, II, III, IV e VI; e 30 da Medida Provisória nº 2.215-10, de 31 de agosto de 2001, e o disposto no art. 10, incisos I e II, do Decreto nº 4.307, de 18 de julho de 2002, ao Capitão de Corveta (T) 85.3343.91 HAMILTON RIBEIRO DA MOTTA FILHO.</p><p>Art. 2º Esta Portaria entra em vigor na presente data.</p><p class="assina">Vice.Alte ANTONIO REGINALDO PONTES LIMA JUNIOR</p>]]></Texto>
  </body>
</article></xml>