﻿<xml><article id="2015794" name="DESPACHORFB josecarlos carlosgal" idOficio="4706984" pubName="DO2" artType="Despacho" pubDate="13/03/2018" artClass="00012:00055:00000:00000:00000:00000:00000:00000:00000:00000:00019:00007" artCategory="Ministério da Fazenda/Secretaria da Receita Federal do Brasil" artSize="8" artNotes="" numberPage="44" pdfPage="http://pesquisa.in.gov.br/imprensa/jsp/visualiza/index.jsp?data=13/03/2018&amp;jornal=529&amp;pagina=44" editionNumber="49" highlight="" idMateria="10593768">
  <body>
    <Identifica><![CDATA[ DESPACHO de 9 DE MARÇO DE 2018]]></Identifica>
    <Data><![CDATA[]]></Data>
    <Ementa />
    <Titulo />
    <SubTitulo />
    <Texto><![CDATA[<p class="identifica">DESPACHO de 9 DE MARÇO DE 2018</p><p>O SECRETÁRIO DA RECEITA FEDERAL DO BRASIL, no uso da competência prevista no art. 2º do Decreto nº 1.387, de 7 de fevereiro de 1995, que lhe foi delegada na Portaria MF n° 530 de 11 de novembro de 2009, autoriza o afastamento do País, com ônus limitado, do Auditor Fiscal Receita Federal do Brasil JOSÉ CARLOS DE ARAÚJO e do Analista-Tributário da Receita Federal do Brasil, CARLOS GALBERTO SILVA RIBEIRO, lotados na Coordenação-Geral de Administração Aduaneira da Secretaria da Receita Federal do Brasil, no período de 25 a 31 de março de 2018, inclusive trânsito, com ônus, na forma do disposto no inciso IV do art. 1º do Decreto nº 1.387, de 07 de fevereiro de 1995, com a finalidade para participar do The Global Targeting FORUM 2018, a ser realizado em Dubai-Emirados Árabes Unidos. (Dossiê nº 10030.000035/0318-63)</p><p class="assina">JORGE ANTONIO DEHER RACHID</p>]]></Texto>
  </body>
</article></xml>