﻿<xml><article id="2014014" name="Portarias de 09mar2018" idOficio="4706654" pubName="DO2" artType="Portaria" pubDate="13/03/2018" artClass="00012:00002:00012:00024:00000:00000:00000:00000:00000:00000:00025:00001" artCategory="Ministério da Fazenda/Secretaria Executiva/Subsecretaria de Planejamento, Orçamento e Administração/Superintendência de Administração em Minas Gerais" artSize="8" artNotes="" numberPage="42" pdfPage="http://pesquisa.in.gov.br/imprensa/jsp/visualiza/index.jsp?data=13/03/2018&amp;jornal=529&amp;pagina=42" editionNumber="49" highlight="" idMateria="10593401">
  <body>
    <Identifica><![CDATA[ PORTARIAS DE 9 DE MARÇO DE 2018]]></Identifica>
    <Data><![CDATA[]]></Data>
    <Ementa />
    <Titulo />
    <SubTitulo />
    <Texto><![CDATA[<p class="identifica">PORTARIAS DE 9 DE MARÇO DE 2018</p><p>O SUPERINTENDENTE DE ADMINISTRAÇÃO DO MINISTÉRIO DA FAZENDA EM MINAS GERAIS, usando da delegação de competência que lhe foi conferida pelo inciso XI, do artigo 86, da Portaria MF nº 144, de 27/04/2016, do Ministro de Estado da Fazenda, publicada no DOU de 29/04/2016, e da delegação de competência que lhe foi conferida pela Portaria SRF nº 1.671, de 16/06/2005, publicada no Diário Oficial da União, de 20/06/2005, resolve:</p><p>Nº 90 - Conceder aposentadoria voluntária a MÔNICA BARROS DE ANDRADE TAVARES, matrículas SIAPEcad nº 15646 / SIAPE nº 117321, ocupante do cargo de Auditor-Fiscal da Receita Federal do Brasil, código 236010, Classe S, Padrão III, do Quadro de Pessoal do Ministério da Fazenda em Minas Gerais, com fundamento no art. 3º, da Emenda Constitucional nº 47/2005, com proventos integrais (código do fundamento 047001), tendo em vista o que consta do Processo SEI nº 18192.000002/2017-19.</p><p>Nº 92 - Conceder aposentadoria voluntária a JOVANA APARECIDA ALVIM LIMA FERNANDES, matrículas SIAPEcad nº 829518 / SIAPE nº 893194, ocupante do cargo de Auditor-Fiscal da Receita Federal do Brasil, código 236010, Classe S, Padrão III, do Quadro de Pessoal do Ministério da Fazenda em Minas Gerais, com fundamento no art. 3º, da Emenda Constitucional nº 47/2005, com proventos integrais (código do fundamento 047001), tendo em vista o que consta do Processo SEI nº 10640.000004/2018-43.</p><p>Nº 93 - Conceder aposentadoria voluntária a MARIA LUZIA APARECIDA COSTA KITAMURA, matrículas SIAPEcad nº 828499 / SIAPE nº 892062, ocupante do cargo de Administrador, código 434009, Classe S, Padrão IV, do Quadro de Pessoal do Ministério da Fazenda em Minas Gerais, com fundamento no art. 3º, da Emenda Constitucional nº 47/2005, com proventos integrais (código do fundamento 047001), tendo em vista o que consta do Processo SEI nº 10640.000007/2018/87.</p><p>Nº 94 - Conceder aposentadoria voluntária a ANTÔNIO CARLOS LOURES TAVARES, matrículas SIAPEcad nº 9478 / SIAPE nº 111456, ocupante do cargo de Auditor-Fiscal da Receita Federal do Brasil, código 236010, Classe S, Padrão III, do Quadro de Pessoal do Ministério da Fazenda em Minas Gerais, com fundamento no art. 3º, da Emenda Constitucional nº 47/2005, com proventos integrais (código do fundamento 047001), tendo em vista o que consta do Processo SEI nº 10640.000001/2018-18.</p><p class="assina">ACÁCIO CÂNDIDO DA SILVEIRA SANTOS</p>]]></Texto>
  </body>
</article></xml>