﻿<xml><article id="2019991" name="PORTARIAS DE 21 DE FEVEREIRO DE " idOficio="4707505" pubName="DO2" artType="Portaria" pubDate="13/03/2018" artClass="00031:00003:00000:00000:00000:00000:00000:00000:00000:00000:00025:00001" artCategory="Ministério dos Transportes, Portos e Aviação Civil/Agência Nacional de Aviação Civil" artSize="8" artNotes="" numberPage="57" pdfPage="http://pesquisa.in.gov.br/imprensa/jsp/visualiza/index.jsp?data=13/03/2018&amp;jornal=529&amp;pagina=57" editionNumber="49" highlight="" idMateria="10594722">
  <body>
    <Identifica><![CDATA[ PORTARIAS DE 21 DE FEVEREIRO DE 2018]]></Identifica>
    <Data><![CDATA[]]></Data>
    <Ementa />
    <Titulo />
    <SubTitulo />
    <Texto><![CDATA[<p class="identifica">PORTARIAS DE 21 DE FEVEREIRO DE 2018</p><p>O DIRETOR-PRESIDENTE DA AGÊNCIA NACIONAL DE AVIAÇÃO CIVIL - ANAC, no uso das atribuições que lhe conferem os arts. 16 da Lei nº 11.182, de 27 de setembro de 2005, e 35, inciso II, do Anexo I do Decreto nº 5.731, de 20 de março de 2006, tendo em vista o Regimento Interno aprovado pela Resolução nº 381, de 14 de junho de 2016, considerando o que consta do processo nº 00065.007143/2018-25, resolve:</p><p>Nº 619 - EXONERAR, a pedido, JAIR FERNANDO SALLES, matrícula SIAPE nº 2238336, do Cargo em Comissão de Assistente, código CAS II, da Gerência Técnica de Artigos Perigosos, da Gerência de Operações de Empresas de Transporte Aéreo - 121, da Superintendência de Padrões Operacionais desta Agência - Representação Regional do Rio de Janeiro (RJ).</p><p>Nº 620 - NOMEAR LETICIA MARIA MACIEL TORRES para exercer o Cargo em Comissão de Assistente, código CAS II, na Gerência Técnica de Artigos Perigosos, da Gerência de Operações de Empresas de Transporte Aéreo - 121, da Superintendência de Padrões Operacionais desta Agência - Representação Regional do Rio de Janeiro (RJ).</p><p class="assina">JOSÉ RICARDO PATARO BOTELHO DE QUEIROZ</p>]]></Texto>
  </body>
</article></xml>