﻿<xml><article id="2011995" name="Edital SEI IN 8 - Restabelecimen" idOficio="4706448" pubName="DO2" artType="Edital" pubDate="13/03/2018" artClass="00099:00012:00002:00012:00031:00000:00000:00000:00000:00000:00000:00021:00001" artCategory="Editais e Avisos" artSize="8" artNotes="" numberPage="91" pdfPage="http://pesquisa.in.gov.br/imprensa/jsp/visualiza/index.jsp?data=13/03/2018&amp;jornal=529&amp;pagina=91" editionNumber="49" highlight="" idMateria="10593001">
  <body>
    <Identifica><![CDATA[ EDITAL SEI Nº 8/2018 RESTABELECIMENTO DE PAGAMENTO]]></Identifica>
    <Data><![CDATA[]]></Data>
    <Ementa />
    <Titulo />
    <SubTitulo />
    <Texto><![CDATA[<p class="identifica">EDITAL SEI Nº 8/2018 RESTABELECIMENTO DE PAGAMENTO</p><p>O SUPERINTENDENTE DE ADMINISTRAÇÃO DO MINISTÉRIO DA FAZENDA NO ESTADO DO RIO GRANDE DO SUL, no uso das atribuições regimentais que lhe são conferidas pela Portaria MF nº 144, de 27 de abril de 2016, publicada no DOU de 29 de abril de 2016, e no art. 9º da Lei nº 9.527, de 10 de dezembro de 1997, Decreto nº 7.862, de 8 de dezembro de 2012, Portaria MP nº 363, de 28 de novembro de 2016 e Orientação Normativa SEGEP/MP nº 01, de 02 de janeiro de 2017, resolve:</p><p>Restabelecer o pagamento das pensionistas abaixo relacionados, de acordo com art. 12 da Orientação Normativa SEGEP/MP nº 01, de 02 de janeiro de 2017.</p><p>Nome: SELMA MACHADO CANFIELD</p><p>CPF: 066.986.540-00</p><p class="assina">HERNANI MARCHIORETTO DA SILVA</p>]]></Texto>
  </body>
</article></xml>