﻿<xml><article id="2053212" name="Portaria 2077, 2078, 2088, 2089," idOficio="4707374" pubName="DO2" artType="Portaria" pubDate="14/03/2018" artClass="00011:00130:00001:00017:00000:00000:00000:00000:00000:00000:00025:00001" artCategory="Ministério da Educação/Universidade Federal do Rio de Janeiro/Reitoria/Pró-Reitoria de Pessoal" artSize="8" artNotes="" numberPage="30" pdfPage="http://pesquisa.in.gov.br/imprensa/jsp/visualiza/index.jsp?data=14/03/2018&amp;jornal=529&amp;pagina=30" editionNumber="50" highlight="" idMateria="10594575">
  <body>
    <Identifica><![CDATA[ retificação]]></Identifica>
    <Data><![CDATA[]]></Data>
    <Ementa />
    <Titulo />
    <SubTitulo />
    <Texto><![CDATA[<p class="identifica">retificação</p><p>Nas Portarias de 12 de março de 2018 publicadas no DOU nº 49, de 13-3-2018, Seção 2, pág. 38,</p><p>onde se lê: "Nº 077", leia-se: "Nº 2.077";</p><p>onde se lê: "Nº 078", leia-se: "Nº 2.078";</p><p>onde se lê: "Nº 088", leia-se: "Nº 2.088";</p><p>onde se lê: "Nº 089", leia-se: "Nº 2.089";</p><p>onde se lê: "Nº 090", leia-se: "Nº 2.090";</p><p>onde se lê: "Nº 091", leia-se: "Nº 2.091";</p><p>onde se lê: "Nº 112", leia-se: "Nº 2.112";</p><p>onde se lê: "Nº 116", leia-se: "Nº 2.116";</p><p>onde se lê: "Nº 118", leia-se: "Nº 2.118";</p><p>onde se lê: "Nº 119", leia-se: "Nº 2.119";</p><p>onde se lê: "Nº 124", leia-se: "Nº 2.124";</p><p>onde se lê: "Nº 127", leia-se: "Nº 2.127";</p><p>onde se lê: "Nº 130", leia-se: "Nº 2.130";</p><p>onde se lê: "Nº 132", leia-se: "Nº 2.132";</p><p>onde se lê: "Nº 143", leia-se: "Nº 2.143";</p><p>onde se lê: "Nº 145", leia-se: "Nº 2.145"; e</p><p>onde se lê: "Nº 148", leia-se: "Nº 2.148".</p><p>(p/Coejo)</p>]]></Texto>
  </body>
</article></xml>