﻿<xml><article id="2019910" name="Portaria 2079 Prorrogar Contrato" idOficio="4707516" pubName="DO2" artType="Portaria" pubDate="13/03/2018" artClass="00011:00130:00001:00017:00000:00000:00000:00000:00000:00000:00025:00008" artCategory="Ministério da Educação/Universidade Federal do Rio de Janeiro/Reitoria/Pró-Reitoria de Pessoal" artSize="8" artNotes="" numberPage="38" pdfPage="http://pesquisa.in.gov.br/imprensa/jsp/visualiza/index.jsp?data=13/03/2018&amp;jornal=529&amp;pagina=38" editionNumber="49" highlight="" idMateria="10594756">
  <body>
    <Identifica><![CDATA[ PORTARIA Nº 2.079, de 12 de março de 2018]]></Identifica>
    <Data><![CDATA[]]></Data>
    <Ementa />
    <Titulo />
    <SubTitulo />
    <Texto><![CDATA[<p class="identifica">PORTARIA Nº 2.079, de 12 de março de 2018</p><p>O Pró-Reitor de Pessoal, no uso da competência delegada pelo Reitor da Universidade Federal do Rio de Janeiro, através da Portaria nº 956 de 10 de fevereiro de 2017, publicada no Diário Oficial da União de 13 de fevereiro de 2017, resolve:</p><p>Prorrogar até 27-janeiro-2018 o contrato de REJANE AZEVEDO DE ALMEIDA FONSECA como Professor Substituto do(a) Escola Politécnica com salário correspondente a classe de Professor Assistente A, conforme processo nº. 23079. 016542/16-61.</p><p class="assina">AGNALDO FERNANDES</p>]]></Texto>
  </body>
</article></xml>