﻿<xml><article id="2036403" name="05 03- PARA PUBLICAÇÃO - 63 a 68" idOficio="4707730" pubName="DO2" artType="Portaria" pubDate="14/03/2018" artClass="00017:00002:00027:00000:00000:00000:00000:00000:00000:00000:00025:00001" artCategory="Ministério da Saúde/Secretaria Executiva/Núcleo Estadual em Pernambuco" artSize="8" artNotes="" numberPage="43" pdfPage="http://pesquisa.in.gov.br/imprensa/jsp/visualiza/index.jsp?data=14/03/2018&amp;jornal=529&amp;pagina=43" editionNumber="50" highlight="" idMateria="10595056">
  <body>
    <Identifica><![CDATA[ PORTARIAs de 5 de Março de 2018]]></Identifica>
    <Data><![CDATA[]]></Data>
    <Ementa />
    <Titulo />
    <SubTitulo />
    <Texto><![CDATA[<p class="identifica">PORTARIAs de 5 de Março de 2018</p><p>O CHEFE DO SERVIÇO DE GESTÃO ADMINISTRATIVA DA COORDENAÇÃO DE GESTÃO DO NÚCLEO ESTADUAL DO MINISTÉRIO DA SAÚDE NO ESTADO DE PERNAMBUCO, no uso das atribuições que lhe são conferidas pela PT/SAA/SE/MS nº 1.804/2013, de 1º de outubro de 2013, publicada no Diário Oficial da União nº. 192, de 03 de outubro de 2013, seção 1, página 66, resolve:</p><p>Nº 63-Conceder a partir de 01/02/2018, pensão civil a CÉLIA COSMO DE QUEIROZ, na qualidade de cônjuge do ex-servidor em atividade deste Ministério, EDGAR GOMES DE QUEIROZ , Matrícula SIAPE 513533, ocupante do cargo de AGENTE DE SAÚDE PÚBLICA , Nível NI, Classe S, Padrão III, com base no art. 217, inciso I da Lei 8.112, de 11/12/1990. Benefício concedido de acordo com parágrafo único do art. 3º da Emenda Constitucional nº 47/2005, calculado com base no art. 7º da Emenda Constitucional nº 41/2003 e com a Lei nº 10.887/2004 em seu artigo 2º, incisos I e II. (Processo nº 25019.000288/2018-81).</p><p>Nº 64-Conceder a partir de 18/02/2018, pensão civil a FABIANA FERREIRA DA PAZ DE LIMA, na qualidade de Cônjuge do ex-servidor aposentado deste Ministério, JOSÉ ALBANEZ DE SOUZA FILHO, Matrícula SIAPE 585987, ocupante do cargo de ODONTÓLOGO, Nível NS, Classe S, Padrão III, com base no art. 217, inciso I da Lei 8.112, de 11/12/1990. Benefício concedido de acordo com parágrafo único do art. 3º da Emenda Constitucional nº 47/2005, calculado com base no art. 7º da Emenda Constitucional nº 41/2003 e com a Lei nº 10.887/2004 em seu artigo 2º, incisos I e II. (Processo nº 25019.000272/2018-79).</p><p>Nº 65- Conceder a partir de 08/02/2018, pensão civil a LUCY CHACON PEREIRA DE PAULA ALVARES, na qualidade de cônjuge do ex-servidor aposentado deste Ministério, PAULO GUSTAVO DE PAULA ALVARES , Matrícula SIAPE 581505, ocupante do cargo de AGENTE ADMINISTRATIVO , Nível NI, Classe S, Padrão III, com base no art. 217, inciso I da Lei 8.112, de 11/12/1990. Benefício concedido de acordo com parágrafo único do art. 3º da Emenda Constitucional nº 47/2005, calculado com base no art. 7º da Emenda Constitucional nº 41/2003 e com a Lei nº 10.887/2004 em seu artigo 2º, incisos I e II. (Processo nº 25019.000282/2018-12).</p><p>Nº 66- Conceder a partir de 08/02/2018, pensão civil a LUCY CHACON PEREIRA DE PAULA ALVARES, na qualidade de cônjuge do ex-servidor aposentado deste Ministério, PAULO GUSTAVO DE PAULA ALVARES , Matrícula SIAPE 581505, ocupante do cargo de AGENTE ADMINISTRATIVO , Nível NI, Classe S, Padrão III, com base no art. 217, inciso I da Lei 8.112, de 11/12/1990. Benefício concedido de acordo com parágrafo único do art. 3º da Emenda Constitucional nº 47/2005, calculado com base no art. 7º da Emenda Constitucional nº 41/2003 e com a Lei nº 10.887/2004 em seu artigo 2º, incisos I e II. (Processo nº 25019.000282/2018-12).</p><p>Nº 67- Conceder a partir de 01/02/2018, pensão civil a JOANA KAROLAINE COSMO DE QUEIROZ , na qualidade de filha menor de 21 anos do ex-servidor em atividade deste Ministério, EDGAR GOMES DE QUEIROZ , Matrícula SIAPE 513533, ocupante do cargo de AGENTE DE SAÚDE PÚBLICA , Nível NI, Classe S, Padrão III, com base no art. 217, inciso IV, alínea a) da 8.112, de 11/12/1990. Benefício concedido de acordo com parágrafo único do art. 3º da Emenda Constitucional nº 47/2005, calculado com base no art. 7º da Emenda Constitucional nº 41/2003 e com a Lei nº 10.887/2004 em seu artigo 2º, incisos I e II. (Processo nº 25019.000300/2018-58).</p><p>Nº 68-Conceder a partir de 12/02/2018, pensão civil a RAFAEL FALCÃO, na qualidade de Cônjuge da ex-servidora aposentada deste Ministério, EDILZA DO AMARAL FALCÃO, Matrícula SIAPE 581520, ocupante do cargo de AGENTE ADMINISTRATIVO, Nível NI, Classe S, Padrão III, com base no art. 217, inciso I da Lei 8.112, de 11/12/1990. Benefício concedido de acordo com parágrafo único do art. 3º da Emenda Constitucional nº 47/2005, calculado com base no art. 7º da Emenda Constitucional nº 41/2003 e com a Lei nº 10.887/2004 em seu artigo 2º, incisos I e II. (Processo nº 25019.000308/2018-14).</p><p class="assina">MARCELO PIRES DE SOUSA</p>]]></Texto>
  </body>
</article></xml>