﻿<xml><article id="2015473" name="Portaria Felipe Leandro (ry)" idOficio="4706936" pubName="DO2" artType="Portaria" pubDate="13/03/2018" artClass="00032:00003:00015:00000:00000:00000:00000:00000:00000:00000:00025:00002" artCategory="Departamento de Polícia Federal/Diretoria de Gestão de Pessoal/Coordenação de Recursos Humanos/Divisão de Administração de Recursos Humanos/Setor de Avaliação e Promoção/Ministério da Justiça" artSize="8" artNotes="" numberPage="58" pdfPage="http://pesquisa.in.gov.br/imprensa/jsp/visualiza/index.jsp?data=13/03/2018&amp;jornal=529&amp;pagina=58" editionNumber="49" highlight="" idMateria="10593676">
  <body>
    <Identifica><![CDATA[ Portaria nº 7.799,  de 6 de março de 2018]]></Identifica>
    <Data><![CDATA[]]></Data>
    <Ementa />
    <Titulo />
    <SubTitulo />
    <Texto><![CDATA[<p class="identifica">Portaria nº 7.799, de 6 de março de 2018</p><p>O DIRETOR DE GESTÃO DE PESSOAL DA POLÍCIA FEDERAL, no uso das competências que lhe foram atribuídas nos incisos X e XIV do art. 42 do Regimento Interno da Polícia Federal, aprovado pela Portaria nº 1.252, de 29.12.2017, do Excelentíssimo Senhor Ministro de Estado da Justiça e Segurança Pública, publicada no D.O.U. n° 1, em 02.01.2018, em cumprimento à decisão exarada nos autos do Agravo de Instrumento nº 0006685-97-2016.4.01.4300, e tendo em vista as informações contidas no processo protocolado sob o nº 08297.300575/2016-29, resolve:</p><p>Art. 1º Tornar sem efeito a Portaria nº 5.243, de 16.03.2017, publicada no D.O.U. nº 55, em 21.03.2017, que restabeleceu a promoção do Agente de Polícia Federal FELIPE LEANDRO PESQUERO PONCE JAIME, matrículas PF nº 14.516 e SIAPE nº 1518101, à Classe Especial, a partir de 1º.02.2016.</p><p class="assina">DELANO CERQUEIRA BUNN</p>]]></Texto>
  </body>
</article></xml>