﻿<xml><article id="2024990" name="PORTARIA N° 9, DE 12 DE MARÇO DE" idOficio="4707788" pubName="DO2" artType="Portaria" pubDate="13/03/2018" artClass="00030:00002:00000:00000:00000:00000:00000:00000:00000:00000:00025:00001" artCategory="Ministério dos Direitos Humanos/Secretaria Executiva" artSize="8" artNotes="" numberPage="55" pdfPage="http://pesquisa.in.gov.br/imprensa/jsp/visualiza/index.jsp?data=13/03/2018&amp;jornal=529&amp;pagina=55" editionNumber="49" highlight="" idMateria="10595802">
  <body>
    <Identifica><![CDATA[ PORTARIA Nº 9, DE 12 DE MARÇO DE 2018]]></Identifica>
    <Data><![CDATA[]]></Data>
    <Ementa />
    <Titulo />
    <SubTitulo />
    <Texto><![CDATA[<p class="identifica">PORTARIA Nº 9, DE 12 DE MARÇO DE 2018</p><p>O SECRETÁRIO EXECUTIVO DO MINISTÉRIO DOS DIREITOS HUMANOS, no uso das atribuições que lhe foram conferidas pela Portaria nº 160, de 7 de março de 2018 e Decreto de 21 de fevereiro de 2018 e publicado no dia 22 de fevereiro de 2018.</p><p>Art. 1º. Nomear ARY LEITE DE JESUS para exercer o cargo de Chefe de Divisão de Contabilidade da Coordenação-Geral de Execução Orçamentária e Financeira da Subsecretaria de Planejamento e Orçamento da Secretaria-Executiva deste Ministério, código DAS 101.2.</p><p>Art. 2º. Fica revogada a Portaria nº 490 de 08 de dezembro de 2017 e publicada no DOU de 12 de dezembro de 2017.</p><p>Art. 3º. Esta Portaria entra em vigor na data de sua publicação.</p><p class="assina">ENGELS AUGUSTO MUNIZ</p>]]></Texto>
  </body>
</article></xml>