﻿<xml><article id="2014344" name="Álvaro__103129" idOficio="4706669" pubName="DO2" artType="Portaria" pubDate="13/03/2018" artClass="00017:00021:00043:00000:00000:00000:00000:00000:00000:00000:00025:00001" artCategory="Ministério da Saúde/Fundação Nacional de Saúde/Superintendência Estadual do Tocantins" artSize="8" artNotes="ok" numberPage="49" pdfPage="http://pesquisa.in.gov.br/imprensa/jsp/visualiza/index.jsp?data=13/03/2018&amp;jornal=529&amp;pagina=49" editionNumber="49" highlight="" idMateria="10593389">
  <body>
    <Identifica><![CDATA[PORTARIA Nº 1.117, DE 7 DE MARÇO DE 2018 ]]></Identifica>
    <Data><![CDATA[]]></Data>
    <Ementa />
    <Titulo />
    <SubTitulo />
    <Texto><![CDATA[<p></p><p class="identifica">PORTARIA Nº 1.117, DE 7 DE MARÇO DE 2018</p><p>A SUPERINTENDENTE ESTADUAL DA FUNDAÇÃO NACIONAL DE SAÚDE, NO ESTADO DO TOCANTINS, nomeada pela Portaria nº 270 de 24 de janeiro de 2018, publicada no Diário Oficial da União de 25.01.2018, no uso das atribuições que lhe confere o art. 13, do Estatuto aprovado pelo Decreto nº 8.867 de 03.10.2016, publicado no DOU de 04.10.2016, e considerando o que estabelece o Decreto nº 7.862 de 08/12/2012, e Portaria MPOP/GM nº 08 de 07/01/2013, e Orientação Normativa/MPOG/SEGEP nº 01 de 10/01/2013, resolve:</p><p>Art.1º Restabelecer os proventos/benefício de aposentadoria abaixo especificado tendo em vista o comparecimento à Seção de Gestão de Pessoas na Superintendência Estadual da Funasa em São Paulo, para fins de regularização do benefício. O crédito do pagamento restabelecido será efetivado na folha de pagamento de mês de março/2018.</p><p /><p></p><table><tr><td><p>Nome</p></td><td><p>CPF</p></td><td><p>Matricula/Upag</p></td><td><p>Tipo/Benefício</p></td></tr><tr><td><p>Álvaro Moreira Milhomem Filho</p></td><td><p>218.483.192-15</p></td><td><p>1038048/2231</p></td><td><p>Aposentadoria</p></td></tr></table><p>Art.2º Esta Portaria entra em vigor na data de sua publicação.</p><p class="assina">ACÁCIA QUEIRÓZ CARNEIRO</p>]]></Texto>
  </body>
</article></xml>