﻿<xml><article id="2015842" name="Port 223-2018" idOficio="4706985" pubName="DO2" artType="Portaria" pubDate="13/03/2018" artClass="00010:00007:00010:00012:00000:00000:00000:00000:00000:00000:00025:00003" artCategory="Ministério da Defesa/Comando da Marinha/Comando-Geral do Corpo de Fuzileiros Navais/Comando do Pessoal de Fuzileiros Navais" artSize="8" artNotes="ok" numberPage="9" pdfPage="http://pesquisa.in.gov.br/imprensa/jsp/visualiza/index.jsp?data=13/03/2018&amp;jornal=529&amp;pagina=9" editionNumber="49" highlight="" idMateria="10593799">
  <body>
    <Identifica><![CDATA[ PORTARIA Nº 223/CPesFN, DE 9 DE MARÇO DE 2018]]></Identifica>
    <Data><![CDATA[]]></Data>
    <Ementa />
    <Titulo />
    <SubTitulo />
    <Texto><![CDATA[<p class="identifica">PORTARIA Nº 223/CPesFN, DE 9 DE MARÇO DE 2018</p><p>O COMANDANTE DO PESSOAL DE FUZILEIROS NAVAIS, no uso da subdelegação de competência que lhe confere o contido nos incisos XVI e XVII do art. 3º, da Portaria nº 134, de 26JUL2017, do Comandante-Geral do Corpo de Fuzileiros Navais, resolve:</p><p>Art. 1º Consignar para os militares abaixo relacionados a alteração de situação de inatividade e a concessão do benefício de Auxílio-Invalidez, conforme discriminado nos quadros a seguir:</p><p>I) ALTERAÇÃO DE SITUAÇÃO DE INATIVIDADE - De Reformado Por Idade-Limite de Permanência na Reserva Remunerada para Reformado por Invalidez:</p><p /><p></p><table><tr /><tr><td><p>Nº</p></td><td><p>NIP</p></td><td><p>Grad.</p></td><td><p>NOME</p></td><td><p>Data da concessão e documento que consigna o Benefício</p></td></tr></table><p /><p></p><table><tr /><tr><td><p>1</p></td><td><p>55.2014.66</p></td><td><p>1ºSG-Refº-FN-CN</p></td><td><p>JOSE OLIVEIRA CARNEIRO</p></td><td><p>A partir de 01JAN2015 - Termo de Inspeção de Saúde nº 017.000.41829, de 19JUL2016, da JRS1/HNSA, homologado em 03OUT2017, pela JSD/Com2ºDN.</p></td></tr><tr><td><p>2</p></td><td><p>63.1139.61</p></td><td><p>1ºSG-Refº-FN-IF</p></td><td><p>MIGUEL ARCANJO DA CRUZ</p></td><td><p>A partir de 04AGO2016 - Termo de Inspeção de Saúde nº 018.000.4231, de 17JAN2018, da JRS1/CPMM, homologado em 23JAN2018, pela JSD/CPMM.</p></td></tr><tr><td><p>3</p></td><td><p>50.0070.68</p></td><td><p>2ºSG-Refº-FN-OI</p></td><td><p>INÁCIO PORFÍRIO DE OLIVEIRA</p></td><td><p>A partir de 29NOV2016 - Termo de Inspeção de Saúde nº 017.000.47201, de 01NOV2017, pela JSD/Com7ºDN.</p></td></tr><tr><td><p>4</p></td><td><p>55.1717.61</p></td><td><p>2ºSG-Refº-FN-IF</p></td><td><p>JOSÉ IVO BISPO CONCEIÇÃO</p></td><td><p>A partir de 16JUN2017 - Termo de Inspeção de Saúde nº 018.000.4815, de 24JAN2018, da JRS1/CPMM, homologado na mesma data, pela JSD/CPMM.</p></td></tr></table><p /><p></p><table><tr /><tr><td><p>Nº</p></td><td><p>NIP</p></td><td><p>Grad.</p></td><td><p>NOME</p></td><td><p>Data da concessão e documento que consigna o Benefício</p></td></tr></table><p /><p></p><table><tr /><tr><td><p>5</p></td><td><p>71.0041.65</p></td><td><p>ex-3ºSG-Refº-FN-IF</p></td><td><p>JOÃO DE SOUZA VARELLA</p></td><td><p>A partir de 28AGO2017 - Termo de Inspeção de Saúde nº 018.000.4827, de 25JAN2018, da JRS1/CPMM, homologado na mesma data, pela JSD/CPMM.</p></td></tr><tr><td><p>6</p></td><td><p>66.0343.61</p></td><td><p>3ºSG-Refº-FN-CN</p></td><td><p>JOSIAS TOMAZ DO NASCIMENTO</p></td><td><p>A partir de 20SET2017 - Termo de Inspeção de Saúde nº 018.000.3456, de 12JAN2018, da JRS1/CPMM, homologado na mesma data, pela JSD/CPMM.</p></td></tr><tr><td><p>7</p></td><td><p>70.1758.61</p></td><td><p>3ºSG-Refº-FN-IF</p></td><td><p>ELIAB CARLOS GUIMA-RÃES</p></td><td><p>A partir de 06MAR2017 - Termo de Inspeção de Saúde nº 018.000.2378, de 11JAN2018, pela JSD/CPMM.</p></td></tr><tr><td><p>Legislação Aplicada: Art. 104, inciso II; Art. 106, inciso II; Art. 108, inciso V; e Art. 110, §§ 1º e 2º alínea b, da Lei nº 6.880, de 09DEZ1980 .</p></td></tr></table><p /><p></p><table><tr /><tr><td><p>1</p></td><td><p>54.1394.65</p></td><td><p>2ºSG-Refº-FN-IF</p></td><td><p>FRANCISCO SEGUNDO JÁCOME</p></td><td><p>A partir de 02ABR2010 - Termo de Inspeção de Saúde nº 017.000.2970, de 19DEZ2016, da JRS1/HNSA, homologado em 10JAN2017, pela JSD/Com3ºDN.</p></td></tr><tr><td><p>Legislação Aplicada: Art. 104, inciso II; Art. 106, inciso II; Art. 108, inciso V; e Art. 110, §§ 1º e 2º alínea b, da Lei nº 6.880, de 09DEZ1980 e devendo ser observado a prescrição quinquenal de que trata o Decreto 20.910/32.</p></td></tr></table><p>II)AUXÍLIO-INVALIDEZ:</p><p /><p></p><table><tr /><tr><td><p>Nº</p></td><td><p>NIP</p></td><td><p>Posto/</p><p>Grad.</p></td><td><p>NOME</p></td><td><p>Data da concessão e documento que consigna o Benefício</p></td></tr></table><p /><p></p><table><tr /><tr><td><p>1</p></td><td><p>55.2014.66</p></td><td><p>1ºSG-Refº-FN-CN</p></td><td><p>JOSE OLIVEIRA CARNEIRO</p></td><td><p>A partir de 01JAN2015 - Termo de Inspeção de Saúde nº 017.000.41829, de 19JUL2016, da JRS1/HNSA, homologado em 03OUT2017, pela JSD/Com2ºDN.</p></td></tr></table><p /><p></p><table><tr /><tr><td><p>2</p></td><td><p>50.0070.68</p></td><td><p>2ºSG-Refº-FN-OI</p></td><td><p>INÁCIO PORFÍRIO DE OLIVEIRA</p></td><td><p>A partir de 29NOV2016 - Termo de Inspeção de Saúde nº 017.000.47201, de 01NOV2017, pela JSD/Com7ºDN.</p></td></tr></table><p /><p></p><table><tr /><tr><td><p>3</p></td><td><p>71.0041.65</p></td><td><p>ex-3ºSG-Refº-FN-IF</p></td><td><p>JOÃO DE SOUZA VARELLA</p></td><td><p>A partir de 19SET2017 a 03OUT2017 (Data de falecimento) - Termo de Inspeção de Saúde nº 018.000.4827, de 25JAN2018, da JRS1/CPMM, homologado na mesma data, pela JSD/CPMM.</p></td></tr><tr><td><p>4</p></td><td><p>66.0343.61</p></td><td><p>3ºSG-Refº-FN-CN</p></td><td><p>JOSIAS TOMAZ DO NASCIMENTO</p></td><td><p>A partir de 20SET2017 - Termo de Inspeção de Saúde nº 018.000.3456, de 12JAN2018, da JRS1/CPMM, homologado na mesma data, pela JSD/CPMM.</p></td></tr><tr><td><p>Legislação Aplicada: Art. 2º, inciso I, alínea g, Art. 3º, inciso XV, Art. 11, inciso II, da Medida Provisória nº 2.215-10, de 31AGO2001, regulamentada pelo Decreto nº 4.307, de 18JUL2002 e Lei nº 11.421, de 21DEZ2006, alterada pela Lei 12.702, de 07AGO2012.</p></td></tr></table><p>Art. 2º Esta Portaria entra em vigor na presente data.</p><p class="assina">V. Alte. (FN) JORGE ARMANDO NERY SOARES</p>]]></Texto>
  </body>
</article></xml>