﻿<xml><article id="2016486" name="Desp 245-18" idOficio="4707086" pubName="DO2" artType="Despacho" pubDate="13/03/2018" artClass="00013:00014:00000:00000:00000:00000:00000:00000:00000:00000:00019:00002" artCategory="Ministério da Indústria, Comércio Exterior e Serviços/Instituto Nacional de Metrologia, Qualidade e Tecnologia" artSize="8" artNotes="" numberPage="45" pdfPage="http://pesquisa.in.gov.br/imprensa/jsp/visualiza/index.jsp?data=13/03/2018&amp;jornal=529&amp;pagina=45" editionNumber="49" highlight="" idMateria="10593929">
  <body>
    <Identifica><![CDATA[ DESPACHO De 28 de fevereiro de 2018]]></Identifica>
    <Data><![CDATA[]]></Data>
    <Ementa />
    <Titulo />
    <SubTitulo />
    <Texto><![CDATA[<p class="identifica">DESPACHO De 28 de fevereiro de 2018</p><p>"Afastamento do País autorizado na forma do disposto no Decreto nº 1.387, de 7 fevereiro de 1995".</p><p>Autorizo, em virtude de delegação de competência outorgada à Presidência do Inmetro pelo Contrato de Gestão, publicado no D.O.U. em 30.08.2017, o servidor Célio Henrique de Mattos Fraga, Pesquisador-Tecnologista em Metrologia e Qualidade, em direção a Montevidéu, no Uruguai, no período de 12 de março a 16 de março de 2018, com ônus para esta Autarquia, no que tange às diárias, para, representando o Inmetro, realizar atividades de treinamento em avaliação de modelo em esfigmomanômetros conforme solicitação do Laboratório Tecnológico Del Uruguay - LATU e aceite da Diretoria de Metrologia Legal do Inmetro. (Pedido de Concessão de Diárias e Passagens nº 000245/18).</p><p class="assina">CARLOS AUGUSTO DE AZEVEDO</p>]]></Texto>
  </body>
</article></xml>