﻿<xml><article id="2018290" name="Rita do Rocio Jorge Dudyk.doc" idOficio="4707259" pubName="DO2" artType="Portaria" pubDate="13/03/2018" artClass="00012:00002:00012:00027:00000:00000:00000:00000:00000:00000:00025:00001" artCategory="Ministério da Fazenda/Secretaria Executiva/Subsecretaria de Planejamento, Orçamento e Administração/Superintendência de Administração no Paraná" artSize="8" artNotes="" numberPage="42" pdfPage="http://pesquisa.in.gov.br/imprensa/jsp/visualiza/index.jsp?data=13/03/2018&amp;jornal=529&amp;pagina=42" editionNumber="49" highlight="" idMateria="10594303">
  <body>
    <Identifica><![CDATA[ PORTARIA  Nº 10, de  12 de março de 2018]]></Identifica>
    <Data><![CDATA[]]></Data>
    <Ementa />
    <Titulo />
    <SubTitulo />
    <Texto><![CDATA[<p class="identifica">PORTARIA Nº 10, de 12 de março de 2018</p><p>O SUPERINTENDENTE DE ADMINISTRAÇÃO DO MINISTÉRIO DA FAZENDA NO ESTADO DO PARANÁ, no uso das atribuições que lhe confere a Portaria SRF nº 1671 de 16.06.05, DOU de 20.06.05, por delegação de competência e tendo em vista o que consta do Processo nº 12099.000001/2018-29, resolve:</p><p>Conceder aposentadoria voluntária integral a RITA DO ROCIO JORGE DUDYK, matrícula SIAPECAD nº 1622, matrícula SIAPE nº 121970, ocupante do cargo de Agente Administrativo - 489202, Classe S, Padrão III, lotada na Alfândega da Receita Federal do Brasil em Curitiba/PR, com fundamento no Art. 3º, incisos I, II e § único da Emenda Constitucional 47/2005.</p><p class="assina">REALINO PAULINO DE ARAUJO FILHO</p>]]></Texto>
  </body>
</article></xml>