﻿<xml><article id="2020680" name="ass PORTARIA Nº 63" idOficio="4707631" pubName="DO2" artType="Portaria" pubDate="13/03/2018" artClass="00009:00002:00000:00000:00000:00000:00000:00000:00000:00000:00025:00001" artCategory="Ministério da Cultura/Secretaria Executiva" artSize="8" artNotes="" numberPage="7" pdfPage="http://pesquisa.in.gov.br/imprensa/jsp/visualiza/index.jsp?data=13/03/2018&amp;jornal=529&amp;pagina=7" editionNumber="49" highlight="" idMateria="10594918">
  <body>
    <Identifica><![CDATA[ PORTARIA Nº 63, DE 09 DE MARÇO DE 2018]]></Identifica>
    <Data><![CDATA[]]></Data>
    <Ementa />
    <Titulo />
    <SubTitulo />
    <Texto><![CDATA[<p class="identifica">PORTARIA Nº 63, DE 09 DE MARÇO DE 2018</p><p>A SECRETÁRIA-EXECUTIVA DO MINISTÉRIO DA CULTURA, no uso da competência que lhe foi delegada pela Portaria MinC nº 300, de 10 de outubro de 2016, e tendo em vista o Decreto nº 8.837, de 17 de agosto de 2016, resolve:</p><p>Revogar a Portaria nº 352, de 15 de maio de 2017, publicada no Diário Oficial da União nº 92, de 16 de maio de 2017, Seção 2, pág. 7.</p><p class="assina">MARIANA RIBAS DA SILVA</p>]]></Texto>
  </body>
</article></xml>