﻿<xml><article id="2019497" name="Portaria FBN-PRESI Nº 033 - THIA" idOficio="4707385" pubName="DO2" artType="Portaria" pubDate="13/03/2018" artClass="00009:00010:00000:00000:00000:00000:00000:00000:00000:00000:00025:00001" artCategory="Ministério da Cultura/Fundação Biblioteca Nacional" artSize="8" artNotes="" numberPage="7" pdfPage="http://pesquisa.in.gov.br/imprensa/jsp/visualiza/index.jsp?data=13/03/2018&amp;jornal=529&amp;pagina=7" editionNumber="49" highlight="" idMateria="10594527">
  <body>
    <Identifica><![CDATA[ PORTARIA Nº 33, DE 12 DE MARÇO DE  2018.]]></Identifica>
    <Data><![CDATA[]]></Data>
    <Ementa />
    <Titulo />
    <SubTitulo />
    <Texto><![CDATA[<p class="identifica">PORTARIA Nº 33, DE 12 DE MARÇO DE 2018.</p><p>A PRESIDENTE DA FUNDAÇÃO BIBLIOTECA NACIONAL, no uso das atribuições que lhe são conferidas pelo Estatuto da Entidade, aprovado pelo Decreto nº 8.297, de 15 de agosto de 2014, publicado no Diário Oficial da União de 18 de agosto de 2014, e na competência que lhe foi delegada pela Portaria MinC nº 300, de 10 de outubro de 2016, resolve:</p><p>Art. 1º Designar o servidor THIAGO ZACHARIADES SABENÇA, matrícula Siape nº 2139570, para o encargo de substituto eventual do Procurador-Chefe da Procuradoria Federal, da Fundação Biblioteca Nacional - FBN, código DAS 101.4, e em seus afastamentos impedimentos legais ou regulamentares e na vacância do cargo.</p><p class="assina">HELENA SEVERO</p>]]></Texto>
  </body>
</article></xml>