﻿<xml><article id="2017292" name="modelo pensao 2" idOficio="4707167" pubName="DO2" artType="Portaria" pubDate="13/03/2018" artClass="00017:00002:00025:00000:00000:00000:00000:00000:00000:00000:00025:00001" artCategory="Ministério da Saúde/Secretaria Executiva/Núcleo Estadual na Paraíba" artSize="8" artNotes="" numberPage="46" pdfPage="http://pesquisa.in.gov.br/imprensa/jsp/visualiza/index.jsp?data=13/03/2018&amp;jornal=529&amp;pagina=46" editionNumber="49" highlight="" idMateria="10594135">
  <body>
    <Identifica><![CDATA[       PORTARIA  Nº 104,  12 DE MARÇO DE 2018]]></Identifica>
    <Data><![CDATA[]]></Data>
    <Ementa />
    <Titulo />
    <SubTitulo />
    <Texto><![CDATA[<p class="identifica">PORTARIA Nº 104, 12 DE MARÇO DE 2018</p><p>A Chefe do Serviço de Gestão Administrativa do Núcleo Estadual do Ministério da Saúde no Estado da Paraíba, no uso da competência atribuída através da Portaria nº. 2.492/GM/MS, de 28/09/2017, publicada no DOU nº 205, de 25/10/2017 e a competência subdelegada pela Portaria nº 1.804/SE/SAA/MS, de 01/10/2013, publicada no DOU nº 192, de 03/10/2013, resolve:</p><p>Conceder Pensão a FRANCISCA VANILDA RAMALHO, qualidade de conjuge do ex-servidor JOSE LEITE RAMALHO, matricula no SIAPE nº 565742, aposentado no cargo de Técnico em Radiologia 24 horas, Classe "S", Padrão III, pertencente ao Quadro de Pessoal deste Ministério, com fundamento no artigo 217, Inciso I e artigo 219, da Lei nº. 8.112/90, com redação dada pela Lei 13.135/2015, combinado com o artigo 40, § 7º, inciso I e § 8º da Constituição Federal de 05.10.88 e redação dada pela EC nº. 41/2003, regulamentado pelo artigo 2º, inciso I, § único, da Lei nº. 10.887/2004, cabendo ao beneficiário 100% (Cem por cento) do valor do benefício, a partir da publicação. (Processo n.º 25018.000347/2018-21).</p><p class="assina">ANA PAULA PIRES FONSECA GUIMARAES</p>]]></Texto>
  </body>
</article></xml>