﻿<xml><article id="2022644" name="07 - PORT APOS INT EC 47 - MANOE" idOficio="4707805" pubName="DO2" artType="Portaria" pubDate="13/03/2018" artClass="00014:00018:00018:00010:00000:00000:00000:00000:00000:00000:00025:00001" artCategory="Ministério da Integração Nacional/Departamento Nacional de Obras Contra as Secas/Coordenadoria Estadual em Pernambuco/Setor de Recursos Humanos" artSize="8" artNotes="" numberPage="45" pdfPage="http://pesquisa.in.gov.br/imprensa/jsp/visualiza/index.jsp?data=13/03/2018&amp;jornal=529&amp;pagina=45" editionNumber="49" highlight="" idMateria="10595707">
  <body>
    <Identifica><![CDATA[ PORTARIA Nº 7, de 2 MARÇO DE 2018]]></Identifica>
    <Data><![CDATA[]]></Data>
    <Ementa />
    <Titulo />
    <SubTitulo />
    <Texto><![CDATA[<p class="identifica">PORTARIA Nº 7, de 2 MARÇO DE 2018</p><p>O COORDENADOR ESTADUAL DO DEPARTAMENTO NACIONAL DE OBRAS CONTRA AS SÊCAS EM PERNAMBUCO, usando da competência que lhe foi delegada através da Portaria nº 402/DG/DA/CRH, de 30 de agosto de 2013, publicada no Boletim Administrativo, Edição Extra, de mesma data, e tendo em vista o que consta do Processo no59403.129/2018-65, resolve:</p><p>Art. 1º Aposentar o servidor MANOEL PEREIRA DE MORAIS, matrícula SIAPE n.º 738.759, ocupante do Cargo Efetivo de Artífice de Estruturas de Obras e Metalurgia, Código 481057, Classe S, Padrão NI-III, pertencente ao Quadro de Pessoal desta Coordenadoria Estadual, com fundamento no art. 40, § 1°, inciso III, alínea "a", da Constituição Federal de 1988, combinado com o Art. 3º da Emenda Constitucional nº 47/2005.</p><p>Art. 2º Declarar vago o referido cargo - código de vaga n.º 475209.</p><p class="assina">Marcos Antônio Rueda Moraes</p>]]></Texto>
  </body>
</article></xml>