﻿<xml><article id="2016384" name="PT 294 - 09.03.2018 - SEI Nº DIG" idOficio="4707049" pubName="DO2" artType="Portaria" pubDate="13/03/2018" artClass="00017:00002:00029:00108:00005:00000:00000:00000:00000:00000:00025:00013" artCategory="Ministério da Saúde/Secretaria Executiva/Núcleo Estadual no Rio de Janeiro/Divisão de Gestão Administrativa/Serviço de Pessoal Inativo" artSize="8" artNotes="" numberPage="48" pdfPage="http://pesquisa.in.gov.br/imprensa/jsp/visualiza/index.jsp?data=13/03/2018&amp;jornal=529&amp;pagina=48" editionNumber="49" highlight="" idMateria="10593909">
  <body>
    <Identifica><![CDATA[ PORTARIA Nº 294, DE 9 DE MARÇO DE 2018]]></Identifica>
    <Data><![CDATA[]]></Data>
    <Ementa />
    <Titulo />
    <SubTitulo />
    <Texto><![CDATA[<p class="identifica">PORTARIA Nº 294, DE 9 DE MARÇO DE 2018</p><p>A CHEFE SUBSTITUTA DA DIVISÃO DE GESTÃO ADMINISTRATIVA DA COORDENAÇÃO DE GESTÃO DO NÚCLEO ESTADUAL DO MINISTÉRIO DA SAÚDE NO ESTADO DO RIO DE JANEIRO, no uso das atribuições conferidas pela PT/CGRH/SAA/MS nº 1804, de 01.10.2013, publicada no DOU nº 192, de 03.10.2013 e à vista das informações constantes no Processo nº 25001.406428/2017-30, resolve:</p><p>Conceder Pensão ao companheiro JOSÉ LEONICIO DE OLIVEIRA, com fundamento nos artigos 217, inciso III e 222, inciso VII, alínea b, item 6, da Lei nº 8.112/90, na redação dada pela Lei n° 13.135 de 17.06.2015, combinado com o artigo 40, parágrafo 7º, da Constituição Federal de 1988, com redação dada pela Emenda Constitucional nº 41/2003, regulamentada pelo artigo 2º, inciso I, da Lei nº 10.887/2004, em face do falecimento ocorrido em 02.10.2017, da ex-servidora MARIA DE LOURDES ROSA DO NASCIMENTO, Matrícula SIAPE nº 0.637.062 (Identificação Única nº 0.637.062-4), Telefonista, Nível Intermediário, Classe "B", Padrão IV, Aposentada do Quadro de Pessoal deste Ministério, correspondendo a 100% (cem por cento) do benefício destinado a Pensão, a partir da data do óbito.</p><p class="assina">KARINA ORNELAS DOS SANTOS LATORRACA</p>]]></Texto>
  </body>
</article></xml>