﻿<xml><article id="2014149" name="PORTARIA 342 - 12.03.18 - Afasta" idOficio="4706704" pubName="DO2" artType="Portaria" pubDate="13/03/2018" artClass="00011:00077:00001:00000:00000:00000:00000:00000:00000:00000:00025:00001" artCategory="Ministério da Educação/Instituto Federal de Educação, Ciência e Tecnologia do Rio Grande do Sul/Reitoria" artSize="8" artNotes="" numberPage="33" pdfPage="http://pesquisa.in.gov.br/imprensa/jsp/visualiza/index.jsp?data=13/03/2018&amp;jornal=529&amp;pagina=33" editionNumber="49" highlight="" idMateria="10593434">
  <body>
    <Identifica><![CDATA[ PORTARIA Nº 342, DE 8 DE MARÇO DE 2018]]></Identifica>
    <Data><![CDATA[]]></Data>
    <Ementa />
    <Titulo />
    <SubTitulo />
    <Texto><![CDATA[<p class="identifica">PORTARIA Nº 342, DE 8 DE MARÇO DE 2018</p><p>O REITOR SUBSTITUTO DO INSTITUTO FEDERAL DE EDUCAÇÃO, CIÊNCIA E TECNOLOGIA DO RIO GRANDE DO SUL, no uso de suas atribuições legais que lhe são conferidas pelo Portaria nº 1128, de 30 de junho de 2017, publicado no D.O.U. de 03/07/2017, e considerando a portaria MEC n° 1.487, de 27 de novembro de 2017, resolve:</p><p>Art. 1º AUTORIZAR O AFASTAMENTO DO PAÍS da servidora CLAUDIA SCHREINER, Professor de Ensino Básico, Técnico e Tecnológico, lotada no Campus Porto Alegre do IFRS, Matrícula SIAPE n°.1500093, pelo período de 20/03/2018 a 01/04/2018 (trânsito incluso), com ônus limitado para o IFRS (mantida apenas a remuneração do cargo efetivo), para participação e apresentação de trabalho no IX Congresso Internacional CSO'2018, em Lisboa, Portugal, nos termos do Processo nº 23368.000121/2018-25.</p><p class="assina">José Eli Santos dos Santos</p>]]></Texto>
  </body>
</article></xml>