﻿<xml><article id="2025337" name="Port 321, 12 MAR 18" idOficio="4707865" pubName="DO2" artType="Portaria" pubDate="13/03/2018" artClass="00010:00008:00001:00000:00000:00000:00000:00000:00000:00000:00025:00022" artCategory="Ministério da Defesa/Comando do Exército/Gabinete do Comandante" artSize="8" artNotes="" numberPage="14" pdfPage="http://pesquisa.in.gov.br/imprensa/jsp/visualiza/index.jsp?data=13/03/2018&amp;jornal=529&amp;pagina=14" editionNumber="49" highlight="" idMateria="10595885">
  <body>
    <Identifica><![CDATA[ PORTARIA Nº 321, DE 12 DE MARÇO DE 2018]]></Identifica>
    <Data><![CDATA[]]></Data>
    <Ementa />
    <Titulo />
    <SubTitulo />
    <Texto><![CDATA[<p class="identifica">PORTARIA Nº 321, DE 12 DE MARÇO DE 2018</p><p>O COMANDANTE DO EXÉRCITO, no uso das atribuições que lhe conferem o art. 20, inciso VI, alínea g, da Estrutura Regimental do Comando do Exército, aprovada pelo Decreto nº 5.751, de 12 de abril de 2006, e o art. 9º, inciso II, alínea b, do Regulamento de Movimentação de Oficiais e Praças do Exército, aprovado pelo Decreto nº 2.040, de 21 de outubro de 1996, e considerando o disposto nos art. 4º e 19 da Lei Complementar nº 97, de 9 de junho de 1999, resolve</p><p>TORNAR SEM EFEITO</p><p>a exoneração do Cel Eng (0114738230) IVAN CARLOS SOARES DE OLIVEIRA, do CIE (Brasília-DF), para o cargo de Oficial do seu Gabinete (CODOM 016261), constante da Portaria nº 171, de 21 de fevereiro de 2018, publicada no Diário Oficial da União nº 36, seção 2, de 22 de fevereiro de 2018.</p><p class="assina">Gen Ex EDUARDO DIAS DA COSTA VILLAS BÔAS</p>]]></Texto>
  </body>
</article></xml>