﻿<xml><article id="2019787" name="Retificação da Retif.- Port. nº " idOficio="4707486" pubName="DO2" artType="Retificação" pubDate="13/03/2018" artClass="00012:00052:00008:00000:00000:00000:00000:00000:00000:00000:00032:00001" artCategory="Ministério da Fazenda/Procuradoria-Geral da Fazenda Nacional/Departamento de Gestão Corporativa" artSize="8" artNotes="" numberPage="43" pdfPage="http://pesquisa.in.gov.br/imprensa/jsp/visualiza/index.jsp?data=13/03/2018&amp;jornal=529&amp;pagina=43" editionNumber="49" highlight="" idMateria="10594670">
  <body>
    <Identifica><![CDATA[ RETIFICAÇÃO]]></Identifica>
    <Data><![CDATA[]]></Data>
    <Ementa />
    <Titulo />
    <SubTitulo />
    <Texto><![CDATA[<p class="identifica">RETIFICAÇÃO</p><p>Na Retificação das Portarias PGFN nº s36 e 37, de 23 de fevereiro de 2018, publicada no D.O.U. de 9 de março de 2018, Seção 2, página 33, ONDE SE LÊ: "..., publicadas no D.O.U de 26 de janeiro de 2018, ..." LEIA-SE: "... publicadas no D.O.U de 26 de fevereiro de 2018, ..."</p>]]></Texto>
  </body>
</article></xml>