﻿<xml><article id="2012013" name="P_517_CONCEDER APOSENTADORIA_ROS" idOficio="4706468" pubName="DO2" artType="Portaria" pubDate="13/03/2018" artClass="00011:00058:00001:00001:00000:00000:00000:00000:00000:00000:00025:00004" artCategory="Ministério da Educação/Instituto Federal de Educação, Ciência e Tecnologia de Brasília/Reitoria/Chefia de Gabinete da Reitoria" artSize="8" artNotes="" numberPage="26" pdfPage="http://pesquisa.in.gov.br/imprensa/jsp/visualiza/index.jsp?data=13/03/2018&amp;jornal=529&amp;pagina=26" editionNumber="49" highlight="" idMateria="10593135">
  <body>
    <Identifica><![CDATA[ PORTARIA Nº 517, DE 9 DE MARÇO DE 2018]]></Identifica>
    <Data><![CDATA[]]></Data>
    <Ementa />
    <Titulo />
    <SubTitulo />
    <Texto><![CDATA[<p class="identifica">PORTARIA Nº 517, DE 9 DE MARÇO DE 2018</p><p>O REITOR DO INSTITUTO FEDERAL DE BRASÍLIA, nomeado pelo Decreto de 05 de maio de 2015, publicado no Diário Oficial da União em 06 de maio de 2015, no uso de suas atribuições legais e regimentais e considerando o que consta nos autos do Processo IFB nº 23508.025707.2017-70, resolve:</p><p>Art. 1º CONCEDER aposentadoria voluntária, com proventos integrais, à servidora ROSANE CAVALCANTE DE SOUZA, do Quadro de Pessoal Permanente do Instituto Federal de Educação, Ciência e Tecnologia de Brasília, Matrícula no SIAPE nº 6712978, ocupante do cargo efetivo de Professor do Ensino Básico, Técnico e Tecnológico, nível de classificação D, Nível 404, regime de trabalho 40 horas semanais com Dedicação Exclusiva, lotada no Campus Brasília, código de vaga 460908, com fundamento no art. 2º da Emenda Constitucional nº 41/03, publicada no DOU de 31/12/2003.</p><p>Art. 2º Declarar vago o referido cargo.</p><p>Art. 3º Esta Portaria entra em vigor na data de sua publicação.</p><p class="assina">WILSON CONCIANI</p>]]></Texto>
  </body>
</article></xml>