﻿<xml><article id="2018707" name="7840-18ANA GLAUCIA MARTINS TORRE" idOficio="4707354" pubName="DO2" artType="Portaria" pubDate="13/03/2018" artClass="00032:00003:00015:00000:00000:00000:00000:00000:00000:00000:00025:00013" artCategory="Departamento de Polícia Federal/Diretoria de Gestão de Pessoal/Coordenação de Recursos Humanos/Divisão de Administração de Recursos Humanos/Serviço de Cadastro/Ministério da Justiça" artSize="8" artNotes="" numberPage="59" pdfPage="http://pesquisa.in.gov.br/imprensa/jsp/visualiza/index.jsp?data=13/03/2018&amp;jornal=529&amp;pagina=59" editionNumber="49" highlight="" idMateria="10594466">
  <body>
    <Identifica><![CDATA[ PORTARIA Nº 7.840, DE 8 DE MARÇO DE 2018]]></Identifica>
    <Data><![CDATA[]]></Data>
    <Ementa />
    <Titulo />
    <SubTitulo />
    <Texto><![CDATA[<p class="identifica">PORTARIA Nº 7.840, DE 8 DE MARÇO DE 2018</p><p>O DIRETOR DE GESTÃO DE PESSOAL DA POLÍCIA FEDERAL, usando das atribuições que lhe são conferidas pelos incisos XIV e XIX do Artigo 42 do Regimento Interno da PF, aprovado pela Portaria MJ nº 1252, de 29/12/2017, publicada no Diário Oficial da União nº 01, de 02/01/2018, Seção I, pp. 65/70, e tendo em vista o que consta do Processo nº 08270.002039/2018-21, resolve:</p><p>Aposentar, por invalidez permanente, com proventos proporcionais, ANA GLAUCIA MARTINS TORRES, ocupante do cargo de Agente de Polícia Federal, Classe Especial, Matrícula SIAPE nº 1296328, do Quadro de Pessoal da Polícia Federal, com fundamento no artigo 186, I, in fine, da Lei nº 8.112/1990 (doença não especificada em lei), c/c Lei Complementar nº 51/1985, aplicando-se a forma de cálculo e critério de reajuste previstos no artigo 6º-A caput e parágrafo único da Emenda Constitucional nº 41/2003, acrescentado pelo artigo 1º da Emenda Constitucional nº 70/2012.</p><p class="assina">DELANO CERQUEIRA BUNN</p>]]></Texto>
  </body>
</article></xml>