﻿<xml><article id="2016970" name="ATO Portaria nº 2077__135146" idOficio="4707143" pubName="DO2" artType="Portaria" pubDate="13/03/2018" artClass="00026:00033:00000:00000:00000:00000:00000:00000:00000:00000:00025:00003" artCategory="Ministério do Planejamento, Desenvolvimento e Gestão/Secretaria de Gestão" artSize="8" artNotes="" numberPage="54" pdfPage="http://pesquisa.in.gov.br/imprensa/jsp/visualiza/index.jsp?data=13/03/2018&amp;jornal=529&amp;pagina=54" editionNumber="49" highlight="" idMateria="10594029">
  <body>
    <Identifica><![CDATA[ PORTARIA Nº 2.077, DE 9 DE MARÇO DE 2018]]></Identifica>
    <Data><![CDATA[]]></Data>
    <Ementa />
    <Titulo />
    <SubTitulo />
    <Texto><![CDATA[<p class="identifica">PORTARIA Nº 2.077, DE 9 DE MARÇO DE 2018</p><p>A SECRETÁRIA-ADJUNTA DE GESTÃO DO MINISTÉRIO DO PLANEJAMENTO, DESENVOLVIMENTO E GESTÃO, no uso da competência delegada pela Portaria SEGES nº 2.091, de 1º de março de 2018, e considerando o disposto no § 1º, do art. 4º, da Lei nº 9.625, de 7 de abril de 1998, no art. 16 do Decreto nº 5.176, de 10 de agosto de 2004, e no § 2º do art. 3º da Portaria SEGES nº 2.074, de 9 de março de 2018, resolve:</p><p>Art. 1° Ficam designados os seguintes servidores, pertencentes à carreira de Especialista em Políticas Públicas e Gestão Governamental - EPPGG, para compor o Comitê Consultivo da Carreira:</p><p>I - Eduardo Granha Magalhães Gomes - Presidente;</p><p>II - Gustavo Camilo Baptista - Representante da Associação Nacional de Especialistas em Políticas Públicas e Gestão Governamental - ANESP;</p><p>III - Marizaura Reis de Souza Camões - Representante da Fundação Escola Nacional de Administração Pública - ENAP;</p><p>IV - João Guilherme Casagrande Martinelli Lima Granja Xavier;</p><p>V - Sara de Sousa Coutinho; e</p><p>VI - Sylvio Cézar Koury Musolino Filho.</p><p>Art. 2° Esta Portaria entra em vigor na data de sua publicação.</p><p class="assina">ALINE RIBEIRO DANTAS DE TEIXEIRA SOARES</p>]]></Texto>
  </body>
</article></xml>