﻿<xml><article id="2016168" name="Ct087" idOficio="4707024" pubName="DO2" artType="Despacho" pubDate="13/03/2018" artClass="00026:00005:00000:00000:00000:00000:00000:00000:00000:00000:00019:00002" artCategory="Ministério do Planejamento, Desenvolvimento e Gestão/Banco Nacional de Desenvolvimento Econômico e Social" artSize="8" artNotes="" numberPage="53" pdfPage="http://pesquisa.in.gov.br/imprensa/jsp/visualiza/index.jsp?data=13/03/2018&amp;jornal=529&amp;pagina=53" editionNumber="49" highlight="" idMateria="10593867">
  <body>
    <Identifica><![CDATA[ DESPACHO DE 21 de dezembro de 2017]]></Identifica>
    <Data><![CDATA[]]></Data>
    <Ementa />
    <Titulo />
    <SubTitulo />
    <Texto><![CDATA[<p class="identifica">DESPACHO DE 21 de dezembro de 2017</p><p>Afastamento do País autorizado pelo Diretor Marcelo de Siqueira Freitas em 21/12/2017, de acordo com a subdelegação de competência prevista na Portaria PRESI nº 110/2017-BNDES, de 04/04/2017, do Presidente do BNDES:</p><p>EDUARDO TEIXEIRA E BORGES, chefe de departamento, para participar do segundo módulo do programa IMPM - The Analytic Mindset: Managing Organizations, em Montreal/Canadá, no período de 20/01/2018 a 02/02/2018, inclusive trânsito, com ônus (Processo de Viagem ao Exterior nº 39496).</p><p class="assina">MARCELO DE SIQUEIRA FREITAS</p>]]></Texto>
  </body>
</article></xml>