﻿<xml><article id="2018902" name="PORTARIA GPR 426" idOficio="4707356" pubName="DO2" artType="Portaria" pubDate="13/03/2018" artClass="00038:00039:00002:00000:00000:00000:00000:00000:00000:00000:00025:00003" artCategory="Poder Judiciário/Tribunal de Justiça do Distrito Federal e dos Territórios/Presidência" artSize="8" artNotes="" numberPage="88" pdfPage="http://pesquisa.in.gov.br/imprensa/jsp/visualiza/index.jsp?data=13/03/2018&amp;jornal=529&amp;pagina=88" editionNumber="49" highlight="" idMateria="10594470">
  <body>
    <Identifica><![CDATA[ PORTARIA nº 426, DE 7 DE MARÇO DE 2018]]></Identifica>
    <Data><![CDATA[]]></Data>
    <Ementa />
    <Titulo />
    <SubTitulo />
    <Texto><![CDATA[<p class="identifica">PORTARIA nº 426, DE 7 DE MARÇO DE 2018</p><p>O PRESIDENTE DO TRIBUNAL DE JUSTIÇA DO DISTRITO FEDERAL E DOS TERRITÓRIOS, no uso de sua competência legal, com fundamento no artigo 93, Inciso I, § 1º, da Lei 8.112/1990, no Decreto nº 9.144/2017, bem como na Portaria GPR 78/2018, e tendo em vista o contido no PA 6939/2016, resolve:</p><p>Prorrogar a cessão do servidor EDUARDO DE CASTRO RODRIGUES, matrícula 316111, Analista Judiciário, Área Judiciária, Sem Especialidade, Nível Superior, Classe "B", Padrão 8, do Quadro de Pessoal deste Tribunal, para continuar exercendo, no Tribunal Regional Eleitoral do Distrito Federal, pelo prazo de 1 (um) ano, o cargo em comissão, código CJ-2, de Coordenador Administrativo da Corregedoria Regional Eleitoral, com ônus do cargo efetivo para o cedente e do cargo em comissão para o cessionário, até o dia 24/4/2019.</p><p class="assina">Des. MARIO MACHADO</p>]]></Texto>
  </body>
</article></xml>