﻿<xml><article id="2014260" name="Portaria-SuspensãoZelia Ferreira" idOficio="4706715" pubName="DO2" artType="Portaria" pubDate="13/03/2018" artClass="00007:00003:00053:00000:00000:00000:00000:00000:00000:00000:00025:00001" artCategory="Ministério da Agricultura, Pecuária e Abastecimento/Secretaria Executiva/Superintendência Federal no Estado de Alagoas" artSize="8" artNotes="" numberPage="6" pdfPage="http://pesquisa.in.gov.br/imprensa/jsp/visualiza/index.jsp?data=13/03/2018&amp;jornal=529&amp;pagina=6" editionNumber="49" highlight="" idMateria="10593445">
  <body>
    <Identifica><![CDATA[ Portaria  nº 4, de 26 de fevereiro de 2018                                        ]]></Identifica>
    <Data><![CDATA[]]></Data>
    <Ementa />
    <Titulo />
    <SubTitulo />
    <Texto><![CDATA[<p class="identifica">Portaria nº 4, de 26 de fevereiro de 2018</p><p>O Superintendente Federal de Agricultura Pecuária no Estado de Alagoas, em conformidade com as disposições estabelecidas pelo Decreto nº 7.862/2012, de 08 de dezembro de 2012, Portaria nº 08 - GM/MP, de 07 de janeiro de 2013, e pela Orientação Normativa nº 02 - SEGRT/MP, de 02 de janeiro de 2017 e tendo em vista o Processo nº 21006.000181/2018-21, resolve:1. Tornar pública a relação das beneficiarias de pensão, aniversariantes do mês de novembro/2017, que não atendeu à convocação e notificação para realizar o recadastramento anual/2017, conforme estabelecido no inciso "a" do artigo 11 da Orientação Normativa nº 01 - SEGRT/MP, de 02 de janeiro de 2017.</p><p>2. A suspensão do pagamento do benefício de Pensão será efetivada na folha de pagamento do mês de fevereiro/2017 do beneficiário de pensão abaixo:</p><p>-Zélia Ferreira Lages, CPF nº 035.831.284-19, Matricula Siape 186465, Tipo de benefício: Pensão.</p><p>3. O restabelecimento da aposentadoria fica condicionado ao recadastramento mediante comparecimento pessoal do interessado na Unidade de Recursos Humanos da SFA/AL, sito à Av. Fernandes Lima nº 72, Bairro do Farol, portando a documentação estabelecida nos arts. 5º e 6º da ON nº 1/2013-SEGEP/MP.</p><p>3.1. O crédito do(s) pagamento(s) restabelecido(s) será (ao) efetivado(s) na primeira folha de pagamento disponível para inclusão.</p><p>4. Na hipótese de moléstia grave ou de impossibilidade de locomoção do aposentado e/ou pensionista deverá ser solicitado o agendamento de visita técnica, por meio do telefone (82) 3215-4711/3215/4712 para comprovação de vida do titular do benefício, ficando o pagamento restabelecido provisoriamente até que seja realizada a visita técnica, observado o disposto no item 3.1 do presente Portaria.</p><p class="assina">Alay Correia Amorim</p>]]></Texto>
  </body>
</article></xml>