﻿<xml><article id="2025352" name="Port 46, 8 MAR 18 PTTC" idOficio="4707865" pubName="DO2" artType="Portaria" pubDate="13/03/2018" artClass="00010:00008:00001:00000:00000:00000:00000:00000:00000:00000:00025:00004" artCategory="Ministério da Defesa/Comando do Exército/Gabinete do Comandante" artSize="8" artNotes="" numberPage="12" pdfPage="http://pesquisa.in.gov.br/imprensa/jsp/visualiza/index.jsp?data=13/03/2018&amp;jornal=529&amp;pagina=12" editionNumber="49" highlight="" idMateria="10595890">
  <body>
    <Identifica><![CDATA[ PORTARIA Nº 46-GAB CMT EX/A1.1, DE 8 DE MARÇO DE 2018]]></Identifica>
    <Data><![CDATA[]]></Data>
    <Ementa />
    <Titulo />
    <SubTitulo />
    <Texto><![CDATA[<p class="identifica">PORTARIA Nº 46-GAB CMT EX/A1.1, DE 8 DE MARÇO DE 2018</p><p>O CHEFE DO GABINETE DO COMANDANTE DO EXÉRCITO, no uso das competências que lhe confere o inciso II, § 1º, do Art. 6º, da Portaria do Comandante do Exército nº 218, de 20 de março de 2017 e considerando o disposto no inciso III, alínea b), § 1º, do Art. 3º, da Lei nº 6880, de 9 de dezembro de 1980, com a redação dada pelo Art. 5º da Lei nº 9.442, de 14 de março de 1997, resolve:</p><p>EXONERAR</p><p>ex officio, o Cap QAO Refm (Idt 114239292-5) MIGUEL APEN, de Prestador de Tarefa por Tempo Certo (PTTC), do Centro de Comunicação Social do Exército (CCOMSEx), em Brasília-DF, a partir de 30 de abril de 2018, de acordo com a letra a) do inciso II, do Art. 11º, da Portaria do Comandante do Exército nº 218, de 20 de março de 2017.</p><p class="assina">Gen Div TOMÁS MIGUEL MINÉ RIBEIRO PAIVA</p>]]></Texto>
  </body>
</article></xml>