﻿<xml><article id="2016222" name="Portaria nº 64 - Nomear - Ivson " idOficio="4707034" pubName="DO2" artType="Portaria" pubDate="13/03/2018" artClass="00011:00079:00013:00000:00000:00000:00000:00000:00000:00000:00025:00001" artCategory="Ministério da Educação/Instituto Federal de Educação, Ciência e Tecnologia de Rondônia/Campus Guajará-Mirim" artSize="8" artNotes="" numberPage="33" pdfPage="http://pesquisa.in.gov.br/imprensa/jsp/visualiza/index.jsp?data=13/03/2018&amp;jornal=529&amp;pagina=33" editionNumber="49" highlight="" idMateria="10593881">
  <body>
    <Identifica><![CDATA[ PORTARIA Nº 64, DE 12 DE MARÇO DE 2018]]></Identifica>
    <Data><![CDATA[]]></Data>
    <Ementa />
    <Titulo />
    <SubTitulo />
    <Texto><![CDATA[<p class="identifica">PORTARIA Nº 64, DE 12 DE MARÇO DE 2018</p><p>A DIRETORA GERAL DO CAMPUS DE GUAJARÁ-MIRIM DO INSTITUTO FEDERAL DE EDUCAÇÃO, CIÊNCIA E TECNOLOGIA DE RONDÔNIA, no uso de suas atribuições legais e da competência que lhe foi delegada por meio do Art. 58 da Resolução 21/2011 do CONSUP e Portaria/IFRO nº 105, de 17/02/2012, resolve:</p><p>Art. 1º. NOMEAR, o Professor de Ensino Básico, Técnico e Tecnológico, IVSON MONTEIRO VIANA, Mat. SIAPE 2999712 para exercer o cargo comissionado de Diretor de Ensino Substituto do Campus Guajará-Mirim, no período de 13/03/2018 a 16/03/2018, Código CD-04.</p><p>Art. 2º. Esta Portaria entra em vigor na data de sua publicação.</p><p class="assina">ELAINE OLIVEIRA COSTA DE CARVALHO</p>]]></Texto>
  </body>
</article></xml>