﻿<xml><article id="2024966" name="PORTARIA N.º DIRSGP 175- Dispens" idOficio="4707786" pubName="DO2" artType="Portaria" pubDate="13/03/2018" artClass="00011:00006:00001:00001:00000:00000:00000:00000:00000:00000:00025:00001" artCategory="Ministério da Educação/Centro Federal de Educação Tecnológica de Minas Gerais/Diretoria-Geral/Gabinete do Diretor-Geral" artSize="8" artNotes="" numberPage="19" pdfPage="http://pesquisa.in.gov.br/imprensa/jsp/visualiza/index.jsp?data=13/03/2018&amp;jornal=529&amp;pagina=19" editionNumber="49" highlight="" idMateria="10595800">
  <body>
    <Identifica><![CDATA[ PORTARIA Nº 175, DE 12 DE MARÇO DE 2018]]></Identifica>
    <Data><![CDATA[]]></Data>
    <Ementa />
    <Titulo />
    <SubTitulo />
    <Texto><![CDATA[<p class="identifica">PORTARIA Nº 175, DE 12 DE MARÇO DE 2018</p><p>A DIRETORA-GERAL DO CENTRO FEDERAL DE EDUCAÇÃO TECNOLÓGICA DE MINAS GERAIS, nomeado pela Portaria MEC nº 998, de 13 de outubro de 2015, D.O.U de 14 de outubro de 2015, no uso de suas atribuições legais, resolve:</p><p>I - Dispensar:</p><p>ABELARDO BENTO ARAUJO, matrícula SIAPE 1090845, da Função Gratificada de Coordenador Geral de Desenvolvimento e Acompanhamento da Graduação, FG-01, a partir de 28/02/2018;</p><p>GEOVANE DA SILVA COELHO, matrícula SIAPE 1608949, da Função Gratificada de Chefe da Biblioteca da Unidade de Varginha, FG-02;</p><p>II - Designar:</p><p>ANTONIA ELISABETH DA SILVA SOUZA NUNES, matrícula SIAPE 1511729, para a Função Gratificada de Coordenadora Geral de Desenvolvimento e Acompanhamento da Graduação, FG-01;</p><p>ROBERTO BERNARDES LEMES, matrícula SIAPE 1066589, para a Função Gratificada de Chefe da Biblioteca da Unidade de Varginha, FG-02;</p><p>III- Esta portaria entra em vigor a partir da data de sua publicação.</p><p class="assina">MARIA CELESTE MONTEIRO DE SOUZA COSTA</p><p class="cargo">Em exercício</p>]]></Texto>
  </body>
</article></xml>