﻿<xml><article id="2019181" name="EDITAL 06 de 2018 Rest" idOficio="4707375" pubName="DO2" artType="Edital" pubDate="13/03/2018" artClass="00099:00017:00002:00018:00001:00002:00000:00000:00000:00000:00000:00021:00001" artCategory="Editais e Avisos" artSize="8" artNotes="" numberPage="91" pdfPage="http://pesquisa.in.gov.br/imprensa/jsp/visualiza/index.jsp?data=13/03/2018&amp;jornal=529&amp;pagina=91" editionNumber="49" highlight="" idMateria="10594576">
  <body>
    <Identifica><![CDATA[    EDITAL Nº 6, DE 12 DE MARÇO DE 2018RESTABELECIMENTO DE PAGAMENTO]]></Identifica>
    <Data><![CDATA[]]></Data>
    <Ementa />
    <Titulo />
    <SubTitulo />
    <Texto><![CDATA[<p class="identifica">EDITAL Nº 6, DE 12 DE MARÇO DE 2018RESTABELECIMENTO DE PAGAMENTO</p><p>O CHEFE DO SERVIÇO DE GESTÃO ADMINISTRATIVA DO NÚCLEO ESTADUAL DO MINISTÉRIO DA SAÚDE NO ESTADO DO ESPÍRITO SANTO, no uso de sua competência subdelegada pela Portaria n.º 1.804/SAA/SE/MS de 01.10.2013, publicada no DOU n. 192, de 03.10.2013, em conformidade com as disposições estabelecidas pelo Decreto nº 7.862/2012, de 08 de dezembro de 2012, pela Portaria nº 08 - GM/MP, de 07 de janeiro de 2013, e pela Orientação Normativa nº 01, SEGEP/MP de 10 de janeiro de 2013, resolve:</p><p>I - Tornar pública a relação de Aposentado/Pensionista que tendo realizado sua atualização cadastral terá o pagamento do provento restabelecido nos termos do art.12, da ON 1/2013/SEGEP/MP.</p><p></p><table><tr /><tr><td><p>CPF</p></td><td><p>APOSENTADO/PENSIONISTA</p></td></tr><tr><td><p>051.470.687-24</p></td><td><p>MARIA JOSE DA SILVA VASQUES</p></td></tr></table><p>II - O crédito do pagamento restabelecido será efetivado na 1ª folha de pagamento disponível para inclusão.</p><p class="assina">RAULINO PEREIRA GOUVEIA</p>]]></Texto>
  </body>
</article></xml>