﻿<xml><article id="2025632" name="PORT 254 SNJ SEÇÃO 2" idOficio="4707909" pubName="DO2" artType="Portaria" pubDate="13/03/2018" artClass="00015:00001:00000:00000:00000:00000:00000:00000:00000:00000:00019:00001" artCategory="Ministério da Justiça/Gabinete do Ministro" artSize="8" artNotes="" numberPage="45" pdfPage="http://pesquisa.in.gov.br/imprensa/jsp/visualiza/index.jsp?data=13/03/2018&amp;jornal=529&amp;pagina=45" editionNumber="49" highlight="" idMateria="10595930">
  <body>
    <Identifica><![CDATA[ PORTARIA Nº 254, DE 12 DE MARÇO DE 2018]]></Identifica>
    <Data><![CDATA[]]></Data>
    <Ementa />
    <Titulo />
    <SubTitulo />
    <Texto><![CDATA[<p class="identifica">PORTARIA Nº 254, DE 12 DE MARÇO DE 2018</p><p>O MINISTRO DE ESTADO DA JUSTIÇA, no uso das atribuições que lhe conferem os incisos I e II do parágrafo único do art. 87 da Constituição, e o Decreto nº 9.150, de 4 de setembro de 2017, e tendo em vista o disposto no inciso I e nos §2º e §3º do art. 6º do Decreto nº 7.901, de 4 de fevereiro de 2013, resolve</p><p>Art. 1º Designar LUIZ PONTEL DE SOUZA para compor o Comitê Nacional de Enfrentamento ao Tráfico de Pessoas - CONATRAP, instituído pelo Decreto nº 7.901, de 2013, como representante titular da Secretaria Nacional de Justiça, deste Ministério, na qualidade de Presidente, em substituição a ROGÉRIO AUGUSTO VIANA GALLORO.</p><p>Art. 2º A participação no CONATRAP será considerada prestação de serviço público relevante e não será remunerada.</p><p>Art. 3º Esta Portaria entra em vigor na data de sua publicação.</p><p class="assina">TORQUATO JARDIM</p>]]></Texto>
  </body>
</article></xml>