﻿<xml><article id="2021274" name="135" idOficio="4707742" pubName="DO2" artType="Portaria" pubDate="13/03/2018" artClass="00011:00033:00001:00001:00000:00000:00000:00000:00000:00000:00025:00007" artCategory="Ministério da Educação/Fundação Universidade Federal de Ouro Preto/Reitoria/Gabinete do Reitor" artSize="8" artNotes="" numberPage="22" pdfPage="http://pesquisa.in.gov.br/imprensa/jsp/visualiza/index.jsp?data=13/03/2018&amp;jornal=529&amp;pagina=22" editionNumber="49" highlight="" idMateria="10595037">
  <body>
    <Identifica><![CDATA[ PORTARIA Nº 135, DE 8 DE MARÇO DE 2018]]></Identifica>
    <Data><![CDATA[]]></Data>
    <Ementa />
    <Titulo />
    <SubTitulo />
    <Texto><![CDATA[<p class="identifica">PORTARIA Nº 135, DE 8 DE MARÇO DE 2018</p><p>A Reitora da Universidade Federal de Ouro Preto, no uso de suas atribuições legais, conferidas pelo Decreto de 08 de fevereiro de 2017, publicado no Diário Oficial da União de 09 de fevereiro de 2017,</p><p>considerando a subdelegação de competência, constante da Portaria do Ministro de Estado da Educação, nº. 404, de 23 de abril de 2009,</p><p>considerando o Processo UFOP nº. 23109.003448/2017-29, resolve:</p><p>Autorizar o afastamento do país da servidora Prof.ª Kassandra da Silva Muniz, matrícula SIAPE nº 1.724.320, lotada no Departamento de Letras/ICHS, para realizar estágio pós-doutoral no Intercultural Studies Program/Keuka College, na cidade de Nova Iorque/EUA, no período de 05 de fevereiro a 05 de maio de 2018, com ônus limitado para a UFOP.</p><p class="assina">Cláudia Aparecida Marliére de Lima</p>]]></Texto>
  </body>
</article></xml>