﻿<xml><article id="2015812" name="P4RECIFE72e73" idOficio="4706984" pubName="DO2" artType="Portaria" pubDate="13/03/2018" artClass="00012:00055:00096:00013:00000:00000:00000:00000:00000:00000:00025:00005" artCategory="Ministério da Fazenda/Secretaria da Receita Federal do Brasil/Superintendência Regional da 4ª Região Fiscal/Delegacia da Receita Federal do Brasil em Recife" artSize="8" artNotes="" numberPage="44" pdfPage="http://pesquisa.in.gov.br/imprensa/jsp/visualiza/index.jsp?data=13/03/2018&amp;jornal=529&amp;pagina=44" editionNumber="49" highlight="" idMateria="10593770">
  <body>
    <Identifica><![CDATA[ PORTARIAs DE 5 DE MARÇO DE 2018]]></Identifica>
    <Data><![CDATA[]]></Data>
    <Ementa />
    <Titulo />
    <SubTitulo />
    <Texto><![CDATA[<p class="identifica">PORTARIAs DE 5 DE MARÇO DE 2018</p><p>O DELEGADO DA RECEITA FEDERAL DO BRASIL NO RECIFE/PE, no uso da competência que lhe foi subdelegada pela Portaria RFB nº 4.338, de 09.09.2005, publicada no DOU de 12.09.2005, e tendo em vista a Portaria RFB nº 4.071, de 02.05.2007, publicada na edição extra do DOU de 02.05.2007, resolve:</p><p>Nº 72 - DESIGNAR a Administradora EDNA MARIA BRANCO OLIVEIRA CORREIA, matrícula Siapecad nº 838066. para exercer a Função Gratificada de Chefe de Equipe de Gestão de Pessoas - EGP/1 da Delegacia da Receita Federal do Brasil no Recife(PE), Código FG-03.</p><p>Nº 73 - DESIGNAR a Analista do Seguro Social ANA CATARINA DE LUCENA, matrícula Siapecad nº 1218497, para exercer a Função Gratificada de Chefe de Equipe de Gestão de Pessoas - EGP/2 da Delegacia da Receita Federal do Brasil no Recife(PE), Código FG-03.</p><p class="assina">DARCI MENDES DE CARVALHO FILHO</p>]]></Texto>
  </body>
</article></xml>