﻿<xml><article id="2016988" name="143 - FRANCISCO JOSE DA SILVA DI" idOficio="4707066" pubName="DO2" artType="Portaria" pubDate="13/03/2018" artClass="00011:00030:00000:00000:00000:00000:00000:00000:00000:00000:00025:00002" artCategory="Ministério da Educação/Fundação Universidade Federal do Maranhão" artSize="8" artNotes="" numberPage="21" pdfPage="http://pesquisa.in.gov.br/imprensa/jsp/visualiza/index.jsp?data=13/03/2018&amp;jornal=529&amp;pagina=21" editionNumber="49" highlight="" idMateria="10593790">
  <body>
    <Identifica><![CDATA[ PORTARIA Nº 143, de 8 de março de 2018]]></Identifica>
    <Data><![CDATA[]]></Data>
    <Ementa />
    <Titulo />
    <SubTitulo />
    <Texto><![CDATA[<p class="identifica">PORTARIA Nº 143, de 8 de março de 2018</p><p>A REITORA DA UNIVERSIDADE FEDERAL DO MARANHÃO, no uso de suas atribuições legais, estatutárias e regimentais, e face ao contido no(a) Portaria GR nº 077-MR, resolve:</p><p>Dispensar (o)a servidor(a) FRANCISCO JOSE DA SILVA DIAS, CPF 820.045.443-68, ocupante do cargo de PROFESSOR DO MAGISTÉRIO SUPERIOR, matrícula SIAPE n.º 1978142, da Função Gratificada, FG-1, de Coordenador do(a) COORDENAÇÃO DO CURSO DE OCEANOGRAFIA/CCBS, a contar de 07/03/2018.</p><p class="assina">NAIR PORTELA SILVA COUTINHO</p>]]></Texto>
  </body>
</article></xml>