﻿<xml><article id="2012386" name="Port_123_2018-8-36" idOficio="4706524" pubName="DO2" artType="Portaria" pubDate="13/03/2018" artClass="00011:00134:00001:00001:00000:00000:00000:00000:00000:00000:00025:00001" artCategory="Ministério da Educação/Universidade Federal de Santa Catarina/Reitoria/Gabinete do Reitor" artSize="8" artNotes="" numberPage="31" pdfPage="http://pesquisa.in.gov.br/imprensa/jsp/visualiza/index.jsp?data=13/03/2018&amp;jornal=529&amp;pagina=31" editionNumber="49" highlight="" idMateria="10593227">
  <body>
    <Identifica><![CDATA[ PORTARIAS DE 9 DE Março DE 2018]]></Identifica>
    <Data><![CDATA[]]></Data>
    <Ementa />
    <Titulo />
    <SubTitulo />
    <Texto><![CDATA[<p class="identifica">PORTARIAS DE 9 DE Março DE 2018</p><p>O REITOR PRO TEMPORE DA UNIVERSIDADE FEDERAL DE SANTA CATARINA, no uso de suas atribuições, resolve:</p><p>Nº 547 - Art. 1º Dispensar, Nilton Jorge de Quadra, ASSISTENTE EM ADMINISTRAÇÃO, MASIS nº 181433, SIAPE nº 1891322, do exercício das funções de Chefe da Seç. de Movimentação Interna / DIM / DDP, código FG5, para o qual foi designado pela Portaria 1178/2016/GR, DE 25 DE MAIO DE 2016.</p><p>Art. 2º Esta Portaria entra em vigor na data de sua publicação no Diário Oficial da União.(Ref. Sol. 7/DDP/PRODEGESP/2018)</p><p>Nº 548 - Art. 1º Designar NILTON JORGE DE QUADRA, assistente em administração, MASIS nº 181433, SIAPE nº 1891322, para exercer a função de chefe da Divisão de Movimentação do Departamento de Desenvolvimento de Pessoas da Pró-Reitoria de Desenvolvimento e Gestão de Pessoas.</p><p>Art. 2º Atribuir ao servidor a função gratificada código FG-3, integrante do Quadro Distributivo de Cargos de Direção e Funções Gratificadas.</p><p>Art. 3º Esta portaria entra em vigor na data de sua publicação no Diário Oficial da União. .(Ref. Sol. 7/DDP/PRODEGESP/2018)</p><p>Nº 549 - Dispensar, a partir de 06 de Março de 2018, Regina Célia Alves Franco de Lima, ASSISTENTE EM ADMINISTRAÇÃO, MASIS nº 186966, SIAPE nº 1979683, do exercício das funções de Chefe do Serviço de Expediente - SE/CGADM/CSE, código FG4, para o qual foi designada pela Portaria 2686/2017/GR, DE 30 DE NOVEMBRO DE 2017, tendo em vista seu pedido de afastamento parcial.(Ref. Sol. 11854/2018)</p><p>Nº 550 - Art. 1º Designar, a partir de 05 de Março de 2018, Ernesto Seidl, PROFESSOR MAGISTÉRIO SUPERIOR, classe D, nível 3, MASIS nº 192346, SIAPE nº 1448425, para exercer a função de Coordenador(a) do Programa de Pós-Graduação em Sociologia Política - CPGSP/CFH, para um mandato de 2 anos.</p><p>Art. 2º Atribuir ao servidor a Função Comissionada de Coordenação de Curso, código FCC.(Ref. Sol. 27/SEC/CFH/2018)</p><p>Nº 553 - Art. 1º Designar, a partir de 1º de março de 2018, ANDREA GONCALVES TRENTIN, professora do magistério superior, MASIS nº 110412, SIAPE nº 1160104, classe E, para exercer a função de chefe do Departamento de Biologia Celular, Embriologia e Genética do Centro de Ciências Biológicas, para um mandato de dois anos.</p><p>Art. 2º Atribuir à servidora a função gratificada código FG-1, integrante do Quadro Distributivo de Cargos de Direção e Funções Gratificadas. (Ref.Solicitação 9709/2018).</p><p>Nº 555 - Art. 1º Designar, a partir de 17 de Março de 2018, Tiago Daher Padovezi Borges, PROFESSOR MAGISTÉRIO SUPERIOR, classe C, nível 1, MASIS nº 196597, SIAPE nº 2153443, para exercer a função de Coordenador(a) do Curso de Graduação em Ciências Sociais - CGCS/CFH, para um mandato de 2 anos.</p><p>Art. 2º Atribuir ao servidor a Função Comissionada de Coordenação de Curso, código FCC.(Ref. Sol. 23/SEC/CFH/2018)</p><p>Nº 557 - Dispensar, a pedido, a partir de 5 de março de 2018, CARLA DE ABREU D'AQUINO, professora do magistério superior, MASIS nº 185870, SIAPE nº 2764022, do exercício da função de coordenadora do curso de graduação em Engenharia de Energia do Centro de Ciências, Tecnologias e Saúde, código FCC, para a qual foi designada Portaria nº 1606/2017/GR, de 7 de julho de 2017.(Ref. Correspondência 6/CTS/ARA/2018)</p><p>Nº 559 - Art. 1º Designar, a partir de 5 de março de 2018, ROGÉRIO GOMES DE OLIVEIRA, professor do magistério superior, MASIS nº 176286, SIAPE nº 1724307, para exercer, em caráter pro tempore, a função de coordenador do curso de graduação em Engenharia de Energia do Centro de Ciências, Tecnologias e Saúde, até que sejam realizadas eleições para o referido cargo.</p><p>Art. 2º Atribuir ao servidor a Função Comissionada de Coordenação de Curso, código FCC.(Ref. Correspondência 6/CTS/ARA/2018)</p><p>Nº 560 - Art. 1º Designar, a partir de 2 de abril de 2018, DIVA SONAGLIO, professora do magistério superior, MASIS nº 100077, SIAPE nº 1159476, para exercer a função de chefe do Departamento de Ciências Farmacêuticas do Centro de Ciências da Saúde, para um mandato de dois anos.</p><p>Art. 2º Atribuir à servidora a função gratificada código FG-1, integrante do Quadro Distributivo de Cargos de Direção e Funções Gratificadas.(Ref. Solicitação 10828/2018)</p><p>Nº 562 - Dispensar, a partir de 08 de Março de 2018, MERCIA PEREIRA, ASSISTENTE EM ADMINISTRAÇÃO, MASIS nº 112164, SIAPE nº 1160238, do exercício das funções de Chefe do Serviço de Expediente - SE/CPGSS/CSE, código FG4, para o qual foi designada pela Portaria 1967/2017/GR, DE 23 DE AGOSTO DE 2017, tendo em vista seu pedido de remoção.(Ref. Sol. 12292/2018)</p><p>Nº 563 - Dispensar, a pedido, a partir de 05 de Março de 2018, CHRISTINE CACERES BURGHART, ASSISTENTE EM ADMINISTRAÇÃO, MASIS nº 199103, SIAPE nº 2216821, do exercício das funções de Chefe do Serviço de Análise e Acompanhamento Processual - SAAP/CCT/DPC/PROAD, código FG4, para o qual foi designada pela Portaria 778/2015/GR, DE 15 DE MAIO DE 2015.(Ref. Sol. 10903/2018)</p><p class="assina">UBALDO CESAR BALTHAZAR</p>]]></Texto>
  </body>
</article></xml>