﻿<xml><article id="2019275" name="PORTARIA DIRAP 1.501 1PC 1203201" idOficio="4707413" pubName="DO2" artType="Portaria" pubDate="13/03/2018" artClass="00010:00006:00005:00046:00000:00000:00000:00000:00000:00000:00025:00008" artCategory="Ministério da Defesa/Comando da Aeronáutica/Comando-Geral do Pessoal/Diretoria de Administração do Pessoal" artSize="8" artNotes="" numberPage="8" pdfPage="http://pesquisa.in.gov.br/imprensa/jsp/visualiza/index.jsp?data=13/03/2018&amp;jornal=529&amp;pagina=8" editionNumber="49" highlight="" idMateria="10594567">
  <body>
    <Identifica><![CDATA[ PORTARIA DIRAP Nº 1.501/1PC, DE 12 DE MARÇO DE 2018]]></Identifica>
    <Data><![CDATA[]]></Data>
    <Ementa />
    <Titulo />
    <SubTitulo />
    <Texto><![CDATA[<p class="identifica">PORTARIA DIRAP Nº 1.501/1PC, DE 12 DE MARÇO DE 2018</p><p>O DIRETOR DE ADMINISTRAÇÃO DO PESSOAL, no uso da competência que lhe foi subdelegada pelo art. 1º, inciso III, da Portaria nº 377/GC3, de 7 de julho de 2011, publicada no DOU nº 130, de 8 de julho de 2011, considerando os Decretos nº 4.790, de 21 de julho de 2003 e nº 5.990, de 19 de dezembro de 2006, e o que consta no Processo nº 67288.009204/2018-45, resolve:</p><p>Dispensar MARIA SELMA DE SOUZA (Nr Ord 4556216), SIAPE Nº 0198011, CPF nº 290.760.641-72, Agente Administrativo, classe S, padrão III, NI, da Função Comissionada Técnica, FCT- 13, do Grupamento de Apoio de Anápolis, por motivo de aposentadoria publicada no DOU nº 37, de 23 de fevereiro de 2018.</p><p>Designar RENATA RODRIGUES SANTOS GONÇALVES (Nr Ord 4556348), SIAPE nº 1206544, CPF nº 602.218.361-87, Técnico de Contabilidade, classe S, padrão III, NI, para exercer a Função Comissionada Técnica, FCT- 13, do Grupamento de Apoio de Anápolis.</p><p class="assina">Maj Brig Ar MAURO MARTINS MACHADO</p>]]></Texto>
  </body>
</article></xml>