﻿<xml><article id="2017779" name="2 GABMI PORTARIA 1353" idOficio="4707220" pubName="DO2" artType="Portaria" pubDate="13/03/2018" artClass="00008:00001:00000:00000:00000:00000:00000:00000:00000:00000:00019:00001" artCategory="Ministério da Ciência, Tecnologia, Inovações e Comunicações/Gabinete do Ministro" artSize="8" artNotes="" numberPage="6" pdfPage="http://pesquisa.in.gov.br/imprensa/jsp/visualiza/index.jsp?data=13/03/2018&amp;jornal=529&amp;pagina=6" editionNumber="49" highlight="" idMateria="10594071">
  <body>
    <Identifica><![CDATA[ PORTARIA Nº 1.353, DE 9 DE MARÇO DE 2018]]></Identifica>
    <Data><![CDATA[]]></Data>
    <Ementa />
    <Titulo />
    <SubTitulo />
    <Texto><![CDATA[<p class="identifica">PORTARIA Nº 1.353, DE 9 DE MARÇO DE 2018</p><p>O MINISTRO DE ESTADO DA CIÊNCIA, TECNOLOGIA, INOVAÇÕES E COMUNICAÇÕES, no uso da competência que lhe foi delegada pelo artigo 3º do Decreto nº 8.821, de 26 de julho de 2016, publicado no DOU de 26 de julho de 2016, e tendo em vista o disposto no Decreto nº 8.877, de 18 de outubro de 2016, publicado no DOU de 19 de outubro de 2016, e alterações posteriores, resolve:</p><p>Dispensar, a partir de 21 de fevereiro de 2018, o servidor ALVARO AUGUSTO DE SOUZA NETO, CPF 121.154.101/06, da função comissionada de Chefe de Serviço de Modernização de Televisão Digital, código FCPE 101.1, da Divisão de Estudos e Modernização de Televisão Digital, da Coordenação de Implantação da Televisão Digital, da Coordenação-Geral de Televisão Digital, do Departamento de Radiodifusão Comercial, da Secretaria de Radiodifusão - SERAD, deste Ministério (Processo SEI nº01250.000956/2018-60).</p><p class="assina">GILBERTO KASSAB</p>]]></Texto>
  </body>
</article></xml>