﻿<xml><article id="2015976" name="LETÍCIA DALVA MENDES ARAÚJO Nº 7" idOficio="4706996" pubName="DO2" artType="Portaria" pubDate="13/03/2018" artClass="00032:00003:00015:00000:00000:00000:00000:00000:00000:00000:00025:00016" artCategory="Departamento de Polícia Federal/Diretoria de Gestão de Pessoal/Coordenação de Recursos Humanos/Divisão de Administração de Recursos Humanos/Serviço de Aposentadorias e Pensões/Ministério da Justiça" artSize="8" artNotes="" numberPage="59" pdfPage="http://pesquisa.in.gov.br/imprensa/jsp/visualiza/index.jsp?data=13/03/2018&amp;jornal=529&amp;pagina=59" editionNumber="49" highlight="" idMateria="10593824">
  <body>
    <Identifica><![CDATA[ PORTARIA Nº 7.850, DE 9 DE MARÇO DE 2018]]></Identifica>
    <Data><![CDATA[]]></Data>
    <Ementa />
    <Titulo />
    <SubTitulo />
    <Texto><![CDATA[<p class="identifica">PORTARIA Nº 7.850, DE 9 DE MARÇO DE 2018</p><p>O DIRETOR DE GESTÃO DE PESSOAL DA POLÍCIA FEDERAL, no uso das atribuições que lhe são conferidas pelos incisos XIV e XIX do art. 42 do Regimento Interno da Polícia Federal, aprovado pela Portaria MJ nº 1.252, de 29/12/2017, publicada no Diário Oficial da União nº 1, de 2/1/2018, Seção I, pp. 65/70, e tendo em vista o que consta do Processo nº 08200.003217/2018-64, resolve:</p><p>Conceder pensão por morte, até o implemento da idade de 21 (vinte e um) anos, a LETÍCIA DALVA MENDES ARAÚJO, filha menor do ex-servidor ANTÔNIO DA SILVA ARAÚJO, Agente de Vigilância, classe S, padrão III, matrícula SIAPE nº 174250, falecido na atividade em 24/10/2017, nos termos dos artigos 217, IV, "a", e 222, IV, 218, 219, parágrafo único, todos da Lei nº 8.112/1990, combinados com o art. 40, § 7º, II, da CF/88, com a redação dada pela EC nº 41/2003, e art. 2º, II, da Lei nº 10.887/2004. A pensão deverá ser implantada a partir da publicação da portaria.</p><p class="assina">DELANO CERQUEIRA BUNN</p>]]></Texto>
  </body>
</article></xml>