﻿<xml><article id="2016054" name="Of. 083 - PORTARIA N 179 - DISPE" idOficio="4707009" pubName="DO2" artType="Portaria" pubDate="13/03/2018" artClass="00011:00038:00000:00000:00000:00000:00000:00000:00000:00000:00025:00001" artCategory="Ministério da Educação/Fundação Universidade Federal de Rondônia" artSize="8" artNotes="" numberPage="23" pdfPage="http://pesquisa.in.gov.br/imprensa/jsp/visualiza/index.jsp?data=13/03/2018&amp;jornal=529&amp;pagina=23" editionNumber="49" highlight="" idMateria="10593841">
  <body>
    <Identifica><![CDATA[ PORTARIA Nº 179, DE 12 DE MARÇO DE 2018]]></Identifica>
    <Data><![CDATA[]]></Data>
    <Ementa />
    <Titulo />
    <SubTitulo />
    <Texto><![CDATA[<p class="identifica">PORTARIA Nº 179, DE 12 DE MARÇO DE 2018</p><p>O REITOR DA FUNDAÇÃO UNIVERSIDADE FEDERAL DE RONDÔNIA (UNIR), no uso das atribuições que lhe são conferidas mediante o artigo 7º da Lei n° 7.011, de 08 de julho de 1982; o artigo 11 do Estatuto da UNIR; o Decreto Presidencial publicado no DOU nº 222, de 21 de novembro de 2016, seção 2, p.1; e considerando o que consta no Processo nº 23118.0001653/2017-41 e Memorando nº 152/2018/DRH/UNIR de 09.03.2018, resolve:</p><p>Dispensar o servidor docente JONAS CARDOSO, SIAPE nº 1523634, da função de Secretário da Comissão Permanente de Pessoal Docente (CPPD), Função Gratificada (FG-5), a contar de 09.03.2018.</p><p class="assina">Ari Miguel Teixeira Ott</p>]]></Texto>
  </body>
</article></xml>