﻿<xml><article id="2021041" name="Portarias 742 e 743" idOficio="4707710" pubName="DO2" artType="Portaria" pubDate="13/03/2018" artClass="00031:00002:00000:00000:00000:00000:00000:00000:00000:00000:00025:00002" artCategory="Ministério dos Transportes, Portos e Aviação Civil/Secretaria Executiva" artSize="8" artNotes="" numberPage="56" pdfPage="http://pesquisa.in.gov.br/imprensa/jsp/visualiza/index.jsp?data=13/03/2018&amp;jornal=529&amp;pagina=56" editionNumber="49" highlight="" idMateria="10594983">
  <body>
    <Identifica><![CDATA[ PORTARIAs DE 12 DE MARÇO DE 2018]]></Identifica>
    <Data><![CDATA[]]></Data>
    <Ementa />
    <Titulo />
    <SubTitulo />
    <Texto><![CDATA[<p class="identifica">PORTARIAs DE 12 DE MARÇO DE 2018</p><p>O SECRETÁRIO-EXECUTIVO DO MINISTÉRIO DOS TRANSPORTES, PORTOS E AVIAÇÃO CIVIL, no uso das atribuições que lhe foram subdelegadas pelo art. 1º, inciso III, da Portaria nº 498, de 12 de junho de 2017, publicada no Diário Oficial da União de 13 de junho de 2017, resolve:</p><p>Nº 742 Dispensar a servidora IEDA MARIA BENAC, matrícula SIAPE nº 1090473, CPF nº 552.619.651-87, da Função Gratificada, código FG-01, da Coordenação-Geral de Gestão de Pessoas, da Subsecretaria de Assuntos Administrativos, da Secretaria Executiva deste Ministério, para a qual foi designada pela Portaria nº 130, de 22/05/2014, publicada no DOU de 26/05/2014.</p><p>Nº 743 Designar a servidora MARIA REGINA PEREIRA FRAZÃO, matrícula SIAPE nº 0808411, CPF nº 179.704.581-49, para exercer a Função Gratificada, código FG-01, da Coordenação-Geral de Gestão de Pessoas, da Subsecretaria de Assuntos Administrativos, da Secretaria Executiva deste Ministério.</p><p class="assina">FERNANDO FORTES MELRO FILHO</p>]]></Texto>
  </body>
</article></xml>