﻿<xml><article id="2018962" name="Portaria Nº 713" idOficio="4707377" pubName="DO2" artType="Portaria" pubDate="13/03/2018" artClass="00031:00002:00658:04233:00000:00000:00000:00000:00000:00000:00025:00001" artCategory="Ministério dos Transportes, Portos e Aviação Civil/Secretaria Executiva/Subsecretaria de Assuntos Administrativos/Coordenação-Geral de Gestão de Pessoas" artSize="8" artNotes="" numberPage="57" pdfPage="http://pesquisa.in.gov.br/imprensa/jsp/visualiza/index.jsp?data=13/03/2018&amp;jornal=529&amp;pagina=57" editionNumber="49" highlight="" idMateria="10594516">
  <body>
    <Identifica><![CDATA[ Portaria Nº 713, DE 7 DE março DE 2018]]></Identifica>
    <Data><![CDATA[]]></Data>
    <Ementa />
    <Titulo />
    <SubTitulo />
    <Texto><![CDATA[<p class="identifica">Portaria Nº 713, DE 7 DE março DE 2018</p><p>O COORDENADOR-GERAL DE GESTÃO DE PESSOAS DO MINISTÉRIO DOS TRANSPORTES, PORTOS E AVIAÇÃO CIVIL, no uso das atribuições que lhe foram subdelegadas pela Portaria/SAAD nº. 202, art. 1°, inciso VII, de 08 de outubro de 2010, publicada no Diário Oficial da União, de 11 de outubro de 2010, resolve:</p><p>Retificar a Portaria COGEP-MT nº 333, de 02 de fevereiro de 2018, publicada no Diário Oficial da União, Seção 2, página 52, de 16 de fevereiro de 2018, referente à JANIA DA SILVA DE OLIVEIRA. Onde se lê, "50000.001505/2015-25", leia-se, "50607.001505/2015-25".(Processo SEI N° 50607.001505/2015-25) RJ.</p><p class="assina">ROBSON DE SOUZA ANDRADE</p>]]></Texto>
  </body>
</article></xml>