﻿<xml><article id="2017422" name="PORT DGP-DCIPAS - 2018 - Nº 70 -" idOficio="4707201" pubName="DO2" artType="Portaria" pubDate="13/03/2018" artClass="00010:00008:00024:00000:00000:00000:00000:00000:00000:00000:00025:00005" artCategory="Ministério da Defesa/Comando do Exército/Departamento-Geral do Pessoal" artSize="8" artNotes="" numberPage="15" pdfPage="http://pesquisa.in.gov.br/imprensa/jsp/visualiza/index.jsp?data=13/03/2018&amp;jornal=529&amp;pagina=15" editionNumber="49" highlight="" idMateria="10594198">
  <body>
    <Identifica><![CDATA[ PORTARIA Nº 70-DGP/DCIPAS, DE 7 DE MARÇO DE 2018]]></Identifica>
    <Data><![CDATA[]]></Data>
    <Ementa />
    <Titulo />
    <SubTitulo />
    <Texto><![CDATA[<p class="identifica">PORTARIA Nº 70-DGP/DCIPAS, DE 7 DE MARÇO DE 2018</p><p>O CHEFE DO DEPARTAMENTO-GERAL DO PESSOAL, no uso da competência que lhe foi conferida pela Portaria nº 218-Comandante Exército, de 20 de março de 2017, resolve</p><p>NOMEAR,</p><p>por proposta do Comandante da 12ª Brigada de Infantaria Leve (Aeromóvel), o Capitão da Reserva Remunerada (Idt 023016443-6) SAMUEL DE ASSIS, Prec-CP: 96 1665538, no Comando da 12ª Brigada de Infantaria Leve (Aeromóvel) (CAÇAPAVA-SP), para Prestador de Tarefa por Tempo Certo, para exercer a tarefa de Analista de Processos do Serviço de Fiscalização de Produtos Controlados/12ª Bda Inf L (Amv), pelo prazo de 24 (vinte e quatro) meses, a partir de 1º de abril de 2018.</p><p class="assina">Gen Ex MANOEL LUIZ NARVAZ PAFIADACHE</p>]]></Texto>
  </body>
</article></xml>