﻿<xml><article id="2019790" name="PORT168-2018" idOficio="4707487" pubName="DO2" artType="Portaria" pubDate="13/03/2018" artClass="00011:00060:00001:00000:00000:00000:00000:00000:00000:00000:00019:00001" artCategory="Ministério da Educação/Instituto Federal de Educação, Ciência e Tecnologia do Ceará/Reitoria" artSize="8" artNotes="" numberPage="27" pdfPage="http://pesquisa.in.gov.br/imprensa/jsp/visualiza/index.jsp?data=13/03/2018&amp;jornal=529&amp;pagina=27" editionNumber="49" highlight="" idMateria="10594671">
  <body>
    <Identifica><![CDATA[ PORTARIA Nº 168, DE 9 DE MARÇO DE 2018]]></Identifica>
    <Data><![CDATA[]]></Data>
    <Ementa />
    <Titulo />
    <SubTitulo />
    <Texto><![CDATA[<p class="identifica">PORTARIA Nº 168, DE 9 DE MARÇO DE 2018</p><p>O REITOR DO INSTITUTO FEDERAL DE EDUCAÇÃO, CIÊNCIA E TECNOLOGIA DO CEARÁ, no uso de suas atribuições legais e estatutárias, CONSIDERANDO o constante dos autos do Processo nº 23256.003613/2018-30, resolve:</p><p>Art. 1º - Conceder aposentadoria voluntária integral, nos termos do art. 6º, da EC Nº 41/03, de 19/12/2003 (DOU de 31/12/2003), combinado com o parágrafo 5º do art. 40 da Constituição Federal, com redação dada pela EC nº 41/2003, a MARIA DAYSE SAMPAIO DE ALMEIDA, no cargo de Professor de Ensino Básico, Técnico e Tecnológico, Classe "DIV", Nível 04, matrícula nº 0994353, código da vaga nº 207985, jornada de trabalho de Dedicação Exclusiva, título de mestre, do Quadro Permanente do Instituto Federal de Educação, Ciência e Tecnologia do Ceará - campus Fortaleza, com:</p><p>Proventos correspondentes à mesma Classe e Nível;</p><p>- 05 (cinco) anuênios (Art. 244 da Lei nº 8.112/90);</p><p>- RT- Retribuição por Titulação (RSC III) Art. 18 da Lei nº 12.772/12.</p><p>Art. 2º - Declarar vago, em decorrência, o cargo acima mencionado.</p><p class="assina">Virgílio Augusto Sales Araripe</p>]]></Texto>
  </body>
</article></xml>