﻿<xml><article id="2025316" name="Port 281, 06 MAR 18" idOficio="4707865" pubName="DO2" artType="Portaria" pubDate="13/03/2018" artClass="00010:00008:00001:00000:00000:00000:00000:00000:00000:00000:00025:00014" artCategory="Ministério da Defesa/Comando do Exército/Gabinete do Comandante" artSize="8" artNotes="" numberPage="13" pdfPage="http://pesquisa.in.gov.br/imprensa/jsp/visualiza/index.jsp?data=13/03/2018&amp;jornal=529&amp;pagina=13" editionNumber="49" highlight="" idMateria="10595878">
  <body>
    <Identifica><![CDATA[ PORTARIA Nº 281, DE 6 DE MARÇO DE 2018]]></Identifica>
    <Data><![CDATA[]]></Data>
    <Ementa />
    <Titulo />
    <SubTitulo />
    <Texto><![CDATA[<p class="identifica">PORTARIA Nº 281, DE 6 DE MARÇO DE 2018</p><p>O COMANDANTE DO EXÉRCITO, no uso das atribuições que lhe conferem o art. 20, inciso VI, alínea g, da Estrutura Regimental do Comando do Exército, aprovada pelo Decreto nº 5.751, de 12 de abril de 2006, e o art. 9º, inciso II, alínea b, do Regulamento de Movimentação de Oficiais e Praças do Exército, aprovado pelo Decreto nº 2.040, de 21 de outubro de 1996, e considerando o disposto nos art. 4º e 19 da Lei Complementar nº 97, de 9 de junho de 1999, resolve</p><p>TORNAR SEM EFEITO</p><p>passagem à disposição do Maj QEM Mec Auto (0419567748) THIAGO LARA MILANEZI, da Indústria de Material Bélico do Brasil, a fim de prestar serviço na Fábrica de Juiz de Fora (Juiz de Fora-MG), constante da Portaria nº 767, de 5 de julho de 2017, publicada no Diário Oficial da União nº 128, seção 2, de 6 de julho de 2017.</p><p class="assina">Gen Ex EDUARDO DIAS DA COSTA VILLAS BÔAS</p>]]></Texto>
  </body>
</article></xml>