﻿<xml><article id="2020635" name="33 - Portaria - Designar ANDRE R" idOficio="4707625" pubName="DO2" artType="Portaria" pubDate="13/03/2018" artClass="00028:00002:00000:00000:00000:00000:00000:00000:00000:00000:00025:00001" artCategory="Ministério do Turismo/Secretaria Executiva" artSize="8" artNotes="" numberPage="55" pdfPage="http://pesquisa.in.gov.br/imprensa/jsp/visualiza/index.jsp?data=13/03/2018&amp;jornal=529&amp;pagina=55" editionNumber="49" highlight="" idMateria="10594907">
  <body>
    <Identifica><![CDATA[ PORTARIA Nº 33, DE 12 DE MARÇO DE 2018]]></Identifica>
    <Data><![CDATA[]]></Data>
    <Ementa />
    <Titulo />
    <SubTitulo />
    <Texto><![CDATA[<p class="identifica">PORTARIA Nº 33, DE 12 DE MARÇO DE 2018</p><p>O SECRETÁRIO-EXECUTIVO DO MINISTÉRIO DO TURISMO, no uso de suas atribuições e tendo em vista o disposto no art. 1º da Portaria GM/MTur nº 105, de 11 de março de 2016, publicada no DOU de 14 de março de 2016, e no art. 38 da Lei nº 8.112, de 11 de dezembro de 1990, resolve:</p><p>Art. 1º Designar ANDRE RICARDO SANTANA DA COSTA, matrícula SIAPE nº 2175271, para exercer o encargo de substituto eventual da Coordenadora-Geral de Estudos e Pesquisas, da Diretoria de Estudos Econômicos e Pesquisas, da Secretaria-Executiva deste Ministério, código DAS 101.4, em seus afastamentos e impedimentos legais ou regulamentares.</p><p>Art. 2º Esta Portaria entra em vigor na data de sua publicação.</p><p class="assina">ALBERTO ALVES</p>]]></Texto>
  </body>
</article></xml>