﻿<xml><article id="2016402" name="PT 286 - 09.03.2018 - SEI Nº DIG" idOficio="4707049" pubName="DO2" artType="Portaria" pubDate="13/03/2018" artClass="00017:00002:00029:00108:00005:00000:00000:00000:00000:00000:00025:00006" artCategory="Ministério da Saúde/Secretaria Executiva/Núcleo Estadual no Rio de Janeiro/Divisão de Gestão Administrativa/Serviço de Pessoal Inativo" artSize="8" artNotes="" numberPage="47" pdfPage="http://pesquisa.in.gov.br/imprensa/jsp/visualiza/index.jsp?data=13/03/2018&amp;jornal=529&amp;pagina=47" editionNumber="49" highlight="" idMateria="10593912">
  <body>
    <Identifica><![CDATA[ PORTARIA Nº 286, DE 9 DE MARÇO DE 2018]]></Identifica>
    <Data><![CDATA[]]></Data>
    <Ementa />
    <Titulo />
    <SubTitulo />
    <Texto><![CDATA[<p class="identifica">PORTARIA Nº 286, DE 9 DE MARÇO DE 2018</p><p>A CHEFE SUBSTITUTA DA DIVISÃO DE GESTÃO ADMINISTRATIVA DA COORDENAÇÃO DE GESTÃO DO NÚCLEO ESTADUAL DO MINISTÉRIO DA SAÚDE NO ESTADO DO RIO DE JANEIRO, no uso das atribuições conferidas pela PT/CGRH/SAA/MS nº 1804, de 01/10/2013, publicada no DOU nº 192, de 03/10/2013 e à vista das informações constantes no Processo nº 25018.401224/2017-23, resolve:</p><p>Conceder Pensão à viúva TERESA HELENA HOLMES SARMENTO , com fundamento nos artigos 217, inciso I e 222, inciso VII, alínea b, item 6, da Lei nº 8.112/90, na redação dada pela Lei n° 13.135 de 17.06.2015, combinado com o parágrafo único,artigo 3º, da Constituição nº 47/2005, e com artigo 2º, inciso I, da Lei nº 10.887/2004, em face do falecimento ocorrido em 10.09.2017, do ex-servidor ANTONIO TARCISIO MENDES SARMENTO, Matrícula SIAPE nº 0.647.314 (Identificação Única nº 0.647.314-8), Médico, Nível Superior, Classe "S", Padrão III, Aposentado do Quadro de Pessoal deste Ministério, correspondendo a 100% (cem por cento) do benefício destinado a Pensão, a partir da data do óbito.</p><p class="assina">KARINA ORNELAS DOS SANTOS LATORRACA</p>]]></Texto>
  </body>
</article></xml>