﻿<xml><article id="2016192" name="PORTARIA Nº 7832 - JUAREZ DOS SA" idOficio="4707029" pubName="DO2" artType="Portaria" pubDate="13/03/2018" artClass="00032:00003:00015:00000:00000:00000:00000:00000:00000:00000:00025:00008" artCategory="Departamento de Polícia Federal/Diretoria de Gestão de Pessoal/Coordenação de Recursos Humanos/Divisão de Administração de Recursos Humanos/Serviço de Cadastro/Ministério da Justiça" artSize="8" artNotes="" numberPage="58" pdfPage="http://pesquisa.in.gov.br/imprensa/jsp/visualiza/index.jsp?data=13/03/2018&amp;jornal=529&amp;pagina=58" editionNumber="49" highlight="" idMateria="10593873">
  <body>
    <Identifica><![CDATA[ PORTARIA Nº 7.832, DE 8 DE MARÇO DE 2018]]></Identifica>
    <Data><![CDATA[]]></Data>
    <Ementa />
    <Titulo />
    <SubTitulo />
    <Texto><![CDATA[<p class="identifica">PORTARIA Nº 7.832, DE 8 DE MARÇO DE 2018</p><p>DIRETOR DE GESTÃO DE PESSOAL DA POLÍCIA FEDERAL, no uso das atribuições que lhe são conferidas pelos incisos XIV e XIX, do Artigo 42, do Regimento Interno da Polícia Federal, aprovado pela Portaria MJ nº 1.252, de 29/12/2017, publicada no Diário Oficial da União nº 1, de 2/1/2018, Seção I, pp. 65/70, e, tendo em vista o que consta do Processo nº 08460.000007/2018-53, resolve:</p><p>Conceder aposentadoria especial voluntária a JUAREZ DOS SANTOS VASCONCELOS, matrícula SIAPE nº 177290, ocupante do cargo de Escrivão de Polícia Federal, Classe Especial, do Quadro de Pessoal da Polícia Federal, com fundamento no artigo no artigo 1º, inciso II, alínea "a", da Lei Complementar nº 51, de 20 de dezembro de 1985, com proventos integrais e paridade correspondentes ao subsídio do cargo efetivo, de acordo com o artigo 38, alínea "a", da Lei nº 4.878, de 3 de dezembro de 1965 c/c o artigo 11, da Lei nº 11.358, de 19 de outubro de 2006, declarando, em decorrência, a vacância do cargo.</p><p class="assina">DELANO CERQUEIRA BUNN</p>]]></Texto>
  </body>
</article></xml>