﻿<xml><article id="2018662" name="DOU - VACÂNCIA ROSANA ROCHA SIQU" idOficio="4707349" pubName="DO2" artType="Portaria" pubDate="13/03/2018" artClass="00011:00083:00000:00000:00000:00000:00000:00000:00000:00000:00025:00001" artCategory="Ministério da Educação/Instituto Federal de Educação, Ciência e Tecnologia de Sergipe" artSize="8" artNotes="" numberPage="33" pdfPage="http://pesquisa.in.gov.br/imprensa/jsp/visualiza/index.jsp?data=13/03/2018&amp;jornal=529&amp;pagina=33" editionNumber="49" highlight="" idMateria="10594459">
  <body>
    <Identifica><![CDATA[  PORTARIA Nº 726, DE 9 DE MARÇO DE 2018]]></Identifica>
    <Data><![CDATA[]]></Data>
    <Ementa />
    <Titulo />
    <SubTitulo />
    <Texto><![CDATA[<p class="identifica">PORTARIA Nº 726, DE 9 DE MARÇO DE 2018</p><p>O REITOR DO INSTITUTO FEDERAL DE EDUCAÇÃO, CIÊNCIA E TECNOLOGIA DE SERGIPE, no uso das atribuições que lhe confere a Lei nº 11.892, de 29 de dezembro de 2008, em conformidade com o Decreto Ministerial de 09 de julho de 2014, publicado no DOU de 10 de julho de 2014 e Resolução nº 32/2014/CS/IFS, e considerando o Processo IFS nº 23060.000737/2018-51, resolve:</p><p>1. Declarar vago, a partir de 08/03/2018, o cargo efetivo de Tecnólogo em Cooperativismo, código de vaga 347666, até então ocupado pela servidora Rosana Rocha Siqueira, Classe E, Nível/Padrão 303, matrícula SIAPE 2683551, em decorrência de posse em outro cargo inacumulável.</p><p>2. Esta Portaria entra em vigor nesta data.</p><p class="assina">Ailton Ribeiro de Oliveira</p>]]></Texto>
  </body>
</article></xml>