﻿<xml><article id="2016558" name="Ct089" idOficio="4707096" pubName="DO2" artType="Despacho" pubDate="13/03/2018" artClass="00026:00005:00000:00000:00000:00000:00000:00000:00000:00000:00019:00004" artCategory="Ministério do Planejamento, Desenvolvimento e Gestão/Banco Nacional de Desenvolvimento Econômico e Social" artSize="8" artNotes="" numberPage="54" pdfPage="http://pesquisa.in.gov.br/imprensa/jsp/visualiza/index.jsp?data=13/03/2018&amp;jornal=529&amp;pagina=54" editionNumber="49" highlight="" idMateria="10593946">
  <body>
    <Identifica><![CDATA[ DESPACHO de 8 de março de 2018]]></Identifica>
    <Data><![CDATA[]]></Data>
    <Ementa />
    <Titulo />
    <SubTitulo />
    <Texto><![CDATA[<p class="identifica">DESPACHO de 8 de março de 2018</p><p>Afastamento do País autorizado pelo Diretor Carlos Thadeu de Freitas Gomes em 08/03/2018, de acordo com a subdelegação de competência prevista na Portaria PRESI nº 110/2017-BNDES, de 04/04/2017, do Presidente do BNDES:</p><p>DANIEL BREGMAN, gerente, para participar da reunião anual do BID, em Mendoza/Argentina no período de 22/03/2018 a 25/03/2018, inclusive trânsito, com ônus (Processo de Viagem ao Exterior nº 42090).</p><p class="assina">CARLOS THADEU DE FREITAS GOMES</p><p class="identifica">DESPACHO DE 6 DE MARÇO DE 2018</p><p>Afastamento do País autorizado pelo Diretor Carlos Thadeu de Freitas Gomes em 06/03/2018, de acordo com a subdelegação de competência prevista na Portaria PRESI nº 110/2017-BNDES, de 04/04/2017, do Presidente do BNDES:</p><p>VIVIAN MACHADO DOS SANTOS CORREA PEREIRA, gerente, para participar da reunião anual do "The Montreal Group" e eventos relacionados, em Montreal/Canadá no período de 05/05/2018 a 12/05/2018, inclusive trânsito, com ônus (Processo de Viagem ao Exterior nº 41656).</p><p class="assina">CARLOS THADEU DE FREITAS GOMES</p>]]></Texto>
  </body>
</article></xml>