﻿<xml><article id="2018905" name="PORTARIA GPR 438" idOficio="4707356" pubName="DO2" artType="Portaria" pubDate="13/03/2018" artClass="00038:00039:00002:00000:00000:00000:00000:00000:00000:00000:00025:00004" artCategory="Poder Judiciário/Tribunal de Justiça do Distrito Federal e dos Territórios/Presidência" artSize="8" artNotes="" numberPage="88" pdfPage="http://pesquisa.in.gov.br/imprensa/jsp/visualiza/index.jsp?data=13/03/2018&amp;jornal=529&amp;pagina=88" editionNumber="49" highlight="" idMateria="10594471">
  <body>
    <Identifica><![CDATA[ PORTARIA nº 438, DE 8 DE MARÇO DE 2018]]></Identifica>
    <Data><![CDATA[]]></Data>
    <Ementa />
    <Titulo />
    <SubTitulo />
    <Texto><![CDATA[<p class="identifica">PORTARIA nº 438, DE 8 DE MARÇO DE 2018</p><p>O PRESIDENTE DO TRIBUNAL DE JUSTIÇA DO DISTRITO FEDERAL E DOS TERRITÓRIOS, no uso de sua competência legal, com fundamento no artigo 93, Inciso I, § 1º, da Lei 8.112/1990, no Decreto nº 9.144/2017, bem como no artigo 1º da Portaria GPR 78/2018, e tendo em vista o contido no PA 1000201/2018, resolve:</p><p>Ceder a servidora MARILIA LIRA MILER FONSECA, matrícula 319496, Analista Judiciário, Área Judiciária, Sem Especialidade, Nível Superior, Classe "A", Padrão 3, do Quadro de Pessoal deste Tribunal, para a Câmara dos Deputados, com a finalidade de exercer o cargo em comissão de Secretário Parlamentar, código CD-CC-SP-24, no Gabinete do Deputado Capitão Augusto (PR/SP), com ônus do cargo efetivo para o cedente e do cargo em comissão para o cessionário, pelo prazo de 1 (um) ano, admitida a prorrogação, diante da manifestação de interesse dos órgãos ou das entidades envolvidas.</p><p class="assina">Des. MARIO MACHADO</p>]]></Texto>
  </body>
</article></xml>