﻿<xml><article id="2020900" name="GIANNE DE FREITAS ANDRADE - atua" idOficio="4707696" pubName="DO2" artType="Ato" pubDate="13/03/2018" artClass="00038:00007:00001:00000:00000:00000:00000:00000:00000:00000:00001:00001" artCategory="Poder Judiciário/Tribunal Regional Federal da 1ª Região/Presidência" artSize="8" artNotes="" numberPage="86" pdfPage="http://pesquisa.in.gov.br/imprensa/jsp/visualiza/index.jsp?data=13/03/2018&amp;jornal=529&amp;pagina=86" editionNumber="49" highlight="" idMateria="10594965">
  <body>
    <Identifica><![CDATA[ ATO Nº 5.707.198, DE 8 DE MARÇO DE 2018]]></Identifica>
    <Data><![CDATA[]]></Data>
    <Ementa />
    <Titulo />
    <SubTitulo />
    <Texto><![CDATA[<p class="identifica">ATO Nº 5.707.198, DE 8 DE MARÇO DE 2018</p><p>O PRESIDENTE DO TRIBUNAL REGIONAL FEDERAL DA PRIMEIRA REGIÃO, no uso de suas atribuições legais e considerando o decidido no PAe 0008120-12.2017.4.01.8006, resolve:</p><p>DESIGNAR, a partir de 17/03/2018, a Juíza Federal Substituta GIANNE DE FREITAS ANDRADE para, com prejuízo na 3ª Vara Federal da Seção Judiciária de Goiás e sem prejuízo de sua designação de que trata o Ato Presi 227, de 20/03/2017, atuar em função de auxílio junto à Coordenação das Turmas Recursais daquela Seccional, especificamente para exercer as funções previstas no art. 7º, parágrafo único, do RITR/TRF1, em conjunto com o juiz coordenador, até ulterior deliberação.</p><p class="assina">Des. HILTON QUEIROZ</p>]]></Texto>
  </body>
</article></xml>