﻿<xml><article id="2018155" name="PORTARIA 1.502 - DISP E DESIG FC" idOficio="4707300" pubName="DO2" artType="Portaria" pubDate="13/03/2018" artClass="00010:00006:00005:00046:00000:00000:00000:00000:00000:00000:00025:00009" artCategory="Ministério da Defesa/Comando da Aeronáutica/Comando-Geral do Pessoal/Diretoria de Administração do Pessoal" artSize="8" artNotes="" numberPage="8" pdfPage="http://pesquisa.in.gov.br/imprensa/jsp/visualiza/index.jsp?data=13/03/2018&amp;jornal=529&amp;pagina=8" editionNumber="49" highlight="" idMateria="10594318">
  <body>
    <Identifica><![CDATA[ PORTARIA DIRAP Nº 1.502  /1PC , DE 12  DE MARÇO  DE 2018]]></Identifica>
    <Data><![CDATA[]]></Data>
    <Ementa />
    <Titulo />
    <SubTitulo />
    <Texto><![CDATA[<p class="identifica">PORTARIA DIRAP Nº 1.502 /1PC , DE 12 DE MARÇO DE 2018</p><p>O DIRETOR DE ADMINISTRAÇÃO DO PESSOAL, no uso da competência que lhe foi subdelegada pelo art. 1º, inciso III, da Portaria nº 377/GC3, de 7 de julho de 2011, publicada no DOU nº 130, de 8 de julho de 2011, considerando os Decretos nº 4.790, de 21 de julho de 2003, nº 5.990, de 19 de dezembro de 2006, e o que consta no Processo nº 67246.002399/2018-99, resolve:</p><p>Dispensar IVANA SANTANA DE MELLO (Nr Ord 4500849), SIAPE nº 1054741, CPF nº 000.788.577-67, Agente Administrativo, classe S, padrão III, NI, da Função Comissionada Técnica, FCT- 3, do Grupamento de Apoio do Rio de Janeiro.</p><p>Dispensar HELOÍSA MEDEIROS DE OLIVEIRA (Nr Ord 4530233), SIAPE nº 0193724, CPF nº 785.979.277-04, Agente Administrativo, classe S, padrão III, NI, da Função Comissionada Técnica, FCT-7, do Grupamento de Apoio do Rio de Janeiro.</p><p>Designar HELOÍSA MEDEIROS DE OLIVEIRA (Nr Ord 4530233), SIAPE nº 0193724, CPF nº 785.979.277-04, Agente Administrativo, classe S, padrão III, NI, para exercer a Função Comissionada Técnica, FCT-3, do Grupamento de Apoio do Rio de Janeiro.</p><p>Designar IVANA SANTANA DE MELLO (Nr Ord 4500849), SIAPE nº 1054741, CPF nº 000.788.577-67, Agente Administrativo, classe S, padrão III, NI, para exercer a Função Comissionada Técnica, FCT- 7, do Grupamento de Apoio do Rio de Janeiro.</p><p class="assina">Maj Brig Ar MAURO MARTINS MACHADO</p>]]></Texto>
  </body>
</article></xml>