﻿<xml><article id="2021474" name="Portaria 083" idOficio="4707753" pubName="DO2" artType="Portaria" pubDate="13/03/2018" artClass="00031:00005:00001:00000:00000:00000:00000:00000:00000:00000:00025:00001" artCategory="Ministério dos Transportes, Portos e Aviação Civil/Agência Nacional de Transportes Terrestres/Gabinete do Diretor-Geral" artSize="8" artNotes="" numberPage="57" pdfPage="http://pesquisa.in.gov.br/imprensa/jsp/visualiza/index.jsp?data=13/03/2018&amp;jornal=529&amp;pagina=57" editionNumber="49" highlight="" idMateria="10595049">
  <body>
    <Identifica><![CDATA[ PORTARIA Nº 83, DE 12 DE MARÇO DE 2018]]></Identifica>
    <Data><![CDATA[]]></Data>
    <Ementa />
    <Titulo />
    <SubTitulo />
    <Texto><![CDATA[<p class="identifica">PORTARIA Nº 83, DE 12 DE MARÇO DE 2018</p><p>O DIRETOR-GERAL DA AGÊNCIA NACIONAL DE TRANSPORTES TERRESTRES - ANTT, no uso das atribuições que lhe confere no art. 26 do Regimento Interno aprovado pela Resolução nº 3.000, publicada no DOU de 18 de fevereiro de 2009, e alterações posteriores, e tendo em vista o disposto do inciso II, do art. 9º, da Lei nº 8.112, de 11 de dezembro de 1990, resolve:</p><p>Art. 1º Nomear THAIS NOBRE SUNDFELD LIMA MARTINS, matrícula SIAPE nº 1490134, para exercer o Cargo Comissionado Técnico, Código CCT IV, desta Agência, ficando exonerada do cargo que atualmente ocupa.</p><p>Art. 2º Esta Portaria entra em vigor na data de sua publicação.</p><p class="assina">MARIO RODRIGUES JUNIOR</p>]]></Texto>
  </body>
</article></xml>