﻿<xml><article id="2016844" name="Resolução CNAS 3 de 2018 - Alter" idOficio="4706975" pubName="DO2" artType="Resolução" pubDate="13/03/2018" artClass="00022:00018:00000:00000:00000:00000:00000:00000:00000:00000:00031:00001" artCategory="Ministério do Desenvolvimento Social/Conselho Nacional de Assistência Social" artSize="8" artNotes="" numberPage="52" pdfPage="http://pesquisa.in.gov.br/imprensa/jsp/visualiza/index.jsp?data=13/03/2018&amp;jornal=529&amp;pagina=52" editionNumber="49" highlight="" idMateria="10594006">
  <body>
    <Identifica><![CDATA[ RESOLUÇÃO Nº 3, DE 12 DE MARÇO DE 2018]]></Identifica>
    <Data><![CDATA[]]></Data>
    <Ementa />
    <Titulo />
    <SubTitulo />
    <Texto><![CDATA[<p class="identifica">RESOLUÇÃO Nº 3, DE 12 DE MARÇO DE 2018</p><p>O CONSELHO NACIONAL DE ASSISTÊNCIA SOCIAL - CNAS, face ao que dispõe o artigo 35 do Regimento Interno aprovado pela Resolução CNAS nº 6, de 9 de fevereiro de 2011, publicada no Diário Oficial da União em 25 de fevereiro de 2011, resolve:</p><p>Art. 1º - Alterar a alínea "c" do inciso I do art. 1º da Resolução CNAS nº 13, de 25 de agosto de 2017, publicada no Diário Oficial da União em 28 de agosto de 2017, o qual passa a vigorar com a seguinte redação:</p><p>Art. 1º</p><p>Inciso I</p><p>...............................................................</p><p>c) MARIA DO CARMO BRANT DE CARVALHO, da Secretaria Nacional de Assistência Social, representante do Ministério do Desenvolvimento Social - MDS;</p><p>Art. 2º - Alterar a alínea "a" do inciso I do art. 2º da Resolução CNAS nº 13, de 25 de agosto de 2017, publicada no Diário Oficial da União em 28 de agosto de 2017, o qual passa a vigorar com a seguinte redação:</p><p>Art. 2º</p><p>Inciso I</p><p>...............................................................</p><p>a) ALLAN CAMELLO SILVA, da Secretaria Nacional de Assistência Social, representante do Ministério do Desenvolvimento Social - MDS;</p><p>Art. 3º - Alterar a alínea "d" do inciso I do art. 2º da Resolução CNAS nº 13, de 25 de agosto de 2017, publicada no Diário Oficial da União em 28 de agosto de 2017, o qual passa a vigorar com a seguinte redação:</p><p>Art. 2º</p><p>Inciso I</p><p>...............................................................</p><p>d) RAQUEL DE FÁTIMA ANTUNES MARTINS, da Secretaria Nacional de Assistência Social, representante do Ministério do Desenvolvimento Social - MDS;</p><p>Art. 4º - Alterar a alínea "c" do inciso II do Art. 2º da Resolução CNAS nº 13, de 25 de agosto de 2017, publicada no Diário Oficial da União em 28 de agosto de 2017, o qual passa a vigorar com a seguinte redação:</p><p>Art. 2º</p><p>Inciso II</p><p>...............................................................</p><p>c) KAROLINE AIRES FERREIRA, da Secretaria Nacional de Assistência Social, representante do Ministério do Desenvolvimento Social - MDS;</p><p>Art. 5º - Alterar a alínea "b" do inciso do art. 4º da Resolução CNAS nº 13, de 25 de agosto de 2017, publicada no Diário Oficial da União em 28 de agosto de 2017, o qual passa a vigorar com a seguinte redação:</p><p>Art. 4º</p><p>...............................................................</p><p>b) MARILIA VILARDI MAZETO, representante do Ministério do Desenvolvimento Social.</p><p>Art. 6º - Alterar a alínea "a" do inciso I do art. 7º da Resolução CNAS nº 13, de 25 de agosto de 2017, publicada no Diário Oficial da União em 28 de agosto de 2017, o qual passa a vigorar com a seguinte redação:</p><p>Art. 7º</p><p>Inciso I</p><p>...............................................................</p><p>a) ALLAN CAMELLO SILVA, da Secretaria Nacional de Assistência Social, representante do Ministério do Desenvolvimento Social - MDS.</p><p>Art. 7º - Esta resolução entra em vigor na data de sua publicação e revoga as disposições em contrário.</p><p class="assina">ROSÂNGELA MARIA SOARES DOS SANTOS</p><p class="cargo">Presidente Interina</p>]]></Texto>
  </body>
</article></xml>