﻿<xml><article id="2012889" name="Portaria n°. 153-2018 - nomear f" idOficio="4705624" pubName="DO2" artType="Portaria" pubDate="13/03/2018" artClass="00039:00223:00000:00000:00000:00000:00000:00000:00000:00000:00025:00001" artCategory="Entidades de Fiscalização do Exercício das Profissões Liberais/Conselho Regional de Enfermagem do Distrito Federal" artSize="8" artNotes="" numberPage="90" pdfPage="http://pesquisa.in.gov.br/imprensa/jsp/visualiza/index.jsp?data=13/03/2018&amp;jornal=529&amp;pagina=90" editionNumber="49" highlight="" idMateria="10591055">
  <body>
    <Identifica><![CDATA[ PORTARIA Nº 153, DE 6 DE MARCO DE 2018]]></Identifica>
    <Data><![CDATA[]]></Data>
    <Ementa />
    <Titulo />
    <SubTitulo />
    <Texto><![CDATA[<p class="identifica">PORTARIA Nº 153, DE 6 DE MARCO DE 2018</p><p>O Presidente do Conselho Regional de Enfermagem do Distrito Federal, no uso de suas competencias legais, em conformidade com a Lei n 5905/73 e com o Regimento Interno da Autarquia, aprovado pela Decisao COREN-DF n 114/2012.</p><p>Considerando a Decisao Coren-DF n 352/2017 que proclama o resultado da eleicao interna e posse dos membros da Diretoria do Coren-DF para o mandato 2018/2020;</p><p>Considerando a Portaria n 130/2018 Coren/DF que designa o Conselheiro Secretario Dr. Tiago Pessoa Alves, como Presidente Interino do Coren-DF.</p><p>Considerando o disposto na lei 8666/93, resolve:</p><p>Considerando a Lei n 10.520, de 17 de julho de 2002 que institui no ambito da Uniao, Estados, Distrito Federal e Municipios, nos termos do art. 37, inciso XXI, da Constituicao Federal, modalidade de licitacao denominada pregao, para aquisicao de bens e servicos comuns, e da outras providencias.</p><p>Considerando o disposto no artigo 9 Inciso VI combinado com o artigo 10 do Decreto n 5.450, de 31 de maio de 2005 que Regulamenta o pregao, na forma eletronica, para aquisicao de bens e servicos comuns, e da outras providencias, resolve:</p><p>Art. 1 - Designar como Pregoeira Titular do Coren-DF a funcionaria Sra. Elaine Pereira de Azevedo.</p><p>Art. 2- Designar como Pregoeira Suplente a funcionaria, Sra. Suzana Batista de Sousa.</p><p>Art. 3 - Designar como Equipe de Apoio os funcionarios Sra. Suzana Batista de Sousa, quando nao estiver atuando como Pregoeira, Sra. Maria Rita da Silva Marques e Pablo Fernandes Balieiro.</p><p>Art. 4 - Revogar a Portaria COREN-DF n 253/2017, publicada no Diario Oficial da Uniao.</p><p>Art. 5 - Esta Portaria entra em vigor a partir desta data, e sera publicada na imprensa oficial.</p><p class="assina">MARCOS WESLEY DE SOUSA FEITOSA</p>]]></Texto>
  </body>
</article></xml>