﻿<xml><article id="2025301" name="Port 276, 06 MAR 18" idOficio="4707865" pubName="DO2" artType="Portaria" pubDate="13/03/2018" artClass="00010:00008:00001:00000:00000:00000:00000:00000:00000:00000:00025:00009" artCategory="Ministério da Defesa/Comando do Exército/Gabinete do Comandante" artSize="8" artNotes="" numberPage="13" pdfPage="http://pesquisa.in.gov.br/imprensa/jsp/visualiza/index.jsp?data=13/03/2018&amp;jornal=529&amp;pagina=13" editionNumber="49" highlight="" idMateria="10595853">
  <body>
    <Identifica><![CDATA[ PORTARIA Nº 276, DE 6 DE MARÇO DE 2018]]></Identifica>
    <Data><![CDATA[]]></Data>
    <Ementa />
    <Titulo />
    <SubTitulo />
    <Texto><![CDATA[<p class="identifica">PORTARIA Nº 276, DE 6 DE MARÇO DE 2018</p><p>O COMANDANTE DO EXÉRCITO, no uso das atribuições que lhe conferem o art. 20, inciso VI, alínea g, da Estrutura Regimental do Comando do Exército, aprovada pelo Decreto nº 5.751, de 12 de abril de 2006, e o art. 9º, inciso II, alínea d, do Regulamento de Movimentação de Oficiais e Praças do Exército, aprovado pelo Decreto nº 2.040, de 21 de outubro de 1996, e considerando o disposto nos art. 4º e 19 da Lei Complementar nº 97, de 9 de junho de 1999, resolve</p><p>PASSAR À DISPOSIÇÃO,</p><p>por necessidade do serviço, ex officio, a fim de prestar serviços na Procuradoria da União no Estado do Paraná (Curitiba-PR), por um período de 12 (doze) meses, o S Ten Com (0318427846) LISANDRO CRONJE, da Ba Adm Ap 5ª DE (Curitiba-PR), a contar de 10 de agosto de 2017.</p><p class="assina">Gen Ex EDUARDO DIAS DA COSTA VILLAS BÔAS</p>]]></Texto>
  </body>
</article></xml>