﻿<xml><article id="2017437" name="PORT DGP-DCIPAS - 2018 - Nº 75 -" idOficio="4707201" pubName="DO2" artType="Portaria" pubDate="13/03/2018" artClass="00010:00008:00024:00000:00000:00000:00000:00000:00000:00000:00025:00010" artCategory="Ministério da Defesa/Comando do Exército/Departamento-Geral do Pessoal" artSize="8" artNotes="" numberPage="16" pdfPage="http://pesquisa.in.gov.br/imprensa/jsp/visualiza/index.jsp?data=13/03/2018&amp;jornal=529&amp;pagina=16" editionNumber="49" highlight="" idMateria="10594203">
  <body>
    <Identifica><![CDATA[ PORTARIA Nº 75-DGP/DCIPAS, DE 7 DE MARÇO DE 2018]]></Identifica>
    <Data><![CDATA[]]></Data>
    <Ementa />
    <Titulo />
    <SubTitulo />
    <Texto><![CDATA[<p class="identifica">PORTARIA Nº 75-DGP/DCIPAS, DE 7 DE MARÇO DE 2018</p><p>O CHEFE DO DEPARTAMENTO-GERAL DO PESSOAL, no uso da competência que lhe foi conferida pela Portaria nº 218-Comandante Exército, de 20 de março de 2017, resolve</p><p>NOMEAR,</p><p>o Terceiro-Sargento Reformado (036839701-4) SERAFIM FRANCISCO ROSA LEMOS, Prec-CP: 96 1385467, na Diretoria de Civis, Inativos, Pensionistas e Assistência Social (BRASÍLIA-DF), para Prestador de Tarefa por Tempo Certo, para exercer a tarefa de Auxiliar Administrativo na Seção de Pessoal Civil na DCIPAS, pelo prazo de 17 (dezessete) meses, a contar de 1o de março de 2018.</p><p class="assina">Gen Ex MANOEL LUIZ NARVAZ PAFIADACHE</p>]]></Texto>
  </body>
</article></xml>