﻿<xml><article id="2025487" name="DESIGNAÇÃO JACKSON COLAB" idOficio="4707918" pubName="DO2" artType="Portaria" pubDate="13/03/2018" artClass="00011:00076:00017:00000:00000:00000:00000:00000:00000:00000:00025:00001" artCategory="Ministério da Educação/Instituto Federal de Educação, Ciência e Tecnologia do Rio Grande do Norte/Campus Pau dos Ferros" artSize="24" artNotes="" numberPage="33" pdfPage="http://pesquisa.in.gov.br/imprensa/jsp/visualiza/index.jsp?data=13/03/2018&amp;jornal=529&amp;pagina=33" editionNumber="49" highlight="" idMateria="10595909">
  <body>
    <Identifica><![CDATA[ PORTARIA Nº 151, DE 29 DE MARÇO DE 2017]]></Identifica>
    <Data><![CDATA[]]></Data>
    <Ementa />
    <Titulo />
    <SubTitulo />
    <Texto><![CDATA[<p class="identifica">PORTARIA Nº 151, DE 29 DE MARÇO DE 2017</p><p>A DIRETORA-GERAL DO CAMPUS PAU DOS FERROS DO INSTITUTO FEDERAL DE EDUCAÇÃO, CIÊNCIA E TECNOLOGIA DO RIO GRANDE DO NORTE no uso de suas atribuições, delegadas através da Portaria nº. 1787/2013-Reitoria/IFRN, 30/12/2013, publicada no Diário Oficial da União de 03/01/2014, CONSIDERANDO o que consta na Portaria nº 62/2018-DG/PF/RE/IFRN, de 12/03/2018, resolve:</p><p>DESIGNAR o servidor abaixo relacionado, pertencente ao Quadro Permanente deste Instituto Federal, para exercer o respectivo cargo de confiança, integrante da Estrutura Administrativa desta Instituição.</p><p></p><table><tr /><tr><td><p>SERVIDOR</p></td><td><p>CARGO DE CONFIANÇA</p></td></tr><tr><td><p>Matrícula SIAPE</p></td><td><p>NOME</p></td><td><p>CÓDIGO</p></td><td><p>DENOMINAÇÃO</p></td><td><p>CADEIA HIERÁRQUICA</p></td></tr><tr><td><p>1921496</p></td><td><p>JACKSON DE SOUSA QUEIROGA</p></td><td><p>FG-02</p></td><td><p>Coordenador de Laboratórios</p></td><td><p>Diretoria Acadêmica</p></td></tr></table><p class="assina">ANTONIA FRANCIMAR DA SILVA</p>]]></Texto>
  </body>
</article></xml>