﻿<xml><article id="2021408" name="Port. PES - 1875" idOficio="4707750" pubName="DO2" artType="Portaria" pubDate="13/03/2018" artClass="00011:00119:00011:00000:00000:00000:00000:00000:00000:00000:00025:00001" artCategory="Ministério da Educação/Universidade Federal de Minas Gerais/Departamento de Administração de Pessoal" artSize="8" artNotes="" numberPage="36" pdfPage="http://pesquisa.in.gov.br/imprensa/jsp/visualiza/index.jsp?data=13/03/2018&amp;jornal=529&amp;pagina=36" editionNumber="49" highlight="" idMateria="10595046">
  <body>
    <Identifica><![CDATA[ PORTARIA Nº 1.875, DE 12 DE MARÇO DE 2018]]></Identifica>
    <Data><![CDATA[]]></Data>
    <Ementa />
    <Titulo />
    <SubTitulo />
    <Texto><![CDATA[<p class="identifica">PORTARIA Nº 1.875, DE 12 DE MARÇO DE 2018</p><p>A Diretora-Geral do Departamento de Administração de Pessoal da Universidade Federal de Minas Gerais, no uso da atribuição que lhe confere a Portaria de Subdelegação de Competências nº 004, de 16/06/2015, da Pró-Reitora de Recursos Humanos, resolve:</p><p>Conceder pensão a GLAIDE MARILDA PIANETTI ANTUNES, CPF nº 562.273.616-15, cônjuge do ex-servidor aposentado LUCYR JONES ANTUNES, inscrição UFMG nº 06579X, matrícula SIAPE nº 0320173, que foi ocupante do cargo de Professor de Magistério Superior, Classe A, com denominação de Professor Adjunto, Nível 4, com fundamento na Constituição Federal de 1988, art. 40º, §§ 2º, 7º e 18, com redação dada pelo art. 1º da EC nº 41/2003, c/c o art. 2º, I, da Lei nº 10.887/2004, e art. 217º, I, da Lei nº 8.112/1990, a partir de 03/03/2018, data do óbito do instituidor, de modo vitalício.</p><p class="assina">ROSÂNGELA PEREIRA MARQUES</p>]]></Texto>
  </body>
</article></xml>