﻿<xml><article id="2016865" name="DOU dia 13.03.2018 Pro Reitor Po" idOficio="4707132" pubName="DO2" artType="Portaria" pubDate="13/03/2018" artClass="00011:00008:00022:00000:00000:00000:00000:00000:00000:00000:00025:00001" artCategory="Ministério da Educação/Colégio Pedro II/Pró-Reitoria de Gestão de Pessoas" artSize="8" artNotes="" numberPage="19" pdfPage="http://pesquisa.in.gov.br/imprensa/jsp/visualiza/index.jsp?data=13/03/2018&amp;jornal=529&amp;pagina=19" editionNumber="49" highlight="" idMateria="10593992">
  <body>
    <Identifica><![CDATA[ PORTARIAS DE 12 DE MARÇO DE 2018]]></Identifica>
    <Data><![CDATA[]]></Data>
    <Ementa />
    <Titulo />
    <SubTitulo />
    <Texto><![CDATA[<p class="identifica">PORTARIAS DE 12 DE MARÇO DE 2018</p><p>A PRÓ-REITORA DE GESTÃO DE PESSOAS DO COLÉGIO PEDRO II, no uso de suas atribuições previstas na Portaria de Delegação de Competência nº 1.769, de 23 de outubro de 2013 do Magnífico Reitor, publicada no Diário Oficial da União em 30 de outubro de 2013, seção 2, página 18, resolve:</p><p>Nº 690 - Conceder aposentadoria a MOACYR JOSÉ SIQUEIRA SAMPAIO, no cargo de Assistente em Administração, Nível de Classificação/Capacitação D-IV, Padrão de Vencimento 16, matrícula SIAPE nº 139735, do Quadro Permanente desta Autarquia, de acordo com o artigo 3º da Emenda Constitucional nº 47 de 05 de julho de 2005, publicada no D.O.U. de 06 de julho de 2005. Fica assegurada a gratificação de 17% (dezessete por cento), a título de adicional por tempo de serviço. Processo nº 23040.000948/2018-21.</p><p>Nº 691 - Retificar a Portaria nº 540 de 23 de fevereiro de 2018, publicada no D.O.U. de 26 de fevereiro de 2018, seção 2, folha nº 11, que concedeu Pensão Civil, a NIEDYA DE JESUS LOBATO RODRIGUES RAMOS matrícula SIAPE nº 6240399, onde se lê: a partir de 16 de dezembro de 2018 leia-se: a partir de 16 de dezembro de 2017. Processo nº 23040.000748/2018-79.</p><p class="assina">VIRGILIA AUGUSTA DA COSTA NUNES</p>]]></Texto>
  </body>
</article></xml>