﻿<xml><article id="2014383" name="Port. 1828 RETIFICACAO DE PORTAR" idOficio="4706672" pubName="DO2" artType="Portaria" pubDate="13/03/2018" artClass="00011:00119:00001:00000:00000:00000:00000:00000:00000:00000:00025:00003" artCategory="Ministério da Educação/Universidade Federal de Minas Gerais/Reitoria" artSize="8" artNotes="" numberPage="35" pdfPage="http://pesquisa.in.gov.br/imprensa/jsp/visualiza/index.jsp?data=13/03/2018&amp;jornal=529&amp;pagina=35" editionNumber="49" highlight="" idMateria="10593454">
  <body>
    <Identifica><![CDATA[ PORTARIA Nº 1.828, DE 8 DE MARÇO DE 2018]]></Identifica>
    <Data><![CDATA[]]></Data>
    <Ementa />
    <Titulo />
    <SubTitulo />
    <Texto><![CDATA[<p class="identifica">PORTARIA Nº 1.828, DE 8 DE MARÇO DE 2018</p><p>O Reitor da Universidade Federal de Minas Gerais no uso de suas atribuições legais e estatutárias resolve:</p><p>Retificar, em parte, a Portaria nº 850 de 15/02/2018, publicada no DOU de 16/02/2018, Seção 2, página 26, de nomeação de ROGERIO LUIS PIMENTA RIBEIRO, para o cargo de ASSISTENTE EM ADMINISTRAÇÃO - Nível de Classificação D, Nível de Capacitação I, Padrão 01, nos seguintes termos:</p><p>Onde se lê:</p><p>"em vaga criada pela Portaria MEC nº 1329 de 19/10/2017, código de vaga: 0962372."</p><p>Leia-se:</p><p>"em vaga decorrente da aposentadoria de Mailce Maria Mendonça Mendes, código de vaga: 243998"</p><p class="assina">JAIME ARTURO RAMÍREZ</p>]]></Texto>
  </body>
</article></xml>