﻿<xml><article id="2025090" name="Despacho Felipe Bardella" idOficio="4707845" pubName="DO2" artType="Despacho" pubDate="13/03/2018" artClass="00012:00059:00000:00000:00000:00000:00000:00000:00000:00000:00019:00001" artCategory="Ministério da Fazenda/Secretaria do Tesouro Nacional" artSize="8" artNotes="" numberPage="45" pdfPage="http://pesquisa.in.gov.br/imprensa/jsp/visualiza/index.jsp?data=13/03/2018&amp;jornal=529&amp;pagina=45" editionNumber="49" highlight="" idMateria="10595786">
  <body>
    <Identifica><![CDATA[ DESPACHO de 9 de março de 2018]]></Identifica>
    <Data><![CDATA[]]></Data>
    <Ementa />
    <Titulo />
    <SubTitulo />
    <Texto><![CDATA[<p class="identifica">DESPACHO de 9 de março de 2018</p><p>A SECRETÁRIA DO TESOURO NACIONAL, tendo em vista o Decreto nº 1.387, de 07 de fevereiro de 1995, com nova redação dada pelo Decreto nº 3.025, de 12 de abril de 1999, e no uso da competência que lhe foi delegada pelo art. 11, Portaria nº 160, de 6 de maio de 2016, autoriza o afastamento do País de Felipe Palmeira Bardella, Auditor Federal de Finanças e Controle da Secretaria do Tesouro Nacional, sob a função de Coordenador-Geral de Estudos Econômico- Fiscais, no período de 25 a 30 de março de 2018, com ônus limitado, incluído trânsito, na forma do disposto no art. 1º inciso IV do Decreto nº 1.387, de 7 de fevereiro de 1995, a fim de participar da Reunião do FAO Trainers Workshop on SDG INDICADOR 2.a.1 - The Agriculture Orientation Index for Government Expenditures, que se realizará na cidade de Turim, Itália. Os custos relativos à hospedagem, às passagens, à alimentação e ao seguro viagem serão custeados pela Organização para Agricultura e Alimentos (FAO) da Organização das Nações Unidas (ONU) (Processo nº 17944.101665/2018-10).</p><p class="assina">ANA PAULA VITALI JANES VESCOVI</p>]]></Texto>
  </body>
</article></xml>