﻿<xml><article id="2017033" name="PORTARIA 7831 - WTK" idOficio="4707070" pubName="DO2" artType="Portaria" pubDate="13/03/2018" artClass="00032:00003:00015:00000:00000:00000:00000:00000:00000:00000:00025:00007" artCategory="Departamento de Polícia Federal/Diretoria de Gestão de Pessoal/Ministério da Justiça" artSize="8" artNotes="" numberPage="58" pdfPage="http://pesquisa.in.gov.br/imprensa/jsp/visualiza/index.jsp?data=13/03/2018&amp;jornal=529&amp;pagina=58" editionNumber="49" highlight="" idMateria="10594114">
  <body>
    <Identifica><![CDATA[ PORTARIA Nº 7.831, DE 8 DE MARÇO DE 2018]]></Identifica>
    <Data><![CDATA[]]></Data>
    <Ementa />
    <Titulo />
    <SubTitulo />
    <Texto><![CDATA[<p class="identifica">PORTARIA Nº 7.831, DE 8 DE MARÇO DE 2018</p><p>O DIRETOR DE GESTÃO DE PESSOAL DA POLÍCIA FEDERAL, no uso das atribuições que lhe confere o inciso VI do art. 42 do Regimento Interno da Polícia Federal, aprovado pela Portaria MJSP nº 1.252, de 29/12/2017, publicada no DOU nº 01, de 02/01/2018, e tendo em vista o que consta no protocolo nº 08230.010249/2017-88, resolve:</p><p>DISPENSAR o Escrivão de Polícia Federal RAPHAEL FERREIRA MARQUES da função de Chefe do Núcleo de Cartório/DRCOR/SR/PF/AL, código FG-03.</p><p>DESIGNAR o Escrivão de Polícia Federal DANIEL RESENDE GUEDES para a função de Chefe do Núcleo de Cartório/DRCOR/SR/PF/AL, código FG-03.</p><p class="assina">DELANO CERQUEIRA BUNN</p>]]></Texto>
  </body>
</article></xml>