﻿<xml><article id="2018053" name="PORTARIA Nº 210 - Dispensar JULI" idOficio="4707191" pubName="DO2" artType="Portaria" pubDate="13/03/2018" artClass="00006:00012:00012:00000:00000:00000:00000:00000:00000:00000:00025:00004" artCategory="Presidência da República/Advocacia-Geral da União/Secretaria-Geral de Administração" artSize="8" artNotes="" numberPage="5" pdfPage="http://pesquisa.in.gov.br/imprensa/jsp/visualiza/index.jsp?data=13/03/2018&amp;jornal=529&amp;pagina=5" editionNumber="49" highlight="" idMateria="10594184">
  <body>
    <Identifica><![CDATA[ PORTARIA Nº 210, DE 9 DE MARÇO DE 2018]]></Identifica>
    <Data><![CDATA[]]></Data>
    <Ementa />
    <Titulo />
    <SubTitulo />
    <Texto><![CDATA[<p class="identifica">PORTARIA Nº 210, DE 9 DE MARÇO DE 2018</p><p>A SECRETÁRIA-GERAL DE ADMINISTRAÇÃO, no uso das atribuições que lhe foram subdelegadas pela Portaria AGU nº 696, de 5 de dezembro de 2016, tendo em vista o disposto no art. 38 da Lei nº 8.112, de 11 de dezembro de 1990, e considerando o que consta no Processo Administrativo nº 00406.000285/2018-53, resolve:</p><p><strong>DISPENSAR</strong></p><p>JULIANA HELENA TAKAOKA BERNARDINO, Advogada da União, matrícula Siape nº 1507790, do encargo de substituta eventual do Subcorregedor, código FCPE 101.3 (código 21013139), da Subcorregedoria de Apoio a Julgamento Disciplinar da Corregedoria-Geral da Advocacia da União.</p><p class="assina">MARIA APARECIDA ARAUJO DE SIQUEIRA</p>]]></Texto>
  </body>
</article></xml>