﻿<xml><article id="2020674" name="Port 127-DONIz" idOficio="4707630" pubName="DO2" artType="Portaria" pubDate="13/03/2018" artClass="00012:00002:00012:00036:00000:00000:00000:00000:00000:00000:00025:00005" artCategory="Ministério da Fazenda/Secretaria Executiva/Subsecretaria de Planejamento, Orçamento e Administração/Superintendência de Administração em São Paulo" artSize="8" artNotes="" numberPage="42" pdfPage="http://pesquisa.in.gov.br/imprensa/jsp/visualiza/index.jsp?data=13/03/2018&amp;jornal=529&amp;pagina=42" editionNumber="49" highlight="" idMateria="10594917">
  <body>
    <Identifica><![CDATA[  PORTARIA  n°  127,  DE  9  DE  MARÇO  DE  2018]]></Identifica>
    <Data><![CDATA[]]></Data>
    <Ementa />
    <Titulo />
    <SubTitulo />
    <Texto><![CDATA[<p class="identifica">PORTARIA n° 127, DE 9 DE MARÇO DE 2018</p><p>O SUPERINTENDENTE DE ADMINISTRAÇÃO DO MINISTÉRIO DA FAZENDA EM SÃO PAULO, no uso das atribuições que lhe foram conferidas pelo Artigo 65, item XIV da Portaria Ministerial nº 144 de 27.04.2016, publicada no Diário Oficial da União de 29.04.2016 e Portaria SRF nº 1671 de 16.06.2005, publicada no Diário Oficial da União de 20.06.2005 e tendo em vista o que consta no Processo nº 16035.000002/2018-79, resolve:</p><p>Conceder aposentadoria voluntária a servidora, Sra. NELZI RIBEIRO FARIA, Matriculas SIAPE: 0954652, SIAPECAD: 00877167, ocupante do cargo efetivo de Auditor Fiscal da Receita Federal do Brasil, Classe S, Padrão III, do Quadro Permanente do Ministério da Fazenda em São Paulo; com fundamento no Art. 40, § 1º, Inciso III, alínea "b" da Constituição Federal, com redação dada pela Emenda Constitucional nº 41/2003. Os proventos serão calculados com base no Art. 1º da Lei nº 10.887/04.</p><p class="assina">DONIZETI DE CARVALHO ROSA.</p>]]></Texto>
  </body>
</article></xml>