﻿<xml><article id="2025361" name="PORTARIA 318" idOficio="4707877" pubName="DO2" artType="Portaria" pubDate="13/03/2018" artClass="00034:00008:00001:00004:00000:00000:00000:00000:00000:00000:00025:00001" artCategory="Ministério Público da União/Ministério Público do Trabalho/Procuradoria-Geral/Diretoria-Geral" artSize="8" artNotes="" numberPage="76" pdfPage="http://pesquisa.in.gov.br/imprensa/jsp/visualiza/index.jsp?data=13/03/2018&amp;jornal=529&amp;pagina=76" editionNumber="49" highlight="" idMateria="10595862">
  <body>
    <Identifica><![CDATA[ PORTARIA Nº 318, DE 7 DE MARÇO DE 2018]]></Identifica>
    <Data><![CDATA[]]></Data>
    <Ementa />
    <Titulo />
    <SubTitulo />
    <Texto><![CDATA[<p class="identifica">PORTARIA Nº 318, DE 7 DE MARÇO DE 2018</p><p>A DIRETORA-GERAL ADJUNTA DO MINISTÉRIO PÚBLICO DO TRABALHO, no uso da competência que lhe foi delegada pela Portaria MPT-PGT nº 86, de 30 de março de 2016 e o que consta no PGEA nº 000253.2018.10.900/4, resolve:</p><p>Art. 1º Designar a servidora FLAVIA ROBERTA SILVA FREITAS, matrícula 6006111, ocupante do cargo de Técnico do MPU/Administração, para a função de Confiança de Assistente Nível I da Procuradoria Regional do Trabalho da 10ª Região/DF-TO, Código FC-1.</p><p class="assina">SANDRA CRISTINA DE ARAÚJO</p>]]></Texto>
  </body>
</article></xml>