﻿<xml><article id="2020072" name="InCom IPEN 060-2018" idOficio="4707529" pubName="DO2" artType="Portaria" pubDate="13/03/2018" artClass="00008:00019:00021:00000:00000:00000:00000:00000:00000:00000:00025:00001" artCategory="Ministério da Ciência, Tecnologia, Inovações e Comunicações/Comissão Nacional de Energia Nuclear/Instituto de Pesquisas Energéticas e Nucleares" artSize="8" artNotes="" numberPage="7" pdfPage="http://pesquisa.in.gov.br/imprensa/jsp/visualiza/index.jsp?data=13/03/2018&amp;jornal=529&amp;pagina=7" editionNumber="49" highlight="" idMateria="10594774">
  <body>
    <Identifica><![CDATA[ PORTARIA Nº 60, de 7 de março de 2018]]></Identifica>
    <Data><![CDATA[]]></Data>
    <Ementa />
    <Titulo />
    <SubTitulo />
    <Texto><![CDATA[<p class="identifica">PORTARIA Nº 60, de 7 de março de 2018</p><p>O Diretor do INSTITUTO DE PESQUISAS ENERGÉTICAS E NUCLEARES, Unidade Administrativa de Órgão Conveniado da Diretoria de Pesquisa e Desenvolvimento, da COMISSÃO NACIONAL DE ENERGIA NUCLEAR, no uso das atribuições e competência que lhe são conferidas pela Portaria MCTIC nº 928, de 02.03.2017, publicada no DOU nº 50, página 7, Seção 2, em 14.03.2017, do Senhor Ministro de Estado da Ciência, Tecnologia, Inovações e Comunicações - MCTIC, pela Portaria CNEN nº 88, de 17.12.2012, publicada no DOU nº 243, página 6, Seção 1, em 18.12.2012, e pela Portaria CNEN nº 34, de 30.06.2014, publicada no DOU nº 124, página 16, Seção 1, em 02.07.2014, respectivamente do Senhor Presidente Substituto e do Senhor Presidente da Comissão Nacional de Energia Nuclear - CNEN, resolve:</p><p>Conceder pensão, na proporção de 100% (cem por cento), a partir de 01 de fevereiro de 2018, a VIVIANE APARECIDA DE LOURDES BOVERI BERTI, RG nº 15.658.368-9, CPF nº 103.570.788-88, por motivo de falecimento, na mesma data, do servidor aposentado Eduardo Augusto Russi Berti, matrícula SIAPE nº 0668099, ocupante do cargo permanente de Tecnologista Sênior, classe H, padrão III, nível superior, do quadro de pessoal da Comissão Nacional de Energia Nuclear, com fundamento no artigo 40, parágrafo 7º, inciso I e parágrafo 8º, da Constituição Federal de 1988, com a nova redação dada pela Emenda Constitucional nº 41, de 19 de dezembro de 2003, combinado com os artigos 215 e 217, inciso I da Lei nº 8.112, de 11 de dezembro de 1990, com a nova redação do artigo 3º da Lei nº 13.135, de 17 de junho de 2015 e artigo 2º, inciso I da Lei nº 10.887, de 18 de junho de 2004 - Processo CNEN/IPEN nº 01342000108/2018-21.</p><p class="assina">WILSON APARECIDO PAREJO CALVO</p>]]></Texto>
  </body>
</article></xml>