﻿<xml><article id="2013665" name="06-02-18 - NOMEAR CRISTINA, JOSE" idOficio="4706602" pubName="DO2" artType="Portaria" pubDate="13/03/2018" artClass="00032:00004:00000:00000:00000:00000:00000:00000:00000:00000:00025:00001" artCategory="Ministério Extraordinário da Segurança Pública/Departamento Penitenciário Nacional" artSize="8" artNotes="" numberPage="59" pdfPage="http://pesquisa.in.gov.br/imprensa/jsp/visualiza/index.jsp?data=13/03/2018&amp;jornal=529&amp;pagina=59" editionNumber="49" highlight="" idMateria="10593305">
  <body>
    <Identifica><![CDATA[         PORTARIA  Nº 71, DE 7 DE MARÇO DE 2018]]></Identifica>
    <Data><![CDATA[]]></Data>
    <Ementa />
    <Titulo />
    <SubTitulo />
    <Texto><![CDATA[<p class="identifica">PORTARIA Nº 71, DE 7 DE MARÇO DE 2018</p><p>O DIRETOR GERAL DO DEPARTAMENTO PENITENCIÁRIO NACIONAL, em cumprimento ao Acórdão exarado nos autos do Processo nº 00692.002730/2016-70/JF-CAS-PR, no uso das atribuições delegadas pelos incisos XXII E XXIII do art. 2º da Portaria nº 04, de 07 de março de 2018, do Secretário Executivo Interino do Ministério Extraordinário da Segurança Pública, resolve:</p><p>Art. 1o Nomear:</p><p>a) CRISTIAN LUIZ DONIN FELIPETO, CPF no 955.260.809-00, candidato sub judice do concurso público regido pelo Edital nº 01/2008 - SE/MJ, para ocupar o cargo de Agente Federal de Execução Penal;</p><p>b) JOSE AUGUSTO MACHADO ARCHER, CPF no 031.459.949-56, candidato sub judice do concurso público regido pelo Edital nº 01/2008 - SE/MJ, para ocupar o cargo de Agente Federal de Execução Penal;</p><p>c) MARCIO SOUZA BADINI, CPF no 320.005.728-98, candidato sub judice do concurso público regido pelo Edital nº 01/2008 - SE/MJ,para ocupar o cargo de Agente Federal de Execução Penal.</p><p>Parágrafo único. Os candidatos terão o prazo de trinta dias, contados a partir da data de publicação deste ato, para tomar posse no respectivo cargo, em conformidade com o § 1o do art. 13 da Lei no 8.112, de 1990.</p><p>Art. 2º Os exames admissionais relacionados no Anexo VI da Portaria GAB DEPEN nº 15, de 24 de janeiro de 2017, devem ser apresentados para fins de inspeção médica oficial, no local relacionado no Anexo.</p><p>Art. 3º O candidato deverá apresentar no momento da inspeção médica oficial formulários específicos que serão disponibilizados por meio de correspondência eletrônica.</p><p>Art. 4º O ato de posse fica condicionado à apresentação dos documentos relacionados no anexo VIII da Portaria GAB DEPEN nº 15, de 24 de janeiro de 2017.</p><p>Art. 5 º Esta Portaria entra em vigor na data de sua publicação.</p><p class="assina">Carlos Felipe Alencastro Fernandes de Carvalho</p><p></p><p>ANEXO</p><p>LOTAÇÃO E LOCAL DE INSPEÇÃO MÉDICA</p><p></p><table><tr /><tr><td><p>Lotação: Presídio Federal em Catanduvas/PR</p><p>PR 471, KM 15, Bairro Zona Rural, Catanduvas</p></td><td><p>SIASS - Universidade Federal da Integração Latino-Americana End. Av. Tarquínio Joslin dos Santos, N° 1000 Sala G007 Jardim Universitário</p><p>Foz do Iguaçu - PR CEP 85866-000</p></td></tr><tr><td><p>Telefone para prévio agendamento da inspeção: (45) 3529-2855 - Ramal 2820</p></td></tr></table>]]></Texto>
  </body>
</article></xml>