﻿<xml><article id="2021068" name="Port. 181 - ALTERA apos EDUARDO " idOficio="4707690" pubName="DO2" artType="Portaria" pubDate="13/03/2018" artClass="00011:00134:00001:00012:00007:00000:00000:00000:00000:00000:00025:00001" artCategory="Ministério da Educação/Universidade Federal de Santa Catarina/Reitoria/Pró-Reitoria de Desenvolvimento e Gestão de Pessoas/Departamento de Administração de Pessoal" artSize="8" artNotes="" numberPage="39" pdfPage="http://pesquisa.in.gov.br/imprensa/jsp/visualiza/index.jsp?data=13/03/2018&amp;jornal=529&amp;pagina=39" editionNumber="49" highlight="" idMateria="10594952">
  <body>
    <Identifica><![CDATA[ PORTARIA Nº 181, DE 2 DE MARÇO DE 2018]]></Identifica>
    <Data><![CDATA[]]></Data>
    <Ementa />
    <Titulo />
    <SubTitulo />
    <Texto><![CDATA[<p class="identifica">PORTARIA Nº 181, DE 2 DE MARÇO DE 2018</p><p>A Diretora do Departamento de Administração de Pessoal da Universidade Federal de Santa Catarina, no uso de suas atribuições, resolve:</p><p>Alterar a Portaria nº 608, de 05 de setembro de 2016, publicada no Diário Oficial da União de 08 de setembro de 2016, que concedeu aposentadoria a EDUARDO MANGUEIRA LOPES, matrícula SIAPE 1135952, ocupante do cargo Assistente em Administração, Nível de Classificação D, Nível de Capacitação 1, Padrão de Vencimento 15, para Nível de Classificação D, Nível de Capacitação 1, Padrão de Vencimento 16, tendo em vista a Portaria nº 115/2018/DDP de 21 de fevereiro de 2018.</p><p>(Processo nº 23080.009003/2018-07)</p><p class="assina">Rita de Cássia Knabben</p>]]></Texto>
  </body>
</article></xml>