﻿<xml><article id="2017317" name="ports 583-2018" idOficio="4707072" pubName="DO2" artType="Portaria" pubDate="13/03/2018" artClass="00011:00053:00001:00000:00000:00000:00000:00000:00000:00000:00025:00003" artCategory="Ministério da Educação/Instituto Federal de Educação, Ciência e Tecnologia de Alagoas/Reitoria" artSize="8" artNotes="" numberPage="18" pdfPage="http://pesquisa.in.gov.br/imprensa/jsp/visualiza/index.jsp?data=13/03/2018&amp;jornal=529&amp;pagina=18" editionNumber="49" highlight="" idMateria="10594118">
  <body>
    <Identifica><![CDATA[ PORTARIA Nº 583, DE 9 DE MARÇO DE 2018]]></Identifica>
    <Data><![CDATA[]]></Data>
    <Ementa />
    <Titulo />
    <SubTitulo />
    <Texto><![CDATA[<p class="identifica">PORTARIA Nº 583, DE 9 DE MARÇO DE 2018</p><p>O REITOR DO INSTITUTO FEDERAL DE ALAGOAS, no uso das atribuições que lhe confere os artigos 11 e 14 da Lei nº 11.892, de 29.12.2008, nomeado pelo Decreto de 22 de abril de 2015, publicado no D.O.U. de 23.04.2015, Seção 2, Pág. 01, e tendo em vista o que consta no Processo nº 23041.002724/2018-44, de 26/01/2018, resolve:</p><p>Conceder aposentadoria voluntária com proventos integrais ao servidor JOSÉ CAVALCANTE LINS, matrícula nº 0267053, cargo de Assistente em Administração, Classe D, Padrão 416, Código de Vaga nº 205106, Campus Maceió, com fundamento no artigo 3º da Emenda Constitucional nº 47/2005 com as vantagens: Adicional por Tempo de Serviço, com base no artigo 244 da Lei nº 8.112/90, no índice de 31% (trinta e um por cento), Decisão Judicial, Incentivo à Qualificação de acordo com o Decreto nº 5824/2006, no índice de 20% (vinte por cento) e Vantagem Pessoal Nominalmente Identificada - VPNI, com base no art. 62-A da Lei nº 8.112/90, com redação dada pela Lei n.º 9.527/97, na proporção de 10/10 (dez décimos) de FG-05.</p><p>Declarar vago o referido cargo.</p><p class="assina">SÉRGIO TEIXEIRA COSTA</p>]]></Texto>
  </body>
</article></xml>