﻿<xml><article id="2016747" name="2018-03-12/4707061/TCUWS_1059378" idOficio="4707061" pubName="DO2" artType="Portaria" pubDate="13/03/2018" artClass="00035:00008:00002:00002:00000:00000:00000:00000:00000:00000:00025:00001" artCategory="Tribunal de Contas da União/Secretaria-Geral de Administração/Secretaria de Gestão de Pessoas/Diretoria de Legislação de Pessoal" artSize="8" artNotes="" numberPage="83" pdfPage="http://pesquisa.in.gov.br/imprensa/jsp/visualiza/index.jsp?data=13/03/2018&amp;jornal=529&amp;pagina=83" editionNumber="49" highlight="" idMateria="10593784">
  <body>
    <Identifica><![CDATA[ PORTARIA Nº 48, DE 12 DE MARÇO DE 2018 ]]></Identifica>
    <Data><![CDATA[]]></Data>
    <Ementa />
    <Titulo />
    <SubTitulo />
    <Texto><![CDATA[<p class="identifica">PORTARIA Nº 48, DE 12 DE MARÇO DE 2018</p><p>O DIRETOR DE LEGISLAÇÃO DE PESSOAL DO TRIBUNAL DE CONTAS DA UNIÃO, no uso das atribuições que lhe confere o disposto no inciso II, Art. 13 da Portaria n° 21, de 09 de fevereiro de 2018, do Secretário de Gestão de Pessoas deste Tribunal, resolve:</p><p>Art.1º Designar MÁRCIA BITTENCOURT DA COSTA, Matrícula 3129-1, AUFC, para exercer, na Secretaria de Planejamento, Governança e Gestão, a função de confiança de Assistente Administrativa, código FC-1.</p><p>Art. 2º Esta Portaria entra em vigor na data de sua publicação.</p><p class="assina">CÍCERO MEDEIROS DE ALENCAR</p>]]></Texto>
  </body>
</article></xml>