﻿<xml><article id="2024201" name="PA2018-0725" idOficio="4707647" pubName="DO2" artType="Portaria" pubDate="13/03/2018" artClass="00031:00003:00000:00000:00000:00000:00000:00000:00000:00000:00025:00001" artCategory="Ministério dos Transportes, Portos e Aviação Civil/Agência Nacional de Aviação Civil" artSize="8" artNotes="" numberPage="57" pdfPage="http://pesquisa.in.gov.br/imprensa/jsp/visualiza/index.jsp?data=13/03/2018&amp;jornal=529&amp;pagina=57" editionNumber="49" highlight="" idMateria="10595756">
  <body>
    <Identifica><![CDATA[ PORTARIA Nº 725, DE 2 DE MARÇO DE 2018]]></Identifica>
    <Data><![CDATA[]]></Data>
    <Ementa />
    <Titulo />
    <SubTitulo />
    <Texto><![CDATA[<p class="identifica">PORTARIA Nº 725, DE 2 DE MARÇO DE 2018</p><p>O DIRETOR-PRESIDENTE DA AGÊNCIA NACIONAL DE AVIAÇÃO CIVIL - ANAC, no uso das atribuições que lhe conferem os arts. 16 da Lei nº 11.182, de 27 de setembro de 2005, e 35, inciso II, do Anexo I do Decreto nº 5.731, de 20 de março de 2006, tendo em vista o Regimento Interno aprovado pela Resolução nº 381, de 14 de junho de 2016, considerando o que consta do processo nº 00058.007147/2018-01, resolve:</p><p>EXONERAR, a pedido, LEANDRO COSTA PEREIRA CRISPIM DE SOUSA, matrícula SIAPE nº 1771496, do Cargo em Comissão de Gerente Técnico de Processos e Sistemas, código CGE IV, da Superintendência de Infraestrutura Aeroportuária desta Agência, em Brasília (DF), a contar de 5 de março de 2018.</p><p class="assina">JOSÉ RICARDO PATARO BOTELHO DE QUEIROZ</p>]]></Texto>
  </body>
</article></xml>