﻿<xml><article id="2012371" name="DOU - SHEILA MARIA NUNES SANTOS-" idOficio="4706523" pubName="DO2" artType="Portaria" pubDate="13/03/2018" artClass="00038:00029:00000:00000:00000:00000:00000:00000:00000:00000:00025:00004" artCategory="Poder Judiciário/Tribunal Regional Eleitoral do Piauí" artSize="8" artNotes="" numberPage="87" pdfPage="http://pesquisa.in.gov.br/imprensa/jsp/visualiza/index.jsp?data=13/03/2018&amp;jornal=529&amp;pagina=87" editionNumber="49" highlight="" idMateria="10593225">
  <body>
    <Identifica><![CDATA[ PORTARIA nº 289, de 9 de março de 2018 ]]></Identifica>
    <Data><![CDATA[]]></Data>
    <Ementa />
    <Titulo />
    <SubTitulo />
    <Texto><![CDATA[<p class="identifica">PORTARIA nº 289, de 9 de março de 2018</p><p>O DESEMBARGADOR FRANCISCO ANTONIO PAES LANDIM FILHO, PRESIDENTE DO EGRÉGIO TRIBUNAL REGIONAL ELEITORAL DO PIAUÍ, no uso de suas atribuições legais e,</p><p>Considerando a indicação contida no Ofício nº 018/2018 - 12ª ZE (documento digital PAD nº 12.215/2018, de 6 de março de 2018);</p><p>Considerando, ainda, a dispensa da atual Chefe de Cartório desta 12 ª ZE de Pedro II, conforme Portaria nº 288, de 9 de março de 2018, 8, resolve:</p><p></p><p>Art. 1º Fica dispensada a servidora SHEILA MARIA NUNES SANTOS, Analista Judiciário, Área Judiciária, matrícula nº 611, do Quadro de Pessoal deste Regional, para o exercício da Função Comissionada de Assistente I (FC-1), do Cartório Eleitoral da 12ª Zona, sediada em Pedro II.</p><p>Art. 2º Fica designada a servidora citada no artigo 1ª para o exercício da Função Comissionada de Chefe de Cartório (FC-6), dessa mesma unidade.</p><p>Art. 3º Esta portaria entra em vigor na data de sua publicação.</p><p class="assina">FRANCISCO ANTONIO PAES LANDIM</p>]]></Texto>
  </body>
</article></xml>