﻿<xml><article id="2019916" name="Portaria 2139 Tornar Sem Efeito" idOficio="4707516" pubName="DO2" artType="Portaria" pubDate="13/03/2018" artClass="00011:00130:00001:00017:00000:00000:00000:00000:00000:00000:00025:00002" artCategory="Ministério da Educação/Universidade Federal do Rio de Janeiro/Reitoria/Pró-Reitoria de Pessoal" artSize="8" artNotes="" numberPage="37" pdfPage="http://pesquisa.in.gov.br/imprensa/jsp/visualiza/index.jsp?data=13/03/2018&amp;jornal=529&amp;pagina=37" editionNumber="49" highlight="" idMateria="10594758">
  <body>
    <Identifica><![CDATA[ PORTARIA Nº 2.139, de 12 de março de 2018]]></Identifica>
    <Data><![CDATA[]]></Data>
    <Ementa />
    <Titulo />
    <SubTitulo />
    <Texto><![CDATA[<p class="identifica">PORTARIA Nº 2.139, de 12 de março de 2018</p><p>O Pró-Reitor de Pessoal, no uso da competência delegada pelo Reitor da Universidade Federal do Rio de Janeiro, através da Portaria nº 956 de 10 de fevereiro de 2017, publicada no Diário Oficial da União de 13 de fevereiro de 2017, amparada pelo § 4º do art. 13 da Lei nº 8.112/90, resolve:</p><p>Tornar sem efeito a contratação de PEDRO ERNESTO LOPES LEAO, do Centro Nacional de Biologia Estrutural e Bioimagem, incluído(a) na portaria nº 1308, de 22 de fevereiro de 2018, publicada no DOU nº 42, de 02 de março de 2018, conforme consta no processo 23079. 005790/18-49.</p><p class="assina">AGNALDO FERNANDES</p>]]></Texto>
  </body>
</article></xml>