﻿<xml><article id="2016991" name="PORTARIA 1473 1HI2 09032018" idOficio="4707145" pubName="DO2" artType="Portaria" pubDate="13/03/2018" artClass="00010:00006:00005:00046:00000:00000:00000:00000:00000:00000:00025:00002" artCategory="Ministério da Defesa/Comando da Aeronáutica/Comando-Geral do Pessoal/Diretoria de Administração do Pessoal" artSize="8" artNotes="" numberPage="8" pdfPage="http://pesquisa.in.gov.br/imprensa/jsp/visualiza/index.jsp?data=13/03/2018&amp;jornal=529&amp;pagina=8" editionNumber="49" highlight="" idMateria="10594031">
  <body>
    <Identifica><![CDATA[ PORTARIA DIRAP Nº 1.473/1HI2, DE 9 DE MARÇO DE 2018]]></Identifica>
    <Data><![CDATA[]]></Data>
    <Ementa />
    <Titulo />
    <SubTitulo />
    <Texto><![CDATA[<p class="identifica">PORTARIA DIRAP Nº 1.473/1HI2, DE 9 DE MARÇO DE 2018</p><p>O DIRETOR DE ADMINISTRAÇÃO DO PESSOAL, no uso da subdelegação de competência estabelecida no art. 4º, inciso II, da Portaria COMGEP nº 1.395/DLE, de 08 de julho de 2016, e considerando o Processo nº 67612.002903/2018-35, resolve:</p><p>Conceder transferência para a reserva remunerada ao 1º Ten QOEA CTA ELIZEU RODRIGUES DE OLIVEIRA (Nr 3608140), do efetivo do Primeiro Centro Integrado de Defesa Aérea e Controle de Tráfego Aéreo, de acordo com o art. 96, inciso I, e art. 97, ambos da Lei nº 6.880, de 9 de dezembro de 1980, com a remuneração a que faz jus, observando o art. 50, inciso II, da mencionada Lei, alterado pelo art. 28 da Medida Provisória n° 2.215-10, de 31 de agosto de 2001, regulamentada pelo Decreto n° 4.307, de 18 de julho de 2002.</p><p class="assina">Maj Brig Ar MAURO MARTINS MACHADO</p>]]></Texto>
  </body>
</article></xml>