﻿<xml><article id="2015833" name="PRFB375" idOficio="4706984" pubName="DO2" artType="Portaria" pubDate="13/03/2018" artClass="00012:00055:00000:00000:00000:00000:00000:00000:00000:00000:00019:00004" artCategory="Ministério da Fazenda/Secretaria da Receita Federal do Brasil" artSize="8" artNotes="" numberPage="44" pdfPage="http://pesquisa.in.gov.br/imprensa/jsp/visualiza/index.jsp?data=13/03/2018&amp;jornal=529&amp;pagina=44" editionNumber="49" highlight="" idMateria="10593796">
  <body>
    <Identifica><![CDATA[ PORTARIA Nº 375, DE 9 DE MARÇO DE 2018]]></Identifica>
    <Data><![CDATA[]]></Data>
    <Ementa />
    <Titulo />
    <SubTitulo />
    <Texto><![CDATA[<p class="identifica">PORTARIA Nº 375, DE 9 DE MARÇO DE 2018</p><p>O SECRETÁRIO DA RECEITA FEDERAL DO BRASIL, no uso da atribuição que lhe confere o inciso X, do art. 327, do Regimento Interno da Secretaria da Receita Federal do Brasil, aprovado pela Portaria MF nº 430, de 9 de outubro de 2017, considerando o disposto no art. 25 da Lei nº 8.112, de 11 de dezembro de 1990, e tendo em vista o que consta do Processo Administrativo nº 10660.000038/2017-19, resolve:</p><p>Art. 1º Reverter à atividade o Auditor-Fiscal da Receita Federal do Brasil, JOSÉ DE CARVALHO FILHO, do quadro de pessoal do Ministério da Fazenda, matrículas Siape nº 0954622 e Siapecad nº 00877595, aposentado voluntariamente por intermédio da Portaria SAMF/MG nº 274, de 30 de julho de 2017, publicada no DOU nº 147, de 1 de agosto de 2017, na classe "S" - Padrão IV, em vaga de Código nº 0550402.</p><p>Art. 2º Lotar o servidor na Delegacia da Receita Federal do Brasil em Varginha/MG.</p><p>Art. 3º Esta portaria entra em vigor na data de sua publicação no Diário Oficial da União.</p><p class="assina">JORGE ANTONIO DEHER RACHID</p>]]></Texto>
  </body>
</article></xml>