﻿<xml><article id="2015824" name="PRFB361A366" idOficio="4706984" pubName="DO2" artType="Portaria" pubDate="13/03/2018" artClass="00012:00055:00000:00000:00000:00000:00000:00000:00000:00000:00019:00001" artCategory="Ministério da Fazenda/Secretaria da Receita Federal do Brasil" artSize="8" artNotes="" numberPage="43" pdfPage="http://pesquisa.in.gov.br/imprensa/jsp/visualiza/index.jsp?data=13/03/2018&amp;jornal=529&amp;pagina=43" editionNumber="49" highlight="" idMateria="10593773">
  <body>
    <Identifica><![CDATA[ PORTARIAS DE 9 DE MARÇO DE 2018.]]></Identifica>
    <Data><![CDATA[]]></Data>
    <Ementa />
    <Titulo />
    <SubTitulo />
    <Texto><![CDATA[<p></p><p class="identifica">PORTARIAS DE 9 DE MARÇO DE 2018.</p><p>O SECRETÁRIO DA RECEITA FEDERAL DO BRASIL, no uso das competências que lhe foram delegada e subdelegada, respectivamente, pelas Portarias MF nºs 392 e 393, de 14 de julho de 2009, alteradas pela Portaria MF nº 100, de 28 de março de 2017, resolve:</p><p>Nº 361 Dispensar o Auditor-Fiscal da Receita Federal do Brasil GERALDO ANTONIO FREDERICO, matrícula Siapecad nº 64026, da Função Comissionada do Poder Executivo de Chefe da Divisão de Vigilância e Repressão ao Contrabando e Descaminho da Superintendência Regional da Receita Federal do Brasil na 3ª Região Fiscal, código FCPE-101.2.</p><p>Nº 362 Designar o Auditor-Fiscal da Receita Federal do Brasil IVANILSON DE CASTRO SILVA, matrícula Siapecad nº 1220973, para exercer a Função Comissionada do Poder Executivo de Chefe da Divisão de Vigilância e Repressão ao Contrabando e Descaminho da Superintendência Regional da Receita Federal do Brasil na 3ª Região Fiscal, código FCPE-101.2.</p><p>O SECRETÁRIO DA RECEITA FEDERAL DO BRASIL, no uso das competências que lhe foram delegada e subdelegada, respectivamente, pelas Portarias MF nºs 392 e 393, de 14 de julho de 2009, alteradas pela Portaria MF nº 100, de 28 de março de 2017, o disposto no § 4º do art. 2º da Portaria MF nº 341, de 12 de julho de 2011, alterada pelas Portarias MF Nº 571, de 04 de dezembro de 2013, Nº 510, 16 de dezembro de 2014, e Nº 17, de 21 de janeiro de 2016, e considerando ainda o inciso XXIII do art. 327 do Regimento Interno da RFB, aprovado pela Portaria MF nº 430, de 09 de outubro de 2017, resolve:</p><p>Nº 363 Considerar dispensado, desde 20/02/2018, o Auditor-Fiscal da Receita Federal do Brasil RUDA SOUTO ROCHA, matrícula Siapecad nº 01571095, do Encargo de Substituto Eventual do Presidente da Quinta Turma da Delegacia da Receita Federal do Brasil de Julgamento em Recife (PE), código FCPE-101.2.</p><p>Nº 364 Designar o Auditor-Fiscal da Receita Federal do Brasil RUDA SOUTO ROCHA, matrícula Siapecad nº 01571095, para exercer o Encargo de Substituto Eventual do Presidente da Quinta Turma da Delegacia da Receita Federal do Brasil de Julgamento em Recife (PE), código FCPE-101.2.</p><p>O SECRETÁRIO DA RECEITA FEDERAL DO BRASIL, no uso das competências que lhe foram delegada e subdelegada, respectivamente, pelas Portarias MF nºs 392 e 393, de 14 de julho de 2009, alteradas pela Portaria MF nº 100, de 28 de março de 2017, resolve:</p><p>Nº 365 Tornar insubsistente a Portaria RFB nº 3736, de 26/12/2017, publicada no DOU de 02/01/2018, seção 2, página 48, referente à designação da servidora CELMA SUELI ALBUQUERQUE COSTA, matrícula Siapecad nº 5782.</p><p>O SECRETÁRIO DA RECEITA FEDERAL DO BRASIL, no uso das competências que lhe foram delegada e subdelegada, respectivamente, pelas Portarias MF nºs 392 e 393, de 14 de julho de 2009, alteradas pela Portaria MF nº 100, de 28 de março de 2017, resolve:</p><p>Nº 366 Designar a Auditora-Fiscal da Receita Federal do Brasil LEIA SILVIA NUCCI, matrícula SiapeCad nº 00076277, para exercer a Função Gratificada de Chefe da Equipe de Informação Fiscal 1 - EIF1 da Delegacia da Receita Federal do Brasil em São José dos Campos (SP), Código FG-1.</p><p class="assina">JORGE ANTONIO DEHER RACHID</p>]]></Texto>
  </body>
</article></xml>