﻿<xml><article id="2020430" name="Portarias 12 de março de 2018 - " idOficio="4707555" pubName="DO2" artType="Portaria" pubDate="13/03/2018" artClass="00011:00076:00006:00000:00000:00000:00000:00000:00000:00000:00025:00001" artCategory="Ministério da Educação/Instituto Federal de Educação, Ciência e Tecnologia do Rio Grande do Norte/Campus Currais Novos" artSize="24" artNotes="" numberPage="32" pdfPage="http://pesquisa.in.gov.br/imprensa/jsp/visualiza/index.jsp?data=13/03/2018&amp;jornal=529&amp;pagina=32" editionNumber="49" highlight="" idMateria="10594832">
  <body>
    <Identifica><![CDATA[ PORTARIAS DE 12 DE MARÇO DE 2018]]></Identifica>
    <Data><![CDATA[]]></Data>
    <Ementa />
    <Titulo />
    <SubTitulo />
    <Texto><![CDATA[<p class="identifica">PORTARIAS DE 12 DE MARÇO DE 2018</p><p>O DIRETOR-GERAL DO CAMPUS CURRAIS NOVOS DO INSTITUTO FEDERAL DE EDUCAÇÃO, CIÊNCIA E TECNOLOGIA DO RIO GRANDE DO NORTE, no uso de suas atribuições, delegadas através da Portaria nº. 1787/2013-Reitoria/IFRN, de 30 de dezembro de 2013, publicada no Diário Oficial da União de 03 de janeiro de 2014 e, considerando o que consta no Processo nº 23035.000651.2018-35, de 09 de março de 2018, resolve:</p><p>Nº 50- DISPENSAR, a pedido, com efeitos a partir de 12 de março de 2018, a servidora abaixo relacionada, pertencente ao Quadro Permanente deste Instituto Federal, do respectivo cargo de confiança, integrante da Estrutura Administrativa do Campus Currais Novos, para a qual foi designada por meio da Portaria nº 084/2014-DG/CN/IFRN, de 14 de março de 2014.</p><p></p><table><tr /><tr><td><p>SERVIDOR</p></td><td><p>FUNÇÃO COMISSIONADA</p></td></tr><tr><td><p>MATRÍCULA SIAPE</p></td><td><p>NOME</p></td><td><p>CÓDIGO</p></td><td><p>DENOMINAÇÃO</p></td><td><p>VINCULAÇÃO</p></td></tr><tr><td><p>1885886</p></td><td><p>Maria Rosângela Gundim de Araújo</p></td><td><p>FG.2</p></td><td><p>Coordenador de Finanças e Contratos</p></td><td><p>Diretoria de Administração</p></td></tr></table><p>O DIRETOR-GERAL DO CAMPUS CURRAIS NOVOS DO INSTITUTO FEDERAL DE EDUCAÇÃO, CIÊNCIA E TECNOLOGIA DO RIO GRANDE DO NORTE, no uso de suas atribuições, delegadas através da Portaria nº. 1787/2013-Reitoria/IFRN, de 30 de dezembro de 2013, publicada no Diário Oficial da União de 03 de janeiro de 2014 e, considerando o que consta no Processo nº 23035.000651.2018-35, de 09 de março de 2018, e considerando a Portaria N° 50/2018-DG/CN/RE/IFRN, resolve:</p><p>Nº 53 - DESIGNAR, com efeitos a partir de 12 de março de 2018, o servidor abaixo relacionado, pertencente ao Quadro Permanente deste Instituto Federal, para exercer o respectivo cargo de confiança, integrante da Estrutura Administrativa do Campus Currais Novos.</p><p></p><table><tr /><tr><td><p>SERVIDOR</p></td><td><p>FUNÇÃO COMISSIONADA</p></td></tr><tr><td><p>MATRÍCULA SIAPE</p></td><td><p>NOME</p></td><td><p>CÓDIGO</p></td><td><p>DENOMINAÇÃO</p></td><td><p>VINCULAÇÃO</p></td></tr><tr><td><p>2132710</p></td><td><p>Fransuélio Medeiros Rocha de Araújo</p></td><td><p>FG.2</p></td><td><p>Coordenador de Finanças e Contratos</p></td><td><p>Diretoria de Administração</p></td></tr></table><p class="assina">ANDREILSON OLIVEIRA DA SILVA</p>]]></Texto>
  </body>
</article></xml>