﻿<xml><article id="2016198" name="Ct088" idOficio="4707030" pubName="DO2" artType="Despacho" pubDate="13/03/2018" artClass="00026:00005:00000:00000:00000:00000:00000:00000:00000:00000:00019:00003" artCategory="Ministério do Planejamento, Desenvolvimento e Gestão/Banco Nacional de Desenvolvimento Econômico e Social" artSize="8" artNotes="" numberPage="4" pdfPage="http://pesquisa.in.gov.br/imprensa/jsp/visualiza/index.jsp?data=13/03/2018&amp;jornal=529&amp;pagina=4" editionNumber="49" highlight="" idMateria="10593875">
  <body>
    <Identifica><![CDATA[ DESPACHO DE 20 de dezembro de 2017]]></Identifica>
    <Data><![CDATA[]]></Data>
    <Ementa />
    <Titulo />
    <SubTitulo />
    <Texto><![CDATA[<p class="identifica">DESPACHO DE 20 de dezembro de 2017</p><p>Afastamento do País autorizado pelo Diretor Carlos A. J. da Costa em 20/12/2017, de acordo com a subdelegação de competência prevista na Portaria PRESI nº 110/2017-BNDES, de 04/04/2017, do Presidente do BNDES:</p><p>VANESSA BERBERICK MACHADO, arquiteta e ANDERSON RENATO DE CASTRO OVELAR, engenheiro, para participar de inspeção física e documental de duas aeronaves operadas pela American Airlines, fabricadas pela Embraer e financiadas pelo BNDES, em Abilene/EUA, no período de 13/01/2018 a 20/01/2018, inclusive trânsito, com ônus (Processos de Viagem ao Exterior nos 39549 e 39514).</p><p class="assina">CARLOS ALEXANDRE JORGE DA COSTA</p><p class="identifica">DESPACHO DE 26 DE DEZEMBRO DE 2017</p><p>Afastamento do País autorizado pelo Diretor Carlos Alexandre Jorge da Costa em 26/12/2017, de acordo com a subdelegação de competência prevista na Portaria PRESI nº 110/2017-BNDES, de 04/04/2017, do Presidente do BNDES:</p><p>ALEXANDRE HILMÁRIO DE OLIVEIRA SIQUEIRA, administrador, para participar do evento "8º meeting of the CRE", organizado pela OCDE , em Paris/França, no período de 22/01/2018 a 26/01/2018, inclusive trânsito, com ônus (Processo de Viagem ao Exterior nº 39568).</p><p class="assina">CARLOS ALEXANDRE JORGE DA COSTA</p><p class="identifica">DESPACHO DE 2 de Janeiro de 2018</p><p>Afastamento do País autorizado pelo Diretor Carlos Alexandre Jorge da Costa em 02/01/2018, de acordo com a subdelegação de competência prevista na Portaria PRESI nº 110/2017-BNDES, de 04/04/2017, do Presidente do BNDES:</p><p>MARCIO BERNINI MOHRIAK, coordenador de serviços, para participar do evento MicroStrategy World 2018, em Las Vegas/EUA, no período de 14/01/2018 a 19/01/2018, inclusive trânsito, com ônus (Processo de Viagem ao Exterior nº 39641).</p><p>Afastamento do País autorizado pelo Diretor Carlos Alexandre Jorge da Costa em 09/01/2018, de acordo com a subdelegação de competência prevista na Portaria PRESI nº 110/2017-BNDES, de 04/04/2017, do Presidente do BNDES:</p><p>JOSE NOGUEIRA DE ALMEIDA JUNIOR, analista de sistemas e GLADSTONE MOISES ARANTES JUNIOR, analista de sistemas, para visita de projetos "Blockchain" para aquisição de conhecimento que será utilizado no projeto BNDESCoin, em NOVA IORQUE/EUA, no período de 13/01/2018 a 21/01/2018, inclusive trânsito, com ônus (Processos de Viagem ao Exterior nos 39651 e 39650).</p><p class="assina">CARLOS ALEXANDRE JORGE DA COSTA</p>]]></Texto>
  </body>
</article></xml>