﻿<xml><article id="2015815" name="P4RF206" idOficio="4706984" pubName="DO2" artType="Portaria" pubDate="13/03/2018" artClass="00012:00055:00096:00000:00000:00000:00000:00000:00000:00000:00025:00006" artCategory="Ministério da Fazenda/Secretaria da Receita Federal do Brasil/Superintendência Regional da 4ª Região Fiscal" artSize="8" artNotes="" numberPage="44" pdfPage="http://pesquisa.in.gov.br/imprensa/jsp/visualiza/index.jsp?data=13/03/2018&amp;jornal=529&amp;pagina=44" editionNumber="49" highlight="" idMateria="10593771">
  <body>
    <Identifica><![CDATA[ PORTARIA Nº 206, DE 9 DE MARÇO DE 2018]]></Identifica>
    <Data><![CDATA[]]></Data>
    <Ementa />
    <Titulo />
    <SubTitulo />
    <Texto><![CDATA[<p class="identifica">PORTARIA Nº 206, DE 9 DE MARÇO DE 2018</p><p>O SUPERINTENDENTE DA RECEITA FEDERAL DO BRASIL NA 4ª REGIÃO FISCAL, no uso da competência que lhe foi subdelegada pelo inciso II do art. 2º da Portaria RFB nº 4.338, de 9.9.2005, publicada no DOU de 12.9.2005, e tendo em vista a Portaria RFB nº 4.071, de 02.05.2007, publicada na edição extra do DOU de 02.05.2007, resolve:</p><p>Dispensar CARLOS EDUARDO BARROS FIGUEREDO, Auditor-Fiscal da Receita Federal do Brasil, matrícula Siapecad nº 1653917, da Função Comissionada do Poder Executivo de Chefe da Divisão de Vigilância e Repressão ao Contrabando e Descaminho - Direp da Superintendência Regional da Receita Federal do Brasil na 4ª Região Fiscal, Código FCPE-101.2.</p><p class="assina">GIOVANNI CHRISTIAN NUNES CAMPOS</p>]]></Texto>
  </body>
</article></xml>