﻿<xml><article id="2017003" name="PORTARIA 1478 1HI2 09032018" idOficio="4707145" pubName="DO2" artType="Portaria" pubDate="13/03/2018" artClass="00010:00006:00005:00046:00000:00000:00000:00000:00000:00000:00025:00007" artCategory="Ministério da Defesa/Comando da Aeronáutica/Comando-Geral do Pessoal/Diretoria de Administração do Pessoal" artSize="8" artNotes="" numberPage="8" pdfPage="http://pesquisa.in.gov.br/imprensa/jsp/visualiza/index.jsp?data=13/03/2018&amp;jornal=529&amp;pagina=8" editionNumber="49" highlight="" idMateria="10594055">
  <body>
    <Identifica><![CDATA[ PORTARIA DIRAP Nº 1.478/1HI2, DE 9 DE MARÇO DE 2018]]></Identifica>
    <Data><![CDATA[]]></Data>
    <Ementa />
    <Titulo />
    <SubTitulo />
    <Texto><![CDATA[<p class="identifica">PORTARIA DIRAP Nº 1.478/1HI2, DE 9 DE MARÇO DE 2018</p><p>O DIRETOR DE ADMINISTRAÇÃO DO PESSOAL, no uso da subdelegação de competência estabelecida no art. 4º, inciso II, da Portaria COMGEP nº 1.395/DLE, de 08 de julho de 2016, e considerando o Processo nº 67720.001782/2018-87, resolve:</p><p>Conceder transferência para a reserva remunerada, a contar de 12 MAR 2018, ao Cap QOEA SVM LUIZ GUSTAVO MARTINS DE OLIVEIRA (Nr 1674501), do efetivo do Grupamento de Infraestrutura e Apoio de São José dos Campos, de acordo com o art. 96, inciso I, e art. 97, ambos da Lei nº 6.880, de 9 de dezembro de 1980, com a remuneração a que faz jus, observando o art. 50, inciso II, da mencionada Lei, alterado pelo art. 28 da Medida Provisória n° 2.215-10, de 31 de agosto de 2001, regulamentada pelo Decreto n° 4.307, de 18 de julho de 2002.</p><p class="assina">Maj Brig Ar MAURO MARTINS MACHADO</p>]]></Texto>
  </body>
</article></xml>