﻿<xml><article id="2013795" name="Vacancia - Robert Wagner.(SP).20" idOficio="4706642" pubName="DO2" artType="Retificação" pubDate="13/03/2018" artClass="00017:00021:00000:00000:00000:00000:00000:00000:00000:00000:00032:00001" artCategory="Ministério da Saúde/Fundação Nacional de Saúde" artSize="8" artNotes="" numberPage="49" pdfPage="http://pesquisa.in.gov.br/imprensa/jsp/visualiza/index.jsp?data=13/03/2018&amp;jornal=529&amp;pagina=49" editionNumber="49" highlight="" idMateria="10593349">
  <body>
    <Identifica><![CDATA[ RETIFICAÇÃO]]></Identifica>
    <Data><![CDATA[]]></Data>
    <Ementa />
    <Titulo />
    <SubTitulo />
    <Texto><![CDATA[<p class="identifica">RETIFICAÇÃO</p><p>Na Portaria nº 689 de 16 de fevereiro de 2018, publicada no Diário Oficial da União nº 46 de 8 de março de 2018, página 40 Seção 2, que trata de vacância, onde se lê "em virtude de seu ocupante ROBERT WAGNER CONCEIÇÃO"; leia-se: "em virtude de seu ocupante ROBERT WAGNER CONCEIÇÃO SIMÕES"</p>]]></Texto>
  </body>
</article></xml>