﻿<xml><article id="2016871" name="Portaria 32-2018" idOficio="4707139" pubName="DO2" artType="Portaria" pubDate="13/03/2018" artClass="00038:00036:00001:00000:00000:00000:00000:00000:00000:00000:00025:00001" artCategory="Poder Judiciário/Tribunal Regional Eleitoral de São Paulo/Presidência" artSize="8" artNotes="" numberPage="88" pdfPage="http://pesquisa.in.gov.br/imprensa/jsp/visualiza/index.jsp?data=13/03/2018&amp;jornal=529&amp;pagina=88" editionNumber="49" highlight="" idMateria="10594024">
  <body>
    <Identifica><![CDATA[ PORTARIA Nº 32, DE 9 DE MARÇO DE 2018]]></Identifica>
    <Data><![CDATA[]]></Data>
    <Ementa />
    <Titulo />
    <SubTitulo />
    <Texto><![CDATA[<p class="identifica">PORTARIA Nº 32, DE 9 DE MARÇO DE 2018</p><p>O PRESIDENTE DO TRIBUNAL REGIONAL ELEITORAL DE SÃO PAULO, no uso das atribuições regimentais e considerando o que consta do PAD nº 556/2018 8, resolve:</p><p>Art. 1º Conceder, a partir de 14 de janeiro de 2018, pensão vitalícia instituída por Flávio Paulo de Queiroz Ribeiro, Analista Judiciário, Área Administrativa, Classe C, Padrão 13, integralmente, à viúva Ana Maria Brisolla Ribeiro, nos termos do artigo 40, § 7º, inciso I, da Constituição da República, com a redação da Emenda Constitucional n. 41, de 19 de dezembro de 2003, c.c. o artigo 2°, inciso I, e 15, da Lei n. 10.887, de 18 de junho de 2004, bem como dos artigos 215, 217, inciso I, e 222, inciso VII, alínea b, item 6, todos da Lei n. 8.112, de 11 de dezembro de 1990, com a redação da Lei n.13.135, de 17 de junho de 2015.</p><p>Art. 2º Esta Portaria será publicada no Diário Oficial da União.</p><p class="assina">CARLOS EDUARDO CAUDURO PADIN</p>]]></Texto>
  </body>
</article></xml>