﻿<xml><article id="2012886" name="Portaria n°. 152-2018 - nomear f" idOficio="4705564" pubName="DO2" artType="Portaria" pubDate="13/03/2018" artClass="00039:00223:00000:00000:00000:00000:00000:00000:00000:00000:00025:00001" artCategory="Entidades de Fiscalização do Exercício das Profissões Liberais/Conselho Regional de Enfermagem do Distrito Federal" artSize="8" artNotes="" numberPage="90" pdfPage="http://pesquisa.in.gov.br/imprensa/jsp/visualiza/index.jsp?data=13/03/2018&amp;jornal=529&amp;pagina=90" editionNumber="49" highlight="" idMateria="10590978">
  <body>
    <Identifica><![CDATA[ PORTARIA Nº 152, DE 6 DE MARCO DE 2018]]></Identifica>
    <Data><![CDATA[]]></Data>
    <Ementa />
    <Titulo />
    <SubTitulo />
    <Texto><![CDATA[<p class="identifica">PORTARIA Nº 152, DE 6 DE MARCO DE 2018</p><p>O Presidente do Conselho Regional de Enfermagem do Distrito Federal, no uso de suas competencias legais, em conformidade com a Lei n 5905/73 e com o Regimento Interno da Autarquia, aprovado pela Decisao COREN-DF n 114/2012.</p><p>Considerando a Decisao Coren-DF n 352/2017 que proclama o resultado da eleicao interna e posse dos membros da Diretoria do Coren-DF para o mandato 2018/2020;</p><p>Considerando a Portaria n 130/2018 Coren/DF que designa o Conselheiro Secretario Dr. Tiago Pessoa Alves, como Presidente Interino do Coren-DF.</p><p>Considerando o disposto na lei 8666/93, resolve:</p><p>Art. 1 - Designar os funcionarios Elaine Pereira de Azevedo, Suzana Batista de Sousa e Pablo Fernandes Balieiro, sob a presidencia da primeira, constituirem a Comissao Permanente de Licitacao para os proximos 12 (doze) meses.</p><p>Art. 2 - Designar a funcionaria Suzana Batista de Sousa para que substitua a Presidente da Comissao e os demais membros, em caso de ausencia.</p><p>Art. 3 - Revogar a Portaria Coren-DF n 252/2017, publicada no Diario Oficial da Uniao.</p><p>Art. 4 - Esta Portaria entra em vigor a partir desta data, e sera publicada na imprensa oficial.</p><p class="assina">MARCOS WESLEY DE SOUSA FEITOSA</p>]]></Texto>
  </body>
</article></xml>