﻿<xml><article id="2014386" name="Port.1827 TORNA SEM EFEITO - TAE" idOficio="4706672" pubName="DO2" artType="Portaria" pubDate="13/03/2018" artClass="00011:00119:00001:00000:00000:00000:00000:00000:00000:00000:00025:00002" artCategory="Ministério da Educação/Universidade Federal de Minas Gerais/Reitoria" artSize="8" artNotes="" numberPage="35" pdfPage="http://pesquisa.in.gov.br/imprensa/jsp/visualiza/index.jsp?data=13/03/2018&amp;jornal=529&amp;pagina=35" editionNumber="49" highlight="" idMateria="10593455">
  <body>
    <Identifica><![CDATA[ PORTARIA Nº 1.827, DE 8 DE MARÇO DE 2018]]></Identifica>
    <Data><![CDATA[]]></Data>
    <Ementa />
    <Titulo />
    <SubTitulo />
    <Texto><![CDATA[<p class="identifica">PORTARIA Nº 1.827, DE 8 DE MARÇO DE 2018</p><p>O Reitor da Universidade Federal de Minas Gerais, no uso de suas atribuições legais e estatutárias resolve:</p><p>TORNAR SEM EFEITO a Portaria de Retificação nº 992/2018, de 22/02/2018, publicado no Diário Oficial da União de 23/02/2018, Seção 2, página 27, tendo em vista o código de vaga errado.</p><p class="assina">JAIME ARTURO RAMÍREZ</p>]]></Texto>
  </body>
</article></xml>