﻿<xml><article id="1310255" name="Portaria 324-2017" idOficio="4583089" pubName="DO2" artType="Portaria" pubDate="30/01/2018" artClass="00037:00036:00001:00000:00000:00000:00000:00000:00000:00000:00025:00001" artSection="Presidência" artCategory="Presidência" artSize="8" artNotes="" numberPage="53" pdfPage="http://pesquisa.in.gov.br/imprensa/jsp/visualiza/index.jsp?data=30/01/2018&amp;jornal=529&amp;pagina=53" editionNumber="21">
  <body>
    <Identifica><![CDATA[PORTARIA Nº 324, DE 23 DE NOVEMBRO DE 2017]]></Identifica>
    <Data><![CDATA[]]></Data>
    <Ementa />
    <Titulo />
    <SubTitulo />
    <Texto><![CDATA[<p>O PRESIDENTE DO TRIBUNAL REGIONAL ELEITORAL DE SÃO PAULO, no uso das atribuições regimentais e considerando o que consta do PAD n. 10.030/2017, resolve:</p><p>Art. 1º Conceder aposentadoria voluntária, com proventos integrais, ao servidor Antonio Ducci, ocupante do cargo efetivo de Técnico Judiciário, Área Administrativa, Classe C, Padrão 13, nos termos do artigo 3º da Emenda Constitucional n. 47, de 5 de julho de 2005.</p><p>Art. 2º Esta portaria entrará em vigor na data de sua publicação no Diário Oficial da União.</p>]]></Texto>
    <Autores>
      <assina>MÁRIO DEVIENNE FERRAZ</assina>
    </Autores>
  </body>
</article></xml>