﻿<xml><article id="1020893" name="Portaria 325-2017" idOficio="4583161" pubName="DO2" artType="Portaria" pubDate="08/01/2018" artClass="00037:00036:00001:00000:00000:00000:00000:00000:00000:00000:00025:00001" artSection="Presidência" artCategory="Presidência" artSize="8" artNotes="" numberPage="53" pdfPage="http://pesquisa.in.gov.br/imprensa/jsp/visualiza/index.jsp?data=08/01/2018&amp;jornal=529&amp;pagina=53" editionNumber="5">
  <body>
    <Identifica><![CDATA[PORTARIA Nº 325, DE 23 DE NOVEMBRO DE 2017]]></Identifica>
    <Data><![CDATA[]]></Data>
    <Ementa />
    <Titulo />
    <SubTitulo />
    <Texto><![CDATA[<p>O PRESIDENTE DO TRIBUNAL REGIONAL ELEITORAL DE SÃO PAULO, no uso das atribuições regimentais e considerando o que consta do PAD n. 9.896/2017; resolve:</p><p>Art. 1º Conceder aposentadoria voluntária, com proventos integrais, à servidora Celina Maria de Jesus Silveira, ocupante do cargo efetivo de Técnico Judiciário, Área Administrativa, Especialidade Telefonia, Classe C, Padrão 13, nos termos do artigo 6º e seus incisos da Emenda Constitucional 41, de 19 de dezembro de 2003.</p><p>Art. 2º Esta Portaria entrará em vigor na data de sua publicação no Diário Oficial da União.</p>]]></Texto>
    <Autores>
      <assina>MÁRIO DEVIENNE FERRAZ</assina>
    </Autores>
  </body>
</article></xml>