﻿<xml><article id="960586" name="trt9a250-2017 CODAF 290" idOficio="4589275" pubName="DO2" artType="Portaria" pubDate="02/01/2018" artClass="00037:00048:00001:00001:00017:00000:00000:00000:00000:00000:00025:00001" artSection="Coordenadoria de Dados Funcionais" artCategory="Coordenadoria de Dados Funcionais" artSize="8" artNotes="" numberPage="144" pdfPage="http://pesquisa.in.gov.br/imprensa/jsp/visualiza/index.jsp?data=02/01/2018&amp;jornal=529&amp;pagina=144" editionNumber="1">
  <body>
    <Identifica><![CDATA[PORTARIA Nº 290, DE 22 DE NOVEMBRO DE 2017]]></Identifica>
    <Data><![CDATA[]]></Data>
    <Ementa />
    <Titulo />
    <SubTitulo />
    <Texto><![CDATA[<p>O COORDENADOR DE DADOS FUNCIONAIS DO TRIBUNAL REGIONAL DO TRABALHO DA 9ª REGIÃO, usando de suas atribuições legais, e diante do disposto nos DES ADG 2661/2016 e DES GABSGP 1175/2016, resolve: </p><p>I - designar CLEUDINÉIA ERMELINDA BOLOGNESI TANAKA, Técnica Judiciária Área Administrativa, classe C, padrão 13, para EXERCER o Cargo em Comissão de Assistente de Diretor de Secretaria (c-9530), código TRT 9ª CJ-1, da Direção de Fórum Trabalhista de Maringá, a partir da data da publicação até 30/04/2018 (Documento Eletrônico nº 2/2017); II - dispensar SANDRA ALVARENGA DE MELLO PEROCO, Analista Judiciária Área Judiciária, classe C, padrão 13, do Cargo em Comissão de Assistente de Diretor de Secretaria (c-9530), código TRT 9ª CJ-1, da Direção de Fórum Trabalhista de Maringá, a partir da data de publicação (Documento Eletrônico nº 2/2017).</p><p> </p>]]></Texto>
    <Autores>
      <assina>FERNANDO CESAR BELINCANTA</assina>
    </Autores>
  </body>
</article></xml>