﻿<xml><article id="1020899" name="trt9a254-2017 ATO 272" idOficio="4590304" pubName="DO2" artType="Ato" pubDate="08/01/2018" artClass="00037:00048:00001:00001:00017:00000:00000:00000:00000:00000:00001:00001" artSection="Poder Judiciário" artCategory="Tribunal Regional do Trabalho da 9ª Região" artSize="8" artNotes="" numberPage="56" pdfPage="http://pesquisa.in.gov.br/imprensa/jsp/visualiza/index.jsp?data=08/01/2018&amp;jornal=529&amp;pagina=56" editionNumber="5">
  <body>
    <Identifica><![CDATA[ATO Nº 272, DE 10 DE NOVEMBRO DE 2017]]></Identifica>
    <Data><![CDATA[]]></Data>
    <Ementa />
    <Titulo />
    <SubTitulo />
    <Texto><![CDATA[<p> O DESEMBARGADOR DO TRABALHO, PRESIDENTE DO TRIBUNAL REGIONAL DO TRABALHO DA 9ª REGIÃO, usando de suas atribuições legais, diante do disposto no art. 25, inciso LV-A, do Regimento Interno e do contido no PRP nº 110/2017, resolve:</p><p> Art. 1º Conceder, ad referendum do Órgão Especial, aposentadoria à servidora MARIA MADALENA STELMATCHUK, nos termos do art. 3º da EC nº 47/2005, com proventos integrais por tempo de contribuição, no montante de R$ 20.441,63 (vinte mil quatrocentos e quarenta e um reais e sessenta e três centavos), correspondentes à remuneração do cargo efetivo de Analista Judiciário, Área Judiciária, classe C, padrão 13, conforme arts. 12 e 13 da Lei nº 11.416/2006 (Vencimento Servidor Inativo de R$ 7.444.43 e GAJ Cargo Inativo de R$ 9.082,20), acrescidos das seguintes vantagens: a) vantagem pessoal nominalmente identificada - VPNI, equivalente a 10/10 da função comissionada de nível FC-04, no valor de R$ 2.984,45, conforme disposto nos arts. 3º da Lei nº 8.911/1994, 5º da Lei nº 9.624/1998 e 62-A da Lei nº 8.112/1990; b) 5% da gratificação adicional por tempo de serviço - GATS, no valor de R$ 372,22, prevista no art. 67 da Lei nº 8.112/1990; e c) Adicional de qualificação - AQ, referente a curso de especialização, no importe de 7,5%, incidente sobre o vencimento básico do cargo efetivo ocupado pela servidora, no valor de R$ 558,33, nos termos dos arts. 14, § 5º, e 15, III, da Lei nº 11.416/2006, e art. 6º, III, do Anexo I, da Portaria Conjunta nº 1/2007. Faz jus, ainda, à paridade de vencimentos com o pessoal da ativa, nos termos do art. 3º, parágrafo único, da EC nº 47/2005, estendendo-se tal paridade a eventuais pensionistas. Art. 2º Conceder indenização de férias no valor total de R$ 57.767,95, resultante de: a) pagamento indenizado de 20 dias de férias relativas ao exercício 2016, no valor de R$ 15.069,90; b) pagamento indenizado de 30 dias de férias relativas ao exercício de 2017, no valor de R$ 22.604,85, e do respectivo terço indenizado, no valor de R$ 7.534,95; e c) 5/12 (cinco doze avos) de férias proporcionais referentes ao período de 24/08/2017 a 07/01/2018, no valor de R$ 9.418,69, e do respectivo terço indenizado, no valor de R$ 3.139,56, nos termos do artigo 78, §§ 3º e 4º da Lei 8.112/1990, c/c o art. 24, caput e § 4º, da Resolução CSJT nº 162/2016. O pagamento, que deverá ocorrer sem a incidência do imposto de renda na fonte e de contribuição previdenciária, nos termos do art. 9º, caput, do Ato TRT9 nº 74/2016, resultante da base de cálculo composta por: Vencimento Estatutário (R$ 7.444,43), GAJ (R$ 9.082,20), GATS (R$ 372,22), AQ - Especialização (R$ 558,33), AQ - Treinamento (R$ 223,33), Função Comissionada FC-4 (R$ 1.939,89) e VPNI (R$ 2.984,45). Art. 3º Declarar vago o cargo acima citado, nos termos do inciso VII, art. 33, da Lei n.º 8.112/1990.</p><p> </p>]]></Texto>
    <Autores>
      <assina>Desembargador ARNOR LIMA NETO</assina>
    </Autores>
  </body>
</article></xml>