﻿<xml><article id="1096068" name="trt9a253-2017 CODAF 293" idOficio="4590263" pubName="DO2" artType="Portaria" pubDate="12/01/2018" artClass="00037:00048:00001:00001:00017:00000:00000:00000:00000:00000:00025:00001" artSection="Coordenadoria de Dados Funcionais" artCategory="Coordenadoria de Dados Funcionais" artSize="8" artNotes="" numberPage="56" pdfPage="http://pesquisa.in.gov.br/imprensa/jsp/visualiza/index.jsp?data=12/01/2018&amp;jornal=529&amp;pagina=56" editionNumber="9">
  <body>
    <Identifica><![CDATA[PORTARIA Nº 293, DE 28 DE NOVEMBRO DE 2017]]></Identifica>
    <Data><![CDATA[]]></Data>
    <Ementa />
    <Titulo />
    <SubTitulo />
    <Texto><![CDATA[<p>A COORDENADORA SUBSTITUTA DE DADOS FUNCIONAIS DO TRIBUNAL REGIONAL DO TRABALHO DA 9ª REGIÃO, usando de suas atribuições legais, e diante do disposto nos DES ADG 2661/2016 e DES GABSGP 1175/2016, resolve: </p><p>I - designar ARNALDO ROGÉRIO PESTANA DE SOUSA, Analista Judiciário Área Administrativa, classe C, padrão 13, para EXERCER o Cargo em Comissão de Diretor de Secretaria (c-7376), código TRT 9ª CJ-3, da Secretaria de Licitações e Contratos, a partir da data da publicação (Documento Eletrônico nº 1/2017); </p><p>II - dispensar MARIA CECÍLIA GARIBOTTI COMASSETTO, Técnica Judiciária Área Administrativa, classe C, padrão 13, do Cargo em Comissão de Diretor de Secretaria (c-7376), código TRT 9ª CJ-3, da Secretaria de Licitações e Contratos, a partir da data de publicação (Documento Eletrônico nº 1/2017).</p><p> </p>]]></Texto>
    <Autores>
      <assina>ROSSANA SANTOS CARVALHO</assina>
    </Autores>
  </body>
</article></xml>