﻿<xml><article id="1168945" name="Portaria 323-2017" idOficio="4585777" pubName="DO2" artType="Portaria" pubDate="18/01/2018" artClass="00037:00036:00001:00000:00000:00000:00000:00000:00000:00000:00025:00001" artSection="Presidência" artCategory="Presidência" artSize="8" artNotes="" numberPage="41" pdfPage="http://pesquisa.in.gov.br/imprensa/jsp/visualiza/index.jsp?data=18/01/2018&amp;jornal=529&amp;pagina=41" editionNumber="13">
  <body>
    <Identifica><![CDATA[PORTARIA Nº 323, DE 6 DE NOVEMBRO DE 2017]]></Identifica>
    <Data><![CDATA[]]></Data>
    <Ementa />
    <Titulo />
    <SubTitulo />
    <Texto><![CDATA[<p>O PRESIDENTE DO TRIBUNAL REGIONAL ELEITORAL DE SÃO PAULO, no uso das atribuições regimentais e considerando o que consta do PAD nº 9.388/2017, resolve:</p><p>Art. 1º Conceder aposentadoria voluntária, com proventos integrais, à servidora Sueli Pereira, ocupante do cargo efetivo de Analista Judiciário, Área Judiciária, Classe C, Padrão 13, nos termos do artigo 3º da Emenda Constitucional n. 47, de 5 de julho de 2005.</p><p>Art. 2º Esta portaria entrará em vigor na data de sua publicação no Diário Oficial da União.</p>]]></Texto>
    <Autores>
      <assina>MÁRIO DEVIENNE FERRAZ</assina>
    </Autores>
  </body>
</article></xml>