﻿<xml><article id="979018" name="trt9a257-2017 CODAF 297" idOficio="4591313" pubName="DO2" artType="Portaria" pubDate="03/01/2018" artClass="00037:00048:00001:00001:00017:00000:00000:00000:00000:00000:00025:00001" artSection="Coordenadoria de Dados Funcionais" artCategory="Coordenadoria de Dados Funcionais" artSize="8" artNotes="" numberPage="26" pdfPage="http://pesquisa.in.gov.br/imprensa/jsp/visualiza/index.jsp?data=03/01/2018&amp;jornal=529&amp;pagina=26" editionNumber="2">
  <body>
    <Identifica><![CDATA[PORTARIA Nº 297, DE 1º DE DEZEMBRO DE 2017]]></Identifica>
    <Data><![CDATA[]]></Data>
    <Ementa />
    <Titulo />
    <SubTitulo />
    <Texto><![CDATA[<p>O COORDENADOR DE DADOS FUNCIONAIS DO TRIBUNAL REGIONAL DO TRABALHO DA 9ª REGIÃO, usando de suas atribuições legais, e diante do disposto nos DES ADG 2661/2016 e DES GABSGP 1175/2016, resolve: </p><p>I - designar ROSANI COLVARA SANTIAGO, Servidor(a) do(a) Tribunal Regional do Trabalho da 5ª Região, para EXERCER o Cargo em Comissão de Assistente de Diretor de Secretaria (c-5115), código TRT 9ª CJ-1,  16ª Vara do Trabalho de Curitiba, a partir da data da publicação, dispensando-a da Função Comissionada de Assistente de Juiz (c-5268), código TRT 9ª FC-5, desta unidade, a partir da mesma data (Documento Eletrônico nº 4/2017);</p><p> II - dispensar ELIANA ROLLWAGEM, Analista Judiciária Área Judiciária, classe B, padrão 9, do Cargo em Comissão de Assistente de Diretor de Secretaria (c-5115), código TRT 9ª CJ-1,  16ª Vara do Trabalho de Curitiba, a partir da data de publicação (Documento Eletrônico nº 4/2017).</p><p> </p>]]></Texto>
    <Autores>
      <assina>FERNANDO CESAR BELINCANTA</assina>
    </Autores>
  </body>
</article></xml>