﻿<xml><article id="1134620" name="port381-17 - Francisco Goulart" idOficio="4592571" pubName="DO2" artType="Portaria" pubDate="16/01/2018" artClass="00037:00023:00000:00000:00000:00000:00000:00000:00000:00000:00025:00001" artSection="Poder Judiciário" artCategory="Tribunal Regional Eleitoral do Mato Grosso do Sul" artSize="8" artNotes="" numberPage="47" pdfPage="http://pesquisa.in.gov.br/imprensa/jsp/visualiza/index.jsp?data=16/01/2018&amp;jornal=529&amp;pagina=47" editionNumber="11">
  <body>
    <Identifica><![CDATA[PORTARIA Nº 381, de 29 de novembro de 2017]]></Identifica>
    <Data><![CDATA[]]></Data>
    <Ementa />
    <Titulo />
    <SubTitulo />
    <Texto><![CDATA[<p> A DESEMBARGADORA TÂNIA GARCIA DE FREITAS BORGES, PRESIDENTE DO EGRÉGIO TRIBUNAL REGIONAL ELEITORAL DE MATO GROSSO DO SUL, no uso das prerrogativas que lhe são conferidas pelo artigo 22, inciso XII, da Resolução TRE/MS nº 170, de 18.12.97, Regimento Interno deste Tribunal, e tendo em vista o teor do Processo SEI nº  0008258-23.2017.6.12.8000, resolve:</p><p>Art. 1º Conceder ao servidor FRANCISCO GOULART, ocupante do cargo efetivo de Técnico Judiciário - Área Administrativa, criado pela Lei n.º 7645 de 18/12/1987, Classe "C", Padrão NI-13, APOSENTADORIA VOLUNTÁRIA COM PROVENTOS INTEGRAIS E PARIDADE, com fulcro no artigo 3º da Emenda Constitucional nº 47/2005 c/c o art. 7º da Emenda Constitucional nº 41/03, assegurando-lhe, ainda, a inclusão em seus proventos da vantagem VPNI, decorrente de quintos incorporados, bem como da parcela "opção", prevista no § 2º do art. 18 da Lei nº 11.416/2006, com redação dada pela Lei nº 12.774/12, cuja referência é a função comissionada de nível retributivo FC-05 .</p><p>Art. 2º Dispensar o servidor FRANCISCO GOULART, ocupante do cargo efetivo de Técnico Judiciário - Área Administrativa da função comissionada de Oficial de Gabinete da Vice-Presidência e Corregedoria Regional Eleitoral deste Tribunal Eleitoral.</p><p>Art. 3º Esta Portaria entra em vigor na data de sua publicação, nos termos do art. 188 da Lei 8.112/90.</p>]]></Texto>
    <Autores>
      <assina>TÂNIA GARCIA DE FREITAS BORGES</assina>
    </Autores>
  </body>
</article></xml>