﻿<xml><article id="1205390" name="DOU02_ATO_126_2017_SUBSTITUIÇÃO_" idOficio="4592218" pubName="DO2" artType="Ato" pubDate="22/01/2018" artClass="00037:00059:00001:00000:00000:00000:00000:00000:00000:00000:00001:00001" artSection="Presidência" artCategory="Presidência" artSize="8" artNotes="" numberPage="55" pdfPage="http://pesquisa.in.gov.br/imprensa/jsp/visualiza/index.jsp?data=22/01/2018&amp;jornal=529&amp;pagina=55" editionNumber="15">
  <body>
    <Identifica><![CDATA[ATO Nº 126, de 1 DE DEZEMBRO DE 2017]]></Identifica>
    <Data><![CDATA[]]></Data>
    <Ementa />
    <Titulo />
    <SubTitulo />
    <Texto><![CDATA[<p> O DESEMBARGADOR PRESIDENTE DO TRIBUNAL REGIONAL DO TRABALHO DA 20ª REGIÃO, no uso de suas atribuições legais e regimentais, tendo em vista o que consta do Processo Administrativo Eletrônico Nº 35186/2017, resolve:</p><p>Designar a Bacharela em Direito GINA BOMFIM COIMBRA BENEVELLO ESPÍNOLA, Técnico Judiciário - Área Administrativa do Quadro Permanente de Pessoal da Secretaria deste Tribunal, para substituir PAULO IANEZ VIDAL DE LIMA no cargo em comissão de ASSESSOR DE DESEMBARGADOR (CJ-3) do Gabinete do Exmo. Desembargador JOSENILDO DOS SANTOS CARVALHO, no período de 22/1/2018 a 2/2/2018, em virtude de férias do titular, observando os termos do ATO DG.PR Nº 171/2011.</p>]]></Texto>
    <Autores>
      <assina>THENISSON SANTANA DÓRIA</assina>
    </Autores>
  </body>
</article></xml>