﻿<xml><article id="1020924" name="PORTARIA GPR 2640" idOficio="4598059" pubName="DO2" artType="Portaria" pubDate="08/01/2018" artClass="00037:00039:00002:00000:00000:00000:00000:00000:00000:00000:00025:00001" artSection="Presidência" artCategory="Presidência" artSize="8" artNotes="" numberPage="53" pdfPage="http://pesquisa.in.gov.br/imprensa/jsp/visualiza/index.jsp?data=08/01/2018&amp;jornal=529&amp;pagina=53" editionNumber="5">
  <body>
    <Identifica><![CDATA[Portaria nº 2.640, de 24 de novembro de 2017]]></Identifica>
    <Data><![CDATA[]]></Data>
    <Ementa />
    <Titulo />
    <SubTitulo />
    <Texto><![CDATA[<p> O PRESIDENTE DO TRIBUNAL DE JUSTIÇA DO DISTRITO FEDERAL E DOS TERRITÓRIOS, no uso de sua competência legal, com base no disposto no art. 37 da Lei 8.112/1990, na Resolução CNJ 146/2012 e no Acórdão TCU 3.447/2012 - Plenário, bem como no PA 0012465/2017, resolve:</p><p>Redistribuir o cargo de Analista Judiciário, Área Judiciária, Sem Especialidade, ocupado pelo servidor OTÁVIO AUGUSTO DA SILVA CUCAROLI, matrícula 317.855, do Quadro de Pessoal deste Tribunal, em reciprocidade com cargo de igual denominação ocupado por MARIA DA GLÓRIA DE SOUSA BRANT RIBEIRO, matrícula 7600-7, do Quadro de Pessoal do Tribunal Regional do Trabalho da 1ª Região - TRT1, Rio de Janeiro.</p><p> </p>]]></Texto>
    <Autores>
      <assina>Desembargador MARIO MACHADO</assina>
    </Autores>
  </body>
</article></xml>