﻿<xml><article id="1020912" name="Portaria P n. 384, de 05 de deze" idOficio="4596980" pubName="DO2" artType="Portaria" pubDate="08/01/2018" artClass="00037:00031:00001:00000:00000:00000:00000:00000:00000:00000:00025:00001" artSection="Presidência" artCategory="Presidência" artSize="8" artNotes="" numberPage="53" pdfPage="http://pesquisa.in.gov.br/imprensa/jsp/visualiza/index.jsp?data=08/01/2018&amp;jornal=529&amp;pagina=53" editionNumber="5">
  <body>
    <Identifica><![CDATA[PORTARIA Nº 384, DE 5 DE DEZEMBRO DE 2017]]></Identifica>
    <Data><![CDATA[]]></Data>
    <Ementa />
    <Titulo />
    <SubTitulo />
    <Texto><![CDATA[<p> </p><p> O DESEMBARGADOR JORGE LUÍS DALL'AGNOL, VICE-PRESIDENTE NO EXERCÍCIO DA PRESIDÊNCIA DO TRIBUNAL REGIONAL ELEITORAL DO RIO GRANDE DO SUL, NO USO DE SUAS ATRIBUIÇÕES LEGAIS, EM CONFORMIDADE COM O ART. 36, PARÁGRAFO ÚNICO, INCISO II, DA LEI N. 8.112/1990, REGULAMENTADA PELA RESOLUÇÃO TSE N. 23.092/2009, E NA DECISÃO PROFERIDA NOS AUTOS DO PROCESSO ADMINISTRATIVO ELETRÔNICO N. 1276/2017, resolve:</p><p>Art. 1º Remover, a pedido, na modalidade permuta, a servidora DANIELLE DE OLIVEIRA GOMES, ocupante do cargo de Técnico Judiciário, Área Administrativa, do Quadro de Pessoal do Tribunal Regional Eleitoral do Rio Grande do Sul, para o Tribunal Regional Eleitoral de Santa Catarina, a contar de 08 de janeiro de 2018.</p><p>Art. 2º Conceder à servidora 30 (trinta) dias de trânsito, a contar de 08 de janeiro de 2018.</p><p>Art. 3º Esta Portaria entra em vigor na data de sua publicação.</p><p> </p>]]></Texto>
    <Autores>
      <assina>Desembargador JORGE LUÍS DALL'AGNOL</assina>
    </Autores>
  </body>
</article></xml>