﻿<xml><article id="960595" name="Port. APO - 7160" idOficio="4598632" pubName="DO2" artType="Portaria" pubDate="02/01/2018" artClass="00011:00119:00001:00001:00000:00000:00000:00000:00000:00000:00025:00001" artSection="Gabinete" artCategory="Gabinete" artSize="8" artNotes="" numberPage="32" pdfPage="http://pesquisa.in.gov.br/imprensa/jsp/visualiza/index.jsp?data=02/01/2018&amp;jornal=529&amp;pagina=32" editionNumber="1">
  <body>
    <Identifica><![CDATA[PORTARIA Nº 7.160, DE 09 DE NOVEMBRO DE 2017]]></Identifica>
    <Data><![CDATA[]]></Data>
    <Ementa />
    <Titulo />
    <SubTitulo />
    <Texto><![CDATA[<p> O Reitor da Universidade Federal de Minas Gerais, no uso de suas atribuições, resolve:</p><p>Nos termos do art. 3º, da EC nº 47/2005, aposentar YONE MARIA GONZAGA, inscrição UFMG nº 104191, matrícula SIAPE nº 0322861, ocupante do cargo de Assistente em Administração, Nível de Classificação D, Nível de Capacitação IV, Padrão de Vencimento 16, lotada na Faculdade de Odontologia, com proventos integrais, por ter provado contar 36 (trinta e seis) anos de contribuição.</p>]]></Texto>
    <Autores>
      <assina>JAIME ARTURO RAMÍREZ</assina>
    </Autores>
  </body>
</article></xml>