﻿<xml><article id="1020905" name="trt9a258-2017 ATO 287" idOficio="4596964" pubName="DO2" artType="Ato" pubDate="08/01/2018" artClass="00037:00048:00001:00001:00017:00000:00000:00000:00000:00000:00001:00004" artSection="Coordenadoria de Dados Funcionais" artCategory="Coordenadoria de Dados Funcionais" artSize="8" artNotes="" numberPage="57" pdfPage="http://pesquisa.in.gov.br/imprensa/jsp/visualiza/index.jsp?data=08/01/2018&amp;jornal=529&amp;pagina=57" editionNumber="5">
  <body>
    <Identifica><![CDATA[ATO Nº 287, DE 24 DE NOVEMBRO DE 2017]]></Identifica>
    <Data><![CDATA[]]></Data>
    <Ementa />
    <Titulo />
    <SubTitulo />
    <Texto><![CDATA[<p> O DESEMBARGADOR DO TRABALHO, PRESIDENTE DO TRIBUNAL REGIONAL DO TRABALHO DA 9ª REGIÃO, usando de suas atribuições legais, diante do disposto no art. 25 do Regimento Interno, e do contido no expediente "Redistribuição 01ª Vara Do Trabalho De Toledo 002/2017" e na Certidão SADM no 292/2017, resolve:</p><p>Art. 1º Redistribuir, a partir da data da publicação, nos termos do art. 37 da Lei nº 8.112/1990, o cargo efetivo de Técnico Judiciário, Área Administrativa, criado pela Lei nº 10.770/2003, do Quadro de Pessoal Permanente desta Corte, ocupado pelo servidor RAFAEL MOLINA VICARI, para o Quadro de Pessoal Permanente do Tribunal Regional do Trabalho da 15ª Região, em reciprocidade com o cargo de Técnico Judiciário, Área Administrativa, ocupado pela servidora KARINE MONIK PAGANOTTO. Art. 2º Lotar, em virtude do disposto no art. 1°, a servidora KARINE MONIK PAGANOTTO na 01ª Vara do Trabalho de Toledo.</p><p> </p>]]></Texto>
    <Autores>
      <assina>Desembargador ARNOR LIMA NETO</assina>
    </Autores>
  </body>
</article></xml>