﻿<xml><article id="1115504" name="trt9a259-2017 ATO 296" idOficio="4595322" pubName="DO2" artType="Ato" pubDate="15/01/2018" artClass="00037:00048:00001:00001:00017:00000:00000:00000:00000:00000:00001:00001" artSection="Coordenadoria de Dados Funcionais" artCategory="Coordenadoria de Dados Funcionais" artSize="8" artNotes="" numberPage="52" pdfPage="http://pesquisa.in.gov.br/imprensa/jsp/visualiza/index.jsp?data=15/01/2018&amp;jornal=529&amp;pagina=52" editionNumber="10">
  <body>
    <Identifica><![CDATA[ATO Nº 296, DE 1 DE DEZEMBRO DE 2017]]></Identifica>
    <Data><![CDATA[]]></Data>
    <Ementa />
    <Titulo />
    <SubTitulo />
    <Texto><![CDATA[<p> A DESEMBARGADORA DO TRABALHO, PRESIDENTE DO TRIBUNAL REGIONAL DO TRABALHO DA 9ª REGIÃO, usando de suas atribuições legais, diante do disposto no art. 25 do Regimento Interno e do contido no PRP n° 113/2017, resolve:</p><p> Art. 1º Remover, a pedido, a servidora ROSÂNGELA ZITO LOSADA, Técnica Judiciária, Área Administrativa, classe C, padrão 13, do Quadro de Pessoal Permanente deste Tribunal, para o Tribunal Regional do Trabalho da 11ª Região, a partir da data da publicação, para acompanhar cônjuge, com fundamento do art. 36, parágrafo único, III, "a", da Lei nº 8.112/1990, c/c o art. 17 da Resolução nº 110/2012, do Conselho Superior da Justiça do Trabalho. Art. 2º Conceder, a partir da data da publicação, 20 (vinte) dias de trânsito à servidora, com fundamento no art. 18, da Lei nº 8.112/1990.</p>]]></Texto>
    <Autores>
      <assina>MARLENE T. FUVERKI SUGUIMATSU</assina>
    </Autores>
  </body>
</article></xml>