﻿<xml><article id="960589" name="trt9a256-2017 CODAF 296" idOficio="4597132" pubName="DO2" artType="Portaria" pubDate="02/01/2018" artClass="00037:00048:00001:00001:00017:00000:00000:00000:00000:00000:00025:00001" artSection="Coordenadoria de Dados Funcionais" artCategory="Coordenadoria de Dados Funcionais" artSize="8" artNotes="" numberPage="144" pdfPage="http://pesquisa.in.gov.br/imprensa/jsp/visualiza/index.jsp?data=02/01/2018&amp;jornal=529&amp;pagina=144" editionNumber="1">
  <body>
    <Identifica><![CDATA[PORTARIA Nº 296, DE 1º DE DEZEMBRO DE 2017]]></Identifica>
    <Data><![CDATA[]]></Data>
    <Ementa />
    <Titulo />
    <SubTitulo />
    <Texto><![CDATA[<p> O COORDENADOR DE DADOS FUNCIONAIS DO TRIBUNAL REGIONAL DO TRABALHO DA 9ª REGIÃO, usando de suas atribuições legais, e diante do disposto nos DES ADG 2661/2016 e DES GABSGP 1175/2016, resolve: </p><p>I - designar MARINA NARDI POZZEBON, Técnica Judiciária Área Administrativa, classe B, padrão 10, para EXERCER o Cargo em Comissão de Assistente de Diretor de Secretaria (c-5105), código TRT 9ª CJ-1, 06ª Vara do Trabalho de Curitiba, a partir da data da publicação até 31/01/2018 (Documento Eletrônico nº 14/2017); II - designar DGEANNE DE CARVALHO GRANJA ALENCAR, Técnica Judiciária Área Administrativa, classe B, padrão 7, para EXERCER o Cargo em Comissão de Assistente de Diretor de Secretaria (c-5112), código TRT 9ª CJ-1,  13ª Vara do Trabalho de Curitiba, a partir da data da publicação (Documento Eletrônico nº 4/2017).</p><p> </p>]]></Texto>
    <Autores>
      <assina>FERNANDO CESAR BELINCANTA</assina>
    </Autores>
  </body>
</article></xml>