﻿<xml><article id="1020960" name="trt9a267-2017 ATO 286" idOficio="4603311" pubName="DO2" artType="Ato" pubDate="08/01/2018" artClass="00037:00048:00001:00001:00017:00000:00000:00000:00000:00000:00001:00003" artSection="Coordenadoria de Dados Funcionais" artCategory="Coordenadoria de Dados Funcionais" artSize="8" artNotes="" numberPage="57" pdfPage="http://pesquisa.in.gov.br/imprensa/jsp/visualiza/index.jsp?data=08/01/2018&amp;jornal=529&amp;pagina=57" editionNumber="5">
  <body>
    <Identifica><![CDATA[ATO Nº 286, DE 5 DE DEZEMBRO DE 2017]]></Identifica>
    <Data><![CDATA[]]></Data>
    <Ementa />
    <Titulo />
    <SubTitulo />
    <Texto><![CDATA[<p> A DESEMBARGADORA DO TRABALHO, PRESIDENTE DO TRIBUNAL REGIONAL DO TRABALHO DA 9ª REGIÃO, usando de suas atribuições legais, diante do disposto no art. 25, inciso LV-A, do Regimento Interno e do contido no PRP nº 116/2017, resolve:</p><p> Art. 1º Conceder, ad referendum do Órgão Especial, aposentadoria à servidora EMERCINE DUQUE DA COSTA, nos termos do art. 3º, da EC nº 47/2005, com proventos integrais por tempo de contribuição, no montante de R$ 23.583,85 (vinte e três mil quinhentos e oitenta e três reais e oitenta e cinco centavos), correspondentes à remuneração do cargo efetivo de Analista Judiciário, Área Judiciária, Especialidade Oficial de Justiça Avaliador Federal, classe C, padrão 13, conforme arts. 12 e 13, da Lei nº 11.416/2006, (Vencimento Servidor Inativo de R$ 7.444,43 e GAJ Cargo Inativo de R$ 9.082,20), acrescidos das seguintes vantagens: a) vantagem pessoal nominalmente identificada - VPNI, equivalente a 8/10 da função comissionada de nível FC-4, no valor de R$ 2.387,56, e 2/10 da função comissionada de nível FC-5, no valor de R$ 686,89, conforme disposto nos arts. 3º da Lei nº 8.911/1994, 5º da Lei nº 9.624/1998 e 62-A da Lei nº 8.112/1990; b) 11% da gratificação adicional por tempo de serviço - GATS, prevista no art. 67, da Lei nº 8.112/1990, equivalente a R$ 818,89; c) adicional de qualificação - AQ, referente a curso de especialização, no importe de 7,5%, incidente sobre o vencimento básico do cargo efetivo ocupado pela servidora, nos termos dos arts. 14, § 5º, e 15, III, da Lei nº 11.416/2006, e art. 6º, III, do Anexo I, da Portaria Conjunta nº 1/2007, no valor de R$ 558,33; e d) Gratificação de Atividade Externa - GAE, instituída pelo art. 16 da Lei nº 11.416/2006 e regulamentada pelo Anexo II da Portaria Conjunta nº 1/2007, no valor de R$ 2.605,55. Faz jus, ainda, à paridade de vencimentos com o pessoal da ativa, nos termos do art. 3º, parágrafo único, da EC nº 47/2005, estendendo-se tal paridade a eventuais pensionistas. Art. 2º Conceder indenização de férias no valor total de R$ 28.915,71, resultante do pagamento de férias proporcionais referentes ao período de 26/01/2017 a 07/01/2018, no importe de 11/12 (onze doze avos), no valor de R$ 21.686,78, e do respectivo terço indenizado no valor de R$ 7.228,93, nos termos do art. 78, §§ 3º e 4º, da Lei nº 8.112/1990, c/c o art. 24, caput, e § 4º, da Resolução CSJT nº 162/2016. O pagamento, que deverá ocorrer sem a incidência do imposto de renda na fonte e de contribuição previdenciária, nos termos do art. 9º, caput, do Ato TRT9 nº 74/2016, é resultante da base de cálculo composta por Vencimento Estatutário (R$ 7.444,43), GAJ (R$ 9.082,20), GAE (2.605,55), AQ - Especialização (R$ 558,33), AQ - Treinamentos (R$ 74,45), GATS (R$ 818,89) e VPNI (R$ 3.074,45). Art. 3º Conceder 30 dias de licença-prêmio indenizados (quinquênio 1990/1995), não usufruídos e não computados em dobro, para efeitos de abono de permanência e de aposentadoria, no valor de R$ 23.583,85, nos termos da Lei 8.112/1990 (arts. 87 e 88 - redação original) e da Lei nº 9.527/1997 (art. 7º), da Resolução CSJT nº 72/2010, dos Acórdãos TCU nºs 1.342/2011 e 1.980/2009, ambos do Plenário, e da Matéria Administrativa TRT9 nº 00984-2009-909-09-00-7, sem a incidência de imposto de renda e do desconto previdenciário para o PSSS (art. 3º, da Resolução CSJT nº 72/2010), resultante da base de cálculo composta por: Vencimento Estatutário (R$ 7.444,43), GAJ (R$ 9.082,20), GAE (2.605,55), AQ - Especialização (R$ 558,33), GATS (R$ 818,89) e VPNI (R$ 3.074,45). Art. 4º Declarar vago o cargo acima citado, nos termos do inciso VII, art. 33, da Lei n.º 8.112/1990.</p><p> </p>]]></Texto>
    <Autores>
      <assina>Desª MARLENE T. FUVERKI SUGUIMATSU</assina>
    </Autores>
  </body>
</article></xml>