﻿<xml><article id="1020927" name="trt9a264-2017 ATO 294" idOficio="4600180" pubName="DO2" artType="Ato" pubDate="08/01/2018" artClass="00037:00048:00001:00001:00017:00000:00000:00000:00000:00000:00001:00006" artSection="Coordenadoria de Dados Funcionais" artCategory="Coordenadoria de Dados Funcionais" artSize="8" artNotes="" numberPage="57" pdfPage="http://pesquisa.in.gov.br/imprensa/jsp/visualiza/index.jsp?data=08/01/2018&amp;jornal=529&amp;pagina=57" editionNumber="5">
  <body>
    <Identifica><![CDATA[ATO Nº 294, DE 1 DE DEZEMBRO DE 2017]]></Identifica>
    <Data><![CDATA[]]></Data>
    <Ementa />
    <Titulo />
    <SubTitulo />
    <Texto><![CDATA[<p> A DESEMBARGADORA DO TRABALHO, PRESIDENTE DO TRIBUNAL REGIONAL DO TRABALHO DA 9ª REGIÃO, usando de suas atribuições legais, diante do disposto no art. 25, inciso LV-A, do Regimento Interno e do contido no PRP nº 120/2017, resolve: </p><p>Art. 1º Conceder, ad referendum do Órgão Especial, aposentadoria à servidora ÂNGELA MARIA BIEDACHA, nos termos do art. 3º, da EC nº 47/2005, com proventos integrais ao tempo de contribuição, no montante de R$ 15.838,68 (quinze mil oitocentos e trinta e oito reais e sessenta e oito centavos), correspondentes à remuneração do cargo efetivo de Técnico Judiciário, Área Administrativa, classe C, padrão 13, conforme arts. 12 e 13, da Lei nº 11.416/2006, (Vencimento Servidor Inativo de R$ 4.537,30 e GAJ Cargo Inativo de R$ 5.535,51), acrescidos das seguintes vantagens: a) vantagem pessoal nominalmente identificada - VPNI, equivalente a 6/10 do cargo em comissão de nível CJ-2, no valor de R$ 3.642,69, 2/10 de função comissionada de nível FC-4, no valor de R$ 596,90 e 2/10 da função comissionada de nível FC-05, no valor de R$ 686,88, conforme disposto nos arts. 3º da Lei nº 8.911/1994, 5º da Lei nº 9.624/1998 e 62-A da Lei nº 8.112/1990; b) 11% da gratificação adicional por tempo de serviço - GATS, equivalente a R$ 499,10, prevista no art. 67, da Lei nº 8.112/1990; e c) adicional de qualificação - AQ, referente a curso de especialização, no  importe de 7,5%, incidente sobre o vencimento básico do cargo efetivo ocupado pela servidora, no valor de R$ 340,30, nos termos dos arts. 14, § 5º, e 15, III, da Lei nº 11.416/2006, e art. 6º, III, do Anexo I, da Portaria Conjunta nº 1/2007. Faz jus, ainda, à paridade de vencimentos com o pessoal da ativa, nos termos do art. 3º, parágrafo único, da EC nº 47/2005, estendendo-se tal paridade a eventuais pensionistas. Art. 2º Conceder indenização de férias no valor total de R$ 15.974,80, resultante de: a) pagamento indenizado de férias proporcionais referentes ao período aquisitivo de 11/4/2017 a 7/1/2018 (9/12 avos), no valor de R$ 11.981,10 e do respectivo terço indenizado, no valor de R$ 3.993,70, nos termos do artigo 78, §§ 3º e 4º da Lei 8.112/1990, c/c o art. 24, caput e § 4º, da Resolução CSJT nº 162/2016. O pagamento deverá ocorrer sem a incidência do imposto de renda na fonte e de contribuição previdenciária, nos termos do art. 9º, caput, do Ato TRT9 nº 74/2016, resultante da base de cálculo composta por: Vencimento Estatutário (R$ 4.537,30), GAJ (R$ 5.535,51), AQ - Especialização (R$ 340,30), AQ - Treinamento (R$ 136,12), GATS (R$ 499,10) e VPNI (R$ 4.926,47). Art. 3º Conceder 90 dias de licença-prêmio indenizados, quinquênios de 1988/1993, não usufruídos e não computados em dobro, para efeitos de abono de permanência e de aposentadoria, no valor de R$ 47.516,04, nos termos da Lei 8.112/1990 (arts. 87 e 88 - redação original) e da Lei nº 9.527/1997 (art.7º), da Resolução CSJT nº 72/2010, dos Acórdãos TCU nºs 1.342/2011 e 1.980/2009, ambos do Plenário e da Matéria Administrativa TRT9 nº 00984-2009-909-09-00-7, sem a incidência de imposto de renda e do desconto previdenciário para o PSSS (art. 3º da Resolução CSJT nº 72/2010), resultante da base de cálculo composta por: Vencimento Estatutário (R$ 4.537,30), GAJ (R$ 5.535,51), AQ - Especialização (R$ 340,30), GATS (R$ 499,10) e VPNI (R$ 4.926,47). Art. 4º Declarar vago o cargo acima citado, nos termos do inciso VII, art. 33, da Lei n.º 8.112/1990.</p><p> </p>]]></Texto>
    <Autores>
      <assina>DesªMARLENE T. FUVERKI SUGUIMATSU</assina>
    </Autores>
  </body>
</article></xml>