﻿<xml><article id="1020936" name="trt9a265-2017 ATO 276" idOficio="4600190" pubName="DO2" artType="Ato" pubDate="08/01/2018" artClass="00037:00048:00001:00001:00017:00000:00000:00000:00000:00000:00001:00001" artSection="Coordenadoria de Dados Funcionais" artCategory="Coordenadoria de Dados Funcionais" artSize="8" artNotes="" numberPage="56" pdfPage="http://pesquisa.in.gov.br/imprensa/jsp/visualiza/index.jsp?data=08/01/2018&amp;jornal=529&amp;pagina=56" editionNumber="5">
  <body>
    <Identifica><![CDATA[ATO Nº 276, DE 10 DE NOVEMBRO DE 2017]]></Identifica>
    <Data><![CDATA[]]></Data>
    <Ementa />
    <Titulo />
    <SubTitulo />
    <Texto><![CDATA[<p> O DESEMBARGADOR DO TRABALHO, PRESIDENTE DO TRIBUNAL REGIONAL DO TRABALHO DA 9ª REGIÃO, usando de suas atribuições legais, diante do disposto no art. 25 do Regimento Interno e do contido no expediente eletrônico "Remoção Entre Regionais Por Permuta 17ª Vara Do Trabalho De Curitiba 001/2017" e na Certidão SADM no 275/2017, resolve: </p><p>Art. 1º Remover a pedido, mediante permuta, com fundamento no art. 20, da Lei 11.416/2006, e arts. 7º, II, e 13, da Resolução CSJT nº 110/2012, LUCIANA LEMPEK MARTINS, Técnica Judiciária, Área Administrativa, do Quadro de Pessoal Permanente deste Tribunal, para o Tribunal Regional do Trabalho da 12ª Região. Art. 2º Lotar, em virtude do disposto no art. 1º, a servidora MICHELLE CHEDID na 17ª Vara do Trabalho de Curitiba.</p><p>Art. 3º Este Ato entra em vigor a partir da data de sua publicação.</p><p> </p>]]></Texto>
    <Autores>
      <assina>Des ARNOR LIMA NETO</assina>
    </Autores>
  </body>
</article></xml>