﻿<xml><article id="1020954" name="DOU02_PORTARIA_CGP_PR_381_382_DI" idOficio="4603218" pubName="DO2" artType="Portaria" pubDate="08/01/2018" artClass="00037:00059:00001:00000:00000:00000:00000:00000:00000:00000:00001:00005" artSection="Presidência" artCategory="Presidência" artSize="8" artNotes="" numberPage="60" pdfPage="http://pesquisa.in.gov.br/imprensa/jsp/visualiza/index.jsp?data=08/01/2018&amp;jornal=529&amp;pagina=60" editionNumber="5">
  <body>
    <Identifica><![CDATA[PORTARIAS de 11 DE DEZEMBRO DE 2017]]></Identifica>
    <Data><![CDATA[]]></Data>
    <Ementa />
    <Titulo />
    <SubTitulo />
    <Texto><![CDATA[<p> O DESEMBARGADOR PRESIDENTE DO TRIBUNAL REGIONAL DO TRABALHO DA 20ª REGIÃO, no uso de suas atribuições legais e regimentais, considerando o que consta do PROAD nº 35360/2017, resolve:</p><p>  Nº 381 - Dispensar o servidor JORGE LUIZ INÁCIO OLIVEIRA, Técnico Judiciário - Área Administrativa do Quadro Permanente de Pessoal da Secretaria deste Tribunal, da Função Comissionada de ASSISTENTE DE GABINETE (FC-5) do Gabinete do Exmo. Desembargador JORGE ANTÔNIO ANDRADE CARDOSO, com efeitos a contar de 8/1/2018.</p><p>  O DESEMBARGADOR PRESIDENTE DO TRIBUNAL REGIONAL DO TRABALHO DA 20ª REGIÃO, no uso de suas atribuições legais e regimentais, considerando o que consta do PROAD nº 35360/2017, resolve:</p><p>  Nº 382  - Designar a servidora GARDÊNIA BORGES MORAES, Analista Judiciário - Área Judiciária - Especialidade Oficial de Justiça Avaliador Federal do Quadro Permanente de Pessoal da Secretaria deste Tribunal, para exercer a Função Comissionada de ASSISTENTE DE GABINETE (FC-5) do Gabinete do Exmo. Desembargador JORGE ANTÔNIO ANDRADE CARDOSO, com efeitos a contar de 8/1/2018.</p>]]></Texto>
    <Autores>
      <assina>THENISSON SANTANA DÓRIA</assina>
    </Autores>
  </body>
</article></xml>