﻿<xml><article id="1020933" name="trt9a262-2017 ATO 303" idOficio="4600168" pubName="DO2" artType="Ato" pubDate="08/01/2018" artClass="00037:00048:00001:00001:00017:00000:00000:00000:00000:00000:00001:00007" artSection="Coordenadoria de Dados Funcionais" artCategory="Coordenadoria de Dados Funcionais" artSize="8" artNotes="" numberPage="57" pdfPage="http://pesquisa.in.gov.br/imprensa/jsp/visualiza/index.jsp?data=08/01/2018&amp;jornal=529&amp;pagina=57" editionNumber="5">
  <body>
    <Identifica><![CDATA[ATO Nº 303, DE 5 DE DEZEMBRO DE 2017]]></Identifica>
    <Data><![CDATA[]]></Data>
    <Ementa />
    <Titulo />
    <SubTitulo />
    <Texto><![CDATA[<p> A DESEMBARGADORA DO TRABALHO, PRESIDENTE DO TRIBUNAL REGIONAL DO TRABALHO DA 9ª REGIÃO, usando de suas atribuições legais, diante do disposto no art. 25, inciso LV-A, do Regimento Interno e do contido no PRP nº 60/2017,  resolve:</p><p> Art. 1º Conceder, ad referendum do Órgão Especial, aposentadoria ao servidor ELCIO FERNANDES MACIEL, nos termos do art. 6º, da EC nº 41/2003, com proventos integrais ao tempo de contribuição, no montante de R$ 13.093,36 (treze mil noventa e três reais e trinta e seis centavos), correspondentes à remuneração do cargo efetivo de Técnico Judiciário, Área Administrativa, classe C, padrão 13, conforme arts. 12 e 13, da Lei nº 11.416/2006 (Vencimento Servidor Inativo de R$ 4.537,30 e GAJ Cargo Inativo de R$ 5.535,51), acrescidos das seguintes vantagens: a) vantagem pessoal nominalmente identificada - VPNI, equivalente a 2/10 do cargo em comissão de nível CJ-2, no valor de R$ 1.214,23, e 4/10 da função comissionada de nível FC-4, no valor de R$ 1.193,78, conforme disposto nos arts. 3º da Lei nº 8.911/1994, 5º da Lei nº 9.624/1998 e 62-A da Lei nº 8.112/1990; b) 6% da gratificação adicional por tempo de serviço - GATS, equivalente a R$ 272,24, prevista no art. 67 da Lei nº 8.112/1990; c) adicional de qualificação - AQ, referente a curso de especialização (pós-graduação), no importe de 7,5%, incidente sobre o vencimento básico do cargo efetivo ocupado pelo servidor, no valor de R$ 340,30, nos termos dos arts. 14, § 5º, e 15, III, da Lei nº 11.416/2006, e art. 6º, III, do Anexo I, da Portaria Conjunta nº 1/2007. Art. 2º Conceder indenização de férias no valor de R$ 30.066,50, resultante do pagamento: a) do saldo de 20 dias, relativo ao exercício de 2017, no valor de R$ 10.022,17; b) pagamento de férias proporcionais relativas ao período aquisitivo de 13/01/2017 a 07/01/2018, no importe de 12/12 (doze doze avos) no valor de R$ 15.033,25, e do respectivo terço indenizado, no valor de R$ 5.011,08, nos termos do artigo 78, §§ 3º e 4º da Lei 8.112/1990, c/c o art. 24, caput e § 4º, da Resolução CSJT nº 162/2016. O pagamento, que deverá ocorrer sem a incidência do imposto de renda na fonte e de contribuição previdenciária, nos termos do art. 9º, caput, do Ato TRT9 nº 74/2016, é resultante da base de cálculo composta por: Vencimento Estatutário (R$ 4.537,30), GAJ (R$ 5.535,51), GATS (R$ 272,24), AQ - Especialização (R$ 340,30), Função Comissionada Optante - FC-4 (R$ 1.939,89) e VPNI (R$ 2.408,01). Art. 3º Declarar vago o cargo acima citado, nos termos do inciso VII, art. 33, da Lei n.º 8.112/1990.</p><p> </p>]]></Texto>
    <Autores>
      <assina>Desª MARLENE T. FUVERKI SUGUIMATSU</assina>
    </Autores>
  </body>
</article></xml>