﻿<xml><article id="1020930" name="trt9a263-2017 ATO 288" idOficio="4600183" pubName="DO2" artType="Ato" pubDate="08/01/2018" artClass="00037:00048:00001:00001:00017:00000:00000:00000:00000:00000:00001:00005" artSection="Coordenadoria de Dados Funcionais" artCategory="Coordenadoria de Dados Funcionais" artSize="8" artNotes="" numberPage="57" pdfPage="http://pesquisa.in.gov.br/imprensa/jsp/visualiza/index.jsp?data=08/01/2018&amp;jornal=529&amp;pagina=57" editionNumber="5">
  <body>
    <Identifica><![CDATA[ATO Nº 288, DE 1 DE DEZEMBRO DE 2017]]></Identifica>
    <Data><![CDATA[]]></Data>
    <Ementa />
    <Titulo />
    <SubTitulo />
    <Texto><![CDATA[<p> A DESEMBARGADORA DO TRABALHO, PRESIDENTE DO TRIBUNAL REGIONAL DO TRABALHO DA 9ª REGIÃO, usando de suas atribuições legais, diante do disposto no art. 25, inciso LV-A, do Regimento Interno e do contido no PRP nº 118/2017, resolve: </p><p>Art. 1º Conceder, ad referendum do Órgão Especial, aposentadoria à servidora MIRIAM TERESINHA PAMPLONA, nos termos do art. 6º da EC nº 41/2003, com proventos integrais por tempo de contribuição, no montante de R$ 19.571,95 (dezenove mil quinhentos e setenta e um reais e noventa e cinco centavos), correspondentes à remuneração do cargo efetivo de Analista Judiciário, Área Judiciária, classe C, padrão 13, conforme arts. 12 e 13 da Lei nº 11.416/2006 (Vencimento Servidor Inativo de R$ 7.444,43 e GAJ Cargo Inativo de R$ 9.082,20), acrescidos das seguintes vantagens: a) vantagem pessoal nominalmente identificada - VPNI, equivalente a 8/10 da função comissionada de nível FC-05, no valor de R$ 2.747,54, conforme disposto nos arts. 3º da Lei nº 8.911/1994, 5º da Lei nº 9.624/1998 e 62-A da Lei nº 8.112/1990; e b) 4% da gratificação adicional por tempo de serviço - GATS, equivalente a R$ 297,78, prevista no art. 67 da Lei nº 8.112/1990. Art. 2º Conceder indenização de férias no valor total de R$ 33.917,84, resultante de: a) pagamento indenizado do saldo de 10 dias de férias relativas ao exercício 2017, no valor de R$ 7.268,11; e b) pagamento indenizado de 11/12 (onze doze avos) de férias proporcionais referentes ao período aquisitivo iniciado em 13/02/2017 e computado até 07/01/2018, no valor de R$ 19.987,30, e do respectivo terço indenizado, no valor de R$ 6.662,43, nos termos do artigo 78, §§ 3º e 4º da Lei 8.112/1990, c/c o art. 24, caput e § 4º, da Resolução CSJT nº 162/2016. O pagamento, que deverá ocorrer sem a incidência do imposto de renda na fonte e de contribuição previdenciária, nos termos do art. 9º, caput, do Ato TRT9 nº 74/2016, resultante da base de cálculo composta por: Vencimento Estatutário (R$ 7.444,43), GAJ (R$ 9.082,20), GATS (R$ 297,78), VPNI (R$ 2.747,54) e Função Comissionada - FC-05 (R$ 2.232,38). Art. 3º Declarar vago o cargo acima citado, nos termos do inciso VII, art. 33, da Lei n.º 8.112/1990.</p><p> </p>]]></Texto>
    <Autores>
      <assina>Desª MARLENE T. FUVERKI SUGUIMATSU</assina>
    </Autores>
  </body>
</article></xml>