﻿<xml><article id="1020957" name="DOU02_ATO_128_129_2017_EXONERA_N" idOficio="4603243" pubName="DO2" artType="Ato" pubDate="08/01/2018" artClass="00037:00059:00001:00000:00000:00000:00000:00000:00000:00000:00001:00001" artSection="Presidência" artCategory="Presidência" artSize="8" artNotes="" numberPage="60" pdfPage="http://pesquisa.in.gov.br/imprensa/jsp/visualiza/index.jsp?data=08/01/2018&amp;jornal=529&amp;pagina=60" editionNumber="5">
  <body>
    <Identifica><![CDATA[ATOS de 11 DE DEZEMBRO DE 2017]]></Identifica>
    <Data><![CDATA[]]></Data>
    <Ementa />
    <Titulo />
    <SubTitulo />
    <Texto><![CDATA[<p> O DESEMBARGADOR PRESIDENTE DO TRIBUNAL REGIONAL DO TRABALHO DA 20ª REGIÃO, no uso de suas atribuições legais e regimentais, tendo em vista o que consta do Processo Administrativo Eletrônico Nº 35360/2017, resolve:</p><p>  Nº 128  - Exonerar, com efeitos a contar de 8/1/2018, a Bacharela em Direito GARDÊNIA BORGES MORAES, Analista Judiciário - Área Judiciária - Especialidade Oficial de Justiça Avaliador Federal do Quadro Permanente de Pessoal da Secretaria deste Tribunal, do cargo em comissão de ASSESSOR DE DESEMBARGADOR (CJ-3) do Gabinete do Exmo. Desembargador JORGE ANTÔNIO ANDRADE CARDOSO.</p><p> </p><p>  O DESEMBARGADOR PRESIDENTE DO TRIBUNAL REGIONAL DO TRABALHO DA 20ª REGIÃO, no uso de suas atribuições legais e regimentais, tendo em vista o que consta do Processo Administrativo Eletrônico Nº 35360/2017, resolve:</p><p>  Nº 129  - Nomear, com efeitos a contar de 8/1/2018, o Bacharel em Direito JORGE LUIZ INÁCIO OLIVEIRA, Técnico Judiciário - Área Administrativa do Quadro Permanente de Pessoal da Secretaria deste Tribunal, para exercer o cargo em comissão de ASSESSOR DE DESEMBARGADOR (CJ-3) do Gabinete do Exmo. Desembargador JORGE ANTÔNIO ANDRADE CARDOSO.</p>]]></Texto>
    <Autores>
      <assina>THENISSON SANTANA DÓRIA</assina>
    </Autores>
  </body>
</article></xml>