﻿<xml><article id="1020966" name="P346_2017" idOficio="4603654" pubName="DO2" artType="Portaria" pubDate="08/01/2018" artClass="00037:00051:00001:00000:00000:00000:00000:00000:00000:00000:00025:00001" artSection="Presidência" artCategory="Presidência" artSize="8" artNotes="" numberPage="58" pdfPage="http://pesquisa.in.gov.br/imprensa/jsp/visualiza/index.jsp?data=08/01/2018&amp;jornal=529&amp;pagina=58" editionNumber="5">
  <body>
    <Identifica><![CDATA[PORTARIA nº 346, de 4 de dezembro de 2017]]></Identifica>
    <Data><![CDATA[]]></Data>
    <Ementa />
    <Titulo />
    <SubTitulo />
    <Texto><![CDATA[<p> </p><p> O PRESIDENTE DO TRIBUNAL REGIONAL DO TRABALHO DA 12ª REGIÃO, no uso de suas atribuições legais e regimentais, e considerando o disposto no artigo 12 da Resolução CSJT nº 110/2012 e o que consta no expediente protocolizado sob PROAD nº 9.925/2017, I - REMOVE, a pedido, a partir de 08 de janeiro de 2018, MICHELLE CHEDID, Técnico Judiciário, Área Administrativa, classe A, padrão 5, matrícula nº 3894, integrante do Quadro Permanente de Pessoal da Secretaria deste Tribunal, para o Tribunal Regional do Trabalho da 9ª Região, mediante permuta com a servidora Luciana Lempek Martins, sendo-lhe concedidos 10 (dez) dias de trânsito; II - LOTA, em virtude do disposto no item I, LUCIANA LEMPEK MARTINS, Técnico Judiciário, Área Administrativa, do Quadro de Pessoal do Tribunal Regional do Trabalho da 9ª Região, na 5ª Vara do Trabalho de Joinville, a partir de 08 de janeiro de 2018.  </p>]]></Texto>
    <Autores>
      <assina>GRACIO RICARDO BARBOZA PETRONE</assina>
    </Autores>
  </body>
</article></xml>