﻿<xml><article id="1020972" name="ATOAPOS.FORMAT.INJacqueline" idOficio="4604043" pubName="DO2" artType="Ato" pubDate="08/01/2018" artClass="00037:00024:00000:00000:00000:00000:00000:00000:00000:00000:00001:00001" artSection="Poder Judiciário" artCategory="Tribunal Regional Eleitoral de Minas Gerais" artSize="8" artNotes="" numberPage="53" pdfPage="http://pesquisa.in.gov.br/imprensa/jsp/visualiza/index.jsp?data=08/01/2018&amp;jornal=529&amp;pagina=53" editionNumber="5">
  <body>
    <Identifica><![CDATA[ATO Nº 178, de 7 de dezembro de 2017]]></Identifica>
    <Data><![CDATA[]]></Data>
    <Ementa />
    <Titulo />
    <SubTitulo />
    <Texto><![CDATA[<p> </p><p> O EXCELENTÍSSIMO SENHOR DESEMBARGADOR PRESIDENTE DO TRIBUNAL REGIONAL ELEITORAL DE MINAS GERAIS, no uso de suas atribuições e tendo em vista o Processo nº 1714060/2017, assinou o seguinte Ato: Concedendo aposentadoria voluntária por tempo de contribuição, com proventos integrais, a JACQUELINE DANTAS SEIXAS PLEINES, servidora do Quadro de Pessoal deste Tribunal, ocupante do cargo efetivo de Técnico Judiciário, Área Administrativa, Classe C, Padrão 13, lotada no Gabinete da Secretaria de Orçamento e Finanças, em cargo criado pela Lei nº 8.868/94, nos termos do art. 3º da Emenda Constitucional nº 47/2005, incluídas as parcelas incorporadas nos termos da Lei nº 8.911/94 c/c Resolução nº 14.910/94/TSE, Orientação Consultiva nº 21/97/DENOR/SRH/MARE, da Lei nº 9.624/98, da MP nº 2.225-45/2001 e da Lei nº 10.475/02.</p><p> </p><p> </p>]]></Texto>
    <Autores>
      <assina>Desembargador EDGARD PENNA AMORIM</assina>
    </Autores>
  </body>
</article></xml>