﻿<xml><article id="1020984" name="PORTARIA REDISTRIBUIÇÃO CLÁUDIO " idOficio="4605458" pubName="DO2" artType="Portaria" pubDate="08/01/2018" artClass="00037:00020:00000:00000:00000:00000:00000:00000:00000:00000:00025:00001" artSection="Poder Judiciário" artCategory="Tribunal Regional Eleitoral de Goiás" artSize="8" artNotes="" numberPage="52" pdfPage="http://pesquisa.in.gov.br/imprensa/jsp/visualiza/index.jsp?data=08/01/2018&amp;jornal=529&amp;pagina=52" editionNumber="5">
  <body>
    <Identifica><![CDATA[PORTARIA Nº 392, de 5 DE DEZEMBRO DE 2017]]></Identifica>
    <Data><![CDATA[]]></Data>
    <Ementa />
    <Titulo />
    <SubTitulo />
    <Texto><![CDATA[<p>O PRESIDENTE DO TRIBUNAL REGIONAL ELEITORAL DE GOIÁS, no uso de suas atribuições legais e, tendo em vista a decisão proferida no Processo Administrativo Digital n. 005334/2017, com fundamento no art. 37 da Lei n. 8.112/90, na Resolução CNJ n. 146/2012, no Acórdão TCU n. 3.447/2012 - Plenário e na Resolução TSE n. 23.430/2014,   resolve:</p><p>Art. 1º REDISTRIBUIR o cargo efetivo de Técnico Judiciário - Área Administrativa, Classe "B", Padrão "10", do Quadro Permanente de Pessoal do Tribunal Regional Eleitoral de Goiás, ocupado pelo servidor CLÁUDIO HENRIQUE PEREIRA DA SILVA, para o Quadro Permanente de Pessoal do Conselho Nacional de Justiça, nos termos do art. 37 da Lei n. 8.112/90, com redação dada pela Lei n. 9.527/97, tendo, por reciprocidade, a redistribuição simultânea com um cargo de igual denominação, ocupado pelo servidor OTÁVIO AUGUSTO DE SOUZA.</p><p>Art. 2º CONCEDER 10 (dez) dias de licença trânsito ao servidor OTÁVIO AUGUSTO DE SOUZA, nos termos do art. 18 da Lei n. 8.112/90 e do art. 2° da Portaria TRE/GO n. 004/2014.</p><p>Art. 3º Esta portaria entrará em vigor na data de sua publicação.</p><p> </p>]]></Texto>
    <Autores>
      <assina>Desembargador KISLEU DIAS MACIEL FILHO</assina>
    </Autores>
  </body>
</article></xml>