﻿<xml><article id="1021005" name="trt9a275-2017 ATO 284" idOficio="4607080" pubName="DO2" artType="Ato" pubDate="08/01/2018" artClass="00037:00048:00001:00001:00017:00000:00000:00000:00000:00000:00001:00002" artSection="Coordenadoria de Dados Funcionais" artCategory="Coordenadoria de Dados Funcionais" artSize="8" artNotes="" numberPage="13-57" pdfPage="http://pesquisa.in.gov.br/imprensa/jsp/visualiza/index.jsp?data=08/01/2018&amp;jornal=529&amp;pagina=13,http://pesquisa.in.gov.br/imprensa/jsp/visualiza/index.jsp?data=08/01/2018&amp;jornal=529&amp;pagina=57" editionNumber="5">
  <body>
    <Identifica><![CDATA[ATO Nº 284, DE 7 DE DEZEMBRO DE 2017]]></Identifica>
    <Data><![CDATA[]]></Data>
    <Ementa />
    <Titulo />
    <SubTitulo />
    <Texto><![CDATA[<p> A DESEMBARGADORA DO TRABALHO, PRESIDENTE DO TRIBUNAL REGIONAL DO TRABALHO DA 9ª REGIÃO, usando de suas atribuições legais, diante do disposto no art. 25 inciso LV-A, do Regimento Interno e do contido no PRP nº 112/2017, resolve:</p><p> Art. 1º Conceder, ad referendum do Órgão Especial, aposentadoria à servidora GILIANE CHIARATTI MAISSEN, nos termos do art. 3º da EC nº 47/2005, com proventos integrais por tempo de contribuição, no montante de R$ 32.278,84 (trinta e dois mil duzentos e setenta e oito reais e oitenta e quatro centavos), correspondentes à remuneração do cargo efetivo de Analista Judiciário, Área Judiciária, classe C, padrão 13, conforme arts. 12 e 13 da Lei nº 11.416/2006 (Vencimento Servidor Inativo de R$ 7.444,43 e GAJ Cargo Inativo de R$ 9.082,20), acrescidos das seguintes vantagens: a) vantagem pessoal nominalmente identificada - VPNI, equivalente a 10/10 do cargo em comissão de nível CJ-3, no valor de R$ 6.901,68, conforme disposto nos arts. 3º da Lei nº 8.911/1994, 5º da Lei nº 9.624/1998 e 62-A da Lei nº 8.112/1990; b) 12% da gratificação adicional por tempo de serviço - GATS, equivalente a R$ 893,33, prevista no art. 67 da Lei nº 8.112/1990; c) adicional de qualificação - AQ, referente a curso de especialização, no importe de 7,5%, no valor de R$ 558,33, incidente sobre o vencimento básico do cargo efetivo ocupado pela servidora, nos termos dos arts. 14, § 5º, e 15, III, da Lei nº 11.416/2006, e art. 6º, III, do Anexo I, da Portaria Conjunta nº 1/2007; e d) parcela da opção prevista no art. 193 da Lei nº 8.112/1990, no valor de R$ 7.398,87, nos termos do decidido nos Acórdãos TCU nº 2.076/2005 e nº 964/2006, ambos do Plenário, e Matéria Administrativa TRT9 nº 32/2001, correspondente ao valor do cargo em comissão de nível CJ-2 (65% do valor nominal). Faz jus, ainda, à paridade de vencimentos com o pessoal da ativa, nos termos do art. 3º, parágrafo único, da EC nº 47/2005, estendendo-se tal paridade a eventuais pensionistas. Art. 2º Conceder indenização de férias no valor total de R$ 59.448,66, resultante do pagamento indenizado: a) de 20 dias de férias relativas ao exercício 2017, no valor de R$ 22.293,25; b) de 10/12 (dez doze avos) de férias proporcionais referentes ao período de 18/03/2017 a 07/01/2018, no valor de R$ 27.866,56, e do respectivo terço indenizado, no valor de R$ 9.288,85, nos termos do artigo 78, §§ 3º e 4º da Lei 8.112/1990, c/c o art. 24, caput e § 4º, da Resolução CSJT nº 162/2016. O pagamento, que deverá ocorrer sem a incidência do imposto de renda na fonte e de contribuição previdenciária, nos termos do art. 9º, caput, do Ato TRT9 nº 74/2016, é resultante da base de cálculo composta por: Vencimento Estatutário (R$ 7.444,43), GAJ (R$ 9.082,20), GATS (R$ 893,33), AQ - Especialização (R$ 558,33), AQ - Treinamentos (R$ 148,89), Cargo Comissionado Optante - CJ-3 (R$ 8.411,01) e VPNI (R$ 6.901,68). Art. 3º Conceder 180 dias de licença-prêmio indenizados, quinquênios de 1986/1991 e 1991/1996, não usufruídos e não computados em dobro, para efeitos de abono de permanência e de aposentadoria, no valor de R$ 149.279,82, nos termos da Lei 8.112/1990 (arts. 87 e 88 - redação original) e da Lei nº 9.527/1997 (art.7º), da Resolução CSJT nº 72/2010, dos Acórdãos TCU nºs 1.342/2011 e 1.980/2009, ambos do Plenário e da Matéria Administrativa TRT9 nº 00984-2009-909-09-00-7, sem a incidência de imposto de renda e do desconto previdenciário para o PSSS (art. 3º da Resolução CSJT nº 72/2010), resul tante da base de cálculo composta por: Vencimento Estatutário (R$ 7.444,43), GAJ (R$ 9.082,20), GATS (R$ 893,33), AQ - Especialização (R$ 558,33) e VPNI (R$ 6.901,68). Art. 4º Declarar vago o cargo acima citado, nos termos do inciso VII, art. 33, da Lei n.º 8.112/1990.</p><p> </p>]]></Texto>
    <Autores>
      <assina>Desª MARLENE T. FUVERKI SUGUIMATSU</assina>
    </Autores>
  </body>
</article></xml>