﻿<xml><article id="1021033" name="ATO_1152" idOficio="4608265" pubName="DO2" artType="Ato" pubDate="08/01/2018" artClass="00037:00007:00001:00000:00000:00000:00000:00000:00000:00000:00001:00018" artSection="Presidência" artCategory="Presidência" artSize="8" artNotes="" numberPage="47" pdfPage="http://pesquisa.in.gov.br/imprensa/jsp/visualiza/index.jsp?data=08/01/2018&amp;jornal=529&amp;pagina=47" editionNumber="5">
  <body>
    <Identifica><![CDATA[ATO Nº 1.152, DE 13 DE DEZEMBRO DE 2017]]></Identifica>
    <Data><![CDATA[]]></Data>
    <Ementa />
    <Titulo />
    <SubTitulo />
    <Texto><![CDATA[<p> O PRESIDENTE DO TRIBUNAL REGIONAL FEDERAL DA 1ª REGIÃO, no uso de suas atribuições legais e regimentais e tendo em vista o constante nos autos do PAe 0007483-58.2017.4.01.8007, resolve:</p><p>NOMEAR a servidora OLIVIA FERNANDA DE CARVALHO LOIOLA, Analista Judiciária, Área Judiciária, do Quadro de Pessoal da Justiça Federal de Primeiro Grau, Seção Judiciária do Estado do Maranhão, Subseção Judiciária de Bacabal, à disposição da Subseção Judiciária de Caxias para exercer o Cargo em Comissão, Código CJ-3, de Diretor de Secretaria da Vara Única Federal daquela Subseção Judiciária, em decorrência da exoneração de Abdoral Saldanha Maia Junior.</p>]]></Texto>
    <Autores>
      <assina>Desembargador Federal HILTON QUEIROZ</assina>
    </Autores>
  </body>
</article></xml>