﻿<xml><article id="1021021" name="ATO_1116" idOficio="4608265" pubName="DO2" artType="Ato" pubDate="08/01/2018" artClass="00037:00007:00001:00000:00000:00000:00000:00000:00000:00000:00001:00001" artSection="Presidência" artCategory="Presidência" artSize="8" artNotes="" numberPage="46" pdfPage="http://pesquisa.in.gov.br/imprensa/jsp/visualiza/index.jsp?data=08/01/2018&amp;jornal=529&amp;pagina=46" editionNumber="5">
  <body>
    <Identifica><![CDATA[ATO Nº 1.116, DE 13 DE DEZEMBRO DE 2017]]></Identifica>
    <Data><![CDATA[]]></Data>
    <Ementa />
    <Titulo />
    <SubTitulo />
    <Texto><![CDATA[<p> O PRESIDENTE DO TRIBUNAL REGIONAL FEDERAL DA 1ª REGIÃO, no uso de suas atribuições legais e regimentais e tendo em vista o constante nos autos do PAe 0007362-33.2017.4.01.8006, resolve:</p><p>EXONERAR, a partir de 08/01/2018, o servidor LAOR ANTONIO DE CARVALHO PONTES GESTAL JÚNIOR, Analista Judiciário, Área Judiciária, do Quadro de Pessoal da Justiça Federal de Primeiro Grau, Seção Judiciária do Estado do Mato Grosso, Subseção Judiciária de Sinop, à disposição da Subseção Judiciária de Jataí, do Cargo em Comissão, Código CJ-3, de Diretor de Secretaria da Vara Única Federal daquela Subseção Judiciária.</p>]]></Texto>
    <Autores>
      <assina>Desembargador Federal HILTON QUEIROZ</assina>
    </Autores>
  </body>
</article></xml>