﻿<xml><article id="1020978" name="Portaria_n___XXX___Redistribuica" idOficio="4605356" pubName="DO2" artType="Portaria" pubDate="08/01/2018" artClass="00037:00002:00001:00000:00000:00000:00000:00000:00000:00000:00025:00001" artSection="Presidência" artCategory="Presidência" artSize="8" artNotes="" numberPage="44" pdfPage="http://pesquisa.in.gov.br/imprensa/jsp/visualiza/index.jsp?data=08/01/2018&amp;jornal=529&amp;pagina=44" editionNumber="5">
  <body>
    <Identifica><![CDATA[PORTARIA Nº 102, DE 12 DE DEZEMBRO DE 2017]]></Identifica>
    <Data><![CDATA[]]></Data>
    <Ementa />
    <Titulo />
    <SubTitulo />
    <Texto><![CDATA[<p> A PRESIDENTE DO CONSELHO NACIONAL DE JUSTIÇA, no uso de suas atribuições e considerando o contido no Processo SEI 07380/2017, resolve:</p><p>Art. 1º Redistribuir, com fundamento no art. 37 da Lei n. 8112, de 11 de dezembro de 1990 e na Resolução CNJ n.146, de 6 de março de 2012, o cargo de Técnico Judiciário, Área Judiciária, do quadro de pessoal deste Conselho, ocupado por OTAVIO AUGUSTO DE SOUZA, para o quadro de pessoal do Tribunal Regional Eleitoral do Estado de Goiás, em reciprocidade com o cargo de mesma denominação, ocupado por CLAUDIO HENRIQUE PEREIRA DA SILVA.</p><p>Art. 2º Conceder 10 (dez) dias de trânsito ao servidor CLAUDIO HENRIQUE PEREIRA DA SILVA, nos termos do art. 18 da Lei n. 8.112/90 e do art. 7º da Resolução CNJ n. 146/2012.</p><p>Art. 3º Esta Portaria entra em vigor na data de sua publicação.</p>]]></Texto>
    <Autores>
      <assina>Min. CÁRMEN LÚCIA</assina>
    </Autores>
  </body>
</article></xml>