﻿<xml><article id="1021036" name="ATO_1151" idOficio="4608265" pubName="DO2" artType="Ato" pubDate="08/01/2018" artClass="00037:00007:00001:00000:00000:00000:00000:00000:00000:00000:00001:00017" artSection="Presidência" artCategory="Presidência" artSize="8" artNotes="" numberPage="47" pdfPage="http://pesquisa.in.gov.br/imprensa/jsp/visualiza/index.jsp?data=08/01/2018&amp;jornal=529&amp;pagina=47" editionNumber="5">
  <body>
    <Identifica><![CDATA[ATO Nº 1.151, DE 13 DE DEZEMBRO DE 2017]]></Identifica>
    <Data><![CDATA[]]></Data>
    <Ementa />
    <Titulo />
    <SubTitulo />
    <Texto><![CDATA[<p> O PRESIDENTE DO TRIBUNAL REGIONAL FEDERAL DA 1ª REGIÃO, no uso de suas atribuições legais e regimentais e tendo em vista o constante nos autos do PAe 0007483-58.2017.4.01.8007, resolve:</p><p>EXONERAR o servidor ABDORAL SALDANHA MAIA JUNIOR, Analista Judiciário, Área Judiciária, do Quadro de Pessoal da Justiça Federal de Primeiro Grau, Seção Judiciária do Estado do Maranhão, Subseção Judiciária de Bacabal, à disposição da Subseção Judiciária de Caxias, do Cargo em Comissão, Código CJ-3, de Diretor de Secretaria da Vara Única Federal daquela Subseção Judiciária, a partir de 08/01/2018.</p>]]></Texto>
    <Autores>
      <assina>Desembargador Federal HILTON QUEIROZ</assina>
    </Autores>
  </body>
</article></xml>