﻿<xml><article id="1021024" name="PORT_379" idOficio="4608265" pubName="DO2" artType="Portaria" pubDate="08/01/2018" artClass="00037:00007:00001:00000:00000:00000:00000:00000:00000:00000:00001:00044" artSection="Presidência" artCategory="Presidência" artSize="8" artNotes="" numberPage="49" pdfPage="http://pesquisa.in.gov.br/imprensa/jsp/visualiza/index.jsp?data=08/01/2018&amp;jornal=529&amp;pagina=49" editionNumber="5">
  <body>
    <Identifica><![CDATA[PORTARIA Nº 379, DE 13 DE DEZEMBRO DE 2017]]></Identifica>
    <Data><![CDATA[]]></Data>
    <Ementa />
    <Titulo />
    <SubTitulo />
    <Texto><![CDATA[<p> O PRESIDENTE DO TRIBUNAL REGIONAL FEDERAL DA 1ª REGIÃO, no uso de suas atribuições legais e regimentais e tendo em vista o constante nos autos do PAe 0000054-32.2015.4.01.8000, resolve:</p><p>REVOGAR, a partir de 08/01/2018, a cessão para a Subseção Judiciária de Caxias do servidor ABDORAL SALDANHA MAIA JUNIOR, Analista Judiciário, Área Judiciária, do Quadro de Pessoal da Seção Judiciária do Estado do Maranhão, Subseção Judiciária de Bacabal, autorizada pela Portaria/Presi 23, de 16/01/2015, publicada no Diário Oficial da União de 19/01/2015, Seção 2.</p>]]></Texto>
    <Autores>
      <assina>Desembargador Federal HILTON QUEIROZ</assina>
    </Autores>
  </body>
</article></xml>