﻿<xml><article id="1021002" name="trt9a274-2017 ATO 308" idOficio="4607070" pubName="DO2" artType="Ato" pubDate="08/01/2018" artClass="00037:00048:00001:00001:00017:00000:00000:00000:00000:00000:00001:00008" artSection="Coordenadoria de Dados Funcionais" artCategory="Coordenadoria de Dados Funcionais" artSize="8" artNotes="" numberPage="57" pdfPage="http://pesquisa.in.gov.br/imprensa/jsp/visualiza/index.jsp?data=08/01/2018&amp;jornal=529&amp;pagina=57" editionNumber="5">
  <body>
    <Identifica><![CDATA[ATO Nº 308, DE 7 DE DEZEMBRO DE 2017]]></Identifica>
    <Data><![CDATA[]]></Data>
    <Ementa />
    <Titulo />
    <SubTitulo />
    <Texto><![CDATA[<p> A DESEMBARGADORA DO TRABALHO, PRESIDENTE DO TRIBUNAL REGIONAL DO TRABALHO DA 9ª REGIÃO, usando de suas atribuições legais, diante do disposto no art. 25, inciso LV-A, do Regimento Interno e do contido no PRP nº 47/2017, resolve:</p><p> Art. 1º Conceder, ad referendum do Órgão Especial, aposentadoria à servidora MARIA DA GRAÇA DE OLIVEIRA SOUZA, nos termos do art. 3º, da EC nº 47/2005, com proventos integrais ao tempo de contribuição, no montante de R$ 13.804,42 (treze mil oitocentos e quatro reais e quarenta e dois centavos), correspondentes à remuneração do cargo efetivo de Técnico Judiciário, Área Administrativa, classe C, padrão 13, conforme arts. 12 e 13, da Lei nº 11.416/2006, (Vencimento Servidor Inativo de R$ 4.537,30 e GAJ Cargo Inativo de R$ 5.535,51), acrescidos das seguintes vantagens: a) vantagem pessoal nominalmente identificada - VPNI, equivalente a 6/10 da função comissionada de nível FC-04, no valor de R$ 1.790,66, e 4/10 da função comissionada de nível FC-05, correspondentes a R$ 1.373,78, conforme disposto nos arts. 3º da Lei nº 8.911/1994, 5º da Lei nº 9.624/1998 e 62-A da Lei nº 8.112/1990; b) 5% da gratificação adicional por tempo de serviço - GATS, equivalente a R$ 226,87, prevista no art. 67 da Lei nº 8.112/1990; c) adicional de qualificação - AQ, referente a curso de especialização (pós-graduação), no importe de 7,5%, no importe de R$ 340,30, incidente sobre o vencimento básico do cargo efetivo ocupado pela servidora, nos termos dos arts. 14, §5º, e 15, III, da Lei nº 11.416/2006, e art. 6º, III, do Anexo I, da Portaria Conjunta nº 1/2007. Art. 2º Conceder indenização de férias no valor total de R$ 25.016,70, resultante do pagamento indenizado: a) de 30 dias relativos ao exercício de 2017, no valor de R$ 16.082,17, e do devido terço indenizado, na cifra de R$ 5.360,72; b) de férias proporcionais,  equivalente a 2/12 (dois doze avos), relativo ao período aquisitivo de 26/10/2017 a 07/01/2018, no valor de R$ 2.680,36, e do respectivo terço indenizado, no valor de R$ 893,45, nos termos do artigo 78, §§ 3º e 4º da Lei 8.112/1990, c/c o art. 24, caput e § 4º, da Resolução CSJT nº 162/2016. O pagamento, que deverá ocorrer sem a incidência do imposto de renda na fonte e de contribuição previdenciária, nos termos do art. 9º, caput, do Ato TRT9 nº 74/2016, é resultante da base de cálculo composta por: Vencimento Estatutário (R$ 4.537,30), GAJ (R$ 5.535,51), AQ - Especialização (R$ 340,30), AQ - Treinamento (R$ 45,37), GATS (R$ 226,87), Função Comissionada Optante - FC-5 (R$ 2.232,38) e VPNI (R$ 3.164,44). Art. 3º Declarar vago o cargo acima citado, nos termos do inciso VII, art. 33, da Lei n.º 8.112/1990.</p><p> </p>]]></Texto>
    <Autores>
      <assina>Desª MARLENE T. FUVERKI SUGUIMATSU</assina>
    </Autores>
  </body>
</article></xml>