﻿<xml><article id="1021015" name="ATO Nº 728" idOficio="4607862" pubName="DO2" artType="Ato" pubDate="08/01/2018" artClass="00037:00010:00001:00000:00000:00000:00000:00000:00000:00000:00001:00003" artSection="Presidência" artCategory="Presidência" artSize="8" artNotes="" numberPage="51" pdfPage="http://pesquisa.in.gov.br/imprensa/jsp/visualiza/index.jsp?data=08/01/2018&amp;jornal=529&amp;pagina=51" editionNumber="5">
  <body>
    <Identifica><![CDATA[ATO Nº 728, DE 11 DE DEZEMBRO DE 2017]]></Identifica>
    <Data><![CDATA[]]></Data>
    <Ementa />
    <Titulo />
    <SubTitulo />
    <Texto><![CDATA[<p> O PRESIDENTE DO TRIBUNAL REGIONAL FEDERAL DA 4ª REGIÃO, no uso de suas atribuições legais e regimentais, tendo em vista o que consta do Processo Administrativo nº 0004911-66.2017.4.04.8001, resolve:</p><p>CONCEDER APOSENTADORIA VOLUNTÁRIA com proventos integrais, a teor do disposto no artigo 6º da Emenda Constitucional nº 41/03, c/c os artigos 2º e 5º, da EC nº 47/05, com base na remuneração do cargo efetivo, à servidora REGINA MARGARIDA DA COSTA E SILVA,  Analista Judiciário, Área Judiciária, Especialidade Oficial de Justiça Avaliador Federal,  Classe C, Padrão 13  da Seção Judiciária do  Rio Grande do Sul, com a Vantagem Pessoal Nominalmente Identificada, prevista no artigo 62-A da Lei nº 8.112/90, dispositivo acrescentado pelo artigo 3º da Medida Provisória nº 2.225-45/01, incorporada nos termos do artigo 3º da Lei nº 8.911/94, acrescida da vantagem referente  à Gratificação de Atividade Externa - GAE, a teor do disposto nos artigos 16, parágrafos 1º e 2º, e 28, ambos da Lei nº 11.416/06, bem como  o Adicional de Qualificação, previsto nos artigos 14, caput, e parágrafo 5º, e 15, inciso III, ambos da Lei nº 11.416/06, observado o teto constitucional previsto no artigo 37, inciso XI, da Constituição Federal de 1988, combinado com o artigo 8º da Emenda Constitucional nº 41/03.</p>]]></Texto>
    <Autores>
      <assina>Carlos Eduardo Thompson Flores Lenz</assina>
    </Autores>
  </body>
</article></xml>