﻿<xml><article id="1020996" name="PORTARIA 673 - DENIZE ALVES SANT" idOficio="4606293" pubName="DO2" artType="Portaria" pubDate="08/01/2018" artClass="00037:00027:00001:00000:00000:00000:00000:00000:00000:00000:00025:00001" artSection="Presidência" artCategory="Presidência" artSize="8" artNotes="" numberPage="53" pdfPage="http://pesquisa.in.gov.br/imprensa/jsp/visualiza/index.jsp?data=08/01/2018&amp;jornal=529&amp;pagina=53" editionNumber="5">
  <body>
    <Identifica><![CDATA[PORTARIA Nº 673, DE 5 DEZEMBRO DE 2017]]></Identifica>
    <Data><![CDATA[]]></Data>
    <Ementa />
    <Titulo />
    <SubTitulo />
    <Texto><![CDATA[<p> </p><p> O PRESIDENTE DO TRIBUNAL REGIONAL ELEITORAL DO PARANÁ, usando das atribuições que lhe são conferidas pelo artigo 22, inciso XXVIII, do Regimento Interno deste Tribunal e, considerando o contido no PAD sob n.º 15013, de 14 de novembro de 2017, resolve:</p><p>Conceder Aposentadoria Voluntária à servidora DENIZE ALVES SANTOS, ocupante do cargo de Técnico Judiciário, Classe "C", Padrão 13 - Área de Atividade Administrativa, do Quadro de Pessoal deste Tribunal, com fundamento no artigo 3º da Emenda Constitucional n.º 47, de 05 de julho de 2005, combinado com o artigo 186, inciso III, alínea "a", da Lei nº 8.112/90 - Regime Jurídico dos Servidores Públicos Civis da União, com proventos e vantagens previstos em lei, reajustados em paridade com os servidores em atividade.</p><p> </p>]]></Texto>
    <Autores>
      <assina>Des. ADALBERTO JORGE XISTO PEREIRA</assina>
    </Autores>
  </body>
</article></xml>