﻿<xml><article id="1021060" name="ATO_1118" idOficio="4608265" pubName="DO2" artType="Ato" pubDate="08/01/2018" artClass="00037:00007:00001:00000:00000:00000:00000:00000:00000:00000:00001:00003" artSection="Presidência" artCategory="Presidência" artSize="8" artNotes="" numberPage="46" pdfPage="http://pesquisa.in.gov.br/imprensa/jsp/visualiza/index.jsp?data=08/01/2018&amp;jornal=529&amp;pagina=46" editionNumber="5">
  <body>
    <Identifica><![CDATA[ATO Nº 1.118, DE 13 DE DEZEMBRO DE 2017]]></Identifica>
    <Data><![CDATA[]]></Data>
    <Ementa />
    <Titulo />
    <SubTitulo />
    <Texto><![CDATA[<p> O PRESIDENTE DO TRIBUNAL REGIONAL FEDERAL DA 1ª REGIÃO, no uso de suas atribuições legais e regimentais e tendo em vista o constante nos autos do PAe 0003262-97.2015.4.01.8000, resolve:</p><p>NOMEAR a servidora BEATRIZ BAFUTTO NERES, Analista Judiciária, Área Judiciária, do Quadro de Pessoal da Subseção Judiciária de União dos Palmares, removida pelo SINAR para a Subseção Judiciária de Jataí, para exercer o Cargo em Comissão, Código CJ-3, de Diretor de Secretaria da Vara Única Federal daquela Subseção Judiciária, em decorrência da exoneração de Laor Antonio de Carvalho Pontes Gestal Junior.</p>]]></Texto>
    <Autores>
      <assina>Desembargador Federal HILTON QUEIROZ</assina>
    </Autores>
  </body>
</article></xml>