﻿<xml><article id="1021063" name="ATO_1117" idOficio="4608265" pubName="DO2" artType="Ato" pubDate="08/01/2018" artClass="00037:00007:00001:00000:00000:00000:00000:00000:00000:00000:00001:00002" artSection="Presidência" artCategory="Presidência" artSize="8" artNotes="" numberPage="46" pdfPage="http://pesquisa.in.gov.br/imprensa/jsp/visualiza/index.jsp?data=08/01/2018&amp;jornal=529&amp;pagina=46" editionNumber="5">
  <body>
    <Identifica><![CDATA[ATO Nº 1.117, DE 13 DE DEZEMBRO DE 2017]]></Identifica>
    <Data><![CDATA[]]></Data>
    <Ementa />
    <Titulo />
    <SubTitulo />
    <Texto><![CDATA[<p> O PRESIDENTE DO TRIBUNAL REGIONAL FEDERAL DA 1ª REGIÃO, no uso de suas atribuições legais e regimentais e tendo em vista o constante nos autos do PAe 0004754-85.2014.4.01.8000, resolve:</p><p>EXONERAR, a partir de 1º/01/2018, a servidora MARIA JULIA FERNANDES CARVALHO, do Quadro de Pessoal do Tribunal de Contas do Estado de Minas Gerais, à disposição da Seção Judiciária do Estado de Minas Gerais, do Cargo em Comissão, Código CJ-3, de Diretor de Secretaria da 31ª Vara Federal daquela Seccional.</p>]]></Texto>
    <Autores>
      <assina>Desembargador Federal HILTON QUEIROZ</assina>
    </Autores>
  </body>
</article></xml>