﻿<xml><article id="1020990" name="596" idOficio="4605577" pubName="DO2" artType="Portaria" pubDate="08/01/2018" artClass="00037:00016:00000:00000:00000:00000:00000:00000:00000:00000:00025:00001" artSection="Poder Judiciário" artCategory="Tribunal Regional Eleitoral da Bahia" artSize="8" artNotes="" numberPage="52" pdfPage="http://pesquisa.in.gov.br/imprensa/jsp/visualiza/index.jsp?data=08/01/2018&amp;jornal=529&amp;pagina=52" editionNumber="5">
  <body>
    <Identifica><![CDATA[PORTARIA Nº 596, DE 23 DE NOVEMBRO DE 2017]]></Identifica>
    <Data><![CDATA[]]></Data>
    <Ementa />
    <Titulo />
    <SubTitulo />
    <Texto><![CDATA[<p> O Presidente do Tribunal Regional Eleitoral da Bahia, no uso de suas atribuições, considerando o disposto no artigo 36, III, alínea "a", da Lei n.º 8.112/90, e tendo em vista o constante no Processo Administrativo Digital nº 12960/2017, resolve:</p><p>Art. 1º Conceder, a partir de 8.1.2018, remoção para acompanhar cônjuge à servidora LEILA CORREIA MASCARENHAS BARRETO, Analista Judiciário, Área Judiciária, Nível Superior, do Quadro de Pessoal deste Tribunal, ora lotada na Secretaria da Corregedoria Regional Eleitoral, para o Tribunal Superior Eleitoral.</p><p>Art. 2º Fica concedido à predita servidora o prazo de 30 (trinta) dias de trânsito, nos termos do art. 22, da Resolução TSE nº 23.092/2009, a contar da referida data.</p>]]></Texto>
    <Autores>
      <assina>Des. JOSÉ EDIVALDO ROCHA ROTONDANO</assina>
    </Autores>
  </body>
</article></xml>