﻿<xml><article id="1239413" name="261 - Aposentadoria Cláudia Mari" idOficio="4608396" pubName="DO2" artType="Portaria" pubDate="24/01/2018" artClass="00037:00001:00002:00000:00000:00000:00000:00000:00000:00000:00025:00001" artSection="Presidência" artCategory="Presidência" artSize="8" artNotes="" numberPage="46" pdfPage="http://pesquisa.in.gov.br/imprensa/jsp/visualiza/index.jsp?data=24/01/2018&amp;jornal=529&amp;pagina=46" editionNumber="17">
  <body>
    <Identifica><![CDATA[PORTARIA Nº 261, DE 14 DE DEZEMBRO DE 2017]]></Identifica>
    <Data><![CDATA[]]></Data>
    <Ementa />
    <Titulo />
    <SubTitulo />
    <Texto><![CDATA[<p> A PRESIDENTE DO SUPREMO TRIBUNAL FEDERAL, no uso de suas atribuições e com base no que consta do processo nº 14.113/2017, resolve:</p><p>Conceder aposentadoria à servidora CLÁUDIA MARIA ALVES DE VASCONCELLOS, Analista Judiciário, Área Administrativa, Classe "C", Padrão 13, do Quadro de Pessoal da Secretaria deste Tribunal, com fundamento no art. 3º, incs. I, II, III e parágrafo único da Emenda Constitucional nº 47, de 6 de julho de 2005, com as vantagens dos arts. 13, 14, § 5º e 15, inc. III, da Lei nº 11.416, de 15 de dezembro de 2006, alterada pela Lei nº 13.317, de 21 de julho de 2016, dos arts. 61, inc. III, e 67 da Lei nº 8.112, de 11 de dezembro de 1990, e do art. 62 da Lei nº 8.112/1990, regulamentado pelo art. 3º da Lei nº 8.911, de 12 de julho de 1994, observado ainda o disposto no § 1º do art. 15 da Lei nº 9.527, de 11 de dezembro de 1997.</p>]]></Texto>
    <Autores>
      <assina>Min. CÁRMEN LÚCIA</assina>
    </Autores>
  </body>
</article></xml>