﻿<xml><article id="1020999" name="trt9a273-2017 ATO 309" idOficio="4607054" pubName="DO2" artType="Ato" pubDate="08/01/2018" artClass="00037:00048:00001:00001:00017:00000:00000:00000:00000:00000:00001:00009" artSection="Coordenadoria de Dados Funcionais" artCategory="Coordenadoria de Dados Funcionais" artSize="8" artNotes="" numberPage="14-58" pdfPage="http://pesquisa.in.gov.br/imprensa/jsp/visualiza/index.jsp?data=08/01/2018&amp;jornal=529&amp;pagina=14,http://pesquisa.in.gov.br/imprensa/jsp/visualiza/index.jsp?data=08/01/2018&amp;jornal=529&amp;pagina=58" editionNumber="5">
  <body>
    <Identifica><![CDATA[ATO Nº 309, DE 8 DE DEZEMBRO DE 2017]]></Identifica>
    <Data><![CDATA[]]></Data>
    <Ementa />
    <Titulo />
    <SubTitulo />
    <Texto><![CDATA[<p> A DESEMBARGADORA DO TRABALHO, PRESIDENTE DO TRIBUNAL REGIONAL DO TRABALHO DA 9ª REGIÃO, usando de suas atribuições legais, diante do disposto no art. 25, inciso LV-A, do Regimento Interno e do contido no PRP nº 42/2017, resolve: </p><p>Art. 1º Conceder, ad referendum do Órgão Especial, aposentadoria à servidora CARMEN LUIZA ZIEGE, nos termos do art. 3º, da EC nº 47/2005, com proventos integrais por tempo de contribuição, no montante de R$ 12.886,60 (doze mil oitocentos e oitenta e seis reais e sessenta centavos), correspondentes à remuneração do cargo efetivo de Técnico Judiciário, Área Administrativa, Especialidade Segurança, classe C, padrão 13, conforme arts. 12 e 13, da Lei nº 11.416/2006 (Vencimento Servidor Inativo de R$ 4.537,30 e GAJ Cargo Inativo de R$ 5.535,51), acrescidos das seguintes vantagens: a) vantagem pessoal nominalmente identificada - VPNI, equivalente a 4/10 da função comissionada de nível FC-4, no valor de R$ 1.193,78, e 4/10 da função comissionada de nível FC-3, no valor de R$ 848,66 conforme disposto nos arts. 3º da Lei nº 8.911/1994, 5º da Lei nº 9.624/1998 e 62-A da Lei nº 8.112/1990; b) 12% da gratificação adicional por tempo de serviço - GATS, equivalente a R$ 544,48, prevista no art. 67, da Lei nº 8.112/1990; e c) adicional de qualificação - AQ, referente a curso de graduação, no importe de 5%, incidente sobre o vencimento básico do cargo efetivo ocupado pela servidora, no valor de R$ 226,87, nos termos dos arts. 14, § 6º, e 15, VI, da Lei nº 11.416/2006. Art. 2º Conceder indenização de férias no valor total de R$ 22.586,71, resultante do pagamento indenizado: a) de 20 dias de férias relativas ao exercício de 2017, no valor de R$ 9.680,02; b) de 8/12 (oito doze avos) de férias proporcionais referentes ao período aquisitivo de 20/05/2017 a 07/01/2018, no valor de R$ 9.680,02, e do respectivo terço indenizado, no valor de R$ 3.226,67, nos termos do artigo 78, §§ 3º e 4º da Lei 8.112/1990, c/c o art. 24, caput e § 4º, da Resolução CSJT nº 162/2016. O pagamento, que deverá ocorrer sem a incidência do imposto de renda na fonte e de contribuição previdenciária, nos termos do art. 9º, caput, do Ato TRT9 nº 74/2016, é resultante da base de cálculo composta por: Vencimento Estatutário (R$ 4.537,30), GAJ (R$ 5.535,51), GATS (R$ 544,48), GAS (R$ 1.588,06), AQ - Graduação (R$ 226,87), AQ - Treinamento (R$ 45,37) e VPNI (R$ 2.042,44). Art. 3º Conceder 180 dias de licença-prêmio indenizados, relativos aos quinquênios de 1986/1991 e 1991/1996, não usufruídos e não computados em dobro, para efeitos de abono de permanência e de aposentadoria, no valor de R$ 77.319,60, nos termos da Lei 8.112/1990 (arts. 87 e 88 - redação original) e da Lei nº 9.527/1997 (art.7º), da Resolução CSJT nº 72/2010, dos Acórdãos TCU nºs 1.342/2011 e 1.980/2009, ambos do Plenário e da Matéria Administrativa TRT9 nº 00984-2009-909-09-00-7, sem a incidência de imposto de renda e do desconto previdenciário para o PSSS (art. 3º da Resolução CSJT nº 72/2010), resultante da base de cálculo composta por: Vencimento Estatutário (R$ 4.537,30), GAJ (R$ 5.535,51), GATS (R$ 544,48), AQ - Graduação (R$ 226,87) e VPNI (R$ 2.042,44). Art. 4º Declarar vago o cargo acima citado, nos termos do inciso VII, art. 33, da Lei n.º 8.112/1990.</p><p> </p>]]></Texto>
    <Autores>
      <assina>Desª MARLENE T. FUVERKI SUGUIMATSU</assina>
    </Autores>
  </body>
</article></xml>