﻿<xml><article id="1021030" name="PORT_371" idOficio="4608265" pubName="DO2" artType="Portaria" pubDate="08/01/2018" artClass="00037:00007:00001:00000:00000:00000:00000:00000:00000:00000:00001:00042" artSection="Presidência" artCategory="Presidência" artSize="8" artNotes="" numberPage="49" pdfPage="http://pesquisa.in.gov.br/imprensa/jsp/visualiza/index.jsp?data=08/01/2018&amp;jornal=529&amp;pagina=49" editionNumber="5">
  <body>
    <Identifica><![CDATA[PORTARIA Nº 371, DE 13 DE DEZEMBRO DE 2017]]></Identifica>
    <Data><![CDATA[]]></Data>
    <Ementa />
    <Titulo />
    <SubTitulo />
    <Texto><![CDATA[<p> O PRESIDENTE DO TRIBUNAL REGIONAL FEDERAL DA 1ª REGIÃO, no uso de suas atribuições legais e regimentais e tendo em vista o constante nos autos do PAe 0007362-33.2017.4.01.8006, resolve:</p><p>REVOGAR, a partir de 08/01/2018, a cessão para a Subseção Judiciária de Jataí do servidor LAOR ANTONIO DE CARVALHO PONTES GESTAL JÚNIOR, Analista Judiciário, Área Judiciária, do Quadro de Pessoal da Seção Judiciária do Estado do Mato Grosso, Subseção Judiciária de Sinop, autorizada pela Portaria/PRESI 370, de 28/10/2014, publicada no Diário Oficial da União de 30/10/2014, Seção 2.</p>]]></Texto>
    <Autores>
      <assina>Desembargador Federal HILTON QUEIROZ</assina>
    </Autores>
  </body>
</article></xml>