﻿<xml><article id="1021012" name="remoção_Cristiano_Zucco" idOficio="4607138" pubName="DO2" artType="Portaria" pubDate="08/01/2018" artClass="00037:00035:00001:00000:00000:00000:00000:00000:00000:00000:00025:00001" artSection="Presidência" artCategory="Presidência" artSize="8" artNotes="" numberPage="53" pdfPage="http://pesquisa.in.gov.br/imprensa/jsp/visualiza/index.jsp?data=08/01/2018&amp;jornal=529&amp;pagina=53" editionNumber="5">
  <body>
    <Identifica><![CDATA[PORTARIA Nº 308, DE 14 DE NOVEMBRO DE 2017]]></Identifica>
    <Data><![CDATA[]]></Data>
    <Ementa />
    <Titulo />
    <SubTitulo />
    <Texto><![CDATA[<p> </p><p> O Presidente do Tribunal Regional Eleitoral de Santa Catarina, no uso da atribuição que lhe é conferida pelo art. 22, inciso XXIV, do Regimento Interno deste Tribunal (Resolução TRESC n. 7.847, de 12.12.2011), considerando a decisão desta Presidência proferida nos autos do PAE n. 51.168/2017; considerando a decisão da Presidência do TRE-RS proferida nos autos do PAE n. 1.276/2017, resolve:</p><p>Art. 1o Remover a pedido, mediante permuta, o servidor CRISTIANO ZUCCO, ocupante do cargo efetivo de Técnico Judiciário, Área Administrativa, Classe A, Padrão 1, do quadro de pessoal da Secretaria deste Tribunal, do Cartório da 10ª Zona Eleitoral/Criciúma para a Sede do Tribunal Regional Eleitoral do Rio Grande do Sul, concedendo ao requerente o período de trânsito de 30 (trinta) dias, a contar do dia 8 de janeiro de 2018.</p><p>Art. 2o Condicionar a referida permuta à remoção da servidora DANIELLE DE OLIVEIRA GOMES, do quadro de pessoal do Tribunal Regional Eleitoral do Rio Grande do Sul para este Tribunal.</p><p>Art. 3o Esta Portaria entra em vigor na data de sua publicação no Diário Oficial da União (DOU).</p><p> </p>]]></Texto>
    <Autores>
      <assina>Desembargador ANTONIO DO RÊGO MONTEIRO ROCHA</assina>
    </Autores>
  </body>
</article></xml>