﻿<xml><article id="1021042" name="ATO_1131" idOficio="4608265" pubName="DO2" artType="Ato" pubDate="08/01/2018" artClass="00037:00007:00001:00000:00000:00000:00000:00000:00000:00000:00001:00009" artSection="Presidência" artCategory="Presidência" artSize="8" artNotes="" numberPage="47" pdfPage="http://pesquisa.in.gov.br/imprensa/jsp/visualiza/index.jsp?data=08/01/2018&amp;jornal=529&amp;pagina=47" editionNumber="5">
  <body>
    <Identifica><![CDATA[ATO Nº 1.131, DE 13 DE DEZEMBRO DE 2017]]></Identifica>
    <Data><![CDATA[]]></Data>
    <Ementa />
    <Titulo />
    <SubTitulo />
    <Texto><![CDATA[<p> O PRESIDENTE DO TRIBUNAL REGIONAL FEDERAL DA PRIMEIRA REGIÃO, no uso de suas atribuições legais e regimentais e tendo em vista o constante nos autos do PAe 0000269-71.2016.4.01.8000, resolve:</p><p>NOMEAR, nos termos dos arts. 9º, I, e 10 da Lei 8.112/1990, c/c a Lei 11.416/2006, a candidata ELISA PAIVA OLIVEIRA, aprovada em Concurso Público realizado pelo Tribunal Regional Eleitoral do Estado do Pará, para exercer o cargo efetivo de Técnico Judiciário, Área Administrativa, Nível Intermediário, Classe "A", Padrão 01, pertencente ao Quadro de Pessoal da Justiça Federal de Primeiro Grau, Seção Judiciária do Estado do Pará, Subseção Judiciária de Altamira, em cargo vago decorrente da posse de Kelson Ribeiro Furtado em outro cargo inacumulável.</p>]]></Texto>
    <Autores>
      <assina>Desembargador Federal HILTON QUEIROZ</assina>
    </Autores>
  </body>
</article></xml>