﻿<xml><article id="1021087" name="PORTARIA GPR 2776" idOficio="4611582" pubName="DO2" artType="Portaria" pubDate="08/01/2018" artClass="00037:00039:00002:00000:00000:00000:00000:00000:00000:00000:00025:00003" artSection="Presidência" artCategory="Presidência" artSize="8" artNotes="" numberPage="53" pdfPage="http://pesquisa.in.gov.br/imprensa/jsp/visualiza/index.jsp?data=08/01/2018&amp;jornal=529&amp;pagina=53" editionNumber="5">
  <body>
    <Identifica><![CDATA[Portaria nº 2.776 de 12 de dezembro de 2017]]></Identifica>
    <Data><![CDATA[]]></Data>
    <Ementa />
    <Titulo />
    <SubTitulo />
    <Texto><![CDATA[<p> O PRESIDENTE DO TRIBUNAL DE JUSTIÇA DO DISTRITO FEDERAL E DOS TERRITÓRIOS, no uso de sua competência legal e tendo em vista o disposto no Processo Administrativo 0024034/2017, resolve:</p><p>Conceder aposentadoria voluntária integral, com fundamento no art. 3º da Emenda Constitucional 47, de 5 de julho de 2005, à servidora MARIA DAS GRAÇAS CARVALHO VIEIRA, matrícula 308.646, ocupante do cargo de Técnico Judiciário, Área Administrativa, Classe "C", Padrão 13, Nível Intermediário, do Quadro de Pessoal deste Tribunal, com as vantagens previstas no art. 67 da Lei 8.112/1990 c/c o art. 6º da Lei 9.624/1998 e com o inciso II do art. 15 da Medida Provisória 2.225-45/2001; e no art. 3º da Lei 8.911/1994 c/c o art. 15 da Lei 9.527/1997.</p><p> </p>]]></Texto>
    <Autores>
      <assina>Desembargador MARIO MACHADO</assina>
    </Autores>
  </body>
</article></xml>