﻿<xml><article id="1021072" name="REDISTRIBUIR_DOU_08_01_2018_MARI" idOficio="4609933" pubName="DO2" artType="Portaria" pubDate="08/01/2018" artClass="00037:00040:00001:00001:00000:00000:00000:00000:00000:00000:00025:00002" artSection="Gabinete da Presidência" artCategory="Gabinete da Presidência" artSize="8" artNotes="" numberPage="54" pdfPage="http://pesquisa.in.gov.br/imprensa/jsp/visualiza/index.jsp?data=08/01/2018&amp;jornal=529&amp;pagina=54" editionNumber="5">
  <body>
    <Identifica><![CDATA[PORTARIA Nº 2.014, de 6 de dezembro de 2017]]></Identifica>
    <Data><![CDATA[]]></Data>
    <Ementa />
    <Titulo />
    <SubTitulo />
    <Texto><![CDATA[<p> O PRESIDENTE DO TRIBUNAL REGIONAL DO TRABALHO DA PRIMEIRA REGIÃO, no uso de suas atribuições legais e regimentais, e tendo em vista o contido no Processo Administrativo PROAD Nº 2034/2017(SEP), resolve:</p><p>I-Redistribuir, com fundamento no art. 37 da Lei nº 8.112, de 11 de dezembro de 1990, o cargo da Carreira de Analista Judiciário - Área Judiciária, Classe B, Padrão 9, do Quadro de Pessoal deste Tribunal, ocupado pelo servidor MARIA DA GLORIA DE SOUSA BRANT RIBEIRO, para o Quadro de Pessoal do Tribunal de Justiça do Distrito Federal, em reciprocidade com o cargo da Carreira de Analista Judiciário - Área Judiciária, do Quadro de Pessoal daquela Corte, ocupado pelo servidor OTAVIO AUGUSTO DA SILVA CUCAROLI;  </p><p>II- Conceder licença trânsito de 10 (dez) dias ao servidor OTAVIO AUGUSTO DA SILVA CUCAROLI, nos termos do art. 18, caput, da Lei nº 8.112/1990;</p><p>III- Esta portaria entra em vigor a partir da publicação.</p><p> </p><p> </p>]]></Texto>
    <Autores>
      <assina>FERNANDO ANTONIO ZORZENON DA SILVA</assina>
    </Autores>
  </body>
</article></xml>