﻿<xml><article id="1021565" name="247 - Dispensa Luciana e Giovane" idOficio="4612049" pubName="DO2" artType="Portaria" pubDate="08/01/2018" artClass="00037:00001:00008:00005:00000:00000:00000:00000:00000:00000:00025:00004" artSection="Secretaria de Gestão de Pessoas" artCategory="Secretaria de Gestão de Pessoas" artSize="8" artNotes="" numberPage="44" pdfPage="http://pesquisa.in.gov.br/imprensa/jsp/visualiza/index.jsp?data=08/01/2018&amp;jornal=529&amp;pagina=44" editionNumber="5">
  <body>
    <Identifica><![CDATA[PORTARIA Nº 247, DE 18 DE DEZEMBRO DE 2017]]></Identifica>
    <Data><![CDATA[]]></Data>
    <Ementa />
    <Titulo />
    <SubTitulo />
    <Texto><![CDATA[<p> O SECRETÁRIO DE GESTÃO DE PESSOAS DO SUPREMO TRIBUNAL FEDERAL, no uso das atribuições conferidas pela Portaria DG nº 233/2013, com base no inc. II do art. 9º e no inc. I do art. 35 da Lei nº 8.112/1990, resolve:</p><p>Art. 1º Dispensar:</p><p>I - LUCIANA TEIXEIRA, Técnico Judiciário, Área Administrativa, da função comissionada de Assistente II, nível FC-02, da Seção de Agravos;</p><p>II - GIOVANE ANDRADE LEÃO, Técnico Judiciário, Área Administrativa, da função comissionada de Assistente II, nível FC-02, da Seção de Agravos.</p><p>Art. 2º Designar:</p><p>I - MARILDA MONTEIRO LIMA, Analista Judiciário, Área Judiciária, para exercer a função comissionada de Assistente II, nível FC-02, na Seção de Agravos;</p><p>II - CALLÉRIA CAVALCANTE MONTEIRO WITCZAK, Analista Judiciário, Área Administrativa, para exercer a função comissionada de Assistente II, nível FC-02, na Seção de Agravos.</p>]]></Texto>
    <Autores>
      <assina>Cícero Rodrigues de Oliveira Gomes</assina>
    </Autores>
  </body>
</article></xml>