﻿<xml><article id="1021586" name="49 - DESIGNA APARECIDO P DE OLIV" idOficio="4612932" pubName="DO2" artType="Portaria" pubDate="08/01/2018" artClass="00037:00064:00001:00003:00004:00004:00000:00000:00000:00000:00025:00001" artSection="Serviço de Pessoal" artCategory="Serviço de Pessoal" artSize="8" artNotes="" numberPage="61" pdfPage="http://pesquisa.in.gov.br/imprensa/jsp/visualiza/index.jsp?data=08/01/2018&amp;jornal=529&amp;pagina=61" editionNumber="5">
  <body>
    <Identifica><![CDATA[PORTARIA Nº 1.182, DE 18 DE DEZEMBRO DE 2017]]></Identifica>
    <Data><![CDATA[]]></Data>
    <Ementa />
    <Titulo />
    <SubTitulo />
    <Texto><![CDATA[<p> O COORDENADOR DE GESTÃO DE PESSOAS DO TRIBUNAL REGIONAL DO TRABALHO DA 24ª REGIÃO, no uso de suas  atribuições  legais  e  regimentais, resolve: </p><p>DESIGNAR o servidor APARECIDO PEREIRA DE OLIVEIRA,  TÉCNICO JUDICIÁRIO, para ter lotação perante a VARA DO TRABALHO DE NOVA ANDRADINA e exercer a Função Comissionada de ASSISTENTE DE DIRETOR DE SECRETARIA (MH-10), símbolo FC-5, com efeitos a contar de 08/01/2018.</p>]]></Texto>
    <Autores>
      <assina>FRANCISCO DAS CHAGAS BRANDÃO DA COSTA</assina>
    </Autores>
  </body>
</article></xml>