﻿<xml><article id="1021589" name="227- Subst Designa Sergio Braune" idOficio="4612974" pubName="DO2" artType="Portaria" pubDate="08/01/2018" artClass="00037:00001:00008:00001:00000:00000:00000:00000:00000:00000:00025:00001" artSection="Gabinete" artCategory="Gabinete" artSize="8" artNotes="" numberPage="44" pdfPage="http://pesquisa.in.gov.br/imprensa/jsp/visualiza/index.jsp?data=08/01/2018&amp;jornal=529&amp;pagina=44" editionNumber="5">
  <body>
    <Identifica><![CDATA[PORTARIA Nº 227, DE 19 DE DEZEMBRO DE 2017]]></Identifica>
    <Data><![CDATA[]]></Data>
    <Ementa />
    <Titulo />
    <SubTitulo />
    <Texto><![CDATA[<p> O DIRETOR-GERAL DA SECRETARIA DO SUPREMO TRIBUNAL FEDERAL, no uso de suas atribuições e com base no caput do art. 38 da Lei nº 8.112/1990 e no art. 123 do Regulamento da Secretaria, resolve:</p><p>Designar SERGIO BRAUNE SOLON DE PONTES como substituto do Chefe de Gabinete do Ministro Dias Toffoli, nível CJ-3, no período de 8 a 19 de janeiro de 2018.</p>]]></Texto>
    <Autores>
      <assina>Eduardo S. Toledo</assina>
    </Autores>
  </body>
</article></xml>