﻿<xml><article id="1021661" name="251 - Dispensa Luiz, Daniela e o" idOficio="4614124" pubName="DO2" artType="Portaria" pubDate="08/01/2018" artClass="00037:00001:00008:00005:00000:00000:00000:00000:00000:00000:00025:00007" artSection="Secretaria de Gestão de Pessoas" artCategory="Secretaria de Gestão de Pessoas" artSize="8" artNotes="" numberPage="44" pdfPage="http://pesquisa.in.gov.br/imprensa/jsp/visualiza/index.jsp?data=08/01/2018&amp;jornal=529&amp;pagina=44" editionNumber="5">
  <body>
    <Identifica><![CDATA[PORTARIA Nº 251, DE 19 DE DEZEMBRO DE 2017]]></Identifica>
    <Data><![CDATA[]]></Data>
    <Ementa />
    <Titulo />
    <SubTitulo />
    <Texto><![CDATA[<p> O SECRETÁRIO DE GESTÃO DE PESSOAS DO SUPREMO TRIBUNAL FEDERAL, no uso das atribuições conferidas pela Portaria DG nº 233/2013, com base no inc. II do art. 9º e no inc. I do art. 35 da Lei nº 8.112/1990, resolve:</p><p>Art. 1º Dispensar:</p><p>I - DANIELA RIBEIRO NAKATANI, Analista Judiciário, Área Administrativa, da função comissionada de Assistente II, nível FC-02, da Seção de Controle Financeiro;</p><p>II - LUIZ PAULO FERNANDES MOTTA, Técnico Judiciário, Área Administrativa, da função comissionada de Assistente II, nível FC-02, da Seção de Apoio Administrativo;</p><p>III - MARTA PENHA LIMA, Técnico Judiciário, Área Administrativa, da função comissionada de Assistente II, nível FC-02, da Seção de Despesas Médicas e Odontológicas;</p><p>IV - THAIS ALVARES CORRÊA, Técnico Judiciário, Área Administrativa, da função comissionada de Assistente II, nível FC-02, da Seção de Cadastro e Atendimento ao Beneficiário;</p><p>V - HIGOR BEZERRA RODRIGUES, Técnico Judiciário, Área Apoio Especializado, Tecnologia da Informação, da função comissionada de Assistente I, nível FC-01, da Seção de Apoio Administrativo.</p><p>Art. 2º Designar:</p><p>I - FÁBIO DE GOIS JESUS, Analista Judiciário, Área Administrativa, para exercer a função comissionada de Assistente II, nível FC-02, na Seção de Cadastro e Atendimento ao Beneficiário;</p><p>II - GUSTAVO DE SOUZA ESCOBAR, Técnico Judiciário, Área Administrativa, para exercer a função comissionada de Assistente II, nível FC-02, na Seção de Despesas Médicas e Odontológicas;</p><p>III - HIGOR BEZERRA RODRIGUES, Técnico Judiciário, Área Apoio Especializado, Tecnologia da Informação, para exercer a função comissionada de Assistente II, nível FC-02, na Seção de Apoio Administrativo;</p><p>IV - USCIARA MOREIRA VIDES GOMES, Técnico Judiciário, Área Administrativa, para exercer a função comissionada de Assistente II, nível FC-02, na Seção de Controle Financeiro;</p><p>V - LUIZ PAULO FERNANDES MOTTA, Técnico Judiciário, Área Administrativa, para exercer a função comissionada de Assistente I, nível FC-01, na Seção de Apoio Administrativo.</p>]]></Texto>
    <Autores>
      <assina>Cícero Rodrigues de Oliveira Gomes</assina>
    </Autores>
  </body>
</article></xml>