﻿<xml><article id="1021622" name="DOU02_PORTARIA_CGP_PR_391_392_39" idOficio="4613568" pubName="DO2" artType="Portaria" pubDate="08/01/2018" artClass="00037:00059:00001:00000:00000:00000:00000:00000:00000:00000:00001:00006" artSection="Presidência" artCategory="Presidência" artSize="8" artNotes="" numberPage="17-61" pdfPage="http://pesquisa.in.gov.br/imprensa/jsp/visualiza/index.jsp?data=08/01/2018&amp;jornal=529&amp;pagina=17,http://pesquisa.in.gov.br/imprensa/jsp/visualiza/index.jsp?data=08/01/2018&amp;jornal=529&amp;pagina=61" editionNumber="5">
  <body>
    <Identifica><![CDATA[PORTARIAS de 19 DE DEZEMBRO DE 2017]]></Identifica>
    <Data><![CDATA[]]></Data>
    <Ementa />
    <Titulo />
    <SubTitulo />
    <Texto><![CDATA[<p> O DESEMBARGADOR PRESIDENTE DO TRIBUNAL REGIONAL DO TRABALHO DA 20ª REGIÃO, no uso de suas atribuições legais e regimentais, considerando o que consta do PROAD nº 35468/2017, resolve:</p><p>  Nº 391 - Dispensar a servidora MARIA JOSÉ MILTA DA CRUZ, Técnico Judiciário - Área Administrativa do Quadro Permanente de Pessoal da Secretaria deste Tribunal, da Função Comissionada de CHEFE DE GABINETE (FC-5) do Gabinete da Exma. Desembargadora RITA DE CÁSSIA PINHEIRO DE OLIVEIRA, com efeitos a contar de 8/1/2018.</p><p>  O DESEMBARGADOR PRESIDENTE DO TRIBUNAL REGIONAL DO TRABALHO DA 20ª REGIÃO, no uso de suas atribuições legais e regimentais, considerando o que consta do PROAD nº 35468/2017, resolve:</p><p>  Nº 392  - Designar a servidora MÔNICA CRISTINA SANTOS LEITE, Analista Judiciário - Área Judiciária do Quadro Permanente de Pessoal da Secretaria deste Tribunal, para exercer a Função Comissionada de CHEFE DE GABINETE (FC-5), ficando dispensada da Função Comissionada de ASSISTENTE ADMINISTRATIVO (FC-3), ambas do Gabinete da Exma. Desembargadora RITA DE CÁSSIA PINHEIRO DE OLIVEIRA, com efeitos a contar de 8/1/2018.</p><p>   O DESEMBARGADOR PRESIDENTE DO TRIBUNAL REGIONAL DO TRABALHO DA 20ª REGIÃO, no uso de suas atribuições legais e regimentais, considerando o que consta do PROAD nº 35468/2017, resolve:</p><p>  Nº 393  - Designar a Bacharela em Direito BÁRBARA TORRIANI BRODT, Analista Judiciário - Área Judiciária do TRT da 18ª Região, em exercício provisório neste Tribunal, para exercer a Função Comissionada de ASSISTENTE ADMINISTRATIVO (FC-3) do Gabinete da Exma. Desembargadora RITA DE CÁSSIA PINHEIRO DE OLIVEIRA, com efeitos a contar de 8/1/2018.</p>]]></Texto>
    <Autores>
      <assina>THENISSON SANTANA DÓRIA</assina>
    </Autores>
  </body>
</article></xml>