﻿<xml><article id="1021592" name="228 - Subst designa Rodrigo Arau" idOficio="4612974" pubName="DO2" artType="Portaria" pubDate="08/01/2018" artClass="00037:00001:00008:00001:00000:00000:00000:00000:00000:00000:00025:00002" artSection="Gabinete" artCategory="Gabinete" artSize="8" artNotes="" numberPage="44" pdfPage="http://pesquisa.in.gov.br/imprensa/jsp/visualiza/index.jsp?data=08/01/2018&amp;jornal=529&amp;pagina=44" editionNumber="5">
  <body>
    <Identifica><![CDATA[PORTARIA N° 228, DE 19 DE DEZEMBRO DE 2017]]></Identifica>
    <Data><![CDATA[]]></Data>
    <Ementa />
    <Titulo />
    <SubTitulo />
    <Texto><![CDATA[<p> O DIRETOR-GERAL DA SECRETARIA DO SUPREMO TRIBUNAL FEDERAL, no uso de suas atribuições e com base no caput do art. 38 da Lei nº 8.112/1990 e no art. 123 do Regulamento da Secretaria, resolve:</p><p>Designar RODRIGO ARAUJO DE MIRANDA, Técnico Judiciário, Área Administrativa, como substituto do Chefe da Seção de Capacitação Continuada, nível FC-06, no dia 7 de dezembro de 2017.</p>]]></Texto>
    <Autores>
      <assina>Eduardo S. Toledo</assina>
    </Autores>
  </body>
</article></xml>