﻿<xml><article id="1021553" name="Ato 1164 - 2017" idOficio="4611948" pubName="DO2" artType="Ato" pubDate="08/01/2018" artClass="00037:00007:00001:00000:00000:00000:00000:00000:00000:00000:00001:00026" artSection="Presidência" artCategory="Presidência" artSize="8" artNotes="" numberPage="48" pdfPage="http://pesquisa.in.gov.br/imprensa/jsp/visualiza/index.jsp?data=08/01/2018&amp;jornal=529&amp;pagina=48" editionNumber="5">
  <body>
    <Identifica><![CDATA[Ato nº 1.164, de 18 de dezembro de 2017]]></Identifica>
    <Data><![CDATA[]]></Data>
    <Ementa />
    <Titulo />
    <SubTitulo />
    <Texto><![CDATA[<p> O PRESIDENTE DO TRIBUNAL REGIONAL FEDERAL DA 1ª REGIÃO, no uso de suas atribuições legais e regimentais e tendo em vista o constante nos autos do PAe 0015710-46.2017.4.01.8004, resolve:</p><p>CONCEDER APOSENTADORIA à servidora RITA OLÍVIA ANNEYS CARDOSO, Analista Judiciária, Área Judiciária, Nível Superior, Classe "C", Padrão 13, do Quadro de Pessoal da Justiça Federal de Primeira Instância, Seção Judiciária do Estado da Bahia, com fundamento no art. 3º da Emenda Constitucional 47/2005 com a vantagem do art. 15, § 1º da Lei 9.527/97 e art. 62-A da Lei 8.112/90.</p>]]></Texto>
    <Autores>
      <assina>Des. HILTON QUEIROZ</assina>
    </Autores>
  </body>
</article></xml>