﻿<xml><article id="1021616" name="ATO TRT5 482- 2017" idOficio="4613385" pubName="DO2" artType="Ato" pubDate="08/01/2018" artClass="00037:00044:00001:00000:00000:00000:00000:00000:00000:00000:00001:00003" artSection="Presidência" artCategory="Presidência" artSize="8" artNotes="" numberPage="55" pdfPage="http://pesquisa.in.gov.br/imprensa/jsp/visualiza/index.jsp?data=08/01/2018&amp;jornal=529&amp;pagina=55" editionNumber="5">
  <body>
    <Identifica><![CDATA[ATO Nº 482, DE 18 DE DEZEMBRO DE 2017]]></Identifica>
    <Data><![CDATA[]]></Data>
    <Ementa />
    <Titulo />
    <SubTitulo />
    <Texto><![CDATA[<p> A PRESIDENTE DO TRIBUNAL REGIONAL DO TRABALHO DA QUINTA REGIÃO, no uso de suas atribuições legais e regimentais, de conformidade com o artigo 36 da Lei 8112/90, artigo 20 da Lei 11416/2006, artigo 12 do Anexo IV da Portaria Conjunta nº 03/2007, publicada no DOU de 05/06/2007, artigos 7º, Inciso II, 12, 13 e 26 da Resolução CSJT Nº 110/2012 de 31/08/2012, republicada no DEJT de 10/09/2012, e com o Ato TRT5 Nº 228/2010, publicado no DJ do TRT-5ª Região de 14/07/2010, e tendo em vista o que consta do PROAD nº 14606/2017, resolve: </p><p> I - Remover FÁBIO GERALDO DE BARROS, ocupante do cargo efetivo de Técnico Judiciário/Administrativa, servidor deste Regional, para o Tribunal Regional do Trabalho da 9ª Região, com efeitos a partir de 08/01/2018, em permuta com o servidor ANTÔNIO JORGE DE OLIVEIRA CASTRO MARQUES, ocupante do cargo de Analista Judiciário/Judiciária, da mencionada Corte.</p>]]></Texto>
    <Autores>
      <assina>MARIA DE LOURDES LINHARES</assina>
    </Autores>
  </body>
</article></xml>