﻿<xml><article id="1021625" name="DOU02_PORTARIA_CGP_PR_394_395_39" idOficio="4613648" pubName="DO2" artType="Portaria" pubDate="08/01/2018" artClass="00037:00059:00001:00000:00000:00000:00000:00000:00000:00000:00001:00007" artSection="Presidência" artCategory="Presidência" artSize="8" artNotes="" numberPage="61" pdfPage="http://pesquisa.in.gov.br/imprensa/jsp/visualiza/index.jsp?data=08/01/2018&amp;jornal=529&amp;pagina=61" editionNumber="5">
  <body>
    <Identifica><![CDATA[PORTARIAS de 19 DE DEZEMBRO DE 2017]]></Identifica>
    <Data><![CDATA[]]></Data>
    <Ementa />
    <Titulo />
    <SubTitulo />
    <Texto><![CDATA[<p> O DESEMBARGADOR PRESIDENTE DO TRIBUNAL REGIONAL DO TRABALHO DA 20ª REGIÃO, no uso de suas atribuições legais e regimentais, considerando o que consta do PROAD nº 35475/2017, resolve:</p><p>  Nº 394  - Dispensar a Bacharela em Direito ALEXSANDRA ANDRADE GALVÃO GONÇALVES (Técnico Judiciário - Área Administrativa cedida pelo TRT da 2ª Região) da Função Comissionada de ASSISTENTE DE DIRETOR DE SECRETARIA (FC-5) da 5ª Vara do Trabalho de Aracaju, com efeitos a contar de 8/1/2018.</p><p>  O DESEMBARGADOR PRESIDENTE DO TRIBUNAL REGIONAL DO TRABALHO DA 20ª REGIÃO, no uso de suas atribuições legais e regimentais, considerando o que consta do PROAD nº 35475/2017, resolve:</p><p>  Nº 395 - Designar a servidora MÁRCIA MARIA SOARES DA COSTA FIGUEIREDO, Analista Judiciário - Área Judiciária do Quadro Permanente de Pessoal da Secretaria deste Tribunal, para exercer a Função Comissionada de ASSISTENTE DE DIRETOR DE SECRETARIA (FC-5), ficando dispensada da Função Comissionada de ASSISTENTE (FC-2) da 5ª Vara do Trabalho de Aracaju, com efeitos a contar de 8/1/2018.</p><p> </p><p>  O DESEMBARGADOR PRESIDENTE DO TRIBUNAL REGIONAL DO TRABALHO DA 20ª REGIÃO, no uso de suas atribuições legais e regimentais, considerando o que consta do PROAD nº 35475/2017, resolve:</p><p>  Nº 396  - Designar o servidor IGOR RENARD CRUZ, Analista Judiciário - Área Judiciária do TRT da 19ª Região, removido por permuta para este Tribunal, para exercer a Função Comissionada de ASSISTENTE (FC-2) da 5ª Vara do Trabalho de Aracaju, com efeitos a contar de 8/1/2018.</p>]]></Texto>
    <Autores>
      <assina>THENISSON SANTANA DÓRIA</assina>
    </Autores>
  </body>
</article></xml>