﻿<xml><article id="1021655" name="Gabarito DOU - Lucinéia e Julian" idOficio="4614015" pubName="DO2" artType="Portaria" pubDate="08/01/2018" artClass="00037:00024:00000:00000:00000:00000:00000:00000:00000:00000:00025:00002" artSection="Poder Judiciário" artCategory="Tribunal Regional Eleitoral de Minas Gerais" artSize="8" artNotes="" numberPage="53" pdfPage="http://pesquisa.in.gov.br/imprensa/jsp/visualiza/index.jsp?data=08/01/2018&amp;jornal=529&amp;pagina=53" editionNumber="5">
  <body>
    <Identifica><![CDATA[PORTARIA Nº 298, DE 18 DE DEZEMBRO DE 2017]]></Identifica>
    <Data><![CDATA[]]></Data>
    <Ementa />
    <Titulo />
    <SubTitulo />
    <Texto><![CDATA[<p> </p><p> O DESEMBARGADOR PRESIDENTE DO TRIBUNAL REGIONAL ELEITORAL DE MINAS GERAIS, no uso de suas atribuições e tendo em vista o disposto no art. 37 da Lei n.º 8.112, de 11 de dezembro de 1990, na Resolução TSE n.º 23.430, de 12 de agosto de 2014, na Portaria TRE/MG n.º 46, de 18 de março de 2015, e no Processo Administrativo Digital n.º 1712791/2017, RESOLVE:</p><p> Art. 1º Fica redistribuído o cargo de Analista Judiciário - Área Judiciária, criado pela Lei n.º 10.842/2004, ocupado pela servidora JULIANA BERNARDES DA SILVA, pertencente ao Quadro de Pessoal deste Tribunal Regional Eleitoral de Minas Gerais, em reciprocidade com o cargo de mesma denominação ocupado pela servidora LUCINÉIA GONÇALVES COSTA, pertencente ao Quadro de Pessoal do Tribunal Superior Eleitoral.</p><p>Art. 2º Ficam concedidos 20 (vinte) dias de licença-trânsito à servidora LUCINÉA GONÇALVES COSTA, nos termos do art. 18, caput, da Lei nº 8.112/90, e art. 14 da Resolução TSE nº 23.430/2014.</p><p>Art. 3º Esta portaria entrará em vigor na data de sua publicação.</p><p> </p><p> </p>]]></Texto>
    <Autores>
      <assina>Desembargador EDGARD PENNA AMORIM</assina>
    </Autores>
  </body>
</article></xml>