﻿<xml><article id="1205396" name="trt9a282-2017 ATO 247" idOficio="4611604" pubName="DO2" artType="Ato" pubDate="22/01/2018" artClass="00037:00048:00000:00000:00000:00000:00000:00000:00000:00000:00001:00001" artSection="Poder Judiciário" artCategory="Tribunal Regional do Trabalho da 9ª Região" artSize="8" artNotes="" numberPage="55" pdfPage="http://pesquisa.in.gov.br/imprensa/jsp/visualiza/index.jsp?data=22/01/2018&amp;jornal=529&amp;pagina=55" editionNumber="15">
  <body>
    <Identifica><![CDATA[ATO Nº 247, DE 27 DE SETEMBRO DE 2017]]></Identifica>
    <Data><![CDATA[]]></Data>
    <Ementa />
    <Titulo />
    <SubTitulo />
    <Texto><![CDATA[<p> O DESEMBARGADOR DO TRABALHO, PRESIDENTE DO TRIBUNAL REGIONAL DO TRABALHO DA 9ª REGIÃO, usando de suas atribuições legais, diante do disposto no art. 25 do Regimento Interno e do contido no expediente "Redistribuição Funcionário Fora De Sede 021/2017" e na Certidão SADM no 243/2017, resolve: Art. 1º Redistribuir, a partir da data da publicação, nos termos do art. 37 da Lei nº 8.112/1990, o cargo efetivo de Analista Judiciário, Área Judiciária, criado pela Lei nº 12.617/2012, do Quadro de Pessoal Permanente desta Corte, ocupado pela servidora NATÁLIA BERTOLLA FLORÊNCIO, para o Quadro de Pessoal Permanente do Tribunal Regional do Trabalho da 15ª Região, em reciprocidade com o cargo de Analista Judiciário, Área Judiciária, ocupado pelo servidor GUILHERME COSTA LUDTK. Art. 2º Lotar, em virtude do disposto no art. 1°, o servidor GUILHERME COSTA LUDTK na 1ª Vara do Trabalho de Umuarama. Art. 3º Revogar o item I, do Ato n° 70/2014, publicado no Diário Oficial da União - Seção 2, em 17/03/2014.</p>]]></Texto>
    <Autores>
      <assina>Des. ARNOR LIMA NETO</assina>
    </Autores>
  </body>
</article></xml>