﻿<xml><article id="1021613" name="ATO TRT5 483- 2017" idOficio="4613385" pubName="DO2" artType="Ato" pubDate="08/01/2018" artClass="00037:00044:00001:00000:00000:00000:00000:00000:00000:00000:00001:00004" artSection="Presidência" artCategory="Presidência" artSize="8" artNotes="" numberPage="55" pdfPage="http://pesquisa.in.gov.br/imprensa/jsp/visualiza/index.jsp?data=08/01/2018&amp;jornal=529&amp;pagina=55" editionNumber="5">
  <body>
    <Identifica><![CDATA[ATO Nº 483, DE 18 DE DEZEMBRO DE 2017]]></Identifica>
    <Data><![CDATA[]]></Data>
    <Ementa />
    <Titulo />
    <SubTitulo />
    <Texto><![CDATA[<p> A PRESIDENTE DO TRIBUNAL REGIONAL DO TRABALHO DA QUINTA REGIÃO, no uso de suas atribuições legais e regimentais, considerando o que consta do processo de matéria administrativa autuado sob nº 12401/2017 PROAD; resolve: </p><p> Aposentar a servidora ELIANA FONSECA DE SANTANA, com proventos integrais, no cargo da categoria funcional Técnico Judiciário/Administrativa/Apoio de Serviços Diversos, Classe C, Padrão 13 (Lei nº 12.774/12), com fundamento no artigo 3º da Emenda Constitucional 47/2005, e vantagens previstas no art.62 da Lei nº 8.112/90, combinado com o art. 3º da Lei nº 8.911/94 (revogado pela Lei nº 9.527/97, mas cujos atos praticados foram convalidados pela Lei nº 9.624/98).</p>]]></Texto>
    <Autores>
      <assina>MARIA DE LOURDES LINHARES</assina>
    </Autores>
  </body>
</article></xml>