﻿<xml><article id="1021658" name="Gabarito DOU - Adriana e Rogério" idOficio="4614054" pubName="DO2" artType="Portaria" pubDate="08/01/2018" artClass="00037:00024:00000:00000:00000:00000:00000:00000:00000:00000:00025:00001" artSection="Poder Judiciário" artCategory="Tribunal Regional Eleitoral de Minas Gerais" artSize="8" artNotes="" numberPage="53" pdfPage="http://pesquisa.in.gov.br/imprensa/jsp/visualiza/index.jsp?data=08/01/2018&amp;jornal=529&amp;pagina=53" editionNumber="5">
  <body>
    <Identifica><![CDATA[PORTARIA Nº 256, DE 23 DE OUTUBRO DE 2017]]></Identifica>
    <Data><![CDATA[]]></Data>
    <Ementa />
    <Titulo />
    <SubTitulo />
    <Texto><![CDATA[<p> </p><p> O DESEMBARGADOR PRESIDENTE DO TRIBUNAL REGIONAL ELEITORAL DE MINAS GERAIS, no uso de suas atribuições e tendo em vista o disposto no art. 37 da Lei n.º 8.112, de 11 de dezembro de 1990, na Resolução TSE n.º 23.430, de 12 de agosto de 2014, na Portaria TRE/MG n.º 46, de 18 de março de 2015, e no Processo Administrativo Digital n.º 1708852/2017, RESOLVE:</p><p> Art. 1º - REDISTRIBUIR o cargo de Técnico Judiciário - Área Administrativa, criado pela Lei n.º 11.202/2005, ocupado pela servidora ADRIANA CRISTINA ARAÚJO, pertencente ao Quadro de Pessoal deste Tribunal Regional Eleitoral de Minas Gerais, em reciprocidade com o cargo de mesma denominação ocupado pelo servidor ROGÉRIO TRISTÃO DE FREITAS, pertencente ao Quadro de Pessoal do Tribunal Regional Federal da 1ª Região.</p><p>Art. 2º Esta portaria entrará em vigor na data de sua publicação.</p><p> </p>]]></Texto>
    <Autores>
      <assina>Desembargador PEDRO BERNARDES</assina>
      <cargo>Em exercício</cargo>
    </Autores>
  </body>
</article></xml>