﻿<xml><article id="1021640" name="DOU02_ATO_138_2017_SUBSTITUIÇÃO_" idOficio="4613943" pubName="DO2" artType="Ato" pubDate="08/01/2018" artClass="00037:00059:00001:00000:00000:00000:00000:00000:00000:00000:00001:00004" artSection="Presidência" artCategory="Presidência" artSize="8" artNotes="" numberPage="60" pdfPage="http://pesquisa.in.gov.br/imprensa/jsp/visualiza/index.jsp?data=08/01/2018&amp;jornal=529&amp;pagina=60" editionNumber="5">
  <body>
    <Identifica><![CDATA[ATOS Nº 138, 19 DE DEZEMBRO DE 2017]]></Identifica>
    <Data><![CDATA[]]></Data>
    <Ementa />
    <Titulo />
    <SubTitulo />
    <Texto><![CDATA[<p> O DESEMBARGADOR PRESIDENTE DO TRIBUNAL REGIONAL DO TRABALHO DA 20ª REGIÃO, no uso de suas atribuições legais e regimentais, tendo em vista o que consta do Processo Administrativo Eletrônico Nº 35477/2017, resolve:</p><p> Designar o servidor WESLEY MAX DOS SANTOS SILVA, Analista Judiciário - Área Judiciária do TRT da 5ª Região, removido por permuta para este Tribunal, para substituir ELAINE CRISTINA TELES CANUTO no cargo em comissão de ASSESSOR DE DESEMBARGADOR (CJ-3) do Gabinete do Exmo. Juiz Convocado ALEXANDRE MANUEL RODRIGUES PEREIRA, no período de 8 a 17/1/2018, em virtude de férias da titular e da substituta legal, nos termos do Ato DG.PR Nº 171/2011.</p>]]></Texto>
    <Autores>
      <assina>THENISSON SANTANA DÓRIA</assina>
    </Autores>
  </body>
</article></xml>