﻿<xml><article id="1021093" name="264 - Dispensa Magistrado Auxili" idOficio="4611625" pubName="DO2" artType="Portaria" pubDate="08/01/2018" artClass="00037:00001:00002:00000:00000:00000:00000:00000:00000:00000:00025:00001" artSection="Presidência" artCategory="Presidência" artSize="8" artNotes="" numberPage="44" pdfPage="http://pesquisa.in.gov.br/imprensa/jsp/visualiza/index.jsp?data=08/01/2018&amp;jornal=529&amp;pagina=44" editionNumber="5">
  <body>
    <Identifica><![CDATA[PORTARIA 264, DE 18 DE DEZEMBRO DE 2017]]></Identifica>
    <Data><![CDATA[]]></Data>
    <Ementa />
    <Titulo />
    <SubTitulo />
    <Texto><![CDATA[<p> A PRESIDENTE DO SUPREMO TRIBUNAL FEDERAL no uso de suas atribuições e com base na Resolução n° 413, de 1° de outubro de 2009, resolve:</p><p>Dispensar o Juiz Federal MATEUS DE FREITAS CAVALCANTI COSTA, do Tribunal Regional Federal da 5ª Região, da atuação como Juiz Auxiliar do Gabinete da Ministra Rosa Weber, a partir de 8 de janeiro de 2018.</p>]]></Texto>
    <Autores>
      <assina>Ministra CÁRMEN LÚCIA</assina>
    </Autores>
  </body>
</article></xml>