﻿<xml><article id="1021571" name="268 - Cessão Felipe Oliveira - M" idOficio="4612947" pubName="DO2" artType="Portaria" pubDate="08/01/2018" artClass="00037:00001:00002:00000:00000:00000:00000:00000:00000:00000:00025:00001" artSection="Presidência" artCategory="Presidência" artSize="8" artNotes="" numberPage="44" pdfPage="http://pesquisa.in.gov.br/imprensa/jsp/visualiza/index.jsp?data=08/01/2018&amp;jornal=529&amp;pagina=44" editionNumber="5">
  <body>
    <Identifica><![CDATA[PORTARIA N° 268, DE 18 DE DEZEMBRO DE 2017]]></Identifica>
    <Data><![CDATA[]]></Data>
    <Ementa />
    <Titulo />
    <SubTitulo />
    <Texto><![CDATA[<p> A PRESIDENTE DO SUPREMO TRIBUNAL FEDERAL, no uso de suas atribuições e com base no inc. I do art. 93 da Lei nº 8.112/1990, resolve:</p><p>Autorizar a cessão ao Ministério Público Federal, até 15 de setembro de 2018, do servidor FELIPE OLIVEIRA BIATO, Analista Judiciário, Área Judiciária, do Quadro de Pessoal deste Tribunal, para exercer o cargo em comissão de Assessor Nível II, CC-2, da Secretaria de Apoio à Função Eleitoral. </p>]]></Texto>
    <Autores>
      <assina>Ministra CÁRMEN LÚCIA</assina>
    </Autores>
  </body>
</article></xml>