﻿<xml><article id="1021610" name="PORTARIA 1965-2017" idOficio="4613385" pubName="DO2" artType="Portaria" pubDate="08/01/2018" artClass="00037:00044:00001:00000:00000:00000:00000:00000:00000:00000:00025:00005" artSection="Presidência" artCategory="Presidência" artSize="8" artNotes="" numberPage="55" pdfPage="http://pesquisa.in.gov.br/imprensa/jsp/visualiza/index.jsp?data=08/01/2018&amp;jornal=529&amp;pagina=55" editionNumber="5">
  <body>
    <Identifica><![CDATA[PORTARIA nº 1.965 DE 27 DE NOVEMBRO 2017]]></Identifica>
    <Data><![CDATA[]]></Data>
    <Ementa />
    <Titulo />
    <SubTitulo />
    <Texto><![CDATA[<p> A PRESIDENTE DO TRIBUNAL REGIONAL DO TRABALHO DA QUINTA REGIÃO, no uso de suas atribuições legais e regimentais, tendo em vista o que consta no processo PROAD- 15049/2016, resolve: </p><p>Rerratificar a Portaria TRT5-253/2017, publicada no DOU, edição de 31/03/2017 que concedeu pensão vitalícia a MARIA LUIZA MACEDO VARDANEGA TOURINHO e temporária a ILKA MARIA AMÁLIA VARDANEGA TOURINHO, viúva e filha, respectivamente, do servidor falecido Guttemberg Ferraro Tourinho, com fundamento nos artigos 215, 217, I e IV, "b", 218 e 222, VII, "b", "6", da Lei nº 8.112/90 (redação dada pela Lei nº 13.135/2015); art. 40, §7º, I, da CF/88, e art. 2º, I, da Lei nº 10.887/2004, à base de 50% (cinquenta por cento) para cada uma, calculada sobre os proventos do servidor falecido, a contar de 18/12/2016, data do óbito do ex-servidor.</p>]]></Texto>
    <Autores>
      <assina>MARIA DE LOURDES LINHARES</assina>
    </Autores>
  </body>
</article></xml>