﻿<xml><article id="1021090" name="ATO 348.2017 GUSTAVO X PEDRO" idOficio="4611607" pubName="DO2" artType="Ato" pubDate="08/01/2018" artClass="00037:00045:00001:00000:00000:00000:00000:00000:00000:00000:00001:00001" artSection="Presidência" artCategory="Presidência" artSize="8" artNotes="" numberPage="55" pdfPage="http://pesquisa.in.gov.br/imprensa/jsp/visualiza/index.jsp?data=08/01/2018&amp;jornal=529&amp;pagina=55" editionNumber="5">
  <body>
    <Identifica><![CDATA[ATO Nº 348, de 1º de dezembro de 2017]]></Identifica>
    <Data><![CDATA[]]></Data>
    <Ementa />
    <Titulo />
    <SubTitulo />
    <Texto><![CDATA[<p> O DESEMBARGADOR PRESIDENTE DO TRIBUNAL REGIONAL DO TRABALHO DA SEXTA REGIÃO, no uso de suas atribuições legais e regimentais, considerando o processo n.º 12516/2017 - Proad, e CONSIDERANDO o disposto no art. 37 da Lei n.º 8.112/90 e na Resolução n.º 146/2012 do Conselho Nacional de Justiça, resolve: </p><p> I. FAZER CESSAR os efeitos do ATO TRT6-GP n.º 351/2014, publicado no Diário Oficial da União, seção 2, n.º 7, página 59, em 12.01.2015, que removeu o servidor GUSTAVO RAMOS ALMEIDA, ocupante do cargo de Analista Judiciário, Área Apoio Especializado, Especialidade Tecnologia da Informação, integrante do quadro de pessoal efetivo deste Regional para o Tribunal Regional do Trabalho da 5ª Região, mediante permuta com o servidor PEDRO BARBOSA CORDEIRO, ocupante de idêntico cargo, do quadro de pessoal efetivo daquela Corte. II. REDISTRIBUIR o cargo de Analista Judiciário, Área Apoio Especializado, Especialidade Tecnologia da Informação, do quadro de pessoal efetivo deste Tribunal, ocupado pelo servidor GUSTAVO RAMOS ALMEIDA, para o Tribunal Regional do Trabalho da 5ª Região, em reciprocidade com idêntico cargo, ocupado pelo servidor PEDRO BARBOSA RAMOS, daquela Corte. III. MANTER o servidor PEDRO BARBOSA RAMOS lotado na Seção de Administração de Dados. Este Ato tem efeitos a partir da publicação. Publique-se no Diário Oficial da União.</p><p> </p><p> </p>]]></Texto>
    <Autores>
      <assina>IVAN DE SOUZA VALENÇA ALVES</assina>
    </Autores>
  </body>
</article></xml>