﻿<xml><article id="992430" name="portaria_4_2017" idOficio="4611044" pubName="DO2" artType="Portaria" pubDate="04/01/2018" artClass="00038:00495:00000:00000:00000:00000:00000:00000:00000:00000:00025:00001" artSection="Entidades de Fiscalização do Exercício das Profissões Liberais" artCategory="Conselho Regional dos Representantes Comerciais no Estado de Pernambuco" artSize="8" artNotes="" numberPage="34" pdfPage="http://pesquisa.in.gov.br/imprensa/jsp/visualiza/index.jsp?data=04/01/2018&amp;jornal=529&amp;pagina=34" editionNumber="3">
  <body>
    <Identifica><![CDATA[PORTARIA Nº 4, de 7 de dezembro de 2017]]></Identifica>
    <Data><![CDATA[]]></Data>
    <Ementa />
    <Titulo />
    <SubTitulo />
    <Texto><![CDATA[<p> O Presidente do Conselho Regional dos Representantes Comerciais no Estado de Pernambuco - Core-PE, no uso de suas atribuições legais e regimentais, e em conformidade com o disposto no artigo 26, alínea t, do Regimento Interno da Entidade.</p><p>CONSIDERANDO a determinação da Plenária do Conselho, no dia 04.12.2017, a qual determinou a designação do Funcionário Bruno Moura de Souza Leão para a função de fiscal e gestor dos contratos do CORE-PE;</p><p>CONSIDERANDO, que cabe à Autarquia, nos termos do disposto nos artigos 58 - inciso III e 67 da Lei nº. 8.666/93, acompanhar e fiscalizar a execução dos contratos celebrados através de um representante da Administração;  </p><p>CONSIDERANDO que os órgãos públicos devem manter fiscal formalmente designado durante toda a vigência dos contratos celebrados pela entidade;</p><p>CONSIDERANDO que as principais atribuições do Fiscal Contratual são: </p><p>I- Zelar pelo efetivo cumprimento das obrigações contratuais assumidas e pela qualidade dos produtos fornecidos e dos serviços prestados ao CORE-PE; </p><p>II- Verificar se a entrega de materiais, execução de obras ou prestação de serviços (bem como seus preços e quantitativos) está sendo cumprida de acordo com o instrumento contratual e instrumento convocatório; </p><p>III- Acompanhar, fiscalizar e atestar as aquisições, a execução dos serviços e obras contratadas;  </p><p>IV- Indicar eventuais glosas das faturas, resolve:</p><p>Art. 1º - Revogar a Portaria nº 23/2016.</p><p>Art. 2º - Designar o funcionário Bruno Moura de Souza Leão, CPF nº 093.593.564-92, OAB/PE sob o nº 34.470, para, a partir de 07 de dezembro de 2017, além de exercer suas atribuições de Chefe Adjunto do Departamento Jurídico, exercer também a fiscalização e a gestão dos contratos de fornecimentos de produtos e serviços ao CORE-PE, por prazo indeterminado.</p><p>Art. 3º - A referida nomeação poderá ser revogada a qualquer tempo, a critério desta Presidência.</p><p>Art. 4º - A presente Portaria entra em vigor a partir desta data.</p><p> </p>]]></Texto>
    <Autores>
      <assina>Archimedes Cavalcanti Júnior</assina>
      <cargo>Diretor - Presidente</cargo>
    </Autores>
  </body>
</article></xml>