﻿<xml><article id="1021078" name="trt9a279-2017 ATO 316" idOficio="4610821" pubName="DO2" artType="Ato" pubDate="08/01/2018" artClass="00037:00048:00001:00001:00017:00000:00000:00000:00000:00000:00001:00019" artSection="Poder Judiciário" artCategory="Tribunal Regional do Trabalho da 9ª Região" artSize="8" artNotes="" numberPage="58" pdfPage="http://pesquisa.in.gov.br/imprensa/jsp/visualiza/index.jsp?data=08/01/2018&amp;jornal=529&amp;pagina=58" editionNumber="5">
  <body>
    <Identifica><![CDATA[ATO Nº 316, DE 12 DE DEZEMBRO DE 2017]]></Identifica>
    <Data><![CDATA[]]></Data>
    <Ementa />
    <Titulo />
    <SubTitulo />
    <Texto><![CDATA[<p> A DESEMBARGADORA DO TRABALHO, PRESIDENTE DO TRIBUNAL REGIONAL DO TRABALHO DA 9ª REGIÃO, usando de suas atribuições legais, diante do disposto no art. 25 do Regimento Interno e do contido no expediente eletrônico "Remoção Entre Regionais Por Permuta SADM 001/2017" e na CER CAM no 327/2017, resolve:</p><p>Art. 1º Remover a pedido, mediante permuta, com fundamento no art. 20, da Lei 11.416/2006, e arts. 7º, II, e 13, da Resolução CSJT nº 110/2012, ANTONIO JORGE DE OLIVEIRA CASTRO MARQUES, Analista Judiciário, Área Judiciária, do Quadro de Pessoal Permanente deste Tribunal, com o servidor FÁBIO GERALDO DE BARROS, Técnico Judiciário, Área Administrativa, do Quadro de Pessoal Permanente do Tribunal Regional do Trabalho da 5ª Região. Art. 2º Revogar a Portaria JP no 90/2017, publicado no Diário Oficial da União - Seção 2 de 15/09/2017. Art. 3º Este Ato entra em vigor a partir da data de sua publicação.</p><p> </p>]]></Texto>
    <Autores>
      <assina>Desembargadora MARLENE T. FUVERKI SUGUIMATSU</assina>
    </Autores>
  </body>
</article></xml>