﻿<xml><article id="992433" name="portaria_5_2017" idOficio="4611071" pubName="DO2" artType="Portaria" pubDate="04/01/2018" artClass="00038:00495:00000:00000:00000:00000:00000:00000:00000:00000:00025:00001" artSection="Entidades de Fiscalização do Exercício das Profissões Liberais" artCategory="Conselho Regional dos Representantes Comerciais no Estado de Pernambuco" artSize="8" artNotes="" numberPage="35" pdfPage="http://pesquisa.in.gov.br/imprensa/jsp/visualiza/index.jsp?data=04/01/2018&amp;jornal=529&amp;pagina=35" editionNumber="3">
  <body>
    <Identifica><![CDATA[PORTARIA Nº 5, de 7 de dezembro de 2017]]></Identifica>
    <Data><![CDATA[]]></Data>
    <Ementa />
    <Titulo />
    <SubTitulo />
    <Texto><![CDATA[<p> O Presidente do CORE-PE - Conselho Regional dos Representantes Comerciais no Estado de Pernambuco, no exercício de suas atribuições:</p><p>Considerando a necessidade de se normatizar os procedimentos para aquisição de bens e serviços para a Entidade em obediência aos ditames da Lei nº. 10.520/2002 que institui normas para aquisição de produtos e serviços em favor da Administração Pública, designando Pregoeiro e equipe de apoio, composta por funcionários do CORE-PE para realizar a respectiva atividade no ano de 2017/2018.</p><p>Considerando que a lei 10.520/2002 determina que os componentes da comissão de pregão deve ser integrada em sua maioria por servidores ocupantes de cargo efetivo ou emprego da administração, preferencialmente pertencentes ao quadro permanente do órgão ou entidade promotora do evento.</p><p>Considerando a necessidade de agilização, escolha da oferta mais vantajosa, economia e celeridade na aquisição de produtos e serviços para a Administração Pública.</p><p>Resolve</p><p>Art. 1º - Designar os funcionários abaixo para integrarem a Comissão de Pregão, que passa a ser composta pelos membros abaixo discriminados: </p><p>1 - POLIANA BRAGA DE ANDRADE VIEIRA - Pregoeira.</p><p>2 - ADRIANA TEIXEIRA BARBOSA - Pregoeira.</p><p>3 - FERNANDO JOSÉ DE ALBUQUERQUE - Equipe de apoio.</p><p>4 - MARIA ERNESTINA BORGES FREITAS - Equipe de apoio.</p><p>5 - PRISCILA LUCIANO DE AGUIAR - Equipe de apoio.</p><p>Art. 2º - Dê-se conhecimento aos senhores funcionários, membros da comissão.</p><p>Art. 3º - A presente Portaria entra em vigor nesta data.</p><p> </p>]]></Texto>
    <Autores>
      <assina>Archimedes Cavalcanti Júnior</assina>
      <cargo>Diretor - Presidente</cargo>
    </Autores>
  </body>
</article></xml>