﻿<xml><article id="960613" name="265 - Exonera, a pedido, Emerson" idOficio="4611710" pubName="DO2" artType="Portaria" pubDate="02/01/2018" artClass="00037:00001:00002:00000:00000:00000:00000:00000:00000:00000:00025:00001" artSection="Presidência" artCategory="Presidência" artSize="8" artNotes="" numberPage="142" pdfPage="http://pesquisa.in.gov.br/imprensa/jsp/visualiza/index.jsp?data=02/01/2018&amp;jornal=529&amp;pagina=142" editionNumber="1">
  <body>
    <Identifica><![CDATA[PORTARIA Nº 265, DE 18 DE DEZEMBRO DE 2017]]></Identifica>
    <Data><![CDATA[]]></Data>
    <Ementa />
    <Titulo />
    <SubTitulo />
    <Texto><![CDATA[<p> A PRESIDENTE DO SUPREMO TRIBUNAL FEDERAL, no uso de suas atribuições e com base no inc. II do art. 35 da Lei nº 8.112/1990, resolve, por solicitação do Ministro Gilmar Mendes:</p><p>Exonerar, a pedido, EMERSON CESAR DA SILVA GOMES do cargo em comissão de Assessor de Ministro, nível CJ-3, a partir de 1º de janeiro de 2018.</p>]]></Texto>
    <Autores>
      <assina>Min. CÁRMEN LÚCIA</assina>
    </Autores>
  </body>
</article></xml>