﻿<xml><article id="1021607" name="ATO TRT5 460- 2017" idOficio="4613385" pubName="DO2" artType="Ato" pubDate="08/01/2018" artClass="00037:00044:00001:00000:00000:00000:00000:00000:00000:00000:00001:00001" artSection="Presidência" artCategory="Presidência" artSize="8" artNotes="" numberPage="55" pdfPage="http://pesquisa.in.gov.br/imprensa/jsp/visualiza/index.jsp?data=08/01/2018&amp;jornal=529&amp;pagina=55" editionNumber="5">
  <body>
    <Identifica><![CDATA[ATO Nº 460, DE 6 DE DEZEMBRO DE 2017]]></Identifica>
    <Data><![CDATA[]]></Data>
    <Ementa />
    <Titulo />
    <SubTitulo />
    <Texto><![CDATA[<p> A PRESIDENTE DO TRIBUNAL REGIONAL DO TRABALHO DA QUINTA REGIÃO, no uso de suas atribuições legais e regimentais, em observância ao disposto na Lei 8.112/1990, art.37, com a nova redação dada pela Lei 9.527/1997, com base na Res. 146/2012 do CNJ e conforme PROAD nº 11012/2017, resolve: </p><p>REDISTRIBUIR, com efeitos a partir de 08/01/2018, o cargo efetivo de Analista Judiciário/Apoio Especializado/Tecnologia da Informação ocupado pelo servidor PEDRO BARBOSA CORDEIRO, do quadro permanente de pessoal deste Tribunal Regional do Trabalho da 5ª Região, tendo por reciprocidade a redistribuição simultânea do cargo de Analista Judiciário/Apoio Especializado/Tecnologia da Informação ocupado pelo servidor GUSTAVO RAMOS ALMEIDA, do quadro permanente de pessoal do Tribunal Regional do Trabalho da 6ª Região.</p>]]></Texto>
    <Autores>
      <assina>MARIA DE LOURDES LINHARES</assina>
    </Autores>
  </body>
</article></xml>