﻿<xml><article id="1021556" name="Ato 1162 - 2017" idOficio="4611948" pubName="DO2" artType="Ato" pubDate="08/01/2018" artClass="00037:00007:00001:00000:00000:00000:00000:00000:00000:00000:00001:00025" artSection="Presidência" artCategory="Presidência" artSize="8" artNotes="" numberPage="48" pdfPage="http://pesquisa.in.gov.br/imprensa/jsp/visualiza/index.jsp?data=08/01/2018&amp;jornal=529&amp;pagina=48" editionNumber="5">
  <body>
    <Identifica><![CDATA[Ato nº 1.162, de 18 de dezembro de 2017]]></Identifica>
    <Data><![CDATA[]]></Data>
    <Ementa />
    <Titulo />
    <SubTitulo />
    <Texto><![CDATA[<p> O PRESIDENTE DO TRIBUNAL REGIONAL FEDERAL DA 1ª REGIÃO, no uso de suas atribuições legais e regimentais e tendo em vista o constante nos autos do PAe 0028312-57.2017.4.01.8008, resolve:</p><p>APOSENTAR a servidora MARIA CONCEIÇÃO DE CARVALHO, Técnica Judiciária, Área Administrativa, Nível Intermediário, Classe "C", Padrão 13, do Quadro de Pessoal da Justiça Federal de Primeira Instância, Seção Judiciária do Estado de Minas Gerais, Subseção Judiciária de Uberaba, com fundamento no art. 40, inciso I, da Constituição Federal, com a redação dada pela Emenda Constitucional 41/2003, combinado com o art. 6º-A, parágrafo único, da Emenda Constitucional 41/2003, acrescentado pela Emenda Constitucional 70/2012 e art. 186, inciso I, da Lei 8.112/90, com proventos proporcionais ao tempo de contribuição, calculados pela remuneração do cargo efetivo.</p>]]></Texto>
    <Autores>
      <assina>Des. HILTON QUEIROZ</assina>
    </Autores>
  </body>
</article></xml>