﻿<xml><article id="1021102" name="850-ISRAEL E KÁRIN- DIS-DES" idOficio="4611796" pubName="DO2" artType="Portaria" pubDate="08/01/2018" artClass="00037:00004:00001:00002:00000:00000:00000:00000:00000:00000:00025:00001" artSection="Secretaria" artCategory="Secretaria" artSize="8" artNotes="" numberPage="44" pdfPage="http://pesquisa.in.gov.br/imprensa/jsp/visualiza/index.jsp?data=08/01/2018&amp;jornal=529&amp;pagina=44" editionNumber="5">
  <body>
    <Identifica><![CDATA[PORTARIA Nº 850, DE 15 DE DEZEMBRO DE 2017]]></Identifica>
    <Data><![CDATA[]]></Data>
    <Ementa />
    <Titulo />
    <SubTitulo />
    <Texto><![CDATA[<p> A DIRETORA-GERAL DA SECRETARIA DO SUPERIOR TRIBUNAL DE JUSTIÇA, com base no item 16.2, XI, b, do Manual de Organização e considerando o disposto no art. 35, I, da Lei n. 8.112, de 11 de dezembro de 1990, resolve:  </p><p>Art. 1º Efetuar as seguintes alterações na Coordenadoria de Recebimento, Controle e Indexação de Processos Recursais, da Secretaria Judiciária:</p><p>I - Dispensar ISRAEL ALVES DA SILVA, matrícula S028015, da função de confiança de Assistente II, código FC-2;</p><p>II - Designar KÁRIN SOUZA JALES, matrícula S056213, para a função de confiança de Assistente II, código FC-2, na vaga decorrente da dispensa de Israel Alves da Silva.</p><p>Art. 2º Tornar sem efeito a Portaria STJ/GDG n. 845 de 12 de dezembro de 2017, publicada no Diário Oficial da União do dia 14 subsequente.</p><p>Art. 3º Esta portaria entra em vigor na data de sua publicação.</p>]]></Texto>
    <Autores>
      <assina>Sulamita Avelino Cardoso Marques</assina>
    </Autores>
  </body>
</article></xml>