﻿<xml><article id="1021075" name="DOU02_ATO_135_136_2017_CESSAR_DE" idOficio="4610547" pubName="DO2" artType="Ato" pubDate="08/01/2018" artClass="00037:00059:00001:00000:00000:00000:00000:00000:00000:00000:00001:00002" artSection="Presidência" artCategory="Presidência" artSize="8" artNotes="" numberPage="60" pdfPage="http://pesquisa.in.gov.br/imprensa/jsp/visualiza/index.jsp?data=08/01/2018&amp;jornal=529&amp;pagina=60" editionNumber="5">
  <body>
    <Identifica><![CDATA[ATOS de 15 DE DEZEMBRO DE 2017]]></Identifica>
    <Data><![CDATA[]]></Data>
    <Ementa />
    <Titulo />
    <SubTitulo />
    <Texto><![CDATA[<p> O DESEMBARGADOR PRESIDENTE DO TRIBUNAL REGIONAL DO TRABALHO DA 20ª REGIÃO, no uso de suas atribuições legais e regimentais, tendo em vista o que consta do Processo Administrativo Eletrônico Nº 35436/2017, resolve:</p><p>  Nº 135  - Fazer cessar, com efeitos a contar de 8/1/2018, o ATO CGP.PR Nº 078/2017, que designou a servidora VILMA OLIVEIRA RAMOS, Analista Judiciário - Área Judiciária do Quadro Permanente de Pessoal da Secretaria deste Tribunal, para substituir no Cargo em Comissão de ASSESSOR DE DESEMBARGADOR (CJ-3) do Gabinete da Exma. Desembargadora MARIA DAS GRAÇAS MONTEIRO MELO, nos impedimentos legais e eventuais do titular.</p><p> </p><p>  O DESEMBARGADOR PRESIDENTE DO TRIBUNAL REGIONAL DO TRABALHO DA 20ª REGIÃO, no uso de suas atribuições legais e regimentais, tendo em vista o que consta do Processo Administrativo Eletrônico Nº 35436/2017, resolve:</p><p>  Nº 136  - Designar a servidora CAROLINA MARIA SANTANA PAES BARRETO, Analista Judiciário - Área Judiciária do TRT da 5ª Região, removida por permuta para este Tribunal, para substituir no cargo em comissão de ASSESSOR DE DESEMBARGADOR (CJ-3) do Gabinete da Exma. Desembargadora MARIA DAS GRAÇAS MONTEIRO MELO, nos impedimentos legais e eventuais do titular, observando os termos do ATO DG.PR Nº 171/2011 e da Resolução CSJT Nº 184/2017, com efeitos a contar de 8/1/2018.</p>]]></Texto>
    <Autores>
      <assina>THENISSON SANTANA DÓRIA</assina>
    </Autores>
  </body>
</article></xml>