﻿<xml><article id="1021646" name="742" idOficio="4613921" pubName="DO2" artType="Portaria" pubDate="08/01/2018" artClass="00037:00003:00001:00000:00000:00000:00000:00000:00000:00000:00025:00001" artSection="Presidência" artCategory="Presidência" artSize="8" artNotes="" numberPage="44" pdfPage="http://pesquisa.in.gov.br/imprensa/jsp/visualiza/index.jsp?data=08/01/2018&amp;jornal=529&amp;pagina=44" editionNumber="5">
  <body>
    <Identifica><![CDATA[Portaria nº 742, DE 9 DE OUTUBRO DE 2017]]></Identifica>
    <Data><![CDATA[]]></Data>
    <Ementa />
    <Titulo />
    <SubTitulo />
    <Texto><![CDATA[<p> O PRESIDENTE DO TRIBUNAL SUPERIOR ELEITORAL, no uso de suas atribuições e tendo em vista o disposto no artigo 37 da Lei nº 8.112/90; nos artigos 3º e 6º, inciso II, da Res.-TSE nº 23.430/2014; e no Procedimento Administrativo nº 2017.00.000007884-9, resolve:</p><p>redistribuir o cargo de Analista Judiciário, Área Judiciária, do Quadro de Pessoal do Tribunal Superior Eleitoral, ocupado pela servidora LUCINÉA GONÇALVES COSTA, em reciprocidade com cargo idêntico do Quadro de Pessoal do Tribunal Regional Eleitoral de Minas Gerais, ocupado pela servidora JULIANA BERNARDES DA SILVA.</p>]]></Texto>
    <Autores>
      <assina>Ministro GILMAR MENDES</assina>
    </Autores>
  </body>
</article></xml>