﻿<xml><article id="1021598" name="238 - Designa Rosimere Alves - F" idOficio="4613250" pubName="DO2" artType="Portaria" pubDate="08/01/2018" artClass="00037:00001:00008:00005:00000:00000:00000:00000:00000:00000:00025:00002" artSection="Secretaria de Gestão de Pessoas" artCategory="Secretaria de Gestão de Pessoas" artSize="8" artNotes="" numberPage="44" pdfPage="http://pesquisa.in.gov.br/imprensa/jsp/visualiza/index.jsp?data=08/01/2018&amp;jornal=529&amp;pagina=44" editionNumber="5">
  <body>
    <Identifica><![CDATA[PORTARIA Nº 238, DE 11 DE DEZEMBRO DE 2017]]></Identifica>
    <Data><![CDATA[]]></Data>
    <Ementa />
    <Titulo />
    <SubTitulo />
    <Texto><![CDATA[<p> O SECRETÁRIO DE GESTÃO DE PESSOAS DO SUPREMO TRIBUNAL FEDERAL, no uso das atribuições conferidas pela Portaria DG nº 233/2013, com base no inc. II do art. 9º da Lei nº 8.112/1990, resolve, por solicitação do Ministro Celso de Mello:</p><p>Designar ROSIMERE ALVES DE OLIVEIRA CORTEZ, Técnico Judiciário, Área Administrativa, para exercer a função comissionada de Assistente III, nível FC-03, em seu Gabinete.</p>]]></Texto>
    <Autores>
      <assina>Cícero Rodrigues de Oliveira Gomes</assina>
    </Autores>
  </body>
</article></xml>