﻿<xml><article id="960625" name="Extrato Portaria PRT3 - 351 Disp" idOficio="4612927" pubName="DO2" artType="Portaria" pubDate="02/01/2018" artClass="00033:00008:00004:00000:00000:00000:00000:00000:00000:00000:00025:00001" artSection="Procuradoria Regional do Trabalho da 3ª Região" artCategory="Procuradoria Regional do Trabalho da 3ª Região" artSize="8" artNotes="" numberPage="3-140" pdfPage="http://pesquisa.in.gov.br/imprensa/jsp/visualiza/index.jsp?data=02/01/2018&amp;jornal=529&amp;pagina=3,http://pesquisa.in.gov.br/imprensa/jsp/visualiza/index.jsp?data=02/01/2018&amp;jornal=529&amp;pagina=140" editionNumber="1">
  <body>
    <Identifica><![CDATA[PORTARIA Nº 351, DE 18 DE DEZEMBRO DE 2017]]></Identifica>
    <Data><![CDATA[]]></Data>
    <Ementa />
    <Titulo />
    <SubTitulo />
    <Texto><![CDATA[<p>Dispensa e designa substituto do Chefe do DOF da PRT 3ª Região.</p><p> A Procuradora-Chefe da Procuradoria Regional do Trabalho da 3ª Região, no uso da competência que lhe foi delegada pelo art. 92, II, da Lei Complementar nº 75/1993, pela Portaria PGT nº 801, art. 3º, de 29.09.2015, e no exercício da atribuição prevista no art. 1º, §2º, XXIII, da Portaria PGT nº 1728/2017, resolve:</p><p>Art. 1º Dispensar o servidor GUSTAVO ROCHA GOMES, Analista do MPU/Apoio Técnico Especializado/Gestão Pública, matrícula nº. 6.005.171-X, do encargo de Substituto Eventual do Chefe do Departamento de Orçamento e Finanças, Código CC-2, da Procuradoria Regional do Trabalho da 3ª Região.</p><p>Art. 2º Designar a servidora LETÍCIA MARQUES RODRIGUES DE SOUZA MELLO, Técnico do MPU/Administração, matrícula nº. 6.005.104-3, para o encargo de Substituto Eventual do Chefe do Departamento de Orçamento e Finanças, Código CC-2, da Procuradoria Regional do Trabalho da 3ª Região.</p><p>Cientifiquem-se, publique-se no Diário Oficial da União e cumpra-se.</p>]]></Texto>
    <Autores>
      <assina>ADRIANA AUGUSTA DE MOURA SOUZA</assina>
    </Autores>
  </body>
</article></xml>