﻿<xml><article id="960643" name="51 - DESIGNA E DISP PAULA FERNAN" idOficio="4613086" pubName="DO2" artType="Portaria" pubDate="02/01/2018" artClass="00037:00064:00001:00003:00004:00004:00000:00000:00000:00000:00025:00002" artSection="Serviço de Pessoal" artCategory="Serviço de Pessoal" artSize="8" artNotes="" numberPage="144" pdfPage="http://pesquisa.in.gov.br/imprensa/jsp/visualiza/index.jsp?data=02/01/2018&amp;jornal=529&amp;pagina=144" editionNumber="1">
  <body>
    <Identifica><![CDATA[PORTARIA Nº 1.184, DE 18 DE DEZEMBRO DE 2017]]></Identifica>
    <Data><![CDATA[]]></Data>
    <Ementa />
    <Titulo />
    <SubTitulo />
    <Texto><![CDATA[<p> O COORDENADOR DE GESTÃO DE PESSOAS DO TRIBUNAL REGIONAL DO TRABALHO DA 24ª REGIÃO, no uso de suas  atribuições  legais  e  regimentais, resolve:</p><p> 1. DISPENSAR a servidora PAULA FERNANDA MOREIRA COELHO, ANALISTA JUDICIÁRIO, com lotação na 6ª VARA DO TRABALHO DE CAMPO GRANDE, da Função Comissionada de ASSISTENTE (L10770/076), símbolo FC-2, com efeitos a contar de 01/01/2018. 2. DESIGNAR a referida servidora para exercer a Função Comissionada de ASSISTENTE DE JUIZ (L10770/025), símbolo FC-5, com efeitos a contar 01/01/2018.</p>]]></Texto>
    <Autores>
      <assina>FRANCISCO DAS CHAGAS BRANDÃO DA COSTA</assina>
    </Autores>
  </body>
</article></xml>