﻿<xml><article id="1021084" name="ATO 371.2017 joao marcos x rober" idOficio="4611517" pubName="DO2" artType="Ato" pubDate="08/01/2018" artClass="00037:00045:00001:00000:00000:00000:00000:00000:00000:00000:00001:00002" artSection="Presidência" artCategory="Presidência" artSize="8" artNotes="" numberPage="55" pdfPage="http://pesquisa.in.gov.br/imprensa/jsp/visualiza/index.jsp?data=08/01/2018&amp;jornal=529&amp;pagina=55" editionNumber="5">
  <body>
    <Identifica><![CDATA[ATO Nº 371, de 15 de dezembro de 2017]]></Identifica>
    <Data><![CDATA[]]></Data>
    <Ementa />
    <Titulo />
    <SubTitulo />
    <Texto><![CDATA[<p> O DESEMBARGADOR PRESIDENTE DO TRIBUNAL REGIONAL DO TRABALHO DA SEXTA REGIÃO, no uso de suas atribuições legais e regimentais, tendo em vista o decidido no processo n.º 13648/2017 - Proad, e CONSIDERANDO o disposto no art. 36 da Lei n.º 8.112/90, c/c o art. 20 da Lei n.º 11.416/06, no Anexo IV da Portaria Conjunta n.º 03/2007 e na Resolução n.º 110/2012 do Conselho Superior da Justiça do Trabalho; CONSIDERANDO a quebra de reciprocidade existente entre os servidores João Marcos Cordeiro Cavalcanti, ocupante do cargo de Analista Judiciário, Área Judiciária, Especialidade Oficial de Justiça Avaliador Federal, deste Tribunal, e André Varejão de Azevêdo, ocupante de idêntico cargo, do TRT da 2ª Região, resolve: </p><p>I. FAZER CESSAR os efeitos do Ato TRT-GP n.º 116/2017, publicado no Diário Oficial da União, seção 2, página 90, de 15.05.2017, que removeu o servidor JOÃO MARCOS CORDEIRO CAVALCANTI, ocupante do cargo de Analista Judiciário, Área Judiciária, Especialidade Oficial de Justiça Avaliador Federal, para o TRT da 2ª Região, em reciprocidade com o servidor ANDRÉ VAREJÃO DE AZEVÊDO, ocupante de idêntico cargo, daquela Corte. II. REMOVER o servidor JOÃO MARCOS CORDEIRO CAVALCANTI, ocupante do cargo de Analista Judiciário, Área Judiciária - Especialidade Oficial de Justiça Avaliador Federal, do Quadro de Pessoal efetivo deste Tribunal, para o Tribunal Regional do Trabalho da 2ª Região, mediante permuta com o servidor ROBERTO FERNANDO DE SIQUEIRA CAVALCANTI FILHO, ocupante de idêntico cargo, do Quadro de Pessoal efetivo daquele Regional. Este Ato tem efeitos a partir da sua publicação. Publique-se no Diário Oficial da União. </p><p> </p><p> </p>]]></Texto>
    <Autores>
      <assina>IVAN DE SOUZA VALENÇA ALVES</assina>
    </Autores>
  </body>
</article></xml>