﻿<xml><article id="1021595" name="ATO Nº 707" idOficio="4613098" pubName="DO2" artType="Ato" pubDate="08/01/2018" artClass="00037:00010:00001:00000:00000:00000:00000:00000:00000:00000:00001:00002" artSection="Presidência" artCategory="Presidência" artSize="8" artNotes="" numberPage="51" pdfPage="http://pesquisa.in.gov.br/imprensa/jsp/visualiza/index.jsp?data=08/01/2018&amp;jornal=529&amp;pagina=51" editionNumber="5">
  <body>
    <Identifica><![CDATA[ATO Nº 707, DE 29 DE NOVEMBRO DE 2017.]]></Identifica>
    <Data><![CDATA[]]></Data>
    <Ementa />
    <Titulo />
    <SubTitulo />
    <Texto><![CDATA[<p> O PRESIDENTE DO TRIBUNAL REGIONAL FEDERAL DA 4ª REGIÃO, no uso de suas atribuições legais e regimentais, tendo em vista o que consta do Processo Administrativo nº 0011943-28.2017.4.04.8000, resolve:</p><p>CONCEDER APOSENTADORIA VOLUNTÁRIA com proventos integrais, a teor do disposto no  artigo 3º da Emenda Constitucional nº 47/05, à servidora   SOLANGE TERESINHA VELASCO ROLIM, Técnico Judiciário, Área Administrativa, Sem Especialidade, Classe C, Padrão 13, pertencente ao Quadro Permanente de Pessoal do Tribunal Regional Federal da 4ª Região, com a Vantagem Pessoal Nominalmente Identificada, prevista no artigo 62-A da Lei nº 8.112/90, dispositivo acrescentado pelo artigo 3º da Medida Provisória nº 2.225-45/01, incorporada nos termos do artigo 3º da Lei nº 8.911/94, bem como o Adicional de Qualificação, previsto nos artigos 14, caput, e parágrafo 5º, e 15, inciso III, ambos da Lei nº 11.416/06, observado o teto constitucional previsto no artigo 37, inciso XI, da Constituição Federal de 1988, combinado com o artigo 8º da Emenda Constitucional nº 41/03.</p>]]></Texto>
    <Autores>
      <assina>Carlos Eduardo Thompson Flores Lenz</assina>
    </Autores>
  </body>
</article></xml>