﻿<xml><article id="1021649" name="757" idOficio="4613921" pubName="DO2" artType="Portaria" pubDate="08/01/2018" artClass="00037:00003:00001:00000:00000:00000:00000:00000:00000:00000:00025:00002" artSection="Presidência" artCategory="Presidência" artSize="8" artNotes="" numberPage="44" pdfPage="http://pesquisa.in.gov.br/imprensa/jsp/visualiza/index.jsp?data=08/01/2018&amp;jornal=529&amp;pagina=44" editionNumber="5">
  <body>
    <Identifica><![CDATA[Portaria nº 757, DE 16 DE OUTUBRO DE 2017]]></Identifica>
    <Data><![CDATA[]]></Data>
    <Ementa />
    <Titulo />
    <SubTitulo />
    <Texto><![CDATA[<p> O PRESIDENTE DO TRIBUNAL SUPERIOR ELEITORAL, no uso de suas atribuições e tendo em vista o disposto nos artigos 18 e 36, parágrafo único, inciso II, da Lei nº 8.112/1990, no artigo 20 da Lei nº 11.416/2006, nos artigos 11 e 12 da Resolução/TSE nº 23.092/2009, e considerando o disposto no Procedimento Administrativo nº 2017.00.000010661-3, deste Tribunal, resolve:</p><p>Art. 1º Remover, mediante permuta, para o Tribunal Regional Eleitoral de Goiás, a servidora RENATA  PEREIRA MELO MARTINELLI, Analista Judiciário, Área Judiciária, do Quadro de Pessoal do Tribunal Superior Eleitoral.</p><p>Art. 2º O desligamento da servidora dependerá da remoção, para este Tribunal e por ato do Tribunal Regional Eleitoral de Goiás, do servidor NELCIVAN DE ANDRADE GOMES, Analista Judiciário, Área Administrativa.</p><p>Art. 3º A servidora tem o prazo de vinte dias para o trânsito, a contar do dia da publicação desta portaria.</p>]]></Texto>
    <Autores>
      <assina>Ministro GILMAR MENDES</assina>
    </Autores>
  </body>
</article></xml>