﻿<xml><article id="1291608" name="PT1082_17" idOficio="4610482" pubName="DO2" artType="Portaria" pubDate="29/01/2018" artClass="00017:00026:00024:00000:00000:00000:00000:00000:00000:00000:00025:00001" artSection="Instituto Nacional de Câncer José Alencar Gomes da Silva" artCategory="Instituto Nacional de Câncer José Alencar Gomes da Silva" artSize="8" artNotes="" numberPage="32" pdfPage="http://pesquisa.in.gov.br/imprensa/jsp/visualiza/index.jsp?data=29/01/2018&amp;jornal=529&amp;pagina=32" editionNumber="20">
  <body>
    <Identifica><![CDATA[PORTARIA Nº 1.082, DE 6 DE NOVEMBRO DE 2017]]></Identifica>
    <Data><![CDATA[]]></Data>
    <Ementa />
    <Titulo />
    <SubTitulo />
    <Texto><![CDATA[<p> A Diretora-Geral do Instituto Nacional de Câncer José Alencar Gomes da Silva, no uso de suas atribuições subdelegadas pela Portaria CGRH/SAA/SE/MS nº 1.041, de 30/10/2009, publicada no DOU nº 209, de 03/11/2009, resolve:</p><p>Conceder aposentadoria voluntária, com proventos integrais, a CARLOS MANOEL MENDONÇA DE ARAUJO, matrícula SIAPE nº 6225231, ocupante do cargo de Tecnologista, NS, classe H, padrão III, do quadro de pessoal do Ministério da Saúde, com fundamento no art. 3º da Emenda Constitucional nº 47/2005 (Processo nº 25410.401223/2017-46).</p>]]></Texto>
    <Autores>
      <assina>ANA CRISTINA PINHO MENDES PEREIRA</assina>
    </Autores>
  </body>
</article></xml>