﻿<xml><article id="1328065" name="PT1051_17" idOficio="4610503" pubName="DO2" artType="Portaria" pubDate="31/01/2018" artClass="00017:00026:00024:00000:00000:00000:00000:00000:00000:00000:00025:00001" artSection="Instituto Nacional de Câncer José Alencar Gomes da Silva" artCategory="Instituto Nacional de Câncer José Alencar Gomes da Silva" artSize="8" artNotes="" numberPage="54" pdfPage="http://pesquisa.in.gov.br/imprensa/jsp/visualiza/index.jsp?data=31/01/2018&amp;jornal=529&amp;pagina=54" editionNumber="22">
  <body>
    <Identifica><![CDATA[PORTARIA Nº 1.051, DE 19DE OUTUBRO DE 2017]]></Identifica>
    <Data><![CDATA[]]></Data>
    <Ementa />
    <Titulo />
    <SubTitulo />
    <Texto><![CDATA[<p> O Diretor-Geral Substituto do Instituto Nacional de Câncer José Alencar Gomes da Silva, no uso de suas atribuições subdelegadas pela Portaria CGRH/SAA/SE/MS nº 1.041, de 30/10/2009, publicada no DOU nº 209, de 03/11/2009, resolve:</p><p>Conceder aposentadoria voluntária, com proventos integrais, a MARIA CRISTINA MORAES PERDIGÃO, matrícula SIAPE nº 241059, ocupante do cargo de Tecnologista, NS, classe H, padrão III, do quadro de pessoal do Ministério da Saúde, com fundamento no art. 3º da Emenda Constitucional nº 47/2005 (Processo de Contagem de Tempo de Contribuição - Abono/Aposentadoria nº 25410.4000023/2017-76).</p>]]></Texto>
    <Autores>
      <assina>GÉLCIO LUIZ QUINTELLA MENDES</assina>
    </Autores>
  </body>
</article></xml>