﻿<xml><article id="960649" name="112 P 227" idOficio="4613397" pubName="DO2" artType="Portaria" pubDate="02/01/2018" artClass="00037:00041:00000:00000:00000:00000:00000:00000:00000:00000:00025:00001" artSection="Poder Judiciário" artCategory="Tribunal Regional do Trabalho da 2ª Região" artSize="8" artNotes="" numberPage="143" pdfPage="http://pesquisa.in.gov.br/imprensa/jsp/visualiza/index.jsp?data=02/01/2018&amp;jornal=529&amp;pagina=143" editionNumber="1">
  <body>
    <Identifica><![CDATA[PORTARIA Nº 227, DE 19 DE DEZEMBRO DE 2017]]></Identifica>
    <Data><![CDATA[]]></Data>
    <Ementa />
    <Titulo />
    <SubTitulo />
    <Texto><![CDATA[<p> O Desembargador Presidente do Tribunal Regional do Trabalho da 2ª Região, no uso de suas atribuições legais e regimentais, nos termos do art. 133, § 7º, da Lei nº 8.112/1990, conforme Memorando-PAD nº 08/2017, protocolo nº 5290/2017, resolve: </p><p>Art. 1º Prorrogar, por 15 (quinze) dias, o prazo para conclusão do Processo Administrativo Disciplinar de Rito Sumário Nº SGP 11/2017, instaurado pela Portaria PR/SGP nº 177/2017, de 06 de outubro de 2017, publicada no Diário Oficial da União, de 16 de outubro de 2017. Art. 2º Esta Portaria PR/SGP entra em vigor na data de sua publicação.</p>]]></Texto>
    <Autores>
      <assina>Des. WILSON FERNANDES</assina>
    </Autores>
  </body>
</article></xml>