﻿<xml><article id="960607" name="PO 47" idOficio="4610212" pubName="DO2" artType="Portaria" pubDate="02/01/2018" artClass="00008:00013:00000:00000:00000:00000:00000:00000:00000:00000:00025:00001" artSection="Ministério da Ciência, Tecnologia, Inovações e Comunicações" artCategory="Centro de Tecnologia Mineral" artSize="8" artNotes="" numberPage="8" pdfPage="http://pesquisa.in.gov.br/imprensa/jsp/visualiza/index.jsp?data=02/01/2018&amp;jornal=529&amp;pagina=8" editionNumber="1">
  <body>
    <Identifica><![CDATA[PORTARIA Nº 47, de 18 de dezembro de 2017]]></Identifica>
    <Data><![CDATA[]]></Data>
    <Ementa />
    <Titulo />
    <SubTitulo />
    <Texto><![CDATA[<p>O DIRETOR DO CENTRO DE TECNOLOGIA MINERAL DO MINISTÉRIO DA CIÊNCIA, TECNOLOGIA, INOVAÇÕES E COMUNICAÇÕES, no uso da delegação de competência que lhe foi conferida pelo item XXIV, do artigo 1º, da Portaria nº 407 de 29 de junho de 2006, resolve:</p><p>Conceder aposentadoria voluntária, com proventos integrais, a RONALDO LUIZ CORREA DOS SANTOS, matrícula Siape nº 0672060, Pesquisador, Classe U, Padrão III, com fundamento legal dos incisos I, II e III do art. 3º da Emenda Constitucional nº 47, de 05 de julho de 2005, c/c § 18, art. 40 da Constituição Federal (redação atual) Processo SEI nº 01207.000245/2017-30.</p>]]></Texto>
    <Autores>
      <assina>FERNANDO ANTONIO FREITAS LINS</assina>
    </Autores>
  </body>
</article></xml>