﻿<xml><article id="1115510" name="Portaria 347-2017" idOficio="4610973" pubName="DO2" artType="Portaria" pubDate="15/01/2018" artClass="00037:00036:00001:00000:00000:00000:00000:00000:00000:00000:00025:00001" artSection="Presidência" artCategory="Presidência" artSize="8" artNotes="" numberPage="51" pdfPage="http://pesquisa.in.gov.br/imprensa/jsp/visualiza/index.jsp?data=15/01/2018&amp;jornal=529&amp;pagina=51" editionNumber="10">
  <body>
    <Identifica><![CDATA[PORTARIA Nº 347, DE 11 DE DEZEMBRO DE 2017]]></Identifica>
    <Data><![CDATA[]]></Data>
    <Ementa />
    <Titulo />
    <SubTitulo />
    <Texto><![CDATA[<p> </p><p>O PRESIDENTE DO TRIBUNAL REGIONAL ELEITORAL DE SÃO PAULO, no uso das atribuições regimentais e considerando o que consta do PAD nº 8.431/2017; resolve:</p><p>Art. 1º Conceder aposentadoria voluntária, com proventos integrais, ao servidor Antonio Maria da Silva, ocupante do cargo efetivo de Técnico</p><p>Judiciário, Área Administrativa, Especialidade Carpintaria e Marcenaria, Classe C, Padrão 13, nos termos do artigo 3º da Emenda Constitucional 47, de 5 de julho de 2005.</p><p>Art. 2º Esta portaria entrará em vigor na data de sua publicação no Diário Oficial da União.</p>]]></Texto>
    <Autores>
      <assina>Des. MÁRIO DEVIENNE FERRAZ</assina>
    </Autores>
  </body>
</article></xml>