﻿<xml><article id="1021601" name="250 - Dispensa Felipe Oliveira B" idOficio="4613250" pubName="DO2" artType="Portaria" pubDate="08/01/2018" artClass="00037:00001:00008:00005:00000:00000:00000:00000:00000:00000:00025:00006" artSection="Secretaria de Gestão de Pessoas" artCategory="Secretaria de Gestão de Pessoas" artSize="8" artNotes="" numberPage="44" pdfPage="http://pesquisa.in.gov.br/imprensa/jsp/visualiza/index.jsp?data=08/01/2018&amp;jornal=529&amp;pagina=44" editionNumber="5">
  <body>
    <Identifica><![CDATA[PORTARIA N° 250, DE 19 DE DEZEMBRO DE 2017]]></Identifica>
    <Data><![CDATA[]]></Data>
    <Ementa />
    <Titulo />
    <SubTitulo />
    <Texto><![CDATA[<p> O SECRETÁRIO DE GESTÃO DE PESSOAS DO SUPREMO TRIBUNAL FEDERAL, no uso das atribuições conferidas pela Portaria DG nº 233/2013, com base no inc. I do art. 35 da Lei nº 8.112/1990, resolve, por solicitação do Ministro Celso de Mello:</p><p>Dispensar FELIPE OLIVEIRA BIATO, Analista Judiciário, Área Judiciária, da função comissionada de Assistente III, nível FC-03, de seu Gabinete.</p>]]></Texto>
    <Autores>
      <assina>Cícero Rodrigues de Oliveira Gomes</assina>
    </Autores>
  </body>
</article></xml>