﻿<xml><article id="991553" name="113 P 225 e 228" idOficio="4613422" pubName="DO2" artType="Portaria" pubDate="04/01/2018" artClass="00037:00041:00000:00000:00000:00000:00000:00000:00000:00000:00025:00001" artSection="Poder Judiciário" artCategory="Tribunal Regional do Trabalho da 2ª Região" artSize="8" artNotes="" numberPage="34" pdfPage="http://pesquisa.in.gov.br/imprensa/jsp/visualiza/index.jsp?data=04/01/2018&amp;jornal=529&amp;pagina=34" editionNumber="3">
  <body>
    <Identifica><![CDATA[PORTARIAS DE 19 DE DEZEMBRO DE 2017]]></Identifica>
    <Data><![CDATA[]]></Data>
    <Ementa />
    <Titulo />
    <SubTitulo />
    <Texto><![CDATA[<p>  O Presidente do Tribunal Regional do Trabalho da 2ª Região, no uso de suas atribuições legais e regimentais e conforme parágrafo único do artigo 145 da Lei nº 8.112/1990, e conforme Processo Administrativo Nº SGP 29/2017 e protocolo 005308, resolve:</p><p>Nº 225 -  Art. 1º Prorrogar, por 30 (trinta) dias, o prazo para conclusão da Sindicância Preparatória nº SGP 18/2017, instaurada pela Portaria PR/SGP nº 209/2017, publicada no Diário Oficial da União, em 05 de dezembro de 2017. Art. 2º Esta Portaria PR/SGP entra em vigor na data de sua publicação.</p><p> O Presidente do Tribunal Regional do Trabalho da 2ª Região, no uso de suas atribuições legais e regimentais, com o fundamento legal no art. 152, da Lei nº 8.112/1990, e conforme protocolo 005334, resolve:</p><p>Nº 228 -  Art. 1º Prorrogar, por 60 (sessenta) dias, o prazo para conclusão do Processo Administrativo Disciplinar Nº SGP 13/2017, instaurado pela Portaria PR/SGP nº 192/2017, de 31 de outubro de 2017, publicada no Diário Oficial da União em 06 de novembro de 2017.</p>]]></Texto>
    <Autores>
      <assina>Des. WILSON FERNANDES</assina>
    </Autores>
  </body>
</article></xml>