﻿<xml><article id="960622" name="Extrato Portaria PRT3 - 349 Coor" idOficio="4612792" pubName="DO2" artType="Portaria" pubDate="02/01/2018" artClass="00033:00008:00004:00000:00000:00000:00000:00000:00000:00000:00025:00001" artSection="Procuradoria Regional do Trabalho da 3ª Região" artCategory="Procuradoria Regional do Trabalho da 3ª Região" artSize="8" artNotes="" numberPage="139" pdfPage="http://pesquisa.in.gov.br/imprensa/jsp/visualiza/index.jsp?data=02/01/2018&amp;jornal=529&amp;pagina=139" editionNumber="1">
  <body>
    <Identifica><![CDATA[PORTARIA Nº 349, DE 18 DE DEZEMBRO DE 2017]]></Identifica>
    <Data><![CDATA[]]></Data>
    <Ementa />
    <Titulo />
    <SubTitulo />
    <Texto><![CDATA[<p> A Procuradora-Chefe da Procuradoria Regional do Trabalho da 3ª Região, no exercício da atribuição prevista no art. 1º, § 2º, I, da Portaria PGT nº 1728/2017, resolve:</p><p>Art. 1º Dispensar o Procurador do Trabalho HUDSON MACHADO GUIMARÃES, matrícula 924-5, do encargo de Substituto Eventual do Coordenador da Procuradoria do Trabalho no Município de Juiz de Fora da Procuradoria Regional do Trabalho da 3ª Região.</p><p>Art. 2º Designar a Procuradora do Trabalho SILVANA DA SILVA, matrícula 866-4, para o encargo de Coordenadora da Procuradoria do Trabalho no Município de Juiz de Fora da Procuradoria Regional do Trabalho da 3ª Região, dispensando-a do encargo de Substituta Eventual do Coordenador da Procuradoria do Trabalho no Município de Juiz de Fora da Procuradoria Regional do Trabalho da 3ª Região.</p><p>Art. 2º Designar o Procurador do Trabalho JOSÉ REIS DOS SANTOS CARVALHO, matrícula 589-4, para o encargo de Substituto Eventual do Coordenador da Procuradoria do Trabalho no Município de Juiz de Fora da Procuradoria Regional do Trabalho da 3ª Região.</p>]]></Texto>
    <Autores>
      <assina>ADRIANA AUGUSTA DE MOURA SOUZA</assina>
    </Autores>
  </body>
</article></xml>