﻿<xml><article id="1021916" name="PORT_391" idOficio="4618499" pubName="DO2" artType="Portaria" pubDate="08/01/2018" artClass="00037:00007:00001:00000:00000:00000:00000:00000:00000:00000:00001:00048" artSection="Presidência" artCategory="Presidência" artSize="8" artNotes="" numberPage="49" pdfPage="http://pesquisa.in.gov.br/imprensa/jsp/visualiza/index.jsp?data=08/01/2018&amp;jornal=529&amp;pagina=49" editionNumber="5">
  <body>
    <Identifica><![CDATA[PORTARIA Nº 391, DE 19 DE DEZEMBRO DE 2017]]></Identifica>
    <Data><![CDATA[]]></Data>
    <Ementa />
    <Titulo />
    <SubTitulo />
    <Texto><![CDATA[<p> O PRESIDENTE DO TRIBUNAL REGIONAL FEDERAL DA 1ª REGIÃO, no uso de suas atribuições legais e regimentais e tendo em vista o constante nos autos do PAe 0024901-30.2017.4.01.8000, resolve:</p><p>REVOGAR, a partir de 08/01/2018, a cessão para a Sede da Seção Judiciária do Estado da Bahia do servidor MANOEL CARNEIRO SEPULVEDA, Analista Judiciário, Área Administrativa, do Quadro de Pessoal do Tribunal Regional Federal da Primeira Região, autorizada pela Portaria/DIGES/SECRE 721, de 14/11/2012, publicada no Diário Oficial da União de 19/11/2012, Seção 2.</p>]]></Texto>
    <Autores>
      <assina>Desembargador Federal HILTON QUEIROZ</assina>
    </Autores>
  </body>
</article></xml>