﻿<xml><article id="1021922" name="PORT_381" idOficio="4618499" pubName="DO2" artType="Portaria" pubDate="08/01/2018" artClass="00037:00007:00001:00000:00000:00000:00000:00000:00000:00000:00001:00046" artSection="Presidência" artCategory="Presidência" artSize="8" artNotes="" numberPage="49" pdfPage="http://pesquisa.in.gov.br/imprensa/jsp/visualiza/index.jsp?data=08/01/2018&amp;jornal=529&amp;pagina=49" editionNumber="5">
  <body>
    <Identifica><![CDATA[PORTARIA Nº 381, DE 19 DE DEZEMBRO DE 2017]]></Identifica>
    <Data><![CDATA[]]></Data>
    <Ementa />
    <Titulo />
    <SubTitulo />
    <Texto><![CDATA[<p> O PRESIDENTE DO TRIBUNAL REGIONAL FEDERAL DA 1ª REGIÃO, no uso de suas atribuições legais e tendo em vista o que consta no PAe 0017538-89.2017.4.01.8000, resolve:</p><p>I-COLOCAR À DISPOSIÇÃO da Subseção Judiciária de Montes Claros, a partir de 08/01/2018, nos termos do art. 93, I, da Lei 8.112/1990, c/c a Resolução nº 05/2008-CJF, a servidora HELENA MARIA MARQUES DAMASCENO, Analista Judiciária, Área Judiciária, do Quadro de Pessoal da Justiça Federal de Primeiro Grau, Sede da Seção Judiciária do Estado de Minas Gerais, para exercer cargo em comissão.</p><p>II-REVOGAR, a partir da aludida data, a cessão para Subseção Judiciária de Teófilo Otoni, autorizada pela Portaria/Presi 277, de 31/08/2017, publicada no Diário Oficial da União, Seção 2, de 08/09/2017.</p>]]></Texto>
    <Autores>
      <assina>Desembargador Federal HILTON QUEIROZ</assina>
    </Autores>
  </body>
</article></xml>