﻿<xml><article id="1164777" name="D 3553 Dispensar LAURA BARRETO C" idOficio="4617229" pubName="DO2" artType="Portaria" pubDate="17/01/2018" artClass="00017:00001:00000:00000:00000:00000:00000:00000:00000:00000:00025:00001" artSection="Ministério da Saúde" artCategory="Gabinete do Ministro" artSize="8" artNotes="Liberada pela SAJ/Casa Civil" numberPage="32" pdfPage="http://pesquisa.in.gov.br/imprensa/jsp/visualiza/index.jsp?data=17/01/2018&amp;jornal=529&amp;pagina=32" editionNumber="12">
  <body>
    <Identifica><![CDATA[PORTARIA Nº 3.553, DE 21 DE DEZEMBRO DE 2017]]></Identifica>
    <Data><![CDATA[]]></Data>
    <Ementa />
    <Titulo />
    <SubTitulo />
    <Texto><![CDATA[<p> O MINISTRO DE ESTADO DA SAÚDE, no uso de sua competência e considerando o Decreto nº 5.402, de 28 de março de 2005, resolve:</p><p>Dispensar LAURA BARRETO CARNEIRO do encargo de substituta da Diretoria de Produtos Estratégicos e Inovação, da Empresa Brasileira de Hemoderivados e Biotecnologia - HEMOBRÁS.</p>]]></Texto>
    <Autores>
      <assina>RICARDO BARROS</assina>
    </Autores>
  </body>
</article></xml>