﻿<xml><article id="960703" name="imp020 -2017 - Retificações - Po" idOficio="4616996" pubName="DO2" artType="Retificação" pubDate="02/01/2018" artClass="00011:00059:00003:00000:00000:00000:00000:00000:00000:00000:00032:00001" artSection="Campus Ibirama" artCategory="Campus Ibirama" artSize="8" artNotes="" numberPage="20" pdfPage="http://pesquisa.in.gov.br/imprensa/jsp/visualiza/index.jsp?data=02/01/2018&amp;jornal=529&amp;pagina=20" editionNumber="1">
  <body>
    <Identifica><![CDATA[RETIFICAÇão]]></Identifica>
    <Data><![CDATA[]]></Data>
    <Ementa />
    <Titulo />
    <SubTitulo />
    <Texto><![CDATA[<p>  Nas Portarias n°380/2017, n°381/2017, n°382/2017 e n°383/2017, ambas de 18 de dezembro de 2017 e publicadas no Diário Oficial da União no dia 19/12/2017, na Seção 2, página 22, </p><p> ONDE SE LÊ: [...] "Art 1º - DESIGNAR, à partir de 01/01/2018 [...] .                                                                                                                                     </p><p> LEIA-SE: [...] "Art 1º - DESIGNAR, à partir de 02/01/2018 [...] .</p><p>ONDE SE LÊ: [...] "Art 2º - Estas Portarias entram em vigor nesta data.</p><p>LEIA-SE: [...] "Art 2º - Estas Portarias entram em vigor em 02/01/2018 e terão validade até 31/12/2019.</p>]]></Texto>
    <Autores />
  </body>
</article></xml>