﻿<xml><article id="1021904" name="RET_ATO_1038" idOficio="4618499" pubName="DO2" artType="Retificação" pubDate="08/01/2018" artClass="00037:00007:00001:00000:00000:00000:00000:00000:00000:00000:00032:00008" artSection="Presidência" artCategory="Presidência" artSize="8" artNotes="" numberPage="49" pdfPage="http://pesquisa.in.gov.br/imprensa/jsp/visualiza/index.jsp?data=08/01/2018&amp;jornal=529&amp;pagina=49" editionNumber="5">
  <body>
    <Identifica><![CDATA[Retificação]]></Identifica>
    <Data><![CDATA[]]></Data>
    <Ementa />
    <Titulo />
    <SubTitulo />
    <Texto><![CDATA[<p> No Ato Presi nº 1038, 21/11/2017, publicado no Diário Oficial da União de  23/11/2017, Seção 2, página 50, referente à nomeação da candidata MADALENA MONTENEGRO MARTINS, para exercer o cargo efetivo de Analista Judiciário, Área Judiciária, Nível Superior, Classe "A", padrão 01, no Quadro de Pessoal da Justiça Federal de Primeiro Grau, Seção Judiciária do Estado do Amapá, Subseção Judiciária de Laranjal do Jari. Onde se lê: "...aprovada no Concurso Público realizado pelo Tribunal Regional Federal da 1ª Região em convênio com a Fundação Carlos Chagas."; Leia-se: "...aprovada no Concurso Público realizado pelo Tribunal Regional Eleitoral do Amapá...".</p><p> </p>]]></Texto>
    <Autores />
  </body>
</article></xml>