﻿<xml><article id="1164636" name="D 3513 E 3514 Dispensar REGINA C" idOficio="4617643" pubName="DO2" artType="Portaria" pubDate="17/01/2018" artClass="00017:00001:00000:00000:00000:00000:00000:00000:00000:00000:00035:00001" artSection="Ministério da Saúde" artCategory="Gabinete do Ministro" artSize="8" artNotes="Liberada pela SAJ/Casa Civil" numberPage="34" pdfPage="http://pesquisa.in.gov.br/imprensa/jsp/visualiza/index.jsp?data=17/01/2018&amp;jornal=529&amp;pagina=34" editionNumber="12">
  <body>
    <Identifica><![CDATA[PORTARIAS DE 19 DE DEZEMBRO DE 2017]]></Identifica>
    <Data><![CDATA[]]></Data>
    <Ementa />
    <Titulo />
    <SubTitulo />
    <Texto><![CDATA[<p> O CHEFE DE GABINETE DO MINISTRO DE ESTADO DA SAÚDE, no uso da competência que lhe foi delegada pela Portaria nº 761/GM/MS, de 13 de abril de 2011, resolve:</p><p>Nº 3.513 - Dispensar REGINA COELI DIAS da Função Comissionada Técnica de Assistente em Saúde II, código FCT-06, nº 30F.0124, do Hospital Federal dos Servidores do Estado, do Departamento de Gestão Hospitalar do Estado do Rio de Janeiro, da Secretaria de Atenção à Saúde.</p><p>Nº 3.514 - Designar RODRIGO SÁ FREIRE SANT'ANNA DE SOUZA, para exercer a Função Comissionada Técnica de Assistente em Saúde II, código FCT-06, nº 30F.0124, do Hospital Federal dos Servidores do Estado, do Departamento de Gestão Hospitalar no Estado do Rio de Janeiro, da Secretaria de Atenção à Saúde, ficando dispensado da que atualmente ocupa.</p>]]></Texto>
    <Autores>
      <assina>PAULO ROBERTO REBELLO FILHO</assina>
    </Autores>
  </body>
</article></xml>