﻿<xml><article id="1164633" name="D 3510 3511 Dispensar MARIA REGI" idOficio="4617643" pubName="DO2" artType="Portaria" pubDate="17/01/2018" artClass="00017:00001:00000:00000:00000:00000:00000:00000:00000:00000:00035:00001" artSection="Ministério da Saúde" artCategory="Gabinete do Ministro" artSize="8" artNotes="Liberada pela SAJ/Casa Civil" numberPage="34" pdfPage="http://pesquisa.in.gov.br/imprensa/jsp/visualiza/index.jsp?data=17/01/2018&amp;jornal=529&amp;pagina=34" editionNumber="12">
  <body>
    <Identifica><![CDATA[PORTARIAS DE 19 DE DEZEMBRO DE 20017]]></Identifica>
    <Data><![CDATA[]]></Data>
    <Ementa />
    <Titulo />
    <SubTitulo />
    <Texto><![CDATA[<p> O CHEFE DE GABINETE DO MINISTRO DE ESTADO DA SAÚDE, no uso da competência que lhe foi delegada pela Portaria nº 761/GM/MS, de 13 de abril de 2011, resolve:</p><p>Nº 3.510 - Dispensar MARIA REGINA SARAIVA TEIXEIRA da Função Comissionada Técnica de Assistente em Saúde II, código FCT-06, nº 30F.0061, do Hospital Federal da Lagoa, do Departamento de Gestão Hospitalar no Estado do Rio de Janeiro, da Secretaria de Atenção à Saúde..</p><p>Nº 3.511 - Designar ANA LUISA BARROS DE CASTRO, para exercer a Função Comissionada Técnica de Assistente em Saúde II, código FCT-06, nº 30F.0061, do Hospital Federal da Lagoa, do Departamento de Gestão Hospitalar no Estado do Rio de Janeiro, da Secretaria de Atenção à Saúde.</p>]]></Texto>
    <Autores>
      <assina>PAULO ROBERTO REBELLO FILHO</assina>
    </Autores>
  </body>
</article></xml>