﻿<xml><article id="1115543" name="PORT_395" idOficio="4618489" pubName="DO2" artType="Portaria" pubDate="15/01/2018" artClass="00037:00007:00001:00000:00000:00000:00000:00000:00000:00000:00001:00011" artSection="Presidência" artCategory="Presidência" artSize="8" artNotes="" numberPage="49" pdfPage="http://pesquisa.in.gov.br/imprensa/jsp/visualiza/index.jsp?data=15/01/2018&amp;jornal=529&amp;pagina=49" editionNumber="10">
  <body>
    <Identifica><![CDATA[PORTARIA Nº 395, DE 19 DE DEZEMBRO DE 2017]]></Identifica>
    <Data><![CDATA[]]></Data>
    <Ementa />
    <Titulo />
    <SubTitulo />
    <Texto><![CDATA[<p> </p><p> O PRESIDENTE DO TRIBUNAL REGIONAL FEDERAL DA 1ª REGIÃO, no uso de suas atribuições legais e tendo em vista o que consta no PAe 0026146-76.2017.4.01.8000, resolve:</p><p>I- COLOCAR À DISPOSIÇÃO da Seção Judiciária do Distrito Federal, a partir de 15/01/2018, nos termos do art. 93, I, da Lei 8.112/1990, c/c a Resolução nº 05/2008-CJF, a servidora CLENYS REGES ROSARIO PEREIRA DE CASTRO, Técnica Judiciária, Área Administrativa, do Quadro de Pessoal da Justiça Federal de Primeiro Grau, Seção Judiciária do Estado de Goiás, Subseção Judiciária de Luziânia, para exercer cargo em comissão.</p><p>II- REVOGAR, a partir de 15/01/2018, a cessão para Sede da Seção Judiciária do Estado do Tocantins, autorizada pela Portaria PRESI/SECRE 260, de 20/07/2012, publicada no Diário Oficial da União, Seção 2, de 24/07/2012.</p>]]></Texto>
    <Autores>
      <cargo>Des. HILTON QUEIROZ</cargo>
    </Autores>
  </body>
</article></xml>