﻿<xml><article id="1205405" name="859-GISLENE-DES" idOficio="4618648" pubName="DO2" artType="Portaria" pubDate="22/01/2018" artClass="00037:00004:00001:00002:00000:00000:00000:00000:00000:00000:00025:00005" artSection="Secretaria" artCategory="Secretaria" artSize="8" artNotes="" numberPage="51" pdfPage="http://pesquisa.in.gov.br/imprensa/jsp/visualiza/index.jsp?data=22/01/2018&amp;jornal=529&amp;pagina=51" editionNumber="15">
  <body>
    <Identifica><![CDATA[PORTARIA N 859, DE 19 DE DEZEMBRO DE 2017]]></Identifica>
    <Data><![CDATA[]]></Data>
    <Ementa />
    <Titulo />
    <SubTitulo />
    <Texto><![CDATA[<p> A DIRETORA-GERAL DA SECRETARIA DO SUPERIOR TRIBUNAL DE JUSTIÇA, com base no item 16.2, XI, b, do Manual de Organização, resolve: </p><p>Art. 1º Designar GISLENE FERNANDES JACINTO FARIA, matrícula S058470, para a função de confiança de Assistente II, código FC-2, do Gabinete do Ministro Antonio Saldanha Palheiro, na vaga decorrente da dispensa de Ana Carolina Ricardo da Silveira.</p><p>Art. 2º Esta portaria entra em vigor na data de sua publicação.</p>]]></Texto>
    <Autores>
      <assina>Sulamita Avelino Cardoso Marques</assina>
    </Autores>
  </body>
</article></xml>