﻿<xml><article id="1021925" name="PORTARIA DG 175-2017" idOficio="4618647" pubName="DO2" artType="Portaria" pubDate="08/01/2018" artClass="00037:00020:00000:00000:00000:00000:00000:00000:00000:00000:00025:00001" artSection="Poder Judiciário" artCategory="Tribunal Regional Eleitoral de Goiás" artSize="8" artNotes="" numberPage="52" pdfPage="http://pesquisa.in.gov.br/imprensa/jsp/visualiza/index.jsp?data=08/01/2018&amp;jornal=529&amp;pagina=52" editionNumber="5">
  <body>
    <Identifica><![CDATA[PORTARIA Nº 175, de 18 DE DEZEMBRO DE 2017]]></Identifica>
    <Data><![CDATA[]]></Data>
    <Ementa />
    <Titulo />
    <SubTitulo><![CDATA[SECRETARIA]]></SubTitulo>
    <Texto><![CDATA[<p>O DIRETOR GERAL DA SECRETARIA DO TRIBUNAL REGIONAL ELEITORAL DE GOIÁS, no uso das atribuições conferidas pelo artigo 23, incisos VII, do Regulamento Interno, por delegação da competência estabelecida no art. 1º, inciso I, alínea "a", da Portaria nº 67 - PRES, de 21 de fevereiro de 2017, nos termos do artigo 36, parágrafo único, inciso II, da Lei nº 8.112/1990, dos artigos 11 e seguintes da Resolução TSE nº 23.092/2009 e do artigo 20 da Lei nº 11.416/2006 e tendo em vista a decisão proferida no PAD n. 7687/2017, resolve:</p><p>Art. 1º REMOVER, mediante permuta, para o Tribunal Superior Eleitoral, o servidor NELCIVAN DE ANDRADE GOMES, Analista Judiciário, Área Administrativa, do quadro funcional deste Regional.</p><p>Art. 2º CONDICIONAR a remoção prevista no artigo 1º desta Portaria à remoção, mediante permuta, da servidora RENATA PEREIRA MELO MARTINELLI, Analista Judiciário, Área Judiciária, pertencente ao quadro do Tribunal Superior Eleitoral, para ter exercício na Secretaria deste Regional, por ato próprio daquele Tribunal.</p><p>Art. 3º CONCEDER ao servidor referido no artigo 1º, o prazo de 10 (dez) dias para trânsito, nos termos do art. 18 da Lei nº 8.112/90 c/c Portaria nº 4/2014 - PRES, de 7 de janeiro de 2014, a ser contado a partir da publicação desta portaria.</p><p>Art. 4º Esta portaria entrará em vigor na data de sua publicação.</p>]]></Texto>
    <Autores>
      <assina>RODRIGO LEANDRO DA SILVA</assina>
    </Autores>
  </body>
</article></xml>