﻿<xml><article id="1115531" name="ATO_1174" idOficio="4618489" pubName="DO2" artType="Ato" pubDate="15/01/2018" artClass="00037:00007:00001:00000:00000:00000:00000:00000:00000:00000:00001:00001" artSection="Presidência" artCategory="Presidência" artSize="8" artNotes="" numberPage="48" pdfPage="http://pesquisa.in.gov.br/imprensa/jsp/visualiza/index.jsp?data=15/01/2018&amp;jornal=529&amp;pagina=48" editionNumber="10">
  <body>
    <Identifica><![CDATA[ATO Nº 1.174, DE 19 DE DEZEMBRO DE 2017]]></Identifica>
    <Data><![CDATA[]]></Data>
    <Ementa />
    <Titulo />
    <SubTitulo />
    <Texto><![CDATA[<p> </p><p> O PRESIDENTE DO TRIBUNAL REGIONAL FEDERAL DA 1ª REGIÃO, no uso de suas atribuições legais e regimentais e tendo em vista o constante nos autos do PAe 0030166-86.2017.4.01.8008, resolve:</p><p>EXONERAR, a partir de 15/01/2018, o servidor SILVIO DE MOURA RIBEIRO, Analista Judiciário, Área Judiciária, do Quadro de Pessoal da Justiça Federal de Primeiro Grau, Sede da Seção Judiciária do Estado do Amapá, do Cargo em Comissão, Código CJ-3, de Chefe de Assessoria de Análise e Gestão de Processos.</p>]]></Texto>
    <Autores>
      <assina>Des. HILTON QUEIROZ</assina>
    </Autores>
  </body>
</article></xml>