﻿<xml><article id="1005656" name="PUBLICAR-05-JANEIRO-DOU 2-PR-1PT" idOficio="4615354" pubName="DO2" artType="Portaria" pubDate="05/01/2018" artClass="00033:00007:00037:00000:00000:00000:00000:00000:00000:00000:00025:00001" artSection="Procuradoria da República no Estado do Paraná" artCategory="Procuradoria da República no Estado do Paraná" artSize="8" artNotes="" numberPage="43" pdfPage="http://pesquisa.in.gov.br/imprensa/jsp/visualiza/index.jsp?data=05/01/2018&amp;jornal=529&amp;pagina=43" editionNumber="4">
  <body>
    <Identifica><![CDATA[PORTARIA Nº 899, DE 18 DE DEZEMBRO DE 2017]]></Identifica>
    <Data><![CDATA[]]></Data>
    <Ementa />
    <Titulo />
    <SubTitulo />
    <Texto><![CDATA[<p> O PROCURADOR-CHEFE SUBSTITUTO DA PROCURADORIA DA REPÚBLICA NO ESTADO DO PARANÁ, no uso das atribuições conferidas pelo art. 33 e incisos do Regimento Interno do Ministério Público Federal (aprovado pela Portaria SG/MPF Nº 382, de 05 de maio de 2015), resolve:</p><p>1-Exonerar RAFAEL GONCALVES DE MELLO ROSA MENDES, matrícula 16402-0, Analista do MPU/Direito, do cargo em comissão de Assessor Nível II, CC-2, do Gabinete do Dr. José Mauro Luizão, da Procuradoria da República no Município de Londrina.</p><p>2-Nomear LUCIANE CAZELLATO TIVA, matrícula 17997-3, Técnico do MPU/Administração, para exercer o cargo em comissão de Assessor Nível II, CC-2, do Gabinete do Dr. José Mauro Luizão, da Procuradoria da República no Município de Londrina.</p>]]></Texto>
    <Autores>
      <assina>DANIEL HOLZMANN COIMBRA</assina>
    </Autores>
  </body>
</article></xml>