﻿<xml><article id="1115537" name="PORT_399" idOficio="4618489" pubName="DO2" artType="Portaria" pubDate="15/01/2018" artClass="00037:00007:00001:00000:00000:00000:00000:00000:00000:00000:00001:00013" artSection="Presidência" artCategory="Presidência" artSize="8" artNotes="" numberPage="49" pdfPage="http://pesquisa.in.gov.br/imprensa/jsp/visualiza/index.jsp?data=15/01/2018&amp;jornal=529&amp;pagina=49" editionNumber="10">
  <body>
    <Identifica><![CDATA[PORTARIA Nº 399, DE 19 DE DEZEMBRO DE 2017]]></Identifica>
    <Data><![CDATA[]]></Data>
    <Ementa />
    <Titulo />
    <SubTitulo />
    <Texto><![CDATA[<p> </p><p> O PRESIDENTE DO TRIBUNAL REGIONAL FEDERAL DA 1ª REGIÃO, no uso de suas atribuições legais e tendo em vista o que consta no PAe 0014168-58.2015.4.01.8005, resolve:</p><p>COLOCAR À DISPOSIÇÃO da Sede da Seção Judiciária do Estado do Tocantins, a partir de 15/01/2018, nos termos do art. 93, I, da Lei 8.112/1990, c/c a Resolução nº 05/2008-CJF, a servidora MARHIANNE PAULLA CUNHA DE OLIVEIRA, Técnica Judiciária, Área Administrativa, do Quadro de Pessoal da Justiça Federal de Primeiro Grau, Subseção Judiciária de Jataí, para exercer cargo em comissão.</p>]]></Texto>
    <Autores>
      <assina>Des. HILTON QUEIROZ</assina>
    </Autores>
  </body>
</article></xml>