﻿<xml><article id="1021694" name="REMOVER_DOU_08_1_2018 PATRICIA_V" idOficio="4617169" pubName="DO2" artType="Portaria" pubDate="08/01/2018" artClass="00037:00040:00001:00001:00000:00000:00000:00000:00000:00000:00025:00001" artSection="Gabinete da Presidência" artCategory="Gabinete da Presidência" artSize="8" artNotes="" numberPage="54" pdfPage="http://pesquisa.in.gov.br/imprensa/jsp/visualiza/index.jsp?data=08/01/2018&amp;jornal=529&amp;pagina=54" editionNumber="5">
  <body>
    <Identifica><![CDATA[PORTARIA Nº 1.990, de 30 de novembro de 2017]]></Identifica>
    <Data><![CDATA[]]></Data>
    <Ementa />
    <Titulo />
    <SubTitulo />
    <Texto><![CDATA[<p> O PRESIDENTE DO TRIBUNAL REGIONAL DO TRABALHO DA PRIMEIRA REGIÃO, no uso de suas atribuições legais e regimentais, e tendo em vista o contido no Processo PROAD nº 5667/2017, resolve:</p><p>I-Remover, a pedido, o servidor PATRICIA VENTURA NASCIMENTO, Técnico Judiciário - Área Administrativa, do Quadro de Pessoal deste Regional, para o Tribunal Regional do Trabalho da Segunda Região, mediante permuta com o servidor CÁSSIA NERES REZENDE, Técnico Judiciário - Área Administrativa, do Quadro de Pessoal do Tribunal Regional do Trabalho da Segunda Região, nos termos do inc. II do art. 36 da Lei nº 8.112/1990, do art. 20 da Lei nº 11.416/2006 c/c o inciso II do art. 7º e art. 13 da Resolução CSJT nº 110/2012;</p><p>II-Conceder licença trânsito de 10 (dez) dias ao servidor PATRICIA VENTURA NASCIMENTO, nos termos do art. 18 da Lei nº 8.112/90 em consonância com o art. 27, da Resolução CSJT nº 110/2012;  </p><p>III-Esta portaria entra em vigor a partir da publicação.</p><p> </p><p> </p>]]></Texto>
    <Autores>
      <assina>FERNANDO ANTONIO ZORZENON DA SILVA</assina>
    </Autores>
  </body>
</article></xml>