﻿<xml><article id="960709" name="PORTARIAS 3034_3035_17_REITORA" idOficio="4617318" pubName="DO2" artType="Portaria Conjunta" pubDate="02/01/2018" artClass="00011:00037:00001:00001:00000:00000:00000:00000:00000:00000:00026:00001" artSection="Gabinete do Reitor" artCategory="Gabinete do Reitor" artSize="8" artNotes="" numberPage="16" pdfPage="http://pesquisa.in.gov.br/imprensa/jsp/visualiza/index.jsp?data=02/01/2018&amp;jornal=529&amp;pagina=16" editionNumber="1">
  <body>
    <Identifica><![CDATA[Portarias de 6 de dezembro de 2017]]></Identifica>
    <Data><![CDATA[]]></Data>
    <Ementa />
    <Titulo />
    <SubTitulo />
    <Texto><![CDATA[<p> A REITORA DA UNIVERSIDADE FEDERAL DO RIO GRANDE - FURG no uso das atribuições que lhe conferem o Estatuto e o Regimento Geral da Universidade, resolve:</p><p>Nº 3.034 - Conceder aposentadoria voluntária, com proventos integrais, a contar da data desta publicação, conforme o contido no processo nº 23116.009498/2017-21, a HELENA HEIDTMANN VAGHETTI, matrícula no SIAPE nº 409357, ocupante do cargo de PROFESSOR DO MAGISTÉRIO SUPERIOR Classe D - ASSOCIADO, nível 01, código de vaga 318974, do quadro de pessoal desta IFES, com fundamento no(a) Art. 6º E.C. 41/03 com a(s) vantagem(ns) referente ao(s) Processo(s) de Sentença Judicial 20017101001282-2 e 20087101001588-0.</p><p>Nº 3.035 - Conceder aposentadoria voluntária, com proventos integrais, a contar da data desta publicação, conforme o contido no processo nº 23116.009503/2017-03, a GEANI FARIAS MACHADO FERNANDES, matrícula no SIAPE nº 409170, ocupante do cargo de PROFESSOR DO MAGISTÉRIO SUPERIOR Classe D - ASSOCIADO, nível 02, código de vaga 318856, do quadro de pessoal desta IFES, com fundamento no(a) Art. 3º E.C. 47/05 com a(s) vantagem(ns) referente ao(s) Processo(s) de Sentença Judicial 20067101004150-9.</p>]]></Texto>
    <Autores>
      <assina>Cleuza Maria Sobral Dias</assina>
    </Autores>
  </body>
</article></xml>