﻿<xml><article id="1021691" name="TRF2-ATP-2017-00527" idOficio="4615621" pubName="DO2" artType="Ato" pubDate="08/01/2018" artClass="00037:00008:00001:00000:00000:00000:00000:00000:00000:00000:00001:00002" artSection="Presidência" artCategory="Presidência" artSize="8" artNotes="" numberPage="49" pdfPage="http://pesquisa.in.gov.br/imprensa/jsp/visualiza/index.jsp?data=08/01/2018&amp;jornal=529&amp;pagina=49" editionNumber="5">
  <body>
    <Identifica><![CDATA[ATO Nº 527, de 12 de dezembro de 2017]]></Identifica>
    <Data><![CDATA[]]></Data>
    <Ementa />
    <Titulo />
    <SubTitulo />
    <Texto><![CDATA[<p> O PRESIDENTE DO TRIBUNAL REGIONAL FEDERAL DA 2ª REGIÃO, no uso de suas atribuições, e considerando o que consta do Procedimento Administrativo nº TRF2-PES-2017/01343, resolve:</p><p>CONCEDER aposentadoria voluntária, com proventos integrais, ao servidor DILER REYNIER DE ABREU, Técnico Judiciário, Classe "C", Padrão NI-13, do Quadro de Pessoal do Tribunal Regional Federal da 2ª Região, com fundamento no art. 3º, incisos I, II e III, e parágrafo único, da Emenda Constitucional nº 47, publicada em 06.07.2005, em interpretação conjunta com o art. 7º da Emenda Constitucional nº 41, publicada em 31.12.2003, com a Vantagem Pessoal Nominalmente Identificada, prevista no art. 62-A, da Lei nº 8.112-90, incorporada nos termos do art. 3º da Lei nº 8.911, de 11.07.1994, observando-se, ainda, o art. 28 da Lei nº 11.416, de 15.12.2006 e o art. 37, inciso XI, da Constituição da República.</p><p> </p>]]></Texto>
    <Autores>
      <assina>ANDRÉ FONTES</assina>
    </Autores>
  </body>
</article></xml>