﻿<xml><article id="960733" name="Portaria 380- dispensar vanderle" idOficio="4617360" pubName="DO2" artType="Portaria" pubDate="02/01/2018" artClass="00011:00059:00013:00000:00000:00000:00000:00000:00000:00000:00025:00007" artSection="Campus Fraiburgo" artCategory="Campus Fraiburgo" artSize="8" artNotes="" numberPage="21" pdfPage="http://pesquisa.in.gov.br/imprensa/jsp/visualiza/index.jsp?data=02/01/2018&amp;jornal=529&amp;pagina=21" editionNumber="1">
  <body>
    <Identifica><![CDATA[PORTARIA Nº 380, DE 21 DE DEZEMBRO DE 2017]]></Identifica>
    <Data><![CDATA[]]></Data>
    <Ementa />
    <Titulo />
    <SubTitulo />
    <Texto><![CDATA[<p> O Diretor-Geral pro tempore do Instituto Federal de Educacao, Ciencia e Tecnologia Catarinense - Campus Fraiburgo, no uso da competencia que lhe foi subdelegada pela Portaria n 161/2014, de 30/01/2014, publicada no Diario Oficial da Uniao de 03/02/2014, resolve:</p><p>Art. 1- DISPENSAR o servidor VANDERLEI CRISTIANO JURASKI, Professor do Ensino Basico, Tecnico e Tecnologico, Matricula SIAPE n 2258605, da funcao gratificada de Coordenador de Extensao e Estagios, codigo FG-03, do Instituto Federal Catarinense - Campus Fraiburgo.</p><p>Art. 2-Esta portaria entra em vigor na data de publicacao.</p>]]></Texto>
    <Autores>
      <assina>FABIO JOSE RODRIGUES PINHEIRO</assina>
    </Autores>
  </body>
</article></xml>