﻿<xml><article id="1021697" name="ATO_1133" idOficio="4618495" pubName="DO2" artType="Ato" pubDate="08/01/2018" artClass="00037:00007:00001:00000:00000:00000:00000:00000:00000:00000:00001:00011" artSection="Presidência" artCategory="Presidência" artSize="8" artNotes="" numberPage="47" pdfPage="http://pesquisa.in.gov.br/imprensa/jsp/visualiza/index.jsp?data=08/01/2018&amp;jornal=529&amp;pagina=47" editionNumber="5">
  <body>
    <Identifica><![CDATA[ATO Nº 1.133, DE 19 DE DEZEMBRO DE 2017]]></Identifica>
    <Data><![CDATA[]]></Data>
    <Ementa />
    <Titulo />
    <SubTitulo />
    <Texto><![CDATA[<p> O PRESIDENTE DO TRIBUNAL REGIONAL FEDERAL DA 1ª REGIÃO, no uso de suas atribuições legais e e tendo em vista o que consta no PAe.0000155-32.2016.4.01.8001, resolve:</p><p>NOMEAR, nos termos dos arts. 9º, I, e 10º da Lei n° 8.112/1990, c/c a Lei n° 11.416/2006, o candidato FRANCISCO THIEGO PEREIRA DE SOUSA, aprovado em Concurso Público realizado pelo Tribunal Regional Eleitoral do Estado do Acre, para exercer o cargo efetivo de Técnico Judiciário, Área Administrativa, Nível Intermediário, Classe "A", Padrão 01,  pertencente ao Quadro de Pessoal da Justiça Federal da Primeira Região, Seção Judiciária do Estado do Acre, Subseção Judiciária de Cruzeiro do Sul, em cargo vago decorrente do falecimento de Érica Patrícia de Andrade Terayama.</p>]]></Texto>
    <Autores>
      <assina>Desembargador Federal HILTON QUEIROZ</assina>
    </Autores>
  </body>
</article></xml>