﻿<xml><article id="1224480" name="PortariaGP1159_2017" idOficio="4615514" pubName="DO2" artType="Portaria" pubDate="23/01/2018" artClass="00037:00055:00000:00000:00000:00000:00000:00000:00000:00000:00025:00001" artSection="Poder Judiciário" artCategory="Tribunal Regional do Trabalho da 16ª Região" artSize="8" artNotes="" numberPage="36" pdfPage="http://pesquisa.in.gov.br/imprensa/jsp/visualiza/index.jsp?data=23/01/2018&amp;jornal=529&amp;pagina=36" editionNumber="16">
  <body>
    <Identifica><![CDATA[PORTARIA Nº 1.159, de 27 de novembro de 2017]]></Identifica>
    <Data><![CDATA[]]></Data>
    <Ementa />
    <Titulo />
    <SubTitulo />
    <Texto><![CDATA[<p> </p><p> O DESEMBARGADOR PRESIDENTE DO TRIBUNAL REGIONAL DO TRABALHO DA 16ª REGIÃO, no uso de suas atribuições legais e regimentais, tendo em vista o constante no PA nº 7414/2017, resolve:</p><p> Remover, a pedido, a servidora DANIELLE RODRIGUES AVELINO, Analista Judiciário - Área Judiciária, matrícula 308161051, do Quadro de Pessoal deste Tribunal, para ter exercício no Tribunal Superior do Trabalho, mediante permuta com a servidora NILZIANE LIMA MEDEIROS, Analista Judiciário - Área Judiciária, matrícula 59948, do Quadro de Pessoal do Tribunal Superior do Trabalho, concedendo-lhe trânsito de 15 (quinze) dias, com efeitos a contar de 23/1/2018. Dê-se ciência.Publique-se no Diário Oficial da União e disponibilize-se no site do Tribunal.</p><p> </p>]]></Texto>
    <Autores>
      <assina>. JAMES MAGNO ARAÚJO FARIAS</assina>
    </Autores>
  </body>
</article></xml>