﻿<xml><article id="1115534" name="PORT_405" idOficio="4618489" pubName="DO2" artType="Portaria" pubDate="15/01/2018" artClass="00037:00007:00001:00000:00000:00000:00000:00000:00000:00000:00001:00014" artSection="Presidência" artCategory="Presidência" artSize="8" artNotes="" numberPage="49" pdfPage="http://pesquisa.in.gov.br/imprensa/jsp/visualiza/index.jsp?data=15/01/2018&amp;jornal=529&amp;pagina=49" editionNumber="10">
  <body>
    <Identifica><![CDATA[PORTARIA Nº 405, DE 19 DE DEZEMBRO DE 2017]]></Identifica>
    <Data><![CDATA[]]></Data>
    <Ementa />
    <Titulo />
    <SubTitulo />
    <Texto><![CDATA[<p>  </p><p> O PRESIDENTE DO TRIBUNAL REGIONAL FEDERAL DA 1ª REGIÃO, no uso de suas atribuições legais e tendo em vista o que consta no PAe 0002410-97.2015.4.01.8000, resolve:</p><p>I- COLOCAR À DISPOSIÇÃO da Sede da Seção Judiciária do Estado do Amapá, nos termos do art. 93, I, da Lei 8.112/1990, c/c a Resolução nº 05/2008-CJF, o servidor PABLO DA ROSA E SILVA ALVES, Técnico Judiciário, Área Administrativa, do Quadro de Pessoal da Justiça Federal de Primeiro Grau, Seção Judiciária do Distrito Federal, para exercer cargo em comissão.</p><p>II- REVOGAR a cessão para a Sede da Seção Judiciária do Estado do Amapá, autorizada pela Portaria/Presi 383, de 25/11/2016, publicada no Diário Oficial da União, Seção 2, de 29/11/2016.</p>]]></Texto>
    <Autores>
      <cargo>Des. HILTON QUEIROZ</cargo>
    </Autores>
  </body>
</article></xml>