﻿<xml><article id="1021700" name="ATO_1178" idOficio="4618495" pubName="DO2" artType="Ato" pubDate="08/01/2018" artClass="00037:00007:00001:00000:00000:00000:00000:00000:00000:00000:00001:00028" artSection="Presidência" artCategory="Presidência" artSize="8" artNotes="" numberPage="48" pdfPage="http://pesquisa.in.gov.br/imprensa/jsp/visualiza/index.jsp?data=08/01/2018&amp;jornal=529&amp;pagina=48" editionNumber="5">
  <body>
    <Identifica><![CDATA[ATO Nº 1.178, DE 19 DE DEZEMBRO DE 2017]]></Identifica>
    <Data><![CDATA[]]></Data>
    <Ementa />
    <Titulo />
    <SubTitulo />
    <Texto><![CDATA[<p> O PRESIDENTE DO TRIBUNAL REGIONAL FEDERAL DA 1ª REGIÃO, no uso de suas atribuições legais e regimentais e tendo em vista o constante nos autos do PAe 0003221-77.2017.4.01.8003, resolve:</p><p>EXONERAR, a partir de 08/01/2018, o servidor EVERTON GOMES TEIXEIRA, Técnico Judiciário, Área Administrativa, Especialidade Segurança e Transporte, do Quadro de Pessoal da Justiça Federal de Primeiro Grau, Sede da Seção Judiciária do Estado de Rondônia, à disposição da Subseção Judiciária de Laranjal do Jari, do Cargo em Comissão, Código CJ-3, de Diretor de Secretaria da Vara Única Federal daquela Subseção Judiciária.</p>]]></Texto>
    <Autores>
      <assina>Desembargador Federal HILTON QUEIROZ</assina>
    </Autores>
  </body>
</article></xml>