﻿<xml><article id="1021682" name="PUBLICAR-08-JANEIRO-DOU 2-RN-1PT" idOficio="4615392" pubName="DO2" artType="Portaria" pubDate="08/01/2018" artClass="00033:00007:00041:00000:00000:00000:00000:00000:00000:00000:00025:00001" artSection="Procuradoria da República no Estado do Rio Grande do Norte" artCategory="Procuradoria da República no Estado do Rio Grande do Norte" artSize="8" artNotes="" numberPage="39" pdfPage="http://pesquisa.in.gov.br/imprensa/jsp/visualiza/index.jsp?data=08/01/2018&amp;jornal=529&amp;pagina=39" editionNumber="5">
  <body>
    <Identifica><![CDATA[PORTARIA Nº 256, DE 18 DE DEZEMBRO DE 2017]]></Identifica>
    <Data><![CDATA[]]></Data>
    <Ementa />
    <Titulo />
    <SubTitulo />
    <Texto><![CDATA[<p> </p><p> A PROCURADORA-CHEFE DA PROCURADORIA DA REPÚBLICA NO ESTADO DO RIO GRANDE DO NORTE, no exercício das atribuições legais que foram conferidas pela Portaria SG/MPF nº 382, de 05 de maio de 2015, resolve:</p><p>Art. 1º - Dispensar o servidor FABIO ALEXANDRE SILVESTRE DA SILVA, ocupante do cargo de Analista do MPU/Apoio Jurídico/Direito, Matrícula nº 15682, da função de confiança de Assistente Nível II - FC-2 da Procuradoria da República no Rio Grande do Norte, vinculada ao Gabinete do Procurador da República Ronaldo Sergio Chaves Fernandes;</p><p>Art. 2º - Designar a servidora ELISABETH BARROS FIGUEIREDO OLIVEIRA, ocupante do cargo de Técnico do MPU/Apoio Técnico-Administrativo/Administração, Matrícula nº 5504, para exercer a função de confiança de Assistente Nível II - FC-2 da Procuradoria da República no Rio Grande do Norte, vinculada ao Gabinete do Procurador da República Ronaldo Sergio Chaves Fernandes.</p><p>Art. 3º - Esta Portaria entra em vigor na data de sua publicação.</p>]]></Texto>
    <Autores>
      <assina>CAROLINE MACIEL DA COSTA LIMA DA MATA</assina>
    </Autores>
  </body>
</article></xml>