﻿<xml><article id="1021892" name="ATO_1194" idOficio="4618495" pubName="DO2" artType="Ato" pubDate="08/01/2018" artClass="00037:00007:00001:00000:00000:00000:00000:00000:00000:00000:00001:00033" artSection="Presidência" artCategory="Presidência" artSize="8" artNotes="" numberPage="48" pdfPage="http://pesquisa.in.gov.br/imprensa/jsp/visualiza/index.jsp?data=08/01/2018&amp;jornal=529&amp;pagina=48" editionNumber="5">
  <body>
    <Identifica><![CDATA[ATO Nº 1.194, DE 19 DE DEZEMBRO DE 2017]]></Identifica>
    <Data><![CDATA[]]></Data>
    <Ementa />
    <Titulo />
    <SubTitulo />
    <Texto><![CDATA[<p> O PRESIDENTE DO TRIBUNAL REGIONAL FEDERAL DA PRIMEIRA REGIÃO, no uso de suas atribuições legais e regimentais e tendo em vista o constante nos autos do PAe 0002304-04.2016.4.01.8000, resolve:</p><p>NOMEAR, nos termos dos arts. 9º, I, e 10 da Lei 8.112/1990, c/c a Lei 11.416/2006, o candidato PAULO JOSÉ DA COSTA, aprovado em Concurso Público realizado pelo Tribunal Regional Eleitoral do Amazonas, para exercer o cargo efetivo de Técnico Judiciário, Área Administrativa, Nível Intermediário, Classe "A", padrão 01, pertencente ao Quadro de Pessoal da Justiça Federal de Primeiro Grau, Seção Judiciária do Estado do Amazonas, Subseção Judiciária de Tabatinga, em cargo vago decorrente da exoneração de Helen Carolina Almeida Moreira.</p>]]></Texto>
    <Autores>
      <assina>Desembargador Federal HILTON QUEIROZ</assina>
    </Autores>
  </body>
</article></xml>