﻿<xml><article id="960667" name="PORTARIA 2184" idOficio="4615325" pubName="DO2" artType="Portaria" pubDate="02/01/2018" artClass="00033:00008:00001:00004:00000:00000:00000:00000:00000:00000:00025:00001" artSection="Diretoria-Geral" artCategory="Diretoria-Geral" artSize="8" artNotes="" numberPage="139" pdfPage="http://pesquisa.in.gov.br/imprensa/jsp/visualiza/index.jsp?data=02/01/2018&amp;jornal=529&amp;pagina=139" editionNumber="1">
  <body>
    <Identifica><![CDATA[PORTARIA Nº 2.184, DE 19 DE DEZEMBRO DE 2017]]></Identifica>
    <Data><![CDATA[]]></Data>
    <Ementa />
    <Titulo />
    <SubTitulo />
    <Texto><![CDATA[<p> A DIRETORA-GERAL ADJUNTA DO MINISTÉRIO PÚBLICO DO TRABALHO, no uso das atribuições que lhe foram delegadas pela Portaria MPT-DG nº 86, de 30 de março de 2016 e o que consta no PGEA/MPT nº 019085.2017.00.900/1, resolve:</p><p>Art. 1º Exonerar, a pedido, a contar de 02.1.2018, a servidora ENILDA DE CASTRO SOUSA CARMO, do cargo em comissão de Chefe da Seção de Patrimônio, código CC-1, do Departamento de Administração da Procuradoria-Geral do Trabalho. </p>]]></Texto>
    <Autores>
      <assina>SANDRA CRISTINA DE ARAÚJO</assina>
    </Autores>
  </body>
</article></xml>