﻿<xml><article id="1021685" name="PUBLICAR-08-JANEIRO-DOU 2-RN-1PT" idOficio="4615392" pubName="DO2" artType="Portaria" pubDate="08/01/2018" artClass="00033:00007:00041:00000:00000:00000:00000:00000:00000:00000:00025:00002" artSection="Procuradoria da República no Estado do Rio Grande do Norte" artCategory="Procuradoria da República no Estado do Rio Grande do Norte" artSize="8" artNotes="" numberPage="39" pdfPage="http://pesquisa.in.gov.br/imprensa/jsp/visualiza/index.jsp?data=08/01/2018&amp;jornal=529&amp;pagina=39" editionNumber="5">
  <body>
    <Identifica><![CDATA[PORTARIA Nº 257, DE 18 DE DEZEMBRO DE 2017]]></Identifica>
    <Data><![CDATA[]]></Data>
    <Ementa />
    <Titulo />
    <SubTitulo />
    <Texto><![CDATA[<p> </p><p> A PROCURADORA-CHEFE DA PROCURADORIA DA REPÚBLICA NO ESTADO DO RIO GRANDE DO NORTE, no exercício das atribuições legais que foram conferidas pela Portaria SG/MPF nº 382, de 05 de maio de 2015, resolve:</p><p>Art. 1º - Exonerar o servidor INAMAR DANTAS NETO, ocupante do cargo de Analista do MPU/Apoio Jurídico/Direito, Matrícula nº 15928, do cargo em comissão de Assessor Nível II - CC-2 da Procuradoria da República no Rio Grande do Norte, vinculada ao Gabinete da Procuradora da República Cibele Benevides Guedes da Fonseca;</p><p>Art. 2º - Nomear o servidor FABIO ALEXANDRE SILVESTRE DA SILVA, ocupante do cargo de Analista do MPU/Apoio Jurídico/Direito, Matrícula nº 15682, para exercer o cargo em comissão de Assessor Nível II - CC-2 da Procuradoria da República no Rio Grande do Norte, vinculada ao Gabinete da Procuradora da República Cibele Benevides Guedes da Fonseca.</p><p>Art. 3º - Esta Portaria entra em vigor na data de sua publicação.</p>]]></Texto>
    <Autores>
      <assina>CAROLINE MACIEL DA COSTA LIMA DA MATA</assina>
    </Autores>
  </body>
</article></xml>