﻿<xml><article id="1115567" name="ATO_1181" idOficio="4618489" pubName="DO2" artType="Ato" pubDate="15/01/2018" artClass="00037:00007:00001:00000:00000:00000:00000:00000:00000:00000:00001:00003" artSection="Presidência" artCategory="Presidência" artSize="8" artNotes="" numberPage="49" pdfPage="http://pesquisa.in.gov.br/imprensa/jsp/visualiza/index.jsp?data=15/01/2018&amp;jornal=529&amp;pagina=49" editionNumber="10">
  <body>
    <Identifica><![CDATA[ATO Nº 1.181, DE 19 DE DEZEMBRO DE 2017]]></Identifica>
    <Data><![CDATA[]]></Data>
    <Ementa />
    <Titulo />
    <SubTitulo />
    <Texto><![CDATA[<p> </p><p> O PRESIDENTE DO TRIBUNAL REGIONAL FEDERAL DA 1ª REGIÃO, no uso de suas atribuições legais e regimentais e tendo em vista o constante nos autos do PAe 0003977-53.2017.4.01.8014, resolve:</p><p>EXONERAR, a partir de 15/01/2018, a servidora CLENYS REGES ROSARIO PEREIRA DE CASTRO, Técnica Judiciária, Área Administrativa, do Quadro de Pessoal da Justiça Federal de Primeiro Grau, Seção Judiciária do Estado de Goiás, Subseção Judiciária de Luziânia, à disposição da Sede da Seção Judiciária do Estado do Tocantins, do Cargo em Comissão, Código CJ-3, de Diretor de Secretaria da 1ª Vara Federal daquela Seccional.</p>]]></Texto>
    <Autores>
      <assina>Des. HILTON QUEIROZ</assina>
    </Autores>
  </body>
</article></xml>