﻿<xml><article id="960754" name="02.01.18" idOficio="4617575" pubName="DO2" artType="Portaria" pubDate="02/01/2018" artClass="00011:00141:00000:00000:00000:00000:00000:00000:00000:00000:00025:00001" artSection="Ministério da Educação" artCategory="Universidade Federal dos Vales do Jequitinhonha e Mucuri" artSize="8" artNotes="" numberPage="36" pdfPage="http://pesquisa.in.gov.br/imprensa/jsp/visualiza/index.jsp?data=02/01/2018&amp;jornal=529&amp;pagina=36" editionNumber="1">
  <body>
    <Identifica><![CDATA[PORTARIAS DE 21 DE DEZEMBRO DE 2017]]></Identifica>
    <Data><![CDATA[]]></Data>
    <Ementa />
    <Titulo />
    <SubTitulo />
    <Texto><![CDATA[<p> </p><p> O REITOR DA UNIVERSIDADE FEDERAL DOS VALES DO JEQUITINHONHA E MUCURI, no uso de suas atribuicoes regimentais, resolve:</p><p>N 3.585 dispensar,  SONIA MARIA DE ARAUJO Assistente Em Administracao, da Funcao Gratificada de CHEFE DA DIVISAO DE CADASTRO FG 2, a partir de 2 de janeiro de 2018.</p><p>N 3.594 conceder aposentadoria a SONIA MARIA DE ARAUJO, matricula SIAPE n 0390137, ocupante do cargo de Assistente Em Administracao, do Quadro de Pessoal da Universidade Federal dos Vales do Jequitinhonha e Mucuri, com fundamento no artigo 3 da Emenda Constitucional n 47, de 05 de julho de 2005, publicada no Diario Oficial da Uniao de 06 de julho de 2005, combinado com a alinea a, do inciso III, do artigo 186 da Lei 8112/90 com proventos integrais, acrescidos da gratificacao de 12% a titulo de Adicional por Tempo de Servico.  </p><p>Em consequencia, declarar vago o referido cargo.</p><p> </p>]]></Texto>
    <Autores>
      <assina>GILCIANO SARAIVA NOGUEIRA</assina>
    </Autores>
  </body>
</article></xml>