﻿<xml><article id="1021718" name="ATO_1154" idOficio="4618495" pubName="DO2" artType="Ato" pubDate="08/01/2018" artClass="00037:00007:00001:00000:00000:00000:00000:00000:00000:00000:00001:00019" artSection="Presidência" artCategory="Presidência" artSize="8" artNotes="" numberPage="47" pdfPage="http://pesquisa.in.gov.br/imprensa/jsp/visualiza/index.jsp?data=08/01/2018&amp;jornal=529&amp;pagina=47" editionNumber="5">
  <body>
    <Identifica><![CDATA[ATO Nº 1.154, DE 19 DE DEZEMBRO DE 2017]]></Identifica>
    <Data><![CDATA[]]></Data>
    <Ementa />
    <Titulo />
    <SubTitulo />
    <Texto><![CDATA[<p> O PRESIDENTE DO TRIBUNAL REGIONAL FEDERAL DA 1ª REGIÃO, no uso de suas atribuições legais e regimentais e tendo em vista o constante nos autos do PAe 0029667-05.2017.4.01.8008, resolve:</p><p>NOMEAR a servidora REGINA LUCIA DE FARIA PEIXOTO COUTO, Técnica Judiciária, Área Administrativa, do Quadro de Pessoal da Justiça Federal de Primeiro Grau, Sede da Seção Judiciária do Estado de Minas Gerais, para exercer o Cargo em Comissão, Código CJ-3, de Diretor de Secretaria da 31ª Vara Federal daquela Seccional, em decorrência da exoneração de Maria Julia Fernandes Carvalho.</p>]]></Texto>
    <Autores>
      <assina>Desembargador Federal HILTON QUEIROZ</assina>
    </Autores>
  </body>
</article></xml>