﻿<xml><article id="1168954" name="858-ANA CAROLINA- DIS-DES" idOficio="4618644" pubName="DO2" artType="Portaria" pubDate="18/01/2018" artClass="00037:00004:00001:00002:00000:00000:00000:00000:00000:00000:00025:00001" artSection="Secretaria" artCategory="Secretaria" artSize="8" artNotes="" numberPage="40" pdfPage="http://pesquisa.in.gov.br/imprensa/jsp/visualiza/index.jsp?data=18/01/2018&amp;jornal=529&amp;pagina=40" editionNumber="13">
  <body>
    <Identifica><![CDATA[PORTARIA Nº 858, DE 19 DE DEZEMBRO DE 2017]]></Identifica>
    <Data><![CDATA[]]></Data>
    <Ementa />
    <Titulo />
    <SubTitulo />
    <Texto><![CDATA[<p> A DIRETORA-GERAL DA SECRETARIA DO SUPERIOR TRIBUNAL DE JUSTIÇA, com base no item 16.2, XI, b, do Manual de Organização e no disposto no art. 35, I, da Lei n. 8.112, de 11 de dezembro de 1990, resolve: </p><p>Art. 1º Efetuar as seguintes alterações no Gabinete do Ministro Antonio Saldanha Palheiro:</p><p>I - Dispensar ANA CAROLINA RICARDO DA SILVEIRA, matrícula S048954, da função de confiança de Assistente II, código FC-2;</p><p>II - Designar a servidora para a função de confiança de Assistente IV, código FC-4, na vaga decorrente da dispensa de Rejane Cândia dos Santos.</p><p>Art. 2º Esta portaria entra em vigor na data de sua publicação.</p>]]></Texto>
    <Autores>
      <assina>Sulamita Avelino Cardoso Marques</assina>
    </Autores>
  </body>
</article></xml>