﻿<xml><article id="960715" name="portaria_7416" idOficio="4617334" pubName="DO2" artType="Portaria" pubDate="02/01/2018" artClass="00008:00001:00000:00000:00000:00000:00000:00000:00000:00000:00019:00001" artSection="Ministério da Ciência, Tecnologia, Inovações e Comunicações" artCategory="Gabinete do Ministro" artSize="8" artNotes="" numberPage="7" pdfPage="http://pesquisa.in.gov.br/imprensa/jsp/visualiza/index.jsp?data=02/01/2018&amp;jornal=529&amp;pagina=7" editionNumber="1">
  <body>
    <Identifica><![CDATA[PORTARIA Nº 7.416, DE 21 DE DEZEMBRO DE 2017]]></Identifica>
    <Data><![CDATA[]]></Data>
    <Ementa />
    <Titulo />
    <SubTitulo />
    <Texto><![CDATA[<p> O MINISTRO DE ESTADO DA CIÊNCIA, TECNOLOGIA, INOVAÇÕES E COMUNICAÇÕES, no uso da competência que lhe foi delegada pelo artigo 3º do Decreto nº 8.821, de 26 de julho de 2016, publicado no DOU de 26 de julho de 2016, e tendo em vista o disposto no Decreto nº 8.877, de 18 de outubro de 2016, publicado no DOU de 19 de outubro de 2016, e alterações posteriores, resolve:</p><p>Designar a servidora PRISCILA BESSA RODRIGUES, CPF 718.660.511-72, para substituir, nos afastamentos, impedimentos legais ou regulamentares do titular e na vacância do cargo, o Coordenador Jurídico de Licitação e Contratos, código FCPE 101.3, da Coordenação-Geral de Licitações, Contratos e Atos Correlatos, da Consultoria Jurídica - CONJUR, deste Ministério (Processo SEI nº 01250.075256/2017-48).</p>]]></Texto>
    <Autores>
      <assina>GILBERTO KASSAB</assina>
    </Autores>
  </body>
</article></xml>