﻿<xml><article id="1021901" name="PORT_380" idOficio="4618499" pubName="DO2" artType="Portaria" pubDate="08/01/2018" artClass="00037:00007:00001:00000:00000:00000:00000:00000:00000:00000:00001:00045" artSection="Presidência" artCategory="Presidência" artSize="8" artNotes="" numberPage="49" pdfPage="http://pesquisa.in.gov.br/imprensa/jsp/visualiza/index.jsp?data=08/01/2018&amp;jornal=529&amp;pagina=49" editionNumber="5">
  <body>
    <Identifica><![CDATA[PORTARIA Nº 380, DE 19 DE DEZEMBRO DE 2017]]></Identifica>
    <Data><![CDATA[]]></Data>
    <Ementa />
    <Titulo />
    <SubTitulo />
    <Texto><![CDATA[<p> O PRESIDENTE DO TRIBUNAL REGIONAL FEDERAL DA 1ª REGIÃO, no uso de suas atribuições legais e regimentais e tendo em vista o constante nos autos do PAe 0016036-06.2017.4.01.8004, resolve:</p><p>COLOCAR À DISPOSIÇÃO da Sede da Seção Judiciária do Estado da Bahia, a partir de 08/01/2018, nos termos do art. 93, I, da Lei 8.112/1990, c/c a Resolução nº 05/2008-CJF, a servidora NAIRA SOUZA PASSOS, Analista Judiciária, Área Administrativa, do Quadro de Pessoal da Justiça Federal de Primeiro Grau, Subseção Judiciária de Vitória da Conquista, para exercer função comissionada.</p>]]></Texto>
    <Autores>
      <assina>Desembargador Federal HILTON QUEIROZ</assina>
    </Autores>
  </body>
</article></xml>