﻿<xml><article id="960772" name="portaria DOU - MARIA HELDENITA M" idOficio="4618567" pubName="DO2" artType="Portaria" pubDate="02/01/2018" artClass="00020:00246:00050:00000:00000:00000:00000:00000:00000:00000:00025:00001" artSection="Subsecretaria-Geral do Serviço Exterior" artCategory="Subsecretaria-Geral do Serviço Exterior" artSize="8" artNotes="" numberPage="122" pdfPage="http://pesquisa.in.gov.br/imprensa/jsp/visualiza/index.jsp?data=02/01/2018&amp;jornal=529&amp;pagina=122" editionNumber="1">
  <body>
    <Identifica><![CDATA[PORTARIA Nº 998, DE 19 DE DEZEMBRO DE 2017]]></Identifica>
    <Data><![CDATA[]]></Data>
    <Ementa />
    <Titulo />
    <SubTitulo />
    <Texto><![CDATA[<p> O SUBSECRETÁRIO-GERAL DO SERVIÇO EXTERIOR, no uso das atribuições conferidas pela Portaria de 21 de junho de 1996, publicada no Diário Oficial da União de 26 de junho, resolve:</p><p>Art. 1º - Conceder aposentadoria voluntária a MARIA HELDENITA MACHADO DENEGRI, matrícula SIAPE nº 0457778, matrícula SIAPECAD nº 672680, ocupante do cargo de Assistente de Chancelaria, Classe S, Padrão V, do Quadro de Pessoal do Ministério das Relações Exteriores, com fundamento no artigo 3° da Emenda Constitucional n° 47, de 5 de julho de 2005.</p><p>Art. 2º - Esta Portaria entra em vigor a partir de sua publicação no Diário Oficial da União.</p>]]></Texto>
    <Autores>
      <assina>JOÃO PEDRO CORRÊA COSTA</assina>
    </Autores>
  </body>
</article></xml>