﻿<xml><article id="1021931" name="Portaria nº 1298-2017" idOficio="4619119" pubName="DO2" artType="Portaria" pubDate="08/01/2018" artClass="00037:00047:00001:00000:00000:00000:00000:00000:00000:00000:00025:00001" artSection="Gabinete da Presidência" artCategory="Gabinete da Presidência" artSize="8" artNotes="" numberPage="56" pdfPage="http://pesquisa.in.gov.br/imprensa/jsp/visualiza/index.jsp?data=08/01/2018&amp;jornal=529&amp;pagina=56" editionNumber="5">
  <body>
    <Identifica><![CDATA[PORTARIA Nº 1.298, DE 14 DE DEZEMBRO DE 2017]]></Identifica>
    <Data><![CDATA[]]></Data>
    <Ementa />
    <Titulo />
    <SubTitulo />
    <Texto><![CDATA[<p> A DESEMBARGADORA PRESIDENTE DO TRIBUNAL REGIONAL DO TRABALHO DA OITAVA REGIÃO, no uso de suas atribuições legais e regimentais, e</p><p>CONSIDERANDO o disposto no artigo 36 da Lei nº 8.112/1990, no artigo 20 da Lei n° 11.416/2006 e na Resolução CSJT nº 110/2012;</p><p>CONSIDERANDO o pedido de remoção por permuta formulado pelos servidores ARTHUR WILLIAMS FALCÃO TRENTO, do quadro de pessoal permanente deste Regional, e MARCELO FERRAZ DE OLIVEIRA, do quadro de pessoal permanente do Egrégio Tribunal Regional do Trabalho da 1ª Região, ambos ocupantes do cargo de Analista Judiciário, Área Apoio Especializado, Especialidade Tecnologia da Informação;</p><p>CONSIDERANDO a anuência do Egrégio Tribunal Regional do Trabalho da 1ª Região;</p><p>CONSIDERANDO o disposto no artigo 18 da Lei nº 8.112/1990 e o prazo de trânsito estabelecido no item I da Portaria GP nº 116/2014;</p><p>CONSIDERANDO o constante dos autos do Processo Administrativo Eletrônico TRT8 nº 2723/2017 e, ainda, o interesse do serviçoresolve:</p><p>I  REMOVER, a pedido, o servidor ARTHUR WILLIAMS FALCÃO TRENTO, Analista Judiciário, Área Apoio Especializado, Especialidade Tecnologia da Informação, código Mentorh nº 3157, para o Egrégio Tribunal Regional do Trabalho da 1ª Região, mediante permuta com o servidor MARCELO FERRAZ DE OLIVEIRA, Analista Judiciário, Área Apoio Especializado, Especialidade Tecnologia da Informação, pertencente ao quadro de pessoal permanente daquele Órgão;</p><p>II  CONCEDER trânsito de 20 (vinte) dias ao servidor ARTHUR WILLIAMS FALCÃO TRENTO, Analista Judiciário, Área Apoio Especializado, Especialidade Tecnologia da Informação;</p><p>III  COLOCAR o servidor MARCELO FERRAZ DE OLIVEIRA,  Analista Judiciário, Área Apoio Especializado, Especialidade Tecnologia da Informação, em exercício provisório na Seção de Infraestrutura e Redes;</p><p>IV - Esta Portaria entrará em vigor a partir de 8 de janeiro de 2018.</p><p> </p>]]></Texto>
    <Autores>
      <assina>SUZY ELIZABETH CAVALCANTE KOURY</assina>
    </Autores>
  </body>
</article></xml>