﻿<xml><article id="1021895" name="ATO_1193" idOficio="4618495" pubName="DO2" artType="Ato" pubDate="08/01/2018" artClass="00037:00007:00001:00000:00000:00000:00000:00000:00000:00000:00001:00032" artSection="Presidência" artCategory="Presidência" artSize="8" artNotes="" numberPage="48" pdfPage="http://pesquisa.in.gov.br/imprensa/jsp/visualiza/index.jsp?data=08/01/2018&amp;jornal=529&amp;pagina=48" editionNumber="5">
  <body>
    <Identifica><![CDATA[ATO Nº 1.193, DE 19 DE DEZEMBRO DE 2017]]></Identifica>
    <Data><![CDATA[]]></Data>
    <Ementa />
    <Titulo />
    <SubTitulo />
    <Texto><![CDATA[<p> O PRESIDENTE DO TRIBUNAL REGIONAL FEDERAL DA 1ª REGIÃO, no uso de suas atribuições legais e tendo em vista o que consta no PAe 0008384-20.2017.4.01.8009, resolve:</p><p>NOMEAR, nos termos do art. 9º, II, da Lei 8.112/1990, c/c a Lei 8.647/1993, o bacharel em direito RAFAEL FERREIRA AZARA, para exercer o Cargo em Comissão, Código CJ-3, de Diretor de Secretaria da Vara Única Federal da Subseção Judiciária de Barra do Garças, em decorrência da exoneração de Braulio Junior da Silva.</p>]]></Texto>
    <Autores>
      <assina>Desembargador Federal HILTON QUEIROZ</assina>
    </Autores>
  </body>
</article></xml>