﻿<xml><article id="1021703" name="ATO_1172" idOficio="4618495" pubName="DO2" artType="Ato" pubDate="08/01/2018" artClass="00037:00007:00001:00000:00000:00000:00000:00000:00000:00000:00001:00027" artSection="Presidência" artCategory="Presidência" artSize="8" artNotes="" numberPage="48" pdfPage="http://pesquisa.in.gov.br/imprensa/jsp/visualiza/index.jsp?data=08/01/2018&amp;jornal=529&amp;pagina=48" editionNumber="5">
  <body>
    <Identifica><![CDATA[ATO Nº 1.172, DE 19 DE DEZEMBRO DE 2017]]></Identifica>
    <Data><![CDATA[]]></Data>
    <Ementa />
    <Titulo />
    <SubTitulo />
    <Texto><![CDATA[<p> O PRESIDENTE DO TRIBUNAL REGIONAL FEDERAL DA 1ª REGIÃO, no uso de suas atribuições legais e regimentais e tendo em vista o que consta do PAe. 0008764-52.2017.4.01.8006, resolve:</p><p>DECLARAR VAGO o cargo de Técnico Judiciário, Área Administrativa, Nível Intermediário, Classe "B", Padrão 6, do Quadro de Pessoal da Justiça Federal de Primeiro Grau, Seção Judiciária do Estado de Goiás, Subseção Judiciária de Itumbiara, ocupado pelo servidor VINICIUS JERÔNIMO LOPES DE OLIVEIRA, em decorrência de sua posse em outro cargo inacumulável, nos termos do art. 33, VIII, da Lei 8.112/1990, a partir de 16/11/2017.</p>]]></Texto>
    <Autores>
      <assina>Desembargador Federal HILTON QUEIROZ</assina>
    </Autores>
  </body>
</article></xml>