﻿<xml><article id="979027" name="01_plantao_janeiro_18_publicacao" idOficio="4617267" pubName="DO2" artType="Portaria" pubDate="03/01/2018" artClass="00033:00008:00016:00000:00000:00000:00000:00000:00000:00000:00025:00001" artSection="Procuradoria Regional do Trabalho da 15ª Região" artCategory="Procuradoria Regional do Trabalho da 15ª Região" artSize="8" artNotes="" numberPage="24" pdfPage="http://pesquisa.in.gov.br/imprensa/jsp/visualiza/index.jsp?data=03/01/2018&amp;jornal=529&amp;pagina=24" editionNumber="2">
  <body>
    <Identifica><![CDATA[PORTARIA Nº 1, DE 02 de JANEIRO DE 2018.]]></Identifica>
    <Data><![CDATA[]]></Data>
    <Ementa />
    <Titulo />
    <SubTitulo />
    <Texto><![CDATA[<p> </p><p> A COORDENADORA DO 2º GRAU DA PROCURADORIA REGIONAL DO TRABALHO DA 15ª REGIÃO, no uso de suas atribuições legais e institucionais que lhe são delegadas pela Portaria 117, de 1º de dezembro de 2009, do Procurador Chefe da PRT/15ª Região, resolve:</p><p>Designar os Procuradores abaixo relacionados para as sessões das turmas do TRT - 15ª Região, durante o mês de janeiro de 2018.</p><p>1ª Turma </p><p>(1ª e 2ª Câmaras)</p><p>- Semana de 22/01/2018 a 26/01/2018 - Dr. Claude Henri Appy</p><p>- Semana de 29/01/2018 a 02/02/2018 - Dr. Fábio Messias Vieira</p><p>2ª Turma </p><p>(3ª e 4ª Câmaras)</p><p>- Semana de 22/01/2018 a 26/01/2018 - Dr. Ronaldo Jose de Lira</p><p>- Semana de 29/01/2018 a 02/02/2018 - Dr. Dimas Moreira da Silva</p><p>3ª Turma </p><p>(5ª Câmara e 6ª Câmara)</p><p>- Semana de 22/01/2018 a 26/01/2018 - Dra. Liliana Maria Del Nery</p><p>- Semana de 29/01/2018 a 02/02/2018 - Dr. Ronaldo Jose de Lira</p><p>4ª Turma </p><p>(7ª e 8ª Câmaras)</p><p>- Semana de 22/01/2018 a 26/01/2018 - Dra. Ivana Paula Cardoso</p><p>- Semana de 29/01/2018 a 02/02/2018 - Dr. Aparicio Querino Salomao</p><p>5ª Turma </p><p>(9ª e 10ª Câmaras)</p><p>- Semana de 22/01/2018 a 26/01/2018 - Dr. Aparicio Querino Salomao</p><p>- Semana de 29/01/2018 a 02/02/2018 - Dra. Cláudia Marques de Oliveira</p><p>6ª Turma </p><p>(11ª Câmaras)</p><p>- Semana de 22/01/2018 a 26/01/2018 - Dra. Cláudia Marques de Oliveira</p><p>- Semana de 29/01/2018 a 02/02/2018 - Dra. Ivana Paula Cardoso</p><p>AUDIÊNCIAS NO TRT - 1º Plantonista</p><p>- Semana de 08/01/2018 a 12/01/2018 - Dr. Guilherme Duarte da Conceição</p><p>- Semana de 15/01/2018 a 19/01/2018 - Dra. Alessandra Rangel Paravidino Andery</p><p>- Semana de 22/01/2018 a 26/01/2018 - Dr. Fabio Massahiro Kosaka</p><p>- Semana de 29/01/2018 a 02/02/2018 - Dra. Renata Cristina Piaia Petrocino</p><p>AUDIÊNCIAS NO TRT - 2º Plantonista</p><p>- Semana de 08/01/2018 a 12/01/2018 - Dra. Ivana Paula Cardoso</p><p>- Semana de 15/01/2018 a 19/01/2018 - Dr. Ronaldo Jose de Lira</p><p>- Semana de 22/01/2018 a 26/01/2018 - Dr. Dimas Moreira da Silva</p><p>- Semana de 29/01/2018 a 02/02/2018 - Dra. Liliana Maria Del Nery</p><p>especializadas (SDI1,2,3 e SDC)</p><p>- Semana de 08/01/2018 a 12/01/2018 - </p><p>- Semana de 15/01/2018 a 19/01/2018 - </p><p>- Semana de 22/01/2018 a 26/01/2018 - Dr. Dimas Moreira da Silva</p><p>- Semana de 29/01/2018 a 02/02/2018 - Dr. Fabio Massahiro Kosaka</p><p>        </p>]]></Texto>
    <Autores>
      <assina>ADRIANA BIZARRO</assina>
    </Autores>
  </body>
</article></xml>