﻿<xml><article id="960688" name="Portarias de 18-12-2017" idOficio="4616076" pubName="DO2" artType="Portaria" pubDate="02/01/2018" artClass="00011:00059:00009:00000:00000:00000:00000:00000:00000:00000:00025:00002" artSection="Campus Videira" artCategory="Campus Videira" artSize="8" artNotes="" numberPage="14-21" pdfPage="http://pesquisa.in.gov.br/imprensa/jsp/visualiza/index.jsp?data=02/01/2018&amp;jornal=529&amp;pagina=14,http://pesquisa.in.gov.br/imprensa/jsp/visualiza/index.jsp?data=02/01/2018&amp;jornal=529&amp;pagina=21" editionNumber="1">
  <body>
    <Identifica><![CDATA[PORTARIAS DE 18 DE DEZEMBRO DE 2017]]></Identifica>
    <Data><![CDATA[]]></Data>
    <Ementa />
    <Titulo />
    <SubTitulo />
    <Texto><![CDATA[<p>  O Diretor-Geral Substituto do Instituto Federal de Educação, Ciência e Tecnologia Catarinense - Campus Videira, no uso da competência que lhe foi subdelegada pela Portaria nº 35/2016, de 27/01/2016, publicada no Diário Oficial da União de 28/01/2016 e Portaria nº 031/2012, de 09/01/2012, publicada no Diário Oficial da União de 11/01/2012, resolve:</p><p>N° 320 - Art. 1º -  DISPENSAR, o servidor EVERSON WILLIAN BATISTA, ocupante do cargo de Técnico em Segurança do Trabalho, matrícula SIAPE nº 2163217, da Função Gratificada de Chefe do Setor de Almoxarifado, código FG-02, do Instituto Federal Catarinense - Campus Videira;</p><p>N° 321 - Art. 1º - DISPENSAR a servidora ANA CLAUDIA CAGNIN, ocupante do cargo de Assistente em Administração, Matrícula SIAPE nº 2187120, da Função Gratificada de Gestora de Contratos, Código FG-02, do Instituto Federal Catarinense - Campus Videira.</p><p>N° 322 - Art. 1º - NOMEAR, a servidora LIZETE CAMARA HUBLER, ocupante do cargo de Técnica em Assuntos Educacionais, Matrícula SIAPE nº 1843096, para o Cargo Comissionado de Diretora do Departamento de Desenvolvimento Educacional, Código CD-04, do Instituto Federal Catarinense - Campus Videira.</p><p>N° 323 - Art. 1º - EXONERAR, a servidora GISLAINE JULIANOTTI CARLESSO ocupante do cargo de Administrador, Matrícula SIAPE nº 2754337, do Cargo Comissionado de Diretora de Administração e Planejamento, código CD-03, do Instituto Federal Catarinense - Campus Videira.</p><p>N° 324 - Art. 1º - EXONERAR, a servidora MARION SCHMIDT ocupante do cargo de Assistente em Administração, Matrícula SIAPE nº 1754778, do Cargo Comissionado de Diretora Substituta de Administração e Planejamento, código CD-03, do Instituto Federal Catarinense - Campus Videira.</p><p>N° 325 - Art. 1º - NOMEAR, a servidora GISLAINE JULIANOTTI CARLESSO ocupante do cargo de Administrador, Matrícula SIAPE nº 2754337, para o Cargo Comissionado de Diretora de Administração e Planejamento, código CD-04, do Instituto Federal Catarinense - Campus Videira.</p><p>N° 326 - Art. 1º - NOMEAR, a servidora MARION SCHMIDT ocupante do cargo de Assistente em Administração, Matrícula SIAPE nº 1754778, para o Cargo Comissionado de Diretora Substituta de Administração e Planejamento, código CD-04, do Instituto Federal Catarinense - Campus Videira.</p><p>N° 327 - Art. 1º - EXONERAR, a servidora LIZETE CAMARA HUBLER, ocupante do cargo de Técnica em Assuntos Educacionais, Matrícula SIAPE nº 1843096, do Cargo Comissionado de Coordenadora Geral de Ensino, Código CD-4 do Instituto Federal de Educação, Ciência e Tecnologia Catarinense Campus Videira;</p><p>N° 328 - Art. 1º - EXONERAR, a servidora VERA REGINA MAZURECK, ocupante do cargo de Pedagoga/Supervisora Educacional, Matrícula SIAPE nº 1757296, do Cargo Comissionado de Coordenadora Geral de Ensino Substituta, Código CD-4 do Instituto Federal de Educação, Ciência e Tecnologia Catarinense Campus Videira;</p><p>N° 329 - Art. 1º - DESIGNAR, a servidora CLÁUDIA FÁTIMA KUIAWINSKI, ocupante do cargo de Professora do Ensino Básico, Técnico e Tecnológico, matrícula SIAPE nº 2257607, para a Função Gratificada de Coordenadora Geral de Ensino, Código FG-01 do Instituto Federal de Educação, Ciência e Tecnologia Catarinense Campus Videira;</p><p>N° 330 - Art. 1º - EXONERAR, o servidor PABLO ANDRÉS REYES MEYER, ocupante do cargo de Professor do Ensino Básico, Técnico e Tecnológico, Matrícula SIAPE nº 2931801, do Cargo Comissionado de Diretor do Departamento de Desenvolvimento Educacional Substituto, Código CD-03, do Instituto Federal Catarinense Campus Videira.</p><p>N° 331 - Art. 1º - NOMEAR, a servidora CLÁUDIA FÁTIMA KUIAWINSKI, ocupante do cargo de Professora do Ensino Básico, Técnico e Tecnológico, matrícula SIAPE nº 2257607, para o Cargo Comissionado de Diretora do Departamento de Desenvolvimento Educacional Substituta, Código CD-04, do Instituto Federal Catarinense Campus Videira.</p><p>N° 332 - Art. 1º - EXONERAR, a servidora MARION SCHMIDT ocupante do cargo de Assistente em Administração, Matrícula SIAPE nº 1754778, do Cargo Comissionado de Coordenadora Geral de Administração e Finanças, código CD-04, do Instituto Federal Catarinense - Campus Videira.</p><p>N° 333 - Art. 1º - EXONERAR, a servidora VANESSA BETTONI, ocupante do cargo de Assistente em Administração, Matrícula SIAPE nº 1786718, do Cargo Comissionado de Coordenadora Geral Substituta de Administração e Finanças, código CD-04, do Instituto Federal Catarinense - Campus Videira.</p><p>N° 334 - Art. 1º - DISPENSAR, a servidora VANESSA BETTONI, ocupante do cargo de Assistente em Administração, Matrícula SIAPE nº 1786718, da Função Gratificada de Coordenadora de Execução Orçamentária e Financeira, código FG-02, do Instituto Federal Catarinense - Campus Videira.</p><p>N° 335 - Art. 1º - DESIGNAR, a servidora MARION SCHMIDT ocupante do cargo de Assistente em Administração, Matrícula SIAPE nº 1754778, para a Função Gratificada de Coordenadora Geral de Administração e Finanças, código FG-01, do Instituto Federal Catarinense - Campus Videira.</p><p>N° 336 - Art. 1º - DISPENSAR, o servidor MARCELO DIEL, ocupante do cargo de Técnico em Agropecuária, Matrícula SIAPE nº 1510197, Da Função Gratificada de Chefe do Setor de Transporte, código FG-03, do Instituto Federal Catarinense - Campus Videira;</p><p>N° 337 - Art. 1º - DESIGNAR, a servidora VANESSA BETTONI, ocupante do cargo de Assistente em Administração, Matrícula SIAPE nº 1786718, para exercer a Função Gratificada de Coordenadora de Execução Orçamentária e Financeira, código FG-03, do Instituto Federal Catarinense - Campus Videira.</p><p>N° 339 - Art. 1º - DISPENSAR, a servidora ANGELA LIDVINA SCHNEIDER ocupante do cargo de Auxiliar de Biblioteca, Matrícula SIAPE nº 1828147, da Função Gratificada de Chefe do Setor de Patrimônio, código FG-02, do Instituto Federal Catarinense - Campus Videira;</p><p>N° 342 - Art. 1º - DESIGNAR, a servidora ANGELA LIDVINA SCHNEIDER ocupante do cargo de Auxiliar de Biblioteca, Matrícula SIAPE nº 1828147, para exercer a Função Gratificada de Coordenadora de Patrimônio e Almoxarifado, código FG-02, do Instituto Federal Catarinense - Campus Videira;</p><p>N° 343 - Art. 1º - DISPENSAR, o servidor RODRIGO ZUFFO, ocupante do cargo de Assistente em Administração, Matrícula SIAPE nº 1827025, da Função Gratificada de Pregoeiro do Setor de Compras e Licitações, código FG-02, do Instituto Federal Catarinense - Campus Videira.</p><p>N° 346 - Art. 1º -  DISPENSAR, a servidora ANGELA MARIA CROTTI DA ROSA, ocupante do cargo de TAE - Assistente em Administração, Matrícula SIAPE nº 1879497, da Função Gratificada de Coordenação Geral de Estágios e Extensão, código FG-01, do Instituto Federal Catarinense - Campus Videira.</p><p>N° 347 - Art. 1º - DESIGNAR, a servidora ANGELA MARIA CROTTI DA ROSA, ocupante do cargo de TAE - Assistente em Administração, Matrícula SIAPE nº 1879497, para exercer a Função Gratificada de Coordenação Geral de Estágios e Extensão, código FG-02, do Instituto Federal Catarinense - Campus Videira.</p><p>N° 348 - Art. 1º - DISPENSAR, o servidor DIEGO ALAN PEREIRA ocupante do cargo de Técnico de Tecnologia da Informação, Matrícula SIAPE nº 1756007, da Função Gratificada de Coordenador do Setor de Tecnologia da Informação, código FG-01, do Instituto Federal Catarinense - Campus Videira.</p><p>N° 349 - Art. 1º - DESIGNAR, o servidor DIEGO ALAN PEREIRA ocupante do cargo de Técnico de Tecnologia da Informação, Matrícula SIAPE nº 1756007, para exercer a Função Gratificada de Coordenador do Setor de Tecnologia da Informação, código FG-02, do Instituto Federal Catarinense - Campus Videira.</p><p>N° 351 - Art. 1º - DISPENSAR a servidora CASSIANA SCHMIDT, ocupante do cargo de Assistente em Administração, Matrícula SIAPE nº 1794361, da Função Gratificada de Coordenadora de Registros Acadêmicos, Código FG-01, do Instituto Federal Catarinense - Campus Videira.</p><p>N° 352 - Art. 1º - DESIGNAR a servidora CASSIANA SCHMIDT, ocupante do cargo de Assistente em Administração, Matrícula SIAPE nº 1794361, para exercer a Função Gratificada de Coordenadora de Registros Acadêmicos, Código FG-02, do Instituto Federal Catarinense - Campus Videira.</p><p>N° 355 - Art. 1º - DISPENSAR o servidor GILSON RIBEIRO NACHTIGALL, ocupante do cargo de Professor do Ensino Básico, Técnico e Tecnológico, Matrícula SIAPE nº 1759874, da Função Gratificada de Coordenador de Pesquisa, Pós-Graduação e Inovação, código FG-01, do Instituto Federal Catarinense - Campus Videira.</p><p>N° 356 - Art. 1º - DESIGNAR o servidor GILSON RIBEIRO NACHTIGALL, ocupante do cargo de Professor do Ensino Básico, Técnico e Tecnológico, Matrícula SIAPE nº 1759874, para exercer a Função Gratificada de Coordenador de Pesquisa, Pós-Graduação e Inovação, código FG-02, do Instituto Federal Catarinense - Campus Videira.</p><p>Art.  2º - Estas Portarias entram em vigor na data de suas publicações.</p>]]></Texto>
    <Autores>
      <assina>Raul Eduardo Fernandez Sales</assina>
    </Autores>
  </body>
</article></xml>