﻿<xml><article id="960745" name="Portaria 376- dispensar verene c" idOficio="4617360" pubName="DO2" artType="Portaria" pubDate="02/01/2018" artClass="00011:00059:00013:00000:00000:00000:00000:00000:00000:00000:00025:00003" artSection="Campus Fraiburgo" artCategory="Campus Fraiburgo" artSize="8" artNotes="" numberPage="21" pdfPage="http://pesquisa.in.gov.br/imprensa/jsp/visualiza/index.jsp?data=02/01/2018&amp;jornal=529&amp;pagina=21" editionNumber="1">
  <body>
    <Identifica><![CDATA[PORTARIA Nº 376, DE 21 DE DEZEMBRO DE 2017]]></Identifica>
    <Data><![CDATA[]]></Data>
    <Ementa />
    <Titulo />
    <SubTitulo />
    <Texto><![CDATA[<p> O Diretor-Geral pro tempore do Instituto Federal de Educacao, Ciencia e Tecnologia Catarinense - Campus Fraiburgo, no uso da competencia que lhe foi subdelegada pela Portaria n 161/2014, de 30/01/2014, publicada no Diario Oficial da Uniao de 03/02/2014, resolve:</p><p>Art. 1- DISPENSAR a servidora VERENE APARECIDA DE ARAUJO, Assistente de Alunos, Matricula SIAPE n 2269800, da funcao gratificada de Coordenadora de Assistencia Educacional, codigo FG-02, do Instituto Federal Catarinense - Campus Fraiburgo.</p><p>Art. 2-Esta portaria entra em vigor na data de publicacao.</p>]]></Texto>
    <Autores>
      <assina>FABIO JOSE RODRIGUES PINHEIRO</assina>
    </Autores>
  </body>
</article></xml>