﻿<xml><article id="1021664" name="rEMOCAO_DOU_19_12_MARCELO_OLIVEI" idOficio="4614358" pubName="DO2" artType="Portaria" pubDate="08/01/2018" artClass="00037:00040:00001:00001:00000:00000:00000:00000:00000:00000:00025:00003" artSection="Gabinete da Presidência" artCategory="Gabinete da Presidência" artSize="8" artNotes="" numberPage="54" pdfPage="http://pesquisa.in.gov.br/imprensa/jsp/visualiza/index.jsp?data=08/01/2018&amp;jornal=529&amp;pagina=54" editionNumber="5">
  <body>
    <Identifica><![CDATA[PORTARIA Nº 2.068, de 18 de dezembro de 2017]]></Identifica>
    <Data><![CDATA[]]></Data>
    <Ementa />
    <Titulo />
    <SubTitulo />
    <Texto><![CDATA[<p> O PRESIDENTE DO TRIBUNAL REGIONAL DO TRABALHO DA PRIMEIRA REGIÃO, no uso de suas atribuições legais e regimentais, e tendo em vista o contido no Processo PROAD nº 3538/2017, resolve:</p><p>I-Remover, a pedido, o servidor MARCELO FERRAZ DE OLIVEIRA, Analista Judiciário - Área Apoio Especializado, Especialidade: Tecnologia da Informação, do Quadro de Pessoal deste Regional, para o Tribunal Regional do Trabalho da Oitava Região, mediante permuta com o servidor ARTHUR WILLIANS FALCÃO TRENTO, Analista Judiciário - Área Apoio Especializado, Especialidade: Tecnologia da Informação, do Quadro de Pessoal do Tribunal Regional do Trabalho da Oitava Região, nos termos do inc. II do art. 36 da Lei nº 8.112/1990, do art. 20 da Lei nº 11.416/2006 c/c o inciso II do art. 7º e art.13 da Resolução CSJT nº 110/2012; </p><p>II-Esta portaria entra em vigor a partir de 8 de janeiro de 2018. </p><p> </p><p> </p>]]></Texto>
    <Autores>
      <assina>FERNANDO ANTONIO ZORZENON DA SILVA</assina>
    </Autores>
  </body>
</article></xml>