﻿<xml><article id="1164639" name="D 3515 Designar MARCO AURÉLIO PO" idOficio="4617643" pubName="DO2" artType="Portaria" pubDate="17/01/2018" artClass="00017:00001:00000:00000:00000:00000:00000:00000:00000:00000:00035:00001" artSection="Ministério da Saúde" artCategory="Gabinete do Ministro" artSize="8" artNotes="Liberada pela SAJ/Casa Civil" numberPage="34" pdfPage="http://pesquisa.in.gov.br/imprensa/jsp/visualiza/index.jsp?data=17/01/2018&amp;jornal=529&amp;pagina=34" editionNumber="12">
  <body>
    <Identifica><![CDATA[PORTARIA Nº 3.515, DE 19 DE DEZEMBRO DE 2017]]></Identifica>
    <Data><![CDATA[]]></Data>
    <Ementa />
    <Titulo />
    <SubTitulo />
    <Texto><![CDATA[<p> O CHEFE DE GABINETE DO MINISTRO DE ESTADO DA SAÚDE, no uso da competência que lhe foi delegada pela Portaria nº 761/GM/MS, de 13 de abril de 2011, resolve:</p><p>Designar MARCO AURÉLIO POTENGY DE MELLO, para exercer a Função Comissionada Técnica de Técnico em Organização Administrativa I, código FCT-08, nº 30F.0133, do Hospital Federal dos Servidores do Estado, do Departamento de Gestão Hospitalar do Estado no Rio de Janeiro, da Secretaria de Atenção à Saúde.</p>]]></Texto>
    <Autores>
      <assina>PAULO ROBERTO REBELLO FILHO</assina>
    </Autores>
  </body>
</article></xml>