﻿<xml><article id="960763" name="Port. 7039 - Designar - Maiquel " idOficio="4618234" pubName="DO2" artType="Portaria" pubDate="02/01/2018" artClass="00012:00065:00032:00000:00000:00000:00000:00000:00000:00000:00025:00001" artSection="Secretaria-Geral" artCategory="Secretaria-Geral" artSize="8" artNotes="" numberPage="110" pdfPage="http://pesquisa.in.gov.br/imprensa/jsp/visualiza/index.jsp?data=02/01/2018&amp;jornal=529&amp;pagina=110" editionNumber="1">
  <body>
    <Identifica><![CDATA[PORTARIA Nº 7.039, DE 21 DE DEZEMBRO DE 2017]]></Identifica>
    <Data><![CDATA[]]></Data>
    <Ementa />
    <Titulo />
    <SubTitulo />
    <Texto><![CDATA[<p> O SUPERINTENDENTE DA SUPERINTENDÊNCIA DE SEGUROS PRIVADOS - SUSEP, no uso das atribuições que lhe confere o inciso V do art. 73 do Regimento Interno de que trata a Resolução CNSP nº 346, de 2 de maio de 2017, conforme o inciso X do art. 1º da Portaria GMF nº 392, de 14 de julho de 2009, resolve: </p><p>Art. 1º  DESIGNAR o servidor FERNANDO JORGE FIGUEIREDO NAZARETH, matrícula Siape nº 1957913, CPF nº 090.797.667-04, para exercer a Função Comissionada de Coordenador Substituto da Coordenação de Licitações e Contratos - COLIC, da Coordenação-Geral de Administração e Finanças - CGEAF, código FCPE 101.3, nos eventuais impedimentos do titular.</p><p>Art. 2º  DISPENSAR o servidor MAIQUEL HENRI ELIAS CORDEIRO, matrícula Siape nº 1573237, CPF nº 098.387.297-01, da Função Comissionada de Coordenador Substituto da Coordenação de Licitações e Contratos - COLIC, da Coordenação-Geral de Administração e Finanças - CGEAF, código FCPE 101.3, para a qual foi designado pela Portaria nº 6.846, de 20 de março de 2017, publicada no DOU de 27 de março de 2017, Seção 2, Página 38.</p><p> Art. 3º  Esta Portaria entra em vigor na data de sua publicação.</p>]]></Texto>
    <Autores>
      <assina>JOAQUIM MENDANHA DE ATAÍDES</assina>
    </Autores>
  </body>
</article></xml>