﻿<xml><article id="960781" name="Portarias de 19 de dezembro de 2" idOficio="4618763" pubName="DO2" artType="Portaria" pubDate="02/01/2018" artClass="00011:00077:00012:00000:00000:00000:00000:00000:00000:00000:00025:00001" artSection="Campus Rio Grande" artCategory="Campus Rio Grande" artSize="8" artNotes="" numberPage="27" pdfPage="http://pesquisa.in.gov.br/imprensa/jsp/visualiza/index.jsp?data=02/01/2018&amp;jornal=529&amp;pagina=27" editionNumber="1">
  <body>
    <Identifica><![CDATA[PORTARIAS DE 19 DE DEZEMBRO DE 2017]]></Identifica>
    <Data><![CDATA[]]></Data>
    <Ementa />
    <Titulo />
    <SubTitulo />
    <Texto><![CDATA[<p> </p><p> O Diretor Geral do Campus Rio Grande, no uso das atribuições legais que lhe são conferidas pela Portaria nº. 318/2016 de 23/02/2016, publicada no Diário Oficial da União em 24/02/2016, seção 2, página 24, resolve: </p><p>Nº 267 - DISPENSAR o servidor RODRIGO JORGE MACEDO, Professor de Ensino Básico, Técnico e Tecnológico, Matrícula SIAPE nº 1646147, da função de Coordenador do Curso Técnico em Fabricação Mecânica, Código FUC-0001, Campus Rio Grande, a partir de 02 de janeiro de 2018.</p><p>Nº 268 - DESIGNAR o servidor FLAVIO GALDINO XAVIER, Professor de Ensino Básico, Técnico e Tecnológico, Matrícula SIAPE nº 1110953, para a função de Coordenador do Curso Técnico em Fabricação Mecânica, Código FUC-0001, Campus Rio Grande.</p><p> </p>]]></Texto>
    <Autores>
      <assina>ALEXANDRE JESUS DA SILVA MACHADO</assina>
    </Autores>
  </body>
</article></xml>