﻿<xml><article id="960685" name="Exoneração Raul DDE" idOficio="4616076" pubName="DO2" artType="Portaria" pubDate="02/01/2018" artClass="00011:00059:00009:00000:00000:00000:00000:00000:00000:00000:00025:00001" artSection="Campus Videira" artCategory="Campus Videira" artSize="8" artNotes="" numberPage="20" pdfPage="http://pesquisa.in.gov.br/imprensa/jsp/visualiza/index.jsp?data=02/01/2018&amp;jornal=529&amp;pagina=20" editionNumber="1">
  <body>
    <Identifica><![CDATA[PORTARIA nº 318, DE 15 DE DEZEMBRO DE 2017]]></Identifica>
    <Data><![CDATA[]]></Data>
    <Ementa />
    <Titulo />
    <SubTitulo />
    <Texto><![CDATA[<p> A Diretora-Geral do Instituto Federal de Educação, Ciência e Tecnologia Catarinense - Campus Videira, no uso da competência que lhe foi subdelegada pela Portaria nº 289/2016, de 26/01/2016, publicada no Diário Oficial da União de 27/01/2016 e Portaria nº 031/2012, de 09/01/2012, publicada no Diário Oficial da União de 11/01/2012, resolve:</p><p>Art.1º - EXONERAR, o servidor RAUL EDUARDO FERNANDEZ SALES, Matrícula Siape 1992399, do Cargo Comissionado de Diretor do Departamento de Desenvolvimento Educacional, Código CD-03, do Instituto Federal Catarinense - Campus Videira.</p><p>Art. 2º - Esta Portaria entra em vigor na data de sua publicação.</p>]]></Texto>
    <Autores>
      <assina>Rosângela Aguiar Adam</assina>
    </Autores>
  </body>
</article></xml>