﻿<xml><article id="1021667" name="PORT GP 308.2017 UBIRATAN" idOficio="4614364" pubName="DO2" artType="Portaria" pubDate="08/01/2018" artClass="00037:00045:00001:00000:00000:00000:00000:00000:00000:00000:00025:00001" artSection="Presidência" artCategory="Presidência" artSize="8" artNotes="" numberPage="56" pdfPage="http://pesquisa.in.gov.br/imprensa/jsp/visualiza/index.jsp?data=08/01/2018&amp;jornal=529&amp;pagina=56" editionNumber="5">
  <body>
    <Identifica><![CDATA[PORTARIA nº 308, de 18 de dezembro de 2017]]></Identifica>
    <Data><![CDATA[]]></Data>
    <Ementa />
    <Titulo />
    <SubTitulo />
    <Texto><![CDATA[<p> O DESEMBARGADOR PRESIDENTE DO TRIBUNAL REGIONAL DO TRABALHO DA SEXTA REGIÃO, no uso das suas atribuições legais e regimentais, tendo em vista o contido no PROAD n.° 21.211/2017 e CONSIDERANDO o disposto no inciso I do art. 2º da Resolução n.º 99/2012 do Conselho Superior da Justiça do Trabalho, resolve: </p><p>DESIGNAR o servidor JOSÉ MÁRCIO LOPES DA SILVA, ocupante do cargo de Técnico Judiciário, Área Administrativa, Especialidade Segurança, lotado na Vara do Trabalho de Garanhuns, para desempenhar as atribuições de Oficial de Justiça ad hoc, na referida unidade judiciária, tendo em vista as férias dos servidores Ivison Aragão Pereira e Emília Laura Mota Peixoto Resende, ocupantes do cargo de Analista Judiciário, Área Judiciária, Especialidade Oficial de Justiça Avaliador Federal, nos períodos de 08/01 a 27/01/2018 e de 29/01 a 07/02/2018, respectivamente, fazendo jus à indenização de transporte pelas diligências que realizar. Este Ato produzirá efeitos a partir da sua publicação. Publique-se.</p><p>                     </p><p> </p>]]></Texto>
    <Autores>
      <assina>IVAN DE SOUZA VALENÇA ALVES</assina>
    </Autores>
  </body>
</article></xml>