﻿<xml><article id="960787" name="IN Public. 018 2017 (1)" idOficio="4618938" pubName="DO2" artType="Portaria" pubDate="02/01/2018" artClass="00011:00059:00012:00000:00000:00000:00000:00000:00000:00000:00025:00001" artSection="Campus Blumenau" artCategory="Campus Blumenau" artSize="8" artNotes="" numberPage="21" pdfPage="http://pesquisa.in.gov.br/imprensa/jsp/visualiza/index.jsp?data=02/01/2018&amp;jornal=529&amp;pagina=21" editionNumber="1">
  <body>
    <Identifica><![CDATA[PORTARIAS DE 21 DE DEZEMBRO DE 2017]]></Identifica>
    <Data><![CDATA[]]></Data>
    <Ementa />
    <Titulo />
    <SubTitulo />
    <Texto><![CDATA[<p> A DIRETORA GERAL PRO TEMPORE DO INSTITUTO FEDERAL CATARINENSE - CAMPUS BLUMENAU, no uso da subdelegação de competência que lhe foi atribuída pela Portaria nº 929/2016 de 14/03/2016, publicada no Diário Oficial da União de 15/03/2016, resolve:</p><p>Nº 355 - Art. 1° - DISPENSAR a servidora SIMONE VOLTOLINI OLCZYK, Assistente de Alunos, Matrícula SIAPE N° 2134459, de exercer a Função Gratificada de Coordenadora da Secretaria Acadêmica (código FG 02) do IFC - Campus Blumenau, a partir de 02 de janeiro de 2018.</p><p>N° 356 - Art. 1° - DESIGNAR a servidora FLÁVIA REGINA BACK ocupante do cargo de Assistente em Administração, Matrícula SIAPE n° 1581026, para exercer a Função de Coordenação da Secretaria Acadêmica (código FG-02) do IFC - Campus Blumenau, a partir de 02 de janeiro de 2018.</p><p>N° 357 - DISPENSAR a servidora RÚBIA GRAZIELA DE SOUZA SAGAZ, ocupante do cargo de Assistente Social, Matrícula SIAPE n° 2165146, de exercer a Função Gratificada de Coordenadora de Assistência Educacional e Apoio Pedagógico (código FG - 02) do IFC - Campus Blumenau, a partir de 02 de janeiro de 2018.</p><p>N° 358 -  DESIGNAR a servidora SIMONE VOLTOLINI OLCZYK, Assistente de Alunos, Matrícula SIAPE N° 2134459, para exercer a Função Gratificada de Coordenadora de Assistência Educacional e Apoio Pedagógico (código FG 01) do IFC - Campus Blumenau, a partir de 02 de janeiro de 2018. </p><p>Nº 363 - DISPENSAR a servidora JOANA FONTANELA, ocupante do cargo de Técnica em Segurança do Trabalho, Matrícula SIAPE Nº 2163249, de exercer a Função Gratificada de Coordenação de Infraestrutura e Serviços (Código FG 03) do IFC - Campus Blumenau, a partir de 02/01/2018.</p><p>Nº 364 - DESIGNAR a servidora JOANA FONTANELA, ocupante do cargo de Técnica em Segurança do Trabalho, Matrícula SIAPE Nº 2163249, para exercer a Função Gratificada de Coordenação de Infraestrutura e Serviços (Código FG 02) do IFC - Campus Blumenau, a partir de 02/01/2018.</p><p>Nº 365 - DISPENSAR o servidor MARCELO LAUS AURÉLIO, ocupante do cargo de Técnico em Contabilidade, Matrícula SIAPE N° 2376839, da Função Gratificada de Pregoeiro (Código FG-04) do IFC -  Campus Blumenau, a partir de 02/01/2017.</p><p>Nº 366 - DESIGNAR o servidor MARCELO LAUS AURÉLIO, ocupante do cargo de Técnico em Contabilidade, Matrícula SIAPE N° 2376839, para a Função Gratificada de Pregoeiro (Código FG-03) a qual está vinculada, a Coordenação de Licitações e Contratos do IFC - Campus Blumenau, a partir de 02/01/2018.</p><p>Nº 367 - DISPENSAR o servidor MATEUS MORAES BUENO, Técnico em TI, Matrícula SIAPE N° 2010529, de exercer a Função de Coordenador de TI (código FG-04) do IFC - Campus Blumenau, a partir de 02/01/2018.</p><p>Nº 368 - DESIGNAR o servidor MATEUS MORAES BUENO, Técnico em TI, Matrícula SIAPE N° 2010529, para exercer a Função de Coordenador de TI (código FG-02) do IFC - Campus Blumenau, a partir de 02/01/2018.</p><p>Nº 369 - DISPENSAR a pedido, a servidora CÁSSIA ALINE SCHUCK, ocupante do Cargo de Professora de Ensino Básico, Técnico e Tecnológico, Matrícula SIAPE nº 2290648, de exercer a Função Gratificada de Coordenadora de Pesquisa, código FG-02, no IFC - Campus Blumenau, a partir de 02/01/2018. </p><p>Nº 370 - DESIGNAR o servidor RIAD MATTOS NASSIFFE, ocupante do Cargo de Professor de Ensino Básico, Técnico e Tecnológico, Matrícula SIAPE nº 2277054, para exercer a Função Gratificada de Coordenador de Pesquisa, código FG-02, no IFC - Campus Blumenau, a partir de 02/01/2018.</p><p>Nº 371 - DISPENSAR a servidora ELAINE CAROLINE DOS SANTOS, Assistente em Administração, Matrícula SIAPE N° 2125028, de exercer a Função de Gestora de Finanças (código FG-02) do IFC - Campus Blumenau, a partir de 02/01/2018</p><p>Nº 372 - DESIGNAR a servidora ELAINE CAROLINE DOS SANTOS, Assistente em Administração, Matrícula SIAPE N° 2125028, para exercer a Função de Gestora de Finanças (código FG-01) do IFC - Campus Blumenau, a partir de 02/01/2018.</p><p>Nº 373 - DISPENSAR a servidora CRISTIANE WESTPHAL, Assistente em Administração, Matrícula SIAPE Nº 2125098, de exercer a Função de Coordenação de Licitações e Contratos (código FG-01) do IFC - Campus Blumenau, a partir de 02/01/2018.</p><p>Nº 374 -  DISPENSAR a servidora SUZAN MÉRILY TIERLING KAESTNER, ocupante do Cargo de Assistente em Administração, Matrícula SIAPE nº 2125358, de exercer a Função Gratificada de Chefe de Gabinete, código FG-01, no IFC - Campus Blumenau, a partir de 02/01/2018. </p><p>Nº 375 - DESIGNAR a servidora SAMARA DOS SANTOS, ocupante do Cargo de Tradutora/Intérprete da Linguagem de Sinais, Matrícula SIAPE nº 2379455, para exercer a Função Gratificada de Chefe de Gabinete, código FG-02, no IFC - Campus Blumenau, a partir de 02/01/2018. </p><p>Nº 376 - DESIGNAR a servidora SUZAN MÉRILY TIERLING KAESTNER, Assistente em Administração, Matrícula SIAPE Nº 2125358, para exercer a Função de Coordenação de Licitações e Contratos (código FG-01) do IFC - Campus Blumenau, a partir de 02/01/2018.</p><p>Art.: 2° - Estas portarias  entram em vigor a partir da data da publicação.</p>]]></Texto>
    <Autores>
      <assina>Marilane Maria Wolff Paim</assina>
    </Autores>
  </body>
</article></xml>