﻿<xml><article id="960658" name="Portaria Aposentadoria - Auditor" idOficio="4614589" pubName="DO2" artType="Portaria" pubDate="02/01/2018" artClass="00007:00003:00063:00000:00000:00000:00000:00000:00000:00000:00025:00001" artSection="Superintendência Federal no Estado do Mato Grosso do Sul" artCategory="Superintendência Federal no Estado do Mato Grosso do Sul" artSize="8" artNotes="" numberPage="5" pdfPage="http://pesquisa.in.gov.br/imprensa/jsp/visualiza/index.jsp?data=02/01/2018&amp;jornal=529&amp;pagina=5" editionNumber="1">
  <body>
    <Identifica><![CDATA[PORTARIA Nº 161, de 11 de dezembro de 2017]]></Identifica>
    <Data><![CDATA[]]></Data>
    <Ementa />
    <Titulo />
    <SubTitulo />
    <Texto><![CDATA[<p> O Superintendente Federal de Agricultura, Pecuária e Abastecimento no Estado de Mato Grosso do Sul, usando da competência delegada através da Portaria nº 1.766, de 02 de agosto de 2016, publicada no DOU de 03 de agosto de 2016, e de conformidade com o artigo 44 do regimento Interno das SFA's, aprovado pela Portaria Ministerial nº 428 de 09 de junho de 2010, publicada no DOU de 14 de junho de 2010, resolve:</p><p> Conceder aposentadoria voluntária com proventos integrais ao servidor ORLANDO BAEZ, ocupante do cargo de Auditor Fiscal Federal Agropecuário, matrícula SIAPE nº 7580, Nivel "NS", Classe "S", padrão IV do Quadro de Pessoal deste Ministério, com fundamento no artigo 3° da Emenda Constitucional nº 47/2005 (Processo 21026.006337/2017-69).</p><p> </p><p> O Superintendente Federal de Agricultura, Pecuária e Abastecimento no Estado de Mato Grosso do Sul, usando da competência delegada através da Portaria nº 1.766, de 02 de agosto de 2016, publicada no DOU de 03 de agosto de 2016, e de conformidade com o artigo 44 do regimento Interno das SFA's, aprovado pela Portaria Ministerial nº 428 de 09 de junho de 2010, publicada no DOU de 14 de junho de 2010, resolve:</p><p> Conceder aposentadoria voluntária com proventos integrais ao servidor JAIR BALERONI, ocupante do cargo de Auditor Fiscal Federal Agropecuário, matrícula SIAPE nº 7588, Nivel "NS", Classe "S", padrão IV, do Quadro de Pessoal deste Ministério, com fundamento no artigo 3°, da Emenda Constitucional nº 47/2005 (Processo 21026.006223/2017-19).</p><p> </p>]]></Texto>
    <Autores>
      <assina>CELSO DE SOUZA MARTINS</assina>
      <assina>CELSO DE SOUZA MARTINS</assina>
    </Autores>
  </body>
</article></xml>