﻿<xml><article id="961387" name="PRFB4745a4870" idOficio="4622210" pubName="DO2" artType="Portaria" pubDate="02/01/2018" artClass="00012:00055:00000:00000:00000:00000:00000:00000:00000:00000:00025:00010" artSection="Ministério da Fazenda" artCategory="Secretaria da Receita Federal do Brasil" artSize="8" artNotes="" numberPage="65-66-73" pdfPage="http://pesquisa.in.gov.br/imprensa/jsp/visualiza/index.jsp?data=02/01/2018&amp;jornal=529&amp;pagina=65,http://pesquisa.in.gov.br/imprensa/jsp/visualiza/index.jsp?data=02/01/2018&amp;jornal=529&amp;pagina=66,http://pesquisa.in.gov.br/imprensa/jsp/visualiza/index.jsp?data=02/01/2018&amp;jornal=529&amp;pagina=73" editionNumber="1">
  <body>
    <Identifica><![CDATA[PORTARIAS DE 26 DE DEZEMBRO DE 2017]]></Identifica>
    <Data><![CDATA[]]></Data>
    <Ementa />
    <Titulo />
    <SubTitulo />
    <Texto><![CDATA[<p> O SECRETÁRIO DA RECEITA FEDERAL DO BRASIL, no uso das competências que lhe foram delegada e subdelegada, respectivamente, pelas Portarias MF nºs 392 e 393, de 14 de julho de 2009, alteradas pela Portaria MF nº 100, de 28 de março de 2017, resolve: </p><p>Nº 4.745 Designar a Analista Técnico-Administrativo THATIANY MENDES DE OLIVEIRA SANTIAGO, matrícula SiapeCad nº 01898796, para exercer a Função Gratificada de Chefe da Seção de Planejamento, Avaliação e Controle - Sapav da Superintendência Regional da Receita Federal do Brasil da 1ª Região Fiscal (DF), Código FG-1.</p><p>Nº 4.746 Designar a Auditora-Fiscal da Receita Federal do Brasil ELISABETH REINALDO, matrícula SiapeCad nº 01770616, para exercer a Função Gratificada de Chefe da Equipe de Arrecadação e Cobrança - EAC/2 da Superintendência Regional da Receita Federal do Brasil da 1ª Região Fiscal (DF), Código FG-1.</p><p>Nº 4.747 Designar o Auditor-Fiscal da Receita Federal do Brasil CLEDILSON DE JESUS CAMARA VIANA, matrícula SiapeCad nº 00012844, para exercer a Função Comissionada do Poder Executivo de Chefe do Serviço de Fiscalização dos Maiores Contribuintes - Sefim da Superintendência Regional da Receita Federal do Brasil da 1ª Região Fiscal (DF), Código FCPE-101.1.</p><p>Nº 4.748 Designar o Auditor-Fiscal da Receita Federal do Brasil ILAN BRUNO GUIMARAES DE SOUZA, matrícula SiapeCad nº 00087619, para exercer a Função Comissionada do Poder Executivo de Chefe do Serviço Regional de Programação, Avaliação e Controle da Atividade Fiscal - Sepac da Superintendência Regional da Receita Federal do Brasil da 1ª Região Fiscal (DF), Código FCPE-101.1.</p><p>Nº 4.749 Designar o Auditor-Fiscal da Receita Federal do Brasil ELMIR FERREIRA MANRIQUE, matrícula SiapeCad nº 00064103, para exercer a Função Comissionada do Poder Executivo de Chefe da Divisão de Vigilância e Repressão ao Contrabando e Descaminho - Direp da Superintendência Regional da Receita Federal do Brasil da 1ª Região Fiscal (DF), Código FCPE-101.2.</p><p>Nº 4.750 Designar a Auditora-Fiscal da Receita Federal do Brasil LILIAN SOUZA RODRIGUES POVOA, matrícula SiapeCad nº 01291538, para exercer o encargo de Substituto Eventual do Chefe da Divisão de Vigilância e Repressão ao Contrabando e Descaminho - Direp da Superintendência Regional da Receita Federal do Brasil da 1ª Região Fiscal (DF), Código FCPE-101.2.</p><p>Nº 4.751 Designar o Auditor-Fiscal da Receita Federal do Brasil DANIEL SARAIVA MAGALHAES, matrícula SiapeCad nº 01951470, para exercer a Função Gratificada de Chefe da Seção de Operações de Vigilância e Repressão ao Contrabando e Descaminho - Saope da Superintendência Regional da Receita Federal do Brasil da 1ª Região Fiscal (DF), Código FG-1.</p><p>Nº 4.752 Designar o Analista-Tributário da Receita Federal do Brasil VICTOR DANIEL GOMES, matrícula SiapeCad nº 01524315, para exercer a Função Comissionada do Poder Executivo de Chefe do Serviço de Programação e Logística - Sepol da Superintendência Regional da Receita Federal do Brasil da 1ª Região Fiscal (DF), Código FCPE-101.1.</p><p>Nº 4.753 Designar o Analista-Tributário da Receita Federal do Brasil DREYFUS DIOGENES DE LIMA, matrícula SiapeCad nº 01877543, para exercer a Função Gratificada de Chefe da Seção de Licitações - Salic da Superintendência Regional da Receita Federal do Brasil da 1ª Região Fiscal (DF), Código FG-1.</p><p>Nº 4.754 Designar a Analista-Tributário da Receita Federal do Brasil WU ZHUOFAN, matrícula SiapeCad nº 01811491, para exercer a Função Gratificada de Chefe da Seção de Orçamento e Finanças - Saofi da Superintendência Regional da Receita Federal do Brasil da 1ª Região Fiscal (DF), Código FG-1.</p><p>Nº 4.755 Designar o Analista-Tributário da Receita Federal do Brasil FELIX VALOIS RODRIGUES ARAUJO, matrícula SiapeCad nº 00006610, para exercer a Função Gratificada de Chefe do Núcleo de Contabilidade - Nutab da Superintendência Regional da Receita Federal do Brasil da 1ª Região Fiscal (DF), Código FG-3.</p><p>Nº 4.756 Designar o Analista-Tributário da Receita Federal do Brasil JOSE ROMES DOS SANTOS, matrícula SiapeCad nº 01130948, para exercer a Função Comissionada do Poder Executivo de Chefe do Serviço de Mercadorias Apreendidas - Semap da Superintendência Regional da Receita Federal do Brasil da 1ª Região Fiscal (DF), Código FCPE-101.1.</p><p>Nº 4.757 Designar o Agente Administrativo VALTER IMFELD, matrícula SiapeCad nº 00007163, para exercer o encargo de Substituto Eventual do Chefe do Serviço de Mercadorias Apreendidas - Semap da Superintendência Regional da Receita Federal do Brasil da 1ª Região Fiscal (DF), Código FCPE-101.1.</p><p>Nº 4.758 Designar o Auditor-Fiscal da Receita Federal do Brasil JOAO PAULO OSORIO FLORES, matrícula SiapeCad nº 00015156, para exercer a Função Comissionada do Poder Executivo de Chefe da Divisão de Tecnologia e Segurança da Informação - Ditec da Superintendência Regional da Receita Federal do Brasil da 1ª Região Fiscal (DF), Código FCPE-101.2.</p><p>Nº 4.759 Designar o Analista-Tributário da Receita Federal do Brasil HAROLDO MORENO DA SILVA, matrícula SiapeCad nº 01291895, para exercer o encargo de Substituto Eventual do Chefe da Divisão de Tecnologia e Segurança da Informação - Ditec da Superintendência Regional da Receita Federal do Brasil da 1ª Região Fiscal (DF), Código FCPE-101.2.</p><p>Nº 4.760 Designar o Analista-Tributário da Receita Federal do Brasil MARCO ANTONIO SAMPAIO CANCADO FILHO, matrícula SiapeCad nº 01571426, para exercer a Função Comissionada do Poder Executivo de Chefe do Serviço de Tecnologia e Segurança da Informação - Setec da Superintendência Regional da Receita Federal do Brasil da 1ª Região Fiscal (DF), Código FCPE-101.1.</p><p>Nº 4.761 Designar o Analista-Tributário da Receita Federal do Brasil HAROLDO MORENO DA SILVA, matrícula SiapeCad nº 01291895, para exercer a Função Gratificada de Chefe da Seção de Gestão de Serviços - Sages da Superintendência Regional da Receita Federal do Brasil da 1ª Região Fiscal (DF), Código FG-1.</p><p>Nº 4.762 Designar o Analista-Tributário da Receita Federal do Brasil JOAO LOPES BATISTA FILHO, matrícula SiapeCad nº 01131611, para exercer a Função Gratificada de Chefe da Seção de Gestão Regional do Ambiente Informatizado - Sainf da Superintendência Regional da Receita Federal do Brasil da 1ª Região Fiscal (DF), Código FG-1.</p><p>Nº 4.763 Designar o Analista-Tributário da Receita Federal do Brasil JOAO EMILIO LIMA DA SILVA, matrícula SiapeCad nº 00012794, para exercer a Função Gratificada de Chefe da Seção de Gestão Regional de Segurança da Informação - Saseg da Superintendência Regional da Receita Federal do Brasil da 1ª Região Fiscal (DF), Código FG-1.</p><p>Nº 4.764 Designar o Analista-Tributário da Receita Federal do Brasil PAULO DA SILVEIRA LIMA JUNIOR, matrícula SiapeCad nº 01292676, para exercer a Função Gratificada de Chefe da Seção de Cadastramento Regional - Sacti da Superintendência Regional da Receita Federal do Brasil da 1ª Região Fiscal (DF), Código FG-1.</p><p>Nº 4.765 Designar o Analista Técnico-Administrativo HENRIQUE SYDNEY RIBEIRO LIMA, matrícula SiapeCad nº 01899181, para exercer a Função Comissionada do Poder Executivo de Chefe do Serviço de Gestão de Pessoas - Segep da Superintendência Regional da Receita Federal do Brasil da 1ª Região Fiscal (DF), Código FCPE-101.1.</p><p>Nº 4.766 Designar a Analista Técnico-Administrativo ALESSANDRA PIMENTEL, matrícula SiapeCad nº 01902365, para exercer o encargo de Substituto Eventual do Chefe do Serviço de Gestão de Pessoas - Segep da Superintendência Regional da Receita Federal do Brasil da 1ª Região Fiscal (DF), Código FCPE-101.1.</p><p>Nº 4.767 Designar o Analista Técnico-Administrativo EPI JOSE BENVINDO, matrícula SiapeCad nº 01898895, para exercer a Função Gratificada de Chefe da Seção de Administração de Pessoas - Saape da Superintendência Regional da Receita Federal do Brasil da 1ª Região Fiscal (DF), Código FG-1.</p><p>Nº 4.768 Designar o Assistente Técnico-Administrativo ALBERTO JOSE PAES LEME JOTA, matrícula SiapeCad nº 01906600, para exercer a Função Gratificada de Chefe da Seção de Pagamento de Pessoal - Sapag da Superintendência Regional da Receita Federal do Brasil da 1ª Região Fiscal (DF), Código FG-1.</p><p>Nº 4.769 Designar o Analista-Tributário da Receita Federal do Brasil PAULO ROBERTO MACIEL, matrícula SiapeCad nº 01878472, para exercer a Função Gratificada de Chefe da Seção de Desenvolvimento, Capacitação e Gestão de Desempenho - Sadec da Superintendência Regional da Receita Federal do Brasil da 1ª Região Fiscal (DF), Código FG-1.</p><p>Nº 4.770 Designar a Agente Administrativo ELIETE SILVA DE MENEZES BRANDAO, matrícula SiapeCad nº 00003234, para exercer a Função Gratificada de Chefe do Núcleo de Valorização e Qualidade de Vida no Trabalho - Nuvaq da Superintendência Regional da Receita Federal do Brasil da 1ª Região Fiscal (DF), Código FG-3.</p><p>Nº 4.771 Designar a Analista Técnico-Administrativo ALESSANDRA PIMENTEL, matrícula SiapeCad nº 01902365, para exercer a Função Gratificada de Chefe da Seção de Legislação de Pessoal - Salep da Superintendência Regional da Receita Federal do Brasil da 1ª Região Fiscal (DF), Código FG-1.</p><p>Nº 4.772 Designar o Analista-Tributário da Receita Federal do Brasil LUIS PAULO BIAZOLO VIEIRA, matrícula SiapeCad nº 00012381, para exercer a Função Gratificada de Chefe da Equipe de Programação, Avaliação e Controle da Atividade Fiscal 1 - Eqpac1 da Superintendência Regional da Receita Federal do Brasil da 1ª Região Fiscal (DF), Código FG-1.</p><p>Nº 4.773 Designar o Auditor-Fiscal da Receita Federal do Brasil HUGO RODRIGUES LIMA, matrícula SiapeCad nº 01815766, para exercer a Função Gratificada de Chefe da Equipe Aduaneira 1 - EAD1 da Superintendência Regional da Receita Federal do Brasil da 1ª Região Fiscal (DF), Código FG-1.</p><p>Nº 4.774 Designar o Auditor-Fiscal da Receita Federal do Brasil GREISON FERREIRA DE SOUSA, matrícula SiapeCad nº 01953381, para exercer a Função Gratificada de Chefe da Equipe de Vigilância e Repressão 1 - EVR1 da Superintendência Regional da Receita Federal do Brasil da 1ª Região Fiscal (DF), Código FG-1.</p><p>Nº 4.775 Designar a Analista-Tributário da Receita Federal do Brasil ALEXSANDRA BICALHO, matrícula SiapeCad nº 01292848, para exercer a Função Comissionada do Poder Executivo de Chefe do Serviço de Controle da Rede Arrecadadora - Searf da Delegacia da Receita Federal do Brasil em Brasilia (DF), Código FCPE-101.1.</p><p>Nº 4.776 Designar o Analista-Tributário da Receita Federal do Brasil LUCIANO LOPES DIAS, matrícula SiapeCad nº 01293933, para exercer o encargo de Substituto Eventual do Chefe do Serviço de Controle da Rede Arrecadadora - Searf da Delegacia da Receita Federal do Brasil em Brasilia (DF), Código FCPE-101.1.</p><p>Nº 4.777 Designar o Analista-Tributário da Receita Federal do Brasil FELIPE MARTINS PINHEIRO SILVA, matrícula SiapeCad nº 01266055, para exercer a Função Gratificada de Chefe da Equipe de Arrecadação e Cobrança 11 - EAC11 da Delegacia da Receita Federal do Brasil em Brasilia (DF), Código FG-1.</p><p>Nº 4.778 Designar o Auditor-Fiscal da Receita Federal do Brasil MARCO AURELIO GUIRAUD SANTOS, matrícula SiapeCad nº 01291998, para exercer a Função Gratificada de Chefe da Equipe de Arrecadação e Cobrança 12 - EAC12 da Delegacia da Receita Federal do Brasil em Brasilia (DF), Código FG-1.</p><p>Nº 4.779 Designar o Auditor-Fiscal da Receita Federal do Brasil FABRICIO RAYMUNDO DE SOUSA SOARES, matrícula SiapeCad nº 01295064, para exercer a Função Comissionada do Poder Executivo de Chefe da Equipe de Fiscalização 10 - EFI10 da Delegacia da Receita Federal do Brasil em Brasilia (DF), Código FCPE-101.1.</p><p>Nº 4.780 Designar o Auditor-Fiscal da Receita Federal do Brasil GILBERTO GOES STAICHOK, matrícula SiapeCad nº 00880712, para exercer o encargo de Substituto Eventual do Chefe da Equipe de Fiscalização 10 - EFI10 da Delegacia da Receita Federal do Brasil em Brasilia (DF), Código FCPE-101.1.</p><p>Nº 4.781 Designar o Auditor-Fiscal da Receita Federal do Brasil SEBASTIAO AUGUSTO DE OLIVEIRA, matrícula SiapeCad nº 00878679, para exercer a Função Gratificada de Chefe da Equipe de Informação Fiscal 1 - EIF1 da Delegacia da Receita Federal do Brasil em Brasilia (DF), Código FG-1.</p><p>Nº 4.782 Designar a Analista-Tributário da Receita Federal do Brasil ANDREA PINHEIRO BRASIL DE CARVALHO, matrícula SiapeCad nº 01293227, para exercer a Função Gratificada de Chefe da Equipe de Tecnologia e Segurança da Informação 1 - ETI1 da Delegacia da Receita Federal do Brasil em Brasilia (DF), Código FG-3.</p><p>Nº 4.783 Nomear o Auditor-Fiscal da Receita Federal do Brasil ALEXANDRE MARTINS ANGOTI, matrícula SiapeCad nº 00064943, para exercer o cargo em comissão de Delegado da Alfândega da Receita Federal do Brasil no Aeroporto Internacional de Brasilia (DF), Código DAS-101.2.</p><p>Nº 4.784 Designar o Auditor-Fiscal da Receita Federal do Brasil LUIS EMILIO VINUEZA MARTINS, matrícula SiapeCad nº 00013787, para exercer o encargo de Substituto Eventual do Delegado da Alfândega da Receita Federal do Brasil no Aeroporto Internacional de Brasilia (DF), Código DAS-101.2.</p><p>Nº 4.785 Designar o Auditor-Fiscal da Receita Federal do Brasil LUIS EMILIO VINUEZA MARTINS, matrícula SiapeCad nº 00013787, para exercer a Função Comissionada do Poder Executivo de Delegado Adjunto da Alfândega da Receita Federal do Brasil no Aeroporto Internacional de Brasilia (DF), Código FCPE-101.1.</p><p>Nº 4.786 Designar o Auditor-Fiscal da Receita Federal do Brasil CARLOS ALBERTO GOMES DE FREITAS JUNIOR, matrícula SiapeCad nº 00064894, para exercer a Função Gratificada de Chefe da Seção de Assessoramento Técnico Aduaneiro - Saata da Alfândega da Receita Federal do Brasil no Aeroporto Internacional de Brasilia (DF), Código FG-1.</p><p>Nº 4.787 Designar o Auditor-Fiscal da Receita Federal do Brasil FELIPE JEZINI NETTO, matrícula SiapeCad nº 01292560, para exercer a Função Gratificada de Chefe da Seção de Conferência de Bagagem - Sabag da Alfândega da Receita Federal do Brasil no Aeroporto Internacional de Brasilia (DF), Código FG-1.</p><p>Nº 4.788 Designar o Auditor-Fiscal da Receita Federal do Brasil ROBSON DE MELO RIBEIRO, matrícula SiapeCad nº 00076230, para exercer a Função Comissionada do Poder Executivo de Chefe do Serviço de Controle Aduaneiro Pós Despacho - Secap da Alfândega da Receita Federal do Brasil no Aeroporto Internacional de Brasilia (DF), Código FCPE-101.1.</p><p>Nº 4.789 Designar o Auditor-Fiscal da Receita Federal do Brasil GUSTAVO HENRIQUE SOUSA FERREIRA, matrícula SiapeCad nº 01292331, para exercer o encargo de Substituto Eventual do Chefe do Serviço de Controle Aduaneiro Pós Despacho - Secap da Alfândega da Receita Federal do Brasil no Aeroporto Internacional de Brasilia (DF), Código FCPE-101.1.</p><p>Nº 4.790 Designar o Auditor-Fiscal da Receita Federal do Brasil JONIO SILVEIRA IBIAPINA, matrícula SiapeCad nº 00881585, para exercer a Função Gratificada de Chefe da Seção de Vigilância Aduaneira - Savig da Alfândega da Receita Federal do Brasil no Aeroporto Internacional de Brasilia (DF), Código FG-1.</p><p>Nº 4.791 Designar a Auditora-Fiscal da Receita Federal do Brasil ALIANA OLIVEIRA LOPES, matrícula SiapeCad nº 01221692, para exercer a Função Gratificada de Chefe da Seção de Gestão de Riscos Aduaneiros - Sarad da Alfândega da Receita Federal do Brasil no Aeroporto Internacional de Brasilia (DF), Código FG-1.</p><p>Nº 4.792 Designar o Auditor-Fiscal da Receita Federal do Brasil RODRIGO MAURO DE MELLO MENDES PINTO, matrícula SiapeCad nº 00718744, para exercer a Função Gratificada de Chefe da Equipe de Vigilância e Repressão 1 - EVR1 da Alfândega da Receita Federal do Brasil no Aeroporto Internacional de Brasilia (DF), Código FG-3.</p><p>Nº 4.793 Designar o Analista Técnico-Administrativo IGOR KIYOSHI SOUSA KIMURA, matrícula SiapeCad nº 01899230, para exercer a Função Gratificada de Chefe da Equipe de Logística 1 - ELG1 da Alfândega da Receita Federal do Brasil no Aeroporto Internacional de Brasilia (DF), Código FG-1.</p><p>Nº 4.794 Designar o Analista-Tributário da Receita Federal do Brasil FRANCISCO JOSE AVELINO DE AZEVEDO, matrícula SiapeCad nº 00057962, para exercer a Função Gratificada de Chefe da Equipe de Tecnologia e Segurança da Informação 1 - ETI1 da Alfândega da Receita Federal do Brasil no Aeroporto Internacional de Brasilia (DF), Código FG-1.</p><p>Nº 4.795 Designar o Analista-Tributário da Receita Federal do Brasil WALTER ROBERTO ALVES ARAUJO, matrícula SiapeCad nº 01213858, para exercer a Função Gratificada de Chefe da Equipe de Gestão de Pessoas 1 - EGP1 da Alfândega da Receita Federal do Brasil no Aeroporto Internacional de Brasilia (DF), Código FG-1.</p><p>Nº 4.796 Designar o Analista-Tributário da Receita Federal do Brasil REGINALDO PEREIRA DE ARAUJO SOBRINHO, matrícula SiapeCad nº 00014160, para exercer a Função Gratificada de Chefe da Equipe Aduaneira - EAD/3 da Alfândega da Receita Federal do Brasil no Aeroporto Internacional de Brasilia (DF), Código FG-1.</p><p>Nº 4.797 Designar o Auditor-Fiscal da Receita Federal do Brasil ANTONIO MOREIRA DA SILVA JUNIOR, matrícula SiapeCad nº 00011804, para exercer a Função Gratificada de Chefe da Seção de Vigilância e Repressão ao Contrabando e Descaminho - Sarep da Delegacia da Receita Federal do Brasil em Goiania (GO), Código FG-1.</p><p>Nº 4.798 Designar o Analista-Tributário da Receita Federal do Brasil ALEXANDRE AUGUSTO STACCIARINI, matrícula SiapeCad nº 01214793, para exercer a Função Comissionada do Poder Executivo de Chefe do Serviço de Tecnologia e Segurança da Informação - Setec da Delegacia da Receita Federal do Brasil em Goiania (GO), Código FCPE-101.1.</p><p>Nº 4.799 Designar o Analista-Tributário da Receita Federal do Brasil ANTONINO AMADO SANTOS PINHAL, matrícula SiapeCad nº 01570725, para exercer o encargo de Substituto Eventual do Chefe do Serviço de Tecnologia e Segurança da Informação - Setec da Delegacia da Receita Federal do Brasil em Goiania (GO), Código FCPE-101.1.</p><p>Nº 4.800 Designar o Analista-Tributário da Receita Federal do Brasil JOSE ALVES PESSOA, matrícula SiapeCad nº 00015169, para exercer a Função Comissionada do Poder Executivo de Chefe do Centro de Atendimento ao Contribuinte - CAC da Delegacia da Receita Federal do Brasil em Goiania (GO), Código FCPE-101.1.</p><p>Nº 4.801 Designar a Analista-Tributário da Receita Federal do Brasil LORENA CIPRIANO DE ASSIS MARQUES, matrícula SiapeCad nº 01291400, para exercer o encargo de Substituto Eventual do Chefe do Centro de Atendimento ao Contribuinte - CAC da Delegacia da Receita Federal do Brasil em Goiania (GO), Código FCPE-101.1.</p><p>Nº 4.802 Designar a Analista-Tributário da Receita Federal do Brasil AURELENE DA SILVA, matrícula SiapeCad nº 00088804, para exercer a Função Gratificada de Chefe da Equipe de Arrecadação e Cobrança 9 - EAC9 da Delegacia da Receita Federal do Brasil em Goiania (GO), Código FG-3.</p><p>Nº 4.803 Designar o Auditor-Fiscal da Receita Federal do Brasil RICARDO SKAF ABDALA, matrícula SiapeCad nº 00065307, para exercer a Função Gratificada de Chefe da Equipe de Arrecadação e Cobrança 7 - EAC7 da Delegacia da Receita Federal do Brasil em Goiania (GO), Código FG-1.</p><p>Nº 4.804 Designar a Analista-Tributário da Receita Federal do Brasil ISABELA BORTOLETTO BOSCOLO, matrícula SiapeCad nº 00087882, para exercer a Função Gratificada de Chefe da Equipe de Arrecadação e Cobrança 8 - EAC8 da Delegacia da Receita Federal do Brasil em Goiania (GO), Código FG-1.</p><p>Nº 4.805 Designar o Analista-Tributário da Receita Federal do Brasil AURELIO BERTI, matrícula SiapeCad nº 01293774, para exercer a Função Gratificada de Chefe da Equipe de Arrecadação e Cobrança 10 - EAC10 da Delegacia da Receita Federal do Brasil em Goiania (GO), Código FG-2.</p><p>Nº 4.806 Designar o Auditor-Fiscal da Receita Federal do Brasil JOAO ANDRE XAVIER ROCHA, matrícula SiapeCad nº 01250518, para exercer a Função Gratificada de Chefe da Equipe de Informação Fiscal 1 - EIF1 da Delegacia da Receita Federal do Brasil em Goiania (GO), Código FG-1.</p><p>Nº 4.807 Designar o Analista-Tributário da Receita Federal do Brasil MARCELO VELOSO NASCIMENTO, matrícula SiapeCad nº 01292548, para exercer a Função Gratificada de Chefe da Equipe de Logística 1 - ELG1 da Delegacia da Receita Federal do Brasil em Goiania (GO), Código FG-2.</p><p>Nº 4.808 Designar o Analista-Tributário da Receita Federal do Brasil NELSON D ABADIA GOMES, matrícula SiapeCad nº 01813763, para exercer a Função Gratificada de Chefe da Seção de Gestão Corporativa - Sacor da Delegacia da Receita Federal do Brasil em Anapolis (GO), Código FG-1.</p><p>Nº 4.809 Designar o Analista-Tributário da Receita Federal do Brasil JOAO BOSCO SAVIO CAVALCANTI DE ALBUQUERQUE JUNIOR, matrícula SiapeCad nº 01230761, para exercer a Função Comissionada do Poder Executivo de Chefe do Serviço de Tecnologia e Segurança da Informação - Setec da Delegacia da Receita Federal do Brasil em Cuiaba (MT), Código FCPE-101.1.</p><p>Nº 4.810 Designar o Analista-Tributário da Receita Federal do Brasil JOAO ANTONIO POLICARPO NETO, matrícula SiapeCad nº 01130662, para exercer o encargo de Substituto Eventual do Chefe do Serviço de Tecnologia e Segurança da Informação - Setec da Delegacia da Receita Federal do Brasil em Cuiaba (MT), Código FCPE-101.1.</p><p>Nº 4.811 Designar o Auditor-Fiscal da Receita Federal do Brasil RAIMUNDO ROBERTO SARI MENDES, matrícula SiapeCad nº 01571058, para exercer a Função Gratificada de Chefe da Equipe de Fiscalização - EFI/1 da Delegacia da Receita Federal do Brasil em Cuiaba (MT), Código FG-1.</p><p>Nº 4.812 Designar o Auditor-Fiscal da Receita Federal do Brasil RICARDO PEREIRA FEITOSA, matrícula SiapeCad nº 01170795, para exercer a Função Gratificada de Chefe da Equipe de Informação Fiscal 1 - EIF1 da Delegacia da Receita Federal do Brasil em Cuiaba (MT), Código FG-1.</p><p>Nº 4.813 Designar o Analista-Tributário da Receita Federal do Brasil ALESSANDRO MARCELLO DA CRUZ SILVA, matrícula SiapeCad nº 01214535, para exercer a Função Gratificada de Agente da Receita Federal do Brasil em Rondonopolis (MT), jurisdição da Delegacia da Receita Federal do Brasil em Cuiaba (MT), Código FG-1.</p><p>Nº 4.814 Designar o Analista-Tributário da Receita Federal do Brasil DANIEL FREITAS LINO OLIVEIRA, matrícula SiapeCad nº 01292160, para exercer a Função Gratificada de Chefe da Equipe de Atendimento ao Contribuinte 01 da Agência da Receita Federal do Brasil em Rondonopolis (MT), jurisdição da Delegacia da Receita Federal do Brasil em Cuiaba (MT), Código FG-3.</p><p>Nº 4.815 Designar a Datilógrafo JUSARA MARIA DA CRUZ, matrícula SiapeCad nº 00825090, para exercer a Função Gratificada de Chefe de Posto de Atendimento em Diamantino (MT), jurisdição da Delegacia da Receita Federal do Brasil em Cuiaba (MT), Código FG-3.</p><p>Nº 4.816 Designar a Auditora-Fiscal da Receita Federal do Brasil ADRIANA PERTILE, matrícula SiapeCad nº 01213912, para exercer a Função Gratificada de Chefe da Seção de Administração Aduaneira - Saana da Inspetoria da Receita Federal do Brasil em Caceres (MT), jurisdição da Delegacia da Receita Federal do Brasil em Cuiaba (MT), Código FG-1.</p><p>Nº 4.817 Designar o Auditor-Fiscal da Receita Federal do Brasil ALEXANDRE BALDASSIN VERDE SELVA, matrícula SiapeCad nº 01815190, para exercer a Função Gratificada de Chefe da Seção de Vigilância e Repressão ao Contrabando e Descaminho - Sarep da Delegacia da Receita Federal do Brasil em Campo Grande (MS), Código FG-1.</p><p>Nº 4.818 Designar o Analista-Tributário da Receita Federal do Brasil JULIANO KENJI KUVABARA, matrícula SiapeCad nº 01881605, para exercer a Função Gratificada de Chefe da Seção de Gestão Corporativa - Sacor da Delegacia da Receita Federal do Brasil em Campo Grande (MS), Código FG-1.</p><p>Nº 4.819 Designar o Analista-Tributário da Receita Federal do Brasil JACKSON ALBERTO SOUZA DINIZ, matrícula SiapeCad nº 00088794, para exercer a Função Gratificada de Chefe do Núcleo de Tecnologia e Segurança da Informação - Nutec da Delegacia da Receita Federal do Brasil em Campo Grande (MS), Código FG-3.</p><p>Nº 4.820 Designar o Técnico em Contabilidade ALDEVINO ANTONIO NEVES, matrícula SiapeCad nº 00006720, para exercer a Função Gratificada de Chefe do Núcleo de Gestão de Pessoas - Nugep da Delegacia da Receita Federal do Brasil em Campo Grande (MS), Código FG-3.</p><p>Nº 4.821 Designar o Auditor-Fiscal da Receita Federal do Brasil GUSTAVO HENRIQUE TIMLER, matrícula SiapeCad nº 00062977, para exercer a Função Gratificada de Chefe da Equipe de Vigilância e Repressão 1 - EVR1 da Delegacia da Receita Federal do Brasil em Campo Grande (MS), Código FG-3.</p><p>Nº 4.822 Designar o Analista-Tributário da Receita Federal do Brasil AGNALDO BARBOSA MECENERO, matrícula SiapeCad nº 01291656, para exercer a Função Gratificada de Chefe da Equipe de Gestão Corporativa 1 - EGC1 da Delegacia da Receita Federal do Brasil em Campo Grande (MS), Código FG-3.</p><p>Nº 4.823 Designar a Analista-Tributário da Receita Federal do Brasil JULIANA COSTA JUSTINO DE REZENDE, matrícula SiapeCad nº 01295739, para exercer a Função Gratificada de Chefe da Equipe de Mercadorias Apreendidas 1 - EMA1 da Delegacia da Receita Federal do Brasil em Campo Grande (MS), Código FG-3.</p><p>Nº 4.824 Designar a Analista-Tributário da Receita Federal do Brasil DAYSE CRISTHINA ANTUNES RIBEIRO, matrícula SiapeCad nº 01586022, para exercer a Função Gratificada de Chefe da Equipe de Pagamento 1 - EPG1 da Delegacia da Receita Federal do Brasil em Campo Grande (MS), Código FG-3.</p><p>Nº 4.825 Designar o Analista-Tributário da Receita Federal do Brasil REGINALDO PIRES DA COSTA, matrícula SiapeCad nº 00026970, para exercer a Função Gratificada de Agente da Receita Federal do Brasil em Tres Lagoas (MS), jurisdição da Delegacia da Receita Federal do Brasil em Campo Grande (MS), Código FG-3.</p><p>Nº 4.826 Designar a Assistente Técnico-Administrativo RAYANE OLIVEIRA MARQUES RAMOS, matrícula SiapeCad nº 01972831, para exercer a Função Gratificada de Chefe de Posto de Atendimento em Paranaíba (MS), jurisdição da Delegacia da Receita Federal do Brasil em Campo Grande (MS), Código FG-3.</p><p>Nº 4.827 Designar o Auditor-Fiscal da Receita Federal do Brasil LUIZ FELIPE MANVAILER, matrícula SiapeCad nº 01571135, para exercer a Função Gratificada de Chefe do Setor de Administração Aduaneira - Soana da Delegacia da Receita Federal do Brasil em Dourados (MS), Código FG-2.</p><p>Nº 4.828 Designar a Analista-Tributário da Receita Federal do Brasil RENATA LEITE DOS SANTOS, matrícula SiapeCad nº 01811368, para exercer a Função Gratificada de Chefe da Seção de Gestão Corporativa - Sacor da Delegacia da Receita Federal do Brasil em Dourados (MS), Código FG-1.</p><p>Nº 4.829 Designar a Assistente Técnico-Administrativo THAISE DE ANDRADE CUNHA, matrícula SiapeCad nº 01976956, para exercer a Função Gratificada de Agente da Receita Federal do Brasil em Nova Andradina (MS), jurisdição da Delegacia da Receita Federal do Brasil em Dourados (MS), Código FG-3.</p><p>Nº 4.830 Designar o Analista-Tributário da Receita Federal do Brasil DANIEL NUNES PEREIRA, matrícula SiapeCad nº 01130842, para exercer a Função Gratificada de Agente da Receita Federal do Brasil em Naviraí (MS), jurisdição da Delegacia da Receita Federal do Brasil em Dourados (MS), Código FG-3.</p><p>Nº 4.831 Designar a Assistente Técnico-Administrativo MIYOKO ADRIANA HARADA DE MOURA, matrícula SiapeCad nº 01973324, para exercer a Função Gratificada de Agente da Receita Federal do Brasil em Jardim (MS), jurisdição da Delegacia da Receita Federal do Brasil em Dourados (MS), Código FG-3.</p><p>Nº 4.832 Nomear o Auditor-Fiscal da Receita Federal do Brasil ZAQUIEL SCHARDONG VETTORELLO, matrícula SiapeCad nº 01401742, para exercer o cargo em comissão de Delegado da Alfândega da Receita Federal do Brasil em Corumbá (MS), Código DAS-101.2.</p><p>Nº 4.833 Designar o Auditor-Fiscal da Receita Federal do Brasil ERIVELTO MOYSES TORRICO ALENCAR, matrícula SiapeCad nº 02006006, para exercer o encargo de Substituto Eventual do Delegado da Alfândega da Receita Federal do Brasil em Corumbá (MS), Código DAS-101.2.</p><p>Nº 4.834 Designar o Auditor-Fiscal da Receita Federal do Brasil ERIVELTO MOYSES TORRICO ALENCAR, matrícula SiapeCad nº 02006006, para exercer a Função Gratificada de Delegado Adjunto da Alfândega da Receita Federal do Brasil em Corumbá (MS), Código FG-1.</p><p>Nº 4.835 Designar o Auditor-Fiscal da Receita Federal do Brasil FILIPE ZANGARINE QUADRADO, matrícula SiapeCad nº 01926995, para exercer a Função Gratificada de Chefe do Setor de Assessoramento Técnico Aduaneiro - Soata da Alfândega da Receita Federal do Brasil em Corumbá (MS), Código FG-2.</p><p>Nº 4.836 Designar o Auditor-Fiscal da Receita Federal do Brasil ERIVELTO MOYSES TORRICO ALENCAR, matrícula SiapeCad nº 02006006, para exercer a Função Gratificada de Chefe da Seção de Despacho Aduaneiro - Sadad da Alfândega da Receita Federal do Brasil em Corumbá (MS), Código FG-1.</p><p>Nº 4.837 Designar o Auditor-Fiscal da Receita Federal do Brasil HERMANO JOSE TOSCANO MOURA FILHO, matrícula SiapeCad nº 02005993, para exercer a Função Gratificada de Chefe da Seção de Vigilância Aduaneira - Savig da Alfândega da Receita Federal do Brasil em Corumbá (MS), Código FG-1.</p><p>Nº 4.838 Designar o Auditor-Fiscal da Receita Federal do Brasil RENATO RODRIGUES TELES DE OLIVEIRA, matrícula SiapeCad nº 02005987, para exercer a Função Gratificada de Chefe da Seção de Gestão de Riscos Aduaneiros - Sarad da Alfândega da Receita Federal do Brasil em Corumbá (MS), Código FG-1.</p><p>Nº 4.839 Designar a Analista-Tributário da Receita Federal do Brasil SILVANE MARIA DRUMOND AVELINO, matrícula SiapeCad nº 01877894, para exercer a Função Gratificada de Chefe da Seção de Programação e Logística - Sapol da Alfândega da Receita Federal do Brasil em Corumbá (MS), Código FG-1.</p><p>Nº 4.840 Designar a Analista-Tributário da Receita Federal do Brasil MARINA SARTI MURADAS, matrícula SiapeCad nº 01811877, para exercer a Função Gratificada de Chefe da Seção de Tecnologia e Segurança da Informação - Satec da Alfândega da Receita Federal do Brasil em Corumbá (MS), Código FG-1.</p><p>Nº 4.841 Designar o Assistente Técnico-Administrativo JOAO DANIEL MORAES DE SOUZA, matrícula SiapeCad nº 01879195, para exercer a Função Gratificada de Chefe do Centro de Atendimento ao Contribuinte - CAC da Alfândega da Receita Federal do Brasil em Corumbá (MS), Código FG-2.</p><p>Nº 4.842 Designar o Auditor-Fiscal da Receita Federal do Brasil ARTHUR WAMBERTH DOS SANTOS E SILVA, matrícula SiapeCad nº 01811252, para exercer a Função Gratificada de Chefe da Equipe Aduaneira 1 - EAD1 da Alfândega da Receita Federal do Brasil em Corumbá (MS), Código FG-2.</p><p>Nº 4.843 Designar o Auditor-Fiscal da Receita Federal do Brasil MAURICIO PEREIRA GOULART, matrícula SiapeCad nº 00026624, para exercer a Função Gratificada de Chefe da Equipe Aduaneira 2 - EAD2 da Alfândega da Receita Federal do Brasil em Corumbá (MS), Código FG-2.</p><p>Nº 4.844 Designar o Analista-Tributário da Receita Federal do Brasil MARCO ANTONIO DE ANDRADE COTRIM, matrícula SiapeCad nº 01878651, para exercer a Função Gratificada de Chefe da Equipe de Vigilância e Repressão 1 - EVR1 da Alfândega da Receita Federal do Brasil em Corumbá (MS), Código FG-3.</p><p>Nº 4.845 Nomear o Auditor-Fiscal da Receita Federal do Brasil CLOVIS RIBEIRO CINTRA NETO, matrícula SiapeCad nº 00020292, para exercer o cargo em comissão de Delegado da Alfândega da Receita Federal do Brasil em Mundo Novo (MS), Código DAS-101.2.</p><p>Nº 4.846 Designar o Auditor-Fiscal da Receita Federal do Brasil THIAGO ANDRE HERING, matrícula SiapeCad nº 01571689, para exercer o encargo de Substituto Eventual do Delegado da Alfândega da Receita Federal do Brasil em Mundo Novo (MS), Código DAS-101.2.</p><p>Nº 4.847 Designar o Auditor-Fiscal da Receita Federal do Brasil THIAGO ANDRE HERING, matrícula SiapeCad nº 01571689, para exercer a Função Gratificada de Delegado Adjunto da Alfândega da Receita Federal do Brasil em Mundo Novo (MS), Código FG-1.</p><p>Nº 4.848 Designar o Auditor-Fiscal da Receita Federal do Brasil JOSE MARCELO PRIOTTO DE OLIVEIRA, matrícula SiapeCad nº 01575093, para exercer a Função Gratificada de Chefe do Setor de Assessoramento Técnico Aduaneiro - Soata da Alfândega da Receita Federal do Brasil em Mundo Novo (MS), Código FG-2.</p><p>Nº 4.849 Designar o Auditor-Fiscal da Receita Federal do Brasil MARCOS VINICIUS DIAS, matrícula SiapeCad nº 01811990, para exercer a Função Gratificada de Chefe da Seção de Despacho Aduaneiro - Sadad da Alfândega da Receita Federal do Brasil em Mundo Novo (MS), Código FG-1.</p><p>Nº 4.850 Designar o Auditor-Fiscal da Receita Federal do Brasil THIAGO ANDRE HERING, matrícula SiapeCad nº 01571689, para exercer a Função Gratificada de Chefe da Seção de Vigilância Aduaneira - Savig da Alfândega da Receita Federal do Brasil em Mundo Novo (MS), Código FG-1.</p><p>Nº 4.851 Designar a Analista-Tributário da Receita Federal do Brasil PAULINE DATSCH, matrícula SiapeCad nº 01881232, para exercer a Função Gratificada de Chefe da Seção de Programação e Logística - Sapol da Alfândega da Receita Federal do Brasil em Mundo Novo (MS), Código FG-1.</p><p>Nº 4.852 Designar o Analista-Tributário da Receita Federal do Brasil NIVALDO MENDES, matrícula SiapeCad nº 00057001, para exercer a Função Gratificada de Chefe da Seção de Tecnologia e Segurança da Informação - Satec da Alfândega da Receita Federal do Brasil em Mundo Novo (MS), Código FG-1.</p><p>Nº 4.853 Designar o Auditor-Fiscal da Receita Federal do Brasil RODRIGO DE ALMEIDA LARA, matrícula SiapeCad nº 01572614, para exercer a Função Gratificada de Chefe da Equipe Aduaneira 1 - EAD1 da Alfândega da Receita Federal do Brasil em Mundo Novo (MS), Código FG-2.</p><p>Nº 4.854 Nomear o Auditor-Fiscal da Receita Federal do Brasil MARCELO RODRIGUES DE BRITO, matrícula SiapeCad nº 00057063, para exercer o cargo em comissão de Delegado da Alfândega da Receita Federal do Brasil em Ponta Porã (MS), Código DAS-101.2.</p><p>Nº 4.855 Designar o Auditor-Fiscal da Receita Federal do Brasil MARCIAL CEZAR MARQUES PINAZO, matrícula SiapeCad nº 01443025, para exercer o encargo de Substituto Eventual do Delegado da Alfândega da Receita Federal do Brasil em Ponta Porã (MS), Código DAS-101.2.</p><p>Nº 4.856 Designar o Auditor-Fiscal da Receita Federal do Brasil MARCIAL CEZAR MARQUES PINAZO, matrícula SiapeCad nº 01443025, para exercer a Função Gratificada de Delegado Adjunto da Alfândega da Receita Federal do Brasil em Ponta Porã (MS), Código FG-1.</p><p>Nº 4.857 Designar o Auditor-Fiscal da Receita Federal do Brasil MARCOS IWAMURA, matrícula SiapeCad nº 01653775, para exercer a Função Gratificada de Chefe do Setor de Assessoramento Técnico Aduaneiro - Soata da Alfândega da Receita Federal do Brasil em Ponta Porã (MS), Código FG-2.</p><p>Nº 4.858 Designar o Auditor-Fiscal da Receita Federal do Brasil RICARDO GHENO, matrícula SiapeCad nº 01220948, para exercer a Função Gratificada de Chefe da Seção de Despacho Aduaneiro - Sadad da Alfândega da Receita Federal do Brasil em Ponta Porã (MS), Código FG-1.</p><p>Nº 4.859 Designar o Auditor-Fiscal da Receita Federal do Brasil DANIEL CESAR SALDIVAR BENITES, matrícula SiapeCad nº 01133242, para exercer a Função Gratificada de Chefe da Seção de Vigilância Aduaneira - Savig da Alfândega da Receita Federal do Brasil em Ponta Porã (MS), Código FG-1.</p><p>Nº 4.860 Designar o Auditor-Fiscal da Receita Federal do Brasil ANDRE LUIZ VIANNA ROSA, matrícula SiapeCad nº 01812512, para exercer a Função Gratificada de Chefe da Seção de Gestão de Riscos Aduaneiros - Sarad da Alfândega da Receita Federal do Brasil em Ponta Porã (MS), Código FG-1.</p><p>Nº 4.861 Designar o Analista-Tributário da Receita Federal do Brasil SERGIO FERNANDES DA SILVA, matrícula SiapeCad nº 01293632, para exercer a Função Gratificada de Chefe da Seção de Programação e Logística - Sapol da Alfândega da Receita Federal do Brasil em Ponta Porã (MS), Código FG-1.</p><p>Nº 4.862 Designar o Analista-Tributário da Receita Federal do Brasil HELIO GONCALVES PREZA NETO, matrícula SiapeCad nº 01878920, para exercer a Função Gratificada de Chefe da Seção de Tecnologia e Segurança da Informação - Satec da Alfândega da Receita Federal do Brasil em Ponta Porã (MS), Código FG-1.</p><p>Nº 4.863 Designar o Analista-Tributário da Receita Federal do Brasil GLAUCIO JERONIMO GUERREIRO DA PENHA, matrícula SiapeCad nº 00060299, para exercer a Função Gratificada de Chefe do Centro de Atendimento ao Contribuinte - CAC da Alfândega da Receita Federal do Brasil em Ponta Porã (MS), Código FG-2.</p><p>Nº 4.864 Designar o Auditor-Fiscal da Receita Federal do Brasil ALEX SANTOS DE PAIVA, matrícula SiapeCad nº 01653833, para exercer a Função Gratificada de Chefe da Equipe Aduaneira 1 - EAD1 da Alfândega da Receita Federal do Brasil em Ponta Porã (MS), Código FG-2.</p><p>Nº 4.865 Designar o Auditor-Fiscal da Receita Federal do Brasil SILVERIO MARTINS DA COSTA, matrícula SiapeCad nº 01813177, para exercer a Função Gratificada de Chefe da Equipe de Vigilância e Repressão 1 - EVR1 da Alfândega da Receita Federal do Brasil em Ponta Porã (MS), Código FG-3.</p><p>Nº 4.866 Designar o Analista-Tributário da Receita Federal do Brasil MARIO SERGIO BIANCHINI, matrícula SiapeCad nº 01878968, para exercer a Função Gratificada de Chefe da Equipe de Mercadorias Apreendidas 1 - EMA1 da Alfândega da Receita Federal do Brasil em Ponta Porã (MS), Código FG-2.</p><p>Nº 4.867 Designar o Auditor-Fiscal da Receita Federal do Brasil ALBERTO CARLOS DE JESUS CARNEIRO, matrícula SiapeCad nº 01302658, para exercer a Função Gratificada de Chefe do Setor de Administração Aduaneira - Soana da Delegacia da Receita Federal do Brasil em Palmas (TO), Código FG-2.</p><p>Nº 4.868 Designar o Analista-Tributário da Receita Federal do Brasil FRANCISCO EUDES DUARTE MAIA, matrícula SiapeCad nº 00091499, para exercer a Função Gratificada de Chefe da Seção de Tecnologia e Segurança da Informação - Satec da Delegacia da Receita Federal do Brasil em Palmas (TO), Código FG-1.</p><p>Nº 4.869 Designar a Auxiliar Operacional de Serviços Diversos SILVANA ROSA DO AMARAL BORGES, matrícula SiapeCad nº 00013255, para exercer a Função Gratificada de Chefe da Equipe Aduaneira 1 - EAD1 da Delegacia da Receita Federal do Brasil em Palmas (TO), Código FG-3.</p><p>Nº 4.870 Designar o Assistente Técnico-Administrativo DERICK HENRIQUE BARBOSA DOS SANTOS, matrícula SiapeCad nº 01976279, para exercer a Função Gratificada de Agente da Receita Federal do Brasil em Miracema do Tocantins (TO), jurisdição da Delegacia da Receita Federal do Brasil em Palmas (TO), Código FG-3.</p>]]></Texto>
    <Autores>
      <assina>JORGE ANTONIO DEHER RACHID</assina>
    </Autores>
  </body>
</article></xml>