﻿<xml><article id="991559" name="imp566 - Portarias 3.956" idOficio="4620130" pubName="DO2" artType="Portaria" pubDate="04/01/2018" artClass="00011:00059:00000:00000:00000:00000:00000:00000:00000:00000:00025:00001" artSection="Ministério da Educação" artCategory="Instituto Federal de Educação, Ciência e Tecnologia Catarinense" artSize="8" artNotes="" numberPage="11" pdfPage="http://pesquisa.in.gov.br/imprensa/jsp/visualiza/index.jsp?data=04/01/2018&amp;jornal=529&amp;pagina=11" editionNumber="3">
  <body>
    <Identifica><![CDATA[PORTARIA Nº 3.956, DE 22 DE DEZEMBRO DE 2017]]></Identifica>
    <Data><![CDATA[]]></Data>
    <Ementa />
    <Titulo />
    <SubTitulo />
    <Texto><![CDATA[<p> O REITOR SUBSTITUTO DO INSTITUTO FEDERAL CATARINENSE, no uso da competência que lhe foi subdelegada pela Portaria nº 3.301/2017, de 07/11/2017, publicada no Diário Oficial da União em 10/11/2017, considerando o que consta no processo nº 23476.000980/2017-14: resolve: </p><p>Art. 1º - DECLARAR VAGO, a partir de 04/01/2018, o cargo de Técnico de Laboratório, código de vaga nº 966673, ocupado por GEOVANE ROMEU RIBEIRO, matrícula SIAPE 2382156, do Quadro de Pessoal do Instituto Federal Catarinense - lotado(a) no Campus São Francisco do Sul, de acordo com o inciso VIII, do artigo 33, da Lei nº 8.112/90, em razão de posse em cargo público inacumulável. Art. 2º - Considerando que o(a) servidor(a) não adquiriu a estabilidade prevista no art. 21 da Lei nº 8.112/90, a presente vacância não gera direito à recondução estabelecida no art. 29 da mesma Lei. Art. 3º - Esta Portaria entra em vigor na data de sua publicação.</p>]]></Texto>
    <Autores>
      <assina>FERNANDO JOSÉ GARBUIO</assina>
      <cargo>Em exercício</cargo>
    </Autores>
  </body>
</article></xml>