﻿<xml><article id="961446" name="Portarias DOU 02.01.2018 - Dispe" idOficio="4622807" pubName="DO2" artType="Portaria" pubDate="02/01/2018" artClass="00011:00059:00004:00000:00000:00000:00000:00000:00000:00000:00025:00001" artSection="Campus Luzerna" artCategory="Campus Luzerna" artSize="8" artNotes="" numberPage="20" pdfPage="http://pesquisa.in.gov.br/imprensa/jsp/visualiza/index.jsp?data=02/01/2018&amp;jornal=529&amp;pagina=20" editionNumber="1">
  <body>
    <Identifica><![CDATA[PORTARIAS DE 27 DE DEZEMBRO DE 2017]]></Identifica>
    <Data><![CDATA[]]></Data>
    <Ementa />
    <Titulo />
    <SubTitulo />
    <Texto><![CDATA[<p> O Diretor-Geral pro tempore do Instituto Federal de Educação, Ciência e Tecnologia Catarinense - Campus Luzerna, no uso da competência que lhe foi subdelegada pela Portaria nº 2.224/2012, de 08/11/2012, publicada no Diário Oficial da União de 09/11/2012 e Portaria nº 2.241/2012, de 12/11/2012, publicada no Diário Oficial da União de 14/11/2012, resolve:</p><p>N° 206 - Art. 1º - DISPENSAR o servidor IGOR REGALIN, ocupante do cargo de Assistente em Administração, Matrícula SIAPE 1801815, da função de Coordenador de Infraestrutura e Serviços (Código FG-01) do Instituto Federal Catarinense - Campus Luzerna.</p><p>N° 207 - Art. 1º - DISPENSAR a servidora ÂNGELA SALETE DE FREITAS GONÇALVES, ocupante do cargo de Assistente em Administração, Matrícula SIAPE 2126294, da função de Coordenadora de Licitações e Contratos (Código FG - 02) do Instituto Federal Catarinense - Campus Luzerna.</p><p>N° 208 - Art. 1º - DISPENSAR o servidor DIEGO MENEGAZZI, ocupante do cargo de Técnico em Tecnologia da Informação, Matrícula SIAPE 2163283; da Função de Coordenador de Tecnologia da Informação, (Código FG-03) do Instituto Federal Catarinense - Campus Luzerna.</p><p>N° 212 - Art. 1º -  DESIGNAR o servidor IGOR REGALIN, ocupante do cargo de Assistente em Administração, Matrícula SIAPE 1801815, para exercer a Função de Coordenador de Infraestrutura e Serviços (Código FG-02) do Instituto Federal Catarinense - Campus Luzerna.</p><p>N° 213 - Art. 1º -DESIGNAR a servidora ÂNGELA SALETE DE FREITAS GONÇALVES, ocupante do cargo de Assistente em Administração, Matrícula SIAPE 2126294, para exercer a Função de Coordenadora de Licitações e Contratos (Código FG - 01) do Instituto Federal Catarinense - Campus Luzerna.</p><p>N° 214 - Art. 1º - DESIGNAR o servidor DIEGO MENEGAZZI, ocupante do cargo de Técnico em Tecnologia da Informação, Matrícula SIAPE 2163283; para exercer a Função de Coordenador de Tecnologia da Informação, (Código FG-02) do Instituto Federal Catarinense - Campus Luzerna.</p><p>Art. 2º - Estas Portarias entram em vigor a partir de 02/01/2018.</p>]]></Texto>
    <Autores>
      <assina>EDUARDO BUTZEN</assina>
    </Autores>
  </body>
</article></xml>