﻿<xml><article id="960847" name="Aposentadoria Claudio" idOficio="4619733" pubName="DO2" artType="Portaria" pubDate="02/01/2018" artClass="00011:00121:00000:00000:00000:00000:00000:00000:00000:00000:00025:00001" artSection="Ministério da Educação" artCategory="Universidade Federal do Oeste do Pará" artSize="8" artNotes="" numberPage="33" pdfPage="http://pesquisa.in.gov.br/imprensa/jsp/visualiza/index.jsp?data=02/01/2018&amp;jornal=529&amp;pagina=33" editionNumber="1">
  <body>
    <Identifica><![CDATA[PORTARIA Nº 649, DE 11 DE DEZEMBRO DE 2017]]></Identifica>
    <Data><![CDATA[]]></Data>
    <Ementa />
    <Titulo />
    <SubTitulo />
    <Texto><![CDATA[<p> A REITORA DA UNIVERSIDADE FEDERAL DO OESTE DO PARÁ, no uso de suas atribuições conferidas pelo Decreto Presidencial de 28 de março de 2014, publicado no Diário Oficial da União em 31 de março de 2014, Seção 2, pág. 1, resolve: </p><p>Conceder aposentadoria voluntária, com proventos integrais, ao servidor CLAUDIO FERNANDO BENTES DOS SANTOS, Administrador, matrícula Siape nº 0053532, Classe E, Nível Capacitação IV, Padrão de Vencimento 16, lotado na Pró-Reitoria de Pesquisa, Pós-Graduação e Inovação Tecnológica, pertencente ao Quadro de Pessoal desta Universidade, em conformidade com o que consta do Processo nº 23204.12717/2017-60 e de acordo o artigo 3º da Emenda Constitucional nº 47/2005, publicada no DOU de 6/7/2005, mantida a vantagem prevista no Art. 62-A da Lei 8.112/90, o Adicional por Tempo de Serviço no percentual de 15% (quinze por cento), na forma do artigo 244 da Lei nº 8.112/90 e o Incentivo à Qualificação no percentual de 30% (trinta por cento), conforme Decreto 5.824/06, fundamento legal Siape nº 047001, código para o TCU nº 1107143.</p><p> </p>]]></Texto>
    <Autores>
      <assina>Raimunda Nonata Monteiro</assina>
    </Autores>
  </body>
</article></xml>