﻿<xml><article id="961402" name="PRFB4226a4338" idOficio="4622210" pubName="DO2" artType="Portaria" pubDate="02/01/2018" artClass="00012:00055:00000:00000:00000:00000:00000:00000:00000:00000:00025:00005" artSection="Ministério da Fazenda" artCategory="Secretaria da Receita Federal do Brasil" artSize="8" artNotes="" numberPage="53-54-55-62" pdfPage="http://pesquisa.in.gov.br/imprensa/jsp/visualiza/index.jsp?data=02/01/2018&amp;jornal=529&amp;pagina=53,http://pesquisa.in.gov.br/imprensa/jsp/visualiza/index.jsp?data=02/01/2018&amp;jornal=529&amp;pagina=54,http://pesquisa.in.gov.br/imprensa/jsp/visualiza/index.jsp?data=02/01/2018&amp;jornal=529&amp;pagina=55,http://pesquisa.in.gov.br/imprensa/jsp/visualiza/index.jsp?data=02/01/2018&amp;jornal=529&amp;pagina=62" editionNumber="1">
  <body>
    <Identifica><![CDATA[PORTARIAS DE 26 DE DEZEMBRO DE 2017]]></Identifica>
    <Data><![CDATA[]]></Data>
    <Ementa />
    <Titulo />
    <SubTitulo />
    <Texto><![CDATA[<p> O SECRETÁRIO DA RECEITA FEDERAL DO BRASIL, no uso das competências que lhe foram delegada e subdelegada, respectivamente, pelas Portarias MF nºs 392 e 393, de 14 de julho de 2009, alteradas pela Portaria MF nº 100, de 28 de março de 2017, resolve:</p><p>Nº 4.226 Dispensar, a partir de 01/01/2018, o Auditor-Fiscal da Receita Federal do Brasil ALBERTO PINZOLAS, matrícula SiapeCad nº 00057569, da Função Comissionada do Poder Executivo de Chefe da Divisão de Tecnologia da Informação - Ditec da Superintendência Regional da Receita Federal do Brasil da 6ª Região Fiscal (MG), Código FCPE-101.2.</p><p>Nº 4.227 Dispensar, a partir de 01/01/2018, o Auditor-Fiscal da Receita Federal do Brasil RODRIGO DE CASTRO CASTANHEIRA, matrícula SiapeCad nº 01291418, do encargo de Substituto Eventual do Chefe da Divisão de Tecnologia da Informação - Ditec da Superintendência Regional da Receita Federal do Brasil da 6ª Região Fiscal (MG), Código FCPE-101.2.</p><p>Nº 4.228 Dispensar, a partir de 01/01/2018, o Auditor-Fiscal da Receita Federal do Brasil LEONARDO GUIMARAES MARTINS, matrícula SiapeCad nº 00027981, da Função Comissionada do Poder Executivo de Chefe da Divisão de Repressão ao Contrabando e Descaminho - Direp da Superintendência Regional da Receita Federal do Brasil da 6ª Região Fiscal (MG), Código FCPE-101.2.</p><p>Nº 4.229 Dispensar, a partir de 01/01/2018, o Auditor-Fiscal da Receita Federal do Brasil FLAVIO COELHO MACHADO, matrícula SiapeCad nº 01309843, do encargo de Substituto Eventual do Chefe da Divisão de Repressão ao Contrabando e Descaminho - Direp da Superintendência Regional da Receita Federal do Brasil da 6ª Região Fiscal (MG), Código FCPE-101.2.</p><p>Nº 4.230 Dispensar, a partir de 01/01/2018, a Analista do Seguro Social SHEILA MONIQUE SOUTO LEITE NAJAR, matrícula SiapeCad nº 00812160, da Função Gratificada de Chefe da Seção de Gestão de Mercadorias Apreendidas - Samap da Superintendência Regional da Receita Federal do Brasil da 6ª Região Fiscal (MG), Código FG-1.</p><p>Nº 4.231 Dispensar, a partir de 01/01/2018, a Analista-Tributário da Receita Federal do Brasil LILIAN DOURADO AMORELLI, matrícula SiapeCad nº 00006257, da Função Gratificada de Chefe da Equipe de Logística - ELG da Superintendência Regional da Receita Federal do Brasil da 6ª Região Fiscal (MG), Código FG-1.</p><p>Nº 4.232 Dispensar, a partir de 01/01/2018, o Auditor-Fiscal da Receita Federal do Brasil CARLOS AUGUSTO RIBEIRO MOSSO, matrícula SiapeCad nº 00015106, da Função Gratificada de Chefe da Equipe de Repressão Aduaneira - ERA/1 da Superintendência Regional da Receita Federal do Brasil da 6ª Região Fiscal (MG), Código FG-1.</p><p>Nº 4.233 Dispensar, a partir de 01/01/2018, o Auditor-Fiscal da Receita Federal do Brasil FLAVIO COELHO MACHADO, matrícula SiapeCad nº 01309843, da Função Gratificada de Chefe da Equipe de Repressão Aduaneira - ERA/2 da Superintendência Regional da Receita Federal do Brasil da 6ª Região Fiscal (MG), Código FG-1.</p><p>Nº 4.234 Dispensar, a partir de 01/01/2018, a Analista-Tributário da Receita Federal do Brasil VIVIANE MACHADO CAFFARATE, matrícula SiapeCad nº 01209284, da Função Gratificada de Assistente da Superintendência Regional da Receita Federal do Brasil da 6ª Região Fiscal (MG), Código FG-2.</p><p>Nº 4.235 Dispensar, a partir de 01/01/2018, o Auditor-Fiscal da Receita Federal do Brasil LUIZ CARLOS ENTRUDO DA GRACA, matrícula SiapeCad nº 01171003, da Função Gratificada de Assistente da Superintendência Regional da Receita Federal do Brasil da 6ª Região Fiscal (MG), Código FG-2.</p><p>Nº 4.236 Dispensar, a partir de 01/01/2018, o Analista-Tributário da Receita Federal do Brasil FLAVIO ALVES BORGES, matrícula SiapeCad nº 00068960, da Função Gratificada de Assistente da Superintendência Regional da Receita Federal do Brasil da 6ª Região Fiscal (MG), Código FG-2.</p><p>Nº 4.237 Dispensar, a partir de 01/01/2018, a Analista-Tributário da Receita Federal do Brasil PATRICIA DE LIMA ALVES ABDO, matrícula SiapeCad nº 01294432, da Função Gratificada de Assistente da Superintendência Regional da Receita Federal do Brasil da 6ª Região Fiscal (MG), Código FG-2.</p><p>Nº 4.238 Dispensar, a partir de 01/01/2018, o Analista-Tributário da Receita Federal do Brasil GUSTAVO DE ANDRADE GABRICH, matrícula SiapeCad nº 00056741, da Função Comissionada do Poder Executivo de Chefe do Serviço de Tecnologia da Informação - Setec da Delegacia da Receita Federal do Brasil em Belo Horizonte (MG), Código FCPE-101.1.</p><p>Nº 4.239 Dispensar, a partir de 01/01/2018, o Analista-Tributário da Receita Federal do Brasil JOAO FONSECA DE PAULA, matrícula SiapeCad nº 00004494, do encargo de Substituto Eventual do Chefe do Serviço de Tecnologia da Informação - Setec da Delegacia da Receita Federal do Brasil em Belo Horizonte (MG), Código FCPE-101.1.</p><p>Nº 4.240 Dispensar, a partir de 01/01/2018, o Administrador FERNANDO MONTINI DA SILVA XAVIER, matrícula SiapeCad nº 00028396, da Função Comissionada do Poder Executivo de Chefe do Serviço de Programação e Logística - Sepol da Delegacia da Receita Federal do Brasil em Belo Horizonte (MG), Código FCPE-101.1.</p><p>Nº 4.241 Dispensar, a partir de 01/01/2018, a Agente Administrativo SONIA MARIA LOBAO VALADARES, matrícula SiapeCad nº 01195807, do encargo de Substituto Eventual do Chefe do Serviço de Programação e Logística - Sepol da Delegacia da Receita Federal do Brasil em Belo Horizonte (MG), Código FCPE-101.1.</p><p>Nº 4.242 Dispensar, a partir de 01/01/2018, o Analista-Tributário da Receita Federal do Brasil MARCO HENRIQUE SOARES DE MENEZES, matrícula SiapeCad nº 00017643, da Função Comissionada do Poder Executivo de Chefe do Centro de Atendimento ao Contribuinte - CAC/Centro da Delegacia da Receita Federal do Brasil em Belo Horizonte (MG), Código FCPE-101.1.</p><p>Nº 4.243 Dispensar, a partir de 01/01/2018, o Analista-Tributário da Receita Federal do Brasil RAFAEL CHEIB SOARES, matrícula SiapeCad nº 01494308, da Função Comissionada do Poder Executivo de Chefe do Centro de Atendimento ao Contribuinte - CAC/Santo Agostinho da Delegacia da Receita Federal do Brasil em Belo Horizonte (MG), Código FCPE-101.1.</p><p>Nº 4.244 Dispensar, a partir de 01/01/2018, a Auditora-Fiscal da Receita Federal do Brasil REGINA LUCIA HORTA DE SOUZA, matrícula SiapeCad nº 00877730, da Função Gratificada de Chefe da Seção de Programação, Avaliação e Controle da Atividade Fiscal - Sapac da Delegacia da Receita Federal do Brasil em Belo Horizonte (MG), Código FG-1.</p><p>Nº 4.245 Dispensar, a partir de 01/01/2018, o Auditor-Fiscal da Receita Federal do Brasil JOSE EDUARDO FERREIRA FUSCO, matrícula SiapeCad nº 01293666, da Função Gratificada de Chefe da Equipe de Fiscalização - EFI/2 da Delegacia da Receita Federal do Brasil em Belo Horizonte (MG), Código FG-1.</p><p>Nº 4.246 Dispensar, a partir de 01/01/2018, a Auditora-Fiscal da Receita Federal do Brasil LUCIA MARIA OLIVEIRA, matrícula SiapeCad nº 00019664, da Função Gratificada de Chefe da Equipe de Fiscalização - EFI/4 da Delegacia da Receita Federal do Brasil em Belo Horizonte (MG), Código FG-1.</p><p>Nº 4.247 Dispensar, a partir de 01/01/2018, o Analista-Tributário da Receita Federal do Brasil ROMERO TORRES PARREIRA, matrícula SiapeCad nº 00019544, da Função Gratificada de Chefe da Seção de Tecnologia da Informação - Satec da Delegacia da Receita Federal do Brasil em Governador Valadares (MG), Código FG-1.</p><p>Nº 4.248 Dispensar, a partir de 01/01/2018, a Auditora-Fiscal da Receita Federal do Brasil GEOVANIA NASCIMENTO CUNHA FERNANDES, matrícula SiapeCad nº 02006195, da Função Gratificada de Chefe do Núcleo de Administração Aduaneira - Nuana da Delegacia da Receita Federal do Brasil em Governador Valadares (MG), Código FG-3.</p><p>Nº 4.249 Dispensar, a partir de 01/01/2018, o Analista-Tributário da Receita Federal do Brasil ROMMEL DE ALMEIDA CARVALHO, matrícula SiapeCad nº 00018340, da Função Comissionada do Poder Executivo de Agente da Receita Federal do Brasil em Teofilo Otoni (MG), jurisdição da Delegacia da Receita Federal do Brasil em Governador Valadares (MG), Código FCPE-101.1.</p><p>Nº 4.250 Dispensar, a partir de 01/01/2018, a Assistente Técnico-Administrativo ANDRESSA PEREIRA MIRANDA, matrícula SiapeCad nº 01949666, da Função Gratificada de Chefe do Setor de Arrecadação e Cobrança - Sorac da Agência da Receita Federal do Brasil em Teofilo Otoni (MG), jurisdição da Delegacia da Receita Federal do Brasil em Governador Valadares (MG), Código FG-2.</p><p>Nº 4.251 Dispensar, a partir de 01/01/2018, a Analista-Tributário da Receita Federal do Brasil ROSELENE MORAES FERREIRA, matrícula SiapeCad nº 00012569, da Função Gratificada de Chefe da Equipe de Atendimento ao Contribuinte - EAT/1 da Agência da Receita Federal do Brasil em Teofilo Otoni (MG), jurisdição da Delegacia da Receita Federal do Brasil em Governador Valadares (MG), Código FG-2.</p><p>Nº 4.252 Dispensar, a partir de 01/01/2018, a Analista-Tributário da Receita Federal do Brasil MARIA DA PENHA PEREIRA SOUZA, matrícula SiapeCad nº 00056866, da Função Gratificada de Agente da Receita Federal do Brasil em Almenara (MG), jurisdição da Delegacia da Receita Federal do Brasil em Governador Valadares (MG), Código FG-1.</p><p>Nº 4.253 Dispensar, a partir de 01/01/2018, o Assistente Técnico-Administrativo ADRIANO PEREIRA ROCHA, matrícula SiapeCad nº 01973418, da Função Gratificada de Chefe da Equipe de Atendimento ao Contribuinte - EAT da Agência da Receita Federal do Brasil em Almenara (MG), jurisdição da Delegacia da Receita Federal do Brasil em Governador Valadares (MG), Código FG-3.</p><p>Nº 4.254 Dispensar, a partir de 01/01/2018, a Analista-Tributário da Receita Federal do Brasil CRISTIANE BALIEIRO ABGUSSEN, matrícula SiapeCad nº 01303437, da Função Gratificada de Chefe da Equipe de Atendimento ao Contribuinte - EAT da Agência da Receita Federal do Brasil em Caratinga (MG), jurisdição da Delegacia da Receita Federal do Brasil em Governador Valadares (MG), Código FG-3.</p><p>Nº 4.255 Dispensar, a partir de 01/01/2018, o Analista-Tributário da Receita Federal do Brasil JOAO FELISBERTO PEREIRA FILHO, matrícula SiapeCad nº 00017401, da Função Gratificada de Chefe da Seção de Tecnologia da Informação - Satec da Delegacia da Receita Federal do Brasil em Juiz de Fora (MG), Código FG-1.</p><p>Nº 4.256 Dispensar, a partir de 01/01/2018, a Técnico do Seguro Social SELMA MARIA BIGONHA, matrícula SiapeCad nº 00807020, da Função Gratificada de Chefe da Equipe de Atendimento ao Contribuinte - EAT/2 da Agência da Receita Federal do Brasil em Uba (MG), jurisdição da Delegacia da Receita Federal do Brasil em Juiz de Fora (MG), Código FG-2.</p><p>Nº 4.257 Dispensar, a partir de 01/01/2018, a Analista-Tributário da Receita Federal do Brasil IVANETE FELIX DE SIQUEIRA NUNES, matrícula SiapeCad nº 00017209, da Função Gratificada de Chefe da Equipe de Atendimento ao Contribuinte - EAT da Agência da Receita Federal do Brasil em Ponte Nova (MG), jurisdição da Delegacia da Receita Federal do Brasil em Juiz de Fora (MG), Código FG-3.</p><p>Nº 4.258 Dispensar, a partir de 01/01/2018, o Agente Telecomunicação Eletricidade RAUL ROSA DE SOUZA, matrícula SiapeCad nº 00095788, da Função Gratificada de Chefe da Seção de Tecnologia da Informação e Logística - Satel da Delegacia da Receita Federal do Brasil em Uberaba (MG), Código FG-1.</p><p>Nº 4.259 Dispensar, a partir de 01/01/2018, o Auditor-Fiscal da Receita Federal do Brasil ANTONIO JORGE HUBAIDE JUNIOR, matrícula SiapeCad nº 01220595, da Função Gratificada de Chefe da Equipe de Repressão Aduaneira - ERA da Delegacia da Receita Federal do Brasil em Uberaba (MG), Código FG-3.</p><p>Nº 4.260 Dispensar, a partir de 01/01/2018, o Assistente Técnico-Administrativo LEANDRO RODRIGO GALINA ZAMBON, matrícula SiapeCad nº 01588740, da Função Gratificada de Chefe da Equipe de Atendimento ao Contribuinte - EAT da Agência da Receita Federal do Brasil em Frutal (MG), jurisdição da Delegacia da Receita Federal do Brasil em Uberaba (MG), Código FG-3.</p><p>Nº 4.261 Dispensar, a partir de 01/01/2018, o Analista-Tributário da Receita Federal do Brasil ARY GONCALVES DE ALCANTARA JUNIOR, matrícula SiapeCad nº 00015769, da Função Gratificada de Chefe da Seção de Tecnologia da Informação - Satec da Delegacia da Receita Federal do Brasil em Varginha (MG), Código FG-1.</p><p>Nº 4.262 Dispensar, a partir de 01/01/2018, o Auditor-Fiscal da Receita Federal do Brasil HENRIQUE VIEGAS CUNHA, matrícula SiapeCad nº 01170577, da Função Gratificada de Chefe da Equipe Aduaneira - EAD/1 da Delegacia da Receita Federal do Brasil em Varginha (MG), Código FG-1.</p><p>Nº 4.263 Dispensar, a partir de 01/01/2018, a Auditora-Fiscal da Receita Federal do Brasil SIMONE ROSA DE SOUZA, matrícula SiapeCad nº 01291665, da Função Gratificada de Chefe da Equipe Aduaneira - EAD/2 da Delegacia da Receita Federal do Brasil em Varginha (MG), Código FG-1.</p><p>Nº 4.264 Dispensar, a partir de 01/01/2018, o Analista-Tributário da Receita Federal do Brasil ALDECIR SEBASTIAO PEREIRA, matrícula SiapeCad nº 00025151, da Função Gratificada de Chefe da Seção de Arrecadação e Cobrança - Sarac da Agência da Receita Federal do Brasil em Pouso Alegre (MG), jurisdição da Delegacia da Receita Federal do Brasil em Varginha (MG), Código FG-1.</p><p>Nº 4.265 Dispensar, a partir de 01/01/2018, o Analista-Tributário da Receita Federal do Brasil MARCO AURELIO PEREIRA DO NASCIMENTO, matrícula SiapeCad nº 00018909, da Função Gratificada de Chefe da Equipe de Atendimento ao Contribuinte - EAT da Agência da Receita Federal do Brasil em Pouso Alegre (MG), jurisdição da Delegacia da Receita Federal do Brasil em Varginha (MG), Código FG-1.</p><p>Nº 4.266 Dispensar, a partir de 01/01/2018, a Técnico do Seguro Social ANTONIETA DOS SANTOS LUZ, matrícula SiapeCad nº 00832091, da Função Gratificada de Chefe da Equipe de Atendimento ao Contribuinte - EAT da Agência da Receita Federal do Brasil em Sao Lourenco (MG), jurisdição da Delegacia da Receita Federal do Brasil em Varginha (MG), Código FG-3.</p><p>Nº 4.267 Dispensar, a partir de 01/01/2018, o Analista-Tributário da Receita Federal do Brasil LAERCIO MAURO ALVES, matrícula SiapeCad nº 00060624, da Função Gratificada de Chefe da Seção de Tecnologia da Informação - Satec da Delegacia da Receita Federal do Brasil em Divinopolis (MG), Código FG-1.</p><p>Nº 4.268 Dispensar, a partir de 01/01/2018, a Analista-Tributário da Receita Federal do Brasil GISELE KROEHLING RODRIGUES CARDOSO, matrícula SiapeCad nº 00019339, da Função Gratificada de Chefe da Equipe de Atendimento ao Contribuinte - EAT da Agência da Receita Federal do Brasil em Bom Despacho (MG), jurisdição da Delegacia da Receita Federal do Brasil em Divinopolis (MG), Código FG-3.</p><p>Nº 4.269 Dispensar, a partir de 01/01/2018, o Agente de Serviços Diversos RONALDO SILVA DE SOUSA, matrícula SiapeCad nº 00829363, da Função Gratificada de Chefe da Equipe de Atendimento ao Contribuinte - EAT da Agência da Receita Federal do Brasil em Formiga (MG), jurisdição da Delegacia da Receita Federal do Brasil em Divinopolis (MG), Código FG-3.</p><p>Nº 4.270 Dispensar, a partir de 01/01/2018, a Analista-Tributário da Receita Federal do Brasil CAMILA GONTIJO ALVES, matrícula SiapeCad nº 01573368, da Função Gratificada de Chefe da Equipe de Atendimento ao Contribuinte - EAT da Agência da Receita Federal do Brasil em Itauna (MG), jurisdição da Delegacia da Receita Federal do Brasil em Divinopolis (MG), Código FG-3.</p><p>Nº 4.271 Dispensar, a partir de 01/01/2018, o Assistente Técnico-Administrativo PAULO HENRIQUE DO NASCIMENTO, matrícula SiapeCad nº 01972590, da Função Gratificada de Chefe da Equipe de Atendimento ao Contribuinte - EAT da Agência da Receita Federal do Brasil em Oliveira (MG), jurisdição da Delegacia da Receita Federal do Brasil em Divinopolis (MG), Código FG-3.</p><p>Nº 4.272 Dispensar, a partir de 01/01/2018, o Analista-Tributário da Receita Federal do Brasil ANDRE LUIZ FERNANDES, matrícula SiapeCad nº 00056865, da Função Gratificada de Chefe da Equipe de Atendimento ao Contribuinte - EAT da Agência da Receita Federal do Brasil em Para de Minas (MG), jurisdição da Delegacia da Receita Federal do Brasil em Divinopolis (MG), Código FG-3.</p><p>Nº 4.273 Dispensar, a partir de 01/01/2018, a Agente Administrativo ILZA MARIA DE LIMA CUNHA, matrícula SiapeCad nº 00014887, da Função Gratificada de Chefe da Equipe de Atendimento ao Contribuinte - EAT da Agência da Receita Federal do Brasil em Passos (MG), jurisdição da Delegacia da Receita Federal do Brasil em Divinopolis (MG), Código FG-3.</p><p>Nº 4.274 Dispensar, a partir de 01/01/2018, a Analista-Tributário da Receita Federal do Brasil JUSSARA CRISTINA SANTOS TEOFILO, matrícula SiapeCad nº 00019674, da Função Gratificada de Agente da Receita Federal do Brasil em Campo Belo (MG), jurisdição da Delegacia da Receita Federal do Brasil em Divinopolis (MG), Código FG-1.</p><p>Nº 4.275 Dispensar, a partir de 01/01/2018, o Analista-Tributário da Receita Federal do Brasil CARLOS HENRIQUE ARAUJO DE OLIVEIRA, matrícula SiapeCad nº 00018861, da Função Gratificada de Chefe da Equipe de Atendimento ao Contribuinte - EAT da Agência da Receita Federal do Brasil em Campo Belo (MG), jurisdição da Delegacia da Receita Federal do Brasil em Divinopolis (MG), Código FG-3.</p><p>Nº 4.276 Dispensar, a partir de 01/01/2018, a Agente Administrativo SOLENE VIANA DE CARVALHO, matrícula SiapeCad nº 01182981, da Função Gratificada de Chefe da Seção de Tecnologia da Informação e Logística - Satel da Delegacia da Receita Federal do Brasil em Montes Claros (MG), Código FG-1.</p><p>Nº 4.277 Dispensar, a partir de 01/01/2018, o Agente Administrativo EUGENIO PACCELI TEIXEIRA, matrícula SiapeCad nº 00011589, da Função Gratificada de Chefe da Equipe de Atendimento ao Contribuinte - EAT da Agência da Receita Federal do Brasil em Janauba (MG), jurisdição da Delegacia da Receita Federal do Brasil em Montes Claros (MG), Código FG-3.</p><p>Nº 4.278 Dispensar, a partir de 01/01/2018, o Analista-Tributário da Receita Federal do Brasil PEDRO ANTONIO DA SILVA, matrícula SiapeCad nº 00062028, da Função Gratificada de Chefe da Seção de Tecnologia da Informação - Satec da Delegacia da Receita Federal do Brasil em Uberlandia (MG), Código FG-1.</p><p>Nº 4.279 Dispensar, a partir de 01/01/2018, o Técnico do Seguro Social CELDIVAM FERREIRA BATISTA, matrícula SiapeCad nº 00829222, da Função Gratificada de Chefe da Equipe de Atendimento ao Contribuinte - EAT da Agência da Receita Federal do Brasil em Ituiutaba (MG), jurisdição da Delegacia da Receita Federal do Brasil em Uberlandia (MG), Código FG-3.</p><p>Nº 4.280 Dispensar, a partir de 01/01/2018, o Agente Administrativo JULIANO GONCALVES DE LIMA MAGALHAES, matrícula SiapeCad nº 00489019, da Função Gratificada de Agente da Receita Federal do Brasil em Patos de Minas (MG), jurisdição da Delegacia da Receita Federal do Brasil em Uberlandia (MG), Código FG-1.</p><p>Nº 4.281 Dispensar, a partir de 01/01/2018, a Assistente Técnico-Administrativo VALDECI ROSA DA SILVA, matrícula SiapeCad nº 01515129, da Função Gratificada de Chefe da Equipe de Atendimento ao Contribuinte - EAT da Agência da Receita Federal do Brasil em Patos de Minas (MG), jurisdição da Delegacia da Receita Federal do Brasil em Uberlandia (MG), Código FG-3.</p><p>Nº 4.282 Dispensar, a partir de 01/01/2018, o Analista-Tributário da Receita Federal do Brasil ELCIO ANGELO STARLING DO PINHO, matrícula SiapeCad nº 01133883, da Função Gratificada de Chefe da Seção de Tecnologia da Informação - Satec da Delegacia da Receita Federal do Brasil em Contagem (MG), Código FG-1.</p><p>Nº 4.283 Dispensar, a partir de 01/01/2018, o Assistente Técnico-Administrativo JULIO CESAR SILVA, matrícula SiapeCad nº 01494237, da Função Gratificada de Chefe da Seção de Programação e Logística - Sapol da Delegacia da Receita Federal do Brasil em Contagem (MG), Código FG-1.</p><p>Nº 4.284 Dispensar, a partir de 01/01/2018, o Analista-Tributário da Receita Federal do Brasil LUCIO DE OLIVEIRA DELGADO, matrícula SiapeCad nº 00014837, da Função Gratificada de Chefe da Equipe de Atendimento ao Contribuinte - EAT/2 da Agência da Receita Federal do Brasil em Betim (MG), jurisdição da Delegacia da Receita Federal do Brasil em Contagem (MG), Código FG-2.</p><p>Nº 4.285 Dispensar, a partir de 01/01/2018, o Auditor-Fiscal da Receita Federal do Brasil JOSE MARCOS CABRAL MAGALHAES, matrícula SiapeCad nº 01291896, do encargo de Substituto Eventual do Delegado da Receita Federal do Brasil em Coronel Fabriciano (MG), Código DAS-101.2.</p><p>Nº 4.286 Dispensar, a partir de 01/01/2018, o Auditor-Fiscal da Receita Federal do Brasil JOSE MARCOS CABRAL MAGALHAES, matrícula SiapeCad nº 01291896, da Função Gratificada de Delegado-Adjunto da Receita Federal do Brasil em Coronel Fabriciano (MG), Código FG-1.</p><p>Nº 4.287 Dispensar, a partir de 01/01/2018, o Auditor-Fiscal da Receita Federal do Brasil FERNANDO GOMES DE OLIVEIRA, matrícula SiapeCad nº 01212399, da Função Gratificada de Chefe da Seção de Controle e Acompanhamento Tributário - Sacat da Delegacia da Receita Federal do Brasil em Coronel Fabriciano (MG), Código FG-1.</p><p>Nº 4.288 Dispensar, a partir de 01/01/2018, o Auditor-Fiscal da Receita Federal do Brasil DIDIER DE SOUZA FILHO, matrícula SiapeCad nº 01291949, da Função Gratificada de Chefe da Seção de Fiscalização - Safis da Delegacia da Receita Federal do Brasil em Coronel Fabriciano (MG), Código FG-1.</p><p>Nº 4.289 Dispensar, a partir de 01/01/2018, a Analista-Tributário da Receita Federal do Brasil RITA DE KASSIA CAMPANA AVELINO, matrícula SiapeCad nº 00016662, da Função Gratificada de Chefe da Seção de Tecnologia da Informação e Logística - Satel da Delegacia da Receita Federal do Brasil em Coronel Fabriciano (MG), Código FG-1.</p><p>Nº 4.290 Dispensar, a partir de 01/01/2018, o Analista-Tributário da Receita Federal do Brasil FREDERICO DE SOUSA E SILVA CAMPOS, matrícula SiapeCad nº 01811094, da Função Gratificada de Chefe do Centro de Atendimento ao Contribuinte - CAC da Delegacia da Receita Federal do Brasil em Coronel Fabriciano (MG), Código FG-1.</p><p>Nº 4.291 Dispensar, a partir de 01/01/2018, a Analista-Tributário da Receita Federal do Brasil BARBARA VIDIGAL SIMOES, matrícula SiapeCad nº 01572658, da Função Gratificada de Chefe da Equipe de Atendimento ao Contribuinte - EAT da Delegacia da Receita Federal do Brasil em Coronel Fabriciano (MG), Código FG-3.</p><p>Nº 4.292 Dispensar, a partir de 01/01/2018, a Analista-Tributário da Receita Federal do Brasil TEREZA CRISTINA ESTEVES BRAGA, matrícula SiapeCad nº 01811783, da Função Gratificada de Agente da Receita Federal do Brasil em Joao Monlevade (MG), jurisdição da Delegacia da Receita Federal do Brasil em Coronel Fabriciano (MG), Código FG-1.</p><p>Nº 4.293 Dispensar, a partir de 01/01/2018, a Analista-Tributário da Receita Federal do Brasil MAGDA BARCELOS GOMES, matrícula SiapeCad nº 01292819, da Função Gratificada de Agente da Receita Federal do Brasil em Itabira (MG), jurisdição da Delegacia da Receita Federal do Brasil em Coronel Fabriciano (MG), Código FG-1.</p><p>Nº 4.294 Dispensar, a partir de 01/01/2018, o Analista-Tributário da Receita Federal do Brasil ALEX DIAS RODRIGUES, matrícula SiapeCad nº 01292051, da Função Gratificada de Chefe da Seção de Tecnologia da Informação - Satec da Delegacia da Receita Federal do Brasil em Pocos de Caldas (MG), Código FG-1.</p><p>Nº 4.295 Dispensar, a partir de 01/01/2018, o Analista-Tributário da Receita Federal do Brasil REGINALDO MENGALI, matrícula SiapeCad nº 00057740, da Função Gratificada de Chefe da Seção de Programação e Logística - Sapol da Delegacia da Receita Federal do Brasil em Pocos de Caldas (MG), Código FG-1.</p><p>Nº 4.296 Dispensar, a partir de 01/01/2018, o Auditor-Fiscal da Receita Federal do Brasil DANIEL COELHO, matrícula SiapeCad nº 00018437, da Função Gratificada de Chefe da Equipe de Repressão Aduaneira - ERA da Delegacia da Receita Federal do Brasil em Pocos de Caldas (MG), Código FG-3.</p><p>Nº 4.297 Dispensar, a partir de 01/01/2018, o Analista-Tributário da Receita Federal do Brasil PERICLES GOMES LUZ, matrícula SiapeCad nº 00068583, da Função Gratificada de Chefe da Seção de Tecnologia da Informação - Satec da Delegacia da Receita Federal do Brasil em Sete Lagoas (MG), Código FG-1.</p><p>Nº 4.298 Dispensar, a partir de 01/01/2018, o Analista-Tributário da Receita Federal do Brasil EDUARDO MARTINS COELHO, matrícula SiapeCad nº 00015380, da Função Comissionada do Poder Executivo de Agente da Receita Federal do Brasil em Pedro Leopoldo (MG), jurisdição da Delegacia da Receita Federal do Brasil em Sete Lagoas (MG), Código FCPE-101.1.</p><p>Nº 4.299 Dispensar, a partir de 01/01/2018, o Analista-Tributário da Receita Federal do Brasil FERNANDO VICTOR BARBOSA MATOS, matrícula SiapeCad nº 00056872, do encargo de Substituto Eventual do Agente da Receita Federal do Brasil em Pedro Leopoldo (MG), jurisdição da Delegacia da Receita Federal do Brasil em Sete Lagoas (MG), Código FCPE-101.1.</p><p>Nº 4.300 Dispensar, a partir de 01/01/2018, o Analista-Tributário da Receita Federal do Brasil FERNANDO VICTOR BARBOSA MATOS, matrícula SiapeCad nº 00056872, da Função Gratificada de Chefe do Setor de Arrecadação e Cobrança - Sorac da Agência da Receita Federal do Brasil em Pedro Leopoldo (MG), jurisdição da Delegacia da Receita Federal do Brasil em Sete Lagoas (MG), Código FG-2.</p><p>Nº 4.301 Dispensar, a partir de 01/01/2018, o Analista-Tributário da Receita Federal do Brasil GABRIEL JOSE DE CARVALHO ELECTO, matrícula SiapeCad nº 00087935, da Função Gratificada de Chefe da Equipe de Atendimento ao Contribuinte - EAT/1 da Agência da Receita Federal do Brasil em Pedro Leopoldo (MG), jurisdição da Delegacia da Receita Federal do Brasil em Sete Lagoas (MG), Código FG-2.</p><p>Nº 4.302 Dispensar, a partir de 01/01/2018, o Analista-Tributário da Receita Federal do Brasil SANDRO RODRIGUES ALVES, matrícula SiapeCad nº 01291588, da Função Gratificada de Chefe da Equipe de Atendimento ao Contribuinte - EAT/2 da Agência da Receita Federal do Brasil em Pedro Leopoldo (MG), jurisdição da Delegacia da Receita Federal do Brasil em Sete Lagoas (MG), Código FG-2.</p><p>Nº 4.303 Dispensar, a partir de 01/01/2018, a Analista-Tributário da Receita Federal do Brasil VERA LUCIA SANTOS FERNANDES, matrícula SiapeCad nº 00012889, da Função Comissionada do Poder Executivo de Agente da Receita Federal do Brasil em Curvelo (MG), jurisdição da Delegacia da Receita Federal do Brasil em Sete Lagoas (MG), Código FCPE-101.1.</p><p>Nº 4.304 Dispensar, a partir de 01/01/2018, a Analista-Tributário da Receita Federal do Brasil NILDENE GONCALVES DO AMARANTE, matrícula SiapeCad nº 00057316, do encargo de Substituto Eventual do Agente da Receita Federal do Brasil em Curvelo (MG), jurisdição da Delegacia da Receita Federal do Brasil em Sete Lagoas (MG), Código FCPE-101.1.</p><p>Nº 4.305 Dispensar, a partir de 01/01/2018, a Analista-Tributário da Receita Federal do Brasil NILDENE GONCALVES DO AMARANTE, matrícula SiapeCad nº 00057316, da Função Gratificada de Chefe do Setor de Arrecadação e Cobrança - Sorac da Agência da Receita Federal do Brasil em Curvelo (MG), jurisdição da Delegacia da Receita Federal do Brasil em Sete Lagoas (MG), Código FG-2.</p><p>Nº 4.306 Dispensar, a partir de 01/01/2018, a Analista-Tributário da Receita Federal do Brasil MARISA MATOSO VIANA SILVA, matrícula SiapeCad nº 00016076, da Função Gratificada de Chefe da Equipe de Atendimento ao Contribuinte - EAT/1 da Agência da Receita Federal do Brasil em Curvelo (MG), jurisdição da Delegacia da Receita Federal do Brasil em Sete Lagoas (MG), Código FG-2.</p><p>Nº 4.307 Dispensar, a partir de 01/01/2018, o Agente Administrativo ALEXANDRE MAGNO PALHARES DE CAMPOS, matrícula SiapeCad nº 00015475, da Função Gratificada de Chefe da Equipe de Atendimento ao Contribuinte - EAT/2 da Agência da Receita Federal do Brasil em Curvelo (MG), jurisdição da Delegacia da Receita Federal do Brasil em Sete Lagoas (MG), Código FG-2.</p><p>Nº 4.308 Dispensar, a partir de 01/01/2018, a Técnico do Seguro Social JOCELYN ANDRADE LIMA DE OLIVEIRA, matrícula SiapeCad nº 01184429, da Função Gratificada de Chefe da Equipe de Atendimento ao Contribuinte - EAT da Agência da Receita Federal do Brasil em Diamantina (MG), jurisdição da Delegacia da Receita Federal do Brasil em Sete Lagoas (MG), Código FG-3.</p><p>Nº 4.309 Exonerar, a partir de 01/01/2018, o Auditor-Fiscal da Receita Federal do Brasil ORLANDO SOARES DOS SANTOS, matrícula SiapeCad nº 00064365, do cargo em comissão de Inspetor-Chefe da Receita Federal do Brasil em Belo Horizonte (MG), Código DAS-101.3.</p><p>Nº 4.310 Dispensar, a partir de 01/01/2018, o Auditor-Fiscal da Receita Federal do Brasil JOAO BATISTA DE SOUZA TRIGUEIRO, matrícula SiapeCad nº 00014054, do encargo de Substituto Eventual do Inspetor-Chefe da Receita Federal do Brasil em Belo Horizonte (MG), Código DAS-101.3.</p><p>Nº 4.311 Dispensar, a partir de 01/01/2018, o Auditor-Fiscal da Receita Federal do Brasil JOAO BATISTA DE SOUZA TRIGUEIRO, matrícula SiapeCad nº 00014054, da Função Comissionada do Poder Executivo de Inspetor-Chefe Adjunto da Receita Federal do Brasil em Belo Horizonte (MG), Código FCPE-101.1.</p><p>Nº 4.312 Dispensar, a partir de 01/01/2018, a Auditora-Fiscal da Receita Federal do Brasil AMANDA MARTHA VIEIRA SCARLATELLI LIMA DUTRA, matrícula SiapeCad nº 01291860, da Função Comissionada do Poder Executivo de Chefe do Serviço de Fiscalização Aduaneira - Sefia da Inspetoria da Receita Federal do Brasil em Belo Horizonte (MG), Código FCPE-101.1.</p><p>Nº 4.313 Dispensar, a partir de 01/01/2018, o Auditor-Fiscal da Receita Federal do Brasil CLAUDIO TAKASHI IKEMURA, matrícula SiapeCad nº 00065490, do encargo de Substituto Eventual do Chefe do Serviço de Fiscalização Aduaneira - Sefia da Inspetoria da Receita Federal do Brasil em Belo Horizonte (MG), Código FCPE-101.1.</p><p>Nº 4.314 Dispensar, a partir de 01/01/2018, o Auditor-Fiscal da Receita Federal do Brasil JOSE BATISTA ROLDAO, matrícula SiapeCad nº 00010944, da Função Gratificada de Assistente da Inspetoria da Receita Federal do Brasil em Belo Horizonte (MG), Código FG-1.</p><p>Nº 4.315 Dispensar, a partir de 01/01/2018, a Analista-Tributário da Receita Federal do Brasil SONIA MAIA BOTELHO, matrícula SiapeCad nº 00065240, da Função Gratificada de Chefe da Seção de Tecnologia da Informação - Satec da Inspetoria da Receita Federal do Brasil em Belo Horizonte (MG), Código FG-1.</p><p>Nº 4.316 Dispensar, a partir de 01/01/2018, o Auditor-Fiscal da Receita Federal do Brasil ANTONIO JOSE MARTINS COELHO, matrícula SiapeCad nº 01220149, da Função Gratificada de Chefe da Seção de Procedimentos Especiais Aduaneiros - Sapea da Inspetoria da Receita Federal do Brasil em Belo Horizonte (MG), Código FG-1.</p><p>Nº 4.317 Dispensar, a partir de 01/01/2018, o Analista-Tributário da Receita Federal do Brasil AUGUSTO MAGNO RODRIGUES GONCALVES, matrícula SiapeCad nº 01812113, da Função Gratificada de Chefe da Seção de Programação e Logística - Sapol da Inspetoria da Receita Federal do Brasil em Belo Horizonte (MG), Código FG-1.</p><p>Nº 4.318 Dispensar, a partir de 01/01/2018, o Auditor-Fiscal da Receita Federal do Brasil JOSE HENRIQUE PEREIRA GONCALVES, matrícula SiapeCad nº 00064206, da Função Comissionada do Poder Executivo de Chefe do Serviço de Arrecadação e Cobrança - Serac da Inspetoria da Receita Federal do Brasil em Belo Horizonte (MG), Código FCPE-101.1.</p><p>Nº 4.319 Dispensar, a partir de 01/01/2018, o Auditor-Fiscal da Receita Federal do Brasil BERNARDO AMARO DIAS LAUAR, matrícula SiapeCad nº 01220835, do encargo de Substituto Eventual do Chefe do Serviço de Arrecadação e Cobrança - Serac da Inspetoria da Receita Federal do Brasil em Belo Horizonte (MG), Código FCPE-101.1.</p><p>Nº 4.320 Dispensar, a partir de 01/01/2018, o Auditor-Fiscal da Receita Federal do Brasil PAULO ROBERTO DE OLIVEIRA LONDE, matrícula SiapeCad nº 01573073, da Função Comissionada do Poder Executivo de Chefe do Serviço de Pesquisa e Seleção Aduaneira - Sepel da Inspetoria da Receita Federal do Brasil em Belo Horizonte (MG), Código FCPE-101.1.</p><p>Nº 4.321 Dispensar, a partir de 01/01/2018, o Auditor-Fiscal da Receita Federal do Brasil MARCIO RAFAEL DIAS BROCHADO, matrícula SiapeCad nº 01131331, do encargo de Substituto Eventual do Chefe do Serviço de Pesquisa e Seleção Aduaneira - Sepel da Inspetoria da Receita Federal do Brasil em Belo Horizonte (MG), Código FCPE-101.1.</p><p>Nº 4.322 Dispensar, a partir de 01/01/2018, o Auditor-Fiscal da Receita Federal do Brasil SEBASTIAO ROMULO RUSSO, matrícula SiapeCad nº 00007438, da Função Gratificada de Chefe da Seção de Vigilância e Controle Aduaneiro - Savig da Inspetoria da Receita Federal do Brasil em Belo Horizonte (MG), Código FG-1.</p><p>Nº 4.323 Dispensar, a partir de 01/01/2018, a Auditora-Fiscal da Receita Federal do Brasil JACQUELINE MOREIRA, matrícula SiapeCad nº 00880094, da Função Gratificada de Chefe da Seção de Despacho Aduaneiro - Sadad da Inspetoria da Receita Federal do Brasil em Belo Horizonte (MG), Código FG-1.</p><p>Nº 4.324 Dispensar, a partir de 01/01/2018, o Auditor-Fiscal da Receita Federal do Brasil LUIZ ROBERTO LEDSHAM, matrícula SiapeCad nº 00067798, da Função Gratificada de Chefe da Equipe Aduaneira - EAD/1 da Inspetoria da Receita Federal do Brasil em Belo Horizonte (MG), Código FG-1.</p><p>Nº 4.325 Dispensar, a partir de 01/01/2018, o Auditor-Fiscal da Receita Federal do Brasil GLADSON ALVES MAGALHAES, matrícula SiapeCad nº 01570214, da Função Gratificada de Chefe da Equipe Aduaneira - EAD/2 da Inspetoria da Receita Federal do Brasil em Belo Horizonte (MG), Código FG-1.</p><p>Nº 4.326 Dispensar, a partir de 01/01/2018, o Auditor-Fiscal da Receita Federal do Brasil REINALDO MAGELA REIS, matrícula SiapeCad nº 00010780, da Função Gratificada de Chefe da Equipe Aduaneira - EAD/3 da Inspetoria da Receita Federal do Brasil em Belo Horizonte (MG), Código FG-2.</p><p>Nº 4.327 Dispensar, a partir de 01/01/2018, o Auditor-Fiscal da Receita Federal do Brasil SUERDMAR JOSE LELIS, matrícula SiapeCad nº 01133202, da Função Gratificada de Chefe da Equipe Aduaneira - EAD/4 da Inspetoria da Receita Federal do Brasil em Belo Horizonte (MG), Código FG-3.</p><p>Nº 4.328 Dispensar, a partir de 01/01/2018, o Auditor-Fiscal da Receita Federal do Brasil CLAUDIO TAKASHI IKEMURA, matrícula SiapeCad nº 00065490, da Função Gratificada de Chefe da Equipe Aduaneira - EAD/5 da Inspetoria da Receita Federal do Brasil em Belo Horizonte (MG), Código FG-3.</p><p>Nº 4.329 Dispensar, a partir de 01/01/2018, o Auditor-Fiscal da Receita Federal do Brasil RODRIGO DINIZ, matrícula SiapeCad nº 00064337, da Função Gratificada de Chefe da Equipe Aduaneira - EAD/6 da Inspetoria da Receita Federal do Brasil em Belo Horizonte (MG), Código FG-3.</p><p>Nº 4.330 Dispensar, a partir de 01/01/2018, a Analista-Tributário da Receita Federal do Brasil SELMA FONSECA DA SILVA, matrícula SiapeCad nº 00008919, da Função Gratificada de Chefe da Equipe Aduaneira - EAD/7 da Inspetoria da Receita Federal do Brasil em Belo Horizonte (MG), Código FG-3.</p><p>Nº 4.331 Dispensar, a partir de 01/01/2018, a Analista-Tributário da Receita Federal do Brasil ELISA TOSTES GAZZINELLI, matrícula SiapeCad nº 01296103, da Função Gratificada de Chefe da Equipe de Atendimento ao Contribuinte - EAT/1 da Inspetoria da Receita Federal do Brasil em Belo Horizonte (MG), Código FG-3.</p><p>Nº 4.332 Dispensar, a partir de 01/01/2018, a Analista-Tributário da Receita Federal do Brasil VANIA MARIA DOS SANTOS CASTRO, matrícula SiapeCad nº 01291627, da Função Comissionada do Poder Executivo de Chefe do Serviço de Tecnologia da Informação e Logística - Setel da Delegacia Especial da Receita Federal do Brasil de Maiores Contribuintes em Belo Horizonte (MG), Código FCPE-101.1.</p><p>Nº 4.333 Dispensar, a partir de 01/01/2018, a Analista-Tributário da Receita Federal do Brasil CYNTHIA GUIMARAES DIAS SILVA, matrícula SiapeCad nº 01291828, do encargo de Substituto Eventual do Chefe do Serviço de Tecnologia da Informação e Logística - Setel da Delegacia Especial da Receita Federal do Brasil de Maiores Contribuintes em Belo Horizonte (MG), Código FCPE-101.1.</p><p>Nº 4.334 Dispensar, a partir de 01/01/2018, a Auditora-Fiscal da Receita Federal do Brasil JUNIA DE CASTRO CAPUTE, matrícula SiapeCad nº 00015578, da Função Gratificada de Chefe da Equipe de Fiscalização - EFI/4 da Delegacia Especial da Receita Federal do Brasil de Maiores Contribuintes em Belo Horizonte (MG), Código FG-2.</p><p>Nº 4.335 Dispensar, a partir de 01/01/2018, o Auditor-Fiscal da Receita Federal do Brasil HENRIQUE DA SILVEIRA, matrícula SiapeCad nº 01281456, da Função Gratificada de Chefe da Equipe de Fiscalização - EFI/5 da Delegacia Especial da Receita Federal do Brasil de Maiores Contribuintes em Belo Horizonte (MG), Código FG-3.</p><p>Nº 4.336 Dispensar, a partir de 01/01/2018, a Auditora-Fiscal da Receita Federal do Brasil IVANA FLAUSINO VITOLO, matrícula SiapeCad nº 01291801, da Função Gratificada de Chefe da Equipe de Fiscalização - EFI/6 da Delegacia Especial da Receita Federal do Brasil de Maiores Contribuintes em Belo Horizonte (MG), Código FG-3.</p><p>Nº 4.337 Dispensar, a partir de 01/01/2018, o Auditor-Fiscal da Receita Federal do Brasil MARCELO DA SILVA MONTALVAO MELO, matrícula SiapeCad nº 00064335, da Função Gratificada de Chefe da Equipe de Fiscalização - EFI/7 da Delegacia Especial da Receita Federal do Brasil de Maiores Contribuintes em Belo Horizonte (MG), Código FG-3.</p><p>Nº 4.338 Dispensar, a partir de 01/01/2018, a Auditora-Fiscal da Receita Federal do Brasil MONICA ALVES DE OLIVEIRA MOURAO, matrícula SiapeCad nº 00015051, da Função Gratificada de Chefe da Equipe de Tributação - ETR da Delegacia Especial da Receita Federal do Brasil de Maiores Contribuintes em Belo Horizonte (MG), Código FG-1.</p>]]></Texto>
    <Autores>
      <assina>JORGE ANTONIO DEHER RACHID</assina>
    </Autores>
  </body>
</article></xml>