﻿<xml><article id="961366" name="Para Publicação no DOU - Portari" idOficio="4622234" pubName="DO2" artType="Portaria" pubDate="02/01/2018" artClass="00011:00059:00002:00000:00000:00000:00000:00000:00000:00000:00025:00001" artSection="Campus Araquari" artCategory="Campus Araquari" artSize="8" artNotes="" numberPage="19" pdfPage="http://pesquisa.in.gov.br/imprensa/jsp/visualiza/index.jsp?data=02/01/2018&amp;jornal=529&amp;pagina=19" editionNumber="1">
  <body>
    <Identifica><![CDATA[PORTARIAS DE 27 DE DEZEMBRO DE 2017]]></Identifica>
    <Data><![CDATA[]]></Data>
    <Ementa />
    <Titulo />
    <SubTitulo />
    <Texto><![CDATA[<p> O DIRETOR GERAL DO INSTITUTO FEDERAL DE EDUCAÇÃO CIÊNCIA E TECNOLOGIA CATARINENSE CAMPUS ARAQUARI, no uso da subdelegação de competência que lhe foi atribuída pela Portaria n. 290/2016, de 26/01/2016, publicada no Diário Oficial da União de 27/01/2016, resolve:</p><p> 389 Art. 1º - DISPENSAR a servidora DENISE MARTINS, ocupante do cargo de Assistente em Administração, Matrícula nº 2009524, da Função Gratificada de Chefe de Gabinete, código FG-1, do Instituto Federal Catarinense - Campus Araquari. </p><p>Nº 390 Art. 1º - DISPENSAR a servidora KARINNA ALVES CARGNIN, ocupante do cargo de Assistente em Administração, SIAPE nº1755231, da Função Gratificada de Pesquisadora Institucional, código FG-1, do Instituto Federal Catarinense - Campus Araquari.</p><p>Nº 391 Art. 1º - DISPENSAR o servidor OTAIR ALVES GONÇALVES, ocupante do cargo de Auxiliar de Agropecuária, Matrícula nº 1159854, da Função Gratificada de Coordenador de Cooperativismo, código FG-3, do Instituto Federal Catarinense - Campus Araquari.</p><p>Nº 392 Art. 1º - DISPENSAR o servidor JOVERCI ANTÔNIO POCERA, ocupante do cargo de Técnico em Agropecuária, Matrícula nº 1159518, da Função Gratificada de Coordenador de Estágios e Relações Externas, código FG-2, do Instituto Federal Catarinense - Campus Araquari.</p><p>Nº 393 Art. 1º - DISPENSAR o servidor ROGERIO COGO, Técnico em Agropecuária, do Cargo, SIAPE nº  258746, da Função Gratificada de Coordenador de Mecanização e Transporte, código FG-2, do Instituto Federal Catarinense - Campus Araquari.</p><p>Nº 395 Art. 1º - DISPENSAR o servidor JOÃO JOSÉ DO AMARAL VIEIRA, ocupante do cargo de Auxiliar de Agropecuária, siape n°1160162,do Cargo Comissionado de Coordenador Geral de Produção, código FG-4, do Instituto Federal Catarinense - Campus Araquari.</p><p>Nº 396 Art. 1º - EXONERAR o servidor MOACIR SOARES PEREIRA, ocupante do cargo de Técnico em Agropecuária, Matrícula nº 1158835, do Cargo Comissionado de Coordenador Geral de Infraestrutura e Serviços, código CD-4, do Instituto Federal Catarinense - Campus Araquari.</p><p>Nº 405 Art. 1º - EXONERAR o servidor ROGÉRIO COGO, ocupante do cargo de Técnico em Agropecuária, siape n°258746, da Função Gratificada de SUBSTITUTO da Coordenação Geral de Infraestrutura e Serviços (CGIS), código CD-4 do Instituto Federal Catarinense - Campus Araquari.</p><p>Nº 397  Art. 1º - DESIGNAR o servidor JOVERCI ANTÔNIO POCERA, ocupante do cargo de Técnico em Agropecuária, Matrícula nº 1159518, para a Função Gratificada de Coordenador de Estágios e Relações Externas, código FG-4, do Instituto Federal Catarinense - Campus Araquari.</p><p>Nº 399 Art. 1º - DESIGNAR a servidora KARINNA ALVES CARGNIN, ocupante do cargo de Assistente em Administração, SIAPE nº1755231, para a Função Gratificada de Pesquisadora Institucional, código FG-2, do Instituto Federal Catarinense - Campus Araquari.</p><p>Nº 400 Art. 1º - DESIGNAR o servidor OTAIR ALVES GONÇALVES, ocupante do cargo de Auxiliar de Agropecuária, Matrícula nº 1159854, para a Função Gratificada de Coordenador de Cooperativismo, código FG-4, do Instituto Federal Catarinense - Campus Araquari.</p><p>Nº 401 Art. 1º - Designar a servidora DENISE MARTINS, ocupante do cargo de Assistente em Administração, Matrícula nº 2009524, para a Função Gratificada de Chefe de Gabinete, código FG-2, do Instituto Federal Catarinense - Campus Araquari.</p><p>Nº 402 Art. 1º - DESIGNAR o servidor ROGERIO COGO, Técnico em Agropecuária, do Cargo, SIAPE nº 258746, para a Função Gratificada de Coordenador de Mecanização e Transporte, código FG-3, do Instituto Federal Catarinense - Campus Araquari.</p><p>Nº 404 Art. 1º - NOMEAR o servidor MOACIR SOARES PEREIRA, ocupante do cargo de Técnico em Agropecuária, Matrícula nº 1158835, para o Cargo Comissionado de Coordenador Geral de Infraestrutura, Serviços e Produção (CGISP), código CD-4, do Instituto Federal Catarinense - Campus Araquari.</p><p>Nº 406 Art. 1º - DESIGNAR o servidor JOÃO JOSÉ DO AMARAL VIEIRA, ocupante do cargo de Auxiliar de Agropecuária, siape n°1160162, para o Cargo de Chefia de Produção, código FG-4, do Instituto Federal Catarinense - Campus Araquari.</p><p>Nº 407 Art. 1º - NOMEAR o servidor ROGÉRIO COGO, ocupante do cargo de Técnico em Agropecuária, siape n°258746, da Função Gratificada de SUBSTITUTO da Coordenação Geral de Infraestrutura, Serviços e Produção (CGISP), código CD-4 do Instituto Federal Catarinense - Campus Araquari.</p><p>Art. 2.  Estas portarias entram em vigor na data de sua publicação</p>]]></Texto>
    <Autores>
      <assina>JONAS CUNHA ESPÍNDOLA</assina>
    </Autores>
  </body>
</article></xml>