﻿<xml><article id="961321" name="3342" idOficio="4622173" pubName="DO2" artType="Portaria" pubDate="02/01/2018" artClass="00011:00056:00000:00000:00000:00000:00000:00000:00000:00000:00025:00001" artSection="Ministério da Educação" artCategory="Instituto Federal de Educação, Ciência e Tecnologia da Bahia" artSize="8" artNotes="" numberPage="18" pdfPage="http://pesquisa.in.gov.br/imprensa/jsp/visualiza/index.jsp?data=02/01/2018&amp;jornal=529&amp;pagina=18" editionNumber="1">
  <body>
    <Identifica><![CDATA[PORTARIA Nº 3.342, DE 18 DE DEZEMBRO DE 2017]]></Identifica>
    <Data><![CDATA[]]></Data>
    <Ementa />
    <Titulo />
    <SubTitulo />
    <Texto><![CDATA[<p> O REITOR DO INSTITUTO FEDERAL DE EDUCAÇÃO, CIÊNCIA E TECNOLOGIA DA BAHIA, no uso de suas atribuições legais e considerando o teor do processo n 23280.003230/2017-83, resolve:</p><p>Art. 1 - DESIGNAR a servidora JAISE SANTOS DOS REIS, SIAPE 2194888, Arquivista, para exercer a função de Chefe do Arquivo, FG-04, do Campus Valença.</p><p>Art. 2 - Esta portaria entra em vigor a partir da data de sua publicação.</p>]]></Texto>
    <Autores>
      <assina>RENATO DA ANUNCIACAO FILHO</assina>
    </Autores>
  </body>
</article></xml>