﻿<xml><article id="961437" name="PORTARIA Nº 210-SECEX" idOficio="4622703" pubName="DO2" artType="Portaria" pubDate="02/01/2018" artClass="00025:00002:00016:00037:00000:00000:00000:00000:00000:00000:00025:00001" artSection="Coordenação-Geral de Gestão de Pessoas" artCategory="Coordenação-Geral de Gestão de Pessoas" artSize="8" artNotes="" numberPage="130" pdfPage="http://pesquisa.in.gov.br/imprensa/jsp/visualiza/index.jsp?data=02/01/2018&amp;jornal=529&amp;pagina=130" editionNumber="1">
  <body>
    <Identifica><![CDATA[PORTARIA Nº 210, DE 27 DE DEZEMBRO DE 2017]]></Identifica>
    <Data><![CDATA[]]></Data>
    <Ementa />
    <Titulo />
    <SubTitulo />
    <Texto><![CDATA[<p> O COORDENADOR-GERAL DE GESTÃO DE PESSOAS DO MINISTÉRIO DO MEIO AMBIENTE, SUBSTITUTO, no uso da competência que lhe foi atribuída pela Portaria nº 146, de 19 de agosto de 2010, publicada no Diário Oficial da União do dia 30 de agosto de 2010, resolve:</p><p>Art.1º Conceder aposentadoria voluntária com proventos integrais à servidora DEUSICLEA BARBOZA DE CASTRO, matrícula SIAPE nº 0000959, ocupante do cargo de Agente Administrativo, Classe "S", Padrão "III", pertencente ao quadro de pessoal deste Ministério, com fundamento no art. 3°, incisos I, II, III, e parágrafo único da Emenda Constitucional n° 47/2005, com a vantagem prevista no artigo 62-A da Lei nº 8.112, de 11 de dezembro de 1990. (Processo nº 02000.210418/2017-13).</p><p>Art. 2º Declarar vago o referido cargo, em atendimento ao disposto no art. 33, inciso VII, da Lei nº 8.112/90.</p>]]></Texto>
    <Autores>
      <assina>JADSON LUIZ BENTO FERREIRA</assina>
    </Autores>
  </body>
</article></xml>