﻿<xml><article id="961372" name="PRFB4019a4127" idOficio="4622210" pubName="DO2" artType="Portaria" pubDate="02/01/2018" artClass="00012:00055:00000:00000:00000:00000:00000:00000:00000:00000:00025:00003" artSection="Ministério da Fazenda" artCategory="Secretaria da Receita Federal do Brasil" artSize="8" artNotes="" numberPage="48-49-50-57" pdfPage="http://pesquisa.in.gov.br/imprensa/jsp/visualiza/index.jsp?data=02/01/2018&amp;jornal=529&amp;pagina=48,http://pesquisa.in.gov.br/imprensa/jsp/visualiza/index.jsp?data=02/01/2018&amp;jornal=529&amp;pagina=49,http://pesquisa.in.gov.br/imprensa/jsp/visualiza/index.jsp?data=02/01/2018&amp;jornal=529&amp;pagina=50,http://pesquisa.in.gov.br/imprensa/jsp/visualiza/index.jsp?data=02/01/2018&amp;jornal=529&amp;pagina=57" editionNumber="1">
  <body>
    <Identifica><![CDATA[PORTARIAS DE 26 DE DEZEMBRO DE 2017]]></Identifica>
    <Data><![CDATA[]]></Data>
    <Ementa />
    <Titulo />
    <SubTitulo />
    <Texto><![CDATA[<p> O SECRETÁRIO DA RECEITA FEDERAL DO BRASIL, no uso das competências que lhe foram delegada e subdelegada, respectivamente, pelas Portarias MF nºs 392 e 393, de 14 de julho de 2009, alteradas pela Portaria MF nº 100, de 28 de março de 2017, resolve:</p><p>Nº 4.019 Dispensar, a partir de 01/01/2018, o Auditor-Fiscal da Receita Federal do Brasil TITO MARCUS DE LIMA COELHO, matrícula SiapeCad nº 00013367, da Função Comissionada do Poder Executivo de Chefe da Divisão de Repressão ao Contrabando e Descaminho - Direp da Superintendência Regional da Receita Federal do Brasil da 2ª Região Fiscal (PA), Código FCPE-101.2.</p><p>Nº 4.020 Dispensar, a partir de 01/01/2018, o Auditor-Fiscal da Receita Federal do Brasil ALAN SULLIVAN SILVA DE VASCONCELOS, matrícula SiapeCad nº 01490835, do encargo de Substituto Eventual do Chefe da Divisão de Repressão ao Contrabando e Descaminho - Direp da Superintendência Regional da Receita Federal do Brasil da 2ª Região Fiscal (PA), Código FCPE-101.2.</p><p>Nº 4.021 Dispensar, a partir de 01/01/2018, o Analista-Tributário da Receita Federal do Brasil AUGUSTO DA COSTA COROA, matrícula SiapeCad nº 00008655, da Função Comissionada do Poder Executivo de Chefe da Divisão de Tecnologia da Informação - Ditec da Superintendência Regional da Receita Federal do Brasil da 2ª Região Fiscal (PA), Código FCPE-101.2.</p><p>Nº 4.022 Dispensar, a partir de 01/01/2018, o Analista-Tributário da Receita Federal do Brasil MAX ROTHE NEVES, matrícula SiapeCad nº 01295417, do encargo de Substituto Eventual do Chefe da Divisão de Tecnologia da Informação - Ditec da Superintendência Regional da Receita Federal do Brasil da 2ª Região Fiscal (PA), Código FCPE-101.2.</p><p>Nº 4.023 Dispensar, a partir de 01/01/2018, o Analista-Tributário da Receita Federal do Brasil RONALDO NOGUEIRA DA SILVA, matrícula SiapeCad nº 01232580, da Função Gratificada de Chefe da Seção de Gestão de Mercadorias Apreendidas - Samap da Superintendência Regional da Receita Federal do Brasil da 2ª Região Fiscal (PA), Código FG-1.</p><p>Nº 4.024 Dispensar, a partir de 01/01/2018, a Auditora-Fiscal da Receita Federal do Brasil SIMONE MAIA COVRE, matrícula SiapeCad nº 02006739, da Função Gratificada de Chefe da Equipe de Fiscalização - EFI da Superintendência Regional da Receita Federal do Brasil da 2ª Região Fiscal (PA), Código FG-1.</p><p>Nº 4.025 Dispensar, a partir de 01/01/2018, a Analista-Tributário da Receita Federal do Brasil DANIELLA MERCES, matrícula SiapeCad nº 01214339, da Função Gratificada de Chefe da Equipe de Gestão de Pessoas - EGP da Superintendência Regional da Receita Federal do Brasil da 2ª Região Fiscal (PA), Código FG-1.</p><p>Nº 4.026 Dispensar, a partir de 01/01/2018, a Analista Técnico-Administrativo FLAVIA BRITO CAMARA YAMADA, matrícula SiapeCad nº 01904361, da Função Gratificada de Chefe da Equipe de Logística - ELG da Superintendência Regional da Receita Federal do Brasil da 2ª Região Fiscal (PA), Código FG-1.</p><p>Nº 4.027 Dispensar, a partir de 01/01/2018, a Analista-Tributário da Receita Federal do Brasil ROSELI DE FATIMA TAVARES GUIMARAES, matrícula SiapeCad nº 00008842, da Função Comissionada do Poder Executivo de Chefe da Equipe de Logística - ELG/2 da Superintendência Regional da Receita Federal do Brasil da 2ª Região Fiscal (PA), Código FCPE-101.1.</p><p>Nº 4.028 Dispensar, a partir de 01/01/2018, o Analista-Tributário da Receita Federal do Brasil ATANIEL JOSE MENDES DOS SANTOS, matrícula SiapeCad nº 01215001, da Função Gratificada de Chefe da Equipe de Repressão Aduaneira - ERA da Superintendência Regional da Receita Federal do Brasil da 2ª Região Fiscal (PA), Código FG-1.</p><p>Nº 4.029 Dispensar, a partir de 01/01/2018, a Assistente Técnico-Administrativo ANA BEATRIZ SANTOS CORREA, matrícula SiapeCad nº 01594808, da Função Gratificada de Assistente da Superintendência Regional da Receita Federal do Brasil da 2ª Região Fiscal (PA), Código FG-2.</p><p>Nº 4.030 Dispensar, a partir de 01/01/2018, o Analista-Tributário da Receita Federal do Brasil IGOR MICHAEL ALMEIDA VELUDO GOUVEIA, matrícula SiapeCad nº 01293178, da Função Gratificada de Assistente da Superintendência Regional da Receita Federal do Brasil da 2ª Região Fiscal (PA), Código FG-2.</p><p>Nº 4.031 Dispensar, a partir de 01/01/2018, a Auditora-Fiscal da Receita Federal do Brasil MARIELIZA VASCONCELOS DE LUCA, matrícula SiapeCad nº 00025421, da Função Comissionada do Poder Executivo de Chefe do Serviço de Programação e Logística - Sepol da Delegacia da Receita Federal do Brasil em Belem (PA), Código FCPE-101.1.</p><p>Nº 4.032 Dispensar, a partir de 01/01/2018, o Economista PAULO SERGIO SANTOS GONCALVES, matrícula SiapeCad nº 00027159, do encargo de Substituto Eventual do Chefe do Serviço de Programação e Logística - Sepol da Delegacia da Receita Federal do Brasil em Belem (PA), Código FCPE-101.1.</p><p>Nº 4.033 Dispensar, a partir de 01/01/2018, a Analista-Tributário da Receita Federal do Brasil CYNTHIA MARA DE OLIVEIRA NOGUEIRA, matrícula SiapeCad nº 00068878, da Função Comissionada do Poder Executivo de Chefe do Serviço de Tecnologia da Informação - Setec da Delegacia da Receita Federal do Brasil em Belem (PA), Código FCPE-101.1.</p><p>Nº 4.034 Dispensar, a partir de 01/01/2018, o Analista-Tributário da Receita Federal do Brasil ADENIL DE JESUS DE LIMA RIBEIRO, matrícula SiapeCad nº 00008341, do encargo de Substituto Eventual do Chefe do Serviço de Tecnologia da Informação - Setec da Delegacia da Receita Federal do Brasil em Belem (PA), Código FCPE-101.1.</p><p>Nº 4.035 Dispensar, a partir de 01/01/2018, o Economista PAULO SERGIO SANTOS GONCALVES, matrícula SiapeCad nº 00027159, da Função Gratificada de Chefe da Equipe de Logística - ELG da Delegacia da Receita Federal do Brasil em Belem (PA), Código FG-1.</p><p>Nº 4.036 Dispensar, a partir de 01/01/2018, a Técnico do Seguro Social MARIA DO SOCORRO DE OLIVEIRA VIEIRA, matrícula SiapeCad nº 00876475, da Função Gratificada de Chefe da Equipe de Atendimento ao Contribuinte - EAT da Agência da Receita Federal do Brasil em Capanema (PA), jurisdição da Delegacia da Receita Federal do Brasil em Belem (PA), Código FG-3.</p><p>Nº 4.037 Dispensar, a partir de 01/01/2018, o Técnico do Seguro Social MANOEL JOAO FERREIRA QUARESMA, matrícula SiapeCad nº 00833005, da Função Gratificada de Chefe da Equipe de Atendimento ao Contribuinte - EAT da Agência da Receita Federal do Brasil em Abaetetuba (PA), jurisdição da Delegacia da Receita Federal do Brasil em Belem (PA), Código FG-3.</p><p>Nº 4.038 Dispensar, a partir de 01/01/2018, o Analista-Tributário da Receita Federal do Brasil MARCUS GEMAQUE MACIEL, matrícula SiapeCad nº 01295829, da Função Gratificada de Chefe da Equipe de Atendimento ao Contribuinte - EAT da Agência da Receita Federal do Brasil em Castanhal (PA), jurisdição da Delegacia da Receita Federal do Brasil em Belem (PA), Código FG-3.</p><p>Nº 4.039 Dispensar, a partir de 01/01/2018, o Analista-Tributário da Receita Federal do Brasil EDSON NAZARENO MACIEL MOIA, matrícula SiapeCad nº 01302385, da Função Gratificada de Agente da Receita Federal do Brasil em Paragominas (PA), jurisdição da Delegacia da Receita Federal do Brasil em Belem (PA), Código FG-3.</p><p>Nº 4.040 Dispensar, a partir de 01/01/2018, o Auditor-Fiscal da Receita Federal do Brasil GABRIEL RISSATO LEITE RIBEIRO, matrícula SiapeCad nº 01812359, da Função Gratificada de Chefe do Núcleo de Administração Aduaneira - Nuana da Delegacia da Receita Federal do Brasil em Santarem (PA), Código FG-3.</p><p>Nº 4.041 Dispensar, a partir de 01/01/2018, o Analista-Tributário da Receita Federal do Brasil RODOLFO FERNANDO BEZERRA DA SILVA, matrícula SiapeCad nº 00026605, da Função Gratificada de Chefe da Equipe Aduaneira - EAD da Delegacia da Receita Federal do Brasil em Santarem (PA), Código FG-3.</p><p>Nº 4.042 Dispensar, a partir de 01/01/2018, o Analista-Tributário da Receita Federal do Brasil GUIDO FIGUEIREDO DOS SANTOS, matrícula SiapeCad nº 00005619, da Função Gratificada de Chefe da Equipe de Atendimento ao Contribuinte - EAT da Agência da Receita Federal do Brasil em Altamira (PA), jurisdição da Delegacia da Receita Federal do Brasil em Santarem (PA), Código FG-3.</p><p>Nº 4.043 Dispensar, a partir de 01/01/2018, o Analista-Tributário da Receita Federal do Brasil WANER ALMEIDA DE OLIVEIRA, matrícula SiapeCad nº 00057982, da Função Gratificada de Inspetor-Chefe da Receita Federal do Brasil em óbidos (PA), jurisdição da Delegacia da Receita Federal do Brasil em Santarem (PA), Código FG-1.</p><p>Nº 4.044 Dispensar, a partir de 01/01/2018, a Assistente Técnico-Administrativo ROSINEIDE DO SOCORRO DE OLIVEIRA PEREIRA ATAIDES, matrícula SiapeCad nº 01664729, da Função Gratificada de Chefe da Seção de Tecnologia da Informação e Logística - Satel da Delegacia da Receita Federal do Brasil em Maraba (PA), Código FG-1.</p><p>Nº 4.045 Dispensar, a partir de 01/01/2018, o Auditor-Fiscal da Receita Federal do Brasil JULIANO JACKSON NADAL, matrícula SiapeCad nº 02007053, da Função Gratificada de Chefe do Núcleo de Administração Aduaneira - Nuana da Delegacia da Receita Federal do Brasil em Maraba (PA), Código FG-3.</p><p>Nº 4.046 Dispensar, a partir de 01/01/2018, a Analista-Tributário da Receita Federal do Brasil RAINETE COSTA MACIEL LACERDA, matrícula SiapeCad nº 00087533, da Função Gratificada de Agente da Receita Federal do Brasil em Tucurui (PA), jurisdição da Delegacia da Receita Federal do Brasil em Maraba (PA), Código FG-1.</p><p>Nº 4.047 Dispensar, a partir de 01/01/2018, o Assistente Técnico-Administrativo ANTONIO MARCOS CAVALCANTE DA SILVA, matrícula SiapeCad nº 01978163, da Função Gratificada de Chefe da Equipe de Atendimento ao Contribuinte - EAT da Agência da Receita Federal do Brasil em Tucurui (PA), jurisdição da Delegacia da Receita Federal do Brasil em Maraba (PA), Código FG-3.</p><p>Nº 4.048 Dispensar, a partir de 01/01/2018, o Analista-Tributário da Receita Federal do Brasil JOSE IVAIDE GOMES, matrícula SiapeCad nº 00011213, da Função Gratificada de Agente da Receita Federal do Brasil em Redenção (PA), jurisdição da Delegacia da Receita Federal do Brasil em Maraba (PA), Código FG-1.</p><p>Nº 4.049 Dispensar, a partir de 01/01/2018, o Analista-Tributário da Receita Federal do Brasil LUIZ PAULO MEIRELES SOARES, matrícula SiapeCad nº 01879011, da Função Gratificada de Chefe da Equipe de Atendimento ao Contribuinte - EAT da Agência da Receita Federal do Brasil em Redenção (PA), jurisdição da Delegacia da Receita Federal do Brasil em Maraba (PA), Código FG-3.</p><p>Nº 4.050 Exonerar, a partir de 01/01/2018, o Auditor-Fiscal da Receita Federal do Brasil ANTONIO MARCOS CAMPOS LIMA, matrícula SiapeCad nº 00057247, do cargo em comissão de Inspetor-Chefe da Alfândega da Receita Federal do Brasil no Porto de Belem (PA), Código DAS-101.2.</p><p>Nº 4.051 Dispensar, a partir de 01/01/2018, o Auditor-Fiscal da Receita Federal do Brasil BENEDITO JOSE AZEVEDO, matrícula SiapeCad nº 00022372, do encargo de Substituto Eventual do Inspetor-Chefe da Alfândega da Receita Federal do Brasil no Porto de Belem (PA), Código DAS-101.2.</p><p>Nº 4.052 Dispensar, a partir de 01/01/2018, o Auditor-Fiscal da Receita Federal do Brasil BENEDITO JOSE AZEVEDO, matrícula SiapeCad nº 00022372, da Função Gratificada de Inspetor-Chefe Adjunto da Alfândega da Receita Federal do Brasil no Porto de Belem (PA), Código FG-1.</p><p>Nº 4.053 Dispensar, a partir de 01/01/2018, o Analista-Tributário da Receita Federal do Brasil TALES DOS SANTOS QUEIROZ, matrícula SiapeCad nº 00057338, da Função Gratificada de Chefe da Seção de Tecnologia da Informação - Satec da Alfândega da Receita Federal do Brasil no Porto de Belem (PA), Código FG-1.</p><p>Nº 4.054 Dispensar, a partir de 01/01/2018, o Auditor-Fiscal da Receita Federal do Brasil SAVIO FRANCISCO DE FIGUEIREDO LUZ, matrícula SiapeCad nº 01214250, da Função Gratificada de Chefe da Seção de Despacho Aduaneiro - Sadad da Alfândega da Receita Federal do Brasil no Porto de Belem (PA), Código FG-1.</p><p>Nº 4.055 Dispensar, a partir de 01/01/2018, a Analista-Tributário da Receita Federal do Brasil AYDEE YNAH DAS NEVES PINTO, matrícula SiapeCad nº 00003343, da Função Gratificada de Chefe da Seção de Programação e Logística - Sapol da Alfândega da Receita Federal do Brasil no Porto de Belem (PA), Código FG-1.</p><p>Nº 4.056 Dispensar, a partir de 01/01/2018, o Auditor-Fiscal da Receita Federal do Brasil OSMAR DE QUEIROZ HOLANDA NETO, matrícula SiapeCad nº 01293916, da Função Gratificada de Chefe da Seção de Fiscalização Aduaneira - Safia da Alfândega da Receita Federal do Brasil no Porto de Belem (PA), Código FG-1.</p><p>Nº 4.057 Dispensar, a partir de 01/01/2018, o Auditor-Fiscal da Receita Federal do Brasil PAULO TANCREDI BARROS, matrícula SiapeCad nº 00495145, da Função Gratificada de Chefe da Seção de Vigilância e Controle Aduaneiro - Savig da Alfândega da Receita Federal do Brasil no Porto de Belem (PA), Código FG-1.</p><p>Nº 4.058 Dispensar, a partir de 01/01/2018, o Analista-Tributário da Receita Federal do Brasil LUIZ FELIPE SOUZA RODRIGUES, matrícula SiapeCad nº 01295193, da Função Gratificada de Chefe da Seção de Arrecadação e Cobrança - Sarac da Alfândega da Receita Federal do Brasil no Porto de Belem (PA), Código FG-1.</p><p>Nº 4.059 Dispensar, a partir de 01/01/2018, a Analista-Tributário da Receita Federal do Brasil ANALIA MARIA RODRIGUES TORRES, matrícula SiapeCad nº 00003015, da Função Gratificada de Chefe da Equipe Aduaneira - EAD/1 da Alfândega da Receita Federal do Brasil no Porto de Belem (PA), Código FG-2.</p><p>Nº 4.060 Dispensar, a partir de 01/01/2018, o Analista-Tributário da Receita Federal do Brasil EVERTON BRAGA GUIMARAES, matrícula SiapeCad nº 01296637, da Função Gratificada de Chefe da Equipe Aduaneira - EAD/2 da Alfândega da Receita Federal do Brasil no Porto de Belem (PA), Código FG-3.</p><p>Nº 4.061 Dispensar, a partir de 01/01/2018, o Auditor-Fiscal da Receita Federal do Brasil THIAGO MARQUES GALVAO, matrícula SiapeCad nº 01573946, da Função Comissionada do Poder Executivo de Inspetor-Chefe da Receita Federal do Brasil em Barcarena (PA), jurisdição da Alfândega da Receita Federal do Brasil no Porto de Belem (PA), Código FCPE-101.1.</p><p>Nº 4.062 Dispensar, a partir de 01/01/2018, o Auditor-Fiscal da Receita Federal do Brasil AMAURY KLAUTAU DE AMORIM, matrícula SiapeCad nº 00057249, do encargo de Substituto Eventual do Inspetor-Chefe da Receita Federal do Brasil em Barcarena (PA), jurisdição da Alfândega da Receita Federal do Brasil no Porto de Belem (PA), Código FCPE-101.1.</p><p>Nº 4.063 Dispensar, a partir de 01/01/2018, o Auditor-Fiscal da Receita Federal do Brasil LUIS CARLOS GURGEL DO AMARAL, matrícula SiapeCad nº 02006996, da Função Gratificada de Chefe do Setor de Arrecadação e Cobrança - Sorac da Inspetoria da Receita Federal do Brasil em Barcarena (PA), jurisdição da Alfândega da Receita Federal do Brasil no Porto de Belem (PA), Código FG-2.</p><p>Nº 4.064 Dispensar, a partir de 01/01/2018, o Auditor-Fiscal da Receita Federal do Brasil AMAURY KLAUTAU DE AMORIM, matrícula SiapeCad nº 00057249, da Função Gratificada de Chefe do Setor de Fiscalização e de Controle Aduaneiro - Siana da Inspetoria da Receita Federal do Brasil em Barcarena (PA), jurisdição da Alfândega da Receita Federal do Brasil no Porto de Belem (PA), Código FG-2.</p><p>Nº 4.065 Dispensar, a partir de 01/01/2018, o Auditor-Fiscal da Receita Federal do Brasil BRUNO DA ROCHA LEITE, matrícula SiapeCad nº 00065507, da Função Comissionada do Poder Executivo de Inspetor-Chefe da Alfândega da Receita Federal do Brasil no Aeroporto Internacional de Belém (PA), Código FCPE-101.1.</p><p>Nº 4.066 Dispensar, a partir de 01/01/2018, o Auditor-Fiscal da Receita Federal do Brasil BRUNO MARTINS MOUTINHO, matrícula SiapeCad nº 01302762, do encargo de Substituto Eventual do Inspetor-Chefe da Alfândega da Receita Federal do Brasil no Aeroporto Internacional de Belém (PA), Código FCPE-101.1.</p><p>Nº 4.067 Dispensar, a partir de 01/01/2018, o Analista-Tributário da Receita Federal do Brasil EVERALDO DA COSTA FERREIRA, matrícula SiapeCad nº 01214327, da Função Gratificada de Chefe do Setor de Tecnologia da Informação e Logística - Sotel da Alfândega da Receita Federal do Brasil no Aeroporto Internacional de Belém (PA), Código FG-2.</p><p>Nº 4.068 Dispensar, a partir de 01/01/2018, o Auditor-Fiscal da Receita Federal do Brasil BRUNO MARTINS MOUTINHO, matrícula SiapeCad nº 01302762, da Função Gratificada de Chefe da Seção de Administração Aduaneira - Saana da Alfândega da Receita Federal do Brasil no Aeroporto Internacional de Belém (PA), Código FG-1.</p><p>Nº 4.069 Dispensar, a partir de 01/01/2018, a Analista-Tributário da Receita Federal do Brasil SHEILA BETANIA PANTOJA DE OLIVEIRA, matrícula SiapeCad nº 01214518, da Função Gratificada de Chefe da Equipe Aduaneira - EAD da Alfândega da Receita Federal do Brasil no Aeroporto Internacional de Belém (PA), Código FG-3.</p><p>Nº 4.070 Dispensar, a partir de 01/01/2018, o Analista-Tributário da Receita Federal do Brasil HELIEL FRANCINE AMARO, matrícula SiapeCad nº 00068852, da Função Comissionada do Poder Executivo de Chefe do Serviço de Tecnologia da Informação - Setec da Delegacia da Receita Federal do Brasil em Manaus (AM), Código FCPE-101.1.</p><p>Nº 4.071 Dispensar, a partir de 01/01/2018, o Analista-Tributário da Receita Federal do Brasil ELISEU DE OLIVEIRA CALDAS, matrícula SiapeCad nº 01812031, do encargo de Substituto Eventual do Chefe do Serviço de Tecnologia da Informação - Setec da Delegacia da Receita Federal do Brasil em Manaus (AM), Código FCPE-101.1.</p><p>Nº 4.072 Dispensar, a partir de 01/01/2018, o Auditor-Fiscal da Receita Federal do Brasil IVANILSON DOS SANTOS SIQUEIRA, matrícula SiapeCad nº 01171189, da Função Gratificada de Chefe da Seção de Programação, Avaliação e Controle da Atividade Fiscal - Sapac da Delegacia da Receita Federal do Brasil em Manaus (AM), Código FG-1.</p><p>Nº 4.073 Dispensar, a partir de 01/01/2018, o Assistente Técnico-Administrativo LEONARDO LIMA MEDEIROS CAVALCANTI, matrícula SiapeCad nº 02003302, da Função Gratificada de Chefe da Equipe de Logística - ELG da Delegacia da Receita Federal do Brasil em Manaus (AM), Código FG-1.</p><p>Nº 4.074 Dispensar, a partir de 01/01/2018, a Técnico do Seguro Social HELYANA MARIA DE CARVALHO LIMA HAGE, matrícula SiapeCad nº 00818343, da Função Gratificada de Inspetor-Chefe da Receita Federal do Brasil em Itacoatiara (AM), jurisdição da Delegacia da Receita Federal do Brasil em Manaus (AM), Código FG-1.</p><p>Nº 4.075 Exonerar, a partir de 01/01/2018, o Auditor-Fiscal da Receita Federal do Brasil JOSE ALVES DIAS, matrícula SiapeCad nº 00006562, do cargo em comissão de Inspetor-Chefe da Alfândega da Receita Federal do Brasil no Porto de Manaus (AM), Código DAS-101.3.</p><p>Nº 4.076 Dispensar, a partir de 01/01/2018, o Auditor-Fiscal da Receita Federal do Brasil MARCELO AUGUSTO CALBO GARCIA, matrícula SiapeCad nº 01295443, do encargo de Substituto Eventual do Inspetor-Chefe da Alfândega da Receita Federal do Brasil no Porto de Manaus (AM), Código DAS-101.3.</p><p>Nº 4.077 Dispensar, a partir de 01/01/2018, o Auditor-Fiscal da Receita Federal do Brasil MARCELO AUGUSTO CALBO GARCIA, matrícula SiapeCad nº 01295443, da Função Comissionada do Poder Executivo de Inspetor-Chefe Adjunto da Alfândega da Receita Federal do Brasil no Porto de Manaus (AM), Código FCPE-101.1.</p><p>Nº 4.078 Dispensar, a partir de 01/01/2018, o Auditor-Fiscal da Receita Federal do Brasil ABDON DE OLIVEIRA BASTOS NETO, matrícula SiapeCad nº 00014259, da Função Comissionada do Poder Executivo de Chefe do Serviço de Controle e Acompanhamento Tributário - Secat da Alfândega da Receita Federal do Brasil no Porto de Manaus (AM), Código FCPE-101.1.</p><p>Nº 4.079 Dispensar, a partir de 01/01/2018, o Auditor-Fiscal da Receita Federal do Brasil RAFAEL PEREZ ALBINO, matrícula SiapeCad nº 01491157, do encargo de Substituto Eventual do Chefe do Serviço de Controle e Acompanhamento Tributário - Secat da Alfândega da Receita Federal do Brasil no Porto de Manaus (AM), Código FCPE-101.1.</p><p>Nº 4.080 Dispensar, a partir de 01/01/2018, o Auditor-Fiscal da Receita Federal do Brasil DIHEGO ANTONIO SANTANA DE OLIVEIRA, matrícula SiapeCad nº 01952973, da Função Comissionada do Poder Executivo de Chefe do Serviço de Vigilância e Controle Aduaneiro - Sevig da Alfândega da Receita Federal do Brasil no Porto de Manaus (AM), Código FCPE-101.1.</p><p>Nº 4.081 Dispensar, a partir de 01/01/2018, o Auditor-Fiscal da Receita Federal do Brasil GLEISON PIMENTA SOUSA, matrícula SiapeCad nº 02007234, do encargo de Substituto Eventual do Chefe do Serviço de Vigilância e Controle Aduaneiro - Sevig da Alfândega da Receita Federal do Brasil no Porto de Manaus (AM), Código FCPE-101.1.</p><p>Nº 4.082 Dispensar, a partir de 01/01/2018, a Auditora-Fiscal da Receita Federal do Brasil FLAVIA CAMPOS FERREIRA DE MELLO, matrícula SiapeCad nº 01818099, da Função Gratificada de Chefe da Seção de Orientação e Análise Tributária - Saort da Alfândega da Receita Federal do Brasil no Porto de Manaus (AM), Código FG-1.</p><p>Nº 4.083 Dispensar, a partir de 01/01/2018, a Analista-Tributário da Receita Federal do Brasil MARIZE GONCALVES NERI, matrícula SiapeCad nº 01882324, da Função Gratificada de Chefe da Seção de Programação e Logística - Sapol da Alfândega da Receita Federal do Brasil no Porto de Manaus (AM), Código FG-1.</p><p>Nº 4.084 Dispensar, a partir de 01/01/2018, o Analista-Tributário da Receita Federal do Brasil MANOEL PAULO MATIAS DA SILVA, matrícula SiapeCad nº 00002849, da Função Gratificada de Chefe da Seção de Tecnologia da Informação - Satec da Alfândega da Receita Federal do Brasil no Porto de Manaus (AM), Código FG-1.</p><p>Nº 4.085 Dispensar, a partir de 01/01/2018, a Auditora-Fiscal da Receita Federal do Brasil LUDMILA JONES PAMPONET, matrícula SiapeCad nº 01998514, da Função Gratificada de Assistente da Alfândega da Receita Federal do Brasil no Porto de Manaus (AM), Código FG-1.</p><p>Nº 4.086 Dispensar, a partir de 01/01/2018, o Auditor-Fiscal da Receita Federal do Brasil JOSE EDUARDO VIANA, matrícula SiapeCad nº 01571927, da Função Gratificada de Chefe da Equipe Aduaneira - EAD/2 da Alfândega da Receita Federal do Brasil no Porto de Manaus (AM), Código FG-1.</p><p>Nº 4.087 Dispensar, a partir de 01/01/2018, a Auditora-Fiscal da Receita Federal do Brasil ISIS CHRISTINA LYRA DA SILVA, matrícula SiapeCad nº 00020702, da Função Gratificada de Chefe da Equipe Aduaneira - EAD/3 da Alfândega da Receita Federal do Brasil no Porto de Manaus (AM), Código FG-1.</p><p>Nº 4.088 Dispensar, a partir de 01/01/2018, o Auditor-Fiscal da Receita Federal do Brasil FABRICIO BARBOSA MAGALHAES, matrícula SiapeCad nº 01815452, da Função Gratificada de Chefe da Equipe Aduaneira - EAD/4 da Alfândega da Receita Federal do Brasil no Porto de Manaus (AM), Código FG-1.</p><p>Nº 4.089 Dispensar, a partir de 01/01/2018, o Auditor-Fiscal da Receita Federal do Brasil RAFAEL OLIVEIRA MADEIRA, matrícula SiapeCad nº 01488941, da Função Gratificada de Chefe da Equipe Aduaneira - EAD/5 da Alfândega da Receita Federal do Brasil no Porto de Manaus (AM), Código FG-1.</p><p>Nº 4.090 Dispensar, a partir de 01/01/2018, a Auditora-Fiscal da Receita Federal do Brasil MARIA ALICE SANIL ARAUJO, matrícula SiapeCad nº 01572029, da Função Gratificada de Chefe da Equipe Aduaneira - EAD/8 da Alfândega da Receita Federal do Brasil no Porto de Manaus (AM), Código FG-1.</p><p>Nº 4.091 Dispensar, a partir de 01/01/2018, a Auditora-Fiscal da Receita Federal do Brasil MAYRA SAMARA MOURA STRUFALDI, matrícula SiapeCad nº 01812717, da Função Gratificada de Chefe da Equipe Aduaneira - EAD/9 da Alfândega da Receita Federal do Brasil no Porto de Manaus (AM), Código FG-1.</p><p>Nº 4.092 Dispensar, a partir de 01/01/2018, o Auditor-Fiscal da Receita Federal do Brasil RICARDO PEIXOTO CAVALCANTE, matrícula SiapeCad nº 01811695, da Função Gratificada de Chefe da Equipe Aduaneira - EAD/11 da Alfândega da Receita Federal do Brasil no Porto de Manaus (AM), Código FG-1.</p><p>Nº 4.093 Dispensar, a partir de 01/01/2018, o Auditor-Fiscal da Receita Federal do Brasil TIAGO ALBARELLO, matrícula SiapeCad nº 01815732, da Função Gratificada de Chefe da Equipe Aduaneira - EAD/12 da Alfândega da Receita Federal do Brasil no Porto de Manaus (AM), Código FG-1.</p><p>Nº 4.094 Dispensar, a partir de 01/01/2018, o Auditor-Fiscal da Receita Federal do Brasil RODNEY CARLOS SOCEGAN GERALDI, matrícula SiapeCad nº 01258931, da Função Gratificada de Chefe da Equipe de Repressão Aduaneira - ERA da Alfândega da Receita Federal do Brasil no Porto de Manaus (AM), Código FG-1.</p><p>Nº 4.095 Dispensar, a partir de 01/01/2018, o Auditor-Fiscal da Receita Federal do Brasil CRISTIANO DE SOUSA DEMBOSKI, matrícula SiapeCad nº 01654237, da Função Gratificada de Chefe do Setor de Fiscalização e de Controle Aduaneiro - Siana da Inspetoria da Receita Federal do Brasil em Tabatinga (AM), jurisdição da Alfândega da Receita Federal do Brasil no Porto de Manaus (AM), Código FG-2.</p><p>Nº 4.096 Dispensar, a partir de 01/01/2018, a Auditora-Fiscal da Receita Federal do Brasil PATRICIA DE LIMA BEZERRA, matrícula SiapeCad nº 01215509, da Função Gratificada de Chefe do Setor de Arrecadação e Cobrança - Sorac da Inspetoria da Receita Federal do Brasil em Tabatinga (AM), jurisdição da Alfândega da Receita Federal do Brasil no Porto de Manaus (AM), Código FG-2.</p><p>Nº 4.097 Dispensar, a partir de 01/01/2018, o Analista-Tributário da Receita Federal do Brasil PAULO HENRIQUE ROSSI JARDINI, matrícula SiapeCad nº 01824167, da Função Gratificada de Chefe da Equipe de Atendimento ao Contribuinte - EAT da Inspetoria da Receita Federal do Brasil em Tabatinga (AM), jurisdição da Alfândega da Receita Federal do Brasil no Porto de Manaus (AM), Código FG-3.</p><p>Nº 4.098 Exonerar, a partir de 01/01/2018, o Auditor-Fiscal da Receita Federal do Brasil EDUARDO BADARO FERNANDES, matrícula SiapeCad nº 01133034, do cargo em comissão de Inspetor-Chefe da Alfândega da Receita Federal do Brasil no Aeroporto Internacional Eduardo Gomes (AM), Código DAS-101.2.</p><p>Nº 4.099 Dispensar, a partir de 01/01/2018, o Auditor-Fiscal da Receita Federal do Brasil MARCELO DOS SANTOS TAVARES, matrícula SiapeCad nº 00087776, do encargo de Substituto Eventual do Inspetor-Chefe da Alfândega da Receita Federal do Brasil no Aeroporto Internacional Eduardo Gomes (AM), Código DAS-101.2.</p><p>Nº 4.100 Dispensar, a partir de 01/01/2018, o Auditor-Fiscal da Receita Federal do Brasil MARCELO DOS SANTOS TAVARES, matrícula SiapeCad nº 00087776, da Função Gratificada de Inspetor-Chefe Adjunto da Alfândega da Receita Federal do Brasil no Aeroporto Internacional Eduardo Gomes (AM), Código FG-1.</p><p>Nº 4.101 Dispensar, a partir de 01/01/2018, o Analista-Tributário da Receita Federal do Brasil JOSE OSVALDO DE VASCONCELOS JUNIOR, matrícula SiapeCad nº 01294497, da Função Gratificada de Chefe da Seção de Tecnologia da Informação - Satec da Alfândega da Receita Federal do Brasil no Aeroporto Internacional Eduardo Gomes (AM), Código FG-1.</p><p>Nº 4.102 Dispensar, a partir de 01/01/2018, o Auditor-Fiscal da Receita Federal do Brasil JOSE FERREIRA DO VALE, matrícula SiapeCad nº 00011796, da Função Gratificada de Chefe da Seção de Despacho Aduaneiro - Sadad da Alfândega da Receita Federal do Brasil no Aeroporto Internacional Eduardo Gomes (AM), Código FG-1.</p><p>Nº 4.103 Dispensar, a partir de 01/01/2018, o Assistente Técnico-Administrativo VIRGILIO SIMOES DA SILVA NETO, matrícula SiapeCad nº 02002677, da Função Gratificada de Chefe da Seção de Programação e Logística - Sapol da Alfândega da Receita Federal do Brasil no Aeroporto Internacional Eduardo Gomes (AM), Código FG-1.</p><p>Nº 4.104 Dispensar, a partir de 01/01/2018, o Auditor-Fiscal da Receita Federal do Brasil DIONIZIO INACIO DE OLIVEIRA, matrícula SiapeCad nº 02007199, da Função Gratificada de Chefe da Seção de Vigilância e Controle Aduaneiro - Savig da Alfândega da Receita Federal do Brasil no Aeroporto Internacional Eduardo Gomes (AM), Código FG-1.</p><p>Nº 4.105 Dispensar, a partir de 01/01/2018, o Auditor-Fiscal da Receita Federal do Brasil SEVERINO RAMOS SALVADOR PEREIRA, matrícula SiapeCad nº 00708743, da Função Gratificada de Chefe da Seção de Arrecadação e Cobrança - Sarac da Alfândega da Receita Federal do Brasil no Aeroporto Internacional Eduardo Gomes (AM), Código FG-1.</p><p>Nº 4.106 Dispensar, a partir de 01/01/2018, o Auditor-Fiscal da Receita Federal do Brasil PAULO SERGIO SOUSA, matrícula SiapeCad nº 01173139, da Função Gratificada de Chefe da Equipe Aduaneira - EAD/1 da Alfândega da Receita Federal do Brasil no Aeroporto Internacional Eduardo Gomes (AM), Código FG-2.</p><p>Nº 4.107 Dispensar, a partir de 01/01/2018, a Auditora-Fiscal da Receita Federal do Brasil SARA BARBOSA RANGEL, matrícula SiapeCad nº 01954058, da Função Gratificada de Chefe da Equipe Aduaneira - EAD/3 da Alfândega da Receita Federal do Brasil no Aeroporto Internacional Eduardo Gomes (AM), Código FG-2.</p><p>Nº 4.108 Dispensar, a partir de 01/01/2018, o Auditor-Fiscal da Receita Federal do Brasil MARCELO RAMOS DE ARAUJO, matrícula SiapeCad nº 01221286, da Função Gratificada de Chefe da Equipe Aduaneira - EAD/4 da Alfândega da Receita Federal do Brasil no Aeroporto Internacional Eduardo Gomes (AM), Código FG-2.</p><p>Nº 4.109 Dispensar, a partir de 01/01/2018, o Analista-Tributário da Receita Federal do Brasil ALMIR SILVA DA CRUZ, matrícula SiapeCad nº 00057294, da Função Gratificada de Chefe da Seção de Tecnologia da Informação - Satec da Delegacia da Receita Federal do Brasil em Rio Branco (AC), Código FG-1.</p><p>Nº 4.110 Dispensar, a partir de 01/01/2018, a Auditora-Fiscal da Receita Federal do Brasil ELISANE GRECCHI CAVALEIRO DE MACEDO, matrícula SiapeCad nº 01293642, da Função Gratificada de Chefe da Equipe de Fiscalização - EFI/3 da Delegacia da Receita Federal do Brasil em Rio Branco (AC), Código FG-2.</p><p>Nº4.111 Dispensar, a partir de 01/01/2018, o Auditor-Fiscal da Receita Federal do Brasil ALEXANDRE TRAVERSI ANTUNES, matrícula SiapeCad nº 01401931, da Função Gratificada de Inspetor-Chefe da Receita Federal do Brasil em Brasileia (AC), jurisdição da Delegacia da Receita Federal do Brasil em Rio Branco (AC), Código FG-1.</p><p>Nº 4.112 Dispensar, a partir de 01/01/2018, o Analista-Tributário da Receita Federal do Brasil MELQUESEDEQUE DE OLIVEIRA FERREIRA, matrícula SiapeCad nº 00006784, da Função Gratificada de Chefe da Seção de Tecnologia da Informação - Satec da Delegacia da Receita Federal do Brasil em Macapa (AP), Código FG-1.</p><p>Nº 4.113 Dispensar, a partir de 01/01/2018, o Auditor-Fiscal da Receita Federal do Brasil IGOR FEITOSA SIEBRA, matrícula SiapeCad nº 01582330, da Função Gratificada de Chefe da Equipe de Fiscalização - EFI/3 da Delegacia da Receita Federal do Brasil em Macapa (AP), Código FG-2.</p><p>Nº 4.114 Dispensar, a partir de 01/01/2018, o Auditor-Fiscal da Receita Federal do Brasil NIVALDO COSTA DA CONCEICAO, matrícula SiapeCad nº 00006501, da Função Gratificada de Chefe da Equipe Aduaneira - EAD da Delegacia da Receita Federal do Brasil em Macapa (AP), Código FG-3.</p><p>Nº 4.115 Dispensar, a partir de 01/01/2018, a Analista-Tributário da Receita Federal do Brasil SORAYA SILVA CONDESSA, matrícula SiapeCad nº 01878691, da Função Gratificada de Chefe da Seção de Tecnologia da Informação - Satec da Delegacia da Receita Federal do Brasil em Porto Velho (RO), Código FG-1.</p><p>Nº 4.116 Dispensar, a partir de 01/01/2018, o Auditor-Fiscal da Receita Federal do Brasil RONALDO SILVA DE ALMEIDA, matrícula SiapeCad nº 00008741, da Função Gratificada de Chefe do Núcleo de Administração Aduaneira - Nuana da Delegacia da Receita Federal do Brasil em Porto Velho (RO), Código FG-3.</p><p>Nº 4.117 Dispensar, a partir de 01/01/2018, o Técnico do Seguro Social GIOCONDO ROSSATO JUNIOR, matrícula SiapeCad nº 00864282, da Função Gratificada de Chefe da Equipe de Atendimento ao Contribuinte - EAT da Agência da Receita Federal do Brasil em Ariquemes (RO), jurisdição da Delegacia da Receita Federal do Brasil em Porto Velho (RO), Código FG-3.</p><p>Nº 4.118 Dispensar, a partir de 01/01/2018, a Auditora-Fiscal da Receita Federal do Brasil ANDREZZA DE CASTRO SOUZA, matrícula SiapeCad nº 01573227, da Função Gratificada de Chefe do Setor de Fiscalização e de Controle Aduaneiro - Siana da Inspetoria da Receita Federal do Brasil em Guajara-mirim (RO), jurisdição da Delegacia da Receita Federal do Brasil em Porto Velho (RO), Código FG-2.</p><p>Nº 4.119 Dispensar, a partir de 01/01/2018, o Analista-Tributário da Receita Federal do Brasil PETRONILO SUARES LIMA, matrícula SiapeCad nº 00057329, da Função Gratificada de Chefe do Setor de Arrecadação e Cobrança - Sorac da Inspetoria da Receita Federal do Brasil em Guajara-mirim (RO), jurisdição da Delegacia da Receita Federal do Brasil em Porto Velho (RO), Código FG-2.</p><p>Nº 4.120 Dispensar, a partir de 01/01/2018, o Auditor-Fiscal da Receita Federal do Brasil MARCIO EDUARDO FERREIRA, matrícula SiapeCad nº 01292125, da Função Gratificada de Chefe da Equipe Aduaneira - EAD da Inspetoria da Receita Federal do Brasil em Guajara-mirim (RO), jurisdição da Delegacia da Receita Federal do Brasil em Porto Velho (RO), Código FG-1.</p><p>Nº 4.121 Dispensar, a partir de 01/01/2018, a Assistente Técnico-Administrativo VERIDIANE FERREIRA DOS SANTOS, matrícula SiapeCad nº 01489383, da Função Gratificada de Chefe da Seção de Tecnologia da Informação e Logística - Satel da Delegacia da Receita Federal do Brasil em Ji-parana (RO), Código FG-1.</p><p>Nº 4.122 Dispensar, a partir de 01/01/2018, o Auditor-Fiscal da Receita Federal do Brasil JACKSON CAMARA DE SOUZA, matrícula SiapeCad nº 02006755, da Função Gratificada de Chefe do Núcleo de Administração Aduaneira - Nuana da Delegacia da Receita Federal do Brasil em Ji-parana (RO), Código FG-3.</p><p>Nº 4.123 Dispensar, a partir de 01/01/2018, a Analista-Tributário da Receita Federal do Brasil JEANE APARECIDA DA SILVA GOMES, matrícula SiapeCad nº 01495610, da Função Gratificada de Chefe da Equipe de Atendimento ao Contribuinte - EAT da Inspetoria da Receita Federal do Brasil em Vilhena (RO), jurisdição da Delegacia da Receita Federal do Brasil em Ji-parana (RO), Código FG-3.</p><p>Nº 4.124 Dispensar, a partir de 01/01/2018, o Analista-Tributário da Receita Federal do Brasil LUIS OTAVIO DE LACERDA OLIVEIRA, matrícula SiapeCad nº 00006099, da Função Gratificada de Chefe da Seção de Tecnologia da Informação - Satec da Delegacia da Receita Federal do Brasil em Boa Vista (RR), Código FG-1.</p><p>Nº 4.125 Dispensar, a partir de 01/01/2018, o Auditor-Fiscal da Receita Federal do Brasil RAFAEL ANSELMO MOREIRA, matrícula SiapeCad nº 01219770, da Função Gratificada de Chefe da Equipe de Fiscalização - EFI/3 da Delegacia da Receita Federal do Brasil em Boa Vista (RR), Código FG-2.</p><p>Nº 4.126 Dispensar, a partir de 01/01/2018, o Auditor-Fiscal da Receita Federal do Brasil JOAQUIM JERONIMO DA SILVA FILHO, matrícula SiapeCad nº 00116032, da Função Gratificada de Chefe do Núcleo de Administração Aduaneira - Nuana da Delegacia da Receita Federal do Brasil em Boa Vista (RR), Código FG-3.</p><p>Nº 4.127 Dispensar, a partir de 01/01/2018, o Auditor-Fiscal da Receita Federal do Brasil TOMAZ DE SOUZA LEAO NETO, matrícula SiapeCad nº 01811440, da Função Gratificada de Chefe da Equipe Aduaneira - EAD da Inspetoria da Receita Federal do Brasil em Pacaraima (RR), jurisdição da Delegacia da Receita Federal do Brasil em Boa Vista (RR), Código FG-3.</p>]]></Texto>
    <Autores>
      <assina>JORGE ANTONIO DEHER RACHID</assina>
    </Autores>
  </body>
</article></xml>