﻿<xml><article id="1021967" name="Publicacao-Portaria500-2017-NOME" idOficio="4619848" pubName="DO2" artType="Portaria" pubDate="08/01/2018" artClass="00037:00014:00004:00004:00002:00000:00000:00000:00000:00000:00025:00001" artSection="Seção de Compras Licitações e Contratos" artCategory="Seção de Compras Licitações e Contratos" artSize="8" artNotes="" numberPage="52" pdfPage="http://pesquisa.in.gov.br/imprensa/jsp/visualiza/index.jsp?data=08/01/2018&amp;jornal=529&amp;pagina=52" editionNumber="5">
  <body>
    <Identifica><![CDATA[Portaria Nº 500, de 19 de dezembro de 2017]]></Identifica>
    <Data><![CDATA[]]></Data>
    <Ementa />
    <Titulo />
    <SubTitulo />
    <Texto><![CDATA[<p> </p><p> </p><p> O PRESIDENTE DO TRIBUNAL REGIONAL ELEITORAL DO AMAPÁ, no uso de suas atribuições legais definidas pelo Regimento Interno desta Corte e, tendo em vista o contido no P.A. nº 0003251-02.2017.6.03.8000, resolve:</p><p>Art. 1º Exonerar, a contar de 01 de janeiro de 2018, BIRACY DE JESUS GUIMARÃES, do cargo em comissão de Coordenador de Material e Patrimônio, nível CJ-2, vinculado à Secretaria de Administração e Orçamento.</p><p>Art. 2º Exonerar TÁSSIA SILVA CAMBRAIA do cargo em comissão de Coordenadora de Pessoal, nível CJ-2, vinculado à Secretaria de Gestão de Pessoas.</p><p>Art. 3º Nomear:</p><p>I - TÁSSIA SILVA CAMBRAIA, para ocupar o cargo em comissão de Coordenador de Material e Patrimônio, nível CJ-2, vinculado à Secretaria de Administração e Orçamento.</p><p>II - CLEONICE REGINA VIANA PEREIRA, para ocupar o cargo em comissão de Coordenadora de Pessoal, nível CJ-2, vinculado à Secretaria de Gestão de Pessoas.</p><p>Art. 4º Esta Portaria entra em vigor na data de sua publicação.</p><p> </p>]]></Texto>
    <Autores>
      <assina>Des. MANOEL DE JESUS FERREIRA DE BRITO</assina>
    </Autores>
  </body>
</article></xml>