﻿<xml><article id="979033" name="ports1551" idOficio="4620614" pubName="DO2" artType="Portaria" pubDate="03/01/2018" artClass="00011:00032:00001:00000:00000:00000:00000:00000:00000:00000:00025:00001" artSection="Reitoria" artCategory="Reitoria" artSize="8" artNotes="" numberPage="6" pdfPage="http://pesquisa.in.gov.br/imprensa/jsp/visualiza/index.jsp?data=03/01/2018&amp;jornal=529&amp;pagina=6" editionNumber="2">
  <body>
    <Identifica><![CDATA[PORTARIA nº 1.551, de 22 de dezembro de 2017]]></Identifica>
    <Data><![CDATA[]]></Data>
    <Ementa />
    <Titulo />
    <SubTitulo />
    <Texto><![CDATA[<p>A VICE-REITORA DA FUNDAÇÃO UNIVERSIDADE FEDERAL DE MATO GROSSO DO SUL, NO EXERCÍCIO DO CARGO DE REITORA, no uso de suas atribuições legais e tendo em vista o que consta do Processo nº 23104.016668/2017-62, resolve:</p><p> Conceder aposentadoria voluntária a Norah Saucedo Lopes Ferreira da Silva, matrícula Siape nº 0433485, código de vaga 341740, integrante da Carreira Técnico-Administrativa, do quadro de pessoal desta Universidade, ocupante do cargo de Copeiro, Classe B, Nível de Capacitação 4, Padrão 16, nos termos do artigo 3º, incisos I a III, da Emenda Constitucional nº 47/05, com proventos integrais e onze por cento de anuênio.</p><p> </p>]]></Texto>
    <Autores>
      <assina>CAMILA CELESTE BRANDÃO FERREIRA ÍTAVO</assina>
    </Autores>
  </body>
</article></xml>