﻿<xml><article id="961440" name="ATO 377.2017 UBIRATAN__080424" idOficio="4622716" pubName="DO2" artType="Ato" pubDate="02/01/2018" artClass="00037:00045:00001:00000:00000:00000:00000:00000:00000:00000:00001:00001" artSection="Presidência" artCategory="Presidência" artSize="8" artNotes="" numberPage="7-144" pdfPage="http://pesquisa.in.gov.br/imprensa/jsp/visualiza/index.jsp?data=02/01/2018&amp;jornal=529&amp;pagina=7,http://pesquisa.in.gov.br/imprensa/jsp/visualiza/index.jsp?data=02/01/2018&amp;jornal=529&amp;pagina=144" editionNumber="1">
  <body>
    <Identifica><![CDATA[ATO nº 377, de 19 de dezembro de 2019]]></Identifica>
    <Data><![CDATA[]]></Data>
    <Ementa />
    <Titulo />
    <SubTitulo />
    <Texto><![CDATA[<p> O DESEMBARGADOR PRESIDENTE DO TRIBUNAL REGIONAL DO TRABALHO DA SEXTA REGIÃO, no uso de suas atribuições legais e regimentais, tendo em vista o contido no PROAD. nº 21342/2017,   resolve:</p><p> CONCEDER ao servidor UBIRATAN PERI LIRA MARQUES, ocupante do cargo de Técnico Judiciário, Área Administrativa, licença não remunerada para o desempenho de mandato classista, a partir da publicação desta portaria até o término do mandato, previsto para 30/11/2024, com fundamento no art. 92 da Lei nº 8.112/1990, na redação conferida pelas Leis nºs 11.094/2005 e 12.998/2014. Publique-se.</p><p> </p><p> </p>]]></Texto>
    <Autores>
      <assina>IVAN DE SOUZA VALENCA ALVES</assina>
    </Autores>
  </body>
</article></xml>