﻿<xml><article id="1021976" name="Portaria-6870-2017" idOficio="4620110" pubName="DO2" artType="Portaria" pubDate="08/01/2018" artClass="00037:00043:00001:00000:00000:00000:00000:00000:00000:00000:00025:00003" artSection="Presidência" artCategory="Presidência" artSize="8" artNotes="" numberPage="55" pdfPage="http://pesquisa.in.gov.br/imprensa/jsp/visualiza/index.jsp?data=08/01/2018&amp;jornal=529&amp;pagina=55" editionNumber="5">
  <body>
    <Identifica><![CDATA[PORTARIA Nº 6.870, DE 12 DE DEZEMBRO DE 2017]]></Identifica>
    <Data><![CDATA[]]></Data>
    <Ementa />
    <Titulo />
    <SubTitulo />
    <Texto><![CDATA[<p> A PRESIDENTE DO TRIBUNAL REGIONAL DO TRABALHO DA 4ª REGIÃO, no uso de suas atribuições legais e regulamentares, tendo em vista o disposto no artigo 36 da Lei nº 8.112/90, no artigo 20 da Lei nº 11.416/06, no anexo IV da Portaria Conjunta nº 03/07 e na Resolução CSJT nº 110/2012, e considerando o que consta no Processo Administrativo nº 0006403-56.2017.5.04.0000, resolve:</p><p> 1. REMOVER, a pedido, a contar de 08-01-2018, a servidora CLARISSA GUIMARAES HORTA BOGADO, Analista Judiciário, Área Judiciária, do Quadro de Pessoal deste Tribunal, para o Tribunal Regional do Trabalho da 2ª Região, POR PERMUTA com o servidor ANDRE MARCONDES DE SALLES, Analista Judiciário, Área Judiciária, pertencente ao Quadro de Pessoal daquele Tribunal. 2. CONCEDER, à servidora CLARISSA GUIMARAES HORTA BOGADO, o prazo de 10 (dez) dias para deslocamento, no período de 08 a 17-01-2018. 3. LOTAR o servidor ANDRE MARCONDES DE SALLES na 7ª Vara do Trabalho de Porto Alegre, a contar de 08-01-2018.</p>]]></Texto>
    <Autores>
      <assina>BEATRIZ RENCK</assina>
    </Autores>
  </body>
</article></xml>