﻿<xml><article id="961243" name="ports1544" idOficio="4620602" pubName="DO2" artType="Portaria" pubDate="02/01/2018" artClass="00011:00032:00001:00000:00000:00000:00000:00000:00000:00000:00025:00001" artSection="Reitoria" artCategory="Reitoria" artSize="8" artNotes="" numberPage="9-16" pdfPage="http://pesquisa.in.gov.br/imprensa/jsp/visualiza/index.jsp?data=02/01/2018&amp;jornal=529&amp;pagina=9,http://pesquisa.in.gov.br/imprensa/jsp/visualiza/index.jsp?data=02/01/2018&amp;jornal=529&amp;pagina=16" editionNumber="1">
  <body>
    <Identifica><![CDATA[PORTARIA nº 1.544, de 21 de dezembro de 2017]]></Identifica>
    <Data><![CDATA[]]></Data>
    <Ementa />
    <Titulo />
    <SubTitulo />
    <Texto><![CDATA[<p>A VICE-REITORA DA FUNDAÇÃO UNIVERSIDADE FEDERAL DE MATO GROSSO DO SUL, NO EXERCÍCIO DO CARGO DE REITORA, no uso de suas atribuições legais e tendo em vista o que consta do Processo nº 23104.009072/2017-14, resolve:</p><p> Conceder aposentadoria voluntária a Alda Maria do Nascimento Osorio, matrícula Siape nº 0433680, código de vaga 341924, integrante da Carreira do Magistério Superior, do quadro de pessoal desta Universidade, ocupante do cargo de Professor Titular, com Doutorado, em regime de dedicação exclusiva, nos termos do artigo 3º, incisos I a III, da Emenda Constitucional nº 47/05, com proventos integrais e nove por cento de anuênio.</p>]]></Texto>
    <Autores>
      <assina>CAMILA CELESTE BRANDÃO FERREIRA ÍTAVO</assina>
    </Autores>
  </body>
</article></xml>