﻿<xml><article id="961333" name="3353" idOficio="4622173" pubName="DO2" artType="Portaria" pubDate="02/01/2018" artClass="00011:00056:00000:00000:00000:00000:00000:00000:00000:00000:00025:00011" artSection="Ministério da Educação" artCategory="Instituto Federal de Educação, Ciência e Tecnologia da Bahia" artSize="8" artNotes="" numberPage="19" pdfPage="http://pesquisa.in.gov.br/imprensa/jsp/visualiza/index.jsp?data=02/01/2018&amp;jornal=529&amp;pagina=19" editionNumber="1">
  <body>
    <Identifica><![CDATA[PORTARIA Nº 3.353, DE 18 DE DEZEMBRO DE 2017]]></Identifica>
    <Data><![CDATA[]]></Data>
    <Ementa />
    <Titulo />
    <SubTitulo />
    <Texto><![CDATA[<p> O REITOR DO INSTITUTO FEDERAL DE EDUCAÇÃO, CIÊNCIA E TECNOLOGIA DA BAHIA, no uso de suas atribuições legais e considerando o teor do processo n 23459.001757/2017-94, resolve:</p><p>Art. 1 - DESIGNAR o servidor ANDRIQUE FIGUEIREDO AMORIM, SIAPE 1958083, Professor do Ensino Básico, Técnico e Tecnológico, para exercer a função de Chefe do Departamento de Ensino, CD-04, do Campus Jequié.</p><p>Art. 2 - Em consequência, DISPENSÁ-LO da função de Coordenador do Curso Subsequente de Informática, FUC-01, do Campus Jequié, designado através da Portaria n 992, de 20/04/2015.</p><p>Art. 3 - Esta portaria entra em vigor a partir da data de sua publicação.</p>]]></Texto>
    <Autores>
      <assina>RENATO DA ANUNCIACAO FILHO</assina>
    </Autores>
  </body>
</article></xml>