﻿<xml><article id="1022015" name="PORT GP 89_2017_PRORROGA PRAZO C" idOficio="4622523" pubName="DO2" artType="Portaria" pubDate="08/01/2018" artClass="00037:00005:00001:00000:00000:00000:00000:00000:00000:00000:00025:00001" artSection="Presidência" artCategory="Presidência" artSize="8" artNotes="" numberPage="46" pdfPage="http://pesquisa.in.gov.br/imprensa/jsp/visualiza/index.jsp?data=08/01/2018&amp;jornal=529&amp;pagina=46" editionNumber="5">
  <body>
    <Identifica><![CDATA[PORTARIA Nº 89, DE 20 DE DEZEMBRO DE 2017]]></Identifica>
    <Data><![CDATA[]]></Data>
    <Ementa />
    <Titulo />
    <SubTitulo />
    <Texto><![CDATA[<p> O PRESIDENTE DO TRIBUNAL SUPERIOR DO TRABALHO, no uso de suas atribuições legais e regimentais, e de acordo com o disposto no inciso I do art. 93 da Lei nº 8.112/1990, com a redação dada pelo art. 22 da Lei nº 8.270/1991, no art. 3º do ATO.SRLP.SERH.GDGCA.GP.Nº 316/2006, e tendo em vista o constante do Processo TST nº 504.292/2008-0, resolve:</p><p>Prorrogar o prazo de cessão à Procuradoria-Geral do Trabalho do servidor JOSÉ ANTONIO COUTINHO VINHAS DURAN, código 25725, Técnico Judiciário, Área Administrativa, Classe C, Padrão 13, do Quadro de Pessoal da Secretaria deste Tribunal, pelo prazo de um ano, a partir de 21/12/2017, para o exercício de cargo em comissão.</p>]]></Texto>
    <Autores>
      <assina>Min. IVES GANDRA DA SILVA MARTINS FILHO</assina>
    </Autores>
  </body>
</article></xml>