﻿<xml><article id="961309" name="Concessao - Publicar - Marelim d" idOficio="4622084" pubName="DO2" artType="Portaria" pubDate="02/01/2018" artClass="00012:00002:00012:00022:00000:00000:00000:00000:00000:00000:00025:00001" artSection="Superintendência de Administração em Mato Grosso" artCategory="Superintendência de Administração em Mato Grosso" artSize="8" artNotes="" numberPage="37" pdfPage="http://pesquisa.in.gov.br/imprensa/jsp/visualiza/index.jsp?data=02/01/2018&amp;jornal=529&amp;pagina=37" editionNumber="1">
  <body>
    <Identifica><![CDATA[Portaria nº 137, de 26 de dezembro de 2017]]></Identifica>
    <Data><![CDATA[]]></Data>
    <Ementa />
    <Titulo />
    <SubTitulo />
    <Texto><![CDATA[<p> O Superintendente de Administração do Ministério da Fazenda no Estado de Mato Grosso, no uso de suas atribuições que lhe confere o Artigo 65, inciso XIV, da Portaria  nº 144, de 27/04/2016,  publicada no DOU de 29/04/2016, do Ministro de Estado da Fazenda, e o artigo 1º da Portaria nº 1.671, de 16/06/2005, publicada no DOU de 20/06/2005, do Secretário da Receita Federal, tendo em vista o constante do processo (10183.100032/2017-13), resolve:</p><p>Conceder aposentadoria voluntária a Marelim dos Santos, matrículas SIAPE nº 0890187 e SIAPEcad nº 00826917, ocupante do cargo de Técnico do Seguro Social, Código NI 434550, Classe S, Padrão IV, do Quadro de Pessoal do Ministério da Fazenda, com fundamento no Art. 3º, incisos I e II da EC nº 47/2005 c/c o artigo 40 parágrafo 18 da CF/88 (redação atual).</p><p>    Roberto Sebastião Gonçalves da Silva</p>]]></Texto>
    <Autores>
      <cargo>Substituto</cargo>
    </Autores>
  </body>
</article></xml>