﻿<xml><article id="961415" name="Portarias 531 a 539 Dispensas e " idOficio="4622321" pubName="DO2" artType="Portaria" pubDate="02/01/2018" artClass="00011:00059:00016:00000:00000:00000:00000:00000:00000:00000:00025:00001" artSection="Campus Santa Rosa do Sul" artCategory="Campus Santa Rosa do Sul" artSize="8" artNotes="" numberPage="22" pdfPage="http://pesquisa.in.gov.br/imprensa/jsp/visualiza/index.jsp?data=02/01/2018&amp;jornal=529&amp;pagina=22" editionNumber="1">
  <body>
    <Identifica><![CDATA[PORTARIAS DE 27 DE DEZEMBRO DE 2017]]></Identifica>
    <Data><![CDATA[]]></Data>
    <Ementa />
    <Titulo />
    <SubTitulo />
    <Texto><![CDATA[<p> O DIRETOR-GERAL SUBSTITUTO DO INSTITUTO FEDERAL CATARINENSE - CAMPUS SANTA ROSA DO SUL, nomeado pela Portaria nº 044, de 27/01/2016, publicada no Diário Oficial da União de 29/01/2016, resolve:</p><p>Nº 531 - Art. 1º - DISPENSAR o(a) servidor(a) ROSEMARY DE FÁTIMA DE FÁTIMA DE ASSIS DOMINGOS, Professor(a) do Ensino Básico, Técnico e Tecnológico, Matrícula SIAPE nº 1810835, da Função Gratificada de Assessor(a) do Departamento de Desenvolvimento Educacional, Código FG-002, do Instituto Federal Catarinense, Campus Avançado de Sombrio..</p><p>Nº 532 - Art. 1º - DISPENSAR o(a) servidor(a) ANA MARIA DE MORAES, Pedagogo - Supervisão, Matrícula SIAPE nº 1589799, da Função Gratificada de Diretor(a) do Departamento de Desenvolvimento Educacional, Código FG-001, do Instituto Federal Catarinense, Campus Avançado de Sombrio.</p><p>Nº 533 - Art. 1º - EXONERAR o(a) servidor(a) JÉFERSON MENDONÇA DE LIMAS, Professor(a) do Ensino Básico, Técnico e Tecnológico, Matrícula SIAPE nº 3523600, do Cargo Comissionado de Diretor(a) do Departamento de Administração e Planejamento, Código CD-004, do Instituto Federal Catarinense, Campus Avançado de Sombrio.</p><p>Nº 534 - Art. 1º - DESIGNAR o(a) servidor(a) JÉFERSON MENDONÇA DE LIMAS, Professor(a) do Ensino Básico, Técnico e Tecnológico, Matrícula SIAPE nº 3523600, para Função Gratificada de Coordenador(a) de Administração, Código FG-002, do Instituto Federal Catarinense, Campus Avançado de Sombrio.</p><p>Nº 535 - Art. 1º - NOMEAR o(a) servidor(a) ANA MARIA DE MORAES, Pedagogo - Supervisão, Matrícula SIAPE nº 1589799, para o Cargo Comissionado de Coordenador(a) de Ensino, Código CD-004, do Instituto Federal Catarinense, Campus Avançado de Sombrio.</p><p>Nº 537 - Art. 1º - EXONERAR a pedido o(a) servidor(a) ÉLITON PIRES, Técnico em Agropecuária, Matrícula SIAPE nº 1456271, do Cargo Comissionado de Coordenador(a)-Geral de Extensão, Código CD-004, do Instituto Federal Catarinense, Campus Santa Rosa do Sul.</p><p>Nº 538 - Art. 1º - DISPENSAR o(a) servidor(a) MAURÍCIO DUARTE ANASTÁCIO, Técnico em Agropecuária, Matrícula SIAPE nº 1758547, da Função Gratificada de Coordenador(a) de Estágios, Empregabilidade e Egressos, Código FG-002, do Instituto Federal Catarinense, Campus Santa Rosa do Sul.</p><p>Nº 539 - Art. 1º - NOMEAR o(a) servidor(a) MAURÍCIO DUARTE ANASTÁCIO, Técnico em Agropecuária, Matrícula SIAPE nº 1758547, para o Cargo Comissionado de Coordenador(a)-Geral de Extensão, Código CD-004, do Instituto Federal Catarinense, Campus Santa Rosa do Sul.</p><p>Art. 2º - Estas Portarias entram em vigor na data de sua publicação.</p>]]></Texto>
    <Autores>
      <assina>MOACIR DUTRA DE OLIVEIRA</assina>
    </Autores>
  </body>
</article></xml>