﻿<xml><article id="961276" name="PORT 3393" idOficio="4620907" pubName="DO2" artType="Portaria" pubDate="02/01/2018" artClass="00008:00052:00000:00000:00000:00000:00000:00000:00000:00000:00025:00002" artSection="Ministério da Ciência, Tecnologia, Inovações e Comunicações" artCategory="Instituto Nacional de Pesquisas Espaciais" artSize="8" artNotes="" numberPage="8" pdfPage="http://pesquisa.in.gov.br/imprensa/jsp/visualiza/index.jsp?data=02/01/2018&amp;jornal=529&amp;pagina=8" editionNumber="1">
  <body>
    <Identifica><![CDATA[PORTARIA Nº 3.393, de 26 de dezembro de 2017]]></Identifica>
    <Data><![CDATA[]]></Data>
    <Ementa />
    <Titulo />
    <SubTitulo />
    <Texto><![CDATA[<p> O Diretor do Instituto Nacional de Pesquisas Espaciais - INPE, no uso de suas atribuições legais, conforme o disposto na Portaria nº 407, de 29/06/2006, e tendo em vista o Memorando nº 6736/2017/SEI-INPE, resolve:</p><p>Art. 1º Designar EDUARDO AMORIM MARTINS DE SOUZA, CPF nº 481.773.344-68, para substituir nos impedimentos ou afastamentos regulamentares, o Chefe do Centro Regional do Nordeste, código DAS 101.2, vinculado à Coordenação dos Centros Regionais, deste Instituto.</p><p>Art. 2º Esta Portaria entra em vigor na data de sua publicação no Diário Oficial da União - DOU.</p><p> </p>]]></Texto>
    <Autores>
      <assina>Ricardo Magnus Osório Galvão</assina>
    </Autores>
  </body>
</article></xml>