﻿<xml><article id="1021997" name="ATO GDGSET 604_Designacao_FC_YAS" idOficio="4622498" pubName="DO2" artType="Ato" pubDate="08/01/2018" artClass="00037:00005:00009:00000:00000:00000:00000:00000:00000:00000:00001:00002" artSection="Secretaria" artCategory="Secretaria" artSize="8" artNotes="" numberPage="46" pdfPage="http://pesquisa.in.gov.br/imprensa/jsp/visualiza/index.jsp?data=08/01/2018&amp;jornal=529&amp;pagina=46" editionNumber="5">
  <body>
    <Identifica><![CDATA[ATO Nº 604, DE 15 DE DEZEMBRO DE 2017]]></Identifica>
    <Data><![CDATA[]]></Data>
    <Ementa />
    <Titulo />
    <SubTitulo />
    <Texto><![CDATA[<p> O DIRETOR-GERAL DA SECRETARIA DO TRIBUNAL SUPERIOR DO TRABALHO, no uso de suas atribuições legais e regulamentares,</p><p>considerando o constante do ofício nº 163, de 4/12/2017, do Gabinete do Ex.mo Sr. Desembargador Convocado Altino Pedrozo dos Santos,</p><p>considerando o constante do memorando nº 96, de 14/12/2017, do Gabinete do Ex.mo Sr. Ministro José Roberto Freire Pimenta, resolve:</p><p>Designar a servidora YASMIN OLIVEIRA DA SILVA, código 51206, Analista Judiciário, Área Judiciária, para exercer a função comissionada de Assistente 4, Nível FC-4, do Gabinete do Ex.mo Sr. Ministro José Roberto Freire Pimenta, ficando dispensada, a pedido, da função comissionada de Assistente 4, Nível FC-4, do Gabinete do Ex.mo Sr. Desembargador Convocado Altino Pedrozo dos Santos.</p>]]></Texto>
    <Autores>
      <assina>GUSTAVO CARIBÉ DE CARVALHO</assina>
    </Autores>
  </body>
</article></xml>