﻿<xml><article id="960814" name="Pub_Port_Ecilda Santana da Cruz" idOficio="4619517" pubName="DO2" artType="Portaria" pubDate="02/01/2018" artClass="00012:00002:00012:00035:00000:00000:00000:00000:00000:00000:00025:00001" artSection="Superintendência de Administração em Santa Catarina" artCategory="Superintendência de Administração em Santa Catarina" artSize="8" artNotes="" numberPage="38" pdfPage="http://pesquisa.in.gov.br/imprensa/jsp/visualiza/index.jsp?data=02/01/2018&amp;jornal=529&amp;pagina=38" editionNumber="1">
  <body>
    <Identifica><![CDATA[PORTARIA Nº 293, DE 19 DE DEZEMBRO DE 2017]]></Identifica>
    <Data><![CDATA[]]></Data>
    <Ementa />
    <Titulo />
    <SubTitulo />
    <Texto><![CDATA[<p>        O SUPERINTENDENTE DE ADMINISTRAÇÃO DO MINISTÉRIO DA FAZENDA NO ESTADO DE SANTA CATARINA, no uso das atribuições que lhe confere o art. 86, inciso XI, da Portaria nº 144, de 27.04.2016, DOU de 29.04.2016 do Ministro de Estado da Fazenda e a Portaria SRF nº 1671 de 16.06.05, DOU de 20.06.05, por delegação de competência resolve:</p><p>         Conceder aposentadoria voluntária, com proventos integrais a ECILDA SANTANA DA CRUZ, matricula SIAPECAD nº 835907, matricula SIAPE nº 900474, ocupante do cargo de Técnico do Seguro Social da Receita Federal do Brasil, NI, Classe S, Padrão IV, lotada na DRF/Blumenau/SC, com fundamento no Art. 3º, incisos I a III, parágrafo único da Emenda Constitucional nº 47, publicada no DOU 06/07/2005. (Processo SEI-MF nº. 13971.000008/2017-97). </p>]]></Texto>
    <Autores>
      <assina>GABRIEL HELMUTH SPRUNG SASSE</assina>
    </Autores>
  </body>
</article></xml>