﻿<xml><article id="1002364" name="PORTARIAS APOSENTADORIA 02JAN201" idOficio="4621210" pubName="DO2" artType="Portaria" pubDate="04/01/2018" artClass="00017:00002:00026:00026:00000:00000:00000:00000:00000:00000:00025:00001" artSection="Serviço de Gestão Administrativa" artCategory="Serviço de Gestão Administrativa" artSize="8" artNotes="" numberPage="23" pdfPage="http://pesquisa.in.gov.br/imprensa/jsp/visualiza/index.jsp?data=04/01/2018&amp;jornal=529&amp;pagina=23" editionNumber="3">
  <body>
    <Identifica><![CDATA[RETIFICAÇÕES]]></Identifica>
    <Data><![CDATA[]]></Data>
    <Ementa />
    <Titulo />
    <SubTitulo />
    <Texto><![CDATA[<p>Na Portaria de 22 de dezembro de 2017 referente a concessão de aposentadoria de APARECIDO LUIZ, publicada no DOU nº 1, de 2-1-2018, Seção 2, pág. 119, onde se lê: "Nº 450", leia-se: "Nº 460".</p><p>Na Portaria de 22 de dezembro de 2017 referente a concessão de aposentadoria de VICENTE DE PAULA DA SILVA, publicada no DOU nº 1, de 2-1-2018, Seção 2, pág. 119, onde se lê: "Nº 451", leia-se: "Nº 461".</p><p>Na Portaria de 22 de dezembro de 2017 referente a concessão de aposentadoria de JOSE RICARDO PIMENTA VIANNA, publicada no DOU nº 1, de 2-1-2018, Seção 2, pág. 119, onde se lê: "Nº 452", leia-se: "Nº 462".</p><p>Na Portaria de 22 de dezembro de 2017 referente a concessão de aposentadoria de JAMILA JOSE SAAB, publicada no DOU nº 1, de 2-1-2018, Seção 2, pág. 119, onde se lê: "Nº 453", leia-se: "Nº 463".</p><p>Na Portaria de 22 de dezembro de 2017 referente a concessão de aposentadoria de MARIA LUIZA DA SILVA, publicada no DOU nº 1, de 2-1-2018, Seção 2, pág. 119, onde se lê: "Nº 454", leia-se: "Nº 464".</p><p>Na Portaria de 22 de dezembro de 2017 referente a concessão de aposentadoria de ELCI TOMAZINI PERASSOLI, publicada no DOU nº 1, de 2-1-2018, Seção 2, pág. 119, onde se lê: "Nº 455", leia-se: "Nº 465".</p><p>Na Portaria de 22 de dezembro de 2017 referente a concessão de aposentadoria de MARIA LUCÍLIA NANDI BENATTO, publicada no DOU nº 1, de 2-1-2018, Seção 2, pág. 119, onde se lê: "Nº 456", leia-se: "Nº 466".</p><p>(p/Coejo)</p>]]></Texto>
    <Autores />
  </body>
</article></xml>