﻿<xml><article id="1021979" name="Portaria-6715-2017" idOficio="4620110" pubName="DO2" artType="Portaria" pubDate="08/01/2018" artClass="00037:00043:00001:00000:00000:00000:00000:00000:00000:00000:00025:00002" artSection="Presidência" artCategory="Presidência" artSize="8" artNotes="" numberPage="55" pdfPage="http://pesquisa.in.gov.br/imprensa/jsp/visualiza/index.jsp?data=08/01/2018&amp;jornal=529&amp;pagina=55" editionNumber="5">
  <body>
    <Identifica><![CDATA[PORTARIA Nº 6.715, DE 7 DE DEZEMBRO DE 2017]]></Identifica>
    <Data><![CDATA[]]></Data>
    <Ementa />
    <Titulo />
    <SubTitulo />
    <Texto><![CDATA[<p> A PRESIDENTE DO TRIBUNAL REGIONAL DO TRABALHO DA 4ª REGIÃO, no uso de suas atribuições legais e regimentais estabelecidas no inciso XIV do art. 39 do Regimento Interno, com fundamento art. 37 da Lei nº 8.112/90, com redação dada pela Lei nº 9.527/97, e considerando o que consta no Processo Administrativo nº 0007289-55.2017.5.04.0000, resolve:</p><p> 1. REDISTRIBUIR, a contar de 08-01-2018, o cargo efetivo de Analista Judiciário, Área Judiciária, do Quadro Permanente de Pessoal deste Tribunal, ocupado pelo servidor PAULO RICARDO BARRETO FERREIRA, enquadrado na Classe C, Padrão 13, para o Quadro Permanente de Pessoal do Tribunal Regional do Trabalho da 2ª Região, em reciprocidade com o cargo efetivo de Analista Judiciário, Área Judiciária, do Quadro Permanente de Pessoal daquele Regional, ocupado pela servidora Kadine Laize Corrêa, enquadrado na Classe B, Padrão 08. 2. CONCEDER à servidora Kadine Laize Corrêa o prazo de 20 (vinte) dias para deslocamento, no período de 08 a 27-01-2018.</p>]]></Texto>
    <Autores>
      <assina>BEATRIZ RENCK</assina>
    </Autores>
  </body>
</article></xml>