﻿<xml><article id="1022039" name="TRF2-ATP-2017-00532" idOficio="4622959" pubName="DO2" artType="Ato" pubDate="08/01/2018" artClass="00037:00008:00001:00000:00000:00000:00000:00000:00000:00000:00001:00006" artSection="Presidência" artCategory="Presidência" artSize="8" artNotes="" numberPage="6-50" pdfPage="http://pesquisa.in.gov.br/imprensa/jsp/visualiza/index.jsp?data=08/01/2018&amp;jornal=529&amp;pagina=6,http://pesquisa.in.gov.br/imprensa/jsp/visualiza/index.jsp?data=08/01/2018&amp;jornal=529&amp;pagina=50" editionNumber="5">
  <body>
    <Identifica><![CDATA[ATO Nº 532, de 15 de dezembro de 2017]]></Identifica>
    <Data><![CDATA[]]></Data>
    <Ementa />
    <Titulo />
    <SubTitulo />
    <Texto><![CDATA[<p> O PRESIDENTE DO TRIBUNAL REGIONAL FEDERAL DA 2ª REGIÃO, no uso de suas atribuições, e considerando o que consta no Ofício nº TRF2-OFI-2017/23883, encaminhado pelo Memorando nº TRF2-MEM-2017/06970, resolve:</p><p>I - EXONERAR o servidor EDUARDO BARBUTO BICALHO, Analista Judiciário, Área Judiciária, Nível Superior, do Quadro de Pessoal da Justiça Federal de Primeiro Grau - Seção Judiciária do Rio de Janeiro, ora removido para este Tribunal, do cargo em comissão de Assessor de Relações Institucionais, CJ-1, do Centro Cultural Justiça Federal;</p><p>II - NOMEAR a Bacharela em Comunicação Social SIMONE INTRATOR para exercer o cargo em comissão de Assessora de Relações Institucionais, CJ-1, do Centro Cultural Justiça Federal, em vaga decorrente da exoneração de Eduardo Barbuto Bicalho.</p><p> </p>]]></Texto>
    <Autores>
      <assina>ANDRÉ FONTES</assina>
    </Autores>
  </body>
</article></xml>