﻿<xml><article id="1164365" name="D 3512 Exonerar CLAUDIA REGINA M" idOficio="4619496" pubName="DO2" artType="Portaria" pubDate="17/01/2018" artClass="00017:00001:00000:00000:00000:00000:00000:00000:00000:00000:00025:00001" artSection="Ministério da Saúde" artCategory="Gabinete do Ministro" artSize="8" artNotes="Liberada pela SAJ/Casa Civil" numberPage="32" pdfPage="http://pesquisa.in.gov.br/imprensa/jsp/visualiza/index.jsp?data=17/01/2018&amp;jornal=529&amp;pagina=32" editionNumber="12">
  <body>
    <Identifica><![CDATA[PORTARIA Nº 3.512, DE 19 DE DEZEMBRO DE 2017]]></Identifica>
    <Data><![CDATA[]]></Data>
    <Ementa />
    <Titulo />
    <SubTitulo />
    <Texto><![CDATA[<p> O MINISTRO DE ESTADO DA SAÚDE, no uso da competência que lhe foi delegada pelo art. 3º do Decreto nº 8.821, de 26 de junho de 2016, resolve:</p><p>Exonerar, a partir de 30 de novembro de 2017, CLAUDIA REGINA MACHADO do cargo de Coordenadora Assistencial, código DAS-101.3, nº 30.0151, do Hospital Federal de Ipanema, do Departamento de Gestão Hospitalar no Estado do Rio de Janeiro, da Secretaria de Atenção à Saúde.</p>]]></Texto>
    <Autores>
      <assina>RICARDO BARROS</assina>
    </Autores>
  </body>
</article></xml>