﻿<xml><article id="1022045" name="TRF2-ATP-2017-00530" idOficio="4622959" pubName="DO2" artType="Ato" pubDate="08/01/2018" artClass="00037:00008:00001:00000:00000:00000:00000:00000:00000:00000:00001:00004" artSection="Presidência" artCategory="Presidência" artSize="8" artNotes="" numberPage="49" pdfPage="http://pesquisa.in.gov.br/imprensa/jsp/visualiza/index.jsp?data=08/01/2018&amp;jornal=529&amp;pagina=49" editionNumber="5">
  <body>
    <Identifica><![CDATA[ATO Nº 530, de 13 de dezembro de 2017]]></Identifica>
    <Data><![CDATA[]]></Data>
    <Ementa />
    <Titulo />
    <SubTitulo />
    <Texto><![CDATA[<p> O PRESIDENTE DO TRIBUNAL REGIONAL FEDERAL DA 2ª REGIÃO, no uso de suas atribuições, e considerando o que consta nos autos do Procedimento Administrativo nº TRF2-PES-2017/01558, RESOLVE:</p><p>TORNAR SEM EFEITO, em razão de desistência da posse, a nomeação do candidato abaixo, da listagem geral, no cargo de TÉCNICO JUDICIÁRIO, Área Administrativa, Nível Intermediário, Classe "A", Padrão 1, do Quadro de Pessoal da Justiça Federal de Primeiro Grau - Seção Judiciária do Rio de Janeiro, de que trata o Ato nº TRF2-ATP-2017/00467, de 05.12.2017, publicado no D.O.U., Seção 2, de 07.12.2017, nos termos do art. 13, § 6º, da Lei nº 8.112-90: </p><p> </p><table><tr /><tr><td><p> </p></td><td><p>Nome do candidato </p></td><td><p>Class. </p></td><td><p>Origem da Vaga </p></td></tr><tr><td><p>1 </p></td><td><p>LUIZ GUILHERME DOS REIS SILVA </p></td><td><p>7º </p></td><td><p>declaração de vacância do cargo de Leandro Luiz Marques de Souza </p></td></tr></table><p> </p>]]></Texto>
    <Autores>
      <assina>ANDRÉ FONTES</assina>
    </Autores>
  </body>
</article></xml>