﻿<xml><article id="960790" name="PORTARIA 03.2017" idOficio="4619298" pubName="DO2" artType="Portaria" pubDate="02/01/2018" artClass="00038:00421:00000:00000:00000:00000:00000:00000:00000:00000:00025:00001" artSection="Entidades de Fiscalização do Exercício das Profissões Liberais" artCategory="Conselho Regional de Psicologia da 3ª Região" artSize="8" artNotes="" numberPage="144" pdfPage="http://pesquisa.in.gov.br/imprensa/jsp/visualiza/index.jsp?data=02/01/2018&amp;jornal=529&amp;pagina=144" editionNumber="1">
  <body>
    <Identifica><![CDATA[PORTARIA Nº 3, DE 21 DE AGOSTO DE 2017]]></Identifica>
    <Data><![CDATA[]]></Data>
    <Ementa />
    <Titulo />
    <SubTitulo />
    <Texto><![CDATA[<p> O Presidente do Conselho Regional de Psicologia - 3ª Região (Bahia), no uso de suas atribuições legais e regimentais que lhe confere a Lei nº. 5.766/71, resolve: </p><p>Art. 1º - Exonerar a Senhora, Larissa Correia Nunes Dantas, do Cargo Comissionado de Assessora Técnica do CREPOP no âmbito do CRP 03. </p><p>Art. 2º - Esta Portaria entra em vigor com efeito retroativo a partir de 04 de agosto de 2017, revogadas as disposições em contrário. </p>]]></Texto>
    <Autores>
      <assina>VALTER DA MATA FILHO</assina>
    </Autores>
  </body>
</article></xml>