﻿<xml><article id="961378" name="PRFB5071a5144" idOficio="4622210" pubName="DO2" artType="Portaria" pubDate="02/01/2018" artClass="00012:00055:00000:00000:00000:00000:00000:00000:00000:00000:00025:00013" artSection="Ministério da Fazenda" artCategory="Secretaria da Receita Federal do Brasil" artSize="8" artNotes="" numberPage="72-73-80" pdfPage="http://pesquisa.in.gov.br/imprensa/jsp/visualiza/index.jsp?data=02/01/2018&amp;jornal=529&amp;pagina=72,http://pesquisa.in.gov.br/imprensa/jsp/visualiza/index.jsp?data=02/01/2018&amp;jornal=529&amp;pagina=73,http://pesquisa.in.gov.br/imprensa/jsp/visualiza/index.jsp?data=02/01/2018&amp;jornal=529&amp;pagina=80" editionNumber="1">
  <body>
    <Identifica><![CDATA[PORTARIAS DE 26 DE DEZEMBRO DE 2017]]></Identifica>
    <Data><![CDATA[]]></Data>
    <Ementa />
    <Titulo />
    <SubTitulo />
    <Texto><![CDATA[<p> O SECRETÁRIO DA RECEITA FEDERAL DO BRASIL, no uso das competências que lhe foram delegada e subdelegada, respectivamente, pelas Portarias MF nºs 392 e 393, de 14 de julho de 2009, alteradas pela Portaria MF nº 100, de 28 de março de 2017, resolve:</p><p>Nº 5.071 Dispensar, a partir de 01/01/2018, o Auditor-Fiscal da Receita Federal do Brasil TITO AUGUSTO CESAR PIRES DE VIVEIROS, matrícula SiapeCad nº 00025998, da Função Comissionada do Poder Executivo de Chefe da Divisão de Tecnologia da Informação - Ditec da Superintendência Regional da Receita Federal do Brasil da 5ª Região Fiscal (BA), Código FCPE-101.2.</p><p>Nº 5.072 Dispensar, a partir de 01/01/2018, o Auditor-Fiscal da Receita Federal do Brasil LUIZ PETERSON MENEZES DE MELO, matrícula SiapeCad nº 00027889, do encargo de Substituto Eventual do Chefe da Divisão de Tecnologia da Informação - Ditec da Superintendência Regional da Receita Federal do Brasil da 5ª Região Fiscal (BA), Código FCPE-101.2.</p><p>Nº 5.073 Dispensar, a partir de 01/01/2018, o Auditor-Fiscal da Receita Federal do Brasil JOSELITO DA SILVA CORREIA, matrícula SiapeCad nº 00076411, da Função Comissionada do Poder Executivo de Chefe da Divisão de Repressão ao Contrabando e Descaminho - Direp da Superintendência Regional da Receita Federal do Brasil da 5ª Região Fiscal (BA), Código FCPE-101.2.</p><p>Nº 5.074 Dispensar, a partir de 01/01/2018, o Auditor-Fiscal da Receita Federal do Brasil MARCONI DE ANDRADE SOUZA, matrícula SiapeCad nº 00718649, do encargo de Substituto Eventual do Chefe da Divisão de Repressão ao Contrabando e Descaminho - Direp da Superintendência Regional da Receita Federal do Brasil da 5ª Região Fiscal (BA), Código FCPE-101.2.</p><p>Nº 5.075 Dispensar, a partir de 01/01/2018, o Auditor-Fiscal da Receita Federal do Brasil MARCONI DE ANDRADE SOUZA, matrícula SiapeCad nº 00718649, da Função Gratificada de Chefe da Equipe de Repressão Aduaneira - ERA da Superintendência Regional da Receita Federal do Brasil da 5ª Região Fiscal (BA), Código FG-1.</p><p>Nº 5.076 Dispensar, a partir de 01/01/2018, o Auditor-Fiscal da Receita Federal do Brasil JOSE HERMOGENES LIMA DA SILVA, matrícula SiapeCad nº 00015253, da Função Gratificada de Chefe da Equipe de Fiscalização - EFI da Superintendência Regional da Receita Federal do Brasil da 5ª Região Fiscal (BA), Código FG-1.</p><p>Nº 5.077 Dispensar, a partir de 01/01/2018, a Analista-Tributário da Receita Federal do Brasil LIDICE BAHIA MACHADO, matrícula SiapeCad nº 01214749, da Função Gratificada de Chefe da Equipe de Gestão de Pessoas - EGP da Superintendência Regional da Receita Federal do Brasil da 5ª Região Fiscal (BA), Código FG-1.</p><p>Nº 5.078 Dispensar, a partir de 01/01/2018, a Analista-Tributário da Receita Federal do Brasil ALINE XAVIER FRANCA, matrícula SiapeCad nº 01812043, da Função Gratificada de Chefe da Equipe de Logística - ELG da Superintendência Regional da Receita Federal do Brasil da 5ª Região Fiscal (BA), Código FG-1.</p><p>Nº 5.079 Dispensar, a partir de 01/01/2018, a Analista Técnico-Administrativo CRISTIANA DE AGUIAR E SERRA, matrícula SiapeCad nº 01983105, da Função Gratificada de Assistente da Superintendência Regional da Receita Federal do Brasil da 5ª Região Fiscal (BA), Código FG-2.</p><p>Nº 5.080 Dispensar, a partir de 01/01/2018, o Auditor-Fiscal da Receita Federal do Brasil LUIZ PETERSON MENEZES DE MELO, matrícula SiapeCad nº 00027889, da Função Gratificada de Assistente da Superintendência Regional da Receita Federal do Brasil da 5ª Região Fiscal (BA), Código FG-2.</p><p>Nº 5.081 Dispensar, a partir de 01/01/2018, a Assistente Técnico-Administrativo LORENA CAROLINE VIANA DA SILVA DOMINGUEZ, matrícula SiapeCad nº 01975050, da Função Gratificada de Assistente da Superintendência Regional da Receita Federal do Brasil da 5ª Região Fiscal (BA), Código FG-3.</p><p>Nº 5.082 Dispensar, a partir de 01/01/2018, a Analista-Tributário da Receita Federal do Brasil MONICA LIMA DA ROCHA, matrícula SiapeCad nº 01292059, da Função Gratificada de Assistente da Superintendência Regional da Receita Federal do Brasil da 5ª Região Fiscal (BA), Código FG-3.</p><p>Nº 5.083 Dispensar, a partir de 01/01/2018, o Auditor-Fiscal da Receita Federal do Brasil RICARDO DE BRITO DOMINGOS, matrícula SiapeCad nº 00076131, da Função Gratificada de Assistente da Superintendência Regional da Receita Federal do Brasil da 5ª Região Fiscal (BA), Código FG-3.</p><p>Nº 5.084 Dispensar, a partir de 01/01/2018, a Auditora-Fiscal da Receita Federal do Brasil EULALIA MARIA DOS SANTOS OLIVEIRA, matrícula SiapeCad nº 00019862, da Função Gratificada de Chefe da Seção de Gestão de Mercadorias Apreendidas - Samap da Superintendência Regional da Receita Federal do Brasil da 5ª Região Fiscal (BA), Código FG-1.</p><p>Nº 5.085 Dispensar, a partir de 01/01/2018, o Analista-Tributário da Receita Federal do Brasil CID MAROCCI GONCALVES DA SILVA, matrícula SiapeCad nº 00016177, da Função Comissionada do Poder Executivo de Chefe do Serviço de Tecnologia da Informação - Setec da Delegacia da Receita Federal do Brasil em Salvador (BA), Código FCPE-101.1.</p><p>Nº 5.086 Dispensar, a partir de 01/01/2018, o Analista-Tributário da Receita Federal do Brasil ERALDO LEMOS LEAL, matrícula SiapeCad nº 00005875, do encargo de Substituto Eventual do Chefe do Serviço de Tecnologia da Informação - Setec da Delegacia da Receita Federal do Brasil em Salvador (BA), Código FCPE-101.1.</p><p>Nº 5.087 Dispensar, a partir de 01/01/2018, a Analista do Seguro Social MARIA FERNANDA VASQUES LESSA, matrícula SiapeCad nº 01180780, da Função Comissionada do Poder Executivo de Chefe do Serviço de Programação e Logística - Sepol da Delegacia da Receita Federal do Brasil em Salvador (BA), Código FCPE-101.1.</p><p>Nº 5.088 Dispensar, a partir de 01/01/2018, o Assistente Técnico-Administrativo JEAN LIMA DOS SANTOS, matrícula SiapeCad nº 01489241, do encargo de Substituto Eventual do Chefe do Serviço de Programação e Logística - Sepol da Delegacia da Receita Federal do Brasil em Salvador (BA), Código FCPE-101.1.</p><p>Nº 5.089 Dispensar, a partir de 01/01/2018, o Analista-Tributário da Receita Federal do Brasil ANTONIO CARLOS DOS SANTOS ANDRADE, matrícula SiapeCad nº 00009711, da Função Comissionada do Poder Executivo de Chefe do Centro de Atendimento ao Contribuinte - CAC/Salvador 1 da Delegacia da Receita Federal do Brasil em Salvador (BA), Código FCPE-101.1.</p><p>Nº 5.090 Dispensar, a partir de 01/01/2018, o Analista-Tributário da Receita Federal do Brasil DINE RICARDO BOMFIM GUSMAO, matrícula SiapeCad nº 00013016, do encargo de Substituto Eventual do Chefe do Centro de Atendimento ao Contribuinte - CAC/Salvador 1 da Delegacia da Receita Federal do Brasil em Salvador (BA), Código FCPE-101.1.</p><p>Nº 5.091 Dispensar, a partir de 01/01/2018, o Analista-Tributário da Receita Federal do Brasil CLAUDEMIR SANTOS DOS ANJOS, matrícula SiapeCad nº 00014187, da Função Comissionada do Poder Executivo de Chefe do Centro de Atendimento ao Contribuinte - CAC/Salvador 2 da Delegacia da Receita Federal do Brasil em Salvador (BA), Código FCPE-101.1.</p><p>Nº 5.092 Dispensar, a partir de 01/01/2018, o Analista-Tributário da Receita Federal do Brasil JOSE ALBERTO DE MORAIS MEDRADO, matrícula SiapeCad nº 00017316, do encargo de Substituto Eventual do Chefe do Centro de Atendimento ao Contribuinte - CAC/Salvador 2 da Delegacia da Receita Federal do Brasil em Salvador (BA), Código FCPE-101.1.</p><p>Nº 5.093 Dispensar, a partir de 01/01/2018, a Analista-Tributário da Receita Federal do Brasil NADJA BULCAO MOTA, matrícula SiapeCad nº 00087488, da Função Comissionada do Poder Executivo de Chefe do Centro de Atendimento ao Contribuinte - CAC/Comércio da Delegacia da Receita Federal do Brasil em Salvador (BA), Código FCPE-101.1.</p><p>Nº 5.094 Dispensar, a partir de 01/01/2018, o Analista-Tributário da Receita Federal do Brasil ANTONIO PIRES SOARES, matrícula SiapeCad nº 01296026, do encargo de Substituto Eventual do Chefe do Centro de Atendimento ao Contribuinte - CAC/Comércio da Delegacia da Receita Federal do Brasil em Salvador (BA), Código FCPE-101.1.</p><p>Nº 5.095 Dispensar, a partir de 01/01/2018, o Auditor-Fiscal da Receita Federal do Brasil ROBERTO NOGUEIRA LIMA, matrícula SiapeCad nº 00119511, da Função Gratificada de Chefe da Seção de Programação, Avaliação e Controle da Atividade Fiscal - Sapac da Delegacia da Receita Federal do Brasil em Salvador (BA), Código FG-1.</p><p>Nº 5.096 Dispensar, a partir de 01/01/2018, a Analista-Tributário da Receita Federal do Brasil TELMA REGINA ROGERIO DA SILVA, matrícula SiapeCad nº 00012378, da Função Gratificada de Chefe da Equipe de Atendimento ao Contribuinte - EAT/1 da Delegacia da Receita Federal do Brasil em Salvador (BA), Código FG-1.</p><p>Nº 5.097 Dispensar, a partir de 01/01/2018, o Auditor-Fiscal da Receita Federal do Brasil RICARDO GOMES ARAUJO, matrícula SiapeCad nº 00033833, da Função Gratificada de Chefe da Equipe de Atendimento ao Contribuinte - EAT/3 da Delegacia da Receita Federal do Brasil em Salvador (BA), Código FG-1.</p><p>Nº 5.098 Dispensar, a partir de 01/01/2018, o Analista-Tributário da Receita Federal do Brasil JOSE HONORIO SA TELES SANTOS, matrícula SiapeCad nº 00012607, da Função Comissionada do Poder Executivo de Chefe do Serviço de Tecnologia da Informação - Setec da Delegacia da Receita Federal do Brasil em Feira de Santana (BA), Código FCPE-101.1.</p><p>Nº 5.099 Dispensar, a partir de 01/01/2018, o Analista-Tributário da Receita Federal do Brasil CLAUDIO MIGUEL MAYNARD PIZZOLANTE, matrícula SiapeCad nº 01215126, do encargo de Substituto Eventual do Chefe do Serviço de Tecnologia da Informação - Setec da Delegacia da Receita Federal do Brasil em Feira de Santana (BA), Código FCPE-101.1.</p><p>Nº 5.100 Dispensar, a partir de 01/01/2018, o Auditor-Fiscal da Receita Federal do Brasil JOSE RAIMUNDO FERREIRA, matrícula SiapeCad nº 00879348, da Função Gratificada de Chefe da Equipe de Fiscalização - EFI/5 da Delegacia da Receita Federal do Brasil em Feira de Santana (BA), Código FG-1.</p><p>Nº 5.101 Dispensar, a partir de 01/01/2018, o Auditor-Fiscal da Receita Federal do Brasil RICARDO FONTES DE LIMA, matrícula SiapeCad nº 01169418, da Função Gratificada de Chefe da Equipe de Fiscalização - EFI/6 da Delegacia da Receita Federal do Brasil em Feira de Santana (BA), Código FG-1.</p><p>Nº 5.102 Dispensar, a partir de 01/01/2018, a Agente Administrativo MARIA ENE FELIX DE SOUZA, matrícula SiapeCad nº 00028133, da Função Gratificada de Agente da Receita Federal do Brasil em Euclides da Cunha (BA), jurisdição da Delegacia da Receita Federal do Brasil em Feira de Santana (BA), Código FG-1.</p><p>Nº 5.103 Dispensar, a partir de 01/01/2018, o Agente Administrativo LUCIANO OLIVEIRA MACEDO, matrícula SiapeCad nº 00027080, da Função Gratificada de Agente da Receita Federal do Brasil em Itaberaba (BA), jurisdição da Delegacia da Receita Federal do Brasil em Feira de Santana (BA), Código FG-1.</p><p>Nº 5.104 Dispensar, a partir de 01/01/2018, a Agente Administrativo ANA LICIA GOMES DE SOUZA FAGUNDES, matrícula SiapeCad nº 00010211, da Função Gratificada de Agente da Receita Federal do Brasil em Jacobina (BA), jurisdição da Delegacia da Receita Federal do Brasil em Feira de Santana (BA), Código FG-1.</p><p>Nº 5.105 Dispensar, a partir de 01/01/2018, o Analista-Tributário da Receita Federal do Brasil ALFREDO CORREIA NETO, matrícula SiapeCad nº 00020439, da Função Gratificada de Chefe da Seção de Tecnologia da Informação e Logística - Satel da Delegacia da Receita Federal do Brasil em Vitoria da Conquista (BA), Código FG-1.</p><p>Nº 5.106 Dispensar, a partir de 01/01/2018, o Auditor-Fiscal da Receita Federal do Brasil ARNALDO FARIA MOREIRA, matrícula SiapeCad nº 00064117, da Função Gratificada de Chefe do Núcleo de Administração Aduaneira - Nuana da Delegacia da Receita Federal do Brasil em Vitoria da Conquista (BA), Código FG-3.</p><p>Nº 5.107 Dispensar, a partir de 01/01/2018, a Agente Administrativo ADENILDE FERNANDES ALVES CARVALHO, matrícula SiapeCad nº 00004045, da Função Gratificada de Agente da Receita Federal do Brasil em Bom Jesus da Lapa (BA), jurisdição da Delegacia da Receita Federal do Brasil em Vitoria da Conquista (BA), Código FG-1.</p><p>Nº 5.108 Dispensar, a partir de 01/01/2018, o Agente Administrativo JOAO FARIAS VIANA, matrícula SiapeCad nº 00003331, da Função Gratificada de Agente da Receita Federal do Brasil em Itapetinga (BA), jurisdição da Delegacia da Receita Federal do Brasil em Vitoria da Conquista (BA), Código FG-1.</p><p>Nº 5.109 Dispensar, a partir de 01/01/2018, o Analista-Tributário da Receita Federal do Brasil MIGUEL DE ALMEIDA SOUZA, matrícula SiapeCad nº 00003661, da Função Gratificada de Chefe da Equipe de Atendimento ao Contribuinte - EAT da Agência da Receita Federal do Brasil em Jequie (BA), jurisdição da Delegacia da Receita Federal do Brasil em Vitoria da Conquista (BA), Código FG-3.</p><p>Nº 5.110 Dispensar, a partir de 01/01/2018, o Analista-Tributário da Receita Federal do Brasil LUCIANO BARROS DA SILVA, matrícula SiapeCad nº 00068446, da Função Gratificada de Agente da Receita Federal do Brasil em Santa Maria da Vitoria (BA), jurisdição da Delegacia da Receita Federal do Brasil em Vitoria da Conquista (BA), Código FG-1.</p><p>Nº 5.111 Dispensar, a partir de 01/01/2018, o Administrador JOSE ALMEIDA DE SENNA, matrícula SiapeCad nº 00805644, da Função Gratificada de Chefe da Seção de Tecnologia da Informação e Logística - Satel da Delegacia da Receita Federal do Brasil em Itabuna (BA), Código FG-1.</p><p>Nº 5.112 Dispensar, a partir de 01/01/2018, o Auditor-Fiscal da Receita Federal do Brasil OSMAR EXPEDITO MADEIRA JUNIOR, matrícula SiapeCad nº 00064976, da Função Comissionada do Poder Executivo de Inspetor-Chefe da Receita Federal do Brasil em Ilhéus (BA), jurisdição da Delegacia da Receita Federal do Brasil em Itabuna (BA), Código FCPE-101.1.</p><p>Nº 5.113 Dispensar, a partir de 01/01/2018, o Auditor-Fiscal da Receita Federal do Brasil JOAO ALBERTO DE AZEVEDO BEZERRA, matrícula SiapeCad nº 00013118, do encargo de Substituto Eventual do Inspetor-Chefe da Receita Federal do Brasil em Ilhéus (BA), jurisdição da Delegacia da Receita Federal do Brasil em Itabuna (BA), Código FCPE-101.1.</p><p>Nº 5.114 Dispensar, a partir de 01/01/2018, o Analista-Tributário da Receita Federal do Brasil MARCOS VITOR GOMES MIRON, matrícula SiapeCad nº 00057776, da Função Gratificada de Chefe do Setor de Arrecadação e Cobrança - Sorac da Inspetoria da Receita Federal do Brasil em Ilhéus (BA), jurisdição da Delegacia da Receita Federal do Brasil em Itabuna (BA), Código FG-2.</p><p>Nº 5.115 Dispensar, a partir de 01/01/2018, o Auditor-Fiscal da Receita Federal do Brasil JOAO ALBERTO DE AZEVEDO BEZERRA, matrícula SiapeCad nº 00013118, da Função Gratificada de Chefe do Setor de Fiscalização e de Controle Aduaneiro - Siana da Inspetoria da Receita Federal do Brasil em Ilhéus (BA), jurisdição da Delegacia da Receita Federal do Brasil em Itabuna (BA), Código FG-2.</p><p>Nº 5.116 Dispensar, a partir de 01/01/2018, o Auditor-Fiscal da Receita Federal do Brasil JOAO NOVAES CARDOSO JUNIOR, matrícula SiapeCad nº 00021420, da Função Gratificada de Chefe da Equipe Aduaneira - EAD da Inspetoria da Receita Federal do Brasil em Ilhéus (BA), jurisdição da Delegacia da Receita Federal do Brasil em Itabuna (BA), Código FG-2.</p><p>Nº 5.117 Dispensar, a partir de 01/01/2018, o Analista-Tributário da Receita Federal do Brasil ANDRE MORAES VASCONCELLOS, matrícula SiapeCad nº 01811031, da Função Gratificada de Chefe da Seção de Tecnologia da Informação - Satec da Delegacia da Receita Federal do Brasil em Lauro de Freitas (BA), Código FG-1.</p><p>Nº 5.118 Dispensar, a partir de 01/01/2018, o Auditor-Fiscal da Receita Federal do Brasil GABRIEL CARDOSO GUIMARAES, matrícula SiapeCad nº 00087930, da Função Gratificada de Chefe da Equipe de Fiscalização - EFI/2 da Delegacia da Receita Federal do Brasil em Lauro de Freitas (BA), Código FG-3.</p><p>Nº 5.119 Exonerar, a partir de 01/01/2018, o Auditor-Fiscal da Receita Federal do Brasil FERNANDO ANTONIO MATOS DE OLIVEIRA, matrícula SiapeCad nº 00064907, do cargo em comissão de Inspetor-Chefe da Alfândega da Receita Federal do Brasil no Porto de Salvador (BA), Código DAS-101.2.</p><p>Nº 5.120 Dispensar, a partir de 01/01/2018, o Auditor-Fiscal da Receita Federal do Brasil LUCIANO FREITAS MACIEL, matrícula SiapeCad nº 00064916, do encargo de Substituto Eventual do Inspetor-Chefe da Alfândega da Receita Federal do Brasil no Porto de Salvador (BA), Código DAS-101.2.</p><p>Nº 5.121 Dispensar, a partir de 01/01/2018, o Auditor-Fiscal da Receita Federal do Brasil LUCIANO FREITAS MACIEL, matrícula SiapeCad nº 00064916, da Função Gratificada de Inspetor-Chefe Adjunto da Alfândega da Receita Federal do Brasil no Porto de Salvador (BA), Código FG-1.</p><p>Nº 5.122 Dispensar, a partir de 01/01/2018, o Analista-Tributário da Receita Federal do Brasil ANDERSON AMARAL DE SOUZA, matrícula SiapeCad nº 01295170, da Função Gratificada de Chefe da Seção de Tecnologia da Informação - Satec da Alfândega da Receita Federal do Brasil no Porto de Salvador (BA), Código FG-1.</p><p>Nº 5.123 Dispensar, a partir de 01/01/2018, o Auditor-Fiscal da Receita Federal do Brasil PETER TOFTE, matrícula SiapeCad nº 00011478, da Função Gratificada de Chefe da Seção de Despacho Aduaneiro - Sadad da Alfândega da Receita Federal do Brasil no Porto de Salvador (BA), Código FG-1.</p><p>Nº 5.124 Dispensar, a partir de 01/01/2018, o Analista Técnico-Administrativo HECTOR FERREIRA DE CASTRO, matrícula SiapeCad nº 01899204, da Função Gratificada de Chefe da Seção de Programação e Logística - Sapol da Alfândega da Receita Federal do Brasil no Porto de Salvador (BA), Código FG-1.</p><p>Nº 5.125 Dispensar, a partir de 01/01/2018, a Auditora-Fiscal da Receita Federal do Brasil SUELENE SANDRA MARACAJA RAMOS PEDROSA, matrícula SiapeCad nº 00011806, da Função Gratificada de Chefe da Seção de Fiscalização Aduaneira - Safia da Alfândega da Receita Federal do Brasil no Porto de Salvador (BA), Código FG-1.</p><p>Nº 5.126 Dispensar, a partir de 01/01/2018, o Auditor-Fiscal da Receita Federal do Brasil JOSE OLYMPIO PINTO DE AZEVEDO, matrícula SiapeCad nº 00063897, da Função Gratificada de Chefe da Seção de Arrecadação e Cobrança - Sarac da Alfândega da Receita Federal do Brasil no Porto de Salvador (BA), Código FG-1.</p><p>Nº 5.127 Dispensar, a partir de 01/01/2018, o Auditor-Fiscal da Receita Federal do Brasil ROBERTO NERI REIS, matrícula SiapeCad nº 01294491, da Função Gratificada de Chefe da Seção de Vigilância e Controle Aduaneiro - Savig da Alfândega da Receita Federal do Brasil no Porto de Salvador (BA), Código FG-1.</p><p>Nº 5.128 Dispensar, a partir de 01/01/2018, o Auditor-Fiscal da Receita Federal do Brasil RICARDO SANTANA NEVES, matrícula SiapeCad nº 00064934, da Função Gratificada de Chefe da Equipe Aduaneira - EAD/1 da Alfândega da Receita Federal do Brasil no Porto de Salvador (BA), Código FG-2.</p><p>Nº 5.129 Dispensar, a partir de 01/01/2018, o Auditor-Fiscal da Receita Federal do Brasil LUIZ FERNANDO COHIM RIBEIRO NOGUEIRA, matrícula SiapeCad nº 00014689, da Função Gratificada de Chefe da Equipe Aduaneira - EAD/2 da Alfândega da Receita Federal do Brasil no Porto de Salvador (BA), Código FG-2.</p><p>Nº 5.130 Dispensar, a partir de 01/01/2018, o Auditor-Fiscal da Receita Federal do Brasil ANTHONYONI ASSIS TAVARES LIMA, matrícula SiapeCad nº 01281708, da Função Gratificada de Chefe da Equipe Aduaneira - EAD/3 da Alfândega da Receita Federal do Brasil no Porto de Salvador (BA), Código FG-2.</p><p>Nº 5.131 Dispensar, a partir de 01/01/2018, a Auditora-Fiscal da Receita Federal do Brasil MONICA GESTEIRA EWERTON, matrícula SiapeCad nº 00065206, da Função Gratificada de Chefe da Equipe Aduaneira - EAD/4 da Alfândega da Receita Federal do Brasil no Porto de Salvador (BA), Código FG-2.</p><p>Nº 5.132 Dispensar, a partir de 01/01/2018, o Analista-Tributário da Receita Federal do Brasil JOSE AUGUSTO COSTA E SILVA, matrícula SiapeCad nº 00004960, da Função Gratificada de Chefe da Equipe Aduaneira - EAD/5 da Alfândega da Receita Federal do Brasil no Porto de Salvador (BA), Código FG-2.</p><p>Nº 5.133 Dispensar, a partir de 01/01/2018, a Analista-Tributário da Receita Federal do Brasil DIANA BADARO DE ALMEIDA HELENO, matrícula SiapeCad nº 01571591, da Função Gratificada de Assistente da Alfândega da Receita Federal do Brasil no Porto de Salvador (BA), Código FG-3.</p><p>Nº 5.134 Dispensar, a partir de 01/01/2018, o Analista-Tributário da Receita Federal do Brasil FLAUDIMIRO CHAVES VITORIA FILHO, matrícula SiapeCad nº 00057891, da Função Gratificada de Assistente da Alfândega da Receita Federal do Brasil no Porto de Salvador (BA), Código FG-3.</p><p>Nº 5.135 Dispensar, a partir de 01/01/2018, o Auditor-Fiscal da Receita Federal do Brasil LUIZ WILSON BRITO DE NORONHA, matrícula SiapeCad nº 01296263, da Função Comissionada do Poder Executivo de Inspetor-Chefe da Alfândega da Receita Federal do Brasil no Aeroporto Internacional de Salvador (BA), Código FCPE-101.1.</p><p>Nº 5.136 Dispensar, a partir de 01/01/2018, o Auditor-Fiscal da Receita Federal do Brasil IURI DA SILVA SILVEIRA, matrícula SiapeCad nº 00671819, do encargo de Substituto Eventual do Inspetor-Chefe da Alfândega da Receita Federal do Brasil no Aeroporto Internacional de Salvador (BA), Código FCPE-101.1.</p><p>Nº 5.137 Dispensar, a partir de 01/01/2018, o Auditor-Fiscal da Receita Federal do Brasil IURI DA SILVA SILVEIRA, matrícula SiapeCad nº 00671819, da Função Gratificada de Inspetor-Chefe Adjunto da Alfândega da Receita Federal do Brasil no Aeroporto Internacional de Salvador (BA), Código FG-1.</p><p>Nº 5.138 Dispensar, a partir de 01/01/2018, o Auditor-Fiscal da Receita Federal do Brasil RODRIGO SOARES GUIMARAES DOS SANTOS TOLENTINO, matrícula SiapeCad nº 00718190, da Função Gratificada de Chefe da Seção de Administração Aduaneira - Saana da Alfândega da Receita Federal do Brasil no Aeroporto Internacional de Salvador (BA), Código FG-1.</p><p>Nº 5.139 Dispensar, a partir de 01/01/2018, a Auditora-Fiscal da Receita Federal do Brasil EMILIA EMIKO OKUMURA, matrícula SiapeCad nº 00068270, da Função Gratificada de Chefe do Setor de Arrecadação e Cobrança - Sorac da Alfândega da Receita Federal do Brasil no Aeroporto Internacional de Salvador (BA), Código FG-2.</p><p>Nº 5.140 Dispensar, a partir de 01/01/2018, o Analista-Tributário da Receita Federal do Brasil ALEXANDRE PLACIDO VIANNA, matrícula SiapeCad nº 00057770, da Função Gratificada de Chefe do Setor de Tecnologia da Informação e Logística - Sotel da Alfândega da Receita Federal do Brasil no Aeroporto Internacional de Salvador (BA), Código FG-2.</p><p>Nº 5.141 Dispensar, a partir de 01/01/2018, o Analista-Tributário da Receita Federal do Brasil HUMBERTO MIGLIO NETO, matrícula SiapeCad nº 01295063, da Função Gratificada de Chefe da Seção de Tecnologia da Informação - Satec da Delegacia da Receita Federal do Brasil em Aracaju (SE), Código FG-1.</p><p>Nº 5.142 Dispensar, a partir de 01/01/2018, o Auditor-Fiscal da Receita Federal do Brasil JESSE SANTANA SILVA, matrícula SiapeCad nº 00010661, da Função Gratificada de Chefe do Núcleo de Administração Aduaneira - Nuana da Delegacia da Receita Federal do Brasil em Aracaju (SE), Código FG-3.</p><p>Nº 5.143 Dispensar, a partir de 01/01/2018, o Analista-Tributário da Receita Federal do Brasil JOSE PAULO LEITE BARROS, matrícula SiapeCad nº 00007559, da Função Gratificada de Chefe da Equipe Aduaneira - EAD da Delegacia da Receita Federal do Brasil em Aracaju (SE), Código FG-3.</p><p>Nº 5.144 Dispensar, a partir de 01/01/2018, o Analista-Tributário da Receita Federal do Brasil GILVANIO ALVES DOS SANTOS, matrícula SiapeCad nº 00087853, da Função Gratificada de Agente da Receita Federal do Brasil em Lagarto (SE), jurisdição da Delegacia da Receita Federal do Brasil em Aracaju (SE), Código FG-1.</p>]]></Texto>
    <Autores>
      <assina>JORGE ANTONIO DEHER RACHID</assina>
    </Autores>
  </body>
</article></xml>