﻿<xml><article id="961408" name="ports__080415" idOficio="4622266" pubName="DO2" artType="Portaria" pubDate="02/01/2018" artClass="00011:00032:00001:00000:00000:00000:00000:00000:00000:00000:00025:00002" artSection="Reitoria" artCategory="Reitoria" artSize="8" artNotes="" numberPage="16" pdfPage="http://pesquisa.in.gov.br/imprensa/jsp/visualiza/index.jsp?data=02/01/2018&amp;jornal=529&amp;pagina=16" editionNumber="1">
  <body>
    <Identifica><![CDATA[PORTARIA DE 26 de dezembro de 2017]]></Identifica>
    <Data><![CDATA[]]></Data>
    <Ementa />
    <Titulo />
    <SubTitulo />
    <Texto><![CDATA[<p>A VICE-REITORA DA FUNDAÇÃO UNIVERSIDADE FEDERAL DE MATO GROSSO DO SUL, NO EXERCÍCIO DO CARGO DE REITORA, no uso de suas atribuições legais e tendo em vista o que consta do Processo n.º 23104.003395/2017-96, resolve:</p><p>Nº 1.564 - Conceder aposentadoria voluntária a Maria Aparecida do Nascimento Ribeiro, matrícula Siape nº 0433559, código de vaga 341808, integrante da Carreira Técnico-Administrativa, do quadro de pessoal desta Universidade, ocupante do cargo de Auxiliar de Cozinha, Classe B, Nível de Capacitação 4, Padrão 16, nos termos do artigo 3º, incisos I a III, da Emenda Constitucional nº 47/05, com proventos integrais e onze por cento de anuênio.</p><p>A VICE-REITORA DA FUNDAÇÃO UNIVERSIDADE FEDERAL DE MATO GROSSO DO SUL, NO EXERCÍCIO DO CARGO DE REITORA, no uso de suas atribuições legais e tendo em vista o que consta do Processo n.º 23104.022420/2017-31, resolve:</p><p>Nº 1.5565 - Conceder aposentadoria voluntária a Mirian Maria Andrade, matrícula Siape nº 0433423, código de vaga 341680, integrante da Carreira Técnico-Administrativa, do quadro de pessoal desta Universidade, ocupante do cargo de Auxiliar em Administração, Classe C, Nível de Capacitação 4, Padrão 16, nos termos do artigo 3º, incisos I a III, da Emenda Constitucional nº 47/05, com proventos integrais e onze por cento de anuênio.</p>]]></Texto>
    <Autores>
      <assina>CAMILA CELESTE BRANDÃO FERREIRA ÍTAVO</assina>
    </Autores>
  </body>
</article></xml>