﻿<xml><article id="961249" name="2337" idOficio="4620717" pubName="DO2" artType="Ato" pubDate="02/01/2018" artClass="00037:00006:00001:00000:00000:00000:00000:00000:00000:00000:00001:00001" artSection="Presidência" artCategory="Presidência" artSize="8" artNotes="" numberPage="142" pdfPage="http://pesquisa.in.gov.br/imprensa/jsp/visualiza/index.jsp?data=02/01/2018&amp;jornal=529&amp;pagina=142" editionNumber="1">
  <body>
    <Identifica><![CDATA[ATO Nº 2.337, DE 22 DE DEZEMBRO DE 2017]]></Identifica>
    <Data><![CDATA[]]></Data>
    <Ementa />
    <Titulo />
    <SubTitulo />
    <Texto><![CDATA[<p> O MINISTRO-PRESIDENTE DO SUPERIOR TRIBUNAL MILITAR, usando das atribuições que lhe são conferidas pelo artigo 6º, inciso XXV, do Regimento Interno, e tendo em vista o contido no Processo nº 030025/17-00.134 do Sistema Eletrônico de Informações, resolve:</p><p>Art. 1º DISPENSAR, a pedido, o Técnico Judiciário, área Administrativa, RENATO DA SILVA BONELÁ, matrícula 9137, da função comissionada de AUXILIAR DE GABINETE DE MINISTRO I, código STM-FC-02, que exerce junto ao Gabinete do Exmº Ministro Alte Esq Marcus Vinícius Oliveira dos Santos.</p><p>Art. 2º DESIGNAR o militar ANTÔNIO EDUARDO DOS SANTOS, matrícula 9567, para exercer, em decorrência da dispensa de Renato da Silva Bonelá, a função comissionada de AUXILIAR DE GABINETE DE MINISTRO I, código STM-FC-02, junto ao citado Gabinete.</p>]]></Texto>
    <Autores>
      <assina>JOSÉ COÊLHO FERREIRA</assina>
    </Autores>
  </body>
</article></xml>