﻿<xml><article id="1021949" name="857-CIBELE E TAYANA - DIS-DES" idOficio="4619446" pubName="DO2" artType="Portaria" pubDate="08/01/2018" artClass="00037:00004:00001:00002:00000:00000:00000:00000:00000:00000:00025:00004" artSection="Secretaria" artCategory="Secretaria" artSize="8" artNotes="" numberPage="45" pdfPage="http://pesquisa.in.gov.br/imprensa/jsp/visualiza/index.jsp?data=08/01/2018&amp;jornal=529&amp;pagina=45" editionNumber="5">
  <body>
    <Identifica><![CDATA[PORTARIA Nº 857, DE 19 DE DEZEMBRO DE 2017]]></Identifica>
    <Data><![CDATA[]]></Data>
    <Ementa />
    <Titulo />
    <SubTitulo />
    <Texto><![CDATA[<p> </p><p> A DIRETORA-GERAL DA SECRETARIA DO SUPERIOR TRIBUNAL DE JUSTIÇA, com base no item 16.2, XI, b, do Manual de Organização e considerando o disposto no art. 35, I, da Lei n. 8.112, de 11 de dezembro de 1990, resolve:  </p><p>Art. 1º Efetuar as seguintes alterações na Coordenadoria de Auditoria de Pessoal, da Secretaria de Auditoria Interna:</p><p>I - Dispensar CIBELE BARGAS DE CARVALHO, matrícula S068971, da função de confiança de Assistente II, código FC-2;</p><p>II - Designar TAYANA KARIYA DOS SANTOS, matrícula S069919, para a função de confiança de Assistente II, código FC-2, na vaga decorrente da dispensa de Cibele Bargas de Carvalho.</p><p>Art. 2º Esta portaria entra em vigor na data de sua publicação.</p>]]></Texto>
    <Autores>
      <assina>Sulamita Avelino Cardoso Marques</assina>
    </Autores>
  </body>
</article></xml>