﻿<xml><article id="960841" name="PORTARIAS 1222" idOficio="4619570" pubName="DO2" artType="Portaria" pubDate="02/01/2018" artClass="00011:00059:00006:00000:00000:00000:00000:00000:00000:00000:00025:00001" artSection="Campus Concórdia" artCategory="Campus Concórdia" artSize="8" artNotes="" numberPage="20" pdfPage="http://pesquisa.in.gov.br/imprensa/jsp/visualiza/index.jsp?data=02/01/2018&amp;jornal=529&amp;pagina=20" editionNumber="1">
  <body>
    <Identifica><![CDATA[PORTARIAS DE 22 DE DEZEMBRO DE 2017]]></Identifica>
    <Data><![CDATA[]]></Data>
    <Ementa />
    <Titulo />
    <SubTitulo />
    <Texto><![CDATA[<p> O DIRETOR-GERAL DO INSTITUTO FEDERAL DE EDUCACAO, CIENCIA E TECNOLOGIA CATARINENSE - CAMPUS CONCORDIA, no uso de suas atribuicoes conferidas pela Portaria n 288 de 26/01/2016 publicada no DOU de 27/01/2016, resolve:</p><p>Nº 375 - Art. 1º - DISPENSAR, a servidora SUELI ALLEBRANDT, Operadora de Máquina Copiadora, Matrícula SIAPE n° 1099504, da Função Gratificada de Chefe do Setor de Reprografia, Audiovisuais e Materiais Didáticos, código FG 2;</p><p>Nº 377 - Art. 1º - DISPENSAR, o servidor ADONIS ROGÉRIO FRACARO, Professor, SIAPE 1217951, da Função Gratificada de Coordenador de Acompanhamento ao Educando, código FG 01.</p><p>Nº 378 - Art. 1º - DESIGNAR, o servidor ADONIS ROGÉRIO FRACARO, Professor, SIAPE 1217951, para exercer a Função Gratificada de Coordenador de Acompanhamento ao Educando, código FG 02.</p><p>Estas portarias entram em vigor na data de sua publicacao.</p>]]></Texto>
    <Autores>
      <assina>NELSON GERALDO GOLINSKI</assina>
    </Autores>
  </body>
</article></xml>