﻿<xml><article id="1022042" name="TRF2-ATP-2017-00531" idOficio="4622959" pubName="DO2" artType="Ato" pubDate="08/01/2018" artClass="00037:00008:00001:00000:00000:00000:00000:00000:00000:00000:00001:00005" artSection="Presidência" artCategory="Presidência" artSize="8" artNotes="" numberPage="49" pdfPage="http://pesquisa.in.gov.br/imprensa/jsp/visualiza/index.jsp?data=08/01/2018&amp;jornal=529&amp;pagina=49" editionNumber="5">
  <body>
    <Identifica><![CDATA[ATO Nº 531, de 13 de dezembro de 2017]]></Identifica>
    <Data><![CDATA[]]></Data>
    <Ementa />
    <Titulo />
    <SubTitulo />
    <Texto><![CDATA[<p> O PRESIDENTE DO TRIBUNAL REGIONAL FEDERAL DA 2ª REGIÃO, no uso de suas atribuições, e considerando o que consta nos autos do Procedimento Administrativo nº TRF2-PES-2017/01558, resolve:</p><p>NOMEAR, nos termos dos artigos 9º, inciso I, e 10 da Lei nº 8.112-1990 em interpretação conjunta com a Lei nº 11.416-2006, alterada pela Lei nº 12.774-2012, em razão de habilitação em concurso público, obedecida a ordem de classificação da listagem geral, o candidato abaixo, para exercer o cargo de TÉCNICO JUDICIÁRIO, Área Administrativa, Nível Intermediário, Classe "A", Padrão 1, do Quadro de Pessoal da Justiça Federal de Primeiro Grau - Seção Judiciária do Rio de Janeiro: </p><p /><p> </p><table><tr /><tr><td><p> </p></td><td><p>Nome do candidato </p></td><td><p>Class. </p></td><td><p>Origem da Vaga </p></td></tr><tr><td><p>1 </p></td><td><p>LUIZ GUSTAVO SOARES PINTO </p></td><td><p>9º </p></td><td><p>declaração de vacância do cargo de Leandro Luiz Marques de Souza </p></td></tr></table>]]></Texto>
    <Autores>
      <assina>ANDRÉ FONTES Presidente</assina>
    </Autores>
  </body>
</article></xml>