﻿<xml><article id="1021952" name="LUIZ IZIDRO - EXO" idOficio="4619523" pubName="DO2" artType="Portaria" pubDate="08/01/2018" artClass="00037:00004:00001:00002:00000:00000:00000:00000:00000:00000:00025:00007" artSection="Secretaria" artCategory="Secretaria" artSize="8" artNotes="" numberPage="45" pdfPage="http://pesquisa.in.gov.br/imprensa/jsp/visualiza/index.jsp?data=08/01/2018&amp;jornal=529&amp;pagina=45" editionNumber="5">
  <body>
    <Identifica><![CDATA[PORTARIA Nº 862, DE 21 DE DEZEMBRO DE 2017]]></Identifica>
    <Data><![CDATA[]]></Data>
    <Ementa />
    <Titulo />
    <SubTitulo />
    <Texto><![CDATA[<p> A DIRETORA-GERAL DA SECRETARIA DO SUPERIOR TRIBUNAL DE JUSTIÇA, com base no item 16.2, XI, b, do Manual de Organização e considerando o disposto no art. 35, I, da Lei n. 8.112, de 11 de dezembro de 1990, resolve:</p><p>Art. 1º Exonerar, com efeitos a partir de 1º de janeiro de 2018, LUIZ IZIDRO DA SILVA NETO, matrícula S056434, do cargo em comissão de Assessor A, código CJ-2, do Gabinete do Secretário-Geral da Presidência.</p><p>Art. 2º Esta portaria entra em vigor na data de sua publicação.</p>]]></Texto>
    <Autores>
      <assina>Sulamita Avelino Cardoso Marques</assina>
    </Autores>
  </body>
</article></xml>