﻿<xml><article id="1022018" name="ATO GP 650_2017_APOSENTADORIA MA" idOficio="4622537" pubName="DO2" artType="Ato" pubDate="08/01/2018" artClass="00037:00005:00001:00000:00000:00000:00000:00000:00000:00000:00001:00001" artSection="Presidência" artCategory="Presidência" artSize="8" artNotes="" numberPage="45" pdfPage="http://pesquisa.in.gov.br/imprensa/jsp/visualiza/index.jsp?data=08/01/2018&amp;jornal=529&amp;pagina=45" editionNumber="5">
  <body>
    <Identifica><![CDATA[ATO Nº 650, DE 15 DE DEZEMBRO DE 2017]]></Identifica>
    <Data><![CDATA[]]></Data>
    <Ementa />
    <Titulo />
    <SubTitulo />
    <Texto><![CDATA[<p> O PRESIDENTE DO TRIBUNAL SUPERIOR DO TRABALHO, no uso de suas atribuições legais e regimentais e tendo em vista o constante do Processo Administrativo TST nº 504.046/2017-1, resolve: </p><p>Conceder aposentadoria voluntária por tempo de contribuição, com proventos integrais, à servidora MARIA CRISTINA RIOS NUNES, código 27372, no cargo da Carreira Judiciária de Técnico Judiciário, Área Administrativa, Classe C, Padrão 13, com fundamento no art. 3º, incisos I a III, e parágrafo único, da Emenda Constitucional nº 47/2005; e no art. 62-A da Lei nº 8.112/1990, com redação dada pelo art. 3º da Medida Provisória nº 2.225-45/2001.</p>]]></Texto>
    <Autores>
      <assina>Min. IVES GANDRA DA SILVA MARTINS FILHO</assina>
    </Autores>
  </body>
</article></xml>