﻿<xml><article id="961384" name="PRFB4871a4956" idOficio="4622210" pubName="DO2" artType="Portaria" pubDate="02/01/2018" artClass="00012:00055:00000:00000:00000:00000:00000:00000:00000:00000:00025:00011" artSection="Ministério da Fazenda" artCategory="Secretaria da Receita Federal do Brasil" artSize="8" artNotes="" numberPage="68-75" pdfPage="http://pesquisa.in.gov.br/imprensa/jsp/visualiza/index.jsp?data=02/01/2018&amp;jornal=529&amp;pagina=68,http://pesquisa.in.gov.br/imprensa/jsp/visualiza/index.jsp?data=02/01/2018&amp;jornal=529&amp;pagina=75" editionNumber="1">
  <body>
    <Identifica><![CDATA[PORTARIAS DE 26 DE DEZEMBRO DE 2017]]></Identifica>
    <Data><![CDATA[]]></Data>
    <Ementa />
    <Titulo />
    <SubTitulo />
    <Texto><![CDATA[<p> O SECRETÁRIO DA RECEITA FEDERAL DO BRASIL, no uso das competências que lhe foram delegada e subdelegada, respectivamente, pelas Portarias MF nºs 392 e 393, de 14 de julho de 2009, alteradas pela Portaria MF nº 100, de 28 de março de 2017, resolve:</p><p>Nº 4.871 Dispensar, a partir de 01/01/2018, o Analista-Tributário da Receita Federal do Brasil VICTOR MOREIRA DE GURJAO, matrícula SiapeCad nº 01305069, da Função Comissionada do Poder Executivo de Chefe da Divisão de Tecnologia da Informação - Ditec da Superintendência Regional da Receita Federal do Brasil da 3ª Região Fiscal (CE), Código FCPE-101.2.</p><p>Nº 4.872 Dispensar, a partir de 01/01/2018, a Analista-Tributário da Receita Federal do Brasil GLAUCIA RIBEIRO PIRES, matrícula SiapeCad nº 00025026, do encargo de Substituto Eventual do Chefe da Divisão de Tecnologia da Informação - Ditec da Superintendência Regional da Receita Federal do Brasil da 3ª Região Fiscal (CE), Código FCPE-101.2.</p><p>Nº 4.873 Dispensar, a partir de 01/01/2018, o Auditor-Fiscal da Receita Federal do Brasil GERALDO ANTONIO FREDERICO, matrícula SiapeCad nº 00064026, da Função Comissionada do Poder Executivo de Chefe da Divisão de Repressão ao Contrabando e Descaminho - Direp da Superintendência Regional da Receita Federal do Brasil da 3ª Região Fiscal (CE), Código FCPE-101.2.</p><p>Nº 4.874 Dispensar, a partir de 01/01/2018, o Auditor-Fiscal da Receita Federal do Brasil MANOEL SULIANO MOREIRA DA COSTA LIMA, matrícula SiapeCad nº 00064109, do encargo de Substituto Eventual do Chefe da Divisão de Repressão ao Contrabando e Descaminho - Direp da Superintendência Regional da Receita Federal do Brasil da 3ª Região Fiscal (CE), Código FCPE-101.2.</p><p>Nº 4.875 Dispensar, a partir de 01/01/2018, o Agente Administrativo ALEXANDRE SAMPAIO BORGES, matrícula SiapeCad nº 00057896, da Função Gratificada de Chefe da Seção de Gestão de Mercadorias Apreendidas - Samap da Superintendência Regional da Receita Federal do Brasil da 3ª Região Fiscal (CE), Código FG-1.</p><p>Nº 4.876 Dispensar, a partir de 01/01/2018, o Auditor-Fiscal da Receita Federal do Brasil MANOEL SULIANO MOREIRA DA COSTA LIMA, matrícula SiapeCad nº 00064109, da Função Gratificada de Chefe da Equipe de Repressão Aduaneira - ERA da Superintendência Regional da Receita Federal do Brasil da 3ª Região Fiscal (CE), Código FG-3.</p><p>Nº 4.877 Dispensar, a partir de 01/01/2018, o Auditor-Fiscal da Receita Federal do Brasil PAULO EDUARDO NUNES VERCOSA, matrícula SiapeCad nº 01571035, da Função Gratificada de Chefe da Equipe de Fiscalização - EFI da Superintendência Regional da Receita Federal do Brasil da 3ª Região Fiscal (CE), Código FG-3.</p><p>Nº 4.878 Dispensar, a partir de 01/01/2018, o Analista-Tributário da Receita Federal do Brasil RINALDO MAGALHAES FONTENELE, matrícula SiapeCad nº 00057269, da Função Gratificada de Chefe da Equipe de Gestão de Pessoas - EGP da Superintendência Regional da Receita Federal do Brasil da 3ª Região Fiscal (CE), Código FG-3.</p><p>Nº 4.879 Dispensar, a partir de 01/01/2018, o Analista-Tributário da Receita Federal do Brasil VICTOR HOLANDA DE MIRANDA, matrícula SiapeCad nº 01293235, da Função Gratificada de Chefe da Equipe de Logística - ELG da Superintendência Regional da Receita Federal do Brasil da 3ª Região Fiscal (CE), Código FG-3.</p><p>Nº 4.880 Dispensar, a partir de 01/01/2018, o Economista HERMES MONTEIRO NETO, matrícula SiapeCad nº 00068108, da Função Gratificada de Assistente da Superintendência Regional da Receita Federal do Brasil da 3ª Região Fiscal (CE), Código FG-3.</p><p>Nº 4.881 Dispensar, a partir de 01/01/2018, o Técnico em Contabilidade ERALDO CAETANO SA, matrícula SiapeCad nº 00062834, da Função Gratificada de Assistente da Superintendência Regional da Receita Federal do Brasil da 3ª Região Fiscal (CE), Código FG-3.</p><p>Nº 4.882 Dispensar, a partir de 01/01/2018, a Agente Administrativo ARIANA TORQUATO ROCHA CRUZ, matrícula SiapeCad nº 00009727, da Função Gratificada de Assistente da Superintendência Regional da Receita Federal do Brasil da 3ª Região Fiscal (CE), Código FG-3.</p><p>Nº 4.883 Dispensar, a partir de 01/01/2018, o Auditor-Fiscal da Receita Federal do Brasil JOSE VITORIANO ANTUNES, matrícula SiapeCad nº 00021769, da Função Gratificada de Assistente da Superintendência Regional da Receita Federal do Brasil da 3ª Região Fiscal (CE), Código FG-3.</p><p>Nº 4.884 Dispensar, a partir de 01/01/2018, o Analista-Tributário da Receita Federal do Brasil JORGE LIMA PIRES, matrícula SiapeCad nº 01134092, da Função Comissionada do Poder Executivo de Chefe do Serviço de Tecnologia da Informação - Setec da Delegacia da Receita Federal do Brasil em Fortaleza (CE), Código FCPE-101.1.</p><p>Nº 4.885 Dispensar, a partir de 01/01/2018, a Analista-Tributário da Receita Federal do Brasil BEATRIZ MEIRELES DE SOUSA LIMA, matrícula SiapeCad nº 01572607, da Função Comissionada do Poder Executivo de Chefe do Serviço de Programação e Logística - Sepol da Delegacia da Receita Federal do Brasil em Fortaleza (CE), Código FCPE-101.1.</p><p>Nº 4.886 Dispensar, a partir de 01/01/2018, o Assistente Técnico-Administrativo IVSON PORDEUS GOMES, matrícula SiapeCad nº 01489370, do encargo de Substituto Eventual do Chefe do Serviço de Programação e Logística - Sepol da Delegacia da Receita Federal do Brasil em Fortaleza (CE), Código FCPE-101.1.</p><p>Nº 4.887 Dispensar, a partir de 01/01/2018, o Analista-Tributário da Receita Federal do Brasil ASTROGILDO ELIANO PINTO JUNIOR, matrícula SiapeCad nº 00016674, da Função Comissionada do Poder Executivo de Chefe do Centro de Atendimento ao Contribuinte - CAC/Fortaleza 1 da Delegacia da Receita Federal do Brasil em Fortaleza (CE), Código FCPE-101.1.</p><p>Nº 4.888 Dispensar, a partir de 01/01/2018, o Analista-Tributário da Receita Federal do Brasil TEOBALDO NASCIMENTO SILVA, matrícula SiapeCad nº 00018443, do encargo de Substituto Eventual do Chefe do Centro de Atendimento ao Contribuinte - CAC/Fortaleza 1 da Delegacia da Receita Federal do Brasil em Fortaleza (CE), Código FCPE-101.1.</p><p>Nº 4.889 Dispensar, a partir de 01/01/2018, o Analista-Tributário da Receita Federal do Brasil EDUARDO AMAZONAS DE LACERDA CARVALHO, matrícula SiapeCad nº 01292580, da Função Comissionada do Poder Executivo de Chefe do Centro de Atendimento ao Contribuinte - CAC/Fortaleza 2 da Delegacia da Receita Federal do Brasil em Fortaleza (CE), Código FCPE-101.1.</p><p>Nº 4.890 Dispensar, a partir de 01/01/2018, o Analista-Tributário da Receita Federal do Brasil PAULO ROBERTO LEWINTER, matrícula SiapeCad nº 01293848, do encargo de Substituto Eventual do Chefe do Centro de Atendimento ao Contribuinte - CAC/Fortaleza 2 da Delegacia da Receita Federal do Brasil em Fortaleza (CE), Código FCPE-101.1.</p><p>Nº 4.891 Dispensar, a partir de 01/01/2018, o Auditor-Fiscal da Receita Federal do Brasil ONOFRE FERNANDES DE MOISES JUNIOR, matrícula SiapeCad nº 00880759, da Função Gratificada de Chefe da Seção de Programação, Avaliação e Controle da Atividade Fiscal - Sapac da Delegacia da Receita Federal do Brasil em Fortaleza (CE), Código FG-1.</p><p>Nº 4.892 Dispensar, a partir de 01/01/2018, a Agente Administrativo SONIA MARIA CAVALCANTE DA SILVEIRA, matrícula SiapeCad nº 00010033, da Função Gratificada de Chefe da Equipe de Atendimento ao Contribuinte - EAT/3 da Delegacia da Receita Federal do Brasil em Fortaleza (CE), Código FG-1.</p><p>Nº 4.893 Dispensar, a partir de 01/01/2018, a Analista-Tributário da Receita Federal do Brasil MARIA EURILEIA REBOUCAS CAVALCANTE, matrícula SiapeCad nº 00008211, da Função Gratificada de Chefe da Equipe de Atendimento ao Contribuinte - EAT/4 da Delegacia da Receita Federal do Brasil em Fortaleza (CE), Código FG-1.</p><p>Nº 4.894 Dispensar, a partir de 01/01/2018, a Datilógrafo ANA LUCIA SANTIAGO FELIX, matrícula SiapeCad nº 00821387, da Função Gratificada de Chefe da Equipe de Atendimento ao Contribuinte - EAT/6 da Delegacia da Receita Federal do Brasil em Fortaleza (CE), Código FG-1.</p><p>Nº 4.895 Dispensar, a partir de 01/01/2018, o Assistente Técnico-Administrativo IVSON PORDEUS GOMES, matrícula SiapeCad nº 01489370, da Função Gratificada de Assistente da Delegacia da Receita Federal do Brasil em Fortaleza (CE), Código FG-1.</p><p>Nº 4.896 Dispensar, a partir de 01/01/2018, o Analista-Tributário da Receita Federal do Brasil TEOBALDO NASCIMENTO SILVA, matrícula SiapeCad nº 00018443, da Função Gratificada de Assistente da Delegacia da Receita Federal do Brasil em Fortaleza (CE), Código FG-2.</p><p>Nº 4.897 Dispensar, a partir de 01/01/2018, a Analista-Tributário da Receita Federal do Brasil SORAYA JANJA GOES BERNARDO, matrícula SiapeCad nº 01332178, da Função Gratificada de Agente da Receita Federal do Brasil em Aracati (CE), jurisdição da Delegacia da Receita Federal do Brasil em Fortaleza (CE), Código FG-3.</p><p>Nº 4.898 Dispensar, a partir de 01/01/2018, o Analista-Tributário da Receita Federal do Brasil ALTAIR MESQUITA DE FREITAS, matrícula SiapeCad nº 01132028, da Função Gratificada de Agente da Receita Federal do Brasil em Itapipoca (CE), jurisdição da Delegacia da Receita Federal do Brasil em Fortaleza (CE), Código FG-1.</p><p>Nº 4.899 Dispensar, a partir de 01/01/2018, a Assistente Técnico-Administrativo ROSA DO ESPIRITO SANTO, matrícula SiapeCad nº 01494416, da Função Gratificada de Chefe da Equipe de Atendimento ao Contribuinte - EAT da Agência da Receita Federal do Brasil em Itapipoca (CE), jurisdição da Delegacia da Receita Federal do Brasil em Fortaleza (CE), Código FG-3.</p><p>Nº 4.900 Dispensar, a partir de 01/01/2018, o Analista-Tributário da Receita Federal do Brasil REGINALDO MEDEIROS PLUTARCO, matrícula SiapeCad nº 01132140, da Função Gratificada de Chefe da Equipe de Atendimento ao Contribuinte - EAT da Agência da Receita Federal do Brasil em Maranguape (CE), jurisdição da Delegacia da Receita Federal do Brasil em Fortaleza (CE), Código FG-3.</p><p>Nº 4.901 Dispensar, a partir de 01/01/2018, o Analista-Tributário da Receita Federal do Brasil CASSIO BARROS DA SILVA, matrícula SiapeCad nº 01653658, da Função Gratificada de Agente da Receita Federal do Brasil em Quixada (CE), jurisdição da Delegacia da Receita Federal do Brasil em Fortaleza (CE), Código FG-3.</p><p>Nº 4.902 Dispensar, a partir de 01/01/2018, o Analista-Tributário da Receita Federal do Brasil JOAO BATISTA PEREIRA NOBRE, matrícula SiapeCad nº 00007672, da Função Gratificada de Agente da Receita Federal do Brasil em Russas (CE), jurisdição da Delegacia da Receita Federal do Brasil em Fortaleza (CE), Código FG-1.</p><p>Nº 4.903 Dispensar, a partir de 01/01/2018, o Agente de Portaria FRANCISCO DE ASSIS FILHO, matrícula SiapeCad nº 00082418, da Função Gratificada de Chefe da Equipe de Atendimento ao Contribuinte - EAT da Agência da Receita Federal do Brasil em Russas (CE), jurisdição da Delegacia da Receita Federal do Brasil em Fortaleza (CE), Código FG-3.</p><p>Nº 4.904 Dispensar, a partir de 01/01/2018, o Analista-Tributário da Receita Federal do Brasil PAULO ROBERTO DE MEDEIROS FREIRE, matrícula SiapeCad nº 00376284, da Função Gratificada de Agente da Receita Federal do Brasil em Horizonte (CE), jurisdição da Delegacia da Receita Federal do Brasil em Fortaleza (CE), Código FG-1.</p><p>Nº 4.905 Dispensar, a partir de 01/01/2018, o Analista-Tributário da Receita Federal do Brasil JETHER ABRANTES DE LACERDA, matrícula SiapeCad nº 00006697, da Função Gratificada de Chefe da Seção de Tecnologia da Informação e Logística - Satel da Delegacia da Receita Federal do Brasil em Juazeiro do Norte (CE), Código FG-1.</p><p>Nº 4.906 Dispensar, a partir de 01/01/2018, a Analista-Tributário da Receita Federal do Brasil AIRLES FALCAO LOSSIO CARVALHO, matrícula SiapeCad nº 01293476, da Função Gratificada de Agente da Receita Federal do Brasil em Crato (CE), jurisdição da Delegacia da Receita Federal do Brasil em Juazeiro do Norte (CE), Código FG-1.</p><p>Nº 4.907 Dispensar, a partir de 01/01/2018, o Analista-Tributário da Receita Federal do Brasil PAULO LEITE SAMPAIO, matrícula SiapeCad nº 00008503, da Função Gratificada de Chefe da Equipe de Atendimento ao Contribuinte - EAT da Agência da Receita Federal do Brasil em Crato (CE), jurisdição da Delegacia da Receita Federal do Brasil em Juazeiro do Norte (CE), Código FG-3.</p><p>Nº 4.908 Dispensar, a partir de 01/01/2018, o Agente Administrativo FLAMARION RIBEIRO DA SILVA, matrícula SiapeCad nº 00010506, da Função Gratificada de Chefe da Seção de Tecnologia da Informação e Logística - Satel da Delegacia da Receita Federal do Brasil em Sobral (CE), Código FG-1.</p><p>Nº 4.909 Dispensar, a partir de 01/01/2018, o Técnico de Contabilidade CARLOS RODRIGUES LEITAO, matrícula SiapeCad nº 00821670, da Função Gratificada de Chefe da Equipe de Atendimento ao Contribuinte - EAT da Agência da Receita Federal do Brasil em Crateus (CE), jurisdição da Delegacia da Receita Federal do Brasil em Sobral (CE), Código FG-3.</p><p>Nº 4.910 Exonerar, a partir de 01/01/2018, o Auditor-Fiscal da Receita Federal do Brasil FREDERICO EMMANOEL SALES VASCONCELLOS, matrícula SiapeCad nº 00063986, do cargo em comissão de Inspetor-Chefe da Alfândega da Receita Federal do Brasil no Porto de Fortaleza (CE), Código DAS-101.2.</p><p>Nº 4.911 Dispensar, a partir de 01/01/2018, o Auditor-Fiscal da Receita Federal do Brasil RICARDO LEITE RODRIGUES, matrícula SiapeCad nº 00003067, do encargo de Substituto Eventual do Inspetor-Chefe da Alfândega da Receita Federal do Brasil no Porto de Fortaleza (CE), Código DAS-101.2.</p><p>Nº 4.912 Dispensar, a partir de 01/01/2018, o Analista-Tributário da Receita Federal do Brasil ELISSON JOSE MAIA MELO, matrícula SiapeCad nº 01295524, da Função Gratificada de Chefe da Seção de Tecnologia da Informação - Satec da Alfândega da Receita Federal do Brasil no Porto de Fortaleza (CE), Código FG-1.</p><p>Nº 4.913 Dispensar, a partir de 01/01/2018, o Auditor-Fiscal da Receita Federal do Brasil RICARDO LEITE RODRIGUES, matrícula SiapeCad nº 00003067, da Função Gratificada de Chefe da Seção de Despacho Aduaneiro - Sadad da Alfândega da Receita Federal do Brasil no Porto de Fortaleza (CE), Código FG-1.</p><p>Nº 4.914 Dispensar, a partir de 01/01/2018, o Analista-Tributário da Receita Federal do Brasil FRANCISCO CARNEIRO DE HOLANDA NETO, matrícula SiapeCad nº 01215125, da Função Gratificada de Chefe da Seção de Programação e Logística - Sapol da Alfândega da Receita Federal do Brasil no Porto de Fortaleza (CE), Código FG-1.</p><p>Nº 4.915 Dispensar, a partir de 01/01/2018, o Auditor-Fiscal da Receita Federal do Brasil GIL BARROSO SILVA, matrícula SiapeCad nº 00064127, da Função Gratificada de Chefe da Seção de Fiscalização Aduaneira - Safia da Alfândega da Receita Federal do Brasil no Porto de Fortaleza (CE), Código FG-1.</p><p>Nº 4.916 Dispensar, a partir de 01/01/2018, o Auditor-Fiscal da Receita Federal do Brasil AUGUSTO OLIVEIRA DA SILVA NETO, matrícula SiapeCad nº 00019644, da Função Gratificada de Chefe da Seção de Arrecadação e Cobrança - Sarac da Alfândega da Receita Federal do Brasil no Porto de Fortaleza (CE), Código FG-1.</p><p>Nº 4.917 Dispensar, a partir de 01/01/2018, o Auditor-Fiscal da Receita Federal do Brasil PEDRO FERNANDO BEZERRA DE CARVALHO, matrícula SiapeCad nº 00064231, da Função Gratificada de Chefe da Seção de Vigilância e Controle Aduaneiro - Savig da Alfândega da Receita Federal do Brasil no Porto de Fortaleza (CE), Código FG-1.</p><p>Nº 4.918 Dispensar, a partir de 01/01/2018, o Auditor-Fiscal da Receita Federal do Brasil CARLOS WILSON AZEVEDO ALBUQUERQUE, matrícula SiapeCad nº 00671821, da Função Comissionada do Poder Executivo de Inspetor-Chefe da Alfândega da Receita Federal do Brasil no Aeroporto Internacional Pinto Martins (CE), Código FCPE-101.1.</p><p>Nº 4.919 Dispensar, a partir de 01/01/2018, o Auditor-Fiscal da Receita Federal do Brasil PAULO ANTONIO MENDES JANO, matrícula SiapeCad nº 00072892, do encargo de Substituto Eventual do Inspetor-Chefe da Alfândega da Receita Federal do Brasil no Aeroporto Internacional Pinto Martins (CE), Código FCPE-101.1.</p><p>Nº 4.920 Dispensar, a partir de 01/01/2018, o Auditor-Fiscal da Receita Federal do Brasil PAULO ANTONIO MENDES JANO, matrícula SiapeCad nº 00072892, da Função Gratificada de Chefe da Seção de Administração Aduaneira - Saana da Alfândega da Receita Federal do Brasil no Aeroporto Internacional Pinto Martins (CE), Código FG-1.</p><p>Nº 4.921 Dispensar, a partir de 01/01/2018, a Auditora-Fiscal da Receita Federal do Brasil ELIANA MAGALHAES COUTINHO MOTA, matrícula SiapeCad nº 00718746, da Função Gratificada de Chefe do Setor de Arrecadação e Cobrança - Sorac da Alfândega da Receita Federal do Brasil no Aeroporto Internacional Pinto Martins (CE), Código FG-2.</p><p>Nº 4.922 Dispensar, a partir de 01/01/2018, o Analista-Tributário da Receita Federal do Brasil MARCOS CARNEIRO CAVALCANTI, matrícula SiapeCad nº 00087912, da Função Gratificada de Chefe do Setor de Tecnologia da Informação e Logística - Sotel da Alfândega da Receita Federal do Brasil no Aeroporto Internacional Pinto Martins (CE), Código FG-2.</p><p>Nº 4.923 Dispensar, a partir de 01/01/2018, o Auditor-Fiscal da Receita Federal do Brasil FERNANDO FIGUEIREDO GURGEL FILHO, matrícula SiapeCad nº 00009338, da Função Gratificada de Chefe da Equipe Aduaneira - EAD da Alfândega da Receita Federal do Brasil no Aeroporto Internacional Pinto Martins (CE), Código FG-3.</p><p>Nº 4.924 Dispensar, a partir de 01/01/2018, o Auditor-Fiscal da Receita Federal do Brasil JOAO DOMICIO PINTO CAVALCANTE, matrícula SiapeCad nº 01569144, da Função Comissionada do Poder Executivo de Inspetor-Chefe da Alfândega da Receita Federal do Brasil no Porto de Pecém (CE), Código FCPE-101.1.</p><p>Nº 4.925 Dispensar, a partir de 01/01/2018, o Auditor-Fiscal da Receita Federal do Brasil EDSON NOGUEIRA DE MORAES, matrícula SiapeCad nº 01571389, do encargo de Substituto Eventual do Inspetor-Chefe da Alfândega da Receita Federal do Brasil no Porto de Pecém (CE), Código FCPE-101.1.</p><p>Nº 4.926 Dispensar, a partir de 01/01/2018, o Auditor-Fiscal da Receita Federal do Brasil EDSON NOGUEIRA DE MORAES, matrícula SiapeCad nº 01571389, da Função Gratificada de Chefe da Seção de Administração Aduaneira - Saana da Alfândega da Receita Federal do Brasil no Porto de Pecém (CE), Código FG-1.</p><p>Nº 4.927 Dispensar, a partir de 01/01/2018, o Assistente Técnico-Administrativo TIAGO CUNHA BASTOS, matrícula SiapeCad nº 01591360, da Função Gratificada de Chefe do Setor de Tecnologia da Informação e Logística - Sotel da Alfândega da Receita Federal do Brasil no Porto de Pecém (CE), Código FG-2.</p><p>Nº 4.928 Dispensar, a partir de 01/01/2018, o Auditor-Fiscal da Receita Federal do Brasil DURVAL AIRES MATOS JUNIOR, matrícula SiapeCad nº 00881129, da Função Gratificada de Chefe da Equipe Aduaneira - EAD/1 da Alfândega da Receita Federal do Brasil no Porto de Pecém (CE), Código FG-3.</p><p>Nº 4.929 Dispensar, a partir de 01/01/2018, o Analista-Tributário da Receita Federal do Brasil MARCOS ANTONIO AGUIAR LOPES, matrícula SiapeCad nº 00008028, da Função Gratificada de Chefe da Equipe Aduaneira - EAD/2 da Alfândega da Receita Federal do Brasil no Porto de Pecém (CE), Código FG-3.</p><p>Nº 4.930 Dispensar, a partir de 01/01/2018, a Analista-Tributário da Receita Federal do Brasil SILVIA CRISTINA DA SILVA COSTA, matrícula SiapeCad nº 00009058, da Função Gratificada de Chefe da Seção de Tecnologia da Informação - Satec da Delegacia da Receita Federal do Brasil em Sao Luis (MA), Código FG-1.</p><p>Nº 4.931 Dispensar, a partir de 01/01/2018, o Analista-Tributário da Receita Federal do Brasil NELIO PEREIRA DA SILVA, matrícula SiapeCad nº 00005566, da Função Gratificada de Chefe da Seção de Programação e Logística - Sapol da Delegacia da Receita Federal do Brasil em Sao Luis (MA), Código FG-1.</p><p>Nº 4.932 Dispensar, a partir de 01/01/2018, o Agente Administrativo ALGACYR RODRIGUES MOTA, matrícula SiapeCad nº 00008719, da Função Gratificada de Chefe da Seção de Gestão de Pessoas - Sagep da Delegacia da Receita Federal do Brasil em Sao Luis (MA), Código FG-1.</p><p>Nº 4.933 Dispensar, a partir de 01/01/2018, o Analista-Tributário da Receita Federal do Brasil JOSE WASHINGTON MARQUES FABRICIO, matrícula SiapeCad nº 00005926, da Função Gratificada de Agente da Receita Federal do Brasil em Bacabal (MA), jurisdição da Delegacia da Receita Federal do Brasil em Sao Luis (MA), Código FG-1.</p><p>Nº 4.934 Dispensar, a partir de 01/01/2018, o Analista-Tributário da Receita Federal do Brasil DJALMA SILVA PINHEIRO, matrícula SiapeCad nº 00023332, da Função Gratificada de Agente da Receita Federal do Brasil em Pinheiro (MA), jurisdição da Delegacia da Receita Federal do Brasil em Sao Luis (MA), Código FG-1.</p><p>Nº 4.935 Dispensar, a partir de 01/01/2018, o Escriturário JOSE BATISTA SILVA CAMPOS, matrícula SiapeCad nº 00077258, da Função Gratificada de Chefe da Equipe de Atendimento ao Contribuinte - EAT da Agência da Receita Federal do Brasil em Santa Ines (MA), jurisdição da Delegacia da Receita Federal do Brasil em Sao Luis (MA), Código FG-3.</p><p>Nº 4.936 Dispensar, a partir de 01/01/2018, o Analista-Tributário da Receita Federal do Brasil JAMES RODRIGUES DE ASSIS, matrícula SiapeCad nº 01296603, da Função Gratificada de Agente da Receita Federal do Brasil em Caxias (MA), jurisdição da Delegacia da Receita Federal do Brasil em Sao Luis (MA), Código FG-3.</p><p>Nº 4.937 Dispensar, a partir de 01/01/2018, o Agente Administrativo JOAO BATISTA OLIVEIRA FURTADO, matrícula SiapeCad nº 00027731, da Função Gratificada de Agente da Receita Federal do Brasil em Presidente Dutra (MA), jurisdição da Delegacia da Receita Federal do Brasil em Sao Luis (MA), Código FG-1.</p><p>Nº 4.938 Dispensar, a partir de 01/01/2018, o Analista-Tributário da Receita Federal do Brasil HILDEGARD GALVAO DA SILVA, matrícula SiapeCad nº 00057692, da Função Gratificada de Agente da Receita Federal do Brasil em Chapadinha (MA), jurisdição da Delegacia da Receita Federal do Brasil em Sao Luis (MA), Código FG-1.</p><p>Nº 4.939 Dispensar, a partir de 01/01/2018, o Analista-Tributário da Receita Federal do Brasil JULINEY FERREIRA COSTA, matrícula SiapeCad nº 01879164, da Função Gratificada de Chefe do Núcleo de Tecnologia da Informação e Logística - Nutel da Delegacia da Receita Federal do Brasil em Imperatriz (MA), Código FG-3.</p><p>Nº 4.940 Dispensar, a partir de 01/01/2018, o Analista-Tributário da Receita Federal do Brasil JOSE SOBRINHO MOREIRA NEVES, matrícula SiapeCad nº 00004252, da Função Gratificada de Agente da Receita Federal do Brasil em Balsas (MA), jurisdição da Delegacia da Receita Federal do Brasil em Imperatriz (MA), Código FG-3.</p><p>Nº 4.941 Dispensar, a partir de 01/01/2018, o Auditor-Fiscal da Receita Federal do Brasil ELMAR FERNANDES NASCIMENTO, matrícula SiapeCad nº 00057667, da Função Comissionada do Poder Executivo de Inspetor-Chefe da Alfândega da Receita Federal do Brasil no Porto de Sao Luis (MA), Código FCPE-101.1.</p><p>Nº 4.942 Dispensar, a partir de 01/01/2018, o Auditor-Fiscal da Receita Federal do Brasil CLAUDIO ROBERTO CAETANO MARQUES, matrícula SiapeCad nº 01292635, do encargo de Substituto Eventual do Inspetor-Chefe da Alfândega da Receita Federal do Brasil no Porto de Sao Luis (MA), Código FCPE-101.1.</p><p>Nº 4.943 Dispensar, a partir de 01/01/2018, o Auditor-Fiscal da Receita Federal do Brasil CLAUDIO ROBERTO CAETANO MARQUES, matrícula SiapeCad nº 01292635, da Função Gratificada de Chefe da Seção de Administração Aduaneira - Saana da Alfândega da Receita Federal do Brasil no Porto de Sao Luis (MA), Código FG-1.</p><p>Nº 4.944 Dispensar, a partir de 01/01/2018, o Auditor-Fiscal da Receita Federal do Brasil CLODONILSON OLIVEIRA ROCHA, matrícula SiapeCad nº 01227007, da Função Gratificada de Chefe do Setor de Arrecadação e Cobrança - Sorac da Alfândega da Receita Federal do Brasil no Porto de Sao Luis (MA), Código FG-2.</p><p>Nº 4.945 Dispensar, a partir de 01/01/2018, a Agente Administrativo MARIA DO ROSARIO MARTINS GOMES, matrícula SiapeCad nº 00067900, da Função Gratificada de Chefe do Setor de Tecnologia da Informação e Logística - Sotel da Alfândega da Receita Federal do Brasil no Porto de Sao Luis (MA), Código FG-2.</p><p>Nº 4.946 Dispensar, a partir de 01/01/2018, o Auditor-Fiscal da Receita Federal do Brasil ROGERIO DE ASSIS CARVALHO, matrícula SiapeCad nº 00017096, da Função Gratificada de Chefe da Equipe Aduaneira - EAD/1 da Alfândega da Receita Federal do Brasil no Porto de Sao Luis (MA), Código FG-2.</p><p>Nº 4.947 Dispensar, a partir de 01/01/2018, o Auditor-Fiscal da Receita Federal do Brasil ALEXANDRE LINHARES PINTO, matrícula SiapeCad nº 01572850, da Função Gratificada de Chefe da Equipe Aduaneira - EAD/2 da Alfândega da Receita Federal do Brasil no Porto de Sao Luis (MA), Código FG-2.</p><p>Nº 4.948 Dispensar, a partir de 01/01/2018, o Auditor-Fiscal da Receita Federal do Brasil FABIO JORGE SIMOES RODRIGUES JUNIOR, matrícula SiapeCad nº 01821409, da Função Gratificada de Chefe da Equipe de Repressão Aduaneira - ERA da Alfândega da Receita Federal do Brasil no Porto de Sao Luis (MA), Código FG-2.</p><p>Nº 4.949 Dispensar, a partir de 01/01/2018, a Analista-Tributário da Receita Federal do Brasil ROSALIA DA COSTA CAVALCANTI, matrícula SiapeCad nº 00023380, da Função Gratificada de Chefe da Seção de Tecnologia da Informação - Satec da Delegacia da Receita Federal do Brasil em Teresina (PI), Código FG-1.</p><p>Nº 4.950 Dispensar, a partir de 01/01/2018, o Auditor-Fiscal da Receita Federal do Brasil CARLOS EDUARDO RIBEIRO LEITE, matrícula SiapeCad nº 01303229, da Função Gratificada de Chefe do Núcleo de Administração Aduaneira - Nuana da Delegacia da Receita Federal do Brasil em Teresina (PI), Código FG-3.</p><p>Nº 4.951 Dispensar, a partir de 01/01/2018, a Analista-Tributário da Receita Federal do Brasil CLAUDIA BELCHIOR CAVALCANTE, matrícula SiapeCad nº 01302188, da Função Gratificada de Agente da Receita Federal do Brasil em Campo Maior (PI), jurisdição da Delegacia da Receita Federal do Brasil em Teresina (PI), Código FG-3.</p><p>Nº 4.952 Dispensar, a partir de 01/01/2018, o Analista-Tributário da Receita Federal do Brasil FRANCISCO EDILSON VIEIRA DE OLIVEIRA, matrícula SiapeCad nº 00089160, da Função Gratificada de Agente da Receita Federal do Brasil em Piripiri (PI), jurisdição da Delegacia da Receita Federal do Brasil em Teresina (PI), Código FG-3.</p><p>Nº 4.953 Dispensar, a partir de 01/01/2018, a Analista-Tributário da Receita Federal do Brasil RILZA AMALIA FERREIRA MEIRELES, matrícula SiapeCad nº 01157843, da Função Gratificada de Chefe da Equipe de Atendimento ao Contribuinte - EAT da Agência da Receita Federal do Brasil em Parnaiba (PI), jurisdição da Delegacia da Receita Federal do Brasil em Teresina (PI), Código FG-3.</p><p>Nº 4.954 Dispensar, a partir de 01/01/2018, o Assistente Técnico-Administrativo MARCOS ANTONIO DA SILVA OLIVEIRA, matrícula SiapeCad nº 01977133, da Função Gratificada de Chefe do Núcleo de Tecnologia da Informação e Logística - Nutel da Delegacia da Receita Federal do Brasil em Floriano (PI), Código FG-3.</p><p>Nº 4.955 Dispensar, a partir de 01/01/2018, o Analista-Tributário da Receita Federal do Brasil NILVAN DE SOUSA LIMA, matrícula SiapeCad nº 00018721, da Função Gratificada de Agente da Receita Federal do Brasil em Oeiras (PI), jurisdição da Delegacia da Receita Federal do Brasil em Floriano (PI), Código FG-3.</p><p>Nº 4.956 Dispensar, a partir de 01/01/2018, o Analista-Tributário da Receita Federal do Brasil JOAO DOMINGOS DA ROCHA RODRIGUES, matrícula SiapeCad nº 00017224, da Função Gratificada de Chefe da Equipe de Atendimento ao Contribuinte - EAT da Agência da Receita Federal do Brasil em Picos (PI), jurisdição da Delegacia da Receita Federal do Brasil em Floriano (PI), Código FG-3.</p>]]></Texto>
    <Autores>
      <assina>JORGE ANTONIO DEHER RACHID</assina>
    </Autores>
  </body>
</article></xml>