﻿<xml><article id="961399" name="PRFB4339a4451" idOficio="4622210" pubName="DO2" artType="Portaria" pubDate="02/01/2018" artClass="00012:00055:00000:00000:00000:00000:00000:00000:00000:00000:00025:00006" artSection="Ministério da Fazenda" artCategory="Secretaria da Receita Federal do Brasil" artSize="8" artNotes="" numberPage="56-57-64" pdfPage="http://pesquisa.in.gov.br/imprensa/jsp/visualiza/index.jsp?data=02/01/2018&amp;jornal=529&amp;pagina=56,http://pesquisa.in.gov.br/imprensa/jsp/visualiza/index.jsp?data=02/01/2018&amp;jornal=529&amp;pagina=57,http://pesquisa.in.gov.br/imprensa/jsp/visualiza/index.jsp?data=02/01/2018&amp;jornal=529&amp;pagina=64" editionNumber="1">
  <body>
    <Identifica><![CDATA[PORTARIAS DE 26 DE DEZEMBRO DE 2017]]></Identifica>
    <Data><![CDATA[]]></Data>
    <Ementa />
    <Titulo />
    <SubTitulo />
    <Texto><![CDATA[<p> O SECRETÁRIO DA RECEITA FEDERAL DO BRASIL, no uso das competências que lhe foram delegada e subdelegada, respectivamente, pelas Portarias MF nºs 392 e 393, de 14 de julho de 2009, alteradas pela Portaria MF nº 100, de 28 de março de 2017, resolve:</p><p>Nº 4.339 Designar o Auditor-Fiscal da Receita Federal do Brasil LUIZ CARLOS ENTRUDO DA GRACA, matrícula SiapeCad nº 01171003, para exercer a Função Gratificada de Assistente da Superintendência Regional da Receita Federal do Brasil da 6ª Região Fiscal (MG), Código FG-3.</p><p>Nº 4.340 Designar o Analista-Tributário da Receita Federal do Brasil PAULO CESAR GONCALVES DA COSTA, matrícula SiapeCad nº 00017222, para exercer a Função Gratificada de Assistente da Superintendência Regional da Receita Federal do Brasil da 6ª Região Fiscal (MG), Código FG-3.</p><p>Nº 4.341 Designar a Analista-Tributário da Receita Federal do Brasil GRACE MARIA MACHADO MAIA, matrícula SiapeCad nº 00060602, para exercer a Função Gratificada de Assistente da Superintendência Regional da Receita Federal do Brasil da 6ª Região Fiscal (MG), Código FG-3.</p><p>Nº 4.342 Designar a Analista Técnico-Administrativo THAIS MOTOMATSU SILVA, matrícula SiapeCad nº 01905487, para exercer a Função Gratificada de Chefe da Seção de Planejamento, Avaliação e Controle - Sapav da Superintendência Regional da Receita Federal do Brasil da 6ª Região Fiscal (MG), Código FG-1.</p><p>Nº 4.343 Designar a Analista-Tributário da Receita Federal do Brasil BRANCA MOURA MACHADO, matrícula SiapeCad nº 00087386, para exercer a Função Gratificada de Chefe da Seção de Comunicação Institucional - Sacin da Superintendência Regional da Receita Federal do Brasil da 6ª Região Fiscal (MG), Código FG-1.</p><p>Nº 4.344 Designar o Auditor-Fiscal da Receita Federal do Brasil ISAC MORENO FALCAO SANTOS, matrícula SiapeCad nº 01217085, para exercer a Função Comissionada do Poder Executivo de Chefe do Serviço de Fiscalização dos Maiores Contribuintes - Sefim da Superintendência Regional da Receita Federal do Brasil da 6ª Região Fiscal (MG), Código FCPE-101.1.</p><p>Nº 4.345 Designar o Auditor-Fiscal da Receita Federal do Brasil LUIS FERNANDO GRANDINI, matrícula SiapeCad nº 00004388, para exercer o encargo de Substituto Eventual do Chefe do Serviço de Fiscalização dos Maiores Contribuintes - Sefim da Superintendência Regional da Receita Federal do Brasil da 6ª Região Fiscal (MG), Código FCPE-101.1.</p><p>Nº 4.346 Designar o Auditor-Fiscal da Receita Federal do Brasil MARCOS ALVES FILHO, matrícula SiapeCad nº 01572728, para exercer a Função Comissionada do Poder Executivo de Chefe do Serviço Regional de Programação, Avaliação e Controle da Atividade Fiscal - Sepac da Superintendência Regional da Receita Federal do Brasil da 6ª Região Fiscal (MG), Código FCPE-101.1.</p><p>Nº 4.347 Designar o Auditor-Fiscal da Receita Federal do Brasil LEONARDO GUIMARAES MARTINS, matrícula SiapeCad nº 00027981, para exercer a Função Comissionada do Poder Executivo de Chefe da Divisão de Vigilância e Repressão ao Contrabando e Descaminho - Direp da Superintendência Regional da Receita Federal do Brasil da 6ª Região Fiscal (MG), Código FCPE-101.2.</p><p>Nº 4.348 Designar o Auditor-Fiscal da Receita Federal do Brasil FLAVIO COELHO MACHADO, matrícula SiapeCad nº 01309843, para exercer o encargo de Substituto Eventual do Chefe da Divisão de Vigilância e Repressão ao Contrabando e Descaminho - Direp da Superintendência Regional da Receita Federal do Brasil da 6ª Região Fiscal (MG), Código FCPE-101.2.</p><p>Nº 4.349 Designar o Auditor-Fiscal da Receita Federal do Brasil FLAVIO COELHO MACHADO, matrícula SiapeCad nº 01309843, para exercer a Função Gratificada de Chefe da Seção de Operações de Vigilância e Repressão ao Contrabando e Descaminho - Saope da Superintendência Regional da Receita Federal do Brasil da 6ª Região Fiscal (MG), Código FG-1.</p><p>Nº 4.350 Designar a Analista-Tributário da Receita Federal do Brasil LILIAN DOURADO AMORELLI, matrícula SiapeCad nº 00006257, para exercer a Função Comissionada do Poder Executivo de Chefe do Serviço de Programação e Logística - Sepol da Superintendência Regional da Receita Federal do Brasil da 6ª Região Fiscal (MG), Código FCPE-101.1.</p><p>Nº 4.351 Designar o Analista-Tributário da Receita Federal do Brasil EDUARDO MATTEOTTI GERALDO, matrícula SiapeCad nº 00003050, para exercer o encargo de Substituto Eventual do Chefe do Serviço de Programação e Logística - Sepol da Superintendência Regional da Receita Federal do Brasil da 6ª Região Fiscal (MG), Código FCPE-101.1.</p><p>Nº 4.352 Designar o Analista-Tributário da Receita Federal do Brasil FLAVIO ALVES BORGES, matrícula SiapeCad nº 00068960, para exercer a Função Gratificada de Chefe da Seção de Licitações - Salic da Superintendência Regional da Receita Federal do Brasil da 6ª Região Fiscal (MG), Código FG-1.</p><p>Nº 4.353 Designar a Analista-Tributário da Receita Federal do Brasil VIVIANE MACHADO CAFFARATE, matrícula SiapeCad nº 01209284, para exercer a Função Gratificada de Chefe da Seção de Contratos - Sacon da Superintendência Regional da Receita Federal do Brasil da 6ª Região Fiscal (MG), Código FG-1.</p><p>Nº 4.354 Designar o Analista-Tributário da Receita Federal do Brasil JOSE LUIZ THIBAU REIS, matrícula SiapeCad nº 00068719, para exercer a Função Gratificada de Chefe da Seção de Orçamento e Finanças - Saofi da Superintendência Regional da Receita Federal do Brasil da 6ª Região Fiscal (MG), Código FG-1.</p><p>Nº 4.355 Designar a Contador ALESSANDRA DA SILVA, matrícula SiapeCad nº 01905529, para exercer a Função Gratificada de Chefe do Núcleo de Contabilidade - Nutab da Superintendência Regional da Receita Federal do Brasil da 6ª Região Fiscal (MG), Código FG-3.</p><p>Nº 4.356 Designar a Analista do Seguro Social SHEILA MONIQUE SOUTO LEITE NAJAR, matrícula SiapeCad nº 00812160, para exercer a Função Comissionada do Poder Executivo de Chefe do Serviço de Mercadorias Apreendidas - Semap da Superintendência Regional da Receita Federal do Brasil da 6ª Região Fiscal (MG), Código FCPE-101.1.</p><p>Nº 4.357 Designar a Analista Técnico-Administrativo JULIANA LEAL XAVIER PINTO, matrícula SiapeCad nº 01992641, para exercer o encargo de Substituto Eventual do Chefe do Serviço de Mercadorias Apreendidas - Semap da Superintendência Regional da Receita Federal do Brasil da 6ª Região Fiscal (MG), Código FCPE-101.1.</p><p>Nº 4.358 Designar o Analista Técnico-Administrativo FERNANDO DUARTE LINHARES MOTA, matrícula SiapeCad nº 01563817, para exercer a Função Gratificada de Chefe do Núcleo de Patrimônio - Nupat da Superintendência Regional da Receita Federal do Brasil da 6ª Região Fiscal (MG), Código FG-3.</p><p>Nº 4.359 Designar o Auditor-Fiscal da Receita Federal do Brasil ALBERTO PINZOLAS, matrícula SiapeCad nº 00057569, para exercer a Função Comissionada do Poder Executivo de Chefe da Divisão de Tecnologia e Segurança da Informação - Ditec da Superintendência Regional da Receita Federal do Brasil da 6ª Região Fiscal (MG), Código FCPE-101.2.</p><p>Nº 4.360 Designar a Analista-Tributário da Receita Federal do Brasil ANDREA TORRES QUEIROZ PIERONI, matrícula SiapeCad nº 01130635, para exercer o encargo de Substituto Eventual do Chefe da Divisão de Tecnologia e Segurança da Informação - Ditec da Superintendência Regional da Receita Federal do Brasil da 6ª Região Fiscal (MG), Código FCPE-101.2.</p><p>Nº 4.361 Designar o Analista-Tributário da Receita Federal do Brasil PAULO CESAR GONCALVES DA COSTA, matrícula SiapeCad nº 00017222, para exercer o encargo de Substituto Eventual do Chefe do Serviço de Tecnologia e Segurança da Informação - Setec da Superintendência Regional da Receita Federal do Brasil da 6ª Região Fiscal (MG), Código FCPE-101.1.</p><p>Nº 4.362 Designar o Analista-Tributário da Receita Federal do Brasil CARLOS EDUARDO DA SILVA, matrícula SiapeCad nº 01296516, para exercer a Função Gratificada de Chefe da Seção de Gestão de Serviços - Sages da Superintendência Regional da Receita Federal do Brasil da 6ª Região Fiscal (MG), Código FG-1.</p><p>Nº 4.363 Designar a Analista-Tributário da Receita Federal do Brasil ANDREA TORRES QUEIROZ PIERONI, matrícula SiapeCad nº 01130635, para exercer a Função Gratificada de Chefe da Seção de Gestão Regional do Ambiente Informatizado - Sainf da Superintendência Regional da Receita Federal do Brasil da 6ª Região Fiscal (MG), Código FG-1.</p><p>Nº 4.364 Designar o Analista-Tributário da Receita Federal do Brasil ROGERIO AUGUSTO SILVA TEIXEIRA, matrícula SiapeCad nº 01291423, para exercer a Função Gratificada de Chefe da Seção de Gestão Regional de Segurança da Informação - Saseg da Superintendência Regional da Receita Federal do Brasil da 6ª Região Fiscal (MG), Código FG-1.</p><p>Nº 4.365 Designar o Analista-Tributário da Receita Federal do Brasil JOELCIO BARCELOS COSTA, matrícula SiapeCad nº 01170858, para exercer a Função Gratificada de Chefe da Seção de Cadastramento Regional - Sacti da Superintendência Regional da Receita Federal do Brasil da 6ª Região Fiscal (MG), Código FG-1.</p><p>Nº 4.366 Designar o Analista Técnico-Administrativo THIAGO LEANDRO DA SILVA, matrícula SiapeCad nº 01992602, para exercer a Função Gratificada de Chefe da Seção de Administração de Pessoas - Saape da Superintendência Regional da Receita Federal do Brasil da 6ª Região Fiscal (MG), Código FG-1.</p><p>Nº 4.367 Designar a Analista-Tributário da Receita Federal do Brasil RENATA RIGHI RODRIGUES DE OLIVEIRA, matrícula SiapeCad nº 01293519, para exercer a Função Gratificada de Chefe da Seção de Pagamento de Pessoal - Sapag da Superintendência Regional da Receita Federal do Brasil da 6ª Região Fiscal (MG), Código FG-1.</p><p>Nº 4.368 Designar a Analista-Tributário da Receita Federal do Brasil PATRICIA DE LIMA ALVES ABDO, matrícula SiapeCad nº 01294432, para exercer a Função Gratificada de Chefe da Seção de Desenvolvimento, Capacitação e Gestão de Desempenho - Sadec da Superintendência Regional da Receita Federal do Brasil da 6ª Região Fiscal (MG), Código FG-1.</p><p>Nº 4.369 Designar a Analista-Tributário da Receita Federal do Brasil SIMONE ALESSANDRA DO VALE MADALAO, matrícula SiapeCad nº 01171394, para exercer a Função Gratificada de Chefe da Seção de Legislação de Pessoal - Salep da Superintendência Regional da Receita Federal do Brasil da 6ª Região Fiscal (MG), Código FG-1.</p><p>Nº 4.370 Designar a Auditora-Fiscal da Receita Federal do Brasil LUCIA MARIA OLIVEIRA, matrícula SiapeCad nº 00019664, para exercer a Função Gratificada de Chefe da Equipe de Programação, Avaliação e Controle da Atividade Fiscal 1 - Eqpac1 da Superintendência Regional da Receita Federal do Brasil da 6ª Região Fiscal (MG), Código FG-1.</p><p>Nº 4.371 Designar o Auditor-Fiscal da Receita Federal do Brasil LEONARDO ANTUNES FERRAZ FONSECA, matrícula SiapeCad nº 01169379, para exercer a Função Gratificada de Chefe da Equipe de Programação, Avaliação e Controle da Atividade Fiscal 2 - Eqpac2 da Superintendência Regional da Receita Federal do Brasil da 6ª Região Fiscal (MG), Código FG-1.</p><p>Nº 4.372 Designar o Auditor-Fiscal da Receita Federal do Brasil MAURICIO FERREIRA GUARIENTO, matrícula SiapeCad nº 00064083, para exercer a Função Gratificada de Chefe da Equipe de Programação, Avaliação e Controle da Atividade Fiscal 3 - Eqpac3 da Superintendência Regional da Receita Federal do Brasil da 6ª Região Fiscal (MG), Código FG-1.</p><p>Nº 4.373 Designar o Auditor-Fiscal da Receita Federal do Brasil OSMAR MOREIRA FILHO, matrícula SiapeCad nº 00003144, para exercer a Função Gratificada de Chefe da Equipe Aduaneira 1 - EAD1 da Superintendência Regional da Receita Federal do Brasil da 6ª Região Fiscal (MG), Código FG-1.</p><p>Nº 4.374 Designar o Auditor-Fiscal da Receita Federal do Brasil CARLOS AUGUSTO RIBEIRO MOSSO, matrícula SiapeCad nº 00015106, para exercer a Função Gratificada de Chefe da Equipe de Vigilância e Repressão 1 - EVR1 da Superintendência Regional da Receita Federal do Brasil da 6ª Região Fiscal (MG), Código FG-1.</p><p>Nº 4.375 Designar a Analista Técnico-Administrativo JULIANA LEAL XAVIER PINTO, matrícula SiapeCad nº 01992641, para exercer a Função Gratificada de Chefe da Equipe de Gestão Corporativa 1 - EGC1 da Superintendência Regional da Receita Federal do Brasil da 6ª Região Fiscal (MG), Código FG-3.</p><p>Nº 4.376 Designar o Analista-Tributário da Receita Federal do Brasil EDUARDO MATTEOTTI GERALDO, matrícula SiapeCad nº 00003050, para exercer a Função Gratificada de Chefe da Equipe de Gestão Corporativa 2 - EGC2 da Superintendência Regional da Receita Federal do Brasil da 6ª Região Fiscal (MG), Código FG-3.</p><p>Nº 4.377 Designar o Auditor-Fiscal da Receita Federal do Brasil PIETRO GIOVANNI PERUGINO, matrícula SiapeCad nº 01135100, para exercer a Função Gratificada de Chefe da Equipe de Cadastro 1 - ECD1 da Superintendência Regional da Receita Federal do Brasil da 6ª Região Fiscal (MG), Código FG-3.</p><p>Nº 4.378 Designar o Administrador FERNANDO MONTINI DA SILVA XAVIER, matrícula SiapeCad nº 00028396, para exercer a Função Comissionada do Poder Executivo de Chefe do Serviço de Gestão Corporativa - Secor da Delegacia da Receita Federal do Brasil em Belo Horizonte (MG), Código FCPE-101.1.</p><p>Nº 4.379 Designar a Agente Administrativo SONIA MARIA LOBAO VALADARES, matrícula SiapeCad nº 01195807, para exercer o encargo de Substituto Eventual do Chefe do Serviço de Gestão Corporativa - Secor da Delegacia da Receita Federal do Brasil em Belo Horizonte (MG), Código FCPE-101.1.</p><p>Nº 4.380 Designar o Analista-Tributário da Receita Federal do Brasil RAFAEL CHEIB SOARES, matrícula SiapeCad nº 01494308, para exercer a Função Gratificada de Chefe da Seção de Programação e Logística - Sapol da Delegacia da Receita Federal do Brasil em Belo Horizonte (MG), Código FG-1.</p><p>Nº 4.381 Designar a Analista-Tributário da Receita Federal do Brasil PATRICIA NUNES RODRIGUES, matrícula SiapeCad nº 01293899, para exercer a Função Gratificada de Chefe da Seção de Tecnologia e Segurança da Informação - Satec da Delegacia da Receita Federal do Brasil em Belo Horizonte (MG), Código FG-1.</p><p>Nº 4.382 Designar a Agente Administrativo SONIA MARIA LOBAO VALADARES, matrícula SiapeCad nº 01195807, para exercer a Função Gratificada de Chefe da Seção de Gestão de Pessoas - Sagep da Delegacia da Receita Federal do Brasil em Belo Horizonte (MG), Código FG-1.</p><p>Nº 4.383 Designar a Auditora-Fiscal da Receita Federal do Brasil JUDITH SOARES DE LIMA, matrícula SiapeCad nº 00882405, para exercer a Função Gratificada de Chefe da Equipe de Fiscalização 11 - EFI11 da Delegacia da Receita Federal do Brasil em Belo Horizonte (MG), Código FG-1.</p><p>Nº 4.384 Designar a Auditora-Fiscal da Receita Federal do Brasil SANDRA MARIA VELOSO, matrícula SiapeCad nº 00013759, para exercer a Função Gratificada de Chefe da Equipe de Informação Fiscal 1 - EIF1 da Delegacia da Receita Federal do Brasil em Belo Horizonte (MG), Código FG-1.</p><p>Nº 4.385 Designar o Agente Administrativo DIMAS TADEU DE LIMA CARVALHO, matrícula SiapeCad nº 00013988, para exercer a Função Gratificada de Chefe da Equipe de Logística 1 - ELG1 da Delegacia da Receita Federal do Brasil em Belo Horizonte (MG), Código FG-3.</p><p>Nº 4.386 Designar a Agente de Portaria ANITA TEIXEIRA DE MATOS, matrícula SiapeCad nº 00017788, para exercer a Função Gratificada de Chefe da Equipe de Logística 2 - ELG2 da Delegacia da Receita Federal do Brasil em Belo Horizonte (MG), Código FG-3.</p><p>Nº 4.387 Designar o Datilógrafo LINCOLN JUAREZ ALFAIA ROMANELLI, matrícula SiapeCad nº 00008269, para exercer a Função Gratificada de Chefe da Equipe de Tecnologia e Segurança da Informação 1 - ETI1 da Delegacia da Receita Federal do Brasil em Belo Horizonte (MG), Código FG-3.</p><p>Nº 4.388 Designar o Analista-Tributário da Receita Federal do Brasil JOAO FONSECA DE PAULA, matrícula SiapeCad nº 00004494, para exercer a Função Gratificada de Chefe da Equipe de Tecnologia e Segurança da Informação 2 - ETI2 da Delegacia da Receita Federal do Brasil em Belo Horizonte (MG), Código FG-3.</p><p>Nº 4.389 Designar a Analista-Tributário da Receita Federal do Brasil IONE DAS GRACAS DE ALMEIDA, matrícula SiapeCad nº 00016796, para exercer a Função Gratificada de Chefe da Equipe de Gestão de Pessoas 1 - EGP1 da Delegacia da Receita Federal do Brasil em Belo Horizonte (MG), Código FG-3.</p><p>Nº 4.390 Designar a Bibliotecario SILVANA MARIA CORREA FIGUEIREDO, matrícula SiapeCad nº 00062461, para exercer a Função Gratificada de Chefe da Equipe de Gestão de Pessoas 2 - EGP2 da Delegacia da Receita Federal do Brasil em Belo Horizonte (MG), Código FG-3.</p><p>Nº 4.391 Designar a Analista-Tributário da Receita Federal do Brasil RITA DE KASSIA CAMPANA AVELINO, matrícula SiapeCad nº 00016662, para exercer a Função Comissionada do Poder Executivo de Agente da Receita Federal do Brasil em Coronel Fabriciano (MG), jurisdição da Delegacia da Receita Federal do Brasil em Belo Horizonte (MG), Código FCPE-101.1.</p><p>Nº 4.392 Designar a Analista-Tributário da Receita Federal do Brasil RITA DE KASSIA CAMPANA AVELINO, matrícula SiapeCad nº 00016662, para exercer a Função Gratificada de Chefe do Setor de Arrecadação e Cobrança - Sorac da Agência da Receita Federal do Brasil em Coronel Fabriciano (MG), jurisdição da Delegacia da Receita Federal do Brasil em Belo Horizonte (MG), Código FG-2.</p><p>Nº 4.393 Designar a Analista-Tributário da Receita Federal do Brasil INACIA MARIA MANTOVANI, matrícula SiapeCad nº 01512633, para exercer a Função Gratificada de Chefe da Equipe de Atendimento ao Contribuinte 1 - EAT1 da Agência da Receita Federal do Brasil em Coronel Fabriciano (MG), jurisdição da Delegacia da Receita Federal do Brasil em Belo Horizonte (MG), Código FG-2.</p><p>Nº 4.394 Designar a Analista-Tributário da Receita Federal do Brasil MAGDA BARCELOS GOMES, matrícula SiapeCad nº 01292819, para exercer a Função Gratificada de Agente da Receita Federal do Brasil em Itabira (MG), jurisdição da Delegacia da Receita Federal do Brasil em Belo Horizonte (MG), Código FG-1.</p><p>Nº 4.395 Designar a Analista-Tributário da Receita Federal do Brasil TEREZA CRISTINA ESTEVES BRAGA, matrícula SiapeCad nº 01811783, para exercer a Função Gratificada de Agente da Receita Federal do Brasil em João Monlevade (MG), jurisdição da Delegacia da Receita Federal do Brasil em Belo Horizonte (MG), Código FG-1.</p><p>Nº 4.396 Designar a Auditora-Fiscal da Receita Federal do Brasil GEOVANIA NASCIMENTO CUNHA FERNANDES, matrícula SiapeCad nº 02006195, para exercer a Função Gratificada de Chefe da Seção de Administração Aduaneira - Saana da Delegacia da Receita Federal do Brasil em Governador Valadares (MG), Código FG-1.</p><p>Nº 4.397 Designar o Analista-Tributário da Receita Federal do Brasil ROMERO TORRES PARREIRA, matrícula SiapeCad nº 00019544, para exercer a Função Gratificada de Chefe da Seção de Tecnologia e Segurança da Informação - Satec da Delegacia da Receita Federal do Brasil em Governador Valadares (MG), Código FG-1.</p><p>Nº 4.398 Designar o Analista-Tributário da Receita Federal do Brasil ROMMEL DE ALMEIDA CARVALHO, matrícula SiapeCad nº 00018340, para exercer a Função Gratificada de Agente da Receita Federal do Brasil em Teofilo Otoni (MG), jurisdição da Delegacia da Receita Federal do Brasil em Governador Valadares (MG), Código FG-1.</p><p>Nº 4.399 Designar a Analista-Tributário da Receita Federal do Brasil ROSELENE MORAES FERREIRA, matrícula SiapeCad nº 00012569, para exercer a Função Gratificada de Chefe da Equipe de Atendimento ao Contribuinte 01 da Agência da Receita Federal do Brasil em Teofilo Otoni (MG), jurisdição da Delegacia da Receita Federal do Brasil em Governador Valadares (MG), Código FG-3.</p><p>Nº 4.400 Designar a Assistente Técnico-Administrativo MARINA FERREIRA GUEDES E SILVA, matrícula SiapeCad nº 01514902, para exercer a Função Gratificada de Chefe da Seção de Gestão Corporativa - Sacor da Delegacia da Receita Federal do Brasil em Juiz de Fora (MG), Código FG-1.</p><p>Nº 4.401 Designar o Assistente Técnico-Administrativo GIANCARLOS DA SILVA OLIVEIRA, matrícula SiapeCad nº 01491244, para exercer a Função Gratificada de Chefe do Núcleo de Programação e Logística - Nupol da Delegacia da Receita Federal do Brasil em Juiz de Fora (MG), Código FG-3.</p><p>Nº 4.402 Designar o Analista-Tributário da Receita Federal do Brasil JOAO FELISBERTO PEREIRA FILHO, matrícula SiapeCad nº 00017401, para exercer a Função Gratificada de Chefe do Núcleo de Tecnologia e Segurança da Informação - Nutec da Delegacia da Receita Federal do Brasil em Juiz de Fora (MG), Código FG-3.</p><p>Nº 4.403 Designar o Assistente Técnico-Administrativo MAX JHONNYS ALMEIDA PIRES DE MOURA, matrícula SiapeCad nº 01665975, para exercer a Função Gratificada de Chefe da Equipe de Tecnologia e Segurança da Informação 1 - ETI1 da Delegacia da Receita Federal do Brasil em Juiz de Fora (MG), Código FG-3.</p><p>Nº 4.404 Designar o Auditor-Fiscal da Receita Federal do Brasil ANTONIO JORGE HUBAIDE JUNIOR, matrícula SiapeCad nº 01220595, para exercer a Função Gratificada de Chefe da Seção de Vigilância e Repressão ao Contrabando e Descaminho - Sarep da Delegacia da Receita Federal do Brasil em Uberaba (MG), Código FG-1.</p><p>Nº 4.405 Designar o Agente Telecomunicação Eletricidade RAUL ROSA DE SOUZA, matrícula SiapeCad nº 00095788, para exercer a Função Gratificada de Chefe da Seção de Gestão Corporativa - Sacor da Delegacia da Receita Federal do Brasil em Uberaba (MG), Código FG-1.</p><p>Nº 4.406 Designar a Auditora-Fiscal da Receita Federal do Brasil LUCIANA MACHADO DE ANDRADE, matrícula SiapeCad nº 00065302, para exercer a Função Gratificada de Assistente da Delegacia da Receita Federal do Brasil em Varginha (MG), Código FG-3.</p><p>Nº 4.407 Designar o Analista-Tributário da Receita Federal do Brasil ARY GONCALVES DE ALCANTARA JUNIOR, matrícula SiapeCad nº 00015769, para exercer a Função Gratificada de Chefe da Seção de Tecnologia e Segurança da Informação - Satec da Delegacia da Receita Federal do Brasil em Varginha (MG), Código FG-1.</p><p>Nº 4.408 Designar o Analista-Tributário da Receita Federal do Brasil ALDECIR SEBASTIAO PEREIRA, matrícula SiapeCad nº 00025151, para exercer a Função Gratificada de Chefe do Setor de Arrecadação e Cobrança - Sorac da Agência da Receita Federal do Brasil em Pouso Alegre (MG), jurisdição da Delegacia da Receita Federal do Brasil em Varginha (MG), Código FG-2.</p><p>Nº 4.409 Designar o Analista-Tributário da Receita Federal do Brasil MARCO AURELIO PEREIRA DO NASCIMENTO, matrícula SiapeCad nº 00018909, para exercer a Função Gratificada de Chefe da Equipe de Atendimento ao Contribuinte 01 da Agência da Receita Federal do Brasil em Pouso Alegre (MG), jurisdição da Delegacia da Receita Federal do Brasil em Varginha (MG), Código FG-2.</p><p>Nº 4.410 Designar o Analista-Tributário da Receita Federal do Brasil LAERCIO MAURO ALVES, matrícula SiapeCad nº 00060624, para exercer a Função Gratificada de Chefe da Seção de Tecnologia e Segurança da Informação - Satec da Delegacia da Receita Federal do Brasil em Divinopolis (MG), Código FG-1.</p><p>Nº 4.411 Designar a Analista-Tributário da Receita Federal do Brasil JUSSARA CRISTINA SANTOS TEOFILO, matrícula SiapeCad nº 00019674, para exercer a Função Gratificada de Agente da Receita Federal do Brasil em Campo Belo (MG), jurisdição da Delegacia da Receita Federal do Brasil em Divinopolis (MG), Código FG-3.</p><p>Nº 4.412 Designar a Agente Administrativo SOLENE VIANA DE CARVALHO, matrícula SiapeCad nº 01182981, para exercer a Função Gratificada de Chefe da Seção de Gestão Corporativa - Sacor da Delegacia da Receita Federal do Brasil em Montes Claros (MG), Código FG-1.</p><p>Nº 4.413 Designar o Analista-Tributário da Receita Federal do Brasil PEDRO ANTONIO DA SILVA, matrícula SiapeCad nº 00062028, para exercer a Função Gratificada de Chefe da Seção de Tecnologia e Segurança da Informação - Satec da Delegacia da Receita Federal do Brasil em Uberlandia (MG), Código FG-1.</p><p>Nº 4.414 Designar o Agente Administrativo JULIANO GONCALVES DE LIMA MAGALHAES, matrícula SiapeCad nº 00489019, para exercer a Função Comissionada do Poder Executivo de Agente da Receita Federal do Brasil em Patos de Minas (MG), jurisdição da Delegacia da Receita Federal do Brasil em Uberlandia (MG), Código FCPE-101.1.</p><p>Nº 4.415 Designar a Analista-Tributário da Receita Federal do Brasil MEIRE IVONE DE MELO SIQUEIRA, matrícula SiapeCad nº 01570109, para exercer o encargo de Substituto Eventual do Agente da Receita Federal do Brasil em Patos de Minas (MG), jurisdição da Delegacia da Receita Federal do Brasil em Uberlandia (MG), Código FCPE-101.1.</p><p>Nº 4.416 Designar a Analista-Tributário da Receita Federal do Brasil MEIRE IVONE DE MELO SIQUEIRA, matrícula SiapeCad nº 01570109, para exercer a Função Gratificada de Chefe do Setor de Arrecadação e Cobrança - Sorac da Agência da Receita Federal do Brasil em Patos de Minas (MG), jurisdição da Delegacia da Receita Federal do Brasil em Uberlandia (MG), Código FG-2.</p><p>Nº 4.417 Designar a Assistente Técnico-Administrativo VALDECI ROSA DA SILVA, matrícula SiapeCad nº 01515129, para exercer a Função Gratificada de Chefe da Equipe de Atendimento ao Contribuinte 01 da Agência da Receita Federal do Brasil em Patos de Minas (MG), jurisdição da Delegacia da Receita Federal do Brasil em Uberlandia (MG), Código FG-2.</p><p>Nº 4.418 Designar a Assistente Técnico-Administrativo GEORDANA MENDONCA CURCINO, matrícula SiapeCad nº 01974851, para exercer a Função Gratificada de Chefe da Equipe de Atendimento ao Contribuinte 1 - EAT1 da Agência da Receita Federal do Brasil em Araguari (MG), jurisdição da Delegacia da Receita Federal do Brasil em Uberlandia (MG), Código FG-3.</p><p>Nº 4.419 Designar o Auditor-Fiscal da Receita Federal do Brasil JOHN HEDER VIEIRA, matrícula SiapeCad nº 00065556, para exercer a Função Gratificada de Chefe da Equipe de Fiscalização 4 - EFI4 da Delegacia da Receita Federal do Brasil em Contagem (MG), Código FG-2.</p><p>Nº 4.420 Designar o Técnico em Contabilidade NIVALDO MATIAS DA SILVEIRA, matrícula SiapeCad nº 00028234, para exercer a Função Gratificada de Chefe da Equipe de Logística 1 - ELG1 da Delegacia da Receita Federal do Brasil em Contagem (MG), Código FG-1.</p><p>Nº 4.421 Designar o Assistente Técnico-Administrativo FERNANDO ANTONIO JUNQUEIRA, matrícula SiapeCad nº 01489405, para exercer a Função Gratificada de Chefe da Equipe de Tecnologia e Segurança da Informação 1 - ETI1 da Delegacia da Receita Federal do Brasil em Contagem (MG), Código FG-1.</p><p>Nº 4.422 Designar a Técnico em Contabilidade GISLENE APARECIDA DA SILVA, matrícula SiapeCad nº 00060664, para exercer a Função Gratificada de Chefe da Equipe de Gestão de Pessoas 1 - EGP1 da Delegacia da Receita Federal do Brasil em Contagem (MG), Código FG-1.</p><p>Nº 4.423 Designar o Auditor-Fiscal da Receita Federal do Brasil DANIEL COELHO, matrícula SiapeCad nº 00018437, para exercer a Função Gratificada de Chefe da Seção de Administração Aduaneira - Saana da Delegacia da Receita Federal do Brasil em Pocos de Caldas (MG), Código FG-1.</p><p>Nº 4.424 Designar o Analista-Tributário da Receita Federal do Brasil REGINALDO MENGALI, matrícula SiapeCad nº 00057740, para exercer a Função Gratificada de Chefe da Seção de Gestão Corporativa - Sacor da Delegacia da Receita Federal do Brasil em Pocos de Caldas (MG), Código FG-1.</p><p>Nº 4.425 Designar o Analista-Tributário da Receita Federal do Brasil PERICLES GOMES LUZ, matrícula SiapeCad nº 00068583, para exercer a Função Gratificada de Chefe da Seção de Tecnologia e Segurança da Informação - Satec da Delegacia da Receita Federal do Brasil em Sete Lagoas (MG), Código FG-1.</p><p>Nº 4.426 Designar a Analista-Tributário da Receita Federal do Brasil VERA LUCIA SANTOS FERNANDES, matrícula SiapeCad nº 00012889, para exercer a Função Gratificada de Agente da Receita Federal do Brasil em Curvelo (MG), jurisdição da Delegacia da Receita Federal do Brasil em Sete Lagoas (MG), Código FG-1.</p><p>Nº 4.427 Designar o Analista-Tributário da Receita Federal do Brasil EDUARDO MARTINS COELHO, matrícula SiapeCad nº 00015380, para exercer a Função Gratificada de Agente da Receita Federal do Brasil em Lagoa Santa (MG), jurisdição da Delegacia da Receita Federal do Brasil em Sete Lagoas (MG), Código FG-1.</p><p>Nº 4.428 Designar o Analista-Tributário da Receita Federal do Brasil SANDRO RODRIGUES ALVES, matrícula SiapeCad nº 01291588, para exercer a Função Gratificada de Chefe da Equipe de Atendimento ao Contribuinte 1 - EAT1 da Agência da Receita Federal do Brasil em Lagoa Santa (MG), jurisdição da Delegacia da Receita Federal do Brasil em Sete Lagoas (MG), Código FG-3.</p><p>Nº 4.429 Nomear o Auditor-Fiscal da Receita Federal do Brasil ORLANDO SOARES DOS SANTOS, matrícula SiapeCad nº 00064365, para exercer o cargo em comissão de Delegado da Alfândega da Receita Federal do Brasil em Belo Horizonte (MG), Código DAS-101.3.</p><p>Nº 4.430 Designar o Auditor-Fiscal da Receita Federal do Brasil JOAO BATISTA DE SOUZA TRIGUEIRO, matrícula SiapeCad nº 00014054, para exercer o encargo de Substituto Eventual do Delegado da Alfândega da Receita Federal do Brasil em Belo Horizonte (MG), Código DAS-101.3.</p><p>Nº 4.431 Designar o Auditor-Fiscal da Receita Federal do Brasil JOAO BATISTA DE SOUZA TRIGUEIRO, matrícula SiapeCad nº 00014054, para exercer a Função Comissionada do Poder Executivo de Delegado Adjunto da Alfândega da Receita Federal do Brasil em Belo Horizonte (MG), Código FCPE-101.1.</p><p>Nº 4.432 Designar o Auditor-Fiscal da Receita Federal do Brasil JOSE HENRIQUE PEREIRA GONCALVES, matrícula SiapeCad nº 00064206, para exercer a Função Gratificada de Chefe da Seção de Assessoramento Técnico Aduaneiro - Saata da Alfândega da Receita Federal do Brasil em Belo Horizonte (MG), Código FG-1.</p><p>Nº 4.433 Designar a Auditora-Fiscal da Receita Federal do Brasil JACQUELINE MOREIRA, matrícula SiapeCad nº 00880094, para exercer a Função Gratificada de Chefe da Seção de Despacho Aduaneiro - Sadad da Alfândega da Receita Federal do Brasil em Belo Horizonte (MG), Código FG-1.</p><p>Nº 4.434 Designar a Auditora-Fiscal da Receita Federal do Brasil AMANDA MARTHA VIEIRA SCARLATELLI LIMA DUTRA, matrícula SiapeCad nº 01291860, para exercer a Função Comissionada do Poder Executivo de Chefe do Serviço de Controle Aduaneiro Pós Despacho - Secap da Alfândega da Receita Federal do Brasil em Belo Horizonte (MG), Código FCPE-101.1.</p><p>Nº 4.435 Designar o Auditor-Fiscal da Receita Federal do Brasil CLAUDIO TAKASHI IKEMURA, matrícula SiapeCad nº 00065490, para exercer o encargo de Substituto Eventual do Chefe do Serviço de Controle Aduaneiro Pós Despacho - Secap da Alfândega da Receita Federal do Brasil em Belo Horizonte (MG), Código FCPE-101.1.</p><p>Nº 4.436 Designar o Auditor-Fiscal da Receita Federal do Brasil MARCO ANTONIO DUMONT, matrícula SiapeCad nº 01130630, para exercer a Função Gratificada de Chefe da Seção de Vigilância Aduaneira - Savig da Alfândega da Receita Federal do Brasil em Belo Horizonte (MG), Código FG-1.</p><p>Nº 4.437 Designar o Auditor-Fiscal da Receita Federal do Brasil RODRIGO DINIZ, matrícula SiapeCad nº 00064337, para exercer a Função Gratificada de Chefe da Seção de Gestão de Riscos Aduaneiros - Sarad da Alfândega da Receita Federal do Brasil em Belo Horizonte (MG), Código FG-1.</p><p>Nº 4.438 Designar a Analista-Tributário da Receita Federal do Brasil ELISA TOSTES GAZZINELLI, matrícula SiapeCad nº 01296103, para exercer a Função Gratificada de Chefe do Centro de Atendimento ao Contribuinte - CAC da Alfândega da Receita Federal do Brasil em Belo Horizonte (MG), Código FG-1.</p><p>Nº 4.439 Designar o Auditor-Fiscal da Receita Federal do Brasil GLADSON ALVES MAGALHAES, matrícula SiapeCad nº 01570214, para exercer a Função Gratificada de Chefe da Equipe Aduaneira 1 - EAD1 da Alfândega da Receita Federal do Brasil em Belo Horizonte (MG), Código FG-2.</p><p>Nº 4.440 Designar a Analista-Tributário da Receita Federal do Brasil SELMA FONSECA DA SILVA, matrícula SiapeCad nº 00008919, para exercer a Função Gratificada de Chefe da Equipe Aduaneira 2 - EAD2 da Alfândega da Receita Federal do Brasil em Belo Horizonte (MG), Código FG-2.</p><p>Nº 4.441 Designar o Auditor-Fiscal da Receita Federal do Brasil LUIZ ROBERTO LEDSHAM, matrícula SiapeCad nº 00067798, para exercer a Função Gratificada de Chefe da Equipe Aduaneira 3 - EAD3 da Alfândega da Receita Federal do Brasil em Belo Horizonte (MG), Código FG-1.</p><p>Nº 4.442 Designar o Auditor-Fiscal da Receita Federal do Brasil REINALDO MAGELA REIS, matrícula SiapeCad nº 00010780, para exercer a Função Gratificada de Chefe da Equipe de Vigilância e Repressão 1 - EVR1 da Alfândega da Receita Federal do Brasil em Belo Horizonte (MG), Código FG-3.</p><p>Nº 4.443 Designar o Auditor-Fiscal da Receita Federal do Brasil BERNARDO COSTA PRATES SANTOS, matrícula SiapeCad nº 00064392, para exercer a Função Gratificada de Chefe da Equipe de Gestão de Operadores Econômicos Autorizados 1 - EqOEA1 da Alfândega da Receita Federal do Brasil em Belo Horizonte (MG), Código FG-1.</p><p>Nº 4.444 Designar o Analista-Tributário da Receita Federal do Brasil AUGUSTO MAGNO RODRIGUES GONCALVES, matrícula SiapeCad nº 01812113, para exercer a Função Gratificada de Chefe da Equipe de Logística 1 - ELG1 da Alfândega da Receita Federal do Brasil em Belo Horizonte (MG), Código FG-3.</p><p>Nº 4.445 Designar a Analista-Tributário da Receita Federal do Brasil SONIA MAIA BOTELHO, matrícula SiapeCad nº 00065240, para exercer a Função Gratificada de Chefe da Equipe de Tecnologia e Segurança da Informação 1 - ETI1 da Alfândega da Receita Federal do Brasil em Belo Horizonte (MG), Código FG-3.</p><p>Nº 4.446 Designar a Assistente Técnico-Administrativo GERALDA DA LUZ RIBEIRO, matrícula SiapeCad nº 01493798, para exercer a Função Gratificada de Chefe da Equipe de Gestão de Pessoas 1 - EGP1 da Alfândega da Receita Federal do Brasil em Belo Horizonte (MG), Código FG-3.</p><p>Nº 4.447 Designar o Auditor-Fiscal da Receita Federal do Brasil SEBASTIAO ROMULO RUSSO, matrícula SiapeCad nº 00007438, para exercer a Função Gratificada de Inspetor-Chefe da Receita Federal do Brasil em Aeroporto Internacional de Confins (MG), jurisdição da Alfândega da Receita Federal do Brasil em Belo Horizonte (MG), Código FG-1.</p><p>Nº 4.448 Designar a Auditora-Fiscal da Receita Federal do Brasil MONICA ALVES DE OLIVEIRA MOURAO, matrícula SiapeCad nº 00015051, para exercer a Função Gratificada de Assistente da Delegacia Especial da Receita Federal do Brasil de Maiores Contribuintes em Belo Horizonte (MG), Código FG-1.</p><p>Nº 4.449 Designar a Auditora-Fiscal da Receita Federal do Brasil JUNIA DE CASTRO CAPUTE, matrícula SiapeCad nº 00015578, para exercer a Função Gratificada de Chefe da Equipe de Fiscalização 4 - EFI4 da Delegacia Especial da Receita Federal do Brasil de Maiores Contribuintes em Belo Horizonte (MG), Código FG-1.</p><p>Nº 4.450 Designar o Auditor-Fiscal da Receita Federal do Brasil JOSE EDUARDO FERREIRA FUSCO, matrícula SiapeCad nº 01293666, para exercer a Função Gratificada de Chefe da Equipe de Fiscalização 5 - EFI5 da Delegacia Especial da Receita Federal do Brasil de Maiores Contribuintes em Belo Horizonte (MG), Código FG-1.</p><p>Nº 4.451 Designar a Analista-Tributário da Receita Federal do Brasil VANIA MARIA DOS SANTOS CASTRO, matrícula SiapeCad nº 01291627, para exercer a Função Gratificada de Chefe da Equipe de Gestão Corporativa 1 - EGC1 da Delegacia Especial da Receita Federal do Brasil de Maiores Contribuintes em Belo Horizonte (MG), Código FG-1.</p>]]></Texto>
    <Autores>
      <assina>JORGE ANTONIO DEHER RACHID</assina>
    </Autores>
  </body>
</article></xml>