﻿<xml><article id="1022024" name="DOU TRF2-ATP-2017-00515" idOficio="4622959" pubName="DO2" artType="Ato" pubDate="08/01/2018" artClass="00037:00008:00001:00000:00000:00000:00000:00000:00000:00000:00001:00001" artSection="Presidência" artCategory="Presidência" artSize="8" artNotes="" numberPage="49" pdfPage="http://pesquisa.in.gov.br/imprensa/jsp/visualiza/index.jsp?data=08/01/2018&amp;jornal=529&amp;pagina=49" editionNumber="5">
  <body>
    <Identifica><![CDATA[ATO Nº 515, de 11 de dezembro de 2017]]></Identifica>
    <Data><![CDATA[]]></Data>
    <Ementa />
    <Titulo />
    <SubTitulo />
    <Texto><![CDATA[<p> O PRESIDENTE DO TRIBUNAL REGIONAL FEDERAL DA 2ª REGIÃO, no uso de suas atribuições, e considerando o que consta do Procedimento Administrativo nº TRF2-PES-2014/00380.01, RESOLVE:</p><p>ALTERAR a fundamentação legal do Ato nº 151, de 04.10.1990, publicado no D.J., Seção II, em 17.10.1990, que trata da aposentadoria da servidora THERESINHA DA CONCEIÇÃO BARUZZI, Analista Judiciária/Oficiala de Justiça Avaliadora Federal, NS-C-13, do Quadro de Pessoal Inativo da Justiça Federal de 1º Grau - Seção Judiciária do Rio de Janeiro, para EXCLUIR a vantagem prevista no art. 192, II, da Lei nº 8.112-90 e a vantagem pessoal nominalmente identificada prevista no art. 62, § 2º, da Lei nº 8.112, de 11.12.1990, incorporada conforme a Lei nº 8.911, de 11.07.1994, e INCLUIR a vantagem do art. 184, II, da Lei nº 1.711/52, a partir de 31.05.2017, data da opção da servidora.</p><p> </p><p> </p>]]></Texto>
    <Autores>
      <assina>ANDRÉ FONTES</assina>
    </Autores>
  </body>
</article></xml>