﻿<xml><article id="961297" name="PORTARIA IN SRFB - Ana, Karim, M" idOficio="4621934" pubName="DO2" artType="Portaria" pubDate="02/01/2018" artClass="00012:00002:00012:00031:00000:00000:00000:00000:00000:00000:00025:00001" artSection="Superintendência de Administração no Rio Grande do Sul" artCategory="Superintendência de Administração no Rio Grande do Sul" artSize="8" artNotes="" numberPage="38" pdfPage="http://pesquisa.in.gov.br/imprensa/jsp/visualiza/index.jsp?data=02/01/2018&amp;jornal=529&amp;pagina=38" editionNumber="1">
  <body>
    <Identifica><![CDATA[PORTARIAS DE 22 DE DEZEMBRO DE 2017]]></Identifica>
    <Data><![CDATA[]]></Data>
    <Ementa />
    <Titulo />
    <SubTitulo />
    <Texto><![CDATA[<p> O SUPERINTENDENTE DE ADMINISTRAÇÃO DO MINISTÉRIO DA FAZENDA NO ESTADO DO RIO GRANDE DO SUL, no uso das atribuições delegadas pelo Secretário da Receita Federal, através da Portaria SRF/MF nº 1.671, de 16 de junho de 2005, DOU de 20 de junho de 2005, convalidada pela Portaria SRFB/MF nº 4.071, de 30 de abril de 2007, DOU de 02 de maio de 2007, resolve:</p><p>Nº 230 - Conceder aposentadoria voluntária à servidora ANA MARGARETH LEITE GRESS, matrículas SIAPECAD nº 857122, SIAPE nº 926097, ocupante do cargo de Administrador, código 434009, Classe "S", Padrão IV, do Quadro de Pessoal do MF/RS, lotada na Delegacia da Receita Federal do Brasil em Santa Maria/RS, com fundamento no art. 3º da Emenda Constitucional nº 47/2005 e vantagem do art. 62-A da Lei nº 8.112/1990. (Processo 11060.000036/2017-51)</p><p>Nº 231 - Conceder aposentadoria voluntária à servidora KARIM LUCIANA SCHILARDI ZANDONA, matrículas SIAPECAD nº 15721 e SIAPE nº 101248, ocupante do cargo de Analista Tributário da Receita Federal do Brasil, código 237010, Classe "S", Padrão III, do Quadro de Pessoal do MF/RS, lotada na Delegacia da Receita Federal do Brasil em Porto Alegre/RS, com fundamento no art. 3º da Emenda Constitucional nº 47/2005. (Processo 11080.000589/2017-76)</p><p>Nº 232 - Conceder aposentadoria voluntária à servidora MARIA LEONI DALBOSCO SIQUEIRA, matrículas SIAPECAD nº 858832 e SIAPE nº 928042, ocupante do cargo de Técnico do Seguro Social, código 434550, Classe "S", Padrão IV, do Quadro de Pessoal do MF/RS, lotada na Delegacia da Receita Federal do Brasil em Porto Alegre/RS, com fundamento no art. 3º da Emenda Constitucional nº 47/2005 e vantagem do art. 62-A da Lei nº 8.112/1990. (Processo 11080.000588/2017-21)</p><p>Nº 233 - Conceder aposentadoria voluntária à servidora ONEIDES DAS GRAÇAS BATAGLIN GONÇALVES, matrículas SIAPECAD nº 13607, SIAPE nº 102536, ocupante do cargo de Analista Tributário da Receita Federal do Brasil, código 237010, Classe "S", Padrão III, do Quadro de Pessoal do MF/RS, lotada na Delegacia da Receita Federal do Brasil em Porto Alegre/RS, com fundamento no art. 3º da Emenda Constitucional nº 47/2005. (Processo 11080.000587/2017-87)</p><p>Nº 234 - Conceder aposentadoria voluntária à servidora TERESA DE OLIVEIRA BARBOSA, matrículas SIAPECAD nº 8098, SIAPE nº 102041, ocupante do cargo de Analista Tributário da Receita Federal do Brasil, código 237010, Classe "S", Padrão III, do Quadro de Pessoal do MF/RS, lotada na Delegacia da Receita Federal do Brasil em Porto Alegre/RS, com fundamento no art. 3º da Emenda Constitucional nº 47/2005. (Processo 11080.001190/2012-06)</p>]]></Texto>
    <Autores>
      <assina>HERNANI MARCHIORETTO DA SILVA</assina>
    </Autores>
  </body>
</article></xml>