﻿<xml><article id="979042" name="2218.RENATA E MANU-18" idOficio="4620729" pubName="DO2" artType="Portaria" pubDate="03/01/2018" artClass="00033:00008:00001:00004:00000:00000:00000:00000:00000:00000:00025:00001" artSection="Diretoria-Geral" artCategory="Diretoria-Geral" artSize="8" artNotes="" numberPage="24" pdfPage="http://pesquisa.in.gov.br/imprensa/jsp/visualiza/index.jsp?data=03/01/2018&amp;jornal=529&amp;pagina=24" editionNumber="2">
  <body>
    <Identifica><![CDATA[PORTARIA Nº 2.218, DE 22 DE DEZEMBRO DE 2017]]></Identifica>
    <Data><![CDATA[]]></Data>
    <Ementa />
    <Titulo />
    <SubTitulo />
    <Texto><![CDATA[<p> A DIRETORA-GERAL ADJUNTA DO MINISTÉRIO PÚBLICO DO TRABALHO, no uso da competência que lhe foi delegada pela Portaria MPT-PGT nº 86, de 30 de março de 2016, e o que consta no PGEA nº 011161.2017.00.900/0, resolve:</p><p>Art. 1º Dispensar, a contar de 3.1.2018, a servidora RENATA LACERDA DO NASCIMENTO MORAES, matrícula 6007083-8, ocupante do cargo de Técnico do MPU/Administração, da função de confiança de Assistente Nível III da Assessoria Técnica do Departamento de Recursos Humanos, código FC-3, da Procuradoria Geral do Trabalho.</p><p>Art. 2º Designar a servidora EMANNUELA OLIVEIRA SOUZA QUEIROZ, matrícula 6007025-0, ocupante do cargo de Técnico do MPU/Administração, para a função de confiança de Assistente Nível III da Assessoria Técnica do Departamento de Recursos Humanos, código FC-3, da Procuradoria Geral do Trabalho.</p>]]></Texto>
    <Autores>
      <assina>SANDRA CRISTINA DE ARAÚJO</assina>
    </Autores>
  </body>
</article></xml>