﻿<xml><article id="1022036" name="TRF2-ATP-2017-00538" idOficio="4622959" pubName="DO2" artType="Ato" pubDate="08/01/2018" artClass="00037:00008:00001:00000:00000:00000:00000:00000:00000:00000:00001:00007" artSection="Presidência" artCategory="Presidência" artSize="8" artNotes="" numberPage="50" pdfPage="http://pesquisa.in.gov.br/imprensa/jsp/visualiza/index.jsp?data=08/01/2018&amp;jornal=529&amp;pagina=50" editionNumber="5">
  <body>
    <Identifica><![CDATA[ATO Nº 538, de 18 de dezembro de 2017]]></Identifica>
    <Data><![CDATA[]]></Data>
    <Ementa />
    <Titulo />
    <SubTitulo />
    <Texto><![CDATA[<p> O PRESIDENTE DO TRIBUNAL REGIONAL FEDERAL DA 2ª REGIÃO, no uso de suas atribuições, e considerando o que consta do Procedimento Administrativo nº TRF2-PES-2017/00942, resolve:</p><p>CONCEDER aposentadoria por invalidez permanente, com proventos integrais, ao servidor JOSÉ AUGUSTO FERREIRA DE SOUZA, Técnico Judiciário/ Segurança e Transporte, NI, Classe "C", Padrão 13, do Quadro de Pessoal da Justiça Federal de Primeiro Grau - Seção Judiciária do Rio de Janeiro, com fulcro no art. 40, § 1º, inciso I, da Constituição da República, em interpretação conjunta com o art. 6º-A e parágrafo único, e art. 7º da Emenda Constitucional nº 41-2003, em interpretação conjunta com o art. 186, inciso I, e § 1º, da Lei nº 8.112-90, com a Vantagem Pessoal Nominalmente Identificada, prevista no art. 62-A, da Lei nº 8.112, de 11.12.1990, incorporada nos termos do art. 3º da Lei nº 8.911, de 11.07.1994, observando-se o disposto no art. 28 da Lei nº 11.416, de 15.12.2006 e no art. 37, inciso XI, da Constituição da República.</p><p> </p>]]></Texto>
    <Autores>
      <assina>ANDRÉ FONTES</assina>
    </Autores>
  </body>
</article></xml>