﻿<xml><article id="961424" name="Portaria N º 130 - Eliane Lira S" idOficio="4622400" pubName="DO2" artType="Portaria" pubDate="02/01/2018" artClass="00012:00002:00012:00019:00001:00000:00000:00000:00000:00000:00025:00001" artSection="Serviço de Recursos Humanos" artCategory="Serviço de Recursos Humanos" artSize="8" artNotes="" numberPage="37" pdfPage="http://pesquisa.in.gov.br/imprensa/jsp/visualiza/index.jsp?data=02/01/2018&amp;jornal=529&amp;pagina=37" editionNumber="1">
  <body>
    <Identifica><![CDATA[PORTARIA Nº 130, DE 27 DE DEZEMBRO DE 2017]]></Identifica>
    <Data><![CDATA[]]></Data>
    <Ementa />
    <Titulo />
    <SubTitulo />
    <Texto><![CDATA[<p> A Superintendente de Administração do Ministério da Fazenda no Espírito Santo, no uso das atribuições que lhe foram conferidas pelo art. 86, Inciso XI, da Portaria GM/MF Nº. 144, de 27 de abril de 2016, publicada no Diário Oficial da União de 29 de abril de 2016, resolve:</p><p>Conceder aposentadoria voluntária à servidora Eliane Lira Santos Regio, ocupante do cargo de Agente de Serviços Diversos, Classe ''S'', Padrão IV, do Quadro de Pessoal do Ministério da Fazenda/DRF/VIT/ES, matrícula SIAPE nº 947444 e SIAPECAD nº 875396, de acordo com o artigo 3º da Emenda Constitucional nº 47, de 05/07/2005, publicada no DOU de 06/07/2005 (Processo nº 11897.000033/2017-85)</p>]]></Texto>
    <Autores>
      <assina>Jacinta de Fátima Pereira Maciel.</assina>
    </Autores>
  </body>
</article></xml>