﻿<xml><article id="1115582" name="865-PEDRO-FC6" idOficio="4619484" pubName="DO2" artType="Portaria" pubDate="15/01/2018" artClass="00037:00004:00001:00002:00000:00000:00000:00000:00000:00000:00025:00002" artSection="Secretaria" artCategory="Secretaria" artSize="8" artNotes="" numberPage="48" pdfPage="http://pesquisa.in.gov.br/imprensa/jsp/visualiza/index.jsp?data=15/01/2018&amp;jornal=529&amp;pagina=48" editionNumber="10">
  <body>
    <Identifica><![CDATA[PORTARIA Nº 865, DE 22 DE DEZEMBRO DE 2017]]></Identifica>
    <Data><![CDATA[]]></Data>
    <Ementa />
    <Titulo />
    <SubTitulo />
    <Texto><![CDATA[<p> </p><p> A DIRETORA-GERAL DA SECRETARIA DO SUPERIOR TRIBUNAL DE JUSTIÇA, com base no item 16.2, XI, b, do Manual de Organização e no disposto no caput do art. 38 da Lei n. 8.112, de 11 de dezembro de 1990, resolve: </p><p>Art. 1º Revogar a designação de PEDRO MAGALHÃES ROCHA JÚNIOR, matrícula S034139, para substituir o Chefe da Seção de Odontologia de Perícia, código FC-6, da Coordenadoria de Assistência Odontológica, da Secretaria de Serviços Integrados de Saúde, objeto da Portaria STJ/GDG n. 733 de 30 de outubro de 2017, publicada no Diário Oficial da União do dia 7 subsequente.</p><p>Art. 2º Esta portaria entra em vigor na data de sua publicação.</p>]]></Texto>
    <Autores>
      <assina>Sulamita Avelino Cardoso Marques</assina>
    </Autores>
  </body>
</article></xml>