﻿<xml><article id="961390" name="PRFB4617a4744" idOficio="4622210" pubName="DO2" artType="Portaria" pubDate="02/01/2018" artClass="00012:00055:00000:00000:00000:00000:00000:00000:00000:00000:00025:00009" artSection="Ministério da Fazenda" artCategory="Secretaria da Receita Federal do Brasil" artSize="8" artNotes="" numberPage="62-63-64-71" pdfPage="http://pesquisa.in.gov.br/imprensa/jsp/visualiza/index.jsp?data=02/01/2018&amp;jornal=529&amp;pagina=62,http://pesquisa.in.gov.br/imprensa/jsp/visualiza/index.jsp?data=02/01/2018&amp;jornal=529&amp;pagina=63,http://pesquisa.in.gov.br/imprensa/jsp/visualiza/index.jsp?data=02/01/2018&amp;jornal=529&amp;pagina=64,http://pesquisa.in.gov.br/imprensa/jsp/visualiza/index.jsp?data=02/01/2018&amp;jornal=529&amp;pagina=71" editionNumber="1">
  <body>
    <Identifica><![CDATA[PORTARIAS DE 26 DE DEZEMBRO DE 2017.]]></Identifica>
    <Data><![CDATA[]]></Data>
    <Ementa />
    <Titulo />
    <SubTitulo />
    <Texto><![CDATA[<p> O SECRETÁRIO DA RECEITA FEDERAL DO BRASIL, no uso das competências que lhe foram delegada e subdelegada, respectivamente, pelas Portarias MF nºs 392 e 393, de 14 de julho de 2009, alteradas pela Portaria MF nº 100, de 28 de março de 2017, resolve: </p><p>Nº 4.617 Dispensar, a partir de 01/01/2018, o Auditor-Fiscal da Receita Federal do Brasil ELMIR FERREIRA MANRIQUE, matrícula SiapeCad nº 00064103, da Função Comissionada do Poder Executivo de Chefe da Divisão de Repressão ao Contrabando e Descaminho - Direp da Superintendência Regional da Receita Federal do Brasil da 1ª Região Fiscal (DF), Código FCPE-101.2.</p><p>Nº 4.618 Dispensar, a partir de 01/01/2018, a Auditora-Fiscal da Receita Federal do Brasil LILIAN SOUZA RODRIGUES POVOA, matrícula SiapeCad nº 01291538, do encargo de Substituto Eventual do Chefe da Divisão de Repressão ao Contrabando e Descaminho - Direp da Superintendência Regional da Receita Federal do Brasil da 1ª Região Fiscal (DF), Código FCPE-101.2.</p><p>Nº 4.619 Dispensar, a partir de 01/01/2018, o Analista-Tributário da Receita Federal do Brasil JOSE ROMES DOS SANTOS, matrícula SiapeCad nº 01130948, da Função Gratificada de Chefe da Seção de Gestão de Mercadorias Apreendidas - Samap da Superintendência Regional da Receita Federal do Brasil da 1ª Região Fiscal (DF), Código FG-1.</p><p>Nº 4.620 Dispensar, a partir de 01/01/2018, o Auditor-Fiscal da Receita Federal do Brasil JOAO PAULO OSORIO FLORES, matrícula SiapeCad nº 00015156, da Função Comissionada do Poder Executivo de Chefe da Divisão de Tecnologia da Informação - Ditec da Superintendência Regional da Receita Federal do Brasil da 1ª Região Fiscal (DF), Código FCPE-101.2.</p><p>Nº 4.621 Dispensar, a partir de 01/01/2018, o Analista-Tributário da Receita Federal do Brasil HAROLDO MORENO DA SILVA, matrícula SiapeCad nº 01291895, do encargo de Substituto Eventual do Chefe da Divisão de Tecnologia da Informação - Ditec da Superintendência Regional da Receita Federal do Brasil da 1ª Região Fiscal (DF), Código FCPE-101.2.</p><p>Nº 4.622 Dispensar, a partir de 01/01/2018, o Auditor-Fiscal da Receita Federal do Brasil ILAN BRUNO GUIMARAES DE SOUZA, matrícula SiapeCad nº 00087619, da Função Gratificada de Chefe da Equipe de Fiscalização - EFI da Superintendência Regional da Receita Federal do Brasil da 1ª Região Fiscal (DF), Código FG-1.</p><p>Nº 4.623 Dispensar, a partir de 01/01/2018, o Analista-Tributário da Receita Federal do Brasil PAULO ROBERTO MACIEL, matrícula SiapeCad nº 01878472, da Função Gratificada de Chefe da Equipe de Gestão de Pessoas - EGP da Superintendência Regional da Receita Federal do Brasil da 1ª Região Fiscal (DF), Código FG-1.</p><p>Nº 4.624 Dispensar, a partir de 01/01/2018, o Analista-Tributário da Receita Federal do Brasil VICTOR DANIEL GOMES, matrícula SiapeCad nº 01524315, da Função Gratificada de Chefe da Equipe de Logística - ELG da Superintendência Regional da Receita Federal do Brasil da 1ª Região Fiscal (DF), Código FG-1.</p><p>Nº 4.625 Dispensar, a partir de 01/01/2018, o Auditor-Fiscal da Receita Federal do Brasil GREISON FERREIRA DE SOUSA, matrícula SiapeCad nº 01953381, da Função Gratificada de Chefe da Equipe de Repressão Aduaneira - ERA/1 da Superintendência Regional da Receita Federal do Brasil da 1ª Região Fiscal (DF), Código FG-1.</p><p>Nº 4.626 Dispensar, a partir de 01/01/2018, o Auditor-Fiscal da Receita Federal do Brasil DANIEL SARAIVA MAGALHAES, matrícula SiapeCad nº 01951470, da Função Gratificada de Chefe da Equipe de Repressão Aduaneira - ERA/2 da Superintendência Regional da Receita Federal do Brasil da 1ª Região Fiscal (DF), Código FG-1.</p><p>Nº 4.627 Dispensar, a partir de 01/01/2018, a Auditora-Fiscal da Receita Federal do Brasil LILIAN SOUZA RODRIGUES POVOA, matrícula SiapeCad nº 01291538, da Função Gratificada de Chefe da Equipe de Repressão Aduaneira - ERA/3 da Superintendência Regional da Receita Federal do Brasil da 1ª Região Fiscal (DF), Código FG-1.</p><p>Nº 4.628 Dispensar, a partir de 01/01/2018, a Auditora-Fiscal da Receita Federal do Brasil ISIS MACHADO DE CARVALHO PEREIRA, matrícula SiapeCad nº 00010675, da Função Gratificada de Assistente da Superintendência Regional da Receita Federal do Brasil da 1ª Região Fiscal (DF), Código FG-1.</p><p>Nº 4.629 Dispensar, a partir de 01/01/2018, o Analista Técnico-Administrativo HENRIQUE SYDNEY RIBEIRO LIMA, matrícula SiapeCad nº 01899181, da Função Gratificada de Assistente da Superintendência Regional da Receita Federal do Brasil da 1ª Região Fiscal (DF), Código FG-2.</p><p>Nº 4.630 Dispensar, a partir de 01/01/2018, a Analista Técnico-Administrativo THATIANY MENDES DE OLIVEIRA SANTIAGO, matrícula SiapeCad nº 01898796, da Função Gratificada de Assistente da Superintendência Regional da Receita Federal do Brasil da 1ª Região Fiscal (DF), Código FG-3.</p><p>Nº 4.631 Dispensar, a partir de 01/01/2018, o Auditor-Fiscal da Receita Federal do Brasil GUSTAVO FERNANDES COSTA, matrícula SiapeCad nº 01951645, da Função Gratificada de Chefe da Seção de Pessoa Jurídica - Sacpj da Delegacia da Receita Federal do Brasil em Brasilia (DF), Código FG-1.</p><p>Nº 4.632 Dispensar, a partir de 01/01/2018, o Analista-Tributário da Receita Federal do Brasil FELIPE MARTINS PINHEIRO SILVA, matrícula SiapeCad nº 01266055, da Função Gratificada de Chefe da Seção de Conta Corrente - Sacoc da Delegacia da Receita Federal do Brasil em Brasilia (DF), Código FG-1.</p><p>Nº 4.633 Dispensar, a partir de 01/01/2018, a Analista-Tributário da Receita Federal do Brasil ALEXSANDRA BICALHO, matrícula SiapeCad nº 01292848, da Função Gratificada de Chefe da Seção de Controle da Rede Arrecadadora - Saarf da Delegacia da Receita Federal do Brasil em Brasilia (DF), Código FG-1.</p><p>Nº 4.634 Dispensar, a partir de 01/01/2018, o Auditor-Fiscal da Receita Federal do Brasil SERGIO ENEAS DE AGUIAR CHAVES, matrícula SiapeCad nº 01217811, da Função Gratificada de Chefe da Seção de Diligências e Revisão Interna - Sadim da Delegacia da Receita Federal do Brasil em Brasilia (DF), Código FG-1.</p><p>Nº 4.635 Dispensar, a partir de 01/01/2018, o Analista-Tributário da Receita Federal do Brasil MARCO ANTONIO SAMPAIO CANCADO FILHO, matrícula SiapeCad nº 01571426, da Função Comissionada do Poder Executivo de Chefe da Divisão de Tecnologia da Informação - Ditec da Delegacia da Receita Federal do Brasil em Brasilia (DF), Código FCPE-101.2.</p><p>Nº 4.636 Dispensar, a partir de 01/01/2018, a Analista-Tributário da Receita Federal do Brasil ANDREA PINHEIRO BRASIL DE CARVALHO, matrícula SiapeCad nº 01293227, do encargo de Substituto Eventual do Chefe da Divisão de Tecnologia da Informação - Ditec da Delegacia da Receita Federal do Brasil em Brasilia (DF), Código FCPE-101.2.</p><p>Nº 4.637 Dispensar, a partir de 01/01/2018, o Auditor-Fiscal da Receita Federal do Brasil SEBASTIAO AUGUSTO DE OLIVEIRA, matrícula SiapeCad nº 00878679, da Função Comissionada do Poder Executivo de Chefe do Serviço de Programação, Avaliação e Controle da Atividade Fiscal - Sepac da Delegacia da Receita Federal do Brasil em Brasilia (DF), Código FCPE-101.1.</p><p>Nº 4.638 Dispensar, a partir de 01/01/2018, o Analista-Tributário da Receita Federal do Brasil LEANDRO CARDOSO DOS PASSOS MELO, matrícula SiapeCad nº 01454524, da Função Comissionada do Poder Executivo de Chefe do Serviço de Programação e Logística - Sepol da Delegacia da Receita Federal do Brasil em Brasilia (DF), Código FCPE-101.1.</p><p>Nº 4.639 Dispensar, a partir de 01/01/2018, o Analista-Tributário da Receita Federal do Brasil JAMES FERREIRA BERNARDO, matrícula SiapeCad nº 00005765, do encargo de Substituto Eventual do Chefe do Serviço de Programação e Logística - Sepol da Delegacia da Receita Federal do Brasil em Brasilia (DF), Código FCPE-101.1.</p><p>Nº 4.640 Dispensar, a partir de 01/01/2018, o Analista-Tributário da Receita Federal do Brasil PEDRO VALLADAO FERRAZ, matrícula SiapeCad nº 01571327, da Função Comissionada do Poder Executivo de Chefe do Centro de Atendimento ao Contribuinte - CAC/Taguatinga da Delegacia da Receita Federal do Brasil em Brasilia (DF), Código FCPE-101.1.</p><p>Nº 4.641 Dispensar, a partir de 01/01/2018, o Analista-Tributário da Receita Federal do Brasil HUDSON SILVEIRA E SILVA, matrícula SiapeCad nº 01296375, do encargo de Substituto Eventual do Chefe do Centro de Atendimento ao Contribuinte - CAC/Taguatinga da Delegacia da Receita Federal do Brasil em Brasilia (DF), Código FCPE-101.1.</p><p>Nº 4.642 Dispensar, a partir de 01/01/2018, o Auditor-Fiscal da Receita Federal do Brasil RICARDO MARCONE APARECIDO GONCALVES, matrícula SiapeCad nº 01217279, da Função Gratificada de Chefe da Equipe de Fiscalização - EFI/10 da Delegacia da Receita Federal do Brasil em Brasilia (DF), Código FG-1.</p><p>Nº 4.643 Dispensar, a partir de 01/01/2018, a Auditora-Fiscal da Receita Federal do Brasil DENISE CHERPINSKY MORAES, matrícula SiapeCad nº 00880934, da Função Gratificada de Chefe da Equipe de Fiscalização - EFI/11 da Delegacia da Receita Federal do Brasil em Brasilia (DF), Código FG-1.</p><p>Nº 4.644 Dispensar, a partir de 01/01/2018, o Auditor-Fiscal da Receita Federal do Brasil MARCO AURELIO GUIRAUD SANTOS, matrícula SiapeCad nº 01291998, da Função Gratificada de Chefe da Equipe de Fiscalização - EFI/12 da Delegacia da Receita Federal do Brasil em Brasilia (DF), Código FG-1.</p><p>Nº 4.645 Dispensar, a partir de 01/01/2018, o Auditor-Fiscal da Receita Federal do Brasil EDSON TAVARES BELEZA, matrícula SiapeCad nº 01133470, da Função Gratificada de Chefe da Equipe de Fiscalização - EFI/13 da Delegacia da Receita Federal do Brasil em Brasilia (DF), Código FG-1.</p><p>Nº 4.646 Dispensar, a partir de 01/01/2018, o Auditor-Fiscal da Receita Federal do Brasil RODRIGO SOARES DE ALMEIDA, matrícula SiapeCad nº 00881119, da Função Gratificada de Chefe da Equipe de Fiscalização - EFI/14 da Delegacia da Receita Federal do Brasil em Brasilia (DF), Código FG-1.</p><p>Nº 4.647 Dispensar, a partir de 01/01/2018, a Auditora-Fiscal da Receita Federal do Brasil IZABELLE KAROLLINE DAMASCENO CATANHEIDE ALMEIDA, matrícula SiapeCad nº 01654498, da Função Gratificada de Chefe da Equipe de Fiscalização - EFI/15 da Delegacia da Receita Federal do Brasil em Brasilia (DF), Código FG-1.</p><p>Nº 4.648 Exonerar, a partir de 01/01/2018,  o Auditor-Fiscal da Receita Federal do Brasil ALEXANDRE MARTINS ANGOTI, matrícula SiapeCad nº 00064943, do cargo em comissão de Inspetor-Chefe da Alfândega da Receita Federal do Brasil no Aeroporto Internacional de Brasilia (DF), Código DAS-101.2.</p><p>Nº 4.649 Dispensar, a partir de 01/01/2018, o Auditor-Fiscal da Receita Federal do Brasil LUIS EMILIO VINUEZA MARTINS, matrícula SiapeCad nº 00013787, do encargo de Substituto Eventual do Inspetor-Chefe da Alfândega da Receita Federal do Brasil no Aeroporto Internacional de Brasilia (DF), Código DAS-101.2.</p><p>Nº 4.650 Dispensar, a partir de 01/01/2018, o Auditor-Fiscal da Receita Federal do Brasil LUIS EMILIO VINUEZA MARTINS, matrícula SiapeCad nº 00013787, da Função Gratificada de Inspetor-Chefe Adjunto da Alfândega da Receita Federal do Brasil no Aeroporto Internacional de Brasilia (DF), Código FG-1.</p><p>Nº 4.651 Dispensar, a partir de 01/01/2018, o Auditor-Fiscal da Receita Federal do Brasil CARLOS ALBERTO GOMES DE FREITAS JUNIOR, matrícula SiapeCad nº 00064894, da Função Gratificada de Chefe da Seção de Arrecadação e Cobrança - Sarac da Alfândega da Receita Federal do Brasil no Aeroporto Internacional de Brasilia (DF), Código FG-1.</p><p>Nº 4.652 Dispensar, a partir de 01/01/2018, o Analista-Tributário da Receita Federal do Brasil FRANCISCO JOSE AVELINO DE AZEVEDO, matrícula SiapeCad nº 00057962, da Função Gratificada de Chefe da Seção de Tecnologia da Informação - Satec da Alfândega da Receita Federal do Brasil no Aeroporto Internacional de Brasilia (DF), Código FG-1.</p><p>Nº 4.653 Dispensar, a partir de 01/01/2018, o Auditor-Fiscal da Receita Federal do Brasil JONIO SILVEIRA IBIAPINA, matrícula SiapeCad nº 00881585, da Função Gratificada de Chefe da Seção de Vigilância e Controle Aduaneiro - Savig da Alfândega da Receita Federal do Brasil no Aeroporto Internacional de Brasilia (DF), Código FG-1.</p><p>Nº 4.654 Dispensar, a partir de 01/01/2018, o Analista-Tributário da Receita Federal do Brasil WALTER ROBERTO ALVES ARAUJO, matrícula SiapeCad nº 01213858, da Função Gratificada de Chefe da Seção de Programação e Logística - Sapol da Alfândega da Receita Federal do Brasil no Aeroporto Internacional de Brasilia (DF), Código FG-1.</p><p>Nº 4.655 Dispensar, a partir de 01/01/2018, o Auditor-Fiscal da Receita Federal do Brasil ROBSON DE MELO RIBEIRO, matrícula SiapeCad nº 00076230, da Função Gratificada de Chefe da Seção de Fiscalização Aduaneira - Safia da Alfândega da Receita Federal do Brasil no Aeroporto Internacional de Brasilia (DF), Código FG-1.</p><p>Nº 4.656 Dispensar, a partir de 01/01/2018, o Analista-Tributário da Receita Federal do Brasil REGINALDO PEREIRA DE ARAUJO SOBRINHO, matrícula SiapeCad nº 00014160, da Função Gratificada de Assistente da Alfândega da Receita Federal do Brasil no Aeroporto Internacional de Brasilia (DF), Código FG-1.</p><p>Nº 4.657 Dispensar, a partir de 01/01/2018, o Analista-Tributário da Receita Federal do Brasil ALEXANDRE AUGUSTO STACCIARINI, matrícula SiapeCad nº 01214793, da Função Comissionada do Poder Executivo de Chefe do Serviço de Tecnologia da Informação - Setec da Delegacia da Receita Federal do Brasil em Goiania (GO), Código FCPE-101.1.</p><p>Nº 4.658 Dispensar, a partir de 01/01/2018, o Analista-Tributário da Receita Federal do Brasil ANTONINO AMADO SANTOS PINHAL, matrícula SiapeCad nº 01570725, do encargo de Substituto Eventual do Chefe do Serviço de Tecnologia da Informação - Setec da Delegacia da Receita Federal do Brasil em Goiania (GO), Código FCPE-101.1.</p><p>Nº 4.659 Dispensar, a partir de 01/01/2018, a Analista-Tributário da Receita Federal do Brasil LORENA CIPRIANO DE ASSIS MARQUES, matrícula SiapeCad nº 01291400, da Função Comissionada do Poder Executivo de Chefe do Centro de Atendimento ao Contribuinte - CAC/Goiânia 1 da Delegacia da Receita Federal do Brasil em Goiania (GO), Código FCPE-101.1.</p><p>Nº 4.660 Dispensar, a partir de 01/01/2018, a Analista-Tributário da Receita Federal do Brasil SUSANA NARA DE SOUZA PACHECO BELEM, matrícula SiapeCad nº 01131089, do encargo de Substituto Eventual do Chefe do Centro de Atendimento ao Contribuinte - CAC/Goiânia 1 da Delegacia da Receita Federal do Brasil em Goiania (GO), Código FCPE-101.1.</p><p>Nº 4.661 Dispensar, a partir de 01/01/2018, o Analista-Tributário da Receita Federal do Brasil JOSE ALVES PESSOA, matrícula SiapeCad nº 00015169, da Função Comissionada do Poder Executivo de Chefe do Centro de Atendimento ao Contribuinte - CAC/Goiânia 2 da Delegacia da Receita Federal do Brasil em Goiania (GO), Código FCPE-101.1.</p><p>Nº 4.662 Dispensar, a partir de 01/01/2018, o Analista-Tributário da Receita Federal do Brasil OSMAR INACIO DE REZENDE JUNIOR, matrícula SiapeCad nº 00087921, do encargo de Substituto Eventual do Chefe do Centro de Atendimento ao Contribuinte - CAC/Goiânia 2 da Delegacia da Receita Federal do Brasil em Goiania (GO), Código FCPE-101.1.</p><p>Nº 4.663 Dispensar, a partir de 01/01/2018, o Auditor-Fiscal da Receita Federal do Brasil JOAO ANDRE XAVIER ROCHA, matrícula SiapeCad nº 01250518, da Função Gratificada de Chefe da Seção de Programação, Avaliação e Controle da Atividade Fiscal - Sapac da Delegacia da Receita Federal do Brasil em Goiania (GO), Código FG-1.</p><p>Nº 4.664 Dispensar, a partir de 01/01/2018, o Auditor-Fiscal da Receita Federal do Brasil LUIZ CARLOS PAULINO, matrícula SiapeCad nº 00879359, da Função Gratificada de Chefe da Equipe de Fiscalização - EFI/6 da Delegacia da Receita Federal do Brasil em Goiania (GO), Código FG-1.</p><p>Nº 4.665 Dispensar, a partir de 01/01/2018, o Auditor-Fiscal da Receita Federal do Brasil RICARDO SKAF ABDALA, matrícula SiapeCad nº 00065307, da Função Gratificada de Chefe da Equipe de Atendimento ao Contribuinte - EAT/4 da Delegacia da Receita Federal do Brasil em Goiania (GO), Código FG-1.</p><p>Nº 4.666 Dispensar, a partir de 01/01/2018, a Analista-Tributário da Receita Federal do Brasil AURELENE DA SILVA, matrícula SiapeCad nº 00088804, da Função Gratificada de Chefe da Equipe de Atendimento ao Contribuinte - EAT/5 da Delegacia da Receita Federal do Brasil em Goiania (GO), Código FG-2.</p><p>Nº 4.667 Dispensar, a partir de 01/01/2018, a Analista-Tributário da Receita Federal do Brasil ISABELA BORTOLETTO BOSCOLO, matrícula SiapeCad nº 00087882, da Função Gratificada de Chefe da Equipe de Atendimento ao Contribuinte - EAT/6 da Delegacia da Receita Federal do Brasil em Goiania (GO), Código FG-2.</p><p>Nº 4.668 Dispensar, a partir de 01/01/2018, o Analista-Tributário da Receita Federal do Brasil MARCELO VELOSO NASCIMENTO, matrícula SiapeCad nº 01292548, da Função Gratificada de Chefe da Equipe Aduaneira - EAD/1 da Delegacia da Receita Federal do Brasil em Goiania (GO), Código FG-2.</p><p>Nº 4.669 Dispensar, a partir de 01/01/2018, o Analista-Tributário da Receita Federal do Brasil AURELIO BERTI, matrícula SiapeCad nº 01293774, da Função Gratificada de Chefe da Equipe Aduaneira - EAD/2 da Delegacia da Receita Federal do Brasil em Goiania (GO), Código FG-2.</p><p>Nº 4.670 Dispensar, a partir de 01/01/2018, o Auditor-Fiscal da Receita Federal do Brasil PAULO DE TARSO GOMIDE BARREIRA, matrícula SiapeCad nº 00010242, da Função Gratificada de Chefe da Equipe Aduaneira - EAD/3 da Delegacia da Receita Federal do Brasil em Goiania (GO), Código FG-3.</p><p>Nº 4.671 Dispensar, a partir de 01/01/2018, a Técnico Nível Médio IRENE EUFRASIO DA SILVA TEIXEIRA, matrícula SiapeCad nº 00810664, da Função Gratificada de Chefe da Equipe de Atendimento ao Contribuinte - EAT da Agência da Receita Federal do Brasil em Catalao (GO), jurisdição da Delegacia da Receita Federal do Brasil em Goiania (GO), Código FG-3.</p><p>Nº 4.672 Dispensar, a partir de 01/01/2018, o Assistente Técnico-Administrativo PAULO JOSE DE LARA DANTE NETO, matrícula SiapeCad nº 01973284, da Função Gratificada de Chefe da Equipe de Atendimento ao Contribuinte - EAT da Agência da Receita Federal do Brasil em Goias (GO), jurisdição da Delegacia da Receita Federal do Brasil em Goiania (GO), Código FG-3.</p><p>Nº 4.673 Dispensar, a partir de 01/01/2018, o Analista-Tributário da Receita Federal do Brasil MARCOS JOSE OLIVEIRA, matrícula SiapeCad nº 00016453, da Função Gratificada de Chefe da Equipe de Atendimento ao Contribuinte - EAT da Agência da Receita Federal do Brasil em Itumbiara (GO), jurisdição da Delegacia da Receita Federal do Brasil em Goiania (GO), Código FG-3.</p><p>Nº 4.674 Dispensar, a partir de 01/01/2018, a Agente Administrativo MARLENE FERNANDES SILVA ALVES, matrícula SiapeCad nº 00646016, da Função Gratificada de Chefe da Equipe de Atendimento ao Contribuinte - EAT da Agência da Receita Federal do Brasil em Jatai (GO), jurisdição da Delegacia da Receita Federal do Brasil em Goiania (GO), Código FG-3.</p><p>Nº 4.675 Dispensar, a partir de 01/01/2018, o Agente Administrativo JORCELINO MARQUES PALMEIRA JUNIOR, matrícula SiapeCad nº 00014423, da Função Gratificada de Chefe da Equipe de Atendimento ao Contribuinte - EAT da Agência da Receita Federal do Brasil em Sao Luis de Montes Belos (GO), jurisdição da Delegacia da Receita Federal do Brasil em Goiania (GO), Código FG-3.</p><p>Nº 4.676 Dispensar, a partir de 01/01/2018, o Assistente Técnico-Administrativo LEANDRO ARRUDA MACHADO, matrícula SiapeCad nº 02010351, da Função Gratificada de Chefe da Equipe de Atendimento ao Contribuinte - EAT da Agência da Receita Federal do Brasil em Caldas Novas (GO), jurisdição da Delegacia da Receita Federal do Brasil em Goiania (GO), Código FG-3.</p><p>Nº 4.677 Dispensar, a partir de 01/01/2018, o Analista-Tributário da Receita Federal do Brasil NELSON D ABADIA GOMES, matrícula SiapeCad nº 01813763, da Função Gratificada de Chefe da Seção de Tecnologia da Informação e Logística - Satel da Delegacia da Receita Federal do Brasil em Anapolis (GO), Código FG-1.</p><p>Nº 4.678 Dispensar, a partir de 01/01/2018, o Auditor-Fiscal da Receita Federal do Brasil LEANDRO CARDOSO MELO, matrícula SiapeCad nº 01570197, da Função Gratificada de Chefe da Equipe Aduaneira - EAD da Delegacia da Receita Federal do Brasil em Anapolis (GO), Código FG-3.</p><p>Nº 4.679 Dispensar, a partir de 01/01/2018, a Assistente Técnico-Administrativo ALINE RODRIGUES DA SILVA LIRA, matrícula SiapeCad nº 01980594, da Função Gratificada de Chefe da Equipe de Atendimento ao Contribuinte - EAT da Agência da Receita Federal do Brasil em Uruacu (GO), jurisdição da Delegacia da Receita Federal do Brasil em Anapolis (GO), Código FG-3.</p><p>Nº 4.680 Dispensar, a partir de 01/01/2018, o Analista-Tributário da Receita Federal do Brasil JOAO BOSCO SAVIO CAVALCANTI DE ALBUQUERQUE JUNIOR, matrícula SiapeCad nº 01230761, da Função Comissionada do Poder Executivo de Chefe do Serviço de Tecnologia da Informação - Setec da Delegacia da Receita Federal do Brasil em Cuiaba (MT), Código FCPE-101.1.</p><p>Nº 4.681 Dispensar, a partir de 01/01/2018, o Analista-Tributário da Receita Federal do Brasil JOAO ANTONIO POLICARPO NETO, matrícula SiapeCad nº 01130662, do encargo de Substituto Eventual do Chefe do Serviço de Tecnologia da Informação - Setec da Delegacia da Receita Federal do Brasil em Cuiaba (MT), Código FCPE-101.1.</p><p>Nº 4.682 Dispensar, a partir de 01/01/2018, o Auditor-Fiscal da Receita Federal do Brasil RICARDO PEREIRA FEITOSA, matrícula SiapeCad nº 01170795, da Função Gratificada de Chefe da Seção de Programação, Avaliação e Controle da Atividade Fiscal - Sapac da Delegacia da Receita Federal do Brasil em Cuiaba (MT), Código FG-1.</p><p>Nº 4.683 Dispensar, a partir de 01/01/2018, a Auditora-Fiscal da Receita Federal do Brasil MARIA EDILEIA PETRINI, matrícula SiapeCad nº 00064728, da Função Gratificada de Chefe da Equipe de Fiscalização - EFI/1 da Delegacia da Receita Federal do Brasil em Cuiaba (MT), Código FG-1.</p><p>Nº 4.684 Dispensar, a partir de 01/01/2018, o Auditor-Fiscal da Receita Federal do Brasil FELIPE MEGIOLARO SANTOS, matrícula SiapeCad nº 01220906, da Função Gratificada de Chefe da Equipe de Fiscalização - EFI/4 da Delegacia da Receita Federal do Brasil em Cuiaba (MT), Código FG-1.</p><p>Nº 4.685 Dispensar, a partir de 01/01/2018, o Auditor-Fiscal da Receita Federal do Brasil RODOLFO COSTA MARQUES, matrícula SiapeCad nº 00064078, da Função Gratificada de Chefe da Equipe de Fiscalização - EFI/5 da Delegacia da Receita Federal do Brasil em Cuiaba (MT), Código FG-1.</p><p>Nº 4.686 Dispensar, a partir de 01/01/2018, o Auditor-Fiscal da Receita Federal do Brasil RAIMUNDO ROBERTO SARI MENDES, matrícula SiapeCad nº 01571058, da Função Gratificada de Chefe da Equipe de Fiscalização - EFI/6 da Delegacia da Receita Federal do Brasil em Cuiaba (MT), Código FG-1.</p><p>Nº 4.687 Dispensar, a partir de 01/01/2018, o Auditor-Fiscal da Receita Federal do Brasil MURILO LOUZEIRO TIAGO, matrícula SiapeCad nº 01571317, da Função Gratificada de Chefe da Equipe Aduaneira - EAD da Delegacia da Receita Federal do Brasil em Cuiaba (MT), Código FG-3.</p><p>Nº 4.688 Dispensar, a partir de 01/01/2018, o Analista-Tributário da Receita Federal do Brasil ALESSANDRO MARCELLO DA CRUZ SILVA, matrícula SiapeCad nº 01214535, da Função Comissionada do Poder Executivo de Agente da Receita Federal do Brasil em Rondonopolis (MT), jurisdição da Delegacia da Receita Federal do Brasil em Cuiaba (MT), Código FCPE-101.1.</p><p>Nº 4.689 Dispensar, a partir de 01/01/2018, o Analista-Tributário da Receita Federal do Brasil DANIEL FREITAS LINO OLIVEIRA, matrícula SiapeCad nº 01292160, do encargo de Substituto Eventual do Agente da Receita Federal do Brasil em Rondonopolis (MT), jurisdição da Delegacia da Receita Federal do Brasil em Cuiaba (MT), Código FCPE-101.1.</p><p>Nº 4.690 Dispensar, a partir de 01/01/2018, o Analista-Tributário da Receita Federal do Brasil DANIEL FREITAS LINO OLIVEIRA, matrícula SiapeCad nº 01292160, da Função Gratificada de Chefe do Setor de Arrecadação e Cobrança - Sorac da Agência da Receita Federal do Brasil em Rondonopolis (MT), jurisdição da Delegacia da Receita Federal do Brasil em Cuiaba (MT), Código FG-2.</p><p>Nº 4.691 Dispensar, a partir de 01/01/2018, a Analista-Tributário da Receita Federal do Brasil SILVANA NOLL FRANTZ, matrícula SiapeCad nº 00087505, da Função Gratificada de Chefe da Equipe de Atendimento ao Contribuinte - EAT/1 da Agência da Receita Federal do Brasil em Rondonopolis (MT), jurisdição da Delegacia da Receita Federal do Brasil em Cuiaba (MT), Código FG-2.</p><p>Nº 4.692 Dispensar, a partir de 01/01/2018, a Assistente Técnico-Administrativo KELLY TACIANE LOPES DA SILVA BARRETO, matrícula SiapeCad nº 01513733, da Função Gratificada de Chefe da Equipe de Atendimento ao Contribuinte - EAT/2 da Agência da Receita Federal do Brasil em Rondonopolis (MT), jurisdição da Delegacia da Receita Federal do Brasil em Cuiaba (MT), Código FG-2.</p><p>Nº 4.693 Dispensar, a partir de 01/01/2018, a Datilógrafo JUSARA MARIA DA CRUZ, matrícula SiapeCad nº 00825090, da Função Gratificada de Chefe da Equipe de Atendimento ao Contribuinte - EAT da Agência da Receita Federal do Brasil em Diamantino (MT), jurisdição da Delegacia da Receita Federal do Brasil em Cuiaba (MT), Código FG-3.</p><p>Nº 4.694 Dispensar, a partir de 01/01/2018, o Assistente Técnico-Administrativo MARCIO UHDE, matrícula SiapeCad nº 01973297, da Função Gratificada de Chefe da Equipe de Atendimento ao Contribuinte - EAT/2 da Agência da Receita Federal do Brasil em Sinop (MT), jurisdição da Delegacia da Receita Federal do Brasil em Cuiaba (MT), Código FG-2.</p><p>Nº 4.695 Dispensar, a partir de 01/01/2018, a Auditora-Fiscal da Receita Federal do Brasil ADRIANA PERTILE, matrícula SiapeCad nº 01213912, da Função Gratificada de Chefe do Setor de Fiscalização e de Controle Aduaneiro - Siana da Inspetoria da Receita Federal do Brasil em Caceres (MT), jurisdição da Delegacia da Receita Federal do Brasil em Cuiaba (MT), Código FG-2.</p><p>Nº 4.696 Dispensar, a partir de 01/01/2018, o Analista-Tributário da Receita Federal do Brasil JOSE BENEDITO DE SOUZA, matrícula SiapeCad nº 00057932, da Função Gratificada de Chefe do Setor de Arrecadação e Cobrança - Sorac da Inspetoria da Receita Federal do Brasil em Caceres (MT), jurisdição da Delegacia da Receita Federal do Brasil em Cuiaba (MT), Código FG-2.</p><p>Nº 4.697 Dispensar, a partir de 01/01/2018, a Assistente Técnico-Administrativo ANA PAULA DA SILVA, matrícula SiapeCad nº 01977824, da Função Gratificada de Chefe da Equipe de Atendimento ao Contribuinte - EAT da Inspetoria da Receita Federal do Brasil em Caceres (MT), jurisdição da Delegacia da Receita Federal do Brasil em Cuiaba (MT), Código FG-3.</p><p>Nº 4.698 Dispensar, a partir de 01/01/2018, o Analista-Tributário da Receita Federal do Brasil JACKSON ALBERTO SOUZA DINIZ, matrícula SiapeCad nº 00088794, da Função Gratificada de Chefe da Seção de Tecnologia da Informação - Satec da Delegacia da Receita Federal do Brasil em Campo Grande (MS), Código FG-1.</p><p>Nº 4.699 Dispensar, a partir de 01/01/2018, o Analista-Tributário da Receita Federal do Brasil JULIANO KENJI KUVABARA, matrícula SiapeCad nº 01881605, da Função Gratificada de Chefe da Seção de Programação e Logística - Sapol da Delegacia da Receita Federal do Brasil em Campo Grande (MS), Código FG-1.</p><p>Nº 4.700 Dispensar, a partir de 01/01/2018, o Técnico em Contabilidade ALDEVINO ANTONIO NEVES, matrícula SiapeCad nº 00006720, da Função Gratificada de Chefe da Seção de Gestão de Pessoas - Sagep da Delegacia da Receita Federal do Brasil em Campo Grande (MS), Código FG-1.</p><p>Nº 4.701 Dispensar, a partir de 01/01/2018, a Analista do Seguro Social MICHELE NAIRA SALOMAO BUZATTO, matrícula SiapeCad nº 01206658, da Função Gratificada de Agente da Receita Federal do Brasil em Paranaiba (MS), jurisdição da Delegacia da Receita Federal do Brasil em Campo Grande (MS), Código FG-1.</p><p>Nº 4.702 Dispensar, a partir de 01/01/2018, a Assistente Técnico-Administrativo RAYANE OLIVEIRA MARQUES RAMOS, matrícula SiapeCad nº 01972831, da Função Gratificada de Chefe da Equipe de Atendimento ao Contribuinte - EAT da Agência da Receita Federal do Brasil em Paranaiba (MS), jurisdição da Delegacia da Receita Federal do Brasil em Campo Grande (MS), Código FG-3.</p><p>Nº 4.703 Dispensar, a partir de 01/01/2018, o Analista-Tributário da Receita Federal do Brasil REGINALDO PIRES DA COSTA, matrícula SiapeCad nº 00026970, da Função Gratificada de Agente da Receita Federal do Brasil em Tres Lagoas (MS), jurisdição da Delegacia da Receita Federal do Brasil em Campo Grande (MS), Código FG-1.</p><p>Nº 4.704 Dispensar, a partir de 01/01/2018, o Técnico do Seguro Social JOSE MARIA CAETANO, matrícula SiapeCad nº 00823153, da Função Gratificada de Chefe da Equipe de Atendimento ao Contribuinte - EAT da Agência da Receita Federal do Brasil em Tres Lagoas (MS), jurisdição da Delegacia da Receita Federal do Brasil em Campo Grande (MS), Código FG-3.</p><p>Nº 4.705 Dispensar, a partir de 01/01/2018, a Analista-Tributário da Receita Federal do Brasil RENATA LEITE DOS SANTOS, matrícula SiapeCad nº 01811368, da Função Gratificada de Chefe da Seção de Tecnologia da Informação e Logística - Satel da Delegacia da Receita Federal do Brasil em Dourados (MS), Código FG-1.</p><p>Nº 4.706 Dispensar, a partir de 01/01/2018, o Auditor-Fiscal da Receita Federal do Brasil LUIZ FELIPE MANVAILER, matrícula SiapeCad nº 01571135, da Função Gratificada de Chefe do Núcleo de Administração Aduaneira - Nuana da Delegacia da Receita Federal do Brasil em Dourados (MS), Código FG-3.</p><p>Nº 4.707 Dispensar, a partir de 01/01/2018, a Assistente Técnico-Administrativo THAISE DE ANDRADE CUNHA, matrícula SiapeCad nº 01976956, da Função Gratificada de Chefe da Equipe de Atendimento ao Contribuinte - EAT da Agência da Receita Federal do Brasil em Nova Andradina (MS), jurisdição da Delegacia da Receita Federal do Brasil em Dourados (MS), Código FG-3.</p><p>Nº 4.708 Dispensar, a partir de 01/01/2018, o Analista-Tributário da Receita Federal do Brasil DANIEL NUNES PEREIRA, matrícula SiapeCad nº 01130842, da Função Gratificada de Agente da Receita Federal do Brasil em Naviraí (MS), jurisdição da Delegacia da Receita Federal do Brasil em Dourados (MS), Código FG-1.</p><p>Nº 4.709 Dispensar, a partir de 01/01/2018, a Assistente Técnico-Administrativo ALESSANDRA BARROS CHAVES, matrícula SiapeCad nº 01973687, da Função Gratificada de Chefe da Equipe de Atendimento ao Contribuinte - EAT da Agência da Receita Federal do Brasil em Naviraí (MS), jurisdição da Delegacia da Receita Federal do Brasil em Dourados (MS), Código FG-3.</p><p>Nº 4.710 Dispensar, a partir de 01/01/2018, a Analista-Tributário da Receita Federal do Brasil MARIZETE HORNER DE ALMEIDA CANDIDO, matrícula SiapeCad nº 01812131, da Função Gratificada de Agente da Receita Federal do Brasil em Jardim (MS), jurisdição da Delegacia da Receita Federal do Brasil em Dourados (MS), Código FG-1.</p><p>Nº 4.711 Dispensar, a partir de 01/01/2018, a Assistente Técnico-Administrativo MIYOKO ADRIANA HARADA DE MOURA, matrícula SiapeCad nº 01973324, da Função Gratificada de Chefe da Equipe de Atendimento ao Contribuinte - EAT da Agência da Receita Federal do Brasil em Jardim (MS), jurisdição da Delegacia da Receita Federal do Brasil em Dourados (MS), Código FG-3.</p><p>Nº 4.712 Exonerar, a partir de 01/01/2018,  o Auditor-Fiscal da Receita Federal do Brasil CLOVIS RIBEIRO CINTRA NETO, matrícula SiapeCad nº 00020292, do cargo em comissão de Inspetor-Chefe da Receita Federal do Brasil em Mundo Novo (MS), Código DAS-101.2.</p><p>Nº 4.713 Dispensar, a partir de 01/01/2018, o Auditor-Fiscal da Receita Federal do Brasil THIAGO ANDRE HERING, matrícula SiapeCad nº 01571689, do encargo de Substituto Eventual do Inspetor-Chefe da Receita Federal do Brasil em Mundo Novo (MS), Código DAS-101.2.</p><p>Nº 4.714 Dispensar, a partir de 01/01/2018, o Analista-Tributário da Receita Federal do Brasil NIVALDO MENDES, matrícula SiapeCad nº 00057001, da Função Gratificada de Chefe da Seção de Tecnologia da Informação - Satec da Inspetoria da Receita Federal do Brasil em Mundo Novo (MS), Código FG-1.</p><p>Nº 4.715 Dispensar, a partir de 01/01/2018, a Analista-Tributário da Receita Federal do Brasil PAULINE DATSCH, matrícula SiapeCad nº 01881232, da Função Gratificada de Chefe da Seção de Programação e Logística - Sapol da Inspetoria da Receita Federal do Brasil em Mundo Novo (MS), Código FG-1.</p><p>Nº 4.716 Dispensar, a partir de 01/01/2018, o Auditor-Fiscal da Receita Federal do Brasil JOSE MARCELO PRIOTTO DE OLIVEIRA, matrícula SiapeCad nº 01575093, da Função Gratificada de Chefe da Seção de Arrecadação e Cobrança - Sarac da Inspetoria da Receita Federal do Brasil em Mundo Novo (MS), Código FG-1.</p><p>Nº 4.717 Dispensar, a partir de 01/01/2018, o Auditor-Fiscal da Receita Federal do Brasil MARCOS VINICIUS DIAS, matrícula SiapeCad nº 01811990, da Função Gratificada de Chefe da Seção de Fiscalização Aduaneira - Safia da Inspetoria da Receita Federal do Brasil em Mundo Novo (MS), Código FG-1.</p><p>Nº 4.718 Dispensar, a partir de 01/01/2018, o Auditor-Fiscal da Receita Federal do Brasil THIAGO ANDRE HERING, matrícula SiapeCad nº 01571689, da Função Gratificada de Chefe da Seção de Administração Aduaneira - Saana da Inspetoria da Receita Federal do Brasil em Mundo Novo (MS), Código FG-1.</p><p>Nº 4.719 Dispensar, a partir de 01/01/2018, o Auditor-Fiscal da Receita Federal do Brasil RODRIGO DE ALMEIDA LARA, matrícula SiapeCad nº 01572614, da Função Gratificada de Chefe da Equipe Aduaneira - EAD da Inspetoria da Receita Federal do Brasil em Mundo Novo (MS), Código FG-3.</p><p>Nº 4.720 Exonerar, a partir de 01/01/2018,  o Auditor-Fiscal da Receita Federal do Brasil ZAQUIEL SCHARDONG VETTORELLO, matrícula SiapeCad nº 01401742, do cargo em comissão de Inspetor-Chefe da Receita Federal do Brasil em Corumba (MS), Código DAS-101.2.</p><p>Nº 4.721 Dispensar, a partir de 01/01/2018, o Auditor-Fiscal da Receita Federal do Brasil ERIVELTO MOYSES TORRICO ALENCAR, matrícula SiapeCad nº 02006006, do encargo de Substituto Eventual do Inspetor-Chefe da Receita Federal do Brasil em Corumba (MS), Código DAS-101.2.</p><p>Nº 4.722 Dispensar, a partir de 01/01/2018, a Analista-Tributário da Receita Federal do Brasil MARINA SARTI MURADAS, matrícula SiapeCad nº 01811877, da Função Gratificada de Chefe da Seção de Tecnologia da Informação - Satec da Inspetoria da Receita Federal do Brasil em Corumba (MS), Código FG-1.</p><p>Nº 4.723 Dispensar, a partir de 01/01/2018, a Analista-Tributário da Receita Federal do Brasil SILVANE MARIA DRUMOND AVELINO, matrícula SiapeCad nº 01877894, da Função Gratificada de Chefe da Seção de Programação e Logística - Sapol da Inspetoria da Receita Federal do Brasil em Corumba (MS), Código FG-1.</p><p>Nº 4.724 Dispensar, a partir de 01/01/2018, o Auditor-Fiscal da Receita Federal do Brasil RENATO RODRIGUES TELES DE OLIVEIRA, matrícula SiapeCad nº 02005987, da Função Gratificada de Chefe da Seção de Fiscalização Aduaneira - Safia da Inspetoria da Receita Federal do Brasil em Corumba (MS), Código FG-1.</p><p>Nº 4.725 Dispensar, a partir de 01/01/2018, o Auditor-Fiscal da Receita Federal do Brasil FILIPE ZANGARINE QUADRADO, matrícula SiapeCad nº 01926995, da Função Gratificada de Chefe da Seção de Arrecadação e Cobrança - Sarac da Inspetoria da Receita Federal do Brasil em Corumba (MS), Código FG-1.</p><p>Nº 4.726 Dispensar, a partir de 01/01/2018, o Auditor-Fiscal da Receita Federal do Brasil ERIVELTO MOYSES TORRICO ALENCAR, matrícula SiapeCad nº 02006006, da Função Gratificada de Chefe da Seção de Administração Aduaneira - Saana da Inspetoria da Receita Federal do Brasil em Corumba (MS), Código FG-1.</p><p>Nº 4.727 Dispensar, a partir de 01/01/2018, o Auditor-Fiscal da Receita Federal do Brasil ARTHUR WAMBERTH DOS SANTOS E SILVA, matrícula SiapeCad nº 01811252, da Função Gratificada de Chefe da Equipe Aduaneira - EAD/1 da Inspetoria da Receita Federal do Brasil em Corumba (MS), Código FG-2.</p><p>Nº 4.728 Dispensar, a partir de 01/01/2018, o Auditor-Fiscal da Receita Federal do Brasil MAURICIO PEREIRA GOULART, matrícula SiapeCad nº 00026624, da Função Gratificada de Chefe da Equipe Aduaneira - EAD/2 da Inspetoria da Receita Federal do Brasil em Corumba (MS), Código FG-2.</p><p>Nº 4.729 Exonerar, a partir de 01/01/2018,  o Auditor-Fiscal da Receita Federal do Brasil MARCELO RODRIGUES DE BRITO, matrícula SiapeCad nº 00057063, do cargo em comissão de Inspetor-Chefe da Receita Federal do Brasil em Ponta Pora (MS), Código DAS-101.2.</p><p>Nº 4.730 Dispensar, a partir de 01/01/2018, o Auditor-Fiscal da Receita Federal do Brasil MARCIAL CEZAR MARQUES PINAZO, matrícula SiapeCad nº 01443025, do encargo de Substituto Eventual do Inspetor-Chefe da Receita Federal do Brasil em Ponta Pora (MS), Código DAS-101.2.</p><p>Nº 4.731 Dispensar, a partir de 01/01/2018, o Analista-Tributário da Receita Federal do Brasil GLAUCIO JERONIMO GUERREIRO DA PENHA, matrícula SiapeCad nº 00060299, da Função Gratificada de Chefe da Seção de Tecnologia da Informação - Satec da Inspetoria da Receita Federal do Brasil em Ponta Pora (MS), Código FG-1.</p><p>Nº 4.732 Dispensar, a partir de 01/01/2018, o Analista-Tributário da Receita Federal do Brasil SERGIO FERNANDES DA SILVA, matrícula SiapeCad nº 01293632, da Função Gratificada de Chefe da Seção de Programação e Logística - Sapol da Inspetoria da Receita Federal do Brasil em Ponta Pora (MS), Código FG-1.</p><p>Nº 4.733 Dispensar, a partir de 01/01/2018, o Auditor-Fiscal da Receita Federal do Brasil MARCOS IWAMURA, matrícula SiapeCad nº 01653775, da Função Gratificada de Chefe da Seção de Arrecadação e Cobrança - Sarac da Inspetoria da Receita Federal do Brasil em Ponta Pora (MS), Código FG-1.</p><p>Nº 4.734 Dispensar, a partir de 01/01/2018, o Auditor-Fiscal da Receita Federal do Brasil MARCIAL CEZAR MARQUES PINAZO, matrícula SiapeCad nº 01443025, da Função Gratificada de Chefe da Seção de Fiscalização Aduaneira - Safia da Inspetoria da Receita Federal do Brasil em Ponta Pora (MS), Código FG-1.</p><p>Nº 4.735 Dispensar, a partir de 01/01/2018, o Auditor-Fiscal da Receita Federal do Brasil RICARDO GHENO, matrícula SiapeCad nº 01220948, da Função Gratificada de Chefe da Seção de Administração Aduaneira - Saana da Inspetoria da Receita Federal do Brasil em Ponta Pora (MS), Código FG-1.</p><p>Nº 4.736 Dispensar, a partir de 01/01/2018, o Auditor-Fiscal da Receita Federal do Brasil DANIEL CESAR SALDIVAR BENITES, matrícula SiapeCad nº 01133242, da Função Gratificada de Chefe da Equipe Aduaneira - EAD da Inspetoria da Receita Federal do Brasil em Ponta Pora (MS), Código FG-3.</p><p>Nº 4.737 Dispensar, a partir de 01/01/2018, o Analista-Tributário da Receita Federal do Brasil JOAO MAURICIO PEREIRA DA SILVA, matrícula SiapeCad nº 01172267, da Função Gratificada de Inspetor-Chefe da Receita Federal do Brasil em Bela Vista (MS), jurisdição da Inspetoria da Receita Federal do Brasil em Ponta Pora (MS), Código FG-1.</p><p>Nº 4.738 Dispensar, a partir de 01/01/2018, o Analista-Tributário da Receita Federal do Brasil OSVALDO ANASTACIO, matrícula SiapeCad nº 00004649, da Função Gratificada de Inspetor-Chefe da Receita Federal do Brasil em Porto Murtinho (MS), jurisdição da Inspetoria da Receita Federal do Brasil em Ponta Pora (MS), Código FG-1.</p><p>Nº 4.739 Dispensar, a partir de 01/01/2018, o Analista-Tributário da Receita Federal do Brasil FRANCISCO EUDES DUARTE MAIA, matrícula SiapeCad nº 00091499, da Função Gratificada de Chefe da Seção de Tecnologia da Informação - Satec da Delegacia da Receita Federal do Brasil em Palmas (TO), Código FG-1.</p><p>Nº 4.740 Dispensar, a partir de 01/01/2018, o Auditor-Fiscal da Receita Federal do Brasil ALBERTO CARLOS DE JESUS CARNEIRO, matrícula SiapeCad nº 01302658, da Função Gratificada de Chefe do Núcleo de Administração Aduaneira - Nuana da Delegacia da Receita Federal do Brasil em Palmas (TO), Código FG-3.</p><p>Nº 4.741 Dispensar, a partir de 01/01/2018, a Agente Administrativo MARISTELA DIAS AQUINO, matrícula SiapeCad nº 00011146, da Função Gratificada de Chefe da Equipe de Atendimento ao Contribuinte - EAT/2 da Agência da Receita Federal do Brasil em Araguaina (TO), jurisdição da Delegacia da Receita Federal do Brasil em Palmas (TO), Código FG-2.</p><p>Nº 4.742 Dispensar, a partir de 01/01/2018, a Técnico do Seguro Social REIJANE DE SOUSA REINALDO, matrícula SiapeCad nº 00879148, da Função Gratificada de Chefe da Equipe de Atendimento ao Contribuinte - EAT da Agência da Receita Federal do Brasil em Gurupi (TO), jurisdição da Delegacia da Receita Federal do Brasil em Palmas (TO), Código FG-3.</p><p>Nº 4.743 Dispensar, a partir de 01/01/2018, a Técnico do Seguro Social CLEUMA ELISABETE SANGALETTI GELENSKE, matrícula SiapeCad nº 00879352, da Função Gratificada de Agente da Receita Federal do Brasil em Miracema do Tocantins (TO), jurisdição da Delegacia da Receita Federal do Brasil em Palmas (TO), Código FG-1.</p><p>Nº 4.744 Dispensar, a partir de 01/01/2018, o Assistente Técnico-Administrativo DERICK HENRIQUE BARBOSA DOS SANTOS, matrícula SiapeCad nº 01976279, da Função Gratificada de Chefe da Equipe de Atendimento ao Contribuinte - EAT da Agência da Receita Federal do Brasil em Miracema do Tocantins (TO), jurisdição da Delegacia da Receita Federal do Brasil em Palmas (TO), Código FG-3.</p>]]></Texto>
    <Autores>
      <assina>JORGE ANTONIO DEHER RACHID</assina>
    </Autores>
  </body>
</article></xml>