﻿<xml><article id="960799" name="PORTARIA 706 - NÁDIA MARIA DOS P" idOficio="4619489" pubName="DO2" artType="Portaria" pubDate="02/01/2018" artClass="00037:00027:00001:00000:00000:00000:00000:00000:00000:00000:00025:00003" artSection="Presidência" artCategory="Presidência" artSize="8" artNotes="" numberPage="142" pdfPage="http://pesquisa.in.gov.br/imprensa/jsp/visualiza/index.jsp?data=02/01/2018&amp;jornal=529&amp;pagina=142" editionNumber="1">
  <body>
    <Identifica><![CDATA[PORTARIA Nº 706, DE 13 DE DEZEMBRO DE 2017]]></Identifica>
    <Data><![CDATA[]]></Data>
    <Ementa />
    <Titulo />
    <SubTitulo />
    <Texto><![CDATA[<p> O PRESIDENTE DO TRIBUNAL REGIONAL ELEITORAL DO PARANÁ, usando das atribuições que lhe são conferidas pelo artigo 22, inciso XXIV e XLIV, do Regimento Interno deste Tribunal e considerando o contido no PAD sob nº 15892/2017, resolve:</p><p>I - EXONERAR, a partir da publicação, a servidora NÁDIA MARIA DOS PASSOS, ocupante do cargo de Analista Judiciário, Área de Atividade Judiciária, Classe C, Padrão 13, do Quadro de Pessoal deste Tribunal, do cargo em comissão de Coordenadora de Infraestrutura, CJ-02.</p><p>II - NOMEAR, a partir da mesma data, o servidor MARCELO CHARAN, ocupante do cargo de Técnico Judiciário, Área de Atividade Apoio Especializado - Operação de Computadores, Classe B, Padrão 08, do Quadro de Pessoal deste Tribunal, para exercer o cargo em comissão de Coordenador de Infraestrutura, CJ-02.</p><p>III - EXONERAR, a partir da mesma data, o servidor MAURO DE CAMARGO, ocupante do cargo de Técnico Judiciário, Área de Atividade Administrativa, Classe C, Padrão 13, do Quadro de Pessoal deste Tribunal, do cargo em comissão de Coordenador de Sistemas, CJ-02.</p><p>IV - NOMEAR, a partir da publicação, a servidora DESIREE HERNANDEZ MAUSBACH RICCO, ocupante do cargo de Técnico Judiciário, Área de Atividade Apoio Especializado - Operação de Computadores, Classe C, Padrão 13, do Quadro de Pessoal deste Tribunal, para exercer o cargo em comissão de Coordenadora de Sistemas, CJ-02.</p>]]></Texto>
    <Autores>
      <assina>Des. ADALBERTO JORGE XISTO PEREIRA</assina>
    </Autores>
  </body>
</article></xml>