﻿<xml><article id="1021937" name="856-TAYANA- FC-6" idOficio="4619446" pubName="DO2" artType="Portaria" pubDate="08/01/2018" artClass="00037:00004:00001:00002:00000:00000:00000:00000:00000:00000:00025:00003" artSection="Secretaria" artCategory="Secretaria" artSize="8" artNotes="" numberPage="45" pdfPage="http://pesquisa.in.gov.br/imprensa/jsp/visualiza/index.jsp?data=08/01/2018&amp;jornal=529&amp;pagina=45" editionNumber="5">
  <body>
    <Identifica><![CDATA[PORTARIA Nº 856, DE 19 DE DEZEMBRO DE 2017]]></Identifica>
    <Data><![CDATA[]]></Data>
    <Ementa />
    <Titulo />
    <SubTitulo />
    <Texto><![CDATA[<p> </p><p> A DIRETORA-GERAL DA SECRETARIA DO SUPERIOR TRIBUNAL DE JUSTIÇA, com base no item 16.2, XI, b, do Manual de Organização e no disposto no caput do art. 38 da Lei n. 8.112, de 11 de dezembro de 1990, resolve: </p><p>Art. 1º Designar TAYANA KARIYA DOS SANTOS, matrícula S069919, para substituir o Chefe da Seção de Auditoria e Análise de Provimentos, Aposentadorias e Pensões, código FC-6, da Coordenadoria de Auditoria de Pessoal, da Secretaria de Auditoria Interna, em seus afastamentos e impedimentos legais ou regulamentares e na vacância da função de confiança.</p><p>Art. 2º Revogar a designação de CIBELE BARGAS DE CARVALHO, matrícula S068971, objeto da Portaria STJ/GDG n. 487 de 13 de julho de 2017, publicada no Diário Oficial da União do dia 17 subsequente.</p><p>Art. 3º Esta portaria entra em vigor na data de sua publicação. </p>]]></Texto>
    <Autores>
      <assina>Sulamita Avelino Cardoso Marques</assina>
    </Autores>
  </body>
</article></xml>