﻿<xml><article id="1021940" name="863-SORAYA E EDUARDO - FC-6" idOficio="4619446" pubName="DO2" artType="Portaria" pubDate="08/01/2018" artClass="00037:00004:00001:00002:00000:00000:00000:00000:00000:00000:00025:00008" artSection="Secretaria" artCategory="Secretaria" artSize="8" artNotes="" numberPage="45" pdfPage="http://pesquisa.in.gov.br/imprensa/jsp/visualiza/index.jsp?data=08/01/2018&amp;jornal=529&amp;pagina=45" editionNumber="5">
  <body>
    <Identifica><![CDATA[PORTARIA Nº 863, DE 21 DE DEZEMBRO DE 2017]]></Identifica>
    <Data><![CDATA[]]></Data>
    <Ementa />
    <Titulo />
    <SubTitulo />
    <Texto><![CDATA[<p> A DIRETORA-GERAL DA SECRETARIA DO SUPERIOR TRIBUNAL DE JUSTIÇA, com base no item 16.2, XI, b, do Manual de Organização e no disposto no caput do art. 38 da Lei n. 8.112, de 11 de dezembro de 1990, resolve: </p><p>Art. 1º Designar SORAYA MOREIRA COSTA, matrícula S063554, para substituir o Chefe da Seção de Aprimoramento Jurídico, código FC-6, da Coordenadoria de Desenvolvimento de Pessoas, da Secretaria de Gestão de Pessoas, em seus afastamentos e impedimentos legais ou regulamentares e na vacância da função de confiança.</p><p>Art. 2º Revogar a designação de EDUARDO CAMBUY SARAIVA, matrícula S069897, objeto da Portaria STJ/GDG n. 429 de 22 de junho de 2017, publicada no Diário Oficial da União do dia 27 subsequente.</p><p>Art. 3º Esta portaria entra em vigor na data de sua publicação.</p>]]></Texto>
    <Autores>
      <assina>Sulamita Avelino Cardoso Marques</assina>
    </Autores>
  </body>
</article></xml>