﻿<xml><article id="961357" name="3345" idOficio="4622173" pubName="DO2" artType="Portaria" pubDate="02/01/2018" artClass="00011:00056:00000:00000:00000:00000:00000:00000:00000:00000:00025:00003" artSection="Ministério da Educação" artCategory="Instituto Federal de Educação, Ciência e Tecnologia da Bahia" artSize="8" artNotes="" numberPage="18" pdfPage="http://pesquisa.in.gov.br/imprensa/jsp/visualiza/index.jsp?data=02/01/2018&amp;jornal=529&amp;pagina=18" editionNumber="1">
  <body>
    <Identifica><![CDATA[PORTARIA Nº 3.345, DE 18 DE DEZEMBRO DE 2017]]></Identifica>
    <Data><![CDATA[]]></Data>
    <Ementa />
    <Titulo />
    <SubTitulo />
    <Texto><![CDATA[<p> O REITOR DO INSTITUTO FEDERAL DE EDUCAÇÃO, CIÊNCIA E TECNOLOGIA DA BAHIA, no uso de suas atribuições legais e considerando o teor do processo n 23471.001946/2017-07, resolve:</p><p>Art. 1 - DESIGNAR o servidor AROLDO MOURA BATISTA, SIAPE 1669828, Assistente em administração, para exercer a função de Coordenador de Serviços Auxiliares, FG-03, do Campus Feira de Santana.</p><p>Art. 2 - Esta portaria entra em vigor a partir da data de sua publicação.</p>]]></Texto>
    <Autores>
      <assina>RENATO DA ANUNCIACAO FILHO</assina>
    </Autores>
  </body>
</article></xml>