﻿<xml><article id="1164362" name="D 3501 Designar BERNARDINO MARTI" idOficio="4619496" pubName="DO2" artType="Portaria" pubDate="17/01/2018" artClass="00017:00001:00000:00000:00000:00000:00000:00000:00000:00000:00025:00001" artSection="Ministério da Saúde" artCategory="Gabinete do Ministro" artSize="8" artNotes="Liberada pela SAJ/Casa Civil" numberPage="32" pdfPage="http://pesquisa.in.gov.br/imprensa/jsp/visualiza/index.jsp?data=17/01/2018&amp;jornal=529&amp;pagina=32" editionNumber="12">
  <body>
    <Identifica><![CDATA[PORTARIA Nº 3.501, DE 19 DE DEZEMBRO DE 2017]]></Identifica>
    <Data><![CDATA[]]></Data>
    <Ementa />
    <Titulo />
    <SubTitulo />
    <Texto><![CDATA[<p> O MINISTRO DE ESTADO DA SAÚDE, no uso da competência que lhe foi delegada pelo art. 3º do Decreto nº 8.821, de 26 de julho de 2016, resolve:</p><p>Designar BERNARDINO MARTINS DE AQUINO JUNIOR, para exercer a Função Comissionada do Poder Executivo de Coordenador-Geral de Auditoria, código FCPE-101.4, nº 37.0042, do Departamento Nacional de Auditoria do SUS, da Secretaria de Gestão Estratégica e Participativa, ficando dispensado da que atualmente ocupa.</p>]]></Texto>
    <Autores>
      <assina>RICARDO BARROS</assina>
    </Autores>
  </body>
</article></xml>