﻿<xml><article id="1005668" name="PORT 3403" idOficio="4620910" pubName="DO2" artType="Portaria" pubDate="05/01/2018" artClass="00008:00052:00000:00000:00000:00000:00000:00000:00000:00000:00025:00001" artSection="Ministério da Ciência, Tecnologia, Inovações e Comunicações" artCategory="Instituto Nacional de Pesquisas Espaciais" artSize="8" artNotes="" numberPage="1-6" pdfPage="http://pesquisa.in.gov.br/imprensa/jsp/visualiza/index.jsp?data=05/01/2018&amp;jornal=529&amp;pagina=1,http://pesquisa.in.gov.br/imprensa/jsp/visualiza/index.jsp?data=05/01/2018&amp;jornal=529&amp;pagina=6" editionNumber="4">
  <body>
    <Identifica><![CDATA[PORTARIA Nº 3.403, de 26 de dezembro de 2017]]></Identifica>
    <Data><![CDATA[]]></Data>
    <Ementa />
    <Titulo />
    <SubTitulo />
    <Texto><![CDATA[<p> O Diretor do Instituto Nacional de Pesquisas Espaciais - INPE, no uso de suas atribuições legais, conforme o disposto na Portaria nº 407, de 29/06/2006, e tendo em vista o Memorando nº 7318/2017/SEI-INPE, resolve:</p><p>Art. 1º Conceder aposentadoria a NELSON GOULART DA SILVA, matrícula SIAPE nº 0664777, ocupante do cargo de Técnico 3 III, Classe/Padrão M III, do Quadro de Pessoal Permanente deste Instituto, com fundamento no art. 3º e incisos da Emenda Constitucional nº 47, de 05/07/2005, combinado com o parágrafo 18, do art. 40, da Constituição Federal de 1988, redação dada pela Emenda Constitucional nº 41, de 19/12/2003 (Processo nº 01340.008169/2017-76).</p><p>Art. 2º Esta Portaria entra em vigor na data de sua publicação no Diário Oficial da União - DOU.</p><p> </p>]]></Texto>
    <Autores>
      <assina>Ricardo Magnus Osório Galvão</assina>
    </Autores>
  </body>
</article></xml>