﻿<xml><article id="961381" name="PRFB4957a5070" idOficio="4622210" pubName="DO2" artType="Portaria" pubDate="02/01/2018" artClass="00012:00055:00000:00000:00000:00000:00000:00000:00000:00000:00025:00012" artSection="Ministério da Fazenda" artCategory="Secretaria da Receita Federal do Brasil" artSize="8" artNotes="" numberPage="69-70-71-78" pdfPage="http://pesquisa.in.gov.br/imprensa/jsp/visualiza/index.jsp?data=02/01/2018&amp;jornal=529&amp;pagina=69,http://pesquisa.in.gov.br/imprensa/jsp/visualiza/index.jsp?data=02/01/2018&amp;jornal=529&amp;pagina=70,http://pesquisa.in.gov.br/imprensa/jsp/visualiza/index.jsp?data=02/01/2018&amp;jornal=529&amp;pagina=71,http://pesquisa.in.gov.br/imprensa/jsp/visualiza/index.jsp?data=02/01/2018&amp;jornal=529&amp;pagina=78" editionNumber="1">
  <body>
    <Identifica><![CDATA[PORTARIAS DE 26 DE DEZEMBRO DE 2017]]></Identifica>
    <Data><![CDATA[]]></Data>
    <Ementa />
    <Titulo />
    <SubTitulo />
    <Texto><![CDATA[<p> O SECRETÁRIO DA RECEITA FEDERAL DO BRASIL, no uso das competências que lhe foram delegada e subdelegada, respectivamente, pelas Portarias MF nºs 392 e 393, de 14 de julho de 2009, alteradas pela Portaria MF nº 100, de 28 de março de 2017, resolve:</p><p>Nº 4.957 Designar o Auditor-Fiscal da Receita Federal do Brasil OSVALDO FERREIRA DE CARVALHO FILHO, matrícula SiapeCad nº 00025269, para exercer a Função Gratificada de Chefe da Seção de Planejamento, Avaliação e Controle - Sapav da Superintendência Regional da Receita Federal do Brasil da 3ª Região Fiscal (CE), Código FG-1.</p><p>Nº 4.958 Designar o Auditor-Fiscal da Receita Federal do Brasil VITOR CARLEIAL DE CASIMIRO, matrícula SiapeCad nº 01291534, para exercer a Função Gratificada de Chefe da Seção de Comunicação Institucional - Sacin da Superintendência Regional da Receita Federal do Brasil da 3ª Região Fiscal (CE), Código FG-1.</p><p>Nº 4.959 Designar o Auditor-Fiscal da Receita Federal do Brasil JOAO FRANCA DE ALENCAR FACUNDO, matrícula SiapeCad nº 00012379, para exercer a Função Comissionada do Poder Executivo de Chefe do Serviço de Fiscalização dos Maiores Contribuintes - Sefim da Superintendência Regional da Receita Federal do Brasil da 3ª Região Fiscal (CE), Código FCPE-101.1.</p><p>Nº 4.960 Designar o Auditor-Fiscal da Receita Federal do Brasil ONOFRE FERNANDES DE MOISES JUNIOR, matrícula SiapeCad nº 00880759, para exercer a Função Comissionada do Poder Executivo de Chefe do Serviço Regional de Programação, Avaliação e Controle da Atividade Fiscal - Sepac da Superintendência Regional da Receita Federal do Brasil da 3ª Região Fiscal (CE), Código FCPE-101.1.</p><p>Nº 4.961 Designar o Auditor-Fiscal da Receita Federal do Brasil GERALDO ANTONIO FREDERICO, matrícula SiapeCad nº 00064026, para exercer a Função Comissionada do Poder Executivo de Chefe da Divisão de Vigilância e Repressão ao Contrabando e Descaminho - Direp da Superintendência Regional da Receita Federal do Brasil da 3ª Região Fiscal (CE), Código FCPE-101.2.</p><p>Nº 4.962 Designar o Auditor-Fiscal da Receita Federal do Brasil ROMULO TAVARES DE ALMEIDA, matrícula SiapeCad nº 00025908, para exercer o encargo de Substituto Eventual do Chefe da Divisão de Vigilância e Repressão ao Contrabando e Descaminho - Direp da Superintendência Regional da Receita Federal do Brasil da 3ª Região Fiscal (CE), Código FCPE-101.2.</p><p>Nº 4.963 Designar o Auditor-Fiscal da Receita Federal do Brasil MANOEL SULIANO MOREIRA DA COSTA LIMA, matrícula SiapeCad nº 00064109, para exercer a Função Gratificada de Chefe da Seção de Operações de Vigilância e Repressão ao Contrabando e Descaminho - Saope da Superintendência Regional da Receita Federal do Brasil da 3ª Região Fiscal (CE), Código FG-1.</p><p>Nº 4.964 Designar a Analista-Tributário da Receita Federal do Brasil BEATRIZ MEIRELES DE SOUSA LIMA, matrícula SiapeCad nº 01572607, para exercer a Função Comissionada do Poder Executivo de Chefe do Serviço de Programação e Logística - Sepol da Superintendência Regional da Receita Federal do Brasil da 3ª Região Fiscal (CE), Código FCPE-101.1.</p><p>Nº 4.965 Designar o Analista-Tributário da Receita Federal do Brasil FLAVIO FERNANDO DE LIMA NERI, matrícula SiapeCad nº 01135983, para exercer o encargo de Substituto Eventual do Chefe do Serviço de Programação e Logística - Sepol da Superintendência Regional da Receita Federal do Brasil da 3ª Região Fiscal (CE), Código FCPE-101.1.</p><p>Nº 4.966 Designar o Analista-Tributário da Receita Federal do Brasil FLAVIO FERNANDO DE LIMA NERI, matrícula SiapeCad nº 01135983, para exercer a Função Gratificada de Chefe da Seção de Licitações - Salic da Superintendência Regional da Receita Federal do Brasil da 3ª Região Fiscal (CE), Código FG-1.</p><p>Nº 4.967 Designar o Assistente Técnico-Administrativo IVSON PORDEUS GOMES, matrícula SiapeCad nº 01489370, para exercer a Função Gratificada de Chefe da Seção de Contratos - Sacon da Superintendência Regional da Receita Federal do Brasil da 3ª Região Fiscal (CE), Código FG-1.</p><p>Nº 4.968 Designar o Analista-Tributário da Receita Federal do Brasil VICTOR HOLANDA DE MIRANDA, matrícula SiapeCad nº 01293235, para exercer a Função Gratificada de Chefe da Seção de Orçamento e Finanças - Saofi da Superintendência Regional da Receita Federal do Brasil da 3ª Região Fiscal (CE), Código FG-1.</p><p>Nº 4.969 Designar o Técnico em Contabilidade ERALDO CAETANO SA, matrícula SiapeCad nº 00062834, para exercer a Função Gratificada de Chefe do Núcleo de Contabilidade - Nutab da Superintendência Regional da Receita Federal do Brasil da 3ª Região Fiscal (CE), Código FG-3.</p><p>Nº 4.970 Designar o Agente Administrativo ALEXANDRE SAMPAIO BORGES, matrícula SiapeCad nº 00057896, para exercer a Função Comissionada do Poder Executivo de Chefe do Serviço de Mercadorias Apreendidas - Semap da Superintendência Regional da Receita Federal do Brasil da 3ª Região Fiscal (CE), Código FCPE-101.1.</p><p>Nº 4.971 Designar o Contador JOAQUIM RODRIGUES MAGALHAES SOBRINHO, matrícula SiapeCad nº 00025341, para exercer o encargo de Substituto Eventual do Chefe do Serviço de Mercadorias Apreendidas - Semap da Superintendência Regional da Receita Federal do Brasil da 3ª Região Fiscal (CE), Código FCPE-101.1.</p><p>Nº 4.972 Designar o Técnico de Nível Médio FREDERICO JORGE GROSSI CAVALCANTE, matrícula SiapeCad nº 00072186, para exercer a Função Gratificada de Chefe do Núcleo de Patrimônio - Nupat da Superintendência Regional da Receita Federal do Brasil da 3ª Região Fiscal (CE), Código FG-3.</p><p>Nº 4.973 Designar o Analista-Tributário da Receita Federal do Brasil VICTOR MOREIRA DE GURJAO, matrícula SiapeCad nº 01305069, para exercer a Função Comissionada do Poder Executivo de Chefe da Divisão de Tecnologia e Segurança da Informação - Ditec da Superintendência Regional da Receita Federal do Brasil da 3ª Região Fiscal (CE), Código FCPE-101.2.</p><p>Nº 4.974 Designar o Analista-Tributário da Receita Federal do Brasil JORGE LIMA PIRES, matrícula SiapeCad nº 01134092, para exercer o encargo de Substituto Eventual do Chefe da Divisão de Tecnologia e Segurança da Informação - Ditec da Superintendência Regional da Receita Federal do Brasil da 3ª Região Fiscal (CE), Código FCPE-101.2.</p><p>Nº 4.975 Designar o Analista-Tributário da Receita Federal do Brasil JORGE LIMA PIRES, matrícula SiapeCad nº 01134092, para exercer a Função Comissionada do Poder Executivo de Chefe do Serviço de Tecnologia e Segurança da Informação - Setec da Superintendência Regional da Receita Federal do Brasil da 3ª Região Fiscal (CE), Código FCPE-101.1.</p><p>Nº 4.976 Designar o Assistente Técnico-Administrativo ROMULO PRADO PINHEIRO, matrícula SiapeCad nº 01975282, para exercer o encargo de Substituto Eventual do Chefe do Serviço de Tecnologia e Segurança da Informação - Setec da Superintendência Regional da Receita Federal do Brasil da 3ª Região Fiscal (CE), Código FCPE-101.1.</p><p>Nº 4.977 Designar a Analista-Tributário da Receita Federal do Brasil ANA ARIADNE CUNTO DE OLIVEIRA, matrícula SiapeCad nº 01293929, para exercer a Função Gratificada de Chefe da Seção de Gestão de Serviços - Sages da Superintendência Regional da Receita Federal do Brasil da 3ª Região Fiscal (CE), Código FG-1.</p><p>Nº 4.978 Designar o Analista-Tributário da Receita Federal do Brasil ANGELO JOSE GONCALVES CHAVES, matrícula SiapeCad nº 00011842, para exercer a Função Gratificada de Chefe da Seção de Gestão Regional do Ambiente Informatizado - Sainf da Superintendência Regional da Receita Federal do Brasil da 3ª Região Fiscal (CE), Código FG-1.</p><p>Nº 4.979 Designar o Analista-Tributário da Receita Federal do Brasil GUILHERME MESQUITA CHAVES, matrícula SiapeCad nº 00015846, para exercer a Função Gratificada de Chefe da Seção de Gestão Regional de Segurança da Informação - Saseg da Superintendência Regional da Receita Federal do Brasil da 3ª Região Fiscal (CE), Código FG-1.</p><p>Nº 4.980 Designar o Analista-Tributário da Receita Federal do Brasil ALCIBIADES JONSON BARBOSA, matrícula SiapeCad nº 00065722, para exercer a Função Gratificada de Chefe da Seção de Cadastramento Regional - Sacti da Superintendência Regional da Receita Federal do Brasil da 3ª Região Fiscal (CE), Código FG-1.</p><p>Nº 4.981 Designar a Agente Administrativo ARIANA TORQUATO ROCHA CRUZ, matrícula SiapeCad nº 00009727, para exercer a Função Comissionada do Poder Executivo de Chefe do Serviço de Gestão de Pessoas - Segep da Superintendência Regional da Receita Federal do Brasil da 3ª Região Fiscal (CE), Código FCPE-101.1.</p><p>Nº 4.982 Designar a Assistente Social ANGELA MARIA DE GURGEL CARACAS FROTA CALDAS, matrícula SiapeCad nº 00063545, para exercer o encargo de Substituto Eventual do Chefe do Serviço de Gestão de Pessoas - Segep da Superintendência Regional da Receita Federal do Brasil da 3ª Região Fiscal (CE), Código FCPE-101.1.</p><p>Nº 4.983 Designar o Analista-Tributário da Receita Federal do Brasil RINALDO MAGALHAES FONTENELE, matrícula SiapeCad nº 00057269, para exercer a Função Gratificada de Chefe da Seção de Pagamento de Pessoal - Sapag da Superintendência Regional da Receita Federal do Brasil da 3ª Região Fiscal (CE), Código FG-1.</p><p>Nº 4.984 Designar a Analista-Tributário da Receita Federal do Brasil ELISE ALCANTARA ALVES FERREIRA, matrícula SiapeCad nº 01572961, para exercer a Função Gratificada de Chefe do Núcleo de Valorização e Qualidade de Vida no Trabalho - Nuvaq da Superintendência Regional da Receita Federal do Brasil da 3ª Região Fiscal (CE), Código FG-3.</p><p>Nº 4.985 Designar o Assistente Técnico-Administrativo DIEGO LEAL GONCALVES, matrícula SiapeCad nº 01589612, para exercer a Função Gratificada de Chefe da Seção de Legislação de Pessoal - Salep da Superintendência Regional da Receita Federal do Brasil da 3ª Região Fiscal (CE), Código FG-1.</p><p>Nº 4.986 Designar o Auditor-Fiscal da Receita Federal do Brasil PAULO EDUARDO NUNES VERCOSA, matrícula SiapeCad nº 01571035, para exercer a Função Gratificada de Chefe da Equipe de Programação, Avaliação e Controle da Atividade Fiscal 1 - Eqpac1 da Superintendência Regional da Receita Federal do Brasil da 3ª Região Fiscal (CE), Código FG-1.</p><p>Nº 4.987 Designar o Auditor-Fiscal da Receita Federal do Brasil JONATHAN MACHADO DE CASTRO JUNIOR, matrícula SiapeCad nº 01131652, para exercer a Função Gratificada de Chefe da Equipe de Programação, Avaliação e Controle da Atividade Fiscal 2 - Eqpac2 da Superintendência Regional da Receita Federal do Brasil da 3ª Região Fiscal (CE), Código FG-1.</p><p>Nº 4.988 Designar o Auditor-Fiscal da Receita Federal do Brasil DANIEL BEZERRA DOS SANTOS, matrícula SiapeCad nº 00016048, para exercer a Função Gratificada de Chefe da Equipe Aduaneira 1 - EAD1 da Superintendência Regional da Receita Federal do Brasil da 3ª Região Fiscal (CE), Código FG-1.</p><p>Nº 4.989 Designar o Auditor-Fiscal da Receita Federal do Brasil ROMULO TAVARES DE ALMEIDA, matrícula SiapeCad nº 00025908, para exercer a Função Gratificada de Chefe da Equipe de Vigilância e Repressão 1 - EVR1 da Superintendência Regional da Receita Federal do Brasil da 3ª Região Fiscal (CE), Código FG-1.</p><p>Nº 4.990 Designar o Economista HERMES MONTEIRO NETO, matrícula SiapeCad nº 00068108, para exercer a Função Gratificada de Chefe da Equipe de Gestão Corporativa 1 - EGC1 da Superintendência Regional da Receita Federal do Brasil da 3ª Região Fiscal (CE), Código FG-3.</p><p>Nº 4.991 Designar o Auditor-Fiscal da Receita Federal do Brasil JOSE VITORIANO ANTUNES, matrícula SiapeCad nº 00021769, para exercer a Função Gratificada de Assistente da Superintendência Regional da Receita Federal do Brasil da 3ª Região Fiscal (CE), Código FG-2.</p><p>Nº 4.992 Designar o Analista-Tributário da Receita Federal do Brasil ASTROGILDO ELIANO PINTO JUNIOR, matrícula SiapeCad nº 00016674, para exercer a Função Comissionada do Poder Executivo de Chefe do Centro de Atendimento ao Contribuinte - CAC da Delegacia da Receita Federal do Brasil em Fortaleza (CE), Código FCPE-101.1.</p><p>Nº 4.993 Designar o Analista-Tributário da Receita Federal do Brasil TEOBALDO NASCIMENTO SILVA, matrícula SiapeCad nº 00018443, para exercer o encargo de Substituto Eventual do Chefe do Centro de Atendimento ao Contribuinte - CAC da Delegacia da Receita Federal do Brasil em Fortaleza (CE), Código FCPE-101.1.</p><p>Nº 4.994 Designar o Auditor-Fiscal da Receita Federal do Brasil PAULO SALES SERAFIM, matrícula SiapeCad nº 00718755, para exercer a Função Gratificada de Chefe da Equipe de Arrecadação e Cobrança - EAC/2 da Delegacia da Receita Federal do Brasil em Fortaleza (CE), Código FG-1.</p><p>Nº 4.995 Designar a Agente Administrativo SONIA MARIA CAVALCANTE DA SILVEIRA, matrícula SiapeCad nº 00010033, para exercer a Função Gratificada de Chefe da Equipe de Atendimento ao Contribuinte - EAT/1 da Delegacia da Receita Federal do Brasil em Fortaleza (CE), Código FG-3.</p><p>Nº 4.996 Designar o Analista-Tributário da Receita Federal do Brasil TEOBALDO NASCIMENTO SILVA, matrícula SiapeCad nº 00018443, para exercer a Função Gratificada de Chefe da Equipe de Atendimento ao Contribuinte - EAT/3 da Delegacia da Receita Federal do Brasil em Fortaleza (CE), Código FG-1.</p><p>Nº 4.997 Designar o Assistente Técnico-Administrativo DELCY PEREIRA CARVALHO FILHO, matrícula SiapeCad nº 01489684, para exercer a Função Gratificada de Chefe da Equipe de Atendimento ao Contribuinte - EAT/4 da Delegacia da Receita Federal do Brasil em Fortaleza (CE), Código FG-1.</p><p>Nº 4.998 Designar o Auditor-Fiscal da Receita Federal do Brasil FRANCISCO HILTON DE QUEIROZ MOREIRA, matrícula SiapeCad nº 00023105, para exercer a Função Gratificada de Chefe da Equipe de Fiscalização 7 - EFI7 da Delegacia da Receita Federal do Brasil em Fortaleza (CE), Código FG-1.</p><p>Nº 4.999 Designar o Analista-Tributário da Receita Federal do Brasil EDUARDO AMAZONAS DE LACERDA CARVALHO, matrícula SiapeCad nº 01292580, para exercer a Função Gratificada de Chefe da Equipe de Atendimento ao Contribuinte - EAT/6 da Delegacia da Receita Federal do Brasil em Fortaleza (CE), Código FG-1.</p><p>Nº 5.000 Designar o Auditor-Fiscal da Receita Federal do Brasil ERNESTO SILVA NOBRE, matrícula SiapeCad nº 00032192, para exercer a Função Gratificada de Chefe da Equipe de Fiscalização 8 - EFI8 da Delegacia da Receita Federal do Brasil em Fortaleza (CE), Código FG-1.</p><p>Nº 5.001 Designar o Auditor-Fiscal da Receita Federal do Brasil FRANCISCO RONALDO LUNA ALENCAR, matrícula SiapeCad nº 00087925, para exercer a Função Gratificada de Chefe da Equipe de Fiscaliação 9 - EFI9 da Delegacia da Receita Federal do Brasil em Fortaleza (CE), Código FG-1.</p><p>Nº 5.002 Designar o Agente de Portaria ROSENILDO RODRIGUES SILVA, matrícula SiapeCad nº 00008241, para exercer a Função Gratificada de Chefe da Equipe de Logística 1 - ELG1 da Delegacia da Receita Federal do Brasil em Fortaleza (CE), Código FG-3.</p><p>Nº 5.003 Designar a Administrador MARIA DOLORES FILGUEIRA PIANCO, matrícula SiapeCad nº 00077411, para exercer a Função Gratificada de Chefe da Equipe de Gestão de Pessoas 1 - EGP1 da Delegacia da Receita Federal do Brasil em Fortaleza (CE), Código FG-3.</p><p>Nº 5.004 Designar a Técnico do Seguro Social LUCIA DE JESUS COSTA DA SILVA, matrícula SiapeCad nº 00848065, para exercer a Função Gratificada de Chefe de Posto de Atendimento em Aracati (CE), jurisdição da Delegacia da Receita Federal do Brasil em Fortaleza (CE), Código FG-3.</p><p>Nº 5.005 Designar o Analista-Tributário da Receita Federal do Brasil ALTAIR MESQUITA DE FREITAS, matrícula SiapeCad nº 01132028, para exercer a Função Gratificada de Agente da Receita Federal do Brasil em Itapipoca (CE), jurisdição da Delegacia da Receita Federal do Brasil em Fortaleza (CE), Código FG-3.</p><p>Nº 5.006 Designar o Analista-Tributário da Receita Federal do Brasil CASSIO BARROS DA SILVA, matrícula SiapeCad nº 01653658, para exercer a Função Gratificada de Agente da Receita Federal do Brasil em Quixada (CE), jurisdição da Delegacia da Receita Federal do Brasil em Fortaleza (CE), Código FG-1.</p><p>Nº 5.007 Designar o Analista-Tributário da Receita Federal do Brasil JOAO BATISTA PEREIRA NOBRE, matrícula SiapeCad nº 00007672, para exercer a Função Gratificada de Agente da Receita Federal do Brasil em Russas (CE), jurisdição da Delegacia da Receita Federal do Brasil em Fortaleza (CE), Código FG-3.</p><p>Nº 5.008 Designar o Analista-Tributário da Receita Federal do Brasil PAULO ROBERTO DE MEDEIROS FREIRE, matrícula SiapeCad nº 00376284, para exercer a Função Gratificada de Agente da Receita Federal do Brasil em Horizonte (CE), jurisdição da Delegacia da Receita Federal do Brasil em Fortaleza (CE), Código FG-3.</p><p>Nº 5.009 Designar a Analista-Tributário da Receita Federal do Brasil AIRLES FALCAO LOSSIO CARVALHO, matrícula SiapeCad nº 01293476, para exercer a Função Gratificada de Chefe da Seção de Gestão Corporativa - Sacor da Delegacia da Receita Federal do Brasil em Juazeiro do Norte (CE), Código FG-1.</p><p>Nº 5.010 Designar o Assistente Técnico-Administrativo BRUNO FRANCA SOBREIRA, matrícula SiapeCad nº 01588437, para exercer a Função Gratificada de Chefe de Posto de Atendimento em Crato (CE), jurisdição da Delegacia da Receita Federal do Brasil em Juazeiro do Norte (CE), Código FG-3.</p><p>Nº 5.011 Designar o Agente Administrativo FLAMARION RIBEIRO DA SILVA, matrícula SiapeCad nº 00010506, para exercer a Função Gratificada de Chefe da Seção de Gestão Corporativa - Sacor da Delegacia da Receita Federal do Brasil em Sobral (CE), Código FG-1.</p><p>Nº 5.012 Designar a Assistente Técnico-Administrativo MARINES DALLEDONE RIBEIRO, matrícula SiapeCad nº 01975388, para exercer a Função Gratificada de Chefe de Posto de Atendimento em Tianguá (CE), jurisdição da Delegacia da Receita Federal do Brasil em Sobral (CE), Código FG-3.</p><p>Nº 5.013 Nomear o Auditor-Fiscal da Receita Federal do Brasil FREDERICO EMMANOEL SALES VASCONCELLOS, matrícula SiapeCad nº 00063986, para exercer o cargo em comissão de Delegado da Alfândega da Receita Federal do Brasil em Fortaleza (CE), Código DAS-101.2.</p><p>Nº 5.014 Designar o Auditor-Fiscal da Receita Federal do Brasil RICARDO LEITE RODRIGUES, matrícula SiapeCad nº 00003067, para exercer o encargo de Substituto Eventual do Delegado da Alfândega da Receita Federal do Brasil em Fortaleza (CE), Código DAS-101.2.</p><p>Nº 5.015 Designar o Auditor-Fiscal da Receita Federal do Brasil RICARDO LEITE RODRIGUES, matrícula SiapeCad nº 00003067, para exercer a Função Comissionada do Poder Executivo de Delegado Adjunto da Alfândega da Receita Federal do Brasil em Fortaleza (CE), Código FCPE-101.1.</p><p>Nº 5.016 Designar o Auditor-Fiscal da Receita Federal do Brasil AUGUSTO OLIVEIRA DA SILVA NETO, matrícula SiapeCad nº 00019644, para exercer a Função Gratificada de Chefe da Seção de Assessoramento Técnico Aduaneiro - Saata da Alfândega da Receita Federal do Brasil em Fortaleza (CE), Código FG-1.</p><p>Nº 5.017 Designar o Auditor-Fiscal da Receita Federal do Brasil ALEXANDRE GONDIM DE OLIVEIRA LIMA, matrícula SiapeCad nº 01220629, para exercer a Função Comissionada do Poder Executivo de Chefe do Serviço de Despacho Aduaneiro - Sedad da Alfândega da Receita Federal do Brasil em Fortaleza (CE), Código FCPE-101.1.</p><p>Nº 5.018 Designar o Auditor-Fiscal da Receita Federal do Brasil LUIS ANTONIO BARROS DA SILVA, matrícula SiapeCad nº 00076215, para exercer o encargo de Substituto Eventual do Chefe do Serviço de Despacho Aduaneiro - Sedad da Alfândega da Receita Federal do Brasil em Fortaleza (CE), Código FCPE-101.1.</p><p>Nº 5.019 Designar o Auditor-Fiscal da Receita Federal do Brasil MAURICIO VIDAL MENDES, matrícula SiapeCad nº 01131348, para exercer a Função Gratificada de Chefe da Seção de Controle Aduaneiro Pós Despacho - Sacap da Alfândega da Receita Federal do Brasil em Fortaleza (CE), Código FG-1.</p><p>Nº 5.020 Designar o Auditor-Fiscal da Receita Federal do Brasil PEDRO FERNANDO BEZERRA DE CARVALHO, matrícula SiapeCad nº 00064231, para exercer a Função Gratificada de Chefe da Seção de Vigilância Aduaneira - Savig da Alfândega da Receita Federal do Brasil em Fortaleza (CE), Código FG-1.</p><p>Nº 5.021 Designar o Auditor-Fiscal da Receita Federal do Brasil FERNANDO LUIZ DE SOUZA RIBEIRO, matrícula SiapeCad nº 01294775, para exercer a Função Gratificada de Chefe da Seção de Gestão de Riscos Aduaneiros - Sarad da Alfândega da Receita Federal do Brasil em Fortaleza (CE), Código FG-1.</p><p>Nº 5.022 Designar o Analista-Tributário da Receita Federal do Brasil JOAO BATISTA RODRIGUES E SILVA, matrícula SiapeCad nº 01132243, para exercer a Função Gratificada de Chefe do Centro de Atendimento ao Contribuinte - CAC da Alfândega da Receita Federal do Brasil em Fortaleza (CE), Código FG-1.</p><p>Nº 5.023 Designar o Auditor-Fiscal da Receita Federal do Brasil JOSE DE JESUS FERREIRA, matrícula SiapeCad nº 00024419, para exercer a Função Gratificada de Chefe da Equipe Aduaneira 1 - EAD1 da Alfândega da Receita Federal do Brasil em Fortaleza (CE), Código FG-1.</p><p>Nº 5.024 Designar o Auditor-Fiscal da Receita Federal do Brasil GIL BARROSO SILVA, matrícula SiapeCad nº 00064127, para exercer a Função Gratificada de Chefe da Equipe Aduaneira 2 - EAD2 da Alfândega da Receita Federal do Brasil em Fortaleza (CE), Código FG-2.</p><p>Nº 5.025 Designar o Auditor-Fiscal da Receita Federal do Brasil EDMILSON BERNARDINO SOUZA, matrícula SiapeCad nº 00008396, para exercer a Função Gratificada de Chefe da Equipe Aduaneira 3 - EAD3 da Alfândega da Receita Federal do Brasil em Fortaleza (CE), Código FG-2.</p><p>Nº 5.026 Designar o Analista-Tributário da Receita Federal do Brasil JOSE VALDECI DE ALMEIDA FILHO, matrícula SiapeCad nº 00014249, para exercer a Função Gratificada de Chefe da Equipe de Vigilância e Repressão 1 - EVR1 da Alfândega da Receita Federal do Brasil em Fortaleza (CE), Código FG-3.</p><p>Nº 5.027 Designar o Analista-Tributário da Receita Federal do Brasil FRANCISCO CARNEIRO DE HOLANDA NETO, matrícula SiapeCad nº 01215125, para exercer a Função Gratificada de Chefe da Equipe de Logística 1 - ELG1 da Alfândega da Receita Federal do Brasil em Fortaleza (CE), Código FG-1.</p><p>Nº 5.028 Designar o Analista-Tributário da Receita Federal do Brasil HILTON VIEIRA PERDIGAO, matrícula SiapeCad nº 00007562, para exercer a Função Gratificada de Chefe da Equipe de Tecnologia e Segurança da Informação 1 - ETI1 da Alfândega da Receita Federal do Brasil em Fortaleza (CE), Código FG-1.</p><p>Nº 5.029 Designar a Agente Administrativo SIMONE FERREIRA DE MORAES, matrícula SiapeCad nº 00012331, para exercer a Função Gratificada de Chefe da Equipe de Gestão de Pessoas 1 - EGP1 da Alfândega da Receita Federal do Brasil em Fortaleza (CE), Código FG-1.</p><p>Nº 5.030 Designar o Auditor-Fiscal da Receita Federal do Brasil CARLOS WILSON AZEVEDO ALBUQUERQUE, matrícula SiapeCad nº 00671821, para exercer a Função Comissionada do Poder Executivo de Inspetor-Chefe da Receita Federal do Brasil em Aeroporto Internacional Pinto Martins (CE), jurisdição da Alfândega da Receita Federal do Brasil em Fortaleza (CE), Código FCPE-101.1.</p><p>Nº 5.031 Designar o Auditor-Fiscal da Receita Federal do Brasil PAULO ANTONIO MENDES JANO, matrícula SiapeCad nº 00072892, para exercer o encargo de Substituto Eventual do Inspetor-Chefe da Receita Federal do Brasil em Aeroporto Internacional Pinto Martins (CE), jurisdição da Alfândega da Receita Federal do Brasil em Fortaleza (CE), Código FCPE-101.1.</p><p>Nº 5.032 Designar o Auditor-Fiscal da Receita Federal do Brasil PAULO ANTONIO MENDES JANO, matrícula SiapeCad nº 00072892, para exercer a Função Gratificada de Chefe da Seção de Administração Aduaneira - Saana da Inspetoria da Receita Federal do Brasil no Aeroporto Internacional Pinto Martins (CE), jurisdição da Alfândega da Receita Federal do Brasil em Fortaleza (CE), Código FG-1.</p><p>Nº 5.033 Designar o Analista-Tributário da Receita Federal do Brasil MARCOS CARNEIRO CAVALCANTI, matrícula SiapeCad nº 00087912, para exercer a Função Gratificada de Chefe da Seção de Vigilância Aduaneira - Savig da Inspetoria da Receita Federal do Brasil no Aeroporto Internacional Pinto Martins (CE), jurisdição da Alfândega da Receita Federal do Brasil em Fortaleza (CE), Código FG-1.</p><p>Nº 5.034 Designar o Auditor-Fiscal da Receita Federal do Brasil FERNANDO FIGUEIREDO GURGEL FILHO, matrícula SiapeCad nº 00009338, para exercer a Função Gratificada de Chefe da Equipe Aduaneira 1 - EAD1 da Inspetoria da Receita Federal do Brasil no Aeroporto Internacional Pinto Martins (CE), jurisdição da Alfândega da Receita Federal do Brasil em Fortaleza (CE), Código FG-2.</p><p>Nº 5.035 Designar o Analista-Tributário da Receita Federal do Brasil JOSE VALDECY GOMES PEIXOTO, matrícula SiapeCad nº 00013437, para exercer a Função Gratificada de Chefe da Equipe de Vigilância e Repressão 1 - EVR1 da Inspetoria da Receita Federal do Brasil no Aeroporto Internacional Pinto Martins (CE), jurisdição da Alfândega da Receita Federal do Brasil em Fortaleza (CE), Código FG-2.</p><p>Nº 5.036 Designar o Analista-Tributário da Receita Federal do Brasil JOAO BATISTA DE MENDONCA FILHO, matrícula SiapeCad nº 00009995, para exercer a Função Gratificada de Chefe da Equipe de Gestão Corporativa 1 - EGC1 da Inspetoria da Receita Federal do Brasil no Aeroporto Internacional Pinto Martins (CE), jurisdição da Alfândega da Receita Federal do Brasil em Fortaleza (CE), Código FG-2.</p><p>Nº 5.037 Designar o Auditor-Fiscal da Receita Federal do Brasil JOAO DOMICIO PINTO CAVALCANTE, matrícula SiapeCad nº 01569144, para exercer a Função Comissionada do Poder Executivo de Inspetor-Chefe da Receita Federal do Brasil em Porto de Pecém (CE), jurisdição da Alfândega da Receita Federal do Brasil em Fortaleza (CE), Código FCPE-101.1.</p><p>Nº 5.038 Designar o Auditor-Fiscal da Receita Federal do Brasil EDSON NOGUEIRA DE MORAES, matrícula SiapeCad nº 01571389, para exercer o encargo de Substituto Eventual do Inspetor-Chefe da Receita Federal do Brasil em Porto de Pecém (CE), jurisdição da Alfândega da Receita Federal do Brasil em Fortaleza (CE), Código FCPE-101.1.</p><p>Nº 5.039 Designar o Auditor-Fiscal da Receita Federal do Brasil EDSON NOGUEIRA DE MORAES, matrícula SiapeCad nº 01571389, para exercer a Função Gratificada de Chefe da Seção de Administração Aduaneira - Saana da Inspetoria da Receita Federal do Brasil no Porto de Pecém (CE), jurisdição da Alfândega da Receita Federal do Brasil em Fortaleza (CE), Código FG-1.</p><p>Nº 5.040 Designar o Auditor-Fiscal da Receita Federal do Brasil DURVAL AIRES MATOS JUNIOR, matrícula SiapeCad nº 00881129, para exercer a Função Gratificada de Chefe da Equipe Aduaneira 1 - EAD1 da Inspetoria da Receita Federal do Brasil no Porto de Pecém (CE), jurisdição da Alfândega da Receita Federal do Brasil em Fortaleza (CE), Código FG-2.</p><p>Nº 5.041 Designar o Analista-Tributário da Receita Federal do Brasil MARCOS ANTONIO AGUIAR LOPES, matrícula SiapeCad nº 00008028, para exercer a Função Gratificada de Chefe da Equipe de Vigilância e Repressão 1 - EVR1 da Inspetoria da Receita Federal do Brasil no Porto de Pecém (CE), jurisdição da Alfândega da Receita Federal do Brasil em Fortaleza (CE), Código FG-2.</p><p>Nº 5.042 Designar o Assistente Técnico-Administrativo TIAGO CUNHA BASTOS, matrícula SiapeCad nº 01591360, para exercer a Função Gratificada de Chefe da Equipe de Gestão Corporativa 1 - EGC1 da Inspetoria da Receita Federal do Brasil no Porto de Pecém (CE), jurisdição da Alfândega da Receita Federal do Brasil em Fortaleza (CE), Código FG-2.</p><p>Nº 5.043 Designar o Analista-Tributário da Receita Federal do Brasil NELIO PEREIRA DA SILVA, matrícula SiapeCad nº 00005566, para exercer a Função Gratificada de Chefe da Seção de Gestão Corporativa - Sacor da Delegacia da Receita Federal do Brasil em Sao Luis (MA), Código FG-1.</p><p>Nº 5.044 Designar o Administrador PEDRO MARIZE FILHO, matrícula SiapeCad nº 00025504, para exercer a Função Gratificada de Chefe do Núcleo de Programação e Logística - Nupol da Delegacia da Receita Federal do Brasil em Sao Luis (MA), Código FG-3.</p><p>Nº 5.045 Designar a Analista-Tributário da Receita Federal do Brasil SILVIA CRISTINA DA SILVA COSTA, matrícula SiapeCad nº 00009058, para exercer a Função Gratificada de Chefe do Núcleo de Tecnologia e Segurança da Informação - Nutec da Delegacia da Receita Federal do Brasil em Sao Luis (MA), Código FG-3.</p><p>Nº 5.046 Designar o Agente Administrativo ALGACYR RODRIGUES MOTA, matrícula SiapeCad nº 00008719, para exercer a Função Gratificada de Chefe do Núcleo de Gestão de Pessoas - Nugep da Delegacia da Receita Federal do Brasil em Sao Luis (MA), Código FG-3.</p><p>Nº 5.047 Designar a Agente Administrativo DALVA DE JESUS NASCIMENTO NOGUEIRA, matrícula SiapeCad nº 00004481, para exercer a Função Gratificada de Chefe da Equipe de Gestão Corporativa 1 - EGC1 da Delegacia da Receita Federal do Brasil em Sao Luis (MA), Código FG-3.</p><p>Nº 5.048 Designar o Assistente Técnico-Administrativo DANILO RIOTINTO DE OLIVEIRA, matrícula SiapeCad nº 02005490, para exercer a Função Gratificada de Chefe da Equipe de Pagamento 1 - EPG1 da Delegacia da Receita Federal do Brasil em Sao Luis (MA), Código FG-3.</p><p>Nº 5.049 Designar o Analista-Tributário da Receita Federal do Brasil JOSE WASHINGTON MARQUES FABRICIO, matrícula SiapeCad nº 00005926, para exercer a Função Gratificada de Agente da Receita Federal do Brasil em Bacabal (MA), jurisdição da Delegacia da Receita Federal do Brasil em Sao Luis (MA), Código FG-3.</p><p>Nº 5.050 Designar o Analista-Tributário da Receita Federal do Brasil DJALMA SILVA PINHEIRO, matrícula SiapeCad nº 00023332, para exercer a Função Gratificada de Agente da Receita Federal do Brasil em Pinheiro (MA), jurisdição da Delegacia da Receita Federal do Brasil em Sao Luis (MA), Código FG-3.</p><p>Nº 5.051 Designar o Analista-Tributário da Receita Federal do Brasil JAMES RODRIGUES DE ASSIS, matrícula SiapeCad nº 01296603, para exercer a Função Gratificada de Agente da Receita Federal do Brasil em Caxias (MA), jurisdição da Delegacia da Receita Federal do Brasil em Sao Luis (MA), Código FG-1.</p><p>Nº 5.052 Designar o Analista-Tributário da Receita Federal do Brasil HILDEGARD GALVAO DA SILVA, matrícula SiapeCad nº 00057692, para exercer a Função Gratificada de Agente da Receita Federal do Brasil em Chapadinha (MA), jurisdição da Delegacia da Receita Federal do Brasil em Sao Luis (MA), Código FG-3.</p><p>Nº 5.053 Designar o Auditor-Fiscal da Receita Federal do Brasil ELMAR FERNANDES NASCIMENTO, matrícula SiapeCad nº 00057667, para exercer a Função Comissionada do Poder Executivo de Inspetor-Chefe da Receita Federal do Brasil em Porto de São Luís (MA), jurisdição da Delegacia da Receita Federal do Brasil em Sao Luis (MA), Código FCPE-101.1.</p><p>Nº 5.054 Designar o Auditor-Fiscal da Receita Federal do Brasil CLAUDIO ROBERTO CAETANO MARQUES, matrícula SiapeCad nº 01292635, para exercer o encargo de Substituto Eventual do Inspetor-Chefe da Receita Federal do Brasil em Porto de São Luís (MA), jurisdição da Delegacia da Receita Federal do Brasil em Sao Luis (MA), Código FCPE-101.1.</p><p>Nº 5.055 Designar o Auditor-Fiscal da Receita Federal do Brasil CLODONILSON OLIVEIRA ROCHA, matrícula SiapeCad nº 01227007, para exercer a Função Gratificada de Chefe da Seção de Administração Aduaneira - Saana da Inspetoria da Receita Federal do Brasil no Porto de São Luís (MA), jurisdição da Delegacia da Receita Federal do Brasil em Sao Luis (MA), Código FG-1.</p><p>Nº 5.056 Designar o Auditor-Fiscal da Receita Federal do Brasil FABIO JORGE SIMOES RODRIGUES JUNIOR, matrícula SiapeCad nº 01821409, para exercer a Função Gratificada de Chefe da Seção de Vigilância Aduaneira - Savig da Inspetoria da Receita Federal do Brasil no Porto de São Luís (MA), jurisdição da Delegacia da Receita Federal do Brasil em Sao Luis (MA), Código FG-1.</p><p>Nº 5.057 Designar o Auditor-Fiscal da Receita Federal do Brasil ROGERIO DE ASSIS CARVALHO, matrícula SiapeCad nº 00017096, para exercer a Função Gratificada de Chefe da Equipe Aduaneira 1 - EAD1 da Inspetoria da Receita Federal do Brasil no Porto de São Luís (MA), jurisdição da Delegacia da Receita Federal do Brasil em Sao Luis (MA), Código FG-2.</p><p>Nº 5.058 Designar o Analista-Tributário da Receita Federal do Brasil ERIVALDO SOARES DA SILVA, matrícula SiapeCad nº 00057104, para exercer a Função Gratificada de Chefe da Equipe de Vigilância e Repressão 1 - EVR1 da Inspetoria da Receita Federal do Brasil no Porto de São Luís (MA), jurisdição da Delegacia da Receita Federal do Brasil em Sao Luis (MA), Código FG-2.</p><p>Nº 5.059 Designar a Agente Administrativo MARIA DO ROSARIO MARTINS GOMES, matrícula SiapeCad nº 00067900, para exercer a Função Gratificada de Chefe da Equipe de Gestão Corporativa 1 - EGC1 da Inspetoria da Receita Federal do Brasil no Porto de São Luís (MA), jurisdição da Delegacia da Receita Federal do Brasil em Sao Luis (MA), Código FG-2.</p><p>Nº 5.060 Designar a Técnico do Seguro Social ZULMIRA DE SOUSA RAMOS NETA, matrícula SiapeCad nº 01187172, para exercer a Função Gratificada de Chefe de Posto de Atendimento em Codó (MA), jurisdição da Delegacia da Receita Federal do Brasil em Sao Luis (MA), Código FG-3.</p><p>Nº 5.061 Designar o Assistente Técnico-Administrativo FRANCISCO DAS CHAGAS CARVALHO ALMEIDA, matrícula SiapeCad nº 01974468, para exercer a Função Gratificada de Chefe de Posto de Atendimento em Presidente Dutra (MA), jurisdição da Delegacia da Receita Federal do Brasil em Sao Luis (MA), Código FG-3.</p><p>Nº 5.062 Designar o Analista-Tributário da Receita Federal do Brasil JULINEY FERREIRA COSTA, matrícula SiapeCad nº 01879164, para exercer a Função Gratificada de Chefe do Núcleo de Gestão Corporativa - Nucor da Delegacia da Receita Federal do Brasil em Imperatriz (MA), Código FG-3.</p><p>Nº 5.063 Designar o Analista-Tributário da Receita Federal do Brasil JOSE SOBRINHO MOREIRA NEVES, matrícula SiapeCad nº 00004252, para exercer a Função Gratificada de Agente da Receita Federal do Brasil em Balsas (MA), jurisdição da Delegacia da Receita Federal do Brasil em Imperatriz (MA), Código FG-1.</p><p>Nº 5.064 Designar o Auditor-Fiscal da Receita Federal do Brasil CARLOS EDUARDO RIBEIRO LEITE, matrícula SiapeCad nº 01303229, para exercer a Função Gratificada de Chefe da Seção de Administração Aduaneira - Saana da Delegacia da Receita Federal do Brasil em Teresina (PI), Código FG-1.</p><p>Nº 5.065 Designar a Analista-Tributário da Receita Federal do Brasil ROSALIA DA COSTA CAVALCANTI, matrícula SiapeCad nº 00023380, para exercer a Função Gratificada de Chefe da Seção de Tecnologia e Segurança da Informação - Satec da Delegacia da Receita Federal do Brasil em Teresina (PI), Código FG-1.</p><p>Nº 5.066 Designar o Auditor-Fiscal da Receita Federal do Brasil ANTONIO LUIZ ALVES DA SILVA, matrícula SiapeCad nº 00006149, para exercer a Função Gratificada de Chefe da Equipe de Fiscalização 4 - EFI4 da Delegacia da Receita Federal do Brasil em Teresina (PI), Código FG-3.</p><p>Nº 5.067 Designar a Técnico do Seguro Social JOSELIA DA PAZ LIMA, matrícula SiapeCad nº 00840173, para exercer a Função Gratificada de Chefe de Posto de Atendimento em Campo Maior (PI), jurisdição da Delegacia da Receita Federal do Brasil em Teresina (PI), Código FG-3.</p><p>Nº 5.068 Designar o Analista-Tributário da Receita Federal do Brasil FRANCISCO EDILSON VIEIRA DE OLIVEIRA, matrícula SiapeCad nº 00089160, para exercer a Função Gratificada de Agente da Receita Federal do Brasil em Piripiri (PI), jurisdição da Delegacia da Receita Federal do Brasil em Teresina (PI), Código FG-1.</p><p>Nº 5.069 Designar o Assistente Técnico-Administrativo MARCOS ANTONIO DA SILVA OLIVEIRA, matrícula SiapeCad nº 01977133, para exercer a Função Gratificada de Chefe do Núcleo de Gestão Corporativa - Nucor da Delegacia da Receita Federal do Brasil em Floriano (PI), Código FG-3.</p><p>Nº 5.070 Designar a Agente Administrativo DIRCE SILVA LOPES REIS, matrícula SiapeCad nº 00008603, para exercer a Função Gratificada de Chefe de Posto de Atendimento em Oeiras (PI), jurisdição da Delegacia da Receita Federal do Brasil em Floriano (PI), Código FG-3.</p>]]></Texto>
    <Autores>
      <assina>JORGE ANTONIO DEHER RACHID</assina>
    </Autores>
  </body>
</article></xml>