﻿<xml><article id="1021994" name="ATO GDGSET 610_2017__DISP_DESIG_" idOficio="4622498" pubName="DO2" artType="Ato" pubDate="08/01/2018" artClass="00037:00005:00009:00000:00000:00000:00000:00000:00000:00000:00001:00003" artSection="Secretaria" artCategory="Secretaria" artSize="8" artNotes="" numberPage="46" pdfPage="http://pesquisa.in.gov.br/imprensa/jsp/visualiza/index.jsp?data=08/01/2018&amp;jornal=529&amp;pagina=46" editionNumber="5">
  <body>
    <Identifica><![CDATA[ATO Nº 610, DE 20 DE DEZEMBRO DE 2017]]></Identifica>
    <Data><![CDATA[]]></Data>
    <Ementa />
    <Titulo />
    <SubTitulo />
    <Texto><![CDATA[<p> O DIRETOR-GERAL DA SECRETARIA DO TRIBUNAL SUPERIOR DO TRABALHO, no uso de suas atribuições legais e regulamentares,</p><p>considerando o constante do memorando nº 133, de 13/12/2017, da Divisão de Preparação de Pagamento de Pessoal;</p><p>considerando o constante do memorando nº 81, de 13/12/2017, da Secretaria de Controle Interno, resolve:</p><p>1 - Designar o servidor ALISSON FERNANDES PRACIANO, código 45684, Analista Judiciário, Área Apoio Especializado, Especialidade Contabilidade, para exercer a função comissionada de Assistente 3, Nível FC-3, da Divisão de Preparação de Pagamento de Pessoal, ficando dispensado da função comissionada de Assistente 3, Nível FC-3, da Coordenadoria de Auditoria de Gestão de Pessoal e Benefícios.</p><p>2 - Designar a servidora RENATA GALVÃO BELO ARAUJO, código 60420, Técnico Judiciário, Área Administrativa, para exercer a função comissionada de Assistente 3, Nível FC-3, da Coordenadoria de Auditoria de Gestão de Pessoal e Benefícios.</p>]]></Texto>
    <Autores>
      <assina>GUSTAVO CARIBÉ DE CARVALHO</assina>
    </Autores>
  </body>
</article></xml>