﻿<xml><article id="1022003" name="ATO GDGSET 613_2017__DISP_DESIG_" idOficio="4622498" pubName="DO2" artType="Ato" pubDate="08/01/2018" artClass="00037:00005:00009:00000:00000:00000:00000:00000:00000:00000:00001:00005" artSection="Secretaria" artCategory="Secretaria" artSize="8" artNotes="" numberPage="46" pdfPage="http://pesquisa.in.gov.br/imprensa/jsp/visualiza/index.jsp?data=08/01/2018&amp;jornal=529&amp;pagina=46" editionNumber="5">
  <body>
    <Identifica><![CDATA[ATO Nº 613, DE 22 DE DEZEMBRO DE 2017]]></Identifica>
    <Data><![CDATA[]]></Data>
    <Ementa />
    <Titulo />
    <SubTitulo />
    <Texto><![CDATA[<p> O DIRETOR-GERAL DA SECRETARIA DO TRIBUNAL SUPERIOR DO TRABALHO, no uso de suas atribuições legais e regulamentares,</p><p>considerando o constante do memorando nº 45, de 18/12/2017, da Secretaria da 7ª Turma, resolve:</p><p>Designar o servidor LEONARDO SESSO DE OLIVEIRA, código 49128, Técnico Judiciário, Área Administrativa, para exercer a função comissionada de Assistente 3, Nível FC-3, da Secretaria da 7ª Turma.</p>]]></Texto>
    <Autores>
      <assina>GUSTAVO CARIBÉ DE CARVALHO</assina>
    </Autores>
  </body>
</article></xml>