﻿<xml><article id="960826" name="194-PR-2017__080133" idOficio="4619524" pubName="DO2" artType="Portaria" pubDate="02/01/2018" artClass="00011:00124:00001:00008:00000:00000:00000:00000:00000:00000:00025:00002" artSection="Pró-Reitoria de Gestão de Pessoas" artCategory="Pró-Reitoria de Gestão de Pessoas" artSize="8" artNotes="" numberPage="33" pdfPage="http://pesquisa.in.gov.br/imprensa/jsp/visualiza/index.jsp?data=02/01/2018&amp;jornal=529&amp;pagina=33" editionNumber="1">
  <body>
    <Identifica><![CDATA[PORTARIA Nº 5.591, de 18 DE DEZEMBRO DE 2017]]></Identifica>
    <Data><![CDATA[]]></Data>
    <Ementa />
    <Titulo />
    <SubTitulo />
    <Texto><![CDATA[<p> </p><p> O PRÓ-REITOR DE GESTÃO DE PESSOAS DA UNIVERSIDADE FEDERAL DO PARANÁ, no uso de suas atribuições, tendo em vista a competência que lhe é conferida pela Portaria nº 2.590/97, resolve:</p><p> Exonerar, a pedido, a partir de 01 de janeiro de 2018, a servidora RAFAELA CAMILLE PAULUK - 2860812, da função gratificada de Assessora do Departamento de Assuntos Acadêmicos, FG-03, da Pró-Reitoria de Graduação. </p><p> </p><p> O PRÓ-REITOR DE GESTÃO DE PESSOAS DA UNIVERSIDADE FEDERAL DO PARANÁ, no uso de suas atribuições, tendo em vista a competência que lhe é conferida pela Portaria nº 2.590/97, resolve:</p><p>Nº 5.685 - Nomear em caráter efetivo, considerando o que consta no artigo 9º, inciso I da Lei nº 8.112/90 e de acordo com a Portaria Norm. Interm. MP/MEC nº 22, de 30/04/07 - DOU 02/05/07, retificada pela Portaria Norm. Interm. MP/MEC nº 224, de 23/07/07, DOU 24/07/07 e no Decreto nº 7485, de 18/05/11, DOU 19/05/11, atualizado pelo Decreto 8259, de 20/05/14, DOU 30/05/14 e Lei 12.772 de 28/12/12, DOU 31/12/12, e suas alterações, CARLOS GABRIEL BIANCHIN, habilitado em concurso público de provas e títulos, homologado em 11.10.2017, na carreira de Magistério de Superior, na Classe A, Adjunto A, em regime de trabalho de 20 (vinte) horas semanais, na área de conhecimento: Eletrotécnica para o Departamento de Engenharia Elétrica do Setor de Tecnologia, na vaga de código nº 262244. </p><p>Nº 5.686 - Nomear em caráter efetivo, considerando o que consta no artigo 9º, inciso I da Lei nº 8.112/90 e de acordo com a Portaria Norm. Interm. MP/MEC nº 22, de 30/04/07 - DOU 02/05/07, retificada pela Portaria Norm. Interm. MP/MEC nº 224, de 23/07/07, DOU 24/07/07 e no Decreto nº 7485, de 18/05/11, DOU 19/05/11, atualizado pelo Decreto 8259, de 20/05/14, DOU 30/05/14 e Lei 12.772 de 28/12/12, DOU 31/12/12, e suas alterações, HUDSON DO NASCIMENTO LIMA, habilitado em concurso público de provas e títulos, homologado em 01.11.2017, na carreira de Magistério de Superior, na Classe A, Adjunto A, em regime de trabalho de dedicação exclusiva, na área de conhecimento: Matemática - Geometria/Topologia subáreas de conhecimento: Geometria Diferencial e Topologia Algébrica para o Departamento de Matemática do Setor de Ciências Exatas, na vaga de código nº 264079. </p><p>Nº 5.688 - Nomear em caráter efetivo, considerando o que consta no artigo 9º, inciso I da Lei nº 8.112/90 e de acordo com a Portaria Norm. Interm. MP/MEC nº 22, de 30/04/07 - DOU 02/05/07, retificada pela Portaria Norm. Interm. MP/MEC nº 224, de 23/07/07, DOU 24/07/07 e no Decreto nº 7485, de 18/05/11, DOU 19/05/11, atualizado pelo Decreto 8259, de 20/05/14, DOU 30/05/14 e Lei 12.772 de 28/12/12, DOU 31/12/12, e suas alterações, GEOVANA GENTILI SANTOS, habilitada em concurso público de provas e títulos, homologado em 10.11.2017, na carreira de Magistério de Superior, na Classe A, Adjunto A, em regime de trabalho de dedicação exclusiva, na área de conhecimento: Linguística, Letras Português, Literaturas de Língua Portuguesa e Teoria da Comunicação, para a Câmara do Curso de Licenciatura em Linguagem e Comunicação do Setor Litoral, na vaga de código nº 296383. </p><p> </p>]]></Texto>
    <Autores>
      <assina>DOUGLAS ORTIZ HAMERMULLER</assina>
      <assina>DOUGLAS ORTIZ HAMERMULLER</assina>
    </Autores>
  </body>
</article></xml>