﻿<xml><article id="961393" name="PRFB4535a4616" idOficio="4622210" pubName="DO2" artType="Portaria" pubDate="02/01/2018" artClass="00012:00055:00000:00000:00000:00000:00000:00000:00000:00000:00025:00008" artSection="Ministério da Fazenda" artCategory="Secretaria da Receita Federal do Brasil" artSize="8" artNotes="" numberPage="60-61-68" pdfPage="http://pesquisa.in.gov.br/imprensa/jsp/visualiza/index.jsp?data=02/01/2018&amp;jornal=529&amp;pagina=60,http://pesquisa.in.gov.br/imprensa/jsp/visualiza/index.jsp?data=02/01/2018&amp;jornal=529&amp;pagina=61,http://pesquisa.in.gov.br/imprensa/jsp/visualiza/index.jsp?data=02/01/2018&amp;jornal=529&amp;pagina=68" editionNumber="1">
  <body>
    <Identifica><![CDATA[PORTARIAS DE 26 DE DEZEMBRO DE 2017]]></Identifica>
    <Data><![CDATA[]]></Data>
    <Ementa />
    <Titulo />
    <SubTitulo />
    <Texto><![CDATA[<p> </p><p> O SECRETÁRIO DA RECEITA FEDERAL DO BRASIL, no uso das competências que lhe foram delegada e subdelegada, respectivamente, pelas Portarias MF nºs 392 e 393, de 14 de julho de 2009, alteradas pela Portaria MF nº 100, de 28 de março de 2017, resolve:</p><p>Nº 4.535 Designar o Auditor-Fiscal da Receita Federal do Brasil MARCONI PEDRO DA SILVA, matrícula SiapeCad nº 00076194, para exercer a Função Gratificada de Assistente da Superintendência Regional da Receita Federal do Brasil da 4ª Região Fiscal (PE), Código FG-3.</p><p>Nº 4.536 Designar a Assistente Técnico-Administrativo ANAY MONTENEGRO DO NASCIMENTO, matrícula SiapeCad nº 01492427, para exercer a Função Gratificada de Chefe da Seção de Planejamento, Avaliação e Controle - Sapav da Superintendência Regional da Receita Federal do Brasil da 4ª Região Fiscal (PE), Código FG-1.</p><p>Nº 4.537 Designar o Analista-Tributário da Receita Federal do Brasil VAGNER JEGER LIMEIRA DE CASTRO, matrícula SiapeCad nº 01489928, para exercer a Função Gratificada de Chefe da Seção de Comunicação Institucional - Sacin da Superintendência Regional da Receita Federal do Brasil da 4ª Região Fiscal (PE), Código FG-1.</p><p>Nº 4.538 Designar o Auditor-Fiscal da Receita Federal do Brasil JOSENILDO SOARES DA SILVA, matrícula SiapeCad nº 00006630, para exercer a Função Comissionada do Poder Executivo de Chefe do Serviço de Fiscalização dos Maiores Contribuintes - Sefim da Superintendência Regional da Receita Federal do Brasil da 4ª Região Fiscal (PE), Código FCPE-101.1.</p><p>Nº 4.539 Designar a Auditora-Fiscal da Receita Federal do Brasil HELOISA THIANNA BALTAR DE MEDEIROS CABRAL MORAES, matrícula SiapeCad nº 01302257, para exercer o encargo de Substituto Eventual do Chefe do Serviço de Fiscalização dos Maiores Contribuintes - Sefim da Superintendência Regional da Receita Federal do Brasil da 4ª Região Fiscal (PE), Código FCPE-101.1.</p><p>Nº 4.540 Designar o Auditor-Fiscal da Receita Federal do Brasil JACKSON KATZ, matrícula SiapeCad nº 01291491, para exercer a Função Comissionada do Poder Executivo de Chefe do Serviço Regional de Programação, Avaliação e Controle da Atividade Fiscal - Sepac da Superintendência Regional da Receita Federal do Brasil da 4ª Região Fiscal (PE), Código FCPE-101.1.</p><p>Nº 4.541 Designar o Auditor-Fiscal da Receita Federal do Brasil DANIEL DE SOUZA TRIGUEIRO, matrícula SiapeCad nº 01293238, para exercer o encargo de Substituto Eventual do Chefe do Serviço Regional de Programação, Avaliação e Controle da Atividade Fiscal - Sepac da Superintendência Regional da Receita Federal do Brasil da 4ª Região Fiscal (PE), Código FCPE-101.1.</p><p>Nº 4.542 Designar o Auditor-Fiscal da Receita Federal do Brasil CARLOS EDUARDO BARROS FIGUEREDO, matrícula SiapeCad nº 01653917, para exercer a Função Comissionada do Poder Executivo de Chefe da Divisão de Vigilância e Repressão ao Contrabando e Descaminho - Direp da Superintendência Regional da Receita Federal do Brasil da 4ª Região Fiscal (PE), Código FCPE-101.2.</p><p>Nº 4.543 Designar o Auditor-Fiscal da Receita Federal do Brasil CARLOS FERNANDO FIGUEIREDO BARROS, matrícula SiapeCad nº 00004647, para exercer o encargo de Substituto Eventual do Chefe da Divisão de Vigilância e Repressão ao Contrabando e Descaminho - Direp da Superintendência Regional da Receita Federal do Brasil da 4ª Região Fiscal (PE), Código FCPE-101.2.</p><p>Nº 4.544 Designar o Auditor-Fiscal da Receita Federal do Brasil DANIEL DE SOUZA TRIGUEIRO, matrícula SiapeCad nº 01293238, para exercer a Função Gratificada de Chefe da Equipe de Programação, Avaliação e Controle da Atividade Fiscal 1 - Eqpac1 da Superintendência Regional da Receita Federal do Brasil da 4ª Região Fiscal (PE), Código FG-1.</p><p>Nº 4.545 Designar o Auditor-Fiscal da Receita Federal do Brasil RENATO LUIZ BAUERMANN, matrícula SiapeCad nº 00010556, para exercer a Função Gratificada de Chefe da Equipe de Programação, Avaliação e Controle da Atividade Fiscal 2 - Eqpac2 da Superintendência Regional da Receita Federal do Brasil da 4ª Região Fiscal (PE), Código FG-1.</p><p>Nº 4.546 Designar o Auditor-Fiscal da Receita Federal do Brasil LIA FOOK SHIAM, matrícula SiapeCad nº 00027980, para exercer a Função Gratificada de Chefe da Equipe de Programação, Avaliação e Controle da Atividade Fiscal 3 - Eqpac3 da Superintendência Regional da Receita Federal do Brasil da 4ª Região Fiscal (PE), Código FG-1.</p><p>Nº 4.547 Designar o Assistente Técnico-Administrativo LUCAS BEZERRA TIBURTINO, matrícula SiapeCad nº 01971672, para exercer a Função Comissionada do Poder Executivo de Chefe do Serviço de Programação e Logística - Sepol da Superintendência Regional da Receita Federal do Brasil da 4ª Região Fiscal (PE), Código FCPE-101.1.</p><p>Nº 4.548 Designar a Analista-Tributário da Receita Federal do Brasil TAMARA KELLY DELGADO PAES BARRETO, matrícula SiapeCad nº 01811724, para exercer a Função Gratificada de Chefe da Seção de Licitações - Salic da Superintendência Regional da Receita Federal do Brasil da 4ª Região Fiscal (PE), Código FG-1.</p><p>Nº 4.549 Designar o Analista-Tributário da Receita Federal do Brasil RENAN PRUDENCIO DE ARAUJO, matrícula SiapeCad nº 01877787, para exercer a Função Gratificada de Chefe da Seção de Contratos - Sacon da Superintendência Regional da Receita Federal do Brasil da 4ª Região Fiscal (PE), Código FG-1.</p><p>Nº 4.550 Designar o Analista-Tributário da Receita Federal do Brasil CARLOS ROMERO SILVEIRA WANDERLEY, matrícula SiapeCad nº 00018693, para exercer a Função Gratificada de Chefe da Seção de Orçamento e Finanças - Saofi da Superintendência Regional da Receita Federal do Brasil da 4ª Região Fiscal (PE), Código FG-1.</p><p>Nº 4.551 Designar a Contador CARLA RAFAELA DO AMARAL PINHEIRO OLIVEIRA, matrícula SiapeCad nº 01715675, para exercer a Função Gratificada de Chefe do Núcleo de Contabilidade - Nutab da Superintendência Regional da Receita Federal do Brasil da 4ª Região Fiscal (PE), Código FG-3.</p><p>Nº 4.552 Designar o Analista-Tributário da Receita Federal do Brasil JOSE CARLOS DE MELO SILVA, matrícula SiapeCad nº 01214307, para exercer a Função Comissionada do Poder Executivo de Chefe do Serviço de Mercadorias Apreendidas - Semap da Superintendência Regional da Receita Federal do Brasil da 4ª Região Fiscal (PE), Código FCPE-101.1.</p><p>Nº 4.553 Designar a Assistente Técnico-Administrativo ILMA CELI DA SILVA COSTA, matrícula SiapeCad nº 01971974, para exercer a Função Gratificada de Chefe do Núcleo de Patrimônio - Nupat da Superintendência Regional da Receita Federal do Brasil da 4ª Região Fiscal (PE), Código FG-3.</p><p>Nº 4.554 Designar o Analista-Tributário da Receita Federal do Brasil FABIO DE CARVALHO GUIMARAES, matrícula SiapeCad nº 00014525, para exercer a Função Comissionada do Poder Executivo de Chefe da Divisão de Tecnologia e Segurança da Informação - Ditec da Superintendência Regional da Receita Federal do Brasil da 4ª Região Fiscal (PE), Código FCPE-101.2.</p><p>Nº 4.555 Designar a Analista-Tributário da Receita Federal do Brasil NATERCIA SIMPLICIO DA SILVA, matrícula SiapeCad nº 00016197, para exercer o encargo de Substituto Eventual do Chefe da Divisão de Tecnologia e Segurança da Informação - Ditec da Superintendência Regional da Receita Federal do Brasil da 4ª Região Fiscal (PE), Código FCPE-101.2.</p><p>Nº 4.556 Designar a Analista-Tributário da Receita Federal do Brasil NATERCIA SIMPLICIO DA SILVA, matrícula SiapeCad nº 00016197, para exercer a Função Comissionada do Poder Executivo de Chefe do Serviço de Tecnologia e Segurança da Informação - Setec da Superintendência Regional da Receita Federal do Brasil da 4ª Região Fiscal (PE), Código FCPE-101.1.</p><p>Nº 4.557 Designar a Analista-Tributário da Receita Federal do Brasil FLAVIA ANDREA BARBOZA DE OLIVEIRA, matrícula SiapeCad nº 01131108, para exercer o encargo de Substituto Eventual do Chefe do Serviço de Tecnologia e Segurança da Informação - Setec da Superintendência Regional da Receita Federal do Brasil da 4ª Região Fiscal (PE), Código FCPE-101.1.</p><p>Nº 4.558 Designar o Analista-Tributário da Receita Federal do Brasil LUIZ AUGUSTO SILVA BARRETO JUNIOR, matrícula SiapeCad nº 00087848, para exercer a Função Gratificada de Chefe da Seção de Gestão de Serviços - Sages da Superintendência Regional da Receita Federal do Brasil da 4ª Região Fiscal (PE), Código FG-1.</p><p>Nº 4.559 Designar a Analista-Tributário da Receita Federal do Brasil FLAVIA ANDREA BARBOZA DE OLIVEIRA, matrícula SiapeCad nº 01131108, para exercer a Função Gratificada de Chefe da Seção de Gestão Regional do Ambiente Informatizado - Sainf da Superintendência Regional da Receita Federal do Brasil da 4ª Região Fiscal (PE), Código FG-1.</p><p>Nº 4.560 Designar o Analista-Tributário da Receita Federal do Brasil EDIVALDO RIBEIRO DE SANTANA JUNIOR, matrícula SiapeCad nº 00018080, para exercer a Função Gratificada de Chefe da Seção de Gestão Regional de Segurança da Informação - Saseg da Superintendência Regional da Receita Federal do Brasil da 4ª Região Fiscal (PE), Código FG-1.</p><p>Nº 4.561 Designar o Analista-Tributário da Receita Federal do Brasil JOSE CARLOS GOMES DA SILVA, matrícula SiapeCad nº 00026533, para exercer a Função Gratificada de Chefe da Seção de Cadastramento Regional - Sacti da Superintendência Regional da Receita Federal do Brasil da 4ª Região Fiscal (PE), Código FG-1.</p><p>Nº 4.562 Designar a Pedagogo ANNA KATHARINA TENORIO CAVALCANTI MOLINA, matrícula SiapeCad nº 01934263, para exercer a Função Comissionada do Poder Executivo de Chefe do Serviço de Gestão de Pessoas - Segep da Superintendência Regional da Receita Federal do Brasil da 4ª Região Fiscal (PE), Código FCPE-101.1.</p><p>Nº 4.563 Designar a Analista-Tributário da Receita Federal do Brasil MARIA DE MAGDALA AMARAL PASSOS, matrícula SiapeCad nº 00008541, para exercer a Função Gratificada de Chefe da Seção de Administração de Pessoas - Saape da Superintendência Regional da Receita Federal do Brasil da 4ª Região Fiscal (PE), Código FG-1.</p><p>Nº 4.564 Designar a Agente Administrativo NAJDA MARQUES CARNEIRO, matrícula SiapeCad nº 00063571, para exercer a Função Gratificada de Chefe da Seção de Pagamento de Pessoal - Sapag da Superintendência Regional da Receita Federal do Brasil da 4ª Região Fiscal (PE), Código FG-1.</p><p>Nº 4.565 Designar a Agente Administrativo MARLENE DAS CHAGAS CARNEIRO, matrícula SiapeCad nº 00085103, para exercer a Função Gratificada de Chefe da Seção de Legislação de Pessoal - Salep da Superintendência Regional da Receita Federal do Brasil da 4ª Região Fiscal (PE), Código FG-1.</p><p>Nº 4.566 Designar o Analista-Tributário da Receita Federal do Brasil CLOVIS JOSE CAMINHA CALADO, matrícula SiapeCad nº 01214376, para exercer a Função Comissionada do Poder Executivo de Chefe do Serviço de Tecnologia e Segurança da Informação - Setec da Delegacia da Receita Federal do Brasil em Recife (PE), Código FCPE-101.1.</p><p>Nº 4.567 Designar o Perfurador Digitador COMATSY MUNIZ PACHECO, matrícula SiapeCad nº 01174399, para exercer o encargo de Substituto Eventual do Chefe do Serviço de Tecnologia e Segurança da Informação - Setec da Delegacia da Receita Federal do Brasil em Recife (PE), Código FCPE-101.1.</p><p>Nº 4.568 Designar a Analista-Tributário da Receita Federal do Brasil VIVIA SUELEN FERRAZ FERREIRA, matrícula SiapeCad nº 01294385, para exercer a Função Comissionada do Poder Executivo de Chefe do Centro de Atendimento ao Contribuinte - CAC da Delegacia da Receita Federal do Brasil em Recife (PE), Código FCPE-101.1.</p><p>Nº 4.569 Designar a Analista-Tributário da Receita Federal do Brasil ELIZABETH MOTA VALENCA GONCALVES, matrícula SiapeCad nº 00016229, para exercer o encargo de Substituto Eventual do Chefe do Centro de Atendimento ao Contribuinte - CAC da Delegacia da Receita Federal do Brasil em Recife (PE), Código FCPE-101.1.</p><p>Nº 4.570 Designar a Auxiliar Operacional de Serviços Diversos MARIA JOSE TRAJANO DA SILVA, matrícula SiapeCad nº 00026719, para exercer a Função Gratificada de Chefe da Equipe de Logística 1 - ELG1 da Delegacia da Receita Federal do Brasil em Recife (PE), Código FG-3.</p><p>Nº 4.571 Designar o Agente de Portaria HELIO RIEDEL DE OLIVEIRA MELO JUNIOR, matrícula SiapeCad nº 00011739, para exercer a Função Gratificada de Chefe da Equipe de Logística 2 - ELG2 da Delegacia da Receita Federal do Brasil em Recife (PE), Código FG-3.</p><p>Nº 4.572 Designar o Agente Administrativo MARCOS ANTONIO DOS SANTOS, matrícula SiapeCad nº 00480392, para exercer a Função Gratificada de Chefe da Equipe de Logística 3 - ELG3 da Delegacia da Receita Federal do Brasil em Recife (PE), Código FG-3.</p><p>Nº 4.573 Designar o Técnico do Seguro Social MARCOS DA SILVA BEZERRA, matrícula SiapeCad nº 00838279, para exercer a Função Gratificada de Chefe da Equipe de Logística 4 - ELG4 da Delegacia da Receita Federal do Brasil em Recife (PE), Código FG-3.</p><p>Nº 4.574 Designar a Agente Administrativo LEDA REJANE DE OLIVEIRA FONSECA, matrícula SiapeCad nº 00064053, para exercer a Função Gratificada de Agente da Receita Federal do Brasil em Goiana (PE), jurisdição da Delegacia da Receita Federal do Brasil em Recife (PE), Código FG-1.</p><p>Nº 4.575 Designar o Auditor-Fiscal da Receita Federal do Brasil EDIMARIO FELISMINO DE ARAUJO, matrícula SiapeCad nº 01173353, para exercer a Função Gratificada de Chefe da Equipe de Fiscalização - EFI/2 da Delegacia da Receita Federal do Brasil em Caruaru (PE), Código FG-3.</p><p>Nº 4.576 Designar a Técnico em Contabilidade MARIA DE FATIMA VASCONCELOS DE OLIVEIRA, matrícula SiapeCad nº 00072013, para exercer a Função Gratificada de Chefe da Seção de Gestão Corporativa - Sacor da Delegacia da Receita Federal do Brasil em Caruaru (PE), Código FG-1.</p><p>Nº 4.577 Nomear o Auditor-Fiscal da Receita Federal do Brasil CARLOS EDUARDO DA COSTA OLIVEIRA, matrícula SiapeCad nº 01293357, para exercer o cargo em comissão de Delegado da Alfândega da Receita Federal do Brasil em Recife (PE), Código DAS-101.2.</p><p>Nº 4.578 Designar a Auditora-Fiscal da Receita Federal do Brasil DANIELA BARRETO DUARTE, matrícula SiapeCad nº 01220900, para exercer o encargo de Substituto Eventual do Delegado da Alfândega da Receita Federal do Brasil em Recife (PE), Código DAS-101.2.</p><p>Nº 4.579 Designar a Auditora-Fiscal da Receita Federal do Brasil DANIELA BARRETO DUARTE, matrícula SiapeCad nº 01220900, para exercer a Função Comissionada do Poder Executivo de Delegado Adjunto da Alfândega da Receita Federal do Brasil em Recife (PE), Código FCPE-101.1.</p><p>Nº 4.580 Designar o Analista-Tributário da Receita Federal do Brasil DANIEL VIEIRA DE OLIVEIRA SILVA, matrícula SiapeCad nº 01293493, para exercer a Função Gratificada de Chefe do Centro de Atendimento ao Contribuinte - CAC da Alfândega da Receita Federal do Brasil em Recife (PE), Código FG-1.</p><p>Nº 4.581 Designar o Auditor-Fiscal da Receita Federal do Brasil WERNHER TOLEDO FERNANDES, matrícula SiapeCad nº 00076282, para exercer a Função Gratificada de Chefe da Seção de Assessoramento Técnico Aduaneiro - Saata da Alfândega da Receita Federal do Brasil em Recife (PE), Código FG-1.</p><p>Nº 4.582 Designar o Auditor-Fiscal da Receita Federal do Brasil GEORGE WAGNER DE ALMEIDA MARQUES, matrícula SiapeCad nº 00014332, para exercer a Função Gratificada de Chefe da Seção de Controle Aduaneiro Pós Despacho - Sacap da Alfândega da Receita Federal do Brasil em Recife (PE), Código FG-1.</p><p>Nº 4.583 Designar o Auditor-Fiscal da Receita Federal do Brasil BARTOLOMEU MORAIS DA CRUZ GOUVEIA JUNIOR, matrícula SiapeCad nº 01133960, para exercer a Função Comissionada do Poder Executivo de Chefe do Serviço de Despacho Aduaneiro - Sedad da Alfândega da Receita Federal do Brasil em Recife (PE), Código FCPE-101.1.</p><p>Nº 4.584 Designar o Agente Administrativo HENRIQUE FERREIRA DE SOUZA, matrícula SiapeCad nº 00007637, para exercer a Função Gratificada de Chefe da Seção de Programação e Logística - Sapol da Alfândega da Receita Federal do Brasil em Recife (PE), Código FG-1.</p><p>Nº 4.585 Designar o Analista-Tributário da Receita Federal do Brasil WILLIAM BRITO DE LIMA, matrícula SiapeCad nº 00015420, para exercer a Função Gratificada de Chefe da Seção de Tecnologia e Segurança da Informação - Satec da Alfândega da Receita Federal do Brasil em Recife (PE), Código FG-1.</p><p>Nº 4.586 Designar o Assistente Técnico-Administrativo RODRIGO CAVALCANTI DA CUNHA SIDRONIO DE SANTANA, matrícula SiapeCad nº 01519534, para exercer a Função Gratificada de Chefe da Seção de Gestão de Pessoas - Sagep da Alfândega da Receita Federal do Brasil em Recife (PE), Código FG-1.</p><p>Nº 4.587 Designar a Auditora-Fiscal da Receita Federal do Brasil ROBERTA PEDROSA DA SILVA, matrícula SiapeCad nº 01763310, para exercer a Função Gratificada de Chefe da Equipe Aduaneira 1 - EAD1 da Alfândega da Receita Federal do Brasil em Recife (PE), Código FG-1.</p><p>Nº 4.588 Designar o Auditor-Fiscal da Receita Federal do Brasil EVERALDO JOSE PEREIRA, matrícula SiapeCad nº 01293421, para exercer a Função Gratificada de Chefe da Equipe Aduaneira 2 - EAD2 da Alfândega da Receita Federal do Brasil em Recife (PE), Código FG-2.</p><p>Nº 4.589 Designar o Auditor-Fiscal da Receita Federal do Brasil ESTEVAO DE OLIVEIRA JUNIOR, matrícula SiapeCad nº 00026534, para exercer a Função Gratificada de Chefe da Equipe de Gestão de Operadores Econômicos Autorizados 1 - EqOEA1 da Alfândega da Receita Federal do Brasil em Recife (PE), Código FG-1.</p><p>Nº 4.590 Designar o Analista-Tributário da Receita Federal do Brasil JOSE ROBERTO FERREIRA BEM, matrícula SiapeCad nº 00009459, para exercer a Função Gratificada de Chefe da Equipe de Logística 1 - ELG1 da Alfândega da Receita Federal do Brasil em Recife (PE), Código FG-3.</p><p>Nº 4.591 Designar o Auditor-Fiscal da Receita Federal do Brasil JOMAR MARINHO ROCHA, matrícula SiapeCad nº 00076088, para exercer a Função Comissionada do Poder Executivo de Inspetor-Chefe da Receita Federal do Brasil em Aeroporto Internacional dos Guararapes (PE), jurisdição da Alfândega da Receita Federal do Brasil em Recife (PE), Código FCPE-101.1.</p><p>Nº 4.592 Designar a Auditora-Fiscal da Receita Federal do Brasil ANA HELENA CARNEIRO DA CUNHA, matrícula SiapeCad nº 00064993, para exercer o encargo de Substituto Eventual do Inspetor-Chefe da Receita Federal do Brasil em Aeroporto Internacional dos Guararapes (PE), jurisdição da Alfândega da Receita Federal do Brasil em Recife (PE), Código FCPE-101.1.</p><p>Nº 4.593 Designar o Auditor-Fiscal da Receita Federal do Brasil ANAXIMANDRO SAVIO CARVALHO CYSNE, matrícula SiapeCad nº 00008230, para exercer a Função Gratificada de Chefe da Seção de Administração Aduaneira - Saana da Inspetoria da Receita Federal do Brasil no Aeroporto Internacional dos Guararapes (PE), jurisdição da Alfândega da Receita Federal do Brasil em Recife (PE), Código FG-1.</p><p>Nº 4.594 Designar a Auditora-Fiscal da Receita Federal do Brasil ANA HELENA CARNEIRO DA CUNHA, matrícula SiapeCad nº 00064993, para exercer a Função Gratificada de Chefe da Seção de Vigilância Aduaneira - Savig da Inspetoria da Receita Federal do Brasil no Aeroporto Internacional dos Guararapes (PE), jurisdição da Alfândega da Receita Federal do Brasil em Recife (PE), Código FG-1.</p><p>Nº 4.595 Designar a Agente Administrativo SOLANGE SIQUEIRA DE QUEIROS, matrícula SiapeCad nº 00013006, para exercer a Função Gratificada de Chefe da Equipe de Gestão Corporativa 1 - EGC1 da Inspetoria da Receita Federal do Brasil no Aeroporto Internacional dos Guararapes (PE), jurisdição da Alfândega da Receita Federal do Brasil em Recife (PE), Código FG-2.</p><p>Nº 4.596 Designar o Auditor-Fiscal da Receita Federal do Brasil LUIZ CARLOS DE SOUZA, matrícula SiapeCad nº 00004629, para exercer a Função Comissionada do Poder Executivo de Inspetor-Chefe da Receita Federal do Brasil em Porto de Suape (PE), jurisdição da Alfândega da Receita Federal do Brasil em Recife (PE), Código FCPE-101.1.</p><p>Nº 4.597 Designar o Auditor-Fiscal da Receita Federal do Brasil MARCELO DE CERQUEIRA PEREIRA, matrícula SiapeCad nº 01653673, para exercer o encargo de Substituto Eventual do Inspetor-Chefe da Receita Federal do Brasil em Porto de Suape (PE), jurisdição da Alfândega da Receita Federal do Brasil em Recife (PE), Código FCPE-101.1.</p><p>Nº 4.598 Designar o Auditor-Fiscal da Receita Federal do Brasil MARCELO DE CERQUEIRA PEREIRA, matrícula SiapeCad nº 01653673, para exercer a Função Gratificada de Chefe da Seção de Administração Aduaneira - Saana da Inspetoria da Receita Federal do Brasil no Porto de Suape (PE), jurisdição da Alfândega da Receita Federal do Brasil em Recife (PE), Código FG-1.</p><p>Nº 4.599 Designar o Auditor-Fiscal da Receita Federal do Brasil SILBERTO MARCUS FURTADO DE OLIVEIRA, matrícula SiapeCad nº 01218413, para exercer a Função Gratificada de Chefe da Seção de Vigilância Aduaneira - Savig da Inspetoria da Receita Federal do Brasil no Porto de Suape (PE), jurisdição da Alfândega da Receita Federal do Brasil em Recife (PE), Código FG-1.</p><p>Nº 4.600 Designar o Auditor-Fiscal da Receita Federal do Brasil JOSE EDIMILSON DA ROCHA, matrícula SiapeCad nº 00065119, para exercer a Função Gratificada de Chefe da Equipe Aduaneira 1 - EAD1 da Inspetoria da Receita Federal do Brasil no Porto de Suape (PE), jurisdição da Alfândega da Receita Federal do Brasil em Recife (PE), Código FG-2.</p><p>Nº 4.601 Designar o Auditor-Fiscal da Receita Federal do Brasil FRANCISCO NOGUEIRA GUARITA, matrícula SiapeCad nº 00012601, para exercer a Função Gratificada de Chefe da Equipe de Vigilância e Repressão 1 - EVR1 da Inspetoria da Receita Federal do Brasil no Porto de Suape (PE), jurisdição da Alfândega da Receita Federal do Brasil em Recife (PE), Código FG-2.</p><p>Nº 4.602 Designar o Analista-Tributário da Receita Federal do Brasil PAULO HEITOR LAGEANO DORNELLES, matrícula SiapeCad nº 00065105, para exercer a Função Gratificada de Chefe da Equipe de Gestão Corporativa 1 - EGC1 da Inspetoria da Receita Federal do Brasil no Porto de Suape (PE), jurisdição da Alfândega da Receita Federal do Brasil em Recife (PE), Código FG-2.</p><p>Nº 4.603 Designar o Analista-Tributário da Receita Federal do Brasil MARCUS ALEXANDRE CRAVEIRO COSTA, matrícula SiapeCad nº 00019514, para exercer a Função Gratificada de Chefe da Seção de Tecnologia e Segurança da Informação - Satec da Delegacia da Receita Federal do Brasil em Natal (RN), Código FG-1.</p><p>Nº 4.604 Designar o Auditor-Fiscal da Receita Federal do Brasil MANOEL DELFIM RODRIGUES DE SA, matrícula SiapeCad nº 00881121, para exercer a Função Gratificada de Chefe da Equipe de Fiscalização 4 - EFI4 da Delegacia da Receita Federal do Brasil em Natal (RN), Código FG-3.</p><p>Nº 4.605 Designar o Auditor-Fiscal da Receita Federal do Brasil JOAO FELIPE FILHO, matrícula SiapeCad nº 00010908, para exercer a Função Gratificada de Chefe da Seção de Administração Aduaneira - Saana da Inspetoria da Receita Federal do Brasil em Natal (RN), jurisdição da Delegacia da Receita Federal do Brasil em Natal (RN), Código FG-1.</p><p>Nº 4.606 Designar o Analista Técnico-Administrativo THIAGO TAVARES DE ANDRADE, matrícula SiapeCad nº 01905096, para exercer a Função Gratificada de Chefe do Núcleo de Gestão Corporativa - Nucor da Delegacia da Receita Federal do Brasil em Mossoro (RN), Código FG-3.</p><p>Nº 4.607 Designar o Analista-Tributário da Receita Federal do Brasil RAIMUNDO NONATO GREGORIO DA COSTA, matrícula SiapeCad nº 00057155, para exercer a Função Gratificada de Agente da Receita Federal do Brasil em Pau dos Ferros (RN), jurisdição da Delegacia da Receita Federal do Brasil em Mossoro (RN), Código FG-3.</p><p>Nº 4.608 Designar o Analista-Tributário da Receita Federal do Brasil RICARDO LISBOA OLIVEIRA, matrícula SiapeCad nº 00065979, para exercer a Função Gratificada de Agente da Receita Federal do Brasil em Assu (RN), jurisdição da Delegacia da Receita Federal do Brasil em Mossoro (RN), Código FG-1.</p><p>Nº 4.609 Designar o Técnico de Nível Superior JOSE ANDRADE FILHO, matrícula SiapeCad nº 00062878, para exercer a Função Gratificada de Chefe da Seção de Tecnologia e Segurança da Informação - Satec da Delegacia da Receita Federal do Brasil em Joao Pessoa (PB), Código FG-1.</p><p>Nº 4.610 Designar a Auditora-Fiscal da Receita Federal do Brasil FABIANA LIMA MOURA, matrícula SiapeCad nº 00013096, para exercer a Função Gratificada de EQUIPE DE FISCALIZACAO 4 da Delegacia da Receita Federal do Brasil em Joao Pessoa (PB), Código FG-2.</p><p>Nº 4.611 Designar o Técnico do Seguro Social JOSE VALDENEIS DE BARROS, matrícula SiapeCad nº 01197630, para exercer a Função Gratificada de Agente da Receita Federal do Brasil em Itabaiana (PB), jurisdição da Delegacia da Receita Federal do Brasil em Joao Pessoa (PB), Código FG-1.</p><p>Nº 4.612 Designar o Auditor-Fiscal da Receita Federal do Brasil JAILSON NUNES DE LIMA, matrícula SiapeCad nº 00991153, para exercer a Função Gratificada de Chefe da Equipe Aduaneira - EAD/1 da Inspetoria da Receita Federal do Brasil em Cabedelo (PB), jurisdição da Delegacia da Receita Federal do Brasil em Joao Pessoa (PB), Código FG-3.</p><p>Nº 4.613 Designar o Auditor-Fiscal da Receita Federal do Brasil PAULO SERGIO COSTA, matrícula SiapeCad nº 00076248, para exercer a Função Gratificada de Inspetor-Chefe da Receita Federal do Brasil em Cabedelo (PB), jurisdição da Delegacia da Receita Federal do Brasil em Joao Pessoa (PB), Código FG-1.</p><p>Nº 4.614 Designar o Assistente Técnico-Administrativo JOAO PAULO CAVALCANTI DE ALBUQUERQUE DUARTE, matrícula SiapeCad nº 02004995, para exercer a Função Gratificada de Chefe da Seção de Gestão Corporativa - Sacor da Delegacia da Receita Federal do Brasil em Campina Grande (PB), Código FG-1.</p><p>Nº 4.615 Designar o Analista-Tributário da Receita Federal do Brasil ADRIANO DE SOUZA ZUMBA, matrícula SiapeCad nº 01291641, para exercer a Função Gratificada de Chefe da Seção de Tecnologia e Segurança da Informação - Satec da Delegacia da Receita Federal do Brasil em Maceio (AL), Código FG-1.</p><p>Nº 4.616 Designar o Analista-Tributário da Receita Federal do Brasil IVAN DE FREITAS MELO, matrícula SiapeCad nº 00012066, para exercer a Função Gratificada de Agente da Receita Federal do Brasil em Penedo (AL), jurisdição da Delegacia da Receita Federal do Brasil em Maceio (AL), Código FG-3.</p>]]></Texto>
    <Autores>
      <assina>JORGE ANTONIO DEHER RACHID</assina>
    </Autores>
  </body>
</article></xml>