﻿<xml><article id="1021934" name="Portaria nº 1317-2017" idOficio="4619128" pubName="DO2" artType="Portaria" pubDate="08/01/2018" artClass="00037:00047:00001:00000:00000:00000:00000:00000:00000:00000:00025:00001" artSection="Gabinete da Presidência" artCategory="Gabinete da Presidência" artSize="8" artNotes="" numberPage="56" pdfPage="http://pesquisa.in.gov.br/imprensa/jsp/visualiza/index.jsp?data=08/01/2018&amp;jornal=529&amp;pagina=56" editionNumber="5">
  <body>
    <Identifica><![CDATA[PORTARIA Nº 1317, DE 20 DE DEZEMBRO DE 2017]]></Identifica>
    <Data><![CDATA[]]></Data>
    <Ementa />
    <Titulo />
    <SubTitulo />
    <Texto><![CDATA[<p> </p><p> A DESEMBARGADORA PRESIDENTE DO TRIBUNAL REGIONAL DO TRABALHO DA OITAVA REGIÃO, no uso de suas atribuições legais e regimentais, e</p><p>CONSIDERANDO o disposto no artigo 36 da Lei nº 8.112/1990 e nos artigos 28 e 29 da Resolução CSJT nº 110/2012;</p><p>CONSIDERANDO a cessação do motivo ensejador da remoção para acompanhar cônjuge concedida à servidora KARLA RAFAELLI RIBEIRO VALENTE, efetivada por meio da Portaria PRESI n° 1251/2016;</p><p>CONSIDERANDO que a servidora KARLA RAFAELLI RIBEIRO VALENTE declinou do período de trânsito, conforme mensagem eletrônica encaminhada em 19 de dezembro de 2017;</p><p>CONSIDERANDO o disposto na Resolução CSJT nº 110/2012, no artigo 18 da Lei nº 8.112/1990 e na Portaria PRESI nº 116/2014;</p><p>CONSIDERANDO o constante dos autos do Processo Administrativo Eletrônico TRT8PROAD nº 30287/2016 e, ainda, o interesse do serviço, resolve:</p><p>I - CESSAR os efeitos do item I da Portaria PRESI nº 1251/2016, quanto à remoção da servidora KARLA RAFAELLI RIBEIRO VALENTE, Analista Judiciária, Área Judiciária, Especialidade Oficial de Justiça Avaliador Federal, código Mentorh nº 2755, para o Egrégio Tribunal Regional do Trabalho da 10ª Região, para acompanhar cônjuge;</p><p>II - Esta Portaria entrará em vigor a partir da data de sua publicação.</p><p> </p>]]></Texto>
    <Autores>
      <assina>SUZY ELIZABETH CAVALCANTE KOURY</assina>
    </Autores>
  </body>
</article></xml>