﻿<xml><article id="961261" name="Port. 887 - ATQINTECTA 47 - ELIA" idOficio="4620721" pubName="DO2" artType="Portaria" pubDate="02/01/2018" artClass="00011:00134:00001:00012:00007:00000:00000:00000:00000:00000:00025:00001" artSection="Departamento de Administração de Pessoal" artCategory="Departamento de Administração de Pessoal" artSize="8" artNotes="" numberPage="35" pdfPage="http://pesquisa.in.gov.br/imprensa/jsp/visualiza/index.jsp?data=02/01/2018&amp;jornal=529&amp;pagina=35" editionNumber="1">
  <body>
    <Identifica><![CDATA[PORTARIA Nº 887, DE 26 DE DEZEMBRO DE 2017]]></Identifica>
    <Data><![CDATA[]]></Data>
    <Ementa />
    <Titulo />
    <SubTitulo />
    <Texto><![CDATA[<p> A Diretora, em exercício, do Departamento de Administração de Pessoal da Universidade Federal de Santa Catarina, no uso de suas atribuições, resolve:</p><p>Aposentar ELIANE MARIA MOTTER ZONTA, matrícula SIAPE 1158824, código de vaga nº 690525, ocupante do cargo de Assistente em Administração, nível de classificação D, nível de capacitação 4, padrão de vencimento 16, no regime de trabalho de 40 (quarenta) horas semanais, da carreira técnico-administrativa da Universidade Federal de Santa Catarina, nos termos do art. 3º, incisos I a III e parágrafo único da Emenda Constitucional nº 47 de 05 de julho de 2005, com proventos integrais, incorporando 13% (treze por cento) de adicional por tempo de serviço e incorporação de 10/10  (dez décimos) de FG-04, transformados em vantagem pessoal nominalmente identificada de que trata o artigo 62-A da Lei n° 8.112/90, com redação dada pela Medida Provisória nº 2.225-45 de 04 de setembro de 2001. (Processo nº 23080.059021/2017-41)</p><p> </p><p> </p>]]></Texto>
    <Autores>
      <assina>Nádia Cristina Zunino Simone</assina>
    </Autores>
  </body>
</article></xml>