﻿<xml><article id="1021985" name="publicar-08-jan-DOU 2-MT-2PT-391" idOficio="4621573" pubName="DO2" artType="Portaria" pubDate="08/01/2018" artClass="00033:00007:00031:00000:00000:00000:00000:00000:00000:00000:00025:00001" artSection="Procuradoria da República no Estado do Mato Grosso" artCategory="Procuradoria da República no Estado do Mato Grosso" artSize="8" artNotes="" numberPage="39" pdfPage="http://pesquisa.in.gov.br/imprensa/jsp/visualiza/index.jsp?data=08/01/2018&amp;jornal=529&amp;pagina=39" editionNumber="5">
  <body>
    <Identifica><![CDATA[PORTARIA Nº 391, de 20 de dezembro de 2017]]></Identifica>
    <Data><![CDATA[]]></Data>
    <Ementa />
    <Titulo />
    <SubTitulo />
    <Texto><![CDATA[<p> O PROCURADOR-CHEFE SUBSTITUTO DA PROCURADORIA DA REPÚBLICA NO ESTADO DE MATO GROSSO, com lastro no inciso II do artigo 50 da Lei Complementar nº75, de 20 de maio de 1993, por força do que dispõe a Portaria PGR/MPF nº1037, de 27/09/2017, publicada no DOU - Seção 2, de 02/10/2017, resolve:</p><p>Art. 1º. Dispensar a servidora Carla Soares Imakawa Carvalho, Técnico do MPU/Apoio Técnico Administrativo/Administração, matrícula nº 26687, da função de Chefe do Setor Administrativo, FC-1, da Procuradoria da República no Município de Barra do Garças.</p><p>Art. 2º. Exonerar o servidor João Paulo Gouveia Pereira, Técnico do MPU/Apoio Técnico Administrativo/Administração, matrícula nº 24823, do cargo de Assessor Nível II, CC-2, do Gabinete de Procurador da República Guilherme Fernandes Ferreira Tavares, da Procuradoria da República no Município de Barra do Garças.</p><p>Art. 3º. Designar o servidor João Paulo Gouveia Pereira, Técnico do MPU/Apoio Técnico Administrativo/Administração, matrícula nº 24823, para a função de Coordenador de PRM - Nivel I, FC-3, da Coordenadoria da Procuradoria da República no Município de Barra do Garças.</p>]]></Texto>
    <Autores>
      <assina>VINICIUS ALEXANDRE FORTES DE BARROS</assina>
    </Autores>
  </body>
</article></xml>