﻿<xml><article id="961405" name="PRFB4128a4225" idOficio="4622210" pubName="DO2" artType="Portaria" pubDate="02/01/2018" artClass="00012:00055:00000:00000:00000:00000:00000:00000:00000:00000:00025:00004" artSection="Ministério da Fazenda" artCategory="Secretaria da Receita Federal do Brasil" artSize="8" artNotes="" numberPage="51-52-59" pdfPage="http://pesquisa.in.gov.br/imprensa/jsp/visualiza/index.jsp?data=02/01/2018&amp;jornal=529&amp;pagina=51,http://pesquisa.in.gov.br/imprensa/jsp/visualiza/index.jsp?data=02/01/2018&amp;jornal=529&amp;pagina=52,http://pesquisa.in.gov.br/imprensa/jsp/visualiza/index.jsp?data=02/01/2018&amp;jornal=529&amp;pagina=59" editionNumber="1">
  <body>
    <Identifica><![CDATA[PORTARIAS DE 26 DE DEZEMBRO DE 2017]]></Identifica>
    <Data><![CDATA[]]></Data>
    <Ementa />
    <Titulo />
    <SubTitulo />
    <Texto><![CDATA[<p> O SECRETÁRIO DA RECEITA FEDERAL DO BRASIL, no uso das competências que lhe foram delegada e subdelegada, respectivamente, pelas Portarias MF nºs 392 e 393, de 14 de julho de 2009, alteradas pela Portaria MF nº 100, de 28 de março de 2017, resolve:</p><p>Nº 4.128 Designar o Analista-Tributário da Receita Federal do Brasil IGOR MICHAEL ALMEIDA VELUDO GOUVEIA, matrícula SiapeCad nº 01293178, para exercer a Função Gratificada de Chefe da Seção de Planejamento, Avaliação e Controle - Sapav da Superintendência Regional da Receita Federal do Brasil da 2ª Região Fiscal (PA), Código FG-1.</p><p>Nº 4.129 Designar a Assistente Técnico-Administrativo ANA BEATRIZ SANTOS CORREA, matrícula SiapeCad nº 01594808, para exercer a Função Gratificada de Chefe da Seção de Comunicação Institucional - Sacin da Superintendência Regional da Receita Federal do Brasil da 2ª Região Fiscal (PA), Código FG-1.</p><p>Nº 4.130 Designar a Auditora-Fiscal da Receita Federal do Brasil THAISA DE OLIVEIRA SILVEIRA, matrícula SiapeCad nº 01570247, para exercer a Função Comissionada do Poder Executivo de Chefe do Serviço de Fiscalização dos Maiores Contribuintes - Sefim da Superintendência Regional da Receita Federal do Brasil da 2ª Região Fiscal (PA), Código FCPE-101.1.</p><p>Nº 4.131 Designar a Auditora-Fiscal da Receita Federal do Brasil SIMONE MAIA COVRE, matrícula SiapeCad nº 02006739, para exercer a Função Comissionada do Poder Executivo de Chefe do Serviço Regional de Programação, Avaliação e Controle da Atividade Fiscal - Sepac da Superintendência Regional da Receita Federal do Brasil da 2ª Região Fiscal (PA), Código FCPE-101.1.</p><p>Nº 4.132 Designar o Auditor-Fiscal da Receita Federal do Brasil TITO MARCUS DE LIMA COELHO, matrícula SiapeCad nº 00013367, para exercer a Função Comissionada do Poder Executivo de Chefe da Divisão de Vigilância e Repressão ao Contrabando e Descaminho - Direp da Superintendência Regional da Receita Federal do Brasil da 2ª Região Fiscal (PA), Código FCPE-101.2.</p><p>Nº 4.133 Designar o Auditor-Fiscal da Receita Federal do Brasil ALAN SULLIVAN SILVA DE VASCONCELOS, matrícula SiapeCad nº 01490835, para exercer o encargo de Substituto Eventual do Chefe da Divisão de Vigilância e Repressão ao Contrabando e Descaminho - Direp da Superintendência Regional da Receita Federal do Brasil da 2ª Região Fiscal (PA), Código FCPE-101.2.</p><p>Nº 4.134 Designar o Auditor-Fiscal da Receita Federal do Brasil ALAN SULLIVAN SILVA DE VASCONCELOS, matrícula SiapeCad nº 01490835, para exercer a Função Gratificada de Chefe da Seção de Operações de Vigilância e Repressão ao Contrabando e Descaminho - Saope da Superintendência Regional da Receita Federal do Brasil da 2ª Região Fiscal (PA), Código FG-1.</p><p>Nº 4.135 Designar o Analista-Tributário da Receita Federal do Brasil WALTER SALEMA MAIA PRADO, matrícula SiapeCad nº 01301252, para exercer a Função Gratificada de Chefe da Seção de Licitações - Salic da Superintendência Regional da Receita Federal do Brasil da 2ª Região Fiscal (PA), Código FG-1.</p><p>Nº 4.136 Designar o Analista-Tributário da Receita Federal do Brasil PAULO EDMILSON NASCIMENTO DE OLIVEIRA, matrícula SiapeCad nº 00362696, para exercer a Função Gratificada de Chefe da Seção de Contratos - Sacon da Superintendência Regional da Receita Federal do Brasil da 2ª Região Fiscal (PA), Código FG-1.</p><p>Nº 4.137 Designar a Analista-Tributário da Receita Federal do Brasil ROSELI DE FATIMA TAVARES GUIMARAES, matrícula SiapeCad nº 00008842, para exercer a Função Gratificada de Chefe da Seção de Orçamento e Finanças - Saofi da Superintendência Regional da Receita Federal do Brasil da 2ª Região Fiscal (PA), Código FG-1.</p><p>Nº 4.138 Designar o Analista-Tributário da Receita Federal do Brasil PAULO CESAR SOUZA LOPES, matrícula SiapeCad nº 00006635, para exercer a Função Gratificada de Chefe do Núcleo de Contabilidade - Nutab da Superintendência Regional da Receita Federal do Brasil da 2ª Região Fiscal (PA), Código FG-3.</p><p>Nº 4.139 Designar o Analista-Tributário da Receita Federal do Brasil RONALDO NOGUEIRA DA SILVA, matrícula SiapeCad nº 01232580, para exercer a Função Comissionada do Poder Executivo de Chefe do Serviço de Mercadorias Apreendidas - Semap da Superintendência Regional da Receita Federal do Brasil da 2ª Região Fiscal (PA), Código FCPE-101.1.</p><p>Nº 4.140 Designar a Assistente Técnico-Administrativo SOPHIA HELENA LINS MESCOUTO, matrícula SiapeCad nº 01972868, para exercer o encargo de Substituto Eventual do Chefe do Serviço de Mercadorias Apreendidas - Semap da Superintendência Regional da Receita Federal do Brasil da 2ª Região Fiscal (PA), Código FCPE-101.1.</p><p>Nº 4.141 Designar a Técnico do Seguro Social MARLENE ALVES DE LIMA, matrícula SiapeCad nº 00815345, para exercer a Função Gratificada de Chefe do Núcleo de Patrimônio - Nupat da Superintendência Regional da Receita Federal do Brasil da 2ª Região Fiscal (PA), Código FG-3.</p><p>Nº 4.142 Designar o Analista-Tributário da Receita Federal do Brasil AUGUSTO DA COSTA COROA, matrícula SiapeCad nº 00008655, para exercer a Função Comissionada do Poder Executivo de Chefe da Divisão de Tecnologia e Segurança da Informação - Ditec da Superintendência Regional da Receita Federal do Brasil da 2ª Região Fiscal (PA), Código FCPE-101.2.</p><p>Nº 4.143 Designar o Analista-Tributário da Receita Federal do Brasil MAX ROTHE NEVES, matrícula SiapeCad nº 01295417, para exercer o encargo de Substituto Eventual do Chefe da Divisão de Tecnologia e Segurança da Informação - Ditec da Superintendência Regional da Receita Federal do Brasil da 2ª Região Fiscal (PA), Código FCPE-101.2.</p><p>Nº 4.144 Designar o Analista-Tributário da Receita Federal do Brasil MAX ROTHE NEVES, matrícula SiapeCad nº 01295417, para exercer a Função Gratificada de Chefe da Seção de Gestão Regional do Ambiente Informatizado - Sainf da Superintendência Regional da Receita Federal do Brasil da 2ª Região Fiscal (PA), Código FG-1.</p><p>Nº 4.145 Designar o Analista-Tributário da Receita Federal do Brasil MAX BASTOS DAVID, matrícula SiapeCad nº 00011112, para exercer a Função Gratificada de Chefe da Seção de Gestão Regional de Segurança da Informação - Saseg da Superintendência Regional da Receita Federal do Brasil da 2ª Região Fiscal (PA), Código FG-1.</p><p>Nº 4.146 Designar a Analista-Tributário da Receita Federal do Brasil DANIELLA MERCES, matrícula SiapeCad nº 01214339, para exercer a Função Comissionada do Poder Executivo de Chefe do Serviço de Gestão de Pessoas - Segep da Superintendência Regional da Receita Federal do Brasil da 2ª Região Fiscal (PA), Código FCPE-101.1.</p><p>Nº 4.147 Designar a Analista-Tributário da Receita Federal do Brasil ALESSANDRA PATRICIA DE AZEVEDO MARTINS, matrícula SiapeCad nº 01526037, para exercer o encargo de Substituto Eventual do Chefe do Serviço de Gestão de Pessoas - Segep da Superintendência Regional da Receita Federal do Brasil da 2ª Região Fiscal (PA), Código FCPE-101.1.</p><p>Nº 4.148 Designar o Analista Técnico-Administrativo FELIPE PEREIRA DE MACEDO UCHOA, matrícula SiapeCad nº 01975463, para exercer a Função Gratificada de Chefe da Seção de Administração de Pessoas - Saape da Superintendência Regional da Receita Federal do Brasil da 2ª Região Fiscal (PA), Código FG-1.</p><p>Nº 4.149 Designar a Analista-Tributário da Receita Federal do Brasil ALESSANDRA PATRICIA DE AZEVEDO MARTINS, matrícula SiapeCad nº 01526037, para exercer a Função Gratificada de Chefe da Seção de Pagamento de Pessoal - Sapag da Superintendência Regional da Receita Federal do Brasil da 2ª Região Fiscal (PA), Código FG-1.</p><p>Nº 4.150 Designar o Pedagogo JOSENILDO ROCHA CHAGAS, matrícula SiapeCad nº 01902337, para exercer a Função Gratificada de Chefe da Seção de Desenvolvimento, Capacitação e Gestão de Desempenho - Sadec da Superintendência Regional da Receita Federal do Brasil da 2ª Região Fiscal (PA), Código FG-1.</p><p>Nº 4.151 Designar a Analista-Tributário da Receita Federal do Brasil FERNANDA BARBOSA BRIOSO, matrícula SiapeCad nº 01214994, para exercer a Função Gratificada de Chefe da Seção de Legislação de Pessoal - Salep da Superintendência Regional da Receita Federal do Brasil da 2ª Região Fiscal (PA), Código FG-1.</p><p>Nº 4.152 Designar o Analista-Tributário da Receita Federal do Brasil ATANIEL JOSE MENDES DOS SANTOS, matrícula SiapeCad nº 01215001, para exercer a Função Gratificada de Chefe da Equipe de Vigilância e Repressão 1 - EVR1 da Superintendência Regional da Receita Federal do Brasil da 2ª Região Fiscal (PA), Código FG-1.</p><p>Nº 4.153 Designar o Analista-Tributário da Receita Federal do Brasil ADENIL DE JESUS DE LIMA RIBEIRO, matrícula SiapeCad nº 00008341, para exercer a Função Gratificada de Chefe da Seção de Tecnologia e Segurança da Informação - Satec da Delegacia da Receita Federal do Brasil em Belem (PA), Código FG-1.</p><p>Nº 4.154 Designar a Técnico do Seguro Social MARIA DE FATIMA DAMASCENO, matrícula SiapeCad nº 00833271, para exercer a Função Gratificada de Chefe da Seção de Gestão de Pessoas - Sagep da Delegacia da Receita Federal do Brasil em Belem (PA), Código FG-1.</p><p>Nº 4.155 Designar o Analista-Tributário da Receita Federal do Brasil EDSON NAZARENO MACIEL MOIA, matrícula SiapeCad nº 01302385, para exercer a Função Gratificada de Agente da Receita Federal do Brasil em Paragominas (PA), jurisdição da Delegacia da Receita Federal do Brasil em Belem (PA), Código FG-1.</p><p>Nº 4.156 Designar o Auditor-Fiscal da Receita Federal do Brasil GABRIEL RISSATO LEITE RIBEIRO, matrícula SiapeCad nº 01812359, para exercer a Função Gratificada de Chefe da Seção de Administração Aduaneira - Saana da Delegacia da Receita Federal do Brasil em Santarem (PA), Código FG-1.</p><p>Nº 4.157 Designar o Analista-Tributário da Receita Federal do Brasil EIMAR MELO NEVES, matrícula SiapeCad nº 00011131, para exercer a Função Gratificada de Chefe do Núcleo de Gestão Corporativa - Nucor da Delegacia da Receita Federal do Brasil em Santarem (PA), Código FG-3.</p><p>Nº 4.158 Designar o Analista-Tributário da Receita Federal do Brasil WANER ALMEIDA DE OLIVEIRA, matrícula SiapeCad nº 00057982, para exercer a Função Gratificada de Agente da Receita Federal do Brasil em óbidos (PA), jurisdição da Delegacia da Receita Federal do Brasil em Santarem (PA), Código FG-1.</p><p>Nº 4.159 Designar a Assistente Técnico-Administrativo ROSINEIDE DO SOCORRO DE OLIVEIRA PEREIRA ATAIDES, matrícula SiapeCad nº 01664729, para exercer a Função Gratificada de Chefe da Seção de Gestão Corporativa - Sacor da Delegacia da Receita Federal do Brasil em Maraba (PA), Código FG-1.</p><p>Nº 4.160 Designar a Analista-Tributário da Receita Federal do Brasil RAINETE COSTA MACIEL LACERDA, matrícula SiapeCad nº 00087533, para exercer a Função Gratificada de Agente da Receita Federal do Brasil em Tucurui (PA), jurisdição da Delegacia da Receita Federal do Brasil em Maraba (PA), Código FG-3.</p><p>Nº 4.161 Designar o Analista-Tributário da Receita Federal do Brasil JOSE IVAIDE GOMES, matrícula SiapeCad nº 00011213, para exercer a Função Gratificada de Agente da Receita Federal do Brasil em Redenção (PA), jurisdição da Delegacia da Receita Federal do Brasil em Maraba (PA), Código FG-3.</p><p>Nº 4.162 Nomear o Auditor-Fiscal da Receita Federal do Brasil ANTONIO MARCOS CAMPOS LIMA, matrícula SiapeCad nº 00057247, para exercer o cargo em comissão de Delegado da Alfândega da Receita Federal do Brasil em Belém (PA), Código DAS-101.2.</p><p>Nº 4.163 Designar o Auditor-Fiscal da Receita Federal do Brasil BENEDITO JOSE AZEVEDO, matrícula SiapeCad nº 00022372, para exercer o encargo de Substituto Eventual do Delegado da Alfândega da Receita Federal do Brasil em Belém (PA), Código DAS-101.2.</p><p>Nº 4.164 Designar o Auditor-Fiscal da Receita Federal do Brasil BENEDITO JOSE AZEVEDO, matrícula SiapeCad nº 00022372, para exercer a Função Comissionada do Poder Executivo de Delegado Adjunto da Alfândega da Receita Federal do Brasil em Belém (PA), Código FCPE-101.1.</p><p>Nº 4.165 Designar o Analista-Tributário da Receita Federal do Brasil LUIZ FELIPE SOUZA RODRIGUES, matrícula SiapeCad nº 01295193, para exercer a Função Gratificada de Chefe da Seção de Assessoramento Técnico Aduaneiro - Saata da Alfândega da Receita Federal do Brasil em Belém (PA), Código FG-1.</p><p>Nº 4.166 Designar o Auditor-Fiscal da Receita Federal do Brasil SAVIO FRANCISCO DE FIGUEIREDO LUZ, matrícula SiapeCad nº 01214250, para exercer a Função Comissionada do Poder Executivo de Chefe do Serviço de Despacho Aduaneiro - Sedad da Alfândega da Receita Federal do Brasil em Belém (PA), Código FCPE-101.1.</p><p>Nº 4.167 Designar a Auditora-Fiscal da Receita Federal do Brasil MARILZA DALMASO BRASIL DIAS, matrícula SiapeCad nº 01223162, para exercer o encargo de Substituto Eventual do Chefe do Serviço de Despacho Aduaneiro - Sedad da Alfândega da Receita Federal do Brasil em Belém (PA), Código FCPE-101.1.</p><p>Nº 4.168 Designar o Auditor-Fiscal da Receita Federal do Brasil OSMAR DE QUEIROZ HOLANDA NETO, matrícula SiapeCad nº 01293916, para exercer a Função Gratificada de Chefe da Seção de Controle Aduaneiro Pós Despacho - Sacap da Alfândega da Receita Federal do Brasil em Belém (PA), Código FG-1.</p><p>Nº 4.169 Designar o Auditor-Fiscal da Receita Federal do Brasil FRANCISCO DAS CHAGAS FONTENELLE FEIJO JUNIOR, matrícula SiapeCad nº 01323244, para exercer a Função Gratificada de Chefe da Seção de Vigilância Aduaneira - Savig da Alfândega da Receita Federal do Brasil em Belém (PA), Código FG-1.</p><p>Nº 4.170 Designar o Analista-Tributário da Receita Federal do Brasil EVERTON BRAGA GUIMARAES, matrícula SiapeCad nº 01296637, para exercer a Função Gratificada de Chefe da Equipe Aduaneira 1 - EAD1 da Alfândega da Receita Federal do Brasil em Belém (PA), Código FG-1.</p><p>Nº 4.171 Designar a Analista-Tributário da Receita Federal do Brasil ANALIA MARIA RODRIGUES TORRES, matrícula SiapeCad nº 00003015, para exercer a Função Gratificada de Chefe da Equipe Aduaneira 2 - EAD2 da Alfândega da Receita Federal do Brasil em Belém (PA), Código FG-2.</p><p>Nº 4.172 Designar o Analista-Tributário da Receita Federal do Brasil LEONIDAS GONCALVES DE ALCANTARA, matrícula SiapeCad nº 00023858, para exercer a Função Gratificada de Chefe da Equipe Aduaneira 3 - EAD3 da Alfândega da Receita Federal do Brasil em Belém (PA), Código FG-2.</p><p>Nº 4.173 Designar o Analista-Tributário da Receita Federal do Brasil RILDO JEAN DE SOUSA TEIXEIRA, matrícula SiapeCad nº 00087850, para exercer a Função Gratificada de Chefe da Equipe de Vigilância e Repressão 1 - EVR1 da Alfândega da Receita Federal do Brasil em Belém (PA), Código FG-3.</p><p>Nº 4.174 Designar o Analista-Tributário da Receita Federal do Brasil TALES DOS SANTOS QUEIROZ, matrícula SiapeCad nº 00057338, para exercer a Função Gratificada de Chefe da Equipe de Tecnologia e Segurança da Informação 1 - ETI1 da Alfândega da Receita Federal do Brasil em Belém (PA), Código FG-1.</p><p>Nº 4.175 Designar a Analista-Tributário da Receita Federal do Brasil AYDEE YNAH DAS NEVES PINTO, matrícula SiapeCad nº 00003343, para exercer a Função Gratificada de Chefe da Equipe de Gestão de Pessoas 1 - EGP1 da Alfândega da Receita Federal do Brasil em Belém (PA), Código FG-1.</p><p>Nº 4.176 Designar o Auditor-Fiscal da Receita Federal do Brasil BRUNO DA ROCHA LEITE, matrícula SiapeCad nº 00065507, para exercer a Função Comissionada do Poder Executivo de Inspetor-Chefe da Receita Federal do Brasil em Aeroporto Internacional de Belém (PA), jurisdição da Alfândega da Receita Federal do Brasil em Belém (PA), Código FCPE-101.1.</p><p>Nº 4.177 Designar o Auditor-Fiscal da Receita Federal do Brasil BRUNO MARTINS MOUTINHO, matrícula SiapeCad nº 01302762, para exercer o encargo de Substituto Eventual do Inspetor-Chefe da Receita Federal do Brasil em Aeroporto Internacional de Belém (PA), jurisdição da Alfândega da Receita Federal do Brasil em Belém (PA), Código FCPE-101.1.</p><p>Nº 4.178 Designar o Auditor-Fiscal da Receita Federal do Brasil BRUNO MARTINS MOUTINHO, matrícula SiapeCad nº 01302762, para exercer a Função Gratificada de Chefe da Seção de Administração Aduaneira - Saana da Inspetoria da Receita Federal do Brasil no Aeroporto Internacional de Belém (PA), jurisdição da Alfândega da Receita Federal do Brasil em Belém (PA), Código FG-1.</p><p>Nº 4.179 Designar o Auditor-Fiscal da Receita Federal do Brasil IRANILSON LUIZ BRASIL DIAS, matrícula SiapeCad nº 01171321, para exercer a Função Gratificada de Chefe da Seção de Vigilância Aduaneira - Savig da Inspetoria da Receita Federal do Brasil no Aeroporto Internacional de Belém (PA), jurisdição da Alfândega da Receita Federal do Brasil em Belém (PA), Código FG-1.</p><p>Nº 4.180 Designar a Analista-Tributário da Receita Federal do Brasil SHEILA BETANIA PANTOJA DE OLIVEIRA, matrícula SiapeCad nº 01214518, para exercer a Função Gratificada de Chefe da Equipe Aduaneira 1 - EAD1 da Inspetoria da Receita Federal do Brasil no Aeroporto Internacional de Belém (PA), jurisdição da Alfândega da Receita Federal do Brasil em Belém (PA), Código FG-2.</p><p>Nº 4.181 Designar o Auditor-Fiscal da Receita Federal do Brasil HEITOR LOPES MARTINS, matrícula SiapeCad nº 01171149, para exercer a Função Gratificada de Chefe da Equipe de Vigilância e Repressão 1 - EVR1 da Inspetoria da Receita Federal do Brasil no Aeroporto Internacional de Belém (PA), jurisdição da Alfândega da Receita Federal do Brasil em Belém (PA), Código FG-2.</p><p>Nº 4.182 Designar o Analista-Tributário da Receita Federal do Brasil ROBSON BOUTH LOURENCO, matrícula SiapeCad nº 01214525, para exercer a Função Gratificada de Chefe da Equipe de Gestão Corporativa 1 - EGC1 da Inspetoria da Receita Federal do Brasil no Aeroporto Internacional de Belém (PA), jurisdição da Alfândega da Receita Federal do Brasil em Belém (PA), Código FG-2.</p><p>Nº 4.183 Designar o Auditor-Fiscal da Receita Federal do Brasil THIAGO MARQUES GALVAO, matrícula SiapeCad nº 01573946, para exercer a Função Comissionada do Poder Executivo de Inspetor-Chefe da Receita Federal do Brasil em Barcarena (PA), jurisdição da Alfândega da Receita Federal do Brasil em Belém (PA), Código FCPE-101.1.</p><p>Nº 4.184 Designar o Auditor-Fiscal da Receita Federal do Brasil AMAURY KLAUTAU DE AMORIM, matrícula SiapeCad nº 00057249, para exercer o encargo de Substituto Eventual do Inspetor-Chefe da Receita Federal do Brasil em Barcarena (PA), jurisdição da Alfândega da Receita Federal do Brasil em Belém (PA), Código FCPE-101.1.</p><p>Nº 4.185 Designar o Auditor-Fiscal da Receita Federal do Brasil LUIS CARLOS GURGEL DO AMARAL, matrícula SiapeCad nº 02006996, para exercer a Função Gratificada de Chefe da Equipe Aduaneira 1 - EAD1 da Inspetoria da Receita Federal do Brasil em Barcarena (PA), jurisdição da Alfândega da Receita Federal do Brasil em Belém (PA), Código FG-3.</p><p>Nº 4.186 Designar o Analista-Tributário da Receita Federal do Brasil HELIEL FRANCINE AMARO, matrícula SiapeCad nº 00068852, para exercer a Função Comissionada do Poder Executivo de Chefe do Serviço de Tecnologia e Segurança da Informação - Setec da Delegacia da Receita Federal do Brasil em Manaus (AM), Código FCPE-101.1.</p><p>Nº 4.187 Designar o Analista-Tributário da Receita Federal do Brasil FRANCISCO CARLOS PORTELA LINHARES, matrícula SiapeCad nº 00009699, para exercer a Função Gratificada de Chefe da Equipe de Informação Fiscal 1 - EIF1 da Delegacia da Receita Federal do Brasil em Manaus (AM), Código FG-1.</p><p>Nº 4.188 Designar o Assistente Técnico-Administrativo LEONARDO LIMA MEDEIROS CAVALCANTI, matrícula SiapeCad nº 02003302, para exercer a Função Gratificada de Chefe da Equipe de Pagamento 1 - EPG1 da Delegacia da Receita Federal do Brasil em Manaus (AM), Código FG-3.</p><p>Nº 4.189 Nomear o Auditor-Fiscal da Receita Federal do Brasil JOSE ALVES DIAS, matrícula SiapeCad nº 00006562, para exercer o cargo em comissão de Delegado da Alfândega da Receita Federal do Brasil no Porto de Manaus (AM), Código DAS-101.3.</p><p>Nº 4.190 Designar o Auditor-Fiscal da Receita Federal do Brasil MARCELO AUGUSTO CALBO GARCIA, matrícula SiapeCad nº 01295443, para exercer o encargo de Substituto Eventual do Delegado da Alfândega da Receita Federal do Brasil no Porto de Manaus (AM), Código DAS-101.3.</p><p>Nº 4.191 Designar o Auditor-Fiscal da Receita Federal do Brasil MARCELO AUGUSTO CALBO GARCIA, matrícula SiapeCad nº 01295443, para exercer a Função Comissionada do Poder Executivo de Delegado Adjunto da Alfândega da Receita Federal do Brasil no Porto de Manaus (AM), Código FCPE-101.1.</p><p>Nº 4.192 Designar o Auditor-Fiscal da Receita Federal do Brasil ABDON DE OLIVEIRA BASTOS NETO, matrícula SiapeCad nº 00014259, para exercer a Função Gratificada de Chefe da Seção de Assessoramento Técnico Aduaneiro - Saata da Alfândega da Receita Federal do Brasil no Porto de Manaus (AM), Código FG-1.</p><p>Nº 4.193 Designar o Auditor-Fiscal da Receita Federal do Brasil JOSE EDUARDO VIANA, matrícula SiapeCad nº 01571927, para exercer a Função Gratificada de Chefe da Equipe de Gestão de Operadores Econômicos Autorizados 1 - EqOEA1 da Alfândega da Receita Federal do Brasil no Porto de Manaus (AM), Código FG-1.</p><p>Nº 4.194 Designar a Analista-Tributário da Receita Federal do Brasil MARIZE GONCALVES NERI, matrícula SiapeCad nº 01882324, para exercer a Função Gratificada de Chefe da Equipe de Logística 1 - ELG1 da Alfândega da Receita Federal do Brasil no Porto de Manaus (AM), Código FG-3.</p><p>Nº 4.195 Designar o Analista-Tributário da Receita Federal do Brasil MANOEL PAULO MATIAS DA SILVA, matrícula SiapeCad nº 00002849, para exercer a Função Gratificada de Chefe da Equipe de Tecnologia e Segurança da Informação 1 - ETI1 da Alfândega da Receita Federal do Brasil no Porto de Manaus (AM), Código FG-3.</p><p>Nº 4.196 Designar a Analista-Tributário da Receita Federal do Brasil GISELLY VITORINO DE LIRA, matrícula SiapeCad nº 01295925, para exercer a Função Gratificada de Chefe da Equipe de Gestão de Pessoas 1 - EGP1 da Alfândega da Receita Federal do Brasil no Porto de Manaus (AM), Código FG-3.</p><p>Nº 4.197 Designar a Técnico do Seguro Social HELYANA MARIA DE CARVALHO LIMA HAGE, matrícula SiapeCad nº 00818343, para exercer a Função Gratificada de Agente da Receita Federal do Brasil em Itacoatiara (AM), jurisdição da Alfândega da Receita Federal do Brasil no Porto de Manaus (AM), Código FG-1.</p><p>Nº 4.198 Nomear o Auditor-Fiscal da Receita Federal do Brasil EDUARDO BADARO FERNANDES, matrícula SiapeCad nº 01133034, para exercer o cargo em comissão de Delegado da Alfândega da Receita Federal do Brasil no Aeroporto Internacional Eduardo Gomes (AM), Código DAS-101.2.</p><p>Nº 4.199 Designar o Auditor-Fiscal da Receita Federal do Brasil MARCELO DOS SANTOS TAVARES, matrícula SiapeCad nº 00087776, para exercer o encargo de Substituto Eventual do Delegado da Alfândega da Receita Federal do Brasil no Aeroporto Internacional Eduardo Gomes (AM), Código DAS-101.2.</p><p>Nº 4.200 Designar o Auditor-Fiscal da Receita Federal do Brasil MARCELO DOS SANTOS TAVARES, matrícula SiapeCad nº 00087776, para exercer a Função Comissionada do Poder Executivo de Delegado Adjunto da Alfândega da Receita Federal do Brasil no Aeroporto Internacional Eduardo Gomes (AM), Código FCPE-101.1.</p><p>Nº 4.201 Designar o Auditor-Fiscal da Receita Federal do Brasil SEVERINO RAMOS SALVADOR PEREIRA, matrícula SiapeCad nº 00708743, para exercer a Função Gratificada de Chefe da Seção de Assessoramento Técnico Aduaneiro - Saata da Alfândega da Receita Federal do Brasil no Aeroporto Internacional Eduardo Gomes (AM), Código FG-1.</p><p>Nº 4.202 Designar o Auditor-Fiscal da Receita Federal do Brasil JOSE FERREIRA DO VALE, matrícula SiapeCad nº 00011796, para exercer a Função Comissionada do Poder Executivo de Chefe do Serviço de Despacho Aduaneiro - Sedad da Alfândega da Receita Federal do Brasil no Aeroporto Internacional Eduardo Gomes (AM), Código FCPE-101.1.</p><p>Nº 4.203 Designar o Auditor-Fiscal da Receita Federal do Brasil MARCO ANTONIO MARINHO NUNES, matrícula SiapeCad nº 01172180, para exercer o encargo de Substituto Eventual do Chefe do Serviço de Despacho Aduaneiro - Sedad da Alfândega da Receita Federal do Brasil no Aeroporto Internacional Eduardo Gomes (AM), Código FCPE-101.1.</p><p>Nº 4.204 Designar o Auditor-Fiscal da Receita Federal do Brasil MARCELO RAMOS DE ARAUJO, matrícula SiapeCad nº 01221286, para exercer a Função Gratificada de Chefe da Seção de Conferência de Bagagem - Sabag da Alfândega da Receita Federal do Brasil no Aeroporto Internacional Eduardo Gomes (AM), Código FG-1.</p><p>Nº 4.205 Designar a Auditora-Fiscal da Receita Federal do Brasil SARA BARBOSA RANGEL, matrícula SiapeCad nº 01954058, para exercer a Função Gratificada de Chefe da Seção de Procedimentos Especiais Aduaneiros - Sapea da Alfândega da Receita Federal do Brasil no Aeroporto Internacional Eduardo Gomes (AM), Código FG-1.</p><p>Nº 4.206 Designar o Auditor-Fiscal da Receita Federal do Brasil DIONIZIO INACIO DE OLIVEIRA, matrícula SiapeCad nº 02007199, para exercer a Função Gratificada de Chefe da Seção de Vigilância Aduaneira - Savig da Alfândega da Receita Federal do Brasil no Aeroporto Internacional Eduardo Gomes (AM), Código FG-1.</p><p>Nº 4.207 Designar a Auditora-Fiscal da Receita Federal do Brasil HELENA TELLECHEA PANSARD, matrícula SiapeCad nº 02007174, para exercer a Função Gratificada de Chefe da Seção de Gestão de Riscos Aduaneiros - Sarad da Alfândega da Receita Federal do Brasil no Aeroporto Internacional Eduardo Gomes (AM), Código FG-1.</p><p>Nº 4.208 Designar a Analista-Tributário da Receita Federal do Brasil MARIA MANUELA ESTEVES RAID, matrícula SiapeCad nº 00020937, para exercer a Função Gratificada de Chefe do Centro de Atendimento ao Contribuinte - CAC da Alfândega da Receita Federal do Brasil no Aeroporto Internacional Eduardo Gomes (AM), Código FG-1.</p><p>Nº 4.209 Designar o Auditor-Fiscal da Receita Federal do Brasil PAULO SERGIO SOUSA, matrícula SiapeCad nº 01173139, para exercer a Função Gratificada de Chefe da Equipe Aduaneira 4 - EAD4 da Alfândega da Receita Federal do Brasil no Aeroporto Internacional Eduardo Gomes (AM), Código FG-1.</p><p>Nº 4.210 Designar a Auditora-Fiscal da Receita Federal do Brasil LAURA DE CASTRO PENTEADO, matrícula SiapeCad nº 02006875, para exercer a Função Gratificada de Chefe da Equipe de Vigilância e Repressão 1 - EVR1 da Alfândega da Receita Federal do Brasil no Aeroporto Internacional Eduardo Gomes (AM), Código FG-3.</p><p>Nº 4.211 Designar o Técnico Nível Médio ALDEMIR MOREIRA RAMOS, matrícula SiapeCad nº 00810617, para exercer a Função Gratificada de Chefe da Equipe de Logística 1 - ELG1 da Alfândega da Receita Federal do Brasil no Aeroporto Internacional Eduardo Gomes (AM), Código FG-3.</p><p>Nº 4.212 Designar o Analista-Tributário da Receita Federal do Brasil JOSE OSVALDO DE VASCONCELOS JUNIOR, matrícula SiapeCad nº 01294497, para exercer a Função Gratificada de Chefe da Equipe de Tecnologia e Segurança da Informação 1 - ETI1 da Alfândega da Receita Federal do Brasil no Aeroporto Internacional Eduardo Gomes (AM), Código FG-3.</p><p>Nº 4.213 Designar o Assistente Técnico-Administrativo VIRGILIO SIMOES DA SILVA NETO, matrícula SiapeCad nº 02002677, para exercer a Função Gratificada de Chefe da Equipe de Gestão de Pessoas 1 - EGP1 da Alfândega da Receita Federal do Brasil no Aeroporto Internacional Eduardo Gomes (AM), Código FG-3.</p><p>Nº 4.214 Designar o Analista-Tributário da Receita Federal do Brasil ALMIR SILVA DA CRUZ, matrícula SiapeCad nº 00057294, para exercer a Função Gratificada de Chefe da Seção de Tecnologia e Segurança da Informação - Satec da Delegacia da Receita Federal do Brasil em Rio Branco (AC), Código FG-1.</p><p>Nº 4.215 Designar o Auditor-Fiscal da Receita Federal do Brasil ALEXANDRE TRAVERSI ANTUNES, matrícula SiapeCad nº 01401931, para exercer a Função Gratificada de Inspetor-Chefe da Receita Federal do Brasil em Epitaciolândia (AC), jurisdição da Delegacia da Receita Federal do Brasil em Rio Branco (AC), Código FG-1.</p><p>Nº 4.216 Designar o Analista-Tributário da Receita Federal do Brasil MELQUESEDEQUE DE OLIVEIRA FERREIRA, matrícula SiapeCad nº 00006784, para exercer a Função Gratificada de Chefe da Seção de Tecnologia e Segurança da Informação - Satec da Delegacia da Receita Federal do Brasil em Macapa (AP), Código FG-1.</p><p>Nº 4.217 Designar o Auditor-Fiscal da Receita Federal do Brasil RONALDO SILVA DE ALMEIDA, matrícula SiapeCad nº 00008741, para exercer a Função Gratificada de Chefe da Seção de Administração Aduaneira - Saana da Delegacia da Receita Federal do Brasil em Porto Velho (RO), Código FG-1.</p><p>Nº 4.218 Designar o Auditor-Fiscal da Receita Federal do Brasil RICARDO HENRIQUE DE OLIVEIRA, matrícula SiapeCad nº 01812869, para exercer a Função Gratificada de Chefe da Seção de Vigilância e Repressão ao Contrabando e Descaminho - Sarep da Delegacia da Receita Federal do Brasil em Porto Velho (RO), Código FG-1.</p><p>Nº 4.219 Designar a Analista-Tributário da Receita Federal do Brasil SORAYA SILVA CONDESSA, matrícula SiapeCad nº 01878691, para exercer a Função Gratificada de Chefe da Seção de Tecnologia e Segurança da Informação - Satec da Delegacia da Receita Federal do Brasil em Porto Velho (RO), Código FG-1.</p><p>Nº 4.220 Designar a Auditora-Fiscal da Receita Federal do Brasil ANDREZZA DE CASTRO SOUZA, matrícula SiapeCad nº 01573227, para exercer a Função Gratificada de Chefe da Seção de Administração Aduaneira - Saana da Inspetoria da Receita Federal do Brasil em Guajara-mirim (RO), jurisdição da Delegacia da Receita Federal do Brasil em Porto Velho (RO), Código FG-1.</p><p>Nº 4.221 Designar o Auditor-Fiscal da Receita Federal do Brasil MARCIO EDUARDO FERREIRA, matrícula SiapeCad nº 01292125, para exercer a Função Gratificada de Chefe da Equipe Aduaneira 1 - EAD1 da Inspetoria da Receita Federal do Brasil em Guajara-mirim (RO), jurisdição da Delegacia da Receita Federal do Brasil em Porto Velho (RO), Código FG-3.</p><p>Nº 4.222 Designar a Assistente Técnico-Administrativo VERIDIANE FERREIRA DOS SANTOS, matrícula SiapeCad nº 01489383, para exercer a Função Gratificada de Chefe da Seção de Gestão Corporativa - Sacor da Delegacia da Receita Federal do Brasil em Ji-parana (RO), Código FG-1.</p><p>Nº 4.223 Designar o Auditor-Fiscal da Receita Federal do Brasil JACKSON CAMARA DE SOUZA, matrícula SiapeCad nº 02006755, para exercer a Função Gratificada de Chefe da Equipe Aduaneira 1 - EAD1 da Delegacia da Receita Federal do Brasil em Ji-parana (RO), Código FG-3.</p><p>Nº 4.224 Designar o Auditor-Fiscal da Receita Federal do Brasil JOSE SILVINO FORTUNATO BARREIROS, matrícula SiapeCad nº 00062330, para exercer a Função Gratificada de Chefe da Seção de Administração Aduaneira - Saana da Delegacia da Receita Federal do Brasil em Boa Vista (RR), Código FG-1.</p><p>Nº 4.225 Designar o Auditor-Fiscal da Receita Federal do Brasil JOAQUIM JERONIMO DA SILVA FILHO, matrícula SiapeCad nº 00116032, para exercer a Função Gratificada de Chefe da Seção de Vigilância e Repressão ao Contrabando e Descaminho - Sarep da Delegacia da Receita Federal do Brasil em Boa Vista (RR), Código FG-1.</p>]]></Texto>
    <Autores>
      <assina>JORGE ANTONIO DEHER RACHID</assina>
    </Autores>
  </body>
</article></xml>