﻿<xml><article id="961396" name="PRFB4452a4534" idOficio="4622210" pubName="DO2" artType="Portaria" pubDate="02/01/2018" artClass="00012:00055:00000:00000:00000:00000:00000:00000:00000:00000:00025:00007" artSection="Ministério da Fazenda" artCategory="Secretaria da Receita Federal do Brasil" artSize="8" artNotes="" numberPage="58-59-66" pdfPage="http://pesquisa.in.gov.br/imprensa/jsp/visualiza/index.jsp?data=02/01/2018&amp;jornal=529&amp;pagina=58,http://pesquisa.in.gov.br/imprensa/jsp/visualiza/index.jsp?data=02/01/2018&amp;jornal=529&amp;pagina=59,http://pesquisa.in.gov.br/imprensa/jsp/visualiza/index.jsp?data=02/01/2018&amp;jornal=529&amp;pagina=66" editionNumber="1">
  <body>
    <Identifica><![CDATA[PORTARIAS DE 26 DE DEZEMBRO DE 2017]]></Identifica>
    <Data><![CDATA[]]></Data>
    <Ementa />
    <Titulo />
    <SubTitulo />
    <Texto><![CDATA[<p> </p><p> O SECRETÁRIO DA RECEITA FEDERAL DO BRASIL, no uso das competências que lhe foram delegada e subdelegada, respectivamente, pelas Portarias MF nºs 392 e 393, de 14 de julho de 2009, alteradas pela Portaria MF nº 100, de 28 de março de 2017, resolve:</p><p>Nº 4.452 Dispensar, a partir de 01/01/2018, a Analista-Tributário da Receita Federal do Brasil NATERCIA SIMPLICIO DA SILVA, matrícula SiapeCad nº 00016197, da Função Gratificada de Assistente da Superintendência Regional da Receita Federal do Brasil da 4ª Região Fiscal (PE), Código FG-2.</p><p>Nº 4.453 Dispensar, a partir de 01/01/2018, o Analista-Tributário da Receita Federal do Brasil DANIEL VIEIRA DE OLIVEIRA SILVA, matrícula SiapeCad nº 01293493, da Função Gratificada de Assistente da Superintendência Regional da Receita Federal do Brasil da 4ª Região Fiscal (PE), Código FG-2.</p><p>Nº 4.454 Dispensar, a partir de 01/01/2018, o Analista-Tributário da Receita Federal do Brasil CARLOS ROMERO SILVEIRA WANDERLEY, matrícula SiapeCad nº 00018693, da Função Gratificada de Assistente da Superintendência Regional da Receita Federal do Brasil da 4ª Região Fiscal (PE), Código FG-2.</p><p>Nº 4.455 Dispensar, a partir de 01/01/2018, a Analista-Tributário da Receita Federal do Brasil TAMARA KELLY DELGADO PAES BARRETO, matrícula SiapeCad nº 01811724, da Função Gratificada de Assistente da Superintendência Regional da Receita Federal do Brasil da 4ª Região Fiscal (PE), Código FG-3.</p><p>Nº 4.456 Dispensar, a partir de 01/01/2018, o Auditor-Fiscal da Receita Federal do Brasil MARCONI PEDRO DA SILVA, matrícula SiapeCad nº 00076194, da Função Gratificada de Assistente da Superintendência Regional da Receita Federal do Brasil da 4ª Região Fiscal (PE), Código FG-3.</p><p>Nº 4.457 Dispensar, a partir de 01/01/2018, o Analista-Tributário da Receita Federal do Brasil FABIO DE CARVALHO GUIMARAES, matrícula SiapeCad nº 00014525, da Função Comissionada do Poder Executivo de Chefe da Divisão de Tecnologia da Informação - Ditec da Superintendência Regional da Receita Federal do Brasil da 4ª Região Fiscal (PE), Código FCPE-101.2.</p><p>Nº 4.458 Dispensar, a partir de 01/01/2018, a Analista-Tributário da Receita Federal do Brasil NATERCIA SIMPLICIO DA SILVA, matrícula SiapeCad nº 00016197, do encargo de Substituto Eventual do Chefe da Divisão de Tecnologia da Informação - Ditec da Superintendência Regional da Receita Federal do Brasil da 4ª Região Fiscal (PE), Código FCPE-101.2.</p><p>Nº 4.459 Dispensar, a partir de 01/01/2018, o Auditor-Fiscal da Receita Federal do Brasil CARLOS EDUARDO BARROS FIGUEREDO, matrícula SiapeCad nº 01653917, da Função Comissionada do Poder Executivo de Chefe da Divisão de Repressão ao Contrabando e Descaminho - Direp da Superintendência Regional da Receita Federal do Brasil da 4ª Região Fiscal (PE), Código FCPE-101.2.</p><p>Nº 4.460 Dispensar, a partir de 01/01/2018, o Auditor-Fiscal da Receita Federal do Brasil CARLOS FERNANDO FIGUEIREDO BARROS, matrícula SiapeCad nº 00004647, do encargo de Substituto Eventual do Chefe da Divisão de Repressão ao Contrabando e Descaminho - Direp da Superintendência Regional da Receita Federal do Brasil da 4ª Região Fiscal (PE), Código FCPE-101.2.</p><p>Nº 4.461 Dispensar, a partir de 01/01/2018, o Analista-Tributário da Receita Federal do Brasil JOSE ROBERTO FERREIRA BEM, matrícula SiapeCad nº 00009459, da Função Gratificada de Chefe da Seção de Gestão de Mercadorias Apreendidas - Samap da Superintendência Regional da Receita Federal do Brasil da 4ª Região Fiscal (PE), Código FG-1.</p><p>Nº 4.462 Dispensar, a partir de 01/01/2018, o Auditor-Fiscal da Receita Federal do Brasil LIA FOOK SHIAM, matrícula SiapeCad nº 00027980, da Função Gratificada de Chefe da Equipe de Fiscalização - EFI da Superintendência Regional da Receita Federal do Brasil da 4ª Região Fiscal (PE), Código FG-1.</p><p>Nº 4.463 Dispensar, a partir de 01/01/2018, a Agente Administrativo NAJDA MARQUES CARNEIRO, matrícula SiapeCad nº 00063571, da Função Gratificada de Chefe da Equipe de Gestão de Pessoas - EGP da Superintendência Regional da Receita Federal do Brasil da 4ª Região Fiscal (PE), Código FG-1.</p><p>Nº 4.464 Dispensar, a partir de 01/01/2018, o Analista-Tributário da Receita Federal do Brasil JOSE CARLOS DE MELO SILVA, matrícula SiapeCad nº 01214307, da Função Gratificada de Chefe da Equipe de Logística - ELG da Superintendência Regional da Receita Federal do Brasil da 4ª Região Fiscal (PE), Código FG-1.</p><p>Nº 4.465 Dispensar, a partir de 01/01/2018, o Analista-Tributário da Receita Federal do Brasil CLOVIS JOSE CAMINHA CALADO, matrícula SiapeCad nº 01214376, da Função Comissionada do Poder Executivo de Chefe do Serviço de Tecnologia da Informação - Setec da Delegacia da Receita Federal do Brasil em Recife (PE), Código FCPE-101.1.</p><p>Nº 4.466 Dispensar, a partir de 01/01/2018, o Perfurador Digitador COMATSY MUNIZ PACHECO, matrícula SiapeCad nº 01174399, do encargo de Substituto Eventual do Chefe do Serviço de Tecnologia da Informação - Setec da Delegacia da Receita Federal do Brasil em Recife (PE), Código FCPE-101.1.</p><p>Nº 4.467 Dispensar, a partir de 01/01/2018, a Analista-Tributário da Receita Federal do Brasil VIVIA SUELEN FERRAZ FERREIRA, matrícula SiapeCad nº 01294385, da Função Comissionada do Poder Executivo de Chefe do Centro de Atendimento ao Contribuinte - CAC/Centro da Delegacia da Receita Federal do Brasil em Recife (PE), Código FCPE-101.1.</p><p>Nº 4.468 Dispensar, a partir de 01/01/2018, a Analista-Tributário da Receita Federal do Brasil ELIZABETH MOTA VALENCA GONCALVES, matrícula SiapeCad nº 00016229, do encargo de Substituto Eventual do Chefe do Centro de Atendimento ao Contribuinte - CAC/Centro da Delegacia da Receita Federal do Brasil em Recife (PE), Código FCPE-101.1.</p><p>Nº 4.469 Dispensar, a partir de 01/01/2018, o Auditor-Fiscal da Receita Federal do Brasil RENATO LUIZ BAUERMANN, matrícula SiapeCad nº 00010556, da Função Gratificada de Chefe da Seção de Programação, Avaliação e Controle da Atividade Fiscal - Sapac da Delegacia da Receita Federal do Brasil em Recife (PE), Código FG-1.</p><p>Nº 4.470 Dispensar, a partir de 01/01/2018, a Agente Administrativo LEDA REJANE DE OLIVEIRA FONSECA, matrícula SiapeCad nº 00064053, da Função Gratificada de Agente da Receita Federal do Brasil em Goiana (PE), jurisdição da Delegacia da Receita Federal do Brasil em Recife (PE), Código FG-3.</p><p>Nº 4.471 Dispensar, a partir de 01/01/2018, o Técnico do Seguro Social FRANCISCO ROQUE DA SILVA NETO, matrícula SiapeCad nº 01218289, da Função Gratificada de Chefe da Equipe de Atendimento ao Contribuinte - EAT da Agência da Receita Federal do Brasil em Palmares (PE), jurisdição da Delegacia da Receita Federal do Brasil em Recife (PE), Código FG-3.</p><p>Nº 4.472 Dispensar, a partir de 01/01/2018, a Técnico do Seguro Social CERES REGINA FERREIRA PAIVA DE LIMA, matrícula SiapeCad nº 00838366, da Função Gratificada de Chefe da Equipe de Atendimento ao Contribuinte - EAT da Agência da Receita Federal do Brasil em Vitória de Santo Antão (PE), jurisdição da Delegacia da Receita Federal do Brasil em Recife (PE), Código FG-3.</p><p>Nº 4.473 Dispensar, a partir de 01/01/2018, a Técnico em Contabilidade MARIA DE FATIMA VASCONCELOS DE OLIVEIRA, matrícula SiapeCad nº 00072013, da Função Gratificada de Chefe da Seção de Tecnologia da Informação e Logística - Satel da Delegacia da Receita Federal do Brasil em Caruaru (PE), Código FG-1.</p><p>Nº 4.474 Dispensar, a partir de 01/01/2018, o Técnico do Seguro Social DOBERTINO JORGE DE LIMA, matrícula SiapeCad nº 00838252, da Função Gratificada de Chefe da Equipe de Atendimento ao Contribuinte - EAT da Agência da Receita Federal do Brasil em Arcoverde (PE), jurisdição da Delegacia da Receita Federal do Brasil em Caruaru (PE), Código FG-3.</p><p>Nº 4.475 Dispensar, a partir de 01/01/2018, o Analista-Tributário da Receita Federal do Brasil FABIO GUEDES DE ARAUJO REGO, matrícula SiapeCad nº 01560193, da Função Gratificada de Chefe da Equipe de Atendimento ao Contribuinte - EAT da Agência da Receita Federal do Brasil em Garanhuns (PE), jurisdição da Delegacia da Receita Federal do Brasil em Caruaru (PE), Código FG-3.</p><p>Nº 4.476 Dispensar, a partir de 01/01/2018, o Agente Administrativo JOAO SERAFIM DOS SANTOS, matrícula SiapeCad nº 00003937, da Função Gratificada de Chefe da Equipe de Atendimento ao Contribuinte - EAT da Agência da Receita Federal do Brasil em Serra Talhada (PE), jurisdição da Delegacia da Receita Federal do Brasil em Caruaru (PE), Código FG-3.</p><p>Nº 4.477 Dispensar, a partir de 01/01/2018, o Auditor-Fiscal da Receita Federal do Brasil JOSE GUILHERME DE OLIVEIRA E MELLO, matrícula SiapeCad nº 00091116, da Função Gratificada de Chefe do Setor de Arrecadação e Cobrança - Sorac da Inspetoria da Receita Federal do Brasil em Petrolina (PE), jurisdição da Delegacia da Receita Federal do Brasil em Caruaru (PE), Código FG-2.</p><p>Nº 4.478 Dispensar, a partir de 01/01/2018, o Auditor-Fiscal da Receita Federal do Brasil PAULO LEONARDO NORONHA, matrícula SiapeCad nº 01222914, da Função Gratificada de Chefe do Setor de Fiscalização e de Controle Aduaneiro - Siana da Inspetoria da Receita Federal do Brasil em Petrolina (PE), jurisdição da Delegacia da Receita Federal do Brasil em Caruaru (PE), Código FG-2.</p><p>Nº 4.479 Dispensar, a partir de 01/01/2018, o Auditor-Fiscal da Receita Federal do Brasil EDIMARIO FELISMINO DE ARAUJO, matrícula SiapeCad nº 01173353, da Função Gratificada de Chefe da Equipe Aduaneira - EAD da Inspetoria da Receita Federal do Brasil em Petrolina (PE), jurisdição da Delegacia da Receita Federal do Brasil em Caruaru (PE), Código FG-3.</p><p>Nº 4.480 Exonerar, a partir de 01/01/2018, o Auditor-Fiscal da Receita Federal do Brasil RICARDO AUGUSTO DE BARROS CAMPELO, matrícula SiapeCad nº 01294448, do cargo em comissão de Inspetor-Chefe da Receita Federal do Brasil em Recife (PE), Código DAS-101.2.</p><p>Nº 4.481 Dispensar, a partir de 01/01/2018, o Auditor-Fiscal da Receita Federal do Brasil WERNHER TOLEDO FERNANDES, matrícula SiapeCad nº 00076282, do encargo de Substituto Eventual do Inspetor-Chefe da Receita Federal do Brasil em Recife (PE), Código DAS-101.2.</p><p>Nº 4.482 Dispensar, a partir de 01/01/2018, o Auditor-Fiscal da Receita Federal do Brasil GEORGE WAGNER DE ALMEIDA MARQUES, matrícula SiapeCad nº 00014332, da Função Comissionada do Poder Executivo de Chefe do Serviço de Fiscalização Aduaneira - Sefia da Inspetoria da Receita Federal do Brasil em Recife (PE), Código FCPE-101.1.</p><p>Nº 4.483 Dispensar, a partir de 01/01/2018, o Auditor-Fiscal da Receita Federal do Brasil MARCELO RODRIGUES MAIA, matrícula SiapeCad nº 01169608, do encargo de Substituto Eventual do Chefe do Serviço de Fiscalização Aduaneira - Sefia da Inspetoria da Receita Federal do Brasil em Recife (PE), Código FCPE-101.1.</p><p>Nº 4.484 Dispensar, a partir de 01/01/2018, a Analista-Tributário da Receita Federal do Brasil FLAVIA ANDREA BARBOZA DE OLIVEIRA, matrícula SiapeCad nº 01131108, da Função Gratificada de Chefe da Seção de Tecnologia da Informação - Satec da Inspetoria da Receita Federal do Brasil em Recife (PE), Código FG-1.</p><p>Nº 4.485 Dispensar, a partir de 01/01/2018, o Assistente Técnico-Administrativo LUCAS BEZERRA TIBURTINO, matrícula SiapeCad nº 01971672, da Função Gratificada de Chefe da Seção de Programação e Logística - Sapol da Inspetoria da Receita Federal do Brasil em Recife (PE), Código FG-1.</p><p>Nº 4.486 Dispensar, a partir de 01/01/2018, o Auditor-Fiscal da Receita Federal do Brasil WERNHER TOLEDO FERNANDES, matrícula SiapeCad nº 00076282, da Função Gratificada de Chefe da Seção de Arrecadação e Cobrança - Sarac da Inspetoria da Receita Federal do Brasil em Recife (PE), Código FG-1.</p><p>Nº 4.487 Dispensar, a partir de 01/01/2018, o Auditor-Fiscal da Receita Federal do Brasil JUAREZ DE MIRANDA PORDEUS, matrícula SiapeCad nº 00011984, da Função Gratificada de Chefe da Seção de Administração Aduaneira - Saana da Inspetoria da Receita Federal do Brasil em Recife (PE), Código FG-1.</p><p>Nº 4.488 Dispensar, a partir de 01/01/2018, o Auditor-Fiscal da Receita Federal do Brasil FERNANDO LUCENA ALVES, matrícula SiapeCad nº 00007561, da Função Gratificada de Chefe da Equipe Aduaneira - EAD/1 da Inspetoria da Receita Federal do Brasil em Recife (PE), Código FG-1.</p><p>Nº 4.489 Dispensar, a partir de 01/01/2018, o Auditor-Fiscal da Receita Federal do Brasil MARCELO RODRIGUES MAIA, matrícula SiapeCad nº 01169608, da Função Gratificada de Chefe da Equipe Aduaneira - EAD/2 da Inspetoria da Receita Federal do Brasil em Recife (PE), Código FG-1.</p><p>Nº 4.490 Dispensar, a partir de 01/01/2018, o Auditor-Fiscal da Receita Federal do Brasil ANDRE CARNEIRO LEAO DE ALMEIDA, matrícula SiapeCad nº 00001799, da Função Gratificada de Chefe da Equipe Aduaneira - EAD/3 da Inspetoria da Receita Federal do Brasil em Recife (PE), Código FG-3.</p><p>Nº 4.491 Dispensar, a partir de 01/01/2018, a Analista-Tributário da Receita Federal do Brasil DANIELA MARIA ANDRADE DE SANTANA, matrícula SiapeCad nº 01570931, da Função Gratificada de Assistente da Inspetoria da Receita Federal do Brasil em Recife (PE), Código FG-1.</p><p>Nº 4.492 Exonerar, a partir de 01/01/2018, o Auditor-Fiscal da Receita Federal do Brasil CARLOS EDUARDO DA COSTA OLIVEIRA, matrícula SiapeCad nº 01293357, do cargo em comissão de Inspetor-Chefe da Alfândega da Receita Federal do Brasil no Aeroporto Internacional dos Guararapes (PE), Código DAS-101.2.</p><p>Nº 4.493 Dispensar, a partir de 01/01/2018, o Auditor-Fiscal da Receita Federal do Brasil JOMAR MARINHO ROCHA, matrícula SiapeCad nº 00076088, do encargo de Substituto Eventual do Inspetor-Chefe da Alfândega da Receita Federal do Brasil no Aeroporto Internacional dos Guararapes (PE), Código DAS-101.2.</p><p>Nº 4.494 Dispensar, a partir de 01/01/2018, a Analista-Tributário da Receita Federal do Brasil FABIOLA LEAL SOARES DA SILVA, matrícula SiapeCad nº 00056917, da Função Gratificada de Chefe da Seção de Tecnologia da Informação - Satec da Alfândega da Receita Federal do Brasil no Aeroporto Internacional dos Guararapes (PE), Código FG-1.</p><p>Nº 4.495 Dispensar, a partir de 01/01/2018, a Assistente Técnico-Administrativo NATALIA IUNSKOSKI MARQUES RAMOS, matrícula SiapeCad nº 01974114, da Função Gratificada de Chefe da Seção de Programação e Logística - Sapol da Alfândega da Receita Federal do Brasil no Aeroporto Internacional dos Guararapes (PE), Código FG-1.</p><p>Nº 4.496 Dispensar, a partir de 01/01/2018, o Auditor-Fiscal da Receita Federal do Brasil ANAXIMANDRO SAVIO CARVALHO CYSNE, matrícula SiapeCad nº 00008230, da Função Gratificada de Chefe da Seção de Despacho Aduaneiro - Sadad da Alfândega da Receita Federal do Brasil no Aeroporto Internacional dos Guararapes (PE), Código FG-1.</p><p>Nº 4.497 Dispensar, a partir de 01/01/2018, o Auditor-Fiscal da Receita Federal do Brasil JOMAR MARINHO ROCHA, matrícula SiapeCad nº 00076088, da Função Gratificada de Chefe da Seção de Arrecadação e Cobrança - Sarac da Alfândega da Receita Federal do Brasil no Aeroporto Internacional dos Guararapes (PE), Código FG-1.</p><p>Nº 4.498 Dispensar, a partir de 01/01/2018, a Auditora-Fiscal da Receita Federal do Brasil ANA HELENA CARNEIRO DA CUNHA, matrícula SiapeCad nº 00064993, da Função Gratificada de Chefe da Equipe Aduaneira - EAD/1 da Alfândega da Receita Federal do Brasil no Aeroporto Internacional dos Guararapes (PE), Código FG-2.</p><p>Nº 4.499 Exonerar, a partir de 01/01/2018, a Auditora-Fiscal da Receita Federal do Brasil DANIELA BARRETO DUARTE, matrícula SiapeCad nº 01220900, do cargo em comissão de Inspetor-Chefe da Alfândega da Receita Federal do Brasil no Porto de Suape (PE), Código DAS-101.3.</p><p>Nº 4.500 Dispensar, a partir de 01/01/2018, o Auditor-Fiscal da Receita Federal do Brasil BARTOLOMEU MORAIS DA CRUZ GOUVEIA JUNIOR, matrícula SiapeCad nº 01133960, do encargo de Substituto Eventual do Inspetor-Chefe da Alfândega da Receita Federal do Brasil no Porto de Suape (PE), Código DAS-101.3.</p><p>Nº 4.501 Dispensar, a partir de 01/01/2018, o Auditor-Fiscal da Receita Federal do Brasil BARTOLOMEU MORAIS DA CRUZ GOUVEIA JUNIOR, matrícula SiapeCad nº 01133960, da Função Comissionada do Poder Executivo de Chefe do Serviço de Despacho Aduaneiro - Sedad da Alfândega da Receita Federal do Brasil no Porto de Suape (PE), Código FCPE-101.1.</p><p>Nº 4.502 Dispensar, a partir de 01/01/2018, o Auditor-Fiscal da Receita Federal do Brasil LUIZ CARLOS DE SOUZA, matrícula SiapeCad nº 00004629, do encargo de Substituto Eventual do Chefe do Serviço de Despacho Aduaneiro - Sedad da Alfândega da Receita Federal do Brasil no Porto de Suape (PE), Código FCPE-101.1.</p><p>Nº 4.503 Dispensar, a partir de 01/01/2018, a Auditora-Fiscal da Receita Federal do Brasil PAULLA SUYLANE SANTOS FERNANDES COSTA FALCAO, matrícula SiapeCad nº 01952890, da Função Comissionada do Poder Executivo de Chefe do Serviço de Vigilância e Controle Aduaneiro - Sevig da Alfândega da Receita Federal do Brasil no Porto de Suape (PE), Código FCPE-101.1.</p><p>Nº 4.504 Dispensar, a partir de 01/01/2018, o Auditor-Fiscal da Receita Federal do Brasil FRANCISCO NOGUEIRA GUARITA, matrícula SiapeCad nº 00012601, do encargo de Substituto Eventual do Chefe do Serviço de Vigilância e Controle Aduaneiro - Sevig da Alfândega da Receita Federal do Brasil no Porto de Suape (PE), Código FCPE-101.1.</p><p>Nº 4.505 Dispensar, a partir de 01/01/2018, o Analista-Tributário da Receita Federal do Brasil FABIO PEDROSA RODRIGUES, matrícula SiapeCad nº 01293742, da Função Gratificada de Chefe da Seção de Tecnologia da Informação - Satec da Alfândega da Receita Federal do Brasil no Porto de Suape (PE), Código FG-1.</p><p>Nº 4.506 Dispensar, a partir de 01/01/2018, o Analista-Tributário da Receita Federal do Brasil PAULO HEITOR LAGEANO DORNELLES, matrícula SiapeCad nº 00065105, da Função Gratificada de Chefe da Seção de Programação e Logística - Sapol da Alfândega da Receita Federal do Brasil no Porto de Suape (PE), Código FG-1.</p><p>Nº 4.507 Dispensar, a partir de 01/01/2018, o Auditor-Fiscal da Receita Federal do Brasil SILBERTO MARCUS FURTADO DE OLIVEIRA, matrícula SiapeCad nº 01218413, da Função Gratificada de Chefe da Seção de Arrecadação e Cobrança - Sarac da Alfândega da Receita Federal do Brasil no Porto de Suape (PE), Código FG-1.</p><p>Nº 4.508 Dispensar, a partir de 01/01/2018, o Auditor-Fiscal da Receita Federal do Brasil LUIZ CARLOS DE SOUZA, matrícula SiapeCad nº 00004629, da Função Gratificada de Chefe da Equipe Aduaneira - EAD da Alfândega da Receita Federal do Brasil no Porto de Suape (PE), Código FG-1.</p><p>Nº 4.509 Dispensar, a partir de 01/01/2018, o Analista-Tributário da Receita Federal do Brasil MARCUS ALEXANDRE CRAVEIRO COSTA, matrícula SiapeCad nº 00019514, da Função Gratificada de Chefe da Seção de Tecnologia da Informação - Satec da Delegacia da Receita Federal do Brasil em Natal (RN), Código FG-1.</p><p>Nº 4.510 Dispensar, a partir de 01/01/2018, o Analista-Tributário da Receita Federal do Brasil MARCIO ANTONIO FERREIRA VILLELA, matrícula SiapeCad nº 00038030, da Função Gratificada de Chefe da Equipe de Arrecadação e Cobrança - EAC/1 da Delegacia da Receita Federal do Brasil em Natal (RN), Código FG-2.</p><p>Nº 4.511 Dispensar, a partir de 01/01/2018, o Técnico do Seguro Social MANOEL MILTON ALVES, matrícula SiapeCad nº 00854990, da Função Gratificada de Chefe da Equipe de Atendimento ao Contribuinte - EAT da Agência da Receita Federal do Brasil em Caico (RN), jurisdição da Delegacia da Receita Federal do Brasil em Natal (RN), Código FG-3.</p><p>Nº 4.512 Dispensar, a partir de 01/01/2018, o Agente de Portaria AIRTON JOSE DOS SANTOS, matrícula SiapeCad nº 00067091, da Função Gratificada de Chefe da Equipe de Atendimento ao Contribuinte - EAT da Agência da Receita Federal do Brasil em Currais Novos (RN), jurisdição da Delegacia da Receita Federal do Brasil em Natal (RN), Código FG-3.</p><p>Nº 4.513 Dispensar, a partir de 01/01/2018, o Auditor-Fiscal da Receita Federal do Brasil JOAO FELIPE FILHO, matrícula SiapeCad nº 00010908, da Função Gratificada de Chefe do Setor de Fiscalização e de Controle Aduaneiro - Siana da Inspetoria da Receita Federal do Brasil em Natal (RN), jurisdição da Delegacia da Receita Federal do Brasil em Natal (RN), Código FG-2.</p><p>Nº 4.514 Dispensar, a partir de 01/01/2018, o Analista Técnico-Administrativo THIAGO TAVARES DE ANDRADE, matrícula SiapeCad nº 01905096, da Função Gratificada de Chefe do Núcleo de Tecnologia da Informação e Logística - Nutel da Delegacia da Receita Federal do Brasil em Mossoro (RN), Código FG-3.</p><p>Nº 4.515 Dispensar, a partir de 01/01/2018, o Analista-Tributário da Receita Federal do Brasil RAIMUNDO NONATO GREGORIO DA COSTA, matrícula SiapeCad nº 00057155, da Função Gratificada de Agente da Receita Federal do Brasil em Pau dos Ferros (RN), jurisdição da Delegacia da Receita Federal do Brasil em Mossoro (RN), Código FG-1.</p><p>Nº 4.516 Dispensar, a partir de 01/01/2018, o Analista-Tributário da Receita Federal do Brasil RICARDO LISBOA OLIVEIRA, matrícula SiapeCad nº 00065979, da Função Gratificada de Agente da Receita Federal do Brasil em Assu (RN), jurisdição da Delegacia da Receita Federal do Brasil em Mossoro (RN), Código FG-3.</p><p>Nº 4.517 Dispensar, a partir de 01/01/2018, o Técnico de Nível Superior JOSE ANDRADE FILHO, matrícula SiapeCad nº 00062878, da Função Gratificada de Chefe da Seção de Tecnologia da Informação - Satec da Delegacia da Receita Federal do Brasil em Joao Pessoa (PB), Código FG-1.</p><p>Nº 4.518 Dispensar, a partir de 01/01/2018, a Auditora-Fiscal da Receita Federal do Brasil FABIANA LIMA MOURA, matrícula SiapeCad nº 00013096, da Função Gratificada de Chefe da Equipe de Fiscalização - EFI/4 da Delegacia da Receita Federal do Brasil em Joao Pessoa (PB), Código FG-3.</p><p>Nº 4.519 Dispensar, a partir de 01/01/2018, o Agente Administrativo DORIVAL SOARES ALVES, matrícula SiapeCad nº 00059574, da Função Gratificada de Chefe da Equipe de Atendimento ao Contribuinte - EAT da Agência da Receita Federal do Brasil em Guarabira (PB), jurisdição da Delegacia da Receita Federal do Brasil em Joao Pessoa (PB), Código FG-3.</p><p>Nº 4.520 Dispensar, a partir de 01/01/2018, o Técnico do Seguro Social JOSE VALDENEIS DE BARROS, matrícula SiapeCad nº 01197630, da Função Gratificada de Agente da Receita Federal do Brasil em Itabaiana (PB), jurisdição da Delegacia da Receita Federal do Brasil em Joao Pessoa (PB), Código FG-3.</p><p>Nº 4.521 Dispensar, a partir de 01/01/2018, a Analista-Tributário da Receita Federal do Brasil CYNARA LACERDA AMERIO, matrícula SiapeCad nº 00087622, da Função Gratificada de Chefe da Equipe de Atendimento ao Contribuinte - EAT da Agência da Receita Federal do Brasil em Santa Rita (PB), jurisdição da Delegacia da Receita Federal do Brasil em Joao Pessoa (PB), Código FG-3.</p><p>Nº 4.522 Dispensar, a partir de 01/01/2018, o Auditor-Fiscal da Receita Federal do Brasil PAULO SERGIO COSTA, matrícula SiapeCad nº 00076248, da Função Comissionada do Poder Executivo de Inspetor-Chefe da Receita Federal do Brasil em Cabedelo (PB), jurisdição da Delegacia da Receita Federal do Brasil em Joao Pessoa (PB), Código FCPE-101.1.</p><p>Nº 4.523 Dispensar, a partir de 01/01/2018, o Auditor-Fiscal da Receita Federal do Brasil JAILSON NUNES DE LIMA, matrícula SiapeCad nº 00991153, do encargo de Substituto Eventual do Inspetor-Chefe da Receita Federal do Brasil em Cabedelo (PB), jurisdição da Delegacia da Receita Federal do Brasil em Joao Pessoa (PB), Código FCPE-101.1.</p><p>Nº 4.524 Dispensar, a partir de 01/01/2018, o Analista-Tributário da Receita Federal do Brasil EDUARDO FERREIRA DA SILVA, matrícula SiapeCad nº 00059736, da Função Gratificada de Chefe do Setor de Arrecadação e Cobrança - Sorac da Inspetoria da Receita Federal do Brasil em Cabedelo (PB), jurisdição da Delegacia da Receita Federal do Brasil em Joao Pessoa (PB), Código FG-2.</p><p>Nº 4.525 Dispensar, a partir de 01/01/2018, o Auditor-Fiscal da Receita Federal do Brasil DANIEL REIS DE ALMEIDA, matrícula SiapeCad nº 01296030, da Função Gratificada de Chefe da Equipe Aduaneira - EAD/1 da Inspetoria da Receita Federal do Brasil em Cabedelo (PB), jurisdição da Delegacia da Receita Federal do Brasil em Joao Pessoa (PB), Código FG-3.</p><p>Nº 4.526 Dispensar, a partir de 01/01/2018, o Auditor-Fiscal da Receita Federal do Brasil JAILSON NUNES DE LIMA, matrícula SiapeCad nº 00991153, da Função Gratificada de Chefe da Equipe Aduaneira - EAD/2 da Inspetoria da Receita Federal do Brasil em Cabedelo (PB), jurisdição da Delegacia da Receita Federal do Brasil em Joao Pessoa (PB), Código FG-3.</p><p>Nº 4.527 Dispensar, a partir de 01/01/2018, o Assistente Técnico-Administrativo JOAO PAULO CAVALCANTI DE ALBUQUERQUE DUARTE, matrícula SiapeCad nº 02004995, da Função Gratificada de Chefe da Seção de Tecnologia da Informação e Logística - Satel da Delegacia da Receita Federal do Brasil em Campina Grande (PB), Código FG-1.</p><p>Nº 4.528 Dispensar, a partir de 01/01/2018, a Assistente Técnico-Administrativo AYSLANYA JERONIMO WANDERLEY FERREIRA, matrícula SiapeCad nº 01973215, da Função Gratificada de Chefe da Equipe de Atendimento ao Contribuinte - EAT da Agência da Receita Federal do Brasil em Patos (PB), jurisdição da Delegacia da Receita Federal do Brasil em Campina Grande (PB), Código FG-3.</p><p>Nº 4.529 Dispensar, a partir de 01/01/2018, o Técnico do Seguro Social JOSE RIBAMAR DE OLIVEIRA, matrícula SiapeCad nº 00834302, da Função Gratificada de Chefe da Equipe de Atendimento ao Contribuinte - EAT da Agência da Receita Federal do Brasil em Sousa (PB), jurisdição da Delegacia da Receita Federal do Brasil em Campina Grande (PB), Código FG-3.</p><p>Nº 4.530 Dispensar, a partir de 01/01/2018, o Analista-Tributário da Receita Federal do Brasil IRAILTON ALENCAR FERREIRA, matrícula SiapeCad nº 01572934, da Função Gratificada de Chefe da Equipe de Atendimento ao Contribuinte - EAT da Agência da Receita Federal do Brasil em Cajazeiras (PB), jurisdição da Delegacia da Receita Federal do Brasil em Campina Grande (PB), Código FG-3.</p><p>Nº 4.531 Dispensar, a partir de 01/01/2018, o Analista-Tributário da Receita Federal do Brasil ADRIANO DE SOUZA ZUMBA, matrícula SiapeCad nº 01291641, da Função Gratificada de Chefe da Seção de Tecnologia da Informação - Satec da Delegacia da Receita Federal do Brasil em Maceio (AL), Código FG-1.</p><p>Nº 4.532 Dispensar, a partir de 01/01/2018, o Agente Administrativo JOSE GUSTAVO DE ARAUJO, matrícula SiapeCad nº 00063360, da Função Gratificada de Chefe da Equipe de Atendimento ao Contribuinte - EAT da Agência da Receita Federal do Brasil em Palmeira dos Indios (AL), jurisdição da Delegacia da Receita Federal do Brasil em Maceio (AL), Código FG-3.</p><p>Nº 4.533 Dispensar, a partir de 01/01/2018, o Analista-Tributário da Receita Federal do Brasil IVAN DE FREITAS MELO, matrícula SiapeCad nº 00012066, da Função Gratificada de Agente da Receita Federal do Brasil em Penedo (AL), jurisdição da Delegacia da Receita Federal do Brasil em Maceio (AL), Código FG-1.</p><p>Nº 4.534 Dispensar, a partir de 01/01/2018, o Analista-Tributário da Receita Federal do Brasil PEDRO CARLOS DE ALMEIDA, matrícula SiapeCad nº 00009221, da Função Gratificada de Chefe da Equipe de Atendimento ao Contribuinte - EAT da Agência da Receita Federal do Brasil em Santana do Ipanema (AL), jurisdição da Delegacia da Receita Federal do Brasil em Maceio (AL), Código FG-3.</p>]]></Texto>
    <Autores>
      <assina>JORGE ANTONIO DEHER RACHID</assina>
    </Autores>
  </body>
</article></xml>