﻿<xml><article id="1022000" name="ATO GDGSET 603_2017__DISP_DESIG_" idOficio="4622498" pubName="DO2" artType="Ato" pubDate="08/01/2018" artClass="00037:00005:00009:00000:00000:00000:00000:00000:00000:00000:00001:00001" artSection="Secretaria" artCategory="Secretaria" artSize="8" artNotes="" numberPage="46" pdfPage="http://pesquisa.in.gov.br/imprensa/jsp/visualiza/index.jsp?data=08/01/2018&amp;jornal=529&amp;pagina=46" editionNumber="5">
  <body>
    <Identifica><![CDATA[ATO Nº 603, DE 15 DE DEZEMBRO DE 2017]]></Identifica>
    <Data><![CDATA[]]></Data>
    <Ementa />
    <Titulo />
    <SubTitulo />
    <Texto><![CDATA[<p> O DIRETOR-GERAL DA SECRETARIA DO TRIBUNAL SUPERIOR DO TRABALHO, no uso de suas atribuições legais e regulamentares,</p><p>considerando o constante do memorando nº 45, de 15/12/2017, da Secretaria da 8ª Turma, resolve:</p><p>1 - Dispensar a servidora JEISA VALENTE DE LIMA DO ESPIRITO SANTO, código 41166, Analista Judiciário, Área Judiciária, do encargo de substituta legal e eventual do titular da função comissionada de Supervisor da Seção de Publicação de Despachos, Nível FC-5, da Secretaria da 8ª Turma.</p><p>2 - Designar a servidora DEBORA DE LIMA SOUSA TUBOITI, código 41219, Técnico Judiciário, Área Administrativa, para exercer o encargo de substituta do titular da função comissionada de Supervisor da Seção de Publicação de Despachos, Nível FC-5, da Secretaria da 8ª Turma, em seus afastamentos e impedimentos legais e/ou eventuais.</p><p>3 - Designar o servidor JOAO CARLOS LEÃO DA SILVA, código 49692, Técnico Judiciário, Área Administrativa, para exercer o encargo de substituto do titular da função comissionada de Supervisor da Seção de Pautas, Nível FC-5, da Secretaria da 8ª Turma, em seus afastamentos e impedimentos legais e/ou eventuais.</p>]]></Texto>
    <Autores>
      <assina>GUSTAVO CARIBÉ DE CARVALHO</assina>
    </Autores>
  </body>
</article></xml>