﻿<xml><article id="961315" name="Disp. Luciana Carvalho de Olivei" idOficio="4622067" pubName="DO2" artType="Portaria" pubDate="02/01/2018" artClass="00011:00003:00000:00000:00000:00000:00000:00000:00000:00000:00025:00001" artSection="Ministério da Educação" artCategory="Centro Federal de Educação Tecnológica Celso Suckow da Fonseca" artSize="8" artNotes="" numberPage="14" pdfPage="http://pesquisa.in.gov.br/imprensa/jsp/visualiza/index.jsp?data=02/01/2018&amp;jornal=529&amp;pagina=14" editionNumber="1">
  <body>
    <Identifica><![CDATA[PORTARIAs DE 22 DE DEZEMBRO DE 2017]]></Identifica>
    <Data><![CDATA[]]></Data>
    <Ementa />
    <Titulo />
    <SubTitulo />
    <Texto><![CDATA[<p> O DIRETOR-GERAL DO CENTRO FEDERAL DE EDUCAÇÃO TECNOLÓGICA CELSO SUCKOW DA FONSECA, no uso de suas atribuições, e de acordo com o disposto no Memorando nº 65/2017, de 06/12/2017, da Direção-Geral, resolve:</p><p>Nº 1.443 Art. 1º - Dispensar a servidora LUCIANA CARVALHO DE OLIVEIRA, ocupante do cargo de Bibliotecário-documentalista, matrícula SIAPE nº 1709581, da função de Secretária do Conselho Diretor, código FG-02.</p><p>Art. 2º - Esta portaria entra em vigor na data de sua publicação.</p><p> 1.444 Art. 1º - Designar a servidora MICHELE ROBERTA  ROSA E SILVA, ocupante do cargo de Secretário Executivo, matrícula SIAPE nº 1150862, para a função de Secretária do Conselho Diretor, código FG-02.</p><p>Art. 2º - Esta portaria entra em vigor na data de sua publicação.</p>]]></Texto>
    <Autores>
      <assina>CARLOS HENRIQUE FIGUEIREDO ALVES</assina>
    </Autores>
  </body>
</article></xml>