﻿<xml><article id="1021946" name="860-ALYSSON E MARCELO -DIS-DES" idOficio="4619446" pubName="DO2" artType="Portaria" pubDate="08/01/2018" artClass="00037:00004:00001:00002:00000:00000:00000:00000:00000:00000:00025:00005" artSection="Secretaria" artCategory="Secretaria" artSize="8" artNotes="" numberPage="45" pdfPage="http://pesquisa.in.gov.br/imprensa/jsp/visualiza/index.jsp?data=08/01/2018&amp;jornal=529&amp;pagina=45" editionNumber="5">
  <body>
    <Identifica><![CDATA[PORTARIA Nº 860, DE 19 DE DEZEMBRO DE 2017]]></Identifica>
    <Data><![CDATA[]]></Data>
    <Ementa />
    <Titulo />
    <SubTitulo />
    <Texto><![CDATA[<p> A DIRETORA-GERAL DA SECRETARIA DO SUPERIOR TRIBUNAL DE JUSTIÇA, com base no item 16.2, XI, b, do Manual de Organização e no disposto no art. 35, I, da Lei n. 8.112, de 11 de dezembro de 1990, resolve: </p><p>Art. 1º Dispensar, com efeitos a partir de 18 de dezembro de 2017, da função de confiança de Assistente IV, código FC-4, do Gabinete do Ministro Felix Fischer:</p><p>MARCELO DE SOUSA DA SILVEIRA, matrícula S043502;</p><p>ALYSSON PEREIRA DA SILVA, matrícula S067673.</p><p>Art. 2º - Designar ALYSSON PEREIRA DA SILVA, matrícula S067673, para a função de confiança de Assistente II, código FC-2, do Gabinete do Ministro Mauro Campbell Marques, na vaga decorrente da dispensa de Walber José de Sousa Lima.</p><p>Art. 3º Esta portaria entra em vigor na data de sua publicação.</p>]]></Texto>
    <Autores>
      <assina>Sulamita Avelino Cardoso Marques</assina>
    </Autores>
  </body>
</article></xml>