﻿<xml><article id="1022012" name="ATO GP 663_2017_DESIGNA__ROSANEI" idOficio="4622493" pubName="DO2" artType="Ato" pubDate="08/01/2018" artClass="00037:00005:00001:00000:00000:00000:00000:00000:00000:00000:00001:00002" artSection="Presidência" artCategory="Presidência" artSize="8" artNotes="" numberPage="46" pdfPage="http://pesquisa.in.gov.br/imprensa/jsp/visualiza/index.jsp?data=08/01/2018&amp;jornal=529&amp;pagina=46" editionNumber="5">
  <body>
    <Identifica><![CDATA[ATO Nº 663, DE 21 DE DEZEMBRO DE 2017]]></Identifica>
    <Data><![CDATA[]]></Data>
    <Ementa />
    <Titulo />
    <SubTitulo />
    <Texto><![CDATA[<p> O PRESIDENTE DO TRIBUNAL SUPERIOR DO TRABALHO, no uso de suas atribuições legais e regimentais, resolve:</p><p>Designar a servidora ROSANEILE ROBERTE DE OLIVEIRA, código 34582, Técnico Judiciário, requisitada do Tribunal Regional do Trabalho da 17ª Região-ES, para substituir a titular do cargo em comissão de Chefe da Divisão de Apoio Administrativo, Nível CJ-1, no período de 22 a 31 de janeiro de 2018.</p>]]></Texto>
    <Autores>
      <assina>Min. IVES GANDRA DA SILVA MARTINS FILHO</assina>
    </Autores>
  </body>
</article></xml>