﻿<xml><article id="961300" name="Port. 891 - ATQ INT EC 47 - DEIS" idOficio="4621955" pubName="DO2" artType="Portaria" pubDate="02/01/2018" artClass="00011:00134:00001:00012:00007:00000:00000:00000:00000:00000:00025:00001" artSection="Departamento de Administração de Pessoal" artCategory="Departamento de Administração de Pessoal" artSize="8" artNotes="" numberPage="35" pdfPage="http://pesquisa.in.gov.br/imprensa/jsp/visualiza/index.jsp?data=02/01/2018&amp;jornal=529&amp;pagina=35" editionNumber="1">
  <body>
    <Identifica><![CDATA[PORTARIA Nº 891, DE 27 DE DEZEMBRO DE 2017]]></Identifica>
    <Data><![CDATA[]]></Data>
    <Ementa />
    <Titulo />
    <SubTitulo />
    <Texto><![CDATA[<p> A Diretora, em exercício, do Departamento de Administração de Pessoal da Universidade Federal de Santa Catarina, no uso de suas atribuições, resolve:</p><p>Aposentar DEISE DE OLIVEIRA RITA, matrícula SIAPE 1049099, código de vaga 266231, ocupante do cargo de Assistente em Administração, Classe D, Nível 04, Referência 16, em regime de trabalho de 40 horas semanais, da carreira Técnico-Administrativa da Universidade Federal de Santa Catarina, nos termos do art. 3º, incisos I a III e parágrafo único da Emenda Constitucional nº 47 de 05 de julho de 2005, com proventos integrais, incorporando 18% (dezoito por cento) de adicional por tempo de serviço. (Processo nº 23080.077708/2017-68)</p><p> </p><p> </p>]]></Texto>
    <Autores>
      <assina>Nádia Cristina Zunino Simone</assina>
    </Autores>
  </body>
</article></xml>