﻿<xml><article id="1021943" name="861-DAYANE ARAUJO-DIS-DES" idOficio="4619446" pubName="DO2" artType="Portaria" pubDate="08/01/2018" artClass="00037:00004:00001:00002:00000:00000:00000:00000:00000:00000:00025:00006" artSection="Secretaria" artCategory="Secretaria" artSize="8" artNotes="" numberPage="45" pdfPage="http://pesquisa.in.gov.br/imprensa/jsp/visualiza/index.jsp?data=08/01/2018&amp;jornal=529&amp;pagina=45" editionNumber="5">
  <body>
    <Identifica><![CDATA[PORTARIA Nº 861, DE 21 DE DEZEMBRO DE 2017]]></Identifica>
    <Data><![CDATA[]]></Data>
    <Ementa />
    <Titulo />
    <SubTitulo />
    <Texto><![CDATA[<p> A DIRETORA-GERAL DA SECRETARIA DO SUPERIOR TRIBUNAL DE JUSTIÇA, com base no item 16.2, XI, b, do Manual de Organização e no disposto no art. 35, I, da Lei n. 8.112, de 11 de dezembro de 1990, resolve: </p><p>Art. 1º Dispensar DAYANE ARAUJO NEGREIROS, matrícula S054938, da função de confiança de Assistente II, código FC-2, da Coordenadoria de Recebimento, Controle e Indexação de Processos Recursais, da Secretaria Judiciária.</p><p>Art. 2º Designar a servidora para a função de confiança de Assistente II, código FC-2, do Gabinete do Ministro Moura Ribeiro, na vaga decorrente da dispensa de Glória Aparecida Salles dos Santos.</p><p>Art. 3º Esta portaria entra em vigor na data de sua publicação.</p>]]></Texto>
    <Autores>
      <assina>Sulamita Avelino Cardoso Marques</assina>
    </Autores>
  </body>
</article></xml>