﻿<xml><article id="961375" name="PRFB5145a5227" idOficio="4622210" pubName="DO2" artType="Portaria" pubDate="02/01/2018" artClass="00012:00055:00000:00000:00000:00000:00000:00000:00000:00000:00025:00014" artSection="Ministério da Fazenda" artCategory="Secretaria da Receita Federal do Brasil" artSize="8" artNotes="" numberPage="74-81" pdfPage="http://pesquisa.in.gov.br/imprensa/jsp/visualiza/index.jsp?data=02/01/2018&amp;jornal=529&amp;pagina=74,http://pesquisa.in.gov.br/imprensa/jsp/visualiza/index.jsp?data=02/01/2018&amp;jornal=529&amp;pagina=81" editionNumber="1">
  <body>
    <Identifica><![CDATA[PORTARIAS DE 26 DE DEZEMBRO DE 2017]]></Identifica>
    <Data><![CDATA[]]></Data>
    <Ementa />
    <Titulo />
    <SubTitulo />
    <Texto><![CDATA[<p> O SECRETÁRIO DA RECEITA FEDERAL DO BRASIL, no uso das competências que lhe foram delegada e subdelegada, respectivamente, pelas Portarias MF nºs 392 e 393, de 14 de julho de 2009, alteradas pela Portaria MF nº 100, de 28 de março de 2017, resolve:</p><p>Nº 5.145 Designar a Analista Técnico-Administrativo CRISTIANA DE AGUIAR E SERRA, matrícula SiapeCad nº 01983105, para exercer a Função Gratificada de Chefe da Seção de Comunicação Institucional - Sacin da Superintendência Regional da Receita Federal do Brasil da 5ª Região Fiscal (BA), Código FG-1.</p><p>Nº 5.146 Designar o Auditor-Fiscal da Receita Federal do Brasil EDUARDO VEIGA DE OLIVEIRA, matrícula SiapeCad nº 00006818, para exercer a Função Comissionada do Poder Executivo de Chefe do Serviço de Fiscalização dos Maiores Contribuintes - Sefim da Superintendência Regional da Receita Federal do Brasil da 5ª Região Fiscal (BA), Código FCPE-101.1.</p><p>Nº 5.147 Designar o Auditor-Fiscal da Receita Federal do Brasil ANDRE LUIS LIMA NEIVA, matrícula SiapeCad nº 01570260, para exercer a Função Comissionada do Poder Executivo de Chefe do Serviço Regional de Programação, Avaliação e Controle da Atividade Fiscal - Sepac da Superintendência Regional da Receita Federal do Brasil da 5ª Região Fiscal (BA), Código FCPE-101.1.</p><p>Nº 5.148 Designar o Auditor-Fiscal da Receita Federal do Brasil ROBERTO NOGUEIRA LIMA, matrícula SiapeCad nº 00119511, para exercer o encargo de Substituto Eventual do Chefe do Serviço Regional de Programação, Avaliação e Controle da Atividade Fiscal - Sepac da Superintendência Regional da Receita Federal do Brasil da 5ª Região Fiscal (BA), Código FCPE-101.1.</p><p>Nº 5.149 Designar o Auditor-Fiscal da Receita Federal do Brasil JOSELITO DA SILVA CORREIA, matrícula SiapeCad nº 00076411, para exercer a Função Comissionada do Poder Executivo de Chefe da Divisão de Vigilância e Repressão ao Contrabando e Descaminho - Direp da Superintendência Regional da Receita Federal do Brasil da 5ª Região Fiscal (BA), Código FCPE-101.2.</p><p>Nº 5.150 Designar o Auditor-Fiscal da Receita Federal do Brasil MARCONI DE ANDRADE SOUZA, matrícula SiapeCad nº 00718649, para exercer o encargo de Substituto Eventual do Chefe da Divisão de Vigilância e Repressão ao Contrabando e Descaminho - Direp da Superintendência Regional da Receita Federal do Brasil da 5ª Região Fiscal (BA), Código FCPE-101.2.</p><p>Nº 5.151 Designar o Auditor-Fiscal da Receita Federal do Brasil MARCONI DE ANDRADE SOUZA, matrícula SiapeCad nº 00718649, para exercer a Função Gratificada de Chefe da Seção de Operações de Vigilância e Repressão ao Contrabando e Descaminho - Saope da Superintendência Regional da Receita Federal do Brasil da 5ª Região Fiscal (BA), Código FG-1.</p><p>Nº 5.152 Designar a Analista do Seguro Social MARIA FERNANDA VASQUES LESSA, matrícula SiapeCad nº 01180780, para exercer a Função Comissionada do Poder Executivo de Chefe do Serviço de Programação e Logística - Sepol da Superintendência Regional da Receita Federal do Brasil da 5ª Região Fiscal (BA), Código FCPE-101.1.</p><p>Nº 5.153 Designar o Engenheiro PAULO CARDOSO AGUIAR, matrícula SiapeCad nº 00115453, para exercer o encargo de Substituto Eventual do Chefe do Serviço de Programação e Logística - Sepol da Superintendência Regional da Receita Federal do Brasil da 5ª Região Fiscal (BA), Código FCPE-101.1.</p><p>Nº 5.154 Designar o Analista Técnico-Administrativo HECTOR FERREIRA DE CASTRO, matrícula SiapeCad nº 01899204, para exercer a Função Gratificada de Chefe da Seção de Licitações - Salic da Superintendência Regional da Receita Federal do Brasil da 5ª Região Fiscal (BA), Código FG-1.</p><p>Nº 5.155 Designar a Analista-Tributário da Receita Federal do Brasil DANIELLE CARDOSO BARRETO, matrícula SiapeCad nº 00065456, para exercer a Função Gratificada de Chefe da Seção de Contratos - Sacon da Superintendência Regional da Receita Federal do Brasil da 5ª Região Fiscal (BA), Código FG-1.</p><p>Nº 5.156 Designar a Assistente Técnico-Administrativo LORENA CAROLINE VIANA DA SILVA DOMINGUEZ, matrícula SiapeCad nº 01975050, para exercer a Função Gratificada de Chefe da Seção de Orçamento e Finanças - Saofi da Superintendência Regional da Receita Federal do Brasil da 5ª Região Fiscal (BA), Código FG-1.</p><p>Nº 5.157 Designar o Analista-Tributário da Receita Federal do Brasil ANTONIO CARLOS MORAIS DE SOUZA, matrícula SiapeCad nº 01132152, para exercer a Função Gratificada de Chefe do Núcleo de Contabilidade - Nutab da Superintendência Regional da Receita Federal do Brasil da 5ª Região Fiscal (BA), Código FG-3.</p><p>Nº 5.158 Designar a Auditora-Fiscal da Receita Federal do Brasil EULALIA MARIA DOS SANTOS OLIVEIRA, matrícula SiapeCad nº 00019862, para exercer a Função Comissionada do Poder Executivo de Chefe do Serviço de Mercadorias Apreendidas - Semap da Superintendência Regional da Receita Federal do Brasil da 5ª Região Fiscal (BA), Código FCPE-101.1.</p><p>Nº 5.159 Designar o Engenheiro PAULO CARDOSO AGUIAR, matrícula SiapeCad nº 00115453, para exercer a Função Gratificada de Chefe do Núcleo de Patrimônio - Nupat da Superintendência Regional da Receita Federal do Brasil da 5ª Região Fiscal (BA), Código FG-3.</p><p>Nº 5.160 Designar o Auditor-Fiscal da Receita Federal do Brasil TITO AUGUSTO CESAR PIRES DE VIVEIROS, matrícula SiapeCad nº 00025998, para exercer a Função Comissionada do Poder Executivo de Chefe da Divisão de Tecnologia e Segurança da Informação - Ditec da Superintendência Regional da Receita Federal do Brasil da 5ª Região Fiscal (BA), Código FCPE-101.2.</p><p>Nº 5.161 Designar o Auditor-Fiscal da Receita Federal do Brasil LUIZ PETERSON MENEZES DE MELO, matrícula SiapeCad nº 00027889, para exercer o encargo de Substituto Eventual do Chefe da Divisão de Tecnologia e Segurança da Informação - Ditec da Superintendência Regional da Receita Federal do Brasil da 5ª Região Fiscal (BA), Código FCPE-101.2.</p><p>Nº 5.162 Designar o Auditor-Fiscal da Receita Federal do Brasil JOSE ROBERTO TEIXEIRA DE SOUZA, matrícula SiapeCad nº 01292475, para exercer a Função Comissionada do Poder Executivo de Chefe do Serviço de Tecnologia e Segurança da Informação - Setec da Superintendência Regional da Receita Federal do Brasil da 5ª Região Fiscal (BA), Código FCPE-101.1.</p><p>Nº 5.163 Designar o Analista-Tributário da Receita Federal do Brasil MARCELO AUGUSTO DURAO VIEIRA, matrícula SiapeCad nº 01291533, para exercer o encargo de Substituto Eventual do Chefe do Serviço de Tecnologia e Segurança da Informação - Setec da Superintendência Regional da Receita Federal do Brasil da 5ª Região Fiscal (BA), Código FCPE-101.1.</p><p>Nº 5.164 Designar o Analista-Tributário da Receita Federal do Brasil ROBERTO NOGUEIRA CARDOSO FILHO, matrícula SiapeCad nº 00068557, para exercer a Função Gratificada de Chefe da Seção de Gestão de Serviços - Sages da Superintendência Regional da Receita Federal do Brasil da 5ª Região Fiscal (BA), Código FG-1.</p><p>Nº 5.165 Designar o Analista-Tributário da Receita Federal do Brasil ANTONIO LUCIANO MOTA ITAPARICA, matrícula SiapeCad nº 01291552, para exercer a Função Gratificada de Chefe da Seção de Gestão Regional do Ambiente Informatizado - Sainf da Superintendência Regional da Receita Federal do Brasil da 5ª Região Fiscal (BA), Código FG-1.</p><p>Nº 5.166 Designar o Auditor-Fiscal da Receita Federal do Brasil LUIZ PETERSON MENEZES DE MELO, matrícula SiapeCad nº 00027889, para exercer a Função Gratificada de Chefe da Seção de Gestão Regional de Segurança da Informação - Saseg da Superintendência Regional da Receita Federal do Brasil da 5ª Região Fiscal (BA), Código FG-1.</p><p>Nº 5.167 Designar o Analista-Tributário da Receita Federal do Brasil GUSTAVO CAMPOS NUSKE, matrícula SiapeCad nº 01291472, para exercer a Função Gratificada de Chefe da Seção de Cadastramento Regional - Sacti da Superintendência Regional da Receita Federal do Brasil da 5ª Região Fiscal (BA), Código FG-1.</p><p>Nº 5.168 Designar a Analista Técnico-Administrativo VANESSA FASCIO BARBOSA, matrícula SiapeCad nº 01502640, para exercer a Função Comissionada do Poder Executivo de Chefe do Serviço de Gestão de Pessoas - Segep da Superintendência Regional da Receita Federal do Brasil da 5ª Região Fiscal (BA), Código FCPE-101.1.</p><p>Nº 5.169 Designar a Analista-Tributário da Receita Federal do Brasil TICIANE CARDOSO SOUZA DE JESUS, matrícula SiapeCad nº 01878371, para exercer a Função Gratificada de Chefe da Seção de Administração de Pessoas - Saape da Superintendência Regional da Receita Federal do Brasil da 5ª Região Fiscal (BA), Código FG-1.</p><p>Nº 5.170 Designar o Analista-Tributário da Receita Federal do Brasil ADRIANO HERMENEGILDO DE MELO, matrícula SiapeCad nº 01295183, para exercer a Função Gratificada de Chefe da Seção de Pagamento de Pessoal - Sapag da Superintendência Regional da Receita Federal do Brasil da 5ª Região Fiscal (BA), Código FG-1.</p><p>Nº 5.171 Designar a Analista-Tributário da Receita Federal do Brasil CANDICE MORAIS BRITO DE SANTANA, matrícula SiapeCad nº 01812527, para exercer a Função Gratificada de Chefe da Seção de Desenvolvimento, Capacitação e Gestão de Desempenho - Sadec da Superintendência Regional da Receita Federal do Brasil da 5ª Região Fiscal (BA), Código FG-1.</p><p>Nº 5.172 Designar a Analista-Tributário da Receita Federal do Brasil LIVIA CARLA CERQUEIRA SALINAS, matrícula SiapeCad nº 00065237, para exercer a Função Gratificada de Chefe do Núcleo de Valorização e Qualidade de Vida no Trabalho - Nuvaq da Superintendência Regional da Receita Federal do Brasil da 5ª Região Fiscal (BA), Código FG-3.</p><p>Nº 5.173 Designar a Analista-Tributário da Receita Federal do Brasil LIDICE BAHIA MACHADO, matrícula SiapeCad nº 01214749, para exercer a Função Gratificada de Chefe da Seção de Legislação de Pessoal - Salep da Superintendência Regional da Receita Federal do Brasil da 5ª Região Fiscal (BA), Código FG-1.</p><p>Nº 5.174 Designar o Auditor-Fiscal da Receita Federal do Brasil ROBERTO NOGUEIRA LIMA, matrícula SiapeCad nº 00119511, para exercer a Função Gratificada de Chefe da Equipe de Programação, Avaliação e Controle da Atividade Fiscal 1 - Eqpac1 da Superintendência Regional da Receita Federal do Brasil da 5ª Região Fiscal (BA), Código FG-1.</p><p>Nº 5.175 Designar a Auditora-Fiscal da Receita Federal do Brasil MARIA HELENA XAVIER VALADARES, matrícula SiapeCad nº 01218127, para exercer a Função Gratificada de Chefe da Equipe de Programação, Avaliação e Controle da Atividade Fiscal 2 - Eqpac2 da Superintendência Regional da Receita Federal do Brasil da 5ª Região Fiscal (BA), Código FG-1.</p><p>Nº 5.176 Designar o Auditor-Fiscal da Receita Federal do Brasil RICARDO DE BRITO DOMINGOS, matrícula SiapeCad nº 00076131, para exercer a Função Gratificada de Chefe da Equipe Aduaneira 1 - EAD1 da Superintendência Regional da Receita Federal do Brasil da 5ª Região Fiscal (BA), Código FG-1.</p><p>Nº 5.177 Designar a Analista-Tributário da Receita Federal do Brasil MONICA LIMA DA ROCHA, matrícula SiapeCad nº 01292059, para exercer a Função Gratificada de Chefe da Equipe de Gestão Corporativa 1 - EGC1 da Superintendência Regional da Receita Federal do Brasil da 5ª Região Fiscal (BA), Código FG-3.</p><p>Nº 5.178 Designar a Analista-Tributário da Receita Federal do Brasil NADJA BULCAO MOTA, matrícula SiapeCad nº 00087488, para exercer a Função Comissionada do Poder Executivo de Chefe do Centro de Atendimento ao Contribuinte - CAC da Delegacia da Receita Federal do Brasil em Salvador (BA), Código FCPE-101.1.</p><p>Nº 5.179 Designar o Analista-Tributário da Receita Federal do Brasil CLAUDEMIR SANTOS DOS ANJOS, matrícula SiapeCad nº 00014187, para exercer o encargo de Substituto Eventual do Chefe do Centro de Atendimento ao Contribuinte - CAC da Delegacia da Receita Federal do Brasil em Salvador (BA), Código FCPE-101.1.</p><p>Nº 5.180 Designar o Analista-Tributário da Receita Federal do Brasil ANTONIO CARLOS DOS SANTOS ANDRADE, matrícula SiapeCad nº 00009711, para exercer a Função Gratificada de Chefe da Equipe de Atendimento ao Contribuinte - EAT/1 da Delegacia da Receita Federal do Brasil em Salvador (BA), Código FG-1.</p><p>Nº 5.181 Designar o Analista-Tributário da Receita Federal do Brasil CLAUDEMIR SANTOS DOS ANJOS, matrícula SiapeCad nº 00014187, para exercer a Função Gratificada de Chefe da Equipe de Atendimento ao Contribuinte - EAT/3 da Delegacia da Receita Federal do Brasil em Salvador (BA), Código FG-1.</p><p>Nº 5.182 Designar o Auditor-Fiscal da Receita Federal do Brasil RICARDO GOMES ARAUJO, matrícula SiapeCad nº 00033833, para exercer a Função Gratificada de Chefe da Equipe de Fiscalização 10 - EFI10 da Delegacia da Receita Federal do Brasil em Salvador (BA), Código FG-1.</p><p>Nº 5.183 Designar a Auditora-Fiscal da Receita Federal do Brasil CARMEN VIEIRA VILARINHO, matrícula SiapeCad nº 00877128, para exercer a Função Gratificada de Chefe da Equipe de Informação Fiscal 1 - EIF1 da Delegacia da Receita Federal do Brasil em Salvador (BA), Código FG-1.</p><p>Nº 5.184 Designar o Assistente Técnico-Administrativo JEAN LIMA DOS SANTOS, matrícula SiapeCad nº 01489241, para exercer a Função Gratificada de Chefe da Equipe de Logística 1 - ELG1 da Delegacia da Receita Federal do Brasil em Salvador (BA), Código FG-3.</p><p>Nº 5.185 Designar o Analista-Tributário da Receita Federal do Brasil CID MAROCCI GONCALVES DA SILVA, matrícula SiapeCad nº 00016177, para exercer a Função Gratificada de Chefe da Equipe de Tecnologia e Segurança da Informação 1 - ETI1 da Delegacia da Receita Federal do Brasil em Salvador (BA), Código FG-3.</p><p>Nº 5.186 Designar a Assistente Técnico-Administrativo ELMA BOTELHO SOUZA, matrícula SiapeCad nº 01973698, para exercer a Função Gratificada de Chefe da Equipe de Gestão de Pessoas 1 - EGP1 da Delegacia da Receita Federal do Brasil em Salvador (BA), Código FG-3.</p><p>Nº 5.187 Designar o Analista-Tributário da Receita Federal do Brasil JOSE HONORIO SA TELES SANTOS, matrícula SiapeCad nº 00012607, para exercer a Função Comissionada do Poder Executivo de Chefe do Serviço de Tecnologia e Segurança da Informação - Setec da Delegacia da Receita Federal do Brasil em Feira de Santana (BA), Código FCPE-101.1.</p><p>Nº 5.188 Designar o Analista-Tributário da Receita Federal do Brasil CLAUDIO MIGUEL MAYNARD PIZZOLANTE, matrícula SiapeCad nº 01215126, para exercer o encargo de Substituto Eventual do Chefe do Serviço de Tecnologia e Segurança da Informação - Setec da Delegacia da Receita Federal do Brasil em Feira de Santana (BA), Código FCPE-101.1.</p><p>Nº 5.189 Designar o Auditor-Fiscal da Receita Federal do Brasil RICARDO FONTES DE LIMA, matrícula SiapeCad nº 01169418, para exercer a Função Gratificada de Chefe da Equipe de Fiscalização - EFI/4 da Delegacia da Receita Federal do Brasil em Feira de Santana (BA), Código FG-1.</p><p>Nº 5.190 Designar a Agente Administrativo MARIA ENE FELIX DE SOUZA, matrícula SiapeCad nº 00028133, para exercer a Função Gratificada de Agente da Receita Federal do Brasil em Euclides da Cunha (BA), jurisdição da Delegacia da Receita Federal do Brasil em Feira de Santana (BA), Código FG-3.</p><p>Nº 5.191 Designar o Agente Administrativo LUCIANO OLIVEIRA MACEDO, matrícula SiapeCad nº 00027080, para exercer a Função Gratificada de Agente da Receita Federal do Brasil em Itaberaba (BA), jurisdição da Delegacia da Receita Federal do Brasil em Feira de Santana (BA), Código FG-3.</p><p>Nº 5.192 Designar a Agente Administrativo ANA LICIA GOMES DE SOUZA FAGUNDES, matrícula SiapeCad nº 00010211, para exercer a Função Gratificada de Agente da Receita Federal do Brasil em Jacobina (BA), jurisdição da Delegacia da Receita Federal do Brasil em Feira de Santana (BA), Código FG-3.</p><p>Nº 5.193 Designar o Analista-Tributário da Receita Federal do Brasil ALFREDO CORREIA NETO, matrícula SiapeCad nº 00020439, para exercer a Função Gratificada de Chefe da Seção de Gestão Corporativa - Sacor da Delegacia da Receita Federal do Brasil em Vitoria da Conquista (BA), Código FG-1.</p><p>Nº 5.194 Designar o Auditor-Fiscal da Receita Federal do Brasil ARNALDO FARIA MOREIRA, matrícula SiapeCad nº 00064117, para exercer a Função Gratificada de Chefe da Equipe Aduaneira 1 - EAD1 da Delegacia da Receita Federal do Brasil em Vitoria da Conquista (BA), Código FG-3.</p><p>Nº 5.195 Designar a Agente Administrativo ADENILDE FERNANDES ALVES CARVALHO, matrícula SiapeCad nº 00004045, para exercer a Função Gratificada de Agente da Receita Federal do Brasil em Bom Jesus da Lapa (BA), jurisdição da Delegacia da Receita Federal do Brasil em Vitoria da Conquista (BA), Código FG-3.</p><p>Nº 5.196 Designar o Agente Administrativo JOAO FARIAS VIANA, matrícula SiapeCad nº 00003331, para exercer a Função Gratificada de Agente da Receita Federal do Brasil em Itapetinga (BA), jurisdição da Delegacia da Receita Federal do Brasil em Vitoria da Conquista (BA), Código FG-3.</p><p>Nº 5.197 Designar o Analista-Tributário da Receita Federal do Brasil LUCIANO BARROS DA SILVA, matrícula SiapeCad nº 00068446, para exercer a Função Gratificada de Agente da Receita Federal do Brasil em Santa Maria da Vitoria (BA), jurisdição da Delegacia da Receita Federal do Brasil em Vitoria da Conquista (BA), Código FG-3.</p><p>Nº 5.198 Designar o Administrador JOSE ALMEIDA DE SENNA, matrícula SiapeCad nº 00805644, para exercer a Função Gratificada de Chefe da Seção de Gestão Corporativa - Sacor da Delegacia da Receita Federal do Brasil em Itabuna (BA), Código FG-1.</p><p>Nº 5.199 Designar o Auditor-Fiscal da Receita Federal do Brasil OSMAR EXPEDITO MADEIRA JUNIOR, matrícula SiapeCad nº 00064976, para exercer a Função Gratificada de Inspetor-Chefe da Receita Federal do Brasil em Ilhéus (BA), jurisdição da Delegacia da Receita Federal do Brasil em Itabuna (BA), Código FG-1.</p><p>Nº 5.200 Designar o Auditor-Fiscal da Receita Federal do Brasil JOAO ALBERTO DE AZEVEDO BEZERRA, matrícula SiapeCad nº 00013118, para exercer a Função Gratificada de Chefe da Equipe Aduaneira 01 da Inspetoria da Receita Federal do Brasil em Ilhéus (BA), jurisdição da Delegacia da Receita Federal do Brasil em Itabuna (BA), Código FG-3.</p><p>Nº 5.201 Designar o Analista-Tributário da Receita Federal do Brasil ANDRE MORAES VASCONCELLOS, matrícula SiapeCad nº 01811031, para exercer a Função Gratificada de Chefe da Seção de Tecnologia e Segurança da Informação - Satec da Delegacia da Receita Federal do Brasil em Lauro de Freitas (BA), Código FG-1.</p><p>Nº 5.202 Designar o Auditor-Fiscal da Receita Federal do Brasil GABRIEL CARDOSO GUIMARAES, matrícula SiapeCad nº 00087930, para exercer a Função Gratificada de Chefe da Equipe de Fiscalização - EFI/1 da Delegacia da Receita Federal do Brasil em Lauro de Freitas (BA), Código FG-3.</p><p>Nº 5.203 Nomear o Auditor-Fiscal da Receita Federal do Brasil FERNANDO ANTONIO MATOS DE OLIVEIRA, matrícula SiapeCad nº 00064907, para exercer o cargo em comissão de Delegado da Alfândega da Receita Federal do Brasil em Salvador (BA), Código DAS-101.2.</p><p>Nº 5.204 Designar o Auditor-Fiscal da Receita Federal do Brasil LUCIANO FREITAS MACIEL, matrícula SiapeCad nº 00064916, para exercer o encargo de Substituto Eventual do Delegado da Alfândega da Receita Federal do Brasil em Salvador (BA), Código DAS-101.2.</p><p>Nº 5.205 Designar o Auditor-Fiscal da Receita Federal do Brasil LUCIANO FREITAS MACIEL, matrícula SiapeCad nº 00064916, para exercer a Função Comissionada do Poder Executivo de Delegado Adjunto da Alfândega da Receita Federal do Brasil em Salvador (BA), Código FCPE-101.1.</p><p>Nº 5.206 Designar o Auditor-Fiscal da Receita Federal do Brasil JOSE OLYMPIO PINTO DE AZEVEDO, matrícula SiapeCad nº 00063897, para exercer a Função Gratificada de Chefe da Seção de Assessoramento Técnico Aduaneiro - Saata da Alfândega da Receita Federal do Brasil em Salvador (BA), Código FG-1.</p><p>Nº 5.207 Designar o Auditor-Fiscal da Receita Federal do Brasil PETER TOFTE, matrícula SiapeCad nº 00011478, para exercer a Função Comissionada do Poder Executivo de Chefe do Serviço de Despacho Aduaneiro - Sedad da Alfândega da Receita Federal do Brasil em Salvador (BA), Código FCPE-101.1.</p><p>Nº 5.208 Designar o Auditor-Fiscal da Receita Federal do Brasil RICARDO SANTANA NEVES, matrícula SiapeCad nº 00064934, para exercer o encargo de Substituto Eventual do Chefe do Serviço de Despacho Aduaneiro - Sedad da Alfândega da Receita Federal do Brasil em Salvador (BA), Código FCPE-101.1.</p><p>Nº 5.209 Designar a Auditora-Fiscal da Receita Federal do Brasil SUELENE SANDRA MARACAJA RAMOS PEDROSA, matrícula SiapeCad nº 00011806, para exercer a Função Gratificada de Chefe da Seção de Controle Aduaneiro Pós Despacho - Sacap da Alfândega da Receita Federal do Brasil em Salvador (BA), Código FG-1.</p><p>Nº 5.210 Designar o Auditor-Fiscal da Receita Federal do Brasil ROBERTO NERI REIS, matrícula SiapeCad nº 01294491, para exercer a Função Gratificada de Chefe da Seção de Vigilância Aduaneira - Savig da Alfândega da Receita Federal do Brasil em Salvador (BA), Código FG-1.</p><p>Nº 5.211 Designar o Auditor-Fiscal da Receita Federal do Brasil LUIZ FERNANDO COHIM RIBEIRO NOGUEIRA, matrícula SiapeCad nº 00014689, para exercer a Função Gratificada de Chefe da Seção de Gestão de Riscos Aduaneiros - Sarad da Alfândega da Receita Federal do Brasil em Salvador (BA), Código FG-1.</p><p>Nº 5.212 Designar o Analista-Tributário da Receita Federal do Brasil ANDERSON AMARAL DE SOUZA, matrícula SiapeCad nº 01295170, para exercer a Função Gratificada de Chefe do Centro de Atendimento ao Contribuinte - CAC da Alfândega da Receita Federal do Brasil em Salvador (BA), Código FG-1.</p><p>Nº 5.213 Designar o Auditor-Fiscal da Receita Federal do Brasil RICARDO SANTANA NEVES, matrícula SiapeCad nº 00064934, para exercer a Função Gratificada de Chefe da Equipe Aduaneira 1 - EAD1 da Alfândega da Receita Federal do Brasil em Salvador (BA), Código FG-2.</p><p>Nº 5.214 Designar a Analista-Tributário da Receita Federal do Brasil DAVIRENE ROCHA DA SILVEIRA MENDES, matrícula SiapeCad nº 00016178, para exercer a Função Gratificada de Chefe da Equipe Aduaneira 2 - EAD2 da Alfândega da Receita Federal do Brasil em Salvador (BA), Código FG-2.</p><p>Nº 5.215 Designar o Auditor-Fiscal da Receita Federal do Brasil ANTHONYONI ASSIS TAVARES LIMA, matrícula SiapeCad nº 01281708, para exercer a Função Gratificada de Chefe da Equipe Aduaneira 3 - EAD3 da Alfândega da Receita Federal do Brasil em Salvador (BA), Código FG-1.</p><p>Nº 5.216 Designar o Analista-Tributário da Receita Federal do Brasil JOSE AUGUSTO COSTA E SILVA, matrícula SiapeCad nº 00004960, para exercer a Função Gratificada de Chefe da Equipe de Vigilância e Repressão 1 - EVR1 da Alfândega da Receita Federal do Brasil em Salvador (BA), Código FG-3.</p><p>Nº 5.217 Designar a Analista-Tributário da Receita Federal do Brasil MARTA FERNANDES ALVES, matrícula SiapeCad nº 00007754, para exercer a Função Gratificada de Chefe da Equipe de Mercadorias Apreendidas 1 - EMA1 da Alfândega da Receita Federal do Brasil em Salvador (BA), Código FG-2.</p><p>Nº 5.218 Designar o Auditor-Fiscal da Receita Federal do Brasil LUIZ WILSON BRITO DE NORONHA, matrícula SiapeCad nº 01296263, para exercer a Função Comissionada do Poder Executivo de Inspetor-Chefe da Receita Federal do Brasil em Aeroporto Internacional de Salvador (BA), jurisdição da Alfândega da Receita Federal do Brasil em Salvador (BA), Código FCPE-101.1.</p><p>Nº 5.219 Designar o Auditor-Fiscal da Receita Federal do Brasil IURI DA SILVA SILVEIRA, matrícula SiapeCad nº 00671819, para exercer o encargo de Substituto Eventual do Inspetor-Chefe da Receita Federal do Brasil em Aeroporto Internacional de Salvador (BA), jurisdição da Alfândega da Receita Federal do Brasil em Salvador (BA), Código FCPE-101.1.</p><p>Nº 5.220 Designar a Auditora-Fiscal da Receita Federal do Brasil BIANCA LAZZARO ALVES DA CUNHA, matrícula SiapeCad nº 00076323, para exercer a Função Gratificada de Chefe da Seção de Administração Aduaneira - Saana da Inspetoria da Receita Federal do Brasil no Aeroporto Internacional de Salvador (BA), jurisdição da Alfândega da Receita Federal do Brasil em Salvador (BA), Código FG-1.</p><p>Nº 5.221 Designar o Auditor-Fiscal da Receita Federal do Brasil RODRIGO SOARES GUIMARAES DOS SANTOS TOLENTINO, matrícula SiapeCad nº 00718190, para exercer a Função Gratificada de Chefe da Seção de Vigilância Aduaneira - Savig da Inspetoria da Receita Federal do Brasil no Aeroporto Internacional de Salvador (BA), jurisdição da Alfândega da Receita Federal do Brasil em Salvador (BA), Código FG-1.</p><p>Nº 5.222 Designar o Auditor-Fiscal da Receita Federal do Brasil IURI DA SILVA SILVEIRA, matrícula SiapeCad nº 00671819, para exercer a Função Gratificada de Chefe da Equipe Aduaneira 1 - EAD1 da Inspetoria da Receita Federal do Brasil no Aeroporto Internacional de Salvador (BA), jurisdição da Alfândega da Receita Federal do Brasil em Salvador (BA), Código FG-2.</p><p>Nº 5.223 Designar o Auditor-Fiscal da Receita Federal do Brasil GETHER CLEISTONE SANTOS ROCHA, matrícula SiapeCad nº 00016555, para exercer a Função Gratificada de Chefe da Equipe de Vigilância e Repressão 1 - EVR1 da Inspetoria da Receita Federal do Brasil no Aeroporto Internacional de Salvador (BA), jurisdição da Alfândega da Receita Federal do Brasil em Salvador (BA), Código FG-2.</p><p>Nº 5.224 Designar o Analista-Tributário da Receita Federal do Brasil ALEXANDRE PLACIDO VIANNA, matrícula SiapeCad nº 00057770, para exercer a Função Gratificada de Chefe da Equipe de Gestão Corporativa 1 - EGC1 da Inspetoria da Receita Federal do Brasil no Aeroporto Internacional de Salvador (BA), jurisdição da Alfândega da Receita Federal do Brasil em Salvador (BA), Código FG-2.</p><p>Nº 5.225 Designar o Auditor-Fiscal da Receita Federal do Brasil JESSE SANTANA SILVA, matrícula SiapeCad nº 00010661, para exercer a Função Gratificada de Chefe da Seção de Administração Aduaneira - Saana da Delegacia da Receita Federal do Brasil em Aracaju (SE), Código FG-1.</p><p>Nº 5.226 Designar o Analista-Tributário da Receita Federal do Brasil HUMBERTO MIGLIO NETO, matrícula SiapeCad nº 01295063, para exercer a Função Gratificada de Chefe da Seção de Tecnologia e Segurança da Informação - Satec da Delegacia da Receita Federal do Brasil em Aracaju (SE), Código FG-1.</p><p>Nº 5.227 Designar o Assistente Técnico-Administrativo ALAN DE GOIS DOS SANTOS, matrícula SiapeCad nº 01974148, para exercer a Função Gratificada de Chefe de Posto de Atendimento em Lagarto (SE), jurisdição da Delegacia da Receita Federal do Brasil em Aracaju (SE), Código FG-3.</p>]]></Texto>
    <Autores>
      <assina>JORGE ANTONIO DEHER RACHID</assina>
    </Autores>
  </body>
</article></xml>