﻿<xml><article id="1022021" name="PORT GP 91_2017_CESSA REMOÇÃO_AD" idOficio="4622602" pubName="DO2" artType="Portaria" pubDate="08/01/2018" artClass="00037:00005:00001:00000:00000:00000:00000:00000:00000:00000:00025:00001" artSection="Presidência" artCategory="Presidência" artSize="8" artNotes="" numberPage="46" pdfPage="http://pesquisa.in.gov.br/imprensa/jsp/visualiza/index.jsp?data=08/01/2018&amp;jornal=529&amp;pagina=46" editionNumber="5">
  <body>
    <Identifica><![CDATA[PORTARIA Nº 91, DE 20 DE DEZEMBRO DE 2017]]></Identifica>
    <Data><![CDATA[]]></Data>
    <Ementa />
    <Titulo />
    <SubTitulo />
    <Texto><![CDATA[<p> O PRESIDENTE DO TRIBUNAL SUPERIOR DO TRABALHO, no uso de suas atribuições legais e regimentais, e de acordo com o disposto no art. 36 da Lei nº 8.112/1990, no art. 20 da Lei nº 11.416/2006, no Anexo IV da Portaria Conjunta nº 3/2007, no ATO.CIF.DILEP.SEGPES.GDGSET.GP.Nº 19/2013 e tendo em vista o constante do Processo TST nº 505.559/2017-0, resolve:</p><p>1 - Cessar, a contar de 22/1/2018, os efeitos da PORTARIA CIF.SEGPES. GDGSET.GP.Nº 486-A, publicada no DOU de 10/1/2008, no que se refere à remoção da servidora ADRIANA FLORIPES CARDIM DE LIMA, código 23918, Técnica Judiciária, Área Administrativa, Especialidade Segurança Judiciária, do Quadro de Pessoal da Secretaria deste Tribunal, para o Tribunal Regional do Trabalho da 12ª Região, em face de seu retorno a esta Corte.</p><p>2 - Conceder 10 (dez) dias de trânsito.</p>]]></Texto>
    <Autores>
      <assina>Min. IVES GANDRA DA SILVA MARTINS FILHO</assina>
    </Autores>
  </body>
</article></xml>