﻿<xml><article id="1131823" name="Portarias de 2201 a 2219__190351" idOficio="4619745" pubName="DO2" artType="Portaria" pubDate="15/01/2018" artClass="00017:00002:00001:00000:00000:00000:00000:00000:00000:00000:00025:00001" artSection="Subsecretaria de Assuntos Administrativos" artCategory="Subsecretaria de Assuntos Administrativos" artSize="8" artNotes="Liberada pela SAJ/Casa Civil" numberPage="29-33" pdfPage="http://pesquisa.in.gov.br/imprensa/jsp/visualiza/index.jsp?data=15/01/2018&amp;jornal=529&amp;pagina=29,http://pesquisa.in.gov.br/imprensa/jsp/visualiza/index.jsp?data=15/01/2018&amp;jornal=529&amp;pagina=33" editionNumber="10">
  <body>
    <Identifica><![CDATA[PORTARIAS DE 22 DE DEZEMBRO DE 2017]]></Identifica>
    <Data><![CDATA[]]></Data>
    <Ementa />
    <Titulo />
    <SubTitulo><![CDATA[ANEXO]]></SubTitulo>
    <Texto><![CDATA[<p> </p><p>O SUBSECRETÁRIO DE ASSUNTOS ADMINISTRATIVOS DO MINISTÉRIO DA SAÚDE, no uso de suas atribuições legais, resolve:</p><p>N° 2.201 Designar IVAN RICARDO ZIMMERMANN para exercer o encargo de substituto eventual do Coordenador-Geral de Monitoramento das Políticas Nacionais de Assistência Farmacêutica e de Medicamentos, DAS-101.4, código 35.0019, do Departamento de Assistência Farmacêutica e Insumos Estratégicos, do Gabinete, da Secretaria de Ciência, Tecnologia e Insumos Estratégicos.</p><p>N° 2.202 Designar OSWALDO SILVINO FILHO para substituir, no período de 18/12/2017 a 05/01/2018, o Coordenador de Gestão do Núcleo Estadual do Rio Grande do Sul, DAS-101.3, código 05.0510, da Secretaria Executiva, em virtude de vacância do cargo e férias da substituta eventual designada.</p><p>N° 2.203 Designar JAQUELINE SIQUEIRA DO SACRAMENTO para substituir, no período de 18/12/2017 a 05/01/2018, o Chefe do Serviço de Gestão Administrativa, FCPE-101.1, código 05.0514, da Coordenação de Gestão do Núcleo Estadual do Rio Grande do Sul, da Secretaria Executiva, em virtude de vacância do cargo e férias da substituta eventual designada.</p><p>N° 2.204 Designar GILMARA LUCIA DOS SANTOS para substituir, no período de 18/12/2017 a 29/12/2017, a Coordenadora-Geral de Saúde das Mulheres, DAS-101.4, código nº 30.0072, do Departamento de Ações Programáticas Estratégicas, da Secretaria de Atenção à Saúde, em virtude de vacância do cargo e afastamento da substituta eventual designada.        </p><p>N° 2.205 Designar ANTONIO AFONSO SCARPELINI para substituir, no período de 26/12/17 a 25/01/2018, o Chefe do Serviço de Atividades Gerais, Material e Patrimônio, FCPE-101.1, código nº 05.0534, da Divisão de Gestão Administrativa, da Coordenação de Gestão do Núcleo Estadual de São Paulo, da Secretaria Executiva, em virtude de vacância do cargo e férias da substituta eventual designada.</p><p>N° 2.206 Designar ALESSANDRA DUARTE LOPES para exercer o encargo de substituta eventual do Coordenador de Análise de Contas, DAS-101.3, código 05.0269, da Coordenação-Geral de Acompanhamento de Investimentos e Análise de Contas, da Diretoria-Executiva do Fundo Nacional de Saúde, da Secretaria-Executiva, ficando dispensado, a contar de 20/11/2017, RAFAEL GASPERIN MAZZOLENI, em virtude de ter se tornado o titular do cargo.</p><p>N° 2.207 Designar THAÍS HELENA SALGADO GALRÃO ALSINA GRAU para substituir, no período de 13/12/2017 a 22/12/2017, a Coordenadora de Disseminação de Informações Técnico-Científicas em Saúde, DAS-101.3, código 05.0058, da Coordenação-Geral de Documentação e Informação, da Subsecretaria de Assuntos Administrativos, da Secretaria Executiva, em virtude férias da titular e de não haver substituta eventual designada.</p><p>N° 2.208 Designar MARCELO YAMADA PAES para exercer o encargo de substituto eventual do Coordenador de Vigilância Laboratorial, DAS-101.3, código 38.0040, da Coordenação-Geral de Laboratórios de Saúde Pública, do Departamento de Gestão da Vigilância em Saúde, da Secretaria de Vigilância em Saúde, ficando dispensada CALERIA MARIA PEREIRA. </p><p>N° 2.209 Designar JEFFERSON ALMEIDA MARTINS para exercer o encargo de substituto eventual do Chefe da Divisão de Suporte Administrativo, DAS-101.2, código 10.0012, da Coordenação de Organização Administrativa, da Consultoria Jurídica, ficando dispensado WALDIR MACEDO SANTANA.</p><p>N° 2.210 Designar JOÃO PAULO BANZATO CORIGLIANO para exercer o encargo de substituto eventual do Coordenador de Análise Jurídica de Assuntos Finalísticos, FCPE-101.3, código 10.0021, da Coordenação-Geral de Assuntos de Saúde e Atos Normativos, da Consultoria Jurídica, ficando dispensado, a contar de 01/11/2017, EDUARDO MONTEIRO DE BARROS CORDEIRO, por ter sido designado titular do cargo.</p><p>N° 2.211 Designar JÚLIO CÉSAR ALVES FIGUEIROA para exercer o encargo de substituto eventual do Coordenador de Assuntos Especiais em Contencioso Judicial e Extrajudicial, FCPE-101.3, código 10.0025, da Coordenação-Geral de Assuntos Judiciais, da Consultoria Jurídica, ficando dispensado, a contar de 03/11/2017, GEOVANE ALVES DA SILVA, por ter sido designado titular </p><p>N° 2.212 Designar BÁRBARA VALE RIZZO para substituir nos períodos de 06/11/2017 a 11/11/2017 e de 13/11/2017 a 15 /11/ 2017, a Chefe da Divisão de Triagem e Internalização de Processos, FCPE-101.2, código 10.0016, da Coordenação-Geral de Gestão, Assuntos Disciplinares e de Pessoal, da Consultoria Jurídica, em virtude de férias e licença para tratamento da saúde da titular e de dispensa a pedido da substituta eventual designada.</p><p>O Subsecretário de Assuntos Administrativos do Ministério da Saúde, considerando o disposto no inciso II do artigo 93 da Lei 8.112 de 12 de dezembro de 1990, no inciso XI do artigo 7º da Lei n.º 8.080 de 19 de setembro de 1990, artigo 20 da Lei n.º 8.270 de 17 de dezembro de 1991, artigo 11 da Lei n.º 9.527 de 10 de dezembro de 1997 e na Portaria GM/MS n.º. 243 de 10 de março de 2015, e no uso da competência que lhe foi subdelegada pela Portaria SE/MS n.º 553, de 5 de maio de 2011, publicada no Diário Oficial da União de 6 de maio de 2011, resolve: </p><p>N° 2.213 Artigo 1º - Colocar à disposição da Secretaria Municipal de Saúde de Acreúna, no Estado de Goiás, com ônus para a origem, os servidores do Quadro de Pessoal deste Ministério, constantes do anexo, em conformidade com o Convênio SUS n.º 0001361/2017, cujo Extrato foi publicado no Diário Oficial da União, nº 205, de 25 de outubro de 2017, firmado entre o Ministério da Saúde e a Prefeitura Municipal de Acreúna, no Estado de Goiás, representada por sua Secretaria Municipal de Saúde.</p><p>Artigo 2º - Cumpre à Divisão de Gestão do Núcleo Estadual do Ministério da Saúde em Goiás e a da Secretaria Municipal de Saúde de Acreúna, no Estado de Goiás, a observância dos procedimentos de Gestão de Pessoal cedido para o Sistema Único de Saúde, (SUS), aprovados pela Portaria GM/MS n.º 243/2015, de 10 de março de 2015, publicada no Diário Oficial da União nº 47, de 11 de março de 2015.</p><p> Artigo 3º - Esta Portaria entra em vigor na data de sua publicação. (Proc. nº. 25005.400537/2017-11).</p><p>ANEXO</p><p> </p><table><tr /><tr><td><p> SIAPE</p></td><td><p>NOME DO SERVIDOR</p></td><td><p>CARGO</p></td></tr><tr><td><p>0499974</p></td><td><p>Adair Vieira Simão</p></td><td><p>Guarda de Endemias</p></td></tr><tr><td><p>0500229</p></td><td><p>José Pereira Filho</p></td><td><p>Guarda de Endemias</p></td></tr></table><p>O Subsecretário de Assuntos Administrativos do Ministério da Saúde, considerando o disposto no inciso II do artigo 93 da Lei 8.112 de 12 de dezembro de 1990, no inciso XI do artigo 7º da Lei n.º 8.080 de 19 de setembro de 1990, artigo 20 da Lei n.º 8.270 de 17 de dezembro de 1991, artigo 11 da Lei n.º 9.527 de 10 de dezembro de 1997 e na Portaria GM/MS n.º. 243 de 10 de março de 2015, e no uso da competência que lhe foi subdelegada pela Portaria SE/MS n.º 553, de 5 de maio de 2011, publicada no Diário Oficial da União de 6 de maio de 2011, resolve: </p><p>N° 2.214 Artigo 1º - Colocar à disposição da Secretaria Municipal de Saúde de Damolândia, no Estado de Goiás, com ônus para a origem, o servidor do Quadro de Pessoal deste Ministério, constante do anexo, em conformidade com o Convênio SUS n.º 0001364/2017, cujo Extrato foi publicado no Diário Oficial da União, nº 205, de 25 de outubro de 2017, firmado entre o Ministério da Saúde e a Prefeitura Municipal de Damolândia, no Estado de Goiás, representada por sua Secretaria Municipal de Saúde.</p><p>Artigo 2º - Cumpre à Divisão de Gestão do Núcleo Estadual do Ministério da Saúde em Goiás e a da Secretaria Municipal de Saúde de Damolândia, no Estado de Goiás, a observância dos procedimentos de Gestão de Pessoal cedido para o Sistema Único de Saúde, (SUS), aprovados pela Portaria GM/MS n.º 243/2015, de 10 de março de 2015, publicada no Diário Oficial da União nº 47, de 11 de março de 2015.</p><p>Artigo 3º - Esta Portaria entra em vigor na data de sua publicação. (Proc. nº. 25005.400537/2017-11).</p><p> </p><table><tr /><tr><td><p> SIAPE</p></td><td><p>NOME DO SERVIDOR</p></td><td><p>CARGO</p></td></tr><tr><td><p>0546893</p></td><td><p>Rui Ferreira de Sousa</p></td><td><p>Motorista Oficial</p></td></tr></table><p>O Subsecretário de Assuntos Administrativos do Ministério da Saúde, considerando o disposto no inciso II do artigo 93 da Lei 8.112 de 12 de dezembro de 1990, no inciso XI do artigo 7º da Lei n.º 8.080 de 19 de setembro de 1990, artigo 20 da Lei n.º 8.270 de 17 de dezembro de 1991, artigo 11 da Lei n.º 9.527 de 10 de dezembro de 1997 e na Portaria GM/MS n.º. 243 de 10 de março de 2015, e no uso da competência que lhe foi subdelegada pela Portaria SE/MS n.º 553, de 5 de maio de 2011, publicada no Diário Oficial da União de 6 de maio de 2011, resolve:</p><p>N 2.215 Artigo 1º - Colocar à disposição da Secretaria Municipal de Saúde de Moiporá, no Estado de Goiás, com ônus para a origem, o servidor do Quadro de Pessoal deste Ministério, constante do anexo, em conformidade com o Convênio SUS n.º 0001365/2017, cujo Extrato foi publicado no Diário Oficial da União, nº 205, de 25 de outubro de 2017, firmado entre o Ministério da Saúde e a Prefeitura Municipal de Moiporá, no Estado de Goiás, representada por sua Secretaria Municipal de Saúde.</p><p>Artigo 2º - Cumpre à Divisão de Gestão do Núcleo Estadual do Ministério da Saúde em Goiás e a da Secretaria Municipal de Saúde de Moiporá, no Estado de Goiás, a observância dos procedimentos de Gestão de Pessoal cedido para o Sistema Único de Saúde, (SUS), aprovados pela Portaria GM/MS n.º 243/2015, de 10 de março de 2015, publicada no Diário Oficial da União nº 47, de 11 de março de 2015.</p><p>Artigo 3º - Esta Portaria entra em vigor na data de sua publicação. (Proc. nº. 25005.400537/2017-11).</p><p> </p><table><tr /><tr><td><p> SIAPE</p></td><td><p>NOME DO SERVIDOR</p></td><td><p>CARGO</p></td></tr><tr><td><p>1084924</p></td><td><p>Luiz Carlos da Silva</p></td><td><p>Agente de Saúde Pública</p></td></tr></table><p>O Subsecretário de Assuntos Administrativos do Ministério da Saúde, considerando o disposto no inciso II do artigo 93 da Lei 8.112 de 12 de dezembro de 1990, no inciso XI do artigo 7º da Lei n.º 8.080 de 19 de setembro de 1990, artigo 20 da Lei n.º 8.270 de 17 de dezembro de 1991, artigo 11 da Lei n.º 9.527 de 10 de dezembro de 1997 e na Portaria GM/MS n.º. 243, de 10 de março de 2015, e no uso da competência que lhe foi subdelegada pela Portaria SE/MS nº 553, de 5 de maio de 2011, publicada no Diário Oficial da União de 6 de maio de 2011, resolve:</p><p>N 2.216 Artigo 1º - Colocar à disposição da Secretaria Municipal de Saúde do Município de Resende no Estado do Rio de Janeiro, com ônus para a origem, o servidor do Quadro de Pessoal deste Ministério, constante do anexo, em conformidade com o Convênio SUS n.º nº 00142/2015, com Extrato publicado nº Diário Oficial da União nº 146, de 03 de agosto de 2015, firmado entre o Ministério da Saúde e a Prefeitura Municipal de Resende no Estado do Rio de Janeiro, representado por sua Secretaria Municipal de Saúde.</p><p>Artigo 2º - Cumpre à Coordenação de Gestão Pessoas do Hospital Federal de Bonsucesso/RJ e a Secretaria Municipal de Saúde de Resende/RJ, a observância dos procedimentos de Gestão de Pessoal cedido para o Sistema Único de Saúde, (SUS), aprovados pela Portaria GM/MS n.º 243, de 10 de março de 2015, publicada no Diário Oficial da União nº 47, de 11 de março de 2015.</p><p>Artigo 3º - Esta Portaria entra em vigor na data de sua publicação. (Proc. n.º 33374.470576/2017-06).</p><p>ANEXO</p><p> </p><table><tr /><tr><td><p>SIAPE</p></td><td><p>NOME</p></td><td><p>CARGO</p></td></tr><tr><td><p>1731750</p></td><td><p>Mithiam Prazeres Marinho Ferreira</p></td><td><p>Agente Administrativo</p><p> </p></td></tr></table><p>O Subsecretário de Assuntos Administrativos do Ministério da Saúde, no uso da competência que lhe foi subdelegada pela Portaria SE/MS n.º 553, de 5 de maio de 2011, publicada no Diário Oficial da União de 6 de maio de 2011 e considerando o disposto no inciso II do artigo 93 da Lei 8.112 de 12 de dezembro de 1990, no inciso XI do artigo 7º da Lei n.º 8.080 de 19 de setembro de 1990, artigo 20 da Lei n.º 8.270 de 17 de dezembro de 1991, artigo 11 da Lei n.º 9.527 de 10 de dezembro de 1997 e na Portaria GM/MS n.º. 243 de 10 de março de 2015, e, resolve:</p><p>N 2.217  Artigo 1º - Colocar à disposição da Secretaria de Estado de Saúde de São Paulo, com ônus para a origem, o servidor do Quadro de Pessoal deste Ministério, constante do anexo, em conformidade com o Convênio SUS n.º 286/2015, com o Extrato publicado no Diário Oficial da União - DOU n.º 204, de 26 de outubro de 2015, que foi firmado entre o Ministério da Saúde e o Governo do Estado de São Paulo, representado por sua Secretaria Estadual de Saúde.</p><p>Artigo 2º - Cumpre à Coordenação de Gestão do Núcleo Estadual do Ministério da Saúde em São Paulo e à Secretaria de Estado de Saúde de São Paulo, do Governo do Estado de São Paulo, a observância dos procedimentos de Gestão de Pessoal cedido para o Sistema Único de Saúde, (SUS), aprovados pela Portaria GM/MS n.º 243/2015, de 10 de março de 2015, publicada no Diário Oficial da União nº 47, de 11 de março de 2015.</p><p>Artigo 3º - Esta Portaria entra em vigor na data de sua publicação. (Proc. nº. 25004.005843/2017-10).</p><p> </p><table><tr /><tr><td><p>SIAPE</p></td><td><p>NOME</p></td><td><p>CARGO</p></td></tr><tr><td><p>3370377</p></td><td><p>Fernando José Soares Tavares</p></td><td><p>Médico</p></td></tr></table><p>O Subsecretário de Assuntos Administrativos do Ministério da Saúde, considerando o disposto no inciso II do artigo 93 da Lei 8.112 de 12 de dezembro de 1990, no inciso XI do artigo 7º da Lei n.º 8.080 de 19 de setembro de 1990, artigo 20 da Lei n.º 8.270 de 17 de dezembro de 1991, artigo 11 da Lei n.º 9.527 de 10 de dezembro de 1997 e na Portaria GM/MS n.º. 243, de 10 de março de 2015, e no uso da competência que lhe foi subdelegada pela Portaria SE/MS nº 553, de 5 de maio de 2011, publicada no Diário Oficial da União de 6 de maio de 2011, resolve:</p><p>N 2.218 Artigo 1º - Colocar à disposição da Secretaria Municipal de Saúde de Alto Parnaíba, no Estado do Maranhão, com ônus para a origem, a servidora do Quadro de Pessoal deste Ministério, constante do anexo, em conformidade com o Convênio SUS, cujo Extrato, de n.º 1446/2017, foi publicado no Diário Oficial da União, nº 242, de 19 de dezembro de 2017, firmado entre o Ministério da Saúde e a Prefeitura Municipal de Alto Parnaíba, no Estado do Maranhão, representada por sua Secretaria Municipal de Saúde.</p><p>Artigo 2º - Cumpre à Divisão de Gestão do Núcleo Estadual do Ministério da Saúde no Maranhão e à Secretaria Municipal de Saúde de Alto Parnaíba, no Estado do Maranhão, a observância dos procedimentos de Gestão de Pessoal cedido para o Sistema Único de Saúde, (SUS), aprovados pela Portaria GM/MS n.º 243, de 10 de março de 2015, publicada no Diário Oficial da União nº 47, de 11 de março de 2015.</p><p>Artigo 3º - Esta Portaria entra em vigor na data de sua publicação. (Proc. SEI n.º 25014.400644/2017-22).</p><p> </p><table><tr /><tr><td><p>SIAPE</p></td><td><p>NOME</p></td><td><p>CARGO</p></td></tr><tr><td><p>0519266</p></td><td><p>Aila Maria dos Santos Freitas Silva</p></td><td><p>Pesquisador em Ciências da Saúde</p><p> </p></td></tr></table><p>O Subsecretário de Assuntos Administrativos do Ministério da Saúde, considerando o disposto no inciso II do artigo 93 da Lei 8.112 de 12 de dezembro de 1990, no inciso XI do artigo 7º da Lei n.º 8.080 de 19 de setembro de 1990, artigo 20 da Lei n.º 8.270 de 17 de dezembro de 1991, artigo 11 da Lei n.º 9.527 de 10 de dezembro de 1997 e na Portaria GM/MS n.º 243 de 10 de março de 2015, e no uso da competência que lhe foi subdelegada pela Portaria SE/MS nº 553, de 5 de maio de 2011, publicada no Diário Oficial da União de 6 de maio de 2011, resolve:</p><p>N 2.219 Artigo 1º - Colocar à disposição da Secretaria Municipal de Saúde de Guaiúba, no Estado do Ceará, com ônus para a origem, o servidor do Quadro de Pessoal deste Ministério, constante do anexo, em conformidade com o Convênio SUS n.º 001305/2017, publicado no Diário Oficial da União - DOU nº 181, de 20 de setembro de 2017, firmado entre o Ministério da Saúde e a Prefeitura Municipal de Guaiúba, no Estado do Ceará, representada por sua Secretaria Municipal de Saúde.</p><p>Artigo 2º - Cumpre à Coordenação de Gestão do Núcleo Estadual do Ministério da Saúde no Ceará e à Secretaria Municipal de Saúde de Guaiúba, no Estado do Ceará, a observância dos procedimentos de Gestão de Pessoal cedido para o Sistema Único de Saúde, (SUS), aprovados pela Portaria GM/MS n.º 243, de 10 de março de 2015, publicada no Diário Oficial da União nº 47, de 11de março de 2015.</p><p>Artigo 3º - Esta Portaria entra em vigor na data de sua publicação. (Proc. SEI nº. 25016.004197/2017-64).</p><p>ANEXO</p><p> </p><table><tr /><tr><td><p> SIAPE</p></td><td><p>NOME</p></td><td><p>CARGO</p></td></tr><tr><td><p>0472967</p></td><td><p>Francisco Ibenilson de Oliveira</p></td><td><p>Guarda de Endemias</p></td></tr></table>]]></Texto>
    <Autores>
      <assina>LEONARDO ROSÁRIO DE ALCÂNTARA</assina>
    </Autores>
  </body>
</article></xml>