﻿<xml><article id="1022033" name="TRF2-ATP-2017-00539" idOficio="4622959" pubName="DO2" artType="Ato" pubDate="08/01/2018" artClass="00037:00008:00001:00000:00000:00000:00000:00000:00000:00000:00001:00008" artSection="Presidência" artCategory="Presidência" artSize="8" artNotes="" numberPage="50" pdfPage="http://pesquisa.in.gov.br/imprensa/jsp/visualiza/index.jsp?data=08/01/2018&amp;jornal=529&amp;pagina=50" editionNumber="5">
  <body>
    <Identifica><![CDATA[ATO Nº 539, de 18 de dezembro de 2017]]></Identifica>
    <Data><![CDATA[]]></Data>
    <Ementa />
    <Titulo />
    <SubTitulo />
    <Texto><![CDATA[<p> O PRESIDENTE DO TRIBUNAL REGIONAL FEDERAL DA 2ª REGIÃO, no uso de suas atribuições, e considerando o que consta do Procedimento Administrativo nº TRF2-PES-2017/01089, resolve:</p><p>CONCEDER aposentadoria voluntária, com proventos proporcionais, à servidora MARIA ELVIRA GONÇALVES DA COSTA, Analista Judiciária, Classe "C", Padrão NS-13, do Quadro de Pessoal da Justiça Federal de Primeiro Grau - Seção Judiciária do Rio de Janeiro, com base no art. 40, § 1º, inciso III, "b", e §§ 2º, 3º, 8º e 17, da Constituição da República, observando-se, ainda, o disposto no art. 37, inciso XI, do texto constitucional, e nos arts. 1º, caput, e §§, e 15, ambos da Lei nº 10.887, de 18.06.2004.</p><p> </p>]]></Texto>
    <Autores>
      <assina>ANDRÉ FONTES</assina>
    </Autores>
  </body>
</article></xml>