﻿<xml><article id="961288" name="PORTARIAS APOSENTADORIA 02JAN201" idOficio="4621210" pubName="DO2" artType="Portaria" pubDate="02/01/2018" artClass="00017:00002:00026:00026:00000:00000:00000:00000:00000:00000:00025:00001" artSection="Serviço de Gestão Administrativa" artCategory="Serviço de Gestão Administrativa" artSize="8" artNotes="" numberPage="4-119" pdfPage="http://pesquisa.in.gov.br/imprensa/jsp/visualiza/index.jsp?data=02/01/2018&amp;jornal=529&amp;pagina=4,http://pesquisa.in.gov.br/imprensa/jsp/visualiza/index.jsp?data=02/01/2018&amp;jornal=529&amp;pagina=119" editionNumber="1">
  <body>
    <Identifica><![CDATA[PORTARIAS DE 22 DE DEZEMBRO DE 2017]]></Identifica>
    <Data><![CDATA[]]></Data>
    <Ementa />
    <Titulo />
    <SubTitulo />
    <Texto><![CDATA[<p> </p><p> A CHEFE DO SERVIÇO DE GESTÃO ADMINISTRATIVA DO NÚCLEO ESTADUAL DO MINISTÉRIO DA SAÚDE DO PARANÁ, no uso de suas atribuições que lhe são conferidas pela Portaria, SE/SAA/MS nº 1.804, de 01/10/2013, publicada no DOU nº 192 de 03/10/2013, Seção 1 e Portaria GM/MS nº 2.225 de 01/10/2013, publicada no DOU 191 de 02/10/2013, Seção 2, e em conformidade com o Decreto  nº. 8.901, de 10/11/2016, publicado no DOU 217, Seção 1, de 11/11/2016 e Portaria nº 1.419, de 08/06/2017, publicada no DOU nº 110, Seção 1, de 09/06/2017, resolve:</p><p> Nº 450 Conceder Aposentadoria Voluntária ao Tempo de Contribuição ao servidor GERVÁSIO JORGE DE MORAES, matrícula 499308, ocupante do cargo de Guarda de Endemias, Nível Intermediário, Classe S, Padrão III, do quadro do Ministério da Saúde do Paraná, com fundamento no Art. 3º, Incisos I, II e III, e parágrafo único da Emenda Constitucional nº 47/2005, com a opção da incorporação da gratificação aos proventos de acordo com a Lei 13.324 de 29/07/2016, acrescido de 12 % de Adicional de Tempo de Serviço e demais vantagens inerentes ao cargo. (Processo n.º 25023.401350/2017-17)</p><p> Nº 451 Conceder Aposentadoria Voluntária ao Tempo de Contribuição ao servidor JOSÉ NILSON DE SANTANA, matrícula 508738, ocupante do cargo de Agente de Saúde Pública, Nível Intermediário, Classe S, Padrão III, do quadro do Ministério da Saúde do Paraná, com fundamento no Art. 3º, Incisos I, II e III, e parágrafo único da Emenda Constitucional nº 47/2005, com a opção da incorporação da gratificação aos proventos de acordo com a Lei 13.324 de 29/07/2016, acrescido de 19 % de Adicional de Tempo de Serviço e demais vantagens inerentes ao cargo. (Processo n.º 25023.401089/2017-47)</p><p> Nº 452 Conceder Aposentadoria Voluntária ao Tempo de Contribuição à servidora SELMA MARTINS, matrícula 568248, ocupante do cargo de Auxiliar Operacional, Nível Intermediário, Classe S, Padrão III, do quadro do Ministério da Saúde do Paraná, com fundamento no Art. 3º, Incisos I, II e III, e parágrafo único da Emenda Constitucional nº 47/2005, com a opção da incorporação da gratificação aos proventos de acordo com a Lei 13.324 de 29/07/2016, acrescido de 18 % de Adicional de Tempo de Serviço e demais vantagens inerentes ao cargo. (Processo n.º 25023.401090/2017-71)</p><p> Nº 453 Conceder Aposentadoria Voluntária ao Tempo de Contribuição ao servidor JOAO PEREIRA DA SILVA, matrícula 569603, ocupante do cargo de Agente Administrativo, Nível Intermediário, Classe S, Padrão III, do quadro do Ministério da Saúde do Paraná, com fundamento no Art. 3º, Incisos I, II e III, e parágrafo único da Emenda Constitucional nº 47/2005, com a opção da incorporação da gratificação aos proventos de acordo com a Lei 13.324 de 29/07/2016, acrescido de 23% de Adicional de Tempo de Serviço e demais vantagens inerentes ao cargo. (Processo n.º 25023.401091/2017-16)</p><p> Nº 454 Conceder Aposentadoria Voluntária ao Tempo de Contribuição ao servidor JOSE LUIZ FILHO, matrícula 490974, ocupante do cargo de Agente De Saude Publica, Nível Intermediário, Classe S, Padrão III, do quadro do Ministério da Saúde do Paraná, com fundamento no Art. 3º, Incisos I, II e III, e parágrafo único da Emenda Constitucional nº 47/2005, com a opção da incorporação da gratificação aos proventos de acordo com a Lei 13.324 de 29/07/2016, acrescido de 13% de Adicional de Tempo de Serviço e demais vantagens inerentes ao cargo. (Processo n.º 25023.400863/2017-01)</p><p> Nº 455 Conceder Aposentadoria Voluntária ao Tempo de Contribuição ao servidor SERGIO FURQUIM, matrícula 479664, ocupante do cargo de Artífice, Nível Auxiliar, Classe S, Padrão III, do quadro do Ministério da Saúde do Paraná, com fundamento no Art. 3º, Incisos I, II e III, e parágrafo único da Emenda Constitucional nº 47/2005, com a opção da incorporação da gratificação aos proventos de acordo com a Lei 13.324 de 29/07/2016, acrescido de 21% de Adicional de Tempo de Serviço e demais vantagens inerentes ao cargo. (Processo n.º 25023.401346/2017-41)</p><p> Nº 456 Conceder Aposentadoria Voluntária ao Tempo de Contribuição a servidora VÂNIA RIERA SARQUIS, matrícula 655906, ocupante do cargo de Médico, Nível Superior, Classe S, Padrão III, do quadro do Ministério da Saúde do Paraná, com fundamento no Art. 3º, Incisos I, II e III, e parágrafo único da Emenda Constitucional nº 47/2005, com a opção da incorporação da gratificação aos proventos de acordo com a Lei 13.324 de 29/07/2016, acrescido de 15% de Adicional de Tempo de Serviço e demais vantagens inerentes ao cargo. (Processo n.º 25023.400818/2017-48)</p><p> Nº 457 Conceder Aposentadoria Voluntária ao Tempo de Contribuição a servidora ROSANGELA APARECIDA DE AMORIM, matrícula 471271, ocupante do cargo de Atendente, Nível Intermediário, Classe S, Padrão III, do quadro do Ministério da Saúde do Paraná, com fundamento no Art. 3º, Incisos I, II e III, e parágrafo único da Emenda Constitucional nº 47/2005, com a opção da incorporação da gratificação aos proventos de acordo com a Lei 13.324 de 29/07/2016, acrescido de 11% de Adicional de Tempo de Serviço e demais vantagens inerentes ao cargo. (Processo n.º 25023.401454/2017-13)</p><p> Nº 458 Conceder Aposentadoria Voluntária ao Tempo de Contribuição ao servidor PAULO DE OLIVEIRA, matrícula 499297, ocupante do cargo de Guarda de Endemias, Nível Intermediário, Classe S, Padrão III, do quadro do Ministério da Saúde do Paraná, com fundamento no Art. 3º, Incisos I, II e III, e parágrafo único da Emenda Constitucional nº 47/2005, com a opção da incorporação da gratificação aos proventos de acordo com a Lei 13.324 de 29/07/2016, acrescido de 12% de Adicional de Tempo de Serviço e demais vantagens inerentes ao cargo. (Processo n.º 25023.401088/2017-01)</p><p> Nº 459 Conceder Aposentadoria Voluntária ao Tempo de Contribuição ao servidor LUIZ BENTO SOARES SOBRINHO, matrícula 490984, ocupante do cargo de Agente de Saúde Pública, Nível Intermediário, Classe S, Padrão III, do quadro do Ministério da Saúde do Paraná, com fundamento no Art. 3º, Incisos I, II e III, e parágrafo único da Emenda Constitucional nº 47/2005, com a opção da incorporação da gratificação aos proventos de acordo com a Lei 13.324 de 29/07/2016, acrescido de 13% de Adicional de Tempo de Serviço e demais vantagens inerentes ao cargo. (Processo n.º 25023.401125/2017-72)</p><p> Nº 450 Conceder Aposentadoria Voluntária ao Tempo de Contribuição ao servidor APARECIDO LUIZ, matrícula 490182, ocupante do cargo de Agente de Saúde Pública, Nível Intermediário, Classe S, Padrão III, do quadro do Ministério da Saúde do Paraná, com fundamento no Art. 3º, Incisos I, II e III, e parágrafo único da Emenda Constitucional nº 47/2005, com a opção da incorporação da gratificação aos proventos de acordo com a Lei 13.324 de 29/07/2016, acrescido de 23% de Adicional de Tempo de Serviço e demais vantagens inerentes ao cargo. (Processo n.º 25023.400969/2017-04)</p><p> Nº 451 Conceder Aposentadoria Voluntária ao Tempo de Contribuição ao servidor VICENTE DE PAULA DA SILVA, matrícula 490579, ocupante do cargo de Agente de Saúde Pública, Nível Intermediário, Classe S, Padrão III, do quadro do Ministério da Saúde do Paraná, com fundamento no Art. 3º, Incisos I, II e III, e parágrafo único da Emenda Constitucional nº 47/2005, com a opção da incorporação da gratificação aos proventos de acordo com a Lei 13.324 de 29/07/2016, acrescido de 19% de Adicional de Tempo de Serviço e demais vantagens inerentes ao cargo. (Processo n.º 25023.400970/2017-21)</p><p> Nº 452 Conceder Aposentadoria Voluntária ao Tempo de Contribuição ao servidor JOSE RICARDO PIMENTA VIANNA, matrícula 240281, ocupante do cargo de Médico, Nível Superior, Classe S, Padrão III, do quadro do Ministério da Saúde do Paraná, com fundamento no Art. 3º, Incisos I, II e III, e parágrafo único da Emenda Constitucional nº 47/2005, com a opção da incorporação da gratificação aos proventos de acordo com a Lei 13.324 de 29/07/2016, acrescido de 12% de Adicional de Tempo de Serviço e demais vantagens inerentes ao cargo. (Processo n.º 25023.401066/2017-32)</p><p> Nº 453 Conceder Aposentadoria Voluntária ao Tempo de Contribuição a servidora, JAMILA JOSE SAAB, matrícula 479190, ocupante do cargo de Atendente, Nível Intermediário, Classe S, Padrão III, do quadro do Ministério da Saúde do Paraná, com fundamento no Art. 3º, Incisos I, II e III, e parágrafo único da Emenda Constitucional nº 47/2005, com a opção da incorporação da gratificação aos proventos de acordo com a Lei 13.324 de 29/07/2016, acrescido de 12% de Adicional de Tempo de Serviço e demais vantagens inerentes ao cargo. (Processo n.º 25023.400663/2017-40)</p><p> Nº 454 Conceder Aposentadoria Voluntária ao Tempo de Contribuição a servidora MARIA LUIZA DA SILVA, matrícula 444635, ocupante do cargo de Assistente Social, Nível Superior, Classe S, Padrão III, do quadro do Ministério da Saúde do Paraná, com base no Artigo 40, §1°, inciso III, alínea "a" da Constituição Federal de 1988, com redação dada pela Emenda Constitucional n° 41/2003, com proventos calculados de acordo com o Artigo 1° da Lei n° 10.887/2004. (Processo n.º 25023.401312/2017-56)</p><p> Nº 455 Conceder Aposentadoria Voluntária ao Tempo de Contribuição a servidora ELCI TOMAZINI PERASSOLI, matrícula 444623, ocupante do cargo de Laboratorista, Nível Intermediário, Classe S, Padrão III, do quadro do Ministério da Saúde do Paraná, com base no Artigo 40, §1°, inciso III, alínea "a" da Constituição Federal de 1988, com redação dada pela Emenda Constitucional n° 41/2003, com proventos calculados de acordo com o Artigo 1° da Lei n° 10.887/2004. (Processo n.º 25023.401179/2017-38)</p><p> Nº 456 Conceder Aposentadoria Voluntária ao Tempo de Contribuição à servidora MARIA LUCÍLIA NANDI BENATTO, matrícula 467189, ocupante do cargo de Enfermeira, Nível Superior, Classe S, Padrão III, do quadro do Ministério da Saúde do Paraná, com base no Artigo 40, §1°, inciso III, alínea "a" da Constituição Federal de 1988, com redação dada pela Emenda Constitucional n° 41/2003, com proventos calculados de acordo com o Artigo 1° da Lei n° 10.887/2004. (Processo n.º 25023.401474/2017-94)</p>]]></Texto>
    <Autores>
      <assina>GISLANE MARI FRANÇA DE OLIVEIRA</assina>
    </Autores>
  </body>
</article></xml>