﻿<xml><article id="961336" name="3352" idOficio="4622173" pubName="DO2" artType="Portaria" pubDate="02/01/2018" artClass="00011:00056:00000:00000:00000:00000:00000:00000:00000:00000:00025:00010" artSection="Ministério da Educação" artCategory="Instituto Federal de Educação, Ciência e Tecnologia da Bahia" artSize="8" artNotes="" numberPage="19" pdfPage="http://pesquisa.in.gov.br/imprensa/jsp/visualiza/index.jsp?data=02/01/2018&amp;jornal=529&amp;pagina=19" editionNumber="1">
  <body>
    <Identifica><![CDATA[PORTARIA Nº 3.352, DE 18 DE DEZEMBRO DE 2017]]></Identifica>
    <Data><![CDATA[]]></Data>
    <Ementa />
    <Titulo />
    <SubTitulo />
    <Texto><![CDATA[<p> O REITOR DO INSTITUTO FEDERAL DE EDUCAÇÃO, CIÊNCIA E TECNOLOGIA DA BAHIA, no uso de suas atribuições legais e considerando o teor do processo n 23459.001764/2017-96, resolve:</p><p>Art. 1 - DESIGNAR a servidora MARIA LOURDES CORREIA DE SOUZA, SIAPE 1853471, Assistente em administração, para exercer a função de Gerência de Licitações e Contratos, FG-02, do Campus Jequié.</p><p>Art. 2 - Esta portaria entra em vigor a partir da data de sua publicação.</p>]]></Texto>
    <Autores>
      <assina>RENATO DA ANUNCIACAO FILHO</assina>
    </Autores>
  </body>
</article></xml>