﻿<xml><article id="960802" name="PORTARIA 704 - DESIREE HERNANDEZ" idOficio="4619489" pubName="DO2" artType="Portaria" pubDate="02/01/2018" artClass="00037:00027:00001:00000:00000:00000:00000:00000:00000:00000:00025:00002" artSection="Presidência" artCategory="Presidência" artSize="8" artNotes="" numberPage="142" pdfPage="http://pesquisa.in.gov.br/imprensa/jsp/visualiza/index.jsp?data=02/01/2018&amp;jornal=529&amp;pagina=142" editionNumber="1">
  <body>
    <Identifica><![CDATA[PORTARIA Nº 704, DE 13 DE DEZEMBRO DE 2017]]></Identifica>
    <Data><![CDATA[]]></Data>
    <Ementa />
    <Titulo />
    <SubTitulo />
    <Texto><![CDATA[<p> O PRESIDENTE DO TRIBUNAL REGIONAL ELEITORAL DO PARANÁ, usando das atribuições que lhe são conferidas pelo artigo 22, inciso XXIV e XLIV, do Regimento Interno deste Tribunal e considerando o contido no PAD sob nº 15941/2017, resolve:</p><p>I - DISPENSAR, a partir da publicação, a servidora DESIREE HERNANDEZ MAUSBACH RICCO, ocupante do cargo de Técnico Judiciário, Área de Atividade Apoio Especializado - Operação de Computadores, Classe C, Padrão 13, do Quadro de Pessoal deste Tribunal, da função comissionada de Chefe da Seção de Administração de Sistemas, FC-06.</p><p>II - DISPENSAR, a partir da mesma data, o servidor ALEX PINHEIRO DAS GRAÇAS, ocupante do cargo de Analista Judiciário, Área de Atividade Apoio Especializado - Análise de Sistemas, Classe B, Padrão 06, do Quadro de Pessoal deste Tribunal, da função comissionada de Assistente I da Coordenadoria de Sistemas, FC-01.</p><p>III - DESIGNAR, a partir da mesma data, o servidor ALEX PINHEIRO DAS GRAÇAS, ocupante do cargo de Analista Judiciário, Área de Atividade Apoio Especializado - Análise de Sistemas, Classe B, Padrão 06, do Quadro de Pessoal deste Tribunal, para exercer a função comissionada de Chefe da Seção de Administração de Sistemas, FC-06.</p><p>IV - DESIGNAR, a partir da mesma data, o servidor JULIO CEZAR GARCIA LIMA, ocupante do cargo de Analista Judiciário, Área de Atividade Administrativa, Classe A, Padrão 03, do Quadro de Pessoal deste Tribunal, para exercer a função comissionada de Assistente I da Coordenadoria de Sistemas, FC-01.</p>]]></Texto>
    <Autores>
      <assina>Des. ADALBERTO JORGE XISTO PEREIRA</assina>
    </Autores>
  </body>
</article></xml>