﻿<xml><article id="979054" name="1107__080226" idOficio="4622055" pubName="DO2" artType="Portaria" pubDate="03/01/2018" artClass="00010:00007:00010:00012:00000:00000:00000:00000:00000:00000:00025:00001" artSection="Comando do Pessoal de Fuzileiros Navais" artCategory="Comando do Pessoal de Fuzileiros Navais" artSize="8" artNotes="" numberPage="4" pdfPage="http://pesquisa.in.gov.br/imprensa/jsp/visualiza/index.jsp?data=03/01/2018&amp;jornal=529&amp;pagina=4" editionNumber="2">
  <body>
    <Identifica><![CDATA[PORTARIA Nº 1.107/CPesFN, DE 18 DE DEZEMBRO DE 2017]]></Identifica>
    <Data><![CDATA[]]></Data>
    <Ementa />
    <Titulo />
    <SubTitulo />
    <Texto><![CDATA[<p> O COMANDANTE DO PESSOAL DE FUZILEIROS NAVAIS, no uso das atribuições que lhe confere a alínea b, inciso I, art. 3º do Regulamento do Comando do Pessoal de Fuzileiros Navais, aprovado pela Portaria nº 38, de 17FEV2016, do Comando-Geral do Corpo de Fuzileiros Navais e por Força de Decisão Judicial proferida nos Autos do Processo nº 0012133-22.2011.4.02.5101, em trâmite na 19ª Vara Federal do Rio de Janeiro, tendo este Comando tomado ciência, em 12DEZ2017, por meio da Comunicação Padronizada de Processos Judiciais nº 2477, de 11DEZ2017, da DPMM, resolve:</p><p>Art. 1º Tornar sem efeito a Portaria nº 1055, de 22OUT2014, alterada pela Portaria n° 1227, de 15DEZ2014, ambas deste Comando, que tratam da reforma do RC-FN 09.0461.86 RAPHAEL GRIMALDI.</p><p>Art. 2º Manter os efeitos da Ordem de Serviço n° 209/2011, do Centro de Instrução Almirante Milcíades Portela Alves (CIAMPA), referente ao desligamento do Serviço Ativo do RC-FN 09.0461.86 RAPHAEL GRIMALDI, conforme trecho abaixo da referida decisão judicial: </p><p>Art. 3º Esta Portaria entra em vigor na presente data.</p>]]></Texto>
    <Autores>
      <assina>Vice-Almirante (FN) JORGE ARMANDO NERY SOARES</assina>
    </Autores>
  </body>
</article></xml>