﻿<xml><article id="960796" name="PORTARIA 701 - MARCELO CHARAN" idOficio="4619489" pubName="DO2" artType="Portaria" pubDate="02/01/2018" artClass="00037:00027:00001:00000:00000:00000:00000:00000:00000:00000:00025:00001" artSection="Presidência" artCategory="Presidência" artSize="8" artNotes="" numberPage="142" pdfPage="http://pesquisa.in.gov.br/imprensa/jsp/visualiza/index.jsp?data=02/01/2018&amp;jornal=529&amp;pagina=142" editionNumber="1">
  <body>
    <Identifica><![CDATA[PORTARIA Nº 701, DE 13 DE DEZEMBRO DE 2017]]></Identifica>
    <Data><![CDATA[]]></Data>
    <Ementa />
    <Titulo />
    <SubTitulo />
    <Texto><![CDATA[<p> O PRESIDENTE DO TRIBUNAL REGIONAL ELEITORAL DO PARANÁ, usando das atribuições que lhe são conferidas pelo artigo 22, inciso XXIV e XLIV, do Regimento Interno deste Tribunal e considerando o contido no PAD sob nº 15908/2017, resolve:</p><p>I - DISPENSAR, a partir da publicação, o servidor MARCELO CHARAN, ocupante do cargo de Técnico Judiciário, Área de Atividade Apoio Especializado - Operação de Computadores, Classe B, Padrão 08, do Quadro de Pessoal deste Tribunal, da função comissionada de Chefe da Seção de Gestão de Infraestrutura de Rede e Servidores, FC-06.</p><p>II - DISPENSAR, a partir de mesma data, o servidor BRENO SCHULT, ocupante do cargo de Técnico Judiciário, Área de Atividade Apoio Especializado - Operação de Computadores, Classe B, Padrão 06, do Quadro de Pessoal deste Tribunal, da função comissionada de Assistente I da Coordenadoria de Infraestrutura, FC-01.</p><p>III - DESIGNAR, a partir da mesma data, o servidor BRENO SCHULT, ocupante do cargo de Técnico Judiciário, Área de Atividade Apoio Especializado - Operação de Computadores, Classe B, Padrão 06, do Quadro de Pessoal deste Tribunal, para exercer a função comissionada de Chefe da Seção de Gestão de Infraestrutura de Rede e Servidores, FC-06.</p>]]></Texto>
    <Autores>
      <assina>Des. ADALBERTO JORGE XISTO PEREIRA</assina>
    </Autores>
  </body>
</article></xml>