﻿<xml><article id="961234" name="PORTARIAS DE 18 DE DEZ DE 2017" idOficio="4620061" pubName="DO2" artType="Portaria" pubDate="02/01/2018" artClass="00031:00003:00001:00000:00000:00000:00000:00000:00000:00000:00025:00001" artSection="Superintendência de Gestão de Pessoas" artCategory="Superintendência de Gestão de Pessoas" artSize="8" artNotes="" numberPage="137" pdfPage="http://pesquisa.in.gov.br/imprensa/jsp/visualiza/index.jsp?data=02/01/2018&amp;jornal=529&amp;pagina=137" editionNumber="1">
  <body>
    <Identifica><![CDATA[PORTARIAS DE 18 DE DEZEMBRO DE 2017]]></Identifica>
    <Data><![CDATA[]]></Data>
    <Ementa />
    <Titulo />
    <SubTitulo />
    <Texto><![CDATA[<p> O SUPERINTENDENTE DE GESTÃO DE PESSOAS, no uso da atribuição que lhe confere o art. 1º, inciso V, da Portaria nº 2.086, de 22 de junho 2017, tendo em vista o disposto no art. 38, da Lei nº 8.112, de 11 de dezembro de 1990, e considerando o que consta do Processo nº 00058.542115/2017-68, resolve:</p><p>Nº 4.186 - Dispensar JORGE HENRIQUE COUTINHO DE CASTRO, matrícula SIAPE nº 1441013, do encargo de substituto eventual do Cargo em Comissão de Chefe da Assessoria de Articulação com o Sistema de Investigação e Prevenção de Acidentes Aeronáuticos, código CGE III, desta Agência.</p><p>Nº 4.187 - Designar RICARDO ALBUQUERQUE DE OLIVEIRA, matrícula SIAPE nº 2041745, para exercer o encargo de substituto eventual do Cargo em Comissão de Chefe da Assessoria de Articulação com o Sistema de Investigação e Prevenção de Acidentes Aeronáuticos, código CGE III, desta Agência, nos afastamentos, impedimentos legais ou regulamentares do titular e na vacância do cargo.</p>]]></Texto>
    <Autores>
      <assina>EDUARDO BORBA CHAFFIN JUNIOR</assina>
    </Autores>
  </body>
</article></xml>