﻿<xml><article id="964416" name="PORT Nº 514 - DCIPAS.31.3 - de 2" idOficio="4626047" pubName="DO2" artType="Portaria" pubDate="02/01/2018" artClass="00010:00008:00024:06902:00000:00000:00000:00000:00000:00000:00025:00002" artSection="Diretoria de Civis, Inativos, Pensionistas e Assistência Social" artCategory="Diretoria de Civis, Inativos, Pensionistas e Assistência Social" artSize="8" artNotes="" numberPage="10" pdfPage="http://pesquisa.in.gov.br/imprensa/jsp/visualiza/index.jsp?data=02/01/2018&amp;jornal=529&amp;pagina=10" editionNumber="1">
  <body>
    <Identifica><![CDATA[PORTARIA Nº 514 - DCIPAS/31.3, DE 27 DE DEZEMBRO DE 2017]]></Identifica>
    <Data><![CDATA[]]></Data>
    <Ementa />
    <Titulo />
    <SubTitulo />
    <Texto><![CDATA[<p> O DIRETOR DE CIVIS, INATIVOS, PENSIONISTAS E ASSISTÊNCIA SOCIAL, no uso da competência que lhe foi subdelegada pela Portaria do Comandante do Exército nº 1.700, de 8 de dezembro de 2017, e de acordo com o inciso I do art. 96 da Lei nº 6.880, de 9 de dezembro de 1980, resolve:</p><p> TRANSFERIR, a pedido, para a reserva remunerada os militares abaixo relacionados, com a remuneração a que fazem jus, observados os art. 9º e 10 da Medida Provisória nº 2.215-10, de 31 de agosto de 2001:</p><p /><p> </p><table><tr><td><p>Cap QAO Mat Bel</p></td><td><p>(Idt 097086093-8)</p></td><td><p>AGOSTINHO MARIANO;</p></td></tr><tr><td><p>Cap QAO Adm-G</p></td><td><p>(Idt 036746273-6)</p></td><td><p>DANIEL DA SILVA CANDIDO;</p></td></tr><tr><td><p>Cap QAO Adm-G</p></td><td><p>(Idt 053861583-2)</p></td><td><p>GERMANO ROBERTO ZENTNER;</p></td></tr><tr><td><p>Cap QAO Adm-G</p></td><td><p>(Idt 047638193-4)</p></td><td><p>GILSON TIMOTEO SACRAMENTO;</p></td></tr><tr><td><p>Cap QAO Adm G</p></td><td><p>(Idt 011703353-0)</p></td><td><p>HELIO VARGAS FERREIRA;</p></td></tr><tr><td><p>Cap QAO Mnt Com</p></td><td><p>(Idt 105117123-7)</p></td><td><p>PEDRO ANTÔNIO DANTAS NETO;</p></td></tr><tr><td><p>Cap QAO Adm-G</p></td><td><p>(Idt 036814773-2)</p></td><td><p>PEDRO PAULO ROGOSKI;</p></td></tr><tr><td><p>Cap QAO Adm-G</p></td><td><p>(Idt 023288093-0)</p></td><td><p>REINALDO CENTANINI DA SILVA; </p></td></tr><tr><td><p>Cap QAO Adm-G</p></td><td><p>(Idt 049791093-5)</p></td><td><p>REINALDO DE SOUZA CARVALHO; e</p></td></tr><tr><td><p>Cap QAO Mus</p></td><td><p>(Idt 043791623-2)</p></td><td><p>VANDERLÚCIO DOS SANTOS.</p></td></tr></table><p> </p>]]></Texto>
    <Autores>
      <assina>GÉDER TÁVORA SAID - Cel</assina>
      <cargo>Rsp p/ Expt da Diretoria de Civis, Inativos, Pensionistas e Assistência Social</cargo>
    </Autores>
  </body>
</article></xml>