﻿<xml><article id="963681" name="PORTARIA Nº 96.343" idOficio="4625955" pubName="DO2" artType="Portaria" pubDate="02/01/2018" artClass="00012:00005:00002:00023:00000:00000:00000:00000:00000:00000:00025:00001" artSection="Secretaria da Diretoria e do Conselho Monetário Nacional" artCategory="Secretaria da Diretoria e do Conselho Monetário Nacional" artSize="8" artNotes="" numberPage="38" pdfPage="http://pesquisa.in.gov.br/imprensa/jsp/visualiza/index.jsp?data=02/01/2018&amp;jornal=529&amp;pagina=38" editionNumber="1">
  <body>
    <Identifica><![CDATA[PORTARIA Nº 96.343, DE 29 DE DEZEMBRO DE 2017]]></Identifica>
    <Data><![CDATA[]]></Data>
    <Ementa />
    <Titulo />
    <SubTitulo />
    <Texto><![CDATA[<p> A Secretária-Executiva Adjunta, substituta, do Banco Central do Brasil, no uso da atribuição que lhe confere o art. 23, inciso IV, alínea "a", do Regimento Interno, anexo à Portaria nº 84.287, de 27 de fevereiro de 2015, resolve:</p><p>Art. 1º  Fica dispensado, em virtude de aposentadoria, o servidor EDESIO PIRES NOGUEIRA, matrícula 2.600.530-1, da função comissionada de Chefe de Subunidade, sigla FDT-1, na Secre/Sucon/Divad.</p><p>Art. 2º  Esta Portaria entra em vigor na data de sua publicação.</p>]]></Texto>
    <Autores>
      <assina>IZABELA MOREIRA CORREA</assina>
    </Autores>
  </body>
</article></xml>