﻿<xml><article id="961907" name="386.2017 - APOSENTADORIA POR INV" idOficio="4624523" pubName="DO2" artType="Portaria" pubDate="02/01/2018" artClass="00017:00026:00013:00016:00000:00000:00000:00000:00000:00000:00025:00001" artSection="Serviço de Administração de Recursos Humanos" artCategory="Serviço de Administração de Recursos Humanos" artSize="8" artNotes="" numberPage="120" pdfPage="http://pesquisa.in.gov.br/imprensa/jsp/visualiza/index.jsp?data=02/01/2018&amp;jornal=529&amp;pagina=120" editionNumber="1">
  <body>
    <Identifica><![CDATA[PORTARIA Nº 386, DE 31 DE OUTUBRO DE 2017]]></Identifica>
    <Data><![CDATA[]]></Data>
    <Ementa />
    <Titulo />
    <SubTitulo />
    <Texto><![CDATA[<p> O Diretor do Instituto Nacional de Traumatologia e Ortopedia Jamil Haddad, no uso das atribuições que lhe conferem a Portaria nº. 2.359/GM/MS, de 15 de Setembro de 2017, publicada no Diário Oficial da União - DOU nº. 179, de 18 de Setembro de 2017 e Portaria/CGRH/MS nº. 1041, de 30 de outubro de 2009, publicada no Diário Oficial da União - DOU nº. 209, de 03 de novembro de 2009, resolve:</p><p>I - Conceder aposentadoria por invalidez permanente, decorrente de doença não especificada no § 1º do artigo 186 da lei 8112/90, com proventos proporcionais à servidora ANDREIA DAVIM DOS SANTOS, matrícula SIAPE nº. 177.853-8, ocupante do cargo de Auxiliar de Enfermagem, código NI 210013, Classe B, Padrão II, do Quadro de Pessoal do Ministério da Saúde, com fundamento no Artigo 40, Parágrafo 1º, Inciso I da Constituição Federal de 1988, com redação dada pela Emenda Constitucional nº. 41/2003, com os proventos calculados com base no artigo 1º da lei nº 10887/04; a partir de 02/10/2017 data do laudo médico e as demais vantagens a que fizer jus.</p><p>II - Declarar vago o cargo referido no item I.</p>]]></Texto>
    <Autores>
      <assina>FLAVIO DOS SANTOS CERQUEIRA</assina>
      <cargo>Diretor Geral</cargo>
    </Autores>
  </body>
</article></xml>