﻿<xml><article id="965788" name="PT de revogação de apos. - conce" idOficio="4626218" pubName="DO2" artType="Portaria" pubDate="02/01/2018" artClass="00017:00002:00017:00003:00000:00000:00000:00000:00000:00000:00025:00001" artSection="Serviço de Gestão Administrativa" artCategory="Serviço de Gestão Administrativa" artSize="8" artNotes="" numberPage="118" pdfPage="http://pesquisa.in.gov.br/imprensa/jsp/visualiza/index.jsp?data=02/01/2018&amp;jornal=529&amp;pagina=118" editionNumber="1">
  <body>
    <Identifica><![CDATA[PORTARIA Nº 585, DE 29 DE DEZEMBRO DE 2017]]></Identifica>
    <Data><![CDATA[]]></Data>
    <Ementa />
    <Titulo />
    <SubTitulo />
    <Texto><![CDATA[<p> </p><p> A SUBSTITUTA EVENTUAL DA CHEFE DO SERVIÇO DE GESTÃO ADMINISTRATIVA DO NÚCLEO ESTADUAL DO MINISTÉRIO DA SAÚDE NO CEARÁ, no uso de suas competências subdelegadas pela Portaria SE/SAA/MS nº. 1.804, de 01/10/2013, publicada no DOU nº. 192, de 03/10/2013 e tendo em vista o que consta do processo abaixo citado, resolve:</p><p>Art. 1º. Revogar a Portaria SEGEP/NE/MS/CE - 217, de 15 de abril de 2013, publicada no Diário Oficial nº 73, de 17 de abril de 2013, que concedeu aposentadoria voluntária integral à servidora, CONCEIÇÃO DE MARIA ALVES LIMA, matrícula SIAPE 542.760, ocupante do cargo de Médico, do quadro de Pessoal do Ministério da Saúde e determinar o seu retorno à atividade e ao efetivo exercício de suas atribuições no referido cargo, em decorrência dos atos previstos em razão do que dispõe o art. 24 da ON 16/2013/SEGEP/MPOG e Súmula Vinculante nº 33, com redação dada pela Orientação Normativa nº 05/2014/SEGEP/MPOG.</p><p>Art. 2º. Esta Portaria entra em vigor na data de sua publicação. (Processo NUP 25016.000593/2013-99). </p><p>           </p>]]></Texto>
    <Autores>
      <assina>SELMA CELINA MOTA</assina>
    </Autores>
  </body>
</article></xml>