﻿<xml><article id="965857" name="PORTARIA Nº 4472, 4473, 4480, 44" idOficio="4626225" pubName="DO2" artType="Portaria" pubDate="02/01/2018" artClass="00010:00027:00000:00000:00000:00000:00000:00000:00000:00000:00025:00002" artSection="Ministério da Defesa" artCategory="Estado-Maior Conjunto das Forças Armadas" artSize="8" artNotes="" numberPage="11" pdfPage="http://pesquisa.in.gov.br/imprensa/jsp/visualiza/index.jsp?data=02/01/2018&amp;jornal=529&amp;pagina=11" editionNumber="1">
  <body>
    <Identifica />
    <Data><![CDATA[]]></Data>
    <Ementa />
    <Titulo />
    <SubTitulo />
    <Texto><![CDATA[<p>   PORTARIA Nº 4472/EMCFA/MD, DE 27 DE DEZEMBRO DE 2017  </p><p> O CHEFE DO ESTADO-MAIOR CONJUNTO DAS FORÇAS ARMADAS, Substituto, nos termos da Portaria nº 3.165/EMCFA/MD, de 20 de novembro de 2013, considerando o contido no inciso I do art. 4o da Portaria no 1.839/MD, de 9 de dezembro de 2010, o Decreto no 8.978, de 1º de fevereiro de 2017, a Portaria Normativa no 2.323/MD, de 31 de agosto de 2012, e o Processo Administrativo nº 60200.000739/2017-43, resolve:</p><p>DESIGNAR o 2º SG-AR PAULO ADOLFO OJEDA DE LUCAS para a função de Supervisor, código Nível V, da Coordenação da Subchefia de Comando e Controle da Chefia de Operações Conjuntas do Estado-Maior Conjunto das Forças Armadas. </p><p>  PORTARIA Nº 4473/EMCFA/MD, DE 27 DE DEZEMBRO DE 2017  </p><p> O CHEFE DO ESTADO-MAIOR CONJUNTO DAS FORÇAS ARMADAS, Substituto, nos termos da Portaria nº 3.165/EMCFA/MD, de 20 de novembro de 2013, considerando o contido no inciso I do art. 4o da Portaria no 1.839/MD, de 9 de dezembro de 2010, o Decreto no 8.978, de 1º de fevereiro de 2017, a Portaria Normativa no 2.323/MD, de 31 de agosto de 2012, e o Processo Administrativo nº 60583.003601/2017-49, resolve:</p><p>DESIGNAR o 2º SG-FN-IF LUZIMAR DAS NEVES SANTIAGO para a função de Supervisor, código Nível V, da Vice-Chefia de Operações Conjuntas do Estado-Maior Conjunto das Forças Armadas.</p><p>  PORTARIA Nº 4480/EMCFA/MD, DE 28 DE DEZEMBRO DE 2017  </p><p> O CHEFE DO ESTADO-MAIOR CONJUNTO DAS FORÇAS ARMADAS, Substituto, nos termos da Portaria nº 3.165/EMCFA/MD, de 20 de novembro de 2013, considerando o contido no inciso I do art. 4o da Portaria no 1.839/MD, de 9 de dezembro de 2010, o Decreto no 8.978, de 1º de fevereiro de 2017, a Portaria Normativa no 2.323/MD, de 31 de agosto de 2012, e o Processo Administrativo nº 60583.003440/2017-93, resolve:</p><p>DISPENSAR o 1°SG-AV-CV DOMINGOS DA COSTA PINHEIRO da função de Supervisor, código Nível V, da Coordenação da Subchefia de Inteligência de Defesa da Chefia de Operações Conjuntas do Estado-Maior Conjunto das Forças Armadas, a contar de 30 de novembro de 2017.</p><p>  PORTARIA Nº 4482/EMCFA/MD, DE 28 DE DEZEMBRO DE 2017  </p><p> O CHEFE DO ESTADO-MAIOR CONJUNTO DAS FORÇAS ARMADAS, Substituto, nos termos da Portaria nº 3.165/EMCFA/MD, de 20 de novembro de 2013, considerando o contido no inciso I do art. 4o da Portaria no 1.839/MD, de 9 de dezembro de 2010, o Decreto no 8.978, de 1º de fevereiro de 2017, a Portaria Normativa no 2.323/MD, de 31 de agosto de 2012, e o Processo Administrativo nº 60250.000588/2017-38, resolve:</p><p>DISPENSAR o S Ten MB ALEXANDRE RODRIGUES DA SILVA do cargo de Supervisor, código Nível V, da Coordenação da Subchefia de Operações de Paz da Chefia de Operações Conjuntas do Estado-Maior Conjunto das Forças Armadas, a contar de 21 dezembro de 2017.</p><p>  PORTARIA Nº 4484/EMCFA/MD, DE 28 DE DEZEMBRO DE 2017  </p><p> O CHEFE DO ESTADO-MAIOR CONJUNTO DAS FORÇAS ARMADAS, Substituto, nos termos da Portaria nº 3.165/EMCFA/MD, de 20 de novembro de 2013, considerando o contido no inciso I do art. 4o da Portaria no 1.839/MD, de 9 de dezembro de 2010, o Decreto no 8.978, de 1º de fevereiro de 2017, a Portaria Normativa no 2.323/MD, de 31 de agosto de 2012, e o Processo Administrativo nº 60420.000928/2017-21, resolve:</p><p>EXONERAR o Maj Av HERÁCLITO MOREIRA DE SOUZA do cargo de Assistente Militar, código Grupo 0002 (B), da Subchefia de Política e Estratégia da Chefia de Assuntos Estratégicos do Estado-Maior Conjunto das Forças Armadas, a contar de 18 de dezembro de 2017.</p>]]></Texto>
    <Autores>
      <assina>Gen Ex CÉSAR AUGUSTO NARDI DE SOUZA</assina>
      <assina>Gen Ex CÉSAR AUGUSTO NARDI DE SOUZA</assina>
      <assina>Gen Ex CÉSAR AUGUSTO NARDI DE SOUZA</assina>
      <assina>Gen Ex CÉSAR AUGUSTO NARDI DE SOUZA</assina>
      <assina>Gen Ex CÉSAR AUGUSTO NARDI DE SOUZA</assina>
    </Autores>
  </body>
</article></xml>