﻿<xml><article id="961833" name="PORTARIA Nº 263 - GENIVALDO" idOficio="4623896" pubName="DO2" artType="Portaria" pubDate="02/01/2018" artClass="00012:00002:00012:00015:00000:00000:00000:00000:00000:00000:00025:00001" artSection="Superintendência de Administração na Bahia" artCategory="Superintendência de Administração na Bahia" artSize="8" artNotes="" numberPage="37" pdfPage="http://pesquisa.in.gov.br/imprensa/jsp/visualiza/index.jsp?data=02/01/2018&amp;jornal=529&amp;pagina=37" editionNumber="1">
  <body>
    <Identifica><![CDATA[Portaria nº 263, de 26 de dezembro de 2017]]></Identifica>
    <Data><![CDATA[]]></Data>
    <Ementa />
    <Titulo />
    <SubTitulo />
    <Texto><![CDATA[<p>                    A SUPERINTENDENTE SUBSTITUTA DE ADMINISTRAÇÃO DO MINISTÉRIO DA FAZENDA NO ESTADO DA BAHIA, no uso de suas atribuições, conferidas pelo art. 86, da Portaria Ministerial n° 144, de 27/04/2016, publicada no Diário Oficial da União de 29/04/2016, e por Delegação de Competência, delegada através da Portaria SRF nº 1.671, de 16/06/2005, publicada no DOU de 20/06/2005, resolve: </p><p>                    Conceder aposentadoria voluntária integral ao servidor GENIVALDO BATISTA SANTOS, ocupante do cargo de Técnico de Seguro Social, Classe S, Padrão IV, matrícula SIAPE nº 0881614, e SIAPECAD nº 00819189, do Quadro Permanente do Ministério da Fazenda, com fundamento legal no artigo 3º da Emenda Constitucional nº 47/2005, combinado com artigo nº 62-A, da Lei nº 8.112/90. Processo nº 10530.000309/2017-11.</p><p>                                                                                              </p>]]></Texto>
    <Autores>
      <assina>Ivone Oliveira de Santana</assina>
    </Autores>
  </body>
</article></xml>