﻿<xml><article id="963546" name="Port_0201_2018" idOficio="4625889" pubName="DO2" artType="Portaria" pubDate="02/01/2018" artClass="00011:00134:00001:00001:00000:00000:00000:00000:00000:00000:00025:00001" artSection="Gabinete do Reitor" artCategory="Gabinete do Reitor" artSize="8" artNotes="" numberPage="34" pdfPage="http://pesquisa.in.gov.br/imprensa/jsp/visualiza/index.jsp?data=02/01/2018&amp;jornal=529&amp;pagina=34" editionNumber="1">
  <body>
    <Identifica><![CDATA[PORTARIAS DE 28 DE Dezembro DE 2017]]></Identifica>
    <Data><![CDATA[]]></Data>
    <Ementa />
    <Titulo />
    <SubTitulo />
    <Texto><![CDATA[<p> O REITOR PRO TEMPORE DA UNIVERSIDADE FEDERAL DE SANTA CATARINA, no uso de suas atribuições, resolve:</p><p>Nº 2883 - Art. 1º Designar, a partir de 04 de Janeiro de 2018, Marcelo Callegari Scipioni,  PROFESSOR MAGISTÉRIO SUPERIOR, classe C, nível 3, MASIS nº 185684, SIAPE nº 1698993, para exercer a função de Coordenador(a) do Curso de Graduação em Engenharia Florestal - CGEF/CCR, para um mandato de 2 anos.</p><p>Art. 2º Atribuir ao servidor a Função Comissionada de Coordenação de Curso, código FCC. (Ref. Sol. 61/CCR/CBS/2017)</p><p>Nº 2885 - Dispensar, a pedido, a partir de 29 de Dezembro de 2017, JOAO CARLOS VILELA GARCIA, ASSISTENTE EM ADMINISTRAÇÃO, MASIS nº 173511, SIAPE nº 1764583, do exercício das funções de Chefe da Divisão de Análise Documental - DAD/CA/PROEX, código FG3, para o qual foi designado pela Portaria 1738/2015/GR, DE  07  DE OUTUBRO DE 2015, tendo em vista seu pedido de vacância.. (Ref. Sol. 85483/2017)</p>]]></Texto>
    <Autores>
      <assina>UBALDO CESAR BALTHAZAR</assina>
    </Autores>
  </body>
</article></xml>