﻿<xml><article id="966226" name="DISPENSAR-DESIGNAR _ VICE-REITOR" idOficio="4626282" pubName="DO2" artType="Portaria" pubDate="02/01/2018" artClass="00011:00109:00001:00043:00000:00000:00000:00000:00000:00000:00025:00001" artSection="Superintendência de Recursos Humanos" artCategory="Superintendência de Recursos Humanos" artSize="8" artNotes="" numberPage="31" pdfPage="http://pesquisa.in.gov.br/imprensa/jsp/visualiza/index.jsp?data=02/01/2018&amp;jornal=529&amp;pagina=31" editionNumber="1">
  <body>
    <Identifica><![CDATA[PORTARIAS DE 29 DE DEZEMBRO DE 2017]]></Identifica>
    <Data><![CDATA[]]></Data>
    <Ementa />
    <Titulo />
    <SubTitulo />
    <Texto><![CDATA[<p> O Reitor da Universidade Federal do Ceará, no uso de suas atribuições legais e estatutárias, resolve:</p><p>Nº 5.713 - Dispensar, a pedido, ANA ERBENIA PEREIRA MENDES, CPF nº 009.810.123-45, matrícula SIAPE nº 1811890, da função/cargo de Chefe, código: FG-01, do Departamento de Economia Doméstica do Centro de Ciências Agrárias desta Universidade. (Ofício nº 4536/2017/PROGEP/UFC e do Processo 23067. 012931/2017-38). </p><p>Esta portaria entra em vigor na data de sua publicação.</p><p>Nº 5.714 - Dispensar, a pedido, DANIEL RIBEIRO CARDOSO, CPF nº 284.422.613-20, matrícula SIAPE nº 1664675, da função/cargo de Subchefe do Departamento de Arquitetura e Urbanismo do Centro de Tecnologia desta Universidade. (Formulário DE-306/2017/PROGEP e do Processo 23067. 026806/2017-13). </p><p>Esta portaria entra em vigor na data de sua publicação.</p><p>Nº 5.716 - Art. 1º Reconduzir MARIA JANIA TEIXEIRA, CPF nº 233.059.083-00, matrícula SIAPE nº 3165708, para exercer a função de Chefe, código: FG-01, do Departamento de Patologia e Medicina Legal da Faculdade de Medicina desta Universidade, até 10 de dezembro de 2019.</p><p>Art. 2º Designar FERNANDA CAPELO BARROSO, CPF nº 208.850.833-34, matrícula SIAPE nº 2370005, como Subchefe e substituto(a) do servidor indicado no Art. 1º, nos casos de seus afastamentos, impedimentos legais ou regulamentares e na vacância do cargo. (Formulário DE-304/2017/PROGEP e do Processo 23067. 026052/2017-93). </p><p>Esta portaria entra em vigor na data de sua publicação.</p><p>Nº 5.717 - Dispensar, a pedido, ADRIANA KELLY DE SOUSA SANTIAGO BARBOSA, CPF nº 004.628.173-85, matrícula SIAPE nº 2649870, da função/cargo de Vice-Coordenador do Curso de Graduação em Odontologia do Campus da UFC em Sobral desta Universidade. (Formulário DE-300/2017/PROGEP e do Processo 23067. 024435/2017-27). </p><p>Esta portaria entra em vigor na data de sua publicação.</p><p>Nº 5.718 - Art. 1º Designar pro tempore MARIO AUREO GOMES MOREIRA, CPF nº 434.980.943-00, matrícula SIAPE nº 2303200, para exercer a função de Coordenador, código: FUC-01, do Curso de Graduação em Odontologia do Campus da UFC em Sobral desta Universidade, até 28 de fevereiro de 2018.</p><p>Art. 2º Designar HILMO BARRETO LEITE FALCAO FILHO, CPF nº 500.353.983-53, matrícula SIAPE nº 1738826, como Vice-Coordenador e substituto(a) do servidor indicado no Art. 1º, nos casos de seus afastamentos, impedimentos legais ou regulamentares e na vacância do cargo. (Formulário DE-300/2017/PROGEP e do Processo 23067. 024435/2017-27). </p><p>Esta portaria entra em vigor na data de sua publicação.</p><p>Nº 5.719 - Nomear VANDA MAGALHAES LEITAO, CPF nº 193.127.333-20, matrícula SIAPE nº 1166252, para exercer a função/cargo de Diretor, código: CD-03, da Secretaria de Acessibilidade-UFC Inclui desta Universidade. (Formulário DE-299/2017/PROGEP e do Processo 23067. 026602/2017-74). </p><p>Esta portaria entra em vigor na data de sua publicação.</p><p>Nº 5.720 - Dispensar, a pedido, LEUNICE MACEDO DE ALBUQUERQUE VASCONCELOS, CPF nº 403.406.433-15, matrícula SIAPE nº 1166159, da função/cargo de Secretário, código: FG-05, do Departamento de Direito Processual da Faculdade de Direito desta Universidade, a partir de 06 de novembro de 2017. (Formulário DI-016/2017/PROGEP e do Processo 23067. 021519/2017-17). </p><p>Nº 5.721 - Designar GISELE AZIN SARRIUNE CAVALCANTE, CPF nº 026.993.283-67, matrícula SIAPE nº 2150863, para exercer a função/cargo de Secretário, código: FG-05, do Departamento de Direito Processual da Faculdade de Direito desta Universidade. (Formulário DE-307/2017/PROGEP e do Processo 23067. 021519/2017-17). </p><p>Esta portaria entra em vigor na data de sua publicação.</p><p>Nº 5.722 - Dispensar, a pedido, HENRIQUE BARBOSA SILVA, CPF nº 094.764.678-78, matrícula SIAPE nº 1711111, da função/cargo de Gestor Administrativo, código: FG-01, do Instituto Universidade Virtual desta Universidade. (Formulário DE-308/2017/PROGEP e do Processo 23067. 026040/2017-69). </p><p>Esta portaria entra em vigor na data de sua publicação.</p><p>Nº 5.723 - Designar GABRIEL ANTOINE LOUIS PAILLARD, CPF nº 546.957.673-68, matrícula SIAPE nº 2548712, para exercer a função/cargo de Chefe, código: FG-01, da Secretaria Geral do Instituto Universidade Virtual desta Universidade. (Formulário DE-308/2017/PROGEP e do Processo 23067. 026040/2017-69). </p><p>Esta portaria entra em vigor na data de sua publicação.</p>]]></Texto>
    <Autores>
      <assina>Custódio Luís Silva de Almeida</assina>
      <cargo>Em exercício</cargo>
    </Autores>
  </body>
</article></xml>