﻿<xml><article id="963847" name="FNDE2_PORTARIA N.º 920 DE 21 DE " idOficio="4625953" pubName="DO2" artType="Portaria" pubDate="02/01/2018" artClass="00011:00046:00000:00000:00000:00000:00000:00000:00000:00000:00000:00002" artSection="Ministério da Educação" artCategory="Fundo Nacional de Desenvolvimento da Educação" artSize="8" artNotes="" numberPage="17" pdfPage="http://pesquisa.in.gov.br/imprensa/jsp/visualiza/index.jsp?data=02/01/2018&amp;jornal=529&amp;pagina=17" editionNumber="1">
  <body>
    <Identifica><![CDATA[PORTARIA Nº 920, DE 21 DE DEZEMBRO DE 2017]]></Identifica>
    <Data><![CDATA[]]></Data>
    <Ementa />
    <Titulo />
    <SubTitulo />
    <Texto><![CDATA[<p> O PRESIDENTE DO FUNDO NACIONAL DE DESENVOLVIMENTO DA EDUCAÇÃO, no uso de suas atribuições e tendo em vista o disposto no art. 2º da Portaria n.º 1.212, de 19 de setembro de 2017,  e em conformidade com o Decreto n.º 9.007, de 20 de março de 2017, resolve,</p><p>DISPENSAR, a pedido, CAMILA DE OLIVEIRA SANTOS da Função Comissionada do Poder Executivo de Chefe da Divisão de Apoio aos Programas do Livro, Código FCPE-101.2, da Coordenação-Geral dos Programas do Livro da Diretoria de Ações Educacionais do Fundo Nacional de Desenvolvimento da Educação, a contar de 02 de janeiro de 2018.</p>]]></Texto>
    <Autores>
      <assina>SILVIO DE SOUSA PINHEIRO</assina>
    </Autores>
  </body>
</article></xml>