﻿<xml><article id="962044" name="PORTARIA ATUAL 3" idOficio="4625704" pubName="DO2" artType="Portaria" pubDate="02/01/2018" artClass="00011:00066:00000:00000:00000:00000:00000:00000:00000:00000:00025:00001" artSection="Ministério da Educação" artCategory="Instituto Federal de Educação, Ciência e Tecnologia do Maranhão" artSize="8" artNotes="" numberPage="23" pdfPage="http://pesquisa.in.gov.br/imprensa/jsp/visualiza/index.jsp?data=02/01/2018&amp;jornal=529&amp;pagina=23" editionNumber="1">
  <body>
    <Identifica><![CDATA[PORTARIA Nº 7.736, DE 28 DE DEZEMBRO DE 2017]]></Identifica>
    <Data><![CDATA[]]></Data>
    <Ementa />
    <Titulo />
    <SubTitulo />
    <Texto><![CDATA[<p> </p><p>O PRÓ-REITOR DE ADMINISTRAÇÃO NO EXERCÍCIO DA REITORIA DO INSTITUTO FEDERAL DE EDUCAÇÃO, CIÊNCIA E TECNOLOGIA DO MARANHÃO, designado pela Portaria nº 7.514, de 15 de dezembro de 2017, no uso de suas atribuições legais; e, Considerando o disposto no Decreto nº 8.259, de 29 de maio de 2014, publicado no DOU de 30 de maio de 2014 e na Portaria Interministerial nº 161, de 21 de maio de 2014, DOU de 22 de maio de 2014, resolve:</p><p> Nomear em caráter efetivo no quadro de pessoal deste Instituto Federal de Educação, Ciência e Tecnologia do Maranhão, no CAMPUS BURITICUPU, nos termos do Art. 9º, Inciso I da Lei 8.112/90, de 11 de dezembro de 1990, DENIS DA SILVA FERREIRA, habilitado em concurso público, conforme Homologação do Resultado Final, Edital nº 06 de 25 de agosto de 2017, publicado no DOU de 29 de agosto de 2017, para exercer o cargo efetivo de TÉCNICO DE LABORATÓRIO/ ÁREA: BIOLOGIA, Nível de Classificação D, Nível de Capacitação I, Padrão de Vencimento 01, em regime de 40  (quarenta) horas semanais de trabalho, no código de vaga nº. 0834183.</p><p>O PRÓ-REITOR DE ADMINISTRAÇÃO NO EXERCÍCIO DA REITORIA DO INSTITUTO FEDERAL DE EDUCAÇÃO, CIÊNCIA E TECNOLOGIA DO MARANHÃO, designado pela Portaria nº 7.514, de 15 de dezembro de 2017, no uso de suas atribuições legais; e, Considerando o disposto no Decreto nº 8.259, de 29 de maio de 2014, publicado no DOU de 30 de maio de 2014, Portaria n° 1.476 de 20 de dezembro de 2012, DOU de 21 de dezembro de 2012 e na Portaria Interministerial nº 161, de 21 de maio de 2014, DOU de 22 de maio de 2014, resolve:</p><p> Nomear em caráter efetivo no quadro de pessoal deste Instituto Federal de Educação, Ciência e Tecnologia do Maranhão, no CAMPUS COELHO NETO, nos termos do Art. 9º, Inciso I da Lei 8.112/90, de 11 de dezembro de 1990, RENYLTON PINHEIRO DA SILVA, habilitado em concurso público, conforme Homologação do Edital nº 06, de 25 de agosto de 2017, publicado no DOU de 29 de agosto de 2017, para exercer o cargo efetivo de TÉCNICO DE LABORATÓRIO/FÍSICA, Nível de Classificação D, Nível de Capacitação I, Padrão de Vencimento 01, em regime de 40  (quarenta) horas semanais de trabalho, no código de vaga nº. 0833752. </p><p>O PRÓ-REITOR DE ADMINISTRAÇÃO NO EXERCÍCIO DA REITORIA DO INSTITUTO FEDERAL DE EDUCAÇÃO, CIÊNCIA E TECNOLOGIA DO MARANHÃO, designado pela Portaria nº 7.514, de 15 de dezembro de 2017, no uso de suas atribuições legais; e, Considerando o disposto no Decreto nº 8.259, de 29 de maio de 2014, publicado no DOU de 30 de maio de 2014, e na Portaria Interministerial nº 161, de 21 de maio de 2014, DOU de 22 de maio de 2014 resolve:</p><p> Nomear em caráter efetivo no quadro de pessoal deste Instituto Federal de Educação, Ciência e Tecnologia do Maranhão, no CAMPUS PEDREIRAS, nos termos do Art. 9º, Inciso I da Lei 8.112/90, de 11 de dezembro de 1990, JAELSON DOS SANTOS SILVA, habilitado em concurso público, conforme Homologação do Edital nº 06, de 25 de agosto de 2017, publicado no DOU de 29 de agosto de 2017, para exercer o cargo efetivo de TÉCNICO DE LABORATÓRIO/ÁREA:QUIMICA, Nível de Classificação D, Nível de Capacitação I, Padrão de Vencimento 01, em regime de 40  (quarenta) horas semanais de trabalho, no código de vaga nº. 0833812. </p>]]></Texto>
    <Autores>
      <assina>WASHINGTON LUÍS FERREIRA CONCEIÇÃO</assina>
      <assina>WASHINGTON LUÍS FERREIRA CONCEIÇÃO</assina>
      <assina>WASHINGTON LUÍS FERREIRA CONCEIÇÃO</assina>
    </Autores>
  </body>
</article></xml>