﻿<xml><article id="962379" name="28 de dezembro portarias 3035 A " idOficio="4625750" pubName="DO2" artType="Portaria" pubDate="02/01/2018" artClass="00011:00023:00000:00000:00000:00000:00000:00000:00000:00000:00025:00001" artSection="Ministério da Educação" artCategory="Fundação Universidade do Amazonas" artSize="8" artNotes="" numberPage="8-15" pdfPage="http://pesquisa.in.gov.br/imprensa/jsp/visualiza/index.jsp?data=02/01/2018&amp;jornal=529&amp;pagina=8,http://pesquisa.in.gov.br/imprensa/jsp/visualiza/index.jsp?data=02/01/2018&amp;jornal=529&amp;pagina=15" editionNumber="1">
  <body>
    <Identifica><![CDATA[PORTARIAS DE 28 DE DEZEMBRO DE 2017]]></Identifica>
    <Data><![CDATA[]]></Data>
    <Ementa />
    <Titulo />
    <SubTitulo />
    <Texto><![CDATA[<p> </p><p> O REITOR DA UNIVERSIDADE FEDERAL DO AMAZONAS, usando de suas atribuições estatutárias, conferidas por Decreto de 14 de junho de 2017, publicado no Diário Oficial da União de 16 de junho de 2017, resolve:</p><p>N° 3.035 - AUTORIZAR o afastamento integral do país (trânsito incluso) da servidora docente ROSA MENDONÇA DE BRITO, lotada no Departamento de Teoria e Fundamentos da Faculdade de Educação, para Participação e Apresentação de Trabalhos no XXV Colóquio da AFIRSE Portuguesa, a ser realizado na cidade de Lisboa, Portugal, no período de 28/01/2018 a 10/02/2018, com ônus limitado à Administração Pública Federal.</p><p>N° 3.036 - AUTORIZAR o afastamento integral do país (trânsito incluso) da servidora docente ZEINA REBOUÇAS CORRÊA THOMÉ, lotada no Departamento de Métodos e Técnicas da Faculdade de Educação, para Participação e Apresentação de Trabalhos no XXV Colóquio da AFIRSE Portuguesa, a ser realizado na cidade de Lisboa, Portugal, no período de 28/01/2018 a 10/02/2018, com ônus limitado à Administração Pública Federal.</p><p>N° 3.037 - AUTORIZAR o afastamento integral do país (trânsito incluso) da servidora docente MARIA MARLY DE OLIVEIRA COÊLHO, lotada no Departamento de Métodos e Técnicas da Faculdade de Educação, para Participação e Apresentação de Trabalhos no XXV Colóquio da AFIRSE Portuguesa, a ser realizado na cidade de Lisboa, Portugal, no período de 28/01/2018 a 10/02/2018, com ônus limitado à Administração Pública Federal.</p><p>N° 3.038 - AUTORIZAR o afastamento integral do país (trânsito incluso) da servidora docente ALIUANDRA BARROSO CARDOSO HEIMBECKER, lotada no Centro de Educação a Distância da Universidade Federal do Amazonas, para Participação e Apresentação de Trabalhos no XXV Colóquio da AFIRSE Portuguesa, a ser realizado na cidade de Lisboa, Portugal, no período de 28/01/2018 a 10/02/2018, com ônus limitado à Administração Pública Federal.</p><p>N° 3.044 - AUTORIZAR o afastamento integral do país (trânsito incluso) do servidor JORGE MASULLO DE AGUIAR, lotado no Hospital Universitário Getúlio Vargas, para participar de visita a Universidade Beira Interior e a Universidade do Porto para tratar de parcerias interinstitucionais e acordos de cooperação técnica, a ser realizado na cidade de Lisboa, Portugal, no período de 02/01/2018 a 10/01/2018, com ônus limitado à Administração Pública Federal.</p><p>N° 3.045 - AUTORIZAR o afastamento integral do país (trânsito incluso) da servidora docente ARTEMIS DE ARAÚJO SOARES, lotada na Faculdade de Educação Física e Fisioterapia, para visita a Universidade Beira Interior e Universidade do Porto para tratar de parcerias interinstitucionais e acordos de cooperação técnica, a ser realizado na cidade de Lisboa, Portugal, no período de 02/01/2018 a 26/01/2018, com ônus limitado à Administração Pública Federal.</p><p>N° 3.046 - AUTORIZAR o afastamento integral do país (trânsito incluso) da servidora docente JOANA ANGÉLICA FERREIRA MONTEIRO, lotada no Departamento do Curso de Licenciatura em Letras Libras - CLL da Faculdade de Letras, para participar do 11º Congresso Internacional de Educación Superior "Universidad 2018", na cidade de Havana, Cuba, no período de 10/02/2018 a 18/02/2018, com ônus à Administração Pública Federal.</p><p>N° 3.047 - EXONERAR, a partir de 30 de dezembro de 2017, o servidor docente JOSÉ LEITE SARAIVA, Matrícula SIAPE nº 2332737, do cargo CD-4 de Representante da Fundação Universidade do Amazonas em Brasília.</p>]]></Texto>
    <Autores>
      <assina>SYLVIO MÁRIO PUGA FERREIRA</assina>
    </Autores>
  </body>
</article></xml>