﻿<xml><article id="1346235" name="11572 11573 11574 11564 11565 15" idOficio="4623151" pubName="DO2" artType="Portaria" pubDate="31/01/2018" artClass="00011:00129:00001:00005:00001:00000:00000:00000:00000:00000:00025:00002" artSection="Departamento de Administração de Recursos Humanos" artCategory="Departamento de Administração de Recursos Humanos" artSize="8" artNotes="" numberPage="32" pdfPage="http://pesquisa.in.gov.br/imprensa/jsp/visualiza/index.jsp?data=31/01/2018&amp;jornal=529&amp;pagina=32" editionNumber="22">
  <body>
    <Identifica><![CDATA[retificação]]></Identifica>
    <Data><![CDATA[]]></Data>
    <Ementa />
    <Titulo />
    <SubTitulo />
    <Texto><![CDATA[<p>Nas  PORTARIAS DE 27 DE DEZEMBRO DE 2017, publicadas no DOU de 28/12/2017, Seção 2, pág.  38, na numeração, onde se lê:  nº 11.664, nº 11.665, nº 11.666, nº 11.667, nº 11.668, nº 11.669, nº 11.670, nº 11.671, nº 11.672, nº 11.673 e nº  11.674, leia-se: nº 11.564, nº 11.565, nº 11.566, nº 11.567, nº 11.568, nº 11.569, nº 11.570, nº 11.571, nº 11.572, nº 11.573 e nº  11.574.</p><p>(p/Coejo)</p>]]></Texto>
    <Autores />
  </body>
</article></xml>