﻿<xml><article id="962029" name="DG 2.399 e 2.400 - 2017" idOficio="4625724" pubName="DO2" artType="Portaria" pubDate="02/01/2018" artClass="00031:00024:00000:00000:00000:00000:00000:00000:00000:00000:00025:00001" artSection="Ministério dos Transportes, Portos e Aviação Civil" artCategory="Departamento Nacional de Infraestrutura de Transportes" artSize="8" artNotes="" numberPage="137" pdfPage="http://pesquisa.in.gov.br/imprensa/jsp/visualiza/index.jsp?data=02/01/2018&amp;jornal=529&amp;pagina=137" editionNumber="1">
  <body>
    <Identifica><![CDATA[PORTARIAS DE 28 DE DEZEMBRO DE 2017]]></Identifica>
    <Data><![CDATA[]]></Data>
    <Ementa />
    <Titulo />
    <SubTitulo />
    <Texto><![CDATA[<p> O DIRETOR-GERAL DO DEPARTAMENTO NACIONAL DE INFRAESTRUTURA DE TRANSPORTES - DNIT, no uso das atribuições que lhe conferem o art. 178 do Regimento Interno aprovado pela Resolução/CA nº 26, de 05/05/2016, publicada no DOU de 12/05/2016, e a Portaria/MT nº 698, de 06/12/2016, publicada no DOU de 07/12/2016, resolve:</p><p>Nº 2.399 - Art. 1º DISPENSAR o servidor KENMUEL LIMA QUEIROZ, Analista Administrativo, matrícula DNIT nº 3636-6, CPF nº 801.349.393-87, dos encargos de substituto eventual do Chefe do Serviço de Gestão de Pessoas, código FCPE 101.1, da Coordenação de Administração e Finanças, da Superintendência Regional no Estado de Goiás e Distrito Federal desta Autarquia.</p><p>Art. 2º Esta Portaria entra em vigor na data de sua publicação.</p><p>Nº 2.400 - Art. 1º a servidora IEDA FRANCO DE OLIVEIRA, Analista Administrativo, matrícula DNIT nº 3383-9, CPF nº 093.259.898-67, para substituir o Chefe do Serviço de Gestão de Pessoas, código FCPE 101.1, da Coordenação de Administração e Finanças, da Superintendência Regional no Estado de Goiás e Distrito Federal desta Autarquia, nos afastamentos e impedimentos legais ou eventuais.</p><p> Art. 2º Esta Portaria entra em vigor na data de sua publicação.</p><p> </p>]]></Texto>
    <Autores>
      <assina>VALTER CASIMIRO SILVEIRA</assina>
    </Autores>
  </body>
</article></xml>