﻿<xml><article id="964275" name="ato Portaria Nº 4784" idOficio="4626028" pubName="DO2" artType="Portaria" pubDate="02/01/2018" artClass="00031:00002:00658:04233:00000:00000:00000:00000:00000:00000:00025:00001" artSection="Coordenação-Geral de Gestão de Pessoas" artCategory="Coordenação-Geral de Gestão de Pessoas" artSize="8" artNotes="" numberPage="137" pdfPage="http://pesquisa.in.gov.br/imprensa/jsp/visualiza/index.jsp?data=02/01/2018&amp;jornal=529&amp;pagina=137" editionNumber="1">
  <body>
    <Identifica><![CDATA[Portaria Nº 4.784, DE 21 DE dezembro DE 2017]]></Identifica>
    <Data><![CDATA[]]></Data>
    <Ementa />
    <Titulo />
    <SubTitulo />
    <Texto><![CDATA[<p> O COORDENADOR GERAL DE GESTÃO DE PESSOAS DO MINISTÉRIO DOS TRANSPORTES, PORTOS E AVIAÇÃO CIVIL - no uso das atribuições que lhe foram subdelegadas pela Portaria/SAAD nº 202, art. 1º, item VII, de 08 de outubro de 2010, publicada no Diário Oficial da União de 11 de outubro de 2010, resolve:</p><p>Conceder aposentadoria voluntária com proventos integrais a servidora ANTÔNIA RUFINO DE SOUZA, matrícula SIAPE nº 0807153, com fundamento no artigo 3° da Emenda Constitucional nº 47, de 05 de julho de 2005, com as vantagens do artigo 62-A da Lei nº 8.112/90, no cargo de Agente Administrativo, Nível Intermediário, Código 481004, Classe S, Padrão III (NI), do Quadro Permanente deste Ministério (Processo SEI nº -50000.048918/2017-64). </p>]]></Texto>
    <Autores>
      <assina>ROBSON DE SOUZA ANDRADE</assina>
    </Autores>
  </body>
</article></xml>