﻿<xml><article id="962816" name="PORTARIA Nº 7276 -DCF" idOficio="4625877" pubName="DO2" artType="Portaria" pubDate="02/01/2018" artClass="00015:00032:00015:00000:00000:00000:00000:00000:00000:00000:00025:00001" artSection="Diretoria de Gestão de Pessoal" artCategory="Diretoria de Gestão de Pessoal" artSize="8" artNotes="" numberPage="113" pdfPage="http://pesquisa.in.gov.br/imprensa/jsp/visualiza/index.jsp?data=02/01/2018&amp;jornal=529&amp;pagina=113" editionNumber="1">
  <body>
    <Identifica><![CDATA[PORTARIA Nº 7.276, DE 28 DE DEZEMBRO DE 2017]]></Identifica>
    <Data><![CDATA[]]></Data>
    <Ementa />
    <Titulo />
    <SubTitulo />
    <Texto><![CDATA[<p> O DIRETOR DE GESTÃO DE PESSOAL DA POLÍCIA FEDERAL, no uso das atribuições que lhe confere o inciso VI do art. 42 do Regimento Interno da Polícia Federal, aprovado pela Portaria MJ nº 490, de 25/04/2016, publicada no DOU nº 80, de 28/04/2016, e tendo em vista o que consta no protocolo nº 08297.006067/2017-38, resolve:</p><p>Designar o Delegado de Polícia Federal RILDO RODRIGUES LIMA para a função de Chefe do Núcleo de Correições/COR/SR/PF/TO, código FG-03.</p>]]></Texto>
    <Autores>
      <assina>CLYTON EUSTÁQUIO XAVIER</assina>
    </Autores>
  </body>
</article></xml>