﻿<xml><article id="961870" name="PRFB6406a6444" idOficio="4624147" pubName="DO2" artType="Portaria" pubDate="02/01/2018" artClass="00012:00055:00000:00000:00000:00000:00000:00000:00000:00000:00025:00021" artSection="Ministério da Fazenda" artCategory="Secretaria da Receita Federal do Brasil" artSize="8" artNotes="" numberPage="102-109" pdfPage="http://pesquisa.in.gov.br/imprensa/jsp/visualiza/index.jsp?data=02/01/2018&amp;jornal=529&amp;pagina=102,http://pesquisa.in.gov.br/imprensa/jsp/visualiza/index.jsp?data=02/01/2018&amp;jornal=529&amp;pagina=109" editionNumber="1">
  <body>
    <Identifica><![CDATA[PORTARIAS DE 27 DE DEZEMBRO DE 2017]]></Identifica>
    <Data><![CDATA[]]></Data>
    <Ementa />
    <Titulo />
    <SubTitulo />
    <Texto><![CDATA[<p> O SECRETÁRIO DA RECEITA FEDERAL DO BRASIL, no uso das competências que lhe foram delegada e subdelegada, respectivamente, pelas Portarias MF nºs 392 e 393, de 14 de julho de 2009, alteradas pela Portaria MF nº 100, de 28 de março de 2017, resolve:</p><p>Nº 6406 Dispensar a Analista-Tributário da Receita Federal do Brasil PATRICIA DOS REIS PEIXOTO, matrícula SiapeCad nº 01292872, da Função Comissionada do Poder Executivo de Chefe do Serviço de Logística e Gestão - Selog da Delegacia da Receita Federal do Brasil de Julgamento em Brasilia (DF), Código FCPE-101.1.</p><p>Nº 6407 Dispensar o Assistente Técnico-Administrativo RICARDO MAGALHAES BOUCAULT, matrícula SiapeCad nº 01907425, do encargo de Substituto Eventual do Chefe do Serviço de Logística e Gestão - Selog da Delegacia da Receita Federal do Brasil de Julgamento em Brasilia (DF), Código FCPE-101.1.</p><p>Nº 6408 Designar a Analista-Tributário da Receita Federal do Brasil PATRICIA DOS REIS PEIXOTO, matrícula SiapeCad nº 01292872, para exercer a Função Gratificada de Chefe da Equipe de Gestão Corporativa 1 - EGC1 da Delegacia da Receita Federal do Brasil de Julgamento em Brasilia (DF), Código FG-2.</p><p>Nº 6409 Designar o Analista-Tributário da Receita Federal do Brasil ARTUR RAMOS DA SILVA NETTO, matrícula SiapeCad nº 01213723, para exercer a Função Gratificada de Chefe da Equipe de Gestão Corporativa 1 - EGC1 da Delegacia da Receita Federal do Brasil de Julgamento em Campo Grande (MS), Código FG-2.</p><p>Nº 6410 Designar a Analista-Tributário da Receita Federal do Brasil JANAINA BELTRAO CORREA, matrícula SiapeCad nº 01302451, para exercer a Função Gratificada de Chefe da Equipe de Gestão Corporativa 1 - EGC1 da Delegacia da Receita Federal do Brasil de Julgamento em Belem (PA), Código FG-2.</p><p>Nº 6411 Dispensar a Agente de Serviços Complementares EDINIR RODRIGUES DO NASCIMENTO MARQUES, matrícula SiapeCad nº 00057901, da Função Comissionada do Poder Executivo de Chefe do Serviço de Logística e Gestão - Selog da Delegacia da Receita Federal do Brasil de Julgamento em Fortaleza (CE), Código FCPE-101.1.</p><p>Nº 6412 Dispensar a Assistente Técnico-Administrativo MARIA ISABEL RAMOS PINHEIRO GOMES, matrícula SiapeCad nº 01489090, do encargo de Substituto Eventual do Chefe do Serviço de Logística e Gestão - Selog da Delegacia da Receita Federal do Brasil de Julgamento em Fortaleza (CE), Código FCPE-101.1.</p><p>Nº 6413 Designar a Agente de Serviços Complementares EDINIR RODRIGUES DO NASCIMENTO MARQUES, matrícula SiapeCad nº 00057901, para exercer a Função Gratificada de Chefe da Equipe de Gestão Corporativa 1 - EGC1 da Delegacia da Receita Federal do Brasil de Julgamento em Fortaleza (CE), Código FG-2.</p><p>Nº 6414 Dispensar o Analista-Tributário da Receita Federal do Brasil WILSON OLIVEIRA RIBEIRO, matrícula SiapeCad nº 00003129, da Função Comissionada do Poder Executivo de Chefe do Serviço de Logística e Gestão - Selog da Delegacia da Receita Federal do Brasil de Julgamento em Recife (PE), Código FCPE-101.1.</p><p>Nº 6415 Dispensar a Analista-Tributário da Receita Federal do Brasil TACIANA MARIA DA SILVA, matrícula SiapeCad nº 01294097, do encargo de Substituto Eventual do Chefe do Serviço de Logística e Gestão - Selog da Delegacia da Receita Federal do Brasil de Julgamento em Recife (PE), Código FCPE-101.1.</p><p>Nº 6416 Designar o Analista-Tributário da Receita Federal do Brasil WILSON OLIVEIRA RIBEIRO, matrícula SiapeCad nº 00003129, para exercer a Função Gratificada de Chefe da Equipe de Gestão Corporativa 1 - EGC1 da Delegacia da Receita Federal do Brasil de Julgamento em Recife (PE), Código FG-2.</p><p>Nº 6417 Dispensar a Analista-Tributário da Receita Federal do Brasil SANDRA MARTINS ALVES FERREIRA, matrícula SiapeCad nº 00026199, do encargo de Substituto Eventual do Chefe do Serviço de Logística e Gestão - Selog da Delegacia da Receita Federal do Brasil de Julgamento em Salvador (BA), Código FCPE-101.1.</p><p>Nº 6418 Designar a Técnico de Nível Superior ANA MARIA MARTINS MENDES, matrícula SiapeCad nº 00085094, para exercer a Função Gratificada de Chefe da Equipe de Gestão Corporativa 1 - EGC1 da Delegacia da Receita Federal do Brasil de Julgamento em Salvador (BA), Código FG-2.</p><p>Nº 6419 Dispensar o Analista-Tributário da Receita Federal do Brasil ERNANDO CARVALHO ORIA, matrícula SiapeCad nº 00014397, da Função Comissionada do Poder Executivo de Chefe do Serviço de Logística e Gestão - Selog da Delegacia da Receita Federal do Brasil de Julgamento em Belo Horizonte (MG), Código FCPE-101.1.</p><p>Nº 6420 Designar o Analista-Tributário da Receita Federal do Brasil ERNANDO CARVALHO ORIA, matrícula SiapeCad nº 00014397, para exercer a Função Gratificada de Chefe da Equipe de Gestão Corporativa 1 - EGC1 da Delegacia da Receita Federal do Brasil de Julgamento em Belo Horizonte (MG), Código FG-2.</p><p>Nº 6421 Dispensar o Analista-Tributário da Receita Federal do Brasil MURILO OTAVIO DA SILVA MACHADO, matrícula SiapeCad nº 00016758, da Função Comissionada do Poder Executivo de Chefe do Serviço de Logística e Gestão - Selog da Delegacia da Receita Federal do Brasil de Julgamento em Juiz de Fora (MG), Código FCPE-101.1.</p><p>Nº 6422 Dispensar o Contador EDMILSON FONTENELE FERNANDES, matrícula SiapeCad nº 00056877, do encargo de Substituto Eventual do Chefe do Serviço de Logística e Gestão - Selog da Delegacia da Receita Federal do Brasil de Julgamento em Juiz de Fora (MG), Código FCPE-101.1.</p><p>Nº 6423 Designar o Analista-Tributário da Receita Federal do Brasil MURILO OTAVIO DA SILVA MACHADO, matrícula SiapeCad nº 00016758, para exercer a Função Gratificada de Chefe da Equipe de Gestão Corporativa 1 - EGC1 da Delegacia da Receita Federal do Brasil de Julgamento em Juiz de Fora (MG), Código FG-2.</p><p>Nº 6424 Dispensar a Agente Administrativo MARA NOGUEIRA LARIO, matrícula SiapeCad nº 00012326, da Função Comissionada do Poder Executivo de Chefe do Serviço de Logística e Gestão - Selog da Delegacia da Receita Federal do Brasil de Julgamento em Rio de Janeiro (RJ), Código FCPE-101.1.</p><p>Nº 6425 Dispensar a Analista-Tributário da Receita Federal do Brasil SILVIA FONTENELLE VILLACA, matrícula SiapeCad nº 00068815, do encargo de Substituto Eventual do Chefe do Serviço de Logística e Gestão - Selog da Delegacia da Receita Federal do Brasil de Julgamento em Rio de Janeiro (RJ), Código FCPE-101.1.</p><p>Nº 6426 Dispensar o Analista-Tributário da Receita Federal do Brasil FRANZ OSTWALD CORBAL, matrícula SiapeCad nº 00020290, da Função Comissionada do Poder Executivo de Chefe do Serviço de Planejamento e Coordenador - Sepoc da Delegacia da Receita Federal do Brasil de Julgamento em Rio de Janeiro (RJ), Código FCPE-101.1.</p><p>Nº 6427 Designar a Agente Administrativo MARA NOGUEIRA LARIO, matrícula SiapeCad nº 00012326, para exercer a Função Comissionada do Poder Executivo de Chefe do Serviço de Planejamento e Coordenador - Sepoc da Delegacia da Receita Federal do Brasil de Julgamento em Rio de Janeiro (RJ), Código FCPE-101.1.</p><p>Nº 6428 Dispensar a Analista-Tributário da Receita Federal do Brasil RAQUEL MARTINS DE MAGALHAES, matrícula SiapeCad nº 01294831, do encargo de Substituto Eventual do Chefe do Serviço de Informação do Julgamento - Seinj da Delegacia da Receita Federal do Brasil de Julgamento em Rio de Janeiro (RJ), Código FCPE-101.1.</p><p>Nº 6429 Designar o Analista-Tributário da Receita Federal do Brasil FRANZ OSTWALD CORBAL, matrícula SiapeCad nº 00020290, para exercer a Função Gratificada de Chefe da Equipe de Gestão Corporativa 1 - EGC1 da Delegacia da Receita Federal do Brasil de Julgamento em Rio de Janeiro (RJ), Código FG-1.</p><p>Nº 6430 Designar o Analista-Tributário da Receita Federal do Brasil VANDERLEI NICOLAU UTZIG, matrícula SiapeCad nº 00062031, para exercer a Função Gratificada de Chefe da Equipe de Gestão Corporativa 1 - EGC1 da Delegacia da Receita Federal do Brasil de Julgamento em Sao Paulo (SP), Código FG-1.</p><p>Nº 6431 Dispensar a Analista-Tributário da Receita Federal do Brasil DANIELLE CRISTINA DARDES, matrícula SiapeCad nº 00068898, da Função Comissionada do Poder Executivo de Chefe do Serviço de Logística e Gestão - Selog da Delegacia da Receita Federal do Brasil de Julgamento em Ribeirao Preto (SP), Código FCPE-101.1.</p><p>Nº 6432 Dispensar a Analista-Tributário da Receita Federal do Brasil FABIANA BARBOSA DUTRA DE OLIVEIRA, matrícula SiapeCad nº 00005750, do encargo de Substituto Eventual do Chefe do Serviço de Logística e Gestão - Selog da Delegacia da Receita Federal do Brasil de Julgamento em Ribeirao Preto (SP), Código FCPE-101.1.</p><p>Nº 6433 Dispensar a Analista-Tributário da Receita Federal do Brasil MARA ANGELICA TAGLIOLATTO BARBOSA, matrícula SiapeCad nº 00021929, da Função Gratificada de Chefe da Seção de Logística e Gestão - Salog/Campinas da Delegacia da Receita Federal do Brasil de Julgamento em Ribeirao Preto (SP), Código FG-1.</p><p>Nº 6434 Designar a Analista-Tributário da Receita Federal do Brasil DANIELLE CRISTINA DARDES, matrícula SiapeCad nº 00068898, para exercer a Função Gratificada de Chefe da Equipe de Gestão Corporativa 1 - EGC1/1 da Delegacia da Receita Federal do Brasil de Julgamento em Ribeirao Preto (SP), Código FG-3.</p><p>Nº 6435 Designar a Analista-Tributário da Receita Federal do Brasil MARA ANGELICA TAGLIOLATTO BARBOSA, matrícula SiapeCad nº 00021929, para exercer a Função Gratificada de Chefe da Equipe de Gestão Corporativa 2 - EGC2/2 da Delegacia da Receita Federal do Brasil de Julgamento em Ribeirao Preto (SP), Código FG-2.</p><p>Nº 6436 Dispensar o Analista-Tributário da Receita Federal do Brasil CARLO ROBERTO CLEMENTE, matrícula SiapeCad nº 00056754, da Função Comissionada do Poder Executivo de Chefe do Serviço de Logística e Gestão - Selog da Delegacia da Receita Federal do Brasil de Julgamento em Curitiba (PR), Código FCPE-101.1.</p><p>Nº 6437 Dispensar o Analista-Tributário da Receita Federal do Brasil ADEMAR JOSE LINO DE FARIA, matrícula SiapeCad nº 01214423, do encargo de Substituto Eventual do Chefe do Serviço de Logística e Gestão - Selog da Delegacia da Receita Federal do Brasil de Julgamento em Curitiba (PR), Código FCPE-101.1.</p><p>Nº 6438 Designar o Analista-Tributário da Receita Federal do Brasil CARLO ROBERTO CLEMENTE, matrícula SiapeCad nº 00056754, para exercer a Função Gratificada de Chefe da Equipe de Gestão Corporativa 1 - EGC1 da Delegacia da Receita Federal do Brasil de Julgamento em Curitiba (PR), Código FG-2.</p><p>Nº 6439 Dispensar o Analista-Tributário da Receita Federal do Brasil NILO DE MARCH, matrícula SiapeCad nº 00091502, da Função Comissionada do Poder Executivo de Chefe do Serviço de Logística e Gestão - Selog da Delegacia da Receita Federal do Brasil de Julgamento em Florianopolis (SC), Código FCPE-101.1.</p><p>Nº 6440 Dispensar a Analista-Tributário da Receita Federal do Brasil VERA CRISTINA BERTO, matrícula SiapeCad nº 01292775, do encargo de Substituto Eventual do Chefe do Serviço de Logística e Gestão - Selog da Delegacia da Receita Federal do Brasil de Julgamento em Florianopolis (SC), Código FCPE-101.1.</p><p>Nº 6441 Designar o Analista-Tributário da Receita Federal do Brasil NILO DE MARCH, matrícula SiapeCad nº 00091502, para exercer a Função Gratificada de Chefe de  Equipe de Gestão Corporativa 1 - EGC1 da Delegacia da Receita Federal do Brasil de Julgamento em Florianopolis (SC), Código FG-2.</p><p>Nº 6442 Dispensar o Analista-Tributário da Receita Federal do Brasil RENATO GEREMIA, matrícula SiapeCad nº 00068810, da Função Comissionada do Poder Executivo de Chefe do Serviço de Logística e Gestão - Selog da Delegacia da Receita Federal do Brasil de Julgamento em Porto Alegre (RS), Código FCPE-101.1.</p><p>Nº 6443 Dispensar o Analista-Tributário da Receita Federal do Brasil LUIS ANTONIO REATTI, matrícula SiapeCad nº 00057651, do encargo de Substituto Eventual do Chefe do Serviço de Logística e Gestão - Selog da Delegacia da Receita Federal do Brasil de Julgamento em Porto Alegre (RS), Código FCPE-101.1.</p><p>Nº 6444 Designar o Analista-Tributário da Receita Federal do Brasil LUIS ANTONIO REATTI, matrícula SiapeCad nº 00057651, para exercer a Função Gratificada de Chefe da Equipe de Gestão Corporativa 1 - EGC1 da Delegacia da Receita Federal do Brasil de Julgamento em Porto Alegre (RS), Código FG-2.</p>]]></Texto>
    <Autores>
      <assina>JORGE ANTONIO DEHER RACHID</assina>
    </Autores>
  </body>
</article></xml>