﻿<xml><article id="962795" name="PORTARIA Nº 282 DESIGNAR LEONARD" idOficio="4625894" pubName="DO2" artType="Portaria" pubDate="02/01/2018" artClass="00008:00005:00020:00000:00000:00000:00000:00000:00000:00000:00025:00004" artSection="Presidência" artCategory="Presidência" artSize="8" artNotes="" numberPage="7" pdfPage="http://pesquisa.in.gov.br/imprensa/jsp/visualiza/index.jsp?data=02/01/2018&amp;jornal=529&amp;pagina=7" editionNumber="1">
  <body>
    <Identifica><![CDATA[PORTARIA Nº 282, DE 20 DE DEZEMBRO DE 2017]]></Identifica>
    <Data><![CDATA[]]></Data>
    <Ementa />
    <Titulo />
    <SubTitulo />
    <Texto><![CDATA[<p> O PRESIDENTE DA AGÊNCIA ESPACIAL BRASILEIRA, no uso das atribuições que lhe confere o § 3º, art. 3º do Capítulo III do Decreto nº 8.868, de 04 de outubro de 2016, publicado no DOU de 05 de outubro de 2016, que aprovou a Estrutura Regimental e o Quadro Demonstrativo dos Cargos em Comissão e das Funções de confiança da Agência Espacial Brasileira, resolve:</p><p>Designar, o Procurador Federal LEONARDO NUNES NAVES, CPF nº 665.130.061-04, para substituir nos afastamentos, impedimentos legais ou regulamentares e na vacância da função o Procurador-Chefe, código FCPE 101.4, da Procuradoria Federal desta Agência, sem acumulação de vencimentos e sem prejuízos das atribuições do cargo que atualmente ocupa.</p>]]></Texto>
    <Autores>
      <assina>JOSÉ RAIMUNDO BRAGA COELHO</assina>
    </Autores>
  </body>
</article></xml>