﻿<xml><article id="965662" name="783 e 784_DAS_DG_Exonerar_Nomear" idOficio="4626196" pubName="DO2" artType="Portaria" pubDate="02/01/2018" artClass="00006:00019:01211:00000:00000:00000:00000:00000:00000:00000:00025:00001" artSection="Agência Brasileira de Inteligência" artCategory="Agência Brasileira de Inteligência" artSize="8" artNotes="" numberPage="5" pdfPage="http://pesquisa.in.gov.br/imprensa/jsp/visualiza/index.jsp?data=02/01/2018&amp;jornal=529&amp;pagina=5" editionNumber="1">
  <body>
    <Identifica><![CDATA[PORTARIAS DE 28 DE DEZEMBRO DE 2017]]></Identifica>
    <Data><![CDATA[]]></Data>
    <Ementa />
    <Titulo />
    <SubTitulo />
    <Texto><![CDATA[<p> <strong>O DIRETOR-GERAL DA AGÊNCIA BRASILEIRA DE INTELIGÊNCIA DO GABINETE DE SEGURANÇA INSTITUCIONAL DA PRESIDÊNCIA DA REPÚBLICA</strong>, no uso da competência que lhe foi subdelegada pela alínea "a" do inciso I do art. 2° da Portaria n° 74-GSIPR, de 25 de novembro de 2016, publicada no Diário Oficial da União n° 231, de 2 de dezembro de 2016, resolve:</p><p>Nº 783 - Art. 1º Exonerar, a partir de 2 de janeiro de 2018, a servidora matrícula nº 908966 do cargo em comissão de Coordenadora, código DAS 101.3.</p><p>Nº 784 - Art. 1º Nomear, a partir de 2 de janeiro de 2018, o servidor matrícula nº 12471 para o cargo em comissão de Coordenador, código DAS 101.3.</p>]]></Texto>
    <Autores>
      <assina>JANÉR TESCH HOSKEN ALVARENGA</assina>
    </Autores>
  </body>
</article></xml>