﻿<xml><article id="963874" name="Pensão 02-01-2018" idOficio="4625975" pubName="DO2" artType="Portaria" pubDate="02/01/2018" artClass="00017:00026:00014:00008:00000:00000:00000:00000:00000:00000:00025:00001" artSection="Hospital Federal da Lagoa" artCategory="Hospital Federal da Lagoa" artSize="8" artNotes="" numberPage="120" pdfPage="http://pesquisa.in.gov.br/imprensa/jsp/visualiza/index.jsp?data=02/01/2018&amp;jornal=529&amp;pagina=120" editionNumber="1">
  <body>
    <Identifica><![CDATA[Portaria nº 228, de 29 de Novembro de 2017]]></Identifica>
    <Data><![CDATA[]]></Data>
    <Ementa />
    <Titulo />
    <SubTitulo />
    <Texto><![CDATA[<p> </p><p> A Diretora do Hospital Federal da Lagoa do Núcleo Estadual de Saúde do Estado do Rio de Janeiro, no uso de suas atribuições conferidas pela Portaria MS/GM nº 1.041 de 30.10.2009, publicada no Diário Oficial da União de 03/11/2009, resolve:</p><p>Retificar a Portaria Nº 213 de 26/10/2017, publicada no DOU Nº 230 de 01/12/2017, concedendo Pensão à Rayane Leandro de Paula Pinto, onde se lê: "Conceder Pensão Vitalícia"; leia-se "Conceder Pensão Temporária". (Processo 33408.007698/2017-17)</p><p> </p>]]></Texto>
    <Autores>
      <assina>Pedro Cirilo</assina>
    </Autores>
  </body>
</article></xml>