﻿<xml><article id="963549" name="EXTRATO PORTARIA VALNEIDE MARIA " idOficio="4625906" pubName="DO2" artType="Portaria" pubDate="02/01/2018" artClass="00017:00002:00013:00001:00002:00000:00000:00000:00000:00000:00025:00001" artSection="Seção de Administração" artCategory="Seção de Administração" artSize="8" artNotes="" numberPage="118" pdfPage="http://pesquisa.in.gov.br/imprensa/jsp/visualiza/index.jsp?data=02/01/2018&amp;jornal=529&amp;pagina=118" editionNumber="1">
  <body>
    <Identifica><![CDATA[PORTARIA N° 594, de 29 DE DEZEMBRO DE 2017]]></Identifica>
    <Data><![CDATA[]]></Data>
    <Ementa />
    <Titulo />
    <SubTitulo />
    <Texto><![CDATA[<p> </p><p> O Chefe Substituto do Serviço de Gestão Administrativa do Núcleo Estadual do Ministério da Saúde, em Alagoas, no uso de suas atribuições, resolve:</p><p>Conceder pensão civil vitalícia, com fundamento nos arts. 215; 217, I; 222, VII, "b", "6", todos da lei n. 8.112/90, atualizada pela lei n. 13.135/15, dispositivo normativo que regulamenta a previsão constitucional do art. 40, §7º, atualizada pela EC/41, a VALNEIDE MARIA DE SOUZA, companheira do ex-servidor ARLINDO FERREIRA DA SILVA, matrícula SIAPE n. 529492, falecido em 12/12/17, que ocupou, no quadro de pessoal do MS-AL, o cargo de Agente de Portaria, NI, classe S, padrão III, com as vantagens a que fizer jus. (Processo nº 25020.400934/2017-97)</p><p> </p>]]></Texto>
    <Autores>
      <assina>Denys Dantas de Almeida</assina>
    </Autores>
  </body>
</article></xml>