﻿<xml><article id="965415" name="GERÊNCIA EXECUTIVA EM JOÃO PESSO" idOficio="4626168" pubName="DO2" artType="Portaria" pubDate="02/01/2018" artClass="00022:00029:00237:00022:00029:00000:00000:00000:00000:00000:00025:00010" artSection="Seção Operacional  de Gestão de Pessoas" artCategory="Seção Operacional  de Gestão de Pessoas" artSize="8" artNotes="" numberPage="127" pdfPage="http://pesquisa.in.gov.br/imprensa/jsp/visualiza/index.jsp?data=02/01/2018&amp;jornal=529&amp;pagina=127" editionNumber="1">
  <body>
    <Identifica><![CDATA[PORTARIA Nº 167, DE 27 DE DEZEMBRO DE 2017]]></Identifica>
    <Data><![CDATA[]]></Data>
    <Ementa />
    <Titulo />
    <SubTitulo />
    <Texto><![CDATA[<p> </p><p> O CHEFE DA SEÇÃO OPERACIONAL DA GESTÃO DE PESSOAS DA GERÊNCIA EXECUTIVA DO INSS EM JOÃO PESSOA-PB, no uso das atribuições que lhe confere o art. 235, do Regimento Interno, aprovado pela PT/MDS/Nº 414, de 28.09.17, publicada no DOU/Nº 188-A, de 29.09.17, resolve:</p><p>Conceder Pensão Vitalícia a JOSÉ ALVES DA SILVA, na qualidade de cônjuge, cuja cota parte equivale a 100% (cem por cento) dos proventos da instituidora, com fundamento no artigo 40, § 7º, inciso I, da Constituição Federal, com redação dada pela EC/Nº 41, de 19.12.03, c/c o art. 2º, inciso I e art. 15, da Lei 10.887, de 18.06.04 e arts. 217, inciso I, c/c o art. 222, inciso VII, alínea "b",item 6, da Lei nº 8.112/90, alterada pela Lei 13.135, de 17.06.15, beneficiário da ex-servidora IEDA DUTRA DE MELO ALVES, mat. nº 752.134, ocupante do cargo de Assistente Social, Classe "S", Padrão IV, do quadro de pessoal do Instituto Nacional do Seguro Social-INSS, a contar de 06.12.17, data do óbito da ex-servidora Processo nº 35172.0011312/17-08.</p><p> </p>]]></Texto>
    <Autores>
      <assina>GILBERTO FIRMINO DE SOUZA JUNIOR</assina>
    </Autores>
  </body>
</article></xml>