﻿<xml><article id="961885" name="PRFB5407a5556" idOficio="4624147" pubName="DO2" artType="Portaria" pubDate="02/01/2018" artClass="00012:00055:00000:00000:00000:00000:00000:00000:00000:00000:00025:00016" artSection="Ministério da Fazenda" artCategory="Secretaria da Receita Federal do Brasil" artSize="8" artNotes="" numberPage="80-81-82-89" pdfPage="http://pesquisa.in.gov.br/imprensa/jsp/visualiza/index.jsp?data=02/01/2018&amp;jornal=529&amp;pagina=80,http://pesquisa.in.gov.br/imprensa/jsp/visualiza/index.jsp?data=02/01/2018&amp;jornal=529&amp;pagina=81,http://pesquisa.in.gov.br/imprensa/jsp/visualiza/index.jsp?data=02/01/2018&amp;jornal=529&amp;pagina=82,http://pesquisa.in.gov.br/imprensa/jsp/visualiza/index.jsp?data=02/01/2018&amp;jornal=529&amp;pagina=89" editionNumber="1">
  <body>
    <Identifica><![CDATA[PORTARIAS DE 26 DE DEZEMBRO DE 2017]]></Identifica>
    <Data><![CDATA[]]></Data>
    <Ementa />
    <Titulo />
    <SubTitulo />
    <Texto><![CDATA[<p> O SECRETÁRIO DA RECEITA FEDERAL DO BRASIL, no uso das competências que lhe foram delegada e subdelegada, respectivamente, pelas Portarias MF nºs 392 e 393, de 14 de julho de 2009, alteradas pela Portaria MF nº 100, de 28 de março de 2017, resolve:</p><p>Nº 5.407 Designar o Auditor-Fiscal da Receita Federal do Brasil EDUARDO LIMA DE OLIVEIRA, matrícula SiapeCad nº 01247815, para exercer a Função Gratificada de Chefe da Seção de Planejamento, Avaliação e Controle - Sapav da Superintendência Regional da Receita Federal do Brasil da 10ª Região Fiscal (RS), Código FG-1.</p><p>Nº 5.408 Designar a Analista-Tributário da Receita Federal do Brasil PATRICIA SILVA FAGUNDES, matrícula SiapeCad nº 00087358, para exercer a Função Gratificada de Chefe da Seção de Comunicação Institucional - Sacin da Superintendência Regional da Receita Federal do Brasil da 10ª Região Fiscal (RS), Código FG-1.</p><p>Nº 5.409 Designar a Auditora-Fiscal da Receita Federal do Brasil LUCIANE PERSCH, matrícula SiapeCad nº 00057752, para exercer a Função Comissionada do Poder Executivo de Chefe do Serviço de Fiscalização dos Maiores Contribuintes - Sefim da Superintendência Regional da Receita Federal do Brasil da 10ª Região Fiscal (RS), Código FCPE-101.1.</p><p>Nº 5.410 Designar o Auditor-Fiscal da Receita Federal do Brasil JONES TURATTI, matrícula SiapeCad nº 00028156, para exercer o encargo de Substituto Eventual do Chefe do Serviço de Fiscalização dos Maiores Contribuintes - Sefim da Superintendência Regional da Receita Federal do Brasil da 10ª Região Fiscal (RS), Código FCPE-101.1.</p><p>Nº 5.411 Designar o Auditor-Fiscal da Receita Federal do Brasil GUSTAVO BUSATO, matrícula SiapeCad nº 00057516, para exercer a Função Comissionada do Poder Executivo de Chefe do Serviço Regional de Programação, Avaliação e Controle da Atividade Fiscal - Sepac da Superintendência Regional da Receita Federal do Brasil da 10ª Região Fiscal (RS), Código FCPE-101.1.</p><p>Nº 5.412 Designar o Auditor-Fiscal da Receita Federal do Brasil PAULO VICENTE DA SILVA, matrícula SiapeCad nº 00064825, para exercer o encargo de Substituto Eventual do Chefe do Serviço Regional de Programação, Avaliação e Controle da Atividade Fiscal - Sepac da Superintendência Regional da Receita Federal do Brasil da 10ª Região Fiscal (RS), Código FCPE-101.1.</p><p>Nº 5.413 Designar o Auditor-Fiscal da Receita Federal do Brasil ANDRE LUIS FONSECA, matrícula SiapeCad nº 01292957, para exercer a Função Comissionada do Poder Executivo de Chefe da Divisão de Vigilância e Repressão ao Contrabando e Descaminho - Direp da Superintendência Regional da Receita Federal do Brasil da 10ª Região Fiscal (RS), Código FCPE-101.2.</p><p>Nº 5.414 Designar o Auditor-Fiscal da Receita Federal do Brasil ARY ANDRE VELHO ROVARIS, matrícula SiapeCad nº 01131058, para exercer o encargo de Substituto Eventual do Chefe da Divisão de Vigilância e Repressão ao Contrabando e Descaminho - Direp da Superintendência Regional da Receita Federal do Brasil da 10ª Região Fiscal (RS), Código FCPE-101.2.</p><p>Nº 5.415 Designar o Auditor-Fiscal da Receita Federal do Brasil LEONARDO ANDRES ASCENZI IGLESIAS, matrícula SiapeCad nº 01220557, para exercer a Função Gratificada de Chefe da Seção de Operações de Vigilância e Repressão ao Contrabando e Descaminho - Saope da Superintendência Regional da Receita Federal do Brasil da 10ª Região Fiscal (RS), Código FG-1.</p><p>Nº 5.416 Designar o Analista-Tributário da Receita Federal do Brasil CESAR SANTINI DE ABREU, matrícula SiapeCad nº 00057841, para exercer a Função Comissionada do Poder Executivo de Chefe do Serviço de Programação e Logística - Sepol da Superintendência Regional da Receita Federal do Brasil da 10ª Região Fiscal (RS), Código FCPE-101.1.</p><p>Nº 5.417 Designar o Analista-Tributário da Receita Federal do Brasil VICTOR HUGO FAGUNDES GHIORZI, matrícula SiapeCad nº 00065013, para exercer o encargo de Substituto Eventual do Chefe do Serviço de Programação e Logística - Sepol da Superintendência Regional da Receita Federal do Brasil da 10ª Região Fiscal (RS), Código FCPE-101.1.</p><p>Nº 5.418 Designar o Auditor-Fiscal da Receita Federal do Brasil JOSE HELIO JUSTO, matrícula SiapeCad nº 00064857, para exercer a Função Gratificada de Chefe da Seção de Licitações - Salic da Superintendência Regional da Receita Federal do Brasil da 10ª Região Fiscal (RS), Código FG-1.</p><p>Nº 5.419 Designar o Analista-Tributário da Receita Federal do Brasil LUIZ GUSTAVO SPEROTTO FAGUNDES, matrícula SiapeCad nº 00057904, para exercer a Função Gratificada de Chefe da Seção de Contratos - Sacon da Superintendência Regional da Receita Federal do Brasil da 10ª Região Fiscal (RS), Código FG-1.</p><p>Nº 5.420 Designar a Analista-Tributário da Receita Federal do Brasil JAQUELINE BERLEZE, matrícula SiapeCad nº 01213809, para exercer a Função Gratificada de Chefe da Seção de Orçamento e Finanças - Saofi da Superintendência Regional da Receita Federal do Brasil da 10ª Região Fiscal (RS), Código FG-1.</p><p>Nº 5.421 Designar o Contador RODRIGO BEGNINI, matrícula SiapeCad nº 01982291, para exercer a Função Gratificada de Chefe do Núcleo de Contabilidade - Nutab da Superintendência Regional da Receita Federal do Brasil da 10ª Região Fiscal (RS), Código FG-3.</p><p>Nº 5.422 Designar o Analista-Tributário da Receita Federal do Brasil CARLOS ALBERTO TISOTT, matrícula SiapeCad nº 00057753, para exercer a Função Comissionada do Poder Executivo de Chefe do Serviço de Mercadorias Apreendidas - Semap da Superintendência Regional da Receita Federal do Brasil da 10ª Região Fiscal (RS), Código FCPE-101.1.</p><p>Nº 5.423 Designar o Auditor-Fiscal da Receita Federal do Brasil MARISSON SANT ANNA DE SOUZA, matrícula SiapeCad nº 00013850, para exercer a Função Comissionada do Poder Executivo de Chefe da Divisão de Tecnologia e Segurança da Informação - Ditec da Superintendência Regional da Receita Federal do Brasil da 10ª Região Fiscal (RS), Código FCPE-101.2.</p><p>Nº 5.424 Designar o Analista-Tributário da Receita Federal do Brasil FERNANDO FERNANDES ZANIN, matrícula SiapeCad nº 00057796, para exercer o encargo de Substituto Eventual do Chefe da Divisão de Tecnologia e Segurança da Informação - Ditec da Superintendência Regional da Receita Federal do Brasil da 10ª Região Fiscal (RS), Código FCPE-101.2.</p><p>Nº 5.425 Designar o Analista-Tributário da Receita Federal do Brasil ANDRE LOHMANN CAUZZI, matrícula SiapeCad nº 01293393, para exercer a Função Comissionada do Poder Executivo de Chefe do Serviço de Tecnologia e Segurança da Informação - Setec da Superintendência Regional da Receita Federal do Brasil da 10ª Região Fiscal (RS), Código FCPE-101.1.</p><p>Nº 5.426 Designar a Assistente Técnico-Administrativo SUELLEN DETOFFOL DE MELO, matrícula SiapeCad nº 01518653, para exercer a Função Gratificada de Chefe da Seção de Gestão de Serviços - Sages da Superintendência Regional da Receita Federal do Brasil da 10ª Região Fiscal (RS), Código FG-1.</p><p>Nº 5.427 Designar o Analista-Tributário da Receita Federal do Brasil LUIS ANTONIO DUTRA PILLAR, matrícula SiapeCad nº 00058027, para exercer a Função Gratificada de Chefe da Seção de Gestão Regional do Ambiente Informatizado - Sainf da Superintendência Regional da Receita Federal do Brasil da 10ª Região Fiscal (RS), Código FG-1.</p><p>Nº 5.428 Designar a Analista-Tributário da Receita Federal do Brasil PAULA COSTA VIEIRA DA CUNHA, matrícula SiapeCad nº 01130562, para exercer a Função Gratificada de Chefe da Seção de Gestão Regional de Segurança da Informação - Saseg da Superintendência Regional da Receita Federal do Brasil da 10ª Região Fiscal (RS), Código FG-1.</p><p>Nº 5.429 Designar o Analista-Tributário da Receita Federal do Brasil PAULO CECHIN, matrícula SiapeCad nº 00065096, para exercer a Função Gratificada de Chefe da Seção de Cadastramento Regional - Sacti da Superintendência Regional da Receita Federal do Brasil da 10ª Região Fiscal (RS), Código FG-1.</p><p>Nº 5.430 Designar o Analista-Tributário da Receita Federal do Brasil RAUL JOSE RIBEIRO FILHO, matrícula SiapeCad nº 00012223, para exercer a Função Comissionada do Poder Executivo de Chefe do Serviço de Gestão de Pessoas - Segep da Superintendência Regional da Receita Federal do Brasil da 10ª Região Fiscal (RS), Código FCPE-101.1.</p><p>Nº 5.431 Designar a Analista-Tributário da Receita Federal do Brasil DENISE BERENICE FRANZEN, matrícula SiapeCad nº 01293770, para exercer o encargo de Substituto Eventual do Chefe do Serviço de Gestão de Pessoas - Segep da Superintendência Regional da Receita Federal do Brasil da 10ª Região Fiscal (RS), Código FCPE-101.1.</p><p>Nº 5.432 Designar a Analista-Tributário da Receita Federal do Brasil DENISE BERENICE FRANZEN, matrícula SiapeCad nº 01293770, para exercer a Função Gratificada de Chefe da Seção de Administração de Pessoas - Saape da Superintendência Regional da Receita Federal do Brasil da 10ª Região Fiscal (RS), Código FG-1.</p><p>Nº 5.433 Designar o Analista-Tributário da Receita Federal do Brasil RENATO GEREMIA, matrícula SiapeCad nº 00068810, para exercer a Função Gratificada de Chefe da Seção de Pagamento de Pessoal - Sapag da Superintendência Regional da Receita Federal do Brasil da 10ª Região Fiscal (RS), Código FG-1.</p><p>Nº 5.434 Designar a Pedagogo LICIANE LEDUR, matrícula SiapeCad nº 01902113, para exercer a Função Gratificada de Chefe da Seção de Desenvolvimento, Capacitação e Gestão de Desempenho - Sadec da Superintendência Regional da Receita Federal do Brasil da 10ª Região Fiscal (RS), Código FG-1.</p><p>Nº 5.435 Designar a Analista Técnico-Administrativo ALINE RADUNZ SCHMIDT, matrícula SiapeCad nº 01489571, para exercer a Função Gratificada de Chefe do Núcleo de Valorização e Qualidade de Vida no Trabalho - Nuvaq da Superintendência Regional da Receita Federal do Brasil da 10ª Região Fiscal (RS), Código FG-3.</p><p>Nº 5.436 Designar a Assistente Técnico-Administrativo MICHELLE MAYUMI SATO BIROLO, matrícula SiapeCad nº 01587434, para exercer a Função Gratificada de Chefe da Seção de Legislação de Pessoal - Salep da Superintendência Regional da Receita Federal do Brasil da 10ª Região Fiscal (RS), Código FG-1.</p><p>Nº 5.437 Designar o Auditor-Fiscal da Receita Federal do Brasil JONES TURATTI, matrícula SiapeCad nº 00028156, para exercer a Função Gratificada de Chefe da Equipe de Programação, Avaliação e Controle da Atividade Fiscal 1 - Eqpac1 da Superintendência Regional da Receita Federal do Brasil da 10ª Região Fiscal (RS), Código FG-1.</p><p>Nº 5.438 Designar o Auditor-Fiscal da Receita Federal do Brasil MATEUS BEHENCK EVALDT, matrícula SiapeCad nº 01292591, para exercer a Função Gratificada de Chefe da Equipe de Programação, Avaliação e Controle da Atividade Fiscal 2 - Eqpac2 da Superintendência Regional da Receita Federal do Brasil da 10ª Região Fiscal (RS), Código FG-1.</p><p>Nº 5.439 Designar o Auditor-Fiscal da Receita Federal do Brasil PAULO VICENTE DA SILVA, matrícula SiapeCad nº 00064825, para exercer a Função Gratificada de Chefe da Equipe de Programação, Avaliação e Controle da Atividade Fiscal 3 - Eqpac3 da Superintendência Regional da Receita Federal do Brasil da 10ª Região Fiscal (RS), Código FG-1.</p><p>Nº 5.440 Designar o Auditor-Fiscal da Receita Federal do Brasil TELMO MORAES FREITAS, matrícula SiapeCad nº 00017326, para exercer a Função Gratificada de Chefe da Equipe Aduaneira 1 - EAD1 da Superintendência Regional da Receita Federal do Brasil da 10ª Região Fiscal (RS), Código FG-1.</p><p>Nº 5.441 Designar o Auditor-Fiscal da Receita Federal do Brasil ARY ANDRE VELHO ROVARIS, matrícula SiapeCad nº 01131058, para exercer a Função Gratificada de Chefe da Equipe de Vigilância e Repressão 1 - EVR1 da Superintendência Regional da Receita Federal do Brasil da 10ª Região Fiscal (RS), Código FG-1.</p><p>Nº 5.442 Designar o Analista-Tributário da Receita Federal do Brasil AFRANIO SOARES DE MORAES, matrícula SiapeCad nº 00065061, para exercer a Função Gratificada de Chefe da Equipe de Gestão Corporativa 1 - EGC1 da Superintendência Regional da Receita Federal do Brasil da 10ª Região Fiscal (RS), Código FG-3.</p><p>Nº 5.443 Designar o Analista-Tributário da Receita Federal do Brasil VICTOR HUGO FAGUNDES GHIORZI, matrícula SiapeCad nº 00065013, para exercer a Função Gratificada de Chefe da Equipe de Gestão Corporativa 2 - EGC2 da Superintendência Regional da Receita Federal do Brasil da 10ª Região Fiscal (RS), Código FG-3.</p><p>Nº 5.444 Designar o Analista-Tributário da Receita Federal do Brasil RAFAEL WEBBER BOCK, matrícula SiapeCad nº 00057741, para exercer a Função Comissionada do Poder Executivo de Chefe do Centro de Atendimento ao Contribuinte - CAC da Delegacia da Receita Federal do Brasil em Porto Alegre (RS), Código FCPE-101.1.</p><p>Nº 5.445 Designar a Técnico do Seguro Social PATRICIA BASTOS DE LIMA ANDRADE, matrícula SiapeCad nº 00879561, para exercer o encargo de Substituto Eventual do Chefe do Centro de Atendimento ao Contribuinte - CAC da Delegacia da Receita Federal do Brasil em Porto Alegre (RS), Código FCPE-101.1.</p><p>Nº 5.446 Designar o Auditor-Fiscal da Receita Federal do Brasil NELSON BRASIL FERREIRA, matrícula SiapeCad nº 00881180, para exercer a Função Gratificada de Chefe da Equipe de Informação Fiscal 1 - EIF1 da Delegacia da Receita Federal do Brasil em Porto Alegre (RS), Código FG-1.</p><p>Nº 5.447 Designar o Analista-Tributário da Receita Federal do Brasil GLEISSON BRUM CARLOS, matrícula SiapeCad nº 00091102, para exercer a Função Gratificada de Chefe da Equipe de Logística 1 - ELG1 da Delegacia da Receita Federal do Brasil em Porto Alegre (RS), Código FG-3.</p><p>Nº 5.448 Designar o Analista-Tributário da Receita Federal do Brasil PEDRO OSVINO KNOB, matrícula SiapeCad nº 01291623, para exercer a Função Gratificada de Agente da Receita Federal do Brasil em Viamao (RS), jurisdição da Delegacia da Receita Federal do Brasil em Porto Alegre (RS), Código FG-1.</p><p>Nº 5.449 Designar o Analista-Tributário da Receita Federal do Brasil FABRICIO RODRIGUES COSTA, matrícula SiapeCad nº 00068777, para exercer a Função Gratificada de Chefe da Equipe de Atendimento ao Contribuinte 1 - EAT1 da Agência da Receita Federal do Brasil em Viamao (RS), jurisdição da Delegacia da Receita Federal do Brasil em Porto Alegre (RS), Código FG-3.</p><p>Nº 5.450 Designar o Analista-Tributário da Receita Federal do Brasil AGUSTIN JAIME DA ROSA PERNAS, matrícula SiapeCad nº 00015603, para exercer a Função Gratificada de Chefe da Seção de Tecnologia e Segurança da Informação - Satec da Delegacia da Receita Federal do Brasil em Pelotas (RS), Código FG-1.</p><p>Nº 5.451 Designar o Auditor-Fiscal da Receita Federal do Brasil ANDRE RICARDO GALLAS, matrícula SiapeCad nº 00016002, para exercer a Função Gratificada de Chefe da Seção de Administração Aduaneira - Saana da Inspetoria da Receita Federal do Brasil em Jaguarao (RS), jurisdição da Delegacia da Receita Federal do Brasil em Pelotas (RS), Código FG-1.</p><p>Nº 5.452 Designar o Auditor-Fiscal da Receita Federal do Brasil GLAUCIO NASCIMENTO DE ABREU, matrícula SiapeCad nº 00676408, para exercer a Função Gratificada de Chefe da Seção de Administração Aduaneira - Saana da Inspetoria da Receita Federal do Brasil em Bagé (RS), jurisdição da Delegacia da Receita Federal do Brasil em Pelotas (RS), Código FG-1.</p><p>Nº 5.453 Designar o Auditor-Fiscal da Receita Federal do Brasil LUIS CARLOS SALIBA, matrícula SiapeCad nº 00014136, para exercer a Função Gratificada de Chefe da Equipe Aduaneira 1 - EAD1 da Inspetoria da Receita Federal do Brasil em Bagé (RS), jurisdição da Delegacia da Receita Federal do Brasil em Pelotas (RS), Código FG-3.</p><p>Nº 5.454 Designar o Auditor-Fiscal da Receita Federal do Brasil DAINY PACHECO DOS SANTOS, matrícula SiapeCad nº 01653443, para exercer a Função Gratificada de Chefe da Seção de Vigilância e Repressão ao Contrabando e Descaminho - Sarep da Delegacia da Receita Federal do Brasil em Santa Maria (RS), Código FG-1.</p><p>Nº 5.455 Designar o Analista-Tributário da Receita Federal do Brasil EDISON JOSIAS QUAIATTO, matrícula SiapeCad nº 00068544, para exercer a Função Gratificada de Chefe da Seção de Tecnologia e Segurança da Informação - Satec da Delegacia da Receita Federal do Brasil em Santa Maria (RS), Código FG-1.</p><p>Nº 5.456 Designar o Analista-Tributário da Receita Federal do Brasil VLADEMIR JOSE TRES, matrícula SiapeCad nº 00009455, para exercer a Função Gratificada de Chefe da Seção de Tecnologia e Segurança da Informação - Satec da Delegacia da Receita Federal do Brasil em Passo Fundo (RS), Código FG-1.</p><p>Nº 5.457 Designar o Analista-Tributário da Receita Federal do Brasil MAURO KARDEL HOTT, matrícula SiapeCad nº 01292250, para exercer a Função Comissionada do Poder Executivo de Chefe do Serviço de Tecnologia e Segurança da Informação - Setec da Delegacia da Receita Federal do Brasil em Caxias do Sul (RS), Código FCPE-101.1.</p><p>Nº 5.458 Designar o Analista-Tributário da Receita Federal do Brasil MARCIO ROSSI TRONCA, matrícula SiapeCad nº 00017314, para exercer o encargo de Substituto Eventual do Chefe do Serviço de Tecnologia e Segurança da Informação - Setec da Delegacia da Receita Federal do Brasil em Caxias do Sul (RS), Código FCPE-101.1.</p><p>Nº 5.459 Designar o Auditor-Fiscal da Receita Federal do Brasil GILSON OMAR FOCHESATO, matrícula SiapeCad nº 00879313, para exercer a Função Gratificada de Chefe da Equipe de Informação Fiscal 1 - EIF1 da Delegacia da Receita Federal do Brasil em Caxias do Sul (RS), Código FG-1.</p><p>Nº 5.460 Designar o Analista-Tributário da Receita Federal do Brasil CESAR CARDOSO PIRES, matrícula SiapeCad nº 01213972, para exercer a Função Comissionada do Poder Executivo de Chefe do Serviço de Tecnologia e Segurança da Informação - Setec da Delegacia da Receita Federal do Brasil em Novo Hamburgo (RS), Código FCPE-101.1.</p><p>Nº 5.461 Designar o Analista-Tributário da Receita Federal do Brasil LUCAS MORAIS AITA, matrícula SiapeCad nº 01811020, para exercer o encargo de Substituto Eventual do Chefe do Serviço de Tecnologia e Segurança da Informação - Setec da Delegacia da Receita Federal do Brasil em Novo Hamburgo (RS), Código FCPE-101.1.</p><p>Nº 5.462 Designar a Auditora-Fiscal da Receita Federal do Brasil JANAINA FLORES FURQUIM IZAGUIRRE, matrícula SiapeCad nº 01291674, para exercer a Função Gratificada de Chefe da Equipe de Informação Fiscal 1 - EIF1 da Delegacia da Receita Federal do Brasil em Novo Hamburgo (RS), Código FG-1.</p><p>Nº 5.463 Designar o Auditor-Fiscal da Receita Federal do Brasil CARLOS JESUS PINTO DE MORAES, matrícula SiapeCad nº 00087657, para exercer a Função Gratificada de Chefe da Seção de Vigilância e Repressão ao Contrabando e Descaminho - Sarep da Delegacia da Receita Federal do Brasil em Santo Angelo (RS), Código FG-1.</p><p>Nº 5.464 Designar o Analista-Tributário da Receita Federal do Brasil NEREU RODOLFO ENGEL, matrícula SiapeCad nº 00087461, para exercer a Função Gratificada de Chefe da Seção de Tecnologia e Segurança da Informação - Satec da Delegacia da Receita Federal do Brasil em Santo Angelo (RS), Código FG-1.</p><p>Nº 5.465 Designar o Analista-Tributário da Receita Federal do Brasil MARCOS POHL, matrícula SiapeCad nº 00057781, para exercer a Função Comissionada do Poder Executivo de Agente da Receita Federal do Brasil em Santa Rosa (RS), jurisdição da Delegacia da Receita Federal do Brasil em Santo Angelo (RS), Código FCPE-101.1.</p><p>Nº 5.466 Designar o Analista-Tributário da Receita Federal do Brasil GESON RODRIGO REX, matrícula SiapeCad nº 01170855, para exercer o encargo de Substituto Eventual do Agente da Receita Federal do Brasil em Santa Rosa (RS), jurisdição da Delegacia da Receita Federal do Brasil em Santo Angelo (RS), Código FCPE-101.1.</p><p>Nº 5.467 Designar o Analista-Tributário da Receita Federal do Brasil GESON RODRIGO REX, matrícula SiapeCad nº 01170855, para exercer a Função Gratificada de Chefe do Setor de Arrecadação e Cobrança - Sorac da Agência da Receita Federal do Brasil em Santa Rosa (RS), jurisdição da Delegacia da Receita Federal do Brasil em Santo Angelo (RS), Código FG-2.</p><p>Nº 5.468 Designar a Técnico do Seguro Social NEUZA MARIA BORDIN DOS SANTOS, matrícula SiapeCad nº 00856306, para exercer a Função Gratificada de Chefe da Equipe de Atendimento ao Contribuinte da Agência da Receita Federal do Brasil em Santa Rosa (RS), jurisdição da Delegacia da Receita Federal do Brasil em Santo Angelo (RS), Código FG-2.</p><p>Nº 5.469 Designar a Assistente Técnico-Administrativo LAURA ALVES FALCAO, matrícula SiapeCad nº 02000272, para exercer a Função Gratificada de Agente da Receita Federal do Brasil em Sao Luiz Gonzaga (RS), jurisdição da Delegacia da Receita Federal do Brasil em Santo Angelo (RS), Código FG-3.</p><p>Nº 5.470 Designar a Técnico do Seguro Social MAIZA GRUBER PAGEL, matrícula SiapeCad nº 00858976, para exercer a Função Gratificada de Agente da Receita Federal do Brasil em Palmeira das Missões (RS), jurisdição da Delegacia da Receita Federal do Brasil em Santo Angelo (RS), Código FG-1.</p><p>Nº 5.471 Designar o Analista-Tributário da Receita Federal do Brasil PAULO WINK, matrícula SiapeCad nº 00057783, para exercer a Função Gratificada de Agente da Receita Federal do Brasil em Três Passos (RS), jurisdição da Delegacia da Receita Federal do Brasil em Santo Angelo (RS), Código FG-1.</p><p>Nº 5.472 Designar a Auditora-Fiscal da Receita Federal do Brasil MARTHA PAES BORMANN, matrícula SiapeCad nº 01519380, para exercer a Função Gratificada de Chefe da Seção de Administração Aduaneira - Saana da Inspetoria da Receita Federal do Brasil em Porto Xavier (RS), jurisdição da Delegacia da Receita Federal do Brasil em Santo Angelo (RS), Código FG-1.</p><p>Nº 5.473 Designar o Analista-Tributário da Receita Federal do Brasil PAULO ELISEU WEBER, matrícula SiapeCad nº 01819199, para exercer a Função Gratificada de Chefe da Equipe Aduaneira 1 - EAD1 da Inspetoria da Receita Federal do Brasil em Porto Xavier (RS), jurisdição da Delegacia da Receita Federal do Brasil em Santo Angelo (RS), Código FG-3.</p><p>Nº 5.474 Designar o Auditor-Fiscal da Receita Federal do Brasil DEMETRIO LUIZ NASCIMENTO DE FREITAS, matrícula SiapeCad nº 01130969, para exercer a Função Gratificada de Chefe da Seção de Tecnologia e Segurança da Informação - Satec da Delegacia da Receita Federal do Brasil em Santa Cruz do Sul (RS), Código FG-1.</p><p>Nº 5.475 Nomear o Auditor-Fiscal da Receita Federal do Brasil CARLOS FREDERICO SCHWOCHOW DE MIRANDA, matrícula SiapeCad nº 01291532, para exercer o cargo em comissão de Delegado da Alfândega da Receita Federal do Brasil no Porto de Rio Grande (RS), Código DAS-101.2.</p><p>Nº 5.476 Designar o Auditor-Fiscal da Receita Federal do Brasil PAULO FRANCISCO MIRANDA MARTINS, matrícula SiapeCad nº 00011457, para exercer o encargo de Substituto Eventual do Delegado da Alfândega da Receita Federal do Brasil no Porto de Rio Grande (RS), Código DAS-101.2.</p><p>Nº 5.477 Designar o Auditor-Fiscal da Receita Federal do Brasil PAULO FRANCISCO MIRANDA MARTINS, matrícula SiapeCad nº 00011457, para exercer a Função Comissionada do Poder Executivo de Delegado Adjunto da Alfândega da Receita Federal do Brasil no Porto de Rio Grande (RS), Código FCPE-101.1.</p><p>Nº 5.478 Designar o Auditor-Fiscal da Receita Federal do Brasil HUGO TEIXEIRA BRAGA, matrícula SiapeCad nº 01173102, para exercer a Função Gratificada de Chefe da Seção de Assessoramento Técnico Aduaneiro - Saata da Alfândega da Receita Federal do Brasil no Porto de Rio Grande (RS), Código FG-1.</p><p>Nº 5.479 Designar o Auditor-Fiscal da Receita Federal do Brasil MARCO ANTONIO ALMEIDA MEDEIROS, matrícula SiapeCad nº 00018169, para exercer a Função Comissionada do Poder Executivo de Chefe do Serviço de Despacho Aduaneiro - Sedad da Alfândega da Receita Federal do Brasil no Porto de Rio Grande (RS), Código FCPE-101.1.</p><p>Nº 5.480 Designar o Auditor-Fiscal da Receita Federal do Brasil CARLOS CEZAR AVILA DO AMARAL, matrícula SiapeCad nº 00015827, para exercer o encargo de Substituto Eventual do Chefe do Serviço de Despacho Aduaneiro - Sedad da Alfândega da Receita Federal do Brasil no Porto de Rio Grande (RS), Código FCPE-101.1.</p><p>Nº 5.481 Designar o Auditor-Fiscal da Receita Federal do Brasil FERNANDO CABRAL BOTELHO, matrícula SiapeCad nº 00016117, para exercer a Função Gratificada de Chefe da Seção de Procedimentos Especiais Aduaneiros - Sapea da Alfândega da Receita Federal do Brasil no Porto de Rio Grande (RS), Código FG-1.</p><p>Nº 5.482 Designar o Auditor-Fiscal da Receita Federal do Brasil ILDO VIAN, matrícula SiapeCad nº 00014383, para exercer a Função Gratificada de Chefe da Seção de Vigilância Aduaneira - Savig da Alfândega da Receita Federal do Brasil no Porto de Rio Grande (RS), Código FG-1.</p><p>Nº 5.483 Designar o Auditor-Fiscal da Receita Federal do Brasil MARCOS VINICIUS BELLI SOARES, matrícula SiapeCad nº 01292469, para exercer a Função Gratificada de Chefe da Seção de Gestão de Riscos Aduaneiros - Sarad da Alfândega da Receita Federal do Brasil no Porto de Rio Grande (RS), Código FG-1.</p><p>Nº 5.484 Designar o Analista-Tributário da Receita Federal do Brasil PAULO SERGIO SANZO, matrícula SiapeCad nº 01213910, para exercer a Função Gratificada de Chefe da Seção de Gestão Corporativa - Sacor da Alfândega da Receita Federal do Brasil no Porto de Rio Grande (RS), Código FG-1.</p><p>Nº 5.485 Designar o Analista-Tributário da Receita Federal do Brasil JOAO CARLOS RODRIGUES DIAS, matrícula SiapeCad nº 01132790, para exercer a Função Gratificada de Chefe do Núcleo de Programação e Logística - Nupol da Alfândega da Receita Federal do Brasil no Porto de Rio Grande (RS), Código FG-3.</p><p>Nº 5.486 Designar a Analista-Tributário da Receita Federal do Brasil VALESCA EDOM NUNES, matrícula SiapeCad nº 00069010, para exercer a Função Gratificada de Chefe do Núcleo de Tecnologia e Segurança da Informação - Nutec da Alfândega da Receita Federal do Brasil no Porto de Rio Grande (RS), Código FG-3.</p><p>Nº 5.487 Designar a Agente Administrativo GISLAINE LEIVAS LUCENA, matrícula SiapeCad nº 00014118, para exercer a Função Gratificada de Chefe do Núcleo de Gestão de Pessoas - Nugep da Alfândega da Receita Federal do Brasil no Porto de Rio Grande (RS), Código FG-3.</p><p>Nº 5.488 Designar o Analista-Tributário da Receita Federal do Brasil EDUARDO SILVEIRA DE VASCONCELOS, matrícula SiapeCad nº 00057531, para exercer a Função Gratificada de Chefe da Equipe Aduaneira 3 - EAD3 da Alfândega da Receita Federal do Brasil no Porto de Rio Grande (RS), Código FG-1.</p><p>Nº 5.489 Designar o Analista-Tributário da Receita Federal do Brasil JEFFERSON FARIAS, matrícula SiapeCad nº 00014820, para exercer a Função Gratificada de Chefe da Equipe de Vigilância e Repressão 1 - EVR1 da Alfândega da Receita Federal do Brasil no Porto de Rio Grande (RS), Código FG-3.</p><p>Nº 5.490 Designar o Auditor-Fiscal da Receita Federal do Brasil JOSE RHEINGANTZ ABUCHAIM, matrícula SiapeCad nº 01952077, para exercer a Função Comissionada do Poder Executivo de Inspetor-Chefe da Receita Federal do Brasil em Chuí (RS), jurisdição da Alfândega da Receita Federal do Brasil no Porto de Rio Grande (RS), Código FCPE-101.1.</p><p>Nº 5.491 Designar o Auditor-Fiscal da Receita Federal do Brasil JONAS EICHOLZ, matrícula SiapeCad nº 01292656, para exercer o encargo de Substituto Eventual do Inspetor-Chefe da Receita Federal do Brasil em Chuí (RS), jurisdição da Alfândega da Receita Federal do Brasil no Porto de Rio Grande (RS), Código FCPE-101.1.</p><p>Nº 5.492 Designar o Auditor-Fiscal da Receita Federal do Brasil NILVARO FERNANDES COSTA, matrícula SiapeCad nº 01291527, para exercer a Função Gratificada de Chefe da Seção de Administração Aduaneira - Saana da Inspetoria da Receita Federal do Brasil em Chuí (RS), jurisdição da Alfândega da Receita Federal do Brasil no Porto de Rio Grande (RS), Código FG-1.</p><p>Nº 5.493 Designar o Auditor-Fiscal da Receita Federal do Brasil JONAS EICHOLZ, matrícula SiapeCad nº 01292656, para exercer a Função Gratificada de Chefe da Seção de Vigilância Aduaneira - Savig da Inspetoria da Receita Federal do Brasil em Chuí (RS), jurisdição da Alfândega da Receita Federal do Brasil no Porto de Rio Grande (RS), Código FG-1.</p><p>Nº 5.494 Designar o Auditor-Fiscal da Receita Federal do Brasil DOUGLAS ROBERTO WALKBRING, matrícula SiapeCad nº 01811980, para exercer a Função Gratificada de Chefe da Equipe de Vigilância e Repressão 1 - EVR1 da Inspetoria da Receita Federal do Brasil em Chuí (RS), jurisdição da Alfândega da Receita Federal do Brasil no Porto de Rio Grande (RS), Código FG-2.</p><p>Nº 5.495 Designar o Analista-Tributário da Receita Federal do Brasil ROGERIO RIBEIRO NUNES, matrícula SiapeCad nº 00013817, para exercer a Função Gratificada de Chefe da Equipe de Gestão Corporativa 1 - EGC1 da Inspetoria da Receita Federal do Brasil em Chuí (RS), jurisdição da Alfândega da Receita Federal do Brasil no Porto de Rio Grande (RS), Código FG-2.</p><p>Nº 5.496 Nomear o Auditor-Fiscal da Receita Federal do Brasil GASTAO FIGUEIRA TONDING, matrícula SiapeCad nº 00064952, para exercer o cargo em comissão de Delegado da Alfândega da Receita Federal do Brasil em Porto Alegre (RS), Código DAS-101.2.</p><p>Nº 5.497 Designar o Auditor-Fiscal da Receita Federal do Brasil DANIEL BRASIL BALBAO, matrícula SiapeCad nº 00064829, para exercer o encargo de Substituto Eventual do Delegado da Alfândega da Receita Federal do Brasil em Porto Alegre (RS), Código DAS-101.2.</p><p>Nº 5.498 Designar o Auditor-Fiscal da Receita Federal do Brasil DANIEL BRASIL BALBAO, matrícula SiapeCad nº 00064829, para exercer a Função Comissionada do Poder Executivo de Delegado Adjunto da Alfândega da Receita Federal do Brasil em Porto Alegre (RS), Código FCPE-101.1.</p><p>Nº 5.499 Designar a Auditora-Fiscal da Receita Federal do Brasil DANIELLE AMARO DA SILVEIRA WILHELMS, matrícula SiapeCad nº 01130962, para exercer a Função Gratificada de Chefe da Seção de Assessoramento Técnico Aduaneiro - Saata da Alfândega da Receita Federal do Brasil em Porto Alegre (RS), Código FG-1.</p><p>Nº 5.500 Designar o Auditor-Fiscal da Receita Federal do Brasil MARCUS MACHADO, matrícula SiapeCad nº 00016207, para exercer a Função Gratificada de Chefe da Seção de Despacho Aduaneiro - Sadad da Alfândega da Receita Federal do Brasil em Porto Alegre (RS), Código FG-1.</p><p>Nº 5.501 Designar o Auditor-Fiscal da Receita Federal do Brasil ANTONIO GENARO NUNES FINAMOR, matrícula SiapeCad nº 00076193, para exercer a Função Comissionada do Poder Executivo de Chefe do Serviço de Controle Aduaneiro Pós Despacho - Secap da Alfândega da Receita Federal do Brasil em Porto Alegre (RS), Código FCPE-101.1.</p><p>Nº 5.502 Designar o Auditor-Fiscal da Receita Federal do Brasil FERNANDO ANDORFFY, matrícula SiapeCad nº 00016355, para exercer o encargo de Substituto Eventual do Chefe do Serviço de Controle Aduaneiro Pós Despacho - Secap da Alfândega da Receita Federal do Brasil em Porto Alegre (RS), Código FCPE-101.1.</p><p>Nº 5.503 Designar o Auditor-Fiscal da Receita Federal do Brasil ERCIO NAIDITCH, matrícula SiapeCad nº 00015258, para exercer a Função Gratificada de Chefe da Seção de Vigilância Aduaneira - Savig da Alfândega da Receita Federal do Brasil em Porto Alegre (RS), Código FG-1.</p><p>Nº 5.504 Designar o Auditor-Fiscal da Receita Federal do Brasil ERCILIO ANTAO RAMOS GUIMARAES, matrícula SiapeCad nº 00021464, para exercer a Função Gratificada de Chefe da Seção de Gestão de Riscos Aduaneiros - Sarad da Alfândega da Receita Federal do Brasil em Porto Alegre (RS), Código FG-1.</p><p>Nº 5.505 Designar o Auditor-Fiscal da Receita Federal do Brasil SANDRO MARTINI VARGAS, matrícula SiapeCad nº 00066040, para exercer a Função Gratificada de Chefe da Equipe Aduaneira 1 - EAD1 da Alfândega da Receita Federal do Brasil em Porto Alegre (RS), Código FG-1.</p><p>Nº 5.506 Designar o Analista-Tributário da Receita Federal do Brasil LUIZ ANTONIO BALDISSARELLA, matrícula SiapeCad nº 00057843, para exercer a Função Gratificada de Chefe da Equipe de Logística 1 - ELG1 da Alfândega da Receita Federal do Brasil em Porto Alegre (RS), Código FG-1.</p><p>Nº 5.507 Designar o Analista-Tributário da Receita Federal do Brasil PETER ROCHOL, matrícula SiapeCad nº 00065008, para exercer a Função Gratificada de Chefe da Equipe de Mercadorias Apreendidas 1 - EMA1 da Alfândega da Receita Federal do Brasil em Porto Alegre (RS), Código FG-2.</p><p>Nº 5.508 Designar a Analista-Tributário da Receita Federal do Brasil JACQUELINE CANALI DOS SANTOS, matrícula SiapeCad nº 00016280, para exercer a Função Gratificada de Chefe da Equipe de Gestão de Pessoas 1 - EGP1 da Alfândega da Receita Federal do Brasil em Porto Alegre (RS), Código FG-1.</p><p>Nº 5.509 Designar o Auditor-Fiscal da Receita Federal do Brasil RICARDO LEAL PRATES DE SANS ZANOTTO, matrícula SiapeCad nº 00015825, para exercer a Função Comissionada do Poder Executivo de Inspetor-Chefe da Receita Federal do Brasil em Aeroporto Internacional Salgado Filho (RS), jurisdição da Alfândega da Receita Federal do Brasil em Porto Alegre (RS), Código FCPE-101.1.</p><p>Nº 5.510 Designar o Auditor-Fiscal da Receita Federal do Brasil CESAR FRANCISCO MANJABOSCO, matrícula SiapeCad nº 00015843, para exercer o encargo de Substituto Eventual do Inspetor-Chefe da Receita Federal do Brasil em Aeroporto Internacional Salgado Filho (RS), jurisdição da Alfândega da Receita Federal do Brasil em Porto Alegre (RS), Código FCPE-101.1.</p><p>Nº 5.511 Designar o Auditor-Fiscal da Receita Federal do Brasil CESAR FRANCISCO MANJABOSCO, matrícula SiapeCad nº 00015843, para exercer a Função Gratificada de Chefe da Seção de Administração Aduaneira - Saana da Inspetoria da Receita Federal do Brasil no Aeroporto Internacional Salgado Filho (RS), jurisdição da Alfândega da Receita Federal do Brasil em Porto Alegre (RS), Código FG-1.</p><p>Nº 5.512 Designar o Auditor-Fiscal da Receita Federal do Brasil ERNO EDISON DA CUNHA, matrícula SiapeCad nº 00028152, para exercer a Função Gratificada de Chefe da Seção de Vigilância Aduaneira - Savig da Inspetoria da Receita Federal do Brasil no Aeroporto Internacional Salgado Filho (RS), jurisdição da Alfândega da Receita Federal do Brasil em Porto Alegre (RS), Código FG-1.</p><p>Nº 5.513 Designar o Auditor-Fiscal da Receita Federal do Brasil MILTON SANTOS OLIVEIRA, matrícula SiapeCad nº 00016647, para exercer a Função Gratificada de Chefe da Equipe Aduaneira 1 - EAD1 da Inspetoria da Receita Federal do Brasil no Aeroporto Internacional Salgado Filho (RS), jurisdição da Alfândega da Receita Federal do Brasil em Porto Alegre (RS), Código FG-2.</p><p>Nº 5.514 Designar o Auditor-Fiscal da Receita Federal do Brasil ANDERSON ZANG BORBA, matrícula SiapeCad nº 01292459, para exercer a Função Gratificada de Chefe da Equipe de Vigilância e Repressão 1 - EVR1 da Inspetoria da Receita Federal do Brasil no Aeroporto Internacional Salgado Filho (RS), jurisdição da Alfândega da Receita Federal do Brasil em Porto Alegre (RS), Código FG-2.</p><p>Nº 5.515 Designar a Auxiliar Operacional de Serviços Diversos TERESINHA DE JESUS DA SILVA, matrícula SiapeCad nº 00011187, para exercer a Função Gratificada de Chefe da Equipe de Gestão Corporativa 1 - EGC1 da Inspetoria da Receita Federal do Brasil no Aeroporto Internacional Salgado Filho (RS), jurisdição da Alfândega da Receita Federal do Brasil em Porto Alegre (RS), Código FG-2.</p><p>Nº 5.516 Nomear o Auditor-Fiscal da Receita Federal do Brasil ADILSON VALENTE, matrícula SiapeCad nº 00066109, para exercer o cargo em comissão de Delegado da Alfândega da Receita Federal do Brasil em Santana do Livramento (RS), Código DAS-101.2.</p><p>Nº 5.517 Designar o Auditor-Fiscal da Receita Federal do Brasil FABIANO HEIJI PARANAIBA GOTO, matrícula SiapeCad nº 01291543, para exercer o encargo de Substituto Eventual do Delegado da Alfândega da Receita Federal do Brasil em Santana do Livramento (RS), Código DAS-101.2.</p><p>Nº 5.518 Designar o Auditor-Fiscal da Receita Federal do Brasil FABIANO HEIJI PARANAIBA GOTO, matrícula SiapeCad nº 01291543, para exercer a Função Gratificada de Delegado Adjunto da Alfândega da Receita Federal do Brasil em Santana do Livramento (RS), Código FG-1.</p><p>Nº 5.519 Designar o Auditor-Fiscal da Receita Federal do Brasil EDUARDO ROSSI MIELKE, matrícula SiapeCad nº 01570926, para exercer a Função Gratificada de Chefe do Setor de Assessoramento Técnico Aduaneiro - Soata da Alfândega da Receita Federal do Brasil em Santana do Livramento (RS), Código FG-2.</p><p>Nº 5.520 Designar o Auditor-Fiscal da Receita Federal do Brasil DAVID CUREAU CERVO, matrícula SiapeCad nº 01492843, para exercer a Função Gratificada de Chefe da Seção de Despacho Aduaneiro - Sadad da Alfândega da Receita Federal do Brasil em Santana do Livramento (RS), Código FG-1.</p><p>Nº 5.521 Designar o Analista-Tributário da Receita Federal do Brasil EDGAR PEREIRA MACIEL, matrícula SiapeCad nº 00057790, para exercer a Função Gratificada de Chefe da Seção de Programação e Logística - Sapol da Alfândega da Receita Federal do Brasil em Santana do Livramento (RS), Código FG-1.</p><p>Nº 5.522 Designar o Analista-Tributário da Receita Federal do Brasil CLAITON DE AVILA BORGES, matrícula SiapeCad nº 00087498, para exercer a Função Gratificada de Chefe da Seção de Tecnologia e Segurança da Informação - Satec da Alfândega da Receita Federal do Brasil em Santana do Livramento (RS), Código FG-1.</p><p>Nº 5.523 Designar o Analista-Tributário da Receita Federal do Brasil LUIS ROBERTO PRATES DE CAMPOS, matrícula SiapeCad nº 00016127, para exercer a Função Gratificada de Chefe do Centro de Atendimento ao Contribuinte - CAC da Alfândega da Receita Federal do Brasil em Santana do Livramento (RS), Código FG-2.</p><p>Nº 5.524 Designar o Auditor-Fiscal da Receita Federal do Brasil PAULO ROBERTO FOGACA, matrícula SiapeCad nº 00007175, para exercer a Função Gratificada de Chefe da Equipe Aduaneira 1 - EAD1 da Alfândega da Receita Federal do Brasil em Santana do Livramento (RS), Código FG-2.</p><p>Nº 5.525 Designar a Auditora-Fiscal da Receita Federal do Brasil ROSANA VELASCO PUGGI, matrícula SiapeCad nº 00014199, para exercer a Função Gratificada de Chefe da Equipe Aduaneira 2 - EAD2 da Alfândega da Receita Federal do Brasil em Santana do Livramento (RS), Código FG-2.</p><p>Nº 5.526 Designar o Analista-Tributário da Receita Federal do Brasil STEFANO GROSSO FELICE, matrícula SiapeCad nº 01588230, para exercer a Função Gratificada de Chefe da Equipe de Logística 1 - ELG1 da Alfândega da Receita Federal do Brasil em Santana do Livramento (RS), Código FG-3.</p><p>Nº 5.527 Nomear o Auditor-Fiscal da Receita Federal do Brasil CLAUDIO AFONSO JAUREGUY MONTANO, matrícula SiapeCad nº 00803708, para exercer o cargo em comissão de Delegado da Alfândega da Receita Federal do Brasil em Uruguaiana (RS), Código DAS-101.3.</p><p>Nº 5.528 Designar o Auditor-Fiscal da Receita Federal do Brasil WILSIMAR GARCIA JUNIOR, matrícula SiapeCad nº 01814944, para exercer o encargo de Substituto Eventual do Delegado da Alfândega da Receita Federal do Brasil em Uruguaiana (RS), Código DAS-101.3.</p><p>Nº 5.529 Designar o Auditor-Fiscal da Receita Federal do Brasil WILSIMAR GARCIA JUNIOR, matrícula SiapeCad nº 01814944, para exercer a Função Comissionada do Poder Executivo de Delegado Adjunto da Alfândega da Receita Federal do Brasil em Uruguaiana (RS), Código FCPE-101.2.</p><p>Nº 5.530 Designar o Auditor-Fiscal da Receita Federal do Brasil OTMAR WEIRICH NETO, matrícula SiapeCad nº 01492064, para exercer a Função Gratificada de Chefe da Seção de Assessoramento Técnico Aduaneiro - Saata da Alfândega da Receita Federal do Brasil em Uruguaiana (RS), Código FG-1.</p><p>Nº 5.531 Designar o Auditor-Fiscal da Receita Federal do Brasil GIULIO CERVO RECHIA, matrícula SiapeCad nº 01293619, para exercer a Função Comissionada do Poder Executivo de Chefe do Serviço de Despacho Aduaneiro - Sedad da Alfândega da Receita Federal do Brasil em Uruguaiana (RS), Código FCPE-101.1.</p><p>Nº 5.532 Designar o Auditor-Fiscal da Receita Federal do Brasil ALEXANDRE ZORZO RIGHES, matrícula SiapeCad nº 01951007, para exercer o encargo de Substituto Eventual do Chefe do Serviço de Despacho Aduaneiro - Sedad da Alfândega da Receita Federal do Brasil em Uruguaiana (RS), Código FCPE-101.1.</p><p>Nº 5.533 Designar o Auditor-Fiscal da Receita Federal do Brasil RENATO TERROSO LOPES, matrícula SiapeCad nº 01571094, para exercer a Função Comissionada do Poder Executivo de Chefe do Serviço de Conferência de Bagagem - Sebag da Alfândega da Receita Federal do Brasil em Uruguaiana (RS), Código FCPE-101.1.</p><p>Nº 5.534 Designar o Auditor-Fiscal da Receita Federal do Brasil CESAR AUGUSTO GOMES, matrícula SiapeCad nº 02005697, para exercer o encargo de Substituto Eventual do Chefe do Serviço de Conferência de Bagagem - Sebag da Alfândega da Receita Federal do Brasil em Uruguaiana (RS), Código FCPE-101.1.</p><p>Nº 5.535 Designar o Auditor-Fiscal da Receita Federal do Brasil RICARDO LEITE LEAL, matrícula SiapeCad nº 01879629, para exercer a Função Gratificada de Chefe da Seção de Controle de Carga e Trânsito Aduaneiro - Sacta da Alfândega da Receita Federal do Brasil em Uruguaiana (RS), Código FG-1.</p><p>Nº 5.536 Designar o Auditor-Fiscal da Receita Federal do Brasil DIEGO DE BORBA BARBOSA, matrícula SiapeCad nº 01421961, para exercer a Função Gratificada de Chefe da Seção de Procedimentos Especiais Aduaneiros - Sapea da Alfândega da Receita Federal do Brasil em Uruguaiana (RS), Código FG-1.</p><p>Nº 5.537 Designar o Auditor-Fiscal da Receita Federal do Brasil DYONATHANN PADOIN, matrícula SiapeCad nº 01324017, para exercer a Função Comissionada do Poder Executivo de Chefe do Serviço de Vigilância Aduaneira - Sevig da Alfândega da Receita Federal do Brasil em Uruguaiana (RS), Código FCPE-101.1.</p><p>Nº 5.538 Designar o Auditor-Fiscal da Receita Federal do Brasil ALEXANDRE ZORZO RIGHES, matrícula SiapeCad nº 01951007, para exercer a Função Gratificada de Chefe da Seção de Gestão de Riscos Aduaneiros - Sarad da Alfândega da Receita Federal do Brasil em Uruguaiana (RS), Código FG-1.</p><p>Nº 5.539 Designar o Analista-Tributário da Receita Federal do Brasil VALTER JOSE GOMES DE MEDEIROS, matrícula SiapeCad nº 00015415, para exercer a Função Comissionada do Poder Executivo de Chefe do Serviço de Gestão Corporativa - Secor da Alfândega da Receita Federal do Brasil em Uruguaiana (RS), Código FCPE-101.1.</p><p>Nº 5.540 Designar o Assistente Técnico-Administrativo ROBERTO LUIZ KIST, matrícula SiapeCad nº 01973679, para exercer o encargo de Substituto Eventual do Chefe do Serviço de Gestão Corporativa - Secor da Alfândega da Receita Federal do Brasil em Uruguaiana (RS), Código FCPE-101.1.</p><p>Nº 5.541 Designar a Analista-Tributário da Receita Federal do Brasil ELIS TEREZINHA ALVES VICOSA, matrícula SiapeCad nº 00011111, para exercer a Função Gratificada de Chefe da Seção de Programação e Logística - Sapol da Alfândega da Receita Federal do Brasil em Uruguaiana (RS), Código FG-1.</p><p>Nº 5.542 Designar a Analista-Tributário da Receita Federal do Brasil PATRICIA BIANCHI MACHADO, matrícula SiapeCad nº 01130586, para exercer a Função Gratificada de Chefe da Seção de Tecnologia e Segurança da Informação - Satec da Alfândega da Receita Federal do Brasil em Uruguaiana (RS), Código FG-1.</p><p>Nº 5.543 Designar a Analista-Tributário da Receita Federal do Brasil ADRIANA ANTUNES DE SOUZA, matrícula SiapeCad nº 00019724, para exercer a Função Gratificada de Chefe da Seção de Gestão de Pessoas - Sagep da Alfândega da Receita Federal do Brasil em Uruguaiana (RS), Código FG-1.</p><p>Nº 5.544 Designar a Analista-Tributário da Receita Federal do Brasil MARIA ISABEL MAINARDI FAN, matrícula SiapeCad nº 00011207, para exercer a Função Gratificada de Chefe do Centro de Atendimento ao Contribuinte - CAC da Alfândega da Receita Federal do Brasil em Uruguaiana (RS), Código FG-1.</p><p>Nº 5.545 Designar o Auditor-Fiscal da Receita Federal do Brasil MAKIX BORONSCKI FERREIRA, matrícula SiapeCad nº 01399774, para exercer a Função Gratificada de Chefe da Equipe Aduaneira 1 - EAD1 da Alfândega da Receita Federal do Brasil em Uruguaiana (RS), Código FG-2.</p><p>Nº 5.546 Designar o Analista-Tributário da Receita Federal do Brasil JOAO ALBERTO DE SOUZA SILVEIRA, matrícula SiapeCad nº 00015610, para exercer a Função Gratificada de Chefe da Equipe Aduaneira 2 - EAD2 da Alfândega da Receita Federal do Brasil em Uruguaiana (RS), Código FG-2.</p><p>Nº 5.547 Designar a Auditora-Fiscal da Receita Federal do Brasil MARIA DO HORTO DE LIMA TRINDADE SILVA, matrícula SiapeCad nº 00015416, para exercer a Função Gratificada de Chefe da Equipe Aduaneira 3 - EAD3 da Alfândega da Receita Federal do Brasil em Uruguaiana (RS), Código FG-2.</p><p>Nº 5.548 Designar a Auditora-Fiscal da Receita Federal do Brasil VIVIAN TORRES SIMAO, matrícula SiapeCad nº 01570882, para exercer a Função Gratificada de Chefe da Equipe Aduaneira 5 - EAD5 da Alfândega da Receita Federal do Brasil em Uruguaiana (RS), Código FG-1.</p><p>Nº 5.549 Designar a Auditora-Fiscal da Receita Federal do Brasil CAMILLA LANZNASTER, matrícula SiapeCad nº 01950971, para exercer a Função Gratificada de Chefe da Equipe Aduaneira 6 - EAD6 da Alfândega da Receita Federal do Brasil em Uruguaiana (RS), Código FG-1.</p><p>Nº 5.550 Designar o Analista-Tributário da Receita Federal do Brasil ALFREDO CRUZ SIQUEIRA, matrícula SiapeCad nº 00013758, para exercer a Função Gratificada de Agente da Receita Federal do Brasil em Barra do Quaraí (RS), jurisdição da Alfândega da Receita Federal do Brasil em Uruguaiana (RS), Código FG-1.</p><p>Nº 5.551 Designar o Auditor-Fiscal da Receita Federal do Brasil CLAITON MEYER, matrícula SiapeCad nº 01292113, para exercer a Função Gratificada de Inspetor-Chefe da Receita Federal do Brasil em Itaqui (RS), jurisdição da Alfândega da Receita Federal do Brasil em Uruguaiana (RS), Código FG-1.</p><p>Nº 5.552 Designar o Auditor-Fiscal da Receita Federal do Brasil ELCIO FERRETTO DA SILVA, matrícula SiapeCad nº 01815417, para exercer a Função Gratificada de Inspetor-Chefe da Receita Federal do Brasil em Quaraí (RS), jurisdição da Alfândega da Receita Federal do Brasil em Uruguaiana (RS), Código FG-1.</p><p>Nº 5.553 Designar o Auditor-Fiscal da Receita Federal do Brasil FABIO LEMES BARROS, matrícula SiapeCad nº 01654968, para exercer a Função Comissionada do Poder Executivo de Inspetor-Chefe da Receita Federal do Brasil em São Borja (RS), jurisdição da Alfândega da Receita Federal do Brasil em Uruguaiana (RS), Código FCPE-101.1.</p><p>Nº 5.554 Designar o Auditor-Fiscal da Receita Federal do Brasil RINALDO DE OLIVEIRA SILVEIRA, matrícula SiapeCad nº 01810950, para exercer o encargo de Substituto Eventual do Inspetor-Chefe da Receita Federal do Brasil em São Borja (RS), jurisdição da Alfândega da Receita Federal do Brasil em Uruguaiana (RS), Código FCPE-101.1.</p><p>Nº 5.555 Designar o Auditor-Fiscal da Receita Federal do Brasil RINALDO DE OLIVEIRA SILVEIRA, matrícula SiapeCad nº 01810950, para exercer a Função Gratificada de Chefe da Seção de Administração Aduaneira - Saana da Inspetoria da Receita Federal do Brasil em São Borja (RS), jurisdição da Alfândega da Receita Federal do Brasil em Uruguaiana (RS), Código FG-1.</p><p>Nº 5.556 Designar o Analista-Tributário da Receita Federal do Brasil JORGE RIBEIRO DOS SANTOS, matrícula SiapeCad nº 00010867, para exercer a Função Gratificada de Chefe da Equipe Aduaneira 1 - EAD1 da Inspetoria da Receita Federal do Brasil em São Borja (RS), jurisdição da Alfândega da Receita Federal do Brasil em Uruguaiana (RS), Código FG-3.</p>]]></Texto>
    <Autores>
      <assina>JORGE ANTONIO DEHER RACHID</assina>
    </Autores>
  </body>
</article></xml>