﻿<xml><article id="964057" name="CGGPPORT Nº 279" idOficio="4626003" pubName="DO2" artType="Portaria" pubDate="02/01/2018" artClass="00011:00002:00016:00025:00000:00000:00000:00000:00000:00000:00025:00001" artSection="Coordenação-Geral de Gestão de Pessoas" artCategory="Coordenação-Geral de Gestão de Pessoas" artSize="8" artNotes="" numberPage="14" pdfPage="http://pesquisa.in.gov.br/imprensa/jsp/visualiza/index.jsp?data=02/01/2018&amp;jornal=529&amp;pagina=14" editionNumber="1">
  <body>
    <Identifica><![CDATA[PORTARIA Nº 279, DE 28 DE DEZEMBRO DE 2017]]></Identifica>
    <Data><![CDATA[]]></Data>
    <Ementa />
    <Titulo />
    <SubTitulo />
    <Texto><![CDATA[<p> A COORDENADORA-GERAL DE GESTÃO DE PESSOAS/SUBSTITUTA DA SUBSECRETARIA DE ASSUNTOS ADMINISTRATIVOS DO MINISTÉRIO DA EDUCAÇÃO, usando da competência que lhe foi subdelegada pela Portaria nº 96, de 30 de abril de 2003, publicada no Diário Oficial de 02 de maio de 2003, e tendo em vista o que consta do processo nº 23000.046909/2017-66, resolve:</p><p>Conceder aposentadoria à servidora SÔNIA MARIA DOMINGOS, matrícula nº 0041213, ocupante do cargo de Auxiliar em Assuntos Educacionais, classe S, padrão III, do Quadro de Pessoal deste Ministério, fundamentada no artigo 3º da Emenda Constitucional nº 47/2005, acrescida da vantagem do artigo 62-A da Lei nº 8.112/1990.</p>]]></Texto>
    <Autores>
      <assina>LUANNA ARAÚJO DE CARVALHO</assina>
    </Autores>
  </body>
</article></xml>