﻿<xml><article id="965000" name="Portarias 29.12.2017 - PORTARIAS" idOficio="4626086" pubName="DO2" artType="Portaria" pubDate="02/01/2018" artClass="00011:00073:00001:00001:00000:00000:00000:00000:00000:00000:00025:00002" artSection="Gabinete" artCategory="Gabinete" artSize="8" artNotes="" numberPage="26" pdfPage="http://pesquisa.in.gov.br/imprensa/jsp/visualiza/index.jsp?data=02/01/2018&amp;jornal=529&amp;pagina=26" editionNumber="1">
  <body>
    <Identifica><![CDATA[Portarias de 28 de dezembro de 2017]]></Identifica>
    <Data><![CDATA[]]></Data>
    <Ementa />
    <Titulo />
    <SubTitulo />
    <Texto><![CDATA[<p> </p><p> O Reitor em exercício do Instituto Federal do Paraná, no uso da competência que lhe confere a Portaria nº 357 de 27/03/2017, publicada no Diário Oficial da União no dia 28/03/2017, seção 2, página 26, resolve,</p><p>Nº 1.701 - Dispensar, a pedido, THIAGO BORBA DOS SANTOS, SIAPE nº 2107467, Auxiliar em Administração, da função de Chefe da Seção de Procedimentos Disciplinares, FG-01, do Gabinete do Reitor, a partir da publicação no DOU.</p><p>Nº 1.702 - Art 1º  Designar, SIMONE BLOCK SAMULEWSKI STEVENS, SIAPE nº 1896860, Assistente em Administração, para exercer a função de Chefe de Seção de Procedimentos Disciplinares, FG-01, do Gabinete do Reitor, cargo autorizado pela Portaria do Ministério da Educação nº 136 de 06/02/2009, publicada no DOU de 09/02/2009, seção I, página 10. Art 2º  A mencionada servidora cumprirá, obrigatoriamente, o regime de trabalho de tempo integral, de acordo com o disposto no § 5º, artigo 1º da Lei nº 8.168/91. Art 3º  Esta Portaria tem efeitos a partir da sua publicação no DOU.</p>]]></Texto>
    <Autores>
      <assina>CELSO LUIZ BUIAR</assina>
    </Autores>
  </body>
</article></xml>