﻿<xml><article id="965635" name="CORREIO ELETRONICO PROGEP - 29.1" idOficio="4626193" pubName="DO2" artType="Portaria" pubDate="02/01/2018" artClass="00011:00104:00001:00722:00000:00000:00000:00000:00000:00000:00025:00001" artSection="Pró-Reitoria de Gestão de Pessoas e do Trabalho" artCategory="Pró-Reitoria de Gestão de Pessoas e do Trabalho" artSize="8" artNotes="" numberPage="30" pdfPage="http://pesquisa.in.gov.br/imprensa/jsp/visualiza/index.jsp?data=02/01/2018&amp;jornal=529&amp;pagina=30" editionNumber="1">
  <body>
    <Identifica><![CDATA[PORTARIA Nº 1.277, DE 28 DE DEZEMBRO DE 2017]]></Identifica>
    <Data><![CDATA[]]></Data>
    <Ementa />
    <Titulo />
    <SubTitulo />
    <Texto><![CDATA[<p> </p><p> O PRÓ-REITOR EM EXERCÍCIO DE GESTÃO DE PESSOAS E DO TRABALHO DA UNIVERSIDADE FEDERAL DE ALAGOAS, no uso das atribuições legais contidas na Delegação de Competência constante da Port. 116/GR, de 04/03/08, e tendo em vista o que consta no Proc. nº 23065.043766/17-86, resolve:</p><p>Autorizar a contratação de JOSÉ BARBOZA NETO, habilitado (a) em concurso público de provas e títulos, vaga para ampla concorrência, para prestar serviços a esta Universidade como Professor (a) Substituto (a), Auxiliar, em regime de 40 (quarenta) horas semanais de trabalho, a ser lotado (a) no (a) CAMPUS DO SERTÃO / SANTANA DO IPANEMA, com vigência, inicialmente, de 08/01/18 até 04/06/18, nos termos do art. 2º, § 1º, da Lei nº 8.745/93.</p>]]></Texto>
    <Autores>
      <assina>FAUSTINO FRANCISCO DOS SANTOS JUNIOR</assina>
    </Autores>
  </body>
</article></xml>