﻿<xml><article id="962807" name="EXTRATO PORTARIA DOU RITA DE CÁS" idOficio="4625895" pubName="DO2" artType="Portaria" pubDate="02/01/2018" artClass="00017:00002:00013:00001:00002:00000:00000:00000:00000:00000:00025:00001" artSection="Seção de Administração" artCategory="Seção de Administração" artSize="8" artNotes="" numberPage="118" pdfPage="http://pesquisa.in.gov.br/imprensa/jsp/visualiza/index.jsp?data=02/01/2018&amp;jornal=529&amp;pagina=118" editionNumber="1">
  <body>
    <Identifica><![CDATA[PORTARIA N° 592, de 29 DE DEZEMBRO DE 2017]]></Identifica>
    <Data><![CDATA[]]></Data>
    <Ementa />
    <Titulo />
    <SubTitulo />
    <Texto><![CDATA[<p> </p><p> O Chefe do Substituto do Serviço de Gestão Administrativa do Núcleo Estadual do Ministério da Saúde em Alagoas, no uso de suas atribuições, resolve:</p><p>I - Conceder Aposentadoria Voluntaria por Idade e Tempo de Contribuição, com fundamento legal no artigo 3º, da EC nº 47/05, à servidora RITA DE CÁSSIA PELLIGRINO FÉRRER, no Cargo de Enfermeira, Matrícula nº 602894, Nível Superior, Classe S, Padrão III, do Quadro de Pessoal do Ministério da Saúde em Alagoas, com os proventos integrais, acrescidos das demais vantagens a que fizer jus.</p><p>II - Declarar vago o referido Cargo.</p><p>(Processo n.º 25020.400936/2017-86)</p><p> </p>]]></Texto>
    <Autores>
      <assina>Denys Dantas de Almeida</assina>
    </Autores>
  </body>
</article></xml>