﻿<xml><article id="961797" name="PORTARIAS 27 DEZ 17" idOficio="4623437" pubName="DO2" artType="Portaria" pubDate="02/01/2018" artClass="00011:00127:00001:00001:00000:00000:00000:00000:00000:00000:00025:00001" artSection="Gabinete do Reitor" artCategory="Gabinete do Reitor" artSize="8" artNotes="" numberPage="34" pdfPage="http://pesquisa.in.gov.br/imprensa/jsp/visualiza/index.jsp?data=02/01/2018&amp;jornal=529&amp;pagina=34" editionNumber="1">
  <body>
    <Identifica><![CDATA[PORTARIAS DE 27 DE DEZEMBRO DE 2017]]></Identifica>
    <Data><![CDATA[]]></Data>
    <Ementa />
    <Titulo />
    <SubTitulo />
    <Texto><![CDATA[<p> O REITOR DA UNIVERSIDADE FEDERAL DO RECÔNCAVO DA BAHIA, no uso de suas atribuições legais e estatutárias, com fundamento no § 6º do art. 13 da Lei nº 8.112, de 11/12/1990, resolve:</p><p>N° 1.166 - Tornar sem efeito a Portaria nº 998, de 08 de novembro de 2017, publicada no Diário Oficial da União nº 219, Seção 2, página 32, de 16 de novembro de 2017, que efetivou a nomeação de FABRÍCIO ANUNCIAÇÃO DOS SANTOS para ocupar o cargo de Assistente em Administração, Grupo/Cargo 701200, Nível Intermediário, Classe D, Nível de Capacitação I, Padrão 01, em regime de 40 (quarenta) horas semanais, na vaga de código n° 0217639, em virtude de não comparecimento para a posse no prazo legal. </p><p>N° 1.167 - Tornar sem efeito a Portaria nº 871, de 03 de outubro de 2017, publicada no Diário Oficial da União nº 192, Seção 2, página 32, de 05 de outubro de 2017, que efetivou a nomeação de PAULA CRISTINA MENEZES SÁ para o cargo de Tecnólogo/Gestão Pública, Grupo/Cargo 701081, Nível Superior, Classe E, Nível de Capacitação I, Padrão 01, em regime de 40 (quarenta) horas semanais, na vaga de código n° 0337730, em virtude de não comparecimento para a posse no prazo legal. </p><p>O REITOR DA UNIVERSIDADE FEDERAL DO RECÔNCAVO DA BAHIA, no uso de suas atribuições legais e estatutárias, considerando o que dispõem o inciso I do art. 9° e o art. 10 da Lei nº 8.112, de 11/12/1990, o art. 9° da Lei nº 11.091, de 12/01/2005, o art. 2° do Decreto nº 7.232, de 19/07/2010, e a Portaria Interministerial nº 316, de 09/10/2017, resolve:</p><p>N° 1.168 - Nomear, em caráter efetivo, os candidatos abaixo relacionados, habilitados em Concurso Público de Provas objeto do Edital n° 01/2014, publicado no DOU de 15/12/2014, com resultado homologado através da Portaria nº 444, publicada no DOU de 11/05/2015, e prazo de validade prorrogado pela Portaria n° 384, publicada no DOU de 10/05/2017, para ocupar os respectivos cargos.</p><p>Tecnólogo/Gestão Pública, Grupo/Cargo 701081, Nível Superior, Classe E, Nível de Capacitação I, Padrão 01, em regime de 40 (quarenta) horas semanais</p><p> </p><table><tr /><tr><td><p>CANDIDATO</p></td><td><p>CÓDIGO DE VAGA</p></td></tr><tr><td><p><strong>IRACI DAS MERCES MOREIRA</strong></p></td><td><p><strong>0337730</strong></p></td></tr></table><p>Técnico de Tecnologia da Informação, Grupo/Cargo 701226, Nível Intermediário, Classe D, Nível de Capacitação I, Padrão 01, em regime de 40 (quarenta) horas semanais</p><p> </p><table><tr /><tr><td><p>CANDIDATO</p></td><td><p>CÓDIGO DE VAGA</p></td></tr><tr><td><p><strong>VAGNER MARCELO RAMOS SANTOS*</strong></p></td><td><p><strong>0904248</strong></p></td></tr></table><p>* Vaga reservada para candidatos Negros</p><p>A posse dos nomeados deverá ocorrer no prazo de 30 (trinta) dias, contados da publicação desta Portaria no Diário Oficial da União, conforme determina o § 1º do art. 13 da Lei nº 8.112/1990.</p><p>O REITOR DA UNIVERSIDADE FEDERAL DO RECÔNCAVO DA BAHIA, no uso de suas atribuições legais e estatutárias, considerando o que dispõem o inciso I do art. 9º e o art. 10 da Lei nº 8.112, de 11/12/1990, o art. 8º da Lei nº 12.772, de 28/12/2012, o art. 7° do Decreto nº 7.485, de 18/05/2011, e a Portaria Interministerial n° 316, de 09/10/2017, resolve:</p><p>N° 1.170 - Nomear, em caráter efetivo, os candidatos abaixo relacionados, habilitados em Concurso Público de Provas e Títulos objeto do Edital n° 06/2016, publicado no DOU de 17/06/2016, com resultado homologado através da Portaria nº 1.105, publicada no DOU de 11/12/2017. </p><p>FABIAN SÁ, para ocupar o cargo de Professor do Magistério Superior, Classe A, Adjunto A, Nível 1, em regime de Dedicação Exclusiva, matéria Geologia Geral com ênfase em Sedimentologia, com lotação no Centro de Cultura, Linguagens e Tecnologias Aplicadas desta Universidade, na vaga de código nº 0930651. </p><p>GUSTAVO LUIS SCHACHT, para ocupar o cargo de Professor do Magistério Superior, Classe A, Adjunto A, Nível 1, em regime de Dedicação Exclusiva, matéria Geografia Física com ênfase em Biogeografia, com lotação no Centro de Cultura, Linguagens e Tecnologias Aplicadas desta Universidade, na vaga de código nº 0926789. </p><p>ISABEL CRISTINA MORAES, para ocupar o cargo de Professor do Magistério Superior, Classe A, Assistente A, Nível 1, em regime de Dedicação Exclusiva, matéria Geografia Física com ênfase em Sensoriamento Remoto, com lotação no Centro de Cultura, Linguagens e Tecnologias Aplicadas desta Universidade, na vaga de código nº 0930654. </p><p>LINA MARIA HURTADO GOMEZ, para ocupar o cargo de Professor do Magistério Superior, Classe A, Adjunto A, Nível 1, em regime de Dedicação Exclusiva, matéria Geografia Humana com ênfase em Geografia Econômica, com lotação no Centro de Cultura, Linguagens e Tecnologias Aplicadas desta Universidade, na vaga de código nº 0930655. </p><p>NIELSON MACHADO DOS SANTOS, para ocupar o cargo de Professor do Magistério Superior, Classe A, Adjunto A, Nível 1, em regime de Dedicação Exclusiva, matéria Geologia com ênfase em Pedologia, com lotação no Centro de Cultura, Linguagens e Tecnologias Aplicadas desta Universidade, na vaga de código nº 0930652. </p><p>ROGERIO DE JESUS PORCIUNCULA, para ocupar o cargo de Professor do Magistério Superior, Classe A, Assistente A, Nível 1, em regime de Dedicação Exclusiva, matéria Física com ênfase em Geofísica, com lotação no Centro de Cultura, Linguagens e Tecnologias Aplicadas desta Universidade, na vaga de código nº 0930656. </p><p>VINICIUS MACHADO ROCHA, para ocupar o cargo de Professor do Magistério Superior, Classe A, Adjunto A, Nível 1, em regime de Dedicação Exclusiva, matéria Geografia com ênfase em Meteorologia, com lotação no Centro de Cultura, Linguagens e Tecnologias Aplicadas desta Universidade, na vaga de código nº 0931227. </p><p>A posse dos nomeados deverá ocorrer no prazo de 30 (trinta) dias, contados da publicação desta Portaria no Diário Oficial da União, conforme determina o § 1º do art. 13 da Lei nº 8.112/1990.</p><p>  </p>]]></Texto>
    <Autores>
      <assina>Silvio Luiz de Oliveira Soglia</assina>
    </Autores>
  </body>
</article></xml>