﻿<xml><article id="964173" name="MARCIO ALEXANDRE - CARLOS JORGE " idOficio="4626017" pubName="DO2" artType="Portaria" pubDate="02/01/2018" artClass="00017:00004:00007:00001:00000:00000:00000:00000:00000:00000:00025:00003" artSection="Presidência/ANS" artCategory="Presidência/ANS" artSize="8" artNotes="" numberPage="119" pdfPage="http://pesquisa.in.gov.br/imprensa/jsp/visualiza/index.jsp?data=02/01/2018&amp;jornal=529&amp;pagina=119" editionNumber="1">
  <body>
    <Identifica><![CDATA[Portarias de 27 de dezembro de 2017]]></Identifica>
    <Data><![CDATA[]]></Data>
    <Ementa />
    <Titulo />
    <SubTitulo />
    <Texto><![CDATA[<p> </p><p> O DIRETOR-PRESIDENTE SUBSTITUTO DA AGÊNCIA NACIONAL DE SAÚDE SUPLEMENTAR, no uso das atribuições que lhe confere o inciso VI do art. 11 do Regulamento aprovado pelo Decreto n.º 3.327, de 5 de janeiro de 2000, resolve:</p><p>Nº 9.475 Nomear o servidor MARCIO ALEXANDRE DA SILVA MENDONCA, Matrícula SIAPE nº 1669628, CPF nº 015.831.857-98, para exercer o Cargo Comissionado Técnico, CCT III, na Assessoria de Sistemas - ASSIS, na Diretoria-Adjunta, DIRAD, da Diretoria de Fiscalização - DIFIS, ficando exonerado do Cargo Comissionado Técnico, CCT IV, da Assessoria de Sistemas - ASSIS/DIRAD/DIFIS, que atualmente ocupa.</p><p>Nº 9.476 Nomear o servidor CARLOS JORGE DA COSTA BARBOSA, matrícula SIAPE nº 1066261, CPF nº 818.953.137-91, para exercer o Cargo Comissionado Técnico, CCT IV, na Assessoria de Sistemas - ASSIS, na Diretoria-Adjunta, DIRAD, da Diretoria de Fiscalização - DIFIS, ficando exonerado do Cargo Comissionado Técnico, CCT III, da Assessoria de Sistemas - ASSIS/DIRAD/DIFIS, que atualmente ocupa.</p><p> </p>]]></Texto>
    <Autores>
      <assina>LEANDRO FONSECA DA SILVA</assina>
    </Autores>
  </body>
</article></xml>