﻿<xml><article id="965445" name="PT 178 LONDRINA" idOficio="4626168" pubName="DO2" artType="Portaria" pubDate="02/01/2018" artClass="00022:00029:00241:00015:00033:00000:00000:00000:00000:00000:00025:00007" artSection="Seção Operacional da Gestão de Pessoas" artCategory="Seção Operacional da Gestão de Pessoas" artSize="8" artNotes="" numberPage="129" pdfPage="http://pesquisa.in.gov.br/imprensa/jsp/visualiza/index.jsp?data=02/01/2018&amp;jornal=529&amp;pagina=129" editionNumber="1">
  <body>
    <Identifica><![CDATA[PORTARIA Nº 178, DE 29 DE DEZEMBRO DE 2017]]></Identifica>
    <Data><![CDATA[]]></Data>
    <Ementa />
    <Titulo />
    <SubTitulo />
    <Texto><![CDATA[<p> </p><p> A Chefe da Seção Operacional da Gestão de Pessoas da Gerência Executiva Londrina, no uso das atribuições que lhe confere o art. 235 do regimento interno do INSS, aprovado pela portaria MDS n° 414, publicado no DOU extra n° 188 de 29/09/2017, resolve:</p><p> </p><p>Cessar os efeitos a partir de 01/01/2018 da Portaria INSS/DRH nº 05 de fevereiro de 2003, publicada no DOU nº 37 de 20 de fevereiro de 2003, de concessão de aposentadoria voluntária com proventos integrais de acordo com o disposto no art. 40 , inciso III, alínea "a" da Constituição Federal c/c art. 3º da emenda constitucional nº 20/98 a ex -servidora FUMICO CECILIA KISHINO OKABE, portadora do CPF nº 579.057.899-34, matrícula 0570329, ocupante do cargo de agente administrativo, Classe "S", padrão III, tendo em vista acórdão do Tribunal de Contas da União 9608/2017, Segunda Câmara, em Sessão de 07/11/2017 - Processo TC 010.593/2017-9, que decidiu pela recusa do registro do ato de aposentação, por considerá-lo ilegal, não aceitando o tempo de atividade rural não indenizado, assim destacado: 7 anos, 2 meses e 29 dias a título de tempo rural, determinando assim, o retorno da servidora à atividade para completar o requisito temporal para nova aposentadoria. </p><p> </p>]]></Texto>
    <Autores>
      <assina>EDINA MARIA NOVAES</assina>
    </Autores>
  </body>
</article></xml>