﻿<xml><article id="966332" name="RETIFICACAO TARSILA RIBEIRO MARQ" idOficio="4626297" pubName="DO2" artType="Retificação" pubDate="02/01/2018" artClass="00006:00012:00000:00000:00000:00000:00000:00000:00000:00000:00019:00012" artSection="Presidência da República" artCategory="Advocacia-Geral da União" artSize="8" artNotes="" numberPage="3" pdfPage="http://pesquisa.in.gov.br/imprensa/jsp/visualiza/index.jsp?data=02/01/2018&amp;jornal=529&amp;pagina=3" editionNumber="1">
  <body>
    <Identifica><![CDATA[RETIFICAÇÃO]]></Identifica>
    <Data><![CDATA[]]></Data>
    <Ementa />
    <Titulo />
    <SubTitulo />
    <Texto><![CDATA[<p>  Na autorização de Afastamento do País da Procuradora Federal TARSILA RIBEIRO MARQUES FERNANDES, matrícula Siape n° 1585019, publicada na página 3, Seção 2, do Diário Oficial da União nº 21, de 30 de janeiro de 2015, <strong>onde se lê:</strong> "no período de 30 de março de 2015 a 2 de maio de 2018", <strong>leia-se:</strong> "no período de 30 de março de 2015 a 8 de maio de 2018". Em 29 de dezembro de 2017. </p>]]></Texto>
    <Autores />
  </body>
</article></xml>