﻿<xml><article id="962056" name="Portaria Nº 2.022 de 26-12-17" idOficio="4625732" pubName="DO2" artType="Portaria" pubDate="02/01/2018" artClass="00011:00089:00001:00000:00000:00000:00000:00000:00000:00000:00025:00001" artSection="Reitoria" artCategory="Reitoria" artSize="8" artNotes="" numberPage="29" pdfPage="http://pesquisa.in.gov.br/imprensa/jsp/visualiza/index.jsp?data=02/01/2018&amp;jornal=529&amp;pagina=29" editionNumber="1">
  <body>
    <Identifica><![CDATA[PORTARIA Nº 2.022, DE 26 DE DEZEMBRO DE 2017]]></Identifica>
    <Data><![CDATA[]]></Data>
    <Ementa />
    <Titulo />
    <SubTitulo />
    <Texto><![CDATA[<p> </p><p> O Reitor do Instituto Federal de Educação, Ciência e Tecnologia do Triângulo Mineiro, no uso de suas atribuições legais, conferida pelo Decreto Presidencial de 14/12/2015, publicado no DOU de 15/12/2015, Seção 2, Página 1, e Lei nº 11.892 de 29/12/2008, publicada no DOU de 30/12/2008, resolve:</p><p>I - Autorizar o afastamento do país do(a) servidor(a) LUIS FERNANDO TOSTA BARBATO - Professor EBTT, matrícula SIAPE nº 2191385, lotado(a) no Campus Patos de Minas, do quadro permanente do IFTM, para cursar o Pós-Doutorado em História na Vanderbilt University, em Nashville/Estados Unidos, no período de 15/03/2018 a 31/12/2018, com ônus limitado para o IFTM, nos termos do Processo nº 23494.000158/2017-27.</p><p>II - Esta Portaria entra em vigor nesta data.</p><p> </p>]]></Texto>
    <Autores>
      <assina>ROBERTO GIL RODRIGUES ALMEIDA</assina>
    </Autores>
  </body>
</article></xml>