﻿<xml><article id="979063" name="APOSENTADORIA 28.12.2017.3" idOficio="4623968" pubName="DO2" artType="Portaria" pubDate="03/01/2018" artClass="00011:00106:00001:00041:00000:00000:00000:00000:00000:00000:00025:00001" artSection="Coordenação de Gestão de Pessoas" artCategory="Coordenação de Gestão de Pessoas" artSize="8" artNotes="" numberPage="13" pdfPage="http://pesquisa.in.gov.br/imprensa/jsp/visualiza/index.jsp?data=03/01/2018&amp;jornal=529&amp;pagina=13" editionNumber="2">
  <body>
    <Identifica><![CDATA[PORTARIA Nº 1.775, DE 27 DE DEZEMBRO DE 2017]]></Identifica>
    <Data><![CDATA[]]></Data>
    <Ementa />
    <Titulo />
    <SubTitulo />
    <Texto><![CDATA[<p>  </p><p>   A COORDENADORA DE GESTÃO DE PESSOAS DA UNIVERSIDADE FEDERAL DA BAHIA, no uso de suas atribuições que lhe foram delegadas pela Portaria PRODEP nº 10/2011, e, tendo em vista o que consta do Processo nº 23066.071744/2017-04, resolve:</p><p>Conceder aposentadoria voluntária, com proventos integrais, a ROSANGELA ALMEIDA GOMES, matrícula SIAPE nº 0285552, ocupante do cargo de Assistente em Administração, Classificação "D", Nível de Capacitação "4", Padrão de Vencimento 16, lotada na Coordenação de Desenvolvimento Humano  desta Universidade, com fundamento no artigo 3º da Emenda Constitucional nº 47, de 05 de julho de 2005. </p><p>     Declarar vago o respectivo cargo.</p>]]></Texto>
    <Autores>
      <assina>CATIA CRISTINA PEREIRA SANTANA DE CARDOSO MELO</assina>
    </Autores>
  </body>
</article></xml>