﻿<xml><article id="963492" name="ATO PORTARIA Nº 755" idOficio="4625885" pubName="DO2" artType="Portaria" pubDate="02/01/2018" artClass="00009:00002:00000:00000:00000:00000:00000:00000:00000:00000:00025:00002" artSection="Ministério da Cultura" artCategory="Secretaria Executiva" artSize="8" artNotes="ok" numberPage="9" pdfPage="http://pesquisa.in.gov.br/imprensa/jsp/visualiza/index.jsp?data=02/01/2018&amp;jornal=529&amp;pagina=9" editionNumber="1">
  <body>
    <Identifica><![CDATA[PORTARIA Nº 755, DE 27 DE DEZEMBRO DE 2017]]></Identifica>
    <Data><![CDATA[]]></Data>
    <Ementa />
    <Titulo />
    <SubTitulo />
    <Texto><![CDATA[<p> A SECRETÁRIA-EXECUTIVA DO MINISTÉRIO DA CULTURA, no uso da competência que lhe foi delegada pela Portaria MinC nº 300, de 10 de outubro de 2016, e tendo em vista o Decreto nº 8.837, de 17 de agosto de 2016, resolve:</p><p>Dispensar, a pedido, KÍSSYLA SENRA MARTINS da Função Comissionada do Poder Executivo de Coordenador, UORG 1003, código  FCPE 101.3, da Chefia de Gabinete da Secretaria de Infraestrutura Cultural.</p>]]></Texto>
    <Autores>
      <assina>MARIANA RIBAS DA SILVA</assina>
    </Autores>
  </body>
</article></xml>