﻿<xml><article id="963765" name="PORTARIAS CENTRO 2017 - II - DOU" idOficio="4625962" pubName="DO2" artType="Portaria" pubDate="02/01/2018" artClass="00011:00135:00000:00000:00000:00000:00000:00000:00000:00000:00025:00001" artSection="Ministério da Educação" artCategory="Universidade Federal de Santa Maria" artSize="8" artNotes="" numberPage="35" pdfPage="http://pesquisa.in.gov.br/imprensa/jsp/visualiza/index.jsp?data=02/01/2018&amp;jornal=529&amp;pagina=35" editionNumber="1">
  <body>
    <Identifica><![CDATA[PORTARIAS DE 28 DE DEZEMBRO DE 2017]]></Identifica>
    <Data><![CDATA[]]></Data>
    <Ementa />
    <Titulo />
    <SubTitulo />
    <Texto><![CDATA[<p> </p><p> O REITOR DA UNIVERSIDADE FEDERAL DE SANTA MARIA, no uso de suas atribuições legais e estatutárias, resolve:</p><p>Nº  87.282-DESIGNAR Deisire Amaral Lobo, Matrícula SIAPE 1702503, ocupante do cargo de Bibliotecário-Documentalista, do Quadro Único de Pessoal da UFSM, para exercer a Função Gratificada de Diretora da Divisão de Referência da Biblioteca Central, Código FG3.021. (Memorando n. 171/2017)</p><p>II - Esta Portaria entra em vigor na data de sua publicação.</p><p>Nº  87.283-DISPENSAR a pedido, Alex Serrano de Almeida, Matrícula SIAPE 1920877, ocupante do cargo de Bibliotecário-Documentalista, do Quadro Único de Pessoal da UFSM, da Função Gratificada de Diretor da Divisão de Referência da Biblioteca Central, Código FG3.021, para a qual foi designado pela Portaria N. 76.740, de 13/10/2015. (Memorando n. 171/2017)</p><p> </p>]]></Texto>
    <Autores>
      <assina>PAULO AFONSO BURMANN.</assina>
    </Autores>
  </body>
</article></xml>