﻿<xml><article id="1022067" name="ECG. Gabarito DOU" idOficio="4624403" pubName="DO2" artType="Ato" pubDate="08/01/2018" artClass="00037:00024:00000:00000:00000:00000:00000:00000:00000:00000:00001:00001" artSection="Poder Judiciário" artCategory="Tribunal Regional Eleitoral de Minas Gerais" artSize="8" artNotes="" numberPage="53" pdfPage="http://pesquisa.in.gov.br/imprensa/jsp/visualiza/index.jsp?data=08/01/2018&amp;jornal=529&amp;pagina=53" editionNumber="5">
  <body>
    <Identifica><![CDATA[ATO Nº 181, de 27 de dezembro de 2017]]></Identifica>
    <Data><![CDATA[]]></Data>
    <Ementa />
    <Titulo />
    <SubTitulo />
    <Texto><![CDATA[<p> </p><p> O EXCELENTÍSSIMO SENHOR DESEMBARGADOR PRESIDENTE DO TRIBUNAL REGIONAL ELEITORAL DE MINAS GERAIS, no uso de suas atribuições e tendo em vista o Processo nº 1715127/2017, assinou o seguinte Ato: Concedendo, nos termos do art. 215 c/c art. 217, I, da Lei nº 8.112/90, alterada pela Lei nº 13.135/15, pensão vitalícia a GIOVANNI GAZZINELLI, viúvo da ex-servidora Edméa de Carvalho Gazzinelli, aposentada no cargo efetivo de Analista Judiciário, Classe C, Padrão 13, do Quadro de Pessoal deste Tribunal, na cota de 100%, incidente sobre o valor do benefício, sendo os proventos calculados consoante o disposto no § 7º, I, do art. 40 da CF/88, na redação dada pela EC nº 41/2003 c/c os arts. 2º, I e 15 da Lei nº 10.887/2004, alterado pela Lei nº 11.784/08, com efeitos financeiros a contar de 16.11.2017, data do óbito.</p><p> </p><p> </p>]]></Texto>
    <Autores>
      <assina>Desembargador EDGARD PENNA AMORIM</assina>
    </Autores>
  </body>
</article></xml>