﻿<xml><article id="964119" name="Portarias 29.12.2017" idOficio="4626014" pubName="DO2" artType="Portaria" pubDate="02/01/2018" artClass="00011:00061:00001:00005:00000:00000:00000:00000:00000:00000:00025:00001" artSection="Gabinete" artCategory="Gabinete" artSize="8" artNotes="" numberPage="22" pdfPage="http://pesquisa.in.gov.br/imprensa/jsp/visualiza/index.jsp?data=02/01/2018&amp;jornal=529&amp;pagina=22" editionNumber="1">
  <body>
    <Identifica><![CDATA[PORTARIAS DE 29 DE DEZEMBRO DE 2017]]></Identifica>
    <Data><![CDATA[]]></Data>
    <Ementa />
    <Titulo />
    <SubTitulo />
    <Texto><![CDATA[<p> O REITOR DO INSTITUTO FEDERAL DE EDUCAÇÃO, CIÊNCIA E TECNOLOGIA DO ESPÍRITO SANTO, nomeado pelo Decreto MEC de 17.10.2017, publicado no DOU de 18.10.2017, seção 2, página 1 no uso de suas atribuições legais resolve:</p><p>Nº 3.724 - Processo nº 23147.005710/2017-13 - Dispensar LEANDRO AMARAL KLEIN, matrícula SIAPE 1897359, da Função Gratificada, código FG-1, de Secretário da Secretaria da Pró-Reitoria de Desenvolvimento Institucional, da Estrutura Administrativa da Reitoria do Ifes, para a qual foi designado pela Portaria nº 1413, de 23.06.2017, publicada no DOU em 26.06.2017. </p><p>Nº 3.725 - Processo nº 23147.005711/2017-68 - Art. 1º Designar JANE DA ROCHA COSTA, matrícula SIAPE 270523, para exercer a Função Gratificada, código FG-1, de Secretária da Pró-Reitoria de Desenvolvimento Institucional da Estrutura Administrativa da Reitoria do Ifes.</p><p>Art. 2º Esta Portaria entra em vigor na data de sua publicação.</p>]]></Texto>
    <Autores>
      <assina>JADIR JOSE PELA</assina>
    </Autores>
  </body>
</article></xml>