﻿<xml><article id="1022079" name="PORTARIA 6693 1HI2 27122017" idOficio="4624586" pubName="DO2" artType="Portaria" pubDate="08/01/2018" artClass="00010:00006:00005:00046:00000:00000:00000:00000:00000:00000:00025:00001" artSection="Diretoria de Administração do Pessoal" artCategory="Diretoria de Administração do Pessoal" artSize="8" artNotes="" numberPage="4" pdfPage="http://pesquisa.in.gov.br/imprensa/jsp/visualiza/index.jsp?data=08/01/2018&amp;jornal=529&amp;pagina=4" editionNumber="5">
  <body>
    <Identifica><![CDATA[PORTARIA DIRAP Nº 6.693/1HI2, DE 27 DE DEZEMBRO DE 2017]]></Identifica>
    <Data><![CDATA[]]></Data>
    <Ementa />
    <Titulo />
    <SubTitulo />
    <Texto><![CDATA[<p>O SUBDIRETOR DE PESSOAL MILITAR, no uso da subdelegação de competência estabelecida no art. 2º, inciso I, da Portaria nº 6.181/SODG, de 5 de dezembro de 2017, e considerando o Ofício nº 78/SCC/2092, de 13 de outubro de 2016, da SECPROM,  resolve:</p><p> Transferir para a reserva remunerada o Cap QOEA SVA HÉLIO DA SILVA RODRIGUES (Nr Ord 1675419), do efetivo da Prefeitura de Aeronáutica de Recife, de acordo com os art. 96, inciso II e art. 98, inciso IV, da Lei nº 6.880, de 09 DEZ 1980, com a remuneração a que faz jus, observando-se o art. 50, inciso II, da mencionada Lei, alterado pelo art. 28 da Medida Provisória nº 2.215-10, de 31 AGO 2001, regulamentada pelo Decreto nº 4.307, de 18 JUL 2002.</p>]]></Texto>
    <Autores>
      <assina>Brig Ar MARCOS AURÉLIO SANTOS MARTINS</assina>
    </Autores>
  </body>
</article></xml>