﻿<xml><article id="962672" name="2017-1554 PORTARIA DE APOSENTADO" idOficio="4625848" pubName="DO2" artType="Portaria" pubDate="02/01/2018" artClass="00011:00139:00000:00000:00000:00000:00000:00000:00000:00000:00025:00001" artSection="Ministério da Educação" artCategory="Universidade Federal do Triângulo Mineiro" artSize="8" artNotes="" numberPage="36" pdfPage="http://pesquisa.in.gov.br/imprensa/jsp/visualiza/index.jsp?data=02/01/2018&amp;jornal=529&amp;pagina=36" editionNumber="1">
  <body>
    <Identifica><![CDATA[PORTARIA Nº 1.554, DE 28 DE DEZEMBRO DE 2017]]></Identifica>
    <Data><![CDATA[]]></Data>
    <Ementa />
    <Titulo />
    <SubTitulo />
    <Texto><![CDATA[<p> A REITORA da UNIVERSIDADE FEDERAL DO TRIÂNGULO MINEIRO, nomeada pela Presidente da República por Decreto de 12 de agosto de 2014, publicado no DOU do dia 13 subsequente, no uso de suas atribuições regimentais e considerando o Processo nº 23085.005280/2017-10, resolve:</p><p>Art. 1º - Conceder aposentadoria voluntária ao servidor MAURO FERREIRA SILVA, SIAPE 0389603, ocupante do cargo de Assistente em Administração, Classe/Padrão D-416, carga horária de 40 horas semanais, código de vaga nº 301495, do Quadro de Pessoal desta Universidade, com proventos integrais e com fulcro no artigo 3º da Emenda Constitucional nº 47/2005.</p><p>Art. 2º - Em consequência, declarar vago o referido cargo.</p><p> </p>]]></Texto>
    <Autores>
      <assina>ANA LÚCIA DE ASSIS SIMÕES</assina>
    </Autores>
  </body>
</article></xml>