﻿<xml><article id="1022103" name="ATO_1211" idOficio="4625567" pubName="DO2" artType="Ato" pubDate="08/01/2018" artClass="00037:00007:00001:00000:00000:00000:00000:00000:00000:00000:00001:00037" artSection="Presidência" artCategory="Presidência" artSize="8" artNotes="" numberPage="48" pdfPage="http://pesquisa.in.gov.br/imprensa/jsp/visualiza/index.jsp?data=08/01/2018&amp;jornal=529&amp;pagina=48" editionNumber="5">
  <body>
    <Identifica><![CDATA[ATO Nº 1.211, DE 28 DE DEZEMBRO DE 2017]]></Identifica>
    <Data><![CDATA[]]></Data>
    <Ementa />
    <Titulo />
    <SubTitulo />
    <Texto><![CDATA[<p> O PRESIDENTE DO TRIBUNAL REGIONAL FEDERAL DA 1ª REGIÃO, no uso de suas atribuições legais e regimentais e tendo em vista o constante nos autos do PAe 0004190-65.2017.4.01.8012, resolve:</p><p>NOMEAR o servidor ARMANDO CUSTÓDIO DINIZ, Analista Judiciário, Área Judiciária, do Quadro de Pessoal da Justiça Federal de Primeiro Grau, Subseção Judiciária de Ji-Paraná, à disposição da Sede da Seção Judiciária de Rondônia, para exercer o Cargo em Comissão, Código CJ-3, de Diretor de Secretaria da 2ª Vara Federal daquela Seccional, em decorrência da exoneração de Charles Raulmont Mota Santana.</p>]]></Texto>
    <Autores>
      <assina>Desembargador Federal HILTON QUEIROZ</assina>
    </Autores>
  </body>
</article></xml>