﻿<xml><article id="964305" name="2017.12.28 PORTARIA Reitor em ex" idOficio="4626032" pubName="DO2" artType="Portaria" pubDate="02/01/2018" artClass="00011:00128:00000:00000:00000:00000:00000:00000:00000:00000:00025:00001" artSection="Ministério da Educação" artCategory="Universidade Federal do Rio Grande do Norte" artSize="8" artNotes="" numberPage="34" pdfPage="http://pesquisa.in.gov.br/imprensa/jsp/visualiza/index.jsp?data=02/01/2018&amp;jornal=529&amp;pagina=34" editionNumber="1">
  <body>
    <Identifica><![CDATA[PORTARIA Nº 2.738, DE 28 DE DEZEMBRO DE 2017]]></Identifica>
    <Data><![CDATA[]]></Data>
    <Ementa />
    <Titulo />
    <SubTitulo />
    <Texto><![CDATA[<p> O REITOR EM EXERCÍCIO DA UNIVERSIDADE FEDERAL DO RIO GRANDE DO NORTE, no uso das atribuições inerentes ao cargo e da delegação de competência que lhe concede a Portaria MEC nº 404, de 23.04.2009, resolve:</p><p>Autorizar o afastamento do país de MARCELO AUGUSTO COSTA FERNANDES, matrícula n.º 1837240, Professor Adjunto do Departamento de Engenharia de Computação e Automação - CT, para participar de Programa de Imersões de Ecossistemas de Inovação, nas cidades de San Diego e São Francisco, nos EUA, no período de 03.02.2018 a 11.02.2018, inclusive trânsito, com ônus limitado, conforme processo n.º 23077.083299/2017-98.</p>]]></Texto>
    <Autores>
      <assina>JOSÉ DANIEL DINIZ MELO</assina>
    </Autores>
  </body>
</article></xml>