﻿<xml><article id="965659" name="ATO PORT 379 CONCEDER PENSÃO VIT" idOficio="4626195" pubName="DO2" artType="Portaria" pubDate="02/01/2018" artClass="00007:00003:00068:00000:00000:00000:00000:00000:00000:00000:00025:00001" artSection="Superintendência Federal no Estado de Pernambuco" artCategory="Superintendência Federal no Estado de Pernambuco" artSize="8" artNotes="" numberPage="5" pdfPage="http://pesquisa.in.gov.br/imprensa/jsp/visualiza/index.jsp?data=02/01/2018&amp;jornal=529&amp;pagina=5" editionNumber="1">
  <body>
    <Identifica><![CDATA[Portaria nº 379, de 28 de dezembrode 2017]]></Identifica>
    <Data><![CDATA[]]></Data>
    <Ementa />
    <Titulo />
    <SubTitulo />
    <Texto><![CDATA[<p> O Superintendente Federal da Superintendência Federal de Agricultura, Pecuária e Abastecimento em Pernambuco - Substituto, no uso das atribuições que lhe foi delegada pela Portaria nº 2.554, de 26 de dezembro de 2017, publicada no Diário Oficial da União de 28 de dezembro de 2017 e item XVIII, do art. 44, da Portaria Ministerial nº 428, de 09 de junho de 2010, publicada no Diário Oficial da União de 14 de junho de 2010, e o que consta no Processo SEI nº 21036.003859/2017-90, resolve:</p><p>Conceder pensão vitalícia a senhora Severina Maria dos Santos, na qualidade de viúva do ex-servidor aposentado deste Ministério, Sebastião Manoel dos Santos, falecido em 19.12.2017, com fundamento no Art. 215 c/c o Art. 217, inciso I, alínea "a", da Lei 8.112/90 e no art. 40, parágrafo 7º, inciso I, da Constituição Federal, com a redação dada pela Emenda Constitucional nº 41/2003, combinado com a Medida Provisória 167/2004 e Artigo 2º, inciso I, da Lei 10.887/2004, a partir da data do óbito.</p><p> </p>]]></Texto>
    <Autores>
      <assina>Antonio Henriques Lira Menezes Filho</assina>
    </Autores>
  </body>
</article></xml>