﻿<xml><article id="962777" name="45- WILSON CORREA DA SILVA_28_12" idOficio="4625853" pubName="DO2" artType="Portaria" pubDate="02/01/2018" artClass="00010:00008:00007:00008:00000:00000:00000:00000:00000:00000:00025:00001" artSection="1ª Região Militar" artCategory="1ª Região Militar" artSize="8" artNotes="" numberPage="10" pdfPage="http://pesquisa.in.gov.br/imprensa/jsp/visualiza/index.jsp?data=02/01/2018&amp;jornal=529&amp;pagina=10" editionNumber="1">
  <body>
    <Identifica><![CDATA[PORTARIA Nº 45 GHI -SAP/1 RIO DE JANEIRO, de 1º de novembro de 2017]]></Identifica>
    <Data><![CDATA[]]></Data>
    <Ementa />
    <Titulo />
    <SubTitulo />
    <Texto><![CDATA[<p> O COMANDANTE DA 1ª REGIÃO MILITAR, no uso da competência que lhe foi conferida pelo inciso III, do art. 7º, da Portaria nº 1.023, do Comandante do Exército, de 10 OUT 13, e com base no processo originário do requerimento datado de 21 NOV 16, onde o Tenente Coronel Reformado WILSON CORREA DA SILVA, Prec/CP 96/1059500, Idt 010162911-1 MD/EB, CPF 031.103.627-91, solicita o benefício do Grau Hierárquico Imediato (GHI), proferiu o seguinte despacho: (Prot1048430).</p><p> CONCEDER, o GHI a contar de 3 MAIO 17, com base no § 1º, do art. 110, da Lei nº 6.880, de 9 DEZ 1980, no posto de Gen Brig, com Adicional Militar de 28 % (vinte e oito por cento), conforme laudo pericial homologado em 2 AGO 17, acerca do Parecer Técnico nº 459/17, do Seç Sau Rg/1ª RM, de 27 JUN 17.</p><p> </p>]]></Texto>
    <Autores>
      <assina>Gen Div LAERTE DE SOUZA SANTOS</assina>
    </Autores>
  </body>
</article></xml>