﻿<xml><article id="961842" name="APOSENTADORIA 27.12.2017.2" idOficio="4623930" pubName="DO2" artType="Portaria" pubDate="02/01/2018" artClass="00011:00106:00001:00041:00000:00000:00000:00000:00000:00000:00025:00001" artSection="Coordenação de Gestão de Pessoas" artCategory="Coordenação de Gestão de Pessoas" artSize="8" artNotes="" numberPage="31" pdfPage="http://pesquisa.in.gov.br/imprensa/jsp/visualiza/index.jsp?data=02/01/2018&amp;jornal=529&amp;pagina=31" editionNumber="1">
  <body>
    <Identifica><![CDATA[PORTARIAs de 27 DE DEZEMBRO DE 2017]]></Identifica>
    <Data><![CDATA[]]></Data>
    <Ementa />
    <Titulo />
    <SubTitulo />
    <Texto><![CDATA[<p>  </p><p>   A COORDENADORA DE GESTÃO DE PESSOAS DA UNIVERSIDADE FEDERAL DA BAHIA, no uso de suas atribuições que lhe foram delegadas pela Portaria PRODEP nº 10/2011, e, tendo em vista o que consta do Processo nº 23066.071399/2017-09, resolve:</p><p>Nº 1.772 Conceder aposentadoria voluntária, com proventos integrais, a ROMEU GUIMARÃES PEREIRA, matrícula SIAPE nº 0285581, ocupante do cargo de Encanador, Classificação "C", Nível de Capacitação "2", Padrão de Vencimento 16, lotado na Escola de Música desta Universidade, com fundamento no artigo 3º da Emenda Constitucional nº 47, de 05 de julho de 2005. </p><p>     Declarar vago o respectivo cargo.</p><p>   A COORDENADORA DE GESTÃO DE PESSOAS DA UNIVERSIDADE FEDERAL DA BAHIA, no uso de suas atribuições que lhe foram delegadas pela Portaria PRODEP nº 10/2011, e, tendo em vista o que consta do Processo nº 23066.069072/2017-69, resolve:</p><p>Nº 1.773 Conceder aposentadoria voluntária, com proventos integrais, a ANA CRISTINA DE OLIVEIRA GONZALEZ, matrícula SIAPE nº 0286887, ocupante do cargo de Biólogo, Classificação "E", Nível de Capacitação "4", Padrão de Vencimento 16, lotada na Pró-Reitoria de Desenvolvimento de Pessoas desta Universidade, com fundamento no artigo 3º da Emenda Constitucional nº 47, de 05 de julho de 2005. </p><p>     Declarar vago o respectivo cargo.</p><p> </p>]]></Texto>
    <Autores>
      <assina>CATIA CRISTINA PEREIRA SANTANA DE CARDOSO MELO</assina>
    </Autores>
  </body>
</article></xml>