﻿<xml><article id="965376" name="PORTARIA DE NOMEAÇÃO 29.12.2017 " idOficio="4626166" pubName="DO2" artType="Portaria" pubDate="02/01/2018" artClass="00011:00066:00000:00000:00000:00000:00000:00000:00000:00000:00025:00003" artSection="Ministério da Educação" artCategory="Instituto Federal de Educação, Ciência e Tecnologia do Maranhão" artSize="8" artNotes="" numberPage="23" pdfPage="http://pesquisa.in.gov.br/imprensa/jsp/visualiza/index.jsp?data=02/01/2018&amp;jornal=529&amp;pagina=23" editionNumber="1">
  <body>
    <Identifica><![CDATA[PORTARIA Nº 7.738 DE 28 DE DEZEMBRO DE 2017]]></Identifica>
    <Data><![CDATA[]]></Data>
    <Ementa />
    <Titulo />
    <SubTitulo />
    <Texto><![CDATA[<p> </p><p>O PRÓ-REITOR DE ADMINISTRAÇÃO NO EXERCÍCIO DA REITORIA DO INSTITUTO FEDERAL DE EDUCAÇÃO, CIÊNCIA E TECNOLOGIA DO MARANHÃO, designado pela Portaria nº 7.514, de 15 de dezembro de 2017, no uso de suas atribuições legais; e, Considerando o disposto no Decreto nº 8.259, de 29 de maio de 2014, publicado no DOU de 30 de maio de 2014, Portaria nº 927 de 10 de Setembro de 2015 e DOU de 11 de Setembro de 2015 e na Portaria Interministerial nº 161, de 21 de maio de 2014, DOU de 22 de maio de 2014,resolve:</p><p> Nomear em caráter efetivo no quadro de pessoal deste Instituto Federal de Educação, Ciência e Tecnologia do Maranhão, no CAMPUS ALCÂNTARA, nos termos do Art. 9º, Inciso I da Lei 8.112/90, de 11 de dezembro de 1990, ANA JÉSSICA CORRÊA SANTOS, habilitada em concurso público, por Cotas Raciais, conforme Homologação do Resultado Final, Edital nº 04, de 05 de maio de 2017, publicado no DOU de 08 de maio de 2017, para exercer o cargo efetivo de Professor de Ensino Básico Técnico e Tecnológico, Classe D I, Nível 1 através da Lei nº. 12.772 de 28 de dezembro de 2012, publicada no DOU de 31 de dezembro de 2012, na Área/Disciplina: TURISMO, em regime de Dedicação Exclusiva, código de vaga nº. 0947015.</p><p>O PRÓ-REITOR DE ADMINISTRAÇÃO NO EXERCÍCIO DA REITORIA DO INSTITUTO FEDERAL DE EDUCAÇÃO, CIÊNCIA E TECNOLOGIA DO MARANHÃO, designado pela Portaria nº 7.514, de 15 de dezembro de 2017, no uso de suas atribuições legais; e, Considerando o disposto no Decreto nº 8.259, de 29 de maio de 2014, publicado no DOU de 30 de maio de 2014 e na Portaria Interministerial nº 161, de 21 de maio de 2014, DOU de 22 de maio de 2014,resolve:</p><p> Nomear em caráter efetivo no quadro de pessoal deste Instituto Federal de Educação, Ciência e Tecnologia do Maranhão, no CAMPUS BARREIRINHAS, nos termos do Art. 9º, Inciso I da Lei 8.112/90, de 11 de dezembro de 1990, DENISE PEREIRA FREITAS, habilitada em concurso público, conforme Homologação do Resultado Final, Edital nº 06 de 25 de agosto de 2017, publicado no DOU de 29 de agosto de 2017, para exercer o cargo efetivo de ASSISTENTE EM ADMINISTRAÇÃO, Nível de Classificação D, Nível de Capacitação I, Padrão de Vencimento 01, em regime de 40  (quarenta) horas semanais de trabalho, no código de vaga nº0754759.</p><p>O PRÓ-REITOR DE ADMINISTRAÇÃO NO EXERCÍCIO DA REITORIA DO INSTITUTO FEDERAL DE EDUCAÇÃO, CIÊNCIA E TECNOLOGIA DO MARANHÃO, designado pela Portaria nº 7.514, de 15 de dezembro de 2017, no uso de suas atribuições legais; e, Considerando o disposto no Decreto nº 8.259, de 29 de maio de 2014, publicado no DOU de 30 de maio de 2014, Portaria 1.476 de 20 de Dezembro de 2012 DOU de 21 de Dezembro de 2012 e na Portaria Interministerial nº 161, de 21 de maio de 2014, DOU de 22 de maio de 2014, resolve:</p><p> Nomear em caráter efetivo no quadro de pessoal deste Instituto Federal de Educação, Ciência e Tecnologia do Maranhão, no CAMPUS BURITICUPU, nos termos do Art. 9º, Inciso I da Lei 8.112/90, de 11 de dezembro de 1990, FRANSUELEM DOS SANTOS ALMEIDA , habilitada, em concurso público, conforme Homologação do Resultado Final, Edital nº 03 de 13 de abril de 2017, publicado no DOU de 19 de abril de 2017, para exercer o cargo efetivo de BIBLIOTECÁRIO/DOCUMENTALISTA, Nível de Classificação E, Nível de Capacitação I, Padrão de Vencimento 01, em regime de 40  (quarenta) horas semanais de trabalho, no código de vaga nº 0827895. </p><p>PORTARIA 7.741, DE 28 DE DEZEMBRO DE 2017</p><p>O PRÓ-REITOR DE ADMINISTRAÇÃO NO EXERCÍCIO DA REITORIA DO INSTITUTO FEDERAL DE EDUCAÇÃO, CIÊNCIA E TECNOLOGIA DO MARANHÃO, designado pela Portaria nº 7.514, de 15 de dezembro de 2017, no uso de suas atribuições legais; e, Considerando o disposto no Decreto nº 8.259, de 29 de maio de 2014, publicado no DOU de 30 de maio de 2014 e na Portaria Interministerial nº 161, de 21 de maio de 2014, DOU de 22 de maio de 2014 resolve:</p><p> Nomear em caráter efetivo no quadro de pessoal deste Instituto Federal de Educação, Ciência e Tecnologia do Maranhão, no CAMPUS ALCÂNTARA, nos termos do Art. 9º, Inciso I da Lei 8.112/90, de 11 de dezembro de 1990, TATIANE DA SILVA MENDONÇA , habilitada, em concurso público, conforme Homologação do Resultado Final, Edital nº 03 de 13 de abril de 2017, publicado no DOU de 19 de abril de 2017, para exercer o cargo efetivo de BIBLIOTECÁRIO/DOCUMENTALISTA, Nível de Classificação E, Nível de Capacitação I, Padrão de Vencimento 01, em regime de 40  (quarenta) horas semanais de trabalho, no código de vaga nº 0209291.</p><p>O PRÓ-REITOR DE ADMINISTRAÇÃO NO EXERCÍCIO DA REITORIA DO INSTITUTO FEDERAL DE EDUCAÇÃO, CIÊNCIA E TECNOLOGIA DO MARANHÃO, designado pela Portaria nº 7.514, de 15 de dezembro de 2017, no uso de suas atribuições legais; e, Considerando o disposto no Decreto nº 8.259, de 29 de maio de 2014, publicado no DOU de 30 de maio de 2014, Portaria Nº 245 de 15 de Abril de 2016, DOU de  18 de Abril 2016 e na Portaria Interministerial nº 161, de 21 de maio de 2014, DOU de 22 de maio de 2014,resolve:</p><p> Nomear em caráter efetivo no quadro de pessoal deste Instituto Federal de Educação, Ciência e Tecnologia do Maranhão, no CAMPUS CODÓ, nos termos do Art. 9º, Inciso I da Lei 8.112/90, de 11 de dezembro de 1990, LUCAS CRONEMBERG DIOLINDO, habilitado, em concurso público, conforme Homologação do Resultado Final, Edital nº 03 de 13 de abril de 2017, publicado no DOU de 19 de abril de 2017, para exercer o cargo efetivo de BIBLIOTECÁRIO/DOCUMENTALISTA, Nível de Classificação E, Nível de Capacitação I, Padrão de Vencimento 01, em regime de 40  (quarenta) horas semanais de trabalho, no código de vaga nº 0827820.Dê-se ciência, publique-se e cumpra-se.</p><p>Washington Luís Ferreira Conceição</p><p>Pró-Reitor de Administração no exercício da Reitoria</p><p>MINISTÉRIO DA EDUCAÇÃO</p><p>SECRETARIA DE EDUCAÇÃO PROFISSIONAL E TECNOLÓGICA</p><p>INSTITUTO FEDERAL DE EDUCAÇÃO, CIÊNCIA E TECNOLOGIA DO MARANHÃO</p><p>REITORIA</p><p>O PRÓ-REITOR DE ADMINISTRAÇÃO NO EXERCÍCIO DA REITORIA DO INSTITUTO FEDERAL DE EDUCAÇÃO, CIÊNCIA E TECNOLOGIA DO MARANHÃO, designado pela Portaria nº 7.514, de 15 de dezembro de 2017, no uso de suas atribuições legais; e, Considerando o disposto no Decreto nº 8.259, de 29 de maio de 2014, publicado no DOU de 30 de maio de 2014, Portaria Nº 111 de 07 de Fevereiro de 2014, DOU de 10 de Fevereiro de 2014 e na Portaria Interministerial nº 161, de 21 de maio de 2014, DOU de 22 de maio de 2014,resolve:</p><p> Nomear em caráter efetivo no quadro de pessoal deste Instituto Federal de Educação, Ciência e Tecnologia do Maranhão, no CAMPUS BURITICUPU, nos termos do Art. 9º, Inciso I da Lei 8.112/90, de 11 de dezembro de 1990, LUIS HENRIQUE RIBEIRO DA SILVA, habilitado, em concurso público, conforme Homologação do Resultado Final, Edital nº 03 de 13 de abril de 2017, publicado no DOU de 19 de abril de 2017, para exercer o cargo efetivo de TÉCNICO DE LABORATÓRIO/ÁREA:FÍSICA, Nível de Classificação D, Nível de Capacitação I, Padrão de Vencimento 01, em regime de 40  (quarenta) horas semanais de trabalho, no código de vaga nº 0966448.</p><p>O PRÓ-REITOR DE ADMINISTRAÇÃO NO EXERCÍCIO DA REITORIA DO INSTITUTO FEDERAL DE EDUCAÇÃO, CIÊNCIA E TECNOLOGIA DO MARANHÃO, designado pela Portaria nº 7.514, de 15 de dezembro de 2017, no uso de suas atribuições legais; e, Considerando o disposto no Decreto nº 8.259, de 29 de maio de 2014, publicado no DOU de 30 de maio de 2014 e na Portaria Interministerial nº 161, de 21 de maio de 2014, DOU de 22 de maio de 2014,resolve:</p><p> Nomear em caráter efetivo no quadro de pessoal deste Instituto Federal de Educação, Ciência e Tecnologia do Maranhão, no CAMPUS ZÉ DOCA, nos termos do Art. 9º, Inciso I da Lei 8.112/90, de 11 de dezembro de 1990, EMANUEL DE JESUS DA SILVA COSTA, habilitado em concurso público, conforme Homologação do Resultado Final, Edital nº 06 de 25 de agosto de 2017, publicado no DOU de 29 de agosto de 2017, para exercer o cargo efetivo de ASSISTENTE EM ADMINISTRAÇÃO, Nível de Classificação D, Nível de Capacitação I, Padrão de Vencimento 01, em regime de 40  (quarenta) horas semanais de trabalho, no código de vaga nº0682688. </p>]]></Texto>
    <Autores>
      <assina>WASHINGTON LUÍS FERREIRA CONCEIÇÃO</assina>
      <assina>WASHINGTON LUÍS FERREIRA CONCEIÇÃO</assina>
      <assina>WASHINGTON LUÍS FERREIRA CONCEIÇÃO</assina>
      <assina>WASHINGTON LUÍS FERREIRA CONCEIÇÃO</assina>
      <assina>WASHINGTON LUÍS FERREIRA CONCEIÇÃO</assina>
      <assina>WASHINGTON LUÍS FERREIRA CONCEIÇÃO</assina>
    </Autores>
  </body>
</article></xml>