﻿<xml><article id="962395" name="PORTARIA ATUAL 4" idOficio="4625776" pubName="DO2" artType="Portaria" pubDate="02/01/2018" artClass="00011:00066:00000:00000:00000:00000:00000:00000:00000:00000:00025:00002" artSection="Ministério da Educação" artCategory="Instituto Federal de Educação, Ciência e Tecnologia do Maranhão" artSize="8" artNotes="" numberPage="23" pdfPage="http://pesquisa.in.gov.br/imprensa/jsp/visualiza/index.jsp?data=02/01/2018&amp;jornal=529&amp;pagina=23" editionNumber="1">
  <body>
    <Identifica><![CDATA[PORTARIA Nº 7.737, DE 28 DE DEZEMBRO DE 2017]]></Identifica>
    <Data><![CDATA[]]></Data>
    <Ementa />
    <Titulo />
    <SubTitulo />
    <Texto><![CDATA[<p>O PRÓ-REITOR DE ADMINISTRAÇÃO NO EXERCÍCIO DA REITORIA DO INSTITUTO FEDERAL DE EDUCAÇÃO, CIÊNCIA E TECNOLOGIA DO MARANHÃO, designado pela Portaria nº 7.514, de 15 de dezembro de 2017, no uso de suas atribuições legais; e, Considerando o disposto no Decreto nº 8.259, de 29 de maio de 2014, publicado no DOU de 30 de maio de 2014 e na Portaria Interministerial nº 161, de 21 de maio de 2014, DOU de 22 de maio de 2014, resolve:</p><p> Nomear em caráter efetivo no quadro de pessoal deste Instituto Federal de Educação, Ciência e Tecnologia do Maranhão, no CAMPUS SÃO RAIMUNDO DAS MANGABEIRAS, nos termos do Art. 9º, Inciso I da Lei 8.112/90, de 11 de dezembro de 1990, RICARDO DOS REIS BANDEIRA, habilitado em concurso público, conforme Homologação do Resultado Final, Edital nº 06 de 25 de agosto de 2017, publicado no DOU de 29 de agosto de 2017, para exercer o cargo efetivo de TÉCNICO DE LABORATÓRIO/ ÁREA: QUÍMICA, Nível de Classificação D, Nível de Capacitação I, Padrão de Vencimento 01, em regime de 40  (quarenta) horas semanais de trabalho, no código de vaga nº. 0966463.</p>]]></Texto>
    <Autores>
      <assina>WASHINGTON LUÍS FERREIRA CONCEIÇÃO</assina>
    </Autores>
  </body>
</article></xml>