﻿<xml><article id="964224" name="PORTARIA Nº 532 - DESIGNAÇÃO SUB" idOficio="4626021" pubName="DO2" artType="Portaria" pubDate="02/01/2018" artClass="00030:00001:00000:00000:00000:00000:00000:00000:00000:00000:00025:00001" artSection="Ministério dos Direitos Humanos" artCategory="Gabinete da Ministra" artSize="8" artNotes="" numberPage="136" pdfPage="http://pesquisa.in.gov.br/imprensa/jsp/visualiza/index.jsp?data=02/01/2018&amp;jornal=529&amp;pagina=136" editionNumber="1">
  <body>
    <Identifica><![CDATA[PORTARIA Nº 431, DE 23 DE NOVEMBRO DE 2017]]></Identifica>
    <Data><![CDATA[]]></Data>
    <Ementa />
    <Titulo />
    <SubTitulo />
    <Texto><![CDATA[<p> A MINISTRA DE ESTADO DOS DIREITOS HUMANOS, no uso de suas atribuições legais e considerando o disposto no art. 38 da Lei n° 8.112, de 11 de dezembro de 1990, e o Decreto n° 9.122, de 09 de agosto de 2017, resolve:</p><p>Designar JORGE MARCOS GOMES MATOS NUNES para exercer o encargo de substituto do cargo de Coordenador-Geral da Coordenação-Geral de Execução Orçamentária e Financeira da Subsecretaria de Planejamento e Orçamento da Secretaria-Executiva deste Ministério, código DAS 101.4, em seus afastamentos e impedimentos legais ou eventuais, e na vacância do cargo.</p>]]></Texto>
    <Autores>
      <assina>LUISLINDA DIAS DE VALOIS SANTOS</assina>
    </Autores>
  </body>
</article></xml>