﻿<xml><article id="965866" name="PORTARIA Nº 4463, 4500 e 4503-AS" idOficio="4626225" pubName="DO2" artType="Portaria" pubDate="02/01/2018" artClass="00010:00033:01398:00000:00000:00000:00000:00000:00000:00000:00025:00004" artSection="Departamento de Administração Interna" artCategory="Departamento de Administração Interna" artSize="8" artNotes="" numberPage="5-12" pdfPage="http://pesquisa.in.gov.br/imprensa/jsp/visualiza/index.jsp?data=02/01/2018&amp;jornal=529&amp;pagina=5,http://pesquisa.in.gov.br/imprensa/jsp/visualiza/index.jsp?data=02/01/2018&amp;jornal=529&amp;pagina=12" editionNumber="1">
  <body>
    <Identifica><![CDATA[PORTARIA Nº 4.463/ASSADI/MD, DE 26 DE DEZEMBRO DE 2017]]></Identifica>
    <Data><![CDATA[]]></Data>
    <Ementa />
    <Titulo />
    <SubTitulo />
    <Texto><![CDATA[<p> O DIRETOR DO DEPARTAMENTO DE ADMINISTRAÇÃO INTERNA, no uso de suas atribuições previstas nos incisos I e III do art. 35 do Anexo I do Decreto nº 8.978, de 1º de fevereiro de 2017, e no § 2º do art. 12 da Portaria Normativa nº 993/MD, de 30 de abril de 2015, e considerando o que consta no Processo Administrativo nº 60585.002326/2017-26, resolve:</p><p>Art. 1º Outorgar a Permissão de Uso do Próprio Nacional Residencial situado na SQS 212, Bloco "A", Apartamento 104, Asa Sul, ao  2º Sgt (EB) PAOLO GUIMARÃES DE OLIVEIRA, conforme previsto no inciso IV do art. 3º da Portaria Normativa nº 993/MD, de 30 de abril de 2015.</p><p>Art. 2º As despesas decorrentes do uso do PNR deverão ser cobradas do permissionário a partir da data da ocupação, que será publicada em Boletim de Pessoal e Serviço deste Ministério.</p><p> O DIRETOR DO DEPARTAMENTO DE ADMINISTRAÇÃO INTERNA, no uso de suas atribuições previstas nos incisos I e III do art. 35 do Anexo I do Decreto nº 8.978, de 1º de fevereiro de 2017 e no §1º do art.19 da Portaria Normativa nº 993/MD, de 30 de abril de 2015, e considerando o que consta no Processo Administrativo nº 60000.009710/2016-01, resolve:</p><p>Art. 1º Declarar extinta, a contar de 15 de dezembro de 2017, a permissão de uso do Próprio Nacional Residencial, situado na QS 07, LT 40, Bloco "B", Apartamento 108, Taguatinga, outorgada ao 2° Sgt (EB) PAOLO GUIMARÃES DE OLIVEIRA, em decorrência da falta de interesse do militar em continuar utilizando o imóvel da União.</p><p>Art. 2º As obrigações relativas ao uso do imóvel cessaram na mesma data, em virtude de sua desocupação.</p><p> O DIRETOR DO DEPARTAMENTO DE ADMINISTRAÇÃO INTERNA, no uso de suas atribuições previstas nos incisos I e III do art. 35 do Anexo I do Decreto nº 8.978, de 1º de fevereiro de 2017 e no §1º do art.19 da Portaria Normativa nº 993/MD, de 30 de abril de 2015, e considerando o que consta no Processo Administrativo nº 60585.002828/2017-57, resolve:</p><p>Art. 1º Declarar extinta, a contar de 7 de dezembro de 2017, a permissão de uso do Próprio Nacional Residencial, situado na SQS 112, Bloco "K", Apartamento 405, Asa Sul, outorgada ao CMG (MB) FERNANDO ELIAS SILVESTRE ABDALLA em decorrência da falta de interesse do militar em continuar utilizando o imóvel da União.</p><p>Art. 2º As obrigações relativas ao uso do imóvel cessaram na mesma data, em virtude de sua desocupação.  </p>]]></Texto>
    <Autores>
      <assina>ADRIANO PORTELLA DE AMORIM</assina>
      <assina>ADRIANO PORTELLA DE AMORIM</assina>
      <assina>ADRIANO PORTELLA DE AMORIM</assina>
    </Autores>
  </body>
</article></xml>