﻿<xml><article id="964170" name="DIOPE - WILDE DE SOUZA VAZ e LEO" idOficio="4626017" pubName="DO2" artType="Portaria" pubDate="02/01/2018" artClass="00017:00004:00007:00001:00000:00000:00000:00000:00000:00000:00025:00002" artSection="Presidência/ANS" artCategory="Presidência/ANS" artSize="8" artNotes="" numberPage="119" pdfPage="http://pesquisa.in.gov.br/imprensa/jsp/visualiza/index.jsp?data=02/01/2018&amp;jornal=529&amp;pagina=119" editionNumber="1">
  <body>
    <Identifica><![CDATA[Portaria Nº 9.434, de 18 de dezembro de 2017]]></Identifica>
    <Data><![CDATA[]]></Data>
    <Ementa />
    <Titulo />
    <SubTitulo />
    <Texto><![CDATA[<p> </p><p> O DIRETOR-PRESIDENTE SUBSTITUTO DA AGÊNCIA NACIONAL DE SAÚDE SUPLEMENTAR, no uso das atribuições que lhe confere o inciso VI do art. 11 do Regulamento aprovado pelo Decreto n.º 3.327, de 5 de janeiro de 2000, resolve:</p><p>Nomear o servidor WILDES DE SOUZA VAZ, matrícula SIAPE nº 1572365, CPF: 009.152.517-95, para exercer o Cargo Comissionado Técnico - CCT II, na Diretoria-Adjunta - DIRAD, da Diretoria de Normas e Habilitação das Operadoras - DIOPE, ficando exonerado o servidor LEONARDO MONTEIRO BORLOT, matrícula SIAPE nº 2074292, CPF nº 123.562.677-60, do referido cargo.</p><p> </p>]]></Texto>
    <Autores>
      <assina>LEANDRO FONSECA DA SILVA</assina>
    </Autores>
  </body>
</article></xml>