﻿<xml><article id="964422" name="PORT Nº 516 - DCIPAS.31.3 - de 2" idOficio="4626047" pubName="DO2" artType="Portaria" pubDate="02/01/2018" artClass="00010:00008:00024:06902:00000:00000:00000:00000:00000:00000:00025:00004" artSection="Diretoria de Civis, Inativos, Pensionistas e Assistência Social" artCategory="Diretoria de Civis, Inativos, Pensionistas e Assistência Social" artSize="8" artNotes="" numberPage="10" pdfPage="http://pesquisa.in.gov.br/imprensa/jsp/visualiza/index.jsp?data=02/01/2018&amp;jornal=529&amp;pagina=10" editionNumber="1">
  <body>
    <Identifica><![CDATA[PORTARIA Nº 516 - DCIPAS/31.3, DE 28 DE DEZEMBRO DE 2017]]></Identifica>
    <Data><![CDATA[]]></Data>
    <Ementa />
    <Titulo />
    <SubTitulo />
    <Texto><![CDATA[<p> O DIRETOR DE CIVIS, INATIVOS, PENSIONISTAS E ASSISTÊNCIA SOCIAL, no uso da competência que lhe foi subdelegada pela Portaria do Comandante do Exército nº 1.700, de 8 de dezembro de 2017, e de acordo com o inciso I do art. 96 da Lei nº 6.880, de 9 de dezembro de 1980, resolve</p><p> TRANSFERIR, a pedido, para a reserva remunerada os militares abaixo relacionados, com a remuneração a que fazem jus, observados os art. 9º e 10 da Medida Provisória nº 2.215-10, de 31 de agosto de 2001:</p><p /><p> </p><table><tr><td><p>Cap QAO Adm-G</p></td><td><p>(Idt 053892113-1)</p></td><td><p>JOSÉ NEDIVAL SIQUEIRA;</p></td></tr><tr><td><p>Cap QAO Adm-G</p></td><td><p>(Idt 049872013-5)</p></td><td><p>MARCO ANTÔNIO RANGEL BRAGA;</p></td></tr><tr><td><p>Cap QAO Adm-G</p></td><td><p>(Idt 049700333-5)</p></td><td><p>MAURICIO DINIZ CHARA;</p></td></tr><tr><td><p>Cap QAO Adm-G</p></td><td><p>(Idt 014909772-7)</p></td><td><p>PAULO SERGIO PEREIRA DA SILVA;</p></td></tr><tr><td><p>Cap QAO Mat Bel</p></td><td><p>(Idt 019251373-7)</p></td><td><p>RONALDO SOUZA ROMANO;</p></td></tr><tr><td><p>Cap QAO Adm-G</p></td><td><p>(Idt 056324243-7)</p></td><td><p>SERGIO DE ASSIS;</p></td></tr><tr><td><p>Cap QAO Adm-G</p></td><td><p>(Idt 030534024-2)</p></td><td><p>SÉRGIO JUARES LUNARDES GONÇALVES;</p></td></tr><tr><td><p>Cap QAO Adm-G</p></td><td><p>(Idt 014843673-6)</p></td><td><p>WABEL SILVEIRA JUNIOR;</p></td></tr><tr><td><p>Cap QAO Adm-G</p></td><td><p>(Idt 049702763-1)</p></td><td><p>WAGNER FERREIRA DE MELLO; e</p></td></tr><tr><td><p>1º Ten QAO Adm-G</p></td><td><p>(Idt 041961364-1)</p></td><td><p>JOSEMAR DA LUZ PEREIRA.</p></td></tr></table><p> </p>]]></Texto>
    <Autores>
      <assina>GÉDER TÁVORA SAID - Cel</assina>
      <cargo>Rsp p/ Expt da Diretoria de Civis, Inativos, Pensionistas e Assistência Social</cargo>
    </Autores>
  </body>
</article></xml>