﻿<xml><article id="966371" name="ProReitoria Aposent HU 02JAN18" idOficio="4626304" pubName="DO2" artType="Portaria" pubDate="02/01/2018" artClass="00011:00136:00051:00000:00000:00000:00000:00000:00000:00000:00025:00001" artSection="Pró-Reitoria de Gestão com Pessoas" artCategory="Pró-Reitoria de Gestão com Pessoas" artSize="8" artNotes="" numberPage="36" pdfPage="http://pesquisa.in.gov.br/imprensa/jsp/visualiza/index.jsp?data=02/01/2018&amp;jornal=529&amp;pagina=36" editionNumber="1">
  <body>
    <Identifica><![CDATA[PORTARIAS DE 20 DE DEZEMBO DE 2017]]></Identifica>
    <Data><![CDATA[]]></Data>
    <Ementa />
    <Titulo />
    <SubTitulo />
    <Texto><![CDATA[<p> </p><p> O Pró-Reitor de Gestão com Pessoas da Universidade Federal de São Paulo, no uso da competência que lhe foi delegada pela Portaria nº 1.312, publicada no D.O.U. de 24/04/17, resolve:</p><p>Nº 4.910 - Conceder aposentadoria voluntária a servidora ALZIRA BATISTA DE FREITAS, Matrícula SIAPE nº 1474451, ocupante do cargo de Auxiliar de Enfermagem, Nível C, Classe IV, Padrão de Vencimento 09, do Quadro de Pessoal da Universidade Federal de São Paulo, com base no artigo 40 da Constituição Federal, Parágrafo 1º, Inciso III, Alínea B, com redação dada pela Emenda Constitucional 41/2003, com proventos proporcionais que serão calculados com base no Art. 1º da Lei 10887/04 (Processo nº 23089.046649/2017-04).</p><p>Nº 4.911 - Conceder aposentadoria ao servidor ANTÔNIO CARLOS DE OLIVEIRA CINTRA CORREA, Matrícula SIAPE nº 1139790, ocupante do cargo de Médico/Área, Nível E, Classe I, Padrão de Vencimento 16, do Quadro de Pessoal da Universidade Federal de São Paulo, com base na primeira parte do inciso I, parágrafo 1º do artigo 186 e parágrafos 1° e 2° do Artigo 188 da Lei 8.112/90 c.c segunda parte do inciso I, do parágrafo 1º, do artigo 40 da Constituição Federal com a redação dada pela Emenda Constitucional nº 41 de 19/12/2003, com proventos integrais calculados pelo Art. 1º da Lei 10887/04 (Processo nº 23089.046679/2017-11).</p><p>Nº 4.912 - Conceder aposentadoria voluntária ao servidor DARTIU XAVIER DA SILVEIRA FILHO, Matrícula SIAPE nº 1139205, ocupante do cargo de Médico/Área, Nível E, Classe II, Padrão de Vencimento 16, do Quadro de Pessoal da Universidade Federal de São Paulo, com base no artigo 3°, incisos I a III e parágrafo único da EC n° 47/2005, com proventos integrais (Processo nº 23089.046706/2017-47).</p><p>Nº 4.913 - Conceder aposentadoria voluntária a servidora ELIANE FEITOSA OLIVEIRA, Matrícula SIAPE nº 1160838, ocupante do cargo de Assistente em Administração, Nível D, Classe II, Padrão de Vencimento 16, do Quadro de Pessoal da Universidade Federal de São Paulo, com base no artigo 3°, incisos I a III e parágrafo único da EC n° 47/2005, com proventos integrais (Processo nº 23089.046530/2017-23).</p><p>Nº 4.914 - Conceder aposentadoria voluntária ao servidor ORESTE PAULO LANZONI, Matrícula SIAPE nº 1139293, ocupante do cargo de Médico/Área, Nível E, Classe III, Padrão de Vencimento 16, do Quadro de Pessoal da Universidade Federal de São Paulo, com base no artigo 3°, incisos I a III e parágrafo único da EC n° 47/2005, com proventos integrais (Processo nº 23089.046603/2017-87).</p><p>Nº 4.915 - Conceder aposentadoria voluntária a servidora SOLANGE CLAUDINO, Matrícula SIAPE nº 1151806, ocupante do cargo de Auxiliar de Saúde, Nível C, Classe IV, Padrão de Vencimento 16, do Quadro de Pessoal da Universidade Federal de São Paulo, com base no artigo 3°, incisos I a III e parágrafo único da EC n° 47/2005, com proventos integrais (Processo nº 23089.046647/2017-15).</p><p>Nº 4.916 - Conceder aposentadoria voluntária a servidora VANIA MARIA ESCOBAR ALVES, Matrícula SIAPE nº 1449288, ocupante do cargo de Auxiliar de Enfermagem, Nível C, Classe IV, Padrão de Vencimento 09, do Quadro de Pessoal da Universidade Federal de São Paulo, com base no Artigo 40, Parágrafo 1º, Inciso III, Alínea "A" da Constituição Federal, com redação dada pela Emenda Constitucional nº 41/03, com proventos calculados com base no Artigo 1º da Lei 10.887/04 (Processo nº 23089.046648/2017-51).</p>]]></Texto>
    <Autores>
      <assina>MURCHED OMAR TAHA</assina>
    </Autores>
  </body>
</article></xml>