﻿<xml><article id="965182" name="Portaria Nº 427" idOficio="4626142" pubName="DO2" artType="Portaria" pubDate="02/01/2018" artClass="00014:00040:00000:00000:00000:00000:00000:00000:00000:00000:00025:00001" artSection="Ministério da Integração Nacional" artCategory="Superintendência do Desenvolvimento da Amazônia" artSize="8" artNotes="" numberPage="111" pdfPage="http://pesquisa.in.gov.br/imprensa/jsp/visualiza/index.jsp?data=02/01/2018&amp;jornal=529&amp;pagina=111" editionNumber="1">
  <body>
    <Identifica><![CDATA[Portaria Nº 427, DE 28 DE dezembro DE 2017]]></Identifica>
    <Data><![CDATA[]]></Data>
    <Ementa />
    <Titulo />
    <SubTitulo />
    <Texto><![CDATA[<p> O SUPERINTENDENTE DA SUPERINTENDÊNCIA DO DESENVOLVIMENTO DA AMAZÔNIA - SUDAM, no uso das atribuições que lhe confere o Decreto nº 8.275, de 27/06/2014, publicado no DOU de 30/06/2014 e alterações, bem como o Decreto Presidencial de 17/08/2015, publicado no DOU de 18/08/2015, resolve:</p><p>Art. 1º Designar o servidor KLENER KLENI COSTA BRYTO, matrícula SIAPE nº 2176796, como titular, e o servidor RAYMUNDO CARLOS DE MELO BATISTA, matrícula SIAPE nº 1098967, como substituto eventual, para executar a conformidade de Registro de Gestão, através da certificação de registros dos atos e fatos de execução orçamentária, financeira e patrimonial incluídos no Sistema Integrado de Administração Financeira-SIAFI, desta Autarquia, em conformidade com a Orientação Normativa/STN 6, de 31 de outubro de 2007.</p><p>Art. 2º Revogar a Portaria nº 256, de 26 de dezembro de 2014, publicada no DOU de 06 de janeiro de 2015, Seção 2.</p><p> </p>]]></Texto>
    <Autores>
      <assina>Paulo Roberto Correia da Silva</assina>
    </Autores>
  </body>
</article></xml>