﻿<xml><article id="962648" name="(Port. nº 2538-SEI-SE ) THIAGO P" idOficio="4625847" pubName="DO2" artType="Portaria" pubDate="02/01/2018" artClass="00013:00002:00000:00000:00000:00000:00000:00000:00000:00000:00025:00004" artSection="Ministério da Indústria, Comércio Exterior e Serviços" artCategory="Secretaria Executiva" artSize="8" artNotes="" numberPage="111" pdfPage="http://pesquisa.in.gov.br/imprensa/jsp/visualiza/index.jsp?data=02/01/2018&amp;jornal=529&amp;pagina=111" editionNumber="1">
  <body>
    <Identifica><![CDATA[PORTARIA Nº 2.538-SEI, DE 28 DE DEZEMBRO DE 2017]]></Identifica>
    <Data><![CDATA[]]></Data>
    <Ementa />
    <Titulo />
    <SubTitulo />
    <Texto><![CDATA[<p> O SECRETÁRIO-EXECUTIVO DO MINISTÉRIO DA INDÚSTRIA, COMÉRCIO EXTERIOR E SERVIÇOS, no uso da competência que lhe foi subdelegada pela Portaria GM/MDIC no  305, de 1o de novembro de 2016, e tendo em vista o disposto no Decreto no 8.917, de 29 de novembro de 2016, com suas alterações, e na Lei no 8.112, de 11 de dezembro de 1990, resolve:</p><p>Designar THIAGO PEREIRA DOS REIS para exercer o encargo de substituto do cargo em comissão de Chefe de Gabinete, código DAS 101.4, da Secretaria-Executiva deste Ministério, nos afastamentos e impedimentos legais ou regulamentares do titular do cargo.</p>]]></Texto>
    <Autores>
      <assina>MARCOS JORGE DE LIMA</assina>
    </Autores>
  </body>
</article></xml>