﻿<xml><article id="1022097" name="ATO_1213" idOficio="4625567" pubName="DO2" artType="Ato" pubDate="08/01/2018" artClass="00037:00007:00001:00000:00000:00000:00000:00000:00000:00000:00001:00039" artSection="Presidência" artCategory="Presidência" artSize="8" artNotes="" numberPage="48" pdfPage="http://pesquisa.in.gov.br/imprensa/jsp/visualiza/index.jsp?data=08/01/2018&amp;jornal=529&amp;pagina=48" editionNumber="5">
  <body>
    <Identifica><![CDATA[ATO Nº 1.213, DE 28 DE DEZEMBRO DE 2017]]></Identifica>
    <Data><![CDATA[]]></Data>
    <Ementa />
    <Titulo />
    <SubTitulo />
    <Texto><![CDATA[<p> O PRESIDENTE DO TRIBUNAL REGIONAL FEDERAL DA 1ª REGIÃO, no uso de suas atribuições legais e regimentais e tendo em vista o constante nos autos do PAe 0018177-95.2017.4.01.8004, resolve:</p><p>NOMEAR o servidor RODOLFO FARAH GIESEKE, Técnico Judiciário, do Quadro de Pessoal da Sede da Seção Judiciária do Estado de Minas Gerais, à disposição da Subseção Judiciária de Pouso Alegre, para exercer o Cargo em Comissão, Código CJ-3, de Diretor de Secretaria da 2ª Vara Federal daquela Subseção Judiciária, em decorrência da exoneração de Melissa Bisconsin Torres de Carvalho.</p>]]></Texto>
    <Autores>
      <assina>Desembargador Federal HILTON QUEIROZ</assina>
    </Autores>
  </body>
</article></xml>