﻿<xml><article id="1022058" name="867-RODRIGO E OUTROS -SJD- DIS-D" idOficio="4624274" pubName="DO2" artType="Portaria" pubDate="08/01/2018" artClass="00037:00004:00001:00002:00000:00000:00000:00000:00000:00000:00025:00009" artSection="Secretaria" artCategory="Secretaria" artSize="8" artNotes="" numberPage="45" pdfPage="http://pesquisa.in.gov.br/imprensa/jsp/visualiza/index.jsp?data=08/01/2018&amp;jornal=529&amp;pagina=45" editionNumber="5">
  <body>
    <Identifica><![CDATA[PORTARIA Nº 867, DE 26 DE DEZEMBRO DE 2017]]></Identifica>
    <Data><![CDATA[]]></Data>
    <Ementa />
    <Titulo />
    <SubTitulo />
    <Texto><![CDATA[<p> A DIRETORA-GERAL DA SECRETARIA DO SUPERIOR TRIBUNAL DE JUSTIÇA, com base no item 16.2, XI, b, do Manual de Organização e no disposto no art. 35, I, da Lei n. 8.112, de 11 de dezembro de 1990, resolve: </p><p>Art. 1º Efetuar as seguintes alterações na Coordenadoria de Triagem e Autuação de Processos Recursais, da Secretaria Judiciária:</p><p>I - Dispensar da função de confiança de Assistente II, código FC-2:</p><p>PABLO TARRAGÔ FONSÊCA GIORDANO, matrícula S054393;</p><p>KAIO HENRIQUE ARAÚJO CARPANEDA, matrícula S066600.</p><p>II - Designar para a função de confiança de Assistente II, código FC-2:</p><p>GABRIELA HADDAD TEIXEIRA, matrícula S069986, na vaga decorrente da dispensa de Pablo Tarragô Fonsêca Giordano;</p><p>GUIDO MILHOMEM DOURADO, matrícula S069935, na vaga decorrente da dispensa de Kaio Henrique Araújo Carpaneda.</p><p>Art. 2º Esta portaria entra em vigor na data de sua publicação.</p>]]></Texto>
    <Autores>
      <assina>Sulamita Avelino Cardoso Marques</assina>
    </Autores>
  </body>
</article></xml>