﻿<xml><article id="964694" name="portaria presidente 27.12" idOficio="4626050" pubName="DO2" artType="Portaria" pubDate="02/01/2018" artClass="00025:00022:00000:00000:00000:00000:00000:00000:00000:00000:00025:00001" artSection="Ministério do Meio Ambiente" artCategory="Instituto Chico Mendes de Conservação da Biodiversidade" artSize="8" artNotes="" numberPage="132" pdfPage="http://pesquisa.in.gov.br/imprensa/jsp/visualiza/index.jsp?data=02/01/2018&amp;jornal=529&amp;pagina=132" editionNumber="1">
  <body>
    <Identifica><![CDATA[PORTARIAS DE 27 DE DEZEMBRO DE 2017]]></Identifica>
    <Data><![CDATA[]]></Data>
    <Ementa />
    <Titulo />
    <SubTitulo />
    <Texto><![CDATA[<p> O PRESIDENTE DO INSTITUTO CHICO MENDES DE CONSERVAÇÃO DA BIODIVERSIDADE, no uso das competências atribuídas pelo artigo 24 do Decreto nº. 8.974, de 24 de janeiro de 2017, e pela Portaria nº. 2.154/Casa Civil, de 07 de novembro de 2016, publicada no Diário Oficial da União de 08 de novembro de 2016, resolve:</p><p>Nº 858 Designar TATIANE RODRIGUES LIMA, CPF 691.109.642-15, para exercer os encargos de substituto do Chefe de Unidade de Conservação II, Código FCPE-101.1, do Parque Nacional Mapinguari/AM, do Instituto Chico Mendes de Conservação da Biodiversidade, nos afastamentos, impedimentos legais ou regulamentares do titular e na vacância do cargo.</p><p>Nº 859 Dispensar, a pedido, PEDRO JOSE GONCALVES BENTO, CPF 032.887.119-23, do encargo de substituto do Chefe de Unidade de Conservação I, Código DAS-101.2, do Parque Nacional do Juruena, do Instituto Chico Mendes de Conservação da Biodiversidade.</p><p>Nº860 Designar JULIANA CARVALHO ARANTES, CPF 015.012.981-51, para exercer os encargos de substituto do Chefe de Unidade de Conservação I, Código DAS-101.2, do Parque Nacional do Juruena, do Instituto Chico Mendes de Conservação da Biodiversidade, nos afastamentos, impedimentos legais ou regulamentares do titular e na vacância do cargo.</p><p>Nº 861 Designar RODRIGO LEAL MORAES, CPF 691.642.822-87, para exercer os encargos de substituto do Chefe de Unidade de Conservação I, Código DAS-101.2, da Reserva Extrativista Maracanã, Reserva Extrativista Marinha Cuinarana e Reserva Extrativista Marinha Mocapajuba, do Instituto Chico Mendes de Conservação da Biodiversidade, nos afastamentos, impedimentos legais ou regulamentares do titular e na vacância do cargo.</p>]]></Texto>
    <Autores>
      <assina>RICARDO JOSE SOAVINSKI</assina>
    </Autores>
  </body>
</article></xml>