﻿<xml><article id="1186197" name="FOBM. Gabarito DOU" idOficio="4624431" pubName="DO2" artType="Ato" pubDate="19/01/2018" artClass="00037:00024:00000:00000:00000:00000:00000:00000:00000:00000:00001:00001" artSection="Poder Judiciário" artCategory="Tribunal Regional Eleitoral de Minas Gerais" artSize="8" artNotes="" numberPage="47" pdfPage="http://pesquisa.in.gov.br/imprensa/jsp/visualiza/index.jsp?data=19/01/2018&amp;jornal=529&amp;pagina=47" editionNumber="14">
  <body>
    <Identifica><![CDATA[ATO Nº 180, de 22 de dezembro de 2017]]></Identifica>
    <Data><![CDATA[]]></Data>
    <Ementa />
    <Titulo />
    <SubTitulo />
    <Texto><![CDATA[<p> O EXCELENTÍSSIMO SENHOR DESEMBARGADOR PRESIDENTE DO TRIBUNAL REGIONAL ELEITORAL DE MINAS GERAIS, no uso de suas atribuições e tendo em vista o Processo nº 1714731/2017, assinou o seguinte Ato:</p><p>concedendo aposentadoria voluntária por tempo de contribuição, com proventos integrais, a FÁTIMA DE OLIVEIRA BANDEIRA DE MELO, servidora ocupante do cargo efetivo de Técnico Judiciário, Área Administrativa, Classe C, Padrão 13, do Quadro de Pessoal deste Tribunal, lotada na Seção de Gerenciamento da Força de Trabalho e Estágios - SEGEF, em cargo criado pela Lei nº Lei nº 8.868/1994, nos termos do art. 3º da Emenda Constitucional nº 47/2005, incluídas as parcelas incorporadas, nos termos da Lei n.°  8.911/1994 c/c Resolução n.° 14.910/1994/TSE, Orientação Consultiva nº 21/1997­DENOR/SRH/MARE, da Lei nº 9.624/1998, da MP nº 2.225­45/2001 e da Lei nº 10.475/2002.</p>]]></Texto>
    <Autores>
      <assina>EDGARD PENNA AMORIM</assina>
    </Autores>
  </body>
</article></xml>