﻿<xml><article id="966316" name="PORTARIAS 559 a 561" idOficio="4626289" pubName="DO2" artType="Portaria" pubDate="02/01/2018" artClass="00012:00002:00012:00000:00000:00000:00000:00000:00000:00000:00025:00001" artSection="Subsecretaria de Planejamento, Orçamento e Administração" artCategory="Subsecretaria de Planejamento, Orçamento e Administração" artSize="8" artNotes="" numberPage="37" pdfPage="http://pesquisa.in.gov.br/imprensa/jsp/visualiza/index.jsp?data=02/01/2018&amp;jornal=529&amp;pagina=37" editionNumber="1">
  <body>
    <Identifica><![CDATA[PORTARIAS DE 29 DE DEZEMBRO DE 2017]]></Identifica>
    <Data><![CDATA[]]></Data>
    <Ementa />
    <Titulo />
    <SubTitulo />
    <Texto><![CDATA[<p> O SUBSECRETÁRIO DE PLANEJAMENTO, ORÇAMENTO E ADMINISTRAÇÃO SUBSTITUTO DA SECRETARIA EXECUTIVA DO MINISTÉRIO DA FAZENDA, no uso da competência que lhe foi subdelegada pelo inciso V, do art. 1º, da Portaria MF nº 393, de 14 de julho de 2009, alterada pela Portaria MF nº 100, de 28 de março de 2017, e considerando o exposto no Processo SEI nº 10199.100647/2017-71, resolve:</p><p>Nº 559 Dispensar, a partir de 13 de dezembro de 2017, FERNANDA PRUDÊNCIO DE MOURA SOBRINHO, Assistente Técnico-Administrativo, matrícula SIAPE nº 2054386, da Função Gratificada, código FG-1, da Coordenação-Geral de Gestão de Pessoas desta Subsecretaria de Planejamento, Orçamento e Administração.</p><p>Nº 560 Designar EDIMILSON SOARES DE LIMA, Auxiliar Operacional de Serviços Diversos, matrícula SIAPE nº 0130063, para exercer a Função Gratificada, código FG-1, da Coordenação-Geral de Gestão de Pessoas desta Subsecretaria de Planejamento, Orçamento e Administração, ficando dispensado da função que atualmente ocupa.</p><p>Nº 561 Designar PAULO JOSÉ PEREIRA DE OLIVEIRA, Agente de Portaria, matrícula SIAPE nº 94514, para exercer a Função Gratificada, código FG-3, na Coordenação-Geral de Gestão de Pessoas desta Subsecretaria de Planejamento, Orçamento e Administração.</p>]]></Texto>
    <Autores>
      <assina>FABRÍCIO MOURA MOREIRA</assina>
    </Autores>
  </body>
</article></xml>