﻿<xml><article id="964158" name="PRT. Nº 79- FRANCISCODEASSISSOUS" idOficio="4626010" pubName="DO2" artType="Portaria" pubDate="02/01/2018" artClass="00007:00030:00002:00003:00005:00000:00000:00000:00000:00000:00025:00002" artSection="Seção de Execução Orçamentária e Financeira" artCategory="Seção de Execução Orçamentária e Financeira" artSize="8" artNotes="" numberPage="6" pdfPage="http://pesquisa.in.gov.br/imprensa/jsp/visualiza/index.jsp?data=02/01/2018&amp;jornal=529&amp;pagina=6" editionNumber="1">
  <body>
    <Identifica><![CDATA[Portaria nº 79, de 28 de dezembro de 2017]]></Identifica>
    <Data><![CDATA[]]></Data>
    <Ementa />
    <Titulo />
    <SubTitulo />
    <Texto><![CDATA[<p> </p><p> O Diretor do Instituto Nacional de Meteorologia, no uso de suas atribuições que lhe são conferidas pelo item I da Portaria 238 de 28 de abril de 1998 da CRH/MAPA, resolve:</p><p> Conceder aposentadoria voluntaria, com proventos integrais, ao servidor Francisco de Assis Sousa Santos, SIAPE nº 24079, ocupante do cargo de Meteorologista, NS, classe S, padrão III, do quadro de pessoal deste Órgão, com fundamento no artigo 3º , da Emenda Constitucional nº 47/2005 ( Processo nº 21166.000063/2017-08).</p>]]></Texto>
    <Autores>
      <assina>JOSÉ MAURO DE REZENDE</assina>
      <cargo>Substituto</cargo>
    </Autores>
  </body>
</article></xml>