﻿<xml><article id="962720" name="2581_portaria_28_dezembro_2017_W" idOficio="4625870" pubName="DO2" artType="Portaria" pubDate="02/01/2018" artClass="00011:00076:00001:00000:00000:00000:00000:00000:00000:00000:00025:00001" artSection="Reitoria" artCategory="Reitoria" artSize="8" artNotes="" numberPage="26" pdfPage="http://pesquisa.in.gov.br/imprensa/jsp/visualiza/index.jsp?data=02/01/2018&amp;jornal=529&amp;pagina=26" editionNumber="1">
  <body>
    <Identifica><![CDATA[PORTARIA Nº 2.581, DE 28 DE DEZEMBRO DE 2017]]></Identifica>
    <Data><![CDATA[]]></Data>
    <Ementa />
    <Titulo />
    <SubTitulo />
    <Texto><![CDATA[<p> </p><p> O REITOR DO INSTITUTO FEDERAL DE EDUCAÇÃO, CIÊNCIA E TECNOLOGIA DO RIO GRANDE DO NORTE, no uso de suas atribuições legais e CONSIDERANDO o que consta no Processo nº 23057.025567.2017-95, de 2 de junho de 2017, resolve:</p><p>RETIFICAR a Portaria nº 2533/2017-Reitoria/IFRN, de 20 de dezembro de 2017, que autorizou o afastamento do país à servidora JAQUELINE ENGELMANN, Matrícula SIAPE nº 1545249, de modo que onde se lê: "[...] durante o período de 20 de julho de 2018 a 19 de setembro de 2019 [...]", leia-se: "[...] durante o período de 20 de julho de 2018 a 19 de julho de 2019 [...]".  </p><p> </p>]]></Texto>
    <Autores>
      <assina>WYLLYS ABEL FARKATT TABOSA</assina>
    </Autores>
  </body>
</article></xml>