﻿<xml><article id="966347" name="trt234423" idOficio="4626301" pubName="DO2" artType="Ato" pubDate="02/01/2018" artClass="00037:00063:00000:00000:00000:00000:00000:00000:00000:00000:00001:00001" artSection="Poder Judiciário" artCategory="Tribunal Regional do Trabalho da 23ª Região" artSize="8" artNotes="" numberPage="144" pdfPage="http://pesquisa.in.gov.br/imprensa/jsp/visualiza/index.jsp?data=02/01/2018&amp;jornal=529&amp;pagina=144" editionNumber="1">
  <body>
    <Identifica><![CDATA[ATO nº 127, de 29 de dezembro de 2017]]></Identifica>
    <Data><![CDATA[]]></Data>
    <Ementa />
    <Titulo />
    <SubTitulo />
    <Texto><![CDATA[<p> </p><p> A DESEMBARGADORA DO TRABALHO MARIA BEATRIZ THEODORO GOMES, PRESIDENTE DO TRIBUNAL REGIONAL DO TRABALHO DA 23ª REGIÃO, no uso de suas atribuições contidas no Regimento Interno, Considerando a decisão proferida no PROAD - 11873/2017, resolve:</p><p> Retificar o ATO TRT/DG/GP-073/2017 para onde se lê "..., no período de 11/12/2017 a 31/12/2017..." leia-se "...a partir do dia 11/12/2017 até ulterior deliberação...".</p><p> A DESEMBARGADORA DO TRABALHO MARIA BEATRIZ THEODORO GOMES, PRESIDENTE DO TRIBUNAL REGIONAL DO TRABALHO DA 23ª REGIÃO, no uso de suas atribuições contidas no Regimento Interno, Considerando a decisão proferida no PROAD - 11873/2017, resolve:</p><p> Retificar o ATO TRT/DG/GP-042/2017 para onde se lê "..., a partir da publicação deste Ato até 31.12.2017..." leia-se "...a partir da publicação deste Ato até ulterior deliberação...".</p><p> A DESEMBARGADORA DO TRABALHO MARIA BEATRIZ THEODORO GOMES, PRESIDENTE DO TRIBUNAL REGIONAL DO TRABALHO DA 23ª REGIÃO, no uso de suas atribuições contidas no Regimento Interno, Considerando a decisão proferida no PROAD - 11873/2017, resolve:</p><p> Retificar o ATO TRT/DG/GP-041/2017 para onde se lê "..., a partir da publicação deste Ato até 31.12.2017..." leia-se "...a partir da publicação deste Ato até ulterior deliberação...".</p>]]></Texto>
    <Autores>
      <assina>MARIA BEATRIZ THEODORO GOMES</assina>
      <assina>MARIA BEATRIZ THEODORO GOMES</assina>
      <assina>MARIA BEATRIZ THEODORO GOMES</assina>
    </Autores>
  </body>
</article></xml>