﻿<xml><article id="961888" name="PRFB5228a5406" idOficio="4624147" pubName="DO2" artType="Portaria" pubDate="02/01/2018" artClass="00012:00055:00000:00000:00000:00000:00000:00000:00000:00000:00025:00015" artSection="Ministério da Fazenda" artCategory="Secretaria da Receita Federal do Brasil" artSize="8" artNotes="" numberPage="76-77-78-85" pdfPage="http://pesquisa.in.gov.br/imprensa/jsp/visualiza/index.jsp?data=02/01/2018&amp;jornal=529&amp;pagina=76,http://pesquisa.in.gov.br/imprensa/jsp/visualiza/index.jsp?data=02/01/2018&amp;jornal=529&amp;pagina=77,http://pesquisa.in.gov.br/imprensa/jsp/visualiza/index.jsp?data=02/01/2018&amp;jornal=529&amp;pagina=78,http://pesquisa.in.gov.br/imprensa/jsp/visualiza/index.jsp?data=02/01/2018&amp;jornal=529&amp;pagina=85" editionNumber="1">
  <body>
    <Identifica><![CDATA[PORTARIAS DE 26 DE DEZEMBRO DE 2017]]></Identifica>
    <Data><![CDATA[]]></Data>
    <Ementa />
    <Titulo />
    <SubTitulo />
    <Texto><![CDATA[<p> O SECRETÁRIO DA RECEITA FEDERAL DO BRASIL, no uso das competências que lhe foram delegada e subdelegada, respectivamente, pelas Portarias MF nºs 392 e 393, de 14 de julho de 2009, alteradas pela Portaria MF nº 100, de 28 de março de 2017, resolve:</p><p>Nº 5.228 Dispensar, a partir de 01/01/2018, o Auditor-Fiscal da Receita Federal do Brasil MARISSON SANT ANNA DE SOUZA, matrícula SiapeCad nº 00013850, da Função Comissionada do Poder Executivo de Chefe da Divisão de Tecnologia da Informação - Ditec da Superintendência Regional da Receita Federal do Brasil da 10ª Região Fiscal (RS), Código FCPE-101.2.</p><p>Nº 5.229 Dispensar, a partir de 01/01/2018, o Analista-Tributário da Receita Federal do Brasil FERNANDO FERNANDES ZANIN, matrícula SiapeCad nº 00057796, do encargo de Substituto Eventual do Chefe da Divisão de Tecnologia da Informação - Ditec da Superintendência Regional da Receita Federal do Brasil da 10ª Região Fiscal (RS), Código FCPE-101.2.</p><p>Nº 5.230 Dispensar, a partir de 01/01/2018, o Auditor-Fiscal da Receita Federal do Brasil ANDRE LUIS FONSECA, matrícula SiapeCad nº 01292957, da Função Comissionada do Poder Executivo de Chefe da Divisão de Repressão ao Contrabando e Descaminho - Direp da Superintendência Regional da Receita Federal do Brasil da 10ª Região Fiscal (RS), Código FCPE-101.2.</p><p>Nº 5.231 Dispensar, a partir de 01/01/2018, o Auditor-Fiscal da Receita Federal do Brasil ARY ANDRE VELHO ROVARIS, matrícula SiapeCad nº 01131058, do encargo de Substituto Eventual do Chefe da Divisão de Repressão ao Contrabando e Descaminho - Direp da Superintendência Regional da Receita Federal do Brasil da 10ª Região Fiscal (RS), Código FCPE-101.2.</p><p>Nº 5.232 Dispensar, a partir de 01/01/2018, o Auditor-Fiscal da Receita Federal do Brasil GUSTAVO BUSATO, matrícula SiapeCad nº 00057516, da Função Comissionada do Poder Executivo de Chefe do Serviço de Acompanhamento dos Maiores Contribuintes - Semac da Superintendência Regional da Receita Federal do Brasil da 10ª Região Fiscal (RS), Código FCPE-101.1.</p><p>Nº 5.233 Dispensar, a partir de 01/01/2018, o Auditor-Fiscal da Receita Federal do Brasil ADEMAR ANGST, matrícula SiapeCad nº 00076265, da Função Gratificada de Chefe da Equipe de Repressão Aduaneira - ERA/1 da Superintendência Regional da Receita Federal do Brasil da 10ª Região Fiscal (RS), Código FG-1.</p><p>Nº 5.234 Dispensar, a partir de 01/01/2018, o Auditor-Fiscal da Receita Federal do Brasil ARY ANDRE VELHO ROVARIS, matrícula SiapeCad nº 01131058, da Função Gratificada de Chefe da Equipe de Repressão Aduaneira - ERA/2 da Superintendência Regional da Receita Federal do Brasil da 10ª Região Fiscal (RS), Código FG-1.</p><p>Nº 5.235 Dispensar, a partir de 01/01/2018, o Auditor-Fiscal da Receita Federal do Brasil LEONARDO ANDRES ASCENZI IGLESIAS, matrícula SiapeCad nº 01220557, da Função Gratificada de Chefe da Equipe de Repressão Aduaneira - ERA/3 da Superintendência Regional da Receita Federal do Brasil da 10ª Região Fiscal (RS), Código FG-1.</p><p>Nº 5.236 Dispensar, a partir de 01/01/2018, o Auditor-Fiscal da Receita Federal do Brasil JOSE HELIO JUSTO, matrícula SiapeCad nº 00064857, da Função Gratificada de Chefe da Equipe de Logística - ELG da Superintendência Regional da Receita Federal do Brasil da 10ª Região Fiscal (RS), Código FG-1.</p><p>Nº 5.237 Dispensar, a partir de 01/01/2018, o Auditor-Fiscal da Receita Federal do Brasil EDUARDO LIMA DE OLIVEIRA, matrícula SiapeCad nº 01247815, da Função Gratificada de Assistente da Superintendência Regional da Receita Federal do Brasil da 10ª Região Fiscal (RS), Código FG-1.</p><p>Nº 5.238 Dispensar, a partir de 01/01/2018, o Contador RODRIGO BEGNINI, matrícula SiapeCad nº 01982291, da Função Gratificada de Assistente da Superintendência Regional da Receita Federal do Brasil da 10ª Região Fiscal (RS), Código FG-3.</p><p>Nº 5.239 Dispensar, a partir de 01/01/2018, o Auditor-Fiscal da Receita Federal do Brasil TELMO MORAES FREITAS, matrícula SiapeCad nº 00017326, da Função Gratificada de Assistente da Superintendência Regional da Receita Federal do Brasil da 10ª Região Fiscal (RS), Código FG-3.</p><p>Nº 5.240 Dispensar, a partir de 01/01/2018, o Analista-Tributário da Receita Federal do Brasil CARLOS ALBERTO TISOTT, matrícula SiapeCad nº 00057753, da Função Gratificada de Chefe da Seção de Gestão de Mercadorias Apreendidas - Samap da Superintendência Regional da Receita Federal do Brasil da 10ª Região Fiscal (RS), Código FG-1.</p><p>Nº 5.241 Dispensar, a partir de 01/01/2018, o Analista-Tributário da Receita Federal do Brasil ANDRE LOHMANN CAUZZI, matrícula SiapeCad nº 01293393, da Função Comissionada do Poder Executivo de Chefe do Serviço de Tecnologia da Informação - Setec da Delegacia da Receita Federal do Brasil em Porto Alegre (RS), Código FCPE-101.1.</p><p>Nº 5.242 Dispensar, a partir de 01/01/2018, o Analista-Tributário da Receita Federal do Brasil EDUARDO AZAMBUJA LACERDA, matrícula SiapeCad nº 00017267, do encargo de Substituto Eventual do Chefe do Serviço de Tecnologia da Informação - Setec da Delegacia da Receita Federal do Brasil em Porto Alegre (RS), Código FCPE-101.1.</p><p>Nº 5.243 Dispensar, a partir de 01/01/2018, o Analista-Tributário da Receita Federal do Brasil VICTOR HUGO FAGUNDES GHIORZI, matrícula SiapeCad nº 00065013, da Função Comissionada do Poder Executivo de Chefe do Serviço de Programação e Logística - Sepol da Delegacia da Receita Federal do Brasil em Porto Alegre (RS), Código FCPE-101.1.</p><p>Nº 5.244 Dispensar, a partir de 01/01/2018, o Analista-Tributário da Receita Federal do Brasil CESAR SANTINI DE ABREU, matrícula SiapeCad nº 00057841, do encargo de Substituto Eventual do Chefe do Serviço de Programação e Logística - Sepol da Delegacia da Receita Federal do Brasil em Porto Alegre (RS), Código FCPE-101.1.</p><p>Nº 5.245 Dispensar, a partir de 01/01/2018, o Analista-Tributário da Receita Federal do Brasil RAFAEL WEBBER BOCK, matrícula SiapeCad nº 00057741, da Função Comissionada do Poder Executivo de Chefe do Centro de Atendimento ao Contribuinte - CAC/Porto Alegre 1 da Delegacia da Receita Federal do Brasil em Porto Alegre (RS), Código FCPE-101.1.</p><p>Nº 5.246 Dispensar, a partir de 01/01/2018, a Analista-Tributário da Receita Federal do Brasil ONEIDES DAS GRACAS BATAGLIN GONCALVES, matrícula SiapeCad nº 00013607, do encargo de Substituto Eventual do Chefe do Centro de Atendimento ao Contribuinte - CAC/Porto Alegre 1 da Delegacia da Receita Federal do Brasil em Porto Alegre (RS), Código FCPE-101.1.</p><p>Nº 5.247 Dispensar, a partir de 01/01/2018, a Técnico do Seguro Social PATRICIA BASTOS DE LIMA ANDRADE, matrícula SiapeCad nº 00879561, da Função Comissionada do Poder Executivo de Chefe do Centro de Atendimento ao Contribuinte - CAC/Porto Alegre 2 da Delegacia da Receita Federal do Brasil em Porto Alegre (RS), Código FCPE-101.1.</p><p>Nº 5.248 Dispensar, a partir de 01/01/2018, o Técnico do Seguro Social RAMAO SOSNOWSKI, matrícula SiapeCad nº 00856824, do encargo de Substituto Eventual do Chefe do Centro de Atendimento ao Contribuinte - CAC/Porto Alegre 2 da Delegacia da Receita Federal do Brasil em Porto Alegre (RS), Código FCPE-101.1.</p><p>Nº 5.249 Dispensar, a partir de 01/01/2018, a Analista-Tributário da Receita Federal do Brasil ONEIDES DAS GRACAS BATAGLIN GONCALVES, matrícula SiapeCad nº 00013607, da Função Comissionada do Poder Executivo de Chefe do Centro de Atendimento ao Contribuinte - CAC/Porto Alegre 3 da Delegacia da Receita Federal do Brasil em Porto Alegre (RS), Código FCPE-101.1.</p><p>Nº 5.250 Dispensar, a partir de 01/01/2018, a Analista-Tributário da Receita Federal do Brasil GIOVANA PEDRINI MARTINS, matrícula SiapeCad nº 01213794, do encargo de Substituto Eventual do Chefe do Centro de Atendimento ao Contribuinte - CAC/Porto Alegre 3 da Delegacia da Receita Federal do Brasil em Porto Alegre (RS), Código FCPE-101.1.</p><p>Nº 5.251 Dispensar, a partir de 01/01/2018, o Auditor-Fiscal da Receita Federal do Brasil PAULO VICENTE DA SILVA, matrícula SiapeCad nº 00064825, da Função Gratificada de Chefe da Seção de Programação, Avaliação e Controle da Atividade Fiscal - Sapac da Delegacia da Receita Federal do Brasil em Porto Alegre (RS), Código FG-1.</p><p>Nº 5.252 Dispensar, a partir de 01/01/2018, o Auditor-Fiscal da Receita Federal do Brasil NELSON BRASIL FERREIRA, matrícula SiapeCad nº 00881180, da Função Gratificada de Chefe da Equipe de Arrecadação e Cobrança - EAC/4 da Delegacia da Receita Federal do Brasil em Porto Alegre (RS), Código FG-1.</p><p>Nº 5.253 Dispensar, a partir de 01/01/2018, o Analista-Tributário da Receita Federal do Brasil RAUL JOSE RIBEIRO FILHO, matrícula SiapeCad nº 00012223, da Função Gratificada de Chefe da Equipe de Gestão de Pessoas - EGP da Delegacia da Receita Federal do Brasil em Porto Alegre (RS), Código FG-1.</p><p>Nº 5.254 Dispensar, a partir de 01/01/2018, a Analista-Tributário da Receita Federal do Brasil CLAUDIA LAFAYETTE LINHARES FIGUEIRO, matrícula SiapeCad nº 01293131, da Função Gratificada de Chefe da Equipe de Atendimento ao Contribuinte - EAT da Agência da Receita Federal do Brasil em Guaiba (RS), jurisdição da Delegacia da Receita Federal do Brasil em Porto Alegre (RS), Código FG-3.</p><p>Nº 5.255 Dispensar, a partir de 01/01/2018, o Agente de Portaria LUIS CARLOS DOS SANTOS, matrícula SiapeCad nº 00013676, da Função Gratificada de Chefe da Equipe de Atendimento ao Contribuinte - EAT da Agência da Receita Federal do Brasil em Torres (RS), jurisdição da Delegacia da Receita Federal do Brasil em Porto Alegre (RS), Código FG-3.</p><p>Nº 5.256 Dispensar, a partir de 01/01/2018, o Analista-Tributário da Receita Federal do Brasil PEDRO OSVINO KNOB, matrícula SiapeCad nº 01291623, da Função Comissionada do Poder Executivo de Agente da Receita Federal do Brasil em Viamao (RS), jurisdição da Delegacia da Receita Federal do Brasil em Porto Alegre (RS), Código FCPE-101.1.</p><p>Nº 5.257 Dispensar, a partir de 01/01/2018, o Analista-Tributário da Receita Federal do Brasil FABRICIO RODRIGUES COSTA, matrícula SiapeCad nº 00068777, do encargo de Substituto Eventual do Agente da Receita Federal do Brasil em Viamao (RS), jurisdição da Delegacia da Receita Federal do Brasil em Porto Alegre (RS), Código FCPE-101.1.</p><p>Nº 5.258 Dispensar, a partir de 01/01/2018, o Analista-Tributário da Receita Federal do Brasil FABRICIO RODRIGUES COSTA, matrícula SiapeCad nº 00068777, da Função Gratificada de Chefe da Equipe de Atendimento ao Contribuinte - EAT/1 da Agência da Receita Federal do Brasil em Viamao (RS), jurisdição da Delegacia da Receita Federal do Brasil em Porto Alegre (RS), Código FG-2.</p><p>Nº 5.259 Dispensar, a partir de 01/01/2018, o Analista-Tributário da Receita Federal do Brasil AGUSTIN JAIME DA ROSA PERNAS, matrícula SiapeCad nº 00015603, da Função Gratificada de Chefe da Seção de Tecnologia da Informação - Satec da Delegacia da Receita Federal do Brasil em Pelotas (RS), Código FG-1.</p><p>Nº 5.260 Dispensar, a partir de 01/01/2018, o Técnico do Seguro Social PAULO RICARDO RIBEIRO FLORES, matrícula SiapeCad nº 00856180, da Função Gratificada de Chefe da Equipe de Atendimento ao Contribuinte - EAT da Agência da Receita Federal do Brasil em Camaqua (RS), jurisdição da Delegacia da Receita Federal do Brasil em Pelotas (RS), Código FG-3.</p><p>Nº 5.261 Dispensar, a partir de 01/01/2018, o Auditor-Fiscal da Receita Federal do Brasil ANDRE RICARDO GALLAS, matrícula SiapeCad nº 00016002, da Função Gratificada de Chefe do Setor de Fiscalização e de Controle Aduaneiro - Siana da Inspetoria da Receita Federal do Brasil em Jaguarao (RS), jurisdição da Delegacia da Receita Federal do Brasil em Pelotas (RS), Código FG-2.</p><p>Nº 5.262 Dispensar, a partir de 01/01/2018, a Analista-Tributário da Receita Federal do Brasil RITA JANETE CORREA MACHADO KNORR, matrícula SiapeCad nº 01292368, da Função Gratificada de Chefe do Setor de Arrecadação e Cobrança - Sorac da Inspetoria da Receita Federal do Brasil em Jaguarao (RS), jurisdição da Delegacia da Receita Federal do Brasil em Pelotas (RS), Código FG-2.</p><p>Nº 5.263 Dispensar, a partir de 01/01/2018, o Analista-Tributário da Receita Federal do Brasil IGNACIO PEREIRA MARRERO JUNIOR, matrícula SiapeCad nº 00017748, da Função Gratificada de Chefe do Setor de Arrecadação e Cobrança - Sorac da Inspetoria da Receita Federal do Brasil em Bagé (RS), jurisdição da Delegacia da Receita Federal do Brasil em Pelotas (RS), Código FG-2.</p><p>Nº 5.264 Dispensar, a partir de 01/01/2018, o Auditor-Fiscal da Receita Federal do Brasil GLAUCIO NASCIMENTO DE ABREU, matrícula SiapeCad nº 00676408, da Função Gratificada de Chefe do Setor de Fiscalização e de Controle Aduaneiro - Siana da Inspetoria da Receita Federal do Brasil em Bagé (RS), jurisdição da Delegacia da Receita Federal do Brasil em Pelotas (RS), Código FG-2.</p><p>Nº 5.265 Dispensar, a partir de 01/01/2018, o Analista-Tributário da Receita Federal do Brasil AIRTON CHIRIVINO AMESTOY, matrícula SiapeCad nº 00057814, da Função Gratificada de Chefe da Equipe de Atendimento ao Contribuinte - EAT da Inspetoria da Receita Federal do Brasil em Bagé (RS), jurisdição da Delegacia da Receita Federal do Brasil em Pelotas (RS), Código FG-3.</p><p>Nº 5.266 Dispensar, a partir de 01/01/2018, o Analista-Tributário da Receita Federal do Brasil EDISON JOSIAS QUAIATTO, matrícula SiapeCad nº 00068544, da Função Gratificada de Chefe da Seção de Tecnologia da Informação - Satec da Delegacia da Receita Federal do Brasil em Santa Maria (RS), Código FG-1.</p><p>Nº 5.267 Dispensar, a partir de 01/01/2018, o Auditor-Fiscal da Receita Federal do Brasil DAINY PACHEC7O DOS SANTOS, matrícula SiapeCad nº 01653443, da Função Gratificada de Chefe da Equipe de Repressão Aduaneira - ERA da Delegacia da Receita Federal do Brasil em Santa Maria (RS), Código FG-3.</p><p>Nº 5.268 Dispensar, a partir de 01/01/2018, a Assistente Técnico-Administrativo RENATA SCARPARO CASTAGNINO, matrícula SiapeCad nº 01973808, da Função Gratificada de Chefe da Equipe de Atendimento ao Contribuinte - EAT da Agência da Receita Federal do Brasil em Cachoeira do Sul (RS), jurisdição da Delegacia da Receita Federal do Brasil em Santa Maria (RS), Código FG-3.</p><p>Nº 5.269 Dispensar, a partir de 01/01/2018, a Técnico do Seguro Social CRISTINA MACHADO REBELO, matrícula SiapeCad nº 01217014, da Função Gratificada de Chefe da Equipe de Atendimento ao Contribuinte - EAT da Agência da Receita Federal do Brasil em Santiago (RS), jurisdição da Delegacia da Receita Federal do Brasil em Santa Maria (RS), Código FG-3.</p><p>Nº 5.270 Dispensar, a partir de 01/01/2018, o Técnico do Seguro Social VALDEMAR DAPPER FURTAT, matrícula SiapeCad nº 00856231, da Função Gratificada de Chefe da Equipe de Atendimento ao Contribuinte - EAT da Agência da Receita Federal do Brasil em Sao Gabriel (RS), jurisdição da Delegacia da Receita Federal do Brasil em Santa Maria (RS), Código FG-3.</p><p>Nº 5.271 Dispensar, a partir de 01/01/2018, a Assistente Técnico-Administrativo MELISSA FERNANDES GERALDO MAFALDO, matrícula SiapeCad nº 01972746, da Função Gratificada de Chefe da Equipe de Atendimento ao Contribuinte - EAT da Agência da Receita Federal do Brasil em Alegrete (RS), jurisdição da Delegacia da Receita Federal do Brasil em Santa Maria (RS), Código FG-3.</p><p>Nº 5.272 Dispensar, a partir de 01/01/2018, o Analista-Tributário da Receita Federal do Brasil VLADEMIR JOSE TRES, matrícula SiapeCad nº 00009455, da Função Gratificada de Chefe da Seção de Tecnologia da Informação - Satec da Delegacia da Receita Federal do Brasil em Passo Fundo (RS), Código FG-1.</p><p>Nº 5.273 Dispensar, a partir de 01/01/2018, o Auditor-Fiscal da Receita Federal do Brasil SANDRO JOSE PIOLA, matrícula SiapeCad nº 01292457, da Função Gratificada de Chefe da Equipe de Fiscalização - EFI/3 da Delegacia da Receita Federal do Brasil em Passo Fundo (RS), Código FG-2.</p><p>Nº 5.274 Dispensar, a partir de 01/01/2018, o Técnico do Seguro Social LUIZ CARLOS CHAVES CORREA, matrícula SiapeCad nº 00856978, da Função Gratificada de Chefe da Equipe de Atendimento ao Contribuinte - EAT da Agência da Receita Federal do Brasil em Lagoa Vermelha (RS), jurisdição da Delegacia da Receita Federal do Brasil em Passo Fundo (RS), Código FG-3.</p><p>Nº 5.275 Dispensar, a partir de 01/01/2018, o Analista-Tributário da Receita Federal do Brasil MAURO KARDEL HOTT, matrícula SiapeCad nº 01292250, da Função Comissionada do Poder Executivo de Chefe do Serviço de Tecnologia da Informação - Setec da Delegacia da Receita Federal do Brasil em Caxias do Sul (RS), Código FCPE-101.1.</p><p>Nº 5.276 Dispensar, a partir de 01/01/2018, o Analista-Tributário da Receita Federal do Brasil MARCIO ROSSI TRONCA, matrícula SiapeCad nº 00017314, do encargo de Substituto Eventual do Chefe do Serviço de Tecnologia da Informação - Setec da Delegacia da Receita Federal do Brasil em Caxias do Sul (RS), Código FCPE-101.1.</p><p>Nº 5.277 Dispensar, a partir de 01/01/2018, o Auditor-Fiscal da Receita Federal do Brasil LEANDRO FERRARI, matrícula SiapeCad nº 01292320, da Função Gratificada de Chefe da Equipe de Fiscalização - EFI/5 da Delegacia da Receita Federal do Brasil em Caxias do Sul (RS), Código FG-1.</p><p>Nº 5.278 Dispensar, a partir de 01/01/2018, o Auditor-Fiscal da Receita Federal do Brasil ROGERIO WILSON ANSELMO, matrícula SiapeCad nº 01291938, da Função Gratificada de Chefe da Equipe de Fiscalização - EFI/6 da Delegacia da Receita Federal do Brasil em Caxias do Sul (RS), Código FG-1.</p><p>Nº 5.279 Dispensar, a partir de 01/01/2018, o Auditor-Fiscal da Receita Federal do Brasil RENATO HENKES, matrícula SiapeCad nº 01291446, da Função Gratificada de Chefe da Equipe Aduaneira - EAD da Delegacia da Receita Federal do Brasil em Caxias do Sul (RS), Código FG-3.</p><p>Nº 5.280 Dispensar, a partir de 01/01/2018, a Técnico do Seguro Social MAGDA ROSANE FERNANDES BALDASSARI, matrícula SiapeCad nº 00804778, da Função Gratificada de Chefe da Equipe de Atendimento ao Contribuinte - EAT/2 da Agência da Receita Federal do Brasil em Bento Goncalves (RS), jurisdição da Delegacia da Receita Federal do Brasil em Caxias do Sul (RS), Código FG-2.</p><p>Nº 5.281 Dispensar, a partir de 01/01/2018, a Analista-Tributário da Receita Federal do Brasil CATIA ERENO VIERO, matrícula SiapeCad nº 01810887, da Função Gratificada de Chefe da Equipe de Atendimento ao Contribuinte - EAT da Agência da Receita Federal do Brasil em Canela (RS), jurisdição da Delegacia da Receita Federal do Brasil em Caxias do Sul (RS), Código FG-3.</p><p>Nº 5.282 Dispensar, a partir de 01/01/2018, o Analista-Tributário da Receita Federal do Brasil VINICIUS OLIVEIRA FRAGA, matrícula SiapeCad nº 01878335, da Função Gratificada de Chefe da Equipe de Atendimento ao Contribuinte - EAT da Agência da Receita Federal do Brasil em Vacaria (RS), jurisdição da Delegacia da Receita Federal do Brasil em Caxias do Sul (RS), Código FG-3.</p><p>Nº 5.283 Dispensar, a partir de 01/01/2018, o Analista-Tributário da Receita Federal do Brasil FERNANDO ZAFALON PIEPER, matrícula SiapeCad nº 01304188, da Função Gratificada de Chefe da Equipe de Atendimento ao Contribuinte - EAT da Agência da Receita Federal do Brasil em Veranopolis (RS), jurisdição da Delegacia da Receita Federal do Brasil em Caxias do Sul (RS), Código FG-3.</p><p>Nº 5.284 Dispensar, a partir de 01/01/2018, o Analista-Tributário da Receita Federal do Brasil CESAR CARDOSO PIRES, matrícula SiapeCad nº 01213972, da Função Comissionada do Poder Executivo de Chefe do Serviço de Tecnologia da Informação - Setec da Delegacia da Receita Federal do Brasil em Novo Hamburgo (RS), Código FCPE-101.1.</p><p>Nº 5.285 Dispensar, a partir de 01/01/2018, o Analista-Tributário da Receita Federal do Brasil LUCAS MORAIS AITA, matrícula SiapeCad nº 01811020, do encargo de Substituto Eventual do Chefe do Serviço de Tecnologia da Informação - Setec da Delegacia da Receita Federal do Brasil em Novo Hamburgo (RS), Código FCPE-101.1.</p><p>Nº 5.286 Dispensar, a partir de 01/01/2018, a Auditora-Fiscal da Receita Federal do Brasil MARIA AGLAE TOLEDO FREITAS, matrícula SiapeCad nº 01169502, da Função Gratificada de Chefe da Seção de Programação, Avaliação e Controle da Atividade Fiscal - Sapac da Delegacia da Receita Federal do Brasil em Novo Hamburgo (RS), Código FG-1.</p><p>Nº 5.287 Dispensar, a partir de 01/01/2018, a Auditora-Fiscal da Receita Federal do Brasil JANAINA FLORES FURQUIM IZAGUIRRE, matrícula SiapeCad nº 01291674, da Função Gratificada de Chefe da Equipe de Fiscalização - EFI/1 da Delegacia da Receita Federal do Brasil em Novo Hamburgo (RS), Código FG-1.</p><p>Nº 5.288 Dispensar, a partir de 01/01/2018, o Auditor-Fiscal da Receita Federal do Brasil GILMAR GOLDANI, matrícula SiapeCad nº 00011684, da Função Gratificada de Chefe da Equipe de Fiscalização - EFI/6 da Delegacia da Receita Federal do Brasil em Novo Hamburgo (RS), Código FG-1.</p><p>Nº 5.289 Dispensar, a partir de 01/01/2018, o Auditor-Fiscal da Receita Federal do Brasil ANDRE LUIZ CEZAR DEZAN, matrícula SiapeCad nº 01292134, da Função Gratificada de Chefe da Equipe Aduaneira - EAD/1 da Delegacia da Receita Federal do Brasil em Novo Hamburgo (RS), Código FG-1.</p><p>Nº 5.290 Dispensar, a partir de 01/01/2018, o Auditor-Fiscal da Receita Federal do Brasil CESAR CLEDI BUENO OLIVEIRA, matrícula SiapeCad nº 00009127, da Função Gratificada de Chefe da Equipe Aduaneira - EAD/2 da Delegacia da Receita Federal do Brasil em Novo Hamburgo (RS), Código FG-2.</p><p>Nº 5.291 Dispensar, a partir de 01/01/2018, o Analista-Tributário da Receita Federal do Brasil VINICIUS RODRIGUES REGGIO, matrícula SiapeCad nº 01292637, da Função Gratificada de Chefe da Equipe Aduaneira - EAD/3 da Delegacia da Receita Federal do Brasil em Novo Hamburgo (RS), Código FG-2.</p><p>Nº 5.292 Dispensar, a partir de 01/01/2018, o Analista do Seguro Social JOSE TAIRONE RODRIGUES DA SILVA, matrícula SiapeCad nº 01180344, da Função Gratificada de Chefe da Equipe de Atendimento ao Contribuinte - EAT/2 da Agência da Receita Federal do Brasil em Sao Leopoldo (RS), jurisdição da Delegacia da Receita Federal do Brasil em Novo Hamburgo (RS), Código FG-2.</p><p>Nº 5.293 Dispensar, a partir de 01/01/2018, o Analista-Tributário da Receita Federal do Brasil CARLOS SACCOL CAUDURO, matrícula SiapeCad nº 01811120, da Função Gratificada de Chefe da Equipe de Atendimento ao Contribuinte - EAT/2 da Agência da Receita Federal do Brasil em Canoas (RS), jurisdição da Delegacia da Receita Federal do Brasil em Novo Hamburgo (RS), Código FG-2.</p><p>Nº 5.294 Dispensar, a partir de 01/01/2018, o Auditor-Fiscal da Receita Federal do Brasil CARLOS JESUS PINTO DE MORAES, matrícula SiapeCad nº 00087657, da Função Gratificada de Chefe da Seção de Administração Aduaneira - Saana da Delegacia da Receita Federal do Brasil em Santo Angelo (RS), Código FG-1.</p><p>Nº 5.295 Dispensar, a partir de 01/01/2018, o Analista-Tributário da Receita Federal do Brasil NEREU RODOLFO ENGEL, matrícula SiapeCad nº 00087461, da Função Gratificada de Chefe da Seção de Tecnologia da Informação - Satec da Delegacia da Receita Federal do Brasil em Santo Angelo (RS), Código FG-1.</p><p>Nº 5.296 Dispensar, a partir de 01/01/2018, o Técnico do Seguro Social EUGENIO PEREIRA NETO, matrícula SiapeCad nº 00806102, da Função Gratificada de Chefe da Equipe de Atendimento ao Contribuinte - EAT da Agência da Receita Federal do Brasil em Cruz Alta (RS), jurisdição da Delegacia da Receita Federal do Brasil em Santo Angelo (RS), Código FG-3.</p><p>Nº 5.297 Dispensar, a partir de 01/01/2018, o Analista-Tributário da Receita Federal do Brasil MARCOS POHL, matrícula SiapeCad nº 00057781, da Função Gratificada de Agente da Receita Federal do Brasil em Santa Rosa (RS), jurisdição da Delegacia da Receita Federal do Brasil em Santo Angelo (RS), Código FG-1.</p><p>Nº 5.298 Dispensar, a partir de 01/01/2018, a Técnico do Seguro Social NEUZA MARIA BORDIN DOS SANTOS, matrícula SiapeCad nº 00856306, da Função Gratificada de Chefe da Equipe de Atendimento ao Contribuinte - EAT da Agência da Receita Federal do Brasil em Santa Rosa (RS), jurisdição da Delegacia da Receita Federal do Brasil em Santo Angelo (RS), Código FG-3.</p><p>Nº 5.299 Dispensar, a partir de 01/01/2018, a Assistente Técnico-Administrativo LAURA ALVES FALCAO, matrícula SiapeCad nº 02000272, da Função Gratificada de Agente da Receita Federal do Brasil em Sao Luiz Gonzaga (RS), jurisdição da Delegacia da Receita Federal do Brasil em Santo Angelo (RS), Código FG-1.</p><p>Nº 5.300 Dispensar, a partir de 01/01/2018, a Técnico do Seguro Social ROSELENA TEIXEIRA HOFFMANN, matrícula SiapeCad nº 00856474, da Função Gratificada de Chefe da Equipe de Atendimento ao Contribuinte - EAT da Agência da Receita Federal do Brasil em Sao Luiz Gonzaga (RS), jurisdição da Delegacia da Receita Federal do Brasil em Santo Angelo (RS), Código FG-3.</p><p>Nº 5.301 Dispensar, a partir de 01/01/2018, a Técnico do Seguro Social MAIZA GRUBER PAGEL, matrícula SiapeCad nº 00858976, da Função Gratificada de Agente da Receita Federal do Brasil em Palmeira das Missões (RS), jurisdição da Delegacia da Receita Federal do Brasil em Santo Angelo (RS), Código FG-3.</p><p>Nº 5.302 Dispensar, a partir de 01/01/2018, a Auditora-Fiscal da Receita Federal do Brasil MARTHA PAES BORMANN, matrícula SiapeCad nº 01519380, da Função Gratificada de Chefe do Setor de Fiscalização e de Controle Aduaneiro - Siana da Inspetoria da Receita Federal do Brasil em Porto Xavier (RS), jurisdição da Delegacia da Receita Federal do Brasil em Santo Angelo (RS), Código FG-2.</p><p>Nº 5.303 Dispensar, a partir de 01/01/2018, o Assistente Técnico-Administrativo ALBERTO MARIO DA ROSA, matrícula SiapeCad nº 01491331, da Função Gratificada de Chefe do Setor de Arrecadação e Cobrança - Sorac da Inspetoria da Receita Federal do Brasil em Porto Xavier (RS), jurisdição da Delegacia da Receita Federal do Brasil em Santo Angelo (RS), Código FG-2.</p><p>Nº 5.304 Dispensar, a partir de 01/01/2018, o Analista-Tributário da Receita Federal do Brasil PAULO ELISEU WEBER, matrícula SiapeCad nº 01819199, da Função Gratificada de Chefe da Equipe Aduaneira - EAD da Inspetoria da Receita Federal do Brasil em Porto Xavier (RS), jurisdição da Delegacia da Receita Federal do Brasil em Santo Angelo (RS), Código FG-1.</p><p>Nº 5.305 Dispensar, a partir de 01/01/2018, o Analista-Tributário da Receita Federal do Brasil PAULO WINK, matrícula SiapeCad nº 00057783, da Função Gratificada de Inspetor-Chefe da Receita Federal do Brasil em Tres Passos (RS), jurisdição da Delegacia da Receita Federal do Brasil em Santo Angelo (RS), Código FG-1.</p><p>Nº 5.306 Dispensar, a partir de 01/01/2018, a Assistente Técnico-Administrativo CRISTIELLE REGINA KREIN, matrícula SiapeCad nº 01870799, da Função Gratificada de Chefe da Equipe de Atendimento ao Contribuinte - EAT da Inspetoria da Receita Federal do Brasil em Tres Passos (RS), jurisdição da Delegacia da Receita Federal do Brasil em Santo Angelo (RS), Código FG-3.</p><p>Nº 5.307 Exonerar, a partir de 01/01/2018, o Auditor-Fiscal da Receita Federal do Brasil CLAUDIO AFONSO JAUREGUY MONTANO, matrícula SiapeCad nº 00803708, do cargo em comissão de Delegado da Receita Federal do Brasil em Uruguaiana (RS), Código DAS-101.3.</p><p>Nº 5.308 Dispensar, a partir de 01/01/2018, o Auditor-Fiscal da Receita Federal do Brasil WILSIMAR GARCIA JUNIOR, matrícula SiapeCad nº 01814944, do encargo de Substituto Eventual do Delegado da Receita Federal do Brasil em Uruguaiana (RS), Código DAS-101.3.</p><p>Nº 5.309 Dispensar, a partir de 01/01/2018, o Auditor-Fiscal da Receita Federal do Brasil WILSIMAR GARCIA JUNIOR, matrícula SiapeCad nº 01814944, da Função Comissionada do Poder Executivo de Delegado-Adjunto da Receita Federal do Brasil em Uruguaiana (RS), Código FCPE-101.2.</p><p>Nº 5.310 Dispensar, a partir de 01/01/2018, o Auditor-Fiscal da Receita Federal do Brasil EDEVALDO MARONEZE DE ANDRADE, matrícula SiapeCad nº 02005686, da Função Comissionada do Poder Executivo de Chefe do Serviço de Controle e Acompanhamento Tributário - Secat da Delegacia da Receita Federal do Brasil em Uruguaiana (RS), Código FCPE-101.1.</p><p>Nº 5.311 Dispensar, a partir de 01/01/2018, o Analista-Tributário da Receita Federal do Brasil BRUNO RODRIGUES BORDIN, matrícula SiapeCad nº 01877545, do encargo de Substituto Eventual do Chefe do Serviço de Controle e Acompanhamento Tributário - Secat da Delegacia da Receita Federal do Brasil em Uruguaiana (RS), Código FCPE-101.1.</p><p>Nº 5.312 Dispensar, a partir de 01/01/2018, o Analista-Tributário da Receita Federal do Brasil VALTER JOSE GOMES DE MEDEIROS, matrícula SiapeCad nº 00015415, da Função Comissionada do Poder Executivo de Chefe do Serviço de Programação e Logística - Sepol da Delegacia da Receita Federal do Brasil em Uruguaiana (RS), Código FCPE-101.1.</p><p>Nº 5.313 Dispensar, a partir de 01/01/2018, a Analista-Tributário da Receita Federal do Brasil ELIS TEREZINHA ALVES VICOSA, matrícula SiapeCad nº 00011111, do encargo de Substituto Eventual do Chefe do Serviço de Programação e Logística - Sepol da Delegacia da Receita Federal do Brasil em Uruguaiana (RS), Código FCPE-101.1.</p><p>Nº 5.314 Dispensar, a partir de 01/01/2018, o Auditor-Fiscal da Receita Federal do Brasil DYONATHANN PADOIN, matrícula SiapeCad nº 01324017, da Função Comissionada do Poder Executivo de Chefe do Serviço de Administração Aduaneira - Seana da Delegacia da Receita Federal do Brasil em Uruguaiana (RS), Código FCPE-101.1.</p><p>Nº 5.315 Dispensar, a partir de 01/01/2018, o Auditor-Fiscal da Receita Federal do Brasil RICARDO LEITE LEAL, matrícula SiapeCad nº 01879629, do encargo de Substituto Eventual do Chefe do Serviço de Administração Aduaneira - Seana da Delegacia da Receita Federal do Brasil em Uruguaiana (RS), Código FCPE-101.1.</p><p>Nº 5.316 Dispensar, a partir de 01/01/2018, o Auditor-Fiscal da Receita Federal do Brasil GIULIO CERVO RECHIA, matrícula SiapeCad nº 01293619, da Função Comissionada do Poder Executivo de Chefe do Serviço de Despacho Aduaneiro - Sedad da Delegacia da Receita Federal do Brasil em Uruguaiana (RS), Código FCPE-101.1.</p><p>Nº 5.317 Dispensar, a partir de 01/01/2018, o Auditor-Fiscal da Receita Federal do Brasil ALEXANDRE ZORZO RIGHES, matrícula SiapeCad nº 01951007, do encargo de Substituto Eventual do Chefe do Serviço de Despacho Aduaneiro - Sedad da Delegacia da Receita Federal do Brasil em Uruguaiana (RS), Código FCPE-101.1.</p><p>Nº 5.318 Dispensar, a partir de 01/01/2018, o Auditor-Fiscal da Receita Federal do Brasil OTMAR WEIRICH NETO, matrícula SiapeCad nº 01492064, da Função Gratificada de Chefe da Seção de Orientação e Análise Tributária - Saort da Delegacia da Receita Federal do Brasil em Uruguaiana (RS), Código FG-1.</p><p>Nº 5.319 Dispensar, a partir de 01/01/2018, a Analista-Tributário da Receita Federal do Brasil PATRICIA BIANCHI MACHADO, matrícula SiapeCad nº 01130586, da Função Gratificada de Chefe da Seção de Tecnologia da Informação - Satec da Delegacia da Receita Federal do Brasil em Uruguaiana (RS), Código FG-1.</p><p>Nº 5.320 Dispensar, a partir de 01/01/2018, a Analista-Tributário da Receita Federal do Brasil MARIA ISABEL MAINARDI FAN, matrícula SiapeCad nº 00011207, da Função Comissionada do Poder Executivo de Chefe do Centro de Atendimento ao Contribuinte - CAC da Delegacia da Receita Federal do Brasil em Uruguaiana (RS), Código FCPE-101.1.</p><p>Nº 5.321 Dispensar, a partir de 01/01/2018, a Técnico do Seguro Social MARCIA DA SILVEIRA DOS SANTOS, matrícula SiapeCad nº 01211032, do encargo de Substituto Eventual do Chefe do Centro de Atendimento ao Contribuinte - CAC da Delegacia da Receita Federal do Brasil em Uruguaiana (RS), Código FCPE-101.1.</p><p>Nº 5.322 Dispensar, a partir de 01/01/2018, o Auditor-Fiscal da Receita Federal do Brasil DIEGO DE BORBA BARBOSA, matrícula SiapeCad nº 01421961, da Função Gratificada de Chefe da Equipe Aduaneira - EAD/1 da Delegacia da Receita Federal do Brasil em Uruguaiana (RS), Código FG-1.</p><p>Nº 5.323 Dispensar, a partir de 01/01/2018, a Auditora-Fiscal da Receita Federal do Brasil MARIA DO HORTO DE LIMA TRINDADE SILVA, matrícula SiapeCad nº 00015416, da Função Gratificada de Chefe da Equipe Aduaneira - EAD/2 da Delegacia da Receita Federal do Brasil em Uruguaiana (RS), Código FG-1.</p><p>Nº 5.324 Dispensar, a partir de 01/01/2018, o Auditor-Fiscal da Receita Federal do Brasil RICARDO LEITE LEAL, matrícula SiapeCad nº 01879629, da Função Gratificada de Chefe da Equipe Aduaneira - EAD/3 da Delegacia da Receita Federal do Brasil em Uruguaiana (RS), Código FG-1.</p><p>Nº 5.325 Dispensar, a partir de 01/01/2018, o Auditor-Fiscal da Receita Federal do Brasil ALEXANDRE ZORZO RIGHES, matrícula SiapeCad nº 01951007, da Função Gratificada de Chefe da Equipe Aduaneira - EAD/4 da Delegacia da Receita Federal do Brasil em Uruguaiana (RS), Código FG-1.</p><p>Nº 5.326 Dispensar, a partir de 01/01/2018, a Auditora-Fiscal da Receita Federal do Brasil CAMILLA LANZNASTER, matrícula SiapeCad nº 01950971, da Função Gratificada de Chefe da Equipe Aduaneira - EAD/5 da Delegacia da Receita Federal do Brasil em Uruguaiana (RS), Código FG-1.</p><p>Nº 5.327 Dispensar, a partir de 01/01/2018, o Analista-Tributário da Receita Federal do Brasil JOAO ALBERTO DE SOUZA SILVEIRA, matrícula SiapeCad nº 00015610, da Função Gratificada de Chefe da Equipe Aduaneira - EAD/6 da Delegacia da Receita Federal do Brasil em Uruguaiana (RS), Código FG-2.</p><p>Nº 5.328 Dispensar, a partir de 01/01/2018, o Auditor-Fiscal da Receita Federal do Brasil MAKIX BORONSCKI FERREIRA, matrícula SiapeCad nº 01399774, da Função Gratificada de Chefe da Equipe Aduaneira - EAD/8 da Delegacia da Receita Federal do Brasil em Uruguaiana (RS), Código FG-2.</p><p>Nº 5.329 Dispensar, a partir de 01/01/2018, o Auditor-Fiscal da Receita Federal do Brasil MARCIO TEIXEIRA, matrícula SiapeCad nº 01981079, da Função Gratificada de Chefe da Equipe Aduaneira - EAD/9 da Delegacia da Receita Federal do Brasil em Uruguaiana (RS), Código FG-2.</p><p>Nº 5.330 Dispensar, a partir de 01/01/2018, o Auditor-Fiscal da Receita Federal do Brasil RAFAEL HEPFNER, matrícula SiapeCad nº 01951427, da Função Gratificada de Chefe da Equipe Aduaneira - EAD/10 da Delegacia da Receita Federal do Brasil em Uruguaiana (RS), Código FG-3.</p><p>Nº 5.331 Dispensar, a partir de 01/01/2018, o Técnico do Seguro Social LUIZ NARDES, matrícula SiapeCad nº 00857005, da Função Gratificada de Chefe da Equipe de Arrecadação e Cobrança - EAC/1 da Delegacia da Receita Federal do Brasil em Uruguaiana (RS), Código FG-1.</p><p>Nº 5.332 Dispensar, a partir de 01/01/2018, a Técnico do Seguro Social MARCIA DA SILVEIRA DOS SANTOS, matrícula SiapeCad nº 01211032, da Função Gratificada de Chefe da Equipe de Arrecadação e Cobrança - EAC/2 da Delegacia da Receita Federal do Brasil em Uruguaiana (RS), Código FG-1.</p><p>Nº 5.333 Dispensar, a partir de 01/01/2018, o Analista-Tributário da Receita Federal do Brasil BRUNO RODRIGUES BORDIN, matrícula SiapeCad nº 01877545, da Função Gratificada de Chefe da Equipe de Atendimento ao Contribuinte - EAT/1 da Delegacia da Receita Federal do Brasil em Uruguaiana (RS), Código FG-3.</p><p>Nº 5.334 Dispensar, a partir de 01/01/2018, o Auditor-Fiscal da Receita Federal do Brasil VINICIUS RIBEIRO MAGOGA, matrícula SiapeCad nº 01570084, da Função Gratificada de Chefe da Equipe de Atendimento ao Contribuinte - EAT/2 da Delegacia da Receita Federal do Brasil em Uruguaiana (RS), Código FG-3.</p><p>Nº 5.335 Dispensar, a partir de 01/01/2018, o Analista-Tributário da Receita Federal do Brasil ROGERIO NORO, matrícula SiapeCad nº 00018243, da Função Gratificada de Chefe da Equipe de Logística - ELG/1 da Delegacia da Receita Federal do Brasil em Uruguaiana (RS), Código FG-1.</p><p>Nº 5.336 Dispensar, a partir de 01/01/2018, a Analista-Tributário da Receita Federal do Brasil MARCIA INES GURSKI DE LIMA, matrícula SiapeCad nº 00057825, da Função Gratificada de Chefe da Equipe de Logística - ELG/2 da Delegacia da Receita Federal do Brasil em Uruguaiana (RS), Código FG-2.</p><p>Nº 5.337 Dispensar, a partir de 01/01/2018, a Analista-Tributário da Receita Federal do Brasil ADRIANA ANTUNES DE SOUZA, matrícula SiapeCad nº 00019724, da Função Gratificada de Assistente da Delegacia da Receita Federal do Brasil em Uruguaiana (RS), Código FG-1.</p><p>Nº 5.338 Dispensar, a partir de 01/01/2018, o Auditor-Fiscal da Receita Federal do Brasil CLAITON MEYER, matrícula SiapeCad nº 01292113, da Função Gratificada de Inspetor-Chefe da Receita Federal do Brasil em Itaqui (RS), jurisdição da Delegacia da Receita Federal do Brasil em Uruguaiana (RS), Código FG-1.</p><p>Nº 5.339 Dispensar, a partir de 01/01/2018, o Auditor-Fiscal da Receita Federal do Brasil VINNE SOUZA DE OLIVEIRA, matrícula SiapeCad nº 02005843, da Função Gratificada de Chefe da Equipe Aduaneira - EAD da Inspetoria da Receita Federal do Brasil em Itaqui (RS), jurisdição da Delegacia da Receita Federal do Brasil em Uruguaiana (RS), Código FG-3.</p><p>Nº 5.340 Dispensar, a partir de 01/01/2018, o Auditor-Fiscal da Receita Federal do Brasil FABIO LEMES BARROS, matrícula SiapeCad nº 01654968, da Função Comissionada do Poder Executivo de Inspetor-Chefe da Receita Federal do Brasil em Sao Borja (RS), jurisdição da Delegacia da Receita Federal do Brasil em Uruguaiana (RS), Código FCPE-101.1.</p><p>Nº 5.341 Dispensar, a partir de 01/01/2018, o Auditor-Fiscal da Receita Federal do Brasil RINALDO DE OLIVEIRA SILVEIRA, matrícula SiapeCad nº 01810950, do encargo de Substituto Eventual do Inspetor-Chefe da Receita Federal do Brasil em Sao Borja (RS), jurisdição da Delegacia da Receita Federal do Brasil em Uruguaiana (RS), Código FCPE-101.1.</p><p>Nº 5.342 Dispensar, a partir de 01/01/2018, o Auditor-Fiscal da Receita Federal do Brasil RODRIGO MEISTER, matrícula SiapeCad nº 01494299, da Função Gratificada de Chefe do Setor de Fiscalização e de Controle Aduaneiro - Siana da Inspetoria da Receita Federal do Brasil em Sao Borja (RS), jurisdição da Delegacia da Receita Federal do Brasil em Uruguaiana (RS), Código FG-2.</p><p>Nº 5.343 Dispensar, a partir de 01/01/2018, o Analista-Tributário da Receita Federal do Brasil FLAVIO LUIZ CEOLIN, matrícula SiapeCad nº 00011930, da Função Gratificada de Chefe do Setor de Arrecadação e Cobrança - Sorac da Inspetoria da Receita Federal do Brasil em Sao Borja (RS), jurisdição da Delegacia da Receita Federal do Brasil em Uruguaiana (RS), Código FG-2.</p><p>Nº 5.344 Dispensar, a partir de 01/01/2018, o Analista-Tributário da Receita Federal do Brasil JORGE RIBEIRO DOS SANTOS, matrícula SiapeCad nº 00010867, da Função Gratificada de Chefe da Equipe Aduaneira - EAD/1 da Inspetoria da Receita Federal do Brasil em Sao Borja (RS), jurisdição da Delegacia da Receita Federal do Brasil em Uruguaiana (RS), Código FG-3.</p><p>Nº 5.345 Dispensar, a partir de 01/01/2018, o Auditor-Fiscal da Receita Federal do Brasil BRUNO FERREIRA NOBRE, matrícula SiapeCad nº 01953383, da Função Gratificada de Chefe da Equipe Aduaneira - EAD/2 da Inspetoria da Receita Federal do Brasil em Sao Borja (RS), jurisdição da Delegacia da Receita Federal do Brasil em Uruguaiana (RS), Código FG-3.</p><p>Nº 5.346 Dispensar, a partir de 01/01/2018, o Auditor-Fiscal da Receita Federal do Brasil RINALDO DE OLIVEIRA SILVEIRA, matrícula SiapeCad nº 01810950, da Função Gratificada de Chefe da Equipe Aduaneira - EAD/4 da Inspetoria da Receita Federal do Brasil em Sao Borja (RS), jurisdição da Delegacia da Receita Federal do Brasil em Uruguaiana (RS), Código FG-3.</p><p>Nº 5.347 Dispensar, a partir de 01/01/2018, o Analista-Tributário da Receita Federal do Brasil ALFREDO CRUZ SIQUEIRA, matrícula SiapeCad nº 00013758, da Função Gratificada de Inspetor-Chefe da Receita Federal do Brasil em Barra do Quarai (RS), jurisdição da Delegacia da Receita Federal do Brasil em Uruguaiana (RS), Código FG-1.</p><p>Nº 5.348 Dispensar, a partir de 01/01/2018, o Auditor-Fiscal da Receita Federal do Brasil ELCIO FERRETTO DA SILVA, matrícula SiapeCad nº 01815417, da Função Gratificada de Inspetor-Chefe da Receita Federal do Brasil em Quaraí (RS), jurisdição da Delegacia da Receita Federal do Brasil em Uruguaiana (RS), Código FG-1.</p><p>Nº 5.349 Dispensar, a partir de 01/01/2018, o Auditor-Fiscal da Receita Federal do Brasil MARCOS GONCALVES COLARES, matrícula SiapeCad nº 01951414, da Função Gratificada de Chefe da Equipe Aduaneira - EAD da Inspetoria da Receita Federal do Brasil em Quaraí (RS), jurisdição da Delegacia da Receita Federal do Brasil em Uruguaiana (RS), Código FG-2.</p><p>Nº 5.350 Dispensar, a partir de 01/01/2018, o Auditor-Fiscal da Receita Federal do Brasil DEMETRIO LUIZ NASCIMENTO DE FREITAS, matrícula SiapeCad nº 01130969, da Função Gratificada de Chefe da Seção de Tecnologia da Informação - Satec da Delegacia da Receita Federal do Brasil em Santa Cruz do Sul (RS), Código FG-1.</p><p>Nº 5.351 Dispensar, a partir de 01/01/2018, o Auditor-Fiscal da Receita Federal do Brasil HANDREY ANDRIATA CARPINTER, matrícula SiapeCad nº 00880783, da Função Gratificada de Chefe da Equipe de Fiscalização - EFI/3 da Delegacia da Receita Federal do Brasil em Santa Cruz do Sul (RS), Código FG-2.</p><p>Nº 5.352 Dispensar, a partir de 01/01/2018, o Técnico do Seguro Social ENIO ETGETON, matrícula SiapeCad nº 00856178, da Função Gratificada de Chefe da Equipe de Atendimento ao Contribuinte - EAT/2 da Agência da Receita Federal do Brasil em Lajeado (RS), jurisdição da Delegacia da Receita Federal do Brasil em Santa Cruz do Sul (RS), Código FG-2.</p><p>Nº 5.353 Dispensar, a partir de 01/01/2018, a Assistente Técnico-Administrativo DIRCE EMILIA BRUSCHI, matrícula SiapeCad nº 01971806, da Função Gratificada de Chefe da Equipe de Atendimento ao Contribuinte - EAT da Agência da Receita Federal do Brasil em Montenegro (RS), jurisdição da Delegacia da Receita Federal do Brasil em Santa Cruz do Sul (RS), Código FG-3.</p><p>Nº 5.354 Exonerar, a partir de 01/01/2018, o Auditor-Fiscal da Receita Federal do Brasil GASTAO FIGUEIRA TONDING, matrícula SiapeCad nº 00064952, do cargo em comissão de Inspetor-Chefe da Receita Federal do Brasil em Porto Alegre (RS), Código DAS-101.2.</p><p>Nº 5.355 Dispensar, a partir de 01/01/2018, o Auditor-Fiscal da Receita Federal do Brasil DANIEL BRASIL BALBAO, matrícula SiapeCad nº 00064829, do encargo de Substituto Eventual do Inspetor-Chefe da Receita Federal do Brasil em Porto Alegre (RS), Código DAS-101.2.</p><p>Nº 5.356 Dispensar, a partir de 01/01/2018, o Analista-Tributário da Receita Federal do Brasil JOAO VICENTE CASOL, matrícula SiapeCad nº 01291525, da Função Gratificada de Chefe da Seção de Tecnologia da Informação - Satec da Inspetoria da Receita Federal do Brasil em Porto Alegre (RS), Código FG-1.</p><p>Nº 5.357 Dispensar, a partir de 01/01/2018, o Analista-Tributário da Receita Federal do Brasil PETER ROCHOL, matrícula SiapeCad nº 00065008, da Função Gratificada de Chefe da Seção de Programação e Logística - Sapol da Inspetoria da Receita Federal do Brasil em Porto Alegre (RS), Código FG-1.</p><p>Nº 5.358 Dispensar, a partir de 01/01/2018, o Auditor-Fiscal da Receita Federal do Brasil ANTONIO GENARO NUNES FINAMOR, matrícula SiapeCad nº 00076193, da Função Gratificada de Chefe da Seção de Fiscalização Aduaneira - Safia da Inspetoria da Receita Federal do Brasil em Porto Alegre (RS), Código FG-1.</p><p>Nº 5.359 Dispensar, a partir de 01/01/2018, o Analista-Tributário da Receita Federal do Brasil REGIS FERNANDO ZIGUE, matrícula SiapeCad nº 00010529, da Função Gratificada de Chefe da Seção de Arrecadação e Cobrança - Sarac da Inspetoria da Receita Federal do Brasil em Porto Alegre (RS), Código FG-1.</p><p>Nº 5.360 Dispensar, a partir de 01/01/2018, o Auditor-Fiscal da Receita Federal do Brasil MARCUS MACHADO, matrícula SiapeCad nº 00016207, da Função Gratificada de Chefe da Seção de Administração Aduaneira - Saana da Inspetoria da Receita Federal do Brasil em Porto Alegre (RS), Código FG-1.</p><p>Nº 5.361 Dispensar, a partir de 01/01/2018, o Auditor-Fiscal da Receita Federal do Brasil FERNANDO ANDORFFY, matrícula SiapeCad nº 00016355, da Função Gratificada de Chefe da Equipe Aduaneira - EAD/1 da Inspetoria da Receita Federal do Brasil em Porto Alegre (RS), Código FG-1.</p><p>Nº 5.362 Dispensar, a partir de 01/01/2018, o Auditor-Fiscal da Receita Federal do Brasil SANDRO MARTINI VARGAS, matrícula SiapeCad nº 00066040, da Função Gratificada de Chefe da Equipe Aduaneira - EAD/3 da Inspetoria da Receita Federal do Brasil em Porto Alegre (RS), Código FG-1.</p><p>Nº 5.363 Dispensar, a partir de 01/01/2018, o Auditor-Fiscal da Receita Federal do Brasil ERCILIO ANTAO RAMOS GUIMARAES, matrícula SiapeCad nº 00021464, da Função Gratificada de Chefe da Equipe Aduaneira - EAD/4 da Inspetoria da Receita Federal do Brasil em Porto Alegre (RS), Código FG-2.</p><p>Nº 5.364 Dispensar, a partir de 01/01/2018, o Analista-Tributário da Receita Federal do Brasil LUIZ GUSTAVO SPEROTTO FAGUNDES, matrícula SiapeCad nº 00057904, da Função Gratificada de Chefe da Equipe Aduaneira - EAD/5 da Inspetoria da Receita Federal do Brasil em Porto Alegre (RS), Código FG-2.</p><p>Nº 5.365 Dispensar, a partir de 01/01/2018, o Auditor-Fiscal da Receita Federal do Brasil ERCIO NAIDITCH, matrícula SiapeCad nº 00015258, da Função Gratificada de Chefe da Equipe Aduaneira - EAD/6 da Inspetoria da Receita Federal do Brasil em Porto Alegre (RS), Código FG-2.</p><p>Nº 5.366 Dispensar, a partir de 01/01/2018, a Auditora-Fiscal da Receita Federal do Brasil CRISTIANE MARIA SEVERGNINI, matrícula SiapeCad nº 00066038, da Função Gratificada de Chefe da Equipe Aduaneira - EAD/7 da Inspetoria da Receita Federal do Brasil em Porto Alegre (RS), Código FG-2.</p><p>Nº 5.367 Dispensar, a partir de 01/01/2018, o Auditor-Fiscal da Receita Federal do Brasil DANIEL BRASIL BALBAO, matrícula SiapeCad nº 00064829, da Função Gratificada de Chefe da Equipe de Tributação - ETR da Inspetoria da Receita Federal do Brasil em Porto Alegre (RS), Código FG-1.</p><p>Nº 5.368 Exonerar, a partir de 01/01/2018, o Auditor-Fiscal da Receita Federal do Brasil DANILO MARTINS DO FANNO, matrícula SiapeCad nº 01133805, do cargo em comissão de Inspetor-Chefe da Receita Federal do Brasil em Chuí (RS), Código DAS-101.2.</p><p>Nº 5.369 Dispensar, a partir de 01/01/2018, o Auditor-Fiscal da Receita Federal do Brasil CASSIUS LENZI GARCIA, matrícula SiapeCad nº 01654663, do encargo de Substituto Eventual do Inspetor-Chefe da Receita Federal do Brasil em Chuí (RS), Código DAS-101.2.</p><p>Nº 5.370 Dispensar, a partir de 01/01/2018, o Auditor-Fiscal da Receita Federal do Brasil NILVARO FERNANDES COSTA, matrícula SiapeCad nº 01291527, da Função Gratificada de Chefe da Seção de Arrecadação e Cobrança - Sarac da Inspetoria da Receita Federal do Brasil em Chuí (RS), Código FG-1.</p><p>Nº 5.371 Dispensar, a partir de 01/01/2018, o Auditor-Fiscal da Receita Federal do Brasil DOUGLAS ROBERTO WALKBRING, matrícula SiapeCad nº 01811980, da Função Gratificada de Chefe da Seção de Fiscalização Aduaneira - Safia da Inspetoria da Receita Federal do Brasil em Chuí (RS), Código FG-1.</p><p>Nº 5.372 Dispensar, a partir de 01/01/2018, o Analista-Tributário da Receita Federal do Brasil ANDRE CAON BARROS, matrícula SiapeCad nº 00057730, da Função Gratificada de Chefe da Seção de Tecnologia da Informação - Satec da Inspetoria da Receita Federal do Brasil em Chuí (RS), Código FG-1.</p><p>Nº 5.373 Dispensar, a partir de 01/01/2018, o Analista-Tributário da Receita Federal do Brasil ROGERIO RIBEIRO NUNES, matrícula SiapeCad nº 00013817, da Função Gratificada de Chefe da Seção de Programação e Logística - Sapol da Inspetoria da Receita Federal do Brasil em Chuí (RS), Código FG-1.</p><p>Nº 5.374 Dispensar, a partir de 01/01/2018, o Auditor-Fiscal da Receita Federal do Brasil CASSIUS LENZI GARCIA, matrícula SiapeCad nº 01654663, da Função Gratificada de Chefe da Seção de Administração Aduaneira - Saana da Inspetoria da Receita Federal do Brasil em Chuí (RS), Código FG-1.</p><p>Nº 5.375 Dispensar, a partir de 01/01/2018, o Auditor-Fiscal da Receita Federal do Brasil JOSE RHEINGANTZ ABUCHAIM, matrícula SiapeCad nº 01952077, da Função Gratificada de Chefe da Equipe Aduaneira - EAD/1 da Inspetoria da Receita Federal do Brasil em Chuí (RS), Código FG-1.</p><p>Nº 5.376 Dispensar, a partir de 01/01/2018, o Analista-Tributário da Receita Federal do Brasil LEONARDO PEIXOTO DE QUEIROZ, matrícula SiapeCad nº 01878586, da Função Gratificada de Chefe da Equipe Aduaneira - EAD/2 da Inspetoria da Receita Federal do Brasil em Chuí (RS), Código FG-2.</p><p>Nº 5.377 Dispensar, a partir de 01/01/2018, a Analista-Tributário da Receita Federal do Brasil LUCIANA VENCATO, matrícula SiapeCad nº 01572268, da Função Gratificada de Chefe da Equipe de Atendimento ao Contribuinte - EAT da Inspetoria da Receita Federal do Brasil em Chuí (RS), Código FG-3.</p><p>Nº 5.378 Exonerar, a partir de 01/01/2018, o Auditor-Fiscal da Receita Federal do Brasil ADILSON VALENTE, matrícula SiapeCad nº 00066109, do cargo em comissão de Inspetor-Chefe da Receita Federal do Brasil em Santana do Livramento (RS), Código DAS-101.2.</p><p>Nº 5.379 Dispensar, a partir de 01/01/2018, o Auditor-Fiscal da Receita Federal do Brasil FABIANO HEIJI PARANAIBA GOTO, matrícula SiapeCad nº 01291543, do encargo de Substituto Eventual do Inspetor-Chefe da Receita Federal do Brasil em Santana do Livramento (RS), Código DAS-101.2.</p><p>Nº 5.380 Dispensar, a partir de 01/01/2018, o Auditor-Fiscal da Receita Federal do Brasil EDUARDO ROSSI MIELKE, matrícula SiapeCad nº 01570926, da Função Gratificada de Chefe da Seção de Arrecadação e Cobrança - Sarac da Inspetoria da Receita Federal do Brasil em Santana do Livramento (RS), Código FG-1.</p><p>Nº 5.381 Dispensar, a partir de 01/01/2018, o Auditor-Fiscal da Receita Federal do Brasil FABIANO HEIJI PARANAIBA GOTO, matrícula SiapeCad nº 01291543, da Função Gratificada de Chefe da Seção de Fiscalização Aduaneira - Safia da Inspetoria da Receita Federal do Brasil em Santana do Livramento (RS), Código FG-1.</p><p>Nº 5.382 Dispensar, a partir de 01/01/2018, o Analista-Tributário da Receita Federal do Brasil CLAITON DE AVILA BORGES, matrícula SiapeCad nº 00087498, da Função Gratificada de Chefe da Seção de Tecnologia da Informação - Satec da Inspetoria da Receita Federal do Brasil em Santana do Livramento (RS), Código FG-1.</p><p>Nº 5.383 Dispensar, a partir de 01/01/2018, o Analista-Tributário da Receita Federal do Brasil EDGAR PEREIRA MACIEL, matrícula SiapeCad nº 00057790, da Função Gratificada de Chefe da Seção de Programação e Logística - Sapol da Inspetoria da Receita Federal do Brasil em Santana do Livramento (RS), Código FG-1.</p><p>Nº 5.384 Dispensar, a partir de 01/01/2018, o Auditor-Fiscal da Receita Federal do Brasil DAVID CUREAU CERVO, matrícula SiapeCad nº 01492843, da Função Gratificada de Chefe da Seção de Administração Aduaneira - Saana da Inspetoria da Receita Federal do Brasil em Santana do Livramento (RS), Código FG-1.</p><p>Nº 5.385 Dispensar, a partir de 01/01/2018, o Analista-Tributário da Receita Federal do Brasil LUIS ROBERTO PRATES DE CAMPOS, matrícula SiapeCad nº 00016127, da Função Gratificada de Chefe da Equipe de Atendimento ao Contribuinte - EAT da Inspetoria da Receita Federal do Brasil em Santana do Livramento (RS), Código FG-1.</p><p>Nº 5.386 Dispensar, a partir de 01/01/2018, o Analista-Tributário da Receita Federal do Brasil STEFANO GROSSO FELICE, matrícula SiapeCad nº 01588230, da Função Gratificada de Chefe da Equipe de Logística - ELG da Inspetoria da Receita Federal do Brasil em Santana do Livramento (RS), Código FG-3.</p><p>Nº 5.387 Exonerar, a partir de 01/01/2018, o Auditor-Fiscal da Receita Federal do Brasil RICARDO LEAL PRATES DE SANS ZANOTTO, matrícula SiapeCad nº 00015825, do cargo em comissão de Inspetor-Chefe da Alfândega da Receita Federal do Brasil no Aeroporto Salgado Filho (RS), Código DAS-101.2.</p><p>Nº 5.388 Dispensar, a partir de 01/01/2018, o Auditor-Fiscal da Receita Federal do Brasil CESAR FRANCISCO MANJABOSCO, matrícula SiapeCad nº 00015843, do encargo de Substituto Eventual do Inspetor-Chefe da Alfândega da Receita Federal do Brasil no Aeroporto Salgado Filho (RS), Código DAS-101.2.</p><p>Nº 5.389 Dispensar, a partir de 01/01/2018, o Analista-Tributário da Receita Federal do Brasil MARCELO OSANDABARAZ DE CASTRO, matrícula SiapeCad nº 00017423, da Função Gratificada de Chefe da Seção de Tecnologia da Informação - Satec da Alfândega da Receita Federal do Brasil no Aeroporto Salgado Filho (RS), Código FG-1.</p><p>Nº 5.390 Dispensar, a partir de 01/01/2018, o Auditor-Fiscal da Receita Federal do Brasil CESAR FRANCISCO MANJABOSCO, matrícula SiapeCad nº 00015843, da Função Gratificada de Chefe da Seção de Despacho Aduaneiro - Sadad da Alfândega da Receita Federal do Brasil no Aeroporto Salgado Filho (RS), Código FG-1.</p><p>Nº 5.391 Dispensar, a partir de 01/01/2018, o Auditor-Fiscal da Receita Federal do Brasil ERNO EDISON DA CUNHA, matrícula SiapeCad nº 00028152, da Função Gratificada de Chefe da Seção de Vigilância e Controle Aduaneiro - Savig da Alfândega da Receita Federal do Brasil no Aeroporto Salgado Filho (RS), Código FG-1.</p><p>Nº 5.392 Dispensar, a partir de 01/01/2018, a Auxiliar Operacional de Serviços Diversos TERESINHA DE JESUS DA SILVA, matrícula SiapeCad nº 00011187, da Função Gratificada de Chefe da Seção de Programação e Logística - Sapol da Alfândega da Receita Federal do Brasil no Aeroporto Salgado Filho (RS), Código FG-1.</p><p>Nº 5.393 Dispensar, a partir de 01/01/2018, o Auditor-Fiscal da Receita Federal do Brasil ANDERSON ZANG BORBA, matrícula SiapeCad nº 01292459, da Função Gratificada de Assistente da Alfândega da Receita Federal do Brasil no Aeroporto Salgado Filho (RS), Código FG-1.</p><p>Nº 5.394 Dispensar, a partir de 01/01/2018, o Auditor-Fiscal da Receita Federal do Brasil MILTON SANTOS OLIVEIRA, matrícula SiapeCad nº 00016647, da Função Gratificada de Chefe da Equipe Aduaneira - EAD/1 da Alfândega da Receita Federal do Brasil no Aeroporto Salgado Filho (RS), Código FG-2.</p><p>Nº 5.395 Dispensar, a partir de 01/01/2018, o Auditor-Fiscal da Receita Federal do Brasil ROBERTO VAZ GOES, matrícula SiapeCad nº 01574530, da Função Gratificada de Chefe da Equipe Aduaneira - EAD/2 da Alfândega da Receita Federal do Brasil no Aeroporto Salgado Filho (RS), Código FG-2.</p><p>Nº 5.396 Dispensar, a partir de 01/01/2018, o Auditor-Fiscal da Receita Federal do Brasil PROTASIO BOCCHESE GUAZZELLI, matrícula SiapeCad nº 00056802, da Função Gratificada de Chefe da Equipe Aduaneira - EAD/3 da Alfândega da Receita Federal do Brasil no Aeroporto Salgado Filho (RS), Código FG-2.</p><p>Nº 5.397 Exonerar, a partir de 01/01/2018, o Auditor-Fiscal da Receita Federal do Brasil CARLOS FREDERICO SCHWOCHOW DE MIRANDA, matrícula SiapeCad nº 01291532, do cargo em comissão de Inspetor-Chefe da Alfândega da Receita Federal do Brasil no Porto de Rio Grande (RS), Código DAS-101.2.</p><p>Nº 5.398 Dispensar, a partir de 01/01/2018, o Auditor-Fiscal da Receita Federal do Brasil PAULO FRANCISCO MIRANDA MARTINS, matrícula SiapeCad nº 00011457, do encargo de Substituto Eventual do Inspetor-Chefe da Alfândega da Receita Federal do Brasil no Porto de Rio Grande (RS), Código DAS-101.2.</p><p>Nº 5.399 Dispensar, a partir de 01/01/2018, o Auditor-Fiscal da Receita Federal do Brasil HUGO TEIXEIRA BRAGA, matrícula SiapeCad nº 01173102, da Função Gratificada de Chefe da Seção de Arrecadação e Cobrança - Sarac da Alfândega da Receita Federal do Brasil no Porto de Rio Grande (RS), Código FG-1.</p><p>Nº 5.400 Dispensar, a partir de 01/01/2018, a Analista-Tributário da Receita Federal do Brasil VALESCA EDOM NUNES, matrícula SiapeCad nº 00069010, da Função Gratificada de Chefe da Seção de Tecnologia da Informação - Satec da Alfândega da Receita Federal do Brasil no Porto de Rio Grande (RS), Código FG-1.</p><p>Nº 5.401 Dispensar, a partir de 01/01/2018, o Auditor-Fiscal da Receita Federal do Brasil PAULO FRANCISCO MIRANDA MARTINS, matrícula SiapeCad nº 00011457, da Função Gratificada de Chefe da Seção de Despacho Aduaneiro - Sadad da Alfândega da Receita Federal do Brasil no Porto de Rio Grande (RS), Código FG-1.</p><p>Nº 5.402 Dispensar, a partir de 01/01/2018, o Auditor-Fiscal da Receita Federal do Brasil ILDO VIAN, matrícula SiapeCad nº 00014383, da Função Gratificada de Chefe da Seção de Vigilância e Controle Aduaneiro - Savig da Alfândega da Receita Federal do Brasil no Porto de Rio Grande (RS), Código FG-1.</p><p>Nº 5.403 Dispensar, a partir de 01/01/2018, o Analista-Tributário da Receita Federal do Brasil PAULO SERGIO SANZO, matrícula SiapeCad nº 01213910, da Função Gratificada de Chefe da Seção de Programação e Logística - Sapol da Alfândega da Receita Federal do Brasil no Porto de Rio Grande (RS), Código FG-1.</p><p>Nº 5.404 Dispensar, a partir de 01/01/2018, o Analista-Tributário da Receita Federal do Brasil EDUARDO SILVEIRA DE VASCONCELOS, matrícula SiapeCad nº 00057531, da Função Gratificada de Assistente da Alfândega da Receita Federal do Brasil no Porto de Rio Grande (RS), Código FG-1.</p><p>Nº 5.405 Dispensar, a partir de 01/01/2018, o Auditor-Fiscal da Receita Federal do Brasil MARCO ANTONIO ALMEIDA MEDEIROS, matrícula SiapeCad nº 00018169, da Função Gratificada de Chefe da Equipe Aduaneira - EAD/3 da Alfândega da Receita Federal do Brasil no Porto de Rio Grande (RS), Código FG-2.</p><p>Nº 5.406 Dispensar, a partir de 01/01/2018, o Analista-Tributário da Receita Federal do Brasil ANTONIO CARLOS CARVALHO FIGUEIREDO, matrícula SiapeCad nº 00014749, da Função Gratificada de Chefe da Equipe de Atendimento ao Contribuinte - EAT/2 da Alfândega da Receita Federal do Brasil no Porto de Rio Grande (RS), Código FG-3.</p><p> JORGE ANTONIO DEHER RACHID</p>]]></Texto>
    <Autores />
  </body>
</article></xml>