﻿<xml><article id="965479" name="PT 103 a 105 TAUBATE" idOficio="4626168" pubName="DO2" artType="Portaria" pubDate="02/01/2018" artClass="00022:00029:00239:00026:00016:00000:00000:00000:00000:00000:00025:00003" artSection="Seção Operacional da Gestão de Pessoas" artCategory="Seção Operacional da Gestão de Pessoas" artSize="8" artNotes="" numberPage="128" pdfPage="http://pesquisa.in.gov.br/imprensa/jsp/visualiza/index.jsp?data=02/01/2018&amp;jornal=529&amp;pagina=128" editionNumber="1">
  <body>
    <Identifica><![CDATA[PORTARIAS DE 22 DE DEZEMBRO DE 2017]]></Identifica>
    <Data><![CDATA[]]></Data>
    <Ementa />
    <Titulo />
    <SubTitulo />
    <Texto><![CDATA[<p> </p><p> O Chefe da Seção Operacional da Gestão de Pessoas do INSS em Taubaté/SP, no uso das atribuições conferidas pelo Art. 235 do Regimento Interno do INSS, aprovado pela Portaria MPS nº 414, de 28/09/2017, publicada no DOU nº 188, de 29/09/2017,resolve:</p><p>Nº 103 - Conceder Aposentadoria Voluntária integral ao servidor CARLOS ROBERTO FONSECA, matrícula 0.940.989, ocupante do cargo de Técnico do Seguro Social, Classe S, Padrão IV, do Quadro de Pessoal do Instituto Nacional do Seguro Social, com fundamento no artigo 3º da Emenda Constitucional nº 47 de 05 de julho de 2005, observado o contido no Processo nº 35386.005296/2017-17, declarando em consequência, o referido cargo vago.</p><p>Nº 104 - Conceder Aposentadoria Voluntária integral à servidora MARCIA MARIZE DE OLIVEIRA MOREIRA VITOR, matrícula 0.935.352, ocupante do cargo de Técnico do Seguro Social, Classe S, Padrão IV, do Quadro de Pessoal do Instituto Nacional do Seguro Social, com fundamento no artigo 3º da Emenda Constitucional nº 47, de 05 de julho de 2005, observado o contido no Processo nº 35446.001422/2017-02, declarando em consequência, o referido cargo vago.</p><p>Nº 105 - Conceder Aposentadoria Voluntária integral ao servidor BENEDITO CESAR DE SOUZA, matrícula 0940901, ocupante do cargo de Técnico do Seguro Social, Classe S, Padrão IV, do Quadro de Pessoal do Instituto Nacional do Seguro Social, com fundamento no artigo 3º da Emenda Constitucional nº 47 de 05 de julho de 2005, observado o contido no Processo nº 35386.005302/2017-28, declarando em consequência, o referido cargo vago.</p><p> </p>]]></Texto>
    <Autores>
      <assina>CRISTIANO SANTOS DA SILVA</assina>
    </Autores>
  </body>
</article></xml>