﻿<xml><article id="966976" name="PORTARIA GPR 2651" idOficio="4625924" pubName="DO2" artType="Portaria" pubDate="02/01/2018" artClass="00037:00039:00002:00000:00000:00000:00000:00000:00000:00000:00025:00001" artSection="Presidência" artCategory="Presidência" artSize="8" artNotes="" numberPage="142" pdfPage="http://pesquisa.in.gov.br/imprensa/jsp/visualiza/index.jsp?data=02/01/2018&amp;jornal=529&amp;pagina=142" editionNumber="1">
  <body>
    <Identifica><![CDATA[PORTARIA nº 2.651, de 27 de novembro de 2017]]></Identifica>
    <Data><![CDATA[]]></Data>
    <Ementa />
    <Titulo />
    <SubTitulo />
    <Texto><![CDATA[<p> O PRESIDENTE DO TRIBUNAL DE JUSTIÇA DO DISTRITO FEDERAL E DOS TERRITÓRIOS, no uso de sua competência legal e tendo em vista o contido no PA N. 1001765/2017, resolve:</p><p>Art. 1º Exonerar DEBORA SOARES GUIMARAES, matrícula N. 320.161, do Cargo em Comissão, CJ-02, de Assessor de Desembargador, do Gabinete do Excelentíssimo Senhor Desembargador Roberto Freitas Filho.</p><p>Art. 2º Nomear o Bacharel em Direito, JOSE PEDRO BRITO DA COSTA, matrícula N. 320.477, para exercer o Cargo em Comissão, CJ-02, de Assessor de Desembargador, do Gabinete do Excelentíssimo Senhor Desembargador Roberto Freitas Filho.</p><p>Art. 3º Esta Portaria entra em vigor na data de sua publicação.</p><p> </p>]]></Texto>
    <Autores>
      <assina>Des. MARIO MACHADO</assina>
    </Autores>
  </body>
</article></xml>