﻿<xml><article id="965533" name="srh4171-2" idOficio="4626181" pubName="DO2" artType="Portaria" pubDate="02/01/2018" artClass="00011:00107:00000:00000:00000:00000:00000:00000:00000:00000:00025:00001" artSection="Ministério da Educação" artCategory="Universidade Federal de Campina Grande" artSize="8" artNotes="" numberPage="31" pdfPage="http://pesquisa.in.gov.br/imprensa/jsp/visualiza/index.jsp?data=02/01/2018&amp;jornal=529&amp;pagina=31" editionNumber="1">
  <body>
    <Identifica><![CDATA[PORTARIAS DE 28 DE DEZEMBRO DE 2017]]></Identifica>
    <Data><![CDATA[]]></Data>
    <Ementa />
    <Titulo />
    <SubTitulo />
    <Texto><![CDATA[<p> O REITOR DA UNIVERSIDADE FEDERAL DE CAMPINA GRANDE, no uso das atribuições que lhe confere o Estatuto e, tendo em vista o disposto na Lei 8.112/90, resolve,</p><p> Nº 4.170 - Conceder Pensão Civil vitalícia e com percentual de 100%, a REJANE SANTOS OLIVEIRA, viúva do ex-servidor NATÃ MORAIS DE OLIVEIRA, matrícula SIAPE Nº. 0338150, falecido em 10/12/2017, nos termos do art. 217, inciso I da Lei Nº. 8112/1990, redação dada pela Lei Nº 13.135/2015, combinado com o art. 40 § 7º, inciso I da Constituição Federal em sua redação atual dada pela Emenda Constitucional Nº. 41/2003 e, ainda, art. 2º inciso I da Lei Nº. 10887/2004, com efeitos financeiros a partir da data do falecimento. (Processo Nº. 23096.046095/17-00).</p><p> Nº 4.171 - Conceder Pensão Civil vitalícia e com percentual de 100%, a EYRES DIANA VENTURA SILVA, viúva do ex-servidor JOSE LEONIDAS MACIEL DA SILVA, matrícula SIAPE Nº. 0337789, falecido em 05/12/2017, nos termos do art. 217, inciso I da Lei Nº. 8112/1990, redação dada pela Lei Nº 13.135/2015, combinado com o art. 40 § 7º, inciso I da Constituição Federal em sua redação atual dada pela Emenda Constitucional Nº. 41/2003 e, ainda, art. 2º inciso I da Lei Nº. 10887/2004, com efeitos financeiros a partir da data do falecimento. (Processo Nº. 23096.046130/17-10).</p>]]></Texto>
    <Autores>
      <assina>VICEMÁRIO SIMÕES</assina>
    </Autores>
  </body>
</article></xml>