﻿<xml><article id="965119" name="Portaria 1648" idOficio="4626120" pubName="DO2" artType="Portaria" pubDate="02/01/2018" artClass="00037:00017:00001:00001:00000:00000:00000:00000:00000:00000:00025:00001" artSection="Gabinete da Presidência" artCategory="Gabinete da Presidência" artSize="8" artNotes="" numberPage="142" pdfPage="http://pesquisa.in.gov.br/imprensa/jsp/visualiza/index.jsp?data=02/01/2018&amp;jornal=529&amp;pagina=142" editionNumber="1">
  <body>
    <Identifica><![CDATA[PORTARIA N° 1.648, de 22 de dezembro de 2017]]></Identifica>
    <Data><![CDATA[]]></Data>
    <Ementa />
    <Titulo />
    <SubTitulo />
    <Texto><![CDATA[<p> A Presidente do Tribunal Regional Eleitoral do Ceará, no uso das atribuições que lhe confere o artigo 17, inciso VIII, do Regimento Interno deste Tribunal, e atendendo ao disposto no PAD n° 15.744/2017, resolve:</p><p> Autorizar a lotação provisória da servidora ADRIANA GUIMARÃES HOLANDA CARVALHO, Analista Judiciária deste Regional, no Tribunal Regional Eleitoral da Bahia, por motivo de acompanhamento do cônjuge, concedendo-lhe o prazo de 20 (vinte) dias, a iniciar-se da publicação deste ato, para a retomada do efetivo desempenho das atribuições do cargo, incluído nesse prazo o tempo necessário para o deslocamento para a nova sede.</p>]]></Texto>
    <Autores>
      <assina>Desa. MARIA NAILDE PINHEIRO NOGUEIRA</assina>
    </Autores>
  </body>
</article></xml>