﻿<xml><article id="966162" name="P8AAIGUARULHOS200 retificação" idOficio="4626272" pubName="DO2" artType="Retificação" pubDate="02/01/2018" artClass="00012:00055:00100:00009:00000:00000:00000:00000:00000:00000:00032:00001" artSection="Alfândega da Receita Federal do Brasil no Aeroporto Internacional de São Paulo/Guarulhos" artCategory="Alfândega da Receita Federal do Brasil no Aeroporto Internacional de São Paulo/Guarulhos" artSize="8" artNotes="" numberPage="110" pdfPage="http://pesquisa.in.gov.br/imprensa/jsp/visualiza/index.jsp?data=02/01/2018&amp;jornal=529&amp;pagina=110" editionNumber="1">
  <body>
    <Identifica><![CDATA[RETIFICAÇÃO]]></Identifica>
    <Data><![CDATA[]]></Data>
    <Ementa />
    <Titulo />
    <SubTitulo />
    <Texto><![CDATA[<p> Na Portaria ALF/GRU nº 200, de 20 de dezembro de 2017, publicada no DOU nº 246, Seção 2, de 26 de dezembro de 2017, onde se lê: "Art. 1° Delegar competência ao servidor LEO RODRIGO BOSSONARIO, Auditora Fiscal da Receita Federal do Brasil, Leia-se:"Art. 1° Delegar competência ao servidor LEO RODRIGO BOSSONARIO, Auditor Fiscal da Receita Federal do Brasil". Onde se lê:", para praticar os atos de que trata o artigo 2º da Portaria ALF/GRU nº 177", Leia-se:", para praticar os atos de que trata o artigo 19º da Portaria ALF/GRU nº 177".Onde se lê: "de competência do Chefe da Equipe de Gerenciamento de Risco (EQGER)", Leia-se:"de competência do Chefe da Equipe Aduaneira de Bagagem Acompanhada D (EBG D)", e, onde se lê:"Ficam convalidados os atos praticados pela servidora", Leia-se:" Ficam convalidados os atos praticados pelo servidor"</p>]]></Texto>
    <Autores />
  </body>
</article></xml>