﻿<xml><article id="962023" name="PORTARIAS DCIPAS-33.4" idOficio="4625714" pubName="DO2" artType="Portaria" pubDate="02/01/2018" artClass="00010:00008:00024:06902:00000:00000:00000:00000:00000:00000:00025:00005" artSection="Diretoria de Civis, Inativos, Pensionistas e Assistência Social" artCategory="Diretoria de Civis, Inativos, Pensionistas e Assistência Social" artSize="8" artNotes="" numberPage="4-11" pdfPage="http://pesquisa.in.gov.br/imprensa/jsp/visualiza/index.jsp?data=02/01/2018&amp;jornal=529&amp;pagina=4,http://pesquisa.in.gov.br/imprensa/jsp/visualiza/index.jsp?data=02/01/2018&amp;jornal=529&amp;pagina=11" editionNumber="1">
  <body>
    <Identifica><![CDATA[PORTARIAS DCIPAS/REFM-33.4, DE 28 DE DEZEMBRO DE 2017]]></Identifica>
    <Data><![CDATA[]]></Data>
    <Ementa />
    <Titulo />
    <SubTitulo />
    <Texto><![CDATA[<p>     O DIRETOR, DE CIVIS, INATIVOS, PENSIONISTAS E ASSISTÊNCIA SOCIAL, no uso da competência que lhe foi subdelegada pela Portaria nº 192-DGP, de 1º de outubro de 2015, e tendo em vista cumprimento do julgado nos autos do Processo nº 0012387-21.2010.4.03.6000, junto ao Juízo da 2ª Vara Federal de Campo Grande/MS, resolve</p><p> N° 547 - REFORMAR, a contar de 11 de novembro de 2010, ADALBERTO DURÉ BENITES (CPF 015.593.731-64), na graduação de Soldado, com proventos de Terceiro-Sargento, de acordo com os incisos II do art. 104, II do art. 106, V do art. 108, art. 109, §1º e alínea "c" do §2º do art. 110 da Lei nº 6.880, de 9 de dezembro de 1980.</p><p>  O DIRETOR DE CIVIS, INATIVOS, PENSIONISTAS E ASSISTÊNCIA SOCIAL, no uso da competência que lhe foi subdelegada pela Portaria nº 192-DGP, de 1º de outubro de 2015, e tendo em vista decisão proferida em sede de tutela antecipada nos autos do processo nº 0001187-76.2008.4.03.6100, junto ao Juízo da 19ª Vara Federal de São Paulo/SP, resolve</p><p> N° 548 - REFORMAR, provisoriamente, a contar de 23 de junho de 2008, WELLINGTON SANTOS LEME (CPF 140.675.338-61), na graduação de Terceiro-Sargento, com proventos da mesma graduação, de acordo com os incisos II do art. 104, II do art. 106, VI do art. 108 e II do art. 111 da Lei nº 6.880, de 9 de dezembro de 1980.</p><p>    O DIRETOR, DE CIVIS, INATIVOS, PENSIONISTAS E ASSISTÊNCIA SOCIAL, no uso da competência que lhe foi subdelegada pela Portaria nº 192-DGP, de 1º de outubro de 2015, e tendo em vista decisão proferida em sede de tutela antecipada nos autos do processo nº 0148996-83.2015.4.02.5120, junto ao Juízo da 5ª Vara Federal de São João de Meriti/RJ, resolve</p><p> N° 549 - REFORMAR, provisoriamente, a contar de 21 de setembro de 2017, JOSE FERNANDO MOURA DE OLIVEIRA JUNIOR (CPF 092.608.157-89), na graduação de Terceiro-Sargento, com proventos da mesma graduação, de acordo com os incisos II do art. 104, II do art. 106, III do art. 108 e art. 109 da Lei nº 6.880, de 9 de dezembro de 1980.</p><p>    O DIRETOR, DE CIVIS, INATIVOS, PENSIONISTAS E ASSISTÊNCIA SOCIAL, no uso da competência que lhe foi subdelegada pela Portaria nº 192-DGP, de 1º de outubro de 2015, e tendo em vista decisão proferida em sede de tutela antecipada nos autos do processo nº 5643-43.2010.4.01.3000, junto ao Juízo da 1ª Vara Federal de Rio Branco - Seção Judiciária do Estado do Acre/AC, resolve</p><p> N° 550 - REFORMAR, provisoriamente, a contar de 28 de fevereiro de 2007, SERGIO SOUZA SEVERO (CPF 694.085.212-34), na graduação de Soldado, com proventos integrais de Soldado engajado, de acordo com os incisos II do art. 104, II do art. 106, III do art. 108 e art. 109 da Lei nº 6.880, de 9 de dezembro de 1980.</p><p>    O DIRETOR, DE CIVIS, INATIVOS, PENSIONISTAS E ASSISTÊNCIA SOCIAL, no uso da competência que lhe foi subdelegada pela Portaria nº 192-DGP, de 1º de outubro de 2015, e tendo em vista decisão proferida em sede de tutela antecipada nos autos do processo nº 1001670-35.2017.4.01.3900, junto ao Juízo da 1ª Vara Federal Cível da Seção Judiciária do Estado do Pará/PA, resolve</p><p> N° 551 - REFORMAR, provisoriamente, a contar de 6 de janeiro de 2017, MARLYSON DA SILVA SOUZA (CPF 022.420.262-67), na graduação de Soldado, com proventos integrais calculados com base no soldo de Terceiro-Sargento, de acordo com os incisos II do art. 104, II do art. 106, V do art. 108, art. 109, §1º e alínea "c" do §2º do art. 110 da Lei nº 6.880, de 9 de dezembro de 1980.</p><p>    O DIRETOR, DE CIVIS, INATIVOS, PENSIONISTAS E ASSISTÊNCIA SOCIAL, no uso da competência que lhe foi subdelegada pela Portaria nº 192-DGP, de 1º de outubro de 2015, e tendo em vista cumprimento do julgado nos autos do Processo nº 0004810-12.2008.4.01.3803 (antigo 2008.38.03.004880-0), junto ao Juízo da 1ª Vara Federal da Subseção Judiciária de Uberlândia/MG, resolve</p><p> N° 552 - REFORMAR, a contar de 29 de fevereiro de 2004, ALAOR MANOEL DE ALMEIDA (CPF 060.774.326-36), na graduação de Soldado, com proventos de Soldado engajado, de acordo com os incisos II do art. 104, II do art. 106, V do art. 108 e art. 109 da Lei nº 6.880, de 9 de dezembro de 1980.</p><p>    O DIRETOR, DE CIVIS, INATIVOS, PENSIONISTAS E ASSISTÊNCIA SOCIAL, no uso da competência que lhe foi subdelegada pela Portaria nº 192-DGP, de 1º de outubro de 2015, e tendo em vista cumprimento de decisão proferida em sede de tutela antecipada nos autos do Processo nº 0003651-48.2009.4.03.6000, junto ao Juízo da 1ª Vara Federal de Campo Grande/MS, resolve:</p><p> N° 553 - 1 - TORNAR SEM EFEITO a Portaria nº 1.732-DCIP.21, de 27 de novembro de 2007, publicada no Diário Oficial da União nº 233, de 5 de dezembro de 2007, que reformou, por incapacidade física, ADAUTO PALMEIRA DA SILVA (CPF 474.979.471-68), na graduação de Terceiro-Sargento, com proventos da mesma graduação proporcionais ao tempo de serviço, vinculado à 9ª Região Militar; e</p><p> 2 - REFORMAR, provisoriamente, a contar de 27 de novembro de 2007, ADAUTO PALMEIRA DA SILVA (CPF 474.979.471-68), na graduação de Terceiro-Sargento, com proventos integrais da mesma graduação, de acordo com os incisos II do art. 104, II do art. 106, VI do art. 108 e II do art. 111 da Lei nº 6.880, de 9 dezembro de 1980.</p><p>    O DIRETOR, DE CIVIS, INATIVOS, PENSIONISTAS E ASSISTÊNCIA SOCIAL, no uso da competência que lhe foi subdelegada pela Portaria nº 192-DGP, de 1º de outubro de 2015, e tendo em vista cumprimento do julgado nos autos do Processo nº 5000834-89.2012.4.04.7002, junto ao Juízo da 2ª Vara Federal de Foz do Iguaçu Seção Judiciária do Paraná/PR, resolve</p><p> N° 554 - REFORMAR, a contar de 24 de dezembro de 2009, RAFAEL CAMARGO BARBOSA (CPF 065.819.629-45), na graduação de Soldado, com proventos de Soldado-Recruta, de acordo com os incisos II do art. 104, II do art. 106, III do art. 108 e art. 109 da Lei nº 6.880, de 9 de dezembro de 1980.</p><p>    O DIRETOR, DE CIVIS, INATIVOS, PENSIONISTAS E ASSISTÊNCIA SOCIAL, no uso da competência que lhe foi subdelegada pela Portaria nº 192-DGP, de 1º de outubro de 2015, e tendo em vista cumprimento de decisão proferida em sede de tutela antecipada nos autos do Processo nº 5055408-54.2015.4.04.7100, junto ao Juízo da 5ª Vara Federal de Porto Alegre - Seção Judiciária do Rio Grande do Sul/RS, resolve</p><p> N° 555 - REFORMAR, provisoriamente, a contar de 31 de agosto de 2015, MARIO IUNGUE BRANDOLT (CPF 383.549.000-10), na graduação de Terceiro-Sargento, com proventos da mesma graduação proporcionais ao tempo de serviço, de acordo com os incisos II do art. 104, II do art. 106, VI do art. 108 e I do art. 111 da Lei nº 6.880, de 9 dezembro de 1980.</p><p>    O DIRETOR, DE CIVIS, INATIVOS, PENSIONISTAS E ASSISTÊNCIA SOCIAL, no uso da competência que lhe foi subdelegada pela Portaria nº 192-DGP, de 1º de outubro de 2015, e tendo em vista cumprimento do julgado nos autos do Processo nº 5032898-23.2010.4.04.7100, junto ao Juízo da 4ª Vara Federal de Porto Alegre - Seção Judiciária do Rio Grande do Sul/RS, resolve</p><p>  N° 556 - REFORMAR, a contar de 20 de janeiro de 2010, DIOGO DAVILA DE MELO (CPF 012.952.190-69), na graduação de Cabo, com proventos de Terceiro-Sargento, de acordo com os incisos II do art. 104, II do art. 106, V do art. 108, art. 109, §1º e alínea "c" do §2º do art. 110 da Lei nº 6.880, de 9 de dezembro de 1980.</p><p> Na Portaria nº 457-DCIPAS/REFM-33.2, de 16 de novembro de 2017, publicada no Diário Oficial da União nº 226, de 27 de novembro de 2017, que reformou, por incapacidade física, o Soldado (020064307-0) AMAURI DONIZETTI CORRÊA, ONDE SE LÊ: "...AMAURI DONIZETTI CORRÊA...", LEIA-SE: "...AMAURI DONIZETTI CORRÊA..."</p><p> </p>]]></Texto>
    <Autores>
      <assina>GÉDER TÁVORA SAID - Cel</assina>
      <cargo>Rsp p/ Expt da Dir Civ Inat Pens Asst Soc</cargo>
    </Autores>
  </body>
</article></xml>