﻿<xml><article id="965497" name="Portarias 2927 2929 2930 2934 29" idOficio="4626175" pubName="DO2" artType="Portaria" pubDate="02/01/2018" artClass="00011:00065:00001:00001:00000:00000:00000:00000:00000:00000:00025:00001" artSection="Gabinete" artCategory="Gabinete" artSize="12" artNotes="" numberPage="16-23" pdfPage="http://pesquisa.in.gov.br/imprensa/jsp/visualiza/index.jsp?data=02/01/2018&amp;jornal=529&amp;pagina=16,http://pesquisa.in.gov.br/imprensa/jsp/visualiza/index.jsp?data=02/01/2018&amp;jornal=529&amp;pagina=23" editionNumber="1">
  <body>
    <Identifica><![CDATA[PORTARIAS DE 29 DE DEZEMBRO DE 2017]]></Identifica>
    <Data><![CDATA[]]></Data>
    <Ementa />
    <Titulo />
    <SubTitulo />
    <Texto><![CDATA[<p> O REITOR SUBSTITUTO DO INSTITUTO FEDERAL DE EDUCAÇÃO, CIÊNCIA E TECNOLOGIA DE GOIÁS - IFG, nomeado pela Portaria nº 1821, de 16 de outubro de 2015, publicada no Diário Oficial da União de 20.10.2015, no uso de suas atribuições legais e regimentais, resolve:</p><p>N° 2.927 - Considerando o que consta no Processo nº 23372.000944/2017-19 e a delegação de competência estabelecida pela Portaria MEC nº 404, de 23 de abril de 2009, autorizar o afastamento do país dos servidores abaixo relacionados para cursarem Doutorado em Educação, na Universidade de Santiago de Compostela, em Santiago de Compostela, Espanha, com trânsito incluso e ônus para o IFG, nos termos da Portaria IFG nº 1541, de 08 de julho de 2016.</p><p> </p><table><tr /><tr><td><p>Servidores</p></td><td><p>Matrícula </p><p>SIAPE nº</p></td><td><p>Lotação</p></td><td><p>Período de afastamento</p></td></tr><tr><td><p>Abdalla Antonios Kayed Elias</p></td><td><p>1444504</p></td><td><p>Câmpus Aparecida de Goiânia</p></td><td><p>13/01/2018 a 18/02/2018</p></td></tr><tr><td><p>Andreia Lívia de Jesus Leão</p></td><td><p>1023243</p></td><td><p>Câmpus Anápolis</p></td><td><p>15/01/2018 a 18/02/2018</p></td></tr><tr><td><p>Dalva Ramos de Resende Matos</p></td><td><p>1940326</p></td><td><p>Câmpus Itumbiara</p></td><td><p>14/01/2018 a 18/02/2018</p></td></tr><tr><td><p>Edmar Camilo Cotrim</p></td><td><p>1088440</p></td><td><p>Câmpus Anápolis</p></td><td><p>15/01/2018 a 18/02/2018</p></td></tr><tr><td><p>Ivanillian Ferreira Paislandim</p></td><td><p>1848145</p></td><td><p>Reitoria</p></td><td><p>13/01/2018 a 18/02/2018</p></td></tr><tr><td><p>Leizer Fernandes Moraes</p></td><td><p>1784413</p></td><td><p>Câmpus Jataí</p></td><td><p>15/01/2018 a 18/02/2018</p></td></tr><tr><td><p>Márcia Cecília Ramos Lopes</p></td><td><p>1656442</p></td><td><p>Câmpus Goiânia</p></td><td><p>15/01/2018 a 18/02/2018</p></td></tr><tr><td><p>Maxwell Gonçalves Araújo</p></td><td><p>1889384</p></td><td><p>Câmpus Goiânia</p></td><td><p>15/01/2018 a 20/02/2018</p></td></tr><tr><td><p>Oneida Cristina Gomes Barcelos Irigon</p></td><td><p>1769015</p></td><td><p>Câmpus Goiânia Oeste</p></td><td><p>13/01/2018 a 18/02/2018</p></td></tr><tr><td><p>Wanessa Ferreira de Sousa</p></td><td><p>2315939</p></td><td><p>Câmpus Valparaíso de Goiás</p></td><td><p>14/01/2018 a 18/02/2018</p></td></tr></table><p>N° 2.929 - Considerando o que consta no Processo nº 23373.006971/2017-87 e a delegação de competência estabelecida pela Portaria MEC nº 404, de 23 de abril de 2009, autorizar o afastamento do país da servidora WARDE ANTONIETA DA FONSECA ZANG, ocupante do cargo de Professor EBTT, Matrícula SIAPE n° 271315, lotada no Câmpus Goiânia do IFG, para realizar atividades de pesquisa dos projetos internacionais: PuresBio, Ashes, Biogas Redutor e ProbioSyn, a se realizar em FZ Jülich, Alemanha, no período de 03 a 12 de março de 2018, com trânsito incluso e ônus limitado para o IFG, nos termos da Portaria IFG nº 1541, de 08 de julho de 2016.</p><p>N° 2.930 - Considerando o que consta no Processo nº 23373.006970/2017-32 e a delegação de competência estabelecida pela Portaria MEC nº 404, de 23 de abril de 2009, autorizar o afastamento do país do servidor JOACHIM WERNER ZANG, ocupante do cargo de Professor EBTT, Matrícula SIAPE n° 1506511, lotado no Câmpus Goiânia do IFG, para realizar atividades de pesquisa dos projetos internacionais: PuresBio, Ashes, Biogas Redutor e ProbioSyn, a se realizar em FZ Jülich, Alemanha, no período de 03 a 12 de março de 2018, com trânsito incluso e ônus limitado para o IFG, nos termos da Portaria IFG nº 1541, de 08 de julho de 2016.</p><p>N° 2.934 - I - Considerando o que consta no Memorando nº 223/2017/PRODI/IFG, dispensar a servidora NICOLLI GODOI PEREIRA, ocupante do cargo de Assistente em Administração, Matrícula SIAPE nº 2051301, da função de Chefe da Chefia de Gabinete do Câmpus Uruaçu do IFG, Código FG-01, UORG-204, ficando seu exercício vinculado à UORG-204.</p><p>II - Designar a servidora BETÂNIA ADÔRNO, ocupante do cargo de Assistente em Administração, Matrícula SIAPE nº 2119819, para exercer a função de Chefe da Chefia de Gabinete do Câmpus Uruaçu do IFG, Código FG-01, UORG-204.</p><p>III - Esta Portaria entra em vigor na data de sua publicação.</p><p>N° 2.935 - Considerando o que consta no Memorando nº 178/2017/GAB/IFG/ ANÁPOLIS, nomear o servidor THIAGO DAMASCENO PINTO MILHOMEM, ocupante do cargo efetivo de Técnico em Assuntos Educacionais, Matrícula SIAPE nº 1046104, para, em substituição, exercer o cargo de Gerente da Gerência de Pesquisa, Pós-Graduação e Extensão do Campus Anápolis do IFG, Código CD-04, UORG-054, no período de 02 de janeiro a 02 de fevereiro de 2018, em virtude de férias da titular.</p>]]></Texto>
    <Autores>
      <assina>ADELINO CANDIDO PIMENTA</assina>
    </Autores>
  </body>
</article></xml>