﻿<xml><article id="964008" name="PRT. Nº 81- APOSENTADORIA_PAULO " idOficio="4625999" pubName="DO2" artType="Portaria" pubDate="02/01/2018" artClass="00007:00030:00002:00003:00005:00000:00000:00000:00000:00000:00025:00004" artSection="Seção de Execução Orçamentária e Financeira" artCategory="Seção de Execução Orçamentária e Financeira" artSize="8" artNotes="" numberPage="6" pdfPage="http://pesquisa.in.gov.br/imprensa/jsp/visualiza/index.jsp?data=02/01/2018&amp;jornal=529&amp;pagina=6" editionNumber="1">
  <body>
    <Identifica><![CDATA[Portaria nº 81, de 28 de Dezembro de 2017]]></Identifica>
    <Data><![CDATA[]]></Data>
    <Ementa />
    <Titulo />
    <SubTitulo />
    <Texto><![CDATA[<p> </p><p> O Diretor do Instituto Nacional de Meteorologia, no uso de suas atribuições que lhe são conferidas pelo item I da Portaria 238 de 28 de abril de 1998 da CRH/MAPA, resolve:</p><p> Conceder Aposentadoria Voluntária, com Proventos Integrais, ao Servidor PAULO ROBERTO MEIRA, Matrícula SIAPE nº 24069, ocupante do cargo de Meteorologista, NS, Classe S, Padrão III, lotado no 3º DISME/PE, do Quadro de Pessoal deste Ministério/INMET, com Fundamento Legal no Artigo 3º, da Emenda Constitucional nº 47/2005, (Processo 21166.000064/2017- 44).</p>]]></Texto>
    <Autores>
      <assina>José Mauro de Rezende</assina>
      <cargo>Substituto</cargo>
    </Autores>
  </body>
</article></xml>