﻿<xml><article id="1022082" name="ATO Nº TRF2-ATP-2017-00546 de 20" idOficio="4624880" pubName="DO2" artType="Ato" pubDate="08/01/2018" artClass="00037:00008:00001:00000:00000:00000:00000:00000:00000:00000:00001:00012" artSection="Presidência" artCategory="Presidência" artSize="8" artNotes="" numberPage="50" pdfPage="http://pesquisa.in.gov.br/imprensa/jsp/visualiza/index.jsp?data=08/01/2018&amp;jornal=529&amp;pagina=50" editionNumber="5">
  <body>
    <Identifica><![CDATA[ATO Nº 546, de 20 de dezembro de 2017]]></Identifica>
    <Data><![CDATA[]]></Data>
    <Ementa />
    <Titulo />
    <SubTitulo />
    <Texto><![CDATA[<p> O PRESIDENTE DO TRIBUNAL REGIONAL FEDERAL DA 2ª REGIÃO, no uso de suas atribuições, e considerando o que consta no Ofício nº TRF2-OFI-2017/25249, resolve:</p><p>I - EXONERAR, a pedido, a partir de 08.01.2018, a Bacharela em Direito PRISCILLA MARQUES DE ARAÚJO do cargo em comissão de Chefe de Gabinete, CJ-2, do Gabinete do Desembargador Guilherme Diefenthaeler, nos termos do art. 35, inciso II, da Lei nº 8.112-90.</p><p>II - EXONERAR a Bacharela em Direito FERNANDA SOMMER DOMINGUES do cargo em comissão de Assessora de Gestão de Metas, CJ-1, do Gabinete do Desembargador Guilherme Diefenthaeler, nos termos do art. 35, inciso I, da Lei nº 8.112-90, e NOMEÁ-LA para exercer o cargo em comissão de Chefe de Gabinete, CJ-2, do referido Gabinete, em vaga decorrente da exoneração de Priscilla Marques de Araújo.</p><p> </p><p> </p>]]></Texto>
    <Autores>
      <assina>ANDRÉ FONTES</assina>
    </Autores>
  </body>
</article></xml>