﻿<xml><article id="962002" name="AUGUSTO CESAR APOS ESPECIAL PORT" idOficio="4625450" pubName="DO2" artType="Portaria" pubDate="02/01/2018" artClass="00017:00021:00034:00000:00000:00000:00000:00000:00000:00000:00025:00001" artSection="Superintendência Estadual no Piauí" artCategory="Superintendência Estadual no Piauí" artSize="8" artNotes="" numberPage="120" pdfPage="http://pesquisa.in.gov.br/imprensa/jsp/visualiza/index.jsp?data=02/01/2018&amp;jornal=529&amp;pagina=120" editionNumber="1">
  <body>
    <Identifica><![CDATA[PORTARIA Nº 277, 28 DE DEZEMBRO DE 2017]]></Identifica>
    <Data><![CDATA[]]></Data>
    <Ementa />
    <Titulo />
    <SubTitulo />
    <Texto><![CDATA[<p>  O SUPERINTENDENTE ESTADUAL SUBSTITUTO DA FUNDAÇÃO NACIONAL DE SAÚDE NO ESTADO DO PIAUÍ, no uso das atribuições que lhe conferem o Artigo 13 do Estatuto da Funasa, aprovado pelo Decreto nº 8.867, de 03-10-2016, publicado no DOU de 04-10-2016 e Portaria de nomeação nº 374, publicada no DOU nº 084, de 06 de maio de 2014, e tendo em vista o que consta do processo nº 25235.004.251/2017-97,  resolve:</p><p>Art. 1º - Aposentar voluntariamente, o servidor AUGUSTO CESAR DO AMARAL GUIMARÃES, ocupante do cargo de Médico, NS, Classe S, Padrão III, Matrícula SIAPE nº 0473164, do Quadro de Pessoal da Fundação Nacional de Saúde, com base no Artigo 57, da Lei nº 8.213, de 24-07-1991, aplicável por força da Súmula Vinculante-STF nº 33/2014 e no Artigo 62-A, da Lei nº 8.112/90, sendo os proventos calculados na forma do Artigo 1º da Lei nº 10.887/2004.</p><p>Art. 2º  -  Esta portaria entra em vigor na data da sua publicação.</p><p> </p>]]></Texto>
    <Autores>
      <assina>Antônio Airton Veras e Silva</assina>
    </Autores>
  </body>
</article></xml>