﻿<xml><article id="1005701" name="Portaria nº 91. Ceno" idOficio="4626230" pubName="DO2" artType="Portaria" pubDate="05/01/2018" artClass="00014:00001:00000:00000:00000:00000:00000:00000:00000:00000:00025:00001" artSection="Ministério da Integração Nacional" artCategory="Gabinete do Ministro" artSize="8" artNotes="" numberPage="27" pdfPage="http://pesquisa.in.gov.br/imprensa/jsp/visualiza/index.jsp?data=05/01/2018&amp;jornal=529&amp;pagina=27" editionNumber="4">
  <body>
    <Identifica><![CDATA[PORTARIA Nº 91, DE 28 DE DEZEMBRO DE 2017]]></Identifica>
    <Data><![CDATA[]]></Data>
    <Ementa />
    <Titulo />
    <SubTitulo />
    <Texto><![CDATA[<p> O CORREGEDOR-SECCIONAL DO MINISTÉRIO DA INTEGRAÇÃO NACIONAL, no uso da competência que lhe confere a Portaria nº 365 de 05 de setembro de 2017, publicada no Diário Oficial da União nº 175, de 12 de setembro de 2017; tendo em vista os artigos art. 16 e 20 do Anexo I da Portaria n.º 280, de 06 de junho de 2017, publicada no Diário Oficial da União n.º 109, de 08 de junho de 2017, Seção 1, pág. 59; e conforme disposto nos artigos 143 e 152 da Lei 8.112, de 11 de dezembro de 1990, resolve:</p><p>Art. 1º - Prorrogar, por 60 (sessenta) dias, a Comissão de Processo Administrativo Disciplinar instaurada nos termos da Portaria CRG/GM/MI n.º 56, de 24 de agosto de 2016, publicada no Diário Oficial da União n.º 164, de 25 de agosto de 2016, com o objetivo de "apurar os fatos noticiados no Processo MI n.º 59000.001154/2014-75, bem como proceder ao exame de outros fatos, ações e omissões que porventura venham a ser identificados no curso de seus trabalhos e que guardem conexão com o objeto presente", tendo sido reconduzida pela última vez por meio da Portaria n.º 79, de 06 de novembro de 2017, publicada no Diário Oficial da União n.º 213, de 07 de novembro de 2017.</p><p>Art. 2º - Esta Portaria entra em vigor na data de sua publicação.</p>]]></Texto>
    <Autores>
      <assina>DANIEL XAVIER LARA</assina>
    </Autores>
  </body>
</article></xml>