﻿<xml><article id="961876" name="PRFB5938a6161" idOficio="4624147" pubName="DO2" artType="Portaria" pubDate="02/01/2018" artClass="00012:00055:00000:00000:00000:00000:00000:00000:00000:00000:00025:00019" artSection="Ministério da Fazenda" artCategory="Secretaria da Receita Federal do Brasil" artSize="8" artNotes="" numberPage="91-92-93-94-95-102" pdfPage="http://pesquisa.in.gov.br/imprensa/jsp/visualiza/index.jsp?data=02/01/2018&amp;jornal=529&amp;pagina=91,http://pesquisa.in.gov.br/imprensa/jsp/visualiza/index.jsp?data=02/01/2018&amp;jornal=529&amp;pagina=92,http://pesquisa.in.gov.br/imprensa/jsp/visualiza/index.jsp?data=02/01/2018&amp;jornal=529&amp;pagina=93,http://pesquisa.in.gov.br/imprensa/jsp/visualiza/index.jsp?data=02/01/2018&amp;jornal=529&amp;pagina=94,http://pesquisa.in.gov.br/imprensa/jsp/visualiza/index.jsp?data=02/01/2018&amp;jornal=529&amp;pagina=95,http://pesquisa.in.gov.br/imprensa/jsp/visualiza/index.jsp?data=02/01/2018&amp;jornal=529&amp;pagina=102" editionNumber="1">
  <body>
    <Identifica><![CDATA[PORTARIAS DE 27 DE DEZEMBRO DE 2017]]></Identifica>
    <Data><![CDATA[]]></Data>
    <Ementa />
    <Titulo />
    <SubTitulo />
    <Texto><![CDATA[<p> </p><p> O SECRETÁRIO DA RECEITA FEDERAL DO BRASIL, no uso das competências que lhe foram delegada e subdelegada, respectivamente, pelas Portarias MF nºs 392 e 393, de 14 de julho de 2009, alteradas pela Portaria MF nº 100, de 28 de março de 2017, resolve:</p><p>Nº 5.938 Dispensar, a partir de 01/01/2018, o Auditor-Fiscal da Receita Federal do Brasil CARLOS ALBERTO VALLE EVANGELISTA JUNIOR, matrícula SiapeCad nº 00000731, da Função Comissionada do Poder Executivo de Chefe da Divisão de Tecnologia da Informação - Ditec da Superintendência Regional da Receita Federal do Brasil da 9ª Região Fiscal (PR), Código FCPE-101.2.</p><p>Nº 5.939 Dispensar, a partir de 01/01/2018, o Auditor-Fiscal da Receita Federal do Brasil HELIO MIKIO KATAOKA, matrícula SiapeCad nº 00001811, do encargo de Substituto Eventual do Chefe da Divisão de Tecnologia da Informação - Ditec da Superintendência Regional da Receita Federal do Brasil da 9ª Região Fiscal (PR), Código FCPE-101.2.</p><p>Nº 5.940 Dispensar, a partir de 01/01/2018, o Auditor-Fiscal da Receita Federal do Brasil ANDRE FERREIRA DOS SANTOS, matrícula SiapeCad nº 01292291, da Função Comissionada do Poder Executivo de Chefe da Divisão de Repressão ao Contrabando e Descaminho - Direp da Superintendência Regional da Receita Federal do Brasil da 9ª Região Fiscal (PR), Código FCPE-101.2.</p><p>Nº 5.941 Dispensar, a partir de 01/01/2018, o Auditor-Fiscal da Receita Federal do Brasil PAULO ROBERTO UBIALLI BEZERRA, matrícula SiapeCad nº 00065339, do encargo de Substituto Eventual do Chefe da Divisão de Repressão ao Contrabando e Descaminho - Direp da Superintendência Regional da Receita Federal do Brasil da 9ª Região Fiscal (PR), Código FCPE-101.2.</p><p>Nº 5.942 Dispensar, a partir de 01/01/2018, o Analista-Tributário da Receita Federal do Brasil CLAUDIO ERNESTO LEMOS, matrícula SiapeCad nº 00001832, da Função Gratificada de Chefe da Equipe de Repressão Aduaneira - ERA/1 da Superintendência Regional da Receita Federal do Brasil da 9ª Região Fiscal (PR), Código FG-1.</p><p>Nº 5.943 Dispensar, a partir de 01/01/2018, o Auditor-Fiscal da Receita Federal do Brasil PAULO ROBERTO UBIALLI BEZERRA, matrícula SiapeCad nº 00065339, da Função Gratificada de Chefe da Equipe de Repressão Aduaneira - ERA/3 da Superintendência Regional da Receita Federal do Brasil da 9ª Região Fiscal (PR), Código FG-1.</p><p>Nº 5.944 Dispensar, a partir de 01/01/2018, o Auditor-Fiscal da Receita Federal do Brasil WALTER LUIZ JUNIOR, matrícula SiapeCad nº 01293278, da Função Gratificada de Chefe da Equipe de Fiscalização - EFI da Superintendência Regional da Receita Federal do Brasil da 9ª Região Fiscal (PR), Código FG-1.</p><p>Nº 5.945 Dispensar, a partir de 01/01/2018, a Analista-Tributário da Receita Federal do Brasil ADRIANA MAISETE CORREA CARACAS, matrícula SiapeCad nº 01294610, da Função Gratificada de Chefe da Equipe de Gestão de Pessoas - EGP da Superintendência Regional da Receita Federal do Brasil da 9ª Região Fiscal (PR), Código FG-1.</p><p>Nº 5.946 Dispensar, a partir de 01/01/2018, a Analista-Tributário da Receita Federal do Brasil SIGRID HAGER STRAMBI, matrícula SiapeCad nº 01213916, da Função Gratificada de Chefe da Equipe de Logística - ELG da Superintendência Regional da Receita Federal do Brasil da 9ª Região Fiscal (PR), Código FG-1.</p><p>Nº 5.947 Dispensar, a partir de 01/01/2018, a Auditora-Fiscal da Receita Federal do Brasil JULIANA CHRISTINA SIMAS DE MACEDO, matrícula SiapeCad nº 01293938, da Função Gratificada de Assistente da Superintendência Regional da Receita Federal do Brasil da 9ª Região Fiscal (PR), Código FG-2.</p><p>Nº 5.948 Dispensar, a partir de 01/01/2018, a Auditora-Fiscal da Receita Federal do Brasil IARA BETY GULKA, matrícula SiapeCad nº 00881071, da Função Gratificada de Assistente da Superintendência Regional da Receita Federal do Brasil da 9ª Região Fiscal (PR), Código FG-2.</p><p>Nº 5.949 Dispensar, a partir de 01/01/2018, o Auditor-Fiscal da Receita Federal do Brasil HENRIQUE FONTOURA, matrícula SiapeCad nº 01221341, da Função Gratificada de Assistente da Superintendência Regional da Receita Federal do Brasil da 9ª Região Fiscal (PR), Código FG-3.</p><p>Nº 5.950 Dispensar, a partir de 01/01/2018, o Analista-Tributário da Receita Federal do Brasil MARZALEM ALVES DE LIMA, matrícula SiapeCad nº 01294488, da Função Gratificada de Assistente da Superintendência Regional da Receita Federal do Brasil da 9ª Região Fiscal (PR), Código FG-3.</p><p>Nº 5.951 Dispensar, a partir de 01/01/2018, o Auditor-Fiscal da Receita Federal do Brasil HELIO MIKIO KATAOKA, matrícula SiapeCad nº 00001811, da Função Gratificada de Assistente da Superintendência Regional da Receita Federal do Brasil da 9ª Região Fiscal (PR), Código FG-3.</p><p>Nº 5.952 Dispensar, a partir de 01/01/2018, o Analista-Tributário da Receita Federal do Brasil JOAO LUIS DE SOUZA, matrícula SiapeCad nº 00001341, da Função Gratificada de Chefe da Seção de Gestão de Mercadorias Apreendidas - Samap da Superintendência Regional da Receita Federal do Brasil da 9ª Região Fiscal (PR), Código FG-1.</p><p>Nº 5.953 Dispensar, a partir de 01/01/2018, o Analista-Tributário da Receita Federal do Brasil BENVINDO JOSE FERREIRA JUNIOR, matrícula SiapeCad nº 00001942, da Função Comissionada do Poder Executivo de Chefe do Serviço de Tecnologia da Informação - Setec da Delegacia da Receita Federal do Brasil em Curitiba (PR), Código FCPE-101.1.</p><p>Nº 5.954 Dispensar, a partir de 01/01/2018, o Analista-Tributário da Receita Federal do Brasil VANIO LUIZ CACHOEIRA FILHO, matrícula SiapeCad nº 00087910, do encargo de Substituto Eventual do Chefe do Serviço de Tecnologia da Informação - Setec da Delegacia da Receita Federal do Brasil em Curitiba (PR), Código FCPE-101.1.</p><p>Nº 5.955 Dispensar, a partir de 01/01/2018, o Analista-Tributário da Receita Federal do Brasil JOAO GILMAR GUNTZEL, matrícula SiapeCad nº 01130620, da Função Comissionada do Poder Executivo de Chefe do Serviço de Programação e Logística - Sepol da Delegacia da Receita Federal do Brasil em Curitiba (PR), Código FCPE-101.1.</p><p>Nº 5.956 Dispensar, a partir de 01/01/2018, a Analista-Tributário da Receita Federal do Brasil MARIA CRISTINA PADILHA CALDAS, matrícula SiapeCad nº 01293485, do encargo de Substituto Eventual do Chefe do Serviço de Programação e Logística - Sepol da Delegacia da Receita Federal do Brasil em Curitiba (PR), Código FCPE-101.1.</p><p>Nº 5.957 Dispensar, a partir de 01/01/2018, o Analista-Tributário da Receita Federal do Brasil LUCIANO ISAIAS DE LARA, matrícula SiapeCad nº 01196019, da Função Comissionada do Poder Executivo de Chefe do Centro de Atendimento ao Contribuinte - CAC/Chefe do Centro A da Delegacia da Receita Federal do Brasil em Curitiba (PR), Código FCPE-101.1.</p><p>Nº 5.958 Dispensar, a partir de 01/01/2018, o Analista-Tributário da Receita Federal do Brasil NEURI EDMUNDO DA SILVA MOKDSE, matrícula SiapeCad nº 01179288, do encargo de Substituto Eventual do Chefe do Centro de Atendimento ao Contribuinte - CAC/Chefe do Centro A da Delegacia da Receita Federal do Brasil em Curitiba (PR), Código FCPE-101.1.</p><p>Nº 5.959 Dispensar, a partir de 01/01/2018, a Analista-Tributário da Receita Federal do Brasil ANDREIA CHERPINSKI DE LA CRUZ, matrícula SiapeCad nº 01293842, da Função Comissionada do Poder Executivo de Chefe do Centro de Atendimento ao Contribuinte - CAC/Chefe do Centro B da Delegacia da Receita Federal do Brasil em Curitiba (PR), Código FCPE-101.1.</p><p>Nº 5.960 Dispensar, a partir de 01/01/2018, a Técnico do Seguro Social JULIANA SARETTA DE OLIVEIRA, matrícula SiapeCad nº 01198602, do encargo de Substituto Eventual do Chefe do Centro de Atendimento ao Contribuinte - CAC/Chefe do Centro B da Delegacia da Receita Federal do Brasil em Curitiba (PR), Código FCPE-101.1.</p><p>Nº 5.961 Dispensar, a partir de 01/01/2018, o Auditor-Fiscal da Receita Federal do Brasil LEUDEMIR DIAS DOS SANTOS, matrícula SiapeCad nº 01170740, da Função Comissionada do Poder Executivo de Chefe do Centro de Atendimento ao Contribuinte - CAC/Portão da Delegacia da Receita Federal do Brasil em Curitiba (PR), Código FCPE-101.1.</p><p>Nº 5.962 Dispensar, a partir de 01/01/2018, o Auditor-Fiscal da Receita Federal do Brasil RICARDO DE ANDRADE ARRUDA, matrícula SiapeCad nº 00065351, do encargo de Substituto Eventual do Chefe do Centro de Atendimento ao Contribuinte - CAC/Portão da Delegacia da Receita Federal do Brasil em Curitiba (PR), Código FCPE-101.1.</p><p>Nº 5.963 Dispensar, a partir de 01/01/2018, a Técnico do Seguro Social ELENICE CRISTINA DO ROSSIO ESPIRITO SANTO BECKER, matrícula SiapeCad nº 00835761, da Função Comissionada do Poder Executivo de Chefe do Centro de Atendimento ao Contribuinte - CAC/Parcelamento da Delegacia da Receita Federal do Brasil em Curitiba (PR), Código FCPE-101.1.</p><p>Nº 5.964 Dispensar, a partir de 01/01/2018, o Auditor-Fiscal da Receita Federal do Brasil ADIR ROBERTO STAATS, matrícula SiapeCad nº 00076048, do encargo de Substituto Eventual do Chefe do Centro de Atendimento ao Contribuinte - CAC/Parcelamento da Delegacia da Receita Federal do Brasil em Curitiba (PR), Código FCPE-101.1.</p><p>Nº 5.965 Dispensar, a partir de 01/01/2018, o Auditor-Fiscal da Receita Federal do Brasil MARIO CELSO FREITAS RODRIGUES, matrícula SiapeCad nº 00836069, da Função Gratificada de Assistente da Delegacia da Receita Federal do Brasil em Curitiba (PR), Código FG-1.</p><p>Nº 5.966 Dispensar, a partir de 01/01/2018, o Auditor-Fiscal da Receita Federal do Brasil JOAO ELIO GRACIOLLI, matrícula SiapeCad nº 00836050, da Função Gratificada de Chefe da Seção de Programação, Avaliação e Controle da Atividade Fiscal - Sapac da Delegacia da Receita Federal do Brasil em Curitiba (PR), Código FG-1.</p><p>Nº 5.967 Dispensar, a partir de 01/01/2018, o Analista-Tributário da Receita Federal do Brasil CICERO JORGE DE ANDRADE, matrícula SiapeCad nº 00056776, da Função Comissionada do Poder Executivo de Agente da Receita Federal do Brasil em Colombo (PR), jurisdição da Delegacia da Receita Federal do Brasil em Curitiba (PR), Código FCPE-101.1.</p><p>Nº 5.968 Dispensar, a partir de 01/01/2018, o Assistente Técnico-Administrativo DANIEL FRANCISCO PEDROSO DOS SANTOS, matrícula SiapeCad nº 01490666, do encargo de Substituto Eventual do Agente da Receita Federal do Brasil em Colombo (PR), jurisdição da Delegacia da Receita Federal do Brasil em Curitiba (PR), Código FCPE-101.1.</p><p>Nº 5.969 Dispensar, a partir de 01/01/2018, o Analista-Tributário da Receita Federal do Brasil LUCIANO MASASHIRO YAGUI, matrícula SiapeCad nº 01291961, da Função Gratificada de Chefe do Setor de Arrecadação e Cobrança - Sorac da Agência da Receita Federal do Brasil em Colombo (PR), jurisdição da Delegacia da Receita Federal do Brasil em Curitiba (PR), Código FG-2.</p><p>Nº 5.970 Dispensar, a partir de 01/01/2018, o Analista-Tributário da Receita Federal do Brasil DOUGLAS DUARTE MICHELSON, matrícula SiapeCad nº 01303777, da Função Gratificada de Chefe da Equipe de Atendimento ao Contribuinte - EAT/1 da Agência da Receita Federal do Brasil em Colombo (PR), jurisdição da Delegacia da Receita Federal do Brasil em Curitiba (PR), Código FG-2.</p><p>Nº 5.971 Dispensar, a partir de 01/01/2018, a Analista-Tributário da Receita Federal do Brasil REGINA MARISA RABELO GUIMARAES, matrícula SiapeCad nº 01294180, da Função Gratificada de Chefe da Equipe de Atendimento ao Contribuinte - EAT/2 da Agência da Receita Federal do Brasil em Colombo (PR), jurisdição da Delegacia da Receita Federal do Brasil em Curitiba (PR), Código FG-3.</p><p>Nº 5.972 Dispensar, a partir de 01/01/2018, o Analista-Tributário da Receita Federal do Brasil SERGIO AKIRA ABE, matrícula SiapeCad nº 00057701, da Função Gratificada de Chefe da Seção de Tecnologia da Informação - Satec da Delegacia da Receita Federal do Brasil em Londrina (PR), Código FG-1.</p><p>Nº 5.973 Dispensar, a partir de 01/01/2018, o Auditor-Fiscal da Receita Federal do Brasil JOSE CARLOS DE SOUZA, matrícula SiapeCad nº 00001534, da Função Gratificada de Chefe da Equipe de Repressão Aduaneira - ERA da Delegacia da Receita Federal do Brasil em Londrina (PR), Código FG-1.</p><p>Nº 5.974 Dispensar, a partir de 01/01/2018, o Técnico do Seguro Social PEDRO CARDIN FILHO, matrícula SiapeCad nº 00835739, da Função Gratificada de Chefe da Equipe de Atendimento ao Contribuinte - EAT da Agência da Receita Federal do Brasil em Cornelio Procopio (PR), jurisdição da Delegacia da Receita Federal do Brasil em Londrina (PR), Código FG-3.</p><p>Nº 5.975 Dispensar, a partir de 01/01/2018, a Assistente Técnico-Administrativo ROSELI APARECIDA COUTINHO E SILVA, matrícula SiapeCad nº 01972828, da Função Gratificada de Chefe da Equipe de Atendimento ao Contribuinte - EAT da Agência da Receita Federal do Brasil em Jacarezinho (PR), jurisdição da Delegacia da Receita Federal do Brasil em Londrina (PR), Código FG-3.</p><p>Nº 5.976 Dispensar, a partir de 01/01/2018, o Analista-Tributário da Receita Federal do Brasil FRANCISCO SERGIO SAMBATTI, matrícula SiapeCad nº 01303134, da Função Gratificada de Chefe da Seção de Tecnologia da Informação - Satec da Delegacia da Receita Federal do Brasil em Cascavel (PR), Código FG-1.</p><p>Nº 5.977 Dispensar, a partir de 01/01/2018, o Analista-Tributário da Receita Federal do Brasil LINDEMBERG CESAR SIMIONATO, matrícula SiapeCad nº 01185470, da Função Gratificada de Chefe da Equipe de Atendimento ao Contribuinte - EAT/2 da Delegacia da Receita Federal do Brasil em Cascavel (PR), Código FG-2.</p><p>Nº 5.978 Dispensar, a partir de 01/01/2018, o Auditor-Fiscal da Receita Federal do Brasil EVANDRO PAGLIA, matrícula SiapeCad nº 01171612, da Função Gratificada de Chefe da Equipe de Repressão Aduaneira - ERA da Delegacia da Receita Federal do Brasil em Cascavel (PR), Código FG-2.</p><p>Nº 5.979 Dispensar, a partir de 01/01/2018, a Datilógrafo NELI MARIA BONATTO, matrícula SiapeCad nº 00001140, da Função Gratificada de Agente da Receita Federal do Brasil em Laranjeiras do Sul (PR), jurisdição da Delegacia da Receita Federal do Brasil em Cascavel (PR), Código FG-1.</p><p>Nº 5.980 Dispensar, a partir de 01/01/2018, o Técnico do Seguro Social ANTONIO MARCOS FRANCO, matrícula SiapeCad nº 01184433, da Função Gratificada de Chefe da Equipe de Atendimento ao Contribuinte - EAT da Agência da Receita Federal do Brasil em Laranjeiras do Sul (PR), jurisdição da Delegacia da Receita Federal do Brasil em Cascavel (PR), Código FG-3.</p><p>Nº 5.981 Dispensar, a partir de 01/01/2018, o Analista-Tributário da Receita Federal do Brasil VANDE MARCIO TSCHA, matrícula SiapeCad nº 01295289, da Função Gratificada de Agente da Receita Federal do Brasil em Pato Branco (PR), jurisdição da Delegacia da Receita Federal do Brasil em Cascavel (PR), Código FG-1.</p><p>Nº 5.982 Dispensar, a partir de 01/01/2018, o Analista-Tributário da Receita Federal do Brasil ALISSON MARCOS, matrícula SiapeCad nº 01294137, da Função Gratificada de Chefe da Equipe de Atendimento ao Contribuinte - EAT da Agência da Receita Federal do Brasil em Pato Branco (PR), jurisdição da Delegacia da Receita Federal do Brasil em Cascavel (PR), Código FG-3.</p><p>Nº 5.983 Dispensar, a partir de 01/01/2018, o Analista-Tributário da Receita Federal do Brasil LUIZ ANTONIO ZOTTIS, matrícula SiapeCad nº 00002737, da Função Gratificada de Inspetor-Chefe da Receita Federal do Brasil em Santo Antonio do Sudoeste (PR), jurisdição da Delegacia da Receita Federal do Brasil em Cascavel (PR), Código FG-1.</p><p>Nº 5.984 Dispensar, a partir de 01/01/2018, o Auditor-Fiscal da Receita Federal do Brasil ADILSON BETONI, matrícula SiapeCad nº 00064205, da Função Gratificada de Inspetor-Chefe da Receita Federal do Brasil em Capanema (PR), jurisdição da Delegacia da Receita Federal do Brasil em Cascavel (PR), Código FG-1.</p><p>Nº 5.985 Dispensar, a partir de 01/01/2018, o Analista-Tributário da Receita Federal do Brasil ISAAC DE OLIVEIRA, matrícula SiapeCad nº 00001292, da Função Gratificada de Chefe da Seção de Tecnologia da Informação - Satec da Delegacia da Receita Federal do Brasil em Ponta Grossa (PR), Código FG-1.</p><p>Nº 5.986 Dispensar, a partir de 01/01/2018, o Auditor-Fiscal da Receita Federal do Brasil LUIS FELIPE VASCONCELOS DE OLIVEIRA E CRUZ, matrícula SiapeCad nº 01292540, da Função Gratificada de Chefe da Equipe de Repressão Aduaneira - ERA da Delegacia da Receita Federal do Brasil em Ponta Grossa (PR), Código FG-2.</p><p>Nº 5.987 Dispensar, a partir de 01/01/2018, o Analista-Tributário da Receita Federal do Brasil GUSTAVO RAICHERTH, matrícula SiapeCad nº 01291489, da Função Gratificada de Agente da Receita Federal do Brasil em Guarapuava (PR), jurisdição da Delegacia da Receita Federal do Brasil em Ponta Grossa (PR), Código FG-1.</p><p>Nº 5.988 Dispensar, a partir de 01/01/2018, a Analista-Tributário da Receita Federal do Brasil BRUNA DUARTE MENDES SAKAMOTO, matrícula SiapeCad nº 01811868, da Função Gratificada de Chefe da Equipe de Atendimento ao Contribuinte - EAT da Agência da Receita Federal do Brasil em Guarapuava (PR), jurisdição da Delegacia da Receita Federal do Brasil em Ponta Grossa (PR), Código FG-3.</p><p>Nº 5.989 Dispensar, a partir de 01/01/2018, o Analista-Tributário da Receita Federal do Brasil JOAO INUARIO VICHINIESKI, matrícula SiapeCad nº 00058040, da Função Gratificada de Chefe da Equipe de Atendimento ao Contribuinte - EAT da Agência da Receita Federal do Brasil em Irati (PR), jurisdição da Delegacia da Receita Federal do Brasil em Ponta Grossa (PR), Código FG-3.</p><p>Nº 5.990 Dispensar, a partir de 01/01/2018, o Analista do Seguro Social EVERSON JAIR CASAGRANDE MOREIRA, matrícula SiapeCad nº 01219395, da Função Gratificada de Chefe da Equipe de Atendimento ao Contribuinte - EAT da Agência da Receita Federal do Brasil em Ibaiti (PR), jurisdição da Delegacia da Receita Federal do Brasil em Ponta Grossa (PR), Código FG-3.</p><p>Nº 5.991 Dispensar, a partir de 01/01/2018, o Analista-Tributário da Receita Federal do Brasil MARIO ALBERTO PISKE, matrícula SiapeCad nº 01879079, da Função Gratificada de Chefe da Equipe de Atendimento ao Contribuinte - EAT da Agência da Receita Federal do Brasil em Uniao da Vitoria (PR), jurisdição da Delegacia da Receita Federal do Brasil em Ponta Grossa (PR), Código FG-3.</p><p>Nº 5.992 Dispensar, a partir de 01/01/2018, o Analista-Tributário da Receita Federal do Brasil JOSE ERNESTO BARDELLI MALAGHINI, matrícula SiapeCad nº 00002726, da Função Gratificada de Chefe da Seção de Tecnologia da Informação - Satec da Delegacia da Receita Federal do Brasil em Maringa (PR), Código FG-1.</p><p>Nº 5.993 Dispensar, a partir de 01/01/2018, o Auditor-Fiscal da Receita Federal do Brasil EVANDRO OLIVEIRA CALVO, matrícula SiapeCad nº 00004787, da Função Gratificada de Chefe da Equipe de Repressão Aduaneira - ERA da Delegacia da Receita Federal do Brasil em Maringa (PR), Código FG-2.</p><p>Nº 5.994 Dispensar, a partir de 01/01/2018, o Analista-Tributário da Receita Federal do Brasil DENIRVAL DE JESUS ANDRELLA, matrícula SiapeCad nº 00017338, da Função Gratificada de Chefe da Equipe de Arrecadação e Cobrança - EAC/2 da Delegacia da Receita Federal do Brasil em Maringa (PR), Código FG-2.</p><p>Nº 5.995 Dispensar, a partir de 01/01/2018, o Auditor-Fiscal da Receita Federal do Brasil EDUARDO FUJITA, matrícula SiapeCad nº 01292197, da Função Gratificada de Chefe da Equipe Aduaneira - EAD da Delegacia da Receita Federal do Brasil em Maringa (PR), Código FG-3.</p><p>Nº 5.996 Dispensar, a partir de 01/01/2018, a Analista-Tributário da Receita Federal do Brasil VERGINIA GIL MARTINS GOZZI, matrícula SiapeCad nº 00000721, da Função Gratificada de Agente da Receita Federal do Brasil em Campo Mourao (PR), jurisdição da Delegacia da Receita Federal do Brasil em Maringa (PR), Código FG-1.</p><p>Nº 5.997 Dispensar, a partir de 01/01/2018, a Técnico do Seguro Social MARIA LUZIA GOMES BROZA, matrícula SiapeCad nº 00836022, da Função Gratificada de Chefe da Equipe de Atendimento ao Contribuinte - EAT da Agência da Receita Federal do Brasil em Campo Mourao (PR), jurisdição da Delegacia da Receita Federal do Brasil em Maringa (PR), Código FG-3.</p><p>Nº 5.998 Dispensar, a partir de 01/01/2018, a Analista-Tributário da Receita Federal do Brasil LOURDES LENIR TURRA, matrícula SiapeCad nº 00001837, da Função Gratificada de Chefe da Equipe de Atendimento ao Contribuinte - EAT da Agência da Receita Federal do Brasil em Cianorte (PR), jurisdição da Delegacia da Receita Federal do Brasil em Maringa (PR), Código FG-3.</p><p>Nº 5.999 Dispensar, a partir de 01/01/2018, a Agente Administrativo KIOKO NOTOYA, matrícula SiapeCad nº 00001087, da Função Gratificada de Chefe da Equipe de Atendimento ao Contribuinte - EAT da Agência da Receita Federal do Brasil em Jandaia do Sul (PR), jurisdição da Delegacia da Receita Federal do Brasil em Maringa (PR), Código FG-3.</p><p>Nº 6.000 Dispensar, a partir de 01/01/2018, o Assistente Técnico-Administrativo ROBERTO CRISTIANO GUIMARAES ELIAS, matrícula SiapeCad nº 01489053, da Função Gratificada de Agente da Receita Federal do Brasil em Loanda (PR), jurisdição da Delegacia da Receita Federal do Brasil em Maringa (PR), Código FG-1.</p><p>Nº 6.001 Dispensar, a partir de 01/01/2018, o Analista-Tributário da Receita Federal do Brasil AGNALDO SARTORELLE, matrícula SiapeCad nº 00001772, da Função Gratificada de Agente da Receita Federal do Brasil em Paranavai (PR), jurisdição da Delegacia da Receita Federal do Brasil em Maringa (PR), Código FG-1.</p><p>Nº 6.002 Dispensar, a partir de 01/01/2018, o Técnico do Seguro Social FORTUNATO LUIZ DOS SANTOS, matrícula SiapeCad nº 00835923, da Função Gratificada de Chefe da Equipe de Atendimento ao Contribuinte - EAT da Agência da Receita Federal do Brasil em Paranavai (PR), jurisdição da Delegacia da Receita Federal do Brasil em Maringa (PR), Código FG-3.</p><p>Nº 6.003 Exonerar, a partir de 01/01/2018, o Auditor-Fiscal da Receita Federal do Brasil RAFAEL RODRIGUES DOLZAN, matrícula SiapeCad nº 01293174, do cargo em comissão de Delegado da Receita Federal do Brasil em Foz do Iguaçu (PR), Código DAS-101.3.</p><p>Nº 6.004 Dispensar, a partir de 01/01/2018, o Auditor-Fiscal da Receita Federal do Brasil HIPOLITO JOSE ARRUDA CAPLAN, matrícula SiapeCad nº 00068546, do encargo de Substituto Eventual do Delegado da Receita Federal do Brasil em Foz do Iguaçu (PR), Código DAS-101.3.</p><p>Nº 6.005 Dispensar, a partir de 01/01/2018, o Auditor-Fiscal da Receita Federal do Brasil HIPOLITO JOSE ARRUDA CAPLAN, matrícula SiapeCad nº 00068546, da Função Comissionada do Poder Executivo de Delegado-Adjunto da Receita Federal do Brasil em Foz do Iguaçu (PR), Código FCPE-101.2.</p><p>Nº 6.006 Dispensar, a partir de 01/01/2018, o Auditor-Fiscal da Receita Federal do Brasil PEDRO HENRIQUE REAL, matrícula SiapeCad nº 01489556, da Função Comissionada do Poder Executivo de Chefe do Serviço de Controle e Acompanhamento Tributário - Secat da Delegacia da Receita Federal do Brasil em Foz do Iguaçu (PR), Código FCPE-101.1.</p><p>Nº 6.007 Dispensar, a partir de 01/01/2018, o Auditor-Fiscal da Receita Federal do Brasil GERSON MINAMI, matrícula SiapeCad nº 00062115, do encargo de Substituto Eventual do Chefe do Serviço de Controle e Acompanhamento Tributário - Secat da Delegacia da Receita Federal do Brasil em Foz do Iguaçu (PR), Código FCPE-101.1.</p><p>Nº 6.008 Dispensar, a partir de 01/01/2018, o Auditor-Fiscal da Receita Federal do Brasil ERNANI ORI HARLOS, matrícula SiapeCad nº 00026498, da Função Comissionada do Poder Executivo de Chefe do Serviço de Orientação e Análise Tributária - Seort da Delegacia da Receita Federal do Brasil em Foz do Iguaçu (PR), Código FCPE-101.1.</p><p>Nº 6.009 Dispensar, a partir de 01/01/2018, o Auditor-Fiscal da Receita Federal do Brasil DIEGO AUGUSTO DE SA, matrícula SiapeCad nº 01490297, do encargo de Substituto Eventual do Chefe do Serviço de Orientação e Análise Tributária - Seort da Delegacia da Receita Federal do Brasil em Foz do Iguaçu (PR), Código FCPE-101.1.</p><p>Nº 6.010 Dispensar, a partir de 01/01/2018, o Auditor-Fiscal da Receita Federal do Brasil LUIZ ALBERTO SAUER, matrícula SiapeCad nº 00001117, da Função Comissionada do Poder Executivo de Chefe do Serviço de Fiscalização - Sefis da Delegacia da Receita Federal do Brasil em Foz do Iguaçu (PR), Código FCPE-101.1.</p><p>Nº 6.011 Dispensar, a partir de 01/01/2018, o Auditor-Fiscal da Receita Federal do Brasil JOSE NERES DA SILVA NETO, matrícula SiapeCad nº 00000650, do encargo de Substituto Eventual do Chefe do Serviço de Fiscalização - Sefis da Delegacia da Receita Federal do Brasil em Foz do Iguaçu (PR), Código FCPE-101.1.</p><p>Nº 6.012 Dispensar, a partir de 01/01/2018, o Auditor-Fiscal da Receita Federal do Brasil OSVALDO TOSHIO YAMASHITA, matrícula SiapeCad nº 00057670, da Função Comissionada do Poder Executivo de Chefe do Serviço de Tecnologia da Informação - Setec da Delegacia da Receita Federal do Brasil em Foz do Iguaçu (PR), Código FCPE-101.1.</p><p>Nº 6.013 Dispensar, a partir de 01/01/2018, o Analista-Tributário da Receita Federal do Brasil ADIL TAUFIC ISSA, matrícula SiapeCad nº 01130977, do encargo de Substituto Eventual do Chefe do Serviço de Tecnologia da Informação - Setec da Delegacia da Receita Federal do Brasil em Foz do Iguaçu (PR), Código FCPE-101.1.</p><p>Nº 6.014 Dispensar, a partir de 01/01/2018, o Analista-Tributário da Receita Federal do Brasil ANTONIO AUGUSTO CASTRO FERREIRA, matrícula SiapeCad nº 01811896, da Função Comissionada do Poder Executivo de Chefe do Serviço de Programação e Logística - Sepol da Delegacia da Receita Federal do Brasil em Foz do Iguaçu (PR), Código FCPE-101.1.</p><p>Nº 6.015 Dispensar, a partir de 01/01/2018, a Analista-Tributário da Receita Federal do Brasil DENISE ARAUJO SANTOS MIRANDA, matrícula SiapeCad nº 00059294, do encargo de Substituto Eventual do Chefe do Serviço de Programação e Logística - Sepol da Delegacia da Receita Federal do Brasil em Foz do Iguaçu (PR), Código FCPE-101.1.</p><p>Nº 6.016 Dispensar, a partir de 01/01/2018, o Auditor-Fiscal da Receita Federal do Brasil MARCELO MOSSI VENDRAMINI, matrícula SiapeCad nº 01572838, da Função Comissionada do Poder Executivo de Chefe do Serviço de Administração Aduaneira - Seana da Delegacia da Receita Federal do Brasil em Foz do Iguaçu (PR), Código FCPE-101.1.</p><p>Nº 6.017 Dispensar, a partir de 01/01/2018, o Auditor-Fiscal da Receita Federal do Brasil CELSO YUKIO OMOTO, matrícula SiapeCad nº 01294100, da Função Gratificada de Chefe da Seção de Programação, Avaliação e Controle da Atividade Fiscal - Sapac da Delegacia da Receita Federal do Brasil em Foz do Iguaçu (PR), Código FG-1.</p><p>Nº 6.018 Dispensar, a partir de 01/01/2018, o Analista-Tributário da Receita Federal do Brasil JORGE DOMINGOS DALMAGRO, matrícula SiapeCad nº 00001132, da Função Gratificada de Chefe da Seção de Gestão de Mercadorias Apreendidas - Samap da Delegacia da Receita Federal do Brasil em Foz do Iguaçu (PR), Código FG-1.</p><p>Nº 6.019 Dispensar, a partir de 01/01/2018, a Agente Administrativo EDESIA MARIA PAGAN, matrícula SiapeCad nº 00001248, da Função Comissionada do Poder Executivo de Chefe do Centro de Atendimento ao Contribuinte - CAC da Delegacia da Receita Federal do Brasil em Foz do Iguaçu (PR), Código FCPE-101.1.</p><p>Nº 6.020 Dispensar, a partir de 01/01/2018, a Analista-Tributário da Receita Federal do Brasil LETICIA SEIXAS LIMA, matrícula SiapeCad nº 01293073, do encargo de Substituto Eventual do Chefe do Centro de Atendimento ao Contribuinte - CAC da Delegacia da Receita Federal do Brasil em Foz do Iguaçu (PR), Código FCPE-101.1.</p><p>Nº 6.021 Dispensar, a partir de 01/01/2018, o Auditor-Fiscal da Receita Federal do Brasil ALFONSO BURG, matrícula SiapeCad nº 00017129, da Função Gratificada de Chefe da Equipe de Fiscalização - EFI/2 da Delegacia da Receita Federal do Brasil em Foz do Iguaçu (PR), Código FG-1.</p><p>Nº 6.022 Dispensar, a partir de 01/01/2018, o Auditor-Fiscal da Receita Federal do Brasil JOSE NERES DA SILVA NETO, matrícula SiapeCad nº 00000650, da Função Gratificada de Chefe da Equipe de Fiscalização - EFI/3 da Delegacia da Receita Federal do Brasil em Foz do Iguaçu (PR), Código FG-1.</p><p>Nº 6.023 Dispensar, a partir de 01/01/2018, a Auditora-Fiscal da Receita Federal do Brasil LUCI CRISTINA RAHMEIER, matrícula SiapeCad nº 00835400, da Função Gratificada de Chefe da Equipe de Fiscalização - EFI/4 da Delegacia da Receita Federal do Brasil em Foz do Iguaçu (PR), Código FG-1.</p><p>Nº 6.024 Dispensar, a partir de 01/01/2018, a Auditora-Fiscal da Receita Federal do Brasil DENISE FERREIRA MARQUES, matrícula SiapeCad nº 01295122, da Função Gratificada de Chefe da Equipe de Fiscalização - EFI/5 da Delegacia da Receita Federal do Brasil em Foz do Iguaçu (PR), Código FG-1.</p><p>Nº 6.025 Dispensar, a partir de 01/01/2018, o Auditor-Fiscal da Receita Federal do Brasil VAGNER DIOGO DE SOUZA, matrícula SiapeCad nº 01292574, da Função Gratificada de Chefe da Equipe de Fiscalização - EFI/6 da Delegacia da Receita Federal do Brasil em Foz do Iguaçu (PR), Código FG-1.</p><p>Nº 6.026 Dispensar, a partir de 01/01/2018, o Auditor-Fiscal da Receita Federal do Brasil DIEGO AUGUSTO DE SA, matrícula SiapeCad nº 01490297, da Função Gratificada de Chefe da Equipe de Arrecadação e Cobrança - EAC/1 da Delegacia da Receita Federal do Brasil em Foz do Iguaçu (PR), Código FG-1.</p><p>Nº 6.027 Dispensar, a partir de 01/01/2018, o Analista-Tributário da Receita Federal do Brasil LEONARDO SCHIMIDT EIDAM, matrícula SiapeCad nº 01294595, da Função Gratificada de Chefe da Equipe de Arrecadação e Cobrança - EAC/2 da Delegacia da Receita Federal do Brasil em Foz do Iguaçu (PR), Código FG-1.</p><p>Nº 6.028 Dispensar, a partir de 01/01/2018, o Analista-Tributário da Receita Federal do Brasil ALEXANDRE SOARES CAMPOS, matrícula SiapeCad nº 00001658, da Função Gratificada de Chefe da Equipe de Arrecadação e Cobrança - EAC/3 da Delegacia da Receita Federal do Brasil em Foz do Iguaçu (PR), Código FG-1.</p><p>Nº 6.029 Dispensar, a partir de 01/01/2018, a Auditora-Fiscal da Receita Federal do Brasil CRISTIANE ELIZA COLLA DE OLIVEIRA, matrícula SiapeCad nº 01572259, da Função Gratificada de Chefe da Equipe de Arrecadação e Cobrança - EAC/4 da Delegacia da Receita Federal do Brasil em Foz do Iguaçu (PR), Código FG-1.</p><p>Nº 6.030 Dispensar, a partir de 01/01/2018, a Analista-Tributário da Receita Federal do Brasil DENISE ARAUJO SANTOS MIRANDA, matrícula SiapeCad nº 00059294, da Função Gratificada de Chefe da Equipe de Arrecadação e Cobrança - EAC/5 da Delegacia da Receita Federal do Brasil em Foz do Iguaçu (PR), Código FG-1.</p><p>Nº 6.031 Dispensar, a partir de 01/01/2018, o Auditor-Fiscal da Receita Federal do Brasil GERSON MINAMI, matrícula SiapeCad nº 00062115, da Função Gratificada de Chefe da Equipe de Arrecadação e Cobrança - EAC/6 da Delegacia da Receita Federal do Brasil em Foz do Iguaçu (PR), Código FG-1.</p><p>Nº 6.032 Dispensar, a partir de 01/01/2018, o Analista-Tributário da Receita Federal do Brasil ADIL TAUFIC ISSA, matrícula SiapeCad nº 01130977, da Função Gratificada de Chefe da Equipe de Atendimento ao Contribuinte - EAT/1 da Delegacia da Receita Federal do Brasil em Foz do Iguaçu (PR), Código FG-3.</p><p>Nº 6.033 Dispensar, a partir de 01/01/2018, a Analista-Tributário da Receita Federal do Brasil LETICIA SEIXAS LIMA, matrícula SiapeCad nº 01293073, da Função Gratificada de Chefe da Equipe de Atendimento ao Contribuinte - EAT/2 da Delegacia da Receita Federal do Brasil em Foz do Iguaçu (PR), Código FG-3.</p><p>Nº 6.034 Dispensar, a partir de 01/01/2018, a Auditora-Fiscal da Receita Federal do Brasil MARLEI APARECIDA ROSSETTI PREVIDENTE, matrícula SiapeCad nº 00001217, da Função Gratificada de Chefe da Equipe Aduaneira - EAD/1 da Delegacia da Receita Federal do Brasil em Foz do Iguaçu (PR), Código FG-1.</p><p>Nº 6.035 Dispensar, a partir de 01/01/2018, o Auditor-Fiscal da Receita Federal do Brasil GILSON MOCELIM, matrícula SiapeCad nº 01572796, da Função Gratificada de Chefe da Equipe Aduaneira - EAD/2 da Delegacia da Receita Federal do Brasil em Foz do Iguaçu (PR), Código FG-1.</p><p>Nº 6.036 Dispensar, a partir de 01/01/2018, o Auditor-Fiscal da Receita Federal do Brasil MARCOS TEIXEIRA BARBOSA, matrícula SiapeCad nº 00057649, da Função Gratificada de Chefe da Equipe Aduaneira - EAD/3 da Delegacia da Receita Federal do Brasil em Foz do Iguaçu (PR), Código FG-1.</p><p>Nº 6.037 Dispensar, a partir de 01/01/2018, o Auditor-Fiscal da Receita Federal do Brasil WALDIR VANZELLA JUNIOR, matrícula SiapeCad nº 00001615, da Função Gratificada de Chefe da Equipe Aduaneira - EAD/6 da Delegacia da Receita Federal do Brasil em Foz do Iguaçu (PR), Código FG-1.</p><p>Nº 6.038 Dispensar, a partir de 01/01/2018, o Auditor-Fiscal da Receita Federal do Brasil ALEXANDRE MARQUES BARBOSA, matrícula SiapeCad nº 00062012, da Função Gratificada de Chefe da Equipe Aduaneira - EAD/10 da Delegacia da Receita Federal do Brasil em Foz do Iguaçu (PR), Código FG-2.</p><p>Nº 6.039 Dispensar, a partir de 01/01/2018, a Auditora-Fiscal da Receita Federal do Brasil IZANETTE BERLANDA, matrícula SiapeCad nº 01576305, da Função Gratificada de Chefe da Equipe Aduaneira - EAD/11 da Delegacia da Receita Federal do Brasil em Foz do Iguaçu (PR), Código FG-2.</p><p>Nº 6.040 Dispensar, a partir de 01/01/2018, a Auditora-Fiscal da Receita Federal do Brasil ESTER SILVANA MEIRELES COSTA, matrícula SiapeCad nº 01220956, da Função Gratificada de Chefe da Equipe Aduaneira - EAD/12 da Delegacia da Receita Federal do Brasil em Foz do Iguaçu (PR), Código FG-3.</p><p>Nº 6.041 Dispensar, a partir de 01/01/2018, o Auditor-Fiscal da Receita Federal do Brasil BRUNO DIVARDIN STAUT, matrícula SiapeCad nº 01572253, da Função Gratificada de Chefe da Equipe de Repressão Aduaneira - ERA/1 da Delegacia da Receita Federal do Brasil em Foz do Iguaçu (PR), Código FG-1.</p><p>Nº 6.042 Dispensar, a partir de 01/01/2018, o Auditor-Fiscal da Receita Federal do Brasil SANDRO HUTTNER CHIMISSO, matrícula SiapeCad nº 01573007, da Função Gratificada de Chefe da Equipe de Repressão Aduaneira - ERA/2 da Delegacia da Receita Federal do Brasil em Foz do Iguaçu (PR), Código FG-1.</p><p>Nº 6.043 Dispensar, a partir de 01/01/2018, o Auditor-Fiscal da Receita Federal do Brasil RAFAEL MITRANO SIMOES, matrícula SiapeCad nº 01574088, da Função Gratificada de Chefe da Equipe de Repressão Aduaneira - ERA/3 da Delegacia da Receita Federal do Brasil em Foz do Iguaçu (PR), Código FG-1.</p><p>Nº 6.044 Dispensar, a partir de 01/01/2018, o Analista-Tributário da Receita Federal do Brasil ADEMIR JOSE BALENA, matrícula SiapeCad nº 01295252, da Função Gratificada de Agente da Receita Federal do Brasil em Medianeira (PR), jurisdição da Delegacia da Receita Federal do Brasil em Foz do Iguaçu (PR), Código FG-1.</p><p>Nº 6.045 Dispensar, a partir de 01/01/2018, o Analista-Tributário da Receita Federal do Brasil MELQUISEDEC LACERDA SILVA, matrícula SiapeCad nº 01776654, da Função Gratificada de Chefe da Equipe de Atendimento ao Contribuinte - EAT da Agência da Receita Federal do Brasil em Medianeira (PR), jurisdição da Delegacia da Receita Federal do Brasil em Foz do Iguaçu (PR), Código FG-3.</p><p>Nº 6.046 Dispensar, a partir de 01/01/2018, o Analista-Tributário da Receita Federal do Brasil GUSTAVO POLAK, matrícula SiapeCad nº 01811797, da Função Gratificada de Agente da Receita Federal do Brasil em Marechal Candido Rondon (PR), jurisdição da Delegacia da Receita Federal do Brasil em Foz do Iguaçu (PR), Código FG-1.</p><p>Nº 6.047 Dispensar, a partir de 01/01/2018, o Assistente Técnico-Administrativo GABRIEL TERRE, matrícula SiapeCad nº 01973378, da Função Gratificada de Chefe da Equipe de Atendimento ao Contribuinte - EAT da Agência da Receita Federal do Brasil em Marechal Candido Rondon (PR), jurisdição da Delegacia da Receita Federal do Brasil em Foz do Iguaçu (PR), Código FG-3.</p><p>Nº 6.048 Dispensar, a partir de 01/01/2018, o Auditor-Fiscal da Receita Federal do Brasil DIOVANI ORLANDI NATALINO, matrícula SiapeCad nº 01291845, da Função Comissionada do Poder Executivo de Inspetor-Chefe da Receita Federal do Brasil em Guaira (PR), jurisdição da Delegacia da Receita Federal do Brasil em Foz do Iguaçu (PR), Código FCPE-101.1.</p><p>Nº 6.049 Dispensar, a partir de 01/01/2018, o Auditor-Fiscal da Receita Federal do Brasil EDSON TEIXEIRA, matrícula SiapeCad nº 00058221, do encargo de Substituto Eventual do Inspetor-Chefe da Receita Federal do Brasil em Guaira (PR), jurisdição da Delegacia da Receita Federal do Brasil em Foz do Iguaçu (PR), Código FCPE-101.1.</p><p>Nº 6.050 Dispensar, a partir de 01/01/2018, o Auditor-Fiscal da Receita Federal do Brasil EDSON TEIXEIRA, matrícula SiapeCad nº 00058221, da Função Gratificada de Chefe do Setor de Fiscalização e de Controle Aduaneiro - Siana da Inspetoria da Receita Federal do Brasil em Guaira (PR), jurisdição da Delegacia da Receita Federal do Brasil em Foz do Iguaçu (PR), Código FG-2.</p><p>Nº 6.051 Dispensar, a partir de 01/01/2018, o Analista-Tributário da Receita Federal do Brasil EDMIR SILVEIRA NAZARIO, matrícula SiapeCad nº 00057461, da Função Gratificada de Chefe do Setor de Arrecadação e Cobrança - Sorac da Inspetoria da Receita Federal do Brasil em Guaira (PR), jurisdição da Delegacia da Receita Federal do Brasil em Foz do Iguaçu (PR), Código FG-2.</p><p>Nº 6.052 Dispensar, a partir de 01/01/2018, o Analista-Tributário da Receita Federal do Brasil RODRIGO CARLOS HERNANDES, matrícula SiapeCad nº 01654193, da Função Gratificada de Chefe da Equipe de Repressão Aduaneira - ERA da Inspetoria da Receita Federal do Brasil em Guaira (PR), jurisdição da Delegacia da Receita Federal do Brasil em Foz do Iguaçu (PR), Código FG-3.</p><p>Nº 6.053 Dispensar, a partir de 01/01/2018, o Auditor-Fiscal da Receita Federal do Brasil ALEXANDRE DEMARCHI, matrícula SiapeCad nº 01815638, da Função Comissionada do Poder Executivo de Inspetor-Chefe da Receita Federal do Brasil em Santa Helena (PR), jurisdição da Delegacia da Receita Federal do Brasil em Foz do Iguaçu (PR), Código FCPE-101.1.</p><p>Nº 6.054 Dispensar, a partir de 01/01/2018, o Auditor-Fiscal da Receita Federal do Brasil MARCIO VAKASSUGUI, matrícula SiapeCad nº 01294723, do encargo de Substituto Eventual do Inspetor-Chefe da Receita Federal do Brasil em Santa Helena (PR), jurisdição da Delegacia da Receita Federal do Brasil em Foz do Iguaçu (PR), Código FCPE-101.1.</p><p>Nº 6.055 Dispensar, a partir de 01/01/2018, o Auditor-Fiscal da Receita Federal do Brasil MARCIO VAKASSUGUI, matrícula SiapeCad nº 01294723, da Função Gratificada de Chefe do Setor de Fiscalização e de Controle Aduaneiro - Siana da Inspetoria da Receita Federal do Brasil em Santa Helena (PR), jurisdição da Delegacia da Receita Federal do Brasil em Foz do Iguaçu (PR), Código FG-2.</p><p>Nº 6.056 Dispensar, a partir de 01/01/2018, o Analista-Tributário da Receita Federal do Brasil EDUARDO MUNIZ, matrícula SiapeCad nº 01811821, da Função Gratificada de Chefe do Setor de Arrecadação e Cobrança - Sorac da Inspetoria da Receita Federal do Brasil em Santa Helena (PR), jurisdição da Delegacia da Receita Federal do Brasil em Foz do Iguaçu (PR), Código FG-2.</p><p>Nº 6.057 Exonerar, a partir de 01/01/2018, a Auditora-Fiscal da Receita Federal do Brasil CLAUDIA REGINA LEAO DO NASCIMENTO THOMAZ, matrícula SiapeCad nº 00001823, do cargo em comissão de Inspetor-Chefe da Receita Federal do Brasil em Curitiba (PR), Código DAS-101.3.</p><p>Nº 6.058 Dispensar, a partir de 01/01/2018, o Auditor-Fiscal da Receita Federal do Brasil FABIANO BLONSKI, matrícula SiapeCad nº 01220534, do encargo de Substituto Eventual do Inspetor-Chefe da Receita Federal do Brasil em Curitiba (PR), Código DAS-101.3.</p><p>Nº 6.059 Dispensar, a partir de 01/01/2018, o Auditor-Fiscal da Receita Federal do Brasil FABIANO BLONSKI, matrícula SiapeCad nº 01220534, da Função Comissionada do Poder Executivo de Inspetor-Chefe Adjunto da Receita Federal do Brasil em Curitiba (PR), Código FCPE-101.1.</p><p>Nº 6.060 Dispensar, a partir de 01/01/2018, o Auditor-Fiscal da Receita Federal do Brasil NEANDER PEREIRA, matrícula SiapeCad nº 00001468, do encargo de Substituto Eventual do Chefe do Serviço de Fiscalização Aduaneira - Sefia da Inspetoria da Receita Federal do Brasil em Curitiba (PR), Código FCPE-101.1.</p><p>Nº 6.061 Dispensar, a partir de 01/01/2018, o Auditor-Fiscal da Receita Federal do Brasil CARLOS FERNANDO FERREIRA LEMOS, matrícula SiapeCad nº 01219626, da Função Comissionada do Poder Executivo de Chefe do Serviço de Controle e Acompanhamento Tributário - Secat da Inspetoria da Receita Federal do Brasil em Curitiba (PR), Código FCPE-101.1.</p><p>Nº 6.062 Dispensar, a partir de 01/01/2018, o Auditor-Fiscal da Receita Federal do Brasil JURACI GARCIA FERREIRA, matrícula SiapeCad nº 00057609, do encargo de Substituto Eventual do Chefe do Serviço de Controle e Acompanhamento Tributário - Secat da Inspetoria da Receita Federal do Brasil em Curitiba (PR), Código FCPE-101.1.</p><p>Nº 6.063 Dispensar, a partir de 01/01/2018, o Auditor-Fiscal da Receita Federal do Brasil SERGIO SCHUARCA, matrícula SiapeCad nº 00001320, da Função Comissionada do Poder Executivo de Chefe do Serviço de Despacho Aduaneiro - Sedad da Inspetoria da Receita Federal do Brasil em Curitiba (PR), Código FCPE-101.1.</p><p>Nº 6.064 Dispensar, a partir de 01/01/2018, a Auditora-Fiscal da Receita Federal do Brasil MARIANA NALDINO MAINETTI, matrícula SiapeCad nº 01293891, do encargo de Substituto Eventual do Chefe do Serviço de Despacho Aduaneiro - Sedad da Inspetoria da Receita Federal do Brasil em Curitiba (PR), Código FCPE-101.1.</p><p>Nº 6.065 Dispensar, a partir de 01/01/2018, o Auditor-Fiscal da Receita Federal do Brasil CRISTIAN KUTINSKAS, matrícula SiapeCad nº 01571821, da Função Comissionada do Poder Executivo de Chefe do Serviço de Vigilância e Controle Aduaneiro - Sevig da Inspetoria da Receita Federal do Brasil em Curitiba (PR), Código FCPE-101.1.</p><p>Nº 6.066 Dispensar, a partir de 01/01/2018, o Auditor-Fiscal da Receita Federal do Brasil JOAO CARLOS BOROS, matrícula SiapeCad nº 00000920, do encargo de Substituto Eventual do Chefe do Serviço de Vigilância e Controle Aduaneiro - Sevig da Inspetoria da Receita Federal do Brasil em Curitiba (PR), Código FCPE-101.1.</p><p>Nº 6.067 Dispensar, a partir de 01/01/2018, o Analista-Tributário da Receita Federal do Brasil FERNANDO ANTONIO MARINELLI, matrícula SiapeCad nº 01171359, da Função Gratificada de Chefe da Seção de Tecnologia da Informação - Satec da Inspetoria da Receita Federal do Brasil em Curitiba (PR), Código FG-1.</p><p>Nº 6.068 Dispensar, a partir de 01/01/2018, a Analista-Tributário da Receita Federal do Brasil EDI FATIMA RIBAS SOARES, matrícula SiapeCad nº 00057459, da Função Gratificada de Chefe da Seção de Programação e Logística - Sapol da Inspetoria da Receita Federal do Brasil em Curitiba (PR), Código FG-1.</p><p>Nº 6.069 Dispensar, a partir de 01/01/2018, o Auditor-Fiscal da Receita Federal do Brasil JORGE ANTONIO FAVARO, matrícula SiapeCad nº 00065204, da Função Gratificada de Chefe da Seção de Orientação e Análise Tributária - Saort da Inspetoria da Receita Federal do Brasil em Curitiba (PR), Código FG-1.</p><p>Nº 6.070 Dispensar, a partir de 01/01/2018, a Auditora-Fiscal da Receita Federal do Brasil LUCIENE FERNANDEZ MONTEIRO PEREIRA, matrícula SiapeCad nº 00087547, da Função Gratificada de Chefe da Seção de Pesquisa e Seleção Aduaneira - Sapel da Inspetoria da Receita Federal do Brasil em Curitiba (PR), Código FG-1.</p><p>Nº 6.071 Dispensar, a partir de 01/01/2018, o Auditor-Fiscal da Receita Federal do Brasil JOSE LUIS KAVAMURA, matrícula SiapeCad nº 00029207, da Função Gratificada de Chefe da Seção de Procedimentos Especiais Aduaneiros - Sapea da Inspetoria da Receita Federal do Brasil em Curitiba (PR), Código FG-1.</p><p>Nº 6.072 Dispensar, a partir de 01/01/2018, o Auditor-Fiscal da Receita Federal do Brasil VITOR MARCOS ALMEIDA MACHADO, matrícula SiapeCad nº 00015367, da Função Gratificada de Assistente da Inspetoria da Receita Federal do Brasil em Curitiba (PR), Código FG-1.</p><p>Nº 6.073 Dispensar, a partir de 01/01/2018, a Analista-Tributário da Receita Federal do Brasil ADRIANA FERREIRA ELIAS, matrícula SiapeCad nº 01292885, da Função Gratificada de Chefe da Equipe Aduaneira - EAD/1 da Inspetoria da Receita Federal do Brasil em Curitiba (PR), Código FG-1.</p><p>Nº 6.074 Dispensar, a partir de 01/01/2018, o Auditor-Fiscal da Receita Federal do Brasil FAUSTO PEREIRA NETO, matrícula SiapeCad nº 00001477, da Função Gratificada de Chefe da Equipe Aduaneira - EAD/2 da Inspetoria da Receita Federal do Brasil em Curitiba (PR), Código FG-1.</p><p>Nº 6.075 Dispensar, a partir de 01/01/2018, a Analista-Tributário da Receita Federal do Brasil MICHELI MITIKO MATSUNAGA, matrícula SiapeCad nº 01295881, da Função Gratificada de Chefe da Equipe Aduaneira - EAD/3 da Inspetoria da Receita Federal do Brasil em Curitiba (PR), Código FG-1.</p><p>Nº 6.076 Dispensar, a partir de 01/01/2018, o Analista-Tributário da Receita Federal do Brasil MARCOS LUIZ PAMPUCH, matrícula SiapeCad nº 00065446, da Função Gratificada de Chefe da Equipe Aduaneira - EAD/4 da Inspetoria da Receita Federal do Brasil em Curitiba (PR), Código FG-1.</p><p>Nº 6.077 Dispensar, a partir de 01/01/2018, a Auditora-Fiscal da Receita Federal do Brasil MARIANA NALDINO MAINETTI, matrícula SiapeCad nº 01293891, da Função Gratificada de Chefe da Equipe Aduaneira - EAD/6 da Inspetoria da Receita Federal do Brasil em Curitiba (PR), Código FG-1.</p><p>Nº 6.078 Dispensar, a partir de 01/01/2018, a Auditora-Fiscal da Receita Federal do Brasil ANDREA KATIA ISHITANI, matrícula SiapeCad nº 01171239, da Função Gratificada de Chefe da Equipe Aduaneira - EAD/7 da Inspetoria da Receita Federal do Brasil em Curitiba (PR), Código FG-1.</p><p>Nº 6.079 Dispensar, a partir de 01/01/2018, o Auditor-Fiscal da Receita Federal do Brasil AILTON TERUMI MIZUTA, matrícula SiapeCad nº 01173412, da Função Gratificada de Chefe da Equipe Aduaneira - EAD/8 da Inspetoria da Receita Federal do Brasil em Curitiba (PR), Código FG-1.</p><p>Nº 6.080 Dispensar, a partir de 01/01/2018, o Auditor-Fiscal da Receita Federal do Brasil ADILSON LUIZ HINTZ, matrícula SiapeCad nº 01377043, da Função Gratificada de Chefe da Equipe Aduaneira - EAD/9 da Inspetoria da Receita Federal do Brasil em Curitiba (PR), Código FG-2.</p><p>Nº 6.081 Exonerar, a partir de 01/01/2018, o Auditor-Fiscal da Receita Federal do Brasil GERSON ZANETTI FAUCZ, matrícula SiapeCad nº 01220793, do cargo em comissão de Inspetor-Chefe da Alfândega da Receita Federal do Brasil no Porto de Paranaguá (PR), Código DAS-101.2.</p><p>Nº 6.082 Dispensar, a partir de 01/01/2018, o Auditor-Fiscal da Receita Federal do Brasil LUCIANO DO CARMO ANDREOLI, matrícula SiapeCad nº 00708210, do encargo de Substituto Eventual do Inspetor-Chefe da Alfândega da Receita Federal do Brasil no Porto de Paranaguá (PR), Código DAS-101.2.</p><p>Nº 6.083 Dispensar, a partir de 01/01/2018, o Auditor-Fiscal da Receita Federal do Brasil LUCIANO DO CARMO ANDREOLI, matrícula SiapeCad nº 00708210, da Função Gratificada de Inspetor-Chefe Adjunto da Alfândega da Receita Federal do Brasil no Porto de Paranaguá (PR), Código FG-1.</p><p>Nº 6.084 Dispensar, a partir de 01/01/2018, o Auditor-Fiscal da Receita Federal do Brasil FERNANDO PARMO FOLLONI, matrícula SiapeCad nº 01815092, da Função Gratificada de Chefe da Seção de Arrecadação e Cobrança - Sarac da Alfândega da Receita Federal do Brasil no Porto de Paranaguá (PR), Código FG-1.</p><p>Nº 6.085 Dispensar, a partir de 01/01/2018, a Analista-Tributário da Receita Federal do Brasil PATRICIA BRANDAO LEONARDI, matrícula SiapeCad nº 01878358, da Função Gratificada de Chefe da Seção de Tecnologia da Informação - Satec da Alfândega da Receita Federal do Brasil no Porto de Paranaguá (PR), Código FG-1.</p><p>Nº 6.086 Dispensar, a partir de 01/01/2018, o Auditor-Fiscal da Receita Federal do Brasil JULIANO DA SILVA, matrícula SiapeCad nº 01653879, da Função Gratificada de Chefe da Seção de Despacho Aduaneiro - Sadad da Alfândega da Receita Federal do Brasil no Porto de Paranaguá (PR), Código FG-1.</p><p>Nº 6.087 Dispensar, a partir de 01/01/2018, o Auditor-Fiscal da Receita Federal do Brasil DIDIO PINHEIRO DA SILVA, matrícula SiapeCad nº 00057455, da Função Gratificada de Chefe da Seção de Vigilância e Controle Aduaneiro - Savig da Alfândega da Receita Federal do Brasil no Porto de Paranaguá (PR), Código FG-1.</p><p>Nº 6.088 Dispensar, a partir de 01/01/2018, o Auditor-Fiscal da Receita Federal do Brasil MARCEL FRONTERA FABRO DIAS, matrícula SiapeCad nº 01653133, da Função Gratificada de Chefe da Seção de Fiscalização Aduaneira - Safia da Alfândega da Receita Federal do Brasil no Porto de Paranaguá (PR), Código FG-1.</p><p>Nº 6.089 Dispensar, a partir de 01/01/2018, o Auditor-Fiscal da Receita Federal do Brasil LEONARDO JOSE DE CARVALHO NETO, matrícula SiapeCad nº 01496939, da Função Gratificada de Chefe da Equipe Aduaneira - EAD/1 da Alfândega da Receita Federal do Brasil no Porto de Paranaguá (PR), Código FG-2.</p><p>Nº 6.090 Dispensar, a partir de 01/01/2018, o Auditor-Fiscal da Receita Federal do Brasil AUGUSTO TITZE DE ALMEIDA, matrícula SiapeCad nº 00601107, da Função Gratificada de Chefe da Equipe Aduaneira - EAD/3 da Alfândega da Receita Federal do Brasil no Porto de Paranaguá (PR), Código FG-2.</p><p>Nº 6.091 Dispensar, a partir de 01/01/2018, a Auditora-Fiscal da Receita Federal do Brasil MARLI TERESINHA GURKEWICZ, matrícula SiapeCad nº 01292295, da Função Gratificada de Chefe da Equipe Aduaneira - EAD/4 da Alfândega da Receita Federal do Brasil no Porto de Paranaguá (PR), Código FG-1.</p><p>Nº 6.092 Dispensar, a partir de 01/01/2018, o Analista-Tributário da Receita Federal do Brasil EWERSON ROBERTO PINHEIRO OLIVEIRA, matrícula SiapeCad nº 00065414, da Função Gratificada de Chefe da Equipe de Atendimento ao Contribuinte - EAT/1 da Alfândega da Receita Federal do Brasil no Porto de Paranaguá (PR), Código FG-1.</p><p>Nº 6.093 Dispensar, a partir de 01/01/2018, o Analista-Tributário da Receita Federal do Brasil JONATAS MARQUES DE FREITAS, matrícula SiapeCad nº 01817939, da Função Gratificada de Chefe da Equipe de Atendimento ao Contribuinte - EAT/2 da Alfândega da Receita Federal do Brasil no Porto de Paranaguá (PR), Código FG-3.</p><p>Nº 6.094 Dispensar, a partir de 01/01/2018, o Analista-Tributário da Receita Federal do Brasil PABLO ALONSO TEIXEIRA DA SILVA, matrícula SiapeCad nº 01882047, da Função Gratificada de Assistente da Alfândega da Receita Federal do Brasil no Porto de Paranaguá (PR), Código FG-2.</p><p>Nº 6.095 Dispensar, a partir de 01/01/2018, o Analista-Tributário da Receita Federal do Brasil GIOVANNI ZANELLA, matrícula SiapeCad nº 00087466, da Função Comissionada do Poder Executivo de Chefe do Serviço de Tecnologia da Informação - Setec da Delegacia da Receita Federal do Brasil em Florianopolis (SC), Código FCPE-101.1.</p><p>Nº 6.096 Dispensar, a partir de 01/01/2018, o Analista-Tributário da Receita Federal do Brasil DANILO PIEDADE DO AMARAL, matrícula SiapeCad nº 00063632, do encargo de Substituto Eventual do Chefe do Serviço de Tecnologia da Informação - Setec da Delegacia da Receita Federal do Brasil em Florianopolis (SC), Código FCPE-101.1.</p><p>Nº 6.097 Dispensar, a partir de 01/01/2018, o Auditor-Fiscal da Receita Federal do Brasil HERCULE IMBROSIO NETO, matrícula SiapeCad nº 00017145, da Função Comissionada do Poder Executivo de Chefe do Centro de Atendimento ao Contribuinte - CAC da Delegacia da Receita Federal do Brasil em Florianopolis (SC), Código FCPE-101.1.</p><p>Nº 6.098 Dispensar, a partir de 01/01/2018, a Auditora-Fiscal da Receita Federal do Brasil IZABELLA MORENO BATISTA PINTO, matrícula SiapeCad nº 01170527, da Função Gratificada de Chefe da Seção de Programação, Avaliação e Controle da Atividade Fiscal - Sapac da Delegacia da Receita Federal do Brasil em Florianopolis (SC), Código FG-1.</p><p>Nº 6.099 Dispensar, a partir de 01/01/2018, o Analista-Tributário da Receita Federal do Brasil CLAYTON LUIS DO AMARAL, matrícula SiapeCad nº 00013599, da Função Comissionada do Poder Executivo de Agente da Receita Federal do Brasil em Tubarao (SC), jurisdição da Delegacia da Receita Federal do Brasil em Florianopolis (SC), Código FCPE-101.1.</p><p>Nº 6.100 Dispensar, a partir de 01/01/2018, o Técnico do Seguro Social GIVANILDO BARRETO VICENTE, matrícula SiapeCad nº 01180119, do encargo de Substituto Eventual do Agente da Receita Federal do Brasil em Tubarao (SC), jurisdição da Delegacia da Receita Federal do Brasil em Florianopolis (SC), Código FCPE-101.1.</p><p>Nº 6.101 Dispensar, a partir de 01/01/2018, o Técnico do Seguro Social GIVANILDO BARRETO VICENTE, matrícula SiapeCad nº 01180119, da Função Gratificada de Chefe do Setor de Arrecadação e Cobrança - Sorac da Agência da Receita Federal do Brasil em Tubarao (SC), jurisdição da Delegacia da Receita Federal do Brasil em Florianopolis (SC), Código FG-2.</p><p>Nº 6.102 Dispensar, a partir de 01/01/2018, o Analista-Tributário da Receita Federal do Brasil DANIEL ANTONIO GONCALVES JUNIOR, matrícula SiapeCad nº 01213896, da Função Gratificada de Chefe da Equipe de Atendimento ao Contribuinte - EAT da Agência da Receita Federal do Brasil em Tubarao (SC), jurisdição da Delegacia da Receita Federal do Brasil em Florianopolis (SC), Código FG-2.</p><p>Nº 6.103 Dispensar, a partir de 01/01/2018, o Analista-Tributário da Receita Federal do Brasil JOSE FAUSTINO PEREIRA DOS SANTOS, matrícula SiapeCad nº 00087817, da Função Gratificada de Agente da Receita Federal do Brasil em Itajaí (SC), jurisdição da Delegacia da Receita Federal do Brasil em Florianopolis (SC), Código FG-1.</p><p>Nº 6.104 Dispensar, a partir de 01/01/2018, a Telefonista NAJLA GARCIA CUNHA, matrícula SiapeCad nº 00016182, da Função Gratificada de Chefe da Equipe de Atendimento ao Contribuinte - EAT da Agência da Receita Federal do Brasil em Itajaí (SC), jurisdição da Delegacia da Receita Federal do Brasil em Florianopolis (SC), Código FG-3.</p><p>Nº 6.105 Dispensar, a partir de 01/01/2018, o Analista-Tributário da Receita Federal do Brasil MIGUEL ANGEL PEREZ CORREA, matrícula SiapeCad nº 00061826, da Função Gratificada de Chefe da Seção de Tecnologia da Informação - Satec da Delegacia da Receita Federal do Brasil em Joinville (SC), Código FG-1.</p><p>Nº 6.106 Dispensar, a partir de 01/01/2018, a Auditora-Fiscal da Receita Federal do Brasil FLAVIA ARRUDA DA COSTA LANDOWSKI, matrícula SiapeCad nº 01292551, da Função Gratificada de Chefe da Equipe Aduaneira - EAD da Delegacia da Receita Federal do Brasil em Joinville (SC), Código FG-3.</p><p>Nº 6.107 Dispensar, a partir de 01/01/2018, o Técnico do Seguro Social GILBERTO ANTONIO KALEMPA, matrícula SiapeCad nº 00859933, da Função Gratificada de Chefe da Equipe de Atendimento ao Contribuinte - EAT da Agência da Receita Federal do Brasil em Canoinhas (SC), jurisdição da Delegacia da Receita Federal do Brasil em Joinville (SC), Código FG-3.</p><p>Nº 6.108 Dispensar, a partir de 01/01/2018, o Assistente Técnico-Administrativo LUIZ STOLF JUNIOR, matrícula SiapeCad nº 01493871, da Função Gratificada de Chefe da Equipe de Atendimento ao Contribuinte - EAT da Agência da Receita Federal do Brasil em Mafra (SC), jurisdição da Delegacia da Receita Federal do Brasil em Joinville (SC), Código FG-3.</p><p>Nº 6.109 Dispensar, a partir de 01/01/2018, o Analista-Tributário da Receita Federal do Brasil CELSO LUIZ NEGRELI, matrícula SiapeCad nº 01171494, da Função Gratificada de Chefe da Equipe de Atendimento ao Contribuinte - EAT da Agência da Receita Federal do Brasil em Sao Bento do Sul (SC), jurisdição da Delegacia da Receita Federal do Brasil em Joinville (SC), Código FG-3.</p><p>Nº 6.110 Dispensar, a partir de 01/01/2018, a Analista-Tributário da Receita Federal do Brasil ELIZABETE MARLENE ZIELINSKA RIBEIRO, matrícula SiapeCad nº 00005163, da Função Gratificada de Chefe da Seção de Tecnologia da Informação - Satec da Delegacia da Receita Federal do Brasil em Joacaba (SC), Código FG-1.</p><p>Nº 6.111 Dispensar, a partir de 01/01/2018, a Auditora-Fiscal da Receita Federal do Brasil TATIANE MIRELE DE FREITAS CALDEIRA, matrícula SiapeCad nº 01575734, da Função Gratificada de Chefe da Seção de Administração Aduaneira - Saana da Delegacia da Receita Federal do Brasil em Joacaba (SC), Código FG-1.</p><p>Nº 6.112 Dispensar, a partir de 01/01/2018, o Auditor-Fiscal da Receita Federal do Brasil MARCELO HOLSTAK, matrícula SiapeCad nº 01656285, da Função Gratificada de Chefe da Equipe de Fiscalização - EFI/2 da Delegacia da Receita Federal do Brasil em Joacaba (SC), Código FG-2.</p><p>Nº 6.113 Dispensar, a partir de 01/01/2018, o Auditor-Fiscal da Receita Federal do Brasil RAFAEL FUSCELLI PYTEL, matrícula SiapeCad nº 01490347, da Função Gratificada de Chefe da Equipe de Fiscalização - EFI/3 da Delegacia da Receita Federal do Brasil em Joacaba (SC), Código FG-2.</p><p>Nº 6.114 Dispensar, a partir de 01/01/2018, a Analista-Tributário da Receita Federal do Brasil LARISSA FABIANI BLITZKOW, matrícula SiapeCad nº 01214580, da Função Gratificada de Agente da Receita Federal do Brasil em Cacador (SC), jurisdição da Delegacia da Receita Federal do Brasil em Joacaba (SC), Código FG-1.</p><p>Nº 6.115 Dispensar, a partir de 01/01/2018, o Técnico do Seguro Social JEAN MARCELO TERHORST, matrícula SiapeCad nº 01184427, da Função Gratificada de Chefe da Equipe de Atendimento ao Contribuinte - EAT da Agência da Receita Federal do Brasil em Cacador (SC), jurisdição da Delegacia da Receita Federal do Brasil em Joacaba (SC), Código FG-3.</p><p>Nº 6.116 Dispensar, a partir de 01/01/2018, o Analista-Tributário da Receita Federal do Brasil JULIANO WAGNER, matrícula SiapeCad nº 01570693, da Função Gratificada de Chefe da Equipe de Atendimento ao Contribuinte - EAT/2 da Agência da Receita Federal do Brasil em Chapeco (SC), jurisdição da Delegacia da Receita Federal do Brasil em Joacaba (SC), Código FG-2.</p><p>Nº 6.117 Dispensar, a partir de 01/01/2018, o Analista-Tributário da Receita Federal do Brasil JOAO VITOR BATISTA KURY, matrícula SiapeCad nº 01493442, da Função Gratificada de Chefe da Equipe de Atendimento ao Contribuinte - EAT da Agência da Receita Federal do Brasil em Concordia (SC), jurisdição da Delegacia da Receita Federal do Brasil em Joacaba (SC), Código FG-3.</p><p>Nº 6.118 Dispensar, a partir de 01/01/2018, o Analista-Tributário da Receita Federal do Brasil GUILHERME SCHUSTER MONTEIRO, matrícula SiapeCad nº 01811850, da Função Gratificada de Chefe da Equipe de Atendimento ao Contribuinte - EAT da Agência da Receita Federal do Brasil em Videira (SC), jurisdição da Delegacia da Receita Federal do Brasil em Joacaba (SC), Código FG-3.</p><p>Nº 6.119 Dispensar, a partir de 01/01/2018, a Técnico do Seguro Social MARILUCIA BORTOLUZZI DE SOUZA, matrícula SiapeCad nº 00859959, da Função Gratificada de Chefe da Equipe de Atendimento ao Contribuinte - EAT da Agência da Receita Federal do Brasil em Xanxere (SC), jurisdição da Delegacia da Receita Federal do Brasil em Joacaba (SC), Código FG-3.</p><p>Nº 6.120 Dispensar, a partir de 01/01/2018, o Auditor-Fiscal da Receita Federal do Brasil VALTER SOLON DURIGON, matrícula SiapeCad nº 00028422, da Função Comissionada do Poder Executivo de Inspetor-Chefe da Receita Federal do Brasil em Dionisio Cerqueira (SC), jurisdição da Delegacia da Receita Federal do Brasil em Joacaba (SC), Código FCPE-101.1.</p><p>Nº 6.121 Dispensar, a partir de 01/01/2018, o Auditor-Fiscal da Receita Federal do Brasil DIEGO FRANCISCO WANCH, matrícula SiapeCad nº 01654571, do encargo de Substituto Eventual do Inspetor-Chefe da Receita Federal do Brasil em Dionisio Cerqueira (SC), jurisdição da Delegacia da Receita Federal do Brasil em Joacaba (SC), Código FCPE-101.1.</p><p>Nº 6.122 Dispensar, a partir de 01/01/2018, a Auditora-Fiscal da Receita Federal do Brasil BIBIANA DAS CHAGAS MERONI COSTA, matrícula SiapeCad nº 01570309, da Função Gratificada de Chefe do Setor de Fiscalização e de Controle Aduaneiro - Siana da Inspetoria da Receita Federal do Brasil em Dionisio Cerqueira (SC), jurisdição da Delegacia da Receita Federal do Brasil em Joacaba (SC), Código FG-2.</p><p>Nº 6.123 Dispensar, a partir de 01/01/2018, o Analista-Tributário da Receita Federal do Brasil IVAN GERALDO BALESTRIN, matrícula SiapeCad nº 00013589, da Função Gratificada de Chefe do Setor de Arrecadação e Cobrança - Sorac da Inspetoria da Receita Federal do Brasil em Dionisio Cerqueira (SC), jurisdição da Delegacia da Receita Federal do Brasil em Joacaba (SC), Código FG-2.</p><p>Nº 6.124 Dispensar, a partir de 01/01/2018, o Analista do Seguro Social ANDERSON JACO MARAN, matrícula SiapeCad nº 01186283, da Função Gratificada de Chefe da Equipe de Atendimento ao Contribuinte - EAT da Inspetoria da Receita Federal do Brasil em Dionisio Cerqueira (SC), jurisdição da Delegacia da Receita Federal do Brasil em Joacaba (SC), Código FG-3.</p><p>Nº 6.125 Dispensar, a partir de 01/01/2018, o Auditor-Fiscal da Receita Federal do Brasil DIEGO FRANCISCO WANCH, matrícula SiapeCad nº 01654571, da Função Gratificada de Chefe da Equipe Aduaneira - EAD da Inspetoria da Receita Federal do Brasil em Dionisio Cerqueira (SC), jurisdição da Delegacia da Receita Federal do Brasil em Joacaba (SC), Código FG-3.</p><p>Nº 6.126 Dispensar, a partir de 01/01/2018, o Analista-Tributário da Receita Federal do Brasil ERNANI BRAZ WERLANG, matrícula SiapeCad nº 00018060, da Função Gratificada de Inspetor-Chefe da Receita Federal do Brasil em Sao Miguel D'oeste (SC), jurisdição da Delegacia da Receita Federal do Brasil em Joacaba (SC), Código FG-1.</p><p>Nº 6.127 Dispensar, a partir de 01/01/2018, a Técnico do Seguro Social MARIA HELENE SCHMITT WICHOROSKI, matrícula SiapeCad nº 00859605, da Função Gratificada de Chefe da Equipe de Atendimento ao Contribuinte - EAT da Inspetoria da Receita Federal do Brasil em Sao Miguel D'oeste (SC), jurisdição da Delegacia da Receita Federal do Brasil em Joacaba (SC), Código FG-3.</p><p>Nº 6.128 Dispensar, a partir de 01/01/2018, o Analista-Tributário da Receita Federal do Brasil RAFAEL MENDES DE SOUZA, matrícula SiapeCad nº 01130627, da Função Gratificada de Chefe da Seção de Tecnologia da Informação - Satec da Delegacia da Receita Federal do Brasil em Blumenau (SC), Código FG-1.</p><p>Nº 6.129 Dispensar, a partir de 01/01/2018, o Assistente Técnico-Administrativo SIDNEY DE ANDRADE, matrícula SiapeCad nº 01519166, da Função Gratificada de Chefe do Núcleo de Tecnologia da Informação e Logística - Nutel da Delegacia da Receita Federal do Brasil em Lages (SC), Código FG-3.</p><p>Nº 6.130 Exonerar, a partir de 01/01/2018, o Auditor-Fiscal da Receita Federal do Brasil DALTRO JOSE CARDOZO, matrícula SiapeCad nº 00010912, do cargo em comissão de Inspetor-Chefe da Receita Federal do Brasil em Florianópolis (SC), Código DAS-101.2.</p><p>Nº 6.131 Dispensar, a partir de 01/01/2018, o Auditor-Fiscal da Receita Federal do Brasil MARCOS ANTONIO VIGHI, matrícula SiapeCad nº 00671816, do encargo de Substituto Eventual do Inspetor-Chefe da Receita Federal do Brasil em Florianópolis (SC), Código DAS-101.2.</p><p>Nº 6.132 Dispensar, a partir de 01/01/2018, o Auditor-Fiscal da Receita Federal do Brasil MARCOS ANTONIO VIGHI, matrícula SiapeCad nº 00671816, da Função Gratificada de Inspetor-Chefe Adjunto da Receita Federal do Brasil em Florianópolis (SC), Código FG-1.</p><p>Nº 6.133 Dispensar, a partir de 01/01/2018, o Auditor-Fiscal da Receita Federal do Brasil CARLOS EDUARDO DA VEIGA, matrícula SiapeCad nº 01519221, da Função Gratificada de Chefe da Seção de Arrecadação e Cobrança - Sarac da Inspetoria da Receita Federal do Brasil em Florianópolis (SC), Código FG-1.</p><p>Nº 6.134 Dispensar, a partir de 01/01/2018, o Auditor-Fiscal da Receita Federal do Brasil HENRIQUE DANIEL NASCIMENTO, matrícula SiapeCad nº 00028098, da Função Gratificada de Chefe da Seção de Fiscalização Aduaneira - Safia da Inspetoria da Receita Federal do Brasil em Florianópolis (SC), Código FG-1.</p><p>Nº 6.135 Dispensar, a partir de 01/01/2018, a Analista-Tributário da Receita Federal do Brasil MARIA CRISTINA TANCREDO GALLOTTI, matrícula SiapeCad nº 01214839, da Função Gratificada de Chefe da Seção de Programação e Logística - Sapol da Inspetoria da Receita Federal do Brasil em Florianópolis (SC), Código FG-1.</p><p>Nº 6.136 Dispensar, a partir de 01/01/2018, a Analista-Tributário da Receita Federal do Brasil IRENE IRIS CORTABITART RUAS, matrícula SiapeCad nº 00011879, da Função Gratificada de Chefe da Seção de Tecnologia da Informação - Satec da Inspetoria da Receita Federal do Brasil em Florianópolis (SC), Código FG-1.</p><p>Nº 6.137 Dispensar, a partir de 01/01/2018, o Auditor-Fiscal da Receita Federal do Brasil RICARDO RENATO KRZYZANOWSKI, matrícula SiapeCad nº 01294674, da Função Gratificada de Chefe da Seção de Administração Aduaneira - Saana da Inspetoria da Receita Federal do Brasil em Florianópolis (SC), Código FG-1.</p><p>Nº 6.138 Dispensar, a partir de 01/01/2018, o Analista-Tributário da Receita Federal do Brasil PABLO RODRIGO MEDEIROS, matrícula SiapeCad nº 01573230, da Função Gratificada de Chefe da Equipe Aduaneira - EAD da Inspetoria da Receita Federal do Brasil em Florianópolis (SC), Código FG-3.</p><p>Nº 6.139 Dispensar, a partir de 01/01/2018, a Auditora-Fiscal da Receita Federal do Brasil THAYSA SCHIEFLER TEIXEIRA MOTA, matrícula SiapeCad nº 01571297, da Função Gratificada de Chefe da Equipe de Repressão Aduaneira - ERA da Inspetoria da Receita Federal do Brasil em Florianópolis (SC), Código FG-2.</p><p>Nº 6.140 Dispensar, a partir de 01/01/2018, a Auditora-Fiscal da Receita Federal do Brasil SUSANE GUTHER, matrícula SiapeCad nº 00803821, da Função Gratificada de Inspetor-Chefe da Receita Federal do Brasil em Imbituba (SC), jurisdição da Inspetoria da Receita Federal do Brasil em Florianópolis (SC), Código FG-1.</p><p>Nº 6.141 Dispensar, a partir de 01/01/2018, o Auditor-Fiscal da Receita Federal do Brasil JOAO LUIZ POLINSKI, matrícula SiapeCad nº 00087876, da Função Gratificada de Chefe da Equipe Aduaneira - EAD da Inspetoria da Receita Federal do Brasil em Imbituba (SC), jurisdição da Inspetoria da Receita Federal do Brasil em Florianópolis (SC), Código FG-3.</p><p>Nº 6.142 Dispensar, a partir de 01/01/2018, o Auditor-Fiscal da Receita Federal do Brasil EDWILSON PASCOAL DA MOTA, matrícula SiapeCad nº 01132179, da Função Comissionada do Poder Executivo de Inspetor-Chefe da Alfândega da Receita Federal do Brasil no Porto de São Francisco do Sul (SC), Código FCPE-101.1.</p><p>Nº 6.143 Dispensar, a partir de 01/01/2018, a Auditora-Fiscal da Receita Federal do Brasil LUCIANA GUAZZELLI SOLIGO, matrícula SiapeCad nº 01570044, do encargo de Substituto Eventual do Inspetor-Chefe da Alfândega da Receita Federal do Brasil no Porto de São Francisco do Sul (SC), Código FCPE-101.1.</p><p>Nº 6.144 Dispensar, a partir de 01/01/2018, a Auditora-Fiscal da Receita Federal do Brasil LUCIANA GUAZZELLI SOLIGO, matrícula SiapeCad nº 01570044, da Função Gratificada de Inspetor-Chefe Adjunto da Alfândega da Receita Federal do Brasil no Porto de São Francisco do Sul (SC), Código FG-1.</p><p>Nº 6.145 Dispensar, a partir de 01/01/2018, o Auditor-Fiscal da Receita Federal do Brasil ROBERTO HAMMERSCHMIDT ESTRUGALA, matrícula SiapeCad nº 01293242, da Função Gratificada de Chefe da Seção de Administração Aduaneira - Saana da Alfândega da Receita Federal do Brasil no Porto de São Francisco do Sul (SC), Código FG-1.</p><p>Nº 6.146 Dispensar, a partir de 01/01/2018, o Auditor-Fiscal da Receita Federal do Brasil CARLOS ALBERTO GIRNOS, matrícula SiapeCad nº 01292012, da Função Gratificada de Chefe do Setor de Arrecadação e Cobrança - Sorac da Alfândega da Receita Federal do Brasil no Porto de São Francisco do Sul (SC), Código FG-2.</p><p>Nº 6.147 Dispensar, a partir de 01/01/2018, o Analista-Tributário da Receita Federal do Brasil ALEXANDRE DE FREITAS, matrícula SiapeCad nº 00061839, da Função Gratificada de Chefe do Setor de Tecnologia da Informação e Logística - Sotel da Alfândega da Receita Federal do Brasil no Porto de São Francisco do Sul (SC), Código FG-2.</p><p>Nº 6.148 Dispensar, a partir de 01/01/2018, o Auditor-Fiscal da Receita Federal do Brasil ERNESTO TADASHI SATO, matrícula SiapeCad nº 00065183, da Função Gratificada de Chefe da Equipe Aduaneira - EAD/1 da Alfândega da Receita Federal do Brasil no Porto de São Francisco do Sul (SC), Código FG-2.</p><p>Nº 6.149 Dispensar, a partir de 01/01/2018, o Auditor-Fiscal da Receita Federal do Brasil ROBERTO CARDOSO WANICK RIBEIRO, matrícula SiapeCad nº 00062011, da Função Gratificada de Chefe da Equipe Aduaneira - EAD/2 da Alfândega da Receita Federal do Brasil no Porto de São Francisco do Sul (SC), Código FG-2.</p><p>Nº 6.150 Dispensar, a partir de 01/01/2018, a Auditora-Fiscal da Receita Federal do Brasil LUCIA SANAE KIZAWA, matrícula SiapeCad nº 00066102, da Função Gratificada de Chefe da Equipe Aduaneira - EAD/3 da Alfândega da Receita Federal do Brasil no Porto de São Francisco do Sul (SC), Código FG-3.</p><p>Nº 6.151 Exonerar, a partir de 01/01/2018, o Auditor-Fiscal da Receita Federal do Brasil KLEBS GARCIA PEIXOTO JUNIOR, matrícula SiapeCad nº 00012618, do cargo em comissão de Inspetor-Chefe da Alfândega da Receita Federal do Brasil no Porto de Itajaí (SC), Código DAS-101.2.</p><p>Nº 6.152 Dispensar, a partir de 01/01/2018, a Auditora-Fiscal da Receita Federal do Brasil DENISE DE MELLO OLIVEIRA, matrícula SiapeCad nº 00015933, do encargo de Substituto Eventual do Inspetor-Chefe da Alfândega da Receita Federal do Brasil no Porto de Itajaí (SC), Código DAS-101.2.</p><p>Nº 6.153 Dispensar, a partir de 01/01/2018, a Auditora-Fiscal da Receita Federal do Brasil DENISE DE MELLO OLIVEIRA, matrícula SiapeCad nº 00015933, da Função Gratificada de Inspetor-Chefe Adjunto da Alfândega da Receita Federal do Brasil no Porto de Itajaí (SC), Código FG-1.</p><p>Nº 6.154 Dispensar, a partir de 01/01/2018, o Auditor-Fiscal da Receita Federal do Brasil ROBERTO JACOB NICOLAU MUSSI FILHO, matrícula SiapeCad nº 01605584, da Função Gratificada de Chefe da Seção de Arrecadação e Cobrança - Sarac da Alfândega da Receita Federal do Brasil no Porto de Itajaí (SC), Código FG-1.</p><p>Nº 6.155 Dispensar, a partir de 01/01/2018, o Auditor-Fiscal da Receita Federal do Brasil LEANDRO LUIZ CYPRIANI, matrícula SiapeCad nº 01294462, da Função Gratificada de Chefe da Seção de Despacho Aduaneiro - Sadad da Alfândega da Receita Federal do Brasil no Porto de Itajaí (SC), Código FG-1.</p><p>Nº 6.156 Dispensar, a partir de 01/01/2018, o Auditor-Fiscal da Receita Federal do Brasil LUIS GUSTAVO ROBETTI, matrícula SiapeCad nº 00001676, da Função Gratificada de Chefe da Seção de Vigilância e Controle Aduaneiro - Savig da Alfândega da Receita Federal do Brasil no Porto de Itajaí (SC), Código FG-1.</p><p>Nº 6.157 Dispensar, a partir de 01/01/2018, o Auditor-Fiscal da Receita Federal do Brasil GUILHERME ANDREY WELTER, matrícula SiapeCad nº 01220609, da Função Gratificada de Chefe da Seção de Fiscalização Aduaneira - Safia da Alfândega da Receita Federal do Brasil no Porto de Itajaí (SC), Código FG-1.</p><p>Nº 6.158 Dispensar, a partir de 01/01/2018, o Analista-Tributário da Receita Federal do Brasil LEANDRO STRAUSS, matrícula SiapeCad nº 00068740, da Função Gratificada de Chefe da Seção de Tecnologia da Informação - Satec da Alfândega da Receita Federal do Brasil no Porto de Itajaí (SC), Código FG-1.</p><p>Nº 6.159 Dispensar, a partir de 01/01/2018, a Auditora-Fiscal da Receita Federal do Brasil RITA DE CASSIA SPOLAOR, matrícula SiapeCad nº 01171882, da Função Gratificada de Chefe da Equipe Aduaneira - EAD/2 da Alfândega da Receita Federal do Brasil no Porto de Itajaí (SC), Código FG-2.</p><p>Nº 6.160 Dispensar, a partir de 01/01/2018, a Auditora-Fiscal da Receita Federal do Brasil PATRICIA MANCUSO FIRMBACH, matrícula SiapeCad nº 00068481, da Função Gratificada de Chefe da Equipe Aduaneira - EAD/3 da Alfândega da Receita Federal do Brasil no Porto de Itajaí (SC), Código FG-2.</p><p>Nº 6.161 Dispensar, a partir de 01/01/2018, o Analista-Tributário da Receita Federal do Brasil ALMIR CESAR VIEIRA, matrícula SiapeCad nº 01291700, da Função Gratificada de Chefe da Equipe de Atendimento ao Contribuinte - EAT da Alfândega da Receita Federal do Brasil no Porto de Itajaí (SC), Código FG-2.</p>]]></Texto>
    <Autores>
      <assina>JORGE ANTONIO DEHER RACHID</assina>
    </Autores>
  </body>
</article></xml>