﻿<xml><article id="979090" name="PT4002017" idOficio="4625753" pubName="DO2" artType="Portaria" pubDate="03/01/2018" artClass="00017:00026:00011:00000:00000:00000:00000:00000:00000:00000:00025:00001" artSection="Instituto Nacional de Cardiologia" artCategory="Instituto Nacional de Cardiologia" artSize="8" artNotes="" numberPage="18" pdfPage="http://pesquisa.in.gov.br/imprensa/jsp/visualiza/index.jsp?data=03/01/2018&amp;jornal=529&amp;pagina=18" editionNumber="2">
  <body>
    <Identifica><![CDATA[PORTARIA nº 400, DE 15 DE DEZEMBRO DE 2017]]></Identifica>
    <Data><![CDATA[]]></Data>
    <Ementa />
    <Titulo />
    <SubTitulo />
    <Texto><![CDATA[<p> </p><p> O Diretor Geral do Instituto Nacional de Cardiologia do Ministério da Saúde, no uso das atribuições legais conferidas pela Portaria/GM/MS nº 3.047, de 16/11/2017, publicada no DOU nº 220, de 17/11/2017, e a subdelegação de competência conferida pela PT/CGRH/SAA/MS no 1.041, de 30/10/2009, publicada no DOU no. 209, de 03/11/2009, e tendo em vista o que consta do Processo no 33409.401398/2017-11, resolve:</p><p>Art. 1o - Conceder aposentadoria voluntária com proventos integrais ao servidor DÉCIO MANUEL LAVOS COIMBRA, matrícula SIAPE no 648862, matrícula SIAPECAD no 1106744, Medico, Código 422069, Classe "S", Padrão "III", do Nível Superior, pertencente ao Serviço de Comunicação e Eventos, pertencente ao Quadro de Pessoal Permanente do Ministério da Saúde, lotado no Serviço de Comunicação e Eventos, de acordo o artigo 3o, incisos I e II, parágrafo único da Emenda Constitucional no 47/2005, combinado com o artigo 40 parágrafo 18 da Constituição Federal de 1988, com proventos mensais correspondentes ao valor do seu cargo efetivo, acrescidos de 15% (quinze por cento) de Adicional por Tempo de Serviço, conforme artigo 67 da Lei nº 8.112/90, e na Resolução no 35/99 do Senado Federal; e da Gratificação de Desempenho de Médico da Carreira da Previdência, da Saúde e do Trabalho - GDM-PST, de acordo com o artigo 88, da Lei no 13.324, de 29/07/2016, publicada no DOU no 145A, de 29/07/2016.</p><p>Art. 2o - Declarar vago o referido cargo.</p>]]></Texto>
    <Autores>
      <assina>JOÃO MANOEL DE ALMEIRDA PEDROSO</assina>
    </Autores>
  </body>
</article></xml>