﻿<xml><article id="961996" name="PORTARIAS APOS CGAP" idOficio="4625350" pubName="DO2" artType="Portaria" pubDate="02/01/2018" artClass="00007:00003:00802:00406:00000:00000:00000:00000:00000:00000:00025:00001" artSection="Coordenação-Geral de Administração de Pessoas" artCategory="Coordenação-Geral de Administração de Pessoas" artSize="8" artNotes="" numberPage="6" pdfPage="http://pesquisa.in.gov.br/imprensa/jsp/visualiza/index.jsp?data=02/01/2018&amp;jornal=529&amp;pagina=6" editionNumber="1">
  <body>
    <Identifica><![CDATA[PORTARIAS DE 26 DE DEZEMBRO DE 2017]]></Identifica>
    <Data><![CDATA[]]></Data>
    <Ementa />
    <Titulo />
    <SubTitulo />
    <Texto><![CDATA[<p> O COORDENADOR-GERAL DE ADMINISTRAÇÃO DE PESSOAS, DO MINISTÉRIO DA AGRICULTURA, PECUÁRIA E ABASTECIMENTO, no uso da competência que lhe foi atribuída pelo inciso VI, do § 6º, do artigo 141, da Portaria Ministerial nº 944, de 23 de setembro de 2014, publicada no Diário Oficial do dia seguinte, resolve:</p><p> Nº 3.075 - Conceder aposentadoria, com proventos integrais, à servidora MARIA DO SOCORRO COELHO, matrícula SIAPE nº 1111119, ocupante do cargo de Agente Administrativo, classe S, padrão III, do Quadro de Pessoal deste Ministério, com fundamento no artigo 3º, da Emenda Constitucional nº 47/2005, acrescido da vantagem prevista no artigo 62-A, da Lei nº 8.112/90 (Processo 21000.0048175/2017-24).</p><p>Nº 3.076 - Conceder aposentadoria, com proventos integrais, à servidora MARIA APARECIDA DE JESUS, matrícula SIAPE nº 1081727, ocupante do cargo de Agente Administrativo, classe S, padrão III, do Quadro de Pessoal deste Ministério, com fundamento no artigo 3º, da Emenda Constitucional nº 47/2005, da Lei nº 8.112/90 (Processo 21000.051160/2017-43).</p><p>Nº 3.077 - Conceder aposentadoria, com proventos integrais, ao servidor ALEXANDRE DIONIZIO NETO, matrícula SIAPE nº 1325, ocupante do cargo de Agente de Vigilância, classe S, padrão III, do Quadro de Pessoal deste Ministério, com fundamento no artigo 3º, da Emenda Constitucional nº 47/2005 (Processo 21000.052857/2017-31). </p><p>Nº 3.079 - Conceder aposentadoria, com proventos integrais, à servidora SHEILA DIANA DE CASTRO RIBEIRO, matrícula SIAPE nº 1081864, ocupante do cargo de Auditor Fiscal Federal Agropecuário, classe S, padrão IV, do Quadro de Pessoal deste Ministério, com fundamento no artigo 3º, da Emenda Constitucional nº 47/2005 (Processo 21000.046508/2017-81). </p>]]></Texto>
    <Autores>
      <assina>GENILSON ANTONIO SECCHI DE AVILA</assina>
    </Autores>
  </body>
</article></xml>