﻿<xml><article id="964951" name="Portarias de 19 de dezembro de 2" idOficio="4626081" pubName="DO2" artType="Portaria" pubDate="02/01/2018" artClass="00031:00003:00001:00000:00000:00000:00000:00000:00000:00000:00025:00001" artSection="Superintendência de Gestão de Pessoas" artCategory="Superintendência de Gestão de Pessoas" artSize="8" artNotes="" numberPage="137" pdfPage="http://pesquisa.in.gov.br/imprensa/jsp/visualiza/index.jsp?data=02/01/2018&amp;jornal=529&amp;pagina=137" editionNumber="1">
  <body>
    <Identifica><![CDATA[PORTARIAS DE 19 DE DEZEMBRO DE 2017]]></Identifica>
    <Data><![CDATA[]]></Data>
    <Ementa />
    <Titulo />
    <SubTitulo />
    <Texto><![CDATA[<p> O SUPERINTENDENTE DE GESTÃO DE PESSOAS, no uso da atribuição que lhe confere o art. 1º, inciso V, da Portaria nº 2.086, de 22 de junho 2017, tendo em vista o disposto no art. 38, da Lei nº 8.112, de 11 de dezembro de 1990, e considerando o que consta do processo nº 00058.538806/2017-67, resolve:</p><p>Nº 4.211 - DISPENSAR SUSANE BRANDAO SILVA, matrícula SIAPE nº 1629425, do encargo de substituta eventual do Cargo em Comissão de Gerente Técnico de Comunicação Integrada, código CGE IV, da Assessoria de Comunicação Social desta Agência.</p><p>Nº 4.212 - DESIGNAR RAFAEL KEGELE LIGNANI, matrícula SIAPE nº 1815336, para exercer o encargo de substituto eventual do Cargo em Comissão de Gerente Técnico de Comunicação Integrada, código CGE IV, da Assessoria de Comunicação Social desta Agência, nos afastamentos, impedimentos legais ou regulamentares da titular e na vacância do cargo.</p>]]></Texto>
    <Autores>
      <assina>EDUARDO BORBA CHAFFIN JUNIOR</assina>
    </Autores>
  </body>
</article></xml>