﻿<xml><article id="1022061" name="Ato 654 - 2017" idOficio="4624341" pubName="DO2" artType="Ato Concessório" pubDate="08/01/2018" artClass="00037:00047:00001:00000:00000:00000:00000:00000:00000:00000:00003:00001" artSection="Gabinete da Presidência" artCategory="Gabinete da Presidência" artSize="8" artNotes="" numberPage="56" pdfPage="http://pesquisa.in.gov.br/imprensa/jsp/visualiza/index.jsp?data=08/01/2018&amp;jornal=529&amp;pagina=56" editionNumber="5">
  <body>
    <Identifica><![CDATA[ATO Nº 654, DE 20 DE DEZEMBRO DE 2017]]></Identifica>
    <Data><![CDATA[]]></Data>
    <Ementa />
    <Titulo />
    <SubTitulo />
    <Texto><![CDATA[<p>A DESEMBARGADORA PRESIDENTE DO TRIBUNAL REGIONAL DO TRABALHO DA OITAVA REGIÃO, no uso de suas atribuições legais, e CONSIDERANDO o que consta do Processo Administrativo Eletrônico TRT8ª n° 4202/2017,  resolve:</p><p>CONCEDER APOSENTADORIA à servidora TELMA SUELY DE HOLANDA TAVARES, com fundamento no artigo 3º, da Emenda Constitucional nº 47/2005, no cargo de Técnico Judiciário, Área Administrativa, Especialidade Apoio de Serviços Diversos, Classe C, Padrão 13, do Quadro Permanente do Tribunal Regional do Trabalho da Oitava Região, com PROVENTOS INTEGRAIS correspondentes à remuneração da servidora no cargo efetivo, qual seja a estabelecida nos artigos 12 e 13 da Lei nº 11.416/2006, com as alterações decorrentes da Lei nº 13.317/2016, acrescida do adicional por tempo de serviço de 14% (quatorze por cento) adquirido antes de 8 de março de 1999, anteriormente previsto nos artigos 61, inciso III, e 67 da Lei nº 8.112/1990, com a observância das alterações introduzidas pela Medida Provisória nº 2.225-45/2001, bem como do Adicional de Qualificação de 5% (cinco por cento) previsto nos artigos 14 e 15, VI da Lei nº 11.416/2006, com as alterações decorrentes da Lei nº 13.317/2016.</p><p> </p><p> </p>]]></Texto>
    <Autores>
      <assina>SUZY ELIZABETH CAVALCANTE KOURY</assina>
    </Autores>
  </body>
</article></xml>