﻿<xml><article id="962373" name="11 -PORTARIA Nº 400, DE 28 DE NO" idOficio="4625740" pubName="DO2" artType="Portaria" pubDate="02/01/2018" artClass="00015:00033:00000:00000:00000:00000:00000:00000:00000:00000:00025:00001" artSection="Ministério da Justiça e Segurança Pública" artCategory="Departamento de Polícia Rodoviária Federal" artSize="8" artNotes="" numberPage="114" pdfPage="http://pesquisa.in.gov.br/imprensa/jsp/visualiza/index.jsp?data=02/01/2018&amp;jornal=529&amp;pagina=114" editionNumber="1">
  <body>
    <Identifica><![CDATA[PORTARIA Nº 430, DE 28 DE DEZEMBRO DE 2017]]></Identifica>
    <Data><![CDATA[]]></Data>
    <Ementa />
    <Titulo />
    <SubTitulo />
    <Texto><![CDATA[<p> O DIRETOR-GERAL DA POLÍCIA RODOVIÁRIA FEDERAL, no uso da competência que lhe foi atribuída pela Portaria nº 500, de 29 de maio de 2014, da Secretaria Executiva do Ministério da Justiça, publicada no Diário Oficial da União nº 106, de 05 de junho de 2014, resolve:</p><p>Art. 1º - Designar o servidor ALEXANDRE PEREIRA DA SILVA, matrícula SIAPE nº 1505226, Policial Rodoviário Federal do quadro permanente deste Departamento, para exercer o encargo de Substituto do Chefe da Divisão de Educação Corporativa, da Coordenação da Academia Nacional da Polícia Rodoviária Federal-ANPRF, da Coordenação Geral de Recursos Humanos-CGRH, código FCPE-2, em seus afastamentos e impedimentos.</p><p>Art. 2º -  Dispensar RODRIGO FEITOZA RODRIGUES, matrícula SIAPE nº 1503967, Policial Rodoviário Federal do quadro permanente deste Departamento, do encargo de Substituto do Chefe da Divisão de Educação Corporativa, da Coordenação da Academia Nacional da Polícia Rodoviária Federal-ANPRF, da Coordenação Geral de Recursos Humanos-CGRH, código FCPE-2.</p><p>Art. 3º - Esta Portaria entra em vigor na data de sua publicação.</p>]]></Texto>
    <Autores>
      <assina>RENATO ANTÔNIO BORGES DIAS</assina>
    </Autores>
  </body>
</article></xml>