﻿<xml><article id="962639" name="(Port. nº 2482-2483-SEI-SE) EDSO" idOficio="4625847" pubName="DO2" artType="Portaria" pubDate="02/01/2018" artClass="00013:00002:00000:00000:00000:00000:00000:00000:00000:00000:00025:00001" artSection="Ministério da Indústria, Comércio Exterior e Serviços" artCategory="Secretaria Executiva" artSize="8" artNotes="" numberPage="110" pdfPage="http://pesquisa.in.gov.br/imprensa/jsp/visualiza/index.jsp?data=02/01/2018&amp;jornal=529&amp;pagina=110" editionNumber="1">
  <body>
    <Identifica><![CDATA[PORTARIAS DE 21 DE DEZEMBRO DE 2017]]></Identifica>
    <Data><![CDATA[]]></Data>
    <Ementa />
    <Titulo />
    <SubTitulo />
    <Texto><![CDATA[<p> O SECRETÁRIO-EXECUTIVO DO MINISTÉRIO DA INDÚSTRIA, COMÉRCIO EXTERIOR E SERVIÇOS, no uso da competência que lhe foi subdelegada pela Portaria GM/MDIC no 305, de 1o de novembro de 2016, e tendo em vista o disposto na Portaria/MP no 85, de 17 de abril de 2009, resolve:</p><p>Nº 2.482-SEI Cessar os efeitos da Gratificação Temporária das Unidades dos Sistemas Estruturadores da Administração Pública Federal - GSISTE, de Nível Intermediário, da Coordenação-Geral de Gestão de Pessoas, ao servidor EDSON FRANCISCO DE REZENDE , matrícula SIAPE nº 1094875, ocupante do cargo efetivo de Agente Administrativo do Quadro de Pessoal deste Ministério.</p><p>Nº 2.483-SEI Conceder a Gratificação Temporária das Unidades dos Sistemas Estruturadores da Administração Pública Federal - GSISTE, de Nível Intermediário, da Coordenação-Geral de Gestão de Pessoas, ao servidor ITALO LEONE CORREA , matrícula SIAPE nº 2162862, ocupante do cargo efetivo de Agente Administrativo do Quadro de Pessoal deste Ministério.</p>]]></Texto>
    <Autores>
      <assina>MARCOS JORGE DE LIMA</assina>
    </Autores>
  </body>
</article></xml>