﻿<xml><article id="963886" name="SAAPORT Nº 467 E 468" idOficio="4625977" pubName="DO2" artType="Portaria" pubDate="02/01/2018" artClass="00011:00002:00016:00000:00000:00000:00000:00000:00000:00000:00025:00001" artSection="Subsecretaria de Assuntos Administrativos" artCategory="Subsecretaria de Assuntos Administrativos" artSize="8" artNotes="" numberPage="14" pdfPage="http://pesquisa.in.gov.br/imprensa/jsp/visualiza/index.jsp?data=02/01/2018&amp;jornal=529&amp;pagina=14" editionNumber="1">
  <body>
    <Identifica><![CDATA[PORTARIA Nº 467, DE 28 DE DEZEMBRO DE 2017]]></Identifica>
    <Data><![CDATA[]]></Data>
    <Ementa />
    <Titulo />
    <SubTitulo />
    <Texto><![CDATA[<p> O SUBSECRETÁRIO DE ASSUNTOS ADMINISTRATIVOS DO MINISTÉRIO DA EDUCAÇÃO, de conformidade com a delegação de competência outorgada pelo art. 1º da Portaria SEGEP/MP nº 1.166, publicada no DOU de 12 de julho de 2012, e considerando o disposto no §2º do art. 84 da Lei nº 8.112, de 11 de dezembro de 1990, resolve efetivar o seguinte exercício provisório:</p><p>Servidor(a): ÉRICA DE JESUS ANDRADE TOFANELLI</p><p>Mat. SIAPE: 1460333</p><p>Cargo: Auxiliar de Enfermagem</p><p>Origem: Universidade Federal de São Paulo - UNIFESP</p><p>Para: Fundação Universidade de Brasília - UNB</p><p>Processo: 23106.095243/2017-91</p><p>Art. 1º Caberá ao órgão de destino apresentar o(a) servidor(a) ao seu órgão de origem ao término do exercício provisório.</p><p>Art. 2º O exercício provisório objeto desta Portaria cessará caso sobrevenha a desconstituição da entidade familiar cuja unidade se pretende assegurar ou na hipótese de novo deslocamento do cônjuge.</p><p>Art. 3º Esta Portaria entra em vigor na data de sua publicação.</p><p> O SUBSECRETÁRIO DE ASSUNTOS ADMINISTRATIVOS DO MINISTÉRIO DA EDUCAÇÃO, de conformidade com a delegação de competência outorgada pelo art. 1º da Portaria SEGEP/MP nº 1.166, publicada no DOU de 12 de julho de 2012, e considerando o disposto no §2º do art. 84 da Lei nº 8.112, de 11 de dezembro de 1990, resolve efetivar o seguinte exercício provisório, a partir de 12 de janeiro de 2018:</p><p>Servidor(a): MARISE BOLZAN ESTIVALET</p><p>Mat. SIAPE: 2270774</p><p>Cargo: Técnico em Contabilidade</p><p>Origem: Instituto Federal de Educação, Ciência e Tecnologia Sul-rio-grandense - IFSRIOGRAN</p><p>Para: Instituto Federal de Educação, Ciência e Tecnologia da Paraíba - IFPB</p><p>Processo: 23495.002453/2017-16</p><p>Art. 1º Caberá ao órgão de destino apresentar o(a) servidor(a) ao seu órgão de origem ao término do exercício provisório.</p><p>Art. 2º O exercício provisório objeto desta Portaria cessará caso sobrevenha a desconstituição da entidade familiar cuja unidade se pretende assegurar ou na hipótese de novo deslocamento do cônjuge.</p>]]></Texto>
    <Autores>
      <assina>MARCELO GUERREIRO CALDAS</assina>
      <assina>MARCELO GUERREIRO CALDAS</assina>
    </Autores>
  </body>
</article></xml>