﻿<xml><article id="965753" name="DOU_SP_02012018" idOficio="4626205" pubName="DO2" artType="Portaria" pubDate="02/01/2018" artClass="00036:00001:00002:00008:00001:00001:00000:00000:00000:00000:00025:00001" artSection="Coordenação de Secretariado Parlamentar" artCategory="Coordenação de Secretariado Parlamentar" artSize="8" artNotes="" numberPage="141" pdfPage="http://pesquisa.in.gov.br/imprensa/jsp/visualiza/index.jsp?data=02/01/2018&amp;jornal=529&amp;pagina=141" editionNumber="1">
  <body>
    <Identifica><![CDATA[Portarias de 28 de dezembro de 2017]]></Identifica>
    <Data><![CDATA[]]></Data>
    <Ementa />
    <Titulo />
    <SubTitulo />
    <Texto><![CDATA[<p> O Diretor da Coordenação de Secretariado Parlamentar, no uso das atribuições que lhe foram delegadas pelo artigo 1º da Portaria n.º 53, de 2002, do Senhor Diretor Administrativo, resolve: </p><p>Nº  9.191 - Exonerar, de acordo com o artigo 35 da Lei n.º 8.112, de 11 de dezembro de 1990, a partir de 28 de dezembro de 2017, TALITA GUSMÃO ORTIZ DA SILVA, ponto n.º 208690, do cargo em comissão de Secretário Parlamentar, SP25, do Quadro de Pessoal da Câmara dos Deputados, que exerce no gabinete do(a) Deputado(a) MARCELO AGUIAR.</p><p>Nº  9.192 - Exonerar, de acordo com o artigo 35 da Lei n.º 8.112, de 11 de dezembro de 1990, a partir de 28 de dezembro de 2017, SALVIO ALVES FONTES, ponto n.º 234971, do cargo em comissão de Secretário Parlamentar, SP17, do Quadro de Pessoal da Câmara dos Deputados, que exerce no gabinete do(a) Deputado(a) ASSIS MELO.</p><p>Nº  9.193 - Exonerar, de acordo com o artigo 35 da Lei n.º 8.112, de 11 de dezembro de 1990, a partir de 28 de dezembro de 2017, LIDIANE DA SILVA SANTOS NUNES, ponto n.º 238565, do cargo em comissão de Secretário Parlamentar, SP25, do Quadro de Pessoal da Câmara dos Deputados, que exerce no gabinete do(a) Deputado(a) SERGIO BRITO.</p><p>Nº  9.194 - Exonerar, de acordo com o artigo 35 da Lei n.º 8.112, de 11 de dezembro de 1990, a partir de 28 de dezembro de 2017, JANKELSON LIMA DA SILVA, ponto n.º 248841, do cargo em comissão de Secretário Parlamentar, SP05, do Quadro de Pessoal da Câmara dos Deputados, que exerce no gabinete do(a) Deputado(a) JULIA MARINHO.</p><p>Nº  9.195 - Exonerar, de acordo com o artigo 35 da Lei n.º 8.112, de 11 de dezembro de 1990, a partir de 28 de dezembro de 2017, JOSILENE DE SANTANA, ponto n.º 249798, do cargo em comissão de Secretário Parlamentar, SP11, do Quadro de Pessoal da Câmara dos Deputados, que exerce no gabinete do(a) Deputado(a) JOAO DANIEL.</p><p>Nº  9.196 - Exonerar, de acordo com o artigo 35 da Lei n.º 8.112, de 11 de dezembro de 1990, a partir de 28 de dezembro de 2017, IRANI DA SILVA TEIXEIRA, ponto n.º 254344, do cargo em comissão de Secretário Parlamentar, SP23, do Quadro de Pessoal da Câmara dos Deputados, que exerce no gabinete do(a) Deputado(a) ASSIS MELO.</p><p>Nº  9.197 - Exonerar, de acordo com o artigo 35 da Lei n.º 8.112, de 11 de dezembro de 1990, a partir de 28 de dezembro de 2017, SAMUEL DA SILVA SOUZA, ponto n.º 256049, do cargo em comissão de Secretário Parlamentar, SP17, do Quadro de Pessoal da Câmara dos Deputados, que exerce no gabinete do(a) Deputado(a) MARINALDO ROSENDO.</p><p>Nº  9.198 - Exonerar, de acordo com o artigo 35 da Lei n.º 8.112, de 11 de dezembro de 1990, a partir de 28 de dezembro de 2017, JOFFRE ZALUSKI MOURAO MAUL DE CARVALHO, ponto n.º 256107, do cargo em comissão de Secretário Parlamentar, SP24, do Quadro de Pessoal da Câmara dos Deputados, que exerce no gabinete do(a) Deputado(a) MARCO ANTONIO CABRAL.</p><p>Nº  9.199 - TORNAR SEM EFEITO a Portaria n.º 8649 de 23 de novembro de 2017, publicada no Diá rio Oficial da União de 27 de novembro de 2017, que nomeou MARIA FATIMA DA SILVA AUGUSTI para exercer, no gabinete do(a) Deputado(a) ANA PERUGINI, o cargo em comissão de Secretário Parlamentar, SP07, do Quadro de Pessoal da Câmara dos Deputados.  </p><p>Nº  9.200 - Nomear, na forma do artigo 9º, inciso II, da Lei nº 8.112, de 11 de dezembro de 1990, ANGELA GOMES DA SILVA para exercer, no gabinete do(a) Deputado(a) MARCELO AGUIAR, o cargo em comissão de Secretário Parlamentar, SP25, do Quadro de Pessoal da Câmara dos Deputados. </p><p>Nº  9.201 - Nomear, na forma do artigo 9º, inciso II, da Lei nº 8.112, de 11 de dezembro de 1990, CARLOS NASCIMENTO SILVA para exercer, no gabinete do(a) Deputado(a) FABIO TRAD, o cargo em comissão de Secretário Parlamentar, SP21, do Quadro de Pessoal da Câmara dos Deputados. </p><p>Nº  9.202 - Nomear, na forma do artigo 9º, inciso II, da Lei nº 8.112, de 11 de dezembro de 1990, FELIPE ZAMPIERI TERUIA para exercer, no gabinete do(a) Deputado(a) FABIO TRAD, o cargo em comissão de Secretário Parlamentar, SP24, do Quadro de Pessoal da Câmara dos Deputados. </p><p>Nº  9.203 - Nomear, na forma do artigo 9º, inciso II, da Lei nº 8.112, de 11 de dezembro de 1990, FLORIANO SERAFIM DA COSTA para exercer, no gabinete do(a) Deputado(a) FABIO TRAD, o cargo em comissão de Secretário Parlamentar, SP23, do Quadro de Pessoal da Câmara dos Deputados. </p><p>Nº  9.204 - Nomear, na forma do artigo 9º, inciso II, da Lei nº 8.112, de 11 de dezembro de 1990, JANETE TEODORO DE SOUSA LEITE para exercer, no gabinete do(a) Deputado(a) THIAGO PEIXOTO, o cargo em comissão de Secretário Parlamentar, SP09, do Quadro de Pessoal da Câmara dos Deputados. </p><p>Nº  9.205 - Nomear, na forma do artigo 9º, inciso II, da Lei nº 8.112, de 11 de dezembro de 1990, JÉSSICA DA SILVA VIANA SOARES para exercer, no gabinete do(a) Deputado(a) FABIO TRAD, o cargo em comissão de Secretário Parlamentar, SP19, do Quadro de Pessoal da Câmara dos Deputados. </p><p>Nº  9.206 - Nomear, na forma do artigo 9º, inciso II, da Lei nº 8.112, de 11 de dezembro de 1990, MARCELO NASCIMENTO SILVA para exercer, no gabinete do(a) Deputado(a) FABIO TRAD, o cargo em comissão de Secretário Parlamentar, SP16, do Quadro de Pessoal da Câmara dos Deputados. </p><p>Nº  9.207 - Nomear, na forma do artigo 9º, inciso II, da Lei nº 8.112, de 11 de dezembro de 1990, MARIA EDUARDA CARVALHO DA VEIGA JARDIM para exercer, no gabinete do(a) Deputado(a) SERGIO BRITO, o cargo em comissão de Secretário Parlamentar, SP02, do Quadro de Pessoal da Câmara dos Deputados. </p><p>Nº  9.208 - Nomear, na forma do artigo 9º, inciso II, da Lei nº 8.112, de 11 de dezembro de 1990, MÁRCIA MIRANDA DE OLIVEIRA para exercer, no gabinete do(a) Deputado(a) LUCAS VERGILIO, o cargo em comissão de Secretário Parlamentar, SP07, do Quadro de Pessoal da Câmara dos Deputados. </p><p>Nº  9.209 - Nomear, na forma do artigo 9º, inciso II, da Lei nº 8.112, de 11 de dezembro de 1990, NATHACHA GOMES LAULETTA PEREIRA para exercer, no gabinete do(a) Deputado(a) FABIO TRAD, o cargo em comissão de Secretário Parlamentar, SP25, do Quadro de Pessoal da Câmara dos Deputados. </p><p>Nº  9.210 - Nomear, na forma do artigo 9º, inciso II, da Lei nº 8.112, de 11 de dezembro de 1990, ROMULO EDUARDO RODRIGUES DE SOUZA para exercer, no gabinete do(a) Deputado(a) RUBENS BUENO, o cargo em comissão de Secretário Parlamentar, SP16, do Quadro de Pessoal da Câmara dos Deputados. </p>]]></Texto>
    <Autores>
      <assina>Emerson Brito De Melo</assina>
    </Autores>
  </body>
</article></xml>