﻿<xml><article id="963543" name="Port 02012018 I" idOficio="4625889" pubName="DO2" artType="Portaria" pubDate="02/01/2018" artClass="00011:00134:00001:00001:00000:00000:00000:00000:00000:00000:00025:00002" artSection="Gabinete do Reitor" artCategory="Gabinete do Reitor" artSize="8" artNotes="" numberPage="34" pdfPage="http://pesquisa.in.gov.br/imprensa/jsp/visualiza/index.jsp?data=02/01/2018&amp;jornal=529&amp;pagina=34" editionNumber="1">
  <body>
    <Identifica><![CDATA[PORTARIA Nº 2.886, DE 28 DE DEZEMBRO DE 2017]]></Identifica>
    <Data><![CDATA[]]></Data>
    <Ementa />
    <Titulo />
    <SubTitulo />
    <Texto><![CDATA[<p> O REITOR PRO TEMPORE DA UNIVERSIDADE FEDERAL DE SANTA CATARINA, no uso de atribuição conferida pela Portaria nº 404, de 23 de abril de 2009, cujo art. 3º subdelega competência aos reitores de universidades federais para autorizar a cessão de servidores, e considerando o disposto no inciso I do art. 93 da Lei nº 8.112, de 11 de dezembro 1990, no Decreto nº 4.050, de 12 de dezembro de 2001, e nos termos da Orientação Normativa SEGEP/MP nº 4, de 12 de junho de 2015, e demais informações que constam no Processo nº 23080.083248/2017-15, resolve:</p><p>Art. 1º Ceder, por tempo indeterminado, a servidora ALINE HUBER DA SILVA, SIAPE nº 1978789, pertencente ao quadro de pessoal da Universidade Federal de Santa Catarina, para exercício junto à Empresa Brasileira de Serviços Hospitalares.</p><p>Art. 2º O ônus pela remuneração ou salário é do órgão cedente.</p><p>Art. 3º A servidora deverá apresentar-se imediatamente ao órgão cedente ao término da cessão, observado o disposto nos arts. 4º e 6º da Orientação Normativa SEGEP/MP nº 4, de 12 de junho de 2015.</p><p>Art. 4º Cumpre ao cessionário comunicar a frequência da servidora, mensalmente, ao órgão ou entidade cedente.</p><p>Art. 5º Esta portaria entra em vigor na data da sua publicação.</p>]]></Texto>
    <Autores>
      <assina>UBALDO CESAR BALTHAZAR</assina>
    </Autores>
  </body>
</article></xml>