﻿<xml><article id="962741" name="Publicação dispensa Eidi" idOficio="4625872" pubName="DO2" artType="Portaria" pubDate="02/01/2018" artClass="00011:00077:00014:00004:00000:00000:00000:00000:00000:00000:00025:00001" artSection="Departamento de Administração e Planejamento" artCategory="Departamento de Administração e Planejamento" artSize="8" artNotes="" numberPage="28" pdfPage="http://pesquisa.in.gov.br/imprensa/jsp/visualiza/index.jsp?data=02/01/2018&amp;jornal=529&amp;pagina=28" editionNumber="1">
  <body>
    <Identifica><![CDATA[PORTARIA Nº 551, DE 29 DE DEZEMBRO DE 2017]]></Identifica>
    <Data><![CDATA[]]></Data>
    <Ementa />
    <Titulo />
    <SubTitulo />
    <Texto><![CDATA[<p> O DIRETOR-GERAL DO INSTITUTO FEDERAL DE EDUCAÇÃO, CIÊNCIA E TECNOLOGIA DO RIO GRANDE DO SUL - CAMPUS SERTÃO, no uso de suas atribuições legais e considerando a Lei n° 11.892, de 29 de dezembro de 2008, publicada no DOU de 30 subsequente, e Resolução do IFRS n° 07, de 20 de agosto de 2009, publicada no DOU de 24 subsequente, resolve:</p><p> Dispensar, a pedido, o servidor EIDI ALFREDO DENTI, Professor de Ensino Básico, Técnico e Tecnológico, Matrícula SIAPE nº 1195118, da função gratificada de Chefe da Unidade de Ensino e Pesquisa Agricultura I, código FG-05.</p><p> </p>]]></Texto>
    <Autores>
      <assina>Odair José Spenthof</assina>
    </Autores>
  </body>
</article></xml>