﻿<xml><article id="966326" name="InCom DGI 168-2017" idOficio="4626291" pubName="DO2" artType="Portaria" pubDate="02/01/2018" artClass="00008:00019:00011:00000:00000:00000:00000:00000:00000:00000:00025:00001" artSection="Diretoria de Gestão Institucional" artCategory="Diretoria de Gestão Institucional" artSize="8" artNotes="" numberPage="8" pdfPage="http://pesquisa.in.gov.br/imprensa/jsp/visualiza/index.jsp?data=02/01/2018&amp;jornal=529&amp;pagina=8" editionNumber="1">
  <body>
    <Identifica><![CDATA[PORTARIA Nº 168, DE 28 DE DEZEMBRO DE 2017]]></Identifica>
    <Data><![CDATA[]]></Data>
    <Ementa />
    <Titulo />
    <SubTitulo />
    <Texto><![CDATA[<p> </p><p>A DiretorA de Gestão Institucional SUBSTITUTA, DA Comissão Nacional de Energia Nuclear (CNEN), no uso da atribuição que lhe foi conferida pela Portaria CNEN/PR nº 8, publicada no Diário Oficial da União nº 10, de 15 de janeiro de 2016, Seção 2, página 04, resolve:</p><p>Conceder aposentadoria voluntária, com proventos integrais, ao servidor JOSÉ RICARDO PEIXOTO DOS SANTOS, CPF nº 369.281.867-04, matrícula SIAPE nº 0667346, ocupante do cargo permanente de ASSISTENTE EM CIÊNCIA E TECNOLOGIA, Classe R, Padrão III, nível intermediário, vaga nº 0417655, do quadro de pessoal da Comissão Nacional de Energia Nuclear, com fundamento no artigo 3º da Emenda Constitucional nº 47, de 05 de julho de 2005, declarando, em decorrência, a vacância do cargo acima mencionado (Processo nº 01341.002140/2017-70).</p>]]></Texto>
    <Autores>
      <assina>ELIZABETH RODRIGUES CUNHA</assina>
    </Autores>
  </body>
</article></xml>