﻿<xml><article id="961987" name="Portarias 21 de DEZEMBRO 2017" idOficio="4625044" pubName="DO2" artType="Portaria" pubDate="02/01/2018" artClass="00006:00019:01211:00000:00000:00000:00000:00000:00000:00000:00025:00002" artSection="Agência Brasileira de Inteligência" artCategory="Agência Brasileira de Inteligência" artSize="8" artNotes="" numberPage="5" pdfPage="http://pesquisa.in.gov.br/imprensa/jsp/visualiza/index.jsp?data=02/01/2018&amp;jornal=529&amp;pagina=5" editionNumber="1">
  <body>
    <Identifica><![CDATA[PORTARIAS DE 21 DE DEZEMBRO DE 2017]]></Identifica>
    <Data><![CDATA[]]></Data>
    <Ementa />
    <Titulo />
    <SubTitulo><![CDATA[SECRETARIA DE PLANEJAMENTO E GESTÃO]]></SubTitulo>
    <Texto><![CDATA[<p> A DIRETORA DO DEPARTAMENTO DE GESTÃO DE PESSOAL DA SECRETARIA DE PLANEJAMENTO E GESTÃO DA AGÊNCIA BRASILEIRA DE INTELIGÊNCIA DO GABINETE DE SEGURANÇA INSTITUCIONAL DA PRESIDÊNCIA DA REPÚBLICA, nos termos do inciso II do artigo 1º da Portaria nº 378/ABIN/GSIPR, de 27 de abril de 2017, resolve:</p><p>Nº 177 - Art. 1º Conceder aposentadoria voluntária com proventos integrais ao servidor, matrícula nº 908034, detentor do cargo de Motorista Oficial, Nível Intermediário, Classe "E", Padrão III, do Quadro de Pessoal da Agência Brasileira de Inteligência (ABIN), com fundamento no artigo 6º, incisos I, II, III e IV, da Emenda Constitucional nº 41/2003, c/c o § 18 do art. 40 da CF/88 e art. 5° da Lei n° 10.887/2004, acrescida das vantagens previstas na Lei nº 11.776/2008, alterada pelas Leis nos 12.277/2010 e 12.702/2012, e no artigo 15 da Lei nº 9.527/1997. (Processo nº 00091.002310/2017-43)</p><p> Art. 2º Declarar vago o referido cargo.</p><p>Nº 178 - Art. 1º Conceder aposentadoria voluntária com proventos integrais ao servidor, matrícula nº 026090, detentor do cargo de Operador de Comunicacoes, Nível Intermediário, Classe "E", Padrão III, do Quadro de Pessoal da Agência Brasileira de Inteligência (ABIN), com fundamento no artigo 3º, incisos I, II e III, parágrafo único, da Emenda Constitucional nº 47/2005, c/c o § 18 do art. 40 da CF/88 e art. 5° da Lei n° 10.887/2004, acrescida das vantagens previstas na Lei nº 11.776/2008, alterada pelas Leis nºs 12.277/2010 e 12.702/2012. (Processo nº 00091.002172/2017-01)</p><p> Art. 2º Declarar vago o referido cargo.</p><p> Nº 179 - Art. 1º Conceder aposentadoria voluntária com proventos integrais ao servidor, matrícula ABIN nº 025611, detentor do cargo de Oficial de Inteligência, Nível Superior, Classe "E", Padrão III, do Quadro de Pessoal da Agência Brasileira de Inteligência (ABIN), com fundamento no artigo 3º, incisos I, II e III, parágrafo único, da Emenda Constitucional nº 47/2005, c/c o § 18, do art. 40, da CF/88 e art. 5º, da Lei nº 10.887/2004, acrescida das vantagens previstas na Lei nº 11.776/2008, alterada pela Lei nº 12.277/2010. (Processo nº 00091.000450/2017-87)</p><p> Art. 2º Declarar vago o referido cargo. </p><p>Nº 180 - Art. 1º Conceder aposentadoria voluntária com proventos integrais à servidora, matrícula nº 041846, detentora do cargo de Auxiliar de Documentalista, Nível Intermediário, Classe "E", Padrão III, do Quadro de Pessoal da Agência Brasileira de Inteligência (ABIN), com fundamento no artigo 3º, incisos I, II e III, parágrafo único, da Emenda Constitucional nº 47/2005, c/c o § 18 do art. 40 da CF/88 e art. 5° da Lei n° 10.887/2004, acrescida das vantagens previstas na Lei nº 11.776/2008, alterada pelas Leis nºs 12.277/2010 e 12.702/2012, e no artigo 15 da Lei nº 9.527/1997. (Processo nº 00091.001487/2017-22)</p><p> Art. 2º Declarar vago o referido cargo.</p><p>Nº 181 - Art. 1º Conceder aposentadoria voluntária com proventos integrais à servidora, matrícula ABIN nº 908966, detentora do cargo de Instrutor, Nível Superior, Classe "E", Padrão III, do Quadro de Pessoal da Agência Brasileira de Inteligência (ABIN), com fundamento no artigo 3º, incisos I, II e III, parágrafo único, da Emenda Constitucional nº 47/2005, c/c o § 18, do art. 40, da CF/88 e art. 5°, da Lei n° 10.887/2004, acrescida das vantagens previstas na Lei nº 11.776/2008, alterada pelas Leis nºs 12.277/2010 e 12.702/2012, e no artigo 15 da Lei nº 9.527/1997. (Processo nº 00091.002154/2017-11)</p><p> Art. 2º Declarar vago o referido cargo</p><p>Nº 182 - Art. 1º Conceder aposentadoria voluntária com proventos integrais ao servidor, matrícula ABIN nº 026308, detentor do cargo de Agente de Inteligência, Nível Intermediário, Classe "E", Padrão III, do Quadro de Pessoal da Agência Brasileira de Inteligência (ABIN), com fundamento no artigo 3º, incisos I, II, III e parágrafo único, da Emenda Constitucional nº 47/2005, c/c o § 18 do art. 40 da CF/88 e art. 5º da Lei nº 10.887/2004, acrescida das vantagens previstas na Lei nº 11.776/2008, alterada pela Lei nº 12.277/2010. (Processo nº 00091.002203/2017-15)</p><p> Art. 2º Declarar vago o referido cargo</p><p>Publicadas de acordo com o Art. 9º da Lei 9.883/99.</p>]]></Texto>
    <Autores>
      <assina>MARIA INEZ CARNEIRO DE SOUZA</assina>
    </Autores>
  </body>
</article></xml>