﻿<xml><article id="1005674" name="Ports" idOficio="4625105" pubName="DO2" artType="Portaria" pubDate="05/01/2018" artClass="00011:00032:00001:00000:00000:00000:00000:00000:00000:00000:00025:00001" artSection="Reitoria" artCategory="Reitoria" artSize="8" artNotes="" numberPage="13" pdfPage="http://pesquisa.in.gov.br/imprensa/jsp/visualiza/index.jsp?data=05/01/2018&amp;jornal=529&amp;pagina=13" editionNumber="4">
  <body>
    <Identifica><![CDATA[PORTARIA Nº 1.572, DE 28 de dezembro de 2017]]></Identifica>
    <Data><![CDATA[]]></Data>
    <Ementa />
    <Titulo />
    <SubTitulo />
    <Texto><![CDATA[<p>A VICE-REITORA DA FUNDAÇÃO UNIVERSIDADE FEDERAL DE MATO GROSSO DO SUL, NO EXERCÍCIO DO CARGO DE REITORA, no uso de suas atribuições legais e tendo em vista o que consta do Processo nº 23104.012857/2017-66, resolve:</p><p> Conceder aposentadoria voluntária a Luiz Carlos Lourenço de Araújo, matrícula Siape nº 0432803, código de vaga 341079, integrante da Carreira Técnico-Administrativa, do quadro de pessoal desta Universidade, ocupante do cargo de Atendente de Enfermagem, Classe B, Nível de Capacitação 4, Padrão 16, nos termos do artigo 3º, incisos I a III, da Emenda Constitucional nº 47/05, com proventos integrais e dezessete por cento de anuênio.</p><p> </p>]]></Texto>
    <Autores>
      <assina>MARCELO AUGUSTO SANTOS TURINE</assina>
    </Autores>
  </body>
</article></xml>