﻿<xml><article id="965418" name="GERÊNCIA EXECUTIVA EM JOÃO PESSO" idOficio="4626168" pubName="DO2" artType="Portaria" pubDate="02/01/2018" artClass="00022:00029:00237:00022:00029:00000:00000:00000:00000:00000:00025:00009" artSection="Seção Operacional  de Gestão de Pessoas" artCategory="Seção Operacional  de Gestão de Pessoas" artSize="8" artNotes="" numberPage="127" pdfPage="http://pesquisa.in.gov.br/imprensa/jsp/visualiza/index.jsp?data=02/01/2018&amp;jornal=529&amp;pagina=127" editionNumber="1">
  <body>
    <Identifica><![CDATA[PORTARIAS DE 26 DE DEZEMBRO DE 2017]]></Identifica>
    <Data><![CDATA[]]></Data>
    <Ementa />
    <Titulo />
    <SubTitulo />
    <Texto><![CDATA[<p> </p><p> O CHEFE DA SEÇÃO OPERACIONAL DA GESTÃO DE PESSOAS DA GERÊNCIA EXECUTIVA DO INSS EM JOÃO PESSOA-PB, no uso das atribuições conferidas no art. 235, do Regimento Interno, aprovado pela PT/MDS/Nº 414, de 28.09.17, publicada no DOU/Nº 188-A, de 29.09.17, resolve:</p><p> Nº 164 Conceder aposentadoria voluntária integral a servidora MARIA ZÉLIA DE LIMA BEZERRA, mat. SIAPE nº 0898.786, ocupante do cargo de Enfermeiro, Classe "S", Padrão "IV", do Quadro de Pessoal do Instituto Nacional do Seguro Social, com fundamento no art. 3º, da Emenda Constitucional nº 47/2005, com proventos mensais integrais, observado o contido no Processo nº 35172.001235/2017-88, declarando em consequência, o referido cargo vago. </p><p> Nº 165 Conceder aposentadoria voluntária integral a servidora MARIA DE FÁTIMA DO NASCIMENTO, mat. SIAPE nº 0750.730, ocupante do cargo de Técnico do Seguro Social, Classe "S", Padrão "IV", do Quadro de Pessoal do Instituto Nacional do Seguro Social, com fundamento no art. 3º, da Emenda Constitucional nº 47/2005, com proventos mensais integrais, observado o contido no Processo nº 35172.001268/2017-28, declarando em consequência, o referido cargo vago. </p><p> Nº 166 Conceder aposentadoria voluntária integral a servidora MARIA APARECIDA NUNES DE SOUZA, mat. SIAPE nº 0899..334, ocupante do cargo de Técnico do Seguro Social, Classe "S", Padrão "IV", do Quadro de Pessoal do Instituto Nacional do Seguro Social, com fundamento no art. 3º, da Emenda Constitucional nº 47/2005, com proventos mensais integrais, observado o contido no Processo nº 35172.001245/2017-13, declarando em consequência, o referido cargo vago. </p><p> </p>]]></Texto>
    <Autores>
      <assina>GILBERTO FIRMINO DE SOUZA JÚNIOR</assina>
    </Autores>
  </body>
</article></xml>