﻿<xml><article id="961791" name="DOU 27122017" idOficio="4623329" pubName="DO2" artType="Portaria" pubDate="02/01/2018" artClass="00026:00030:00011:00066:00000:00000:00000:00000:00000:00000:00025:00001" artSection="Coordenação de Recursos Humanos" artCategory="Coordenação de Recursos Humanos" artSize="8" artNotes="" numberPage="135" pdfPage="http://pesquisa.in.gov.br/imprensa/jsp/visualiza/index.jsp?data=02/01/2018&amp;jornal=529&amp;pagina=135" editionNumber="1">
  <body>
    <Identifica><![CDATA[PORTARIAS DE 27 DE DEZEMBRO DE 2017]]></Identifica>
    <Data><![CDATA[]]></Data>
    <Ementa />
    <Titulo />
    <SubTitulo />
    <Texto><![CDATA[<p> O COORDENADOR de RECURSOS HUMANOS da FUNDAÇÃO INSTITUTO BRASILEIRO DE GEOGRAFIA E ESTATÍSTICA-IBGE, usando de suas atribuições, resolve:</p><p> N° 4.517 - Dispensar, CARMEM LUCIA FONTES ALVES, CPF nº 350.576.961-49, da Função Gratificada de Supervisor III, do(a) Unidade Estadual do IBGE no Distrito Federal, FG - 3, desta Fundação, a partir de 01/01/2018.</p><p>N° 4.518 - Designar ANTONIHONE CAMELO DANTAS, CPF nº 014.511.341-85, para exercer a Função Gratificada de Supervisor III, do(a) Unidade Estadual do IBGE no Distrito Federal, FG - 3, desta Fundação, na forma do disposto no art. 26, da Lei nº 8.216/91.</p>]]></Texto>
    <Autores>
      <assina>BRUNO TARANTO MALHEIROS</assina>
    </Autores>
  </body>
</article></xml>