﻿<xml><article id="966329" name="PORTARIAS 562 a 563" idOficio="4626293" pubName="DO2" artType="Portaria" pubDate="02/01/2018" artClass="00012:00002:00012:00000:00000:00000:00000:00000:00000:00000:00025:00001" artSection="Subsecretaria de Planejamento, Orçamento e Administração" artCategory="Subsecretaria de Planejamento, Orçamento e Administração" artSize="8" artNotes="" numberPage="37" pdfPage="http://pesquisa.in.gov.br/imprensa/jsp/visualiza/index.jsp?data=02/01/2018&amp;jornal=529&amp;pagina=37" editionNumber="1">
  <body>
    <Identifica><![CDATA[PORTARIAS DE 29 DE DEZEMBRO DE 2017]]></Identifica>
    <Data><![CDATA[]]></Data>
    <Ementa />
    <Titulo />
    <SubTitulo />
    <Texto><![CDATA[<p> O SUBSECRETÁRIO DE PLANEJAMENTO, ORÇAMENTO E ADMINISTRAÇÃO SUBSTITUTO DA SECRETARIA EXECUTIVA DO MINISTÉRIO DA FAZENDA, no uso de suas atribuições e tendo em vista o disposto no Decreto nº 4.908, de 4 de dezembro de 2003, publicado no Diário Oficial da União de 5 de dezembro de 2003, considerando a competência que lhe foi delegada pela Portaria MF nº 326, de 12 de dezembro de 2003, publicada no Diário Oficial da União de 15 de dezembro de 2003, e considerando o exposto no Processo SEI nº 10134.100071/2017-04, resolve:</p><p>Nº 562 Dispensar, a pedido, FELICIANA PINTO DA SILVA, Agente Administrativo, matrícula SIAPE nº 1796998, da Função Comissionada Técnica, código FCT-10, da Subsecretaria do Regime de Previdência Complementar da Secretaria de Previdência.</p><p>Nº 563 Designar REGINA KARLA BORGES, Técnico de Contabilidade, matrícula SIAPE nº 1095058, para exercer a Função Comissionada Técnica, código FCT-10, da Subsecretaria do Regime de Previdência Complementar da Secretaria de Previdência.</p>]]></Texto>
    <Autores>
      <assina>FABRÍCIO MOURA MOREIRA</assina>
    </Autores>
  </body>
</article></xml>