﻿<xml><article id="962011" name="portarias 419 e 420-2017" idOficio="4625565" pubName="DO2" artType="Portaria" pubDate="02/01/2018" artClass="00025:00003:00000:00000:00000:00000:00000:00000:00000:00000:00025:00001" artSection="Ministério do Meio Ambiente" artCategory="Agência Nacional de Águas" artSize="8" artNotes="" numberPage="130" pdfPage="http://pesquisa.in.gov.br/imprensa/jsp/visualiza/index.jsp?data=02/01/2018&amp;jornal=529&amp;pagina=130" editionNumber="1">
  <body>
    <Identifica><![CDATA[PORTARIA Nº 419, DE 22 DE DEZEMBRO DE 2017.]]></Identifica>
    <Data><![CDATA[]]></Data>
    <Ementa />
    <Titulo />
    <SubTitulo />
    <Texto><![CDATA[<p> A DIRETORA-PRESIDENTE - SUBSTITUTA DA AGÊNCIA NACIONAL DE ÁGUAS - ANA, no uso da atribuição que lhe confere o art. 103, incisos III e VII, do Anexo I da Resolução nº 1934, de 30 de outubro de 2017, publicada no Diário Oficial da União de 1º de novembro de 2017, que aprovou o Regimento Interno da ANA, e tendo em vista o disposto no art. 35, inciso I, da Lei nº 8.112, de 11 de dezembro de 1990, resolve:</p><p>EXONERAR LENY  SIMONE  TAVARES MENDONÇA, do Cargo Comissionado  de  Coordenadora da Superintendência de Gestão da Rede Hidrometeorológica, Código CCT V.</p><p>A DIRETORA-PRESIDENTE - SUBSTITUTA DA AGÊNCIA NACIONAL DE ÁGUAS - ANA, no uso das atribuições que lhe confere o art. 103, incisos III e VII, do Anexo I da Resolução nº 1934, de 30 de outubro de 2017, que aprovou o Regimento Interno da ANA, e tendo em vista o disposto no art. 9º, inciso II, da Lei nº 8.112, de 11 de dezembro de 1990, resolve:</p><p>NOMEAR MATEUS MONTEIRO DE ABREU para exercer o Cargo Comissionado de Coordenador da Superintendência de Gestão da Rede Hidrometeorológica, Código CCT V, ficando exonerado do que atualmente ocupa.</p>]]></Texto>
    <Autores>
      <assina>GISELA DAMM FORATTINI.</assina>
      <assina>GISELA DAMM FORATTINI</assina>
    </Autores>
  </body>
</article></xml>