﻿<xml><article id="961806" name="PORTARIAS GR - GVR - 2017 - DOU_" idOficio="4623718" pubName="DO2" artType="Portaria" pubDate="02/01/2018" artClass="00011:00135:00000:00000:00000:00000:00000:00000:00000:00000:00025:00001" artSection="Ministério da Educação" artCategory="Universidade Federal de Santa Maria" artSize="8" artNotes="" numberPage="35" pdfPage="http://pesquisa.in.gov.br/imprensa/jsp/visualiza/index.jsp?data=02/01/2018&amp;jornal=529&amp;pagina=35" editionNumber="1">
  <body>
    <Identifica><![CDATA[PORTARIAS DE 26 DE DEZEMBRO DE 2017]]></Identifica>
    <Data><![CDATA[]]></Data>
    <Ementa />
    <Titulo />
    <SubTitulo />
    <Texto><![CDATA[<p> </p><p> O REITOR DA UNIVERSIDADE FEDERAL DE SANTA MARIA, no uso de suas atribuições legais e estatutárias, resolve:</p><p>Nº 87.267-EXONERAR Claudia Carmem Baggio, Matrícula SIAPE 1734816, ocupante do cargo de Bibliotecário-Documentalista, do Quadro Único de Pessoal da UFSM, do Cargo de Direção de Diretora da Biblioteca Central, Código CD4.17, para a qual foi nomeada pela Portaria N. 83.451, de 27/03/2017. (Memorando n. 166/2017)</p><p>Nº 87.268-NOMEAR Fernando Leipnitz, Matrícula SIAPE 1751724, ocupante do cargo de Bibliotecário-Documentalista, do Quadro Único de Pessoal da UFSM, para exercer o Cargo de Direção de Diretor da Biblioteca Central, Código CD4.17. (Memorando n. 166/2017)</p><p>II - Esta Portaria entra em vigor na data de sua publicação.</p><p> </p>]]></Texto>
    <Autores>
      <assina>PAULO AFONSO BURMANN.</assina>
    </Autores>
  </body>
</article></xml>