﻿<xml><article id="1115588" name="ATO TRT GP 678 2017 REMOVER GUIL" idOficio="4624337" pubName="DO2" artType="Ato" pubDate="15/01/2018" artClass="00037:00060:00000:00000:00000:00000:00000:00000:00000:00000:00001:00001" artSection="Poder Judiciário" artCategory="Tribunal Regional do Trabalho da 21ª Região" artSize="8" artNotes="" numberPage="53" pdfPage="http://pesquisa.in.gov.br/imprensa/jsp/visualiza/index.jsp?data=15/01/2018&amp;jornal=529&amp;pagina=53" editionNumber="10">
  <body>
    <Identifica><![CDATA[ATO Nº 678, DE 22 DE DEZEMBRO DE 2017]]></Identifica>
    <Data><![CDATA[]]></Data>
    <Ementa />
    <Titulo />
    <SubTitulo />
    <Texto><![CDATA[<p>   A PRESIDENTE DO TRIBUNAL REGIONAL DO TRABALHO DA 21ª REGIÃO, no uso de suas atribuições, e tendo em vista  o constante  no Processo TRT Nº 15.024/2017, na Resolução Administrativa Nº 062/2017, divulgada no Diário Eletrônico da Justiça do Trabalho, edição de 12 de dezembro de 2017, bem como no disposto na Resolução nº 32/2007, do Conselho Nacional de Justiça, e no art. 93, VIII - A, da Constituição Federal, resolve:</p><p>REMOVER GUILHERME MAYER AMIN, Juiz do Trabalho Substituto deste Tribunal Regional do Trabalho - 21ª Região, para idêntico cargo no Tribunal Regional do Trabalho - 9ª Região, mediante permuta com a Juíza do Trabalho Substituta ILINA MARIA JUREMA MARACAJÁ COUTINHO DE SÁ, do Quadro de Magistrados daquele Tribunal, com efeitos a contar de 15 de janeiro de 2018.</p>]]></Texto>
    <Autores>
      <assina>Des. AUXILIADORA RODRIGUES</assina>
    </Autores>
  </body>
</article></xml>