﻿<xml><article id="961953" name="Port SEI-INT 27-2017" idOficio="4624926" pubName="DO2" artType="Portaria" pubDate="02/01/2018" artClass="00008:00057:00000:00000:00000:00000:00000:00000:00000:00000:00025:00001" artSection="Ministério da Ciência, Tecnologia, Inovações e Comunicações" artCategory="Instituto Nacional de Tecnologia" artSize="8" artNotes="" numberPage="8" pdfPage="http://pesquisa.in.gov.br/imprensa/jsp/visualiza/index.jsp?data=02/01/2018&amp;jornal=529&amp;pagina=8" editionNumber="1">
  <body>
    <Identifica><![CDATA[PORTARIA Nº 27 SEI-INT, de 28 de dezembro de 2017]]></Identifica>
    <Data><![CDATA[]]></Data>
    <Ementa />
    <Titulo />
    <SubTitulo />
    <Texto><![CDATA[<p> O DIRETOR DO INSTITUTO NACIONAL DE TECNOLOGIA, no uso das atribuições, que lhe foram conferidas pela Delegação de Competência concedida pela Portaria MCT nº 407, de 29.06.2006, publicada no D.O.U. de 30.06.2006, e pelo Regimento Interno, aprovado pela Portaria MCTIC nº 5.152, de 14.11.2016, publicada no D.O.U. de 16.11.2016, ambas assinadas pelo Exmº Ministro de Estado de Ciência, Tecnologia, Inovações e Comunicações, resolve:</p><p>Art. 1º - Dispensar o servidor João Carlos da Silva, SIAPE 0662515, CPF nº 304.633.197-53, para substituir, em seus impedimentos legais, o Chefe da Divisão de Engenharia de Avaliações e de Produção - DIEAP, deste Instituto.</p><p>Art. 2º - Nomear o servidor Luiz Manoel Pereira Simões, SIAPE 0662521, CPF nº 633026597-68, para substituir, em seus impedimentos legais, o Chefe da Divisão de Engenharia de Avaliações e de Produção - DIEAP, deste Instituto.</p><p>Art. 3º - Esta Portaria entra em vigor na data da sua publicação.</p><p> </p>]]></Texto>
    <Autores>
      <assina>Fernando Cosme Rizzo Assunção</assina>
    </Autores>
  </body>
</article></xml>