﻿<xml><article id="966979" name="PORTARIA GPR 2730" idOficio="4625924" pubName="DO2" artType="Portaria" pubDate="02/01/2018" artClass="00037:00039:00002:00000:00000:00000:00000:00000:00000:00000:00025:00002" artSection="Presidência" artCategory="Presidência" artSize="8" artNotes="" numberPage="143" pdfPage="http://pesquisa.in.gov.br/imprensa/jsp/visualiza/index.jsp?data=02/01/2018&amp;jornal=529&amp;pagina=143" editionNumber="1">
  <body>
    <Identifica><![CDATA[PORTARIA nº 2.730, de 7 de dezembro de 2017]]></Identifica>
    <Data><![CDATA[]]></Data>
    <Ementa />
    <Titulo />
    <SubTitulo />
    <Texto><![CDATA[<p> </p><p> O PRESIDENTE DO TRIBUNAL DE JUSTIÇA DO DISTRITO FEDERAL E DOS TERRITÓRIOS, no uso de sua competência legal e tendo em vista o contido no PA N. 1001815/2017, resolve:</p><p>Art. 1º Exonerar CLAUDIA MARIA IZAIAS PITEL, matrícula N. 309.740, Analista Judiciário, Área Judiciária, do Quadro de Pessoal deste Tribunal, do Cargo em Comissão, CJ-02, de Assessor do Gabinete da Excelentíssima Senhora Desembargadora Nilsoni de Freitas Custódio.</p><p>Art. 2º Nomear a Bacharela em Direito CAROLINA FRANCA BARCELOS, matrícula N. 316.372, Técnico Judiciário, Área Administrativa, do Quadro de Pessoal deste Tribunal, para exercer o Cargo em Comissão, CJ-02, de Assessor de Desembargador do Gabinete da Excelentíssima Senhora Desembargadora Nilsoni de Freitas Custódio, ficando dispensada da Função Comissionada, FC-05, de Oficial de Gabinete do referido Gabinete.</p><p>Art. 3º Designar o Bacharel em Direito, RODRIGO DE CASTRO ANNES, matrícula N. 316.151, Analista Judiciário, Área Judiciária, do Quadro de Pessoal deste Tribunal, para exercer a Função Comissionada, FC-05, de Oficial de Gabinete, do Gabinete da Excelentíssima Senhora Desembargadora Nilsoni de Freitas Custódio, ficando dispensado da Função Comissionada, FC 04, de Assistente de Gabinete do referido Gabinete.</p><p>Art. 4º Dispensar CAROLINA FRANCA BARCELOS, matrícula N. 316.372, Técnico Judiciário, Área Administrativa, do Quadro de Pessoal deste Tribunal, da substituição do Cargo em Comissão, CJ-02, de Assessor de Desembargador do Gabinete da Excelentíssima Senhora Desembargadora Nilsoni de Freitas Custódio.</p><p>Art. 5º Esta Portaria entra em vigor na data de sua publicação.</p>]]></Texto>
    <Autores>
      <assina>Des. MARIO MACHADO</assina>
    </Autores>
  </body>
</article></xml>