﻿<xml><article id="1022112" name="Port. APO - 7831" idOficio="4626100" pubName="DO2" artType="Portaria" pubDate="08/01/2018" artClass="00011:00119:00001:00001:00000:00000:00000:00000:00000:00000:00025:00001" artSection="Gabinete" artCategory="Gabinete" artSize="8" artNotes="" numberPage="15" pdfPage="http://pesquisa.in.gov.br/imprensa/jsp/visualiza/index.jsp?data=08/01/2018&amp;jornal=529&amp;pagina=15" editionNumber="5">
  <body>
    <Identifica><![CDATA[PORTARIA Nº 7.831, DE 15 DE DEZEMBRO DE 2017]]></Identifica>
    <Data><![CDATA[]]></Data>
    <Ementa />
    <Titulo />
    <SubTitulo />
    <Texto><![CDATA[<p> O Reitor da Universidade Federal de Minas Gerais, no uso de suas atribuições, resolve:</p><p>Nos termos do art. 3º, da EC nº 47/2005, aposentar MARIA DE FÁTIMA MARQUES, inscrição UFMG nº 103888, matrícula SIAPE nº 0322832, ocupante do cargo de Assistente em Administração, Nível de Classificação D, Nível de Capacitação I, Padrão de Vencimento 16, lotada no Hospital das Clínicas, com proventos integrais, por ter provado contar 39 (trinta e nove) anos de contribuição.</p>]]></Texto>
    <Autores>
      <assina>JAIME ARTURO RAMÍREZ</assina>
    </Autores>
  </body>
</article></xml>