﻿<xml><article id="966982" name="PORTARIA GPR 2735" idOficio="4625924" pubName="DO2" artType="Portaria" pubDate="02/01/2018" artClass="00037:00039:00002:00000:00000:00000:00000:00000:00000:00000:00025:00003" artSection="Presidência" artCategory="Presidência" artSize="8" artNotes="" numberPage="143" pdfPage="http://pesquisa.in.gov.br/imprensa/jsp/visualiza/index.jsp?data=02/01/2018&amp;jornal=529&amp;pagina=143" editionNumber="1">
  <body>
    <Identifica><![CDATA[PORTARIA nº 2.735, de 7 de dezembro de 2017]]></Identifica>
    <Data><![CDATA[]]></Data>
    <Ementa />
    <Titulo />
    <SubTitulo />
    <Texto><![CDATA[<p> O PRESIDENTE DO TRIBUNAL DE JUSTIÇA DO DISTRITO FEDERAL E DOS TERRITÓRIOS, no uso de sua competência legal e tendo em vista o contido no PA N. 1001818/2017, resolve:</p><p>Art. 1º Designar LUSIEL FARIAS DE ARAUJO LIMA, matrícula N. 317.522, Técnico Judiciário, Área Administrativa, do Quadro de Pessoal deste Tribunal, para exercer a Função Comissionada, FC-03, de Assistente da Secretaria da Segunda Turma Criminal, ficando dispensado CARLOS MEDEIROS CORREA, matrícula N. 317.415, Técnico Judiciário, Área Administrativa, do Quadro de Pessoal deste Tribunal.</p><p>Art. 2º Esta Portaria entra em vigor na data de sua publicação.</p><p> </p>]]></Texto>
    <Autores>
      <assina>Desembargador MARIO MACHADO</assina>
    </Autores>
  </body>
</article></xml>