﻿<xml><article id="966214" name="Portaria de Pensão nº306 __publi" idOficio="4626279" pubName="DO2" artType="Portaria" pubDate="02/01/2018" artClass="00017:00002:00025:00011:00000:00000:00000:00000:00000:00000:00025:00001" artSection="Serviço de Gestão Administrativa" artCategory="Serviço de Gestão Administrativa" artSize="8" artNotes="" numberPage="118" pdfPage="http://pesquisa.in.gov.br/imprensa/jsp/visualiza/index.jsp?data=02/01/2018&amp;jornal=529&amp;pagina=118" editionNumber="1">
  <body>
    <Identifica><![CDATA[Portaria nº 306, de 29 de dezembro de 2017]]></Identifica>
    <Data><![CDATA[]]></Data>
    <Ementa />
    <Titulo />
    <SubTitulo />
    <Texto><![CDATA[<p> A Chefe do Serviço de Gestão Administrativa da Divisão de Gestão do Núcleo Estadual da Paraíba, no uso das atribuições que lhe confere a Portaria nº 2492/GM/MS, de 28/09/2017 publicada no D.O.U. nº 205, de 25/10/2017, Portaria nº 1.891 de 30/08/2013, publicada no D.O.U nº 169, de 02/09/2013 e a competência subdelegada pela Portaria nº 1.804/SE/SAA/MS, de 01/10/2013, publicada no D.O.U Nº 192 DE 03/10/2013, resolve:</p><p>Conceder Pensão por Morte a Tadeu Andrade, na qualidade de filho da ex-servidora MARIA EDJA DE ANDRADE, matrícula SIAPE 564537, aposentada no cargo de Agente Administrativo, NI, Classe "S", Padrão III, pertencente ao Quadro de Pessoal deste Ministério, com fundamento no artigo 217, inciso IV, alínea b da Lei nº 8.112/90 com redação dada pela Lei nº 13.135/2015, combinado com o artigo 40, § 7º, inciso I e § 8º da Constituição Federal de 05/10/88, com redação dada pela EC nº 41/2003, regulamentado pelo artigo 2º, inciso I, parágrafo único, da Lei nº 10.887/2004, cabendo ao beneficiário 100% (cem por cento) do valor do benefício, a partir de 11/11/2017, data do falecimento da ex-servidora (Processo nº 25018.401932/2017-64).</p>]]></Texto>
    <Autores>
      <assina>ANA PAULA PIRES FONSECA GUIMARÃES</assina>
    </Autores>
  </body>
</article></xml>