﻿<xml><article id="961776" name="PORTARIA Nº 741 - Ana Cristina A" idOficio="4623292" pubName="DO2" artType="Portaria" pubDate="02/01/2018" artClass="00009:00002:00000:00000:00000:00000:00000:00000:00000:00000:00025:00001" artSection="Ministério da Cultura" artCategory="Secretaria Executiva" artSize="8" artNotes="ok" numberPage="9" pdfPage="http://pesquisa.in.gov.br/imprensa/jsp/visualiza/index.jsp?data=02/01/2018&amp;jornal=529&amp;pagina=9" editionNumber="1">
  <body>
    <Identifica><![CDATA[PORTARIA Nº 741, DE 19 DE DEZEMBRO DE 2017]]></Identifica>
    <Data><![CDATA[]]></Data>
    <Ementa />
    <Titulo />
    <SubTitulo />
    <Texto><![CDATA[<p> A SECRETÁRIA-EXECUTIVA DO MINISTÉRIO DA CULTURA, no uso da competência que lhe foi delegada pela Portaria MinC nº 300, de 10 de outubro de 2016, e tendo em vista o Decreto nº 8.837, de 17 de agosto de 2016, resolve:</p><p>Nomear ANA CRISTINA ARARUNA MELO, para exercer o cargo de Coordenador-Geral de Leitura, Literatura e Economia do Livro, UORG 943, código DAS 101.4, do Departamento de Livro, Leitura, Literatura e Bibliotecas, da Secretaria da Cidadania e da Diversidade Cultural, ficando exonerada do cargo que atualmente ocupa.</p>]]></Texto>
    <Autores>
      <assina>MARIANA RIBAS DA SILVA</assina>
    </Autores>
  </body>
</article></xml>