﻿<xml><article id="961944" name="PORT_717_P" idOficio="4624851" pubName="DO2" artType="Portaria" pubDate="02/01/2018" artClass="00006:00004:00006:00001:00000:00000:00000:00000:00000:00000:00025:00001" artSection="Gabinete" artCategory="Gabinete" artSize="8" artNotes="" numberPage="1" pdfPage="http://pesquisa.in.gov.br/imprensa/jsp/visualiza/index.jsp?data=02/01/2018&amp;jornal=529&amp;pagina=1" editionNumber="1">
  <body>
    <Identifica><![CDATA[PORTARIA Nº 717, DE 27 DE DEZEMBRO DE 2017]]></Identifica>
    <Data><![CDATA[]]></Data>
    <Ementa />
    <Titulo />
    <SubTitulo />
    <Texto><![CDATA[<p> O PRESIDENTE DO INSTITUTO NACIONAL DE COLONIZAÇÃO E REFORMA AGRÁRIA - INCRA, Substituto, no uso das atribuições que lhe são conferidas pelo art. 21, da Estrutura Regimental deste Instituto, aprovada pelo Decreto n.º 8.955, de 11 de janeiro de 2017, publicado no Diário Oficial do dia 12 de janeiro de 2017, combinado com o art. 121 inciso VII, do Regimento Interno da Autarquia, aprovado pela Portaria/INCRA/P/Nº 49, de 31 de janeiro de 2017, publicada no Diário Oficial da União do dia seguinte, resolve:</p><p>Art. 1º Dispensar, a partir de 01 de janeiro de 2018, ROBERTO ALVES DE ALMEIDA, ocupante do cargo efetivo de Analista em Reforma e Desenvolvimento Agrário, matrícula SIAPE nº. 1313616, CPF nº. 287.743.021-91, da Função Comissionada do Poder Executivo, de Assistente Técnico, código FCPE-102.1, da Coordenação-Geral de Regularização de Territórios Quilombolas, da Diretoria de Ordenamento da Estrutura Fundiária, do Quadro de Pessoal deste Instituto.</p><p>Art. 2º Designar DANILO PIRES FARIAS, ocupante do cargo efetivo de Analista em Reforma e Desenvolvimento Agrário, matrícula SIAPE nº. 1616363, CPF nº. 721.926.071-72, para a Função Comissionada do Poder Executivo, de Assistente Técnico, código FCPE-102.1, da Coordenação-Geral de Regularização de Territórios Quilombolas, da Diretoria de Ordenamento da Estrutura Fundiária, do Quadro de Pessoal deste Instituto.</p><p>Art. 3º Esta Portaria entra em vigor na data de sua publicação.</p>]]></Texto>
    <Autores>
      <assina>FRANCISCO JOSE NASCIMENTO</assina>
    </Autores>
  </body>
</article></xml>