﻿<xml><article id="961827" name="194-R-2017__080634" idOficio="4623864" pubName="DO2" artType="Portaria" pubDate="02/01/2018" artClass="00011:00124:00001:00001:00000:00000:00000:00000:00000:00000:00025:00001" artSection="Gabinete do Reitor" artCategory="Gabinete do Reitor" artSize="8" artNotes="" numberPage="33" pdfPage="http://pesquisa.in.gov.br/imprensa/jsp/visualiza/index.jsp?data=02/01/2018&amp;jornal=529&amp;pagina=33" editionNumber="1">
  <body>
    <Identifica><![CDATA[PORTARIAS de 18 DE DEZEMBRO DE 2017]]></Identifica>
    <Data><![CDATA[]]></Data>
    <Ementa />
    <Titulo />
    <SubTitulo />
    <Texto><![CDATA[<p> </p><p> O REITOR DA UNIVERSIDADE FEDERAL DO PARANÁ, no uso de suas atribuições, resolve:</p><p>Nº 850 - Nomear o servidor ANDRÉ LUIZ TONSO FABIANI - 342720, ocupante do cargo de Professor, no regime de trabalho de dedicação exclusiva, para exercer a função gratificada de Chefe do Departamento de Hidráulica e Saneamento, FG-01, do Setor de Tecnologia, pelo período de 02 (dois) anos, a partir da data de publicação em DOU, de acordo com a Lei nº 9.527/97.</p><p>Nº 852 - Exonerar, a pedido, a partir de 01 de janeiro de 2018, o servidor CID DO ESPIRITO SANTO QUINTINO - 342640, do cargo de direção de Coordenador de Políticas de Avaliação Institucional de Ensino, CD-04, da Pró-Reitora de Graduação.</p><p> </p><p> A VICE-REITORA DA UNIVERSIDADE FEDERAL DO PARANÁ, NO EXERCÍCIO DO CARGO DE REITOR, no uso de suas atribuições, resolve:</p><p>Nº 863 - Exonerar, a pedido, a partir de 02 de janeiro de 2018, a servidora STEPHANIE DAHN BATISTA - 2449634, da função de Coordenadora do Curso de Artes Visuais, FCC - Função Comissionada de Coordenação de Curso, do Setor de Artes, Comunicação e Design.                          </p><p>Nº 864 - Nomear a servidora REGIANE REGINA RIBEIRO - 1815011, ocupante do cargo de Professora, no regime de trabalho de dedicação exclusiva, para exercer o cargo de Diretora do Setor de Artes, Comunicação e Design, CD-03, desta Universidade, com o mandato de 04 (quatro) anos, conforme o disposto na Lei nº 9.192/95, a partir da data de publicação em DOU, de acordo com a Lei nº 9.527/97.</p><p>Nº 865 - Nomear a servidora STEPHANIE DAHN BATISTA - 2449634, ocupante do cargo de Professora, no regime de trabalho de dedicação exclusiva, para exercer o cargo de Vice-Diretora do Setor de Artes, Comunicação e Design, CD-04, desta Universidade, com o mandato de 04 (quatro) anos, conforme o disposto na Lei nº 9.192/95, a partir da data de publicação em DOU, de acordo com a Lei nº 9.527/97.</p><p> </p>]]></Texto>
    <Autores>
      <assina>RICARDO MARCELO FONSECA</assina>
      <assina>GRACIELA INES BOLZON DE MUNIZ</assina>
    </Autores>
  </body>
</article></xml>