﻿<xml><article id="963844" name="Portaria 2401" idOficio="4625966" pubName="DO2" artType="Portaria" pubDate="02/01/2018" artClass="00011:00057:00001:00006:00000:00000:00000:00000:00000:00000:00025:00001" artSection="Gabinete" artCategory="Gabinete" artSize="8" artNotes="" numberPage="19" pdfPage="http://pesquisa.in.gov.br/imprensa/jsp/visualiza/index.jsp?data=02/01/2018&amp;jornal=529&amp;pagina=19" editionNumber="1">
  <body>
    <Identifica><![CDATA[PORTARIA Nº 2.401, DE 29 DE DEZEMBRO DE 2017]]></Identifica>
    <Data><![CDATA[]]></Data>
    <Ementa />
    <Titulo />
    <SubTitulo />
    <Texto><![CDATA[<p> O REITOR DO INSTITUTO FEDERAL DE EDUCAÇÃO, CIÊNCIA E TECNOLOGIA BAIANO, no uso das suas atribuições delegadas pelo Decreto de 13/03/2014, publicado no D.O.U. de 14/03/2014, Seção 2, página 1, resolve:</p><p>  Designar a servidora MARIA SOARES CUNHA, Matrícula SIAPE nº 1890625, Assistente em Administração, para exercer o cargo de Diretora Acadêmica substituta, Código CD-03, no período de 02/01 a 02/02/2018, Campus Teixeira de Freitas.</p>]]></Texto>
    <Autores>
      <assina>GEOVANE BARBOSA DO NASCIMENTO</assina>
    </Autores>
  </body>
</article></xml>