﻿<xml><article id="968040" name="DG-2140-17" idOficio="4626111" pubName="DO2" artType="Portaria" pubDate="02/01/2018" artClass="00033:00008:00001:00004:00000:00000:00000:00000:00000:00000:00025:00007" artSection="Diretoria-Geral" artCategory="Diretoria-Geral" artSize="8" artNotes="" numberPage="139" pdfPage="http://pesquisa.in.gov.br/imprensa/jsp/visualiza/index.jsp?data=02/01/2018&amp;jornal=529&amp;pagina=139" editionNumber="1">
  <body>
    <Identifica><![CDATA[RETIFICAÇÃO]]></Identifica>
    <Data><![CDATA[]]></Data>
    <Ementa />
    <Titulo />
    <SubTitulo />
    <Texto><![CDATA[<p> No artigo 1º da Portaria MPT/DG nº 2.140, de 11 de dezembro de 2017, publicada no DOU nº 238, de 13 de dezembro de 2017, Seção 2, ONDE SE LÊ: Procuradoria Regional da 3ª Região/MG. LEIA-SE: Procuradoria Regional do Trabalho da 3ª Região/MG.</p><p>ONDE SE LÊ: Procuradoria Regional do Trabalho da 14ª Região/MG. LEIA-SE: Procuradoria Regional do Trabalho da 3ª Região/MG.  </p>]]></Texto>
    <Autores />
  </body>
</article></xml>