﻿<xml><article id="961913" name="Portarias -2 janeiro" idOficio="4624533" pubName="DO2" artType="Portaria" pubDate="02/01/2018" artClass="00007:00003:00064:00000:00000:00000:00000:00000:00000:00000:00025:00001" artSection="Superintendência Federal no Estado de Minas Gerais" artCategory="Superintendência Federal no Estado de Minas Gerais" artSize="8" artNotes="" numberPage="5" pdfPage="http://pesquisa.in.gov.br/imprensa/jsp/visualiza/index.jsp?data=02/01/2018&amp;jornal=529&amp;pagina=5" editionNumber="1">
  <body>
    <Identifica><![CDATA[PORTARIAS DE 27 DE DEZEMBRO DE 2017]]></Identifica>
    <Data><![CDATA[]]></Data>
    <Ementa />
    <Titulo />
    <SubTitulo />
    <Texto><![CDATA[<p> </p><p> O Superintendente Federal de Agricultura, Pecuária e Abastecimento em Minas Gerais-Substituto, no uso das atribuições que lhe confere o inciso XVIII, artigo 44, do Regimento Interno das Superintendências Federais de Agricultura, Pecuária e Abastecimento, aprovado pela Portaria Ministerial nº 428, de 09/06/2010, publicada no Diário Oficial da União de 14/06/2010, resolve:</p><p>Nº 3.088 - Conceder aposentadoria voluntária com proventos integrais ao servidor DJALMY LAZARO DE SOUZA, ocupante do cargo de Agente de Inspeção Sanitária e Industrial de Produtos de Origem Animal, código NI-104001, classe S, padrão IV, do Quadro de Pessoal deste Ministério, com fundamento no artigo 3º da EC. 47/2005. (Processo: 21028.011836/2017-58). </p><p>Nº 3.089 - Conceder aposentadoria voluntária com proventos integrais ao servidor JOÃO ARAUJO DA CUNHA, ocupante do cargo de Agente de Inspeção Sanitária e Industrial de Produtos de Origem Animal, código NI-104001, classe S, padrão IV, do Quadro de Pessoal deste Ministério, com fundamento no artigo 3º da EC. 47/2005. (Processo: 21028.012981/2017-56).  </p>]]></Texto>
    <Autores>
      <assina>JOSE RAIMUNDO DE BARROS</assina>
    </Autores>
  </body>
</article></xml>