﻿<xml><article id="963501" name="FNDE1_DESPACHOS DO PRESIDENTE 28" idOficio="4625886" pubName="DO2" artType="Despacho" pubDate="02/01/2018" artClass="00011:00046:00000:00000:00000:00000:00000:00000:00000:00000:00000:00004" artSection="Gabinete" artCategory="Gabinete" artSize="8" artNotes="" numberPage="17" pdfPage="http://pesquisa.in.gov.br/imprensa/jsp/visualiza/index.jsp?data=02/01/2018&amp;jornal=529&amp;pagina=17" editionNumber="1">
  <body>
    <Identifica><![CDATA[DESPACHO DE 27 de dezembro de 2017]]></Identifica>
    <Data><![CDATA[]]></Data>
    <Ementa />
    <Titulo />
    <SubTitulo />
    <Texto><![CDATA[<p> O PRESIDENTE DO FUNDO NACIONAL DE DESENVOLVIMENTO DA EDUCAÇÃO-FNDE, no uso da competência que lhe foi subdelegada pela Portaria de nº 1.578 de 22.12.2017, autoriza o afastamento do País dos seguintes servidores:</p><p>HENRIQUE DO MONTE RODRIGUES, Especialista em Financiamento e Execução de Programas e Projetos Educacionais do Fundo Nacional de Desenvolvimento da Educação - FNDE, de 03.02.2018 a 07.05.2018, trânsito incluso, para participar do curso de capacitação na Fondation Robert de Sorbon, no exterior, em Paris - França, com ônus limitado, processo nº 23034.053759/2017-50.</p><p>SAMELLA MICHELLY FREITAS RUSSO, Especialista em Financiamento e Execução de Programas e Projetos Educacionais do Fundo Nacional de Desenvolvimento da Educação (FNDE), de 30.03.2018 a 03.04.2019, trânsito incluso, para participar no Programa de Pós-Graduação Stricto Sensu, Doutorado Sanduíche no exterior, em Köln e Göttingen - Alemanha com ônus limitado, processo nº 23034.021796/2017-07.</p>]]></Texto>
    <Autores>
      <assina>SILVIO DE SOUSA PINHEIRO</assina>
    </Autores>
  </body>
</article></xml>