﻿<xml><article id="1205417" name="PortariaGP1242_2017" idOficio="4625751" pubName="DO2" artType="Portaria" pubDate="22/01/2018" artClass="00037:00055:00000:00000:00000:00000:00000:00000:00000:00000:00025:00001" artSection="Poder Judiciário" artCategory="Tribunal Regional do Trabalho da 16ª Região" artSize="8" artNotes="" numberPage="55" pdfPage="http://pesquisa.in.gov.br/imprensa/jsp/visualiza/index.jsp?data=22/01/2018&amp;jornal=529&amp;pagina=55" editionNumber="15">
  <body>
    <Identifica><![CDATA[PORTARIA Nº 1.242, de 27 de dezembro de 2017]]></Identifica>
    <Data><![CDATA[]]></Data>
    <Ementa />
    <Titulo />
    <SubTitulo />
    <Texto><![CDATA[<p> O DESEMBARGADOR PRESIDENTE DO TRIBUNAL REGIONAL DO TRABALHO DA 16ª REGIÃO, no uso de suas atribuições legais e regimentais, tendo em vista o constante no PA nº 8563/2017, resolve: 1-Remover, a pedido, a servidora Isabela Dias Andrade, Técnico Judiciário - Área Administrativa, do Quadro Permanente de Pessoal deste Tribunal, mediante permuta com a servidora Joyce Kell de Amorim Veloso, Analista Judiciário - Área Judiciária, do Quadro Permanente de Pessoal do TRT da 22ª Região, concedendo-lhe  15 (quinze) dias de trânsito.  2-Lotar a servidora Joyce Kell de Amorim Veloso na 4ª Vara do Trabalho de São Luís/MA. 3-Esta Portaria produzirá efeitos a contar de 22/1/2018. Dê-se ciência. Publique-se no Diário Oficial da União e disponibilize-se no site do Tribunal.</p>]]></Texto>
    <Autores>
      <assina>James Magno Araújo Farias</assina>
    </Autores>
  </body>
</article></xml>