﻿<xml><article id="961873" name="PRFB6162a6404" idOficio="4624147" pubName="DO2" artType="Portaria" pubDate="02/01/2018" artClass="00012:00055:00000:00000:00000:00000:00000:00000:00000:00000:00025:00020" artSection="Ministério da Fazenda" artCategory="Secretaria da Receita Federal do Brasil" artSize="8" artNotes="" numberPage="97-98-99-100-101-108" pdfPage="http://pesquisa.in.gov.br/imprensa/jsp/visualiza/index.jsp?data=02/01/2018&amp;jornal=529&amp;pagina=97,http://pesquisa.in.gov.br/imprensa/jsp/visualiza/index.jsp?data=02/01/2018&amp;jornal=529&amp;pagina=98,http://pesquisa.in.gov.br/imprensa/jsp/visualiza/index.jsp?data=02/01/2018&amp;jornal=529&amp;pagina=99,http://pesquisa.in.gov.br/imprensa/jsp/visualiza/index.jsp?data=02/01/2018&amp;jornal=529&amp;pagina=100,http://pesquisa.in.gov.br/imprensa/jsp/visualiza/index.jsp?data=02/01/2018&amp;jornal=529&amp;pagina=101,http://pesquisa.in.gov.br/imprensa/jsp/visualiza/index.jsp?data=02/01/2018&amp;jornal=529&amp;pagina=108" editionNumber="1">
  <body>
    <Identifica><![CDATA[PORTARIAS DE 27 DE DEZEMBRO DE 2017]]></Identifica>
    <Data><![CDATA[]]></Data>
    <Ementa />
    <Titulo />
    <SubTitulo />
    <Texto><![CDATA[<p> O SECRETÁRIO DA RECEITA FEDERAL DO BRASIL, no uso das competências que lhe foram delegada e subdelegada, respectivamente, pelas Portarias MF nºs 392 e 393, de 14 de julho de 2009, alteradas pela Portaria MF nº 100, de 28 de março de 2017, resolve:</p><p>Nº 6.162 Designar a Auditora-Fiscal da Receita Federal do Brasil HELEN RUTE SOBEZAK KUCEKI, matrícula SiapeCad nº 01221365, para exercer a Função Gratificada de Chefe da Seção de Planejamento, Avaliação e Controle - Sapav da Superintendência Regional da Receita Federal do Brasil da 9ª Região Fiscal (PR), Código FG-1.</p><p>Nº 6.163 Designar o Analista-Tributário da Receita Federal do Brasil VALDOMIRO ANTONIO BORGES DA SILVA, matrícula SiapeCad nº 00001700, para exercer o encargo de Substituto Eventual do Chefe da Divisão de Interação com o Cidadão - Divic da Superintendência Regional da Receita Federal do Brasil da 9ª Região Fiscal (PR), Código FCPE-101.2.</p><p>Nº 6.164 Designar o Auditor-Fiscal da Receita Federal do Brasil HENRIQUE FONTOURA, matrícula SiapeCad nº 01221341, para exercer a Função Comissionada do Poder Executivo de Chefe do Serviço de Fiscalização dos Maiores Contribuintes - Sefim da Superintendência Regional da Receita Federal do Brasil da 9ª Região Fiscal (PR), Código FCPE-101.1.</p><p>Nº 6.165 Designar o Auditor-Fiscal da Receita Federal do Brasil WALTER LUIZ JUNIOR, matrícula SiapeCad nº 01293278, para exercer a Função Comissionada do Poder Executivo de Chefe do Serviço Regional de Programação, Avaliação e Controle da Atividade Fiscal - Sepac da Superintendência Regional da Receita Federal do Brasil da 9ª Região Fiscal (PR), Código FCPE-101.1.</p><p>Nº 6.166 Designar o Auditor-Fiscal da Receita Federal do Brasil KLEBER GIL ZECA, matrícula SiapeCad nº 00001733, para exercer o encargo de Substituto Eventual do Chefe do Serviço Regional de Programação, Avaliação e Controle da Atividade Fiscal - Sepac da Superintendência Regional da Receita Federal do Brasil da 9ª Região Fiscal (PR), Código FCPE-101.1.</p><p>Nº 6.167 Designar o Analista-Tributário da Receita Federal do Brasil VALDOMIRO ANTONIO BORGES DA SILVA, matrícula SiapeCad nº 00001700, para exercer a Função Gratificada de Chefe da Equipe de Atendimento ao Contribuinte - EAT da Superintendência Regional da Receita Federal do Brasil da 9ª Região Fiscal (PR), Código FG-1.</p><p>Nº 6.168 Designar o Auditor-Fiscal da Receita Federal do Brasil ANDRE FERREIRA DOS SANTOS, matrícula SiapeCad nº 01292291, para exercer a Função Comissionada do Poder Executivo de Chefe da Divisão de Vigilância e Repressão ao Contrabando e Descaminho - Direp da Superintendência Regional da Receita Federal do Brasil da 9ª Região Fiscal (PR), Código FCPE-101.2.</p><p>Nº 6.169 Designar o Auditor-Fiscal da Receita Federal do Brasil PAULO ROBERTO UBIALLI BEZERRA, matrícula SiapeCad nº 00065339, para exercer o encargo de Substituto Eventual do Chefe da Divisão de Vigilância e Repressão ao Contrabando e Descaminho - Direp da Superintendência Regional da Receita Federal do Brasil da 9ª Região Fiscal (PR), Código FCPE-101.2.</p><p>Nº 6.170 Designar o Auditor-Fiscal da Receita Federal do Brasil PAULO ROBERTO UBIALLI BEZERRA, matrícula SiapeCad nº 00065339, para exercer a Função Gratificada de Chefe da Seção de Operações de Vigilância e Repressão ao Contrabando e Descaminho - Saope da Superintendência Regional da Receita Federal do Brasil da 9ª Região Fiscal (PR), Código FG-1.</p><p>Nº 6.171 Designar o Auditor-Fiscal da Receita Federal do Brasil PAULO DE RAMOS, matrícula SiapeCad nº 00001583, para exercer a Função Comissionada do Poder Executivo de Chefe do Serviço de Programação e Logística - Sepol da Superintendência Regional da Receita Federal do Brasil da 9ª Região Fiscal (PR), Código FCPE-101.1.</p><p>Nº 6.172 Designar a Analista-Tributário da Receita Federal do Brasil MARIA STELLA PAUL CARNEIRO, matrícula SiapeCad nº 01293897, para exercer o encargo de Substituto Eventual do Chefe do Serviço de Programação e Logística - Sepol da Superintendência Regional da Receita Federal do Brasil da 9ª Região Fiscal (PR), Código FCPE-101.1.</p><p>Nº 6.173 Designar a Analista-Tributário da Receita Federal do Brasil SIGRID HAGER STRAMBI, matrícula SiapeCad nº 01213916, para exercer a Função Gratificada de Chefe da Seção de Licitações - Salic da Superintendência Regional da Receita Federal do Brasil da 9ª Região Fiscal (PR), Código FG-1.</p><p>Nº 6.174 Designar o Analista-Tributário da Receita Federal do Brasil MARIO LUIZ FERREIRA DO NASCIMENTO, matrícula SiapeCad nº 00001242, para exercer a Função Gratificada de Chefe da Seção de Contratos - Sacon da Superintendência Regional da Receita Federal do Brasil da 9ª Região Fiscal (PR), Código FG-1.</p><p>Nº 6.175 Designar o Auditor-Fiscal da Receita Federal do Brasil ALEXANDRE ANDRADE DE QUEIROZ, matrícula SiapeCad nº 01220619, para exercer a Função Gratificada de Assistente da Superintendência Regional da Receita Federal do Brasil da 9ª Região Fiscal (PR), Código FG-2.</p><p>Nº 6.176 Designar a Analista-Tributário da Receita Federal do Brasil MARIA STELLA PAUL CARNEIRO, matrícula SiapeCad nº 01293897, para exercer a Função Gratificada de Chefe da Seção de Orçamento e Finanças - Saofi da Superintendência Regional da Receita Federal do Brasil da 9ª Região Fiscal (PR), Código FG-1.</p><p>Nº 6.177 Designar a Auditora-Fiscal da Receita Federal do Brasil IARA BETY GULKA, matrícula SiapeCad nº 00881071, para exercer a Função Gratificada de Assistente da Superintendência Regional da Receita Federal do Brasil da 9ª Região Fiscal (PR), Código FG-3.</p><p>Nº 6.178 Designar o Analista-Tributário da Receita Federal do Brasil MARZALEM ALVES DE LIMA, matrícula SiapeCad nº 01294488, para exercer a Função Gratificada de Chefe do Núcleo de Contabilidade - Nutab da Superintendência Regional da Receita Federal do Brasil da 9ª Região Fiscal (PR), Código FG-3.</p><p>Nº 6.179 Designar o Auditor-Fiscal da Receita Federal do Brasil MARIO EDUARDO MARIOZI, matrícula SiapeCad nº 01239342, para exercer a Função Gratificada de Assistente da Superintendência Regional da Receita Federal do Brasil da 9ª Região Fiscal (PR), Código FG-3.</p><p>Nº 6.180 Designar o Analista-Tributário da Receita Federal do Brasil JOAO LUIS DE SOUZA, matrícula SiapeCad nº 00001341, para exercer a Função Comissionada do Poder Executivo de Chefe do Serviço de Mercadorias Apreendidas - Semap da Superintendência Regional da Receita Federal do Brasil da 9ª Região Fiscal (PR), Código FCPE-101.1.</p><p>Nº 6.181 Designar o Analista-Tributário da Receita Federal do Brasil JACIR PELLEGRINI JUNIOR, matrícula SiapeCad nº 01214551, para exercer o encargo de Substituto Eventual do Chefe do Serviço de Mercadorias Apreendidas - Semap da Superintendência Regional da Receita Federal do Brasil da 9ª Região Fiscal (PR), Código FCPE-101.1.</p><p>Nº 6.182 Designar o Auditor-Fiscal da Receita Federal do Brasil CARLOS ALBERTO VALLE EVANGELISTA JUNIOR, matrícula SiapeCad nº 00000731, para exercer a Função Comissionada do Poder Executivo de Chefe da Divisão de Tecnologia e Segurança da Informação - Ditec da Superintendência Regional da Receita Federal do Brasil da 9ª Região Fiscal (PR), Código FCPE-101.2.</p><p>Nº 6.183 Designar o Auditor-Fiscal da Receita Federal do Brasil HELIO MIKIO KATAOKA, matrícula SiapeCad nº 00001811, para exercer o encargo de Substituto Eventual do Chefe da Divisão de Tecnologia e Segurança da Informação - Ditec da Superintendência Regional da Receita Federal do Brasil da 9ª Região Fiscal (PR), Código FCPE-101.2.</p><p>Nº 6.184 Designar o Auditor-Fiscal da Receita Federal do Brasil HELIO MIKIO KATAOKA, matrícula SiapeCad nº 00001811, para exercer a Função Comissionada do Poder Executivo de Chefe do Serviço de Tecnologia e Segurança da Informação - Setec da Superintendência Regional da Receita Federal do Brasil da 9ª Região Fiscal (PR), Código FCPE-101.1.</p><p>Nº 6.185 Chefe do Serviço de Tecnologia e Segurança da Informação - Setec da Superintendência Regional da Receita Federal do Brasil da 9ª Região Fiscal (PR), Código FCPE-101.1.</p><p>Nº 6.186 Designar o Analista-Tributário da Receita Federal do Brasil REGINALDO DE LIMA OLIVEIRA, matrícula SiapeCad nº 01293696, para exercer a Função Gratificada de Chefe da Seção de Gestão de Serviços - Sages da Superintendência Regional da Receita Federal do Brasil da 9ª Região Fiscal (PR), Código FG-1.</p><p>Nº 6.187 Designar o Auditor-Fiscal da Receita Federal do Brasil ELIAS NASCIMENTO, matrícula SiapeCad nº 01272537, para exercer a Função Gratificada de Chefe da Seção de Gestão Regional do Ambiente Informatizado - Sainf da Superintendência Regional da Receita Federal do Brasil da 9ª Região Fiscal (PR), Código FG-1.</p><p>Nº 6.188 Designar o Auditor-Fiscal da Receita Federal do Brasil ODINEI FRANCO LISBOA, matrícula SiapeCad nº 01303250, para exercer a Função Gratificada de Chefe da Seção de Gestão Regional de Segurança da Informação - Saseg da Superintendência Regional da Receita Federal do Brasil da 9ª Região Fiscal (PR), Código FG-1.</p><p>Nº 6.189 Designar o Analista-Tributário da Receita Federal do Brasil WILSON RECH, matrícula SiapeCad nº 00001608, para exercer a Função Gratificada de Chefe da Seção de Cadastramento Regional - Sacti da Superintendência Regional da Receita Federal do Brasil da 9ª Região Fiscal (PR), Código FG-1.</p><p>Nº 6.190 Designar a Analista-Tributário da Receita Federal do Brasil ADRIANA MAISETE CORREA CARACAS, matrícula SiapeCad nº 01294610, para exercer a Função Comissionada do Poder Executivo de Chefe do Serviço de Gestão de Pessoas - Segep da Superintendência Regional da Receita Federal do Brasil da 9ª Região Fiscal (PR), Código FCPE-101.1.</p><p>Nº 6.191 Designar a Analista-Tributário da Receita Federal do Brasil SILVIA FUGIKAWA ABE, matrícula SiapeCad nº 01292595, para exercer o encargo de Substituto Eventual do Chefe do Serviço de Gestão de Pessoas - Segep da Superintendência Regional da Receita Federal do Brasil da 9ª Região Fiscal (PR), Código FCPE-101.1.</p><p>Nº 6.192 Designar o Analista-Tributário da Receita Federal do Brasil ALBERTO DE OLIVEIRA SIMOES, matrícula SiapeCad nº 00091490, para exercer a Função Gratificada de Chefe da Seção de Administração de Pessoas - Saape da Superintendência Regional da Receita Federal do Brasil da 9ª Região Fiscal (PR), Código FG-1.</p><p>Nº 6.193 Designar a Analista-Tributário da Receita Federal do Brasil FRANCIELE CRISTINE MIELKE, matrícula SiapeCad nº 01294608, para exercer a Função Gratificada de Chefe da Seção de Pagamento de Pessoal - Sapag da Superintendência Regional da Receita Federal do Brasil da 9ª Região Fiscal (PR), Código FG-1.</p><p>Nº 6.194 Designar a Analista-Tributário da Receita Federal do Brasil CARLA CRISTINA NODARI, matrícula SiapeCad nº 01293157, para exercer a Função Gratificada de Chefe da Seção de Desenvolvimento, Capacitação e Gestão de Desempenho - Sadec da Superintendência Regional da Receita Federal do Brasil da 9ª Região Fiscal (PR), Código FG-1.</p><p>Nº 6.195 Designar a Analista-Tributário da Receita Federal do Brasil SILVIA FUGIKAWA ABE, matrícula SiapeCad nº 01292595, para exercer a Função Gratificada de Chefe da Seção de Legislação de Pessoal - Salep da Superintendência Regional da Receita Federal do Brasil da 9ª Região Fiscal (PR), Código FG-1.</p><p>Nº 6.196 Designar o Auditor-Fiscal da Receita Federal do Brasil KLEBER GIL ZECA, matrícula SiapeCad nº 00001733, para exercer a Função Gratificada de Chefe da Equipe de Programação, Avaliação e Controle da Atividade Fiscal 1 - Eqpac1 da Superintendência Regional da Receita Federal do Brasil da 9ª Região Fiscal (PR), Código FG-1.</p><p>Nº 6.197 Designar o Auditor-Fiscal da Receita Federal do Brasil EDSON MASSAYOSHI AIZONA, matrícula SiapeCad nº 01131075, para exercer a Função Gratificada de Chefe da Equipe de Programação, Avaliação e Controle da Atividade Fiscal 2 - Eqpac2 da Superintendência Regional da Receita Federal do Brasil da 9ª Região Fiscal (PR), Código FG-1.</p><p>Nº 6.198 Designar o Auditor-Fiscal da Receita Federal do Brasil EDERLEI NORBERTO MAJOLO, matrícula SiapeCad nº 02006410, para exercer a Função Gratificada de Chefe da Equipe de Programação, Avaliação e Controle da Atividade Fiscal 3 - Eqpac3 da Superintendência Regional da Receita Federal do Brasil da 9ª Região Fiscal (PR), Código FG-1.</p><p>Nº 6.199 Designar a Auditora-Fiscal da Receita Federal do Brasil JULIANA CHRISTINA SIMAS DE MACEDO, matrícula SiapeCad nº 01293938, para exercer a Função Gratificada de Chefe da Equipe Aduaneira 1 - EAD1 da Superintendência Regional da Receita Federal do Brasil da 9ª Região Fiscal (PR), Código FG-1.</p><p>Nº 6.200 Designar o Analista-Tributário da Receita Federal do Brasil CLAUDIO ERNESTO LEMOS, matrícula SiapeCad nº 00001832, para exercer a Função Gratificada de Chefe da Equipe de Vigilância e Repressão 1 - EVR1 da Superintendência Regional da Receita Federal do Brasil da 9ª Região Fiscal (PR), Código FG-1.</p><p>Nº 6.201 Designar o Analista-Tributário da Receita Federal do Brasil JOAO GILMAR GUNTZEL, matrícula SiapeCad nº 01130620, para exercer a Função Comissionada do Poder Executivo de Chefe do Serviço de Gestão Corporativa - Secor da Delegacia da Receita Federal do Brasil em Curitiba (PR), Código FCPE-101.1.</p><p>Nº 6.202 Designar o Analista-Tributário da Receita Federal do Brasil BENVINDO JOSE FERREIRA JUNIOR, matrícula SiapeCad nº 00001942, para exercer o encargo de Substituto Eventual do Chefe do Serviço de Gestão Corporativa - Secor da Delegacia da Receita Federal do Brasil em Curitiba (PR), Código FCPE-101.1.</p><p>Nº 6.203 Designar o Analista-Tributário da Receita Federal do Brasil CICERO JORGE DE ANDRADE, matrícula SiapeCad nº 00056776, para exercer a Função Comissionada do Poder Executivo de Chefe do Centro de Atendimento ao Contribuinte - Chefe do Centro - CAC-Centro/CTACT da Delegacia da Receita Federal do Brasil em Curitiba (PR), Código FCPE-101.1.</p><p>Nº 6.204 Designar a Analista-Tributário da Receita Federal do Brasil ANDREIA CHERPINSKI DE LA CRUZ, matrícula SiapeCad nº 01293842, para exercer a Função Comissionada do Poder Executivo de Chefe do Centro de Atendimento ao Contribuinte - CAC/Parcelamento da Delegacia da Receita Federal do Brasil em Curitiba (PR), Código FCPE-101.1.</p><p>Nº 6.205 Designar a Técnico do Seguro Social JULIANA SARETTA DE OLIVEIRA, matrícula SiapeCad nº 01198602, para exercer o encargo de Substituto Eventual do Chefe do Centro de Atendimento ao Contribuinte - CAC/Parcelamento da Delegacia da Receita Federal do Brasil em Curitiba (PR), Código FCPE-101.1.</p><p>Nº 6.206 Designar a Técnico do Seguro Social ELENICE CRISTINA DO ROSSIO ESPIRITO SANTO BECKER, matrícula SiapeCad nº 00835761, para exercer a Função Gratificada de Assistente da Delegacia da Receita Federal do Brasil em Curitiba (PR), Código FG-1.</p><p>Nº 6.207 Designar o Auditor-Fiscal da Receita Federal do Brasil JOAO ELIO GRACIOLLI, matrícula SiapeCad nº 00836050, para exercer a Função Gratificada de Chefe da Equipe de Informação Fiscal 1 - EIF1 da Delegacia da Receita Federal do Brasil em Curitiba (PR), Código FG-1.</p><p>Nº 6.208 Designar a Analista-Tributário da Receita Federal do Brasil TALITA CRUZ MALASSISE REIS, matrícula SiapeCad nº 01214281, para exercer a Função Gratificada de Chefe da Equipe de Logística 1 - ELG1 da Delegacia da Receita Federal do Brasil em Curitiba (PR), Código FG-1.</p><p>Nº 6.209 Designar o Analista-Tributário da Receita Federal do Brasil BENVINDO JOSE FERREIRA JUNIOR, matrícula SiapeCad nº 00001942, para exercer a Função Gratificada de Chefe da Equipe de Tecnologia e Segurança da Informação 1 - ETI1 da Delegacia da Receita Federal do Brasil em Curitiba (PR), Código FG-3.</p><p>Nº 6.210 Designar a Analista-Tributário da Receita Federal do Brasil MARCIA SERKES, matrícula SiapeCad nº 00057633, para exercer a Função Gratificada de Chefe da Equipe de Gestão de Pessoas 1 - EGP1 da Delegacia da Receita Federal do Brasil em Curitiba (PR), Código FG-3.</p><p>Nº 6.211 Designar o Assistente Técnico-Administrativo DANIEL FRANCISCO PEDROSO DOS SANTOS, matrícula SiapeCad nº 01490666, para exercer a Função Gratificada de Chefe da Equipe de Atendimento ao Contribuinte - EAT/2 da Agência da Receita Federal do Brasil em Colombo (PR), jurisdição da Delegacia da Receita Federal do Brasil em Curitiba (PR), Código FG-3.</p><p>Nº 6.212 Designar o Analista-Tributário da Receita Federal do Brasil SERGIO AKIRA ABE, matrícula SiapeCad nº 00057701, para exercer a Função Gratificada de Chefe da Seção de Tecnologia e Segurança da Informação - Satec da Delegacia da Receita Federal do Brasil em Londrina (PR), Código FG-1.</p><p>Nº 6.213 Designar a Auditora-Fiscal da Receita Federal do Brasil ELISABETH VIEIRA BARBOSA, matrícula SiapeCad nº 00835427, para exercer a Função Gratificada de Chefe da Equipe de Fiscalização 4 - EFI4 da Delegacia da Receita Federal do Brasil em Londrina (PR), Código FG-2.</p><p>Nº 6.214 Designar o Auditor-Fiscal da Receita Federal do Brasil EVANDRO PAGLIA, matrícula SiapeCad nº 01171612, para exercer a Função Gratificada de Chefe da Seção de Vigilância e Repressão ao Contrabando e Descaminho - Sarep da Delegacia da Receita Federal do Brasil em Cascavel (PR), Código FG-1.</p><p>Nº 6.215 Designar o Analista-Tributário da Receita Federal do Brasil FRANCISCO SERGIO SAMBATTI, matrícula SiapeCad nº 01303134, para exercer a Função Gratificada de Chefe da Seção de Tecnologia e Segurança da Informação - Satec da Delegacia da Receita Federal do Brasil em Cascavel (PR), Código FG-1.</p><p>Nº 6.216 Designar o Analista-Tributário da Receita Federal do Brasil VINICIUS BARROZO MEIRELES, matrícula SiapeCad nº 01517165, para exercer a Função Gratificada de Chefe da Equipe de Atendimento ao Contribuinte - EAT/2 da Delegacia da Receita Federal do Brasil em Cascavel (PR), Código FG-2.</p><p>Nº 6.217 Designar o Auditor-Fiscal da Receita Federal do Brasil LUIZ ALBERTO SAUER, matrícula SiapeCad nº 00001117, para exercer a Função Gratificada de Chefe da Equipe de Fiscalização 3 - EFI3 da Delegacia da Receita Federal do Brasil em Cascavel (PR), Código FG-2.</p><p>Nº 6.218 Designar o Analista-Tributário da Receita Federal do Brasil LINDEMBERG CESAR SIMIONATO, matrícula SiapeCad nº 01185470, para exercer a Função Gratificada de Chefe da Equipe de Mercadorias Apreendidas 1 - EMA1 da Delegacia da Receita Federal do Brasil em Cascavel (PR), Código FG-2.</p><p>Nº 6.219 Designar a Datilógrafo NELI MARIA BONATTO, matrícula SiapeCad nº 00001140, para exercer a Função Gratificada de Agente da Receita Federal do Brasil em Laranjeiras do Sul (PR), jurisdição da Delegacia da Receita Federal do Brasil em Cascavel (PR), Código FG-3.</p><p>Nº 6.220 Designar o Analista-Tributário da Receita Federal do Brasil VANDE MARCIO TSCHA, matrícula SiapeCad nº 01295289, para exercer a Função Comissionada do Poder Executivo de Agente da Receita Federal do Brasil em Pato Branco (PR), jurisdição da Delegacia da Receita Federal do Brasil em Cascavel (PR), Código FCPE-101.1.</p><p>Nº 6.221 Designar o Analista-Tributário da Receita Federal do Brasil ALISSON MARCOS, matrícula SiapeCad nº 01294137, para exercer o encargo de Substituto Eventual do Agente da Receita Federal do Brasil em Pato Branco (PR), jurisdição da Delegacia da Receita Federal do Brasil em Cascavel (PR), Código FCPE-101.1.</p><p>Nº 6.222 Designar o Analista-Tributário da Receita Federal do Brasil ALISSON MARCOS, matrícula SiapeCad nº 01294137, para exercer a Função Gratificada de Chefe do Setor de Arrecadação e Cobrança - Sorac da Agência da Receita Federal do Brasil em Pato Branco (PR), jurisdição da Delegacia da Receita Federal do Brasil em Cascavel (PR), Código FG-2.</p><p>Nº 6.223 Designar o Analista-Tributário da Receita Federal do Brasil OLIVER ERIC ZACHEO, matrícula SiapeCad nº 01745222, para exercer a Função Gratificada de Chefe da Equipe de Atendimento ao Contribuinte 01 da Agência da Receita Federal do Brasil em Pato Branco (PR), jurisdição da Delegacia da Receita Federal do Brasil em Cascavel (PR), Código FG-2.</p><p>Nº 6.224 Designar o Analista-Tributário da Receita Federal do Brasil GUSTAVO POLAK, matrícula SiapeCad nº 01811797, para exercer a Função Gratificada de Agente da Receita Federal do Brasil em Marechal Cândido Rondon (PR), jurisdição da Delegacia da Receita Federal do Brasil em Cascavel (PR), Código FG-1.</p><p>Nº 6.225 Designar o Analista-Tributário da Receita Federal do Brasil ADEMIR JOSE BALENA, matrícula SiapeCad nº 01295252, para exercer a Função Gratificada de Agente da Receita Federal do Brasil em Medianeira (PR), jurisdição da Delegacia da Receita Federal do Brasil em Cascavel (PR), Código FG-1.</p><p>Nº 6.226 Designar a Assistente Técnico-Administrativo IRENE FRIDA CAPINOS, matrícula SiapeCad nº 01978329, para exercer a Função Gratificada de Chefe da Equipe de Atendimento ao Contribuinte 1 - EAT1 da Agência da Receita Federal do Brasil em Medianeira (PR), jurisdição da Delegacia da Receita Federal do Brasil em Cascavel (PR), Código FG-3.</p><p>Nº 6.227 Designar o Analista-Tributário da Receita Federal do Brasil ISAAC DE OLIVEIRA, matrícula SiapeCad nº 00001292, para exercer a Função Gratificada de Chefe da Seção de Tecnologia e Segurança da Informação - Satec da Delegacia da Receita Federal do Brasil em Ponta Grossa (PR), Código FG-1.</p><p>Nº 6.228 Designar o Analista-Tributário da Receita Federal do Brasil GUSTAVO RAICHERTH, matrícula SiapeCad nº 01291489, para exercer a Função Comissionada do Poder Executivo de Agente da Receita Federal do Brasil em Guarapuava (PR), jurisdição da Delegacia da Receita Federal do Brasil em Ponta Grossa (PR), Código FCPE-101.1.</p><p>Nº 6.229 Designar o Analista-Tributário da Receita Federal do Brasil RONALDO TEIXEIRA DA SILVA, matrícula SiapeCad nº 01213908, para exercer o encargo de Substituto Eventual do Agente da Receita Federal do Brasil em Guarapuava (PR), jurisdição da Delegacia da Receita Federal do Brasil em Ponta Grossa (PR), Código FCPE-101.1.</p><p>Nº 6.230 Designar o Analista-Tributário da Receita Federal do Brasil RONALDO TEIXEIRA DA SILVA, matrícula SiapeCad nº 01213908, para exercer a Função Gratificada de Chefe do Setor de Arrecadação e Cobrança - Sorac da Agência da Receita Federal do Brasil em Guarapuava (PR), jurisdição da Delegacia da Receita Federal do Brasil em Ponta Grossa (PR), Código FG-2.</p><p>Nº 6.231 Designar a Analista-Tributário da Receita Federal do Brasil BRUNA DUARTE MENDES SAKAMOTO, matrícula SiapeCad nº 01811868, para exercer a Função Gratificada de Chefe da Equipe de Atendimento ao Contribuinte 01 da Agência da Receita Federal do Brasil em Guarapuava (PR), jurisdição da Delegacia da Receita Federal do Brasil em Ponta Grossa (PR), Código FG-2.</p><p>Nº 6.232 Designar o Auditor-Fiscal da Receita Federal do Brasil EVANDRO OLIVEIRA CALVO, matrícula SiapeCad nº 00004787, para exercer a Função Gratificada de Chefe da Seção de Vigilância e Repressão ao Contrabando e Descaminho - Sarep da Delegacia da Receita Federal do Brasil em Maringa (PR), Código FG-1.</p><p>Nº 6.233 Designar o Analista-Tributário da Receita Federal do Brasil JOSE ERNESTO BARDELLI MALAGHINI, matrícula SiapeCad nº 00002726, para exercer a Função Gratificada de Chefe da Seção de Tecnologia e Segurança da Informação - Satec da Delegacia da Receita Federal do Brasil em Maringa (PR), Código FG-1.</p><p>Nº 6.234 Designar o Analista-Tributário da Receita Federal do Brasil DENIRVAL DE JESUS ANDRELLA, matrícula SiapeCad nº 00017338, para exercer a Função Gratificada de Chefe da Equipe de Mercadorias Apreendidas 1 - EMA1 da Delegacia da Receita Federal do Brasil em Maringa (PR), Código FG-2.</p><p>Nº 6.235 Designar a Analista-Tributário da Receita Federal do Brasil VERGINIA GIL MARTINS GOZZI, matrícula SiapeCad nº 00000721, para exercer a Função Comissionada do Poder Executivo de Agente da Receita Federal do Brasil em Campo Mourao (PR), jurisdição da Delegacia da Receita Federal do Brasil em Maringa (PR), Código FCPE-101.1.</p><p>Nº 6.236 Designar a Assistente Técnico-Administrativo LUANA MARIA KUBOSKI, matrícula SiapeCad nº 01517643, para exercer o encargo de Substituto Eventual do Agente da Receita Federal do Brasil em Campo Mourao (PR), jurisdição da Delegacia da Receita Federal do Brasil em Maringa (PR), Código FCPE-101.1.</p><p>Nº 6.237 Designar a Assistente Técnico-Administrativo LUANA MARIA KUBOSKI, matrícula SiapeCad nº 01517643, para exercer a Função Gratificada de Chefe do Setor de Arrecadação e Cobrança - Sorac da Agência da Receita Federal do Brasil em Campo Mourao (PR), jurisdição da Delegacia da Receita Federal do Brasil em Maringa (PR), Código FG-2.</p><p>Nº 6.238 Designar a Agente Administrativo LUCIANA CAMACHO PANSERA, matrícula SiapeCad nº 00001778, para exercer a Função Gratificada de Chefe da Equipe de Atendimento ao Contribuinte 01 da Agência da Receita Federal do Brasil em Campo Mourao (PR), jurisdição da Delegacia da Receita Federal do Brasil em Maringa (PR), Código FG-2.</p><p>Nº 6.239 Designar o Assistente Técnico-Administrativo ROBERTO CRISTIANO GUIMARAES ELIAS, matrícula SiapeCad nº 01489053, para exercer a Função Gratificada de Agente da Receita Federal do Brasil em Loanda (PR), jurisdição da Delegacia da Receita Federal do Brasil em Maringa (PR), Código FG-3.</p><p>Nº 6.240 Designar o Analista-Tributário da Receita Federal do Brasil AGNALDO SARTORELLE, matrícula SiapeCad nº 00001772, para exercer a Função Comissionada do Poder Executivo de Agente da Receita Federal do Brasil em Paranavai (PR), jurisdição da Delegacia da Receita Federal do Brasil em Maringa (PR), Código FCPE-101.1.</p><p>Nº 6.241 Designar a Analista-Tributário da Receita Federal do Brasil SONIA REGINA BENHUK, matrícula SiapeCad nº 00057008, para exercer o encargo de Substituto Eventual do Agente da Receita Federal do Brasil em Paranavai (PR), jurisdição da Delegacia da Receita Federal do Brasil em Maringa (PR), Código FCPE-101.1.</p><p>Nº 6.242 Designar a Analista-Tributário da Receita Federal do Brasil SONIA REGINA BENHUK, matrícula SiapeCad nº 00057008, para exercer a Função Gratificada de Chefe do Setor de Arrecadação e Cobrança - Sorac da Agência da Receita Federal do Brasil em Paranavai (PR), jurisdição da Delegacia da Receita Federal do Brasil em Maringa (PR), Código FG-2.</p><p>Nº 6.243 Designar o Técnico do Seguro Social FORTUNATO LUIZ DOS SANTOS, matrícula SiapeCad nº 00835923, para exercer a Função Gratificada de Chefe da Equipe de Atendimento ao Contribuinte 01 da Agência da Receita Federal do Brasil em Paranavai (PR), jurisdição da Delegacia da Receita Federal do Brasil em Maringa (PR), Código FG-2.</p><p>Nº 6.244 Nomear o Auditor-Fiscal da Receita Federal do Brasil GERSON ZANETTI FAUCZ, matrícula SiapeCad nº 01220793, para exercer o cargo em comissão de Delegado da Alfândega da Receita Federal do Brasil no Porto de Paranaguá (PR), Código DAS-101.2.</p><p>Nº 6.245 Designar o Auditor-Fiscal da Receita Federal do Brasil LUCIANO DO CARMO ANDREOLI, matrícula SiapeCad nº 00708210, para exercer o encargo de Substituto Eventual do Delegado da Alfândega da Receita Federal do Brasil no Porto de Paranaguá (PR), Código DAS-101.2.</p><p>Nº 6.246 Designar o Auditor-Fiscal da Receita Federal do Brasil LUCIANO DO CARMO ANDREOLI, matrícula SiapeCad nº 00708210, para exercer a Função Comissionada do Poder Executivo de Delegado Adjunto da Alfândega da Receita Federal do Brasil no Porto de Paranaguá (PR), Código FCPE-101.1.</p><p>Nº 6.247 Designar o Auditor-Fiscal da Receita Federal do Brasil FERNANDO PARMO FOLLONI, matrícula SiapeCad nº 01815092, para exercer a Função Gratificada de Chefe da Seção de Assessoramento Técnico Aduaneiro - Saata da Alfândega da Receita Federal do Brasil no Porto de Paranaguá (PR), Código FG-1.</p><p>Nº 6.248 Designar o Auditor-Fiscal da Receita Federal do Brasil JULIANO DA SILVA, matrícula SiapeCad nº 01653879, para exercer a Função Comissionada do Poder Executivo de Chefe do Serviço de Despacho Aduaneiro - Sedad da Alfândega da Receita Federal do Brasil no Porto de Paranaguá (PR), Código FCPE-101.1.</p><p>Nº 6.249 Designar o Auditor-Fiscal da Receita Federal do Brasil CLAUDIO SILVA FLEURY, matrícula SiapeCad nº 01571107, para exercer o encargo de Substituto Eventual do Chefe do Serviço de Despacho Aduaneiro - Sedad da Alfândega da Receita Federal do Brasil no Porto de Paranaguá (PR), Código FCPE-101.1.</p><p>Nº 6.250 Designar o Auditor-Fiscal da Receita Federal do Brasil MARCEL FRONTERA FABRO DIAS, matrícula SiapeCad nº 01653133, para exercer a Função Gratificada de Chefe da Seção de Procedimentos Especiais Aduaneiros - Sapea da Alfândega da Receita Federal do Brasil no Porto de Paranaguá (PR), Código FG-1.</p><p>Nº 6.251 Designar o Auditor-Fiscal da Receita Federal do Brasil CARLOS ALBERTO ANSBACH SAMWAYS, matrícula SiapeCad nº 01489831, para exercer a Função Gratificada de Chefe da Seção de Vigilância Aduaneira - Savig da Alfândega da Receita Federal do Brasil no Porto de Paranaguá (PR), Código FG-1.</p><p>Nº 6.252 Designar o Auditor-Fiscal da Receita Federal do Brasil LEONARDO JOSE DE CARVALHO NETO, matrícula SiapeCad nº 01496939, para exercer a Função Gratificada de Chefe da Seção de Gestão de Riscos Aduaneiros - Sarad da Alfândega da Receita Federal do Brasil no Porto de Paranaguá (PR), Código FG-1.</p><p>Nº 6.253 Designar o Auditor-Fiscal da Receita Federal do Brasil CLAUDIO SILVA FLEURY, matrícula SiapeCad nº 01571107, para exercer a Função Gratificada de Chefe da Equipe Aduaneira - EAD/1 da Alfândega da Receita Federal do Brasil no Porto de Paranaguá (PR), Código FG-2.</p><p>Nº 6.254 Designar a Analista-Tributário da Receita Federal do Brasil PATRICIA BRANDAO LEONARDI, matrícula SiapeCad nº 01878358, para exercer a Função Gratificada de Chefe da Seção de Tecnologia e Segurança da Informação - Satec da Alfândega da Receita Federal do Brasil no Porto de Paranaguá (PR), Código FG-1.</p><p>Nº 6.255 Designar a Auditora-Fiscal da Receita Federal do Brasil MARLI TERESINHA GURKEWICZ, matrícula SiapeCad nº 01292295, para exercer a Função Gratificada de Chefe da Equipe Aduaneira - EAD/2 da Alfândega da Receita Federal do Brasil no Porto de Paranaguá (PR), Código FG-2.</p><p>Nº 6.256 Designar o Analista-Tributário da Receita Federal do Brasil EWERSON ROBERTO PINHEIRO OLIVEIRA, matrícula SiapeCad nº 00065414, para exercer a Função Gratificada de Chefe do Centro de Atendimento ao Contribuinte - CAC da Alfândega da Receita Federal do Brasil no Porto de Paranaguá (PR), Código FG-1.</p><p>Nº 6.257 Designar o Auditor-Fiscal da Receita Federal do Brasil AUGUSTO TITZE DE ALMEIDA, matrícula SiapeCad nº 00601107, para exercer a Função Gratificada de Chefe da Equipe Aduaneira - EAD/4 da Alfândega da Receita Federal do Brasil no Porto de Paranaguá (PR), Código FG-1.</p><p>Nº 6.258 Nomear a Auditora-Fiscal da Receita Federal do Brasil CLAUDIA REGINA LEAO DO NASCIMENTO THOMAZ, matrícula SiapeCad nº 00001823, para exercer o cargo em comissão de Delegado da Alfândega da Receita Federal do Brasil em Curitiba (PR), Código DAS-101.3.</p><p>Nº 6.259 Designar o Auditor-Fiscal da Receita Federal do Brasil FABIANO BLONSKI, matrícula SiapeCad nº 01220534, para exercer o encargo de Substituto Eventual do Delegado da Alfândega da Receita Federal do Brasil em Curitiba (PR), Código DAS-101.3.</p><p>Nº 6.260 Designar o Auditor-Fiscal da Receita Federal do Brasil FABIANO BLONSKI, matrícula SiapeCad nº 01220534, para exercer a Função Comissionada do Poder Executivo de Delegado Adjunto da Alfândega da Receita Federal do Brasil em Curitiba (PR), Código FCPE-101.1.</p><p>Nº 6.261 Designar o Auditor-Fiscal da Receita Federal do Brasil CARLOS FERNANDO FERREIRA LEMOS, matrícula SiapeCad nº 01219626, para exercer a Função Gratificada de Chefe da Seção de Assessoramento Técnico Aduaneiro - Saata da Alfândega da Receita Federal do Brasil em Curitiba (PR), Código FG-1.</p><p>Nº 6.262 Designar o Auditor-Fiscal da Receita Federal do Brasil SERGIO SCHUARCA, matrícula SiapeCad nº 00001320, para exercer a Função Comissionada do Poder Executivo de Chefe do Serviço de Despacho Aduaneiro - Sedad da Alfândega da Receita Federal do Brasil em Curitiba (PR), Código FCPE-101.1.</p><p>Nº 6.263 Designar o Auditor-Fiscal da Receita Federal do Brasil MILTON JOSE DE RE, matrícula SiapeCad nº 00011576, para exercer o encargo de Substituto Eventual do Chefe do Serviço de Despacho Aduaneiro - Sedad da Alfândega da Receita Federal do Brasil em Curitiba (PR), Código FCPE-101.1.</p><p>Nº 6.264 Designar o Auditor-Fiscal da Receita Federal do Brasil RAPHAEL SCHEFFER CONTIN, matrícula SiapeCad nº 01519418, para exercer a Função Gratificada de Chefe da Seção de Controle de Carga e Trânsito Aduaneiro - Sacta da Alfândega da Receita Federal do Brasil em Curitiba (PR), Código FG-1.</p><p>Nº 6.265 Designar o Auditor-Fiscal da Receita Federal do Brasil AILTON TERUMI MIZUTA, matrícula SiapeCad nº 01173412, para exercer a Função Comissionada do Poder Executivo de Chefe do Serviço de Remessas Postais e Expressas - Serpe da Alfândega da Receita Federal do Brasil em Curitiba (PR), Código FCPE-101.1.</p><p>Nº 6.266 Designar o Auditor-Fiscal da Receita Federal do Brasil SEBASTIAO AFONSO WIVIURKA, matrícula SiapeCad nº 00880634, para exercer o encargo de Substituto Eventual do Chefe do Serviço de Remessas Postais e Expressas - Serpe da Alfândega da Receita Federal do Brasil em Curitiba (PR), Código FCPE-101.1.</p><p>Nº 6.267 Designar o Auditor-Fiscal da Receita Federal do Brasil JOSE LUIS KAVAMURA, matrícula SiapeCad nº 00029207, para exercer a Função Gratificada de Chefe da Seção de Procedimentos Especiais Aduaneiros - Sapea da Alfândega da Receita Federal do Brasil em Curitiba (PR), Código FG-1.</p><p>Nº 6.268 Designar a Auditora-Fiscal da Receita Federal do Brasil LUCIENE FERNANDEZ MONTEIRO PEREIRA, matrícula SiapeCad nº 00087547, para exercer a Função Comissionada do Poder Executivo de Chefe do Serviço de Controle Aduaneiro Pós Despacho - Secap da Alfândega da Receita Federal do Brasil em Curitiba (PR), Código FCPE-101.1.</p><p>Nº 6.269 Designar o Auditor-Fiscal da Receita Federal do Brasil CRISTIAN KUTINSKAS, matrícula SiapeCad nº 01571821, para exercer a Função Gratificada de Chefe da Seção de Vigilância Aduaneira - Savig da Alfândega da Receita Federal do Brasil em Curitiba (PR), Código FG-1.</p><p>Nº 6.270 Designar o Auditor-Fiscal da Receita Federal do Brasil FAUSTO PEREIRA NETO, matrícula SiapeCad nº 00001477, para exercer a Função Gratificada de Chefe da Seção de Gestão de Riscos Aduaneiros - Sarad da Alfândega da Receita Federal do Brasil em Curitiba (PR), Código FG-1.</p><p>Nº 6.271 Designar a Analista-Tributário da Receita Federal do Brasil MICHELI MITIKO MATSUNAGA, matrícula SiapeCad nº 01295881, para exercer a Função Gratificada de Chefe do Centro de Atendimento ao Contribuinte - CAC da Alfândega da Receita Federal do Brasil em Curitiba (PR), Código FG-1.</p><p>Nº 6.272 Designar o Auditor-Fiscal da Receita Federal do Brasil VITOR MARCOS ALMEIDA MACHADO, matrícula SiapeCad nº 00015367, para exercer a Função Gratificada de Chefe da Equipe Aduaneira 1 - EAD1 da Alfândega da Receita Federal do Brasil em Curitiba (PR), Código FG-3.</p><p>Nº 6.273 Designar o Auditor-Fiscal da Receita Federal do Brasil ADILSON LUIZ HINTZ, matrícula SiapeCad nº 01377043, para exercer a Função Gratificada de Chefe da Equipe Aduaneira 5 - EAD5 da Alfândega da Receita Federal do Brasil em Curitiba (PR), Código FG-1.</p><p>Nº 6.274 Designar o Auditor-Fiscal da Receita Federal do Brasil SEBASTIAO AFONSO WIVIURKA, matrícula SiapeCad nº 00880634, para exercer a Função Gratificada de Chefe da Equipe Aduaneira 6 - EAD6 da Alfândega da Receita Federal do Brasil em Curitiba (PR), Código FG-1.</p><p>Nº 6.275 Designar a Auditora-Fiscal da Receita Federal do Brasil GIOVANA LONGO, matrícula SiapeCad nº 01572804, para exercer a Função Gratificada de Chefe da Equipe de Vigilância e Repressão 1 - EVR1 da Alfândega da Receita Federal do Brasil em Curitiba (PR), Código FG-2.</p><p>Nº 6.276 Designar a Analista-Tributário da Receita Federal do Brasil EDI FATIMA RIBAS SOARES, matrícula SiapeCad nº 00057459, para exercer a Função Gratificada de Chefe da Equipe de Logística 1 - ELG1 da Alfândega da Receita Federal do Brasil em Curitiba (PR), Código FG-1.</p><p>Nº 6.277 Designar a Analista-Tributário da Receita Federal do Brasil ADRIANA FERREIRA ELIAS, matrícula SiapeCad nº 01292885, para exercer a Função Gratificada de Chefe da Equipe de Mercadorias Apreendidas 1 - EMA1 da Alfândega da Receita Federal do Brasil em Curitiba (PR), Código FG-2.</p><p>Nº 6.278 Designar o Analista-Tributário da Receita Federal do Brasil FERNANDO ANTONIO MARINELLI, matrícula SiapeCad nº 01171359, para exercer a Função Gratificada de Chefe da Equipe de Tecnologia e Segurança da Informação 1 - ETI1 da Alfândega da Receita Federal do Brasil em Curitiba (PR), Código FG-1.</p><p>Nº 6.279 Designar a Analista-Tributário da Receita Federal do Brasil VANIA RIBEIRO DA SILVA, matrícula SiapeCad nº 01294785, para exercer a Função Gratificada de Chefe da Equipe de Gestão de Pessoas 1 - EGP1 da Alfândega da Receita Federal do Brasil em Curitiba (PR), Código FG-1.</p><p>Nº 6.280 Designar a Auditora-Fiscal da Receita Federal do Brasil ANDREA KATIA ISHITANI, matrícula SiapeCad nº 01171239, para exercer a Função Gratificada de Inspetor-Chefe da Receita Federal do Brasil em Aeroporto Internacional Afonso Pena (PR), jurisdição da Alfândega da Receita Federal do Brasil em Curitiba (PR), Código FG-1.</p><p>Nº 6.281 Nomear o Auditor-Fiscal da Receita Federal do Brasil RAFAEL RODRIGUES DOLZAN, matrícula SiapeCad nº 01293174, para exercer o cargo em comissão de Delegado da Foz do Iguaçu (PR), jurisdição da Alfândega da Receita Federal do Brasil em Curitiba (PR), Código DAS-101.3.</p><p>Nº 6.282 Designar o Auditor-Fiscal da Receita Federal do Brasil HIPOLITO JOSE ARRUDA CAPLAN, matrícula SiapeCad nº 00068546, para exercer o encargo de Substituto Eventual do Delegado da Foz do Iguaçu (PR), jurisdição da Alfândega da Receita Federal do Brasil em Curitiba (PR), Código DAS-101.3.</p><p>Nº 6.283 Nomear o Auditor-Fiscal da Receita Federal do Brasil HIPOLITO JOSE ARRUDA CAPLAN, matrícula SiapeCad nº 00068546, para exercer o cargo em comissão de Delegado Adjunto da Foz do Iguaçu (PR), jurisdição da Alfândega da Receita Federal do Brasil em Curitiba (PR), Código DAS-101.2.</p><p>Nº 6.284 Designar o Auditor-Fiscal da Receita Federal do Brasil PEDRO HENRIQUE REAL, matrícula SiapeCad nº 01489556, para exercer a Função Comissionada do Poder Executivo de Chefe do Serviço de Assessoramento Técnico Aduaneiro - Seata da Foz do Iguaçu (PR), jurisdição da Alfândega da Receita Federal do Brasil em Curitiba (PR), Código FCPE-101.1.</p><p>Nº 6.285 Designar o Auditor-Fiscal da Receita Federal do Brasil GERSON MINAMI, matrícula SiapeCad nº 00062115, para exercer o encargo de Substituto Eventual do Chefe do Serviço de Assessoramento Técnico Aduaneiro - Seata da Foz do Iguaçu (PR), jurisdição da Alfândega da Receita Federal do Brasil em Curitiba (PR), Código FCPE-101.1.</p><p>Nº 6.286 Designar o Auditor-Fiscal da Receita Federal do Brasil GILSON MOCELIM, matrícula SiapeCad nº 01572796, para exercer a Função Comissionada do Poder Executivo de Chefe do Serviço de Despacho Aduaneiro - Sedad da Foz do Iguaçu (PR), jurisdição da Alfândega da Receita Federal do Brasil em Curitiba (PR), Código FCPE-101.1.</p><p>Nº 6.287 Designar o Auditor-Fiscal da Receita Federal do Brasil ALEXANDRE MARQUES BARBOSA, matrícula SiapeCad nº 00062012, para exercer o encargo de Substituto Eventual do Chefe do Serviço de Despacho Aduaneiro - Sedad da Foz do Iguaçu (PR), jurisdição da Alfândega da Receita Federal do Brasil em Curitiba (PR), Código FCPE-101.1.</p><p>Nº 6.288 Designar o Auditor-Fiscal da Receita Federal do Brasil MARCELO MOSSI VENDRAMINI, matrícula SiapeCad nº 01572838, para exercer a Função Comissionada do Poder Executivo de Chefe da Divisão de Conferência de Bagagem - Dibag da Foz do Iguaçu (PR), jurisdição da Alfândega da Receita Federal do Brasil em Curitiba (PR), Código FCPE-101.2.</p><p>Nº 6.289 Designar o Auditor-Fiscal da Receita Federal do Brasil MARCOS TEIXEIRA BARBOSA, matrícula SiapeCad nº 00057649, para exercer o encargo de Substituto Eventual do Chefe da Divisão de Conferência de Bagagem - Dibag da Foz do Iguaçu (PR), jurisdição da Alfândega da Receita Federal do Brasil em Curitiba (PR), Código FCPE-101.2.</p><p>Nº 6.290 Designar o Auditor-Fiscal da Receita Federal do Brasil IVONIR RODRIGO BALDISSERA, matrícula SiapeCad nº 01292435, para exercer a Função Gratificada de Chefe da Seção de Controle de Carga e Trânsito Aduaneiro - Sacta da Foz do Iguaçu (PR), jurisdição da Alfândega da Receita Federal do Brasil em Curitiba (PR), Código FG-1.</p><p>Nº 6.291 Designar a Auditora-Fiscal da Receita Federal do Brasil DENISE FERREIRA MARQUES, matrícula SiapeCad nº 01295122, para exercer a Função Gratificada de Chefe da Seção de Procedimentos Especiais Aduaneiros - Sapea da Foz do Iguaçu (PR), jurisdição da Alfândega da Receita Federal do Brasil em Curitiba (PR), Código FG-1.</p><p>Nº 6.292 Designar o Auditor-Fiscal da Receita Federal do Brasil BRUNO DIVARDIN STAUT, matrícula SiapeCad nº 01572253, para exercer a Função Comissionada do Poder Executivo de Chefe da Divisão de Vigilância e Repressão ao Contrabando e Descaminho - Direp da Foz do Iguaçu (PR), jurisdição da Alfândega da Receita Federal do Brasil em Curitiba (PR), Código FCPE-101.2.</p><p>Nº 6.293 Designar o Auditor-Fiscal da Receita Federal do Brasil SANDRO HUTTNER CHIMISSO, matrícula SiapeCad nº 01573007, para exercer o encargo de Substituto Eventual do Chefe da Divisão de Vigilância e Repressão ao Contrabando e Descaminho - Direp da Foz do Iguaçu (PR), jurisdição da Alfândega da Receita Federal do Brasil em Curitiba (PR), Código FCPE-101.2.</p><p>Nº 6.294 Designar o Auditor-Fiscal da Receita Federal do Brasil ALFONSO BURG, matrícula SiapeCad nº 00017129, para exercer a Função Comissionada do Poder Executivo de Chefe do Serviço de Gestão de Riscos Aduaneiros - Serad da Foz do Iguaçu (PR), jurisdição da Alfândega da Receita Federal do Brasil em Curitiba (PR), Código FCPE-101.1.</p><p>Nº 6.295 Designar o Auditor-Fiscal da Receita Federal do Brasil ANDRE GONTIJO DE ARAUJO, matrícula SiapeCad nº 01505778, para exercer o encargo de Substituto Eventual do Chefe do Serviço de Gestão de Riscos Aduaneiros - Serad da Foz do Iguaçu (PR), jurisdição da Alfândega da Receita Federal do Brasil em Curitiba (PR), Código FCPE-101.1.</p><p>Nº 6.296 Designar o Auditor-Fiscal da Receita Federal do Brasil OSVALDO TOSHIO YAMASHITA, matrícula SiapeCad nº 00057670, para exercer a Função Comissionada do Poder Executivo de Chefe do Serviço de Gestão Corporativa - Secor da Foz do Iguaçu (PR), jurisdição da Alfândega da Receita Federal do Brasil em Curitiba (PR), Código FCPE-101.1.</p><p>Nº 6.297 Designar o Analista-Tributário da Receita Federal do Brasil PEDRO CABRERA DE HARO JUNIOR, matrícula SiapeCad nº 00001637, para exercer o encargo de Substituto Eventual do Chefe do Serviço de Gestão Corporativa - Secor da Foz do Iguaçu (PR), jurisdição da Alfândega da Receita Federal do Brasil em Curitiba (PR), Código FCPE-101.1.</p><p>Nº 6.298 Designar o Analista-Tributário da Receita Federal do Brasil ANTONIO AUGUSTO CASTRO FERREIRA, matrícula SiapeCad nº 01811896, para exercer a Função Gratificada de Chefe da Seção de Programação e Logística - Sapol da Foz do Iguaçu (PR), jurisdição da Alfândega da Receita Federal do Brasil em Curitiba (PR), Código FG-1.</p><p>Nº 6.299 Designar o Analista-Tributário da Receita Federal do Brasil ADIL TAUFIC ISSA, matrícula SiapeCad nº 01130977, para exercer a Função Gratificada de Chefe da Seção de Tecnologia e Segurança da Informação - Satec da Foz do Iguaçu (PR), jurisdição da Alfândega da Receita Federal do Brasil em Curitiba (PR), Código FG-1.</p><p>Nº 6.300 Designar o Analista-Tributário da Receita Federal do Brasil LEONARDO SCHIMIDT EIDAM, matrícula SiapeCad nº 01294595, para exercer a Função Gratificada de Chefe da Seção de Gestão de Pessoas - Sagep da Foz do Iguaçu (PR), jurisdição da Alfândega da Receita Federal do Brasil em Curitiba (PR), Código FG-1.</p><p>Nº 6.301 Designar a Agente Administrativo EDESIA MARIA PAGAN, matrícula SiapeCad nº 00001248, para exercer a Função Gratificada de Chefe do Centro de Atendimento ao Contribuinte - CAC da Foz do Iguaçu (PR), jurisdição da Alfândega da Receita Federal do Brasil em Curitiba (PR), Código FG-1.</p><p>Nº 6.302 Designar o Auditor-Fiscal da Receita Federal do Brasil RAFAEL MITRANO SIMOES, matrícula SiapeCad nº 01574088, para exercer a Função Gratificada de Chefe da Equipe Aduaneira 1 - EAD1 da Foz do Iguaçu (PR), jurisdição da Alfândega da Receita Federal do Brasil em Curitiba (PR), Código FG-2.</p><p>Nº 6.303 Designar o Auditor-Fiscal da Receita Federal do Brasil JOSE CARLOS DA SILVA MIRA, matrícula SiapeCad nº 01131133, para exercer a Função Gratificada de Chefe da Equipe Aduaneira 2 - EAD2 da Foz do Iguaçu (PR), jurisdição da Alfândega da Receita Federal do Brasil em Curitiba (PR), Código FG-2.</p><p>Nº 6.304 Designar o Auditor-Fiscal da Receita Federal do Brasil CEZAR AUGUSTO FALCAO, matrícula SiapeCad nº 01813488, para exercer a Função Gratificada de Chefe da Equipe Aduaneira 3 - EAD3 da Foz do Iguaçu (PR), jurisdição da Alfândega da Receita Federal do Brasil em Curitiba (PR), Código FG-1.</p><p>Nº 6.305 Designar o Auditor-Fiscal da Receita Federal do Brasil MARCOS TEIXEIRA BARBOSA, matrícula SiapeCad nº 00057649, para exercer a Função Gratificada de Chefe da Equipe Aduaneira 4 - EAD4 da Foz do Iguaçu (PR), jurisdição da Alfândega da Receita Federal do Brasil em Curitiba (PR), Código FG-1.</p><p>Nº 6.306 Designar o Auditor-Fiscal da Receita Federal do Brasil WALDIR VANZELLA JUNIOR, matrícula SiapeCad nº 00001615, para exercer a Função Gratificada de Chefe da Equipe Aduaneira 5 - EAD5 da Foz do Iguaçu (PR), jurisdição da Alfândega da Receita Federal do Brasil em Curitiba (PR), Código FG-1.</p><p>Nº 6.307 Designar o Auditor-Fiscal da Receita Federal do Brasil ALEXANDRE MARQUES BARBOSA, matrícula SiapeCad nº 00062012, para exercer a Função Gratificada de Chefe da Equipe Aduaneira 6 - EAD6 da Foz do Iguaçu (PR), jurisdição da Alfândega da Receita Federal do Brasil em Curitiba (PR), Código FG-1.</p><p>Nº 6.308 Designar a Auditora-Fiscal da Receita Federal do Brasil IZANETTE BERLANDA, matrícula SiapeCad nº 01576305, para exercer a Função Gratificada de Chefe da Equipe Aduaneira 7 - EAD7 da Foz do Iguaçu (PR), jurisdição da Alfândega da Receita Federal do Brasil em Curitiba (PR), Código FG-1.</p><p>Nº 6.309 Designar a Auditora-Fiscal da Receita Federal do Brasil MARLEI APARECIDA ROSSETTI PREVIDENTE, matrícula SiapeCad nº 00001217, para exercer a Função Gratificada de Chefe da Equipe Aduaneira 8 - EAD8 da Foz do Iguaçu (PR), jurisdição da Alfândega da Receita Federal do Brasil em Curitiba (PR), Código FG-1.</p><p>Nº 6.310 Designar o Auditor-Fiscal da Receita Federal do Brasil SANDRO HUTTNER CHIMISSO, matrícula SiapeCad nº 01573007, para exercer a Função Gratificada de Chefe da Equipe de Vigilância e Repressão 1 - EVR1 da Foz do Iguaçu (PR), jurisdição da Alfândega da Receita Federal do Brasil em Curitiba (PR), Código FG-1.</p><p>Nº 6.311 Designar o Auditor-Fiscal da Receita Federal do Brasil VAGNER DIOGO DE SOUZA, matrícula SiapeCad nº 01292574, para exercer a Função Gratificada de Chefe da Equipe de Vigilância e Repressão 2 - EVR2 da Foz do Iguaçu (PR), jurisdição da Alfândega da Receita Federal do Brasil em Curitiba (PR), Código FG-1.</p><p>Nº 6.312 Designar o Auditor-Fiscal da Receita Federal do Brasil RAFAEL LASKA DOMINGUES, matrícula SiapeCad nº 01573963, para exercer a Função Gratificada de Chefe da Equipe de Vigilância e Repressão 3 - EVR3 da Foz do Iguaçu (PR), jurisdição da Alfândega da Receita Federal do Brasil em Curitiba (PR), Código FG-1.</p><p>Nº 6.313 Designar a Analista-Tributário da Receita Federal do Brasil DENISE ARAUJO SANTOS MIRANDA, matrícula SiapeCad nº 00059294, para exercer a Função Gratificada de Chefe da Equipe de Logística 1 - ELG1 da Foz do Iguaçu (PR), jurisdição da Alfândega da Receita Federal do Brasil em Curitiba (PR), Código FG-3.</p><p>Nº 6.314 Designar a Analista-Tributário da Receita Federal do Brasil EUCIENE ALVES PIMENTA, matrícula SiapeCad nº 00016174, para exercer a Função Gratificada de Chefe da Equipe de Logística 2 - ELG2 da Foz do Iguaçu (PR), jurisdição da Alfândega da Receita Federal do Brasil em Curitiba (PR), Código FG-3.</p><p>Nº 6.315 Designar o Analista-Tributário da Receita Federal do Brasil JORGE DOMINGOS DALMAGRO, matrícula SiapeCad nº 00001132, para exercer a Função Comissionada do Poder Executivo de Chefe da Equipe de Mercadorias Apreendidas 1 - EMA1 da Foz do Iguaçu (PR), jurisdição da Alfândega da Receita Federal do Brasil em Curitiba (PR), Código FCPE-101.1.</p><p>Nº 6.316 Designar o Analista-Tributário da Receita Federal do Brasil ALEXANDRE SOARES CAMPOS, matrícula SiapeCad nº 00001658, para exercer o encargo de Substituto Eventual do Chefe da Equipe de Mercadorias Apreendidas 1 - EMA1 da Foz do Iguaçu (PR), jurisdição da Alfândega da Receita Federal do Brasil em Curitiba (PR), Código FCPE-101.1.</p><p>Nº 6.317 Designar o Analista-Tributário da Receita Federal do Brasil ALEXANDRE SOARES CAMPOS, matrícula SiapeCad nº 00001658, para exercer a Função Gratificada de Chefe da Equipe de Tecnologia e Segurança da Informação 1 - ETI1 da Foz do Iguaçu (PR), jurisdição da Alfândega da Receita Federal do Brasil em Curitiba (PR), Código FG-3.</p><p>Nº 6.318 Designar o Analista-Tributário da Receita Federal do Brasil JOAO RICARDO ALMEIDA, matrícula SiapeCad nº 01295298, para exercer a Função Gratificada de Chefe da Equipe de Tecnologia e Segurança da Informação 2 - ETI2 da Foz do Iguaçu (PR), jurisdição da Alfândega da Receita Federal do Brasil em Curitiba (PR), Código FG-3.</p><p>Nº 6.319 Designar o Analista-Tributário da Receita Federal do Brasil PEDRO CABRERA DE HARO JUNIOR, matrícula SiapeCad nº 00001637, para exercer a Função Gratificada de Chefe da Equipe de Gestão de Pessoas 1 - EGP1 da Foz do Iguaçu (PR), jurisdição da Alfândega da Receita Federal do Brasil em Curitiba (PR), Código FG-3.</p><p>Nº 6.320 Designar o Analista-Tributário da Receita Federal do Brasil NEURO LUIZ VERONA, matrícula SiapeCad nº 00008375, para exercer a Função Gratificada de Chefe da Equipe de Gestão de Pessoas 2 - EGP2 da Foz do Iguaçu (PR), jurisdição da Alfândega da Receita Federal do Brasil em Curitiba (PR), Código FG-3.</p><p>Nº 6.321 Designar o Auditor-Fiscal da Receita Federal do Brasil DIOVANI ORLANDI NATALINO, matrícula SiapeCad nº 01291845, para exercer a Função Comissionada do Poder Executivo de Inspetor-Chefe da Receita Federal do Brasil em Guaíra (PR), jurisdição da Alfândega da Receita Federal do Brasil em Foz do Iguaçu (PR), Código FCPE-101.1.</p><p>Nº 6.322 Designar o Auditor-Fiscal da Receita Federal do Brasil EDSON TEIXEIRA, matrícula SiapeCad nº 00058221, para exercer o encargo de Substituto Eventual do Inspetor-Chefe da Receita Federal do Brasil em Guaíra (PR), jurisdição da Alfândega da Receita Federal do Brasil em Foz do Iguaçu (PR), Código FCPE-101.1.</p><p>Nº 6.323 Designar o Auditor-Fiscal da Receita Federal do Brasil EDSON TEIXEIRA, matrícula SiapeCad nº 00058221, para exercer a Função Gratificada de Chefe da Seção de Administração Aduaneira - Saana da Inspetoria da Receita Federal do Brasil em Guaíra (PR), jurisdição da Alfândega da Receita Federal do Brasil em Foz do Iguaçu (PR), Código FG-1.</p><p>Nº 6.324 Designar o Analista-Tributário da Receita Federal do Brasil EDMIR SILVEIRA NAZARIO, matrícula SiapeCad nº 00057461, para exercer a Função Gratificada de Chefe da Equipe Aduaneira 1 - EAD1 da Inspetoria da Receita Federal do Brasil em Guaíra (PR), jurisdição da Alfândega da Receita Federal do Brasil em Foz do Iguaçu (PR), Código FG-3.</p><p>Nº 6.325 Designar o Auditor-Fiscal da Receita Federal do Brasil ALEXANDRE DEMARCHI, matrícula SiapeCad nº 01815638, para exercer a Função Comissionada do Poder Executivo de Inspetor-Chefe da Receita Federal do Brasil em Santa Helena (PR), jurisdição da Alfândega da Receita Federal do Brasil em Foz do Iguaçu (PR), Código FCPE-101.1.</p><p>Nº 6.326 Designar o Auditor-Fiscal da Receita Federal do Brasil MARCIO VAKASSUGUI, matrícula SiapeCad nº 01294723, para exercer o encargo de Substituto Eventual do Inspetor-Chefe da Receita Federal do Brasil em Santa Helena (PR), jurisdição da Alfândega da Receita Federal do Brasil em Foz do Iguaçu (PR), Código FCPE-101.1.</p><p>Nº 6.327 Designar o Auditor-Fiscal da Receita Federal do Brasil MARCIO VAKASSUGUI, matrícula SiapeCad nº 01294723, para exercer a Função Gratificada de Chefe da Seção de Administração Aduaneira - Saana da Inspetoria da Receita Federal do Brasil em Santa Helena (PR), jurisdição da Alfândega da Receita Federal do Brasil em Foz do Iguaçu (PR), Código FG-1.</p><p>Nº 6.328 Designar o Analista-Tributário da Receita Federal do Brasil LUIZ GUSTAVO DE CASTRO CARLOS, matrícula SiapeCad nº 01571394, para exercer a Função Gratificada de Chefe da Equipe Aduaneira 1 - EAD1 da Inspetoria da Receita Federal do Brasil em Santa Helena (PR), jurisdição da Alfândega da Receita Federal do Brasil em Foz do Iguaçu (PR), Código FG-3.</p><p>Nº 6.329 Designar o Auditor-Fiscal da Receita Federal do Brasil HERCULE IMBROSIO NETO, matrícula SiapeCad nº 00017145, para exercer a Função Comissionada do Poder Executivo de Chefe do Serviço de Tecnologia e Segurança da Informação - Setec da Delegacia da Receita Federal do Brasil em Florianopolis (SC), Código FCPE-101.1.</p><p>Nº 6.330 Designar o Analista-Tributário da Receita Federal do Brasil DANILO PIEDADE DO AMARAL, matrícula SiapeCad nº 00063632, para exercer o encargo de Substituto Eventual do Chefe do Serviço de Tecnologia e Segurança da Informação - Setec da Delegacia da Receita Federal do Brasil em Florianopolis (SC), Código FCPE-101.1.</p><p>Nº 6.331 Designar o Analista-Tributário da Receita Federal do Brasil GIOVANNI ZANELLA, matrícula SiapeCad nº 00087466, para exercer a Função Comissionada do Poder Executivo de Chefe do Centro de Atendimento ao Contribuinte - CAC da Delegacia da Receita Federal do Brasil em Florianopolis (SC), Código FCPE-101.1.</p><p>Nº 6.332 Designar a Auditora-Fiscal da Receita Federal do Brasil IZABELLA MORENO BATISTA PINTO, matrícula SiapeCad nº 01170527, para exercer a Função Gratificada de Chefe da Equipe de Informação Fiscal 1 - EIF1 da Delegacia da Receita Federal do Brasil em Florianopolis (SC), Código FG-1.</p><p>Nº 6.333 Designar a Analista-Tributário da Receita Federal do Brasil FABIANA ALVES BRITO GRANEMANN, matrícula SiapeCad nº 01487768, para exercer a Função Gratificada de Chefe da Equipe de Pagamento 1 - EPG1 da Delegacia da Receita Federal do Brasil em Florianopolis (SC), Código FG-3.</p><p>Nº 6.334 Designar o Analista-Tributário da Receita Federal do Brasil CLAYTON LUIS DO AMARAL, matrícula SiapeCad nº 00013599, para exercer a Função Gratificada de Agente da Receita Federal do Brasil em Tubarao (SC), jurisdição da Delegacia da Receita Federal do Brasil em Florianopolis (SC), Código FG-1.</p><p>Nº 6.335 Designar o Analista-Tributário da Receita Federal do Brasil DANIEL ANTONIO GONCALVES JUNIOR, matrícula SiapeCad nº 01213896, para exercer a Função Gratificada de Chefe da Equipe de Atendimento ao Contribuinte 01 da Agência da Receita Federal do Brasil em Tubarao (SC), jurisdição da Delegacia da Receita Federal do Brasil em Florianopolis (SC), Código FG-3.</p><p>Nº 6.336 Designar o Analista-Tributário da Receita Federal do Brasil MIGUEL ANGEL PEREZ CORREA, matrícula SiapeCad nº 00061826, para exercer a Função Gratificada de Chefe da Seção de Tecnologia e Segurança da Informação - Satec da Delegacia da Receita Federal do Brasil em Joinville (SC), Código FG-1.</p><p>Nº 6.337 Designar a Auditora-Fiscal da Receita Federal do Brasil FLAVIA ARRUDA DA COSTA LANDOWSKI, matrícula SiapeCad nº 01292551, para exercer a Função Gratificada de Chefe da Equipe de Fiscalização 4 - EFI4 da Delegacia da Receita Federal do Brasil em Joinville (SC), Código FG-2.</p><p>Nº 6.338 Designar a Auditora-Fiscal da Receita Federal do Brasil TATIANE MIRELE DE FREITAS CALDEIRA, matrícula SiapeCad nº 01575734, para exercer a Função Gratificada de Chefe do Setor de Administração Aduaneira - Soana da Delegacia da Receita Federal do Brasil em Joacaba (SC), Código FG-2.</p><p>Nº 6.339 Designar o Auditor-Fiscal da Receita Federal do Brasil DANIEL ASSIS CARDOSO DE CASTRO, matrícula SiapeCad nº 01572299, para exercer a Função Gratificada de Chefe da Seção de Vigilância e Repressão ao Contrabando e Descaminho - Sarep da Delegacia da Receita Federal do Brasil em Joacaba (SC), Código FG-1.</p><p>Nº 6.340 Designar a Analista-Tributário da Receita Federal do Brasil ELIZABETE MARLENE ZIELINSKA RIBEIRO, matrícula SiapeCad nº 00005163, para exercer a Função Gratificada de Chefe da Seção de Tecnologia e Segurança da Informação - Satec da Delegacia da Receita Federal do Brasil em Joacaba (SC), Código FG-1.</p><p>Nº 6.341 Designar o Auditor-Fiscal da Receita Federal do Brasil RAFAEL FUSCELLI PYTEL, matrícula SiapeCad nº 01490347, para exercer a Função Gratificada de Chefe da Equipe de Fiscalização - EFI/2 da Delegacia da Receita Federal do Brasil em Joacaba (SC), Código FG-2.</p><p>Nº 6.342 Designar a Analista-Tributário da Receita Federal do Brasil LARISSA FABIANI BLITZKOW, matrícula SiapeCad nº 01214580, para exercer a Função Gratificada de Agente da Receita Federal do Brasil em Cacador (SC), jurisdição da Delegacia da Receita Federal do Brasil em Joacaba (SC), Código FG-3.</p><p>Nº 6.343 Designar o Analista-Tributário da Receita Federal do Brasil RAFAEL MENDES DE SOUZA, matrícula SiapeCad nº 01130627, para exercer a Função Gratificada de Chefe da Seção de Tecnologia e Segurança da Informação - Satec da Delegacia da Receita Federal do Brasil em Blumenau (SC), Código FG-1.</p><p>Nº 6.344 Designar o Assistente Técnico-Administrativo SIDNEY DE ANDRADE, matrícula SiapeCad nº 01519166, para exercer a Função Gratificada de Chefe do Núcleo de Gestão Corporativa - Nucor da Delegacia da Receita Federal do Brasil em Lages (SC), Código FG-3.</p><p>Nº 6.345 Nomear o Auditor-Fiscal da Receita Federal do Brasil EDWILSON PASCOAL DA MOTA, matrícula SiapeCad nº 01132179, para exercer o cargo em comissão de Delegado da Alfândega da Receita Federal do Brasil no Porto de São Francisco do Sul (SC), Código DAS-101.2.</p><p>Nº 6.346 Designar a Auditora-Fiscal da Receita Federal do Brasil LUCIANA GUAZZELLI SOLIGO, matrícula SiapeCad nº 01570044, para exercer o encargo de Substituto Eventual do Delegado da Alfândega da Receita Federal do Brasil no Porto de São Francisco do Sul (SC), Código DAS-101.2.</p><p>Nº 6.347 Designar a Auditora-Fiscal da Receita Federal do Brasil LUCIANA GUAZZELLI SOLIGO, matrícula SiapeCad nº 01570044, para exercer a Função Gratificada de Delegado Adjunto da Alfândega da Receita Federal do Brasil no Porto de São Francisco do Sul (SC), Código FG-1.</p><p>Nº 6.348 Designar o Auditor-Fiscal da Receita Federal do Brasil CARLOS ALBERTO GIRNOS, matrícula SiapeCad nº 01292012, para exercer a Função Gratificada de Chefe do Setor de Assessoramento Técnico Aduaneiro - Soata da Alfândega da Receita Federal do Brasil no Porto de São Francisco do Sul (SC), Código FG-2.</p><p>Nº 6.349 Designar o Auditor-Fiscal da Receita Federal do Brasil ROBERTO CARDOSO WANICK RIBEIRO, matrícula SiapeCad nº 00062011, para exercer a Função Gratificada de Chefe da Seção de Despacho Aduaneiro - Sadad da Alfândega da Receita Federal do Brasil no Porto de São Francisco do Sul (SC), Código FG-1.</p><p>Nº 6.350 Designar o Auditor-Fiscal da Receita Federal do Brasil RODRIGO BAGGENSTOSS, matrícula SiapeCad nº 00065959, para exercer a Função Gratificada de Chefe da Seção de Vigilância Aduaneira - Savig da Alfândega da Receita Federal do Brasil no Porto de São Francisco do Sul (SC), Código FG-1.</p><p>Nº 6.351 Designar o Auditor-Fiscal da Receita Federal do Brasil ISMAEL CHIUSA, matrícula SiapeCad nº 01171309, para exercer a Função Gratificada de Chefe da Equipe Aduaneira - EAD/1 da Alfândega da Receita Federal do Brasil no Porto de São Francisco do Sul (SC), Código FG-2.</p><p>Nº 6.352 Designar o Auditor-Fiscal da Receita Federal do Brasil ROBERTO HAMMERSCHMIDT ESTRUGALA, matrícula SiapeCad nº 01293242, para exercer a Função Gratificada de Chefe da Seção de Gestão de Riscos Aduaneiros - Sarad da Alfândega da Receita Federal do Brasil no Porto de São Francisco do Sul (SC), Código FG-1.</p><p>Nº 6.353 Designar o Analista-Tributário da Receita Federal do Brasil AUGUSTO GILNEY DOS SANTOS, matrícula SiapeCad nº 01130786, para exercer a Função Gratificada de Chefe da Equipe Aduaneira - EAD/2 da Alfândega da Receita Federal do Brasil no Porto de São Francisco do Sul (SC), Código FG-2.</p><p>Nº 6.354 Designar o Analista-Tributário da Receita Federal do Brasil ALEXANDRE DE FREITAS, matrícula SiapeCad nº 00061839, para exercer a Função Gratificada de Chefe do Setor de Gestão Corporativa - Socor da Alfândega da Receita Federal do Brasil no Porto de São Francisco do Sul (SC), Código FG-2.</p><p>Nº 6.355 Designar a Auditora-Fiscal da Receita Federal do Brasil LUCIA SANAE KIZAWA, matrícula SiapeCad nº 00066102, para exercer a Função Gratificada de Chefe do Centro de Atendimento ao Contribuinte - CAC da Alfândega da Receita Federal do Brasil no Porto de São Francisco do Sul (SC), Código FG-2.</p><p>Nº 6.356 Designar o Analista-Tributário da Receita Federal do Brasil ANIBAL MARTINEZ FERREIRA, matrícula SiapeCad nº 00057542, para exercer a Função Gratificada de Chefe da Equipe de Vigilância e Repressão 1 - EVR1 da Alfândega da Receita Federal do Brasil no Porto de São Francisco do Sul (SC), Código FG-3.</p><p>Nº 6.357 Nomear o Auditor-Fiscal da Receita Federal do Brasil KLEBS GARCIA PEIXOTO JUNIOR, matrícula SiapeCad nº 00012618, para exercer o cargo em comissão de Delegado da Alfândega da Receita Federal do Brasil no Porto de Itajaí (SC), Código DAS-101.3.</p><p>Nº 6.358 Designar a Auditora-Fiscal da Receita Federal do Brasil DENISE DE MELLO OLIVEIRA, matrícula SiapeCad nº 00015933, para exercer o encargo de Substituto Eventual do Delegado da Alfândega da Receita Federal do Brasil no Porto de Itajaí (SC), Código DAS-101.3.</p><p>Nº 6.359 Designar a Auditora-Fiscal da Receita Federal do Brasil DENISE DE MELLO OLIVEIRA, matrícula SiapeCad nº 00015933, para exercer a Função Comissionada do Poder Executivo de Delegado Adjunto da Alfândega da Receita Federal do Brasil no Porto de Itajaí (SC), Código FCPE-101.1.</p><p>Nº 6.360 Designar o Auditor-Fiscal da Receita Federal do Brasil ROBERTO JACOB NICOLAU MUSSI FILHO, matrícula SiapeCad nº 01605584, para exercer a Função Gratificada de Chefe da Seção de Assessoramento Técnico Aduaneiro - Saata da Alfândega da Receita Federal do Brasil no Porto de Itajaí (SC), Código FG-1.</p><p>Nº 6.361 Designar o Auditor-Fiscal da Receita Federal do Brasil LEANDRO LUIZ CYPRIANI, matrícula SiapeCad nº 01294462, para exercer a Função Comissionada do Poder Executivo de Chefe do Serviço de Despacho Aduaneiro - Sedad da Alfândega da Receita Federal do Brasil no Porto de Itajaí (SC), Código FCPE-101.1.</p><p>Nº 6.362 Designar a Auditora-Fiscal da Receita Federal do Brasil RITA DE CASSIA SPOLAOR, matrícula SiapeCad nº 01171882, para exercer o encargo de Substituto Eventual do Chefe do Serviço de Despacho Aduaneiro - Sedad da Alfândega da Receita Federal do Brasil no Porto de Itajaí (SC), Código FCPE-101.1.</p><p>Nº 6.363 Designar o Auditor-Fiscal da Receita Federal do Brasil MARIO SERGIO FRANCICA, matrícula SiapeCad nº 00087367, para exercer a Função Gratificada de Chefe da Seção de Controle de Carga e Trânsito Aduaneiro - Sacta da Alfândega da Receita Federal do Brasil no Porto de Itajaí (SC), Código FG-1.</p><p>Nº 6.364 Designar a Auditora-Fiscal da Receita Federal do Brasil GEOVANA DA SILVA DA CUNHA, matrícula SiapeCad nº 00087388, para exercer a Função Comissionada do Poder Executivo de Chefe do Serviço de Procedimentos Especiais Aduaneiros - Sepea da Alfândega da Receita Federal do Brasil no Porto de Itajaí (SC), Código FCPE-101.1.</p><p>Nº 6.365 Designar o Auditor-Fiscal da Receita Federal do Brasil ROLF ABEL, matrícula SiapeCad nº 00676300, para exercer o encargo de Substituto Eventual do Chefe do Serviço de Procedimentos Especiais Aduaneiros - Sepea da Alfândega da Receita Federal do Brasil no Porto de Itajaí (SC), Código FCPE-101.1.</p><p>Nº 6.366 Designar o Auditor-Fiscal da Receita Federal do Brasil MARCOS ANTONIO MUNHOZ MORELLO, matrícula SiapeCad nº 00076302, para exercer o encargo de Substituto Eventual do Chefe do Serviço de Vigilância Aduaneira - Sevig da Alfândega da Receita Federal do Brasil no Porto de Itajaí (SC), Código FCPE-101.1.</p><p>Nº 6.367 Designar a Auditora-Fiscal da Receita Federal do Brasil PATRICIA MANCUSO FIRMBACH, matrícula SiapeCad nº 00068481, para exercer a Função Gratificada de Chefe da Seção de Gestão de Riscos Aduaneiros - Sarad da Alfândega da Receita Federal do Brasil no Porto de Itajaí (SC), Código FG-1.</p><p>Nº 6.368 Designar o Auditor-Fiscal da Receita Federal do Brasil CLOVIS DE SOUZA, matrícula SiapeCad nº 00836066, para exercer a Função Gratificada de Chefe da Equipe Aduaneira - EAD/2 da Alfândega da Receita Federal do Brasil no Porto de Itajaí (SC), Código FG-2.</p><p>Nº 6.369 Designar o Analista-Tributário da Receita Federal do Brasil LEANDRO STRAUSS, matrícula SiapeCad nº 00068740, para exercer a Função Gratificada de Chefe da Seção de Tecnologia e Segurança da Informação - Satec da Alfândega da Receita Federal do Brasil no Porto de Itajaí (SC), Código FG-1.</p><p>Nº 6.370 Designar o Analista-Tributário da Receita Federal do Brasil ALMIR CESAR VIEIRA, matrícula SiapeCad nº 01291700, para exercer a Função Gratificada de Chefe do Centro de Atendimento ao Contribuinte - CAC da Alfândega da Receita Federal do Brasil no Porto de Itajaí (SC), Código FG-1.</p><p>Nº 6.371 Designar a Auditora-Fiscal da Receita Federal do Brasil RITA DE CASSIA SPOLAOR, matrícula SiapeCad nº 01171882, para exercer a Função Gratificada de Chefe da Equipe Aduaneira 5 - EAD5 da Alfândega da Receita Federal do Brasil no Porto de Itajaí (SC), Código FG-1.</p><p>Nº 6.372 Designar o Analista-Tributário da Receita Federal do Brasil ELTON CARLOS BUSARELLO, matrícula SiapeCad nº 00062099, para exercer a Função Gratificada de Chefe da Equipe de Vigilância e Repressão 1 - EVR1 da Alfândega da Receita Federal do Brasil no Porto de Itajaí (SC), Código FG-1.</p><p>Nº 6.373 Designar o Analista-Tributário da Receita Federal do Brasil IGOR KOTH RIBAS, matrícula SiapeCad nº 01213601, para exercer a Função Gratificada de Chefe da Equipe de Mercadorias Apreendidas 1 - EMA1 da Alfândega da Receita Federal do Brasil no Porto de Itajaí (SC), Código FG-2.</p><p>Nº 6.374 Nomear o Auditor-Fiscal da Receita Federal do Brasil VALTER SOLON DURIGON, matrícula SiapeCad nº 00028422, para exercer o cargo em comissão de Delegado da Alfândega da Receita Federal do Brasil em Dionísio Cerqueira (SC), Código DAS-101.2.</p><p>Nº 6.375 Designar a Auditora-Fiscal da Receita Federal do Brasil BIBIANA DAS CHAGAS MERONI COSTA, matrícula SiapeCad nº 01570309, para exercer o encargo de Substituto Eventual do Delegado da Alfândega da Receita Federal do Brasil em Dionísio Cerqueira (SC), Código DAS-101.2.</p><p>Nº 6.376 Designar a Auditora-Fiscal da Receita Federal do Brasil BIBIANA DAS CHAGAS MERONI COSTA, matrícula SiapeCad nº 01570309, para exercer a Função Gratificada de Delegado Adjunto da Alfândega da Receita Federal do Brasil em Dionísio Cerqueira (SC), Código FG-1.</p><p>Nº 6.377 Designar o Auditor-Fiscal da Receita Federal do Brasil DIEGO FRANCISCO WANCH, matrícula SiapeCad nº 01654571, para exercer a Função Gratificada de Chefe do Setor de Assessoramento Técnico Aduaneiro - Soata da Alfândega da Receita Federal do Brasil em Dionísio Cerqueira (SC), Código FG-2.</p><p>Nº 6.378 Designar a Auditora-Fiscal da Receita Federal do Brasil SIMONE DO ROCIO VEIGA FELICIO, matrícula SiapeCad nº 02005962, para exercer a Função Gratificada de Chefe da Seção de Despacho Aduaneiro - Sadad da Alfândega da Receita Federal do Brasil em Dionísio Cerqueira (SC), Código FG-1.</p><p>Nº 6.379 Designar o Auditor-Fiscal da Receita Federal do Brasil ARNALDO GONCALVES BORTEZE, matrícula SiapeCad nº 00018088, para exercer a Função Gratificada de Chefe da Seção de Vigilância Aduaneira - Savig da Alfândega da Receita Federal do Brasil em Dionísio Cerqueira (SC), Código FG-1.</p><p>Nº 6.380 Designar o Auditor-Fiscal da Receita Federal do Brasil RAFAEL COSTA, matrícula SiapeCad nº 01573664, para exercer a Função Gratificada de Chefe da Seção de Gestão de Riscos Aduaneiros - Sarad da Alfândega da Receita Federal do Brasil em Dionísio Cerqueira (SC), Código FG-1.</p><p>Nº 6.381 Designar o Analista-Tributário da Receita Federal do Brasil MARCOS AUGUSTO ALBIERO SAKIMOTO, matrícula SiapeCad nº 01596204, para exercer a Função Gratificada de Chefe do Núcleo de Programação e Logística - Nupol da Alfândega da Receita Federal do Brasil em Dionísio Cerqueira (SC), Código FG-3.</p><p>Nº 6.382 Designar o Analista-Tributário da Receita Federal do Brasil DANIEL RAFFO SETTI, matrícula SiapeCad nº 01878594, para exercer a Função Gratificada de Chefe do Núcleo de Tecnologia e Segurança da Informação - Nutec da Alfândega da Receita Federal do Brasil em Dionísio Cerqueira (SC), Código FG-3.</p><p>Nº 6.383 Designar o Analista-Tributário da Receita Federal do Brasil CARLOS ALBERTO SPIECKER, matrícula SiapeCad nº 00061813, para exercer a Função Gratificada de Chefe do Núcleo de Gestão de Pessoas - Nugep da Alfândega da Receita Federal do Brasil em Dionísio Cerqueira (SC), Código FG-3.</p><p>Nº 6.384 Designar o Analista-Tributário da Receita Federal do Brasil IVAN GERALDO BALESTRIN, matrícula SiapeCad nº 00013589, para exercer a Função Gratificada de Chefe do Centro de Atendimento ao Contribuinte - CAC da Alfândega da Receita Federal do Brasil em Dionísio Cerqueira (SC), Código FG-2.</p><p>Nº 6.385 Designar o Analista-Tributário da Receita Federal do Brasil ERNANI BRAZ WERLANG, matrícula SiapeCad nº 00018060, para exercer a Função Gratificada de Agente da Receita Federal do Brasil em São Miguel do Oeste (SC), jurisdição da Alfândega da Receita Federal do Brasil em Dionísio Cerqueira (SC), Código FG-1.</p><p>Nº 6.386 Designar o Analista-Tributário da Receita Federal do Brasil LUIZ ANTONIO ZOTTIS, matrícula SiapeCad nº 00002737, para exercer a Função Gratificada de Agente da Receita Federal do Brasil em Santo Antônio do Sudoeste (PR), jurisdição da Alfândega da Receita Federal do Brasil em Dionísio Cerqueira (PR), Código FG-1.</p><p>Nº 6.387 Designar o Auditor-Fiscal da Receita Federal do Brasil ADILSON BETONI, matrícula SiapeCad nº 00064205, para exercer a Função Gratificada de Inspetor-Chefe da Receita Federal do Brasil em Capanema (PR), jurisdição da Alfândega da Receita Federal do Brasil em Dionísio Cerqueira (PR), Código FG-1.</p><p>Nº 6.388 Designar o Analista-Tributário da Receita Federal do Brasil WESLEY ELTON DE ALMEIDA, matrícula SiapeCad nº 01811540, para exercer a Função Gratificada de Chefe da Equipe Aduaneira 1 - EAD1 da Inspetoria da Receita Federal do Brasil em Capanema (PR), jurisdição da Alfândega da Receita Federal do Brasil em Dionísio Cerqueira (PR), Código FG-3.</p><p>Nº 6.389 Nomear o Auditor-Fiscal da Receita Federal do Brasil DALTRO JOSE CARDOZO, matrícula SiapeCad nº 00010912, para exercer o cargo em comissão de Delegado da Alfândega da Receita Federal do Brasil em Florianópolis (SC), Código DAS-101.2.</p><p>Nº 6.390 Designar o Auditor-Fiscal da Receita Federal do Brasil MARCOS ANTONIO VIGHI, matrícula SiapeCad nº 00671816, para exercer o encargo de Substituto Eventual do Delegado da Alfândega da Receita Federal do Brasil em Florianópolis (SC), Código DAS-101.2.</p><p>Nº 6.391 Designar o Auditor-Fiscal da Receita Federal do Brasil MARCOS ANTONIO VIGHI, matrícula SiapeCad nº 00671816, para exercer a Função Comissionada do Poder Executivo de Delegado Adjunto da Alfândega da Receita Federal do Brasil em Florianópolis (SC), Código FCPE-101.1.</p><p>Nº 6.392 Designar o Auditor-Fiscal da Receita Federal do Brasil CARLOS EDUARDO DA VEIGA, matrícula SiapeCad nº 01519221, para exercer a Função Gratificada de Chefe da Seção de Assessoramento Técnico Aduaneiro - Saata da Alfândega da Receita Federal do Brasil em Florianópolis (SC), Código FG-1.</p><p>Nº 6.393 Designar o Auditor-Fiscal da Receita Federal do Brasil HENRIQUE DANIEL NASCIMENTO, matrícula SiapeCad nº 00028098, para exercer a Função Gratificada de Chefe da Seção de Controle Aduaneiro Pós Despacho - Sacap da Alfândega da Receita Federal do Brasil em Florianópolis (SC), Código FG-1.</p><p>Nº 6.394 Designar a Auditora-Fiscal da Receita Federal do Brasil THAYSA SCHIEFLER TEIXEIRA MOTA, matrícula SiapeCad nº 01571297, para exercer a Função Comissionada do Poder Executivo de Chefe do Serviço de Vigilância e Repressão ao Contrabando e Descaminho - Serep da Alfândega da Receita Federal do Brasil em Florianópolis (SC), Código FCPE-101.1.</p><p>Nº 6.395 Designar o Auditor-Fiscal da Receita Federal do Brasil LUIS FERNANDO TOSAKI, matrícula SiapeCad nº 00076065, para exercer o encargo de Substituto Eventual do Chefe do Serviço de Vigilância e Repressão ao Contrabando e Descaminho - Serep da Alfândega da Receita Federal do Brasil em Florianópolis (SC), Código FCPE-101.1.</p><p>Nº 6.396 Designar o Auditor-Fiscal da Receita Federal do Brasil MARCELO POSSAS DE SOUZA, matrícula SiapeCad nº 00065086, para exercer a Função Gratificada de Chefe da Seção de Gestão de Riscos Aduaneiros - Sarad da Alfândega da Receita Federal do Brasil em Florianópolis (SC), Código FG-1.</p><p>Nº 6.397 Designar o Analista-Tributário da Receita Federal do Brasil ITAMAR DOS SANTOS, matrícula SiapeCad nº 00061820, para exercer a Função Gratificada de Chefe do Centro de Atendimento ao Contribuinte - CAC da Alfândega da Receita Federal do Brasil em Florianópolis (SC), Código FG-1.</p><p>Nº 6.398 Designar o Analista-Tributário da Receita Federal do Brasil PABLO RODRIGO MEDEIROS, matrícula SiapeCad nº 01573230, para exercer a Função Gratificada de Chefe da Equipe de Vigilância e Repressão 1 - EVR1 da Alfândega da Receita Federal do Brasil em Florianópolis (SC), Código FG-1.</p><p>Nº 6.399 Designar a Analista-Tributário da Receita Federal do Brasil MARIA CRISTINA TANCREDO GALLOTTI, matrícula SiapeCad nº 01214839, para exercer a Função Gratificada de Chefe da Equipe de Logística 1 - ELG1 da Alfândega da Receita Federal do Brasil em Florianópolis (SC), Código FG-3.</p><p>Nº 6.400 Designar a Analista-Tributário da Receita Federal do Brasil IRENE IRIS CORTABITART RUAS, matrícula SiapeCad nº 00011879, para exercer a Função Gratificada de Chefe da Equipe de Tecnologia e Segurança da Informação 1 - ETI1 da Alfândega da Receita Federal do Brasil em Florianópolis (SC), Código FG-3.</p><p>Nº 6.401 Designar o Agente Administrativo REINALDO DE SOUZA, matrícula SiapeCad nº 00016770, para exercer a Função Gratificada de Chefe da Equipe de Gestão de Pessoas 1 - EGP1 da Alfândega da Receita Federal do Brasil em Florianópolis (SC), Código FG-3.</p><p>Nº 6.402 Designar o Auditor-Fiscal da Receita Federal do Brasil RICARDO RENATO KRZYZANOWSKI, matrícula SiapeCad nº 01294674, para exercer a Função Gratificada de Inspetor-Chefe da Receita Federal do Brasil em Aeroporto Internacional de Florianópolis (SC), jurisdição da Alfândega da Receita Federal do Brasil em Florianópolis (SC), Código FG-1.</p><p>Nº 6.403 Designar o Auditor-Fiscal da Receita Federal do Brasil RENATO KFOURI, matrícula SiapeCad nº 00065514, para exercer a Função Gratificada de Chefe da Equipe Aduaneira 1 - EAD1 da Inspetoria da Receita Federal do Brasil no Aeroporto Internacional de Florianópolis (SC), jurisdição da Alfândega da Receita Federal do Brasil em Florianópolis (SC), Código FG-3.</p><p>Nº 6.404 Designar a Auditora-Fiscal da Receita Federal do Brasil SUSANE GUTHER, matrícula SiapeCad nº 00803821, para exercer a Função Gratificada de Inspetor-Chefe da Receita Federal do Brasil em Imbituba (SC), jurisdição da Alfândega da Receita Federal do Brasil em Florianópolis (SC), Código FG-1.</p>]]></Texto>
    <Autores>
      <assina>JORGE ANTONIO DEHER RACHID</assina>
    </Autores>
  </body>
</article></xml>