﻿<xml><article id="961824" name="PT 591 - 2017" idOficio="4623835" pubName="DO2" artType="Portaria" pubDate="02/01/2018" artClass="00017:00021:00029:00000:00000:00000:00000:00000:00000:00000:00025:00001" artSection="Superintendência Estadual em Minas Gerais" artCategory="Superintendência Estadual em Minas Gerais" artSize="8" artNotes="" numberPage="120" pdfPage="http://pesquisa.in.gov.br/imprensa/jsp/visualiza/index.jsp?data=02/01/2018&amp;jornal=529&amp;pagina=120" editionNumber="1">
  <body>
    <Identifica><![CDATA[PORTARIA Nº 591, DE 28 DE DEZEMBRO DE 2017]]></Identifica>
    <Data><![CDATA[]]></Data>
    <Ementa />
    <Titulo />
    <SubTitulo />
    <Texto><![CDATA[<p> A  SUPERINTENDENTE ESTADUAL DA FUNDAÇÃO NACIONAL DE SAÚDE NO ESTADO DE MINAS GERAIS/SUBSTITUTA, nomeada pela Portaria nº.1111, de 05 de setembro de 2017, publicada no DOU nº 172, de 06 de setembro de 2017  e o que consta no Processo n.º 25190.006.195/2017-99, resolve:</p><p>Art. 1º - CONCEDER aposentadoria voluntária com proventos integrais, a ELISABETH EUSTAQUIA DA CRUZ MANINI, matrícula SIAPE 0468738, ocupante do cargo de assistente de Administração, do Quadro de Pessoal da Fundação Nacional de Saúde, com fundamento no artigo 3º da Emenda Constitucional nº 47/2005.</p><p>Art. 2º - Declarar vago o cargo referido no art. 1º.</p><p>Art. 3º - Esta portaria entra em vigor a partir da data de sua publicação.</p><p> </p>]]></Texto>
    <Autores>
      <assina>MARCIA SILVA DE AZEVEDO ALVES</assina>
    </Autores>
  </body>
</article></xml>