﻿<xml><article id="965367" name="SAMFMA0642017" idOficio="4626164" pubName="DO2" artType="Portaria" pubDate="02/01/2018" artClass="00012:00002:00012:00021:00000:00000:00000:00000:00000:00000:00025:00001" artSection="Superintendência de Administração no Maranhão" artCategory="Superintendência de Administração no Maranhão" artSize="8" artNotes="" numberPage="37" pdfPage="http://pesquisa.in.gov.br/imprensa/jsp/visualiza/index.jsp?data=02/01/2018&amp;jornal=529&amp;pagina=37" editionNumber="1">
  <body>
    <Identifica><![CDATA[PORTARIA Nº 64, DE 29 DE DEZEMBRO DE 2017]]></Identifica>
    <Data><![CDATA[]]></Data>
    <Ementa />
    <Titulo />
    <SubTitulo />
    <Texto><![CDATA[<p> O SUPERINTENDENTE DE ADMINISTRAÇÃO DO MINISTÉRIO DA FAZENDA NO MARANHÃO, no uso de suas atribuições, conferidas pela Portaria Nº.144, de 27/04/2016, do Ministro de Estado da Fazenda, publicada no DOU de 29/04/2016, e tendo em vista o que consta no processo nº 10388.000155/2017-59, resolve:</p><p>Conceder Aposentadoria Voluntária com proventos integrais ao servidor ANTONIO MARTINS, ocupante do Cargo de Agente Vigilância, Classe S, Padrão III, Matrícula SIAPEcad nº 00026252, Matrícula SIAPE nº 0109348, pertencente ao Quadro Permanente do Ministério da Fazenda, lotado na Superintendência de Administração do Ministério da Fazenda no Maranhão, com fundamento no Artigo 40, § 1º, Inciso III, Alínea "a",da Emenda Constitucional nº 41/2003. </p>]]></Texto>
    <Autores>
      <assina>Lauro Luiz Araújo Carvalhal</assina>
    </Autores>
  </body>
</article></xml>