﻿<xml><article id="965162" name="materia dia 29dedezembro" idOficio="4626131" pubName="DO2" artType="Portaria" pubDate="02/01/2018" artClass="00011:00123:00001:00001:00000:00000:00000:00000:00000:00000:00025:00001" artSection="Gabinete" artCategory="Gabinete" artSize="8" artNotes="" numberPage="33" pdfPage="http://pesquisa.in.gov.br/imprensa/jsp/visualiza/index.jsp?data=02/01/2018&amp;jornal=529&amp;pagina=33" editionNumber="1">
  <body>
    <Identifica><![CDATA[PORTARIAs DE 28 DE DEZEMBRO DE 2017]]></Identifica>
    <Data><![CDATA[]]></Data>
    <Ementa />
    <Titulo />
    <SubTitulo />
    <Texto><![CDATA[<p> A REITORA EM EXERCICIO DA UNIVERSIDADE FEDERAL DA PARAIBA, no uso de suas atribuições, resolve:</p><p>Nº 2.218- Nomear em caráter efetivo, nos termos do Artigo 9º da Lei nº. 8.112, de 11 de dezembro de 1990, combinado com a Lei nº. 12.772, de 28 de dezembro de 2012, VINÍCIUS PIETTA PEREZ, para o cargo de Professor do Magistério Superior, Classe A, Denominação Adjunto - A, Nível I, Regime de Trabalho de Dedicação Exclusiva, no Departamento de Fisiologia e Patologia do Centro de Ciências da Saúde, candidato (a) aprovado (a) em Concurso Público para o Quadro de Pessoal da Universidade Federal da Paraíba, aberto pelo Edital nº. 80, de 08/08/2017, publicado no DOU em 14/08/2017, retificado no DOU em 01/09/2017, e o resultado homologado pelo Edital CCS nº. 9, de 04/12/2017, publicado no DOU em 05/12/2017, código de vaga nº. 259773, autorizado pelo Decreto nº. 7.485, de 18/05/2011, publicado no DOU de 19/05/2011. (23074.082769/2017-26)</p><p> Nº 2.217 - Nomear em caráter efetivo, nos termos do Artigo 9º da Lei nº. 8.112, de 11 de dezembro de 1990, combinado com a Lei nº. 12.772, de 28 de dezembro de 2012, DANIELLE ALVES DE OLIVEIRA, para o cargo de Professor do Magistério Superior, Classe A, Denominação Adjunto - A, Nível I, Regime de Trabalho de Dedicação Exclusiva, no Departamento de Ciência da Informação do Centro de Ciências Sociais Aplicadas, candidato (a) aprovado (a) em Concurso Público para o Quadro de Pessoal da Universidade Federal da Paraíba, aberto pelo Edital nº. 87, de 30/08/2016, publicado no DOU em 31/08/2016, e o resultado homologado pelo Edital CCSA nº. 9, de 14/12/2016, publicado no DOU em 22/12/2016, e prorrogado pelo Edital nº 109, de 30/10/2017, publicado no DOU em 31/10/2017, código de vaga nº. 255011, autorizado pelo Decreto nº. 7.485, de 18/05/2011, publicado no DOU de 19/05/2011.</p><p> </p>]]></Texto>
    <Autores>
      <assina>BERNARDINA MARIA JUVENAL FREIRE DE OLIVEIRA</assina>
    </Autores>
  </body>
</article></xml>