﻿<xml><article id="964795" name="PORTARIA SNETUR nº 039-2017 - re" idOficio="4626073" pubName="DO2" artType="Portaria" pubDate="02/01/2018" artClass="00028:00009:00000:00000:00000:00000:00000:00000:00000:00000:00025:00001" artSection="Ministério do Turismo" artCategory="Secretaria Nacional de Estruturação do Turismo" artSize="8" artNotes="" numberPage="136" pdfPage="http://pesquisa.in.gov.br/imprensa/jsp/visualiza/index.jsp?data=02/01/2018&amp;jornal=529&amp;pagina=136" editionNumber="1">
  <body>
    <Identifica><![CDATA[PORTARIA nº 39, de 29 de dezembro de 2017]]></Identifica>
    <Data><![CDATA[]]></Data>
    <Ementa />
    <Titulo />
    <SubTitulo />
    <Texto><![CDATA[<p>O SECRETÁRIO NACIONAL DE ESTRUTURAÇÃO DO TURISMO, no uso das atribuições que lhe confere a Portaria/SE/MTur nº 84, de 7 de outubro de 2015, publicada no Diário Oficial da União de 9 de outubro de 2015, resolve:</p><p>Art. 1o Designar os servidores abaixo relacionados para realizar atos de gestão na Unidade Gestora 540005 - SNETUR - Executora de Contrato.</p><p>Responsável pela inscrição de NE em RPNP a liquidar: Fabrício Bezerra Queiroz - CPF: 624.246.961-87</p><p>Responsável Substituto pela inscrição de NE em RPNP a liquidar: Maria Raimunda da Silva - CPF: 152.646.451-91</p><p>Art. 2º Ficam revogadas as disposições anteriores.</p><p>Art. 3º Esta Portaria entra em vigor na data de sua publicação.</p><p> </p><p> </p>]]></Texto>
    <Autores>
      <assina>JOSÉ ANTONIO SILVA PARENTE</assina>
    </Autores>
  </body>
</article></xml>