﻿<xml><article id="961849" name="(DOU) PORTARIAS 228, 229 - JOVEL" idOficio="4624077" pubName="DO2" artType="Portaria Conjunta" pubDate="02/01/2018" artClass="00012:00002:00012:00020:00000:00000:00000:00000:00000:00000:00026:00001" artSection="Superintendência de Administração em Goiás" artCategory="Superintendência de Administração em Goiás" artSize="8" artNotes="" numberPage="37" pdfPage="http://pesquisa.in.gov.br/imprensa/jsp/visualiza/index.jsp?data=02/01/2018&amp;jornal=529&amp;pagina=37" editionNumber="1">
  <body>
    <Identifica><![CDATA[Portarias de 27 de dezembro de 2017]]></Identifica>
    <Data><![CDATA[]]></Data>
    <Ementa />
    <Titulo />
    <SubTitulo />
    <Texto><![CDATA[<p> O SUPERINTENDENTE DE ADMINISTRAÇÃO DO MINISTÉRIO DA FAZENDA EM GOIÁS E TOCANTINS, no uso da competência que lhe foi atribuída pelo Artigo 86, inciso XI, da Portaria 144, do Senhor Ministro de Estado da Fazenda, de 27/04/2016, publicada no Diário Oficial da União de 29/04/2016, e Portaria SRF/MF nº 1671/05, publicada no DOU de 20/06/05 resolve:</p><p>Nº 228 - CONCEDER aposentadoria voluntária a servidora MARISMAR MARIA DA SILVA, CPF nº 166.592.951-00, Matrícula SIAPE nº 1481028, no cargo de Auditor-Fiscal da Receita Federal Brasil, Nível "NS", Classe "S", Padrão "III", lotada na Delegacia da Receita Federal do Brasil, e em exercício na Equipe de Arrecadação e Cobrança, em Goiânia-GO, com fundamento no Art. 40, § 1º, inciso III, alínea "A" da Constituição Federal, com redação dada pela EC 41/03. (Processo nº: 10120-730.264/2017-35).</p><p>Nº 229 - CONCEDER aposentadoria voluntária a servidora JOVELINA VIANA CAMARGO, CPF nº 254.468.511-53, Matrícula SIAPE 102836, no cargo de Auxiliar Operacional de Serviços Diversos, Nível "NI", Classe "S", Padrão "III", lotada na Delegacia da Receita Federal do Brasil e em exercício no Serviço de Tecnologia  da Informação em Goiânia-GO, com fundamento no Art. 3º da EC nº 47, de 05/07/2005, publicada no DOU de 06/07/2005. (Processo nº: 10120-730.179/2017-77).</p><p>                 </p>]]></Texto>
    <Autores>
      <assina>Carlos Roberto Neri Matos</assina>
    </Autores>
  </body>
</article></xml>