﻿<xml><article id="964765" name="PT 1552 A 1562 FUNASA-PRE" idOficio="4626068" pubName="DO2" artType="Portaria" pubDate="02/01/2018" artClass="00017:00021:00000:00000:00000:00000:00000:00000:00000:00000:00025:00001" artSection="Ministério da Saúde" artCategory="Fundação Nacional de Saúde" artSize="8" artNotes="" numberPage="120" pdfPage="http://pesquisa.in.gov.br/imprensa/jsp/visualiza/index.jsp?data=02/01/2018&amp;jornal=529&amp;pagina=120" editionNumber="1">
  <body>
    <Identifica><![CDATA[PORTARIAS de 28 DE DEZEMBRO DE 2017]]></Identifica>
    <Data><![CDATA[]]></Data>
    <Ementa />
    <Titulo />
    <SubTitulo />
    <Texto><![CDATA[<p> </p><p> O PRESIDENTE DA FUNDAÇÃO NACIONAL DE SAÚDE, no exercício da competência que lhe confere o art. 14, inciso VIII, do Estatuto aprovado pelo Decreto 8.867 de 3/10/2016, publicado no D.O.U. de 4/10/2016, resolve:</p><p>Nº 1.552 Designar MANOEL MARIA HENRIQUE NAVA JUNIOR para exercer no período de 26 a 29/12/2017, o encargo de substituto da Coordenação de Informação e Tecnologia em Saneamento do Departamento de Engenharia de Saúde Pública da Fundação Nacional de Saúde, DAS-101.3, código 50.0088.</p><p>Nº 1.556 Nomear JOSÉ RONALDO BAYMA CRAVEIRO para exercer o cargo de Superintendente Estadual da Fundação Nacional de Saúde no Estado do Acre, DAS-101.4, código 50.0100.</p><p>Nº 1.558 Designar SEBASTIÃO MARCOS WERNECK para exercer o encargo de substituto eventual do Serviço de Saúde Ambiental da Superintendência Estadual da Fundação Nacional de Saúde no Estado do Rio de Janeiro, FCPE-101.1, código 50.0457.</p><p>Nº 1.559 Dispensar DIOGENES OTERO GALHARDO BRAGA da Função Comissionada do Poder Executivo de Chefe da Divisão de Engenharia de Saúde Pública da Superintendência Estadual da Fundação Nacional de Saúde no Estado de Minas Gerais, FCPE-101.2, código 50.0287.</p><p>Nº 1.560 Designar MARCELO LIBÂNIO COUTINHO para exercer a função Comissionada do Poder Executivo de Chefe da Divisão de Engenharia de Saúde Pública da Superintendência Estadual da Fundação Nacional de Saúde no Estado de Minas Gerais, FCPE-101.2, código 50.0287.</p><p>Nº 1.561 Convalidar os atos praticados por JOÃO MANES no período de 13 a 29/12/2017, como substituto da Coordenação de Tomada de Contas Especial da Auditoria Interna da Fundação Nacional de Saúde, DAS-101.3, código 50.0047.</p><p>Nº 1.562 Designar LIZIANE RAQUEL MOREIRA para exercer no período de 21/12/2017 a 5/1/2018, o encargo de substituta da Coordenação-Geral de Planejamento e Avaliação da Diretoria Executiva da Fundação Nacional de Saúde, DAS-101.4, código 50.0028.</p><p> </p>]]></Texto>
    <Autores>
      <assina>RODRIGO SÉRGIO DIAS</assina>
    </Autores>
  </body>
</article></xml>