﻿<xml><article id="963877" name="Aposentadoria -02-01-2018" idOficio="4625975" pubName="DO2" artType="Portaria" pubDate="02/01/2018" artClass="00017:00026:00014:00008:00000:00000:00000:00000:00000:00000:00025:00002" artSection="Hospital Federal da Lagoa" artCategory="Hospital Federal da Lagoa" artSize="8" artNotes="" numberPage="120" pdfPage="http://pesquisa.in.gov.br/imprensa/jsp/visualiza/index.jsp?data=02/01/2018&amp;jornal=529&amp;pagina=120" editionNumber="1">
  <body>
    <Identifica><![CDATA[Portarias de 29 de Novembro de 2017]]></Identifica>
    <Data><![CDATA[]]></Data>
    <Ementa />
    <Titulo />
    <SubTitulo />
    <Texto><![CDATA[<p> </p><p> O Diretor do Hospital Federal da Lagoa do Núcleo Estadual de Saúde do Estado do Rio de Janeiro, no uso de suas atribuições conferidas pela Portaria MS/GM nº 1.041 de 30.10.2009, publicada no Diário Oficial da União de 03/11/2009, resolve:</p><p>Nº 234 - Conceder Aposentadoria Voluntária Integral ao Servidor Carlos Alberto de Almeida Monteiro, Matrícula SIAPE 0.626.117, ocupante do cargo de Médico, Nível Superior, Classe S, Padrão III, do Quadro de Pessoal deste Ministério, lotado no Hospital Federal da Lagoa, com fundamento no artigo 40 §1, INCISO III, alínea "a" c/c EC 41/2003. (Processo nº 33408.454635/2017-56)</p><p>Nº 236 - Conceder Aposentadoria Voluntária Integral à Servidora Mônica Schlieckmann Skacel, Matrícula SIAPE 0.650.363, ocupante do cargo de Médico, Nível Superior, Classe S, Padrão III, do Quadro de Pessoal deste Ministério, lotada no Hospital Federal da Lagoa, com fundamento no artigo 40 §1, INCISO III, alínea "a" c/c EC 41/2003. (Processo nº 33408.008053/2017-00)</p><p>Nº 237 - Conceder Aposentadoria Voluntária Integral à Servidora Maria Regina Saraiva Teixeira, Matrícula SIAPE 6.639.098, ocupante do cargo de Médico, Nível Superior, Classe S, Padrão III, do Quadro de Pessoal deste Ministério, lotada no Hospital Federal da Lagoa, com fundamento no artigo 3º da EC 47/2005, com provento correspondente ao vencimento do cargo efetivo, acrescido de 21% (vinte e um por cento) de Adicional por Tempo de Serviço e Gratificação de Desempenho da Atividade Médica da Carreira da Previdência da Saúde e do Trabalho (GDM-PST), calculada na forma da Lei 13.324/2016.  (Processo nº 33408.453066/2017-21)</p><p>Nº 238 - Conceder Aposentadoria Voluntária Integral à Servidora Ana Maria Coelho Joaquim, Matrícula SIAPE 0.628.475, ocupante do cargo de Auxiliar de Enfermagem, Nível Intermediário, Classe S, Padrão III, do Quadro de Pessoal deste Ministério, lotada no Hospital Federal da Lagoa, com fundamento no artigo 3º da EC 47/2005, com provento correspondente ao vencimento do cargo efetivo, acrescido de 16% (dezesseis por cento) de Adicional por Tempo de Serviço e Gratificação de Desempenho da Carreira da Previdência da Saúde e do Trabalho (GDPST), calculada na forma da Lei 13.324/2016. </p><p>(Processo nº 33408.461924/2017-10)</p><p> </p>]]></Texto>
    <Autores>
      <assina>Pedro Cirillo</assina>
    </Autores>
  </body>
</article></xml>