﻿<xml><article id="962789" name="PORTARIA Nº 256 DESIGNAR JOAO VA" idOficio="4625894" pubName="DO2" artType="Portaria" pubDate="02/01/2018" artClass="00008:00005:00020:00000:00000:00000:00000:00000:00000:00000:00025:00002" artSection="Presidência" artCategory="Presidência" artSize="8" artNotes="" numberPage="7" pdfPage="http://pesquisa.in.gov.br/imprensa/jsp/visualiza/index.jsp?data=02/01/2018&amp;jornal=529&amp;pagina=7" editionNumber="1">
  <body>
    <Identifica><![CDATA[PORTARIA Nº 256, DE 8 DE NOVEMBRO DE 2017]]></Identifica>
    <Data><![CDATA[]]></Data>
    <Ementa />
    <Titulo />
    <SubTitulo />
    <Texto><![CDATA[<p> O PRESIDENTE DA AGÊNCIA ESPACIAL BRASILEIRA, no uso das atribuições que lhe confere o § 3º, art. 3º do Capítulo III do Decreto nº 8.868, de 04 de outubro de 2016, publicado no DOU de 05 de outubro de 2016, que aprovou a Estrutura Regimental e o Quadro Demonstrativo dos Cargos em Comissão e das Funções de confiança da Agência Espacial Brasileira, resolve:</p><p>Designar JOÃO VALENTIM BIN, CPF nº 096.782.981-04, Assistente, código DAS 102.2, para substituir, o Diretor de Política Espacial e Investimentos Estratégicos, código DAS 101.5, desta Agência, sem acumulação de vencimentos e sem prejuízos das atribuições da função que atualmente ocupa.</p>]]></Texto>
    <Autores>
      <assina>JOSÉ RAIMUNDO BRAGA COELHO</assina>
    </Autores>
  </body>
</article></xml>