﻿<xml><article id="963489" name="Portarias 3974 - 3985 de 28.12.2" idOficio="4625883" pubName="DO2" artType="Portaria" pubDate="02/01/2018" artClass="00011:00083:00000:00000:00000:00000:00000:00000:00000:00000:00025:00001" artSection="Ministério da Educação" artCategory="Instituto Federal de Educação, Ciência e Tecnologia de Sergipe" artSize="8" artNotes="" numberPage="22-29" pdfPage="http://pesquisa.in.gov.br/imprensa/jsp/visualiza/index.jsp?data=02/01/2018&amp;jornal=529&amp;pagina=22,http://pesquisa.in.gov.br/imprensa/jsp/visualiza/index.jsp?data=02/01/2018&amp;jornal=529&amp;pagina=29" editionNumber="1">
  <body>
    <Identifica><![CDATA[PORTARIAS DE 28 DE DEZEMBRO DE 2017]]></Identifica>
    <Data><![CDATA[]]></Data>
    <Ementa />
    <Titulo />
    <SubTitulo />
    <Texto><![CDATA[<p> </p><p> O REITOR DO IFS, no uso das atribuições que lhe confere a Lei nº 11.892, de 29 de dezembro de 2008, em conformidade com o Decreto Ministerial de 09 de julho de 2014, publicado no DOU de 10 de julho de 2014 e Resolução nº 32/2014/CS/IFS e considerando as informações contidas nos Processos IFS nº 23060.004380/2017-07 e 23060.004381/2017-43, resolve:</p><p>Nº 3974 - 1. Designar o servidor PAULO REGE SANTOS MATOS, matrícula SIAPE nº 1842964, para substituir, no período de 02 a 31/01/2018, o Diretor Geral, código CD-2, Campus Socorro, o servidor Alberto Aciole Bomfim, ausente por motivo de férias.</p><p>Nº 3975 - 1. Designar o servidor Herbert Melo Lima, matrícula SIAPE 2157287, para substituir, no período de 26/12/2017 a 14/01/2018, a Gerente de Ensino Técnico, código CD-04, Campus Aracaju, servidora Isley Fehlberg, ausente por motivo de férias.</p><p>2. Estas Portarias entram em vigor nesta data.</p><p>Nº 3985 - 1. Declarar vago, a partir de 30/11/2017, o cargo efetivo de Técnico de Tecnologia da Informação, até então ocupado pelo servidor Arian Dantas Meneses, Classe D, Nível/Padrão 303, matrícula SIAPE 1961025, em decorrência de posse em outro cargo inacumulável.</p><p>2. Em razão de o servidor encontrar-se excedente de lotação, não há código de vaga a ser informado.</p><p>3. Esta portaria entra em vigor nesta data, devendo ser publicada no Diário Oficial da União.</p>]]></Texto>
    <Autores>
      <assina>Ailton Ribeiro de Oliveira</assina>
    </Autores>
  </body>
</article></xml>