﻿<xml><article id="965448" name="PT 176 E 177 LONDRINA" idOficio="4626168" pubName="DO2" artType="Portaria" pubDate="02/01/2018" artClass="00022:00029:00241:00015:00033:00000:00000:00000:00000:00000:00025:00006" artSection="Seção Operacional da Gestão de Pessoas" artCategory="Seção Operacional da Gestão de Pessoas" artSize="8" artNotes="" numberPage="129" pdfPage="http://pesquisa.in.gov.br/imprensa/jsp/visualiza/index.jsp?data=02/01/2018&amp;jornal=529&amp;pagina=129" editionNumber="1">
  <body>
    <Identifica><![CDATA[PORTARIAS DE 28 DE DEZEMBRO DE 2017]]></Identifica>
    <Data><![CDATA[]]></Data>
    <Ementa />
    <Titulo />
    <SubTitulo />
    <Texto><![CDATA[<p> </p><p> A CHEFE DA SEÇÃO OPERACIONAL DA SEÇÃO DE PESSOAS, DA GERÊNCIA EXECUTIVA DO INSS EM LONDRINA, NO ESTADO DO PARANÁ, no uso das atribuições que lhe confere o art. 235 do regimento interno do INSS, aprovado pela portaria MDS n° 414, publicado no DOU extra n° 188 de 29/09/2017, resolve: </p><p>Nº 176 - Art. 1º Conceder aposentadoria voluntária a servidora IVONE APARECIDA DOS SANTOS SOUZA, matrícula SIAPE 0948102, ocupante do cargo de Técnico do Seguro Social, NS-434550, Classe S, Padrão IV, do Quadro de Pessoal do Instituto Nacional do Seguro Social, com fundamento no artigo 3º da Emenda Constitucional nº 47/2005, com proventos integrais, com base na remuneração do cargo e demais vantagens a que faz jus. Art. 2º Declarar vago o referido cargo. Processo nº 35194.000312/2017-24.</p><p>Nº 177 - Art. 1º Conceder aposentadoria voluntária a servidora MARIA APARECIDA NEGRINI SANCHES COSTA, matrícula SIAPE 0901920, ocupante do cargo de Agente de Serviços Diversos, NS-434552, Classe S, Padrão IV, do Quadro de Pessoal do Instituto Nacional do Seguro Social, com fundamento no artigo 3º da Emenda Constitucional nº 47/2005, com proventos integrais, com base na remuneração do cargo e demais vantagens a que faz jus. Art. 2º Declarar vago o referido cargo.Processo nº 35194.000311/2017-80.</p><p> </p>]]></Texto>
    <Autores>
      <assina>EDINA MARIA NOVAES</assina>
    </Autores>
  </body>
</article></xml>