﻿<xml><article id="961969" name="PT 121 SOGP MARINGA 02.01" idOficio="4625091" pubName="DO2" artType="Portaria" pubDate="02/01/2018" artClass="00022:00029:00241:00016:00018:00000:00000:00000:00000:00000:00025:00001" artSection="Seção Operacional da Gestão de Pessoas" artCategory="Seção Operacional da Gestão de Pessoas" artSize="8" artNotes="" numberPage="129" pdfPage="http://pesquisa.in.gov.br/imprensa/jsp/visualiza/index.jsp?data=02/01/2018&amp;jornal=529&amp;pagina=129" editionNumber="1">
  <body>
    <Identifica><![CDATA[PORTARIA Nº 121, DE 29 DE DEZEMBRO 2017]]></Identifica>
    <Data><![CDATA[]]></Data>
    <Ementa />
    <Titulo />
    <SubTitulo />
    <Texto><![CDATA[<p> </p><p> </p><p> O Chefe da Seção Operacional da Gestão de Pessoas, da Gerência Executiva do INSS em Maringá - Paraná, no uso das atribuições conferidas pelo Art. 235 do Regimento Interno do INSS, aprovado pela Portaria MPS nº 414, de 28/09/2017, publicada no DOU Edição Extra nº 188-A, de 29/9/2017, Seção 1 c/c o Art. 7º da Orientação Normativa SEGEP/MP nº 04, de 21/02/2013, e tendo em vista o que consta do processo nº 35195.000174/2017-73, resolve:</p><p>Art. 1º Conceder aposentadoria voluntária integral a servidora SILVIANE FERREIRA RODRIGUES matrícula SIAPE 0947990, ocupante do cargo de Técnico do Seguro Social - 434550, NI, Classe S, Padrão IV, do quadro de pessoal do Instituto Nacional do Seguro Social, com fundamento no artigo 3º da Emenda Constitucional nº 47/2005, com proventos mensais correspondentes a citada Classe e Padrão, e demais vantagens que faz jus.</p><p>Art. 2º Por consequência, declarar vago o referido cargo. </p><p>Art. 3º Esta Portaria entra em vigor na data de sua publicação.</p><p> </p>]]></Texto>
    <Autores>
      <assina>JOÃO PAULO VALIM DOS REIS</assina>
    </Autores>
  </body>
</article></xml>