﻿<xml><article id="961858" name="Portaria 650 de 27 de dezembro d" idOficio="4624129" pubName="DO2" artType="Portaria" pubDate="02/01/2018" artClass="00015:00004:00000:00000:00000:00000:00000:00000:00000:00000:00025:00002" artSection="Ministério da Justiça e Segurança Pública" artCategory="Arquivo Nacional" artSize="8" artNotes="" numberPage="113" pdfPage="http://pesquisa.in.gov.br/imprensa/jsp/visualiza/index.jsp?data=02/01/2018&amp;jornal=529&amp;pagina=113" editionNumber="1">
  <body>
    <Identifica><![CDATA[PORTARIA Nº 650, DE 27 DE DEZEMBRO DE 2017]]></Identifica>
    <Data><![CDATA[]]></Data>
    <Ementa />
    <Titulo />
    <SubTitulo />
    <Texto><![CDATA[<p> A DIRETORA-GERAL DO ARQUIVO NACIONAL, no uso da competência atribuída pela Portaria nº 502, de 29 de maio de 2014, da Secretaria-Executiva do Ministério da Justiça, publicada no Diário Oficial da União de 5 de junho de 2014, RESOLVE:</p><p>Art. 1º - Designar a servidora ELISABETH CHAFFIM MARTINS, matrícula SIAPE nº 6162266, para exercer a Função Comissionada do Poder Executivo de Assistente Técnico na Direção Geral do Arquivo Nacional, Código FCPE 102.1.</p><p>Art. 2º - Esta Portaria entrará em vigor na data de sua publicação.</p>]]></Texto>
    <Autores>
      <assina>CAROLINA CHAVES DE AZEVEDO</assina>
    </Autores>
  </body>
</article></xml>