﻿<xml><article id="962732" name="Portaria Nº 1451GRUFFS2017" idOficio="4625851" pubName="DO2" artType="Portaria" pubDate="02/01/2018" artClass="00011:00113:00000:00000:00000:00000:00000:00000:00000:00000:00025:00001" artSection="Ministério da Educação" artCategory="Universidade Federal da Fronteira Sul" artSize="8" artNotes="" numberPage="31" pdfPage="http://pesquisa.in.gov.br/imprensa/jsp/visualiza/index.jsp?data=02/01/2018&amp;jornal=529&amp;pagina=31" editionNumber="1">
  <body>
    <Identifica><![CDATA[PORTARIA Nº 1.451, DE 29 DE DEZEMBRO DE 2017]]></Identifica>
    <Data><![CDATA[]]></Data>
    <Ementa />
    <Titulo />
    <SubTitulo />
    <Texto><![CDATA[<p> </p><p> O REITOR DA UNIVERSIDADE FEDERAL DA FRONTEIRA SUL (UFFS), no uso de suas atribuições legais, resolve:</p><p>Art. 1º DISPENSAR, a pedido, à servidora TANIA IVANI ROKOHL, Bibliotecária-Documentalista, SIAPE nº 1947761, da função de Chefe da Assessoria de Bibliotecas, do Campus Erechim, código FG-4, integrante do Quadro Distributivo de Cargos e Funções Gratificadas desta Universidade, função para a qual havia sido designada pela Portaria nº 1268/GR/UFFS/2014, de 10 de novembro de 2014, publicada no DOU subsequente.</p><p>Art. 2º Esta Portaria entra em vigor na data de sua publicação no Diário Oficial da União.</p><p> </p>]]></Texto>
    <Autores>
      <assina>JAIME GIOLO</assina>
    </Autores>
  </body>
</article></xml>