﻿<xml><article id="964051" name="portaria nº 3023.2017 RTR" idOficio="4625989" pubName="DO2" artType="Portaria" pubDate="02/01/2018" artClass="00011:00067:00001:00000:00000:00000:00000:00000:00000:00000:00025:00001" artSection="Reitoria" artCategory="Reitoria" artSize="8" artNotes="" numberPage="25" pdfPage="http://pesquisa.in.gov.br/imprensa/jsp/visualiza/index.jsp?data=02/01/2018&amp;jornal=529&amp;pagina=25" editionNumber="1">
  <body>
    <Identifica><![CDATA[PORTARIA Nº 3.023, DE 26 DE DEZEMBRO DE 2017]]></Identifica>
    <Data><![CDATA[]]></Data>
    <Ementa />
    <Titulo />
    <SubTitulo />
    <Texto><![CDATA[<p> A REITORA SUBSTITUTA DO INSTITUTO FEDERAL DE EDUCAÇÃO, CIÊNCIA E TECNOLOGIA DE MATO GROSSO, no uso de suas atribuições legais, designada pela Portaria IFMT nº 877 de 20.04.2017, publicada no D.O.U. em 25.04.2017, e considerando o Processo nº 23188.038341.2017-69, resolve:</p><p>I - Declarar VAGO, a partir de 30.11.2017, o cargo de Contador, ocupado pelo servidor TULIO MARCEL RUFINO DE VASCONCELOS FIGUEIREDO, matrícula SIAPE nº 1749599, pertencente ao Quadro de Pessoal deste IFMT - Reitoria, nos termos do Inciso VIII, Artigo 33 da Lei nº 8.112/90, por tomar posse em outro cargo público inacumulável.</p>]]></Texto>
    <Autores>
      <assina>GLÁUCIA MARA DE BARROS</assina>
    </Autores>
  </body>
</article></xml>