﻿<xml><article id="964036" name="PORT CONC PENSÃO-ALT CEST-CE 29." idOficio="4625987" pubName="DO2" artType="Portaria" pubDate="02/01/2018" artClass="00014:00018:00022:00000:00000:00000:00000:00000:00000:00000:00025:00001" artSection="Coordenadoria Estadual no Ceará" artCategory="Coordenadoria Estadual no Ceará" artSize="8" artNotes="" numberPage="111" pdfPage="http://pesquisa.in.gov.br/imprensa/jsp/visualiza/index.jsp?data=02/01/2018&amp;jornal=529&amp;pagina=111" editionNumber="1">
  <body>
    <Identifica><![CDATA[PORTARIAS DE 28 DE DEZEMBRO DE 2017]]></Identifica>
    <Data><![CDATA[]]></Data>
    <Ementa />
    <Titulo />
    <SubTitulo />
    <Texto><![CDATA[<p> O COORDENADOR SUBSTITUTO DA COORDENADORIA ESTADUAL DO DEPARTAMENTO NACIONAL DE OBRAS CONTRA AS SECAS NO CEARÁ, usando da competência que lhe foi delegada por meio da Portaria nº 402/DG/DA/CRH, de 30 de agosto de 2013, Publicada no Boletim Administrativo Edição Extra da mesma data,  resolve:</p><p>Nº  74 - Conceder pensão a Oscarina Ferreira de Sousa, cônjuge do ex-servidor João Pereira de Sousa, aposentado no cargo de Auxiliar Operacional em Serviços Diversos, código 481138, Classe S, Padrão NA-I, SIAPE 730083, do Quadro Pessoal do DNOCS, pertencente a esta Coordenadoria Estadual do Ceará, com fundamento nos artigos 215 e 217, inciso I, e 222, inciso VII, alínea "a", item 6, da Lei nº 8.112/90, alterada pela Lei nº 13.135/2015, c/c o art. 40, § 7º, inciso I da Constituição Federal de 1988, com a redação dada pela Emenda Constitucional 41/2003, calculada com base no artigo 2º, inciso I, da Lei nº 10.887/2004, com vigência a partir de 16 de novembro de 2017, data do falecimento do ex-servidor. (Proc. nº 59402.002756/2017-60).</p><p>Nº  75 - Alterar a Portaria nº 58 CEST/CE/ADM/SRH, de 10 de outubro de 2017, publicada no Diário Oficial da União nº 206, de 26 de outubro de 2017, para incluir por habilitação tardia, Marhia Graziely Alves Pinheiro, filha do ex-servidor Raimundo Itamar Lopes Pinheiro, aposentado no cargo de Motorista Oficial, Código 481262, Classe S, Padrão NI-III, SIAPE 730993, falecido em 09 de janeiro de 2016, do Quadro de Pessoal do DNOCS, pertencente a esta Coordenadoria Estadual do Ceará, com fundamento nos artigos 215 e 217, inciso IV, alínea "a", e 218, da Lei nº 8.112/90, alterada pela Lei nº 13.135/2015, c/c o art. 40, § 7º, inciso I da Constituição Federal de 1988, com a redação dada pela Emenda Constitucional 41/2003, calculada com base no artigo 2º, inciso I, da Lei nº 10.887/2004, com vigência a partir de 06 de dezembro de 2017. (Proc. nº 59402.002701/2017-50). </p>]]></Texto>
    <Autores>
      <assina>Cláudio Roberto Rodrigues de Lima</assina>
    </Autores>
  </body>
</article></xml>