﻿<xml><article id="964299" name="2017-12-29/4626039/TCUWS_1043615" idOficio="4626039" pubName="DO2" artType="Portaria" pubDate="02/01/2018" artClass="00034:00008:00002:00000:00000:00000:00000:00000:00000:00000:00025:00001" artSection="Secretaria de Gestão de Pessoas" artCategory="Secretaria de Gestão de Pessoas" artSize="8" artNotes="" numberPage="140" pdfPage="http://pesquisa.in.gov.br/imprensa/jsp/visualiza/index.jsp?data=02/01/2018&amp;jornal=529&amp;pagina=140" editionNumber="1">
  <body>
    <Identifica><![CDATA[PORTARIA Nº 214, DE 29 DE DEZEMBRO DE 2017]]></Identifica>
    <Data><![CDATA[]]></Data>
    <Ementa />
    <Titulo />
    <SubTitulo />
    <Texto><![CDATA[<p> O SECRETÁRIO DE GESTÃO DE PESSOAS DO TRIBUNAL DE CONTAS DA UNIÃO, no uso das atribuições que lhe confere o disposto no inciso II do art. 1° da Portaria n° 3, de 2 de janeiro de 2017, do Secretário-Geral de Administração deste Tribunal e tendo em vista o que consta da Portaria-SEGECEX nº 24, de 02 de outubro de 2017, resolve: </p><p>Art. 1º Designar LUCIANO SASAKI CORDEIRO, Matrícula 6552-8, AUFC, para exercer, na Secretaria de Controle Externo da Administração Indireta no Rio de Janeiro, a função de confiança de Especialista Sênior II, código FC-4 (Direção), no período compreendido entre a data de publicação desta Portaria e 30 de janeiro de 2018.</p><p>Art. 2º Esta Portaria entra em vigor na data de sua publicação.</p>]]></Texto>
    <Autores>
      <assina>FERNANDO LUIZ SOUZA DA EIRA</assina>
    </Autores>
  </body>
</article></xml>