﻿<xml><article id="962364" name="2017-12-28; PORTARIAS 2; 29-12-2" idOficio="4625739" pubName="DO2" artType="Portaria" pubDate="02/01/2018" artClass="00011:00072:00001:00000:00000:00000:00000:00000:00000:00000:00025:00001" artSection="Reitoria" artCategory="Reitoria" artSize="8" artNotes="" numberPage="25" pdfPage="http://pesquisa.in.gov.br/imprensa/jsp/visualiza/index.jsp?data=02/01/2018&amp;jornal=529&amp;pagina=25" editionNumber="1">
  <body>
    <Identifica><![CDATA[PORTARIA Nº 3.157, DE 27 DE DEZEMBRO DE 2017]]></Identifica>
    <Data><![CDATA[]]></Data>
    <Ementa />
    <Titulo />
    <SubTitulo />
    <Texto><![CDATA[<p> O Reitor do Instituto Federal de Educação, Ciência e Tecnologia da Paraíba, nomeado pelo Decreto Presidencial de 12-08-2014, publicado no Diário Oficial da União em 13-08-2014, no uso de suas atribuições legais, resolve:</p><p>I - Exonerar, a pedido, a servidora EUDNA MARIA BARBOSA DE ARAÚJO, Matrícula nº 715331, CPF nº 419.242.074-00, ocupante do cargo de Professor do Ensino Básico, Técnico e Tecnológico, do Quadro Permanente de Pessoal deste Instituto,  do Cargo de Direção de Diretora de Extensão Popular e Rural, código CD-04, da Pró-Reitoria de Extensão e Cultura;</p><p>II - esta Portaria entra em vigor a partir da sua publicação.</p><p> O Reitor do Instituto Federal de Educação, Ciência e Tecnologia da Paraíba, nomeado pelo Decreto Presidencial de 12-08-2014, publicado no Diário Oficial da União em 13-08-2014, no uso de suas atribuições legais, resolve:</p><p>I - Nomear a servidora FLORA ALEXANDRE MEIRA COSTA, Matrícula nº 1926432, CPF nº 054.575.504-27, ocupante do cargo de Professor do Ensino Básico, Técnico e Tecnológico, do Quadro Permanente de Pessoal deste Instituto, para exercer o Cargo de Direção de Diretora de Extensão Popular e Rural, código CD-04, da Pró-Reitoria de Extensão e Cultura;</p><p>II -esta Portaria entra em vigor a partir da sua publicação.</p>]]></Texto>
    <Autores>
      <assina>CÍCERO NICÁCIO DO NASCIMENTO LOPES</assina>
      <assina>CÍCERO NICÁCIO DO NASCIMENTO LOPES</assina>
    </Autores>
  </body>
</article></xml>