﻿<xml><article id="961800" name="2221.RICARDO-JOSÉ-17" idOficio="4623479" pubName="DO2" artType="Portaria" pubDate="02/01/2018" artClass="00033:00008:00001:00004:00000:00000:00000:00000:00000:00000:00025:00004" artSection="Diretoria-Geral" artCategory="Diretoria-Geral" artSize="8" artNotes="" numberPage="139" pdfPage="http://pesquisa.in.gov.br/imprensa/jsp/visualiza/index.jsp?data=02/01/2018&amp;jornal=529&amp;pagina=139" editionNumber="1">
  <body>
    <Identifica><![CDATA[PORTARIA Nº 2.221, DE 26 DE DEZEMBRO DE 2017]]></Identifica>
    <Data><![CDATA[]]></Data>
    <Ementa />
    <Titulo />
    <SubTitulo />
    <Texto><![CDATA[<p> A DIRETORA-GERAL ADJUNTA DO MINISTÉRIO PÚBLICO DO TRABALHO, no uso da competência que lhe foi delegada pela Portaria MPT-PGT nº 86, de 30 de março de 2016, e o que consta no PGEA nº 0019998.2017.00.900/8, resolve:</p><p>Art. 1º Designar, a contar de 2.1.2018, o servidor RICARDO VAZ GOMES BASTOS, matrícula 6007773-5, ocupante do cargo de Técnico do MPU/Administração, para a função de confiança de Chefe do Setor de Controle e Avaliação, código FC-2, do Departamento de Administração da Procuradoria Geral do Trabalho.</p><p>Art. 2º Dispensar, a contar de 2.1.2018, o servidor JOSE DIAS DE SOUZA, matrícula 6002439-9, ocupante do cargo de Analista do MPU/Perícia/Engenharia Civil, da função de confiança de Chefe do Setor de Distribuição de Material, código FC-2, do Departamento de Administração da Procuradoria Geral do Trabalho.</p>]]></Texto>
    <Autores>
      <assina>SANDRA CRISTINA DE ARAÚJO</assina>
    </Autores>
  </body>
</article></xml>