﻿<xml><article id="964113" name="Nomear JUCARA APARECIDA PEREIRA " idOficio="4626006" pubName="DO2" artType="Portaria" pubDate="02/01/2018" artClass="00011:00116:00021:00004:00010:00000:00000:00000:00000:00000:00025:00001" artSection="Divisão de Recrutamento e Seleção" artCategory="Divisão de Recrutamento e Seleção" artSize="8" artNotes="" numberPage="32" pdfPage="http://pesquisa.in.gov.br/imprensa/jsp/visualiza/index.jsp?data=02/01/2018&amp;jornal=529&amp;pagina=32" editionNumber="1">
  <body>
    <Identifica><![CDATA[PORTARIA Nº 2.315, DE 29 DE DEZEMBRO DE 2017]]></Identifica>
    <Data><![CDATA[]]></Data>
    <Ementa />
    <Titulo />
    <SubTitulo />
    <Texto><![CDATA[<p> A Chefe de Recrutamento e Seleção de Pessoal da Universidade Federal de Itajubá, no uso da competência que lhe foi delegada pelo Reitor da UNIFEI, através da Portaria nº. 1.709, de 17/11/2015, publicada no DOU de 18/11/2015, e de acordo com o Edital de Homologação nº 10, publicado no DOU de 08/03/2017, Decreto nº 7.232/2010 e Portaria Interministerial MPOG/MEC nº 316/2017, resolve:</p><p>NOMEAR, em caráter efetivo, JUÇARA APARECIDA PEREIRA SOUZA, para o Quadro Permanente de Pessoal desta Universidade, Campus Itajubá, candidata habilitada em Concurso Público para o Cargo de Assistente em Administração, Nível de Classificação D, Nível de Capacitação I, Padrão de Vencimento 01, no código de vaga 0963035.</p>]]></Texto>
    <Autores>
      <assina>ALINY CRISTINA DOS SANTOS</assina>
    </Autores>
  </body>
</article></xml>