﻿<xml><article id="979100" name="PORTARIAS GR - GVR - 2017 - DOU" idOficio="4626044" pubName="DO2" artType="Portaria" pubDate="03/01/2018" artClass="00011:00135:00003:00000:00000:00000:00000:00000:00000:00000:00025:00001" artSection="Centro de Ciências Naturais e Exatas" artCategory="Centro de Ciências Naturais e Exatas" artSize="8" artNotes="" numberPage="14" pdfPage="http://pesquisa.in.gov.br/imprensa/jsp/visualiza/index.jsp?data=03/01/2018&amp;jornal=529&amp;pagina=14" editionNumber="2">
  <body>
    <Identifica><![CDATA[PORTARIA Nº 243, DE 28 DE DEZEMBRO DE 2017]]></Identifica>
    <Data><![CDATA[]]></Data>
    <Ementa />
    <Titulo />
    <SubTitulo />
    <Texto><![CDATA[<p> </p><p> A DIRETORA DO CENTRO DE CIÊNCIAS NATURAIS E EXATAS, nomeada pela Portaria n. 68.963, de 07 de janeiro de 2014-UFSM, no uso de suas atribuições legais, em virtude da delegação de competência atribuída pela Portaria n. 55.927, de 29 de setembro de 2009-UFSM, resolve:</p><p>DISPENSAR Sérgio Dias da Silva, Matrícula SIAPE 1334493, a partir de 1º de Janeiro de 2018, da função de Diretor do Centro de Apoio a Pesquisa Paleontológica.</p><p> </p><p> A DIRETORA DO CENTRO DE CIÊNCIAS NATURAIS E EXATAS da Universidade Federal de Santa Maria, nomeada pela Portaria n. 68.963, de 07 de janeiro de 2014 - UFSM, no uso de suas atribuições legais, em virtude da delegação de competência atribuída pela Portaria n. 55.927, de 29 de setembro de 2009-UFSM, resolve:</p><p>DESIGNAR Leonardo Rodrigo Kerber Tumeleiro, Matrícula SIAPE 2302336, ocupante do cargo de Biólogo, do Quadro Único de Pessoal da UFSM, para exercer a Função Gratificada de Diretor do Centro de Apoio a Pesquisa Paleontológica, FG-3.031.</p><p>II - Esta Portaria entra em vigor na data de sua publicação.</p><p> </p>]]></Texto>
    <Autores>
      <assina>SONIA ZANINI CECHIN.</assina>
      <assina>SONIA ZANINI CECHIN.</assina>
    </Autores>
  </body>
</article></xml>