﻿<xml><article id="961978" name="2017 - SE - 1890 - 28.12" idOficio="4625207" pubName="DO2" artType="Portaria" pubDate="02/01/2018" artClass="00015:00003:00000:00000:00000:00000:00000:00000:00000:00000:00025:00003" artSection="Ministério da Justiça e Segurança Pública" artCategory="Secretaria Executiva" artSize="8" artNotes="" numberPage="112" pdfPage="http://pesquisa.in.gov.br/imprensa/jsp/visualiza/index.jsp?data=02/01/2018&amp;jornal=529&amp;pagina=112" editionNumber="1">
  <body>
    <Identifica><![CDATA[PORTARIA Nº 1.890, DE 28 DE DEZEMBRO DE 2017]]></Identifica>
    <Data><![CDATA[]]></Data>
    <Ementa />
    <Titulo />
    <SubTitulo />
    <Texto><![CDATA[<p> O SECRETÁRIO-EXECUTIVO ADJUNTO DO MINISTÉRIO DA JUSTIÇA E SEGURANÇA PÚBLICA, no uso da competência atribuída pelo inciso III, do art. 2º, da Portaria MJ nº 925, de 31 de outubro de 2017, alterado pela Portaria MJ 1.178, de 18 de dezembro de 2017, resolve:</p><p>Nomear VLÁDIA BARREIRA BESERRA para exercer o cargo de Assessor do Secretário-Executivo, código DAS 102.4.</p>]]></Texto>
    <Autores>
      <assina>CLAUDENIR BRITO PEREIRA</assina>
    </Autores>
  </body>
</article></xml>