﻿<xml><article id="962367" name="1 PORTARIA DE 28 DE DEZEMBRO DE " idOficio="4625713" pubName="DO2" artType="Portaria" pubDate="02/01/2018" artClass="00011:00054:00001:00000:00000:00000:00000:00000:00000:00000:00025:00003" artSection="Reitoria" artCategory="Reitoria" artSize="8" artNotes="" numberPage="18" pdfPage="http://pesquisa.in.gov.br/imprensa/jsp/visualiza/index.jsp?data=02/01/2018&amp;jornal=529&amp;pagina=18" editionNumber="1">
  <body>
    <Identifica><![CDATA[PORTARIA nº 2.035, DE 27 DE DEZEMBRO DE 2017]]></Identifica>
    <Data><![CDATA[]]></Data>
    <Ementa />
    <Titulo />
    <SubTitulo />
    <Texto><![CDATA[<p> A REITORA DO INSTITUTO FEDERAL DE EDUCAÇÃO, CIÊNCIA E TECNOLOGIA DO AMAPÁ, no uso de suas atribuições legais que lhe foram delegadas pelo Decreto de 02 de outubro de 2015, da Presidência da República, publicado no DOU nº 190, de 05 de outubro de 2015, resolve:</p><p> Art. 1º Art. 1° - Dispensar ANGELA IRENE FARIAS DE ARAUJO UTZIG, pertencente ao Quadro Permanente do Instituto Federal de Educação, Ciência e Tecnologia do Amapá, ocupante do cargo efetivo de Professor do Ensino Básico, Técnico e Tecnológico, matrícula Siape nº 1811094, do cargo de Pró-Reitora da Pró-Reitoria de Desenvolvimento Institucional, CD-02, a contar de 31/12/2017.</p>]]></Texto>
    <Autores>
      <assina>ERIKA DA COSTA BEZERRA</assina>
      <cargo>Em exercício</cargo>
    </Autores>
  </body>
</article></xml>