﻿<xml><article id="964179" name="PORTARIA APOSENTADORIA.1136.2017" idOficio="4626019" pubName="DO2" artType="Portaria" pubDate="02/01/2018" artClass="00017:00026:00024:00000:00000:00000:00000:00000:00000:00000:00025:00001" artSection="Instituto Nacional de Câncer José Alencar Gomes da Silva" artCategory="Instituto Nacional de Câncer José Alencar Gomes da Silva" artSize="8" artNotes="" numberPage="121" pdfPage="http://pesquisa.in.gov.br/imprensa/jsp/visualiza/index.jsp?data=02/01/2018&amp;jornal=529&amp;pagina=121" editionNumber="1">
  <body>
    <Identifica><![CDATA[PORTARIA Nº 1.136, DE 22 DE NOVEMBRO 2017]]></Identifica>
    <Data><![CDATA[]]></Data>
    <Ementa />
    <Titulo />
    <SubTitulo />
    <Texto><![CDATA[<p> A Diretora-Geral do Instituto Nacional de Câncer José Alencar Gomes da Silva, do Ministério da Saúde, no uso de suas atribuições subdelegadas pela Portaria/CGRH/MS nº 1.041 de 30/10/2009, publicada no DOU nº 209, de 03/11/2009, resolve:</p><p>Conceder aposentadoria voluntária, com proventos integrais, a MARIA DA PENHA VARGAS DA ROCHA, matrícula SIAPE nº 240749, ocupante do cargo de Assistente em C\&amp;T, NI, classe R, padrão III, do quadro de pessoal do Ministério da Saúde, com fundamento no art. 3º da Emenda Constitucional nº 47/2005. (Processo nº 25410.402229/2017-31).</p><p> </p><p> </p>]]></Texto>
    <Autores>
      <assina>ANA CRISTINA PINHO MENDES PEREIRA</assina>
    </Autores>
  </body>
</article></xml>