﻿<xml><article id="963634" name="Portaria nº 169 de 20.12.2017" idOficio="4625936" pubName="DO2" artType="Portaria" pubDate="02/01/2018" artClass="00014:00042:00000:00000:00000:00000:00000:00000:00000:00000:00025:00001" artSection="Ministério da Integração Nacional" artCategory="Superintendência do Desenvolvimento do Nordeste" artSize="8" artNotes="" numberPage="111" pdfPage="http://pesquisa.in.gov.br/imprensa/jsp/visualiza/index.jsp?data=02/01/2018&amp;jornal=529&amp;pagina=111" editionNumber="1">
  <body>
    <Identifica><![CDATA[PORTARIA Nº 169, DE 20 DE DEZEMBRO DE 2017]]></Identifica>
    <Data><![CDATA[]]></Data>
    <Ementa />
    <Titulo />
    <SubTitulo><![CDATA[Diretoria de Administração]]></SubTitulo>
    <Texto><![CDATA[<p> O DIRETOR DE ADMINISTRAÇÃO DA SUPERINTENDÊNCIA DO DESENVOLVIMENTO DO NORDESTE - SUDENE, no uso das atribuições que lhe foram delegadas pela Portaria nº 118, de 3 de setembro de 2015, publicada no Diário Oficial da União nº 171, Seção 1, de 8 de setembro de 2015, e considerando o contido no Processo nº 59335000360/2017-29, resolve:</p><p>Art.  1º    Conceder  aposentadoria  voluntária  com  provento  integral  ao  servidor IVALTER VIDERES DE SENA, Matrícula SIAPE nº 0675700, ocupante do cargo efetivo de Técnico em Recursos Hídricos, código 481/376, Nível Intermediário, Classe S, Padrão III, integrante do quadro de pessoal permanente desta Superintendência do Desenvolvimento do Nordeste - SUDENE, com fundamento no art. 3º da Emenda Constitucional nº 47/2005.</p><p>Art. 2º     Declarar vago o referido cargo (código da vaga 423438).</p><p>Art. 3º Esta Portaria entra em vigor na data de sua publicação no Diário Oficial da União.</p><p> </p>]]></Texto>
    <Autores>
      <assina>ANTONIO SILVA MAGALHÃES RIBEIRO</assina>
    </Autores>
  </body>
</article></xml>