﻿<xml><article id="962038" name="POrtaria 424-2017 -republicação" idOficio="4625727" pubName="DO2" artType="Portaria" pubDate="02/01/2018" artClass="00025:00003:00000:00000:00000:00000:00000:00000:00000:00000:00025:00001" artSection="Ministério do Meio Ambiente" artCategory="Agência Nacional de Águas" artSize="8" artNotes="" numberPage="16-131" pdfPage="http://pesquisa.in.gov.br/imprensa/jsp/visualiza/index.jsp?data=02/01/2018&amp;jornal=529&amp;pagina=16,http://pesquisa.in.gov.br/imprensa/jsp/visualiza/index.jsp?data=02/01/2018&amp;jornal=529&amp;pagina=131" editionNumber="1">
  <body>
    <Identifica><![CDATA[PORTARIA Nº 424, DE 27 DE DEZEMBRO DE 2017(*)]]></Identifica>
    <Data><![CDATA[]]></Data>
    <Ementa />
    <Titulo />
    <SubTitulo />
    <Texto><![CDATA[<p> O SUPERINTENDENTE DE ADMINISTRAÇÃO E FINANÇAS DA AGÊNCIA NACIONAL DE ÁGUAS - ANA, no uso das atribuições que lhe confere o art. 1º, inciso VII, da Resolução nº 72, de 14 de março de 2011, e nos termos do título 1, item 13, do Manual de Licitações e Gestão de Contratos Administrativos, aprovado pela Resolução nº 594, de 21 de dezembro de 2007; do art. 3º, inciso IV, da Lei nº 10.520, de 17 de julho de 2002; do art. 7º, inciso II, do Regulamento de Licitação na Modalidade de Pregão, aprovado pelo Decreto nº 3.555, de 8 de agosto de 2000, e, do art. 10, § 3º, do Decreto nº 5.450, de 31 de maio de 2005, resolve:</p><p>Art. 1º Designar como Pregoeiro para conduzi todos os procedimentos relativos</p><p>aos processos licitatórios na modalidade pregão.</p><p>I - Pregoeiros:</p><p>a) VIRGÍLIO DE AZEVEDO MAIA FILHO, matrícula SIAPE nº 1457551; e</p><p>b) ANA CHRISTINA RAMOS DO PATROCÍNIO, matrícula SIAPE nº 93644.</p><p>II - Membros da Equipe de Apoio:</p><p>a) FRANCIS ALINE MAROTTA SILVEIRA FLORES, matrícula SIAPE nº 2335673;</p><p>b) VIRGÍLIO DE AZEVEDO MAIA FILHO, matrícula SIAPE nº 1457551;</p><p>c) ANA CHRISTINA RAMOS DO PATROCÍNIO, matrícula SIAPE nº 93644;</p><p>d) TIAGO SOUZA REIS DA FONSECA - matrícula SIAPE nº1644765; e</p><p>e) IGOR LUIS PEREIRA MARTINS - matrícula SIAPE nº 1907866.</p><p>Art. 2º Esta Portaria entra em vigor na data de sua publicação, ficando revogada a Portaria nº 327, de 28 de dezembro de 2016, publicada no Diário Oficial da União de 29 de dezembro de 2016, Seção 2, página 40. </p><p>Republicada por ter saído no DOU de 28/12/2017, seção 2 pág.  59, com incorreção no original.</p>]]></Texto>
    <Autores>
      <assina>LUIS ANDRÉ MUINIZ</assina>
    </Autores>
  </body>
</article></xml>