﻿<xml><article id="963684" name="PORTARIA Nº 96.344" idOficio="4625955" pubName="DO2" artType="Portaria" pubDate="02/01/2018" artClass="00012:00005:00002:00023:00000:00000:00000:00000:00000:00000:00025:00002" artSection="Secretaria da Diretoria e do Conselho Monetário Nacional" artCategory="Secretaria da Diretoria e do Conselho Monetário Nacional" artSize="8" artNotes="" numberPage="38" pdfPage="http://pesquisa.in.gov.br/imprensa/jsp/visualiza/index.jsp?data=02/01/2018&amp;jornal=529&amp;pagina=38" editionNumber="1">
  <body>
    <Identifica><![CDATA[PORTARIA Nº 96.344, DE 29 DE DEZEMBRO DE 2017]]></Identifica>
    <Data><![CDATA[]]></Data>
    <Ementa />
    <Titulo />
    <SubTitulo />
    <Texto><![CDATA[<p> A Secretária-Executiva Adjunta, substituta, do Banco Central do Brasil, no uso da atribuição que lhe confere o art. 23, inciso IV, alínea "a", do Regimento Interno, anexo à Portaria nº 84.287, de 27 de fevereiro de 2015, resolve:</p><p>Art. 1º  Fica designado o servidor CARLOS SCHAFIRSTEIN CARVALHO, matrícula 1.894.359-4, para exercer a função comissionada de Chefe de Subunidade, sigla FDT-1, na Secre/Sucon/Divad, ficando dispensado da função comissionada que atualmente exerce a partir do exercício na nova função.</p><p>Art. 2º  Fica designada a servidora CAMILA MUNIZ DE ALENCAR BARROS, matrícula 1.714.518-X, para exercer a função comissionada de Coordenador, sigla FDO-1, na Secre/Sucon/Dieve/Coadm.</p><p>Art. 3º  Esta Portaria entra em vigor na data de sua publicação.</p>]]></Texto>
    <Autores>
      <assina>IZABELA MOREIRA CORREA</assina>
    </Autores>
  </body>
</article></xml>