﻿<xml><article id="962588" name="2017 PRTt24-DCIPAS-SPC" idOficio="4625842" pubName="DO2" artType="Portaria" pubDate="02/01/2018" artClass="00010:00008:00024:06902:00000:00000:00000:00000:00000:00000:00025:00001" artSection="Diretoria de Civis, Inativos, Pensionistas e Assistência Social" artCategory="Diretoria de Civis, Inativos, Pensionistas e Assistência Social" artSize="8" artNotes="" numberPage="10" pdfPage="http://pesquisa.in.gov.br/imprensa/jsp/visualiza/index.jsp?data=02/01/2018&amp;jornal=529&amp;pagina=10" editionNumber="1">
  <body>
    <Identifica><![CDATA[PORTARIA Nº 24-DCIPAS/SPC, DE 28 DE DEZEMBRO DE 2017]]></Identifica>
    <Data><![CDATA[]]></Data>
    <Ementa />
    <Titulo />
    <SubTitulo />
    <Texto><![CDATA[<p> O DIRETOR DE CIVIS, INATIVOS, PENSIONISTAS E ASSISTÊNCIA SOCIAL, no uso da competência que lhe foi delegada pelo Comandante do Exército, por meio da Portaria nº 1.495, de 11 de dezembro de 2014, e em cumprimento da decisão judicial, antecipação de tutela, proferida nos autos do Processo nº 0146728-45.2013.4.02.5114, pelo juízo da 1ª Vara Federal de Magé/RJ, resolve:</p><p> CONCEDER PENSÃO  provisoriamente, ao Senhor LUIZ FERNANDO DO NASCIMENTO LOPES, de acordo com a alínea "a", inciso II, artigo 5º da Lei 3.373/58, na proporção de 50% (cinquenta por cento), na condição de filho maior inválido, alterando para 50% (cinquenta por cento) a cota-parte da pensão vitalícia concedida à senhora REGINA DE ALMEIDA LOPES, viúva, cuja  concessão inicial se deu a partir da data do óbito do ex-servidor GERALDO DE OLIVEIRA LOPES, matrícula SIAPE nº 89.577, vinculado ao Comando da 1ª  Região Militar, falecido em 8 de junho de 1984, na inatividade, tendo como referência atual o cargo de Artífice em Munição e Pirotecnia - ART  0705.</p><p> A pensão ora concedida terá efeito financeiro a partir de 7 de outubro de 2016, conforme item 5, do DIEx nº 0494-DCIPAS.60/Asse Jur, de 26 de outubro de 2016  (Parecer Jurídico).</p>]]></Texto>
    <Autores>
      <assina>GÉDER TÁVORA SAID - Cel</assina>
      <cargo>Rsp p/ Expediente da Diretoria de Civis, Inativos, Pensionistas e Assistência Social</cargo>
    </Autores>
  </body>
</article></xml>