﻿<xml><article id="962035" name="19 PORTARIA DE 27 DE DEZEMBRO DE" idOficio="4625726" pubName="DO2" artType="Portaria" pubDate="02/01/2018" artClass="00011:00054:00001:00000:00000:00000:00000:00000:00000:00000:00025:00002" artSection="Reitoria" artCategory="Reitoria" artSize="8" artNotes="" numberPage="11-18" pdfPage="http://pesquisa.in.gov.br/imprensa/jsp/visualiza/index.jsp?data=02/01/2018&amp;jornal=529&amp;pagina=11,http://pesquisa.in.gov.br/imprensa/jsp/visualiza/index.jsp?data=02/01/2018&amp;jornal=529&amp;pagina=18" editionNumber="1">
  <body>
    <Identifica><![CDATA[PORTARIAS DE 27 DE DEZEMBRO DE 2017]]></Identifica>
    <Data><![CDATA[]]></Data>
    <Ementa />
    <Titulo />
    <SubTitulo />
    <Texto><![CDATA[<p> </p><p> A REITORA DO INSTITUTO FEDERAL DE EDUCAÇÃO, CIÊNCIA E TECNOLOGIA DO AMAPÁ, no uso de suas atribuições legais que lhe foram delegadas pelo Decreto de 02 de outubro de 2015, da Presidência da República, publicado no DOU nº 190, de 05 de outubro de 2015, resolve:</p><p>Nº 2.017 Art. 1º - Nomear em caráter efetivo, no quadro de pessoal deste Instituto Federal de Educação, Ciência e Tecnologia do Amapá, Campus Laranjal do Jari, nos termos do artigo 9º, inciso I, da Lei 8.112/90, ÁTILA PEREIRA RIBEIRO, habilitado no Concurso Público, conforme resultado final e homologação, Edital publicado no DOU de 26/02/2016, Seção III, página 35, para exercer o cargo de Professor do Ensino Básico, Técnico e Tecnológico, Disciplina/Área Física, Classe D, Nível I, Padrão I, através da Lei 12.772, de 28 de dezembro de 2012, DOU de 31/12/2012, em regime de 40 (quarenta) horas semanais de trabalho, em tempo integral, com Dedicação Exclusiva, em consonância com o artigo 20, inciso I, da Lei 12.772/2012, no código de vaga: 0950337.</p><p>Nº 2.018 - Art. 1º - Tornar sem efeito a portaria nº 2017/2017/GR/IFAP, de 27/12/2017, publicada no DOU, de 29/12/2017, que nomeia em caráter efetivo, no quadro de pessoal deste Instituto Federal de Educação, Ciência e Tecnologia do Amapá, ÁTILA PEREIRA RIBEIRO, cargo de Professor do Ensino Básico, Técnico e Tecnológico, Campus Laranjal do Jari, em razão de manifestação pela desistência da vaga.</p><p>Nº 2.019 - Art. 1º - Nomear em caráter efetivo, no quadro de pessoal deste Instituto Federal de Educação, Ciência e Tecnologia do Amapá, Campus Macapá, nos termos do artigo 9º, inciso I, da Lei 8.112/90, ANA KAROLINE BEZERRA, habilitada no Concurso Público, conforme resultado final e homologação, Edital publicado no DOU de 08/12/2016, Seção III, página 33, para exercer o cargo de Professor do Ensino Básico, Técnico e Tecnológico, Disciplina/Área Mineração, Classe D, Nível I, Padrão I, através da Lei 12.772, de 28 de dezembro de 2012, DOU de 31/12/2012, em regime de 40 (quarenta) horas semanais de trabalho, em tempo integral, com Dedicação Exclusiva, em consonância com o artigo 20, inciso I, da Lei 12.772/2012, no código de vaga:  0950329.</p><p>Nº 2.020 - Art. 1° - Nomear em caráter efetivo, no quadro de pessoal deste Instituto Federal de Educação, Ciência e Tecnologia do Amapá, Campus Porto Grande, nos termos do artigo 9º, inciso I, da Lei 8.112/90, ANDERSON MARCELINO DE ARANDAS, habilitado no Concurso Público, conforme resultado final e homologação, Edital publicado no DOU de 26/02/2016, Seção III, página 35, para exercer o cargo de Professor do Ensino Básico, Técnico e Tecnológico, Disciplina/Área Química, Classe D, Nível I, Padrão I, através da Lei 12.772, de 28 de dezembro de 2012, DOU de 31/12/2012, em regime de 40 (quarenta) horas semanais de trabalho, em tempo integral, com Dedicação Exclusiva, em consonância com o artigo 20, inciso I, da Lei 12.772/2012, no código de vaga: 0939803.</p><p>Nº 2.003 - Art. 1º - Nomear em caráter efetivo, no quadro de pessoal deste Instituto Federal de Educação, Ciência e Tecnologia do Amapá, Campus Laranjal do Jari, nos termos do artigo 9º, inciso I, da Lei nº 8.112/90, TELMA ADRIANA SOUZA LOBATO, habilitada no Concurso Público, conforme resultado final e homologação, Edital nº 11/2016, publicado no DOU de 06/06/2016, Seção III, páginas 44-48, retificado pelo Edital nº 13/2016, publicado no DOU de 16/06/2016, Seção III, página 37, para exercer o cargo de Técnico em Laboratório Biologia, Classe D, Nível de Capacitação I, Padrão de Vencimento 101, através da Lei nº 11.091, de 12/01/2005, DOU de 13/01/2005, em regime de 40 (quarenta) horas semanais de trabalho, na vaga de código: 0834299.</p><p>Nº 2.021 - Art. 1° - Nomear em caráter efetivo, no quadro de pessoal deste Instituto Federal de Educação, Ciência e Tecnologia do Amapá, Campus Laranjal do Jari, nos termos do artigo 9º, inciso I, da Lei 8.112/90, BRUNO SERVULO DA SILVA MATOS, habilitado no Concurso Público, conforme resultado final e homologação, Edital publicado no DOU de 08/12/2016, Seção III, página 33, para exercer o cargo de Professor do Ensino Básico, Técnico e Tecnológico, Disciplina/Área Língua Portuguesa, Classe D, Nível I, Padrão I, através da Lei 12.772, de 28 de dezembro de 2012, DOU de 31/12/2012, em regime de 40 (quarenta) horas semanais de trabalho, em tempo integral, com Dedicação Exclusiva, em consonância com o artigo 20, inciso I, da Lei 12.772/2012, na vaga de código: 0950324.</p><p>Nº 2.022 - Art. 1° - Nomear em caráter efetivo, no quadro de pessoal deste Instituto Federal de Educação, Ciência e Tecnologia do Amapá, Campus Laranjal do Jari, nos termos do artigo 9º, inciso I, da Lei 8.112/90, CAIO CÉSAR VIANA ALVES, habilitado no Concurso Público, conforme resultado final e homologação, Edital publicado no DOU de 26/02/2016, Seção III, página 35, para exercer o cargo de Professor do Ensino Básico, Técnico e Tecnológico, Disciplina/Área Física, Classe D, Nível I, Padrão I, através da Lei 12.772, de 28 de dezembro de 2012, DOU de 31/12/2012, em regime de 40 (quarenta) horas semanais de trabalho, em tempo integral, com Dedicação Exclusiva, em consonância com o artigo 20, inciso I, da Lei 12.772/2012, no código de vaga: 0950337.</p><p>Nº 2.023 - Art. 1° - Nomear em caráter efetivo, no quadro de pessoal deste Instituto Federal de Educação, Ciência e Tecnologia do Amapá, Campus Laranjal do Jari, nos termos do artigo 9º, inciso I, da Lei 8.112/90, CARLOS EDUARDO GOUVEIA GUEDES, habilitado no Concurso Público, conforme resultado final e homologação, Edital publicado no DOU de 26/02/2016, Seção III, página 35, para exercer o cargo de Professor do Ensino Básico, Técnico e Tecnológico, Disciplina/Área Física, Classe D, Nível I, Padrão I, através da Lei 12.772, de 28 de dezembro de 2012, DOU de 31/12/2012, em regime de 40 (quarenta) horas semanais de trabalho, em tempo integral, com Dedicação Exclusiva, em consonância com o artigo 20, inciso I, da Lei 12.772/2012, no código de vaga: 0950338.</p><p>Nº 2.024 Art. 1° - Nomear em caráter efetivo, no quadro de pessoal deste Instituto Federal de Educação, Ciência e Tecnologia do Amapá, Campus Avançado Oiapoque, nos termos do artigo 9º, inciso I, da Lei 8.112/90, CRISTINA COUTINHO DE OLIVEIRA, habilitada no Concurso Público, conforme resultado final e homologação, Edital publicado no DOU de 08/12/2016, Seção III, página 33, para exercer o cargo de Professor do Ensino Básico, Técnico e Tecnológico, Disciplina/Área Matemática, Classe D, Nível I, Padrão I, através da Lei 12.772, de 28 de dezembro de 2012, DOU de 31/12/2012, em regime de 40 (quarenta) horas semanais de trabalho, em tempo integral, com Dedicação Exclusiva, em consonância com o artigo 20, inciso I, da Lei 12.772/2012, no código de vaga: 0950328.</p><p>Nº 2.025 - Art. 1° - Nomear em caráter efetivo, no quadro de pessoal deste Instituto Federal de Educação, Ciência e Tecnologia do Amapá, Campus Laranjal do Jari, nos termos do artigo 9º, inciso I, da Lei 8.112/90, DIEGO ARMANDO SILVA DA SILVA, habilitado no Concurso Público, conforme resultado final e homologação, Edital publicado no DOU de 26/02/2016, Seção III, página 35, para exercer o cargo de Professor do Ensino Básico, Técnico e Tecnológico, Disciplina/Área Recursos Naturais, Classe D, Nível I, Padrão I, através da Lei 12.772, de 28 de dezembro de 2012, DOU de 31/12/2012, em regime de 40 (quarenta) horas semanais de trabalho, em tempo integral, com Dedicação Exclusiva, em consonância com o artigo 20, inciso I, da Lei 12.772/2012, no código de vaga: 0950335.</p><p>Nº 2.026 - Art. 1° - Nomear em caráter efetivo, no quadro de pessoal deste Instituto Federal de Educação, Ciência e Tecnologia do Amapá, Campus Laranjal do Jari, nos termos do artigo 9º, inciso I, da Lei 8.112/90, FRANCIELCK DOMINGOS FREIRE, habilitado no Concurso Público, conforme resultado final e homologação, Edital publicado no DOU de 08/12/2016, Seção III, página 33, para exercer o cargo de Professor do Ensino Básico, Técnico e Tecnológico, Disciplina/Área Matemática, Classe D, Nível I, Padrão I, através da Lei 12.772, de 28 de dezembro de 2012, DOU de 31/12/2012, em regime de 40 (quarenta) horas semanais de trabalho, em tempo integral, com Dedicação Exclusiva, em consonância com o artigo 20, inciso I, da Lei 12.772/2012, no código de vaga: 0950319.</p><p>Nº 2.027 - Art. 1° - Nomear em caráter efetivo, no quadro de pessoal deste Instituto Federal de Educação, Ciência e Tecnologia do Amapá, Campus Laranjal do Jari, nos termos do artigo 9º, inciso I, da Lei 8.112/90, FRANCISCLEYTON DOS SANTOS DA SILVA, habilitado no Concurso Público, conforme resultado final e homologação, Edital publicado no DOU de 08/12/2016, Seção III, página 33, para exercer o cargo de Professor do Ensino Básico, Técnico e Tecnológico, Disciplina/Área Filosofia, Classe D, Nível I, Padrão I, através da Lei 12.772, de 28 de dezembro de 2012, DOU de 31/12/2012, em regime de 40 (quarenta) horas semanais de trabalho, em tempo integral, com Dedicação Exclusiva, em consonância com o artigo 20, inciso I, da Lei 12.772/2012, no código de vaga:  0950333.</p><p>Nº 2.028 - Art. 1° - Nomear em caráter efetivo, no quadro de pessoal deste Instituto Federal de Educação, Ciência e Tecnologia do Amapá, Campus Laranjal do Jari, nos termos do artigo 9º, inciso I, da Lei 8.112/90, JÉSSICA DE OLIVEIRA PONTES NÓBREGA, habilitada no Concurso Público, conforme resultado final e homologação, Edital publicado no DOU de 08/12/2016, Seção III, página 33, para exercer o cargo de Professor do Ensino Básico, Técnico e Tecnológico, Disciplina/Área Educação Física, Classe D, Nível I, Padrão I, através da Lei 12.772, de 28 de dezembro de 2012, DOU de 31/12/2012, em regime de 40 (quarenta) horas semanais de trabalho, em tempo integral, com Dedicação Exclusiva, em consonância com o artigo 20, inciso I, da Lei 12.772/2012, no código de vaga: 0950325.</p><p>Nº 2.029 - Art. 1° - Nomear em caráter efetivo, no quadro de pessoal deste Instituto Federal de Educação, Ciência e Tecnologia do Amapá, Campus Avançado Oiapoque, nos termos do artigo 9º, inciso I, da Lei 8.112/90, LILIAN LOBATO DO CARMO, habilitada no Concurso Público, conforme resultado final e homologação, Edital publicado no DOU de 08/12/2016, Seção III, página 33, para exercer o cargo de Professor do Ensino Básico, Técnico e Tecnológico, Disciplina/Área Língua Portuguesa, Classe D, Nível I, Padrão I, através da Lei 12.772, de 28 de dezembro de 2012, DOU de 31/12/2012, em regime de 40 (quarenta) horas semanais de trabalho, em tempo integral, com Dedicação Exclusiva, em consonância com o artigo 20, inciso I, da Lei 12.772/2012, no código de vaga: 0950326.</p><p>Nº 2.030 - Art. 1° - Nomear em caráter efetivo, no quadro de pessoal deste Instituto Federal de Educação, Ciência e Tecnologia do Amapá, Campus Laranjal do Jari, nos termos do artigo 9º, inciso I, da Lei 8.112/90, MÁBIA NUNES TOSCANO, habilitada no Concurso Público, conforme resultado final e homologação, Edital publicado no DOU de 08/12/2016, Seção III, página 33, para exercer o cargo de Professor do Ensino Básico, Técnico e Tecnológico, Disciplina/Área Língua Portuguesa, Classe D, Nível I, Padrão I, através da Lei 12.772, de 28 de dezembro de 2012, DOU de 31/12/2012, em regime de 40 (quarenta) horas semanais de trabalho, em tempo integral, com Dedicação Exclusiva, em consonância com o artigo 20, inciso I, da Lei 12.772/2012, no código de vaga: 0950327.</p><p>Nº 2.031 - Art. 1° - Nomear em caráter efetivo, no quadro de pessoal deste Instituto Federal de Educação, Ciência e Tecnologia do Amapá, Campus Porto Grande, nos termos do artigo 9º, inciso I, da Lei 8.112/90, OSVALDO CAMPELO DE MELLO VASCONCELOS, habilitado no Concurso Público, conforme resultado final e homologação, Edital publicado no DOU de 08/12/2016, Seção III, página 33, para exercer o cargo de Professor do Ensino Básico, Técnico e Tecnológico, Disciplina/Área Engenharia Agrícola, Classe D, Nível I, Padrão I, através da Lei 12.772, de 28 de dezembro de 2012, DOU de 31/12/2012, em regime de 40 (quarenta) horas semanais de trabalho, em tempo integral, com Dedicação Exclusiva, em consonância com o artigo 20, inciso I, da Lei 12.772/2012, no código de vaga: 0939815.</p><p>Nº 2.032 - Art. 1° - Nomear em caráter efetivo, no quadro de pessoal deste Instituto Federal de Educação, Ciência e Tecnologia do Amapá, Campus Laranjal do Jari, nos termos do artigo 9º, inciso I, da Lei 8.112/90, PÂMELA ROSSI DOS REIS, habilitada no Concurso Público, conforme resultado final e homologação, Edital publicado no DOU de 26/02/2016, Seção III, página 35, para exercer o cargo de Professor do Ensino Básico, Técnico e Tecnológico, Disciplina/Área Química, Classe D, Nível I, Padrão I, através da Lei 12.772, de 28 de dezembro de 2012, DOU de 31/12/2012, em regime de 40 (quarenta) horas semanais de trabalho, em tempo integral, com Dedicação Exclusiva, em consonância com o artigo 20, inciso I, da Lei 12.772/2012, no código de vaga: 0950334.</p><p>Nº 2.033 - Art. 1° - Nomear em caráter efetivo, no quadro de pessoal deste Instituto Federal de Educação, Ciência e Tecnologia do Amapá, Campus Macapá, nos termos do artigo 9º, inciso I, da Lei 8.112/90, SANDRO FERREIRA BARRETO, habilitado no Concurso Público, conforme resultado final e homologação, Edital publicado no DOU de 08/12/2016, Seção III, página 33, para exercer o cargo de Professor do Ensino Básico, Técnico e Tecnológico, Disciplina/Área Construção Civil, Classe D, Nível I, Padrão I, através da Lei 12.772, de 28 de dezembro de 2012, DOU de 31/12/2012, em regime de 40 (quarenta) horas semanais de trabalho, em tempo integral, com Dedicação Exclusiva, em consonância com o artigo 20, inciso I, da Lei 12.772/2012, no código de vaga:  0950330.</p><p>Nº 2.034 - Art. 1° - Nomear em caráter efetivo, no quadro de pessoal deste Instituto Federal de Educação, Ciência e Tecnologia do Amapá, Campus Laranjal do Jari, nos termos do artigo 9º, inciso I, da Lei 8.112/90, SUANY RODRIGUES DA CUNHA, habilitada no Concurso Público, conforme resultado final e homologação, Edital publicado no DOU de 26/02/2016, Seção III, página 35, para exercer o cargo de Professor do Ensino Básico, Técnico e Tecnológico, Disciplina/Área Educação, Classe D, Nível I, Padrão I, através da Lei 12.772, de 28 de dezembro de 2012, DOU de 31/12/2012, em regime de 40 (quarenta) horas semanais de trabalho, em tempo integral, com Dedicação Exclusiva, em consonância com o artigo 20, inciso I, da Lei 12.772/2012, no código de vaga: 0950332.</p>]]></Texto>
    <Autores>
      <assina>ERIKA DA COSTA BEZERRA</assina>
      <cargo>Em exercício</cargo>
    </Autores>
  </body>
</article></xml>