﻿<xml><article id="964290" name="2017-12-29/4626036/TCUWS_1043614" idOficio="4626036" pubName="DO2" artType="Portaria" pubDate="02/01/2018" artClass="00034:00008:00002:00003:00000:00000:00000:00000:00000:00000:00025:00001" artSection="Diretoria de Pagamento de Pessoal" artCategory="Diretoria de Pagamento de Pessoal" artSize="8" artNotes="" numberPage="140" pdfPage="http://pesquisa.in.gov.br/imprensa/jsp/visualiza/index.jsp?data=02/01/2018&amp;jornal=529&amp;pagina=140" editionNumber="1">
  <body>
    <Identifica><![CDATA[PORTARIA Nº 595, DE 29 DE DEZEMBRO DE 2017]]></Identifica>
    <Data><![CDATA[]]></Data>
    <Ementa />
    <Titulo />
    <SubTitulo />
    <Texto><![CDATA[<p> O DIRETOR DE PAGAMENTO DE PESSOAL DO TRIBUNAL DE CONTAS DA UNIÃO, no uso das atribuições que lhe confere o disposto nos incisos IV, V e VI do art. 1° da Portaria n° 2, de 2 de janeiro de 2017, do Secretário de Gestão de Pessoas deste Tribunal, e tendo em vista o que consta da Portaria-SECECEX nº 28, de 31 de outubro de 2017, resolve: </p><p>Art. 1º Designar MAGNÓLIA MARIA ATEM LIMA, Matrícula 952-0, AUFC, para exercer, na Secretaria de Controle Externo da Administração Indireta no Rio de Janeiro/Segecex, a função de confiança de Especialista Sênior I, código FC-3 (Direção), no período compreendido entre a data de publicação desta Portaria e 31 de janeiro de 2018. </p><p>Art. 2º Esta Portaria entra em vigor na data de sua publicação.</p>]]></Texto>
    <Autores>
      <assina>LUIZ EDUARDO RODRIGUES PEREIRA DA COSTA</assina>
    </Autores>
  </body>
</article></xml>