﻿<xml><article id="962392" name="PORTARIA Nº 01" idOficio="4625770" pubName="DO2" artType="Portaria" pubDate="02/01/2018" artClass="00006:00012:00012:00020:00000:00000:00000:00000:00000:00000:00025:00001" artSection="Unidade de Atendimento em Minas Gerais" artCategory="Unidade de Atendimento em Minas Gerais" artSize="8" artNotes="" numberPage="4" pdfPage="http://pesquisa.in.gov.br/imprensa/jsp/visualiza/index.jsp?data=02/01/2018&amp;jornal=529&amp;pagina=4" editionNumber="1">
  <body>
    <Identifica><![CDATA[PORTARIA Nº 1, DE 27 DE DEZEMBRO DE 2017]]></Identifica>
    <Data><![CDATA[]]></Data>
    <Ementa />
    <Titulo />
    <SubTitulo />
    <Texto><![CDATA[<p><strong> O COORDENADOR DA UNIDADE DE ATENDIMENTO DA AGU EM MINAS GERAIS</strong>, no uso de suas atribuições legais, definidas pela Portaria Nº 51, em seu artigo 48, inciso II, de 21 de fevereiro de 2013, publicada no Diário Oficial da União nº 36 de 22 de fevereiro de 2013, considerando o Decreto 7.392, de 13 de dezembro de 2010, resolve:</p><p>Art. 1º Designar os servidores ADAIR MOREIRA JÚNIOR, matrícula SIAPE nº 9663865 e JÚLIO CESAR PACHECO, matrícula SIAPE 1747511, para conduzir os processos licitatórios na modalidade Pregão e os seguintes servidores para atuarem como membros da Equipe de Apoio: ROSEMARY GERALDA BARBOSA GOMES, matrícula SIAPE 0896479, GISELE BARRETO GUSMÃO, matrícula SIAPE 2395108, GLAUCIA RODRIGUES DE SOUZA, matrícula SIAPE 2409200 e   EMANUELA DE ALKMIM DUARTE COTA matrícula SIAPE 13750050, no âmbito da Unidade Gestora 110592.</p><p>Art. 2º Os servidores designados para função de pregoeiro poderão atuar como membros da Equipe de Apoio nos casos em que não sejam os emitentes do Edital em curso.</p><p>Art. 3º Havendo necessidade e/ou conveniência de assessoramento especial nas licitações, poderão ser designados outros servidores mediante despacho no respectivo processo licitatório.</p><p>Art. 4º A autoridade imediatamente superior ao Pregoeiro é o Coordenador da Unidade de Atendimento em Minas Gerais.</p><p>Art. 5º Esta Portaria passa a vigorar a contar de 1º de janeiro de 2018.</p>]]></Texto>
    <Autores>
      <assina>RODRIGO JORG PFEILSTICKER</assina>
    </Autores>
  </body>
</article></xml>