﻿<xml><article id="961947" name="ports3" idOficio="4624906" pubName="DO2" artType="Portaria" pubDate="02/01/2018" artClass="00011:00032:00001:00000:00000:00000:00000:00000:00000:00000:00025:00003" artSection="Reitoria" artCategory="Reitoria" artSize="8" artNotes="" numberPage="16" pdfPage="http://pesquisa.in.gov.br/imprensa/jsp/visualiza/index.jsp?data=02/01/2018&amp;jornal=529&amp;pagina=16" editionNumber="1">
  <body>
    <Identifica><![CDATA[PORTARIA nº 1.568, DE 27 de dezembro de 2017]]></Identifica>
    <Data><![CDATA[]]></Data>
    <Ementa />
    <Titulo />
    <SubTitulo />
    <Texto><![CDATA[<p>A VICE-REITORA DA FUNDAÇÃO UNIVERSIDADE FEDERAL DE MATO GROSSO DO SUL, NO EXERCÍCIO DO CARGO DE REITORA, no uso de suas atribuições legais e tendo em vista o que consta do Processo n.º 23104.022458/2017-11, resolve:</p><p> Conceder aposentadoria voluntária a João Batista dos Santos, matrícula Siape nº 0433486, código de vaga 341741, integrante da Carreira Técnico-Administrativa, do quadro de pessoal desta Universidade, ocupante do cargo de Auxiliar em Administração, Classe C, Nível de Capacitação 4, Padrão 16, nos termos do artigo 3º, incisos I a III, da Emenda Constitucional nº 47/05, com proventos integrais e onze por cento de anuênio.</p><p> PORTARIA Nº 1.573, DE 28 DE DEZEMBRO DE 2017</p><p>A VICE-REITORA DA FUNDAÇÃO UNIVERSIDADE FEDERAL DE MATO GROSSO DO SUL, NO EXERCÍCIO DO CARGO DE REITORA, no uso de suas atribuições legais e tendo em vista o que consta do Processo nº 23104.015708/2017-59, resolve:</p><p> Conceder aposentadoria voluntária a Nadir da Silva, matrícula Siape nº 1164691, código de vaga 715995, integrante da Carreira Técnico-Administrativa, do quadro de pessoal desta Universidade, ocupante do cargo de Auxiliar de Enfermagem, Classe C, Nível de Capacitação 4, Padrão 13, nos termos do artigo 6º, incisos I a IV, da Emenda Constitucional nº 41/2003, com proventos integrais e três por cento de anuênio.</p>]]></Texto>
    <Autores>
      <assina>CAMILA CELESTE BRANDÃO FERREIRA ÍTAVO</assina>
      <assina>CAMILA CELESTE BRANDÃO FERREIRA ÍTAVO</assina>
    </Autores>
  </body>
</article></xml>