﻿<xml><article id="961815" name="Port n° 18-2017 - Concessão de A" idOficio="4623742" pubName="DO2" artType="Portaria" pubDate="02/01/2018" artClass="00028:00008:00005:00000:00000:00000:00000:00000:00000:00000:00025:00001" artSection="Diretoria de Gestão Interna" artCategory="Diretoria de Gestão Interna" artSize="8" artNotes="" numberPage="136" pdfPage="http://pesquisa.in.gov.br/imprensa/jsp/visualiza/index.jsp?data=02/01/2018&amp;jornal=529&amp;pagina=136" editionNumber="1">
  <body>
    <Identifica><![CDATA[Portaria nº 18, de 27 de dezembro de 2017]]></Identifica>
    <Data><![CDATA[]]></Data>
    <Ementa />
    <Titulo />
    <SubTitulo />
    <Texto><![CDATA[<p> A Diretora de Gestão Interna Substituta da EMBRATUR - Instituto Brasileiro de Turismo, no uso de suas atribuições conferidas pela Portaria nº 151, de 26 de agosto de 2016, publicada no DOU de 29 de agosto de 2016, e tendo em vista o que consta do Processo SEI nº 72100.002535/2017-54, resolve:</p><p>Art. 1º Conceder aposentadoria voluntária a CHRISTIANE MARA PINTO ROCHA, Matrícula SIAPE nº 678563, ocupante do cargo de Técnico Especializado, Classe S, Padrão III, Nível Intermediário, do Quadro de Pessoal da EMBRATUR - Instituto Brasileiro de Turismo, com fundamento no artigo 3º da Emenda Constitucional nº 47, de 5 de julho de 2005.</p><p>Art. 2º Declarar a vacância da vaga nº 425701 do referido cargo.</p>]]></Texto>
    <Autores>
      <assina>THAÍS BICALHO RODRIGUES</assina>
    </Autores>
  </body>
</article></xml>