﻿<xml><article id="965469" name="PT 109 BAURU" idOficio="4626168" pubName="DO2" artType="Portaria" pubDate="02/01/2018" artClass="00022:00029:00239:00009:00026:00000:00000:00000:00000:00000:00025:00004" artSection="Seção Operacional da Gestão de Pessoas" artCategory="Seção Operacional da Gestão de Pessoas" artSize="8" artNotes="" numberPage="128" pdfPage="http://pesquisa.in.gov.br/imprensa/jsp/visualiza/index.jsp?data=02/01/2018&amp;jornal=529&amp;pagina=128" editionNumber="1">
  <body>
    <Identifica><![CDATA[PORTARIA Nº 109, DE 29 DE DEZEMBRO DE 2017]]></Identifica>
    <Data><![CDATA[]]></Data>
    <Ementa />
    <Titulo />
    <SubTitulo />
    <Texto><![CDATA[<p> </p><p> A Chefe da Seção Operacional de Gestão de Pessoas do Instituto Nacional do Seguro Social em Bauru/SP, no uso das atribuições conferidas pelo Art. 235, inciso I, alínea "b" da Portaria MDS Nº 414, publicada no DOU nº 188 de 29/09/2017, que aprovou o Regimento Interno do INSS, resolve:</p><p>Conceder Aposentadoria Voluntária à servidora Maria de Fátima Piza de Araújo, matrícula 0938695, ocupante do cargo de Técnico do Seguro Social, Classe S, Padrão IV, do quadro de servidores do Instituto Nacional do Seguro Social, com fundamento no art. 3º da Emenda Constitucional nº 47/2005.</p><p>Declarar vago o referido cargo.</p><p> </p>]]></Texto>
    <Autores>
      <assina>CIBELE MACHADO PONCE DA SILVA</assina>
    </Autores>
  </body>
</article></xml>