﻿<xml><article id="964762" name="3440 luis fernando da silva rodr" idOficio="4626064" pubName="DO2" artType="Portaria" pubDate="02/01/2018" artClass="00011:00131:00001:00000:00000:00000:00000:00000:00000:00000:00025:00002" artSection="Reitoria" artCategory="Reitoria" artSize="8" artNotes="" numberPage="34" pdfPage="http://pesquisa.in.gov.br/imprensa/jsp/visualiza/index.jsp?data=02/01/2018&amp;jornal=529&amp;pagina=34" editionNumber="1">
  <body>
    <Identifica><![CDATA[PORTARIA Nº 3.440, DE 19 DE DEZEMBRO DE 2017]]></Identifica>
    <Data><![CDATA[]]></Data>
    <Ementa />
    <Titulo />
    <SubTitulo />
    <Texto><![CDATA[<p> </p><p> O Reitor da UNIVERSIDADE FEDERAL RURAL DA AMAZÔNIA, no uso de suas atribuições conferidas pelo Decreto Presidencial, publicado no DOU nº 132, de 12/07/2017, página 01, Seção 02, e tendo em vista o que consta no processo nº 23084.026046/2017-28, resolve:</p><p>Art. 1º. DESIGNAR o Professor do Magistério Superior LUIS FERNANDO DA SILVA RODRIGUES FILHO, matrícula SIAPE nº 2312822, Função de Sub Coordenador Pró-Tempore do Curso de Bacharelado em Biologia, Campus Capanema, Sem ônus, a partir de 01/06/2017.</p><p> </p>]]></Texto>
    <Autores>
      <assina>Marcel Do Nascimento Botelho</assina>
    </Autores>
  </body>
</article></xml>