﻿<xml><article id="965978" name="PORTARIAS GR - GVR - 2017 II - D" idOficio="4626239" pubName="DO2" artType="Portaria" pubDate="02/01/2018" artClass="00011:00135:00000:00000:00000:00000:00000:00000:00000:00000:00025:00001" artSection="Ministério da Educação" artCategory="Universidade Federal de Santa Maria" artSize="8" artNotes="" numberPage="35" pdfPage="http://pesquisa.in.gov.br/imprensa/jsp/visualiza/index.jsp?data=02/01/2018&amp;jornal=529&amp;pagina=35" editionNumber="1">
  <body>
    <Identifica><![CDATA[PORTARIA Nº 87.291, DE 29 DE DEZEMBRO DE 2017]]></Identifica>
    <Data><![CDATA[]]></Data>
    <Ementa />
    <Titulo />
    <SubTitulo />
    <Texto><![CDATA[<p> </p><p> O REITOR DA UNIVERSIDADE FEDERAL DE SANTA MARIA,  no  uso de suas atribuições legais e estatutárias, e tendo em vista o que consta do Processo n. 23081.048802/2017-08,  resolve:</p><p>CONCEDER Aposentadoria Voluntária, com proventos integrais, a Roberto Lovatto Penna, Matrícula SIAPE 381244, ocupante do cargo de Assistente em Administação, Nível de Classificação D, Nível de Capacitação IV, Padrão de Vencimento 16, do Quadro de Pessoal da Universidade Federal de Santa Maria, com fundamento no Artigo 3º, incisos I, II e III, da Emenda Constitucional n. 47, de 05/07/2005.</p><p> </p>]]></Texto>
    <Autores>
      <assina>PAULO AFONSO BURMANN.</assina>
    </Autores>
  </body>
</article></xml>