﻿<xml><article id="963838" name="877 - Remove, ad referendum, o s" idOficio="4625951" pubName="DO2" artType="Portaria" pubDate="02/01/2018" artClass="00037:00050:00003:00000:00000:00000:00000:00000:00000:00000:00025:00001" artSection="Presidência" artCategory="Presidência" artSize="8" artNotes="" numberPage="144" pdfPage="http://pesquisa.in.gov.br/imprensa/jsp/visualiza/index.jsp?data=02/01/2018&amp;jornal=529&amp;pagina=144" editionNumber="1">
  <body>
    <Identifica><![CDATA[PORTARIA N° 877, de 27 de dezembro de 2017]]></Identifica>
    <Data><![CDATA[]]></Data>
    <Ementa />
    <Titulo />
    <SubTitulo />
    <Texto><![CDATA[<p> </p><p> </p><p>  A PRESIDENTE DO TRIBUNAL REGIONAL DO TRABALHO DA 11ª REGIÃO, Desembargadora do Trabalho ELEONORA DE SOUZA SAUNIER, no uso de suas atribuições legais e regimentais, previstas no art. 35, XLVI, c/c o art. 24, XLIV, do Regimento Interno,</p><p>CONSIDERANDO o pedido formulado pelo servidor Francisco de Assis Vasconcelos de Oliveira de remoção para acompanhar cônjuge virago, servidora pública civil da União, deslocada para ter exercício na cidade de João Pessoa, conforme requerimento datado  de 27-12-2017, protocolado no e-SAP sob o DP-4087/2017;</p><p>CONSIDERANDO as informações constantes do  DP-4087/2017;</p><p>CONSIDERANDO o disposto nos arts. 18 e 36, III, a, da Lei 8.112/90, art. 7º, III, a, art. 17, I, e art. 27, parágrafo único, da Resolução 110/2012 do Conselho Superior da Justiça do Trabalho;</p><p>CONSIDERANDO, ainda, a urgência da medida administrativa cabível, de modo a preservar a unidade familiar (art. 226 da CRFB/1988), resolve:</p><p>  Ad Referendum:</p><p>Art. 1º Remover, a pedido, independentemente do interesse da Administração, o servidor FRANCISCO DE ASSIS VASCONCELOS DE OLIVEIRA, Analista Judiciária, Área Judiciária, Classe e Padrão NS-A3, para o Tribunal Regional do Trabalho da 13ª Região, a partir de 8-1-2018.</p><p>Art. 2º Conceder ao referido servidor trinta dias de trânsito, contados a partir de 8-1-2018, para a retomada do efetivo desempenho das atribuições do cargo, incluindo nesse prazo o tempo necessário para o deslocamento para a nova sede.</p><p>Art. 3º  Esta portaria entra em vigor na data da publicação.</p>]]></Texto>
    <Autores>
      <assina>ELEONORA DE SOUZA SAUNIER</assina>
    </Autores>
  </body>
</article></xml>