﻿<xml><article id="1022064" name="ATO GP 666_2017_CONCESSÃO APOSEN" idOficio="4624420" pubName="DO2" artType="Ato" pubDate="08/01/2018" artClass="00037:00005:00001:00000:00000:00000:00000:00000:00000:00000:00001:00001" artSection="Presidência" artCategory="Presidência" artSize="8" artNotes="" numberPage="46" pdfPage="http://pesquisa.in.gov.br/imprensa/jsp/visualiza/index.jsp?data=08/01/2018&amp;jornal=529&amp;pagina=46" editionNumber="5">
  <body>
    <Identifica><![CDATA[ATO Nº 666, DE 27 DE DEZEMBRO DE 2017]]></Identifica>
    <Data><![CDATA[]]></Data>
    <Ementa />
    <Titulo />
    <SubTitulo />
    <Texto><![CDATA[<p> O PRESIDENTE DO TRIBUNAL SUPERIOR DO TRABALHO, no uso de suas atribuições legais e regimentais estabelecidas no inciso XXXIV do art. 41 do Regimento Interno e tendo em vista o constante do Processo Administrativo TST nº 504.268/2017-9, resolve: </p><p>Conceder aposentadoria voluntária por tempo de contribuição, com proventos integrais, à servidora MARIA VITORIA COSTA, código 10526, no cargo da Carreira Judiciária de Técnico Judiciário, Área Administrativa, Especialidade Apoio de Serviços Diversos, Classe C, Padrão 13, com fundamento no art. 3º, incisos I a III, e parágrafo único, da Emenda Constitucional nº 47/2005; no art. 62-A da Lei nº 8.112/1990, com redação dada pelo art. 3º da Medida Provisória nº 2.225-45/2001; e no art. 18 da Lei nº 11.416/2006, com redação dada pela Lei nº 12.774/2012, em conformidade com o Acórdão nº 2.076/2005-Plenário do Tribunal de Contas da União. </p>]]></Texto>
    <Autores>
      <assina>Min. IVES GANDRA DA SILVA MARTINS FILHO</assina>
    </Autores>
  </body>
</article></xml>