﻿<xml><article id="1022055" name="PORTARIAS CENTRO 2017 - II - DOU" idOficio="4623719" pubName="DO2" artType="Portaria" pubDate="08/01/2018" artClass="00011:00135:00007:00000:00000:00000:00000:00000:00000:00000:00025:00001" artSection="Centro de Educação" artCategory="Centro de Educação" artSize="8" artNotes="" numberPage="21" pdfPage="http://pesquisa.in.gov.br/imprensa/jsp/visualiza/index.jsp?data=08/01/2018&amp;jornal=529&amp;pagina=21" editionNumber="5">
  <body>
    <Identifica><![CDATA[PORTARIA Nº 265, DE 20 DE DEZEMBRO DE 2017]]></Identifica>
    <Data><![CDATA[]]></Data>
    <Ementa />
    <Titulo />
    <SubTitulo />
    <Texto><![CDATA[<p> </p><p> A DIRETORA DO CENTRO DE EDUCAÇÃO DA UNIVERSIDADE FEDERAL DE SANTA MARIA, nomeada pela Portaria n. 85.989, de 04 de outubro de 2017, no uso de suas atribuições legais e estatutárias, em virtude da delegação de competência atribuída pela Portaria N. 55.927, de 29 de setembro de 2009-UFSM, resolve:</p><p>Designar Claudio Emelson Guimarains Dutra, SIAPE 396732, ocupante do cargo de Professor do Magistério Superior, do Quadro Único de Pessoal da UFSM, para exercer a Função de Chefe do Departamento de Administração Escolar (FG-1.073).</p><p>II - A vigência desta portaria é de dois anos, a contar da data de sua publicação.</p><p> </p>]]></Texto>
    <Autores>
      <assina>ANE CARINE MEURER.</assina>
    </Autores>
  </body>
</article></xml>