﻿<xml><article id="961879" name="PRFB5764a5937" idOficio="4624147" pubName="DO2" artType="Portaria" pubDate="02/01/2018" artClass="00012:00055:00000:00000:00000:00000:00000:00000:00000:00000:00025:00018" artSection="Ministério da Fazenda" artCategory="Secretaria da Receita Federal do Brasil" artSize="8" artNotes="" numberPage="88-89-90-97" pdfPage="http://pesquisa.in.gov.br/imprensa/jsp/visualiza/index.jsp?data=02/01/2018&amp;jornal=529&amp;pagina=88,http://pesquisa.in.gov.br/imprensa/jsp/visualiza/index.jsp?data=02/01/2018&amp;jornal=529&amp;pagina=89,http://pesquisa.in.gov.br/imprensa/jsp/visualiza/index.jsp?data=02/01/2018&amp;jornal=529&amp;pagina=90,http://pesquisa.in.gov.br/imprensa/jsp/visualiza/index.jsp?data=02/01/2018&amp;jornal=529&amp;pagina=97" editionNumber="1">
  <body>
    <Identifica><![CDATA[PORTARIAS DE 27 DE DEZEMBRO DE 2017]]></Identifica>
    <Data><![CDATA[]]></Data>
    <Ementa />
    <Titulo />
    <SubTitulo />
    <Texto><![CDATA[<p> </p><p> O SECRETÁRIO DA RECEITA FEDERAL DO BRASIL, no uso das competências que lhe foram delegada e subdelegada, respectivamente, pelas Portarias MF nºs 392 e 393, de 14 de julho de 2009, alteradas pela Portaria MF nº 100, de 28 de março de 2017, resolve:</p><p>Nº 5.764 Designar o Auditor-Fiscal da Receita Federal do Brasil CARLOS AUGUSTO SIMOES DA FONSECA, matrícula SiapeCad nº 00020207, para exercer a Função Comissionada do Poder Executivo de Chefe da Divisão de Planejamento, Avaliação e Controle - Dipav da Superintendência Regional da Receita Federal do Brasil da 7ª Região Fiscal (RJ), Código FCPE-101.2.</p><p>Nº 5.765 Designar a Analista-Tributário da Receita Federal do Brasil HELEN DE FATIMA DE ARAUJO FERNANDES, matrícula SiapeCad nº 00087552, para exercer o encargo de Substituto Eventual do Chefe da Divisão de Planejamento, Avaliação e Controle - Dipav da Superintendência Regional da Receita Federal do Brasil da 7ª Região Fiscal (RJ), Código FCPE-101.2.</p><p>Nº 5.766 Designar a Analista-Tributário da Receita Federal do Brasil ANA CLAUDIA CALOMENI MOREIRA, matrícula SiapeCad nº 00020381, para exercer a Função Gratificada de Chefe da Seção de Comunicação Institucional - Sacin da Superintendência Regional da Receita Federal do Brasil da 7ª Região Fiscal (RJ), Código FG-1.</p><p>Nº 5.767 Designar o Auditor-Fiscal da Receita Federal do Brasil MARCO AURELIO DA SILVA CANAL, matrícula SiapeCad nº 00059205, para exercer a Função Comissionada do Poder Executivo de Chefe do Serviço Regional de Programação, Avaliação e Controle da Atividade Fiscal - Sepac da Superintendência Regional da Receita Federal do Brasil da 7ª Região Fiscal (RJ), Código FCPE-101.1.</p><p>Nº 5.768 Designar o Auditor-Fiscal da Receita Federal do Brasil ARY FAULHABER DE ANDRADE FIGUEIRA, matrícula SiapeCad nº 00076227, para exercer a Função Comissionada do Poder Executivo de Chefe da Divisão de Vigilância e Repressão ao Contrabando e Descaminho - Direp da Superintendência Regional da Receita Federal do Brasil da 7ª Região Fiscal (RJ), Código FCPE-101.2.</p><p>Nº 5.769 Designar o Auditor-Fiscal da Receita Federal do Brasil CLAUDIO JOSE GOMES MAIO, matrícula SiapeCad nº 00076337, para exercer o encargo de Substituto Eventual do Chefe da Divisão de Vigilância e Repressão ao Contrabando e Descaminho - Direp da Superintendência Regional da Receita Federal do Brasil da 7ª Região Fiscal (RJ), Código FCPE-101.2.</p><p>Nº 5.770 Designar o Auditor-Fiscal da Receita Federal do Brasil CLAUDIO JOSE GOMES MAIO, matrícula SiapeCad nº 00076337, para exercer a Função Gratificada de Chefe da Seção de Operações de Vigilância e Repressão ao Contrabando e Descaminho - Saope da Superintendência Regional da Receita Federal do Brasil da 7ª Região Fiscal (RJ), Código FG-1.</p><p>Nº 5.771 Designar a Analista-Tributário da Receita Federal do Brasil ANA PAULA POMPEU OAIGEN TOLFO, matrícula SiapeCad nº 01294819, para exercer a Função Comissionada do Poder Executivo de Chefe do Serviço de Programação e Logística - Sepol da Superintendência Regional da Receita Federal do Brasil da 7ª Região Fiscal (RJ), Código FCPE-101.1.</p><p>Nº 5.772 Designar o Analista-Tributário da Receita Federal do Brasil ALEXANDRE LACERDA PEDRAZZI, matrícula SiapeCad nº 01344595, para exercer a Função Gratificada de Chefe da Seção de Licitações - Salic da Superintendência Regional da Receita Federal do Brasil da 7ª Região Fiscal (RJ), Código FG-1.</p><p>Nº 5.773 Designar a Analista-Tributário da Receita Federal do Brasil RAQUEL MARTINS DE MAGALHAES, matrícula SiapeCad nº 01294831, para exercer a Função Gratificada de Chefe da Seção de Contratos - Sacon da Superintendência Regional da Receita Federal do Brasil da 7ª Região Fiscal (RJ), Código FG-1.</p><p>Nº 7.774 Designar o Analista-Tributário da Receita Federal do Brasil RODRIGO LUIZ CERQUEIRA PEREIRA, matrícula SiapeCad nº 01292569, para exercer a Função Gratificada de Chefe da Seção de Orçamento e Finanças - Saofi da Superintendência Regional da Receita Federal do Brasil da 7ª Região Fiscal (RJ), Código FG-1.</p><p>Nº 5.775 Designar o Técnico do Seguro Social RAUL PELLIZZON FILHO, matrícula SiapeCad nº 00847137, para exercer a Função Gratificada de Chefe do Núcleo de Contabilidade - Nutab da Superintendência Regional da Receita Federal do Brasil da 7ª Região Fiscal (RJ), Código FG-3.</p><p>Nº 5.776 Designar a Analista-Tributário da Receita Federal do Brasil MARIANA MARTINS DA COSTA, matrícula SiapeCad nº 01880203, para exercer a Função Comissionada do Poder Executivo de Chefe do Serviço de Mercadorias Apreendidas - Semap da Superintendência Regional da Receita Federal do Brasil da 7ª Região Fiscal (RJ), Código FCPE-101.1.</p><p>Nº 5.777 Designar o Auditor-Fiscal da Receita Federal do Brasil FRANCISCO ANTONIO RODRIGUES DE LIMA, matrícula SiapeCad nº 01134981, para exercer a Função Comissionada do Poder Executivo de Chefe da Divisão de Tecnologia e Segurança da Informação - Ditec da Superintendência Regional da Receita Federal do Brasil da 7ª Região Fiscal (RJ), Código FCPE-101.2.</p><p>Nº 5.778 Designar o Auditor-Fiscal da Receita Federal do Brasil JOSE ANTONIO TRILLO CUNS, matrícula SiapeCad nº 00019364, para exercer o encargo de Substituto Eventual do Chefe da Divisão de Tecnologia e Segurança da Informação - Ditec da Superintendência Regional da Receita Federal do Brasil da 7ª Região Fiscal (RJ), Código FCPE-101.2.</p><p>Nº 5.779 Designar o Auditor-Fiscal da Receita Federal do Brasil CLAUDIO XAVIER DE BRITO SANTOS LIMA, matrícula SiapeCad nº 00021986, para exercer a Função Comissionada do Poder Executivo de Chefe do Serviço de Tecnologia e Segurança da Informação - Setec da Superintendência Regional da Receita Federal do Brasil da 7ª Região Fiscal (RJ), Código FCPE-101.1.</p><p>Nº 5.780 Designar o Auditor-Fiscal da Receita Federal do Brasil MARCOS MARQUES DE SOUZA, matrícula SiapeCad nº 00065145, para exercer o encargo de Substituto Eventual do Chefe do Serviço de Tecnologia e Segurança da Informação - Setec da Superintendência Regional da Receita Federal do Brasil da 7ª Região Fiscal (RJ), Código FCPE-101.1.</p><p>Nº 5.781 Designar a Assistente Técnico-Administrativo MARIANA FRAGA CABECA, matrícula SiapeCad nº 01972386, para exercer a Função Gratificada de Assistente da Superintendência Regional da Receita Federal do Brasil da 7ª Região Fiscal (RJ), Código FG-3.</p><p>Nº 5.782 Designar o Auditor-Fiscal da Receita Federal do Brasil FRANCISCO EDUARDO REZENDE LOUREIRO, matrícula SiapeCad nº 00068751, para exercer a Função Gratificada de Chefe da Seção de Gestão de Serviços - Sages da Superintendência Regional da Receita Federal do Brasil da 7ª Região Fiscal (RJ), Código FG-1.</p><p>Nº 5.783 Designar o Auditor-Fiscal da Receita Federal do Brasil MARCOS MARQUES DE SOUZA, matrícula SiapeCad nº 00065145, para exercer a Função Gratificada de Chefe da Seção de Gestão Regional do Ambiente Informatizado - Sainf da Superintendência Regional da Receita Federal do Brasil da 7ª Região Fiscal (RJ), Código FG-1.</p><p>Nº 5.784 Designar o Auditor-Fiscal da Receita Federal do Brasil MARCIO OLIVEIRA ROCHA, matrícula SiapeCad nº 01291511, para exercer a Função Gratificada de Chefe da Seção de Gestão Regional de Segurança da Informação - Saseg da Superintendência Regional da Receita Federal do Brasil da 7ª Região Fiscal (RJ), Código FG-1.</p><p>Nº 5.785 Designar o Auditor-Fiscal da Receita Federal do Brasil NELSON JOSE TEIXEIRA, matrícula SiapeCad nº 01295612, para exercer a Função Gratificada de Assistente da Superintendência Regional da Receita Federal do Brasil da 7ª Região Fiscal (RJ), Código FG-3.</p><p>Nº 5.786 Designar o Auditor-Fiscal da Receita Federal do Brasil JOSE ANTONIO TRILLO CUNS, matrícula SiapeCad nº 00019364, para exercer a Função Gratificada de Chefe da Seção de Cadastramento Regional - Sacti da Superintendência Regional da Receita Federal do Brasil da 7ª Região Fiscal (RJ), Código FG-1.</p><p>Nº 5.787 Designar o Auditor-Fiscal da Receita Federal do Brasil GUILHERME CANTARINO DA COSTA RAMOS, matrícula SiapeCad nº 00057408, para exercer a Função Gratificada de Assistente da Superintendência Regional da Receita Federal do Brasil da 7ª Região Fiscal (RJ), Código FG-3.</p><p>Nº 5.788 Designar o Assistente Técnico-Administrativo ALEXANDRE GONCALVES MADEIRA, matrícula SiapeCad nº 01490920, para exercer a Função Comissionada do Poder Executivo de Chefe do Serviço de Gestão de Pessoas - Segep da Superintendência Regional da Receita Federal do Brasil da 7ª Região Fiscal (RJ), Código FCPE-101.1.</p><p>Nº 5.789 Designar a Agente Administrativo VANIA LUCIA PEREIRA DE OLIVEIRA, matrícula SiapeCad nº 00021452, para exercer o encargo de Substituto Eventual do Chefe do Serviço de Gestão de Pessoas - Segep da Superintendência Regional da Receita Federal do Brasil da 7ª Região Fiscal (RJ), Código FCPE-101.1.</p><p>Nº 5.790 Designar a Analista-Tributário da Receita Federal do Brasil VIRGINIA FERRER MAMEDE, matrícula SiapeCad nº 00013134, para exercer a Função Gratificada de Chefe da Seção de Administração de Pessoas - Saape da Superintendência Regional da Receita Federal do Brasil da 7ª Região Fiscal (RJ), Código FG-1.</p><p>Nº 5.791 Designar a Auditora-Fiscal da Receita Federal do Brasil SONIA MARIA BINDES DE CAMPOS PEREIRA, matrícula SiapeCad nº 00879311, para exercer a Função Gratificada de Chefe da Seção de Pagamento de Pessoal - Sapag da Superintendência Regional da Receita Federal do Brasil da 7ª Região Fiscal (RJ), Código FG-1.</p><p>Nº 5.792 Designar a Auditora-Fiscal da Receita Federal do Brasil CRISTINA DANTAS GODART, matrícula SiapeCad nº 00880655, para exercer a Função Gratificada de Chefe da Seção de Desenvolvimento, Capacitação e Gestão de Desempenho - Sadec da Superintendência Regional da Receita Federal do Brasil da 7ª Região Fiscal (RJ), Código FG-1.</p><p>Nº 5.793 Designar o Auditor-Fiscal da Receita Federal do Brasil GERALDO LUIZ MENDES CARDOSO, matrícula SiapeCad nº 00011920, para exercer a Função Gratificada de Chefe do Núcleo de Valorização e Qualidade de Vida no Trabalho - Nuvaq da Superintendência Regional da Receita Federal do Brasil da 7ª Região Fiscal (RJ), Código FG-3.</p><p>Nº 5.794 Designar o Analista Técnico-Administrativo JAKCILEY VIANA DUARTE, matrícula SiapeCad nº 01899822, para exercer a Função Gratificada de Chefe da Seção de Legislação de Pessoal - Salep da Superintendência Regional da Receita Federal do Brasil da 7ª Região Fiscal (RJ), Código FG-1.</p><p>Nº 5.795 Designar a Auditora-Fiscal da Receita Federal do Brasil SANDRA ROBERTA SOUSA DE GOUVEA, matrícula SiapeCad nº 01217361, para exercer a Função Gratificada de Chefe da Equipe de Programação, Avaliação e Controle da Atividade Fiscal 1 - Eqpac1 da Superintendência Regional da Receita Federal do Brasil da 7ª Região Fiscal (RJ), Código FG-1.</p><p>Nº 5.796 Designar o Analista-Tributário da Receita Federal do Brasil DILSON SA E BENEVIDES, matrícula SiapeCad nº 00065983, para exercer a Função Gratificada de Chefe da Equipe de Vigilância e Repressão 1 - EVR1 da Superintendência Regional da Receita Federal do Brasil da 7ª Região Fiscal (RJ), Código FG-1.</p><p>Nº 5.797 Designar a Agente Administrativo MONICA DURAES ACCIOLY, matrícula SiapeCad nº 00018758, para exercer a Função Gratificada de Chefe da Equipe de Gestão Corporativa 1 - EGC1 da Superintendência Regional da Receita Federal do Brasil da 7ª Região Fiscal (RJ), Código FG-3.</p><p>Nº 5.798 Designar a Assistente Técnico-Administrativo HAYANE KRAYTCH DA SILVA FERREIRA, matrícula SiapeCad nº 01592695, para exercer a Função Gratificada de Chefe da Equipe de Gestão Corporativa 2 - EGC2 da Superintendência Regional da Receita Federal do Brasil da 7ª Região Fiscal (RJ), Código FG-3.</p><p>Nº 5.799 Designar o Analista-Tributário da Receita Federal do Brasil MARCIO MOREIRA DE OLIVEIRA, matrícula SiapeCad nº 00021736, para exercer a Função Comissionada do Poder Executivo de Chefe do Serviço de Tecnologia e Segurança da Informação - Setec da Delegacia da Receita Federal do Brasil em Niteroi (RJ), Código FCPE-101.1.</p><p>Nº 5.800 Designar o Analista-Tributário da Receita Federal do Brasil ALEXANDRE ABREU, matrícula SiapeCad nº 00068603, para exercer o encargo de Substituto Eventual do Chefe do Serviço de Tecnologia e Segurança da Informação - Setec da Delegacia da Receita Federal do Brasil em Niteroi (RJ), Código FCPE-101.1.</p><p>Nº 5.801 Designar o Auditor-Fiscal da Receita Federal do Brasil EDUARDO COULAMY, matrícula SiapeCad nº 00020503, para exercer a Função Gratificada de Chefe da Equipe de Informação Fiscal 1 - EIF1 da Delegacia da Receita Federal do Brasil em Niteroi (RJ), Código FG-1.</p><p>Nº 5.802 Designar o Analista-Tributário da Receita Federal do Brasil CELSO LUIZ GONCALVES RODRIGUES, matrícula SiapeCad nº 01292535, para exercer a Função Comissionada do Poder Executivo de Chefe do Serviço de Tecnologia e Segurança da Informação - Setec da Delegacia da Receita Federal do Brasil em Nova Iguacu (RJ), Código FCPE-101.1.</p><p>Nº 5.803 Designar o Analista-Tributário da Receita Federal do Brasil PAULO CELIO ROSA DE ARAUJO, matrícula SiapeCad nº 00847344, para exercer o encargo de Substituto Eventual do Chefe do Serviço de Tecnologia e Segurança da Informação - Setec da Delegacia da Receita Federal do Brasil em Nova Iguacu (RJ), Código FCPE-101.1.</p><p>Nº 5.804 Designar a Auditora-Fiscal da Receita Federal do Brasil CLAUDIA CRUZ MARTINS SILVA, matrícula SiapeCad nº 01131054, para exercer a Função Gratificada de Chefe da Equipe de Arrecadação e Cobrança - EAC/1 da Delegacia da Receita Federal do Brasil em Nova Iguacu (RJ), Código FG-1.</p><p>Nº 5.805 Designar a Analista-Tributário da Receita Federal do Brasil MARCELLE CAVALCANTI SANTOS FILARDI, matrícula SiapeCad nº 01883037, para exercer a Função Gratificada de Assistente da Delegacia da Receita Federal do Brasil em Nova Iguacu (RJ), Código FG-1.</p><p>Nº 5.806 Designar o Auditor-Fiscal da Receita Federal do Brasil JORCELEY DE MORAES FILHO, matrícula SiapeCad nº 00063898, para exercer a Função Gratificada de Chefe da Equipe de Informação Fiscal 1 - EIF1 da Delegacia da Receita Federal do Brasil em Nova Iguacu (RJ), Código FG-1.</p><p>Nº 5.807 Designar a Analista-Tributário da Receita Federal do Brasil ANNA CHRISTINA EGYPTO MACEDO, matrícula SiapeCad nº 00066027, para exercer a Função Gratificada de Agente da Receita Federal do Brasil em Teresopolis (RJ), jurisdição da Delegacia da Receita Federal do Brasil em Nova Iguacu (RJ), Código FG-1.</p><p>Nº 5.808 Designar o Analista-Tributário da Receita Federal do Brasil MARCOS VENICIO FERREIRA GUIMARAES, matrícula SiapeCad nº 00057369, para exercer a Função Gratificada de Chefe de Equipe/1 da Agência da Receita Federal do Brasil em Teresopolis (RJ), jurisdição da Delegacia da Receita Federal do Brasil em Nova Iguacu (RJ), Código FG-3.</p><p>Nº 5.809 Designar o Analista-Tributário da Receita Federal do Brasil FRANCISCO GOMES DOS SANTOS, matrícula SiapeCad nº 00012479, para exercer a Função Gratificada de Chefe da Seção de Tecnologia e Segurança da Informação - Satec da Delegacia da Receita Federal do Brasil em Campos dos Goytacazes (RJ), Código FG-1.</p><p>Nº 5.810 Designar o Auditor-Fiscal da Receita Federal do Brasil DOVER SILVA TOSTES, matrícula SiapeCad nº 01217307, para exercer a Função Gratificada de Chefe da Equipe de Fiscalização - EFI/1 da Delegacia da Receita Federal do Brasil em Campos dos Goytacazes (RJ), Código FG-2.</p><p>Nº 5.811 Designar o Auditor-Fiscal da Receita Federal do Brasil LEONARDO GALVAO ARRUDA, matrícula SiapeCad nº 01221231, para exercer a Função Gratificada de Chefe da Equipe de Fiscalização - EFI/2 da Delegacia da Receita Federal do Brasil em Campos dos Goytacazes (RJ), Código FG-2.</p><p>Nº 5.812 Designar o Analista-Tributário da Receita Federal do Brasil LEANDRO FONSECA MONFARDINI, matrícula SiapeCad nº 00068654, para exercer a Função Gratificada de Chefe da Seção de Tecnologia e Segurança da Informação - Satec da Delegacia da Receita Federal do Brasil em Volta Redonda (RJ), Código FG-1.</p><p>Nº 5.813 Designar o Auditor-Fiscal da Receita Federal do Brasil MARCIO ALEXANDRE DA SILVA VELOSO, matrícula SiapeCad nº 01169470, para exercer a Função Comissionada do Poder Executivo de Chefe da Equipe de Fiscalização - EFI/4 da Delegacia da Receita Federal do Brasil em Rio de Janeiro I (RJ), Código FCPE-101.1.</p><p>Nº 5.814 Designar o Auditor-Fiscal da Receita Federal do Brasil LEONARDO AMARAL DA SILVA SANT ANNA, matrícula SiapeCad nº 01171406, para exercer o encargo de Substituto Eventual do Chefe da Equipe de Fiscalização - EFI/4 da Delegacia da Receita Federal do Brasil em Rio de Janeiro I (RJ), Código FCPE-101.1.</p><p>Nº 5.815 Designar o Auditor-Fiscal da Receita Federal do Brasil JOSE APARECIDO ROSA, matrícula SiapeCad nº 00038759, para exercer a Função Comissionada do Poder Executivo de Chefe da Equipe de Fiscalização - EFI/5 da Delegacia da Receita Federal do Brasil em Rio de Janeiro I (RJ), Código FCPE-101.1.</p><p>Nº 5.816 Designar o Auditor-Fiscal da Receita Federal do Brasil RICARDO DA SILVA ALVES FILHO, matrícula SiapeCad nº 00056785, para exercer o encargo de Substituto Eventual do Chefe da Equipe de Fiscalização - EFI/5 da Delegacia da Receita Federal do Brasil em Rio de Janeiro I (RJ), Código FCPE-101.1.</p><p>Nº 5.817 Designar o Auditor-Fiscal da Receita Federal do Brasil ANTONIO PEDRO PEREZ ALVES DE FARIA, matrícula SiapeCad nº 00017745, para exercer a Função Comissionada do Poder Executivo de Chefe da Equipe de Fiscalização - EFI/6 da Delegacia da Receita Federal do Brasil em Rio de Janeiro I (RJ), Código FCPE-101.1.</p><p>Nº 5.818 Designar a Auditora-Fiscal da Receita Federal do Brasil PAULA DANIELLE HARTUNG DE AZEVEDO SANT ANNA, matrícula SiapeCad nº 00001954, para exercer o encargo de Substituto Eventual do Chefe da Equipe de Fiscalização - EFI/6 da Delegacia da Receita Federal do Brasil em Rio de Janeiro I (RJ), Código FCPE-101.1.</p><p>Nº 5.819 Designar o Auditor-Fiscal da Receita Federal do Brasil LEONIDAS PEREIRA QUARESMA, matrícula SiapeCad nº 00019223, para exercer a Função Comissionada do Poder Executivo de Chefe da Equipe de Fiscalização - EFI/7 da Delegacia da Receita Federal do Brasil em Rio de Janeiro I (RJ), Código FCPE-101.1.</p><p>Nº 5.820 Designar a Auditora-Fiscal da Receita Federal do Brasil CARLA MARIA SANTOS DE CARVALHO, matrícula SiapeCad nº 00076416, para exercer o encargo de Substituto Eventual do Chefe da Equipe de Fiscalização - EFI/7 da Delegacia da Receita Federal do Brasil em Rio de Janeiro I (RJ), Código FCPE-101.1.</p><p>Nº 5.821 Designar a Auditora-Fiscal da Receita Federal do Brasil LAURA TEREZA DE ALMEIDA RAUPP, matrícula SiapeCad nº 00016502, para exercer a Função Gratificada de Chefe da Equipe de Informação Fiscal 1 - EIF1 da Delegacia da Receita Federal do Brasil em Rio de Janeiro I (RJ), Código FG-1.</p><p>Nº 5.822 Designar o Agente Administrativo ADENILSON JOVENCIO DE SOUZA, matrícula SiapeCad nº 00015287, para exercer a Função Gratificada de Chefe da Equipe de Logística 1 - ELG1 da Delegacia da Receita Federal do Brasil em Rio de Janeiro I (RJ), Código FG-1.</p><p>Nº 5.823 Designar o Analista-Tributário da Receita Federal do Brasil LUIZ ANTONIO PERALTA BAPTISTA, matrícula SiapeCad nº 00016203, para exercer a Função Gratificada de Chefe da Equipe de Tecnologia e Segurança da Informação 1 - ETI1 da Delegacia da Receita Federal do Brasil em Rio de Janeiro I (RJ), Código FG-1.</p><p>Nº 5.824 Designar a Agente Administrativo MARCIA REGINA ALMEIDA AMOROSO, matrícula SiapeCad nº 00059061, para exercer a Função Gratificada de Chefe da Equipe de Gestão de Pessoas 1 - EGP1 da Delegacia da Receita Federal do Brasil em Rio de Janeiro I (RJ), Código FG-1.</p><p>Nº 5.825 Designar a Auditora-Fiscal da Receita Federal do Brasil CRISTINE QUINTINO MOUTA DIAS, matrícula SiapeCad nº 01223325, para exercer a Função Gratificada de Assistente da Delegacia da Receita Federal do Brasil em Rio de Janeiro II (RJ), Código FG-3.</p><p>Nº 5.826 Designar a Analista-Tributário da Receita Federal do Brasil BIANCA MATTOS FERREIRA DE CAZAES, matrícula SiapeCad nº 01294479, para exercer a Função Comissionada do Poder Executivo de Chefe do Serviço de Gestão Corporativa - Secor da Delegacia da Receita Federal do Brasil em Rio de Janeiro II (RJ), Código FCPE-101.1.</p><p>Nº 5.827 Designar o Analista-Tributário da Receita Federal do Brasil NELSON LUIS DE SOUZA TYMCHAK, matrícula SiapeCad nº 00065120, para exercer a Função Gratificada de Chefe da Seção de Programação e Logística - Sapol da Delegacia da Receita Federal do Brasil em Rio de Janeiro II (RJ), Código FG-1.</p><p>Nº 5.828 Designar a Analista-Tributário da Receita Federal do Brasil JULIANA SILVA GARCIA SANTOS, matrícula SiapeCad nº 00087808, para exercer a Função Gratificada de Chefe da Seção de Tecnologia e Segurança da Informação - Satec da Delegacia da Receita Federal do Brasil em Rio de Janeiro II (RJ), Código FG-1.</p><p>Nº 5.829 Designar o Agente Administrativo MANOEL ANTONIO LIMA PEREIRA, matrícula SiapeCad nº 00011619, para exercer a Função Gratificada de Chefe da Seção de Gestão de Pessoas - Sagep da Delegacia da Receita Federal do Brasil em Rio de Janeiro II (RJ), Código FG-1.</p><p>Nº 5.830 Designar o Auditor-Fiscal da Receita Federal do Brasil MARCO AURELIO NORA FORMEL, matrícula SiapeCad nº 00060447, para exercer a Função Gratificada de Chefe da Equipe de Arrecadação e Cobrança - EAC/9 da Delegacia da Receita Federal do Brasil em Rio de Janeiro II (RJ), Código FG-1.</p><p>Nº 5.831 Designar o Auditor-Fiscal da Receita Federal do Brasil JORGE ALBERTO DOS SANTOS, matrícula SiapeCad nº 01170099, para exercer a Função Comissionada do Poder Executivo de Chefe da Equipe de Fiscalização - EFI/7 da Delegacia da Receita Federal do Brasil em Rio de Janeiro II (RJ), Código FCPE-101.1.</p><p>Nº 5.832 Designar o Auditor-Fiscal da Receita Federal do Brasil BRUNO CESAR SILVA DE LACERDA, matrícula SiapeCad nº 01291965, para exercer o encargo de Substituto Eventual do Chefe da Equipe de Fiscalização - EFI/7 da Delegacia da Receita Federal do Brasil em Rio de Janeiro II (RJ), Código FCPE-101.1.</p><p>Nº 5.833 Designar o Auditor-Fiscal da Receita Federal do Brasil DANIEL MONTEIRO GENTIL, matrícula SiapeCad nº 01131498, para exercer a Função Gratificada de Chefe da Equipe de Informação Fiscal 1 - EIF1 da Delegacia da Receita Federal do Brasil em Rio de Janeiro II (RJ), Código FG-1.</p><p>Nº 5.834 Designar a Analista-Tributário da Receita Federal do Brasil DANIELE GONCALVES LEOPOLDO, matrícula SiapeCad nº 01570115, para exercer a Função Gratificada de Chefe da Seção de Gestão Corporativa - Sacor da Delegacia da Receita Federal do Brasil em Macaé (RJ), Código FG-1.</p><p>Nº 5.835 Nomear o Auditor-Fiscal da Receita Federal do Brasil RICARDO LOMBA VILLELA BASTOS, matrícula SiapeCad nº 00057497, para exercer o cargo em comissão de Delegado da Alfândega da Receita Federal do Brasil em Porto do Rio de Janeiro (RJ), Código DAS-101.3.</p><p>Nº 5.836 Designar o Auditor-Fiscal da Receita Federal do Brasil ALEXANDRE FELIPE OSORIO LATTARI, matrícula SiapeCad nº 00076334, para exercer o encargo de Substituto Eventual do Delegado da Alfândega da Receita Federal do Brasil em Porto do Rio de Janeiro (RJ), Código DAS-101.3.</p><p>Nº 5.837 Designar o Auditor-Fiscal da Receita Federal do Brasil ALEXANDRE FELIPE OSORIO LATTARI, matrícula SiapeCad nº 00076334, para exercer a Função Comissionada do Poder Executivo de Delegado Adjunto da Alfândega da Receita Federal do Brasil em Porto do Rio de Janeiro (RJ), Código FCPE-101.1.</p><p>Nº 5.838 Designar a Auditora-Fiscal da Receita Federal do Brasil MARIA DO ROSARIO FILGUEIRAS CASTELLO BRANCO NARVAEZ, matrícula SiapeCad nº 00022700, para exercer a Função Gratificada de Chefe da Seção de Assessoramento Técnico Aduaneiro - Saata da Alfândega da Receita Federal do Brasil em Porto do Rio de Janeiro (RJ), Código FG-1.</p><p>Nº 5.839 Designar o Auditor-Fiscal da Receita Federal do Brasil SERGIO ROBERTO PEREIRA ARAUJO, matrícula SiapeCad nº 00019792, para exercer a Função Gratificada de Chefe da Seção de Controle de Carga e Trânsito Aduaneiro - Sacta da Alfândega da Receita Federal do Brasil em Porto do Rio de Janeiro (RJ), Código FG-1.</p><p>Nº 5.840 Designar o Auditor-Fiscal da Receita Federal do Brasil RICARDO DA FONSECA POPPE DE FIGUEIREDO, matrícula SiapeCad nº 00076044, para exercer a Função Comissionada do Poder Executivo de Chefe do Serviço de Vigilância Aduaneira - Sevig da Alfândega da Receita Federal do Brasil em Porto do Rio de Janeiro (RJ), Código FCPE-101.1.</p><p>Nº 5.841 Designar o Auditor-Fiscal da Receita Federal do Brasil CIRO AUGUSTO CASTILHO SILVA, matrícula SiapeCad nº 00019518, para exercer o encargo de Substituto Eventual do Chefe do Serviço de Vigilância Aduaneira - Sevig da Alfândega da Receita Federal do Brasil em Porto do Rio de Janeiro (RJ), Código FCPE-101.1.</p><p>Nº 5.842 Designar o Auditor-Fiscal da Receita Federal do Brasil ALEXANDRE DE OLIVEIRA GONZALEZ, matrícula SiapeCad nº 00019431, para exercer a Função Gratificada de Chefe da Seção de Gestão de Riscos Aduaneiros - Sarad da Alfândega da Receita Federal do Brasil em Porto do Rio de Janeiro (RJ), Código FG-1.</p><p>Nº 5.843 Designar o Analista Técnico-Administrativo FABIANO MARTINS MARQUES, matrícula SiapeCad nº 01933220, para exercer a Função Comissionada do Poder Executivo de Chefe do Serviço de Programação e Logística - Sepol da Alfândega da Receita Federal do Brasil em Porto do Rio de Janeiro (RJ), Código FCPE-101.1.</p><p>Nº 5.844 Designar o Auditor-Fiscal da Receita Federal do Brasil JOSE ANGELO CARVALHO MACHADO, matrícula SiapeCad nº 00019575, para exercer a Função Comissionada do Poder Executivo de Chefe do Serviço de Tecnologia e Segurança da Informação - Setec da Alfândega da Receita Federal do Brasil em Porto do Rio de Janeiro (RJ), Código FCPE-101.1.</p><p>Nº 5.845 Designar a Analista-Tributário da Receita Federal do Brasil ANA CRISTINA ALMEIDA FERNANDES, matrícula SiapeCad nº 00020144, para exercer o encargo de Substituto Eventual do Chefe do Serviço de Tecnologia e Segurança da Informação - Setec da Alfândega da Receita Federal do Brasil em Porto do Rio de Janeiro (RJ), Código FCPE-101.1.</p><p>Nº 5.846 Designar a Assistente Técnico-Administrativo SOLANGE RAMOS VIEIRA DA CUNHA, matrícula SiapeCad nº 01585762, para exercer a Função Comissionada do Poder Executivo de Chefe do Serviço de Gestão de Pessoas - Segep da Alfândega da Receita Federal do Brasil em Porto do Rio de Janeiro (RJ), Código FCPE-101.1.</p><p>Nº 5.847 Designar o Auditor-Fiscal da Receita Federal do Brasil ANTONIO BEZERRA DA SILVA FILHO, matrícula SiapeCad nº 00020512, para exercer a Função Gratificada de Chefe da Equipe Aduaneira - EAD/2 da Alfândega da Receita Federal do Brasil em Porto do Rio de Janeiro (RJ), Código FG-1.</p><p>Nº 5.848 Designar o Auditor-Fiscal da Receita Federal do Brasil IVAN SIMOES DA SILVA JUNIOR, matrícula SiapeCad nº 00019812, para exercer a Função Gratificada de Chefe da Equipe Aduaneira 3 - EAD3 da Alfândega da Receita Federal do Brasil em Porto do Rio de Janeiro (RJ), Código FG-2.</p><p>Nº 5.849 Designar a Auditora-Fiscal da Receita Federal do Brasil REGINA DE FATIMA DA SILVA CALDEIRA HARDMAN, matrícula SiapeCad nº 00012188, para exercer a Função Gratificada de Chefe da Equipe Aduaneira 4 - EAD4 da Alfândega da Receita Federal do Brasil em Porto do Rio de Janeiro (RJ), Código FG-2.</p><p>Nº 5.850 Designar a Analista-Tributário da Receita Federal do Brasil JANIZE DO VALLE AMADO DE CARVALHO, matrícula SiapeCad nº 00019840, para exercer a Função Gratificada de Chefe da Equipe Aduaneira 5 - EAD5 da Alfândega da Receita Federal do Brasil em Porto do Rio de Janeiro (RJ), Código FG-3.</p><p>Nº 5.851 Designar o Auditor-Fiscal da Receita Federal do Brasil CIRO AUGUSTO CASTILHO SILVA, matrícula SiapeCad nº 00019518, para exercer a Função Gratificada de Chefe da Equipe de Vigilância e Repressão 1 - EVR1 da Alfândega da Receita Federal do Brasil em Porto do Rio de Janeiro (RJ), Código FG-1.</p><p>Nº 5.852 Designar a Analista-Tributário da Receita Federal do Brasil FERNANDA ADED SALLES MOREIRA, matrícula SiapeCad nº 00021541, para exercer a Função Gratificada de Chefe da Equipe de Mercadorias Apreendidas 1 - EMA1 da Alfândega da Receita Federal do Brasil em Porto do Rio de Janeiro (RJ), Código FG-2.</p><p>Nº 5.853 Designar a Analista-Tributário da Receita Federal do Brasil CLAUDIA REGINA DA COSTA FERREIRA, matrícula SiapeCad nº 00019896, para exercer a Função Gratificada de Chefe da Equipe de Gestão de Pessoas 1 - EGP1 da Alfândega da Receita Federal do Brasil em Porto do Rio de Janeiro (RJ), Código FG-3.</p><p>Nº 5.854 Nomear o Auditor-Fiscal da Receita Federal do Brasil CLAUDIO RODRIGUES RIBEIRO, matrícula SiapeCad nº 00063917, para exercer o cargo em comissão de Delegado da Alfândega da Receita Federal do Brasil no Aeroporto Internacional do Rio de Janeiro (RJ), Código DAS-101.3.</p><p>Nº 5.855 Designar o Auditor-Fiscal da Receita Federal do Brasil FERNANDO FERNANDES FRAGUAS, matrícula SiapeCad nº 00056840, para exercer o encargo de Substituto Eventual do Delegado da Alfândega da Receita Federal do Brasil no Aeroporto Internacional do Rio de Janeiro (RJ), Código DAS-101.3.</p><p>Nº 5.856 Designar o Auditor-Fiscal da Receita Federal do Brasil FERNANDO FERNANDES FRAGUAS, matrícula SiapeCad nº 00056840, para exercer a Função Comissionada do Poder Executivo de Delegado Adjunto da Alfândega da Receita Federal do Brasil no Aeroporto Internacional do Rio de Janeiro (RJ), Código FCPE-101.1.</p><p>Nº 5.857 Designar o Auditor-Fiscal da Receita Federal do Brasil SERGIO RICARDO RAMALHO PEREIRA, matrícula SiapeCad nº 00087867, para exercer a Função Gratificada de Chefe da Seção de Controle de Carga e Trânsito Aduaneiro - Sacta da Alfândega da Receita Federal do Brasil no Aeroporto Internacional do Rio de Janeiro (RJ), Código FG-1.</p><p>Nº 5.858 Designar a Auditora-Fiscal da Receita Federal do Brasil PATRICIA MIRANDA DE MENESES BICHARA MOREIRA, matrícula SiapeCad nº 00708834, para exercer a Função Comissionada do Poder Executivo de Chefe do Serviço de Vigilância Aduaneira - Sevig da Alfândega da Receita Federal do Brasil no Aeroporto Internacional do Rio de Janeiro (RJ), Código FCPE-101.1.</p><p>Nº 5.859 Designar o Auditor-Fiscal da Receita Federal do Brasil SILAS DE BARROS RIBEIRO, matrícula SiapeCad nº 00019439, para exercer a Função Gratificada de Chefe da Seção de Gestão de Riscos Aduaneiros - Sarad da Alfândega da Receita Federal do Brasil no Aeroporto Internacional do Rio de Janeiro (RJ), Código FG-1.</p><p>Nº 5.860 Designar o Auditor-Fiscal da Receita Federal do Brasil MARCOS RIOS CORREA, matrícula SiapeCad nº 00019098, para exercer a Função Gratificada de Chefe da Seção de Procedimentos Especiais Aduaneiros - Sapea da Alfândega da Receita Federal do Brasil no Aeroporto Internacional do Rio de Janeiro (RJ), Código FG-1.</p><p>Nº 5.861 Designar o Auditor-Fiscal da Receita Federal do Brasil RICARDO JOSE NICOLAS DE MESQUITA, matrícula SiapeCad nº 00063901, para exercer a Função Gratificada de Chefe da Equipe Aduaneira 1 - EAD1 da Alfândega da Receita Federal do Brasil no Aeroporto Internacional do Rio de Janeiro (RJ), Código FG-1.</p><p>Nº 5.862 Designar o Auditor-Fiscal da Receita Federal do Brasil OSCAR NASSER SAFADI FILHO, matrícula SiapeCad nº 00063902, para exercer a Função Gratificada de Chefe da Equipe Aduaneira 2 - EAD2 da Alfândega da Receita Federal do Brasil no Aeroporto Internacional do Rio de Janeiro (RJ), Código FG-1.</p><p>Nº 5.863 Designar o Auditor-Fiscal da Receita Federal do Brasil PAULO JOSE MATTOS LOURENCO, matrícula SiapeCad nº 00064067, para exercer a Função Gratificada de Chefe da Equipe Aduaneira 3 - EAD3 da Alfândega da Receita Federal do Brasil no Aeroporto Internacional do Rio de Janeiro (RJ), Código FG-1.</p><p>Nº 5.864 Designar o Auditor-Fiscal da Receita Federal do Brasil MARCOS DE JESUS DANTAS DE OLIVEIRA, matrícula SiapeCad nº 00012826, para exercer a Função Gratificada de Chefe da Equipe Aduaneira 4 - EAD4 da Alfândega da Receita Federal do Brasil no Aeroporto Internacional do Rio de Janeiro (RJ), Código FG-2.</p><p>Nº 5.865 Designar o Auditor-Fiscal da Receita Federal do Brasil SERGIO MURILO DA SILVA GOMES, matrícula SiapeCad nº 00056909, para exercer a Função Gratificada de Chefe da Equipe Aduaneira 5 - EAD5 da Alfândega da Receita Federal do Brasil no Aeroporto Internacional do Rio de Janeiro (RJ), Código FG-2.</p><p>Nº 5.866 Designar o Auditor-Fiscal da Receita Federal do Brasil PAULO ROBERTO NOIRA PASSOS DA COSTA, matrícula SiapeCad nº 00066039, para exercer a Função Gratificada de Chefe da Equipe Aduaneira 6 - EAD6 da Alfândega da Receita Federal do Brasil no Aeroporto Internacional do Rio de Janeiro (RJ), Código FG-2.</p><p>Nº 5.867 Designar o Auditor-Fiscal da Receita Federal do Brasil VITOR CAMPOS MAGALHAES, matrícula SiapeCad nº 01131470, para exercer a Função Gratificada de Chefe da Equipe de Vigilância e Repressão 1 - EVR1 da Alfândega da Receita Federal do Brasil no Aeroporto Internacional do Rio de Janeiro (RJ), Código FG-1.</p><p>Nº 5.868 Designar a Analista-Tributário da Receita Federal do Brasil LYCIA DE OLIVEIRA DE MARCHI FURLAN, matrícula SiapeCad nº 01811999, para exercer a Função Gratificada de Chefe da Equipe de Logística 1 - ELG1 da Alfândega da Receita Federal do Brasil no Aeroporto Internacional do Rio de Janeiro (RJ), Código FG-3.</p><p>Nº 5.869 Designar o Agente Administrativo JOSE ROBERTO LEITE PEDROZA, matrícula SiapeCad nº 00018565, para exercer a Função Gratificada de Chefe da Equipe de Logística 2 - ELG2 da Alfândega da Receita Federal do Brasil no Aeroporto Internacional do Rio de Janeiro (RJ), Código FG-1.</p><p>Nº 5.870 Designar o Analista-Tributário da Receita Federal do Brasil CLAUDIO LUIZ MASCARENHAS DE SOUZA, matrícula SiapeCad nº 00057153, para exercer a Função Gratificada de Chefe da Equipe de Tecnologia e Segurança da Informação 1 - ETI1 da Alfândega da Receita Federal do Brasil no Aeroporto Internacional do Rio de Janeiro (RJ), Código FG-3.</p><p>Nº 5.871 Designar o Analista-Tributário da Receita Federal do Brasil FERNANDO SERGIO LOUREIRO DE OLIVEIRA, matrícula SiapeCad nº 00019088, para exercer a Função Gratificada de Chefe da Equipe de Tecnologia e Segurança da Informação 2 - ETI2 da Alfândega da Receita Federal do Brasil no Aeroporto Internacional do Rio de Janeiro (RJ), Código FG-1.</p><p>Nº 5.872 Designar a Agente Administrativo CLAUDIA CRISTINA PINTO WANDEMBERG, matrícula SiapeCad nº 01153714, para exercer a Função Gratificada de Chefe da Equipe de Gestão de Pessoas 1 - EGP1 da Alfândega da Receita Federal do Brasil no Aeroporto Internacional do Rio de Janeiro (RJ), Código FG-1.</p><p>Nº 5.873 Nomear o Auditor-Fiscal da Receita Federal do Brasil ALEXANDRE MIGUEL DA SILVA, matrícula SiapeCad nº 00065374, para exercer o cargo em comissão de Delegado da Alfândega da Receita Federal do Brasil no Porto de Itaguaí (RJ), Código DAS-101.2.</p><p>Nº 5.874 Designar o Auditor-Fiscal da Receita Federal do Brasil MARCUS LUIZ RODRIGUES RIOS MOTA, matrícula SiapeCad nº 00065709, para exercer o encargo de Substituto Eventual do Delegado da Alfândega da Receita Federal do Brasil no Porto de Itaguaí (RJ), Código DAS-101.2.</p><p>Nº 5.875 Designar o Auditor-Fiscal da Receita Federal do Brasil MARCUS LUIZ RODRIGUES RIOS MOTA, matrícula SiapeCad nº 00065709, para exercer a Função Gratificada de Delegado Adjunto da Alfândega da Receita Federal do Brasil no Porto de Itaguaí (RJ), Código FG-1.</p><p>Nº 5.876 Designar o Auditor-Fiscal da Receita Federal do Brasil ELIS MARCIO RODRIGUES E SILVA, matrícula SiapeCad nº 00014870, para exercer a Função Gratificada de Chefe do Setor de Assessoramento Técnico Aduaneiro - Soata da Alfândega da Receita Federal do Brasil no Porto de Itaguaí (RJ), Código FG-2.</p><p>Nº 5.877 Designar o Auditor-Fiscal da Receita Federal do Brasil WASHINGTON FACANHA LOTFI, matrícula SiapeCad nº 01237476, para exercer a Função Gratificada de Chefe da Seção de Vigilância Aduaneira - Savig da Alfândega da Receita Federal do Brasil no Porto de Itaguaí (RJ), Código FG-1.</p><p>Nº 5.878 Designar o Auditor-Fiscal da Receita Federal do Brasil RENATO MORAES COELHO, matrícula SiapeCad nº 00020572, para exercer a Função Gratificada de Chefe da Seção de Gestão de Riscos Aduaneiros - Sarad da Alfândega da Receita Federal do Brasil no Porto de Itaguaí (RJ), Código FG-1.</p><p>Nº 5.879 Designar a Analista-Tributário da Receita Federal do Brasil FERNANDA VIEIRA DE FIGUEIREDO FERNANDES, matrícula SiapeCad nº 00057205, para exercer a Função Gratificada de Chefe da Seção de Tecnologia e Segurança da Informação - Satec da Alfândega da Receita Federal do Brasil no Porto de Itaguaí (RJ), Código FG-1.</p><p>Nº 5.880 Designar o Auditor-Fiscal da Receita Federal do Brasil JOSAFA BESERRA SIQUEIRA, matrícula SiapeCad nº 00006988, para exercer a Função Gratificada de Chefe da Equipe Aduaneira - EAD/1 da Alfândega da Receita Federal do Brasil no Porto de Itaguaí (RJ), Código FG-2.</p><p>Nº 5.881 Designar o Analista-Tributário da Receita Federal do Brasil JOSE ALEXANDRE GUINA LIMA, matrícula SiapeCad nº 00087860, para exercer a Função Gratificada de Chefe da Equipe de Vigilância e Repressão 1 - EVR1 da Alfândega da Receita Federal do Brasil no Porto de Itaguaí (RJ), Código FG-3.</p><p>Nº 5.882 Designar o Analista-Tributário da Receita Federal do Brasil JORGE AUGUSTO SILVA DE JESUS, matrícula SiapeCad nº 00062350, para exercer a Função Gratificada de Chefe da Equipe de Mercadorias Apreendidas 1 - EMA1 da Alfândega da Receita Federal do Brasil no Porto de Itaguaí (RJ), Código FG-2.</p><p>Nº 5.883 Nomear o Auditor-Fiscal da Receita Federal do Brasil PAULO ROBERTO XIMENES PEDROSA, matrícula SiapeCad nº 00057381, para exercer o cargo em comissão de Delegado da Delegacia Especial da Receita Federal do Brasil de Comércio Exterior no Rio de Janeiro (RJ), Código DAS-101.3.</p><p>Nº 5.884 Designar o Auditor-Fiscal da Receita Federal do Brasil RUY AFONSO LOPES SALDANHA, matrícula SiapeCad nº 00018872, para exercer o encargo de Substituto Eventual do Delegado da Delegacia Especial da Receita Federal do Brasil de Comércio Exterior no Rio de Janeiro (RJ), Código DAS-101.3.</p><p>Nº 5.885 Designar o Auditor-Fiscal da Receita Federal do Brasil RUY AFONSO LOPES SALDANHA, matrícula SiapeCad nº 00018872, para exercer a Função Comissionada do Poder Executivo de Delegado Adjunto da Delegacia Especial da Receita Federal do Brasil de Comércio Exterior no Rio de Janeiro (RJ), Código FCPE-101.1.</p><p>Nº 5.886 Designar o Auditor-Fiscal da Receita Federal do Brasil BERNARDO DE CAMPOS MACHADO, matrícula SiapeCad nº 01169316, para exercer a Função Gratificada de Chefe da Seção de Assessoramento Técnico Aduaneiro - Saata da Delegacia Especial da Receita Federal do Brasil de Comércio Exterior no Rio de Janeiro (RJ), Código FG-1.</p><p>Nº 5.887 Designar o Auditor-Fiscal da Receita Federal do Brasil ROBSON DO COUTO ALVES, matrícula SiapeCad nº 00028179, para exercer a Função Comissionada do Poder Executivo de Chefe do Serviço de Controle Aduaneiro Pós Despacho 1 - Secap1 da Delegacia Especial da Receita Federal do Brasil de Comércio Exterior no Rio de Janeiro (RJ), Código FCPE-101.1.</p><p>Nº 5.888 Designar o Auditor-Fiscal da Receita Federal do Brasil EDUARDO CAMARA MOTTA CRUZ, matrícula SiapeCad nº 00056756, para exercer o encargo de Substituto Eventual do Chefe do Serviço de Controle Aduaneiro Pós Despacho 1 - Secap1 da Delegacia Especial da Receita Federal do Brasil de Comércio Exterior no Rio de Janeiro (RJ), Código FCPE-101.1.</p><p>Nº 5.889 Designar o Auditor-Fiscal da Receita Federal do Brasil RICARDO TRAVESEDO NETO, matrícula SiapeCad nº 00065547, para exercer a Função Comissionada do Poder Executivo de Chefe do Serviço de Controle Aduaneiro Pós Despacho 2 - Secap2 da Delegacia Especial da Receita Federal do Brasil de Comércio Exterior no Rio de Janeiro (RJ), Código FCPE-101.1.</p><p>Nº 5.890 Designar o Auditor-Fiscal da Receita Federal do Brasil ANTONIO CARLOS DE FREITAS GONCALVES, matrícula SiapeCad nº 00019855, para exercer o encargo de Substituto Eventual do Chefe do Serviço de Controle Aduaneiro Pós Despacho 2 - Secap2 da Delegacia Especial da Receita Federal do Brasil de Comércio Exterior no Rio de Janeiro (RJ), Código FCPE-101.1.</p><p>Nº 5.891 Designar o Auditor-Fiscal da Receita Federal do Brasil ROBERTO AHOUAGI AZEVEDO, matrícula SiapeCad nº 00057077, para exercer a Função Gratificada de Chefe da Seção de Gestão de Riscos Aduaneiros - Sarad da Delegacia Especial da Receita Federal do Brasil de Comércio Exterior no Rio de Janeiro (RJ), Código FG-1.</p><p>Nº 5.892 Designar o Auditor-Fiscal da Receita Federal do Brasil EDUARDO CAMARA MOTTA CRUZ, matrícula SiapeCad nº 00056756, para exercer a Função Gratificada de Chefe da Equipe Aduaneira 1 - EAD1 da Delegacia Especial da Receita Federal do Brasil de Comércio Exterior no Rio de Janeiro (RJ), Código FG-1.</p><p>Nº 5.893 Designar a Auditora-Fiscal da Receita Federal do Brasil VIVIANE DA COSTA AVILA, matrícula SiapeCad nº 01295123, para exercer a Função Gratificada de Chefe da Equipe Aduaneira 2 - EAD2 da Delegacia Especial da Receita Federal do Brasil de Comércio Exterior no Rio de Janeiro (RJ), Código FG-1.</p><p>Nº 5.894 Designar o Auditor-Fiscal da Receita Federal do Brasil ANTONIO CARLOS DE FREITAS GONCALVES, matrícula SiapeCad nº 00019855, para exercer a Função Gratificada de Chefe da Equipe Aduaneira 3 - EAD3 da Delegacia Especial da Receita Federal do Brasil de Comércio Exterior no Rio de Janeiro (RJ), Código FG-2.</p><p>Nº 5.895 Designar o Auditor-Fiscal da Receita Federal do Brasil FERNANDO DIAS LIMA, matrícula SiapeCad nº 00076374, para exercer a Função Gratificada de Chefe da Equipe Aduaneira 4 - EAD4 da Delegacia Especial da Receita Federal do Brasil de Comércio Exterior no Rio de Janeiro (RJ), Código FG-2.</p><p>Nº 5.896 Designar a Auditora-Fiscal da Receita Federal do Brasil INGRID FRANKLIN ARAUJO, matrícula SiapeCad nº 01254039, para exercer a Função Gratificada de Chefe da Equipe de Vigilância e Repressão 1 - EVR1 da Delegacia Especial da Receita Federal do Brasil de Comércio Exterior no Rio de Janeiro (RJ), Código FG-2.</p><p>Nº 5.897 Designar o Auditor-Fiscal da Receita Federal do Brasil MARCIO DA SILVA MACEDO, matrícula SiapeCad nº 00022554, para exercer a Função Gratificada de Chefe da Equipe de Vigilância e Repressão 2 - EVR2 da Delegacia Especial da Receita Federal do Brasil de Comércio Exterior no Rio de Janeiro (RJ), Código FG-2.</p><p>Nº 5.898 Designar o Agente Administrativo RICARDO MANOEL DA SILVA, matrícula SiapeCad nº 00017972, para exercer a Função Gratificada de Chefe da Equipe de Gestão Corporativa 1 - EGC1 da Delegacia Especial da Receita Federal do Brasil de Comércio Exterior no Rio de Janeiro (RJ), Código FG-2.</p><p>Nº 5.899 Designar o Analista-Tributário da Receita Federal do Brasil ALAIR FERREIRA NETO, matrícula SiapeCad nº 01345721, para exercer a Função Gratificada de Chefe da Equipe de Arrecadação e Cobrança 6 - EAC6 da Delegacia Especial da Receita Federal do Brasil de Maiores Contribuintes no Rio de Janeiro (RJ), Código FG-1.</p><p>Nº 5.900 Designar a Analista-Tributário da Receita Federal do Brasil CASSANDRA COSTA FERREIRA DA SILVA, matrícula SiapeCad nº 01293819, para exercer a Função Gratificada de Chefe da Equipe de Arrecadação e Cobrança 7 - EAC7 da Delegacia Especial da Receita Federal do Brasil de Maiores Contribuintes no Rio de Janeiro (RJ), Código FG-1.</p><p>Nº 5.901 Designar o Analista-Tributário da Receita Federal do Brasil MARCO ANATOLIO HOLCMAN, matrícula SiapeCad nº 01296095, para exercer a Função Gratificada de Chefe da Equipe de Arrecadação e Cobrança 8 - EAC8 da Delegacia Especial da Receita Federal do Brasil de Maiores Contribuintes no Rio de Janeiro (RJ), Código FG-1.</p><p>Nº 5.902 Designar o Auditor-Fiscal da Receita Federal do Brasil PAULO ROBERTO SICILIANO, matrícula SiapeCad nº 00010893, para exercer a Função Gratificada de Assistente da Delegacia Especial da Receita Federal do Brasil de Maiores Contribuintes no Rio de Janeiro (RJ), Código FG-1.</p><p>Nº 5.903 Designar o Auditor-Fiscal da Receita Federal do Brasil MARCO AURELIO SOUZA E MATA VIRGEM, matrícula SiapeCad nº 00076123, para exercer a Função Gratificada de Assistente da Delegacia Especial da Receita Federal do Brasil de Maiores Contribuintes no Rio de Janeiro (RJ), Código FG-3.</p><p>Nº 5.904 Designar o Analista-Tributário da Receita Federal do Brasil JORGE LUIZ PACHECO AFONSO, matrícula SiapeCad nº 00020022, para exercer a Função Gratificada de Chefe da Equipe de Logística 1 - ELG1 da Delegacia Especial da Receita Federal do Brasil de Maiores Contribuintes no Rio de Janeiro (RJ), Código FG-1.</p><p>Nº 5.905 Designar o Analista-Tributário da Receita Federal do Brasil ADRIANO CORREA DE PAULA, matrícula SiapeCad nº 00068599, para exercer a Função Gratificada de Chefe da Equipe de Tecnologia e Segurança da Informação 1 - ETI1 da Delegacia Especial da Receita Federal do Brasil de Maiores Contribuintes no Rio de Janeiro (RJ), Código FG-1.</p><p>Nº 5.906 Designar o Agente de Colocação LUCIANO DA SILVA E SILVA, matrícula SiapeCad nº 00852595, para exercer a Função Gratificada de Chefe da Equipe de Gestão de Pessoas 1 - EGP1 da Delegacia Especial da Receita Federal do Brasil de Maiores Contribuintes no Rio de Janeiro (RJ), Código FG-1.</p><p>Nº 5.907 Designar o Analista-Tributário da Receita Federal do Brasil ANTENOR CESAR DALVI, matrícula SiapeCad nº 00017513, para exercer a Função Comissionada do Poder Executivo de Chefe do Serviço de Tecnologia e Segurança da Informação - Setec da Delegacia da Receita Federal do Brasil em Vitoria (ES), Código FCPE-101.1.</p><p>Nº 5.908 Designar o Analista-Tributário da Receita Federal do Brasil CARLOS VICENTE RAMOS PEREIRA, matrícula SiapeCad nº 00065445, para exercer o encargo de Substituto Eventual do Chefe do Serviço de Tecnologia e Segurança da Informação - Setec da Delegacia da Receita Federal do Brasil em Vitoria (ES), Código FCPE-101.1.</p><p>Nº 5.909 Designar a Auditora-Fiscal da Receita Federal do Brasil FLAVIA FURTADO PEREIRA, matrícula SiapeCad nº 00718743, para exercer a Função Gratificada de Chefe da Equipe de Arrecadação e Cobrança - EAC/5 da Delegacia da Receita Federal do Brasil em Vitoria (ES), Código FG-1.</p><p>Nº 5.910 Designar o Auditor-Fiscal da Receita Federal do Brasil NESTOR SCHINEIDER JUNIOR, matrícula SiapeCad nº 00038833, para exercer a Função Gratificada de Chefe da Equipe de Informação Fiscal 1 - EIF1 da Delegacia da Receita Federal do Brasil em Vitoria (ES), Código FG-1.</p><p>Nº 5.911 Designar a Assistente Técnico-Administrativo LORENZA SIQUEIRA AFONSO ZANETTI, matrícula SiapeCad nº 01489408, para exercer a Função Gratificada de Chefe da Equipe de Pagamento 1 - EPG1 da Delegacia da Receita Federal do Brasil em Vitoria (ES), Código FG-3.</p><p>Nº 5.912 Designar o Analista-Tributário da Receita Federal do Brasil JOEL TERTULIANO RIBEIRO, matrícula SiapeCad nº 00060387, para exercer a Função Gratificada de Agente da Receita Federal do Brasil em Cachoeiro de Itapemirim (ES), jurisdição da Delegacia da Receita Federal do Brasil em Vitoria (ES), Código FG-1.</p><p>Nº 5.913 Designar a Agente Administrativo SILVANA BARINA ARAUJO, matrícula SiapeCad nº 00020051, para exercer a Função Gratificada de Chefe da Equipe de Atendimento ao Contribuinte 1 - EAT1 da Agência da Receita Federal do Brasil em Cachoeiro de Itapemirim (ES), jurisdição da Delegacia da Receita Federal do Brasil em Vitoria (ES), Código FG-3.</p><p>Nº 5.914 Designar a Técnico do Seguro Social MARIA DA PENHA BALBINO, matrícula SiapeCad nº 00806132, para exercer a Função Gratificada de Chefe da Equipe de Atendimento ao Contribuinte - EAT/1 da Agência da Receita Federal do Brasil em Serra (ES), jurisdição da Delegacia da Receita Federal do Brasil em Vitoria (ES), Código FG-2.</p><p>Nº 5.915 Designar o Assistente Técnico-Administrativo RHOGER COSTA E SILVA, matrícula SiapeCad nº 02003956, para exercer a Função Gratificada de Chefe do Setor de Arrecadação e Cobrança - Sorac da Agência da Receita Federal do Brasil em Vila Velha (ES), jurisdição da Delegacia da Receita Federal do Brasil em Vitoria (ES), Código FG-2.</p><p>Nº 5.916 Nomear o Auditor-Fiscal da Receita Federal do Brasil FABRICIO BETTO, matrícula SiapeCad nº 00001929, para exercer o cargo em comissão de Delegado da Alfândega da Receita Federal do Brasil no Porto de Vitoria (ES), Código DAS-101.3.</p><p>Nº 5.917 Designar o Auditor-Fiscal da Receita Federal do Brasil JAQUES MAURO DE MORAES, matrícula SiapeCad nº 01291560, para exercer o encargo de Substituto Eventual do Delegado da Alfândega da Receita Federal do Brasil no Porto de Vitoria (ES), Código DAS-101.3.</p><p>Nº 5.918 Designar o Auditor-Fiscal da Receita Federal do Brasil JAQUES MAURO DE MORAES, matrícula SiapeCad nº 01291560, para exercer a Função Comissionada do Poder Executivo de Delegado Adjunto da Alfândega da Receita Federal do Brasil no Porto de Vitoria (ES), Código FCPE-101.1.</p><p>Nº 5.919 Designar o Auditor-Fiscal da Receita Federal do Brasil PAULO CAIRES VIEIRA JUNIOR, matrícula SiapeCad nº 00076101, para exercer a Função Gratificada de Chefe da Seção de Assessoramento Técnico Aduaneiro - Saata da Alfândega da Receita Federal do Brasil no Porto de Vitoria (ES), Código FG-1.</p><p>Nº 5.920 Designar o Auditor-Fiscal da Receita Federal do Brasil PAULO ROBERTO DE ANDRADE, matrícula SiapeCad nº 00020092, para exercer a Função Gratificada de Chefe da Seção de Controle de Carga e Trânsito Aduaneiro - Sacta da Alfândega da Receita Federal do Brasil no Porto de Vitoria (ES), Código FG-1.</p><p>Nº 5.921 Designar o Auditor-Fiscal da Receita Federal do Brasil MARCELO CURTOLO CAVALCANTI, matrícula SiapeCad nº 00116026, para exercer a Função Comissionada do Poder Executivo de Chefe do Serviço de Controle Aduaneiro Pós Despacho - Secap da Alfândega da Receita Federal do Brasil no Porto de Vitoria (ES), Código FCPE-101.1.</p><p>Nº 5.922 Designar o Auditor-Fiscal da Receita Federal do Brasil RODRIGO TORRES TEIXEIRA LEITE, matrícula SiapeCad nº 00064862, para exercer o encargo de Substituto Eventual do Chefe do Serviço de Controle Aduaneiro Pós Despacho - Secap da Alfândega da Receita Federal do Brasil no Porto de Vitoria (ES), Código FCPE-101.1.</p><p>Nº 5.923 Designar o Auditor-Fiscal da Receita Federal do Brasil DOUGLAS COSTA KOEHLER, matrícula SiapeCad nº 00059203, para exercer a Função Comissionada do Poder Executivo de Chefe do Serviço de Vigilância e Repressão ao Contrabando e Descaminho - Serep da Alfândega da Receita Federal do Brasil no Porto de Vitoria (ES), Código FCPE-101.1.</p><p>Nº 5.924 Designar o Auditor-Fiscal da Receita Federal do Brasil ZOZIMO PEREIRA GARCIA, matrícula SiapeCad nº 00076432, para exercer o encargo de Substituto Eventual do Chefe do Serviço de Vigilância e Repressão ao Contrabando e Descaminho - Serep da Alfândega da Receita Federal do Brasil no Porto de Vitoria (ES), Código FCPE-101.1.</p><p>Nº 5.925 Designar a Auditora-Fiscal da Receita Federal do Brasil ADRIANA JUNGER LACERDA, matrícula SiapeCad nº 01214047, para exercer a Função Gratificada de Chefe da Seção de Gestão de Riscos Aduaneiros - Sarad da Alfândega da Receita Federal do Brasil no Porto de Vitoria (ES), Código FG-1.</p><p>Nº 5.926 Designar a Analista-Tributário da Receita Federal do Brasil LUCIANE OLIVEIRA COMPANHONI, matrícula SiapeCad nº 01302634, para exercer a Função Gratificada de Chefe do Centro de Atendimento ao Contribuinte - CAC da Alfândega da Receita Federal do Brasil no Porto de Vitoria (ES), Código FG-1.</p><p>Nº 5.927 Designar o Auditor-Fiscal da Receita Federal do Brasil FABIO MARTINS DE OLIVEIRA, matrícula SiapeCad nº 00076404, para exercer a Função Gratificada de Chefe da Equipe Aduaneira 1 - EAD1 da Alfândega da Receita Federal do Brasil no Porto de Vitoria (ES), Código FG-3.</p><p>Nº 5.928 Designar a Auditora-Fiscal da Receita Federal do Brasil ANNA PAULA CABRAL GUERZET, matrícula SiapeCad nº 00020049, para exercer a Função Gratificada de Chefe da Equipe Aduaneira 2 - EAD2 da Alfândega da Receita Federal do Brasil no Porto de Vitoria (ES), Código FG-2.</p><p>Nº 5.929 Designar o Auditor-Fiscal da Receita Federal do Brasil MARCUS VINICIUS DE ABREU SOUZA, matrícula SiapeCad nº 01131299, para exercer a Função Gratificada de Chefe da Equipe Aduaneira 3 - EAD3 da Alfândega da Receita Federal do Brasil no Porto de Vitoria (ES), Código FG-2.</p><p>Nº 5.930 Designar o Auditor-Fiscal da Receita Federal do Brasil RODRIGO TORRES TEIXEIRA LEITE, matrícula SiapeCad nº 00064862, para exercer a Função Gratificada de Chefe da Equipe Aduaneira 4 - EAD4 da Alfândega da Receita Federal do Brasil no Porto de Vitoria (ES), Código FG-2.</p><p>Nº 5.931 Designar o Auditor-Fiscal da Receita Federal do Brasil GIANCARLO GUARESQUE RONES, matrícula SiapeCad nº 00019463, para exercer a Função Gratificada de Chefe da Equipe Aduaneira 5 - EAD5 da Alfândega da Receita Federal do Brasil no Porto de Vitoria (ES), Código FG-1.</p><p>Nº 5.932 Designar o Auditor-Fiscal da Receita Federal do Brasil WALDEMIR NOGUEIRA DE SOUZA, matrícula SiapeCad nº 00018726, para exercer a Função Gratificada de Chefe da Equipe Aduaneira 6 - EAD6 da Alfândega da Receita Federal do Brasil no Porto de Vitoria (ES), Código FG-1.</p><p>Nº 5.933 Designar o Auditor-Fiscal da Receita Federal do Brasil LUIZ CLAUDIO PEIXOTO LOBO, matrícula SiapeCad nº 00064347, para exercer a Função Gratificada de Chefe da Equipe de Vigilância e Repressão 1 - EVR1 da Alfândega da Receita Federal do Brasil no Porto de Vitoria (ES), Código FG-1.</p><p>Nº 5.934 Designar o Analista-Tributário da Receita Federal do Brasil MARIO ROBERTO CAVALCANTE, matrícula SiapeCad nº 01291401, para exercer a Função Gratificada de Chefe da Equipe de Logística 1 - ELG1 da Alfândega da Receita Federal do Brasil no Porto de Vitoria (ES), Código FG-3.</p><p>Nº 5.935 Designar o Analista-Tributário da Receita Federal do Brasil JOSE GERALDO BOF, matrícula SiapeCad nº 00019295, para exercer a Função Gratificada de Chefe da Equipe de Mercadorias Apreendidas 1 - EMA1 da Alfândega da Receita Federal do Brasil no Porto de Vitoria (ES), Código FG-2.</p><p>Nº 5.936 Designar o Analista-Tributário da Receita Federal do Brasil AILTON MANTOVANI, matrícula SiapeCad nº 00018173, para exercer a Função Gratificada de Chefe da Equipe de Tecnologia e Segurança da Informação 1 - ETI1 da Alfândega da Receita Federal do Brasil no Porto de Vitoria (ES), Código FG-3.</p><p>Nº 5.937 Designar o Agente Administrativo OSMIR GOMES DE CARVALHO, matrícula SiapeCad nº 00059206, para exercer a Função Gratificada de Chefe da Equipe de Gestão de Pessoas 1 - EGP1 da Alfândega da Receita Federal do Brasil no Porto de Vitoria (ES), Código FG-3.</p>]]></Texto>
    <Autores>
      <assina>JORGE ANTONIO DEHER RACHID</assina>
    </Autores>
  </body>
</article></xml>