﻿<xml><article id="962422" name="Port.ele 687 -MARIA DE LOURDESrt" idOficio="4625854" pubName="DO2" artType="Portaria" pubDate="02/01/2018" artClass="00017:00002:00035:00002:00005:00000:00000:00000:00000:00000:00025:00001" artSection="Serviço de Pessoal Inativo" artCategory="Serviço de Pessoal Inativo" artSize="8" artNotes="" numberPage="119" pdfPage="http://pesquisa.in.gov.br/imprensa/jsp/visualiza/index.jsp?data=02/01/2018&amp;jornal=529&amp;pagina=119" editionNumber="1">
  <body>
    <Identifica><![CDATA[Portaria Nº 687, de 19 Dezembro de 2017]]></Identifica>
    <Data><![CDATA[]]></Data>
    <Ementa />
    <Titulo />
    <SubTitulo />
    <Texto><![CDATA[<p> O CHEFE DA DIVISÃO DE GESTÃO ADMINISTRATIVA DO NÚCLEO ESTADUAL DO MINISTÉRIO DA SAÚDE NO ESTADO DE SÃO PAULO - no uso da competência que lhe foi subdelegada pela Portaria SAA/SE/MS nº. 1804 de 1/10/2013, publicada no DOU nº. 192, de 03/10/2013, e tendo em vista o que constam nos processos abaixo especificados, resolve:</p><p> Conceder aposentadoria voluntária à servidora MARIA DE LOURDES GOMES, matrícula SIAPE nº 596662, ocupante do cargo de Agente de Portaria, nível intermediário, classe "S", padrão III, do Quadro de Pessoal deste Ministério, com fundamento no artigo 40, inciso III, alínea "a", da Constituição Federal, combinado com o artigo 3.°, da Emenda Constitucional n.º 47/05. (Processo nº 25004.401771/2017-68).</p>]]></Texto>
    <Autores>
      <assina>Ronaldo Raymundo</assina>
    </Autores>
  </body>
</article></xml>