﻿<xml><article id="965249" name="DENISE JANE VIEIRA DOMINGOS MONT" idOficio="4626147" pubName="DO2" artType="Portaria" pubDate="02/01/2018" artClass="00017:00004:00007:00001:00000:00000:00000:00000:00000:00000:00025:00001" artSection="Presidência/ANS" artCategory="Presidência/ANS" artSize="8" artNotes="" numberPage="119" pdfPage="http://pesquisa.in.gov.br/imprensa/jsp/visualiza/index.jsp?data=02/01/2018&amp;jornal=529&amp;pagina=119" editionNumber="1">
  <body>
    <Identifica><![CDATA[Portaria Nº 9.485, de 28 de dezembro de 2017]]></Identifica>
    <Data><![CDATA[]]></Data>
    <Ementa />
    <Titulo />
    <SubTitulo />
    <Texto><![CDATA[<p> </p><p> O DIRETOR-PRESIDENTE SUBSTITUTO DA AGÊNCIA NACIONAL DE SAÚDE SUPLEMENTAR, no uso das atribuições que lhe confere o inciso VI do art. 11 do Regulamento aprovado pelo Decreto n.º 3.327, de 5 de janeiro de 2000, resolve:</p><p>Nomear a servidora DENISE JANE VIEIRA DOMINGOS MONTALVAO, matrícula SIAPE nº 2330217, CPF nº 929.173.217-68, para exercer o Cargo Comissionado Técnico - CCT III, na Diretoria-Adjunta, DIRAD, da Diretoria de Normas e Habilitação das Operadoras - DIOPE, ficando exonerada a pedido, a servidora FERNANDA LEMOS LIMA, matrícula SIAPE nº 1583704, CPF nº 091.097.447-03, do referido cargo.</p><p> </p>]]></Texto>
    <Autores>
      <assina>LEANDRO FONSECA DA SILVA</assina>
    </Autores>
  </body>
</article></xml>