﻿<xml><article id="1022100" name="ATO_1212" idOficio="4625567" pubName="DO2" artType="Ato" pubDate="08/01/2018" artClass="00037:00007:00001:00000:00000:00000:00000:00000:00000:00000:00001:00038" artSection="Presidência" artCategory="Presidência" artSize="8" artNotes="" numberPage="48" pdfPage="http://pesquisa.in.gov.br/imprensa/jsp/visualiza/index.jsp?data=08/01/2018&amp;jornal=529&amp;pagina=48" editionNumber="5">
  <body>
    <Identifica><![CDATA[ATO Nº 1.212, DE 28 DE DEZEMBRO DE 2017]]></Identifica>
    <Data><![CDATA[]]></Data>
    <Ementa />
    <Titulo />
    <SubTitulo />
    <Texto><![CDATA[<p> O PRESIDENTE DO TRIBUNAL REGIONAL FEDERAL DA 1ª REGIÃO, no uso de suas atribuições legais e regimentais e tendo em vista o constante nos autos do PAe 0018177-95.2017.4.01.8004, resolve:</p><p>EXONERAR a servidora MELISSA BISCONSIN TORRES DE CARAVALHO, Técnica Judiciária, Área Administrativa, do Quadro de Pessoal da Justiça Federal de Primeiro Grau, Subseção Judiciária de Pouso Alegre, do Cargo em Comissão, Código CJ-3, de Diretor de Secretaria da 2ª Vara Federal daquela Subseção Judiciária.</p>]]></Texto>
    <Autores>
      <assina>Desembargador Federal HILTON QUEIROZ</assina>
    </Autores>
  </body>
</article></xml>