﻿<xml><article id="962666" name="FNDE2_PORTARIA Nº 919, DE 21 DE " idOficio="4625864" pubName="DO2" artType="Portaria" pubDate="02/01/2018" artClass="00011:00046:00000:00000:00000:00000:00000:00000:00000:00000:00000:00006" artSection="Diretoria de Administração" artCategory="Diretoria de Administração" artSize="8" artNotes="" numberPage="17" pdfPage="http://pesquisa.in.gov.br/imprensa/jsp/visualiza/index.jsp?data=02/01/2018&amp;jornal=529&amp;pagina=17" editionNumber="1">
  <body>
    <Identifica><![CDATA[PORTARIA Nº 919, DE 21 DE DEZEMBRO DE 2017]]></Identifica>
    <Data><![CDATA[]]></Data>
    <Ementa />
    <Titulo />
    <SubTitulo />
    <Texto><![CDATA[<p> O DIRETOR DE ADMINISTRAÇÃO do FUNDO NACIONAL DE DESENVOLVIMENTO DA EDUCAÇÃO - FNDE, nomeado por meio da Portaria n° 471, publicada no Diário Oficial da União de 08 de maio de 2017, no uso da atribuição que lhe confere a alínea a, do inciso I, do Art. 1º, da Portaria nº 224-FNDE, de 19 de maio de 2016, publicado no Diário Oficial da União de 20/05/2016, e tendo em vista o que consta no processo nº 23034.039457/2016-98, resolve:</p><p>Art. 1º Conceder aposentadoria voluntária integral à servidora VALÉRIA HELENA GOUDINHO LOPES, matrícula SIAPE nº 1102028, ocupante do cargo de Técnico de Nível Médio, Classe C, Padrão IV, do Quadro de Pessoal Permanente desta Autarquia, com fundamento no Artigo 3º, Incisos I, II, III e parágrafo único, da Emenda Constitucional nº 047/2005.</p><p>Art. 2º Declarar, em decorrência, a vacância do cargo acima mencionado.</p><p>Art. 3º Esta portaria entra em vigor na data de sua publicação.</p>]]></Texto>
    <Autores>
      <assina>Dernival Neto</assina>
    </Autores>
  </body>
</article></xml>