﻿<xml><article id="965945" name="PORTARIA 3072 FERNANDO GOUVEIA" idOficio="4626236" pubName="DO2" artType="Portaria" pubDate="02/01/2018" artClass="00007:00003:00070:00000:00000:00000:00000:00000:00000:00000:00025:00001" artSection="Superintendência Federal de Agricultura, Pecuária e Abastecimento no Estado do Rio Grande do Norte" artCategory="Superintendência Federal de Agricultura, Pecuária e Abastecimento no Estado do Rio Grande do Norte" artSize="8" artNotes="" numberPage="5-6" pdfPage="http://pesquisa.in.gov.br/imprensa/jsp/visualiza/index.jsp?data=02/01/2018&amp;jornal=529&amp;pagina=5,http://pesquisa.in.gov.br/imprensa/jsp/visualiza/index.jsp?data=02/01/2018&amp;jornal=529&amp;pagina=6" editionNumber="1">
  <body>
    <Identifica><![CDATA[PORTARIA N° 3.072, DE 26 DE DEZEMBRO DE 2017]]></Identifica>
    <Data><![CDATA[]]></Data>
    <Ementa />
    <Titulo />
    <SubTitulo />
    <Texto><![CDATA[<p> </p><p> O Superintendente Federal de Agricultura, Pecuária e Abastecimento no Estado do Rio Grande do Norte, no uso da competência que lhe foi delegada pelo inciso XVIII, do artigo 44, do Regimento Interno das Superintendências Federais de Agricultura, Pecuária e Abastecimento, aprovado pela Portaria nº 428 de 09 de junho de 2010, publicada no D O U de 14 de junho de 2010, resolve:</p><p>Conceder Aposentadoria Voluntária com proventos integrais ao servidor FERNANDO ANTONIO FONSECA DE GOUVEIA, matricula SIAPE: 12728, com a remuneração do cargo de Agente de Inspeção Sanitária Industrial de Produtos de Origem Animal, código: 438001   classe "S", padrão IV, do quadro de pessoal deste ministério, com fundamento no artigo. 3º da Emenda Constitucional nº 47/2005 (processo nº 21040.002559/2017-24).</p>]]></Texto>
    <Autores>
      <assina>GETULIO BATISTA DA SILVA NETO</assina>
    </Autores>
  </body>
</article></xml>