﻿<xml><article id="966822" name="PORTARIAS DE 29 DE DEZEMBRO DE 2" idOficio="4625920" pubName="DO2" artType="Portaria" pubDate="02/01/2018" artClass="00011:00071:00001:00000:00000:00000:00000:00000:00000:00000:00025:00001" artSection="Reitoria" artCategory="Reitoria" artSize="8" artNotes="" numberPage="25" pdfPage="http://pesquisa.in.gov.br/imprensa/jsp/visualiza/index.jsp?data=02/01/2018&amp;jornal=529&amp;pagina=25" editionNumber="1">
  <body>
    <Identifica><![CDATA[PORTARIAS DE 29 DE DEZEMBRO DE 2017]]></Identifica>
    <Data><![CDATA[]]></Data>
    <Ementa />
    <Titulo />
    <SubTitulo />
    <Texto><![CDATA[<p> O REITOR DO INSTITUTO FEDERAL DE EDUCAÇÃO, CIÊNCIA E TECNOLOGIA DO PARÁ, nomeado através do Decreto Presidencial de 02 de abril de 2015, publicado no D.O.U. de 06 de abril de 2015, seção 2, página 1, empossado no dia 28.04.2015, no uso de suas atribuições legais e considerando o disposto no processo administrativo nº 23051.009612/2017-14, resolve:</p><p>Nº 3.427 Art. 1º PRORROGAR, pelo período de 12 de maio de 2017 a 11 de maio de 2018, a vigência do contrato de CLEICE TALITHA NASCIMENTO SOUZA, CPF 893.173.602-27, para o cargo de Professor do Ensino Básico, Técnico e Tecnológico Substituto, carga horária de 40 (quarenta) horas semanais com lotação no Campus Belém deste Instituto, de acordo com o disposto no Inciso IX, Artigo 37 da Constituição Federal; Inciso IV, Artigo 2º e Inciso I, Parágrafo Único do Artigo 4º da Lei nº 8.745/93.</p><p>Nº 3.428 Art. 1º PRORROGAR, pelo período de 05 de maio de 2017 a 04 de maio de 2018, a vigência do contrato de SHIRLENE DO SOCORRO COELHO SANTOS, CPF 751.166.692-20, para o cargo de Professor do Ensino Básico, Técnico e Tecnológico Substituto, carga horária de 40 (quarenta) horas semanais com lotação no Campus Belém deste Instituto, de acordo com o disposto no Inciso IX, Artigo 37 da Constituição Federal; Inciso IV, Artigo 2º e Inciso I, Parágrafo Único do Artigo 4º da Lei nº 8.745/93.</p><p>Nº 3.429 Art. 1º PRORROGAR, pelo período de 27 de abril de 2017 a 26 de abril de 2018, a vigência do contrato de MICHEL PACHECO GUEDES, CPF 577.236.212-72, para o cargo de Professor do Ensino Básico, Técnico e Tecnológico Substituto, carga horária de 40 (quarenta) horas semanais com lotação no Campus Belém deste Instituto, de acordo com o disposto no Inciso IX, Artigo 37 da Constituição Federal; Inciso IV, Artigo 2º e Inciso I, Parágrafo Único do Artigo 4º da Lei nº 8.745/93.</p><p>Nº 3.430 Art. 1º PRORROGAR, pelo período de 12 de maio de 2017 a 11 de maio de 2018, a vigência do contrato de TEREZA CRISTINA RIBEIRO, CPF 380.042.592-00, para o cargo de Professor do Ensino Básico, Técnico e Tecnológico Substituto, carga horária de 40 (quarenta) horas semanais com lotação no Campus Belém deste Instituto, de acordo com o disposto no Inciso IX, Artigo 37 da Constituição Federal; Inciso IV, Artigo 2º e Inciso I, Parágrafo Único do Artigo 4º da Lei nº 8.745/93.</p><p>Nº 3.431 Art. 1º PRORROGAR, pelo período de 05 de agosto de 2017 a 04 de agosto de 2018, a vigência do contrato de JOÃO VITOR SANTOS CRUZ, CPF 809.003.485-34, para o cargo de Professor do Ensino Básico, Técnico e Tecnológico Substituto, carga horária de 40 (quarenta) horas semanais com lotação no Campus Belém deste Instituto, de acordo com o disposto no Inciso IX, Artigo 37 da Constituição Federal; Inciso IV, Artigo 2º e Inciso I, Parágrafo Único do Artigo 4º da Lei nº 8.745/93.</p><p>Nº 3.432 Art. 1º PRORROGAR, pelo período de 02 de agosto de 2017 a 01 de agosto de 2018, a vigência do contrato de KATIA CILENE FERREIRA DA SILVA, CPF 635.993.172-91, para o cargo de Professor do Ensino Básico, Técnico e Tecnológico Substituto, carga horária de 40 (quarenta) horas semanais com lotação no Campus Belém deste Instituto, de acordo com o disposto no Inciso IX, Artigo 37 da Constituição Federal; Inciso IV, Artigo 2º e Inciso I, Parágrafo Único do Artigo 4º da Lei nº 8.745/93.</p><p>Nº 3.433 Art. 1º PRORROGAR, pelo período de 18 de maio de 2017 a 17 de maio de 2018, a vigência do contrato de NANCINILDE CARTAGENES LEÃO, CPF 443.536.772-68, para o cargo de Professor do Ensino Básico, Técnico e Tecnológico Substituto, carga horária de 40 (quarenta) horas semanais com lotação no Campus Belém deste Instituto, de acordo com o disposto no Inciso IX, Artigo 37 da Constituição Federal; Inciso IV, Artigo 2º e Inciso I, Parágrafo Único do Artigo 4º da Lei nº 8.745/93.</p><p> </p>]]></Texto>
    <Autores>
      <assina>Claudio Alex Jorge da Rocha</assina>
    </Autores>
  </body>
</article></xml>