﻿<xml><article id="964997" name="Portarias 29.12.2017 - PORTARIAS" idOficio="4626086" pubName="DO2" artType="Portaria" pubDate="02/01/2018" artClass="00011:00073:00001:00001:00000:00000:00000:00000:00000:00000:00025:00001" artSection="Gabinete" artCategory="Gabinete" artSize="8" artNotes="" numberPage="26" pdfPage="http://pesquisa.in.gov.br/imprensa/jsp/visualiza/index.jsp?data=02/01/2018&amp;jornal=529&amp;pagina=26" editionNumber="1">
  <body>
    <Identifica><![CDATA[Portarias de 20 de dezembro de 2017]]></Identifica>
    <Data><![CDATA[]]></Data>
    <Ementa />
    <Titulo />
    <SubTitulo />
    <Texto><![CDATA[<p> </p><p> O Reitor Pro tempore do Instituto Federal do Paraná, no uso da competência que lhe confere a Portaria MEC nº 603 de 08/07/2016, publicada no Diário Oficial da União no dia 11/07/2016, seção 2, página 14, resolve,</p><p>Nº 1.631 - Art 1º  Exonerar CELSO LUIZ BUIAR, SIAPE nº 1565419, Professor do Ensino Básico, Técnico e Tecnológico, do cargo de Pró-Reitor de Administração, CD-02, da Pró-Reitoria de Administração - PROAD. Art 2º  Nomeá-lo para exercer o cargo de Diretor Geral, CD-02, do Campus Pinhais, cargo autorizado pela Portaria do Ministério da Educação nº 290 de 11/04/2013, publicada no DOU de 12/04/2013, seção I, página 16. Art 3º  O mencionado servidor cumprirá, obrigatoriamente, o regime de trabalho de tempo integral, de acordo com o disposto no § 5º, artigo 1º da Lei nº 8.168/91. Art 4º  Esta Portaria tem efeitos a partir da sua publicação no DOU.</p><p>Nº 1.632 - Art 1º  Exonerar ALEXANDRE MACHADO FERNANDES, SIAPE nº 1868554, Professor do Ensino Básico, Técnico e Tecnológico, do cargo de Diretor Geral, CD-02, do Campus Pinhais. Art 2º  Nomeá-lo para exercer o cargo de Diretor de Planejamento e Administração, CD-04, do Campus Pinhais, cargo autorizado pela Portaria do Ministério da Educação nº 949 de 10/11/2014, publicada no DOU de 11/11/2014, seção I, página 13. Art 3º  O mencionado servidor cumprirá, obrigatoriamente, o regime de trabalho de tempo integral, de acordo com o disposto no § 5º, artigo 1º da Lei nº 8.168/91. Art 4º  Esta Portaria tem efeitos a partir da sua publicação no DOU.</p><p>Nº 1.634 - Exonerar GILMAR JOSE FERREIRA DOS SANTOS, SIAPE nº 342366, Assistente em Administração, do cargo de Diretor de Planejamento e Administração, CD-04, do Campus Pinhais, a partir de 01/01/2018.</p><p>Nº 1.638 - Art 1º  Nomear, CARLOS EDUARDO FONINI ZANATTA, SIAPE Nº 1.671281, Administrador, para exercer o cargo de Pró-Reitor de Administração, CD-02, da Pró-Reitoria de Administração - PROAD, cargo autorizado pela Portaria do Ministério da Educação nº 136 de 06/02/2009, publicada no DOU de 09/02/2009, seção I, página 10. Art 2º  O mencionado servidor cumprirá, obrigatoriamente, o regime de trabalho de tempo integral, de acordo com o disposto no § 5º, artigo 1º da Lei nº 8.168/91. Art 3º  Esta Portaria tem efeitos a partir da sua publicação no DOU.</p>]]></Texto>
    <Autores>
      <assina>ODACIR ANTONIO ZANATTA</assina>
    </Autores>
  </body>
</article></xml>