﻿<xml><article id="1005695" name="PORTARIAS CENTRO 2017 I - DOU__0" idOficio="4625974" pubName="DO2" artType="Portaria" pubDate="05/01/2018" artClass="00011:00135:00000:00000:00000:00000:00000:00000:00000:00000:00025:00001" artSection="Ministério da Educação" artCategory="Universidade Federal de Santa Maria" artSize="8" artNotes="" numberPage="19-24" pdfPage="http://pesquisa.in.gov.br/imprensa/jsp/visualiza/index.jsp?data=05/01/2018&amp;jornal=529&amp;pagina=19,http://pesquisa.in.gov.br/imprensa/jsp/visualiza/index.jsp?data=05/01/2018&amp;jornal=529&amp;pagina=24" editionNumber="4">
  <body>
    <Identifica><![CDATA[PORTARIAS DE 28 DE DEZEMBRO DE 2017]]></Identifica>
    <Data><![CDATA[]]></Data>
    <Ementa />
    <Titulo />
    <SubTitulo />
    <Texto><![CDATA[<p> </p><p> O REITOR DA UNIVERSIDADE FEDERAL DE SANTA MARIA, no uso de suas atribuições legais e estatutárias, resolve:</p><p>Nº  87.285-EXONERAR Felix Alexandre Antunes Soares, Matrícula SIAPE 2447039, ocupante do cargo de Professor do Magistério Superior, do Quadro Único de Pessoal da UFSM, do Cargo de Direção de Vice-Diretor do Centro de Ciências Naturais e Exatas, Código CD4.22, para a qual foi nomeado pela Portaria N. 68.964, de 07/01/2014. (Processo n. 052147/2017-84)</p><p>Nº  87.286-EXONERAR Sonia Terezinha Zanini Cechin, Matrícula SIAPE 379625, ocupante do cargo de Professor do Magistério Superior, do Quadro Único de Pessoal da UFSM, do Cargo de Direção de Diretora do Centro Ciências Naturais e Exatas, Código CD3.15, para a qual foi nomeada pela Portaria N. 68.963, de 07/01/2014. (Processo n. 052147/2017-84)</p><p>Nº  87.287-NOMEAR Sonia Terezinha Zanini Cechin, Matrícula SIAPE 379625, ocupante do cargo de Professor do Magistério Superior, do Quadro Único de Pessoal da UFSM, para exercer o Cargo de Direção de Diretora do Centro Ciências Naturais e Exatas, Código CD3.15, para um mandato de quatro anos. (Processo n. 052147/2017-84)</p><p>II - Esta Portaria entra em vigor na data de sua publicação.</p><p>Nº  87.288-NOMEAR Jose Neri Gottfried Paniz, Matrícula SIAPE 6382549, ocupante do cargo de Professor do Magistério Superior, do Quadro Único de Pessoal da UFSM, para exercer o Cargo de Direção de Vice-Diretor do Centro Ciências Naturais e Exatas, Código CD4.22, para um mandato de quatro anos. (Processo n. 052147/2017-84)</p><p>II - Esta Portaria entra em vigor na data de sua publicação.</p><p> </p>]]></Texto>
    <Autores>
      <assina>PAULO AFONSO BURMANN.</assina>
    </Autores>
  </body>
</article></xml>