﻿<xml><article id="962401" name="Portarias Exon. Ana Coraci Nom. " idOficio="4625787" pubName="DO2" artType="Portaria" pubDate="02/01/2018" artClass="00028:00001:00000:00000:00000:00000:00000:00000:00000:00000:00025:00001" artSection="Ministério do Turismo" artCategory="Gabinete do Ministro" artSize="8" artNotes="" numberPage="135" pdfPage="http://pesquisa.in.gov.br/imprensa/jsp/visualiza/index.jsp?data=02/01/2018&amp;jornal=529&amp;pagina=135" editionNumber="1">
  <body>
    <Identifica><![CDATA[PORTARIAS DE 29 DE DEZEMBRO DE 2017]]></Identifica>
    <Data><![CDATA[]]></Data>
    <Ementa />
    <Titulo />
    <SubTitulo />
    <Texto><![CDATA[<p> O MINISTRO DE ESTADO DO TURISMO, no uso de suas atribuições e tendo em vista o disposto no inciso II, do art. 3o, do Decreto no 8.821, de 26 de julho de 2016, resolve</p><p>Nº 246 - EXONERAR, a pedido, ANA CORACI BANDEIRA DE MELO OLIVEIRA do cargo de Coordenador da Coordenação de Eventos Geradores de Fluxos Turísticos, da Coordenação-Geral de Eventos Turísticos, do Departamento de Marketing e Apoio à Comercialização do Turismo, da Secretaria Nacional de Qualificação e Promoção do Turismo deste Ministério, código DAS 101.3.</p><p>Nº 247 - NOMEAR THAIS FURTADO MEDEIROS, para exercer o cargo de Coordenador da Coordenação de Eventos Geradores de Fluxos Turísticos, da Coordenação-Geral de Eventos Turísticos, do Departamento de Marketing e Apoio à Comercialização do Turismo, da Secretaria Nacional de Qualificação e Promoção do Turismo deste Ministério, código DAS 101.3.</p>]]></Texto>
    <Autores>
      <assina>MARX BELTRÃO</assina>
    </Autores>
  </body>
</article></xml>