﻿<xml><article id="966298" name="2017.12.29 PORTARIAS Reitor em e" idOficio="4626288" pubName="DO2" artType="Portaria" pubDate="02/01/2018" artClass="00011:00128:00000:00000:00000:00000:00000:00000:00000:00000:00025:00001" artSection="Ministério da Educação" artCategory="Universidade Federal do Rio Grande do Norte" artSize="8" artNotes="" numberPage="34" pdfPage="http://pesquisa.in.gov.br/imprensa/jsp/visualiza/index.jsp?data=02/01/2018&amp;jornal=529&amp;pagina=34" editionNumber="1">
  <body>
    <Identifica><![CDATA[PORTARIAS DE 29 DE DEZEMBRO DE 2017]]></Identifica>
    <Data><![CDATA[]]></Data>
    <Ementa />
    <Titulo />
    <SubTitulo />
    <Texto><![CDATA[<p> O REITOR EM EXERCÍCIO DA UNIVERSIDADE FEDERAL DO RIO GRANDE DO NORTE, no uso das atribuições inerentes ao cargo e da delegação de competência que lhe concede a Portaria MEC nº 404, de 23.04.2009, resolve:</p><p>Nº 2.739 - Autorizar o afastamento do país de DALINE FERNANDES DE SOUZA ARAÚJO, matrícula n.º 2865332, Professora Adjunta da Faculdade de Ciências da Saúde do Trairi, para participar do Curso "General English", na cidade de Londres, no Reino Unido, no período de 15.01.2018 a 19.01.2018, inclusive trânsito, com ônus limitado, conforme processo n.º 23077.082762/2017-84.</p><p>Nº 2.740 - Autorizar o afastamento do país de ANA LUIZA DE OLIVEIRA E OLIVEIRA, matrícula n.º 2249092, Professora Adjunta da Escola Multicampi de Ciências Médicas do Rio Grande do Norte, para realizar visita técnica às Escolas de Medicina e participar do "11no. Congreso Internacional de Educación Superior", na cidade de Havana, em Cuba, no período de 05.02.2018 a 17.02.2018, inclusive trânsito, com ônus para a UFRN, conforme processo n.º 23077.080065/2017-99.</p>]]></Texto>
    <Autores>
      <assina>JOSÉ DANIEL DINIZ MELO</assina>
    </Autores>
  </body>
</article></xml>