﻿<xml><article id="979081" name="Vicente Frazão da Silva-portaria" idOficio="4624829" pubName="DO2" artType="Portaria" pubDate="03/01/2018" artClass="00020:00246:00050:00007:00816:00004:00000:00000:00000:00000:00025:00001" artSection="Divisão de Pessoal" artCategory="Divisão de Pessoal" artSize="8" artNotes="" numberPage="19" pdfPage="http://pesquisa.in.gov.br/imprensa/jsp/visualiza/index.jsp?data=03/01/2018&amp;jornal=529&amp;pagina=19" editionNumber="2">
  <body>
    <Identifica><![CDATA[PORTARIA Nº 1.010, DE 27 DE DEZEMBRO DE 2017]]></Identifica>
    <Data><![CDATA[]]></Data>
    <Ementa />
    <Titulo />
    <SubTitulo />
    <Texto><![CDATA[<p> O SUBSECRETÁRIO-GERAL DO SERVIÇO EXTERIOR, no uso das atribuições conferidas pela Portaria de 21 de junho de 1996, publicada no Diário Oficial da União de 26 de junho, resolve:</p><p>Art. 1º - Conceder aposentadoria voluntária a VICENTE FRAZÃO DA SILVA, matrícula SIAPE nº 1046646, matrícula SIAPECAD nº 675031, ocupante do cargo de Agente de Portaria, classe S, padrão III, do Quadro de Pessoal do Ministério das Relações Exteriores, com fundamento no artigo 3° da Emenda Constitucional n° 47, de 5 de julho de 2005.</p><p>Art. 2º - Esta Portaria entra em vigor a partir de sua publicação no Diário Oficial da União.</p>]]></Texto>
    <Autores>
      <assina>JOÃO PEDRO CORRÊA COSTA</assina>
    </Autores>
  </body>
</article></xml>