﻿<xml><article id="961956" name="Port SEI-INT 28-2017" idOficio="4624926" pubName="DO2" artType="Portaria" pubDate="02/01/2018" artClass="00008:00057:00000:00000:00000:00000:00000:00000:00000:00000:00025:00002" artSection="Ministério da Ciência, Tecnologia, Inovações e Comunicações" artCategory="Instituto Nacional de Tecnologia" artSize="8" artNotes="" numberPage="8" pdfPage="http://pesquisa.in.gov.br/imprensa/jsp/visualiza/index.jsp?data=02/01/2018&amp;jornal=529&amp;pagina=8" editionNumber="1">
  <body>
    <Identifica><![CDATA[PORTARIA Nº 28 SEI-INT, de 28 de dezembro de 2017]]></Identifica>
    <Data><![CDATA[]]></Data>
    <Ementa />
    <Titulo />
    <SubTitulo />
    <Texto><![CDATA[<p> O DIRETOR DO INSTITUTO NACIONAL DE TECNOLOGIA, no uso das atribuições, que lhe foram conferidas pela Delegação de Competência concedida pela Portaria MCT nº 407, de 29.06.2006, publicada no D.O.U. de 30.06.2006, e pelo Regimento Interno, aprovado pela Portaria MCTIC nº 5.152, de 14.11.2016, publicada no D.O.U. de 16.11.2016, ambas assinadas pelo Exmº Ministro de Estado de Ciência, Tecnologia, Inovações e Comunicações, resolve:</p><p>Art. 1º - Dispensar a servidora Viridiana Santana Ferreira Leitão, SIAPE 1361322, CPF nº 037.633947-02, para substituir, em seus impedimentos legais, o Chefe da Divisão de Catálise e Processos Químicos - DICAP, deste Instituto.</p><p>Art. 2º - Nomear a servidora Andréa Maria Duarte de Farias, SIAPE 2054865, CPF nº 010.345.367-96, para substituir, em seus impedimentos legais, o Chefe da Divisão de Catálise e Processos Químicos - DICAP, deste Instituto.</p><p>Art. 3º - Esta Portaria entra em vigor na data da sua publicação.</p><p> </p>]]></Texto>
    <Autores>
      <assina>Fernando Cosme Rizzo Assunção</assina>
    </Autores>
  </body>
</article></xml>