﻿<xml><article id="1005686" name="2228.EXONERA ROMULO -17" idOficio="4625468" pubName="DO2" artType="Portaria" pubDate="05/01/2018" artClass="00033:00008:00001:00004:00000:00000:00000:00000:00000:00000:00025:00001" artSection="Diretoria-Geral" artCategory="Diretoria-Geral" artSize="8" artNotes="" numberPage="43" pdfPage="http://pesquisa.in.gov.br/imprensa/jsp/visualiza/index.jsp?data=05/01/2018&amp;jornal=529&amp;pagina=43" editionNumber="4">
  <body>
    <Identifica><![CDATA[PORTARIA Nº 2.228, DE 27 DE DEZEMBRO DE 2017]]></Identifica>
    <Data><![CDATA[]]></Data>
    <Ementa />
    <Titulo />
    <SubTitulo />
    <Texto><![CDATA[<p> A DIRETORA-GERAL ADJUNTA DO MINISTÉRIO PÚBLICO DO TRABALHO, no uso da competência que lhe foi delegada pela Portaria DG-MPT nº 86, de 30 de março de 2016, e o que consta no PGEA/MPT nº 002742.2017.03.900/5, resolve:</p><p>Art.1º Exonerar, a pedido, a contar de 5.1.2018, RÔMULO ALVES NERES DE BARROS, matrícula 6005661-4, ocupante do cargo de Analista do MPU/Direito, do o cargo em comissão de Assessor Jurídico Nível IV da Procuradoria Geral do Trabalho, código CC-4.</p>]]></Texto>
    <Autores>
      <assina>SANDRA CRISTINA DE ARAÚJO</assina>
    </Autores>
  </body>
</article></xml>