﻿<xml><article id="965488" name="DOU-178-17" idOficio="4626171" pubName="DO2" artType="Portaria" pubDate="02/01/2018" artClass="00011:00087:00001:00000:00000:00000:00000:00000:00000:00000:00025:00001" artSection="Reitoria" artCategory="Reitoria" artSize="8" artNotes="" numberPage="29" pdfPage="http://pesquisa.in.gov.br/imprensa/jsp/visualiza/index.jsp?data=02/01/2018&amp;jornal=529&amp;pagina=29" editionNumber="1">
  <body>
    <Identifica><![CDATA[PORTARIA Nº 3.571, de 28 DE DEZEMBRO DE 2017]]></Identifica>
    <Data><![CDATA[]]></Data>
    <Ementa />
    <Titulo />
    <SubTitulo />
    <Texto><![CDATA[<p> </p><p> O reitor do Instituto Federal de Educação, Ciência e Tecnologia Sul-rio-grandense, no uso de suas atribuições legais; Considerando o teor do Processo n.º 23163.003164.2017-88; Considerando o disposto no artigo 33, inciso VIII, da Lei n.º 8.112, de 11/12/1990; resolve: </p><p> Declarar vago, a contar de 27/12/2017, o cargo de                         Assistente em Administração, Classe D, Padrão 405, código de vaga n.º 211570, do Quadro de Pessoal desta IFE, ocupado por ISABEL GOMES AYRES, por motivo de posse em outro cargo inacumulável junto ao Instituto Federal de Educação, Ciência e Tecnologia Sul-rio-grandense.</p><p> O reitor do Instituto Federal de Educação, Ciência e Tecnologia Sul-rio-grandense, no uso de suas atribuições legais; resolve</p><p>Nº 3.575 - Dispensar a servidora SANDRA SACCO SILVA, ocupante do cargo de Assistente de Aluno, do Quadro de Pessoal desta IFE, da função de Coordenadora da Coordenadoria de Administração Escolar - Tarde (FG-4), do Departamento de Estrutura Funcinal do Ensino, Diretoria de Ensino, Câmpus Pelotas, Instituto Federal de Educação, Ciência e Tecnologia Sul-rio-grandense.</p><p> O reitor do Instituto Federal de Educação, Ciência e Tecnologia Sul-rio-grandense, no uso de suas atribuições legais; Considerando, o disposto no §4.º do art. 15, da Lei n.º 8.112/90, resolve:</p><p>Nº 3.576 - Designar a servidora PATRICIA MARTINS TAVARES, ocupante do cargo de Assistente de Aluno, do Quadro de Pessoal desta IFE, para exercer a função de Coordenadora da Coordenadoria de Administração Escolar - Tarde (FG-4), do Departamento de Estrutura Funcional do Ensino, Diretoria de Ensino, Diretoria de Ensino, Câmpus Pelotas, Instituto Federal de Educação, Ciência e Tecnologia Sul-rio-grandense.</p><p> O reitor do Instituto Federal de Educação, Ciência e Tecnologia Sul-rio-grandense, no uso de suas atribuições legais; resolve</p><p>Nº 3.577 - Dispensar a servidora GRACIELE MELO DORNELES, ocupante do cargo de Assistente Social, do Quadro de Pessoal desta IFE, da função de Coordenadora da Coordenadoria de Estrutura Funcional do Ensino (FG-2), do Departamento de Ensino, Pesquisa e Extensão, Câmpus Santana do Livramento, Instituto Federal de Educação, Ciência e Tecnologia Sul-rio-grandense.</p><p> O reitor do Instituto Federal de Educação, Ciência e Tecnologia Sul-rio-grandense, no uso de suas atribuições legais; Considerando a Resolução nº 153/2017 do Conselho Superior, resolve: </p><p>Nº 3.578 - Dispensar o servidor WAGNER KOLBERG, ocupante do cargo de Técnico de Tecnologia da Informação, do Quadro de Pessoal desta IFE, da função de Coordenador da Coordenadoria de Gestão Administrativa (FG-2), do Departamento Executivo, Câmpus Avançado Novo Hamburgo, Instituto Federal de Educação, Ciência e Tecnologia Sul-rio-grandense.</p><p> O reitor do Instituto Federal de Educação, Ciência e Tecnologia Sul-rio-grandense, no uso de suas atribuições legais; Considerando, o disposto no §4.º do art. 15, da Lei n.º 8.112/90, Considerando, ainda, a Resolução nº 153/2017 do Conselho Superior, resolve: </p><p>Nº 3.579 - Designar o servidor WAGNER KOLBERG, ocupante do cargo de Técnico de Tecnologia da Informação, do Quadro de Pessoal desta IFE, para exercer a função de Coordenador da Coordenadoria de Administração e de Planejamento (FG-2), do Departamento de Ensino, Pesquisa e Extensão, Câmpus Avançado Novo Hamburgo, Instituto Federal de Educação, Ciência e Tecnologia Sul-rio-grandense.</p>]]></Texto>
    <Autores>
      <assina>GUILHERME RIBEIRO ROSTAS</assina>
      <cargo>Em exercício</cargo>
      <assina>GUILHERME RIBEIRO ROSTAS</assina>
      <cargo>Em exercício</cargo>
    </Autores>
  </body>
</article></xml>