﻿<xml><article id="961935" name="Portarias 1469,1410 (DOU 02.01)" idOficio="4624787" pubName="DO2" artType="Portaria" pubDate="02/01/2018" artClass="00011:00126:00000:00000:00000:00000:00000:00000:00000:00000:00025:00001" artSection="Ministério da Educação" artCategory="Universidade Federal Rural de Pernambuco" artSize="8" artNotes="" numberPage="34" pdfPage="http://pesquisa.in.gov.br/imprensa/jsp/visualiza/index.jsp?data=02/01/2018&amp;jornal=529&amp;pagina=34" editionNumber="1">
  <body>
    <Identifica><![CDATA[PORTARIAs DE 28 DE DEZEMBRO DE 2017]]></Identifica>
    <Data><![CDATA[]]></Data>
    <Ementa />
    <Titulo />
    <SubTitulo />
    <Texto><![CDATA[<p>A REITORA DA UNIVERSIDADE FEDERAL RURAL DE PERNAMBUCO, no uso de suas atribuições legais e estatutárias, resolve:</p><p>   Nº 1.469 DISPENSAR o(a) servidor(a) EDILTON FRANCISCO DA SILVA, Matrícula SIAPE nº. 383100, da Função (FG-01) de Coordenador Administrativo do Centro de Ensino de Graduação Obra-Escola - CEGOE, a partir de 01/01/2018. Em decorrência, a partir da mesma data, revogar os efeitos da Portaria n°. 5/2016-GR, de 04/01/2016, publicada no Diário Oficial da União de 05/01/2016, que designou o(a) supracitado(a) servidor(a) para a referida Função.(Processo UFRPE nº. 23082.024342/2017-12)</p><p>Nº 1.470 Conceder Aposentadoria Voluntária por Tempo Integral de Contribuição, com fundamento no art. 3º, caput I, II, III e parágrafo único da E.C. nº. 47/2005. A aposentadoria será concedida com proventos correspondentes a última remuneração e com direito à paridade, na forma do art. 7º da E.C. nº. 41/2003, a partir de 01/01/2018. Em decorrência que seja declarada a vacância do cargo, na forma do art. 33, VII, da Lei nº. 8.112, de 11/12/1990, conforme despacho da Assessoria de Legislação de Pessoas - ALP/SUGEP, constante no Processo acima mencionado. Seguem informações do(a) servidor(a) em tela:</p><p> </p><table><tr /><tr><td><p>Servidor(a)</p></td><td><p>CLAUDIA HELENA DEZOTTI</p></td></tr><tr><td><p>Nº. SIAPE</p></td><td><p>1149407</p></td></tr><tr><td><p>Cargo</p></td><td><p>Professor do Magistério Superior</p></td></tr><tr><td><p>Código de Vaga</p></td><td><p>704379</p></td></tr><tr><td><p>Lotação</p></td><td><p>DEINFO - Departamento de Estatística e Informática</p></td></tr></table><p> </p><p>(Processo UFRPE nº. 23082.003583/2017-10)</p><p> </p>]]></Texto>
    <Autores>
      <assina>MARIA JOSÉ DE SENA</assina>
    </Autores>
  </body>
</article></xml>