﻿<xml><article id="964419" name="PORT Nº 515 - DCIPAS.31.3 - de 2" idOficio="4626047" pubName="DO2" artType="Portaria" pubDate="02/01/2018" artClass="00010:00008:00024:06902:00000:00000:00000:00000:00000:00000:00025:00003" artSection="Diretoria de Civis, Inativos, Pensionistas e Assistência Social" artCategory="Diretoria de Civis, Inativos, Pensionistas e Assistência Social" artSize="8" artNotes="" numberPage="10" pdfPage="http://pesquisa.in.gov.br/imprensa/jsp/visualiza/index.jsp?data=02/01/2018&amp;jornal=529&amp;pagina=10" editionNumber="1">
  <body>
    <Identifica><![CDATA[PORTARIA Nº 515 - DCIPAS/31.3, DE 28 DE DEZEMBRO DE 2017]]></Identifica>
    <Data><![CDATA[]]></Data>
    <Ementa />
    <Titulo />
    <SubTitulo />
    <Texto><![CDATA[<p> O DIRETOR DE CIVIS, INATIVOS, PENSIONISTAS E ASSISTÊNCIA SOCIAL, no uso da competência que lhe foi subdelegada pela Portaria do Comandante do Exército nº 1.700, de 8 de dezembro de 2017, e de acordo com o inciso I do art. 96 da Lei nº 6.880, de 9 de dezembro de 1980, resolve</p><p> TRANSFERIR, a pedido, para a reserva remunerada os militares abaixo relacionados, com a remuneração a que fazem jus, observados os art. 9º e 10 da Medida Provisória nº 2.215-10, de 31 de agosto de 2001:</p><p /><p> </p><table><tr><td><p>Cap QAO Adm-G</p></td><td><p> (Idt 053889423-9)</p></td><td><p>ADAUTO EDSON PEREIRA DA COSTA;</p></td></tr><tr><td><p>Cap QAO Adm-G</p></td><td><p>(Idt 049791343-4)</p></td><td><p>ALCEMAR GONÇALVES DOS SANTOS;</p></td></tr><tr><td><p>Cap QAO Adm-G</p></td><td><p>(Idt 114340633-6)</p></td><td><p>CARLOS HENRIQUE DE SOUZA;</p></td></tr><tr><td><p>Cap QAO Adm-G</p></td><td><p>(Idt 074154123-9)</p></td><td><p>EDSON LUIZ DE MELO;</p></td></tr><tr><td><p>Cap QAO Adm-G</p></td><td><p>(Idt 112420763-8)</p></td><td><p>GILSON FERREIRA DOS SANTOS;</p></td></tr><tr><td><p>Cap QAO Adm-G</p></td><td><p>(Idt 030535984-6)</p></td><td><p>HENRIQUE GUSTAVO SCHEUER;</p></td></tr><tr><td><p>Cap QAO Adm-G</p></td><td><p>(Idt 030699874-1)</p></td><td><p>JORGE LUIS ZANATTA ALEIXO;</p></td></tr><tr><td><p>Cap QAO Adm-G</p></td><td><p>(Idt 053941113-2)</p></td><td><p>JOÃO PEDRO SOSNOSKI;</p></td></tr><tr><td><p>Cap QAO Adm-G</p></td><td><p>(Idt 049701233-6)</p></td><td><p>LUIS ANTONIO DE MORAES; e</p></td></tr><tr><td><p>Cap QAO Adm-G</p></td><td><p>(Idt 047756953-7)</p></td><td><p>LUIZ CLÁUDIO ROSA DE JESUS.</p></td></tr></table><p> </p>]]></Texto>
    <Autores>
      <assina>GÉDER TÁVORA SAID - Cel</assina>
      <cargo>Rsp p/ Expt da Diretoria de Civis, Inativos, Pensionistas e Assistência Social</cargo>
    </Autores>
  </body>
</article></xml>