﻿<xml><article id="965435" name="PT 196 A 199 GEXDF" idOficio="4626168" pubName="DO2" artType="Portaria" pubDate="02/01/2018" artClass="00022:00029:00238:00005:00028:00003:00000:00000:00000:00000:00025:00008" artSection="Seção Operacional da Gestão de Pessoas" artCategory="Seção Operacional da Gestão de Pessoas" artSize="8" artNotes="" numberPage="127" pdfPage="http://pesquisa.in.gov.br/imprensa/jsp/visualiza/index.jsp?data=02/01/2018&amp;jornal=529&amp;pagina=127" editionNumber="1">
  <body>
    <Identifica><![CDATA[PORTARIAS DE 29 DE DEZEMBRO DE 2017]]></Identifica>
    <Data><![CDATA[]]></Data>
    <Ementa />
    <Titulo />
    <SubTitulo />
    <Texto><![CDATA[<p> </p><p> A CHEFE SUBSTITUTA DA SEÇÃO OPERACIONAL DA GESTÃO DE PESSOAS DA GERÊNCIA EXECUTIVA NO DISTRITO FEDERAL, no uso das atribuições conferidas no art. 235, inciso I, alínea "e" do Regimento Interno do INSS, aprovado pela PT/MDS/GM nº 414 de 28.09.2017, publicada no DOU Edição Extra Nº 188-A, de 29.09.2017, e na forma da legislação, resolve:</p><p>Nº 196 Conceder aposentadoria voluntária ao servidor ADONIAS MOREIRA BARROS FILHO matrícula 6.220.137, ocupante do cargo de Técnico do Seguro Social, classe S, padrão IV, do Quadro de Pessoal do Instituto Nacional do Seguro Social, com fundamento no art. 3º da Emenda Constitucional nº 47, de 05 de julho de 2005, com proventos integrais e demais vantagens que faz jus. Declarar vago o referido cargo. Processo nº 37284.001416/2017-72</p><p>Nº 197 Conceder aposentadoria voluntária ao servidor ANTONIO VIANA DA SILVA matrícula 244.470, ocupante do cargo de Agente de Vigilância, classe S, padrão IV, do Quadro de Pessoal do Instituto Nacional do Seguro Social, com fundamento no art. 3º da Emenda Constitucional nº 47, de 05 de julho de 2005, com proventos integrais e demais vantagens que faz jus. Declarar vago o referido cargo. Processo nº 37284.000173/2017-55</p><p>Nº 198 Conceder aposentadoria voluntária à servidora CINTHIA ALBUQUERQUE DE BARROS matrícula 879.234, ocupante do cargo de Técnico do Seguro Social, classe S, padrão IV, do Quadro de Pessoal do Instituto Nacional do Seguro Social, com fundamento no art. 3º da Emenda Constitucional nº 47, de 05 de julho de 2005, com proventos integrais e demais vantagens que faz jus. Declarar vago o referido cargo. Processo nº 37284.001428/2017-05</p><p>Nº 199 Conceder aposentadoria voluntária à servidora MARIA JUSCELEIDE DE MIRANDA ROCHA matrícula 877.933, ocupante do cargo de Datilógrafo, classe S, padrão IV, do Quadro de Pessoal do Instituto Nacional do Seguro Social, com fundamento no art. 3º da Emenda Constitucional nº 47, de 05 de julho de 2005, com proventos integrais e demais vantagens que faz jus. Declarar vago o referido cargo. Processo nº 37284.001427/2017-52</p><p> </p>]]></Texto>
    <Autores>
      <assina>LAZARA MARIA DA CRUZ</assina>
    </Autores>
  </body>
</article></xml>