﻿<xml><article id="962410" name="EDITAL 08 - SUSPENSÃO (2)" idOficio="4625823" pubName="DO2" artType="Edital" pubDate="02/01/2018" artClass="00099:00011:00123:00001:00021:00000:00000:00000:00000:00000:00000:00021:00001" artSection="Editais e Avisos" artCategory="Editais e Avisos" artSize="8" artNotes="" numberPage="145" pdfPage="http://pesquisa.in.gov.br/imprensa/jsp/visualiza/index.jsp?data=02/01/2018&amp;jornal=529&amp;pagina=145" editionNumber="1">
  <body>
    <Identifica><![CDATA[EDITAL nº 9, DE 28 DE DEZEMBRO DE 2017SUSPENSÃO DE PAGAMENTO]]></Identifica>
    <Data><![CDATA[]]></Data>
    <Ementa />
    <Titulo />
    <SubTitulo />
    <Texto><![CDATA[<p> O PRÓ-REITOR DE GESTÃO DE PESSOAS DA UNIVERSIDADE FEDERAL DA PARAÍBA, em conformidade com as disposições estabelecidas pelo Decreto nº 7.862/12, de 08/12/12, Portaria MP nº 363, de 28/11/2016, e pela Orientação Normativa SEGEP Nº 1, de 02/01/17, resolve,</p><p>1. Tornar pública a relação dos aposentados e/ou pensionistas que terão o pagamento do provento e/ou benefício de pensão suspenso por motivo de não atendimento à convocação e respectiva notificação para realizar o recadastramento anual, no mês do aniversário::</p><p> </p><table><tr /><tr><td><p>751742</p></td><td><p>ADONIAS SERAFIM DE OLIVEIRA</p></td></tr><tr><td><p>333591</p></td><td><p>AGAMENON FARIAS DAS MERCES</p></td></tr><tr><td><p>333519</p></td><td><p>ALAIDES FREITAS DOS SANTOS</p></td></tr><tr><td><p>330648</p></td><td><p>ALBA LINS PESSOA</p></td></tr><tr><td><p>332055</p></td><td><p>ALDENIRA MARIA DE ARRUDA</p></td></tr><tr><td><p>332377</p></td><td><p>ANA MIRIAM CARVALHO MACEDO</p></td></tr><tr><td><p>337449</p></td><td><p>ANDREA DE BARROS MOREIRA MELO</p></td></tr><tr><td><p>329957</p></td><td><p>ANGELA MARIA BEZERRA DE CASTRO</p></td></tr><tr><td><p>332089</p></td><td><p>ANGELA UCHOA VILHENA</p></td></tr><tr><td><p>336223</p></td><td><p>ANTONIA ARAUJO DA SILVA</p></td></tr><tr><td><p>334026</p></td><td><p>ANTONIO BATISTA GUEDES</p></td></tr><tr><td><p>334014</p></td><td><p>ANTONIO GOUVEIA DE SOUZA</p></td></tr><tr><td><p>331731</p></td><td><p>ANTONIO JOSE DA SILVA</p></td></tr><tr><td><p>332340</p></td><td><p>ANTONIO PEREIRA DA SILVA</p></td></tr><tr><td><p>331147</p></td><td><p>ANTONIO PEREIRA DA SILVA</p></td></tr><tr><td><p>331542</p></td><td><p>ANTONIO RODRIGUES DA SILVA</p></td></tr><tr><td><p>338005</p></td><td><p>ANTONIO XAVIER DA COSTA</p></td></tr><tr><td><p>331707</p></td><td><p>ARTUR LUIZ DOS SANTOS</p></td></tr><tr><td><p>337801</p></td><td><p>AUDERNA DE SOUSA E SILVA</p></td></tr><tr><td><p>329410</p></td><td><p>CACILDA MARIA RIBEIRO AMARAL</p></td></tr><tr><td><p>337925</p></td><td><p>CARLOS ANTONIO DA SILVA CRUZ</p></td></tr><tr><td><p>331626</p></td><td><p>CARLOS JOSE DE ASSIS</p></td></tr><tr><td><p>332774</p></td><td><p>CARMELITA DA CONCEICAO BARBOSA</p></td></tr><tr><td><p>7337600</p></td><td><p>CECILIANO DE CARVALHO VANDERLEI</p></td></tr><tr><td><p>337600</p></td><td><p>CECILIANO DE CARVALHO VANDERLEI</p></td></tr><tr><td><p>328655</p></td><td><p>CELENE SITONIO BORGES ALVES</p></td></tr><tr><td><p>330178</p></td><td><p>CLAUDIO RODRIGUES DE OLIVEIRA</p></td></tr><tr><td><p>333529</p></td><td><p>CLEONICE MARTINS DE LIMA COQUEIJO</p></td></tr><tr><td><p>328430</p></td><td><p>CYLENE DE SOUZA MELLO</p></td></tr><tr><td><p>331179</p></td><td><p>DARCY SOARES DA SILVA</p></td></tr><tr><td><p>331380</p></td><td><p>DAURA SALES DE MEDEIROS ROCHA</p></td></tr><tr><td><p>338311</p></td><td><p>DENISE GOMES PEREIRA DE MELO</p></td></tr><tr><td><p>337730</p></td><td><p>DIANA DE OLIVEIRA MARQUES</p></td></tr><tr><td><p>338206</p></td><td><p>DJAIR ALMEIDA DE QUEIROZ</p></td></tr><tr><td><p>334856</p></td><td><p>DORACI MARTINS JANUARIO</p></td></tr><tr><td><p>333008</p></td><td><p>EDNA MARIA SILVA DA CUNHA</p></td></tr><tr><td><p>1113259</p></td><td><p>EDNA RODRIGUES DE OLIVEIRA</p></td></tr><tr><td><p>334365</p></td><td><p>EDVALDA FRANCISCO DA SILVA</p></td></tr><tr><td><p>330130</p></td><td><p>ELIZABETH DE OLIVEIRA VALDEK</p></td></tr><tr><td><p>332335</p></td><td><p>ELZA MARQUES DA SILVA</p></td></tr><tr><td><p>330686</p></td><td><p>ERNANI RODRIGUES DE CARVALHO FILHO</p></td></tr><tr><td><p>331954</p></td><td><p>ERONITA CAVALCANTI DE SOUZA</p></td></tr><tr><td><p>329763</p></td><td><p>ESTER DA SILVA SOUZA</p></td></tr><tr><td><p>328319</p></td><td><p>EUNICE DAS CHAGAS FERREIRA</p></td></tr><tr><td><p>752518</p></td><td><p>EVA VALE DE CARVALHO</p></td></tr><tr><td><p>329232</p></td><td><p>EVERALDO DE OLIVEIRA BELMONT</p></td></tr><tr><td><p>337728</p></td><td><p>EVILSON DE ARAUJO BARROS</p></td></tr><tr><td><p>333325</p></td><td><p>FATIMA DE LOURDES ALVES FERREIRA DA COSTA</p></td></tr><tr><td><p>331110</p></td><td><p>FERNANDO ANTONIO TEIXEIRA</p></td></tr><tr><td><p>328872</p></td><td><p>FRANCISCA NUNES DUTRA</p></td></tr><tr><td><p>335467</p></td><td><p>FRANCISCO SOARES FILHO</p></td></tr><tr><td><p>331535</p></td><td><p>GERCINA DA SILVA SOARES</p></td></tr><tr><td><p>331878</p></td><td><p>GETULIO FAUSTINO DE ALMEIDA</p></td></tr><tr><td><p>6329873</p></td><td><p>GIACOMINA MAGLIANO DE MORAIS</p></td></tr><tr><td><p>329873</p></td><td><p>GIACOMINA MAGLIANO DE MORAIS</p></td></tr><tr><td><p>701569</p></td><td><p>GILVANETE RODRIGUES DANTAS</p></td></tr><tr><td><p>1814858</p></td><td><p>GIOVANNA NATHALIA OLIVEIRA DE SOUZA</p></td></tr><tr><td><p>338191</p></td><td><p>HELIO LUIZ BERRETTA DAL MONTE</p></td></tr><tr><td><p>330082</p></td><td><p>HELLY CAMPOS SILVA</p></td></tr><tr><td><p>336907</p></td><td><p>ILKA SILVEIRA CAMELO</p></td></tr><tr><td><p>334961</p></td><td><p>IOLANDA DA SILVA PESSOA</p></td></tr><tr><td><p>328359</p></td><td><p>IVANICE MARIA DA SILVA ALVES</p></td></tr><tr><td><p>334528</p></td><td><p>JANDIRA DA COSTA SANTOS</p></td></tr><tr><td><p>328455</p></td><td><p>JANE BAHIA DE ALMEIDA</p></td></tr><tr><td><p>335121</p></td><td><p>JOANA D ARC VILAR RAMALHO</p></td></tr><tr><td><p>329976</p></td><td><p>JOANA DARC FRANCO DE AGUIAR</p></td></tr><tr><td><p>331951</p></td><td><p>JOANA FERREIRA DOS SANTOS</p></td></tr><tr><td><p>334534</p></td><td><p>JOAO FRANCA MATOS</p></td></tr><tr><td><p>332677</p></td><td><p>JOAQUIM MENDES FERNANDES</p></td></tr><tr><td><p>329624</p></td><td><p>JOELMA BENICIO DE SA</p></td></tr><tr><td><p>1024890</p></td><td><p>JORGE FARIAS REMIGIO</p></td></tr><tr><td><p>331823</p></td><td><p>JORGE VILAR DE ARAUJO</p></td></tr><tr><td><p>329318</p></td><td><p>JOSE ANDERSON DOMINGOS DOS SANTOS BORGES</p></td></tr><tr><td><p>331893</p></td><td><p>JOSE BATISTA DE MEDEIROS</p></td></tr><tr><td><p>336413</p></td><td><p>JOSE GILSON FERREIRA DE FIGUEIREDO</p></td></tr><tr><td><p>330966</p></td><td><p>JOSE INACIO DA CRUZ</p></td></tr><tr><td><p>41945</p></td><td><p>JOSE KEHRLE</p></td></tr><tr><td><p>328747</p></td><td><p>JOSE LUIZ DA SILVA</p></td></tr><tr><td><p>332508</p></td><td><p>JOSE MARCEDONIO PORTO DE FREITAS</p></td></tr><tr><td><p>330679</p></td><td><p>JOSE MARIA VERAS FILHO</p></td></tr><tr><td><p>337305</p></td><td><p>JOSE ONALDO MONTENEGRO</p></td></tr><tr><td><p>334909</p></td><td><p>JOSE ROBERTO ISIDRO GOMES</p></td></tr><tr><td><p>334117</p></td><td><p>JOSE RODRIGUES PEREIRA</p></td></tr><tr><td><p>329513</p></td><td><p>JOSE ROMERO DE ALMEIDA FERREIRA</p></td></tr><tr><td><p>329969</p></td><td><p>JOSE TAVARES DOS SANTOS</p></td></tr><tr><td><p>334384</p></td><td><p>JOSEFA MARIA DA CONCEICAO</p></td></tr><tr><td><p>329067</p></td><td><p>JOSEFA QUIRINO DIAS</p></td></tr><tr><td><p>329694</p></td><td><p>JOSEFINA FRANCO VIEIRA</p></td></tr><tr><td><p>330368</p></td><td><p>JOSENILDES ARAUJO DOS SANTOS</p></td></tr><tr><td><p>331217</p></td><td><p>LUCAS DE SA ESPINOLA</p></td></tr><tr><td><p>1193850</p></td><td><p>LUCIA DE FATIMA DE SOUSA JAGUARIBE</p></td></tr><tr><td><p>334561</p></td><td><p>LUCIANA LIBORIO FEITOSA DE MEDEIROS</p></td></tr><tr><td><p>332705</p></td><td><p>LUIZ ALBERTO DA SILVA ARAUJO</p></td></tr><tr><td><p>330688</p></td><td><p>LUIZ TADEU DIAS MEDEIROS</p></td></tr><tr><td><p>331546</p></td><td><p>LUZIA DA SILVA ARAUJO</p></td></tr><tr><td><p>329334</p></td><td><p>MARCELO URBANO DA SILVA</p></td></tr><tr><td><p>1090624</p></td><td><p>MARGOT BARBOSA SCHULZE</p></td></tr><tr><td><p>329989</p></td><td><p>MARIA CARMESIA TARGINO MARANHAO LEITE</p></td></tr><tr><td><p>329868</p></td><td><p>MARIA CARMESIA TARGINO MARANHAO LEITE</p></td></tr><tr><td><p>335943</p></td><td><p>MARIA COELI NOBRE DA SILVA</p></td></tr><tr><td><p>334526</p></td><td><p>MARIA DA PENHA MARQUES PONTES</p></td></tr><tr><td><p>329419</p></td><td><p>MARIA DA PENHA SILVA</p></td></tr><tr><td><p>334945</p></td><td><p>MARIA DALVA DO NASCIMENTO SILVA</p></td></tr><tr><td><p>331358</p></td><td><p>MARIA DAS NEVES CAVALCANTI MOREIRA</p></td></tr><tr><td><p>1116940</p></td><td><p>MARIA DE FATIMA FERREIRA</p></td></tr><tr><td><p>333856</p></td><td><p>MARIA DE FATIMA GOMES DE JESUS</p></td></tr><tr><td><p>328412</p></td><td><p>MARIA DE FATIMA SIMOES LOPES DE MENDONCA</p></td></tr><tr><td><p>332488</p></td><td><p>MARIA DE LOURDES FEITOSA DE QUEIROZ</p></td></tr><tr><td><p>328479</p></td><td><p>MARIA DE LOURDES GONCALVES DANTAS</p></td></tr><tr><td><p>336746</p></td><td><p>MARIA DE LOURDES SILVA DOS SANTOS</p></td></tr><tr><td><p>332551</p></td><td><p>MARIA DO CARMO MALHEIROS GOUVEA</p></td></tr><tr><td><p>329939</p></td><td><p>MARIA DO LIVRAMENTO BEZERRA</p></td></tr><tr><td><p>336535</p></td><td><p>MARIA DO SOCORRO RODRIGUES CORREIA</p></td></tr><tr><td><p>331411</p></td><td><p>MARIA DOS ANJOS DOS SANTOS</p></td></tr><tr><td><p>338125</p></td><td><p>MARIA ELIZABETH MAGALHAES AVILA DE ARAUJO</p></td></tr><tr><td><p>335514</p></td><td><p>MARIA EUNICE RIBEIRO</p></td></tr><tr><td><p>1190259</p></td><td><p>MARIA EVANICE C MARCOLINO GOMES</p></td></tr><tr><td><p>331196</p></td><td><p>MARIA HELENA SOARES DE ARAUJO</p></td></tr><tr><td><p>331844</p></td><td><p>MARIA IGNEZ NOVAIS AYALA</p></td></tr><tr><td><p>330853</p></td><td><p>MARIA JOSE ALVES DA COSTA</p></td></tr><tr><td><p>329386</p></td><td><p>MARIA JOSE QUARESMA G CARNEIRO</p></td></tr><tr><td><p>1030172</p></td><td><p>MARIA NILZA BARBOSA ROSA</p></td></tr><tr><td><p>332468</p></td><td><p>MARIA SALETE MARANHAO</p></td></tr><tr><td><p>331367</p></td><td><p>MARINALVA COLACO</p></td></tr><tr><td><p>328357</p></td><td><p>MARISA LEMOS MAFALDO PINTO</p></td></tr><tr><td><p>6052986</p></td><td><p>MARIZA DE ARAUJO ALBUQUERQUE MELO</p></td></tr><tr><td><p>330296</p></td><td><p>MARIZETE DE AZEVEDO LIMA</p></td></tr><tr><td><p>328828</p></td><td><p>MARLENE BARBOSA DE MORAES COELHO</p></td></tr><tr><td><p>1190157</p></td><td><p>NELIO MONTEIRO M DE OLIVEIRA</p></td></tr><tr><td><p>328427</p></td><td><p>NELSON ALVARES CESAR</p></td></tr><tr><td><p>328638</p></td><td><p>NIELSON DAS NEVES BRANDAO</p></td></tr><tr><td><p>329340</p></td><td><p>NORMA FALCONE MONTENEGRO</p></td></tr><tr><td><p>329286</p></td><td><p>NORMA RUTH MOONEN</p></td></tr><tr><td><p>336238</p></td><td><p>OLIMPIA CAVALCANTE DE HOLANDA</p></td></tr><tr><td><p>328487</p></td><td><p>OSWALDO TRIGUEIRO DO VALLE</p></td></tr><tr><td><p>334060</p></td><td><p>PAULINO ALVES PEREIRA</p></td></tr><tr><td><p>328755</p></td><td><p>PAULO AMERICO MAIA DE VASCONCELOS</p></td></tr><tr><td><p>335864</p></td><td><p>PAULO FERREIRA DA SILVA</p></td></tr><tr><td><p>329516</p></td><td><p>PAULO GERMANO CAVALCANTI FURTADO</p></td></tr><tr><td><p>330154</p></td><td><p>PAULO GONCALVES DA ROCHA</p></td></tr><tr><td><p>333504</p></td><td><p>PEDRO DE ARAUJO LIMA</p></td></tr><tr><td><p>335254</p></td><td><p>PEDRO FERNANDES DE MEDEIROS</p></td></tr><tr><td><p>329415</p></td><td><p>PEDRO IVAN PINHEIRO MONTEIRO</p></td></tr><tr><td><p>1670027</p></td><td><p>PLINIO DELA TORRE</p></td></tr><tr><td><p>328671</p></td><td><p>REGINALDO BARBOSA TAVARES</p></td></tr><tr><td><p>336297</p></td><td><p>RILMA GERVAZIO DA SILVA</p></td></tr><tr><td><p>329581</p></td><td><p>RITA DE CASSIA MOURA ARAGAO</p></td></tr><tr><td><p>334728</p></td><td><p>RONALD LIRA DE SOUZA</p></td></tr><tr><td><p>336039</p></td><td><p>ROQUE PEREIRA DO NASCIMENTO</p></td></tr><tr><td><p>333853</p></td><td><p>ROSALIA CARVALHO MARTINS</p></td></tr><tr><td><p>1114969</p></td><td><p>ROSANGELA MARIA DE CASTRO ELEOTERIO</p></td></tr><tr><td><p>1189409</p></td><td><p>ROSEMARY DE SOUZA PEREIRA</p></td></tr><tr><td><p>331549</p></td><td><p>SEVERINO JOSE DE MOURA</p></td></tr><tr><td><p>334072</p></td><td><p>SOLANGE MARIA MIRANDA SILVA</p></td></tr><tr><td><p>331376</p></td><td><p>TERESINHA ALVES ANDRE</p></td></tr><tr><td><p>1189136</p></td><td><p>TEREZA EMILIA GONCALVES M FREIRE</p></td></tr><tr><td><p>330505</p></td><td><p>TEREZINHA ANDRADE DE BARROS</p></td></tr><tr><td><p>332044</p></td><td><p>TEREZINHA BARBOSA PEIXE</p></td></tr><tr><td><p>329790</p></td><td><p>TEREZINHA DA SILVA E SILVA</p></td></tr><tr><td><p>328778</p></td><td><p>TEREZINHA DE JESUS DALIA DA COSTA PAULINO</p></td></tr><tr><td><p>328998</p></td><td><p>TEREZINHA DE JESUS DALIA DA COSTA PAULINO</p></td></tr><tr><td><p>336804</p></td><td><p>TEREZINHA DOS SANTOS LEMOS</p></td></tr><tr><td><p>336364</p></td><td><p>TEREZINHA SOARES POLARI</p></td></tr><tr><td><p>328678</p></td><td><p>THIAGO DE CASTRO FORMIGA</p></td></tr><tr><td><p>330321</p></td><td><p>VALTER INACIO DE PAIVA</p></td></tr><tr><td><p>336904</p></td><td><p>VAMBERTO AUGUSTO COSTA FILHO</p></td></tr><tr><td><p>328708</p></td><td><p>VANDA RAFAEL DOS SANTOS</p></td></tr><tr><td><p>334336</p></td><td><p>VICENTE BERNARDO DIAS</p></td></tr><tr><td><p>331738</p></td><td><p>VIRGINIA MARIA PEREIRA</p></td></tr><tr><td><p>334425</p></td><td><p>WALDIRA BEZERRA DE LIMA</p></td></tr><tr><td><p>329212</p></td><td><p>WALKIRIA DE OLIVEIRA TORRES</p></td></tr><tr><td><p>335134</p></td><td><p>YARA CARMEM PASCOAL DE CARVALHO</p></td></tr><tr><td><p>1668648</p></td><td><p>YURI LOBO MAIA</p></td></tr><tr><td><p>331651</p></td><td><p>ZAQUEU XAVIER MARTINS</p></td></tr><tr><td><p>1196370</p></td><td><p>ZILMA CESAR ARAUJO</p></td></tr><tr><td><p>330695</p></td><td><p>ZIRENE SOARES DA SILVA</p></td></tr></table><p>2. O restabelecimento do pagamento do provento e/ou do benefício de pensão fica condicionado ao recadastramento mediante comparecimento pessoal do interessado na Pró-Reitoria de Gestão de Pessoas (PROGEP) da UFPB, na Cidade Universitária, s/n - Castelo Branco III, João Pessoa - PB, 58051-900, 1º andar do prédio da reitoria, portando documento oficial de identificação original com foto e CPF, conforme arts. 5º e 12º da ON SEGEP nº 1, publicada no Diário Oficial da União de 02/01/2017. </p><p>3. Na hipótese de moléstia grave ou de impossibilidade de locomoção do aposentado e/ou pensionista deverá ser solicitada visita técnica, por meio do telefone (83) 3216-7349, para comprovação de vida do titular do benefício, ficando o pagamento restabelecido provisoriamente até que seja realizada a visita, nos termos do art.13º da ON.</p>]]></Texto>
    <Autores>
      <assina>FRANCISCO RAMALHO DE ALBUQUERQUE</assina>
    </Autores>
  </body>
</article></xml>