﻿<xml><article id="965457" name="PT 173 A 178 CUIABA" idOficio="4626168" pubName="DO2" artType="Portaria" pubDate="02/01/2018" artClass="00022:00029:00238:00019:00077:00000:00000:00000:00000:00000:00025:00005" artSection="Seção Operacional da Gestão de Pessoas" artCategory="Seção Operacional da Gestão de Pessoas" artSize="8" artNotes="" numberPage="128" pdfPage="http://pesquisa.in.gov.br/imprensa/jsp/visualiza/index.jsp?data=02/01/2018&amp;jornal=529&amp;pagina=128" editionNumber="1">
  <body>
    <Identifica><![CDATA[PORTARIAS DE 21 DE DEZEMBRO DE 2017]]></Identifica>
    <Data><![CDATA[]]></Data>
    <Ementa />
    <Titulo />
    <SubTitulo />
    <Texto><![CDATA[<p> </p><p> O CHEFE DA SEÇÃO OPERACIONAL DA GESTÃO DE PESSOAS DA GERENCIA EXECUTIVA DO INSS EM CUIABÁ/MT, no uso das atribuições que lhe confere o artigo 235, inciso I, alínea "b" do Regimento Interno do INSS, aprovado pela PT/MDS nº 414, de 28/09/17, publicada no DOU nº 188-A, de 29/09/17, resolve: </p><p>Nº 173- Conceder aposentadoria voluntária a servidora ELIZABETE MARIANA DE SOUZA BARRETO, matrícula SIAPE nº 0.890.331, ocupante do cargo de Agente de Serviços Diversos, código da vaga 516454, Classe "S", Padrão IV da Carreira do Seguro Social, do quadro de pessoal do Instituto Nacional do Seguro Social, com fundamento no artigo 3º da Emenda Constitucional nº 47, de 05 de julho de 2005, com proventos integrais correspondentes ao citado padrão e demais vantagens previstas na legislação vigente, com opção pela incorporação da gratificação de desempenho aos proventos, nos termos dos artigos 88 a 92 da Lei nº 13.324, de 29/07/16. Declarar vago o referido cargo. (Processo nº 35087.000584/2017-41).</p><p>Nº 174- Conceder aposentadoria voluntária a servidora MARGARETE MARQUES SANTOS, matrícula nº 0.890.294, ocupante do cargo de Agente de Serviços Diversos, Classe "S", Padrão IV, código de vaga 516428 do quadro de pessoal do Instituto Nacional do Seguro Social, com fundamento no artigo 3º da Emenda Constitucional nº 47, de 05 de julho de 2005, com proventos integrais correspondentes ao citado padrão e demais vantagens previstas na legislação vigente, com opção pela incorporação da gratificação de desempenho aos proventos, nos termos dos artigos 88 a 92 da Lei nº 13.324, de 29/07/16. Declarar vago o referido cargo. (Processo nº 35087.000627/2017-99).</p><p>Nº 175- Conceder aposentadoria voluntária a servidora VERA LUCIA DO PRADO ROSA, matrícula SIAPE nº 0.887175, ocupante do cargo de Agente de Serviços Diversos, Classe "S", Padrão IV da Carreira do Seguro Social, código da vaga 514168, do quadro de pessoal do Instituto Nacional do Seguro Social, com fundamento no artigo 3º da Emenda Constitucional nº 47, de 05 de julho de 2005, com proventos integrais correspondentes ao citado padrão e demais vantagens previstas na legislação vigente, com opção pela incorporação da gratificação de desempenho aos proventos, nos termos dos artigos 88 a 92 da Lei nº 13.324, de 29/07/16. Declarar vago o referido cargo. (Processo nº  35087.000632/2017-00).</p><p>Nº 176- Conceder aposentadoria voluntária a servidora BENINA SEBASTIANA FERREIRA, matrícula nº 0.890.109, ocupante do cargo de Agente de Serviços Diversos, Classe "S", Padrão IV, código de vaga 516258 do quadro de pessoal do Instituto Nacional do Seguro Social, com fundamento no artigo 3º da Emenda Constitucional nº 47, de 05 de julho de 2005, com proventos integrais correspondentes ao citado padrão e demais vantagens previstas na legislação vigente, com opção pela incorporação da gratificação de desempenho aos proventos, nos termos dos artigos 88 a 92 da Lei nº 13.324, de 29/07/16. Declarar vago o referido cargo. (Processo nº 35087.000646/2017-15).</p><p>Nº 177- Conceder aposentadoria voluntária a servidora MARIA FERREIRA MENDES GONINI, matrícula nº 0.890.227, ocupante do cargo de Agente de Serviços Diversos, Classe "S", Padrão IV, código de vaga 516368, do quadro de pessoal do Instituto Nacional do Seguro Social, com fundamento no artigo 3º da Emenda Constitucional nº 47, de 05 de julho de 2005, com proventos integrais correspondentes ao citado padrão e demais vantagens previstas na legislação vigente, com opção pela incorporação da gratificação de desempenho aos proventos, nos termos dos artigos 88 a 92 da Lei nº 13.324, de 29/07/16. Declarar vago o referido cargo. (Processo nº 35087.000650/2017-83).</p><p>Nº 178- Conceder aposentadoria voluntária a servidora ELIANE TEREZA AMARAL DA SILVA, matrícula nº 0.890.419, ocupante do cargo de Datilógrafo, Classe "S", Padrão IV, código de vaga 516533, do quadro de pessoal do Instituto Nacional do Seguro Social, com fundamento no artigo 3º da Emenda Constitucional nº 47, de 05 de julho de 2005, com proventos integrais correspondentes ao citado padrão e demais vantagens previstas na legislação vigente, com opção pela incorporação da gratificação de desempenho aos proventos, nos termos dos artigos 88 a 92 da Lei nº 13.324, de 29/07/16. Declarar vago o referido cargo.(Processo nº 35087.000626/2017-44).</p><p> </p>]]></Texto>
    <Autores>
      <assina>NERIVALDO NOGUEIRA KAISER</assina>
    </Autores>
  </body>
</article></xml>