﻿<xml><article id="967026" name="APOSENTADORIA - MARCIA CRISTINA " idOficio="4626101" pubName="DO2" artType="Portaria" pubDate="02/01/2018" artClass="00017:00002:00014:00004:00000:00000:00000:00000:00000:00000:00025:00001" artSection="Serviço de Gestão Administrativa" artCategory="Serviço de Gestão Administrativa" artSize="8" artNotes="" numberPage="118" pdfPage="http://pesquisa.in.gov.br/imprensa/jsp/visualiza/index.jsp?data=02/01/2018&amp;jornal=529&amp;pagina=118" editionNumber="1">
  <body>
    <Identifica><![CDATA[PORTARIA Nº 105, DE 29 DE DEZEMBRO DE 2017]]></Identifica>
    <Data><![CDATA[]]></Data>
    <Ementa />
    <Titulo />
    <SubTitulo />
    <Texto><![CDATA[<p> O Chefe do Serviço de Gestão Administrativa da Divisão de Gestão do Núcleo Estadual do Amapá, nomeado pela Portaria/GM/MS nº 2.752, de 16/12/2016, publicada no Diário Oficial da União nº 242, de 19/12/2016, seção 2, pg. 40, no uso da competência que lhe foi subdelegada pela Portaria/SAA/SE/MS nº 1.804, de 01/10/2013, publicada no D.O.U. nº 192, de 03/10/2013, seção 1, pg. 66 e considerando a Portaria/GM/MS nº 1.844, de 13/10/2016, publicada no D.O.U. nº 198, de 14/10/2016, seção 1, pg. 43, resolve:</p><p>Art. 1º - Conceder aposentadoria voluntária integral à servidora MÁRCIA CRISTINA MUNHOZ CHAGAS, Matrícula SIAPE nº 0479260, ocupante do cargo de Médico, Classe S, Padrão III, do Quadro de Pessoal Permanente deste Ministério, com fundamento no art. 186, inciso III, alínea a, da Lei nº 8.112/1990 e no artigo 6º da Emenda Constitucional nº 41/2003, com proventos mensais correspondentes à referida classe e padrão, acrescido de 11% de Adicional por Tempo de Serviço, da Carreira da Previdência, da Saúde e do Trabalho-CPST - Lei nº 11.355/2006 e demais vantagens do cargo.</p><p>Art. 2º - Esta portaria entra em vigor na data de sua publicação. (Processo SEI nº 25013.400496/2017-56)</p>]]></Texto>
    <Autores>
      <assina>JORGE LUÍS SANCHES DA SILVA</assina>
    </Autores>
  </body>
</article></xml>