﻿<xml><article id="992439" name="Portaria CREF13 nº 41.2017 - Alt" idOficio="4626231" pubName="DO2" artType="Portaria" pubDate="04/01/2018" artClass="00038:00184:00000:00000:00000:00000:00000:00000:00000:00000:00025:00001" artSection="Entidades de Fiscalização do Exercício das Profissões Liberais" artCategory="Conselho Regional de Educação Física da 13ª Região" artSize="8" artNotes="" numberPage="34" pdfPage="http://pesquisa.in.gov.br/imprensa/jsp/visualiza/index.jsp?data=04/01/2018&amp;jornal=529&amp;pagina=34" editionNumber="3">
  <body>
    <Identifica><![CDATA[PORTARIA Nº 41, DE 18 DE DEZEMBRO DE 2017]]></Identifica>
    <Data><![CDATA[]]></Data>
    <Ementa />
    <Titulo />
    <SubTitulo />
    <Texto><![CDATA[<p> O PRESIDENTE DO CONSELHO REGIONAL DE EDUCAÇÃO FÍSICA DA 13ª REGIÃO - CREF13/BA, no uso de suas atribuições estatutárias e regimentais; CONSIDERANDO o Edital nº 01/2015 do Concurso Público do Conselho Regional de Educação Física - CREF13/BA-SE, principalmente o item 2 - DOS CARGOS e seus subitens, bem como a homologação do seu resultado publicado em 22 de junho de 2015 no Diário Oficial da União - Seção III - nº 116, pags. 159 e 160; CONSIDERANDO a Resolução CREF13/BA nº 012.2017 que dispões sobre o Plano de Cargos e Salários; CONSIDERANDO a necessidade do Conselho Regional de Educação Física da 13ª Região/Bahia; CONSIDERANDO o Termo de Alteração assinado de comum acordo entre a Funcionária Silvana de Jesus dos Santos Lima e o Conselho Regional de Educação Física da 13ª Região/Bahia representado pelo Presidente; CONSIDERANDO a Portaria CREF13 nº 042.2015 que dispões sobre a Nomeação de Silvana de Jesus dos Santos Lima. resolve: </p><p>Art. 1º - Tornar pública a alteração do regime de trabalho e, consequentemente, do salário da Contadora do CREF13/BA, SILVANA DE JESUS DOS SANTOS LIMA, inscrita no CPF sob o nº 775.822.505-59, para a jornada de trabalho com carga horária de 08 (oito) horas diárias e 40 (quarenta) horas semanais, com remuneração mensal de R$3.372,97(três mil, trezentos e setenta e dois reais e noventa e sete centavos). Art. 2º - Esta portaria entra em vigor na data de sua publicação, retroagindo seus efeitos a partir de 01 de setembro de 2017.</p>]]></Texto>
    <Autores>
      <assina>PAULO CÉSAR VIEIRA LIMA</assina>
    </Autores>
  </body>
</article></xml>