﻿<xml><article id="965851" name="PORTARIA Nº 4448 e 4487-SEORI-MD" idOficio="4626225" pubName="DO2" artType="Portaria" pubDate="02/01/2018" artClass="00010:00033:00000:00000:00000:00000:00000:00000:00000:00000:00025:00001" artSection="Ministério da Defesa" artCategory="Secretaria de Organização Institucional" artSize="8" artNotes="" numberPage="11" pdfPage="http://pesquisa.in.gov.br/imprensa/jsp/visualiza/index.jsp?data=02/01/2018&amp;jornal=529&amp;pagina=11" editionNumber="1">
  <body>
    <Identifica><![CDATA[PORTARIA Nº 4.448/SEORI/MD, DE 26 DE DEZEMBRO DE 2017]]></Identifica>
    <Data><![CDATA[]]></Data>
    <Ementa />
    <Titulo />
    <SubTitulo />
    <Texto><![CDATA[<p> O SECRETÁRIO DE ORGANIZAÇÃO INSTITUCIONAL DO MINISTÉRIO DA DEFESA, no uso da competência que lhe foi subdelegada pelo inciso IV do art. 54, capítulo IV, anexo VIII da Portaria Normativa/MD nº 564, de 12 de março de 2014 e considerando o disposto no art. 8º da Portaria Normativa/MD  n°2.323, de 31 de agosto de 2012, e o que consta do Processo Administrativo nº 60250.000588/2017-38, resolve:</p><p>DISPENSAR o S Ten MB ALEXANDRE RODRIGUES DA SILVA de ficar à disposição da administração central do Ministério da Defesa, a contar de 21 de dezembro de 2017.</p><p> O SECRETÁRIO DE ORGANIZAÇÃO INSTITUCIONAL DO MINISTÉRIO DA DEFESA, no uso da competência que lhe foi subdelegada pelo inciso IV do art. 54, capítulo IV, anexo VIII da Portaria Normativa/MD nº 564, de 12 de março de 2014 e considerando o disposto no art. 8º da Portaria Normativa/MD no2.323, de 31 de agosto de 2012, e o que consta do Processo Administrativo no 60583.003632/2017-08, resolve:</p><p>DISPENSAR  a CB-AD JULIANA MENEZES AZEVEDO DOS SANTOS, de ficar à disposição da administração central do Ministério da Defesa, a contar de 20 de dezembro de 2017.</p>]]></Texto>
    <Autores>
      <assina>FRANSELMO ARAÚJO COSTA</assina>
      <assina>FRANSELMO ARAÚJO COSTA</assina>
    </Autores>
  </body>
</article></xml>