﻿<xml><article id="965860" name="Retificação Portaria nº 4486" idOficio="4626225" pubName="DO2" artType="Portaria" pubDate="02/01/2018" artClass="00010:00033:00000:00000:00000:00000:00000:00000:00000:00000:00025:00003" artSection="Ministério da Defesa" artCategory="Secretaria de Organização Institucional" artSize="8" artNotes="" numberPage="11" pdfPage="http://pesquisa.in.gov.br/imprensa/jsp/visualiza/index.jsp?data=02/01/2018&amp;jornal=529&amp;pagina=11" editionNumber="1">
  <body>
    <Identifica><![CDATA[RETIFICAÇÃO]]></Identifica>
    <Data><![CDATA[]]></Data>
    <Ementa />
    <Titulo />
    <SubTitulo />
    <Texto><![CDATA[<p> No título da Portaria no 4.486/SEORI/MD, de 28 de dezembro de 2017,  publicada no Diário Oficial da União no 249, de 29 de dezembro de 2016, Seção 2 , página 14, onde se lê: "SECRETARIA DE CONTROLE INTERNO", leia-se: "SECRETARIA DE ORGANIZAÇÃO INSTITUCIONAL".</p>]]></Texto>
    <Autores />
  </body>
</article></xml>