﻿<xml><article id="965491" name="Portarias 3090, 3100 e 3101" idOficio="4626172" pubName="DO2" artType="Portaria" pubDate="02/01/2018" artClass="00007:00003:00802:00406:00000:00000:00000:00000:00000:00000:00025:00001" artSection="Coordenação-Geral de Administração de Pessoas" artCategory="Coordenação-Geral de Administração de Pessoas" artSize="8" artNotes="" numberPage="6" pdfPage="http://pesquisa.in.gov.br/imprensa/jsp/visualiza/index.jsp?data=02/01/2018&amp;jornal=529&amp;pagina=6" editionNumber="1">
  <body>
    <Identifica><![CDATA[Portaria Nº 3.090, DE 27 DE dezembro DE 2017.]]></Identifica>
    <Data><![CDATA[]]></Data>
    <Ementa />
    <Titulo />
    <SubTitulo />
    <Texto><![CDATA[<p> O COORDENADOR-GERAL DE ADMINISTRAÇÃO DE PESSOAS, DO MINISTÉRIO DA AGRICULTURA, PECUÁRIA E ABASTECIMENTO, no uso da competência que lhe foi atribuída pelo inciso VI, do § 6º, do artigo 141, da Portaria Ministerial nº 944, de 23 de setembro de 2014, publicada no Diário Oficial do dia seguinte, resolve:</p><p>Conceder, em virtude do falecimento do ex-servidor deste Ministério, Benedito Antônio da Silva, ocorrido em 04.12.2017, pensão à CLAÚDIA VIVIANE XAVIER DA SILVA, na qualidade de viúva, VIVIANE XAVIER DA SILVA e ANA GABRIELA DA SILVA XAVIER, na qualidade de filhas, com fundamento no artigo 217, item I, da Lei nº 8.112/90, com redação dada pela Lei nº 13.135/2015 e no artigo 40, parágrafo 7º, inciso II, da Constituição Federal, com redação dada pela Emenda Constitucional nº 41/2003, combinado com o artigo 2º, inciso II, da Lei nº 10.887/2004.</p><p>PORTARIAS DE 28 DE DEZEMBRO DE 2017 </p><p>O COORDENADOR-GERAL DE ADMINISTRAÇÃO DE PESSOAS, DO MINISTÉRIO DA AGRICULTURA, PECUÁRIA E ABASTECIMENTO, no uso da competência que lhe foi atribuída pelo inciso VI, do § 6º, do artigo 141, da Portaria Ministerial nº 944, de 23 de setembro de 2014, publicada no Diário Oficial do dia seguinte e tendo em vista o constante no Processo 21000.054115/2017-41, resolve:</p><p>Nº 3.100 - Conceder, em virtude do falecimento da ex-servidora aposentada deste Ministério, AMÉLIA ALVES LEAL NERI, ocorrido em 06.12.2017, pensão a NELSON DO NASCIMENTO NERI, na qualidade de viúvo, com fundamento no artigo 217, item I, da Lei nº 8.112/90, com redação dada pela Lei nº 13.135/2015 e no artigo 40, parágrafo 7º, inciso I, da Constituição Federal, com redação dada pela Emenda Constitucional nº 41/2003, combinado com o artigo 2º, inciso I, da Lei nº 10.887/2004.</p><p>Nº 3.101 - Conceder, em virtude do falecimento do ex-servidor aposentado deste Ministério, CÂNDIDO PEREIRA SANTANA, lotado no Departamento da Comissão Executiva do Plano da Lavoura Cacaueira-CEPLAC, do Quadro de Pessoal deste Ministério, ocorrido em 20.11.2017, pensão à HERMINIA CASTRO SAMPAIO SANTANA, na qualidade de viúva, com fundamento no artigo 217, item I, da Lei nº 8.112/90, com redação dada pela Lei nº 13.135/2015 e no artigo 40, parágrafo 7º, inciso I, da Constituição Federal, com redação dada pela Emenda Constitucional nº 41/2003, combinado com o artigo 2º, inciso I, da Lei nº 10.887/2004.</p>]]></Texto>
    <Autores>
      <assina>GENILSON ANTONIO SECCHI DE AVILA</assina>
      <assina>GENILSON ANTONIO SECCHI DE AVILA</assina>
    </Autores>
  </body>
</article></xml>