﻿<xml><article id="961864" name="Ato de aposentadoria Rodolfo F S" idOficio="4624130" pubName="DO2" artType="Ato" pubDate="02/01/2018" artClass="00036:00001:00000:00000:00000:00000:00000:00000:00000:00000:00001:00001" artSection="Poder Legislativo" artCategory="Câmara dos Deputados" artSize="8" artNotes="" numberPage="140" pdfPage="http://pesquisa.in.gov.br/imprensa/jsp/visualiza/index.jsp?data=02/01/2018&amp;jornal=529&amp;pagina=140" editionNumber="1">
  <body>
    <Identifica><![CDATA[ATO de 28 de dezembro de 2017]]></Identifica>
    <Data><![CDATA[]]></Data>
    <Ementa />
    <Titulo />
    <SubTitulo />
    <Texto><![CDATA[<p> O PRESIDENTE DA CÂMARA DOS DEPUTADOS, no uso das atribuições que lhe confere a alínea "b" do inciso I do artigo 1º do Ato da Mesa nº 205, de 28 de junho de 1990, resolve:</p><p>Aposentar, por invalidez, com proventos proporcionais, o servidor RODOLFO FRANCA STUCKERT, ponto n. 2.380, no cargo efetivo de Técnico Legislativo, atribuição Agente de Serviços Legislativos, área Serviços de Comunicação e Informação, classe Especial, padrão 10, com fundamento no inciso I do § 1º do artigo 40 da Constituição da República Federativa do Brasil, combinado com o artigo 6º-A da Emenda Constitucional n. 41, de 19 de dezembro de 2003, incluído pela Emenda Constitucional n. 70, de 29 de março de 2012, e com o inciso I do artigo 186 da Lei nº 8.112, de 11 de dezembro de 1990, acrescido da vantagem prevista no artigo 62-A deste último Diploma Legal.</p><p> </p>]]></Texto>
    <Autores>
      <assina>RODRIGO MAIA</assina>
    </Autores>
  </body>
</article></xml>