﻿<xml><article id="962959" name="PortSEI 1198-PosseCgInac-Bruno-2" idOficio="4625880" pubName="DO2" artType="Portaria" pubDate="02/01/2018" artClass="00011:00140:00001:00026:00000:00000:00000:00000:00000:00000:00025:00003" artSection="Pró-Reitoria de Gestão de Pessoas" artCategory="Pró-Reitoria de Gestão de Pessoas" artSize="8" artNotes="" numberPage="36" pdfPage="http://pesquisa.in.gov.br/imprensa/jsp/visualiza/index.jsp?data=02/01/2018&amp;jornal=529&amp;pagina=36" editionNumber="1">
  <body>
    <Identifica><![CDATA[PORTARIA SEI Nº 1.198, de 28 de dezembro de 2017]]></Identifica>
    <Data><![CDATA[]]></Data>
    <Ementa />
    <Titulo />
    <SubTitulo />
    <Texto><![CDATA[<p> O Pró-Reitor de Gestão de Pessoas da Universidade Federal de Uberlândia, no uso das atribuições e considerando a delegação de competência que lhe foi outorgada por meio da Portaria nº 95, de 05 de janeiro de 2017, publicada no DOU de 09 de janeiro de 2017, Seção 2, página 26, e considerando o que consta no processo nº 23117.026673/2017-34, resolve:</p><p>Art. 1º Declarar vago, a partir de 02/01/2018, por motivo de posse em outro cargo inacumulável, o cargo de Assistente em Administração, ocupado pelo (a) servidor (a) BRUNO BATISTA TIBA, matrícula SIAPE nº 2220660, código de vaga 321022, do quadro permanente desta Universidade, de acordo com o disposto no artigo 33, inciso VIII, da Lei nº 8.112/90, de 11/12/90.</p><p>Art. 2º - Esta portaria entra em vigor na data de sua publicação, revogando as disposições em contrário. </p>]]></Texto>
    <Autores>
      <assina>MARCIO MAGNO COSTA</assina>
    </Autores>
  </body>
</article></xml>