﻿<xml><article id="961929" name="PT 95 SOGP FEIRA DE SANTANA" idOficio="4624686" pubName="DO2" artType="Portaria" pubDate="02/01/2018" artClass="00022:00029:00237:00017:00087:00000:00000:00000:00000:00000:00025:00001" artSection="Seção Operacional  de Gestão de Pessoas" artCategory="Seção Operacional  de Gestão de Pessoas" artSize="8" artNotes="" numberPage="127" pdfPage="http://pesquisa.in.gov.br/imprensa/jsp/visualiza/index.jsp?data=02/01/2018&amp;jornal=529&amp;pagina=127" editionNumber="1">
  <body>
    <Identifica><![CDATA[PORTARIA Nº 95, DE 28 DE DEZEMBRO DE 2017]]></Identifica>
    <Data><![CDATA[]]></Data>
    <Ementa />
    <Titulo />
    <SubTitulo />
    <Texto><![CDATA[<p> </p><p> A CHEFE SUBSTITUTA DA SEÇÃO OPERACIONAL DA GESTÃO DE PESSOAS DA GERÊNCIA EXECUTIVA DO INSTITUTO NACIONAL DO SEGURO SOCIAL, EM FEIRA DE SANTANA, NO ESTADO DA BAHIA, no uso das atribuições que lhe foram conferidas pelo Art. 235, inciso I, alínea "b'', do Regimento Interno do INSS, aprovado pela PT/MDS nº 414, de 28/09/2017, publicada no DOU - Edição Extra nº 188 - A, de 29/09/2017, Seção I, pág. 1/23, resolve:</p><p>Conceder aposentadoria voluntária integral ao servidor  JOSÉ ALVINO DE OLIVEIRA FILHO, matrícula 0758911, ocupante do cargo de Agente de Programas Assistenciais, nível intermediário (NI), classe S, padrão IV, do Quadro de Pessoal deste Instituto, com fundamento no artigo 3o, da Emenda Constitucional nº 47, de 05 de julho de 2005, observado o contido no Processo no. 35025.001703/2017-16, declarando, em consequência, o referido cargo vago.</p>]]></Texto>
    <Autores>
      <assina>CAROLINA SANTANA MACIEL</assina>
    </Autores>
  </body>
</article></xml>