﻿<xml><article id="966217" name="PORTARIA DE NOMEAÇÃO 29.12.2017 " idOficio="4626281" pubName="DO2" artType="Portaria" pubDate="02/01/2018" artClass="00011:00066:00000:00000:00000:00000:00000:00000:00000:00000:00025:00004" artSection="Ministério da Educação" artCategory="Instituto Federal de Educação, Ciência e Tecnologia do Maranhão" artSize="8" artNotes="" numberPage="24" pdfPage="http://pesquisa.in.gov.br/imprensa/jsp/visualiza/index.jsp?data=02/01/2018&amp;jornal=529&amp;pagina=24" editionNumber="1">
  <body>
    <Identifica><![CDATA[PORTARIA Nº 7.745, DE 28 DE DEZEMBRO DE 2017]]></Identifica>
    <Data><![CDATA[]]></Data>
    <Ementa />
    <Titulo />
    <SubTitulo />
    <Texto><![CDATA[<p>O PRÓ-REITOR DE ADMINISTRAÇÃO NO EXERCÍCIO DA REITORIA DO INSTITUTO FEDERAL DE EDUCAÇÃO, CIÊNCIA E TECNOLOGIA DO MARANHÃO, designado pela Portaria nº 7.514, de 15 de dezembro de 2017, no uso de suas atribuições legais; e, Considerando o disposto no Decreto nº 8.259, de 29 de maio de 2014, publicado no DOU de 30 de maio de 2014 e na Portaria Interministerial nº 161, de 21 de maio de 2014, DOU de 22 de maio de 2014, resolve:</p><p> Nomear em caráter efetivo no quadro de pessoal deste Instituto Federal de Educação, Ciência e Tecnologia do Maranhão, no CAMPUS BURITICUPU, nos termos do Art. 9º, Inciso I da Lei 8.112/90, de 11 de dezembro de 1990, RAIMUNDO TERCIO DOS SANTOS SILVA, habilitado, em concurso público, conforme Homologação do Resultado Final, Edital nº 03 de 13 de abril de 2017, publicado no DOU de 19 de abril de 2017, para exercer o cargo efetivo de TÉCNICO EM CONTABILIDADE, Nível de Classificação D, Nível de Capacitação I, Padrão de Vencimento 01, em regime de 40  (quarenta) horas semanais de trabalho, no código de vaga nº 0209194.</p><p>O PRÓ-REITOR DE ADMINISTRAÇÃO NO EXERCÍCIO DA REITORIA DO INSTITUTO FEDERAL DE EDUCAÇÃO, CIÊNCIA E TECNOLOGIA DO MARANHÃO, designado pela Portaria nº 7.514, de 15 de dezembro de 2017, no uso de suas atribuições legais; e, Considerando o disposto no Decreto nº 8.259, de 29 de maio de 2014, publicado no DOU de 30 de maio de 2014, Portaria nº 927 de 10 de Setembro de 2015 e DOU de 11 de Setembro de 2015 e na Portaria Interministerial nº 161, de 21 de maio de 2014, DOU de 22 de maio de 2014, resolve:</p><p> Nomear em caráter efetivo no quadro de pessoal deste Instituto Federal de Educação, Ciência e Tecnologia do Maranhão, no CAMPUS BARREIRINHAS, nos termos do Art. 9º, Inciso I da Lei 8.112/90, de 11 de dezembro de 1990, CONCEIÇÃO DE MARIA MACEDO, habilitada em concurso público, por Cotas Raciais, conforme Homologação do Resultado Final, Edital nº 06 de 25 de agosto de 2017, publicado no DOU de 29 de agosto de 2017, para exercer o cargo efetivo de AUXILIAR DE BIBLIOTECA, Nível de Classificação C, Nível de Capacitação I, Padrão de Vencimento 01, em regime de 40  (quarenta) horas semanais de trabalho, no código de vaga nº0961902. </p><p>O PRÓ-REITOR DE ADMINISTRAÇÃO NO EXERCÍCIO DA REITORIA DO INSTITUTO FEDERAL DE EDUCAÇÃO, CIÊNCIA E TECNOLOGIA DO MARANHÃO, designado pela Portaria nº 7.514, de 15 de dezembro de 2017, no uso de suas atribuições legais; e, Considerando o disposto no Decreto nº 8.259, de 29 de maio de 2014, publicado no DOU de 30 de maio de 2014, Portaria 1.476 de 20 de Dezembro de 2012 DOU de 21 de Dezembro de 2012 e na Portaria Interministerial nº 161, de 21 de maio de 2014, DOU de 22 de maio de 2014, resolve:</p><p> Nomear em caráter efetivo no quadro de pessoal deste Instituto Federal de Educação, Ciência e Tecnologia do Maranhão, no CAMPUS BARRA DO CORDA, nos termos do Art. 9º, Inciso I da Lei 8.112/90, de 11 de dezembro de 1990, VICTOR GABRIEL VAZ BATALHA DE SENA, habilitado em concurso público, conforme Homologação do Resultado Final, Edital nº 06 de 25 de agosto de 2017, publicado no DOU de 29 de agosto de 2017, para exercer o cargo efetivo de AUXILIAR EM ADMINISTRAÇÃO, Nível de Classificação C, Nível de Capacitação I, Padrão de Vencimento 01, em regime de 40  (quarenta) horas semanais de trabalho, no código de vaga nº0342769.</p>]]></Texto>
    <Autores>
      <assina>WASHINGTON LUÍS FERREIRA CONCEIÇÃO</assina>
      <assina>WASHINGTON LUÍS FERREIRA CONCEIÇÃO</assina>
      <assina>WASHINGTON LUÍS FERREIRA CONCEIÇÃO</assina>
    </Autores>
  </body>
</article></xml>