﻿<xml><article id="968079" name="LAUDA DOU 29-12-2017__144404" idOficio="4626113" pubName="DO2" artType="Portaria" pubDate="02/01/2018" artClass="00037:00054:00003:00000:00000:00000:00000:00000:00000:00000:00025:00001" artSection="Presidência" artCategory="Presidência" artSize="8" artNotes="" numberPage="144" pdfPage="http://pesquisa.in.gov.br/imprensa/jsp/visualiza/index.jsp?data=02/01/2018&amp;jornal=529&amp;pagina=144" editionNumber="1">
  <body>
    <Identifica><![CDATA[PORTARIA CPV nº 750, DE 14 DE NOVEMBRO DE 2017]]></Identifica>
    <Data><![CDATA[]]></Data>
    <Ementa />
    <Titulo />
    <SubTitulo />
    <Texto><![CDATA[<p> O DESEMBARGADOR PRESIDENTE DO TRIBUNAL REGIONAL DO TRABALHO DA 15ª REGIÃO, no uso de suas atribuições legais e regimentais, resolve:</p><p>Dispensar, a partir de 1º de janeiro de 2018, VERA LUCIA DE MELO, Servidora Pública da Prefeitura Municipal de Campinas, à disposição deste Tribunal, da função comissionada de Executante FC-01, na 10ª Vara do Trabalho da referida cidade, em virtude de retorno ao órgão de origem.</p><p> O DESEMBARGADOR PRESIDENTE DO TRIBUNAL REGIONAL DO TRABALHO DA 15ª REGIÃO, no uso de suas atribuições legais e regimentais, resolve:</p><p> Nº 861 - Designar, a partir da publicação desta portaria, ILNA LUCIA BERNARDES FERREIRA, Analista Judiciário, área Judiciária, do Quadro Permanente da Secretaria deste Tribunal, para ter exercício no Gabinete da Juíza Substituta Adriane da Silva Martins, dispensando-a da função comissionada de Assistente FC-02, na Vara do Trabalho de Itanhaém.</p><p> Nº  862 - Dispensar, a partir de 21 de dezembro de 2017, ROBERTA PAES SILVA, Servidora Pública da Prefeitura Municipal de Itanhaém, à disposição deste Tribunal, da função comissionada de Executante FC-01, na Vara do Trabalho da referida cidade, em virtude de retorno ao órgão de origem.</p>]]></Texto>
    <Autores>
      <assina>Fernando da Silva Borges</assina>
      <assina>Fernando da Silva Borges</assina>
    </Autores>
  </body>
</article></xml>