﻿<xml><article id="963975" name="Port N 25 - E1.3 CMP 17" idOficio="4625984" pubName="DO2" artType="Portaria" pubDate="02/01/2018" artClass="00010:00008:00011:00000:00000:00000:00000:00000:00000:00000:00025:00001" artSection="Comando Militar do Planalto" artCategory="Comando Militar do Planalto" artSize="8" artNotes="" numberPage="10" pdfPage="http://pesquisa.in.gov.br/imprensa/jsp/visualiza/index.jsp?data=02/01/2018&amp;jornal=529&amp;pagina=10" editionNumber="1">
  <body>
    <Identifica><![CDATA[PORTARIA Nº 25 - E1.3 CMP, DE 29 DE DEZEMBRO DE 2017]]></Identifica>
    <Data><![CDATA[]]></Data>
    <Ementa />
    <Titulo />
    <SubTitulo />
    <Texto><![CDATA[<p> O COMANDANTE MILITAR DO PLANALTO, no uso da competência que lhe foi conferida pela Portaria nº 218-Comandante do Exército, de 20 de março de 2017, resolve:</p><p>1 - EXONERAR ex officio, o Subtenente da Reserva Remunerada (Idt 013455852-7) MAURÍCIO DIAS PARANHOS, do 16º Batalhão Logístico (BRASÍLIA-DF), a partir de 1º de janeiro de 2018, de acordo com a letra a), do inciso II, do art. 11º, da Portaria nº 218-Cmt Ex, de 20 de março de 2017, de Prestador de Tarefa por Tempo Certo.</p><p> </p>]]></Texto>
    <Autores>
      <assina>Gen Div LUIZ CARLOS PEREIRA GOMES</assina>
    </Autores>
  </body>
</article></xml>