﻿<xml><article id="961882" name="PRFB5557a5763" idOficio="4624147" pubName="DO2" artType="Portaria" pubDate="02/01/2018" artClass="00012:00055:00000:00000:00000:00000:00000:00000:00000:00000:00025:00017" artSection="Ministério da Fazenda" artCategory="Secretaria da Receita Federal do Brasil" artSize="8" artNotes="" numberPage="83-84-85-86-93" pdfPage="http://pesquisa.in.gov.br/imprensa/jsp/visualiza/index.jsp?data=02/01/2018&amp;jornal=529&amp;pagina=83,http://pesquisa.in.gov.br/imprensa/jsp/visualiza/index.jsp?data=02/01/2018&amp;jornal=529&amp;pagina=84,http://pesquisa.in.gov.br/imprensa/jsp/visualiza/index.jsp?data=02/01/2018&amp;jornal=529&amp;pagina=85,http://pesquisa.in.gov.br/imprensa/jsp/visualiza/index.jsp?data=02/01/2018&amp;jornal=529&amp;pagina=86,http://pesquisa.in.gov.br/imprensa/jsp/visualiza/index.jsp?data=02/01/2018&amp;jornal=529&amp;pagina=93" editionNumber="1">
  <body>
    <Identifica><![CDATA[PORTARIAS DE 27 DE DEZEMBRO DE 2017]]></Identifica>
    <Data><![CDATA[]]></Data>
    <Ementa />
    <Titulo />
    <SubTitulo />
    <Texto><![CDATA[<p> O SECRETÁRIO DA RECEITA FEDERAL DO BRASIL, no uso das competências que lhe foram delegada e subdelegada, respectivamente, pelas Portarias MF nºs 392 e 393, de 14 de julho de 2009, alteradas pela Portaria MF nº 100, de 28 de março de 2017, resolve:</p><p>Nº 5.557 Dispensar, a partir de 01/01/2018,  o Auditor-Fiscal da Receita Federal do Brasil FRANCISCO ANTONIO RODRIGUES DE LIMA, matrícula SiapeCad nº 01134981, da Função Comissionada do Poder Executivo de Chefe da Divisão de Tecnologia da Informação - Ditec da Superintendência Regional da Receita Federal do Brasil da 7ª Região Fiscal (RJ), Código FCPE-101.2.</p><p>Nº 5.558 Dispensar, a partir de 01/01/2018,  o Auditor-Fiscal da Receita Federal do Brasil JOSE ANTONIO TRILLO CUNS, matrícula SiapeCad nº 00019364, do encargo de Substituto Eventual do Chefe da Divisão de Tecnologia da Informação - Ditec da Superintendência Regional da Receita Federal do Brasil da 7ª Região Fiscal (RJ), Código FCPE-101.2.</p><p>Nº 5.559 Dispensar, a partir de 01/01/2018,  o Auditor-Fiscal da Receita Federal do Brasil ARY FAULHABER DE ANDRADE FIGUEIRA, matrícula SiapeCad nº 00076227, da Função Comissionada do Poder Executivo de Chefe da Divisão de Repressão ao Contrabando e Descaminho - Direp da Superintendência Regional da Receita Federal do Brasil da 7ª Região Fiscal (RJ), Código FCPE-101.2.</p><p>Nº 5.560 Dispensar, a partir de 01/01/2018,  o Auditor-Fiscal da Receita Federal do Brasil CLAUDIO JOSE GOMES MAIO, matrícula SiapeCad nº 00076337, do encargo de Substituto Eventual do Chefe da Divisão de Repressão ao Contrabando e Descaminho - Direp da Superintendência Regional da Receita Federal do Brasil da 7ª Região Fiscal (RJ), Código FCPE-101.2.</p><p>Nº 5.561 Dispensar, a partir de 01/01/2018,  a Analista-Tributário da Receita Federal do Brasil MARIANA MARTINS DA COSTA, matrícula SiapeCad nº 01880203, da Função Comissionada do Poder Executivo de Chefe do Serviço de Gestão de Mercadorias Apreendidas - Semap da Superintendência Regional da Receita Federal do Brasil da 7ª Região Fiscal (RJ), Código FCPE-101.1.</p><p>Nº 5.562 Dispensar, a partir de 01/01/2018,  o Auditor-Fiscal da Receita Federal do Brasil ALVARO DA ROCHA ANTUNES, matrícula SiapeCad nº 00877565, da Função Gratificada de Chefe da Equipe de Repressão Aduaneira - ERA/1 da Superintendência Regional da Receita Federal do Brasil da 7ª Região Fiscal (RJ), Código FG-1.</p><p>Nº 5.563 Dispensar, a partir de 01/01/2018,  o Auditor-Fiscal da Receita Federal do Brasil CLAUDIO JOSE GOMES MAIO, matrícula SiapeCad nº 00076337, da Função Gratificada de Chefe da Equipe de Repressão Aduaneira - ERA/2 da Superintendência Regional da Receita Federal do Brasil da 7ª Região Fiscal (RJ), Código FG-1.</p><p>Nº 5.564 Dispensar, a partir de 01/01/2018,  o Auditor-Fiscal da Receita Federal do Brasil LINCOLN LOPES DE ALBUQUERQUE, matrícula SiapeCad nº 00879983, da Função Gratificada de Chefe da Equipe de Repressão Aduaneira - ERA/3 da Superintendência Regional da Receita Federal do Brasil da 7ª Região Fiscal (RJ), Código FG-1.</p><p>Nº 5.565 Dispensar, a partir de 01/01/2018,  o Auditor-Fiscal da Receita Federal do Brasil MARCO AURELIO DA SILVA CANAL, matrícula SiapeCad nº 00059205, da Função Gratificada de Chefe da Equipe de Fiscalização - EFI da Superintendência Regional da Receita Federal do Brasil da 7ª Região Fiscal (RJ), Código FG-1.</p><p>Nº 5.566 Dispensar, a partir de 01/01/2018,  a Auditora-Fiscal da Receita Federal do Brasil SONIA MARIA BINDES DE CAMPOS PEREIRA, matrícula SiapeCad nº 00879311, da Função Gratificada de Chefe da Equipe de Gestão de Pessoas - EGP da Superintendência Regional da Receita Federal do Brasil da 7ª Região Fiscal (RJ), Código FG-1.</p><p>Nº 5.567 Dispensar, a partir de 01/01/2018,  a Analista-Tributário da Receita Federal do Brasil ANA PAULA POMPEU OAIGEN TOLFO, matrícula SiapeCad nº 01294819, da Função Gratificada de Chefe da Equipe de Logística - ELG da Superintendência Regional da Receita Federal do Brasil da 7ª Região Fiscal (RJ), Código FG-1.</p><p>Nº 5.568 Dispensar, a partir de 01/01/2018,  o Auditor-Fiscal da Receita Federal do Brasil JOSE ANTONIO TRILLO CUNS, matrícula SiapeCad nº 00019364, da Função Gratificada de Chefe da Equipe de Tecnologia da Informação - ETI da Superintendência Regional da Receita Federal do Brasil da 7ª Região Fiscal (RJ), Código FG-1.</p><p>Nº 5.569 Dispensar, a partir de 01/01/2018,  o Auditor-Fiscal da Receita Federal do Brasil CARLOS AUGUSTO SIMOES DA FONSECA, matrícula SiapeCad nº 00020207, da Função Gratificada de Assistente da Superintendência Regional da Receita Federal do Brasil da 7ª Região Fiscal (RJ), Código FG-1.</p><p>Nº 5.570 Dispensar, a partir de 01/01/2018,  a Analista-Tributário da Receita Federal do Brasil ANA CLAUDIA CALOMENI MOREIRA, matrícula SiapeCad nº 00020381, da Função Gratificada de Assistente da Superintendência Regional da Receita Federal do Brasil da 7ª Região Fiscal (RJ), Código FG-1.</p><p>Nº 5.571 Dispensar, a partir de 01/01/2018,  o Agente Administrativo JORGE TEIXEIRA DA LUZ PINTO, matrícula SiapeCad nº 00003083, da Função Gratificada de Assistente da Superintendência Regional da Receita Federal do Brasil da 7ª Região Fiscal (RJ), Código FG-3.</p><p>Nº 5.572 Dispensar, a partir de 01/01/2018,  o Assistente Técnico-Administrativo ALEXANDRE GONCALVES MADEIRA, matrícula SiapeCad nº 01490920, da Função Gratificada de Assistente da Superintendência Regional da Receita Federal do Brasil da 7ª Região Fiscal (RJ), Código FG-3.</p><p>Nº 5.573 Dispensar, a partir de 01/01/2018,  a Auditora-Fiscal da Receita Federal do Brasil CRISTINA DANTAS GODART, matrícula SiapeCad nº 00880655, da Função Gratificada de Assistente da Superintendência Regional da Receita Federal do Brasil da 7ª Região Fiscal (RJ), Código FG-3.</p><p>Nº 5.574 Dispensar, a partir de 01/01/2018,  a Agente Administrativo MONICA DURAES ACCIOLY, matrícula SiapeCad nº 00018758, da Função Gratificada de Assistente da Superintendência Regional da Receita Federal do Brasil da 7ª Região Fiscal (RJ), Código FG-3.</p><p>Nº 5.575 Dispensar, a partir de 01/01/2018,  o Analista-Tributário da Receita Federal do Brasil MARCIO MOREIRA DE OLIVEIRA, matrícula SiapeCad nº 00021736, da Função Comissionada do Poder Executivo de Chefe do Serviço de Tecnologia da Informação - Setec da Delegacia da Receita Federal do Brasil em Niteroi (RJ), Código FCPE-101.1.</p><p>Nº 5.576 Dispensar, a partir de 01/01/2018,  o Analista-Tributário da Receita Federal do Brasil ALEXANDRE ABREU, matrícula SiapeCad nº 00068603, do encargo de Substituto Eventual do Chefe do Serviço de Tecnologia da Informação - Setec da Delegacia da Receita Federal do Brasil em Niteroi (RJ), Código FCPE-101.1.</p><p>Nº 5.577 Dispensar, a partir de 01/01/2018,  o Auditor-Fiscal da Receita Federal do Brasil EDUARDO COULAMY, matrícula SiapeCad nº 00020503, da Função Gratificada de Chefe da Seção de Programação, Avaliação e Controle da Atividade Fiscal - Sapac da Delegacia da Receita Federal do Brasil em Niteroi (RJ), Código FG-1.</p><p>Nº 5.578 Dispensar, a partir de 01/01/2018,  o Auditor-Fiscal da Receita Federal do Brasil BRENO SANTOS JUNQUEIRA CARDOZO, matrícula SiapeCad nº 00076086, da Função Gratificada de Chefe da Equipe Aduaneira - EAD/1 da Delegacia da Receita Federal do Brasil em Niteroi (RJ), Código FG-2.</p><p>Nº 5.579 Dispensar, a partir de 01/01/2018,  o Datilógrafo MOYSES MASCARENHAS DE CARVALHO, matrícula SiapeCad nº 00847081, da Função Gratificada de Chefe da Equipe de Atendimento ao Contribuinte - EAT/2 da Agência da Receita Federal do Brasil em Sao Goncalo (RJ), jurisdição da Delegacia da Receita Federal do Brasil em Niteroi (RJ), Código FG-2.</p><p>Nº 5.580 Dispensar, a partir de 01/01/2018,  a Técnico do Seguro Social CLAUDIA DOS SANTOS RIBEIRO, matrícula SiapeCad nº 00845592, da Função Gratificada de Chefe da Equipe de Atendimento ao Contribuinte - EAT/2 da Agência da Receita Federal do Brasil em Cabo Frio (RJ), jurisdição da Delegacia da Receita Federal do Brasil em Niteroi (RJ), Código FG-2.</p><p>Nº 5.581 Dispensar, a partir de 01/01/2018,  o Analista-Tributário da Receita Federal do Brasil CELSO LUIZ GONCALVES RODRIGUES, matrícula SiapeCad nº 01292535, da Função Comissionada do Poder Executivo de Chefe do Serviço de Tecnologia da Informação - Setec da Delegacia da Receita Federal do Brasil em Nova Iguacu (RJ), Código FCPE-101.1.</p><p>Nº 5.582 Dispensar, a partir de 01/01/2018,  o Analista-Tributário da Receita Federal do Brasil PAULO CELIO ROSA DE ARAUJO, matrícula SiapeCad nº 00847344, do encargo de Substituto Eventual do Chefe do Serviço de Tecnologia da Informação - Setec da Delegacia da Receita Federal do Brasil em Nova Iguacu (RJ), Código FCPE-101.1.</p><p>Nº 5.583 Dispensar, a partir de 01/01/2018,  o Auditor-Fiscal da Receita Federal do Brasil JORCELEY DE MORAES FILHO, matrícula SiapeCad nº 00063898, da Função Gratificada de Chefe da Seção de Programação, Avaliação e Controle da Atividade Fiscal - Sapac da Delegacia da Receita Federal do Brasil em Nova Iguacu (RJ), Código FG-1.</p><p>Nº 5.584 Dispensar, a partir de 01/01/2018,  o Técnico do Seguro Social EDUARDO PECLAT BORGES, matrícula SiapeCad nº 00844167, da Função Gratificada de Chefe da Equipe de Atendimento ao Contribuinte - EAT/2 da Agência da Receita Federal do Brasil em Duque de Caxias (RJ), jurisdição da Delegacia da Receita Federal do Brasil em Nova Iguacu (RJ), Código FG-2.</p><p>Nº 5.585 Dispensar, a partir de 01/01/2018,  a Analista-Tributário da Receita Federal do Brasil ANNA CHRISTINA EGYPTO MACEDO, matrícula SiapeCad nº 00066027, da Função Comissionada do Poder Executivo de Agente da Receita Federal do Brasil em Teresopolis (RJ), jurisdição da Delegacia da Receita Federal do Brasil em Nova Iguacu (RJ), Código FCPE-101.1.</p><p>Nº 5.586 Dispensar, a partir de 01/01/2018,  o Analista-Tributário da Receita Federal do Brasil MARCOS VENICIO FERREIRA GUIMARAES, matrícula SiapeCad nº 00057369, do encargo de Substituto Eventual do Agente da Receita Federal do Brasil em Teresopolis (RJ), jurisdição da Delegacia da Receita Federal do Brasil em Nova Iguacu (RJ), Código FCPE-101.1.</p><p>Nº 5.587 Dispensar, a partir de 01/01/2018,  o Técnico de Contabilidade CARLOS ALBERTO DE FREITAS RODRIGUES, matrícula SiapeCad nº 00809812, da Função Gratificada de Chefe da Equipe de Atendimento ao Contribuinte - EAT/1 da Agência da Receita Federal do Brasil em Teresopolis (RJ), jurisdição da Delegacia da Receita Federal do Brasil em Nova Iguacu (RJ), Código FG-2.</p><p>Nº 5.588 Dispensar, a partir de 01/01/2018,  o Analista-Tributário da Receita Federal do Brasil MARCOS VENICIO FERREIRA GUIMARAES, matrícula SiapeCad nº 00057369, da Função Gratificada de Chefe da Equipe de Atendimento ao Contribuinte - EAT/2 da Agência da Receita Federal do Brasil em Teresopolis (RJ), jurisdição da Delegacia da Receita Federal do Brasil em Nova Iguacu (RJ), Código FG-2.</p><p>Nº 5.589 Dispensar, a partir de 01/01/2018,  o Analista-Tributário da Receita Federal do Brasil LUIZ GUSTAVO JOTTA MARTINS DE SOUZA, matrícula SiapeCad nº 01302946, da Função Gratificada de Chefe da Equipe de Atendimento ao Contribuinte - EAT da Agência da Receita Federal do Brasil em Itaguai (RJ), jurisdição da Delegacia da Receita Federal do Brasil em Nova Iguacu (RJ), Código FG-3.</p><p>Nº 5.590 Dispensar, a partir de 01/01/2018,  o Técnico do Seguro Social LUIZ ANTONIO DOS SANTOS NOGUEIRA, matrícula SiapeCad nº 00845605, da Função Gratificada de Chefe da Equipe de Atendimento ao Contribuinte - EAT da Agência da Receita Federal do Brasil em Três Rios (RJ), jurisdição da Delegacia da Receita Federal do Brasil em Nova Iguacu (RJ), Código FG-3.</p><p>Nº 5.591 Dispensar, a partir de 01/01/2018,  o Analista-Tributário da Receita Federal do Brasil FRANCISCO GOMES DOS SANTOS, matrícula SiapeCad nº 00012479, da Função Gratificada de Chefe da Seção de Tecnologia da Informação - Satec da Delegacia da Receita Federal do Brasil em Campos dos Goytacazes (RJ), Código FG-1.</p><p>Nº 5.592 Dispensar, a partir de 01/01/2018,  o Analista-Tributário da Receita Federal do Brasil WILLIAN ANDRADE RODRIGUES, matrícula SiapeCad nº 00057481, da Função Gratificada de Chefe da Equipe de Atendimento ao Contribuinte - EAT da Agência da Receita Federal do Brasil em Santo Antonio de Padua (RJ), jurisdição da Delegacia da Receita Federal do Brasil em Campos dos Goytacazes (RJ), Código FG-3.</p><p>Nº 5.593 Dispensar, a partir de 01/01/2018,  o Analista-Tributário da Receita Federal do Brasil LEANDRO FONSECA MONFARDINI, matrícula SiapeCad nº 00068654, da Função Gratificada de Chefe da Seção de Tecnologia da Informação - Satec da Delegacia da Receita Federal do Brasil em Volta Redonda (RJ), Código FG-1.</p><p>Nº 5.594 Dispensar, a partir de 01/01/2018,  o Analista-Tributário da Receita Federal do Brasil BERNARDO GIORI AMBROSIO, matrícula SiapeCad nº 01410547, da Função Gratificada de Chefe da Equipe de Atendimento ao Contribuinte - EAT da Agência da Receita Federal do Brasil em Barra do Pirai (RJ), jurisdição da Delegacia da Receita Federal do Brasil em Volta Redonda (RJ), Código FG-3.</p><p>Nº 5.595 Dispensar, a partir de 01/01/2018,  a Técnico do Seguro Social ROSANA DA COSTA WAESS, matrícula SiapeCad nº 00835916, da Função Gratificada de Chefe da Equipe de Atendimento ao Contribuinte - EAT da Agência da Receita Federal do Brasil em Angra dos Reis (RJ), jurisdição da Delegacia da Receita Federal do Brasil em Volta Redonda (RJ), Código FG-3.</p><p>Nº 5.596 Dispensar, a partir de 01/01/2018,  a Auditora-Fiscal da Receita Federal do Brasil LAURA TEREZA DE ALMEIDA RAUPP, matrícula SiapeCad nº 00016502, da Função Comissionada do Poder Executivo de Chefe da Divisão de Programação, Avaliação e Controle da Atividade Fiscal - Dipac da Delegacia da Receita Federal do Brasil em Rio de Janeiro I (RJ), Código FCPE-101.2.</p><p>Nº 5.597 Dispensar, a partir de 01/01/2018,  o Auditor-Fiscal da Receita Federal do Brasil BRENO LICHT, matrícula SiapeCad nº 00065391, do encargo de Substituto Eventual do Chefe da Divisão de Programação, Avaliação e Controle da Atividade Fiscal - Dipac da Delegacia da Receita Federal do Brasil em Rio de Janeiro I (RJ), Código FCPE-101.2.</p><p>Nº 5.598 Dispensar, a partir de 01/01/2018,  o Agente Administrativo VALTAIR GUSMAO DA SILVA, matrícula SiapeCad nº 00016975, da Função Comissionada do Poder Executivo de Chefe do Serviço de Gestão Corporativa - Segec da Delegacia da Receita Federal do Brasil em Rio de Janeiro I (RJ), Código FCPE-101.1.</p><p>Nº 5.599 Dispensar, a partir de 01/01/2018,  o Agente Administrativo ADENILSON JOVENCIO DE SOUZA, matrícula SiapeCad nº 00015287, do encargo de Substituto Eventual do Chefe do Serviço de Gestão Corporativa - Segec da Delegacia da Receita Federal do Brasil em Rio de Janeiro I (RJ), Código FCPE-101.1.</p><p>Nº 5.600 Dispensar, a partir de 01/01/2018,  a Agente Administrativo MARCIA REGINA ALMEIDA AMOROSO, matrícula SiapeCad nº 00059061, da Função Gratificada de Chefe da Seção de Gestão de Pessoas - Sagep da Delegacia da Receita Federal do Brasil em Rio de Janeiro I (RJ), Código FG-1.</p><p>Nº 5.601 Dispensar, a partir de 01/01/2018,  o Analista-Tributário da Receita Federal do Brasil ALEXANDRE LACERDA PEDRAZZI, matrícula SiapeCad nº 01344595, da Função Gratificada de Chefe da Seção de Programação e Logística - Sapol da Delegacia da Receita Federal do Brasil em Rio de Janeiro I (RJ), Código FG-1.</p><p>Nº 5.602 Dispensar, a partir de 01/01/2018,  o Analista-Tributário da Receita Federal do Brasil LUIZ ANTONIO PERALTA BAPTISTA, matrícula SiapeCad nº 00016203, da Função Gratificada de Chefe da Seção de Tecnologia da Informação - Satec da Delegacia da Receita Federal do Brasil em Rio de Janeiro I (RJ), Código FG-1.</p><p>Nº 5.603 Dispensar, a partir de 01/01/2018,  a Analista-Tributário da Receita Federal do Brasil MARCELHA DE PADUA SCOTTON, matrícula SiapeCad nº 01589709, da Função Gratificada de Chefe da Equipe de Arrecadação e Cobrança - EAC/9 da Delegacia da Receita Federal do Brasil em Rio de Janeiro I (RJ), Código FG-1.</p><p>Nº 5.604 Dispensar, a partir de 01/01/2018,  o Agente Administrativo ADENILSON JOVENCIO DE SOUZA, matrícula SiapeCad nº 00015287, da Função Gratificada de Chefe da Equipe de Arrecadação e Cobrança - EAC/20 da Delegacia da Receita Federal do Brasil em Rio de Janeiro I (RJ), Código FG-1.</p><p>Nº 5.605 Dispensar, a partir de 01/01/2018,  a Auditora-Fiscal da Receita Federal do Brasil ELZA DE OLIVEIRA SOUZA, matrícula SiapeCad nº 00013656, da Função Comissionada do Poder Executivo de Chefe da Equipe de Fiscalização - EFI/4 da Delegacia da Receita Federal do Brasil em Rio de Janeiro I (RJ), Código FCPE-101.1.</p><p>Nº 5.606 Dispensar, a partir de 01/01/2018,  o Auditor-Fiscal da Receita Federal do Brasil ELIO RIBEIRO DA SILVA FILHO, matrícula SiapeCad nº 00028256, da Função Comissionada do Poder Executivo de Chefe da Equipe de Fiscalização - EFI/5 da Delegacia da Receita Federal do Brasil em Rio de Janeiro I (RJ), Código FCPE-101.1.</p><p>Nº 5.607 Dispensar, a partir de 01/01/2018,  o Auditor-Fiscal da Receita Federal do Brasil LEONARDO LEAO GANEM, matrícula SiapeCad nº 00064833, do encargo de Substituto Eventual do Chefe da Equipe de Fiscalização - EFI/5 da Delegacia da Receita Federal do Brasil em Rio de Janeiro I (RJ), Código FCPE-101.1.</p><p>Nº 5.608 Dispensar, a partir de 01/01/2018,  o Auditor-Fiscal da Receita Federal do Brasil MARCIO ALEXANDRE DA SILVA VELOSO, matrícula SiapeCad nº 01169470, da Função Comissionada do Poder Executivo de Chefe da Equipe de Fiscalização - EFI/6 da Delegacia da Receita Federal do Brasil em Rio de Janeiro I (RJ), Código FCPE-101.1.</p><p>Nº 5.609 Dispensar, a partir de 01/01/2018,  o Auditor-Fiscal da Receita Federal do Brasil LEONARDO AMARAL DA SILVA SANT ANNA, matrícula SiapeCad nº 01171406, do encargo de Substituto Eventual do Chefe da Equipe de Fiscalização - EFI/6 da Delegacia da Receita Federal do Brasil em Rio de Janeiro I (RJ), Código FCPE-101.1.</p><p>Nº 5.610 Dispensar, a partir de 01/01/2018,  a Auditora-Fiscal da Receita Federal do Brasil MONICA DE SOUZA GARCIA, matrícula SiapeCad nº 00880675, da Função Comissionada do Poder Executivo de Chefe da Equipe de Fiscalização - EFI/7 da Delegacia da Receita Federal do Brasil em Rio de Janeiro I (RJ), Código FCPE-101.1.</p><p>Nº 5.611 Dispensar, a partir de 01/01/2018,  o Auditor-Fiscal da Receita Federal do Brasil JOSE APARECIDO ROSA, matrícula SiapeCad nº 00038759, da Função Comissionada do Poder Executivo de Chefe da Equipe de Fiscalização - EFI/8 da Delegacia da Receita Federal do Brasil em Rio de Janeiro I (RJ), Código FCPE-101.1.</p><p>Nº 5.612 Dispensar, a partir de 01/01/2018,  o Auditor-Fiscal da Receita Federal do Brasil RICARDO DA SILVA ALVES FILHO, matrícula SiapeCad nº 00056785, do encargo de Substituto Eventual do Chefe da Equipe de Fiscalização - EFI/8 da Delegacia da Receita Federal do Brasil em Rio de Janeiro I (RJ), Código FCPE-101.1.</p><p>Nº 5.613 Dispensar, a partir de 01/01/2018,  o Auditor-Fiscal da Receita Federal do Brasil ANTONIO PEDRO PEREZ ALVES DE FARIA, matrícula SiapeCad nº 00017745, da Função Comissionada do Poder Executivo de Chefe da Equipe de Fiscalização - EFI/9 da Delegacia da Receita Federal do Brasil em Rio de Janeiro I (RJ), Código FCPE-101.1.</p><p>Nº 5.614 Dispensar, a partir de 01/01/2018,  a Auditora-Fiscal da Receita Federal do Brasil PAULA DANIELLE HARTUNG DE AZEVEDO SANT ANNA, matrícula SiapeCad nº 00001954, do encargo de Substituto Eventual do Chefe da Equipe de Fiscalização - EFI/9 da Delegacia da Receita Federal do Brasil em Rio de Janeiro I (RJ), Código FCPE-101.1.</p><p>Nº 5.615 Dispensar, a partir de 01/01/2018,  o Auditor-Fiscal da Receita Federal do Brasil LEONIDAS PEREIRA QUARESMA, matrícula SiapeCad nº 00019223, da Função Comissionada do Poder Executivo de Chefe da Equipe de Fiscalização - EFI/10 da Delegacia da Receita Federal do Brasil em Rio de Janeiro I (RJ), Código FCPE-101.1.</p><p>Nº 5.616 Dispensar, a partir de 01/01/2018,  a Auditora-Fiscal da Receita Federal do Brasil CARLA MARIA SANTOS DE CARVALHO, matrícula SiapeCad nº 00076416, do encargo de Substituto Eventual do Chefe da Equipe de Fiscalização - EFI/10 da Delegacia da Receita Federal do Brasil em Rio de Janeiro I (RJ), Código FCPE-101.1.</p><p>Nº 5.617 Dispensar, a partir de 01/01/2018,  o Auditor-Fiscal da Receita Federal do Brasil ROBERTO GOTTSCHALL FERREIRA DA SILVA, matrícula SiapeCad nº 00881014, da Função Comissionada do Poder Executivo de Chefe da Equipe de Fiscalização - EFI/11 da Delegacia da Receita Federal do Brasil em Rio de Janeiro I (RJ), Código FCPE-101.1.</p><p>Nº 5.618 Dispensar, a partir de 01/01/2018,  a Auditora-Fiscal da Receita Federal do Brasil MARIA AUXILIADORA CASTRO SILVA, matrícula SiapeCad nº 00879640, do encargo de Substituto Eventual do Chefe da Equipe de Fiscalização - EFI/11 da Delegacia da Receita Federal do Brasil em Rio de Janeiro I (RJ), Código FCPE-101.1.</p><p>Nº 5.619 Dispensar, a partir de 01/01/2018,  o Analista-Tributário da Receita Federal do Brasil RODRIGO LUIZ CERQUEIRA PEREIRA, matrícula SiapeCad nº 01292569, da Função Gratificada de Chefe da Equipe de Fiscalização - EFI/13 da Delegacia da Receita Federal do Brasil em Rio de Janeiro I (RJ), Código FG-1.</p><p>Nº 5.620 Dispensar, a partir de 01/01/2018,  o Analista-Tributário da Receita Federal do Brasil ALTAMIRO SILVEIRA, matrícula SiapeCad nº 00014909, da Função Gratificada de Chefe da Equipe de Fiscalização - EFI/16 da Delegacia da Receita Federal do Brasil em Rio de Janeiro I (RJ), Código FG-1.</p><p>Nº 5.621 Dispensar, a partir de 01/01/2018,  o Auditor-Fiscal da Receita Federal do Brasil DANIEL MONTEIRO GENTIL, matrícula SiapeCad nº 01131498, da Função Comissionada do Poder Executivo de Chefe da Divisão de Programação, Avaliação e Controle da Atividade Fiscal - Dipac da Delegacia da Receita Federal do Brasil em Rio de Janeiro II (RJ), Código FCPE-101.2.</p><p>Nº 5.622 Dispensar, a partir de 01/01/2018,  a Auditora-Fiscal da Receita Federal do Brasil ELIANE MOREIRA BRIGIDO, matrícula SiapeCad nº 00076250, do encargo de Substituto Eventual do Chefe da Divisão de Programação, Avaliação e Controle da Atividade Fiscal - Dipac da Delegacia da Receita Federal do Brasil em Rio de Janeiro II (RJ), Código FCPE-101.2.</p><p>Nº 5.623 Dispensar, a partir de 01/01/2018,  a Analista-Tributário da Receita Federal do Brasil BIANCA MATTOS FERREIRA DE CAZAES, matrícula SiapeCad nº 01294479, da Função Comissionada do Poder Executivo de Chefe do Serviço de Gestão Corporativa - Segec da Delegacia da Receita Federal do Brasil em Rio de Janeiro II (RJ), Código FCPE-101.1.</p><p>Nº 5.624 Dispensar, a partir de 01/01/2018,  o Agente Administrativo MANOEL ANTONIO LIMA PEREIRA, matrícula SiapeCad nº 00011619, da Função Gratificada de Chefe da Seção de Gestão de Pessoas - Sagep da Delegacia da Receita Federal do Brasil em Rio de Janeiro II (RJ), Código FG-1.</p><p>Nº 5.625 Dispensar, a partir de 01/01/2018,  o Analista-Tributário da Receita Federal do Brasil NELSON LUIS DE SOUZA TYMCHAK, matrícula SiapeCad nº 00065120, da Função Gratificada de Chefe da Seção de Programação e Logística - Sapol da Delegacia da Receita Federal do Brasil em Rio de Janeiro II (RJ), Código FG-1.</p><p>Nº 5.626 Dispensar, a partir de 01/01/2018,  a Analista-Tributário da Receita Federal do Brasil JULIANA SILVA GARCIA SANTOS, matrícula SiapeCad nº 00087808, da Função Gratificada de Chefe da Seção de Tecnologia da Informação - Satec da Delegacia da Receita Federal do Brasil em Rio de Janeiro II (RJ), Código FG-1.</p><p>Nº 5.627 Dispensar, a partir de 01/01/2018,  o Auditor-Fiscal da Receita Federal do Brasil JORGE ALBERTO DOS SANTOS, matrícula SiapeCad nº 01170099, da Função Comissionada do Poder Executivo de Chefe da Equipe de Fiscalização - EFI/8 da Delegacia da Receita Federal do Brasil em Rio de Janeiro II (RJ), Código FCPE-101.1.</p><p>Nº 5.628 Dispensar, a partir de 01/01/2018,  o Auditor-Fiscal da Receita Federal do Brasil BRUNO CESAR SILVA DE LACERDA, matrícula SiapeCad nº 01291965, do encargo de Substituto Eventual do Chefe da Equipe de Fiscalização - EFI/8 da Delegacia da Receita Federal do Brasil em Rio de Janeiro II (RJ), Código FCPE-101.1.</p><p>Nº 5.629 Dispensar, a partir de 01/01/2018,  o Auditor-Fiscal da Receita Federal do Brasil MARCO AURELIO NORA FORMEL, matrícula SiapeCad nº 00060447, da Função Gratificada de Chefe da Equipe de Fiscalização - EFI/11 da Delegacia da Receita Federal do Brasil em Rio de Janeiro II (RJ), Código FG-1.</p><p>Nº 5.630 Dispensar, a partir de 01/01/2018,  a Analista-Tributário da Receita Federal do Brasil DANIELE GONCALVES LEOPOLDO, matrícula SiapeCad nº 01570115, da Função Gratificada de Chefe da Seção de Tecnologia da Informação e Logística - Satel da Delegacia da Receita Federal do Brasil em Macaé (RJ), Código FG-1.</p><p>Nº 5.631 Dispensar, a partir de 01/01/2018,  a Auditora-Fiscal da Receita Federal do Brasil CLAUDIA NASSARO LAUDE, matrícula SiapeCad nº 01220568, da Função Gratificada de Chefe da Equipe Aduaneira - EAD/1 da Delegacia da Receita Federal do Brasil em Macaé (RJ), Código FG-2.</p><p>Nº 5.632 Dispensar, a partir de 01/01/2018,  o Auditor-Fiscal da Receita Federal do Brasil OTAVIO LAUDE, matrícula SiapeCad nº 00065101, da Função Gratificada de Chefe da Equipe Aduaneira - EAD/2 da Delegacia da Receita Federal do Brasil em Macaé (RJ), Código FG-2.</p><p>Nº 5.633 Dispensar, a partir de 01/01/2018,  o Auditor-Fiscal da Receita Federal do Brasil CARLOS ALBERTO LUIZ DE MOURA, matrícula SiapeCad nº 01154845, da Função Gratificada de Chefe da Equipe Aduaneira - EAD/3 da Delegacia da Receita Federal do Brasil em Macaé (RJ), Código FG-3.</p><p>Nº 5.634 Exonerar, a partir de 01/01/2018, o Auditor-Fiscal da Receita Federal do Brasil PAULO ROBERTO XIMENES PEDROSA, matrícula SiapeCad nº 00057381, do cargo em comissão de Inspetor-Chefe da Receita Federal do Brasil em Rio de Janeiro (RJ), Código DAS-101.3.</p><p>Nº 5.635 Dispensar, a partir de 01/01/2018,  o Auditor-Fiscal da Receita Federal do Brasil RUY AFONSO LOPES SALDANHA, matrícula SiapeCad nº 00018872, do encargo de Substituto Eventual do Inspetor-Chefe da Receita Federal do Brasil em Rio de Janeiro (RJ), Código DAS-101.3.</p><p>Nº 5.636 Dispensar, a partir de 01/01/2018,  o Auditor-Fiscal da Receita Federal do Brasil RUY AFONSO LOPES SALDANHA, matrícula SiapeCad nº 00018872, da Função Comissionada do Poder Executivo de Inspetor-Chefe Adjunto da Receita Federal do Brasil em Rio de Janeiro (RJ), Código FCPE-101.2.</p><p>Nº 5.637 Dispensar, a partir de 01/01/2018,  o Auditor-Fiscal da Receita Federal do Brasil ROBERTO AHOUAGI AZEVEDO, matrícula SiapeCad nº 00057077, da Função Comissionada do Poder Executivo de Chefe do Serviço de Pesquisa e Seleção Aduaneira - Sepel da Inspetoria da Receita Federal do Brasil em Rio de Janeiro (RJ), Código FCPE-101.1.</p><p>Nº 5.638 Dispensar, a partir de 01/01/2018,  o Auditor-Fiscal da Receita Federal do Brasil RODRIGO TEIXEIRA LUZ, matrícula SiapeCad nº 00022435, do encargo de Substituto Eventual do Chefe do Serviço de Pesquisa e Seleção Aduaneira - Sepel da Inspetoria da Receita Federal do Brasil em Rio de Janeiro (RJ), Código FCPE-101.1.</p><p>Nº 5.639 Dispensar, a partir de 01/01/2018,  o Agente Administrativo RICARDO MANOEL DA SILVA, matrícula SiapeCad nº 00017972, da Função Comissionada do Poder Executivo de Chefe do Serviço de Programação e Logística - Sepol da Inspetoria da Receita Federal do Brasil em Rio de Janeiro (RJ), Código FCPE-101.1.</p><p>Nº 5.640 Dispensar, a partir de 01/01/2018,  o Administrador SERGIO CEZAR DE ALCANTARA, matrícula SiapeCad nº 00013150, do encargo de Substituto Eventual do Chefe do Serviço de Programação e Logística - Sepol da Inspetoria da Receita Federal do Brasil em Rio de Janeiro (RJ), Código FCPE-101.1.</p><p>Nº 5.641 Dispensar, a partir de 01/01/2018,  o Auditor-Fiscal da Receita Federal do Brasil ROBSON DO COUTO ALVES, matrícula SiapeCad nº 00028179, da Função Comissionada do Poder Executivo de Chefe do Serviço de Fiscalização Aduaneira - Sefia/1 da Inspetoria da Receita Federal do Brasil em Rio de Janeiro (RJ), Código FCPE-101.1.</p><p>Nº 5.642 Dispensar, a partir de 01/01/2018,  o Auditor-Fiscal da Receita Federal do Brasil EDUARDO CAMARA MOTTA CRUZ, matrícula SiapeCad nº 00056756, do encargo de Substituto Eventual do Chefe do Serviço de Fiscalização Aduaneira - Sefia/1 da Inspetoria da Receita Federal do Brasil em Rio de Janeiro (RJ), Código FCPE-101.1.</p><p>Nº 5.643 Dispensar, a partir de 01/01/2018,  o Auditor-Fiscal da Receita Federal do Brasil RICARDO TRAVESEDO NETO, matrícula SiapeCad nº 00065547, da Função Comissionada do Poder Executivo de Chefe do Serviço de Fiscalização Aduaneira - Sefia/2 da Inspetoria da Receita Federal do Brasil em Rio de Janeiro (RJ), Código FCPE-101.1.</p><p>Nº 5.644 Dispensar, a partir de 01/01/2018,  o Auditor-Fiscal da Receita Federal do Brasil ANTONIO CARLOS DE FREITAS GONCALVES, matrícula SiapeCad nº 00019855, do encargo de Substituto Eventual do Chefe do Serviço de Fiscalização Aduaneira - Sefia/2 da Inspetoria da Receita Federal do Brasil em Rio de Janeiro (RJ), Código FCPE-101.1.</p><p>Nº 5.645 Dispensar, a partir de 01/01/2018,  o Auditor-Fiscal da Receita Federal do Brasil NILO VEIGA ROLIM, matrícula SiapeCad nº 00065508, da Função Comissionada do Poder Executivo de Chefe do Serviço de Fiscalização Aduaneira - Sefia/3 da Inspetoria da Receita Federal do Brasil em Rio de Janeiro (RJ), Código FCPE-101.1.</p><p>Nº 5.646 Dispensar, a partir de 01/01/2018,  o Auditor-Fiscal da Receita Federal do Brasil RENATO MARTINS DO VALLE, matrícula SiapeCad nº 00019659, do encargo de Substituto Eventual do Chefe do Serviço de Fiscalização Aduaneira - Sefia/3 da Inspetoria da Receita Federal do Brasil em Rio de Janeiro (RJ), Código FCPE-101.1.</p><p>Nº 5.647 Dispensar, a partir de 01/01/2018,  o Auditor-Fiscal da Receita Federal do Brasil BERNARDO DE CAMPOS MACHADO, matrícula SiapeCad nº 01169316, da Função Comissionada do Poder Executivo de Chefe do Serviço de Orientação e Análise Tributária - Seort da Inspetoria da Receita Federal do Brasil em Rio de Janeiro (RJ), Código FCPE-101.1.</p><p>Nº 5.648 Dispensar, a partir de 01/01/2018,  o Auditor-Fiscal da Receita Federal do Brasil MARCUS ANTONIO BRUNO DE ALBUQUERQUE, matrícula SiapeCad nº 00018820, do encargo de Substituto Eventual do Chefe do Serviço de Orientação e Análise Tributária - Seort da Inspetoria da Receita Federal do Brasil em Rio de Janeiro (RJ), Código FCPE-101.1.</p><p>Nº 5.649 Dispensar, a partir de 01/01/2018,  o Analista-Tributário da Receita Federal do Brasil FERNANDO JORGE LOPES GONCALVES, matrícula SiapeCad nº 00019736, da Função Gratificada de Chefe da Seção de Controle e Acompanhamento Tributário - Sacat da Inspetoria da Receita Federal do Brasil em Rio de Janeiro (RJ), Código FG-1.</p><p>Nº 5.650 Dispensar, a partir de 01/01/2018,  o Analista-Tributário da Receita Federal do Brasil PHILIPPE UEBE NETO, matrícula SiapeCad nº 00068573, da Função Gratificada de Chefe da Seção de Tecnologia da Informação - Satec da Inspetoria da Receita Federal do Brasil em Rio de Janeiro (RJ), Código FG-1.</p><p>Nº 5.651 Dispensar, a partir de 01/01/2018,  o Auditor-Fiscal da Receita Federal do Brasil EDUARDO CAMARA MOTTA CRUZ, matrícula SiapeCad nº 00056756, da Função Gratificada de Chefe da Equipe Aduaneira - EAD/1 da Inspetoria da Receita Federal do Brasil em Rio de Janeiro (RJ), Código FG-1.</p><p>Nº 5.652 Dispensar, a partir de 01/01/2018,  a Auditora-Fiscal da Receita Federal do Brasil VIVIANE DA COSTA AVILA, matrícula SiapeCad nº 01295123, da Função Gratificada de Chefe da Equipe Aduaneira - EAD/2 da Inspetoria da Receita Federal do Brasil em Rio de Janeiro (RJ), Código FG-1.</p><p>Nº 5.653 Dispensar, a partir de 01/01/2018,  o Auditor-Fiscal da Receita Federal do Brasil RENATO MARTINS DO VALLE, matrícula SiapeCad nº 00019659, da Função Gratificada de Chefe da Equipe Aduaneira - EAD/3 da Inspetoria da Receita Federal do Brasil em Rio de Janeiro (RJ), Código FG-1.</p><p>Nº 5.654 Dispensar, a partir de 01/01/2018,  o Auditor-Fiscal da Receita Federal do Brasil ANTONIO CARLOS DE FREITAS GONCALVES, matrícula SiapeCad nº 00019855, da Função Gratificada de Chefe da Equipe Aduaneira - EAD/4 da Inspetoria da Receita Federal do Brasil em Rio de Janeiro (RJ), Código FG-1.</p><p>Nº 5.655 Dispensar, a partir de 01/01/2018,  o Auditor-Fiscal da Receita Federal do Brasil FERNANDO DIAS LIMA, matrícula SiapeCad nº 00076374, da Função Gratificada de Assistente da Inspetoria da Receita Federal do Brasil em Rio de Janeiro (RJ), Código FG-1.</p><p>Nº 5.656 Dispensar, a partir de 01/01/2018,  o Auditor-Fiscal da Receita Federal do Brasil RODRIGO TEIXEIRA LUZ, matrícula SiapeCad nº 00022435, da Função Gratificada de Assistente da Inspetoria da Receita Federal do Brasil em Rio de Janeiro (RJ), Código FG-1.</p><p>Nº 5.657 Dispensar, a partir de 01/01/2018,  o Administrador SERGIO CEZAR DE ALCANTARA, matrícula SiapeCad nº 00013150, da Função Gratificada de Assistente da Inspetoria da Receita Federal do Brasil em Rio de Janeiro (RJ), Código FG-1.</p><p>Nº 5.658 Exonerar, a partir de 01/01/2018, o Auditor-Fiscal da Receita Federal do Brasil RICARDO LOMBA VILLELA BASTOS, matrícula SiapeCad nº 00057497, do cargo em comissão de Inspetor-Chefe da Alfândega da Receita Federal do Brasil em Porto do Rio de Janeiro (RJ), Código DAS-101.3.</p><p>Nº 5.659 Dispensar, a partir de 01/01/2018,  o Auditor-Fiscal da Receita Federal do Brasil ALEXANDRE FELIPE OSORIO LATTARI, matrícula SiapeCad nº 00076334, do encargo de Substituto Eventual do Inspetor-Chefe da Alfândega da Receita Federal do Brasil em Porto do Rio de Janeiro (RJ), Código DAS-101.3.</p><p>Nº 5.660 Dispensar, a partir de 01/01/2018,  o Auditor-Fiscal da Receita Federal do Brasil ALEXANDRE FELIPE OSORIO LATTARI, matrícula SiapeCad nº 00076334, da Função Comissionada do Poder Executivo de Inspetor-Chefe Adjunto da Alfândega da Receita Federal do Brasil em Porto do Rio de Janeiro (RJ), Código FCPE-101.1.</p><p>Nº 5.661 Dispensar, a partir de 01/01/2018,  a Auditora-Fiscal da Receita Federal do Brasil MARIA TEREZA PIRES SOARES, matrícula SiapeCad nº 00064124, da Função Comissionada do Poder Executivo de Chefe do Serviço de Controle e Acompanhamento Tributário - Secat da Alfândega da Receita Federal do Brasil em Porto do Rio de Janeiro (RJ), Código FCPE-101.1.</p><p>Nº 5.662 Dispensar, a partir de 01/01/2018,  o Auditor-Fiscal da Receita Federal do Brasil CELSO TREISTMAN, matrícula SiapeCad nº 00065390, do encargo de Substituto Eventual do Chefe do Serviço de Controle e Acompanhamento Tributário - Secat da Alfândega da Receita Federal do Brasil em Porto do Rio de Janeiro (RJ), Código FCPE-101.1.</p><p>Nº 5.663 Dispensar, a partir de 01/01/2018,  o Auditor-Fiscal da Receita Federal do Brasil SERGIO ROBERTO PEREIRA ARAUJO, matrícula SiapeCad nº 00019792, da Função Comissionada do Poder Executivo de Chefe do Serviço de Orientação e Análise Tributária - Seort da Alfândega da Receita Federal do Brasil em Porto do Rio de Janeiro (RJ), Código FCPE-101.1.</p><p>Nº 5.664 Dispensar, a partir de 01/01/2018,  a Auditora-Fiscal da Receita Federal do Brasil MARCIA BALASSIANO ROIZENBLIT, matrícula SiapeCad nº 00065228, do encargo de Substituto Eventual do Chefe do Serviço de Orientação e Análise Tributária - Seort da Alfândega da Receita Federal do Brasil em Porto do Rio de Janeiro (RJ), Código FCPE-101.1.</p><p>Nº 5.665 Dispensar, a partir de 01/01/2018,  o Auditor-Fiscal da Receita Federal do Brasil RICARDO DA FONSECA POPPE DE FIGUEIREDO, matrícula SiapeCad nº 00076044, da Função Comissionada do Poder Executivo de Chefe do Serviço de Vigilância e Controle Aduaneiro - Sevig da Alfândega da Receita Federal do Brasil em Porto do Rio de Janeiro (RJ), Código FCPE-101.1.</p><p>Nº 5.666 Dispensar, a partir de 01/01/2018,  o Auditor-Fiscal da Receita Federal do Brasil CIRO AUGUSTO CASTILHO SILVA, matrícula SiapeCad nº 00019518, do encargo de Substituto Eventual do Chefe do Serviço de Vigilância e Controle Aduaneiro - Sevig da Alfândega da Receita Federal do Brasil em Porto do Rio de Janeiro (RJ), Código FCPE-101.1.</p><p>Nº 5.667 Dispensar, a partir de 01/01/2018,  a Analista-Tributário da Receita Federal do Brasil MARLUCE DOS SANTOS, matrícula SiapeCad nº 00021391, da Função Gratificada de Chefe da Seção de Programação e Logística - Sapol da Alfândega da Receita Federal do Brasil em Porto do Rio de Janeiro (RJ), Código FG-1.</p><p>Nº 5.668 Dispensar, a partir de 01/01/2018,  o Auditor-Fiscal da Receita Federal do Brasil JOSE ANGELO CARVALHO MACHADO, matrícula SiapeCad nº 00019575, da Função Gratificada de Chefe da Seção de Tecnologia da Informação - Satec da Alfândega da Receita Federal do Brasil em Porto do Rio de Janeiro (RJ), Código FG-1.</p><p>Nº 5.669 Dispensar, a partir de 01/01/2018,  a Auditora-Fiscal da Receita Federal do Brasil MARIA DO ROSARIO FILGUEIRAS CASTELLO BRANCO NARVAEZ, matrícula SiapeCad nº 00022700, da Função Gratificada de Assistente da Alfândega da Receita Federal do Brasil em Porto do Rio de Janeiro (RJ), Código FG-1.</p><p>Nº 5.670 Dispensar, a partir de 01/01/2018,  a Auditora-Fiscal da Receita Federal do Brasil LENILDE LELIS DE SOUZA, matrícula SiapeCad nº 00015833, da Função Gratificada de Assistente da Alfândega da Receita Federal do Brasil em Porto do Rio de Janeiro (RJ), Código FG-1.</p><p>Nº 5.671 Dispensar, a partir de 01/01/2018,  o Auditor-Fiscal da Receita Federal do Brasil ALEXANDRE DE OLIVEIRA GONZALEZ, matrícula SiapeCad nº 00019431, do encargo de Substituto Eventual do Chefe do Serviço de Procedimentos Especiais Aduaneiros - Sepea da Alfândega da Receita Federal do Brasil em Porto do Rio de Janeiro (RJ), Código FCPE-101.1.</p><p>Nº 5.672 Dispensar, a partir de 01/01/2018,  a Analista-Tributário da Receita Federal do Brasil JANIZE DO VALLE AMADO DE CARVALHO, matrícula SiapeCad nº 00019840, da Função Gratificada de Chefe da Equipe Aduaneira - EAD/2 da Alfândega da Receita Federal do Brasil em Porto do Rio de Janeiro (RJ), Código FG-1.</p><p>Nº 5.673 Dispensar, a partir de 01/01/2018,  a Auditora-Fiscal da Receita Federal do Brasil REGINA DE FATIMA DA SILVA CALDEIRA HARDMAN, matrícula SiapeCad nº 00012188, da Função Gratificada de Chefe da Equipe Aduaneira - EAD/3 da Alfândega da Receita Federal do Brasil em Porto do Rio de Janeiro (RJ), Código FG-1.</p><p>Nº 5.674 Dispensar, a partir de 01/01/2018,  o Auditor-Fiscal da Receita Federal do Brasil ANTONIO BEZERRA DA SILVA FILHO, matrícula SiapeCad nº 00020512, da Função Gratificada de Chefe da Equipe Aduaneira - EAD/4 da Alfândega da Receita Federal do Brasil em Porto do Rio de Janeiro (RJ), Código FG-1.</p><p>Nº 5.675 Dispensar, a partir de 01/01/2018,  a Analista-Tributário da Receita Federal do Brasil FERNANDA ADED SALLES MOREIRA, matrícula SiapeCad nº 00021541, da Função Gratificada de Chefe da Equipe Aduaneira - EAD/5 da Alfândega da Receita Federal do Brasil em Porto do Rio de Janeiro (RJ), Código FG-1.</p><p>Nº 5.676 Dispensar, a partir de 01/01/2018,  o Auditor-Fiscal da Receita Federal do Brasil DANILO DA GLORIA TEIXEIRA, matrícula SiapeCad nº 00027899, da Função Gratificada de Chefe da Equipe Aduaneira - EAD/6 da Alfândega da Receita Federal do Brasil em Porto do Rio de Janeiro (RJ), Código FG-1.</p><p>Nº 5.677 Dispensar, a partir de 01/01/2018,  o Auditor-Fiscal da Receita Federal do Brasil LUIZ EDUARDO VIEGAS REGO, matrícula SiapeCad nº 00020001, da Função Gratificada de Chefe da Equipe Aduaneira - EAD/7 da Alfândega da Receita Federal do Brasil em Porto do Rio de Janeiro (RJ), Código FG-1.</p><p>Nº 5.678 Dispensar, a partir de 01/01/2018,  a Auditora-Fiscal da Receita Federal do Brasil REJANE RAMOS DO NASCIMENTO, matrícula SiapeCad nº 00064148, da Função Gratificada de Chefe da Equipe Aduaneira - EAD/8 da Alfândega da Receita Federal do Brasil em Porto do Rio de Janeiro (RJ), Código FG-1.</p><p>Nº 7.679 Dispensar, a partir de 01/01/2018,  o Auditor-Fiscal da Receita Federal do Brasil IVAN SIMOES DA SILVA JUNIOR, matrícula SiapeCad nº 00019812, da Função Gratificada de Chefe da Equipe Aduaneira - EAD/9 da Alfândega da Receita Federal do Brasil em Porto do Rio de Janeiro (RJ), Código FG-1.</p><p>Nº 5.680 Exonerar, a partir de 01/01/2018, o Auditor-Fiscal da Receita Federal do Brasil CLAUDIO RODRIGUES RIBEIRO, matrícula SiapeCad nº 00063917, do cargo em comissão de Inspetor-Chefe da Alfândega da Receita Federal do Brasil no Aeroporto Internacional do Rio de Janeiro (RJ), Código DAS-101.3.</p><p>Nº 5.681 Dispensar, a partir de 01/01/2018,  o Auditor-Fiscal da Receita Federal do Brasil FERNANDO FERNANDES FRAGUAS, matrícula SiapeCad nº 00056840, do encargo de Substituto Eventual do Inspetor-Chefe da Alfândega da Receita Federal do Brasil no Aeroporto Internacional do Rio de Janeiro (RJ), Código DAS-101.3.</p><p>Nº 5.682 Dispensar, a partir de 01/01/2018,  o Auditor-Fiscal da Receita Federal do Brasil FERNANDO FERNANDES FRAGUAS, matrícula SiapeCad nº 00056840, da Função Comissionada do Poder Executivo de Inspetor-Chefe Adjunto da Alfândega da Receita Federal do Brasil no Aeroporto Internacional do Rio de Janeiro (RJ), Código FCPE-101.1.</p><p>Nº 5.683 Dispensar, a partir de 01/01/2018,  o Auditor-Fiscal da Receita Federal do Brasil RAINOR ROSSI, matrícula SiapeCad nº 00015799, da Função Comissionada do Poder Executivo de Chefe do Serviço de Controle e Acompanhamento Tributário - Secat da Alfândega da Receita Federal do Brasil no Aeroporto Internacional do Rio de Janeiro (RJ), Código FCPE-101.1.</p><p>Nº 5.684 Dispensar, a partir de 01/01/2018,  o Auditor-Fiscal da Receita Federal do Brasil KLEBER SANCHES SEIXAS, matrícula SiapeCad nº 00065387, do encargo de Substituto Eventual do Chefe do Serviço de Controle e Acompanhamento Tributário - Secat da Alfândega da Receita Federal do Brasil no Aeroporto Internacional do Rio de Janeiro (RJ), Código FCPE-101.1.</p><p>Nº 5.685 Dispensar, a partir de 01/01/2018,  a Auditora-Fiscal da Receita Federal do Brasil PATRICIA MIRANDA DE MENESES BICHARA MOREIRA, matrícula SiapeCad nº 00708834, da Função Comissionada do Poder Executivo de Chefe do Serviço de Vigilância e Controle Aduaneiro - Sevig da Alfândega da Receita Federal do Brasil no Aeroporto Internacional do Rio de Janeiro (RJ), Código FCPE-101.1.</p><p>Nº 5.686 Dispensar, a partir de 01/01/2018,  o Auditor-Fiscal da Receita Federal do Brasil VITOR CAMPOS MAGALHAES, matrícula SiapeCad nº 01131470, do encargo de Substituto Eventual do Chefe do Serviço de Vigilância e Controle Aduaneiro - Sevig da Alfândega da Receita Federal do Brasil no Aeroporto Internacional do Rio de Janeiro (RJ), Código FCPE-101.1.</p><p>Nº 5.687 Dispensar, a partir de 01/01/2018,  o Analista-Tributário da Receita Federal do Brasil CLAUDIO LUIZ MASCARENHAS DE SOUZA, matrícula SiapeCad nº 00057153, da Função Gratificada de Chefe da Seção de Tecnologia da Informação - Satec da Alfândega da Receita Federal do Brasil no Aeroporto Internacional do Rio de Janeiro (RJ), Código FG-1.</p><p>Nº 5.688 Dispensar, a partir de 01/01/2018,  o Auditor-Fiscal da Receita Federal do Brasil MARCOS RIOS CORREA, matrícula SiapeCad nº 00019098, da Função Gratificada de Chefe da Seção de Orientação e Análise Tributária - Saort da Alfândega da Receita Federal do Brasil no Aeroporto Internacional do Rio de Janeiro (RJ), Código FG-1.</p><p>Nº 5.689 Dispensar, a partir de 01/01/2018,  a Analista-Tributário da Receita Federal do Brasil LYCIA DE OLIVEIRA DE MARCHI FURLAN, matrícula SiapeCad nº 01811999, da Função Gratificada de Chefe da Seção de Programação e Logística - Sapol da Alfândega da Receita Federal do Brasil no Aeroporto Internacional do Rio de Janeiro (RJ), Código FG-1.</p><p>Nº 5.690 Dispensar, a partir de 01/01/2018,  o Auditor-Fiscal da Receita Federal do Brasil SILAS DE BARROS RIBEIRO, matrícula SiapeCad nº 00019439, da Função Gratificada de Chefe da Seção de Procedimentos Especiais Aduaneiros - Sapea da Alfândega da Receita Federal do Brasil no Aeroporto Internacional do Rio de Janeiro (RJ), Código FG-1.</p><p>Nº 5.691 Dispensar, a partir de 01/01/2018,  o Auditor-Fiscal da Receita Federal do Brasil PAULO JOSE MATTOS LOURENCO, matrícula SiapeCad nº 00064067, da Função Gratificada de Chefe da Seção de Remessas Postais Internacionais - Sarpi da Alfândega da Receita Federal do Brasil no Aeroporto Internacional do Rio de Janeiro (RJ), Código FG-1.</p><p>Nº 5.692 Dispensar, a partir de 01/01/2018,  o Auditor-Fiscal da Receita Federal do Brasil ANDRE DA SILVA CAMILO, matrícula SiapeCad nº 00057128, da Função Gratificada de Chefe da Equipe Aduaneira - EAD/1 da Alfândega da Receita Federal do Brasil no Aeroporto Internacional do Rio de Janeiro (RJ), Código FG-1.</p><p>Nº 5.693 Dispensar, a partir de 01/01/2018,  o Auditor-Fiscal da Receita Federal do Brasil WILSON FRANKLIM DE VASCONCELOS FILHO, matrícula SiapeCad nº 01952278, da Função Gratificada de Chefe da Equipe Aduaneira - EAD/2 da Alfândega da Receita Federal do Brasil no Aeroporto Internacional do Rio de Janeiro (RJ), Código FG-1.</p><p>Nº 5.694 Dispensar, a partir de 01/01/2018,  a Auditora-Fiscal da Receita Federal do Brasil INGRID BUCHER GUIMARAES, matrícula SiapeCad nº 00057230, da Função Gratificada de Chefe da Equipe Aduaneira - EAD/3 da Alfândega da Receita Federal do Brasil no Aeroporto Internacional do Rio de Janeiro (RJ), Código FG-1.</p><p>Nº 5.695 Dispensar, a partir de 01/01/2018,  o Auditor-Fiscal da Receita Federal do Brasil MARCELO PEREIRA CARNEIRO DA MOTA, matrícula SiapeCad nº 00057505, da Função Gratificada de Chefe da Equipe Aduaneira - EAD/4 da Alfândega da Receita Federal do Brasil no Aeroporto Internacional do Rio de Janeiro (RJ), Código FG-1.</p><p>Nº 5.696 Dispensar, a partir de 01/01/2018,  o Auditor-Fiscal da Receita Federal do Brasil OSCAR NASSER SAFADI FILHO, matrícula SiapeCad nº 00063902, da Função Gratificada de Chefe da Equipe Aduaneira - EAD/5 da Alfândega da Receita Federal do Brasil no Aeroporto Internacional do Rio de Janeiro (RJ), Código FG-1.</p><p>Nº 5.697 Dispensar, a partir de 01/01/2018,  o Auditor-Fiscal da Receita Federal do Brasil MARCOS ANDRE SICILIANO RAMOS, matrícula SiapeCad nº 00063888, da Função Gratificada de Chefe da Equipe Aduaneira - EAD/6 da Alfândega da Receita Federal do Brasil no Aeroporto Internacional do Rio de Janeiro (RJ), Código FG-1.</p><p>Nº 5.698 Dispensar, a partir de 01/01/2018,  o Auditor-Fiscal da Receita Federal do Brasil SERGIO MURILO DA SILVA GOMES, matrícula SiapeCad nº 00056909, da Função Gratificada de Chefe da Equipe Aduaneira - EAD/7 da Alfândega da Receita Federal do Brasil no Aeroporto Internacional do Rio de Janeiro (RJ), Código FG-1.</p><p>Nº 5.699 Dispensar, a partir de 01/01/2018,  o Auditor-Fiscal da Receita Federal do Brasil SERGIO RICARDO RAMALHO PEREIRA, matrícula SiapeCad nº 00087867, da Função Gratificada de Chefe da Equipe Aduaneira - EAD/8 da Alfândega da Receita Federal do Brasil no Aeroporto Internacional do Rio de Janeiro (RJ), Código FG-1.</p><p>Nº 5.700 Dispensar, a partir de 01/01/2018,  o Auditor-Fiscal da Receita Federal do Brasil VITOR CAMPOS MAGALHAES, matrícula SiapeCad nº 01131470, da Função Gratificada de Chefe da Equipe Aduaneira - EAD/9 da Alfândega da Receita Federal do Brasil no Aeroporto Internacional do Rio de Janeiro (RJ), Código FG-1.</p><p>Nº 5.701 Dispensar, a partir de 01/01/2018,  a Auditora-Fiscal da Receita Federal do Brasil ESTHER CRISTINA RAMOS SOARES, matrícula SiapeCad nº 00076385, da Função Gratificada de Chefe da Equipe Aduaneira - EAD/10 da Alfândega da Receita Federal do Brasil no Aeroporto Internacional do Rio de Janeiro (RJ), Código FG-1.</p><p>Nº 5.702 Dispensar, a partir de 01/01/2018,  o Auditor-Fiscal da Receita Federal do Brasil RICARDO JOSE NICOLAS DE MESQUITA, matrícula SiapeCad nº 00063901, da Função Gratificada de Assistente da Alfândega da Receita Federal do Brasil no Aeroporto Internacional do Rio de Janeiro (RJ), Código FG-1.</p><p>Nº 5.703 Exonerar, a partir de 01/01/2018,  o Auditor-Fiscal da Receita Federal do Brasil ALEXANDRE MIGUEL DA SILVA, matrícula SiapeCad nº 00065374, do cargo em comissão de Inspetor-Chefe da Alfândega da Receita Federal do Brasil no Porto de Itaguaí (RJ), Código DAS-101.2.</p><p>Nº 5.704 Dispensar, a partir de 01/01/2018,  o Auditor-Fiscal da Receita Federal do Brasil MARCUS LUIZ RODRIGUES RIOS MOTA, matrícula SiapeCad nº 00065709, do encargo de Substituto Eventual do Inspetor-Chefe da Alfândega da Receita Federal do Brasil no Porto de Itaguaí (RJ), Código DAS-101.2.</p><p>Nº 5.705 Dispensar, a partir de 01/01/2018,  o Auditor-Fiscal da Receita Federal do Brasil MARCUS LUIZ RODRIGUES RIOS MOTA, matrícula SiapeCad nº 00065709, da Função Gratificada de Inspetor-Chefe Adjunto da Alfândega da Receita Federal do Brasil no Porto de Itaguaí (RJ), Código FG-1.</p><p>Nº 5.706 Dispensar, a partir de 01/01/2018,  o Auditor-Fiscal da Receita Federal do Brasil ANSELMO DO AMARAL LEITE DE OLIVEIRA, matrícula SiapeCad nº 00028083, da Função Gratificada de Chefe da Seção de Arrecadação e Cobrança - Sarac da Alfândega da Receita Federal do Brasil no Porto de Itaguaí (RJ), Código FG-1.</p><p>Nº 5.707 Dispensar, a partir de 01/01/2018,  o Auditor-Fiscal da Receita Federal do Brasil WASHINGTON FACANHA LOTFI, matrícula SiapeCad nº 01237476, da Função Gratificada de Chefe da Seção de Vigilância e Controle Aduaneiro - Savig da Alfândega da Receita Federal do Brasil no Porto de Itaguaí (RJ), Código FG-1.</p><p>Nº 5.708 Dispensar, a partir de 01/01/2018,  o Auditor-Fiscal da Receita Federal do Brasil RENATO MORAES COELHO, matrícula SiapeCad nº 00020572, da Função Gratificada de Chefe da Seção de Procedimentos Especiais Aduaneiros - Sapea da Alfândega da Receita Federal do Brasil no Porto de Itaguaí (RJ), Código FG-1.</p><p>Nº 5.709 Dispensar, a partir de 01/01/2018,  a Analista-Tributário da Receita Federal do Brasil FERNANDA VIEIRA DE FIGUEIREDO FERNANDES, matrícula SiapeCad nº 00057205, da Função Gratificada de Chefe da Seção de Tecnologia da Informação - Satec da Alfândega da Receita Federal do Brasil no Porto de Itaguaí (RJ), Código FG-1.</p><p>Nº 5.710 Dispensar, a partir de 01/01/2018,  a Auditora-Fiscal da Receita Federal do Brasil DENISE NUNES BENEDITO, matrícula SiapeCad nº 00495170, da Função Gratificada de Assistente da Alfândega da Receita Federal do Brasil no Porto de Itaguaí (RJ), Código FG-1.</p><p>Nº 5.711 Dispensar, a partir de 01/01/2018,  o Auditor-Fiscal da Receita Federal do Brasil ELIS MARCIO RODRIGUES E SILVA, matrícula SiapeCad nº 00014870, da Função Gratificada de Chefe da Equipe Aduaneira - EAD/1 da Alfândega da Receita Federal do Brasil no Porto de Itaguaí (RJ), Código FG-2.</p><p>Nº 5.712 Dispensar, a partir de 01/01/2018,  o Auditor-Fiscal da Receita Federal do Brasil JOSAFA BESERRA SIQUEIRA, matrícula SiapeCad nº 00006988, da Função Gratificada de Chefe da Equipe Aduaneira - EAD/3 da Alfândega da Receita Federal do Brasil no Porto de Itaguaí (RJ), Código FG-2.</p><p>Nº 5.713 Dispensar, a partir de 01/01/2018,  o Auditor-Fiscal da Receita Federal do Brasil CARLOS JUSTINO DE ALMEIDA, matrícula SiapeCad nº 00019301, da Função Gratificada de Chefe da Equipe Aduaneira - EAD/4 da Alfândega da Receita Federal do Brasil no Porto de Itaguaí (RJ), Código FG-2.</p><p>Nº 5.714 Dispensar, a partir de 01/01/2018,  o Analista-Tributário da Receita Federal do Brasil JORGE LUIZ PACHECO AFONSO, matrícula SiapeCad nº 00020022, da Função Comissionada do Poder Executivo de Chefe do Serviço de Programação e Logística - Sepol da Delegacia Especial da Receita Federal do Brasil de Maiores Contribuintes no Rio de Janeiro (RJ), Código FCPE-101.1.</p><p>Nº 5.715 Dispensar, a partir de 01/01/2018,  o Agente de Colocação LUCIANO DA SILVA E SILVA, matrícula SiapeCad nº 00852595, do encargo de Substituto Eventual do Chefe do Serviço de Programação e Logística - Sepol da Delegacia Especial da Receita Federal do Brasil de Maiores Contribuintes no Rio de Janeiro (RJ), Código FCPE-101.1.</p><p>Nº 5.716 Dispensar, a partir de 01/01/2018,  o Auditor-Fiscal da Receita Federal do Brasil JOAO PAULO TORRAO PINTO, matrícula SiapeCad nº 00021688, da Função Comissionada do Poder Executivo de Chefe do Serviço de Tecnologia da Informação - Setec da Delegacia Especial da Receita Federal do Brasil de Maiores Contribuintes no Rio de Janeiro (RJ), Código FCPE-101.1.</p><p>Nº 5.717 Dispensar, a partir de 01/01/2018,  a Auditora-Fiscal da Receita Federal do Brasil AMELIA DE FATIMA FERREIRA SEMBLANO, matrícula SiapeCad nº 01292449, do encargo de Substituto Eventual do Chefe do Serviço de Tecnologia da Informação - Setec da Delegacia Especial da Receita Federal do Brasil de Maiores Contribuintes no Rio de Janeiro (RJ), Código FCPE-101.1.</p><p>Nº 5.718 Dispensar, a partir de 01/01/2018,  o Analista-Tributário da Receita Federal do Brasil ALAIR FERREIRA NETO, matrícula SiapeCad nº 01345721, da Função Gratificada de Chefe da Equipe de Atendimento ao Contribuinte - EAT da Delegacia Especial da Receita Federal do Brasil de Maiores Contribuintes no Rio de Janeiro (RJ), Código FG-1.</p><p>Nº 5.719 Dispensar, a partir de 01/01/2018,  o Auditor-Fiscal da Receita Federal do Brasil PAULO ROBERTO SICILIANO, matrícula SiapeCad nº 00010893, da Função Gratificada de Chefe da Equipe de Fiscalização - EFI/8 da Delegacia Especial da Receita Federal do Brasil de Maiores Contribuintes no Rio de Janeiro (RJ), Código FG-1.</p><p>Nº 5.720 Dispensar, a partir de 01/01/2018,  a Assistente Técnico-Administrativo SOLANGE RAMOS VIEIRA DA CUNHA, matrícula SiapeCad nº 01585762, da Função Gratificada de Assistente da Delegacia Especial da Receita Federal do Brasil de Maiores Contribuintes no Rio de Janeiro (RJ), Código FG-1.</p><p>Nº 5.721 Dispensar, a partir de 01/01/2018,  a Analista-Tributário da Receita Federal do Brasil CASSANDRA COSTA FERREIRA DA SILVA, matrícula SiapeCad nº 01293819, da Função Gratificada de Assistente da Delegacia Especial da Receita Federal do Brasil de Maiores Contribuintes no Rio de Janeiro (RJ), Código FG-1.</p><p>Nº 5.722 Dispensar, a partir de 01/01/2018,  o Analista-Tributário da Receita Federal do Brasil MARCO ANATOLIO HOLCMAN, matrícula SiapeCad nº 01296095, da Função Gratificada de Assistente da Delegacia Especial da Receita Federal do Brasil de Maiores Contribuintes no Rio de Janeiro (RJ), Código FG-3.</p><p>Nº 5.723 Dispensar, a partir de 01/01/2018,  o Analista-Tributário da Receita Federal do Brasil ANTENOR CESAR DALVI, matrícula SiapeCad nº 00017513, da Função Comissionada do Poder Executivo de Chefe do Serviço de Tecnologia da Informação - Setec da Delegacia da Receita Federal do Brasil em Vitoria (ES), Código FCPE-101.1.</p><p>Nº 5.724 Dispensar, a partir de 01/01/2018,  o Analista-Tributário da Receita Federal do Brasil CARLOS VICENTE RAMOS PEREIRA, matrícula SiapeCad nº 00065445, do encargo de Substituto Eventual do Chefe do Serviço de Tecnologia da Informação - Setec da Delegacia da Receita Federal do Brasil em Vitoria (ES), Código FCPE-101.1.</p><p>Nº 5.725 Dispensar, a partir de 01/01/2018,  o Auditor-Fiscal da Receita Federal do Brasil NESTOR SCHINEIDER JUNIOR, matrícula SiapeCad nº 00038833, da Função Gratificada de Chefe da Seção de Programação, Avaliação e Controle da Atividade Fiscal - Sapac da Delegacia da Receita Federal do Brasil em Vitoria (ES), Código FG-1.</p><p>Nº 5.726 Dispensar, a partir de 01/01/2018,  o Analista-Tributário da Receita Federal do Brasil JOEL TERTULIANO RIBEIRO, matrícula SiapeCad nº 00060387, da Função Comissionada do Poder Executivo de Agente da Receita Federal do Brasil em Cachoeiro de Itapemirim (ES), jurisdição da Delegacia da Receita Federal do Brasil em Vitoria (ES), Código FCPE-101.1.</p><p>Nº 5.727 Dispensar, a partir de 01/01/2018,  a Agente Administrativo SILVANA BARINA ARAUJO, matrícula SiapeCad nº 00020051, do encargo de Substituto Eventual do Agente da Receita Federal do Brasil em Cachoeiro de Itapemirim (ES), jurisdição da Delegacia da Receita Federal do Brasil em Vitoria (ES), Código FCPE-101.1.</p><p>Nº 5.728 Dispensar, a partir de 01/01/2018,  a Agente Administrativo SILVANA BARINA ARAUJO, matrícula SiapeCad nº 00020051, da Função Gratificada de Chefe do Setor de Arrecadação e Cobrança - Sorac da Agência da Receita Federal do Brasil em Cachoeiro de Itapemirim (ES), jurisdição da Delegacia da Receita Federal do Brasil em Vitoria (ES), Código FG-2.</p><p>Nº 5.729 Dispensar, a partir de 01/01/2018,  o Analista-Tributário da Receita Federal do Brasil REINALDO FREITAS DE SOUZA, matrícula SiapeCad nº 01570274, da Função Gratificada de Chefe da Equipe de Atendimento ao Contribuinte - EAT/1 da Agência da Receita Federal do Brasil em Cachoeiro de Itapemirim (ES), jurisdição da Delegacia da Receita Federal do Brasil em Vitoria (ES), Código FG-2.</p><p>Nº 5.730 Dispensar, a partir de 01/01/2018,  a Auditora-Fiscal da Receita Federal do Brasil HELIETE MARIA LAQUINI MATIELLO, matrícula SiapeCad nº 00823852, da Função Gratificada de Chefe da Equipe de Atendimento ao Contribuinte - EAT/2 da Agência da Receita Federal do Brasil em Cachoeiro de Itapemirim (ES), jurisdição da Delegacia da Receita Federal do Brasil em Vitoria (ES), Código FG-2.</p><p>Nº 5.731 Dispensar, a partir de 01/01/2018,  a Assistente Técnico-Administrativo JACIANE PISKE BORCHARDT, matrícula SiapeCad nº 01586338, da Função Gratificada de Chefe da Equipe de Atendimento ao Contribuinte - EAT da Agência da Receita Federal do Brasil em Colatina (ES), jurisdição da Delegacia da Receita Federal do Brasil em Vitoria (ES), Código FG-3.</p><p>Nº 5.732 Dispensar, a partir de 01/01/2018,  a Assistente Técnico-Administrativo SHEILA TAVARES TALLON, matrícula SiapeCad nº 01976764, da Função Gratificada de Chefe da Equipe de Atendimento ao Contribuinte - EAT da Agência da Receita Federal do Brasil em Linhares (ES), jurisdição da Delegacia da Receita Federal do Brasil em Vitoria (ES), Código FG-3.</p><p>Nº 5.733 Dispensar, a partir de 01/01/2018,  o Analista-Tributário da Receita Federal do Brasil JENIVAL FRANCISCO DE SOUZA, matrícula SiapeCad nº 00018952, da Função Gratificada de Chefe da Equipe de Atendimento ao Contribuinte - EAT/1 da Agência da Receita Federal do Brasil em Serra (ES), jurisdição da Delegacia da Receita Federal do Brasil em Vitoria (ES), Código FG-2.</p><p>Nº 5.734 Dispensar, a partir de 01/01/2018,  a Técnico do Seguro Social MARIA DA PENHA BALBINO, matrícula SiapeCad nº 00806132, da Função Gratificada de Chefe da Equipe de Atendimento ao Contribuinte - EAT/2 da Agência da Receita Federal do Brasil em Serra (ES), jurisdição da Delegacia da Receita Federal do Brasil em Vitoria (ES), Código FG-2.</p><p>Nº 5.735 Dispensar, a partir de 01/01/2018,  o Assistente Técnico-Administrativo RHOGER COSTA E SILVA, matrícula SiapeCad nº 02003956, da Função Gratificada de Chefe da Seção de Arrecadação e Cobrança - Sarac da Agência da Receita Federal do Brasil em Vila Velha (ES), jurisdição da Delegacia da Receita Federal do Brasil em Vitoria (ES), Código FG-1.</p><p>Nº 5.736 Dispensar, a partir de 01/01/2018,  a Analista-Tributário da Receita Federal do Brasil MARTA CRISTINA MARQUES ROMANO, matrícula SiapeCad nº 01291218, da Função Gratificada de Chefe da Equipe de Atendimento ao Contribuinte - EAT/2 da Agência da Receita Federal do Brasil em Vila Velha (ES), jurisdição da Delegacia da Receita Federal do Brasil em Vitoria (ES), Código FG-2.</p><p>Nº 5.737 Dispensar, a partir de 01/01/2018,  o Analista-Tributário da Receita Federal do Brasil AMIR TRISTAO SCHUWARTZ FILHO, matrícula SiapeCad nº 00087512, da Função Gratificada de Agente da Receita Federal do Brasil em Cariacica (ES), jurisdição da Delegacia da Receita Federal do Brasil em Vitoria (ES), Código FG-1.</p><p>Nº 5.738 Dispensar, a partir de 01/01/2018,  o Analista-Tributário da Receita Federal do Brasil JOSE GIL LIMA DA SILVEIRA, matrícula SiapeCad nº 00058572, da Função Gratificada de Chefe da Equipe de Atendimento ao Contribuinte - EAT da Agência da Receita Federal do Brasil em Cariacica (ES), jurisdição da Delegacia da Receita Federal do Brasil em Vitoria (ES), Código FG-3.</p><p>Nº 5.739 Exonerar, a partir de 01/01/2018, o Auditor-Fiscal da Receita Federal do Brasil FABRICIO BETTO, matrícula SiapeCad nº 00001929, do cargo em comissão de Inspetor-Chefe da Alfândega da Receita Federal do Brasil no Porto de Vitoria (ES), Código DAS-101.3.</p><p>Nº 5.740 Dispensar, a partir de 01/01/2018,  o Auditor-Fiscal da Receita Federal do Brasil JAQUES MAURO DE MORAES, matrícula SiapeCad nº 01291560, do encargo de Substituto Eventual do Inspetor-Chefe da Alfândega da Receita Federal do Brasil no Porto de Vitoria (ES), Código DAS-101.3.</p><p>Nº 5.741 Dispensar, a partir de 01/01/2018,  o Auditor-Fiscal da Receita Federal do Brasil JAQUES MAURO DE MORAES, matrícula SiapeCad nº 01291560, da Função Comissionada do Poder Executivo de Inspetor-Chefe Adjunto da Alfândega da Receita Federal do Brasil no Porto de Vitoria (ES), Código FCPE-101.1.</p><p>Nº 5.742 Dispensar, a partir de 01/01/2018,  o Auditor-Fiscal da Receita Federal do Brasil DOUGLAS COSTA KOEHLER, matrícula SiapeCad nº 00059203, da Função Comissionada do Poder Executivo de Chefe do Serviço de Vigilância e Controle Aduaneiro - Sevig da Alfândega da Receita Federal do Brasil no Porto de Vitoria (ES), Código FCPE-101.1.</p><p>Nº 5.743 Dispensar, a partir de 01/01/2018,  o Auditor-Fiscal da Receita Federal do Brasil LUIZ CLAUDIO PEIXOTO LOBO, matrícula SiapeCad nº 00064347, do encargo de Substituto Eventual do Chefe do Serviço de Vigilância e Controle Aduaneiro - Sevig da Alfândega da Receita Federal do Brasil no Porto de Vitoria (ES), Código FCPE-101.1.</p><p>Nº 5.744 Dispensar, a partir de 01/01/2018,  o Auditor-Fiscal da Receita Federal do Brasil MARCELO CURTOLO CAVALCANTI, matrícula SiapeCad nº 00116026, da Função Comissionada do Poder Executivo de Chefe do Serviço de Fiscalização Aduaneira - Sefia da Alfândega da Receita Federal do Brasil no Porto de Vitoria (ES), Código FCPE-101.1.</p><p>Nº 5.745 Dispensar, a partir de 01/01/2018,  o Auditor-Fiscal da Receita Federal do Brasil RODRIGO TORRES TEIXEIRA LEITE, matrícula SiapeCad nº 00064862, do encargo de Substituto Eventual do Chefe do Serviço de Fiscalização Aduaneira - Sefia da Alfândega da Receita Federal do Brasil no Porto de Vitoria (ES), Código FCPE-101.1.</p><p>Nº 5.746 Dispensar, a partir de 01/01/2018,  o Auditor-Fiscal da Receita Federal do Brasil PAULO CAIRES VIEIRA JUNIOR, matrícula SiapeCad nº 00076101, da Função Comissionada do Poder Executivo de Chefe do Serviço de Orientação e Análise Tributária - Seort da Alfândega da Receita Federal do Brasil no Porto de Vitoria (ES), Código FCPE-101.1.</p><p>Nº 5.747 Dispensar, a partir de 01/01/2018,  o Auditor-Fiscal da Receita Federal do Brasil FABIO TADEU COMPANHONI DA COSTA, matrícula SiapeCad nº 01294008, do encargo de Substituto Eventual do Chefe do Serviço de Orientação e Análise Tributária - Seort da Alfândega da Receita Federal do Brasil no Porto de Vitoria (ES), Código FCPE-101.1.</p><p>Nº 5.748 Dispensar, a partir de 01/01/2018,  o Analista-Tributário da Receita Federal do Brasil ADILSON BENTO XIBLE, matrícula SiapeCad nº 00025585, da Função Gratificada de Chefe da Seção de Tecnologia da Informação - Satec da Alfândega da Receita Federal do Brasil no Porto de Vitoria (ES), Código FG-1.</p><p>Nº 5.749 Dispensar, a partir de 01/01/2018,  o Analista-Tributário da Receita Federal do Brasil FABIO PEREIRA SOARES, matrícula SiapeCad nº 00060392, da Função Gratificada de Chefe da Seção de Controle e Acompanhamento Tributário - Sacat da Alfândega da Receita Federal do Brasil no Porto de Vitoria (ES), Código FG-1.</p><p>Nº 5.750 Dispensar, a partir de 01/01/2018,  a Auditora-Fiscal da Receita Federal do Brasil ADRIANA JUNGER LACERDA, matrícula SiapeCad nº 01214047, da Função Gratificada de Chefe da Seção de Pesquisa e Seleção Aduaneira - Sapel da Alfândega da Receita Federal do Brasil no Porto de Vitoria (ES), Código FG-1.</p><p>Nº 5.751 Dispensar, a partir de 01/01/2018,  o Auditor-Fiscal da Receita Federal do Brasil PAULO ROBERTO DE ANDRADE, matrícula SiapeCad nº 00020092, da Função Gratificada de Chefe da Equipe Aduaneira - EAD/1 da Alfândega da Receita Federal do Brasil no Porto de Vitoria (ES), Código FG-1.</p><p>Nº 5.752 Dispensar, a partir de 01/01/2018,  o Auditor-Fiscal da Receita Federal do Brasil GIANCARLO GUARESQUE RONES, matrícula SiapeCad nº 00019463, da Função Gratificada de Chefe da Equipe Aduaneira - EAD/2 da Alfândega da Receita Federal do Brasil no Porto de Vitoria (ES), Código FG-1.</p><p>Nº 5.753 Dispensar, a partir de 01/01/2018,  o Auditor-Fiscal da Receita Federal do Brasil WALDEMIR NOGUEIRA DE SOUZA, matrícula SiapeCad nº 00018726, da Função Gratificada de Chefe da Equipe Aduaneira - EAD/3 da Alfândega da Receita Federal do Brasil no Porto de Vitoria (ES), Código FG-1.</p><p>Nº 5.754 Dispensar, a partir de 01/01/2018,  o Auditor-Fiscal da Receita Federal do Brasil DANIEL NERY XAVIER, matrícula SiapeCad nº 00058419, da Função Gratificada de Chefe da Equipe Aduaneira - EAD/4 da Alfândega da Receita Federal do Brasil no Porto de Vitoria (ES), Código FG-1.</p><p>Nº 5.755 Dispensar, a partir de 01/01/2018,  o Auditor-Fiscal da Receita Federal do Brasil LUIZ CLAUDIO PEIXOTO LOBO, matrícula SiapeCad nº 00064347, da Função Gratificada de Chefe da Equipe Aduaneira - EAD/5 da Alfândega da Receita Federal do Brasil no Porto de Vitoria (ES), Código FG-1.</p><p>Nº 5.756 Dispensar, a partir de 01/01/2018,  o Auditor-Fiscal da Receita Federal do Brasil RODRIGO TORRES TEIXEIRA LEITE, matrícula SiapeCad nº 00064862, da Função Gratificada de Chefe da Equipe Aduaneira - EAD/6 da Alfândega da Receita Federal do Brasil no Porto de Vitoria (ES), Código FG-1.</p><p>Nº 5.757 Dispensar, a partir de 01/01/2018,  o Analista-Tributário da Receita Federal do Brasil JOSE GERALDO BOF, matrícula SiapeCad nº 00019295, da Função Gratificada de Chefe da Equipe Aduaneira - EAD/7 da Alfândega da Receita Federal do Brasil no Porto de Vitoria (ES), Código FG-1.</p><p>Nº 5.758 Dispensar, a partir de 01/01/2018,  o Auditor-Fiscal da Receita Federal do Brasil FABIO MARTINS DE OLIVEIRA, matrícula SiapeCad nº 00076404, da Função Gratificada de Chefe da Equipe Aduaneira - EAD/8 da Alfândega da Receita Federal do Brasil no Porto de Vitoria (ES), Código FG-1.</p><p>Nº 5.759 Dispensar, a partir de 01/01/2018,  o Auditor-Fiscal da Receita Federal do Brasil MARCUS VINICIUS DE ABREU SOUZA, matrícula SiapeCad nº 01131299, da Função Gratificada de Chefe da Equipe Aduaneira - EAD/9 da Alfândega da Receita Federal do Brasil no Porto de Vitoria (ES), Código FG-1.</p><p>Nº 5.760 Dispensar, a partir de 01/01/2018,  o Auditor-Fiscal da Receita Federal do Brasil ZOZIMO PEREIRA GARCIA, matrícula SiapeCad nº 00076432, da Função Gratificada de Chefe da Equipe Aduaneira - EAD/10 da Alfândega da Receita Federal do Brasil no Porto de Vitoria (ES), Código FG-2.</p><p>Nº 5.761 Dispensar, a partir de 01/01/2018,  a Analista-Tributário da Receita Federal do Brasil LUCIANE OLIVEIRA COMPANHONI, matrícula SiapeCad nº 01302634, da Função Gratificada de Chefe da Equipe Aduaneira - EAD/11 da Alfândega da Receita Federal do Brasil no Porto de Vitoria (ES), Código FG-2.</p><p>Nº 5.762 Dispensar, a partir de 01/01/2018,  a Auditora-Fiscal da Receita Federal do Brasil ANNA PAULA CABRAL GUERZET, matrícula SiapeCad nº 00020049, da Função Gratificada de Assistente da Alfândega da Receita Federal do Brasil no Porto de Vitoria (ES), Código FG-1.</p><p>Nº 5.763 Dispensar, a partir de 01/01/2018,  a Analista-Tributário da Receita Federal do Brasil ROSANA BARBIERI ELLER, matrícula SiapeCad nº 00018927, da Função Gratificada de Assistente da Alfândega da Receita Federal do Brasil no Porto de Vitoria (ES), Código FG-2.</p>]]></Texto>
    <Autores>
      <assina>JORGE ANTONIO DEHER RACHID</assina>
    </Autores>
  </body>
</article></xml>