﻿<xml><article id="961891" name="PRFB3724a4017" idOficio="4624147" pubName="DO2" artType="Portaria" pubDate="02/01/2018" artClass="00012:00055:00000:00000:00000:00000:00000:00000:00000:00000:00025:00002" artSection="Ministério da Fazenda" artCategory="Secretaria da Receita Federal do Brasil" artSize="8" artNotes="" numberPage="42-43-44-45-46-47-54" pdfPage="http://pesquisa.in.gov.br/imprensa/jsp/visualiza/index.jsp?data=02/01/2018&amp;jornal=529&amp;pagina=42,http://pesquisa.in.gov.br/imprensa/jsp/visualiza/index.jsp?data=02/01/2018&amp;jornal=529&amp;pagina=43,http://pesquisa.in.gov.br/imprensa/jsp/visualiza/index.jsp?data=02/01/2018&amp;jornal=529&amp;pagina=44,http://pesquisa.in.gov.br/imprensa/jsp/visualiza/index.jsp?data=02/01/2018&amp;jornal=529&amp;pagina=45,http://pesquisa.in.gov.br/imprensa/jsp/visualiza/index.jsp?data=02/01/2018&amp;jornal=529&amp;pagina=46,http://pesquisa.in.gov.br/imprensa/jsp/visualiza/index.jsp?data=02/01/2018&amp;jornal=529&amp;pagina=47,http://pesquisa.in.gov.br/imprensa/jsp/visualiza/index.jsp?data=02/01/2018&amp;jornal=529&amp;pagina=54" editionNumber="1">
  <body>
    <Identifica><![CDATA[PORTARIAS DE 26 DE DEZEMBRO DE 2017]]></Identifica>
    <Data><![CDATA[]]></Data>
    <Ementa />
    <Titulo />
    <SubTitulo />
    <Texto><![CDATA[<p> O SECRETÁRIO DA RECEITA FEDERAL DO BRASIL, no uso das competências que lhe foram delegada e subdelegada, respectivamente, pelas Portarias MF nºs 392 e 393, de 14 de julho de 2009, alteradas pela Portaria MF nº 100, de 28 de março de 2017, resolve:</p><p>Nº 3.724 Designar a Auditora-Fiscal da Receita Federal do Brasil MARINA DOS SANTOS MEZZACAPPA, matrícula SiapeCad nº 01571043, para exercer a Função Gratificada de Chefe da Seção de Comunicação Institucional - Sacin da Superintendência Regional da Receita Federal do Brasil da 8ª Região Fiscal (SP), Código FG-1.</p><p>Nº 3.725 Designar o Auditor-Fiscal da Receita Federal do Brasil JONAS DE MAGALHAES CATTA PRETA, matrícula SiapeCad nº 01255457, para exercer a Função Comissionada do Poder Executivo de Chefe do Serviço Regional de Programação, Avaliação e Controle da Atividade Fiscal - Sepac da Superintendência Regional da Receita Federal do Brasil da 8ª Região Fiscal (SP), Código FCPE-101.1.</p><p>Nº 3.726 Designar o Auditor-Fiscal da Receita Federal do Brasil MAURICIO FERRARI CEI, matrícula SiapeCad nº 01294325, para exercer o encargo de Substituto Eventual do Chefe do Serviço Regional de Programação, Avaliação e Controle da Atividade Fiscal - Sepac da Superintendência Regional da Receita Federal do Brasil da 8ª Região Fiscal (SP), Código FCPE-101.1.</p><p>Nº 3.727 Designar o Auditor-Fiscal da Receita Federal do Brasil ALAN TOWERSEY, matrícula SiapeCad nº 01291922, para exercer a Função Comissionada do Poder Executivo de Chefe da Divisão de Vigilância e Repressão ao Contrabando e Descaminho - Direp da Superintendência Regional da Receita Federal do Brasil da 8ª Região Fiscal (SP), Código FCPE-101.2.</p><p>Nº 3.728 Designar o Analista-Tributário da Receita Federal do Brasil MARCIO AUGUSTO PIAGENTINI, matrícula SiapeCad nº 01291442, para exercer a Função Comissionada do Poder Executivo de Chefe do Serviço de Programação e Logística - Sepol da Superintendência Regional da Receita Federal do Brasil da 8ª Região Fiscal (SP), Código FCPE-101.1.</p><p>Nº 3.729 Designar o Analista Técnico-Administrativo PAULO ANDRE URBANO ALBEJANTE, matrícula SiapeCad nº 01905468, para exercer o encargo de Substituto Eventual do Chefe do Serviço de Programação e Logística - Sepol da Superintendência Regional da Receita Federal do Brasil da 8ª Região Fiscal (SP), Código FCPE-101.1.</p><p>Nº 3.730 Designar o Analista-Tributário da Receita Federal do Brasil MAURICIO JOSE DE ARAUJO GRIGOLETTO, matrícula SiapeCad nº 00067911, para exercer a Função Gratificada de Chefe da Seção de Licitações - Salic da Superintendência Regional da Receita Federal do Brasil da 8ª Região Fiscal (SP), Código FG-1.</p><p>Nº 3.731 Designar o Analista Técnico-Administrativo PAULO ANDRE URBANO ALBEJANTE, matrícula SiapeCad nº 01905468, para exercer a Função Gratificada de Chefe da Seção de Contratos - Sacon da Superintendência Regional da Receita Federal do Brasil da 8ª Região Fiscal (SP), Código FG-1.</p><p>Nº 3.732 Designar o Analista-Tributário da Receita Federal do Brasil JAIME JOSE TEIXEIRA QUEIROGA, matrícula SiapeCad nº 01130854, para exercer a Função Gratificada de Chefe da Seção de Orçamento e Finanças - Saofi da Superintendência Regional da Receita Federal do Brasil da 8ª Região Fiscal (SP), Código FG-1.</p><p>Nº 3.733 Designar a Técnico em Contabilidade MARIA DE LOURDES DA SILVA KISS, matrícula SiapeCad nº 00118088, para exercer a Função Gratificada de Chefe do Núcleo de Contabilidade - Nutab da Superintendência Regional da Receita Federal do Brasil da 8ª Região Fiscal (SP), Código FG-3.</p><p>Nº 3.734 Designar o Analista-Tributário da Receita Federal do Brasil SERGIO POLICASTRO, matrícula SiapeCad nº 00024041, para exercer a Função Comissionada do Poder Executivo de Chefe do Serviço de Mercadorias Apreendidas - Semap da Superintendência Regional da Receita Federal do Brasil da 8ª Região Fiscal (SP), Código FCPE-101.1.</p><p>Nº 3.735 Designar o Analista-Tributário da Receita Federal do Brasil LUIS FERNANDO ROCHA SIMONETTI PEREIRA, matrícula SiapeCad nº 00087714, para exercer o encargo de Substituto Eventual do Chefe do Serviço de Mercadorias Apreendidas - Semap da Superintendência Regional da Receita Federal do Brasil da 8ª Região Fiscal (SP), Código FCPE-101.1.</p><p>Nº 3.736 Designar a Agente Administrativo CELMA SUELI ALBUQUERQUE COSTA, matrícula SiapeCad nº 00005782, para exercer a Função Gratificada de Chefe do Núcleo de Patrimônio - Nupat da Superintendência Regional da Receita Federal do Brasil da 8ª Região Fiscal (SP), Código FG-3.</p><p>Nº 3.737 Designar o Auditor-Fiscal da Receita Federal do Brasil MARCELO KOJI KAWABATA, matrícula SiapeCad nº 01213744, para exercer a Função Comissionada do Poder Executivo de Chefe da Divisão de Tecnologia e Segurança da Informação - Ditec da Superintendência Regional da Receita Federal do Brasil da 8ª Região Fiscal (SP), Código FCPE-101.2.</p><p>Nº 3.738 Designar o Auditor-Fiscal da Receita Federal do Brasil DANILO RYOJI MATSUURA, matrícula SiapeCad nº 00065049, para exercer o encargo de Substituto Eventual do Chefe da Divisão de Tecnologia e Segurança da Informação - Ditec da Superintendência Regional da Receita Federal do Brasil da 8ª Região Fiscal (SP), Código FCPE-101.2.</p><p>Nº 3.739 Designar o Analista-Tributário da Receita Federal do Brasil ALBERTO TERUHIKO YOSHIOKA, matrícula SiapeCad nº 01130589, para exercer a Função Comissionada do Poder Executivo de Chefe do Serviço de Tecnologia e Segurança da Informação - Setec da Superintendência Regional da Receita Federal do Brasil da 8ª Região Fiscal (SP), Código FCPE-101.1.</p><p>Nº 3.740 Designar o Analista-Tributário da Receita Federal do Brasil FLAVIO HARUITI KATAKURA, matrícula SiapeCad nº 00027044, para exercer o encargo de Substituto Eventual do Chefe do Serviço de Tecnologia e Segurança da Informação - Setec da Superintendência Regional da Receita Federal do Brasil da 8ª Região Fiscal (SP), Código FCPE-101.1.</p><p>Nº 3.741 Designar a Analista Técnico-Administrativo VANESSA DINAPOLI, matrícula SiapeCad nº 01903696, para exercer a Função Gratificada de Chefe da Seção de Gestão de Serviços - Sages da Superintendência Regional da Receita Federal do Brasil da 8ª Região Fiscal (SP), Código FG-1.</p><p>Nº 3.742 Designar o Auditor-Fiscal da Receita Federal do Brasil FRANCISCO EUCLIDES ARAUJO XAVIER, matrícula SiapeCad nº 00022250, para exercer a Função Gratificada de Chefe da Seção de Gestão Regional do Ambiente Informatizado - Sainf da Superintendência Regional da Receita Federal do Brasil da 8ª Região Fiscal (SP), Código FG-1.</p><p>Nº 3.743 Designar o Auditor-Fiscal da Receita Federal do Brasil FABRICIO GEORGE CHRISTOFOLETTI, matrícula SiapeCad nº 01180431, para exercer a Função Gratificada de Chefe da Seção de Gestão Regional de Segurança da Informação - Saseg da Superintendência Regional da Receita Federal do Brasil da 8ª Região Fiscal (SP), Código FG-1.</p><p>Nº 3.744 Designar o Auditor-Fiscal da Receita Federal do Brasil DANILO RYOJI MATSUURA, matrícula SiapeCad nº 00065049, para exercer a Função Gratificada de Chefe da Seção de Cadastramento Regional - Sacti da Superintendência Regional da Receita Federal do Brasil da 8ª Região Fiscal (SP), Código FG-1.</p><p>Nº 3.745 Designar a Assistente Técnico-Administrativo ELEONORA MARIA DE SOUZA RIGOTTI MEINBERG, matrícula SiapeCad nº 01912372, para exercer a Função Comissionada do Poder Executivo de Chefe do Serviço de Gestão de Pessoas - Segep da Superintendência Regional da Receita Federal do Brasil da 8ª Região Fiscal (SP), Código FCPE-101.1.</p><p>Nº 3.746 Designar o Analista-Tributário da Receita Federal do Brasil ANDRE TEIXEIRA LOPES, matrícula SiapeCad nº 01811761, para exercer o encargo de Substituto Eventual do Chefe do Serviço de Gestão de Pessoas - Segep da Superintendência Regional da Receita Federal do Brasil da 8ª Região Fiscal (SP), Código FCPE-101.1.</p><p>Nº 3.747 Designar a Analista-Tributário da Receita Federal do Brasil RENATA TRINDADE CORDEIRO, matrícula SiapeCad nº 01293565, para exercer a Função Gratificada de Chefe da Seção de Administração de Pessoas - Saape da Superintendência Regional da Receita Federal do Brasil da 8ª Região Fiscal (SP), Código FG-1.</p><p>Nº 3.748 Designar a Analista do Seguro Social SAMANTHA MARA BROCCO SILVA CARDOSO, matrícula SiapeCad nº 01217075, para exercer a Função Gratificada de Chefe da Seção de Pagamento de Pessoal - Sapag da Superintendência Regional da Receita Federal do Brasil da 8ª Região Fiscal (SP), Código FG-1.</p><p>Nº 3.749 Designar a Assistente Técnico-Administrativo VANESSA KALIL CABELLO FERRAZ ARAUJO, matrícula SiapeCad nº 01495321, para exercer a Função Gratificada de Chefe da Seção de Desenvolvimento, Capacitação e Gestão de Desempenho - Sadec da Superintendência Regional da Receita Federal do Brasil da 8ª Região Fiscal (SP), Código FG-1.</p><p>Nº 3.750 Designar a Analista-Tributário da Receita Federal do Brasil CASSIMILA CARVALHO DE SOUSA, matrícula SiapeCad nº 01881172, para exercer a Função Gratificada de Chefe do Núcleo de Valorização e Qualidade de Vida no Trabalho - Nuvaq da Superintendência Regional da Receita Federal do Brasil da 8ª Região Fiscal (SP), Código FG-3.</p><p>Nº 3.751 Designar a Analista Técnico-Administrativo ANA CAROLINE TOKUMOTO, matrícula SiapeCad nº 01903879, para exercer a Função Gratificada de Chefe da Seção de Legislação de Pessoal - Salep da Superintendência Regional da Receita Federal do Brasil da 8ª Região Fiscal (SP), Código FG-1.</p><p>Nº 3.752 Designar o Analista-Tributário da Receita Federal do Brasil VACILIE MIHALIUC JUNIOR, matrícula SiapeCad nº 00014779, para exercer a Função Gratificada de Chefe da Equipe de Tributação - ETR/2 da Superintendência Regional da Receita Federal do Brasil da 8ª Região Fiscal (SP), Código FG-1.</p><p>Nº 3.753 Designar o Auditor-Fiscal da Receita Federal do Brasil AMILSON MELO SANTOS, matrícula SiapeCad nº 00881675, para exercer a Função Gratificada de Chefe da Equipe de Tributação - ETR/3 da Superintendência Regional da Receita Federal do Brasil da 8ª Região Fiscal (SP), Código FG-1.</p><p>Nº 3.754 Designar o Auditor-Fiscal da Receita Federal do Brasil RODRIGO LOPES ARAUJO, matrícula SiapeCad nº 01293326, para exercer a Função Gratificada de Chefe da Equipe de Programação, Avaliação e Controle da Atividade Fiscal 1 - Eqpac1 da Superintendência Regional da Receita Federal do Brasil da 8ª Região Fiscal (SP), Código FG-1.</p><p>Nº 3.755 Designar o Auditor-Fiscal da Receita Federal do Brasil AMILTON GIRARDI, matrícula SiapeCad nº 00877720, para exercer a Função Gratificada de Chefe da Equipe de Programação, Avaliação e Controle da Atividade Fiscal 2 - Eqpac2 da Superintendência Regional da Receita Federal do Brasil da 8ª Região Fiscal (SP), Código FG-1.</p><p>Nº 3.756 Designar o Auditor-Fiscal da Receita Federal do Brasil ALBERTO ADAMI, matrícula SiapeCad nº 01291435, para exercer a Função Gratificada de Chefe da Equipe de Programação, Avaliação e Controle da Atividade Fiscal 3 - Eqpac3 da Superintendência Regional da Receita Federal do Brasil da 8ª Região Fiscal (SP), Código FG-1.</p><p>Nº 3.757 Designar o Analista-Tributário da Receita Federal do Brasil EDICLEY DA CONCEICAO PAIXAO, matrícula SiapeCad nº 01131555, para exercer a Função Gratificada de Chefe da Equipe de Gestão Corporativa 1 - EGC1 da Superintendência Regional da Receita Federal do Brasil da 8ª Região Fiscal (SP), Código FG-3.</p><p>Nº 3.758 Designar a Analista-Tributário da Receita Federal do Brasil CRISTIANI CASSOTI NAVES PEREIRA, matrícula SiapeCad nº 01294038, para exercer a Função Gratificada de Chefe da Equipe de Gestão Corporativa 2 - EGC2 da Superintendência Regional da Receita Federal do Brasil da 8ª Região Fiscal (SP), Código FG-3.</p><p>Nº 3.759 Designar o Analista-Tributário da Receita Federal do Brasil JULIO CESAR MOREIRA MOUTA, matrícula SiapeCad nº 01173471, para exercer a Função Gratificada de Chefe da Equipe de Gestão Corporativa 3 - EGC3 da Superintendência Regional da Receita Federal do Brasil da 8ª Região Fiscal (SP), Código FG-3.</p><p>Nº 3.760 Designar o Auditor-Fiscal da Receita Federal do Brasil CARLOS EDUARDO GIANCURSI FORMAGIO, matrícula SiapeCad nº 01951344, para exercer a Função Gratificada de Chefe do Setor de Administração Aduaneira - Soana da Delegacia da Receita Federal do Brasil em Aracatuba (SP), Código FG-2.</p><p>Nº 3.761 Designar o Analista-Tributário da Receita Federal do Brasil MARCELO PINHEIRO GHETTI, matrícula SiapeCad nº 00004200, para exercer a Função Gratificada de Chefe da Seção de Tecnologia e Segurança da Informação - Satec da Delegacia da Receita Federal do Brasil em Aracatuba (SP), Código FG-1.</p><p>Nº 3.762 Designar o Auditor-Fiscal da Receita Federal do Brasil BRUNO CHIARADIA, matrícula SiapeCad nº 01220845, para exercer a Função Gratificada de Chefe da Seção de Administração Aduaneira - Saana da Delegacia da Receita Federal do Brasil em Bauru (SP), Código FG-1.</p><p>Nº 3.763 Designar o Analista-Tributário da Receita Federal do Brasil FERNANDO ANTONIO PEREIRA GONDIM, matrícula SiapeCad nº 00068615, para exercer a Função Gratificada de Chefe da Seção de Tecnologia e Segurança da Informação - Satec da Delegacia da Receita Federal do Brasil em Bauru (SP), Código FG-1.</p><p>Nº 3.764 Designar a Analista-Tributário da Receita Federal do Brasil MARLY DE SOUZA, matrícula SiapeCad nº 00014968, para exercer a Função Comissionada do Poder Executivo de Chefe do Serviço de Tecnologia e Segurança da Informação - Setec da Delegacia da Receita Federal do Brasil em Campinas (SP), Código FCPE-101.1.</p><p>Nº 3.765 Designar o Analista-Tributário da Receita Federal do Brasil CARLOS ALBERTO CORREA, matrícula SiapeCad nº 00018462, para exercer o encargo de Substituto Eventual do Chefe do Serviço de Tecnologia e Segurança da Informação - Setec da Delegacia da Receita Federal do Brasil em Campinas (SP), Código FCPE-101.1.</p><p>Nº 3.766 Designar o Auditor-Fiscal da Receita Federal do Brasil JORGE MASAO MASSUNARI, matrícula SiapeCad nº 00863180, para exercer a Função Gratificada de Chefe do Setor de Administração Aduaneira - Soana da Delegacia da Receita Federal do Brasil em Presidente Prudente (SP), Código FG-2.</p><p>Nº 3.767 Designar o Auditor-Fiscal da Receita Federal do Brasil JOSE CARLOS DIAS, matrícula SiapeCad nº 01132863, para exercer a Função Gratificada de Chefe da Seção de Vigilância e Repressão ao Contrabando e Descaminho - Sarep da Delegacia da Receita Federal do Brasil em Presidente Prudente (SP), Código FG-1.</p><p>Nº 3.768 Designar o Analista-Tributário da Receita Federal do Brasil LAERCIO YUZO UEHARA, matrícula SiapeCad nº 00027641, para exercer a Função Gratificada de Chefe da Seção de Tecnologia e Segurança da Informação - Satec da Delegacia da Receita Federal do Brasil em Presidente Prudente (SP), Código FG-1.</p><p>Nº 3.769 Designar o Técnico do Seguro Social LUIZ HUMBERTO JOSE DE NOVAES, matrícula SiapeCad nº 00864383, para exercer a Função Gratificada de Agente da Receita Federal do Brasil em Presidente Venceslau (SP), jurisdição da Delegacia da Receita Federal do Brasil em Presidente Prudente (SP), Código FG-3.</p><p>Nº 3.770 Designar a Analista-Tributário da Receita Federal do Brasil MARIA DE FATIMA ISERN DO PRADO LEITE, matrícula SiapeCad nº 00024683, para exercer a Função Comissionada do Poder Executivo de Chefe do Serviço de Tecnologia e Segurança da Informação - Setec da Delegacia da Receita Federal do Brasil em Santos (SP), Código FCPE-101.1.</p><p>Nº 3.771 Designar o Auditor-Fiscal da Receita Federal do Brasil MARCO AURELIO FERREIRA DA SILVA, matrícula SiapeCad nº 00865438, para exercer a Função Gratificada de Chefe da Equipe de Fiscalização - EFI/1 da Delegacia da Receita Federal do Brasil em Santos (SP), Código FG-1.</p><p>Nº 3.772 Designar a Auditora-Fiscal da Receita Federal do Brasil MARIA SALETE JAHJAH, matrícula SiapeCad nº 00877691, para exercer a Função Gratificada de Chefe da Equipe de Informação Fiscal 1 - EIF1 da Delegacia da Receita Federal do Brasil em Santos (SP), Código FG-1.</p><p>Nº 3.773 Designar o Analista-Tributário da Receita Federal do Brasil DANIEL MARTINS MOREIRA, matrícula SiapeCad nº 01215367, para exercer a Função Gratificada de Chefe da Seção de Tecnologia e Segurança da Informação - Satec da Delegacia da Receita Federal do Brasil em São José do Rio Preto (SP), Código FG-1.</p><p>Nº 3.774 Designar o Analista-Tributário da Receita Federal do Brasil MARCOS ROBERTO NAGATA, matrícula SiapeCad nº 00026678, para exercer a Função Comissionada do Poder Executivo de Agente da Receita Federal do Brasil em Votuporanga (SP), jurisdição da Delegacia da Receita Federal do Brasil em São José do Rio Preto (SP), Código FCPE-101.1.</p><p>Nº 3.775 Designar o Analista-Tributário da Receita Federal do Brasil CARLOS ROBERTO SERAO, matrícula SiapeCad nº 00057041, para exercer o encargo de Substituto Eventual do Agente da Receita Federal do Brasil em Votuporanga (SP), jurisdição da Delegacia da Receita Federal do Brasil em São José do Rio Preto (SP), Código FCPE-101.1.</p><p>Nº 3.776 Designar o Analista-Tributário da Receita Federal do Brasil CARLOS ROBERTO SERAO, matrícula SiapeCad nº 00057041, para exercer a Função Gratificada de Chefe do Setor de Arrecadação e Cobrança - Sorac da Agência da Receita Federal do Brasil em Votuporanga (SP), jurisdição da Delegacia da Receita Federal do Brasil em São José do Rio Preto (SP), Código FG-2.</p><p>Nº 3.777 Designar o Auditor-Fiscal da Receita Federal do Brasil ADEMILSON DE SOUZA, matrícula SiapeCad nº 00022581, para exercer a Função Gratificada de Chefe da Seção de Tecnologia e Segurança da Informação - Satec da Delegacia da Receita Federal do Brasil em Taubate (SP), Código FG-1.</p><p>Nº 3.778 Designar o Analista-Tributário da Receita Federal do Brasil GILBERTO FELIPE DE SALES, matrícula SiapeCad nº 00020725, para exercer a Função Gratificada de Agente da Receita Federal do Brasil em Ubatuba (SP), jurisdição da Delegacia da Receita Federal do Brasil em Taubate (SP), Código FG-1.</p><p>Nº 3.779 Designar o Auditor-Fiscal da Receita Federal do Brasil EDILSON LUIZ MOLERO, matrícula SiapeCad nº 00063952, para exercer a Função Gratificada de Chefe da Seção de Administração Aduaneira - Saana da Delegacia da Receita Federal do Brasil em Ribeirao Preto (SP), Código FG-1.</p><p>Nº 3.780 Designar o Analista Técnico-Administrativo VINICIUS MELCHIOR FURTADO, matrícula SiapeCad nº 01779090, para exercer a Função Comissionada do Poder Executivo de Chefe do Serviço de Gestão Corporativa - Secor da Delegacia da Receita Federal do Brasil em Ribeirao Preto (SP), Código FCPE-101.1.</p><p>Nº 3.781 Designar o Analista-Tributário da Receita Federal do Brasil EDUARDO MEDEIROS AIDAR, matrícula SiapeCad nº 01293833, para exercer o encargo de Substituto Eventual do Chefe do Serviço de Gestão Corporativa - Secor da Delegacia da Receita Federal do Brasil em Ribeirao Preto (SP), Código FCPE-101.1.</p><p>Nº 3.782 Designar o Analista-Tributário da Receita Federal do Brasil EDUARDO MEDEIROS AIDAR, matrícula SiapeCad nº 01293833, para exercer a Função Gratificada de Chefe da Seção de Programação e Logística - Sapol da Delegacia da Receita Federal do Brasil em Ribeirao Preto (SP), Código FG-1.</p><p>Nº 3.783 Designar o Analista-Tributário da Receita Federal do Brasil MARCIO ANTONIO SIESSERE, matrícula SiapeCad nº 00003342, para exercer a Função Gratificada de Chefe da Seção de Tecnologia e Segurança da Informação - Satec da Delegacia da Receita Federal do Brasil em Ribeirao Preto (SP), Código FG-1.</p><p>Nº 3.784 Designar o Analista-Tributário da Receita Federal do Brasil JOAO PEREIRA DA SILVA, matrícula SiapeCad nº 00005420, para exercer a Função Gratificada de Chefe da Seção de Gestão de Pessoas - Sagep da Delegacia da Receita Federal do Brasil em Ribeirao Preto (SP), Código FG-1.</p><p>Nº 3.785 Designar o Auditor-Fiscal da Receita Federal do Brasil PAULO SERGIO DE CASTRO BELCHIOR JUNIOR, matrícula SiapeCad nº 01220540, para exercer a Função Gratificada de Chefe da Equipe de Informação Fiscal 1 - EIF1 da Delegacia da Receita Federal do Brasil em Ribeirao Preto (SP), Código FG-1.</p><p>Nº 3.786 Designar o Analista-Tributário da Receita Federal do Brasil JOSE HILARIO BIANCHI, matrícula SiapeCad nº 00087729, para exercer a Função Comissionada do Poder Executivo de Chefe do Serviço de Tecnologia e Segurança da Informação - Setec da Delegacia da Receita Federal do Brasil em Sorocaba (SP), Código FCPE-101.1.</p><p>Nº 3.787 Designar o Analista-Tributário da Receita Federal do Brasil SILVIO MARTINS MACHADO, matrícula SiapeCad nº 00004469, para exercer o encargo de Substituto Eventual do Chefe do Serviço de Tecnologia e Segurança da Informação - Setec da Delegacia da Receita Federal do Brasil em Sorocaba (SP), Código FCPE-101.1.</p><p>Nº 3.788 Designar o Auditor-Fiscal da Receita Federal do Brasil JOSE ROBERTO FONSECA, matrícula SiapeCad nº 00063737, para exercer a Função Gratificada de Chefe da Equipe de Fiscalização - EFI/4 da Delegacia da Receita Federal do Brasil em Sorocaba (SP), Código FG-1.</p><p>Nº 3.789 Designar o Auditor-Fiscal da Receita Federal do Brasil RICARDO ABDUL NOUR TIOSSO, matrícula SiapeCad nº 01653835, para exercer a Função Gratificada de Chefe da Equipe de Informação Fiscal 1 - EIF1 da Delegacia da Receita Federal do Brasil em Sorocaba (SP), Código FG-1.</p><p>Nº 3.790 Designar o Analista-Tributário da Receita Federal do Brasil MARCELO NATARIANI, matrícula SiapeCad nº 00065611, para exercer a Função Comissionada do Poder Executivo de Chefe do Serviço de Tecnologia e Segurança da Informação - Setec da Delegacia da Receita Federal do Brasil em Guarulhos (SP), Código FCPE-101.1.</p><p>Nº 3.791 Designar a Analista-Tributário da Receita Federal do Brasil ELIZABETE SOMBINI DA SILVA, matrícula SiapeCad nº 00024876, para exercer o encargo de Substituto Eventual do Chefe do Serviço de Tecnologia e Segurança da Informação - Setec da Delegacia da Receita Federal do Brasil em Guarulhos (SP), Código FCPE-101.1.</p><p>Nº 3.792 Designar o Auditor-Fiscal da Receita Federal do Brasil ROBERTO REZENDE CASTRO, matrícula SiapeCad nº 01220890, para exercer a Função Gratificada de Chefe da Equipe de Informação Fiscal 1 - EIF1 da Delegacia da Receita Federal do Brasil em Guarulhos (SP), Código FG-1.</p><p>Nº 3.793 Designar a Técnico do Seguro Social VALNI ADORNO CHIAVEGATTO, matrícula SiapeCad nº 00864742, para exercer a Função Gratificada de Chefe do Setor de Arrecadação e Cobrança - Sorac da Agência da Receita Federal do Brasil em Suzano (SP), jurisdição da Delegacia da Receita Federal do Brasil em Guarulhos (SP), Código FG-2.</p><p>Nº 3.794 Designar o Analista-Tributário da Receita Federal do Brasil ALEXANDRE KOSHIBA GALINSKAS, matrícula SiapeCad nº 01295439, para exercer a Função Gratificada de Chefe da Equipe de Atendimento ao Contribuinte 01 da Agência da Receita Federal do Brasil em Suzano (SP), jurisdição da Delegacia da Receita Federal do Brasil em Guarulhos (SP), Código FG-2.</p><p>Nº 3.795 Designar o Auditor-Fiscal da Receita Federal do Brasil WILSON YUTAKA IIDA, matrícula SiapeCad nº 01171237, para exercer o encargo de Substituto Eventual do Chefe do Serviço de Orientação e Análise Tributária - Seort da Delegacia da Receita Federal do Brasil em Limeira (SP), Código FCPE-101.1.</p><p>Nº 3.796 Designar o Analista-Tributário da Receita Federal do Brasil EDMILSON DE PAULA FELIZARDO, matrícula SiapeCad nº 00068547, para exercer a Função Comissionada do Poder Executivo de Chefe do Serviço de Tecnologia e Segurança da Informação - Setec da Delegacia da Receita Federal do Brasil em Limeira (SP), Código FCPE-101.1.</p><p>Nº 3.797 Designar o Analista-Tributário da Receita Federal do Brasil ARNALDO RIBEIRO DA SILVA JUNIOR, matrícula SiapeCad nº 00068529, para exercer o encargo de Substituto Eventual do Chefe do Serviço de Tecnologia e Segurança da Informação - Setec da Delegacia da Receita Federal do Brasil em Limeira (SP), Código FCPE-101.1.</p><p>Nº 3.798 Designar o Auditor-Fiscal da Receita Federal do Brasil JOSE JOEL BISSOLI, matrícula SiapeCad nº 00023500, para exercer a Função Gratificada de Chefe da Equipe de Informação Fiscal 1 - EIF1 da Delegacia da Receita Federal do Brasil em Limeira (SP), Código FG-1.</p><p>Nº 3.799 Designar o Analista-Tributário da Receita Federal do Brasil JOSE RAFAEL PIRILLO, matrícula SiapeCad nº 01213659, para exercer a Função Comissionada do Poder Executivo de Chefe do Serviço de Tecnologia e Segurança da Informação - Setec da Delegacia da Receita Federal do Brasil em Osasco (SP), Código FCPE-101.1.</p><p>Nº 3.800 Designar o Auditor-Fiscal da Receita Federal do Brasil VITOR BRANDT CALCAVARA, matrícula SiapeCad nº 01488670, para exercer a Função Gratificada de Chefe da Equipe de Informação Fiscal 1 - EIF1 da Delegacia da Receita Federal do Brasil em Osasco (SP), Código FG-1.</p><p>Nº 3.801 Designar a Analista-Tributário da Receita Federal do Brasil BRUNA BARBOSA DE CARVALHO, matrícula SiapeCad nº 01878671, para exercer a Função Gratificada de Chefe do Setor de Arrecadação e Cobrança - Sorac da Agência da Receita Federal do Brasil em Taboão da Serra (SP), jurisdição da Delegacia da Receita Federal do Brasil em Osasco (SP), Código FG-2.</p><p>Nº 3.802 Designar a Técnico do Seguro Social ANA MARIA RODRIGUES DE ALMEIDA MARQUES, matrícula SiapeCad nº 00865084, para exercer a Função Gratificada de Chefe da Equipe de Atendimento ao Contribuinte 01 da Agência da Receita Federal do Brasil em Taboão da Serra (SP), jurisdição da Delegacia da Receita Federal do Brasil em Osasco (SP), Código FG-2.</p><p>Nº 3.803 Designar o Analista-Tributário da Receita Federal do Brasil NILTON HAASE, matrícula SiapeCad nº 00057540, para exercer a Função Comissionada do Poder Executivo de Chefe do Serviço de Tecnologia e Segurança da Informação - Setec da Delegacia da Receita Federal do Brasil em Santo Andre (SP), Código FCPE-101.1.</p><p>Nº 3.804 Designar o Analista-Tributário da Receita Federal do Brasil ROGERIO CARREGOSA MENEZES, matrícula SiapeCad nº 00068678, para exercer o encargo de Substituto Eventual do Chefe do Serviço de Tecnologia e Segurança da Informação - Setec da Delegacia da Receita Federal do Brasil em Santo Andre (SP), Código FCPE-101.1.</p><p>Nº 3.805 Designar o Auditor-Fiscal da Receita Federal do Brasil JOAO BOSCO DE PAIVA LOPES, matrícula SiapeCad nº 00005661, para exercer a Função Gratificada de Chefe da Equipe de Informação Fiscal 1 - EIF1 da Delegacia da Receita Federal do Brasil em Santo Andre (SP), Código FG-1.</p><p>Nº 3.806 Designar o Auditor-Fiscal da Receita Federal do Brasil CELIO AUGUSTO LOPES, matrícula SiapeCad nº 00025370, para exercer a Função Gratificada de Chefe da Seção de Administração Aduaneira - Saana da Delegacia da Receita Federal do Brasil em Marilia (SP), Código FG-1.</p><p>Nº 3.807 Designar o Analista-Tributário da Receita Federal do Brasil EDSON MASSATOSHI SYGUEDOMI, matrícula SiapeCad nº 00057593, para exercer a Função Gratificada de Chefe da Seção de Tecnologia e Segurança da Informação - Satec da Delegacia da Receita Federal do Brasil em Marilia (SP), Código FG-1.</p><p>Nº 3.808 Designar o Analista-Tributário da Receita Federal do Brasil ESDRAS RICARDO PEDRIALI CONTESSOTO, matrícula SiapeCad nº 01879312, para exercer a Função Gratificada de Agente da Receita Federal do Brasil em Piraju (SP), jurisdição da Delegacia da Receita Federal do Brasil em Marilia (SP), Código FG-3.</p><p>Nº 3.809 Designar o Analista-Tributário da Receita Federal do Brasil LUIS EDUARDO HAYAKAWA, matrícula SiapeCad nº 01293876, para exercer a Função Comissionada do Poder Executivo de Chefe do Serviço de Tecnologia e Segurança da Informação - Setec da Delegacia da Receita Federal do Brasil em São Bernardo do Campo (SP), Código FCPE-101.1.</p><p>Nº 3.810 Designar o Técnico do Seguro Social MAURO SERGIO RODRIGUES DA COSTA, matrícula SiapeCad nº 00871113, para exercer o encargo de Substituto Eventual do Chefe do Serviço de Tecnologia e Segurança da Informação - Setec da Delegacia da Receita Federal do Brasil em São Bernardo do Campo (SP), Código FCPE-101.1.</p><p>Nº 3.811 Designar o Auditor-Fiscal da Receita Federal do Brasil SERGIO PIRES DE MORAIS, matrícula SiapeCad nº 00865365, para exercer a Função Gratificada de Chefe da Equipe de Fiscalização - EFI/3 da Delegacia da Receita Federal do Brasil em São Bernardo do Campo (SP), Código FG-1.</p><p>Nº 3.812 Designar o Auditor-Fiscal da Receita Federal do Brasil EDSON YURA, matrícula SiapeCad nº 00174744, para exercer a Função Gratificada de Chefe da Equipe de Informação Fiscal 1 - EIF1 da Delegacia da Receita Federal do Brasil em São Bernardo do Campo (SP), Código FG-1.</p><p>Nº 3.813 Designar o Analista-Tributário da Receita Federal do Brasil HELIO SEKI, matrícula SiapeCad nº 00057764, para exercer a Função Comissionada do Poder Executivo de Chefe do Serviço de Tecnologia e Segurança da Informação - Setec da Delegacia da Receita Federal do Brasil em Sao Jose dos Campos (SP), Código FCPE-101.1.</p><p>Nº 3.814 Designar o Analista-Tributário da Receita Federal do Brasil ANDRE PIMENTA MATHIAS, matrícula SiapeCad nº 01292078, para exercer o encargo de Substituto Eventual do Chefe do Serviço de Tecnologia e Segurança da Informação - Setec da Delegacia da Receita Federal do Brasil em Sao Jose dos Campos (SP), Código FCPE-101.1.</p><p>Nº 3.815 Designar a Auditora-Fiscal da Receita Federal do Brasil ISABEL MIOTTO JUCHEM, matrícula SiapeCad nº 01573056, para exercer a Função Gratificada de Chefe da Seção de Administração Aduaneira - Saana da Inspetoria da Receita Federal do Brasil em São Sebastião (SP), jurisdição da Delegacia da Receita Federal do Brasil em Sao Jose dos Campos (SP), Código FG-1.</p><p>Nº 3.816 Designar o Auditor-Fiscal da Receita Federal do Brasil AMAURI DE SOUZA CORREA, matrícula SiapeCad nº 00026005, para exercer a Função Gratificada de Chefe da Equipe Aduaneira 1 - EAD1 da Inspetoria da Receita Federal do Brasil em São Sebastião (SP), jurisdição da Delegacia da Receita Federal do Brasil em Sao Jose dos Campos (SP), Código FG-3.</p><p> Nº 3.817 Designar o Auditor-Fiscal da Receita Federal do Brasil MICHEL RENATO MANZOLLI BALLESTERO, matrícula SiapeCad nº 01815103, para exercer a Função Gratificada de Chefe da Seção de Administração Aduaneira - Saana da Delegacia da Receita Federal do Brasil em Araraquara (SP), Código FG-1.</p><p>Nº 3.818 Designar o Analista-Tributário da Receita Federal do Brasil ANDRE LUIS CARON LUCATO, matrícula SiapeCad nº 00068718, para exercer a Função Gratificada de Chefe da Seção de Tecnologia e Segurança da Informação - Satec da Delegacia da Receita Federal do Brasil em Araraquara (SP), Código FG-1.</p><p>Nº 3.819 Designar a Analista-Tributário da Receita Federal do Brasil MARIA DE FATIMA MARQUES DO NASCIMENTO DE FARIA, matrícula SiapeCad nº 00087790, para exercer a Função Comissionada do Poder Executivo de Agente da Receita Federal do Brasil em Sao Carlos (SP), jurisdição da Delegacia da Receita Federal do Brasil em Araraquara (SP), Código FCPE-101.1.</p><p>Nº 3.820 Designar a Técnico do Seguro Social ELISABETH APARECIDA DANELLA, matrícula SiapeCad nº 00864240, para exercer o encargo de Substituto Eventual do Agente da Receita Federal do Brasil em Sao Carlos (SP), jurisdição da Delegacia da Receita Federal do Brasil em Araraquara (SP), Código FCPE-101.1.</p><p>Nº 3.821 Designar a Analista-Tributário da Receita Federal do Brasil MARISA MARTINS BORGES, matrícula SiapeCad nº 00087717, para exercer a Função Gratificada de Chefe do Setor de Arrecadação e Cobrança - Sorac da Agência da Receita Federal do Brasil em Sao Carlos (SP), jurisdição da Delegacia da Receita Federal do Brasil em Araraquara (SP), Código FG-2.</p><p>Nº 3.822 Designar a Técnico do Seguro Social ELISABETH APARECIDA DANELLA, matrícula SiapeCad nº 00864240, para exercer a Função Gratificada de Chefe da Equipe de Atendimento ao Contribuinte 01 da Agência da Receita Federal do Brasil em Sao Carlos (SP), jurisdição da Delegacia da Receita Federal do Brasil em Araraquara (SP), Código FG-2.</p><p>Nº 3.823 Designar o Auditor-Fiscal da Receita Federal do Brasil GERALDO DE ALENCAR AMORIM, matrícula SiapeCad nº 00015461, para exercer a Função Gratificada de Chefe da Seção de Administração Aduaneira - Saana da Delegacia da Receita Federal do Brasil em Franca (SP), Código FG-1.</p><p>Nº 3.824 Designar o Analista-Tributário da Receita Federal do Brasil RICARDO QUEIROZ BRANDAO, matrícula SiapeCad nº 00015640, para exercer a Função Gratificada de Chefe da Seção de Tecnologia e Segurança da Informação - Satec da Delegacia da Receita Federal do Brasil em Franca (SP), Código FG-1.</p><p>Nº 3.825 Designar o Analista-Tributário da Receita Federal do Brasil MARCO ANTONIO RODRIGUES, matrícula SiapeCad nº 00058449, para exercer a Função Comissionada do Poder Executivo de Chefe do Serviço de Tecnologia e Segurança da Informação - Setec da Delegacia da Receita Federal do Brasil em Jundiai (SP), Código FCPE-101.1.</p><p>Nº 3.826 Designar a Analista-Tributário da Receita Federal do Brasil DANIELA RENOVATO TOBO, matrícula SiapeCad nº 01172947, para exercer o encargo de Substituto Eventual do Chefe do Serviço de Tecnologia e Segurança da Informação - Setec da Delegacia da Receita Federal do Brasil em Jundiai (SP), Código FCPE-101.1.</p><p>Nº 3.827 Designar a Auditora-Fiscal da Receita Federal do Brasil SONIA APARECIDA FINATI RICHIERI, matrícula SiapeCad nº 00865554, para exercer a Função Gratificada de Chefe da Equipe de Informação Fiscal 1 - EIF1 da Delegacia da Receita Federal do Brasil em Jundiai (SP), Código FG-1.</p><p>Nº 3.828 Designar o Auditor-Fiscal da Receita Federal do Brasil WAINER ASSIS DE OLIVEIRA, matrícula SiapeCad nº 01576894, para exercer a Função Gratificada de Chefe da Seção de Vigilância e Repressão ao Contrabando e Descaminho - Sarep da Delegacia da Receita Federal do Brasil em Piracicaba (SP), Código FG-1.</p><p>Nº 3.829 Designar o Analista-Tributário da Receita Federal do Brasil GABRIEL RODRIGUES MARCOLINI, matrícula SiapeCad nº 00068513, para exercer a Função Comissionada do Poder Executivo de Chefe do Serviço de Tecnologia e Segurança da Informação - Setec da Delegacia da Receita Federal do Brasil em Piracicaba (SP), Código FCPE-101.1.</p><p>Nº 3.830 Designar a Técnico do Seguro Social TANIA REGINA ANGELELLI, matrícula SiapeCad nº 00809169, para exercer o encargo de Substituto Eventual do Chefe do Serviço de Tecnologia e Segurança da Informação - Setec da Delegacia da Receita Federal do Brasil em Piracicaba (SP), Código FCPE-101.1.</p><p>Nº 3.831 Designar o Auditor-Fiscal da Receita Federal do Brasil MARCOS VINICIUS BELTRAME, matrícula SiapeCad nº 01291694, para exercer a Função Gratificada de Chefe da Equipe de Informação Fiscal 1 - EIF1 da Delegacia da Receita Federal do Brasil em Piracicaba (SP), Código FG-1.</p><p> Nº 3.832 Designar a Analista-Tributário da Receita Federal do Brasil VANESSA BARROS DOS SANTOS, matrícula SiapeCad nº 00062369, para exercer a Função Gratificada de Chefe do Setor de Arrecadação e Cobrança - Sorac da Agência da Receita Federal do Brasil em Americana (SP), jurisdição da Delegacia da Receita Federal do Brasil em Piracicaba (SP), Código FG-2.</p><p>Nº 3.833 Designar a Técnico do Seguro Social NADIR MARQUEZINI, matrícula SiapeCad nº 00863124, para exercer a Função Gratificada de Chefe da Equipe de Atendimento ao Contribuinte 01 da Agência da Receita Federal do Brasil em Americana (SP), jurisdição da Delegacia da Receita Federal do Brasil em Piracicaba (SP), Código FG-2.</p><p>Nº 3.834 Designar o Analista-Tributário da Receita Federal do Brasil RENATO MARTINS RIBEIRO, matrícula SiapeCad nº 01213706, para exercer a Função Comissionada do Poder Executivo de Chefe do Serviço de Tecnologia e Segurança da Informação - Setec da Delegacia da Receita Federal do Brasil em Barueri (SP), Código FCPE-101.1.</p><p>Nº 3.835 Designar o Analista-Tributário da Receita Federal do Brasil JOAO VITOR BOVERIO DA SILVA GOMES, matrícula SiapeCad nº 01812378, para exercer o encargo de Substituto Eventual do Chefe do Serviço de Tecnologia e Segurança da Informação - Setec da Delegacia da Receita Federal do Brasil em Barueri (SP), Código FCPE-101.1.</p><p>Nº 3.836 Designar o Auditor-Fiscal da Receita Federal do Brasil LEONARDO RIBEIRO LOBATO BICALHO, matrícula SiapeCad nº 01812136, para exercer a Função Gratificada de Chefe da Equipe de Arrecadação e Cobrança - EAC/4 da Delegacia da Receita Federal do Brasil em Barueri (SP), Código FG-1.</p><p>Nº 3.837 Designar o Auditor-Fiscal da Receita Federal do Brasil EDUARDO PINHEIRO MACHADO, matrícula SiapeCad nº 00865586, para exercer a Função Gratificada de Chefe da Equipe de Informação Fiscal 1 - EIF1 da Delegacia da Receita Federal do Brasil em Barueri (SP), Código FG-1.</p><p>Nº 3.838 Designar o Auditor-Fiscal da Receita Federal do Brasil ALDO ALVES DO AMARAL, matrícula SiapeCad nº 01292450, para exercer o encargo de Substituto Eventual do Chefe da Divisão de Fiscalização - Difis/2 da Delegacia Especial da Receita Federal do Brasil de Fiscalização de Comércio Exterior em São Paulo (SP), Código FCPE-101.2.</p><p>Nº 3.839 Designar a Auditora-Fiscal da Receita Federal do Brasil LUDMILA BRITO, matrícula SiapeCad nº 01573649, para exercer a Função Gratificada de Chefe da Seção de Programação, Avaliação e Controle da Atividade Fiscal - Sapac da Delegacia Especial da Receita Federal do Brasil de Fiscalização de Comércio Exterior em São Paulo (SP), Código FG-1.</p><p>Nº 3.840 Designar a Auditora-Fiscal da Receita Federal do Brasil JOYCE FRADE MACHADO, matrícula SiapeCad nº 01900697, para exercer a Função Gratificada de Chefe da Seção de Gestão de Riscos Aduaneiros - Sarad da Delegacia Especial da Receita Federal do Brasil de Fiscalização de Comércio Exterior em São Paulo (SP), Código FG-1.</p><p>Nº 3.841 Designar o Auditor-Fiscal da Receita Federal do Brasil HERMIRO DA SILVA OLIVEIRA, matrícula SiapeCad nº 01291436, para exercer a Função Comissionada do Poder Executivo de Chefe da Equipe de Fiscalização - EFI/1 da Delegacia Especial da Receita Federal do Brasil de Fiscalização de Comércio Exterior em São Paulo (SP), Código FCPE-101.1.</p><p>Nº 3.842 Designar a Auditora-Fiscal da Receita Federal do Brasil ENILDA ALMINHANA, matrícula SiapeCad nº 01569934, para exercer o encargo de Substituto Eventual do Chefe da Equipe de Fiscalização - EFI/1 da Delegacia Especial da Receita Federal do Brasil de Fiscalização de Comércio Exterior em São Paulo (SP), Código FCPE-101.1.</p><p>Nº 3.843 Designar a Auditora-Fiscal da Receita Federal do Brasil ALINE MAYUMI KOBAYASHI, matrícula SiapeCad nº 01491351, para exercer a Função Comissionada do Poder Executivo de Chefe da Equipe de Fiscalização - EFI/2 da Delegacia Especial da Receita Federal do Brasil de Fiscalização de Comércio Exterior em São Paulo (SP), Código FCPE-101.1.</p><p>Nº 3.844 Designar a Auditora-Fiscal da Receita Federal do Brasil ELAINE AUGUSTA DE CARVALHO, matrícula SiapeCad nº 01294760, para exercer o encargo de Substituto Eventual do Chefe da Equipe de Fiscalização - EFI/2 da Delegacia Especial da Receita Federal do Brasil de Fiscalização de Comércio Exterior em São Paulo (SP), Código FCPE-101.1.</p><p>Nº 3.845 Designar o Auditor-Fiscal da Receita Federal do Brasil ALDO ALVES DO AMARAL, matrícula SiapeCad nº 01292450, para exercer a Função Comissionada do Poder Executivo de Chefe da Equipe de Fiscalização - EFI/3 da Delegacia Especial da Receita Federal do Brasil de Fiscalização de Comércio Exterior em São Paulo (SP), Código FCPE-101.1.</p><p> Nº 3.846 Designar a Auditora-Fiscal da Receita Federal do Brasil LUCELIA GUEDES GUIMARAES, matrícula SiapeCad nº 01497402, para exercer o encargo de Substituto Eventual do Chefe da Equipe de Fiscalização - EFI/3 da Delegacia Especial da Receita Federal do Brasil de Fiscalização de Comércio Exterior em São Paulo (SP), Código FCPE-101.1.</p><p>Nº 3.847 Designar o Auditor-Fiscal da Receita Federal do Brasil EVERSON TADEU SEIJI DOI, matrícula SiapeCad nº 01220371, para exercer a Função Comissionada do Poder Executivo de Chefe da Equipe de Fiscalização - EFI/4 da Delegacia Especial da Receita Federal do Brasil de Fiscalização de Comércio Exterior em São Paulo (SP), Código FCPE-101.1.</p><p>Nº 3.848 Designar o Auditor-Fiscal da Receita Federal do Brasil NORTON DE CASTRO FORTES LOPES, matrícula SiapeCad nº 01217430, para exercer o encargo de Substituto Eventual do Chefe da Equipe de Fiscalização - EFI/4 da Delegacia Especial da Receita Federal do Brasil de Fiscalização de Comércio Exterior em São Paulo (SP), Código FCPE-101.1.</p><p>Nº 3.849 Designar a Auditora-Fiscal da Receita Federal do Brasil ANA MARIA GUILLEN PARRA, matrícula SiapeCad nº 00863918, para exercer a Função Comissionada do Poder Executivo de Chefe da Equipe de Fiscalização - EFI/5 da Delegacia Especial da Receita Federal do Brasil de Fiscalização de Comércio Exterior em São Paulo (SP), Código FCPE-101.1.</p><p>Nº 3.850 Designar o Auditor-Fiscal da Receita Federal do Brasil LUIS AUGUSTO NATEL DE ALMEIDA, matrícula SiapeCad nº 01574504, para exercer o encargo de Substituto Eventual do Chefe da Equipe de Fiscalização - EFI/5 da Delegacia Especial da Receita Federal do Brasil de Fiscalização de Comércio Exterior em São Paulo (SP), Código FCPE-101.1.</p><p>Nº 3.851 Designar a Auditora-Fiscal da Receita Federal do Brasil VALERIA NAIR FERNANDES VERGUEIRO, matrícula SiapeCad nº 01577186, para exercer a Função Gratificada de Chefe da Equipe de Fiscalização - EFI/13 da Delegacia Especial da Receita Federal do Brasil de Fiscalização de Comércio Exterior em São Paulo (SP), Código FG-1.</p><p>Nº 3.852 Designar o Auditor-Fiscal da Receita Federal do Brasil HALES DE CARVALHO SABATO, matrícula SiapeCad nº 01571022, para exercer a Função Gratificada de Chefe da Equipe de Fiscalização - EFI/14 da Delegacia Especial da Receita Federal do Brasil de Fiscalização de Comércio Exterior em São Paulo (SP), Código FG-1.</p><p>Nº 3.853 Designar o Auditor-Fiscal da Receita Federal do Brasil DANILO PIZOL INVERNIZZI, matrícula SiapeCad nº 01572952, para exercer a Função Gratificada de Chefe da Equipe de Gestão de Operadores Econômicos Autorizados 1 - EqOEA1 da Delegacia Especial da Receita Federal do Brasil de Fiscalização de Comércio Exterior em São Paulo (SP), Código FG-1.</p><p>Nº 3.854 Designar a Auditora-Fiscal da Receita Federal do Brasil TATIANA MARQUES GUIMARAES, matrícula SiapeCad nº 01294402, para exercer a Função Gratificada de Chefe da Equipe de Fiscalização - EFI/15 da Delegacia Especial da Receita Federal do Brasil de Fiscalização de Comércio Exterior em São Paulo (SP), Código FG-1.</p><p>Nº 3.855 Designar o Analista-Tributário da Receita Federal do Brasil ALEXANDRE SOARES COSTA, matrícula SiapeCad nº 01572825, para exercer a Função Gratificada de Chefe da Equipe de Logística 1 - ELG1 da Delegacia Especial da Receita Federal do Brasil de Fiscalização de Comércio Exterior em São Paulo (SP), Código FG-3.</p><p>Nº 3.856 Designar o Auditor-Fiscal da Receita Federal do Brasil ZENILSON FERREIRA ALVES JUNIOR, matrícula SiapeCad nº 01295402, para exercer a Função Gratificada de Chefe da Equipe de Fiscalização - EFI/16 da Delegacia Especial da Receita Federal do Brasil de Fiscalização de Comércio Exterior em São Paulo (SP), Código FG-1.</p><p>Nº 3.857 Designar o Analista-Tributário da Receita Federal do Brasil EUGENIO DE ROSSI NETO, matrícula SiapeCad nº 01293303, para exercer a Função Gratificada de Chefe da Equipe de Tecnologia e Segurança da Informação 1 - ETI1 da Delegacia Especial da Receita Federal do Brasil de Fiscalização de Comércio Exterior em São Paulo (SP), Código FG-3.</p><p>Nº 3.858 Designar o Auditor-Fiscal da Receita Federal do Brasil FLAVIO FERRETTI, matrícula SiapeCad nº 00064196, para exercer a Função Gratificada de Chefe da Equipe de Fiscalização - EFI/17 da Delegacia Especial da Receita Federal do Brasil de Fiscalização de Comércio Exterior em São Paulo (SP), Código FG-1.</p><p>Nº 3.859 Designar a Analista-Tributário da Receita Federal do Brasil NEIDE CUNHA DE ALENCAR, matrícula SiapeCad nº 01294386, para exercer a Função Gratificada de Chefe da Equipe de Gestão de Pessoas 1 - EGP1 da Delegacia Especial da Receita Federal do Brasil de Fiscalização de Comércio Exterior em São Paulo (SP), Código FG-3.</p><p>Nº 3.860 Designar o Auditor-Fiscal da Receita Federal do Brasil IGOR SETSUO KEIRA, matrícula SiapeCad nº 01815007, para exercer a Função Gratificada de Chefe da Equipe de Fiscalização - EFI/18 da Delegacia Especial da Receita Federal do Brasil de Fiscalização de Comércio Exterior em São Paulo (SP), Código FG-1.</p><p>Nº 3.861 Designar a Auditora-Fiscal da Receita Federal do Brasil MARIA ASCENCAO VILELA DIMA, matrícula SiapeCad nº 00014366, para exercer a Função Gratificada de Chefe da Equipe de Fiscalização - EFI/19 da Delegacia Especial da Receita Federal do Brasil de Fiscalização de Comércio Exterior em São Paulo (SP), Código FG-1.</p><p>Nº 3.862 Designar o Auditor-Fiscal da Receita Federal do Brasil LUIS FELIPE TAKANO, matrícula SiapeCad nº 01815087, para exercer a Função Gratificada de Chefe da Equipe de Fiscalização - EFI/20 da Delegacia Especial da Receita Federal do Brasil de Fiscalização de Comércio Exterior em São Paulo (SP), Código FG-1.</p><p>Nº 3.863 Designar o Auditor-Fiscal da Receita Federal do Brasil CARLOS SHOJI YASUMOTO, matrícula SiapeCad nº 01294492, para exercer a Função Gratificada de Assistente da Delegacia Especial da Receita Federal do Brasil de Fiscalização de Comércio Exterior em São Paulo (SP), Código FG-1.</p><p>Nº 3.864 Designar a Auditora-Fiscal da Receita Federal do Brasil RENATA CHRISTINE CAMARGO COSTA, matrícula SiapeCad nº 00065472, para exercer a Função Comissionada do Poder Executivo de Chefe do Serviço de Controle da Rede Arrecadadora - Searf da Delegacia Especial da Receita Federal do Brasil de Instituições Financeiras em Sao Paulo (SP), Código FCPE-101.1.</p><p>Nº 3.865 Designar o Analista-Tributário da Receita Federal do Brasil VALMIR ARANTES, matrícula SiapeCad nº 00025119, para exercer o encargo de Substituto Eventual do Chefe do Serviço de Controle da Rede Arrecadadora - Searf da Delegacia Especial da Receita Federal do Brasil de Instituições Financeiras em Sao Paulo (SP), Código FCPE-101.1.</p><p>Nº 3.866 Designar a Auditora-Fiscal da Receita Federal do Brasil CRISTIANE GLERIAN, matrícula SiapeCad nº 01220848, para exercer a Função Comissionada do Poder Executivo de Chefe do Serviço de Acompanhamento dos Maiores Contribuintes - Semac da Delegacia Especial da Receita Federal do Brasil de Instituições Financeiras em Sao Paulo (SP), Código FCPE-101.1.</p><p>Nº 3.867 Designar o Auditor-Fiscal da Receita Federal do Brasil ARTHUR RIDOLFO NETO, matrícula SiapeCad nº 00021650, para exercer a Função Comissionada do Poder Executivo de Chefe da Divisão de Fiscalização 1 - Difis1 da Delegacia Especial da Receita Federal do Brasil de Instituições Financeiras em Sao Paulo (SP), Código FCPE-101.2.</p><p>Nº 3.868 Designar o Auditor-Fiscal da Receita Federal do Brasil MAURICIO MARIN BANOS, matrícula SiapeCad nº 00063785, para exercer o encargo de Substituto Eventual do Chefe da Divisão de Fiscalização 1 - Difis1 da Delegacia Especial da Receita Federal do Brasil de Instituições Financeiras em Sao Paulo (SP), Código FCPE-101.2.</p><p>Nº 3.869 Designar o Analista Técnico-Administrativo NELSON HITOSHI CHIDA, matrícula SiapeCad nº 01942899, para exercer a Função Gratificada de Chefe da Equipe de Logística 1 - ELG1 da Delegacia Especial da Receita Federal do Brasil de Instituições Financeiras em Sao Paulo (SP), Código FG-3.</p><p>Nº 3.870 Designar a Analista-Tributário da Receita Federal do Brasil REGIANE CRISTINA ROCHA, matrícula SiapeCad nº 00003760, para exercer a Função Gratificada de Chefe da Equipe de Tecnologia e Segurança da Informação 1 - ETI1 da Delegacia Especial da Receita Federal do Brasil de Instituições Financeiras em Sao Paulo (SP), Código FG-3.</p><p>Nº 3.871 Designar a Analista-Tributário da Receita Federal do Brasil FERNANDA REBOUCAS MARCONDES DU ROCHER, matrícula SiapeCad nº 01295798, para exercer a Função Gratificada de Chefe da Equipe de Gestão de Pessoas 1 - EGP1 da Delegacia Especial da Receita Federal do Brasil de Instituições Financeiras em Sao Paulo (SP), Código FG-3.</p><p>Nº 3.872 Nomear o Auditor-Fiscal da Receita Federal do Brasil ANDRE LUIZ GONCALVES MARTINS, matrícula SiapeCad nº 01292391, para exercer o cargo em comissão de Delegado da Alfândega da Receita Federal do Brasil no Aeroporto Internacional de Sao Paulo/Guarulhos (SP), Código DAS-101.3.</p><p>Nº 3.873 Designar o Auditor-Fiscal da Receita Federal do Brasil LUIS AUGUSTO ORFEI ABE, matrícula SiapeCad nº 00076054, para exercer o encargo de Substituto Eventual do Delegado da Alfândega da Receita Federal do Brasil no Aeroporto Internacional de Sao Paulo/Guarulhos (SP), Código DAS-101.3.</p><p>Nº 3.874 Nomear o Auditor-Fiscal da Receita Federal do Brasil LUIS AUGUSTO ORFEI ABE, matrícula SiapeCad nº 00076054, para exercer o cargo em comissão de Delegado Adjunto da Alfândega da Receita Federal do Brasil no Aeroporto Internacional de Sao Paulo/Guarulhos (SP), Código DAS-101.2.</p><p>Nº 3.875 Designar o Auditor-Fiscal da Receita Federal do Brasil PAULO TSUYOSHI KAWANO, matrícula SiapeCad nº 00057047, para exercer a Função Comissionada do Poder Executivo de Chefe do Serviço de Assessoramento Técnico Aduaneiro - Seata da Alfândega da Receita Federal do Brasil no Aeroporto Internacional de Sao Paulo/Guarulhos (SP), Código FCPE-101.1.</p><p>Nº 3.876 Designar o Auditor-Fiscal da Receita Federal do Brasil FILIPE PINHEIRO THOME, matrícula SiapeCad nº 01573699, para exercer a Função Comissionada do Poder Executivo de Chefe da Divisão de Despacho Aduaneiro - Didad da Alfândega da Receita Federal do Brasil no Aeroporto Internacional de Sao Paulo/Guarulhos (SP), Código FCPE-101.2.</p><p>Nº 3.877 Designar o Auditor-Fiscal da Receita Federal do Brasil MARIO DE MARCO RODRIGUES DE SOUSA, matrícula SiapeCad nº 01292499, para exercer a Função Comissionada do Poder Executivo de Chefe da Divisão de Conferência de Bagagem - Dibag da Alfândega da Receita Federal do Brasil no Aeroporto Internacional de Sao Paulo/Guarulhos (SP), Código FCPE-101.2.</p><p>Nº 3.878 Designar o Auditor-Fiscal da Receita Federal do Brasil MIGUEL PAZ DE MENDONCA, matrícula SiapeCad nº 00026774, para exercer o encargo de Substituto Eventual do Chefe da Divisão de Conferência de Bagagem - Dibag da Alfândega da Receita Federal do Brasil no Aeroporto Internacional de Sao Paulo/Guarulhos (SP), Código FCPE-101.2.</p><p>Nº 3.879 Designar o Auditor-Fiscal da Receita Federal do Brasil LEANDRO TAKATA KURIHARA, matrícula SiapeCad nº 01811517, para exercer a Função Gratificada de Chefe da Seção de Controle de Carga e Trânsito Aduaneiro - Sacta da Alfândega da Receita Federal do Brasil no Aeroporto Internacional de Sao Paulo/Guarulhos (SP), Código FG-1.</p><p>Nº 3.880 Designar o Auditor-Fiscal da Receita Federal do Brasil RENAN VERCEZI ROSSATO, matrícula SiapeCad nº 01953531, para exercer a Função Gratificada de Chefe da Seção de Remessas Postais e Expressas - Sarpe da Alfândega da Receita Federal do Brasil no Aeroporto Internacional de Sao Paulo/Guarulhos (SP), Código FG-1.</p><p>Nº 3.881 Designar o Auditor-Fiscal da Receita Federal do Brasil PEDRO CORREA GORGA, matrícula SiapeCad nº 01653797, para exercer a Função Comissionada do Poder Executivo de Chefe do Serviço de Procedimentos Especiais Aduaneiros - Sepea da Alfândega da Receita Federal do Brasil no Aeroporto Internacional de Sao Paulo/Guarulhos (SP), Código FCPE-101.1.</p><p>Nº 3.882 Designar o Auditor-Fiscal da Receita Federal do Brasil PEDRO DA COSTA COUTO LOPES, matrícula SiapeCad nº 01890314, para exercer o encargo de Substituto Eventual do Chefe do Serviço de Procedimentos Especiais Aduaneiros - Sepea da Alfândega da Receita Federal do Brasil no Aeroporto Internacional de Sao Paulo/Guarulhos (SP), Código FCPE-101.1.</p><p>Nº 3.883 Designar o Auditor-Fiscal da Receita Federal do Brasil SILVIO BROCHADO RIBEIRO DE BARROS, matrícula SiapeCad nº 01816533, para exercer a Função Gratificada de Chefe da Seção de Vigilância Aduaneira - Savig da Alfândega da Receita Federal do Brasil no Aeroporto Internacional de Sao Paulo/Guarulhos (SP), Código FG-1.</p><p>Nº 3.884 Designar o Auditor-Fiscal da Receita Federal do Brasil MARCUS JOSE ANTONIO PINTO MOURA, matrícula SiapeCad nº 00065389, para exercer a Função Comissionada do Poder Executivo de Chefe do Serviço de Gestão de Riscos Aduaneiros - Serad da Alfândega da Receita Federal do Brasil no Aeroporto Internacional de Sao Paulo/Guarulhos (SP), Código FCPE-101.1.</p><p>Nº 3.885 Designar o Analista-Tributário da Receita Federal do Brasil ALBENIR ALBERTO PEREIRA, matrícula SiapeCad nº 00056972, para exercer a Função Gratificada de Chefe da Seção de Tecnologia e Segurança da Informação - Satec da Alfândega da Receita Federal do Brasil no Aeroporto Internacional de Sao Paulo/Guarulhos (SP), Código FG-1.</p><p>Nº 3.886 Designar a Analista-Tributário da Receita Federal do Brasil TANARA NOVO SCHNORRENBERGER, matrícula SiapeCad nº 01885099, para exercer a Função Gratificada de Chefe do Centro de Atendimento ao Contribuinte - CAC da Alfândega da Receita Federal do Brasil no Aeroporto Internacional de Sao Paulo/Guarulhos (SP), Código FG-1.</p><p>Nº 3.887 Designar o Auditor-Fiscal da Receita Federal do Brasil LAURO CAMPOS OLINDA, matrícula SiapeCad nº 01811711, para exercer a Função Gratificada de Chefe da Equipe Aduaneira - EAD/5 da Alfândega da Receita Federal do Brasil no Aeroporto Internacional de Sao Paulo/Guarulhos (SP), Código FG-1.</p><p>Nº 3.888 Designar o Auditor-Fiscal da Receita Federal do Brasil DARLAN GONCALVES DA ROSA, matrícula SiapeCad nº 01291547, para exercer a Função Gratificada de Chefe da Equipe Aduaneira - EAD/6 da Alfândega da Receita Federal do Brasil no Aeroporto Internacional de Sao Paulo/Guarulhos (SP), Código FG-1.</p><p>Nº 3.889 Designar o Auditor-Fiscal da Receita Federal do Brasil JIRO SHIOTA, matrícula SiapeCad nº 01220594, para exercer a Função Gratificada de Chefe da Equipe Aduaneira 10 da Alfândega da Receita Federal do Brasil no Aeroporto Internacional de Sao Paulo/Guarulhos (SP), Código FG-2.</p><p>Nº 3.890 Designar o Auditor-Fiscal da Receita Federal do Brasil OCTAVIO AUGUSTO DE MATTOS COUTO, matrícula SiapeCad nº 00017813, para exercer a Função Gratificada de Chefe da Equipe Aduaneira 11 da Alfândega da Receita Federal do Brasil no Aeroporto Internacional de Sao Paulo/Guarulhos (SP), Código FG-2.</p><p>Nº 3.891 Designar o Auditor-Fiscal da Receita Federal do Brasil WANG TSENG WEI, matrícula SiapeCad nº 00676373, para exercer a Função Gratificada de Chefe da Equipe Aduaneira 12 da Alfândega da Receita Federal do Brasil no Aeroporto Internacional de Sao Paulo/Guarulhos (SP), Código FG-2.</p><p>Nº 3.892 Designar o Auditor-Fiscal da Receita Federal do Brasil ROMILDO ANDRE CALAZANS PACIFICO, matrícula SiapeCad nº 02006699, para exercer a Função Gratificada de Chefe da Equipe de Mercadorias Apreendidas 1 - EMA1 da Alfândega da Receita Federal do Brasil no Aeroporto Internacional de Sao Paulo/Guarulhos (SP), Código FG-2.</p><p>Nº 3.893 Nomear o Auditor-Fiscal da Receita Federal do Brasil ANTONIO ANDRADE LEAL, matrícula SiapeCad nº 00065313, para exercer o cargo em comissão de Delegado da Alfândega da Receita Federal do Brasil no Aeroporto Internacional de Viracopos (SP), Código DAS-101.3.</p><p>Nº 3.894 Designar o Auditor-Fiscal da Receita Federal do Brasil CAMILO PINHEIRO CREMONEZ, matrícula SiapeCad nº 01570729, para exercer o encargo de Substituto Eventual do Delegado da Alfândega da Receita Federal do Brasil no Aeroporto Internacional de Viracopos (SP), Código DAS-101.3.</p><p>Nº 3.895 Designar o Auditor-Fiscal da Receita Federal do Brasil CAMILO PINHEIRO CREMONEZ, matrícula SiapeCad nº 01570729, para exercer a Função Comissionada do Poder Executivo de Delegado Adjunto da Alfândega da Receita Federal do Brasil no Aeroporto Internacional de Viracopos (SP), Código FCPE-101.2.</p><p>Nº 3.896 Designar o Auditor-Fiscal da Receita Federal do Brasil BRUNO DA ROCHA OSORIO, matrícula SiapeCad nº 01318997, para exercer a Função Gratificada de Chefe da Seção de Assessoramento Técnico Aduaneiro - Saata da Alfândega da Receita Federal do Brasil no Aeroporto Internacional de Viracopos (SP), Código FG-1.</p><p>Nº 3.897 Designar o Auditor-Fiscal da Receita Federal do Brasil SERGIO MUNIZ TOLENTINO DE CARVALHO, matrícula SiapeCad nº 01570311, para exercer a Função Gratificada de Chefe da Seção de Controle de Carga e Trânsito Aduaneiro - Sacta da Alfândega da Receita Federal do Brasil no Aeroporto Internacional de Viracopos (SP), Código FG-1.</p><p>Nº 3.898 Designar o Auditor-Fiscal da Receita Federal do Brasil JOAO ROSA SIRTOLI, matrícula SiapeCad nº 01571326, para exercer a Função Gratificada de Chefe da Seção de Remessas Postais e Expressas - Sarpe da Alfândega da Receita Federal do Brasil no Aeroporto Internacional de Viracopos (SP), Código FG-1.</p><p>Nº 3.899 Designar o Auditor-Fiscal da Receita Federal do Brasil IGOR ALAN PEZZINI DE NADAI, matrícula SiapeCad nº 01812753, para exercer a Função Comissionada do Poder Executivo de Chefe do Serviço de Controle Aduaneiro Pós Despacho - Secap da Alfândega da Receita Federal do Brasil no Aeroporto Internacional de Viracopos (SP), Código FCPE-101.1.</p><p>Nº 3.900 Designar o Auditor-Fiscal da Receita Federal do Brasil ALESSANDRO GRISI PESSOA, matrícula SiapeCad nº 01756669, para exercer a Função Comissionada do Poder Executivo de Chefe do Serviço de Vigilância e Repressão ao Contrabando e Descaminho - Serep da Alfândega da Receita Federal do Brasil no Aeroporto Internacional de Viracopos (SP), Código FCPE-101.1.</p><p>Nº 3.901 Designar a Auditora-Fiscal da Receita Federal do Brasil ERICA POLLYANNA NEVES GOMES, matrícula SiapeCad nº 01571450, para exercer a Função Gratificada de Chefe da Seção de Gestão de Riscos Aduaneiros - Sarad da Alfândega da Receita Federal do Brasil no Aeroporto Internacional de Viracopos (SP), Código FG-1.</p><p>Nº 3.902 Designar o Analista-Tributário da Receita Federal do Brasil LUIS EDUARDO MOREIRA SARAN, matrícula SiapeCad nº 01293299, para exercer a Função Gratificada de Chefe da Seção de Tecnologia e Segurança da Informação - Satec da Alfândega da Receita Federal do Brasil no Aeroporto Internacional de Viracopos (SP), Código FG-1.</p><p>Nº 3.903 Designar a Analista-Tributário da Receita Federal do Brasil CRISTIANA ANDRADE MOREIRA DENUCCI, matrícula SiapeCad nº 01811627, para exercer a Função Gratificada de Chefe do Centro de Atendimento ao Contribuinte - CAC da Alfândega da Receita Federal do Brasil no Aeroporto Internacional de Viracopos (SP), Código FG-1.</p><p>Nº 3.904 Designar o Auditor-Fiscal da Receita Federal do Brasil AUGUSTO CEZAR BRANDENBURG, matrícula SiapeCad nº 01654570, para exercer a Função Gratificada de Chefe da Equipe Aduaneira 4 da Alfândega da Receita Federal do Brasil no Aeroporto Internacional de Viracopos (SP), Código FG-2.</p><p>Nº 3.905 Designar o Auditor-Fiscal da Receita Federal do Brasil FABIO HITOSHI NAKAMURA, matrícula SiapeCad nº 01595033, para exercer a Função Gratificada de Chefe da Equipe Aduaneira 5 da Alfândega da Receita Federal do Brasil no Aeroporto Internacional de Viracopos (SP), Código FG-2.</p><p>Nº 3.906 Designar o Auditor-Fiscal da Receita Federal do Brasil RENATO SCHIOSER LOURENCON, matrícula SiapeCad nº 00065869, para exercer a Função Gratificada de Chefe da Equipe Aduaneira 6 da Alfândega da Receita Federal do Brasil no Aeroporto Internacional de Viracopos (SP), Código FG-2.</p><p>Nº 3.907 Designar o Auditor-Fiscal da Receita Federal do Brasil MARCUS VINICIUS NALI SIMIONI FILHO, matrícula SiapeCad nº 01572752, para exercer a Função Gratificada de Chefe da Equipe Aduaneira 7 da Alfândega da Receita Federal do Brasil no Aeroporto Internacional de Viracopos (SP), Código FG-2.</p><p>Nº 3.908 Designar o Auditor-Fiscal da Receita Federal do Brasil EMANUEL HENRIQUE BOSCHETTI, matrícula SiapeCad nº 02007404, para exercer a Função Gratificada de Chefe da Equipe de Vigilância e Repressão 1 - EVR1 da Alfândega da Receita Federal do Brasil no Aeroporto Internacional de Viracopos (SP), Código FG-1.</p><p>Nº 3.909 Designar o Auditor-Fiscal da Receita Federal do Brasil ANTONIO CESAR BUENO FERREIRA, matrícula SiapeCad nº 00066115, para exercer a Função Gratificada de Chefe da Equipe de Gestão de Operadores Econômicos Autorizados 1 - EqOEA1 da Alfândega da Receita Federal do Brasil no Aeroporto Internacional de Viracopos (SP), Código FG-1.</p><p>Nº 3.910 Designar o Analista-Tributário da Receita Federal do Brasil JOSE FERNANDO DE SOUZA GODOI, matrícula SiapeCad nº 01171351, para exercer a Função Gratificada de Chefe da Equipe de Mercadorias Apreendidas 1 - EMA1 da Alfândega da Receita Federal do Brasil no Aeroporto Internacional de Viracopos (SP), Código FG-2.</p><p>Nº 3.911 Nomear o Auditor-Fiscal da Receita Federal do Brasil CLEITON ALVES DOS SANTOS JOAO SIMOES, matrícula SiapeCad nº 00059019, para exercer o cargo em comissão de Delegado da Alfândega da Receita Federal do Brasil no Porto de Santos (SP), Código DAS-101.3.</p><p>Nº 3.912 Designar o Auditor-Fiscal da Receita Federal do Brasil AKIYOSHI OMIZU, matrícula SiapeCad nº 00020162, para exercer o encargo de Substituto Eventual do Delegado da Alfândega da Receita Federal do Brasil no Porto de Santos (SP), Código DAS-101.3.</p><p>Nº 3.913 Nomear o Auditor-Fiscal da Receita Federal do Brasil AKIYOSHI OMIZU, matrícula SiapeCad nº 00020162, para exercer o cargo em comissão de Delegado Adjunto da Alfândega da Receita Federal do Brasil no Porto de Santos (SP), Código DAS-101.2.</p><p>Nº 3.914 Designar o Auditor-Fiscal da Receita Federal do Brasil EDVANDERO MACIEL COUTINHO, matrícula SiapeCad nº 00016634, para exercer a Função Comissionada do Poder Executivo de Chefe do Serviço de Assessoramento Técnico Aduaneiro - Seata da Alfândega da Receita Federal do Brasil no Porto de Santos (SP), Código FCPE-101.1.</p><p>Nº 3.915 Designar o Auditor-Fiscal da Receita Federal do Brasil EDUARDO JENSEN, matrícula SiapeCad nº 00065604, para exercer o encargo de Substituto Eventual do Chefe do Serviço de Assessoramento Técnico Aduaneiro - Seata da Alfândega da Receita Federal do Brasil no Porto de Santos (SP), Código FCPE-101.1.</p><p>Nº 3.916 Designar o Auditor-Fiscal da Receita Federal do Brasil ALTINO MARTINEZ FILHO, matrícula SiapeCad nº 01293273, para exercer a Função Comissionada do Poder Executivo de Chefe do Serviço de Procedimentos Especiais Aduaneiros - Sepea da Alfândega da Receita Federal do Brasil no Porto de Santos (SP), Código FCPE-101.1.</p><p>Nº 3.917 Designar o Auditor-Fiscal da Receita Federal do Brasil SYLVIO REIS DAS NEVES, matrícula SiapeCad nº 01294181, para exercer o encargo de Substituto Eventual do Chefe do Serviço de Procedimentos Especiais Aduaneiros - Sepea da Alfândega da Receita Federal do Brasil no Porto de Santos (SP), Código FCPE-101.1.</p><p>Nº 3.918 Designar o Auditor-Fiscal da Receita Federal do Brasil HAROLDO JOSE PARRI, matrícula SiapeCad nº 00068585, para exercer a Função Gratificada de Chefe da Seção de Controle de Carga e Trânsito Aduaneiro - Sacta da Alfândega da Receita Federal do Brasil no Porto de Santos (SP), Código FG-1.</p><p>Nº 3.919 Designar o Auditor-Fiscal da Receita Federal do Brasil FABIO ABDO IZZO, matrícula SiapeCad nº 00087878, para exercer a Função Gratificada de Chefe da Seção de Controle Aduaneiro Pós Despacho - Sacap da Alfândega da Receita Federal do Brasil no Porto de Santos (SP), Código FG-1.</p><p>Nº 3.920 Designar o Auditor-Fiscal da Receita Federal do Brasil RICHARD FERNANDO AMOEDO NEUBARTH, matrícula SiapeCad nº 00718416, para exercer a Função Comissionada do Poder Executivo de Chefe da Divisão de Vigilância e Repressão ao Contrabando e Descaminho - Direp da Alfândega da Receita Federal do Brasil no Porto de Santos (SP), Código FCPE-101.2.</p><p>Nº 3.921 Designar o Auditor-Fiscal da Receita Federal do Brasil OSWALDO SOUZA DIAS JUNIOR, matrícula SiapeCad nº 00023588, para exercer o encargo de Substituto Eventual do Chefe da Divisão de Vigilância e Repressão ao Contrabando e Descaminho - Direp da Alfândega da Receita Federal do Brasil no Porto de Santos (SP), Código FCPE-101.2.</p><p>Nº 3.922 Designar o Auditor-Fiscal da Receita Federal do Brasil SYLVIO REIS DAS NEVES, matrícula SiapeCad nº 01294181, para exercer a Função Comissionada do Poder Executivo de Chefe do Serviço de Gestão de Riscos Aduaneiros - Serad da Alfândega da Receita Federal do Brasil no Porto de Santos (SP), Código FCPE-101.1.</p><p>Nº 3.923 Designar o Auditor-Fiscal da Receita Federal do Brasil ALTINO MARTINEZ FILHO, matrícula SiapeCad nº 01293273, para exercer o encargo de Substituto Eventual do Chefe do Serviço de Gestão de Riscos Aduaneiros - Serad da Alfândega da Receita Federal do Brasil no Porto de Santos (SP), Código FCPE-101.1.</p><p>Nº 3.924 Designar o Auditor-Fiscal da Receita Federal do Brasil REINALDO AUGUSTO ANGELINI, matrícula SiapeCad nº 01813027, para exercer a Função Comissionada do Poder Executivo de Chefe do Serviço de Gestão e Infraestrutura Aduaneira - Segin da Alfândega da Receita Federal do Brasil no Porto de Santos (SP), Código FCPE-101.1.</p><p>Nº 3.925 Designar o Auditor-Fiscal da Receita Federal do Brasil NILSON ROGERIO MARQUES, matrícula SiapeCad nº 00023745, para exercer o encargo de Substituto Eventual do Chefe do Serviço de Gestão e Infraestrutura Aduaneira - Segin da Alfândega da Receita Federal do Brasil no Porto de Santos (SP), Código FCPE-101.1.</p><p>Nº 3.926 Designar a Analista-Tributário da Receita Federal do Brasil LUCIANA DE AQUINO GOMES, matrícula SiapeCad nº 01816848, para exercer a Função Comissionada do Poder Executivo de Chefe do Serviço de Tecnologia e Segurança da Informação - Setec da Alfândega da Receita Federal do Brasil no Porto de Santos (SP), Código FCPE-101.1.</p><p>Nº 3.927 Designar o Analista-Tributário da Receita Federal do Brasil RENAN DE OLIVEIRA MOREIRA, matrícula SiapeCad nº 01878973, para exercer o encargo de Substituto Eventual do Chefe do Serviço de Tecnologia e Segurança da Informação - Setec da Alfândega da Receita Federal do Brasil no Porto de Santos (SP), Código FCPE-101.1.</p><p>Nº 3.928 Designar o Analista-Tributário da Receita Federal do Brasil PAULO JOSE ZANCUL, matrícula SiapeCad nº 00022090, para exercer a Função Gratificada de Chefe do Centro de Atendimento ao Contribuinte - CAC da Alfândega da Receita Federal do Brasil no Porto de Santos (SP), Código FG-1.</p><p>Nº 3.929 Designar a Auditora-Fiscal da Receita Federal do Brasil JUCIENE CAVALCANTE FERREIRA MONTEIRO, matrícula SiapeCad nº 00019992, para exercer a Função Gratificada de Chefe da Equipe Aduaneira - EAD/3 da Alfândega da Receita Federal do Brasil no Porto de Santos (SP), Código FG-1.</p><p>Nº 3.930 Designar o Analista-Tributário da Receita Federal do Brasil MARCELO ALVES DA ROCHA, matrícula SiapeCad nº 00026596, para exercer a Função Gratificada de Chefe da Equipe Aduaneira - EAD/5 da Alfândega da Receita Federal do Brasil no Porto de Santos (SP), Código FG-1.</p><p>Nº 3.931 Designar o Auditor-Fiscal da Receita Federal do Brasil EDUARDO WANZELLER CASALI, matrícula SiapeCad nº 00019889, para exercer a Função Gratificada de Chefe da Equipe Aduaneira - EAD/7 da Alfândega da Receita Federal do Brasil no Porto de Santos (SP), Código FG-1.</p><p>Nº 3.932 Designar o Auditor-Fiscal da Receita Federal do Brasil DELIO AUGUSTO PINTO, matrícula SiapeCad nº 00017106, para exercer a Função Gratificada de Chefe da Equipe Aduaneira 8 da Alfândega da Receita Federal do Brasil no Porto de Santos (SP), Código FG-2.</p><p>Nº 3.933 Designar o Auditor-Fiscal da Receita Federal do Brasil EDUARDO JENSEN, matrícula SiapeCad nº 00065604, para exercer a Função Gratificada de Chefe da Equipe Aduaneira 9 da Alfândega da Receita Federal do Brasil no Porto de Santos (SP), Código FG-2.</p><p>Nº 3.934 Designar o Auditor-Fiscal da Receita Federal do Brasil OSWALDO SOUZA DIAS JUNIOR, matrícula SiapeCad nº 00023588, para exercer a Função Gratificada de Chefe da Equipe de Vigilância e Repressão 1 - EVR1 da Alfândega da Receita Federal do Brasil no Porto de Santos (SP), Código FG-1.</p><p>Nº 3.935 Designar o Auditor-Fiscal da Receita Federal do Brasil ANDRE FELDMAN, matrícula SiapeCad nº 01292838, para exercer a Função Gratificada de Chefe da Equipe de Vigilância e Repressão 2 - EVR2 da Alfândega da Receita Federal do Brasil no Porto de Santos (SP), Código FG-1.</p><p>Nº 3.936 Designar o Auditor-Fiscal da Receita Federal do Brasil RODRIGO DUARTE FIRMINO, matrícula SiapeCad nº 00718650, para exercer a Função Gratificada de Chefe da Equipe de Vigilância e Repressão 3 - EVR3 da Alfândega da Receita Federal do Brasil no Porto de Santos (SP), Código FG-1.</p><p>Nº 3.937 Designar o Auditor-Fiscal da Receita Federal do Brasil ANDRE LUIZ OLIVEIRA TRAJANO, matrícula SiapeCad nº 00062289, para exercer a Função Gratificada de Chefe da Equipe de Gestão de Operadores Econômicos Autorizados 1 - EqOEA1 da Alfândega da Receita Federal do Brasil no Porto de Santos (SP), Código FG-1.</p><p>Nº 3.938 Designar o Analista-Tributário da Receita Federal do Brasil FABIANO FEIJOO TEIXEIRA, matrícula SiapeCad nº 01292739, para exercer a Função Gratificada de Chefe da Equipe de Mercadorias Apreendidas 1 - EMA1 da Alfândega da Receita Federal do Brasil no Porto de Santos (SP), Código FG-1.</p><p>Nº 3.939 Nomear o Auditor-Fiscal da Receita Federal do Brasil JOAO DE FIGUEIREDO CRUZ, matrícula SiapeCad nº 00063651, para exercer o cargo em comissão de Delegado da Alfândega da Receita Federal do Brasil em Sao Paulo (SP), Código DAS-101.3.</p><p>Nº 3.940 Designar a Auditora-Fiscal da Receita Federal do Brasil KAREN YONAMINE FUJIMOTO, matrícula SiapeCad nº 01213863, para exercer o encargo de Substituto Eventual do Delegado da Alfândega da Receita Federal do Brasil em Sao Paulo (SP), Código DAS-101.3.</p><p>Nº 3.941 Designar a Auditora-Fiscal da Receita Federal do Brasil KAREN YONAMINE FUJIMOTO, matrícula SiapeCad nº 01213863, para exercer a Função Comissionada do Poder Executivo de Delegado Adjunto da Alfândega da Receita Federal do Brasil em Sao Paulo (SP), Código FCPE-101.1.</p><p>Nº 3.942 Designar o Auditor-Fiscal da Receita Federal do Brasil GABRIEL ARMENIO QUILIS, matrícula SiapeCad nº 01531464, para exercer a Função Gratificada de Chefe da Seção de Assessoramento Técnico Aduaneiro - Saata da Alfândega da Receita Federal do Brasil em Sao Paulo (SP), Código FG-1.</p><p>Nº 3.943  Designar o Auditor-Fiscal da Receita Federal do Brasil GABRIEL DE PAIVA SPOLZINO, matrícula SiapeCad nº 02009273, para exercer a Função Gratificada de Chefe da Seção de Controle de Carga e Trânsito Aduaneiro - Sacta da Alfândega da Receita Federal do Brasil em Sao Paulo (SP), Código FG-1.</p><p>Nº 3.944 Designar a Auditora-Fiscal da Receita Federal do Brasil GEORGIA IBANEZ PAVARINI, matrícula SiapeCad nº 00063771, para exercer a Função Comissionada do Poder Executivo de Chefe do Serviço de Remessas Postais e Expressas - Serpe da Alfândega da Receita Federal do Brasil em Sao Paulo (SP), Código FCPE-101.1.</p><p>Nº 3.945 Designar o Auditor-Fiscal da Receita Federal do Brasil RODRIGO NETO PARAIZO MACIEIRA, matrícula SiapeCad nº 01812675, para exercer o encargo de Substituto Eventual do Chefe do Serviço de Remessas Postais e Expressas - Serpe da Alfândega da Receita Federal do Brasil em Sao Paulo (SP), Código FCPE-101.1.</p><p>Nº 3.946 Designar o Auditor-Fiscal da Receita Federal do Brasil ANDERSON DE OLIVEIRA PEREIRA, matrícula SiapeCad nº 02007584, para exercer a Função Gratificada de Chefe da Seção de Vigilância Aduaneira - Savig da Alfândega da Receita Federal do Brasil em Sao Paulo (SP), Código FG-1.</p><p>Nº 3.947 Designar o Auditor-Fiscal da Receita Federal do Brasil THIAGO BARCELLOS DO NASCIMENTO, matrícula SiapeCad nº 02008039, para exercer a Função Gratificada de Chefe da Seção de Gestão de Riscos Aduaneiros - Sarad da Alfândega da Receita Federal do Brasil em Sao Paulo (SP), Código FG-1.</p><p>Nº 3.948 Designar a Analista-Tributário da Receita Federal do Brasil KAREN ILCA IGUCHI, matrícula SiapeCad nº 01293857, para exercer a Função Comissionada do Poder Executivo de Chefe do Serviço de Programação e Logística - Sepol da Alfândega da Receita Federal do Brasil em Sao Paulo (SP), Código FCPE-101.1.</p><p>Nº 3.949 Designar a Analista-Tributário da Receita Federal do Brasil MICHELE BORGES GONCALVES, matrícula SiapeCad nº 01885186, para exercer o encargo de Substituto Eventual do Chefe do Serviço de Programação e Logística - Sepol da Alfândega da Receita Federal do Brasil em Sao Paulo (SP), Código FCPE-101.1.</p><p>Nº 3.950 Designar o Auditor-Fiscal da Receita Federal do Brasil PAULO LEI, matrícula SiapeCad nº 01573185, para exercer a Função Gratificada de Chefe da Equipe Aduaneira - EAD/1 da Alfândega da Receita Federal do Brasil em Sao Paulo (SP), Código FG-1.</p><p>Nº 3.951 Designar o Analista-Tributário da Receita Federal do Brasil DANIEL FERREIRA DE OLIVEIRA, matrícula SiapeCad nº 01813953, para exercer a Função Comissionada do Poder Executivo de Chefe do Serviço de Tecnologia e Segurança da Informação - Setec da Alfândega da Receita Federal do Brasil em Sao Paulo (SP), Código FCPE-101.1.</p><p>Nº 3.952 Designar o Analista-Tributário da Receita Federal do Brasil LAURO YAMAGUISHI, matrícula SiapeCad nº 00062169, para exercer o encargo de Substituto Eventual do Chefe do Serviço de Tecnologia e Segurança da Informação - Setec da Alfândega da Receita Federal do Brasil em Sao Paulo (SP), Código FCPE-101.1.</p><p>Nº 3.953 Designar a Analista-Tributário da Receita Federal do Brasil MARGARETH NASCIMBEN, matrícula SiapeCad nº 01170812, para exercer a Função Comissionada do Poder Executivo de Chefe do Serviço de Gestão de Pessoas - Segep da Alfândega da Receita Federal do Brasil em Sao Paulo (SP), Código FCPE-101.1.</p><p>Nº 3.954 Designar o Analista-Tributário da Receita Federal do Brasil MARCOS ANTONIO OLIVEIRA JUNIOR, matrícula SiapeCad nº 01401272, para exercer o encargo de Substituto Eventual do Chefe do Serviço de Gestão de Pessoas - Segep da Alfândega da Receita Federal do Brasil em Sao Paulo (SP), Código FCPE-101.1.</p><p>Nº 3.955 Designar o Auditor-Fiscal da Receita Federal do Brasil ROGERIO CARLOS VIEIRA MACIEL, matrícula SiapeCad nº 01293197, para exercer a Função Gratificada de Chefe da Equipe Aduaneira - EAD/3 da Alfândega da Receita Federal do Brasil em Sao Paulo (SP), Código FG-1.</p><p>Nº 3.956 Designar a Analista-Tributário da Receita Federal do Brasil PATRICIA MARIS GARCIA, matrícula SiapeCad nº 01812543, para exercer a Função Gratificada de Chefe do Centro de Atendimento ao Contribuinte - CAC da Alfândega da Receita Federal do Brasil em Sao Paulo (SP), Código FG-1.</p><p>Nº 3.957 Designar o Analista-Tributário da Receita Federal do Brasil WLAMIR MARCUS SANTOS CHAVES, matrícula SiapeCad nº 01811806, para exercer a Função Gratificada de Chefe da Equipe Aduaneira 4 da Alfândega da Receita Federal do Brasil em Sao Paulo (SP), Código FG-2.</p><p>Nº 3.958 Designar a Auditora-Fiscal da Receita Federal do Brasil POLYTA SILVA DO NASCIMENTO AZEVEDO, matrícula SiapeCad nº 02007941, para exercer a Função Gratificada de Chefe da Equipe Aduaneira 5 da Alfândega da Receita Federal do Brasil em Sao Paulo (SP), Código FG-2.</p><p>Nº 3.959 Designar o Auditor-Fiscal da Receita Federal do Brasil JOSE ANTONIO SIBAHI, matrícula SiapeCad nº 00063947, para exercer a Função Gratificada de Chefe da Equipe Aduaneira 6 da Alfândega da Receita Federal do Brasil em Sao Paulo (SP), Código FG-3.</p><p>Nº 3.960 Designar o Analista-Tributário da Receita Federal do Brasil ISRAEL LUCIETO MOREIRA, matrícula SiapeCad nº 01292923, para exercer a Função Gratificada de Chefe da Equipe de Vigilância e Repressão 1 - EVR1 da Alfândega da Receita Federal do Brasil em Sao Paulo (SP), Código FG-2.</p><p>Nº 3.961 Designar a Analista-Tributário da Receita Federal do Brasil AMANDA LEAL MAIA, matrícula SiapeCad nº 01807547, para exercer a Função Gratificada de Chefe da Equipe de Mercadorias Apreendidas 1 - EMA1 da Alfândega da Receita Federal do Brasil em Sao Paulo (SP), Código FG-1.</p><p>Nº 3.962 Designar a Analista-Tributário da Receita Federal do Brasil SONIA MARIA BARBOSA DA SILVEIRA, matrícula SiapeCad nº 00018141, para exercer a Função Comissionada do Poder Executivo de Chefe do Serviço de Programação e Logística - Sepol da Delegacia Especial da Receita Federal do Brasil de Administração Tributária em São Paulo (SP), Código FCPE-101.1.</p><p>Nº 3.963 Designar o Analista-Tributário da Receita Federal do Brasil CALIXTO YAMAMOTO DE PAIVA, matrícula SiapeCad nº 01878218, para exercer o encargo de Substituto Eventual do Chefe do Serviço de Programação e Logística - Sepol da Delegacia Especial da Receita Federal do Brasil de Administração Tributária em São Paulo (SP), Código FCPE-101.1.</p><p>Nº 3.964 Designar o Analista-Tributário da Receita Federal do Brasil MARCOS SODRE VIEIRA SCHMIDT, matrícula SiapeCad nº 00065315, para exercer a Função Comissionada do Poder Executivo de Chefe do Serviço de Tecnologia e Segurança da Informação - Setec da Delegacia Especial da Receita Federal do Brasil de Administração Tributária em São Paulo (SP), Código FCPE-101.1.</p><p>Nº 3.965 Designar a Analista-Tributário da Receita Federal do Brasil AMELIA YURICO GINOZA, matrícula SiapeCad nº 00087558, para exercer o encargo de Substituto Eventual do Chefe do Serviço de Tecnologia e Segurança da Informação - Setec da Delegacia Especial da Receita Federal do Brasil de Administração Tributária em São Paulo (SP), Código FCPE-101.1.</p><p>Nº 3.966 Designar a Analista-Tributário da Receita Federal do Brasil ANA CLAUDIA VIEIRA, matrícula SiapeCad nº 01293111, para exercer a Função Comissionada do Poder Executivo de Chefe da Equipe de Arrecadação e Cobrança - EAC/3 da Delegacia Especial da Receita Federal do Brasil de Administração Tributária em São Paulo (SP), Código FCPE-101.1.</p><p>Nº 3.967 Designar a Analista-Tributário da Receita Federal do Brasil ANA PAULA DE MORAES, matrícula SiapeCad nº 01294795, para exercer a Função Comissionada do Poder Executivo de Chefe do Serviço de Gestão de Pessoas - Segep da Delegacia Especial da Receita Federal do Brasil de Administração Tributária em São Paulo (SP), Código FCPE-101.1.</p><p>Nº 3.968 Designar o Analista-Tributário da Receita Federal do Brasil PEDRO LUIZ SANTOS CRUZ BERNARDO, matrícula SiapeCad nº 00027120, para exercer o encargo de Substituto Eventual do Chefe do Serviço de Gestão de Pessoas - Segep da Delegacia Especial da Receita Federal do Brasil de Administração Tributária em São Paulo (SP), Código FCPE-101.1.</p><p>Nº 3.969 Designar o Analista-Tributário da Receita Federal do Brasil RUBIM DRUMOND SIMONE, matrícula SiapeCad nº 00020960, para exercer a Função Gratificada de Chefe da Equipe de Atendimento ao Contribuinte - EAT/11 da Delegacia Especial da Receita Federal do Brasil de Administração Tributária em São Paulo (SP), Código FG-1.</p><p>Nº 3.970 Designar o Analista-Tributário da Receita Federal do Brasil ALBERTO KENDA MIYABARA, matrícula SiapeCad nº 01291170, para exercer a Função Gratificada de Chefe da Equipe de Atendimento ao Contribuinte - EAT/15 da Delegacia Especial da Receita Federal do Brasil de Administração Tributária em São Paulo (SP), Código FG-1.</p><p>Nº 3.971 Designar o Analista-Tributário da Receita Federal do Brasil HEITOR SANCHES, matrícula SiapeCad nº 01294849, para exercer a Função Gratificada de Chefe da Equipe de Atendimento ao Contribuinte - EAT/17 da Delegacia Especial da Receita Federal do Brasil de Administração Tributária em São Paulo (SP), Código FG-1.</p><p>Nº 3.972 Designar o Analista Técnico-Administrativo HAMILTON DA SILVA OLIVEIRA, matrícula SiapeCad nº 01902650, para exercer a Função Gratificada de Chefe da Equipe de Atendimento ao Contribuinte - EAT/19 da Delegacia Especial da Receita Federal do Brasil de Administração Tributária em São Paulo (SP), Código FG-1.</p><p>Nº 3.973 Designar o Analista-Tributário da Receita Federal do Brasil SERGIO ROQUETTO, matrícula SiapeCad nº 00027307, para exercer a Função Gratificada de Assistente da Delegacia Especial da Receita Federal do Brasil de Administração Tributária em São Paulo (SP), Código FG-1.</p><p>Nº 3.974 Designar o Analista-Tributário da Receita Federal do Brasil CALIXTO YAMAMOTO DE PAIVA, matrícula SiapeCad nº 01878218, para exercer a Função Gratificada de Chefe da Equipe de Logística 1 - ELG1 da Delegacia Especial da Receita Federal do Brasil de Administração Tributária em São Paulo (SP), Código FG-1.</p><p>Nº 3.975 Designar o Técnico do Seguro Social HENRIQUE PEREIRA SILVA, matrícula SiapeCad nº 01273771, para exercer a Função Gratificada de Chefe da Equipe de Logística 2 - ELG2 da Delegacia Especial da Receita Federal do Brasil de Administração Tributária em São Paulo (SP), Código FG-3.</p><p>Nº 3.976 Designar a Assistente Técnico-Administrativo CELIA REGINA CONTI, matrícula SiapeCad nº 01492960, para exercer a Função Gratificada de Chefe da Equipe de Logística 3 - ELG3 da Delegacia Especial da Receita Federal do Brasil de Administração Tributária em São Paulo (SP), Código FG-3.</p><p>Nº 3.977 Designar a Auditora-Fiscal da Receita Federal do Brasil FRINEIA MARTINS PIO ZORZI, matrícula SiapeCad nº 01220576, para exercer a Função Gratificada de Assistente da Delegacia Especial da Receita Federal do Brasil de Administração Tributária em São Paulo (SP), Código FG-3.</p><p>Nº 3.978 Designar a Analista-Tributário da Receita Federal do Brasil AMELIA YURICO GINOZA, matrícula SiapeCad nº 00087558, para exercer a Função Gratificada de Chefe da Equipe de Tecnologia e Segurança da Informação 1 - ETI1 da Delegacia Especial da Receita Federal do Brasil de Administração Tributária em São Paulo (SP), Código FG-1.</p><p>Nº 3.979 Designar a Analista-Tributário da Receita Federal do Brasil DANIELA GARBOCI TURCI, matrícula SiapeCad nº 01811646, para exercer a Função Gratificada de Chefe da Equipe de Tecnologia e Segurança da Informação 2 - ETI2 da Delegacia Especial da Receita Federal do Brasil de Administração Tributária em São Paulo (SP), Código FG-3.</p><p>Nº 3.980 Designar a Analista-Tributário da Receita Federal do Brasil PAULA MONTENEGRO NEVES DA SILVA, matrícula SiapeCad nº 00065467, para exercer a Função Gratificada de Chefe da Equipe de Tecnologia e Segurança da Informação 3 - ETI3 da Delegacia Especial da Receita Federal do Brasil de Administração Tributária em São Paulo (SP), Código FG-3.</p><p>Nº 3.981 Designar o Analista-Tributário da Receita Federal do Brasil PEDRO LUIZ SANTOS CRUZ BERNARDO, matrícula SiapeCad nº 00027120, para exercer a Função Gratificada de Chefe da Equipe de Gestão de Pessoas 1 da Delegacia Especial da Receita Federal do Brasil de Administração Tributária em São Paulo (SP), Código FG-1.</p><p>Nº 3.982 Designar o Analista Técnico-Administrativo FLAVIO APARECIDO CACHONI CUNHA, matrícula SiapeCad nº 01902511, para exercer a Função Gratificada de Chefe da Equipe de Gestão de Pessoas 2 da Delegacia Especial da Receita Federal do Brasil de Administração Tributária em São Paulo (SP), Código FG-3.</p><p>Nº 3.983 Designar a Técnico do Seguro Social ANA PAULA DOMINGUES MOREIRA, matrícula SiapeCad nº 01191886, para exercer a Função Gratificada de Chefe da Equipe de Gestão de Pessoas 4 - EGP4 da Delegacia Especial da Receita Federal do Brasil de Administração Tributária em São Paulo (SP), Código FG-3.</p><p>Nº 3.984 Designar o Auditor-Fiscal da Receita Federal do Brasil ALEXANDRE SANTOS FIGUEIREDO, matrícula SiapeCad nº 00087593, para exercer a Função Gratificada de Chefe da Equipe de Fiscalização - EFI/3 da Delegacia Especial da Receita Federal do Brasil de Maiores Contribuintes em São Paulo (SP), Código FG-1.</p><p> Nº 3.985 Designar o Auditor-Fiscal da Receita Federal do Brasil MARCELO LUDOLF DE ALMEIDA CARVALHO, matrícula SiapeCad nº 01293998, para exercer a Função Gratificada de Chefe da Equipe de Fiscalização - EFI/4 da Delegacia Especial da Receita Federal do Brasil de Maiores Contribuintes em São Paulo (SP), Código FG-1.</p><p>Nº 3.986 Designar o Analista-Tributário da Receita Federal do Brasil ARLINDO CESAR BARROS, matrícula SiapeCad nº 01811902, para exercer a Função Gratificada de Chefe da Equipe de Logística 1 - ELG1 da Delegacia Especial da Receita Federal do Brasil de Maiores Contribuintes em São Paulo (SP), Código FG-1.</p><p>Nº 3.987 Designar o Analista-Tributário da Receita Federal do Brasil JOHNNY TAKARA FURUSATO, matrícula SiapeCad nº 01303842, para exercer a Função Gratificada de Chefe da Equipe de Tecnologia e Segurança da Informação 1 - ETI1 da Delegacia Especial da Receita Federal do Brasil de Maiores Contribuintes em São Paulo (SP), Código FG-1.</p><p>Nº 3.988 Designar a Analista-Tributário da Receita Federal do Brasil CLAUDIA NOGUEIRA, matrícula SiapeCad nº 00024949, para exercer a Função Gratificada de Chefe da Equipe de Gestão de Pessoas 1 - EGP1 da Delegacia Especial da Receita Federal do Brasil de Maiores Contribuintes em São Paulo (SP), Código FG-1.</p><p>Nº 3.989 Designar a Auditora-Fiscal da Receita Federal do Brasil THAIS REGINA RUBIRA PARENTE, matrícula SiapeCad nº 00880971, para exercer o encargo de Substituto Eventual do Chefe da Divisão de Fiscalização - Difis/1 da Delegacia Especial da Receita Federal do Brasil de Fiscalização em São Paulo (SP), Código FCPE-101.2.</p><p>Nº 3.990 Designar a Auditora-Fiscal da Receita Federal do Brasil ESTHER ANTONIOLI GUIMARAES MARTINS, matrícula SiapeCad nº 00865569, para exercer a Função Comissionada do Poder Executivo de Chefe da Divisão de Fiscalização - Difis/2 da Delegacia Especial da Receita Federal do Brasil de Fiscalização em São Paulo (SP), Código FCPE-101.2.</p><p>Nº 3.991 Designar o Auditor-Fiscal da Receita Federal do Brasil FERNANDO SHIOTA, matrícula SiapeCad nº 01571901, para exercer o encargo de Substituto Eventual do Chefe da Divisão de Fiscalização - Difis/2 da Delegacia Especial da Receita Federal do Brasil de Fiscalização em São Paulo (SP), Código FCPE-101.2.</p><p>Nº 3.992 Designar o Auditor-Fiscal da Receita Federal do Brasil DESILIO ANTONIO COMIRAN, matrícula SiapeCad nº 00865531, para exercer a Função Gratificada de Chefe da Seção de Programação, Avaliação e Controle da Atividade Fiscal - Sapac da Delegacia Especial da Receita Federal do Brasil de Fiscalização em São Paulo (SP), Código FG-1.</p><p>Nº 3.993 Designar o Analista-Tributário da Receita Federal do Brasil CARLOS EDUARDO BARBIERI, matrícula SiapeCad nº 01571932, para exercer a Função Comissionada do Poder Executivo de Chefe do Serviço de Programação e Logística - Sepol da Delegacia Especial da Receita Federal do Brasil de Fiscalização em São Paulo (SP), Código FCPE-101.1.</p><p>Nº 3.994 Designar o Analista-Tributário da Receita Federal do Brasil ALEX IURI MORETTI VILACA, matrícula SiapeCad nº 01572386, para exercer o encargo de Substituto Eventual do Chefe do Serviço de Programação e Logística - Sepol da Delegacia Especial da Receita Federal do Brasil de Fiscalização em São Paulo (SP), Código FCPE-101.1.</p><p>Nº 3.995 Designar a Analista-Tributário da Receita Federal do Brasil ROSANA CHAVES DE SOUZA SILVA, matrícula SiapeCad nº 01213672, para exercer a Função Comissionada do Poder Executivo de Chefe do Serviço de Tecnologia e Segurança da Informação - Setec da Delegacia Especial da Receita Federal do Brasil de Fiscalização em São Paulo (SP), Código FCPE-101.1.</p><p>Nº 3.996 Designar o Analista-Tributário da Receita Federal do Brasil NELSON ELIZEU DIAS, matrícula SiapeCad nº 01813304, para exercer o encargo de Substituto Eventual do Chefe do Serviço de Tecnologia e Segurança da Informação - Setec da Delegacia Especial da Receita Federal do Brasil de Fiscalização em São Paulo (SP), Código FCPE-101.1.</p><p>Nº 3.997 Designar o Analista-Tributário da Receita Federal do Brasil RAFAEL ARAUJO OLIVEIRA GOMES, matrícula SiapeCad nº 01878138, para exercer a Função Comissionada do Poder Executivo de Chefe do Serviço de Gestão de Pessoas - Segep da Delegacia Especial da Receita Federal do Brasil de Fiscalização em São Paulo (SP), Código FCPE-101.1.</p><p>Nº 3.998 Designar a Analista-Tributário da Receita Federal do Brasil CATARINA LINS COSTA, matrícula SiapeCad nº 01812025, para exercer o encargo de Substituto Eventual do Chefe do Serviço de Gestão de Pessoas - Segep da Delegacia Especial da Receita Federal do Brasil de Fiscalização em São Paulo (SP), Código FCPE-101.1.</p><p>Nº 3.999 Designar o Auditor-Fiscal da Receita Federal do Brasil HEIDIR RODRIGO ARISSA SARTO, matrícula SiapeCad nº 01217421, para exercer a Função Comissionada do Poder Executivo de Chefe da Equipe de Fiscalização - EFI/2 da Delegacia Especial da Receita Federal do Brasil de Fiscalização em São Paulo (SP), Código FCPE-101.1.</p><p>Nº 4.000 Designar o Auditor-Fiscal da Receita Federal do Brasil JACKSON ESSOUDRY, matrícula SiapeCad nº 00017660, para exercer o encargo de Substituto Eventual do Chefe da Equipe de Fiscalização - EFI/2 da Delegacia Especial da Receita Federal do Brasil de Fiscalização em São Paulo (SP), Código FCPE-101.1.</p><p>Nº 4.001 Designar a Auditora-Fiscal da Receita Federal do Brasil THAIS REGINA RUBIRA PARENTE, matrícula SiapeCad nº 00880971, para exercer a Função Comissionada do Poder Executivo de Chefe da Equipe de Fiscalização - EFI/3 da Delegacia Especial da Receita Federal do Brasil de Fiscalização em São Paulo (SP), Código FCPE-101.1.</p><p>Nº 4.002 Designar o Auditor-Fiscal da Receita Federal do Brasil MILTON APARECIDO GUIMARAES, matrícula SiapeCad nº 00880984, para exercer a Função Comissionada do Poder Executivo de Chefe da Equipe de Fiscalização - EFI/4 da Delegacia Especial da Receita Federal do Brasil de Fiscalização em São Paulo (SP), Código FCPE-101.1.</p><p>Nº 4.003 Designar o Auditor-Fiscal da Receita Federal do Brasil FERNANDO DE FIGUEIREDO PEREIRA, matrícula SiapeCad nº 00880870, para exercer o encargo de Substituto Eventual do Chefe da Equipe de Fiscalização - EFI/4 da Delegacia Especial da Receita Federal do Brasil de Fiscalização em São Paulo (SP), Código FCPE-101.1.</p><p>Nº 4.004 Designar o Auditor-Fiscal da Receita Federal do Brasil FERNANDO SHIOTA, matrícula SiapeCad nº 01571901, para exercer a Função Comissionada do Poder Executivo de Chefe da Equipe de Fiscalização - EFI/5 da Delegacia Especial da Receita Federal do Brasil de Fiscalização em São Paulo (SP), Código FCPE-101.1.</p><p>Nº 4.005 Designar o Auditor-Fiscal da Receita Federal do Brasil CLEBER RAMOS DA SILVA, matrícula SiapeCad nº 00803931, para exercer o encargo de Substituto Eventual do Chefe da Equipe de Fiscalização - EFI/5 da Delegacia Especial da Receita Federal do Brasil de Fiscalização em São Paulo (SP), Código FCPE-101.1.</p><p>Nº 4.006 Designar o Auditor-Fiscal da Receita Federal do Brasil ALEX SANDER RAMOS, matrícula SiapeCad nº 01217402, para exercer a Função Comissionada do Poder Executivo de Chefe da Equipe de Fiscalização - EFI/6 da Delegacia Especial da Receita Federal do Brasil de Fiscalização em São Paulo (SP), Código FCPE-101.1.</p><p>Nº 4.007 Designar o Auditor-Fiscal da Receita Federal do Brasil TADEU FERREIRA DE ALMEIDA, matrícula SiapeCad nº 00880243, para exercer o encargo de Substituto Eventual do Chefe da Equipe de Fiscalização - EFI/6 da Delegacia Especial da Receita Federal do Brasil de Fiscalização em São Paulo (SP), Código FCPE-101.1.</p><p>Nº 4.008 Designar o Auditor-Fiscal da Receita Federal do Brasil TULIO TOKIO TAKAGI, matrícula SiapeCad nº 00019125, para exercer a Função Gratificada de Chefe da Equipe de Fiscalização - EFI/15 da Delegacia Especial da Receita Federal do Brasil de Fiscalização em São Paulo (SP), Código FG-1.</p><p>Nº 4.009 Designar o Auditor-Fiscal da Receita Federal do Brasil ANTONIO TAVARES DE LIMA, matrícula SiapeCad nº 00009793, para exercer a Função Gratificada de Chefe da Equipe de Fiscalização - EFI/16 da Delegacia Especial da Receita Federal do Brasil de Fiscalização em São Paulo (SP), Código FG-1.</p><p>Nº 4.010 Designar o Auditor-Fiscal da Receita Federal do Brasil ALMIR GAZOLA, matrícula SiapeCad nº 00063831, para exercer a Função Gratificada de Chefe da Equipe de Fiscalização - EFI/17 da Delegacia Especial da Receita Federal do Brasil de Fiscalização em São Paulo (SP), Código FG-1.</p><p>Nº 4.011 Designar o Auditor-Fiscal da Receita Federal do Brasil FERNANDO GONCALVES ROSA, matrícula SiapeCad nº 00017343, para exercer a Função Gratificada de Chefe da Equipe de Fiscalização - EFI/18 da Delegacia Especial da Receita Federal do Brasil de Fiscalização em São Paulo (SP), Código FG-1.</p><p>Nº 4.012 Designar a Auditora-Fiscal da Receita Federal do Brasil IRACI SATOMI UNO, matrícula SiapeCad nº 00877601, para exercer a Função Gratificada de Chefe da Equipe de Fiscalização - EFI/19 da Delegacia Especial da Receita Federal do Brasil de Fiscalização em São Paulo (SP), Código FG-1.</p><p>Nº 4.013 Designar a Auditora-Fiscal da Receita Federal do Brasil THAIS TRINDADE COUTINHO, matrícula SiapeCad nº 01320418, para exercer a Função Gratificada de Chefe da Seção de Programação, Avaliação e Controle da Atividade Fiscal - Sapac da Delegacia Especial da Receita Federal do Brasil de Pessoas Físicas em São Paulo (SP), Código FG-1.</p><p>Nº 4.014 Designar a Auditora-Fiscal da Receita Federal do Brasil LOUISE ORDINE ARAUJO, matrícula SiapeCad nº 01291716, para exercer a Função Comissionada do Poder Executivo de Chefe da Divisão de Controle e Acompanhamento Tributário - Dicat da Delegacia Especial da Receita Federal do Brasil de Pessoas Físicas em São Paulo (SP), Código FCPE-101.2.</p><p> Nº 4.015 Designar o Auditor-Fiscal da Receita Federal do Brasil ALEXANDRE WEBER VASCONCELOS DE ALENCAR, matrícula SiapeCad nº 01294530, para exercer o encargo de Substituto Eventual do Chefe da Divisão de Controle e Acompanhamento Tributário - Dicat da Delegacia Especial da Receita Federal do Brasil de Pessoas Físicas em São Paulo (SP), Código FCPE-101.2.</p><p>Nº 4.016 Designar o Auditor-Fiscal da Receita Federal do Brasil FAUSTO YOSHIO MURAMOTO, matrícula SiapeCad nº 00024649, para exercer a Função Comissionada do Poder Executivo de Chefe da Divisão de Fiscalização 1 - Difis1 da Delegacia Especial da Receita Federal do Brasil de Pessoas Físicas em São Paulo (SP), Código FCPE-101.2.</p><p>Nº 4.017 Designar o Auditor-Fiscal da Receita Federal do Brasil PAULO ALBERTO LEMOS DE BONIS, matrícula SiapeCad nº 00025715, para exercer o encargo de Substituto Eventual do Chefe da Divisão de Fiscalização 1 - Difis1 da Delegacia Especial da Receita Federal do Brasil de Pessoas Físicas em São Paulo (SP), Código FCPE-101.2.</p>]]></Texto>
    <Autores>
      <assina>JORGE ANTONIO DEHER RACHID</assina>
    </Autores>
  </body>
</article></xml>