﻿<xml><article id="965794" name="PORTARIA 115 DE 22-12-17" idOficio="4626219" pubName="DO2" artType="Portaria" pubDate="02/01/2018" artClass="00009:00001:00000:00000:00000:00000:00000:00000:00000:00000:00025:00001" artSection="Ministério da Cultura" artCategory="Gabinete do Ministro" artSize="8" artNotes="" numberPage="2-9" pdfPage="http://pesquisa.in.gov.br/imprensa/jsp/visualiza/index.jsp?data=02/01/2018&amp;jornal=529&amp;pagina=2,http://pesquisa.in.gov.br/imprensa/jsp/visualiza/index.jsp?data=02/01/2018&amp;jornal=529&amp;pagina=9" editionNumber="1">
  <body>
    <Identifica><![CDATA[PORTARIA Nº 115, DE 22 DE DEZEMBRO DE 2017]]></Identifica>
    <Data><![CDATA[]]></Data>
    <Ementa />
    <Titulo />
    <SubTitulo />
    <Texto><![CDATA[<p> O MINISTRO DE ESTADO DA CULTURA, no uso das atribuições conferidas pelo inciso I do parágrafo único do art. 87 da Constituição, com competências previstas no art. 173, do Decreto-Lei nº 200, de 25 de fevereiro de 1967, no art. 1º, do Decreto nº 83.840, de 14 de agosto de 1979, e tendo em vista o que consta no Processo nº 01400.032242/2017-79, resolve:</p><p>Art. 1º Conceder Aposentadoria voluntária a servidora ANA MARIA MOREIRA DE ALVARENGA, matrícula SIAPE nº 0456849, ocupante do cargo de Agente Administrativo, Classe "S", Padrão III, do Quadro de Pessoal Permanente deste Ministério, nos termos do art. 3º, incisos I, II e III da Emenda Constitucional nº 47, de 05 de julho de 2005, publicado no D.O.U. de 06 de julho de 2005, c/c o art. 40, §18 da Constituição Federal de 1988, com redação dada pela Emenda Constitucional nº 41, de 19 de dezembro de 2003, publicado no D.O.U. de 31/12/2003.</p><p>Art. 2º Declarar vago o cargo acima mencionado.</p><p>Art. 3º Esta Portaria entra em vigor na data de sua publicação.</p>]]></Texto>
    <Autores>
      <assina>SÉRGIO HENRIQUE SÁ LEITÃO FILHO</assina>
    </Autores>
  </body>
</article></xml>