﻿<xml><article id="962678" name="Retificação da Portaria 4671" idOficio="4625865" pubName="DO2" artType="Portaria" pubDate="02/01/2018" artClass="00031:00002:00000:00000:00000:00000:00000:00000:00000:00000:00025:00003" artSection="Ministério dos Transportes, Portos e Aviação Civil" artCategory="Secretaria Executiva" artSize="8" artNotes="" numberPage="137" pdfPage="http://pesquisa.in.gov.br/imprensa/jsp/visualiza/index.jsp?data=02/01/2018&amp;jornal=529&amp;pagina=137" editionNumber="1">
  <body>
    <Identifica><![CDATA[RETIFICAÇÃO]]></Identifica>
    <Data><![CDATA[]]></Data>
    <Ementa />
    <Titulo />
    <SubTitulo />
    <Texto><![CDATA[<p> Na Portaria nº 4.671 de 7 de dezembro de 2017, publicada no Diário Oficial nº 237, de 12 de dezembro de 2017, Seção 2, Pág. 36, onde-se lê: "... Coordenador-Geral de Facilitação do Transporte Aéreo, código DAS 101.4, do Departamento de Planejamento e Gestão Aeroportuária, da Secretaria Nacional de Aviação Civil deste Ministério, ...", leia-se: "... Diretor do Departamento de Planejamento e Gestão Aeroportuária, código DAS 101.5, da Secretaria Nacional de Aviação Civil do Ministério dos Transportes, Portos e Aviação Civil, ..."</p>]]></Texto>
    <Autores />
  </body>
</article></xml>