﻿<xml><article id="963667" name="Retificação - CARMEN SILVANA FRE" idOficio="4625954" pubName="DO2" artType="Portaria" pubDate="02/01/2018" artClass="00015:00032:00015:00000:00000:00000:00000:00000:00000:00000:00025:00006" artSection="Serviço de Aposentadorias e Pensões" artCategory="Serviço de Aposentadorias e Pensões" artSize="8" artNotes="" numberPage="114" pdfPage="http://pesquisa.in.gov.br/imprensa/jsp/visualiza/index.jsp?data=02/01/2018&amp;jornal=529&amp;pagina=114" editionNumber="1">
  <body>
    <Identifica><![CDATA[RETIFICAÇÃO]]></Identifica>
    <Data><![CDATA[]]></Data>
    <Ementa />
    <Titulo />
    <SubTitulo />
    <Texto><![CDATA[<p> Na Portaria  de cancelamento de pensão estatutária de CARMEN SILVANA FREITAS DE MELLO, matrícula SIAPE nº 1.446.134, onde se lê: Portaria nº 7.154, de 14 de dezembro de 2017, leia-se: Portaria nº 7.153, de 14 de dezembro de 2017.</p>]]></Texto>
    <Autores />
  </body>
</article></xml>