﻿<xml><article id="962642" name="(Port. nº 2526-2527-SEI-SE) CREI" idOficio="4625847" pubName="DO2" artType="Portaria" pubDate="02/01/2018" artClass="00013:00002:00000:00000:00000:00000:00000:00000:00000:00000:00025:00002" artSection="Ministério da Indústria, Comércio Exterior e Serviços" artCategory="Secretaria Executiva" artSize="8" artNotes="" numberPage="110" pdfPage="http://pesquisa.in.gov.br/imprensa/jsp/visualiza/index.jsp?data=02/01/2018&amp;jornal=529&amp;pagina=110" editionNumber="1">
  <body>
    <Identifica><![CDATA[PORTARIAS DE 27 DE DEZEMBRO DE 2017]]></Identifica>
    <Data><![CDATA[]]></Data>
    <Ementa />
    <Titulo />
    <SubTitulo />
    <Texto><![CDATA[<p> O SECRETÁRIO-EXECUTIVO DO MINISTÉRIO DA INDÚSTRIA, COMÉRCIO EXTERIOR E SERVIÇOS, no uso da competência que lhe foi subdelegada pela Portaria GM/MDIC no  305, de 1o de novembro de 2016, e tendo em vista o disposto no Decreto no 8.917, de 29 de novembro de 2016, com suas alterações, e na Lei no 8.112, de 11 de dezembro de 1990, resolve:</p><p>Nº 2.526-SEI Designar CREISON SOUZA PINHEIRO para exercer a Função Comissionada do Poder Executivo de Coordenador, código FCPE 101.3, da Coordenação-Geral de Recursos Logísticos da Subsecretaria de Planejamento, Orçamento e Administração deste Ministério, ficando, em consequência, dispensado da função que atualmente ocupa.</p><p>Nº 2.527-SEI Designar DANIEL ARAUJO BATISTA para exercer a Função Comissionada do Poder Executivo de Chefe de Divisão, código FCPE 101.2, da Coordenação-Geral de Recursos Logísticos da Subsecretaria de Planejamento, Orçamento e Administração deste Ministério, ficando, em consequência, dispensado da função que atualmente ocupa.</p>]]></Texto>
    <Autores>
      <assina>MARCOS JORGE DE LIMA</assina>
    </Autores>
  </body>
</article></xml>