﻿<xml><article id="963865" name="Portaria 1542 UNILAB" idOficio="4625967" pubName="DO2" artType="Portaria" pubDate="02/01/2018" artClass="00011:00142:00000:00000:00000:00000:00000:00000:00000:00000:00025:00001" artSection="Ministério da Educação" artCategory="Universidade da Integração Internacional da Lusofonia Afro-Brasileira" artSize="8" artNotes="" numberPage="37" pdfPage="http://pesquisa.in.gov.br/imprensa/jsp/visualiza/index.jsp?data=02/01/2018&amp;jornal=529&amp;pagina=37" editionNumber="1">
  <body>
    <Identifica><![CDATA[PORTARIA Nº 1.542, DE 28 DE DEZEMBRO DE 2017.]]></Identifica>
    <Data><![CDATA[]]></Data>
    <Ementa />
    <Titulo />
    <SubTitulo />
    <Texto><![CDATA[<p> </p><p> A VICE-REITORA PRO TEMPORE DA UNIVERSIDADE DA INTEGRAÇÃO INTERNACIONAL DA LUSOFONIA AFRO-BRASILEIRA NO EXERCICIO DA REITORIA, no uso de suas atribuições legais e de acordo com a Lei nº 12.289, de 20 de julho de 2010, a Portaria nº 628, de 16 de maio de 2017, publicada no DOU de 17 de maio de 2017, do Ministério da Educação, resolve,</p><p>Art.1º Designar o servidor GUSTAVO ALVES DE LIMA HENN, matrícula SIAPE nº 1854423, para assumir a função de Pró-Reitor de Graduação, código CD-02, nos afastamentos ou impedimentos legais e regulares da titular, ANDREA GOMES LINARD, matrícula SIAPE nº 2695865.</p><p>Art. 2º Revogar a Portaria GR Nº 364, de 12 de abril de 2016, publicada no Diário Oficial da União de 13 de abril de 2016.</p><p>Art. 3º Esta portaria entra em vigor a partir de sua publicação.</p><p> </p>]]></Texto>
    <Autores>
      <assina>Lorita Marlena Freitag Pagliuca</assina>
    </Autores>
  </body>
</article></xml>