﻿<xml><article id="965405" name="PT 50 SANTA MARIA" idOficio="4626168" pubName="DO2" artType="Portaria" pubDate="02/01/2018" artClass="00022:00029:00241:00021:00022:00000:00000:00000:00000:00000:00025:00001" artSection="Seção Operacional da Gestão de Pessoas" artCategory="Seção Operacional da Gestão de Pessoas" artSize="8" artNotes="" numberPage="129" pdfPage="http://pesquisa.in.gov.br/imprensa/jsp/visualiza/index.jsp?data=02/01/2018&amp;jornal=529&amp;pagina=129" editionNumber="1">
  <body>
    <Identifica><![CDATA[PORTARIA Nº 50, DE 29 DE DEZEMBRO DE 2017]]></Identifica>
    <Data><![CDATA[]]></Data>
    <Ementa />
    <Titulo />
    <SubTitulo />
    <Texto><![CDATA[<p> </p><p> O Chefe da Seção Operacional da Gestão de Pessoas da Gerência Executiva do INSS em Santa Maria - RS, no uso das atribuições conferidas pelo Inciso I do Artigo 235 da Portaria MDS Nº 414, de 28-09-2017, publicada no DOU 188-A de 29/9/2017, que aprova o Regimento Interno do INSS e de acordo com a legislação vigente, resolve: </p><p> CONCEDER Aposentadoria Voluntária integral, ao servidor PAULO CELSO MEIRA NUNES, matrícula SIAPE n° 0566484, ocupante do cargo de Técnico do Seguro Social, Nível "NI", classe "S", padrão IV, pertencente ao Quadro de Pessoal do Instituto Nacional do Seguro Social com base no art.3º da Emenda Constitucional 47/2005. Observando o contido no Processo nº 35280.000391/2017-02 e declarando, em consequência, o referido cargo vago. </p><p> </p>]]></Texto>
    <Autores>
      <assina>LUIS FELIPE TEIXEIRA CAURIO</assina>
    </Autores>
  </body>
</article></xml>