﻿<xml><article id="965482" name="PT 100 CURITIBA" idOficio="4626168" pubName="DO2" artType="Portaria" pubDate="02/01/2018" artClass="00022:00029:00241:00021:00022:00000:00000:00000:00000:00000:00025:00002" artSection="Seção Operacional da Gestão de Pessoas" artCategory="Seção Operacional da Gestão de Pessoas" artSize="8" artNotes="" numberPage="129" pdfPage="http://pesquisa.in.gov.br/imprensa/jsp/visualiza/index.jsp?data=02/01/2018&amp;jornal=529&amp;pagina=129" editionNumber="1">
  <body>
    <Identifica><![CDATA[PORTARIA Nº 100, DE 29 DE DEZEMBRO DE 2017]]></Identifica>
    <Data><![CDATA[]]></Data>
    <Ementa />
    <Titulo />
    <SubTitulo />
    <Texto><![CDATA[<p> </p><p> O CHEFE DO SERVIÇO DE ADMINISTRAÇÃO NA GERÊNCIA EXECUTIVA EM CURITIBA - PARANÁ, no uso da competência conferida pelo art. 235 do Regimento Interno, aprovado pela PT/MDS nº 414, de 28/09/2017, publicada no DOU nº 188-A, de 29/09/2017, e considerando o contido no Processo nº 35183.002317/2017-11,  resolve:</p><p>Conceder aposentadoria voluntária integral ao servidor JAIME LUIZ PAIANO, matrícula SIAPE nº 0901256, ocupante do cargo efetivo de Agente de Serviços Diversos, NI-434550, classe S, padrão IV, do Quadro de Pessoal Permanente do Instituto Nacional do Seguro Social (código da vaga 0523351), com fundamento no art. 3º da Emenda Constitucional nº 47/2005, combinado com o art. 62-A da Lei nº 8.112/90, acrescido de 16% (dezesseis por cento) de adicional por tempo de serviço e demais vantagens a que faz jus. Em consequência declaro vago o referido cargo.</p><p> </p>]]></Texto>
    <Autores>
      <assina>ANTONIO MARCOS RIBEIRO</assina>
    </Autores>
  </body>
</article></xml>